Starting Dynare (version 6.1).
Calling Dynare with arguments: -ID:\2025-03_eagle/eagleParsingTemp/submodules savemacro json=compute
Starting preprocessing of the model file ... 
Reading eagle_steady_stage_trade.txt. 
WARNING: Unknown symbol AUX_ENDO_LAG_429_1 in eagle_steady_stage_trade.txt 
WARNING: Unknown symbol AUX_ENDO_LAG_429_2 in eagle_steady_stage_trade.txt 
WARNING: Unknown symbol AUX_ENDO_LAG_429_3 in eagle_steady_stage_trade.txt 
WARNING: Unknown symbol AUX_ENDO_LAG_413_1 in eagle_steady_stage_trade.txt 
WARNING: Unknown symbol AUX_ENDO_LAG_413_2 in eagle_steady_stage_trade.txt 
WARNING: Unknown symbol AUX_ENDO_LAG_413_3 in eagle_steady_stage_trade.txt 
WARNING: Unknown symbol AUX_ENDO_LAG_394_1 in eagle_steady_stage_trade.txt 
WARNING: Unknown symbol AUX_ENDO_LAG_495_1 in eagle_steady_stage_trade.txt 
WARNING: Unknown symbol AUX_ENDO_LAG_495_2 in eagle_steady_stage_trade.txt 
WARNING: Unknown symbol AUX_ENDO_LAG_495_3 in eagle_steady_stage_trade.txt 
WARNING: Unknown symbol AUX_ENDO_LAG_1070_1 in eagle_steady_stage_trade.txt 
WARNING: Unknown symbol AUX_ENDO_LAG_1070_2 in eagle_steady_stage_trade.txt 
WARNING: Unknown symbol AUX_ENDO_LAG_1070_3 in eagle_steady_stage_trade.txt 
WARNING: Unknown symbol AUX_ENDO_LAG_1054_1 in eagle_steady_stage_trade.txt 
WARNING: Unknown symbol AUX_ENDO_LAG_1054_2 in eagle_steady_stage_trade.txt 
WARNING: Unknown symbol AUX_ENDO_LAG_1054_3 in eagle_steady_stage_trade.txt 
WARNING: Unknown symbol AUX_ENDO_LAG_1035_1 in eagle_steady_stage_trade.txt 
WARNING: Unknown symbol AUX_ENDO_LAG_1136_1 in eagle_steady_stage_trade.txt 
WARNING: Unknown symbol AUX_ENDO_LAG_1136_2 in eagle_steady_stage_trade.txt 
WARNING: Unknown symbol AUX_ENDO_LAG_1136_3 in eagle_steady_stage_trade.txt 
WARNING: Unknown symbol AUX_ENDO_LAG_1711_1 in eagle_steady_stage_trade.txt 
WARNING: Unknown symbol AUX_ENDO_LAG_1711_2 in eagle_steady_stage_trade.txt 
WARNING: Unknown symbol AUX_ENDO_LAG_1711_3 in eagle_steady_stage_trade.txt 
WARNING: Unknown symbol AUX_ENDO_LAG_1695_1 in eagle_steady_stage_trade.txt 
WARNING: Unknown symbol AUX_ENDO_LAG_1695_2 in eagle_steady_stage_trade.txt 
WARNING: Unknown symbol AUX_ENDO_LAG_1695_3 in eagle_steady_stage_trade.txt 
WARNING: Unknown symbol AUX_ENDO_LAG_1676_1 in eagle_steady_stage_trade.txt 
WARNING: Unknown symbol AUX_ENDO_LAG_1777_1 in eagle_steady_stage_trade.txt 
WARNING: Unknown symbol AUX_ENDO_LAG_1777_2 in eagle_steady_stage_trade.txt 
WARNING: Unknown symbol AUX_ENDO_LAG_1777_3 in eagle_steady_stage_trade.txt 
WARNING: Unknown symbol AUX_ENDO_LAG_2352_1 in eagle_steady_stage_trade.txt 
WARNING: Unknown symbol AUX_ENDO_LAG_2352_2 in eagle_steady_stage_trade.txt 
WARNING: Unknown symbol AUX_ENDO_LAG_2352_3 in eagle_steady_stage_trade.txt 
WARNING: Unknown symbol AUX_ENDO_LAG_2336_1 in eagle_steady_stage_trade.txt 
WARNING: Unknown symbol AUX_ENDO_LAG_2336_2 in eagle_steady_stage_trade.txt 
WARNING: Unknown symbol AUX_ENDO_LAG_2336_3 in eagle_steady_stage_trade.txt 
WARNING: Unknown symbol AUX_ENDO_LAG_2317_1 in eagle_steady_stage_trade.txt 
WARNING: Unknown symbol AUX_ENDO_LAG_2418_1 in eagle_steady_stage_trade.txt 
WARNING: Unknown symbol AUX_ENDO_LAG_2418_2 in eagle_steady_stage_trade.txt 
WARNING: Unknown symbol AUX_ENDO_LAG_2418_3 in eagle_steady_stage_trade.txt 
WARNING: Unknown symbol AUX_ENDO_LAG_2993_1 in eagle_steady_stage_trade.txt 
WARNING: Unknown symbol AUX_ENDO_LAG_2993_2 in eagle_steady_stage_trade.txt 
WARNING: Unknown symbol AUX_ENDO_LAG_2993_3 in eagle_steady_stage_trade.txt 
WARNING: Unknown symbol AUX_ENDO_LAG_2977_1 in eagle_steady_stage_trade.txt 
WARNING: Unknown symbol AUX_ENDO_LAG_2977_2 in eagle_steady_stage_trade.txt 
WARNING: Unknown symbol AUX_ENDO_LAG_2977_3 in eagle_steady_stage_trade.txt 
WARNING: Unknown symbol AUX_ENDO_LAG_2958_1 in eagle_steady_stage_trade.txt 
WARNING: Unknown symbol AUX_ENDO_LAG_3059_1 in eagle_steady_stage_trade.txt 
WARNING: Unknown symbol AUX_ENDO_LAG_3059_2 in eagle_steady_stage_trade.txt 
WARNING: Unknown symbol AUX_ENDO_LAG_3059_3 in eagle_steady_stage_trade.txt 
WARNING: Unknown symbol AUX_ENDO_LAG_3634_1 in eagle_steady_stage_trade.txt 
WARNING: Unknown symbol AUX_ENDO_LAG_3634_2 in eagle_steady_stage_trade.txt 
WARNING: Unknown symbol AUX_ENDO_LAG_3634_3 in eagle_steady_stage_trade.txt 
WARNING: Unknown symbol AUX_ENDO_LAG_3618_1 in eagle_steady_stage_trade.txt 
WARNING: Unknown symbol AUX_ENDO_LAG_3618_2 in eagle_steady_stage_trade.txt 
WARNING: Unknown symbol AUX_ENDO_LAG_3618_3 in eagle_steady_stage_trade.txt 
WARNING: Unknown symbol AUX_ENDO_LAG_3599_1 in eagle_steady_stage_trade.txt 
WARNING: Unknown symbol AUX_ENDO_LAG_3700_1 in eagle_steady_stage_trade.txt 
WARNING: Unknown symbol AUX_ENDO_LAG_3700_2 in eagle_steady_stage_trade.txt 
WARNING: Unknown symbol AUX_ENDO_LAG_3700_3 in eagle_steady_stage_trade.txt 
WARNING: Unknown symbol AUX_ENDO_LAG_4275_1 in eagle_steady_stage_trade.txt 
WARNING: Unknown symbol AUX_ENDO_LAG_4275_2 in eagle_steady_stage_trade.txt 
WARNING: Unknown symbol AUX_ENDO_LAG_4275_3 in eagle_steady_stage_trade.txt 
WARNING: Unknown symbol AUX_ENDO_LAG_4259_1 in eagle_steady_stage_trade.txt 
WARNING: Unknown symbol AUX_ENDO_LAG_4259_2 in eagle_steady_stage_trade.txt 
WARNING: Unknown symbol AUX_ENDO_LAG_4259_3 in eagle_steady_stage_trade.txt 
WARNING: Unknown symbol AUX_ENDO_LAG_4240_1 in eagle_steady_stage_trade.txt 
WARNING: Unknown symbol AUX_ENDO_LAG_4341_1 in eagle_steady_stage_trade.txt 
WARNING: Unknown symbol AUX_ENDO_LAG_4341_2 in eagle_steady_stage_trade.txt 
WARNING: Unknown symbol AUX_ENDO_LAG_4341_3 in eagle_steady_stage_trade.txt 
WARNING: Unknown symbol AUX_ENDO_LAG_4916_1 in eagle_steady_stage_trade.txt 
WARNING: Unknown symbol AUX_ENDO_LAG_4916_2 in eagle_steady_stage_trade.txt 
WARNING: Unknown symbol AUX_ENDO_LAG_4916_3 in eagle_steady_stage_trade.txt 
WARNING: Unknown symbol AUX_ENDO_LAG_4900_1 in eagle_steady_stage_trade.txt 
WARNING: Unknown symbol AUX_ENDO_LAG_4900_2 in eagle_steady_stage_trade.txt 
WARNING: Unknown symbol AUX_ENDO_LAG_4900_3 in eagle_steady_stage_trade.txt 
WARNING: Unknown symbol AUX_ENDO_LAG_4881_1 in eagle_steady_stage_trade.txt 
WARNING: Unknown symbol AUX_ENDO_LAG_4982_1 in eagle_steady_stage_trade.txt 
WARNING: Unknown symbol AUX_ENDO_LAG_4982_2 in eagle_steady_stage_trade.txt 
WARNING: Unknown symbol AUX_ENDO_LAG_4982_3 in eagle_steady_stage_trade.txt 
WARNING: Unknown symbol AUX_ENDO_LAG_5557_1 in eagle_steady_stage_trade.txt 
WARNING: Unknown symbol AUX_ENDO_LAG_5557_2 in eagle_steady_stage_trade.txt 
WARNING: Unknown symbol AUX_ENDO_LAG_5557_3 in eagle_steady_stage_trade.txt 
WARNING: Unknown symbol AUX_ENDO_LAG_5541_1 in eagle_steady_stage_trade.txt 
WARNING: Unknown symbol AUX_ENDO_LAG_5541_2 in eagle_steady_stage_trade.txt 
WARNING: Unknown symbol AUX_ENDO_LAG_5541_3 in eagle_steady_stage_trade.txt 
WARNING: Unknown symbol AUX_ENDO_LAG_5522_1 in eagle_steady_stage_trade.txt 
WARNING: Unknown symbol AUX_ENDO_LAG_5623_1 in eagle_steady_stage_trade.txt 
WARNING: Unknown symbol AUX_ENDO_LAG_5623_2 in eagle_steady_stage_trade.txt 
WARNING: Unknown symbol AUX_ENDO_LAG_5623_3 in eagle_steady_stage_trade.txt 
WARNING: Unknown symbol AUX_ENDO_LAG_6198_1 in eagle_steady_stage_trade.txt 
WARNING: Unknown symbol AUX_ENDO_LAG_6198_2 in eagle_steady_stage_trade.txt 
WARNING: Unknown symbol AUX_ENDO_LAG_6198_3 in eagle_steady_stage_trade.txt 
WARNING: Unknown symbol AUX_ENDO_LAG_6182_1 in eagle_steady_stage_trade.txt 
WARNING: Unknown symbol AUX_ENDO_LAG_6182_2 in eagle_steady_stage_trade.txt 
WARNING: Unknown symbol AUX_ENDO_LAG_6182_3 in eagle_steady_stage_trade.txt 
WARNING: Unknown symbol AUX_ENDO_LAG_6163_1 in eagle_steady_stage_trade.txt 
WARNING: Unknown symbol AUX_ENDO_LAG_6264_1 in eagle_steady_stage_trade.txt 
WARNING: Unknown symbol AUX_ENDO_LAG_6264_2 in eagle_steady_stage_trade.txt 
WARNING: Unknown symbol AUX_ENDO_LAG_6264_3 in eagle_steady_stage_trade.txt 
WARNING: Unknown symbol AUX_ENDO_LAG_6839_1 in eagle_steady_stage_trade.txt 
WARNING: Unknown symbol AUX_ENDO_LAG_6839_2 in eagle_steady_stage_trade.txt 
WARNING: Unknown symbol AUX_ENDO_LAG_6839_3 in eagle_steady_stage_trade.txt 
WARNING: Unknown symbol AUX_ENDO_LAG_6823_1 in eagle_steady_stage_trade.txt 
WARNING: Unknown symbol AUX_ENDO_LAG_6823_2 in eagle_steady_stage_trade.txt 
WARNING: Unknown symbol AUX_ENDO_LAG_6823_3 in eagle_steady_stage_trade.txt 
WARNING: Unknown symbol AUX_ENDO_LAG_6804_1 in eagle_steady_stage_trade.txt 
WARNING: Unknown symbol AUX_ENDO_LAG_6905_1 in eagle_steady_stage_trade.txt 
WARNING: Unknown symbol AUX_ENDO_LAG_6905_2 in eagle_steady_stage_trade.txt 
WARNING: Unknown symbol AUX_ENDO_LAG_6905_3 in eagle_steady_stage_trade.txt 
WARNING: Unknown symbol AUX_ENDO_LAG_7480_1 in eagle_steady_stage_trade.txt 
WARNING: Unknown symbol AUX_ENDO_LAG_7480_2 in eagle_steady_stage_trade.txt 
WARNING: Unknown symbol AUX_ENDO_LAG_7480_3 in eagle_steady_stage_trade.txt 
WARNING: Unknown symbol AUX_ENDO_LAG_7464_1 in eagle_steady_stage_trade.txt 
WARNING: Unknown symbol AUX_ENDO_LAG_7464_2 in eagle_steady_stage_trade.txt 
WARNING: Unknown symbol AUX_ENDO_LAG_7464_3 in eagle_steady_stage_trade.txt 
WARNING: Unknown symbol AUX_ENDO_LAG_7445_1 in eagle_steady_stage_trade.txt 
WARNING: Unknown symbol AUX_ENDO_LAG_7546_1 in eagle_steady_stage_trade.txt 
WARNING: Unknown symbol AUX_ENDO_LAG_7546_2 in eagle_steady_stage_trade.txt 
WARNING: Unknown symbol AUX_ENDO_LAG_7546_3 in eagle_steady_stage_trade.txt 
WARNING: Unknown symbol AUX_ENDO_LAG_8124_1 in eagle_steady_stage_trade.txt 
WARNING: Unknown symbol AUX_ENDO_LAG_8124_2 in eagle_steady_stage_trade.txt 
WARNING: Unknown symbol AUX_ENDO_LAG_8124_3 in eagle_steady_stage_trade.txt 
WARNING: Unknown symbol AUX_ENDO_LAG_8108_1 in eagle_steady_stage_trade.txt 
WARNING: Unknown symbol AUX_ENDO_LAG_8108_2 in eagle_steady_stage_trade.txt 
WARNING: Unknown symbol AUX_ENDO_LAG_8108_3 in eagle_steady_stage_trade.txt 
WARNING: Unknown symbol AUX_ENDO_LAG_8089_1 in eagle_steady_stage_trade.txt 
WARNING: Unknown symbol AUX_ENDO_LAG_8190_1 in eagle_steady_stage_trade.txt 
WARNING: Unknown symbol AUX_ENDO_LAG_8190_2 in eagle_steady_stage_trade.txt 
WARNING: Unknown symbol AUX_ENDO_LAG_8190_3 in eagle_steady_stage_trade.txt 
WARNING: Unknown symbol AUX_ENDO_LAG_8767_1 in eagle_steady_stage_trade.txt 
WARNING: Unknown symbol AUX_ENDO_LAG_8767_2 in eagle_steady_stage_trade.txt 
WARNING: Unknown symbol AUX_ENDO_LAG_8767_3 in eagle_steady_stage_trade.txt 
WARNING: Unknown symbol AUX_ENDO_LAG_8751_1 in eagle_steady_stage_trade.txt 
WARNING: Unknown symbol AUX_ENDO_LAG_8751_2 in eagle_steady_stage_trade.txt 
WARNING: Unknown symbol AUX_ENDO_LAG_8751_3 in eagle_steady_stage_trade.txt 
WARNING: Unknown symbol AUX_ENDO_LAG_8732_1 in eagle_steady_stage_trade.txt 
WARNING: Unknown symbol AUX_ENDO_LAG_8830_1 in eagle_steady_stage_trade.txt 
WARNING: Unknown symbol AUX_ENDO_LAG_8830_2 in eagle_steady_stage_trade.txt 
WARNING: Unknown symbol AUX_ENDO_LAG_8830_3 in eagle_steady_stage_trade.txt 
WARNING: Unknown symbol AUX_ENDO_LAG_274_1 in eagle_steady_stage_trade.txt 
WARNING: Unknown symbol AUX_ENDO_LAG_450_1 in eagle_steady_stage_trade.txt 
WARNING: Unknown symbol AUX_ENDO_LAG_915_1 in eagle_steady_stage_trade.txt 
WARNING: Unknown symbol AUX_ENDO_LAG_1091_1 in eagle_steady_stage_trade.txt 
WARNING: Unknown symbol AUX_ENDO_LAG_1556_1 in eagle_steady_stage_trade.txt 
WARNING: Unknown symbol AUX_ENDO_LAG_1732_1 in eagle_steady_stage_trade.txt 
WARNING: Unknown symbol AUX_ENDO_LAG_2197_1 in eagle_steady_stage_trade.txt 
WARNING: Unknown symbol AUX_ENDO_LAG_2373_1 in eagle_steady_stage_trade.txt 
WARNING: Unknown symbol AUX_ENDO_LAG_2838_1 in eagle_steady_stage_trade.txt 
WARNING: Unknown symbol AUX_ENDO_LAG_3014_1 in eagle_steady_stage_trade.txt 
WARNING: Unknown symbol AUX_ENDO_LAG_3479_1 in eagle_steady_stage_trade.txt 
WARNING: Unknown symbol AUX_ENDO_LAG_3655_1 in eagle_steady_stage_trade.txt 
WARNING: Unknown symbol AUX_ENDO_LAG_4120_1 in eagle_steady_stage_trade.txt 
WARNING: Unknown symbol AUX_ENDO_LAG_4296_1 in eagle_steady_stage_trade.txt 
WARNING: Unknown symbol AUX_ENDO_LAG_4761_1 in eagle_steady_stage_trade.txt 
WARNING: Unknown symbol AUX_ENDO_LAG_4937_1 in eagle_steady_stage_trade.txt 
WARNING: Unknown symbol AUX_ENDO_LAG_5402_1 in eagle_steady_stage_trade.txt 
WARNING: Unknown symbol AUX_ENDO_LAG_5578_1 in eagle_steady_stage_trade.txt 
WARNING: Unknown symbol AUX_ENDO_LAG_6043_1 in eagle_steady_stage_trade.txt 
WARNING: Unknown symbol AUX_ENDO_LAG_6219_1 in eagle_steady_stage_trade.txt 
WARNING: Unknown symbol AUX_ENDO_LAG_6860_1 in eagle_steady_stage_trade.txt 
WARNING: Unknown symbol AUX_ENDO_LAG_3_1 in eagle_steady_stage_trade.txt 
WARNING: Unknown symbol AUX_ENDO_LAG_3_2 in eagle_steady_stage_trade.txt 
WARNING: Unknown symbol AUX_ENDO_LAG_3_3 in eagle_steady_stage_trade.txt 
Substitution of endo lags >= 2: added 220 auxiliary variables and equations. 
Found 7520 equation(s). 
Evaluating expressions... 
Computing static model derivatives (order 1). 
Normalizing the static model... 
Finding the optimal block decomposition of the static model... 
434 block(s) found: 
  429 recursive block(s) and 5 simultaneous block(s). 
  the largest simultaneous block has 2717 equation(s) 
                                 and 2717 feedback variable(s). 
Computing dynamic model derivatives (order 1). 
Normalizing the dynamic model... 
Finding the optimal block decomposition of the dynamic model... 
175 block(s) found: 
  174 recursive block(s) and 1 simultaneous block(s). 
  the largest simultaneous block has 4352 equation(s) 
                                 and 3779 feedback variable(s). 
JSON written after Computing step. 
Preprocessing completed. 
Preprocessing time: 0h01m33s.
MODEL STEADY STATE: (method=Sparse Gaussian Elimination)
------------------------------------
      Iteration no. 1
      Inf-norm error = 2.102e-01
      2-norm error   = 4.812e-01
      1-norm error   = 1.672e+00
------------------------------------
MODEL STEADY STATE: (method=Sparse Gaussian Elimination)
------------------------------------
      Iteration no. 2
      Inf-norm error = 1.825e-01
      2-norm error   = 1.897e-01
      1-norm error   = 2.863e-01
------------------------------------
MODEL STEADY STATE: (method=Sparse Gaussian Elimination)
------------------------------------
      Iteration no. 3
      Inf-norm error = 1.417e-05
      2-norm error   = 1.450e-05
      1-norm error   = 2.058e-05
------------------------------------

STEADY-STATE RESULTS:

EA_bf               		 -20.5869
EA_m                		 1.05813
EA_pic4             		 1.02
EA_y                		 4.83394
EA_ygrowth          		 1
EA_ygrowth4         		 1
EA_z                		 1
RAAT_excy           		 0.00724847
RABE_excy           		 0.00961029
RAES_excy           		 0.0082812
RAFI_excy           		 0.00352803
RAFR_excy           		 0.0217472
RAGR_excy           		 0.00197341
RAIT_excy           		 0.0271834
RANL_excy           		 0.00719781
RAPT_excy           		 0.00143261
RADE_excy           		 0.0410727
RARU_excy           		 0.0282654
RARW_excy           		 0.198817
RAUS_excy           		 0.064428
RAAT_exiy           		 0.0035031
RABE_exiy           		 0.00344356
RAES_exiy           		 0.00457907
RAFI_exiy           		 0.00182851
RAFR_exiy           		 0.00967275
RAGR_exiy           		 0.000559748
RAIT_exiy           		 0.00975318
RANL_exiy           		 0.00378893
RAPT_exiy           		 0.00056231
RADE_exiy           		 0.0189435
RARU_exiy           		 0.0133784
RARW_exiy           		 0.0657622
RAUS_exiy           		 0.0122088
RA_fx               		 10.2042
RAAT_gammaimc       		 0
RABE_gammaimc       		 0
RAES_gammaimc       		 0
RAFI_gammaimc       		 0
RAFR_gammaimc       		 0
RAGR_gammaimc       		 0
RAIT_gammaimc       		 0
RANL_gammaimc       		 0
RAPT_gammaimc       		 0
RADE_gammaimc       		 0
RARU_gammaimc       		 0
RARW_gammaimc       		 0
RAUS_gammaimc       		 0
RAAT_gammaimcdag    		 1
RABE_gammaimcdag    		 1
RAES_gammaimcdag    		 1
RAFI_gammaimcdag    		 1
RAFR_gammaimcdag    		 1
RAGR_gammaimcdag    		 1
RAIT_gammaimcdag    		 1
RANL_gammaimcdag    		 1
RAPT_gammaimcdag    		 1
RADE_gammaimcdag    		 1
RARU_gammaimcdag    		 1
RARW_gammaimcdag    		 1
RAUS_gammaimcdag    		 1
RAAT_gammaimi       		 0
RABE_gammaimi       		 0
RAES_gammaimi       		 0
RAFI_gammaimi       		 0
RAFR_gammaimi       		 0
RAGR_gammaimi       		 0
RAIT_gammaimi       		 0
RANL_gammaimi       		 0
RAPT_gammaimi       		 0
RADE_gammaimi       		 0
RARU_gammaimi       		 0
RARW_gammaimi       		 0
RAUS_gammaimi       		 0
RAAT_gammaimidag    		 1
RABE_gammaimidag    		 1
RAES_gammaimidag    		 1
RAFI_gammaimidag    		 1
RAFR_gammaimidag    		 1
RAGR_gammaimidag    		 1
RAIT_gammaimidag    		 1
RANL_gammaimidag    		 1
RAPT_gammaimidag    		 1
RADE_gammaimidag    		 1
RARU_gammaimidag    		 1
RARW_gammaimidag    		 1
RAUS_gammaimidag    		 1
RAAT_gammaimcg      		 0
RABE_gammaimcg      		 0
RAES_gammaimcg      		 0
RAFI_gammaimcg      		 0
RAFR_gammaimcg      		 0
RAGR_gammaimcg      		 0
RAIT_gammaimcg      		 0
RANL_gammaimcg      		 0
RAPT_gammaimcg      		 0
RADE_gammaimcg      		 0
RARU_gammaimcg      		 0
RARW_gammaimcg      		 0
RAUS_gammaimcg      		 0
RAAT_gammaimcgdag   		 1
RABE_gammaimcgdag   		 1
RAES_gammaimcgdag   		 1
RAFI_gammaimcgdag   		 1
RAFR_gammaimcgdag   		 1
RAGR_gammaimcgdag   		 1
RAIT_gammaimcgdag   		 1
RANL_gammaimcgdag   		 1
RAPT_gammaimcgdag   		 1
RADE_gammaimcgdag   		 1
RARU_gammaimcgdag   		 1
RARW_gammaimcgdag   		 1
RAUS_gammaimcgdag   		 1
RAAT_gammaimig      		 0
RABE_gammaimig      		 0
RAES_gammaimig      		 0
RAFI_gammaimig      		 0
RAFR_gammaimig      		 0
RAGR_gammaimig      		 0
RAIT_gammaimig      		 0
RANL_gammaimig      		 0
RAPT_gammaimig      		 0
RADE_gammaimig      		 0
RARU_gammaimig      		 0
RARW_gammaimig      		 0
RAUS_gammaimig      		 0
RAAT_gammaimigdag   		 1
RABE_gammaimigdag   		 1
RAES_gammaimigdag   		 1
RAFI_gammaimigdag   		 1
RAFR_gammaimigdag   		 1
RAGR_gammaimigdag   		 1
RAIT_gammaimigdag   		 1
RANL_gammaimigdag   		 1
RAPT_gammaimigdag   		 1
RADE_gammaimigdag   		 1
RARU_gammaimigdag   		 1
RARW_gammaimigdag   		 1
RAUS_gammaimigdag   		 1
RA_gx               		 12.245
RAAT_im             		 0.0328142
RABE_im             		 0.0511914
RAES_im             		 0.0396783
RAFI_im             		 0.0167689
RAFR_im             		 0.107715
RAGR_im             		 0.0139291
RAIT_im             		 0.0921139
RANL_im             		 0.0600295
RAPT_im             		 0.00780784
RADE_im             		 0.172708
RARU_im             		 0.156429
RARW_im             		 0.681027
RAUS_im             		 0.270842
RAAT_imc            		 0.0192347
RABE_imc            		 0.0291468
RAES_imc            		 0.0253907
RAFI_imc            		 0.00812235
RAFR_imc            		 0.0504347
RAGR_imc            		 0.0105217
RAIT_imc            		 0.0510765
RANL_imc            		 0.0340276
RAPT_imc            		 0.00569533
RADE_imc            		 0.0852136
RARU_imc            		 0.0920288
RARW_imc            		 0.397293
RAUS_imc            		 0.11461
RAAT_imcy           		 0.00482252
RABE_imcy           		 0.0067718
RAES_imcy           		 0.00564494
RAFI_imcy           		 0.00179852
RAFR_imcy           		 0.01123
RAGR_imcy           		 0.00204103
RAIT_imcy           		 0.0113123
RANL_imcy           		 0.00674719
RAPT_imcy           		 0.00125336
RADE_imcy           		 0.0199087
RARU_imcy           		 0.0201678
RARW_imcy           		 0.0770822
RAUS_imcy           		 0.0217658
RAAT_imi            		 0.0100514
RABE_imi            		 0.0155218
RAES_imi            		 0.0106003
RAFI_imi            		 0.00704387
RAFR_imi            		 0.0473166
RAGR_imi            		 0.00238172
RAIT_imi            		 0.0323614
RANL_imi            		 0.0190886
RAPT_imi            		 0.00154469
RADE_imi            		 0.0701817
RARU_imi            		 0.0484056
RARW_imi            		 0.213571
RAUS_imi            		 0.126695
RAAT_imiy           		 0.00252008
RABE_imiy           		 0.00360625
RAES_imiy           		 0.0023567
RAFI_imiy           		 0.00155971
RAFR_imiy           		 0.0105358
RAGR_imiy           		 0.000462014
RAIT_imiy           		 0.00716735
RANL_imiy           		 0.003785
RAPT_imiy           		 0.000339936
RADE_imiy           		 0.0163967
RARU_imiy           		 0.0106079
RARW_imiy           		 0.0414366
RAUS_imiy           		 0.0240609
RAAT_imcg           		 0.00314136
RABE_imcg           		 0.00592472
RAES_imcg           		 0.00327812
RAFI_imcg           		 0.00133182
RAFR_imcg           		 0.00814091
RAGR_imcg           		 0.000932965
RAIT_imcg           		 0.00743014
RANL_imcg           		 0.00617706
RAPT_imcg           		 0.000508766
RADE_imcg           		 0.0146129
RARU_imcg           		 0.0141292
RARW_imcg           		 0.0619441
RAUS_imcg           		 0.0246589
RAAT_imcgy          		 0.0007876
RABE_imcgy          		 0.00137652
RAES_imcgy          		 0.000728802
RAFI_imcgy          		 0.000294903
RAFR_imcgy          		 0.0018127
RAGR_imcgy          		 0.00018098
RAIT_imcgy          		 0.00164561
RANL_imcgy          		 0.00122482
RAPT_imcgy          		 0.000111963
RADE_imcgy          		 0.00341404
RARU_imcgy          		 0.00309637
RARW_imcgy          		 0.0120183
RAUS_imcgy          		 0.00468303
RAAT_imig           		 0.000386699
RABE_imig           		 0.000598079
RAES_imig           		 0.000409212
RAFI_imig           		 0.000270885
RAFR_imig           		 0.0018231
RAGR_imig           		 9.27831e-05
RAIT_imig           		 0.00124591
RANL_imig           		 0.000736221
RAPT_imig           		 5.90545e-05
RADE_imig           		 0.00270012
RARU_imig           		 0.00186539
RARW_imig           		 0.0082192
RAUS_imig           		 0.00487816
RAAT_imigy          		 9.69529e-05
RABE_imigy          		 0.000138954
RAES_imigy          		 9.09772e-05
RAFI_imigy          		 5.99816e-05
RAFR_imigy          		 0.000405941
RAGR_imigy          		 1.79984e-05
RAIT_imigy          		 0.000275942
RANL_imigy          		 0.000145982
RAPT_imigy          		 1.2996e-05
RADE_imigy          		 0.000630837
RARU_imigy          		 0.000408794
RARW_imigy          		 0.00159468
RAUS_imigy          		 0.000926422
RA_piex             		 1.00496
RA_pextilde         		 0.923153
RAAT_rer            		 1.24325
RABE_rer            		 1.15913
RAES_rer            		 1.14742
RAFI_rer            		 1.13771
RAFR_rer            		 1.14814
RAGR_rer            		 1.03385
RAIT_rer            		 1.14513
RANL_rer            		 1.05977
RAPT_rer            		 1.14262
RADE_rer            		 1.1847
RARU_rer            		 1.13307
RARW_rer            		 0.983247
RAUS_rer            		 0.955683
RA_sx               		 1
RAAT_tot            		 1.31257
RABE_tot            		 1.21632
RAES_tot            		 1.16391
RAFI_tot            		 1.15922
RAFR_tot            		 1.1657
RAGR_tot            		 1.01554
RAIT_tot            		 1.15949
RANL_tot            		 1.03807
RAPT_tot            		 1.1521
RADE_tot            		 1.22312
RARU_tot            		 1.14728
RARW_tot            		 1.01573
RAUS_tot            		 0.994229
RAAT_weight         		 0.0193631
RABE_weight         		 0.0263003
RAES_weight         		 0.0247056
RAFI_weight         		 0.00959161
RAFR_weight         		 0.0603116
RAGR_weight         		 0.00570493
RAIT_weight         		 0.0603483
RANL_weight         		 0.0257168
RAPT_weight         		 0.00419149
RADE_weight         		 0.108267
RARU_weight         		 0.0790407
RARW_weight         		 0.437652
RAUS_weight         		 0.138807
RAAT_weightex       		 0.01717
RABE_weightex       		 0.0222113
RAES_weightex       		 0.0244959
RAFI_weightex       		 0.00906482
RAFR_weightex       		 0.0560159
RAGR_weightex       		 0.0046293
RAIT_weightex       		 0.0616072
RANL_weightex       		 0.0212963
RAPT_weightex       		 0.00381355
RADE_weightex       		 0.104733
RARU_weightex       		 0.0690112
RARW_weightex       		 0.471218
RAUS_weightex       		 0.134734
RAAT_weightim       		 0.0234016
RABE_weightim       		 0.0338304
RAES_weightim       		 0.025092
RAFI_weightim       		 0.0105617
RAFR_weightim       		 0.0682223
RAGR_weightim       		 0.00768573
RAIT_weightim       		 0.05803
RANL_weightim       		 0.0338573
RAPT_weightim       		 0.00488746
RADE_weightim       		 0.114774
RARU_weightim       		 0.09751
RARW_weightim       		 0.375841
RAUS_weightim       		 0.146307
RA_b                		 12.6758
RA_bf               		 -121.984
RA_by               		 2.62399
RA_c                		 1.43017
RA_ci               		 1.38567
RA_cj               		 1.56367
RA_cy               		 0.295924
RA_d                		 0.660957
RA_dn               		 0.0918964
RA_dt               		 0.569061
RA_epsilonm         		 -0.750004
RA_etot             		 1.07691
RA_ex               		 3.38932
RA_fh               		 10.3498
RA_fi               		 221.24
RA_fj               		 8.19408
RA_fn               		 4.81215
RA_cg               		 0.851157
RA_gammab           		 0
RA_gammai           		 0
RA_gammaider        		 0
RA_gammau           		 3.81639e-16
RA_gammauder        		 0.0328984
RA_gammav           		 0.000144464
RA_gammavi          		 0.000101012
RA_gammavider       		 0.00216513
RA_gammavj          		 0.000101012
RA_gammavjder       		 0.00216513
RA_gh               		 12.4197
RA_gi               		 19.5704
RA_gj               		 5.64459
RA_gn               		 7.21821
RA_cgy              		 0.1732
RA_ht               		 1.16741
RA_htc              		 0.385394
RA_hti              		 0.104612
RA_htcg             		 0.545676
RA_htig             		 0.131724
RA_i                		 0.919988
RA_ig               		 0.189102
RA_ii               		 1.22665
RA_im               		 1.68837
RA_imc              		 0.915013
RA_imcy             		 0.190546
RA_imi              		 0.599398
RA_imiy             		 0.124835
RA_imcg             		 0.150885
RA_imcgy            		 0.0313756
RA_imig             		 0.0230783
RA_imigy            		 0.00480646
RA_imy              		 0.351563
RA_exy              		 0.647408
RA_internalrer      		 1.17321
RA_iy               		 0.196796
RA_igy              		 0.0383
RA_k                		 36.7995
RA_kd               		 36.7995
RA_kdn              		 4.71422
RA_kdt              		 32.0853
RA_ki               		 49.066
RA_lambdai          		 1.78243
RA_lambdaj          		 1.54229
RA_lcy              		 0.604267
RA_m                		 0.600913
RA_mcn              		 0.769294
RA_mct              		 0.769294
RA_mi               		 0.582216
RA_mj               		 0.657003
RA_mp               		 0.0029676
RA_mpy              		 0.000614318
RA_nd               		 2.06576
RA_ndi              		 1.15044
RA_ndj              		 0.96228
RA_ndn              		 0.264635
RA_ndt              		 1.80112
RA_ni               		 1.15044
RA_nj               		 0.96228
RA_nt               		 0.542788
RA_ntc              		 0.13315
RA_nti              		 0.217697
RA_ntcg             		 0.157117
RA_ntig             		 0.034825
RA_pex              		 0.923153
RA_pht              		 0.923153
RA_phttilde         		 0.923153
RA_pi               		 1.03382
RA_pcg              		 0.982994
RA_pig              		 0.978398
RA_pic              		 1.00496
RA_pic4             		 1.02
RA_piex4            		 1.02
RA_piht             		 1.00496
RA_piimc            		 1.00496
RA_piimi            		 1.00496
RA_piimcg           		 1.00496
RA_piimig           		 1.00496
RA_piimc4           		 1.02
RA_pim              		 1.00634
RA_pimc             		 1.00642
RA_pimi             		 1.00654
RA_pimcg            		 1.00497
RA_pimig            		 1.00654
RA_pint             		 1.00496
RA_piw              		 1.00496
RA_piw4             		 1.02
RA_pnt              		 1.15394
RA_pnttilde         		 1.15394
RA_pttc             		 0.983575
RA_ptti             		 0.995241
RA_pttcg            		 0.942397
RA_pttig            		 0.936774
RA_py               		 0.947718
RA_q                		 1.03382
RA_qc               		 1.43032
RA_qi               		 0.919988
RA_qcg              		 0.851157
RA_qig              		 0.189102
RA_r                		 1.01242
RA_reer             		 1.0471
RA_rer              		 0.955683
RA_rerdep           		 1
RA_rk               		 0.0340109
RA_rp               		 0
RA_rr               		 1.00742
RA_rrstar           		 1.00742
RA_sh               		 1
RA_si               		 1
RA_sj               		 1
RA_snt              		 1
RA_t                		 0.355538
RA_tauc             		 0.2443
RA_taud             		 0
RA_tauk             		 0.061
RA_taun             		 0.1893
RA_tauwf            		 0.1465
RA_tauwh            		 0.0797
RA_tb               		 1.42979
RA_tby              		 0.295845
RA_ti               		 0.426645
RA_tj               		 0.142215
RA_tot              		 0.994229
RA_tr               		 0.670022
RA_tri              		 0.446682
RA_trj              		 1.34004
RA_try              		 0.1387
RA_ttc              		 1.29799
RA_tti              		 0.703235
RA_ttcg             		 0.695438
RA_ttig             		 0.154606
RA_ty               		 0.0735992
RA_u                		 1
RA_utili            		 -136.832
RA_utilj            		 -93.2109
RA_vi               		 2.38
RA_vj               		 2.38
RA_w                		 1.23306
RA_wcst             		 0
RA_whty             		 0.527959
RA_wi               		 1.32081
RA_witilde          		 1.32081
RA_wj               		 1.06798
RA_wjtilde          		 1.06798
RA_wnty             		 0.520974
RA_wy               		 0.527053
RA_y                		 5.09952
RA_ygap             		 0.000301817
RA_ygrowth          		 1
RA_ygrowth4         		 1
RA_yhty             		 0.8704
RA_ynty             		 0.1296
RA_yshare           		 0.00919919
RA_ysn              		 0.542788
RA_yst              		 4.55673
RA_zcon             		 1
RA_zinv             		 1
RA_zn               		 1
RA_zt               		 1
RA_grev             		 1.78459
RA_gexp             		 1.78459
RA_grevy            		 0.369424
RA_gexpy            		 0.369424
RA_gbal             		 -6.43929e-15
RA_gbaly            		 -1.33299e-15
RA_br               		 0.0928656
RA_bry              		 0.0192239
RA_gpbal            		 0.0928656
RA_gpbaly           		 0.0192239
RA_tn               		 0.685196
RA_tny              		 0.141841
RA_tc               		 0.349391
RA_tcy              		 0.0723268
RA_twf              		 0.373165
RA_twfy             		 0.0772481
RA_tk               		 0.0183297
RA_tky              		 0.00379439
RA_lhs              		 14.9029
RA_rhs              		 14.9029
ATRA_excy           		 0.0078848
ATBE_excy           		 0.00199284
ATES_excy           		 0.00317934
ATFI_excy           		 0.000825841
ATFR_excy           		 0.00777698
ATGR_excy           		 0.00117532
ATIT_excy           		 0.017509
ATNL_excy           		 0.00461098
ATPT_excy           		 0.000549329
ATDE_excy           		 0.0577237
ATRU_excy           		 0.0221588
ATRW_excy           		 0.069375
ATUS_excy           		 0.0153284
ATRA_exiy           		 0.00412032
ATBE_exiy           		 0.00115739
ATES_exiy           		 0.00221215
ATFI_exiy           		 0.000609071
ATFR_exiy           		 0.00424132
ATGR_exiy           		 0.000534163
ATIT_exiy           		 0.00749108
ATNL_exiy           		 0.00171812
ATPT_exiy           		 0.00035077
ATDE_exiy           		 0.0271657
ATRU_exiy           		 0.0123189
ATRW_exiy           		 0.0455677
ATUS_exiy           		 0.00841222
AT_fx               		 4.57445
ATRA_gammaimc       		 0
ATBE_gammaimc       		 0
ATES_gammaimc       		 0
ATFI_gammaimc       		 0
ATFR_gammaimc       		 0
ATGR_gammaimc       		 0
ATIT_gammaimc       		 0
ATNL_gammaimc       		 0
ATPT_gammaimc       		 0
ATDE_gammaimc       		 0
ATRU_gammaimc       		 0
ATRW_gammaimc       		 0
ATUS_gammaimc       		 0
ATRA_gammaimcdag    		 1
ATBE_gammaimcdag    		 1
ATES_gammaimcdag    		 1
ATFI_gammaimcdag    		 1
ATFR_gammaimcdag    		 1
ATGR_gammaimcdag    		 1
ATIT_gammaimcdag    		 1
ATNL_gammaimcdag    		 1
ATPT_gammaimcdag    		 1
ATDE_gammaimcdag    		 1
ATRU_gammaimcdag    		 1
ATRW_gammaimcdag    		 1
ATUS_gammaimcdag    		 1
ATRA_gammaimi       		 0
ATBE_gammaimi       		 0
ATES_gammaimi       		 0
ATFI_gammaimi       		 0
ATFR_gammaimi       		 0
ATGR_gammaimi       		 0
ATIT_gammaimi       		 0
ATNL_gammaimi       		 0
ATPT_gammaimi       		 0
ATDE_gammaimi       		 0
ATRU_gammaimi       		 0
ATRW_gammaimi       		 0
ATUS_gammaimi       		 0
ATRA_gammaimidag    		 1
ATBE_gammaimidag    		 1
ATES_gammaimidag    		 1
ATFI_gammaimidag    		 1
ATFR_gammaimidag    		 1
ATGR_gammaimidag    		 1
ATIT_gammaimidag    		 1
ATNL_gammaimidag    		 1
ATPT_gammaimidag    		 1
ATDE_gammaimidag    		 1
ATRU_gammaimidag    		 1
ATRW_gammaimidag    		 1
ATUS_gammaimidag    		 1
ATRA_gammaimcg      		 0
ATBE_gammaimcg      		 0
ATES_gammaimcg      		 0
ATFI_gammaimcg      		 0
ATFR_gammaimcg      		 0
ATGR_gammaimcg      		 0
ATIT_gammaimcg      		 0
ATNL_gammaimcg      		 0
ATPT_gammaimcg      		 0
ATDE_gammaimcg      		 0
ATRU_gammaimcg      		 0
ATRW_gammaimcg      		 0
ATUS_gammaimcg      		 0
ATRA_gammaimcgdag   		 1
ATBE_gammaimcgdag   		 1
ATES_gammaimcgdag   		 1
ATFI_gammaimcgdag   		 1
ATFR_gammaimcgdag   		 1
ATGR_gammaimcgdag   		 1
ATIT_gammaimcgdag   		 1
ATNL_gammaimcgdag   		 1
ATPT_gammaimcgdag   		 1
ATDE_gammaimcgdag   		 1
ATRU_gammaimcgdag   		 1
ATRW_gammaimcgdag   		 1
ATUS_gammaimcgdag   		 1
ATRA_gammaimig      		 0
ATBE_gammaimig      		 0
ATES_gammaimig      		 0
ATFI_gammaimig      		 0
ATFR_gammaimig      		 0
ATGR_gammaimig      		 0
ATIT_gammaimig      		 0
ATNL_gammaimig      		 0
ATPT_gammaimig      		 0
ATDE_gammaimig      		 0
ATRU_gammaimig      		 0
ATRW_gammaimig      		 0
ATUS_gammaimig      		 0
ATRA_gammaimigdag   		 1
ATBE_gammaimigdag   		 1
ATES_gammaimigdag   		 1
ATFI_gammaimigdag   		 1
ATFR_gammaimigdag   		 1
ATGR_gammaimigdag   		 1
ATIT_gammaimigdag   		 1
ATNL_gammaimigdag   		 1
ATPT_gammaimigdag   		 1
ATDE_gammaimigdag   		 1
ATRU_gammaimigdag   		 1
ATRW_gammaimigdag   		 1
ATUS_gammaimigdag   		 1
AT_gx               		 5.48934
ATRA_im             		 0.10356
ATBE_im             		 0.0185567
ATES_im             		 0.0243821
ATFI_im             		 0.0080826
ATFR_im             		 0.0461473
ATGR_im             		 0.00672347
ATIT_im             		 0.102087
ATNL_im             		 0.0390878
ATPT_im             		 0.00626108
ATDE_im             		 0.41207
ATRU_im             		 0.173645
ATRW_im             		 0.411244
ATUS_im             		 0.0689585
ATRA_imc            		 0.06203
ATBE_imc            		 0.0106483
ATES_imc            		 0.0149522
ATFI_imc            		 0.00352263
ATFR_imc            		 0.0262008
ATGR_imc            		 0.00582657
ATIT_imc            		 0.0656432
ATNL_imc            		 0.0237835
ATPT_imc            		 0.00398063
ATDE_imc            		 0.219409
ATRU_imc            		 0.10038
ATRW_imc            		 0.24567
ATUS_imc            		 0.0356177
ATRA_imcy           		 0.0118512
ATBE_imcy           		 0.00247452
ATES_imcy           		 0.00332496
ATFI_imcy           		 0.00078018
ATFR_imcy           		 0.00583529
ATGR_imcy           		 0.00113051
ATIT_imcy           		 0.0145417
ATNL_imcy           		 0.00471696
ATPT_imcy           		 0.0008762
ATDE_imcy           		 0.0512723
ATRU_imcy           		 0.0220028
ATRW_imcy           		 0.047675
ATUS_imcy           		 0.00676571
ATRA_imi            		 0.0299784
ATBE_imi            		 0.00561963
ATES_imi            		 0.00713681
ATFI_imi            		 0.00371582
ATFR_imi            		 0.0155375
ATGR_imi            		 0.000618584
ATIT_imi            		 0.0292532
ATNL_imi            		 0.0113162
ATPT_imi            		 0.00186258
ATDE_imi            		 0.156948
ATRU_imi            		 0.0544455
ATRW_imi            		 0.119063
ATUS_imi            		 0.0222162
ATRA_imiy           		 0.00572755
ATBE_imiy           		 0.00130592
ATES_imiy           		 0.00158703
ATFI_imiy           		 0.000822968
ATFR_imiy           		 0.00346043
ATGR_imiy           		 0.000120021
ATIT_imiy           		 0.00648036
ATNL_imiy           		 0.00224433
ATPT_imiy           		 0.000409983
ATDE_imiy           		 0.0366763
ATRU_imiy           		 0.0119342
ATRW_imiy           		 0.0231055
ATUS_imiy           		 0.00422005
ATRA_imcg           		 0.0105839
ATBE_imcg           		 0.00210805
ATES_imcg           		 0.00206377
ATFI_imcg           		 0.000722263
ATFR_imcg           		 0.00391061
ATGR_imcg           		 0.000257696
ATIT_imcg           		 0.00624676
ATNL_imcg           		 0.00362515
ATPT_imcg           		 0.000358822
ATDE_imcg           		 0.0306557
ATRU_imcg           		 0.0170644
ATRW_imcg           		 0.0426774
ATUS_imcg           		 0.0104134
ATRA_imcgy          		 0.00202212
ATBE_imcgy          		 0.000489881
ATES_imcgy          		 0.000458924
ATFI_imcgy          		 0.000159965
ATFR_imcgy          		 0.000870948
ATGR_imcgy          		 4.99997e-05
ATIT_imcgy          		 0.00138382
ATNL_imcgy          		 0.000718974
ATPT_imcgy          		 7.89823e-05
ATDE_imcgy          		 0.00716375
ATRU_imcgy          		 0.00374044
ATRW_imcgy          		 0.00828203
ATUS_imcgy          		 0.00197807
ATRA_imig           		 0.000967892
ATBE_imig           		 0.000180692
ATES_imig           		 0.00022931
ATFI_imig           		 0.000121883
ATFR_imig           		 0.000498373
ATGR_imig           		 2.06159e-05
ATIT_imig           		 0.000943343
ATNL_imig           		 0.000363023
ATPT_imig           		 5.90473e-05
ATDE_imig           		 0.00505729
ATRU_imig           		 0.00175571
ATRW_imig           		 0.00383344
ATUS_imig           		 0.000711092
ATRA_imigy          		 0.000184922
ATBE_imigy          		 4.19903e-05
ATES_imigy          		 5.09922e-05
ATFI_imigy          		 2.69943e-05
ATFR_imigy          		 0.000110995
ATGR_imigy          		 4.00002e-06
ATIT_imigy          		 0.000208976
ATNL_imigy          		 7.19982e-05
ATPT_imigy          		 1.29972e-05
ATDE_imigy          		 0.00118181
ATRU_imigy          		 0.000384843
ATRW_imigy          		 0.000743921
ATUS_imigy          		 0.000135074
AT_piex             		 1.00496
AT_pextilde         		 0.974629
ATRA_rer            		 0.804346
ATBE_rer            		 0.932339
ATES_rer            		 0.922925
ATFI_rer            		 0.915114
ATFR_rer            		 0.923502
ATGR_rer            		 0.831569
ATIT_rer            		 0.921083
ATNL_rer            		 0.852422
ATPT_rer            		 0.919062
ATDE_rer            		 0.952906
ATRU_rer            		 0.911378
ATRW_rer            		 0.79087
ATUS_rer            		 0.7687
AT_sx               		 1
ATRA_tot            		 0.761864
ATBE_tot            		 0.926671
ATES_tot            		 0.886741
ATFI_tot            		 0.88317
ATFR_tot            		 0.888104
ATGR_tot            		 0.773706
ATIT_tot            		 0.88337
ATNL_tot            		 0.790867
ATPT_tot            		 0.877744
ATDE_tot            		 0.931848
ATRU_tot            		 0.874072
ATRW_tot            		 0.773847
ATUS_tot            		 0.757467
ATRA_weight         		 0.0490791
ATBE_weight         		 0.0129741
ATES_weight         		 0.0185365
ATFI_weight         		 0.00552172
ATFR_weight         		 0.0381313
ATGR_weight         		 0.00483041
ATIT_weight         		 0.0727838
ATNL_weight         		 0.023956
ATPT_weight         		 0.00377991
ATDE_weight         		 0.267779
ATRU_weight         		 0.110742
ATRW_weight         		 0.326714
ATUS_weight         		 0.0651729
ATRA_weightex       		 0.0353113
ATBE_weightex       		 0.0118785
ATES_weightex       		 0.0190194
ATFI_weightex       		 0.00518061
ATFR_weightex       		 0.0415509
ATGR_weightex       		 0.00525647
ATIT_weightex       		 0.0710063
ATNL_weightex       		 0.0225154
ATPT_weightex       		 0.00312319
ATDE_weightex       		 0.224964
ATRU_weightex       		 0.0979143
ATRW_weightex       		 0.378884
ATUS_weightex       		 0.0833959
ATRA_weightim       		 0.0655377
ATBE_weightim       		 0.0142839
ATES_weightim       		 0.0179593
ATFI_weightim       		 0.00592948
ATFR_weightim       		 0.0340433
ATGR_weightim       		 0.00432106
ATIT_weightim       		 0.0749087
ATNL_weightim       		 0.0256783
ATPT_weightim       		 0.00456498
ATDE_weightim       		 0.318961
ATRU_weightim       		 0.126076
ATRW_weightim       		 0.264348
ATUS_weightim       		 0.0433883
AT_b                		 14.012
AT_bf               		 -24.3237
AT_by               		 3.6066
AT_c                		 1.86689
AT_ci               		 1.89342
AT_cj               		 1.78729
AT_cy               		 0.480355
AT_d                		 0.210672
AT_dn               		 0.171148
AT_dt               		 0.0395239
AT_epsilonm         		 -0.750004
AT_etot             		 0.840441
AT_ex               		 1.43916
AT_fh               		 12.6525
AT_fi               		 237.978
AT_fj               		 8.81401
AT_fn               		 8.96096
AT_cg               		 0.828783
AT_gammab           		 0
AT_gammai           		 0
AT_gammaider        		 0
AT_gammau           		 -9.68758e-17
AT_gammauder        		 0.0328433
AT_gammav           		 0.000188578
AT_gammavi          		 0.000101012
AT_gammavider       		 0.00216513
AT_gammavj          		 0.000101012
AT_gammavjder       		 0.00216513
AT_gh               		 15.183
AT_gi               		 11.6339
AT_gj               		 4.18738
AT_gn               		 13.4414
AT_cgy              		 0.2136
AT_ht               		 1.35177
AT_htc              		 0.484772
AT_hti              		 0.228528
AT_htcg             		 0.554365
AT_htig             		 0.0841046
AT_i                		 0.86717
AT_ig               		 0.119953
AT_ii               		 1.15623
AT_im               		 1.40859
AT_imc              		 0.810671
AT_imcy             		 0.173247
AT_imi              		 0.453773
AT_imiy             		 0.0980947
AT_imcg             		 0.129532
AT_imcgy            		 0.0273979
AT_imig             		 0.0146149
AT_imigy            		 0.00315951
AT_imy              		 0.301899
AT_exy              		 0.360904
AT_internalrer      		 1.36674
AT_iy               		 0.215979
AT_igy              		 0.0311
AT_k                		 34.6868
AT_kd               		 34.6868
AT_kdn              		 9.39129
AT_kdt              		 25.2955
AT_ki               		 46.2491
AT_lambdai          		 1.21284
AT_lambdaj          		 1.3096
AT_lcy              		 0.662056
AT_m                		 0.784406
AT_mcn              		 0.81219
AT_mct              		 0.81219
AT_mi               		 0.795554
AT_mj               		 0.75096
AT_mp               		 0.00387378
AT_mpy              		 0.00099709
AT_nd               		 1.69039
AT_ndi              		 0.903604
AT_ndj              		 0.834699
AT_ndn              		 0.457666
AT_ndt              		 1.23273
AT_ni               		 0.903604
AT_nj               		 0.834699
AT_nt               		 0.957373
AT_ntc              		 0.592045
AT_nti              		 0.193242
AT_ntcg             		 0.150272
AT_ntig             		 0.0218143
AT_pex              		 0.974629
AT_pht              		 0.974628
AT_phttilde         		 0.974629
AT_pi               		 0.967972
AT_pcg              		 1.00129
AT_pig              		 1.00728
AT_pic              		 1.00496
AT_pic4             		 1.02
AT_piex4            		 1.02
AT_piht             		 1.00496
AT_piimc            		 1.00496
AT_piimi            		 1.00496
AT_piimcg           		 1.00496
AT_piimig           		 1.00496
AT_piimc4           		 1.02
AT_pim              		 0.832976
AT_pimc             		 0.830572
AT_pimi             		 0.84016
AT_pimcg            		 0.822046
AT_pimig            		 0.840193
AT_pint             		 1.00496
AT_piw              		 1.00496
AT_piw4             		 1.02
AT_pnt              		 1.21829
AT_pnttilde         		 1.21829
AT_pttc             		 0.89138
AT_ptti             		 0.890923
AT_pttcg            		 0.950367
AT_pttig            		 0.957658
AT_py               		 1.03686
AT_q                		 0.967972
AT_qc               		 1.86707
AT_qi               		 0.86717
AT_qcg              		 0.828783
AT_qig              		 0.119953
AT_r                		 1.01242
AT_reer             		 0.865354
AT_rer              		 0.7687
AT_rerdep           		 1
AT_rk               		 0.0317914
AT_rp               		 0
AT_rr               		 1.00742
AT_rrstar           		 1.00742
AT_sh               		 1
AT_si               		 1
AT_sj               		 1
AT_snt              		 1
AT_t                		 0.268733
AT_tauc             		 0.2285
AT_taud             		 0
AT_tauk             		 0.0544
AT_taun             		 0.2285
AT_tauwf            		 0.172
AT_tauwh            		 0.1482
AT_tb               		 0.229321
AT_tby              		 0.059005
AT_ti               		 0.32248
AT_tj               		 0.107493
AT_tot              		 0.757467
AT_tr               		 0.864821
AT_tri              		 0.576547
AT_trj              		 1.72964
AT_try              		 0.2226
AT_ttc              		 1.28542
AT_tti              		 0.677917
AT_ttcg             		 0.680559
AT_ttig             		 0.0984173
AT_ty               		 0.0691705
AT_u                		 1
AT_utili            		 -63.8707
AT_utilj            		 -63.5218
AT_vi               		 2.38
AT_vj               		 2.38
AT_w                		 1.29878
AT_wcst             		 0
AT_whty             		 0.588591
AT_wi               		 1.40443
AT_witilde          		 1.40443
AT_wj               		 1.10986
AT_wjtilde          		 1.10986
AT_wnty             		 0.509628
AT_wy               		 0.564894
AT_y                		 3.7483
AT_ygap             		 0.000295365
AT_ygrowth          		 1
AT_ygrowth4         		 1
AT_yhty             		 0.699894
AT_ynty             		 0.300106
AT_yshare           		 0.00562644
AT_ysn              		 0.957373
AT_yst              		 2.79093
AT_zcon             		 1
AT_zinv             		 1
AT_zn               		 1
AT_zt               		 1
AT_grev             		 1.91816
AT_gexp             		 1.91816
AT_grevy            		 0.493723
AT_gexpy            		 0.493723
AT_gbal             		 8.21565e-15
AT_gbaly            		 2.11466e-15
AT_br               		 0.102655
AT_bry              		 0.0264228
AT_gpbal            		 0.102655
AT_gpbaly           		 0.0264228
AT_tn               		 0.827024
AT_tny              		 0.212871
AT_tc               		 0.426583
AT_tcy              		 0.1098
AT_twf              		 0.377616
AT_twfy             		 0.0971963
AT_tk               		 0.0143259
AT_tky              		 0.00368742
AT_lhs              		 16.5388
AT_rhs              		 16.5388
BERA_excy           		 0.00897964
BEAT_excy           		 0.00200692
BEES_excy           		 0.00729945
BEFI_excy           		 0.00142007
BEFR_excy           		 0.0398171
BEGR_excy           		 0.0021217
BEIT_excy           		 0.0161146
BENL_excy           		 0.0222566
BEPT_excy           		 0.00183998
BEDE_excy           		 0.0337387
BERU_excy           		 0.014494
BERW_excy           		 0.0950973
BEUS_excy           		 0.0276717
BERA_exiy           		 0.00478202
BEAT_exiy           		 0.00105914
BEES_exiy           		 0.00339575
BEFI_exiy           		 0.000817571
BEFR_exiy           		 0.0155153
BEGR_exiy           		 0.000590903
BEIT_exiy           		 0.00608096
BENL_exiy           		 0.00977903
BEPT_exiy           		 0.000715265
BEDE_exiy           		 0.0134047
BERU_exiy           		 0.00705953
BERW_exiy           		 0.0436483
BEUS_exiy           		 0.00914739
BE_fx               		 6.00561
BERA_gammaimc       		 0
BEAT_gammaimc       		 0
BEES_gammaimc       		 0
BEFI_gammaimc       		 0
BEFR_gammaimc       		 0
BEGR_gammaimc       		 0
BEIT_gammaimc       		 0
BENL_gammaimc       		 0
BEPT_gammaimc       		 0
BEDE_gammaimc       		 0
BERU_gammaimc       		 0
BERW_gammaimc       		 0
BEUS_gammaimc       		 0
BERA_gammaimcdag    		 1
BEAT_gammaimcdag    		 1
BEES_gammaimcdag    		 1
BEFI_gammaimcdag    		 1
BEFR_gammaimcdag    		 1
BEGR_gammaimcdag    		 1
BEIT_gammaimcdag    		 1
BENL_gammaimcdag    		 1
BEPT_gammaimcdag    		 1
BEDE_gammaimcdag    		 1
BERU_gammaimcdag    		 1
BERW_gammaimcdag    		 1
BEUS_gammaimcdag    		 1
BERA_gammaimi       		 0
BEAT_gammaimi       		 0
BEES_gammaimi       		 0
BEFI_gammaimi       		 0
BEFR_gammaimi       		 0
BEGR_gammaimi       		 0
BEIT_gammaimi       		 0
BENL_gammaimi       		 0
BEPT_gammaimi       		 0
BEDE_gammaimi       		 0
BERU_gammaimi       		 0
BERW_gammaimi       		 0
BEUS_gammaimi       		 0
BERA_gammaimidag    		 1
BEAT_gammaimidag    		 1
BEES_gammaimidag    		 1
BEFI_gammaimidag    		 1
BEFR_gammaimidag    		 1
BEGR_gammaimidag    		 1
BEIT_gammaimidag    		 1
BENL_gammaimidag    		 1
BEPT_gammaimidag    		 1
BEDE_gammaimidag    		 1
BERU_gammaimidag    		 1
BERW_gammaimidag    		 1
BEUS_gammaimidag    		 1
BERA_gammaimcg      		 0
BEAT_gammaimcg      		 0
BEES_gammaimcg      		 0
BEFI_gammaimcg      		 0
BEFR_gammaimcg      		 0
BEGR_gammaimcg      		 0
BEIT_gammaimcg      		 0
BENL_gammaimcg      		 0
BEPT_gammaimcg      		 0
BEDE_gammaimcg      		 0
BERU_gammaimcg      		 0
BERW_gammaimcg      		 0
BEUS_gammaimcg      		 0
BERA_gammaimcgdag   		 1
BEAT_gammaimcgdag   		 1
BEES_gammaimcgdag   		 1
BEFI_gammaimcgdag   		 1
BEFR_gammaimcgdag   		 1
BEGR_gammaimcgdag   		 1
BEIT_gammaimcgdag   		 1
BENL_gammaimcgdag   		 1
BEPT_gammaimcgdag   		 1
BEDE_gammaimcgdag   		 1
BERU_gammaimcgdag   		 1
BERW_gammaimcgdag   		 1
BEUS_gammaimcgdag   		 1
BERA_gammaimig      		 0
BEAT_gammaimig      		 0
BEES_gammaimig      		 0
BEFI_gammaimig      		 0
BEFR_gammaimig      		 0
BEGR_gammaimig      		 0
BEIT_gammaimig      		 0
BENL_gammaimig      		 0
BEPT_gammaimig      		 0
BEDE_gammaimig      		 0
BERU_gammaimig      		 0
BERW_gammaimig      		 0
BEUS_gammaimig      		 0
BERA_gammaimigdag   		 1
BEAT_gammaimigdag   		 1
BEES_gammaimigdag   		 1
BEFI_gammaimigdag   		 1
BEFR_gammaimigdag   		 1
BEGR_gammaimigdag   		 1
BEIT_gammaimigdag   		 1
BENL_gammaimigdag   		 1
BEPT_gammaimigdag   		 1
BEDE_gammaimigdag   		 1
BERU_gammaimigdag   		 1
BERW_gammaimigdag   		 1
BEUS_gammaimigdag   		 1
BE_gx               		 7.20673
BERA_im             		 0.111511
BEAT_im             		 0.0118344
BEES_im             		 0.048814
BEFI_im             		 0.00740807
BEFR_im             		 0.241752
BEGR_im             		 0.00491051
BEIT_im             		 0.0622605
BENL_im             		 0.219561
BEPT_im             		 0.0102632
BEDE_im             		 0.190355
BERU_im             		 0.104915
BERW_im             		 0.524678
BEUS_im             		 0.123712
BERA_imc            		 0.0667273
BEAT_imc            		 0.00644762
BEES_imc            		 0.0301716
BEFI_imc            		 0.00392203
BEFR_imc            		 0.153541
BEGR_imc            		 0.00383303
BEIT_imc            		 0.033604
BENL_imc            		 0.137262
BEPT_imc            		 0.00616491
BEDE_imc            		 0.0979954
BERU_imc            		 0.0502107
BERW_imc            		 0.295408
BEUS_imc            		 0.0637161
BERA_imcy           		 0.0127436
BEAT_imcy           		 0.00161626
BEES_imcy           		 0.00670664
BEFI_imcy           		 0.000868293
BEFR_imcy           		 0.0341821
BEGR_imcy           		 0.000743411
BEIT_imcy           		 0.00744121
BENL_imcy           		 0.0272122
BEPT_imcy           		 0.00135645
BEDE_imcy           		 0.0228908
BERU_imcy           		 0.0110015
BERW_imcy           		 0.0573043
BEUS_imcy           		 0.0120983
BERA_imi            		 0.0239097
BEAT_imi            		 0.00374461
BEES_imi            		 0.0125727
BEFI_imi            		 0.00249295
BEFR_imi            		 0.0618257
BEGR_imi            		 0.000685785
BEIT_imi            		 0.02009
BENL_imi            		 0.055537
BEPT_imi            		 0.0029355
BEDE_imi            		 0.0725158
BERU_imi            		 0.0407871
BERW_imi            		 0.16837
BEUS_imi            		 0.0397176
BERA_imiy           		 0.00456627
BEAT_imiy           		 0.000938678
BEES_imiy           		 0.0027947
BEFI_imiy           		 0.000551909
BEFR_imiy           		 0.013764
BEGR_imiy           		 0.000133007
BEIT_imiy           		 0.00444869
BENL_imiy           		 0.0110102
BEPT_imiy           		 0.000645892
BEDE_imiy           		 0.016939
BERU_imiy           		 0.00893678
BERW_imiy           		 0.032661
BEUS_imiy           		 0.0075415
BERA_imcg           		 0.0202257
BEAT_imcg           		 0.00153858
BEES_imcg           		 0.00572358
BEFI_imcg           		 0.000925382
BEFR_imcg           		 0.0246934
BEGR_imcg           		 0.000371075
BEIT_imcg           		 0.00801591
BENL_imcg           		 0.0252445
BEPT_imcg           		 0.00108099
BEDE_imcg           		 0.0178583
BERU_imcg           		 0.0128003
BERW_imcg           		 0.0562941
BEUS_imcg           		 0.0191936
BERA_imcgy          		 0.0038627
BEAT_imcgy          		 0.000385684
BEES_imcgy          		 0.00127226
BEFI_imcgy          		 0.000204869
BEFR_imcgy          		 0.00549737
BEGR_imcgy          		 7.19695e-05
BEIT_imcgy          		 0.00177503
BENL_imcgy          		 0.00500472
BEPT_imcgy          		 0.000237847
BEDE_imcgy          		 0.00417153
BERU_imcgy          		 0.00280465
BERW_imcgy          		 0.0109202
BEUS_imcgy          		 0.00364444
BERA_imig           		 0.000648734
BEAT_imig           		 0.000103636
BEES_imig           		 0.000346205
BEFI_imig           		 6.77114e-05
BEFR_imig           		 0.00169263
BEGR_imig           		 2.06155e-05
BEIT_imig           		 0.000550647
BENL_imig           		 0.0015176
BEPT_imig           		 8.17558e-05
BEDE_imig           		 0.00198522
BERU_imig           		 0.00111725
BERW_imig           		 0.0046062
BEUS_imig           		 0.00108505
BERA_imigy          		 0.000123895
BEAT_imigy          		 2.59789e-05
BEES_imigy          		 7.69557e-05
BEFI_imigy          		 1.49905e-05
BEFR_imigy          		 0.000376823
BEGR_imigy          		 3.99834e-06
BEIT_imigy          		 0.000121934
BENL_imigy          		 0.000300865
BEPT_imigy          		 1.79886e-05
BEDE_imigy          		 0.000463729
BERU_imigy          		 0.000244797
BERW_imigy          		 0.000893528
BEUS_imigy          		 0.000206027
BE_piex             		 1.00496
BE_pextilde         		 0.968703
BERA_rer            		 0.862718
BEAT_rer            		 1.07257
BEES_rer            		 0.989903
BEFI_rer            		 0.981525
BEFR_rer            		 0.990522
BEGR_rer            		 0.891917
BEIT_rer            		 0.987927
BENL_rer            		 0.914283
BEPT_rer            		 0.98576
BEDE_rer            		 1.02206
BERU_rer            		 0.977518
BERW_rer            		 0.848265
BEUS_rer            		 0.824485
BE_sx               		 1
BERA_tot            		 0.822152
BEAT_tot            		 1.07913
BEES_tot            		 0.95691
BEFI_tot            		 0.953057
BEFR_tot            		 0.958382
BEGR_tot            		 0.834931
BEIT_tot            		 0.953273
BENL_tot            		 0.85345
BEPT_tot            		 0.947201
BEDE_tot            		 1.00559
BERU_tot            		 0.943239
BERW_tot            		 0.835083
BEUS_tot            		 0.817407
BERA_weight         		 0.0458715
BEAT_weight         		 0.00882083
BEES_weight         		 0.030352
BEFI_weight         		 0.0055552
BEFR_weight         		 0.139724
BEGR_weight         		 0.00506743
BEIT_weight         		 0.0490916
BENL_weight         		 0.0961296
BEPT_weight         		 0.00643345
BEDE_weight         		 0.121005
BERU_weight         		 0.0609925
BERW_weight         		 0.343394
BEUS_weight         		 0.0875622
BERA_weightex       		 0.0333601
BEAT_weightex       		 0.00897073
BEES_weightex       		 0.0294124
BEFI_weightex       		 0.00616649
BEFR_weightex       		 0.126634
BEGR_weightex       		 0.00685624
BEIT_weightex       		 0.0560934
BENL_weightex       		 0.0724044
BEPT_weightex       		 0.00632876
BEDE_weightex       		 0.114527
BERU_weightex       		 0.0564243
BERW_weightex       		 0.380279
BEUS_weightex       		 0.102544
BERA_weightim       		 0.0619404
BEAT_weightim       		 0.00862831
BEES_weightim       		 0.0315587
BEFI_weightim       		 0.0047701
BEFR_weightim       		 0.156535
BEGR_weightim       		 0.00277
BEIT_weightim       		 0.0400989
BENL_weightim       		 0.126601
BEPT_weightim       		 0.00656789
BEDE_weightim       		 0.129326
BERU_weightim       		 0.0668596
BERW_weightim       		 0.296023
BEUS_weightim       		 0.0683211
BE_b                		 24.353
BE_bf               		 -40.3159
BE_by               		 5.84348
BE_c                		 1.7927
BE_ci               		 1.77405
BE_cj               		 1.84867
BE_cy               		 0.429886
BE_d                		 0.418581
BE_dn               		 0.172365
BE_dt               		 0.246216
BE_epsilonm         		 -0.750004
BE_etot             		 0.889467
BE_ex               		 1.90097
BE_fh               		 11.0879
BE_fi               		 104.041
BE_fj               		 3.85336
BE_fn               		 9.0209
BE_cg               		 1.02707
BE_gammab           		 0
BE_gammai           		 0
BE_gammaider        		 0
BE_gammau           		 0
BE_gammauder        		 0.0330615
BE_gammav           		 0.000181084
BE_gammavi          		 0.000101012
BE_gammavider       		 0.00216513
BE_gammavj          		 0.000101012
BE_gammavjder       		 0.00216513
BE_gh               		 13.3054
BE_gi               		 11.1438
BE_gj               		 3.53464
BE_gn               		 13.5313
BE_cgy              		 0.2458
BE_ht               		 1.19185
BE_htc              		 0.293515
BE_hti              		 0.181959
BE_htcg             		 0.652881
BE_htig             		 0.0634964
BE_i                		 0.873568
BE_ig               		 0.0939528
BE_ii               		 1.16476
BE_im               		 1.64946
BE_imc              		 0.942018
BE_imcy             		 0.196165
BE_imi              		 0.5012
BE_imiy             		 0.104932
BE_imcg             		 0.192523
BE_imcgy            		 0.0398532
BE_imig             		 0.0137142
BE_imigy            		 0.00287151
BE_imy              		 0.343821
BE_exy              		 0.441581
BE_internalrer      		 1.35324
BE_iy               		 0.20408
BE_igy              		 0.0226
BE_k                		 34.9427
BE_kd               		 34.9427
BE_kdn              		 9.33076
BE_kdt              		 25.612
BE_ki               		 46.5903
BE_lambdai          		 1.41283
BE_lambdaj          		 1.34438
BE_lcy              		 0.629738
BE_m                		 0.753236
BE_mcn              		 0.807253
BE_mct              		 0.807253
BE_mi               		 0.745398
BE_mj               		 0.776752
BE_mp               		 0.00371985
BE_mpy              		 0.000892574
BE_nd               		 1.78092
BE_ndi              		 0.974742
BE_ndj              		 0.850806
BE_ndn              		 0.47556
BE_ndt              		 1.30536
BE_ni               		 0.974742
BE_nj               		 0.850806
BE_nt               		 0.969672
BE_ntc              		 0.570255
BE_nti              		 0.195891
BE_ntcg             		 0.186428
BE_ntig             		 0.0170974
BE_pex              		 0.968703
BE_pht              		 0.968703
BE_phttilde         		 0.968703
BE_pi               		 0.974222
BE_pcg              		 0.997388
BE_pig              		 1.00249
BE_pic              		 1.00496
BE_pic4             		 1.02
BE_piex4            		 1.02
BE_piht             		 1.00496
BE_piimc            		 1.00496
BE_piimi            		 1.00496
BE_piimcg           		 1.00496
BE_piimig           		 1.00496
BE_piimc4           		 1.02
BE_pim              		 0.869255
BE_pimc             		 0.868395
BE_pimi             		 0.873073
BE_pimcg            		 0.863248
BE_pimig            		 0.873163
BE_pint             		 1.00496
BE_piw              		 1.00496
BE_piw4             		 1.02
BE_pnt              		 1.21088
BE_pnttilde         		 1.21088
BE_pttc             		 0.8948
BE_ptti             		 0.901049
BE_pttcg            		 0.947247
BE_pttig            		 0.953464
BE_py               		 1.02651
BE_q                		 0.974222
BE_qc               		 1.79288
BE_qi               		 0.873568
BE_qcg              		 1.02707
BE_qig              		 0.0939528
BE_r                		 1.01242
BE_reer             		 0.913989
BE_rer              		 0.824485
BE_rerdep           		 1
BE_rk               		 0.0322093
BE_rp               		 0
BE_rr               		 1.00742
BE_rrstar           		 1.00742
BE_sh               		 1
BE_si               		 1
BE_sj               		 1
BE_snt              		 1
BE_t                		 0.671299
BE_tauc             		 0.2127
BE_taud             		 0
BE_tauk             		 0.08
BE_taun             		 0.2127
BE_tauwf            		 0.2247
BE_tauwh            		 0.112
BE_tb               		 0.407677
BE_tby              		 0.09776
BE_ti               		 0.805559
BE_tj               		 0.26852
BE_tot              		 0.817407
BE_tr               		 0.959371
BE_tri              		 0.639581
BE_trj              		 1.91874
BE_try              		 0.2302
BE_ttc              		 1.23198
BE_tti              		 0.68126
BE_ttcg             		 0.84312
BE_ttig             		 0.0770704
BE_ty               		 0.161078
BE_u                		 1
BE_utili            		 -76.8996
BE_utilj            		 -57.748
BE_vi               		 2.38
BE_vj               		 2.38
BE_w                		 1.20404
BE_wcst             		 0
BE_whty             		 0.524597
BE_wi               		 1.2949
BE_witilde          		 1.2949
BE_wj               		 1.03678
BE_wjtilde          		 1.03678
BE_wnty             		 0.487663
BE_wy               		 0.514197
BE_y                		 4.06249
BE_ygap             		 0.000580672
BE_ygrowth          		 1
BE_ygrowth4         		 1
BE_yhty             		 0.71844
BE_ynty             		 0.28156
BE_yshare           		 0.00693737
BE_ysn              		 0.969672
BE_yst              		 3.09282
BE_zcon             		 1
BE_zinv             		 1
BE_zn               		 1
BE_zt               		 1
BE_grev             		 2.25636
BE_gexp             		 2.25636
BE_grevy            		 0.541411
BE_gexpy            		 0.541411
BE_gbal             		 1.46549e-14
BE_gbaly            		 3.51644e-15
BE_br               		 0.178415
BE_bry              		 0.0428106
BE_gpbal            		 0.178415
BE_gpbaly           		 0.0428106
BE_tn               		 0.696253
BE_tny              		 0.167065
BE_tc               		 0.381308
BE_tcy              		 0.0914943
BE_twf              		 0.481823
BE_twfy             		 0.115613
BE_tk               		 0.0219544
BE_tky              		 0.00526794
BE_lhs              		 27.0602
BE_rhs              		 27.0602
ESRA_excy           		 0.00263603
ESAT_excy           		 0.000949643
ESBE_excy           		 0.00236179
ESFI_excy           		 0.000582831
ESFR_excy           		 0.0219219
ESGR_excy           		 0.00118733
ESIT_excy           		 0.0109846
ESNL_excy           		 0.00277064
ESPT_excy           		 0.00960955
ESDE_excy           		 0.0141837
ESRU_excy           		 0.00589683
ESRW_excy           		 0.0679312
ESUS_excy           		 0.0104342
ESRA_exiy           		 0.00110051
ESAT_exiy           		 0.000453272
ESBE_exiy           		 0.000984172
ESFI_exiy           		 0.000200142
ESFR_exiy           		 0.00704764
ESGR_exiy           		 0.000331676
ESIT_exiy           		 0.00332014
ESNL_exiy           		 0.00105848
ESPT_exiy           		 0.00342022
ESDE_exiy           		 0.0045856
ESRU_exiy           		 0.00243519
ESRW_exiy           		 0.0249528
ESUS_exiy           		 0.0033125
ES_fx               		 3.08119
ESRA_gammaimc       		 0
ESAT_gammaimc       		 0
ESBE_gammaimc       		 0
ESFI_gammaimc       		 0
ESFR_gammaimc       		 0
ESGR_gammaimc       		 0
ESIT_gammaimc       		 0
ESNL_gammaimc       		 0
ESPT_gammaimc       		 0
ESDE_gammaimc       		 0
ESRU_gammaimc       		 0
ESRW_gammaimc       		 0
ESUS_gammaimc       		 0
ESRA_gammaimcdag    		 1
ESAT_gammaimcdag    		 1
ESBE_gammaimcdag    		 1
ESFI_gammaimcdag    		 1
ESFR_gammaimcdag    		 1
ESGR_gammaimcdag    		 1
ESIT_gammaimcdag    		 1
ESNL_gammaimcdag    		 1
ESPT_gammaimcdag    		 1
ESDE_gammaimcdag    		 1
ESRU_gammaimcdag    		 1
ESRW_gammaimcdag    		 1
ESUS_gammaimcdag    		 1
ESRA_gammaimi       		 0
ESAT_gammaimi       		 0
ESBE_gammaimi       		 0
ESFI_gammaimi       		 0
ESFR_gammaimi       		 0
ESGR_gammaimi       		 0
ESIT_gammaimi       		 0
ESNL_gammaimi       		 0
ESPT_gammaimi       		 0
ESDE_gammaimi       		 0
ESRU_gammaimi       		 0
ESRW_gammaimi       		 0
ESUS_gammaimi       		 0
ESRA_gammaimidag    		 1
ESAT_gammaimidag    		 1
ESBE_gammaimidag    		 1
ESFI_gammaimidag    		 1
ESFR_gammaimidag    		 1
ESGR_gammaimidag    		 1
ESIT_gammaimidag    		 1
ESNL_gammaimidag    		 1
ESPT_gammaimidag    		 1
ESDE_gammaimidag    		 1
ESRU_gammaimidag    		 1
ESRW_gammaimidag    		 1
ESUS_gammaimidag    		 1
ESRA_gammaimcg      		 0
ESAT_gammaimcg      		 0
ESBE_gammaimcg      		 0
ESFI_gammaimcg      		 0
ESFR_gammaimcg      		 0
ESGR_gammaimcg      		 0
ESIT_gammaimcg      		 0
ESNL_gammaimcg      		 0
ESPT_gammaimcg      		 0
ESDE_gammaimcg      		 0
ESRU_gammaimcg      		 0
ESRW_gammaimcg      		 0
ESUS_gammaimcg      		 0
ESRA_gammaimcgdag   		 1
ESAT_gammaimcgdag   		 1
ESBE_gammaimcgdag   		 1
ESFI_gammaimcgdag   		 1
ESFR_gammaimcgdag   		 1
ESGR_gammaimcgdag   		 1
ESIT_gammaimcgdag   		 1
ESNL_gammaimcgdag   		 1
ESPT_gammaimcgdag   		 1
ESDE_gammaimcgdag   		 1
ESRU_gammaimcgdag   		 1
ESRW_gammaimcgdag   		 1
ESUS_gammaimcgdag   		 1
ESRA_gammaimig      		 0
ESAT_gammaimig      		 0
ESBE_gammaimig      		 0
ESFI_gammaimig      		 0
ESFR_gammaimig      		 0
ESGR_gammaimig      		 0
ESIT_gammaimig      		 0
ESNL_gammaimig      		 0
ESPT_gammaimig      		 0
ESDE_gammaimig      		 0
ESRU_gammaimig      		 0
ESRW_gammaimig      		 0
ESUS_gammaimig      		 0
ESRA_gammaimigdag   		 1
ESAT_gammaimigdag   		 1
ESBE_gammaimigdag   		 1
ESFI_gammaimigdag   		 1
ESFR_gammaimigdag   		 1
ESGR_gammaimigdag   		 1
ESIT_gammaimigdag   		 1
ESNL_gammaimigdag   		 1
ESPT_gammaimigdag   		 1
ESDE_gammaimigdag   		 1
ESRU_gammaimigdag   		 1
ESRW_gammaimigdag   		 1
ESUS_gammaimigdag   		 1
ES_gx               		 3.69743
ESRA_im             		 0.0373753
ESAT_im             		 0.00678824
ESBE_im             		 0.0188542
ESFI_im             		 0.005682
ESFR_im             		 0.11797
ESGR_im             		 0.00303767
ESIT_im             		 0.074663
ESNL_im             		 0.0330953
ESPT_im             		 0.0333238
ESDE_im             		 0.109358
ESRU_im             		 0.0497674
ESRW_im             		 0.456931
ESUS_im             		 0.065877
ESRA_imc            		 0.0202479
ESAT_imc            		 0.0036223
ESBE_imc            		 0.0110656
ESFI_imc            		 0.00292757
ESFR_imc            		 0.0724888
ESGR_imc            		 0.00223348
ESIT_imc            		 0.0429456
ESNL_imc            		 0.0206687
ESPT_imc            		 0.0225061
ESDE_imc            		 0.0566644
ESRU_imc            		 0.0272424
ESRW_imc            		 0.306021
ESUS_imc            		 0.0386936
ESRA_imcy           		 0.00386709
ESAT_imcy           		 0.000908052
ESBE_imcy           		 0.00257055
ESFI_imcy           		 0.000648153
ESFR_imcy           		 0.0161384
ESGR_imcy           		 0.000433196
ESIT_imcy           		 0.00951015
ESNL_imcy           		 0.00409772
ESPT_imcy           		 0.00495216
ESDE_imcy           		 0.0132368
ESRU_imcy           		 0.00596924
ESRW_imcy           		 0.0593652
ESUS_imcy           		 0.00734733
ESRA_imi            		 0.0111961
ESAT_imi            		 0.00252037
ESBE_imi            		 0.00514779
ESFI_imi            		 0.00207297
ESFR_imi            		 0.034116
ESGR_imi            		 0.000525947
ESIT_imi            		 0.0245201
ESNL_imi            		 0.00889311
ESPT_imi            		 0.00810682
ESDE_imi            		 0.041149
ESRU_imi            		 0.0169173
ESRW_imi            		 0.104159
ESUS_imi            		 0.0153034
ESRA_imiy           		 0.0021383
ESAT_imiy           		 0.000631815
ESBE_imiy           		 0.00119584
ESFI_imiy           		 0.000458947
ESFR_imiy           		 0.00759536
ESGR_imiy           		 0.00010201
ESIT_imiy           		 0.00542989
ESNL_imiy           		 0.00176312
ESPT_imiy           		 0.00178379
ESDE_imiy           		 0.00961236
ESRU_imiy           		 0.00370685
ESRW_imiy           		 0.0202058
ESUS_imiy           		 0.00290588
ESRA_imcg           		 0.00533506
ESAT_imcg           		 0.000510084
ESBE_imcg           		 0.00236558
ESFI_imcg           		 0.00057315
ESFR_imcg           		 0.00955185
ESGR_imcg           		 0.000252478
ESIT_imcg           		 0.0058932
ESNL_imcg           		 0.00305967
ESPT_imcg           		 0.00227953
ESDE_imcg           		 0.00935906
ESRU_imcg           		 0.00470952
ESRW_imcg           		 0.0412191
ESUS_imcg           		 0.011069
ESRA_imcgy          		 0.00101893
ESAT_imcgy          		 0.00012787
ESBE_imcgy          		 0.000549527
ESFI_imcgy          		 0.000126893
ESFR_imcgy          		 0.00212656
ESGR_imcgy          		 4.89695e-05
ESIT_imcgy          		 0.00130503
ESNL_imcgy          		 0.000606603
ESPT_imcgy          		 0.000501578
ESDE_imcgy          		 0.00218627
ESRU_imcgy          		 0.00103193
ESRW_imcgy          		 0.00799612
ESUS_imcgy          		 0.00210184
ESRA_imig           		 0.000596275
ESAT_imig           		 0.000135492
ESBE_imig           		 0.000275269
ESFI_imig           		 0.000108313
ESFR_imig           		 0.00181343
ESGR_imig           		 2.57632e-05
ESIT_imig           		 0.00130409
ESNL_imig           		 0.000473824
ESPT_imig           		 0.000431387
ESDE_imig           		 0.00218579
ESRU_imig           		 0.000898143
ESRW_imig           		 0.00553231
ESUS_imig           		 0.00081096
ESRA_imigy          		 0.000113881
ESAT_imigy          		 3.39656e-05
ESBE_imigy          		 6.39453e-05
ESFI_imigy          		 2.398e-05
ESFR_imigy          		 0.000403729
ESGR_imigy          		 4.99691e-06
ESIT_imigy          		 0.000288787
ESNL_imigy          		 9.39391e-05
ESPT_imigy          		 9.49207e-05
ESDE_imigy          		 0.000510599
ESRU_imigy          		 0.000196797
ESRW_imigy          		 0.00107322
ESUS_imigy          		 0.000153989
ES_piex             		 1.00496
ES_pextilde         		 0.936417
ESRA_rer            		 0.871518
ESAT_rer            		 1.08351
ESBE_rer            		 1.0102
ESFI_rer            		 0.991537
ESFR_rer            		 1.00063
ESGR_rer            		 0.901015
ESIT_rer            		 0.998004
ESNL_rer            		 0.923609
ESPT_rer            		 0.995815
ESDE_rer            		 1.03248
ESRU_rer            		 0.987489
ESRW_rer            		 0.856917
ESUS_rer            		 0.832895
ES_sx               		 1
ESRA_tot            		 0.859173
ESAT_tot            		 1.12773
ESBE_tot            		 1.04503
ESFI_tot            		 0.995973
ESFR_tot            		 1.00154
ESGR_tot            		 0.872528
ESIT_tot            		 0.996199
ESNL_tot            		 0.891881
ESPT_tot            		 0.989854
ESDE_tot            		 1.05087
ESRU_tot            		 0.985713
ESRW_tot            		 0.872686
ESUS_tot            		 0.854215
ESRA_weight         		 0.0269262
ESAT_weight         		 0.00795505
ESBE_weight         		 0.0188879
ESFI_weight         		 0.00512038
ESFR_weight         		 0.126128
ESGR_weight         		 0.00494476
ESIT_weight         		 0.0721464
ESNL_weight         		 0.0259283
ESPT_weight         		 0.0443331
ESDE_weight         		 0.106077
ESRU_weight         		 0.0472499
ESRW_weight         		 0.443292
ESUS_weight         		 0.0710106
ESRA_weightex       		 0.0202338
ESAT_weightex       		 0.00779345
ESBE_weightex       		 0.0169905
ESFI_weightex       		 0.00429115
ESFR_weightex       		 0.126761
ESGR_weightex       		 0.00693365
ESIT_weightex       		 0.0657731
ESNL_weightex       		 0.0208761
ESPT_weightex       		 0.0530237
ESDE_weightex       		 0.0911943
ESRU_weightex       		 0.0427347
ESRW_weightex       		 0.461871
ESUS_weightex       		 0.081523
ESRA_weightim       		 0.0340955
ESAT_weightim       		 0.00812816
ESBE_weightim       		 0.0209203
ESFI_weightim       		 0.0060087
ESFR_weightim       		 0.12545
ESGR_weightim       		 0.00281418
ESIT_weightim       		 0.0789738
ESNL_weightim       		 0.0313404
ESPT_weightim       		 0.0350234
ESDE_weightim       		 0.12202
ESRU_weightim       		 0.0520867
ESRW_weightim       		 0.42339
ESUS_weightim       		 0.0597493
ES_b                		 16.7027
ES_bf               		 -6.15108
ES_by               		 3.96803
ES_c                		 2.41716
ES_ci               		 2.6755
ES_cj               		 1.64212
ES_cy               		 0.573797
ES_d                		 0.775004
ES_dn               		 0.196425
ES_dt               		 0.578579
ES_epsilonm         		 -0.750004
ES_etot             		 0.929167
ES_ex               		 1.00892
ES_fh               		 18.5349
ES_fi               		 66.848
ES_fj               		 2.47585
ES_fn               		 10.2782
ES_cg               		 0.827454
ES_gammab           		 0
ES_gammai           		 0
ES_gammaider        		 0
ES_gammau           		 -6.93889e-18
ES_gammauder        		 0.0328507
ES_gammav           		 0.000244162
ES_gammavi          		 0.000101012
ES_gammavider       		 0.00216513
ES_gammavj          		 0.000101012
ES_gammavjder       		 0.00216513
ES_gh               		 22.2418
ES_gi               		 6.07954
ES_gj               		 4.09249
ES_gn               		 15.4173
ES_cgy              		 0.1915
ES_ht               		 2.06104
ES_htc              		 1.02348
ES_hti              		 0.349988
ES_htcg             		 0.583351
ES_htig             		 0.104217
ES_i                		 0.803079
ES_ig               		 0.1448
ES_ii               		 1.07077
ES_im               		 1.00494
ES_imc              		 0.622652
ES_imcy             		 0.129044
ES_imi              		 0.272391
ES_imiy             		 0.05753
ES_imcg             		 0.0954232
ES_imcgy            		 0.0197281
ES_imig             		 0.0144722
ES_imigy            		 0.00305675
ES_imy              		 0.209359
ES_exy              		 0.224275
ES_internalrer      		 1.28103
ES_iy               		 0.186303
ES_igy              		 0.0336
ES_k                		 32.1232
ES_kd               		 32.1232
ES_kdn              		 10.6659
ES_kdt              		 21.4573
ES_ki               		 42.8309
ES_lambdai          		 0.764025
ES_lambdaj          		 1.54293
ES_lcy              		 0.571218
ES_m                		 1.01561
ES_mcn              		 0.780348
ES_mct              		 0.780348
ES_mi               		 1.12416
ES_mj               		 0.689968
ES_mp               		 0.00501559
ES_mpy              		 0.00119155
ES_nd               		 1.65836
ES_ndi              		 0.781635
ES_ndj              		 0.955944
ES_ndn              		 0.550628
ES_ndt              		 1.10773
ES_ni               		 0.781635
ES_nj               		 0.955944
ES_nt               		 1.14291
ES_ntc              		 0.782036
ES_nti              		 0.183448
ES_ntcg             		 0.150974
ES_ntig             		 0.0264546
ES_pex              		 0.936417
ES_pht              		 0.936417
ES_phttilde         		 0.936418
ES_pi               		 0.977256
ES_pcg              		 0.974174
ES_pig              		 0.976745
ES_pic              		 1.00496
ES_pic4             		 1.02
ES_piex4            		 1.02
ES_piht             		 1.00496
ES_piimc            		 1.00496
ES_piimi            		 1.00496
ES_piimcg           		 1.00496
ES_piimig           		 1.00496
ES_piimc4           		 1.02
ES_pim              		 0.877604
ES_pimc             		 0.873051
ES_pimi             		 0.889707
ES_pimcg            		 0.870919
ES_pimig            		 0.889757
ES_pint             		 1.00496
ES_piw              		 1.00496
ES_piw4             		 1.02
ES_pnt              		 1.17052
ES_pnttilde         		 1.17052
ES_pttc             		 0.913738
ES_ptti             		 0.916706
ES_pttcg            		 0.927902
ES_pttig            		 0.931039
ES_py               		 0.999928
ES_q                		 0.977256
ES_qc               		 2.4174
ES_qi               		 0.803079
ES_qcg              		 0.827454
ES_qig              		 0.1448
ES_r                		 1.01242
ES_reer             		 0.91908
ES_rer              		 0.832895
ES_rerdep           		 1
ES_rk               		 0.0321036
ES_rp               		 0
ES_rr               		 1.00742
ES_rrstar           		 1.00742
ES_sh               		 1
ES_si               		 1
ES_sj               		 1
ES_snt              		 1
ES_t                		 0.487579
ES_tauc             		 0.162
ES_taud             		 0
ES_tauk             		 0.0553
ES_taun             		 0.162
ES_tauwf            		 0.2265
ES_tauwh            		 0.0485
ES_tb               		 0.0628346
ES_tby              		 0.014916
ES_ti               		 0.585095
ES_tj               		 0.195032
ES_tot              		 0.854215
ES_tr               		 0.685277
ES_tri              		 0.456851
ES_trj              		 1.37055
ES_try              		 0.1628
ES_ttc              		 1.64381
ES_tti              		 0.621883
ES_ttcg             		 0.678267
ES_ttig             		 0.11865
ES_ty               		 0.115833
ES_u                		 1
ES_utili            		 -15.1223
ES_utilj            		 -86.8616
ES_vi               		 2.38
ES_vj               		 2.38
ES_w                		 1.18305
ES_wcst             		 0
ES_whty             		 0.455864
ES_wi               		 1.31702
ES_witilde          		 1.31702
ES_wj               		 0.975464
ES_wjtilde          		 0.975464
ES_wnty             		 0.486931
ES_wy               		 0.46573
ES_y                		 4.21287
ES_ygap             		 0.000757228
ES_ygrowth          		 1
ES_ygrowth4         		 1
ES_yhty             		 0.682425
ES_ynty             		 0.317575
ES_yshare           		 0.0196997
ES_ysn              		 1.14291
ES_yst              		 3.06996
ES_zcon             		 1
ES_zinv             		 1
ES_zn               		 1
ES_zt               		 1
ES_grev             		 1.75516
ES_gexp             		 1.75516
ES_grevy            		 0.416971
ES_gexpy            		 0.416971
ES_gbal             		 -1.9984e-15
ES_gbaly            		 -4.74757e-16
ES_br               		 0.122368
ES_bry              		 0.0290707
ES_gpbal            		 0.122368
ES_gpbaly           		 0.0290707
ES_tn               		 0.412984
ES_tny              		 0.0981119
ES_tc               		 0.391579
ES_tcy              		 0.0930268
ES_twf              		 0.444374
ES_twfy             		 0.105569
ES_tk               		 0.013629
ES_tky              		 0.00323781
ES_lhs              		 19.2636
ES_rhs              		 19.2636
FIRA_excy           		 0.00475429
FIAT_excy           		 0.00126139
FIBE_excy           		 0.00173094
FIES_excy           		 0.00366908
FIFR_excy           		 0.00665003
FIGR_excy           		 0.000978047
FIIT_excy           		 0.00475329
FINL_excy           		 0.003132
FIPT_excy           		 0.000549672
FIDE_excy           		 0.0139264
FIRU_excy           		 0.0203032
FIRW_excy           		 0.0787748
FIUS_excy           		 0.013975
FIRA_exiy           		 0.00412302
FIAT_exiy           		 0.00133057
FIBE_exiy           		 0.00110023
FIES_exiy           		 0.00259802
FIFR_exiy           		 0.00423093
FIGR_exiy           		 0.000771633
FIIT_exiy           		 0.00352382
FINL_exiy           		 0.00235014
FIPT_exiy           		 0.000525026
FIDE_exiy           		 0.00891252
FIRU_exiy           		 0.015652
FIRW_exiy           		 0.0614312
FIUS_exiy           		 0.0075737
FI_fx               		 4.22363
FIRA_gammaimc       		 0
FIAT_gammaimc       		 0
FIBE_gammaimc       		 0
FIES_gammaimc       		 0
FIFR_gammaimc       		 0
FIGR_gammaimc       		 0
FIIT_gammaimc       		 0
FINL_gammaimc       		 0
FIPT_gammaimc       		 0
FIDE_gammaimc       		 0
FIRU_gammaimc       		 0
FIRW_gammaimc       		 0
FIUS_gammaimc       		 0
FIRA_gammaimcdag    		 1
FIAT_gammaimcdag    		 1
FIBE_gammaimcdag    		 1
FIES_gammaimcdag    		 1
FIFR_gammaimcdag    		 1
FIGR_gammaimcdag    		 1
FIIT_gammaimcdag    		 1
FINL_gammaimcdag    		 1
FIPT_gammaimcdag    		 1
FIDE_gammaimcdag    		 1
FIRU_gammaimcdag    		 1
FIRW_gammaimcdag    		 1
FIUS_gammaimcdag    		 1
FIRA_gammaimi       		 0
FIAT_gammaimi       		 0
FIBE_gammaimi       		 0
FIES_gammaimi       		 0
FIFR_gammaimi       		 0
FIGR_gammaimi       		 0
FIIT_gammaimi       		 0
FINL_gammaimi       		 0
FIPT_gammaimi       		 0
FIDE_gammaimi       		 0
FIRU_gammaimi       		 0
FIRW_gammaimi       		 0
FIUS_gammaimi       		 0
FIRA_gammaimidag    		 1
FIAT_gammaimidag    		 1
FIBE_gammaimidag    		 1
FIES_gammaimidag    		 1
FIFR_gammaimidag    		 1
FIGR_gammaimidag    		 1
FIIT_gammaimidag    		 1
FINL_gammaimidag    		 1
FIPT_gammaimidag    		 1
FIDE_gammaimidag    		 1
FIRU_gammaimidag    		 1
FIRW_gammaimidag    		 1
FIUS_gammaimidag    		 1
FIRA_gammaimcg      		 0
FIAT_gammaimcg      		 0
FIBE_gammaimcg      		 0
FIES_gammaimcg      		 0
FIFR_gammaimcg      		 0
FIGR_gammaimcg      		 0
FIIT_gammaimcg      		 0
FINL_gammaimcg      		 0
FIPT_gammaimcg      		 0
FIDE_gammaimcg      		 0
FIRU_gammaimcg      		 0
FIRW_gammaimcg      		 0
FIUS_gammaimcg      		 0
FIRA_gammaimcgdag   		 1
FIAT_gammaimcgdag   		 1
FIBE_gammaimcgdag   		 1
FIES_gammaimcgdag   		 1
FIFR_gammaimcgdag   		 1
FIGR_gammaimcgdag   		 1
FIIT_gammaimcgdag   		 1
FINL_gammaimcgdag   		 1
FIPT_gammaimcgdag   		 1
FIDE_gammaimcgdag   		 1
FIRU_gammaimcgdag   		 1
FIRW_gammaimcgdag   		 1
FIUS_gammaimcgdag   		 1
FIRA_gammaimig      		 0
FIAT_gammaimig      		 0
FIBE_gammaimig      		 0
FIES_gammaimig      		 0
FIFR_gammaimig      		 0
FIGR_gammaimig      		 0
FIIT_gammaimig      		 0
FINL_gammaimig      		 0
FIPT_gammaimig      		 0
FIDE_gammaimig      		 0
FIRU_gammaimig      		 0
FIRW_gammaimig      		 0
FIUS_gammaimig      		 0
FIRA_gammaimigdag   		 1
FIAT_gammaimigdag   		 1
FIBE_gammaimigdag   		 1
FIES_gammaimigdag   		 1
FIFR_gammaimigdag   		 1
FIGR_gammaimigdag   		 1
FIIT_gammaimigdag   		 1
FINL_gammaimigdag   		 1
FIPT_gammaimigdag   		 1
FIDE_gammaimigdag   		 1
FIRU_gammaimigdag   		 1
FIRW_gammaimigdag   		 1
FIUS_gammaimigdag   		 1
FI_gx               		 5.06836
FIRA_im             		 0.0870463
FIAT_im             		 0.010758
FIBE_im             		 0.0231619
FIES_im             		 0.0223961
FIFR_im             		 0.0433288
FIGR_im             		 0.00412519
FIIT_im             		 0.0363968
FINL_im             		 0.0479664
FIPT_im             		 0.00570274
FIDE_im             		 0.129641
FIRU_im             		 0.218393
FIRW_im             		 0.501661
FIUS_im             		 0.0954739
FIRA_imc            		 0.0488166
FIAT_imc            		 0.00532467
FIBE_imc            		 0.0121826
FIES_imc            		 0.0148377
FIFR_imc            		 0.0242419
FIGR_imc            		 0.00328508
FIIT_imc            		 0.0190183
FINL_imc            		 0.0281514
FIPT_imc            		 0.00392676
FIDE_imc            		 0.0641322
FIRU_imc            		 0.117494
FIRW_imc            		 0.291596
FIUS_imc            		 0.0477565
FIRA_imcy           		 0.00932618
FIAT_imcy           		 0.00133522
FIBE_imcy           		 0.0028309
FIES_imcy           		 0.00329931
FIFR_imcy           		 0.00539871
FIGR_imcy           		 0.000637354
FIIT_imcy           		 0.00421283
FINL_imcy           		 0.00558293
FIPT_imcy           		 0.000864292
FIDE_imcy           		 0.0149858
FIRU_imcy           		 0.0257527
FIRW_imcy           		 0.0565841
FIUS_imcy           		 0.00907099
FIRA_imi            		 0.0253006
FIAT_imi            		 0.00392703
FIBE_imi            		 0.00701387
FIES_imi            		 0.00509522
FIFR_imi            		 0.0130993
FIGR_imi            		 0.000551578
FIIT_imi            		 0.0131325
FINL_imi            		 0.0125417
FIPT_imi            		 0.00116753
FIDE_imi            		 0.0487892
FIRU_imi            		 0.0683303
FIRW_imi            		 0.14141
FIUS_imi            		 0.0312517
FIRA_imiy           		 0.00483356
FIAT_imiy           		 0.000984742
FIBE_imiy           		 0.00162983
FIES_imiy           		 0.00113297
FIFR_imiy           		 0.00291723
FIGR_imiy           		 0.000107014
FIIT_imiy           		 0.00290903
FINL_imiy           		 0.00248725
FIPT_imiy           		 0.000256978
FIDE_imiy           		 0.0114006
FIRU_imiy           		 0.0149768
FIRW_imiy           		 0.0274406
FIUS_imiy           		 0.00593602
FIRA_imcg           		 0.0114646
FIAT_imcg           		 0.00127913
FIBE_imcg           		 0.00356109
FIES_imcg           		 0.00217101
FIFR_imcg           		 0.00522901
FIGR_imcg           		 0.000257617
FIIT_imcg           		 0.00348791
FINL_imcg           		 0.00654746
FIPT_imcg           		 0.000540338
FIDE_imcg           		 0.013901
FIRU_imcg           		 0.0286204
FIRW_imcg           		 0.0604811
FIUS_imcg           		 0.0146596
FIRA_imcgy          		 0.00219025
FIAT_imcgy          		 0.000320755
FIBE_imcgy          		 0.000827497
FIES_imcgy          		 0.000482744
FIFR_imcgy          		 0.00116451
FIGR_imcgy          		 4.99815e-05
FIIT_imcgy          		 0.00077262
FINL_imcgy          		 0.00129848
FIPT_imcgy          		 0.00011893
FIDE_imcgy          		 0.00324825
FIRU_imcgy          		 0.00627309
FIRW_imcgy          		 0.0117363
FIUS_imcgy          		 0.00278449
FIRA_imig           		 0.00146446
FIAT_imig           		 0.000227136
FIBE_imig           		 0.000404279
FIES_imig           		 0.000292166
FIFR_imig           		 0.000758545
FIGR_imig           		 3.09142e-05
FIIT_imig           		 0.000758047
FINL_imig           		 0.000725818
FIPT_imig           		 6.811e-05
FIDE_imig           		 0.0028187
FIRU_imig           		 0.00394797
FIRW_imig           		 0.00817439
FIUS_imig           		 0.00180613
FIRA_imigy          		 0.000279777
FIAT_imigy          		 5.69566e-05
FIBE_imigy          		 9.39431e-05
FIES_imigy          		 6.49658e-05
FIFR_imigy          		 0.000168929
FIGR_imigy          		 5.9978e-06
FIIT_imigy          		 0.000167918
FINL_imigy          		 0.000143943
FIPT_imigy          		 1.49912e-05
FIDE_imigy          		 0.000658647
FIRU_imigy          		 0.000865325
FIRW_imigy          		 0.00158624
FIUS_imigy          		 0.000343061
FI_piex             		 1.00496
FI_pextilde         		 0.940607
FIRA_rer            		 0.878957
FIAT_rer            		 1.09276
FIBE_rer            		 1.01882
FIES_rer            		 1.00854
FIFR_rer            		 1.00917
FIGR_rer            		 0.908706
FIIT_rer            		 1.00652
FINL_rer            		 0.931492
FIPT_rer            		 1.00431
FIDE_rer            		 1.0413
FIRU_rer            		 0.995918
FIRW_rer            		 0.864231
FIUS_rer            		 0.840004
FI_sx               		 1
FIRA_tot            		 0.862647
FIAT_tot            		 1.13228
FIBE_tot            		 1.04925
FIES_tot            		 1.00404
FIFR_tot            		 1.00559
FIGR_tot            		 0.876055
FIIT_tot            		 1.00023
FINL_tot            		 0.895486
FIPT_tot            		 0.993856
FIDE_tot            		 1.05512
FIRU_tot            		 0.989699
FIRW_tot            		 0.876214
FIUS_tot            		 0.857669
FIRA_weight         		 0.0465561
FIAT_weight         		 0.0103777
FIBE_weight         		 0.0160103
FIES_weight         		 0.0220976
FIFR_weight         		 0.0406933
FIGR_weight         		 0.00480828
FIIT_weight         		 0.0323411
FINL_weight         		 0.029192
FIPT_weight         		 0.00438403
FIDE_weight         		 0.101385
FIRU_weight         		 0.149553
FIRW_weight         		 0.459059
FIUS_weight         		 0.0835425
FIRA_weightex       		 0.0305877
FIAT_weightex       		 0.010128
FIBE_weightex       		 0.011623
FIES_weightex       		 0.0240724
FIFR_weightex       		 0.0427602
FIGR_weightex       		 0.00616694
FIIT_weightex       		 0.0326933
FINL_weightex       		 0.0221792
FIPT_weightex       		 0.00389955
FIDE_weightex       		 0.0860295
FIRU_weightex       		 0.116466
FIRW_weightex       		 0.520113
FIUS_weightex       		 0.0932805
FIRA_weightim       		 0.0658311
FIAT_weightim       		 0.0106791
FIBE_weightim       		 0.021306
FIES_weightim       		 0.0197139
FIFR_weightim       		 0.0381983
FIGR_weightim       		 0.00316828
FIIT_weightim       		 0.0319161
FINL_weightim       		 0.0376569
FIPT_weightim       		 0.00496884
FIDE_weightim       		 0.11992
FIRU_weightim       		 0.189491
FIRW_weightim       		 0.385362
FIUS_weightim       		 0.071788
FI_b                		 13.5741
FI_bf               		 -21.5651
FI_by               		 3.19783
FI_c                		 1.98311
FI_ci               		 2.09161
FI_cj               		 1.65759
FI_cy               		 0.466918
FI_d                		 0.671137
FI_dn               		 0.182815
FI_dt               		 0.488322
FI_epsilonm         		 -0.750004
FI_etot             		 0.924983
FI_ex               		 1.37685
FI_fh               		 16.3908
FI_fi               		 97.0003
FI_fj               		 3.5926
FI_fn               		 9.56842
FI_cg               		 1.0782
FI_gammab           		 0
FI_gammai           		 0
FI_gammaider        		 0
FI_gammau           		 -3.4271e-17
FI_gammauder        		 0.0330119
FI_gammav           		 0.000200317
FI_gammavi          		 0.000101012
FI_gammavider       		 0.00216513
FI_gammavj          		 0.000101012
FI_gammavjder       		 0.00216513
FI_gh               		 19.6689
FI_gi               		 8.46686
FI_gj               		 3.72925
FI_gn               		 14.3526
FI_cgy              		 0.2483
FI_ht               		 1.8145
FI_htc              		 0.676699
FI_hti              		 0.278791
FI_htcg             		 0.733565
FI_htig             		 0.125445
FI_i                		 0.833927
FI_ig               		 0.178961
FI_ii               		 1.1119
FI_im               		 1.21661
FI_imc              		 0.675686
FI_imcy             		 0.139881
FI_imi              		 0.368577
FI_imiy             		 0.0770126
FI_imcg             		 0.151046
FI_imcgy            		 0.0312679
FI_imig             		 0.0213014
FI_imigy            		 0.00445069
FI_imy              		 0.252613
FI_exy              		 0.304923
FI_internalrer      		 1.29027
FI_iy               		 0.191291
FI_igy              		 0.0413
FI_k                		 33.3571
FI_kd               		 33.3571
FI_kdn              		 9.91178
FI_kdt              		 23.4453
FI_ki               		 44.4761
FI_lambdai          		 1.11649
FI_lambdaj          		 1.47529
FI_lcy              		 0.589388
FI_m                		 0.833239
FI_mcn              		 0.783839
FI_mct              		 0.783839
FI_mi               		 0.878829
FI_mj               		 0.696469
FI_mp               		 0.00411494
FI_mpy              		 0.00096941
FI_nd               		 1.6898
FI_ndi              		 0.868771
FI_ndj              		 0.878538
FI_ndn              		 0.502108
FI_ndt              		 1.18769
FI_ni               		 0.868771
FI_nj               		 0.878538
FI_nt               		 1.05925
FI_ntc              		 0.640175
FI_nti              		 0.189777
FI_ntcg             		 0.196624
FI_ntig             		 0.0326703
FI_pex              		 0.940607
FI_pht              		 0.940607
FI_phttilde         		 0.940607
FI_pi               		 0.974251
FI_pcg              		 0.977535
FI_pig              		 0.979598
FI_pic              		 1.00496
FI_pic4             		 1.02
FI_piex4            		 1.02
FI_piht             		 1.00496
FI_piimc            		 1.00496
FI_piimi            		 1.00496
FI_piimcg           		 1.00496
FI_piimig           		 1.00496
FI_piimc4           		 1.02
FI_pim              		 0.881878
FI_pimc             		 0.879266
FI_pimi             		 0.887439
FI_pimcg            		 0.879217
FI_pimig            		 0.887412
FI_pint             		 1.00496
FI_piw              		 1.00496
FI_piw4             		 1.02
FI_pnt              		 1.17576
FI_pnttilde         		 1.17576
FI_pttc             		 0.911251
FI_ptti             		 0.911289
FI_pttcg            		 0.930836
FI_pttig            		 0.933353
FI_py               		 0.999207
FI_q                		 0.974251
FI_qc               		 1.98331
FI_qi               		 0.833927
FI_qcg              		 1.0782
FI_qig              		 0.178961
FI_r                		 1.01242
FI_reer             		 0.918889
FI_rer              		 0.840004
FI_rerdep           		 1
FI_rk               		 0.0321619
FI_rp               		 0
FI_rr               		 1.00742
FI_rrstar           		 1.00742
FI_sh               		 1
FI_si               		 1
FI_sj               		 1
FI_snt              		 1
FI_t                		 0.481328
FI_tauc             		 0.2686
FI_taud             		 0
FI_tauk             		 0.0743
FI_taun             		 0.2686
FI_tauwf            		 0.2221
FI_tauwh            		 0.0668
FI_tb               		 0.222172
FI_tby              		 0.05231
FI_ti               		 0.577593
FI_tj               		 0.192531
FI_tot              		 0.857669
FI_tr               		 0.850656
FI_tri              		 0.567104
FI_trj              		 1.70131
FI_try              		 0.2004
FI_ttc              		 1.35047
FI_tti              		 0.646691
FI_ttcg             		 0.883934
FI_ttig             		 0.146673
FI_ty               		 0.113393
FI_u                		 1
FI_utili            		 -43.7934
FI_utilj            		 -73.7129
FI_vi               		 2.38
FI_vj               		 2.38
FI_w                		 1.21218
FI_wcst             		 0
FI_whty             		 0.479606
FI_wi               		 1.32263
FI_witilde          		 1.32263
FI_wj               		 1.02359
FI_wjtilde          		 1.02359
FI_wnty             		 0.488706
FI_wy               		 0.482274
FI_y                		 4.2506
FI_ygap             		 0.000555097
FI_ygrowth          		 1
FI_ygrowth4         		 1
FI_yhty             		 0.706769
FI_ynty             		 0.293231
FI_yshare           		 0.00348
FI_ysn              		 1.05925
FI_yst              		 3.19135
FI_zcon             		 1
FI_zinv             		 1
FI_zn               		 1
FI_zt               		 1
FI_grev             		 2.17939
FI_gexp             		 2.17939
FI_grevy            		 0.513428
FI_gexpy            		 0.513428
FI_gbal             		 -3.9968e-15
FI_gbaly            		 -9.41579e-16
FI_br               		 0.0994468
FI_bry              		 0.023428
FI_gpbal            		 0.0994468
FI_gpbaly           		 0.023428
FI_tn               		 0.687009
FI_tny              		 0.161848
FI_tc               		 0.532663
FI_tcy              		 0.125486
FI_twf              		 0.454934
FI_twfy             		 0.107175
FI_tk               		 0.0193456
FI_tky              		 0.0045575
FI_lhs              		 16.4161
FI_rhs              		 16.4161
FRRA_excy           		 0.00266589
FRAT_excy           		 0.00084724
FRBE_excy           		 0.00611933
FRES_excy           		 0.00820409
FRFI_excy           		 0.000484818
FRGR_excy           		 0.000952241
FRIT_excy           		 0.0108681
FRNL_excy           		 0.00330886
FRPT_excy           		 0.00150235
FRDE_excy           		 0.012421
FRRU_excy           		 0.00532626
FRRW_excy           		 0.0626869
FRUS_excy           		 0.0136156
FRRA_exiy           		 0.00250107
FRAT_exiy           		 0.000502427
FRBE_exiy           		 0.00246405
FRES_exiy           		 0.00386116
FRFI_exiy           		 0.000261975
FRGR_exiy           		 0.000285999
FRIT_exiy           		 0.00392202
FRNL_exiy           		 0.00129274
FRPT_exiy           		 0.000569314
FRDE_exiy           		 0.00637885
FRRU_exiy           		 0.00309853
FRRW_exiy           		 0.0294041
FRUS_exiy           		 0.00518442
FR_fx               		 2.89068
FRRA_gammaimc       		 0
FRAT_gammaimc       		 0
FRBE_gammaimc       		 0
FRES_gammaimc       		 0
FRFI_gammaimc       		 0
FRGR_gammaimc       		 0
FRIT_gammaimc       		 0
FRNL_gammaimc       		 0
FRPT_gammaimc       		 0
FRDE_gammaimc       		 0
FRRU_gammaimc       		 0
FRRW_gammaimc       		 0
FRUS_gammaimc       		 0
FRRA_gammaimcdag    		 1
FRAT_gammaimcdag    		 1
FRBE_gammaimcdag    		 1
FRES_gammaimcdag    		 1
FRFI_gammaimcdag    		 1
FRGR_gammaimcdag    		 1
FRIT_gammaimcdag    		 1
FRNL_gammaimcdag    		 1
FRPT_gammaimcdag    		 1
FRDE_gammaimcdag    		 1
FRRU_gammaimcdag    		 1
FRRW_gammaimcdag    		 1
FRUS_gammaimcdag    		 1
FRRA_gammaimi       		 0
FRAT_gammaimi       		 0
FRBE_gammaimi       		 0
FRES_gammaimi       		 0
FRFI_gammaimi       		 0
FRGR_gammaimi       		 0
FRIT_gammaimi       		 0
FRNL_gammaimi       		 0
FRPT_gammaimi       		 0
FRDE_gammaimi       		 0
FRRU_gammaimi       		 0
FRRW_gammaimi       		 0
FRUS_gammaimi       		 0
FRRA_gammaimidag    		 1
FRAT_gammaimidag    		 1
FRBE_gammaimidag    		 1
FRES_gammaimidag    		 1
FRFI_gammaimidag    		 1
FRGR_gammaimidag    		 1
FRIT_gammaimidag    		 1
FRNL_gammaimidag    		 1
FRPT_gammaimidag    		 1
FRDE_gammaimidag    		 1
FRRU_gammaimidag    		 1
FRRW_gammaimidag    		 1
FRUS_gammaimidag    		 1
FRRA_gammaimcg      		 0
FRAT_gammaimcg      		 0
FRBE_gammaimcg      		 0
FRES_gammaimcg      		 0
FRFI_gammaimcg      		 0
FRGR_gammaimcg      		 0
FRIT_gammaimcg      		 0
FRNL_gammaimcg      		 0
FRPT_gammaimcg      		 0
FRDE_gammaimcg      		 0
FRRU_gammaimcg      		 0
FRRW_gammaimcg      		 0
FRUS_gammaimcg      		 0
FRRA_gammaimcgdag   		 1
FRAT_gammaimcgdag   		 1
FRBE_gammaimcgdag   		 1
FRES_gammaimcgdag   		 1
FRFI_gammaimcgdag   		 1
FRGR_gammaimcgdag   		 1
FRIT_gammaimcgdag   		 1
FRNL_gammaimcgdag   		 1
FRPT_gammaimcgdag   		 1
FRDE_gammaimcgdag   		 1
FRRU_gammaimcgdag   		 1
FRRW_gammaimcgdag   		 1
FRUS_gammaimcgdag   		 1
FRRA_gammaimig      		 0
FRAT_gammaimig      		 0
FRBE_gammaimig      		 0
FRES_gammaimig      		 0
FRFI_gammaimig      		 0
FRGR_gammaimig      		 0
FRIT_gammaimig      		 0
FRNL_gammaimig      		 0
FRPT_gammaimig      		 0
FRDE_gammaimig      		 0
FRRU_gammaimig      		 0
FRRW_gammaimig      		 0
FRUS_gammaimig      		 0
FRRA_gammaimigdag   		 1
FRAT_gammaimigdag   		 1
FRBE_gammaimigdag   		 1
FRES_gammaimigdag   		 1
FRFI_gammaimigdag   		 1
FRGR_gammaimigdag   		 1
FRIT_gammaimigdag   		 1
FRNL_gammaimigdag   		 1
FRPT_gammaimigdag   		 1
FRDE_gammaimigdag   		 1
FRRU_gammaimigdag   		 1
FRRW_gammaimigdag   		 1
FRUS_gammaimigdag   		 1
FR_gx               		 3.46881
FRRA_im             		 0.045295
FRAT_im             		 0.00786968
FRBE_im             		 0.0480582
FRES_im             		 0.0720384
FRFI_im             		 0.00503648
FRGR_im             		 0.00342504
FRIT_im             		 0.0801363
FRNL_im             		 0.0405562
FRPT_im             		 0.0121639
FRDE_im             		 0.123622
FRRU_im             		 0.0558047
FRRW_im             		 0.426615
FRUS_im             		 0.0850917
FRRA_imc            		 0.0270323
FRAT_imc            		 0.00450456
FRBE_imc            		 0.0306865
FRES_imc            		 0.0501359
FRFI_imc            		 0.00269753
FRGR_imc            		 0.0028838
FRIT_imc            		 0.0510881
FRNL_imc            		 0.0275705
FRPT_imc            		 0.0088882
FRDE_imc            		 0.0715543
FRRU_imc            		 0.0333901
FRRW_imc            		 0.288223
FRUS_imc            		 0.0472875
FRRA_imcy           		 0.00516254
FRAT_imcy           		 0.00112916
FRBE_imcy           		 0.00712812
FRES_imcy           		 0.0111442
FRFI_imcy           		 0.00059719
FRGR_imcy           		 0.000559299
FRIT_imcy           		 0.0113127
FRNL_imcy           		 0.00546575
FRPT_imcy           		 0.00195562
FRDE_imcy           		 0.0167141
FRRU_imcy           		 0.00731589
FRRW_imcy           		 0.0559096
FRUS_imcy           		 0.0089787
FRRA_imi            		 0.0120235
FRAT_imi            		 0.00245664
FRBE_imi            		 0.0119574
FRES_imi            		 0.0161181
FRFI_imi            		 0.00171624
FRGR_imi            		 0.000314548
FRIT_imi            		 0.0215315
FRNL_imi            		 0.00874207
FRPT_imi            		 0.00241759
FRDE_imi            		 0.03901
FRRU_imi            		 0.0159643
FRRW_imi            		 0.092352
FRUS_imi            		 0.0230982
FRRA_imiy           		 0.0022962
FRAT_imiy           		 0.000615807
FRBE_imiy           		 0.00277757
FRES_imiy           		 0.00358272
FRFI_imiy           		 0.000379949
FRGR_imiy           		 6.1005e-05
FRIT_imiy           		 0.00476781
FRNL_imiy           		 0.00173309
FRPT_imiy           		 0.000531927
FRDE_imiy           		 0.00911221
FRRU_imiy           		 0.00349784
FRRW_imiy           		 0.0179145
FRUS_imiy           		 0.00438575
FRRA_imcg           		 0.00557497
FRAT_imcg           		 0.000773
FRBE_imcg           		 0.00475207
FRES_imcg           		 0.00489004
FRFI_imcg           		 0.000527955
FRGR_imcg           		 0.000211231
FRIT_imcg           		 0.0063256
FRNL_imcg           		 0.00375986
FRPT_imcg           		 0.000726452
FRDE_imcg           		 0.0109019
FRRU_imcg           		 0.0055705
FRRW_imcg           		 0.0409359
FRUS_imcg           		 0.0134318
FRRA_imcgy          		 0.00106469
FRAT_imcgy          		 0.000193768
FRBE_imcgy          		 0.00110385
FRES_imcgy          		 0.00108696
FRFI_imcgy          		 0.000116881
FRGR_imcgy          		 4.09672e-05
FRIT_imcgy          		 0.00140071
FRNL_imcgy          		 0.000745379
FRPT_imcgy          		 0.000159837
FRDE_imcgy          		 0.00254653
FRRU_imcgy          		 0.00122052
FRRW_imcgy          		 0.00794075
FRUS_imcgy          		 0.00255035
FRRA_imig           		 0.000664187
FRAT_imig           		 0.000135475
FRBE_imig           		 0.000662282
FRES_imig           		 0.000894412
FRFI_imig           		 9.47615e-05
FRGR_imig           		 1.5456e-05
FRIT_imig           		 0.00119113
FRNL_imig           		 0.000483844
FRPT_imig           		 0.00013167
FRDE_imig           		 0.00215557
FRRU_imig           		 0.000879795
FRRW_imig           		 0.00510412
FRUS_imig           		 0.0012742
FRRA_imigy          		 0.000126844
FRAT_imigy          		 3.39595e-05
FRBE_imigy          		 0.000153841
FRES_imigy          		 0.00019881
FRFI_imigy          		 2.09787e-05
FRGR_imigy          		 2.99761e-06
FRIT_imigy          		 0.000263757
FRNL_imigy          		 9.59204e-05
FRPT_imigy          		 2.89705e-05
FRDE_imigy          		 0.000503513
FRRU_imigy          		 0.000192766
FRRW_imigy          		 0.000990099
FRUS_imigy          		 0.000241939
FR_piex             		 1.00496
FR_pextilde         		 0.937271
FRRA_rer            		 0.870973
FRAT_rer            		 1.08283
FRBE_rer            		 1.00957
FRES_rer            		 0.999375
FRFI_rer            		 0.990917
FRGR_rer            		 0.900452
FRIT_rer            		 0.99738
FRNL_rer            		 0.923032
FRPT_rer            		 0.995192
FRDE_rer            		 1.03184
FRRU_rer            		 0.986872
FRRW_rer            		 0.856381
FRUS_rer            		 0.832374
FR_sx               		 1
FRRA_tot            		 0.857854
FRAT_tot            		 1.12599
FRBE_tot            		 1.04343
FRES_tot            		 0.998464
FRFI_tot            		 0.994444
FRGR_tot            		 0.871188
FRIT_tot            		 0.994669
FRNL_tot            		 0.890511
FRPT_tot            		 0.988334
FRDE_tot            		 1.04925
FRRU_tot            		 0.9842
FRRW_tot            		 0.871346
FRUS_tot            		 0.852903
FRRA_weight         		 0.0342673
FRAT_weight         		 0.00877799
FRBE_weight         		 0.046157
FRES_weight         		 0.0676511
FRFI_weight         		 0.0049259
FRGR_weight         		 0.00480808
FRIT_weight         		 0.0786692
FRNL_weight         		 0.0322618
FRPT_weight         		 0.0112301
FRDE_weight         		 0.118048
FRRU_weight         		 0.0525821
FRRW_weight         		 0.446873
FRUS_weight         		 0.0937483
FRRA_weightex       		 0.0270435
FRAT_weightex       		 0.00808264
FRBE_weightex       		 0.0387462
FRES_weightex       		 0.0584479
FRFI_weightex       		 0.00449772
FRGR_weightex       		 0.00640442
FRIT_weightex       		 0.0721264
FRNL_weightex       		 0.0259542
FRPT_weightex       		 0.00961568
FRDE_weightex       		 0.0975468
FRRU_weightex       		 0.0464686
FRRW_weightex       		 0.495414
FRUS_weightex       		 0.109651
FRRA_weightim       		 0.0415769
FRAT_weightim       		 0.0094816
FRBE_weightim       		 0.0536559
FRES_weightim       		 0.0769637
FRFI_weightim       		 0.00535916
FRGR_weightim       		 0.00319276
FRIT_weightim       		 0.0852898
FRNL_weightim       		 0.0386443
FRPT_weightim       		 0.0128637
FRDE_weightim       		 0.138792
FRRU_weightim       		 0.0587683
FRRW_weightim       		 0.397756
FRUS_weightim       		 0.0776561
FR_b                		 20.8381
FR_bf               		 -1.01987
FR_by               		 4.95372
FR_c                		 2.26353
FR_ci               		 2.40233
FR_cj               		 1.84711
FR_cy               		 0.537634
FR_d                		 0.957683
FR_dn               		 0.19416
FR_dt               		 0.763523
FR_epsilonm         		 -0.750004
FR_etot             		 0.924079
FR_ex               		 0.945677
FR_fh               		 19.2231
FR_fi               		 31.5445
FR_fj               		 1.16832
FR_fn               		 10.158
FR_cg               		 1.05854
FR_gammab           		 0
FR_gammai           		 0
FR_gammaider        		 0
FR_gammau           		 0
FR_gammauder        		 0.0329424
FR_gammav           		 0.000228643
FR_gammavi          		 0.000101012
FR_gammavider       		 0.00216513
FR_gammavj          		 0.000101012
FR_gammavjder       		 0.00216513
FR_gh               		 23.0677
FR_gi               		 5.14173
FR_gj               		 2.39142
FR_gn               		 15.237
FR_cgy              		 0.2457
FR_ht               		 2.13561
FR_htc              		 0.901162
FR_hti              		 0.341775
FR_htcg             		 0.770528
FR_htig             		 0.122147
FR_i                		 0.757568
FR_ig               		 0.165579
FR_ii               		 1.01009
FR_im               		 0.997288
FR_imc              		 0.64067
FR_imcy             		 0.133373
FR_imi              		 0.245504
FR_imiy             		 0.0516563
FR_imcg             		 0.0975491
FR_imcgy            		 0.0201712
FR_imig             		 0.0135655
FR_imigy            		 0.0028544
FR_imy              		 0.208055
FR_exy              		 0.210528
FR_internalrer      		 1.28291
FR_iy               		 0.175882
FR_igy              		 0.0385
FR_k                		 30.3027
FR_kd               		 30.3027
FR_kdn              		 10.5093
FR_kdt              		 19.7934
FR_ki               		 40.4036
FR_lambdai          		 0.969907
FR_lambdaj          		 1.35331
FR_lcy              		 0.540771
FR_m                		 0.951062
FR_mcn              		 0.781059
FR_mct              		 0.781059
FR_mi               		 1.00938
FR_mj               		 0.776097
FR_mp               		 0.00469681
FR_mpy              		 0.00111655
FR_nd               		 1.55409
FR_ndi              		 0.790438
FR_ndj              		 0.819073
FR_ndn              		 0.538975
FR_ndt              		 1.01511
FR_ni               		 0.790438
FR_nj               		 0.819073
FR_nt               		 1.12852
FR_ntc              		 0.731998
FR_nti              		 0.172991
FR_ntcg             		 0.193269
FR_ntig             		 0.0302578
FR_pex              		 0.937271
FR_pht              		 0.937271
FR_phttilde         		 0.937271
FR_pi               		 0.97746
FR_pcg              		 0.976389
FR_pig              		 0.978097
FR_pic              		 1.00496
FR_pic4             		 1.02
FR_piex4            		 1.02
FR_piht             		 1.00496
FR_piimc            		 1.00496
FR_piimi            		 1.00496
FR_piimcg           		 1.00496
FR_piimig           		 1.00496
FR_piimc4           		 1.02
FR_pim              		 0.878326
FR_pimc             		 0.876459
FR_pimi             		 0.885858
FR_pimcg            		 0.870575
FR_pimig            		 0.885887
FR_pint             		 1.00496
FR_piw              		 1.00496
FR_piw4             		 1.02
FR_pnt              		 1.17159
FR_pnttilde         		 1.17159
FR_pttc             		 0.913231
FR_ptti             		 0.916655
FR_pttcg            		 0.930367
FR_pttig            		 0.932451
FR_py               		 1.00008
FR_q                		 0.97746
FR_qc               		 2.26375
FR_qi               		 0.757568
FR_qcg              		 1.05854
FR_qig              		 0.165579
FR_r                		 1.01242
FR_reer             		 0.913465
FR_rer              		 0.832374
FR_rerdep           		 1
FR_rk               		 0.0321999
FR_rp               		 0
FR_rr               		 1.00742
FR_rrstar           		 1.00742
FR_sh               		 1
FR_si               		 1
FR_sj               		 1
FR_snt              		 1
FR_t                		 0.770902
FR_tauc             		 0.2135
FR_taud             		 0
FR_tauk             		 0.0662
FR_taun             		 0.2135
FR_tauwf            		 0.2925
FR_tauwh            		 0.1109
FR_tb               		 0.0104117
FR_tby              		 0.002473
FR_ti               		 0.925082
FR_tj               		 0.308361
FR_tot              		 0.852903
FR_tr               		 1.01294
FR_tri              		 0.675291
FR_trj              		 2.02587
FR_try              		 0.2408
FR_ttc              		 1.53976
FR_tti              		 0.586718
FR_ttcg             		 0.867525
FR_ttig             		 0.135666
FR_ty               		 0.183262
FR_u                		 1
FR_utili            		 -20.3561
FR_utilj            		 -54.4825
FR_vi               		 2.38
FR_vj               		 2.38
FR_w                		 1.13346
FR_wcst             		 0
FR_whty             		 0.398403
FR_wi               		 1.23982
FR_witilde          		 1.23982
FR_wj               		 0.954116
FR_wjtilde          		 0.954116
FR_wnty             		 0.462054
FR_wy               		 0.418392
FR_y                		 4.2098
FR_ygap             		 0.00086078
FR_ygrowth          		 1
FR_ygrowth4         		 1
FR_yhty             		 0.685961
FR_ynty             		 0.314039
FR_yshare           		 0.0387516
FR_ysn              		 1.12852
FR_yst              		 3.08129
FR_zcon             		 1
FR_zinv             		 1
FR_zn               		 1
FR_zt               		 1
FR_grev             		 2.3611
FR_gexp             		 2.3611
FR_grevy            		 0.561292
FR_gexpy            		 0.561292
FR_gbal             		 -6.66134e-15
FR_gbaly            		 -1.58356e-15
FR_br               		 0.152664
FR_bry              		 0.0362921
FR_gpbal            		 0.152664
FR_gpbaly           		 0.0362921
FR_tn               		 0.571429
FR_tny              		 0.135843
FR_tc               		 0.483263
FR_tcy              		 0.114883
FR_twf              		 0.515237
FR_twfy             		 0.122485
FR_tk               		 0.0155736
FR_tky              		 0.00370223
FR_lhs              		 23.89
FR_rhs              		 23.89
GRRA_excy           		 0.00486073
GRAT_excy           		 0.00164668
GRBE_excy           		 0.00133514
GRES_excy           		 0.00220926
GRFI_excy           		 0.0005742
GRFR_excy           		 0.00561096
GRIT_excy           		 0.0111687
GRNL_excy           		 0.00202915
GRPT_excy           		 0.00036264
GRDE_excy           		 0.0139303
GRRU_excy           		 0.0093848
GRRW_excy           		 0.0733322
GRUS_excy           		 0.0246558
GRRA_exiy           		 0.00110029
GRAT_exiy           		 0.000174822
GRBE_exiy           		 0.000238876
GRES_exiy           		 0.000520243
GRFI_exiy           		 9.64103e-05
GRFR_exiy           		 0.00061201
GRIT_exiy           		 0.00152707
GRNL_exiy           		 0.000218353
GRPT_exiy           		 7.07445e-05
GRDE_exiy           		 0.00152658
GRRU_exiy           		 0.00198339
GRRW_exiy           		 0.0176697
GRUS_exiy           		 0.00172274
GR_fx               		 2.95098
GRRA_gammaimc       		 0
GRAT_gammaimc       		 0
GRBE_gammaimc       		 0
GRES_gammaimc       		 0
GRFI_gammaimc       		 0
GRFR_gammaimc       		 0
GRIT_gammaimc       		 0
GRNL_gammaimc       		 0
GRPT_gammaimc       		 0
GRDE_gammaimc       		 0
GRRU_gammaimc       		 0
GRRW_gammaimc       		 0
GRUS_gammaimc       		 0
GRRA_gammaimcdag    		 1
GRAT_gammaimcdag    		 1
GRBE_gammaimcdag    		 1
GRES_gammaimcdag    		 1
GRFI_gammaimcdag    		 1
GRFR_gammaimcdag    		 1
GRIT_gammaimcdag    		 1
GRNL_gammaimcdag    		 1
GRPT_gammaimcdag    		 1
GRDE_gammaimcdag    		 1
GRRU_gammaimcdag    		 1
GRRW_gammaimcdag    		 1
GRUS_gammaimcdag    		 1
GRRA_gammaimi       		 0
GRAT_gammaimi       		 0
GRBE_gammaimi       		 0
GRES_gammaimi       		 0
GRFI_gammaimi       		 0
GRFR_gammaimi       		 0
GRIT_gammaimi       		 0
GRNL_gammaimi       		 0
GRPT_gammaimi       		 0
GRDE_gammaimi       		 0
GRRU_gammaimi       		 0
GRRW_gammaimi       		 0
GRUS_gammaimi       		 0
GRRA_gammaimidag    		 1
GRAT_gammaimidag    		 1
GRBE_gammaimidag    		 1
GRES_gammaimidag    		 1
GRFI_gammaimidag    		 1
GRFR_gammaimidag    		 1
GRIT_gammaimidag    		 1
GRNL_gammaimidag    		 1
GRPT_gammaimidag    		 1
GRDE_gammaimidag    		 1
GRRU_gammaimidag    		 1
GRRW_gammaimidag    		 1
GRUS_gammaimidag    		 1
GRRA_gammaimcg      		 0
GRAT_gammaimcg      		 0
GRBE_gammaimcg      		 0
GRES_gammaimcg      		 0
GRFI_gammaimcg      		 0
GRFR_gammaimcg      		 0
GRIT_gammaimcg      		 0
GRNL_gammaimcg      		 0
GRPT_gammaimcg      		 0
GRDE_gammaimcg      		 0
GRRU_gammaimcg      		 0
GRRW_gammaimcg      		 0
GRUS_gammaimcg      		 0
GRRA_gammaimcgdag   		 1
GRAT_gammaimcgdag   		 1
GRBE_gammaimcgdag   		 1
GRES_gammaimcgdag   		 1
GRFI_gammaimcgdag   		 1
GRFR_gammaimcgdag   		 1
GRIT_gammaimcgdag   		 1
GRNL_gammaimcgdag   		 1
GRPT_gammaimcgdag   		 1
GRDE_gammaimcgdag   		 1
GRRU_gammaimcgdag   		 1
GRRW_gammaimcgdag   		 1
GRUS_gammaimcgdag   		 1
GRRA_gammaimig      		 0
GRAT_gammaimig      		 0
GRBE_gammaimig      		 0
GRES_gammaimig      		 0
GRFI_gammaimig      		 0
GRFR_gammaimig      		 0
GRIT_gammaimig      		 0
GRNL_gammaimig      		 0
GRPT_gammaimig      		 0
GRDE_gammaimig      		 0
GRRU_gammaimig      		 0
GRRW_gammaimig      		 0
GRUS_gammaimig      		 0
GRRA_gammaimigdag   		 1
GRAT_gammaimigdag   		 1
GRBE_gammaimigdag   		 1
GRES_gammaimigdag   		 1
GRFI_gammaimigdag   		 1
GRFR_gammaimigdag   		 1
GRIT_gammaimigdag   		 1
GRNL_gammaimigdag   		 1
GRPT_gammaimigdag   		 1
GRDE_gammaimigdag   		 1
GRRU_gammaimigdag   		 1
GRRW_gammaimigdag   		 1
GRUS_gammaimigdag   		 1
GR_gx               		 3.54117
GRRA_im             		 0.0384275
GRAT_im             		 0.0112635
GRBE_im             		 0.0255688
GRES_im             		 0.0391689
GRFI_im             		 0.00819489
GRFR_im             		 0.0652749
GRIT_im             		 0.130404
GRNL_im             		 0.0460437
GRPT_im             		 0.0032383
GRDE_im             		 0.115176
GRRU_im             		 0.0828688
GRRW_im             		 0.520178
GRUS_im             		 0.075438
GRRA_imc            		 0.0246253
GRAT_imc            		 0.00683408
GRBE_imc            		 0.0164151
GRES_imc            		 0.0272599
GRFI_imc            		 0.00398277
GRFR_imc            		 0.0429402
GRIT_imc            		 0.0788404
GRNL_imc            		 0.0328962
GRPT_imc            		 0.00236986
GRDE_imc            		 0.0703563
GRRU_imc            		 0.0570314
GRRW_imc            		 0.358136
GRUS_imc            		 0.0462352
GRRA_imcy           		 0.00469971
GRAT_imcy           		 0.00171195
GRBE_imcy           		 0.00381049
GRES_imcy           		 0.00605526
GRFI_imcy           		 0.000881134
GRFR_imcy           		 0.009553
GRIT_imcy           		 0.0174463
GRNL_imcy           		 0.00651719
GRPT_imcy           		 0.000521078
GRDE_imcy           		 0.0164233
GRRU_imcy           		 0.0124874
GRRW_imcy           		 0.0694248
GRUS_imcy           		 0.00877301
GRRA_imi            		 0.00698484
GRAT_imi            		 0.00310598
GRBE_imi            		 0.00457169
GRES_imi            		 0.00761497
GRFI_imi            		 0.00314222
GRFR_imi            		 0.0128968
GRIT_imi            		 0.0351114
GRNL_imi            		 0.00840285
GRPT_imi            		 0.00057319
GRDE_imi            		 0.0282352
GRRU_imi            		 0.0167211
GRRW_imi            		 0.103973
GRUS_imi            		 0.0206852
GRRA_imiy           		 0.00133305
GRAT_imiy           		 0.000778055
GRBE_imiy           		 0.00106124
GRES_imiy           		 0.00169152
GRFI_imiy           		 0.000695173
GRFR_imiy           		 0.00286918
GRIT_imiy           		 0.00776967
GRNL_imiy           		 0.00166472
GRPT_imiy           		 0.000126031
GRDE_imiy           		 0.00659096
GRRU_imiy           		 0.00366119
GRRW_imiy           		 0.0201551
GRUS_imiy           		 0.00392497
GRRA_imcg           		 0.00623131
GRAT_imcg           		 0.00106432
GRBE_imcg           		 0.00419907
GRES_imcg           		 0.00365558
GRFI_imcg           		 0.000808066
GRFR_imcg           		 0.00836034
GRIT_imcg           		 0.0135186
GRNL_imcg           		 0.0040438
GRPT_imcg           		 0.000245281
GRDE_imcg           		 0.0142267
GRRU_imcg           		 0.0077208
GRRW_imcg           		 0.0493827
GRUS_imcg           		 0.00678981
GRRA_imcgy          		 0.00118924
GRAT_imcgy          		 0.000266614
GRBE_imcgy          		 0.000974743
GRES_imcgy          		 0.000812016
GRFI_imcgy          		 0.000178773
GRFR_imcgy          		 0.00185994
GRIT_imcgy          		 0.00299149
GRNL_imcgy          		 0.000801133
GRPT_imcgy          		 5.39315e-05
GRDE_imcgy          		 0.00332095
GRRU_imcgy          		 0.00169052
GRRW_imcgy          		 0.00957286
GRUS_imcgy          		 0.00128835
GRRA_imig           		 0.000585981
GRAT_imig           		 0.000259102
GRBE_imig           		 0.000382904
GRES_imig           		 0.000638486
GRFI_imig           		 0.00026183
GRFR_imig           		 0.00107759
GRIT_imig           		 0.00293391
GRNL_imig           		 0.000700853
GRPT_imig           		 4.99642e-05
GRDE_imig           		 0.00235756
GRRU_imig           		 0.00139548
GRRW_imig           		 0.00868727
GRUS_imig           		 0.00172773
GRRA_imigy          		 0.000111834
GRAT_imigy          		 6.49057e-05
GRBE_imigy          		 8.88848e-05
GRES_imigy          		 0.000141827
GRFI_imigy          		 5.79262e-05
GRFR_imigy          		 0.000239733
GRIT_imigy          		 0.000649234
GRNL_imigy          		 0.000138849
GRPT_imigy          		 1.0986e-05
GRDE_imigy          		 0.000550325
GRRU_imigy          		 0.000305551
GRRW_imigy          		 0.00168403
GRUS_imigy          		 0.000327832
GR_piex             		 1.00496
GR_pextilde         		 0.90681
GRRA_rer            		 0.967262
GRAT_rer            		 1.20255
GRBE_rer            		 1.12118
GRES_rer            		 1.10986
GRFI_rer            		 1.10047
GRFR_rer            		 1.11055
GRIT_rer            		 1.10764
GRNL_rer            		 1.02508
GRPT_rer            		 1.10521
GRDE_rer            		 1.14591
GRRU_rer            		 1.09597
GRRW_rer            		 0.951057
GRUS_rer            		 0.924396
GR_sx               		 1
GRRA_tot            		 0.984694
GRAT_tot            		 1.29248
GRBE_tot            		 1.1977
GRES_tot            		 1.1461
GRFI_tot            		 1.14148
GRFR_tot            		 1.14786
GRIT_tot            		 1.14174
GRNL_tot            		 1.02218
GRPT_tot            		 1.13447
GRDE_tot            		 1.2044
GRRU_tot            		 1.12972
GRRW_tot            		 1.00018
GRUS_tot            		 0.979012
GRRA_weight         		 0.0306507
GRAT_weight         		 0.0109907
GRBE_weight         		 0.018076
GRES_weight         		 0.0277915
GRFI_weight         		 0.00604221
GRFR_weight         		 0.0500673
GRIT_weight         		 0.0955583
GRNL_weight         		 0.027586
GRPT_weight         		 0.00285428
GRDE_weight         		 0.0997605
GRRU_weight         		 0.068716
GRRW_weight         		 0.460406
GRUS_weight         		 0.1015
GRRA_weightex       		 0.030766
GRAT_weightex       		 0.0100405
GRBE_weightex       		 0.00981752
GRES_weightex       		 0.017291
GRFI_weightex       		 0.00416579
GRFR_weightex       		 0.0371103
GRIT_weightex       		 0.0649324
GRNL_weightex       		 0.0146524
GRPT_weightex       		 0.00271465
GRDE_weightex       		 0.0845421
GRRU_weightex       		 0.0601687
GRRW_weightex       		 0.510355
GRUS_weightex       		 0.153444
GRRA_weightim       		 0.0305579
GRAT_weightim       		 0.0117565
GRBE_weightim       		 0.0247309
GRES_weightim       		 0.0362529
GRFI_weightim       		 0.00755426
GRFR_weightim       		 0.0605082
GRIT_weightim       		 0.120237
GRNL_weightim       		 0.0380082
GRPT_weightim       		 0.0029668
GRDE_weightim       		 0.112024
GRRU_weightim       		 0.0756036
GRRW_weightim       		 0.420157
GRUS_weightim       		 0.0596428
GR_b                		 32.6681
GR_bf               		 19.2321
GR_by               		 6.98973
GR_c                		 3.13609
GR_ci               		 3.6456
GR_cj               		 1.60755
GR_cy               		 0.670284
GR_d                		 2.03973
GR_dn               		 0.232305
GR_dt               		 1.80743
GR_epsilonm         		 -0.750004
GR_etot             		 1.05717
GR_ex               		 0.997832
GR_fh               		 21.0548
GR_fi               		 38.2372
GR_fj               		 1.41619
GR_fn               		 12.1506
GR_cg               		 0.998323
GR_gammab           		 0
GR_gammai           		 0
GR_gammaider        		 0
GR_gammau           		 0
GR_gammauder        		 0.0327636
GR_gammav           		 0.000316782
GR_gammavi          		 0.000101012
GR_gammavider       		 0.00216513
GR_gammavj          		 0.000101012
GR_gammavjder       		 0.00216513
GR_gh               		 25.2658
GR_gi               		 2.45842
GR_gj               		 2.63292
GR_gn               		 18.2258
GR_cgy              		 0.205
GR_ht               		 2.41769
GR_htc              		 1.3531
GR_hti              		 0.218219
GR_htcg             		 0.697932
GR_htig             		 0.148434
GR_i                		 0.608847
GR_ig               		 0.206837
GR_ii               		 0.811797
GR_im               		 1.15224
GR_imc              		 0.76209
GR_imcy             		 0.158305
GR_imi              		 0.249992
GR_imiy             		 0.0523209
GR_imcg             		 0.11927
GR_imcgy            		 0.0250006
GR_imig             		 0.0208894
GR_imigy            		 0.00437192
GR_imy              		 0.239998
GR_exy              		 0.193395
GR_internalrer      		 1.21677
GR_iy               		 0.129116
GR_igy              		 0.0424
GR_k                		 24.3539
GR_kd               		 24.3539
GR_kdn              		 12.451
GR_kdt              		 11.9029
GR_ki               		 32.4719
GR_lambdai          		 0.499729
GR_lambdaj          		 1.6056
GR_lcy              		 0.39483
GR_m                		 1.31768
GR_mcn              		 0.755675
GR_mct              		 0.755675
GR_mi               		 1.53176
GR_mj               		 0.675441
GR_mp               		 0.00650737
GR_mpy              		 0.00139233
GR_nd               		 1.30639
GR_ndi              		 0.555426
GR_ndj              		 0.836467
GR_ndn              		 0.667896
GR_ndt              		 0.638491
GR_ni               		 0.555426
GR_nj               		 0.836467
GR_nt               		 1.39523
GR_ntc              		 1.03107
GR_nti              		 0.142408
GR_ntcg             		 0.183722
GR_ntig             		 0.0380317
GR_pex              		 0.90681
GR_pht              		 0.90681
GR_phttilde         		 0.906811
GR_pi               		 0.992205
GR_pcg              		 0.959723
GR_pig              		 0.958079
GR_pic              		 1.00496
GR_pic4             		 1.02
GR_piex4            		 1.02
GR_piht             		 1.00496
GR_piimc            		 1.00496
GR_piimi            		 1.00496
GR_piimcg           		 1.00496
GR_piimig           		 1.00496
GR_piimc4           		 1.02
GR_pim              		 0.974524
GR_pimc             		 0.971887
GR_pimi             		 0.979214
GR_pimcg            		 0.980724
GR_pimig            		 0.979209
GR_pint             		 1.00496
GR_piw              		 1.00496
GR_piw4             		 1.02
GR_pnt              		 1.13351
GR_pnttilde         		 1.13351
GR_pttc             		 0.931572
GR_ptti             		 0.947191
GR_pttcg            		 0.918534
GR_pttig            		 0.916523
GR_py               		 0.972559
GR_q                		 0.992205
GR_qc               		 3.1364
GR_qi               		 0.608847
GR_qcg              		 0.998323
GR_qig              		 0.206837
GR_r                		 1.01242
GR_reer             		 1.0114
GR_rer              		 0.924396
GR_rerdep           		 1
GR_rk               		 0.0325082
GR_rp               		 0
GR_rr               		 1.00742
GR_rrstar           		 1.00742
GR_sh               		 1
GR_si               		 1
GR_sj               		 1
GR_snt              		 1
GR_t                		 0.715421
GR_tauc             		 0.1927
GR_taud             		 0
GR_tauk             		 0.0447
GR_taun             		 0.1927
GR_tauwf            		 0.1809
GR_tauwh            		 0.2193
GR_tb               		 -0.218043
GR_tby              		 -0.046603
GR_ti               		 0.858505
GR_tj               		 0.286168
GR_tot              		 0.979012
GR_tr               		 0.866509
GR_tri              		 0.577673
GR_trj              		 1.73302
GR_try              		 0.1854
GR_ttc              		 2.11221
GR_tti              		 0.46736
GR_ttcg             		 0.816369
GR_ttig             		 0.169179
GR_ty               		 0.153073
GR_u                		 1
GR_utili            		 35.5738
GR_utilj            		 -74.1077
GR_vi               		 2.38
GR_vj               		 2.38
GR_w                		 1.19744
GR_wcst             		 0
GR_whty             		 0.246851
GR_wi               		 1.36516
GR_witilde          		 1.36516
GR_wj               		 0.963665
GR_wjtilde          		 0.963665
GR_wnty             		 0.505698
GR_wy               		 0.334346
GR_y                		 4.81075
GR_ygap             		 0.00108411
GR_ygrowth          		 1
GR_ygrowth4         		 1
GR_yhty             		 0.66198
GR_ynty             		 0.33802
GR_yshare           		 0.00386275
GR_ysn              		 1.39523
GR_yst              		 3.41552
GR_zcon             		 1
GR_zinv             		 1
GR_zn               		 1
GR_zt               		 1
GR_grev             		 2.26212
GR_gexp             		 2.26212
GR_grevy            		 0.484008
GR_gexpy            		 0.484008
GR_gbal             		 9.32587e-15
GR_gbaly            		 1.99538e-15
GR_br               		 0.239334
GR_bry              		 0.0512083
GR_gpbal            		 0.239334
GR_gpbaly           		 0.0512083
GR_tn               		 0.6445
GR_tny              		 0.137898
GR_tc               		 0.604324
GR_tcy              		 0.129302
GR_twf              		 0.282985
GR_twfy             		 0.0605481
GR_tk               		 0.00838576
GR_tky              		 0.00179423
GR_lhs              		 35.8407
GR_rhs              		 35.8407
ITRA_excy           		 0.00333497
ITAT_excy           		 0.00262204
ITBE_excy           		 0.00165435
ITES_excy           		 0.00600393
ITFI_excy           		 0.000469832
ITFR_excy           		 0.014049
ITGR_excy           		 0.00215968
ITNL_excy           		 0.00162364
ITPT_excy           		 0.00103697
ITDE_excy           		 0.0135834
ITRU_excy           		 0.00710522
ITRW_excy           		 0.0585456
ITUS_excy           		 0.016834
ITRA_exiy           		 0.00211299
ITAT_exiy           		 0.00116848
ITBE_exiy           		 0.000989047
ITES_exiy           		 0.00342799
ITFI_exiy           		 0.000324427
ITFR_exiy           		 0.00592105
ITGR_exiy           		 0.00096181
ITNL_exiy           		 0.000768226
ITPT_exiy           		 0.000595218
ITDE_exiy           		 0.00567844
ITRU_exiy           		 0.00455364
ITRW_exiy           		 0.0352666
ITUS_exiy           		 0.00646259
IT_fx               		 2.99359
ITRA_gammaimc       		 0
ITAT_gammaimc       		 0
ITBE_gammaimc       		 0
ITES_gammaimc       		 0
ITFI_gammaimc       		 0
ITFR_gammaimc       		 0
ITGR_gammaimc       		 0
ITNL_gammaimc       		 0
ITPT_gammaimc       		 0
ITDE_gammaimc       		 0
ITRU_gammaimc       		 0
ITRW_gammaimc       		 0
ITUS_gammaimc       		 0
ITRA_gammaimcdag    		 1
ITAT_gammaimcdag    		 1
ITBE_gammaimcdag    		 1
ITES_gammaimcdag    		 1
ITFI_gammaimcdag    		 1
ITFR_gammaimcdag    		 1
ITGR_gammaimcdag    		 1
ITNL_gammaimcdag    		 1
ITPT_gammaimcdag    		 1
ITDE_gammaimcdag    		 1
ITRU_gammaimcdag    		 1
ITRW_gammaimcdag    		 1
ITUS_gammaimcdag    		 1
ITRA_gammaimi       		 0
ITAT_gammaimi       		 0
ITBE_gammaimi       		 0
ITES_gammaimi       		 0
ITFI_gammaimi       		 0
ITFR_gammaimi       		 0
ITGR_gammaimi       		 0
ITNL_gammaimi       		 0
ITPT_gammaimi       		 0
ITDE_gammaimi       		 0
ITRU_gammaimi       		 0
ITRW_gammaimi       		 0
ITUS_gammaimi       		 0
ITRA_gammaimidag    		 1
ITAT_gammaimidag    		 1
ITBE_gammaimidag    		 1
ITES_gammaimidag    		 1
ITFI_gammaimidag    		 1
ITFR_gammaimidag    		 1
ITGR_gammaimidag    		 1
ITNL_gammaimidag    		 1
ITPT_gammaimidag    		 1
ITDE_gammaimidag    		 1
ITRU_gammaimidag    		 1
ITRW_gammaimidag    		 1
ITUS_gammaimidag    		 1
ITRA_gammaimcg      		 0
ITAT_gammaimcg      		 0
ITBE_gammaimcg      		 0
ITES_gammaimcg      		 0
ITFI_gammaimcg      		 0
ITFR_gammaimcg      		 0
ITGR_gammaimcg      		 0
ITNL_gammaimcg      		 0
ITPT_gammaimcg      		 0
ITDE_gammaimcg      		 0
ITRU_gammaimcg      		 0
ITRW_gammaimcg      		 0
ITUS_gammaimcg      		 0
ITRA_gammaimcgdag   		 1
ITAT_gammaimcgdag   		 1
ITBE_gammaimcgdag   		 1
ITES_gammaimcgdag   		 1
ITFI_gammaimcgdag   		 1
ITFR_gammaimcgdag   		 1
ITGR_gammaimcgdag   		 1
ITNL_gammaimcgdag   		 1
ITPT_gammaimcgdag   		 1
ITDE_gammaimcgdag   		 1
ITRU_gammaimcgdag   		 1
ITRW_gammaimcgdag   		 1
ITUS_gammaimcgdag   		 1
ITRA_gammaimig      		 0
ITAT_gammaimig      		 0
ITBE_gammaimig      		 0
ITES_gammaimig      		 0
ITFI_gammaimig      		 0
ITFR_gammaimig      		 0
ITGR_gammaimig      		 0
ITNL_gammaimig      		 0
ITPT_gammaimig      		 0
ITDE_gammaimig      		 0
ITRU_gammaimig      		 0
ITRW_gammaimig      		 0
ITUS_gammaimig      		 0
ITRA_gammaimigdag   		 1
ITAT_gammaimigdag   		 1
ITBE_gammaimigdag   		 1
ITES_gammaimigdag   		 1
ITFI_gammaimigdag   		 1
ITFR_gammaimigdag   		 1
ITGR_gammaimigdag   		 1
ITNL_gammaimigdag   		 1
ITPT_gammaimigdag   		 1
ITDE_gammaimigdag   		 1
ITRU_gammaimigdag   		 1
ITRW_gammaimigdag   		 1
ITUS_gammaimigdag   		 1
IT_gx               		 3.59231
ITRA_im             		 0.0644316
ITAT_im             		 0.0194818
ITBE_im             		 0.0240998
ITES_im             		 0.0436051
ITFI_im             		 0.00458045
ITFR_im             		 0.0898379
ITGR_im             		 0.00859824
ITNL_im             		 0.0369385
ITPT_im             		 0.00470448
ITDE_im             		 0.119096
ITRU_im             		 0.0629585
ITRW_im             		 0.415153
ITUS_im             		 0.0502944
ITRA_imc            		 0.0419637
ITAT_imc            		 0.0125948
ITBE_imc            		 0.0154236
ITES_imc            		 0.0311992
ITFI_imc            		 0.00239456
ITFR_imc            		 0.0606286
ITGR_imc            		 0.00712887
ITNL_imc            		 0.0246965
ITPT_imc            		 0.00337311
ITDE_imc            		 0.0714148
ITRU_imc            		 0.041251
ITRW_imc            		 0.289872
ITUS_imc            		 0.0322531
ITRA_imcy           		 0.00801389
ITAT_imcy           		 0.00315707
ITBE_imcy           		 0.00358264
ITES_imcy           		 0.00693478
ITFI_imcy           		 0.000530106
ITFR_imcy           		 0.0134969
ITGR_imcy           		 0.00138258
ITNL_imcy           		 0.00489589
ITPT_imcy           		 0.000742147
ITDE_imcy           		 0.0166811
ITRU_imcy           		 0.00903803
ITRW_imcy           		 0.0562281
ITUS_imcy           		 0.00612389
ITRA_imi            		 0.0150562
ITAT_imi            		 0.00538859
ITBE_imi            		 0.00582022
ITES_imi            		 0.00943011
ITFI_imi            		 0.00177519
ITFR_imi            		 0.0218793
ITGR_imi            		 0.000974715
ITNL_imi            		 0.00922759
ITPT_imi            		 0.000995344
ITDE_imi            		 0.0384501
ITRU_imi            		 0.017162
ITRW_imi            		 0.0872861
ITUS_imi            		 0.011938
ITRA_imiy           		 0.00287532
ITAT_imiy           		 0.00135073
ITBE_imiy           		 0.00135194
ITES_imiy           		 0.00209607
ITFI_imiy           		 0.000392991
ITFR_imiy           		 0.00487068
ITGR_imiy           		 0.000189036
ITNL_imiy           		 0.0018293
ITPT_imiy           		 0.000218994
ITDE_imiy           		 0.00898122
ITRU_imiy           		 0.00376017
ITRW_imiy           		 0.0169314
ITUS_imiy           		 0.00226667
ITRA_imcg           		 0.00680492
ITAT_imcg           		 0.00127921
ITBE_imcg           		 0.00261938
ITES_imcg           		 0.0025937
ITFI_imcg           		 0.00033848
ITFR_imcg           		 0.00645477
ITGR_imcg           		 0.000453436
ITNL_imcg           		 0.00264134
ITPT_imcg           		 0.000295162
ITDE_imcg           		 0.00767814
ITRU_imcg           		 0.00385247
ITRW_imcg           		 0.0344768
ITUS_imcg           		 0.00562411
ITRA_imcgy          		 0.00129955
ITAT_imcgy          		 0.000320653
ITBE_imcgy          		 0.000608437
ITES_imcgy          		 0.000576512
ITFI_imcgy          		 7.49323e-05
ITFR_imcgy          		 0.00143694
ITGR_imcgy          		 8.79396e-05
ITNL_imcgy          		 0.000523624
ITPT_imcgy          		 6.49412e-05
ITDE_imcgy          		 0.00179347
ITRU_imcgy          		 0.000844072
ITRW_imcgy          		 0.00668766
ITUS_imcgy          		 0.00106785
ITRA_imig           		 0.000606743
ITAT_imig           		 0.00021918
ITBE_imig           		 0.000236562
ITES_imig           		 0.000382088
ITFI_imig           		 7.22091e-05
ITFR_imig           		 0.000875301
ITGR_imig           		 4.12216e-05
ITNL_imig           		 0.000373014
ITPT_imig           		 4.08687e-05
ITDE_imig           		 0.00155274
ITRU_imig           		 0.000692991
ITRW_imig           		 0.00351826
ITUS_imig           		 0.000479209
ITRA_imigy          		 0.000115871
ITAT_imigy          		 5.49406e-05
ITBE_imigy          		 5.49493e-05
ITES_imigy          		 8.49282e-05
ITFI_imigy          		 1.59856e-05
ITFR_imigy          		 0.000194856
ITGR_imigy          		 7.99452e-06
ITNL_imigy          		 7.3947e-05
ITPT_imigy          		 8.99187e-06
ITDE_imigy          		 0.00036269
ITRU_imigy          		 0.000151833
ITRW_imigy          		 0.000682456
ITUS_imigy          		 9.09873e-05
IT_piex             		 1.00496
IT_pextilde         		 0.934724
ITRA_rer            		 0.873261
ITAT_rer            		 1.08568
ITBE_rer            		 1.01222
ITES_rer            		 1.002
ITFI_rer            		 0.99352
ITFR_rer            		 1.00263
ITGR_rer            		 0.902817
ITNL_rer            		 0.925456
ITPT_rer            		 0.997806
ITDE_rer            		 1.03455
ITRU_rer            		 0.989464
ITRW_rer            		 0.858631
ITUS_rer            		 0.834561
IT_sx               		 1
ITRA_tot            		 0.862451
ITAT_tot            		 1.13203
ITBE_tot            		 1.04902
ITES_tot            		 1.00382
ITFI_tot            		 0.999774
ITFR_tot            		 1.00536
ITGR_tot            		 0.875857
ITNL_tot            		 0.895284
ITPT_tot            		 0.993631
ITDE_tot            		 1.05488
ITRU_tot            		 0.989475
ITRW_tot            		 0.876016
ITUS_tot            		 0.857474
ITRA_weight         		 0.0440595
ITAT_weight         		 0.0208209
ITBE_weight         		 0.0211011
ITES_weight         		 0.0474429
ITFI_weight         		 0.00484976
ITFR_weight         		 0.097771
ITGR_weight         		 0.011573
ITNL_weight         		 0.0257366
ITPT_weight         		 0.00647571
ITDE_weight         		 0.117602
ITRU_weight         		 0.0635628
ITRW_weight         		 0.45049
ITUS_weight         		 0.0885187
ITRA_weightex       		 0.0270259
ITAT_weightex       		 0.0170545
ITBE_weightex       		 0.0143
ITES_weightex       		 0.0454604
ITFI_weightex       		 0.00454022
ITFR_weightex       		 0.0935688
ITGR_weightex       		 0.0142936
ITNL_weightex       		 0.0151649
ITPT_weightex       		 0.00752898
ITDE_weightex       		 0.0952429
ITRU_weightex       		 0.057188
ITRW_weightex       		 0.484564
ITUS_weightex       		 0.124068
ITRA_weightim       		 0.0630336
ITAT_weightim       		 0.0250164
ITBE_weightim       		 0.028677
ITES_weightim       		 0.0496513
ITFI_weightim       		 0.00519455
ITFR_weightim       		 0.102452
ITGR_weightim       		 0.00854243
ITNL_weightim       		 0.0375127
ITPT_weightim       		 0.00530243
ITDE_weightim       		 0.142507
ITRU_weightim       		 0.0706639
ITRW_weightim       		 0.412534
ITUS_weightim       		 0.0489192
IT_b                		 25.8463
IT_bf               		 -9.17126
IT_by               		 6.12774
IT_c                		 2.48646
IT_ci               		 2.74364
IT_cj               		 1.71491
IT_cy               		 0.589023
IT_d                		 1.18771
IT_dn               		 0.196427
IT_dt               		 0.991278
IT_epsilonm         		 -0.750004
IT_etot             		 0.928411
IT_ex               		 0.982014
IT_fh               		 18.8774
IT_fi               		 16.6079
IT_fj               		 0.615109
IT_fn               		 10.2778
IT_cg               		 0.854975
IT_gammab           		 0
IT_gammai           		 0
IT_gammaider        		 0
IT_gammau           		 -6.93889e-18
IT_gammauder        		 0.0328325
IT_gammav           		 0.000251162
IT_gammavi          		 0.000101012
IT_gammavider       		 0.00216513
IT_gammavj          		 0.000101012
IT_gammavjder       		 0.00216513
IT_gh               		 22.6529
IT_gi               		 3.38726
IT_gj               		 2.22154
IT_gn               		 15.4167
IT_cgy              		 0.1975
IT_ht               		 2.10293
IT_htc              		 1.06314
IT_hti              		 0.325947
IT_htcg             		 0.626537
IT_htig             		 0.0873005
IT_i                		 0.709021
IT_ig               		 0.117525
IT_ii               		 0.945362
IT_im               		 0.935496
IT_imc              		 0.62874
IT_imcy             		 0.130807
IT_imi              		 0.223282
IT_imiy             		 0.0471145
IT_imcg             		 0.074468
IT_imcgy            		 0.0153866
IT_imig             		 0.00900552
IT_imigy            		 0.00190043
IT_imy              		 0.195209
IT_exy              		 0.217447
IT_internalrer      		 1.2773
IT_iy               		 0.164161
IT_igy              		 0.0272
IT_k                		 28.3609
IT_kd               		 28.3609
IT_kdn              		 10.6701
IT_kdt              		 17.6908
IT_ki               		 37.8145
IT_lambdai          		 0.73283
IT_lambdaj          		 1.44188
IT_lcy              		 0.503049
IT_m                		 1.04473
IT_mcn              		 0.778936
IT_mct              		 0.778936
IT_mi               		 1.15279
IT_mj               		 0.720551
IT_mp               		 0.00515939
IT_mpy              		 0.00122321
IT_nd               		 1.48903
IT_ndi              		 0.705722
IT_ndj              		 0.853085
IT_ndn              		 0.560213
IT_ndt              		 0.928821
IT_ni               		 0.705722
IT_nj               		 0.853085
IT_nt               		 1.14494
IT_ntc              		 0.805186
IT_nti              		 0.162118
IT_ntcg             		 0.15615
IT_ntig             		 0.0214848
IT_pex              		 0.934724
IT_pht              		 0.934724
IT_phttilde         		 0.934724
IT_pi               		 0.977369
IT_pcg              		 0.974342
IT_pig              		 0.976192
IT_pic              		 1.00496
IT_pic4             		 1.02
IT_piex4            		 1.02
IT_piht             		 1.00496
IT_piimc            		 1.00496
IT_piimi            		 1.00496
IT_piimcg           		 1.00496
IT_piimig           		 1.00496
IT_piimc4           		 1.02
IT_pim              		 0.880852
IT_pimc             		 0.87823
IT_pimi             		 0.890738
IT_pimcg            		 0.872208
IT_pimig            		 0.890824
IT_pint             		 1.00496
IT_piw              		 1.00496
IT_piw4             		 1.02
IT_pnt              		 1.1684
IT_pnttilde         		 1.16841
IT_pttc             		 0.914746
IT_ptti             		 0.917477
IT_pttcg            		 0.928578
IT_pttig            		 0.930837
IT_py               		 0.997976
IT_q                		 0.977369
IT_qc               		 2.48671
IT_qi               		 0.709021
IT_qcg              		 0.854975
IT_qig              		 0.117525
IT_r                		 1.01242
IT_reer             		 0.915556
IT_rer              		 0.834561
IT_rerdep           		 1
IT_rk               		 0.0320895
IT_rp               		 0
IT_rr               		 1.00742
IT_rrstar           		 1.00742
IT_sh               		 1
IT_si               		 1
IT_sj               		 1
IT_snt              		 1
IT_t                		 0.568169
IT_tauc             		 0.1874
IT_taud             		 0
IT_tauk             		 0.0531
IT_taun             		 0.1874
IT_tauwf            		 0.3089
IT_tauwh            		 0.0831
IT_tb               		 0.0938737
IT_tby              		 0.022238
IT_ti               		 0.681803
IT_tj               		 0.227268
IT_tot              		 0.857474
IT_tr               		 0.853705
IT_tri              		 0.569137
IT_trj              		 1.70741
IT_try              		 0.2024
IT_ttc              		 1.69
IT_tti              		 0.548848
IT_ttcg             		 0.700631
IT_ttig             		 0.0962835
IT_ty               		 0.134704
IT_u                		 1
IT_utili            		 -5.70812
IT_utilj            		 -69.6923
IT_vi               		 2.38
IT_vj               		 2.38
IT_w                		 1.08955
IT_wcst             		 0
IT_whty             		 0.350953
IT_wi               		 1.21139
IT_witilde          		 1.21139
IT_wj               		 0.899648
IT_wjtilde          		 0.899648
IT_wnty             		 0.456273
IT_wy               		 0.38433
IT_y                		 4.22988
IT_ygap             		 0.000804186
IT_ygrowth          		 1
IT_ygrowth4         		 1
IT_yhty             		 0.683096
IT_ynty             		 0.316904
IT_yshare           		 0.031204
IT_ysn              		 1.14494
IT_yst              		 3.08494
IT_zcon             		 1
IT_zinv             		 1
IT_zn               		 1
IT_zt               		 1
IT_grev             		 1.99083
IT_gexp             		 1.99083
IT_grevy            		 0.471993
IT_gexpy            		 0.471993
IT_gbal             		 4.44089e-16
IT_gbaly            		 1.05287e-16
IT_br               		 0.189355
IT_bry              		 0.0448932
IT_gpbal            		 0.189355
IT_gpbaly           		 0.0448932
IT_tn               		 0.438853
IT_tny              		 0.104045
IT_tc               		 0.465962
IT_tcy              		 0.110472
IT_twf              		 0.501153
IT_twfy             		 0.118815
IT_tk               		 0.0115285
IT_tky              		 0.00273323
IT_lhs              		 28.5597
IT_rhs              		 28.5597
NLRA_excy           		 0.00537266
NLAT_excy           		 0.00229727
NLBE_excy           		 0.0163409
NLES_excy           		 0.00698745
NLFI_excy           		 0.00168174
NLFR_excy           		 0.018334
NLGR_excy           		 0.00217908
NLIT_excy           		 0.0132239
NLPT_excy           		 0.00184652
NLDE_excy           		 0.0459275
NLRU_excy           		 0.0159704
NLRW_excy           		 0.100937
NLUS_excy           		 0.0177504
NLRA_exiy           		 0.00301392
NLAT_exiy           		 0.00109304
NLBE_exiy           		 0.00661162
NLES_exiy           		 0.00300648
NLFI_exiy           		 0.00074923
NLFR_exiy           		 0.00581336
NLGR_exiy           		 0.000556616
NLIT_exiy           		 0.00494095
NLPT_exiy           		 0.00077376
NLDE_exiy           		 0.0117705
NLRU_exiy           		 0.00692395
NLRW_exiy           		 0.0432936
NLUS_exiy           		 0.00662396
NL_fx               		 5.73948
NLRA_gammaimc       		 0
NLAT_gammaimc       		 0
NLBE_gammaimc       		 0
NLES_gammaimc       		 0
NLFI_gammaimc       		 0
NLFR_gammaimc       		 0
NLGR_gammaimc       		 0
NLIT_gammaimc       		 0
NLPT_gammaimc       		 0
NLDE_gammaimc       		 0
NLRU_gammaimc       		 0
NLRW_gammaimc       		 0
NLUS_gammaimc       		 0
NLRA_gammaimcdag    		 1
NLAT_gammaimcdag    		 1
NLBE_gammaimcdag    		 1
NLES_gammaimcdag    		 1
NLFI_gammaimcdag    		 1
NLFR_gammaimcdag    		 1
NLGR_gammaimcdag    		 1
NLIT_gammaimcdag    		 1
NLPT_gammaimcdag    		 1
NLDE_gammaimcdag    		 1
NLRU_gammaimcdag    		 1
NLRW_gammaimcdag    		 1
NLUS_gammaimcdag    		 1
NLRA_gammaimi       		 0
NLAT_gammaimi       		 0
NLBE_gammaimi       		 0
NLES_gammaimi       		 0
NLFI_gammaimi       		 0
NLFR_gammaimi       		 0
NLGR_gammaimi       		 0
NLIT_gammaimi       		 0
NLPT_gammaimi       		 0
NLDE_gammaimi       		 0
NLRU_gammaimi       		 0
NLRW_gammaimi       		 0
NLUS_gammaimi       		 0
NLRA_gammaimidag    		 1
NLAT_gammaimidag    		 1
NLBE_gammaimidag    		 1
NLES_gammaimidag    		 1
NLFI_gammaimidag    		 1
NLFR_gammaimidag    		 1
NLGR_gammaimidag    		 1
NLIT_gammaimidag    		 1
NLPT_gammaimidag    		 1
NLDE_gammaimidag    		 1
NLRU_gammaimidag    		 1
NLRW_gammaimidag    		 1
NLUS_gammaimidag    		 1
NLRA_gammaimcg      		 0
NLAT_gammaimcg      		 0
NLBE_gammaimcg      		 0
NLES_gammaimcg      		 0
NLFI_gammaimcg      		 0
NLFR_gammaimcg      		 0
NLGR_gammaimcg      		 0
NLIT_gammaimcg      		 0
NLPT_gammaimcg      		 0
NLDE_gammaimcg      		 0
NLRU_gammaimcg      		 0
NLRW_gammaimcg      		 0
NLUS_gammaimcg      		 0
NLRA_gammaimcgdag   		 1
NLAT_gammaimcgdag   		 1
NLBE_gammaimcgdag   		 1
NLES_gammaimcgdag   		 1
NLFI_gammaimcgdag   		 1
NLFR_gammaimcgdag   		 1
NLGR_gammaimcgdag   		 1
NLIT_gammaimcgdag   		 1
NLPT_gammaimcgdag   		 1
NLDE_gammaimcgdag   		 1
NLRU_gammaimcgdag   		 1
NLRW_gammaimcgdag   		 1
NLUS_gammaimcgdag   		 1
NLRA_gammaimig      		 0
NLAT_gammaimig      		 0
NLBE_gammaimig      		 0
NLES_gammaimig      		 0
NLFI_gammaimig      		 0
NLFR_gammaimig      		 0
NLGR_gammaimig      		 0
NLIT_gammaimig      		 0
NLPT_gammaimig      		 0
NLDE_gammaimig      		 0
NLRU_gammaimig      		 0
NLRW_gammaimig      		 0
NLUS_gammaimig      		 0
NLRA_gammaimigdag   		 1
NLAT_gammaimigdag   		 1
NLBE_gammaimigdag   		 1
NLES_gammaimigdag   		 1
NLFI_gammaimigdag   		 1
NLFR_gammaimigdag   		 1
NLGR_gammaimigdag   		 1
NLIT_gammaimigdag   		 1
NLPT_gammaimigdag   		 1
NLDE_gammaimigdag   		 1
NLRU_gammaimigdag   		 1
NLRW_gammaimigdag   		 1
NLUS_gammaimigdag   		 1
NL_gx               		 6.88737
NLRA_im             		 0.0535334
NLAT_im             		 0.0139928
NLBE_im             		 0.096011
NLES_im             		 0.0329766
NLFI_im             		 0.00885981
NLFR_im             		 0.0789357
NLGR_im             		 0.00415882
NLIT_im             		 0.0328949
NLPT_im             		 0.0062518
NLDE_im             		 0.169841
NLRU_im             		 0.0797446
NLRW_im             		 0.571793
NLUS_im             		 0.170501
NLRA_imc            		 0.0300172
NLAT_imc            		 0.00896032
NLBE_imc            		 0.0575472
NLES_imc            		 0.0212588
NLFI_imc            		 0.00426238
NLFR_imc            		 0.0498656
NLGR_imc            		 0.00349891
NLIT_imc            		 0.0198086
NLPT_imc            		 0.00450702
NLDE_imc            		 0.093355
NLRU_imc            		 0.0428992
NLRW_imc            		 0.357805
NLUS_imc            		 0.0936793
NLRA_imcy           		 0.00573148
NLAT_imcy           		 0.00224566
NLBE_imcy           		 0.013365
NLES_imcy           		 0.0047245
NLFI_imcy           		 0.000943445
NLFR_imcy           		 0.011099
NLGR_imcy           		 0.000678467
NLIT_imcy           		 0.00438549
NLPT_imcy           		 0.000991466
NLDE_imcy           		 0.0218023
NLRU_imcy           		 0.00939759
NLRW_imcy           		 0.069394
NLUS_imcy           		 0.0177839
NLRA_imi            		 0.015801
NLAT_imi            		 0.00333875
NLBE_imi            		 0.0252849
NLES_imi            		 0.0081216
NLFI_imi            		 0.00319835
NLFR_imi            		 0.0194819
NLGR_imi            		 0.000376511
NLIT_imi            		 0.00937245
NLPT_imi            		 0.00106816
NLDE_imi            		 0.0563638
NLRU_imi            		 0.0263956
NLRW_imi            		 0.139562
NLUS_imi            		 0.0490426
NLRA_imiy           		 0.00301706
NLAT_imiy           		 0.000836767
NLBE_imiy           		 0.00587229
NLES_imiy           		 0.00180492
NLFI_imiy           		 0.00070793
NLFR_imiy           		 0.00433627
NLGR_imiy           		 7.30085e-05
NLIT_imiy           		 0.00207499
NLPT_imiy           		 0.000234976
NLDE_imiy           		 0.0131633
NLRU_imiy           		 0.00578229
NLRW_imiy           		 0.0270671
NLUS_imiy           		 0.00931016
NLRA_imcg           		 0.00688875
NLAT_imcg           		 0.00151835
NLBE_imcg           		 0.0118541
NLES_imcg           		 0.00316914
NLFI_imcg           		 0.00123209
NLFR_imcg           		 0.00856914
NLGR_imcg           		 0.000262793
NLIT_imcg           		 0.00322197
NLPT_imcg           		 0.000622124
NLDE_imcg           		 0.0171703
NLRU_imcg           		 0.00906833
NLRW_imcg           		 0.0671212
NLUS_imcg           		 0.0252142
NLRA_imcgy          		 0.00131534
NLAT_imcgy          		 0.000380533
NLBE_imcgy          		 0.00275305
NLES_imcgy          		 0.000704302
NLFI_imcgy          		 0.000272714
NLFR_imcgy          		 0.00190731
NLGR_imcgy          		 5.09576e-05
NLIT_imcgy          		 0.00071332
NLPT_imcgy          		 0.000136856
NLDE_imcgy          		 0.00400999
NLRU_imcgy          		 0.00198653
NLRW_imcgy          		 0.0130177
NLUS_imcgy          		 0.00478663
NLRA_imig           		 0.000826443
NLAT_imig           		 0.000175348
NLBE_imig           		 0.00132477
NLES_imig           		 0.000427049
NLFI_imig           		 0.000166987
NLFR_imig           		 0.00101896
NLGR_imig           		 2.06112e-05
NLIT_imig           		 0.000491871
NLPT_imig           		 5.44927e-05
NLDE_imig           		 0.00295155
NLRU_imig           		 0.00138145
NLRW_imig           		 0.00730453
NLUS_imig           		 0.00256461
NLRA_imigy          		 0.000157801
NLAT_imigy          		 4.39462e-05
NLBE_imigy          		 0.000307671
NLES_imigy          		 9.49061e-05
NLFI_imigy          		 3.69613e-05
NLFR_imigy          		 0.0002268
NLGR_imigy          		 3.99668e-06
NLIT_imigy          		 0.000108896
NLPT_imigy          		 1.19874e-05
NLDE_imigy          		 0.000689312
NLRU_imigy          		 0.000302624
NLRW_imigy          		 0.00141667
NLUS_imigy          		 0.000486862
NL_piex             		 1.00496
NL_pextilde         		 0.904249
NLRA_rer            		 0.943601
NLAT_rer            		 1.17313
NLBE_rer            		 1.09375
NLES_rer            		 1.08271
NLFI_rer            		 1.07355
NLFR_rer            		 1.08339
NLGR_rer            		 0.975538
NLIT_rer            		 1.08055
NLPT_rer            		 1.07818
NLDE_rer            		 1.11788
NLRU_rer            		 1.06916
NLRW_rer            		 0.927792
NLUS_rer            		 0.901783
NL_sx               		 1
NLRA_tot            		 0.963327
NLAT_tot            		 1.26444
NLBE_tot            		 1.17172
NLES_tot            		 1.12123
NLFI_tot            		 1.11671
NLFR_tot            		 1.12295
NLGR_tot            		 0.978301
NLIT_tot            		 1.11696
NLPT_tot            		 1.10985
NLDE_tot            		 1.17826
NLRU_tot            		 1.10521
NLRW_tot            		 0.978479
NLUS_tot            		 0.957768
NLRA_weight         		 0.0306492
NLAT_weight         		 0.0115777
NLBE_weight         		 0.066469
NLES_weight         		 0.0285761
NLFI_weight         		 0.00723388
NLFR_weight         		 0.0673488
NLGR_weight         		 0.00546707
NLIT_weight         		 0.0411251
NLPT_weight         		 0.00615256
NLDE_weight         		 0.149066
NLRU_weight         		 0.0645953
NLRW_weight         		 0.423782
NLUS_weight         		 0.097957
NLRA_weightex       		 0.0258218
NLAT_weightex       		 0.0106726
NLBE_weightex       		 0.0556622
NLES_weightex       		 0.0297826
NLFI_weightex       		 0.00726491
NLFR_weightex       		 0.069422
NLGR_weightex       		 0.007242
NLIT_weightex       		 0.0513233
NLPT_weightex       		 0.00693753
NLDE_weightex       		 0.151639
NLRU_weightex       		 0.064982
NLRW_weightex       		 0.43594
NLUS_weightex       		 0.0833104
NLRA_weightim       		 0.0374768
NLAT_weightim       		 0.0128577
NLBE_weightim       		 0.0817535
NLES_weightim       		 0.0268697
NLFI_weightim       		 0.00718999
NLFR_weightim       		 0.0644165
NLGR_weightim       		 0.00295669
NLIT_weightim       		 0.0267013
NLPT_weightim       		 0.00504235
NLDE_weightim       		 0.145428
NLRU_weightim       		 0.0640484
NLRW_weightim       		 0.406587
NLUS_weightim       		 0.118672
NL_b                		 19.0312
NL_bf               		 -46.6154
NL_by               		 4.17521
NL_c                		 1.89254
NL_ci               		 1.97066
NL_cj               		 1.6582
NL_cy               		 0.414841
NL_d                		 1.17877
NL_dn               		 0.177999
NL_dt               		 1.00077
NL_epsilonm         		 -0.750004
NL_etot             		 1.04762
NL_ex               		 1.94622
NL_fh               		 15.2715
NL_fi               		 162.281
NL_fj               		 6.01039
NL_fn               		 9.31201
NL_cg               		 1.26681
NL_gammab           		 0
NL_gammai           		 0
NL_gammaider        		 0
NL_gammau           		 0
NL_gammauder        		 0.0330353
NL_gammav           		 0.000191169
NL_gammavi          		 0.000101012
NL_gammavider       		 0.00216513
NL_gammavj          		 0.000101012
NL_gammavjder       		 0.00216513
NL_gh               		 18.3258
NL_gi               		 10.0583
NL_gj               		 4.07533
NL_gn               		 13.968
NL_cgy              		 0.2648
NL_ht               		 1.75856
NL_htc              		 0.494225
NL_hti              		 0.246986
NL_htcg             		 0.882411
NL_htig             		 0.134942
NL_i                		 0.781294
NL_ig               		 0.187487
NL_ii               		 1.04172
NL_im               		 1.30734
NL_imc              		 0.780289
NL_imcy             		 0.162542
NL_imi              		 0.354024
NL_imiy             		 0.0742811
NL_imcg             		 0.154492
NL_imcgy            		 0.0320353
NL_imig             		 0.0185315
NL_imigy            		 0.00388843
NL_imy              		 0.272747
NL_exy              		 0.385759
NL_internalrer      		 1.2113
NL_iy               		 0.168369
NL_igy              		 0.0392
NL_k                		 31.2517
NL_kd               		 31.2517
NL_kdn              		 9.55148
NL_kdt              		 21.7003
NL_ki               		 41.669
NL_lambdai          		 1.26996
NL_lambdaj          		 1.54364
NL_lcy              		 0.519132
NL_m                		 0.795187
NL_mcn              		 0.753541
NL_mct              		 0.753541
NL_mi               		 0.828009
NL_mj               		 0.696721
NL_mp               		 0.00392702
NL_mpy              		 0.000861541
NL_nd               		 1.6928
NL_ndi              		 0.884616
NL_ndj              		 0.861698
NL_ndn              		 0.51737
NL_ndt              		 1.17543
NL_ni               		 0.884616
NL_nj               		 0.861698
NL_nt               		 1.07231
NL_ntc              		 0.623102
NL_nti              		 0.182164
NL_ntcg             		 0.232616
NL_ntig             		 0.0344313
NL_pex              		 0.904249
NL_pht              		 0.904249
NL_phttilde         		 0.904249
NL_pi               		 0.983133
NL_pcg              		 0.952786
NL_pig              		 0.953022
NL_pic              		 1.00496
NL_pic4             		 1.02
NL_piex4            		 1.02
NL_piht             		 1.00496
NL_piimc            		 1.00496
NL_piimi            		 1.00496
NL_piimcg           		 1.00496
NL_piimig           		 1.00496
NL_piimc4           		 1.02
NL_pim              		 0.951782
NL_pimc             		 0.950333
NL_pimi             		 0.957216
NL_pimcg            		 0.945988
NL_pimig            		 0.957254
NL_pint             		 1.00496
NL_piw              		 1.00496
NL_piw4             		 1.02
NL_pnt              		 1.13031
NL_pnttilde         		 1.13031
NL_pttc             		 0.933137
NL_ptti             		 0.936355
NL_pttcg            		 0.910773
NL_pttig            		 0.911061
NL_py               		 0.954993
NL_q                		 0.983133
NL_qc               		 1.89274
NL_qi               		 0.781294
NL_qcg              		 1.26681
NL_qig              		 0.187487
NL_r                		 1.01242
NL_reer             		 0.996766
NL_rer              		 0.901783
NL_rerdep           		 1
NL_rk               		 0.0324781
NL_rp               		 0
NL_rr               		 1.00742
NL_rrstar           		 1.00742
NL_sh               		 1
NL_si               		 1
NL_sj               		 1
NL_snt              		 1
NL_t                		 0.863453
NL_tauc             		 0.2372
NL_taud             		 0
NL_tauk             		 0.077
NL_taun             		 0.2372
NL_tauwf            		 0.1098
NL_tauwh            		 0.1781
NL_tb               		 0.515572
NL_tby              		 0.113012
NL_ti               		 1.03614
NL_tj               		 0.345381
NL_tot              		 0.957768
NL_tr               		 0.930772
NL_tri              		 0.620515
NL_trj              		 1.86154
NL_try              		 0.2042
NL_ttc              		 1.27359
NL_tti              		 0.600429
NL_ttcg             		 1.03656
NL_ttig             		 0.153405
NL_ty               		 0.189431
NL_u                		 1
NL_utili            		 -50.9616
NL_utilj            		 -70.727
NL_vi               		 2.38
NL_vj               		 2.38
NL_w                		 1.26064
NL_wcst             		 0
NL_whty             		 0.44232
NL_wi               		 1.37035
NL_witilde          		 1.37035
NL_wj               		 1.06973
NL_wjtilde          		 1.06973
NL_wnty             		 0.538114
NL_wy               		 0.46777
NL_y                		 4.7771
NL_ygap             		 0.00087556
NL_ygrowth          		 1
NL_ygrowth4         		 1
NL_yhty             		 0.734323
NL_ynty             		 0.265677
NL_yshare           		 0.0115527
NL_ysn              		 1.07231
NL_yst              		 3.70479
NL_zcon             		 1
NL_zinv             		 1
NL_zn               		 1
NL_zt               		 1
NL_grev             		 2.45587
NL_gexp             		 2.45587
NL_grevy            		 0.538789
NL_gexpy            		 0.538789
NL_gbal             		 6.66134e-15
NL_gbaly            		 1.46142e-15
NL_br               		 0.139427
NL_bry              		 0.0305885
NL_gpbal            		 0.139427
NL_gpbaly           		 0.0305885
NL_tn               		 0.886256
NL_tny              		 0.194434
NL_tc               		 0.448911
NL_tcy              		 0.0984857
NL_twf              		 0.234315
NL_twfy             		 0.0514058
NL_tk               		 0.0190099
NL_tky              		 0.00417055
NL_lhs              		 22.0449
NL_rhs              		 22.0449
PTRA_excy           		 0.00337606
PTAT_excy           		 0.00144352
PTBE_excy           		 0.0027554
PTES_excy           		 0.0285653
PTFI_excy           		 0.000880692
PTFR_excy           		 0.0221901
PTGR_excy           		 0.000589365
PTIT_excy           		 0.00678086
PTNL_excy           		 0.00335387
PTDE_excy           		 0.0152869
PTRU_excy           		 0.00555921
PTRW_excy           		 0.0679323
PTUS_excy           		 0.0151396
PTRA_exiy           		 0.000915656
PTAT_exiy           		 0.000675436
PTBE_exiy           		 0.00131202
PTES_exiy           		 0.0102894
PTFI_exiy           		 0.000261854
PTFR_exiy           		 0.00603569
PTGR_exiy           		 0.000142547
PTIT_exiy           		 0.00200091
PTNL_exiy           		 0.000794862
PTDE_exiy           		 0.00570416
PTRU_exiy           		 0.00194076
PTRW_exiy           		 0.0224786
PTUS_exiy           		 0.00359646
PT_fx               		 3.45953
PTRA_gammaimc       		 0
PTAT_gammaimc       		 0
PTBE_gammaimc       		 0
PTES_gammaimc       		 0
PTFI_gammaimc       		 0
PTFR_gammaimc       		 0
PTGR_gammaimc       		 0
PTIT_gammaimc       		 0
PTNL_gammaimc       		 0
PTDE_gammaimc       		 0
PTRU_gammaimc       		 0
PTRW_gammaimc       		 0
PTUS_gammaimc       		 0
PTRA_gammaimcdag    		 1
PTAT_gammaimcdag    		 1
PTBE_gammaimcdag    		 1
PTES_gammaimcdag    		 1
PTFI_gammaimcdag    		 1
PTFR_gammaimcdag    		 1
PTGR_gammaimcdag    		 1
PTIT_gammaimcdag    		 1
PTNL_gammaimcdag    		 1
PTDE_gammaimcdag    		 1
PTRU_gammaimcdag    		 1
PTRW_gammaimcdag    		 1
PTUS_gammaimcdag    		 1
PTRA_gammaimi       		 0
PTAT_gammaimi       		 0
PTBE_gammaimi       		 0
PTES_gammaimi       		 0
PTFI_gammaimi       		 0
PTFR_gammaimi       		 0
PTGR_gammaimi       		 0
PTIT_gammaimi       		 0
PTNL_gammaimi       		 0
PTDE_gammaimi       		 0
PTRU_gammaimi       		 0
PTRW_gammaimi       		 0
PTUS_gammaimi       		 0
PTRA_gammaimidag    		 1
PTAT_gammaimidag    		 1
PTBE_gammaimidag    		 1
PTES_gammaimidag    		 1
PTFI_gammaimidag    		 1
PTFR_gammaimidag    		 1
PTGR_gammaimidag    		 1
PTIT_gammaimidag    		 1
PTNL_gammaimidag    		 1
PTDE_gammaimidag    		 1
PTRU_gammaimidag    		 1
PTRW_gammaimidag    		 1
PTUS_gammaimidag    		 1
PTRA_gammaimcg      		 0
PTAT_gammaimcg      		 0
PTBE_gammaimcg      		 0
PTES_gammaimcg      		 0
PTFI_gammaimcg      		 0
PTFR_gammaimcg      		 0
PTGR_gammaimcg      		 0
PTIT_gammaimcg      		 0
PTNL_gammaimcg      		 0
PTDE_gammaimcg      		 0
PTRU_gammaimcg      		 0
PTRW_gammaimcg      		 0
PTUS_gammaimcg      		 0
PTRA_gammaimcgdag   		 1
PTAT_gammaimcgdag   		 1
PTBE_gammaimcgdag   		 1
PTES_gammaimcgdag   		 1
PTFI_gammaimcgdag   		 1
PTFR_gammaimcgdag   		 1
PTGR_gammaimcgdag   		 1
PTIT_gammaimcgdag   		 1
PTNL_gammaimcgdag   		 1
PTDE_gammaimcgdag   		 1
PTRU_gammaimcgdag   		 1
PTRW_gammaimcgdag   		 1
PTUS_gammaimcgdag   		 1
PTRA_gammaimig      		 0
PTAT_gammaimig      		 0
PTBE_gammaimig      		 0
PTES_gammaimig      		 0
PTFI_gammaimig      		 0
PTFR_gammaimig      		 0
PTGR_gammaimig      		 0
PTIT_gammaimig      		 0
PTNL_gammaimig      		 0
PTDE_gammaimig      		 0
PTRU_gammaimig      		 0
PTRW_gammaimig      		 0
PTUS_gammaimig      		 0
PTRA_gammaimigdag   		 1
PTAT_gammaimigdag   		 1
PTBE_gammaimigdag   		 1
PTES_gammaimigdag   		 1
PTFI_gammaimigdag   		 1
PTFR_gammaimigdag   		 1
PTGR_gammaimigdag   		 1
PTIT_gammaimigdag   		 1
PTNL_gammaimigdag   		 1
PTDE_gammaimigdag   		 1
PTRU_gammaimigdag   		 1
PTRW_gammaimigdag   		 1
PTUS_gammaimigdag   		 1
PT_gx               		 4.15144
PTRA_im             		 0.0334465
PTAT_im             		 0.00646961
PTBE_im             		 0.025511
PTES_im             		 0.362359
PTFI_im             		 0.00535722
PTFR_im             		 0.114245
PTGR_im             		 0.00273351
PTIT_im             		 0.0724866
PTNL_im             		 0.0487985
PTDE_im             		 0.13879
PTRU_im             		 0.0455966
PTRW_im             		 0.396001
PTUS_im             		 0.044159
PTRA_imc            		 0.0202057
PTAT_imc            		 0.00361027
PTBE_imc            		 0.01609
PTES_imc            		 0.249367
PTFI_imc            		 0.00252995
PTFR_imc            		 0.0765719
PTGR_imc            		 0.0021148
PTIT_imc            		 0.0427866
PTNL_imc            		 0.0315071
PTDE_imc            		 0.0813189
PTRU_imc            		 0.0288119
PTRW_imc            		 0.280867
PTUS_imc            		 0.0286243
PTRA_imcy           		 0.00385888
PTAT_imcy           		 0.000905004
PTBE_imcy           		 0.0037376
PTES_imcy           		 0.0554303
PTFI_imcy           		 0.000560103
PTFR_imcy           		 0.0170469
PTGR_imcy           		 0.000410164
PTIT_imcy           		 0.00947464
PTNL_imcy           		 0.0062463
PTDE_imcy           		 0.0189954
PTRU_imcy           		 0.00631292
PTRW_imcy           		 0.0544837
PTUS_imcy           		 0.00543513
PTRA_imi            		 0.00793089
PTAT_imi            		 0.00230531
PTBE_imi            		 0.00625475
PTES_imi            		 0.0887544
PTFI_imi            		 0.00241651
PTFR_imi            		 0.0290169
PTGR_imi            		 0.00041256
PTIT_imi            		 0.0245593
PTNL_imi            		 0.0132026
PTDE_imi            		 0.0472761
PTRU_imi            		 0.0130592
PTRW_imi            		 0.0788738
PTUS_imi            		 0.011616
PTRA_imiy           		 0.00151464
PTAT_imiy           		 0.000577884
PTBE_imiy           		 0.00145294
PTES_imiy           		 0.0197287
PTFI_imiy           		 0.000534988
PTFR_imiy           		 0.00645991
PTGR_imiy           		 8.00156e-05
PTIT_imiy           		 0.0054384
PTNL_imiy           		 0.00261743
PTDE_imiy           		 0.0110433
PTRU_imiy           		 0.00286138
PTRW_imiy           		 0.0153003
PTUS_imiy           		 0.00220563
PTRA_imcg           		 0.00499608
PTAT_imcg           		 0.000462356
PTBE_imcg           		 0.00291669
PTES_imcg           		 0.020722
PTFI_imcg           		 0.000315973
PTFR_imcg           		 0.00750652
PTGR_imcg           		 0.000190685
PTIT_imcg           		 0.00416578
PTNL_imcg           		 0.00356445
PTDE_imcg           		 0.0083213
PTRU_imcg           		 0.00321023
PTRW_imcg           		 0.0331333
PTUS_imcg           		 0.00346042
PTRA_imcgy          		 0.000954153
PTAT_imcgy          		 0.000115901
PTBE_imcgy          		 0.000677529
PTES_imcgy          		 0.00460616
PTFI_imcgy          		 6.99529e-05
PTFR_imcgy          		 0.00167115
PTGR_imcgy          		 3.69831e-05
PTIT_imcgy          		 0.000922466
PTNL_imcgy          		 0.000706655
PTDE_imcgy          		 0.00194378
PTRU_imcgy          		 0.000703388
PTRW_imcgy          		 0.00642734
PTUS_imcgy          		 0.000657058
PTRA_imig           		 0.00031389
PTAT_imig           		 9.16742e-05
PTBE_imig           		 0.000249511
PTES_imig           		 0.00351586
PTFI_imig           		 9.4792e-05
PTFR_imig           		 0.00114933
PTGR_imig           		 1.54609e-05
PTIT_imig           		 0.000974875
PTNL_imig           		 0.000524333
PTDE_imig           		 0.0018739
PTRU_imig           		 0.000515279
PTRW_imig           		 0.00312735
PTUS_imig           		 0.000458229
PTRA_imigy          		 5.99469e-05
PTAT_imigy          		 2.29805e-05
PTBE_imigy          		 5.79598e-05
PTES_imigy          		 0.000781519
PTFI_imigy          		 2.09859e-05
PTFR_imigy          		 0.00025587
PTGR_imigy          		 2.99863e-06
PTIT_imigy          		 0.000215875
PTNL_imigy          		 0.000103949
PTDE_imigy          		 0.000437727
PTRU_imigy          		 0.000112902
PTRW_imigy          		 0.000606656
PTUS_imigy          		 8.70079e-05
PT_piex             		 1.00496
PT_pextilde         		 0.930812
PTRA_rer            		 0.875181
PTAT_rer            		 1.08807
PTBE_rer            		 1.01445
PTES_rer            		 1.0042
PTFI_rer            		 0.995704
PTFR_rer            		 1.00483
PTGR_rer            		 0.904802
PTIT_rer            		 1.0022
PTNL_rer            		 0.927491
PTDE_rer            		 1.03682
PTRU_rer            		 0.99164
PTRW_rer            		 0.860519
PTUS_rer            		 0.836396
PT_sx               		 1
PTRA_tot            		 0.86798
PTAT_tot            		 1.13928
PTBE_tot            		 1.05574
PTES_tot            		 1.01025
PTFI_tot            		 1.00618
PTFR_tot            		 1.0118
PTGR_tot            		 0.881471
PTIT_tot            		 1.00641
PTNL_tot            		 0.901023
PTDE_tot            		 1.06164
PTRU_tot            		 0.995817
PTRW_tot            		 0.881632
PTUS_tot            		 0.862971
PTRA_weight         		 0.0217258
PTAT_weight         		 0.00751201
PTBE_weight         		 0.0196832
PTES_weight         		 0.222333
PTFI_weight         		 0.00473388
PTFR_weight         		 0.101208
PTGR_weight         		 0.00258298
PTIT_weight         		 0.0497601
PTNL_weight         		 0.0280186
PTDE_weight         		 0.104755
PTRU_weight         		 0.0362938
PTRW_weight         		 0.341535
PTUS_weight         		 0.0598599
PTRA_weightex       		 0.0200762
PTAT_weightex       		 0.00928195
PTBE_weightex       		 0.0176344
PTES_weightex       		 0.14492
PTFI_weightex       		 0.00519509
PTFR_weightex       		 0.11076
PTGR_weightex       		 0.00330117
PTIT_weightex       		 0.0403135
PTNL_weightex       		 0.0201621
PTDE_weightex       		 0.0903351
PTRU_weightex       		 0.0362506
PTRW_weightex       		 0.409707
PTUS_weightex       		 0.0920628
PTRA_weightim       		 0.0232302
PTAT_weightim       		 0.00589796
PTBE_weightim       		 0.0215514
PTES_weightim       		 0.292928
PTFI_weightim       		 0.00431329
PTFR_weightim       		 0.0924962
PTGR_weightim       		 0.00192806
PTIT_weightim       		 0.0583747
PTNL_weightim       		 0.0351831
PTDE_weightim       		 0.117904
PTRU_weightim       		 0.0363332
PTRW_weightim       		 0.279367
PTUS_weightim       		 0.0304935
PT_b                		 19.1919
PT_bf               		 9.98821
PT_by               		 4.53965
PT_c                		 2.67013
PT_ci               		 3.03205
PT_cj               		 1.58438
PT_cy               		 0.631175
PT_d                		 1.11816
PT_dn               		 0.206987
PT_dt               		 0.911171
PT_epsilonm         		 -0.750004
PT_etot             		 0.954844
PT_ex               		 1.13963
PT_fh               		 16.8991
PT_fi               		 124.14
PT_fj               		 4.59779
PT_fn               		 10.8327
PT_cg               		 0.839545
PT_gammab           		 0
PT_gammai           		 0
PT_gammaider        		 0
PT_gammau           		 2.82401e-18
PT_gammauder        		 0.0330336
PT_gammav           		 0.000269715
PT_gammavi          		 0.000101012
PT_gammavider       		 0.00216513
PT_gammavj          		 0.000101012
PT_gammavjder       		 0.00216513
PT_gh               		 20.2789
PT_gi               		 5.1804
PT_gj               		 4.49482
PT_gn               		 16.249
PT_cgy              		 0.1929
PT_ht               		 1.89045
PT_htc              		 0.954552
PT_hti              		 0.234894
PT_htcg             		 0.595758
PT_htig             		 0.10525
PT_i                		 0.722067
PT_ig               		 0.144145
PT_ii               		 0.962756
PT_im               		 1.28722
PT_imc              		 0.858572
PT_imcy             		 0.182897
PT_imi              		 0.323547
PT_imiy             		 0.0698155
PT_imcg             		 0.0922812
PT_imcgy            		 0.0194925
PT_imig             		 0.01282
PT_imigy            		 0.00276638
PT_imy              		 0.274971
PT_exy              		 0.250751
PT_internalrer      		 1.26872
PT_iy               		 0.167031
PT_igy              		 0.0332
PT_k                		 28.8827
PT_kd               		 28.8827
PT_kdn              		 11.1641
PT_kdt              		 17.7186
PT_ki               		 38.5102
PT_lambdai          		 0.60072
PT_lambdaj          		 1.56366
PT_lcy              		 0.51498
PT_m                		 1.1219
PT_mcn              		 0.775677
PT_mct              		 0.775677
PT_mi               		 1.27397
PT_mj               		 0.665705
PT_mp               		 0.00554051
PT_mpy              		 0.00131056
PT_nd               		 1.51935
PT_ndi              		 0.677576
PT_ndj              		 0.928533
PT_ndn              		 0.587278
PT_ndt              		 0.932071
PT_ni               		 0.677576
PT_nj               		 0.928533
PT_nt               		 1.21182
PT_ntc              		 0.86648
PT_nti              		 0.165552
PT_ntcg             		 0.153419
PT_ntig             		 0.0263731
PT_pex              		 0.930812
PT_pht              		 0.930812
PT_phttilde         		 0.930812
PT_pi               		 0.978595
PT_pcg              		 0.971365
PT_pig              		 0.973716
PT_pic              		 1.00496
PT_pic4             		 1.02
PT_piex4            		 1.02
PT_piht             		 1.00496
PT_piimc            		 1.00496
PT_piimi            		 1.00496
PT_piimcg           		 1.00496
PT_piimig           		 1.00496
PT_piimc4           		 1.02
PT_pim              		 0.903686
PT_pimc             		 0.901182
PT_pimi             		 0.912846
PT_pimcg            		 0.893588
PT_pimig            		 0.912864
PT_pint             		 1.00496
PT_piw              		 1.00496
PT_piw4             		 1.02
PT_pnt              		 1.16351
PT_pnttilde         		 1.16352
PT_pttc             		 0.91708
PT_ptti             		 0.92051
PT_pttcg            		 0.926036
PT_pttig            		 0.928905
PT_py               		 0.99729
PT_q                		 0.978595
PT_qc               		 2.6704
PT_qi               		 0.722067
PT_qcg              		 0.839545
PT_qig              		 0.144145
PT_r                		 1.01242
PT_reer             		 0.94049
PT_rer              		 0.836396
PT_rerdep           		 1
PT_rk               		 0.0323265
PT_rp               		 0
PT_rr               		 1.00742
PT_rrstar           		 1.00742
PT_sh               		 1
PT_si               		 1
PT_sj               		 1
PT_snt              		 1
PT_t                		 0.390864
PT_tauc             		 0.2036
PT_taud             		 0
PT_tauk             		 0.0768
PT_taun             		 0.2036
PT_tauwf            		 0.1325
PT_tauwh            		 0.1003
PT_tb               		 -0.102461
PT_tby              		 -0.02422
PT_ti               		 0.469037
PT_tj               		 0.156346
PT_tot              		 0.862971
PT_tr               		 0.700514
PT_tri              		 0.46701
PT_trj              		 1.40103
PT_try              		 0.1657
PT_ttc              		 1.81253
PT_tti              		 0.558375
PT_ttcg             		 0.687878
PT_ttig             		 0.118065
PT_ty               		 0.0924552
PT_u                		 1
PT_utili            		 4.73004
PT_utilj            		 -87.6867
PT_vi               		 2.38
PT_vj               		 2.38
PT_w                		 1.26613
PT_wcst             		 0
PT_whty             		 0.418418
PT_wi               		 1.42763
PT_witilde          		 1.42763
PT_wj               		 1.02997
PT_wjtilde          		 1.02997
PT_wnty             		 0.527363
PT_wy               		 0.454729
PT_y                		 4.24191
PT_ygap             		 0.000640475
PT_ygrowth          		 1
PT_ygrowth4         		 1
PT_yhty             		 0.666705
PT_ynty             		 0.333295
PT_yshare           		 0.00341519
PT_ysn              		 1.21182
PT_yst              		 3.03008
PT_zcon             		 1
PT_zinv             		 1
PT_zn               		 1
PT_zt               		 1
PT_grev             		 1.79698
PT_gexp             		 1.79698
PT_grevy            		 0.425058
PT_gexpy            		 0.425058
PT_gbal             		 1.11022e-15
PT_gbaly            		 2.62613e-16
PT_br               		 0.140604
PT_bry              		 0.0332585
PT_gpbal            		 0.140604
PT_gpbaly           		 0.0332585
PT_tn               		 0.584609
PT_tny              		 0.138284
PT_tc               		 0.543639
PT_tcy              		 0.128593
PT_twf              		 0.254889
PT_twfy             		 0.0602915
PT_tk               		 0.0174386
PT_tky              		 0.00412493
PT_lhs              		 21.8698
PT_rhs              		 21.8698
DERA_excy           		 0.00357207
DEAT_excy           		 0.00562657
DEBE_excy           		 0.0030973
DEES_excy           		 0.0050859
DEFI_excy           		 0.00101715
DEFR_excy           		 0.0126328
DEGR_excy           		 0.00123733
DEIT_excy           		 0.0101523
DENL_excy           		 0.00491263
DEPT_excy           		 0.00126529
DERU_excy           		 0.0138256
DERW_excy           		 0.0682425
DEUS_excy           		 0.0186623
DERA_exiy           		 0.00294195
DEAT_exiy           		 0.00402482
DEBE_exiy           		 0.00229198
DEES_exiy           		 0.00369332
DEFI_exiy           		 0.000773809
DEFR_exiy           		 0.00688718
DEGR_exiy           		 0.000496561
DEIT_exiy           		 0.00546604
DENL_exiy           		 0.00296604
DEPT_exiy           		 0.000735599
DERU_exiy           		 0.0102469
DERW_exiy           		 0.0536044
DEUS_exiy           		 0.010671
DE_fx               		 3.77517
DERA_gammaimc       		 0
DEAT_gammaimc       		 0
DEBE_gammaimc       		 0
DEES_gammaimc       		 0
DEFI_gammaimc       		 0
DEFR_gammaimc       		 0
DEGR_gammaimc       		 0
DEIT_gammaimc       		 0
DENL_gammaimc       		 0
DEPT_gammaimc       		 0
DERU_gammaimc       		 0
DERW_gammaimc       		 0
DEUS_gammaimc       		 0
DERA_gammaimcdag    		 1
DEAT_gammaimcdag    		 1
DEBE_gammaimcdag    		 1
DEES_gammaimcdag    		 1
DEFI_gammaimcdag    		 1
DEFR_gammaimcdag    		 1
DEGR_gammaimcdag    		 1
DEIT_gammaimcdag    		 1
DENL_gammaimcdag    		 1
DEPT_gammaimcdag    		 1
DERU_gammaimcdag    		 1
DERW_gammaimcdag    		 1
DEUS_gammaimcdag    		 1
DERA_gammaimi       		 0
DEAT_gammaimi       		 0
DEBE_gammaimi       		 0
DEES_gammaimi       		 0
DEFI_gammaimi       		 0
DEFR_gammaimi       		 0
DEGR_gammaimi       		 0
DEIT_gammaimi       		 0
DENL_gammaimi       		 0
DEPT_gammaimi       		 0
DERU_gammaimi       		 0
DERW_gammaimi       		 0
DEUS_gammaimi       		 0
DERA_gammaimidag    		 1
DEAT_gammaimidag    		 1
DEBE_gammaimidag    		 1
DEES_gammaimidag    		 1
DEFI_gammaimidag    		 1
DEFR_gammaimidag    		 1
DEGR_gammaimidag    		 1
DEIT_gammaimidag    		 1
DENL_gammaimidag    		 1
DEPT_gammaimidag    		 1
DERU_gammaimidag    		 1
DERW_gammaimidag    		 1
DEUS_gammaimidag    		 1
DERA_gammaimcg      		 0
DEAT_gammaimcg      		 0
DEBE_gammaimcg      		 0
DEES_gammaimcg      		 0
DEFI_gammaimcg      		 0
DEFR_gammaimcg      		 0
DEGR_gammaimcg      		 0
DEIT_gammaimcg      		 0
DENL_gammaimcg      		 0
DEPT_gammaimcg      		 0
DERU_gammaimcg      		 0
DERW_gammaimcg      		 0
DEUS_gammaimcg      		 0
DERA_gammaimcgdag   		 1
DEAT_gammaimcgdag   		 1
DEBE_gammaimcgdag   		 1
DEES_gammaimcgdag   		 1
DEFI_gammaimcgdag   		 1
DEFR_gammaimcgdag   		 1
DEGR_gammaimcgdag   		 1
DEIT_gammaimcgdag   		 1
DENL_gammaimcgdag   		 1
DEPT_gammaimcgdag   		 1
DERU_gammaimcgdag   		 1
DERW_gammaimcgdag   		 1
DEUS_gammaimcgdag   		 1
DERA_gammaimig      		 0
DEAT_gammaimig      		 0
DEBE_gammaimig      		 0
DEES_gammaimig      		 0
DEFI_gammaimig      		 0
DEFR_gammaimig      		 0
DEGR_gammaimig      		 0
DEIT_gammaimig      		 0
DENL_gammaimig      		 0
DEPT_gammaimig      		 0
DERU_gammaimig      		 0
DERW_gammaimig      		 0
DEUS_gammaimig      		 0
DERA_gammaimigdag   		 1
DEAT_gammaimigdag   		 1
DEBE_gammaimigdag   		 1
DEES_gammaimigdag   		 1
DEFI_gammaimigdag   		 1
DEFR_gammaimigdag   		 1
DEGR_gammaimigdag   		 1
DEIT_gammaimigdag   		 1
DENL_gammaimigdag   		 1
DEPT_gammaimigdag   		 1
DERU_gammaimigdag   		 1
DERW_gammaimigdag   		 1
DEUS_gammaimigdag   		 1
DE_gx               		 4.5302
DERA_im             		 0.0650459
DEAT_im             		 0.0402306
DEBE_im             		 0.0303076
DEES_im             		 0.0349425
DEFI_im             		 0.00779184
DEFR_im             		 0.0703071
DEGR_im             		 0.00635972
DEIT_im             		 0.056996
DENL_im             		 0.0716363
DEPT_im             		 0.0068224
DERU_im             		 0.121963
DERW_im             		 0.483409
DEUS_im             		 0.0876538
DERA_imc            		 0.0385865
DEAT_imc            		 0.0252695
DEBE_imc            		 0.019652
DEES_imc            		 0.0245167
DEFI_imc            		 0.00426957
DEFR_imc            		 0.0421688
DEGR_imc            		 0.00541116
DEIT_imc            		 0.0373324
DENL_imc            		 0.052199
DEPT_imc            		 0.00462781
DERU_imc            		 0.074442
DERW_imc            		 0.30998
DEUS_imc            		 0.0491759
DERA_imcy           		 0.00736938
DEAT_imcy           		 0.00633455
DEBE_imcy           		 0.00456511
DEES_imcy           		 0.00544975
DEFI_imcy           		 0.00094525
DEFR_imcy           		 0.00938801
DEGR_imcy           		 0.0010495
DEIT_imcy           		 0.00826697
DENL_imcy           		 0.0103487
DEPT_imcy           		 0.00101827
DERU_imcy           		 0.0163111
DERW_imcy           		 0.0601322
DEUS_imcy           		 0.00933758
DERA_imi            		 0.0177968
DEAT_imi            		 0.0118922
DEBE_imi            		 0.00780793
DEES_imi            		 0.00792625
DEFI_imi            		 0.0027324
DEFR_imi            		 0.0216559
DEGR_imi            		 0.000592993
DEIT_imi            		 0.0156065
DENL_imi            		 0.0133778
DEPT_imi            		 0.00172683
DERU_imi            		 0.0379051
DERW_imi            		 0.126647
DEUS_imi            		 0.0257855
DERA_imiy           		 0.0033989
DEAT_imiy           		 0.00298114
DEBE_imiy           		 0.00181376
DEES_imiy           		 0.0017619
DEFI_imiy           		 0.000604933
DEFR_imiy           		 0.00482125
DEGR_imiy           		 0.000115012
DEIT_imiy           		 0.00345595
DENL_imiy           		 0.0026522
DEPT_imiy           		 0.000379957
DERU_imiy           		 0.00830545
DERW_imiy           		 0.0245678
DEUS_imiy           		 0.00489619
DERA_imcg           		 0.00810288
DEAT_imcg           		 0.00269817
DEBE_imcg           		 0.00260243
DEES_imcg           		 0.00225229
DEFI_imcg           		 0.000704106
DEFR_imcg           		 0.00580447
DEGR_imcg           		 0.000334957
DEIT_imcg           		 0.00356971
DENL_imcg           		 0.00563103
DEPT_imcg           		 0.000413267
DERU_imcg           		 0.00843067
DERW_imcg           		 0.0428156
DEUS_imcg           		 0.0118866
DERA_imcgy          		 0.00154751
DEAT_imcgy          		 0.000676375
DEBE_imcgy          		 0.000604536
DEES_imcgy          		 0.000500655
DEFI_imcgy          		 0.000155884
DEFR_imcgy          		 0.00129225
DEGR_imcgy          		 6.49656e-05
DEIT_imcgy          		 0.000790485
DENL_imcgy          		 0.00111637
DEPT_imcgy          		 9.0932e-05
DERU_imcgy          		 0.00184726
DERW_imcgy          		 0.00830567
DEUS_imcgy          		 0.00225704
DERA_imig           		 0.000559724
DEAT_imig           		 0.000370651
DEBE_imig           		 0.000245188
DEES_imig           		 0.000247258
DEFI_imig           		 8.57569e-05
DEFR_imig           		 0.000677865
DEGR_imig           		 2.06128e-05
DEIT_imig           		 0.000487396
DENL_imig           		 0.000428505
DEPT_imig           		 5.4497e-05
DERU_imig           		 0.0011855
DERW_imig           		 0.00396681
DEUS_imig           		 0.000805783
DERA_imigy          		 0.000106898
DEAT_imigy          		 9.29145e-05
DEBE_imigy          		 5.69565e-05
DEES_imigy          		 5.49624e-05
DEFI_imigy          		 1.89859e-05
DEFR_imigy          		 0.000150913
DEGR_imigy          		 3.9979e-06
DEIT_imigy          		 0.00010793
DENL_imigy          		 8.49528e-05
DEPT_imigy          		 1.19911e-05
DERU_imigy          		 0.000259756
DERW_imigy          		 0.00076951
DEUS_imigy          		 0.000153003
DE_piex             		 1.00496
DE_pextilde         		 0.953091
DERA_rer            		 0.844098
DEAT_rer            		 1.04942
DEBE_rer            		 0.978417
DEES_rer            		 0.968537
DEFI_rer            		 0.960341
DEFR_rer            		 0.969143
DEGR_rer            		 0.872667
DEIT_rer            		 0.966604
DENL_rer            		 0.89455
DEPT_rer            		 0.964484
DERU_rer            		 0.95642
DERW_rer            		 0.829956
DEUS_rer            		 0.80669
DE_sx               		 1
DERA_tot            		 0.817584
DEAT_tot            		 1.07314
DEBE_tot            		 0.994444
DEES_tot            		 0.951594
DEFI_tot            		 0.947762
DEFR_tot            		 0.953057
DEGR_tot            		 0.830292
DEIT_tot            		 0.947977
DENL_tot            		 0.848708
DEPT_tot            		 0.941939
DERU_tot            		 0.937999
DERW_tot            		 0.830443
DEUS_tot            		 0.812866
DERA_weight         		 0.0393411
DEAT_weight         		 0.0385028
DEBE_weight         		 0.0252159
DEES_weight         		 0.0347146
DEFI_weight         		 0.00748983
DEFR_weight         		 0.0727129
DEGR_weight         		 0.0061957
DEIT_weight         		 0.0580551
DENL_weight         		 0.0453204
DEPT_weight         		 0.00697602
DERU_weight         		 0.101763
DERW_weight         		 0.461945
DEUS_weight         		 0.101768
DERA_weightex       		 0.0262544
DEAT_weightex       		 0.0330017
DEBE_weightex       		 0.0200777
DEES_weightex       		 0.0344266
DEFI_weightex       		 0.00725419
DEFR_weightex       		 0.0742841
DEGR_weightex       		 0.00668284
DEIT_weightex       		 0.0588717
DENL_weightex       		 0.0306275
DEPT_weightex       		 0.00712864
DERU_weightex       		 0.0869806
DERW_weightex       		 0.491892
DEUS_weightex       		 0.122518
DERA_weightim       		 0.0561114
DEAT_weightim       		 0.0455523
DEBE_weightim       		 0.0318002
DEES_weightim       		 0.0350836
DEFI_weightim       		 0.0077918
DEFR_weightim       		 0.0706995
DEGR_weightim       		 0.00557144
DEIT_weightim       		 0.0570086
DENL_weightim       		 0.064149
DEPT_weightim       		 0.00678045
DERU_weightim       		 0.120706
DERW_weightim       		 0.423568
DEUS_weightim       		 0.0751775
DE_b                		 17.1336
DE_bf               		 -25.6984
DE_by               		 4.20221
DE_c                		 2.09224
DE_ci               		 2.14699
DE_cj               		 1.92799
DE_cy               		 0.512791
DE_d                		 0.687466
DE_dn               		 0.179745
DE_dt               		 0.507721
DE_epsilonm         		 -0.750004
DE_etot             		 0.872408
DE_ex               		 1.21454
DE_fh               		 16.309
DE_fi               		 138.949
DE_fj               		 5.14625
DE_fn               		 9.40636
DE_cg               		 0.871451
DE_gammab           		 0
DE_gammai           		 0
DE_gammaider        		 0
DE_gammau           		 -8.9882e-17
DE_gammauder        		 0.0327361
DE_gammav           		 0.000211341
DE_gammavi          		 0.000101012
DE_gammavider       		 0.00216513
DE_gammavj          		 0.000101012
DE_gammavjder       		 0.00216513
DE_gh               		 19.5707
DE_gi               		 9.16514
DE_gj               		 3.53869
DE_gn               		 14.1095
DE_cgy              		 0.211
DE_ht               		 1.78179
DE_htc              		 0.755191
DE_hti              		 0.334224
DE_htcg             		 0.621924
DE_htig             		 0.0704546
DE_i                		 0.798091
DE_ig               		 0.0968173
DE_ii               		 1.06412
DE_im               		 1.07515
DE_imc              		 0.682395
DE_imcy             		 0.140516
DE_imi              		 0.289124
DE_imiy             		 0.0597545
DE_imcg             		 0.0945682
DE_imcgy            		 0.0192499
DE_imig             		 0.00906269
DE_imigy            		 0.00187277
DE_imy              		 0.221394
DE_exy              		 0.28371
DE_internalrer      		 1.31804
DE_iy               		 0.190502
DE_igy              		 0.0235
DE_k                		 31.9237
DE_kd               		 31.9237
DE_kdn              		 9.8292
DE_kdt              		 22.0945
DE_ki               		 42.5649
DE_lambdai          		 1.07116
DE_lambdaj          		 1.24073
DE_lcy              		 0.582055
DE_m                		 0.879093
DE_mcn              		 0.794242
DE_mct              		 0.794242
DE_mi               		 0.902097
DE_mj               		 0.810081
DE_mp               		 0.00434139
DE_mpy              		 0.00106477
DE_nd               		 1.63762
DE_ndi              		 0.863769
DE_ndj              		 0.823408
DE_ndn              		 0.504219
DE_ndt              		 1.1334
DE_ni               		 0.863769
DE_nj               		 0.823408
DE_nt               		 1.02767
DE_ntc              		 0.670967
DE_nti              		 0.180397
DE_ntcg             		 0.158656
DE_ntig             		 0.0176484
DE_pex              		 0.95309
DE_pht              		 0.95309
DE_phttilde         		 0.953091
DE_pi               		 0.97391
DE_pcg              		 0.987213
DE_pig              		 0.989661
DE_pic              		 1.00496
DE_pic4             		 1.02
DE_piex4            		 1.02
DE_piht             		 1.00496
DE_piimc            		 1.00496
DE_piimi            		 1.00496
DE_piimcg           		 1.00496
DE_piimig           		 1.00496
DE_piimc4           		 1.02
DE_pim              		 0.840169
DE_pimc             		 0.84016
DE_pimi             		 0.843251
DE_pimcg            		 0.830529
DE_pimig            		 0.843138
DE_pint             		 1.00496
DE_piw              		 1.00496
DE_piw4             		 1.02
DE_pnt              		 1.19136
DE_pnttilde         		 1.19136
DE_pttc             		 0.903893
DE_ptti             		 0.90629
DE_pttcg            		 0.939171
DE_pttig            		 0.942156
DE_py               		 1.01394
DE_q                		 0.97391
DE_qc               		 2.09245
DE_qi               		 0.798091
DE_qcg              		 0.871451
DE_qig              		 0.0968173
DE_r                		 1.01242
DE_reer             		 0.87839
DE_rer              		 0.80669
DE_rerdep           		 1
DE_rk               		 0.031882
DE_rp               		 0
DE_rr               		 1.00742
DE_rrstar           		 1.00742
DE_sh               		 1
DE_si               		 1
DE_sj               		 1
DE_snt              		 1
DE_t                		 0.645929
DE_tauc             		 0.1921
DE_taud             		 0
DE_tauk             		 0.0413
DE_taun             		 0.1921
DE_tauwf            		 0.1553
DE_tauwh            		 0.1427
DE_tb               		 0.254256
DE_tby              		 0.062316
DE_ti               		 0.775114
DE_tj               		 0.258371
DE_tot              		 0.812866
DE_tr               		 0.987927
DE_tri              		 0.658618
DE_trj              		 1.97585
DE_try              		 0.2423
DE_ttc              		 1.43057
DE_tti              		 0.620497
DE_ttcg             		 0.71477
DE_ttig             		 0.0793825
DE_ty               		 0.158421
DE_u                		 1
DE_utili            		 -44.2311
DE_utilj            		 -52.6506
DE_vi               		 2.38
DE_vj               		 2.38
DE_w                		 1.25524
DE_wcst             		 0
DE_whty             		 0.498181
DE_wi               		 1.36155
DE_witilde          		 1.36155
DE_wj               		 1.06818
DE_wjtilde          		 1.06818
DE_wnty             		 0.51695
DE_wy               		 0.503813
DE_y                		 4.024
DE_ygap             		 0.000676335
DE_ygrowth          		 1
DE_ygrowth4         		 1
DE_yhty             		 0.699927
DE_ynty             		 0.300073
DE_yshare           		 0.0512711
DE_ysn              		 1.02767
DE_yst              		 2.99633
DE_zcon             		 1
DE_zinv             		 1
DE_zn               		 1
DE_zt               		 1
DE_grev             		 2.06958
DE_gexp             		 2.06958
DE_grevy            		 0.507586
DE_gexpy            		 0.507586
DE_gbal             		 -4.39648e-14
DE_gbaly            		 -1.07829e-14
DE_br               		 0.125525
DE_bry              		 0.0307863
DE_gpbal            		 0.125525
DE_gpbaly           		 0.0307863
DE_tn               		 0.688217
DE_tny              		 0.168793
DE_tc               		 0.401919
DE_tcy              		 0.0985751
DE_twf              		 0.319236
DE_twfy             		 0.0782961
DE_tk               		 0.00993353
DE_tky              		 0.00243631
DE_lhs              		 19.8678
DE_rhs              		 19.8678
RURA_excy           		 0.00719369
RUAT_excy           		 0.00480013
RUBE_excy           		 0.00295932
RUES_excy           		 0.00455953
RUFI_excy           		 0.00347491
RUFR_excy           		 0.0109926
RUGR_excy           		 0.00187031
RUIT_excy           		 0.0109352
RUNL_excy           		 0.00420962
RUPT_excy           		 0.000835964
RUDE_excy           		 0.0324264
RURW_excy           		 0.0841914
RUUS_excy           		 0.0161941
RURA_exiy           		 0.00378376
RUAT_exiy           		 0.00260357
RUBE_exiy           		 0.00240391
RUES_exiy           		 0.00283143
RUFI_exiy           		 0.00202088
RUFR_exiy           		 0.00525573
RUGR_exiy           		 0.000548355
RUIT_exiy           		 0.00454947
RUNL_exiy           		 0.00259015
RUPT_exiy           		 0.000378907
RUDE_exiy           		 0.0165112
RURW_exiy           		 0.0469351
RUUS_exiy           		 0.00687449
RU_fx               		 4.37818
RURA_gammaimc       		 0
RUAT_gammaimc       		 0
RUBE_gammaimc       		 0
RUES_gammaimc       		 0
RUFI_gammaimc       		 0
RUFR_gammaimc       		 0
RUGR_gammaimc       		 0
RUIT_gammaimc       		 0
RUNL_gammaimc       		 0
RUPT_gammaimc       		 0
RUDE_gammaimc       		 0
RURW_gammaimc       		 0
RUUS_gammaimc       		 0
RURA_gammaimcdag    		 1
RUAT_gammaimcdag    		 1
RUBE_gammaimcdag    		 1
RUES_gammaimcdag    		 1
RUFI_gammaimcdag    		 1
RUFR_gammaimcdag    		 1
RUGR_gammaimcdag    		 1
RUIT_gammaimcdag    		 1
RUNL_gammaimcdag    		 1
RUPT_gammaimcdag    		 1
RUDE_gammaimcdag    		 1
RURW_gammaimcdag    		 1
RUUS_gammaimcdag    		 1
RURA_gammaimi       		 0
RUAT_gammaimi       		 0
RUBE_gammaimi       		 0
RUES_gammaimi       		 0
RUFI_gammaimi       		 0
RUFR_gammaimi       		 0
RUGR_gammaimi       		 0
RUIT_gammaimi       		 0
RUNL_gammaimi       		 0
RUPT_gammaimi       		 0
RUDE_gammaimi       		 0
RURW_gammaimi       		 0
RUUS_gammaimi       		 0
RURA_gammaimidag    		 1
RUAT_gammaimidag    		 1
RUBE_gammaimidag    		 1
RUES_gammaimidag    		 1
RUFI_gammaimidag    		 1
RUFR_gammaimidag    		 1
RUGR_gammaimidag    		 1
RUIT_gammaimidag    		 1
RUNL_gammaimidag    		 1
RUPT_gammaimidag    		 1
RUDE_gammaimidag    		 1
RURW_gammaimidag    		 1
RUUS_gammaimidag    		 1
RURA_gammaimcg      		 0
RUAT_gammaimcg      		 0
RUBE_gammaimcg      		 0
RUES_gammaimcg      		 0
RUFI_gammaimcg      		 0
RUFR_gammaimcg      		 0
RUGR_gammaimcg      		 0
RUIT_gammaimcg      		 0
RUNL_gammaimcg      		 0
RUPT_gammaimcg      		 0
RUDE_gammaimcg      		 0
RURW_gammaimcg      		 0
RUUS_gammaimcg      		 0
RURA_gammaimcgdag   		 1
RUAT_gammaimcgdag   		 1
RUBE_gammaimcgdag   		 1
RUES_gammaimcgdag   		 1
RUFI_gammaimcgdag   		 1
RUFR_gammaimcgdag   		 1
RUGR_gammaimcgdag   		 1
RUIT_gammaimcgdag   		 1
RUNL_gammaimcgdag   		 1
RUPT_gammaimcgdag   		 1
RUDE_gammaimcgdag   		 1
RURW_gammaimcgdag   		 1
RUUS_gammaimcgdag   		 1
RURA_gammaimig      		 0
RUAT_gammaimig      		 0
RUBE_gammaimig      		 0
RUES_gammaimig      		 0
RUFI_gammaimig      		 0
RUFR_gammaimig      		 0
RUGR_gammaimig      		 0
RUIT_gammaimig      		 0
RUNL_gammaimig      		 0
RUPT_gammaimig      		 0
RUDE_gammaimig      		 0
RURW_gammaimig      		 0
RUUS_gammaimig      		 0
RURA_gammaimigdag   		 1
RUAT_gammaimigdag   		 1
RUBE_gammaimigdag   		 1
RUES_gammaimigdag   		 1
RUFI_gammaimigdag   		 1
RUFR_gammaimigdag   		 1
RUGR_gammaimigdag   		 1
RUIT_gammaimigdag   		 1
RUNL_gammaimigdag   		 1
RUPT_gammaimigdag   		 1
RUDE_gammaimigdag   		 1
RURW_gammaimigdag   		 1
RUUS_gammaimigdag   		 1
RU_gx               		 5.25382
RURA_im             		 0.0898055
RUAT_im             		 0.0339438
RUBE_im             		 0.0294735
RUES_im             		 0.0320498
RUFI_im             		 0.0251541
RUFR_im             		 0.0650532
RUGR_im             		 0.00967333
RUIT_im             		 0.0706853
RUNL_im             		 0.0587945
RUPT_im             		 0.00506211
RUDE_im             		 0.227928
RURW_im             		 0.505285
RUUS_im             		 0.0735304
RURA_imc            		 0.0527755
RUAT_imc            		 0.019279
RUBE_imc            		 0.0167789
RUES_imc            		 0.0202575
RUFI_imc            		 0.012371
RUFR_imc            		 0.0359379
RUGR_imc            		 0.00724519
RUIT_imc            		 0.0388105
RUNL_imc            		 0.0360744
RUPT_imc            		 0.00334476
RUDE_imc            		 0.11763
RURW_imc            		 0.302482
RUUS_imc            		 0.0396789
RURA_imcy           		 0.010082
RUAT_imcy           		 0.00483418
RUBE_imcy           		 0.00389876
RUES_imcy           		 0.00450423
RUFI_imcy           		 0.00273959
RUFR_imcy           		 0.00800303
RUGR_imcy           		 0.00140561
RUIT_imcy           		 0.00859668
RUNL_imcy           		 0.00715387
RUPT_imcy           		 0.000736158
RUDE_imcy           		 0.0274853
RURW_imcy           		 0.0586938
RUUS_imcy           		 0.00753637
RURA_imi            		 0.0249793
RUAT_imi            		 0.0107179
RUBE_imi            		 0.0081724
RUES_imi            		 0.00836566
RUFI_imi            		 0.00953693
RUFR_imi            		 0.0209067
RUGR_imi            		 0.00153121
RUIT_imi            		 0.0248731
RUNL_imi            		 0.01564
RUPT_imi            		 0.00116768
RUDE_imi            		 0.0871818
RURW_imi            		 0.142881
RUUS_imi            		 0.0232309
RURA_imiy           		 0.00477195
RUAT_imiy           		 0.0026875
RUBE_imiy           		 0.00189895
RUES_imiy           		 0.00186009
RUFI_imiy           		 0.00211199
RUFR_imiy           		 0.00465573
RUGR_imiy           		 0.000297062
RUIT_imiy           		 0.00550949
RUNL_imiy           		 0.00310156
RUPT_imiy           		 0.000256998
RUDE_imiy           		 0.0203709
RURW_imiy           		 0.0277247
RUUS_imiy           		 0.00441233
RURA_imcg           		 0.0108838
RUAT_imcg           		 0.00344848
RUBE_imcg           		 0.00413932
RUES_imcg           		 0.00303543
RUFI_imcg           		 0.00279922
RUFR_imcg           		 0.00723421
RUGR_imcg           		 0.000824759
RUIT_imcg           		 0.00584147
RUNL_imcg           		 0.0063488
RUPT_imcg           		 0.000495162
RUDE_imcg           		 0.0190468
RURW_imcg           		 0.0532535
RUUS_imcg           		 0.00953531
RURA_imcgy          		 0.00207921
RUAT_imcgy          		 0.000864701
RUBE_imcgy          		 0.000961819
RUES_imcgy          		 0.000674926
RUFI_imcgy          		 0.000619897
RUFR_imcgy          		 0.00161099
RUGR_imcgy          		 0.000160008
RUIT_imcgy          		 0.00129391
RUNL_imcgy          		 0.00125902
RUPT_imcgy          		 0.000108982
RUDE_imcgy          		 0.00445047
RURW_imcgy          		 0.0103334
RUUS_imcgy          		 0.00181108
RURA_imig           		 0.00116687
RUAT_imig           		 0.000498332
RUBE_imig           		 0.000382949
RUES_imig           		 0.000391231
RUFI_imig           		 0.000446968
RUFR_imig           		 0.000974433
RUGR_imig           		 7.21659e-05
RUIT_imig           		 0.00116016
RUNL_imig           		 0.000731191
RUPT_imig           		 5.45128e-05
RUDE_imig           		 0.00406951
RURW_imig           		 0.00666823
RUUS_imig           		 0.00108523
RURA_imigy          		 0.000222914
RUAT_imigy          		 0.000124956
RUBE_imigy          		 8.89826e-05
RUES_imigy          		 8.69898e-05
RUFI_imigy          		 9.89827e-05
RUFR_imigy          		 0.000216997
RUGR_imigy          		 1.40006e-05
RUIT_imigy          		 0.00025698
RUNL_imigy          		 0.000145002
RUPT_imigy          		 1.19979e-05
RUDE_imigy          		 0.000950879
RURW_imigy          		 0.00129391
RUUS_imigy          		 0.000206121
RU_piex             		 1.00496
RU_pextilde         		 0.934733
RURA_rer            		 0.882559
RUAT_rer            		 1.09724
RUBE_rer            		 1.023
RUES_rer            		 1.01267
RUFI_rer            		 1.0041
RUFR_rer            		 1.0133
RUGR_rer            		 0.91243
RUIT_rer            		 1.01065
RUNL_rer            		 0.93531
RUPT_rer            		 1.00843
RUDE_rer            		 1.04557
RURW_rer            		 0.867773
RUUS_rer            		 0.843447
RU_sx               		 1
RURA_tot            		 0.871626
RUAT_tot            		 1.14407
RUBE_tot            		 1.06018
RUES_tot            		 1.01449
RUFI_tot            		 1.01041
RUFR_tot            		 1.01605
RUGR_tot            		 0.885174
RUIT_tot            		 1.01064
RUNL_tot            		 0.904807
RUPT_tot            		 1.0042
RUDE_tot            		 1.0661
RURW_tot            		 0.885335
RUUS_tot            		 0.866596
RURA_weight         		 0.0500513
RUAT_weight         		 0.0280233
RUBE_weight         		 0.0223786
RUES_weight         		 0.0275309
RUFI_weight         		 0.0197711
RUFR_weight         		 0.0576698
RUGR_weight         		 0.00763033
RUIT_weight         		 0.0565034
RUNL_weight         		 0.0346593
RUPT_weight         		 0.00434882
RUDE_weight         		 0.17966
RURW_weight         		 0.435471
RUUS_weight         		 0.0763013
RURA_weightex       		 0.0361391
RUAT_weightex       		 0.0237101
RUBE_weightex       		 0.0187704
RUES_weightex       		 0.0272187
RUFI_weightex       		 0.0181083
RUFR_weightex       		 0.0584163
RUGR_weightex       		 0.00785639
RUIT_weightex       		 0.052586
RUNL_weightex       		 0.0257268
RUPT_weightex       		 0.00433616
RUDE_weightex       		 0.156169
RURW_weightex       		 0.477151
RUUS_weightex       		 0.0938121
RURA_weightim       		 0.0672061
RUAT_weightim       		 0.0333417
RUBE_weightim       		 0.0268279
RUES_weightim       		 0.0279158
RUFI_weightim       		 0.0218213
RUFR_weightim       		 0.0567494
RUGR_weightim       		 0.00735157
RUIT_weightim       		 0.0613338
RUNL_weightim       		 0.0456739
RUPT_weightim       		 0.00436444
RUDE_weightim       		 0.208627
RURW_weightim       		 0.384078
RUUS_weightim       		 0.054709
RU_b                		 8.58255
RU_bf               		 -24.5299
RU_by               		 2.01304
RU_c                		 2.08101
RU_ci               		 2.29935
RU_cj               		 1.42599
RU_cy               		 0.487946
RU_d                		 0.839159
RU_dn               		 0.188985
RU_dt               		 0.650175
RU_epsilonm         		 -0.750004
RU_etot             		 0.945046
RU_ex               		 1.4362
RU_fh               		 15.6958
RU_fi               		 144.719
RU_fj               		 5.35997
RU_fn               		 9.89558
RU_cg               		 1.00535
RU_gammab           		 0
RU_gammai           		 0
RU_gammaider        		 0
RU_gammau           		 5.10253e-18
RU_gammauder        		 0.0329212
RU_gammav           		 0.000210207
RU_gammavi          		 0.000101012
RU_gammavider       		 0.00216513
RU_gammavj          		 0.000101012
RU_gammavjder       		 0.00216513
RU_gh               		 18.835
RU_gi               		 7.66257
RU_gj               		 4.58147
RU_gn               		 14.8434
RU_cgy              		 0.2297
RU_ht               		 1.74849
RU_htc              		 0.719544
RU_hti              		 0.243208
RU_htcg             		 0.698543
RU_htig             		 0.0871902
RU_i                		 0.798746
RU_ig               		 0.166439
RU_ii               		 1.06499
RU_im               		 1.21431
RU_imc              		 0.695816
RU_imcy             		 0.14567
RU_imi              		 0.375324
RU_imiy             		 0.0796592
RU_imcg             		 0.12565
RU_imcgy            		 0.0262284
RU_imig             		 0.0175216
RU_imigy            		 0.00371871
RU_imy              		 0.255276
RU_exy              		 0.314775
RU_internalrer      		 1.27732
RU_iy               		 0.182991
RU_igy              		 0.0399
RU_k                		 31.9498
RU_kd               		 31.9498
RU_kdn              		 10.2501
RU_kdt              		 21.6997
RU_ki               		 42.5998
RU_lambdai          		 0.988716
RU_lambdaj          		 1.77347
RU_lcy              		 0.562266
RU_m                		 0.874373
RU_mcn              		 0.778944
RU_mct              		 0.778944
RU_mi               		 0.966112
RU_mj               		 0.599156
RU_mp               		 0.00431808
RU_mpy              		 0.00101281
RU_nd               		 1.64185
RU_ndi              		 0.793432
RU_ndj              		 0.920153
RU_ndn              		 0.526735
RU_ndt              		 1.11511
RU_ni               		 0.793432
RU_nj               		 0.920153
RU_nt               		 1.10235
RU_ntc              		 0.673887
RU_nti              		 0.182604
RU_ntcg             		 0.183592
RU_ntig             		 0.062267
RU_pex              		 0.934733
RU_pht              		 0.934733
RU_phttilde         		 0.934734
RU_pi               		 0.977065
RU_pcg              		 0.974111
RU_pig              		 1.02207
RU_pic              		 1.00496
RU_pic4             		 1.02
RU_piex4            		 1.02
RU_piht             		 1.00496
RU_piimc            		 1.00496
RU_piimi            		 1.00496
RU_piimcg           		 1.00496
RU_piimig           		 1.00496
RU_piimc4           		 1.02
RU_pim              		 0.896565
RU_pimc             		 0.892846
RU_pimi             		 0.905174
RU_pimcg            		 0.890246
RU_pimig            		 0.90515
RU_pint             		 1.00496
RU_piw              		 1.00496
RU_piw4             		 1.02
RU_pnt              		 1.16842
RU_pnttilde         		 1.16842
RU_pttc             		 0.91474
RU_ptti             		 0.917081
RU_pttcg            		 0.928294
RU_pttig            		 0.929946
RU_py               		 0.994822
RU_q                		 0.977065
RU_qc               		 2.08122
RU_qi               		 0.798746
RU_qcg              		 1.00535
RU_qig              		 0.166439
RU_r                		 1.01242
RU_reer             		 0.931385
RU_rer              		 0.843447
RU_rerdep           		 1
RU_rk               		 0.0321661
RU_rp               		 0
RU_rr               		 1.00742
RU_rrstar           		 1.00742
RU_sh               		 1
RU_si               		 1
RU_sj               		 1
RU_snt              		 1
RU_t                		 0.152904
RU_tauc             		 0.2405
RU_taud             		 0
RU_tauk             		 0.0637
RU_taun             		 0.3267
RU_tauwf            		 0.1606
RU_tauwh            		 0.0789
RU_tb               		 0.253753
RU_tby              		 0.059499
RU_ti               		 0.183485
RU_tj               		 0.0611616
RU_tot              		 0.866596
RU_tr               		 0.630996
RU_tri              		 0.420664
RU_trj              		 1.26199
RU_try              		 0.148
RU_ttc              		 1.41443
RU_tti              		 0.61834
RU_ttcg             		 0.823889
RU_ttig             		 0.104693
RU_ty               		 0.0358636
RU_u                		 1
RU_utili            		 -26.7195
RU_utilj            		 -98.072
RU_vi               		 2.38
RU_vj               		 2.38
RU_w                		 1.25843
RU_wcst             		 0
RU_whty             		 0.471404
RU_wi               		 1.39288
RU_witilde          		 1.39288
RU_wj               		 1.04439
RU_wjtilde          		 1.04439
RU_wnty             		 0.51464
RU_wy               		 0.484462
RU_y                		 4.28703
RU_ygap             		 0.000253703
RU_ygrowth          		 1
RU_ygrowth4         		 1
RU_yhty             		 0.697994
RU_ynty             		 0.302006
RU_yshare           		 0.0257904
RU_ysn              		 1.10235
RU_yst              		 3.18468
RU_zcon             		 1
RU_zinv             		 1
RU_zn               		 1
RU_zt               		 1
RU_grev             		 1.84331
RU_gexp             		 1.84331
RU_grevy            		 0.432348
RU_gexpy            		 0.432348
RU_gbal             		 -5.10703e-15
RU_gbaly            		 -1.19785e-15
RU_br               		 0.0628777
RU_bry              		 0.0147479
RU_gpbal            		 0.0628777
RU_gpbaly           		 0.0147479
RU_tn               		 0.83803
RU_tny              		 0.19656
RU_tc               		 0.500482
RU_tcy              		 0.117388
RU_twf              		 0.331823
RU_twfy             		 0.0778291
RU_tk               		 0.0157515
RU_tky              		 0.00369451
RU_lhs              		 11.1907
RU_rhs              		 11.1907
RWRA_excy           		 0.00132982
RWAT_excy           		 0.000503053
RWBE_excy           		 0.000745541
RWES_excy           		 0.00219321
RWFI_excy           		 0.000369286
RWFR_excy           		 0.00406318
RWGR_excy           		 0.000502922
RWIT_excy           		 0.00329043
RWNL_excy           		 0.00150347
RWPT_excy           		 0.000348956
RWDE_excy           		 0.00578187
RWRU_excy           		 0.00283883
RWUS_excy           		 0.0301812
RWRA_exiy           		 0.000714864
RWAT_exiy           		 0.000243803
RWBE_exiy           		 0.000424927
RWES_exiy           		 0.00074649
RWFI_exiy           		 0.000179086
RWFR_exiy           		 0.00130192
RWGR_exiy           		 0.000146006
RWIT_exiy           		 0.000990813
RWNL_exiy           		 0.000586428
RWPT_exiy           		 9.79949e-05
RWDE_exiy           		 0.00236227
RWRU_exiy           		 0.00134095
RWUS_exiy           		 0.0132247
RW_fx               		 1.3436
RWRA_gammaimc       		 0
RWAT_gammaimc       		 0
RWBE_gammaimc       		 0
RWES_gammaimc       		 0
RWFI_gammaimc       		 0
RWFR_gammaimc       		 0
RWGR_gammaimc       		 0
RWIT_gammaimc       		 0
RWNL_gammaimc       		 0
RWPT_gammaimc       		 0
RWDE_gammaimc       		 0
RWRU_gammaimc       		 0
RWUS_gammaimc       		 0
RWRA_gammaimcdag    		 1
RWAT_gammaimcdag    		 1
RWBE_gammaimcdag    		 1
RWES_gammaimcdag    		 1
RWFI_gammaimcdag    		 1
RWFR_gammaimcdag    		 1
RWGR_gammaimcdag    		 1
RWIT_gammaimcdag    		 1
RWNL_gammaimcdag    		 1
RWPT_gammaimcdag    		 1
RWDE_gammaimcdag    		 1
RWRU_gammaimcdag    		 1
RWUS_gammaimcdag    		 1
RWRA_gammaimi       		 0
RWAT_gammaimi       		 0
RWBE_gammaimi       		 0
RWES_gammaimi       		 0
RWFI_gammaimi       		 0
RWFR_gammaimi       		 0
RWGR_gammaimi       		 0
RWIT_gammaimi       		 0
RWNL_gammaimi       		 0
RWPT_gammaimi       		 0
RWDE_gammaimi       		 0
RWRU_gammaimi       		 0
RWUS_gammaimi       		 0
RWRA_gammaimidag    		 1
RWAT_gammaimidag    		 1
RWBE_gammaimidag    		 1
RWES_gammaimidag    		 1
RWFI_gammaimidag    		 1
RWFR_gammaimidag    		 1
RWGR_gammaimidag    		 1
RWIT_gammaimidag    		 1
RWNL_gammaimidag    		 1
RWPT_gammaimidag    		 1
RWDE_gammaimidag    		 1
RWRU_gammaimidag    		 1
RWUS_gammaimidag    		 1
RWRA_gammaimcg      		 0
RWAT_gammaimcg      		 0
RWBE_gammaimcg      		 0
RWES_gammaimcg      		 0
RWFI_gammaimcg      		 0
RWFR_gammaimcg      		 0
RWGR_gammaimcg      		 0
RWIT_gammaimcg      		 0
RWNL_gammaimcg      		 0
RWPT_gammaimcg      		 0
RWDE_gammaimcg      		 0
RWRU_gammaimcg      		 0
RWUS_gammaimcg      		 0
RWRA_gammaimcgdag   		 1
RWAT_gammaimcgdag   		 1
RWBE_gammaimcgdag   		 1
RWES_gammaimcgdag   		 1
RWFI_gammaimcgdag   		 1
RWFR_gammaimcgdag   		 1
RWGR_gammaimcgdag   		 1
RWIT_gammaimcgdag   		 1
RWNL_gammaimcgdag   		 1
RWPT_gammaimcgdag   		 1
RWDE_gammaimcgdag   		 1
RWRU_gammaimcgdag   		 1
RWUS_gammaimcgdag   		 1
RWRA_gammaimig      		 0
RWAT_gammaimig      		 0
RWBE_gammaimig      		 0
RWES_gammaimig      		 0
RWFI_gammaimig      		 0
RWFR_gammaimig      		 0
RWGR_gammaimig      		 0
RWIT_gammaimig      		 0
RWNL_gammaimig      		 0
RWPT_gammaimig      		 0
RWDE_gammaimig      		 0
RWRU_gammaimig      		 0
RWUS_gammaimig      		 0
RWRA_gammaimigdag   		 1
RWAT_gammaimigdag   		 1
RWBE_gammaimigdag   		 1
RWES_gammaimigdag   		 1
RWFI_gammaimigdag   		 1
RWFR_gammaimigdag   		 1
RWGR_gammaimigdag   		 1
RWIT_gammaimigdag   		 1
RWNL_gammaimigdag   		 1
RWPT_gammaimigdag   		 1
RWDE_gammaimigdag   		 1
RWRU_gammaimigdag   		 1
RWUS_gammaimigdag   		 1
RW_gx               		 1.61233
RWRA_im             		 0.0272391
RWAT_im             		 0.0054284
RWBE_im             		 0.00887239
RWES_im             		 0.0170434
RWFI_im             		 0.00472009
RWFR_im             		 0.0338346
RWGR_im             		 0.00370837
RWIT_im             		 0.027609
RWNL_im             		 0.0179155
RWPT_im             		 0.00289076
RWDE_im             		 0.056682
RWRU_im             		 0.0327404
RWUS_im             		 0.193936
RWRA_imc            		 0.0179612
RWAT_imc            		 0.00292041
RWBE_imc            		 0.00532654
RWES_imc            		 0.0112912
RWFI_imc            		 0.00232236
RWFR_imc            		 0.0204649
RWGR_imc            		 0.00273919
RWIT_imc            		 0.0154728
RWNL_imc            		 0.0110316
RWPT_imc            		 0.00197757
RWDE_imc            		 0.0280925
RWRU_imc            		 0.018586
RWUS_imc            		 0.116137
RWRA_imcy           		 0.00343
RWAT_imcy           		 0.000732025
RWBE_imcy           		 0.00123724
RWES_imcy           		 0.00250967
RWFI_imcy           		 0.000514109
RWFR_imcy           		 0.00455571
RWGR_imcy           		 0.000531227
RWIT_imcy           		 0.00342605
RWNL_imcy           		 0.00218687
RWPT_imcy           		 0.000435091
RWDE_imcy           		 0.0065617
RWRU_imcy           		 0.00407207
RWUS_imcy           		 0.0220505
RWRA_imi            		 0.00594096
RWAT_imi            		 0.00191822
RWBE_imi            		 0.00244481
RWES_imi            		 0.00414753
RWFI_imi            		 0.00181105
RWFR_imi            		 0.00959935
RWGR_imi            		 0.000660023
RWIT_imi            		 0.0093205
RWNL_imi            		 0.00473163
RWPT_imi            		 0.000654372
RWDE_imi            		 0.0220666
RWRU_imi            		 0.0103613
RWUS_imi            		 0.0571725
RWRA_imiy           		 0.00113453
RWAT_imiy           		 0.000480817
RWBE_imiy           		 0.000567873
RWES_imiy           		 0.000921867
RWFI_imiy           		 0.000400919
RWFR_imiy           		 0.00213692
RWGR_imiy           		 0.000128002
RWIT_imiy           		 0.00206378
RWNL_imiy           		 0.000937985
RWPT_imiy           		 0.000143971
RWDE_imiy           		 0.00515421
RWRU_imiy           		 0.0022701
RWUS_imiy           		 0.0108551
RWRA_imcg           		 0.00268317
RWAT_imcg           		 0.00037857
RWBE_imcg           		 0.000834386
RWES_imcg           		 0.00115072
RWFI_imcg           		 0.00038811
RWFR_imcg           		 0.00271558
RWGR_imcg           		 0.000237015
RWIT_imcg           		 0.00179139
RWNL_imcg           		 0.00163314
RWPT_imcg           		 0.000186172
RWDE_imcg           		 0.00409771
RWRU_imcg           		 0.00265789
RWUS_imcg           		 0.0143494
RWRA_imcgy          		 0.000512397
RWAT_imcgy          		 9.48917e-05
RWBE_imcgy          		 0.000193809
RWES_imcgy          		 0.000255768
RWFI_imcgy          		 8.59173e-05
RWFR_imcgy          		 0.000604516
RWGR_imcgy          		 4.59657e-05
RWIT_imcgy          		 0.000396656
RWNL_imcgy          		 0.000323748
RWPT_imcgy          		 4.09605e-05
RWDE_imcgy          		 0.000957124
RWRU_imcgy          		 0.000582325
RWUS_imcgy          		 0.00272445
RWRA_imig           		 0.000653793
RWAT_imig           		 0.000211202
RWBE_imig           		 0.00026666
RWES_imig           		 0.000453994
RWFI_imig           		 0.000198568
RWFR_imig           		 0.00105481
RWGR_imig           		 7.21351e-05
RWIT_imig           		 0.00102429
RWNL_imig           		 0.000519176
RWPT_imig           		 7.26527e-05
RWDE_imig           		 0.00242526
RWRU_imig           		 0.00113519
RWUS_imig           		 0.00627688
RWRA_imigy          		 0.000124853
RWAT_imigy          		 5.29396e-05
RWBE_imigy          		 6.1939e-05
RWES_imigy          		 0.000100909
RWFI_imigy          		 4.39577e-05
RWFR_imigy          		 0.000234812
RWGR_imigy          		 1.39896e-05
RWIT_imigy          		 0.000226803
RWNL_imigy          		 0.00010292
RWPT_imigy          		 1.59846e-05
RWDE_imigy          		 0.000566482
RWRU_imigy          		 0.000248712
RWUS_imigy          		 0.00119176
RW_piex             		 1.00496
RW_pextilde         		 0.95365
RWRA_rer            		 1.01704
RWAT_rer            		 1.26443
RWBE_rer            		 1.17888
RWES_rer            		 1.16697
RWFI_rer            		 1.1571
RWFR_rer            		 1.1677
RWGR_rer            		 1.05146
RWIT_rer            		 1.16464
RWNL_rer            		 1.07783
RWPT_rer            		 1.16209
RWDE_rer            		 1.20488
RWRU_rer            		 1.15237
RWUS_rer            		 0.971967
RW_sx               		 1
RWRA_tot            		 0.984515
RWAT_tot            		 1.29225
RWBE_tot            		 1.19749
RWES_tot            		 1.14589
RWFI_tot            		 1.14127
RWFR_tot            		 1.14765
RWGR_tot            		 0.999818
RWIT_tot            		 1.14153
RWNL_tot            		 1.02199
RWPT_tot            		 1.13426
RWDE_tot            		 1.20418
RWRU_tot            		 1.12952
RWUS_tot            		 0.978834
RWRA_weight         		 0.0437515
RWAT_weight         		 0.0130439
RWBE_weight         		 0.0198719
RWES_weight         		 0.0408569
RWFI_weight         		 0.00968559
RWFR_weight         		 0.0782265
RWGR_weight         		 0.00820295
RWIT_weight         		 0.0630017
RWNL_weight         		 0.0347819
RWPT_weight         		 0.00650901
RWDE_weight         		 0.129522
RWRU_weight         		 0.0690557
RWUS_weight         		 0.483491
RWRA_weightex       		 0.0282703
RWAT_weightex       		 0.0106977
RWBE_weightex       		 0.0164417
RWES_weightex       		 0.039162
RWFI_weightex       		 0.00753117
RWFR_weightex       		 0.0716535
RWGR_weightex       		 0.00835655
RWIT_weightex       		 0.0571443
RWNL_weightex       		 0.0294417
RWPT_weightex       		 0.00585117
RWDE_weightex       		 0.109465
RWRU_weightex       		 0.0569972
RWUS_weightex       		 0.558987
RWRA_weightim       		 0.0582879
RWAT_weightim       		 0.0152469
RWBE_weightim       		 0.0230927
RWES_weightim       		 0.0424484
RWFI_weightim       		 0.0117085
RWFR_weightim       		 0.0843983
RWGR_weightim       		 0.00805874
RWIT_weightim       		 0.0685017
RWNL_weightim       		 0.0397961
RWPT_weightim       		 0.0071267
RWDE_weightim       		 0.148354
RWRU_weightim       		 0.0803784
RWUS_weightim       		 0.412602
RW_b                		 18.714
RW_bf               		 2.24606
RW_by               		 3.80962
RW_c                		 2.77189
RW_ci               		 3.14724
RW_cj               		 1.64582
RW_cy               		 0.563798
RW_d                		 0.691124
RW_dn               		 0.357377
RW_dt               		 0.333747
RW_epsilonm         		 -0.750004
RW_etot             		 1.0575
RW_ex               		 0.432007
RW_fh               		 7.16364
RW_fi               		 33041.1
RW_fj               		 1223.74
RW_fn               		 7.06867
RW_cg               		 0.858507
RW_gammab           		 0
RW_gammai           		 0
RW_gammaider        		 0
RW_gammau           		 7.9446e-17
RW_gammauder        		 0.0330888
RW_gammav           		 0.000279994
RW_gammavi          		 0.000101012
RW_gammavider       		 0.00216513
RW_gammavj          		 0.000101012
RW_gammavjder       		 0.00216513
RW_gh               		 8.59636
RW_gi               		 36.0812
RW_gj               		 31.5399
RW_gn               		 9.03219
RW_cgy              		 0.1693
RW_ht               		 2.30331
RW_htc              		 0.733537
RW_hti              		 0.608532
RW_htcg             		 0.658347
RW_htig             		 0.302898
RW_i                		 0.977005
RW_ig               		 0.3939
RW_ii               		 1.30267
RW_im               		 0.428376
RW_imc              		 0.251889
RW_imcy             		 0.0522422
RW_imi              		 0.129488
RW_imiy             		 0.0271961
RW_imcg             		 0.0327813
RW_imcgy            		 0.00681853
RW_imig             		 0.0142174
RW_imigy            		 0.00298606
RW_imy              		 0.0892429
RW_exy              		 0.0837969
RW_internalrer      		 1.04514
RW_iy               		 0.1948
RW_igy              		 0.0777
RW_k                		 39.0802
RW_kd               		 39.0802
RW_kdn              		 18.0406
RW_kdt              		 21.0396
RW_ki               		 52.1069
RW_lambdai          		 0.592016
RW_lambdaj          		 1.55251
RW_lcy              		 0.601599
RW_m                		 1.16466
RW_mcn              		 0.794708
RW_mct              		 0.794708
RW_mi               		 1.32237
RW_mj               		 0.691522
RW_mp               		 0.00575166
RW_mpy              		 0.00117087
RW_nd               		 1.85716
RW_ndi              		 0.782226
RW_ndj              		 1.14392
RW_ndn              		 0.85732
RW_ndt              		 0.999837
RW_ni               		 0.782226
RW_nj               		 1.14392
RW_nt               		 2.27278
RW_ntc              		 1.78814
RW_nti              		 0.239981
RW_ntcg             		 0.167703
RW_ntig             		 0.0769563
RW_pex              		 0.95365
RW_pht              		 0.95365
RW_phttilde         		 0.95365
RW_pi               		 0.980267
RW_pcg              		 0.968718
RW_pig              		 0.96899
RW_pic              		 1.00496
RW_pic4             		 1.02
RW_piex4            		 1.02
RW_piht             		 1.00496
RW_piimc            		 1.00496
RW_piimi            		 1.00496
RW_piimcg           		 1.00496
RW_piimig           		 1.00496
RW_piimc4           		 1.02
RW_pim              		 1.02424
RW_pimc             		 1.01968
RW_pimi             		 1.03259
RW_pimcg            		 1.02263
RW_pimig            		 1.0326
RW_pint             		 1.00496
RW_piw              		 1.00496
RW_piw4             		 1.02
RW_pnt              		 1.01546
RW_pnttilde         		 1.01546
RW_pttc             		 0.971603
RW_ptti             		 0.968675
RW_pttcg            		 0.957205
RW_pttig            		 0.957542
RW_py               		 0.981701
RW_q                		 0.980267
RW_qc               		 2.77217
RW_qi               		 0.977005
RW_qcg              		 0.858507
RW_qig              		 0.3939
RW_r                		 1.01242
RW_reer             		 1.06259
RW_rer              		 0.971967
RW_rerdep           		 1
RW_rk               		 0.0324359
RW_rp               		 0
RW_rr               		 1.00742
RW_rrstar           		 1.00742
RW_sh               		 1
RW_si               		 1
RW_sj               		 1
RW_snt              		 1
RW_t                		 0.458032
RW_tauc             		 0.1624
RW_taud             		 0
RW_tauk             		 0.0831
RW_taun             		 0.1597
RW_tauwf            		 0.1001
RW_tauwh            		 0.0755
RW_tb               		 -0.026775
RW_tby              		 -0.005446
RW_ti               		 0.549638
RW_tj               		 0.183213
RW_tot              		 0.978834
RW_tr               		 0.490738
RW_tri              		 0.327159
RW_trj              		 0.981476
RW_try              		 0.0999
RW_ttc              		 0.984336
RW_tti              		 0.737126
RW_ttcg             		 0.690924
RW_ttig             		 0.316998
RW_ty               		 0.0932419
RW_u                		 1
RW_utili            		 1.51157
RW_utilj            		 -114.266
RW_vi               		 2.38
RW_vj               		 2.38
RW_w                		 1.4477
RW_wcst             		 0
RW_whty             		 0.554894
RW_wi               		 1.56762
RW_witilde          		 1.56762
RW_wj               		 1.27839
RW_wjtilde          		 1.27839
RW_wnty             		 0.537775
RW_wy               		 0.546858
RW_y                		 5.0081
RW_ygap             		 0.000827219
RW_ygrowth          		 1
RW_ygrowth4         		 1
RW_yhty             		 0.530573
RW_ynty             		 0.469427
RW_yshare           		 0.533225
RW_ysn              		 2.27278
RW_yst              		 2.73532
RW_zcon             		 1
RW_zinv             		 1
RW_zn               		 1
RW_zt               		 1
RW_grev             		 1.84118
RW_gexp             		 1.84118
RW_grevy            		 0.37481
RW_gexpy            		 0.37481
RW_gbal             		 1.11022e-15
RW_gbaly            		 2.26009e-16
RW_br               		 0.137103
RW_bry              		 0.0279101
RW_gpbal            		 0.137103
RW_gpbaly           		 0.0279101
RW_tn               		 0.63236
RW_tny              		 0.12873
RW_tc               		 0.450155
RW_tcy              		 0.0916384
RW_twf              		 0.269129
RW_twfy             		 0.0547869
RW_tk               		 0.0257505
RW_tky              		 0.00524205
RW_lhs              		 21.4845
RW_rhs              		 21.4845
USRA_excy           		 0.000782188
USAT_excy           		 0.000148708
USBE_excy           		 0.000327873
USES_excy           		 0.000565425
USFI_excy           		 0.000123316
USFR_excy           		 0.00135922
USGR_excy           		 0.000132383
USIT_excy           		 0.00074649
USNL_excy           		 0.000802597
USPT_excy           		 7.25123e-05
USDE_excy           		 0.00187022
USRU_excy           		 0.000759287
USRW_excy           		 0.0459319
USRA_exiy           		 0.000864664
USAT_exiy           		 9.2755e-05
USBE_exiy           		 0.00020438
USES_exiy           		 0.000223626
USFI_exiy           		 8.06976e-05
USFR_exiy           		 0.000663926
USGR_exiy           		 5.92269e-05
USIT_exiy           		 0.000276303
USNL_exiy           		 0.000420172
USPT_exiy           		 2.94262e-05
USDE_exiy           		 0.000980656
USRU_exiy           		 0.000444541
USRW_exiy           		 0.0226115
US_fx               		 1.49936
USRA_gammaimc       		 0
USAT_gammaimc       		 0
USBE_gammaimc       		 0
USES_gammaimc       		 0
USFI_gammaimc       		 0
USFR_gammaimc       		 0
USGR_gammaimc       		 0
USIT_gammaimc       		 0
USNL_gammaimc       		 0
USPT_gammaimc       		 0
USDE_gammaimc       		 0
USRU_gammaimc       		 0
USRW_gammaimc       		 0
USRA_gammaimcdag    		 1
USAT_gammaimcdag    		 1
USBE_gammaimcdag    		 1
USES_gammaimcdag    		 1
USFI_gammaimcdag    		 1
USFR_gammaimcdag    		 1
USGR_gammaimcdag    		 1
USIT_gammaimcdag    		 1
USNL_gammaimcdag    		 1
USPT_gammaimcdag    		 1
USDE_gammaimcdag    		 1
USRU_gammaimcdag    		 1
USRW_gammaimcdag    		 1
USRA_gammaimi       		 0
USAT_gammaimi       		 0
USBE_gammaimi       		 0
USES_gammaimi       		 0
USFI_gammaimi       		 0
USFR_gammaimi       		 0
USGR_gammaimi       		 0
USIT_gammaimi       		 0
USNL_gammaimi       		 0
USPT_gammaimi       		 0
USDE_gammaimi       		 0
USRU_gammaimi       		 0
USRW_gammaimi       		 0
USRA_gammaimidag    		 1
USAT_gammaimidag    		 1
USBE_gammaimidag    		 1
USES_gammaimidag    		 1
USFI_gammaimidag    		 1
USFR_gammaimidag    		 1
USGR_gammaimidag    		 1
USIT_gammaimidag    		 1
USNL_gammaimidag    		 1
USPT_gammaimidag    		 1
USDE_gammaimidag    		 1
USRU_gammaimidag    		 1
USRW_gammaimidag    		 1
USRA_gammaimcg      		 0
USAT_gammaimcg      		 0
USBE_gammaimcg      		 0
USES_gammaimcg      		 0
USFI_gammaimcg      		 0
USFR_gammaimcg      		 0
USGR_gammaimcg      		 0
USIT_gammaimcg      		 0
USNL_gammaimcg      		 0
USPT_gammaimcg      		 0
USDE_gammaimcg      		 0
USRU_gammaimcg      		 0
USRW_gammaimcg      		 0
USRA_gammaimcgdag   		 1
USAT_gammaimcgdag   		 1
USBE_gammaimcgdag   		 1
USES_gammaimcgdag   		 1
USFI_gammaimcgdag   		 1
USFR_gammaimcgdag   		 1
USGR_gammaimcgdag   		 1
USIT_gammaimcgdag   		 1
USNL_gammaimcgdag   		 1
USPT_gammaimcgdag   		 1
USDE_gammaimcgdag   		 1
USRU_gammaimcgdag   		 1
USRW_gammaimcgdag   		 1
USRA_gammaimig      		 0
USAT_gammaimig      		 0
USBE_gammaimig      		 0
USES_gammaimig      		 0
USFI_gammaimig      		 0
USFR_gammaimig      		 0
USGR_gammaimig      		 0
USIT_gammaimig      		 0
USNL_gammaimig      		 0
USPT_gammaimig      		 0
USDE_gammaimig      		 0
USRU_gammaimig      		 0
USRW_gammaimig      		 0
USRA_gammaimigdag   		 1
USAT_gammaimigdag   		 1
USBE_gammaimigdag   		 1
USES_gammaimigdag   		 1
USFI_gammaimigdag   		 1
USFR_gammaimigdag   		 1
USGR_gammaimigdag   		 1
USIT_gammaimigdag   		 1
USNL_gammaimigdag   		 1
USPT_gammaimigdag   		 1
USDE_gammaimigdag   		 1
USRU_gammaimigdag   		 1
USRW_gammaimigdag   		 1
US_gx               		 1.79924
USRA_im             		 0.0155087
USAT_im             		 0.00223856
USBE_im             		 0.00471579
USES_im             		 0.00519866
USFI_im             		 0.00146405
USFR_im             		 0.0139286
USGR_im             		 0.00221356
USIT_im             		 0.0136326
USNL_im             		 0.00607685
USPT_im             		 0.00122317
USDE_im             		 0.0271632
USRU_im             		 0.011463
USRW_im             		 0.508653
USRA_imc            		 0.0121331
USAT_imc            		 0.00134511
USBE_imc            		 0.00323096
USES_imc            		 0.00361533
USFI_imc            		 0.000858844
USFR_imc            		 0.00926593
USGR_imc            		 0.00191984
USIT_imc            		 0.00927429
USNL_imc            		 0.00404403
USPT_imc            		 0.000918729
USDE_imc            		 0.0160147
USRU_imc            		 0.00745234
USRW_imc            		 0.324353
USRA_imcy           		 0.00231532
USAT_imcy           		 0.000336913
USBE_imcy           		 0.000749923
USES_imcy           		 0.00080298
USFI_imcy           		 0.000189985
USFR_imcy           		 0.00206117
USGR_imcy           		 0.00037205
USIT_imcy           		 0.00205203
USNL_imcy           		 0.000801083
USPT_imcy           		 0.000201983
USDE_imcy           		 0.00373788
USRU_imcy           		 0.00163155
USRW_imcy           		 0.0628685
USRA_imi            		 0.00229917
USAT_imi            		 0.000738194
USBE_imi            		 0.00106805
USES_imi            		 0.00114774
USFI_imi            		 0.000465446
USFR_imi            		 0.00352819
USGR_imi            		 0.000134143
USIT_imi            		 0.00356042
USNL_imi            		 0.00150912
USPT_imi            		 0.000218247
USDE_imi            		 0.00915713
USRU_imi            		 0.00316356
USRW_imi            		 0.142124
USRA_imiy           		 0.000438741
USAT_imiy           		 0.000184897
USBE_imiy           		 0.000247901
USES_imiy           		 0.000254918
USFI_imiy           		 0.000102961
USFR_imiy           		 0.000784831
USGR_imiy           		 2.59958e-05
USIT_imiy           		 0.000787777
USNL_imiy           		 0.000298942
USPT_imiy           		 4.79818e-05
USDE_imiy           		 0.00213729
USRU_imiy           		 0.000692602
USRW_imiy           		 0.0275475
USRA_imcg           		 0.000940536
USAT_imcg           		 0.000111469
USBE_imcg           		 0.000352332
USES_imcg           		 0.000368226
USFI_imcg           		 0.000112712
USFR_imcg           		 0.000928217
USGR_imcg           		 0.000149276
USIT_imcg           		 0.000590531
USNL_imcg           		 0.00043306
USPT_imcg           		 7.25812e-05
USDE_imcg           		 0.00145287
USRU_imcg           		 0.000669511
USRW_imcg           		 0.033855
USRA_imcgy          		 0.000179479
USAT_imcgy          		 2.79199e-05
USBE_imcgy          		 8.17781e-05
USES_imcgy          		 8.17845e-05
USFI_imcgy          		 2.49329e-05
USFR_imcgy          		 0.000206478
USGR_imcgy          		 2.89284e-05
USIT_imcgy          		 0.000130661
USNL_imcgy          		 8.5785e-05
USPT_imcgy          		 1.5957e-05
USDE_imcgy          		 0.000339104
USRU_imcgy          		 0.000146577
USRW_imcgy          		 0.00656203
USRA_imig           		 0.000135855
USAT_imig           		 4.37911e-05
USBE_imig           		 6.44507e-05
USES_imig           		 6.73581e-05
USFI_imig           		 2.70507e-05
USFR_imig           		 0.00020627
USGR_imig           		 1.02948e-05
USIT_imig           		 0.000207361
USNL_imig           		 9.06401e-05
USPT_imig           		 1.36089e-05
USDE_imig           		 0.000538415
USRU_imig           		 0.000177625
USRW_imig           		 0.00832092
USRA_imigy          		 2.59246e-05
USAT_imigy          		 1.09685e-05
USBE_imigy          		 1.49593e-05
USES_imigy          		 1.49605e-05
USFI_imigy          		 5.98387e-06
USFR_imigy          		 4.58838e-05
USGR_imigy          		 1.99505e-06
USIT_imigy          		 4.58807e-05
USNL_imigy          		 1.79549e-05
USPT_imigy          		 2.99193e-06
USDE_imigy          		 0.000125667
USRU_imigy          		 3.88875e-05
USRW_imigy          		 0.00161282
US_piex             		 1.00496
US_pextilde         		 0.960387
USRA_rer            		 1.04637
USAT_rer            		 1.3009
USBE_rer            		 1.21288
USES_rer            		 1.20063
USFI_rer            		 1.19047
USFR_rer            		 1.20138
USGR_rer            		 1.08179
USIT_rer            		 1.19823
USNL_rer            		 1.10891
USPT_rer            		 1.19561
USDE_rer            		 1.23963
USRU_rer            		 1.18561
USRW_rer            		 1.02884
US_sx               		 1
USRA_tot            		 1.0058
USAT_tot            		 1.32019
USBE_tot            		 1.22338
USES_tot            		 1.17067
USFI_tot            		 1.16595
USFR_tot            		 1.17247
USGR_tot            		 1.02144
USIT_tot            		 1.16622
USNL_tot            		 1.04409
USPT_tot            		 1.15879
USDE_tot            		 1.23022
USRU_tot            		 1.15394
USRW_tot            		 1.02162
USRA_weight         		 0.0229861
USAT_weight         		 0.00447073
USBE_weight         		 0.00863041
USES_weight         		 0.0110384
USFI_weight         		 0.00293968
USFR_weight         		 0.0277325
USGR_weight         		 0.00316601
USIT_weight         		 0.0216763
USNL_weight         		 0.0130232
USPT_weight         		 0.00201177
USDE_weight         		 0.0489708
USRU_weight         		 0.0206704
USRW_weight         		 0.812684
USRA_weightex       		 0.0211637
USAT_weightex       		 0.00428045
USBE_weightex       		 0.00812904
USES_weightex       		 0.0130982
USFI_weightex       		 0.00330804
USFR_weightex       		 0.0307331
USGR_weightex       		 0.00268
USIT_weightex       		 0.0174747
USNL_weightex       		 0.0171983
USPT_weightex       		 0.0017433
USDE_weightex       		 0.0447038
USRU_weightex       		 0.020702
USRW_weightex       		 0.814785
USRA_weightim       		 0.0243477
USAT_weightim       		 0.0046129
USBE_weightim       		 0.00900504
USES_weightim       		 0.00949934
USFI_weightim       		 0.00266444
USFR_weightim       		 0.0254904
USGR_weightim       		 0.00352916
USIT_weightim       		 0.0248157
USNL_weightim       		 0.00990347
USPT_weightim       		 0.00221237
USDE_weightim       		 0.0521591
USRU_weightim       		 0.0206468
USRW_weightim       		 0.811114
US_b                		 28.2778
US_bf               		 12.6821
US_by               		 5.59732
US_c                		 3.39257
US_ci               		 3.85332
US_cj               		 2.01032
US_cy               		 0.670204
US_d                		 1.32198
US_dn               		 0.35685
US_dt               		 0.965133
US_epsilonm         		 -0.750004
US_etot             		 1.04547
US_ex               		 0.478706
US_fh               		 7.49723
US_fi               		 21716.7
US_fj               		 804.323
US_fn               		 7.05489
US_cg               		 0.781356
US_gammai           		 0
US_gammaider        		 0
US_gammau           		 1.73451e-18
US_gammauder        		 0.0328209
US_gammav           		 0.00034269
US_gammavi          		 0.000101012
US_gammavider       		 0.00216513
US_gammavj          		 0.000101012
US_gammavjder       		 0.00216513
US_gh               		 8.99668
US_gi               		 23.627
US_gj               		 25.2599
US_gn               		 9.01457
US_cgy              		 0.1508
US_ht               		 2.39366
US_htc              		 1.15616
US_hti              		 0.486434
US_htcg             		 0.589089
US_htig             		 0.161981
US_i                		 0.867109
US_ig               		 0.213469
US_ii               		 1.15615
US_im               		 0.610873
US_imc              		 0.392784
US_imcy             		 0.0781213
US_imi              		 0.168346
US_imiy             		 0.0335523
US_imcg             		 0.0398848
US_imcgy            		 0.00791141
US_imig             		 0.0098586
US_imigy            		 0.00196488
US_imy              		 0.12155
US_exy              		 0.0908224
US_internalrer      		 1.05136
US_iy               		 0.168835
US_igy              		 0.0412
US_k                		 34.6844
US_kd               		 34.6844
US_kdn              		 18.0521
US_kdt              		 16.6322
US_ki               		 46.2458
US_lambdai          		 0.391377
US_lambdaj          		 1.25528
US_lcy              		 0.517189
US_m                		 1.42545
US_mcn              		 0.800323
US_mct              		 0.800323
US_mi               		 1.61904
US_mj               		 0.844674
US_mp               		 0.00703958
US_mpy              		 0.00139342
US_nd               		 1.69824
US_ndi              		 0.678929
US_ndj              		 1.09091
US_ndn              		 0.883881
US_ndt              		 0.814357
US_ni               		 0.678929
US_nj               		 1.09091
US_nt               		 2.25243
US_ntc              		 1.84534
US_nti              		 0.212818
US_ntcg             		 0.152591
US_ntig             		 0.0416887
US_pex              		 0.960387
US_pht              		 0.960387
US_phttilde         		 0.960387
US_pi               		 0.985622
US_pcg              		 0.97503
US_pig              		 0.975054
US_pic              		 1.00496
US_pic4             		 1.02
US_piex4            		 1.02
US_piht             		 1.00496
US_piimc            		 1.00496
US_piimi            		 1.00496
US_piimcg           		 1.00496
US_piimig           		 1.00496
US_piimc4           		 1.02
US_pim              		 1.00722
US_pimc             		 1.00679
US_pimi             		 1.00889
US_pimcg            		 1.00408
US_pimig            		 1.00889
US_pint             		 1.00496
US_piw              		 1.00496
US_piw4             		 1.02
US_pnt              		 1.02263
US_pnttilde         		 1.02263
US_pttc             		 0.97268
US_ptti             		 0.973436
US_pttcg            		 0.963306
US_pttig            		 0.963336
US_py               		 0.987746
US_q                		 0.985622
US_qc               		 3.39292
US_qi               		 0.867109
US_qcg              		 0.781356
US_qig              		 0.213469
US_r                		 1.01242
US_reer             		 1.05604
US_rer              		 1
US_rk               		 0.0323491
US_rr               		 1.00742
US_rrstar           		 1.00742
US_sh               		 1
US_si               		 1
US_sj               		 1
US_snt              		 1
US_t                		 1.14404
US_tauc             		 0.0661
US_taud             		 0
US_tauk             		 0.0517
US_taun             		 0.0661
US_tauwf            		 0.0723
US_tauwh            		 0.0626
US_tb               		 -0.155543
US_tby              		 -0.0307275
US_ti               		 1.37285
US_tj               		 0.457617
US_tr               		 0.702737
US_tri              		 0.468491
US_trj              		 1.40547
US_try              		 0.1391
US_ttc              		 1.54811
US_tti              		 0.65439
US_ttcg             		 0.628877
US_ttig             		 0.17181
US_ty               		 0.226452
US_u                		 1
US_utili            		 19.1864
US_utilj            		 -83.8359
US_vi               		 2.38
US_vj               		 2.38
US_w                		 1.43766
US_wcst             		 0
US_whty             		 0.42441
US_wi               		 1.568
US_witilde          		 1.568
US_wj               		 1.26219
US_wjtilde          		 1.26219
US_wnty             		 0.551669
US_wy               		 0.482318
US_y                		 5.1248
US_ygap             		 0.00202215
US_ygrowth          		 1
US_ygrowth4         		 1
US_yhty             		 0.54496
US_ynty             		 0.45504
US_yshare           		 0.255985
US_ysn              		 2.25243
US_yst              		 2.87237
US_zcon             		 1
US_zinv             		 1
US_zn               		 1
US_zt               		 1
US_grev             		 1.87989
US_gexp             		 1.87989
US_grevy            		 0.372107
US_gexpy            		 0.372107
US_gbal             		 6.66134e-16
US_gbaly            		 1.31855e-16
US_br               		 0.207169
US_bry              		 0.0410072
US_gpbal            		 0.207169
US_gpbaly           		 0.0410072
US_tn               		 0.31422
US_tny              		 0.0621969
US_tc               		 0.224249
US_tcy              		 0.044388
US_twf              		 0.17652
US_twfy             		 0.0349405
US_tk               		 0.0138227
US_tky              		 0.00273608
US_lhs              		 31.2293
US_rhs              		 31.2293
RADE_nerdep         		 1
RA_gammabh          		 0
ATDE_nerdep         		 1
AT_gammabh          		 0
BEDE_nerdep         		 1
BE_gammabh          		 0
ESDE_nerdep         		 1
ES_gammabh          		 0
FIDE_nerdep         		 1
FI_gammabh          		 0
FRDE_nerdep         		 1
FR_gammabh          		 0
GRDE_nerdep         		 1
GR_gammabh          		 0
ITDE_nerdep         		 1
IT_gammabh          		 0
NLDE_nerdep         		 1
NL_gammabh          		 0
PTDE_nerdep         		 1
PT_gammabh          		 0
RA_bh               		 -2.84217e-14
AT_bh               		 0
BE_bh               		 2.13163e-14
ES_bh               		 1.77636e-15
FI_bh               		 0
FR_bh               		 -4.44089e-16
GR_bh               		 3.55271e-15
IT_bh               		 1.77636e-15
NL_bh               		 7.10543e-15
PT_bh               		 -1.77636e-15
DE_bh               		 3.57129e-15
RA_ccesi            		 2.02213
RA_ccesj            		 2.25866
RA_dcci             		 1.35113
RA_dccj             		 1.30585
AT_ccesi            		 2.66362
AT_ccesj            		 2.53496
AT_dcci             		 1.19571
AT_dccj             		 1.22874
BE_ccesi            		 2.57679
BE_ccesj            		 2.67547
BE_dcci             		 1.33021
BE_dccj             		 1.31423
ES_ccesi            		 3.49671
ES_ccesj            		 2.35299
ES_dcci             		 0.935523
ES_dccj             		 1.27131
FI_ccesi            		 3.00458
FI_ccesj            		 2.42862
FI_dcci             		 1.28198
FI_dccj             		 1.36923
FR_ccesi            		 3.38289
FR_ccesj            		 2.6806
FR_dcci             		 1.19965
FR_dccj             		 1.32638
GR_ccesi            		 4.58588
GR_ccesj            		 2.3478
GR_dcci             		 0.823605
GR_dccj             		 1.35475
IT_ccesi            		 3.59344
IT_ccesj            		 2.4543
IT_dcci             		 0.942213
IT_dccj             		 1.26618
NL_ccesi            		 2.88505
NL_ccesj            		 2.45115
NL_dcci             		 1.36567
NL_dccj             		 1.41032
PT_ccesi            		 3.82856
PT_ccesj            		 2.28251
PT_dcci             		 0.834071
PT_dccj             		 1.29434
DE_ccesi            		 2.98369
DE_ccesj            		 2.72495
DE_dcci             		 1.14802
DE_dccj             		 1.21445
RU_ccesi            		 3.23414
RU_ccesj            		 2.09942
RU_dcci             		 1.19504
RU_dccj             		 1.39148
RW_ccesi            		 3.95367
RW_ccesj            		 2.36718
RW_dcci             		 0.819915
RW_dccj             		 1.28736
US_ccesi            		 4.26115
US_ccesj            		 2.77189
US_dcci             		 0.536014
US_dccj             		 1.11833
RA_kg               		 7.56407
AT_kg               		 4.79813
BE_kg               		 3.75811
ES_kg               		 5.79201
FI_kg               		 7.15844
FR_kg               		 6.62315
GR_kg               		 8.27348
IT_kg               		 4.70101
NL_kg               		 7.49947
PT_kg               		 5.76581
DE_kg               		 3.87269
RU_kg               		 6.65758
RW_kg               		 15.756
US_kg               		 8.53874
MODEL SIMULATION: (method=Sparse LU solver on stacked system)
------------------------------------
      Iteration no. 1
      Inf-norm error = 1.297e-01
      2-norm error   = 5.010e-01
      1-norm error   = 4.288e+00
------------------------------------
(** 225.40 seconds **)
------------------------------------
      Iteration no. 2
      Inf-norm error = 1.763e-01
      2-norm error   = 1.094e+00
      1-norm error   = 3.299e+01
------------------------------------
(** 224.87 seconds **)
------------------------------------
      Iteration no. 3
      Inf-norm error = 1.825e-02
      2-norm error   = 2.742e-02
      1-norm error   = 2.219e-01
------------------------------------
(** 219.86 seconds **)
------------------------------------
      Iteration no. 4
      Inf-norm error = 1.168e-03
      2-norm error   = 1.573e-03
      1-norm error   = 4.648e-03
------------------------------------
(** 226.50 seconds **)
------------------------------------
      Iteration no. 5
      Inf-norm error = 1.139e-06
      2-norm error   = 1.561e-06
      1-norm error   = 4.378e-06
------------------------------------

Perfect foresight solution found.

Total computing time : 0h16m01s
Note: 164 warning(s) encountered in the preprocessor
