Starting Dynare (version 6.1).
Calling Dynare with arguments: -I/Users/kk/Developer/2024-01_eagle/eagleParsingTemp/submodules savemacro json=compute
Starting preprocessing of the model file ...
Reading eagle_steady_stage_trade.txt.
WARNING: Unknown symbol AUX_ENDO_LAG_430_1 in eagle_steady_stage_trade.txt
WARNING: Unknown symbol AUX_ENDO_LAG_430_2 in eagle_steady_stage_trade.txt
WARNING: Unknown symbol AUX_ENDO_LAG_430_3 in eagle_steady_stage_trade.txt
WARNING: Unknown symbol AUX_ENDO_LAG_414_1 in eagle_steady_stage_trade.txt
WARNING: Unknown symbol AUX_ENDO_LAG_414_2 in eagle_steady_stage_trade.txt
WARNING: Unknown symbol AUX_ENDO_LAG_414_3 in eagle_steady_stage_trade.txt
WARNING: Unknown symbol AUX_ENDO_LAG_395_1 in eagle_steady_stage_trade.txt
WARNING: Unknown symbol AUX_ENDO_LAG_496_1 in eagle_steady_stage_trade.txt
WARNING: Unknown symbol AUX_ENDO_LAG_496_2 in eagle_steady_stage_trade.txt
WARNING: Unknown symbol AUX_ENDO_LAG_496_3 in eagle_steady_stage_trade.txt
WARNING: Unknown symbol AUX_ENDO_LAG_1072_1 in eagle_steady_stage_trade.txt
WARNING: Unknown symbol AUX_ENDO_LAG_1072_2 in eagle_steady_stage_trade.txt
WARNING: Unknown symbol AUX_ENDO_LAG_1072_3 in eagle_steady_stage_trade.txt
WARNING: Unknown symbol AUX_ENDO_LAG_1056_1 in eagle_steady_stage_trade.txt
WARNING: Unknown symbol AUX_ENDO_LAG_1056_2 in eagle_steady_stage_trade.txt
WARNING: Unknown symbol AUX_ENDO_LAG_1056_3 in eagle_steady_stage_trade.txt
WARNING: Unknown symbol AUX_ENDO_LAG_1037_1 in eagle_steady_stage_trade.txt
WARNING: Unknown symbol AUX_ENDO_LAG_1138_1 in eagle_steady_stage_trade.txt
WARNING: Unknown symbol AUX_ENDO_LAG_1138_2 in eagle_steady_stage_trade.txt
WARNING: Unknown symbol AUX_ENDO_LAG_1138_3 in eagle_steady_stage_trade.txt
WARNING: Unknown symbol AUX_ENDO_LAG_1714_1 in eagle_steady_stage_trade.txt
WARNING: Unknown symbol AUX_ENDO_LAG_1714_2 in eagle_steady_stage_trade.txt
WARNING: Unknown symbol AUX_ENDO_LAG_1714_3 in eagle_steady_stage_trade.txt
WARNING: Unknown symbol AUX_ENDO_LAG_1698_1 in eagle_steady_stage_trade.txt
WARNING: Unknown symbol AUX_ENDO_LAG_1698_2 in eagle_steady_stage_trade.txt
WARNING: Unknown symbol AUX_ENDO_LAG_1698_3 in eagle_steady_stage_trade.txt
WARNING: Unknown symbol AUX_ENDO_LAG_1679_1 in eagle_steady_stage_trade.txt
WARNING: Unknown symbol AUX_ENDO_LAG_1780_1 in eagle_steady_stage_trade.txt
WARNING: Unknown symbol AUX_ENDO_LAG_1780_2 in eagle_steady_stage_trade.txt
WARNING: Unknown symbol AUX_ENDO_LAG_1780_3 in eagle_steady_stage_trade.txt
WARNING: Unknown symbol AUX_ENDO_LAG_2356_1 in eagle_steady_stage_trade.txt
WARNING: Unknown symbol AUX_ENDO_LAG_2356_2 in eagle_steady_stage_trade.txt
WARNING: Unknown symbol AUX_ENDO_LAG_2356_3 in eagle_steady_stage_trade.txt
WARNING: Unknown symbol AUX_ENDO_LAG_2340_1 in eagle_steady_stage_trade.txt
WARNING: Unknown symbol AUX_ENDO_LAG_2340_2 in eagle_steady_stage_trade.txt
WARNING: Unknown symbol AUX_ENDO_LAG_2340_3 in eagle_steady_stage_trade.txt
WARNING: Unknown symbol AUX_ENDO_LAG_2321_1 in eagle_steady_stage_trade.txt
WARNING: Unknown symbol AUX_ENDO_LAG_2422_1 in eagle_steady_stage_trade.txt
WARNING: Unknown symbol AUX_ENDO_LAG_2422_2 in eagle_steady_stage_trade.txt
WARNING: Unknown symbol AUX_ENDO_LAG_2422_3 in eagle_steady_stage_trade.txt
WARNING: Unknown symbol AUX_ENDO_LAG_2998_1 in eagle_steady_stage_trade.txt
WARNING: Unknown symbol AUX_ENDO_LAG_2998_2 in eagle_steady_stage_trade.txt
WARNING: Unknown symbol AUX_ENDO_LAG_2998_3 in eagle_steady_stage_trade.txt
WARNING: Unknown symbol AUX_ENDO_LAG_2982_1 in eagle_steady_stage_trade.txt
WARNING: Unknown symbol AUX_ENDO_LAG_2982_2 in eagle_steady_stage_trade.txt
WARNING: Unknown symbol AUX_ENDO_LAG_2982_3 in eagle_steady_stage_trade.txt
WARNING: Unknown symbol AUX_ENDO_LAG_2963_1 in eagle_steady_stage_trade.txt
WARNING: Unknown symbol AUX_ENDO_LAG_3064_1 in eagle_steady_stage_trade.txt
WARNING: Unknown symbol AUX_ENDO_LAG_3064_2 in eagle_steady_stage_trade.txt
WARNING: Unknown symbol AUX_ENDO_LAG_3064_3 in eagle_steady_stage_trade.txt
WARNING: Unknown symbol AUX_ENDO_LAG_3640_1 in eagle_steady_stage_trade.txt
WARNING: Unknown symbol AUX_ENDO_LAG_3640_2 in eagle_steady_stage_trade.txt
WARNING: Unknown symbol AUX_ENDO_LAG_3640_3 in eagle_steady_stage_trade.txt
WARNING: Unknown symbol AUX_ENDO_LAG_3624_1 in eagle_steady_stage_trade.txt
WARNING: Unknown symbol AUX_ENDO_LAG_3624_2 in eagle_steady_stage_trade.txt
WARNING: Unknown symbol AUX_ENDO_LAG_3624_3 in eagle_steady_stage_trade.txt
WARNING: Unknown symbol AUX_ENDO_LAG_3605_1 in eagle_steady_stage_trade.txt
WARNING: Unknown symbol AUX_ENDO_LAG_3706_1 in eagle_steady_stage_trade.txt
WARNING: Unknown symbol AUX_ENDO_LAG_3706_2 in eagle_steady_stage_trade.txt
WARNING: Unknown symbol AUX_ENDO_LAG_3706_3 in eagle_steady_stage_trade.txt
WARNING: Unknown symbol AUX_ENDO_LAG_4282_1 in eagle_steady_stage_trade.txt
WARNING: Unknown symbol AUX_ENDO_LAG_4282_2 in eagle_steady_stage_trade.txt
WARNING: Unknown symbol AUX_ENDO_LAG_4282_3 in eagle_steady_stage_trade.txt
WARNING: Unknown symbol AUX_ENDO_LAG_4266_1 in eagle_steady_stage_trade.txt
WARNING: Unknown symbol AUX_ENDO_LAG_4266_2 in eagle_steady_stage_trade.txt
WARNING: Unknown symbol AUX_ENDO_LAG_4266_3 in eagle_steady_stage_trade.txt
WARNING: Unknown symbol AUX_ENDO_LAG_4247_1 in eagle_steady_stage_trade.txt
WARNING: Unknown symbol AUX_ENDO_LAG_4348_1 in eagle_steady_stage_trade.txt
WARNING: Unknown symbol AUX_ENDO_LAG_4348_2 in eagle_steady_stage_trade.txt
WARNING: Unknown symbol AUX_ENDO_LAG_4348_3 in eagle_steady_stage_trade.txt
WARNING: Unknown symbol AUX_ENDO_LAG_4924_1 in eagle_steady_stage_trade.txt
WARNING: Unknown symbol AUX_ENDO_LAG_4924_2 in eagle_steady_stage_trade.txt
WARNING: Unknown symbol AUX_ENDO_LAG_4924_3 in eagle_steady_stage_trade.txt
WARNING: Unknown symbol AUX_ENDO_LAG_4908_1 in eagle_steady_stage_trade.txt
WARNING: Unknown symbol AUX_ENDO_LAG_4908_2 in eagle_steady_stage_trade.txt
WARNING: Unknown symbol AUX_ENDO_LAG_4908_3 in eagle_steady_stage_trade.txt
WARNING: Unknown symbol AUX_ENDO_LAG_4889_1 in eagle_steady_stage_trade.txt
WARNING: Unknown symbol AUX_ENDO_LAG_4990_1 in eagle_steady_stage_trade.txt
WARNING: Unknown symbol AUX_ENDO_LAG_4990_2 in eagle_steady_stage_trade.txt
WARNING: Unknown symbol AUX_ENDO_LAG_4990_3 in eagle_steady_stage_trade.txt
WARNING: Unknown symbol AUX_ENDO_LAG_5566_1 in eagle_steady_stage_trade.txt
WARNING: Unknown symbol AUX_ENDO_LAG_5566_2 in eagle_steady_stage_trade.txt
WARNING: Unknown symbol AUX_ENDO_LAG_5566_3 in eagle_steady_stage_trade.txt
WARNING: Unknown symbol AUX_ENDO_LAG_5550_1 in eagle_steady_stage_trade.txt
WARNING: Unknown symbol AUX_ENDO_LAG_5550_2 in eagle_steady_stage_trade.txt
WARNING: Unknown symbol AUX_ENDO_LAG_5550_3 in eagle_steady_stage_trade.txt
WARNING: Unknown symbol AUX_ENDO_LAG_5531_1 in eagle_steady_stage_trade.txt
WARNING: Unknown symbol AUX_ENDO_LAG_5632_1 in eagle_steady_stage_trade.txt
WARNING: Unknown symbol AUX_ENDO_LAG_5632_2 in eagle_steady_stage_trade.txt
WARNING: Unknown symbol AUX_ENDO_LAG_5632_3 in eagle_steady_stage_trade.txt
WARNING: Unknown symbol AUX_ENDO_LAG_6208_1 in eagle_steady_stage_trade.txt
WARNING: Unknown symbol AUX_ENDO_LAG_6208_2 in eagle_steady_stage_trade.txt
WARNING: Unknown symbol AUX_ENDO_LAG_6208_3 in eagle_steady_stage_trade.txt
WARNING: Unknown symbol AUX_ENDO_LAG_6192_1 in eagle_steady_stage_trade.txt
WARNING: Unknown symbol AUX_ENDO_LAG_6192_2 in eagle_steady_stage_trade.txt
WARNING: Unknown symbol AUX_ENDO_LAG_6192_3 in eagle_steady_stage_trade.txt
WARNING: Unknown symbol AUX_ENDO_LAG_6173_1 in eagle_steady_stage_trade.txt
WARNING: Unknown symbol AUX_ENDO_LAG_6274_1 in eagle_steady_stage_trade.txt
WARNING: Unknown symbol AUX_ENDO_LAG_6274_2 in eagle_steady_stage_trade.txt
WARNING: Unknown symbol AUX_ENDO_LAG_6274_3 in eagle_steady_stage_trade.txt
WARNING: Unknown symbol AUX_ENDO_LAG_6850_1 in eagle_steady_stage_trade.txt
WARNING: Unknown symbol AUX_ENDO_LAG_6850_2 in eagle_steady_stage_trade.txt
WARNING: Unknown symbol AUX_ENDO_LAG_6850_3 in eagle_steady_stage_trade.txt
WARNING: Unknown symbol AUX_ENDO_LAG_6834_1 in eagle_steady_stage_trade.txt
WARNING: Unknown symbol AUX_ENDO_LAG_6834_2 in eagle_steady_stage_trade.txt
WARNING: Unknown symbol AUX_ENDO_LAG_6834_3 in eagle_steady_stage_trade.txt
WARNING: Unknown symbol AUX_ENDO_LAG_6815_1 in eagle_steady_stage_trade.txt
WARNING: Unknown symbol AUX_ENDO_LAG_6916_1 in eagle_steady_stage_trade.txt
WARNING: Unknown symbol AUX_ENDO_LAG_6916_2 in eagle_steady_stage_trade.txt
WARNING: Unknown symbol AUX_ENDO_LAG_6916_3 in eagle_steady_stage_trade.txt
WARNING: Unknown symbol AUX_ENDO_LAG_7492_1 in eagle_steady_stage_trade.txt
WARNING: Unknown symbol AUX_ENDO_LAG_7492_2 in eagle_steady_stage_trade.txt
WARNING: Unknown symbol AUX_ENDO_LAG_7492_3 in eagle_steady_stage_trade.txt
WARNING: Unknown symbol AUX_ENDO_LAG_7476_1 in eagle_steady_stage_trade.txt
WARNING: Unknown symbol AUX_ENDO_LAG_7476_2 in eagle_steady_stage_trade.txt
WARNING: Unknown symbol AUX_ENDO_LAG_7476_3 in eagle_steady_stage_trade.txt
WARNING: Unknown symbol AUX_ENDO_LAG_7457_1 in eagle_steady_stage_trade.txt
WARNING: Unknown symbol AUX_ENDO_LAG_7558_1 in eagle_steady_stage_trade.txt
WARNING: Unknown symbol AUX_ENDO_LAG_7558_2 in eagle_steady_stage_trade.txt
WARNING: Unknown symbol AUX_ENDO_LAG_7558_3 in eagle_steady_stage_trade.txt
WARNING: Unknown symbol AUX_ENDO_LAG_8137_1 in eagle_steady_stage_trade.txt
WARNING: Unknown symbol AUX_ENDO_LAG_8137_2 in eagle_steady_stage_trade.txt
WARNING: Unknown symbol AUX_ENDO_LAG_8137_3 in eagle_steady_stage_trade.txt
WARNING: Unknown symbol AUX_ENDO_LAG_8121_1 in eagle_steady_stage_trade.txt
WARNING: Unknown symbol AUX_ENDO_LAG_8121_2 in eagle_steady_stage_trade.txt
WARNING: Unknown symbol AUX_ENDO_LAG_8121_3 in eagle_steady_stage_trade.txt
WARNING: Unknown symbol AUX_ENDO_LAG_8102_1 in eagle_steady_stage_trade.txt
WARNING: Unknown symbol AUX_ENDO_LAG_8203_1 in eagle_steady_stage_trade.txt
WARNING: Unknown symbol AUX_ENDO_LAG_8203_2 in eagle_steady_stage_trade.txt
WARNING: Unknown symbol AUX_ENDO_LAG_8203_3 in eagle_steady_stage_trade.txt
WARNING: Unknown symbol AUX_ENDO_LAG_8781_1 in eagle_steady_stage_trade.txt
WARNING: Unknown symbol AUX_ENDO_LAG_8781_2 in eagle_steady_stage_trade.txt
WARNING: Unknown symbol AUX_ENDO_LAG_8781_3 in eagle_steady_stage_trade.txt
WARNING: Unknown symbol AUX_ENDO_LAG_8765_1 in eagle_steady_stage_trade.txt
WARNING: Unknown symbol AUX_ENDO_LAG_8765_2 in eagle_steady_stage_trade.txt
WARNING: Unknown symbol AUX_ENDO_LAG_8765_3 in eagle_steady_stage_trade.txt
WARNING: Unknown symbol AUX_ENDO_LAG_8746_1 in eagle_steady_stage_trade.txt
WARNING: Unknown symbol AUX_ENDO_LAG_8844_1 in eagle_steady_stage_trade.txt
WARNING: Unknown symbol AUX_ENDO_LAG_8844_2 in eagle_steady_stage_trade.txt
WARNING: Unknown symbol AUX_ENDO_LAG_8844_3 in eagle_steady_stage_trade.txt
WARNING: Unknown symbol AUX_ENDO_LAG_274_1 in eagle_steady_stage_trade.txt
WARNING: Unknown symbol AUX_ENDO_LAG_451_1 in eagle_steady_stage_trade.txt
WARNING: Unknown symbol AUX_ENDO_LAG_916_1 in eagle_steady_stage_trade.txt
WARNING: Unknown symbol AUX_ENDO_LAG_1093_1 in eagle_steady_stage_trade.txt
WARNING: Unknown symbol AUX_ENDO_LAG_1558_1 in eagle_steady_stage_trade.txt
WARNING: Unknown symbol AUX_ENDO_LAG_1735_1 in eagle_steady_stage_trade.txt
WARNING: Unknown symbol AUX_ENDO_LAG_2200_1 in eagle_steady_stage_trade.txt
WARNING: Unknown symbol AUX_ENDO_LAG_2377_1 in eagle_steady_stage_trade.txt
WARNING: Unknown symbol AUX_ENDO_LAG_2842_1 in eagle_steady_stage_trade.txt
WARNING: Unknown symbol AUX_ENDO_LAG_3019_1 in eagle_steady_stage_trade.txt
WARNING: Unknown symbol AUX_ENDO_LAG_3484_1 in eagle_steady_stage_trade.txt
WARNING: Unknown symbol AUX_ENDO_LAG_3661_1 in eagle_steady_stage_trade.txt
WARNING: Unknown symbol AUX_ENDO_LAG_4126_1 in eagle_steady_stage_trade.txt
WARNING: Unknown symbol AUX_ENDO_LAG_4303_1 in eagle_steady_stage_trade.txt
WARNING: Unknown symbol AUX_ENDO_LAG_4768_1 in eagle_steady_stage_trade.txt
WARNING: Unknown symbol AUX_ENDO_LAG_4945_1 in eagle_steady_stage_trade.txt
WARNING: Unknown symbol AUX_ENDO_LAG_5410_1 in eagle_steady_stage_trade.txt
WARNING: Unknown symbol AUX_ENDO_LAG_5587_1 in eagle_steady_stage_trade.txt
WARNING: Unknown symbol AUX_ENDO_LAG_6052_1 in eagle_steady_stage_trade.txt
WARNING: Unknown symbol AUX_ENDO_LAG_6229_1 in eagle_steady_stage_trade.txt
WARNING: Unknown symbol AUX_ENDO_LAG_6871_1 in eagle_steady_stage_trade.txt
WARNING: Unknown symbol AUX_ENDO_LAG_3_1 in eagle_steady_stage_trade.txt
WARNING: Unknown symbol AUX_ENDO_LAG_3_2 in eagle_steady_stage_trade.txt
WARNING: Unknown symbol AUX_ENDO_LAG_3_3 in eagle_steady_stage_trade.txt
Substitution of endo lags >= 2: added 220 auxiliary variables and equations.
Found 7534 equation(s).
Evaluating expressions...
Computing static model derivatives (order 1).
Normalizing the static model...
Finding the optimal block decomposition of the static model...
433 block(s) found:
  428 recursive block(s) and 5 simultaneous block(s).
  the largest simultaneous block has 2717 equation(s)
                                 and 2717 feedback variable(s).
Computing dynamic model derivatives (order 1).
Normalizing the dynamic model...
Finding the optimal block decomposition of the dynamic model...
175 block(s) found:
  174 recursive block(s) and 1 simultaneous block(s).
  the largest simultaneous block has 4352 equation(s)
                                 and 3779 feedback variable(s).
JSON written after Computing step.
Preprocessing completed.
Preprocessing time: 0h00m23s.

STEADY-STATE RESULTS:

EA_bf               		 -16.4392
EA_m                		 1.03059
EA_pic4             		 1.02
EA_y                		 4.66869
EA_ygrowth          		 1
EA_ygrowth4         		 1
EA_z                		 1
RAAT_excy           		 0.00724856
RABE_excy           		 0.00962463
RAES_excy           		 0.00806889
RAFI_excy           		 0.00343536
RAFR_excy           		 0.0219083
RAGR_excy           		 0.00194638
RAIT_excy           		 0.0274385
RANL_excy           		 0.00708587
RAPT_excy           		 0.00137408
RADE_excy           		 0.0411683
RARU_excy           		 0.0261876
RARW_excy           		 0.174203
RAUS_excy           		 0.0620774
RAAT_exiy           		 0.00345689
RABE_exiy           		 0.00338687
RAES_exiy           		 0.00434208
RAFI_exiy           		 0.00173271
RAFR_exiy           		 0.00954431
RAGR_exiy           		 0.000533207
RAIT_exiy           		 0.00987466
RANL_exiy           		 0.00362548
RAPT_exiy           		 0.000546873
RADE_exiy           		 0.018671
RARU_exiy           		 0.0124447
RARW_exiy           		 0.0580867
RAUS_exiy           		 0.0123015
RA_fx               		 9.5802
RAAT_gammaimc       		 0
RABE_gammaimc       		 0
RAES_gammaimc       		 0
RAFI_gammaimc       		 0
RAFR_gammaimc       		 0
RAGR_gammaimc       		 0
RAIT_gammaimc       		 0
RANL_gammaimc       		 0
RAPT_gammaimc       		 0
RADE_gammaimc       		 0
RARU_gammaimc       		 0
RARW_gammaimc       		 0
RAUS_gammaimc       		 0
RAAT_gammaimcdag    		 1
RABE_gammaimcdag    		 1
RAES_gammaimcdag    		 1
RAFI_gammaimcdag    		 1
RAFR_gammaimcdag    		 1
RAGR_gammaimcdag    		 1
RAIT_gammaimcdag    		 1
RANL_gammaimcdag    		 1
RAPT_gammaimcdag    		 1
RADE_gammaimcdag    		 1
RARU_gammaimcdag    		 1
RARW_gammaimcdag    		 1
RAUS_gammaimcdag    		 1
RAAT_gammaimi       		 0
RABE_gammaimi       		 0
RAES_gammaimi       		 0
RAFI_gammaimi       		 0
RAFR_gammaimi       		 0
RAGR_gammaimi       		 0
RAIT_gammaimi       		 0
RANL_gammaimi       		 0
RAPT_gammaimi       		 0
RADE_gammaimi       		 0
RARU_gammaimi       		 0
RARW_gammaimi       		 0
RAUS_gammaimi       		 0
RAAT_gammaimidag    		 1
RABE_gammaimidag    		 1
RAES_gammaimidag    		 1
RAFI_gammaimidag    		 1
RAFR_gammaimidag    		 1
RAGR_gammaimidag    		 1
RAIT_gammaimidag    		 1
RANL_gammaimidag    		 1
RAPT_gammaimidag    		 1
RADE_gammaimidag    		 1
RARU_gammaimidag    		 1
RARW_gammaimidag    		 1
RAUS_gammaimidag    		 1
RAAT_gammaimcg      		 0
RABE_gammaimcg      		 0
RAES_gammaimcg      		 0
RAFI_gammaimcg      		 0
RAFR_gammaimcg      		 0
RAGR_gammaimcg      		 0
RAIT_gammaimcg      		 0
RANL_gammaimcg      		 0
RAPT_gammaimcg      		 0
RADE_gammaimcg      		 0
RARU_gammaimcg      		 0
RARW_gammaimcg      		 0
RAUS_gammaimcg      		 0
RAAT_gammaimcgdag   		 1
RABE_gammaimcgdag   		 1
RAES_gammaimcgdag   		 1
RAFI_gammaimcgdag   		 1
RAFR_gammaimcgdag   		 1
RAGR_gammaimcgdag   		 1
RAIT_gammaimcgdag   		 1
RANL_gammaimcgdag   		 1
RAPT_gammaimcgdag   		 1
RADE_gammaimcgdag   		 1
RARU_gammaimcgdag   		 1
RARW_gammaimcgdag   		 1
RAUS_gammaimcgdag   		 1
RAAT_gammaimig      		 0
RABE_gammaimig      		 0
RAES_gammaimig      		 0
RAFI_gammaimig      		 0
RAFR_gammaimig      		 0
RAGR_gammaimig      		 0
RAIT_gammaimig      		 0
RANL_gammaimig      		 0
RAPT_gammaimig      		 0
RADE_gammaimig      		 0
RARU_gammaimig      		 0
RARW_gammaimig      		 0
RAUS_gammaimig      		 0
RAAT_gammaimigdag   		 1
RABE_gammaimigdag   		 1
RAES_gammaimigdag   		 1
RAFI_gammaimigdag   		 1
RAFR_gammaimigdag   		 1
RAGR_gammaimigdag   		 1
RAIT_gammaimigdag   		 1
RANL_gammaimigdag   		 1
RAPT_gammaimigdag   		 1
RADE_gammaimigdag   		 1
RARU_gammaimigdag   		 1
RARW_gammaimigdag   		 1
RAUS_gammaimigdag   		 1
RA_gx               		 11.4962
RAAT_im             		 0.0356135
RABE_im             		 0.0506974
RAES_im             		 0.0397829
RAFI_im             		 0.0176838
RAFR_im             		 0.108669
RAGR_im             		 0.0147591
RAIT_im             		 0.0915806
RANL_im             		 0.0589398
RAPT_im             		 0.00767399
RADE_im             		 0.178664
RARU_im             		 0.14922
RARW_im             		 0.694309
RAUS_im             		 0.22233
RAAT_imc            		 0.0207144
RABE_imc            		 0.0297901
RAES_imc            		 0.0253185
RAFI_imc            		 0.00850788
RAFR_imc            		 0.0540262
RAGR_imc            		 0.01105
RAIT_imc            		 0.0507816
RANL_imc            		 0.035091
RAPT_imc            		 0.00548545
RADE_imc            		 0.0894152
RARU_imc            		 0.0878679
RARW_imc            		 0.413413
RAUS_imc            		 0.102609
RAAT_imcy           		 0.004994
RABE_imcy           		 0.007036
RAES_imcy           		 0.005526
RAFI_imcy           		 0.001885
RAFR_imcy           		 0.011389
RAGR_imcy           		 0.001999
RAIT_imcy           		 0.011985
RANL_imcy           		 0.006533
RAPT_imcy           		 0.001168
RADE_imcy           		 0.019863
RARU_imcy           		 0.018922
RARW_imcy           		 0.077784
RAUS_imcy           		 0.022197
RAAT_imi            		 0.0110748
RABE_imi            		 0.0148273
RAES_imi            		 0.0109549
RAFI_imi            		 0.00746076
RAFR_imi            		 0.0445625
RAGR_imi            		 0.00263121
RAIT_imi            		 0.032113
RANL_imi            		 0.0174032
RAPT_imi            		 0.00163436
RADE_imi            		 0.0714178
RARU_imi            		 0.0460143
RARW_imi            		 0.210251
RAUS_imi            		 0.0953465
RAAT_imiy           		 0.00267
RABE_imiy           		 0.003502
RAES_imiy           		 0.002391
RAFI_imiy           		 0.001653
RAFR_imiy           		 0.009394
RAGR_imiy           		 0.000476
RAIT_imiy           		 0.007579
RANL_imiy           		 0.00324
RAPT_imiy           		 0.000348
RADE_imiy           		 0.015865
RARU_imiy           		 0.009909
RARW_imiy           		 0.039559
RAUS_imiy           		 0.020626
RAAT_imcg           		 0.00337636
RABE_imcg           		 0.00549144
RAES_imcg           		 0.00306974
RAFI_imcg           		 0.00141723
RAFR_imcg           		 0.00836317
RAGR_imcg           		 0.000967358
RAIT_imcg           		 0.00738526
RANL_imcg           		 0.00576883
RAPT_imcg           		 0.000488431
RADE_imcg           		 0.0149768
RARU_imcg           		 0.0134946
RARW_imcg           		 0.0622904
RAUS_imcg           		 0.0207094
RAAT_imcgy          		 0.000814
RABE_imcgy          		 0.001297
RAES_imcgy          		 0.00067
RAFI_imcgy          		 0.000314
RAFR_imcgy          		 0.001763
RAGR_imcgy          		 0.000175
RAIT_imcgy          		 0.001743
RANL_imcgy          		 0.001074
RAPT_imcgy          		 0.000104
RADE_imcgy          		 0.003327
RARU_imcgy          		 0.002906
RARW_imcgy          		 0.01172
RAUS_imcgy          		 0.00448
RAAT_imig           		 0.000447969
RABE_imig           		 0.00058852
RAES_imig           		 0.000439844
RAFI_imig           		 0.000297889
RAFR_imig           		 0.00171722
RAGR_imig           		 0.000110555
RAIT_imig           		 0.00130079
RANL_imig           		 0.00067679
RAPT_imig           		 6.57503e-05
RADE_imig           		 0.00285401
RARU_imig           		 0.00184354
RARW_imig           		 0.00835499
RAUS_imig           		 0.00366575
RAAT_imigy          		 0.000108
RABE_imigy          		 0.000139
RAES_imigy          		 9.6e-05
RAFI_imigy          		 6.6e-05
RAFR_imigy          		 0.000362
RAGR_imigy          		 2e-05
RAIT_imigy          		 0.000307
RANL_imigy          		 0.000126
RAPT_imigy          		 1.4e-05
RADE_imigy          		 0.000634
RARU_imigy          		 0.000397
RARW_imigy          		 0.001572
RAUS_imigy          		 0.000793
RA_piex             		 1.00496
RA_pextilde         		 0.935416
RAAT_rer            		 1.21473
RABE_rer            		 1.16746
RAES_rer            		 1.13627
RAFI_rer            		 1.14288
RAFR_rer            		 1.10812
RAGR_rer            		 0.986406
RAIT_rer            		 1.20886
RANL_rer            		 1.0252
RAPT_rer            		 1.11863
RADE_rer            		 1.1475
RARU_rer            		 1.12265
RARW_rer            		 0.968231
RAUS_rer            		 1.07817
RA_sx               		 1
RAAT_tot            		 1.2555
RABE_tot            		 1.22997
RAES_tot            		 1.13661
RAFI_tot            		 1.1538
RAFR_tot            		 1.0978
RAGR_tot            		 0.942087
RAIT_tot            		 1.22906
RANL_tot            		 0.96952
RAPT_tot            		 1.10884
RADE_tot            		 1.15684
RARU_tot            		 1.12144
RARW_tot            		 0.979821
RAUS_tot            		 1.12655
RAAT_weight         		 0.0206798
RABE_weight         		 0.0276953
RAES_weight         		 0.0252005
RAFI_weight         		 0.0101383
RAFR_weight         		 0.0624603
RAGR_weight         		 0.00589191
RAIT_weight         		 0.0651966
RANL_weight         		 0.0256993
RAPT_weight         		 0.00422347
RADE_weight         		 0.112758
RARU_weight         		 0.0777847
RARW_weight         		 0.422407
RAUS_weight         		 0.139865
RAAT_weightex       		 0.0182218
RABE_weightex       		 0.0236154
RAES_weightex       		 0.025157
RAFI_weightex       		 0.00941643
RAFR_weightex       		 0.0600524
RAGR_weightex       		 0.00482058
RAIT_weightex       		 0.0664933
RANL_weightex       		 0.0221423
RAPT_weightex       		 0.0039197
RADE_weightex       		 0.111173
RARU_weightex       		 0.068807
RARW_weightex       		 0.446399
RAUS_weightex       		 0.139781
RAAT_weightim       		 0.0249946
RABE_weightim       		 0.0348574
RAES_weightim       		 0.025277
RAFI_weightim       		 0.0114056
RAFR_weightim       		 0.0666872
RAGR_weightim       		 0.00777261
RAIT_weightim       		 0.0629203
RANL_weightim       		 0.0319434
RAPT_weightim       		 0.00475672
RADE_weightim       		 0.115538
RARU_weightim       		 0.093545
RARW_weightim       		 0.38029
RAUS_weightim       		 0.140012
RA_b                		 9.17509
RA_bf               		 -95.6009
RA_bfy              		 -21.055
RA_by               		 1.8835
RA_c                		 1.6175
RA_ci               		 1.62404
RA_cj               		 1.59787
RA_cy               		 0.332047
RA_d                		 0.734411
RA_dn               		 0.0955537
RA_dt               		 0.638857
RA_epsilonm         		 -0.750004
RA_etot             		 1.06938
RA_ex               		 3.14035
RA_fh               		 12.3143
RA_fi               		 261.21
RA_fj               		 9.67443
RA_fn               		 5.00542
RA_cg               		 0.868051
RA_gammab           		 0
RA_gammai           		 0
RA_gammaider        		 0
RA_gammau           		 0
RA_gammauder        		 0.0328984
RA_gammav           		 0.000163387
RA_gammavi          		 0.000101012
RA_gammavider       		 0.00216513
RA_gammavj          		 0.000101012
RA_gammavjder       		 0.00216513
RA_gh               		 14.7772
RA_gi               		 18.1911
RA_gj               		 6.18168
RA_gn               		 7.50813
RA_cgy              		 0.1771
RA_ht               		 1.37079
RA_htc              		 0.546232
RA_hti              		 0.131063
RA_htcg             		 0.563955
RA_htig             		 0.129543
RA_i                		 0.903435
RA_ig               		 0.185329
RA_ii               		 1.20458
RA_im               		 1.65466
RA_imc              		 0.925223
RA_imcy             		 0.191281
RA_imi              		 0.560845
RA_imiy             		 0.117212
RA_imcg             		 0.146425
RA_imcgy            		 0.030387
RA_imig             		 0.0221704
RA_imigy            		 0.004634
RA_imy              		 0.343514
RA_exy              		 0.603029
RA_internalrer      		 1.19069
RA_iy               		 0.193604
RA_igy              		 0.0377
RA_k                		 36.1374
RA_kd               		 36.1374
RA_kdn              		 4.85645
RA_kdt              		 31.281
RA_ki               		 48.1832
RA_lambdai          		 1.56587
RA_lambdaj          		 1.59633
RA_lcy              		 0.594466
RA_m                		 0.679622
RA_mcn              		 0.779513
RA_mct              		 0.779513
RA_mi               		 0.682371
RA_mj               		 0.671375
RA_mp               		 0.00335631
RA_mpy              		 0.000688996
RA_nd               		 2.02144
RA_ndi              		 1.09231
RA_ndj              		 0.983348
RA_ndn              		 0.271658
RA_ndt              		 1.74978
RA_ni               		 1.09231
RA_nj               		 0.983348
RA_nt               		 0.557188
RA_ntc              		 0.1496
RA_nti              		 0.213408
RA_ntcg             		 0.160058
RA_ntig             		 0.0341222
RA_pex              		 0.935416
RA_pht              		 0.935416
RA_phttilde         		 0.935416
RA_pi               		 1.04391
RA_pcg              		 0.993844
RA_pig              		 0.99093
RA_pic              		 1.00496
RA_pic4             		 1.02
RA_piex4            		 1.02
RA_piht             		 1.00496
RA_piimc            		 1.00496
RA_piimi            		 1.00496
RA_piimcg           		 1.00496
RA_piimig           		 1.00496
RA_piimc4           		 1.02
RA_pim              		 1.0113
RA_pimc             		 1.00709
RA_pimi             		 1.01806
RA_pimcg            		 1.01092
RA_pimig            		 1.01818
RA_pint             		 1.00496
RA_piw              		 1.00496
RA_piw4             		 1.02
RA_pnt              		 1.16927
RA_pnttilde         		 1.16927
RA_pttc             		 0.982009
RA_ptti             		 1.0037
RA_pttcg            		 0.952214
RA_pttig            		 0.94865
RA_py               		 0.961124
RA_q                		 1.04391
RA_qc               		 1.61766
RA_qi               		 0.903435
RA_qcg              		 0.868051
RA_qig              		 0.185329
RA_r                		 1.01242
RA_reer             		 1.05559
RA_rer              		 1.07817
RA_rerdep           		 1
RA_rk               		 0.034343
RA_rp               		 0
RA_rr               		 1.00742
RA_rrstar           		 1.00742
RA_sh               		 1
RA_si               		 1
RA_sj               		 1
RA_snt              		 1
RA_t                		 0.334799
RA_tauc             		 0.2426
RA_taud             		 0
RA_tauk             		 0.061
RA_taun             		 0.188
RA_tauwf            		 0.1413
RA_tauwh            		 0.0802
RA_tb               		 1.26417
RA_tby              		 0.259515
RA_ti               		 0.401759
RA_tj               		 0.13392
RA_tot              		 1.12655
RA_tr               		 0.674188
RA_tri              		 0.449459
RA_trj              		 1.34837
RA_try              		 0.1384
RA_ttc              		 1.46917
RA_tti              		 0.691015
RA_ttcg             		 0.709458
RA_ttig             		 0.151531
RA_ty               		 0.068729
RA_u                		 1
RA_utili            		 -109.506
RA_utilj            		 -95.6529
RA_vi               		 2.38
RA_vj               		 2.38
RA_w                		 1.25519
RA_wcst             		 0
RA_whty             		 0.52048
RA_wi               		 1.35392
RA_witilde          		 1.35392
RA_wj               		 1.07632
RA_wjtilde          		 1.07632
RA_wnty             		 0.52338
RA_wy               		 0.520867
RA_y                		 5.06833
RA_ygap             		 0
RA_ygrowth          		 1
RA_ygrowth4         		 1
RA_yhty             		 0.866257
RA_ynty             		 0.133743
RA_yshare           		 0.0089939
RA_ysn              		 0.557188
RA_yst              		 4.51114
RA_zcon             		 1
RA_zinv             		 1
RA_zn               		 1
RA_zt               		 1
RA_grev             		 1.78776
RA_gexp             		 1.78776
RA_grevy            		 0.366999
RA_gexpy            		 0.366999
RA_gbal             		 -5.90639e-14
RA_gbaly            		 -1.21249e-14
RA_br               		 0.0672187
RA_bry              		 0.0137989
RA_gpbal            		 0.0672187
RA_gpbaly           		 0.0137989
RA_tn               		 0.680504
RA_tny              		 0.139697
RA_tc               		 0.392405
RA_tcy              		 0.0805546
RA_twf              		 0.358521
RA_twfy             		 0.0735986
RA_tk               		 0.0181756
RA_tky              		 0.00373117
RA_lhs              		 11.5266
RA_rhs              		 11.5266
ATRA_excy           		 0.00783146
ATBE_excy           		 0.00203079
ATES_excy           		 0.00327362
ATFI_excy           		 0.00083828
ATFR_excy           		 0.00783926
ATGR_excy           		 0.00113796
ATIT_excy           		 0.0178627
ATNL_excy           		 0.0046005
ATPT_excy           		 0.000553886
ATDE_excy           		 0.0574977
ATRU_excy           		 0.021153
ATRW_excy           		 0.0663861
ATUS_excy           		 0.0155738
ATRA_exiy           		 0.00418702
ATBE_exiy           		 0.00114579
ATES_exiy           		 0.00220539
ATFI_exiy           		 0.000619598
ATFR_exiy           		 0.00417768
ATGR_exiy           		 0.000493362
ATIT_exiy           		 0.00768868
ATNL_exiy           		 0.00170746
ATPT_exiy           		 0.000349411
ATDE_exiy           		 0.0266725
ATRU_exiy           		 0.0119768
ATRW_exiy           		 0.0426703
ATUS_exiy           		 0.0084221
AT_fx               		 4.43677
ATRA_gammaimc       		 0
ATBE_gammaimc       		 0
ATES_gammaimc       		 0
ATFI_gammaimc       		 0
ATFR_gammaimc       		 0
ATGR_gammaimc       		 0
ATIT_gammaimc       		 0
ATNL_gammaimc       		 0
ATPT_gammaimc       		 0
ATDE_gammaimc       		 0
ATRU_gammaimc       		 0
ATRW_gammaimc       		 0
ATUS_gammaimc       		 0
ATRA_gammaimcdag    		 1
ATBE_gammaimcdag    		 1
ATES_gammaimcdag    		 1
ATFI_gammaimcdag    		 1
ATFR_gammaimcdag    		 1
ATGR_gammaimcdag    		 1
ATIT_gammaimcdag    		 1
ATNL_gammaimcdag    		 1
ATPT_gammaimcdag    		 1
ATDE_gammaimcdag    		 1
ATRU_gammaimcdag    		 1
ATRW_gammaimcdag    		 1
ATUS_gammaimcdag    		 1
ATRA_gammaimi       		 0
ATBE_gammaimi       		 0
ATES_gammaimi       		 0
ATFI_gammaimi       		 0
ATFR_gammaimi       		 0
ATGR_gammaimi       		 0
ATIT_gammaimi       		 0
ATNL_gammaimi       		 0
ATPT_gammaimi       		 0
ATDE_gammaimi       		 0
ATRU_gammaimi       		 0
ATRW_gammaimi       		 0
ATUS_gammaimi       		 0
ATRA_gammaimidag    		 1
ATBE_gammaimidag    		 1
ATES_gammaimidag    		 1
ATFI_gammaimidag    		 1
ATFR_gammaimidag    		 1
ATGR_gammaimidag    		 1
ATIT_gammaimidag    		 1
ATNL_gammaimidag    		 1
ATPT_gammaimidag    		 1
ATDE_gammaimidag    		 1
ATRU_gammaimidag    		 1
ATRW_gammaimidag    		 1
ATUS_gammaimidag    		 1
ATRA_gammaimcg      		 0
ATBE_gammaimcg      		 0
ATES_gammaimcg      		 0
ATFI_gammaimcg      		 0
ATFR_gammaimcg      		 0
ATGR_gammaimcg      		 0
ATIT_gammaimcg      		 0
ATNL_gammaimcg      		 0
ATPT_gammaimcg      		 0
ATDE_gammaimcg      		 0
ATRU_gammaimcg      		 0
ATRW_gammaimcg      		 0
ATUS_gammaimcg      		 0
ATRA_gammaimcgdag   		 1
ATBE_gammaimcgdag   		 1
ATES_gammaimcgdag   		 1
ATFI_gammaimcgdag   		 1
ATFR_gammaimcgdag   		 1
ATGR_gammaimcgdag   		 1
ATIT_gammaimcgdag   		 1
ATNL_gammaimcgdag   		 1
ATPT_gammaimcgdag   		 1
ATDE_gammaimcgdag   		 1
ATRU_gammaimcgdag   		 1
ATRW_gammaimcgdag   		 1
ATUS_gammaimcgdag   		 1
ATRA_gammaimig      		 0
ATBE_gammaimig      		 0
ATES_gammaimig      		 0
ATFI_gammaimig      		 0
ATFR_gammaimig      		 0
ATGR_gammaimig      		 0
ATIT_gammaimig      		 0
ATNL_gammaimig      		 0
ATPT_gammaimig      		 0
ATDE_gammaimig      		 0
ATRU_gammaimig      		 0
ATRW_gammaimig      		 0
ATUS_gammaimig      		 0
ATRA_gammaimigdag   		 1
ATBE_gammaimigdag   		 1
ATES_gammaimigdag   		 1
ATFI_gammaimigdag   		 1
ATFR_gammaimigdag   		 1
ATGR_gammaimigdag   		 1
ATIT_gammaimigdag   		 1
ATNL_gammaimigdag   		 1
ATPT_gammaimigdag   		 1
ATDE_gammaimigdag   		 1
ATRU_gammaimigdag   		 1
ATRW_gammaimigdag   		 1
ATUS_gammaimigdag   		 1
AT_gx               		 5.32413
ATRA_im             		 0.0947062
ATBE_im             		 0.0181179
ATES_im             		 0.0234856
ATFI_im             		 0.00851344
ATFR_im             		 0.0498295
ATGR_im             		 0.0074126
ATIT_im             		 0.0963548
ATNL_im             		 0.0413647
ATPT_im             		 0.00635212
ATDE_im             		 0.417206
ATRU_im             		 0.162544
ATRW_im             		 0.396764
ATUS_im             		 0.0607906
ATRA_imc            		 0.0570254
ATBE_imc            		 0.0104376
ATES_imc            		 0.0144595
ATFI_imc            		 0.00370017
ATFR_imc            		 0.0281456
ATGR_imc            		 0.0065233
ATIT_imc            		 0.0624596
ATNL_imc            		 0.0251272
ATPT_imc            		 0.00406735
ATDE_imc            		 0.222094
ATRU_imc            		 0.094614
ATRW_imc            		 0.236962
ATUS_imc            		 0.0313906
ATRA_imcy           		 0.011367
ATBE_imcy           		 0.002559
ATES_imcy           		 0.003276
ATFI_imcy           		 0.000851
ATFR_imcy           		 0.006159
ATGR_imcy           		 0.001225
ATIT_imcy           		 0.015302
ATNL_imcy           		 0.004856
ATPT_imcy           		 0.000899
ATDE_imcy           		 0.051214
ATRU_imcy           		 0.02115
ATRW_imcy           		 0.046281
ATUS_imcy           		 0.007049
ATRA_imi            		 0.0271958
ATBE_imi            		 0.00554304
ATES_imi            		 0.0067972
ATFI_imi            		 0.00393931
ATFR_imi            		 0.0170226
ATGR_imi            		 0.000612391
ATIT_imi            		 0.0273113
ATNL_imi            		 0.0121186
ATPT_imi            		 0.00187306
ATDE_imi            		 0.159656
ATRU_imi            		 0.0510647
ATRW_imi            		 0.116046
ATUS_imi            		 0.0203333
ATRA_imiy           		 0.005421
ATBE_imiy           		 0.001359
ATES_imiy           		 0.00154
ATFI_imiy           		 0.000906
ATFR_imiy           		 0.003725
ATGR_imiy           		 0.000115
ATIT_imiy           		 0.006691
ATNL_imiy           		 0.002342
ATPT_imiy           		 0.000414
ATDE_imiy           		 0.036816
ATRU_imiy           		 0.011415
ATRW_imiy           		 0.022665
ATUS_imiy           		 0.004566
ATRA_imcg           		 0.00961209
ATBE_imcg           		 0.00197004
ATES_imcg           		 0.00201268
ATFI_imcg           		 0.000756557
ATFR_imcg           		 0.00414941
ATGR_imcg           		 0.000255607
ATIT_imcg           		 0.00574716
ATNL_imcg           		 0.00375149
ATPT_imcg           		 0.000352896
ATDE_imcg           		 0.0305036
ATRU_imcg           		 0.0152411
ATRW_imcg           		 0.0401106
ATUS_imcg           		 0.00845662
ATRA_imcgy          		 0.001916
ATBE_imcgy          		 0.000483
ATES_imcgy          		 0.000456
ATFI_imcgy          		 0.000174
ATFR_imcgy          		 0.000908
ATGR_imcgy          		 4.8e-05
ATIT_imcgy          		 0.001408
ATNL_imcgy          		 0.000725
ATPT_imcgy          		 7.8e-05
ATDE_imcgy          		 0.007034
ATRU_imcgy          		 0.003407
ATRW_imcgy          		 0.007834
ATUS_imcgy          		 0.001899
ATRA_imig           		 0.000872914
ATBE_imig           		 0.000167229
ATES_imig           		 0.000216274
ATFI_imig           		 0.000117397
ATFR_imig           		 0.000511822
ATGR_imig           		 2.13006e-05
ATIT_imig           		 0.000836767
ATNL_imig           		 0.000367387
ATPT_imig           		 5.88159e-05
ATDE_imig           		 0.00495239
ATRU_imig           		 0.00162387
ATRW_imig           		 0.00364549
ATUS_imig           		 0.000610088
ATRA_imigy          		 0.000174
ATBE_imigy          		 4.1e-05
ATES_imigy          		 4.9e-05
ATFI_imigy          		 2.7e-05
ATFR_imigy          		 0.000112
ATGR_imigy          		 4e-06
ATIT_imigy          		 0.000205
ATNL_imigy          		 7.1e-05
ATPT_imigy          		 1.3e-05
ATDE_imigy          		 0.001142
ATRU_imigy          		 0.000363
ATRW_imigy          		 0.000712
ATUS_imigy          		 0.000137
AT_piex             		 1.00496
AT_pextilde         		 0.966811
ATRA_rer            		 0.82323
ATBE_rer            		 0.961092
ATES_rer            		 0.935411
ATFI_rer            		 0.940849
ATFR_rer            		 0.912239
ATGR_rer            		 0.812038
ATIT_rer            		 0.995172
ATNL_rer            		 0.843973
ATPT_rer            		 0.920891
ATDE_rer            		 0.944657
ATRU_rer            		 0.924202
ATRW_rer            		 0.797076
ATUS_rer            		 0.887583
AT_sx               		 1
ATRA_tot            		 0.796497
ATBE_tot            		 0.979666
ATES_tot            		 0.90531
ATFI_tot            		 0.918997
ATFR_tot            		 0.874391
ATGR_tot            		 0.75037
ATIT_tot            		 0.978939
ATNL_tot            		 0.77222
ATPT_tot            		 0.883192
ATDE_tot            		 0.921421
ATRU_tot            		 0.893226
ATRW_tot            		 0.780424
ATUS_tot            		 0.897294
ATRA_weight         		 0.04825
ATBE_weight         		 0.01342
ATES_weight         		 0.0187279
ATFI_weight         		 0.00592368
ATFR_weight         		 0.0397833
ATGR_weight         		 0.00493418
ATIT_weight         		 0.0763603
ATNL_weight         		 0.0245975
ATPT_weight         		 0.00387725
ATDE_weight         		 0.271084
ATRU_weight         		 0.107889
ATRW_weight         		 0.31777
ATUS_weight         		 0.0673826
ATRA_weightex       		 0.0356898
ATBE_weightex       		 0.0122229
ATES_weightex       		 0.0195502
ATFI_weightex       		 0.00540298
ATFR_weightex       		 0.0426639
ATGR_weightex       		 0.00517896
ATIT_weightex       		 0.074288
ATNL_weightex       		 0.0228227
ATPT_weightex       		 0.00318879
ATDE_weightex       		 0.228505
ATRU_weightex       		 0.096493
ATRW_weightex       		 0.368052
ATUS_weightex       		 0.085942
ATRA_weightim       		 0.0630143
ATBE_weightim       		 0.0148273
ATES_weightim       		 0.0177614
ATFI_weightim       		 0.00653575
ATFR_weightim       		 0.0363973
ATGR_weightim       		 0.00464646
ATIT_weightim       		 0.0787962
ATNL_weightim       		 0.0266838
ATPT_weightim       		 0.00468651
ATDE_weightim       		 0.321133
ATRU_weightim       		 0.121285
ATRW_weightim       		 0.258666
ATUS_weightim       		 0.0455667
AT_b                		 11.2609
AT_bf               		 -18.655
AT_bfy              		 -4.26487
AT_by               		 2.9149
AT_c                		 1.8786
AT_ci               		 1.90785
AT_cj               		 1.79085
AT_cy               		 0.48628
AT_d                		 0.190383
AT_dn               		 0.17083
AT_dt               		 0.0195525
AT_epsilonm         		 -0.750004
AT_etot             		 0.861319
AT_ex               		 1.40713
AT_fh               		 12.8499
AT_fi               		 212.772
AT_fj               		 7.88045
AT_fn               		 8.94867
AT_cg               		 0.824687
AT_gammab           		 0
AT_gammai           		 0
AT_gammaider        		 0
AT_gammau           		 0
AT_gammauder        		 0.0328433
AT_gammav           		 0.000189761
AT_gammavi          		 0.000101012
AT_gammavider       		 0.00216513
AT_gammavj          		 0.000101012
AT_gammavjder       		 0.00216513
AT_gh               		 15.4198
AT_gi               		 11.5131
AT_gj               		 4.18718
AT_gn               		 13.423
AT_cgy              		 0.2127
AT_ht               		 1.38396
AT_htc              		 0.507549
AT_hti              		 0.233672
AT_htcg             		 0.557338
AT_htig             		 0.0853997
AT_i                		 0.866574
AT_ig               		 0.120778
AT_ii               		 1.15543
AT_im               		 1.37224
AT_imc              		 0.790269
AT_imcy             		 0.172188
AT_imi              		 0.446139
AT_imiy             		 0.097975
AT_imcg             		 0.121935
AT_imcgy            		 0.02637
AT_imig             		 0.0138964
AT_imigy            		 0.00305
AT_imy              		 0.299583
AT_exy              		 0.35215
AT_internalrer      		 1.34894
AT_iy               		 0.217104
AT_igy              		 0.0313
AT_k                		 34.663
AT_kd               		 34.663
AT_kdn              		 9.38033
AT_kdt              		 25.2826
AT_ki               		 46.2173
AT_lambdai          		 1.26682
AT_lambdaj          		 1.38217
AT_lcy              		 0.665503
AT_m                		 0.789328
AT_mcn              		 0.805675
AT_mct              		 0.805675
AT_mi               		 0.801618
AT_mj               		 0.752459
AT_mp               		 0.00389809
AT_mpy              		 0.00100903
AT_nd               		 1.70764
AT_ndi              		 0.911031
AT_ndj              		 0.845488
AT_ndn              		 0.462115
AT_ndt              		 1.24553
AT_ni               		 0.911031
AT_nj               		 0.845488
AT_nt               		 0.96379
AT_ntc              		 0.598165
AT_nti              		 0.193876
AT_ntcg             		 0.149764
AT_ntig             		 0.0219859
AT_pex              		 0.96681
AT_pht              		 0.96681
AT_phttilde         		 0.966811
AT_pi               		 0.967852
AT_pcg              		 0.996383
AT_pig              		 1.00116
AT_pic              		 1.00496
AT_pic4             		 1.02
AT_piex4            		 1.02
AT_piht             		 1.00496
AT_piimc            		 1.00496
AT_piimi            		 1.00496
AT_piimcg           		 1.00496
AT_piimig           		 1.00496
AT_piimc4           		 1.02
AT_pim              		 0.843403
AT_pimc             		 0.841735
AT_pimi             		 0.848385
AT_pimcg            		 0.835467
AT_pimig            		 0.8479
AT_pint             		 1.00496
AT_piw              		 1.00496
AT_piw4             		 1.02
AT_pnt              		 1.20851
AT_pnttilde         		 1.20851
AT_pttc             		 0.895896
AT_ptti             		 0.893564
AT_pttcg            		 0.946547
AT_pttig            		 0.952373
AT_py               		 1.02885
AT_q                		 0.967852
AT_qc               		 1.87879
AT_qi               		 0.866574
AT_qcg              		 0.824687
AT_qig              		 0.120778
AT_r                		 1.01242
AT_reer             		 0.882392
AT_rer              		 0.887583
AT_rerdep           		 1
AT_rk               		 0.0317874
AT_rp               		 0
AT_rr               		 1.00742
AT_rrstar           		 1.00742
AT_sh               		 1
AT_si               		 1
AT_sj               		 1
AT_snt              		 1
AT_t                		 0.21134
AT_tauc             		 0.2285
AT_taud             		 0
AT_tauk             		 0.0544
AT_taun             		 0.2388
AT_tauwf            		 0.172
AT_tauwh            		 0.1482
AT_tb               		 0.203077
AT_tby              		 0.052567
AT_ti               		 0.253607
AT_tj               		 0.0845358
AT_tot              		 0.897294
AT_tr               		 0.85995
AT_tri              		 0.5733
AT_trj              		 1.7199
AT_try              		 0.2226
AT_ttc              		 1.29022
AT_tti              		 0.676408
AT_ttcg             		 0.676895
AT_ttig             		 0.0990664
AT_ty               		 0.0547058
AT_u                		 1
AT_utili            		 -64.9681
AT_utilj            		 -65.8837
AT_vi               		 2.38
AT_vj               		 2.38
AT_w                		 1.28462
AT_wcst             		 0
AT_whty             		 0.592942
AT_wi               		 1.38975
AT_witilde          		 1.38975
AT_wj               		 1.09707
AT_wjtilde          		 1.09707
AT_wnty             		 0.50967
AT_wy               		 0.567836
AT_y                		 3.75488
AT_ygap             		 0
AT_ygrowth          		 1
AT_ygrowth4         		 1
AT_yhty             		 0.698501
AT_ynty             		 0.301499
AT_yshare           		 0.00573527
AT_ysn              		 0.96379
AT_yst              		 2.79109
AT_zcon             		 1
AT_zinv             		 1
AT_zn               		 1
AT_zt               		 1
AT_grev             		 1.88507
AT_gexp             		 1.88507
AT_grevy            		 0.487955
AT_gexpy            		 0.487955
AT_gbal             		 5.77316e-15
AT_gbaly            		 1.4944e-15
AT_br               		 0.0824995
AT_bry              		 0.0213552
AT_gpbal            		 0.0824995
AT_gpbaly           		 0.0213552
AT_tn               		 0.848948
AT_tny              		 0.219752
AT_tc               		 0.42926
AT_tcy              		 0.111115
AT_twf              		 0.37731
AT_twfy             		 0.0976677
AT_tk               		 0.0143143
AT_tky              		 0.0037053
AT_lhs              		 13.7932
AT_rhs              		 13.7932
BERA_excy           		 0.00892674
BEAT_excy           		 0.00207035
BEES_excy           		 0.00751341
BEFI_excy           		 0.00145555
BEFR_excy           		 0.0403053
BEGR_excy           		 0.00202676
BEIT_excy           		 0.0166094
BENL_excy           		 0.0227194
BEPT_excy           		 0.00180561
BEDE_excy           		 0.0342042
BERU_excy           		 0.0139863
BERW_excy           		 0.0934645
BEUS_excy           		 0.0283213
BERA_exiy           		 0.00444307
BEAT_exiy           		 0.00109949
BEES_exiy           		 0.00341798
BEFI_exiy           		 0.000849538
BEFR_exiy           		 0.0152408
BEGR_exiy           		 0.000567188
BEIT_exiy           		 0.00634904
BENL_exiy           		 0.0100556
BEPT_exiy           		 0.000735188
BEDE_exiy           		 0.0136387
BERU_exiy           		 0.00698955
BERW_exiy           		 0.0430983
BEUS_exiy           		 0.0097069
BE_fx               		 5.81392
BERA_gammaimc       		 0
BEAT_gammaimc       		 0
BEES_gammaimc       		 0
BEFI_gammaimc       		 0
BEFR_gammaimc       		 0
BEGR_gammaimc       		 0
BEIT_gammaimc       		 0
BENL_gammaimc       		 0
BEPT_gammaimc       		 0
BEDE_gammaimc       		 0
BERU_gammaimc       		 0
BERW_gammaimc       		 0
BEUS_gammaimc       		 0
BERA_gammaimcdag    		 1
BEAT_gammaimcdag    		 1
BEES_gammaimcdag    		 1
BEFI_gammaimcdag    		 1
BEFR_gammaimcdag    		 1
BEGR_gammaimcdag    		 1
BEIT_gammaimcdag    		 1
BENL_gammaimcdag    		 1
BEPT_gammaimcdag    		 1
BEDE_gammaimcdag    		 1
BERU_gammaimcdag    		 1
BERW_gammaimcdag    		 1
BEUS_gammaimcdag    		 1
BERA_gammaimi       		 0
BEAT_gammaimi       		 0
BEES_gammaimi       		 0
BEFI_gammaimi       		 0
BEFR_gammaimi       		 0
BEGR_gammaimi       		 0
BEIT_gammaimi       		 0
BENL_gammaimi       		 0
BEPT_gammaimi       		 0
BEDE_gammaimi       		 0
BERU_gammaimi       		 0
BERW_gammaimi       		 0
BEUS_gammaimi       		 0
BERA_gammaimidag    		 1
BEAT_gammaimidag    		 1
BEES_gammaimidag    		 1
BEFI_gammaimidag    		 1
BEFR_gammaimidag    		 1
BEGR_gammaimidag    		 1
BEIT_gammaimidag    		 1
BENL_gammaimidag    		 1
BEPT_gammaimidag    		 1
BEDE_gammaimidag    		 1
BERU_gammaimidag    		 1
BERW_gammaimidag    		 1
BEUS_gammaimidag    		 1
BERA_gammaimcg      		 0
BEAT_gammaimcg      		 0
BEES_gammaimcg      		 0
BEFI_gammaimcg      		 0
BEFR_gammaimcg      		 0
BEGR_gammaimcg      		 0
BEIT_gammaimcg      		 0
BENL_gammaimcg      		 0
BEPT_gammaimcg      		 0
BEDE_gammaimcg      		 0
BERU_gammaimcg      		 0
BERW_gammaimcg      		 0
BEUS_gammaimcg      		 0
BERA_gammaimcgdag   		 1
BEAT_gammaimcgdag   		 1
BEES_gammaimcgdag   		 1
BEFI_gammaimcgdag   		 1
BEFR_gammaimcgdag   		 1
BEGR_gammaimcgdag   		 1
BEIT_gammaimcgdag   		 1
BENL_gammaimcgdag   		 1
BEPT_gammaimcgdag   		 1
BEDE_gammaimcgdag   		 1
BERU_gammaimcgdag   		 1
BERW_gammaimcgdag   		 1
BEUS_gammaimcgdag   		 1
BERA_gammaimig      		 0
BEAT_gammaimig      		 0
BEES_gammaimig      		 0
BEFI_gammaimig      		 0
BEFR_gammaimig      		 0
BEGR_gammaimig      		 0
BEIT_gammaimig      		 0
BENL_gammaimig      		 0
BEPT_gammaimig      		 0
BEDE_gammaimig      		 0
BERU_gammaimig      		 0
BERW_gammaimig      		 0
BEUS_gammaimig      		 0
BERA_gammaimigdag   		 1
BEAT_gammaimigdag   		 1
BEES_gammaimigdag   		 1
BEFI_gammaimigdag   		 1
BEFR_gammaimigdag   		 1
BEGR_gammaimigdag   		 1
BEIT_gammaimigdag   		 1
BENL_gammaimigdag   		 1
BEPT_gammaimigdag   		 1
BEDE_gammaimigdag   		 1
BERU_gammaimigdag   		 1
BERW_gammaimigdag   		 1
BEUS_gammaimigdag   		 1
BE_gx               		 6.97671
BERA_im             		 0.102219
BEAT_im             		 0.0119774
BEES_im             		 0.0470038
BEFI_im             		 0.00746312
BEFR_im             		 0.245444
BEGR_im             		 0.00531885
BEIT_im             		 0.0574972
BENL_im             		 0.226312
BEPT_im             		 0.0102463
BEDE_im             		 0.193959
BERU_im             		 0.0975744
BERW_im             		 0.518384
BEUS_im             		 0.105745
BERA_imc            		 0.0617429
BEAT_imc            		 0.00661694
BEES_imc            		 0.0293251
BEFI_imc            		 0.0039704
BEFR_imc            		 0.157047
BEGR_imc            		 0.00420785
BEIT_imc            		 0.0314885
BENL_imc            		 0.141637
BEPT_imc            		 0.00616512
BEDE_imc            		 0.100214
BERU_imc            		 0.0474458
BERW_imc            		 0.293775
BEUS_imc            		 0.0550584
BERA_imcy           		 0.012211
BEAT_imcy           		 0.001643
BEES_imcy           		 0.006592
BEFI_imcy           		 0.000906
BEFR_imcy           		 0.034097
BEGR_imcy           		 0.000784
BEIT_imcy           		 0.007654
BENL_imcy           		 0.027158
BEPT_imcy           		 0.001352
BEDE_imcy           		 0.022928
BERU_imcy           		 0.010523
BERW_imcy           		 0.056928
BEUS_imcy           		 0.012267
BERA_imi            		 0.0217271
BEAT_imi            		 0.00373336
BEES_imi            		 0.011989
BEFI_imi            		 0.00249355
BEFR_imi            		 0.0627599
BEGR_imi            		 0.000713832
BEIT_imi            		 0.0184266
BENL_imi            		 0.0572013
BEPT_imi            		 0.0030096
BEDE_imi            		 0.0741071
BERU_imi            		 0.0375085
BERW_imi            		 0.166482
BEUS_imi            		 0.0340799
BERA_imiy           		 0.004297
BEAT_imiy           		 0.000927
BEES_imiy           		 0.002695
BEFI_imiy           		 0.000569
BEFR_imiy           		 0.013626
BEGR_imiy           		 0.000133
BEIT_imiy           		 0.004479
BENL_imiy           		 0.010968
BEPT_imiy           		 0.00066
BEDE_imiy           		 0.016955
BERU_imiy           		 0.008319
BERW_imiy           		 0.032261
BEUS_imiy           		 0.007593
BERA_imcg           		 0.0181472
BEAT_imcg           		 0.00152637
BEES_imcg           		 0.00536945
BEFI_imcg           		 0.000933438
BEFR_imcg           		 0.0239737
BEGR_imcg           		 0.000375701
BEIT_imcg           		 0.00710076
BENL_imcg           		 0.0259617
BEPT_imcg           		 0.00099408
BEDE_imcg           		 0.017693
BERU_imcg           		 0.0115966
BERW_imcg           		 0.0537205
BEUS_imcg           		 0.0157092
BERA_imcgy          		 0.003589
BEAT_imcgy          		 0.000379
BEES_imcgy          		 0.001207
BEFI_imcgy          		 0.000213
BEFR_imcgy          		 0.005205
BEGR_imcgy          		 7e-05
BEIT_imcgy          		 0.001726
BENL_imcgy          		 0.004978
BEPT_imcgy          		 0.000218
BEDE_imcgy          		 0.004048
BERU_imcgy          		 0.002572
BERW_imcgy          		 0.01041
BEUS_imcgy          		 0.0035
BERA_imig           		 0.000601704
BEAT_imig           		 0.000100684
BEES_imig           		 0.000320299
BEFI_imig           		 6.5735e-05
BEFR_imig           		 0.00166273
BEGR_imig           		 2.14686e-05
BEIT_imig           		 0.000481338
BENL_imig           		 0.00151243
BEPT_imig           		 7.752e-05
BEDE_imig           		 0.00194501
BERU_imig           		 0.00102349
BERW_imig           		 0.00440704
BEUS_imig           		 0.000897667
BERA_imigy          		 0.000119
BEAT_imigy          		 2.5e-05
BEES_imigy          		 7.2e-05
BEFI_imigy          		 1.5e-05
BEFR_imigy          		 0.000361
BEGR_imigy          		 4e-06
BEIT_imigy          		 0.000117
BENL_imigy          		 0.00029
BEPT_imigy          		 1.7e-05
BEDE_imigy          		 0.000445
BERU_imigy          		 0.000227
BERW_imigy          		 0.000854
BEUS_imigy          		 0.0002
BE_piex             		 1.00496
BE_pextilde         		 0.985496
BERA_rer            		 0.856557
BEAT_rer            		 1.04048
BEES_rer            		 0.97328
BEFI_rer            		 0.978938
BEFR_rer            		 0.94917
BEGR_rer            		 0.844913
BEIT_rer            		 1.03546
BENL_rer            		 0.87814
BEPT_rer            		 0.958172
BEDE_rer            		 0.9829
BERU_rer            		 0.961617
BERW_rer            		 0.829345
BEUS_rer            		 0.923516
BE_sx               		 1
BERA_tot            		 0.813029
BEAT_tot            		 1.02076
BEES_tot            		 0.9241
BEFI_tot            		 0.938072
BEFR_tot            		 0.89254
BEGR_tot            		 0.765944
BEIT_tot            		 0.999258
BENL_tot            		 0.788248
BEPT_tot            		 0.901523
BEDE_tot            		 0.940545
BERU_tot            		 0.911765
BERW_tot            		 0.796623
BEUS_tot            		 0.915918
BERA_weight         		 0.0440893
BEAT_weight         		 0.00899073
BEES_weight         		 0.0303665
BEFI_weight         		 0.0057922
BEFR_weight         		 0.140534
BEGR_weight         		 0.00500225
BEIT_weight         		 0.0506986
BENL_weight         		 0.0973911
BEPT_weight         		 0.00642587
BEDE_weight         		 0.122651
BERU_weight         		 0.0587753
BERW_weight         		 0.339218
BEUS_weight         		 0.090065
BERA_weightex       		 0.032152
BEAT_weightex       		 0.00916647
BEES_weightex       		 0.0297755
BEFI_weightex       		 0.00638942
BEFR_weightex       		 0.127823
BEGR_weightex       		 0.00660827
BEIT_weightex       		 0.0580399
BENL_weightex       		 0.0738908
BEPT_weightex       		 0.00627553
BEDE_weightex       		 0.116401
BERU_weightex       		 0.0549267
BERW_weightex       		 0.372563
BEUS_weightex       		 0.105988
BERA_weightim       		 0.0595664
BEAT_weightim       		 0.00876288
BEES_weightim       		 0.0311327
BEFI_weightim       		 0.00501789
BEFR_weightim       		 0.157016
BEGR_weightim       		 0.00291998
BEIT_weightim       		 0.0411802
BENL_weightim       		 0.12786
BEPT_weightim       		 0.00662078
BEDE_weightim       		 0.130754
BERU_weightim       		 0.0637652
BERW_weightim       		 0.295985
BEUS_weightim       		 0.0694195
BE_b                		 17.148
BE_bf               		 -35.998
BE_bfy              		 -8.16538
BE_by               		 4.2327
BE_c                		 1.75103
BE_ci               		 1.73302
BE_cj               		 1.80505
BE_cy               		 0.432212
BE_d                		 0.44735
BE_dn               		 0.168304
BE_dt               		 0.279045
BE_epsilonm         		 -0.750004
BE_etot             		 0.859948
BE_ex               		 1.80893
BE_fh               		 10.7665
BE_fi               		 114.01
BE_fj               		 4.22258
BE_fn               		 8.81635
BE_cg               		 0.97394
BE_gammab           		 0
BE_gammai           		 0
BE_gammaider        		 0
BE_gammau           		 0
BE_gammauder        		 0.0330615
BE_gammav           		 0.000176875
BE_gammavi          		 0.000101012
BE_gammavider       		 0.00216513
BE_gammavj          		 0.000101012
BE_gammavjder       		 0.00216513
BE_gh               		 12.9198
BE_gi               		 9.94077
BE_gj               		 3.15922
BE_gn               		 13.2245
BE_cgy              		 0.243
BE_ht               		 1.13759
BE_htc              		 0.284877
BE_hti              		 0.170803
BE_htcg             		 0.621712
BE_htig             		 0.0601979
BE_i                		 0.840376
BE_ig               		 0.0889094
BE_ii               		 1.1205
BE_im               		 1.6168
BE_imc              		 0.931688
BE_imcy             		 0.195043
BE_imi              		 0.490382
BE_imiy             		 0.103482
BE_imcg             		 0.181713
BE_imcgy            		 0.038115
BE_imig             		 0.0130152
BE_imigy            		 0.002746
BE_imy              		 0.339386
BE_exy              		 0.440029
BE_internalrer      		 1.3917
BE_iy               		 0.201801
BE_igy              		 0.0223
BE_k                		 33.615
BE_kd               		 33.615
BE_kdn              		 9.13346
BE_kdt              		 24.4816
BE_ki               		 44.82
BE_lambdai          		 1.51665
BE_lambdaj          		 1.446
BE_lcy              		 0.622705
BE_m                		 0.735727
BE_mcn              		 0.821246
BE_mct              		 0.821246
BE_mi               		 0.728161
BE_mj               		 0.758425
BE_mp               		 0.00363338
BE_mpy              		 0.000896839
BE_nd               		 1.67493
BE_ndi              		 0.916397
BE_ndj              		 0.800582
BE_ndn              		 0.45509
BE_ndt              		 1.21984
BE_ni               		 0.916397
BE_nj               		 0.800582
BE_nt               		 0.931536
BE_ntc              		 0.552234
BE_nti              		 0.186704
BE_ntcg             		 0.176447
BE_ntig             		 0.01615
BE_pex              		 0.985496
BE_pht              		 0.985496
BE_phttilde         		 0.985496
BE_pi               		 0.97285
BE_pcg              		 1.01081
BE_pig              		 1.01614
BE_pic              		 1.00496
BE_pic4             		 1.02
BE_piex4            		 1.02
BE_piht             		 1.00496
BE_piimc            		 1.00496
BE_piimi            		 1.00496
BE_piimcg           		 1.00496
BE_piimig           		 1.00496
BE_piimc4           		 1.02
BE_pim              		 0.850423
BE_pimc             		 0.848118
BE_pimi             		 0.854923
BE_pimcg            		 0.849781
BE_pimig            		 0.854762
BE_pint             		 1.00496
BE_piw              		 1.00496
BE_piw4             		 1.02
BE_pnt              		 1.23187
BE_pnttilde         		 1.23187
BE_pttc             		 0.885152
BE_ptti             		 0.893296
BE_pttcg            		 0.958961
BE_pttig            		 0.965449
BE_py               		 1.04468
BE_q                		 0.97285
BE_qc               		 1.75121
BE_qi               		 0.840376
BE_qcg              		 0.97394
BE_qig              		 0.0889094
BE_r                		 1.01242
BE_reer             		 0.903201
BE_rer              		 0.923516
BE_rerdep           		 1
BE_rk               		 0.0321639
BE_rp               		 0
BE_rr               		 1.00742
BE_rrstar           		 1.00742
BE_sh               		 1
BE_si               		 1
BE_sj               		 1
BE_snt              		 1
BE_t                		 0.334324
BE_tauc             		 0.2127
BE_taud             		 0
BE_tauk             		 0.08
BE_taun             		 0.3437
BE_tauwf            		 0.2247
BE_tauwh            		 0.112
BE_tb               		 0.407737
BE_tby              		 0.100643
BE_ti               		 0.401189
BE_tj               		 0.13373
BE_tot              		 0.915918
BE_tr               		 0.932613
BE_tri              		 0.621743
BE_trj              		 1.86523
BE_try              		 0.2302
BE_ttc              		 1.20988
BE_tti              		 0.657749
BE_ttcg             		 0.799939
BE_ttig             		 0.0729709
BE_ty               		 0.0825223
BE_u                		 1
BE_utili            		 -76.2204
BE_utilj            		 -59.3146
BE_vi               		 2.38
BE_vj               		 2.38
BE_w                		 1.22985
BE_wcst             		 0
BE_whty             		 0.516643
BE_wi               		 1.32278
BE_witilde          		 1.32278
BE_wj               		 1.05889
BE_wjtilde          		 1.05889
BE_wnty             		 0.487739
BE_wy               		 0.508455
BE_y                		 3.87806
BE_ygap             		 0
BE_ygrowth          		 1
BE_ygrowth4         		 1
BE_yhty             		 0.716751
BE_ynty             		 0.283249
BE_yshare           		 0.00708894
BE_ysn              		 0.931536
BE_yst              		 2.94653
BE_zcon             		 1
BE_zinv             		 1
BE_zn               		 1
BE_zt               		 1
BE_grev             		 2.13306
BE_gexp             		 2.13306
BE_grevy            		 0.52651
BE_gexpy            		 0.52651
BE_gbal             		 -2.44249e-14
BE_gbaly            		 -6.02888e-15
BE_br               		 0.12563
BE_bry              		 0.0310097
BE_gpbal            		 0.12563
BE_gpbaly           		 0.0310097
BE_tn               		 0.938703
BE_tny              		 0.231703
BE_tc               		 0.372444
BE_tcy              		 0.0919316
BE_twf              		 0.462863
BE_twfy             		 0.11425
BE_tk               		 0.0210905
BE_tky              		 0.00520583
BE_lhs              		 19.8029
BE_rhs              		 19.8029
ESRA_excy           		 0.00251478
ESAT_excy           		 0.000950689
ESBE_excy           		 0.0023645
ESFI_excy           		 0.000590844
ESFR_excy           		 0.0222636
ESGR_excy           		 0.00115299
ESIT_excy           		 0.0111776
ESNL_excy           		 0.00282574
ESPT_excy           		 0.00944769
ESDE_excy           		 0.0145648
ESRU_excy           		 0.00558546
ESRW_excy           		 0.0664503
ESUS_excy           		 0.0107184
ESRA_exiy           		 0.0010881
ESAT_exiy           		 0.000446905
ESBE_exiy           		 0.000966675
ESFI_exiy           		 0.000206248
ESFR_exiy           		 0.00710008
ESGR_exiy           		 0.000323407
ESIT_exiy           		 0.00345966
ESNL_exiy           		 0.00110251
ESPT_exiy           		 0.0034664
ESDE_exiy           		 0.00462401
ESRU_exiy           		 0.00236298
ESRW_exiy           		 0.0236187
ESUS_exiy           		 0.00348179
ES_fx               		 2.96239
ESRA_gammaimc       		 0
ESAT_gammaimc       		 0
ESBE_gammaimc       		 0
ESFI_gammaimc       		 0
ESFR_gammaimc       		 0
ESGR_gammaimc       		 0
ESIT_gammaimc       		 0
ESNL_gammaimc       		 0
ESPT_gammaimc       		 0
ESDE_gammaimc       		 0
ESRU_gammaimc       		 0
ESRW_gammaimc       		 0
ESUS_gammaimc       		 0
ESRA_gammaimcdag    		 1
ESAT_gammaimcdag    		 1
ESBE_gammaimcdag    		 1
ESFI_gammaimcdag    		 1
ESFR_gammaimcdag    		 1
ESGR_gammaimcdag    		 1
ESIT_gammaimcdag    		 1
ESNL_gammaimcdag    		 1
ESPT_gammaimcdag    		 1
ESDE_gammaimcdag    		 1
ESRU_gammaimcdag    		 1
ESRW_gammaimcdag    		 1
ESUS_gammaimcdag    		 1
ESRA_gammaimi       		 0
ESAT_gammaimi       		 0
ESBE_gammaimi       		 0
ESFI_gammaimi       		 0
ESFR_gammaimi       		 0
ESGR_gammaimi       		 0
ESIT_gammaimi       		 0
ESNL_gammaimi       		 0
ESPT_gammaimi       		 0
ESDE_gammaimi       		 0
ESRU_gammaimi       		 0
ESRW_gammaimi       		 0
ESUS_gammaimi       		 0
ESRA_gammaimidag    		 1
ESAT_gammaimidag    		 1
ESBE_gammaimidag    		 1
ESFI_gammaimidag    		 1
ESFR_gammaimidag    		 1
ESGR_gammaimidag    		 1
ESIT_gammaimidag    		 1
ESNL_gammaimidag    		 1
ESPT_gammaimidag    		 1
ESDE_gammaimidag    		 1
ESRU_gammaimidag    		 1
ESRW_gammaimidag    		 1
ESUS_gammaimidag    		 1
ESRA_gammaimcg      		 0
ESAT_gammaimcg      		 0
ESBE_gammaimcg      		 0
ESFI_gammaimcg      		 0
ESFR_gammaimcg      		 0
ESGR_gammaimcg      		 0
ESIT_gammaimcg      		 0
ESNL_gammaimcg      		 0
ESPT_gammaimcg      		 0
ESDE_gammaimcg      		 0
ESRU_gammaimcg      		 0
ESRW_gammaimcg      		 0
ESUS_gammaimcg      		 0
ESRA_gammaimcgdag   		 1
ESAT_gammaimcgdag   		 1
ESBE_gammaimcgdag   		 1
ESFI_gammaimcgdag   		 1
ESFR_gammaimcgdag   		 1
ESGR_gammaimcgdag   		 1
ESIT_gammaimcgdag   		 1
ESNL_gammaimcgdag   		 1
ESPT_gammaimcgdag   		 1
ESDE_gammaimcgdag   		 1
ESRU_gammaimcgdag   		 1
ESRW_gammaimcgdag   		 1
ESUS_gammaimcgdag   		 1
ESRA_gammaimig      		 0
ESAT_gammaimig      		 0
ESBE_gammaimig      		 0
ESFI_gammaimig      		 0
ESFR_gammaimig      		 0
ESGR_gammaimig      		 0
ESIT_gammaimig      		 0
ESNL_gammaimig      		 0
ESPT_gammaimig      		 0
ESDE_gammaimig      		 0
ESRU_gammaimig      		 0
ESRW_gammaimig      		 0
ESUS_gammaimig      		 0
ESRA_gammaimigdag   		 1
ESAT_gammaimigdag   		 1
ESBE_gammaimigdag   		 1
ESFI_gammaimigdag   		 1
ESFR_gammaimigdag   		 1
ESGR_gammaimigdag   		 1
ESIT_gammaimigdag   		 1
ESNL_gammaimigdag   		 1
ESPT_gammaimigdag   		 1
ESDE_gammaimigdag   		 1
ESRU_gammaimigdag   		 1
ESRW_gammaimigdag   		 1
ESUS_gammaimigdag   		 1
ES_gx               		 3.55487
ESRA_im             		 0.0332632
ESAT_im             		 0.00694873
ESBE_im             		 0.0182951
ESFI_im             		 0.00573996
ESFR_im             		 0.124239
ESGR_im             		 0.00309209
ESIT_im             		 0.0692279
ESNL_im             		 0.0343192
ESPT_im             		 0.0320773
ESDE_im             		 0.111243
ESRU_im             		 0.0461789
ESRW_im             		 0.437917
ESUS_im             		 0.0563259
ESRA_imc            		 0.0182848
ESAT_imc            		 0.00376786
ESBE_imc            		 0.0109107
ESFI_imc            		 0.00302966
ESFR_imc            		 0.0767614
ESGR_imc            		 0.00228867
ESIT_imc            		 0.0399073
ESNL_imc            		 0.021705
ESPT_imc            		 0.0217351
ESDE_imc            		 0.0582429
ESRU_imc            		 0.0254161
ESRW_imc            		 0.293352
ESUS_imc            		 0.0332041
ESRA_imcy           		 0.003672
ESAT_imcy           		 0.00095
ESBE_imcy           		 0.002695
ESFI_imcy           		 0.000702
ESFR_imcy           		 0.016923
ESGR_imcy           		 0.000433
ESIT_imcy           		 0.00985
ESNL_imcy           		 0.004226
ESPT_imcy           		 0.00484
ESDE_imcy           		 0.013531
ESRU_imcy           		 0.005724
ESRW_imcy           		 0.057723
ESUS_imcy           		 0.007512
ESRA_imi            		 0.00983952
ESAT_imi            		 0.00253835
ESBE_imi            		 0.00496345
ESFI_imi            		 0.00202409
ESFR_imi            		 0.0358655
ESGR_imi            		 0.000533848
ESIT_imi            		 0.0227289
ESNL_imi            		 0.00907542
ESPT_imi            		 0.00780039
ESDE_imi            		 0.0415203
ESRU_imi            		 0.0155721
ESRW_imi            		 0.100447
ESUS_imi            		 0.0135831
ESRA_imiy           		 0.001976
ESAT_imiy           		 0.00064
ESBE_imiy           		 0.001226
ESFI_imiy           		 0.000469
ESFR_imiy           		 0.007907
ESGR_imiy           		 0.000101
ESIT_imiy           		 0.00561
ESNL_imiy           		 0.001767
ESPT_imiy           		 0.001737
ESDE_imiy           		 0.009646
ESRU_imiy           		 0.003507
ESRW_imiy           		 0.019765
ESUS_imiy           		 0.003073
ESRA_imcg           		 0.00463095
ESAT_imcg           		 0.000503704
ESBE_imcg           		 0.0021538
ESFI_imcg           		 0.000578312
ESFR_imcg           		 0.00970687
ESGR_imcg           		 0.000243139
ESIT_imcg           		 0.00537634
ESNL_imcg           		 0.00305596
ESPT_imcg           		 0.0021286
ESDE_imcg           		 0.0092803
ESRU_imcg           		 0.00437367
ESRW_imcg           		 0.0388016
ESUS_imcg           		 0.00882703
ESRA_imcgy          		 0.00093
ESAT_imcgy          		 0.000127
ESBE_imcgy          		 0.000532
ESFI_imcgy          		 0.000134
ESFR_imcgy          		 0.00214
ESGR_imcgy          		 4.6e-05
ESIT_imcgy          		 0.001327
ESNL_imcgy          		 0.000595
ESPT_imcgy          		 0.000474
ESDE_imcgy          		 0.002156
ESRU_imcgy          		 0.000985
ESRW_imcgy          		 0.007635
ESUS_imcgy          		 0.001997
ESRA_imig           		 0.000507911
ESAT_imig           		 0.000138816
ESBE_imig           		 0.0002672
ESFI_imig           		 0.000107894
ESFR_imig           		 0.00190509
ESGR_imig           		 2.64281e-05
ESIT_imig           		 0.00121545
ESNL_imig           		 0.00048279
ESPT_imig           		 0.000413147
ESDE_imig           		 0.00219955
ESRU_imig           		 0.000817011
ESRW_imig           		 0.00531584
ESUS_imig           		 0.000711644
ESRA_imigy          		 0.000102
ESAT_imigy          		 3.5e-05
ESBE_imigy          		 6.6e-05
ESFI_imigy          		 2.5e-05
ESFR_imigy          		 0.00042
ESGR_imigy          		 5e-06
ESIT_imigy          		 0.0003
ESNL_imigy          		 9.4e-05
ESPT_imigy          		 9.2e-05
ESDE_imigy          		 0.000511
ESRU_imigy          		 0.000184
ESRW_imigy          		 0.001046
ESUS_imigy          		 0.000161
ES_piex             		 1.00496
ES_pextilde         		 0.935699
ESRA_rer            		 0.880073
ESAT_rer            		 1.06905
ESBE_rer            		 1.02745
ESFI_rer            		 1.00581
ESFR_rer            		 0.975228
ESGR_rer            		 0.868109
ESIT_rer            		 1.06389
ESNL_rer            		 0.902248
ESPT_rer            		 0.984477
ESDE_rer            		 1.00988
ESRU_rer            		 0.988017
ESRW_rer            		 0.852113
ESUS_rer            		 0.94887
ES_sx               		 1
ESRA_tot            		 0.879806
ESAT_tot            		 1.10459
ESBE_tot            		 1.08213
ESFI_tot            		 1.01512
ESFR_tot            		 0.965847
ESGR_tot            		 0.828854
ESIT_tot            		 1.08133
ESNL_tot            		 0.85299
ESPT_tot            		 0.975568
ESDE_tot            		 1.0178
ESRU_tot            		 0.986652
ESRW_tot            		 0.862052
ESUS_tot            		 0.991146
ESRA_weight         		 0.0255575
ESAT_weight         		 0.00812484
ESBE_weight         		 0.0193564
ESFI_weight         		 0.00538633
ESFR_weight         		 0.130858
ESGR_weight         		 0.00488824
ESIT_weight         		 0.0748737
ESNL_weight         		 0.0265911
ESPT_weight         		 0.0439422
ESDE_weight         		 0.108428
ESRU_weight         		 0.0455213
ESRW_weight         		 0.433137
ESUS_weight         		 0.0733349
ESRA_weightex       		 0.0194391
ESAT_weightex       		 0.00785676
ESBE_weightex       		 0.0171603
ESFI_weightex       		 0.0044481
ESFR_weightex       		 0.130276
ESGR_weightex       		 0.00684386
ESIT_weightex       		 0.0681539
ESNL_weightex       		 0.0214354
ESPT_weightex       		 0.0530187
ESDE_weightex       		 0.0937345
ESRU_weightex       		 0.0413837
ESRW_weightex       		 0.451477
ESUS_weightex       		 0.0847725
ESRA_weightim       		 0.0320654
ESAT_weightim       		 0.00840998
ESBE_weightim       		 0.0216922
ESFI_weightim       		 0.00638429
ESFR_weightim       		 0.131478
ESGR_weightim       		 0.00280813
ESIT_weightim       		 0.0820213
ESNL_weightim       		 0.032075
ESPT_weightim       		 0.0342879
ESDE_weightim       		 0.124057
ESRU_weightim       		 0.0499222
ESRW_weightim       		 0.41363
ESUS_weightim       		 0.0611691
ES_b                		 11.5178
ES_bf               		 -4.67114
ES_bfy              		 -1.07589
ES_by               		 2.8097
ES_c                		 2.36763
ES_ci               		 2.61407
ES_cj               		 1.62829
ES_cy               		 0.577568
ES_d                		 0.734248
ES_dn               		 0.191473
ES_dt               		 0.542775
ES_epsilonm         		 -0.750004
ES_etot             		 0.932928
ES_ex               		 0.970766
ES_fh               		 18.1072
ES_fi               		 61.1172
ES_fj               		 2.2636
ES_fn               		 10.03
ES_cg               		 0.790394
ES_gammab           		 0
ES_gammai           		 0
ES_gammaider        		 0
ES_gammau           		 0
ES_gammauder        		 0.0328507
ES_gammav           		 0.000239159
ES_gammavi          		 0.000101012
ES_gammavider       		 0.00216513
ES_gammavj          		 0.000101012
ES_gammavjder       		 0.00216513
ES_gh               		 21.7287
ES_gi               		 5.43283
ES_gj               		 4.03935
ES_gn               		 15.045
ES_cgy              		 0.1879
ES_ht               		 2.01503
ES_htc              		 1.00851
ES_hti              		 0.344931
ES_htcg             		 0.559244
ES_htig             		 0.10234
ES_i                		 0.786066
ES_ig               		 0.141924
ES_ii               		 1.04809
ES_im               		 0.970299
ES_imc              		 0.603311
ES_imcy             		 0.128781
ES_imi              		 0.264117
ES_imiy             		 0.057424
ES_imcg             		 0.0888882
ES_imcgy            		 0.019078
ES_imig             		 0.0139827
ES_imigy            		 0.003041
ES_imy              		 0.208324
ES_exy              		 0.221585
ES_internalrer      		 1.27944
ES_iy               		 0.187412
ES_igy              		 0.0338
ES_k                		 31.4427
ES_kd               		 31.4427
ES_kdn              		 10.4093
ES_kdt              		 21.0333
ES_ki               		 41.9235
ES_lambdai          		 0.732014
ES_lambdaj          		 1.63278
ES_lcy              		 0.574619
ES_m                		 0.994802
ES_mcn              		 0.779749
ES_mct              		 0.779749
ES_mi               		 1.09835
ES_mj               		 0.684157
ES_mp               		 0.00491282
ES_mpy              		 0.00119845
ES_nd               		 1.62756
ES_ndi              		 0.750901
ES_ndj              		 0.960199
ES_ndn              		 0.538816
ES_ndt              		 1.08874
ES_ni               		 0.750901
ES_nj               		 0.960199
ES_nt               		 1.11617
ES_ntc              		 0.766306
ES_nti              		 0.179639
ES_ntcg             		 0.144294
ES_ntig             		 0.0259327
ES_pex              		 0.935699
ES_pht              		 0.935699
ES_phttilde         		 0.935699
ES_pi               		 0.977348
ES_pcg              		 0.974526
ES_pig              		 0.976275
ES_pic              		 1.00496
ES_pic4             		 1.02
ES_piex4            		 1.02
ES_piht             		 1.00496
ES_piimc            		 1.00496
ES_piimi            		 1.00496
ES_piimcg           		 1.00496
ES_piimig           		 1.00496
ES_piimc4           		 1.02
ES_pim              		 0.880124
ES_pimc             		 0.875026
ES_pimi             		 0.891265
ES_pimcg            		 0.879831
ES_pimig            		 0.891532
ES_pint             		 1.00496
ES_piw              		 1.00496
ES_piw4             		 1.02
ES_pnt              		 1.16962
ES_pnttilde         		 1.16962
ES_pttc             		 0.914166
ES_ptti             		 0.91709
ES_pttcg            		 0.928531
ES_pttig            		 0.930665
ES_py               		 0.999351
ES_q                		 0.977348
ES_qc               		 2.36787
ES_qi               		 0.786066
ES_qcg              		 0.790394
ES_qig              		 0.141924
ES_r                		 1.01242
ES_reer             		 0.925357
ES_rer              		 0.94887
ES_rerdep           		 1
ES_rk               		 0.0321066
ES_rp               		 0
ES_rr               		 1.00742
ES_rrstar           		 1.00742
ES_sh               		 1
ES_si               		 1
ES_sj               		 1
ES_snt              		 1
ES_t                		 0.360327
ES_tauc             		 0.162
ES_taud             		 0
ES_tauk             		 0.0553
ES_taun             		 0.1928
ES_tauwf            		 0.2265
ES_tauwh            		 0.0485
ES_tb               		 0.0543609
ES_tby              		 0.013261
ES_ti               		 0.432392
ES_tj               		 0.144131
ES_tot              		 0.991146
ES_tr               		 0.667367
ES_tri              		 0.444911
ES_trj              		 1.33473
ES_try              		 0.1628
ES_ttc              		 1.60975
ES_tti              		 0.60861
ES_ttcg             		 0.647787
ES_ttig             		 0.116288
ES_ty               		 0.0878995
ES_u                		 1
ES_utili            		 -16.9361
ES_utilj            		 -90.9819
ES_vi               		 2.38
ES_vj               		 2.38
ES_w                		 1.18001
ES_wcst             		 0
ES_whty             		 0.459849
ES_wi               		 1.32014
ES_witilde          		 1.32014
ES_wj               		 0.967764
ES_wjtilde          		 0.967764
ES_wnty             		 0.487023
ES_wy               		 0.468503
ES_y                		 4.10197
ES_ygap             		 0
ES_ygrowth          		 1
ES_ygrowth4         		 1
ES_yhty             		 0.681531
ES_ynty             		 0.318469
ES_yshare           		 0.0197633
ES_ysn              		 1.11617
ES_yst              		 2.98579
ES_zcon             		 1
ES_zinv             		 1
ES_zn               		 1
ES_zt               		 1
ES_grev             		 1.66056
ES_gexp             		 1.66056
ES_grevy            		 0.405084
ES_gexpy            		 0.405084
ES_gbal             		 1.04361e-14
ES_gbaly            		 2.54582e-15
ES_br               		 0.084382
ES_bry              		 0.0205845
ES_gpbal            		 0.084382
ES_gpbaly           		 0.0205845
ES_tn               		 0.463426
ES_tny              		 0.11305
ES_tc               		 0.383556
ES_tcy              		 0.0935661
ES_twf              		 0.435002
ES_twfy             		 0.106116
ES_tk               		 0.0133415
ES_tky              		 0.00325458
ES_lhs              		 14.027
ES_rhs              		 14.027
FIRA_excy           		 0.00470405
FIAT_excy           		 0.00135424
FIBE_excy           		 0.00178206
FIES_excy           		 0.00384954
FIFR_excy           		 0.00693674
FIGR_excy           		 0.000951977
FIIT_excy           		 0.00497543
FINL_excy           		 0.00322072
FIPT_excy           		 0.000583791
FIDE_excy           		 0.0140029
FIRU_excy           		 0.0208108
FIRW_excy           		 0.0786252
FIUS_excy           		 0.0147503
FIRA_exiy           		 0.00412509
FIAT_exiy           		 0.00144177
FIBE_exiy           		 0.0011192
FIES_exiy           		 0.00257185
FIFR_exiy           		 0.00430633
FIGR_exiy           		 0.000720935
FIIT_exiy           		 0.00370223
FINL_exiy           		 0.00236077
FIPT_exiy           		 0.000539767
FIDE_exiy           		 0.00902473
FIRU_exiy           		 0.0164821
FIRW_exiy           		 0.0613277
FIUS_exiy           		 0.0082362
FI_fx               		 4.2322
FIRA_gammaimc       		 0
FIAT_gammaimc       		 0
FIBE_gammaimc       		 0
FIES_gammaimc       		 0
FIFR_gammaimc       		 0
FIGR_gammaimc       		 0
FIIT_gammaimc       		 0
FINL_gammaimc       		 0
FIPT_gammaimc       		 0
FIDE_gammaimc       		 0
FIRU_gammaimc       		 0
FIRW_gammaimc       		 0
FIUS_gammaimc       		 0
FIRA_gammaimcdag    		 1
FIAT_gammaimcdag    		 1
FIBE_gammaimcdag    		 1
FIES_gammaimcdag    		 1
FIFR_gammaimcdag    		 1
FIGR_gammaimcdag    		 1
FIIT_gammaimcdag    		 1
FINL_gammaimcdag    		 1
FIPT_gammaimcdag    		 1
FIDE_gammaimcdag    		 1
FIRU_gammaimcdag    		 1
FIRW_gammaimcdag    		 1
FIUS_gammaimcdag    		 1
FIRA_gammaimi       		 0
FIAT_gammaimi       		 0
FIBE_gammaimi       		 0
FIES_gammaimi       		 0
FIFR_gammaimi       		 0
FIGR_gammaimi       		 0
FIIT_gammaimi       		 0
FINL_gammaimi       		 0
FIPT_gammaimi       		 0
FIDE_gammaimi       		 0
FIRU_gammaimi       		 0
FIRW_gammaimi       		 0
FIUS_gammaimi       		 0
FIRA_gammaimidag    		 1
FIAT_gammaimidag    		 1
FIBE_gammaimidag    		 1
FIES_gammaimidag    		 1
FIFR_gammaimidag    		 1
FIGR_gammaimidag    		 1
FIIT_gammaimidag    		 1
FINL_gammaimidag    		 1
FIPT_gammaimidag    		 1
FIDE_gammaimidag    		 1
FIRU_gammaimidag    		 1
FIRW_gammaimidag    		 1
FIUS_gammaimidag    		 1
FIRA_gammaimcg      		 0
FIAT_gammaimcg      		 0
FIBE_gammaimcg      		 0
FIES_gammaimcg      		 0
FIFR_gammaimcg      		 0
FIGR_gammaimcg      		 0
FIIT_gammaimcg      		 0
FINL_gammaimcg      		 0
FIPT_gammaimcg      		 0
FIDE_gammaimcg      		 0
FIRU_gammaimcg      		 0
FIRW_gammaimcg      		 0
FIUS_gammaimcg      		 0
FIRA_gammaimcgdag   		 1
FIAT_gammaimcgdag   		 1
FIBE_gammaimcgdag   		 1
FIES_gammaimcgdag   		 1
FIFR_gammaimcgdag   		 1
FIGR_gammaimcgdag   		 1
FIIT_gammaimcgdag   		 1
FINL_gammaimcgdag   		 1
FIPT_gammaimcgdag   		 1
FIDE_gammaimcgdag   		 1
FIRU_gammaimcgdag   		 1
FIRW_gammaimcgdag   		 1
FIUS_gammaimcgdag   		 1
FIRA_gammaimig      		 0
FIAT_gammaimig      		 0
FIBE_gammaimig      		 0
FIES_gammaimig      		 0
FIFR_gammaimig      		 0
FIGR_gammaimig      		 0
FIIT_gammaimig      		 0
FINL_gammaimig      		 0
FIPT_gammaimig      		 0
FIDE_gammaimig      		 0
FIRU_gammaimig      		 0
FIRW_gammaimig      		 0
FIUS_gammaimig      		 0
FIRA_gammaimigdag   		 1
FIAT_gammaimigdag   		 1
FIBE_gammaimigdag   		 1
FIES_gammaimigdag   		 1
FIFR_gammaimigdag   		 1
FIGR_gammaimigdag   		 1
FIIT_gammaimigdag   		 1
FINL_gammaimigdag   		 1
FIPT_gammaimigdag   		 1
FIDE_gammaimigdag   		 1
FIRU_gammaimigdag   		 1
FIRW_gammaimigdag   		 1
FIUS_gammaimigdag   		 1
FI_gx               		 5.07864
FIRA_im             		 0.0775748
FIAT_im             		 0.0109685
FIBE_im             		 0.0227391
FIES_im             		 0.0221294
FIFR_im             		 0.045908
FIGR_im             		 0.00439071
FIIT_im             		 0.0347089
FINL_im             		 0.0493321
FIPT_im             		 0.00589912
FIDE_im             		 0.1326
FIRU_im             		 0.213483
FIRW_im             		 0.493651
FIUS_im             		 0.085632
FIRA_imc            		 0.0440517
FIAT_imc            		 0.00545971
FIBE_imc            		 0.0119607
FIES_imc            		 0.0146474
FIFR_imc            		 0.0257297
FIGR_imc            		 0.00350166
FIIT_imc            		 0.018316
FINL_imc            		 0.0288742
FIPT_imc            		 0.00415209
FIDE_imc            		 0.0655205
FIRU_imc            		 0.115397
FIRW_imc            		 0.285696
FIUS_imc            		 0.0425104
FIRA_imcy           		 0.008573
FIAT_imcy           		 0.001334
FIBE_imcy           		 0.002863
FIES_imcy           		 0.00324
FIFR_imcy           		 0.005497
FIGR_imcy           		 0.000642
FIIT_imcy           		 0.004381
FINL_imcy           		 0.005448
FIPT_imcy           		 0.000896
FIDE_imcy           		 0.014751
FIRU_imcy           		 0.025185
FIRW_imcy           		 0.054478
FIUS_imcy           		 0.00932
FIRA_imi            		 0.0222185
FIAT_imi            		 0.00403544
FIBE_imi            		 0.00698091
FIES_imi            		 0.00511304
FIFR_imi            		 0.014028
FIGR_imi            		 0.000594518
FIIT_imi            		 0.0124964
FINL_imi            		 0.0130591
FIPT_imi            		 0.00115851
FIDE_imi            		 0.0504674
FIRU_imi            		 0.0671534
FIRW_imi            		 0.142145
FIUS_imi            		 0.0290138
FIRA_imiy           		 0.004324
FIAT_imiy           		 0.000986
FIBE_imiy           		 0.001671
FIES_imiy           		 0.001131
FIFR_imiy           		 0.002997
FIGR_imiy           		 0.000109
FIIT_imiy           		 0.002989
FINL_imiy           		 0.002464
FIPT_imiy           		 0.00025
FIDE_imiy           		 0.011362
FIRU_imiy           		 0.014656
FIRW_imiy           		 0.027105
FIUS_imiy           		 0.006361
FIRA_imcg           		 0.00998909
FIAT_imcg           		 0.00124829
FIBE_imcg           		 0.00342152
FIES_imcg           		 0.0020841
FIFR_imcg           		 0.00538745
FIGR_imcg           		 0.000261806
FIIT_imcg           		 0.00321921
FINL_imcg           		 0.00667265
FIPT_imcg           		 0.000523646
FIDE_imcg           		 0.0138272
FIRU_imcg           		 0.0271849
FIRW_imcg           		 0.057928
FIUS_imcg           		 0.0125524
FIRA_imcgy          		 0.001944
FIAT_imcgy          		 0.000305
FIBE_imcgy          		 0.000819
FIES_imcgy          		 0.000461
FIFR_imcgy          		 0.001151
FIGR_imcgy          		 4.8e-05
FIIT_imcgy          		 0.00077
FINL_imcgy          		 0.001259
FIPT_imcgy          		 0.000113
FIDE_imcgy          		 0.003113
FIRU_imcgy          		 0.005933
FIRW_imcgy          		 0.011046
FIUS_imcgy          		 0.002752
FIRA_imig           		 0.00131544
FIAT_imig           		 0.000225101
FIBE_imig           		 0.000375992
FIES_imig           		 0.000284811
FIFR_imig           		 0.00076295
FIGR_imig           		 3.27258e-05
FIIT_imig           		 0.000677288
FINL_imig           		 0.000726095
FIPT_imig           		 6.48765e-05
FIDE_imig           		 0.00278499
FIRU_imig           		 0.00374805
FIRW_imig           		 0.0078821
FIUS_imig           		 0.00155537
FIRA_imigy          		 0.000256
FIAT_imigy          		 5.5e-05
FIBE_imigy          		 9e-05
FIES_imigy          		 6.3e-05
FIFR_imigy          		 0.000163
FIGR_imigy          		 6e-06
FIIT_imigy          		 0.000162
FINL_imigy          		 0.000137
FIPT_imigy          		 1.4e-05
FIDE_imigy          		 0.000627
FIRU_imigy          		 0.000818
FIRW_imigy          		 0.001503
FIUS_imigy          		 0.000341
FI_piex             		 1.00496
FI_pextilde         		 0.944356
FIRA_rer            		 0.874986
FIAT_rer            		 1.06287
FIBE_rer            		 1.02152
FIES_rer            		 0.99422
FIFR_rer            		 0.969592
FIGR_rer            		 0.863091
FIIT_rer            		 1.05774
FINL_rer            		 0.897033
FIPT_rer            		 0.978787
FIDE_rer            		 1.00405
FIRU_rer            		 0.982306
FIRW_rer            		 0.847188
FIUS_rer            		 0.943385
FI_sx               		 1
FIRA_tot            		 0.866703
FIAT_tot            		 1.08814
FIBE_tot            		 1.06602
FIES_tot            		 0.985106
FIFR_tot            		 0.951462
FIGR_tot            		 0.816509
FIIT_tot            		 1.06523
FINL_tot            		 0.840286
FIPT_tot            		 0.961038
FIDE_tot            		 1.00264
FIRU_tot            		 0.971957
FIRW_tot            		 0.849213
FIUS_tot            		 0.976384
FIRA_weight         		 0.0437411
FIAT_weight         		 0.0107156
FIBE_weight         		 0.0163598
FIES_weight         		 0.0223048
FIFR_weight         		 0.0420323
FIGR_weight         		 0.00474075
FIIT_weight         		 0.0337962
FINL_weight         		 0.0291431
FIPT_weight         		 0.0045103
FIDE_weight         		 0.101495
FIRU_weight         		 0.149849
FIRW_weight         		 0.453283
FIUS_weight         		 0.0880288
FIRA_weightex       		 0.0298228
FIAT_weightex       		 0.0106065
FIBE_weightex       		 0.0118136
FIES_weightex       		 0.024293
FIFR_weightex       		 0.0438873
FIGR_weightex       		 0.00592622
FIIT_weightex       		 0.0339399
FINL_weightex       		 0.0223024
FIPT_weightex       		 0.00399458
FIDE_weightex       		 0.0859796
FIRU_weightex       		 0.118785
FIRW_weightex       		 0.511009
FIUS_weightex       		 0.0976404
FIRA_weightim       		 0.0611309
FIAT_weightim       		 0.0108519
FIBE_weightim       		 0.0220398
FIES_weightim       		 0.0198209
FIFR_weightim       		 0.0397146
FIGR_weightim       		 0.00325961
FIIT_weightim       		 0.0336165
FINL_weightim       		 0.03769
FIPT_weightim       		 0.00515464
FIDE_weightim       		 0.120881
FIRU_weightim       		 0.188661
FIRW_weightim       		 0.38116
FIUS_weightim       		 0.0760198
FI_b                		 8.68009
FI_bf               		 -22.3901
FI_bfy              		 -4.99757
FI_by               		 2.0639
FI_c                		 1.93612
FI_ci               		 2.03684
FI_cj               		 1.63395
FI_cy               		 0.460358
FI_d                		 0.670001
FI_dn               		 0.179273
FI_dt               		 0.490728
FI_epsilonm         		 -0.750004
FI_etot             		 0.913023
FI_ex               		 1.37417
FI_fh               		 16.1884
FI_fi               		 98.6116
FI_fj               		 3.65228
FI_fn               		 9.39089
FI_cg               		 1.05427
FI_gammab           		 0
FI_gammai           		 0
FI_gammaider        		 0
FI_gammau           		 0
FI_gammauder        		 0.0330119
FI_gammav           		 0.000195571
FI_gammavi          		 0.000101012
FI_gammavider       		 0.00216513
FI_gammavj          		 0.000101012
FI_gammavjder       		 0.00216513
FI_gh               		 19.4261
FI_gi               		 8.29048
FI_gj               		 3.55792
FI_gn               		 14.0863
FI_cgy              		 0.2458
FI_ht               		 1.78498
FI_htc              		 0.662318
FI_hti              		 0.276144
FI_htcg             		 0.72212
FI_htig             		 0.124399
FI_i                		 0.825321
FI_ig               		 0.176362
FI_ii               		 1.10043
FI_im               		 1.18948
FI_imc              		 0.660543
FI_imcy             		 0.136608
FI_imi              		 0.365491
FI_imiy             		 0.076405
FI_imcg             		 0.143174
FI_imcgy            		 0.029714
FI_imig             		 0.0202713
FI_imigy            		 0.004235
FI_imy              		 0.246962
FI_exy              		 0.30856
FI_internalrer      		 1.29857
FI_iy               		 0.190997
FI_igy              		 0.0412
FI_k                		 33.0128
FI_kd               		 33.0128
FI_kdn              		 9.73895
FI_kdt              		 23.2739
FI_ki               		 44.0171
FI_lambdai          		 1.21504
FI_lambdaj          		 1.56433
FI_lcy              		 0.588484
FI_m                		 0.813494
FI_mcn              		 0.786963
FI_mct              		 0.786963
FI_mi               		 0.855814
FI_mj               		 0.686535
FI_mp               		 0.00401743
FI_mpy              		 0.000955242
FI_nd               		 1.66226
FI_ndi              		 0.858984
FI_ndj              		 0.858584
FI_ndn              		 0.490375
FI_ndt              		 1.17189
FI_ni               		 0.858984
FI_nj               		 0.858584
FI_nt               		 1.03547
FI_ntc              		 0.623764
FI_nti              		 0.187353
FI_ntcg             		 0.192173
FI_ntig             		 0.0321793
FI_pex              		 0.944356
FI_pht              		 0.944356
FI_phttilde         		 0.944356
FI_pi               		 0.973285
FI_pcg              		 0.980541
FI_pig              		 0.982488
FI_pic              		 1.00496
FI_pic4             		 1.02
FI_piex4            		 1.02
FI_piht             		 1.00496
FI_piimc            		 1.00496
FI_piimi            		 1.00496
FI_piimcg           		 1.00496
FI_piimig           		 1.00496
FI_piimc4           		 1.02
FI_pim              		 0.87319
FI_pimc             		 0.869782
FI_pimi             		 0.879187
FI_pimcg            		 0.872837
FI_pimig            		 0.878634
FI_pint             		 1.00496
FI_piw              		 1.00496
FI_piw4             		 1.02
FI_pnt              		 1.18044
FI_pnttilde         		 1.18044
FI_pttc             		 0.909033
FI_ptti             		 0.90867
FI_pttcg            		 0.93346
FI_pttig            		 0.935836
FI_py               		 1.00264
FI_q                		 0.973285
FI_qc               		 1.93631
FI_qi               		 0.825321
FI_qcg              		 1.05427
FI_qig              		 0.176362
FI_r                		 1.01242
FI_reer             		 0.913112
FI_rer              		 0.943385
FI_rerdep           		 1
FI_rk               		 0.03213
FI_rp               		 0
FI_rr               		 1.00742
FI_rrstar           		 1.00742
FI_sh               		 1
FI_si               		 1
FI_sj               		 1
FI_snt              		 1
FI_t                		 0.289982
FI_tauc             		 0.2686
FI_taud             		 0
FI_tauk             		 0.0743
FI_taun             		 0.3385
FI_tauwf            		 0.2221
FI_tauwh            		 0.0668
FI_tb               		 0.259061
FI_tby              		 0.061598
FI_ti               		 0.347978
FI_tj               		 0.115993
FI_tot              		 0.976384
FI_tr               		 0.833144
FI_tri              		 0.555429
FI_trj              		 1.66629
FI_try              		 0.1981
FI_ttc              		 1.32007
FI_tti              		 0.640621
FI_ttcg             		 0.864423
FI_ttig             		 0.144564
FI_ty               		 0.0689502
FI_u                		 1
FI_utili            		 -48.6524
FI_utilj            		 -77.4529
FI_vi               		 2.38
FI_vj               		 2.38
FI_w                		 1.21833
FI_wcst             		 0
FI_whty             		 0.478568
FI_wi               		 1.32778
FI_witilde          		 1.32778
FI_wj               		 1.03034
FI_wjtilde          		 1.03034
FI_wnty             		 0.488776
FI_wy               		 0.481535
FI_y                		 4.19462
FI_ygap             		 0
FI_ygrowth          		 1
FI_ygrowth4         		 1
FI_yhty             		 0.709365
FI_ynty             		 0.290634
FI_yshare           		 0.00360402
FI_ysn              		 1.03547
FI_yst              		 3.15915
FI_zcon             		 1
FI_zinv             		 1
FI_zn               		 1
FI_zt               		 1
FI_grev             		 2.10376
FI_gexp             		 2.10376
FI_grevy            		 0.500221
FI_gexpy            		 0.500221
FI_gbal             		 -1.5099e-14
FI_gbaly            		 -3.59016e-15
FI_br               		 0.0635922
FI_bry              		 0.0151206
FI_gpbal            		 0.0635922
FI_gpbaly           		 0.0151206
FI_tn               		 0.820805
FI_tny              		 0.195166
FI_tc               		 0.52004
FI_tcy              		 0.123652
FI_twf              		 0.449792
FI_twfy             		 0.106949
FI_tk               		 0.019127
FI_tky              		 0.0045479
FI_lhs              		 11.4869
FI_rhs              		 11.4869
FRRA_excy           		 0.00256077
FRAT_excy           		 0.000883083
FRBE_excy           		 0.00604274
FRES_excy           		 0.0083613
FRFI_excy           		 0.000495279
FRGR_excy           		 0.000932806
FRIT_excy           		 0.0112202
FRNL_excy           		 0.00345219
FRPT_excy           		 0.00150857
FRDE_excy           		 0.0124671
FRRU_excy           		 0.00515431
FRRW_excy           		 0.0620698
FRUS_excy           		 0.0143087
FRRA_exiy           		 0.0021122
FRAT_exiy           		 0.000534094
FRBE_exiy           		 0.00241483
FRES_exiy           		 0.00390668
FRFI_exiy           		 0.000270029
FRGR_exiy           		 0.000280353
FRIT_exiy           		 0.00414034
FRNL_exiy           		 0.00137905
FRPT_exiy           		 0.000588942
FRDE_exiy           		 0.00636338
FRRU_exiy           		 0.00311376
FRRW_exiy           		 0.0288775
FRUS_exiy           		 0.00559259
FR_fx               		 2.91508
FRRA_gammaimc       		 0
FRAT_gammaimc       		 0
FRBE_gammaimc       		 0
FRES_gammaimc       		 0
FRFI_gammaimc       		 0
FRGR_gammaimc       		 0
FRIT_gammaimc       		 0
FRNL_gammaimc       		 0
FRPT_gammaimc       		 0
FRDE_gammaimc       		 0
FRRU_gammaimc       		 0
FRRW_gammaimc       		 0
FRUS_gammaimc       		 0
FRRA_gammaimcdag    		 1
FRAT_gammaimcdag    		 1
FRBE_gammaimcdag    		 1
FRES_gammaimcdag    		 1
FRFI_gammaimcdag    		 1
FRGR_gammaimcdag    		 1
FRIT_gammaimcdag    		 1
FRNL_gammaimcdag    		 1
FRPT_gammaimcdag    		 1
FRDE_gammaimcdag    		 1
FRRU_gammaimcdag    		 1
FRRW_gammaimcdag    		 1
FRUS_gammaimcdag    		 1
FRRA_gammaimi       		 0
FRAT_gammaimi       		 0
FRBE_gammaimi       		 0
FRES_gammaimi       		 0
FRFI_gammaimi       		 0
FRGR_gammaimi       		 0
FRIT_gammaimi       		 0
FRNL_gammaimi       		 0
FRPT_gammaimi       		 0
FRDE_gammaimi       		 0
FRRU_gammaimi       		 0
FRRW_gammaimi       		 0
FRUS_gammaimi       		 0
FRRA_gammaimidag    		 1
FRAT_gammaimidag    		 1
FRBE_gammaimidag    		 1
FRES_gammaimidag    		 1
FRFI_gammaimidag    		 1
FRGR_gammaimidag    		 1
FRIT_gammaimidag    		 1
FRNL_gammaimidag    		 1
FRPT_gammaimidag    		 1
FRDE_gammaimidag    		 1
FRRU_gammaimidag    		 1
FRRW_gammaimidag    		 1
FRUS_gammaimidag    		 1
FRRA_gammaimcg      		 0
FRAT_gammaimcg      		 0
FRBE_gammaimcg      		 0
FRES_gammaimcg      		 0
FRFI_gammaimcg      		 0
FRGR_gammaimcg      		 0
FRIT_gammaimcg      		 0
FRNL_gammaimcg      		 0
FRPT_gammaimcg      		 0
FRDE_gammaimcg      		 0
FRRU_gammaimcg      		 0
FRRW_gammaimcg      		 0
FRUS_gammaimcg      		 0
FRRA_gammaimcgdag   		 1
FRAT_gammaimcgdag   		 1
FRBE_gammaimcgdag   		 1
FRES_gammaimcgdag   		 1
FRFI_gammaimcgdag   		 1
FRGR_gammaimcgdag   		 1
FRIT_gammaimcgdag   		 1
FRNL_gammaimcgdag   		 1
FRPT_gammaimcgdag   		 1
FRDE_gammaimcgdag   		 1
FRRU_gammaimcgdag   		 1
FRRW_gammaimcgdag   		 1
FRUS_gammaimcgdag   		 1
FRRA_gammaimig      		 0
FRAT_gammaimig      		 0
FRBE_gammaimig      		 0
FRES_gammaimig      		 0
FRFI_gammaimig      		 0
FRGR_gammaimig      		 0
FRIT_gammaimig      		 0
FRNL_gammaimig      		 0
FRPT_gammaimig      		 0
FRDE_gammaimig      		 0
FRRU_gammaimig      		 0
FRRW_gammaimig      		 0
FRUS_gammaimig      		 0
FRRA_gammaimigdag   		 1
FRAT_gammaimigdag   		 1
FRBE_gammaimigdag   		 1
FRES_gammaimigdag   		 1
FRFI_gammaimigdag   		 1
FRGR_gammaimigdag   		 1
FRIT_gammaimigdag   		 1
FRNL_gammaimigdag   		 1
FRPT_gammaimigdag   		 1
FRDE_gammaimigdag   		 1
FRRU_gammaimigdag   		 1
FRRW_gammaimigdag   		 1
FRUS_gammaimigdag   		 1
FR_gx               		 3.49809
FRRA_im             		 0.0413366
FRAT_im             		 0.00780552
FRBE_im             		 0.0453338
FRES_im             		 0.0698625
FRFI_im             		 0.00505504
FRGR_im             		 0.00355838
FRIT_im             		 0.0741891
FRNL_im             		 0.0420122
FRPT_im             		 0.0119748
FRDE_im             		 0.124126
FRRU_im             		 0.0512043
FRRW_im             		 0.412104
FRUS_im             		 0.0738785
FRRA_imc            		 0.0248322
FRAT_imc            		 0.00451307
FRBE_imc            		 0.0292757
FRES_imc            		 0.0487866
FRFI_imc            		 0.00273068
FRGR_imc            		 0.00301793
FRIT_imc            		 0.0474469
FRNL_imc            		 0.0288418
FRPT_imc            		 0.00881058
FRDE_imc            		 0.0722795
FRRU_imc            		 0.0306839
FRRW_imc            		 0.278528
FRUS_imc            		 0.0413693
FRRA_imcy           		 0.004926
FRAT_imcy           		 0.001124
FRBE_imcy           		 0.007143
FRES_imcy           		 0.011
FRFI_imcy           		 0.000625
FRGR_imcy           		 0.000564
FRIT_imcy           		 0.011568
FRNL_imcy           		 0.005547
FRPT_imcy           		 0.001938
FRDE_imcy           		 0.016587
FRRU_imcy           		 0.006826
FRRW_imcy           		 0.054137
FRUS_imcy           		 0.009245
FRRA_imi            		 0.0108181
FRAT_imi            		 0.0024051
FRBE_imi            		 0.0110701
FRES_imi            		 0.0155585
FRFI_imi            		 0.00169521
FRGR_imi            		 0.000315706
FRIT_imi            		 0.0198024
FRNL_imi            		 0.00884441
FRPT_imi            		 0.00233676
FRDE_imi            		 0.0388437
FRRU_imi            		 0.0145463
FRRW_imi            		 0.0890063
FRUS_imi            		 0.0198232
FRRA_imiy           		 0.002146
FRAT_imiy           		 0.000599
FRBE_imiy           		 0.002701
FRES_imiy           		 0.003508
FRFI_imiy           		 0.000388
FRGR_imiy           		 5.9e-05
FRIT_imiy           		 0.004828
FRNL_imiy           		 0.001701
FRPT_imiy           		 0.000514
FRDE_imiy           		 0.008914
FRRU_imiy           		 0.003236
FRRW_imiy           		 0.0173
FRUS_imiy           		 0.00443
FRRA_imcg           		 0.00509146
FRAT_imcg           		 0.000754855
FRBE_imcg           		 0.00437722
FRES_imcg           		 0.00464804
FRFI_imcg           		 0.000537399
FRGR_imcg           		 0.000208687
FRIT_imcg           		 0.00584473
FRNL_imcg           		 0.00383726
FRPT_imcg           		 0.000700118
FRDE_imcg           		 0.0108591
FRRU_imcg           		 0.00516942
FRRW_imcg           		 0.0396567
FRUS_imcg           		 0.0115986
FRRA_imcgy          		 0.00101
FRAT_imcgy          		 0.000188
FRBE_imcgy          		 0.001068
FRES_imcgy          		 0.001048
FRFI_imcgy          		 0.000123
FRGR_imcgy          		 3.9e-05
FRIT_imcgy          		 0.001425
FRNL_imcgy          		 0.000738
FRPT_imcgy          		 0.000154
FRDE_imcgy          		 0.002492
FRRU_imcgy          		 0.00115
FRRW_imcgy          		 0.007708
FRUS_imcgy          		 0.002592
FRRA_imig           		 0.000594844
FRAT_imig           		 0.000132501
FRBE_imig           		 0.00061068
FRES_imig           		 0.000869289
FRFI_imig           		 9.1751e-05
FRGR_imig           		 1.60528e-05
FRIT_imig           		 0.00109512
FRNL_imig           		 0.000488756
FRPT_imig           		 0.000127294
FRDE_imig           		 0.00214394
FRRU_imig           		 0.000804632
FRRW_imig           		 0.00491335
FRUS_imig           		 0.00108737
FRRA_imigy          		 0.000118
FRAT_imigy          		 3.3e-05
FRBE_imigy          		 0.000149
FRES_imigy          		 0.000196
FRFI_imigy          		 2.1e-05
FRGR_imigy          		 3e-06
FRIT_imigy          		 0.000267
FRNL_imigy          		 9.4e-05
FRPT_imigy          		 2.8e-05
FRDE_imigy          		 0.000492
FRRU_imigy          		 0.000179
FRRW_imigy          		 0.000955
FRUS_imigy          		 0.000243
FR_piex             		 1.00496
FR_pextilde         		 0.926698
FRRA_rer            		 0.902427
FRAT_rer            		 1.0962
FRBE_rer            		 1.05355
FRES_rer            		 1.0254
FRFI_rer            		 1.03136
FRGR_rer            		 0.890159
FRIT_rer            		 1.09091
FRNL_rer            		 0.925166
FRPT_rer            		 1.00948
FRDE_rer            		 1.03554
FRRU_rer            		 1.01311
FRRW_rer            		 0.873758
FRUS_rer            		 0.972972
FR_sx               		 1
FRRA_tot            		 0.910916
FRAT_tot            		 1.14365
FRBE_tot            		 1.1204
FRES_tot            		 1.03536
FRFI_tot            		 1.05101
FRGR_tot            		 0.858163
FRIT_tot            		 1.11957
FRNL_tot            		 0.883152
FRPT_tot            		 1.01006
FRDE_tot            		 1.05379
FRRU_tot            		 1.02154
FRRW_tot            		 0.892535
FRUS_tot            		 1.02619
FRRA_weight         		 0.0323444
FRAT_weight         		 0.00893223
FRBE_weight         		 0.0461349
FRES_weight         		 0.0681431
FRFI_weight         		 0.00514929
FRGR_weight         		 0.00480963
FRIT_weight         		 0.0817619
FRNL_weight         		 0.0331486
FRPT_weight         		 0.0112866
FRDE_weight         		 0.118481
FRRU_weight         		 0.0506172
FRRW_weight         		 0.440741
FRUS_weight         		 0.0984504
FRRA_weightex       		 0.0247291
FRAT_weightex       		 0.0083551
FRBE_weightex       		 0.0382967
FRES_weightex       		 0.0593534
FRFI_weightex       		 0.00464369
FRGR_weightex       		 0.00631635
FRIT_weightex       		 0.075082
FRNL_weightex       		 0.026886
FRPT_weightex       		 0.00971174
FRDE_weightex       		 0.0979768
FRRU_weightex       		 0.0455627
FRRW_weightex       		 0.48759
FRUS_weightex       		 0.115496
FRRA_weightim       		 0.0401829
FRAT_weightim       		 0.00952628
FRBE_weightim       		 0.0542028
FRES_weightim       		 0.0771903
FRFI_weightim       		 0.00566971
FRGR_weightim       		 0.00325873
FRIT_weightim       		 0.0886376
FRNL_weightim       		 0.0395948
FRPT_weightim       		 0.0129075
FRDE_weightim       		 0.139587
FRRU_weightim       		 0.0558199
FRRW_weightim       		 0.392518
FRUS_weightim       		 0.0809048
FR_b                		 13.2815
FR_bf               		 -2.13318
FR_bfy              		 -0.485332
FR_by               		 3.1211
FR_c                		 2.28299
FR_ci               		 2.4181
FR_cj               		 1.87768
FR_cy               		 0.536496
FR_d                		 1.00188
FR_dn               		 0.194336
FR_dt               		 0.807548
FR_epsilonm         		 -0.750004
FR_etot             		 0.970704
FR_ex               		 0.96454
FR_fh               		 19.5579
FR_fi               		 26.7051
FR_fj               		 0.989076
FR_fn               		 10.18
FR_cg               		 1.07669
FR_gammab           		 0
FR_gammai           		 0
FR_gammaider        		 0
FR_gammau           		 0
FR_gammauder        		 0.0329424
FR_gammav           		 0.00023061
FR_gammavi          		 0.000101012
FR_gammavider       		 0.00216513
FR_gammavj          		 0.000101012
FR_gammavjder       		 0.00216513
FR_gh               		 23.4695
FR_gi               		 5.15903
FR_gj               		 2.35676
FR_gn               		 15.27
FR_cgy              		 0.2453
FR_ht               		 2.19761
FR_htc              		 0.933106
FR_hti              		 0.350995
FR_htcg             		 0.789538
FR_htig             		 0.123969
FR_i                		 0.755693
FR_ig               		 0.167063
FR_ii               		 1.00759
FR_im               		 0.952691
FR_imc              		 0.614739
FR_imcy             		 0.13123
FR_imi              		 0.232731
FR_imiy             		 0.050324
FR_imcg             		 0.0923748
FR_imcgy            		 0.019735
FR_imig             		 0.0128467
FR_imigy            		 0.002778
FR_imy              		 0.204067
FR_exy              		 0.210049
FR_internalrer      		 1.25973
FR_iy               		 0.174068
FR_igy              		 0.0381
FR_k                		 30.2277
FR_kd               		 30.2277
FR_kdn              		 10.505
FR_kdt              		 19.7227
FR_ki               		 40.3036
FR_lambdai          		 1.02388
FR_lambdaj          		 1.40319
FR_lcy              		 0.535192
FR_m                		 0.959241
FR_mcn              		 0.772248
FR_mct              		 0.772248
FR_mi               		 1.01601
FR_mj               		 0.788943
FR_mp               		 0.0047372
FR_mpy              		 0.00111323
FR_nd               		 1.58085
FR_ndi              		 0.806925
FR_ndj              		 0.829453
FR_ndn              		 0.549393
FR_ndt              		 1.03146
FR_ni               		 0.806925
FR_nj               		 0.829453
FR_nt               		 1.14386
FR_ntc              		 0.742493
FR_nti              		 0.173787
FR_ntcg             		 0.197001
FR_ntig             		 0.0305828
FR_pex              		 0.926698
FR_pht              		 0.926698
FR_phttilde         		 0.926698
FR_pi               		 0.980191
FR_pcg              		 0.969491
FR_pig              		 0.970471
FR_pic              		 1.00496
FR_pic4             		 1.02
FR_piex4            		 1.02
FR_piht             		 1.00496
FR_piimc            		 1.00496
FR_piimi            		 1.00496
FR_piimcg           		 1.00496
FR_piimig           		 1.00496
FR_piimc4           		 1.02
FR_pim              		 0.911504
FR_pimc             		 0.908407
FR_pimi             		 0.920151
FR_pimcg            		 0.909121
FR_pimig            		 0.920192
FR_pint             		 1.00496
FR_piw              		 1.00496
FR_piw4             		 1.02
FR_pnt              		 1.15837
FR_pnttilde         		 1.15837
FR_pttc             		 0.919542
FR_ptti             		 0.924102
FR_pttcg            		 0.924896
FR_pttig            		 0.926092
FR_py               		 0.988241
FR_q                		 0.980191
FR_qc               		 2.28322
FR_qi               		 0.755693
FR_qcg              		 1.07669
FR_qig              		 0.167063
FR_r                		 1.01242
FR_reer             		 0.949783
FR_rer              		 0.972972
FR_rerdep           		 1
FR_rk               		 0.0322898
FR_rp               		 0
FR_rr               		 1.00742
FR_rrstar           		 1.00742
FR_sh               		 1
FR_si               		 1
FR_sj               		 1
FR_snt              		 1
FR_t                		 0.738869
FR_tauc             		 0.2135
FR_taud             		 0
FR_tauk             		 0.0662
FR_taun             		 0.2103
FR_tauwf            		 0.2925
FR_tauwh            		 0.1109
FR_tb               		 0.0254557
FR_tby              		 0.005982
FR_ti               		 0.886643
FR_tj               		 0.295548
FR_tot              		 1.02619
FR_tr               		 1.02469
FR_tri              		 0.68313
FR_trj              		 2.04939
FR_try              		 0.2408
FR_ttc              		 1.54766
FR_tti              		 0.583717
FR_ttcg             		 0.881875
FR_ttig             		 0.136815
FR_ty               		 0.173632
FR_u                		 1
FR_utili            		 -21.926
FR_utilj            		 -56.2197
FR_vi               		 2.38
FR_vj               		 2.38
FR_w                		 1.11462
FR_wcst             		 0
FR_whty             		 0.392336
FR_wi               		 1.21821
FR_witilde          		 1.21821
FR_wj               		 0.939226
FR_wjtilde          		 0.939226
FR_wnty             		 0.462153
FR_wy               		 0.414075
FR_y                		 4.30601
FR_ygap             		 0
FR_ygrowth          		 1
FR_ygrowth4         		 1
FR_yhty             		 0.688624
FR_ynty             		 0.311376
FR_yshare           		 0.0400003
FR_ysn              		 1.14386
FR_yst              		 3.16215
FR_zcon             		 1
FR_zinv             		 1
FR_zn               		 1
FR_zt               		 1
FR_grev             		 2.32797
FR_gexp             		 2.32797
FR_grevy            		 0.547066
FR_gexpy            		 0.547066
FR_gbal             		 -2.93099e-14
FR_gbaly            		 -6.88773e-15
FR_br               		 0.0973029
FR_bry              		 0.0228659
FR_gpbal            		 0.0973029
FR_gpbaly           		 0.0228659
FR_tn               		 0.565969
FR_tny              		 0.133001
FR_tc               		 0.487419
FR_tcy              		 0.114542
FR_twf              		 0.515399
FR_twfy             		 0.121117
FR_tk               		 0.0155785
FR_tky              		 0.00366089
FR_lhs              		 16.401
FR_rhs              		 16.401
GRRA_excy           		 0.00466377
GRAT_excy           		 0.00182249
GRBE_excy           		 0.00144169
GRES_excy           		 0.00221985
GRFI_excy           		 0.000600204
GRFR_excy           		 0.00585219
GRIT_excy           		 0.0116077
GRNL_excy           		 0.00213066
GRPT_excy           		 0.000362365
GRDE_excy           		 0.0146018
GRRU_excy           		 0.0091855
GRRW_excy           		 0.0711008
GRUS_excy           		 0.02639
GRRA_exiy           		 0.00111053
GRAT_exiy           		 0.000171091
GRBE_exiy           		 0.000244573
GRES_exiy           		 0.000517794
GRFI_exiy           		 0.000101904
GRFR_exiy           		 0.000612197
GRIT_exiy           		 0.0015702
GRNL_exiy           		 0.00021704
GRPT_exiy           		 7.33677e-05
GRDE_exiy           		 0.00157857
GRRU_exiy           		 0.00184376
GRRW_exiy           		 0.0161714
GRUS_exiy           		 0.00182
GR_fx               		 2.81229
GRRA_gammaimc       		 0
GRAT_gammaimc       		 0
GRBE_gammaimc       		 0
GRES_gammaimc       		 0
GRFI_gammaimc       		 0
GRFR_gammaimc       		 0
GRIT_gammaimc       		 0
GRNL_gammaimc       		 0
GRPT_gammaimc       		 0
GRDE_gammaimc       		 0
GRRU_gammaimc       		 0
GRRW_gammaimc       		 0
GRUS_gammaimc       		 0
GRRA_gammaimcdag    		 1
GRAT_gammaimcdag    		 1
GRBE_gammaimcdag    		 1
GRES_gammaimcdag    		 1
GRFI_gammaimcdag    		 1
GRFR_gammaimcdag    		 1
GRIT_gammaimcdag    		 1
GRNL_gammaimcdag    		 1
GRPT_gammaimcdag    		 1
GRDE_gammaimcdag    		 1
GRRU_gammaimcdag    		 1
GRRW_gammaimcdag    		 1
GRUS_gammaimcdag    		 1
GRRA_gammaimi       		 0
GRAT_gammaimi       		 0
GRBE_gammaimi       		 0
GRES_gammaimi       		 0
GRFI_gammaimi       		 0
GRFR_gammaimi       		 0
GRIT_gammaimi       		 0
GRNL_gammaimi       		 0
GRPT_gammaimi       		 0
GRDE_gammaimi       		 0
GRRU_gammaimi       		 0
GRRW_gammaimi       		 0
GRUS_gammaimi       		 0
GRRA_gammaimidag    		 1
GRAT_gammaimidag    		 1
GRBE_gammaimidag    		 1
GRES_gammaimidag    		 1
GRFI_gammaimidag    		 1
GRFR_gammaimidag    		 1
GRIT_gammaimidag    		 1
GRNL_gammaimidag    		 1
GRPT_gammaimidag    		 1
GRDE_gammaimidag    		 1
GRRU_gammaimidag    		 1
GRRW_gammaimidag    		 1
GRUS_gammaimidag    		 1
GRRA_gammaimcg      		 0
GRAT_gammaimcg      		 0
GRBE_gammaimcg      		 0
GRES_gammaimcg      		 0
GRFI_gammaimcg      		 0
GRFR_gammaimcg      		 0
GRIT_gammaimcg      		 0
GRNL_gammaimcg      		 0
GRPT_gammaimcg      		 0
GRDE_gammaimcg      		 0
GRRU_gammaimcg      		 0
GRRW_gammaimcg      		 0
GRUS_gammaimcg      		 0
GRRA_gammaimcgdag   		 1
GRAT_gammaimcgdag   		 1
GRBE_gammaimcgdag   		 1
GRES_gammaimcgdag   		 1
GRFI_gammaimcgdag   		 1
GRFR_gammaimcgdag   		 1
GRIT_gammaimcgdag   		 1
GRNL_gammaimcgdag   		 1
GRPT_gammaimcgdag   		 1
GRDE_gammaimcgdag   		 1
GRRU_gammaimcgdag   		 1
GRRW_gammaimcgdag   		 1
GRUS_gammaimcgdag   		 1
GRRA_gammaimig      		 0
GRAT_gammaimig      		 0
GRBE_gammaimig      		 0
GRES_gammaimig      		 0
GRFI_gammaimig      		 0
GRFR_gammaimig      		 0
GRIT_gammaimig      		 0
GRNL_gammaimig      		 0
GRPT_gammaimig      		 0
GRDE_gammaimig      		 0
GRRU_gammaimig      		 0
GRRW_gammaimig      		 0
GRUS_gammaimig      		 0
GRRA_gammaimigdag   		 1
GRAT_gammaimigdag   		 1
GRBE_gammaimigdag   		 1
GRES_gammaimigdag   		 1
GRFI_gammaimigdag   		 1
GRFR_gammaimigdag   		 1
GRIT_gammaimigdag   		 1
GRNL_gammaimigdag   		 1
GRPT_gammaimigdag   		 1
GRDE_gammaimigdag   		 1
GRRU_gammaimigdag   		 1
GRRW_gammaimigdag   		 1
GRUS_gammaimigdag   		 1
GR_gx               		 3.37475
GRRA_im             		 0.0331457
GRAT_im             		 0.0103816
GRBE_im             		 0.0223057
GRES_im             		 0.0353929
GRFI_im             		 0.00744634
GRFR_im             		 0.0634845
GRIT_im             		 0.112454
GRNL_im             		 0.0448013
GRPT_im             		 0.00302932
GRDE_im             		 0.109258
GRRU_im             		 0.0748147
GRRW_im             		 0.474587
GRUS_im             		 0.0623975
GRRA_imc            		 0.0214837
GRAT_imc            		 0.00637967
GRBE_imc            		 0.0143358
GRES_imc            		 0.024604
GRFI_imc            		 0.00364937
GRFR_imc            		 0.0417125
GRIT_imc            		 0.0678792
GRNL_imc            		 0.0322797
GRPT_imc            		 0.00221439
GRDE_imc            		 0.0663828
GRRU_imc            		 0.0514388
GRRW_imc            		 0.326434
GRUS_imc            		 0.038695
GRRA_imcy           		 0.004541
GRAT_imcy           		 0.001693
GRBE_imcy           		 0.003727
GRES_imcy           		 0.005911
GRFI_imcy           		 0.00089
GRFR_imcy           		 0.009679
GRIT_imcy           		 0.017634
GRNL_imcy           		 0.006615
GRPT_imcy           		 0.000519
GRDE_imcy           		 0.016232
GRRU_imcy           		 0.012193
GRRW_imcy           		 0.067606
GRUS_imcy           		 0.009214
GRRA_imi            		 0.00588542
GRAT_imi            		 0.00276591
GRBE_imi            		 0.00401188
GRES_imi            		 0.00690127
GRFI_imi            		 0.00276368
GRFR_imi            		 0.0125366
GRIT_imi            		 0.0297438
GRNL_imi            		 0.007915
GRPT_imi            		 0.000537597
GRDE_imi            		 0.0268238
GRRU_imi            		 0.0151199
GRRW_imi            		 0.094701
GRUS_imi            		 0.0164288
GRRA_imiy           		 0.001244
GRAT_imiy           		 0.000734
GRBE_imiy           		 0.001043
GRES_imiy           		 0.001658
GRFI_imiy           		 0.000674
GRFR_imiy           		 0.002909
GRIT_imiy           		 0.007727
GRNL_imiy           		 0.001622
GRPT_imiy           		 0.000126
GRDE_imiy           		 0.006559
GRRU_imiy           		 0.003584
GRRW_imiy           		 0.019613
GRUS_imiy           		 0.003912
GRRA_imcg           		 0.00529877
GRAT_imcg           		 0.00099859
GRBE_imcg           		 0.0036003
GRES_imcg           		 0.00325084
GRFI_imcg           		 0.000762676
GRFR_imcg           		 0.00809772
GRIT_imcg           		 0.0120908
GRNL_imcg           		 0.00391846
GRPT_imcg           		 0.000230399
GRDE_imcg           		 0.0136389
GRRU_imcg           		 0.00697353
GRRW_imcg           		 0.0451029
GRUS_imcg           		 0.00572824
GRRA_imcgy          		 0.00112
GRAT_imcgy          		 0.000265
GRBE_imcgy          		 0.000936
GRES_imcgy          		 0.000781
GRFI_imcgy          		 0.000186
GRFR_imcgy          		 0.001879
GRIT_imcgy          		 0.003141
GRNL_imcgy          		 0.000803
GRPT_imcgy          		 5.4e-05
GRDE_imcgy          		 0.003335
GRRU_imcgy          		 0.001653
GRRW_imcgy          		 0.009341
GRUS_imcgy          		 0.001364
GRRA_imig           		 0.000477836
GRAT_imig           		 0.000237401
GRBE_imig           		 0.000357722
GRES_imig           		 0.000636848
GRFI_imig           		 0.000270627
GRFR_imig           		 0.00113773
GRIT_imig           		 0.00274073
GRNL_imig           		 0.000688049
GRPT_imig           		 4.69331e-05
GRDE_imig           		 0.00241288
GRRU_imig           		 0.00128249
GRRW_imig           		 0.00834845
GRUS_imig           		 0.00154545
GRRA_imigy          		 0.000101
GRAT_imigy          		 6.3e-05
GRBE_imigy          		 9.3e-05
GRES_imigy          		 0.000153
GRFI_imigy          		 6.6e-05
GRFR_imigy          		 0.000264
GRIT_imigy          		 0.000712
GRNL_imigy          		 0.000141
GRPT_imigy          		 1.1e-05
GRDE_imigy          		 0.00059
GRRU_imigy          		 0.000304
GRRW_imigy          		 0.001729
GRUS_imigy          		 0.000368
GR_piex             		 1.00496
GR_pextilde         		 0.893388
GRRA_rer            		 1.01378
GRAT_rer            		 1.23147
GRBE_rer            		 1.18355
GRES_rer            		 1.15193
GRFI_rer            		 1.15863
GRFR_rer            		 1.12339
GRIT_rer            		 1.22552
GRNL_rer            		 1.03933
GRPT_rer            		 1.13405
GRDE_rer            		 1.16332
GRRU_rer            		 1.13813
GRRW_rer            		 0.981574
GRUS_rer            		 1.09303
GR_sx               		 1
GRRA_tot            		 1.06147
GRAT_tot            		 1.33268
GRBE_tot            		 1.30558
GRES_tot            		 1.20648
GRFI_tot            		 1.22473
GRFR_tot            		 1.16528
GRIT_tot            		 1.30461
GRNL_tot            		 1.02912
GRPT_tot            		 1.17701
GRDE_tot            		 1.22796
GRRU_tot            		 1.19038
GRRW_tot            		 1.04005
GRUS_tot            		 1.1958
GRRA_weight         		 0.0296426
GRAT_weight         		 0.0112455
GRBE_weight         		 0.0181504
GRES_weight         		 0.0275545
GRFI_weight         		 0.00619152
GRFR_weight         		 0.0515988
GRIT_weight         		 0.0984466
GRNL_weight         		 0.0281753
GRPT_weight         		 0.00287187
GRDE_weight         		 0.101649
GRRU_weight         		 0.0675925
GRRW_weight         		 0.448895
GRUS_weight         		 0.107986
GRRA_weightex       		 0.0297911
GRAT_weightex       		 0.0107965
GRBE_weightex       		 0.0103895
GRES_weightex       		 0.0173362
GRFI_weightex       		 0.00438783
GRFR_weightex       		 0.0386648
GRIT_weightex       		 0.0680028
GRNL_weightex       		 0.015196
GRPT_weightex       		 0.00272374
GRDE_weightex       		 0.0881563
GRRU_weightex       		 0.0587815
GRRW_weightex       		 0.491763
GRUS_weightex       		 0.164011
GRRA_weightim       		 0.0295223
GRAT_weightim       		 0.0116092
GRBE_weightim       		 0.0244362
GRES_weightim       		 0.0358305
GRFI_weightim       		 0.00765237
GRFR_weightim       		 0.0620744
GRIT_weightim       		 0.123104
GRNL_weightim       		 0.0386875
GRPT_weightim       		 0.00299184
GRDE_weightim       		 0.112578
GRRU_weightim       		 0.0747286
GRRW_weightim       		 0.414176
GRUS_weightim       		 0.0626096
GR_b                		 24.4917
GR_bf               		 15.0963
GR_bfy              		 3.65971
GR_by               		 5.459
GR_c                		 3.01334
GR_ci               		 3.49201
GR_cj               		 1.57733
GR_cy               		 0.671648
GR_d                		 1.95248
GR_dn               		 0.22067
GR_dt               		 1.73181
GR_epsilonm         		 -0.750004
GR_etot             		 1.12885
GR_ex               		 0.965225
GR_fh               		 20.3558
GR_fi               		 25.3463
GR_fj               		 0.938754
GR_fn               		 11.5594
GR_cg               		 0.948289
GR_gammab           		 0
GR_gammai           		 0
GR_gammaider        		 0
GR_gammau           		 0
GR_gammauder        		 0.0327636
GR_gammav           		 0.000304383
GR_gammavi          		 0.000101012
GR_gammavider       		 0.00216513
GR_gammavj          		 0.000101012
GR_gammavjder       		 0.00216513
GR_gh               		 24.4269
GR_gi               		 1.98301
GR_gj               		 2.49223
GR_gn               		 17.3391
GR_cgy              		 0.2016
GR_ht               		 2.37254
GR_htc              		 1.33993
GR_hti              		 0.220002
GR_htcg             		 0.668481
GR_htig             		 0.144128
GR_i                		 0.577373
GR_ig               		 0.200243
GR_ii               		 0.76983
GR_im               		 1.04292
GR_imc              		 0.690566
GR_imcy             		 0.156454
GR_imi              		 0.223801
GR_imiy             		 0.051405
GR_imcg             		 0.10858
GR_imcgy            		 0.024858
GR_imig             		 0.0199749
GR_imigy            		 0.004595
GR_imy              		 0.237312
GR_exy              		 0.192204
GR_internalrer      		 1.18825
GR_iy               		 0.129292
GR_igy              		 0.0425
GR_k                		 23.0949
GR_kd               		 23.0949
GR_kdn              		 11.7014
GR_kdt              		 11.3935
GR_ki               		 30.7932
GR_lambdai          		 0.453588
GR_lambdaj          		 1.71019
GR_lcy              		 0.395366
GR_m                		 1.26611
GR_mcn              		 0.74449
GR_mct              		 0.74449
GR_mi               		 1.46723
GR_mj               		 0.662745
GR_mp               		 0.00625267
GR_mpy              		 0.00139367
GR_nd               		 1.29128
GR_ndi              		 0.528824
GR_ndj              		 0.855614
GR_ndn              		 0.654247
GR_ndt              		 0.63703
GR_ni               		 0.528824
GR_nj               		 0.855614
GR_nt               		 1.34729
GR_ntc              		 0.998125
GR_nti              		 0.136909
GR_ntcg             		 0.175276
GR_ntig             		 0.0369812
GR_pex              		 0.893388
GR_pht              		 0.893388
GR_phttilde         		 0.893388
GR_pi               		 1.00466
GR_pcg              		 0.953798
GR_pig              		 0.952223
GR_pic              		 1.00496
GR_pic4             		 1.02
GR_piex4            		 1.02
GR_piht             		 1.00496
GR_piimc            		 1.00496
GR_piimi            		 1.00496
GR_piimcg           		 1.00496
GR_piimig           		 1.00496
GR_piimc4           		 1.02
GR_pim              		 1.02088
GR_pimc             		 1.01645
GR_pimi             		 1.0305
GR_pimcg            		 1.02712
GR_pimig            		 1.03207
GR_pint             		 1.00496
GR_piw              		 1.00496
GR_piw4             		 1.02
GR_pnt              		 1.11673
GR_pnttilde         		 1.11674
GR_pttc             		 0.939811
GR_ptti             		 0.968624
GR_pttcg            		 0.91507
GR_pttig            		 0.913142
GR_py               		 0.957616
GR_q                		 1.00466
GR_qc               		 3.01364
GR_qi               		 0.577373
GR_qcg              		 0.948289
GR_qig              		 0.200243
GR_r                		 1.01242
GR_reer             		 1.06552
GR_rer              		 1.09303
GR_rerdep           		 1
GR_rk               		 0.0329165
GR_rp               		 0
GR_rr               		 1.00742
GR_rrstar           		 1.00742
GR_sh               		 1
GR_si               		 1
GR_sj               		 1
GR_snt              		 1
GR_t                		 0.637792
GR_tauc             		 0.1927
GR_taud             		 0
GR_tauk             		 0.0447
GR_taun             		 0.1814
GR_tauwf            		 0.1809
GR_tauwh            		 0.2193
GR_tb               		 -0.202376
GR_tby              		 -0.045108
GR_ti               		 0.76535
GR_tj               		 0.255117
GR_tot              		 1.1958
GR_tr               		 0.831794
GR_tri              		 0.55453
GR_trj              		 1.66359
GR_try              		 0.1854
GR_ttc              		 2.02062
GR_tti              		 0.441012
GR_ttcg             		 0.774518
GR_ttig             		 0.163586
GR_ty               		 0.142159
GR_u                		 1
GR_utili            		 29.333
GR_utilj            		 -82.2032
GR_vi               		 2.38
GR_vj               		 2.38
GR_w                		 1.16325
GR_wcst             		 0
GR_whty             		 0.248506
GR_wi               		 1.3377
GR_witilde          		 1.3377
GR_wj               		 0.928773
GR_wjtilde          		 0.928773
GR_wnty             		 0.505829
GR_wy               		 0.334801
GR_y                		 4.68505
GR_ygap             		 0
GR_ygrowth          		 1
GR_ygrowth4         		 1
GR_yhty             		 0.664644
GR_ynty             		 0.335356
GR_yshare           		 0.003855
GR_ysn              		 1.34729
GR_yst              		 3.33776
GR_zcon             		 1
GR_zinv             		 1
GR_zn               		 1
GR_zt               		 1
GR_grev             		 2.10638
GR_gexp             		 2.10638
GR_grevy            		 0.469494
GR_gexpy            		 0.469494
GR_gbal             		 -1.94158e-10
GR_gbaly            		 -4.32762e-11
GR_br               		 0.179432
GR_bry              		 0.0399938
GR_gpbal            		 0.179432
GR_gpbaly           		 0.0399938
GR_tn               		 0.601883
GR_tny              		 0.134155
GR_tc               		 0.580671
GR_tcy              		 0.129427
GR_twf              		 0.271726
GR_twfy             		 0.0605655
GR_tk               		 0.00805211
GR_tky              		 0.00179475
GR_lhs              		 27.5576
GR_rhs              		 27.5576
ITRA_excy           		 0.00331222
ITAT_excy           		 0.00269672
ITBE_excy           		 0.00166726
ITES_excy           		 0.00598176
ITFI_excy           		 0.00048517
ITFR_excy           		 0.0142185
ITGR_excy           		 0.00208885
ITNL_excy           		 0.00164542
ITPT_excy           		 0.00104385
ITDE_excy           		 0.0137374
ITRU_excy           		 0.00681468
ITRW_excy           		 0.0584496
ITUS_excy           		 0.0177779
ITRA_exiy           		 0.00209456
ITAT_exiy           		 0.00117918
ITBE_exiy           		 0.000975653
ITES_exiy           		 0.00340687
ITFI_exiy           		 0.000331014
ITFR_exiy           		 0.00593422
ITGR_exiy           		 0.00091531
ITNL_exiy           		 0.000791206
ITPT_exiy           		 0.000621607
ITDE_exiy           		 0.00563392
ITRU_exiy           		 0.00441381
ITRW_exiy           		 0.0340851
ITUS_exiy           		 0.00677449
IT_fx               		 2.73385
ITRA_gammaimc       		 0
ITAT_gammaimc       		 0
ITBE_gammaimc       		 0
ITES_gammaimc       		 0
ITFI_gammaimc       		 0
ITFR_gammaimc       		 0
ITGR_gammaimc       		 0
ITNL_gammaimc       		 0
ITPT_gammaimc       		 0
ITDE_gammaimc       		 0
ITRU_gammaimc       		 0
ITRW_gammaimc       		 0
ITUS_gammaimc       		 0
ITRA_gammaimcdag    		 1
ITAT_gammaimcdag    		 1
ITBE_gammaimcdag    		 1
ITES_gammaimcdag    		 1
ITFI_gammaimcdag    		 1
ITFR_gammaimcdag    		 1
ITGR_gammaimcdag    		 1
ITNL_gammaimcdag    		 1
ITPT_gammaimcdag    		 1
ITDE_gammaimcdag    		 1
ITRU_gammaimcdag    		 1
ITRW_gammaimcdag    		 1
ITUS_gammaimcdag    		 1
ITRA_gammaimi       		 0
ITAT_gammaimi       		 0
ITBE_gammaimi       		 0
ITES_gammaimi       		 0
ITFI_gammaimi       		 0
ITFR_gammaimi       		 0
ITGR_gammaimi       		 0
ITNL_gammaimi       		 0
ITPT_gammaimi       		 0
ITDE_gammaimi       		 0
ITRU_gammaimi       		 0
ITRW_gammaimi       		 0
ITUS_gammaimi       		 0
ITRA_gammaimidag    		 1
ITAT_gammaimidag    		 1
ITBE_gammaimidag    		 1
ITES_gammaimidag    		 1
ITFI_gammaimidag    		 1
ITFR_gammaimidag    		 1
ITGR_gammaimidag    		 1
ITNL_gammaimidag    		 1
ITPT_gammaimidag    		 1
ITDE_gammaimidag    		 1
ITRU_gammaimidag    		 1
ITRW_gammaimidag    		 1
ITUS_gammaimidag    		 1
ITRA_gammaimcg      		 0
ITAT_gammaimcg      		 0
ITBE_gammaimcg      		 0
ITES_gammaimcg      		 0
ITFI_gammaimcg      		 0
ITFR_gammaimcg      		 0
ITGR_gammaimcg      		 0
ITNL_gammaimcg      		 0
ITPT_gammaimcg      		 0
ITDE_gammaimcg      		 0
ITRU_gammaimcg      		 0
ITRW_gammaimcg      		 0
ITUS_gammaimcg      		 0
ITRA_gammaimcgdag   		 1
ITAT_gammaimcgdag   		 1
ITBE_gammaimcgdag   		 1
ITES_gammaimcgdag   		 1
ITFI_gammaimcgdag   		 1
ITFR_gammaimcgdag   		 1
ITGR_gammaimcgdag   		 1
ITNL_gammaimcgdag   		 1
ITPT_gammaimcgdag   		 1
ITDE_gammaimcgdag   		 1
ITRU_gammaimcgdag   		 1
ITRW_gammaimcgdag   		 1
ITUS_gammaimcgdag   		 1
ITRA_gammaimig      		 0
ITAT_gammaimig      		 0
ITBE_gammaimig      		 0
ITES_gammaimig      		 0
ITFI_gammaimig      		 0
ITFR_gammaimig      		 0
ITGR_gammaimig      		 0
ITNL_gammaimig      		 0
ITPT_gammaimig      		 0
ITDE_gammaimig      		 0
ITRU_gammaimig      		 0
ITRW_gammaimig      		 0
ITUS_gammaimig      		 0
ITRA_gammaimigdag   		 1
ITAT_gammaimigdag   		 1
ITBE_gammaimigdag   		 1
ITES_gammaimigdag   		 1
ITFI_gammaimigdag   		 1
ITFR_gammaimigdag   		 1
ITGR_gammaimigdag   		 1
ITNL_gammaimigdag   		 1
ITPT_gammaimigdag   		 1
ITDE_gammaimigdag   		 1
ITRU_gammaimigdag   		 1
ITRW_gammaimigdag   		 1
ITUS_gammaimigdag   		 1
IT_gx               		 3.28062
ITRA_im             		 0.0581532
ITAT_im             		 0.0193968
ITBE_im             		 0.0229549
ITES_im             		 0.0419051
ITFI_im             		 0.00457328
ITFR_im             		 0.0935029
ITGR_im             		 0.00880767
ITNL_im             		 0.0381287
ITPT_im             		 0.00467299
ITDE_im             		 0.120534
ITRU_im             		 0.0587953
ITRW_im             		 0.401428
ITUS_im             		 0.043709
ITRA_imc            		 0.0379268
ITAT_imc            		 0.0125408
ITBE_imc            		 0.0147123
ITES_imc            		 0.02987
ITFI_imc            		 0.00238851
ITFR_imc            		 0.0628319
ITGR_imc            		 0.00729991
ITNL_imc            		 0.0256289
ITPT_imc            		 0.00333785
ITDE_imc            		 0.0720505
ITRU_imc            		 0.0385784
ITRW_imc            		 0.279827
ITUS_imc            		 0.0279036
ITRA_imcy           		 0.007583
ITAT_imcy           		 0.003148
ITBE_imcy           		 0.003618
ITES_imcy           		 0.006788
ITFI_imcy           		 0.000551
ITFR_imcy           		 0.013791
ITGR_imcy           		 0.001375
ITNL_imcy           		 0.004968
ITPT_imcy           		 0.00074
ITDE_imcy           		 0.016665
ITRU_imcy           		 0.00865
ITRW_imcy           		 0.054819
ITUS_imcy           		 0.006285
ITRA_imi            		 0.0136493
ITAT_imi            		 0.00539796
ITBE_imi            		 0.00562385
ITES_imi            		 0.00924525
ITFI_imi            		 0.0017773
ITFR_imi            		 0.0231855
ITGR_imi            		 0.000987478
ITNL_imi            		 0.0094664
ITPT_imi            		 0.00100587
ITDE_imi            		 0.0392441
ITRU_imi            		 0.0159889
ITRW_imi            		 0.0853433
ITUS_imi            		 0.0106154
ITRA_imiy           		 0.002729
ITAT_imiy           		 0.001355
ITBE_imiy           		 0.001383
ITES_imiy           		 0.002101
ITFI_imiy           		 0.00041
ITFR_imiy           		 0.005089
ITGR_imiy           		 0.000186
ITNL_imiy           		 0.001835
ITPT_imiy           		 0.000223
ITDE_imiy           		 0.009077
ITRU_imiy           		 0.003585
ITRW_imiy           		 0.016719
ITUS_imiy           		 0.002391
ITRA_imcg           		 0.00602688
ITAT_imcg           		 0.00124691
ITBE_imcg           		 0.00239919
ITES_imcg           		 0.00242462
ITFI_imcg           		 0.00033812
ITFR_imcg           		 0.00658343
ITGR_imcg           		 0.000483121
ITNL_imcg           		 0.00266194
ITPT_imcg           		 0.000288679
ITDE_imcg           		 0.00770009
ITRU_imcg           		 0.00358579
ITRW_imcg           		 0.0328836
ITUS_imcg           		 0.00478157
ITRA_imcgy          		 0.001205
ITAT_imcgy          		 0.000313
ITBE_imcgy          		 0.00059
ITES_imcgy          		 0.000551
ITFI_imcgy          		 7.8e-05
ITFR_imcgy          		 0.001445
ITGR_imcgy          		 9.1e-05
ITNL_imcgy          		 0.000516
ITPT_imcgy          		 6.4e-05
ITDE_imcgy          		 0.001781
ITRU_imcgy          		 0.000804
ITRW_imcgy          		 0.006442
ITUS_imcgy          		 0.001077
ITRA_imig           		 0.000550172
ITAT_imig           		 0.000211138
ITBE_imig           		 0.000219586
ITES_imig           		 0.000365234
ITFI_imig           		 6.93579e-05
ITFR_imig           		 0.000902089
ITGR_imig           		 3.71632e-05
ITNL_imig           		 0.000371434
ITPT_imig           		 4.05955e-05
ITDE_imig           		 0.00153915
ITRU_imig           		 0.000642231
ITRW_imig           		 0.00337412
ITUS_imig           		 0.000408454
ITRA_imigy          		 0.00011
ITAT_imigy          		 5.3e-05
ITBE_imigy          		 5.4e-05
ITES_imigy          		 8.3e-05
ITFI_imigy          		 1.6e-05
ITFR_imigy          		 0.000198
ITGR_imigy          		 7e-06
ITNL_imigy          		 7.2e-05
ITPT_imigy          		 9e-06
ITDE_imigy          		 0.000356
ITRU_imigy          		 0.000144
ITRW_imigy          		 0.000661
ITUS_imigy          		 9.2e-05
IT_piex             		 1.00496
IT_pextilde         		 0.951041
ITRA_rer            		 0.827224
ITAT_rer            		 1.00485
ITBE_rer            		 0.965755
ITES_rer            		 0.939949
ITFI_rer            		 0.945414
ITFR_rer            		 0.916665
ITGR_rer            		 0.815978
ITNL_rer            		 0.848067
ITPT_rer            		 0.925359
ITDE_rer            		 0.94924
ITRU_rer            		 0.928686
ITRW_rer            		 0.800943
ITUS_rer            		 0.89189
IT_sx               		 1
ITRA_tot            		 0.813633
ITAT_tot            		 1.02151
ITBE_tot            		 1.00074
ITES_tot            		 0.924787
ITFI_tot            		 0.938768
ITFR_tot            		 0.893203
ITGR_tot            		 0.766513
ITNL_tot            		 0.788834
ITPT_tot            		 0.902192
ITDE_tot            		 0.941244
ITRU_tot            		 0.912443
ITRW_tot            		 0.797214
ITUS_tot            		 0.916598
ITRA_weight         		 0.0424629
ITAT_weight         		 0.0211105
ITBE_weight         		 0.0213795
ITES_weight         		 0.0472691
ITFI_weight         		 0.00506532
ITFR_weight         		 0.100472
ITGR_weight         		 0.0114303
ITNL_weight         		 0.0261789
ITPT_weight         		 0.00657868
ITDE_weight         		 0.118868
ITRU_weight         		 0.0615475
ITRW_weight         		 0.444503
ITUS_weight         		 0.0931347
ITRA_weightex       		 0.0265949
ITAT_weightex       		 0.0174296
ITBE_weightex       		 0.0143553
ITES_weightex       		 0.045395
ITFI_weightex       		 0.0047051
ITFR_weightex       		 0.0951883
ITGR_weightex       		 0.0139494
ITNL_weightex       		 0.0153675
ITPT_weightex       		 0.00765382
ITDE_weightex       		 0.0960042
ITRU_weightex       		 0.0554904
ITRW_weightex       		 0.47725
ITUS_weightex       		 0.130617
ITRA_weightim       		 0.0602823
ITAT_weightim       		 0.0252442
ITBE_weightim       		 0.0292675
ITES_weightim       		 0.0493737
ITFI_weightim       		 0.00546984
ITFR_weightim       		 0.106405
ITGR_weightim       		 0.00860138
ITNL_weightim       		 0.03832
ITPT_weightim       		 0.00537133
ITDE_weightim       		 0.144544
ITRU_weightim       		 0.0683496
ITRW_weightim       		 0.407728
ITUS_weightim       		 0.0510432
IT_b                		 18.5023
IT_bf               		 -8.39227
IT_bfy              		 -1.92445
IT_by               		 4.7807
IT_c                		 2.27589
IT_ci               		 2.50824
IT_cj               		 1.57884
IT_cy               		 0.588055
IT_d                		 1.07528
IT_dn               		 0.181108
IT_dt               		 0.89417
IT_epsilonm         		 -0.750004
IT_etot             		 0.856185
IT_ex               		 0.881424
IT_fh               		 17.2587
IT_fi               		 15.9875
IT_fj               		 0.592128
IT_fn               		 9.48702
IT_cg               		 0.768474
IT_gammab           		 0
IT_gammai           		 0
IT_gammaider        		 0
IT_gammau           		 0
IT_gammauder        		 0.0328325
IT_gammav           		 0.000229892
IT_gammavi          		 0.000101012
IT_gammavider       		 0.00216513
IT_gammavj          		 0.000101012
IT_gammavjder       		 0.00216513
IT_gh               		 20.7104
IT_gi               		 2.54461
IT_gj               		 1.8418
IT_gn               		 14.2305
IT_cgy              		 0.1958
IT_ht               		 1.88962
IT_htc              		 0.955103
IT_hti              		 0.294068
IT_htcg             		 0.560955
IT_htig             		 0.0794926
IT_i                		 0.657149
IT_ig               		 0.107325
IT_ii               		 0.876199
IT_im               		 0.909227
IT_imc              		 0.610003
IT_imcy             		 0.128981
IT_imi              		 0.219731
IT_imiy             		 0.047083
IT_imcg             		 0.0708329
IT_imcgy            		 0.014957
IT_imig             		 0.00865987
IT_imigy            		 0.001855
IT_imy              		 0.192876
IT_exy              		 0.216596
IT_internalrer      		 1.31345
IT_iy               		 0.164966
IT_igy              		 0.0274
IT_k                		 26.286
IT_kd               		 26.286
IT_kdn              		 9.91011
IT_kdt              		 16.3759
IT_ki               		 35.048
IT_lambdai          		 0.759545
IT_lambdaj          		 1.64929
IT_lcy              		 0.505515
IT_m                		 0.956256
IT_mcn              		 0.792534
IT_mct              		 0.792534
IT_mi               		 1.05388
IT_mj               		 0.663379
IT_mp               		 0.00472246
IT_mpy              		 0.00122021
IT_nd               		 1.34363
IT_ndi              		 0.62352
IT_ndj              		 0.787771
IT_ndn              		 0.506565
IT_ndt              		 0.837068
IT_ni               		 0.62352
IT_nj               		 0.787771
IT_nt               		 1.03872
IT_ntc              		 0.730649
IT_nti              		 0.148519
IT_ntcg             		 0.139979
IT_ntig             		 0.0195689
IT_pex              		 0.951041
IT_pht              		 0.951041
IT_phttilde         		 0.951041
IT_pi               		 0.971545
IT_pcg              		 0.986091
IT_pig              		 0.988063
IT_pic              		 1.00496
IT_pic4             		 1.02
IT_piex4            		 1.02
IT_piht             		 1.00496
IT_piimc            		 1.00496
IT_piimi            		 1.00496
IT_piimcg           		 1.00496
IT_piimig           		 1.00496
IT_piimc4           		 1.02
IT_pim              		 0.820992
IT_pimc             		 0.818327
IT_pimi             		 0.82929
IT_pimcg            		 0.817227
IT_pimig            		 0.829021
IT_pint             		 1.00496
IT_piw              		 1.00496
IT_piw4             		 1.02
IT_pnt              		 1.1888
IT_pnttilde         		 1.1888
IT_pttc             		 0.905096
IT_ptti             		 0.903994
IT_pttcg            		 0.938372
IT_pttig            		 0.940778
IT_py               		 1.01586
IT_q                		 0.971545
IT_qc               		 2.27612
IT_qi               		 0.657149
IT_qcg              		 0.768474
IT_qig              		 0.107325
IT_r                		 1.01242
IT_reer             		 0.862547
IT_rer              		 0.89189
IT_rerdep           		 1
IT_rk               		 0.0318983
IT_rp               		 0
IT_rr               		 1.00742
IT_rrstar           		 1.00742
IT_sh               		 1
IT_si               		 1
IT_sj               		 1
IT_snt              		 1
IT_t                		 0.184843
IT_tauc             		 0.1874
IT_taud             		 0
IT_tauk             		 0.0531
IT_taun             		 0.3814
IT_tauwf            		 0.3089
IT_tauwh            		 0.0831
IT_tb               		 0.0918011
IT_tby              		 0.02372
IT_ti               		 0.221811
IT_tj               		 0.0739371
IT_tot              		 0.916598
IT_tr               		 0.783328
IT_tri              		 0.522219
IT_trj              		 1.56666
IT_try              		 0.2024
IT_ttc              		 1.55511
IT_tti              		 0.510945
IT_ttcg             		 0.630217
IT_ttig             		 0.0879909
IT_ty               		 0.0477605
IT_u                		 1
IT_utili            		 -13.774
IT_utilj            		 -77.1975
IT_vi               		 2.38
IT_vj               		 2.38
IT_w                		 1.11245
IT_wcst             		 0
IT_whty             		 0.353345
IT_wi               		 1.24288
IT_witilde          		 1.24288
IT_wj               		 0.913668
IT_wjtilde          		 0.913668
IT_wnty             		 0.456363
IT_wy               		 0.386214
IT_y                		 3.80976
IT_ygap             		 0
IT_ygrowth          		 1
IT_ygrowth4         		 1
IT_yhty             		 0.68094
IT_ynty             		 0.31906
IT_yshare           		 0.0325437
IT_ysn              		 1.03872
IT_yst              		 2.77104
IT_zcon             		 1
IT_zinv             		 1
IT_zn               		 1
IT_zt               		 1
IT_grev             		 1.78271
IT_gexp             		 1.78271
IT_grevy            		 0.460624
IT_gexpy            		 0.460624
IT_gbal             		 -2.10942e-14
IT_gbaly            		 -5.45043e-15
IT_br               		 0.135552
IT_bry              		 0.0350245
IT_gpbal            		 0.135552
IT_gpbaly           		 0.0350245
IT_tn               		 0.6943
IT_tny              		 0.179396
IT_tc               		 0.426502
IT_tcy              		 0.110201
IT_twf              		 0.46172
IT_twfy             		 0.119301
IT_tk               		 0.0106214
IT_tky              		 0.00274441
IT_lhs              		 21.0096
IT_rhs              		 21.0096
NLRA_excy           		 0.00498604
NLAT_excy           		 0.00236335
NLBE_excy           		 0.0163371
NLES_excy           		 0.00708736
NLFI_excy           		 0.00166617
NLFR_excy           		 0.0188285
NLGR_excy           		 0.00216396
NLIT_excy           		 0.0137197
NLPT_excy           		 0.00182288
NLDE_excy           		 0.0455764
NLRU_excy           		 0.0154641
NLRW_excy           		 0.0993323
NLUS_excy           		 0.0188688
NLRA_exiy           		 0.0024728
NLAT_exiy           		 0.00113982
NLBE_exiy           		 0.00659787
NLES_exiy           		 0.00296341
NLFI_exiy           		 0.00075357
NLFR_exiy           		 0.00577381
NLGR_exiy           		 0.000530603
NLIT_exiy           		 0.00506755
NLPT_exiy           		 0.000777389
NLDE_exiy           		 0.0118059
NLRU_exiy           		 0.00685889
NLRW_exiy           		 0.041097
NLUS_exiy           		 0.0069155
NL_fx               		 5.69686
NLRA_gammaimc       		 0
NLAT_gammaimc       		 0
NLBE_gammaimc       		 0
NLES_gammaimc       		 0
NLFI_gammaimc       		 0
NLFR_gammaimc       		 0
NLGR_gammaimc       		 0
NLIT_gammaimc       		 0
NLPT_gammaimc       		 0
NLDE_gammaimc       		 0
NLRU_gammaimc       		 0
NLRW_gammaimc       		 0
NLUS_gammaimc       		 0
NLRA_gammaimcdag    		 1
NLAT_gammaimcdag    		 1
NLBE_gammaimcdag    		 1
NLES_gammaimcdag    		 1
NLFI_gammaimcdag    		 1
NLFR_gammaimcdag    		 1
NLGR_gammaimcdag    		 1
NLIT_gammaimcdag    		 1
NLPT_gammaimcdag    		 1
NLDE_gammaimcdag    		 1
NLRU_gammaimcdag    		 1
NLRW_gammaimcdag    		 1
NLUS_gammaimcdag    		 1
NLRA_gammaimi       		 0
NLAT_gammaimi       		 0
NLBE_gammaimi       		 0
NLES_gammaimi       		 0
NLFI_gammaimi       		 0
NLFR_gammaimi       		 0
NLGR_gammaimi       		 0
NLIT_gammaimi       		 0
NLPT_gammaimi       		 0
NLDE_gammaimi       		 0
NLRU_gammaimi       		 0
NLRW_gammaimi       		 0
NLUS_gammaimi       		 0
NLRA_gammaimidag    		 1
NLAT_gammaimidag    		 1
NLBE_gammaimidag    		 1
NLES_gammaimidag    		 1
NLFI_gammaimidag    		 1
NLFR_gammaimidag    		 1
NLGR_gammaimidag    		 1
NLIT_gammaimidag    		 1
NLPT_gammaimidag    		 1
NLDE_gammaimidag    		 1
NLRU_gammaimidag    		 1
NLRW_gammaimidag    		 1
NLUS_gammaimidag    		 1
NLRA_gammaimcg      		 0
NLAT_gammaimcg      		 0
NLBE_gammaimcg      		 0
NLES_gammaimcg      		 0
NLFI_gammaimcg      		 0
NLFR_gammaimcg      		 0
NLGR_gammaimcg      		 0
NLIT_gammaimcg      		 0
NLPT_gammaimcg      		 0
NLDE_gammaimcg      		 0
NLRU_gammaimcg      		 0
NLRW_gammaimcg      		 0
NLUS_gammaimcg      		 0
NLRA_gammaimcgdag   		 1
NLAT_gammaimcgdag   		 1
NLBE_gammaimcgdag   		 1
NLES_gammaimcgdag   		 1
NLFI_gammaimcgdag   		 1
NLFR_gammaimcgdag   		 1
NLGR_gammaimcgdag   		 1
NLIT_gammaimcgdag   		 1
NLPT_gammaimcgdag   		 1
NLDE_gammaimcgdag   		 1
NLRU_gammaimcgdag   		 1
NLRW_gammaimcgdag   		 1
NLUS_gammaimcgdag   		 1
NLRA_gammaimig      		 0
NLAT_gammaimig      		 0
NLBE_gammaimig      		 0
NLES_gammaimig      		 0
NLFI_gammaimig      		 0
NLFR_gammaimig      		 0
NLGR_gammaimig      		 0
NLIT_gammaimig      		 0
NLPT_gammaimig      		 0
NLDE_gammaimig      		 0
NLRU_gammaimig      		 0
NLRW_gammaimig      		 0
NLUS_gammaimig      		 0
NLRA_gammaimigdag   		 1
NLAT_gammaimigdag   		 1
NLBE_gammaimigdag   		 1
NLES_gammaimigdag   		 1
NLFI_gammaimigdag   		 1
NLFR_gammaimigdag   		 1
NLGR_gammaimigdag   		 1
NLIT_gammaimigdag   		 1
NLPT_gammaimigdag   		 1
NLDE_gammaimigdag   		 1
NLRU_gammaimigdag   		 1
NLRW_gammaimigdag   		 1
NLUS_gammaimigdag   		 1
NL_gx               		 6.83623
NLRA_im             		 0.0478223
NLAT_im             		 0.0139118
NLBE_im             		 0.0928445
NLES_im             		 0.0325104
NLFI_im             		 0.00881199
NLFR_im             		 0.0849552
NLGR_im             		 0.00438836
NLIT_im             		 0.0308826
NLPT_im             		 0.00632424
NLDE_im             		 0.17479
NLRU_im             		 0.0763059
NLRW_im             		 0.557012
NLUS_im             		 0.147193
NLRA_imc            		 0.0271663
NLAT_imc            		 0.00895842
NLBE_imc            		 0.0558178
NLES_imc            		 0.0209444
NLFI_imc            		 0.00428844
NLFR_imc            		 0.0536198
NLGR_imc            		 0.00371651
NLIT_imc            		 0.0185721
NLPT_imc            		 0.00457556
NLDE_imc            		 0.0961037
NLRU_imc            		 0.0409862
NLRW_imc            		 0.349279
NLUS_imc            		 0.0814848
NLRA_imcy           		 0.005408
NLAT_imcy           		 0.002239
NLBE_imcy           		 0.013667
NLES_imcy           		 0.004739
NLFI_imcy           		 0.000985
NLFR_imcy           		 0.011718
NLGR_imcy           		 0.000697
NLIT_imcy           		 0.004544
NLPT_imcy           		 0.00101
NLDE_imcy           		 0.022132
NLRU_imcy           		 0.00915
NLRW_imcy           		 0.068128
NLUS_imcy           		 0.018274
NLRA_imi            		 0.0138996
NLAT_imi            		 0.0033249
NLBE_imi            		 0.0247049
NLES_imi            		 0.00817179
NLFI_imi            		 0.00314341
NLFR_imi            		 0.0214196
NLGR_imi            		 0.000378582
NLIT_imi            		 0.00893045
NLPT_imi            		 0.00108726
NLDE_imi            		 0.0587078
NLRU_imi            		 0.0255637
NLRW_imi            		 0.137593
NLUS_imi            		 0.0429451
NLRA_imiy           		 0.002767
NLAT_imiy           		 0.000831
NLBE_imiy           		 0.006049
NLES_imiy           		 0.001849
NLFI_imiy           		 0.000722
NLFR_imiy           		 0.004681
NLGR_imiy           		 7.1e-05
NLIT_imiy           		 0.002185
NLPT_imiy           		 0.00024
NLDE_imiy           		 0.01352
NLRU_imiy           		 0.005707
NLRW_imiy           		 0.026838
NLUS_imiy           		 0.009631
NLRA_imcg           		 0.00604309
NLAT_imcg           		 0.0014604
NLBE_imcg           		 0.0110802
NLES_imcg           		 0.00298321
NLFI_imcg           		 0.0012234
NLFR_imcg           		 0.00886342
NLGR_imcg           		 0.000261275
NLIT_imcg           		 0.00293867
NLPT_imcg           		 0.000607054
NLDE_imcg           		 0.0170392
NLRU_imcg           		 0.00845703
NLRW_imcg           		 0.0631468
NLUS_imcg           		 0.0206231
NLRA_imcgy          		 0.001203
NLAT_imcgy          		 0.000365
NLBE_imcgy          		 0.002713
NLES_imcgy          		 0.000675
NLFI_imcgy          		 0.000281
NLFR_imcgy          		 0.001937
NLGR_imcgy          		 4.9e-05
NLIT_imcgy          		 0.000719
NLPT_imcgy          		 0.000134
NLDE_imcgy          		 0.003924
NLRU_imcgy          		 0.001888
NLRW_imcgy          		 0.012317
NLUS_imcgy          		 0.004625
NLRA_imig           		 0.000713315
NLAT_imig           		 0.000168045
NLBE_imig           		 0.00124157
NLES_imig           		 0.00041102
NLFI_imig           		 0.000156735
NLFR_imig           		 0.00105245
NLGR_imig           		 3.19929e-05
NLIT_imig           		 0.000441413
NLPT_imig           		 5.43631e-05
NLDE_imig           		 0.00293973
NLRU_imig           		 0.00129901
NLRW_imig           		 0.00699296
NLUS_imig           		 0.00214035
NLRA_imigy          		 0.000142
NLAT_imigy          		 4.2e-05
NLBE_imigy          		 0.000304
NLES_imigy          		 9.3e-05
NLFI_imigy          		 3.6e-05
NLFR_imigy          		 0.00023
NLGR_imigy          		 6e-06
NLIT_imigy          		 0.000108
NLPT_imigy          		 1.2e-05
NLDE_imigy          		 0.000677
NLRU_imigy          		 0.00029
NLRW_imigy          		 0.001364
NLUS_imigy          		 0.00048
NL_piex             		 1.00496
NL_pextilde         		 0.884615
NLRA_rer            		 0.975422
NLAT_rer            		 1.18487
NLBE_rer            		 1.13877
NLES_rer            		 1.10834
NLFI_rer            		 1.11479
NLFR_rer            		 1.08089
NLGR_rer            		 0.962162
NLIT_rer            		 1.17915
NLPT_rer            		 1.09114
NLDE_rer            		 1.1193
NLRU_rer            		 1.09506
NLRW_rer            		 0.944434
NLUS_rer            		 1.05167
NL_sx               		 1
NLRA_tot            		 1.03144
NLAT_tot            		 1.29497
NLBE_tot            		 1.26864
NLES_tot            		 1.17235
NLFI_tot            		 1.19007
NLFR_tot            		 1.13231
NLGR_tot            		 0.971704
NLIT_tot            		 1.26769
NLPT_tot            		 1.1437
NLDE_tot            		 1.19321
NLRU_tot            		 1.1567
NLRW_tot            		 1.01062
NLUS_tot            		 1.16197
NLRA_weight         		 0.0282512
NLAT_weight         		 0.0117301
NLBE_weight         		 0.0677047
NLES_weight         		 0.0288103
NLFI_weight         		 0.00740448
NLFR_weight         		 0.0701356
NLGR_weight         		 0.00547661
NLIT_weight         		 0.0428252
NLPT_weight         		 0.00619086
NLDE_weight         		 0.150665
NLRU_weight         		 0.0634241
NLRW_weight         		 0.415528
NLUS_weight         		 0.101854
NLRA_weightex       		 0.0234639
NLAT_weightex       		 0.0109908
NLBE_weightex       		 0.0564468
NLES_weightex       		 0.0301008
NLFI_weightex       		 0.00738599
NLFR_weightex       		 0.071549
NLGR_weightex       		 0.00723149
NLIT_weightex       		 0.0536078
NLPT_weightex       		 0.00695275
NLDE_weightex       		 0.152731
NLRU_weightex       		 0.0640578
NLRW_weightex       		 0.427443
NLUS_weightex       		 0.0880389
NLRA_weightim       		 0.0349491
NLAT_weightim       		 0.0127645
NLBE_weightim       		 0.0834557
NLES_weightim       		 0.0270048
NLFI_weightim       		 0.00743036
NLFR_weightim       		 0.0681581
NLGR_weightim       		 0.00302134
NLIT_weightim       		 0.027739
NLPT_weightim       		 0.00512489
NLDE_weightim       		 0.147774
NLRU_weightim       		 0.0625376
NLRW_weightim       		 0.398857
NLUS_weightim       		 0.121184
NL_b                		 10.4543
NL_bf               		 -38.6322
NL_bfy              		 -8.82044
NL_by               		 2.2809
NL_c                		 1.93783
NL_ci               		 2.0158
NL_cj               		 1.70393
NL_cy               		 0.422791
NL_d                		 1.16449
NL_dn               		 0.178351
NL_dt               		 0.986143
NL_epsilonm         		 -0.750004
NL_etot             		 1.10623
NL_ex               		 1.97465
NL_fh               		 15.5636
NL_fi               		 122.338
NL_fj               		 4.53104
NL_fn               		 9.34262
NL_cg               		 1.26628
NL_gammab           		 0
NL_gammai           		 0
NL_gammaider        		 0
NL_gammau           		 0
NL_gammauder        		 0.0330353
NL_gammav           		 0.000195744
NL_gammavi          		 0.000101012
NL_gammavider       		 0.00216513
NL_gammavj          		 0.000101012
NL_gammavjder       		 0.00216513
NL_gh               		 18.6763
NL_gi               		 10.3362
NL_gj               		 4.12804
NL_gn               		 14.0139
NL_cgy              		 0.2596
NL_ht               		 1.83198
NL_htc              		 0.541553
NL_hti              		 0.256319
NL_htcg             		 0.893496
NL_htig             		 0.140609
NL_i                		 0.785566
NL_ig               		 0.193038
NL_ii               		 1.04742
NL_im               		 1.26616
NL_imc              		 0.758428
NL_imcy             		 0.162691
NL_imi              		 0.346816
NL_imiy             		 0.075091
NL_imcg             		 0.143424
NL_imcgy            		 0.03083
NL_imig             		 0.0174883
NL_imigy            		 0.003784
NL_imy              		 0.272396
NL_exy              		 0.381113
NL_internalrer      		 1.16982
NL_iy               		 0.169349
NL_igy              		 0.0395
NL_k                		 31.4227
NL_kd               		 31.4227
NL_kdn              		 9.53707
NL_kdt              		 21.8856
NL_ki               		 41.8969
NL_lambdai          		 1.29665
NL_lambdaj          		 1.55356
NL_lcy              		 0.522154
NL_m                		 0.814216
NL_mcn              		 0.737179
NL_mct              		 0.737179
NL_mi               		 0.846976
NL_mj               		 0.715936
NL_mp               		 0.004021
NL_mpy              		 0.00087729
NL_nd               		 1.76522
NL_ndi              		 0.925036
NL_ndj              		 0.895275
NL_ndn              		 0.535762
NL_ndt              		 1.22946
NL_ni               		 0.925036
NL_nj               		 0.895275
NL_nt               		 1.09971
NL_ntc              		 0.645054
NL_nti              		 0.185646
NL_ntcg             		 0.233459
NL_ntig             		 0.035556
NL_pex              		 0.884615
NL_pht              		 0.884615
NL_phttilde         		 0.884615
NL_pi               		 0.988077
NL_pcg              		 0.939651
NL_pig              		 0.937875
NL_pic              		 1.00496
NL_pic4             		 1.02
NL_piex4            		 1.02
NL_piht             		 1.00496
NL_piimc            		 1.00496
NL_piimi            		 1.00496
NL_piimcg           		 1.00496
NL_piimig           		 1.00496
NL_piimc4           		 1.02
NL_pim              		 0.986061
NL_pimc             		 0.983195
NL_pimi             		 0.992384
NL_pimcg            		 0.98524
NL_pimig            		 0.99173
NL_pint             		 1.00496
NL_piw              		 1.00496
NL_piw4             		 1.02
NL_pnt              		 1.10577
NL_pnttilde         		 1.10577
NL_pttc             		 0.94525
NL_ptti             		 0.950317
NL_pttcg            		 0.900233
NL_pttig            		 0.898061
NL_py               		 0.934184
NL_q                		 0.988077
NL_qc               		 1.93803
NL_qi               		 0.785566
NL_qcg              		 1.26628
NL_qig              		 0.193038
NL_r                		 1.01242
NL_reer             		 1.03129
NL_rer              		 1.05167
NL_rerdep           		 1
NL_rk               		 0.0326414
NL_rp               		 0
NL_rr               		 1.00742
NL_rrstar           		 1.00742
NL_sh               		 1
NL_si               		 1
NL_sj               		 1
NL_snt              		 1
NL_t                		 0.901667
NL_tauc             		 0.2372
NL_taud             		 0
NL_tauk             		 0.077
NL_taun             		 0.1753
NL_tauwf            		 0.1098
NL_tauwh            		 0.1781
NL_tb               		 0.498297
NL_tby              		 0.108717
NL_ti               		 1.082
NL_tj               		 0.360667
NL_tot              		 1.16197
NL_tr               		 0.935936
NL_tri              		 0.623958
NL_trj              		 1.87187
NL_try              		 0.2042
NL_ttc              		 1.29569
NL_tti              		 0.600766
NL_ttcg             		 1.03496
NL_ttig             		 0.157816
NL_ty               		 0.196723
NL_u                		 1
NL_utili            		 -56.1971
NL_utilj            		 -75.2484
NL_vi               		 2.38
NL_vj               		 2.38
NL_w                		 1.22164
NL_wcst             		 0
NL_whty             		 0.446031
NL_wi               		 1.3271
NL_witilde          		 1.3271
NL_wj               		 1.03751
NL_wjtilde          		 1.03751
NL_wnty             		 0.538235
NL_wy               		 0.470494
NL_y                		 4.90634
NL_ygap             		 0
NL_ygrowth          		 1
NL_ygrowth4         		 1
NL_yhty             		 0.73469
NL_ynty             		 0.26531
NL_yshare           		 0.0117843
NL_ysn              		 1.09971
NL_yst              		 3.80663
NL_zcon             		 1
NL_zinv             		 1
NL_zn               		 1
NL_zt               		 1
NL_grev             		 2.38343
NL_gexp             		 2.38343
NL_grevy            		 0.52001
NL_gexpy            		 0.52001
NL_gbal             		 5.32907e-15
NL_gbaly            		 1.16268e-15
NL_br               		 0.0765908
NL_bry              		 0.0167104
NL_gpbal            		 0.0765908
NL_gpbaly           		 0.0167104
NL_tn               		 0.762098
NL_tny              		 0.166272
NL_tc               		 0.459654
NL_tcy              		 0.100286
NL_twf              		 0.236781
NL_twfy             		 0.0516602
NL_tk               		 0.01921
NL_tky              		 0.00419119
NL_lhs              		 13.5197
NL_rhs              		 13.5197
PTRA_excy           		 0.00304562
PTAT_excy           		 0.00149486
PTBE_excy           		 0.00277871
PTES_excy           		 0.0277326
PTFI_excy           		 0.000936226
PTFR_excy           		 0.0224751
PTGR_excy           		 0.000580065
PTIT_excy           		 0.00698206
PTNL_excy           		 0.00345073
PTDE_excy           		 0.0158179
PTRU_excy           		 0.00570596
PTRW_excy           		 0.0648279
PTUS_excy           		 0.0156472
PTRA_exiy           		 0.000907429
PTAT_exiy           		 0.000688398
PTBE_exiy           		 0.00135647
PTES_exiy           		 0.00995278
PTFI_exiy           		 0.000261224
PTFR_exiy           		 0.00596089
PTGR_exiy           		 0.000140825
PTIT_exiy           		 0.00210405
PTNL_exiy           		 0.000819976
PTDE_exiy           		 0.00594692
PTRU_exiy           		 0.00188959
PTRW_exiy           		 0.0203147
PTUS_exiy           		 0.0039118
PT_fx               		 3.27918
PTRA_gammaimc       		 0
PTAT_gammaimc       		 0
PTBE_gammaimc       		 0
PTES_gammaimc       		 0
PTFI_gammaimc       		 0
PTFR_gammaimc       		 0
PTGR_gammaimc       		 0
PTIT_gammaimc       		 0
PTNL_gammaimc       		 0
PTDE_gammaimc       		 0
PTRU_gammaimc       		 0
PTRW_gammaimc       		 0
PTUS_gammaimc       		 0
PTRA_gammaimcdag    		 1
PTAT_gammaimcdag    		 1
PTBE_gammaimcdag    		 1
PTES_gammaimcdag    		 1
PTFI_gammaimcdag    		 1
PTFR_gammaimcdag    		 1
PTGR_gammaimcdag    		 1
PTIT_gammaimcdag    		 1
PTNL_gammaimcdag    		 1
PTDE_gammaimcdag    		 1
PTRU_gammaimcdag    		 1
PTRW_gammaimcdag    		 1
PTUS_gammaimcdag    		 1
PTRA_gammaimi       		 0
PTAT_gammaimi       		 0
PTBE_gammaimi       		 0
PTES_gammaimi       		 0
PTFI_gammaimi       		 0
PTFR_gammaimi       		 0
PTGR_gammaimi       		 0
PTIT_gammaimi       		 0
PTNL_gammaimi       		 0
PTDE_gammaimi       		 0
PTRU_gammaimi       		 0
PTRW_gammaimi       		 0
PTUS_gammaimi       		 0
PTRA_gammaimidag    		 1
PTAT_gammaimidag    		 1
PTBE_gammaimidag    		 1
PTES_gammaimidag    		 1
PTFI_gammaimidag    		 1
PTFR_gammaimidag    		 1
PTGR_gammaimidag    		 1
PTIT_gammaimidag    		 1
PTNL_gammaimidag    		 1
PTDE_gammaimidag    		 1
PTRU_gammaimidag    		 1
PTRW_gammaimidag    		 1
PTUS_gammaimidag    		 1
PTRA_gammaimcg      		 0
PTAT_gammaimcg      		 0
PTBE_gammaimcg      		 0
PTES_gammaimcg      		 0
PTFI_gammaimcg      		 0
PTFR_gammaimcg      		 0
PTGR_gammaimcg      		 0
PTIT_gammaimcg      		 0
PTNL_gammaimcg      		 0
PTDE_gammaimcg      		 0
PTRU_gammaimcg      		 0
PTRW_gammaimcg      		 0
PTUS_gammaimcg      		 0
PTRA_gammaimcgdag   		 1
PTAT_gammaimcgdag   		 1
PTBE_gammaimcgdag   		 1
PTES_gammaimcgdag   		 1
PTFI_gammaimcgdag   		 1
PTFR_gammaimcgdag   		 1
PTGR_gammaimcgdag   		 1
PTIT_gammaimcgdag   		 1
PTNL_gammaimcgdag   		 1
PTDE_gammaimcgdag   		 1
PTRU_gammaimcgdag   		 1
PTRW_gammaimcgdag   		 1
PTUS_gammaimcgdag   		 1
PTRA_gammaimig      		 0
PTAT_gammaimig      		 0
PTBE_gammaimig      		 0
PTES_gammaimig      		 0
PTFI_gammaimig      		 0
PTFR_gammaimig      		 0
PTGR_gammaimig      		 0
PTIT_gammaimig      		 0
PTNL_gammaimig      		 0
PTDE_gammaimig      		 0
PTRU_gammaimig      		 0
PTRW_gammaimig      		 0
PTUS_gammaimig      		 0
PTRA_gammaimigdag   		 1
PTAT_gammaimigdag   		 1
PTBE_gammaimigdag   		 1
PTES_gammaimigdag   		 1
PTFI_gammaimigdag   		 1
PTFR_gammaimigdag   		 1
PTGR_gammaimigdag   		 1
PTIT_gammaimigdag   		 1
PTNL_gammaimigdag   		 1
PTDE_gammaimigdag   		 1
PTRU_gammaimigdag   		 1
PTRW_gammaimigdag   		 1
PTUS_gammaimigdag   		 1
PT_gx               		 3.93502
PTRA_im             		 0.0291428
PTAT_im             		 0.00639837
PTBE_im             		 0.0235784
PTES_im             		 0.341211
PTFI_im             		 0.00539911
PTFR_im             		 0.117138
PTGR_im             		 0.00272613
PTIT_im             		 0.0672026
PTNL_im             		 0.0489356
PTDE_im             		 0.138427
PTRU_im             		 0.0421576
PTRW_im             		 0.382842
PTUS_im             		 0.0382946
PTRA_imc            		 0.0175612
PTAT_imc            		 0.00359542
PTBE_imc            		 0.0147878
PTES_imc            		 0.233434
PTFI_imc            		 0.00259123
PTFR_imc            		 0.0781086
PTGR_imc            		 0.00210703
PTIT_imc            		 0.039276
PTNL_imc            		 0.0314846
PTDE_imc            		 0.0805236
PTRU_imc            		 0.0264327
PTRW_imc            		 0.269213
PTUS_imc            		 0.0245465
PTRA_imcy           		 0.003583
PTAT_imcy           		 0.000921
PTBE_imcy           		 0.003711
PTES_imcy           		 0.054134
PTFI_imcy           		 0.00061
PTFR_imcy           		 0.017495
PTGR_imcy           		 0.000405
PTIT_imcy           		 0.009849
PTNL_imcy           		 0.006228
PTDE_imcy           		 0.019006
PTRU_imcy           		 0.006048
PTRW_imcy           		 0.053819
PTUS_imcy           		 0.005642
PTRA_imi            		 0.00698917
PTAT_imi            		 0.00226812
PTBE_imi            		 0.00602111
PTES_imi            		 0.0856478
PTFI_imi            		 0.00239583
PTFR_imi            		 0.0304934
PTGR_imi            		 0.000426608
PTIT_imi            		 0.0233885
PTNL_imi            		 0.0134269
PTDE_imi            		 0.0480532
PTRU_imi            		 0.0123641
PTRW_imi            		 0.0793096
PTUS_imi            		 0.0104111
PTRA_imiy           		 0.001426
PTAT_imiy           		 0.000581
PTBE_imiy           		 0.001511
PTES_imiy           		 0.019862
PTFI_imiy           		 0.000564
PTFR_imiy           		 0.00683
PTGR_imiy           		 8.2e-05
PTIT_imiy           		 0.005865
PTNL_imiy           		 0.002656
PTDE_imiy           		 0.011342
PTRU_imiy           		 0.002829
PTRW_imiy           		 0.015855
PTUS_imiy           		 0.002393
PTRA_imcg           		 0.00431799
PTAT_imcg           		 0.00044894
PTBE_imcg           		 0.00254234
PTES_imcg           		 0.0188527
PTFI_imcg           		 0.000322842
PTFR_imcg           		 0.00739341
PTGR_imcg           		 0.000176886
PTIT_imcg           		 0.0036648
PTNL_imcg           		 0.00351345
PTDE_imcg           		 0.00802863
PTRU_imcg           		 0.00288452
PTRW_imcg           		 0.0313137
PTUS_imcg           		 0.00294975
PTRA_imcgy          		 0.000881
PTAT_imcgy          		 0.000115
PTBE_imcgy          		 0.000638
PTES_imcgy          		 0.004372
PTFI_imcgy          		 7.6e-05
PTFR_imcgy          		 0.001656
PTGR_imcgy          		 3.4e-05
PTIT_imcgy          		 0.000919
PTNL_imcgy          		 0.000695
PTDE_imcgy          		 0.001895
PTRU_imcgy          		 0.00066
PTRW_imcgy          		 0.00626
PTUS_imcgy          		 0.000678
PTRA_imig           		 0.00027447
PTAT_imig           		 8.58842e-05
PTBE_imig           		 0.000227137
PTES_imig           		 0.00327723
PTFI_imig           		 8.92063e-05
PTFR_imig           		 0.00114294
PTGR_imig           		 1.56076e-05
PTIT_imig           		 0.000873331
PTNL_imig           		 0.000510588
PTDE_imig           		 0.0018218
PTRU_imig           		 0.000476382
PTRW_imig           		 0.00300631
PTUS_imig           		 0.000387209
PTRA_imigy          		 5.6e-05
PTAT_imigy          		 2.2e-05
PTBE_imigy          		 5.7e-05
PTES_imigy          		 0.00076
PTFI_imigy          		 2.1e-05
PTFR_imigy          		 0.000256
PTGR_imigy          		 3e-06
PTIT_imigy          		 0.000219
PTNL_imigy          		 0.000101
PTDE_imigy          		 0.00043
PTRU_imigy          		 0.000109
PTRW_imigy          		 0.000601
PTUS_imigy          		 8.9e-05
PT_piex             		 1.00496
PT_pextilde         		 0.927231
PTRA_rer            		 0.893949
PTAT_rer            		 1.0859
PTBE_rer            		 1.04365
PTES_rer            		 1.01577
PTFI_rer            		 1.02167
PTFR_rer            		 0.990605
PTGR_rer            		 0.881796
PTIT_rer            		 1.08066
PTNL_rer            		 0.916474
PTDE_rer            		 1.02581
PTRU_rer            		 1.0036
PTRW_rer            		 0.865549
PTUS_rer            		 0.963831
PT_sx               		 1
PTRA_tot            		 0.90184
PTAT_tot            		 1.13226
PTBE_tot            		 1.10923
PTES_tot            		 1.02504
PTFI_tot            		 1.04054
PTFR_tot            		 0.990036
PTGR_tot            		 0.849612
PTIT_tot            		 1.10841
PTNL_tot            		 0.874352
PTDE_tot            		 1.04329
PTRU_tot            		 1.01136
PTRW_tot            		 0.883641
PTUS_tot            		 1.01597
PTRA_weight         		 0.0203591
PTAT_weight         		 0.00771945
PTBE_weight         		 0.0199517
PTES_weight         		 0.219796
PTFI_weight         		 0.00505355
PTFR_weight         		 0.104327
PTGR_weight         		 0.00257553
PTIT_weight         		 0.052441
PTNL_weight         		 0.0284976
PTDE_weight         		 0.107538
PTRU_weight         		 0.0359066
PTRW_weight         		 0.33319
PTUS_weight         		 0.0626455
PTRA_weightex       		 0.0189312
PTAT_weightex       		 0.00968696
PTBE_weightex       		 0.0181856
PTES_weightex       		 0.143502
PTFI_weightex       		 0.0055344
PTFR_weightex       		 0.114261
PTGR_weightex       		 0.00332507
PTIT_weightex       		 0.0425009
PTNL_weightex       		 0.0209672
PTDE_weightex       		 0.0948355
PTRU_weightex       		 0.0368154
PTRW_weightex       		 0.394503
PTUS_weightex       		 0.0969508
PTRA_weightim       		 0.0216336
PTAT_weightim       		 0.00596325
PTBE_weightim       		 0.0215281
PTES_weightim       		 0.287895
PTFI_weightim       		 0.00462434
PTFR_weightim       		 0.0954593
PTGR_weightim       		 0.00190649
PTIT_weightim       		 0.0613134
PTNL_weightim       		 0.0352192
PTDE_weightim       		 0.118876
PTRU_weightim       		 0.0350955
PTRW_weightim       		 0.278461
PTUS_weightim       		 0.0320247
PT_b                		 14.8164
PT_bf               		 10.2349
PT_bfy              		 2.39502
PT_by               		 3.6151
PT_c                		 2.5875
PT_ci               		 2.92094
PT_cj               		 1.58718
PT_cy               		 0.63133
PT_d                		 0.98591
PT_dn               		 0.20085
PT_dt               		 0.78506
PT_epsilonm         		 -0.750004
PT_etot             		 0.971811
PT_ex               		 1.08439
PT_fh               		 16.5525
PT_fi               		 116.495
PT_fj               		 4.31463
PT_fn               		 10.5212
PT_cg               		 0.809951
PT_gammab           		 0
PT_gammai           		 0
PT_gammaider        		 0
PT_gammau           		 0
PT_gammauder        		 0.0330336
PT_gammav           		 0.000261368
PT_gammavi          		 0.000101012
PT_gammavider       		 0.00216513
PT_gammavj          		 0.000101012
PT_gammavjder       		 0.00216513
PT_gh               		 19.863
PT_gi               		 4.86196
PT_gj               		 4.76916
PT_gn               		 15.7818
PT_cgy              		 0.1915
PT_ht               		 1.85884
PT_htc              		 0.937204
PT_hti              		 0.237674
PT_htcg             		 0.577861
PT_htig             		 0.106099
PT_i                		 0.720492
PT_ig               		 0.144332
PT_ii               		 0.960657
PT_im               		 1.23403
PT_imc              		 0.817386
PT_imcy             		 0.181451
PT_imi              		 0.318848
PT_imiy             		 0.071796
PT_imcg             		 0.0857
PT_imcgy            		 0.018879
PT_imig             		 0.0120992
PT_imigy            		 0.002724
PT_imy              		 0.27485
PT_exy              		 0.24533
PT_internalrer      		 1.26089
PT_iy               		 0.172426
PT_igy              		 0.0342
PT_k                		 28.8197
PT_kd               		 28.8197
PT_kdn              		 10.82
PT_kdt              		 17.9997
PT_ki               		 38.4263
PT_lambdai          		 0.556597
PT_lambdaj          		 1.63792
PT_lcy              		 0.531612
PT_m                		 1.08719
PT_mcn              		 0.772693
PT_mct              		 0.772693
PT_mi               		 1.22729
PT_mj               		 0.666884
PT_mp               		 0.00536905
PT_mpy              		 0.00131001
PT_nd               		 1.52925
PT_ndi              		 0.663408
PT_ndj              		 0.960511
PT_ndn              		 0.574141
PT_ndt              		 0.955111
PT_ni               		 0.663408
PT_nj               		 0.960511
PT_nt               		 1.18152
PT_ntc              		 0.841285
PT_nti              		 0.165699
PT_ntcg             		 0.148118
PT_ntig             		 0.0264233
PT_pex              		 0.927231
PT_pht              		 0.927231
PT_phttilde         		 0.927231
PT_pi               		 0.980836
PT_pcg              		 0.969022
PT_pig              		 0.97115
PT_pic              		 1.00496
PT_pic4             		 1.02
PT_piex4            		 1.02
PT_piht             		 1.00496
PT_piimc            		 1.00496
PT_piimi            		 1.00496
PT_piimcg           		 1.00496
PT_piimig           		 1.00496
PT_piimc4           		 1.02
PT_pim              		 0.912835
PT_pimc             		 0.909821
PT_pimi             		 0.922869
PT_pimcg            		 0.902863
PT_pimig            		 0.922728
PT_pint             		 1.00496
PT_piw              		 1.00496
PT_piw4             		 1.02
PT_pnt              		 1.15904
PT_pnttilde         		 1.15904
PT_pttc             		 0.919223
PT_ptti             		 0.924738
PT_pttcg            		 0.924174
PT_pttig            		 0.926773
PT_py               		 0.993632
PT_q                		 0.980836
PT_qc               		 2.58776
PT_qi               		 0.720492
PT_qcg              		 0.809951
PT_qig              		 0.144332
PT_r                		 1.01242
PT_reer             		 0.956455
PT_rer              		 0.963831
PT_rerdep           		 1
PT_rk               		 0.0324005
PT_rp               		 0
PT_rr               		 1.00742
PT_rrstar           		 1.00742
PT_sh               		 1
PT_si               		 1
PT_sj               		 1
PT_snt              		 1
PT_t                		 0.369853
PT_tauc             		 0.2036
PT_taud             		 0
PT_tauk             		 0.0768
PT_taun             		 0.1795
PT_tauwf            		 0.1325
PT_tauwh            		 0.1003
PT_tb               		 -0.120987
PT_tby              		 -0.02952
PT_ti               		 0.443823
PT_tj               		 0.147941
PT_tot              		 1.01597
PT_tr               		 0.679119
PT_tri              		 0.452746
PT_trj              		 1.35824
PT_try              		 0.1657
PT_ttc              		 1.75439
PT_tti              		 0.556518
PT_ttcg             		 0.663497
PT_ttig             		 0.118198
PT_ty               		 0.0902413
PT_u                		 1
PT_utili            		 -0.253553
PT_utilj            		 -94.0669
PT_vi               		 2.38
PT_vj               		 2.38
PT_w                		 1.25806
PT_wcst             		 0
PT_whty             		 0.440294
PT_wi               		 1.42761
PT_witilde          		 1.42761
PT_wj               		 1.01696
PT_wjtilde          		 1.01696
PT_wnty             		 0.527447
PT_wy               		 0.469414
PT_y                		 4.12475
PT_ygap             		 0
PT_ygrowth          		 1
PT_ygrowth4         		 1
PT_yhty             		 0.665869
PT_ynty             		 0.334131
PT_yshare           		 0.00344917
PT_ysn              		 1.18152
PT_yst              		 2.94323
PT_zcon             		 1
PT_zinv             		 1
PT_zn               		 1
PT_zt               		 1
PT_grev             		 1.7127
PT_gexp             		 1.7127
PT_grevy            		 0.417885
PT_gexpy            		 0.417885
PT_gbal             		 7.10898e-12
PT_gbaly            		 1.73454e-12
PT_br               		 0.108548
PT_bry              		 0.026485
PT_gpbal            		 0.108548
PT_gpbaly           		 0.026485
PT_tn               		 0.538304
PT_tny              		 0.131342
PT_tc               		 0.526815
PT_tcy              		 0.128539
PT_twf              		 0.254915
PT_twfy             		 0.0621974
PT_tk               		 0.0174404
PT_tky              		 0.00425532
PT_lhs              		 17.4292
PT_rhs              		 17.4292
DERA_excy           		 0.00340536
DEAT_excy           		 0.00559903
DEBE_excy           		 0.00309826
DEES_excy           		 0.00509753
DEFI_excy           		 0.0010134
DEFR_excy           		 0.0126474
DEGR_excy           		 0.0011928
DEIT_excy           		 0.0103381
DENL_excy           		 0.00497159
DEPT_excy           		 0.00124961
DERU_excy           		 0.0129197
DERW_excy           		 0.0641804
DEUS_excy           		 0.0190375
DERA_exiy           		 0.00271993
DEAT_exiy           		 0.00402495
DEBE_exiy           		 0.00229113
DEES_exiy           		 0.00363393
DEFI_exiy           		 0.000780571
DEFR_exiy           		 0.00679682
DEGR_exiy           		 0.000481983
DEIT_exiy           		 0.00563092
DENL_exiy           		 0.00303705
DEPT_exiy           		 0.000745718
DERU_exiy           		 0.00985485
DERW_exiy           		 0.0502444
DEUS_exiy           		 0.0110439
DE_fx               		 3.57787
DERA_gammaimc       		 0
DEAT_gammaimc       		 0
DEBE_gammaimc       		 0
DEES_gammaimc       		 0
DEFI_gammaimc       		 0
DEFR_gammaimc       		 0
DEGR_gammaimc       		 0
DEIT_gammaimc       		 0
DENL_gammaimc       		 0
DEPT_gammaimc       		 0
DERU_gammaimc       		 0
DERW_gammaimc       		 0
DEUS_gammaimc       		 0
DERA_gammaimcdag    		 1
DEAT_gammaimcdag    		 1
DEBE_gammaimcdag    		 1
DEES_gammaimcdag    		 1
DEFI_gammaimcdag    		 1
DEFR_gammaimcdag    		 1
DEGR_gammaimcdag    		 1
DEIT_gammaimcdag    		 1
DENL_gammaimcdag    		 1
DEPT_gammaimcdag    		 1
DERU_gammaimcdag    		 1
DERW_gammaimcdag    		 1
DEUS_gammaimcdag    		 1
DERA_gammaimi       		 0
DEAT_gammaimi       		 0
DEBE_gammaimi       		 0
DEES_gammaimi       		 0
DEFI_gammaimi       		 0
DEFR_gammaimi       		 0
DEGR_gammaimi       		 0
DEIT_gammaimi       		 0
DENL_gammaimi       		 0
DEPT_gammaimi       		 0
DERU_gammaimi       		 0
DERW_gammaimi       		 0
DEUS_gammaimi       		 0
DERA_gammaimidag    		 1
DEAT_gammaimidag    		 1
DEBE_gammaimidag    		 1
DEES_gammaimidag    		 1
DEFI_gammaimidag    		 1
DEFR_gammaimidag    		 1
DEGR_gammaimidag    		 1
DEIT_gammaimidag    		 1
DENL_gammaimidag    		 1
DEPT_gammaimidag    		 1
DERU_gammaimidag    		 1
DERW_gammaimidag    		 1
DEUS_gammaimidag    		 1
DERA_gammaimcg      		 0
DEAT_gammaimcg      		 0
DEBE_gammaimcg      		 0
DEES_gammaimcg      		 0
DEFI_gammaimcg      		 0
DEFR_gammaimcg      		 0
DEGR_gammaimcg      		 0
DEIT_gammaimcg      		 0
DENL_gammaimcg      		 0
DEPT_gammaimcg      		 0
DERU_gammaimcg      		 0
DERW_gammaimcg      		 0
DEUS_gammaimcg      		 0
DERA_gammaimcgdag   		 1
DEAT_gammaimcgdag   		 1
DEBE_gammaimcgdag   		 1
DEES_gammaimcgdag   		 1
DEFI_gammaimcgdag   		 1
DEFR_gammaimcgdag   		 1
DEGR_gammaimcgdag   		 1
DEIT_gammaimcgdag   		 1
DENL_gammaimcgdag   		 1
DEPT_gammaimcgdag   		 1
DERU_gammaimcgdag   		 1
DERW_gammaimcgdag   		 1
DEUS_gammaimcgdag   		 1
DERA_gammaimig      		 0
DEAT_gammaimig      		 0
DEBE_gammaimig      		 0
DEES_gammaimig      		 0
DEFI_gammaimig      		 0
DEFR_gammaimig      		 0
DEGR_gammaimig      		 0
DEIT_gammaimig      		 0
DENL_gammaimig      		 0
DEPT_gammaimig      		 0
DERU_gammaimig      		 0
DERW_gammaimig      		 0
DEUS_gammaimig      		 0
DERA_gammaimigdag   		 1
DEAT_gammaimigdag   		 1
DEBE_gammaimigdag   		 1
DEES_gammaimigdag   		 1
DEFI_gammaimigdag   		 1
DEFR_gammaimigdag   		 1
DEGR_gammaimigdag   		 1
DEIT_gammaimigdag   		 1
DENL_gammaimigdag   		 1
DEPT_gammaimigdag   		 1
DERU_gammaimigdag   		 1
DERW_gammaimigdag   		 1
DEUS_gammaimigdag   		 1
DE_gx               		 4.29344
DERA_im             		 0.0581366
DEAT_im             		 0.0389273
DEBE_im             		 0.0284759
DEES_im             		 0.0335949
DEFI_im             		 0.00750483
DEFR_im             		 0.0707519
DEGR_im             		 0.00655706
DEIT_im             		 0.0516762
DENL_im             		 0.0713235
DEPT_im             		 0.0067986
DERU_im             		 0.112516
DERW_im             		 0.456686
DEUS_im             		 0.0724489
DERA_imc            		 0.0346854
DEAT_imc            		 0.024605
DEBE_imc            		 0.0184672
DEES_imc            		 0.0237239
DEFI_imc            		 0.00409742
DEFR_imc            		 0.0425541
DEGR_imc            		 0.00559723
DEIT_imc            		 0.0340749
DENL_imc            		 0.0518947
DEPT_imc            		 0.00460922
DERU_imc            		 0.0690672
DERW_imc            		 0.291985
DEUS_imc            		 0.0403992
DERA_imcy           		 0.007058
DEAT_imcy           		 0.006286
DEBE_imcy           		 0.004622
DEES_imcy           		 0.005487
DEFI_imcy           		 0.000962
DEFR_imcy           		 0.009506
DEGR_imcy           		 0.001073
DEIT_imcy           		 0.008522
DENL_imcy           		 0.010238
DEPT_imcy           		 0.00104
DERU_imcy           		 0.015761
DERW_imcy           		 0.058216
DEUS_imcy           		 0.009261
DERA_imi            		 0.0157308
DEAT_imi            		 0.011414
DEBE_imi            		 0.0073637
DEES_imi            		 0.00753182
DEFI_imi            		 0.00264075
DEFR_imi            		 0.0217202
DEGR_imi            		 0.000605106
DEIT_imi            		 0.0139746
DENL_imi            		 0.0134425
DEPT_imi            		 0.00173289
DERU_imi            		 0.0346585
DERW_imi            		 0.120599
DEUS_imi            		 0.0216239
DERA_imiy           		 0.003201
DEAT_imiy           		 0.002916
DEBE_imiy           		 0.001843
DEES_imiy           		 0.001742
DEFI_imiy           		 0.00062
DEFR_imiy           		 0.004852
DEGR_imiy           		 0.000116
DEIT_imiy           		 0.003495
DENL_imiy           		 0.002652
DEPT_imiy           		 0.000391
DERU_imiy           		 0.007909
DERW_imiy           		 0.024045
DEUS_imiy           		 0.004957
DERA_imcg           		 0.00722899
DEAT_imcg           		 0.00255209
DEBE_imcg           		 0.00241328
DEES_imcg           		 0.00210562
DEFI_imcg           		 0.000685742
DEFR_imcg           		 0.00580161
DEGR_imcg           		 0.000333852
DEIT_imcg           		 0.00319078
DENL_imcg           		 0.00557065
DEPT_imcg           		 0.000403307
DERU_imcg           		 0.00771259
DERW_imcg           		 0.0403451
DEUS_imcg           		 0.00974972
DERA_imcgy          		 0.001471
DEAT_imcgy          		 0.000652
DEBE_imcgy          		 0.000604
DEES_imcgy          		 0.000487
DEFI_imcgy          		 0.000161
DEFR_imcgy          		 0.001296
DEGR_imcgy          		 6.4e-05
DEIT_imcgy          		 0.000798
DENL_imcgy          		 0.001099
DEPT_imcgy          		 9.1e-05
DERU_imcgy          		 0.00176
DERW_imcgy          		 0.008044
DEUS_imcgy          		 0.002235
DERA_imig           		 0.000491434
DEAT_imig           		 0.000356197
DEBE_imig           		 0.000231739
DEES_imig           		 0.000233478
DEFI_imig           		 8.09261e-05
DEFR_imig           		 0.000675959
DEGR_imig           		 2.08657e-05
DEIT_imig           		 0.000435833
DENL_imig           		 0.000415644
DEPT_imig           		 5.31833e-05
DERU_imig           		 0.00107801
DERW_imig           		 0.00375664
DEUS_imig           		 0.000676155
DERA_imigy          		 0.0001
DEAT_imigy          		 9.1e-05
DEBE_imigy          		 5.8e-05
DEES_imigy          		 5.4e-05
DEFI_imigy          		 1.9e-05
DEFR_imigy          		 0.000151
DEGR_imigy          		 4e-06
DEIT_imigy          		 0.000109
DENL_imigy          		 8.2e-05
DEPT_imigy          		 1.2e-05
DERU_imigy          		 0.000246
DERW_imigy          		 0.000749
DEUS_imigy          		 0.000155
DE_piex             		 1.00496
DE_pextilde         		 0.94303
DERA_rer            		 0.871459
DEAT_rer            		 1.05859
DEBE_rer            		 1.0174
DEES_rer            		 0.990213
DEFI_rer            		 0.995969
DEFR_rer            		 0.965684
DEGR_rer            		 0.859612
DEIT_rer            		 1.05347
DENL_rer            		 0.893418
DEPT_rer            		 0.974842
DERU_rer            		 0.978347
DERW_rer            		 0.843773
DEUS_rer            		 0.939583
DE_sx               		 1
DERA_tot            		 0.864423
DEAT_tot            		 1.08528
DEBE_tot            		 1.06321
DEES_tot            		 0.982515
DEFI_tot            		 0.99737
DEFR_tot            		 0.94896
DEGR_tot            		 0.814362
DEIT_tot            		 1.06242
DENL_tot            		 0.838076
DEPT_tot            		 0.95851
DERU_tot            		 0.969401
DERW_tot            		 0.846979
DEUS_tot            		 0.973816
DERA_weight         		 0.0381981
DEAT_weight         		 0.0392067
DEBE_weight         		 0.0260781
DEES_weight         		 0.0354659
DEFI_weight         		 0.00779703
DEFR_weight         		 0.0750052
DEGR_weight         		 0.00630139
DEIT_weight         		 0.0610203
DENL_weight         		 0.0464469
DEPT_weight         		 0.00720138
DERU_weight         		 0.099856
DERW_weight         		 0.45156
DEUS_weight         		 0.105863
DERA_weightex       		 0.0253184
DEAT_weightex       		 0.0340108
DEBE_weightex       		 0.020752
DEES_weightex       		 0.0352431
DEFI_weightex       		 0.00755159
DEFR_weightex       		 0.076825
DEGR_weightex       		 0.00671289
DEIT_weightex       		 0.0622601
DENL_weightex       		 0.0319312
DEPT_weightex       		 0.00731572
DERU_weightex       		 0.0853555
DERW_weightex       		 0.47748
DEUS_weightex       		 0.129243
DERA_weightim       		 0.0544251
DEAT_weightim       		 0.045753
DEBE_weightim       		 0.0327885
DEES_weightim       		 0.0357467
DEFI_weightim       		 0.00810626
DEFR_weightim       		 0.0727125
DEGR_weightim       		 0.00578295
DEIT_weightim       		 0.0594581
DENL_weightim       		 0.064735
DEPT_weightim       		 0.00705732
DERU_weightim       		 0.118125
DERW_weightim       		 0.418903
DEUS_weightim       		 0.0764067
DE_b                		 10.4878
DE_bf               		 -19.6376
DE_bfy              		 -4.58307
DE_by               		 2.618
DE_c                		 2.07574
DE_ci               		 2.1292
DE_cj               		 1.91536
DE_cy               		 0.518151
DE_d                		 0.657493
DE_dn               		 0.176737
DE_dt               		 0.480756
DE_epsilonm         		 -0.750004
DE_etot             		 0.911787
DE_ex               		 1.16334
DE_fh               		 16.3642
DE_fi               		 113.357
DE_fj               		 4.19841
DE_fn               		 9.2581
DE_cg               		 0.858796
DE_gammab           		 0
DE_gammai           		 0
DE_gammaider        		 0
DE_gammau           		 0
DE_gammauder        		 0.0327353
DE_gammav           		 0.000209674
DE_gammavi          		 0.000101012
DE_gammavider       		 0.00216513
DE_gammavj          		 0.000101012
DE_gammavjder       		 0.00216513
DE_gh               		 19.637
DE_gi               		 8.74073
DE_gj               		 3.39661
DE_gn               		 13.8871
DE_cgy              		 0.2102
DE_ht               		 1.8069
DE_htc              		 0.778471
DE_hti              		 0.340483
DE_htcg             		 0.617428
DE_htig             		 0.070515
DE_i                		 0.786125
DE_ig               		 0.0962508
DE_ii               		 1.04817
DE_im               		 1.00563
DE_imc              		 0.639441
DE_imcy             		 0.138032
DE_imi              		 0.270442
DE_imiy             		 0.058739
DE_imcg             		 0.0873185
DE_imcgy            		 0.018762
DE_imig             		 0.0084251
DE_imigy            		 0.00183
DE_imy              		 0.217363
DE_exy              		 0.273852
DE_internalrer      		 1.29563
DE_iy               		 0.191508
DE_igy              		 0.0236
DE_k                		 31.445
DE_kd               		 31.445
DE_kdn              		 9.65628
DE_kdt              		 21.7887
DE_ki               		 41.9267
DE_lambdai          		 1.13155
DE_lambdaj          		 1.31915
DE_lcy              		 0.585112
DE_m                		 0.87216
DE_mcn              		 0.785858
DE_mct              		 0.785858
DE_mi               		 0.894621
DE_mj               		 0.804775
DE_mp               		 0.00430715
DE_mpy              		 0.00107516
DE_nd               		 1.64316
DE_ndi              		 0.865618
DE_ndj              		 0.827553
DE_ndn              		 0.504588
DE_ndt              		 1.13857
DE_ni               		 0.865618
DE_nj               		 0.827553
DE_nt               		 1.02226
DE_ntc              		 0.669217
DE_nti              		 0.178821
DE_ntcg             		 0.156651
DE_ntig             		 0.0175723
DE_pex              		 0.94303
DE_pht              		 0.94303
DE_phttilde         		 0.94303
DE_pi               		 0.975914
DE_pcg              		 0.980526
DE_pig              		 0.982255
DE_pic              		 1.00496
DE_pic4             		 1.02
DE_piex4            		 1.02
DE_piht             		 1.00496
DE_piimc            		 1.00496
DE_piimi            		 1.00496
DE_piimcg           		 1.00496
DE_piimig           		 1.00496
DE_piimc4           		 1.02
DE_pim              		 0.865896
DE_pimc             		 0.864761
DE_pimi             		 0.870101
DE_pimcg            		 0.860775
DE_pimig            		 0.870147
DE_pint             		 1.00496
DE_piw              		 1.00496
DE_piw4             		 1.02
DE_pnt              		 1.17879
DE_pnttilde         		 1.17879
DE_pttc             		 0.909817
DE_ptti             		 0.912543
DE_pttcg            		 0.933811
DE_pttig            		 0.935921
DE_py               		 1.00339
DE_q                		 0.975914
DE_qc               		 2.07595
DE_qi               		 0.786125
DE_qcg              		 0.858796
DE_qig              		 0.0962508
DE_r                		 1.01242
DE_reer             		 0.91005
DE_rer              		 0.939583
DE_rerdep           		 1
DE_rk               		 0.0319468
DE_rp               		 0
DE_rr               		 1.00742
DE_rrstar           		 1.00742
DE_sh               		 1
DE_si               		 1
DE_sj               		 1
DE_snt              		 1
DE_t                		 0.531265
DE_tauc             		 0.1921
DE_taud             		 0
DE_tauk             		 0.0412
DE_taun             		 0.2146
DE_tauwf            		 0.1553
DE_tauwh            		 0.1427
DE_tb               		 0.226298
DE_tby              		 0.056489
DE_ti               		 0.637519
DE_tj               		 0.212506
DE_tot              		 0.973816
DE_tr               		 0.970666
DE_tri              		 0.647111
DE_trj              		 1.94133
DE_try              		 0.2423
DE_ttc              		 1.41466
DE_tti              		 0.609722
DE_ttcg             		 0.704012
DE_ttig             		 0.0788836
DE_ty               		 0.132616
DE_u                		 1
DE_utili            		 -46.313
DE_utilj            		 -55.368
DE_vi               		 2.38
DE_vj               		 2.38
DE_w                		 1.23476
DE_wcst             		 0
DE_whty             		 0.501909
DE_wi               		 1.33972
DE_witilde          		 1.33972
DE_wj               		 1.05035
DE_wjtilde          		 1.05035
DE_wnty             		 0.517037
DE_wy               		 0.506459
DE_y                		 3.9925
DE_ygap             		 0
DE_ygrowth          		 1
DE_ygrowth4         		 1
DE_yhty             		 0.699198
DE_ynty             		 0.300802
DE_yshare           		 0.0524602
DE_ysn              		 1.02226
DE_yst              		 2.97024
DE_zcon             		 1
DE_zinv             		 1
DE_zn               		 1
DE_zt               		 1
DE_grev             		 1.98412
DE_gexp             		 1.98412
DE_grevy            		 0.49528
DE_gexpy            		 0.49528
DE_gbal             		 -3.70814e-14
DE_gbaly            		 -9.25636e-15
DE_br               		 0.0768362
DE_bry              		 0.01918
DE_gpbal            		 0.0768362
DE_gpbaly           		 0.01918
DE_tn               		 0.724927
DE_tny              		 0.180958
DE_tc               		 0.39875
DE_tcy              		 0.0995368
DE_twf              		 0.315089
DE_twfy             		 0.0786531
DE_tk               		 0.00977996
DE_tky              		 0.0024413
DE_lhs              		 13.2112
DE_rhs              		 13.2112
RURA_excy           		 0.00663235
RUAT_excy           		 0.00472734
RUBE_excy           		 0.00290719
RUES_excy           		 0.00440871
RUFI_excy           		 0.00353738
RUFR_excy           		 0.010641
RUGR_excy           		 0.00183184
RUIT_excy           		 0.0109707
RUNL_excy           		 0.00420221
RUPT_excy           		 0.000812978
RUDE_excy           		 0.032223
RURW_excy           		 0.0796127
RUUS_excy           		 0.0167949
RURA_exiy           		 0.0034732
RUAT_exiy           		 0.00255142
RUBE_exiy           		 0.00229829
RUES_exiy           		 0.00270114
RUFI_exiy           		 0.00205852
RUFR_exiy           		 0.00504456
RUGR_exiy           		 0.000538448
RUIT_exiy           		 0.00454682
RUNL_exiy           		 0.00262099
RUPT_exiy           		 0.000380277
RUDE_exiy           		 0.0161698
RURW_exiy           		 0.0438924
RUUS_exiy           		 0.00724591
RU_fx               		 4.23163
RURA_gammaimc       		 0
RUAT_gammaimc       		 0
RUBE_gammaimc       		 0
RUES_gammaimc       		 0
RUFI_gammaimc       		 0
RUFR_gammaimc       		 0
RUGR_gammaimc       		 0
RUIT_gammaimc       		 0
RUNL_gammaimc       		 0
RUPT_gammaimc       		 0
RUDE_gammaimc       		 0
RURW_gammaimc       		 0
RUUS_gammaimc       		 0
RURA_gammaimcdag    		 1
RUAT_gammaimcdag    		 1
RUBE_gammaimcdag    		 1
RUES_gammaimcdag    		 1
RUFI_gammaimcdag    		 1
RUFR_gammaimcdag    		 1
RUGR_gammaimcdag    		 1
RUIT_gammaimcdag    		 1
RUNL_gammaimcdag    		 1
RUPT_gammaimcdag    		 1
RUDE_gammaimcdag    		 1
RURW_gammaimcdag    		 1
RUUS_gammaimcdag    		 1
RURA_gammaimi       		 0
RUAT_gammaimi       		 0
RUBE_gammaimi       		 0
RUES_gammaimi       		 0
RUFI_gammaimi       		 0
RUFR_gammaimi       		 0
RUGR_gammaimi       		 0
RUIT_gammaimi       		 0
RUNL_gammaimi       		 0
RUPT_gammaimi       		 0
RUDE_gammaimi       		 0
RURW_gammaimi       		 0
RUUS_gammaimi       		 0
RURA_gammaimidag    		 1
RUAT_gammaimidag    		 1
RUBE_gammaimidag    		 1
RUES_gammaimidag    		 1
RUFI_gammaimidag    		 1
RUFR_gammaimidag    		 1
RUGR_gammaimidag    		 1
RUIT_gammaimidag    		 1
RUNL_gammaimidag    		 1
RUPT_gammaimidag    		 1
RUDE_gammaimidag    		 1
RURW_gammaimidag    		 1
RUUS_gammaimidag    		 1
RURA_gammaimcg      		 0
RUAT_gammaimcg      		 0
RUBE_gammaimcg      		 0
RUES_gammaimcg      		 0
RUFI_gammaimcg      		 0
RUFR_gammaimcg      		 0
RUGR_gammaimcg      		 0
RUIT_gammaimcg      		 0
RUNL_gammaimcg      		 0
RUPT_gammaimcg      		 0
RUDE_gammaimcg      		 0
RURW_gammaimcg      		 0
RUUS_gammaimcg      		 0
RURA_gammaimcgdag   		 1
RUAT_gammaimcgdag   		 1
RUBE_gammaimcgdag   		 1
RUES_gammaimcgdag   		 1
RUFI_gammaimcgdag   		 1
RUFR_gammaimcgdag   		 1
RUGR_gammaimcgdag   		 1
RUIT_gammaimcgdag   		 1
RUNL_gammaimcgdag   		 1
RUPT_gammaimcgdag   		 1
RUDE_gammaimcgdag   		 1
RURW_gammaimcgdag   		 1
RUUS_gammaimcgdag   		 1
RURA_gammaimig      		 0
RUAT_gammaimig      		 0
RUBE_gammaimig      		 0
RUES_gammaimig      		 0
RUFI_gammaimig      		 0
RUFR_gammaimig      		 0
RUGR_gammaimig      		 0
RUIT_gammaimig      		 0
RUNL_gammaimig      		 0
RUPT_gammaimig      		 0
RUDE_gammaimig      		 0
RURW_gammaimig      		 0
RUUS_gammaimig      		 0
RURA_gammaimigdag   		 1
RUAT_gammaimigdag   		 1
RUBE_gammaimigdag   		 1
RUES_gammaimigdag   		 1
RUFI_gammaimigdag   		 1
RUFR_gammaimigdag   		 1
RUGR_gammaimigdag   		 1
RUIT_gammaimigdag   		 1
RUNL_gammaimigdag   		 1
RUPT_gammaimigdag   		 1
RUDE_gammaimigdag   		 1
RURW_gammaimigdag   		 1
RUUS_gammaimigdag   		 1
RU_gx               		 5.07796
RURA_im             		 0.0801042
RUAT_im             		 0.034129
RUBE_im             		 0.028353
RUES_im             		 0.0308801
RUFI_im             		 0.0265621
RUFR_im             		 0.0686894
RUGR_im             		 0.00990675
RUIT_im             		 0.0659256
RUNL_im             		 0.0615732
RUPT_im             		 0.00525709
RUDE_im             		 0.229335
RURW_im             		 0.494795
RUUS_im             		 0.0659222
RURA_imc            		 0.0470186
RUAT_imc            		 0.0192901
RUBE_imc            		 0.0160923
RUES_imc            		 0.0193879
RUFI_imc            		 0.012977
RUFR_imc            		 0.037492
RUGR_imc            		 0.00750346
RUIT_imc            		 0.0360219
RUNL_imc            		 0.037523
RUPT_imc            		 0.00354322
RUDE_imc            		 0.116959
RURW_imc            		 0.294953
RUUS_imc            		 0.03513
RURA_imcy           		 0.009179
RUAT_imcy           		 0.004728
RUBE_imcy           		 0.003864
RUES_imcy           		 0.004302
RUFI_imcy           		 0.002923
RUFR_imcy           		 0.008035
RUGR_imcy           		 0.00138
RUIT_imcy           		 0.008643
RUNL_imcy           		 0.007102
RUPT_imcy           		 0.000767
RUDE_imcy           		 0.026414
RURW_imcy           		 0.056419
RUUS_imcy           		 0.007726
RURA_imi            		 0.0223439
RUAT_imi            		 0.0109221
RUBE_imi            		 0.00804197
RUES_imi            		 0.00820224
RUFI_imi            		 0.0102777
RUFR_imi            		 0.0226492
RUGR_imi            		 0.00150613
RUIT_imi            		 0.0233311
RUNL_imi            		 0.0166428
RUPT_imi            		 0.00117338
RUDE_imi            		 0.0892138
RURW_imi            		 0.141216
RUUS_imi            		 0.0214663
RURA_imiy           		 0.004362
RUAT_imiy           		 0.002677
RUBE_imiy           		 0.001931
RUES_imiy           		 0.00182
RUFI_imiy           		 0.002315
RUFR_imiy           		 0.004854
RUGR_imiy           		 0.000277
RUIT_imiy           		 0.005598
RUNL_imiy           		 0.00315
RUPT_imiy           		 0.000254
RUDE_imiy           		 0.020148
RURW_imiy           		 0.027012
RUUS_imiy           		 0.004721
RURA_imcg           		 0.00970696
RUAT_imcg           		 0.0034231
RUBE_imcg           		 0.00385648
RUES_imcg           		 0.00291585
RUFI_imcg           		 0.00285466
RUFR_imcg           		 0.00753106
RUGR_imcg           		 0.000826469
RUIT_imcg           		 0.00551811
RUNL_imcg           		 0.00665714
RUPT_imcg           		 0.000489676
RUDE_imcg           		 0.0191153
RURW_imcg           		 0.0521954
RUUS_imcg           		 0.008371
RURA_imcgy          		 0.001895
RUAT_imcgy          		 0.000839
RUBE_imcgy          		 0.000926
RUES_imcgy          		 0.000647
RUFI_imcgy          		 0.000643
RUFR_imcgy          		 0.001614
RUGR_imcgy          		 0.000152
RUIT_imcgy          		 0.001324
RUNL_imcgy          		 0.00126
RUPT_imcgy          		 0.000106
RUDE_imcgy          		 0.004317
RURW_imcgy          		 0.009984
RUUS_imcgy          		 0.001841
RURA_imig           		 0.00103473
RUAT_imig           		 0.000493678
RUBE_imig           		 0.000362326
RUES_imig           		 0.000374058
RUFI_imig           		 0.000452839
RUFR_imig           		 0.00101721
RUGR_imig           		 7.06848e-05
RUIT_imig           		 0.00105444
RUNL_imig           		 0.000750249
RUPT_imig           		 5.08155e-05
RUDE_imig           		 0.00404712
RURW_imig           		 0.00643032
RUUS_imig           		 0.000954867
RURA_imigy          		 0.000202
RUAT_imigy          		 0.000121
RUBE_imigy          		 8.7e-05
RUES_imigy          		 8.3e-05
RUFI_imigy          		 0.000102
RUFR_imigy          		 0.000218
RUGR_imigy          		 1.3e-05
RUIT_imigy          		 0.000253
RUNL_imigy          		 0.000142
RUPT_imigy          		 1.1e-05
RUDE_imigy          		 0.000914
RURW_imigy          		 0.00123
RUUS_imigy          		 0.00021
RU_piex             		 1.00496
RU_pextilde         		 0.934406
RURA_rer            		 0.890746
RUAT_rer            		 1.08201
RUBE_rer            		 1.03992
RUES_rer            		 1.01213
RUFI_rer            		 1.01801
RUFR_rer            		 0.987056
RUGR_rer            		 0.878637
RUIT_rer            		 1.07679
RUNL_rer            		 0.913191
RUPT_rer            		 0.996418
RUDE_rer            		 1.02213
RURW_rer            		 0.862448
RUUS_rer            		 0.960378
RU_sx               		 1
RURA_tot            		 0.891708
RUAT_tot            		 1.11954
RUBE_tot            		 1.09677
RUES_tot            		 1.01353
RUFI_tot            		 1.02885
RUFR_tot            		 0.978914
RUGR_tot            		 0.840067
RUIT_tot            		 1.09596
RUNL_tot            		 0.86453
RUPT_tot            		 0.988766
RUDE_tot            		 1.03157
RURW_tot            		 0.873714
RUUS_tot            		 1.00455
RURA_weight         		 0.047154
RUAT_weight         		 0.0282808
RUBE_weight         		 0.022672
RUES_weight         		 0.027258
RUFI_weight         		 0.0212669
RUFR_weight         		 0.0588856
RUGR_weight         		 0.00766962
RUIT_weight         		 0.0585542
RUNL_weight         		 0.0355662
RUPT_weight         		 0.00445869
RUDE_weight         		 0.181193
RURW_weight         		 0.426017
RUUS_weight         		 0.0810241
RURA_weightex       		 0.0344503
RUAT_weightex       		 0.023997
RUBE_weightex       		 0.0189024
RUES_weightex       		 0.0271109
RUFI_weightex       		 0.0190567
RUFR_weightex       		 0.0588355
RUGR_weightex       		 0.00797677
RUIT_weightex       		 0.0546234
RUNL_weightex       		 0.0264483
RUPT_weightex       		 0.00437807
RUDE_weightex       		 0.159671
RURW_weightex       		 0.464656
RUUS_weightex       		 0.0998939
RURA_weightim       		 0.0626184
RUAT_weightim       		 0.0334955
RUBE_weightim       		 0.0272609
RUES_weightim       		 0.0274371
RUFI_weightim       		 0.0239574
RUFR_weightim       		 0.0589465
RUGR_weightim       		 0.00729573
RUIT_weightim       		 0.0633391
RUNL_weightim       		 0.0466655
RUPT_weightim       		 0.00455683
RUDE_weightim       		 0.207392
RURW_weightim       		 0.378982
RUUS_weightim       		 0.0580535
RU_b                		 7.57926
RU_bf               		 -19.6657
RU_bfy              		 -4.4032
RU_by               		 1.7758
RU_c                		 2.10157
RU_ci               		 2.29983
RU_cj               		 1.50679
RU_cy               		 0.492393
RU_d                		 0.864096
RU_dn               		 0.190136
RU_dt               		 0.67396
RU_epsilonm         		 -0.750004
RU_etot             		 0.948272
RU_ex               		 1.38861
RU_fh               		 16.0781
RU_fi               		 171.596
RU_fj               		 6.35541
RU_fn               		 9.95994
RU_cg               		 1.01337
RU_gammab           		 0
RU_gammai           		 0
RU_gammaider        		 0
RU_gammau           		 0
RU_gammauder        		 0.0328144
RU_gammav           		 0.000212284
RU_gammavi          		 0.000101012
RU_gammavider       		 0.00216513
RU_gammavj          		 0.000101012
RU_gammavjder       		 0.00216513
RU_gh               		 19.2937
RU_gi               		 8.16592
RU_gj               		 4.51726
RU_gn               		 14.9399
RU_cgy              		 0.2313
RU_ht               		 1.7917
RU_htc              		 0.752248
RU_hti              		 0.243602
RU_htcg             		 0.708443
RU_htig             		 0.0874052
RU_i                		 0.796574
RU_ig               		 0.165834
RU_ii               		 1.0621
RU_im               		 1.18938
RU_imc              		 0.676965
RU_imcy             		 0.141482
RU_imi              		 0.373254
RU_imiy             		 0.079119
RU_imcg             		 0.122235
RU_imcgy            		 0.025548
RU_imig             		 0.0169239
RU_imigy            		 0.003586
RU_imy              		 0.249735
RU_exy              		 0.304007
RU_internalrer      		 1.2766
RU_iy               		 0.182286
RU_igy              		 0.0397
RU_k                		 31.8629
RU_kd               		 31.8629
RU_kdn              		 10.355
RU_kdt              		 21.508
RU_ki               		 42.4839
RU_lambdai          		 1.04508
RU_lambdaj          		 1.73437
RU_lcy              		 0.558281
RU_m                		 0.883013
RU_mcn              		 0.778672
RU_mct              		 0.778672
RU_mi               		 0.966316
RU_mj               		 0.633107
RU_mp               		 0.00436075
RU_mpy              		 0.00102171
RU_nd               		 1.63016
RU_ndi              		 0.80056
RU_ndj              		 0.896626
RU_ndn              		 0.529777
RU_ndt              		 1.10038
RU_ni               		 0.80056
RU_nj               		 0.896626
RU_nt               		 1.10991
RU_ntc              		 0.680665
RU_nti              		 0.182105
RU_ntcg             		 0.185095
RU_ntig             		 0.0620419
RU_pex              		 0.934406
RU_pht              		 0.934406
RU_phttilde         		 0.934407
RU_pi               		 0.976695
RU_pcg              		 0.974186
RU_pig              		 1.02176
RU_pic              		 1.00496
RU_pic4             		 1.02
RU_piex4            		 1.02
RU_piht             		 1.00496
RU_piimc            		 1.00496
RU_piimi            		 1.00496
RU_piimcg           		 1.00496
RU_piimig           		 1.00496
RU_piimc4           		 1.02
RU_pim              		 0.896173
RU_pimc             		 0.892006
RU_pimi             		 0.904708
RU_pimcg            		 0.89206
RU_pimig            		 0.904363
RU_pint             		 1.00496
RU_piw              		 1.00496
RU_piw4             		 1.02
RU_pnt              		 1.16801
RU_pnttilde         		 1.16801
RU_pttc             		 0.914935
RU_ptti             		 0.916724
RU_pttcg            		 0.928476
RU_pttig            		 0.929697
RU_py               		 0.994841
RU_q                		 0.976695
RU_qc               		 2.10178
RU_qi               		 0.796574
RU_qcg              		 1.01337
RU_qig              		 0.165834
RU_r                		 1.01242
RU_reer             		 0.937391
RU_rer              		 0.960378
RU_rerdep           		 1
RU_rk               		 0.0320496
RU_rp               		 0
RU_rr               		 1.00742
RU_rrstar           		 1.00742
RU_sh               		 1
RU_si               		 1
RU_sj               		 1
RU_snt              		 1
RU_t                		 0.182293
RU_tauc             		 0.2451
RU_taud             		 0
RU_tauk             		 0.0509
RU_taun             		 0.3575
RU_tauwf            		 0.1445
RU_tauwh            		 0.0763
RU_tb               		 0.231637
RU_tby              		 0.054272
RU_ti               		 0.218752
RU_tj               		 0.0729173
RU_tot              		 1.00455
RU_tr               		 0.70594
RU_tri              		 0.470627
RU_trj              		 1.41188
RU_try              		 0.1654
RU_ttc              		 1.42826
RU_tti              		 0.616662
RU_ttcg             		 0.830408
RU_ttig             		 0.104311
RU_ty               		 0.0427108
RU_u                		 1
RU_utili            		 -28.3162
RU_utilj            		 -92.3176
RU_vi               		 2.38
RU_vj               		 2.38
RU_w                		 1.27715
RU_wcst             		 0
RU_whty             		 0.47291
RU_wi               		 1.40835
RU_witilde          		 1.40835
RU_wj               		 1.06452
RU_wjtilde          		 1.06452
RU_wnty             		 0.521916
RU_wy               		 0.487795
RU_y                		 4.29021
RU_ygap             		 0
RU_ygrowth          		 1
RU_ygrowth4         		 1
RU_yhty             		 0.696262
RU_ynty             		 0.303738
RU_yshare           		 0.0256595
RU_ysn              		 1.10991
RU_yst              		 3.18031
RU_zcon             		 1
RU_zinv             		 1
RU_zn               		 1
RU_zt               		 1
RU_grev             		 1.91812
RU_gexp             		 1.91812
RU_grevy            		 0.44941
RU_gexpy            		 0.44941
RU_gbal             		 -1.74749e-13
RU_gbaly            		 -4.09433e-14
RU_br               		 0.0555273
RU_bry              		 0.0130099
RU_gpbal            		 0.0555273
RU_gpbaly           		 0.0130099
RU_tn               		 0.903149
RU_tny              		 0.211605
RU_tc               		 0.515095
RU_tcy              		 0.120685
RU_twf              		 0.300841
RU_twfy             		 0.0704864
RU_tk               		 0.0123781
RU_tky              		 0.00290017
RU_lhs              		 10.2831
RU_rhs              		 10.2831
RWRA_excy           		 0.00135785
RWAT_excy           		 0.000515193
RWBE_excy           		 0.000783286
RWES_excy           		 0.00221422
RWFI_excy           		 0.000381085
RWFR_excy           		 0.00420311
RWGR_excy           		 0.000505851
RWIT_excy           		 0.00346267
RWNL_excy           		 0.00155827
RWPT_excy           		 0.0003603
RWDE_excy           		 0.00592769
RWRU_excy           		 0.00280987
RWUS_excy           		 0.0322638
RWRA_exiy           		 0.000690569
RWAT_exiy           		 0.000252303
RWBE_exiy           		 0.000443887
RWES_exiy           		 0.000758175
RWFI_exiy           		 0.000189605
RWFR_exiy           		 0.00134314
RWGR_exiy           		 0.000146751
RWIT_exiy           		 0.00105606
RWNL_exiy           		 0.000613858
RWPT_exiy           		 0.000106144
RWDE_exiy           		 0.00244832
RWRU_exiy           		 0.0013453
RWUS_exiy           		 0.0143804
RW_fx               		 1.41889
RWRA_gammaimc       		 0
RWAT_gammaimc       		 0
RWBE_gammaimc       		 0
RWES_gammaimc       		 0
RWFI_gammaimc       		 0
RWFR_gammaimc       		 0
RWGR_gammaimc       		 0
RWIT_gammaimc       		 0
RWNL_gammaimc       		 0
RWPT_gammaimc       		 0
RWDE_gammaimc       		 0
RWRU_gammaimc       		 0
RWUS_gammaimc       		 0
RWRA_gammaimcdag    		 1
RWAT_gammaimcdag    		 1
RWBE_gammaimcdag    		 1
RWES_gammaimcdag    		 1
RWFI_gammaimcdag    		 1
RWFR_gammaimcdag    		 1
RWGR_gammaimcdag    		 1
RWIT_gammaimcdag    		 1
RWNL_gammaimcdag    		 1
RWPT_gammaimcdag    		 1
RWDE_gammaimcdag    		 1
RWRU_gammaimcdag    		 1
RWUS_gammaimcdag    		 1
RWRA_gammaimi       		 0
RWAT_gammaimi       		 0
RWBE_gammaimi       		 0
RWES_gammaimi       		 0
RWFI_gammaimi       		 0
RWFR_gammaimi       		 0
RWGR_gammaimi       		 0
RWIT_gammaimi       		 0
RWNL_gammaimi       		 0
RWPT_gammaimi       		 0
RWDE_gammaimi       		 0
RWRU_gammaimi       		 0
RWUS_gammaimi       		 0
RWRA_gammaimidag    		 1
RWAT_gammaimidag    		 1
RWBE_gammaimidag    		 1
RWES_gammaimidag    		 1
RWFI_gammaimidag    		 1
RWFR_gammaimidag    		 1
RWGR_gammaimidag    		 1
RWIT_gammaimidag    		 1
RWNL_gammaimidag    		 1
RWPT_gammaimidag    		 1
RWDE_gammaimidag    		 1
RWRU_gammaimidag    		 1
RWUS_gammaimidag    		 1
RWRA_gammaimcg      		 0
RWAT_gammaimcg      		 0
RWBE_gammaimcg      		 0
RWES_gammaimcg      		 0
RWFI_gammaimcg      		 0
RWFR_gammaimcg      		 0
RWGR_gammaimcg      		 0
RWIT_gammaimcg      		 0
RWNL_gammaimcg      		 0
RWPT_gammaimcg      		 0
RWDE_gammaimcg      		 0
RWRU_gammaimcg      		 0
RWUS_gammaimcg      		 0
RWRA_gammaimcgdag   		 1
RWAT_gammaimcgdag   		 1
RWBE_gammaimcgdag   		 1
RWES_gammaimcgdag   		 1
RWFI_gammaimcgdag   		 1
RWFR_gammaimcgdag   		 1
RWGR_gammaimcgdag   		 1
RWIT_gammaimcgdag   		 1
RWNL_gammaimcgdag   		 1
RWPT_gammaimcgdag   		 1
RWDE_gammaimcgdag   		 1
RWRU_gammaimcgdag   		 1
RWUS_gammaimcgdag   		 1
RWRA_gammaimig      		 0
RWAT_gammaimig      		 0
RWBE_gammaimig      		 0
RWES_gammaimig      		 0
RWFI_gammaimig      		 0
RWFR_gammaimig      		 0
RWGR_gammaimig      		 0
RWIT_gammaimig      		 0
RWNL_gammaimig      		 0
RWPT_gammaimig      		 0
RWDE_gammaimig      		 0
RWRU_gammaimig      		 0
RWUS_gammaimig      		 0
RWRA_gammaimigdag   		 1
RWAT_gammaimigdag   		 1
RWBE_gammaimigdag   		 1
RWES_gammaimigdag   		 1
RWFI_gammaimigdag   		 1
RWFR_gammaimigdag   		 1
RWGR_gammaimigdag   		 1
RWIT_gammaimigdag   		 1
RWNL_gammaimigdag   		 1
RWPT_gammaimigdag   		 1
RWDE_gammaimigdag   		 1
RWRU_gammaimigdag   		 1
RWUS_gammaimigdag   		 1
RW_gx               		 1.70266
RWRA_im             		 0.0235691
RWAT_im             		 0.00552163
RWBE_im             		 0.00883203
RWES_im             		 0.0170534
RWFI_im             		 0.00492877
RWFR_im             		 0.0367543
RWGR_im             		 0.00384183
RWIT_im             		 0.026902
RWNL_im             		 0.019129
RWPT_im             		 0.00287274
RWDE_im             		 0.0578732
RWRU_im             		 0.0315911
RWUS_im             		 0.174595
RWRA_imc            		 0.0155238
RWAT_imc            		 0.00300477
RWBE_imc            		 0.0053374
RWES_imc            		 0.0114483
RWFI_imc            		 0.00243341
RWFR_imc            		 0.0224088
RWGR_imc            		 0.00288273
RWIT_imc            		 0.0153346
RWNL_imc            		 0.0119628
RWPT_imc            		 0.00199803
RWDE_imc            		 0.0288373
RWRU_imc            		 0.0180488
RWUS_imc            		 0.104326
RWRA_imcy           		 0.003041
RWAT_imcy           		 0.000739
RWBE_imcy           		 0.001286
RWES_imcy           		 0.002549
RWFI_imcy           		 0.00055
RWFR_imcy           		 0.004819
RWGR_imcy           		 0.000532
RWIT_imcy           		 0.003692
RWNL_imcy           		 0.002272
RWPT_imcy           		 0.000434
RWDE_imcy           		 0.006535
RWRU_imcy           		 0.003965
RWUS_imcy           		 0.023023
RWRA_imi            		 0.00517632
RWAT_imi            		 0.00193135
RWBE_imi            		 0.00246118
RWES_imi            		 0.0040691
RWFI_imi            		 0.00189806
RWFR_imi            		 0.0104255
RWGR_imi            		 0.000655658
RWIT_imi            		 0.00894243
RWNL_imi            		 0.00494941
RWPT_imi            		 0.000626111
RWDE_imi            		 0.0225756
RWRU_imi            		 0.00995075
RWUS_imi            		 0.0522063
RWRA_imiy           		 0.001014
RWAT_imiy           		 0.000475
RWBE_imiy           		 0.000593
RWES_imiy           		 0.000906
RWFI_imiy           		 0.000429
RWFR_imiy           		 0.002242
RWGR_imiy           		 0.000121
RWIT_imiy           		 0.002153
RWNL_imiy           		 0.00094
RWPT_imiy           		 0.000136
RWDE_imiy           		 0.005116
RWRU_imiy           		 0.002186
RWUS_imiy           		 0.011521
RWRA_imcg           		 0.00230739
RWAT_imcg           		 0.000382204
RWBE_imcg           		 0.000780273
RWES_imcg           		 0.00110485
RWFI_imcg           		 0.000402619
RWFR_imcg           		 0.00283656
RWGR_imcg           		 0.000233002
RWIT_imcg           		 0.00169877
RWNL_imcg           		 0.00169544
RWPT_imcg           		 0.000179546
RWDE_imcg           		 0.00409062
RWRU_imcg           		 0.00253548
RWUS_imcg           		 0.0126653
RWRA_imcgy          		 0.000452
RWAT_imcgy          		 9.4e-05
RWBE_imcgy          		 0.000188
RWES_imcgy          		 0.000246
RWFI_imcgy          		 9.1e-05
RWFR_imcgy          		 0.00061
RWGR_imcgy          		 4.3e-05
RWIT_imcgy          		 0.000409
RWNL_imcgy          		 0.000322
RWPT_imcgy          		 3.9e-05
RWDE_imcgy          		 0.000927
RWRU_imcgy          		 0.000557
RWUS_imcgy          		 0.002795
RWRA_imig           		 0.000561533
RWAT_imig           		 0.0002033
RWBE_imig           		 0.000253174
RWES_imig           		 0.000431163
RWFI_imig           		 0.000194673
RWFR_imig           		 0.00108347
RWGR_imig           		 7.04426e-05
RWIT_imig           		 0.000926224
RWNL_imig           		 0.000521268
RWPT_imig           		 6.90563e-05
RWDE_imig           		 0.00236965
RWRU_imig           		 0.00105607
RWUS_imig           		 0.0053969
RWRA_imigy          		 0.00011
RWAT_imigy          		 5e-05
RWBE_imigy          		 6.1e-05
RWES_imigy          		 9.6e-05
RWFI_imigy          		 4.4e-05
RWFR_imigy          		 0.000233
RWGR_imigy          		 1.3e-05
RWIT_imigy          		 0.000223
RWNL_imigy          		 9.9e-05
RWPT_imigy          		 1.5e-05
RWDE_imigy          		 0.000537
RWRU_imigy          		 0.000232
RWUS_imigy          		 0.001191
RW_piex             		 1.00496
RW_pextilde         		 0.946613
RWRA_rer            		 1.03281
RWAT_rer            		 1.25459
RWBE_rer            		 1.20577
RWES_rer            		 1.17355
RWFI_rer            		 1.18038
RWFR_rer            		 1.14448
RWGR_rer            		 1.01877
RWIT_rer            		 1.24853
RWNL_rer            		 1.05884
RWPT_rer            		 1.15534
RWDE_rer            		 1.18515
RWRU_rer            		 1.15949
RWUS_rer            		 1.11355
RW_sx               		 1
RWRA_tot            		 1.02059
RWAT_tot            		 1.28135
RWBE_tot            		 1.2553
RWES_tot            		 1.16002
RWFI_tot            		 1.17756
RWFR_tot            		 1.1204
RWGR_tot            		 0.961489
RWIT_tot            		 1.25437
RWNL_tot            		 0.989488
RWPT_tot            		 1.13168
RWDE_tot            		 1.18067
RWRU_tot            		 1.14454
RWUS_tot            		 1.14975
RWRA_weight         		 0.0389566
RWAT_weight         		 0.0127011
RWBE_weight         		 0.0199133
RWES_weight         		 0.0396856
RWFI_weight         		 0.00989413
RWFR_weight         		 0.0788946
RWGR_weight         		 0.00790577
RWIT_weight         		 0.064369
RWNL_weight         		 0.0344956
RWPT_weight         		 0.00632465
RWDE_weight         		 0.125895
RWRU_weight         		 0.0652823
RWUS_weight         		 0.495682
RWRA_weightex       		 0.0267813
RWAT_weightex       		 0.0104013
RWBE_weightex       		 0.0163203
RWES_weightex       		 0.0375573
RWFI_weightex       		 0.00746636
RWFR_weightex       		 0.0706326
RWGR_weightex       		 0.0080191
RWIT_weightex       		 0.0573079
RWNL_weightex       		 0.0288756
RWPT_weightex       		 0.00577148
RWDE_weightex       		 0.107017
RWRU_weightex       		 0.0539144
RWUS_weightex       		 0.569935
RWRA_weightim       		 0.0507664
RWAT_weightim       		 0.0149319
RWBE_weightim       		 0.0233985
RWES_weightim       		 0.04175
RWFI_weightim       		 0.012249
RWFR_weightim       		 0.0869087
RWGR_weightim       		 0.00779583
RWIT_weightim       		 0.0712181
RWNL_weightim       		 0.0399468
RWPT_weightim       		 0.00686121
RWDE_weightim       		 0.144206
RWRU_weightim       		 0.076309
RWUS_weightim       		 0.423658
RW_b                		 14.4177
RW_bf               		 0.985836
RW_bfy              		 0.221491
RW_by               		 2.9234
RW_c                		 2.80904
RW_ci               		 3.2176
RW_cj               		 1.58335
RW_cy               		 0.569572
RW_d                		 0.811549
RW_dn               		 0.358396
RW_dt               		 0.453152
RW_epsilonm         		 -0.750004
RW_etot             		 1.14859
RW_ex               		 0.459604
RW_fh               		 7.11385
RW_fi               		 24638.2
RW_fj               		 912.526
RW_fn               		 7.09184
RW_cg               		 0.85642
RW_gammab           		 0
RW_gammai           		 0
RW_gammaider        		 0
RW_gammau           		 0
RW_gammauder        		 0.0329955
RW_gammav           		 0.000283746
RW_gammavi          		 0.000101012
RW_gammavider       		 0.00216513
RW_gammavj          		 0.000101012
RW_gammavjder       		 0.00216513
RW_gh               		 8.53662
RW_gi               		 27.3361
RW_gj               		 32.1537
RW_gn               		 9.06179
RW_cgy              		 0.1675
RW_ht               		 2.30431
RW_htc              		 0.752641
RW_hti              		 0.594065
RW_htcg             		 0.658968
RW_htig             		 0.298635
RW_i                		 0.951554
RW_ig               		 0.387024
RW_ii               		 1.26874
RW_im               		 0.411968
RW_imc              		 0.242614
RW_imcy             		 0.053437
RW_imi              		 0.125469
RW_imiy             		 0.027832
RW_imcg             		 0.0307898
RW_imcgy            		 0.006773
RW_imig             		 0.0130949
RW_imigy            		 0.002904
RW_imy              		 0.090946
RW_exy              		 0.088216
RW_internalrer      		 1.02302
RW_iy               		 0.1899
RW_igy              		 0.0757
RW_k                		 38.0622
RW_kd               		 38.0622
RW_kdn              		 18.079
RW_kdt              		 19.9831
RW_ki               		 50.7495
RW_lambdai          		 0.495397
RW_lambdaj          		 1.74811
RW_lcy              		 0.584813
RW_m                		 1.18027
RW_mcn              		 0.788844
RW_mct              		 0.788844
RW_mi               		 1.35193
RW_mj               		 0.665272
RW_mp               		 0.00582874
RW_mpy              		 0.00118186
RW_nd               		 1.83351
RW_ndi              		 0.714625
RW_ndj              		 1.20071
RW_ndn              		 0.870895
RW_ndt              		 0.962617
RW_ni               		 0.714625
RW_nj               		 1.20071
RW_nt               		 2.29718
RW_ntc              		 1.81883
RW_nti              		 0.235072
RW_ntcg             		 0.167557
RW_ntig             		 0.075723
RW_pex              		 0.946613
RW_pht              		 0.946613
RW_phttilde         		 0.946613
RW_pi               		 0.98424
RW_pcg              		 0.964576
RW_pig              		 0.964643
RW_pic              		 1.00496
RW_pic4             		 1.02
RW_piex4            		 1.02
RW_piht             		 1.00496
RW_piimc            		 1.00496
RW_piimi            		 1.00496
RW_piimcg           		 1.00496
RW_piimig           		 1.00496
RW_piimc4           		 1.02
RW_pim              		 1.08875
RW_pimc             		 1.08626
RW_pimi             		 1.09399
RW_pimcg            		 1.08488
RW_pimig            		 1.09371
RW_pint             		 1.00496
RW_piw              		 1.00496
RW_piw4             		 1.02
RW_pnt              		 1.00797
RW_pnttilde         		 1.00797
RW_pttc             		 0.985287
RW_ptti             		 0.976394
RW_pttcg            		 0.953877
RW_pttig            		 0.953961
RW_py               		 0.974461
RW_q                		 0.98424
RW_qc               		 2.80932
RW_qi               		 0.951554
RW_qcg              		 0.85642
RW_qig              		 0.387024
RW_r                		 1.01242
RW_reer             		 1.13676
RW_rer              		 1.11355
RW_rerdep           		 1
RW_rk               		 0.0324755
RW_rp               		 0
RW_rr               		 1.00742
RW_rrstar           		 1.00742
RW_sh               		 1
RW_si               		 1
RW_sj               		 1
RW_snt              		 1
RW_t                		 0.406922
RW_tauc             		 0.1438
RW_taud             		 0
RW_tauk             		 0.0724
RW_taun             		 0.1608
RW_tauwf            		 0.0994
RW_tauwh            		 0.0756
RW_tb               		 -0.0134639
RW_tby              		 -0.00273
RW_ti               		 0.488306
RW_tj               		 0.162769
RW_tot              		 1.14975
RW_tr               		 0.414274
RW_tri              		 0.276183
RW_trj              		 0.828548
RW_try              		 0.084
RW_ttc              		 0.990576
RW_tti              		 0.716527
RW_ttcg             		 0.688968
RW_ttig             		 0.311348
RW_ty               		 0.0825092
RW_u                		 1
RW_utili            		 7.18776
RW_utilj            		 -132.246
RW_vi               		 2.38
RW_vj               		 2.38
RW_w                		 1.43082
RW_wcst             		 0
RW_whty             		 0.526433
RW_wi               		 1.56601
RW_witilde          		 1.56601
RW_wj               		 1.25286
RW_wjtilde          		 1.25286
RW_wnty             		 0.538159
RW_wy               		 0.531938
RW_y                		 5.06109
RW_ygap             		 0
RW_ygrowth          		 1
RW_ygrowth4         		 1
RW_yhty             		 0.530503
RW_ynty             		 0.469497
RW_yshare           		 0.515213
RW_ysn              		 2.29718
RW_yst              		 2.76391
RW_zcon             		 1
RW_zinv             		 1
RW_zn               		 1
RW_zt               		 1
RW_grev             		 1.71932
RW_gexp             		 1.71932
RW_grevy            		 0.348617
RW_gexpy            		 0.348617
RW_gbal             		 -1.55431e-14
RW_gbaly            		 -3.15159e-15
RW_br               		 0.105627
RW_bry              		 0.0214175
RW_gpbal            		 0.105627
RW_gpbaly           		 0.0214175
RW_tn               		 0.620179
RW_tny              		 0.12575
RW_tc               		 0.403939
RW_tcy              		 0.0819045
RW_twf              		 0.260769
RW_twfy             		 0.0528747
RW_tk               		 0.0216859
RW_tky              		 0.00439712
RW_lhs              		 17.1347
RW_rhs              		 17.1347
USRA_excy           		 0.000739812
USAT_excy           		 0.000149817
USBE_excy           		 0.000322254
USES_excy           		 0.000550166
USFI_excy           		 0.000124475
USFR_excy           		 0.0013704
USGR_excy           		 0.000131629
USIT_excy           		 0.000757968
USNL_excy           		 0.000798026
USPT_excy           		 7.21151e-05
USDE_excy           		 0.00180039
USRU_excy           		 0.000734651
USRW_excy           		 0.0439569
USRA_exiy           		 0.000687451
USAT_exiy           		 9.7044e-05
USBE_exiy           		 0.000199468
USES_exiy           		 0.000225061
USFI_exiy           		 8.49555e-05
USFR_exiy           		 0.000656667
USGR_exiy           		 5.58858e-05
USIT_exiy           		 0.000288353
USNL_exiy           		 0.000420586
USPT_exiy           		 3.05869e-05
USDE_exiy           		 0.000963668
USRU_exiy           		 0.000448911
USRW_exiy           		 0.0219966
US_fx               		 1.28805
USRA_gammaimc       		 0
USAT_gammaimc       		 0
USBE_gammaimc       		 0
USES_gammaimc       		 0
USFI_gammaimc       		 0
USFR_gammaimc       		 0
USGR_gammaimc       		 0
USIT_gammaimc       		 0
USNL_gammaimc       		 0
USPT_gammaimc       		 0
USDE_gammaimc       		 0
USRU_gammaimc       		 0
USRW_gammaimc       		 0
USRA_gammaimcdag    		 1
USAT_gammaimcdag    		 1
USBE_gammaimcdag    		 1
USES_gammaimcdag    		 1
USFI_gammaimcdag    		 1
USFR_gammaimcdag    		 1
USGR_gammaimcdag    		 1
USIT_gammaimcdag    		 1
USNL_gammaimcdag    		 1
USPT_gammaimcdag    		 1
USDE_gammaimcdag    		 1
USRU_gammaimcdag    		 1
USRW_gammaimcdag    		 1
USRA_gammaimi       		 0
USAT_gammaimi       		 0
USBE_gammaimi       		 0
USES_gammaimi       		 0
USFI_gammaimi       		 0
USFR_gammaimi       		 0
USGR_gammaimi       		 0
USIT_gammaimi       		 0
USNL_gammaimi       		 0
USPT_gammaimi       		 0
USDE_gammaimi       		 0
USRU_gammaimi       		 0
USRW_gammaimi       		 0
USRA_gammaimidag    		 1
USAT_gammaimidag    		 1
USBE_gammaimidag    		 1
USES_gammaimidag    		 1
USFI_gammaimidag    		 1
USFR_gammaimidag    		 1
USGR_gammaimidag    		 1
USIT_gammaimidag    		 1
USNL_gammaimidag    		 1
USPT_gammaimidag    		 1
USDE_gammaimidag    		 1
USRU_gammaimidag    		 1
USRW_gammaimidag    		 1
USRA_gammaimcg      		 0
USAT_gammaimcg      		 0
USBE_gammaimcg      		 0
USES_gammaimcg      		 0
USFI_gammaimcg      		 0
USFR_gammaimcg      		 0
USGR_gammaimcg      		 0
USIT_gammaimcg      		 0
USNL_gammaimcg      		 0
USPT_gammaimcg      		 0
USDE_gammaimcg      		 0
USRU_gammaimcg      		 0
USRW_gammaimcg      		 0
USRA_gammaimcgdag   		 1
USAT_gammaimcgdag   		 1
USBE_gammaimcgdag   		 1
USES_gammaimcgdag   		 1
USFI_gammaimcgdag   		 1
USFR_gammaimcgdag   		 1
USGR_gammaimcgdag   		 1
USIT_gammaimcgdag   		 1
USNL_gammaimcgdag   		 1
USPT_gammaimcgdag   		 1
USDE_gammaimcgdag   		 1
USRU_gammaimcgdag   		 1
USRW_gammaimcgdag   		 1
USRA_gammaimig      		 0
USAT_gammaimig      		 0
USBE_gammaimig      		 0
USES_gammaimig      		 0
USFI_gammaimig      		 0
USFR_gammaimig      		 0
USGR_gammaimig      		 0
USIT_gammaimig      		 0
USNL_gammaimig      		 0
USPT_gammaimig      		 0
USDE_gammaimig      		 0
USRU_gammaimig      		 0
USRW_gammaimig      		 0
USRA_gammaimigdag   		 1
USAT_gammaimigdag   		 1
USBE_gammaimigdag   		 1
USES_gammaimigdag   		 1
USFI_gammaimigdag   		 1
USFR_gammaimigdag   		 1
USGR_gammaimigdag   		 1
USIT_gammaimigdag   		 1
USNL_gammaimigdag   		 1
USPT_gammaimigdag   		 1
USDE_gammaimigdag   		 1
USRU_gammaimigdag   		 1
USRW_gammaimigdag   		 1
US_gx               		 1.54566
USRA_im             		 0.0138964
USAT_im             		 0.00227269
USBE_im             		 0.00464396
USES_im             		 0.00520437
USFI_im             		 0.00153263
USFR_im             		 0.0152481
USGR_im             		 0.00240861
USIT_im             		 0.0133395
USNL_im             		 0.00661784
USPT_im             		 0.00126076
USDE_im             		 0.0284392
USRU_im             		 0.0114938
USRW_im             		 0.516589
USRA_imc            		 0.0107927
USAT_imc            		 0.00137525
USBE_imc            		 0.00315535
USES_imc            		 0.00360267
USFI_imc            		 0.000890644
USFR_imc            		 0.0100783
USGR_imc            		 0.00208746
USIT_imc            		 0.00909958
USNL_imc            		 0.00443341
USPT_imc            		 0.000940865
USDE_imc            		 0.0166883
USRU_imc            		 0.00742841
USRW_imc            		 0.327946
USRA_imcy           		 0.002069
USAT_imcy           		 0.000331
USBE_imcy           		 0.000744
USES_imcy           		 0.000785
USFI_imcy           		 0.000197
USFR_imcy           		 0.002121
USGR_imcy           		 0.000377
USIT_imcy           		 0.002144
USNL_imcy           		 0.000824
USPT_imcy           		 0.0002
USDE_imcy           		 0.003701
USRU_imcy           		 0.001597
USRW_imcy           		 0.0616
USRA_imi            		 0.00213871
USAT_imi            		 0.000743713
USBE_imi            		 0.00108147
USES_imi            		 0.00117029
USFI_imi            		 0.000497314
USFR_imi            		 0.00393914
USGR_imi            		 0.000143963
USIT_imi            		 0.00346752
USNL_imi            		 0.00162487
USPT_imi            		 0.000235216
USDE_imi            		 0.00968114
USRU_imi            		 0.00320487
USRW_imi            		 0.14617
USRA_imiy           		 0.00041
USAT_imiy           		 0.000179
USBE_imiy           		 0.000255
USES_imiy           		 0.000255
USFI_imiy           		 0.00011
USFR_imiy           		 0.000829
USGR_imiy           		 2.6e-05
USIT_imiy           		 0.000817
USNL_imiy           		 0.000302
USPT_imiy           		 5e-05
USDE_imiy           		 0.002147
USRU_imiy           		 0.000689
USRW_imiy           		 0.027456
USRA_imcg           		 0.000839835
USAT_imcg           		 0.00011218
USBE_imcg           		 0.000343526
USES_imcg           		 0.000362562
USFI_imcg           		 0.000117547
USFR_imcg           		 0.00100735
USGR_imcg           		 0.000166111
USIT_imcg           		 0.000577212
USNL_imcg           		 0.000468091
USPT_imcg           		 7.05649e-05
USDE_imcg           		 0.00151958
USRU_imcg           		 0.000679116
USRW_imcg           		 0.0341042
USRA_imcgy          		 0.000161
USAT_imcgy          		 2.7e-05
USBE_imcgy          		 8.1e-05
USES_imcgy          		 7.9e-05
USFI_imcgy          		 2.6e-05
USFR_imcgy          		 0.000212
USGR_imcgy          		 3e-05
USIT_imcgy          		 0.000136
USNL_imcgy          		 8.7e-05
USPT_imcgy          		 1.5e-05
USDE_imcgy          		 0.000337
USRU_imcgy          		 0.000146
USRW_imcgy          		 0.006406
USRA_imig           		 0.000125193
USAT_imig           		 4.15482e-05
USBE_imig           		 6.36158e-05
USES_imig           		 6.88409e-05
USFI_imig           		 2.71262e-05
USFR_imig           		 0.000223329
USGR_imig           		 1.10741e-05
USIT_imig           		 0.000195233
USNL_imig           		 9.14661e-05
USPT_imig           		 1.4113e-05
USDE_imig           		 0.000550116
USRU_imig           		 0.000181408
USRW_imig           		 0.00836901
USRA_imigy          		 2.4e-05
USAT_imigy          		 1e-05
USBE_imigy          		 1.5e-05
USES_imigy          		 1.5e-05
USFI_imigy          		 6e-06
USFR_imigy          		 4.7e-05
USGR_imigy          		 2e-06
USIT_imigy          		 4.6e-05
USNL_imigy          		 1.7e-05
USPT_imigy          		 3e-06
USDE_imigy          		 0.000122
USRU_imigy          		 3.9e-05
USRW_imigy          		 0.001572
US_piex             		 1.00496
US_pextilde         		 0.977388
USRA_rer            		 0.927496
USAT_rer            		 1.12665
USBE_rer            		 1.08282
USES_rer            		 1.05389
USFI_rer            		 1.06001
USFR_rer            		 1.02778
USGR_rer            		 0.914887
USIT_rer            		 1.12122
USNL_rer            		 0.950866
USPT_rer            		 1.03753
USDE_rer            		 1.0643
USRU_rer            		 1.04126
USRW_rer            		 0.89803
US_sx               		 1
USRA_tot            		 0.887666
USAT_tot            		 1.11446
USBE_tot            		 1.0918
USES_tot            		 1.00893
USFI_tot            		 1.02419
USFR_tot            		 0.974476
USGR_tot            		 0.836259
USIT_tot            		 1.09099
USNL_tot            		 0.86061
USPT_tot            		 0.984283
USDE_tot            		 1.02689
USRU_tot            		 0.995466
USRW_tot            		 0.869753
USRA_weight         		 0.0209366
USAT_weight         		 0.00449504
USBE_weight         		 0.00877537
USES_weight         		 0.0110336
USFI_weight         		 0.0031176
USFR_weight         		 0.0290018
USGR_weight         		 0.0032458
USIT_weight         		 0.0229699
USNL_weight         		 0.0133595
USPT_weight         		 0.00204361
USDE_weight         		 0.0493831
USRU_weight         		 0.0206495
USRW_weight         		 0.810989
USRA_weightex       		 0.0191695
USAT_weightex       		 0.00440162
USBE_weightex       		 0.00828214
USES_weightex       		 0.0131956
USFI_weightex       		 0.00351552
USFR_weightex       		 0.0320684
USGR_weightex       		 0.00271977
USIT_weightex       		 0.018507
USNL_weightex       		 0.0176162
USPT_weightex       		 0.00177983
USDE_weightex       		 0.0449468
USRU_weightex       		 0.0206997
USRW_weightex       		 0.813098
USRA_weightim       		 0.022223
USAT_weightim       		 0.00456305
USBE_weightim       		 0.00913444
USES_weightim       		 0.00945978
USFI_weightim       		 0.00282792
USFR_weightim       		 0.0267693
USGR_weightim       		 0.00362875
USIT_weightim       		 0.0262188
USNL_weightim       		 0.0102606
USPT_weightim       		 0.00223564
USDE_weightim       		 0.0526127
USRU_weightim       		 0.020613
USRW_weightim       		 0.809453
US_b                		 15.0832
US_bf               		 12.0323
US_bfy              		 2.64555
US_by               		 3.3328
US_c                		 3.03319
US_ci               		 3.43201
US_cj               		 1.83676
US_cy               		 0.670217
US_d                		 1.15641
US_dn               		 0.321945
US_dt               		 0.834464
US_epsilonm         		 -0.750004
US_etot             		 0.891914
US_ex               		 0.404085
US_fh               		 6.68814
US_fi               		 24208.3
US_fj               		 896.604
US_fn               		 6.37056
US_cg               		 0.692728
US_gammai           		 0
US_gammaider        		 0
US_gammau           		 0
US_gammauder        		 0.0328209
US_gammav           		 0.000306389
US_gammavi          		 0.000101012
US_gammavider       		 0.00216513
US_gammavj          		 0.000101012
US_gammavjder       		 0.00216513
US_gh               		 8.02577
US_gi               		 13.6664
US_gj               		 24.6102
US_gn               		 8.14015
US_cgy              		 0.1507
US_ht               		 2.0982
US_htc              		 1.00713
US_hti              		 0.42883
US_htcg             		 0.518459
US_htig             		 0.143781
US_i                		 0.791266
US_ig               		 0.190626
US_ii               		 1.05502
US_im               		 0.619823
US_imc              		 0.39651
US_imcy             		 0.07669
US_imi              		 0.173209
US_imiy             		 0.033525
US_imcg             		 0.0401921
US_imcgy            		 0.007743
US_imig             		 0.00991146
US_imigy            		 0.001918
US_imy              		 0.119876
US_exy              		 0.0872681
US_internalrer      		 1.094
US_iy               		 0.170123
US_igy              		 0.0415
US_k                		 31.6506
US_kd               		 31.6506
US_kdn              		 16.5148
US_kdt              		 15.1358
US_ki               		 42.2008
US_lambdai          		 0.260556
US_lambdaj          		 1.40761
US_lcy              		 0.521135
US_m                		 1.27445
US_mcn              		 0.81449
US_mct              		 0.81449
US_mi               		 1.44202
US_mj               		 0.771748
US_mp               		 0.00629387
US_mpy              		 0.0013907
US_nd               		 1.49586
US_ndi              		 0.517936
US_ndj              		 1.06207
US_ndn              		 0.780519
US_ndt              		 0.715344
US_ni               		 0.517936
US_nj               		 1.06207
US_nt               		 1.99857
US_ntc              		 1.63545
US_nti              		 0.191273
US_ntcg             		 0.134753
US_ntig             		 0.0370952
US_pex              		 0.977388
US_pht              		 0.977388
US_phttilde         		 0.977388
US_pi               		 0.973027
US_pcg              		 0.984544
US_pig              		 0.985257
US_pic              		 1.00496
US_pic4             		 1.02
US_piex4            		 1.02
US_piht             		 1.00496
US_piimc            		 1.00496
US_piimi            		 1.00496
US_piimcg           		 1.00496
US_piimig           		 1.00496
US_piimc4           		 1.02
US_pim              		 0.875285
US_pimc             		 0.875324
US_pimi             		 0.875959
US_pimcg            		 0.871874
US_pimig            		 0.875781
US_pint             		 1.00496
US_piw              		 1.00496
US_piw4             		 1.02
US_pnt              		 1.04074
US_pnttilde         		 1.04074
US_pttc             		 0.951315
US_ptti             		 0.950962
US_pttcg            		 0.97074
US_pttig            		 0.971625
US_py               		 1.00552
US_q                		 0.973027
US_qc               		 3.0335
US_qi               		 0.791266
US_qcg              		 0.692728
US_qig              		 0.190626
US_r                		 1.01242
US_reer             		 0.922788
US_rer              		 1
US_rk               		 0.0319356
US_rr               		 1.00742
US_rrstar           		 1.00742
US_sh               		 1
US_si               		 1
US_sj               		 1
US_snt              		 1
US_t                		 0.61986
US_tauc             		 0.0661
US_taud             		 0
US_tauk             		 0.0517
US_taun             		 0.2073
US_tauwf            		 0.0723
US_tauwh            		 0.0626
US_tb               		 -0.147573
US_tby              		 -0.0326079
US_ti               		 0.743832
US_tj               		 0.247944
US_tr               		 0.61142
US_tri              		 0.407614
US_trj              		 1.22284
US_try              		 0.1351
US_ttc              		 1.39957
US_tti              		 0.600294
US_ttcg             		 0.558109
US_ttig             		 0.153567
US_ty               		 0.136965
US_u                		 1
US_utili            		 4.17695
US_utilj            		 -92.6369
US_vi               		 2.38
US_vj               		 2.38
US_w                		 1.47037
US_wcst             		 0
US_whty             		 0.430069
US_wi               		 1.63579
US_witilde          		 1.63579
US_wj               		 1.27321
US_wjtilde          		 1.27321
US_wnty             		 0.55176
US_wy               		 0.485997
US_y                		 4.50085
US_ygap             		 0
US_ygrowth          		 1
US_ygrowth4         		 1
US_yhty             		 0.540405
US_ynty             		 0.459595
US_yshare           		 0.269849
US_ysn              		 1.99857
US_yst              		 2.50228
US_zcon             		 1
US_zinv             		 1
US_zn               		 1
US_zt               		 1
US_grev             		 1.59176
US_gexp             		 1.59176
US_grevy            		 0.351717
US_gexpy            		 0.351717
US_gbal             		 3.9968e-15
US_gbaly            		 8.83137e-16
US_br               		 0.110503
US_bry              		 0.0244168
US_gpbal            		 0.110503
US_gpbaly           		 0.0244168
US_tn               		 0.593638
US_tny              		 0.131171
US_tc               		 0.200494
US_tcy              		 0.0443014
US_twf              		 0.159022
US_twfy             		 0.0351376
US_tk               		 0.0124525
US_tky              		 0.00275152
US_lhs              		 17.7581
US_rhs              		 17.7581
RADE_nerdep         		 1
RA_gammabh          		 0
ATDE_nerdep         		 1
AT_gammabh          		 0
BEDE_nerdep         		 1
BE_gammabh          		 0
ESDE_nerdep         		 1
ES_gammabh          		 0
FIDE_nerdep         		 1
FI_gammabh          		 0
FRDE_nerdep         		 1
FR_gammabh          		 0
GRDE_nerdep         		 1
GR_gammabh          		 0
ITDE_nerdep         		 1
IT_gammabh          		 0
NLDE_nerdep         		 1
NL_gammabh          		 0
PTDE_nerdep         		 1
PT_gammabh          		 0
RA_bh               		 0
AT_bh               		 0
BE_bh               		 0
ES_bh               		 0
FI_bh               		 0
FR_bh               		 0
GR_bh               		 0
IT_bh               		 0
NL_bh               		 0
PT_bh               		 0
DE_bh               		 -1.09195e-16
RA_ccesi            		 2.29842
RA_ccesj            		 2.2631
RA_dcci             		 1.34732
RA_dccj             		 1.35242
AT_ccesi            		 2.6584
AT_ccesj            		 2.5103
AT_dcci             		 1.24647
AT_dccj             		 1.28422
BE_ccesi            		 2.45804
BE_ccesj            		 2.55573
BE_dcci             		 1.36216
BE_dccj             		 1.35031
ES_ccesi            		 3.38862
ES_ccesj            		 2.29162
ES_dcci             		 0.868617
ES_dccj             		 1.31026
FI_ccesi            		 2.8779
FI_ccesj            		 2.32737
FI_dcci             		 1.33631
FI_dccj             		 1.39134
FR_ccesi            		 3.37938
FR_ccesj            		 2.66526
FR_dcci             		 1.26509
FR_dccj             		 1.36739
GR_ccesi            		 4.34584
GR_ccesj            		 2.24248
GR_dcci             		 0.708429
GR_dccj             		 1.37828
IT_ccesi            		 3.26537
IT_ccesj            		 2.22244
IT_dcci             		 0.887403
IT_dccj             		 1.31148
NL_ccesi            		 2.86939
NL_ccesj            		 2.43315
NL_dcci             		 1.3868
NL_dccj             		 1.40896
PT_ccesi            		 3.66721
PT_ccesj            		 2.2408
PT_dcci             		 0.740238
PT_dccj             		 1.33104
DE_ccesi            		 2.94238
DE_ccesj            		 2.67853
DE_dcci             		 1.19596
DE_dccj             		 1.26921
RU_ccesi            		 3.21085
RU_ccesj            		 2.14815
RU_dcci             		 1.25871
RU_dccj             		 1.39753
RW_ccesi            		 3.9691
RW_ccesj            		 2.24208
RW_dcci             		 0.677808
RW_dccj             		 1.35108
US_ccesi            		 3.60037
US_ccesj            		 2.5126
US_dcci             		 0.301511
US_dccj             		 1.13674
RA_kg               		 7.41315
AT_kg               		 4.83111
BE_kg               		 3.55638
ES_kg               		 5.67695
FI_kg               		 7.05448
FR_kg               		 6.68252
GR_kg               		 8.0097
IT_kg               		 4.29298
NL_kg               		 7.72151
PT_kg               		 5.77329
DE_kg               		 3.85003
RU_kg               		 6.63336
RW_kg               		 15.481
US_kg               		 7.62505
MODEL SIMULATION: (method=Sparse LU solver on stacked system)
------------------------------------
      Iteration no. 1
      Inf-norm error = 4.871e-02
      2-norm error   = 4.858e-01
      1-norm error   = 5.570e+00
------------------------------------
(** 63.58 seconds **)
------------------------------------
      Iteration no. 2
      Inf-norm error = 1.417e-01
      2-norm error   = 1.180e+00
      1-norm error   = 5.189e+01
------------------------------------
(** 56.03 seconds **)
------------------------------------
      Iteration no. 3
      Inf-norm error = 7.686e-03
      2-norm error   = 1.351e-02
      1-norm error   = 1.877e-01
------------------------------------
(** 60.91 seconds **)
------------------------------------
      Iteration no. 4
      Inf-norm error = 7.704e-03
      2-norm error   = 9.438e-03
      1-norm error   = 2.510e-02
------------------------------------
(** 64.57 seconds **)
------------------------------------
      Iteration no. 5
      Inf-norm error = 1.810e-05
      2-norm error   = 2.198e-05
      1-norm error   = 4.439e-05
------------------------------------
(** 65.50 seconds **)
------------------------------------
      Iteration no. 6
      Inf-norm error = 2.183e-10
      2-norm error   = 1.045e-09
      1-norm error   = 1.342e-08
------------------------------------

Perfect foresight solution found.

Total computing time : 0h05m16s
Note: 164 warning(s) encountered in the preprocessor
