Starting Dynare (version 6.1).
Calling Dynare with arguments: -ID:\2025-03_eagle/eagleParsingTemp/submodules savemacro json=compute
Starting preprocessing of the model file ... 
Reading eagle_steady_stage_trade.txt. 
WARNING: Unknown symbol AUX_ENDO_LAG_429_1 in eagle_steady_stage_trade.txt 
WARNING: Unknown symbol AUX_ENDO_LAG_429_2 in eagle_steady_stage_trade.txt 
WARNING: Unknown symbol AUX_ENDO_LAG_429_3 in eagle_steady_stage_trade.txt 
WARNING: Unknown symbol AUX_ENDO_LAG_413_1 in eagle_steady_stage_trade.txt 
WARNING: Unknown symbol AUX_ENDO_LAG_413_2 in eagle_steady_stage_trade.txt 
WARNING: Unknown symbol AUX_ENDO_LAG_413_3 in eagle_steady_stage_trade.txt 
WARNING: Unknown symbol AUX_ENDO_LAG_394_1 in eagle_steady_stage_trade.txt 
WARNING: Unknown symbol AUX_ENDO_LAG_495_1 in eagle_steady_stage_trade.txt 
WARNING: Unknown symbol AUX_ENDO_LAG_495_2 in eagle_steady_stage_trade.txt 
WARNING: Unknown symbol AUX_ENDO_LAG_495_3 in eagle_steady_stage_trade.txt 
WARNING: Unknown symbol AUX_ENDO_LAG_1070_1 in eagle_steady_stage_trade.txt 
WARNING: Unknown symbol AUX_ENDO_LAG_1070_2 in eagle_steady_stage_trade.txt 
WARNING: Unknown symbol AUX_ENDO_LAG_1070_3 in eagle_steady_stage_trade.txt 
WARNING: Unknown symbol AUX_ENDO_LAG_1054_1 in eagle_steady_stage_trade.txt 
WARNING: Unknown symbol AUX_ENDO_LAG_1054_2 in eagle_steady_stage_trade.txt 
WARNING: Unknown symbol AUX_ENDO_LAG_1054_3 in eagle_steady_stage_trade.txt 
WARNING: Unknown symbol AUX_ENDO_LAG_1035_1 in eagle_steady_stage_trade.txt 
WARNING: Unknown symbol AUX_ENDO_LAG_1136_1 in eagle_steady_stage_trade.txt 
WARNING: Unknown symbol AUX_ENDO_LAG_1136_2 in eagle_steady_stage_trade.txt 
WARNING: Unknown symbol AUX_ENDO_LAG_1136_3 in eagle_steady_stage_trade.txt 
WARNING: Unknown symbol AUX_ENDO_LAG_1711_1 in eagle_steady_stage_trade.txt 
WARNING: Unknown symbol AUX_ENDO_LAG_1711_2 in eagle_steady_stage_trade.txt 
WARNING: Unknown symbol AUX_ENDO_LAG_1711_3 in eagle_steady_stage_trade.txt 
WARNING: Unknown symbol AUX_ENDO_LAG_1695_1 in eagle_steady_stage_trade.txt 
WARNING: Unknown symbol AUX_ENDO_LAG_1695_2 in eagle_steady_stage_trade.txt 
WARNING: Unknown symbol AUX_ENDO_LAG_1695_3 in eagle_steady_stage_trade.txt 
WARNING: Unknown symbol AUX_ENDO_LAG_1676_1 in eagle_steady_stage_trade.txt 
WARNING: Unknown symbol AUX_ENDO_LAG_1777_1 in eagle_steady_stage_trade.txt 
WARNING: Unknown symbol AUX_ENDO_LAG_1777_2 in eagle_steady_stage_trade.txt 
WARNING: Unknown symbol AUX_ENDO_LAG_1777_3 in eagle_steady_stage_trade.txt 
WARNING: Unknown symbol AUX_ENDO_LAG_2352_1 in eagle_steady_stage_trade.txt 
WARNING: Unknown symbol AUX_ENDO_LAG_2352_2 in eagle_steady_stage_trade.txt 
WARNING: Unknown symbol AUX_ENDO_LAG_2352_3 in eagle_steady_stage_trade.txt 
WARNING: Unknown symbol AUX_ENDO_LAG_2336_1 in eagle_steady_stage_trade.txt 
WARNING: Unknown symbol AUX_ENDO_LAG_2336_2 in eagle_steady_stage_trade.txt 
WARNING: Unknown symbol AUX_ENDO_LAG_2336_3 in eagle_steady_stage_trade.txt 
WARNING: Unknown symbol AUX_ENDO_LAG_2317_1 in eagle_steady_stage_trade.txt 
WARNING: Unknown symbol AUX_ENDO_LAG_2418_1 in eagle_steady_stage_trade.txt 
WARNING: Unknown symbol AUX_ENDO_LAG_2418_2 in eagle_steady_stage_trade.txt 
WARNING: Unknown symbol AUX_ENDO_LAG_2418_3 in eagle_steady_stage_trade.txt 
WARNING: Unknown symbol AUX_ENDO_LAG_2993_1 in eagle_steady_stage_trade.txt 
WARNING: Unknown symbol AUX_ENDO_LAG_2993_2 in eagle_steady_stage_trade.txt 
WARNING: Unknown symbol AUX_ENDO_LAG_2993_3 in eagle_steady_stage_trade.txt 
WARNING: Unknown symbol AUX_ENDO_LAG_2977_1 in eagle_steady_stage_trade.txt 
WARNING: Unknown symbol AUX_ENDO_LAG_2977_2 in eagle_steady_stage_trade.txt 
WARNING: Unknown symbol AUX_ENDO_LAG_2977_3 in eagle_steady_stage_trade.txt 
WARNING: Unknown symbol AUX_ENDO_LAG_2958_1 in eagle_steady_stage_trade.txt 
WARNING: Unknown symbol AUX_ENDO_LAG_3059_1 in eagle_steady_stage_trade.txt 
WARNING: Unknown symbol AUX_ENDO_LAG_3059_2 in eagle_steady_stage_trade.txt 
WARNING: Unknown symbol AUX_ENDO_LAG_3059_3 in eagle_steady_stage_trade.txt 
WARNING: Unknown symbol AUX_ENDO_LAG_3634_1 in eagle_steady_stage_trade.txt 
WARNING: Unknown symbol AUX_ENDO_LAG_3634_2 in eagle_steady_stage_trade.txt 
WARNING: Unknown symbol AUX_ENDO_LAG_3634_3 in eagle_steady_stage_trade.txt 
WARNING: Unknown symbol AUX_ENDO_LAG_3618_1 in eagle_steady_stage_trade.txt 
WARNING: Unknown symbol AUX_ENDO_LAG_3618_2 in eagle_steady_stage_trade.txt 
WARNING: Unknown symbol AUX_ENDO_LAG_3618_3 in eagle_steady_stage_trade.txt 
WARNING: Unknown symbol AUX_ENDO_LAG_3599_1 in eagle_steady_stage_trade.txt 
WARNING: Unknown symbol AUX_ENDO_LAG_3700_1 in eagle_steady_stage_trade.txt 
WARNING: Unknown symbol AUX_ENDO_LAG_3700_2 in eagle_steady_stage_trade.txt 
WARNING: Unknown symbol AUX_ENDO_LAG_3700_3 in eagle_steady_stage_trade.txt 
WARNING: Unknown symbol AUX_ENDO_LAG_4275_1 in eagle_steady_stage_trade.txt 
WARNING: Unknown symbol AUX_ENDO_LAG_4275_2 in eagle_steady_stage_trade.txt 
WARNING: Unknown symbol AUX_ENDO_LAG_4275_3 in eagle_steady_stage_trade.txt 
WARNING: Unknown symbol AUX_ENDO_LAG_4259_1 in eagle_steady_stage_trade.txt 
WARNING: Unknown symbol AUX_ENDO_LAG_4259_2 in eagle_steady_stage_trade.txt 
WARNING: Unknown symbol AUX_ENDO_LAG_4259_3 in eagle_steady_stage_trade.txt 
WARNING: Unknown symbol AUX_ENDO_LAG_4240_1 in eagle_steady_stage_trade.txt 
WARNING: Unknown symbol AUX_ENDO_LAG_4341_1 in eagle_steady_stage_trade.txt 
WARNING: Unknown symbol AUX_ENDO_LAG_4341_2 in eagle_steady_stage_trade.txt 
WARNING: Unknown symbol AUX_ENDO_LAG_4341_3 in eagle_steady_stage_trade.txt 
WARNING: Unknown symbol AUX_ENDO_LAG_4916_1 in eagle_steady_stage_trade.txt 
WARNING: Unknown symbol AUX_ENDO_LAG_4916_2 in eagle_steady_stage_trade.txt 
WARNING: Unknown symbol AUX_ENDO_LAG_4916_3 in eagle_steady_stage_trade.txt 
WARNING: Unknown symbol AUX_ENDO_LAG_4900_1 in eagle_steady_stage_trade.txt 
WARNING: Unknown symbol AUX_ENDO_LAG_4900_2 in eagle_steady_stage_trade.txt 
WARNING: Unknown symbol AUX_ENDO_LAG_4900_3 in eagle_steady_stage_trade.txt 
WARNING: Unknown symbol AUX_ENDO_LAG_4881_1 in eagle_steady_stage_trade.txt 
WARNING: Unknown symbol AUX_ENDO_LAG_4982_1 in eagle_steady_stage_trade.txt 
WARNING: Unknown symbol AUX_ENDO_LAG_4982_2 in eagle_steady_stage_trade.txt 
WARNING: Unknown symbol AUX_ENDO_LAG_4982_3 in eagle_steady_stage_trade.txt 
WARNING: Unknown symbol AUX_ENDO_LAG_5557_1 in eagle_steady_stage_trade.txt 
WARNING: Unknown symbol AUX_ENDO_LAG_5557_2 in eagle_steady_stage_trade.txt 
WARNING: Unknown symbol AUX_ENDO_LAG_5557_3 in eagle_steady_stage_trade.txt 
WARNING: Unknown symbol AUX_ENDO_LAG_5541_1 in eagle_steady_stage_trade.txt 
WARNING: Unknown symbol AUX_ENDO_LAG_5541_2 in eagle_steady_stage_trade.txt 
WARNING: Unknown symbol AUX_ENDO_LAG_5541_3 in eagle_steady_stage_trade.txt 
WARNING: Unknown symbol AUX_ENDO_LAG_5522_1 in eagle_steady_stage_trade.txt 
WARNING: Unknown symbol AUX_ENDO_LAG_5623_1 in eagle_steady_stage_trade.txt 
WARNING: Unknown symbol AUX_ENDO_LAG_5623_2 in eagle_steady_stage_trade.txt 
WARNING: Unknown symbol AUX_ENDO_LAG_5623_3 in eagle_steady_stage_trade.txt 
WARNING: Unknown symbol AUX_ENDO_LAG_6198_1 in eagle_steady_stage_trade.txt 
WARNING: Unknown symbol AUX_ENDO_LAG_6198_2 in eagle_steady_stage_trade.txt 
WARNING: Unknown symbol AUX_ENDO_LAG_6198_3 in eagle_steady_stage_trade.txt 
WARNING: Unknown symbol AUX_ENDO_LAG_6182_1 in eagle_steady_stage_trade.txt 
WARNING: Unknown symbol AUX_ENDO_LAG_6182_2 in eagle_steady_stage_trade.txt 
WARNING: Unknown symbol AUX_ENDO_LAG_6182_3 in eagle_steady_stage_trade.txt 
WARNING: Unknown symbol AUX_ENDO_LAG_6163_1 in eagle_steady_stage_trade.txt 
WARNING: Unknown symbol AUX_ENDO_LAG_6264_1 in eagle_steady_stage_trade.txt 
WARNING: Unknown symbol AUX_ENDO_LAG_6264_2 in eagle_steady_stage_trade.txt 
WARNING: Unknown symbol AUX_ENDO_LAG_6264_3 in eagle_steady_stage_trade.txt 
WARNING: Unknown symbol AUX_ENDO_LAG_6839_1 in eagle_steady_stage_trade.txt 
WARNING: Unknown symbol AUX_ENDO_LAG_6839_2 in eagle_steady_stage_trade.txt 
WARNING: Unknown symbol AUX_ENDO_LAG_6839_3 in eagle_steady_stage_trade.txt 
WARNING: Unknown symbol AUX_ENDO_LAG_6823_1 in eagle_steady_stage_trade.txt 
WARNING: Unknown symbol AUX_ENDO_LAG_6823_2 in eagle_steady_stage_trade.txt 
WARNING: Unknown symbol AUX_ENDO_LAG_6823_3 in eagle_steady_stage_trade.txt 
WARNING: Unknown symbol AUX_ENDO_LAG_6804_1 in eagle_steady_stage_trade.txt 
WARNING: Unknown symbol AUX_ENDO_LAG_6905_1 in eagle_steady_stage_trade.txt 
WARNING: Unknown symbol AUX_ENDO_LAG_6905_2 in eagle_steady_stage_trade.txt 
WARNING: Unknown symbol AUX_ENDO_LAG_6905_3 in eagle_steady_stage_trade.txt 
WARNING: Unknown symbol AUX_ENDO_LAG_7480_1 in eagle_steady_stage_trade.txt 
WARNING: Unknown symbol AUX_ENDO_LAG_7480_2 in eagle_steady_stage_trade.txt 
WARNING: Unknown symbol AUX_ENDO_LAG_7480_3 in eagle_steady_stage_trade.txt 
WARNING: Unknown symbol AUX_ENDO_LAG_7464_1 in eagle_steady_stage_trade.txt 
WARNING: Unknown symbol AUX_ENDO_LAG_7464_2 in eagle_steady_stage_trade.txt 
WARNING: Unknown symbol AUX_ENDO_LAG_7464_3 in eagle_steady_stage_trade.txt 
WARNING: Unknown symbol AUX_ENDO_LAG_7445_1 in eagle_steady_stage_trade.txt 
WARNING: Unknown symbol AUX_ENDO_LAG_7546_1 in eagle_steady_stage_trade.txt 
WARNING: Unknown symbol AUX_ENDO_LAG_7546_2 in eagle_steady_stage_trade.txt 
WARNING: Unknown symbol AUX_ENDO_LAG_7546_3 in eagle_steady_stage_trade.txt 
WARNING: Unknown symbol AUX_ENDO_LAG_8124_1 in eagle_steady_stage_trade.txt 
WARNING: Unknown symbol AUX_ENDO_LAG_8124_2 in eagle_steady_stage_trade.txt 
WARNING: Unknown symbol AUX_ENDO_LAG_8124_3 in eagle_steady_stage_trade.txt 
WARNING: Unknown symbol AUX_ENDO_LAG_8108_1 in eagle_steady_stage_trade.txt 
WARNING: Unknown symbol AUX_ENDO_LAG_8108_2 in eagle_steady_stage_trade.txt 
WARNING: Unknown symbol AUX_ENDO_LAG_8108_3 in eagle_steady_stage_trade.txt 
WARNING: Unknown symbol AUX_ENDO_LAG_8089_1 in eagle_steady_stage_trade.txt 
WARNING: Unknown symbol AUX_ENDO_LAG_8190_1 in eagle_steady_stage_trade.txt 
WARNING: Unknown symbol AUX_ENDO_LAG_8190_2 in eagle_steady_stage_trade.txt 
WARNING: Unknown symbol AUX_ENDO_LAG_8190_3 in eagle_steady_stage_trade.txt 
WARNING: Unknown symbol AUX_ENDO_LAG_8767_1 in eagle_steady_stage_trade.txt 
WARNING: Unknown symbol AUX_ENDO_LAG_8767_2 in eagle_steady_stage_trade.txt 
WARNING: Unknown symbol AUX_ENDO_LAG_8767_3 in eagle_steady_stage_trade.txt 
WARNING: Unknown symbol AUX_ENDO_LAG_8751_1 in eagle_steady_stage_trade.txt 
WARNING: Unknown symbol AUX_ENDO_LAG_8751_2 in eagle_steady_stage_trade.txt 
WARNING: Unknown symbol AUX_ENDO_LAG_8751_3 in eagle_steady_stage_trade.txt 
WARNING: Unknown symbol AUX_ENDO_LAG_8732_1 in eagle_steady_stage_trade.txt 
WARNING: Unknown symbol AUX_ENDO_LAG_8830_1 in eagle_steady_stage_trade.txt 
WARNING: Unknown symbol AUX_ENDO_LAG_8830_2 in eagle_steady_stage_trade.txt 
WARNING: Unknown symbol AUX_ENDO_LAG_8830_3 in eagle_steady_stage_trade.txt 
WARNING: Unknown symbol AUX_ENDO_LAG_274_1 in eagle_steady_stage_trade.txt 
WARNING: Unknown symbol AUX_ENDO_LAG_450_1 in eagle_steady_stage_trade.txt 
WARNING: Unknown symbol AUX_ENDO_LAG_915_1 in eagle_steady_stage_trade.txt 
WARNING: Unknown symbol AUX_ENDO_LAG_1091_1 in eagle_steady_stage_trade.txt 
WARNING: Unknown symbol AUX_ENDO_LAG_1556_1 in eagle_steady_stage_trade.txt 
WARNING: Unknown symbol AUX_ENDO_LAG_1732_1 in eagle_steady_stage_trade.txt 
WARNING: Unknown symbol AUX_ENDO_LAG_2197_1 in eagle_steady_stage_trade.txt 
WARNING: Unknown symbol AUX_ENDO_LAG_2373_1 in eagle_steady_stage_trade.txt 
WARNING: Unknown symbol AUX_ENDO_LAG_2838_1 in eagle_steady_stage_trade.txt 
WARNING: Unknown symbol AUX_ENDO_LAG_3014_1 in eagle_steady_stage_trade.txt 
WARNING: Unknown symbol AUX_ENDO_LAG_3479_1 in eagle_steady_stage_trade.txt 
WARNING: Unknown symbol AUX_ENDO_LAG_3655_1 in eagle_steady_stage_trade.txt 
WARNING: Unknown symbol AUX_ENDO_LAG_4120_1 in eagle_steady_stage_trade.txt 
WARNING: Unknown symbol AUX_ENDO_LAG_4296_1 in eagle_steady_stage_trade.txt 
WARNING: Unknown symbol AUX_ENDO_LAG_4761_1 in eagle_steady_stage_trade.txt 
WARNING: Unknown symbol AUX_ENDO_LAG_4937_1 in eagle_steady_stage_trade.txt 
WARNING: Unknown symbol AUX_ENDO_LAG_5402_1 in eagle_steady_stage_trade.txt 
WARNING: Unknown symbol AUX_ENDO_LAG_5578_1 in eagle_steady_stage_trade.txt 
WARNING: Unknown symbol AUX_ENDO_LAG_6043_1 in eagle_steady_stage_trade.txt 
WARNING: Unknown symbol AUX_ENDO_LAG_6219_1 in eagle_steady_stage_trade.txt 
WARNING: Unknown symbol AUX_ENDO_LAG_6860_1 in eagle_steady_stage_trade.txt 
WARNING: Unknown symbol AUX_ENDO_LAG_3_1 in eagle_steady_stage_trade.txt 
WARNING: Unknown symbol AUX_ENDO_LAG_3_2 in eagle_steady_stage_trade.txt 
WARNING: Unknown symbol AUX_ENDO_LAG_3_3 in eagle_steady_stage_trade.txt 
Substitution of endo lags >= 2: added 220 auxiliary variables and equations. 
Found 7520 equation(s). 
Evaluating expressions... 
Computing static model derivatives (order 1). 
Normalizing the static model... 
Finding the optimal block decomposition of the static model... 
434 block(s) found: 
  429 recursive block(s) and 5 simultaneous block(s). 
  the largest simultaneous block has 2717 equation(s) 
                                 and 2717 feedback variable(s). 
Computing dynamic model derivatives (order 1). 
Normalizing the dynamic model... 
Finding the optimal block decomposition of the dynamic model... 
175 block(s) found: 
  174 recursive block(s) and 1 simultaneous block(s). 
  the largest simultaneous block has 4352 equation(s) 
                                 and 3798 feedback variable(s). 
JSON written after Computing step. 
Preprocessing completed. 
Preprocessing time: 0h00m30s.
MODEL STEADY STATE: (method=Sparse Gaussian Elimination)
------------------------------------
      Iteration no. 1
      Inf-norm error = 2.049e-01
      2-norm error   = 4.250e-01
      1-norm error   = 1.442e+00
------------------------------------
MODEL STEADY STATE: (method=Sparse Gaussian Elimination)
------------------------------------
      Iteration no. 2
      Inf-norm error = 8.377e-02
      2-norm error   = 9.183e-02
      1-norm error   = 1.576e-01
------------------------------------

STEADY-STATE RESULTS:

EA_bf               		 -19.6031
EA_m                		 1.04357
EA_pic4             		 1.02
EA_y                		 4.76766
EA_ygrowth          		 1
EA_ygrowth4         		 1
EA_z                		 1
RAAT_excy           		 0.00724852
RABE_excy           		 0.00960798
RAES_excy           		 0.00828088
RAFI_excy           		 0.00352757
RAFR_excy           		 0.0217481
RAGR_excy           		 0.00197351
RAIT_excy           		 0.0271754
RANL_excy           		 0.00719903
RAPT_excy           		 0.00143273
RADE_excy           		 0.0410722
RARU_excy           		 0.0282662
RARW_excy           		 0.198828
RAUS_excy           		 0.0644097
RAAT_exiy           		 0.00350322
RABE_exiy           		 0.0034434
RAES_exiy           		 0.00457911
RAFI_exiy           		 0.00182848
RAFR_exiy           		 0.00967321
RAGR_exiy           		 0.000559789
RAIT_exiy           		 0.00975141
RANL_exiy           		 0.00378936
RAPT_exiy           		 0.000562358
RADE_exiy           		 0.0189439
RARU_exiy           		 0.013379
RARW_exiy           		 0.0657648
RAUS_exiy           		 0.0122063
RA_fx               		 10.0649
RAAT_gammaimc       		 0
RABE_gammaimc       		 0
RAES_gammaimc       		 0
RAFI_gammaimc       		 0
RAFR_gammaimc       		 0
RAGR_gammaimc       		 0
RAIT_gammaimc       		 0
RANL_gammaimc       		 0
RAPT_gammaimc       		 0
RADE_gammaimc       		 0
RARU_gammaimc       		 0
RARW_gammaimc       		 0
RAUS_gammaimc       		 0
RAAT_gammaimcdag    		 1
RABE_gammaimcdag    		 1
RAES_gammaimcdag    		 1
RAFI_gammaimcdag    		 1
RAFR_gammaimcdag    		 1
RAGR_gammaimcdag    		 1
RAIT_gammaimcdag    		 1
RANL_gammaimcdag    		 1
RAPT_gammaimcdag    		 1
RADE_gammaimcdag    		 1
RARU_gammaimcdag    		 1
RARW_gammaimcdag    		 1
RAUS_gammaimcdag    		 1
RAAT_gammaimi       		 0
RABE_gammaimi       		 0
RAES_gammaimi       		 0
RAFI_gammaimi       		 0
RAFR_gammaimi       		 0
RAGR_gammaimi       		 0
RAIT_gammaimi       		 0
RANL_gammaimi       		 0
RAPT_gammaimi       		 0
RADE_gammaimi       		 0
RARU_gammaimi       		 0
RARW_gammaimi       		 0
RAUS_gammaimi       		 0
RAAT_gammaimidag    		 1
RABE_gammaimidag    		 1
RAES_gammaimidag    		 1
RAFI_gammaimidag    		 1
RAFR_gammaimidag    		 1
RAGR_gammaimidag    		 1
RAIT_gammaimidag    		 1
RANL_gammaimidag    		 1
RAPT_gammaimidag    		 1
RADE_gammaimidag    		 1
RARU_gammaimidag    		 1
RARW_gammaimidag    		 1
RAUS_gammaimidag    		 1
RAAT_gammaimcg      		 0
RABE_gammaimcg      		 0
RAES_gammaimcg      		 0
RAFI_gammaimcg      		 0
RAFR_gammaimcg      		 0
RAGR_gammaimcg      		 0
RAIT_gammaimcg      		 0
RANL_gammaimcg      		 0
RAPT_gammaimcg      		 0
RADE_gammaimcg      		 0
RARU_gammaimcg      		 0
RARW_gammaimcg      		 0
RAUS_gammaimcg      		 0
RAAT_gammaimcgdag   		 1
RABE_gammaimcgdag   		 1
RAES_gammaimcgdag   		 1
RAFI_gammaimcgdag   		 1
RAFR_gammaimcgdag   		 1
RAGR_gammaimcgdag   		 1
RAIT_gammaimcgdag   		 1
RANL_gammaimcgdag   		 1
RAPT_gammaimcgdag   		 1
RADE_gammaimcgdag   		 1
RARU_gammaimcgdag   		 1
RARW_gammaimcgdag   		 1
RAUS_gammaimcgdag   		 1
RAAT_gammaimig      		 0
RABE_gammaimig      		 0
RAES_gammaimig      		 0
RAFI_gammaimig      		 0
RAFR_gammaimig      		 0
RAGR_gammaimig      		 0
RAIT_gammaimig      		 0
RANL_gammaimig      		 0
RAPT_gammaimig      		 0
RADE_gammaimig      		 0
RARU_gammaimig      		 0
RARW_gammaimig      		 0
RAUS_gammaimig      		 0
RAAT_gammaimigdag   		 1
RABE_gammaimigdag   		 1
RAES_gammaimigdag   		 1
RAFI_gammaimigdag   		 1
RAFR_gammaimigdag   		 1
RAGR_gammaimigdag   		 1
RAIT_gammaimigdag   		 1
RANL_gammaimigdag   		 1
RAPT_gammaimigdag   		 1
RADE_gammaimigdag   		 1
RARU_gammaimigdag   		 1
RARW_gammaimigdag   		 1
RAUS_gammaimigdag   		 1
RA_gx               		 12.0779
RAAT_im             		 0.0325694
RABE_im             		 0.0479293
RAES_im             		 0.0391055
RAFI_im             		 0.016178
RAFR_im             		 0.107612
RAGR_im             		 0.0139504
RAIT_im             		 0.0833125
RANL_im             		 0.0616401
RAPT_im             		 0.00786764
RADE_im             		 0.170542
RARU_im             		 0.155988
RARW_im             		 0.67969
RAUS_im             		 0.256371
RAAT_imc            		 0.0190908
RABE_imc            		 0.0272889
RAES_imc            		 0.0250237
RAFI_imc            		 0.00783591
RAFR_imc            		 0.050385
RAGR_imc            		 0.0105376
RAIT_imc            		 0.0461951
RANL_imc            		 0.0349398
RAPT_imc            		 0.00573887
RADE_imc            		 0.0841424
RARU_imc            		 0.0917676
RARW_imc            		 0.396505
RAUS_imc            		 0.108483
RAAT_imcy           		 0.00482255
RABE_imcy           		 0.00677087
RAES_imcy           		 0.00564473
RAFI_imcy           		 0.00179837
RAFR_imcy           		 0.0112302
RAGR_imcy           		 0.00204108
RAIT_imcy           		 0.0113098
RANL_imcy           		 0.00674784
RAPT_imcy           		 0.00125343
RADE_imcy           		 0.0199085
RARU_imcy           		 0.0201682
RARW_imcy           		 0.0770838
RAUS_imcy           		 0.0217596
RAAT_imi            		 0.00997678
RABE_imi            		 0.0145332
RAES_imi            		 0.0104477
RAFI_imi            		 0.00679585
RAFR_imi            		 0.0472727
RAGR_imi            		 0.00238547
RAIT_imi            		 0.0292703
RANL_imi            		 0.0196015
RAPT_imi            		 0.00155659
RADE_imi            		 0.0693035
RARU_imi            		 0.048271
RARW_imi            		 0.213159
RAUS_imi            		 0.119929
RAAT_imiy           		 0.00252024
RABE_imiy           		 0.00360597
RAES_imiy           		 0.00235674
RAFI_imiy           		 0.00155967
RAFR_imiy           		 0.0105365
RAGR_imiy           		 0.000462054
RAIT_imiy           		 0.00716616
RANL_imiy           		 0.00378559
RAPT_imiy           		 0.000339974
RADE_imiy           		 0.0163975
RARU_imiy           		 0.0106087
RARW_imiy           		 0.0414399
RAUS_imiy           		 0.0240554
RAAT_imcg           		 0.00311794
RABE_imcg           		 0.0055472
RAES_imcg           		 0.00323082
RAFI_imcg           		 0.00128489
RAFR_imcg           		 0.00813309
RAGR_imcg           		 0.000934403
RAIT_imcg           		 0.00672021
RANL_imcg           		 0.00634282
RAPT_imcg           		 0.000512669
RADE_imcg           		 0.0144295
RARU_imcg           		 0.0140895
RARW_imcg           		 0.0618228
RAUS_imcg           		 0.0233413
RAAT_imcgy          		 0.000787624
RABE_imcgy          		 0.00137636
RAES_imcgy          		 0.000728793
RAFI_imcgy          		 0.000294886
RAFR_imcgy          		 0.00181277
RAGR_imcgy          		 0.000180989
RAIT_imcgy          		 0.00164529
RANL_imcgy          		 0.00122497
RAPT_imcgy          		 0.000111972
RADE_imcgy          		 0.00341409
RARU_imcgy          		 0.0030965
RARW_imcgy          		 0.0120189
RAUS_imcgy          		 0.00468181
RAAT_imig           		 0.000383814
RABE_imig           		 0.000559968
RAES_imig           		 0.000403306
RAFI_imig           		 0.000261338
RAFR_imig           		 0.00182135
RAGR_imig           		 9.29258e-05
RAIT_imig           		 0.00112686
RANL_imig           		 0.000755975
RAPT_imig           		 5.95073e-05
RADE_imig           		 0.00266624
RARU_imig           		 0.00186013
RARW_imig           		 0.00820308
RAUS_imig           		 0.00461749
RAAT_imigy          		 9.69556e-05
RABE_imigy          		 0.000138938
RAES_imigy          		 9.09759e-05
RAFI_imigy          		 5.99779e-05
RAFR_imigy          		 0.000405957
RAGR_imigy          		 1.79993e-05
RAIT_imigy          		 0.000275886
RANL_imigy          		 0.000146
RAPT_imigy          		 1.2997e-05
RADE_imigy          		 0.000630844
RARU_imigy          		 0.00040881
RARW_imigy          		 0.00159475
RAUS_imigy          		 0.000926178
RA_piex             		 1.00496
RA_pextilde         		 0.914881
RAAT_rer            		 1.23968
RABE_rer            		 1.19028
RAES_rer            		 1.14847
RAFI_rer            		 1.15502
RAFR_rer            		 1.13897
RAGR_rer            		 1.02384
RAIT_rer            		 1.22569
RANL_rer            		 1.03697
RAPT_rer            		 1.12585
RADE_rer            		 1.18379
RARU_rer            		 1.12501
RARW_rer            		 0.974794
RAUS_rer            		 0.989926
RA_sx               		 1
RAAT_tot            		 1.31623
RABE_tot            		 1.29282
RAES_tot            		 1.17536
RAFI_tot            		 1.19583
RAFR_tot            		 1.16136
RAGR_tot            		 1.00925
RAIT_tot            		 1.27567
RANL_tot            		 1.00629
RAPT_tot            		 1.13802
RADE_tot            		 1.23283
RARU_tot            		 1.14514
RARW_tot            		 1.01297
RAUS_tot            		 1.04513
RAAT_weight         		 0.0193639
RABE_weight         		 0.0262978
RAES_weight         		 0.0247058
RAFI_weight         		 0.00959126
RAFR_weight         		 0.0603153
RAGR_weight         		 0.00570529
RAIT_weight         		 0.0603373
RANL_weight         		 0.0257203
RAPT_weight         		 0.00419186
RADE_weight         		 0.10827
RARU_weight         		 0.0790449
RARW_weight         		 0.437681
RAUS_weight         		 0.138775
RAAT_weightex       		 0.0171706
RABE_weightex       		 0.0222091
RAES_weightex       		 0.0244961
RAFI_weightex       		 0.00906446
RAFR_weightex       		 0.056019
RAGR_weightex       		 0.0046296
RAIT_weightex       		 0.0615958
RANL_weightex       		 0.0212991
RAPT_weightex       		 0.00381389
RADE_weightex       		 0.104736
RARU_weightex       		 0.0690147
RARW_weightex       		 0.471248
RAUS_weightex       		 0.134704
RAAT_weightim       		 0.0234028
RABE_weightim       		 0.0338273
RAES_weightim       		 0.0250921
RAFI_weightim       		 0.0105614
RAFR_weightim       		 0.068227
RAGR_weightim       		 0.00768622
RAIT_weightim       		 0.0580198
RANL_weightim       		 0.0338622
RAPT_weightim       		 0.00488791
RADE_weightim       		 0.114779
RARU_weightim       		 0.097516
RARW_weightim       		 0.375866
RAUS_weightim       		 0.146273
RA_b                		 12.5039
RA_bf               		 -116.158
RA_by               		 2.62411
RA_c                		 1.41064
RA_ci               		 1.36672
RA_cj               		 1.54238
RA_cy               		 0.295917
RA_d                		 0.65194
RA_dn               		 0.0903011
RA_dt               		 0.561639
RA_epsilonm         		 -0.750004
RA_etot             		 1.09132
RA_ex               		 3.37328
RA_fh               		 10.2313
RA_fi               		 184.375
RA_fj               		 6.82871
RA_fn               		 4.72867
RA_cg               		 0.844627
RA_gammab           		 0
RA_gammai           		 0
RA_gammaider        		 0
RA_gammau           		 1.38778e-17
RA_gammauder        		 0.0328984
RA_gammav           		 0.000142491
RA_gammavi          		 0.000101012
RA_gammavider       		 0.00216513
RA_gammavj          		 0.000101012
RA_gammavjder       		 0.00216513
RA_gh               		 12.2776
RA_gi               		 18.6916
RA_gj               		 5.39234
RA_gn               		 7.093
RA_cgy              		 0.1732
RA_ht               		 1.16448
RA_htc              		 0.384326
RA_hti              		 0.105577
RA_htcg             		 0.54342
RA_htig             		 0.13116
RA_i                		 0.905836
RA_ig               		 0.187769
RA_ii               		 1.20778
RA_im               		 1.65556
RA_imc              		 0.898431
RA_imcy             		 0.190539
RA_imi              		 0.586604
RA_imiy             		 0.124834
RA_imcg             		 0.14794
RA_imcgy            		 0.0313749
RA_imig             		 0.0225849
RA_imigy            		 0.00480627
RA_imy              		 0.351555
RA_exy              		 0.6474
RA_internalrer      		 1.16144
RA_iy               		 0.196796
RA_igy              		 0.0383
RA_k                		 36.2334
RA_kd               		 36.2334
RA_kdn              		 4.62426
RA_kdt              		 31.6092
RA_ki               		 48.3112
RA_lambdai          		 1.80903
RA_lambdaj          		 1.56567
RA_lcy              		 0.604267
RA_m                		 0.592704
RA_mcn              		 0.762401
RA_mct              		 0.762401
RA_mi               		 0.574253
RA_mj               		 0.64806
RA_mp               		 0.00292706
RA_mpy              		 0.000614285
RA_nd               		 2.06657
RA_ndi              		 1.15084
RA_ndj              		 0.962715
RA_ndn              		 0.263744
RA_ndt              		 1.80283
RA_ni               		 1.15084
RA_nj               		 0.962715
RA_nt               		 0.538195
RA_ntc              		 0.131923
RA_nti              		 0.215506
RA_ntcg             		 0.156146
RA_ntig             		 0.0346206
RA_pex              		 0.914881
RA_pht              		 0.914881
RA_phttilde         		 0.914882
RA_pi               		 1.03565
RA_pcg              		 0.977115
RA_pig              		 0.971936
RA_pic              		 1.00496
RA_pic4             		 1.02
RA_piex4            		 1.02
RA_piht             		 1.00496
RA_piimc            		 1.00496
RA_piimi            		 1.00496
RA_piimcg           		 1.00496
RA_piimig           		 1.00496
RA_piimc4           		 1.02
RA_pim              		 1.01226
RA_pimc             		 1.01098
RA_pimi             		 1.01446
RA_pimcg            		 1.01098
RA_pimig            		 1.01446
RA_pint             		 1.00496
RA_piw              		 1.00496
RA_piw4             		 1.02
RA_pnt              		 1.1436
RA_pnttilde         		 1.1436
RA_pttc             		 0.984639
RA_ptti             		 1.00085
RA_pttcg            		 0.937538
RA_pttig            		 0.9312
RA_py               		 0.939132
RA_q                		 1.03565
RA_qc               		 1.41078
RA_qi               		 0.905836
RA_qcg              		 0.844627
RA_qig              		 0.187769
RA_r                		 1.01242
RA_reer             		 1.05152
RA_rer              		 0.989926
RA_rerdep           		 1
RA_rk               		 0.0340712
RA_rp               		 0
RA_rr               		 1.00742
RA_rrstar           		 1.00742
RA_sh               		 1
RA_si               		 1
RA_sj               		 1
RA_snt              		 1
RA_t                		 0.350755
RA_tauc             		 0.2443
RA_taud             		 0
RA_tauk             		 0.061
RA_taun             		 0.1893
RA_tauwf            		 0.1465
RA_tauwh            		 0.0797
RA_tb               		 1.41029
RA_tby              		 0.295845
RA_ti               		 0.420906
RA_tj               		 0.140302
RA_tot              		 1.04513
RA_tr               		 0.660905
RA_tri              		 0.440604
RA_trj              		 1.32181
RA_try              		 0.1387
RA_ttc              		 1.27957
RA_tti              		 0.691085
RA_ttcg             		 0.689816
RA_ttig             		 0.153466
RA_ty               		 0.0736107
RA_u                		 1
RA_utili            		 -138.715
RA_utilj            		 -95.0496
RA_vi               		 2.38
RA_vj               		 2.38
RA_w                		 1.21576
RA_wcst             		 0
RA_whty             		 0.527955
RA_wi               		 1.3023
RA_witilde          		 1.3023
RA_wj               		 1.05299
RA_wjtilde          		 1.05299
RA_wnty             		 0.520976
RA_wy               		 0.527054
RA_y                		 5.07596
RA_ygap             		 0.000297379
RA_ygrowth          		 1
RA_ygrowth4         		 1
RA_yhty             		 0.870887
RA_ynty             		 0.129113
RA_yshare           		 0.00920014
RA_ysn              		 0.538195
RA_yst              		 4.53776
RA_zcon             		 1
RA_zinv             		 1
RA_zn               		 1
RA_zt               		 1
RA_grev             		 1.76031
RA_gexp             		 1.76031
RA_grevy            		 0.369425
RA_gexpy            		 0.369425
RA_gbal             		 1.03295e-12
RA_gbaly            		 2.16779e-13
RA_br               		 0.0916061
RA_bry              		 0.0192248
RA_gpbal            		 0.0916061
RA_gpbaly           		 0.0192248
RA_tn               		 0.675852
RA_tny              		 0.141837
RA_tc               		 0.344618
RA_tcy              		 0.0723229
RA_twf              		 0.368076
RA_twfy             		 0.0772457
RA_tk               		 0.0180797
RA_tky              		 0.00379427
RA_lhs              		 14.7006
RA_rhs              		 14.7006
ATRA_excy           		 0.00788492
ATBE_excy           		 0.00199234
ATES_excy           		 0.00317919
ATFI_excy           		 0.000825727
ATFR_excy           		 0.00777723
ATGR_excy           		 0.00117536
ATIT_excy           		 0.0175037
ATNL_excy           		 0.00461173
ATPT_excy           		 0.000549373
ATDE_excy           		 0.0577225
ATRU_excy           		 0.0221593
ATRW_excy           		 0.069378
ATUS_excy           		 0.0153239
ATRA_exiy           		 0.00412062
ATBE_exiy           		 0.00115732
ATES_exiy           		 0.00221215
ATFI_exiy           		 0.000609056
ATFR_exiy           		 0.00424149
ATGR_exiy           		 0.000534197
ATIT_exiy           		 0.00748965
ATNL_exiy           		 0.0017183
ATPT_exiy           		 0.000350797
ATDE_exiy           		 0.027166
ATRU_exiy           		 0.0123194
ATRW_exiy           		 0.0455691
ATUS_exiy           		 0.00841045
AT_fx               		 4.52494
ATRA_gammaimc       		 0
ATBE_gammaimc       		 0
ATES_gammaimc       		 0
ATFI_gammaimc       		 0
ATFR_gammaimc       		 0
ATGR_gammaimc       		 0
ATIT_gammaimc       		 0
ATNL_gammaimc       		 0
ATPT_gammaimc       		 0
ATDE_gammaimc       		 0
ATRU_gammaimc       		 0
ATRW_gammaimc       		 0
ATUS_gammaimc       		 0
ATRA_gammaimcdag    		 1
ATBE_gammaimcdag    		 1
ATES_gammaimcdag    		 1
ATFI_gammaimcdag    		 1
ATFR_gammaimcdag    		 1
ATGR_gammaimcdag    		 1
ATIT_gammaimcdag    		 1
ATNL_gammaimcdag    		 1
ATPT_gammaimcdag    		 1
ATDE_gammaimcdag    		 1
ATRU_gammaimcdag    		 1
ATRW_gammaimcdag    		 1
ATUS_gammaimcdag    		 1
ATRA_gammaimi       		 0
ATBE_gammaimi       		 0
ATES_gammaimi       		 0
ATFI_gammaimi       		 0
ATFR_gammaimi       		 0
ATGR_gammaimi       		 0
ATIT_gammaimi       		 0
ATNL_gammaimi       		 0
ATPT_gammaimi       		 0
ATDE_gammaimi       		 0
ATRU_gammaimi       		 0
ATRW_gammaimi       		 0
ATUS_gammaimi       		 0
ATRA_gammaimidag    		 1
ATBE_gammaimidag    		 1
ATES_gammaimidag    		 1
ATFI_gammaimidag    		 1
ATFR_gammaimidag    		 1
ATGR_gammaimidag    		 1
ATIT_gammaimidag    		 1
ATNL_gammaimidag    		 1
ATPT_gammaimidag    		 1
ATDE_gammaimidag    		 1
ATRU_gammaimidag    		 1
ATRW_gammaimidag    		 1
ATUS_gammaimidag    		 1
ATRA_gammaimcg      		 0
ATBE_gammaimcg      		 0
ATES_gammaimcg      		 0
ATFI_gammaimcg      		 0
ATFR_gammaimcg      		 0
ATGR_gammaimcg      		 0
ATIT_gammaimcg      		 0
ATNL_gammaimcg      		 0
ATPT_gammaimcg      		 0
ATDE_gammaimcg      		 0
ATRU_gammaimcg      		 0
ATRW_gammaimcg      		 0
ATUS_gammaimcg      		 0
ATRA_gammaimcgdag   		 1
ATBE_gammaimcgdag   		 1
ATES_gammaimcgdag   		 1
ATFI_gammaimcgdag   		 1
ATFR_gammaimcgdag   		 1
ATGR_gammaimcgdag   		 1
ATIT_gammaimcgdag   		 1
ATNL_gammaimcgdag   		 1
ATPT_gammaimcgdag   		 1
ATDE_gammaimcgdag   		 1
ATRU_gammaimcgdag   		 1
ATRW_gammaimcgdag   		 1
ATUS_gammaimcgdag   		 1
ATRA_gammaimig      		 0
ATBE_gammaimig      		 0
ATES_gammaimig      		 0
ATFI_gammaimig      		 0
ATFR_gammaimig      		 0
ATGR_gammaimig      		 0
ATIT_gammaimig      		 0
ATNL_gammaimig      		 0
ATPT_gammaimig      		 0
ATDE_gammaimig      		 0
ATRU_gammaimig      		 0
ATRW_gammaimig      		 0
ATUS_gammaimig      		 0
ATRA_gammaimigdag   		 1
ATBE_gammaimigdag   		 1
ATES_gammaimigdag   		 1
ATFI_gammaimigdag   		 1
ATFR_gammaimigdag   		 1
ATGR_gammaimigdag   		 1
ATIT_gammaimigdag   		 1
ATNL_gammaimigdag   		 1
ATPT_gammaimigdag   		 1
ATDE_gammaimigdag   		 1
ATRU_gammaimigdag   		 1
ATRW_gammaimigdag   		 1
ATUS_gammaimigdag   		 1
AT_gx               		 5.42992
ATRA_im             		 0.103073
ATBE_im             		 0.0173738
ATES_im             		 0.0240296
ATFI_im             		 0.00779756
ATFR_im             		 0.0461017
ATGR_im             		 0.00673358
ATIT_im             		 0.0923295
ATNL_im             		 0.0401355
ATPT_im             		 0.00630891
ATDE_im             		 0.406889
ATRU_im             		 0.173152
ATRW_im             		 0.410427
ATUS_im             		 0.0652719
ATRA_imc            		 0.0617377
ATBE_imc            		 0.00996942
ATES_imc            		 0.0147359
ATFI_imc            		 0.00339835
ATFR_imc            		 0.0261746
ATGR_imc            		 0.00583531
ATIT_imc            		 0.0593687
ATNL_imc            		 0.0244207
ATPT_imc            		 0.004011
ATDE_imc            		 0.216647
ATRU_imc            		 0.100093
ATRW_imc            		 0.245179
ATUS_imc            		 0.0337131
ATRA_imcy           		 0.0118514
ATBE_imcy           		 0.00247416
ATES_imcy           		 0.00332481
ATFI_imcy           		 0.000780111
ATFR_imcy           		 0.00583536
ATGR_imcy           		 0.00113053
ATIT_imcy           		 0.0145384
ATNL_imcy           		 0.00471739
ATPT_imcy           		 0.000876243
ATDE_imcy           		 0.0512715
ATRU_imcy           		 0.022003
ATRW_imcy           		 0.0476757
ATUS_imcy           		 0.00676374
ATRA_imi            		 0.0298379
ATBE_imi            		 0.00526147
ATES_imi            		 0.00703373
ATFI_imi            		 0.00358481
ATFR_imi            		 0.0155224
ATGR_imi            		 0.000619527
ATIT_imi            		 0.0264577
ATNL_imi            		 0.0116196
ATPT_imi            		 0.00187684
ATDE_imi            		 0.154977
ATRU_imi            		 0.0542915
ATRW_imi            		 0.118828
ATUS_imi            		 0.0210288
ATRA_imiy           		 0.0057278
ATBE_imiy           		 0.00130577
ATES_imiy           		 0.001587
ATFI_imiy           		 0.000822915
ATFR_imiy           		 0.00346055
ATGR_imiy           		 0.000120027
ATIT_imiy           		 0.00647903
ATNL_imiy           		 0.00224459
ATPT_imiy           		 0.000410013
ATDE_imiy           		 0.0366767
ATRU_imiy           		 0.0119346
ATRW_imiy           		 0.0231064
ATUS_imiy           		 0.00421893
ATRA_imcg           		 0.0105345
ATBE_imcg           		 0.00197373
ATES_imcg           		 0.00203399
ATFI_imcg           		 0.000696809
ATFR_imcg           		 0.00390685
ATGR_imcg           		 0.000258093
ATIT_imcg           		 0.00564989
ATNL_imcg           		 0.00372242
ATPT_imcg           		 0.000361573
ATDE_imcg           		 0.0302711
ATRU_imcg           		 0.0170164
ATRW_imcg           		 0.0425938
ATUS_imcg           		 0.00985697
ATRA_imcgy          		 0.00202224
ATBE_imcgy          		 0.00048983
ATES_imcgy          		 0.000458923
ATFI_imcgy          		 0.000159957
ATFR_imcgy          		 0.000870992
ATGR_imcgy          		 5.00028e-05
ATIT_imcgy          		 0.00138356
ATNL_imcgy          		 0.000719068
ATPT_imcgy          		 7.89893e-05
ATDE_imcgy          		 0.00716392
ATRU_imcgy          		 0.00374062
ATRW_imcgy          		 0.00828248
ATUS_imcgy          		 0.00197757
ATRA_imig           		 0.000963368
ATBE_imig           		 0.000169178
ATES_imig           		 0.000226001
ATFI_imig           		 0.000117588
ATFR_imig           		 0.000497893
ATGR_imig           		 2.06476e-05
ATIT_imig           		 0.000853207
ATNL_imig           		 0.000372764
ATPT_imig           		 5.95e-05
ATDE_imig           		 0.00499383
ATRU_imig           		 0.00175077
ATRW_imig           		 0.00382592
ATUS_imig           		 0.000673093
ATRA_imigy          		 0.000184932
ATBE_imigy          		 4.19859e-05
ATES_imigy          		 5.09919e-05
ATFI_imigy          		 2.6993e-05
ATFR_imigy          		 0.000111
ATGR_imigy          		 4.00026e-06
ATIT_imigy          		 0.000208936
ATNL_imigy          		 7.20075e-05
ATPT_imigy          		 1.29984e-05
ATDE_imigy          		 0.00118183
ATRU_imigy          		 0.000384862
ATRW_imigy          		 0.000743961
ATUS_imigy          		 0.00013504
AT_piex             		 1.00496
AT_pextilde         		 0.971373
ATRA_rer            		 0.806659
ATBE_rer            		 0.960153
ATES_rer            		 0.926425
ATFI_rer            		 0.931711
ATFR_rer            		 0.91876
ATGR_rer            		 0.82589
ATIT_rer            		 0.988711
ATNL_rer            		 0.836485
ATPT_rer            		 0.908176
ATDE_rer            		 0.954912
ATRU_rer            		 0.9075
ATRW_rer            		 0.786326
ATUS_rer            		 0.798532
AT_sx               		 1
ATRA_tot            		 0.759746
ATBE_tot            		 0.982217
ATES_tot            		 0.892976
ATFI_tot            		 0.908526
ATFR_tot            		 0.882341
ATGR_tot            		 0.766773
ATIT_tot            		 0.969186
ATNL_tot            		 0.764527
ATPT_tot            		 0.86461
ATDE_tot            		 0.936637
ATRU_tot            		 0.870012
ATRW_tot            		 0.769596
ATUS_tot            		 0.79403
ATRA_weight         		 0.0490815
ATBE_weight         		 0.0129727
ATES_weight         		 0.0185363
ATFI_weight         		 0.00552144
ATFR_weight         		 0.038133
ATGR_weight         		 0.00483066
ATIT_weight         		 0.0727687
ATNL_weight         		 0.023959
ATPT_weight         		 0.00378021
ATDE_weight         		 0.267782
ATRU_weight         		 0.110746
ATRW_weight         		 0.326731
ATUS_weight         		 0.0651579
ATRA_weightex       		 0.0353132
ATBE_weightex       		 0.0118772
ATES_weightex       		 0.0190193
ATFI_weightex       		 0.00518039
ATFR_weightex       		 0.0415529
ATGR_weightex       		 0.00525678
ATIT_weightex       		 0.0709912
ATNL_weightex       		 0.0225183
ATPT_weightex       		 0.00312346
ATDE_weightex       		 0.224967
ATRU_weightex       		 0.0979184
ATRW_weightex       		 0.378905
ATUS_weightex       		 0.0833777
ATRA_weightim       		 0.0655408
ATBE_weightim       		 0.0142823
ATES_weightim       		 0.017959
ATFI_weightim       		 0.00592914
ATFR_weightim       		 0.0340447
ATGR_weightim       		 0.00432125
ATIT_weightim       		 0.0748935
ATNL_weightim       		 0.0256814
ATPT_weightim       		 0.00456532
ATDE_weightim       		 0.318965
ATRU_weightim       		 0.126081
ATRW_weightim       		 0.264359
ATUS_weightim       		 0.043377
AT_b                		 13.6202
AT_bf               		 -23.1619
AT_by               		 3.54396
AT_c                		 1.84667
AT_ci               		 1.87284
AT_cj               		 1.76814
AT_cy               		 0.480345
AT_d                		 0.208373
AT_dn               		 0.169036
AT_dt               		 0.0393372
AT_epsilonm         		 -0.750004
AT_etot             		 0.847717
AT_ex               		 1.42835
AT_fh               		 12.5326
AT_fi               		 217.837
AT_fj               		 8.06803
AT_fn               		 8.85077
AT_cg               		 0.821906
AT_gammab           		 0
AT_gammai           		 0
AT_gammaider        		 0
AT_gammau           		 -2.47503e-17
AT_gammauder        		 0.0328433
AT_gammav           		 0.000186535
AT_gammavi          		 0.000101012
AT_gammavider       		 0.00216513
AT_gammavj          		 0.000101012
AT_gammavjder       		 0.00216513
AT_gh               		 15.0391
AT_gi               		 11.2416
AT_gj               		 4.04493
AT_gn               		 13.2761
AT_cgy              		 0.2136
AT_ht               		 1.34344
AT_htc              		 0.482363
AT_hti              		 0.227282
AT_htcg             		 0.550309
AT_htig             		 0.0834877
AT_i                		 0.857359
AT_ig               		 0.118967
AT_ii               		 1.14315
AT_im               		 1.38467
AT_imc              		 0.796491
AT_imcy             		 0.173242
AT_imi              		 0.446276
AT_imiy             		 0.0980943
AT_imcg             		 0.127527
AT_imcgy            		 0.0273982
AT_imig             		 0.0143736
AT_imigy            		 0.00315954
AT_imy              		 0.301894
AT_exy              		 0.360899
AT_internalrer      		 1.35931
AT_iy               		 0.21598
AT_igy              		 0.0311
AT_k                		 34.2944
AT_kd               		 34.2944
AT_kdn              		 9.2711
AT_kdt              		 25.0232
AT_ki               		 45.7258
AT_lambdai          		 1.22727
AT_lambdaj          		 1.32479
AT_lcy              		 0.662059
AT_m                		 0.775911
AT_mcn              		 0.809478
AT_mct              		 0.809478
AT_mi               		 0.786909
AT_mj               		 0.742915
AT_mp               		 0.00383183
AT_mpy              		 0.000997036
AT_nd               		 1.6815
AT_ndi              		 0.898902
AT_ndj              		 0.830243
AT_ndn              		 0.454575
AT_ndt              		 1.22693
AT_ni               		 0.898902
AT_nj               		 0.830243
AT_nt               		 0.948769
AT_ntc              		 0.586614
AT_nti              		 0.191425
AT_ntcg             		 0.149087
AT_ntig             		 0.0216432
AT_pex              		 0.971373
AT_pht              		 0.971373
AT_phttilde         		 0.971374
AT_pi               		 0.96847
AT_pcg              		 0.998789
AT_pig              		 1.00469
AT_pic              		 1.00496
AT_pic4             		 1.02
AT_piex4            		 1.02
AT_piht             		 1.00496
AT_piimc            		 1.00496
AT_piimi            		 1.00496
AT_piimcg           		 1.00496
AT_piimig           		 1.00496
AT_piimc4           		 1.02
AT_pim              		 0.838193
AT_pimc             		 0.836196
AT_pimi             		 0.845035
AT_pimcg            		 0.825953
AT_pimig            		 0.845073
AT_pint             		 1.00496
AT_piw              		 1.00496
AT_piw4             		 1.02
AT_pnt              		 1.21422
AT_pnttilde         		 1.21422
AT_pttc             		 0.893257
AT_ptti             		 0.892722
AT_pttcg            		 0.948217
AT_pttig            		 0.955402
AT_py               		 1.0333
AT_q                		 0.96847
AT_qc               		 1.84685
AT_qi               		 0.857359
AT_qcg              		 0.821906
AT_qig              		 0.118967
AT_r                		 1.01242
AT_reer             		 0.870396
AT_rer              		 0.798532
AT_rerdep           		 1
AT_rk               		 0.0318077
AT_rp               		 0
AT_rr               		 1.00742
AT_rrstar           		 1.00742
AT_sh               		 1
AT_si               		 1
AT_sj               		 1
AT_snt              		 1
AT_t                		 0.241761
AT_tauc             		 0.2285
AT_taud             		 0
AT_tauk             		 0.0544
AT_taun             		 0.2388
AT_tauwf            		 0.172
AT_tauwh            		 0.1482
AT_tb               		 0.226842
AT_tby              		 0.059005
AT_ti               		 0.290113
AT_tj               		 0.0967043
AT_tot              		 0.79403
AT_tr               		 0.8555
AT_tri              		 0.570334
AT_trj              		 1.711
AT_try              		 0.2226
AT_ttc              		 1.27016
AT_tti              		 0.669744
AT_ttcg             		 0.674831
AT_ttig             		 0.0975971
AT_ty               		 0.0629058
AT_u                		 1
AT_utili            		 -64.7835
AT_utilj            		 -64.5212
AT_vi               		 2.38
AT_vj               		 2.38
AT_w                		 1.29154
AT_wcst             		 0
AT_whty             		 0.588543
AT_wi               		 1.39658
AT_witilde          		 1.39658
AT_wj               		 1.10369
AT_wjtilde          		 1.10369
AT_wnty             		 0.509632
AT_wy               		 0.564897
AT_y                		 3.72056
AT_ygap             		 0.000268849
AT_ygrowth          		 1
AT_ygrowth4         		 1
AT_yhty             		 0.700345
AT_ynty             		 0.299655
AT_yshare           		 0.00562696
AT_ysn              		 0.948769
AT_yst              		 2.77179
AT_zcon             		 1
AT_zinv             		 1
AT_zn               		 1
AT_zt               		 1
AT_grev             		 1.89572
AT_gexp             		 1.89572
AT_grevy            		 0.493264
AT_gexpy            		 0.493264
AT_gbal             		 2.3137e-13
AT_gbaly            		 6.02023e-14
AT_br               		 0.0997846
AT_bry              		 0.0259638
AT_gpbal            		 0.0997846
AT_gpbaly           		 0.0259638
AT_tn               		 0.840456
AT_tny              		 0.218686
AT_tc               		 0.421963
AT_tcy              		 0.109794
AT_twf              		 0.373536
AT_twfy             		 0.0971936
AT_tk               		 0.0141711
AT_tky              		 0.00368731
AT_lhs              		 16.121
AT_rhs              		 16.121
BERA_excy           		 0.00897966
BEAT_excy           		 0.00200689
BEES_excy           		 0.00729902
BEFI_excy           		 0.00141985
BEFR_excy           		 0.0398179
BEGR_excy           		 0.00212175
BEIT_excy           		 0.0161095
BENL_excy           		 0.0222599
BEPT_excy           		 0.00184011
BEDE_excy           		 0.0337376
BERU_excy           		 0.0144941
BERW_excy           		 0.0951003
BEUS_excy           		 0.0276633
BERA_exiy           		 0.0047823
BEAT_exiy           		 0.00105916
BEES_exiy           		 0.00339571
BEFI_exiy           		 0.000817542
BEFR_exiy           		 0.0155157
BEGR_exiy           		 0.000590934
BEIT_exiy           		 0.00607973
BENL_exiy           		 0.00977992
BEPT_exiy           		 0.000715311
BEDE_exiy           		 0.0134047
BERU_exiy           		 0.00705968
BERW_exiy           		 0.043649
BEUS_exiy           		 0.00914535
BE_fx               		 5.76777
BERA_gammaimc       		 0
BEAT_gammaimc       		 0
BEES_gammaimc       		 0
BEFI_gammaimc       		 0
BEFR_gammaimc       		 0
BEGR_gammaimc       		 0
BEIT_gammaimc       		 0
BENL_gammaimc       		 0
BEPT_gammaimc       		 0
BEDE_gammaimc       		 0
BERU_gammaimc       		 0
BERW_gammaimc       		 0
BEUS_gammaimc       		 0
BERA_gammaimcdag    		 1
BEAT_gammaimcdag    		 1
BEES_gammaimcdag    		 1
BEFI_gammaimcdag    		 1
BEFR_gammaimcdag    		 1
BEGR_gammaimcdag    		 1
BEIT_gammaimcdag    		 1
BENL_gammaimcdag    		 1
BEPT_gammaimcdag    		 1
BEDE_gammaimcdag    		 1
BERU_gammaimcdag    		 1
BERW_gammaimcdag    		 1
BEUS_gammaimcdag    		 1
BERA_gammaimi       		 0
BEAT_gammaimi       		 0
BEES_gammaimi       		 0
BEFI_gammaimi       		 0
BEFR_gammaimi       		 0
BEGR_gammaimi       		 0
BEIT_gammaimi       		 0
BENL_gammaimi       		 0
BEPT_gammaimi       		 0
BEDE_gammaimi       		 0
BERU_gammaimi       		 0
BERW_gammaimi       		 0
BEUS_gammaimi       		 0
BERA_gammaimidag    		 1
BEAT_gammaimidag    		 1
BEES_gammaimidag    		 1
BEFI_gammaimidag    		 1
BEFR_gammaimidag    		 1
BEGR_gammaimidag    		 1
BEIT_gammaimidag    		 1
BENL_gammaimidag    		 1
BEPT_gammaimidag    		 1
BEDE_gammaimidag    		 1
BERU_gammaimidag    		 1
BERW_gammaimidag    		 1
BEUS_gammaimidag    		 1
BERA_gammaimcg      		 0
BEAT_gammaimcg      		 0
BEES_gammaimcg      		 0
BEFI_gammaimcg      		 0
BEFR_gammaimcg      		 0
BEGR_gammaimcg      		 0
BEIT_gammaimcg      		 0
BENL_gammaimcg      		 0
BEPT_gammaimcg      		 0
BEDE_gammaimcg      		 0
BERU_gammaimcg      		 0
BERW_gammaimcg      		 0
BEUS_gammaimcg      		 0
BERA_gammaimcgdag   		 1
BEAT_gammaimcgdag   		 1
BEES_gammaimcgdag   		 1
BEFI_gammaimcgdag   		 1
BEFR_gammaimcgdag   		 1
BEGR_gammaimcgdag   		 1
BEIT_gammaimcgdag   		 1
BENL_gammaimcgdag   		 1
BEPT_gammaimcgdag   		 1
BEDE_gammaimcgdag   		 1
BERU_gammaimcgdag   		 1
BERW_gammaimcgdag   		 1
BEUS_gammaimcgdag   		 1
BERA_gammaimig      		 0
BEAT_gammaimig      		 0
BEES_gammaimig      		 0
BEFI_gammaimig      		 0
BEFR_gammaimig      		 0
BEGR_gammaimig      		 0
BEIT_gammaimig      		 0
BENL_gammaimig      		 0
BEPT_gammaimig      		 0
BEDE_gammaimig      		 0
BERU_gammaimig      		 0
BERW_gammaimig      		 0
BEUS_gammaimig      		 0
BERA_gammaimigdag   		 1
BEAT_gammaimigdag   		 1
BEES_gammaimigdag   		 1
BEFI_gammaimigdag   		 1
BEFR_gammaimigdag   		 1
BEGR_gammaimigdag   		 1
BEIT_gammaimigdag   		 1
BENL_gammaimigdag   		 1
BEPT_gammaimigdag   		 1
BEDE_gammaimigdag   		 1
BERU_gammaimigdag   		 1
BERW_gammaimigdag   		 1
BEUS_gammaimigdag   		 1
BE_gx               		 6.92132
BERA_im             		 0.110972
BEAT_im             		 0.0117443
BEES_im             		 0.0481009
BEFI_im             		 0.00714583
BEFR_im             		 0.241474
BEGR_im             		 0.00491696
BEIT_im             		 0.0563023
BENL_im             		 0.225411
BEPT_im             		 0.01034
BEDE_im             		 0.187935
BERU_im             		 0.104604
BERW_im             		 0.523559
BEUS_im             		 0.117084
BERA_imc            		 0.0663964
BEAT_imc            		 0.0063977
BEES_imc            		 0.0297276
BEFI_imc            		 0.00378272
BEFR_imc            		 0.153349
BEGR_imc            		 0.00383783
BEIT_imc            		 0.0303844
BENL_imc            		 0.140904
BEPT_imc            		 0.0062104
BEDE_imc            		 0.0967379
BERU_imc            		 0.0500549
BERW_imc            		 0.294744
BEUS_imc            		 0.060294
BERA_imcy           		 0.0127423
BEAT_imcy           		 0.00161606
BEES_imcy           		 0.00670556
BEFI_imcy           		 0.000868113
BEFR_imcy           		 0.0341784
BEGR_imcy           		 0.00074334
BEIT_imcy           		 0.00743862
BENL_imcy           		 0.0272115
BEPT_imcy           		 0.00135636
BEDE_imcy           		 0.0228877
BERU_imcy           		 0.0110004
BERW_imcy           		 0.0572984
BEUS_imcy           		 0.0120933
BERA_imi            		 0.0237958
BEAT_imi            		 0.00371633
BEES_imi            		 0.0123901
BEFI_imi            		 0.00240486
BEFR_imi            		 0.0617604
BEGR_imi            		 0.000686776
BEIT_imi            		 0.0181687
BENL_imi            		 0.0570219
BEPT_imi            		 0.00295774
BEDE_imi            		 0.0715992
BERU_imi            		 0.0406685
BERW_imi            		 0.168024
BEUS_imi            		 0.0375918
BERA_imiy           		 0.0045667
BEAT_imiy           		 0.000938749
BEES_imiy           		 0.00279479
BEFI_imiy           		 0.000551902
BEFR_imiy           		 0.0137652
BEGR_imiy           		 0.00013302
BEIT_imiy           		 0.00444801
BENL_imiy           		 0.0110121
BEPT_imiy           		 0.000645973
BEDE_imiy           		 0.01694
BERU_imiy           		 0.00893754
BERW_imiy           		 0.032664
BEUS_imiy           		 0.00753988
BERA_imcg           		 0.0201344
BEAT_imcg           		 0.00152735
BEES_imcg           		 0.00564188
BEFI_imcg           		 0.000892909
BEFR_imcg           		 0.0246735
BEGR_imcg           		 0.000371705
BEIT_imcg           		 0.00725114
BENL_imcg           		 0.0259259
BEPT_imcg           		 0.00108945
BEDE_imcg           		 0.017637
BERU_imcg           		 0.0127663
BERW_imcg           		 0.0561927
BEUS_imcg           		 0.0181708
BERA_imcgy          		 0.00386403
BEAT_imcgy          		 0.00038581
BEES_imcgy          		 0.00127262
BEFI_imcgy          		 0.000204918
BEFR_imcgy          		 0.00549923
BEGR_imcgy          		 7.19946e-05
BEIT_imcgy          		 0.0017752
BENL_imcgy          		 0.00500682
BEPT_imcgy          		 0.000237936
BEDE_imcgy          		 0.00417283
BERU_imcgy          		 0.0028056
BERW_imcgy          		 0.0109239
BEUS_imcgy          		 0.00364457
BERA_imig           		 0.000645808
BEAT_imig           		 0.00010288
BEES_imig           		 0.000341265
BEFI_imig           		 6.53357e-05
BEFR_imig           		 0.00169128
BEGR_imig           		 2.06505e-05
BEIT_imig           		 0.000498114
BENL_imig           		 0.00155858
BEPT_imig           		 8.23962e-05
BEDE_imig           		 0.00196063
BERU_imig           		 0.00111428
BERW_imig           		 0.00459792
BEUS_imig           		 0.00102723
BERA_imigy          		 0.000123939
BEAT_imigy          		 2.59875e-05
BEES_imigy          		 7.6978e-05
BEFI_imigy          		 1.49942e-05
BEFR_imigy          		 0.000376952
BEGR_imigy          		 3.99975e-06
BEIT_imigy          		 0.000121947
BENL_imigy          		 0.000300993
BEPT_imigy          		 1.79954e-05
BEDE_imigy          		 0.000463876
BERU_imigy          		 0.000244881
BERW_imigy          		 0.000893839
BEUS_imigy          		 0.000206035
BE_piex             		 1.00496
BE_pextilde         		 0.993695
BERA_rer            		 0.840135
BEAT_rer            		 1.0415
BEES_rer            		 0.964872
BEFI_rer            		 0.970377
BEFR_rer            		 0.956889
BEGR_rer            		 0.860164
BEIT_rer            		 1.02974
BENL_rer            		 0.871199
BEPT_rer            		 0.945866
BEDE_rer            		 0.994542
BERU_rer            		 0.945162
BERW_rer            		 0.818959
BEUS_rer            		 0.831672
BE_sx               		 1
BERA_tot            		 0.773501
BEAT_tot            		 1.01811
BEES_tot            		 0.909144
BEFI_tot            		 0.924975
BEFR_tot            		 0.898316
BEGR_tot            		 0.780656
BEIT_tot            		 0.986734
BENL_tot            		 0.778369
BEPT_tot            		 0.880264
BEDE_tot            		 0.953595
BERU_tot            		 0.885764
BERW_tot            		 0.78353
BEUS_tot            		 0.808406
BERA_weight         		 0.0458734
BEAT_weight         		 0.008821
BEES_weight         		 0.0303513
BEFI_weight         		 0.00555488
BEFR_weight         		 0.139727
BEGR_weight         		 0.00506759
BEIT_weight         		 0.0490815
BENL_weight         		 0.0961395
BEPT_weight         		 0.00643386
BEDE_weight         		 0.121006
BERU_weight         		 0.0609948
BERW_weight         		 0.343408
BEUS_weight         		 0.0875417
BERA_weightex       		 0.0333615
BEAT_weightex       		 0.0089709
BEES_weightex       		 0.0294121
BEFI_weightex       		 0.00616617
BEFR_weightex       		 0.126639
BEGR_weightex       		 0.00685655
BEIT_weightex       		 0.056082
BENL_weightex       		 0.0724129
BEPT_weightex       		 0.00632923
BEDE_weightex       		 0.114527
BERU_weightex       		 0.0564261
BERW_weightex       		 0.380296
BEUS_weightex       		 0.102521
BERA_weightim       		 0.061943
BEAT_weightim       		 0.00862849
BEES_weightim       		 0.0315574
BEFI_weightim       		 0.00476978
BEFR_weightim       		 0.156537
BEGR_weightim       		 0.00276995
BEIT_weightim       		 0.0400906
BENL_weightim       		 0.126612
BEPT_weightim       		 0.00656824
BEDE_weightim       		 0.129326
BERU_weightim       		 0.0668625
BERW_weightim       		 0.296031
BEUS_weightim       		 0.0683035
BE_b                		 20.4864
BE_bf               		 -38.3851
BE_by               		 5.11724
BE_c                		 1.72148
BE_ci               		 1.70204
BE_cj               		 1.77979
BE_cy               		 0.429824
BE_d                		 0.401924
BE_dn               		 0.167314
BE_dt               		 0.23461
BE_epsilonm         		 -0.750004
BE_etot             		 0.841734
BE_ex               		 1.77977
BE_fh               		 10.5294
BE_fi               		 128.029
BE_fj               		 4.7418
BE_fn               		 8.75954
BE_cg               		 0.969107
BE_gammab           		 0
BE_gammai           		 0
BE_gammaider        		 0
BE_gammau           		 0
BE_gammauder        		 0.0330615
BE_gammav           		 0.00017389
BE_gammavi          		 0.000101012
BE_gammavider       		 0.00216513
BE_gammavj          		 0.000101012
BE_gammavjder       		 0.00216513
BE_gh               		 12.6352
BE_gi               		 9.99905
BE_gj               		 3.15717
BE_gn               		 13.1393
BE_cgy              		 0.2458
BE_ht               		 1.10335
BE_htc              		 0.2662
BE_hti              		 0.167203
BE_htcg             		 0.610549
BE_htig             		 0.0594001
BE_i                		 0.840503
BE_ig               		 0.0885106
BE_ii               		 1.12067
BE_im               		 1.6346
BE_imc              		 0.934388
BE_imcy             		 0.19614
BE_imi              		 0.496078
BE_imiy             		 0.104938
BE_imcg             		 0.190556
BE_imcgy            		 0.0398655
BE_imig             		 0.0135775
BE_imigy            		 0.00287242
BE_imy              		 0.343816
BE_exy              		 0.441576
BE_internalrer      		 1.41071
BE_iy               		 0.204085
BE_igy              		 0.0226
BE_k                		 33.6201
BE_kd               		 33.6201
BE_kdn              		 9.07716
BE_kdt              		 24.543
BE_ki               		 44.8268
BE_lambdai          		 1.4677
BE_lambdaj          		 1.39026
BE_lcy              		 0.629752
BE_m                		 0.723311
BE_mcn              		 0.828079
BE_mct              		 0.828079
BE_mi               		 0.715145
BE_mj               		 0.74781
BE_mp               		 0.00357207
BE_mpy              		 0.000892258
BE_nd               		 1.65511
BE_ndi              		 0.906639
BE_ndj              		 0.789754
BE_ndn              		 0.446866
BE_ndt              		 1.20824
BE_ni               		 0.906639
BE_nj               		 0.789754
BE_nt               		 0.917897
BE_ntc              		 0.54067
BE_nti              		 0.185925
BE_ntcg             		 0.175243
BE_ntig             		 0.0160589
BE_pex              		 0.993695
BE_pht              		 0.993695
BE_phttilde         		 0.993695
BE_pi               		 0.972483
BE_pcg              		 1.0154
BE_pig              		 1.02222
BE_pic              		 1.00496
BE_pic4             		 1.02
BE_piex4            		 1.02
BE_piht             		 1.00496
BE_piimc            		 1.00496
BE_piimi            		 1.00496
BE_piimcg           		 1.00496
BE_piimig           		 1.00496
BE_piimc4           		 1.02
BE_pim              		 0.842414
BE_pimc             		 0.840717
BE_pimi             		 0.847215
BE_pimcg            		 0.837887
BE_pimig            		 0.847305
BE_pint             		 1.00496
BE_piw              		 1.00496
BE_piw4             		 1.02
BE_pnt              		 1.24212
BE_pnttilde         		 1.24212
BE_pttc             		 0.88049
BE_ptti             		 0.889927
BE_pttcg            		 0.962292
BE_pttig            		 0.970584
BE_py               		 1.05369
BE_q                		 0.972483
BE_qc               		 1.72165
BE_qi               		 0.840503
BE_qcg              		 0.969107
BE_qig              		 0.0885106
BE_r                		 1.01242
BE_reer             		 0.889759
BE_rer              		 0.831672
BE_rerdep           		 1
BE_rk               		 0.0321518
BE_rp               		 0
BE_rr               		 1.00742
BE_rrstar           		 1.00742
BE_sh               		 1
BE_si               		 1
BE_sj               		 1
BE_snt              		 1
BE_t                		 0.354117
BE_tauc             		 0.2127
BE_taud             		 0
BE_tauk             		 0.08
BE_taun             		 0.3437
BE_tauwf            		 0.2247
BE_tauwh            		 0.112
BE_tb               		 0.391536
BE_tby              		 0.09776
BE_ti               		 0.42494
BE_tj               		 0.141647
BE_tot              		 0.808406
BE_tr               		 0.921583
BE_tri              		 0.614389
BE_trj              		 1.84316
BE_try              		 0.2302
BE_ttc              		 1.19261
BE_tti              		 0.658968
BE_ttcg             		 0.796394
BE_ttig             		 0.0726674
BE_ty               		 0.088454
BE_u                		 1
BE_utili            		 -74.532
BE_utilj            		 -57.5798
BE_vi               		 2.38
BE_vj               		 2.38
BE_w                		 1.2443
BE_wcst             		 0
BE_whty             		 0.524763
BE_wi               		 1.33794
BE_witilde          		 1.33794
BE_wj               		 1.07175
BE_wjtilde          		 1.07175
BE_wnty             		 0.487691
BE_wy               		 0.51421
BE_y                		 3.80102
BE_ygap             		 0.000329631
BE_ygrowth          		 1
BE_ygrowth4         		 1
BE_yhty             		 0.715327
BE_ynty             		 0.284673
BE_yshare           		 0.00693712
BE_ysn              		 0.917897
BE_yst              		 2.88312
BE_zcon             		 1
BE_zinv             		 1
BE_zn               		 1
BE_zt               		 1
BE_grev             		 2.14618
BE_gexp             		 2.14618
BE_grevy            		 0.53609
BE_gexpy            		 0.53609
BE_gbal             		 1.71063e-12
BE_gbaly            		 4.27295e-13
BE_br               		 0.150088
BE_bry              		 0.03749
BE_gpbal            		 0.150088
BE_gpbaly           		 0.03749
BE_tn               		 0.938491
BE_tny              		 0.234424
BE_tc               		 0.366159
BE_tcy              		 0.091462
BE_twf              		 0.462758
BE_twfy             		 0.115591
BE_tk               		 0.0210857
BE_tky              		 0.00526695
BE_lhs              		 23.101
BE_rhs              		 23.101
ESRA_excy           		 0.00263607
ESAT_excy           		 0.000949642
ESBE_excy           		 0.0023612
ESFI_excy           		 0.00058275
ESFR_excy           		 0.0219226
ESGR_excy           		 0.00118737
ESIT_excy           		 0.0109813
ESNL_excy           		 0.00277109
ESPT_excy           		 0.00961032
ESDE_excy           		 0.0141834
ESRU_excy           		 0.00589695
ESRW_excy           		 0.0679342
ESUS_excy           		 0.0104312
ESRA_exiy           		 0.00110059
ESAT_exiy           		 0.000453283
ESBE_exiy           		 0.000984118
ESFI_exiy           		 0.000200137
ESFR_exiy           		 0.00704791
ESGR_exiy           		 0.000331698
ESIT_exiy           		 0.00331951
ESNL_exiy           		 0.00105859
ESPT_exiy           		 0.00342049
ESDE_exiy           		 0.00458564
ESRU_exiy           		 0.00243528
ESRW_exiy           		 0.0249536
ESUS_exiy           		 0.0033118
ES_fx               		 3.03623
ESRA_gammaimc       		 0
ESAT_gammaimc       		 0
ESBE_gammaimc       		 0
ESFI_gammaimc       		 0
ESFR_gammaimc       		 0
ESGR_gammaimc       		 0
ESIT_gammaimc       		 0
ESNL_gammaimc       		 0
ESPT_gammaimc       		 0
ESDE_gammaimc       		 0
ESRU_gammaimc       		 0
ESRW_gammaimc       		 0
ESUS_gammaimc       		 0
ESRA_gammaimcdag    		 1
ESAT_gammaimcdag    		 1
ESBE_gammaimcdag    		 1
ESFI_gammaimcdag    		 1
ESFR_gammaimcdag    		 1
ESGR_gammaimcdag    		 1
ESIT_gammaimcdag    		 1
ESNL_gammaimcdag    		 1
ESPT_gammaimcdag    		 1
ESDE_gammaimcdag    		 1
ESRU_gammaimcdag    		 1
ESRW_gammaimcdag    		 1
ESUS_gammaimcdag    		 1
ESRA_gammaimi       		 0
ESAT_gammaimi       		 0
ESBE_gammaimi       		 0
ESFI_gammaimi       		 0
ESFR_gammaimi       		 0
ESGR_gammaimi       		 0
ESIT_gammaimi       		 0
ESNL_gammaimi       		 0
ESPT_gammaimi       		 0
ESDE_gammaimi       		 0
ESRU_gammaimi       		 0
ESRW_gammaimi       		 0
ESUS_gammaimi       		 0
ESRA_gammaimidag    		 1
ESAT_gammaimidag    		 1
ESBE_gammaimidag    		 1
ESFI_gammaimidag    		 1
ESFR_gammaimidag    		 1
ESGR_gammaimidag    		 1
ESIT_gammaimidag    		 1
ESNL_gammaimidag    		 1
ESPT_gammaimidag    		 1
ESDE_gammaimidag    		 1
ESRU_gammaimidag    		 1
ESRW_gammaimidag    		 1
ESUS_gammaimidag    		 1
ESRA_gammaimcg      		 0
ESAT_gammaimcg      		 0
ESBE_gammaimcg      		 0
ESFI_gammaimcg      		 0
ESFR_gammaimcg      		 0
ESGR_gammaimcg      		 0
ESIT_gammaimcg      		 0
ESNL_gammaimcg      		 0
ESPT_gammaimcg      		 0
ESDE_gammaimcg      		 0
ESRU_gammaimcg      		 0
ESRW_gammaimcg      		 0
ESUS_gammaimcg      		 0
ESRA_gammaimcgdag   		 1
ESAT_gammaimcgdag   		 1
ESBE_gammaimcgdag   		 1
ESFI_gammaimcgdag   		 1
ESFR_gammaimcgdag   		 1
ESGR_gammaimcgdag   		 1
ESIT_gammaimcgdag   		 1
ESNL_gammaimcgdag   		 1
ESPT_gammaimcgdag   		 1
ESDE_gammaimcgdag   		 1
ESRU_gammaimcgdag   		 1
ESRW_gammaimcgdag   		 1
ESUS_gammaimcgdag   		 1
ESRA_gammaimig      		 0
ESAT_gammaimig      		 0
ESBE_gammaimig      		 0
ESFI_gammaimig      		 0
ESFR_gammaimig      		 0
ESGR_gammaimig      		 0
ESIT_gammaimig      		 0
ESNL_gammaimig      		 0
ESPT_gammaimig      		 0
ESDE_gammaimig      		 0
ESRU_gammaimig      		 0
ESRW_gammaimig      		 0
ESUS_gammaimig      		 0
ESRA_gammaimigdag   		 1
ESAT_gammaimigdag   		 1
ESBE_gammaimigdag   		 1
ESFI_gammaimigdag   		 1
ESFR_gammaimigdag   		 1
ESGR_gammaimigdag   		 1
ESIT_gammaimigdag   		 1
ESNL_gammaimigdag   		 1
ESPT_gammaimigdag   		 1
ESDE_gammaimigdag   		 1
ESRU_gammaimigdag   		 1
ESRW_gammaimigdag   		 1
ESUS_gammaimigdag   		 1
ES_gx               		 3.64348
ESRA_im             		 0.0371989
ESAT_im             		 0.00673725
ESBE_im             		 0.0176519
ESFI_im             		 0.00548147
ESFR_im             		 0.11785
ESGR_im             		 0.00304215
ESIT_im             		 0.0675252
ESNL_im             		 0.0339814
ESPT_im             		 0.0335773
ESDE_im             		 0.10798
ESRU_im             		 0.0496246
ESRW_im             		 0.456008
ESUS_im             		 0.0623537
ESRA_imc            		 0.0201516
ESAT_imc            		 0.00359498
ESBE_imc            		 0.0103596
ESFI_imc            		 0.00282415
ESFR_imc            		 0.0724129
ESGR_imc            		 0.00223673
ESIT_imc            		 0.0388389
ESNL_imc            		 0.0212215
ESPT_imc            		 0.0226768
ESDE_imc            		 0.0559487
ESRU_imc            		 0.0271634
ESRW_imc            		 0.305395
ESUS_imc            		 0.0366229
ESRA_imcy           		 0.00386714
ESAT_imcy           		 0.000908048
ESBE_imcy           		 0.00257017
ESFI_imcy           		 0.000648093
ESFR_imcy           		 0.0161385
ESGR_imcy           		 0.000433204
ESIT_imcy           		 0.00950793
ESNL_imcy           		 0.00409809
ESPT_imcy           		 0.00495238
ESDE_imcy           		 0.0132365
ESRU_imcy           		 0.00596928
ESRW_imcy           		 0.0593659
ESUS_imcy           		 0.00734516
ESRA_imi            		 0.0111433
ESAT_imi            		 0.00250147
ESBE_imi            		 0.00481957
ESFI_imi            		 0.00199983
ESFR_imi            		 0.0340818
ESGR_imi            		 0.000526736
ESIT_imi            		 0.0221764
ESNL_imi            		 0.00913137
ESPT_imi            		 0.00816867
ESDE_imi            		 0.040631
ESRU_imi            		 0.016869
ESRW_imi            		 0.10395
ESUS_imi            		 0.0144851
ESRA_imiy           		 0.00213843
ESAT_imiy           		 0.000631841
ESBE_imiy           		 0.00119572
ESFI_imiy           		 0.000458926
ESFR_imiy           		 0.00759576
ESGR_imiy           		 0.000102017
ESIT_imiy           		 0.00542887
ESNL_imiy           		 0.00176336
ESPT_imiy           		 0.00178395
ESDE_imiy           		 0.00961261
ESRU_imiy           		 0.00370704
ESRW_imiy           		 0.020207
ESUS_imiy           		 0.00290516
ESRA_imcg           		 0.00531043
ESAT_imcg           		 0.000506308
ESBE_imcg           		 0.00221496
ESFI_imcg           		 0.000552982
ESFR_imcg           		 0.00954318
ESGR_imcg           		 0.00025288
ESIT_imcg           		 0.0053304
ESNL_imcg           		 0.00314195
ESPT_imcg           		 0.00229713
ESDE_imcg           		 0.00924214
ESRU_imcg           		 0.00469653
ESRW_imcg           		 0.0411406
ESUS_imcg           		 0.0104781
ESRA_imcgy          		 0.00101908
ESAT_imcgy          		 0.000127887
ESBE_imcgy          		 0.000549523
ESFI_imcgy          		 0.0001269
ESFR_imcgy          		 0.00212687
ESGR_imcgy          		 4.89772e-05
ESIT_imcgy          		 0.00130491
ESNL_imcgy          		 0.000606742
ESPT_imcgy          		 0.000501671
ESDE_imcgy          		 0.00218653
ESRU_imcgy          		 0.00103208
ESRW_imcgy          		 0.00799734
ESUS_imcgy          		 0.00210151
ESRA_imig           		 0.000593521
ESAT_imig           		 0.000134489
ESBE_imig           		 0.000257743
ESFI_imig           		 0.000104501
ESFR_imig           		 0.00181178
ESGR_imig           		 2.58043e-05
ESIT_imig           		 0.00117955
ESNL_imig           		 0.000486564
ESPT_imig           		 0.000434719
ESDE_imig           		 0.00215848
ESRU_imig           		 0.000895664
ESRW_imig           		 0.00552177
ESUS_imig           		 0.000767667
ESRA_imigy          		 0.000113898
ESAT_imigy          		 3.39702e-05
ESBE_imigy          		 6.39448e-05
ESFI_imigy          		 2.39811e-05
ESFR_imigy          		 0.000403788
ESGR_imigy          		 4.9977e-06
ESIT_imigy          		 0.000288759
ESNL_imigy          		 9.39605e-05
ESPT_imigy          		 9.49381e-05
ESDE_imigy          		 0.00051066
ESRU_imigy          		 0.000196826
ESRW_imigy          		 0.00107338
ESUS_imigy          		 0.000153965
ES_piex             		 1.00496
ES_pextilde         		 0.936302
ESRA_rer            		 0.870723
ESAT_rer            		 1.07942
ESBE_rer            		 1.03641
ESFI_rer            		 1.00571
ESFR_rer            		 0.991726
ESGR_rer            		 0.891481
ESIT_rer            		 1.06723
ESNL_rer            		 0.902917
ESPT_rer            		 0.980303
ESDE_rer            		 1.03075
ESRU_rer            		 0.979573
ESRW_rer            		 0.848775
ESUS_rer            		 0.861951
ES_sx               		 1
ESRA_tot            		 0.850802
ESAT_tot            		 1.11985
ESBE_tot            		 1.09994
ESFI_tot            		 1.01741
ESFR_tot            		 0.98809
ESGR_tot            		 0.858671
ESIT_tot            		 1.08534
ESNL_tot            		 0.856156
ESPT_tot            		 0.968234
ESDE_tot            		 1.04889
ESRU_tot            		 0.974284
ESRW_tot            		 0.861833
ESUS_tot            		 0.889195
ESRA_weight         		 0.0269276
ESAT_weight         		 0.00795523
ESBE_weight         		 0.0188856
ESFI_weight         		 0.00512007
ESFR_weight         		 0.126133
ESGR_weight         		 0.00494499
ESIT_weight         		 0.0721308
ESNL_weight         		 0.0259314
ESPT_weight         		 0.0443365
ESDE_weight         		 0.106078
ESRU_weight         		 0.0472516
ESRW_weight         		 0.443312
ESUS_weight         		 0.0709937
ESRA_weightex       		 0.0202346
ESAT_weightex       		 0.00779357
ESBE_weightex       		 0.0169884
ESFI_weightex       		 0.00429085
ESFR_weightex       		 0.126766
ESGR_weightex       		 0.00693398
ESIT_weightex       		 0.0657577
ESNL_weightex       		 0.0208786
ESPT_weightex       		 0.0530279
ESDE_weightex       		 0.0911943
ESRU_weightex       		 0.042736
ESRW_weightex       		 0.461893
ESUS_weightex       		 0.0815045
ESRA_weightim       		 0.0340973
ESAT_weightim       		 0.0081284
ESBE_weightim       		 0.020918
ESFI_weightim       		 0.00600836
ESFR_weightim       		 0.125455
ESGR_weightim       		 0.00281429
ESIT_weightim       		 0.0789578
ESNL_weightim       		 0.0313441
ESPT_weightim       		 0.0350258
ESDE_weightim       		 0.122022
ESRU_weightim       		 0.0520888
ESRW_weightim       		 0.423406
ESUS_weightim       		 0.059734
ES_b                		 15.8194
ES_bf               		 -5.85702
ES_by               		 3.81348
ES_c                		 2.3818
ES_ci               		 2.637
ES_cj               		 1.61619
ES_cy               		 0.573775
ES_d                		 0.763682
ES_dn               		 0.193503
ES_dt               		 0.570178
ES_epsilonm         		 -0.750004
ES_etot             		 0.928856
ES_ex               		 0.994323
ES_fh               		 18.2665
ES_fi               		 62.9497
ES_fj               		 2.33147
ES_fn               		 10.1267
ES_cg               		 0.81532
ES_gammab           		 0
ES_gammai           		 0
ES_gammaider        		 0
ES_gammau           		 -6.93889e-18
ES_gammauder        		 0.0328507
ES_gammav           		 0.00024059
ES_gammavi          		 0.000101012
ES_gammavider       		 0.00216513
ES_gammavj          		 0.000101012
ES_gammavjder       		 0.00216513
ES_gh               		 21.9197
ES_gi               		 5.80904
ES_gj               		 3.91789
ES_gn               		 15.19
ES_cgy              		 0.1915
ES_ht               		 2.03144
ES_htc              		 1.00869
ES_hti              		 0.345037
ES_htcg             		 0.574992
ES_htig             		 0.102723
ES_i                		 0.790679
ES_ig               		 0.142678
ES_ii               		 1.05424
ES_im               		 0.988802
ES_imc              		 0.613268
ES_imcy             		 0.12904
ES_imi              		 0.267557
ES_imiy             		 0.0575306
ES_imcg             		 0.0937594
ES_imcgy            		 0.01973
ES_imig             		 0.0142166
ES_imigy            		 0.00305707
ES_imy              		 0.209358
ES_exy              		 0.224274
ES_internalrer      		 1.28077
ES_iy               		 0.186304
ES_igy              		 0.0336
ES_k                		 31.6272
ES_kd               		 31.6272
ES_kdn              		 10.4998
ES_kdt              		 21.1274
ES_ki               		 42.1696
ES_lambdai          		 0.775035
ES_lambdaj          		 1.56816
ES_lcy              		 0.571221
ES_m                		 1.00076
ES_mcn              		 0.780252
ES_mct              		 0.780252
ES_mi               		 1.10799
ES_mj               		 0.679071
ES_mp               		 0.00494223
ES_mpy              		 0.00119139
ES_nd               		 1.6368
ES_ndi              		 0.771157
ES_ndj              		 0.943938
ES_ndn              		 0.543394
ES_ndt              		 1.0934
ES_ni               		 0.771157
ES_nj               		 0.943938
ES_nt               		 1.1262
ES_ntc              		 0.770645
ES_nti              		 0.180705
ES_ntcg             		 0.148782
ES_ntig             		 0.0260705
ES_pex              		 0.936302
ES_pht              		 0.936302
ES_phttilde         		 0.936303
ES_pi               		 0.978105
ES_pcg              		 0.97434
ES_pig              		 0.976904
ES_pic              		 1.00496
ES_pic4             		 1.02
ES_piex4            		 1.02
ES_piht             		 1.00496
ES_piimc            		 1.00496
ES_piimi            		 1.00496
ES_piimcg           		 1.00496
ES_piimig           		 1.00496
ES_piimc4           		 1.02
ES_pim              		 0.878911
ES_pimc             		 0.873452
ES_pimi             		 0.892579
ES_pimcg            		 0.873528
ES_pimig            		 0.892634
ES_pint             		 1.00496
ES_piw              		 1.00496
ES_piw4             		 1.02
ES_pnt              		 1.17038
ES_pnttilde         		 1.17038
ES_pttc             		 0.913807
ES_ptti             		 0.917846
ES_pttcg            		 0.928136
ES_pttig            		 0.931265
ES_py               		 0.999794
ES_q                		 0.978105
ES_qc               		 2.38204
ES_qi               		 0.790679
ES_qcg              		 0.81532
ES_qig              		 0.142678
ES_r                		 1.01242
ES_reer             		 0.919557
ES_rer              		 0.861951
ES_rerdep           		 1
ES_rk               		 0.0321315
ES_rp               		 0
ES_rr               		 1.00742
ES_rrstar           		 1.00742
ES_sh               		 1
ES_si               		 1
ES_sj               		 1
ES_snt              		 1
ES_t                		 0.416397
ES_tauc             		 0.162
ES_taud             		 0
ES_tauk             		 0.0553
ES_taun             		 0.1928
ES_tauwf            		 0.2265
ES_tauwh            		 0.0485
ES_tb               		 0.0619179
ES_tby              		 0.014916
ES_ti               		 0.499677
ES_tj               		 0.166559
ES_tot              		 0.889195
ES_tr               		 0.675343
ES_tri              		 0.450229
ES_trj              		 1.35068
ES_try              		 0.1628
ES_ttc              		 1.6197
ES_tti              		 0.612166
ES_ttcg             		 0.668294
ES_ttig             		 0.116906
ES_ty               		 0.100378
ES_u                		 1
ES_utili            		 -16.2437
ES_utilj            		 -87.5347
ES_vi               		 2.38
ES_vj               		 2.38
ES_w                		 1.18115
ES_wcst             		 0
ES_whty             		 0.455864
ES_wi               		 1.31503
ES_witilde          		 1.31503
ES_wj               		 0.973801
ES_wjtilde          		 0.973801
ES_wnty             		 0.486943
ES_wy               		 0.465732
ES_y                		 4.15196
ES_ygap             		 0.000660484
ES_ygrowth          		 1
ES_ygrowth4         		 1
ES_yhty             		 0.682475
ES_ynty             		 0.317525
ES_yshare           		 0.0197007
ES_ysn              		 1.1262
ES_yst              		 3.02576
ES_zcon             		 1
ES_zinv             		 1
ES_zn               		 1
ES_zt               		 1
ES_grev             		 1.72502
ES_gexp             		 1.72502
ES_grevy            		 0.415838
ES_gexpy            		 0.415838
ES_gbal             		 1.1835e-13
ES_gbaly            		 2.85297e-14
ES_br               		 0.115897
ES_bry              		 0.0279384
ES_gpbal            		 0.115897
ES_gpbaly           		 0.0279384
ES_tn               		 0.466506
ES_tny              		 0.112457
ES_tc               		 0.385852
ES_tcy              		 0.0930145
ES_twf              		 0.437894
ES_twfy             		 0.10556
ES_tk               		 0.0134302
ES_tky              		 0.00323752
ES_lhs              		 18.3463
ES_rhs              		 18.3463
FIRA_excy           		 0.00475435
FIAT_excy           		 0.00126139
FIBE_excy           		 0.00173051
FIES_excy           		 0.0036689
FIFR_excy           		 0.00665023
FIGR_excy           		 0.000978082
FIIT_excy           		 0.00475184
FINL_excy           		 0.00313249
FIPT_excy           		 0.000549715
FIDE_excy           		 0.0139261
FIRU_excy           		 0.0203036
FIRW_excy           		 0.078778
FIUS_excy           		 0.0139709
FIRA_exiy           		 0.0041233
FIAT_exiy           		 0.0013306
FIBE_exiy           		 0.00110017
FIES_exiy           		 0.00259801
FIFR_exiy           		 0.00423109
FIGR_exiy           		 0.000771681
FIIT_exiy           		 0.00352314
FINL_exiy           		 0.00235038
FIPT_exiy           		 0.000525065
FIDE_exiy           		 0.0089126
FIRU_exiy           		 0.0156525
FIRW_exiy           		 0.0614328
FIUS_exiy           		 0.00757209
FI_fx               		 4.10321
FIRA_gammaimc       		 0
FIAT_gammaimc       		 0
FIBE_gammaimc       		 0
FIES_gammaimc       		 0
FIFR_gammaimc       		 0
FIGR_gammaimc       		 0
FIIT_gammaimc       		 0
FINL_gammaimc       		 0
FIPT_gammaimc       		 0
FIDE_gammaimc       		 0
FIRU_gammaimc       		 0
FIRW_gammaimc       		 0
FIUS_gammaimc       		 0
FIRA_gammaimcdag    		 1
FIAT_gammaimcdag    		 1
FIBE_gammaimcdag    		 1
FIES_gammaimcdag    		 1
FIFR_gammaimcdag    		 1
FIGR_gammaimcdag    		 1
FIIT_gammaimcdag    		 1
FINL_gammaimcdag    		 1
FIPT_gammaimcdag    		 1
FIDE_gammaimcdag    		 1
FIRU_gammaimcdag    		 1
FIRW_gammaimcdag    		 1
FIUS_gammaimcdag    		 1
FIRA_gammaimi       		 0
FIAT_gammaimi       		 0
FIBE_gammaimi       		 0
FIES_gammaimi       		 0
FIFR_gammaimi       		 0
FIGR_gammaimi       		 0
FIIT_gammaimi       		 0
FINL_gammaimi       		 0
FIPT_gammaimi       		 0
FIDE_gammaimi       		 0
FIRU_gammaimi       		 0
FIRW_gammaimi       		 0
FIUS_gammaimi       		 0
FIRA_gammaimidag    		 1
FIAT_gammaimidag    		 1
FIBE_gammaimidag    		 1
FIES_gammaimidag    		 1
FIFR_gammaimidag    		 1
FIGR_gammaimidag    		 1
FIIT_gammaimidag    		 1
FINL_gammaimidag    		 1
FIPT_gammaimidag    		 1
FIDE_gammaimidag    		 1
FIRU_gammaimidag    		 1
FIRW_gammaimidag    		 1
FIUS_gammaimidag    		 1
FIRA_gammaimcg      		 0
FIAT_gammaimcg      		 0
FIBE_gammaimcg      		 0
FIES_gammaimcg      		 0
FIFR_gammaimcg      		 0
FIGR_gammaimcg      		 0
FIIT_gammaimcg      		 0
FINL_gammaimcg      		 0
FIPT_gammaimcg      		 0
FIDE_gammaimcg      		 0
FIRU_gammaimcg      		 0
FIRW_gammaimcg      		 0
FIUS_gammaimcg      		 0
FIRA_gammaimcgdag   		 1
FIAT_gammaimcgdag   		 1
FIBE_gammaimcgdag   		 1
FIES_gammaimcgdag   		 1
FIFR_gammaimcgdag   		 1
FIGR_gammaimcgdag   		 1
FIIT_gammaimcgdag   		 1
FINL_gammaimcgdag   		 1
FIPT_gammaimcgdag   		 1
FIDE_gammaimcgdag   		 1
FIRU_gammaimcgdag   		 1
FIRW_gammaimcgdag   		 1
FIUS_gammaimcgdag   		 1
FIRA_gammaimig      		 0
FIAT_gammaimig      		 0
FIBE_gammaimig      		 0
FIES_gammaimig      		 0
FIFR_gammaimig      		 0
FIGR_gammaimig      		 0
FIIT_gammaimig      		 0
FINL_gammaimig      		 0
FIPT_gammaimig      		 0
FIDE_gammaimig      		 0
FIRU_gammaimig      		 0
FIRW_gammaimig      		 0
FIUS_gammaimig      		 0
FIRA_gammaimigdag   		 1
FIAT_gammaimigdag   		 1
FIBE_gammaimigdag   		 1
FIES_gammaimigdag   		 1
FIFR_gammaimigdag   		 1
FIGR_gammaimigdag   		 1
FIIT_gammaimigdag   		 1
FINL_gammaimigdag   		 1
FIPT_gammaimigdag   		 1
FIDE_gammaimigdag   		 1
FIRU_gammaimigdag   		 1
FIRW_gammaimigdag   		 1
FIUS_gammaimigdag   		 1
FI_gx               		 4.92385
FIRA_im             		 0.0866308
FIAT_im             		 0.0106767
FIBE_im             		 0.0216839
FIES_im             		 0.0220703
FIFR_im             		 0.0432826
FIGR_im             		 0.00413095
FIIT_im             		 0.0329157
FINL_im             		 0.0492484
FIPT_im             		 0.00574577
FIDE_im             		 0.128002
FIRU_im             		 0.217757
FIRW_im             		 0.500625
FIUS_im             		 0.090364
FIRA_imc            		 0.0485799
FIAT_imc            		 0.00528402
FIBE_imc            		 0.0114043
FIES_imc            		 0.014621
FIFR_imc            		 0.0242143
FIGR_imc            		 0.00328955
FIIT_imc            		 0.0171981
FINL_imc            		 0.0289016
FIPT_imc            		 0.00395617
FIDE_imc            		 0.0633163
FIRU_imc            		 0.117143
FIRW_imc            		 0.290972
FIUS_imc            		 0.0451965
FIRA_imcy           		 0.00932585
FIAT_imcy           		 0.00133514
FIBE_imcy           		 0.00283035
FIES_imcy           		 0.00329899
FIFR_imcy           		 0.00539848
FIGR_imcy           		 0.000637334
FIIT_imcy           		 0.00421164
FINL_imcy           		 0.00558315
FIPT_imcy           		 0.000864288
FIDE_imcy           		 0.0149848
FIRU_imcy           		 0.0257516
FIRW_imcy           		 0.056582
FIUS_imcy           		 0.00906787
FIRA_imi            		 0.0251809
FIAT_imi            		 0.0038975
FIBE_imi            		 0.00656653
FIES_imi            		 0.00502138
FIFR_imi            		 0.0130859
FIGR_imi            		 0.000552392
FIIT_imi            		 0.011877
FINL_imi            		 0.0128775
FIPT_imi            		 0.00117641
FIDE_imi            		 0.048174
FIRU_imi            		 0.0681337
FIRW_imi            		 0.141124
FIUS_imi            		 0.0295799
FIRA_imiy           		 0.00483395
FIAT_imiy           		 0.000984803
FIBE_imiy           		 0.0016297
FIES_imiy           		 0.00113299
FIFR_imiy           		 0.00291744
FIGR_imiy           		 0.000107023
FIIT_imiy           		 0.00290855
FINL_imiy           		 0.00248764
FIPT_imiy           		 0.000257006
FIDE_imiy           		 0.0114011
FIRU_imiy           		 0.0149779
FIRW_imiy           		 0.0274427
FIUS_imiy           		 0.00593467
FIRA_imcg           		 0.0114122
FIAT_imcg           		 0.00126973
FIBE_imcg           		 0.00333454
FIES_imcg           		 0.00213992
FIFR_imcg           		 0.00522455
FIGR_imcg           		 0.000258042
FIIT_imcg           		 0.00315499
FINL_imcg           		 0.00672389
FIPT_imcg           		 0.000544541
FIDE_imcg           		 0.0137281
FIRU_imcg           		 0.028543
FIRW_imcg           		 0.0603692
FIUS_imcg           		 0.0138778
FIRA_imcgy          		 0.0021908
FIAT_imcgy          		 0.00032083
FIBE_imcgy          		 0.000827573
FIES_imcgy          		 0.000482837
FIFR_imcgy          		 0.00116479
FIGR_imcgy          		 4.99943e-05
FIIT_imcgy          		 0.000772624
FINL_imcgy          		 0.0012989
FIPT_imcgy          		 0.000118964
FIDE_imcgy          		 0.00324896
FIRU_imcgy          		 0.00627463
FIRW_imcgy          		 0.0117393
FIUS_imcgy          		 0.00278433
FIRA_imig           		 0.00145778
FIAT_imig           		 0.000225467
FIBE_imig           		 0.00037856
FIES_imig           		 0.000287982
FIFR_imig           		 0.000757899
FIGR_imig           		 3.09652e-05
FIIT_imig           		 0.000685693
FINL_imig           		 0.000745377
FIPT_imig           		 6.864e-05
FIDE_imig           		 0.00278365
FIRU_imig           		 0.00393729
FIRW_imig           		 0.00815928
FIUS_imig           		 0.00170981
FIRA_imigy          		 0.000279848
FIAT_imigy          		 5.697e-05
FIBE_imigy          		 9.39519e-05
FIES_imigy          		 6.49784e-05
FIFR_imigy          		 0.000168971
FIGR_imigy          		 5.99935e-06
FIIT_imigy          		 0.000167919
FINL_imigy          		 0.00014399
FIPT_imigy          		 1.49955e-05
FIDE_imigy          		 0.000658793
FIRU_imigy          		 0.000865539
FIRW_imigy          		 0.00158664
FIUS_imigy          		 0.000343043
FI_piex             		 1.00496
FI_pextilde         		 0.947201
FIRA_rer            		 0.865782
FIAT_rer            		 1.07329
FIBE_rer            		 1.03053
FIES_rer            		 0.994326
FIFR_rer            		 0.9861
FIGR_rer            		 0.886423
FIIT_rer            		 1.06118
FINL_rer            		 0.897794
FIPT_rer            		 0.974741
FIDE_rer            		 1.0249
FIRU_rer            		 0.974015
FIRW_rer            		 0.843959
FIUS_rer            		 0.85706
FI_sx               		 1
FIRA_tot            		 0.836241
FIAT_tot            		 1.10068
FIBE_tot            		 1.08111
FIES_tot            		 0.982885
FIFR_tot            		 0.971179
FIGR_tot            		 0.843975
FIIT_tot            		 1.06677
FINL_tot            		 0.841503
FIPT_tot            		 0.951663
FIDE_tot            		 1.03094
FIRU_tot            		 0.957609
FIRW_tot            		 0.847083
FIUS_tot            		 0.873977
FIRA_weight         		 0.046558
FIAT_weight         		 0.0103779
FIBE_weight         		 0.0160084
FIES_weight         		 0.0220971
FIFR_weight         		 0.0406946
FIGR_weight         		 0.00480844
FIIT_weight         		 0.0323344
FINL_weight         		 0.0291952
FIPT_weight         		 0.00438429
FIDE_weight         		 0.101385
FIRU_weight         		 0.149558
FIRW_weight         		 0.459076
FIUS_weight         		 0.0835229
FIRA_weightex       		 0.0305891
FIAT_weightex       		 0.0101281
FIBE_weightex       		 0.0116217
FIES_weightex       		 0.0240721
FIFR_weightex       		 0.0427617
FIGR_weightex       		 0.00616722
FIIT_weightex       		 0.0326865
FINL_weightex       		 0.0221816
FIPT_weightex       		 0.00389983
FIDE_weightex       		 0.0860296
FIRU_weightex       		 0.116469
FIRW_weightex       		 0.520133
FIUS_weightex       		 0.0932599
FIRA_weightim       		 0.0658337
FIAT_weightim       		 0.0106794
FIBE_weightim       		 0.0213036
FIES_weightim       		 0.0197131
FIFR_weightim       		 0.0381995
FIGR_weightim       		 0.00316829
FIIT_weightim       		 0.0319094
FINL_weightim       		 0.037661
FIPT_weightim       		 0.00496907
FIDE_weightim       		 0.119921
FIRU_weightim       		 0.189498
FIRW_weightim       		 0.385374
FIUS_weightim       		 0.0717695
FI_b                		 11.6914
FI_bf               		 -20.5333
FI_by               		 2.83469
FI_c                		 1.92636
FI_ci               		 2.03192
FI_cj               		 1.60967
FI_cy               		 0.46687
FI_d                		 0.651952
FI_dn               		 0.17812
FI_dt               		 0.473832
FI_epsilonm         		 -0.750004
FI_etot             		 0.902613
FI_ex               		 1.32828
FI_fh               		 15.8867
FI_fi               		 96.6636
FI_fj               		 3.58013
FI_fn               		 9.32495
FI_cg               		 1.04316
FI_gammab           		 0
FI_gammai           		 0
FI_gammaider        		 0
FI_gammau           		 -8.17612e-18
FI_gammauder        		 0.0330119
FI_gammav           		 0.000194585
FI_gammavi          		 0.000101012
FI_gammavider       		 0.00216513
FI_gammavj          		 0.000101012
FI_gammavjder       		 0.00216513
FI_gh               		 19.064
FI_gi               		 7.78184
FI_gj               		 3.43044
FI_gn               		 13.9874
FI_cgy              		 0.2483
FI_ht               		 1.74645
FI_htc              		 0.650039
FI_hti              		 0.26795
FI_htcg             		 0.707468
FI_htig             		 0.120993
FI_i                		 0.811578
FI_ig               		 0.173061
FI_ii               		 1.0821
FI_im               		 1.20209
FI_imc              		 0.668082
FI_imcy             		 0.139871
FI_imi              		 0.363728
FI_imiy             		 0.0770155
FI_imcg             		 0.149256
FI_imcgy            		 0.0312745
FI_imig             		 0.0210251
FI_imigy            		 0.00445164
FI_imy              		 0.252613
FI_exy              		 0.304923
FI_internalrer      		 1.30489
FI_iy               		 0.191293
FI_igy              		 0.0413
FI_k                		 32.4631
FI_kd               		 32.4631
FI_kdn              		 9.67689
FI_kdt              		 22.7862
FI_ki               		 43.2842
FI_lambdai          		 1.1481
FI_lambdaj          		 1.51834
FI_lcy              		 0.589396
FI_m                		 0.809396
FI_mcn              		 0.789334
FI_mct              		 0.789334
FI_mi               		 0.85375
FI_mj               		 0.676333
FI_mp               		 0.00399719
FI_mpy              		 0.000969157
FI_nd               		 1.62801
FI_ndi              		 0.836865
FI_ndj              		 0.846594
FI_ndn              		 0.485291
FI_ndt              		 1.14272
FI_ni               		 0.836865
FI_nj               		 0.846594
FI_nt               		 1.02511
FI_ntc              		 0.619689
FI_nti              		 0.183886
FI_ntcg             		 0.189975
FI_ntig             		 0.031558
FI_pex              		 0.947201
FI_pht              		 0.947201
FI_phttilde         		 0.947201
FI_pi               		 0.972549
FI_pcg              		 0.98172
FI_pig              		 0.984264
FI_pic              		 1.00496
FI_pic4             		 1.02
FI_piex4            		 1.02
FI_piht             		 1.00496
FI_piimc            		 1.00496
FI_piimi            		 1.00496
FI_piimcg           		 1.00496
FI_piimig           		 1.00496
FI_piimc4           		 1.02
FI_pim              		 0.867081
FI_pimc             		 0.863855
FI_pimi             		 0.87366
FI_pimcg            		 0.864569
FI_pimig            		 0.873624
FI_pint             		 1.00496
FI_piw              		 1.00496
FI_piw4             		 1.02
FI_pnt              		 1.184
FI_pnttilde         		 1.184
FI_pttc             		 0.907355
FI_ptti             		 0.906683
FI_pttcg            		 0.934108
FI_pttig            		 0.937211
FI_py               		 1.00641
FI_q                		 0.972549
FI_qc               		 1.92656
FI_qi               		 0.811578
FI_qcg              		 1.04316
FI_qig              		 0.173061
FI_r                		 1.01242
FI_reer             		 0.904549
FI_rer              		 0.85706
FI_rerdep           		 1
FI_rk               		 0.0321057
FI_rp               		 0
FI_rr               		 1.00742
FI_rrstar           		 1.00742
FI_sh               		 1
FI_si               		 1
FI_sj               		 1
FI_snt              		 1
FI_t                		 0.317904
FI_tauc             		 0.2686
FI_taud             		 0
FI_tauk             		 0.0743
FI_taun             		 0.3385
FI_tauwf            		 0.2221
FI_tauwh            		 0.0668
FI_tb               		 0.215837
FI_tby              		 0.05231
FI_ti               		 0.381485
FI_tj               		 0.127162
FI_tot              		 0.873977
FI_tr               		 0.82653
FI_tri              		 0.55102
FI_trj              		 1.65306
FI_try              		 0.2004
FI_ttc              		 1.31464
FI_tti              		 0.630405
FI_ttcg             		 0.85553
FI_ttig             		 0.141882
FI_ty               		 0.0770788
FI_u                		 1
FI_utili            		 -44.6336
FI_utilj            		 -74.5023
FI_vi               		 2.38
FI_vj               		 2.38
FI_w                		 1.22232
FI_wcst             		 0
FI_whty             		 0.479595
FI_wi               		 1.33375
FI_witilde          		 1.33375
FI_wj               		 1.03211
FI_wjtilde          		 1.03211
FI_wnty             		 0.488726
FI_wy               		 0.482281
FI_y                		 4.09984
FI_ygap             		 0.000384687
FI_ygrowth          		 1
FI_ygrowth4         		 1
FI_yhty             		 0.705842
FI_ynty             		 0.294158
FI_yshare           		 0.00348002
FI_ysn              		 1.02511
FI_yst              		 3.07473
FI_zcon             		 1
FI_zinv             		 1
FI_zn               		 1
FI_zt               		 1
FI_grev             		 2.10661
FI_gexp             		 2.10661
FI_grevy            		 0.510768
FI_gexpy            		 0.510768
FI_gbal             		 1.14131e-13
FI_gbaly            		 2.76721e-14
FI_br               		 0.0856537
FI_bry              		 0.0207675
FI_gpbal            		 0.0856537
FI_gpbaly           		 0.0207675
FI_tn               		 0.806526
FI_tny              		 0.19555
FI_tc               		 0.517421
FI_tcy              		 0.125454
FI_twf              		 0.441968
FI_twfy             		 0.107159
FI_tk               		 0.0187942
FI_tky              		 0.00455684
FI_lhs              		 14.46
FI_rhs              		 14.46
FRRA_excy           		 0.0026659
FRAT_excy           		 0.000847229
FRBE_excy           		 0.00611773
FRES_excy           		 0.00820361
FRFI_excy           		 0.000484745
FRGR_excy           		 0.000952266
FRIT_excy           		 0.0108647
FRNL_excy           		 0.00330936
FRPT_excy           		 0.00150245
FRDE_excy           		 0.0124206
FRRU_excy           		 0.0053263
FRRW_excy           		 0.0626889
FRUS_excy           		 0.0136115
FRRA_exiy           		 0.00250122
FRAT_exiy           		 0.000502434
FRBE_exiy           		 0.00246388
FRES_exiy           		 0.00386111
FRFI_exiy           		 0.000261966
FRGR_exiy           		 0.000286014
FRIT_exiy           		 0.00392123
FRNL_exiy           		 0.00129286
FRPT_exiy           		 0.000569351
FRDE_exiy           		 0.00637884
FRRU_exiy           		 0.0030986
FRRW_exiy           		 0.0294047
FRUS_exiy           		 0.00518327
FR_fx               		 2.87416
FRRA_gammaimc       		 0
FRAT_gammaimc       		 0
FRBE_gammaimc       		 0
FRES_gammaimc       		 0
FRFI_gammaimc       		 0
FRGR_gammaimc       		 0
FRIT_gammaimc       		 0
FRNL_gammaimc       		 0
FRPT_gammaimc       		 0
FRDE_gammaimc       		 0
FRRU_gammaimc       		 0
FRRW_gammaimc       		 0
FRUS_gammaimc       		 0
FRRA_gammaimcdag    		 1
FRAT_gammaimcdag    		 1
FRBE_gammaimcdag    		 1
FRES_gammaimcdag    		 1
FRFI_gammaimcdag    		 1
FRGR_gammaimcdag    		 1
FRIT_gammaimcdag    		 1
FRNL_gammaimcdag    		 1
FRPT_gammaimcdag    		 1
FRDE_gammaimcdag    		 1
FRRU_gammaimcdag    		 1
FRRW_gammaimcdag    		 1
FRUS_gammaimcdag    		 1
FRRA_gammaimi       		 0
FRAT_gammaimi       		 0
FRBE_gammaimi       		 0
FRES_gammaimi       		 0
FRFI_gammaimi       		 0
FRGR_gammaimi       		 0
FRIT_gammaimi       		 0
FRNL_gammaimi       		 0
FRPT_gammaimi       		 0
FRDE_gammaimi       		 0
FRRU_gammaimi       		 0
FRRW_gammaimi       		 0
FRUS_gammaimi       		 0
FRRA_gammaimidag    		 1
FRAT_gammaimidag    		 1
FRBE_gammaimidag    		 1
FRES_gammaimidag    		 1
FRFI_gammaimidag    		 1
FRGR_gammaimidag    		 1
FRIT_gammaimidag    		 1
FRNL_gammaimidag    		 1
FRPT_gammaimidag    		 1
FRDE_gammaimidag    		 1
FRRU_gammaimidag    		 1
FRRW_gammaimidag    		 1
FRUS_gammaimidag    		 1
FRRA_gammaimcg      		 0
FRAT_gammaimcg      		 0
FRBE_gammaimcg      		 0
FRES_gammaimcg      		 0
FRFI_gammaimcg      		 0
FRGR_gammaimcg      		 0
FRIT_gammaimcg      		 0
FRNL_gammaimcg      		 0
FRPT_gammaimcg      		 0
FRDE_gammaimcg      		 0
FRRU_gammaimcg      		 0
FRRW_gammaimcg      		 0
FRUS_gammaimcg      		 0
FRRA_gammaimcgdag   		 1
FRAT_gammaimcgdag   		 1
FRBE_gammaimcgdag   		 1
FRES_gammaimcgdag   		 1
FRFI_gammaimcgdag   		 1
FRGR_gammaimcgdag   		 1
FRIT_gammaimcgdag   		 1
FRNL_gammaimcgdag   		 1
FRPT_gammaimcgdag   		 1
FRDE_gammaimcgdag   		 1
FRRU_gammaimcgdag   		 1
FRRW_gammaimcgdag   		 1
FRUS_gammaimcgdag   		 1
FRRA_gammaimig      		 0
FRAT_gammaimig      		 0
FRBE_gammaimig      		 0
FRES_gammaimig      		 0
FRFI_gammaimig      		 0
FRGR_gammaimig      		 0
FRIT_gammaimig      		 0
FRNL_gammaimig      		 0
FRPT_gammaimig      		 0
FRDE_gammaimig      		 0
FRRU_gammaimig      		 0
FRRW_gammaimig      		 0
FRUS_gammaimig      		 0
FRRA_gammaimigdag   		 1
FRAT_gammaimigdag   		 1
FRBE_gammaimigdag   		 1
FRES_gammaimigdag   		 1
FRFI_gammaimigdag   		 1
FRGR_gammaimigdag   		 1
FRIT_gammaimigdag   		 1
FRNL_gammaimigdag   		 1
FRPT_gammaimigdag   		 1
FRDE_gammaimigdag   		 1
FRRU_gammaimigdag   		 1
FRRW_gammaimigdag   		 1
FRUS_gammaimigdag   		 1
FR_gx               		 3.44899
FRRA_im             		 0.0450831
FRAT_im             		 0.00781095
FRBE_im             		 0.0449956
FRES_im             		 0.0709985
FRFI_im             		 0.00485896
FRGR_im             		 0.00343029
FRIT_im             		 0.072479
FRNL_im             		 0.0416442
FRPT_im             		 0.0122571
FRDE_im             		 0.12207
FRRU_im             		 0.0556473
FRRW_im             		 0.425777
FRUS_im             		 0.0805442
FRRA_imc            		 0.0269059
FRAT_imc            		 0.00447094
FRBE_imc            		 0.0287309
FRES_imc            		 0.0494121
FRFI_imc            		 0.00260244
FRGR_imc            		 0.00288822
FRIT_imc            		 0.0462064
FRNL_imc            		 0.0283101
FRPT_imc            		 0.00895631
FRDE_imc            		 0.070656
FRRU_imc            		 0.0332959
FRRW_imc            		 0.287657
FRUS_imc            		 0.0447604
FRRA_imcy           		 0.00516268
FRAT_imcy           		 0.00112917
FRBE_imcy           		 0.00712716
FRES_imcy           		 0.0111438
FRFI_imcy           		 0.000597143
FRGR_imcy           		 0.000559317
FRIT_imcy           		 0.0113102
FRNL_imcy           		 0.00546631
FRPT_imcy           		 0.00195573
FRDE_imcy           		 0.016714
FRRU_imcy           		 0.00731604
FRRW_imcy           		 0.055911
FRUS_imcy           		 0.00897617
FRRA_imi            		 0.0119673
FRAT_imi            		 0.00243832
FRBE_imi            		 0.0111955
FRES_imi            		 0.0158855
FRFI_imi            		 0.00165576
FRGR_imi            		 0.000315032
FRIT_imi            		 0.0194742
FRNL_imi            		 0.00897665
FRPT_imi            		 0.00243613
FRDE_imi            		 0.0385205
FRRU_imi            		 0.0159194
FRRW_imi            		 0.092171
FRUS_imi            		 0.0218639
FRRA_imiy           		 0.00229628
FRAT_imiy           		 0.000615817
FRBE_imiy           		 0.00277721
FRES_imiy           		 0.00358263
FRFI_imiy           		 0.000379921
FRGR_imiy           		 6.10073e-05
FRIT_imiy           		 0.00476679
FRNL_imiy           		 0.00173327
FRPT_imiy           		 0.000531962
FRDE_imiy           		 0.00911221
FRRU_imiy           		 0.00349794
FRRW_imiy           		 0.017915
FRUS_imiy           		 0.00438455
FRRA_imcg           		 0.00554884
FRAT_imcg           		 0.000767224
FRBE_imcg           		 0.0044492
FRES_imcg           		 0.0048194
FRFI_imcg           		 0.000509341
FRGR_imcg           		 0.000211553
FRIT_imcg           		 0.00572111
FRNL_imcg           		 0.00386069
FRPT_imcg           		 0.000732012
FRDE_imcg           		 0.0107649
FRRU_imcg           		 0.00555474
FRRW_imcg           		 0.040855
FRUS_imcg           		 0.0127138
FRRA_imcgy          		 0.00106471
FRAT_imcgy          		 0.000193768
FRBE_imcgy          		 0.0011037
FRES_imcgy          		 0.00108691
FRFI_imcgy          		 0.000116871
FRGR_imcgy          		 4.09681e-05
FRIT_imcgy          		 0.00140039
FRNL_imcgy          		 0.000745448
FRPT_imcgy          		 0.000159845
FRDE_imcgy          		 0.00254649
FRRU_imcgy          		 0.00122053
FRRW_imcgy          		 0.00794088
FRUS_imcgy          		 0.00254961
FRRA_imig           		 0.000661073
FRAT_imig           		 0.000134462
FRBE_imig           		 0.00062007
FRES_imig           		 0.000881492
FRFI_imig           		 9.14203e-05
FRGR_imig           		 1.54795e-05
FRIT_imig           		 0.0010773
FRNL_imig           		 0.000496818
FRPT_imig           		 0.000132677
FRDE_imig           		 0.00212849
FRRU_imig           		 0.000877304
FRRW_imig           		 0.00509403
FRUS_imig           		 0.0012061
FRRA_imigy          		 0.000126846
FRAT_imigy          		 3.39594e-05
FRBE_imigy          		 0.000153818
FRES_imigy          		 0.000198801
FRFI_imigy          		 2.09768e-05
FRGR_imigy          		 2.99767e-06
FRIT_imigy          		 0.000263697
FRNL_imigy          		 9.59292e-05
FRPT_imigy          		 2.89719e-05
FRDE_imigy          		 0.000503505
FRRU_imigy          		 0.000192768
FRRW_imigy          		 0.000990114
FRUS_imigy          		 0.000241868
FR_piex             		 1.00496
FR_pextilde         		 0.932869
FRRA_rer            		 0.877987
FRAT_rer            		 1.08842
FRBE_rer            		 1.04505
FRES_rer            		 1.00834
FRFI_rer            		 1.0141
FRGR_rer            		 0.898918
FRIT_rer            		 1.07614
FRNL_rer            		 0.91045
FRPT_rer            		 0.988481
FRDE_rer            		 1.03935
FRRU_rer            		 0.987745
FRRW_rer            		 0.855856
FRUS_rer            		 0.869142
FR_sx               		 1
FRRA_tot            		 0.861058
FRAT_tot            		 1.13335
FRBE_tot            		 1.11319
FRES_tot            		 1.01205
FRFI_tot            		 1.02968
FRGR_tot            		 0.869022
FRIT_tot            		 1.09843
FRNL_tot            		 0.866476
FRPT_tot            		 0.979905
FRDE_tot            		 1.06154
FRRU_tot            		 0.986028
FRRW_tot            		 0.872221
FRUS_tot            		 0.899914
FRRA_weight         		 0.0342694
FRAT_weight         		 0.00877833
FRBE_weight         		 0.046152
FRES_weight         		 0.0676512
FRFI_weight         		 0.00492569
FRGR_weight         		 0.00480839
FRIT_weight         		 0.0786539
FRNL_weight         		 0.0322661
FRPT_weight         		 0.0112312
FRDE_weight         		 0.118051
FRRU_weight         		 0.0525849
FRRW_weight         		 0.446901
FRUS_weight         		 0.0937273
FRRA_weightex       		 0.0270453
FRAT_weightex       		 0.00808292
FRBE_weightex       		 0.0387415
FRES_weightex       		 0.058448
FRFI_weightex       		 0.00449754
FRGR_weightex       		 0.00640484
FRIT_weightex       		 0.0721116
FRNL_weightex       		 0.0259576
FRPT_weightex       		 0.00961661
FRDE_weightex       		 0.0975488
FRRU_weightex       		 0.0464709
FRRW_weightex       		 0.495446
FRUS_weightex       		 0.109629
FRRA_weightim       		 0.0415795
FRAT_weightim       		 0.00948202
FRBE_weightim       		 0.0536506
FRES_weightim       		 0.0769638
FRFI_weightim       		 0.00535892
FRGR_weightim       		 0.00319297
FRIT_weightim       		 0.085274
FRNL_weightim       		 0.0386496
FRPT_weightim       		 0.0128649
FRDE_weightim       		 0.138796
FRRU_weightim       		 0.0587715
FRRW_weightim       		 0.397779
FRUS_weightim       		 0.0776369
FR_b                		 20.7804
FR_bf               		 -0.971181
FR_by               		 4.96821
FR_c                		 2.25066
FR_ci               		 2.38867
FR_cj               		 1.83663
FR_cy               		 0.537633
FR_d                		 0.952247
FR_dn               		 0.192639
FR_dt               		 0.759607
FR_epsilonm         		 -0.750004
FR_etot             		 0.940881
FR_ex               		 0.94471
FR_fh               		 19.1414
FR_fi               		 28.7527
FR_fj               		 1.06491
FR_fn               		 10.0784
FR_cg               		 1.05582
FR_gammab           		 0
FR_gammai           		 0
FR_gammaider        		 0
FR_gammau           		 -6.93889e-18
FR_gammauder        		 0.0329424
FR_gammav           		 0.000227344
FR_gammavi          		 0.000101012
FR_gammavider       		 0.00216513
FR_gammavj          		 0.000101012
FR_gammavjder       		 0.00216513
FR_gh               		 22.9697
FR_gi               		 5.04301
FR_gj               		 2.34441
FR_gn               		 15.1177
FR_cgy              		 0.2457
FR_ht               		 2.13658
FR_htc              		 0.902436
FR_hti              		 0.342118
FR_htcg             		 0.769966
FR_htig             		 0.122057
FR_i                		 0.752106
FR_ig               		 0.165161
FR_ii               		 1.00281
FR_im               		 0.975958
FR_imc              		 0.627397
FR_imcy             		 0.133369
FR_imi              		 0.239893
FR_imiy             		 0.0516546
FR_imcg             		 0.0954131
FR_imcgy            		 0.0201701
FR_imig             		 0.013255
FR_imigy            		 0.00285425
FR_imy              		 0.208048
FR_exy              		 0.210521
FR_internalrer      		 1.27323
FR_iy               		 0.175882
FR_igy              		 0.0385
FR_k                		 30.0843
FR_kd               		 30.0843
FR_kdn              		 10.411
FR_kdt              		 19.6732
FR_ki               		 40.1123
FR_lambdai          		 0.976504
FR_lambdaj          		 1.36188
FR_lcy              		 0.54077
FR_m                		 0.945656
FR_mcn              		 0.777391
FR_mct              		 0.777391
FR_mi               		 1.00364
FR_mj               		 0.771695
FR_mp               		 0.00467012
FR_mpy              		 0.00111654
FR_nd               		 1.55699
FR_ndi              		 0.791988
FR_ndj              		 0.820507
FR_ndn              		 0.538815
FR_ndt              		 1.01817
FR_ni               		 0.791988
FR_nj               		 0.820507
FR_nt               		 1.12496
FR_ntc              		 0.729553
FR_nti              		 0.172281
FR_ntcg             		 0.192925
FR_ntig             		 0.0302047
FR_pex              		 0.932869
FR_pht              		 0.932869
FR_phttilde         		 0.932869
FR_pi               		 0.978962
FR_pcg              		 0.973353
FR_pig              		 0.975007
FR_pic              		 1.00496
FR_pic4             		 1.02
FR_piex4            		 1.02
FR_piht             		 1.00496
FR_piimc            		 1.00496
FR_piimi            		 1.00496
FR_piimcg           		 1.00496
FR_piimig           		 1.00496
FR_piimc4           		 1.02
FR_pim              		 0.892392
FR_pimc             		 0.889889
FR_pimi             		 0.901395
FR_pimcg            		 0.884961
FR_pimig            		 0.901441
FR_pint             		 1.00496
FR_piw              		 1.00496
FR_piw4             		 1.02
FR_pnt              		 1.16609
FR_pnttilde         		 1.16609
FR_pttc             		 0.915852
FR_ptti             		 0.920222
FR_pttcg            		 0.927888
FR_pttig            		 0.929907
FR_py               		 0.995243
FR_q                		 0.978962
FR_qc               		 2.25089
FR_qi               		 0.752106
FR_qcg              		 1.05582
FR_qig              		 0.165161
FR_r                		 1.01242
FR_reer             		 0.925198
FR_rer              		 0.869142
FR_rerdep           		 1
FR_rk               		 0.0322493
FR_rp               		 0
FR_rr               		 1.00742
FR_rrstar           		 1.00742
FR_sh               		 1
FR_si               		 1
FR_sj               		 1
FR_snt              		 1
FR_t                		 0.772583
FR_tauc             		 0.2135
FR_taud             		 0
FR_tauk             		 0.0662
FR_taun             		 0.2103
FR_tauwf            		 0.2925
FR_tauwh            		 0.1109
FR_tb               		 0.0103526
FR_tby              		 0.002473
FR_ti               		 0.9271
FR_tj               		 0.309033
FR_tot              		 0.899914
FR_tr               		 1.00719
FR_tri              		 0.671458
FR_trj              		 2.01437
FR_try              		 0.2408
FR_ttc              		 1.52881
FR_tti              		 0.581805
FR_ttcg             		 0.865098
FR_ttig             		 0.135295
FR_ty               		 0.184711
FR_u                		 1
FR_utili            		 -21.1998
FR_utilj            		 -55.3497
FR_vi               		 2.38
FR_vj               		 2.38
FR_w                		 1.12492
FR_wcst             		 0
FR_whty             		 0.398465
FR_wi               		 1.23045
FR_witilde          		 1.23045
FR_wj               		 0.946951
FR_wjtilde          		 0.946951
FR_wnty             		 0.462054
FR_wy               		 0.418391
FR_y                		 4.20625
FR_ygap             		 0.000865187
FR_ygrowth          		 1
FR_ygrowth4         		 1
FR_yhty             		 0.686639
FR_ynty             		 0.313361
FR_yshare           		 0.0387561
FR_ysn              		 1.12496
FR_yst              		 3.08129
FR_zcon             		 1
FR_zinv             		 1
FR_zn               		 1
FR_zt               		 1
FR_grev             		 2.34814
FR_gexp             		 2.34814
FR_grevy            		 0.561398
FR_gexpy            		 0.561398
FR_gbal             		 -8.09086e-12
FR_gbaly            		 -1.93438e-12
FR_br               		 0.152241
FR_bry              		 0.0363982
FR_gpbal            		 0.152241
FR_gpbaly           		 0.0363982
FR_tn               		 0.562577
FR_tny              		 0.134502
FR_tc               		 0.480516
FR_tcy              		 0.114883
FR_twf              		 0.512309
FR_twfy             		 0.122484
FR_tk               		 0.0154851
FR_tky              		 0.00370221
FR_lhs              		 23.8146
FR_rhs              		 23.8146
GRRA_excy           		 0.00486075
GRAT_excy           		 0.00164666
GRBE_excy           		 0.00133479
GRES_excy           		 0.00220913
GRFI_excy           		 0.000574113
GRFR_excy           		 0.00561108
GRIT_excy           		 0.0111652
GRNL_excy           		 0.00202946
GRPT_excy           		 0.000362665
GRDE_excy           		 0.0139298
GRRU_excy           		 0.00938488
GRRW_excy           		 0.0733346
GRUS_excy           		 0.0246483
GRRA_exiy           		 0.00110036
GRAT_exiy           		 0.000174824
GRBE_exiy           		 0.00023886
GRES_exiy           		 0.000520237
GRFI_exiy           		 9.6407e-05
GRFR_exiy           		 0.000612027
GRIT_exiy           		 0.00152676
GRNL_exiy           		 0.000218374
GRPT_exiy           		 7.07492e-05
GRDE_exiy           		 0.00152658
GRRU_exiy           		 0.00198344
GRRW_exiy           		 0.0176701
GRUS_exiy           		 0.00172236
GR_fx               		 2.93913
GRRA_gammaimc       		 0
GRAT_gammaimc       		 0
GRBE_gammaimc       		 0
GRES_gammaimc       		 0
GRFI_gammaimc       		 0
GRFR_gammaimc       		 0
GRIT_gammaimc       		 0
GRNL_gammaimc       		 0
GRPT_gammaimc       		 0
GRDE_gammaimc       		 0
GRRU_gammaimc       		 0
GRRW_gammaimc       		 0
GRUS_gammaimc       		 0
GRRA_gammaimcdag    		 1
GRAT_gammaimcdag    		 1
GRBE_gammaimcdag    		 1
GRES_gammaimcdag    		 1
GRFI_gammaimcdag    		 1
GRFR_gammaimcdag    		 1
GRIT_gammaimcdag    		 1
GRNL_gammaimcdag    		 1
GRPT_gammaimcdag    		 1
GRDE_gammaimcdag    		 1
GRRU_gammaimcdag    		 1
GRRW_gammaimcdag    		 1
GRUS_gammaimcdag    		 1
GRRA_gammaimi       		 0
GRAT_gammaimi       		 0
GRBE_gammaimi       		 0
GRES_gammaimi       		 0
GRFI_gammaimi       		 0
GRFR_gammaimi       		 0
GRIT_gammaimi       		 0
GRNL_gammaimi       		 0
GRPT_gammaimi       		 0
GRDE_gammaimi       		 0
GRRU_gammaimi       		 0
GRRW_gammaimi       		 0
GRUS_gammaimi       		 0
GRRA_gammaimidag    		 1
GRAT_gammaimidag    		 1
GRBE_gammaimidag    		 1
GRES_gammaimidag    		 1
GRFI_gammaimidag    		 1
GRFR_gammaimidag    		 1
GRIT_gammaimidag    		 1
GRNL_gammaimidag    		 1
GRPT_gammaimidag    		 1
GRDE_gammaimidag    		 1
GRRU_gammaimidag    		 1
GRRW_gammaimidag    		 1
GRUS_gammaimidag    		 1
GRRA_gammaimcg      		 0
GRAT_gammaimcg      		 0
GRBE_gammaimcg      		 0
GRES_gammaimcg      		 0
GRFI_gammaimcg      		 0
GRFR_gammaimcg      		 0
GRIT_gammaimcg      		 0
GRNL_gammaimcg      		 0
GRPT_gammaimcg      		 0
GRDE_gammaimcg      		 0
GRRU_gammaimcg      		 0
GRRW_gammaimcg      		 0
GRUS_gammaimcg      		 0
GRRA_gammaimcgdag   		 1
GRAT_gammaimcgdag   		 1
GRBE_gammaimcgdag   		 1
GRES_gammaimcgdag   		 1
GRFI_gammaimcgdag   		 1
GRFR_gammaimcgdag   		 1
GRIT_gammaimcgdag   		 1
GRNL_gammaimcgdag   		 1
GRPT_gammaimcgdag   		 1
GRDE_gammaimcgdag   		 1
GRRU_gammaimcgdag   		 1
GRRW_gammaimcgdag   		 1
GRUS_gammaimcgdag   		 1
GRRA_gammaimig      		 0
GRAT_gammaimig      		 0
GRBE_gammaimig      		 0
GRES_gammaimig      		 0
GRFI_gammaimig      		 0
GRFR_gammaimig      		 0
GRIT_gammaimig      		 0
GRNL_gammaimig      		 0
GRPT_gammaimig      		 0
GRDE_gammaimig      		 0
GRRU_gammaimig      		 0
GRRW_gammaimig      		 0
GRUS_gammaimig      		 0
GRRA_gammaimigdag   		 1
GRAT_gammaimigdag   		 1
GRBE_gammaimigdag   		 1
GRES_gammaimigdag   		 1
GRFI_gammaimigdag   		 1
GRFR_gammaimigdag   		 1
GRIT_gammaimigdag   		 1
GRNL_gammaimigdag   		 1
GRPT_gammaimigdag   		 1
GRDE_gammaimigdag   		 1
GRRU_gammaimigdag   		 1
GRRW_gammaimigdag   		 1
GRUS_gammaimigdag   		 1
GR_gx               		 3.52695
GRRA_im             		 0.0382479
GRAT_im             		 0.0111795
GRBE_im             		 0.0239395
GRES_im             		 0.0386038
GRFI_im             		 0.00790613
GRFR_im             		 0.0652121
GRIT_im             		 0.117945
GRNL_im             		 0.0472792
GRPT_im             		 0.00326314
GRDE_im             		 0.113731
GRRU_im             		 0.0826357
GRRW_im             		 0.51916
GRUS_im             		 0.0714071
GRRA_imc            		 0.0245103
GRAT_imc            		 0.00678312
GRBE_imc            		 0.0153691
GRES_imc            		 0.0268665
GRFI_imc            		 0.00384241
GRFR_imc            		 0.0428989
GRIT_imc            		 0.0713073
GRNL_imc            		 0.0337789
GRPT_imc            		 0.00238804
GRDE_imc            		 0.0694735
GRRU_imc            		 0.0568709
GRRW_imc            		 0.357434
GRUS_imc            		 0.0437646
GRRA_imcy           		 0.00469982
GRAT_imcy           		 0.00171196
GRBE_imcy           		 0.00380997
GRES_imcy           		 0.00605503
GRFI_imcy           		 0.00088106
GRFR_imcy           		 0.00955315
GRIT_imcy           		 0.0174424
GRNL_imcy           		 0.00651783
GRPT_imcy           		 0.000521106
GRDE_imcy           		 0.0164231
GRRU_imcy           		 0.0124876
GRRW_imcy           		 0.0694262
GRUS_imcy           		 0.0087705
GRRA_imi            		 0.00695239
GRAT_imi            		 0.0030829
GRBE_imi            		 0.00428049
GRES_imi            		 0.00750528
GRFI_imi            		 0.00303156
GRFR_imi            		 0.0128847
GRIT_imi            		 0.0317574
GRNL_imi            		 0.00862855
GRPT_imi            		 0.000577601
GRDE_imi            		 0.0278817
GRRU_imi            		 0.0166744
GRRW_imi            		 0.103772
GRUS_imi            		 0.0195804
GRRA_imiy           		 0.00133311
GRAT_imiy           		 0.000778079
GRBE_imiy           		 0.00106112
GRES_imiy           		 0.0016915
GRFI_imiy           		 0.000695133
GRFR_imiy           		 0.0028693
GRIT_imiy           		 0.00776813
GRNL_imiy           		 0.00166493
GRPT_imiy           		 0.000126041
GRDE_imiy           		 0.00659106
GRRU_imiy           		 0.00366135
GRRW_imiy           		 0.0201561
GRUS_imiy           		 0.00392395
GRRA_imcg           		 0.00620201
GRAT_imcg           		 0.00105635
GRBE_imcg           		 0.00393138
GRES_imcg           		 0.00360272
GRFI_imcg           		 0.000779564
GRFR_imcg           		 0.00835205
GRIT_imcg           		 0.0122266
GRNL_imcg           		 0.00415218
GRPT_imcg           		 0.000247154
GRDE_imcg           		 0.0140478
GRRU_imcg           		 0.00769884
GRRW_imcg           		 0.0492845
GRUS_imcg           		 0.0064268
GRRA_imcgy          		 0.00118923
GRAT_imcgy          		 0.000266608
GRBE_imcgy          		 0.00097458
GRES_imcgy          		 0.000811962
GRFI_imcgy          		 0.000178753
GRFR_imcgy          		 0.00185992
GRIT_imcgy          		 0.00299073
GRNL_imcgy          		 0.000801187
GRPT_imcgy          		 5.39328e-05
GRDE_imcgy          		 0.00332081
GRRU_imcgy          		 0.0016905
GRRW_imcgy          		 0.00957278
GRUS_imcgy          		 0.00128794
GRRA_imig           		 0.000583225
GRAT_imig           		 0.000257162
GRBE_imig           		 0.000358495
GRES_imig           		 0.000629254
GRFI_imig           		 0.000252594
GRFR_imig           		 0.00107652
GRIT_imig           		 0.0026535
GRNL_imig           		 0.000719637
GRPT_imig           		 5.03459e-05
GRDE_imig           		 0.00232791
GRRU_imig           		 0.00139151
GRRW_imig           		 0.00866998
GRUS_imig           		 0.00163536
GRRA_imigy          		 0.000111833
GRAT_imigy          		 6.49041e-05
GRBE_imigy          		 8.88699e-05
GRES_imigy          		 0.000141818
GRFI_imigy          		 5.79196e-05
GRFR_imigy          		 0.00023973
GRIT_imigy          		 0.000649069
GRNL_imigy          		 0.000138858
GRPT_imigy          		 1.09862e-05
GRDE_imigy          		 0.000550303
GRRU_imigy          		 0.000305546
GRRW_imigy          		 0.00168402
GRUS_imigy          		 0.000327729
GR_piex             		 1.00496
GR_pextilde         		 0.901844
GRRA_rer            		 0.976715
GRAT_rer            		 1.21082
GRBE_rer            		 1.16257
GRES_rer            		 1.12173
GRFI_rer            		 1.12813
GRFR_rer            		 1.11245
GRIT_rer            		 1.19715
GRNL_rer            		 1.01283
GRPT_rer            		 1.09963
GRDE_rer            		 1.15622
GRRU_rer            		 1.09882
GRRW_rer            		 0.952096
GRUS_rer            		 0.966876
GR_sx               		 1
GRRA_tot            		 0.990835
GRAT_tot            		 1.30417
GRBE_tot            		 1.28097
GRES_tot            		 1.16459
GRFI_tot            		 1.18487
GRFR_tot            		 1.15072
GRIT_tot            		 1.26398
GRNL_tot            		 0.997071
GRPT_tot            		 1.1276
GRDE_tot            		 1.22153
GRRU_tot            		 1.13464
GRRW_tot            		 1.00368
GRUS_tot            		 1.03555
GRRA_weight         		 0.0306525
GRAT_weight         		 0.0109912
GRBE_weight         		 0.018074
GRES_weight         		 0.0277915
GRFI_weight         		 0.00604191
GRFR_weight         		 0.05007
GRIT_weight         		 0.0955394
GRNL_weight         		 0.0275899
GRPT_weight         		 0.00285455
GRDE_weight         		 0.0997629
GRRU_weight         		 0.0687197
GRRW_weight         		 0.460436
GRUS_weight         		 0.101477
GRRA_weightex       		 0.0307678
GRAT_weightex       		 0.0100408
GRBE_weightex       		 0.00981623
GRES_weightex       		 0.0172911
GRFI_weightex       		 0.00416554
GRFR_weightex       		 0.0371126
GRIT_weightex       		 0.0649178
GRNL_weightex       		 0.0146547
GRPT_weightex       		 0.00271493
GRDE_weightex       		 0.0845439
GRRU_weightex       		 0.0601721
GRRW_weightex       		 0.510392
GRUS_weightex       		 0.15341
GRRA_weightim       		 0.0305596
GRAT_weightim       		 0.011757
GRBE_weightim       		 0.0247283
GRES_weightim       		 0.0362528
GRFI_weightim       		 0.00755392
GRFR_weightim       		 0.0605113
GRIT_weightim       		 0.120215
GRNL_weightim       		 0.0380132
GRPT_weightim       		 0.00296706
GRDE_weightim       		 0.112027
GRRU_weightim       		 0.0756074
GRRW_weightim       		 0.42018
GRUS_weightim       		 0.059628
GR_b                		 32.7277
GR_bf               		 18.3141
GR_by               		 7.03051
GR_c                		 3.12364
GR_ci               		 3.63078
GR_cj               		 1.60222
GR_cy               		 0.670289
GR_d                		 2.03166
GR_dn               		 0.230722
GR_dt               		 1.80093
GR_epsilonm         		 -0.750004
GR_etot             		 1.07888
GR_ex               		 0.9993
GR_fh               		 21.015
GR_fi               		 33.9936
GR_fj               		 1.25902
GR_fn               		 12.0675
GR_cg               		 0.996537
GR_gammab           		 0
GR_gammai           		 0
GR_gammaider        		 0
GR_gammau           		 0
GR_gammauder        		 0.0327636
GR_gammav           		 0.000315525
GR_gammavi          		 0.000101012
GR_gammavider       		 0.00216513
GR_gammavj          		 0.000101012
GR_gammavjder       		 0.00216513
GR_gh               		 25.218
GR_gi               		 2.42358
GR_gj               		 2.58957
GR_gn               		 18.1012
GR_cgy              		 0.205
GR_ht               		 2.4264
GR_htc              		 1.35873
GR_hti              		 0.219579
GR_htcg             		 0.699362
GR_htig             		 0.148733
GR_i                		 0.602736
GR_ig               		 0.206496
GR_ii               		 0.803648
GR_im               		 1.12742
GR_imc              		 0.746806
GR_imcy             		 0.1583
GR_imi              		 0.243658
GR_imiy             		 0.0523198
GR_imcg             		 0.1166
GR_imcgy            		 0.0249989
GR_imig             		 0.020359
GR_imigy            		 0.00437158
GR_imy              		 0.23999
GR_exy              		 0.193387
GR_internalrer      		 1.20618
GR_iy               		 0.129115
GR_igy              		 0.0424
GR_k                		 24.1094
GR_kd               		 24.1094
GR_kdn              		 12.2907
GR_kdt              		 11.8187
GR_ki               		 32.1459
GR_lambdai          		 0.502689
GR_lambdaj          		 1.61136
GR_lcy              		 0.394825
GR_m                		 1.31246
GR_mcn              		 0.751536
GR_mct              		 0.751536
GR_mi               		 1.52554
GR_mj               		 0.673202
GR_mp               		 0.00648155
GR_mpy              		 0.00139236
GR_nd               		 1.31502
GR_ndi              		 0.559395
GR_ndj              		 0.841566
GR_ndn              		 0.670381
GR_ndt              		 0.644635
GR_ni               		 0.559395
GR_nj               		 0.841566
GR_nt               		 1.39332
GR_ntc              		 1.0298
GR_nti              		 0.141798
GR_ntcg             		 0.183695
GR_ntig             		 0.0380288
GR_pex              		 0.901843
GR_pht              		 0.901843
GR_phttilde         		 0.901844
GR_pi               		 0.998271
GR_pcg              		 0.95761
GR_pig              		 0.955832
GR_pic              		 1.00496
GR_pic4             		 1.02
GR_piex4            		 1.02
GR_piht             		 1.00496
GR_piimc            		 1.00496
GR_piimi            		 1.00496
GR_piimcg           		 1.00496
GR_piimig           		 1.00496
GR_piimc4           		 1.02
GR_pim              		 0.991987
GR_pimc             		 0.987807
GR_pimi             		 1.00065
GR_pimcg            		 0.999134
GR_pimig            		 1.00065
GR_pint             		 1.00496
GR_piw              		 1.00496
GR_piw4             		 1.02
GR_pnt              		 1.1273
GR_pnttilde         		 1.1273
GR_pttc             		 0.93461
GR_ptti             		 0.957002
GR_pttcg            		 0.917348
GR_pttig            		 0.915173
GR_py               		 0.967031
GR_q                		 0.998271
GR_qc               		 3.12396
GR_qi               		 0.602736
GR_qcg              		 0.996537
GR_qig              		 0.206496
GR_r                		 1.01242
GR_reer             		 1.02645
GR_rer              		 0.966876
GR_rerdep           		 1
GR_rk               		 0.032707
GR_rp               		 0
GR_rr               		 1.00742
GR_rrstar           		 1.00742
GR_sh               		 1
GR_si               		 1
GR_sj               		 1
GR_snt              		 1
GR_t                		 0.731552
GR_tauc             		 0.1927
GR_taud             		 0
GR_tauk             		 0.0447
GR_taun             		 0.1814
GR_tauwf            		 0.1809
GR_tauwh            		 0.2193
GR_tb               		 -0.217177
GR_tby              		 -0.046603
GR_ti               		 0.877862
GR_tj               		 0.292621
GR_tot              		 1.03555
GR_tr               		 0.863054
GR_tri              		 0.57537
GR_trj              		 1.72611
GR_try              		 0.1854
GR_ttc              		 2.10041
GR_tti              		 0.461696
GR_ttcg             		 0.814537
GR_ttig             		 0.168827
GR_ty               		 0.157151
GR_u                		 1
GR_utili            		 34.9601
GR_utilj            		 -75.0311
GR_vi               		 2.38
GR_vj               		 2.38
GR_w                		 1.18484
GR_wcst             		 0
GR_whty             		 0.247225
GR_wi               		 1.35063
GR_witilde          		 1.35063
GR_wj               		 0.953639
GR_wjtilde          		 0.953639
GR_wnty             		 0.505696
GR_wy               		 0.334343
GR_y                		 4.81902
GR_ygap             		 0.00110646
GR_ygrowth          		 1
GR_ygrowth4         		 1
GR_yhty             		 0.662951
GR_ynty             		 0.337049
GR_yshare           		 0.00386324
GR_ysn              		 1.39332
GR_yst              		 3.4257
GR_zcon             		 1
GR_zinv             		 1
GR_zn               		 1
GR_zt               		 1
GR_grev             		 2.25449
GR_gexp             		 2.25449
GR_grevy            		 0.484307
GR_gexpy            		 0.484307
GR_gbal             		 -1.17328e-11
GR_gbaly            		 -2.52043e-12
GR_br               		 0.23977
GR_bry              		 0.051507
GR_gpbal            		 0.23977
GR_gpbaly           		 0.051507
GR_tn               		 0.624325
GR_tny              		 0.134116
GR_tc               		 0.601926
GR_tcy              		 0.129305
GR_twf              		 0.281858
GR_twfy             		 0.0605482
GR_tk               		 0.00835234
GR_tky              		 0.00179424
GR_lhs              		 35.8867
GR_rhs              		 35.8867
ITRA_excy           		 0.00333521
ITAT_excy           		 0.00262219
ITBE_excy           		 0.00165404
ITES_excy           		 0.006004
ITFI_excy           		 0.000469794
ITFR_excy           		 0.0140502
ITGR_excy           		 0.00215989
ITNL_excy           		 0.001624
ITPT_excy           		 0.00103712
ITDE_excy           		 0.0135839
ITRU_excy           		 0.00710578
ITRW_excy           		 0.0585516
ITUS_excy           		 0.01683
ITRA_exiy           		 0.00211327
ITAT_exiy           		 0.00116858
ITBE_exiy           		 0.00098905
ITES_exiy           		 0.00342819
ITFI_exiy           		 0.000324438
ITFR_exiy           		 0.00592162
ITGR_exiy           		 0.000961927
ITNL_exiy           		 0.00076835
ITPT_exiy           		 0.000595298
ITDE_exiy           		 0.00567883
ITRU_exiy           		 0.00455406
ITRW_exiy           		 0.0352697
ITUS_exiy           		 0.00646161
IT_fx               		 2.75804
ITRA_gammaimc       		 0
ITAT_gammaimc       		 0
ITBE_gammaimc       		 0
ITES_gammaimc       		 0
ITFI_gammaimc       		 0
ITFR_gammaimc       		 0
ITGR_gammaimc       		 0
ITNL_gammaimc       		 0
ITPT_gammaimc       		 0
ITDE_gammaimc       		 0
ITRU_gammaimc       		 0
ITRW_gammaimc       		 0
ITUS_gammaimc       		 0
ITRA_gammaimcdag    		 1
ITAT_gammaimcdag    		 1
ITBE_gammaimcdag    		 1
ITES_gammaimcdag    		 1
ITFI_gammaimcdag    		 1
ITFR_gammaimcdag    		 1
ITGR_gammaimcdag    		 1
ITNL_gammaimcdag    		 1
ITPT_gammaimcdag    		 1
ITDE_gammaimcdag    		 1
ITRU_gammaimcdag    		 1
ITRW_gammaimcdag    		 1
ITUS_gammaimcdag    		 1
ITRA_gammaimi       		 0
ITAT_gammaimi       		 0
ITBE_gammaimi       		 0
ITES_gammaimi       		 0
ITFI_gammaimi       		 0
ITFR_gammaimi       		 0
ITGR_gammaimi       		 0
ITNL_gammaimi       		 0
ITPT_gammaimi       		 0
ITDE_gammaimi       		 0
ITRU_gammaimi       		 0
ITRW_gammaimi       		 0
ITUS_gammaimi       		 0
ITRA_gammaimidag    		 1
ITAT_gammaimidag    		 1
ITBE_gammaimidag    		 1
ITES_gammaimidag    		 1
ITFI_gammaimidag    		 1
ITFR_gammaimidag    		 1
ITGR_gammaimidag    		 1
ITNL_gammaimidag    		 1
ITPT_gammaimidag    		 1
ITDE_gammaimidag    		 1
ITRU_gammaimidag    		 1
ITRW_gammaimidag    		 1
ITUS_gammaimidag    		 1
ITRA_gammaimcg      		 0
ITAT_gammaimcg      		 0
ITBE_gammaimcg      		 0
ITES_gammaimcg      		 0
ITFI_gammaimcg      		 0
ITFR_gammaimcg      		 0
ITGR_gammaimcg      		 0
ITNL_gammaimcg      		 0
ITPT_gammaimcg      		 0
ITDE_gammaimcg      		 0
ITRU_gammaimcg      		 0
ITRW_gammaimcg      		 0
ITUS_gammaimcg      		 0
ITRA_gammaimcgdag   		 1
ITAT_gammaimcgdag   		 1
ITBE_gammaimcgdag   		 1
ITES_gammaimcgdag   		 1
ITFI_gammaimcgdag   		 1
ITFR_gammaimcgdag   		 1
ITGR_gammaimcgdag   		 1
ITNL_gammaimcgdag   		 1
ITPT_gammaimcgdag   		 1
ITDE_gammaimcgdag   		 1
ITRU_gammaimcgdag   		 1
ITRW_gammaimcgdag   		 1
ITUS_gammaimcgdag   		 1
ITRA_gammaimig      		 0
ITAT_gammaimig      		 0
ITBE_gammaimig      		 0
ITES_gammaimig      		 0
ITFI_gammaimig      		 0
ITFR_gammaimig      		 0
ITGR_gammaimig      		 0
ITNL_gammaimig      		 0
ITPT_gammaimig      		 0
ITDE_gammaimig      		 0
ITRU_gammaimig      		 0
ITRW_gammaimig      		 0
ITUS_gammaimig      		 0
ITRA_gammaimigdag   		 1
ITAT_gammaimigdag   		 1
ITBE_gammaimigdag   		 1
ITES_gammaimigdag   		 1
ITFI_gammaimigdag   		 1
ITFR_gammaimigdag   		 1
ITGR_gammaimigdag   		 1
ITNL_gammaimigdag   		 1
ITPT_gammaimigdag   		 1
ITDE_gammaimigdag   		 1
ITRU_gammaimigdag   		 1
ITRW_gammaimigdag   		 1
ITUS_gammaimigdag   		 1
IT_gx               		 3.30964
ITRA_im             		 0.0641152
ITAT_im             		 0.0193315
ITBE_im             		 0.0225588
ITES_im             		 0.0429642
ITFI_im             		 0.00441796
ITFR_im             		 0.0897282
ITGR_im             		 0.00860898
ITNL_im             		 0.0379198
ITPT_im             		 0.00473928
ITDE_im             		 0.117572
ITRU_im             		 0.0627648
ITRW_im             		 0.414233
ITUS_im             		 0.0475957
ITRA_imc            		 0.0417534
ITAT_imc            		 0.0124966
ITBE_imc            		 0.0144359
ITES_imc            		 0.0307386
ITFI_imc            		 0.00230938
ITFR_imc            		 0.0605496
ITGR_imc            		 0.00713741
ITNL_imc            		 0.0253506
ITPT_imc            		 0.00339782
ITDE_imc            		 0.0704947
ITRU_imc            		 0.0411209
ITRW_imc            		 0.289206
ITUS_imc            		 0.0305192
ITRA_imcy           		 0.00801392
ITAT_imcy           		 0.00315702
ITBE_imcy           		 0.00358207
ITES_imcy           		 0.00693438
ITFI_imcy           		 0.000530051
ITFR_imcy           		 0.0134968
ITGR_imcy           		 0.00138259
ITNL_imcy           		 0.00489626
ITPT_imcy           		 0.000742172
ITDE_imcy           		 0.0166806
ITRU_imcy           		 0.009038
ITRW_imcy           		 0.0562282
ITUS_imcy           		 0.00612202
ITRA_imi            		 0.0149825
ITAT_imi            		 0.00534718
ITBE_imi            		 0.0054481
ITES_imi            		 0.00929191
ITFI_imi            		 0.00171224
ITFR_imi            		 0.0218532
ITGR_imi            		 0.000975991
ITNL_imi            		 0.00947302
ITPT_imi            		 0.00100275
ITDE_imi            		 0.037959
ITRU_imi            		 0.0171098
ITRW_imi            		 0.0870951
ITUS_imi            		 0.0112975
ITRA_imiy           		 0.00287565
ITAT_imiy           		 0.00135086
ITBE_imiy           		 0.00135188
ITES_imiy           		 0.00209618
ITFI_imiy           		 0.000392994
ITFR_imiy           		 0.0048712
ITGR_imiy           		 0.000189059
ITNL_imiy           		 0.00182964
ITPT_imiy           		 0.000219026
ITDE_imiy           		 0.00898195
ITRU_imiy           		 0.00376058
ITRW_imiy           		 0.0169333
ITUS_imiy           		 0.00226623
ITRA_imcg           		 0.00677525
ITAT_imcg           		 0.00127007
ITBE_imcg           		 0.00245324
ITES_imcg           		 0.00255708
ITFI_imcg           		 0.000326653
ITFR_imcg           		 0.00645059
ITGR_imcg           		 0.000454277
ITNL_imcg           		 0.00271307
ITPT_imcg           		 0.000297519
ITDE_imcg           		 0.00758418
ITRU_imcg           		 0.00384284
ITRW_imcg           		 0.0344201
ITUS_imcg           		 0.00532525
ITRA_imcgy          		 0.0013004
ITAT_imcgy          		 0.000320858
ITBE_imcgy          		 0.00060874
ITES_imcgy          		 0.000576857
ITFI_imcgy          		 7.49737e-05
ITFR_imcgy          		 0.00143787
ITGR_imcgy          		 8.79979e-05
ITNL_imcgy          		 0.000524008
ITPT_imcgy          		 6.4986e-05
ITDE_imcgy          		 0.00179459
ITRU_imcgy          		 0.000844621
ITRW_imcgy          		 0.00669205
ITUS_imcgy          		 0.00106822
ITRA_imig           		 0.000604099
ITAT_imig           		 0.000217615
ITBE_imig           		 0.000221558
ITES_imig           		 0.000376694
ITFI_imig           		 6.96863e-05
ITFR_imig           		 0.000874736
ITGR_imig           		 4.12981e-05
ITNL_imig           		 0.000383144
ITPT_imig           		 4.11951e-05
ITDE_imig           		 0.00153374
ITRU_imig           		 0.000691259
ITRW_imig           		 0.00351247
ITUS_imig           		 0.000453745
ITRA_imigy          		 0.000115947
ITAT_imigy          		 5.49759e-05
ITBE_imigy          		 5.49767e-05
ITES_imigy          		 8.49792e-05
ITFI_imigy          		 1.59944e-05
ITFR_imigy          		 0.000194983
ITGR_imigy          		 7.99984e-06
ITNL_imigy          		 7.40013e-05
ITPT_imigy          		 8.99809e-06
ITDE_imigy          		 0.000362918
ITRU_imigy          		 0.000151932
ITRW_imigy          		 0.000682905
ITUS_imigy          		 9.10193e-05
IT_piex             		 1.00496
IT_pextilde         		 0.952191
ITRA_rer            		 0.815869
ITAT_rer            		 1.01142
ITBE_rer            		 0.971116
ITES_rer            		 0.937002
ITFI_rer            		 0.942349
ITFR_rer            		 0.92925
ITGR_rer            		 0.835319
ITNL_rer            		 0.846035
ITPT_rer            		 0.918545
ITDE_rer            		 0.965815
ITRU_rer            		 0.917862
ITRW_rer            		 0.795304
ITUS_rer            		 0.80765
IT_sx               		 1
ITRA_tot            		 0.783901
ITAT_tot            		 1.03179
ITBE_tot            		 1.01344
ITES_tot            		 0.921367
ITFI_tot            		 0.937411
ITFR_tot            		 0.910393
ITGR_tot            		 0.791152
ITNL_tot            		 0.788834
ITPT_tot            		 0.892099
ITDE_tot            		 0.966416
ITRU_tot            		 0.897673
ITRW_tot            		 0.794065
ITUS_tot            		 0.819275
ITRA_weight         		 0.0440614
ITAT_weight         		 0.0208211
ITBE_weight         		 0.0210986
ITES_weight         		 0.0474412
ITFI_weight         		 0.00484945
ITFR_weight         		 0.0977734
ITGR_weight         		 0.0115733
ITNL_weight         		 0.0257393
ITPT_weight         		 0.0064761
ITDE_weight         		 0.117601
ITRU_weight         		 0.063564
ITRW_weight         		 0.450504
ITUS_weight         		 0.0884967
ITRA_weightex       		 0.0270271
ITAT_weightex       		 0.0170548
ITBE_weightex       		 0.0142983
ITES_weightex       		 0.0454597
ITFI_weightex       		 0.00453996
ITFR_weightex       		 0.0935725
ITGR_weightex       		 0.0142942
ITNL_weightex       		 0.0151668
ITPT_weightex       		 0.00752957
ITDE_weightex       		 0.0952431
ITRU_weightex       		 0.0571898
ITRW_weightex       		 0.484586
ITUS_weightex       		 0.124038
ITRA_weightim       		 0.063036
ITAT_weightim       		 0.0250164
ITBE_weightim       		 0.0286736
ITES_weightim       		 0.0496485
ITFI_weightim       		 0.0051942
ITFR_weightim       		 0.102453
ITGR_weightim       		 0.00854235
ITNL_weightim       		 0.0375161
ITPT_weightim       		 0.00530263
ITDE_weightim       		 0.142506
ITRU_weightim       		 0.0706643
ITRW_weightim       		 0.412541
ITUS_weightim       		 0.0489062
IT_b                		 20.6995
IT_bf               		 -8.73067
IT_by               		 5.32464
IT_c                		 2.2903
IT_ci               		 2.53011
IT_cj               		 1.57085
IT_cy               		 0.588924
IT_d                		 1.09416
IT_dn               		 0.182415
IT_dt               		 0.911742
IT_epsilonm         		 -0.750004
IT_etot             		 0.847784
IT_ex               		 0.888147
IT_fh               		 17.288
IT_fi               		 16.1949
IT_fj               		 0.599811
IT_fn               		 9.55067
IT_cg               		 0.778224
IT_gammab           		 0
IT_gammai           		 0
IT_gammaider        		 0
IT_gammau           		 0
IT_gammauder        		 0.0328325
IT_gammav           		 0.000231347
IT_gammavi          		 0.000101012
IT_gammavider       		 0.00216513
IT_gammavj          		 0.000101012
IT_gammavjder       		 0.00216513
IT_gh               		 20.7456
IT_gi               		 2.6508
IT_gj               		 1.76242
IT_gn               		 14.326
IT_cgy              		 0.1975
IT_ht               		 1.89054
IT_htc              		 0.952766
IT_hti              		 0.29254
IT_htcg             		 0.566318
IT_htig             		 0.0789158
IT_i                		 0.656875
IT_ig               		 0.106931
IT_ii               		 0.875833
IT_im               		 0.927375
IT_imc              		 0.623464
IT_imcy             		 0.130804
IT_imi              		 0.221234
IT_imiy             		 0.0471185
IT_imcg             		 0.073749
IT_imcgy            		 0.0153962
IT_imig             		 0.00892771
IT_imigy            		 0.00190163
IT_imy              		 0.19522
IT_exy              		 0.217458
IT_internalrer      		 1.31602
IT_iy               		 0.164163
IT_igy              		 0.0272
IT_k                		 26.275
IT_kd               		 26.275
IT_kdn              		 9.97203
IT_kdt              		 16.303
IT_ki               		 35.0333
IT_lambdai          		 0.787848
IT_lambdaj          		 1.57143
IT_lcy              		 0.503055
IT_m                		 0.962309
IT_mcn              		 0.793492
IT_mct              		 0.793492
IT_mi               		 1.06307
IT_mj               		 0.66002
IT_mp               		 0.00475236
IT_mpy              		 0.00122247
IT_nd               		 1.34182
IT_ndi              		 0.634111
IT_ndj              		 0.771223
IT_ndn              		 0.509255
IT_ndt              		 0.832565
IT_ni               		 0.634111
IT_nj               		 0.771223
IT_nt               		 1.04442
IT_ntc              		 0.734829
IT_nti              		 0.148394
IT_ntcg             		 0.141705
IT_ntig             		 0.0194932
IT_pex              		 0.95219
IT_pht              		 0.95219
IT_phttilde         		 0.952191
IT_pi               		 0.971906
IT_pcg              		 0.98658
IT_pig              		 0.988863
IT_pic              		 1.00496
IT_pic4             		 1.02
IT_piex4            		 1.02
IT_piht             		 1.00496
IT_piimc            		 1.00496
IT_piimi            		 1.00496
IT_piimcg           		 1.00496
IT_piimig           		 1.00496
IT_piimc4           		 1.02
IT_pim              		 0.818658
IT_pimc             		 0.815911
IT_pimi             		 0.828269
IT_pimcg            		 0.811875
IT_pimig            		 0.828358
IT_pint             		 1.00496
IT_piw              		 1.00496
IT_piw4             		 1.02
IT_pnt              		 1.19024
IT_pnttilde         		 1.19024
IT_pttc             		 0.904421
IT_ptti             		 0.90404
IT_pttcg            		 0.938649
IT_pttig            		 0.941434
IT_py               		 1.01722
IT_q                		 0.971906
IT_qc               		 2.29053
IT_qi               		 0.656875
IT_qcg              		 0.778224
IT_qig              		 0.106931
IT_r                		 1.01242
IT_reer             		 0.853459
IT_rer              		 0.80765
IT_rerdep           		 1
IT_rk               		 0.0319101
IT_rp               		 0
IT_rr               		 1.00742
IT_rrstar           		 1.00742
IT_sh               		 1
IT_si               		 1
IT_sj               		 1
IT_snt              		 1
IT_t                		 0.211457
IT_tauc             		 0.1874
IT_taud             		 0
IT_tauk             		 0.0531
IT_taun             		 0.3814
IT_tauwf            		 0.3089
IT_tauwh            		 0.0831
IT_tb               		 0.0864825
IT_tby              		 0.022238
IT_ti               		 0.253748
IT_tj               		 0.0845826
IT_tot              		 0.819275
IT_tr               		 0.786829
IT_tri              		 0.524553
IT_trj              		 1.57366
IT_try              		 0.2024
IT_ttc              		 1.56554
IT_tti              		 0.510813
IT_ttcg             		 0.638277
IT_ttig             		 0.0876729
IT_ty               		 0.0543941
IT_u                		 1
IT_utili            		 -12.8463
IT_utilj            		 -74.37
IT_vi               		 2.38
IT_vj               		 2.38
IT_w                		 1.1139
IT_wcst             		 0
IT_whty             		 0.350511
IT_wi               		 1.23929
IT_witilde          		 1.23929
IT_wj               		 0.91907
IT_wjtilde          		 0.919071
IT_wnty             		 0.456323
IT_wy               		 0.384334
IT_y                		 3.82311
IT_ygap             		 0.000339515
IT_ygrowth          		 1
IT_ygrowth4         		 1
IT_yhty             		 0.680348
IT_ynty             		 0.319652
IT_yshare           		 0.031198
IT_ysn              		 1.04442
IT_yst              		 2.77869
IT_zcon             		 1
IT_zinv             		 1
IT_zn               		 1
IT_zt               		 1
IT_grev             		 1.812
IT_gexp             		 1.812
IT_grevy            		 0.466109
IT_gexpy            		 0.466109
IT_gbal             		 2.68452e-13
IT_gbaly            		 6.90553e-14
IT_br               		 0.151649
IT_bry              		 0.0390095
IT_gpbal            		 0.151649
IT_gpbaly           		 0.0390095
IT_tn               		 0.694267
IT_tny              		 0.17859
IT_tc               		 0.429201
IT_tcy              		 0.110406
IT_twf              		 0.461699
IT_twfy             		 0.118765
IT_tk               		 0.0106209
IT_tky              		 0.00273207
IT_lhs              		 23.2152
IT_rhs              		 23.2152
NLRA_excy           		 0.00537273
NLAT_excy           		 0.00229727
NLBE_excy           		 0.0163368
NLES_excy           		 0.00698711
NLFI_excy           		 0.0016815
NLFR_excy           		 0.0183345
NLGR_excy           		 0.00217916
NLIT_excy           		 0.0132198
NLPT_excy           		 0.00184667
NLDE_excy           		 0.0459265
NLRU_excy           		 0.0159707
NLRW_excy           		 0.100941
NLUS_excy           		 0.0177452
NLRA_exiy           		 0.00301414
NLAT_exiy           		 0.00109307
NLBE_exiy           		 0.00661125
NLES_exiy           		 0.00300647
NLFI_exiy           		 0.000749211
NLFR_exiy           		 0.00581357
NLGR_exiy           		 0.000556651
NLIT_exiy           		 0.00494001
NLPT_exiy           		 0.000773819
NLDE_exiy           		 0.0117706
NLRU_exiy           		 0.00692417
NLRW_exiy           		 0.0432947
NLUS_exiy           		 0.00662256
NL_fx               		 5.78604
NLRA_gammaimc       		 0
NLAT_gammaimc       		 0
NLBE_gammaimc       		 0
NLES_gammaimc       		 0
NLFI_gammaimc       		 0
NLFR_gammaimc       		 0
NLGR_gammaimc       		 0
NLIT_gammaimc       		 0
NLPT_gammaimc       		 0
NLDE_gammaimc       		 0
NLRU_gammaimc       		 0
NLRW_gammaimc       		 0
NLUS_gammaimc       		 0
NLRA_gammaimcdag    		 1
NLAT_gammaimcdag    		 1
NLBE_gammaimcdag    		 1
NLES_gammaimcdag    		 1
NLFI_gammaimcdag    		 1
NLFR_gammaimcdag    		 1
NLGR_gammaimcdag    		 1
NLIT_gammaimcdag    		 1
NLPT_gammaimcdag    		 1
NLDE_gammaimcdag    		 1
NLRU_gammaimcdag    		 1
NLRW_gammaimcdag    		 1
NLUS_gammaimcdag    		 1
NLRA_gammaimi       		 0
NLAT_gammaimi       		 0
NLBE_gammaimi       		 0
NLES_gammaimi       		 0
NLFI_gammaimi       		 0
NLFR_gammaimi       		 0
NLGR_gammaimi       		 0
NLIT_gammaimi       		 0
NLPT_gammaimi       		 0
NLDE_gammaimi       		 0
NLRU_gammaimi       		 0
NLRW_gammaimi       		 0
NLUS_gammaimi       		 0
NLRA_gammaimidag    		 1
NLAT_gammaimidag    		 1
NLBE_gammaimidag    		 1
NLES_gammaimidag    		 1
NLFI_gammaimidag    		 1
NLFR_gammaimidag    		 1
NLGR_gammaimidag    		 1
NLIT_gammaimidag    		 1
NLPT_gammaimidag    		 1
NLDE_gammaimidag    		 1
NLRU_gammaimidag    		 1
NLRW_gammaimidag    		 1
NLUS_gammaimidag    		 1
NLRA_gammaimcg      		 0
NLAT_gammaimcg      		 0
NLBE_gammaimcg      		 0
NLES_gammaimcg      		 0
NLFI_gammaimcg      		 0
NLFR_gammaimcg      		 0
NLGR_gammaimcg      		 0
NLIT_gammaimcg      		 0
NLPT_gammaimcg      		 0
NLDE_gammaimcg      		 0
NLRU_gammaimcg      		 0
NLRW_gammaimcg      		 0
NLUS_gammaimcg      		 0
NLRA_gammaimcgdag   		 1
NLAT_gammaimcgdag   		 1
NLBE_gammaimcgdag   		 1
NLES_gammaimcgdag   		 1
NLFI_gammaimcgdag   		 1
NLFR_gammaimcgdag   		 1
NLGR_gammaimcgdag   		 1
NLIT_gammaimcgdag   		 1
NLPT_gammaimcgdag   		 1
NLDE_gammaimcgdag   		 1
NLRU_gammaimcgdag   		 1
NLRW_gammaimcgdag   		 1
NLUS_gammaimcgdag   		 1
NLRA_gammaimig      		 0
NLAT_gammaimig      		 0
NLBE_gammaimig      		 0
NLES_gammaimig      		 0
NLFI_gammaimig      		 0
NLFR_gammaimig      		 0
NLGR_gammaimig      		 0
NLIT_gammaimig      		 0
NLPT_gammaimig      		 0
NLDE_gammaimig      		 0
NLRU_gammaimig      		 0
NLRW_gammaimig      		 0
NLUS_gammaimig      		 0
NLRA_gammaimigdag   		 1
NLAT_gammaimigdag   		 1
NLBE_gammaimigdag   		 1
NLES_gammaimigdag   		 1
NLFI_gammaimigdag   		 1
NLFR_gammaimigdag   		 1
NLGR_gammaimigdag   		 1
NLIT_gammaimigdag   		 1
NLPT_gammaimigdag   		 1
NLDE_gammaimigdag   		 1
NLRU_gammaimigdag   		 1
NLRW_gammaimigdag   		 1
NLUS_gammaimigdag   		 1
NL_gx               		 6.94324
NLRA_im             		 0.0532871
NLAT_im             		 0.0138896
NLBE_im             		 0.0898999
NLES_im             		 0.0325035
NLFI_im             		 0.00854812
NLFR_im             		 0.0788661
NLGR_im             		 0.00416565
NLIT_im             		 0.0297543
NLPT_im             		 0.0063003
NLDE_im             		 0.167722
NLRU_im             		 0.079526
NLRW_im             		 0.570717
NLUS_im             		 0.161401
NLRA_imc            		 0.0298806
NLAT_imc            		 0.00889459
NLBE_imc            		 0.0538868
NLES_imc            		 0.0209546
NLFI_imc            		 0.00411267
NLFR_imc            		 0.0498237
NLGR_imc            		 0.00350472
NLIT_imc            		 0.0179181
NLPT_imc            		 0.00454215
NLDE_imc            		 0.092195
NLRU_imc            		 0.0427837
NLRW_imc            		 0.357148
NLUS_imc            		 0.0886843
NLRA_imcy           		 0.00573197
NLAT_imcy           		 0.00224581
NLBE_imcy           		 0.013364
NLES_imcy           		 0.00472461
NLFI_imcy           		 0.000943425
NLFR_imcy           		 0.0110999
NLGR_imcy           		 0.000678528
NLIT_imcy           		 0.00438477
NLPT_imcy           		 0.000991581
NLDE_imcy           		 0.0218035
NLRU_imcy           		 0.00939832
NLRW_imcy           		 0.0693998
NLUS_imcy           		 0.01778
NLRA_imi            		 0.0157282
NLAT_imi            		 0.00331407
NLBE_imi            		 0.0236753
NLES_imi            		 0.00800493
NLFI_imi            		 0.00308583
NLFR_imi            		 0.0194645
NLGR_imi            		 0.000377115
NLIT_imi            		 0.00847747
NLPT_imi            		 0.00107642
NLDE_imi            		 0.0556602
NLRU_imi            		 0.0263231
NLRW_imi            		 0.139298
NLUS_imi            		 0.0464249
NLRA_imiy           		 0.00301714
NLAT_imiy           		 0.000836775
NLBE_imiy           		 0.00587151
NLES_imiy           		 0.00180486
NLFI_imiy           		 0.000707874
NLFR_imiy           		 0.00433636
NLGR_imiy           		 7.30109e-05
NLIT_imiy           		 0.00207453
NLPT_imiy           		 0.00023499
NLDE_imiy           		 0.0131632
NLRU_imiy           		 0.00578241
NLRW_imiy           		 0.0270678
NLUS_imiy           		 0.00930755
NLRA_imcg           		 0.00685584
NLAT_imcg           		 0.00150687
NLBE_imcg           		 0.0110976
NLES_imcg           		 0.00312308
NLFI_imcg           		 0.00118854
NLFR_imcg           		 0.00855999
NLGR_imcg           		 0.000263169
NLIT_imcg           		 0.00291381
NLPT_imcg           		 0.000626829
NLDE_imcg           		 0.0169531
NLRU_imcg           		 0.00904185
NLRW_imcg           		 0.0669826
NLUS_imcg           		 0.0238644
NLRA_imcgy          		 0.00131515
NLAT_imcgy          		 0.000380472
NLBE_imcgy          		 0.00275222
NLES_imcgy          		 0.000704159
NLFI_imcgy          		 0.000272646
NLFR_imcgy          		 0.00190703
NLGR_imcgy          		 5.09506e-05
NLIT_imcgy          		 0.000713042
NLPT_imcgy          		 0.000136841
NLDE_imcgy          		 0.00400928
NLRU_imcgy          		 0.00198623
NLRW_imcgy          		 0.0130158
NLUS_imcgy          		 0.00478447
NLRA_imig           		 0.00082249
NLAT_imig           		 0.000174021
NLBE_imig           		 0.00124022
NLES_imig           		 0.00042084
NLFI_imig           		 0.000161084
NLFR_imig           		 0.00101787
NLGR_imig           		 2.06407e-05
NLIT_imig           		 0.000444824
NLPT_imig           		 5.49046e-05
NLDE_imig           		 0.0029142
NLRU_imig           		 0.00137741
NLRW_imig           		 0.00728941
NLUS_imig           		 0.0024273
NLRA_imigy          		 0.000157778
NLAT_imigy          		 4.39389e-05
NLBE_imigy          		 0.000307577
NLES_imigy          		 9.48863e-05
NLFI_imigy          		 3.69519e-05
NLFR_imigy          		 0.000226765
NLGR_imigy          		 3.99611e-06
NLIT_imigy          		 0.000108853
NLPT_imigy          		 1.1986e-05
NLDE_imigy          		 0.000689187
NLRU_imigy          		 0.000302577
NLRW_imigy          		 0.00141645
NLUS_imigy          		 0.00048664
NL_piex             		 1.00496
NL_pextilde         		 0.887812
NLRA_rer            		 0.964344
NLAT_rer            		 1.19548
NLBE_rer            		 1.14784
NLES_rer            		 1.10752
NLFI_rer            		 1.11384
NLFR_rer            		 1.09836
NLGR_rer            		 0.987334
NLIT_rer            		 1.18198
NLPT_rer            		 1.08571
NLDE_rer            		 1.14158
NLRU_rer            		 1.0849
NLRW_rer            		 0.940037
NLUS_rer            		 0.954629
NL_sx               		 1
NLRA_tot            		 0.993746
NLAT_tot            		 1.308
NLBE_tot            		 1.28474
NLES_tot            		 1.16801
NLFI_tot            		 1.18835
NLFR_tot            		 1.1541
NLGR_tot            		 1.00294
NLIT_tot            		 1.26769
NLPT_tot            		 1.13091
NLDE_tot            		 1.22512
NLRU_tot            		 1.13797
NLRW_tot            		 1.00663
NLUS_tot            		 1.03859
NLRA_weight         		 0.0306509
NLAT_weight         		 0.0115781
NLBE_weight         		 0.0664617
NLES_weight         		 0.0285761
NLFI_weight         		 0.00723352
NLFR_weight         		 0.0673524
NLGR_weight         		 0.00546745
NLIT_weight         		 0.0411168
NLPT_weight         		 0.00615315
NLDE_weight         		 0.149069
NLRU_weight         		 0.0645984
NLRW_weight         		 0.423808
NLUS_weight         		 0.0979342
NLRA_weightex       		 0.0258232
NLAT_weightex       		 0.010673
NLBE_weightex       		 0.0556555
NLES_weightex       		 0.0297824
NLFI_weightex       		 0.00726456
NLFR_weightex       		 0.0694253
NLGR_weightex       		 0.00724244
NLIT_weightex       		 0.0513125
NLPT_weightex       		 0.00693815
NLDE_weightex       		 0.151641
NLRU_weightex       		 0.0649848
NLRW_weightex       		 0.435965
NLUS_weightex       		 0.0832926
NLRA_weightim       		 0.0374791
NLAT_weightim       		 0.0128584
NLBE_weightim       		 0.0817456
NLES_weightim       		 0.02687
NLFI_weightim       		 0.00718962
NLFR_weightim       		 0.0644205
NLGR_weightim       		 0.00295697
NLIT_weightim       		 0.0266965
NLPT_weightim       		 0.00504289
NLDE_weightim       		 0.145432
NLRU_weightim       		 0.0640519
NLRW_weightim       		 0.406614
NLUS_weightim       		 0.118643
NL_b                		 20.6192
NL_bf               		 -44.393
NL_by               		 4.48753
NL_c                		 1.90806
NL_ci               		 1.98688
NL_cj               		 1.67162
NL_cy               		 0.41487
NL_d                		 1.18837
NL_dn               		 0.178067
NL_dt               		 1.0103
NL_epsilonm         		 -0.750004
NL_etot             		 1.09479
NL_ex               		 1.99834
NL_fh               		 15.488
NL_fi               		 128.277
NL_fj               		 4.751
NL_fn               		 9.31408
NL_cg               		 1.29259
NL_gammab           		 0
NL_gammai           		 0
NL_gammaider        		 0
NL_gammau           		 0
NL_gammauder        		 0.0330353
NL_gammav           		 0.000192737
NL_gammavi          		 0.000101012
NL_gammavider       		 0.00216513
NL_gammavj          		 0.000101012
NL_gammavjder       		 0.00216513
NL_gh               		 18.5856
NL_gi               		 10.2196
NL_gj               		 4.13885
NL_gn               		 13.9711
NL_cgy              		 0.2648
NL_ht               		 1.81652
NL_htc              		 0.514845
NL_hti              		 0.256097
NL_htcg             		 0.906915
NL_htig             		 0.138661
NL_i                		 0.785297
NL_ig               		 0.191511
NL_ii               		 1.04706
NL_im               		 1.28213
NL_imc              		 0.76567
NL_imcy             		 0.162546
NL_imi              		 0.346995
NL_imiy             		 0.0742781
NL_imcg             		 0.151309
NL_imcgy            		 0.0320283
NL_imig             		 0.0181602
NL_imigy            		 0.00388759
NL_imy              		 0.27274
NL_exy              		 0.385752
NL_internalrer      		 1.17652
NL_iy               		 0.168368
NL_igy              		 0.0392
NL_k                		 31.4119
NL_kd               		 31.4119
NL_kdn              		 9.52488
NL_kdt              		 21.887
NL_ki               		 41.8825
NL_lambdai          		 1.26192
NL_lambdaj          		 1.53321
NL_lcy              		 0.51913
NL_m                		 0.801708
NL_mcn              		 0.739844
NL_mct              		 0.739844
NL_mi               		 0.834824
NL_mj               		 0.70236
NL_mp               		 0.00395923
NL_mpy              		 0.000861681
NL_nd               		 1.75145
NL_ndi              		 0.915344
NL_ndj              		 0.891456
NL_ndn              		 0.531084
NL_ndt              		 1.22037
NL_ni               		 0.915344
NL_nj               		 0.891456
NL_nt               		 1.09241
NL_ntc              		 0.634
NL_nti              		 0.18506
NL_ntcg             		 0.238087
NL_ntig             		 0.0352603
NL_pex              		 0.887812
NL_pht              		 0.887812
NL_phttilde         		 0.887813
NL_pi               		 0.986071
NL_pcg              		 0.941287
NL_pig              		 0.940496
NL_pic              		 1.00496
NL_pic4             		 1.02
NL_piex4            		 1.02
NL_piht             		 1.00496
NL_piimc            		 1.00496
NL_piimi            		 1.00496
NL_piimcg           		 1.00496
NL_piimig           		 1.00496
NL_piimc4           		 1.02
NL_pim              		 0.978356
NL_pimc             		 0.976374
NL_pimi             		 0.984507
NL_pimcg            		 0.973533
NL_pimig            		 0.984555
NL_pint             		 1.00496
NL_piw              		 1.00496
NL_piw4             		 1.02
NL_pnt              		 1.10977
NL_pnttilde         		 1.10977
NL_pttc             		 0.943263
NL_ptti             		 0.946463
NL_pttcg            		 0.901333
NL_pttig            		 0.900365
NL_py               		 0.937221
NL_q                		 0.986071
NL_qc               		 1.90826
NL_qi               		 0.785297
NL_qcg              		 1.29259
NL_qig              		 0.191511
NL_r                		 1.01242
NL_reer             		 1.02193
NL_rer              		 0.954629
NL_rerdep           		 1
NL_rk               		 0.0325752
NL_rp               		 0
NL_rr               		 1.00742
NL_rrstar           		 1.00742
NL_sh               		 1
NL_si               		 1
NL_sj               		 1
NL_snt              		 1
NL_t                		 1.0139
NL_tauc             		 0.2372
NL_taud             		 0
NL_tauk             		 0.077
NL_taun             		 0.1753
NL_tauwf            		 0.1098
NL_tauwh            		 0.1781
NL_tb               		 0.519764
NL_tby              		 0.113012
NL_ti               		 1.21668
NL_tj               		 0.405559
NL_tot              		 1.03859
NL_tr               		 0.938252
NL_tri              		 0.625502
NL_trj              		 1.8765
NL_try              		 0.2042
NL_ttc              		 1.27713
NL_tti              		 0.60117
NL_ttcg             		 1.05674
NL_ttig             		 0.156586
NL_ty               		 0.220663
NL_u                		 1
NL_utili            		 -53.1216
NL_utilj            		 -72.6638
NL_vi               		 2.38
NL_vj               		 2.38
NL_w                		 1.22833
NL_wcst             		 0
NL_whty             		 0.442595
NL_wi               		 1.33519
NL_witilde          		 1.33519
NL_wj               		 1.04233
NL_wjtilde          		 1.04233
NL_wnty             		 0.538099
NL_wy               		 0.467769
NL_y                		 4.90726
NL_ygap             		 0.00100468
NL_ygrowth          		 1
NL_ygrowth4         		 1
NL_yhty             		 0.736407
NL_ynty             		 0.263593
NL_yshare           		 0.0115549
NL_ysn              		 1.09241
NL_yst              		 3.81485
NL_zcon             		 1
NL_zinv             		 1
NL_zn               		 1
NL_zt               		 1
NL_grev             		 2.48612
NL_gexp             		 2.48612
NL_grevy            		 0.541077
NL_gexpy            		 0.541077
NL_gbal             		 -5.98859e-11
NL_gbaly            		 -1.30335e-11
NL_br               		 0.151061
NL_bry              		 0.0328766
NL_gpbal            		 0.151061
NL_gpbaly           		 0.0328766
NL_tn               		 0.76029
NL_tny              		 0.165469
NL_tc               		 0.452593
NL_tcy              		 0.0985018
NL_twf              		 0.236219
NL_twfy             		 0.0514104
NL_tk               		 0.0191644
NL_tky              		 0.00417092
NL_lhs              		 23.6502
NL_rhs              		 23.6502
PTRA_excy           		 0.00337604
PTAT_excy           		 0.00144349
PTBE_excy           		 0.00275466
PTES_excy           		 0.0285634
PTFI_excy           		 0.000880553
PTFR_excy           		 0.0221904
PTGR_excy           		 0.000589376
PTIT_excy           		 0.00677869
PTNL_excy           		 0.00335434
PTDE_excy           		 0.0152863
PTRU_excy           		 0.00555922
PTRW_excy           		 0.0679339
PTUS_excy           		 0.0151349
PTRA_exiy           		 0.000915704
PTAT_exiy           		 0.00067544
PTBE_exiy           		 0.00131192
PTES_exiy           		 0.0102891
PTFI_exiy           		 0.000261843
PTFR_exiy           		 0.00603581
PTGR_exiy           		 0.000142554
PTIT_exiy           		 0.00200049
PTNL_exiy           		 0.000794929
PTDE_exiy           		 0.00570411
PTRU_exiy           		 0.00194079
PTRW_exiy           		 0.0224789
PTUS_exiy           		 0.00359563
PT_fx               		 3.46328
PTRA_gammaimc       		 0
PTAT_gammaimc       		 0
PTBE_gammaimc       		 0
PTES_gammaimc       		 0
PTFI_gammaimc       		 0
PTFR_gammaimc       		 0
PTGR_gammaimc       		 0
PTIT_gammaimc       		 0
PTNL_gammaimc       		 0
PTDE_gammaimc       		 0
PTRU_gammaimc       		 0
PTRW_gammaimc       		 0
PTUS_gammaimc       		 0
PTRA_gammaimcdag    		 1
PTAT_gammaimcdag    		 1
PTBE_gammaimcdag    		 1
PTES_gammaimcdag    		 1
PTFI_gammaimcdag    		 1
PTFR_gammaimcdag    		 1
PTGR_gammaimcdag    		 1
PTIT_gammaimcdag    		 1
PTNL_gammaimcdag    		 1
PTDE_gammaimcdag    		 1
PTRU_gammaimcdag    		 1
PTRW_gammaimcdag    		 1
PTUS_gammaimcdag    		 1
PTRA_gammaimi       		 0
PTAT_gammaimi       		 0
PTBE_gammaimi       		 0
PTES_gammaimi       		 0
PTFI_gammaimi       		 0
PTFR_gammaimi       		 0
PTGR_gammaimi       		 0
PTIT_gammaimi       		 0
PTNL_gammaimi       		 0
PTDE_gammaimi       		 0
PTRU_gammaimi       		 0
PTRW_gammaimi       		 0
PTUS_gammaimi       		 0
PTRA_gammaimidag    		 1
PTAT_gammaimidag    		 1
PTBE_gammaimidag    		 1
PTES_gammaimidag    		 1
PTFI_gammaimidag    		 1
PTFR_gammaimidag    		 1
PTGR_gammaimidag    		 1
PTIT_gammaimidag    		 1
PTNL_gammaimidag    		 1
PTDE_gammaimidag    		 1
PTRU_gammaimidag    		 1
PTRW_gammaimidag    		 1
PTUS_gammaimidag    		 1
PTRA_gammaimcg      		 0
PTAT_gammaimcg      		 0
PTBE_gammaimcg      		 0
PTES_gammaimcg      		 0
PTFI_gammaimcg      		 0
PTFR_gammaimcg      		 0
PTGR_gammaimcg      		 0
PTIT_gammaimcg      		 0
PTNL_gammaimcg      		 0
PTDE_gammaimcg      		 0
PTRU_gammaimcg      		 0
PTRW_gammaimcg      		 0
PTUS_gammaimcg      		 0
PTRA_gammaimcgdag   		 1
PTAT_gammaimcgdag   		 1
PTBE_gammaimcgdag   		 1
PTES_gammaimcgdag   		 1
PTFI_gammaimcgdag   		 1
PTFR_gammaimcgdag   		 1
PTGR_gammaimcgdag   		 1
PTIT_gammaimcgdag   		 1
PTNL_gammaimcgdag   		 1
PTDE_gammaimcgdag   		 1
PTRU_gammaimcgdag   		 1
PTRW_gammaimcgdag   		 1
PTUS_gammaimcgdag   		 1
PTRA_gammaimig      		 0
PTAT_gammaimig      		 0
PTBE_gammaimig      		 0
PTES_gammaimig      		 0
PTFI_gammaimig      		 0
PTFR_gammaimig      		 0
PTGR_gammaimig      		 0
PTIT_gammaimig      		 0
PTNL_gammaimig      		 0
PTDE_gammaimig      		 0
PTRU_gammaimig      		 0
PTRW_gammaimig      		 0
PTUS_gammaimig      		 0
PTRA_gammaimigdag   		 1
PTAT_gammaimigdag   		 1
PTBE_gammaimigdag   		 1
PTES_gammaimigdag   		 1
PTFI_gammaimigdag   		 1
PTFR_gammaimigdag   		 1
PTGR_gammaimigdag   		 1
PTIT_gammaimigdag   		 1
PTNL_gammaimigdag   		 1
PTDE_gammaimigdag   		 1
PTRU_gammaimigdag   		 1
PTRW_gammaimigdag   		 1
PTUS_gammaimigdag   		 1
PT_gx               		 4.15594
PTRA_im             		 0.033291
PTAT_im             		 0.00642156
PTBE_im             		 0.023886
PTES_im             		 0.357142
PTFI_im             		 0.00516858
PTFR_im             		 0.114138
PTGR_im             		 0.00273781
PTIT_im             		 0.0655628
PTNL_im             		 0.0501094
PTDE_im             		 0.137053
PTRU_im             		 0.0454696
PTRW_im             		 0.395237
PTUS_im             		 0.0418006
PTRA_imc            		 0.0201121
PTAT_imc            		 0.00358349
PTBE_imc            		 0.0150654
PTES_imc            		 0.245779
PTFI_imc            		 0.00244089
PTFR_imc            		 0.0765014
PTGR_imc            		 0.00211815
PTIT_imc            		 0.0387
PTNL_imc            		 0.0323538
PTDE_imc            		 0.0803019
PTRU_imc            		 0.0287319
PTRW_imc            		 0.280328
PTUS_imc            		 0.0270958
PTRA_imcy           		 0.003859
PTAT_imcy           		 0.000905015
PTBE_imcy           		 0.00373711
PTES_imcy           		 0.0554286
PTFI_imcy           		 0.00056006
PTFR_imcy           		 0.0170473
PTGR_imcy           		 0.000410178
PTIT_imcy           		 0.00947257
PTNL_imcy           		 0.00624695
PTDE_imcy           		 0.0189953
PTRU_imcy           		 0.00631306
PTRW_imcy           		 0.0544852
PTUS_imcy           		 0.00543362
PTRA_imi            		 0.00789413
PTAT_imi            		 0.00228821
PTBE_imi            		 0.00585642
PTES_imi            		 0.0874771
PTFI_imi            		 0.00233143
PTFR_imi            		 0.0289901
PTGR_imi            		 0.000413211
PTIT_imi            		 0.0222136
PTNL_imi            		 0.0135574
PTDE_imi            		 0.0466847
PTRU_imi            		 0.0130229
PTRW_imi            		 0.0787222
PTUS_imi            		 0.0109957
PTRA_imiy           		 0.00151469
PTAT_imiy           		 0.000577889
PTBE_imiy           		 0.00145274
PTES_imiy           		 0.019728
PTFI_imiy           		 0.000534946
PTFR_imiy           		 0.00646004
PTGR_imiy           		 8.00181e-05
PTIT_imiy           		 0.0054372
PTNL_imiy           		 0.00261769
PTDE_imiy           		 0.0110432
PTRU_imiy           		 0.00286143
PTRW_imiy           		 0.0153006
PTUS_imiy           		 0.00220501
PTRA_imcg           		 0.0049724
PTAT_imcg           		 0.000458877
PTBE_imcg           		 0.00273065
PTES_imcg           		 0.0204215
PTFI_imcg           		 0.000304816
PTFR_imcg           		 0.00749879
PTGR_imcg           		 0.000190965
PTIT_imcg           		 0.00376749
PTNL_imcg           		 0.00365984
PTDE_imcg           		 0.00821633
PTRU_imcg           		 0.00320097
PTRW_imcg           		 0.0330661
PTUS_imcg           		 0.00327528
PTRA_imcgy          		 0.000954078
PTAT_imcgy          		 0.00011589
PTBE_imcgy          		 0.000677366
PTES_imcgy          		 0.00460551
PTFI_imcgy          		 6.99398e-05
PTFR_imcgy          		 0.001671
PTGR_imcgy          		 3.69803e-05
PTIT_imcgy          		 0.000922164
PTNL_imcgy          		 0.000706651
PTDE_imcgy          		 0.00194356
PTRU_imcgy          		 0.000703327
PTRW_imcgy          		 0.00642682
PTUS_imcgy          		 0.000656803
PTRA_imig           		 0.000312402
PTAT_imig           		 9.09843e-05
PTBE_imig           		 0.000233596
PTES_imig           		 0.00346489
PTFI_imig           		 9.1445e-05
PTFR_imig           		 0.00114814
PTGR_imig           		 1.54837e-05
PTIT_imig           		 0.000881666
PTNL_imig           		 0.000538365
PTDE_imig           		 0.00185026
PTRU_imig           		 0.000513794
PTRW_imig           		 0.003121
PTUS_imig           		 0.000433714
PTRA_imigy          		 5.99421e-05
PTAT_imigy          		 2.29782e-05
PTBE_imigy          		 5.79458e-05
PTES_imigy          		 0.000781409
PTFI_imigy          		 2.0982e-05
PTFR_imigy          		 0.000255847
PTGR_imigy          		 2.99841e-06
PTIT_imigy          		 0.000215805
PTNL_imigy          		 0.000103949
PTDE_imigy          		 0.000437677
PTRU_imigy          		 0.000112892
PTRW_imigy          		 0.000606606
PTUS_imigy          		 8.6974e-05
PT_piex             		 1.00496
PT_pextilde         		 0.924775
PTRA_rer            		 0.888218
PTAT_rer            		 1.10111
PTBE_rer            		 1.05723
PTES_rer            		 1.02009
PTFI_rer            		 1.02591
PTFR_rer            		 1.01165
PTGR_rer            		 0.909393
PTIT_rer            		 1.08868
PTNL_rer            		 0.92106
PTDE_rer            		 1.05146
PTRU_rer            		 0.999256
PTRW_rer            		 0.86583
PTUS_rer            		 0.87927
PT_sx               		 1
PTRA_tot            		 0.878716
PTAT_tot            		 1.15659
PTBE_tot            		 1.13602
PTES_tot            		 1.03281
PTFI_tot            		 1.05079
PTFR_tot            		 1.02051
PTGR_tot            		 0.886843
PTIT_tot            		 1.12095
PTNL_tot            		 0.884245
PTDE_tot            		 1.08331
PTRU_tot            		 1.00625
PTRW_tot            		 0.890108
PTUS_tot            		 0.918368
PTRA_weight         		 0.0217267
PTAT_weight         		 0.00751219
PTBE_weight         		 0.0196808
PTES_weight         		 0.22233
PTFI_weight         		 0.00473357
PTFR_weight         		 0.101212
PTGR_weight         		 0.00258312
PTIT_weight         		 0.0497497
PTNL_weight         		 0.0280221
PTDE_weight         		 0.104756
PTRU_weight         		 0.0362952
PTRW_weight         		 0.341551
PTUS_weight         		 0.0598455
PTRA_weightex       		 0.0200771
PTAT_weightex       		 0.00928219
PTBE_weightex       		 0.0176323
PTES_weightex       		 0.144918
PTFI_weightex       		 0.00519474
PTFR_weightex       		 0.110766
PTGR_weightex       		 0.00330135
PTIT_weightex       		 0.0403046
PTNL_weightex       		 0.0201648
PTDE_weightex       		 0.0903359
PTRU_weightex       		 0.036252
PTRW_weightex       		 0.409729
PTUS_weightex       		 0.0920417
PTRA_weightim       		 0.023231
PTAT_weightim       		 0.00589811
PTBE_weightim       		 0.0215488
PTES_weightim       		 0.292923
PTFI_weightim       		 0.00431301
PTFR_weightim       		 0.0924997
PTGR_weightim       		 0.00192815
PTIT_weightim       		 0.0583629
PTNL_weightim       		 0.0351872
PTDE_weightim       		 0.117905
PTRU_weightim       		 0.0363345
PTRW_weightim       		 0.279378
PTUS_weightim       		 0.0304854
PT_b                		 19.7119
PT_bf               		 9.51176
PT_by               		 4.65776
PT_c                		 2.67317
PT_ci               		 3.03482
PT_cj               		 1.58821
PT_cy               		 0.631189
PT_d                		 1.11942
PT_dn               		 0.20657
PT_dt               		 0.912851
PT_epsilonm         		 -0.750004
PT_etot             		 0.976222
PT_ex               		 1.14831
PT_fh               		 16.9618
PT_fi               		 111.868
PT_fj               		 4.14325
PT_fn               		 10.8099
PT_cg               		 0.844039
PT_gammab           		 0
PT_gammai           		 0
PT_gammaider        		 0
PT_gammau           		 2.8239e-18
PT_gammauder        		 0.0330336
PT_gammav           		 0.000270022
PT_gammavi          		 0.000101012
PT_gammavider       		 0.00216513
PT_gammavj          		 0.000101012
PT_gammavjder       		 0.00216513
PT_gh               		 20.3542
PT_gi               		 5.19033
PT_gj               		 4.4841
PT_gn               		 16.2148
PT_cgy              		 0.1929
PT_ht               		 1.90986
PT_htc              		 0.965454
PT_hti              		 0.23782
PT_htcg             		 0.6005
PT_htig             		 0.106086
PT_i                		 0.719764
PT_ig               		 0.144928
PT_ii               		 0.959685
PT_im               		 1.26675
PT_imc              		 0.845625
PT_imcy             		 0.182894
PT_imi              		 0.317659
PT_imiy             		 0.0698136
PT_imcg             		 0.0908764
PT_imcgy            		 0.0194901
PT_imig             		 0.0125852
PT_imigy            		 0.00276601
PT_imy              		 0.274964
PT_exy              		 0.250744
PT_internalrer      		 1.25554
PT_iy               		 0.16703
PT_igy              		 0.0332
PT_k                		 28.7906
PT_kd               		 28.7906
PT_kdn              		 11.0926
PT_kdt              		 17.698
PT_ki               		 38.3874
PT_lambdai          		 0.602271
PT_lambdaj          		 1.56097
PT_lcy              		 0.514977
PT_m                		 1.12318
PT_mcn              		 0.770646
PT_mct              		 0.770646
PT_mi               		 1.27514
PT_mj               		 0.667314
PT_mp               		 0.00554681
PT_mpy              		 0.00131066
PT_nd               		 1.53748
PT_ndi              		 0.686319
PT_ndj              		 0.938701
PT_ndn              		 0.592368
PT_ndt              		 0.94511
PT_ni               		 0.686319
PT_nj               		 0.938701
PT_nt               		 1.21717
PT_ntc              		 0.870292
PT_nti              		 0.165918
PT_ntcg             		 0.154412
PT_ntig             		 0.0265447
PT_pex              		 0.924775
PT_pht              		 0.924775
PT_phttilde         		 0.924775
PT_pi               		 0.982816
PT_pcg              		 0.967213
PT_pig              		 0.96948
PT_pic              		 1.00496
PT_pic4             		 1.02
PT_piex4            		 1.02
PT_piht             		 1.00496
PT_piimc            		 1.00496
PT_piimi            		 1.00496
PT_piimcg           		 1.00496
PT_piimig           		 1.00496
PT_piimc4           		 1.02
PT_pim              		 0.919294
PT_pimc             		 0.915984
PT_pimi             		 0.930776
PT_pimcg            		 0.9083
PT_pimig            		 0.930807
PT_pint             		 1.00496
PT_piw              		 1.00496
PT_piw4             		 1.02
PT_pnt              		 1.15597
PT_pnttilde         		 1.15597
PT_pttc             		 0.920696
PT_ptti             		 0.928219
PT_pttcg            		 0.922651
PT_pttig            		 0.925419
PT_py               		 0.990595
PT_q                		 0.982816
PT_qc               		 2.67344
PT_qi               		 0.719764
PT_qcg              		 0.844039
PT_qig              		 0.144928
PT_r                		 1.01242
PT_reer             		 0.95596
PT_rer              		 0.87927
PT_rerdep           		 1
PT_rk               		 0.0324659
PT_rp               		 0
PT_rr               		 1.00742
PT_rrstar           		 1.00742
PT_sh               		 1
PT_si               		 1
PT_sj               		 1
PT_snt              		 1
PT_t                		 0.441259
PT_tauc             		 0.2036
PT_taud             		 0
PT_tauk             		 0.0768
PT_taun             		 0.1795
PT_tauwf            		 0.1325
PT_tauwh            		 0.1003
PT_tb               		 -0.102575
PT_tby              		 -0.02422
PT_ti               		 0.529511
PT_tj               		 0.176504
PT_tot              		 0.918368
PT_tr               		 0.701253
PT_tri              		 0.467503
PT_trj              		 1.40251
PT_try              		 0.1657
PT_ttc              		 1.81103
PT_tti              		 0.555472
PT_ttcg             		 0.691345
PT_ttig             		 0.11867
PT_ty               		 0.104266
PT_u                		 1
PT_utili            		 4.50523
PT_utilj            		 -88.5225
PT_vi               		 2.38
PT_vj               		 2.38
PT_w                		 1.25259
PT_wcst             		 0
PT_whty             		 0.418593
PT_wi               		 1.41205
PT_witilde          		 1.41205
PT_wj               		 1.01918
PT_wjtilde          		 1.01918
PT_wnty             		 0.527355
PT_wy               		 0.454726
PT_y                		 4.27534
PT_ygap             		 0.000714983
PT_ygrowth          		 1
PT_ygrowth4         		 1
PT_yhty             		 0.667777
PT_ynty             		 0.332223
PT_yshare           		 0.00341574
PT_ysn              		 1.21717
PT_yst              		 3.05817
PT_zcon             		 1
PT_zinv             		 1
PT_zn               		 1
PT_zt               		 1
PT_grev             		 1.80254
PT_gexp             		 1.80254
PT_grevy            		 0.425924
PT_gexpy            		 0.425924
PT_gbal             		 -1.35447e-14
PT_gbaly            		 -3.2005e-15
PT_br               		 0.144414
PT_bry              		 0.0341237
PT_gpbal            		 0.144414
PT_gpbaly           		 0.0341237
PT_tn               		 0.538845
PT_tny              		 0.127324
PT_tc               		 0.544257
PT_tcy              		 0.128603
PT_twf              		 0.255172
PT_twfy             		 0.0602948
PT_tk               		 0.0174579
PT_tky              		 0.00412515
PT_lhs              		 22.3903
PT_rhs              		 22.3903
DERA_excy           		 0.00357212
DEAT_excy           		 0.00562656
DEBE_excy           		 0.00309653
DEES_excy           		 0.00508566
DEFI_excy           		 0.00101701
DEFR_excy           		 0.0126332
DEGR_excy           		 0.00123737
DEIT_excy           		 0.0101492
DENL_excy           		 0.00491342
DEPT_excy           		 0.00126539
DERU_excy           		 0.0138259
DERW_excy           		 0.0682455
DEUS_excy           		 0.0186569
DERA_exiy           		 0.00294216
DEAT_exiy           		 0.00402492
DEBE_exiy           		 0.00229185
DEES_exiy           		 0.00369331
DEFI_exiy           		 0.00077379
DEFR_exiy           		 0.00688744
DEGR_exiy           		 0.000496593
DEIT_exiy           		 0.005465
DENL_exiy           		 0.00296634
DEPT_exiy           		 0.000735655
DERU_exiy           		 0.0102473
DERW_exiy           		 0.0536059
DEUS_exiy           		 0.0106688
DE_fx               		 3.72641
DERA_gammaimc       		 0
DEAT_gammaimc       		 0
DEBE_gammaimc       		 0
DEES_gammaimc       		 0
DEFI_gammaimc       		 0
DEFR_gammaimc       		 0
DEGR_gammaimc       		 0
DEIT_gammaimc       		 0
DENL_gammaimc       		 0
DEPT_gammaimc       		 0
DERU_gammaimc       		 0
DERW_gammaimc       		 0
DEUS_gammaimc       		 0
DERA_gammaimcdag    		 1
DEAT_gammaimcdag    		 1
DEBE_gammaimcdag    		 1
DEES_gammaimcdag    		 1
DEFI_gammaimcdag    		 1
DEFR_gammaimcdag    		 1
DEGR_gammaimcdag    		 1
DEIT_gammaimcdag    		 1
DENL_gammaimcdag    		 1
DEPT_gammaimcdag    		 1
DERU_gammaimcdag    		 1
DERW_gammaimcdag    		 1
DEUS_gammaimcdag    		 1
DERA_gammaimi       		 0
DEAT_gammaimi       		 0
DEBE_gammaimi       		 0
DEES_gammaimi       		 0
DEFI_gammaimi       		 0
DEFR_gammaimi       		 0
DEGR_gammaimi       		 0
DEIT_gammaimi       		 0
DENL_gammaimi       		 0
DEPT_gammaimi       		 0
DERU_gammaimi       		 0
DERW_gammaimi       		 0
DEUS_gammaimi       		 0
DERA_gammaimidag    		 1
DEAT_gammaimidag    		 1
DEBE_gammaimidag    		 1
DEES_gammaimidag    		 1
DEFI_gammaimidag    		 1
DEFR_gammaimidag    		 1
DEGR_gammaimidag    		 1
DEIT_gammaimidag    		 1
DENL_gammaimidag    		 1
DEPT_gammaimidag    		 1
DERU_gammaimidag    		 1
DERW_gammaimidag    		 1
DEUS_gammaimidag    		 1
DERA_gammaimcg      		 0
DEAT_gammaimcg      		 0
DEBE_gammaimcg      		 0
DEES_gammaimcg      		 0
DEFI_gammaimcg      		 0
DEFR_gammaimcg      		 0
DEGR_gammaimcg      		 0
DEIT_gammaimcg      		 0
DENL_gammaimcg      		 0
DEPT_gammaimcg      		 0
DERU_gammaimcg      		 0
DERW_gammaimcg      		 0
DEUS_gammaimcg      		 0
DERA_gammaimcgdag   		 1
DEAT_gammaimcgdag   		 1
DEBE_gammaimcgdag   		 1
DEES_gammaimcgdag   		 1
DEFI_gammaimcgdag   		 1
DEFR_gammaimcgdag   		 1
DEGR_gammaimcgdag   		 1
DEIT_gammaimcgdag   		 1
DENL_gammaimcgdag   		 1
DEPT_gammaimcgdag   		 1
DERU_gammaimcgdag   		 1
DERW_gammaimcgdag   		 1
DEUS_gammaimcgdag   		 1
DERA_gammaimig      		 0
DEAT_gammaimig      		 0
DEBE_gammaimig      		 0
DEES_gammaimig      		 0
DEFI_gammaimig      		 0
DEFR_gammaimig      		 0
DEGR_gammaimig      		 0
DEIT_gammaimig      		 0
DENL_gammaimig      		 0
DEPT_gammaimig      		 0
DERU_gammaimig      		 0
DERW_gammaimig      		 0
DEUS_gammaimig      		 0
DERA_gammaimigdag   		 1
DEAT_gammaimigdag   		 1
DEBE_gammaimigdag   		 1
DEES_gammaimigdag   		 1
DEFI_gammaimigdag   		 1
DEFR_gammaimigdag   		 1
DEGR_gammaimigdag   		 1
DEIT_gammaimigdag   		 1
DENL_gammaimigdag   		 1
DEPT_gammaimigdag   		 1
DERU_gammaimigdag   		 1
DERW_gammaimigdag   		 1
DEUS_gammaimigdag   		 1
DE_gx               		 4.47169
DERA_im             		 0.0647394
DEAT_im             		 0.0399288
DEBE_im             		 0.0283751
DEES_im             		 0.0344366
DEFI_im             		 0.00751692
DEFR_im             		 0.0702364
DEGR_im             		 0.00636918
DEIT_im             		 0.0515477
DENL_im             		 0.073555
DEPT_im             		 0.00687441
DERU_im             		 0.121615
DERW_im             		 0.482441
DEUS_im             		 0.0829666
DERA_imc            		 0.0384039
DEAT_imc            		 0.0250796
DEBE_imc            		 0.0183987
DEES_imc            		 0.0241615
DEFI_imc            		 0.00411885
DEFR_imc            		 0.0421257
DEGR_imc            		 0.00541916
DEIT_imc            		 0.0337633
DENL_imc            		 0.0535965
DEPT_imc            		 0.00466303
DERU_imc            		 0.0742281
DERW_imc            		 0.309354
DEUS_imc            		 0.0465453
DERA_imcy           		 0.00736947
DEAT_imcy           		 0.0063345
DEBE_imcy           		 0.00456443
DEES_imcy           		 0.00544949
DEFI_imcy           		 0.000945161
DEFR_imcy           		 0.00938805
DEGR_imcy           		 0.00104952
DEIT_imcy           		 0.00826502
DENL_imcy           		 0.0103495
DEPT_imcy           		 0.00101831
DERU_imcy           		 0.0163112
DERW_imcy           		 0.0601328
DEUS_imcy           		 0.00933481
DERA_imi            		 0.0177132
DEAT_imi            		 0.0118032
DEBE_imi            		 0.0073102
DEES_imi            		 0.00781165
DEFI_imi            		 0.00263603
DEFR_imi            		 0.0216345
DEGR_imi            		 0.000593889
DEIT_imi            		 0.0141149
DENL_imi            		 0.0137364
DEPT_imi            		 0.00174002
DERU_imi            		 0.0377973
DERW_imi            		 0.126395
DEUS_imi            		 0.024407
DERA_imiy           		 0.00339905
DEAT_imiy           		 0.00298121
DEBE_imiy           		 0.00181355
DEES_imiy           		 0.00176187
DEFI_imiy           		 0.000604895
DEFR_imiy           		 0.00482143
DEGR_imiy           		 0.000115018
DEIT_imiy           		 0.00345524
DENL_imiy           		 0.00265251
DEPT_imiy           		 0.000379985
DERU_imiy           		 0.00830575
DERW_imiy           		 0.0245689
DEUS_imiy           		 0.00489489
DERA_imcg           		 0.00806515
DEAT_imcg           		 0.00267809
DEBE_imcg           		 0.00243664
DEES_imcg           		 0.00221982
DEFI_imcg           		 0.000679303
DEFR_imcg           		 0.00579899
DEGR_imcg           		 0.000335478
DEIT_imcg           		 0.00322868
DENL_imcg           		 0.00578223
DEPT_imcg           		 0.000416443
DERU_imcg           		 0.00840708
DERW_imcg           		 0.0427324
DEUS_imcg           		 0.0112516
DERA_imcgy          		 0.00154765
DEAT_imcgy          		 0.000676422
DEBE_imcgy          		 0.000604492
DEES_imcgy          		 0.000500669
DEFI_imcgy          		 0.000155881
DEFR_imcgy          		 0.00129235
DEGR_imcgy          		 6.49716e-05
DEIT_imcgy          		 0.000790359
DENL_imcgy          		 0.00111656
DEPT_imcgy          		 9.09428e-05
DERU_imcgy          		 0.00184741
DERW_imcgy          		 0.00830639
DEUS_imcgy          		 0.00225654
DERA_imig           		 0.000557117
DEAT_imig           		 0.000367893
DEBE_imig           		 0.000229569
DEES_imig           		 0.000243694
DEFI_imig           		 8.27359e-05
DEFR_imig           		 0.000677224
DEGR_imig           		 2.06449e-05
DEIT_imig           		 0.000440833
DENL_imig           		 0.00044001
DEPT_imig           		 5.49158e-05
DERU_imig           		 0.00118218
DERW_imig           		 0.0039591
DEUS_imig           		 0.000762738
DERA_imigy          		 0.000106907
DEAT_imigy          		 9.29209e-05
DEBE_imigy          		 5.69524e-05
DEES_imigy          		 5.49638e-05
DEFI_imigy          		 1.89856e-05
DEFR_imigy          		 0.000150925
DEGR_imigy          		 3.99827e-06
DEIT_imigy          		 0.000107913
DENL_imigy          		 8.49665e-05
DEPT_imigy          		 1.19925e-05
DERU_imigy          		 0.000259777
DERW_imigy          		 0.000769576
DEUS_imigy          		 0.000152969
DE_piex             		 1.00496
DE_pextilde         		 0.952783
DERA_rer            		 0.844746
DEAT_rer            		 1.04722
DEBE_rer            		 1.00549
DEES_rer            		 0.970167
DEFI_rer            		 0.975703
DEFR_rer            		 0.96214
DEGR_rer            		 0.864885
DEIT_rer            		 1.03539
DENL_rer            		 0.875981
DEPT_rer            		 0.951057
DERU_rer            		 0.950349
DERW_rer            		 0.823454
DEUS_rer            		 0.836236
DE_sx               		 1
DERA_tot            		 0.811142
DEAT_tot            		 1.06765
DEBE_tot            		 1.04866
DEES_tot            		 0.953385
DEFI_tot            		 0.969987
DEFR_tot            		 0.94203
DEGR_tot            		 0.818645
DEIT_tot            		 1.03475
DENL_tot            		 0.816247
DEPT_tot            		 0.9231
DERU_tot            		 0.928868
DERW_tot            		 0.821659
DEUS_tot            		 0.847746
DERA_weight         		 0.0393431
DEAT_weight         		 0.0385038
DEBE_weight         		 0.025213
DEES_weight         		 0.0347142
DEFI_weight         		 0.00748944
DEFR_weight         		 0.0727161
DEGR_weight         		 0.00619601
DEIT_weight         		 0.0580431
DENL_weight         		 0.0453258
DEPT_weight         		 0.00697659
DERU_weight         		 0.101767
DERW_weight         		 0.461967
DEUS_weight         		 0.101744
DERA_weightex       		 0.0262559
DEAT_weightex       		 0.0330027
DEBE_weightex       		 0.0200756
DEES_weightex       		 0.0344265
DEFI_weightex       		 0.00725386
DEFR_weightex       		 0.0742877
DEGR_weightex       		 0.00668323
DEIT_weightex       		 0.0588595
DENL_weightex       		 0.0306314
DEPT_weightex       		 0.00712927
DERU_weightex       		 0.0869843
DERW_weightex       		 0.491919
DEUS_weightex       		 0.122491
DERA_weightim       		 0.056114
DEAT_weightim       		 0.0455534
DEBE_weightim       		 0.0317965
DEES_weightim       		 0.0350829
DEFI_weightim       		 0.00779133
DEFR_weightim       		 0.0707022
DEGR_weightim       		 0.00557166
DEIT_weightim       		 0.0569969
DENL_weightim       		 0.0641563
DEPT_weightim       		 0.00678094
DERU_weightim       		 0.120711
DERW_weightim       		 0.423586
DEUS_weightim       		 0.0751579
DE_b                		 16.4217
DE_bf               		 -24.4706
DE_by               		 4.08003
DE_c                		 2.06519
DE_ci               		 2.11916
DE_cj               		 1.90329
DE_cy               		 0.512778
DE_d                		 0.678584
DE_dn               		 0.177379
DE_dt               		 0.501205
DE_epsilonm         		 -0.750004
DE_etot             		 0.873872
DE_ex               		 1.19924
DE_fh               		 16.1008
DE_fi               		 131.599
DE_fj               		 4.87404
DE_fn               		 9.28324
DE_cg               		 0.860393
DE_gammab           		 0
DE_gammai           		 0
DE_gammaider        		 0
DE_gammau           		 -6.93889e-18
DE_gammauder        		 0.0327361
DE_gammav           		 0.000208609
DE_gammavi          		 0.000101012
DE_gammavider       		 0.00216513
DE_gammavj          		 0.000101012
DE_gammavjder       		 0.00216513
DE_gh               		 19.321
DE_gi               		 8.81135
DE_gj               		 3.40134
DE_gn               		 13.9249
DE_cgy              		 0.211
DE_ht               		 1.75962
DE_htc              		 0.745803
DE_hti              		 0.330101
DE_htcg             		 0.614146
DE_htig             		 0.0695735
DE_i                		 0.787488
DE_ig               		 0.095588
DE_ii               		 1.04998
DE_im               		 1.0598
DE_imc              		 0.672913
DE_imcy             		 0.140512
DE_imi              		 0.284768
DE_imiy             		 0.0597543
DE_imcg             		 0.0931872
DE_imcgy            		 0.0192506
DE_imig             		 0.00892705
DE_imigy            		 0.00187285
DE_imy              		 0.22139
DE_exy              		 0.283706
DE_internalrer      		 1.31735
DE_iy               		 0.190503
DE_igy              		 0.0235
DE_k                		 31.4995
DE_kd               		 31.4995
DE_kdn              		 9.69687
DE_kdt              		 21.8027
DE_ki               		 41.9994
DE_lambdai          		 1.08535
DE_lambdaj          		 1.25689
DE_lcy              		 0.582057
DE_m                		 0.867728
DE_mcn              		 0.793986
DE_mct              		 0.793986
DE_mi               		 0.890404
DE_mj               		 0.7997
DE_mp               		 0.00428526
DE_mpy              		 0.00106469
DE_nd               		 1.61899
DE_ndi              		 0.853977
DE_ndj              		 0.813993
DE_ndn              		 0.498393
DE_ndt              		 1.1206
DE_ni               		 0.853977
DE_nj               		 0.813993
DE_nt               		 1.01454
DE_ntc              		 0.6624
DE_nti              		 0.178064
DE_ntcg             		 0.156655
DE_ntig             		 0.0174257
DE_pex              		 0.952783
DE_pht              		 0.952783
DE_phttilde         		 0.952784
DE_pi               		 0.97429
DE_pcg              		 0.987051
DE_pig              		 0.989506
DE_pic              		 1.00496
DE_pic4             		 1.02
DE_piex4            		 1.02
DE_piht             		 1.00496
DE_piimc            		 1.00496
DE_piimi            		 1.00496
DE_piimcg           		 1.00496
DE_piimig           		 1.00496
DE_piimc4           		 1.02
DE_pim              		 0.84133
DE_pimc             		 0.84098
DE_pimi             		 0.845099
DE_pimcg            		 0.831992
DE_pimig            		 0.844938
DE_pint             		 1.00496
DE_piw              		 1.00496
DE_piw4             		 1.02
DE_pnt              		 1.19098
DE_pnttilde         		 1.19098
DE_pttc             		 0.904073
DE_ptti             		 0.906892
DE_pttcg            		 0.939059
DE_pttig            		 0.942053
DE_py               		 1.0136
DE_q                		 0.97429
DE_qc               		 2.0654
DE_qi               		 0.787488
DE_qcg              		 0.860393
DE_qig              		 0.095588
DE_r                		 1.01242
DE_reer             		 0.880634
DE_rer              		 0.836236
DE_rerdep           		 1
DE_rk               		 0.0318945
DE_rp               		 0
DE_rr               		 1.00742
DE_rrstar           		 1.00742
DE_sh               		 1
DE_si               		 1
DE_sj               		 1
DE_snt              		 1
DE_t                		 0.588451
DE_tauc             		 0.1921
DE_taud             		 0
DE_tauk             		 0.0413
DE_taun             		 0.2146
DE_tauwf            		 0.1553
DE_tauwh            		 0.1427
DE_tb               		 0.250975
DE_tby              		 0.062316
DE_ti               		 0.706141
DE_tj               		 0.23538
DE_tot              		 0.847746
DE_tr               		 0.975231
DE_tri              		 0.650154
DE_trj              		 1.95046
DE_try              		 0.2423
DE_ttc              		 1.41194
DE_tti              		 0.61217
DE_ttcg             		 0.705684
DE_ttig             		 0.0783727
DE_ty               		 0.146203
DE_u                		 1
DE_utili            		 -45.0157
DE_utilj            		 -53.543
DE_vi               		 2.38
DE_vj               		 2.38
DE_w                		 1.25331
DE_wcst             		 0
DE_whty             		 0.498182
DE_wi               		 1.35944
DE_witilde          		 1.35944
DE_wj               		 1.06655
DE_wjtilde          		 1.06655
DE_wnty             		 0.516956
DE_wy               		 0.503815
DE_y                		 3.9734
DE_ygap             		 0.000625624
DE_ygrowth          		 1
DE_ygrowth4         		 1
DE_yhty             		 0.699984
DE_ynty             		 0.300016
DE_yshare           		 0.0512751
DE_ysn              		 1.01454
DE_yst              		 2.95886
DE_zcon             		 1
DE_zinv             		 1
DE_zn               		 1
DE_zt               		 1
DE_grev             		 2.03938
DE_gexp             		 2.03938
DE_grevy            		 0.506691
DE_gexpy            		 0.506691
DE_gbal             		 -5.77316e-13
DE_gbaly            		 -1.43436e-13
DE_br               		 0.120309
DE_bry              		 0.0298912
DE_gpbal            		 0.120309
DE_gpbaly           		 0.0298912
DE_tn               		 0.724994
DE_tny              		 0.180128
DE_tc               		 0.396723
DE_tcy              		 0.0985675
DE_twf              		 0.315118
DE_twfy             		 0.0782923
DE_tk               		 0.00980539
DE_tky              		 0.00243619
DE_lhs              		 19.1231
DE_rhs              		 19.1231
RURA_excy           		 0.00719375
RUAT_excy           		 0.0048001
RUBE_excy           		 0.00295856
RUES_excy           		 0.00455929
RUFI_excy           		 0.00347441
RUFR_excy           		 0.0109929
RUGR_excy           		 0.00187037
RUIT_excy           		 0.0109318
RUNL_excy           		 0.00421027
RUPT_excy           		 0.000836026
RUDE_excy           		 0.0324255
RURW_excy           		 0.0841946
RUUS_excy           		 0.0161892
RURA_exiy           		 0.00378401
RUAT_exiy           		 0.00260362
RUBE_exiy           		 0.00240376
RUES_exiy           		 0.00283141
RUFI_exiy           		 0.00202082
RUFR_exiy           		 0.0052559
RUGR_exiy           		 0.000548387
RUIT_exiy           		 0.00454857
RUNL_exiy           		 0.00259041
RUPT_exiy           		 0.000378934
RUDE_exiy           		 0.0165112
RURW_exiy           		 0.0469362
RUUS_exiy           		 0.006873
RU_fx               		 4.34936
RURA_gammaimc       		 0
RUAT_gammaimc       		 0
RUBE_gammaimc       		 0
RUES_gammaimc       		 0
RUFI_gammaimc       		 0
RUFR_gammaimc       		 0
RUGR_gammaimc       		 0
RUIT_gammaimc       		 0
RUNL_gammaimc       		 0
RUPT_gammaimc       		 0
RUDE_gammaimc       		 0
RURW_gammaimc       		 0
RUUS_gammaimc       		 0
RURA_gammaimcdag    		 1
RUAT_gammaimcdag    		 1
RUBE_gammaimcdag    		 1
RUES_gammaimcdag    		 1
RUFI_gammaimcdag    		 1
RUFR_gammaimcdag    		 1
RUGR_gammaimcdag    		 1
RUIT_gammaimcdag    		 1
RUNL_gammaimcdag    		 1
RUPT_gammaimcdag    		 1
RUDE_gammaimcdag    		 1
RURW_gammaimcdag    		 1
RUUS_gammaimcdag    		 1
RURA_gammaimi       		 0
RUAT_gammaimi       		 0
RUBE_gammaimi       		 0
RUES_gammaimi       		 0
RUFI_gammaimi       		 0
RUFR_gammaimi       		 0
RUGR_gammaimi       		 0
RUIT_gammaimi       		 0
RUNL_gammaimi       		 0
RUPT_gammaimi       		 0
RUDE_gammaimi       		 0
RURW_gammaimi       		 0
RUUS_gammaimi       		 0
RURA_gammaimidag    		 1
RUAT_gammaimidag    		 1
RUBE_gammaimidag    		 1
RUES_gammaimidag    		 1
RUFI_gammaimidag    		 1
RUFR_gammaimidag    		 1
RUGR_gammaimidag    		 1
RUIT_gammaimidag    		 1
RUNL_gammaimidag    		 1
RUPT_gammaimidag    		 1
RUDE_gammaimidag    		 1
RURW_gammaimidag    		 1
RUUS_gammaimidag    		 1
RURA_gammaimcg      		 0
RUAT_gammaimcg      		 0
RUBE_gammaimcg      		 0
RUES_gammaimcg      		 0
RUFI_gammaimcg      		 0
RUFR_gammaimcg      		 0
RUGR_gammaimcg      		 0
RUIT_gammaimcg      		 0
RUNL_gammaimcg      		 0
RUPT_gammaimcg      		 0
RUDE_gammaimcg      		 0
RURW_gammaimcg      		 0
RUUS_gammaimcg      		 0
RURA_gammaimcgdag   		 1
RUAT_gammaimcgdag   		 1
RUBE_gammaimcgdag   		 1
RUES_gammaimcgdag   		 1
RUFI_gammaimcgdag   		 1
RUFR_gammaimcgdag   		 1
RUGR_gammaimcgdag   		 1
RUIT_gammaimcgdag   		 1
RUNL_gammaimcgdag   		 1
RUPT_gammaimcgdag   		 1
RUDE_gammaimcgdag   		 1
RURW_gammaimcgdag   		 1
RUUS_gammaimcgdag   		 1
RURA_gammaimig      		 0
RUAT_gammaimig      		 0
RUBE_gammaimig      		 0
RUES_gammaimig      		 0
RUFI_gammaimig      		 0
RUFR_gammaimig      		 0
RUGR_gammaimig      		 0
RUIT_gammaimig      		 0
RUNL_gammaimig      		 0
RUPT_gammaimig      		 0
RUDE_gammaimig      		 0
RURW_gammaimig      		 0
RUUS_gammaimig      		 0
RURA_gammaimigdag   		 1
RUAT_gammaimigdag   		 1
RUBE_gammaimigdag   		 1
RUES_gammaimigdag   		 1
RUFI_gammaimigdag   		 1
RUFR_gammaimigdag   		 1
RUGR_gammaimigdag   		 1
RUIT_gammaimigdag   		 1
RUNL_gammaimigdag   		 1
RUPT_gammaimigdag   		 1
RUDE_gammaimigdag   		 1
RURW_gammaimigdag   		 1
RUUS_gammaimigdag   		 1
RU_gx               		 5.21924
RURA_im             		 0.0893847
RUAT_im             		 0.0336902
RUBE_im             		 0.0275951
RUES_im             		 0.0315869
RUFI_im             		 0.0242673
RUFR_im             		 0.0649897
RUGR_im             		 0.00968806
RUIT_im             		 0.0639305
RUNL_im             		 0.0603712
RUPT_im             		 0.00510086
RUDE_im             		 0.225065
RURW_im             		 0.504287
RUUS_im             		 0.0696002
RURA_imc            		 0.052528
RUAT_imc            		 0.0191349
RUBE_imc            		 0.0157094
RUES_imc            		 0.0199648
RUFI_imc            		 0.0119348
RUFR_imc            		 0.0359026
RUGR_imc            		 0.00725621
RUIT_imc            		 0.0351016
RUNL_imc            		 0.0370417
RUPT_imc            		 0.00337035
RUDE_imc            		 0.116151
RURW_imc            		 0.301883
RUUS_imc            		 0.037558
RURA_imcy           		 0.0100822
RUAT_imcy           		 0.0048342
RUBE_imcy           		 0.00389822
RUES_imcy           		 0.00450405
RUFI_imcy           		 0.00273936
RUFR_imcy           		 0.00800315
RUGR_imcy           		 0.00140564
RUIT_imcy           		 0.00859473
RUNL_imcy           		 0.00715456
RUPT_imcy           		 0.000736196
RUDE_imcy           		 0.0274849
RURW_imcy           		 0.058695
RUUS_imcy           		 0.00753421
RURA_imi            		 0.0248625
RUAT_imi            		 0.010638
RUBE_imi            		 0.00765161
RUES_imi            		 0.00824491
RUFI_imi            		 0.00920079
RUFR_imi            		 0.0208865
RUGR_imi            		 0.00153356
RUIT_imi            		 0.0224964
RUNL_imi            		 0.0160596
RUPT_imi            		 0.00117663
RUDE_imi            		 0.0860875
RURW_imi            		 0.1426
RUUS_imi            		 0.0219894
RURA_imiy           		 0.00477212
RUAT_imiy           		 0.00268755
RUBE_imiy           		 0.00189871
RUES_imiy           		 0.00186005
RUFI_imiy           		 0.00211184
RUFR_imiy           		 0.00465586
RUGR_imiy           		 0.000297074
RUIT_imiy           		 0.00550832
RUNL_imiy           		 0.0031019
RUPT_imiy           		 0.000257015
RUDE_imiy           		 0.0203709
RURW_imiy           		 0.0277257
RUUS_imiy           		 0.00441113
RURA_imcg           		 0.0108328
RUAT_imcg           		 0.00342271
RUBE_imcg           		 0.0038755
RUES_imcg           		 0.00299158
RUFI_imcg           		 0.00270052
RUFR_imcg           		 0.00722713
RUGR_imcg           		 0.000826015
RUIT_imcg           		 0.00528323
RUNL_imcg           		 0.00651905
RUPT_imcg           		 0.000498951
RUDE_imcg           		 0.0188075
RURW_imcg           		 0.0531483
RUUS_imcg           		 0.00902563
RURA_imcgy          		 0.00207926
RUAT_imcgy          		 0.000864706
RUBE_imcgy          		 0.000961686
RUES_imcgy          		 0.0006749
RUFI_imcgy          		 0.000619845
RUFR_imcgy          		 0.00161102
RUGR_imcgy          		 0.000160012
RUIT_imcgy          		 0.00129362
RUNL_imcgy          		 0.00125915
RUPT_imcgy          		 0.000108987
RUDE_imcgy          		 0.00445042
RURW_imcgy          		 0.0103336
RUUS_imcgy          		 0.00181056
RURA_imig           		 0.0011614
RUAT_imig           		 0.000494608
RUBE_imig           		 0.000358542
RUES_imig           		 0.00038558
RUFI_imig           		 0.00043121
RUFR_imig           		 0.000973481
RUGR_imig           		 7.22759e-05
RUIT_imig           		 0.00104929
RUNL_imig           		 0.0007508
RUPT_imig           		 5.49301e-05
RUDE_imig           		 0.00401839
RURW_imig           		 0.00665507
RUUS_imig           		 0.00102722
RURA_imigy          		 0.000222919
RUAT_imigy          		 0.000124957
RUBE_imigy          		 8.89705e-05
RUES_imigy          		 8.69867e-05
RUFI_imigy          		 9.89747e-05
RUFR_imigy          		 0.000217001
RUGR_imigy          		 1.4001e-05
RUIT_imigy          		 0.000256922
RUNL_imigy          		 0.000145016
RUPT_imigy          		 1.19986e-05
RUDE_imigy          		 0.000950872
RURW_imigy          		 0.00129394
RUUS_imigy          		 0.000206063
RU_piex             		 1.00496
RU_pextilde         		 0.931247
RURA_rer            		 0.88888
RUAT_rer            		 1.10193
RUBE_rer            		 1.05802
RUES_rer            		 1.02085
RUFI_rer            		 1.02668
RUFR_rer            		 1.01241
RUGR_rer            		 0.910071
RUIT_rer            		 1.08949
RUNL_rer            		 0.921746
RUPT_rer            		 1.00074
RUDE_rer            		 1.05224
RURW_rer            		 0.866475
RUUS_rer            		 0.879925
RU_sx               		 1
RURA_tot            		 0.873259
RUAT_tot            		 1.14941
RUBE_tot            		 1.12897
RUES_tot            		 1.0264
RUFI_tot            		 1.04427
RUFR_tot            		 1.01417
RUGR_tot            		 0.881336
RUIT_tot            		 1.11399
RUNL_tot            		 0.878755
RUPT_tot            		 0.993791
RUDE_tot            		 1.07658
RURW_tot            		 0.884581
RUUS_tot            		 0.912666
RURA_weight         		 0.0500537
RUAT_weight         		 0.028024
RUBE_weight         		 0.0223762
RUES_weight         		 0.0275306
RUFI_weight         		 0.01977
RUFR_weight         		 0.0576723
RUGR_weight         		 0.00763072
RUIT_weight         		 0.0564915
RUNL_weight         		 0.0346635
RUPT_weight         		 0.00434917
RUDE_weight         		 0.179662
RURW_weight         		 0.435493
RUUS_weight         		 0.0762834
RURA_weightex       		 0.036141
RUAT_weightex       		 0.0237106
RUBE_weightex       		 0.0187685
RUES_weightex       		 0.0272185
RUFI_weightex       		 0.0181074
RUFR_weightex       		 0.058419
RUGR_weightex       		 0.00785683
RUIT_weightex       		 0.0525745
RUNL_weightex       		 0.0257299
RUPT_weightex       		 0.00433653
RUDE_weightex       		 0.156171
RURW_weightex       		 0.477175
RUUS_weightex       		 0.0937913
RURA_weightim       		 0.0672092
RUAT_weightim       		 0.0333427
RUBE_weightim       		 0.0268248
RUES_weightim       		 0.0279154
RUFI_weightim       		 0.02182
RUFR_weightim       		 0.0567516
RUGR_weightim       		 0.00735192
RUIT_weightim       		 0.0613215
RUNL_weightim       		 0.0456794
RUPT_weightim       		 0.00436476
RUDE_weightim       		 0.20863
RURW_weightim       		 0.384094
RUUS_weightim       		 0.0546947
RU_b                		 8.52649
RU_bf               		 -23.3586
RU_by               		 2.01309
RU_c                		 2.06733
RU_ci               		 2.28425
RU_cj               		 1.41659
RU_cy               		 0.487943
RU_d                		 0.833653
RU_dn               		 0.187398
RU_dt               		 0.646255
RU_epsilonm         		 -0.750004
RU_etot             		 0.956688
RU_ex               		 1.43209
RU_fh               		 15.6155
RU_fi               		 132.59
RU_fj               		 4.91076
RU_fn               		 9.81261
RU_cg               		 1.00105
RU_gammab           		 0
RU_gammai           		 0
RU_gammaider        		 0
RU_gammau           		 -1.00829e-18
RU_gammauder        		 0.0329212
RU_gammav           		 0.000208825
RU_gammavi          		 0.000101012
RU_gammavider       		 0.00216513
RU_gammavj          		 0.000101012
RU_gammavjder       		 0.00216513
RU_gh               		 18.7386
RU_gi               		 7.49746
RU_gj               		 4.4806
RU_gn               		 14.7189
RU_cgy              		 0.2297
RU_ht               		 1.74605
RU_htc              		 0.719071
RU_hti              		 0.243248
RU_htcg             		 0.69673
RU_htig             		 0.0869957
RU_i                		 0.791383
RU_ig               		 0.165743
RU_ii               		 1.05518
RU_im               		 1.1945
RU_imc              		 0.684948
RU_imcy             		 0.145666
RU_imi              		 0.36871
RU_imiy             		 0.0796581
RU_imcg             		 0.12363
RU_imcgy            		 0.0262277
RU_imig             		 0.0172126
RU_imigy            		 0.00371862
RU_imy              		 0.255271
RU_exy              		 0.31477
RU_internalrer      		 1.26967
RU_iy               		 0.182991
RU_igy              		 0.0399
RU_k                		 31.6553
RU_kd               		 31.6553
RU_kdn              		 10.137
RU_kdt              		 21.5183
RU_ki               		 42.2071
RU_lambdai          		 0.996054
RU_lambdaj          		 1.78577
RU_lcy              		 0.562266
RU_m                		 0.868628
RU_mcn              		 0.776039
RU_mct              		 0.776039
RU_mi               		 0.959768
RU_mj               		 0.595206
RU_mp               		 0.00428971
RU_mpy              		 0.00101279
RU_nd               		 1.64217
RU_ndi              		 0.793665
RU_ndj              		 0.920225
RU_ndn              		 0.525874
RU_ndt              		 1.11629
RU_ni               		 0.793665
RU_nj               		 0.920225
RU_nt               		 1.0972
RU_ntc              		 0.67071
RU_nti              		 0.181502
RU_ntcg             		 0.182939
RU_ntig             		 0.0620485
RU_pex              		 0.931247
RU_pht              		 0.931247
RU_phttilde         		 0.931247
RU_pi               		 0.979679
RU_pcg              		 0.97188
RU_pig              		 1.01963
RU_pic              		 1.00496
RU_pic4             		 1.02
RU_piex4            		 1.02
RU_piht             		 1.00496
RU_piimc            		 1.00496
RU_piimi            		 1.00496
RU_piimcg           		 1.00496
RU_piimig           		 1.00496
RU_piimc4           		 1.02
RU_pim              		 0.905432
RU_pimc             		 0.901037
RU_pimi             		 0.915348
RU_pimcg            		 0.898832
RU_pimig            		 0.915328
RU_pint             		 1.00496
RU_piw              		 1.00496
RU_piw4             		 1.02
RU_pnt              		 1.16406
RU_pnttilde         		 1.16406
RU_pttc             		 0.91682
RU_ptti             		 0.92175
RU_pttcg            		 0.926542
RU_pttig            		 0.928664
RU_py               		 0.990994
RU_q                		 0.979679
RU_qc               		 2.06754
RU_qi               		 0.791383
RU_qcg              		 1.00105
RU_qig              		 0.165743
RU_r                		 1.01242
RU_reer             		 0.940036
RU_rer              		 0.879925
RU_rerdep           		 1
RU_rk               		 0.0322522
RU_rp               		 0
RU_rr               		 1.00742
RU_rrstar           		 1.00742
RU_sh               		 1
RU_si               		 1
RU_sj               		 1
RU_snt              		 1
RU_t                		 0.151923
RU_tauc             		 0.2405
RU_taud             		 0
RU_tauk             		 0.0637
RU_taun             		 0.3267
RU_tauwf            		 0.1606
RU_tauwh            		 0.0789
RU_tb               		 0.252087
RU_tby              		 0.059499
RU_ti               		 0.182308
RU_tj               		 0.0607692
RU_tot              		 0.912666
RU_tr               		 0.626858
RU_tri              		 0.417906
RU_trj              		 1.25372
RU_try              		 0.148
RU_ttc              		 1.40354
RU_tti              		 0.611904
RU_ttcg             		 0.8202
RU_ttig             		 0.104203
RU_ty               		 0.0358687
RU_u                		 1
RU_utili            		 -27.5874
RU_utilj            		 -98.9616
RU_vi               		 2.38
RU_vj               		 2.38
RU_w                		 1.24992
RU_wcst             		 0
RU_whty             		 0.471437
RU_wi               		 1.38343
RU_witilde          		 1.38343
RU_wj               		 1.03735
RU_wjtilde          		 1.03735
RU_wnty             		 0.514641
RU_wy               		 0.484461
RU_y                		 4.27533
RU_ygap             		 0.000251464
RU_ygrowth          		 1
RU_ygrowth4         		 1
RU_yhty             		 0.698547
RU_ynty             		 0.301453
RU_yshare           		 0.0257932
RU_ysn              		 1.0972
RU_yst              		 3.17813
RU_zcon             		 1
RU_zinv             		 1
RU_zn               		 1
RU_zt               		 1
RU_grev             		 1.83122
RU_gexp             		 1.83122
RU_grevy            		 0.432348
RU_gexpy            		 0.432348
RU_gbal             		 2.35589e-13
RU_gbaly            		 5.56222e-14
RU_br               		 0.0624669
RU_bry              		 0.0147483
RU_gpbal            		 0.0624669
RU_gpbaly           		 0.0147483
RU_tn               		 0.832526
RU_tny              		 0.196558
RU_tc               		 0.497194
RU_tcy              		 0.117386
RU_twf              		 0.329644
RU_twfy             		 0.0778283
RU_tk               		 0.015648
RU_tky              		 0.00369447
RU_lhs              		 11.1175
RU_rhs              		 11.1175
RWRA_excy           		 0.00132984
RWAT_excy           		 0.000503053
RWBE_excy           		 0.000745356
RWES_excy           		 0.00219311
RWFI_excy           		 0.000369235
RWFR_excy           		 0.00406332
RWGR_excy           		 0.000502942
RWIT_excy           		 0.00328945
RWNL_excy           		 0.00150371
RWPT_excy           		 0.000348985
RWDE_excy           		 0.00578176
RWRU_excy           		 0.00283889
RWUS_excy           		 0.0301724
RWRA_exiy           		 0.000714917
RWAT_exiy           		 0.000243809
RWBE_exiy           		 0.000424904
RWES_exiy           		 0.000746491
RWFI_exiy           		 0.000179082
RWFR_exiy           		 0.00130197
RWGR_exiy           		 0.000146016
RWIT_exiy           		 0.000990626
RWNL_exiy           		 0.00058649
RWPT_exiy           		 9.80026e-05
RWDE_exiy           		 0.00236229
RWRU_exiy           		 0.001341
RWUS_exiy           		 0.0132219
RW_fx               		 1.33662
RWRA_gammaimc       		 0
RWAT_gammaimc       		 0
RWBE_gammaimc       		 0
RWES_gammaimc       		 0
RWFI_gammaimc       		 0
RWFR_gammaimc       		 0
RWGR_gammaimc       		 0
RWIT_gammaimc       		 0
RWNL_gammaimc       		 0
RWPT_gammaimc       		 0
RWDE_gammaimc       		 0
RWRU_gammaimc       		 0
RWUS_gammaimc       		 0
RWRA_gammaimcdag    		 1
RWAT_gammaimcdag    		 1
RWBE_gammaimcdag    		 1
RWES_gammaimcdag    		 1
RWFI_gammaimcdag    		 1
RWFR_gammaimcdag    		 1
RWGR_gammaimcdag    		 1
RWIT_gammaimcdag    		 1
RWNL_gammaimcdag    		 1
RWPT_gammaimcdag    		 1
RWDE_gammaimcdag    		 1
RWRU_gammaimcdag    		 1
RWUS_gammaimcdag    		 1
RWRA_gammaimi       		 0
RWAT_gammaimi       		 0
RWBE_gammaimi       		 0
RWES_gammaimi       		 0
RWFI_gammaimi       		 0
RWFR_gammaimi       		 0
RWGR_gammaimi       		 0
RWIT_gammaimi       		 0
RWNL_gammaimi       		 0
RWPT_gammaimi       		 0
RWDE_gammaimi       		 0
RWRU_gammaimi       		 0
RWUS_gammaimi       		 0
RWRA_gammaimidag    		 1
RWAT_gammaimidag    		 1
RWBE_gammaimidag    		 1
RWES_gammaimidag    		 1
RWFI_gammaimidag    		 1
RWFR_gammaimidag    		 1
RWGR_gammaimidag    		 1
RWIT_gammaimidag    		 1
RWNL_gammaimidag    		 1
RWPT_gammaimidag    		 1
RWDE_gammaimidag    		 1
RWRU_gammaimidag    		 1
RWUS_gammaimidag    		 1
RWRA_gammaimcg      		 0
RWAT_gammaimcg      		 0
RWBE_gammaimcg      		 0
RWES_gammaimcg      		 0
RWFI_gammaimcg      		 0
RWFR_gammaimcg      		 0
RWGR_gammaimcg      		 0
RWIT_gammaimcg      		 0
RWNL_gammaimcg      		 0
RWPT_gammaimcg      		 0
RWDE_gammaimcg      		 0
RWRU_gammaimcg      		 0
RWUS_gammaimcg      		 0
RWRA_gammaimcgdag   		 1
RWAT_gammaimcgdag   		 1
RWBE_gammaimcgdag   		 1
RWES_gammaimcgdag   		 1
RWFI_gammaimcgdag   		 1
RWFR_gammaimcgdag   		 1
RWGR_gammaimcgdag   		 1
RWIT_gammaimcgdag   		 1
RWNL_gammaimcgdag   		 1
RWPT_gammaimcgdag   		 1
RWDE_gammaimcgdag   		 1
RWRU_gammaimcgdag   		 1
RWUS_gammaimcgdag   		 1
RWRA_gammaimig      		 0
RWAT_gammaimig      		 0
RWBE_gammaimig      		 0
RWES_gammaimig      		 0
RWFI_gammaimig      		 0
RWFR_gammaimig      		 0
RWGR_gammaimig      		 0
RWIT_gammaimig      		 0
RWNL_gammaimig      		 0
RWPT_gammaimig      		 0
RWDE_gammaimig      		 0
RWRU_gammaimig      		 0
RWUS_gammaimig      		 0
RWRA_gammaimigdag   		 1
RWAT_gammaimigdag   		 1
RWBE_gammaimigdag   		 1
RWES_gammaimigdag   		 1
RWFI_gammaimigdag   		 1
RWFR_gammaimigdag   		 1
RWGR_gammaimigdag   		 1
RWIT_gammaimigdag   		 1
RWNL_gammaimigdag   		 1
RWPT_gammaimigdag   		 1
RWDE_gammaimigdag   		 1
RWRU_gammaimigdag   		 1
RWUS_gammaimigdag   		 1
RW_gx               		 1.60394
RWRA_im             		 0.0271118
RWAT_im             		 0.00538791
RWBE_im             		 0.00830702
RWES_im             		 0.0167975
RWFI_im             		 0.00455372
RWFR_im             		 0.033802
RWGR_im             		 0.00371408
RWIT_im             		 0.0249709
RWNL_im             		 0.0183962
RWPT_im             		 0.00291293
RWDE_im             		 0.0559706
RWRU_im             		 0.0326481
RWUS_im             		 0.183573
RWRA_imc            		 0.0178773
RWAT_imc            		 0.00289865
RWBE_imc            		 0.00498716
RWES_imc            		 0.0111283
RWFI_imc            		 0.00224052
RWFR_imc            		 0.0204453
RWGR_imc            		 0.00274342
RWIT_imc            		 0.0139945
RWNL_imc            		 0.0113276
RWPT_imc            		 0.00199274
RWDE_imc            		 0.0277401
RWRU_imc            		 0.0185338
RWUS_imc            		 0.109932
RWRA_imcy           		 0.00343016
RWAT_imcy           		 0.000732046
RWBE_imcy           		 0.0012371
RWES_imcy           		 0.00250964
RWFI_imcy           		 0.000514079
RWFR_imcy           		 0.00455589
RWGR_imcy           		 0.000531255
RWIT_imcy           		 0.00342537
RWNL_imcy           		 0.00218713
RWPT_imcy           		 0.000435126
RWDE_imcy           		 0.0065618
RWRU_imcy           		 0.00407223
RWUS_imcy           		 0.0220447
RWRA_imi            		 0.00591315
RWAT_imi            		 0.0019039
RWBE_imi            		 0.002289
RWES_imi            		 0.00408765
RWFI_imi            		 0.00174721
RWFR_imi            		 0.00959002
RWGR_imi            		 0.000661032
RWIT_imi            		 0.00842985
RWNL_imi            		 0.00485855
RWPT_imi            		 0.000659384
RWDE_imi            		 0.0217895
RWRU_imi            		 0.0103321
RWUS_imi            		 0.054117
RWRA_imiy           		 0.00113457
RWAT_imiy           		 0.000480825
RWBE_imiy           		 0.000567801
RWES_imiy           		 0.000921842
RWFI_imiy           		 0.00040089
RWFR_imiy           		 0.00213697
RWGR_imiy           		 0.000128007
RWIT_imiy           		 0.00206334
RWNL_imiy           		 0.000938086
RWPT_imiy           		 0.00014398
RWDE_imiy           		 0.00515421
RWRU_imiy           		 0.00227016
RWUS_imiy           		 0.0108521
RWRA_imcg           		 0.00267057
RWAT_imcg           		 0.000375739
RWBE_imcg           		 0.000781202
RWES_imcg           		 0.00113409
RWFI_imcg           		 0.000374423
RWFR_imcg           		 0.00271291
RWGR_imcg           		 0.000237375
RWIT_imcg           		 0.00162019
RWNL_imcg           		 0.00167692
RWPT_imcg           		 0.000187596
RWDE_imcg           		 0.00404621
RWRU_imcg           		 0.00265035
RWUS_imcg           		 0.0135823
RWRA_imcgy          		 0.000512408
RWAT_imcgy          		 9.48919e-05
RWBE_imcgy          		 0.000193782
RWES_imcgy          		 0.000255758
RWFI_imcgy          		 8.59099e-05
RWFR_imcgy          		 0.000604525
RWGR_imcgy          		 4.59668e-05
RWIT_imcgy          		 0.000396566
RWNL_imcgy          		 0.000323779
RWPT_imcgy          		 4.09626e-05
RWDE_imcgy          		 0.000957112
RWRU_imcgy          		 0.000582333
RWUS_imcgy          		 0.00272367
RWRA_imig           		 0.000650724
RWAT_imig           		 0.000209623
RWBE_imig           		 0.000249662
RWES_imig           		 0.000447433
RWFI_imig           		 0.000191565
RWFR_imig           		 0.00105377
RWGR_imig           		 7.22445e-05
RWIT_imig           		 0.000926404
RWNL_imig           		 0.000533095
RWPT_imig           		 7.32083e-05
RWDE_imig           		 0.00239478
RWRU_imig           		 0.00113197
RWUS_imig           		 0.00594134
RWRA_imigy          		 0.000124856
RWAT_imigy          		 5.29397e-05
RWBE_imigy          		 6.19304e-05
RWES_imigy          		 0.000100905
RWFI_imigy          		 4.39539e-05
RWFR_imigy          		 0.000234815
RWGR_imigy          		 1.39899e-05
RWIT_imigy          		 0.000226752
RWNL_imigy          		 0.00010293
RWPT_imigy          		 1.59854e-05
RWDE_imigy          		 0.000566475
RWRU_imigy          		 0.000248715
RWUS_imigy          		 0.00119142
RW_piex             		 1.00496
RW_pextilde         		 0.950707
RWRA_rer            		 1.02586
RWAT_rer            		 1.27174
RWBE_rer            		 1.22106
RWES_rer            		 1.17817
RWFI_rer            		 1.18489
RWFR_rer            		 1.16842
RWGR_rer            		 1.05031
RWIT_rer            		 1.25738
RWNL_rer            		 1.06379
RWPT_rer            		 1.15496
RWDE_rer            		 1.2144
RWRU_rer            		 1.1541
RWUS_rer            		 1.01552
RW_sx               		 1
RWRA_tot            		 0.987201
RWAT_tot            		 1.29938
RWBE_tot            		 1.27627
RWES_tot            		 1.16032
RWFI_tot            		 1.18052
RWFR_tot            		 1.1465
RWGR_tot            		 0.996332
RWIT_tot            		 1.25934
RWNL_tot            		 0.993413
RWPT_tot            		 1.12346
RWDE_tot            		 1.21705
RWRU_tot            		 1.13048
RWUS_tot            		 1.03175
RWRA_weight         		 0.0437584
RWAT_weight         		 0.0130457
RWBE_weight         		 0.0198718
RWES_weight         		 0.040861
RWFI_weight         		 0.00968609
RWFR_weight         		 0.0782385
RWGR_weight         		 0.00820431
RWIT_weight         		 0.0629957
RWNL_weight         		 0.03479
RWPT_weight         		 0.00651025
RWDE_weight         		 0.129537
RWRU_weight         		 0.0690661
RWUS_weight         		 0.483435
RWRA_weightex       		 0.0282749
RWAT_weightex       		 0.0106992
RWBE_weightex       		 0.0164417
RWES_weightex       		 0.039166
RWFI_weightex       		 0.00753161
RWFR_weightex       		 0.0716649
RWGR_weightex       		 0.00835795
RWIT_weightex       		 0.0571386
RWNL_weightex       		 0.0294488
RWPT_weightex       		 0.00585232
RWDE_weightex       		 0.109479
RWRU_weightex       		 0.0570058
RWUS_weightex       		 0.558939
RWRA_weightim       		 0.058297
RWAT_weightim       		 0.0152489
RWBE_weightim       		 0.0230926
RWES_weightim       		 0.0424525
RWFI_weightim       		 0.0117091
RWFR_weightim       		 0.0844109
RWGR_weightim       		 0.00806004
RWIT_weightim       		 0.0684954
RWNL_weightim       		 0.0398053
RWPT_weightim       		 0.00712804
RWDE_weightim       		 0.148372
RWRU_weightim       		 0.0803902
RWUS_weightim       		 0.412539
RW_b                		 18.6193
RW_bf               		 2.1388
RW_by               		 3.80966
RW_c                		 2.75779
RW_ci               		 3.13129
RW_cj               		 1.63731
RW_cy               		 0.563795
RW_d                		 0.68761
RW_dn               		 0.355011
RW_dt               		 0.332599
RW_epsilonm         		 -0.750004
RW_etot             		 1.09432
RW_ex               		 0.431091
RW_fh               		 7.13898
RW_fi               		 29402.4
RW_fj               		 1088.98
RW_fn               		 7.0219
RW_cg               		 0.855664
RW_gammab           		 0
RW_gammai           		 0
RW_gammaider        		 0
RW_gammau           		 1.34535e-17
RW_gammauder        		 0.0330888
RW_gammav           		 0.00027857
RW_gammavi          		 0.000101012
RW_gammavider       		 0.00216513
RW_gammavj          		 0.000101012
RW_gammavjder       		 0.00216513
RW_gh               		 8.56677
RW_gi               		 34.9316
RW_gj               		 30.5084
RW_gn               		 8.97242
RW_cgy              		 0.1693
RW_ht               		 2.30249
RW_htc              		 0.735028
RW_hti              		 0.60795
RW_htcg             		 0.65716
RW_htig             		 0.302353
RW_i                		 0.970337
RW_ig               		 0.39258
RW_ii               		 1.29378
RW_im               		 0.41453
RW_imc              		 0.243744
RW_imcy             		 0.0522365
RW_imi              		 0.125263
RW_imiy             		 0.0271928
RW_imcg             		 0.0317703
RW_imcgy            		 0.00681766
RW_imig             		 0.0137533
RW_imigy            		 0.00298566
RW_imy              		 0.0892326
RW_exy              		 0.0837866
RW_internalrer      		 1.03583
RW_iy               		 0.1948
RW_igy              		 0.0777
RW_k                		 38.8135
RW_kd               		 38.8135
RW_kdn              		 17.8898
RW_kdt              		 20.9237
RW_ki               		 51.7513
RW_lambdai          		 0.595884
RW_lambdaj          		 1.56129
RW_lcy              		 0.601599
RW_m                		 1.15874
RW_mcn              		 0.792255
RW_mct              		 0.792255
RW_mi               		 1.31567
RW_mj               		 0.687946
RW_mp               		 0.00572241
RW_mpy              		 0.00117085
RW_nd               		 1.85774
RW_ndi              		 0.782646
RW_ndj              		 1.14406
RW_ndn              		 0.856265
RW_ndt              		 1.00148
RW_ni               		 0.782646
RW_nj               		 1.14406
RW_nt               		 2.26473
RW_ntc              		 1.7818
RW_nti              		 0.238922
RW_ntcg             		 0.167259
RW_ntig             		 0.0767508
RW_pex              		 0.950707
RW_pht              		 0.950707
RW_phttilde         		 0.950707
RW_pi               		 0.981991
RW_pcg              		 0.96701
RW_pig              		 0.96732
RW_pic              		 1.00496
RW_pic4             		 1.02
RW_piex4            		 1.02
RW_piht             		 1.00496
RW_piimc            		 1.00496
RW_piimi            		 1.00496
RW_piimcg           		 1.00496
RW_piimig           		 1.00496
RW_piimc4           		 1.02
RW_pim              		 1.05295
RW_pimc             		 1.04829
RW_pimi             		 1.06187
RW_pimcg            		 1.04967
RW_pimig            		 1.06188
RW_pint             		 1.00496
RW_piw              		 1.00496
RW_piw4             		 1.02
RW_pnt              		 1.01233
RW_pnttilde         		 1.01233
RW_pttc             		 0.977308
RW_ptti             		 0.971981
RW_pttcg            		 0.955843
RW_pttig            		 0.956228
RW_py               		 0.978626
RW_q                		 0.981991
RW_qc               		 2.75807
RW_qi               		 0.970337
RW_qcg              		 0.855664
RW_qig              		 0.39258
RW_r                		 1.01242
RW_reer             		 1.09327
RW_rer              		 1.01552
RW_rerdep           		 1
RW_rk               		 0.0324929
RW_rp               		 0
RW_rr               		 1.00742
RW_rrstar           		 1.00742
RW_sh               		 1
RW_si               		 1
RW_sj               		 1
RW_snt              		 1
RW_t                		 0.455728
RW_tauc             		 0.1624
RW_taud             		 0
RW_tauk             		 0.0831
RW_taun             		 0.1597
RW_tauwf            		 0.1001
RW_tauwh            		 0.0755
RW_tb               		 -0.026639
RW_tby              		 -0.005446
RW_ti               		 0.546874
RW_tj               		 0.182291
RW_tot              		 1.03175
RW_tr               		 0.48825
RW_tri              		 0.3255
RW_trj              		 0.9765
RW_try              		 0.0999
RW_ttc              		 0.976467
RW_tti              		 0.73149
RW_ttcg             		 0.688518
RW_ttig             		 0.31588
RW_ty               		 0.0932456
RW_u                		 1
RW_utili            		 0.869423
RW_utilj            		 -114.97
RW_vi               		 2.38
RW_vj               		 2.38
RW_w                		 1.43989
RW_wcst             		 0
RW_whty             		 0.554871
RW_wi               		 1.55912
RW_witilde          		 1.55912
RW_wj               		 1.27153
RW_wjtilde          		 1.27153
RW_wnty             		 0.537775
RW_wy               		 0.546858
RW_y                		 4.99831
RW_ygap             		 0.000825983
RW_ygrowth          		 1
RW_ygrowth4         		 1
RW_yhty             		 0.531298
RW_ynty             		 0.468702
RW_yshare           		 0.533283
RW_ysn              		 2.26473
RW_yst              		 2.73358
RW_zcon             		 1
RW_zinv             		 1
RW_zn               		 1
RW_zt               		 1
RW_grev             		 1.83185
RW_gexp             		 1.83185
RW_grevy            		 0.37481
RW_gexpy            		 0.37481
RW_gbal             		 3.11751e-13
RW_gbaly            		 6.37867e-14
RW_br               		 0.136409
RW_bry              		 0.0279104
RW_gpbal            		 0.136409
RW_gpbaly           		 0.0279104
RW_tn               		 0.629147
RW_tny              		 0.128729
RW_tc               		 0.447866
RW_tcy              		 0.0916369
RW_twf              		 0.267762
RW_twfy             		 0.0547863
RW_tk               		 0.0256197
RW_tky              		 0.00524199
RW_lhs              		 21.3758
RW_rhs              		 21.3758
USRA_excy           		 0.000782254
USAT_excy           		 0.000148718
USBE_excy           		 0.000327814
USES_excy           		 0.000565438
USFI_excy           		 0.000123307
USFR_excy           		 0.00135936
USGR_excy           		 0.000132397
USIT_excy           		 0.000746316
USNL_excy           		 0.000802782
USPT_excy           		 7.25231e-05
USDE_excy           		 0.00187031
USRU_excy           		 0.000759355
USRW_excy           		 0.0459372
USRA_exiy           		 0.000864787
USAT_exiy           		 9.27637e-05
USBE_exiy           		 0.000204383
USES_exiy           		 0.000223642
USFI_exiy           		 8.07013e-05
USFR_exiy           		 0.000663998
USGR_exiy           		 5.92348e-05
USIT_exiy           		 0.00027627
USNL_exiy           		 0.000420245
USPT_exiy           		 2.94305e-05
USDE_exiy           		 0.000980735
USRU_exiy           		 0.000444588
USRW_exiy           		 0.0226138
US_fx               		 1.42738
USRA_gammaimc       		 0
USAT_gammaimc       		 0
USBE_gammaimc       		 0
USES_gammaimc       		 0
USFI_gammaimc       		 0
USFR_gammaimc       		 0
USGR_gammaimc       		 0
USIT_gammaimc       		 0
USNL_gammaimc       		 0
USPT_gammaimc       		 0
USDE_gammaimc       		 0
USRU_gammaimc       		 0
USRW_gammaimc       		 0
USRA_gammaimcdag    		 1
USAT_gammaimcdag    		 1
USBE_gammaimcdag    		 1
USES_gammaimcdag    		 1
USFI_gammaimcdag    		 1
USFR_gammaimcdag    		 1
USGR_gammaimcdag    		 1
USIT_gammaimcdag    		 1
USNL_gammaimcdag    		 1
USPT_gammaimcdag    		 1
USDE_gammaimcdag    		 1
USRU_gammaimcdag    		 1
USRW_gammaimcdag    		 1
USRA_gammaimi       		 0
USAT_gammaimi       		 0
USBE_gammaimi       		 0
USES_gammaimi       		 0
USFI_gammaimi       		 0
USFR_gammaimi       		 0
USGR_gammaimi       		 0
USIT_gammaimi       		 0
USNL_gammaimi       		 0
USPT_gammaimi       		 0
USDE_gammaimi       		 0
USRU_gammaimi       		 0
USRW_gammaimi       		 0
USRA_gammaimidag    		 1
USAT_gammaimidag    		 1
USBE_gammaimidag    		 1
USES_gammaimidag    		 1
USFI_gammaimidag    		 1
USFR_gammaimidag    		 1
USGR_gammaimidag    		 1
USIT_gammaimidag    		 1
USNL_gammaimidag    		 1
USPT_gammaimidag    		 1
USDE_gammaimidag    		 1
USRU_gammaimidag    		 1
USRW_gammaimidag    		 1
USRA_gammaimcg      		 0
USAT_gammaimcg      		 0
USBE_gammaimcg      		 0
USES_gammaimcg      		 0
USFI_gammaimcg      		 0
USFR_gammaimcg      		 0
USGR_gammaimcg      		 0
USIT_gammaimcg      		 0
USNL_gammaimcg      		 0
USPT_gammaimcg      		 0
USDE_gammaimcg      		 0
USRU_gammaimcg      		 0
USRW_gammaimcg      		 0
USRA_gammaimcgdag   		 1
USAT_gammaimcgdag   		 1
USBE_gammaimcgdag   		 1
USES_gammaimcgdag   		 1
USFI_gammaimcgdag   		 1
USFR_gammaimcgdag   		 1
USGR_gammaimcgdag   		 1
USIT_gammaimcgdag   		 1
USNL_gammaimcgdag   		 1
USPT_gammaimcgdag   		 1
USDE_gammaimcgdag   		 1
USRU_gammaimcgdag   		 1
USRW_gammaimcgdag   		 1
USRA_gammaimig      		 0
USAT_gammaimig      		 0
USBE_gammaimig      		 0
USES_gammaimig      		 0
USFI_gammaimig      		 0
USFR_gammaimig      		 0
USGR_gammaimig      		 0
USIT_gammaimig      		 0
USNL_gammaimig      		 0
USPT_gammaimig      		 0
USDE_gammaimig      		 0
USRU_gammaimig      		 0
USRW_gammaimig      		 0
USRA_gammaimigdag   		 1
USAT_gammaimigdag   		 1
USBE_gammaimigdag   		 1
USES_gammaimigdag   		 1
USFI_gammaimigdag   		 1
USFR_gammaimigdag   		 1
USGR_gammaimigdag   		 1
USIT_gammaimigdag   		 1
USNL_gammaimigdag   		 1
USPT_gammaimigdag   		 1
USDE_gammaimigdag   		 1
USRU_gammaimigdag   		 1
USRW_gammaimigdag   		 1
US_gx               		 1.71285
USRA_im             		 0.0154321
USAT_im             		 0.00222131
USBE_im             		 0.00441422
USES_im             		 0.00512237
USFI_im             		 0.00141213
USFR_im             		 0.0139118
USGR_im             		 0.00221636
USIT_im             		 0.0123268
USNL_im             		 0.00623838
USPT_im             		 0.00123222
USDE_im             		 0.0268157
USRU_im             		 0.0114279
USRW_im             		 0.507532
USRA_imc            		 0.0120725
USAT_imc            		 0.00133464
USBE_imc            		 0.00302408
USES_imc            		 0.00356199
USFI_imc            		 0.000828301
USFR_imc            		 0.00925396
USGR_imc            		 0.00192216
USIT_imc            		 0.00838537
USNL_imc            		 0.00415117
USPT_imc            		 0.000925469
USDE_imc            		 0.0158086
USRU_imc            		 0.0074289
USRW_imc            		 0.32361
USRA_imcy           		 0.00231552
USAT_imcy           		 0.000336935
USBE_imcy           		 0.000749867
USES_imcy           		 0.000803001
USFI_imcy           		 0.000189981
USFR_imcy           		 0.00206133
USGR_imcy           		 0.000372084
USIT_imcy           		 0.0020517
USNL_imcy           		 0.000801212
USPT_imcy           		 0.000202007
USDE_imcy           		 0.00373807
USRU_imcy           		 0.00163168
USRW_imcy           		 0.0628738
USRA_imi            		 0.00228786
USAT_imi            		 0.000732506
USBE_imi            		 0.000999747
USES_imi            		 0.0011309
USFI_imi            		 0.00044893
USFR_imi            		 0.00352392
USGR_imi            		 0.000134316
USIT_imi            		 0.00321942
USNL_imi            		 0.00154923
USPT_imi            		 0.000219866
USDE_imi            		 0.00903998
USRU_imi            		 0.00315388
USRW_imi            		 0.14181
USRA_imiy           		 0.000438815
USAT_imiy           		 0.000184925
USBE_imiy           		 0.000247903
USES_imiy           		 0.000254946
USFI_imiy           		 0.000102967
USFR_imiy           		 0.000784958
USGR_imiy           		 2.60003e-05
USIT_imiy           		 0.000787715
USNL_imiy           		 0.000299015
USPT_imiy           		 4.79913e-05
USDE_imiy           		 0.00213758
USRU_imiy           		 0.000692714
USRW_imiy           		 0.027552
USRA_imcg           		 0.000936542
USAT_imcg           		 0.000110685
USBE_imcg           		 0.000330022
USES_imcg           		 0.000363068
USFI_imcg           		 0.000108786
USFR_imcg           		 0.000927721
USGR_imcg           		 0.000149569
USIT_imcg           		 0.000534335
USNL_imcg           		 0.000444871
USPT_imcg           		 7.31691e-05
USDE_imcg           		 0.00143526
USRU_imcg           		 0.000667912
USRW_imcg           		 0.0338031
USRA_imcgy          		 0.00017963
USAT_imcgy          		 2.79429e-05
USBE_imcgy          		 8.18341e-05
USES_imcgy          		 8.18487e-05
USFI_imcgy          		 2.49513e-05
USFR_imcgy          		 0.000206651
USGR_imcgy          		 2.8953e-05
USIT_imcgy          		 0.000130739
USNL_imcgy          		 8.58639e-05
USPT_imcgy          		 1.5971e-05
USDE_imcgy          		 0.000339379
USRU_imcgy          		 0.000146699
USRW_imcgy          		 0.00656756
USRA_imig           		 0.000135278
USAT_imig           		 4.34833e-05
USBE_imig           		 6.03698e-05
USES_imig           		 6.64147e-05
USFI_imig           		 2.61085e-05
USFR_imig           		 0.00020616
USGR_imig           		 1.03151e-05
USIT_imig           		 0.000187628
USNL_imig           		 9.31122e-05
USPT_imig           		 1.37192e-05
USDE_imig           		 0.000531888
USRU_imig           		 0.000177201
USRW_imig           		 0.00830818
USRA_imigy          		 2.59465e-05
USAT_imigy          		 1.09776e-05
USBE_imigy          		 1.49696e-05
USES_imigy          		 1.49723e-05
USFI_imigy          		 5.98829e-06
USFR_imigy          		 4.59223e-05
USGR_imigy          		 1.99676e-06
USIT_imigy          		 4.59082e-05
USNL_imigy          		 1.79715e-05
USPT_imigy          		 2.99455e-06
USDE_imigy          		 0.00012577
USRU_imigy          		 3.89202e-05
USRW_imigy          		 0.00161418
US_piex             		 1.00496
US_pextilde         		 0.965897
USRA_rer            		 1.01018
USAT_rer            		 1.2523
USBE_rer            		 1.2024
USES_rer            		 1.16016
USFI_rer            		 1.16678
USFR_rer            		 1.15056
USGR_rer            		 1.03426
USIT_rer            		 1.23816
USNL_rer            		 1.04753
USPT_rer            		 1.13731
USDE_rer            		 1.19583
USRU_rer            		 1.13646
USRW_rer            		 0.984714
US_sx               		 1
USRA_tot            		 0.956822
USAT_tot            		 1.2594
USBE_tot            		 1.237
USES_tot            		 1.12461
USFI_tot            		 1.1442
USFR_tot            		 1.11122
USGR_tot            		 0.965673
USIT_tot            		 1.22059
USNL_tot            		 0.962844
USPT_tot            		 1.08889
USDE_tot            		 1.1796
USRU_tot            		 1.09569
USRW_tot            		 0.969228
USRA_weight         		 0.0229861
USAT_weight         		 0.00447069
USBE_weight         		 0.00862918
USES_weight         		 0.0110379
USFI_weight         		 0.00293943
USFR_weight         		 0.0277326
USGR_weight         		 0.00316603
USIT_weight         		 0.0216711
USNL_weight         		 0.0130241
USPT_weight         		 0.00201185
USDE_weight         		 0.0489698
USRU_weight         		 0.0206704
USRW_weight         		 0.812691
USRA_weightex       		 0.0211641
USAT_weightex       		 0.00428042
USBE_weightex       		 0.00812793
USES_weightex       		 0.0130977
USFI_weightex       		 0.00330778
USFR_weightex       		 0.0307334
USGR_weightex       		 0.00268005
USIT_weightex       		 0.0174707
USNL_weightex       		 0.0171997
USPT_weightex       		 0.00174339
USDE_weightex       		 0.0447028
USRU_weightex       		 0.0207021
USRW_weightex       		 0.81479
USRA_weightim       		 0.0243475
USAT_weightim       		 0.00461285
USBE_weightim       		 0.0090037
USES_weightim       		 0.00949884
USFI_weightim       		 0.00266422
USFR_weightim       		 0.0254905
USGR_weightim       		 0.00352913
USIT_weightim       		 0.0248094
USNL_weightim       		 0.00990433
USPT_weightim       		 0.00221243
USDE_weightim       		 0.052158
USRU_weightim       		 0.0206467
USRW_weightim       		 0.811122
US_b                		 23.3965
US_bf               		 12.076
US_by               		 4.86245
US_c                		 3.22894
US_ci               		 3.67902
US_cj               		 1.87869
US_cy               		 0.670116
US_d                		 1.25858
US_dn               		 0.340568
US_dt               		 0.918014
US_epsilonm         		 -0.750004
US_etot             		 0.994945
US_ex               		 0.453123
US_fh               		 7.11595
US_fi               		 21044
US_fj               		 779.407
US_fn               		 6.73469
US_cg               		 0.741902
US_gammai           		 0
US_gammaider        		 0
US_gammau           		 1.9135e-18
US_gammauder        		 0.0328209
US_gammav           		 0.000326161
US_gammavi          		 0.000101012
US_gammavider       		 0.00216513
US_gammavj          		 0.000101012
US_gammavjder       		 0.00216513
US_gh               		 8.53914
US_gi               		 20.3835
US_gj               		 22.5684
US_gn               		 8.60544
US_cgy              		 0.1508
US_ht               		 2.25897
US_htc              		 1.08871
US_hti              		 0.459271
US_htcg             		 0.557645
US_htig             		 0.153342
US_i                		 0.828758
US_ig               		 0.202636
US_ii               		 1.10501
US_im               		 0.606748
US_imc              		 0.390033
US_imcy             		 0.0781271
US_imi              		 0.167232
US_imiy             		 0.0335576
US_imcg             		 0.039683
US_imcgy            		 0.00791802
US_imig             		 0.00980004
US_imigy            		 0.00196652
US_imy              		 0.121569
US_exy              		 0.0908316
US_internalrer      		 1.06502
US_iy               		 0.168825
US_igy              		 0.0412
US_k                		 33.1503
US_kd               		 33.1503
US_kdn              		 17.3049
US_kdt              		 15.8455
US_ki               		 44.2004
US_lambdai          		 0.407197
US_lambdaj          		 1.35254
US_lcy              		 0.517161
US_m                		 1.3567
US_mcn              		 0.804914
US_mct              		 0.804914
US_mi               		 1.54581
US_mj               		 0.789367
US_mp               		 0.00670004
US_mpy              		 0.00139246
US_nd               		 1.60643
US_ndi              		 0.636304
US_ndj              		 1.03929
US_ndn              		 0.838573
US_ndt              		 0.767853
US_ni               		 0.636304
US_nj               		 1.03929
US_nt               		 2.13794
US_ntc              		 1.75131
US_nti              		 0.202407
US_ntcg             		 0.144693
US_ntig             		 0.0395259
US_pex              		 0.965897
US_pht              		 0.965897
US_phttilde         		 0.965897
US_pi               		 0.981566
US_pcg              		 0.978023
US_pig              		 0.978309
US_pic              		 1.00496
US_pic4             		 1.02
US_piex4            		 1.02
US_piht             		 1.00496
US_piimc            		 1.00496
US_piimi            		 1.00496
US_piimcg           		 1.00496
US_piimig           		 1.00496
US_piimc4           		 1.02
US_pim              		 0.96544
US_pimc             		 0.965184
US_pimi             		 0.966899
US_pimcg            		 0.96144
US_pimig            		 0.966897
US_pint             		 1.00496
US_piw              		 1.00496
US_piw4             		 1.02
US_pnt              		 1.0285
US_pnttilde         		 1.0285
US_pttc             		 0.965709
US_ptti             		 0.966165
US_pttcg            		 0.965602
US_pttig            		 0.965957
US_py               		 0.993493
US_q                		 0.981566
US_qc               		 3.22927
US_qi               		 0.828758
US_qcg              		 0.741902
US_qig              		 0.202636
US_r                		 1.01242
US_reer             		 1.01338
US_rer              		 1
US_rk               		 0.0322159
US_rr               		 1.00742
US_rrstar           		 1.00742
US_sh               		 1
US_si               		 1
US_sj               		 1
US_snt              		 1
US_t                		 0.736016
US_tauc             		 0.0661
US_taud             		 0
US_tauk             		 0.0517
US_taun             		 0.2073
US_tauwf            		 0.0723
US_tauwh            		 0.0626
US_tb               		 -0.148109
US_tby              		 -0.0307377
US_ti               		 0.883219
US_tj               		 0.294406
US_tr               		 0.669302
US_tri              		 0.446201
US_trj              		 1.3386
US_try              		 0.1391
US_ttc              		 1.47874
US_tti              		 0.626503
US_ttcg             		 0.597327
US_ttig             		 0.163142
US_ty               		 0.152965
US_u                		 1
US_utili            		 15.0158
US_utilj            		 -84.6771
US_vi               		 2.38
US_vj               		 2.38
US_w                		 1.44663
US_wcst             		 0
US_whty             		 0.424034
US_wi               		 1.57979
US_witilde          		 1.57979
US_wj               		 1.26882
US_wjtilde          		 1.26882
US_wnty             		 0.551695
US_wy               		 0.482291
US_y                		 4.85003
US_ygap             		 0.00144231
US_ygrowth          		 1
US_ygrowth4         		 1
US_yhty             		 0.543658
US_ynty             		 0.456342
US_yshare           		 0.255916
US_ysn              		 2.13794
US_yst              		 2.71209
US_zcon             		 1
US_zinv             		 1
US_zn               		 1
US_zt               		 1
US_grev             		 1.76455
US_gexp             		 1.76455
US_grevy            		 0.366723
US_gexpy            		 0.366723
US_gbal             		 2.23821e-12
US_gbaly            		 4.65164e-13
US_br               		 0.171408
US_bry              		 0.0356234
US_gpbal            		 0.171408
US_gpbaly           		 0.0356234
US_tn               		 0.627223
US_tny              		 0.130355
US_tc               		 0.213433
US_tcy              		 0.0443575
US_twf              		 0.168019
US_twfy             		 0.0349191
US_tk               		 0.013157
US_tky              		 0.0027344
US_lhs              		 26.224
US_rhs              		 26.224
RADE_nerdep         		 1
RA_gammabh          		 0
ATDE_nerdep         		 1
AT_gammabh          		 0
BEDE_nerdep         		 1
BE_gammabh          		 0
ESDE_nerdep         		 1
ES_gammabh          		 0
FIDE_nerdep         		 1
FI_gammabh          		 0
FRDE_nerdep         		 1
FR_gammabh          		 0
GRDE_nerdep         		 1
GR_gammabh          		 0
ITDE_nerdep         		 1
IT_gammabh          		 0
NLDE_nerdep         		 1
NL_gammabh          		 0
PTDE_nerdep         		 1
PT_gammabh          		 0
RA_bh               		 0
AT_bh               		 -3.55271e-15
BE_bh               		 -7.10543e-15
ES_bh               		 8.88178e-16
FI_bh               		 3.1477e-12
FR_bh               		 -2.22045e-16
GR_bh               		 1.77636e-15
IT_bh               		 1.77636e-15
NL_bh               		 0
PT_bh               		 8.88178e-16
DE_bh               		 -2.2647e-13
RA_ccesi            		 1.99536
RA_ccesj            		 2.22919
RA_dcci             		 1.35315
RA_dccj             		 1.30835
AT_ccesi            		 2.6357
AT_ccesj            		 2.50862
AT_dcci             		 1.19725
AT_dccj             		 1.23007
BE_ccesi            		 2.46869
BE_ccesj            		 2.57092
BE_dcci             		 1.3239
BE_dccj             		 1.30598
ES_ccesi            		 3.44613
ES_ccesj            		 2.31613
ES_dcci             		 0.935275
ES_dccj             		 1.27186
FI_ccesi            		 2.91755
FI_ccesj            		 2.35784
FI_dcci             		 1.28009
FI_dccj             		 1.36812
FR_ccesi            		 3.36521
FR_ccesj            		 2.6661
FR_dcci             		 1.2015
FR_dccj             		 1.32756
GR_ccesi            		 4.57084
GR_ccesj            		 2.34027
GR_dcci             		 0.825766
GR_dccj             		 1.35525
IT_ccesi            		 3.30154
IT_ccesj            		 2.24648
IT_dcci             		 0.930669
IT_dccj             		 1.26309
NL_ccesi            		 2.91111
NL_ccesj            		 2.47234
NL_dcci             		 1.36928
NL_dccj             		 1.4129
PT_ccesi            		 3.8378
PT_ccesj            		 2.2887
PT_dcci             		 0.838243
PT_dccj             		 1.29562
DE_ccesi            		 2.94516
DE_ccesj            		 2.69007
DE_dcci             		 1.14821
DE_dccj             		 1.21452
RU_ccesi            		 3.21401
RU_ccesj            		 2.08584
RU_dcci             		 1.19642
RU_dccj             		 1.39207
RW_ccesi            		 3.93603
RW_ccesj            		 2.3554
RW_dcci             		 0.821591
RW_dccj             		 1.2882
US_ccesi            		 4.0568
US_ccesj            		 2.59807
US_dcci             		 0.530937
US_dccj             		 1.12942
RA_kg               		 7.51076
AT_kg               		 4.75866
BE_kg               		 3.54042
ES_kg               		 5.70712
FI_kg               		 6.92244
FR_kg               		 6.60642
GR_kg               		 8.25986
IT_kg               		 4.27723
NL_kg               		 7.66043
PT_kg               		 5.79711
DE_kg               		 3.82352
RU_kg               		 6.62974
RW_kg               		 15.7032
US_kg               		 8.10543
MODEL SIMULATION: (method=Sparse LU solver on stacked system)
------------------------------------
      Iteration no. 1
      Inf-norm error = 4.148e-02
      2-norm error   = 8.297e-02
      1-norm error   = 1.692e-01
------------------------------------
(** 52.30 seconds **)
------------------------------------
      Iteration no. 2
      Inf-norm error = 2.308e-02
      2-norm error   = 1.208e-01
      1-norm error   = 1.320e+00
------------------------------------
(** 50.63 seconds **)
------------------------------------
      Iteration no. 3
      Inf-norm error = 1.107e-03
      2-norm error   = 1.238e-03
      1-norm error   = 6.920e-03
------------------------------------
(** 50.67 seconds **)
------------------------------------
      Iteration no. 4
      Inf-norm error = 2.138e-04
      2-norm error   = 2.395e-04
      1-norm error   = 3.875e-04
------------------------------------
(** 50.92 seconds **)
------------------------------------
      Iteration no. 5
      Inf-norm error = 4.053e-08
      2-norm error   = 5.107e-08
      1-norm error   = 1.113e-07
------------------------------------

Perfect foresight solution found.

Total computing time : 0h04m08s
Note: 164 warning(s) encountered in the preprocessor
