EA_phirgy,0,0,0,0,0
EA_phirpi,1.5,1.5,1.5,1.5,1.5
EA_phirr,0.75,0.75,0.75,0.75,0.75
EA_rhoz,0.9,0.9,0.9,0.9,0.9
EA_zbar,1,1,1,1,1
EAAEAB_imcy,0.007427,0.007427,0.007427,0.007427,0.007427
EAAEAC_imcy,0.008053,0.008053,0.008053,0.008053,0.008053
EAAEAD_imcy,0.004186,0.004186,0.004186,0.004186,0.004186
EAAEAE_imcy,0.00261,0.00261,0.00261,0.00261,0.00261
EAAEAF_imcy,0.011202,0.011202,0.011202,0.011202,0.011202
EAAEAG_imcy,0.001105,0.001105,0.001105,0.001105,0.001105
EAAEAH_imcy,0.002101,0.002101,0.002101,0.002101,0.002101
EAAEAI_imcy,0.013022,0.013022,0.013022,0.013022,0.013022
EAAEAJ_imcy,0.004925,0.004925,0.004925,0.004925,0.004925
EAAEAK_imcy,0.000937,0.000937,0.000937,0.000937,0.000937
EAAEAL_imcy,0.025984,0.025984,0.025984,0.025984,0.025984
EAAUS_imcy,0.00809,0.00809,0.00809,0.00809,0.00809
EAAEAB_imiy,0.003102,0.003102,0.003102,0.003102,0.003102
EAAEAC_imiy,0.002247,0.002247,0.002247,0.002247,0.002247
EAAEAD_imiy,0.001456,0.001456,0.001456,0.001456,0.001456
EAAEAE_imiy,0.00146,0.00146,0.00146,0.00146,0.00146
EAAEAF_imiy,0.004813,0.004813,0.004813,0.004813,0.004813
EAAEAG_imiy,0.000156,0.000156,0.000156,0.000156,0.000156
EAAEAH_imiy,0.001145,0.001145,0.001145,0.001145,0.001145
EAAEAI_imiy,0.005875,0.005875,0.005875,0.005875,0.005875
EAAEAJ_imiy,0.001396,0.001396,0.001396,0.001396,0.001396
EAAEAK_imiy,0.000156,0.000156,0.000156,0.000156,0.000156
EAAEAL_imiy,0.016304,0.016304,0.016304,0.016304,0.016304
EAAUS_imiy,0.004146,0.004146,0.004146,0.004146,0.004146
EAAEAB_imcgy,0.001317,0.001317,0.001317,0.001317,0.001317
EAAEAC_imcgy,0.001959,0.001959,0.001959,0.001959,0.001959
EAAEAD_imcgy,0.00063,0.00063,0.00063,0.00063,0.00063
EAAEAE_imcgy,0.000396,0.000396,0.000396,0.000396,0.000396
EAAEAF_imcgy,0.002094,0.002094,0.002094,0.002094,0.002094
EAAEAG_imcgy,0.000119,0.000119,0.000119,0.000119,0.000119
EAAEAH_imcgy,0.000685,0.000685,0.000685,0.000685,0.000685
EAAEAI_imcgy,0.001701,0.001701,0.001701,0.001701,0.001701
EAAEAJ_imcgy,0.000731,0.000731,0.000731,0.000731,0.000731
EAAEAK_imcgy,7.90E-05,7.90E-05,7.90E-05,7.90E-05,7.90E-05
EAAEAL_imcgy,0.004701,0.004701,0.004701,0.004701,0.004701
EAAUS_imcgy,0.001703,0.001703,0.001703,0.001703,0.001703
EAAEAB_imigy,0.000345,0.000345,0.000345,0.000345,0.000345
EAAEAC_imigy,0.00025,0.00025,0.00025,0.00025,0.00025
EAAEAD_imigy,0.000162,0.000162,0.000162,0.000162,0.000162
EAAEAE_imigy,0.000162,0.000162,0.000162,0.000162,0.000162
EAAEAF_imigy,0.000535,0.000535,0.000535,0.000535,0.000535
EAAEAG_imigy,1.70E-05,1.70E-05,1.70E-05,1.70E-05,1.70E-05
EAAEAH_imigy,0.000127,0.000127,0.000127,0.000127,0.000127
EAAEAI_imigy,0.000653,0.000653,0.000653,0.000653,0.000653
EAAEAJ_imigy,0.000155,0.000155,0.000155,0.000155,0.000155
EAAEAK_imigy,1.70E-05,1.70E-05,1.70E-05,1.70E-05,1.70E-05
EAAEAL_imigy,0.001812,0.001812,0.001812,0.001812,0.001812
EAAUS_imigy,0.000461,0.000461,0.000461,0.000461,0.000461
EAA_epsilonm,-0.75,-0.75,-0.75,-0.75,-0.75
EAA_imcy,0.201554,0.201554,0.201554,0.201554,0.201554
EAA_imiy,0.082556,0.082556,0.082556,0.082556,0.082556
EAA_imcgy,0.034706,0.034706,0.034706,0.034706,0.034706
EAA_imigy,0.009173,0.009173,0.009173,0.009173,0.009173
EAA_iy,0.2,0.2,0.2,0.2,0.2
EAA_vi,2.38,2.38,2.38,2.38,2.38
EAA_alphan,0.3,0.3,0.3,0.3,0.3
EAA_alphat,0.3,0.3,0.3,0.3,0.3
EAA_beta,0.99263754,0.99263754,0.99263754,0.99263754,0.99263754
EAA_bfytarget,-0.15,-0.15,-0.15,-0.15,-0.15
EAA_bhytarget,0,0,0,0,0
EAA_bytarget,2.4,2.4,2.4,2.4,2.4
EAA_chin,0.5,0.5,0.5,0.5,0.5
EAA_chih,0.5,0.5,0.5,0.5,0.5
EAA_chii,0.75,0.75,0.75,0.75,0.75
EAA_chij,0.75,0.75,0.75,0.75,0.75
EAA_chix,0.5,0.5,0.5,0.5,0.5
EAA_delta,0.025,0.025,0.025,0.025,0.025
EAA_gammab1,0.2,0.2,0.2,0.2,0.2
EAA_gammai1,1,1,1,1,1
EAA_gammaimc1,1,1,1,1,1
EAA_gammaimi1,1,1,1,1,1
EAA_gammaimcg1,1,1,1,1,1
EAA_gammaimig1,1,1,1,1,1
EAA_gammau2,1,1,1,1,1
EAA_kappa,0.7,0.7,0.7,0.7,0.7
EAA_muc,0.5,0.5,0.5,0.5,0.5
EAA_mumc,2.5,2.5,2.5,2.5,2.5
EAA_mutc,2.5,2.5,2.5,2.5,2.5
EAA_nuc,0.45,0.45,0.45,0.45,0.45
EAA_mui,0.5,0.5,0.5,0.5,0.5
EAA_mumi,2.5,2.5,2.5,2.5,2.5
EAA_muti,2.5,2.5,2.5,2.5,2.5
EAA_nui,0.75,0.75,0.75,0.75,0.75
EAA_mucg,0.5,0.5,0.5,0.5,0.5
EAA_mumcg,2.5,2.5,2.5,2.5,2.5
EAA_mutcg,2.5,2.5,2.5,2.5,2.5
EAA_nucg,0.8,0.8,0.8,0.8,0.8
EAA_muig,0.5,0.5,0.5,0.5,0.5
EAA_mumig,2.5,2.5,2.5,2.5,2.5
EAA_mutig,2.5,2.5,2.5,2.5,2.5
EAA_nuig,0.8,0.8,0.8,0.8,0.8
EAA_omega,0.25,0.25,0.25,0.25,0.25
EAA_phitb,0.1,0.1,0.1,0.1,0.1
EAA_pi4target,1.02,1.02,1.02,1.02,1.02
EAA_psin,0.28,0.28,0.28,0.28,0.28
EAA_rhocg,0.9,0.9,0.9,0.9,0.9
EAA_rhoig,0.9,0.9,0.9,0.9,0.9
EAA_rhorp,0.9,0.9,0.9,0.9,0.9
EAA_rhotauc,0.9,0.9,0.9,0.9,0.9
EAA_rhotaud,0.9,0.9,0.9,0.9,0.9
EAA_rhotauk,0.9,0.9,0.9,0.9,0.9
EAA_rhotaun,0.9,0.9,0.9,0.9,0.9
EAA_rhotauwf,0.9,0.9,0.9,0.9,0.9
EAA_rhotauwh,0.9,0.9,0.9,0.9,0.9
EAA_rhotr,0.9,0.9,0.9,0.9,0.9
EAA_rhowcst,0.9,0.9,0.9,0.9,0.9
EAA_rhozcon,0.9,0.9,0.9,0.9,0.9
EAA_rhozinv,0.9,0.9,0.9,0.9,0.9
EAA_rhozn,0.9,0.9,0.9,0.9,0.9
EAA_rhozt,0.9,0.9,0.9,0.9,0.9
EAA_sigma,1,1,1,1,1
EAA_size,0.00515,0.00515,0.00515,0.00515,0.00515
EAA_xin,0.92,0.92,0.92,0.92,0.92
EAA_xih,0.92,0.92,0.92,0.92,0.92
EAA_xii,0.75,0.75,0.75,0.75,0.75
EAA_xij,0.75,0.75,0.75,0.75,0.75
EAA_xix,0.75,0.75,0.75,0.75,0.75
EAA_zeta,2,2,2,2,2
EAA_eta,4.33,4.33,4.33,4.33,4.33
EAA_etai,4.33,4.33,4.33,4.33,4.33
EAA_etaj,4.33,4.33,4.33,4.33,4.33
EAA_thetan,3,3,3,3,3
EAA_thetat,6,6,6,6,6
EAA_upsilont,1.2,1.2,1.2,1.2,1.2
EAA_upsilontr,0.66666666,0.66666666,0.66666666,0.66666666,0.66666666
EABEAA_imcy,0.010949,0.010949,0.010949,0.010949,0.010949
EABEAC_imcy,0.002307,0.002307,0.002307,0.002307,0.002307
EABEAD_imcy,0.003319,0.003319,0.003319,0.003319,0.003319
EABEAE_imcy,0.000536,0.000536,0.000536,0.000536,0.000536
EABEAF_imcy,0.005053,0.005053,0.005053,0.005053,0.005053
EABEAG_imcy,0.00078,0.00078,0.00078,0.00078,0.00078
EABEAH_imcy,0.001311,0.001311,0.001311,0.001311,0.001311
EABEAI_imcy,0.012225,0.012225,0.012225,0.012225,0.012225
EABEAJ_imcy,0.004248,0.004248,0.004248,0.004248,0.004248
EABEAK_imcy,0.000791,0.000791,0.000791,0.000791,0.000791
EABEAL_imcy,0.052306,0.052306,0.052306,0.052306,0.052306
EABRW_imcy,0.07752,0.07752,0.07752,0.07752,0.07752
EABEAA_imiy,0.004649,0.004649,0.004649,0.004649,0.004649
EABEAC_imiy,0.001106,0.001106,0.001106,0.001106,0.001106
EABEAD_imiy,0.001596,0.001596,0.001596,0.001596,0.001596
EABEAE_imiy,0.00052,0.00052,0.00052,0.00052,0.00052
EABEAF_imiy,0.002539,0.002539,0.002539,0.002539,0.002539
EABEAG_imiy,0.000132,0.000132,0.000132,0.000132,0.000132
EABEAH_imiy,0.001297,0.001297,0.001297,0.001297,0.001297
EABEAI_imiy,0.005448,0.005448,0.005448,0.005448,0.005448
EABEAJ_imiy,0.001789,0.001789,0.001789,0.001789,0.001789
EABEAK_imiy,0.000364,0.000364,0.000364,0.000364,0.000364
EABEAL_imiy,0.033634,0.033634,0.033634,0.033634,0.033634
EABRW_imiy,0.035417,0.035417,0.035417,0.035417,0.035417
EABEAA_imcgy,0.001949,0.001949,0.001949,0.001949,0.001949
EABEAC_imcgy,0.000518,0.000518,0.000518,0.000518,0.000518
EABEAD_imcgy,0.000446,0.000446,0.000446,0.000446,0.000446
EABEAE_imcgy,0.00011,0.00011,0.00011,0.00011,0.00011
EABEAF_imcgy,0.000756,0.000756,0.000756,0.000756,0.000756
EABEAG_imcgy,5.10E-05,5.10E-05,5.10E-05,5.10E-05,5.10E-05
EABEAH_imcgy,0.000427,0.000427,0.000427,0.000427,0.000427
EABEAI_imcgy,0.001255,0.001255,0.001255,0.001255,0.001255
EABEAJ_imcgy,0.000677,0.000677,0.000677,0.000677,0.000677
EABEAK_imcgy,8.40E-05,8.40E-05,8.40E-05,8.40E-05,8.40E-05
EABEAL_imcgy,0.007395,0.007395,0.007395,0.007395,0.007395
EABRW_imcgy,0.014662,0.014662,0.014662,0.014662,0.014662
EABEAA_imigy,0.000517,0.000517,0.000517,0.000517,0.000517
EABEAC_imigy,0.000123,0.000123,0.000123,0.000123,0.000123
EABEAD_imigy,0.000177,0.000177,0.000177,0.000177,0.000177
EABEAE_imigy,5.80E-05,5.80E-05,5.80E-05,5.80E-05,5.80E-05
EABEAF_imigy,0.000282,0.000282,0.000282,0.000282,0.000282
EABEAG_imigy,1.50E-05,1.50E-05,1.50E-05,1.50E-05,1.50E-05
EABEAH_imigy,0.000144,0.000144,0.000144,0.000144,0.000144
EABEAI_imigy,0.000605,0.000605,0.000605,0.000605,0.000605
EABEAJ_imigy,0.000199,0.000199,0.000199,0.000199,0.000199
EABEAK_imigy,4.00E-05,4.00E-05,4.00E-05,4.00E-05,4.00E-05
EABEAL_imigy,0.003737,0.003737,0.003737,0.003737,0.003737
EABRW_imigy,0.003935,0.003935,0.003935,0.003935,0.003935
EAB_epsilonm,-0.75,-0.75,-0.75,-0.75,-0.75
EAB_imcy,0.177609,0.177609,0.177609,0.177609,0.177609
EAB_imiy,0.091656,0.091656,0.091656,0.091656,0.091656
EAB_imcgy,0.03042,0.03042,0.03042,0.03042,0.03042
EAB_imigy,0.010184,0.010184,0.010184,0.010184,0.010184
EAB_iy,0.2,0.2,0.2,0.2,0.2
EAB_vi,2.38,2.38,2.38,2.38,2.38
EAB_alphan,0.3,0.3,0.3,0.3,0.3
EAB_alphat,0.3,0.3,0.3,0.3,0.3
EAB_beta,0.99263754,0.99263754,0.99263754,0.99263754,0.99263754
EAB_bfytarget,-0.15,-0.15,-0.15,-0.15,-0.15
EAB_bhytarget,0,0,0,0,0
EAB_bytarget,2.4,2.4,2.4,2.4,2.4
EAB_chin,0.5,0.5,0.5,0.5,0.5
EAB_chih,0.5,0.5,0.5,0.5,0.5
EAB_chii,0.75,0.75,0.75,0.75,0.75
EAB_chij,0.75,0.75,0.75,0.75,0.75
EAB_chix,0.5,0.5,0.5,0.5,0.5
EAB_delta,0.025,0.025,0.025,0.025,0.025
EAB_gammab1,0.2,0.2,0.2,0.2,0.2
EAB_gammai1,1,1,1,1,1
EAB_gammaimc1,1,1,1,1,1
EAB_gammaimi1,1,1,1,1,1
EAB_gammaimcg1,1,1,1,1,1
EAB_gammaimig1,1,1,1,1,1
EAB_gammau2,1,1,1,1,1
EAB_kappa,0.7,0.7,0.7,0.7,0.7
EAB_muc,0.5,0.5,0.5,0.5,0.5
EAB_mumc,2.5,2.5,2.5,2.5,2.5
EAB_mutc,2.5,2.5,2.5,2.5,2.5
EAB_nuc,0.45,0.45,0.45,0.45,0.45
EAB_mui,0.5,0.5,0.5,0.5,0.5
EAB_mumi,2.5,2.5,2.5,2.5,2.5
EAB_muti,2.5,2.5,2.5,2.5,2.5
EAB_nui,0.75,0.75,0.75,0.75,0.75
EAB_mucg,0.5,0.5,0.5,0.5,0.5
EAB_mumcg,2.5,2.5,2.5,2.5,2.5
EAB_mutcg,2.5,2.5,2.5,2.5,2.5
EAB_nucg,0.8,0.8,0.8,0.8,0.8
EAB_muig,0.5,0.5,0.5,0.5,0.5
EAB_mumig,2.5,2.5,2.5,2.5,2.5
EAB_mutig,2.5,2.5,2.5,2.5,2.5
EAB_nuig,0.8,0.8,0.8,0.8,0.8
EAB_omega,0.25,0.25,0.25,0.25,0.25
EAB_phitb,0.1,0.1,0.1,0.1,0.1
EAB_pi4target,1.02,1.02,1.02,1.02,1.02
EAB_psin,0.28,0.28,0.28,0.28,0.28
EAB_rhocg,0.9,0.9,0.9,0.9,0.9
EAB_rhoig,0.9,0.9,0.9,0.9,0.9
EAB_rhorp,0.9,0.9,0.9,0.9,0.9
EAB_rhotauc,0.9,0.9,0.9,0.9,0.9
EAB_rhotaud,0.9,0.9,0.9,0.9,0.9
EAB_rhotauk,0.9,0.9,0.9,0.9,0.9
EAB_rhotaun,0.9,0.9,0.9,0.9,0.9
EAB_rhotauwf,0.9,0.9,0.9,0.9,0.9
EAB_rhotauwh,0.9,0.9,0.9,0.9,0.9
EAB_rhotr,0.9,0.9,0.9,0.9,0.9
EAB_rhowcst,0.9,0.9,0.9,0.9,0.9
EAB_rhozcon,0.9,0.9,0.9,0.9,0.9
EAB_rhozinv,0.9,0.9,0.9,0.9,0.9
EAB_rhozn,0.9,0.9,0.9,0.9,0.9
EAB_rhozt,0.9,0.9,0.9,0.9,0.9
EAB_sigma,1,1,1,1,1
EAB_size,0.005058,0.005058,0.005058,0.005058,0.005058
EAB_xin,0.92,0.92,0.92,0.92,0.92
EAB_xih,0.92,0.92,0.92,0.92,0.92
EAB_xii,0.75,0.75,0.75,0.75,0.75
EAB_xij,0.75,0.75,0.75,0.75,0.75
EAB_xix,0.75,0.75,0.75,0.75,0.75
EAB_zeta,2,2,2,2,2
EAB_eta,4.33,4.33,4.33,4.33,4.33
EAB_etai,4.33,4.33,4.33,4.33,4.33
EAB_etaj,4.33,4.33,4.33,4.33,4.33
EAB_thetan,3,3,3,3,3
EAB_thetat,6,6,6,6,6
EAB_upsilont,1.2,1.2,1.2,1.2,1.2
EAB_upsilontr,0.66666666,0.66666666,0.66666666,0.66666666,0.66666666
EACEAB_imcy,0.001607,0.001607,0.001607,0.001607,0.001607
EACEAD_imcy,0.006726,0.006726,0.006726,0.006726,0.006726
EACEAE_imcy,0.000758,0.000758,0.000758,0.000758,0.000758
EACEAF_imcy,0.035367,0.035367,0.035367,0.035367,0.035367
EACEAG_imcy,0.000604,0.000604,0.000604,0.000604,0.000604
EACEAH_imcy,0.004757,0.004757,0.004757,0.004757,0.004757
EACEAI_imcy,0.006896,0.006896,0.006896,0.006896,0.006896
EACEAJ_imcy,0.028328,0.028328,0.028328,0.028328,0.028328
EACEAK_imcy,0.001418,0.001418,0.001418,0.001418,0.001418
EACEAL_imcy,0.023252,0.023252,0.023252,0.023252,0.023252
EACRW_imcy,0.070178,0.070178,0.070178,0.070178,0.070178
EACUS_imcy,0.011513,0.011513,0.011513,0.011513,0.011513
EACEAB_imiy,0.000923,0.000923,0.000923,0.000923,0.000923
EACEAD_imiy,0.002691,0.002691,0.002691,0.002691,0.002691
EACEAE_imiy,0.000447,0.000447,0.000447,0.000447,0.000447
EACEAF_imiy,0.013034,0.013034,0.013034,0.013034,0.013034
EACEAG_imiy,0.000128,0.000128,0.000128,0.000128,0.000128
EACEAH_imiy,0.001903,0.001903,0.001903,0.001903,0.001903
EACEAI_imiy,0.003967,0.003967,0.003967,0.003967,0.003967
EACEAJ_imiy,0.010172,0.010172,0.010172,0.010172,0.010172
EACEAK_imiy,0.000618,0.000618,0.000618,0.000618,0.000618
EACEAL_imiy,0.015784,0.015784,0.015784,0.015784,0.015784
EACRW_imiy,0.038698,0.038698,0.038698,0.038698,0.038698
EACUS_imiy,0.006865,0.006865,0.006865,0.006865,0.006865
EACEAB_imcgy,0.000431,0.000431,0.000431,0.000431,0.000431
EACEAD_imcgy,0.001418,0.001418,0.001418,0.001418,0.001418
EACEAE_imcgy,0.000169,0.000169,0.000169,0.000169,0.000169
EACEAF_imcgy,0.006792,0.006792,0.006792,0.006792,0.006792
EACEAG_imcgy,8.40E-05,8.40E-05,8.40E-05,8.40E-05,8.40E-05
EACEAH_imcgy,0.002222,0.002222,0.002222,0.002222,0.002222
EACEAI_imcgy,0.002022,0.002022,0.002022,0.002022,0.002022
EACEAJ_imcgy,0.005311,0.005311,0.005311,0.005311,0.005311
EACEAK_imcgy,0.000297,0.000297,0.000297,0.000297,0.000297
EACEAL_imcgy,0.004358,0.004358,0.004358,0.004358,0.004358
EACRW_imcgy,0.016057,0.016057,0.016057,0.016057,0.016057
EACUS_imcgy,0.003792,0.003792,0.003792,0.003792,0.003792
EACEAB_imigy,0.000103,0.000103,0.000103,0.000103,0.000103
EACEAD_imigy,0.000299,0.000299,0.000299,0.000299,0.000299
EACEAE_imigy,5.00E-05,5.00E-05,5.00E-05,5.00E-05,5.00E-05
EACEAF_imigy,0.001448,0.001448,0.001448,0.001448,0.001448
EACEAG_imigy,1.40E-05,1.40E-05,1.40E-05,1.40E-05,1.40E-05
EACEAH_imigy,0.000211,0.000211,0.000211,0.000211,0.000211
EACEAI_imigy,0.000441,0.000441,0.000441,0.000441,0.000441
EACEAJ_imigy,0.00113,0.00113,0.00113,0.00113,0.00113
EACEAK_imigy,6.90E-05,6.90E-05,6.90E-05,6.90E-05,6.90E-05
EACEAL_imigy,0.001754,0.001754,0.001754,0.001754,0.001754
EACRW_imigy,0.0043,0.0043,0.0043,0.0043,0.0043
EACUS_imigy,0.000763,0.000763,0.000763,0.000763,0.000763
EAC_epsilonm,-0.75,-0.75,-0.75,-0.75,-0.75
EAC_imcy,0.199488,0.199488,0.199488,0.199488,0.199488
EAC_imiy,0.098064,0.098064,0.098064,0.098064,0.098064
EAC_imcgy,0.044595,0.044595,0.044595,0.044595,0.044595
EAC_imigy,0.010896,0.010896,0.010896,0.010896,0.010896
EAC_iy,0.2,0.2,0.2,0.2,0.2
EAC_vi,2.38,2.38,2.38,2.38,2.38
EAC_alphan,0.3,0.3,0.3,0.3,0.3
EAC_alphat,0.3,0.3,0.3,0.3,0.3
EAC_beta,0.99263754,0.99263754,0.99263754,0.99263754,0.99263754
EAC_bfytarget,-0.15,-0.15,-0.15,-0.15,-0.15
EAC_bhytarget,0,0,0,0,0
EAC_bytarget,2.4,2.4,2.4,2.4,2.4
EAC_chin,0.5,0.5,0.5,0.5,0.5
EAC_chih,0.5,0.5,0.5,0.5,0.5
EAC_chii,0.75,0.75,0.75,0.75,0.75
EAC_chij,0.75,0.75,0.75,0.75,0.75
EAC_chix,0.5,0.5,0.5,0.5,0.5
EAC_delta,0.025,0.025,0.025,0.025,0.025
EAC_gammab1,0.2,0.2,0.2,0.2,0.2
EAC_gammai1,1,1,1,1,1
EAC_gammaimc1,1,1,1,1,1
EAC_gammaimi1,1,1,1,1,1
EAC_gammaimcg1,1,1,1,1,1
EAC_gammaimig1,1,1,1,1,1
EAC_gammau2,1,1,1,1,1
EAC_kappa,0.7,0.7,0.7,0.7,0.7
EAC_muc,0.5,0.5,0.5,0.5,0.5
EAC_mumc,2.5,2.5,2.5,2.5,2.5
EAC_mutc,2.5,2.5,2.5,2.5,2.5
EAC_nuc,0.45,0.45,0.45,0.45,0.45
EAC_mui,0.5,0.5,0.5,0.5,0.5
EAC_mumi,2.5,2.5,2.5,2.5,2.5
EAC_muti,2.5,2.5,2.5,2.5,2.5
EAC_nui,0.75,0.75,0.75,0.75,0.75
EAC_mucg,0.5,0.5,0.5,0.5,0.5
EAC_mumcg,2.5,2.5,2.5,2.5,2.5
EAC_mutcg,2.5,2.5,2.5,2.5,2.5
EAC_nucg,0.8,0.8,0.8,0.8,0.8
EAC_muig,0.5,0.5,0.5,0.5,0.5
EAC_mumig,2.5,2.5,2.5,2.5,2.5
EAC_mutig,2.5,2.5,2.5,2.5,2.5
EAC_nuig,0.8,0.8,0.8,0.8,0.8
EAC_omega,0.25,0.25,0.25,0.25,0.25
EAC_phitb,0.1,0.1,0.1,0.1,0.1
EAC_pi4target,1.02,1.02,1.02,1.02,1.02
EAC_psin,0.28,0.28,0.28,0.28,0.28
EAC_rhocg,0.9,0.9,0.9,0.9,0.9
EAC_rhoig,0.9,0.9,0.9,0.9,0.9
EAC_rhorp,0.9,0.9,0.9,0.9,0.9
EAC_rhotauc,0.9,0.9,0.9,0.9,0.9
EAC_rhotaud,0.9,0.9,0.9,0.9,0.9
EAC_rhotauk,0.9,0.9,0.9,0.9,0.9
EAC_rhotaun,0.9,0.9,0.9,0.9,0.9
EAC_rhotauwf,0.9,0.9,0.9,0.9,0.9
EAC_rhotauwh,0.9,0.9,0.9,0.9,0.9
EAC_rhotr,0.9,0.9,0.9,0.9,0.9
EAC_rhowcst,0.9,0.9,0.9,0.9,0.9
EAC_rhozcon,0.9,0.9,0.9,0.9,0.9
EAC_rhozinv,0.9,0.9,0.9,0.9,0.9
EAC_rhozn,0.9,0.9,0.9,0.9,0.9
EAC_rhozt,0.9,0.9,0.9,0.9,0.9
EAC_sigma,1,1,1,1,1
EAC_size,0.006299,0.006299,0.006299,0.006299,0.006299
EAC_xin,0.92,0.92,0.92,0.92,0.92
EAC_xih,0.92,0.92,0.92,0.92,0.92
EAC_xii,0.75,0.75,0.75,0.75,0.75
EAC_xij,0.75,0.75,0.75,0.75,0.75
EAC_xix,0.75,0.75,0.75,0.75,0.75
EAC_zeta,2,2,2,2,2
EAC_eta,4.33,4.33,4.33,4.33,4.33
EAC_etai,4.33,4.33,4.33,4.33,4.33
EAC_etaj,4.33,4.33,4.33,4.33,4.33
EAC_thetan,3,3,3,3,3
EAC_thetat,6,6,6,6,6
EAC_upsilont,1.2,1.2,1.2,1.2,1.2
EAC_upsilontr,0.66666666,0.66666666,0.66666666,0.66666666,0.66666666
EADEAA_imcy,0.001788,0.001788,0.001788,0.001788,0.001788
EADEAC_imcy,0.002195,0.002195,0.002195,0.002195,0.002195
EADEAE_imcy,0.000453,0.000453,0.000453,0.000453,0.000453
EADEAF_imcy,0.014322,0.014322,0.014322,0.014322,0.014322
EADEAG_imcy,0.00047,0.00047,0.00047,0.00047,0.00047
EADEAH_imcy,0.002335,0.002335,0.002335,0.002335,0.002335
EADEAI_imcy,0.007476,0.007476,0.007476,0.007476,0.007476
EADEAJ_imcy,0.003716,0.003716,0.003716,0.003716,0.003716
EADEAK_imcy,0.005275,0.005275,0.005275,0.005275,0.005275
EADEAL_imcy,0.011605,0.011605,0.011605,0.011605,0.011605
EADRW_imcy,0.07061,0.07061,0.07061,0.07061,0.07061
EADUS_imcy,0.007576,0.007576,0.007576,0.007576,0.007576
EADEAA_imiy,0.000811,0.000811,0.000811,0.000811,0.000811
EADEAC_imiy,0.00087,0.00087,0.00087,0.00087,0.00087
EADEAE_imiy,0.000337,0.000337,0.000337,0.000337,0.000337
EADEAF_imiy,0.005975,0.005975,0.005975,0.005975,0.005975
EADEAG_imiy,7.70E-05,7.70E-05,7.70E-05,7.70E-05,7.70E-05
EADEAH_imiy,0.001416,0.001416,0.001416,0.001416,0.001416
EADEAI_imiy,0.004016,0.004016,0.004016,0.004016,0.004016
EADEAJ_imiy,0.00149,0.00149,0.00149,0.00149,0.00149
EADEAK_imiy,0.001601,0.001601,0.001601,0.001601,0.001601
EADEAL_imiy,0.008096,0.008096,0.008096,0.008096,0.008096
EADRW_imiy,0.022073,0.022073,0.022073,0.022073,0.022073
EADUS_imiy,0.002335,0.002335,0.002335,0.002335,0.002335
EADEAA_imcgy,0.000314,0.000314,0.000314,0.000314,0.000314
EADEAC_imcgy,0.000586,0.000586,0.000586,0.000586,0.000586
EADEAE_imcgy,0.000103,0.000103,0.000103,0.000103,0.000103
EADEAF_imcgy,0.002169,0.002169,0.002169,0.002169,0.002169
EADEAG_imcgy,5.80E-05,5.80E-05,5.80E-05,5.80E-05,5.80E-05
EADEAH_imcgy,0.000957,0.000957,0.000957,0.000957,0.000957
EADEAI_imcgy,0.001138,0.001138,0.001138,0.001138,0.001138
EADEAJ_imcgy,0.00062,0.00062,0.00062,0.00062,0.00062
EADEAK_imcgy,0.000581,0.000581,0.000581,0.000581,0.000581
EADEAL_imcgy,0.002174,0.002174,0.002174,0.002174,0.002174
EADRW_imcgy,0.010375,0.010375,0.010375,0.010375,0.010375
EADUS_imcgy,0.002514,0.002514,0.002514,0.002514,0.002514
EADEAA_imigy,9.00E-05,9.00E-05,9.00E-05,9.00E-05,9.00E-05
EADEAC_imigy,9.70E-05,9.70E-05,9.70E-05,9.70E-05,9.70E-05
EADEAE_imigy,3.70E-05,3.70E-05,3.70E-05,3.70E-05,3.70E-05
EADEAF_imigy,0.000664,0.000664,0.000664,0.000664,0.000664
EADEAG_imigy,9.00E-06,9.00E-06,9.00E-06,9.00E-06,9.00E-06
EADEAH_imigy,0.000157,0.000157,0.000157,0.000157,0.000157
EADEAI_imigy,0.000446,0.000446,0.000446,0.000446,0.000446
EADEAJ_imigy,0.000166,0.000166,0.000166,0.000166,0.000166
EADEAK_imigy,0.000178,0.000178,0.000178,0.000178,0.000178
EADEAL_imigy,0.0009,0.0009,0.0009,0.0009,0.0009
EADRW_imigy,0.002453,0.002453,0.002453,0.002453,0.002453
EADUS_imigy,0.000259,0.000259,0.000259,0.000259,0.000259
EAD_epsilonm,-0.75,-0.75,-0.75,-0.75,-0.75
EAD_imcy,0.128579,0.128579,0.128579,0.128579,0.128579
EAD_imiy,0.049619,0.049619,0.049619,0.049619,0.049619
EAD_imcgy,0.021722,0.021722,0.021722,0.021722,0.021722
EAD_imigy,0.005513,0.005513,0.005513,0.005513,0.005513
EAD_iy,0.2,0.2,0.2,0.2,0.2
EAD_vi,2.38,2.38,2.38,2.38,2.38
EAD_alphan,0.3,0.3,0.3,0.3,0.3
EAD_alphat,0.3,0.3,0.3,0.3,0.3
EAD_beta,0.99263754,0.99263754,0.99263754,0.99263754,0.99263754
EAD_bfytarget,-0.15,-0.15,-0.15,-0.15,-0.15
EAD_bhytarget,0,0,0,0,0
EAD_bytarget,2.4,2.4,2.4,2.4,2.4
EAD_chin,0.5,0.5,0.5,0.5,0.5
EAD_chih,0.5,0.5,0.5,0.5,0.5
EAD_chii,0.75,0.75,0.75,0.75,0.75
EAD_chij,0.75,0.75,0.75,0.75,0.75
EAD_chix,0.5,0.5,0.5,0.5,0.5
EAD_delta,0.025,0.025,0.025,0.025,0.025
EAD_gammab1,0.2,0.2,0.2,0.2,0.2
EAD_gammai1,1,1,1,1,1
EAD_gammaimc1,1,1,1,1,1
EAD_gammaimi1,1,1,1,1,1
EAD_gammaimcg1,1,1,1,1,1
EAD_gammaimig1,1,1,1,1,1
EAD_gammau2,1,1,1,1,1
EAD_kappa,0.7,0.7,0.7,0.7,0.7
EAD_muc,0.5,0.5,0.5,0.5,0.5
EAD_mumc,2.5,2.5,2.5,2.5,2.5
EAD_mutc,2.5,2.5,2.5,2.5,2.5
EAD_nuc,0.45,0.45,0.45,0.45,0.45
EAD_mui,0.5,0.5,0.5,0.5,0.5
EAD_mumi,2.5,2.5,2.5,2.5,2.5
EAD_muti,2.5,2.5,2.5,2.5,2.5
EAD_nui,0.75,0.75,0.75,0.75,0.75
EAD_mucg,0.5,0.5,0.5,0.5,0.5
EAD_mumcg,2.5,2.5,2.5,2.5,2.5
EAD_mutcg,2.5,2.5,2.5,2.5,2.5
EAD_nucg,0.8,0.8,0.8,0.8,0.8
EAD_muig,0.5,0.5,0.5,0.5,0.5
EAD_mumig,2.5,2.5,2.5,2.5,2.5
EAD_mutig,2.5,2.5,2.5,2.5,2.5
EAD_nuig,0.8,0.8,0.8,0.8,0.8
EAD_omega,0.25,0.25,0.25,0.25,0.25
EAD_phitb,0.1,0.1,0.1,0.1,0.1
EAD_pi4target,1.02,1.02,1.02,1.02,1.02
EAD_psin,0.28,0.28,0.28,0.28,0.28
EAD_rhocg,0.9,0.9,0.9,0.9,0.9
EAD_rhoig,0.9,0.9,0.9,0.9,0.9
EAD_rhorp,0.9,0.9,0.9,0.9,0.9
EAD_rhotauc,0.9,0.9,0.9,0.9,0.9
EAD_rhotaud,0.9,0.9,0.9,0.9,0.9
EAD_rhotauk,0.9,0.9,0.9,0.9,0.9
EAD_rhotaun,0.9,0.9,0.9,0.9,0.9
EAD_rhotauwf,0.9,0.9,0.9,0.9,0.9
EAD_rhotauwh,0.9,0.9,0.9,0.9,0.9
EAD_rhotr,0.9,0.9,0.9,0.9,0.9
EAD_rhowcst,0.9,0.9,0.9,0.9,0.9
EAD_rhozcon,0.9,0.9,0.9,0.9,0.9
EAD_rhozinv,0.9,0.9,0.9,0.9,0.9
EAD_rhozn,0.9,0.9,0.9,0.9,0.9
EAD_rhozt,0.9,0.9,0.9,0.9,0.9
EAD_sigma,1,1,1,1,1
EAD_size,0.016744,0.016744,0.016744,0.016744,0.016744
EAD_xin,0.92,0.92,0.92,0.92,0.92
EAD_xih,0.92,0.92,0.92,0.92,0.92
EAD_xii,0.75,0.75,0.75,0.75,0.75
EAD_xij,0.75,0.75,0.75,0.75,0.75
EAD_xix,0.75,0.75,0.75,0.75,0.75
EAD_zeta,2,2,2,2,2
EAD_eta,4.33,4.33,4.33,4.33,4.33
EAD_etai,4.33,4.33,4.33,4.33,4.33
EAD_etaj,4.33,4.33,4.33,4.33,4.33
EAD_thetan,3,3,3,3,3
EAD_thetat,6,6,6,6,6
EAD_upsilont,1.2,1.2,1.2,1.2,1.2
EAD_upsilontr,0.66666666,0.66666666,0.66666666,0.66666666,0.66666666
EAEEAA_imcy,0.008301,0.008301,0.008301,0.008301,0.008301
EAEEAB_imcy,0.0013,0.0013,0.0013,0.0013,0.0013
EAEEAD_imcy,0.003383,0.003383,0.003383,0.003383,0.003383
EAEEAF_imcy,0.005062,0.005062,0.005062,0.005062,0.005062
EAEEAG_imcy,0.000564,0.000564,0.000564,0.000564,0.000564
EAEEAH_imcy,0.00315,0.00315,0.00315,0.00315,0.00315
EAEEAI_imcy,0.003639,0.003639,0.003639,0.003639,0.003639
EAEEAJ_imcy,0.006375,0.006375,0.006375,0.006375,0.006375
EAEEAK_imcy,0.000785,0.000785,0.000785,0.000785,0.000785
EAEEAL_imcy,0.015767,0.015767,0.015767,0.015767,0.015767
EAERW_imcy,0.091289,0.091289,0.091289,0.091289,0.091289
EAEUS_imcy,0.008758,0.008758,0.008758,0.008758,0.008758
EAEEAA_imiy,0.003562,0.003562,0.003562,0.003562,0.003562
EAEEAB_imiy,0.000949,0.000949,0.000949,0.000949,0.000949
EAEEAD_imiy,0.001061,0.001061,0.001061,0.001061,0.001061
EAEEAF_imiy,0.002436,0.002436,0.002436,0.002436,0.002436
EAEEAG_imiy,6.70E-05,6.70E-05,6.70E-05,6.70E-05,6.70E-05
EAEEAH_imiy,0.00219,0.00219,0.00219,0.00219,0.00219
EAEEAI_imiy,0.002458,0.002458,0.002458,0.002458,0.002458
EAEEAJ_imiy,0.002529,0.002529,0.002529,0.002529,0.002529
EAEEAK_imiy,0.000257,0.000257,0.000257,0.000257,0.000257
EAEEAL_imiy,0.010756,0.010756,0.010756,0.010756,0.010756
EAERW_imiy,0.041107,0.041107,0.041107,0.041107,0.041107
EAEUS_imiy,0.00511,0.00511,0.00511,0.00511,0.00511
EAEEAA_imcgy,0.001537,0.001537,0.001537,0.001537,0.001537
EAEEAB_imcgy,0.000372,0.000372,0.000372,0.000372,0.000372
EAEEAD_imcgy,0.000536,0.000536,0.000536,0.000536,0.000536
EAEEAF_imcgy,0.001173,0.001173,0.001173,0.001173,0.001173
EAEEAG_imcgy,4.80E-05,4.80E-05,4.80E-05,4.80E-05,4.80E-05
EAEEAH_imcgy,0.001469,0.001469,0.001469,0.001469,0.001469
EAEEAI_imcgy,0.000783,0.000783,0.000783,0.000783,0.000783
EAEEAJ_imcgy,0.001507,0.001507,0.001507,0.001507,0.001507
EAEEAK_imcgy,0.000139,0.000139,0.000139,0.000139,0.000139
EAEEAL_imcgy,0.003645,0.003645,0.003645,0.003645,0.003645
EAERW_imcgy,0.021907,0.021907,0.021907,0.021907,0.021907
EAEUS_imcgy,0.003025,0.003025,0.003025,0.003025,0.003025
EAEEAA_imigy,0.000396,0.000396,0.000396,0.000396,0.000396
EAEEAB_imigy,0.000105,0.000105,0.000105,0.000105,0.000105
EAEEAD_imigy,0.000118,0.000118,0.000118,0.000118,0.000118
EAEEAF_imigy,0.000271,0.000271,0.000271,0.000271,0.000271
EAEEAG_imigy,7.00E-06,7.00E-06,7.00E-06,7.00E-06,7.00E-06
EAEEAH_imigy,0.000243,0.000243,0.000243,0.000243,0.000243
EAEEAI_imigy,0.000273,0.000273,0.000273,0.000273,0.000273
EAEEAJ_imigy,0.000281,0.000281,0.000281,0.000281,0.000281
EAEEAK_imigy,2.90E-05,2.90E-05,2.90E-05,2.90E-05,2.90E-05
EAEEAL_imigy,0.001195,0.001195,0.001195,0.001195,0.001195
EAERW_imigy,0.004567,0.004567,0.004567,0.004567,0.004567
EAEUS_imigy,0.000568,0.000568,0.000568,0.000568,0.000568
EAE_epsilonm,-0.75,-0.75,-0.75,-0.75,-0.75
EAE_imcy,0.151172,0.151172,0.151172,0.151172,0.151172
EAE_imiy,0.073951,0.073951,0.073951,0.073951,0.073951
EAE_imcgy,0.037008,0.037008,0.037008,0.037008,0.037008
EAE_imigy,0.008217,0.008217,0.008217,0.008217,0.008217
EAE_iy,0.2,0.2,0.2,0.2,0.2
EAE_vi,2.38,2.38,2.38,2.38,2.38
EAE_alphan,0.3,0.3,0.3,0.3,0.3
EAE_alphat,0.3,0.3,0.3,0.3,0.3
EAE_beta,0.99263754,0.99263754,0.99263754,0.99263754,0.99263754
EAE_bfytarget,-0.15,-0.15,-0.15,-0.15,-0.15
EAE_bhytarget,0,0,0,0,0
EAE_bytarget,2.4,2.4,2.4,2.4,2.4
EAE_chin,0.5,0.5,0.5,0.5,0.5
EAE_chih,0.5,0.5,0.5,0.5,0.5
EAE_chii,0.75,0.75,0.75,0.75,0.75
EAE_chij,0.75,0.75,0.75,0.75,0.75
EAE_chix,0.5,0.5,0.5,0.5,0.5
EAE_delta,0.025,0.025,0.025,0.025,0.025
EAE_gammab1,0.2,0.2,0.2,0.2,0.2
EAE_gammai1,1,1,1,1,1
EAE_gammaimc1,1,1,1,1,1
EAE_gammaimi1,1,1,1,1,1
EAE_gammaimcg1,1,1,1,1,1
EAE_gammaimig1,1,1,1,1,1
EAE_gammau2,1,1,1,1,1
EAE_kappa,0.7,0.7,0.7,0.7,0.7
EAE_muc,0.5,0.5,0.5,0.5,0.5
EAE_mumc,2.5,2.5,2.5,2.5,2.5
EAE_mutc,2.5,2.5,2.5,2.5,2.5
EAE_nuc,0.45,0.45,0.45,0.45,0.45
EAE_mui,0.5,0.5,0.5,0.5,0.5
EAE_mumi,2.5,2.5,2.5,2.5,2.5
EAE_muti,2.5,2.5,2.5,2.5,2.5
EAE_nui,0.75,0.75,0.75,0.75,0.75
EAE_mucg,0.5,0.5,0.5,0.5,0.5
EAE_mumcg,2.5,2.5,2.5,2.5,2.5
EAE_mutcg,2.5,2.5,2.5,2.5,2.5
EAE_nucg,0.8,0.8,0.8,0.8,0.8
EAE_muig,0.5,0.5,0.5,0.5,0.5
EAE_mumig,2.5,2.5,2.5,2.5,2.5
EAE_mutig,2.5,2.5,2.5,2.5,2.5
EAE_nuig,0.8,0.8,0.8,0.8,0.8
EAE_omega,0.25,0.25,0.25,0.25,0.25
EAE_phitb,0.1,0.1,0.1,0.1,0.1
EAE_pi4target,1.02,1.02,1.02,1.02,1.02
EAE_psin,0.28,0.28,0.28,0.28,0.28
EAE_rhocg,0.9,0.9,0.9,0.9,0.9
EAE_rhoig,0.9,0.9,0.9,0.9,0.9
EAE_rhorp,0.9,0.9,0.9,0.9,0.9
EAE_rhotauc,0.9,0.9,0.9,0.9,0.9
EAE_rhotaud,0.9,0.9,0.9,0.9,0.9
EAE_rhotauk,0.9,0.9,0.9,0.9,0.9
EAE_rhotaun,0.9,0.9,0.9,0.9,0.9
EAE_rhotauwf,0.9,0.9,0.9,0.9,0.9
EAE_rhotauwh,0.9,0.9,0.9,0.9,0.9
EAE_rhotr,0.9,0.9,0.9,0.9,0.9
EAE_rhowcst,0.9,0.9,0.9,0.9,0.9
EAE_rhozcon,0.9,0.9,0.9,0.9,0.9
EAE_rhozinv,0.9,0.9,0.9,0.9,0.9
EAE_rhozn,0.9,0.9,0.9,0.9,0.9
EAE_rhozt,0.9,0.9,0.9,0.9,0.9
EAE_sigma,1,1,1,1,1
EAE_size,0.003103,0.003103,0.003103,0.003103,0.003103
EAE_xin,0.92,0.92,0.92,0.92,0.92
EAE_xih,0.92,0.92,0.92,0.92,0.92
EAE_xii,0.75,0.75,0.75,0.75,0.75
EAE_xij,0.75,0.75,0.75,0.75,0.75
EAE_xix,0.75,0.75,0.75,0.75,0.75
EAE_zeta,2,2,2,2,2
EAE_eta,4.33,4.33,4.33,4.33,4.33
EAE_etai,4.33,4.33,4.33,4.33,4.33
EAE_etaj,4.33,4.33,4.33,4.33,4.33
EAE_thetan,3,3,3,3,3
EAE_thetat,6,6,6,6,6
EAE_upsilont,1.2,1.2,1.2,1.2,1.2
EAE_upsilontr,0.66666666,0.66666666,0.66666666,0.66666666,0.66666666
EAFEAA_imcy,0.00333,0.00333,0.00333,0.00333,0.00333
EAFEAB_imcy,0.001228,0.001228,0.001228,0.001228,0.001228
EAFEAC_imcy,0.00732,0.00732,0.00732,0.00732,0.00732
EAFEAE_imcy,0.000479,0.000479,0.000479,0.000479,0.000479
EAFEAG_imcy,0.000519,0.000519,0.000519,0.000519,0.000519
EAFEAH_imcy,0.002479,0.002479,0.002479,0.002479,0.002479
EAFEAI_imcy,0.010322,0.010322,0.010322,0.010322,0.010322
EAFEAJ_imcy,0.005443,0.005443,0.005443,0.005443,0.005443
EAFEAK_imcy,0.002002,0.002002,0.002002,0.002002,0.002002
EAFEAL_imcy,0.01769,0.01769,0.01769,0.01769,0.01769
EAFRW_imcy,0.070375,0.070375,0.070375,0.070375,0.070375
EAFUS_imcy,0.008764,0.008764,0.008764,0.008764,0.008764
EAFEAA_imiy,0.001229,0.001229,0.001229,0.001229,0.001229
EAFEAB_imiy,0.00065,0.00065,0.00065,0.00065,0.00065
EAFEAC_imiy,0.00289,0.00289,0.00289,0.00289,0.00289
EAFEAE_imiy,0.000325,0.000325,0.000325,0.000325,0.000325
EAFEAG_imiy,6.10E-05,6.10E-05,6.10E-05,6.10E-05,6.10E-05
EAFEAH_imiy,0.001392,0.001392,0.001392,0.001392,0.001392
EAFEAI_imiy,0.004168,0.004168,0.004168,0.004168,0.004168
EAFEAJ_imiy,0.001781,0.001781,0.001781,0.001781,0.001781
EAFEAK_imiy,0.000543,0.000543,0.000543,0.000543,0.000543
EAFEAL_imiy,0.009444,0.009444,0.009444,0.009444,0.009444
EAFRW_imiy,0.022955,0.022955,0.022955,0.022955,0.022955
EAFUS_imiy,0.00421,0.00421,0.00421,0.00421,0.00421
EAFEAA_imcgy,0.000387,0.000387,0.000387,0.000387,0.000387
EAFEAB_imcgy,0.000237,0.000237,0.000237,0.000237,0.000237
EAFEAC_imcgy,0.001314,0.001314,0.001314,0.001314,0.001314
EAFEAE_imcgy,9.60E-05,9.60E-05,9.60E-05,9.60E-05,9.60E-05
EAFEAG_imcgy,4.50E-05,4.50E-05,4.50E-05,4.50E-05,4.50E-05
EAFEAH_imcgy,0.000919,0.000919,0.000919,0.000919,0.000919
EAFEAI_imcgy,0.001331,0.001331,0.001331,0.001331,0.001331
EAFEAJ_imcgy,0.000824,0.000824,0.000824,0.000824,0.000824
EAFEAK_imcgy,0.000184,0.000184,0.000184,0.000184,0.000184
EAFEAL_imcgy,0.002905,0.002905,0.002905,0.002905,0.002905
EAFRW_imcgy,0.010487,0.010487,0.010487,0.010487,0.010487
EAFUS_imcgy,0.00246,0.00246,0.00246,0.00246,0.00246
EAFEAA_imigy,0.000137,0.000137,0.000137,0.000137,0.000137
EAFEAB_imigy,7.20E-05,7.20E-05,7.20E-05,7.20E-05,7.20E-05
EAFEAC_imigy,0.000321,0.000321,0.000321,0.000321,0.000321
EAFEAE_imigy,3.60E-05,3.60E-05,3.60E-05,3.60E-05,3.60E-05
EAFEAG_imigy,7.00E-06,7.00E-06,7.00E-06,7.00E-06,7.00E-06
EAFEAH_imigy,0.000155,0.000155,0.000155,0.000155,0.000155
EAFEAI_imigy,0.000463,0.000463,0.000463,0.000463,0.000463
EAFEAJ_imigy,0.000198,0.000198,0.000198,0.000198,0.000198
EAFEAK_imigy,6.00E-05,6.00E-05,6.00E-05,6.00E-05,6.00E-05
EAFEAL_imigy,0.001049,0.001049,0.001049,0.001049,0.001049
EAFRW_imigy,0.002551,0.002551,0.002551,0.002551,0.002551
EAFUS_imigy,0.000468,0.000468,0.000468,0.000468,0.000468
EAF_epsilonm,-0.75,-0.75,-0.75,-0.75,-0.75
EAF_imcy,0.141443,0.141443,0.141443,0.141443,0.141443
EAF_imiy,0.053239,0.053239,0.053239,0.053239,0.053239
EAF_imcgy,0.022457,0.022457,0.022457,0.022457,0.022457
EAF_imigy,0.005915,0.005915,0.005915,0.005915,0.005915
EAF_iy,0.2,0.2,0.2,0.2,0.2
EAF_vi,2.38,2.38,2.38,2.38,2.38
EAF_alphan,0.3,0.3,0.3,0.3,0.3
EAF_alphat,0.3,0.3,0.3,0.3,0.3
EAF_beta,0.99263754,0.99263754,0.99263754,0.99263754,0.99263754
EAF_bfytarget,-0.15,-0.15,-0.15,-0.15,-0.15
EAF_bhytarget,0,0,0,0,0
EAF_bytarget,2.4,2.4,2.4,2.4,2.4
EAF_chin,0.5,0.5,0.5,0.5,0.5
EAF_chih,0.5,0.5,0.5,0.5,0.5
EAF_chii,0.75,0.75,0.75,0.75,0.75
EAF_chij,0.75,0.75,0.75,0.75,0.75
EAF_chix,0.5,0.5,0.5,0.5,0.5
EAF_delta,0.025,0.025,0.025,0.025,0.025
EAF_gammab1,0.2,0.2,0.2,0.2,0.2
EAF_gammai1,1,1,1,1,1
EAF_gammaimc1,1,1,1,1,1
EAF_gammaimi1,1,1,1,1,1
EAF_gammaimcg1,1,1,1,1,1
EAF_gammaimig1,1,1,1,1,1
EAF_gammau2,1,1,1,1,1
EAF_kappa,0.7,0.7,0.7,0.7,0.7
EAF_muc,0.5,0.5,0.5,0.5,0.5
EAF_mumc,2.5,2.5,2.5,2.5,2.5
EAF_mutc,2.5,2.5,2.5,2.5,2.5
EAF_nuc,0.45,0.45,0.45,0.45,0.45
EAF_mui,0.5,0.5,0.5,0.5,0.5
EAF_mumi,2.5,2.5,2.5,2.5,2.5
EAF_muti,2.5,2.5,2.5,2.5,2.5
EAF_nui,0.75,0.75,0.75,0.75,0.75
EAF_mucg,0.5,0.5,0.5,0.5,0.5
EAF_mumcg,2.5,2.5,2.5,2.5,2.5
EAF_mutcg,2.5,2.5,2.5,2.5,2.5
EAF_nucg,0.8,0.8,0.8,0.8,0.8
EAF_muig,0.5,0.5,0.5,0.5,0.5
EAF_mumig,2.5,2.5,2.5,2.5,2.5
EAF_mutig,2.5,2.5,2.5,2.5,2.5
EAF_nuig,0.8,0.8,0.8,0.8,0.8
EAF_omega,0.25,0.25,0.25,0.25,0.25
EAF_phitb,0.1,0.1,0.1,0.1,0.1
EAF_pi4target,1.02,1.02,1.02,1.02,1.02
EAF_psin,0.28,0.28,0.28,0.28,0.28
EAF_rhocg,0.9,0.9,0.9,0.9,0.9
EAF_rhoig,0.9,0.9,0.9,0.9,0.9
EAF_rhorp,0.9,0.9,0.9,0.9,0.9
EAF_rhotauc,0.9,0.9,0.9,0.9,0.9
EAF_rhotaud,0.9,0.9,0.9,0.9,0.9
EAF_rhotauk,0.9,0.9,0.9,0.9,0.9
EAF_rhotaun,0.9,0.9,0.9,0.9,0.9
EAF_rhotauwf,0.9,0.9,0.9,0.9,0.9
EAF_rhotauwh,0.9,0.9,0.9,0.9,0.9
EAF_rhotr,0.9,0.9,0.9,0.9,0.9
EAF_rhowcst,0.9,0.9,0.9,0.9,0.9
EAF_rhozcon,0.9,0.9,0.9,0.9,0.9
EAF_rhozinv,0.9,0.9,0.9,0.9,0.9
EAF_rhozn,0.9,0.9,0.9,0.9,0.9
EAF_rhozt,0.9,0.9,0.9,0.9,0.9
EAF_sigma,1,1,1,1,1
EAF_size,0.033586,0.033586,0.033586,0.033586,0.033586
EAF_xin,0.92,0.92,0.92,0.92,0.92
EAF_xih,0.92,0.92,0.92,0.92,0.92
EAF_xii,0.75,0.75,0.75,0.75,0.75
EAF_xij,0.75,0.75,0.75,0.75,0.75
EAF_xix,0.75,0.75,0.75,0.75,0.75
EAF_zeta,2,2,2,2,2
EAF_eta,4.33,4.33,4.33,4.33,4.33
EAF_etai,4.33,4.33,4.33,4.33,4.33
EAF_etaj,4.33,4.33,4.33,4.33,4.33
EAF_thetan,3,3,3,3,3
EAF_thetat,6,6,6,6,6
EAF_upsilont,1.2,1.2,1.2,1.2,1.2
EAF_upsilontr,0.66666666,0.66666666,0.66666666,0.66666666,0.66666666
EAGEAA_imcy,0.002038,0.002038,0.002038,0.002038,0.002038
EAGEAB_imcy,0.002056,0.002056,0.002056,0.002056,0.002056
EAGEAC_imcy,0.003708,0.003708,0.003708,0.003708,0.003708
EAGEAD_imcy,0.006153,0.006153,0.006153,0.006153,0.006153
EAGEAF_imcy,0.008884,0.008884,0.008884,0.008884,0.008884
EAGEAH_imcy,0.001799,0.001799,0.001799,0.001799,0.001799
EAGEAI_imcy,0.014735,0.014735,0.014735,0.014735,0.014735
EAGEAJ_imcy,0.006531,0.006531,0.006531,0.006531,0.006531
EAGEAK_imcy,0.000703,0.000703,0.000703,0.000703,0.000703
EAGEAL_imcy,0.017129,0.017129,0.017129,0.017129,0.017129
EAGRW_imcy,0.107121,0.107121,0.107121,0.107121,0.107121
EAGUS_imcy,0.008285,0.008285,0.008285,0.008285,0.008285
EAGEAA_imiy,0.000443,0.000443,0.000443,0.000443,0.000443
EAGEAB_imiy,0.000626,0.000626,0.000626,0.000626,0.000626
EAGEAC_imiy,0.000674,0.000674,0.000674,0.000674,0.000674
EAGEAD_imiy,0.000884,0.000884,0.000884,0.000884,0.000884
EAGEAF_imiy,0.002613,0.002613,0.002613,0.002613,0.002613
EAGEAH_imiy,0.000308,0.000308,0.000308,0.000308,0.000308
EAGEAI_imiy,0.004796,0.004796,0.004796,0.004796,0.004796
EAGEAJ_imiy,0.001209,0.001209,0.001209,0.001209,0.001209
EAGEAK_imiy,9.80E-05,9.80E-05,9.80E-05,9.80E-05,9.80E-05
EAGEAL_imiy,0.004209,0.004209,0.004209,0.004209,0.004209
EAGRW_imiy,0.019434,0.019434,0.019434,0.019434,0.019434
EAGUS_imiy,0.002038,0.002038,0.002038,0.002038,0.002038
EAGEAA_imcgy,0.000319,0.000319,0.000319,0.000319,0.000319
EAGEAB_imcgy,0.000269,0.000269,0.000269,0.000269,0.000269
EAGEAC_imcgy,0.000959,0.000959,0.000959,0.000959,0.000959
EAGEAD_imcgy,0.000835,0.000835,0.000835,0.000835,0.000835
EAGEAF_imcgy,0.001709,0.001709,0.001709,0.001709,0.001709
EAGEAH_imcgy,0.000845,0.000845,0.000845,0.000845,0.000845
EAGEAI_imcgy,0.001927,0.001927,0.001927,0.001927,0.001927
EAGEAJ_imcgy,0.000724,0.000724,0.000724,0.000724,0.000724
EAGEAK_imcgy,7.80E-05,7.80E-05,7.80E-05,7.80E-05,7.80E-05
EAGEAL_imcgy,0.003195,0.003195,0.003195,0.003195,0.003195
EAGRW_imcgy,0.013922,0.013922,0.013922,0.013922,0.013922
EAGUS_imcgy,0.001095,0.001095,0.001095,0.001095,0.001095
EAGEAA_imigy,4.90E-05,4.90E-05,4.90E-05,4.90E-05,4.90E-05
EAGEAB_imigy,7.00E-05,7.00E-05,7.00E-05,7.00E-05,7.00E-05
EAGEAC_imigy,7.50E-05,7.50E-05,7.50E-05,7.50E-05,7.50E-05
EAGEAD_imigy,9.80E-05,9.80E-05,9.80E-05,9.80E-05,9.80E-05
EAGEAF_imigy,0.00029,0.00029,0.00029,0.00029,0.00029
EAGEAH_imigy,3.40E-05,3.40E-05,3.40E-05,3.40E-05,3.40E-05
EAGEAI_imigy,0.000533,0.000533,0.000533,0.000533,0.000533
EAGEAJ_imigy,0.000134,0.000134,0.000134,0.000134,0.000134
EAGEAK_imigy,1.10E-05,1.10E-05,1.10E-05,1.10E-05,1.10E-05
EAGEAL_imigy,0.000468,0.000468,0.000468,0.000468,0.000468
EAGRW_imigy,0.002159,0.002159,0.002159,0.002159,0.002159
EAGUS_imigy,0.000226,0.000226,0.000226,0.000226,0.000226
EAG_epsilonm,-0.75,-0.75,-0.75,-0.75,-0.75
EAG_imcy,0.179664,0.179664,0.179664,0.179664,0.179664
EAG_imiy,0.037472,0.037472,0.037472,0.037472,0.037472
EAG_imcgy,0.025934,0.025934,0.025934,0.025934,0.025934
EAG_imigy,0.004164,0.004164,0.004164,0.004164,0.004164
EAG_iy,0.2,0.2,0.2,0.2,0.2
EAG_vi,2.38,2.38,2.38,2.38,2.38
EAG_alphan,0.3,0.3,0.3,0.3,0.3
EAG_alphat,0.3,0.3,0.3,0.3,0.3
EAG_beta,0.99263754,0.99263754,0.99263754,0.99263754,0.99263754
EAG_bfytarget,-0.15,-0.15,-0.15,-0.15,-0.15
EAG_bhytarget,0,0,0,0,0
EAG_bytarget,2.4,2.4,2.4,2.4,2.4
EAG_chin,0.5,0.5,0.5,0.5,0.5
EAG_chih,0.5,0.5,0.5,0.5,0.5
EAG_chii,0.75,0.75,0.75,0.75,0.75
EAG_chij,0.75,0.75,0.75,0.75,0.75
EAG_chix,0.5,0.5,0.5,0.5,0.5
EAG_delta,0.025,0.025,0.025,0.025,0.025
EAG_gammab1,0.2,0.2,0.2,0.2,0.2
EAG_gammai1,1,1,1,1,1
EAG_gammaimc1,1,1,1,1,1
EAG_gammaimi1,1,1,1,1,1
EAG_gammaimcg1,1,1,1,1,1
EAG_gammaimig1,1,1,1,1,1
EAG_gammau2,1,1,1,1,1
EAG_kappa,0.7,0.7,0.7,0.7,0.7
EAG_muc,0.5,0.5,0.5,0.5,0.5
EAG_mumc,2.5,2.5,2.5,2.5,2.5
EAG_mutc,2.5,2.5,2.5,2.5,2.5
EAG_nuc,0.45,0.45,0.45,0.45,0.45
EAG_mui,0.5,0.5,0.5,0.5,0.5
EAG_mumi,2.5,2.5,2.5,2.5,2.5
EAG_muti,2.5,2.5,2.5,2.5,2.5
EAG_nui,0.75,0.75,0.75,0.75,0.75
EAG_mucg,0.5,0.5,0.5,0.5,0.5
EAG_mumcg,2.5,2.5,2.5,2.5,2.5
EAG_mutcg,2.5,2.5,2.5,2.5,2.5
EAG_nucg,0.8,0.8,0.8,0.8,0.8
EAG_muig,0.5,0.5,0.5,0.5,0.5
EAG_mumig,2.5,2.5,2.5,2.5,2.5
EAG_mutig,2.5,2.5,2.5,2.5,2.5
EAG_nuig,0.8,0.8,0.8,0.8,0.8
EAG_omega,0.25,0.25,0.25,0.25,0.25
EAG_phitb,0.1,0.1,0.1,0.1,0.1
EAG_pi4target,1.02,1.02,1.02,1.02,1.02
EAG_psin,0.28,0.28,0.28,0.28,0.28
EAG_rhocg,0.9,0.9,0.9,0.9,0.9
EAG_rhoig,0.9,0.9,0.9,0.9,0.9
EAG_rhorp,0.9,0.9,0.9,0.9,0.9
EAG_rhotauc,0.9,0.9,0.9,0.9,0.9
EAG_rhotaud,0.9,0.9,0.9,0.9,0.9
EAG_rhotauk,0.9,0.9,0.9,0.9,0.9
EAG_rhotaun,0.9,0.9,0.9,0.9,0.9
EAG_rhotauwf,0.9,0.9,0.9,0.9,0.9
EAG_rhotauwh,0.9,0.9,0.9,0.9,0.9
EAG_rhotr,0.9,0.9,0.9,0.9,0.9
EAG_rhowcst,0.9,0.9,0.9,0.9,0.9
EAG_rhozcon,0.9,0.9,0.9,0.9,0.9
EAG_rhozinv,0.9,0.9,0.9,0.9,0.9
EAG_rhozn,0.9,0.9,0.9,0.9,0.9
EAG_rhozt,0.9,0.9,0.9,0.9,0.9
EAG_sigma,1,1,1,1,1
EAG_size,0.002762,0.002762,0.002762,0.002762,0.002762
EAG_xin,0.92,0.92,0.92,0.92,0.92
EAG_xih,0.92,0.92,0.92,0.92,0.92
EAG_xii,0.75,0.75,0.75,0.75,0.75
EAG_xij,0.75,0.75,0.75,0.75,0.75
EAG_xix,0.75,0.75,0.75,0.75,0.75
EAG_zeta,2,2,2,2,2
EAG_eta,4.33,4.33,4.33,4.33,4.33
EAG_etai,4.33,4.33,4.33,4.33,4.33
EAG_etaj,4.33,4.33,4.33,4.33,4.33
EAG_thetan,3,3,3,3,3
EAG_thetat,6,6,6,6,6
EAG_upsilont,1.2,1.2,1.2,1.2,1.2
EAG_upsilontr,0.66666666,0.66666666,0.66666666,0.66666666,0.66666666
EAHEAA_imcy,0.006119,0.006119,0.006119,0.006119,0.006119
EAHEAB_imcy,0.0007,0.0007,0.0007,0.0007,0.0007
EAHEAC_imcy,0.003202,0.003202,0.003202,0.003202,0.003202
EAHEAD_imcy,0.005629,0.005629,0.005629,0.005629,0.005629
EAHEAE_imcy,0.000594,0.000594,0.000594,0.000594,0.000594
EAHEAG_imcy,0.000243,0.000243,0.000243,0.000243,0.000243
EAHEAI_imcy,0.004812,0.004812,0.004812,0.004812,0.004812
EAHEAJ_imcy,0.007026,0.007026,0.007026,0.007026,0.007026
EAHEAK_imcy,0.001375,0.001375,0.001375,0.001375,0.001375
EAHEAL_imcy,0.009608,0.009608,0.009608,0.009608,0.009608
EAHRW_imcy,0.069943,0.069943,0.069943,0.069943,0.069943
EAHUS_imcy,0.031186,0.031186,0.031186,0.031186,0.031186
EAHEAA_imiy,0.002258,0.002258,0.002258,0.002258,0.002258
EAHEAB_imiy,0.000621,0.000621,0.000621,0.000621,0.000621
EAHEAC_imiy,0.003863,0.003863,0.003863,0.003863,0.003863
EAHEAD_imiy,0.001947,0.001947,0.001947,0.001947,0.001947
EAHEAE_imiy,0.000886,0.000886,0.000886,0.000886,0.000886
EAHEAG_imiy,9.20E-05,9.20E-05,9.20E-05,9.20E-05,9.20E-05
EAHEAI_imiy,0.003687,0.003687,0.003687,0.003687,0.003687
EAHEAJ_imiy,0.005555,0.005555,0.005555,0.005555,0.005555
EAHEAK_imiy,0.000351,0.000351,0.000351,0.000351,0.000351
EAHEAL_imiy,0.011069,0.011069,0.011069,0.011069,0.011069
EAHRW_imiy,0.051595,0.051595,0.051595,0.051595,0.051595
EAHUS_imiy,0.04219,0.04219,0.04219,0.04219,0.04219
EAHEAA_imcgy,0.000875,0.000875,0.000875,0.000875,0.000875
EAHEAB_imcgy,0.000122,0.000122,0.000122,0.000122,0.000122
EAHEAC_imcgy,0.00088,0.00088,0.00088,0.00088,0.00088
EAHEAD_imcgy,0.000814,0.000814,0.000814,0.000814,0.000814
EAHEAE_imcgy,0.000138,0.000138,0.000138,0.000138,0.000138
EAHEAG_imcgy,3.20E-05,3.20E-05,3.20E-05,3.20E-05,3.20E-05
EAHEAI_imcgy,0.000976,0.000976,0.000976,0.000976,0.000976
EAHEAJ_imcgy,0.001655,0.001655,0.001655,0.001655,0.001655
EAHEAK_imcgy,0.000137,0.000137,0.000137,0.000137,0.000137
EAHEAL_imcgy,0.001974,0.001974,0.001974,0.001974,0.001974
EAHRW_imcgy,0.011456,0.011456,0.011456,0.011456,0.011456
EAHUS_imcgy,0.007128,0.007128,0.007128,0.007128,0.007128
EAHEAA_imigy,0.000251,0.000251,0.000251,0.000251,0.000251
EAHEAB_imigy,6.90E-05,6.90E-05,6.90E-05,6.90E-05,6.90E-05
EAHEAC_imigy,0.000429,0.000429,0.000429,0.000429,0.000429
EAHEAD_imigy,0.000216,0.000216,0.000216,0.000216,0.000216
EAHEAE_imigy,9.80E-05,9.80E-05,9.80E-05,9.80E-05,9.80E-05
EAHEAG_imigy,1.00E-05,1.00E-05,1.00E-05,1.00E-05,1.00E-05
EAHEAI_imigy,0.00041,0.00041,0.00041,0.00041,0.00041
EAHEAJ_imigy,0.000617,0.000617,0.000617,0.000617,0.000617
EAHEAK_imigy,3.90E-05,3.90E-05,3.90E-05,3.90E-05,3.90E-05
EAHEAL_imigy,0.00123,0.00123,0.00123,0.00123,0.00123
EAHRW_imigy,0.005733,0.005733,0.005733,0.005733,0.005733
EAHUS_imigy,0.004688,0.004688,0.004688,0.004688,0.004688
EAH_epsilonm,-0.75,-0.75,-0.75,-0.75,-0.75
EAH_imcy,0.149877,0.149877,0.149877,0.149877,0.149877
EAH_imiy,0.139133,0.139133,0.139133,0.139133,0.139133
EAH_imcgy,0.027649,0.027649,0.027649,0.027649,0.027649
EAH_imigy,0.015459,0.015459,0.015459,0.015459,0.015459
EAH_iy,0.2,0.2,0.2,0.2,0.2
EAH_vi,2.38,2.38,2.38,2.38,2.38
EAH_alphan,0.3,0.3,0.3,0.3,0.3
EAH_alphat,0.3,0.3,0.3,0.3,0.3
EAH_beta,0.99263754,0.99263754,0.99263754,0.99263754,0.99263754
EAH_bfytarget,-0.15,-0.15,-0.15,-0.15,-0.15
EAH_bhytarget,0,0,0,0,0
EAH_bytarget,2.4,2.4,2.4,2.4,2.4
EAH_chin,0.5,0.5,0.5,0.5,0.5
EAH_chih,0.5,0.5,0.5,0.5,0.5
EAH_chii,0.75,0.75,0.75,0.75,0.75
EAH_chij,0.75,0.75,0.75,0.75,0.75
EAH_chix,0.5,0.5,0.5,0.5,0.5
EAH_delta,0.025,0.025,0.025,0.025,0.025
EAH_gammab1,0.2,0.2,0.2,0.2,0.2
EAH_gammai1,1,1,1,1,1
EAH_gammaimc1,1,1,1,1,1
EAH_gammaimi1,1,1,1,1,1
EAH_gammaimcg1,1,1,1,1,1
EAH_gammaimig1,1,1,1,1,1
EAH_gammau2,1,1,1,1,1
EAH_kappa,0.7,0.7,0.7,0.7,0.7
EAH_muc,0.5,0.5,0.5,0.5,0.5
EAH_mumc,2.5,2.5,2.5,2.5,2.5
EAH_mutc,2.5,2.5,2.5,2.5,2.5
EAH_nuc,0.45,0.45,0.45,0.45,0.45
EAH_mui,0.5,0.5,0.5,0.5,0.5
EAH_mumi,2.5,2.5,2.5,2.5,2.5
EAH_muti,2.5,2.5,2.5,2.5,2.5
EAH_nui,0.75,0.75,0.75,0.75,0.75
EAH_mucg,0.5,0.5,0.5,0.5,0.5
EAH_mumcg,2.5,2.5,2.5,2.5,2.5
EAH_mutcg,2.5,2.5,2.5,2.5,2.5
EAH_nucg,0.8,0.8,0.8,0.8,0.8
EAH_muig,0.5,0.5,0.5,0.5,0.5
EAH_mumig,2.5,2.5,2.5,2.5,2.5
EAH_mutig,2.5,2.5,2.5,2.5,2.5
EAH_nuig,0.8,0.8,0.8,0.8,0.8
EAH_omega,0.25,0.25,0.25,0.25,0.25
EAH_phitb,0.1,0.1,0.1,0.1,0.1
EAH_pi4target,1.02,1.02,1.02,1.02,1.02
EAH_psin,0.28,0.28,0.28,0.28,0.28
EAH_rhocg,0.9,0.9,0.9,0.9,0.9
EAH_rhoig,0.9,0.9,0.9,0.9,0.9
EAH_rhorp,0.9,0.9,0.9,0.9,0.9
EAH_rhotauc,0.9,0.9,0.9,0.9,0.9
EAH_rhotaud,0.9,0.9,0.9,0.9,0.9
EAH_rhotauk,0.9,0.9,0.9,0.9,0.9
EAH_rhotaun,0.9,0.9,0.9,0.9,0.9
EAH_rhotauwf,0.9,0.9,0.9,0.9,0.9
EAH_rhotauwh,0.9,0.9,0.9,0.9,0.9
EAH_rhotr,0.9,0.9,0.9,0.9,0.9
EAH_rhowcst,0.9,0.9,0.9,0.9,0.9
EAH_rhozcon,0.9,0.9,0.9,0.9,0.9
EAH_rhozinv,0.9,0.9,0.9,0.9,0.9
EAH_rhozn,0.9,0.9,0.9,0.9,0.9
EAH_rhozt,0.9,0.9,0.9,0.9,0.9
EAH_sigma,1,1,1,1,1
EAH_size,0.003952,0.003952,0.003952,0.003952,0.003952
EAH_xin,0.92,0.92,0.92,0.92,0.92
EAH_xih,0.92,0.92,0.92,0.92,0.92
EAH_xii,0.75,0.75,0.75,0.75,0.75
EAH_xij,0.75,0.75,0.75,0.75,0.75
EAH_xix,0.75,0.75,0.75,0.75,0.75
EAH_zeta,2,2,2,2,2
EAH_eta,4.33,4.33,4.33,4.33,4.33
EAH_etai,4.33,4.33,4.33,4.33,4.33
EAH_etaj,4.33,4.33,4.33,4.33,4.33
EAH_thetan,3,3,3,3,3
EAH_thetat,6,6,6,6,6
EAH_upsilont,1.2,1.2,1.2,1.2,1.2
EAH_upsilontr,0.66666666,0.66666666,0.66666666,0.66666666,0.66666666
EAIEAA_imcy,0.006069,0.006069,0.006069,0.006069,0.006069
EAIEAB_imcy,0.003136,0.003136,0.003136,0.003136,0.003136
EAIEAC_imcy,0.00347,0.00347,0.00347,0.00347,0.00347
EAIEAD_imcy,0.007536,0.007536,0.007536,0.007536,0.007536
EAIEAE_imcy,0.00039,0.00039,0.00039,0.00039,0.00039
EAIEAF_imcy,0.012836,0.012836,0.012836,0.012836,0.012836
EAIEAH_imcy,0.003606,0.003606,0.003606,0.003606,0.003606
EAIEAJ_imcy,0.004765,0.004765,0.004765,0.004765,0.004765
EAIEAK_imcy,0.00075,0.00075,0.00075,0.00075,0.00075
EAIEAL_imcy,0.01649,0.01649,0.01649,0.01649,0.01649
EAIRW_imcy,0.072374,0.072374,0.072374,0.072374,0.072374
EAIUS_imcy,0.005885,0.005885,0.005885,0.005885,0.005885
EAIEAA_imiy,0.001672,0.001672,0.001672,0.001672,0.001672
EAIEAB_imiy,0.001138,0.001138,0.001138,0.001138,0.001138
EAIEAC_imiy,0.001047,0.001047,0.001047,0.001047,0.001047
EAIEAD_imiy,0.001779,0.001779,0.001779,0.001779,0.001779
EAIEAE_imiy,0.000215,0.000215,0.000215,0.000215,0.000215
EAIEAF_imiy,0.00367,0.00367,0.00367,0.00367,0.00367
EAIEAH_imiy,0.001501,0.001501,0.001501,0.001501,0.001501
EAIEAJ_imiy,0.001596,0.001596,0.001596,0.001596,0.001596
EAIEAK_imiy,0.000182,0.000182,0.000182,0.000182,0.000182
EAIEAL_imiy,0.007394,0.007394,0.007394,0.007394,0.007394
EAIRW_imiy,0.020058,0.020058,0.020058,0.020058,0.020058
EAIUS_imiy,0.00178,0.00178,0.00178,0.00178,0.00178
EAIEAA_imcgy,0.000874,0.000874,0.000874,0.000874,0.000874
EAIEAB_imcgy,0.000338,0.000338,0.000338,0.000338,0.000338
EAIEAC_imcgy,0.000665,0.000665,0.000665,0.000665,0.000665
EAIEAD_imcgy,0.000658,0.000658,0.000658,0.000658,0.000658
EAIEAE_imcgy,5.00E-05,5.00E-05,5.00E-05,5.00E-05,5.00E-05
EAIEAF_imcgy,0.001451,0.001451,0.001451,0.001451,0.001451
EAIEAH_imcgy,0.000934,0.000934,0.000934,0.000934,0.000934
EAIEAJ_imcgy,0.000549,0.000549,0.000549,0.000549,0.000549
EAIEAK_imcgy,6.90E-05,6.90E-05,6.90E-05,6.90E-05,6.90E-05
EAIEAL_imcgy,0.001776,0.001776,0.001776,0.001776,0.001776
EAIRW_imcgy,0.008622,0.008622,0.008622,0.008622,0.008622
EAIUS_imcgy,0.001051,0.001051,0.001051,0.001051,0.001051
EAIEAA_imigy,0.000186,0.000186,0.000186,0.000186,0.000186
EAIEAB_imigy,0.000126,0.000126,0.000126,0.000126,0.000126
EAIEAC_imigy,0.000116,0.000116,0.000116,0.000116,0.000116
EAIEAD_imigy,0.000198,0.000198,0.000198,0.000198,0.000198
EAIEAE_imigy,2.40E-05,2.40E-05,2.40E-05,2.40E-05,2.40E-05
EAIEAF_imigy,0.000408,0.000408,0.000408,0.000408,0.000408
EAIEAH_imigy,0.000167,0.000167,0.000167,0.000167,0.000167
EAIEAJ_imigy,0.000177,0.000177,0.000177,0.000177,0.000177
EAIEAK_imigy,2.00E-05,2.00E-05,2.00E-05,2.00E-05,2.00E-05
EAIEAL_imigy,0.000822,0.000822,0.000822,0.000822,0.000822
EAIRW_imigy,0.002229,0.002229,0.002229,0.002229,0.002229
EAIUS_imigy,0.000198,0.000198,0.000198,0.000198,0.000198
EAI_epsilonm,-0.75,-0.75,-0.75,-0.75,-0.75
EAI_imcy,0.138528,0.138528,0.138528,0.138528,0.138528
EAI_imiy,0.042206,0.042206,0.042206,0.042206,0.042206
EAI_imcgy,0.017111,0.017111,0.017111,0.017111,0.017111
EAI_imigy,0.00469,0.00469,0.00469,0.00469,0.00469
EAI_iy,0.2,0.2,0.2,0.2,0.2
EAI_vi,2.38,2.38,2.38,2.38,2.38
EAI_alphan,0.3,0.3,0.3,0.3,0.3
EAI_alphat,0.3,0.3,0.3,0.3,0.3
EAI_beta,0.99263754,0.99263754,0.99263754,0.99263754,0.99263754
EAI_bfytarget,-0.15,-0.15,-0.15,-0.15,-0.15
EAI_bhytarget,0,0,0,0,0
EAI_bytarget,2.4,2.4,2.4,2.4,2.4
EAI_chin,0.5,0.5,0.5,0.5,0.5
EAI_chih,0.5,0.5,0.5,0.5,0.5
EAI_chii,0.75,0.75,0.75,0.75,0.75
EAI_chij,0.75,0.75,0.75,0.75,0.75
EAI_chix,0.5,0.5,0.5,0.5,0.5
EAI_delta,0.025,0.025,0.025,0.025,0.025
EAI_gammab1,0.2,0.2,0.2,0.2,0.2
EAI_gammai1,1,1,1,1,1
EAI_gammaimc1,1,1,1,1,1
EAI_gammaimi1,1,1,1,1,1
EAI_gammaimcg1,1,1,1,1,1
EAI_gammaimig1,1,1,1,1,1
EAI_gammau2,1,1,1,1,1
EAI_kappa,0.7,0.7,0.7,0.7,0.7
EAI_muc,0.5,0.5,0.5,0.5,0.5
EAI_mumc,2.5,2.5,2.5,2.5,2.5
EAI_mutc,2.5,2.5,2.5,2.5,2.5
EAI_nuc,0.45,0.45,0.45,0.45,0.45
EAI_mui,0.5,0.5,0.5,0.5,0.5
EAI_mumi,2.5,2.5,2.5,2.5,2.5
EAI_muti,2.5,2.5,2.5,2.5,2.5
EAI_nui,0.75,0.75,0.75,0.75,0.75
EAI_mucg,0.5,0.5,0.5,0.5,0.5
EAI_mumcg,2.5,2.5,2.5,2.5,2.5
EAI_mutcg,2.5,2.5,2.5,2.5,2.5
EAI_nucg,0.8,0.8,0.8,0.8,0.8
EAI_muig,0.5,0.5,0.5,0.5,0.5
EAI_mumig,2.5,2.5,2.5,2.5,2.5
EAI_mutig,2.5,2.5,2.5,2.5,2.5
EAI_nuig,0.8,0.8,0.8,0.8,0.8
EAI_omega,0.25,0.25,0.25,0.25,0.25
EAI_phitb,0.1,0.1,0.1,0.1,0.1
EAI_pi4target,1.02,1.02,1.02,1.02,1.02
EAI_psin,0.28,0.28,0.28,0.28,0.28
EAI_rhocg,0.9,0.9,0.9,0.9,0.9
EAI_rhoig,0.9,0.9,0.9,0.9,0.9
EAI_rhorp,0.9,0.9,0.9,0.9,0.9
EAI_rhotauc,0.9,0.9,0.9,0.9,0.9
EAI_rhotaud,0.9,0.9,0.9,0.9,0.9
EAI_rhotauk,0.9,0.9,0.9,0.9,0.9
EAI_rhotaun,0.9,0.9,0.9,0.9,0.9
EAI_rhotauwf,0.9,0.9,0.9,0.9,0.9
EAI_rhotauwh,0.9,0.9,0.9,0.9,0.9
EAI_rhotr,0.9,0.9,0.9,0.9,0.9
EAI_rhowcst,0.9,0.9,0.9,0.9,0.9
EAI_rhozcon,0.9,0.9,0.9,0.9,0.9
EAI_rhozinv,0.9,0.9,0.9,0.9,0.9
EAI_rhozn,0.9,0.9,0.9,0.9,0.9
EAI_rhozt,0.9,0.9,0.9,0.9,0.9
EAI_sigma,1,1,1,1,1
EAI_size,0.025278,0.025278,0.025278,0.025278,0.025278
EAI_xin,0.92,0.92,0.92,0.92,0.92
EAI_xih,0.92,0.92,0.92,0.92,0.92
EAI_xii,0.75,0.75,0.75,0.75,0.75
EAI_xij,0.75,0.75,0.75,0.75,0.75
EAI_xix,0.75,0.75,0.75,0.75,0.75
EAI_zeta,2,2,2,2,2
EAI_eta,4.33,4.33,4.33,4.33,4.33
EAI_etai,4.33,4.33,4.33,4.33,4.33
EAI_etaj,4.33,4.33,4.33,4.33,4.33
EAI_thetan,3,3,3,3,3
EAI_thetat,6,6,6,6,6
EAI_upsilont,1.2,1.2,1.2,1.2,1.2
EAI_upsilontr,0.66666666,0.66666666,0.66666666,0.66666666,0.66666666
EAJEAA_imcy,0.002628,0.002628,0.002628,0.002628,0.002628
EAJEAB_imcy,0.002305,0.002305,0.002305,0.002305,0.002305
EAJEAC_imcy,0.013117,0.013117,0.013117,0.013117,0.013117
EAJEAD_imcy,0.004562,0.004562,0.004562,0.004562,0.004562
EAJEAE_imcy,0.000839,0.000839,0.000839,0.000839,0.000839
EAJEAF_imcy,0.009794,0.009794,0.009794,0.009794,0.009794
EAJEAG_imcy,0.000562,0.000562,0.000562,0.000562,0.000562
EAJEAI_imcy,0.003974,0.003974,0.003974,0.003974,0.003974
EAJEAK_imcy,0.000935,0.000935,0.000935,0.000935,0.000935
EAJEAL_imcy,0.021926,0.021926,0.021926,0.021926,0.021926
EAJRW_imcy,0.085385,0.085385,0.085385,0.085385,0.085385
EAJUS_imcy,0.016396,0.016396,0.016396,0.016396,0.016396
EAJEAA_imiy,0.001072,0.001072,0.001072,0.001072,0.001072
EAJEAB_imiy,0.000796,0.000796,0.000796,0.000796,0.000796
EAJEAC_imiy,0.004899,0.004899,0.004899,0.004899,0.004899
EAJEAD_imiy,0.001556,0.001556,0.001556,0.001556,0.001556
EAJEAE_imiy,0.000636,0.000636,0.000636,0.000636,0.000636
EAJEAF_imiy,0.003312,0.003312,0.003312,0.003312,0.003312
EAJEAG_imiy,7.50E-05,7.50E-05,7.50E-05,7.50E-05,7.50E-05
EAJEAI_imiy,0.001689,0.001689,0.001689,0.001689,0.001689
EAJEAK_imiy,0.000214,0.000214,0.000214,0.000214,0.000214
EAJEAL_imiy,0.011234,0.011234,0.011234,0.011234,0.011234
EAJRW_imiy,0.033174,0.033174,0.033174,0.033174,0.033174
EAJUS_imiy,0.008448,0.008448,0.008448,0.008448,0.008448
EAJEAA_imcgy,0.000575,0.000575,0.000575,0.000575,0.000575
EAJEAB_imcgy,0.000443,0.000443,0.000443,0.000443,0.000443
EAJEAC_imcgy,0.003015,0.003015,0.003015,0.003015,0.003015
EAJEAD_imcgy,0.000755,0.000755,0.000755,0.000755,0.000755
EAJEAE_imcgy,0.000254,0.000254,0.000254,0.000254,0.000254
EAJEAF_imcgy,0.001857,0.001857,0.001857,0.001857,0.001857
EAJEAG_imcgy,5.60E-05,5.60E-05,5.60E-05,5.60E-05,5.60E-05
EAJEAI_imcgy,0.0007,0.0007,0.0007,0.0007,0.0007
EAJEAK_imcgy,0.000149,0.000149,0.000149,0.000149,0.000149
EAJEAL_imcgy,0.004266,0.004266,0.004266,0.004266,0.004266
EAJRW_imcgy,0.018067,0.018067,0.018067,0.018067,0.018067
EAJUS_imcgy,0.004997,0.004997,0.004997,0.004997,0.004997
EAJEAA_imigy,0.000119,0.000119,0.000119,0.000119,0.000119
EAJEAB_imigy,8.80E-05,8.80E-05,8.80E-05,8.80E-05,8.80E-05
EAJEAC_imigy,0.000544,0.000544,0.000544,0.000544,0.000544
EAJEAD_imigy,0.000173,0.000173,0.000173,0.000173,0.000173
EAJEAE_imigy,7.10E-05,7.10E-05,7.10E-05,7.10E-05,7.10E-05
EAJEAF_imigy,0.000368,0.000368,0.000368,0.000368,0.000368
EAJEAG_imigy,8.00E-06,8.00E-06,8.00E-06,8.00E-06,8.00E-06
EAJEAI_imigy,0.000188,0.000188,0.000188,0.000188,0.000188
EAJEAK_imigy,2.40E-05,2.40E-05,2.40E-05,2.40E-05,2.40E-05
EAJEAL_imigy,0.001248,0.001248,0.001248,0.001248,0.001248
EAJRW_imigy,0.003686,0.003686,0.003686,0.003686,0.003686
EAJUS_imigy,0.000939,0.000939,0.000939,0.000939,0.000939
EAJ_epsilonm,-0.75,-0.75,-0.75,-0.75,-0.75
EAJ_imcy,0.166587,0.166587,0.166587,0.166587,0.166587
EAJ_imiy,0.069912,0.069912,0.069912,0.069912,0.069912
EAJ_imcgy,0.036266,0.036266,0.036266,0.036266,0.036266
EAJ_imigy,0.007768,0.007768,0.007768,0.007768,0.007768
EAJ_iy,0.2,0.2,0.2,0.2,0.2
EAJ_vi,2.38,2.38,2.38,2.38,2.38
EAJ_alphan,0.3,0.3,0.3,0.3,0.3
EAJ_alphat,0.3,0.3,0.3,0.3,0.3
EAJ_beta,0.99263754,0.99263754,0.99263754,0.99263754,0.99263754
EAJ_bfytarget,-0.15,-0.15,-0.15,-0.15,-0.15
EAJ_bhytarget,0,0,0,0,0
EAJ_bytarget,2.4,2.4,2.4,2.4,2.4
EAJ_chin,0.5,0.5,0.5,0.5,0.5
EAJ_chih,0.5,0.5,0.5,0.5,0.5
EAJ_chii,0.75,0.75,0.75,0.75,0.75
EAJ_chij,0.75,0.75,0.75,0.75,0.75
EAJ_chix,0.5,0.5,0.5,0.5,0.5
EAJ_delta,0.025,0.025,0.025,0.025,0.025
EAJ_gammab1,0.2,0.2,0.2,0.2,0.2
EAJ_gammai1,1,1,1,1,1
EAJ_gammaimc1,1,1,1,1,1
EAJ_gammaimi1,1,1,1,1,1
EAJ_gammaimcg1,1,1,1,1,1
EAJ_gammaimig1,1,1,1,1,1
EAJ_gammau2,1,1,1,1,1
EAJ_kappa,0.7,0.7,0.7,0.7,0.7
EAJ_muc,0.5,0.5,0.5,0.5,0.5
EAJ_mumc,2.5,2.5,2.5,2.5,2.5
EAJ_mutc,2.5,2.5,2.5,2.5,2.5
EAJ_nuc,0.45,0.45,0.45,0.45,0.45
EAJ_mui,0.5,0.5,0.5,0.5,0.5
EAJ_mumi,2.5,2.5,2.5,2.5,2.5
EAJ_muti,2.5,2.5,2.5,2.5,2.5
EAJ_nui,0.75,0.75,0.75,0.75,0.75
EAJ_mucg,0.5,0.5,0.5,0.5,0.5
EAJ_mumcg,2.5,2.5,2.5,2.5,2.5
EAJ_mutcg,2.5,2.5,2.5,2.5,2.5
EAJ_nucg,0.8,0.8,0.8,0.8,0.8
EAJ_muig,0.5,0.5,0.5,0.5,0.5
EAJ_mumig,2.5,2.5,2.5,2.5,2.5
EAJ_mutig,2.5,2.5,2.5,2.5,2.5
EAJ_nuig,0.8,0.8,0.8,0.8,0.8
EAJ_omega,0.25,0.25,0.25,0.25,0.25
EAJ_phitb,0.1,0.1,0.1,0.1,0.1
EAJ_pi4target,1.02,1.02,1.02,1.02,1.02
EAJ_psin,0.28,0.28,0.28,0.28,0.28
EAJ_rhocg,0.9,0.9,0.9,0.9,0.9
EAJ_rhoig,0.9,0.9,0.9,0.9,0.9
EAJ_rhorp,0.9,0.9,0.9,0.9,0.9
EAJ_rhotauc,0.9,0.9,0.9,0.9,0.9
EAJ_rhotaud,0.9,0.9,0.9,0.9,0.9
EAJ_rhotauk,0.9,0.9,0.9,0.9,0.9
EAJ_rhotaun,0.9,0.9,0.9,0.9,0.9
EAJ_rhotauwf,0.9,0.9,0.9,0.9,0.9
EAJ_rhotauwh,0.9,0.9,0.9,0.9,0.9
EAJ_rhotr,0.9,0.9,0.9,0.9,0.9
EAJ_rhowcst,0.9,0.9,0.9,0.9,0.9
EAJ_rhozcon,0.9,0.9,0.9,0.9,0.9
EAJ_rhozinv,0.9,0.9,0.9,0.9,0.9
EAJ_rhozn,0.9,0.9,0.9,0.9,0.9
EAJ_rhozt,0.9,0.9,0.9,0.9,0.9
EAJ_sigma,1,1,1,1,1
EAJ_size,0.010136,0.010136,0.010136,0.010136,0.010136
EAJ_xin,0.92,0.92,0.92,0.92,0.92
EAJ_xih,0.92,0.92,0.92,0.92,0.92
EAJ_xii,0.75,0.75,0.75,0.75,0.75
EAJ_xij,0.75,0.75,0.75,0.75,0.75
EAJ_xix,0.75,0.75,0.75,0.75,0.75
EAJ_zeta,2,2,2,2,2
EAJ_eta,4.33,4.33,4.33,4.33,4.33
EAJ_etai,4.33,4.33,4.33,4.33,4.33
EAJ_etaj,4.33,4.33,4.33,4.33,4.33
EAJ_thetan,3,3,3,3,3
EAJ_thetat,6,6,6,6,6
EAJ_upsilont,1.2,1.2,1.2,1.2,1.2
EAJ_upsilontr,0.66666666,0.66666666,0.66666666,0.66666666,0.66666666
EAKEAA_imcy,0.001727,0.001727,0.001727,0.001727,0.001727
EAKEAB_imcy,0.000851,0.000851,0.000851,0.000851,0.000851
EAKEAC_imcy,0.003632,0.003632,0.003632,0.003632,0.003632
EAKEAD_imcy,0.058762,0.058762,0.058762,0.058762,0.058762
EAKEAE_imcy,0.000312,0.000312,0.000312,0.000312,0.000312
EAKEAF_imcy,0.015359,0.015359,0.015359,0.015359,0.015359
EAKEAG_imcy,0.000367,0.000367,0.000367,0.000367,0.000367
EAKEAH_imcy,0.002919,0.002919,0.002919,0.002919,0.002919
EAKEAJ_imcy,0.006391,0.006391,0.006391,0.006391,0.006391
EAKEAL_imcy,0.018125,0.018125,0.018125,0.018125,0.018125
EAKRW_imcy,0.064281,0.064281,0.064281,0.064281,0.064281
EAKUS_imcy,0.004999,0.004999,0.004999,0.004999,0.004999
EAKEAA_imiy,0.000489,0.000489,0.000489,0.000489,0.000489
EAKEAB_imiy,0.000431,0.000431,0.000431,0.000431,0.000431
EAKEAC_imiy,0.001074,0.001074,0.001074,0.001074,0.001074
EAKEAD_imiy,0.015992,0.015992,0.015992,0.015992,0.015992
EAKEAE_imiy,0.000219,0.000219,0.000219,0.000219,0.000219
EAKEAF_imiy,0.004426,0.004426,0.004426,0.004426,0.004426
EAKEAG_imiy,6.10E-05,6.10E-05,6.10E-05,6.10E-05,6.10E-05
EAKEAH_imiy,0.00107,0.00107,0.00107,0.00107,0.00107
EAKEAJ_imiy,0.002012,0.002012,0.002012,0.002012,0.002012
EAKEAL_imiy,0.00797,0.00797,0.00797,0.00797,0.00797
EAKRW_imiy,0.013854,0.013854,0.013854,0.013854,0.013854
EAKUS_imiy,0.001528,0.001528,0.001528,0.001528,0.001528
EAKEAA_imcgy,0.000244,0.000244,0.000244,0.000244,0.000244
EAKEAB_imcgy,0.000123,0.000123,0.000123,0.000123,0.000123
EAKEAC_imcgy,0.000779,0.000779,0.000779,0.000779,0.000779
EAKEAD_imcgy,0.005396,0.005396,0.005396,0.005396,0.005396
EAKEAE_imcgy,4.30E-05,4.30E-05,4.30E-05,4.30E-05,4.30E-05
EAKEAF_imcgy,0.00177,0.00177,0.00177,0.00177,0.00177
EAKEAG_imcgy,4.40E-05,4.40E-05,4.40E-05,4.40E-05,4.40E-05
EAKEAH_imcgy,0.001016,0.001016,0.001016,0.001016,0.001016
EAKEAJ_imcgy,0.000766,0.000766,0.000766,0.000766,0.000766
EAKEAL_imcgy,0.002072,0.002072,0.002072,0.002072,0.002072
EAKRW_imcgy,0.007753,0.007753,0.007753,0.007753,0.007753
EAKUS_imcgy,0.000638,0.000638,0.000638,0.000638,0.000638
EAKEAA_imigy,5.40E-05,5.40E-05,5.40E-05,5.40E-05,5.40E-05
EAKEAB_imigy,4.80E-05,4.80E-05,4.80E-05,4.80E-05,4.80E-05
EAKEAC_imigy,0.000119,0.000119,0.000119,0.000119,0.000119
EAKEAD_imigy,0.001777,0.001777,0.001777,0.001777,0.001777
EAKEAE_imigy,2.40E-05,2.40E-05,2.40E-05,2.40E-05,2.40E-05
EAKEAF_imigy,0.000492,0.000492,0.000492,0.000492,0.000492
EAKEAG_imigy,7.00E-06,7.00E-06,7.00E-06,7.00E-06,7.00E-06
EAKEAH_imigy,0.000119,0.000119,0.000119,0.000119,0.000119
EAKEAJ_imigy,0.000224,0.000224,0.000224,0.000224,0.000224
EAKEAL_imigy,0.000886,0.000886,0.000886,0.000886,0.000886
EAKRW_imigy,0.001539,0.001539,0.001539,0.001539,0.001539
EAKUS_imigy,0.00017,0.00017,0.00017,0.00017,0.00017
EAK_epsilonm,-0.75,-0.75,-0.75,-0.75,-0.75
EAK_imcy,0.186037,0.186037,0.186037,0.186037,0.186037
EAK_imiy,0.052831,0.052831,0.052831,0.052831,0.052831
EAK_imcgy,0.021621,0.021621,0.021621,0.021621,0.021621
EAK_imigy,0.00587,0.00587,0.00587,0.00587,0.00587
EAK_iy,0.2,0.2,0.2,0.2,0.2
EAK_vi,2.38,2.38,2.38,2.38,2.38
EAK_alphan,0.3,0.3,0.3,0.3,0.3
EAK_alphat,0.3,0.3,0.3,0.3,0.3
EAK_beta,0.99263754,0.99263754,0.99263754,0.99263754,0.99263754
EAK_bfytarget,-0.15,-0.15,-0.15,-0.15,-0.15
EAK_bhytarget,0,0,0,0,0
EAK_bytarget,2.4,2.4,2.4,2.4,2.4
EAK_chin,0.5,0.5,0.5,0.5,0.5
EAK_chih,0.5,0.5,0.5,0.5,0.5
EAK_chii,0.75,0.75,0.75,0.75,0.75
EAK_chij,0.75,0.75,0.75,0.75,0.75
EAK_chix,0.5,0.5,0.5,0.5,0.5
EAK_delta,0.025,0.025,0.025,0.025,0.025
EAK_gammab1,0.2,0.2,0.2,0.2,0.2
EAK_gammai1,1,1,1,1,1
EAK_gammaimc1,1,1,1,1,1
EAK_gammaimi1,1,1,1,1,1
EAK_gammaimcg1,1,1,1,1,1
EAK_gammaimig1,1,1,1,1,1
EAK_gammau2,1,1,1,1,1
EAK_kappa,0.7,0.7,0.7,0.7,0.7
EAK_muc,0.5,0.5,0.5,0.5,0.5
EAK_mumc,2.5,2.5,2.5,2.5,2.5
EAK_mutc,2.5,2.5,2.5,2.5,2.5
EAK_nuc,0.45,0.45,0.45,0.45,0.45
EAK_mui,0.5,0.5,0.5,0.5,0.5
EAK_mumi,2.5,2.5,2.5,2.5,2.5
EAK_muti,2.5,2.5,2.5,2.5,2.5
EAK_nui,0.75,0.75,0.75,0.75,0.75
EAK_mucg,0.5,0.5,0.5,0.5,0.5
EAK_mumcg,2.5,2.5,2.5,2.5,2.5
EAK_mutcg,2.5,2.5,2.5,2.5,2.5
EAK_nucg,0.8,0.8,0.8,0.8,0.8
EAK_muig,0.5,0.5,0.5,0.5,0.5
EAK_mumig,2.5,2.5,2.5,2.5,2.5
EAK_mutig,2.5,2.5,2.5,2.5,2.5
EAK_nuig,0.8,0.8,0.8,0.8,0.8
EAK_omega,0.25,0.25,0.25,0.25,0.25
EAK_phitb,0.1,0.1,0.1,0.1,0.1
EAK_pi4target,1.02,1.02,1.02,1.02,1.02
EAK_psin,0.28,0.28,0.28,0.28,0.28
EAK_rhocg,0.9,0.9,0.9,0.9,0.9
EAK_rhoig,0.9,0.9,0.9,0.9,0.9
EAK_rhorp,0.9,0.9,0.9,0.9,0.9
EAK_rhotauc,0.9,0.9,0.9,0.9,0.9
EAK_rhotaud,0.9,0.9,0.9,0.9,0.9
EAK_rhotauk,0.9,0.9,0.9,0.9,0.9
EAK_rhotaun,0.9,0.9,0.9,0.9,0.9
EAK_rhotauwf,0.9,0.9,0.9,0.9,0.9
EAK_rhotauwh,0.9,0.9,0.9,0.9,0.9
EAK_rhotr,0.9,0.9,0.9,0.9,0.9
EAK_rhowcst,0.9,0.9,0.9,0.9,0.9
EAK_rhozcon,0.9,0.9,0.9,0.9,0.9
EAK_rhozinv,0.9,0.9,0.9,0.9,0.9
EAK_rhozn,0.9,0.9,0.9,0.9,0.9
EAK_rhozt,0.9,0.9,0.9,0.9,0.9
EAK_sigma,1,1,1,1,1
EAK_size,0.002834,0.002834,0.002834,0.002834,0.002834
EAK_xin,0.92,0.92,0.92,0.92,0.92
EAK_xih,0.92,0.92,0.92,0.92,0.92
EAK_xii,0.75,0.75,0.75,0.75,0.75
EAK_xij,0.75,0.75,0.75,0.75,0.75
EAK_xix,0.75,0.75,0.75,0.75,0.75
EAK_zeta,2,2,2,2,2
EAK_eta,4.33,4.33,4.33,4.33,4.33
EAK_etai,4.33,4.33,4.33,4.33,4.33
EAK_etaj,4.33,4.33,4.33,4.33,4.33
EAK_thetan,3,3,3,3,3
EAK_thetat,6,6,6,6,6
EAK_upsilont,1.2,1.2,1.2,1.2,1.2
EAK_upsilontr,0.66666666,0.66666666,0.66666666,0.66666666,0.66666666
EALEAA_imcy,0.005193,0.005193,0.005193,0.005193,0.005193
EALEAB_imcy,0.006553,0.006553,0.006553,0.006553,0.006553
EALEAC_imcy,0.004483,0.004483,0.004483,0.004483,0.004483
EALEAD_imcy,0.00512,0.00512,0.00512,0.00512,0.00512
EALEAE_imcy,0.000837,0.000837,0.000837,0.000837,0.000837
EALEAF_imcy,0.009061,0.009061,0.009061,0.009061,0.009061
EALEAG_imcy,0.000876,0.000876,0.000876,0.000876,0.000876
EALEAH_imcy,0.002868,0.002868,0.002868,0.002868,0.002868
EALEAI_imcy,0.007178,0.007178,0.007178,0.007178,0.007178
EALEAK_imcy,0.000906,0.000906,0.000906,0.000906,0.000906
EALRW_imcy,0.086845,0.086845,0.086845,0.086845,0.086845
EALUS_imcy,0.00986,0.00986,0.00986,0.00986,0.00986
EALEAA_imiy,0.002071,0.002071,0.002071,0.002071,0.002071
EALEAB_imiy,0.003063,0.003063,0.003063,0.003063,0.003063
EALEAC_imiy,0.001597,0.001597,0.001597,0.001597,0.001597
EALEAD_imiy,0.001702,0.001702,0.001702,0.001702,0.001702
EALEAE_imiy,0.000483,0.000483,0.000483,0.000483,0.000483
EALEAF_imiy,0.00424,0.00424,0.00424,0.00424,0.00424
EALEAG_imiy,9.70E-05,9.70E-05,9.70E-05,9.70E-05,9.70E-05
EALEAH_imiy,0.001673,0.001673,0.001673,0.001673,0.001673
EALEAI_imiy,0.003096,0.003096,0.003096,0.003096,0.003096
EALEAK_imiy,0.000314,0.000314,0.000314,0.000314,0.000314
EALRW_imiy,0.034053,0.034053,0.034053,0.034053,0.034053
EALUS_imiy,0.004356,0.004356,0.004356,0.004356,0.004356
EALEAA_imcgy,0.000602,0.000602,0.000602,0.000602,0.000602
EALEAB_imcgy,0.000782,0.000782,0.000782,0.000782,0.000782
EALEAC_imcgy,0.000607,0.000607,0.000607,0.000607,0.000607
EALEAD_imcgy,0.000518,0.000518,0.000518,0.000518,0.000518
EALEAE_imcgy,0.000132,0.000132,0.000132,0.000132,0.000132
EALEAF_imcgy,0.001242,0.001242,0.001242,0.001242,0.001242
EALEAG_imcgy,6.10E-05,6.10E-05,6.10E-05,6.10E-05,6.10E-05
EALEAH_imcgy,0.001052,0.001052,0.001052,0.001052,0.001052
EALEAI_imcgy,0.000755,0.000755,0.000755,0.000755,0.000755
EALEAK_imcgy,8.60E-05,8.60E-05,8.60E-05,8.60E-05,8.60E-05
EALRW_imcgy,0.011481,0.011481,0.011481,0.011481,0.011481
EALUS_imcgy,0.002227,0.002227,0.002227,0.002227,0.002227
EALEAA_imigy,0.00023,0.00023,0.00023,0.00023,0.00023
EALEAB_imigy,0.00034,0.00034,0.00034,0.00034,0.00034
EALEAC_imigy,0.000177,0.000177,0.000177,0.000177,0.000177
EALEAD_imigy,0.000189,0.000189,0.000189,0.000189,0.000189
EALEAE_imigy,5.40E-05,5.40E-05,5.40E-05,5.40E-05,5.40E-05
EALEAF_imigy,0.000471,0.000471,0.000471,0.000471,0.000471
EALEAG_imigy,1.10E-05,1.10E-05,1.10E-05,1.10E-05,1.10E-05
EALEAH_imigy,0.000186,0.000186,0.000186,0.000186,0.000186
EALEAI_imigy,0.000344,0.000344,0.000344,0.000344,0.000344
EALEAK_imigy,3.50E-05,3.50E-05,3.50E-05,3.50E-05,3.50E-05
EALRW_imigy,0.003784,0.003784,0.003784,0.003784,0.003784
EALUS_imigy,0.000484,0.000484,0.000484,0.000484,0.000484
EAL_epsilonm,-0.75,-0.75,-0.75,-0.75,-0.75
EAL_imcy,0.150542,0.150542,0.150542,0.150542,0.150542
EAL_imiy,0.059206,0.059206,0.059206,0.059206,0.059206
EAL_imcgy,0.020744,0.020744,0.020744,0.020744,0.020744
EAL_imigy,0.006578,0.006578,0.006578,0.006578,0.006578
EAL_iy,0.2,0.2,0.2,0.2,0.2
EAL_vi,2.38,2.38,2.38,2.38,2.38
EAL_alphan,0.3,0.3,0.3,0.3,0.3
EAL_alphat,0.3,0.3,0.3,0.3,0.3
EAL_beta,0.99263754,0.99263754,0.99263754,0.99263754,0.99263754
EAL_bfytarget,0.4,0.4,0.4,0.4,0.4
EAL_bhytarget,0,0,0,0,0
EAL_bytarget,2.4,2.4,2.4,2.4,2.4
EAL_chin,0.5,0.5,0.5,0.5,0.5
EAL_chih,0.5,0.5,0.5,0.5,0.5
EAL_chii,0.75,0.75,0.75,0.75,0.75
EAL_chij,0.75,0.75,0.75,0.75,0.75
EAL_chix,0.5,0.5,0.5,0.5,0.5
EAL_delta,0.025,0.025,0.025,0.025,0.025
EAL_gammab1,0.2,0.2,0.2,0.2,0.2
EAL_gammai1,1,1,1,1,1
EAL_gammaimc1,1,1,1,1,1
EAL_gammaimi1,1,1,1,1,1
EAL_gammaimcg1,1,1,1,1,1
EAL_gammaimig1,1,1,1,1,1
EAL_gammau2,1,1,1,1,1
EAL_kappa,0.7,0.7,0.7,0.7,0.7
EAL_muc,0.5,0.5,0.5,0.5,0.5
EAL_mumc,2.5,2.5,2.5,2.5,2.5
EAL_mutc,2.5,2.5,2.5,2.5,2.5
EAL_nuc,0.45,0.45,0.45,0.45,0.45
EAL_mui,0.5,0.5,0.5,0.5,0.5
EAL_mumi,2.5,2.5,2.5,2.5,2.5
EAL_muti,2.5,2.5,2.5,2.5,2.5
EAL_nui,0.75,0.75,0.75,0.75,0.75
EAL_mucg,0.5,0.5,0.5,0.5,0.5
EAL_mumcg,2.5,2.5,2.5,2.5,2.5
EAL_mutcg,2.5,2.5,2.5,2.5,2.5
EAL_nucg,0.8,0.8,0.8,0.8,0.8
EAL_muig,0.5,0.5,0.5,0.5,0.5
EAL_mumig,2.5,2.5,2.5,2.5,2.5
EAL_mutig,2.5,2.5,2.5,2.5,2.5
EAL_nuig,0.6,0.6,0.6,0.6,0.6
EAL_omega,0.25,0.25,0.25,0.25,0.25
EAL_phitb,0.1,0.1,0.1,0.1,0.1
EAL_pi4target,1.02,1.02,1.02,1.02,1.02
EAL_psin,0.28,0.28,0.28,0.28,0.28
EAL_rhocg,0.9,0.9,0.9,0.9,0.9
EAL_rhoig,0.9,0.9,0.9,0.9,0.9
EAL_rhorp,0.9,0.9,0.9,0.9,0.9
EAL_rhotauc,0.9,0.9,0.9,0.9,0.9
EAL_rhotaud,0.9,0.9,0.9,0.9,0.9
EAL_rhotauk,0.9,0.9,0.9,0.9,0.9
EAL_rhotaun,0.9,0.9,0.9,0.9,0.9
EAL_rhotauwf,0.9,0.9,0.9,0.9,0.9
EAL_rhotauwh,0.9,0.9,0.9,0.9,0.9
EAL_rhotr,0.9,0.9,0.9,0.9,0.9
EAL_rhowcst,0.9,0.9,0.9,0.9,0.9
EAL_rhozcon,0.9,0.9,0.9,0.9,0.9
EAL_rhozinv,0.9,0.9,0.9,0.9,0.9
EAL_rhozn,0.9,0.9,0.9,0.9,0.9
EAL_rhozt,0.9,0.9,0.9,0.9,0.9
EAL_sigma,1,1,1,1,1
EAL_size,0.044367,0.044367,0.044367,0.044367,0.044367
EAL_xin,0.92,0.92,0.92,0.92,0.92
EAL_xih,0.92,0.92,0.92,0.92,0.92
EAL_xii,0.75,0.75,0.75,0.75,0.75
EAL_xij,0.75,0.75,0.75,0.75,0.75
EAL_xix,0.75,0.75,0.75,0.75,0.75
EAL_zeta,2,2,2,2,2
EAL_eta,4.33,4.33,4.33,4.33,4.33
EAL_etai,4.33,4.33,4.33,4.33,4.33
EAL_etaj,4.33,4.33,4.33,4.33,4.33
EAL_thetan,3,3,3,3,3
EAL_thetat,6,6,6,6,6
EAL_upsilont,1.2,1.2,1.2,1.2,1.2
EAL_upsilontr,0.66666666,0.66666666,0.66666666,0.66666666,0.66666666
RWEAA_imcy,0.001611,0.001711,0.001811,0.001911,0.002011
RWEAB_imcy,0.0006,0.0006,0.0006,0.0006,0.0006
RWEAC_imcy,0.000747,0.000747,0.000747,0.000747,0.000747
RWEAD_imcy,0.001986,0.001986,0.001986,0.001986,0.001986
RWEAE_imcy,0.000368,0.000368,0.000368,0.000368,0.000368
RWEAF_imcy,0.003983,0.003983,0.003983,0.003983,0.003983
RWEAG_imcy,0.000328,0.000328,0.000328,0.000328,0.000328
RWEAH_imcy,0.000469,0.000469,0.000469,0.000469,0.000469
RWEAI_imcy,0.002998,0.002998,0.002998,0.002998,0.002998
RWEAJ_imcy,0.001202,0.001202,0.001202,0.001202,0.001202
RWEAL_imcy,0.007262,0.007262,0.007262,0.007262,0.007262
RWUS_imcy,0.025322,0.025222,0.025122,0.025022,0.024922
RWEAA_imiy,0.000326,0.000326,0.000326,0.000326,0.000326
RWEAB_imiy,0.00032,0.00032,0.00032,0.00032,0.00032
RWEAC_imiy,0.000399,0.000399,0.000399,0.000399,0.000399
RWEAD_imiy,0.00106,0.00106,0.00106,0.00106,0.00106
RWEAE_imiy,0.000196,0.000196,0.000196,0.000196,0.000196
RWEAF_imiy,0.002126,0.002126,0.002126,0.002126,0.002126
RWEAG_imiy,0.000175,0.000175,0.000175,0.000175,0.000175
RWEAH_imiy,0.00025,0.00025,0.00025,0.00025,0.00025
RWEAI_imiy,0.0016,0.0016,0.0016,0.0016,0.0016
RWEAJ_imiy,0.000642,0.000642,0.000642,0.000642,0.000642
RWEAL_imiy,0.002809,0.002809,0.002809,0.002809,0.002809
RWUS_imiy,0.015118,0.015118,0.015118,0.015118,0.015118
RWEAA_imcgy,8.50E-05,8.50E-05,8.50E-05,8.50E-05,8.50E-05
RWEAB_imcgy,8.40E-05,8.40E-05,8.40E-05,8.40E-05,8.40E-05
RWEAC_imcgy,0.000104,0.000104,0.000104,0.000104,0.000104
RWEAD_imcgy,0.000277,0.000277,0.000277,0.000277,0.000277
RWEAE_imcgy,5.10E-05,5.10E-05,5.10E-05,5.10E-05,5.10E-05
RWEAF_imcgy,0.000556,0.000556,0.000556,0.000556,0.000556
RWEAG_imcgy,4.60E-05,4.60E-05,4.60E-05,4.60E-05,4.60E-05
RWEAH_imcgy,6.50E-05,6.50E-05,6.50E-05,6.50E-05,6.50E-05
RWEAI_imcgy,0.000419,0.000419,0.000419,0.000419,0.000419
RWEAJ_imcgy,0.000168,0.000168,0.000168,0.000168,0.000168
RWEAL_imcgy,0.000735,0.000735,0.000735,0.000735,0.000735
RWUS_imcgy,0.003956,0.003956,0.003956,0.003956,0.003956
RWEAA_imigy,3.60E-05,3.60E-05,3.60E-05,3.60E-05,3.60E-05
RWEAB_imigy,3.60E-05,3.60E-05,3.60E-05,3.60E-05,3.60E-05
RWEAC_imigy,4.40E-05,4.40E-05,4.40E-05,4.40E-05,4.40E-05
RWEAD_imigy,0.000118,0.000118,0.000118,0.000118,0.000118
RWEAE_imigy,2.20E-05,2.20E-05,2.20E-05,2.20E-05,2.20E-05
RWEAF_imigy,0.000236,0.000236,0.000236,0.000236,0.000236
RWEAG_imigy,1.90E-05,1.90E-05,1.90E-05,1.90E-05,1.90E-05
RWEAH_imigy,2.80E-05,2.80E-05,2.80E-05,2.80E-05,2.80E-05
RWEAI_imigy,0.000178,0.000178,0.000178,0.000178,0.000178
RWEAJ_imigy,7.10E-05,7.10E-05,7.10E-05,7.10E-05,7.10E-05
RWEAL_imigy,0.000312,0.000312,0.000312,0.000312,0.000312
RWUS_imigy,0.00168,0.00168,0.00168,0.00168,0.00168
RW_epsilonm,-0.75,-0.75,-0.75,-0.75,-0.75
RW_imcy,0.047212,0.047212,0.047212,0.047212,0.047212
RW_imiy,0.025201,0.025201,0.025201,0.025201,0.025201
RW_imcgy,0.006595,0.006595,0.006595,0.006595,0.006595
RW_imigy,0.0028,0.0028,0.0028,0.0028,0.0028
RW_iy,0.2,0.2,0.2,0.2,0.2
RW_vi,2.38,2.38,2.38,2.38,2.38
RW_alphan,0.3,0.3,0.3,0.3,0.3
RW_alphat,0.3,0.3,0.3,0.3,0.3
RW_beta,0.99263754,0.99263754,0.99263754,0.99263754,0.99263754
RW_bfytarget,0.4,0.4,0.4,0.4,0.4
RW_bhytarget,0,0,0,0,0
RW_bytarget,2.4,2.4,2.4,2.4,2.4
RW_chin,0.5,0.5,0.5,0.5,0.5
RW_chih,0.5,0.5,0.5,0.5,0.5
RW_chii,0.75,0.75,0.75,0.75,0.75
RW_chij,0.75,0.75,0.75,0.75,0.75
RW_chix,0.5,0.5,0.5,0.5,0.5
RW_delta,0.025,0.025,0.025,0.025,0.025
RW_gammab1,0.2,0.2,0.2,0.2,0.2
RW_gammai1,1,1,1,1,1
RW_gammaimc1,1,1,1,1,1
RW_gammaimi1,1,1,1,1,1
RW_gammaimcg1,1,1,1,1,1
RW_gammaimig1,1,1,1,1,1
RW_gammau2,1,1,1,1,1
RW_kappa,0.7,0.7,0.7,0.7,0.7
RW_muc,0.5,0.5,0.5,0.5,0.5
RW_mumc,2.5,2.5,2.5,2.5,2.5
RW_mutc,2.5,2.5,2.5,2.5,2.5
RW_nuc,0.35,0.35,0.35,0.35,0.35
RW_mui,0.5,0.5,0.5,0.5,0.5
RW_mumi,2.5,2.5,2.5,2.5,2.5
RW_muti,2.5,2.5,2.5,2.5,2.5
RW_nui,0.75,0.75,0.75,0.75,0.75
RW_mucg,0.5,0.5,0.5,0.5,0.5
RW_mumcg,2.5,2.5,2.5,2.5,2.5
RW_mutcg,2.5,2.5,2.5,2.5,2.5
RW_nucg,0.8,0.8,0.8,0.8,0.8
RW_muig,0.5,0.5,0.5,0.5,0.5
RW_mumig,2.5,2.5,2.5,2.5,2.5
RW_mutig,2.5,2.5,2.5,2.5,2.5
RW_nuig,0.8,0.8,0.8,0.8,0.8
RW_omega,0.25,0.25,0.25,0.25,0.25
RW_phirgy,0,0,0,0,0
RW_phirpi,1.5,1.5,1.5,1.5,1.5
RW_phirr,0.75,0.75,0.75,0.75,0.75
RW_phitb,0.1,0.1,0.1,0.1,0.1
RW_pi4target,1.02,1.02,1.02,1.02,1.02
RW_psin,0.08,0.08,0.08,0.08,0.08
RW_rhocg,0.9,0.9,0.9,0.9,0.9
RW_rhoig,0.9,0.9,0.9,0.9,0.9
RW_rhorp,0.9,0.9,0.9,0.9,0.9
RW_rhotauc,0.9,0.9,0.9,0.9,0.9
RW_rhotaud,0.9,0.9,0.9,0.9,0.9
RW_rhotauk,0.9,0.9,0.9,0.9,0.9
RW_rhotaun,0.9,0.9,0.9,0.9,0.9
RW_rhotauwf,0.9,0.9,0.9,0.9,0.9
RW_rhotauwh,0.9,0.9,0.9,0.9,0.9
RW_rhotr,0.9,0.9,0.9,0.9,0.9
RW_rhowcst,0.9,0.9,0.9,0.9,0.9
RW_rhozcon,0.9,0.9,0.9,0.9,0.9
RW_rhozinv,0.9,0.9,0.9,0.9,0.9
RW_rhozn,0.9,0.9,0.9,0.9,0.9
RW_rhozt,0.9,0.9,0.9,0.9,0.9
RW_sigma,1,1,1,1,1
RW_size,0.601924,0.601924,0.601924,0.601924,0.601924
RW_xin,0.75,0.75,0.75,0.75,0.75
RW_xih,0.75,0.75,0.75,0.75,0.75
RW_xii,0.75,0.75,0.75,0.75,0.75
RW_xij,0.75,0.75,0.75,0.75,0.75
RW_xix,0.75,0.75,0.75,0.75,0.75
RW_zeta,2,2,2,2,2
RW_eta,7.25,7.25,7.25,7.25,7.25
RW_etai,7.25,7.25,7.25,7.25,7.25
RW_etaj,7.25,7.25,7.25,7.25,7.25
RW_thetan,4.6,4.6,4.6,4.6,4.6
RW_thetat,6,6,6,6,6
RW_upsilont,1.2,1.2,1.2,1.2,1.2
RW_upsilontr,0.66666666,0.66666666,0.66666666,0.66666666,0.66666666
USEAA_imcy,0.000523,0.000523,0.000523,0.000523,0.000523
USEAB_imcy,0.000514,0.000514,0.000514,0.000514,0.000514
USEAC_imcy,0.00064,0.00064,0.00064,0.00064,0.00064
USEAD_imcy,0.001701,0.001701,0.001701,0.001701,0.001701
USEAE_imcy,0.000315,0.000315,0.000315,0.000315,0.000315
USEAF_imcy,0.003411,0.003411,0.003411,0.003411,0.003411
USEAG_imcy,0.000281,0.000281,0.000281,0.000281,0.000281
USEAH_imcy,0.000401,0.000401,0.000401,0.000401,0.000401
USEAI_imcy,0.002567,0.002567,0.002567,0.002567,0.002567
USEAJ_imcy,0.00103,0.00103,0.00103,0.00103,0.00103
USEAK_imcy,0.000288,0.000288,0.000288,0.000288,0.000288
USRW_imcy,0.061138,0.061138,0.061138,0.061138,0.061138
USEAA_imiy,0.000208,0.000208,0.000208,0.000208,0.000208
USEAB_imiy,0.000205,0.000205,0.000205,0.000205,0.000205
USEAC_imiy,0.000255,0.000255,0.000255,0.000255,0.000255
USEAD_imiy,0.000677,0.000677,0.000677,0.000677,0.000677
USEAE_imiy,0.000126,0.000126,0.000126,0.000126,0.000126
USEAF_imiy,0.001358,0.001358,0.001358,0.001358,0.001358
USEAG_imiy,0.000112,0.000112,0.000112,0.000112,0.000112
USEAH_imiy,0.00016,0.00016,0.00016,0.00016,0.00016
USEAI_imiy,0.001022,0.001022,0.001022,0.001022,0.001022
USEAJ_imiy,0.00041,0.00041,0.00041,0.00041,0.00041
USEAK_imiy,0.000115,0.000115,0.000115,0.000115,0.000115
USRW_imiy,0.024346,0.024346,0.024346,0.024346,0.024346
USEAA_imcgy,5.50E-05,5.50E-05,5.50E-05,5.50E-05,5.50E-05
USEAB_imcgy,5.40E-05,5.40E-05,5.40E-05,5.40E-05,5.40E-05
USEAC_imcgy,6.70E-05,6.70E-05,6.70E-05,6.70E-05,6.70E-05
USEAD_imcgy,0.000179,0.000179,0.000179,0.000179,0.000179
USEAE_imcgy,3.30E-05,3.30E-05,3.30E-05,3.30E-05,3.30E-05
USEAF_imcgy,0.000359,0.000359,0.000359,0.000359,0.000359
USEAG_imcgy,3.00E-05,3.00E-05,3.00E-05,3.00E-05,3.00E-05
USEAH_imcgy,4.20E-05,4.20E-05,4.20E-05,4.20E-05,4.20E-05
USEAI_imcgy,0.00027,0.00027,0.00027,0.00027,0.00027
USEAJ_imcgy,0.000108,0.000108,0.000108,0.000108,0.000108
USEAK_imcgy,3.00E-05,3.00E-05,3.00E-05,3.00E-05,3.00E-05
USRW_imcgy,0.006437,0.006437,0.006437,0.006437,0.006437
USEAA_imigy,2.30E-05,2.30E-05,2.30E-05,2.30E-05,2.30E-05
USEAB_imigy,2.30E-05,2.30E-05,2.30E-05,2.30E-05,2.30E-05
USEAC_imigy,2.80E-05,2.80E-05,2.80E-05,2.80E-05,2.80E-05
USEAD_imigy,7.50E-05,7.50E-05,7.50E-05,7.50E-05,7.50E-05
USEAE_imigy,1.40E-05,1.40E-05,1.40E-05,1.40E-05,1.40E-05
USEAF_imigy,0.000151,0.000151,0.000151,0.000151,0.000151
USEAG_imigy,1.20E-05,1.20E-05,1.20E-05,1.20E-05,1.20E-05
USEAH_imigy,1.80E-05,1.80E-05,1.80E-05,1.80E-05,1.80E-05
USEAI_imigy,0.000114,0.000114,0.000114,0.000114,0.000114
USEAJ_imigy,4.60E-05,4.60E-05,4.60E-05,4.60E-05,4.60E-05
USEAK_imigy,1.30E-05,1.30E-05,1.30E-05,1.30E-05,1.30E-05
USRW_imigy,0.002705,0.002705,0.002705,0.002705,0.002705
US_epsilonm,-0.75,-0.75,-0.75,-0.75,-0.75
US_imcy,0.077315,0.077315,0.077315,0.077315,0.077315
US_imiy,0.030788,0.030788,0.030788,0.030788,0.030788
US_imcgy,0.008141,0.008141,0.008141,0.008141,0.008141
US_imigy,0.003421,0.003421,0.003421,0.003421,0.003421
US_iy,0.2,0.2,0.2,0.2,0.2
US_vi,2.38,2.38,2.38,2.38,2.38
US_alphan,0.3,0.3,0.3,0.3,0.3
US_alphat,0.3,0.3,0.3,0.3,0.3
US_beta,0.99263754,0.99263754,0.99263754,0.99263754,0.99263754
US_bytarget,2.4,2.4,2.4,2.4,2.4
US_chin,0.5,0.5,0.5,0.5,0.5
US_chih,0.5,0.5,0.5,0.5,0.5
US_chii,0.75,0.75,0.75,0.75,0.75
US_chij,0.75,0.75,0.75,0.75,0.75
US_chix,0.5,0.5,0.5,0.5,0.5
US_delta,0.025,0.025,0.025,0.025,0.025
US_gammai1,1,1,1,1,1
US_gammaimc1,1,1,1,1,1
US_gammaimi1,1,1,1,1,1
US_gammaimcg1,1,1,1,1,1
US_gammaimig1,1,1,1,1,1
US_gammau2,1,1,1,1,1
US_kappa,0.7,0.7,0.7,0.7,0.7
US_muc,0.5,0.5,0.5,0.5,0.5
US_mumc,2.5,2.5,2.5,2.5,2.5
US_mutc,2.5,2.5,2.5,2.5,2.5
US_nuc,0.35,0.35,0.35,0.35,0.35
US_mui,0.5,0.5,0.5,0.5,0.5
US_mumi,2.5,2.5,2.5,2.5,2.5
US_muti,2.5,2.5,2.5,2.5,2.5
US_nui,0.75,0.75,0.75,0.75,0.75
US_mucg,0.5,0.5,0.5,0.5,0.5
US_mumcg,2.5,2.5,2.5,2.5,2.5
US_mutcg,2.5,2.5,2.5,2.5,2.5
US_nucg,0.8,0.8,0.8,0.8,0.8
US_muig,0.5,0.5,0.5,0.5,0.5
US_mumig,2.5,2.5,2.5,2.5,2.5
US_mutig,2.5,2.5,2.5,2.5,2.5
US_nuig,0.8,0.8,0.8,0.8,0.8
US_omega,0.25,0.25,0.25,0.25,0.25
US_phirgy,0,0,0,0,0
US_phirpi,1.5,1.5,1.5,1.5,1.5
US_phirr,0.75,0.75,0.75,0.75,0.75
US_phitb,0.1,0.1,0.1,0.1,0.1
US_pi4target,1.02,1.02,1.02,1.02,1.02
US_psin,0.08,0.08,0.08,0.08,0.08
US_rhocg,0.9,0.9,0.9,0.9,0.9
US_rhoig,0.9,0.9,0.9,0.9,0.9
US_rhotauc,0.9,0.9,0.9,0.9,0.9
US_rhotaud,0.9,0.9,0.9,0.9,0.9
US_rhotauk,0.9,0.9,0.9,0.9,0.9
US_rhotaun,0.9,0.9,0.9,0.9,0.9
US_rhotauwf,0.9,0.9,0.9,0.9,0.9
US_rhotauwh,0.9,0.9,0.9,0.9,0.9
US_rhotr,0.9,0.9,0.9,0.9,0.9
US_rhowcst,0.9,0.9,0.9,0.9,0.9
US_rhozcon,0.9,0.9,0.9,0.9,0.9
US_rhozinv,0.9,0.9,0.9,0.9,0.9
US_rhozn,0.9,0.9,0.9,0.9,0.9
US_rhozt,0.9,0.9,0.9,0.9,0.9
US_sigma,1,1,1,1,1
US_size,0.238805,0.238805,0.238805,0.238805,0.238805
US_xin,0.75,0.75,0.75,0.75,0.75
US_xih,0.75,0.75,0.75,0.75,0.75
US_xii,0.75,0.75,0.75,0.75,0.75
US_xij,0.75,0.75,0.75,0.75,0.75
US_xix,0.75,0.75,0.75,0.75,0.75
US_zeta,2,2,2,2,2
US_eta,7.25,7.25,7.25,7.25,7.25
US_etai,7.25,7.25,7.25,7.25,7.25
US_etaj,7.25,7.25,7.25,7.25,7.25
US_thetan,4.6,4.6,4.6,4.6,4.6
US_thetat,6,6,6,6,6
US_upsilont,1.2,1.2,1.2,1.2,1.2
US_upsilontr,0.66666666,0.66666666,0.66666666,0.66666666,0.66666666
EA_bf,0.048092893,0.047472534,0.046850299,0.046226182,0.045600173
EA_m,0.835770963,0.82784673,0.820322215,0.813193223,0.806458579
EA_pic4,1.02,1.02,1.02,1.02,1.02
EA_y,3.551760937,3.518095215,3.486127961,3.455841366,3.427230449
EA_ygrowth,1,1,1,1,1
EA_ygrowth4,1,1,1,1,1
EA_z,1,1,1,1,1
EA_ybar,3.551760937,3.518095215,3.486127961,3.455841366,3.427230449
EAAEAB_excy,0.007836237,0.007678434,0.007527241,0.007382251,0.007243091
EAAEAC_excy,0.007015249,0.006871858,0.006734472,0.006602724,0.006476273
EAAEAD_excy,0.004788501,0.004686896,0.004589548,0.004496194,0.004406593
EAAEAE_excy,0.002729056,0.002673294,0.002619867,0.002568632,0.002519457
EAAEAF_excy,0.014825239,0.0145125,0.014212862,0.013925518,0.013649726
EAAEAG_excy,0.00060741,0.000594553,0.000582235,0.000570422,0.000559084
EAAEAH_excy,0.003743486,0.003665521,0.003590823,0.00351919,0.003450436
EAAEAI_excy,0.022086797,0.021624852,0.021182258,0.020757824,0.020350453
EAAEAJ_excy,0.004098626,0.00401287,0.003930706,0.003851914,0.003776289
EAAEAK_excy,0.000695165,0.000680429,0.00066631,0.000652771,0.000639775
EAAEAL_excy,0.034644721,0.033924606,0.033234657,0.032573015,0.031937975
EAARW_excy,0.115325033,0.119863397,0.124211654,0.128381504,0.132383706
EAAUS_excy,0.01463423,0.014292908,0.013965883,0.013652277,0.013351279
EAAEAB_exiy,0.003327305,0.003260301,0.003196104,0.003134541,0.003075453
EAAEAC_exiy,0.002459329,0.00240906,0.002360897,0.002314711,0.002270381
EAAEAD_exiy,0.002171965,0.00212588,0.002081724,0.002039381,0.00199874
EAAEAE_exiy,0.001171051,0.001147123,0.001124198,0.001102213,0.001081112
EAAEAF_exiy,0.005471537,0.005356115,0.005245528,0.005139478,0.005037692
EAAEAG_exiy,0.000132033,0.000129238,0.00012656,0.000123993,0.000121528
EAAEAH_exiy,0.001381401,0.001352631,0.001325066,0.001298632,0.001273261
EAAEAI_exiy,0.006084878,0.005957613,0.005835679,0.005718748,0.005606518
EAAEAJ_exiy,0.00167189,0.001636909,0.001603393,0.001571253,0.001540404
EAAEAK_exiy,0.000196836,0.000192663,0.000188666,0.000184832,0.000181152
EAAEAL_exiy,0.013816525,0.013529339,0.013254183,0.012990317,0.012737059
EAARW_exiy,0.023337033,0.022837795,0.022359469,0.021900769,0.021460511
EAAUS_exiy,0.005820114,0.005684369,0.005554309,0.005429586,0.005309878
EAA_fx,5.08747043,5.14211442,5.197033555,5.252358474,5.308236744
EAAEAB_gammaimc,0,0,0,0,0
EAAEAC_gammaimc,0,0,0,0,0
EAAEAD_gammaimc,0,0,0,0,0
EAAEAE_gammaimc,0,0,0,0,0
EAAEAF_gammaimc,0,0,0,0,0
EAAEAG_gammaimc,0,0,0,0,0
EAAEAH_gammaimc,0,0,0,0,0
EAAEAI_gammaimc,0,0,0,0,0
EAAEAJ_gammaimc,0,0,0,0,0
EAAEAK_gammaimc,0,0,0,0,0
EAAEAL_gammaimc,0,0,0,0,0
EAARW_gammaimc,0,0,0,0,0
EAAUS_gammaimc,0,0,0,0,0
EAAEAB_gammaimcdag,1,1,1,1,1
EAAEAC_gammaimcdag,1,1,1,1,1
EAAEAD_gammaimcdag,1,1,1,1,1
EAAEAE_gammaimcdag,1,1,1,1,1
EAAEAF_gammaimcdag,1,1,1,1,1
EAAEAG_gammaimcdag,1,1,1,1,1
EAAEAH_gammaimcdag,1,1,1,1,1
EAAEAI_gammaimcdag,1,1,1,1,1
EAAEAJ_gammaimcdag,1,1,1,1,1
EAAEAK_gammaimcdag,1,1,1,1,1
EAAEAL_gammaimcdag,1,1,1,1,1
EAARW_gammaimcdag,1,1,1,1,1
EAAUS_gammaimcdag,1,1,1,1,1
EAAEAB_gammaimi,0,0,0,0,0
EAAEAC_gammaimi,0,0,0,0,0
EAAEAD_gammaimi,0,0,0,0,0
EAAEAE_gammaimi,0,0,0,0,0
EAAEAF_gammaimi,0,0,0,0,0
EAAEAG_gammaimi,0,0,0,0,0
EAAEAH_gammaimi,0,0,0,0,0
EAAEAI_gammaimi,0,0,0,0,0
EAAEAJ_gammaimi,0,0,0,0,0
EAAEAK_gammaimi,0,0,0,0,0
EAAEAL_gammaimi,0,0,0,0,0
EAARW_gammaimi,0,0,0,0,0
EAAUS_gammaimi,0,0,0,0,0
EAAEAB_gammaimidag,1,1,1,1,1
EAAEAC_gammaimidag,1,1,1,1,1
EAAEAD_gammaimidag,1,1,1,1,1
EAAEAE_gammaimidag,1,1,1,1,1
EAAEAF_gammaimidag,1,1,1,1,1
EAAEAG_gammaimidag,1,1,1,1,1
EAAEAH_gammaimidag,1,1,1,1,1
EAAEAI_gammaimidag,1,1,1,1,1
EAAEAJ_gammaimidag,1,1,1,1,1
EAAEAK_gammaimidag,1,1,1,1,1
EAAEAL_gammaimidag,1,1,1,1,1
EAARW_gammaimidag,1,1,1,1,1
EAAUS_gammaimidag,1,1,1,1,1
EAAEAB_gammaimcg,0,0,0,0,0
EAAEAC_gammaimcg,0,0,0,0,0
EAAEAD_gammaimcg,0,0,0,0,0
EAAEAE_gammaimcg,0,0,0,0,0
EAAEAF_gammaimcg,0,0,0,0,0
EAAEAG_gammaimcg,0,0,0,0,0
EAAEAH_gammaimcg,0,0,0,0,0
EAAEAI_gammaimcg,0,0,0,0,0
EAAEAJ_gammaimcg,0,0,0,0,0
EAAEAK_gammaimcg,0,0,0,0,0
EAAEAL_gammaimcg,0,0,0,0,0
EAARW_gammaimcg,0,0,0,0,0
EAAUS_gammaimcg,0,0,0,0,0
EAAEAB_gammaimcgdag,1,1,1,1,1
EAAEAC_gammaimcgdag,1,1,1,1,1
EAAEAD_gammaimcgdag,1,1,1,1,1
EAAEAE_gammaimcgdag,1,1,1,1,1
EAAEAF_gammaimcgdag,1,1,1,1,1
EAAEAG_gammaimcgdag,1,1,1,1,1
EAAEAH_gammaimcgdag,1,1,1,1,1
EAAEAI_gammaimcgdag,1,1,1,1,1
EAAEAJ_gammaimcgdag,1,1,1,1,1
EAAEAK_gammaimcgdag,1,1,1,1,1
EAAEAL_gammaimcgdag,1,1,1,1,1
EAARW_gammaimcgdag,1,1,1,1,1
EAAUS_gammaimcgdag,1,1,1,1,1
EAAEAB_gammaimig,0,0,0,0,0
EAAEAC_gammaimig,0,0,0,0,0
EAAEAD_gammaimig,0,0,0,0,0
EAAEAE_gammaimig,0,0,0,0,0
EAAEAF_gammaimig,0,0,0,0,0
EAAEAG_gammaimig,0,0,0,0,0
EAAEAH_gammaimig,0,0,0,0,0
EAAEAI_gammaimig,0,0,0,0,0
EAAEAJ_gammaimig,0,0,0,0,0
EAAEAK_gammaimig,0,0,0,0,0
EAAEAL_gammaimig,0,0,0,0,0
EAARW_gammaimig,0,0,0,0,0
EAAUS_gammaimig,0,0,0,0,0
EAAEAB_gammaimigdag,1,1,1,1,1
EAAEAC_gammaimigdag,1,1,1,1,1
EAAEAD_gammaimigdag,1,1,1,1,1
EAAEAE_gammaimigdag,1,1,1,1,1
EAAEAF_gammaimigdag,1,1,1,1,1
EAAEAG_gammaimigdag,1,1,1,1,1
EAAEAH_gammaimigdag,1,1,1,1,1
EAAEAI_gammaimigdag,1,1,1,1,1
EAAEAJ_gammaimigdag,1,1,1,1,1
EAAEAK_gammaimigdag,1,1,1,1,1
EAAEAL_gammaimigdag,1,1,1,1,1
EAARW_gammaimigdag,1,1,1,1,1
EAAUS_gammaimigdag,1,1,1,1,1
EAA_gx,6.104964516,6.170537304,6.236440266,6.302830169,6.369884093
EAAEAB_im,0.072264306,0.073740933,0.07521329,0.076681388,0.078145238
EAAEAC_im,0.076301796,0.077890539,0.079475942,0.08105801,0.082636748
EAAEAD_im,0.03402722,0.034763034,0.035498494,0.036233598,0.036968348
EAAEAE_im,0.03549256,0.036227903,0.036961532,0.037693449,0.038423655
EAAEAF_im,0.117021747,0.119534679,0.122045629,0.124554594,0.127061572
EAAEAG_im,0.010615655,0.010844811,0.01107384,0.011302744,0.01153152
EAAEAH_im,0.023259231,0.023754733,0.024249659,0.024744008,0.025237779
EAAEAI_im,0.123470065,0.126096934,0.128720693,0.131341342,0.13395888
EAAEAJ_im,0.039963372,0.040816163,0.041668059,0.04251906,0.043369166
EAAEAK_im,0.006952645,0.007102941,0.007253164,0.007403313,0.007553389
EAAEAL_im,0.274528123,0.280332639,0.286128725,0.291916382,0.297695616
EAARW_im,1.446201058,1.477820005,1.509438638,1.541056927,1.572674843
EAAUS_im,0.12160546,0.124489499,0.127384008,0.130289041,0.133204654
EAAEAB_imc,0.044024855,0.044924445,0.045821434,0.046715829,0.047607635
EAAEAC_imc,0.049121301,0.050144097,0.051164742,0.052183241,0.053199595
EAAEAD_imc,0.022138318,0.022617044,0.023095539,0.023573802,0.024051835
EAAEAE_imc,0.020016331,0.020431035,0.020844771,0.021257541,0.021669348
EAAEAF_imc,0.070310964,0.071820826,0.073329497,0.074836975,0.076343259
EAAEAG_imc,0.008396778,0.008578036,0.008759194,0.008940252,0.00912121
EAAEAH_imc,0.012042298,0.01229884,0.012555085,0.01281103,0.013066677
EAAEAI_imc,0.075658895,0.077268565,0.078876329,0.080482187,0.082086139
EAAEAJ_imc,0.027309506,0.027892272,0.028474426,0.029055969,0.0296369
EAAEAK_imc,0.005479082,0.005597524,0.005715908,0.005834234,0.005952502
EAAEAL_imc,0.146171979,0.149262583,0.152348697,0.155430325,0.158507467
EAARW_imc,0.923364062,0.943551988,0.963739713,0.983927219,1.004114485
EAAUS_imc,0.068318623,0.069938892,0.071565043,0.073197107,0.074835115
EAARW_imcy,0.111912,0.111912,0.111912,0.111912,0.111912
EAAEAB_imi,0.018387653,0.018763381,0.019138022,0.01951158,0.019884056
EAAEAC_imi,0.013706142,0.013991529,0.014276316,0.014560504,0.014844094
EAAEAD_imi,0.007700285,0.007866798,0.008033231,0.008199583,0.008365855
EAAEAE_imi,0.011196875,0.011428855,0.011660293,0.011891192,0.012121551
EAAEAF_imi,0.030209487,0.030858207,0.031506416,0.032154112,0.032801295
EAAEAG_imi,0.001185427,0.001211017,0.001236592,0.001262153,0.0012877
EAAEAH_imi,0.006562794,0.006702605,0.006842252,0.006981737,0.007121059
EAAEAI_imi,0.034134235,0.034860453,0.035585811,0.036310309,0.037033947
EAAEAJ_imi,0.007740928,0.007906114,0.008071127,0.008235966,0.008400632
EAAEAK_imi,0.000912206,0.000931925,0.000951635,0.000971335,0.000991025
EAAEAL_imi,0.091717516,0.093656756,0.095593179,0.097526786,0.099457579
EAARW_imi,0.332507432,0.339777192,0.34704688,0.354316489,0.361586012
EAAUS_imi,0.035012239,0.035842602,0.036675979,0.037512386,0.03835184
EAARW_imiy,0.0403,0.0403,0.0403,0.0403,0.0403
EAAEAB_imcg,0.00780675,0.007966271,0.00812533,0.00828393,0.00844207
EAAEAC_imcg,0.011949414,0.012198222,0.012446508,0.012694272,0.012941513
EAAEAD_imcg,0.003331854,0.003403903,0.003475917,0.003547897,0.003619841
EAAEAE_imcg,0.003036961,0.003099881,0.003162655,0.003225282,0.003287763
EAAEAF_imcg,0.013143292,0.013425532,0.013707549,0.013989344,0.014270915
EAAEAG_imcg,0.000904268,0.000923788,0.000943298,0.000962796,0.000982284
EAAEAH_imcg,0.003926213,0.004009855,0.0040934,0.004176847,0.004260197
EAAEAI_imcg,0.00988295,0.010093214,0.010303228,0.010512993,0.01072251
EAAEAJ_imcg,0.004053452,0.004139949,0.004226356,0.004312673,0.004398898
EAAEAK_imcg,0.00046195,0.000471936,0.000481918,0.000491894,0.000501865
EAAEAL_imcg,0.026445292,0.027004441,0.027562778,0.028120303,0.028677017
EAARW_imcg,0.153390711,0.156744362,0.160097979,0.163451559,0.1668051
EAAUS_imcg,0.014381535,0.014722612,0.015064928,0.015408489,0.0157533
EAARW_imcgy,0.018591,0.018591,0.018591,0.018591,0.018591
EAAEAB_imig,0.002045048,0.002086836,0.002128503,0.00217005,0.002211476
EAAEAC_imig,0.001524938,0.00155669,0.001588375,0.001619994,0.001651546
EAAEAD_imig,0.000856762,0.000875289,0.000893807,0.000912316,0.000930816
EAAEAE_imig,0.001242393,0.001268133,0.001293813,0.001319434,0.001344994
EAAEAF_imig,0.003358004,0.003430114,0.003502168,0.003574164,0.003646103
EAAEAG_imig,0.000129181,0.00013197,0.000134757,0.000137542,0.000140326
EAAEAH_imig,0.000727926,0.000743433,0.000758922,0.000774394,0.000789847
EAAEAI_imig,0.003793984,0.003874702,0.003955325,0.004035852,0.004116284
EAAEAJ_imig,0.000859487,0.000877828,0.000896149,0.000914452,0.000932735
EAAEAK_imig,9.94E-05,0.000101556,0.000103704,0.000105851,0.000107996
EAAEAL_imig,0.010193335,0.010408859,0.01062407,0.010838968,0.011053553
EAARW_imig,0.036938853,0.037746464,0.038554067,0.039361661,0.040169245
EAAUS_imig,0.003893064,0.003985393,0.004078057,0.004171059,0.004264399
EAARW_imigy,0.004477,0.004477,0.004477,0.004477,0.004477
EAA_piex,1.004962932,1.004962932,1.004962932,1.004962932,1.004962932
EAA_pextilde,1.041437031,1.049977471,1.058613306,1.067368677,1.076271082
EAAEAB_rer,0.879165384,0.871076553,0.863408314,0.856156401,0.849319739
EAAEAC_rer,0.860496941,0.852176425,0.84427489,0.836787602,0.829712959
EAAEAD_rer,0.953597343,0.943526968,0.933935474,0.924816467,0.916167001
EAAEAE_rer,0.71751138,0.710708425,0.704252666,0.698140332,0.692370259
EAAEAF_rer,0.83864141,0.829969531,0.821715744,0.813874672,0.806443987
EAAEAG_rer,0.722685384,0.715099101,0.707874959,0.701008174,0.694496622
EAAEAH_rer,0.885279863,0.876324306,0.867807664,0.859724492,0.852072563
EAAEAI_rer,0.888725687,0.879805121,0.871322959,0.863273866,0.855655736
EAAEAJ_rer,0.902612597,0.893316382,0.884469159,0.876065209,0.868102087
EAAEAK_rer,0.896856451,0.887401114,0.878395719,0.869834279,0.861714053
EAAEAL_rer,0.89995528,0.890954585,0.882397107,0.874277496,0.866593671
EAARW_rer,0.607094278,0.600628438,0.594477482,0.588637068,0.583105079
EAAUS_rer,0.592864728,0.585541349,0.578537538,0.571847723,0.565468502
EAA_sx,1,1,1,1,1
EAAEAB_tot,0.766113536,0.752664128,0.739727352,0.727273949,0.715276877
EAAEAC_tot,0.74450133,0.731153228,0.71831319,0.705952238,0.694043589
EAAEAD_tot,0.858681757,0.842624143,0.82717626,0.812303373,0.797973355
EAAEAE_tot,0.592152643,0.581595003,0.571439577,0.561663419,0.552245321
EAAEAF_tot,0.723519367,0.710093749,0.697178196,0.684743642,0.672763226
EAAEAG_tot,0.597622923,0.586468837,0.575738241,0.565407007,0.555452876
EAAEAH_tot,0.792308544,0.777736365,0.763718545,0.750223486,0.737221983
EAAEAI_tot,0.781619414,0.76726495,0.753456067,0.740161667,0.727353006
EAAEAJ_tot,0.818973851,0.803883032,0.789365581,0.775388822,0.761922549
EAAEAK_tot,0.776621561,0.762103825,0.748137258,0.734690461,0.721734396
EAAEAL_tot,0.807271321,0.792547996,0.778384529,0.764749003,0.751611913
EAARW_tot,0.550403685,0.539984557,0.529960907,0.520310211,0.511011646
EAAUS_tot,0.537758222,0.526623564,0.515910679,0.505595584,0.495656112
EAAEAB_weight,0.035072054,0.034748169,0.034437853,0.03414027,0.033854654
EAAEAC_weight,0.033369492,0.033087937,0.032818178,0.032559489,0.032311204
EAAEAD_weight,0.022610144,0.022372301,0.022144427,0.021925909,0.021716182
EAAEAE_weight,0.012898042,0.012784292,0.012675309,0.012570798,0.01247049
EAAEAF_weight,0.061415506,0.06078634,0.060183541,0.059605486,0.059050684
EAAEAG_weight,0.003484734,0.003461553,0.003439345,0.003418048,0.003397609
EAAEAH_weight,0.014147141,0.013988881,0.013837251,0.013691844,0.013552284
EAAEAI_weight,0.07630884,0.075439329,0.074606251,0.073807362,0.073040602
EAAEAJ_weight,0.022017692,0.021806977,0.021605093,0.021411496,0.021225686
EAAEAK_weight,0.003528302,0.003497664,0.00346831,0.003440162,0.003413146
EAAEAL_weight,0.148462151,0.147026813,0.145651619,0.144332869,0.143067158
EAARW_weight,0.50100163,0.505875609,0.510547214,0.515028902,0.519332125
EAAUS_weight,0.065684272,0.065124136,0.06458561,0.064067364,0.063568175
EAAEAB_weightex,0.032986933,0.032340978,0.031722085,0.031128588,0.030558957
EAAEAC_weightex,0.028627241,0.028065709,0.027527704,0.027011777,0.026516597
EAAEAD_weightex,0.025586996,0.025112643,0.024658173,0.024222362,0.023804084
EAAEAE_weightex,0.011692649,0.011465788,0.011248431,0.011039996,0.010839942
EAAEAF_weightex,0.065962015,0.064707208,0.063504989,0.06235212,0.061245626
EAAEAG_weightex,0.00271452,0.002668289,0.002623996,0.002581523,0.002540759
EAAEAH_weightex,0.015911968,0.015596334,0.015293924,0.015003925,0.014725588
EAAEAI_weightex,0.087761315,0.086027168,0.084365681,0.082772382,0.081243159
EAAEAJ_weightex,0.022061837,0.021641589,0.021238953,0.020852844,0.020482265
EAAEAK_weightex,0.003432024,0.00337092,0.003312377,0.003256239,0.003202359
EAAEAL_weightex,0.148137605,0.145274974,0.142532296,0.139902187,0.13737786
EAARW_weightex,0.467782351,0.477502988,0.486820012,0.495758266,0.504340591
EAAUS_weightex,0.087342546,0.086225412,0.085151379,0.084117793,0.083122212
EAAEAB_weightim,0.037168929,0.037168929,0.037168929,0.037168929,0.037168929
EAAEAC_weightim,0.038138474,0.038138474,0.038138474,0.038138474,0.038138474
EAAEAD_weightim,0.019616512,0.019616512,0.019616512,0.019616512,0.019616512
EAAEAE_weightim,0.014110229,0.014110229,0.014110229,0.014110229,0.014110229
EAAEAF_weightim,0.05684337,0.05684337,0.05684337,0.05684337,0.05684337
EAAEAG_weightim,0.004259289,0.004259289,0.004259289,0.004259289,0.004259289
EAAEAH_weightim,0.012372366,0.012372366,0.012372366,0.012372366,0.012372366
EAAEAI_weightim,0.064791807,0.064791807,0.064791807,0.064791807,0.064791807
EAAEAJ_weightim,0.021973298,0.021973298,0.021973298,0.021973298,0.021973298
EAAEAK_weightim,0.003625122,0.003625122,0.003625122,0.003625122,0.003625122
EAAEAL_weightim,0.148788526,0.148788526,0.148788526,0.148788526,0.148788526
EAARW_weightim,0.534408166,0.534408166,0.534408166,0.534408166,0.534408166
EAAUS_weightim,0.043903911,0.043903911,0.043903911,0.043903911,0.043903911
EAA_b,11.35068053,11.47259701,11.59512737,11.71856307,11.84323335
EAA_bf,-1.202531185,-1.230649076,-1.258850163,-1.28713478,-1.315503259
EAA_by,2.4,2.4,2.4,2.4,2.4
EAA_c,2.639481342,2.667831736,2.696324881,2.725028555,2.754019318
EAA_ci,3.078921875,3.111992254,3.14522915,3.178711626,3.212528987
EAA_cj,1.321159743,1.335350182,1.349612073,1.363979342,1.37849031
EAA_cy,0.55809475,0.55809475,0.55809475,0.55809475,0.55809475
EAA_d,0.641052654,0.647938134,0.654858283,0.661829564,0.668870571
EAA_dn,0.32108103,0.325693767,0.33035053,0.335062942,0.339844298
EAA_dt,0.319971624,0.322244366,0.324507754,0.326766623,0.329026273
EAA_etot,0.637546418,0.62466571,0.612309829,0.600446723,0.589046935
EAA_ex,1.497883934,1.501658007,1.505315221,1.508860836,1.512299794
EAA_fh,9.414452571,9.439352393,9.463015682,9.485462931,9.506706506
EAA_fi,190.0924185,218.3917828,250.7086724,287.6790697,330.0724897
EAA_fj,7.040459944,8.088584547,9.285506386,10.65478036,12.22490703
EAA_fn,16.81918842,17.06081744,17.30475264,17.55160293,17.80206472
EAA_cg,0.919360054,0.92342795,0.927359973,0.931162626,0.934842003
EAA_gammab,0,0,0,0,0
EAA_gammai,0,0,0,0,0
EAA_gammaider,0,0,0,0,0
EAA_gammau,0,0,0,0,0
EAA_gammauder,0.032417068,0.032417068,0.032417068,0.032417068,0.032417068
EAA_gammav,0.000266635,0.000269499,0.000272377,0.000275277,0.000278205
EAA_gammavi,0.000101018,0.000101018,0.000101018,0.000101018,0.000101018
EAA_gammavider,0.002165194,0.002165194,0.002165194,0.002165194,0.002165194
EAA_gammavj,0.000101018,0.000101018,0.000101018,0.000101018,0.000101018
EAA_gammavjder,0.002165194,0.002165194,0.002165194,0.002165194,0.002165194
EAA_gh,11.29734309,11.32722287,11.35561882,11.38255552,11.40804781
EAA_gi,9.887516629,10.24561159,10.61455498,10.99552378,11.38991156
EAA_gj,7.680850455,7.959026863,8.24563058,8.541575912,8.847945413
EAA_gn,25.22878264,25.59122616,25.95712896,26.32740439,26.70309708
EAA_cgy,0.2,0.2,0.2,0.2,0.2
EAA_ht,0.941304712,0.936117569,0.930808602,0.925363264,0.919764391
EAA_htc,0.028795231,0.0223427,0.01581007,0.009180795,0.00243584
EAA_hti,0.267431412,0.267321435,0.267210791,0.267099695,0.266988338
EAA_htcg,0.54631547,0.547497426,0.548644059,0.549756905,0.550837406
EAA_htig,0.098762599,0.098956007,0.099143681,0.099325869,0.099502807
EAA_i,0.996516264,1.004910312,1.013091548,1.021067537,1.028845492
EAA_ig,0.187173791,0.188149032,0.189092404,0.19000538,0.190889344
EAA_ii,1.328688352,1.339880417,1.35078873,1.361423383,1.371793989
EAA_im,2.291557871,2.340905443,2.390219455,2.439499826,2.488746476
EAA_imc,1.417481887,1.44802049,1.478538941,1.50903719,1.539515189
EAA_imi,0.567690464,0.579902258,0.592105169,0.604299177,0.616484263
EAA_imcg,0.243310249,0.248550593,0.253787398,0.259020657,0.264250358
EAA_imig,0.063075271,0.064432102,0.065787947,0.067142802,0.068496665
EAA_imy,0.327989,0.327989,0.327989,0.327989,0.327989
EAA_internalrer,1.900135123,1.942407064,1.986053934,2.031254157,2.078217649
EAA_igy,0.04,0.04,0.04,0.04,0.04
EAA_k,39.86065055,40.1964125,40.52366191,40.84270149,41.15381967
EAA_kd,39.86065055,40.1964125,40.52366191,40.84270149,41.15381967
EAA_kdn,18.21349108,18.43278982,18.64937301,18.86351247,19.0754995
EAA_kdt,21.64715947,21.76362268,21.87428891,21.97918902,22.07832017
EAA_ki,53.14753406,53.59521666,54.03154922,54.45693532,54.87175956
EAA_lambdai,0.911109816,0.901427675,0.891901928,0.882507215,0.873217317
EAA_lambdaj,2.123313217,2.100749287,2.078549828,2.05665574,2.035005921
EAA_lcy,0.6051186,0.6051186,0.6051186,0.6051186,0.6051186
EAA_m,1.109025774,1.120937704,1.132909614,1.144969981,1.157150974
EAA_mcn,0.867864192,0.874981226,0.882177755,0.889473897,0.896892568
EAA_mct,0.867864192,0.874981226,0.882177755,0.889473897,0.896892568
EAA_mi,1.293664653,1.307559771,1.321524853,1.33559312,1.349802096
EAA_mj,0.555109136,0.561071505,0.567063896,0.573100564,0.579197609
EAA_nd,1.88636516,1.88636516,1.88636516,1.88636516,1.88636516
EAA_ndi,0.862038175,0.862038175,0.862038175,0.862038175,0.862038175
EAA_ndj,1.124185365,1.124185365,1.124185365,1.124185365,1.124185365
EAA_ndn,0.86193513,0.865026762,0.868123112,0.871232103,0.874362525
EAA_ndt,1.02443003,1.021338399,1.018242048,1.015133057,1.012002635
EAA_ni,0.862038175,0.862038175,0.862038175,0.862038175,0.862038175
EAA_nj,1.124185365,1.124185365,1.124185365,1.124185365,1.124185365
EAA_nt,1.681667755,1.691951977,1.702143709,1.712263143,1.722332041
EAA_ntc,1.27248784,1.280914071,1.289303309,1.297673342,1.306043671
EAA_nti,0.212731115,0.213894151,0.215024434,0.216123289,0.217191971
EAA_ntcg,0.163463812,0.16403131,0.164580216,0.165111411,0.165625721
EAA_ntig,0.032984988,0.033112444,0.033235751,0.033355102,0.033470678
EAA_pex,1.041437031,1.049977471,1.058613306,1.067368677,1.076271082
EAA_pht,1.041437031,1.049977471,1.058613306,1.067368677,1.076271082
EAA_phttilde,1.041437031,1.049977471,1.058613306,1.067368677,1.076271082
EAA_pi,0.949196796,0.951378187,0.953774233,0.956397972,0.959265624
EAA_pcg,1.028857019,1.03532685,1.041947725,1.048739388,1.055725042
EAA_pig,1.010707791,1.016268583,1.021998337,1.027915021,1.034040027
EAA_pic,1.004962932,1.004962932,1.004962932,1.004962932,1.004962932
EAA_pic4,1.02,1.02,1.02,1.02,1.02
EAA_piex4,1.02,1.02,1.02,1.02,1.02
EAA_piht,1.004962932,1.004962932,1.004962932,1.004962932,1.004962932
EAA_piimc,1.004962932,1.004962932,1.004962932,1.004962932,1.004962932
EAA_piimi,1.004962932,1.004962932,1.004962932,1.004962932,1.004962932
EAA_piimcg,1.004962932,1.004962932,1.004962932,1.004962932,1.004962932
EAA_piimig,1.004962932,1.004962932,1.004962932,1.004962932,1.004962932
EAA_piimc4,1.02,1.02,1.02,1.02,1.02
EAA_pim,0.676922747,0.669770329,0.662957646,0.656480163,0.650335805
EAA_pimc,0.672488036,0.665376122,0.658601835,0.652160661,0.646050532
EAA_pimi,0.687777085,0.6805254,0.673618602,0.667052105,0.660823825
EAA_pimcg,0.674613174,0.667483072,0.660691608,0.65423426,0.648108955
EAA_pimig,0.687801199,0.680549295,0.673642289,0.667075597,0.660847131
EAA_pint,1.004962932,1.004962932,1.004962932,1.004962932,1.004962932
EAA_piw,1.004962932,1.004962932,1.004962932,1.004962932,1.004962932
EAA_piw4,1.02,1.02,1.02,1.02,1.02
EAA_pnt,1.301796288,1.312471838,1.323266633,1.334210846,1.345338853
EAA_pnttilde,1.301796288,1.312471838,1.323266633,1.334210846,1.345338853
EAA_pttc,0.685107218,0.675693506,0.666279304,0.656840918,0.647352241
EAA_ptti,0.844013592,0.843895199,0.844022768,0.844403932,0.845049263
EAA_pttcg,0.96563374,0.971170329,0.976864762,0.982734391,0.988799856
EAA_pttig,0.943683686,0.948128564,0.952753347,0.957573193,0.962606513
EAA_py,1.147686248,1.157521578,1.167469969,1.177559299,1.187821357
EAA_q,0.949196796,0.951378187,0.953774233,0.956397972,0.959265624
EAA_qc,2.639747977,2.668101235,2.696597258,2.725303832,2.754297524
EAA_qi,0.996516264,1.004910312,1.013091548,1.021067537,1.028845492
EAA_qcg,0.919360054,0.92342795,0.927359973,0.931162626,0.934842003
EAA_qig,0.187173791,0.188149032,0.189092404,0.19000538,0.190889344
EAA_r,1.012417239,1.012417239,1.012417239,1.012417239,1.012417239
EAA_reer,0.711617171,0.703036899,0.694886779,0.687156222,0.679837719
EAA_rer,0.592864728,0.585541349,0.578537538,0.571847723,0.565468502
EAA_rerdep,1,1,1,1,1
EAA_rk,0.030770177,0.030840891,0.030918564,0.031003618,0.031096579
EAA_rp,0,0,0,0,0
EAA_rr,1.007417495,1.007417495,1.007417495,1.007417495,1.007417495
EAA_rrstar,1.007417068,1.007417068,1.007417068,1.007417068,1.007417068
EAA_sh,1,1,1,1,1
EAA_si,1,1,1,1,1
EAA_sj,1,1,1,1,1
EAA_snt,1,1,1,1,1
EAA_t,0,0,0,0,0
EAA_tauc,0.183,0.183,0.183,0.183,0.183
EAA_taud,0,0,0,0,0
EAA_tauk,0,0,0,0,0
EAA_taun,0.122,0.122,0.122,0.122,0.122
EAA_tauwf,0.219,0.219,0.219,0.219,0.219
EAA_tauwh,0.118,0.118,0.118,0.118,0.118
EAA_tb,0.008744148,0.008838068,0.008932461,0.009027551,0.009123592
EAA_tby,0.001848872,0.001848872,0.001848872,0.001848872,0.001848872
EAA_ti,0,0,0,0,0
EAA_tj,0,0,0,0,0
EAA_tot,0.537758222,0.526623564,0.515910679,0.505595584,0.495656112
EAA_tr,0.347879228,0.351615763,0.355371112,0.359154208,0.362975142
EAA_tri,0.231919483,0.234410506,0.236914072,0.239436136,0.241983426
EAA_trj,0.695758463,0.703231532,0.71074223,0.718308423,0.725950291
EAA_try,0.073555955,0.073555955,0.073555955,0.073555955,0.073555955
EAA_ttc,1.435144754,1.460629088,1.486621607,1.513203513,1.540469264
EAA_tti,0.792590871,0.800241193,0.807710385,0.81500436,0.822128776
EAA_ttcg,0.759183767,0.7627532,0.766203404,0.769540065,0.772768514
EAA_ttig,0.154965352,0.155834141,0.156674719,0.157488375,0.158276322
EAA_ty,0,0,0,0,0
EAA_u,1,1,1,1,1
EAA_utili,-39.78602067,-38.33492659,-36.89198062,-35.45370913,-34.0163488
EAA_utilj,-190.0237093,-188.5726153,-187.1296693,-185.6913978,-184.2540375
EAA_vj,2.38,2.38,2.38,2.38,2.38
EAA_w,1.244576765,1.257944635,1.271379814,1.284914263,1.298584082
EAA_wcst,0,0,0,0,0
EAA_whty,0.501909694,0.501946564,0.501983719,0.50202126,0.502059298
EAA_wi,1.395443776,1.410432092,1.425495878,1.440670966,1.455997834
EAA_witilde,1.395443776,1.410432092,1.425495878,1.440670966,1.455997834
EAA_wj,1.018337793,1.029275653,1.040268588,1.051342747,1.062527668
EAA_wjtilde,1.018337793,1.029275653,1.040268588,1.051342747,1.062527668
EAA_wnty,0.490019141,0.490019141,0.490019141,0.490019141,0.490019141
EAA_wy,0.496405743,0.496405743,0.496405743,0.496405743,0.496405743
EAA_y,4.120856401,4.129727553,4.138267532,4.146487242,4.154396226
EAA_ygap,0,0,0,0,0
EAA_ygrowth,1,1,1,1,1
EAA_ygrowth4,1,1,1,1,1
EAA_yhty,0.537115576,0.53545528,0.533792448,0.532122829,0.530441701
EAA_ynty,0.462884424,0.46454472,0.466207552,0.467877171,0.469558299
EAA_yshare,0.008143828,0.008323363,0.008502963,0.008682629,0.00886236
EAA_ysn,1.681667755,1.691951977,1.702143709,1.712263143,1.722332041
EAA_yst,2.439188646,2.437775576,2.436123823,2.434224099,2.432064185
EAA_zcon,1,1,1,1,1
EAA_zinv,1,1,1,1,1
EAA_zn,1,1,1,1,1
EAA_zt,1,1,1,1,1
EAA_gammav1,0.028706106,0.028706106,0.028706106,0.028706106,0.028706106
EAA_gammav2,0.150338345,0.150338345,0.150338345,0.150338345,0.150338345
EAA_nutc,0.057162478,0.046043814,0.033840434,0.020422955,0.005635704
EAA_nuti,0.570653243,0.576821636,0.582849317,0.588740587,0.594499581
EAA_nutcg,0.869256696,0.872387595,0.875394606,0.878284473,0.881063478
EAA_nutig,0.815406791,0.81952353,0.823489901,0.827313398,0.831001048
EAA_psit,0.048847858,0.048924904,0.049002549,0.049080998,0.049160487
EAAEAB_rerbar,0.879165384,0.871076553,0.863408314,0.856156401,0.849319739
EAAEAC_rerbar,0.860496941,0.852176425,0.84427489,0.836787602,0.829712959
EAAEAD_rerbar,0.953597343,0.943526968,0.933935474,0.924816467,0.916167001
EAAEAE_rerbar,0.71751138,0.710708425,0.704252666,0.698140332,0.692370259
EAAEAF_rerbar,0.83864141,0.829969531,0.821715744,0.813874672,0.806443987
EAAEAG_rerbar,0.722685384,0.715099101,0.707874959,0.701008174,0.694496622
EAAEAH_rerbar,0.885279863,0.876324306,0.867807664,0.859724492,0.852072563
EAAEAI_rerbar,0.888725687,0.879805121,0.871322959,0.863273866,0.855655736
EAAEAJ_rerbar,0.902612597,0.893316382,0.884469159,0.876065209,0.868102087
EAAEAK_rerbar,0.896856451,0.887401114,0.878395719,0.869834279,0.861714053
EAAEAL_rerbar,0.89995528,0.890954585,0.882397107,0.874277496,0.866593671
EAARW_rerbar,0.607094278,0.600628438,0.594477482,0.588637068,0.583105079
EAAUS_rerbar,0.592864728,0.585541349,0.578537538,0.571847723,0.565468502
EAA_pibar,0.949196796,0.951378187,0.953774233,0.956397972,0.959265624
EAA_psinbar,0.470866971,0.473746554,0.476600239,0.47943368,0.482252971
EAA_psitbar,0.119149141,0.119267937,0.119376276,0.119474149,0.119561461
EAA_pybar,1.147686248,1.157521578,1.167469969,1.177559299,1.187821357
EAA_qbar,0.949196796,0.951378187,0.953774233,0.956397972,0.959265624
EAA_trybar,0.073555955,0.073555955,0.073555955,0.073555955,0.073555955
EAA_ybar,4.120856401,4.129727553,4.138267532,4.146487242,4.154396226
EAA_ynbar,1.681667755,1.691951977,1.702143709,1.712263143,1.722332041
EAA_ytbar,2.439188646,2.437775576,2.436123823,2.434224099,2.432064185
EABEAA_excy,0.010377203,0.01059047,0.010803191,0.011015369,0.011227005
EABEAC_excy,0.001948496,0.001947895,0.001947295,0.001946697,0.0019461
EABEAD_excy,0.002836404,0.002833276,0.002830155,0.002827042,0.002823938
EABEAE_excy,0.000597162,0.000596982,0.000596803,0.000596624,0.000596445
EABEAF_excy,0.007638758,0.007631294,0.00762385,0.007616424,0.007609017
EABEAG_excy,0.000856185,0.000855286,0.000854389,0.000853495,0.000852603
EABEAH_excy,0.000598357,0.000597937,0.000597517,0.000597098,0.000596681
EABEAI_excy,0.01594625,0.015933599,0.015920981,0.015908395,0.015895841
EABEAJ_excy,0.005022856,0.00501883,0.005014814,0.005010808,0.005006813
EABEAK_excy,0.000478621,0.000478103,0.000477587,0.000477072,0.000476557
EABEAL_excy,0.061083767,0.061043366,0.061003069,0.060962875,0.060922783
EABRW_excy,0.060013119,0.05993626,0.059859597,0.05978313,0.059706858
EABUS_excy,0.020095471,0.020030133,0.019964962,0.019899957,0.019835118
EABEAA_exiy,0.004334197,0.004423272,0.004512118,0.004600737,0.00468913
EABEAC_exiy,0.001119143,0.001118797,0.001118453,0.001118109,0.001117766
EABEAD_exiy,0.001953302,0.001951148,0.001948999,0.001946855,0.001944717
EABEAE_exiy,0.000435928,0.000435797,0.000435666,0.000435535,0.000435405
EABEAF_exiy,0.004043316,0.004039366,0.004035425,0.004031495,0.004027574
EABEAG_exiy,0.000260687,0.000260413,0.00026014,0.000259868,0.000259596
EABEAH_exiy,0.000530828,0.000530455,0.000530083,0.000529712,0.000529341
EABEAI_exiy,0.005786617,0.005782027,0.005777448,0.005772881,0.005768325
EABEAJ_exiy,0.001734574,0.001733184,0.001731797,0.001730414,0.001729034
EABEAK_exiy,0.000242404,0.000242142,0.00024188,0.000241619,0.000241359
EABEAL_exiy,0.028551744,0.02853286,0.028514024,0.028495237,0.028476497
EABRW_exiy,0.032006997,0.031966005,0.031925118,0.031884336,0.031843658
EABUS_exiy,0.008014731,0.007988672,0.007962679,0.007936753,0.007910893
EAB_fx,3.985235599,3.983576698,3.981898971,3.980202874,3.978488851
EABEAA_gammaimc,0,0,0,0,0
EABEAC_gammaimc,0,0,0,0,0
EABEAD_gammaimc,0,0,0,0,0
EABEAE_gammaimc,0,0,0,0,0
EABEAF_gammaimc,0,0,0,0,0
EABEAG_gammaimc,0,0,0,0,0
EABEAH_gammaimc,0,0,0,0,0
EABEAI_gammaimc,0,0,0,0,0
EABEAJ_gammaimc,0,0,0,0,0
EABEAK_gammaimc,0,0,0,0,0
EABEAL_gammaimc,0,0,0,0,0
EABRW_gammaimc,0,0,0,0,0
EABUS_gammaimc,0,0,0,0,0
EABEAA_gammaimcdag,1,1,1,1,1
EABEAC_gammaimcdag,1,1,1,1,1
EABEAD_gammaimcdag,1,1,1,1,1
EABEAE_gammaimcdag,1,1,1,1,1
EABEAF_gammaimcdag,1,1,1,1,1
EABEAG_gammaimcdag,1,1,1,1,1
EABEAH_gammaimcdag,1,1,1,1,1
EABEAI_gammaimcdag,1,1,1,1,1
EABEAJ_gammaimcdag,1,1,1,1,1
EABEAK_gammaimcdag,1,1,1,1,1
EABEAL_gammaimcdag,1,1,1,1,1
EABRW_gammaimcdag,1,1,1,1,1
EABUS_gammaimcdag,1,1,1,1,1
EABEAA_gammaimi,0,0,0,0,0
EABEAC_gammaimi,0,0,0,0,0
EABEAD_gammaimi,0,0,0,0,0
EABEAE_gammaimi,0,0,0,0,0
EABEAF_gammaimi,0,0,0,0,0
EABEAG_gammaimi,0,0,0,0,0
EABEAH_gammaimi,0,0,0,0,0
EABEAI_gammaimi,0,0,0,0,0
EABEAJ_gammaimi,0,0,0,0,0
EABEAK_gammaimi,0,0,0,0,0
EABEAL_gammaimi,0,0,0,0,0
EABRW_gammaimi,0,0,0,0,0
EABUS_gammaimi,0,0,0,0,0
EABEAA_gammaimidag,1,1,1,1,1
EABEAC_gammaimidag,1,1,1,1,1
EABEAD_gammaimidag,1,1,1,1,1
EABEAE_gammaimidag,1,1,1,1,1
EABEAF_gammaimidag,1,1,1,1,1
EABEAG_gammaimidag,1,1,1,1,1
EABEAH_gammaimidag,1,1,1,1,1
EABEAI_gammaimidag,1,1,1,1,1
EABEAJ_gammaimidag,1,1,1,1,1
EABEAK_gammaimidag,1,1,1,1,1
EABEAL_gammaimidag,1,1,1,1,1
EABRW_gammaimidag,1,1,1,1,1
EABUS_gammaimidag,1,1,1,1,1
EABEAA_gammaimcg,0,0,0,0,0
EABEAC_gammaimcg,0,0,0,0,0
EABEAD_gammaimcg,0,0,0,0,0
EABEAE_gammaimcg,0,0,0,0,0
EABEAF_gammaimcg,0,0,0,0,0
EABEAG_gammaimcg,0,0,0,0,0
EABEAH_gammaimcg,0,0,0,0,0
EABEAI_gammaimcg,0,0,0,0,0
EABEAJ_gammaimcg,0,0,0,0,0
EABEAK_gammaimcg,0,0,0,0,0
EABEAL_gammaimcg,0,0,0,0,0
EABRW_gammaimcg,0,0,0,0,0
EABUS_gammaimcg,0,0,0,0,0
EABEAA_gammaimcgdag,1,1,1,1,1
EABEAC_gammaimcgdag,1,1,1,1,1
EABEAD_gammaimcgdag,1,1,1,1,1
EABEAE_gammaimcgdag,1,1,1,1,1
EABEAF_gammaimcgdag,1,1,1,1,1
EABEAG_gammaimcgdag,1,1,1,1,1
EABEAH_gammaimcgdag,1,1,1,1,1
EABEAI_gammaimcgdag,1,1,1,1,1
EABEAJ_gammaimcgdag,1,1,1,1,1
EABEAK_gammaimcgdag,1,1,1,1,1
EABEAL_gammaimcgdag,1,1,1,1,1
EABRW_gammaimcgdag,1,1,1,1,1
EABUS_gammaimcgdag,1,1,1,1,1
EABEAA_gammaimig,0,0,0,0,0
EABEAC_gammaimig,0,0,0,0,0
EABEAD_gammaimig,0,0,0,0,0
EABEAE_gammaimig,0,0,0,0,0
EABEAF_gammaimig,0,0,0,0,0
EABEAG_gammaimig,0,0,0,0,0
EABEAH_gammaimig,0,0,0,0,0
EABEAI_gammaimig,0,0,0,0,0
EABEAJ_gammaimig,0,0,0,0,0
EABEAK_gammaimig,0,0,0,0,0
EABEAL_gammaimig,0,0,0,0,0
EABRW_gammaimig,0,0,0,0,0
EABUS_gammaimig,0,0,0,0,0
EABEAA_gammaimigdag,1,1,1,1,1
EABEAC_gammaimigdag,1,1,1,1,1
EABEAD_gammaimigdag,1,1,1,1,1
EABEAE_gammaimigdag,1,1,1,1,1
EABEAF_gammaimigdag,1,1,1,1,1
EABEAG_gammaimigdag,1,1,1,1,1
EABEAH_gammaimigdag,1,1,1,1,1
EABEAI_gammaimigdag,1,1,1,1,1
EABEAJ_gammaimigdag,1,1,1,1,1
EABEAK_gammaimigdag,1,1,1,1,1
EABEAL_gammaimigdag,1,1,1,1,1
EABRW_gammaimigdag,1,1,1,1,1
EABUS_gammaimigdag,1,1,1,1,1
EAB_gx,4.782282719,4.780292037,4.778278765,4.776243448,4.774186621
EABEAA_im,0.059779609,0.058723378,0.057707282,0.056729031,0.05578651
EABEAC_im,0.018020109,0.018024883,0.018029621,0.018034324,0.018038992
EABEAD_im,0.021343216,0.021365652,0.021388069,0.021410467,0.021432845
EABEAE_im,0.006840485,0.006841603,0.006842705,0.006843791,0.006844861
EABEAF_im,0.039472968,0.039508652,0.039544282,0.039579858,0.03961538
EABEAG_im,0.005415652,0.005421145,0.005426633,0.005432117,0.005437596
EABEAH_im,0.013278082,0.013287866,0.013297619,0.013307342,0.013317034
EABEAI_im,0.08270138,0.082760041,0.082818566,0.082876958,0.082935216
EABEAJ_im,0.027934163,0.027955728,0.027977253,0.027998738,0.028020185
EABEAK_im,0.005450047,0.005455738,0.005461425,0.005467107,0.005472785
EABEAL_im,0.397936336,0.398167226,0.398397381,0.398626805,0.398855506
EABRW_im,0.79085313,0.791869821,0.792886247,0.793902409,0.794918306
EABUS_im,0.073053224,0.073279774,0.073507132,0.073735304,0.073964293
EABEAA_imc,0.036233776,0.035593571,0.034977692,0.034384752,0.033813469
EABEAC_imc,0.01025466,0.010257377,0.010260073,0.010262749,0.010265406
EABEAD_imc,0.012791285,0.012804731,0.012818166,0.012831589,0.012845001
EABEAE_imc,0.002995506,0.002995996,0.002996479,0.002996954,0.002997423
EABEAF_imc,0.02311204,0.023132934,0.023153796,0.023174626,0.023195424
EABEAG_imc,0.004319232,0.004323612,0.00432799,0.004332363,0.004336733
EABEAH_imc,0.005475799,0.005479834,0.005483856,0.005487866,0.005491863
EABEAI_imc,0.05175981,0.051796524,0.051833153,0.051869698,0.05190616
EABEAJ_imc,0.017165388,0.017178639,0.017191866,0.017205069,0.017218248
EABEAK_imc,0.003370592,0.003374112,0.003377629,0.003381143,0.003384655
EABEAL_imc,0.214422882,0.214547294,0.21467131,0.214794932,0.214918165
EABRW_imc,0.466091921,0.466691111,0.467290145,0.467889023,0.468487745
EABUS_imc,0.038548176,0.03866772,0.038787691,0.038908091,0.039028922
EABUS_imcy,0.006264,0.006264,0.006264,0.006264,0.006264
EABEAA_imi,0.015385042,0.015113208,0.014851702,0.014599937,0.014357367
EABEAC_imi,0.004916192,0.004917494,0.004918787,0.00492007,0.004921343
EABEAD_imi,0.006150916,0.006157382,0.006163842,0.006170297,0.006176746
EABEAE_imi,0.002906088,0.002906563,0.002907031,0.002907493,0.002907948
EABEAF_imi,0.011613194,0.011623693,0.011634175,0.011644642,0.011655093
EABEAG_imi,0.000730947,0.000731688,0.000732429,0.000733169,0.000733909
EABEAH_imi,0.005417324,0.005421315,0.005425295,0.005429262,0.005433216
EABEAI_imi,0.023066458,0.023082819,0.023099142,0.023115429,0.023131678
EABEAJ_imi,0.00722902,0.007234601,0.007240171,0.007245732,0.007251282
EABEAK_imi,0.001551069,0.001552689,0.001554307,0.001555924,0.00155754
EABEAL_imi,0.137879005,0.137959005,0.13803875,0.138118242,0.138197483
EABRW_imi,0.212946047,0.213219802,0.213493486,0.213767099,0.214040641
EABUS_imi,0.019477167,0.019537569,0.019598187,0.019659021,0.019720073
EABUS_imiy,0.003165,0.003165,0.003165,0.003165,0.003165
EABEAA_imcg,0.00644987,0.006335909,0.006226278,0.006120731,0.006019038
EABEAC_imcg,0.00230252,0.00230313,0.002303735,0.002304336,0.002304933
EABEAD_imcg,0.001718865,0.001720672,0.001722477,0.001724281,0.001726083
EABEAE_imcg,0.000614749,0.00061485,0.000614949,0.000615047,0.000615143
EABEAF_imcg,0.003457887,0.003461013,0.003464134,0.003467251,0.003470362
EABEAG_imcg,0.000282411,0.000282698,0.000282984,0.00028327,0.000283556
EABEAH_imcg,0.001783498,0.001784812,0.001786122,0.001787428,0.00178873
EABEAI_imcg,0.005313584,0.005317353,0.005321113,0.005324865,0.005328608
EABEAJ_imcg,0.002735633,0.002737744,0.002739852,0.002741957,0.002744057
EABEAK_imcg,0.000357939,0.000358313,0.000358686,0.000359059,0.000359432
EABEAL_imcg,0.030315016,0.030332605,0.030350138,0.030367616,0.030385039
EABRW_imcg,0.088155827,0.088269157,0.088382457,0.088495728,0.08860897
EABUS_imcg,0.0128617,0.012901586,0.012941615,0.012981786,0.013022102
EABUS_imcgy,0.00209,0.00209,0.00209,0.00209,0.00209
EABEAA_imig,0.00171092,0.00168069,0.001651609,0.001623611,0.001596636
EABEAC_imig,0.000546737,0.000546882,0.000547026,0.000547169,0.00054731
EABEAD_imig,0.00068215,0.000682868,0.000683584,0.0006843,0.000685015
EABEAE_imig,0.000324141,0.000324194,0.000324246,0.000324297,0.000324348
EABEAF_imig,0.001289847,0.001291013,0.001292177,0.001293339,0.0012945
EABEAG_imig,8.31E-05,8.31E-05,8.32E-05,8.33E-05,8.34E-05
EABEAH_imig,0.000601461,0.000601904,0.000602346,0.000602786,0.000603225
EABEAI_imig,0.002561528,0.002563345,0.002565158,0.002566967,0.002568771
EABEAJ_imig,0.000804122,0.000804743,0.000805363,0.000805981,0.000806599
EABEAK_imig,0.000170447,0.000170625,0.000170803,0.000170981,0.000171158
EABEAL_imig,0.015319434,0.015328323,0.015337183,0.015346015,0.015354819
EABRW_imig,0.023659336,0.023689751,0.023720159,0.023750559,0.02378095
EABUS_imig,0.002166181,0.002172899,0.00217964,0.002186406,0.002193196
EABUS_imigy,0.000352,0.000352,0.000352,0.000352,0.000352
EAB_piex,1.004962932,1.004962932,1.004962932,1.004962932,1.004962932
EAB_pextilde,0.907518677,0.90724561,0.906969744,0.90669115,0.906409898
EABEAA_rer,1.137442417,1.148004727,1.158200568,1.16801089,1.17741288
EABEAC_rer,0.97876572,0.978302564,0.977839657,0.977377032,0.976914725
EABEAD_rer,1.084662067,1.08317342,1.081684597,1.080195704,1.078706828
EABEAE_rer,0.816127879,0.815896631,0.815665838,0.81543551,0.815205661
EABEAF_rer,0.953906313,0.952808945,0.951711642,0.950614479,0.949517537
EABEAG_rer,0.82201301,0.820937148,0.81986118,0.818785181,0.817709269
EABEAH_rer,1.006954867,1.006024445,1.005095329,1.004167568,1.003241211
EABEAI_rer,1.010874294,1.010020437,1.009166746,1.008313276,1.007460084
EABEAJ_rer,1.026669855,1.025531429,1.024392683,1.023253704,1.022114579
EABEAK_rer,1.020122569,1.018740674,1.01735842,1.01597591,1.014593225
EABEAL_rer,1.023647309,1.022820076,1.021992831,1.021165637,1.02033855
EABRW_rer,0.690534783,0.689524286,0.688524158,0.687534505,0.686555431
EABUS_rer,0.674349489,0.672204237,0.670062505,0.667924368,0.665789897
EAB_sx,1,1,1,1,1
EABEAA_tot,1.305289559,1.328613869,1.351849432,1.374997691,1.398060013
EABEAC_tot,0.971789812,0.97142032,0.971051278,0.970682697,0.970314589
EABEAD_tot,1.120828332,1.119522123,1.118217757,1.116915262,1.115614639
EABEAE_tot,0.772930662,0.772715187,0.772500267,0.772285904,0.772072102
EABEAF_tot,0.944402275,0.943440403,0.942479948,0.941520927,0.940563364
EABEAG_tot,0.780070962,0.779190631,0.778311414,0.777433329,0.776556456
EABEAH_tot,1.03419207,1.033311321,1.032432481,1.031555561,1.030680575
EABEAI_tot,1.02023966,1.019398854,1.018559156,1.017720583,1.016883153
EABEAJ_tot,1.068998017,1.068050146,1.067103413,1.06615784,1.06521345
EABEAK_tot,1.013716015,1.012541711,1.011368927,1.010197688,1.009028
EABEAL_tot,1.053722826,1.05299026,1.052258684,1.051528114,1.050798562
EABRW_tot,0.718436183,0.717430972,0.716427352,0.715425338,0.714424949
EABUS_tot,0.701930192,0.699679371,0.697433558,0.69519276,0.69295699
EABEAA_weight,0.051848328,0.052290161,0.052730863,0.05317044,0.053608895
EABEAC_weight,0.013018473,0.013020891,0.013023302,0.013025707,0.013028106
EABEAD_weight,0.018901515,0.018893699,0.018885902,0.018878125,0.018870369
EABEAE_weight,0.004047322,0.004048434,0.004049543,0.00405065,0.004051754
EABEAF_weight,0.036745326,0.036731409,0.036717527,0.03670368,0.036689868
EABEAG_weight,0.003550624,0.003549185,0.003547749,0.003546318,0.00354489
EABEAH_weight,0.008144712,0.008144217,0.008143724,0.008143232,0.008142741
EABEAI_weight,0.067290261,0.067270561,0.067250912,0.067231312,0.067211762
EABEAJ_weight,0.024250858,0.024243545,0.024236252,0.024228976,0.02422172
EABEAK_weight,0.003577708,0.00357664,0.003575574,0.003574511,0.003573451
EABEAL_weight,0.292853695,0.292782618,0.292711723,0.292641009,0.292570475
EABRW_weight,0.401006134,0.400850015,0.400694295,0.400538973,0.400384048
EABUS_weight,0.074765044,0.074598626,0.074432634,0.074267067,0.074101921
EABEAA_weightex,0.045439293,0.046320338,0.04719913,0.048075676,0.048949985
EABEAC_weightex,0.012954381,0.012959201,0.012964009,0.012968805,0.012973589
EABEAD_weightex,0.019924856,0.019909269,0.019893722,0.019878215,0.019862748
EABEAE_weightex,0.00414401,0.004146228,0.00414844,0.004150647,0.004152848
EABEAF_weightex,0.045587417,0.045559664,0.045531982,0.04550437,0.045476829
EABEAG_weightex,0.003942735,0.003939866,0.003937004,0.003934149,0.003931302
EABEAH_weightex,0.006042791,0.006041805,0.006040821,0.00603984,0.006038862
EABEAI_weightex,0.071518976,0.071479693,0.07144051,0.071401427,0.071362444
EABEAJ_weightex,0.026180773,0.026166192,0.026151647,0.02613714,0.026122669
EABEAK_weightex,0.003031126,0.003028996,0.003026871,0.003024752,0.003022638
EABEAL_weightex,0.272560607,0.272418874,0.272277504,0.272136496,0.271995847
EABRW_weightex,0.377668908,0.377357596,0.37704708,0.376737358,0.376428426
EABUS_weightex,0.111004125,0.110672277,0.110341278,0.110011124,0.109681813
EABEAA_weightim,0.058295602,0.058295602,0.058295602,0.058295602,0.058295602
EABEAC_weightim,0.013082948,0.013082948,0.013082948,0.013082948,0.013082948
EABEAD_weightim,0.017872069,0.017872069,0.017872069,0.017872069,0.017872069
EABEAE_weightim,0.003950056,0.003950056,0.003950056,0.003950056,0.003950056
EABEAF_weightim,0.027850479,0.027850479,0.027850479,0.027850479,0.027850479
EABEAG_weightim,0.003156172,0.003156172,0.003156172,0.003156172,0.003156172
EABEAH_weightim,0.010259174,0.010259174,0.010259174,0.010259174,0.010259174
EABEAI_weightim,0.063036315,0.063036315,0.063036315,0.063036315,0.063036315
EABEAJ_weightim,0.022309428,0.022309428,0.022309428,0.022309428,0.022309428
EABEAK_weightim,0.004127551,0.004127551,0.004127551,0.004127551,0.004127551
EABEAL_weightim,0.313267865,0.313267865,0.313267865,0.313267865,0.313267865
EABRW_weightim,0.424482604,0.424482604,0.424482604,0.424482604,0.424482604
EABUS_weightim,0.038309737,0.038309737,0.038309737,0.038309737,0.038309737
EAB_b,9.408336039,9.404419709,9.400458936,9.396454792,9.39240833
EAB_bf,-0.876310162,-0.878740854,-0.881178313,-0.883622571,-0.886073655
EAB_by,2.4,2.4,2.4,2.4,2.4
EAB_c,2.187809564,2.186898863,2.185977827,2.185046705,2.184105743
EAB_ci,2.552052412,2.550990091,2.549915713,2.548829572,2.547731951
EAB_cj,1.095081021,1.09462518,1.094164167,1.093698106,1.093227119
EAB_cy,0.55809475,0.55809475,0.55809475,0.55809475,0.55809475
EAB_d,0.531354818,0.531133635,0.530909942,0.5306838,0.530455268
EAB_dn,0.250147753,0.250008984,0.24986868,0.249726879,0.249583618
EAB_dt,0.281207065,0.281124651,0.281041262,0.280956922,0.28087165
EAB_etot,0.879079242,0.879068321,0.879054847,0.879039045,0.879021127
EAB_ex,1.346504192,1.346348804,1.34619111,1.346031157,1.345868989
EAB_fh,9.532574965,9.530875225,9.529153624,9.527410601,9.525646589
EAB_fi,16.60205504,16.51250742,16.42239722,16.33176187,16.24063788
EAB_fj,0.614890927,0.611574349,0.608236934,0.604880069,0.601505107
EAB_fn,13.10349039,13.09622126,13.0888717,13.08144372,13.07393929
EAB_cg,0.838499174,0.838287863,0.838073809,0.837857067,0.83763769
EAB_gammab,0,0,0,0,0
EAB_gammai,0,0,0,0,0
EAB_gammaider,0,0,0,0,0
EAB_gammau,0,0,0,0,0
EAB_gammauder,0.032417068,0.032417068,0.032417068,0.032417068,0.032417068
EAB_gammav,0.000221008,0.000220916,0.000220823,0.000220729,0.000220634
EAB_gammavi,0.000101018,0.000101018,0.000101018,0.000101018,0.000101018
EAB_gammavider,0.002165194,0.002165194,0.002165194,0.002165194,0.002165194
EAB_gammavj,0.000101018,0.000101018,0.000101018,0.000101018,0.000101018
EAB_gammavjder,0.002165194,0.002165194,0.002165194,0.002165194,0.002165194
EAB_gh,11.43908996,11.43705027,11.43498435,11.43289272,11.43077591
EAB_gi,5.292513703,5.285181033,5.277772384,5.270290001,5.262736082
EAB_gj,4.111346439,4.105650253,4.099895044,4.094082556,4.088214498
EAB_gn,19.65523558,19.64433189,19.63330755,19.62216558,19.61090893
EAB_cgy,0.2,0.2,0.2,0.2,0.2
EAB_ht,1.093762009,1.093896129,1.094031196,1.094167177,1.094304039
EAB_htc,0.231446016,0.231631783,0.231819314,0.23200856,0.232199474
EAB_hti,0.229413441,0.229419085,0.229424805,0.229430598,0.229436463
EAB_htcg,0.542206371,0.542156799,0.542106449,0.542055335,0.542003473
EAB_htig,0.090696181,0.090688462,0.090680629,0.090672683,0.090664628
EAB_i,0.843423322,0.843098924,0.842769804,0.84243606,0.842097789
EAB_ig,0.168005142,0.167961523,0.167917257,0.167872356,0.167826832
EAB_ii,1.124564429,1.124131898,1.123693072,1.12324808,1.122797052
EAB_im,1.462752563,1.461337887,1.459907884,1.458462979,1.457003589
EAB_imc,0.840242445,0.839341862,0.838432413,0.837514361,0.83658796
EAB_imi,0.427125993,0.426816536,0.426502761,0.42618477,0.425862663
EAB_imcg,0.147925418,0.147755233,0.147583383,0.147409919,0.147234892
EAB_imig,0.047458706,0.047424257,0.047389328,0.04735393,0.047318074
EAB_imy,0.309869,0.309869,0.309869,0.309869,0.309869
EAB_internalrer,1.338934811,1.337962467,1.336980789,1.335990047,1.334990506
EAB_igy,0.04,0.04,0.04,0.04,0.04
EAB_k,33.73693286,33.72395695,33.71079216,33.69744241,33.68391155
EAB_kd,33.73693286,33.72395695,33.71079216,33.69744241,33.68391155
EAB_kdn,14.4892348,14.48165533,14.47397412,14.46619343,14.45831548
EAB_kdt,19.24769806,19.24230162,19.23681804,19.23124897,19.22559607
EAB_ki,44.98257715,44.96527593,44.94772288,44.92992321,44.91188207
EAB_lambdai,1.09920781,1.099665559,1.10012889,1.100597692,1.101071854
EAB_lambdaj,2.561669768,2.562736537,2.563816316,2.564908844,2.566013865
EAB_lcy,0.6051186,0.6051186,0.6051186,0.6051186,0.6051186
EAB_m,0.919247716,0.918865068,0.918478078,0.918086851,0.917691489
EAB_mcn,0.756265564,0.756038008,0.75580812,0.755575958,0.755341582
EAB_mct,0.756265564,0.756038008,0.75580812,0.755575958,0.755341582
EAB_mi,1.07229093,1.071844576,1.071393157,1.070936795,1.07047561
EAB_mj,0.460118076,0.459926546,0.459732843,0.459537019,0.459339125
EAB_nd,1.88636516,1.88636516,1.88636516,1.88636516,1.88636516
EAB_ndi,0.862038175,0.862038175,0.862038175,0.862038175,0.862038175
EAB_ndj,1.124185365,1.124185365,1.124185365,1.124185365,1.124185365
EAB_ndn,0.810150343,0.810038102,0.80992462,0.809809925,0.809694045
EAB_ndt,1.076214818,1.076327058,1.076440541,1.076555236,1.076671115
EAB_ni,0.862038175,0.862038175,0.862038175,0.862038175,0.862038175
EAB_nj,1.124185365,1.124185365,1.124185365,1.124185365,1.124185365
EAB_nt,1.503486731,1.503104952,1.502718345,1.502327016,1.501931069
EAB_ntc,1.129882502,1.129582131,1.129278098,1.128970485,1.128659375
EAB_nti,0.190873574,0.190825852,0.190777429,0.190728318,0.190678534
EAB_ntcg,0.152252457,0.152224487,0.152196137,0.152167414,0.152138326
EAB_ntig,0.030478197,0.030472482,0.030466682,0.030460798,0.030454833
EAB_pex,0.907518677,0.90724561,0.906969744,0.90669115,0.906409898
EAB_pht,0.907518677,0.90724561,0.906969744,0.90669115,0.906409898
EAB_phttilde,0.907518677,0.90724561,0.906969744,0.90669115,0.906409898
EAB_pi,0.929578283,0.929548859,0.929520225,0.929492381,0.929465324
EAB_pcg,0.9350373,0.93488368,0.934728623,0.934572173,0.93441437
EAB_pig,0.933338105,0.933191872,0.933044751,0.932896777,0.932747981
EAB_pic,1.004962932,1.004962932,1.004962932,1.004962932,1.004962932
EAB_pic4,1.02,1.02,1.02,1.02,1.02
EAB_piex4,1.02,1.02,1.02,1.02,1.02
EAB_piht,1.004962932,1.004962932,1.004962932,1.004962932,1.004962932
EAB_piimc,1.004962932,1.004962932,1.004962932,1.004962932,1.004962932
EAB_piimi,1.004962932,1.004962932,1.004962932,1.004962932,1.004962932
EAB_piimcg,1.004962932,1.004962932,1.004962932,1.004962932,1.004962932
EAB_piimig,1.004962932,1.004962932,1.004962932,1.004962932,1.004962932
EAB_piimc4,1.02,1.02,1.02,1.02,1.02
EAB_pim,0.830441113,0.830899022,0.831362616,0.831831779,0.832306397
EAB_pimc,0.828632441,0.829176235,0.829726048,0.830281753,0.830843224
EAB_pimi,0.841213972,0.841473464,0.841737873,0.842007115,0.842281105
EAB_pimcg,0.806153944,0.806746521,0.807345752,0.807951494,0.808563609
EAB_pimig,0.841209316,0.841469963,0.841735531,0.842005935,0.842281092
EAB_pint,1.004962932,1.004962932,1.004962932,1.004962932,1.004962932
EAB_piw,1.004962932,1.004962932,1.004962932,1.004962932,1.004962932
EAB_piw4,1.02,1.02,1.02,1.02,1.02
EAB_pnt,1.134398347,1.134057012,1.13371218,1.133363938,1.133012373
EAB_pnttilde,1.134398347,1.134057012,1.13371218,1.133363938,1.133012373
EAB_pttc,0.847239415,0.847600018,0.84796445,0.84833262,0.848704442
EAB_ptti,0.865832871,0.865894417,0.865958017,0.866023643,0.866091268
EAB_pttcg,0.888204914,0.888093269,0.887980651,0.887867092,0.887752624
EAB_pttig,0.88613506,0.886032374,0.885929382,0.885826106,0.885722569
EAB_py,0.994012577,0.993700363,0.993384947,0.99306641,0.992744832
EAB_q,0.929578283,0.929548859,0.929520225,0.929492381,0.929465324
EAB_qc,2.188030572,2.187119779,2.18619865,2.185267434,2.184326377
EAB_qi,0.843423322,0.843098924,0.842769804,0.84243606,0.842097789
EAB_qcg,0.838499174,0.838287863,0.838073809,0.837857067,0.83763769
EAB_qig,0.168005142,0.167961523,0.167917257,0.167872356,0.167826832
EAB_r,1.012417239,1.012417239,1.012417239,1.012417239,1.012417239
EAB_reer,0.847956346,0.847467915,0.846973604,0.846472754,0.845964548
EAB_rer,0.674349489,0.672204237,0.670062505,0.667924368,0.665789897
EAB_rerdep,1,1,1,1,1
EAB_rk,0.030134202,0.030133248,0.03013232,0.030131418,0.03013054
EAB_rp,0,0,0,0,0
EAB_rr,1.007417495,1.007417495,1.007417495,1.007417495,1.007417495
EAB_rrstar,1.007417068,1.007417068,1.007417068,1.007417068,1.007417068
EAB_sh,1,1,1,1,1
EAB_si,1,1,1,1,1
EAB_sj,1,1,1,1,1
EAB_snt,1,1,1,1,1
EAB_t,0,0,0,0,0
EAB_tauc,0.183,0.183,0.183,0.183,0.183
EAB_taud,0,0,0,0,0
EAB_tauk,0,0,0,0,0
EAB_taun,0.122,0.122,0.122,0.122,0.122
EAB_tauwf,0.219,0.219,0.219,0.219,0.219
EAB_tauwh,0.118,0.118,0.118,0.118,0.118
EAB_tb,0.007247837,0.00724482,0.007241769,0.007238684,0.007235567
EAB_tby,0.001848872,0.001848872,0.001848872,0.001848872,0.001848872
EAB_ti,0,0,0,0,0
EAB_tj,0,0,0,0,0
EAB_tot,0.701930192,0.699679371,0.697433558,0.69519276,0.69295699
EAB_tr,0.288349643,0.288229614,0.288108223,0.287985503,0.287861486
EAB_tri,0.192233093,0.192153074,0.192072147,0.191990333,0.191907655
EAB_trj,0.576699292,0.576459234,0.576216452,0.575971011,0.575722977
EAB_try,0.073555955,0.073555955,0.073555955,0.073555955,0.073555955
EAB_ttc,1.069702039,1.069029287,1.068349406,1.067662586,1.066969012
EAB_tti,0.655439814,0.655154064,0.654864176,0.654570237,0.654272334
EAB_ttcg,0.688256796,0.688070067,0.687880939,0.687689458,0.687495673
EAB_ttig,0.13793742,0.137898795,0.137859597,0.137819837,0.137779526
EAB_ty,0,0,0,0,0
EAB_u,1,1,1,1,1
EAB_utili,-65.27771667,-65.33426684,-65.39148272,-65.44934961,-65.50785314
EAB_utilj,-215.5154053,-215.5719555,-215.6291714,-215.6870383,-215.7455418
EAB_vj,2.38,2.38,2.38,2.38,2.38
EAB_w,1.03160303,1.031173613,1.030739323,1.030300278,1.029856593
EAB_wcst,0,0,0,0,0
EAB_whty,0.50132435,0.501323144,0.501321925,0.501320693,0.501319449
EAB_wi,1.156653465,1.156171994,1.15568506,1.155192793,1.154695324
EAB_witilde,1.156653465,1.156171994,1.15568506,1.155192793,1.154695324
EAB_wj,0.844078391,0.843727033,0.843371688,0.843012453,0.84264942
EAB_wjtilde,0.844078391,0.843727033,0.843371688,0.843012453,0.84264942
EAB_wnty,0.490019141,0.490019141,0.490019141,0.490019141,0.490019141
EAB_wy,0.496405743,0.496405743,0.496405743,0.496405743,0.496405743
EAB_y,3.943752932,3.943349885,3.942940651,3.94252535,3.942104096
EAB_ygap,0,0,0,0,0
EAB_ygrowth,1,1,1,1,1
EAB_ygrowth4,1,1,1,1,1
EAB_yhty,0.564925525,0.564985801,0.565046745,0.565108339,0.56517057
EAB_ynty,0.435074475,0.435014199,0.434953255,0.434891661,0.43482943
EAB_yshare,0.005828565,0.005837098,0.005845635,0.005854174,0.005862716
EAB_ysn,1.503486731,1.503104952,1.502718345,1.502327016,1.501931069
EAB_yst,2.440266201,2.440244933,2.440222306,2.440198334,2.440173027
EAB_zcon,1,1,1,1,1
EAB_zinv,1,1,1,1,1
EAB_zn,1,1,1,1,1
EAB_zt,1,1,1,1,1
EAB_gammav1,0.028706106,0.028706106,0.028706106,0.028706106,0.028706106
EAB_gammav2,0.150338345,0.150338345,0.150338345,0.150338345,0.150338345
EAB_nutc,0.256927408,0.256828574,0.256728562,0.256627391,0.256525083
EAB_nuti,0.393676777,0.393492033,0.393304616,0.393114582,0.392921987
EAB_nutcg,0.831323599,0.831108999,0.830891928,0.830672435,0.830450568
EAB_nutig,0.697904552,0.69771776,0.697528174,0.697335847,0.697140831
EAB_psit,0.047624657,0.047622136,0.047619589,0.047617014,0.047614414
EABEAA_rerbar,1.137442417,1.148004727,1.158200568,1.16801089,1.17741288
EABEAC_rerbar,0.97876572,0.978302564,0.977839657,0.977377032,0.976914725
EABEAD_rerbar,1.084662067,1.08317342,1.081684597,1.080195704,1.078706828
EABEAE_rerbar,0.816127879,0.815896631,0.815665838,0.81543551,0.815205661
EABEAF_rerbar,0.953906313,0.952808945,0.951711642,0.950614479,0.949517537
EABEAG_rerbar,0.82201301,0.820937148,0.81986118,0.818785181,0.817709269
EABEAH_rerbar,1.006954867,1.006024445,1.005095329,1.004167568,1.003241211
EABEAI_rerbar,1.010874294,1.010020437,1.009166746,1.008313276,1.007460084
EABEAJ_rerbar,1.026669855,1.025531429,1.024392683,1.023253704,1.022114579
EABEAK_rerbar,1.020122569,1.018740674,1.01735842,1.01597591,1.014593225
EABEAL_rerbar,1.023647309,1.022820076,1.021992831,1.021165637,1.02033855
EABRW_rerbar,0.690534783,0.689524286,0.688524158,0.687534505,0.686555431
EABUS_rerbar,0.674349489,0.672204237,0.670062505,0.667924368,0.665789897
EAB_pibar,0.929578283,0.929548859,0.929520225,0.929492381,0.929465324
EAB_psinbar,0.420976285,0.420869387,0.420761137,0.420651565,0.420540699
EAB_psitbar,0.116216841,0.116209677,0.116202383,0.116194959,0.116187408
EAB_pybar,0.994012577,0.993700363,0.993384947,0.99306641,0.992744832
EAB_qbar,0.929578283,0.929548859,0.929520225,0.929492381,0.929465324
EAB_trybar,0.073555955,0.073555955,0.073555955,0.073555955,0.073555955
EAB_ybar,3.943752932,3.943349885,3.942940651,3.94252535,3.942104096
EAB_ynbar,1.503486731,1.503104952,1.502718345,1.502327016,1.501931069
EAB_ytbar,2.440266201,2.440244933,2.440222306,2.440198334,2.440173027
EACEAA_excy,0.009279849,0.009473487,0.009666749,0.009859635,0.010052148
EACEAB_excy,0.001902672,0.001903259,0.001903845,0.00190443,0.001905014
EACEAD_excy,0.006774071,0.006768688,0.006763315,0.006757953,0.006752601
EACEAE_excy,0.001060396,0.001060404,0.001060411,0.001060419,0.001060427
EACEAF_excy,0.037553614,0.037528503,0.03750344,0.037478426,0.037453461
EACEAG_excy,0.001273504,0.00127256,0.001271617,0.001270676,0.001269737
EACEAH_excy,0.002257357,0.002256466,0.002255577,0.002254689,0.002253803
EACEAI_excy,0.014552187,0.014545131,0.014538089,0.01453106,0.014524045
EACEAJ_excy,0.023573854,0.023562229,0.023550627,0.023539047,0.02352749
EACEAK_excy,0.001684708,0.001683405,0.001682103,0.001680805,0.001679509
EACEAL_excy,0.034464396,0.034452233,0.034440094,0.034427979,0.034415887
EACRW_excy,0.06162144,0.061561519,0.061501714,0.061442025,0.061382452
EACUS_excy,0.020636277,0.02057553,0.020514901,0.020454389,0.020393995
EACEAA_exiy,0.002589323,0.002643353,0.002697279,0.002751099,0.002804815
EACEAB_exiy,0.000912161,0.000912442,0.000912723,0.000913004,0.000913284
EACEAD_exiy,0.002684939,0.002682806,0.002680676,0.002678551,0.00267643
EACEAE_exiy,0.000556528,0.000556532,0.000556536,0.00055654,0.000556544
EACEAF_exiy,0.014826495,0.014816581,0.014806686,0.01479681,0.014786954
EACEAG_exiy,0.000231484,0.000231312,0.000231141,0.00023097,0.000230799
EACEAH_exiy,0.002723351,0.002722276,0.002721203,0.002720133,0.002719064
EACEAI_exiy,0.004390818,0.004388689,0.004386565,0.004384444,0.004382327
EACEAJ_exiy,0.008804476,0.008800134,0.008795801,0.008791476,0.00878716
EACEAK_exiy,0.000498176,0.000497791,0.000497406,0.000497022,0.000496639
EACEAL_exiy,0.012277413,0.01227308,0.012268755,0.01226444,0.012260132
EACRW_exiy,0.032914263,0.032882257,0.032850313,0.032818431,0.032786611
EACUS_exiy,0.008222267,0.008198063,0.008173906,0.008149796,0.008125732
EAC_fx,4.513365735,4.512229953,4.511075341,4.509902232,4.508710955
EACEAA_gammaimc,0,0,0,0,0
EACEAB_gammaimc,0,0,0,0,0
EACEAD_gammaimc,0,0,0,0,0
EACEAE_gammaimc,0,0,0,0,0
EACEAF_gammaimc,0,0,0,0,0
EACEAG_gammaimc,0,0,0,0,0
EACEAH_gammaimc,0,0,0,0,0
EACEAI_gammaimc,0,0,0,0,0
EACEAJ_gammaimc,0,0,0,0,0
EACEAK_gammaimc,0,0,0,0,0
EACEAL_gammaimc,0,0,0,0,0
EACRW_gammaimc,0,0,0,0,0
EACUS_gammaimc,0,0,0,0,0
EACEAA_gammaimcdag,1,1,1,1,1
EACEAB_gammaimcdag,1,1,1,1,1
EACEAD_gammaimcdag,1,1,1,1,1
EACEAE_gammaimcdag,1,1,1,1,1
EACEAF_gammaimcdag,1,1,1,1,1
EACEAG_gammaimcdag,1,1,1,1,1
EACEAH_gammaimcdag,1,1,1,1,1
EACEAI_gammaimcdag,1,1,1,1,1
EACEAJ_gammaimcdag,1,1,1,1,1
EACEAK_gammaimcdag,1,1,1,1,1
EACEAL_gammaimcdag,1,1,1,1,1
EACRW_gammaimcdag,1,1,1,1,1
EACUS_gammaimcdag,1,1,1,1,1
EACEAA_gammaimi,0,0,0,0,0
EACEAB_gammaimi,0,0,0,0,0
EACEAD_gammaimi,0,0,0,0,0
EACEAE_gammaimi,0,0,0,0,0
EACEAF_gammaimi,0,0,0,0,0
EACEAG_gammaimi,0,0,0,0,0
EACEAH_gammaimi,0,0,0,0,0
EACEAI_gammaimi,0,0,0,0,0
EACEAJ_gammaimi,0,0,0,0,0
EACEAK_gammaimi,0,0,0,0,0
EACEAL_gammaimi,0,0,0,0,0
EACRW_gammaimi,0,0,0,0,0
EACUS_gammaimi,0,0,0,0,0
EACEAA_gammaimidag,1,1,1,1,1
EACEAB_gammaimidag,1,1,1,1,1
EACEAD_gammaimidag,1,1,1,1,1
EACEAE_gammaimidag,1,1,1,1,1
EACEAF_gammaimidag,1,1,1,1,1
EACEAG_gammaimidag,1,1,1,1,1
EACEAH_gammaimidag,1,1,1,1,1
EACEAI_gammaimidag,1,1,1,1,1
EACEAJ_gammaimidag,1,1,1,1,1
EACEAK_gammaimidag,1,1,1,1,1
EACEAL_gammaimidag,1,1,1,1,1
EACRW_gammaimidag,1,1,1,1,1
EACUS_gammaimidag,1,1,1,1,1
EACEAA_gammaimcg,0,0,0,0,0
EACEAB_gammaimcg,0,0,0,0,0
EACEAD_gammaimcg,0,0,0,0,0
EACEAE_gammaimcg,0,0,0,0,0
EACEAF_gammaimcg,0,0,0,0,0
EACEAG_gammaimcg,0,0,0,0,0
EACEAH_gammaimcg,0,0,0,0,0
EACEAI_gammaimcg,0,0,0,0,0
EACEAJ_gammaimcg,0,0,0,0,0
EACEAK_gammaimcg,0,0,0,0,0
EACEAL_gammaimcg,0,0,0,0,0
EACRW_gammaimcg,0,0,0,0,0
EACUS_gammaimcg,0,0,0,0,0
EACEAA_gammaimcgdag,1,1,1,1,1
EACEAB_gammaimcgdag,1,1,1,1,1
EACEAD_gammaimcgdag,1,1,1,1,1
EACEAE_gammaimcgdag,1,1,1,1,1
EACEAF_gammaimcgdag,1,1,1,1,1
EACEAG_gammaimcgdag,1,1,1,1,1
EACEAH_gammaimcgdag,1,1,1,1,1
EACEAI_gammaimcgdag,1,1,1,1,1
EACEAJ_gammaimcgdag,1,1,1,1,1
EACEAK_gammaimcgdag,1,1,1,1,1
EACEAL_gammaimcgdag,1,1,1,1,1
EACRW_gammaimcgdag,1,1,1,1,1
EACUS_gammaimcgdag,1,1,1,1,1
EACEAA_gammaimig,0,0,0,0,0
EACEAB_gammaimig,0,0,0,0,0
EACEAD_gammaimig,0,0,0,0,0
EACEAE_gammaimig,0,0,0,0,0
EACEAF_gammaimig,0,0,0,0,0
EACEAG_gammaimig,0,0,0,0,0
EACEAH_gammaimig,0,0,0,0,0
EACEAI_gammaimig,0,0,0,0,0
EACEAJ_gammaimig,0,0,0,0,0
EACEAK_gammaimig,0,0,0,0,0
EACEAL_gammaimig,0,0,0,0,0
EACRW_gammaimig,0,0,0,0,0
EACUS_gammaimig,0,0,0,0,0
EACEAA_gammaimigdag,1,1,1,1,1
EACEAB_gammaimigdag,1,1,1,1,1
EACEAD_gammaimigdag,1,1,1,1,1
EACEAE_gammaimigdag,1,1,1,1,1
EACEAF_gammaimigdag,1,1,1,1,1
EACEAG_gammaimigdag,1,1,1,1,1
EACEAH_gammaimigdag,1,1,1,1,1
EACEAI_gammaimigdag,1,1,1,1,1
EACEAJ_gammaimigdag,1,1,1,1,1
EACEAK_gammaimigdag,1,1,1,1,1
EACEAL_gammaimigdag,1,1,1,1,1
EACRW_gammaimigdag,1,1,1,1,1
EACUS_gammaimigdag,1,1,1,1,1
EAC_gx,5.416038882,5.414675943,5.413290409,5.411882679,5.410453147
EACEAA_im,0.041480461,0.040734978,0.040017812,0.039327346,0.03866209
EACEAB_im,0.012886225,0.012880761,0.012875287,0.012869802,0.012864307
EACEAD_im,0.041778135,0.041809147,0.041840126,0.041871074,0.04190199
EACEAE_im,0.007748299,0.007747174,0.007746036,0.007744885,0.007743722
EACEAF_im,0.252238179,0.252388295,0.252538123,0.252687665,0.25283692
EACEAG_im,0.004474875,0.004478031,0.004481185,0.004484335,0.004487482
EACEAH_im,0.036977958,0.036993785,0.03700954,0.037025222,0.037040832
EACEAI_im,0.054933155,0.054955155,0.054977085,0.054998945,0.055020736
EACEAJ_im,0.176808348,0.176890234,0.176971926,0.177053426,0.177134734
EACEAK_im,0.009965375,0.009972702,0.009980023,0.009987338,0.009994646
EACEAL_im,0.180197625,0.180246538,0.180295195,0.1803436,0.180391755
EACRW_im,0.756523048,0.757261842,0.75800038,0.758738664,0.759476695
EACUS_im,0.137405426,0.137789007,0.138173954,0.138560275,0.138947977
EACEAA_imc,0.02604692,0.025578807,0.025128475,0.02469491,0.024277174
EACEAB_imc,0.006758539,0.006755673,0.006752802,0.006749926,0.006747044
EACEAD_imc,0.025237986,0.02525672,0.025275435,0.02529413,0.025312806
EACEAE_imc,0.004124446,0.004123847,0.004123241,0.004122629,0.004122009
EACEAF_imc,0.15749912,0.157592854,0.157686407,0.157779782,0.157872978
EACEAG_imc,0.003256415,0.003258712,0.003261007,0.003263299,0.003265589
EACEAH_imc,0.019345007,0.019353287,0.019361529,0.019369733,0.019377899
EACEAI_imc,0.028427063,0.028438447,0.028449796,0.028461108,0.028472384
EACEAJ_imc,0.111448942,0.111500557,0.111552051,0.111603423,0.111654675
EACEAK_imc,0.005882973,0.005887299,0.005891621,0.005895939,0.005900253
EACEAL_imc,0.09280489,0.092830081,0.09285514,0.09288007,0.092904871
EACRW_imc,0.410818246,0.411219437,0.411620489,0.412021403,0.412422179
EACUS_imc,0.068981322,0.069173891,0.069367145,0.069561089,0.069755726
EACEAA_imcy,0.008084,0.008084,0.008084,0.008084,0.008084
EACEAA_imi,0.009131243,0.008967138,0.008809265,0.00865727,0.008510825
EACEAB_imi,0.003881849,0.003880203,0.003878554,0.003876902,0.003875247
EACEAD_imi,0.010097446,0.010104941,0.010112429,0.010119908,0.010127381
EACEAE_imi,0.002432226,0.002431873,0.002431515,0.002431154,0.002430789
EACEAF_imi,0.058044039,0.058078583,0.058113061,0.058147473,0.058181819
EACEAG_imi,0.000690101,0.000690588,0.000691074,0.00069156,0.000692045
EACEAH_imi,0.007738816,0.007742128,0.007745426,0.007748708,0.007751974
EACEAI_imi,0.016352981,0.01635953,0.016366058,0.016372566,0.016379053
EACEAJ_imi,0.040019014,0.040037548,0.040056039,0.040074485,0.040092889
EACEAK_imi,0.002563947,0.002565833,0.002567716,0.002569598,0.002571478
EACEAL_imi,0.062998124,0.063015224,0.063032235,0.063049158,0.063065993
EACRW_imi,0.226536016,0.226757243,0.226978393,0.227199468,0.227420466
EACUS_imi,0.041132353,0.041247178,0.041362412,0.041478057,0.041594116
EACEAA_imiy,0.002834,0.002834,0.002834,0.002834,0.002834
EACEAA_imcg,0.005290579,0.005195497,0.005104027,0.005015963,0.004931113
EACEAB_imcg,0.001812651,0.001811883,0.001811112,0.001810341,0.001809568
EACEAD_imcg,0.005320765,0.005324714,0.00532866,0.005332601,0.005336539
EACEAE_imcg,0.000919566,0.000919433,0.000919298,0.000919161,0.000919023
EACEAF_imcg,0.030246671,0.030264672,0.030282639,0.030300571,0.030318468
EACEAG_imcg,0.000452879,0.000453198,0.000453517,0.000453836,0.000454155
EACEAH_imcg,0.009036074,0.009039942,0.009043792,0.009047624,0.009051438
EACEAI_imcg,0.008335197,0.008338535,0.008341863,0.00834518,0.008348486
EACEAJ_imcg,0.020894709,0.020904386,0.020914041,0.020923672,0.020933281
EACEAK_imcg,0.001232188,0.001233094,0.001234,0.001234904,0.001235808
EACEAL_imcg,0.017393932,0.017398654,0.01740335,0.017408023,0.017412671
EACRW_imcg,0.093996816,0.09408861,0.094180373,0.094272103,0.094363803
EACUS_imcg,0.022720158,0.022783583,0.022847235,0.022911113,0.02297522
EACEAA_imcgy,0.001642,0.001642,0.001642,0.001642,0.001642
EACEAA_imig,0.001011719,0.000993536,0.000976044,0.000959204,0.000942978
EACEAB_imig,0.000433186,0.000433002,0.000432818,0.000432634,0.000432449
EACEAD_imig,0.001121938,0.001122771,0.001123603,0.001124434,0.001125265
EACEAE_imig,0.000272061,0.000272022,0.000271982,0.000271941,0.0002719
EACEAF_imig,0.006448348,0.006452186,0.006456016,0.006459839,0.006463655
EACEAG_imig,7.55E-05,7.55E-05,7.56E-05,7.56E-05,7.57E-05
EACEAH_imig,0.000858061,0.000858428,0.000858794,0.000859158,0.00085952
EACEAI_imig,0.001817914,0.001818642,0.001819368,0.001820091,0.001820812
EACEAJ_imig,0.004445683,0.004447742,0.004449796,0.004451845,0.00445389
EACEAK_imig,0.000286266,0.000286476,0.000286687,0.000286897,0.000287107
EACEAL_imig,0.007000679,0.007002579,0.007004469,0.00700635,0.00700822
EACRW_imig,0.025171969,0.025196551,0.025221125,0.02524569,0.025270247
EACUS_imig,0.004571593,0.004584355,0.004597162,0.004610016,0.004622915
EACEAA_imigy,0.000314,0.000314,0.000314,0.000314,0.000314
EAC_piex,1.004962932,1.004962932,1.004962932,1.004962932,1.004962932
EAC_pextilde,0.901050564,0.900863243,0.900673359,0.900480963,0.900286101
EACEAA_rer,1.162119181,1.173465929,1.18444835,1.195046386,1.205236087
EACEAB_rer,1.021694957,1.022178656,1.022662553,1.023146613,1.023630799
EACEAD_rer,1.108193763,1.10719675,1.106198331,1.105198576,1.104197532
EACEAE_rer,0.833833738,0.833992121,0.834150909,0.83431008,0.834469622
EACEAF_rer,0.974601269,0.973940966,0.973279858,0.972617985,0.971955395
EACEAG_rer,0.839846546,0.83914443,0.838441328,0.837737285,0.837032392
EACEAH_rer,1.028800709,1.028336715,1.027873356,1.027410647,1.026948602
EACEAI_rer,1.032805168,1.032421333,1.032037041,1.031652314,1.031267171
EACEAJ_rer,1.048943412,1.048276337,1.047608037,1.046938562,1.046267963
EACEAK_rer,1.042254084,1.041334972,1.04041436,1.039492311,1.038568874
EACEAL_rer,1.045855293,1.04550485,1.045153798,1.044802163,1.044449965
EACRW_rer,0.705515905,0.704817008,0.704127873,0.7034486,0.702779285
EACUS_rer,0.688979472,0.687112823,0.685247832,0.683384555,0.681523045
EAC_sx,1,1,1,1,1
EACEAA_tot,1.343180946,1.367702365,1.392150407,1.416526426,1.440831694
EACEAB_tot,1.029029105,1.029420509,1.029811734,1.030202767,1.030593594
EACEAD_tot,1.153364975,1.152459034,1.151553767,1.150649193,1.149745301
EACEAE_tot,0.795368147,0.795448861,0.79552984,0.795611075,0.795692562
EACEAF_tot,0.971817427,0.9711969,0.97057691,0.969957464,0.969338579
EACEAG_tot,0.802715724,0.802114816,0.801514227,0.800913967,0.800314109
EACEAH_tot,1.06421374,1.063711866,1.063211083,1.062711394,1.062212799
EACEAI_tot,1.049856303,1.049390087,1.04892417,1.04845856,1.047993264
EACEAJ_tot,1.100030072,1.099472724,1.098915615,1.098358757,1.097802158
EACEAK_tot,1.043143283,1.042331203,1.041519588,1.040708453,1.039897793
EACEAL_tot,1.084311456,1.083969769,1.083628339,1.083287172,1.082946267
EACRW_tot,0.739291742,0.738538156,0.737785293,0.737033163,0.736281776
EACUS_tot,0.722306597,0.720264294,0.718225261,0.716189505,0.714157035
EACEAA_weight,0.03546652,0.035802402,0.036137631,0.036472209,0.036806139
EACEAB_weight,0.009444879,0.009449198,0.009453509,0.009457812,0.009462106
EACEAD_weight,0.032567412,0.032556458,0.032545526,0.032534615,0.032523725
EACEAE_weight,0.004718157,0.004719385,0.00472061,0.004721832,0.004723052
EACEAF_weight,0.155033738,0.154989545,0.154945437,0.154901414,0.154857478
EACEAG_weight,0.003601515,0.003600174,0.003598836,0.003597501,0.003596169
EACEAH_weight,0.020689318,0.020687276,0.020685238,0.020683203,0.020681173
EACEAI_weight,0.0487925,0.048784113,0.048775742,0.048767387,0.048759048
EACEAJ_weight,0.109383744,0.109363223,0.109342742,0.1093223,0.109301898
EACEAK_weight,0.006911599,0.006909307,0.00690702,0.006904738,0.00690246
EACEAL_weight,0.132552213,0.132541315,0.132530438,0.132519582,0.132508747
EACRW_weight,0.356921103,0.356816759,0.356712617,0.356608678,0.35650494
EACUS_weight,0.083917302,0.083780846,0.083644655,0.083508728,0.083373065
EACEAA_weightex,0.034472433,0.035142447,0.035811159,0.036478572,0.037144692
EACEAB_weightex,0.010206938,0.010215554,0.010224153,0.010232736,0.010241302
EACEAD_weightex,0.033592222,0.033570371,0.033548564,0.033526799,0.033505076
EACEAE_weightex,0.005399245,0.005401693,0.005404137,0.005406575,0.005409009
EACEAF_weightex,0.149659075,0.149570919,0.149482933,0.149395118,0.149307473
EACEAG_weightex,0.004845526,0.004842852,0.004840184,0.00483752,0.004834862
EACEAH_weightex,0.015648963,0.015644889,0.015640823,0.015636766,0.015632715
EACEAI_weightex,0.059781342,0.059764611,0.059747913,0.059731246,0.059714612
EACEAJ_weightex,0.091564698,0.091523762,0.091482906,0.09144213,0.091401432
EACEAK_weightex,0.007018932,0.007014361,0.007009799,0.007005246,0.007000701
EACEAL_weightex,0.137197659,0.137175919,0.137154222,0.137132567,0.137110953
EACRW_weightex,0.347835228,0.347627084,0.347419343,0.347212006,0.347005071
EACUS_weightex,0.102777739,0.102505538,0.102233865,0.10196272,0.1016921
EACEAA_weightim,0.036465813,0.036465813,0.036465813,0.036465813,0.036465813
EACEAB_weightim,0.008678829,0.008678829,0.008678829,0.008678829,0.008678829
EACEAD_weightim,0.031537235,0.031537235,0.031537235,0.031537235,0.031537235
EACEAE_weightim,0.004033503,0.004033503,0.004033503,0.004033503,0.004033503
EACEAF_weightim,0.160436547,0.160436547,0.160436547,0.160436547,0.160436547
EACEAG_weightim,0.002350988,0.002350988,0.002350988,0.002350988,0.002350988
EACEAH_weightim,0.025756069,0.025756069,0.025756069,0.025756069,0.025756069
EACEAI_weightim,0.03774611,0.03774611,0.03774611,0.03774611,0.03774611
EACEAJ_weightim,0.127296108,0.127296108,0.127296108,0.127296108,0.127296108
EACEAK_weightim,0.006803704,0.006803704,0.006803704,0.006803704,0.006803704
EACEAL_weightim,0.127882439,0.127882439,0.127882439,0.127882439,0.127882439
EACRW_weightim,0.36605456,0.36605456,0.36605456,0.36605456,0.36605456
EACUS_weightim,0.064958093,0.064958093,0.064958093,0.064958093,0.064958093
EAC_b,9.358904099,9.356548943,9.354154743,9.351722187,9.349251959
EAC_bf,-0.853195929,-0.855298481,-0.857406832,-0.859521012,-0.861641045
EAC_by,2.4,2.4,2.4,2.4,2.4
EAC_c,2.176314687,2.17576702,2.175210274,2.174644609,2.174070183
EAC_ci,2.538643782,2.538004935,2.537355498,2.536695657,2.536025596
EAC_cj,1.089327402,1.089053274,1.088774601,1.088491465,1.088203943
EAC_cy,0.55809475,0.55809475,0.55809475,0.55809475,0.55809475
EAC_d,0.528563049,0.528430037,0.528294819,0.528157436,0.528017925
EAC_dn,0.248227475,0.248142755,0.24805667,0.247969244,0.2478805
EAC_dt,0.280335574,0.280287281,0.280238149,0.280188192,0.280137424
EAC_etot,0.904003106,0.903967637,0.903931371,0.903894437,0.903856951
EAC_ex,1.535891883,1.535824664,1.535755375,1.535684044,1.535610701
EAC_fh,7.905326534,7.904794267,7.904250661,7.903695871,7.903130052
EAC_fi,15.50397355,15.45336875,15.40208131,15.3501332,15.29754609
EAC_fj,0.574221243,0.572346991,0.570447456,0.568523452,0.566575781
EAC_fn,13.00290043,12.99846259,12.99395319,12.98937353,12.98472489
EAC_cg,0.839155689,0.839043196,0.838928174,0.838810661,0.838690693
EAC_gammab,0,0,0,0,0
EAC_gammai,0,0,0,0,0
EAC_gammaider,0,0,0,0,0
EAC_gammau,0,0,0,0,0
EAC_gammauder,0.032417068,0.032417068,0.032417068,0.032417068,0.032417068
EAC_gammav,0.000219847,0.000219792,0.000219735,0.000219678,0.00021962
EAC_gammavi,0.000101018,0.000101018,0.000101018,0.000101018,0.000101018
EAC_gammavider,0.002165194,0.002165194,0.002165194,0.002165194,0.002165194
EAC_gammavj,0.000101018,0.000101018,0.000101018,0.000101018,0.000101018
EAC_gammavjder,0.002165194,0.002165194,0.002165194,0.002165194,0.002165194
EAC_gh,9.48639184,9.485753121,9.485100793,9.484435045,9.483756063
EAC_gi,5.200481288,5.196124614,5.191698331,5.187203843,5.182642534
EAC_gj,4.039853541,4.036469176,4.033030738,4.029539316,4.025995987
EAC_gn,19.50435065,19.49769389,19.49092979,19.4840603,19.47708734
EAC_cgy,0.2,0.2,0.2,0.2,0.2
EAC_ht,0.913563684,0.913692124,0.913821904,0.913952998,0.914085375
EAC_htc,0.142246909,0.142387246,0.142529397,0.142673327,0.142819002
EAC_hti,0.201587651,0.201591061,0.201594573,0.201598189,0.201601904
EAC_htcg,0.481988172,0.481975681,0.481962699,0.481949234,0.481935291
EAC_htig,0.087740952,0.087738136,0.087735235,0.087732248,0.087729177
EAC_i,0.848739124,0.848615313,0.848487702,0.848356344,0.848221295
EAC_ig,0.168718917,0.168702486,0.168685545,0.168668103,0.168650165
EAC_ii,1.131652166,1.131487085,1.131316936,1.131141792,1.130961727
EAC_im,1.635488175,1.634684034,1.633865699,1.633033431,1.632187485
EAC_imc,0.917079968,0.916507803,0.915927355,0.91533879,0.914742269
EAC_imi,0.459693465,0.459574461,0.459451827,0.459325618,0.459195888
EAC_imcg,0.207635303,0.20753542,0.207433659,0.207330054,0.207224637
EAC_imig,0.051079439,0.05106635,0.051052858,0.05103897,0.05102469
EAC_imy,0.353043,0.353043,0.353043,0.353043,0.353043
EAC_internalrer,1.316068907,1.315411824,1.314746049,1.314071764,1.313389145
EAC_igy,0.04,0.04,0.04,0.04,0.04
EAC_k,33.94956497,33.94461254,33.93950807,33.93425377,33.92885181
EAC_kd,33.94956497,33.94461254,33.93950807,33.93425377,33.92885181
EAC_kdn,14.54504715,14.54162131,14.53811068,14.5345166,14.53084035
EAC_kdt,19.40451782,19.40299123,19.40139739,19.39973717,19.39801146
EAC_ki,45.26608662,45.25948338,45.25267743,45.24567169,45.23846908
EAC_lambdai,1.105013615,1.105291761,1.105574661,1.105862241,1.106154428
EAC_lambdaj,2.575200017,2.575848226,2.576507516,2.577177713,2.577858646
EAC_lcy,0.6051186,0.6051186,0.6051186,0.6051186,0.6051186
EAC_m,0.914417936,0.914187823,0.913953897,0.913716222,0.913474867
EAC_mcn,0.75087547,0.750719369,0.750561133,0.750400802,0.750238417
EAC_mct,0.75087547,0.750719369,0.750561133,0.750400802,0.750238417
EAC_mi,1.066657051,1.066388628,1.066115755,1.065838511,1.065556973
EAC_mj,0.457700589,0.457585409,0.45746832,0.457349355,0.457228548
EAC_nd,1.88636516,1.88636516,1.88636516,1.88636516,1.88636516
EAC_ndi,0.862038175,0.862038175,0.862038175,0.862038175,0.862038175
EAC_ndj,1.124185365,1.124185365,1.124185365,1.124185365,1.124185365
EAC_ndn,0.808177372,0.808104903,0.808031319,0.807956642,0.80788089
EAC_ndt,1.078187788,1.078260258,1.078333841,1.078408518,1.078484271
EAC_ni,0.862038175,0.862038175,0.862038175,0.862038175,0.862038175
EAC_nj,1.124185365,1.124185365,1.124185365,1.124185365,1.124185365
EAC_nt,1.502654897,1.502454395,1.50224981,1.502041206,1.501828648
EAC_ntc,1.127972895,1.127806279,1.127636538,1.127463723,1.127287885
EAC_nti,0.191654671,0.191636497,0.191617766,0.191598483,0.191578657
EAC_ntcg,0.152455661,0.152442106,0.152428218,0.152414002,0.152399463
EAC_ntig,0.030571671,0.030569513,0.030567288,0.030564998,0.030562643
EAC_pex,0.901050564,0.900863243,0.900673359,0.900480963,0.900286101
EAC_pht,0.901050564,0.900863243,0.900673359,0.900480963,0.900286101
EAC_phttilde,0.901050564,0.900863243,0.900673359,0.900480963,0.900286101
EAC_pi,0.918902702,0.918805494,0.918708537,0.91861184,0.918515409
EAC_pcg,0.929396875,0.929287569,0.929177157,0.929065663,0.928953112
EAC_pig,0.924506495,0.924363868,0.924220144,0.924075353,0.923929521
EAC_pic,1.004962932,1.004962932,1.004962932,1.004962932,1.004962932
EAC_pic4,1.02,1.02,1.02,1.02,1.02
EAC_piex4,1.02,1.02,1.02,1.02,1.02
EAC_piht,1.004962932,1.004962932,1.004962932,1.004962932,1.004962932
EAC_piimc,1.004962932,1.004962932,1.004962932,1.004962932,1.004962932
EAC_piimi,1.004962932,1.004962932,1.004962932,1.004962932,1.004962932
EAC_piimcg,1.004962932,1.004962932,1.004962932,1.004962932,1.004962932
EAC_piimig,1.004962932,1.004962932,1.004962932,1.004962932,1.004962932
EAC_piimc4,1.02,1.02,1.02,1.02,1.02
EAC_pim,0.841770985,0.841973138,0.842179291,0.842389383,0.842603354
EAC_pimc,0.848248938,0.848564896,0.848885381,0.849210322,0.849539645
EAC_pimi,0.831869171,0.831875186,0.831884303,0.831896488,0.831911706
EAC_pimcg,0.837526827,0.83771905,0.837915546,0.838116254,0.838321112
EAC_pimig,0.831830292,0.83183412,0.83184104,0.831851017,0.831864015
EAC_pint,1.004962932,1.004962932,1.004962932,1.004962932,1.004962932
EAC_piw,1.004962932,1.004962932,1.004962932,1.004962932,1.004962932
EAC_piw4,1.02,1.02,1.02,1.02,1.02
EAC_pnt,1.126313206,1.126079053,1.125841699,1.125601204,1.125357626
EAC_pnttilde,1.126313206,1.126079053,1.125841699,1.125601204,1.125357626
EAC_pttc,0.855816287,0.856065783,0.856318754,0.856575139,0.856834877
EAC_ptti,0.854452175,0.854395174,0.85433943,0.854284934,0.854231678
EAC_pttcg,0.883121865,0.883040514,0.882958523,0.882875912,0.882792697
EAC_pttig,0.877165237,0.877043237,0.876920609,0.876797375,0.876673554
EAC_py,0.986698983,0.986485447,0.986268981,0.986049639,0.985827477
EAC_q,0.918902702,0.918805494,0.918708537,0.91861184,0.918515409
EAC_qc,2.176534533,2.175986811,2.175430009,2.174864287,2.174289803
EAC_qi,0.848739124,0.848615313,0.848487702,0.848356344,0.848221295
EAC_qcg,0.839155689,0.839043196,0.838928174,0.838810661,0.838690693
EAC_qig,0.168718917,0.168702486,0.168685545,0.168668103,0.168650165
EAC_r,1.012417239,1.012417239,1.012417239,1.012417239,1.012417239
EAC_reer,0.870449533,0.870121709,0.869790914,0.869456652,0.869118311
EAC_rer,0.688979472,0.687112823,0.685247832,0.683384555,0.681523045
EAC_rerdep,1,1,1,1,1
EAC_rk,0.029788131,0.02978498,0.029781837,0.029778702,0.029775576
EAC_rp,0,0,0,0,0
EAC_rr,1.007417495,1.007417495,1.007417495,1.007417495,1.007417495
EAC_rrstar,1.007417068,1.007417068,1.007417068,1.007417068,1.007417068
EAC_sh,1,1,1,1,1
EAC_si,1,1,1,1,1
EAC_sj,1,1,1,1,1
EAC_snt,1,1,1,1,1
EAC_t,0,0,0,0,0
EAC_tauc,0.183,0.183,0.183,0.183,0.183
EAC_taud,0,0,0,0,0
EAC_tauk,0,0,0,0,0
EAC_taun,0.122,0.122,0.122,0.122,0.122
EAC_tauwf,0.219,0.219,0.219,0.219,0.219
EAC_tauwh,0.118,0.118,0.118,0.118,0.118
EAC_tb,0.007209756,0.007207942,0.007206098,0.007204224,0.007202321
EAC_tby,0.001848872,0.001848872,0.001848872,0.001848872,0.001848872
EAC_ti,0,0,0,0,0
EAC_tj,0,0,0,0,0
EAC_tot,0.722306597,0.720264294,0.718225261,0.716189505,0.714157035
EAC_tr,0.286834637,0.286762456,0.286689078,0.286614524,0.286538815
EAC_tri,0.19122309,0.191174969,0.19112605,0.191076347,0.191025875
EAC_trj,0.57366928,0.573524917,0.573378161,0.573229053,0.573077637
EAC_try,0.073555955,0.073555955,0.073555955,0.073555955,0.073555955
EAC_ttc,1.058736297,1.058315613,1.057888512,1.057455116,1.057015547
EAC_tti,0.660125288,0.660016095,0.659903552,0.659787709,0.659668615
EAC_ttcg,0.688688475,0.688587375,0.68848404,0.688378502,0.688270795
EAC_ttig,0.138569626,0.138555078,0.13854008,0.138524637,0.138508755
EAC_ty,0,0,0,0,0
EAC_u,1,1,1,1,1
EAC_utili,-65.993226,-66.02741027,-66.06217009,-66.09749586,-66.13337814
EAC_utilj,-216.2309147,-216.2650989,-216.2998588,-216.3351845,-216.3710668
EAC_vj,2.38,2.38,2.38,2.38,2.38
EAC_w,1.026182928,1.025924691,1.025662172,1.025395448,1.025124593
EAC_wcst,0,0,0,0,0
EAC_whty,0.501303187,0.501302411,0.501301623,0.501300824,0.501300013
EAC_wi,1.15057634,1.150286799,1.149992458,1.149693402,1.149389714
EAC_witilde,1.15057634,1.150286799,1.149992458,1.149693402,1.149389714
EAC_wj,0.839643554,0.839432259,0.839217461,0.838999222,0.838777603
EAC_wjtilde,0.839643554,0.839432259,0.839217461,0.838999222,0.838777603
EAC_wnty,0.490019141,0.490019141,0.490019141,0.490019141,0.490019141
EAC_wy,0.496405743,0.496405743,0.496405743,0.496405743,0.496405743
EAC_y,3.952110463,3.951971183,3.951827089,3.951678248,3.951524723
EAC_ygap,0,0,0,0,0
EAC_ygrowth,1,1,1,1,1
EAC_ygrowth4,1,1,1,1,1
EAC_yhty,0.565985068,0.566023986,0.566063502,0.566103606,0.566144287
EAC_ynty,0.434014932,0.433976014,0.433936498,0.433896394,0.433855713
EAC_yshare,0.007067167,0.00707533,0.007083495,0.007091663,0.007099834
EAC_ysn,1.502654897,1.502454395,1.50224981,1.502041206,1.501828648
EAC_yst,2.449455567,2.449516788,2.449577279,2.449637042,2.449696076
EAC_zcon,1,1,1,1,1
EAC_zinv,1,1,1,1,1
EAC_zn,1,1,1,1,1
EAC_zt,1,1,1,1,1
EAC_gammav1,0.028706106,0.028706106,0.028706106,0.028706106,0.028706106
EAC_gammav2,0.150338345,0.150338345,0.150338345,0.150338345,0.150338345
EAC_nutc,0.152818726,0.152839359,0.152860121,0.152881003,0.152901992
EAC_nuti,0.348731408,0.348671897,0.348610559,0.348547423,0.348482513
EAC_nutcg,0.73592724,0.735803185,0.735676842,0.735548247,0.735417434
EAC_nutig,0.677179301,0.677112164,0.677042933,0.676971638,0.676898307
EAC_psit,0.047580431,0.047578809,0.047577163,0.047575493,0.047573799
EACEAA_rerbar,1.162119181,1.173465929,1.18444835,1.195046386,1.205236087
EACEAB_rerbar,1.021694957,1.022178656,1.022662553,1.023146613,1.023630799
EACEAD_rerbar,1.108193763,1.10719675,1.106198331,1.105198576,1.104197532
EACEAE_rerbar,0.833833738,0.833992121,0.834150909,0.83431008,0.834469622
EACEAF_rerbar,0.974601269,0.973940966,0.973279858,0.972617985,0.971955395
EACEAG_rerbar,0.839846546,0.83914443,0.838441328,0.837737285,0.837032392
EACEAH_rerbar,1.028800709,1.028336715,1.027873356,1.027410647,1.026948602
EACEAI_rerbar,1.032805168,1.032421333,1.032037041,1.031652314,1.031267171
EACEAJ_rerbar,1.048943412,1.048276337,1.047608037,1.046938562,1.046267963
EACEAK_rerbar,1.042254084,1.041334972,1.04041436,1.039492311,1.038568874
EACEAL_rerbar,1.045855293,1.04550485,1.045153798,1.044802163,1.044449965
EACRW_rerbar,0.705515905,0.704817008,0.704127873,0.7034486,0.702779285
EACUS_rerbar,0.688979472,0.687112823,0.685247832,0.683384555,0.681523045
EAC_pibar,0.918902702,0.918805494,0.918708537,0.91861184,0.918515409
EAC_psinbar,0.420743371,0.420687231,0.420629947,0.420571538,0.420512021
EAC_psitbar,0.116546151,0.116545092,0.116543939,0.11654269,0.116541349
EAC_pybar,0.986698983,0.986485447,0.986268981,0.986049639,0.985827477
EAC_qbar,0.918902702,0.918805494,0.918708537,0.91861184,0.918515409
EAC_trybar,0.073555955,0.073555955,0.073555955,0.073555955,0.073555955
EAC_ybar,3.952110463,3.951971183,3.951827089,3.951678248,3.951524723
EAC_ynbar,1.502654897,1.502454395,1.50224981,1.502041206,1.501828648
EAC_ytbar,2.449455567,2.449516788,2.449577279,2.449637042,2.449696076
EADEAA_excy,0.00156303,0.001596914,0.001630786,0.001664645,0.001698493
EADEAB_excy,0.000886969,0.000887948,0.000888927,0.000889906,0.000890884
EADEAC_excy,0.002179424,0.002181157,0.00218289,0.002184622,0.002186353
EADEAE_excy,0.000415291,0.000415624,0.000415957,0.00041629,0.000416623
EADEAF_excy,0.019103856,0.019106266,0.019108674,0.019111081,0.019113487
EADEAG_excy,0.00068475,0.000684787,0.000684823,0.000684859,0.000684896
EADEAH_excy,0.001285864,0.001286378,0.001286893,0.001287407,0.001287922
EADEAI_excy,0.010240578,0.010243753,0.010246927,0.0102501,0.010253271
EADEAJ_excy,0.002656661,0.002657463,0.002658264,0.002659065,0.002659866
EADEAK_excy,0.008832024,0.008832208,0.008832392,0.008832576,0.00883276
EADEAL_excy,0.012754301,0.01275994,0.012765577,0.012771212,0.012776845
EADRW_excy,0.05308542,0.053075978,0.053066539,0.053057103,0.053047671
EADUS_excy,0.01777217,0.017733947,0.017695737,0.017657541,0.017619359
EADEAA_exiy,0.000543662,0.000555448,0.00056723,0.000579007,0.00059078
EADEAB_exiy,0.000426515,0.000426986,0.000427456,0.000427927,0.000428398
EADEAC_exiy,0.000871964,0.000872657,0.000873351,0.000874044,0.000874736
EADEAE_exiy,0.000130246,0.000130351,0.000130455,0.00013056,0.000130664
EADEAF_exiy,0.00596954,0.005970291,0.005971043,0.005971797,0.005972549
EADEAG_exiy,9.84E-05,9.84E-05,9.84E-05,9.84E-05,9.84E-05
EADEAH_exiy,0.000444764,0.000444942,0.00044512,0.000445298,0.000445476
EADEAI_exiy,0.002417461,0.002418211,0.00241896,0.002419709,0.002420458
EADEAJ_exiy,0.00090613,0.000906403,0.000906677,0.00090695,0.000907223
EADEAK_exiy,0.002403624,0.002403674,0.002403724,0.002403774,0.002403824
EADEAL_exiy,0.004239809,0.004241683,0.004243557,0.00424543,0.004247303
EADRW_exiy,0.028333608,0.028328568,0.02832353,0.028318494,0.02831346
EADUS_exiy,0.007073344,0.007058132,0.007042924,0.007027722,0.007012525
EAD_fx,2.761707731,2.761302878,2.760894681,2.760483179,2.760068391
EADEAA_gammaimc,0,0,0,0,0
EADEAB_gammaimc,0,0,0,0,0
EADEAC_gammaimc,0,0,0,0,0
EADEAE_gammaimc,0,0,0,0,0
EADEAF_gammaimc,0,0,0,0,0
EADEAG_gammaimc,0,0,0,0,0
EADEAH_gammaimc,0,0,0,0,0
EADEAI_gammaimc,0,0,0,0,0
EADEAJ_gammaimc,0,0,0,0,0
EADEAK_gammaimc,0,0,0,0,0
EADEAL_gammaimc,0,0,0,0,0
EADRW_gammaimc,0,0,0,0,0
EADUS_gammaimc,0,0,0,0,0
EADEAA_gammaimcdag,1,1,1,1,1
EADEAB_gammaimcdag,1,1,1,1,1
EADEAC_gammaimcdag,1,1,1,1,1
EADEAE_gammaimcdag,1,1,1,1,1
EADEAF_gammaimcdag,1,1,1,1,1
EADEAG_gammaimcdag,1,1,1,1,1
EADEAH_gammaimcdag,1,1,1,1,1
EADEAI_gammaimcdag,1,1,1,1,1
EADEAJ_gammaimcdag,1,1,1,1,1
EADEAK_gammaimcdag,1,1,1,1,1
EADEAL_gammaimcdag,1,1,1,1,1
EADRW_gammaimcdag,1,1,1,1,1
EADUS_gammaimcdag,1,1,1,1,1
EADEAA_gammaimi,0,0,0,0,0
EADEAB_gammaimi,0,0,0,0,0
EADEAC_gammaimi,0,0,0,0,0
EADEAE_gammaimi,0,0,0,0,0
EADEAF_gammaimi,0,0,0,0,0
EADEAG_gammaimi,0,0,0,0,0
EADEAH_gammaimi,0,0,0,0,0
EADEAI_gammaimi,0,0,0,0,0
EADEAJ_gammaimi,0,0,0,0,0
EADEAK_gammaimi,0,0,0,0,0
EADEAL_gammaimi,0,0,0,0,0
EADRW_gammaimi,0,0,0,0,0
EADUS_gammaimi,0,0,0,0,0
EADEAA_gammaimidag,1,1,1,1,1
EADEAB_gammaimidag,1,1,1,1,1
EADEAC_gammaimidag,1,1,1,1,1
EADEAE_gammaimidag,1,1,1,1,1
EADEAF_gammaimidag,1,1,1,1,1
EADEAG_gammaimidag,1,1,1,1,1
EADEAH_gammaimidag,1,1,1,1,1
EADEAI_gammaimidag,1,1,1,1,1
EADEAJ_gammaimidag,1,1,1,1,1
EADEAK_gammaimidag,1,1,1,1,1
EADEAL_gammaimidag,1,1,1,1,1
EADRW_gammaimidag,1,1,1,1,1
EADUS_gammaimidag,1,1,1,1,1
EADEAA_gammaimcg,0,0,0,0,0
EADEAB_gammaimcg,0,0,0,0,0
EADEAC_gammaimcg,0,0,0,0,0
EADEAE_gammaimcg,0,0,0,0,0
EADEAF_gammaimcg,0,0,0,0,0
EADEAG_gammaimcg,0,0,0,0,0
EADEAH_gammaimcg,0,0,0,0,0
EADEAI_gammaimcg,0,0,0,0,0
EADEAJ_gammaimcg,0,0,0,0,0
EADEAK_gammaimcg,0,0,0,0,0
EADEAL_gammaimcg,0,0,0,0,0
EADRW_gammaimcg,0,0,0,0,0
EADUS_gammaimcg,0,0,0,0,0
EADEAA_gammaimcgdag,1,1,1,1,1
EADEAB_gammaimcgdag,1,1,1,1,1
EADEAC_gammaimcgdag,1,1,1,1,1
EADEAE_gammaimcgdag,1,1,1,1,1
EADEAF_gammaimcgdag,1,1,1,1,1
EADEAG_gammaimcgdag,1,1,1,1,1
EADEAH_gammaimcgdag,1,1,1,1,1
EADEAI_gammaimcgdag,1,1,1,1,1
EADEAJ_gammaimcgdag,1,1,1,1,1
EADEAK_gammaimcgdag,1,1,1,1,1
EADEAL_gammaimcgdag,1,1,1,1,1
EADRW_gammaimcgdag,1,1,1,1,1
EADUS_gammaimcgdag,1,1,1,1,1
EADEAA_gammaimig,0,0,0,0,0
EADEAB_gammaimig,0,0,0,0,0
EADEAC_gammaimig,0,0,0,0,0
EADEAE_gammaimig,0,0,0,0,0
EADEAF_gammaimig,0,0,0,0,0
EADEAG_gammaimig,0,0,0,0,0
EADEAH_gammaimig,0,0,0,0,0
EADEAI_gammaimig,0,0,0,0,0
EADEAJ_gammaimig,0,0,0,0,0
EADEAK_gammaimig,0,0,0,0,0
EADEAL_gammaimig,0,0,0,0,0
EADRW_gammaimig,0,0,0,0,0
EADUS_gammaimig,0,0,0,0,0
EADEAA_gammaimigdag,1,1,1,1,1
EADEAB_gammaimigdag,1,1,1,1,1
EADEAC_gammaimigdag,1,1,1,1,1
EADEAE_gammaimigdag,1,1,1,1,1
EADEAF_gammaimigdag,1,1,1,1,1
EADEAG_gammaimigdag,1,1,1,1,1
EADEAH_gammaimigdag,1,1,1,1,1
EADEAI_gammaimigdag,1,1,1,1,1
EADEAJ_gammaimigdag,1,1,1,1,1
EADEAK_gammaimigdag,1,1,1,1,1
EADEAL_gammaimigdag,1,1,1,1,1
EADRW_gammaimigdag,1,1,1,1,1
EADUS_gammaimigdag,1,1,1,1,1
EAD_gx,3.314049277,3.313563454,3.313073617,3.312579814,3.31208207
EADEAA_im,0.011233447,0.011022794,0.010820134,0.010625014,0.01043701
EADEAB_im,0.007177644,0.007168899,0.007160164,0.007151439,0.007142725
EADEAC_im,0.018831798,0.018816009,0.018800226,0.018784448,0.018768675
EADEAE_im,0.005874988,0.005869466,0.005863946,0.005858426,0.005852908
EADEAF_im,0.119586777,0.119562857,0.119538873,0.119514827,0.119490716
EADEAG_im,0.003843252,0.003842906,0.00384256,0.003842212,0.003841863
EADEAH_im,0.022969217,0.022960788,0.022952333,0.022943853,0.022935349
EADEAI_im,0.062580246,0.062555557,0.062530845,0.062506112,0.062481357
EADEAJ_im,0.027369033,0.027359949,0.027350857,0.027341758,0.027332651
EADEAK_im,0.03677539,0.036773185,0.036770969,0.036768745,0.036766511
EADEAL_im,0.105535009,0.105479765,0.105424491,0.105369187,0.105313854
EADRW_im,0.717090712,0.717220577,0.717350204,0.717479595,0.717608736
EADUS_im,0.088232151,0.088408147,0.088584765,0.088762009,0.088939881
EADEAA_imc,0.006688446,0.006563022,0.006442358,0.006326182,0.006214244
EADEAB_imc,0.003701125,0.003696616,0.003692112,0.003687613,0.003683119
EADEAC_imc,0.011028761,0.011019515,0.011010271,0.011001031,0.010991793
EADEAE_imc,0.002861688,0.002858998,0.002856309,0.002853621,0.002850932
EADEAF_imc,0.074047636,0.074032825,0.074017974,0.074003085,0.073988156
EADEAG_imc,0.002941903,0.002941638,0.002941373,0.002941107,0.00294084
EADEAH_imc,0.01102428,0.011020234,0.011016176,0.011012106,0.011008024
EADEAI_imc,0.035779284,0.035765168,0.03575104,0.035736899,0.035722746
EADEAJ_imc,0.016973186,0.016967552,0.016961913,0.01695627,0.016950623
EADEAK_imc,0.025408013,0.02540649,0.025404959,0.025403422,0.025401879
EADEAL_imc,0.053775358,0.053747209,0.053719043,0.053690864,0.053662669
EADRW_imc,0.479890961,0.479977869,0.480064618,0.480151209,0.480237632
EADUS_imc,0.052699998,0.052805118,0.05291061,0.053016476,0.053122717
EADEAB_imcy,0.000758,0.000758,0.000758,0.000758,0.000758
EADEAA_imi,0.003033741,0.002976852,0.002922121,0.002869426,0.002818653
EADEAB_imi,0.002548796,0.002545691,0.002542589,0.002539491,0.002536396
EADEAC_imi,0.004371309,0.004367644,0.00436398,0.004360317,0.004356656
EADEAE_imi,0.002128893,0.002126893,0.002124892,0.002122892,0.002120892
EADEAF_imi,0.030891958,0.030885779,0.030879584,0.030873372,0.030867144
EADEAG_imi,0.000481971,0.000481928,0.000481885,0.000481841,0.000481797
EADEAH_imi,0.006685388,0.006682934,0.006680473,0.006678005,0.00667553
EADEAI_imi,0.019220118,0.019212536,0.019204946,0.01919735,0.019189747
EADEAJ_imi,0.006805718,0.006803459,0.006801198,0.006798935,0.006796671
EADEAK_imi,0.007711513,0.00771105,0.007710586,0.007710119,0.007709651
EADEAL_imi,0.037515321,0.037495683,0.037476034,0.037456375,0.037436705
EADRW_imi,0.150016048,0.150043216,0.150070334,0.150097403,0.150124419
EADUS_imi,0.016242674,0.016275073,0.016307586,0.016340215,0.01637296
EADEAB_imiy,0.000522,0.000522,0.000522,0.000522,0.000522
EADEAA_imcg,0.001174593,0.001152566,0.001131376,0.001110974,0.001091316
EADEAB_imcg,0.000649406,0.000648615,0.000647824,0.000647035,0.000646247
EADEAC_imcg,0.002944353,0.002941884,0.002939416,0.002936949,0.002934483
EADEAE_imcg,0.000650671,0.000650059,0.000649448,0.000648836,0.000648225
EADEAF_imcg,0.011214169,0.011211926,0.011209676,0.011207422,0.011205161
EADEAG_imcg,0.000363043,0.000363011,0.000362978,0.000362945,0.000362912
EADEAH_imcg,0.004518302,0.004516644,0.004514981,0.004513313,0.00451164
EADEAI_imcg,0.005446338,0.00544419,0.005442039,0.005439886,0.005437732
EADEAJ_imcg,0.002831909,0.002830969,0.002830029,0.002829087,0.002828145
EADEAK_imcg,0.002798494,0.002798326,0.002798158,0.002797988,0.002797818
EADEAL_imcg,0.010073902,0.010068628,0.010063352,0.010058073,0.010052791
EADRW_imcg,0.070512232,0.070525002,0.070537748,0.070550471,0.07056317
EADUS_imcg,0.017487829,0.017522712,0.017557718,0.017592849,0.017628103
EADEAB_imcgy,0.000133,0.000133,0.000133,0.000133,0.000133
EADEAA_imig,0.000336667,0.000330353,0.00032428,0.000318432,0.000312798
EADEAB_imig,0.000278317,0.000277978,0.000277639,0.000277301,0.000276963
EADEAC_imig,0.000487376,0.000486967,0.000486559,0.00048615,0.000485742
EADEAE_imig,0.000233736,0.000233516,0.000233297,0.000233077,0.000232858
EADEAF_imig,0.003433014,0.003432328,0.003431639,0.003430949,0.003430257
EADEAG_imig,5.63E-05,5.63E-05,5.63E-05,5.63E-05,5.63E-05
EADEAH_imig,0.000741247,0.000740975,0.000740702,0.000740429,0.000740154
EADEAI_imig,0.002134505,0.002133663,0.00213282,0.002131977,0.002131132
EADEAJ_imig,0.000758221,0.000757969,0.000757717,0.000757465,0.000757213
EADEAK_imig,0.00085737,0.000857319,0.000857267,0.000857215,0.000857163
EADEAL_imig,0.004170428,0.004168245,0.004166061,0.004163876,0.004161689
EADRW_imig,0.01667147,0.01667449,0.016677503,0.016680511,0.016683514
EADUS_imig,0.00180165,0.001805244,0.00180885,0.001812469,0.001816101
EADEAB_imigy,5.70E-05,5.70E-05,5.70E-05,5.70E-05,5.70E-05
EAD_piex,1.004962932,1.004962932,1.004962932,1.004962932,1.004962932
EAD_pextilde,0.937778389,0.937690598,0.937602029,0.937512693,0.937422593
EADEAA_rer,1.04866064,1.059853119,1.070737784,1.081295626,1.091504058
EADEAB_rer,0.921946135,0.923213201,0.924483905,0.925758171,0.927035942
EADEAC_rer,0.902369273,0.903181842,0.903997025,0.904814774,0.905635062
EADEAE_rer,0.752425943,0.75324654,0.754069939,0.754896087,0.755724947
EADEAF_rer,0.879450238,0.879645796,0.879842096,0.880039122,0.880236884
EADEAG_rer,0.757851717,0.757900012,0.757948465,0.757997072,0.758045882
EADEAH_rer,0.928358148,0.928775049,0.929194455,0.929616332,0.930040661
EADEAI_rer,0.931971648,0.932464201,0.932958414,0.933454255,0.933951708
EADEAJ_rer,0.946534304,0.946784153,0.947034548,0.947285478,0.947536951
EADEAK_rer,0.94049806,0.940514839,0.940531485,0.940548,0.940564386
EADEAL_rer,0.94374768,0.944280996,0.944815923,0.945352432,0.945890508
EADRW_rer,0.636635874,0.636577924,0.636529502,0.636490686,0.636461561
EADUS_rer,0.621713905,0.620587825,0.619462002,0.618336442,0.617211164
EAD_sx,1,1,1,1,1
EADEAA_tot,1.164575807,1.186768749,1.208932181,1.231067152,1.253174675
EADEAB_tot,0.89219729,0.893238266,0.8942802,0.895323069,0.896366868
EADEAC_tot,0.867028236,0.867709802,0.868391931,0.869074611,0.869757849
EADEAE_tot,0.689606642,0.690218773,0.690831694,0.691445385,0.692059851
EADEAF_tot,0.84259315,0.84271707,0.842841157,0.842965406,0.843089837
EADEAG_tot,0.695977198,0.696002888,0.696028487,0.696053994,0.696079478
EADEAH_tot,0.922703362,0.922993213,0.923283926,0.923575491,0.923867919
EADEAI_tot,0.910255059,0.910566065,0.910877286,0.911188715,0.911500367
EADEAJ_tot,0.953757133,0.95402326,0.954289454,0.954555709,0.954822043
EADEAK_tot,0.904434681,0.904441002,0.904447207,0.904453294,0.904459268
EADEAL_tot,0.940128649,0.940571194,0.941014106,0.941457378,0.941901016
EADRW_tot,0.640986815,0.640836797,0.640686795,0.640536809,0.640386854
EADUS_tot,0.626260215,0.624980388,0.623701022,0.622422116,0.621143687
EADEAA_weight,0.013271966,0.013388341,0.013504674,0.013620966,0.013737217
EADEAB_weight,0.007378269,0.007382591,0.007386912,0.00739123,0.007395548
EADEAC_weight,0.017408681,0.017415207,0.017421731,0.017428253,0.017434772
EADEAE_weight,0.003809257,0.00381063,0.003812003,0.003813375,0.003814746
EADEAF_weight,0.116063752,0.116072472,0.116081193,0.116089914,0.116098628
EADEAG_weight,0.003514931,0.003515125,0.003515318,0.003515512,0.003515705
EADEAH_weight,0.016550441,0.016552429,0.016554417,0.016556403,0.01655839
EADEAI_weight,0.063115634,0.063126145,0.063136653,0.063147156,0.063157656
EADEAJ_weight,0.02471559,0.024719005,0.024722418,0.02472583,0.024729241
EADEAK_weight,0.044115864,0.044116498,0.044117131,0.044117764,0.044118397
EADEAL_weight,0.099316052,0.099336901,0.099357743,0.099378576,0.099399403
EADRW_weight,0.488051324,0.488024849,0.487998383,0.487971923,0.487945475
EADUS_weight,0.102688238,0.102539806,0.102391426,0.102243097,0.102094822
EADEAA_weightex,0.011938033,0.012169745,0.012401374,0.01263292,0.012864385
EADEAB_weightex,0.007598934,0.00760754,0.007616142,0.007624742,0.007633338
EADEAC_weightex,0.016580425,0.016593419,0.016606409,0.016619394,0.016632374
EADEAE_weightex,0.003097894,0.003100627,0.00310336,0.003106092,0.003108823
EADEAF_weightex,0.11950508,0.119522442,0.119539805,0.119557169,0.11957452
EADEAG_weightex,0.00403636,0.004036746,0.004037131,0.004037516,0.004037902
EADEAH_weightex,0.009482802,0.009486761,0.009490718,0.009494675,0.009498629
EADEAI_weightex,0.062585119,0.062606048,0.06262697,0.062647883,0.062668789
EADEAJ_weightex,0.020303231,0.02031003,0.020316825,0.020323619,0.02033041
EADEAK_weightex,0.051004331,0.051005593,0.051006854,0.051008114,0.051009374
EADEAL_weightex,0.087871707,0.087913219,0.087954715,0.087996197,0.088037664
EADRW_weightex,0.462727583,0.46267487,0.462622173,0.462569489,0.462516829
EADUS_weightex,0.143268501,0.14297296,0.142677523,0.14238219,0.142086962
EADEAA_weightim,0.014617905,0.014617905,0.014617905,0.014617905,0.014617905
EADEAB_weightim,0.007155618,0.007155618,0.007155618,0.007155618,0.007155618
EADEAC_weightim,0.018244391,0.018244391,0.018244391,0.018244391,0.018244391
EADEAE_weightim,0.004527023,0.004527023,0.004527023,0.004527023,0.004527023
EADEAF_weightim,0.112591453,0.112591453,0.112591453,0.112591453,0.112591453
EADEAG_weightim,0.002988809,0.002988809,0.002988809,0.002988809,0.002988809
EADEAH_weightim,0.023681687,0.023681687,0.023681687,0.023681687,0.023681687
EADEAI_weightim,0.063650923,0.063650923,0.063650923,0.063650923,0.063650923
EADEAJ_weightim,0.029167661,0.029167661,0.029167661,0.029167661,0.029167661
EADEAK_weightim,0.037165402,0.037165402,0.037165402,0.037165402,0.037165402
EADEAL_weightim,0.110863396,0.110863396,0.110863396,0.110863396,0.110863396
EADRW_weightim,0.513602975,0.513602975,0.513602975,0.513602975,0.513602975
EADUS_weightim,0.061742758,0.061742758,0.061742758,0.061742758,0.061742758
EAD_b,9.804758838,9.80332151,9.801872307,9.800411368,9.798938769
EAD_bf,-0.990549984,-0.992201902,-0.993858209,-0.995518932,-0.997184068
EAD_by,2.4,2.4,2.4,2.4,2.4
EAD_c,2.279993516,2.27965928,2.279322283,2.278982557,2.27864012
EAD_ci,2.659583835,2.659193954,2.658800851,2.658404565,2.658005116
EAD_cj,1.141222557,1.14105526,1.14088658,1.140716535,1.140545132
EAD_cy,0.55809475,0.55809475,0.55809475,0.55809475,0.55809475
EAD_d,0.553743597,0.553662421,0.553580575,0.553498065,0.553414897
EAD_dn,0.264401255,0.2643505,0.264299323,0.264247731,0.264195725
EAD_dt,0.289342342,0.289311922,0.289281251,0.289250335,0.289219172
EAD_etot,0.734925032,0.735031708,0.735138154,0.735244418,0.735350562
EAD_ex,0.902997975,0.90295013,0.902901932,0.902853382,0.902804485
EAD_fh,13.78847396,13.7872381,13.78599214,13.78473618,13.78347029
EAD_fi,28.37891887,28.32492528,28.27058157,28.21589524,28.16087128
EAD_fj,1.051071069,1.049071306,1.047058577,1.045033157,1.042995233
EAD_fn,13.85013164,13.84747291,13.84479213,13.84208956,13.83936535
EAD_cg,0.853191202,0.853117793,0.85304375,0.852969079,0.852893785
EAD_gammab,0,0,0,0,0
EAD_gammai,0,0,0,0,0
EAD_gammaider,0,0,0,0,0
EAD_gammau,0,0,0,0,0
EAD_gammauder,0.032417068,0.032417068,0.032417068,0.032417068,0.032417068
EAD_gammav,0.00023032,0.000230286,0.000230252,0.000230218,0.000230184
EAD_gammavi,0.000101018,0.000101018,0.000101018,0.000101018,0.000101018
EAD_gammavider,0.002165194,0.002165194,0.002165194,0.002165194,0.002165194
EAD_gammavj,0.000101018,0.000101018,0.000101018,0.000101018,0.000101018
EAD_gammavjder,0.002165194,0.002165194,0.002165194,0.002165194,0.002165194
EAD_gh,16.54616875,16.54468572,16.54319057,16.54168342,16.54016435
EAD_gi,6.072244194,6.069280467,6.066293277,6.06328294,6.060249635
EAD_gj,4.717059028,4.714756737,4.712436219,4.71009772,4.707741379
EAD_gn,20.77519746,20.77120936,20.76718819,20.76313434,20.75904803
EAD_cgy,0.2,0.2,0.2,0.2,0.2
EAD_ht,1.531031619,1.531037723,1.531043975,1.531050372,1.531056914
EAD_htc,0.423456462,0.423501798,0.423547563,0.423593754,0.423640365
EAD_hti,0.412104195,0.412097381,0.412090515,0.412083597,0.412076627
EAD_htcg,0.58385555,0.583827801,0.583799858,0.583771721,0.583743392
EAD_htig,0.111615413,0.111610743,0.111606039,0.111601301,0.111596529
EAD_i,0.867581792,0.867428575,0.867274243,0.867118807,0.866962276
EAD_ig,0.171212578,0.171192473,0.171172219,0.171151818,0.171131269
EAD_ii,1.156775723,1.156571434,1.156365657,1.15615841,1.155949702
EAD_im,1.179745154,1.17907654,1.17840288,1.177724252,1.177040704
EAD_imc,0.74755153,0.747156016,0.746757333,0.746355527,0.745950627
EAD_imi,0.275990051,0.275800027,0.275608836,0.275416498,0.275223028
EAD_imcg,0.125539057,0.12547707,0.125414503,0.125351364,0.125287659
EAD_imig,0.030664516,0.030643427,0.030622208,0.030600862,0.03057939
EAD_imy,0.205433,0.205433,0.205433,0.205433,0.205433
EAD_internalrer,1.450631512,1.450295834,1.449957254,1.44961581,1.44927152
EAD_igy,0.04,0.04,0.04,0.04,0.04
EAD_k,34.70327168,34.69714301,34.69096971,34.68475229,34.67849105
EAD_kd,34.70327168,34.69714301,34.69096971,34.68475229,34.67849105
EAD_kdn,15.11656393,15.1132085,15.10982792,15.10642248,15.10299235
EAD_kdt,19.58670775,19.58393451,19.58114179,19.57832981,19.5754987
EAD_ki,46.27102891,46.26285735,46.25462627,46.24633638,46.23798807
EAD_lambdai,1.054765,1.054919646,1.055075615,1.055232895,1.055391476
EAD_lambdaj,2.458097175,2.458457572,2.458821054,2.459187588,2.459557159
EAD_lcy,0.6051186,0.6051186,0.6051186,0.6051186,0.6051186
EAD_m,0.957980469,0.957840034,0.957698438,0.957555696,0.957411815
EAD_mcn,0.78148199,0.781408831,0.781335024,0.781260577,0.781185494
EAD_mct,0.78148199,0.781408831,0.781335024,0.781260577,0.781185494
EAD_mi,1.1174722,1.117308384,1.117143215,1.116976708,1.116808872
EAD_mj,0.479505276,0.479434983,0.479364109,0.479292662,0.479220644
EAD_nd,1.88636516,1.88636516,1.88636516,1.88636516,1.88636516
EAD_ndi,0.862038175,0.862038175,0.862038175,0.862038175,0.862038175
EAD_ndj,1.124185365,1.124185365,1.124185365,1.124185365,1.124185365
EAD_ndn,0.821690814,0.821653528,0.821615919,0.82157799,0.821539742
EAD_ndt,1.064674347,1.064711632,1.064749241,1.064787171,1.064825419
EAD_ni,0.862038175,0.862038175,0.862038175,0.862038175,0.862038175
EAD_nj,1.124185365,1.124185365,1.124185365,1.124185365,1.124185365
EAD_nt,1.537877907,1.537726645,1.537574181,1.537420527,1.537265693
EAD_ntc,1.158337334,1.158221743,1.15810522,1.157987777,1.157869419
EAD_nti,0.194409705,0.194387388,0.194364907,0.194342263,0.194319459
EAD_ntcg,0.1542325,0.154221779,0.15421097,0.154200075,0.154189093
EAD_ntig,0.030898368,0.030895736,0.030893083,0.030890412,0.030887721
EAD_pex,0.937778389,0.937690598,0.937602029,0.937512693,0.937422593
EAD_pht,0.937778389,0.937690598,0.937602029,0.937512693,0.937422593
EAD_phttilde,0.937778389,0.937690598,0.937602029,0.937512693,0.937422593
EAD_pi,0.941770844,0.941799109,0.941827454,0.94185588,0.941884385
EAD_pcg,0.957655488,0.957597493,0.957539039,0.957480133,0.957420777
EAD_pig,0.954443005,0.954415161,0.954386986,0.954358485,0.95432966
EAD_pic,1.004962932,1.004962932,1.004962932,1.004962932,1.004962932
EAD_pic4,1.02,1.02,1.02,1.02,1.02
EAD_piex4,1.02,1.02,1.02,1.02,1.02
EAD_piht,1.004962932,1.004962932,1.004962932,1.004962932,1.004962932
EAD_piimc,1.004962932,1.004962932,1.004962932,1.004962932,1.004962932
EAD_piimi,1.004962932,1.004962932,1.004962932,1.004962932,1.004962932
EAD_piimcg,1.004962932,1.004962932,1.004962932,1.004962932,1.004962932
EAD_piimig,1.004962932,1.004962932,1.004962932,1.004962932,1.004962932
EAD_piimc4,1.02,1.02,1.02,1.02,1.02
EAD_pim,0.711389877,0.711688936,0.711990521,0.712294603,0.712601166
EAD_pimc,0.702675131,0.702944035,0.703215357,0.70348907,0.703765159
EAD_pimi,0.734480476,0.734878781,0.735279858,0.735683675,0.73609021
EAD_pimcg,0.70688151,0.707127041,0.707375228,0.707626043,0.707879471
EAD_pimig,0.734475902,0.734873631,0.735274128,0.735677361,0.736083309
EAD_pint,1.004962932,1.004962932,1.004962932,1.004962932,1.004962932
EAD_piw,1.004962932,1.004962932,1.004962932,1.004962932,1.004962932
EAD_piw4,1.02,1.02,1.02,1.02,1.02
EAD_pnt,1.172222986,1.172113247,1.172002537,1.171890866,1.171778241
EAD_pnttilde,1.172222986,1.172113247,1.172002537,1.171890866,1.171778241
EAD_pttc,0.808077707,0.808189074,0.80830144,0.808414794,0.80852913
EAD_ptti,0.870552861,0.87062062,0.870688765,0.870757292,0.870826198
EAD_pttcg,0.907399709,0.90735328,0.907306508,0.907259396,0.907211948
EAD_pttig,0.903491824,0.903482046,0.90347208,0.903461929,0.903451594
EAD_py,1.028552699,1.028451893,1.028350196,1.028247619,1.028144167
EAD_q,0.941770844,0.941799109,0.941827454,0.94185588,0.941884385
EAD_qc,2.280223836,2.279889567,2.279552536,2.279212775,2.278870303
EAD_qi,0.867581792,0.867428575,0.867274243,0.867118807,0.866962276
EAD_qcg,0.853191202,0.853117793,0.85304375,0.852969079,0.852893785
EAD_qig,0.171212578,0.171192473,0.171172219,0.171151818,0.171131269
EAD_r,1.012417239,1.012417239,1.012417239,1.012417239,1.012417239
EAD_reer,0.738300224,0.738414786,0.738533136,0.738655143,0.738780651
EAD_rer,0.621713905,0.620587825,0.619462002,0.618336442,0.617211164
EAD_rerdep,1,1,1,1,1
EAD_rk,0.030529449,0.030530366,0.030531285,0.030532206,0.03053313
EAD_rp,0,0,0,0,0
EAD_rr,1.007417495,1.007417495,1.007417495,1.007417495,1.007417495
EAD_rrstar,1.007417068,1.007417068,1.007417068,1.007417068,1.007417068
EAD_sh,1,1,1,1,1
EAD_si,1,1,1,1,1
EAD_sj,1,1,1,1,1
EAD_snt,1,1,1,1,1
EAD_t,0,0,0,0,0
EAD_tauc,0.183,0.183,0.183,0.183,0.183
EAD_taud,0,0,0,0,0
EAD_tauk,0,0,0,0,0
EAD_taun,0.122,0.122,0.122,0.122,0.122
EAD_tauwf,0.219,0.219,0.219,0.219,0.219
EAD_tauwh,0.118,0.118,0.118,0.118,0.118
EAD_tb,0.007553226,0.007552119,0.007551003,0.007549877,0.007548743
EAD_tby,0.001848872,0.001848872,0.001848872,0.001848872,0.001848872
EAD_ti,0,0,0,0,0
EAD_tj,0,0,0,0,0
EAD_tot,0.626260215,0.624980388,0.623701022,0.622422116,0.621143687
EAD_tr,0.300499334,0.300455282,0.300410866,0.300366091,0.300320958
EAD_tri,0.200332887,0.200303519,0.200273909,0.200244059,0.20021397
EAD_trj,0.600998673,0.60091057,0.600821739,0.600732188,0.600641923
EAD_try,0.073555955,0.073555955,0.073555955,0.073555955,0.073555955
EAD_ttc,1.141467188,1.141221218,1.140973199,1.140723157,1.140471107
EAD_tti,0.676778789,0.676643091,0.676506408,0.676368753,0.676230134
EAD_ttcg,0.701199646,0.701136022,0.701071841,0.701007111,0.700941834
EAD_ttig,0.140779215,0.140761393,0.140743438,0.140725352,0.140707137
EAD_ty,0,0,0,0,0
EAD_u,1,1,1,1,1
EAD_utili,-59.67201497,-59.69192756,-59.71200764,-59.73225332,-59.75266363
EAD_utilj,-209.9097036,-209.9296162,-209.9496963,-209.969942,-209.9903523
EAD_vj,2.38,2.38,2.38,2.38,2.38
EAD_w,1.075069905,1.074912305,1.074753403,1.074593214,1.074431747
EAD_wcst,0,0,0,0,0
EAD_whty,0.501449751,0.501449341,0.501448928,0.501448512,0.501448092
EAD_wi,1.205389373,1.205212669,1.205034505,1.204854898,1.204673858
EAD_witilde,1.205389373,1.205212669,1.205034505,1.204854898,1.204673858
EAD_wj,0.879643863,0.879514912,0.879384895,0.879253826,0.87912171
EAD_wjtilde,0.879643863,0.879514912,0.879384895,0.879253826,0.87912171
EAD_wnty,0.490019141,0.490019141,0.490019141,0.490019141,0.490019141
EAD_wy,0.496405743,0.496405743,0.496405743,0.496405743,0.496405743
EAD_y,3.971907501,3.971714499,3.971520087,3.971324282,3.971127092
EAD_ygap,0,0,0,0,0
EAD_ygrowth,1,1,1,1,1
EAD_ygrowth4,1,1,1,1,1
EAD_yhty,0.558727954,0.558747977,0.558768174,0.558788543,0.558809084
EAD_ynty,0.441272046,0.441252023,0.441231826,0.441211457,0.441190916
EAD_yshare,0.021810248,0.021818086,0.021825926,0.02183377,0.021841617
EAD_ysn,1.537877907,1.537726645,1.537574181,1.537420527,1.537265693
EAD_yst,2.434029594,2.433987854,2.433945907,2.433903755,2.433861399
EAD_zcon,1,1,1,1,1
EAD_zinv,1,1,1,1,1
EAD_zn,1,1,1,1,1
EAD_zt,1,1,1,1,1
EAD_gammav1,0.028706106,0.028706106,0.028706106,0.028706106,0.028706106
EAD_gammav2,0.150338345,0.150338345,0.150338345,0.150338345,0.150338345
EAD_nutc,0.538224011,0.538086241,0.537947273,0.537807122,0.537665796
EAD_nuti,0.733369726,0.73319034,0.733009662,0.73282771,0.732644491
EAD_nutcg,0.904102532,0.90404565,0.903988161,0.90393007,0.903871381
EAD_nutig,0.870213092,0.870106738,0.869999589,0.869891653,0.869782935
EAD_psit,0.047888118,0.047885852,0.047884989,0.047884118,0.04788324
EADEAA_rerbar,1.04866064,1.059853119,1.070737784,1.081295626,1.091504058
EADEAB_rerbar,0.921946135,0.923213201,0.924483905,0.925758171,0.927035942
EADEAC_rerbar,0.902369273,0.903181842,0.903997025,0.904814774,0.905635062
EADEAE_rerbar,0.752425943,0.75324654,0.754069939,0.754896087,0.755724947
EADEAF_rerbar,0.879450238,0.879645796,0.879842096,0.880039122,0.880236884
EADEAG_rerbar,0.757851717,0.757900012,0.757948465,0.757997072,0.758045882
EADEAH_rerbar,0.928358148,0.928775049,0.929194455,0.929616332,0.930040661
EADEAI_rerbar,0.931971648,0.932464201,0.932958414,0.933454255,0.933951708
EADEAJ_rerbar,0.946534304,0.946784153,0.947034548,0.947285478,0.947536951
EADEAK_rerbar,0.94049806,0.940514839,0.940531485,0.940548,0.940564386
EADEAL_rerbar,0.94374768,0.944280996,0.944815923,0.945352432,0.945890508
EADRW_rerbar,0.636635874,0.636577924,0.636529502,0.636490686,0.636461561
EADUS_rerbar,0.621713905,0.620587825,0.619462002,0.618336442,0.617211164
EAD_pibar,0.941770844,0.941799109,0.941827454,0.94185588,0.941884385
EAD_psinbar,0.430605814,0.430563461,0.430520771,0.430477748,0.430434394
EAD_psitbar,0.116557665,0.116553583,0.116549473,0.116545335,0.116541171
EAD_pybar,1.028552699,1.028451893,1.028350196,1.028247619,1.028144167
EAD_qbar,0.941770844,0.941799109,0.941827454,0.94185588,0.941884385
EAD_trybar,0.073555955,0.073555955,0.073555955,0.073555955,0.073555955
EAD_ybar,3.971907501,3.971714499,3.971520087,3.971324282,3.971127092
EAD_ynbar,1.537877907,1.537726645,1.537574181,1.537420527,1.537265693
EAD_ytbar,2.434029594,2.433987854,2.433945907,2.433903755,2.433861399
EAEEAA_excy,0.007938865,0.008104463,0.008269737,0.008434688,0.008599316
EAEEAB_excy,0.001166852,0.001167204,0.001167555,0.001167905,0.001168255
EAEEAC_excy,0.002000801,0.002000787,0.002000772,0.002000758,0.002000744
EAEEAD_excy,0.003690185,0.003687226,0.003684273,0.003681325,0.003678383
EAEEAF_excy,0.006486507,0.006482123,0.006477748,0.00647338,0.006469022
EAEEAG_excy,0.000473223,0.000472869,0.000472515,0.000472162,0.00047181
EAEEAH_excy,0.001105351,0.001104906,0.001104463,0.001104021,0.001103579
EAEEAI_excy,0.00431716,0.004315036,0.004312915,0.004310799,0.004308687
EAEEAJ_excy,0.003980089,0.003978098,0.00397611,0.003974126,0.003972147
EAEEAK_excy,0.000382004,0.000381706,0.000381408,0.000381111,0.000380814
EAEEAL_excy,0.016984866,0.01697875,0.016972645,0.016966553,0.016960472
EAERW_excy,0.080129751,0.080051255,0.079972912,0.079894723,0.079816687
EAEUS_excy,0.02680999,0.026730877,0.026651918,0.026573114,0.026494464
EAEEAA_exiy,0.004440898,0.004533531,0.004625983,0.004718254,0.004810345
EAEEAB_exiy,0.001132021,0.001132362,0.001132703,0.001133043,0.001133382
EAEEAC_exiy,0.001179892,0.001179883,0.001179875,0.001179867,0.001179858
EAEEAD_exiy,0.002745237,0.002743036,0.002740839,0.002738646,0.002736457
EAEEAF_exiy,0.004401075,0.0043981,0.004395131,0.004392168,0.004389211
EAEEAG_exiy,0.000126918,0.000126823,0.000126728,0.000126633,0.000126539
EAEEAH_exiy,0.001648722,0.001648059,0.001647398,0.001646738,0.001646079
EAEEAI_exiy,0.002379973,0.002378802,0.002377633,0.002376466,0.002375302
EAEEAJ_exiy,0.003017088,0.003015578,0.003014071,0.003012568,0.003011067
EAEEAK_exiy,0.000268138,0.000267928,0.000267719,0.000267511,0.000267302
EAEEAL_exiy,0.009801303,0.009797773,0.00979425,0.009790735,0.009787226
EAERW_exiy,0.042677802,0.042635994,0.042594269,0.042552624,0.042511061
EAEUS_exiy,0.010723996,0.010692351,0.010660767,0.010629246,0.010597786
EAE_fx,3.192737689,3.191351071,3.18995007,3.188535002,3.187106159
EAEEAA_gammaimc,0,0,0,0,0
EAEEAB_gammaimc,0,0,0,0,0
EAEEAC_gammaimc,0,0,0,0,0
EAEEAD_gammaimc,0,0,0,0,0
EAEEAF_gammaimc,0,0,0,0,0
EAEEAG_gammaimc,0,0,0,0,0
EAEEAH_gammaimc,0,0,0,0,0
EAEEAI_gammaimc,0,0,0,0,0
EAEEAJ_gammaimc,0,0,0,0,0
EAEEAK_gammaimc,0,0,0,0,0
EAEEAL_gammaimc,0,0,0,0,0
EAERW_gammaimc,0,0,0,0,0
EAEUS_gammaimc,0,0,0,0,0
EAEEAA_gammaimcdag,1,1,1,1,1
EAEEAB_gammaimcdag,1,1,1,1,1
EAEEAC_gammaimcdag,1,1,1,1,1
EAEEAD_gammaimcdag,1,1,1,1,1
EAEEAF_gammaimcdag,1,1,1,1,1
EAEEAG_gammaimcdag,1,1,1,1,1
EAEEAH_gammaimcdag,1,1,1,1,1
EAEEAI_gammaimcdag,1,1,1,1,1
EAEEAJ_gammaimcdag,1,1,1,1,1
EAEEAK_gammaimcdag,1,1,1,1,1
EAEEAL_gammaimcdag,1,1,1,1,1
EAERW_gammaimcdag,1,1,1,1,1
EAEUS_gammaimcdag,1,1,1,1,1
EAEEAA_gammaimi,0,0,0,0,0
EAEEAB_gammaimi,0,0,0,0,0
EAEEAC_gammaimi,0,0,0,0,0
EAEEAD_gammaimi,0,0,0,0,0
EAEEAF_gammaimi,0,0,0,0,0
EAEEAG_gammaimi,0,0,0,0,0
EAEEAH_gammaimi,0,0,0,0,0
EAEEAI_gammaimi,0,0,0,0,0
EAEEAJ_gammaimi,0,0,0,0,0
EAEEAK_gammaimi,0,0,0,0,0
EAEEAL_gammaimi,0,0,0,0,0
EAERW_gammaimi,0,0,0,0,0
EAEUS_gammaimi,0,0,0,0,0
EAEEAA_gammaimidag,1,1,1,1,1
EAEEAB_gammaimidag,1,1,1,1,1
EAEEAC_gammaimidag,1,1,1,1,1
EAEEAD_gammaimidag,1,1,1,1,1
EAEEAF_gammaimidag,1,1,1,1,1
EAEEAG_gammaimidag,1,1,1,1,1
EAEEAH_gammaimidag,1,1,1,1,1
EAEEAI_gammaimidag,1,1,1,1,1
EAEEAJ_gammaimidag,1,1,1,1,1
EAEEAK_gammaimidag,1,1,1,1,1
EAEEAL_gammaimidag,1,1,1,1,1
EAERW_gammaimidag,1,1,1,1,1
EAEUS_gammaimidag,1,1,1,1,1
EAEEAA_gammaimcg,0,0,0,0,0
EAEEAB_gammaimcg,0,0,0,0,0
EAEEAC_gammaimcg,0,0,0,0,0
EAEEAD_gammaimcg,0,0,0,0,0
EAEEAF_gammaimcg,0,0,0,0,0
EAEEAG_gammaimcg,0,0,0,0,0
EAEEAH_gammaimcg,0,0,0,0,0
EAEEAI_gammaimcg,0,0,0,0,0
EAEEAJ_gammaimcg,0,0,0,0,0
EAEEAK_gammaimcg,0,0,0,0,0
EAEEAL_gammaimcg,0,0,0,0,0
EAERW_gammaimcg,0,0,0,0,0
EAEUS_gammaimcg,0,0,0,0,0
EAEEAA_gammaimcgdag,1,1,1,1,1
EAEEAB_gammaimcgdag,1,1,1,1,1
EAEEAC_gammaimcgdag,1,1,1,1,1
EAEEAD_gammaimcgdag,1,1,1,1,1
EAEEAF_gammaimcgdag,1,1,1,1,1
EAEEAG_gammaimcgdag,1,1,1,1,1
EAEEAH_gammaimcgdag,1,1,1,1,1
EAEEAI_gammaimcgdag,1,1,1,1,1
EAEEAJ_gammaimcgdag,1,1,1,1,1
EAEEAK_gammaimcgdag,1,1,1,1,1
EAEEAL_gammaimcgdag,1,1,1,1,1
EAERW_gammaimcgdag,1,1,1,1,1
EAEUS_gammaimcgdag,1,1,1,1,1
EAEEAA_gammaimig,0,0,0,0,0
EAEEAB_gammaimig,0,0,0,0,0
EAEEAC_gammaimig,0,0,0,0,0
EAEEAD_gammaimig,0,0,0,0,0
EAEEAF_gammaimig,0,0,0,0,0
EAEEAG_gammaimig,0,0,0,0,0
EAEEAH_gammaimig,0,0,0,0,0
EAEEAI_gammaimig,0,0,0,0,0
EAEEAJ_gammaimig,0,0,0,0,0
EAEEAK_gammaimig,0,0,0,0,0
EAEEAL_gammaimig,0,0,0,0,0
EAERW_gammaimig,0,0,0,0,0
EAEUS_gammaimig,0,0,0,0,0
EAEEAA_gammaimigdag,1,1,1,1,1
EAEEAB_gammaimigdag,1,1,1,1,1
EAEEAC_gammaimigdag,1,1,1,1,1
EAEEAD_gammaimigdag,1,1,1,1,1
EAEEAF_gammaimigdag,1,1,1,1,1
EAEEAG_gammaimigdag,1,1,1,1,1
EAEEAH_gammaimigdag,1,1,1,1,1
EAEEAI_gammaimigdag,1,1,1,1,1
EAEEAJ_gammaimigdag,1,1,1,1,1
EAEEAK_gammaimigdag,1,1,1,1,1
EAEEAL_gammaimigdag,1,1,1,1,1
EAERW_gammaimigdag,1,1,1,1,1
EAEUS_gammaimigdag,1,1,1,1,1
EAE_gx,3.831285226,3.829621285,3.827940084,3.826242002,3.824527391
EAEEAA_im,0.034185218,0.033571087,0.032980283,0.032411475,0.031863435
EAEEAB_im,0.00881694,0.008813265,0.008809583,0.008805894,0.008802197
EAEEAC_im,0.017636549,0.017635904,0.017635236,0.017634543,0.017633827
EAEEAD_im,0.014711358,0.014722384,0.014733399,0.014744403,0.014755395
EAEEAF_im,0.030624547,0.030642994,0.030661405,0.030679782,0.030698124
EAEEAG_im,0.002844343,0.00284637,0.002848395,0.002850418,0.002852439
EAEEAH_im,0.0220548,0.0220644,0.022073955,0.022083467,0.022092936
EAEEAI_im,0.022676606,0.022685851,0.022695067,0.022704255,0.022713413
EAEEAJ_im,0.032349985,0.032365201,0.032380381,0.032395525,0.032410635
EAEEAK_im,0.003860656,0.003863522,0.003866387,0.003869248,0.003872107
EAEEAL_im,0.096268286,0.096295112,0.0963218,0.096348352,0.09637477
EAERW_im,0.715230013,0.715933645,0.716637035,0.717340185,0.718043095
EAEUS_im,0.080457627,0.080682815,0.080908804,0.0811356,0.081363207
EAEEAA_imc,0.020569114,0.020199594,0.019844109,0.01950186,0.019172106
EAEEAB_imc,0.004204704,0.004202951,0.004201195,0.004199436,0.004197673
EAEEAC_imc,0.009315852,0.009315512,0.009315158,0.009314793,0.009314415
EAEEAD_imc,0.009762362,0.009769679,0.009776989,0.009784291,0.009791586
EAEEAF_imc,0.017336329,0.017346772,0.017357195,0.017367598,0.017377981
EAEEAG_imc,0.002338498,0.002340164,0.002341829,0.002343492,0.002345154
EAEEAH_imc,0.009851478,0.009855766,0.009860034,0.009864283,0.009868512
EAEEAI_imc,0.011536442,0.011541145,0.011545834,0.011550508,0.011555167
EAEEAJ_imc,0.019288361,0.019297433,0.019306484,0.019315514,0.019324523
EAEEAK_imc,0.00250464,0.0025065,0.002508358,0.002510215,0.00251207
EAEEAL_imc,0.048396584,0.04841007,0.048423487,0.048436835,0.048450116
EAERW_imc,0.410981511,0.411385828,0.411790006,0.412194046,0.412597949
EAEUS_imc,0.040355529,0.040468478,0.040581829,0.040695584,0.040809746
EAEEAC_imcy,0.002799,0.002799,0.002799,0.002799,0.002799
EAEEAA_imi,0.008826308,0.008667745,0.008515205,0.008368344,0.008226845
EAEEAB_imi,0.003069434,0.003068154,0.003066873,0.003065588,0.003064301
EAEEAC_imi,0.004889241,0.004889063,0.004888877,0.004888685,0.004888487
EAEEAD_imi,0.00306174,0.003064035,0.003066327,0.003068617,0.003070905
EAEEAF_imi,0.008342809,0.008347834,0.00835285,0.008357856,0.008362853
EAEEAG_imi,0.0002778,0.000277998,0.000278196,0.000278394,0.000278591
EAEEAH_imi,0.006849123,0.006852104,0.006855071,0.006858025,0.006860966
EAEEAI_imi,0.007792408,0.007795585,0.007798752,0.007801909,0.007805057
EAEEAJ_imi,0.007651806,0.007655405,0.007658996,0.007662578,0.007666152
EAEEAK_imi,0.000819991,0.000820599,0.000821208,0.000821816,0.000822423
EAEEAL_imi,0.03301539,0.03302459,0.033033743,0.033042849,0.033051909
EAERW_imi,0.185063008,0.18524507,0.18542707,0.185609007,0.185790883
EAEUS_imi,0.023546101,0.023612003,0.023678139,0.023744512,0.023811121
EAEEAC_imiy,0.001469,0.001469,0.001469,0.001469,0.001469
EAEEAA_imcg,0.003808545,0.003740125,0.003674304,0.003610933,0.003549877
EAEEAB_imcg,0.001203192,0.001202691,0.001202188,0.001201685,0.00120118
EAEEAC_imcg,0.002885618,0.002885512,0.002885403,0.002885289,0.002885172
EAEEAD_imcg,0.001546741,0.001547901,0.001549059,0.001550216,0.001551372
EAEEAF_imcg,0.004017288,0.004019708,0.004022124,0.004024534,0.00402694
EAEEAG_imcg,0.000199021,0.000199163,0.000199305,0.000199446,0.000199588
EAEEAH_imcg,0.004594229,0.004596228,0.004598219,0.0046002,0.004602173
EAEEAI_imcg,0.002482285,0.002483297,0.002484306,0.002485311,0.002486314
EAEEAJ_imcg,0.004559617,0.004561762,0.004563901,0.004566036,0.004568166
EAEEAK_imcg,0.000443497,0.000443826,0.000444155,0.000444484,0.000444812
EAEEAL_imcg,0.011188276,0.011191394,0.011194495,0.011197581,0.011200652
EAERW_imcg,0.098624938,0.098721964,0.098818956,0.098915915,0.099012841
EAEUS_imcg,0.013938739,0.013977751,0.014016902,0.014056193,0.014095625
EAEEAC_imcgy,0.000867,0.000867,0.000867,0.000867,0.000867
EAEEAA_imig,0.000981252,0.000963624,0.000946665,0.000930338,0.000914607
EAEEAB_imig,0.000339611,0.000339469,0.000339327,0.000339185,0.000339043
EAEEAC_imig,0.000545838,0.000545818,0.000545797,0.000545776,0.000545753
EAEEAD_imig,0.000340514,0.000340769,0.000341024,0.000341279,0.000341533
EAEEAF_imig,0.00092812,0.000928679,0.000929237,0.000929794,0.00093035
EAEEAG_imig,2.90E-05,2.90E-05,2.91E-05,2.91E-05,2.91E-05
EAEEAH_imig,0.000759971,0.000760302,0.000760631,0.000760959,0.000761285
EAEEAI_imig,0.000865471,0.000865824,0.000866176,0.000866526,0.000866876
EAEEAJ_imig,0.000850201,0.000850601,0.000851,0.000851398,0.000851795
EAEEAK_imig,9.25E-05,9.26E-05,9.27E-05,9.27E-05,9.28E-05
EAEEAL_imig,0.003668036,0.003669058,0.003670075,0.003671086,0.003672093
EAERW_imig,0.020560556,0.020580783,0.020601003,0.020621216,0.020641423
EAEUS_imig,0.002617257,0.002624583,0.002631934,0.002639312,0.002646716
EAEEAC_imigy,0.000164,0.000164,0.000164,0.000164,0.000164
EAE_piex,1.004962932,1.004962932,1.004962932,1.004962932,1.004962932
EAE_pextilde,0.859484194,0.859229508,0.85897231,0.858712658,0.858450608
EAEEAA_rer,1.393706118,1.407046779,1.419944925,1.43237678,1.444313916
EAEEAB_rer,1.225298175,1.225645457,1.225992254,1.226338549,1.226684318
EAEEAC_rer,1.19927985,1.199052094,1.198823845,1.198595131,1.198365973
EAEEAD_rer,1.329034451,1.327586581,1.326136936,1.324685632,1.32323275
EAEEAF_rer,1.168819664,1.167805955,1.166791101,1.165775181,1.164758273
EAEEAG_rer,1.00721104,1.006177888,1.005143458,1.004107831,1.003071137
EAEEAH_rer,1.233819961,1.233029291,1.232239088,1.231449399,1.230660261
EAEEAI_rer,1.238622427,1.237926961,1.237230613,1.23653344,1.235835487
EAEEAJ_rer,1.257976699,1.256937937,1.255897494,1.254855463,1.253811925
EAEEAK_rer,1.249954322,1.248614879,1.247273543,1.245930423,1.244585599
EAEEAL_rer,1.254273179,1.253614779,1.252955294,1.252294785,1.251633298
EAERW_rer,0.84611101,0.845112309,0.844125284,0.843150067,0.842186781
EAEUS_rer,0.826279198,0.823884069,0.821491441,0.8191014,0.816714026
EAE_sx,1,1,1,1,1
EAEEAA_tot,1.688753756,1.719409546,1.749966295,1.780425726,1.810789447
EAEEAB_tot,1.293777113,1.294137888,1.294497933,1.294857248,1.29521582
EAEEAC_tot,1.257279417,1.257151841,1.257023872,1.256895526,1.256766806
EAEEAD_tot,1.450102043,1.448815995,1.447530575,1.446245823,1.44496173
EAEEAF_tot,1.221846048,1.220941971,1.220038345,1.219135196,1.218232549
EAEEAG_tot,1.009237957,1.008380119,1.007522519,1.006665181,1.005808207
EAEEAH_tot,1.338014031,1.337247331,1.336481713,1.335717196,1.334953787
EAEEAI_tot,1.319962721,1.319242679,1.318522722,1.317802873,1.317083147
EAEEAJ_tot,1.383045167,1.382204159,1.381363162,1.380522207,1.379681311
EAEEAK_tot,1.311522579,1.310368592,1.309214986,1.308061798,1.306909028
EAEEAL_tot,1.363282475,1.36271459,1.362146691,1.3615788,1.361010921
EAERW_tot,0.92949629,0.928454602,0.927413726,0.926373685,0.925334496
EAEUS_tot,0.908141217,0.905481584,0.902826299,0.900175384,0.897528856
EAEEAA_weight,0.04641457,0.04684622,0.047277026,0.047706989,0.048136112
EAEEAB_weight,0.00999145,0.009996892,0.010002323,0.010007744,0.010013154
EAEEAC_weight,0.016484604,0.016488701,0.01649279,0.016496871,0.016500944
EAEEAD_weight,0.023187641,0.023179123,0.023170622,0.023162138,0.02315367
EAEEAF_weight,0.03979086,0.03978217,0.039773498,0.039764842,0.039756204
EAEEAG_weight,0.0025452,0.002544769,0.002544339,0.00254391,0.002543482
EAEEAH_weight,0.018392488,0.018391762,0.018391037,0.018390314,0.018389592
EAEEAI_weight,0.027911278,0.027911709,0.027912139,0.027912568,0.027912997
EAEEAJ_weight,0.03407724,0.034072747,0.034068263,0.034063787,0.03405932
EAEEAK_weight,0.003745957,0.003745239,0.003744523,0.003743808,0.003743094
EAEEAL_weight,0.109855788,0.109854367,0.109852949,0.109851533,0.10985012
EAERW_weight,0.553576981,0.553391607,0.553206595,0.553021944,0.552837655
EAEUS_weight,0.114025944,0.113794694,0.113563897,0.113333551,0.113103655
EAEEAA_weightex,0.04182997,0.042690339,0.043549023,0.044406029,0.04526136
EAEEAB_weightex,0.009900224,0.009911071,0.009921897,0.009932701,0.009943485
EAEEAC_weightex,0.013389712,0.013397878,0.013406027,0.013414161,0.013422279
EAEEAD_weightex,0.027488691,0.027471713,0.027454769,0.027437858,0.02742098
EAEEAF_weightex,0.046460221,0.046442901,0.046425615,0.046408363,0.046391145
EAEEAG_weightex,0.002552876,0.002552018,0.002551161,0.002550307,0.002549453
EAEEAH_weightex,0.010752328,0.01075088,0.010749436,0.010747994,0.010746556
EAEEAI_weightex,0.029354197,0.029355056,0.029355914,0.02935677,0.029357624
EAEEAJ_weightex,0.02864262,0.028633665,0.028624727,0.028615806,0.028606903
EAEEAK_weightex,0.003021157,0.003019727,0.003018299,0.003016874,0.003015452
EAEEAL_weightex,0.103743641,0.103740809,0.103737981,0.10373516,0.103732344
EAERW_weightex,0.519735408,0.519365918,0.518997151,0.518629105,0.518261778
EAEUS_weightex,0.163128954,0.162668025,0.162207999,0.161748872,0.161290641
EAEEAA_weightim,0.051030524,0.051030524,0.051030524,0.051030524,0.051030524
EAEEAB_weightim,0.0100833,0.0100833,0.0100833,0.0100833,0.0100833
EAEEAC_weightim,0.019600663,0.019600663,0.019600663,0.019600663,0.019600663
EAEEAD_weightim,0.018857177,0.018857177,0.018857177,0.018857177,0.018857177
EAEEAF_weightim,0.033075887,0.033075887,0.033075887,0.033075887,0.033075887
EAEEAG_weightim,0.00253747,0.00253747,0.00253747,0.00253747,0.00253747
EAEEAH_weightim,0.026084898,0.026084898,0.026084898,0.026084898,0.026084898
EAEEAI_weightim,0.026458491,0.026458491,0.026458491,0.026458491,0.026458491
EAEEAJ_weightim,0.039549026,0.039549026,0.039549026,0.039549026,0.039549026
EAEEAK_weightim,0.004475713,0.004475713,0.004475713,0.004475713,0.004475713
EAEEAL_weightim,0.116009736,0.116009736,0.116009736,0.116009736,0.116009736
EAERW_weightim,0.587649992,0.587649992,0.587649992,0.587649992,0.587649992
EAEUS_weightim,0.064587125,0.064587125,0.064587125,0.064587125,0.064587125
EAE_b,8.631785336,8.628036518,8.624248815,8.620423084,8.616560109
EAE_bf,-0.656151116,-0.657772829,-0.659399017,-0.661029701,-0.662664901
EAE_by,2.4,2.400000001,2.400000001,2.4,2.4
EAE_c,2.007230868,2.00635912,2.005478329,2.004588696,2.003690402
EAE_ci,2.341409628,2.340392745,2.339365314,2.338327568,2.337279719
EAE_cj,1.004694587,1.004258245,1.003817376,1.003372081,1.002922451
EAE_cy,0.55809475,0.558094751,0.558094751,0.55809475,0.558094751
EAE_d,0.487497545,0.487285823,0.487071905,0.486855839,0.48663767
EAE_dn,0.223341591,0.223213474,0.223084047,0.22295334,0.222821382
EAE_dt,0.264155954,0.264072349,0.263987858,0.263902499,0.263816288
EAE_etot,1.0565784,1.056577464,1.05657483,1.056570714,1.056565304
EAE_ex,1.13902859,1.138871381,1.138712273,1.138551303,1.138388494
EAE_fh,10.51412626,10.51159758,10.5090414,10.50645828,10.50384864
EAE_fi,5.42222466,5.391714389,5.361048377,5.330237701,5.299293271
EAE_fj,0.200823136,0.199693126,0.198557347,0.197416211,0.196270121
EAE_fn,11.69930314,11.69259197,11.6858122,11.6789654,11.67205303
EAE_cg,0.786089077,0.7858901,0.785688323,0.785483794,0.785276556
EAE_gammab,0,0,0,0,0
EAE_gammai,0,0,0,0,0
EAE_gammaider,0,0,0,0,0
EAE_gammau,0,0,0,0,0
EAE_gammauder,0.032417068,0.032417068,0.032417068,0.032417068,0.032417068
EAE_gammav,0.000202766,0.000202678,0.000202589,0.000202499,0.000202409
EAE_gammavi,0.000101018,0.000101018,0.000101018,0.000101018,0.000101018
EAE_gammavider,0.002165194,0.002165194,0.002165194,0.002165194,0.002165194
EAE_gammavj,0.000101018,0.000101018,0.000101018,0.000101018,0.000101018
EAE_gammavjder,0.002165194,0.002165194,0.002165194,0.002165194,0.002165194
EAE_gh,12.61695151,12.61391709,12.61084968,12.60774993,12.60461837
EAE_gi,3.972641729,3.966899335,3.961103218,3.955254863,3.949355773
EAE_gj,3.086039516,3.081578693,3.077076135,3.072532999,3.067950449
EAE_gn,17.54895471,17.53888796,17.5287183,17.51844809,17.50807954
EAE_cgy,0.2,0.2,0.2,0.2,0.2
EAE_ht,1.273806529,1.273877655,1.273949215,1.274021193,1.274093556
EAE_htc,0.371538988,0.371684972,0.371832257,0.37198081,0.372130592
EAE_hti,0.304737308,0.304731105,0.304724818,0.304718447,0.304711991
EAE_htcg,0.500684064,0.500625398,0.500566069,0.500506092,0.500445473
EAE_htig,0.096846169,0.09683618,0.096826071,0.096815843,0.0968055
EAE_i,0.758689195,0.758340212,0.757987119,0.757630001,0.757268933
EAE_ig,0.156166716,0.156115981,0.156064633,0.156012683,0.15596014
EAE_ii,1.011585593,1.011120282,1.010649493,1.010173334,1.009691911
EAE_im,1.02871599,1.027631506,1.026536251,1.025430513,1.024314573
EAE_imc,0.57637863,0.575689471,0.574994218,0.574293047,0.573586133
EAE_imi,0.278765978,0.278500773,0.278232693,0.277961812,0.277688197
EAE_imcg,0.142597544,0.142496916,0.142394805,0.142291242,0.142186257
EAE_imig,0.030973838,0.030944346,0.030914535,0.030884413,0.030853987
EAE_imy,0.270348,0.270348,0.270348,0.270348,0.270348
EAE_internalrer,1.17706341,1.17625235,1.175433778,1.174607888,1.173774873
EAE_igy,0.04,0.04,0.04,0.04,0.04
EAE_k,30.3475678,30.33360846,30.31948478,30.30520003,30.29075734
EAE_kd,30.3475678,30.33360846,30.31948478,30.30520003,30.29075734
EAE_kdn,12.68378678,12.67618523,12.66849784,12.66072644,12.65287278
EAE_kdt,17.66378102,17.65742324,17.65098694,17.64447359,17.63788456
EAE_ki,40.46342373,40.44481129,40.4259797,40.40693338,40.38767645
EAE_lambdai,1.198097039,1.198617602,1.199144026,1.199676206,1.200214044
EAE_lambdaj,2.792128055,2.79334121,2.794568024,2.795808252,2.797061668
EAE_lcy,0.6051186,0.6051186,0.6051186,0.6051186,0.6051186
EAE_m,0.843374314,0.843008034,0.842637954,0.842264158,0.841886723
EAE_mcn,0.716236828,0.71602459,0.715810259,0.715593882,0.715375507
EAE_mct,0.716236828,0.71602459,0.715810259,0.715593882,0.715375507
EAE_mi,0.983785558,0.983358296,0.982926602,0.982490575,0.982050302
EAE_mj,0.422140583,0.421957246,0.421772007,0.421584908,0.421395988
EAE_nd,1.88636516,1.88636515,1.88636515,1.88636516,1.88636516
EAE_ndi,0.862038175,0.86203817,0.86203817,0.862038175,0.862038175
EAE_ndj,1.124185365,1.124185358,1.124185358,1.124185365,1.124185365
EAE_ndn,0.788407613,0.788297709,0.78818664,0.788074431,0.787961097
EAE_ndt,1.097957547,1.098067441,1.09817851,1.09829073,1.098404063
EAE_ni,0.862038175,0.86203817,0.86203817,0.862038175,0.862038175
EAE_nj,1.124185365,1.124185358,1.124185358,1.124185365,1.124185365
EAE_nt,1.417392977,1.416999798,1.416602211,1.416200305,1.415794159
EAE_ntc,1.065196994,1.064892163,1.064584022,1.064272638,1.063958072
EAE_nti,0.178179484,0.178126206,0.178072292,0.178017755,0.177962605
EAE_ntcg,0.145094722,0.145066346,0.145037589,0.14500846,0.144978962
EAE_ntig,0.028921777,0.028915083,0.028908308,0.028901453,0.02889452
EAE_pex,0.859484194,0.859229508,0.85897231,0.858712658,0.858450608
EAE_pht,0.859484194,0.859229508,0.85897231,0.858712658,0.858450608
EAE_phttilde,0.859484194,0.859229508,0.85897231,0.858712658,0.858450608
EAE_pi,0.948102925,0.948127282,0.948152525,0.948178649,0.948205643
EAE_pcg,0.915055896,0.914890063,0.914723282,0.914555584,0.914387002
EAE_pig,0.921214793,0.921113953,0.921012515,0.920910503,0.920807939
EAE_pic,1.004962932,1.004962932,1.004962932,1.004962932,1.004962932
EAE_pic4,1.02,1.02,1.02,1.02,1.02
EAE_piex4,1.02,1.02,1.02,1.02,1.02
EAE_piht,1.004962932,1.004962932,1.004962932,1.004962932,1.004962932
EAE_piimc,1.004962932,1.004962932,1.004962932,1.004962932,1.004962932
EAE_piimi,1.004962932,1.004962932,1.004962932,1.004962932,1.004962932
EAE_piimcg,1.004962932,1.004962932,1.004962932,1.004962932,1.004962932
EAE_piimig,1.004962932,1.004962932,1.004962932,1.004962932,1.004962932
EAE_piimc4,1.02,1.02,1.02,1.02,1.02
EAE_pim,0.945185521,0.945772067,0.946365515,0.946965734,0.94757259
EAE_pimc,0.943306611,0.944025673,0.944752212,0.945486081,0.94622713
EAE_pimi,0.954099507,0.954593296,0.955093584,0.955600256,0.956113193
EAE_pimcg,0.933411095,0.933664581,0.933923937,0.934189078,0.93445991
EAE_pimig,0.954130225,0.954624788,0.955125854,0.955633307,0.956147029
EAE_pint,1.004962932,1.004962932,1.004962932,1.004962932,1.004962932
EAE_piw,1.004962932,1.004962932,1.004962932,1.004962932,1.004962932
EAE_piw4,1.02,1.02,1.02,1.02,1.02
EAE_pnt,1.074355242,1.074036885,1.073715388,1.073390823,1.07306326
EAE_pnttilde,1.074355242,1.074036885,1.073715388,1.073390823,1.07306326
EAE_pttc,0.912742027,0.913100734,0.913463104,0.913829061,0.914198527
EAE_ptti,0.907771934,0.907901269,0.908032746,0.908166336,0.908302007
EAE_pttcg,0.877227339,0.877096296,0.876964805,0.876832887,0.876700566
EAE_pttig,0.884768647,0.884717344,0.884666028,0.88461471,0.8845634
EAE_py,0.938998183,0.938707829,0.938414611,0.938118593,0.937819839
EAE_q,0.948102925,0.948127282,0.948152525,0.948178649,0.948205643
EAE_qc,2.007433634,2.006561798,2.005680919,2.004791195,2.00389281
EAE_qi,0.758689195,0.758340212,0.757987119,0.757630001,0.757268933
EAE_qcg,0.786089077,0.7858901,0.785688323,0.785483794,0.785276556
EAE_qig,0.156166716,0.156115981,0.156064633,0.156012683,0.15596014
EAE_r,1.012417239,1.012417239,1.012417239,1.012417239,1.012417239
EAE_reer,0.963072744,0.962588693,0.962101532,0.961610572,0.961114952
EAE_rer,0.826279198,0.823884069,0.821491441,0.8191014,0.816714026
EAE_rerdep,1,1,1,1,1
EAE_rk,0.030734717,0.030735506,0.030736325,0.030737172,0.030738047
EAE_rp,0,0,0,0,0
EAE_rr,1.007417495,1.007417495,1.007417495,1.007417495,1.007417495
EAE_rrstar,1.007417068,1.007417068,1.007417068,1.007417068,1.007417068
EAE_sh,1,1,1,1,1
EAE_si,1,1,1,1,1
EAE_sj,1,1,1,1,1
EAE_snt,1,1,1,1,1
EAE_t,0,0,0,0,0
EAE_tauc,0.183,0.183,0.183,0.183,0.183
EAE_taud,0,0,0,0,0
EAE_tauk,0,0,0,0,0
EAE_taun,0.122,0.122,0.122,0.122,0.122
EAE_tauwf,0.219,0.219,0.219,0.219,0.219
EAE_tauwh,0.118,0.118,0.118,0.118,0.118
EAE_tb,0.006649611,0.006646723,0.006643805,0.006640858,0.006637882
EAE_tby,0.001848872,0.001848872,0.001848872,0.001848872,0.001848872
EAE_ti,0,0,0,0,0
EAE_tj,0,0,0,0,0
EAE_tot,0.908141217,0.905481584,0.902826299,0.900175384,0.897528856
EAE_tr,0.264549673,0.264434778,0.264318691,0.264201439,0.264083045
EAE_tri,0.176366447,0.17628985,0.176212459,0.176134291,0.176055362
EAE_trj,0.529099351,0.528869561,0.528637387,0.528402883,0.528166096
EAE_try,0.073555955,0.073555955,0.073555955,0.073555955,0.073555955
EAE_ttc,0.945539522,0.944943207,0.944341013,0.943733078,0.943119539
EAE_tti,0.581519831,0.581218406,0.580913456,0.580605055,0.580293271
EAE_ttcg,0.642287517,0.642114714,0.641939456,0.641761787,0.641581744
EAE_ttig,0.127480587,0.127435891,0.127390656,0.127344891,0.127298606
EAE_ty,0,0,0,0,0
EAE_u,1,1,1,1,1
EAE_utili,-76.97825559,-77.03725688,-77.0968967,-77.15716238,-77.21804139
EAE_utilj,-227.2159443,-227.2749449,-227.3345848,-227.3948511,-227.45573
EAE_vj,2.38,2.38,2.38,2.38,2.38
EAE_w,0.94645598,0.946044935,0.945629622,0.945210135,0.944786568
EAE_wcst,0,0,0,0,0
EAE_whty,0.501095414,0.50109428,0.501093135,0.501091978,0.50109081
EAE_wi,1.061184929,1.060724058,1.0602584,1.059788063,1.059313152
EAE_witilde,1.061184929,1.060724058,1.0602584,1.059788063,1.059313152
EAE_wj,0.774409358,0.774073033,0.773733215,0.773389982,0.773043412
EAE_wjtilde,0.774409358,0.774073033,0.773733215,0.773389982,0.773043412
EAE_wnty,0.490019141,0.490019141,0.490019141,0.490019141,0.490019141
EAE_wy,0.496405743,0.496405742,0.496405742,0.496405743,0.496405743
EAE_y,3.830228097,3.829748833,3.829263699,3.828772801,3.828276209
EAE_ygap,0,0,0,0,0
EAE_ygrowth,1,1,1,1,1
EAE_ygrowth4,1,1,1,1,1
EAE_yhty,0.576602008,0.576661027,0.576720674,0.576780936,0.5768418
EAE_ynty,0.423397992,0.423338973,0.423279326,0.423219064,0.4231582
EAE_yshare,0.002677384,0.002680495,0.002683608,0.002686722,0.002689837
EAE_ysn,1.417392977,1.416999798,1.416602211,1.416200305,1.415794159
EAE_yst,2.412835119,2.412749036,2.412661488,2.412572496,2.412482051
EAE_zcon,1,1,1,1,1
EAE_zinv,1,1,1,1,1
EAE_zn,1,1,1,1,1
EAE_zt,1,1,1,1,1
EAE_gammav1,0.028706106,0.028706106,0.028706106,0.028706106,0.028706106
EAE_gammav2,0.150338345,0.150338345,0.150338345,0.150338345,0.150338345
EAE_nutc,0.338103233,0.337866804,0.337628109,0.337387204,0.337144143
EAE_nuti,0.457102877,0.456829171,0.456552288,0.456272293,0.455989254
EAE_nutcg,0.740710717,0.740551084,0.740388796,0.740223894,0.740056422
EAE_nutig,0.706575892,0.70632974,0.706080584,0.705828479,0.705573481
EAE_psit,0.047148589,0.047143877,0.047141483,0.047139065,0.047136624
EAEEAA_rerbar,1.393706118,1.407046779,1.419944925,1.43237678,1.444313916
EAEEAB_rerbar,1.225298175,1.225645457,1.225992254,1.226338549,1.226684318
EAEEAC_rerbar,1.19927985,1.199052094,1.198823845,1.198595131,1.198365973
EAEEAD_rerbar,1.329034451,1.327586581,1.326136936,1.324685632,1.32323275
EAEEAF_rerbar,1.168819664,1.167805955,1.166791101,1.165775181,1.164758273
EAEEAG_rerbar,1.00721104,1.006177888,1.005143458,1.004107831,1.003071137
EAEEAH_rerbar,1.233819961,1.233029291,1.232239088,1.231449399,1.230660261
EAEEAI_rerbar,1.238622427,1.237926961,1.237230613,1.23653344,1.235835487
EAEEAJ_rerbar,1.257976699,1.256937937,1.255897494,1.254855463,1.253811925
EAEEAK_rerbar,1.249954322,1.248614879,1.247273543,1.245930423,1.244585599
EAEEAL_rerbar,1.254273179,1.253614779,1.252955294,1.252294785,1.251633298
EAERW_rerbar,0.84611101,0.845112309,0.844125284,0.843150067,0.842186781
EAEUS_rerbar,0.826279198,0.823884069,0.821491441,0.8191014,0.816714026
EAE_pibar,0.948102925,0.948127282,0.948152525,0.948178649,0.948205643
EAE_psinbar,0.396870034,0.396759943,0.396648619,0.396536086,0.396422364
EAE_psitbar,0.113756117,0.113746343,0.113736441,0.113726412,0.113716259
EAE_pybar,0.938998183,0.938707829,0.938414611,0.938118593,0.937819839
EAE_qbar,0.948102925,0.948127282,0.948152525,0.948178649,0.948205643
EAE_trybar,0.073555955,0.073555955,0.073555955,0.073555955,0.073555955
EAE_ybar,3.830228097,3.829748833,3.829263699,3.828772801,3.828276209
EAE_ynbar,1.417392977,1.416999798,1.416602211,1.416200305,1.415794159
EAE_ytbar,2.412835119,2.412749036,2.412661488,2.412572496,2.412482051
EAFEAA_excy,0.002516159,0.002570381,0.002624571,0.002678727,0.00273285
EAFEAB_excy,0.000812316,0.00081311,0.000813904,0.000814698,0.000815491
EAFEAC_excy,0.006893782,0.006898395,0.006903005,0.006907612,0.006912217
EAFEAD_excy,0.008615455,0.008614369,0.008613283,0.008612199,0.008611114
EAFEAE_excy,0.000373806,0.000374059,0.000374312,0.000374564,0.000374817
EAFEAG_excy,0.000594742,0.000594698,0.000594655,0.000594612,0.000594568
EAFEAH_excy,0.00129721,0.001297566,0.001297921,0.001298276,0.001298631
EAFEAI_excy,0.010492714,0.010494644,0.010496573,0.0104985,0.010500427
EAFEAJ_excy,0.003430959,0.003431562,0.003432164,0.003432766,0.003433368
EAFEAK_excy,0.001388677,0.001388531,0.001388385,0.001388239,0.001388093
EAFEAL_excy,0.01357805,0.013582341,0.013586628,0.013590914,0.013595196
EAFRW_excy,0.06404436,0.064024895,0.064005441,0.063986,0.063966571
EAFUS_excy,0.021438403,0.021389598,0.021340822,0.021292076,0.021243359
EAFEAA_exiy,0.001081081,0.001104378,0.001127661,0.00115093,0.001174184
EAFEAB_exiy,0.000408167,0.000408567,0.000408966,0.000409364,0.000409763
EAFEAC_exiy,0.002540604,0.002542304,0.002544003,0.002545701,0.002547398
EAFEAD_exiy,0.003594285,0.003593832,0.003593379,0.003592926,0.003592474
EAFEAE_exiy,0.000179888,0.00018001,0.000180131,0.000180253,0.000180374
EAFEAG_exiy,0.000174928,0.000174915,0.000174902,0.00017489,0.000174877
EAFEAH_exiy,0.002063855,0.002064421,0.002064987,0.002065552,0.002066117
EAFEAI_exiy,0.00300002,0.003000572,0.003001124,0.003001675,0.003002225
EAFEAJ_exiy,0.001160234,0.001160438,0.001160642,0.001160846,0.001161049
EAFEAK_exiy,0.000400175,0.000400133,0.000400091,0.000400048,0.000400006
EAFEAL_exiy,0.006353706,0.006355714,0.00635772,0.006359726,0.00636173
EAFRW_exiy,0.034184863,0.034174473,0.034164089,0.034153712,0.034143341
EAFUS_exiy,0.008535137,0.008515706,0.008496287,0.00847688,0.008457485
EAF_fx,2.823751558,2.823065907,2.82237451,2.821677448,2.820974782
EAFEAA_gammaimc,0,0,0,0,0
EAFEAB_gammaimc,0,0,0,0,0
EAFEAC_gammaimc,0,0,0,0,0
EAFEAD_gammaimc,0,0,0,0,0
EAFEAE_gammaimc,0,0,0,0,0
EAFEAG_gammaimc,0,0,0,0,0
EAFEAH_gammaimc,0,0,0,0,0
EAFEAI_gammaimc,0,0,0,0,0
EAFEAJ_gammaimc,0,0,0,0,0
EAFEAK_gammaimc,0,0,0,0,0
EAFEAL_gammaimc,0,0,0,0,0
EAFRW_gammaimc,0,0,0,0,0
EAFUS_gammaimc,0,0,0,0,0
EAFEAA_gammaimcdag,1,1,1,1,1
EAFEAB_gammaimcdag,1,1,1,1,1
EAFEAC_gammaimcdag,1,1,1,1,1
EAFEAD_gammaimcdag,1,1,1,1,1
EAFEAE_gammaimcdag,1,1,1,1,1
EAFEAG_gammaimcdag,1,1,1,1,1
EAFEAH_gammaimcdag,1,1,1,1,1
EAFEAI_gammaimcdag,1,1,1,1,1
EAFEAJ_gammaimcdag,1,1,1,1,1
EAFEAK_gammaimcdag,1,1,1,1,1
EAFEAL_gammaimcdag,1,1,1,1,1
EAFRW_gammaimcdag,1,1,1,1,1
EAFUS_gammaimcdag,1,1,1,1,1
EAFEAA_gammaimi,0,0,0,0,0
EAFEAB_gammaimi,0,0,0,0,0
EAFEAC_gammaimi,0,0,0,0,0
EAFEAD_gammaimi,0,0,0,0,0
EAFEAE_gammaimi,0,0,0,0,0
EAFEAG_gammaimi,0,0,0,0,0
EAFEAH_gammaimi,0,0,0,0,0
EAFEAI_gammaimi,0,0,0,0,0
EAFEAJ_gammaimi,0,0,0,0,0
EAFEAK_gammaimi,0,0,0,0,0
EAFEAL_gammaimi,0,0,0,0,0
EAFRW_gammaimi,0,0,0,0,0
EAFUS_gammaimi,0,0,0,0,0
EAFEAA_gammaimidag,1,1,1,1,1
EAFEAB_gammaimidag,1,1,1,1,1
EAFEAC_gammaimidag,1,1,1,1,1
EAFEAD_gammaimidag,1,1,1,1,1
EAFEAE_gammaimidag,1,1,1,1,1
EAFEAG_gammaimidag,1,1,1,1,1
EAFEAH_gammaimidag,1,1,1,1,1
EAFEAI_gammaimidag,1,1,1,1,1
EAFEAJ_gammaimidag,1,1,1,1,1
EAFEAK_gammaimidag,1,1,1,1,1
EAFEAL_gammaimidag,1,1,1,1,1
EAFRW_gammaimidag,1,1,1,1,1
EAFUS_gammaimidag,1,1,1,1,1
EAFEAA_gammaimcg,0,0,0,0,0
EAFEAB_gammaimcg,0,0,0,0,0
EAFEAC_gammaimcg,0,0,0,0,0
EAFEAD_gammaimcg,0,0,0,0,0
EAFEAE_gammaimcg,0,0,0,0,0
EAFEAG_gammaimcg,0,0,0,0,0
EAFEAH_gammaimcg,0,0,0,0,0
EAFEAI_gammaimcg,0,0,0,0,0
EAFEAJ_gammaimcg,0,0,0,0,0
EAFEAK_gammaimcg,0,0,0,0,0
EAFEAL_gammaimcg,0,0,0,0,0
EAFRW_gammaimcg,0,0,0,0,0
EAFUS_gammaimcg,0,0,0,0,0
EAFEAA_gammaimcgdag,1,1,1,1,1
EAFEAB_gammaimcgdag,1,1,1,1,1
EAFEAC_gammaimcgdag,1,1,1,1,1
EAFEAD_gammaimcgdag,1,1,1,1,1
EAFEAE_gammaimcgdag,1,1,1,1,1
EAFEAG_gammaimcgdag,1,1,1,1,1
EAFEAH_gammaimcgdag,1,1,1,1,1
EAFEAI_gammaimcgdag,1,1,1,1,1
EAFEAJ_gammaimcgdag,1,1,1,1,1
EAFEAK_gammaimcgdag,1,1,1,1,1
EAFEAL_gammaimcgdag,1,1,1,1,1
EAFRW_gammaimcgdag,1,1,1,1,1
EAFUS_gammaimcgdag,1,1,1,1,1
EAFEAA_gammaimig,0,0,0,0,0
EAFEAB_gammaimig,0,0,0,0,0
EAFEAC_gammaimig,0,0,0,0,0
EAFEAD_gammaimig,0,0,0,0,0
EAFEAE_gammaimig,0,0,0,0,0
EAFEAG_gammaimig,0,0,0,0,0
EAFEAH_gammaimig,0,0,0,0,0
EAFEAI_gammaimig,0,0,0,0,0
EAFEAJ_gammaimig,0,0,0,0,0
EAFEAK_gammaimig,0,0,0,0,0
EAFEAL_gammaimig,0,0,0,0,0
EAFRW_gammaimig,0,0,0,0,0
EAFUS_gammaimig,0,0,0,0,0
EAFEAA_gammaimigdag,1,1,1,1,1
EAFEAB_gammaimigdag,1,1,1,1,1
EAFEAC_gammaimigdag,1,1,1,1,1
EAFEAD_gammaimigdag,1,1,1,1,1
EAFEAE_gammaimigdag,1,1,1,1,1
EAFEAG_gammaimigdag,1,1,1,1,1
EAFEAH_gammaimigdag,1,1,1,1,1
EAFEAI_gammaimigdag,1,1,1,1,1
EAFEAJ_gammaimigdag,1,1,1,1,1
EAFEAK_gammaimigdag,1,1,1,1,1
EAFEAL_gammaimigdag,1,1,1,1,1
EAFRW_gammaimigdag,1,1,1,1,1
EAFUS_gammaimigdag,1,1,1,1,1
EAF_gx,3.38850187,3.387679089,3.386849412,3.386012938,3.385169739
EAFEAA_im,0.015758111,0.01546456,0.015182151,0.014910247,0.014648263
EAFEAB_im,0.008849927,0.00884026,0.008830602,0.008820952,0.008811313
EAFEAC_im,0.049323472,0.049288333,0.049253195,0.049218058,0.049182923
EAFEAD_im,0.060470101,0.060474519,0.060478912,0.060483282,0.060487622
EAFEAE_im,0.00490034,0.004896352,0.004892363,0.004888374,0.004884384
EAFEAG_im,0.00327849,0.003278609,0.003278726,0.003278843,0.003278958
EAFEAH_im,0.019348888,0.019344226,0.01933954,0.01933483,0.019330097
EAFEAI_im,0.064587698,0.064570359,0.064552987,0.064535582,0.064518145
EAFEAJ_im,0.031214569,0.031208144,0.031201705,0.031195254,0.03118879
EAFEAK_im,0.01113328,0.011134016,0.011134749,0.011135477,0.011136203
EAFEAL_im,0.119387074,0.119339628,0.119292124,0.119244564,0.119196951
EAFRW_im,0.599119853,0.599303925,0.599487789,0.599671447,0.599854906
EAFUS_im,0.09167454,0.091868987,0.092064122,0.092259948,0.092456469
EAFEAA_imc,0.010323531,0.010131219,0.009946205,0.009768074,0.009596442
EAFEAB_imc,0.004969232,0.004963804,0.004958381,0.004952963,0.00494755
EAFEAC_imc,0.030481031,0.030459316,0.030437601,0.030415887,0.030394175
EAFEAD_imc,0.041490382,0.041493416,0.04149643,0.041499426,0.041502403
EAFEAE_imc,0.00250776,0.002505719,0.002503677,0.002501636,0.002499594
EAFEAG_imc,0.002692304,0.002692402,0.002692498,0.002692594,0.002692689
EAFEAH_imc,0.009699877,0.00969754,0.009695191,0.00969283,0.009690457
EAFEAI_imc,0.040940446,0.040929455,0.040918443,0.040907411,0.040896358
EAFEAJ_imc,0.020604038,0.020599797,0.020595547,0.020591289,0.020587022
EAFEAK_imc,0.007991691,0.007992219,0.007992745,0.007993268,0.007993789
EAFEAL_imc,0.067934809,0.067907811,0.067880779,0.067853716,0.067826623
EAFRW_imc,0.396388572,0.396510357,0.396632006,0.396753517,0.396874896
EAFUS_imc,0.05052419,0.050631355,0.050738898,0.050846823,0.050955131
EAFEAD_imcy,0.011492,0.011492,0.011492,0.011492,0.011492
EAFEAA_imi,0.003810096,0.00373912,0.003670837,0.003605094,0.00354175
EAFEAB_imi,0.002630294,0.002627421,0.00262455,0.002621682,0.002618817
EAFEAC_imi,0.012034178,0.012025604,0.012017031,0.012008458,0.011999886
EAFEAD_imi,0.012964842,0.012965786,0.012966727,0.012967668,0.012968598
EAFEAE_imi,0.001701507,0.001700122,0.001698737,0.001697352,0.001695967
EAFEAG_imi,0.000316437,0.000316448,0.000316459,0.000316471,0.000316482
EAFEAH_imi,0.005446643,0.005445331,0.005444012,0.005442686,0.005441354
EAFEAI_imi,0.016531658,0.01652722,0.016522774,0.016518319,0.016513856
EAFEAJ_imi,0.006741832,0.006740444,0.006739054,0.00673766,0.006736264
EAFEAK_imi,0.002167577,0.00216772,0.002167862,0.002168004,0.002168146
EAFEAL_imi,0.036267741,0.036253327,0.036238897,0.036224449,0.036209985
EAFRW_imi,0.129294489,0.129334213,0.129373893,0.129413527,0.129453119
EAFUS_imi,0.02427052,0.024322,0.024373661,0.024425505,0.024477533
EAFEAD_imiy,0.003591,0.003590999,0.003590999,0.003591,0.003591
EAFEAA_imcg,0.001199762,0.001177412,0.00115591,0.001135209,0.001115262
EAFEAB_imcg,0.000959046,0.000957998,0.000956951,0.000955906,0.000954861
EAFEAC_imcg,0.005471595,0.005467697,0.005463799,0.005459901,0.005456003
EAFEAD_imcg,0.00457795,0.004578285,0.004578618,0.004578948,0.004579277
EAFEAE_imcg,0.000502599,0.00050219,0.000501781,0.000501372,0.000500962
EAFEAG_imcg,0.000233437,0.000233445,0.000233454,0.000233462,0.00023347
EAFEAH_imcg,0.00359588,0.003595014,0.003594143,0.003593268,0.003592388
EAFEAI_imcg,0.005279184,0.005277766,0.005276346,0.005274924,0.005273499
EAFEAJ_imcg,0.003119186,0.003118544,0.0031179,0.003117256,0.00311661
EAFEAK_imcg,0.000734501,0.00073455,0.000734598,0.000734646,0.000734694
EAFEAL_imcg,0.011156055,0.011151622,0.011147183,0.011142739,0.011138289
EAFRW_imcg,0.059068234,0.059086382,0.059104509,0.059122616,0.059140704
EAFUS_imcg,0.014181824,0.014211905,0.014242092,0.014272385,0.014302787
EAFEAD_imcgy,0.001268,0.001268,0.001268,0.001268,0.001268
EAFEAA_imig,0.000424722,0.00041681,0.000409198,0.00040187,0.000394809
EAFEAB_imig,0.000291356,0.000291037,0.000290719,0.000290402,0.000290084
EAFEAC_imig,0.001336668,0.001335716,0.001334764,0.001333811,0.001332859
EAFEAD_imig,0.001436928,0.001437032,0.001437137,0.001437241,0.001437344
EAFEAE_imig,0.000188475,0.000188321,0.000188168,0.000188014,0.000187861
EAFEAG_imig,3.63E-05,3.63E-05,3.63E-05,3.63E-05,3.63E-05
EAFEAH_imig,0.000606487,0.000606341,0.000606194,0.000606046,0.000605898
EAFEAI_imig,0.00183641,0.001835917,0.001835423,0.001834928,0.001834433
EAFEAJ_imig,0.000749513,0.000749359,0.000749204,0.000749049,0.000748894
EAFEAK_imig,0.000239511,0.000239527,0.000239543,0.000239558,0.000239574
EAFEAL_imig,0.004028469,0.004026868,0.004025265,0.00402366,0.004022054
EAFRW_imig,0.014368558,0.014372972,0.014377382,0.014381786,0.014386186
EAFUS_imig,0.002698006,0.002703728,0.002709471,0.002715234,0.002721018
EAFEAD_imigy,0.000398,0.000398,0.000398,0.000398,0.000398
EAF_piex,1.004962932,1.004962932,1.004962932,1.004962932,1.004962932
EAF_pextilde,0.898476812,0.898325072,0.898172051,0.898017767,0.897862241
EAFEAA_rer,1.192404749,1.204863507,1.216965851,1.228690405,1.240011726
EAFEAB_rer,1.048320979,1.04952835,1.050738434,1.051951155,1.053166435
EAFEAC_rer,1.026060638,1.026756276,1.027453709,1.028152898,1.028853798
EAFEAD_rer,1.137074,1.136821212,1.136567579,1.136313119,1.136057825
EAFEAE_rer,0.855563977,0.856306645,0.857051445,0.857798327,0.85854724
EAFEAG_rer,0.861733483,0.86159681,0.861459652,0.861322018,0.861183956
EAFEAH_rer,1.055611913,1.055851176,1.056092292,1.056335234,1.05657997
EAFEAI_rer,1.05972073,1.060045083,1.060370286,1.060696316,1.061023146
EAFEAJ_rer,1.076279547,1.076324308,1.076368763,1.076412917,1.076456768
EAFEAK_rer,1.069415891,1.069197219,1.068977593,1.068757032,1.06853553
EAFEAL_rer,1.07311095,1.073478666,1.073847146,1.074216371,1.074586313
EAFRW_rer,0.7239021,0.723675287,0.723458795,0.723252717,0.723057136
EAFUS_rer,0.706934717,0.705497403,0.704060427,0.702623811,0.701187573
EAF_sx,1,1,1,1,1
EAFEAA_tot,1.38213301,1.408264756,1.43435352,1.460400562,1.486407047
EAFEAB_tot,1.058870808,1.059950365,1.061030531,1.062111283,1.063192591
EAFEAC_tot,1.028999864,1.029657323,1.030315053,1.030973045,1.031631281
EAFEAD_tot,1.186812402,1.186637883,1.186463181,1.186288302,1.186113218
EAFEAE_tot,0.818433715,0.819039744,0.819646369,0.820253572,0.820861338
EAFEAG_tot,0.82599437,0.825903394,0.825812173,0.825720711,0.82562907
EAFEAH_tot,1.095075793,1.095258713,1.095442383,1.095626801,1.095811951
EAFEAI_tot,1.080301993,1.080512188,1.080722362,1.080932514,1.081142634
EAFEAJ_tot,1.131930794,1.132080142,1.1322293,1.132378272,1.132527047
EAFEAK_tot,1.073394296,1.073243957,1.07309331,1.072942363,1.072791093
EAFEAL_tot,1.11575634,1.11611741,1.11647859,1.116839874,1.117201245
EAFRW_tot,0.760731101,0.76044122,0.760151293,0.759861324,0.759571312
EAFUS_tot,0.743253389,0.741625405,0.739998298,0.738372075,0.736746737
EAFEAA_weight,0.020096511,0.020273525,0.020450431,0.020627229,0.020803921
EAFEAB_weight,0.008371698,0.008375916,0.008380132,0.008384345,0.008388556
EAFEAC_weight,0.046741022,0.046755594,0.046770156,0.04678471,0.046799254
EAFEAD_weight,0.065931843,0.065929183,0.065926527,0.065923876,0.065921224
EAFEAE_weight,0.003637429,0.003638859,0.003640289,0.003641718,0.003643146
EAFEAG_weight,0.003346338,0.003346362,0.003346386,0.003346411,0.003346435
EAFEAH_weight,0.018616864,0.018619348,0.01862183,0.018624311,0.01862679
EAFEAI_weight,0.067594739,0.067602595,0.067610446,0.067618292,0.067626133
EAFEAJ_weight,0.030510841,0.030514053,0.030517264,0.030520472,0.030523679
EAFEAK_weight,0.010336233,0.010335968,0.010335704,0.01033544,0.010335176
EAFEAL_weight,0.117012682,0.117032324,0.117051953,0.117071571,0.117091177
EAFRW_weight,0.492463745,0.492410818,0.492357923,0.49230506,0.492252229
EAFUS_weight,0.115340057,0.115165453,0.114990956,0.114816565,0.11464228
EAFEAA_weightex,0.017426946,0.017779518,0.018131876,0.01848402,0.01883595
EAFEAB_weightex,0.006950376,0.006958778,0.006967175,0.006975567,0.006983954
EAFEAC_weightex,0.040430618,0.040459641,0.040488646,0.040517634,0.040546604
EAFEAD_weightex,0.056849528,0.056844235,0.056838945,0.05683366,0.056828377
EAFEAE_weightex,0.003083158,0.003086008,0.003088856,0.003091702,0.003094546
EAFEAG_weightex,0.003855064,0.003855113,0.003855161,0.00385521,0.003855258
EAFEAH_weightex,0.015093414,0.015098361,0.015103306,0.015108247,0.015113185
EAFEAI_weightex,0.062229209,0.062244856,0.062260493,0.062276121,0.06229174
EAFEAJ_weightex,0.024106143,0.024112542,0.024118936,0.024125327,0.024131714
EAFEAK_weightex,0.008186585,0.008186058,0.008185531,0.008185005,0.008184479
EAFEAL_weightex,0.094834872,0.094873994,0.094913092,0.094952166,0.094991216
EAFRW_weightex,0.507928234,0.507822815,0.50771746,0.507612169,0.507506942
EAFUS_weightex,0.159025853,0.158678082,0.158330522,0.157983173,0.157636035
EAFEAA_weightim,0.022788204,0.022788204,0.022788204,0.022788204,0.022788204
EAFEAB_weightim,0.009804801,0.009804801,0.009804801,0.009804801,0.009804801
EAFEAC_weightim,0.053103733,0.053103733,0.053103733,0.053103733,0.053103733
EAFEAD_weightim,0.07508944,0.075089435,0.075089434,0.07508944,0.07508944
EAFEAE_weightim,0.004196293,0.004196293,0.004196293,0.004196293,0.004196293
EAFEAG_weightim,0.002833395,0.002833395,0.002833395,0.002833395,0.002833395
EAFEAH_weightim,0.022169519,0.022169519,0.022169519,0.022169519,0.022169519
EAFEAI_weightim,0.073004743,0.073004743,0.073004743,0.073004743,0.073004743
EAFEAJ_weightim,0.036968626,0.036968626,0.036968626,0.036968626,0.036968626
EAFEAK_weightim,0.012503699,0.012503699,0.012503699,0.012503699,0.012503699
EAFEAL_weightim,0.139374322,0.139374322,0.139374322,0.139374322,0.139374322
EAFRW_weightim,0.476871072,0.476871072,0.476871072,0.476871072,0.476871072
EAFUS_weightim,0.071292153,0.071292153,0.071292153,0.071292153,0.071292153
EAF_b,9.239575204,9.237331744,9.235069433,9.232788527,9.230489339
EAF_bf,-0.820923626,-0.822396364,-0.823873038,-0.825353668,-0.82683828
EAF_by,2.4,2.4,2.4,2.4,2.4
EAF_c,2.148566008,2.148044315,2.147518238,2.146987837,2.146453185
EAF_ci,2.506275296,2.505666747,2.505053085,2.50443438,2.503810715
EAF_cj,1.075438144,1.075177017,1.074913695,1.07464821,1.074380596
EAF_cy,0.55809475,0.55809475,0.55809475,0.55809475,0.55809475
EAF_d,0.521823708,0.521697004,0.521569235,0.521440417,0.521310565
EAF_dn,0.244327055,0.244248788,0.244169869,0.244090306,0.24401011
EAF_dt,0.277496653,0.277448211,0.277399361,0.277350111,0.277300455
EAF_etot,0.881248277,0.881384094,0.881519231,0.881653781,0.88178782
EAF_ex,0.963671224,0.963599969,0.963528101,0.96345563,0.963382552
EAF_fh,12.65863646,12.65680309,12.654954,12.65308937,12.65120946
EAF_fi,13.12350521,13.08217256,13.04061431,12.99883786,12.95685161
EAF_fj,0.486055749,0.48452491,0.482985715,0.481438439,0.479883393
EAF_fn,12.79858474,12.79448489,12.79035086,12.78618311,12.78198223
EAF_cg,0.8255027,0.825406045,0.825308455,0.825209941,0.825110516
EAF_gammab,0,0,0,0,0
EAF_gammai,0,0,0,0,0
EAF_gammaider,0,0,0,0,0
EAF_gammau,0,0,0,0,0
EAF_gammauder,0.032417068,0.032417068,0.032417068,0.032417068,0.032417068
EAF_gammav,0.000217044,0.000216991,0.000216938,0.000216884,0.00021683
EAF_gammavi,0.000101018,0.000101018,0.000101018,0.000101018,0.000101018
EAF_gammavider,0.002165194,0.002165194,0.002165194,0.002165194,0.002165194
EAF_gammavj,0.000101018,0.000101018,0.000101018,0.000101018,0.000101018
EAF_gammavjder,0.002165194,0.002165194,0.002165194,0.002165194,0.002165194
EAF_gh,15.19036375,15.18816371,15.1859448,15.18370725,15.18145135
EAF_gi,4.982937885,4.978910036,4.97485065,4.970760242,4.966639431
EAF_gj,3.870860819,3.867731893,3.864578469,3.861400946,3.858199805
EAF_gn,19.19787711,19.19172734,19.18552629,19.17927466,19.17297335
EAF_cgy,0.2,0.2,0.2,0.2,0.2
EAF_ht,1.467061199,1.467096496,1.467132073,1.467167923,1.467204043
EAF_htc,0.391543776,0.391632536,0.39172203,0.391812248,0.391903178
EAF_hti,0.394398523,0.394389585,0.394380565,0.394371466,0.394362288
EAF_htcg,0.572669199,0.572630916,0.572592312,0.572553392,0.57251416
EAF_htig,0.108449701,0.10844346,0.108437165,0.108430817,0.108424417
EAF_i,0.820991284,0.820788966,0.82058493,0.820379198,0.8201718
EAF_ig,0.164962316,0.164934522,0.164906486,0.164878212,0.164849703
EAF_ii,1.094655045,1.094385288,1.094113241,1.093838931,1.0935624
EAF_im,1.027204588,1.02645023,1.025690055,1.024924165,1.024152682
EAF_imc,0.653364682,0.652866897,0.652365339,0.651860077,0.651351186
EAF_imi,0.241970725,0.241787433,0.241602786,0.241416807,0.24122953
EAF_imcg,0.104984331,0.104931483,0.104878096,0.104824179,0.10476974
EAF_imig,0.02688485,0.026864417,0.026843834,0.026823102,0.026802226
EAF_imy,0.223054,0.223054,0.223054,0.223054,0.223054
EAF_internalrer,1.307065855,1.306536747,1.306003365,1.305465775,1.304924051
EAF_igy,0.04,0.04,0.04,0.04,0.04
EAF_k,32.83965135,32.83155864,32.82339722,32.81516792,32.80687199
EAF_kd,32.83965135,32.83155864,32.82339722,32.81516792,32.80687199
EAF_kdn,14.02730245,14.0227582,14.01817577,14.01355563,14.00889849
EAF_kdt,18.81234891,18.80880044,18.80522145,18.80161229,18.79797351
EAF_ki,43.7862018,43.77541152,43.76452962,43.75355723,43.74249599
EAF_lambdai,1.11928484,1.11955668,1.119830937,1.120107585,1.120386588
EAF_lambdaj,2.608458664,2.609092178,2.609731326,2.610376045,2.611026254
EAF_lcy,0.6051186,0.6051186,0.6051186,0.6051186,0.6051186
EAF_m,0.902758827,0.902539628,0.902318587,0.90209573,0.901871086
EAF_mcn,0.748730677,0.748604226,0.748476709,0.748348139,0.748218534
EAF_mct,0.748730677,0.748604226,0.748476709,0.748348139,0.748218534
EAF_mi,1.053056847,1.052801154,1.052543313,1.052283353,1.052021309
EAF_mj,0.451864766,0.451755049,0.45164441,0.451532861,0.451420419
EAF_nd,1.88636516,1.88636516,1.88636516,1.88636516,1.88636516
EAF_ndi,0.862038175,0.862038175,0.862038175,0.862038175,0.862038175
EAF_ndj,1.124185365,1.124185365,1.124185365,1.124185365,1.124185365
EAF_ndn,0.805751996,0.805689514,0.805626493,0.805562939,0.805498861
EAF_ndt,1.080613164,1.080675646,1.080738668,1.080802221,1.080866299
EAF_ni,0.862038175,0.862038175,0.862038175,0.862038175,0.862038175
EAF_nj,1.124185365,1.124185365,1.124185365,1.124185365,1.124185365
EAF_nt,1.483280378,1.483055699,1.482829093,1.482600586,1.482370209
EAF_ntc,1.115184735,1.115008116,1.114829994,1.114650389,1.114469325
EAF_nti,0.18755827,0.187528225,0.187497923,0.187467366,0.18743656
EAF_ntcg,0.15045831,0.15044394,0.150429436,0.1504148,0.150400034
EAF_ntig,0.030079063,0.030075417,0.030071739,0.03006803,0.03006429
EAF_pex,0.898476812,0.898325072,0.898172051,0.898017767,0.897862241
EAF_pht,0.898476812,0.898325072,0.898172051,0.898017767,0.897862241
EAF_phttilde,0.898476812,0.898325072,0.898172051,0.898017767,0.897862241
EAF_pi,0.937847472,0.937850869,0.937854317,0.937857817,0.937861366
EAF_pcg,0.932722087,0.932604807,0.932486653,0.932367639,0.932247777
EAF_pig,0.933503623,0.933434234,0.933364282,0.933293776,0.933222725
EAF_pic,1.004962932,1.004962932,1.004962932,1.004962932,1.004962932
EAF_pic4,1.02,1.02,1.02,1.02,1.02
EAF_piex4,1.02,1.02,1.02,1.02,1.02
EAF_piht,1.004962932,1.004962932,1.004962932,1.004962932,1.004962932
EAF_piimc,1.004962932,1.004962932,1.004962932,1.004962932,1.004962932
EAF_piimi,1.004962932,1.004962932,1.004962932,1.004962932,1.004962932
EAF_piimcg,1.004962932,1.004962932,1.004962932,1.004962932,1.004962932
EAF_piimig,1.004962932,1.004962932,1.004962932,1.004962932,1.004962932
EAF_piimc4,1.02,1.02,1.02,1.02,1.02
EAF_pim,0.835976037,0.836387279,0.836802164,0.837220646,0.83764267
EAF_pimc,0.833425084,0.833858019,0.834294737,0.834735189,0.835179324
EAF_pimi,0.84704762,0.847483915,0.847923898,0.848367523,0.84881472
EAF_pimcg,0.823508368,0.82372307,0.823940533,0.82416073,0.824383623
EAF_pimig,0.847008749,0.847447149,0.847889253,0.848335015,0.848784363
EAF_pint,1.004962932,1.004962932,1.004962932,1.004962932,1.004962932
EAF_piw,1.004962932,1.004962932,1.004962932,1.004962932,1.004962932
EAF_piw4,1.02,1.02,1.02,1.02,1.02
EAF_pnt,1.123096015,1.12290634,1.122715063,1.122522209,1.122327801
EAF_pnttilde,1.123096016,1.12290634,1.122715063,1.122522209,1.122327801
EAF_pttc,0.859249755,0.85945255,0.859657098,0.859863376,0.860071358
EAF_ptti,0.879805712,0.879866062,0.879926956,0.879988391,0.880050355
EAF_pttcg,0.887889083,0.887788212,0.887686632,0.887584352,0.887481386
EAF_pttig,0.888842292,0.888799841,0.888757061,0.888713959,0.888670537
EAF_py,0.983600003,0.983426662,0.983251859,0.983075613,0.982897951
EAF_q,0.937847472,0.937850869,0.937854317,0.937857817,0.937861366
EAF_qc,2.148783051,2.148261306,2.147735176,2.147204721,2.146670015
EAF_qi,0.820991284,0.820788966,0.82058493,0.820379198,0.8201718
EAF_qcg,0.8255027,0.825406045,0.825308455,0.825209941,0.825110516
EAF_qig,0.164962316,0.164934522,0.164906486,0.164878212,0.164849703
EAF_r,1.012417239,1.012417239,1.012417239,1.012417239,1.012417239
EAF_reer,0.84327952,0.843301862,0.843326684,0.843353744,0.843382729
EAF_rer,0.706934717,0.705497403,0.704060427,0.702623811,0.701187573
EAF_rerdep,1,1,1,1,1
EAF_rk,0.030402265,0.030402375,0.030402487,0.030402601,0.030402716
EAF_rp,0,0,0,0,0
EAF_rr,1.007417495,1.007417495,1.007417495,1.007417495,1.007417495
EAF_rrstar,1.007417068,1.007417068,1.007417068,1.007417068,1.007417068
EAF_sh,1,1,1,1,1
EAF_si,1,1,1,1,1
EAF_sj,1,1,1,1,1
EAF_snt,1,1,1,1,1
EAF_t,0,0,0,0,0
EAF_tauc,0.183,0.183,0.183,0.183,0.183
EAF_taud,0,0,0,0,0
EAF_tauk,0,0,0,0,0
EAF_taun,0.122,0.122,0.122,0.122,0.122
EAF_tauwf,0.219,0.219,0.219,0.219,0.219
EAF_tauwh,0.118,0.118,0.118,0.118,0.118
EAF_tb,0.00711783,0.007116101,0.007114359,0.007112601,0.00711083
EAF_tby,0.001848872,0.001848872,0.001848872,0.001848872,0.001848872
EAF_ti,0,0,0,0,0
EAF_tj,0,0,0,0,0
EAF_tot,0.743253389,0.741625405,0.739998298,0.738372075,0.736746737
EAF_tr,0.283177408,0.28310865,0.283039314,0.282969408,0.282898941
EAF_tri,0.188784937,0.188739098,0.188692874,0.18864627,0.188599292
EAF_trj,0.566354821,0.566217305,0.566078633,0.565938821,0.565797888
EAF_try,0.073555955,0.073555955,0.073555955,0.073555955,0.073555955
EAF_ttc,1.043146668,1.042770334,1.042390914,1.042008452,1.041623001
EAF_tti,0.635729738,0.635552428,0.635373621,0.635193335,0.635011599
EAF_ttcg,0.676869987,0.676786629,0.676702458,0.676617483,0.676531716
EAF_ttig,0.13524474,0.135220155,0.135195358,0.13517035,0.135145135
EAF_ty,0,0,0,0,0
EAF_u,1,1,1,1,1
EAF_utili,-67.73616099,-67.76914445,-67.80241316,-67.83596358,-67.8697913
EAF_utilj,-217.9738497,-218.0068331,-218.0401018,-218.0736522,-218.10748
EAF_vj,2.38,2.38,2.38,2.38,2.38
EAF_w,1.013098782,1.012852791,1.012604734,1.012354638,1.012102537
EAF_wcst,0,0,0,0,0
EAF_whty,0.501277278,0.501276614,0.501275942,0.501275264,0.501274581
EAF_wi,1.13590614,1.13563033,1.135352204,1.135071791,1.13478913
EAF_witilde,1.13590614,1.13563033,1.135352204,1.135071791,1.13478913
EAF_wj,0.828937842,0.828736567,0.828533602,0.828328968,0.828122694
EAF_wjtilde,0.828937842,0.828736567,0.828533602,0.828328968,0.828122694
EAF_wnty,0.490019141,0.490019141,0.490019141,0.490019141,0.490019141
EAF_wy,0.496405743,0.496405743,0.496405743,0.496405743,0.496405743
EAF_y,3.914012801,3.913752163,3.913489267,3.913224138,3.912956805
EAF_ygap,0,0,0,0,0
EAF_ygrowth,1,1,1,1,1
EAF_ygrowth4,1,1,1,1,1
EAF_yhty,0.567287566,0.567321119,0.567354963,0.567389095,0.567423506
EAF_ynty,0.432712434,0.43267888,0.432645035,0.432610905,0.432576494
EAF_yshare,0.036256513,0.036274116,0.036291725,0.036309341,0.036326963
EAF_ysn,1.483280378,1.483055699,1.482829093,1.482600586,1.482370209
EAF_yst,2.430732423,2.430696465,2.430660174,2.430623553,2.430586596
EAF_zcon,1,1,1,1,1
EAF_zinv,1,1,1,1,1
EAF_zn,1,1,1,1,1
EAF_zt,1,1,1,1,1
EAF_gammav1,0.028706106,0.028706106,0.028706106,0.028706106,0.028706106
EAF_gammav2,0.150338345,0.150338345,0.150338345,0.150338345,0.150338345
EAF_nutc,0.419665812,0.419487609,0.419307941,0.419126828,0.418944295
EAF_nuti,0.653827215,0.653606617,0.653384173,0.653159905,0.652933847
EAF_nutcg,0.871503151,0.871431767,0.871359562,0.871286543,0.871212723
EAF_nutig,0.823784057,0.823636938,0.823488532,0.823338855,0.823187927
EAF_psit,0.047527669,0.047524901,0.047523498,0.04752208,0.047520654
EAFEAA_rerbar,1.192404749,1.204863507,1.216965851,1.228690405,1.240011726
EAFEAB_rerbar,1.048320979,1.04952835,1.050738434,1.051951155,1.053166435
EAFEAC_rerbar,1.026060638,1.026756276,1.027453709,1.028152898,1.028853798
EAFEAD_rerbar,1.137074,1.136821212,1.136567579,1.136313119,1.136057825
EAFEAE_rerbar,0.855563977,0.856306645,0.857051445,0.857798327,0.85854724
EAFEAG_rerbar,0.861733483,0.86159681,0.861459652,0.861322018,0.861183956
EAFEAH_rerbar,1.055611913,1.055851176,1.056092292,1.056335234,1.05657997
EAFEAI_rerbar,1.05972073,1.060045083,1.060370286,1.060696316,1.061023146
EAFEAJ_rerbar,1.076279547,1.076324308,1.076368763,1.076412917,1.076456768
EAFEAK_rerbar,1.069415891,1.069197219,1.068977593,1.068757032,1.06853553
EAFEAL_rerbar,1.07311095,1.073478666,1.073847146,1.074216371,1.074586313
EAFRW_rerbar,0.7239021,0.723675287,0.723458795,0.723252717,0.723057136
EAFUS_rerbar,0.706934717,0.705497403,0.704060427,0.702623811,0.701187573
EAF_pibar,0.937847472,0.937850869,0.937854317,0.937857817,0.937861366
EAF_psinbar,0.415318506,0.415255596,0.415192146,0.415128164,0.415063659
EAF_psitbar,0.115523694,0.115518608,0.115513473,0.115508287,0.115503064
EAF_pybar,0.983600003,0.983426662,0.983251859,0.983075613,0.982897951
EAF_qbar,0.937847472,0.937850869,0.937854317,0.937857817,0.937861366
EAF_trybar,0.073555955,0.073555955,0.073555955,0.073555955,0.073555955
EAF_ybar,3.914012801,3.913752163,3.913489267,3.913224138,3.912956805
EAF_ynbar,1.483280378,1.483055699,1.482829093,1.482600586,1.482370209
EAF_ytbar,2.430732423,2.430696465,2.430660174,2.430623553,2.430586596
EAGEAA_excy,0.003707532,0.003787704,0.003867839,0.003947937,0.004027998
EAGEAB_excy,0.001873054,0.001875023,0.00187699,0.001878957,0.001880923
EAGEAC_excy,0.001758637,0.001759943,0.001761247,0.001762551,0.001763855
EAGEAD_excy,0.004223305,0.004223081,0.004222857,0.004222633,0.004222409
EAGEAE_excy,0.000622134,0.0006226,0.000623066,0.000623532,0.000623997
EAGEAF_excy,0.0077526,0.007753166,0.007753732,0.007754297,0.007754862
EAGEAH_excy,0.000498798,0.000498971,0.000499144,0.000499317,0.00049949
EAGEAI_excy,0.014909183,0.014913013,0.014916842,0.014920669,0.014924494
EAGEAJ_excy,0.002940843,0.002941574,0.002942305,0.002943035,0.002943766
EAGEAK_excy,0.000495661,0.000495645,0.000495629,0.000495613,0.000495597
EAGEAL_excy,0.019608547,0.019616175,0.019623799,0.019631419,0.019639036
EAGRW_excy,0.07878154,0.078763344,0.078745156,0.078726976,0.078708805
EAGUS_excy,0.026381353,0.026323216,0.026265106,0.026207022,0.026148965
EAGEAA_exiy,0.000523416,0.000534735,0.000546048,0.000557356,0.000568659
EAGEAB_exiy,0.000316978,0.000317312,0.000317645,0.000317977,0.00031831
EAGEAC_exiy,0.000372691,0.000372968,0.000373244,0.000373521,0.000373797
EAGEAD_exiy,0.000691903,0.000691866,0.00069183,0.000691793,0.000691756
EAGEAE_exiy,7.39E-05,7.40E-05,7.40E-05,7.41E-05,7.41E-05
EAGEAF_exiy,0.000911192,0.000911258,0.000911325,0.000911391,0.000911458
EAGEAH_exiy,0.000188845,0.000188911,0.000188976,0.000189042,0.000189107
EAGEAI_exiy,0.00212465,0.002125196,0.002125742,0.002126287,0.002126832
EAGEAJ_exiy,0.000392461,0.000392559,0.000392656,0.000392754,0.000392851
EAGEAK_exiy,8.24E-05,8.24E-05,8.24E-05,8.24E-05,8.24E-05
EAGEAL_exiy,0.002171266,0.002172111,0.002172955,0.002173799,0.002174642
EAGRW_exiy,0.042032834,0.042023125,0.042013421,0.042003722,0.041994027
EAGUS_exiy,0.010514988,0.010491816,0.010468654,0.010445503,0.010422363
EAG_fx,2.954316023,2.953851591,2.953382926,2.952910078,2.95243289
EAGEAA_gammaimc,0,0,0,0,0
EAGEAB_gammaimc,0,0,0,0,0
EAGEAC_gammaimc,0,0,0,0,0
EAGEAD_gammaimc,0,0,0,0,0
EAGEAE_gammaimc,0,0,0,0,0
EAGEAF_gammaimc,0,0,0,0,0
EAGEAH_gammaimc,0,0,0,0,0
EAGEAI_gammaimc,0,0,0,0,0
EAGEAJ_gammaimc,0,0,0,0,0
EAGEAK_gammaimc,0,0,0,0,0
EAGEAL_gammaimc,0,0,0,0,0
EAGRW_gammaimc,0,0,0,0,0
EAGUS_gammaimc,0,0,0,0,0
EAGEAA_gammaimcdag,1,1,1,1,1
EAGEAB_gammaimcdag,1,1,1,1,1
EAGEAC_gammaimcdag,1,1,1,1,1
EAGEAD_gammaimcdag,1,1,1,1,1
EAGEAE_gammaimcdag,1,1,1,1,1
EAGEAF_gammaimcdag,1,1,1,1,1
EAGEAH_gammaimcdag,1,1,1,1,1
EAGEAI_gammaimcdag,1,1,1,1,1
EAGEAJ_gammaimcdag,1,1,1,1,1
EAGEAK_gammaimcdag,1,1,1,1,1
EAGEAL_gammaimcdag,1,1,1,1,1
EAGRW_gammaimcdag,1,1,1,1,1
EAGUS_gammaimcdag,1,1,1,1,1
EAGEAA_gammaimi,0,0,0,0,0
EAGEAB_gammaimi,0,0,0,0,0
EAGEAC_gammaimi,0,0,0,0,0
EAGEAD_gammaimi,0,0,0,0,0
EAGEAE_gammaimi,0,0,0,0,0
EAGEAF_gammaimi,0,0,0,0,0
EAGEAH_gammaimi,0,0,0,0,0
EAGEAI_gammaimi,0,0,0,0,0
EAGEAJ_gammaimi,0,0,0,0,0
EAGEAK_gammaimi,0,0,0,0,0
EAGEAL_gammaimi,0,0,0,0,0
EAGRW_gammaimi,0,0,0,0,0
EAGUS_gammaimi,0,0,0,0,0
EAGEAA_gammaimidag,1,1,1,1,1
EAGEAB_gammaimidag,1,1,1,1,1
EAGEAC_gammaimidag,1,1,1,1,1
EAGEAD_gammaimidag,1,1,1,1,1
EAGEAE_gammaimidag,1,1,1,1,1
EAGEAF_gammaimidag,1,1,1,1,1
EAGEAH_gammaimidag,1,1,1,1,1
EAGEAI_gammaimidag,1,1,1,1,1
EAGEAJ_gammaimidag,1,1,1,1,1
EAGEAK_gammaimidag,1,1,1,1,1
EAGEAL_gammaimidag,1,1,1,1,1
EAGRW_gammaimidag,1,1,1,1,1
EAGUS_gammaimidag,1,1,1,1,1
EAGEAA_gammaimcg,0,0,0,0,0
EAGEAB_gammaimcg,0,0,0,0,0
EAGEAC_gammaimcg,0,0,0,0,0
EAGEAD_gammaimcg,0,0,0,0,0
EAGEAE_gammaimcg,0,0,0,0,0
EAGEAF_gammaimcg,0,0,0,0,0
EAGEAH_gammaimcg,0,0,0,0,0
EAGEAI_gammaimcg,0,0,0,0,0
EAGEAJ_gammaimcg,0,0,0,0,0
EAGEAK_gammaimcg,0,0,0,0,0
EAGEAL_gammaimcg,0,0,0,0,0
EAGRW_gammaimcg,0,0,0,0,0
EAGUS_gammaimcg,0,0,0,0,0
EAGEAA_gammaimcgdag,1,1,1,1,1
EAGEAB_gammaimcgdag,1,1,1,1,1
EAGEAC_gammaimcgdag,1,1,1,1,1
EAGEAD_gammaimcgdag,1,1,1,1,1
EAGEAE_gammaimcgdag,1,1,1,1,1
EAGEAF_gammaimcgdag,1,1,1,1,1
EAGEAH_gammaimcgdag,1,1,1,1,1
EAGEAI_gammaimcgdag,1,1,1,1,1
EAGEAJ_gammaimcgdag,1,1,1,1,1
EAGEAK_gammaimcgdag,1,1,1,1,1
EAGEAL_gammaimcgdag,1,1,1,1,1
EAGRW_gammaimcgdag,1,1,1,1,1
EAGUS_gammaimcgdag,1,1,1,1,1
EAGEAA_gammaimig,0,0,0,0,0
EAGEAB_gammaimig,0,0,0,0,0
EAGEAC_gammaimig,0,0,0,0,0
EAGEAD_gammaimig,0,0,0,0,0
EAGEAE_gammaimig,0,0,0,0,0
EAGEAF_gammaimig,0,0,0,0,0
EAGEAH_gammaimig,0,0,0,0,0
EAGEAI_gammaimig,0,0,0,0,0
EAGEAJ_gammaimig,0,0,0,0,0
EAGEAK_gammaimig,0,0,0,0,0
EAGEAL_gammaimig,0,0,0,0,0
EAGRW_gammaimig,0,0,0,0,0
EAGUS_gammaimig,0,0,0,0,0
EAGEAA_gammaimigdag,1,1,1,1,1
EAGEAB_gammaimigdag,1,1,1,1,1
EAGEAC_gammaimigdag,1,1,1,1,1
EAGEAD_gammaimigdag,1,1,1,1,1
EAGEAE_gammaimigdag,1,1,1,1,1
EAGEAF_gammaimigdag,1,1,1,1,1
EAGEAH_gammaimigdag,1,1,1,1,1
EAGEAI_gammaimigdag,1,1,1,1,1
EAGEAJ_gammaimigdag,1,1,1,1,1
EAGEAK_gammaimigdag,1,1,1,1,1
EAGEAL_gammaimigdag,1,1,1,1,1
EAGRW_gammaimigdag,1,1,1,1,1
EAGUS_gammaimigdag,1,1,1,1,1
EAG_gx,3.545179228,3.54462191,3.544059511,3.543492094,3.542919468
EAGEAA_im,0.007190036,0.007055581,0.006926229,0.006801688,0.006681691
EAGEAB_im,0.009951676,0.009940079,0.009928495,0.009916923,0.009905364
EAGEAC_im,0.018359117,0.018344699,0.018330284,0.018315872,0.018301464
EAGEAD_im,0.023424197,0.0234242,0.023424193,0.023424176,0.02342415
EAGEAE_im,0.003136771,0.003133989,0.003131208,0.003128426,0.003125645
EAGEAF_im,0.047075347,0.047068431,0.047061488,0.047054518,0.047047521
EAGEAH_im,0.009511173,0.009508188,0.009505191,0.009502184,0.009499165
EAGEAI_im,0.071004891,0.070980648,0.070956376,0.070932074,0.070907742
EAGEAJ_im,0.026495128,0.026487741,0.026480345,0.02647294,0.026465526
EAGEAK_im,0.002892139,0.002892119,0.002892099,0.002892077,0.002892055
EAGEAL_im,0.078158547,0.078121784,0.078084991,0.07804817,0.078011323
EAGRW_im,0.654013089,0.654166281,0.65431925,0.654471997,0.654624523
EAGUS_im,0.054645419,0.054757329,0.054869634,0.054982337,0.055095439
EAGEAA_imc,0.005143311,0.00504713,0.0049546,0.004865511,0.004779672
EAGEAB_imc,0.006772805,0.006764913,0.006757029,0.006749154,0.006741287
EAGEAC_imc,0.012569351,0.01255948,0.012549611,0.012539744,0.01252988
EAGEAD_imc,0.01808395,0.018083953,0.018083947,0.018083934,0.018083914
EAGEAE_imc,0.00222472,0.002222748,0.002220775,0.002218802,0.00221683
EAGEAF_imc,0.030988247,0.030983695,0.030979124,0.030974536,0.03096993
EAGEAH_imc,0.005730275,0.005728476,0.005726671,0.005724859,0.00572304
EAGEAI_imc,0.047576602,0.047560359,0.047544095,0.047527812,0.047511508
EAGEAJ_imc,0.020125574,0.020119962,0.020114344,0.020108719,0.020103088
EAGEAK_imc,0.002284465,0.002284449,0.002284433,0.002284416,0.002284398
EAGEAL_imc,0.053548968,0.05352378,0.053498573,0.053473346,0.0534481
EAGRW_imc,0.491170084,0.491285133,0.491400014,0.491514729,0.491629277
EAGUS_imc,0.038881595,0.038961222,0.03904113,0.039121321,0.039201796
EAGEAE_imcy,0.000522,0.000522,0.000522,0.000522,0.000522
EAGEAA_imi,0.001118001,0.001097095,0.001076981,0.001057616,0.001038957
EAGEAB_imi,0.002062148,0.002059745,0.002057345,0.002054947,0.002052552
EAGEAC_imi,0.00228472,0.002282926,0.002281132,0.002279339,0.002277546
EAGEAD_imi,0.002598117,0.002598117,0.002598116,0.002598114,0.002598112
EAGEAE_imi,0.000596668,0.000596139,0.00059561,0.000595081,0.000594552
EAGEAF_imi,0.009114396,0.009113057,0.009111712,0.009110363,0.009109008
EAGEAH_imi,0.000981059,0.000980751,0.000980442,0.000980131,0.00097982
EAGEAI_imi,0.015485401,0.015480114,0.015474821,0.01546952,0.015464214
EAGEAJ_imi,0.003725589,0.00372455,0.00372351,0.003722469,0.003721426
EAGEAK_imi,0.00031846,0.000318458,0.000318456,0.000318453,0.000318451
EAGEAL_imi,0.013158247,0.013152057,0.013145863,0.013139664,0.013133461
EAGRW_imi,0.089108573,0.089129445,0.089150287,0.089171098,0.08919188
EAGUS_imi,0.009564356,0.009583943,0.0096036,0.009623325,0.009643121
EAGEAE_imiy,0.00014,0.00014,0.00014,0.00014,0.00014
EAGEAA_imcg,0.000805062,0.000790007,0.000775524,0.000761579,0.000748143
EAGEAB_imcg,0.000886131,0.000885098,0.000884067,0.000883036,0.000882007
EAGEAC_imcg,0.003250811,0.003248258,0.003245706,0.003243154,0.003240603
EAGEAD_imcg,0.002454103,0.002454104,0.002454103,0.002454101,0.002454099
EAGEAE_imcg,0.000242929,0.000242714,0.000242498,0.000242283,0.000242068
EAGEAF_imcg,0.005961156,0.005960281,0.005959402,0.005958519,0.005957633
EAGEAH_imcg,0.002691541,0.002690696,0.002689848,0.002688997,0.002688143
EAGEAI_imcg,0.006221928,0.006219804,0.006217677,0.006215548,0.006213415
EAGEAJ_imcg,0.002231039,0.002230417,0.002229794,0.002229171,0.002228546
EAGEAK_imcg,0.000253468,0.000253467,0.000253465,0.000253463,0.000253461
EAGEAL_imcg,0.009988263,0.009983565,0.009978863,0.009974157,0.009969448
EAGRW_imcg,0.063835008,0.06384996,0.063864891,0.0638798,0.063894687
EAGUS_imcg,0.005138847,0.005149371,0.005159932,0.005170531,0.005181167
EAGEAE_imcgy,5.70E-05,5.70E-05,5.70E-05,5.70E-05,5.70E-05
EAGEAA_imig,0.000123662,0.000121349,0.000119124,0.000116982,0.000114919
EAGEAB_imig,0.000230592,0.000230323,0.000230055,0.000229786,0.000229519
EAGEAC_imig,0.000254234,0.000254035,0.000253835,0.000253636,0.000253436
EAGEAD_imig,0.000288027,0.000288027,0.000288026,0.000288026,0.000288026
EAGEAE_imig,7.25E-05,7.24E-05,7.23E-05,7.23E-05,7.22E-05
EAGEAF_imig,0.001011548,0.001011399,0.00101125,0.0010111,0.00101095
EAGEAH_imig,0.000108299,0.000108265,0.000108231,0.000108196,0.000108162
EAGEAI_imig,0.001720959,0.001720371,0.001719783,0.001719194,0.001718604
EAGEAJ_imig,0.000412927,0.000412812,0.000412697,0.000412581,0.000412466
EAGEAK_imig,3.57E-05,3.57E-05,3.57E-05,3.57E-05,3.57E-05
EAGEAL_imig,0.001463069,0.001462381,0.001461693,0.001461003,0.001460314
EAGRW_imig,0.009899424,0.009901743,0.009904058,0.00990637,0.009908679
EAGUS_imig,0.00106062,0.001062793,0.001064972,0.00106716,0.001069355
EAGEAE_imigy,1.70E-05,1.70E-05,1.70E-05,1.70E-05,1.70E-05
EAG_piex,1.004962932,1.004962932,1.004962932,1.004962932,1.004962932
EAG_pextilde,0.861213824,0.861110112,0.861005401,0.860899703,0.860793054
EAGEAA_rer,1.383727999,1.398407565,1.412678863,1.426516889,1.439891811
EAGEAB_rer,1.216525758,1.218120041,1.219718675,1.221321566,1.222928537
EAGEAC_rer,1.19069371,1.19168996,1.192689291,1.193691647,1.194696895
EAGEAD_rer,1.319519343,1.31943525,1.319350903,1.319266309,1.319181363
EAGEAE_rer,0.992840587,0.99386004,0.994882858,0.995908974,0.996938266
EAGEAF_rer,1.160451601,1.160635671,1.160820463,1.161005965,1.161192093
EAGEAH_rer,1.224986534,1.225458539,1.225933544,1.226411507,1.226892307
EAGEAI_rer,1.229754617,1.230326137,1.230899527,1.23147475,1.232051687
EAGEAJ_rer,1.248970323,1.249220386,1.249470886,1.249721817,1.249973087
EAGEAK_rer,1.241005382,1.240948433,1.240891066,1.240833289,1.240775009
EAGEAL_rer,1.245293319,1.245917632,1.246543742,1.247171614,1.24780113
EAGRW_rer,0.840053351,0.839923352,0.839805774,0.839700718,0.839608229
EAGUS_rer,0.820363524,0.818825453,0.817287752,0.815750435,0.814213465
EAG_sx,1,1,1,1,1
EAGEAA_tot,1.673295921,1.705120424,1.736900419,1.768637437,1.800332741
EAGEAB_tot,1.281934656,1.283382978,1.284832747,1.286283932,1.287736381
EAGEAC_tot,1.245771038,1.246704303,1.247638481,1.248573556,1.249509397
EAGEAD_tot,1.436828682,1.436775636,1.436722793,1.436670156,1.436617558
EAGEAE_tot,0.990846602,0.99168952,0.992533643,0.993378949,0.994225334
EAGEAF_tot,1.210662005,1.210795354,1.210929101,1.21106324,1.211197663
EAGEAH_tot,1.325766655,1.326134161,1.326503061,1.326873344,1.327244874
EAGEAI_tot,1.307880576,1.308279137,1.308678158,1.309077633,1.309477431
EAGEAJ_tot,1.370385604,1.370717377,1.371049409,1.371381699,1.371714112
EAGEAK_tot,1.299517691,1.299478798,1.299439919,1.299401055,1.299362065
EAGEAL_tot,1.350803808,1.351389775,1.351976415,1.352563717,1.353151537
EAGRW_tot,0.92098824,0.920738697,0.920489322,0.920240118,0.919990998
EAGUS_tot,0.899828639,0.897956595,0.896085474,0.894215278,0.892345926
EAGEAA_weight,0.014293097,0.014472524,0.014651868,0.01483113,0.015010308
EAGEAB_weight,0.01075174,0.010757441,0.010763139,0.010768835,0.010774528
EAGEAC_weight,0.015807397,0.015811968,0.015816537,0.015821104,0.015825669
EAGEAD_weight,0.027458072,0.027458221,0.027458369,0.027458518,0.027458666
EAGEAE_weight,0.003038357,0.003039893,0.003041428,0.003042963,0.003044497
EAGEAF_weight,0.046762919,0.046766245,0.046769568,0.04677289,0.046776211
EAGEAH_weight,0.008106075,0.00810715,0.008108225,0.008109299,0.008110372
EAGEAI_weight,0.077551048,0.077561512,0.077571971,0.077582425,0.077592875
EAGEAJ_weight,0.024983176,0.024985783,0.024988388,0.024990992,0.024993595
EAGEAK_weight,0.003233548,0.003233634,0.003233719,0.003233805,0.00323389
EAGEAL_weight,0.094523656,0.094545031,0.094566397,0.094587752,0.094609098
EAGRW_weight,0.562981462,0.562938535,0.562895629,0.562852742,0.562809876
EAGUS_weight,0.110509452,0.110322063,0.11013476,0.109947544,0.109760415
EAGEAA_weightex,0.01704214,0.017399662,0.017757019,0.018114212,0.018471239
EAGEAB_weightex,0.009295179,0.009306539,0.009317893,0.009329243,0.009340587
EAGEAC_weightex,0.009753693,0.009762801,0.009771905,0.009781005,0.009790101
EAGEAD_weightex,0.022714948,0.022715244,0.02271554,0.022715836,0.022716132
EAGEAE_weightex,0.003099322,0.003102382,0.003105441,0.003108499,0.003111555
EAGEAF_weightex,0.038995961,0.039002587,0.039009209,0.039015828,0.039022445
EAGEAH_weightex,0.004164003,0.004166145,0.004168286,0.004170426,0.004172565
EAGEAI_weightex,0.066238572,0.066259422,0.066280262,0.066301093,0.066321914
EAGEAJ_weightex,0.015262277,0.015267471,0.015272662,0.015277851,0.015283038
EAGEAK_weightex,0.002869987,0.002870158,0.002870328,0.002870498,0.002870668
EAGEAL_weightex,0.087973473,0.088016065,0.088058637,0.08810119,0.088143723
EAGRW_weightex,0.549139316,0.549053782,0.548968288,0.548882833,0.548797418
EAGUS_weightex,0.173451129,0.173077742,0.172704528,0.172331486,0.171958616
EAGEAA_weightim,0.011523496,0.011523496,0.011523496,0.011523496,0.011523496
EAGEAB_weightim,0.012219193,0.012219193,0.012219193,0.012219193,0.012219193
EAGEAC_weightim,0.021906372,0.021906372,0.021906372,0.021906372,0.021906372
EAGEAD_weightim,0.032236666,0.032236666,0.032236666,0.032236666,0.032236666
EAGEAE_weightim,0.002976937,0.002976937,0.002976937,0.002976937,0.002976937
EAGEAF_weightim,0.054587961,0.054587961,0.054587961,0.054587961,0.054587961
EAGEAH_weightim,0.012077627,0.012077627,0.012077627,0.012077627,0.012077627
EAGEAI_weightim,0.088948122,0.088948122,0.088948122,0.088948122,0.088948122
EAGEAJ_weightim,0.03477677,0.03477677,0.03477677,0.03477677,0.03477677
EAGEAK_weightim,0.003599829,0.003599828,0.003599828,0.003599829,0.003599829
EAGEAL_weightim,0.101122823,0.101122823,0.101122823,0.101122823,0.101122823
EAGRW_weightim,0.576927122,0.576927122,0.576927122,0.576927122,0.576927122
EAGUS_weightim,0.047097082,0.047097082,0.047097082,0.047097082,0.047097082
EAG_b,8.728379243,8.727007079,8.725622431,8.72422545,8.722815619
EAG_bf,-0.668278249,-0.669428282,-0.670581377,-0.67173755,-0.672896815
EAG_by,2.4,2.400000017,2.400000017,2.4,2.400000001
EAG_c,2.029692765,2.029373682,2.029051697,2.028726844,2.028399003
EAG_ci,2.367611149,2.367238943,2.366863351,2.366484415,2.366101992
EAG_cj,1.015937612,1.015777899,1.015616733,1.015454132,1.015290035
EAG_cy,0.55809475,0.558094754,0.558094754,0.55809475,0.558094751
EAG_d,0.492952881,0.492875386,0.492797185,0.492718288,0.492638665
EAG_dn,0.226377846,0.226329938,0.226281593,0.226232816,0.226183596
EAG_dt,0.266575036,0.266545445,0.266515589,0.266485472,0.266455068
EAG_etot,1.035212747,1.035340153,1.03546949,1.035600774,1.035733919
EAG_ex,1.051853456,1.051814759,1.051775771,1.051736497,1.051696822
EAG_fh,11.40391496,11.40292877,11.40193379,11.40093013,11.39991672
EAG_fi,6.265530849,6.252751508,6.239876696,6.226908421,6.213849829
EAG_fj,0.232056698,0.231583389,0.231106544,0.230626238,0.230142586
EAG_fn,11.85835128,11.85584178,11.85330931,11.85075416,11.84817591
EAG_cg,0.795653946,0.795573194,0.795491773,0.79540969,0.795326876
EAG_gammab,0,0,0,0,0
EAG_gammai,0,0,0,0,0
EAG_gammaider,0,0,0,0,0
EAG_gammau,0,0,0,0,0
EAG_gammauder,0.032417068,0.032417068,0.032417068,0.032417068,0.032417068
EAG_gammav,0.000205035,0.000205003,0.000204971,0.000204938,0.000204905
EAG_gammavi,0.000101018,0.000101018,0.000101018,0.000101018,0.000101018
EAG_gammavider,0.002165194,0.002165194,0.002165194,0.002165194,0.002165194
EAG_gammavj,0.000101018,0.000101018,0.000101018,0.000101018,0.000101018
EAG_gammavjder,0.002165194,0.002165194,0.002165194,0.002165194,0.002165194
EAG_gh,13.68469796,13.68351452,13.68232054,13.68111616,13.67990006
EAG_gi,4.122619108,4.120462034,4.11828541,4.116089489,4.113874958
EAG_gj,3.202545396,3.200869733,3.199178881,3.197473037,3.195752739
EAG_gn,17.78752693,17.78376267,17.77996397,17.77613124,17.77226387
EAG_cgy,0.2,0.2,0.2,0.2,0.2
EAG_ht,1.378831367,1.378878169,1.37892553,1.378973445,1.379021704
EAG_htc,0.253271782,0.253343444,0.253415824,0.253488912,0.253562638
EAG_hti,0.459172249,0.459165089,0.459157891,0.459150658,0.459143332
EAG_htcg,0.551762036,0.551747665,0.551733196,0.55171863,0.551703901
EAG_htig,0.114625299,0.114621971,0.114618619,0.114615245,0.114611834
EAG_i,0.782102175,0.782006378,0.78190976,0.781812331,0.781714031
EAG_ig,0.159532954,0.159519358,0.159505648,0.159491824,0.159477872
EAG_ii,1.042802899,1.04267517,1.042546346,1.042416441,1.042285375
EAG_im,0.964862347,0.96445559,0.964045258,0.963631398,0.963214057
EAG_imc,0.705314518,0.705027702,0.704738274,0.704446266,0.704151714
EAG_imi,0.143926983,0.143862169,0.143796824,0.143730956,0.143664572
EAG_imcg,0.099626607,0.099578663,0.099530345,0.099481658,0.099432609
EAG_imig,0.015994238,0.015987056,0.015979816,0.015972518,0.015965162
EAG_imy,0.247234,0.247234003,0.247234003,0.247234,0.247234
EAG_internalrer,1.182584162,1.182252504,1.181917732,1.181579886,1.181239083
EAG_igy,0.04,0.04,0.04,0.04,0.04
EAG_k,31.28408698,31.2802551,31.27639039,31.27249323,31.26856125
EAG_kd,31.28408698,31.2802551,31.27639039,31.27249323,31.26856125
EAG_kdn,13.10629286,13.1039743,13.1016353,13.09927609,13.09689602
EAG_kdt,18.17779412,18.1762808,18.17475509,18.17321713,18.17166524
EAG_ki,41.71211598,41.7070068,41.70185385,41.69665763,41.691415
EAG_lambdai,1.18483812,1.185024398,1.185212447,1.185402247,1.185593838
EAG_lambdaj,2.761228554,2.761662671,2.762100913,2.762543235,2.762989732
EAG_lcy,0.6051186,0.605118598,0.605118598,0.6051186,0.6051186
EAG_m,0.852812086,0.852678018,0.85254273,0.852406237,0.852268488
EAG_mcn,0.717678187,0.71759176,0.717504501,0.717416419,0.717327545
EAG_mct,0.717678187,0.71759176,0.717504501,0.717416419,0.717327545
EAG_mi,0.9947946,0.994638211,0.9944804,0.994321183,0.994160501
EAG_mj,0.426864543,0.426797437,0.42672972,0.4266614,0.426592452
EAG_nd,1.88636516,1.886365039,1.886365038,1.88636516,1.886365155
EAG_ndi,0.862038175,0.86203812,0.86203812,0.862038175,0.862038173
EAG_ndj,1.124185365,1.124185292,1.124185292,1.124185365,1.124185362
EAG_ndn,0.790282109,0.790239048,0.790195623,0.790151839,0.790107613
EAG_ndt,1.096083052,1.096125991,1.096169415,1.096213321,1.096257542
EAG_ni,0.862038175,0.86203812,0.86203812,0.862038175,0.862038173
EAG_nj,1.124185365,1.124185292,1.124185292,1.124185365,1.124185362
EAG_nt,1.433776625,1.433645844,1.433513925,1.433380883,1.433246588
EAG_ntc,1.076034906,1.075930529,1.075825231,1.075719024,1.075611814
EAG_nti,0.181734522,0.181720049,0.181705455,0.181690742,0.181675892
EAG_ntcg,0.146641801,0.146631661,0.14662144,0.146611138,0.146600741
EAG_ntig,0.029365397,0.029363605,0.029361799,0.029359979,0.029358141
EAG_pex,0.861213824,0.861110112,0.861005401,0.860899703,0.860793054
EAG_pht,0.861213824,0.861110112,0.861005401,0.860899703,0.860793054
EAG_phttilde,0.861213824,0.861110112,0.861005401,0.860899703,0.860793054
EAG_pi,0.930012677,0.929980381,0.929947724,0.929914711,0.929881354
EAG_pcg,0.914172474,0.914121532,0.914070044,0.914018017,0.91396547
EAG_pig,0.911867946,0.911802298,0.911735992,0.911669037,0.911601455
EAG_pic,1.004962932,1.004962932,1.004962932,1.004962932,1.004962932
EAG_pic4,1.02,1.02,1.02,1.02,1.02
EAG_piex4,1.02,1.02,1.02,1.02,1.02
EAG_piht,1.004962932,1.004962932,1.004962932,1.004962932,1.004962932
EAG_piimc,1.004962932,1.004962932,1.004962932,1.004962932,1.004962932
EAG_piimi,1.004962932,1.004962932,1.004962932,1.004962932,1.004962932
EAG_piimcg,1.004962932,1.004962932,1.004962932,1.004962932,1.004962932
EAG_piimig,1.004962932,1.004962932,1.004962932,1.004962932,1.004962932
EAG_piimc4,1.02,1.02,1.02,1.02,1.02
EAG_pim,0.931891183,0.932137648,0.932386441,0.932637538,0.932890852
EAG_pimc,0.926404396,0.926635578,0.926869055,0.927104804,0.927342737
EAG_pimi,0.946862717,0.947140393,0.947420453,0.947702873,0.947987564
EAG_pimcg,0.946709056,0.947015975,0.947325386,0.947637261,0.94795151
EAG_pimig,0.946824618,0.947101031,0.947379816,0.947660947,0.947944335
EAG_pint,1.004962932,1.004962932,1.004962932,1.004962932,1.004962932
EAG_piw,1.004962932,1.004962932,1.004962932,1.004962932,1.004962932
EAG_piw4,1.02,1.02,1.02,1.02,1.02
EAG_pnt,1.07651728,1.076387639,1.076256751,1.076124629,1.075991317
EAG_pnttilde,1.07651728,1.076387639,1.076256751,1.076124629,1.075991317
EAG_pttc,0.910309232,0.910454946,0.910602085,0.910750633,0.910900539
EAG_ptti,0.883558069,0.883555247,0.883552335,0.883549334,0.883546247
EAG_pttcg,0.875658404,0.875625313,0.875591836,0.875557978,0.875523753
EAG_pttig,0.872839571,0.872788469,0.872736845,0.872684705,0.872632066
EAG_py,0.941094829,0.940976746,0.940857529,0.940737188,0.940615766
EAG_q,0.930012677,0.929980381,0.929947724,0.929914711,0.929881354
EAG_qc,2.0298978,2.029578685,2.029256667,2.028931782,2.028603907
EAG_qi,0.782102175,0.782006378,0.78190976,0.781812331,0.781714031
EAG_qcg,0.795653946,0.795573194,0.795491773,0.79540969,0.795326876
EAG_qig,0.159532954,0.159519358,0.159505648,0.159491824,0.159477872
EAG_r,1.012417239,1.012417239,1.012417239,1.012417239,1.012417239
EAG_reer,0.950019034,0.950113132,0.950213844,0.950320936,0.950434054
EAG_rer,0.820363524,0.818825453,0.817287752,0.815750435,0.814213465
EAG_rerdep,1,1,1,1,1
EAG_rk,0.030148284,0.030147237,0.030146178,0.030145108,0.030144027
EAG_rp,0,0,0,0,0
EAG_rr,1.007417495,1.007417495,1.007417495,1.007417495,1.007417495
EAG_rrstar,1.007417068,1.007417068,1.007417068,1.007417068,1.007417068
EAG_sh,1,1,1,1,1
EAG_si,1,1,1,1,1
EAG_sj,1,1,1,1,1
EAG_snt,1,1,1,1,1
EAG_t,0,0,0,0,0
EAG_tauc,0.183,0.183,0.183,0.183,0.183
EAG_taud,0,0,0,0,0
EAG_tauk,0,0,0,0,0
EAG_taun,0.122,0.122,0.122,0.122,0.122
EAG_tauwf,0.219,0.219,0.219,0.219,0.219
EAG_tauwh,0.118,0.118,0.118,0.118,0.118
EAG_tb,0.006724023,0.006722966,0.006721899,0.006720823,0.006719737
EAG_tby,0.001848872,0.001848872,0.001848872,0.001848872,0.001848872
EAG_ti,0,0,0,0,0
EAG_tj,0,0,0,0,0
EAG_tot,0.899828639,0.897956595,0.896085474,0.894215278,0.892345926
EAG_tr,0.267510113,0.267468058,0.267425621,0.267382806,0.267339597
EAG_tri,0.178340074,0.178312037,0.178283746,0.178255202,0.178226396
EAG_trj,0.535020232,0.534936122,0.534851248,0.534765618,0.5346792
EAG_try,0.073555955,0.073555955,0.073555955,0.073555955,0.073555955
EAG_ttc,0.957397333,0.95717022,0.95694103,0.95670979,0.956476473
EAG_tti,0.60179925,0.601716051,0.601632136,0.601547514,0.601462143
EAG_ttcg,0.650370626,0.650298788,0.650226352,0.650153325,0.650079652
EAG_ttig,0.13044852,0.130436526,0.13042443,0.130412233,0.130399925
EAG_ty,0,0,0,0,0
EAG_u,1,1,1,1,1
EAG_utili,-75.46675813,-75.48810676,-75.50965864,-75.53141156,-75.55336224
EAG_utilj,-225.7044468,-225.7257886,-225.7473405,-225.7691002,-225.7910506
EAG_vj,2.38,2.38,2.38,2.38,2.38
EAG_w,0.957047286,0.956896884,0.956745061,0.956591832,0.95643725
EAG_wcst,0,0,0,0,0
EAG_whty,0.501114786,0.501114339,0.501113889,0.501113437,0.501112979
EAG_wi,1.073060108,1.072891474,1.072721247,1.072549444,1.072376123
EAG_witilde,1.073060108,1.072891474,1.072721247,1.072549444,1.072376123
EAG_wj,0.783075378,0.782952316,0.782828091,0.782702717,0.782576234
EAG_wjtilde,0.783075378,0.782952316,0.782828091,0.782702717,0.782576234
EAG_wnty,0.490019141,0.49001914,0.49001914,0.490019141,0.490019141
EAG_wy,0.496405743,0.496405741,0.496405741,0.496405743,0.496405742
EAG_y,3.864461448,3.864338772,3.864215226,3.864090825,3.863965114
EAG_ygap,0,0,0,0,0
EAG_ygrowth,1,1,1,1,1
EAG_ygrowth4,1,1,1,1,1
EAG_yhty,0.575595348,0.575618446,0.575641766,0.575665307,0.575689057
EAG_ynty,0.424404652,0.424381554,0.424358234,0.424334693,0.424310943
EAG_yshare,0.002427202,0.002428204,0.002429205,0.002430207,0.002431209
EAG_ysn,1.433776625,1.433645844,1.433513925,1.433380883,1.433246588
EAG_yst,2.430684823,2.430692927,2.430701301,2.430709942,2.430718526
EAG_zcon,1,1,1,1,1
EAG_zinv,1,1,1,1,1
EAG_zn,1,1,1,1,1
EAG_zt,1,1,1,1,1
EAG_gammav1,0.028706106,0.028706106,0.028706106,0.028706106,0.028706106
EAG_gammav2,0.150338345,0.150338345,0.150338345,0.150338345,0.150338345
EAG_nutc,0.230303059,0.230261368,0.230219261,0.230176743,0.230133825
EAG_nuti,0.71567151,0.71554955,0.715426498,0.715302364,0.715177187
EAG_nutcg,0.813826034,0.813726603,0.813626304,0.813525146,0.813423159
EAG_nutig,0.849733499,0.849655499,0.849576787,0.849497369,0.84941727
EAG_psit,0.047188561,0.047185796,0.047184857,0.047183908,0.047182952
EAGEAA_rerbar,1.383727999,1.398407565,1.412678863,1.426516889,1.439891811
EAGEAB_rerbar,1.216525758,1.218120041,1.219718675,1.221321566,1.222928537
EAGEAC_rerbar,1.19069371,1.19168996,1.192689291,1.193691647,1.194696895
EAGEAD_rerbar,1.319519343,1.31943525,1.319350903,1.319266309,1.319181363
EAGEAE_rerbar,0.992840587,0.99386004,0.994882858,0.995908974,0.996938266
EAGEAF_rerbar,1.160451601,1.160635671,1.160820463,1.161005965,1.161192093
EAGEAH_rerbar,1.224986534,1.225458539,1.225933544,1.226411507,1.226892307
EAGEAI_rerbar,1.229754617,1.230326137,1.230899527,1.23147475,1.232051687
EAGEAJ_rerbar,1.248970323,1.249220386,1.249470886,1.249721817,1.249973087
EAGEAK_rerbar,1.241005382,1.240948433,1.240891066,1.240833289,1.240775009
EAGEAL_rerbar,1.245293319,1.245917632,1.246543742,1.247171614,1.24780113
EAGRW_rerbar,0.840053351,0.839923352,0.839805774,0.839700718,0.839608229
EAGUS_rerbar,0.820363524,0.818825453,0.817287752,0.815750435,0.814213465
EAG_pibar,0.930012677,0.929980381,0.929947724,0.929914711,0.929881354
EAG_psinbar,0.401457455,0.401420836,0.401383899,0.401346647,0.401309045
EAG_psitbar,0.114696059,0.11469418,0.114692292,0.114690395,0.114688475
EAG_pybar,0.941094829,0.940976746,0.940857529,0.940737188,0.940615766
EAG_qbar,0.930012677,0.929980381,0.929947724,0.929914711,0.929881354
EAG_trybar,0.073555955,0.073555956,0.073555956,0.073555955,0.073555955
EAG_ybar,3.864461448,3.864338772,3.864215226,3.864090825,3.863965114
EAG_ynbar,1.433776625,1.433645844,1.433513925,1.433380883,1.433246588
EAG_ytbar,2.430684823,2.430692927,2.430701301,2.430709942,2.430718526
EAHEAA_excy,0.003434238,0.003507282,0.003580243,0.003653119,0.003725911
EAHEAB_excy,0.001533699,0.001534778,0.001535856,0.001536933,0.001538008
EAHEAC_excy,0.006747676,0.006750341,0.006753002,0.00675566,0.006758315
EAHEAD_excy,0.010221702,0.010217611,0.010213526,0.010209445,0.01020537
EAHEAE_excy,0.001692766,0.001693447,0.001694126,0.001694805,0.001695484
EAHEAF_excy,0.018040072,0.018035127,0.018030189,0.018025255,0.018020328
EAHEAG_excy,0.000876421,0.000876117,0.000875813,0.00087551,0.000875207
EAHEAI_excy,0.021450904,0.021448969,0.021447036,0.021445105,0.021443177
EAHEAJ_excy,0.010615193,0.010614147,0.010613103,0.010612061,0.010611019
EAHEAK_excy,0.001920587,0.001919859,0.001919131,0.001918404,0.001917678
EAHEAL_excy,0.031275349,0.031276657,0.031277963,0.031279268,0.031280571
EAHRW_excy,0.05487887,0.054847154,0.054815474,0.054783831,0.054752224
EAHUS_excy,0.018340739,0.01829397,0.018247255,0.018200594,0.018153986
EAHEAA_exiy,0.001871586,0.001911394,0.001951156,0.001990872,0.002030542
EAHEAB_exiy,0.001517321,0.001518388,0.001519455,0.00152052,0.001521584
EAHEAC_exiy,0.002699354,0.00270042,0.002701485,0.002702548,0.00270361
EAHEAD_exiy,0.006198685,0.006196205,0.006193727,0.006191253,0.006188781
EAHEAE_exiy,0.001176875,0.001177349,0.001177821,0.001178293,0.001178765
EAHEAF_exiy,0.010129802,0.010127026,0.010124253,0.010121483,0.010118716
EAHEAG_exiy,0.000150049,0.000149997,0.000149945,0.000149893,0.000149841
EAHEAI_exiy,0.008928954,0.008928148,0.008927344,0.00892654,0.008925737
EAHEAJ_exiy,0.007155823,0.007155118,0.007154414,0.007153711,0.007153009
EAHEAK_exiy,0.000704018,0.000703751,0.000703484,0.000703218,0.000702952
EAHEAL_exiy,0.018243954,0.018244716,0.018245478,0.018246239,0.018247
EAHRW_exiy,0.029253129,0.029236223,0.029219336,0.029202469,0.029185621
EAHUS_exiy,0.007318,0.00729934,0.0072807,0.007262082,0.007243486
EAH_fx,4.638848605,4.637942477,4.637017797,4.636074824,4.635113807
EAHEAA_gammaimc,0,0,0,0,0
EAHEAB_gammaimc,0,0,0,0,0
EAHEAC_gammaimc,0,0,0,0,0
EAHEAD_gammaimc,0,0,0,0,0
EAHEAE_gammaimc,0,0,0,0,0
EAHEAF_gammaimc,0,0,0,0,0
EAHEAG_gammaimc,0,0,0,0,0
EAHEAI_gammaimc,0,0,0,0,0
EAHEAJ_gammaimc,0,0,0,0,0
EAHEAK_gammaimc,0,0,0,0,0
EAHEAL_gammaimc,0,0,0,0,0
EAHRW_gammaimc,0,0,0,0,0
EAHUS_gammaimc,0,0,0,0,0
EAHEAA_gammaimcdag,1,1,1,1,1
EAHEAB_gammaimcdag,1,1,1,1,1
EAHEAC_gammaimcdag,1,1,1,1,1
EAHEAD_gammaimcdag,1,1,1,1,1
EAHEAE_gammaimcdag,1,1,1,1,1
EAHEAF_gammaimcdag,1,1,1,1,1
EAHEAG_gammaimcdag,1,1,1,1,1
EAHEAI_gammaimcdag,1,1,1,1,1
EAHEAJ_gammaimcdag,1,1,1,1,1
EAHEAK_gammaimcdag,1,1,1,1,1
EAHEAL_gammaimcdag,1,1,1,1,1
EAHRW_gammaimcdag,1,1,1,1,1
EAHUS_gammaimcdag,1,1,1,1,1
EAHEAA_gammaimi,0,0,0,0,0
EAHEAB_gammaimi,0,0,0,0,0
EAHEAC_gammaimi,0,0,0,0,0
EAHEAD_gammaimi,0,0,0,0,0
EAHEAE_gammaimi,0,0,0,0,0
EAHEAF_gammaimi,0,0,0,0,0
EAHEAG_gammaimi,0,0,0,0,0
EAHEAI_gammaimi,0,0,0,0,0
EAHEAJ_gammaimi,0,0,0,0,0
EAHEAK_gammaimi,0,0,0,0,0
EAHEAL_gammaimi,0,0,0,0,0
EAHRW_gammaimi,0,0,0,0,0
EAHUS_gammaimi,0,0,0,0,0
EAHEAA_gammaimidag,1,1,1,1,1
EAHEAB_gammaimidag,1,1,1,1,1
EAHEAC_gammaimidag,1,1,1,1,1
EAHEAD_gammaimidag,1,1,1,1,1
EAHEAE_gammaimidag,1,1,1,1,1
EAHEAF_gammaimidag,1,1,1,1,1
EAHEAG_gammaimidag,1,1,1,1,1
EAHEAI_gammaimidag,1,1,1,1,1
EAHEAJ_gammaimidag,1,1,1,1,1
EAHEAK_gammaimidag,1,1,1,1,1
EAHEAL_gammaimidag,1,1,1,1,1
EAHRW_gammaimidag,1,1,1,1,1
EAHUS_gammaimidag,1,1,1,1,1
EAHEAA_gammaimcg,0,0,0,0,0
EAHEAB_gammaimcg,0,0,0,0,0
EAHEAC_gammaimcg,0,0,0,0,0
EAHEAD_gammaimcg,0,0,0,0,0
EAHEAE_gammaimcg,0,0,0,0,0
EAHEAF_gammaimcg,0,0,0,0,0
EAHEAG_gammaimcg,0,0,0,0,0
EAHEAI_gammaimcg,0,0,0,0,0
EAHEAJ_gammaimcg,0,0,0,0,0
EAHEAK_gammaimcg,0,0,0,0,0
EAHEAL_gammaimcg,0,0,0,0,0
EAHRW_gammaimcg,0,0,0,0,0
EAHUS_gammaimcg,0,0,0,0,0
EAHEAA_gammaimcgdag,1,1,1,1,1
EAHEAB_gammaimcgdag,1,1,1,1,1
EAHEAC_gammaimcgdag,1,1,1,1,1
EAHEAD_gammaimcgdag,1,1,1,1,1
EAHEAE_gammaimcgdag,1,1,1,1,1
EAHEAF_gammaimcgdag,1,1,1,1,1
EAHEAG_gammaimcgdag,1,1,1,1,1
EAHEAI_gammaimcgdag,1,1,1,1,1
EAHEAJ_gammaimcgdag,1,1,1,1,1
EAHEAK_gammaimcgdag,1,1,1,1,1
EAHEAL_gammaimcgdag,1,1,1,1,1
EAHRW_gammaimcgdag,1,1,1,1,1
EAHUS_gammaimcgdag,1,1,1,1,1
EAHEAA_gammaimig,0,0,0,0,0
EAHEAB_gammaimig,0,0,0,0,0
EAHEAC_gammaimig,0,0,0,0,0
EAHEAD_gammaimig,0,0,0,0,0
EAHEAE_gammaimig,0,0,0,0,0
EAHEAF_gammaimig,0,0,0,0,0
EAHEAG_gammaimig,0,0,0,0,0
EAHEAI_gammaimig,0,0,0,0,0
EAHEAJ_gammaimig,0,0,0,0,0
EAHEAK_gammaimig,0,0,0,0,0
EAHEAL_gammaimig,0,0,0,0,0
EAHRW_gammaimig,0,0,0,0,0
EAHUS_gammaimig,0,0,0,0,0
EAHEAA_gammaimigdag,1,1,1,1,1
EAHEAB_gammaimigdag,1,1,1,1,1
EAHEAC_gammaimigdag,1,1,1,1,1
EAHEAD_gammaimigdag,1,1,1,1,1
EAHEAE_gammaimigdag,1,1,1,1,1
EAHEAF_gammaimigdag,1,1,1,1,1
EAHEAG_gammaimigdag,1,1,1,1,1
EAHEAI_gammaimigdag,1,1,1,1,1
EAHEAJ_gammaimigdag,1,1,1,1,1
EAHEAK_gammaimigdag,1,1,1,1,1
EAHEAL_gammaimigdag,1,1,1,1,1
EAHRW_gammaimigdag,1,1,1,1,1
EAHUS_gammaimigdag,1,1,1,1,1
EAH_gx,5.566618326,5.565530972,5.564421356,5.563289788,5.562136569
EAHEAA_im,0.034405224,0.033773561,0.033165879,0.032580812,0.032017096
EAHEAB_im,0.00714533,0.007139482,0.007133635,0.007127791,0.007121948
EAHEAC_im,0.040722191,0.040704337,0.04068646,0.040668561,0.040650642
EAHEAD_im,0.036285471,0.036298073,0.036310654,0.036323213,0.036335752
EAHEAE_im,0.010491734,0.01048607,0.010480397,0.010474717,0.01046903
EAHEAF_im,0.138059152,0.138086791,0.138114314,0.138141722,0.138169014
EAHEAG_im,0.002283904,0.002284612,0.00228532,0.002286027,0.002286732
EAHEAI_im,0.045787296,0.045787554,0.045787774,0.045787956,0.045788102
EAHEAJ_im,0.065661047,0.065665529,0.065669965,0.065674355,0.065678701
EAHEAK_im,0.008866755,0.008869773,0.008872786,0.008875795,0.008878801
EAHEAL_im,0.107101769,0.107088556,0.107075251,0.107061855,0.10704837
EAHRW_im,0.912521956,0.913052567,0.913582868,0.914112862,0.914642547
EAHUS_im,0.573555456,0.574929579,0.576308578,0.577692482,0.579081315
EAHEAA_imc,0.02215359,0.021746861,0.021355574,0.020978848,0.02061587
EAHEAB_imc,0.003308023,0.003305316,0.003302609,0.003299903,0.003297198
EAHEAC_imc,0.015571108,0.015564281,0.015557445,0.015550601,0.015543749
EAHEAD_imc,0.023733548,0.023741791,0.02375002,0.023758235,0.023766436
EAHEAE_imc,0.003631754,0.003629793,0.00362783,0.003625864,0.003623895
EAHEAF_imc,0.047237347,0.047246803,0.047256221,0.047265598,0.047274936
EAHEAG_imc,0.001472118,0.001472575,0.001473031,0.001473487,0.001473942
EAHEAI_imc,0.022289172,0.022289298,0.022289405,0.022289494,0.022289565
EAHEAJ_imc,0.031060023,0.031062143,0.031064241,0.031066318,0.031068374
EAHEAK_imc,0.006409984,0.006412165,0.006414343,0.006416519,0.006418691
EAHEAL_imc,0.043090063,0.043084747,0.043079394,0.043074004,0.043068579
EAHRW_imc,0.460072828,0.46034035,0.460607716,0.460874926,0.461141982
EAHUS_imc,0.209959861,0.210462882,0.210967689,0.21147429,0.211982697
EAHEAF_imcy,0.00944,0.00944,0.00944,0.00944,0.00944
EAHEAA_imi,0.008174997,0.008024908,0.007880517,0.0077415,0.007607556
EAHEAB_imi,0.002934689,0.002932287,0.002929886,0.002927485,0.002925086
EAHEAC_imi,0.018785506,0.018777269,0.018769022,0.018760766,0.0187525
EAHEAD_imi,0.008209135,0.008211986,0.008214832,0.008217673,0.00822051
EAHEAE_imi,0.005417061,0.005414136,0.005411208,0.005408275,0.005405338
EAHEAF_imi,0.075154418,0.075169464,0.075184447,0.075199367,0.075214224
EAHEAG_imi,0.000557345,0.000557518,0.000557691,0.000557863,0.000558035
EAHEAI_imi,0.017078175,0.017078271,0.017078353,0.017078421,0.017078476
EAHEAJ_imi,0.024557134,0.02455881,0.02456047,0.024562112,0.024563737
EAHEAK_imi,0.001636294,0.001636851,0.001637407,0.001637962,0.001638517
EAHEAL_imi,0.049642372,0.049636248,0.04963008,0.049623871,0.049617621
EAHRW_imi,0.339382891,0.339580234,0.339777463,0.339974577,0.340171576
EAHUS_imi,0.284044332,0.284724844,0.285407772,0.286093129,0.286780926
EAHEAF_imiy,0.015019,0.015019,0.015019,0.015019,0.015019
EAHEAA_imcg,0.003167902,0.003109741,0.003053788,0.002999917,0.002948012
EAHEAB_imcg,0.000576541,0.000576069,0.000575598,0.000575126,0.000574655
EAHEAC_imcg,0.00427938,0.004277504,0.004275625,0.004273744,0.004271861
EAHEAD_imcg,0.003432068,0.00343326,0.003434449,0.003435637,0.003436823
EAHEAE_imcg,0.000843741,0.000843285,0.000842829,0.000842372,0.000841915
EAHEAF_imcg,0.007315784,0.007317249,0.007318707,0.007320159,0.007321606
EAHEAG_imcg,0.000193859,0.000193919,0.000193979,0.000194039,0.000194099
EAHEAI_imcg,0.00452083,0.004520855,0.004520877,0.004520895,0.004520909
EAHEAJ_imcg,0.007316302,0.007316801,0.007317296,0.007317785,0.007318269
EAHEAK_imcg,0.000638667,0.000638885,0.000639102,0.000639319,0.000639535
EAHEAL_imcg,0.008853017,0.008851925,0.008850825,0.008849717,0.008848603
EAHRW_imcg,0.075355565,0.075399383,0.075443175,0.075486942,0.075530683
EAHUS_imcg,0.047989286,0.048104259,0.04821964,0.048335431,0.048451634
EAHEAF_imcgy,0.001462,0.001462,0.001462,0.001462,0.001462
EAHEAA_imig,0.000908735,0.000892051,0.000876001,0.000860548,0.000845658
EAHEAB_imig,0.000326077,0.00032581,0.000325543,0.000325276,0.00032501
EAHEAC_imig,0.002086198,0.002085283,0.002084367,0.00208345,0.002082532
EAHEAD_imig,0.000910721,0.000911037,0.000911353,0.000911668,0.000911983
EAHEAE_imig,0.000599178,0.000598855,0.000598531,0.000598206,0.000597882
EAHEAF_imig,0.008351603,0.008353275,0.00835494,0.008356598,0.008358249
EAHEAG_imig,6.06E-05,6.06E-05,6.06E-05,6.06E-05,6.07E-05
EAHEAI_imig,0.001899119,0.00189913,0.001899139,0.001899146,0.001899152
EAHEAJ_imig,0.002727588,0.002727774,0.002727959,0.002728141,0.002728321
EAHEAK_imig,0.00018181,0.000181872,0.000181934,0.000181996,0.000182057
EAHEAL_imig,0.005516317,0.005515637,0.005514952,0.005514262,0.005513567
EAHRW_imig,0.037710672,0.0377326,0.037754515,0.037776417,0.037798307
EAHUS_imig,0.031561977,0.031637593,0.031713478,0.031789632,0.031866058
EAHEAF_imigy,0.001669,0.001669,0.001669,0.001669,0.001669
EAH_piex,1.004962932,1.004962932,1.004962932,1.004962932,1.004962932
EAH_pextilde,0.932066223,0.931853261,0.93163802,0.93142054,0.931200857
EAHEAA_rer,1.129586295,1.141130051,1.152329072,1.163163327,1.173608966
EAHEAB_rer,0.993093169,0.994011631,0.994930501,0.995849728,0.99676926
EAHEAC_rer,0.972005551,0.972444128,0.9728825,0.973320652,0.973758567
EAHEAD_rer,1.077170489,1.076686978,1.076200998,1.075712598,1.075221807
EAHEAE_rer,0.810491021,0.811010741,0.811530821,0.812051231,0.812571944
EAHEAF_rer,0.947317843,0.947103174,0.946886941,0.946669171,0.946449893
EAHEAG_rer,0.816335505,0.816021073,0.815704895,0.815387,0.815067463
EAHEAI_rer,1.003892356,1.003972063,1.004050777,1.004128502,1.004205243
EAHEAJ_rer,1.019578819,1.019390168,1.019199526,1.019006923,1.018812393
EAHEAK_rer,1.013076755,1.012640079,1.012200923,1.011759333,1.011315339
EAHEAL_rer,1.01657715,1.016695052,1.01681184,1.016927522,1.017042102
EAHRW_rer,0.685765376,0.685395161,0.685033686,0.68468105,0.684337349
EAHUS_rer,0.669691871,0.66817883,0.666665624,0.6651523,0.663638904
EAH_sx,1,1,1,1,1
EAHEAA_tot,1.262134565,1.285782747,1.309382896,1.332936143,1.356443545
EAHEAB_tot,0.966938375,0.967762551,0.968586342,0.969409732,0.970232702
EAHEAC_tot,0.939660862,0.940104207,0.940547005,0.940989253,0.941430946
EAHEAD_tot,1.083771926,1.083431585,1.083090447,1.082748524,1.082405806
EAHEAE_tot,0.747376318,0.74780482,0.748233208,0.748661471,0.749089602
EAHEAF_tot,0.913178801,0.913026291,0.912873205,0.912719549,0.912565335
EAHEAG_tot,0.754280548,0.754071512,0.753861805,0.753651435,0.753440469
EAHEAI_tot,0.986508879,0.986536035,0.986562487,0.986588237,0.98661329
EAHEAJ_tot,1.033655205,1.033618933,1.033581791,1.033543785,1.033504924
EAHEAK_tot,0.980200916,0.979899949,0.979598129,0.97929547,0.978991963
EAHEAL_tot,1.018885037,1.019044539,1.019203389,1.019361586,1.019519128
EAHRW_tot,0.694683515,0.694302827,0.693921748,0.693540285,0.693158449
EAHUS_tot,0.678723239,0.677123493,0.675524618,0.673926627,0.672329533
EAHEAA_weight,0.023877668,0.024050638,0.024223407,0.024395978,0.024568349
EAHEAB_weight,0.008142515,0.008147297,0.008152073,0.008156845,0.00816161
EAHEAC_weight,0.029300456,0.029307724,0.029314983,0.029322234,0.029329477
EAHEAD_weight,0.042675915,0.042665489,0.042655076,0.042644676,0.042634287
EAHEAE_weight,0.007505834,0.007508276,0.007510715,0.007513151,0.007515584
EAHEAF_weight,0.091039419,0.091029216,0.091019025,0.091008845,0.090998677
EAHEAG_weight,0.0026558,0.002655318,0.002654837,0.002654356,0.002653876
EAHEAI_weight,0.064691355,0.064689589,0.064687824,0.064686062,0.064684301
EAHEAJ_weight,0.050766807,0.050765283,0.050763761,0.050762241,0.050760722
EAHEAK_weight,0.007529705,0.007528185,0.007526668,0.007525152,0.007523638
EAHEAL_weight,0.120351212,0.120360425,0.120369627,0.120378819,0.120388
EAHRW_weight,0.37522405,0.375165072,0.375106162,0.375047319,0.374988545
EAHUS_weight,0.176239265,0.176127489,0.176015842,0.175904324,0.175792935
EAHEAA_weightex,0.019168229,0.019513211,0.019857794,0.020201979,0.020545767
EAHEAB_weightex,0.011712556,0.011722094,0.011731621,0.011741137,0.011750642
EAHEAC_weightex,0.033364358,0.033378854,0.033393332,0.033407794,0.033422239
EAHEAD_weightex,0.059346548,0.059325755,0.059304987,0.059284243,0.059263523
EAHEAE_weightex,0.009831881,0.009836751,0.009841615,0.009846474,0.009851328
EAHEAF_weightex,0.098961852,0.098941502,0.098921175,0.098900871,0.098880591
EAHEAG_weightex,0.004168043,0.004167082,0.004166122,0.004165163,0.004164205
EAHEAI_weightex,0.099425829,0.099422306,0.099418786,0.099415271,0.09941176
EAHEAJ_weightex,0.056778092,0.056775053,0.056772017,0.056768985,0.056765957
EAHEAK_weightex,0.009322548,0.009319518,0.009316491,0.009313468,0.009310448
EAHEAL_weightex,0.168529055,0.16854743,0.168565784,0.168584116,0.168602428
EAHRW_weightex,0.332979325,0.332861694,0.3327442,0.332626841,0.332509618
EAHUS_weightex,0.096411684,0.096188751,0.095966075,0.095743656,0.095521494
EAHEAA_weightim,0.028613324,0.028613324,0.028613324,0.028613324,0.028613324
EAHEAB_weightim,0.004552599,0.004552599,0.004552599,0.004552599,0.004552599
EAHEAC_weightim,0.02521393,0.02521393,0.02521393,0.02521393,0.02521393
EAHEAD_weightim,0.025912477,0.025912477,0.025912477,0.025912477,0.025912477
EAHEAE_weightim,0.005166838,0.005166838,0.005166838,0.005166838,0.005166838
EAHEAF_weightim,0.083072884,0.083072884,0.083072884,0.083072884,0.083072884
EAHEAG_weightim,0.001135139,0.001135139,0.001135139,0.001135139,0.001135139
EAHEAI_weightim,0.029763518,0.029763518,0.029763518,0.029763518,0.029763518
EAHEAJ_weightim,0.044722057,0.044722057,0.044722057,0.044722057,0.044722057
EAHEAK_weightim,0.00572688,0.00572688,0.00572688,0.00572688,0.00572688
EAHEAL_weightim,0.071905166,0.071905166,0.071905166,0.071905166,0.071905166
EAHRW_weightim,0.417703949,0.417703949,0.417703949,0.417703949,0.417703949
EAHUS_weightim,0.25651124,0.25651124,0.25651124,0.25651124,0.25651124
EAH_b,10.2217989,10.21980223,10.21776468,10.21568682,10.2135692
EAH_bf,-0.958699201,-0.960682413,-0.962671012,-0.964665025,-0.966664475
EAH_by,2.4,2.4,2.4,2.4,2.4
EAH_c,2.376971794,2.376507489,2.376033678,2.375550493,2.375058063
EAH_ci,2.772707781,2.772166175,2.77161348,2.771049851,2.770475438
EAH_cj,1.189763835,1.189531433,1.189294273,1.189052421,1.188805941
EAH_cy,0.55809475,0.55809475,0.55809475,0.55809475,0.55809475
EAH_d,0.577296779,0.577184013,0.577068938,0.576951587,0.57683199
EAH_dn,0.277172833,0.277095798,0.277017325,0.276937434,0.276856146
EAH_dt,0.300123946,0.300088214,0.300051613,0.300014152,0.299975843
EAH_etot,0.813508149,0.813460637,0.813410235,0.813357077,0.813301288
EAH_ex,1.526063868,1.526114467,1.526162716,1.526208636,1.526252244
EAH_fh,9.093366846,9.093089612,9.09279762,9.09249102,9.092169955
EAH_fi,48.75176649,48.62820865,48.50241915,48.37445041,48.24435384
EAH_fj,1.805620981,1.801044765,1.796385895,1.791646312,1.78682792
EAH_fn,14.51914522,14.51510991,14.51099926,14.50681434,14.50255623
EAH_cg,0.895570725,0.895550314,0.895527699,0.895502901,0.89547594
EAH_gammab,0,0,0,0,0
EAH_gammai,0,0,0,0,0
EAH_gammaider,0,0,0,0,0
EAH_gammau,0,0,0,0,0
EAH_gammauder,0.032417068,0.032417068,0.032417068,0.032417068,0.032417068
EAH_gammav,0.000240117,0.00024007,0.000240022,0.000239973,0.000239923
EAH_gammavi,0.000101018,0.000101018,0.000101018,0.000101018,0.000101018
EAH_gammavider,0.002165194,0.002165194,0.002165194,0.002165194,0.002165194
EAH_gammavj,0.000101018,0.000101018,0.000101018,0.000101018,0.000101018
EAH_gammavjder,0.002165194,0.002165194,0.002165194,0.002165194,0.002165194
EAH_gh,10.91204021,10.91170753,10.91135714,10.91098922,10.91060395
EAH_gi,6.975740482,6.971204044,6.966576856,6.961860338,6.957055873
EAH_gj,5.418915736,5.415391727,5.411797221,5.408133321,5.404401102
EAH_gn,21.77871783,21.77266487,21.76649889,21.76022151,21.75383434
EAH_cgy,0.2,0.2,0.2,0.2,0.2
EAH_ht,1.015888675,1.016089863,1.016291979,1.016495,1.016698903
EAH_htc,0.351484706,0.351669353,0.35185534,0.352042641,0.35223123
EAH_hti,0.008623336,0.008613196,0.008603526,0.008594323,0.008585582
EAH_htcg,0.585264307,0.585289372,0.585313628,0.585337084,0.585359744
EAH_htig,0.070516326,0.070517943,0.070519485,0.070520953,0.070522347
EAH_i,1.017317819,1.01743026,1.017537486,1.017639542,1.017736469
EAH_ig,0.189577607,0.18959046,0.189602715,0.189614376,0.18962545
EAH_ii,1.356423758,1.35657368,1.356716648,1.356852722,1.356981959
EAH_im,1.898851794,1.898148202,1.89742838,1.89669258,1.895941047
EAH_imc,0.848727237,0.84797645,0.847216768,0.846448369,0.845671431
EAH_imi,0.803720464,0.803833352,0.803941005,0.804043468,0.804140783
EAH_imcg,0.157102866,0.157024651,0.156944918,0.156863689,0.156780988
EAH_imig,0.089301226,0.089313749,0.08932569,0.089337053,0.089347845
EAH_imy,0.332118,0.332118,0.332118,0.332118,0.332118
EAH_internalrer,1.428934364,1.42813107,1.427319591,1.426500084,1.425672704
EAH_igy,0.04,0.04,0.04,0.04,0.04
EAH_k,40.69271274,40.69721039,40.70149944,40.70558167,40.70945878
EAH_kd,40.69271274,40.69721039,40.70149944,40.70558167,40.70945878
EAH_kdn,17.82362511,17.8241225,17.8245064,17.82477792,17.82493811
EAH_kdt,22.86908764,22.87308788,22.87699304,22.88080376,22.88452066
EAH_ki,54.25695032,54.26294718,54.26866591,54.2741089,54.27927837
EAH_lambdai,1.011731551,1.011929216,1.012131007,1.012336874,1.012546766
EAH_lambdaj,2.357809054,2.358269706,2.358739975,2.35921974,2.359708887
EAH_lcy,0.6051186,0.6051186,0.6051186,0.6051186,0.6051186
EAH_m,0.998727645,0.998532559,0.998333478,0.998130459,0.997923556
EAH_mcn,0.776721852,0.776544384,0.776365017,0.776183783,0.776000714
EAH_mct,0.776721852,0.776544384,0.776365017,0.776183783,0.776000714
EAH_mi,1.165003269,1.164775704,1.164543479,1.16430666,1.16406531
EAH_mj,0.499900771,0.499803123,0.499703476,0.499601857,0.499498295
EAH_nd,1.88636516,1.88636516,1.88636516,1.88636516,1.88636516
EAH_ndi,0.862038175,0.862038175,0.862038175,0.862038175,0.862038175
EAH_ndj,1.124185365,1.124185365,1.124185365,1.124185365,1.124185365
EAH_ndn,0.826237996,0.826169739,0.826100471,0.826030207,0.82595896
EAH_ndt,1.060127164,1.060195421,1.060264689,1.060334954,1.0604062
EAH_ni,0.862038175,0.862038175,0.862038175,0.862038175,0.862038175
EAH_nj,1.124185365,1.124185365,1.124185365,1.124185365,1.124185365
EAH_nt,1.622043347,1.621963125,1.621878411,1.621789256,1.62169571
EAH_ntc,1.211301335,1.211203104,1.211101502,1.21099657,1.210888348
EAH_nti,0.215607064,0.215622554,0.215637324,0.215651382,0.215664733
EAH_ntcg,0.161835797,0.161836636,0.161837151,0.161837345,0.161837221
EAH_ntig,0.033299151,0.033300832,0.033302435,0.03330396,0.033305408
EAH_pex,0.932066223,0.931853261,0.93163802,0.93142054,0.931200857
EAH_pht,0.932066223,0.931853261,0.93163802,0.93142054,0.931200857
EAH_phttilde,0.932066223,0.931853261,0.93163802,0.93142054,0.931200857
EAH_pi,0.837316087,0.837060012,0.836804935,0.836550861,0.836297796
EAH_pcg,0.951143837,0.950979718,0.95081413,0.950647099,0.950478654
EAH_pig,0.898646825,0.898410379,0.898173205,0.897935326,0.897696764
EAH_pic,1.004962932,1.004962932,1.004962932,1.004962932,1.004962932
EAH_pic4,1.02,1.02,1.02,1.02,1.02
EAH_piex4,1.02,1.02,1.02,1.02,1.02
EAH_piht,1.004962932,1.004962932,1.004962932,1.004962932,1.004962932
EAH_piimc,1.004962932,1.004962932,1.004962932,1.004962932,1.004962932
EAH_piimi,1.004962932,1.004962932,1.004962932,1.004962932,1.004962932
EAH_piimcg,1.004962932,1.004962932,1.004962932,1.004962932,1.004962932
EAH_piimig,1.004962932,1.004962932,1.004962932,1.004962932,1.004962932
EAH_piimc4,1.02,1.02,1.02,1.02,1.02
EAH_pim,0.744933381,0.745063942,0.745197993,0.745335483,0.745476365
EAH_pimc,0.752112735,0.752631602,0.753156283,0.753686693,0.754222746
EAH_pimi,0.737294873,0.737047331,0.736801708,0.736557999,0.736316199
EAH_pimcg,0.749568643,0.74979552,0.750026877,0.750262659,0.750502814
EAH_pimig,0.737292923,0.73704555,0.736800097,0.73655656,0.736314933
EAH_pint,1.004962932,1.004962932,1.004962932,1.004962932,1.004962932
EAH_piw,1.004962932,1.004962932,1.004962932,1.004962932,1.004962932
EAH_piw4,1.02,1.02,1.02,1.02,1.02
EAH_pnt,1.165082778,1.164816576,1.164547525,1.164275675,1.164001071
EAH_pnttilde,1.165082778,1.164816576,1.164547525,1.164275675,1.164001071
EAH_pttc,0.815350801,0.81562302,0.815898228,0.81617638,0.81645743
EAH_ptti,0.74006395,0.739813679,0.739565416,0.739319155,0.739074891
EAH_pttcg,0.901047164,0.900906018,0.90076371,0.900620263,0.900475702
EAH_pttig,0.837435105,0.837206213,0.836977047,0.836747623,0.836517959
EAH_py,1.022835514,1.022593585,1.022349039,1.022101918,1.021852267
EAH_q,0.837316087,0.837060012,0.836804935,0.836550861,0.836297796
EAH_qc,2.377211911,2.376747559,2.3762737,2.375790467,2.375297987
EAH_qi,1.017317819,1.01743026,1.017537486,1.017639542,1.017736469
EAH_qcg,0.895570725,0.895550314,0.895527699,0.895502901,0.89547594
EAH_qig,0.189577607,0.18959046,0.189602715,0.189614376,0.18962545
EAH_r,1.012417239,1.012417239,1.012417239,1.012417239,1.012417239
EAH_reer,0.809984466,0.809759434,0.809532378,0.809303057,0.80907116
EAH_rer,0.669691871,0.66817883,0.666665624,0.6651523,0.663638904
EAH_rerdep,1,1,1,1,1
EAH_rk,0.027143332,0.027135031,0.027126762,0.027118526,0.027110322
EAH_rp,0,0,0,0,0
EAH_rr,1.007417495,1.007417495,1.007417495,1.007417495,1.007417495
EAH_rrstar,1.007417068,1.007417068,1.007417068,1.007417068,1.007417068
EAH_sh,1,1,1,1,1
EAH_si,1,1,1,1,1
EAH_sj,1,1,1,1,1
EAH_snt,1,1,1,1,1
EAH_t,0,0,0,0,0
EAH_tauc,0.183,0.183,0.183,0.183,0.183
EAH_taud,0,0,0,0,0
EAH_tauk,0,0,0,0,0
EAH_taun,0.122,0.122,0.122,0.122,0.122
EAH_tauwf,0.219,0.219,0.219,0.219,0.219
EAH_tauwh,0.118,0.118,0.118,0.118,0.118
EAH_tb,0.007874499,0.007872961,0.007871391,0.00786979,0.007868159
EAH_tby,0.001848872,0.001848872,0.001848872,0.001848872,0.001848872
EAH_ti,0,0,0,0,0
EAH_tj,0,0,0,0,0
EAH_tot,0.678723239,0.677123493,0.675524618,0.673926627,0.672329533
EAH_tr,0.313280909,0.313219714,0.313157267,0.313093584,0.313028682
EAH_tri,0.208853937,0.208813141,0.208771509,0.208729054,0.208685786
EAH_trj,0.626561824,0.626439434,0.626314539,0.626187173,0.62605737
EAH_try,0.073555955,0.073555955,0.073555955,0.073555955,0.073555955
EAH_ttc,1.184699378,1.184270287,1.183834467,1.183392024,1.182943063
EAH_tti,0.81157378,0.811676613,0.811774678,0.811868017,0.811956668
EAH_ttcg,0.736104059,0.736081429,0.736056892,0.736030465,0.736002168
EAH_ttig,0.157107156,0.157118609,0.15712953,0.157139922,0.157149791
EAH_ty,0,0,0,0,0
EAH_u,1,1,1,1,1
EAH_utili,-54.01429686,-54.04083061,-54.06791296,-54.09553667,-54.12369471
EAH_utilj,-204.2519855,-204.2785193,-204.3056016,-204.3332253,-204.3613834
EAH_vj,2.38,2.38,2.38,2.38,2.38
EAH_w,1.120797416,1.120578485,1.120355072,1.120127239,1.119895047
EAH_wcst,0,0,0,0,0
EAH_whty,0.501499929,0.501499172,0.501498405,0.501497626,0.501496837
EAH_wi,1.256659952,1.256414482,1.256163987,1.255908537,1.255648198
EAH_witilde,1.256659952,1.256414482,1.256163987,1.255908537,1.255648198
EAH_wj,0.917059035,0.916879901,0.9166971,0.916510683,0.916320698
EAH_wjtilde,0.917059035,0.916879901,0.9166971,0.916510683,0.916320698
EAH_wnty,0.490019141,0.490019141,0.490019141,0.490019141,0.490019141
EAH_wy,0.496405743,0.496405743,0.496405743,0.496405743,0.496405743
EAH_y,4.16399589,4.164167456,4.164333107,4.164492892,4.164646857
EAH_ygap,0,0,0,0,0
EAH_ygrowth,1,1,1,1,1
EAH_ygrowth4,1,1,1,1,1
EAH_yhty,0.556285983,0.556322639,0.556359838,0.556397572,0.556435834
EAH_ynty,0.443714017,0.443677361,0.443640162,0.443602428,0.443564166
EAH_yshare,0.004982236,0.004986022,0.004989808,0.004993597,0.004997386
EAH_ysn,1.622043347,1.621963125,1.621878411,1.621789256,1.62169571
EAH_yst,2.541952543,2.54220433,2.542454696,2.542703636,2.542951147
EAH_zcon,1,1,1,1,1
EAH_zinv,1,1,1,1,1
EAH_zn,1,1,1,1,1
EAH_zt,1,1,1,1,1
EAH_gammav1,0.028706106,0.028706106,0.028706106,0.028706106,0.028706106
EAH_gammav2,0.150338345,0.150338345,0.150338345,0.150338345,0.150338345
EAH_nutc,0.414528067,0.414313253,0.414096158,0.41387682,0.413655279
EAH_nuti,0.018914335,0.018894883,0.018876328,0.018858662,0.018841878
EAH_nutcg,0.865288519,0.865196751,0.865103483,0.865008731,0.864912514
EAH_nutig,0.586587395,0.58662386,0.586658623,0.586691701,0.586723108
EAH_psit,0.047991566,0.047989985,0.047988381,0.047986754,0.047985105
EAHEAA_rerbar,1.129586295,1.141130051,1.152329072,1.163163327,1.173608966
EAHEAB_rerbar,0.993093169,0.994011631,0.994930501,0.995849728,0.99676926
EAHEAC_rerbar,0.972005551,0.972444128,0.9728825,0.973320652,0.973758567
EAHEAD_rerbar,1.077170489,1.076686978,1.076200998,1.075712598,1.075221807
EAHEAE_rerbar,0.810491021,0.811010741,0.811530821,0.812051231,0.812571944
EAHEAF_rerbar,0.947317843,0.947103174,0.946886941,0.946669171,0.946449893
EAHEAG_rerbar,0.816335505,0.816021073,0.815704895,0.815387,0.815067463
EAHEAI_rerbar,1.003892356,1.003972063,1.004050777,1.004128502,1.004205243
EAHEAJ_rerbar,1.019578819,1.019390168,1.019199526,1.019006923,1.018812393
EAHEAK_rerbar,1.013076755,1.012640079,1.012200923,1.011759333,1.011315339
EAHEAL_rerbar,1.01657715,1.016695052,1.01681184,1.016927522,1.017042102
EAHRW_rerbar,0.685765376,0.685395161,0.685033686,0.68468105,0.684337349
EAHUS_rerbar,0.669691871,0.66817883,0.666665624,0.6651523,0.663638904
EAH_pibar,0.837316087,0.837060012,0.836804935,0.836550861,0.836297796
EAH_psinbar,0.454172137,0.454149675,0.454125955,0.454100992,0.454074799
EAH_psitbar,0.121992282,0.122000347,0.122008284,0.122016094,0.122023777
EAH_pybar,1.022835514,1.022593585,1.022349039,1.022101918,1.021852267
EAH_qbar,0.837316087,0.837060012,0.836804935,0.836550861,0.836297796
EAH_trybar,0.073555955,0.073555955,0.073555955,0.073555955,0.073555955
EAH_ybar,4.16399589,4.164167456,4.164333107,4.164492892,4.164646857
EAH_ynbar,1.622043347,1.621963125,1.621878411,1.621789256,1.62169571
EAH_ytbar,2.541952543,2.54220433,2.542454696,2.542703636,2.542951147
EAIEAA_excy,0.003578179,0.003654615,0.003730977,0.003807264,0.003883477
EAIEAB_excy,0.002404177,0.002406085,0.002407992,0.002409897,0.002411801
EAIEAC_excy,0.001644366,0.001645164,0.001645961,0.001646757,0.001647552
EAIEAD_excy,0.005501558,0.005499853,0.00549815,0.005496448,0.005494747
EAIEAE_excy,0.000328737,0.000328899,0.00032906,0.000329222,0.000329383
EAIEAF_excy,0.012627161,0.012624839,0.012622519,0.012620202,0.012617886
EAIEAG_excy,0.001206735,0.001206425,0.001206116,0.001205806,0.001205497
EAIEAH_excy,0.00080892,0.000808993,0.000809066,0.000809139,0.000809212
EAIEAJ_excy,0.001703041,0.001703027,0.001703013,0.001702999,0.001702985
EAIEAK_excy,0.00091936,0.000919094,0.000918829,0.000918563,0.000918298
EAIEAL_excy,0.013158506,0.013160244,0.013161979,0.013163713,0.013165446
EAIRW_excy,0.058971758,0.058942993,0.058914257,0.058885548,0.058856868
EAIUS_excy,0.019736877,0.019688324,0.019639818,0.01959136,0.019542949
EAIEAA_exiy,0.00161433,0.001648815,0.001683266,0.001717684,0.001752068
EAIEAB_exiy,0.001071407,0.001072258,0.001073108,0.001073957,0.001074805
EAIEAC_exiy,0.00094594,0.000946398,0.000946857,0.000947315,0.000947772
EAIEAD_exiy,0.002955358,0.002954442,0.002953527,0.002952613,0.0029517
EAIEAE_exiy,0.000222049,0.000222158,0.000222267,0.000222376,0.000222485
EAIEAF_exiy,0.005098819,0.005097881,0.005096944,0.005096009,0.005095074
EAIEAG_exiy,0.000392772,0.000392672,0.000392571,0.00039247,0.000392369
EAIEAH_exiy,0.000619802,0.000619858,0.000619914,0.00061997,0.000620026
EAIEAJ_exiy,0.000723814,0.000723808,0.000723802,0.000723796,0.00072379
EAIEAK_exiy,0.000409797,0.000409678,0.00040956,0.000409441,0.000409323
EAIEAL_exiy,0.0056755,0.005676249,0.005676998,0.005677745,0.005678493
EAIRW_exiy,0.031472586,0.031457234,0.031441898,0.031426577,0.03141127
EAIUS_exiy,0.007857845,0.007838515,0.007819203,0.00779991,0.007780636
EAI_fx,2.630028105,2.629068418,2.628101332,2.627126985,2.62614551
EAIEAA_gammaimc,0,0,0,0,0
EAIEAB_gammaimc,0,0,0,0,0
EAIEAC_gammaimc,0,0,0,0,0
EAIEAD_gammaimc,0,0,0,0,0
EAIEAE_gammaimc,0,0,0,0,0
EAIEAF_gammaimc,0,0,0,0,0
EAIEAG_gammaimc,0,0,0,0,0
EAIEAH_gammaimc,0,0,0,0,0
EAIEAJ_gammaimc,0,0,0,0,0
EAIEAK_gammaimc,0,0,0,0,0
EAIEAL_gammaimc,0,0,0,0,0
EAIRW_gammaimc,0,0,0,0,0
EAIUS_gammaimc,0,0,0,0,0
EAIEAA_gammaimcdag,1,1,1,1,1
EAIEAB_gammaimcdag,1,1,1,1,1
EAIEAC_gammaimcdag,1,1,1,1,1
EAIEAD_gammaimcdag,1,1,1,1,1
EAIEAE_gammaimcdag,1,1,1,1,1
EAIEAF_gammaimcdag,1,1,1,1,1
EAIEAG_gammaimcdag,1,1,1,1,1
EAIEAH_gammaimcdag,1,1,1,1,1
EAIEAJ_gammaimcdag,1,1,1,1,1
EAIEAK_gammaimcdag,1,1,1,1,1
EAIEAL_gammaimcdag,1,1,1,1,1
EAIRW_gammaimcdag,1,1,1,1,1
EAIUS_gammaimcdag,1,1,1,1,1
EAIEAA_gammaimi,0,0,0,0,0
EAIEAB_gammaimi,0,0,0,0,0
EAIEAC_gammaimi,0,0,0,0,0
EAIEAD_gammaimi,0,0,0,0,0
EAIEAE_gammaimi,0,0,0,0,0
EAIEAF_gammaimi,0,0,0,0,0
EAIEAG_gammaimi,0,0,0,0,0
EAIEAH_gammaimi,0,0,0,0,0
EAIEAJ_gammaimi,0,0,0,0,0
EAIEAK_gammaimi,0,0,0,0,0
EAIEAL_gammaimi,0,0,0,0,0
EAIRW_gammaimi,0,0,0,0,0
EAIUS_gammaimi,0,0,0,0,0
EAIEAA_gammaimidag,1,1,1,1,1
EAIEAB_gammaimidag,1,1,1,1,1
EAIEAC_gammaimidag,1,1,1,1,1
EAIEAD_gammaimidag,1,1,1,1,1
EAIEAE_gammaimidag,1,1,1,1,1
EAIEAF_gammaimidag,1,1,1,1,1
EAIEAG_gammaimidag,1,1,1,1,1
EAIEAH_gammaimidag,1,1,1,1,1
EAIEAJ_gammaimidag,1,1,1,1,1
EAIEAK_gammaimidag,1,1,1,1,1
EAIEAL_gammaimidag,1,1,1,1,1
EAIRW_gammaimidag,1,1,1,1,1
EAIUS_gammaimidag,1,1,1,1,1
EAIEAA_gammaimcg,0,0,0,0,0
EAIEAB_gammaimcg,0,0,0,0,0
EAIEAC_gammaimcg,0,0,0,0,0
EAIEAD_gammaimcg,0,0,0,0,0
EAIEAE_gammaimcg,0,0,0,0,0
EAIEAF_gammaimcg,0,0,0,0,0
EAIEAG_gammaimcg,0,0,0,0,0
EAIEAH_gammaimcg,0,0,0,0,0
EAIEAJ_gammaimcg,0,0,0,0,0
EAIEAK_gammaimcg,0,0,0,0,0
EAIEAL_gammaimcg,0,0,0,0,0
EAIRW_gammaimcg,0,0,0,0,0
EAIUS_gammaimcg,0,0,0,0,0
EAIEAA_gammaimcgdag,1,1,1,1,1
EAIEAB_gammaimcgdag,1,1,1,1,1
EAIEAC_gammaimcgdag,1,1,1,1,1
EAIEAD_gammaimcgdag,1,1,1,1,1
EAIEAE_gammaimcgdag,1,1,1,1,1
EAIEAF_gammaimcgdag,1,1,1,1,1
EAIEAG_gammaimcgdag,1,1,1,1,1
EAIEAH_gammaimcgdag,1,1,1,1,1
EAIEAJ_gammaimcgdag,1,1,1,1,1
EAIEAK_gammaimcgdag,1,1,1,1,1
EAIEAL_gammaimcgdag,1,1,1,1,1
EAIRW_gammaimcgdag,1,1,1,1,1
EAIUS_gammaimcgdag,1,1,1,1,1
EAIEAA_gammaimig,0,0,0,0,0
EAIEAB_gammaimig,0,0,0,0,0
EAIEAC_gammaimig,0,0,0,0,0
EAIEAD_gammaimig,0,0,0,0,0
EAIEAE_gammaimig,0,0,0,0,0
EAIEAF_gammaimig,0,0,0,0,0
EAIEAG_gammaimig,0,0,0,0,0
EAIEAH_gammaimig,0,0,0,0,0
EAIEAJ_gammaimig,0,0,0,0,0
EAIEAK_gammaimig,0,0,0,0,0
EAIEAL_gammaimig,0,0,0,0,0
EAIRW_gammaimig,0,0,0,0,0
EAIUS_gammaimig,0,0,0,0,0
EAIEAA_gammaimigdag,1,1,1,1,1
EAIEAB_gammaimigdag,1,1,1,1,1
EAIEAC_gammaimigdag,1,1,1,1,1
EAIEAD_gammaimigdag,1,1,1,1,1
EAIEAE_gammaimigdag,1,1,1,1,1
EAIEAF_gammaimigdag,1,1,1,1,1
EAIEAG_gammaimigdag,1,1,1,1,1
EAIEAH_gammaimigdag,1,1,1,1,1
EAIEAJ_gammaimigdag,1,1,1,1,1
EAIEAK_gammaimigdag,1,1,1,1,1
EAIEAL_gammaimigdag,1,1,1,1,1
EAIRW_gammaimigdag,1,1,1,1,1
EAIUS_gammaimigdag,1,1,1,1,1
EAI_gx,3.156033726,3.154882101,3.153721599,3.152552382,3.151374612
EAIEAA_im,0.029633967,0.029087277,0.028561341,0.028054975,0.027567086
EAIEAB_im,0.020823786,0.020804864,0.020785954,0.020767054,0.020748166
EAIEAC_im,0.023960961,0.023948295,0.02393562,0.023922937,0.023910246
EAIEAD_im,0.039883125,0.039893378,0.039903608,0.039913817,0.039924005
EAIEAE_im,0.003860947,0.003858515,0.00385608,0.003853643,0.003851204
EAIEAF_im,0.085467015,0.085476414,0.085485747,0.085495014,0.085504216
EAIEAG_im,0.008383656,0.008385501,0.008387343,0.008389182,0.008391016
EAIEAH_im,0.026382451,0.026380945,0.026379402,0.026377821,0.026376203
EAIEAJ_im,0.029137357,0.029136717,0.02913606,0.029135385,0.029134693
EAIEAK_im,0.004426639,0.004427746,0.004428851,0.004429954,0.004431055
EAIEAL_im,0.110455926,0.110432336,0.110408665,0.110384914,0.110361086
EAIRW_im,0.631837323,0.632147691,0.632457844,0.632767783,0.633077509
EAIUS_im,0.055814024,0.055942696,0.056071824,0.056201411,0.056331459
EAIEAA_imc,0.020435012,0.020058026,0.01969535,0.01934617,0.019009731
EAIEAB_imc,0.013782902,0.013770379,0.013757862,0.013745353,0.013732851
EAIEAC_imc,0.01569357,0.015685275,0.015676973,0.015668666,0.015660354
EAIEAD_imc,0.029550608,0.029558204,0.029565784,0.029573348,0.029580897
EAIEAE_imc,0.002217628,0.002216231,0.002214832,0.002213433,0.002212032
EAIEAF_imc,0.059736162,0.059742731,0.059749254,0.059755731,0.059762162
EAIEAG_imc,0.006879331,0.006880845,0.006882356,0.006883865,0.00688537
EAIEAH_imc,0.0153246,0.015323726,0.015322829,0.015321911,0.015320971
EAIEAJ_imc,0.019590731,0.0195903,0.019589858,0.019589404,0.019588939
EAIEAK_imc,0.003251693,0.003252507,0.003253318,0.003254129,0.003254938
EAIEAL_imc,0.068779481,0.068764792,0.068750052,0.068735263,0.068720425
EAIRW_imc,0.442750447,0.442967932,0.443185267,0.443402452,0.443619488
EAIUS_imc,0.036848276,0.036933225,0.037018475,0.037104028,0.037189885
EAIEAG_imcy,0.001221,0.001221,0.001221,0.001221,0.001221
EAIEAA_imi,0.005629814,0.005525955,0.005426038,0.00532984,0.005237151
EAIEAB_imi,0.005001576,0.004997032,0.004992489,0.00498795,0.004983413
EAIEAC_imi,0.004735207,0.004732704,0.004730199,0.004727693,0.004725185
EAIEAD_imi,0.00697592,0.006977713,0.006979502,0.006981288,0.00698307
EAIEAE_imi,0.001222539,0.001221768,0.001220997,0.001220226,0.001219454
EAIEAF_imi,0.017079442,0.01708132,0.017083185,0.017085037,0.017086876
EAIEAG_imi,0.000980347,0.000980563,0.000980778,0.000980993,0.000981208
EAIEAH_imi,0.006378875,0.006378511,0.006378138,0.006377756,0.006377365
EAIEAJ_imi,0.006561764,0.00656162,0.006561472,0.00656132,0.006561164
EAIEAK_imi,0.000789078,0.000789275,0.000789472,0.000789669,0.000789865
EAIEAL_imi,0.030840236,0.030833649,0.03082704,0.030820408,0.030813755
EAIRW_imi,0.122705508,0.122765783,0.122826016,0.122886208,0.122946358
EAIUS_imi,0.011145273,0.011170967,0.011196752,0.011222629,0.011248597
EAIEAG_imiy,0.000174,0.000174,0.000174,0.000174,0.000174
EAIEAA_imcg,0.002942857,0.002888567,0.002836338,0.002786053,0.002737602
EAIEAB_imcg,0.00148553,0.00148418,0.001482831,0.001481483,0.001480135
EAIEAC_imcg,0.003007557,0.003005968,0.003004377,0.003002785,0.003001192
EAIEAD_imcg,0.002580188,0.002580852,0.002581514,0.002582174,0.002582833
EAIEAE_imcg,0.000284311,0.000284132,0.000283953,0.000283773,0.000283594
EAIEAF_imcg,0.006752662,0.006753405,0.006754142,0.006754874,0.006755601
EAIEAG_imcg,0.000416929,0.000417021,0.000417113,0.000417204,0.000417295
EAIEAH_imcg,0.003969267,0.00396904,0.003968808,0.00396857,0.003968327
EAIEAJ_imcg,0.002257148,0.002257099,0.002257048,0.002256995,0.002256942
EAIEAK_imcg,0.000299156,0.000299231,0.000299305,0.00029938,0.000299454
EAIEAL_imcg,0.007407663,0.007406081,0.007404493,0.0074029,0.007401302
EAIRW_imcg,0.052745383,0.052771292,0.052797184,0.052823057,0.052848913
EAIUS_imcg,0.00658072,0.006595891,0.006611116,0.006626395,0.006641728
EAIEAG_imcgy,7.40E-05,7.40E-05,7.40E-05,7.40E-05,7.40E-05
EAIEAA_imig,0.000626283,0.000614729,0.000603614,0.000592913,0.000582602
EAIEAB_imig,0.000553777,0.000553274,0.000552771,0.000552269,0.000551766
EAIEAC_imig,0.000524627,0.000524349,0.000524072,0.000523794,0.000523516
EAIEAD_imig,0.000776409,0.000776609,0.000776808,0.000777007,0.000777205
EAIEAE_imig,0.000136469,0.000136383,0.000136297,0.000136211,0.000136125
EAIEAF_imig,0.00189875,0.001898959,0.001899166,0.001899372,0.001899576
EAIEAG_imig,0.000107049,0.000107073,0.000107096,0.00010712,0.000107143
EAIEAH_imig,0.000709708,0.000709668,0.000709626,0.000709584,0.00070954
EAIEAJ_imig,0.000727714,0.000727698,0.000727682,0.000727665,0.000727648
EAIEAK_imig,8.67E-05,8.67E-05,8.68E-05,8.68E-05,8.68E-05
EAIEAL_imig,0.003428547,0.003427814,0.00342708,0.003426342,0.003425603
EAIRW_imig,0.013635985,0.013642683,0.013649376,0.013656065,0.01366275
EAIUS_imig,0.001239755,0.001242613,0.001245481,0.00124836,0.001251248
EAIEAG_imigy,1.90E-05,1.90E-05,1.90E-05,1.90E-05,1.90E-05
EAI_piex,1.004962932,1.004962932,1.004962932,1.004962932,1.004962932
EAI_pextilde,0.915926492,0.915669724,0.915410996,0.915150348,0.914887815
EAIEAA_rer,1.12520659,1.136615344,1.147680076,1.158380949,1.168694322
EAIEAB_rer,0.989242684,0.990078976,0.99091652,0.991755265,0.992595156
EAIEAC_rer,0.968236829,0.968596801,0.96895747,0.969318817,0.969680824
EAIEAD_rer,1.072994015,1.07242723,1.071859136,1.071289776,1.070719173
EAIEAE_rer,0.807348534,0.807802101,0.808256754,0.80871246,0.80916919
EAIEAF_rer,0.943644842,0.943356104,0.943066788,0.942776914,0.942486508
EAIEAG_rer,0.813170356,0.81279261,0.812413987,0.812034514,0.811654259
EAIEAH_rer,0.996122736,0.996043652,0.995965566,0.995888472,0.995812367
EAIEAJ_rer,1.015625643,1.015357107,1.015087632,1.014817248,1.01454598
EAIEAK_rer,1.009148789,1.008633723,1.008117265,1.007599457,1.007080321
EAIEAL_rer,1.012635612,1.012672653,1.01270958,1.012746396,1.012783102
EAIRW_rer,0.683106483,0.682683499,0.682269962,0.681865965,0.681471596
EAIUS_rer,0.667095299,0.665535282,0.663976006,0.662417508,0.660859827
EAI_sx,1,1,1,1,1
EAIEAA_tot,1.279395039,1.303330746,1.327217397,1.351056188,1.37484824
EAIEAB_tot,0.980161858,0.9809703,0.98177901,0.982587969,0.983397155
EAIEAC_tot,0.952511307,0.952934483,0.953357763,0.953781139,0.954204606
EAIEAD_tot,1.09859318,1.098217953,1.097842723,1.097467498,1.097092262
EAIEAE_tot,0.757597153,0.758010649,0.758424548,0.758838837,0.759253508
EAIEAF_tot,0.925667088,0.925487016,0.925307031,0.925127135,0.924947337
EAIEAG_tot,0.764595803,0.764362867,0.76412981,0.763896636,0.763663409
EAIEAH_tot,1.013675621,1.013647717,1.013620539,1.013594084,1.013568346
EAIEAJ_tot,1.047791082,1.047725472,1.047659732,1.047593866,1.047527876
EAIEAK_tot,0.993605773,0.993273347,0.992940784,0.992608094,0.992275265
EAIEAL_tot,1.032818923,1.032952171,1.033085489,1.033218873,1.033352316
EAIRW_tot,0.704183743,0.703778476,0.703373336,0.70296833,0.702563463
EAIUS_tot,0.688005201,0.686364683,0.684725628,0.683088042,0.681451933
EAIEAA_weight,0.034043974,0.034301643,0.034559061,0.034816228,0.035073144
EAIEAB_weight,0.020017151,0.02002561,0.020034061,0.020042503,0.020050937
EAIEAC_weight,0.020411071,0.020416467,0.020421857,0.020427243,0.020432623
EAIEAD_weight,0.047315794,0.047310238,0.047304687,0.047299143,0.047293603
EAIEAE_weight,0.003314065,0.003315623,0.003317178,0.003318733,0.003320285
EAIEAF_weight,0.089640219,0.089635607,0.089630998,0.089626394,0.089621795
EAIEAG_weight,0.007546795,0.007546064,0.007545333,0.007544603,0.007543874
EAIEAH_weight,0.019315354,0.019316396,0.019317436,0.019318476,0.019319514
EAIEAJ_weight,0.025001787,0.025003077,0.025004366,0.025005654,0.02500694
EAIEAK_weight,0.005958429,0.005957681,0.005956933,0.005956187,0.005955441
EAIEAL_weight,0.113662571,0.113677415,0.113692244,0.113707059,0.11372186
EAIRW_weight,0.511336131,0.511248177,0.511160308,0.511072524,0.510984826
EAIUS_weight,0.102436659,0.102246005,0.102055536,0.101865254,0.101675156
EAIEAA_weightex,0.024718856,0.025231863,0.02574437,0.026256377,0.026767886
EAIEAB_weightex,0.016671357,0.016688199,0.016705024,0.016721832,0.016738624
EAIEAC_weightex,0.014715691,0.014726434,0.014737167,0.014747889,0.014758601
EAIEAD_weightex,0.044439365,0.044428303,0.044417253,0.044406214,0.044395185
EAIEAE_weightex,0.003275971,0.003279072,0.003282169,0.003285264,0.003288355
EAIEAF_weightex,0.088614119,0.088604936,0.088595761,0.088586595,0.088577438
EAIEAG_weightex,0.007744904,0.007743448,0.007741993,0.00774054,0.007739088
EAIEAH_weightex,0.008081763,0.008083837,0.008085909,0.008087978,0.008090046
EAIEAJ_weightex,0.015102459,0.015105028,0.015107593,0.015110157,0.015112718
EAIEAK_weightex,0.006867455,0.006865966,0.006864478,0.006862992,0.006861507
EAIEAL_weightex,0.096727031,0.096756584,0.096786109,0.096815605,0.096845073
EAIRW_weightex,0.51270837,0.512533256,0.512358313,0.51218354,0.512008938
EAIUS_weightex,0.160332659,0.159953076,0.159573862,0.159195018,0.158816543
EAIEAA_weightim,0.043454218,0.043454218,0.043454218,0.043454218,0.043454218
EAIEAB_weightim,0.023393488,0.023393488,0.023393488,0.023393488,0.023393488
EAIEAC_weightim,0.026158442,0.026158442,0.026158442,0.026158442,0.026158442
EAIEAD_weightim,0.050218481,0.050218481,0.050218481,0.050218481,0.050218481
EAIEAE_weightim,0.003352507,0.003352507,0.003352507,0.003352507,0.003352507
EAIEAF_weightim,0.090675686,0.090675686,0.090675686,0.090675686,0.090675686
EAIEAG_weightim,0.007346878,0.007346878,0.007346878,0.007346878,0.007346878
EAIEAH_weightim,0.030651492,0.030651492,0.030651492,0.030651492,0.030651492
EAIEAJ_weightim,0.034991483,0.034991483,0.034991483,0.034991483,0.034991483
EAIEAK_weightim,0.005041104,0.005041104,0.005041104,0.005041104,0.005041104
EAIEAL_weightim,0.130752709,0.130752709,0.130752709,0.130752709,0.130752709
EAIRW_weightim,0.509951366,0.509951366,0.509951366,0.509951366,0.509951366
EAIUS_weightim,0.044012146,0.044012146,0.044012146,0.044012146,0.044012146
EAI_b,9.469657889,9.466202448,9.462720367,9.45921214,9.45567825
EAI_bf,-0.891613159,-0.893376995,-0.8951456,-0.896918998,-0.898697211
EAI_by,2.4,2.4,2.4,2.4,2.4
EAI_c,2.202069315,2.201265789,2.200456068,2.199640266,2.198818497
EAI_ci,2.568686233,2.567748929,2.5668044,2.565852778,2.564894195
EAI_cj,1.102218563,1.101816367,1.101411071,1.101002732,1.100591406
EAI_cy,0.55809475,0.55809475,0.55809475,0.55809475,0.55809475
EAI_d,0.534818093,0.53462294,0.534426283,0.534228148,0.534028565
EAI_dn,0.252483301,0.252359843,0.25223545,0.252110141,0.251983933
EAI_dt,0.282334792,0.282263097,0.282190832,0.282118007,0.282044632
EAI_etot,0.809769492,0.809983961,0.810196097,0.810406075,0.81061406
EAI_ex,0.880458822,0.880384351,0.880309243,0.880233508,0.880157153
EAI_fh,13.61570422,13.61278724,13.60984663,13.60688279,13.60389609
EAI_fi,18.06395022,17.97851414,17.89279685,17.8068175,17.72059492
EAI_fj,0.669035193,0.665870894,0.66269618,0.659511759,0.65631833
EAI_fn,13.22583343,13.21936631,13.21285024,13.20628616,13.19967501
EAI_cg,0.832340159,0.83218612,0.832030769,0.831874124,0.831716204
EAI_gammab,0,0,0,0,0
EAI_gammai,0,0,0,0,0
EAI_gammaider,0,0,0,0,0
EAI_gammau,0,0,0,0,0
EAI_gammauder,0.032417068,0.032417068,0.032417068,0.032417068,0.032417068
EAI_gammav,0.000222449,0.000222367,0.000222286,0.000222203,0.00022212
EAI_gammavi,0.000101018,0.000101018,0.000101018,0.000101018,0.000101018
EAI_gammavider,0.002165194,0.002165194,0.002165194,0.002165194,0.002165194
EAI_gammavj,0.000101018,0.000101018,0.000101018,0.000101018,0.000101018
EAI_gammavjder,0.002165194,0.002165194,0.002165194,0.002165194,0.002165194
EAI_gh,16.33884507,16.33534469,16.33181596,16.32825934,16.32467531
EAI_gi,5.408259003,5.401690199,5.395076403,5.388418675,5.381718062
EAI_gj,4.201260052,4.196157253,4.191019505,4.185847629,4.180642438
EAI_gn,19.83875014,19.82904946,19.81927536,19.80942924,19.79951251
EAI_cgy,0.2,0.2,0.2,0.2,0.2
EAI_ht,1.547916981,1.548019329,1.548122359,1.548226053,1.548330394
EAI_htc,0.392662312,0.392827439,0.392993788,0.393161335,0.393330056
EAI_hti,0.442568505,0.442554475,0.44254032,0.442526043,0.442511645
EAI_htcg,0.598504623,0.598463515,0.598422054,0.598380247,0.598338099
EAI_htig,0.114181541,0.114173901,0.114166196,0.114158427,0.114150594
EAI_i,0.835796095,0.835560474,0.835322886,0.835083359,0.834841923
EAI_ig,0.16697715,0.166945262,0.166913101,0.166880671,0.166847974
EAI_ii,1.114394794,1.114080633,1.113763848,1.113444479,1.113122564
EAI_im,1.018359,1.017047079,1.015727174,1.014399514,1.013064323
EAI_imc,0.699312226,0.698404805,0.697491833,0.696573468,0.695649869
EAI_imi,0.209490993,0.209245981,0.208999414,0.208751333,0.208501778
EAI_imcg,0.086277177,0.086144944,0.086012006,0.085878387,0.085744111
EAI_imig,0.023278604,0.023251349,0.023223921,0.023196326,0.023168566
EAI_imy,0.202535,0.202535,0.202535,0.202535,0.202535
EAI_internalrer,1.36917949,1.368247001,1.367307966,1.366362535,1.365410851
EAI_igy,0.04,0.04,0.04,0.04,0.04
EAI_k,33.43184381,33.42241898,33.41291543,33.40333436,33.39367693
EAI_kd,33.43184381,33.42241898,33.41291543,33.40333436,33.39367693
EAI_kdn,14.39841769,14.3925719,14.38667912,14.38074014,14.37475573
EAI_kdt,19.03342612,19.02984708,19.02623631,19.02259422,19.0189212
EAI_ki,44.57579175,44.5632253,44.55055391,44.53777915,44.52490258
EAI_lambdai,1.092089765,1.092488409,1.092890422,1.093295753,1.093704352
EAI_lambdaj,2.545081383,2.546010412,2.54694729,2.547891901,2.548844129
EAI_lcy,0.6051186,0.6051186,0.6051186,0.6051186,0.6051186
EAI_m,0.925239208,0.924901592,0.924561373,0.924218599,0.923873318
EAI_mcn,0.763272077,0.763058103,0.762842497,0.76262529,0.762406513
EAI_mct,0.763272077,0.763058103,0.762842497,0.76262529,0.762406513
EAI_mi,1.07927993,1.078886105,1.078489244,1.078089402,1.077686636
EAI_mj,0.463117043,0.462948053,0.462777761,0.46260619,0.462433364
EAI_nd,1.88636516,1.88636516,1.88636516,1.88636516,1.88636516
EAI_ndi,0.862038175,0.862038175,0.862038175,0.862038175,0.862038175
EAI_ndj,1.124185365,1.124185365,1.124185365,1.124185365,1.124185365
EAI_ndn,0.812419251,0.812318409,0.81221677,0.81211435,0.812011162
EAI_ndt,1.07394591,1.074046752,1.07414839,1.07425081,1.074353999
EAI_ni,0.862038175,0.862038175,0.862038175,0.862038175,0.862038175
EAI_nj,1.124185365,1.124185365,1.124185365,1.124185365,1.124185365
EAI_nt,1.503594072,1.503280276,1.502963952,1.502645141,1.502323884
EAI_ntc,1.132015119,1.1317607,1.131504257,1.131245824,1.130985436
EAI_nti,0.189749824,0.189715052,0.189679986,0.189644631,0.18960899
EAI_ntcg,0.151485695,0.151465271,0.151444673,0.151423902,0.151402961
EAI_ntig,0.030343433,0.030339253,0.030335036,0.030330784,0.030326497
EAI_pex,0.915926492,0.915669724,0.915410996,0.915150348,0.914887815
EAI_pht,0.915926492,0.915669724,0.915410996,0.915150348,0.914887815
EAI_phttilde,0.915926492,0.915669724,0.915410996,0.915150348,0.914887816
EAI_pi,0.944175454,0.94409708,0.944018228,0.943938913,0.943859149
EAI_pcg,0.948095738,0.947925211,0.947753448,0.947580475,0.947406319
EAI_pig,0.945204967,0.94504054,0.944874938,0.944708187,0.944540312
EAI_pic,1.004962932,1.004962932,1.004962932,1.004962932,1.004962932
EAI_pic4,1.02,1.02,1.02,1.02,1.02
EAI_piex4,1.02,1.02,1.02,1.02,1.02
EAI_piht,1.004962932,1.004962932,1.004962932,1.004962932,1.004962932
EAI_piimc,1.004962932,1.004962932,1.004962932,1.004962932,1.004962932
EAI_piimi,1.004962932,1.004962932,1.004962932,1.004962932,1.004962932
EAI_piimcg,1.004962932,1.004962932,1.004962932,1.004962932,1.004962932
EAI_piimig,1.004962932,1.004962932,1.004962932,1.004962932,1.004962932
EAI_piimc4,1.02,1.02,1.02,1.02,1.02
EAI_pim,0.78473356,0.785459097,0.786190475,0.786927597,0.787670367
EAI_pimc,0.781608891,0.78233884,0.783074717,0.783816424,0.784563864
EAI_pimi,0.794935489,0.795575894,0.796221483,0.796872174,0.797527884
EAI_pimcg,0.782532732,0.783447943,0.784370188,0.785299344,0.786235291
EAI_pimig,0.794948444,0.79558985,0.796236448,0.796888154,0.797544886
EAI_pint,1.004962932,1.004962932,1.004962932,1.004962932,1.004962932
EAI_piw,1.004962932,1.004962932,1.004962932,1.004962932,1.004962932
EAI_piw4,1.02,1.02,1.02,1.02,1.02
EAI_pnt,1.144908116,1.144587154,1.144263745,1.143937935,1.143609769
EAI_pnttilde,1.144908116,1.144587154,1.144263745,1.143937935,1.143609769
EAI_pttc,0.836200165,0.836535475,0.836873458,0.837214067,0.837557259
EAI_ptti,0.881560659,0.88155357,0.881546589,0.881539724,0.881532979
EAI_pttcg,0.901790775,0.901654101,0.901516465,0.901377888,0.901238393
EAI_pttig,0.898267414,0.898138124,0.898007945,0.8978769,0.897745008
EAI_py,1.003489577,1.003196357,1.002900904,1.002603261,1.00230347
EAI_q,0.944175454,0.94409708,0.944018228,0.943938913,0.943859149
EAI_qc,2.202291764,2.201488156,2.200678353,2.199862469,2.199040618
EAI_qi,0.835796095,0.835560474,0.835322886,0.835083359,0.834841923
EAI_qcg,0.832340159,0.83218612,0.832030769,0.831874124,0.831716204
EAI_qig,0.16697715,0.166945262,0.166913101,0.166880671,0.166847974
EAI_r,1.012417239,1.012417239,1.012417239,1.012417239,1.012417239
EAI_reer,0.790142117,0.790058463,0.789973662,0.789887353,0.789799076
EAI_rer,0.667095299,0.665535282,0.663976006,0.662417508,0.660859827
EAI_rerdep,1,1,1,1,1
EAI_rk,0.0306074,0.030604859,0.030602303,0.030599732,0.030597146
EAI_rp,0,0,0,0,0
EAI_rr,1.007417495,1.007417495,1.007417495,1.007417495,1.007417495
EAI_rrstar,1.007417068,1.007417068,1.007417068,1.007417068,1.007417068
EAI_sh,1,1,1,1,1
EAI_si,1,1,1,1,1
EAI_sj,1,1,1,1,1
EAI_snt,1,1,1,1,1
EAI_t,0,0,0,0,0
EAI_tauc,0.183,0.183,0.183,0.183,0.183
EAI_taud,0,0,0,0,0
EAI_tauk,0,0,0,0,0
EAI_taun,0.122,0.122,0.122,0.122,0.122
EAI_tauwf,0.219,0.219,0.219,0.219,0.219
EAI_tauwh,0.118,0.118,0.118,0.118,0.118
EAI_tb,0.007295077,0.007292415,0.007289732,0.00728703,0.007284308
EAI_tby,0.001848872,0.001848872,0.001848872,0.001848872,0.001848872
EAI_ti,0,0,0,0,0
EAI_tj,0,0,0,0,0
EAI_tot,0.688005201,0.686364683,0.684725628,0.683088042,0.681451933
EAI_tr,0.290229054,0.290123151,0.290016431,0.28990891,0.289800602
EAI_tri,0.193486034,0.193415432,0.193344285,0.193272605,0.193200399
EAI_trj,0.580458114,0.580246308,0.580032868,0.579817825,0.57960121
EAI_try,0.073555955,0.073555955,0.073555955,0.073555955,0.073555955
EAI_ttc,1.083757819,1.083145216,1.082528125,1.081906639,1.08128085
EAI_tti,0.648726821,0.648519627,0.648310714,0.648100109,0.647887836
EAI_ttcg,0.682753663,0.682617646,0.682480472,0.682342158,0.682202719
EAI_ttig,0.137027333,0.136999108,0.136970641,0.136941936,0.136912996
EAI_ty,0,0,0,0,0
EAI_u,1,1,1,1,1
EAI_utili,-64.39531163,-64.44488239,-64.49485361,-64.54521866,-64.59597102
EAI_utilj,-214.6330003,-214.6825711,-214.7325423,-214.7829073,-214.8336597
EAI_vj,2.38,2.38,2.38,2.38,2.38
EAI_w,1.038326834,1.037947953,1.03756615,1.037181481,1.036793998
EAI_wcst,0,0,0,0,0
EAI_whty,0.501348787,0.501347699,0.501346602,0.501345497,0.501344384
EAI_wi,1.164192325,1.163767515,1.163339431,1.162908132,1.162473679
EAI_witilde,1.164192325,1.163767515,1.163339431,1.162908132,1.162473679
EAI_wj,0.849579942,0.849269934,0.848957536,0.848642792,0.848325745
EAI_wjtilde,0.849579942,0.849269934,0.848957536,0.848642792,0.848325745
EAI_wnty,0.490019141,0.490019141,0.490019141,0.490019141,0.490019141
EAI_wy,0.496405743,0.496405743,0.496405743,0.496405743,0.496405743
EAI_y,3.931969875,3.931683956,3.931395554,3.931104701,3.930811431
EAI_ygap,0,0,0,0,0
EAI_ygrowth,1,1,1,1,1
EAI_ygrowth4,1,1,1,1,1
EAI_yhty,0.563707054,0.56376121,0.563815792,0.563870795,0.56392621
EAI_ynty,0.436292946,0.43623879,0.436184208,0.436129205,0.43607379
EAI_yshare,0.029637678,0.029657521,0.029677371,0.029697229,0.029717094
EAI_ysn,1.503594072,1.503280276,1.502963952,1.502645141,1.502323884
EAI_yst,2.428375803,2.42840368,2.428431602,2.428459561,2.428487547
EAI_zcon,1,1,1,1,1
EAI_zinv,1,1,1,1,1
EAI_zn,1,1,1,1,1
EAI_zt,1,1,1,1,1
EAI_gammav1,0.028706106,0.028706106,0.028706106,0.028706106,0.028706106
EAI_gammav2,0.150338345,0.150338345,0.150338345,0.150338345,0.150338345
EAI_nutc,0.454949199,0.454622953,0.454294339,0.453963407,0.453630206
EAI_nuti,0.750653822,0.750358796,0.750061348,0.749761517,0.74945934
EAI_nutcg,0.911361235,0.911186755,0.911010782,0.910833337,0.910654439
EAI_nutig,0.874834967,0.874658274,0.874480052,0.874300322,0.874119106
EAI_psit,0.047677979,0.047673448,0.047671156,0.047668847,0.047666521
EAIEAA_rerbar,1.12520659,1.136615344,1.147680076,1.158380949,1.168694322
EAIEAB_rerbar,0.989242684,0.990078976,0.99091652,0.991755265,0.992595156
EAIEAC_rerbar,0.968236829,0.968596801,0.96895747,0.969318817,0.969680824
EAIEAD_rerbar,1.072994015,1.07242723,1.071859136,1.071289776,1.070719173
EAIEAE_rerbar,0.807348534,0.807802101,0.808256754,0.80871246,0.80916919
EAIEAF_rerbar,0.943644842,0.943356104,0.943066788,0.942776914,0.942486508
EAIEAG_rerbar,0.813170356,0.81279261,0.812413987,0.812034514,0.811654259
EAIEAH_rerbar,0.996122736,0.996043652,0.995965566,0.995888472,0.995812367
EAIEAJ_rerbar,1.015625643,1.015357107,1.015087632,1.014817248,1.01454598
EAIEAK_rerbar,1.009148789,1.008633723,1.008117265,1.007599457,1.007080321
EAIEAL_rerbar,1.012635612,1.012672653,1.01270958,1.012746396,1.012783102
EAIRW_rerbar,0.683106483,0.682683499,0.682269962,0.681865965,0.681471596
EAIUS_rerbar,0.667095299,0.665535282,0.663976006,0.662417508,0.660859827
EAI_pibar,0.944175454,0.94409708,0.944018228,0.943938913,0.943859149
EAI_psinbar,0.42100634,0.420918477,0.420829906,0.420740639,0.420650688
EAI_psitbar,0.11577457,0.115770377,0.115766142,0.115761868,0.115757554
EAI_pybar,1.003489577,1.003196357,1.002900904,1.002603261,1.00230347
EAI_qbar,0.944175454,0.94409708,0.944018228,0.943938913,0.943859149
EAI_trybar,0.073555955,0.073555955,0.073555955,0.073555955,0.073555955
EAI_ybar,3.931969875,3.931683956,3.931395554,3.931104701,3.930811431
EAI_ynbar,1.503594072,1.503280276,1.502963952,1.502645141,1.502323884
EAI_ytbar,2.428375803,2.42840368,2.428431602,2.428459561,2.428487547
EAJEAA_excy,0.003157863,0.003225348,0.003292767,0.003360122,0.003427412
EAJEAB_excy,0.001949417,0.001950981,0.001952543,0.001954104,0.001955663
EAJEAC_excy,0.015762309,0.015770086,0.015777855,0.015785617,0.015793371
EAJEAD_excy,0.00638109,0.006379165,0.006377241,0.00637532,0.0063734
EAJEAE_excy,0.001343846,0.001344518,0.00134519,0.001345862,0.001346533
EAJEAF_excy,0.015537563,0.015534834,0.015532108,0.015529384,0.015526663
EAJEAG_excy,0.001248085,0.001247775,0.001247465,0.001247155,0.001246846
EAJEAH_excy,0.002756075,0.002756346,0.002756617,0.002756888,0.002757159
EAJEAI_excy,0.011118997,0.011119089,0.011119181,0.011119272,0.011119364
EAJEAK_excy,0.001649497,0.001649034,0.001648571,0.001648109,0.001647647
EAJEAL_excy,0.046036134,0.046042592,0.046049045,0.046055491,0.046061931
EAJRW_excy,0.055172115,0.055145659,0.055119228,0.055092823,0.055066443
EAJUS_excy,0.018479598,0.01843429,0.018389025,0.018343804,0.018298626
EAJEAA_exiy,0.000895102,0.000914231,0.000933341,0.000952432,0.000971506
EAJEAB_exiy,0.000820976,0.000821635,0.000822293,0.00082295,0.000823607
EAJEAC_exiy,0.00565992,0.005662712,0.005665502,0.005668289,0.005671073
EAJEAD_exiy,0.002558618,0.002557846,0.002557075,0.002556304,0.002555535
EAJEAE_exiy,0.000533111,0.000533378,0.000533645,0.000533911,0.000534177
EAJEAF_exiy,0.005084035,0.005083142,0.00508225,0.005081358,0.005080468
EAJEAG_exiy,0.000231042,0.000230985,0.000230927,0.00023087,0.000230813
EAJEAH_exiy,0.002179049,0.002179263,0.002179477,0.002179692,0.002179906
EAJEAI_exiy,0.003724222,0.003724253,0.003724284,0.003724315,0.003724345
EAJEAK_exiy,0.000519291,0.000519145,0.000518999,0.000518854,0.000518708
EAJEAL_exiy,0.010527311,0.010528788,0.010530264,0.010531738,0.010533211
EAJRW_exiy,0.029467968,0.029453838,0.029439721,0.029425618,0.029411528
EAJUS_exiy,0.007355956,0.007337921,0.007319903,0.007301903,0.007283919
EAJ_fx,3.823757218,3.823341301,3.822917989,3.822487371,3.82204953
EAJEAA_gammaimc,0,0,0,0,0
EAJEAB_gammaimc,0,0,0,0,0
EAJEAC_gammaimc,0,0,0,0,0
EAJEAD_gammaimc,0,0,0,0,0
EAJEAE_gammaimc,0,0,0,0,0
EAJEAF_gammaimc,0,0,0,0,0
EAJEAG_gammaimc,0,0,0,0,0
EAJEAH_gammaimc,0,0,0,0,0
EAJEAI_gammaimc,0,0,0,0,0
EAJEAK_gammaimc,0,0,0,0,0
EAJEAL_gammaimc,0,0,0,0,0
EAJRW_gammaimc,0,0,0,0,0
EAJUS_gammaimc,0,0,0,0,0
EAJEAA_gammaimcdag,1,1,1,1,1
EAJEAB_gammaimcdag,1,1,1,1,1
EAJEAC_gammaimcdag,1,1,1,1,1
EAJEAD_gammaimcdag,1,1,1,1,1
EAJEAE_gammaimcdag,1,1,1,1,1
EAJEAF_gammaimcdag,1,1,1,1,1
EAJEAG_gammaimcdag,1,1,1,1,1
EAJEAH_gammaimcdag,1,1,1,1,1
EAJEAI_gammaimcdag,1,1,1,1,1
EAJEAK_gammaimcdag,1,1,1,1,1
EAJEAL_gammaimcdag,1,1,1,1,1
EAJRW_gammaimcdag,1,1,1,1,1
EAJUS_gammaimcdag,1,1,1,1,1
EAJEAA_gammaimi,0,0,0,0,0
EAJEAB_gammaimi,0,0,0,0,0
EAJEAC_gammaimi,0,0,0,0,0
EAJEAD_gammaimi,0,0,0,0,0
EAJEAE_gammaimi,0,0,0,0,0
EAJEAF_gammaimi,0,0,0,0,0
EAJEAG_gammaimi,0,0,0,0,0
EAJEAH_gammaimi,0,0,0,0,0
EAJEAI_gammaimi,0,0,0,0,0
EAJEAK_gammaimi,0,0,0,0,0
EAJEAL_gammaimi,0,0,0,0,0
EAJRW_gammaimi,0,0,0,0,0
EAJUS_gammaimi,0,0,0,0,0
EAJEAA_gammaimidag,1,1,1,1,1
EAJEAB_gammaimidag,1,1,1,1,1
EAJEAC_gammaimidag,1,1,1,1,1
EAJEAD_gammaimidag,1,1,1,1,1
EAJEAE_gammaimidag,1,1,1,1,1
EAJEAF_gammaimidag,1,1,1,1,1
EAJEAG_gammaimidag,1,1,1,1,1
EAJEAH_gammaimidag,1,1,1,1,1
EAJEAI_gammaimidag,1,1,1,1,1
EAJEAK_gammaimidag,1,1,1,1,1
EAJEAL_gammaimidag,1,1,1,1,1
EAJRW_gammaimidag,1,1,1,1,1
EAJUS_gammaimidag,1,1,1,1,1
EAJEAA_gammaimcg,0,0,0,0,0
EAJEAB_gammaimcg,0,0,0,0,0
EAJEAC_gammaimcg,0,0,0,0,0
EAJEAD_gammaimcg,0,0,0,0,0
EAJEAE_gammaimcg,0,0,0,0,0
EAJEAF_gammaimcg,0,0,0,0,0
EAJEAG_gammaimcg,0,0,0,0,0
EAJEAH_gammaimcg,0,0,0,0,0
EAJEAI_gammaimcg,0,0,0,0,0
EAJEAK_gammaimcg,0,0,0,0,0
EAJEAL_gammaimcg,0,0,0,0,0
EAJRW_gammaimcg,0,0,0,0,0
EAJUS_gammaimcg,0,0,0,0,0
EAJEAA_gammaimcgdag,1,1,1,1,1
EAJEAB_gammaimcgdag,1,1,1,1,1
EAJEAC_gammaimcgdag,1,1,1,1,1
EAJEAD_gammaimcgdag,1,1,1,1,1
EAJEAE_gammaimcgdag,1,1,1,1,1
EAJEAF_gammaimcgdag,1,1,1,1,1
EAJEAG_gammaimcgdag,1,1,1,1,1
EAJEAH_gammaimcgdag,1,1,1,1,1
EAJEAI_gammaimcgdag,1,1,1,1,1
EAJEAK_gammaimcgdag,1,1,1,1,1
EAJEAL_gammaimcgdag,1,1,1,1,1
EAJRW_gammaimcgdag,1,1,1,1,1
EAJUS_gammaimcgdag,1,1,1,1,1
EAJEAA_gammaimig,0,0,0,0,0
EAJEAB_gammaimig,0,0,0,0,0
EAJEAC_gammaimig,0,0,0,0,0
EAJEAD_gammaimig,0,0,0,0,0
EAJEAE_gammaimig,0,0,0,0,0
EAJEAF_gammaimig,0,0,0,0,0
EAJEAG_gammaimig,0,0,0,0,0
EAJEAH_gammaimig,0,0,0,0,0
EAJEAI_gammaimig,0,0,0,0,0
EAJEAK_gammaimig,0,0,0,0,0
EAJEAL_gammaimig,0,0,0,0,0
EAJRW_gammaimig,0,0,0,0,0
EAJUS_gammaimig,0,0,0,0,0
EAJEAA_gammaimigdag,1,1,1,1,1
EAJEAB_gammaimigdag,1,1,1,1,1
EAJEAC_gammaimigdag,1,1,1,1,1
EAJEAD_gammaimigdag,1,1,1,1,1
EAJEAE_gammaimigdag,1,1,1,1,1
EAJEAF_gammaimigdag,1,1,1,1,1
EAJEAG_gammaimigdag,1,1,1,1,1
EAJEAH_gammaimigdag,1,1,1,1,1
EAJEAI_gammaimigdag,1,1,1,1,1
EAJEAK_gammaimigdag,1,1,1,1,1
EAJEAL_gammaimigdag,1,1,1,1,1
EAJRW_gammaimigdag,1,1,1,1,1
EAJUS_gammaimigdag,1,1,1,1,1
EAJ_gx,4.588508661,4.588009561,4.587501587,4.586984845,4.586459437
EAJEAA_im,0.01581216,0.015520328,0.015239575,0.014969268,0.014708824
EAJEAB_im,0.01706019,0.017044547,0.017028914,0.01701329,0.016997677
EAJEAC_im,0.104283711,0.104227724,0.104171702,0.104115645,0.104059555
EAJEAD_im,0.029528511,0.029535858,0.029543189,0.029550504,0.029557803
EAJEAE_im,0.010938808,0.010931826,0.010924837,0.010917844,0.010910845
EAJEAF_im,0.076252041,0.076259798,0.076267495,0.076275134,0.076282716
EAJEAG_im,0.004221064,0.004221958,0.004222851,0.004223742,0.00422463
EAJEAH_im,0.038220022,0.038217526,0.038214975,0.03821237,0.038209711
EAJEAI_im,0.030160839,0.030158039,0.030155217,0.030152374,0.030149511
EAJEAK_im,0.006125664,0.006127145,0.006128624,0.0061301,0.006131574
EAJEAL_im,0.172397404,0.172359162,0.172320796,0.172282308,0.1722437
EAJRW_im,0.917370213,0.917813263,0.918256,0.918698428,0.919140546
EAJUS_im,0.205974145,0.206447287,0.206922108,0.207398614,0.207876817
EAJEAA_imc,0.009457068,0.009282527,0.009114611,0.008952944,0.008797176
EAJEAB_imc,0.01082702,0.010817093,0.010807172,0.010797256,0.010787347
EAJEAC_imc,0.063401596,0.063367558,0.063333498,0.063299416,0.063265316
EAJEAD_imc,0.019118517,0.019123273,0.01912802,0.019132756,0.019137482
EAJEAE_imc,0.0050987,0.005095445,0.005092188,0.005088928,0.005085666
EAJEAF_imc,0.048712575,0.04871753,0.048722448,0.048727328,0.048732171
EAJEAG_imc,0.003384077,0.003384794,0.003385509,0.003386224,0.003386936
EAJEAH_imc,0.018912439,0.018911204,0.018909941,0.018908652,0.018907336
EAJEAI_imc,0.018296317,0.018294618,0.018292907,0.018291182,0.018289445
EAJEAK_imc,0.004332448,0.004333495,0.004334541,0.004335585,0.004336627
EAJEAL_imc,0.097739708,0.097718027,0.097696276,0.097674455,0.097652567
EAJRW_imc,0.558253433,0.558523045,0.558792467,0.5590617,0.559330745
EAJUS_imc,0.109719041,0.109971076,0.110224005,0.110477832,0.110732563
EAJEAH_imcy,0.004164,0.004164,0.004164,0.004164,0.004164
EAJEAA_imi,0.003857678,0.00378648,0.003717985,0.003652038,0.003588498
EAJEAB_imi,0.003738962,0.003735534,0.003732108,0.003728684,0.003725262
EAJEAC_imi,0.023679532,0.023666819,0.023654098,0.023641369,0.023628633
EAJEAD_imi,0.006520915,0.006522537,0.006524156,0.006525771,0.006527383
EAJEAE_imi,0.003865045,0.003862578,0.003860109,0.003857638,0.003855165
EAJEAF_imi,0.016472948,0.016474623,0.016476286,0.016477937,0.016479574
EAJEAG_imi,0.000451612,0.000451707,0.000451803,0.000451898,0.000451993
EAJEAH_imi,0.012749091,0.012748258,0.012747407,0.012746539,0.012745652
EAJEAI_imi,0.007776165,0.007775443,0.007774716,0.007773983,0.007773244
EAJEAK_imi,0.000991598,0.000991837,0.000992077,0.000992316,0.000992554
EAJEAL_imi,0.050077893,0.050066785,0.05005564,0.05004446,0.050033245
EAJRW_imi,0.216894061,0.216998811,0.217103488,0.217208091,0.217312621
EAJUS_imi,0.056532475,0.056662335,0.056792656,0.05692344,0.05705469
EAJEAH_imiy,0.002807,0.002807,0.002807,0.002807,0.002807
EAJEAA_imcg,0.002069183,0.002030994,0.001994255,0.001958882,0.001924801
EAJEAB_imcg,0.002080855,0.002078947,0.00207704,0.002075134,0.00207323
EAJEAC_imcg,0.014573135,0.014565311,0.014557482,0.014549649,0.01454181
EAJEAD_imcg,0.003164068,0.003164856,0.003165641,0.003166425,0.003167207
EAJEAE_imcg,0.001543587,0.001542602,0.001541616,0.001540629,0.001539641
EAJEAF_imcg,0.009236191,0.00923713,0.009238063,0.009238988,0.009239906
EAJEAG_imcg,0.000337203,0.000337275,0.000337346,0.000337417,0.000337488
EAJEAH_imcg,0.005141422,0.005141086,0.005140743,0.005140392,0.005140035
EAJEAI_imcg,0.003222804,0.003222505,0.003222203,0.003221899,0.003221593
EAJEAK_imcg,0.000690411,0.000690578,0.000690745,0.000690911,0.000691078
EAJEAL_imcg,0.019016583,0.019012365,0.019008132,0.019003887,0.018999628
EAJRW_imcg,0.11812338,0.118180428,0.118237436,0.118294405,0.118351333
EAJUS_imcg,0.033439012,0.033515825,0.03359291,0.033670269,0.033747903
EAJEAH_imcgy,0.001132,0.001132,0.001132,0.001132,0.001132
EAJEAA_imig,0.000428231,0.000420328,0.000412724,0.000405403,0.00039835
EAJEAB_imig,0.000413353,0.000412974,0.000412595,0.000412216,0.000411838
EAJEAC_imig,0.002629448,0.002628036,0.002626624,0.00262521,0.002623796
EAJEAD_imig,0.000725012,0.000725192,0.000725372,0.000725552,0.000725731
EAJEAE_imig,0.000431475,0.0004312,0.000430924,0.000430648,0.000430372
EAJEAF_imig,0.001830328,0.001830514,0.001830698,0.001830882,0.001831064
EAJEAG_imig,4.82E-05,4.82E-05,4.82E-05,4.82E-05,4.82E-05
EAJEAH_imig,0.00141707,0.001416978,0.001416883,0.001416787,0.001416688
EAJEAI_imig,0.000865553,0.000865473,0.000865392,0.00086531,0.000865228
EAJEAK_imig,0.000111207,0.000111234,0.000111261,0.000111288,0.000111315
EAJEAL_imig,0.00556322,0.005561986,0.005560748,0.005559506,0.00555826
EAJRW_imig,0.02409934,0.024110979,0.02412261,0.024134232,0.024145847
EAJUS_imig,0.006283617,0.006298051,0.006312536,0.006327073,0.006341661
EAJEAH_imigy,0.000312,0.000312,0.000312,0.000312,0.000312
EAJ_piex,1.004962932,1.004962932,1.004962932,1.004962932,1.004962932
EAJ_pextilde,0.944934403,0.944860175,0.944784676,0.944707919,0.944629922
EAJEAA_rer,1.107895018,1.119424227,1.130621672,1.141467541,1.151938251
EAJEAB_rer,0.97402295,0.975104197,0.976188152,0.977274742,0.978363894
EAJEAC_rer,0.953340274,0.953946936,0.954555487,0.955165887,0.955778094
EAJEAD_rer,1.056485746,1.056206947,1.055927687,1.055647978,1.055367813
EAJEAE_rer,0.794927284,0.795584229,0.796243327,0.796904528,0.797567785
EAJEAF_rer,0.92912664,0.929088001,0.929049629,0.92901152,0.928973675
EAJEAG_rer,0.800659536,0.800499258,0.80033877,0.800178077,0.800017224
EAJEAH_rer,0.98079715,0.980978659,0.981162152,0.981347601,0.981534978
EAJEAI_rer,0.984614761,0.984875167,0.985136621,0.985399097,0.985662571
EAJEAK_rer,0.993622794,0.993378306,0.993133236,0.992887595,0.992641379
EAJEAL_rer,0.997055971,0.997356148,0.997657293,0.997959384,0.998262397
EAJRW_rer,0.672596727,0.672358025,0.672129125,0.671910106,0.671701045
EAJUS_rer,0.656831879,0.655469172,0.654107079,0.652745614,0.651384797
EAJ_sx,1,1,1,1,1
EAJEAA_tot,1.221040206,1.243962069,1.266840136,1.289675543,1.312469359
EAJEAB_tot,0.935455431,0.936285627,0.937116298,0.937947425,0.938778984
EAJEAC_tot,0.909066057,0.909526883,0.909987979,0.910449335,0.910910944
EAJEAD_tot,1.04848495,1.048192473,1.047900085,1.047607793,1.047315578
EAJEAE_tot,0.723042185,0.723482123,0.723922591,0.724363574,0.724805063
EAJEAF_tot,0.883446237,0.883329689,0.88321332,0.883097128,0.88298112
EAJEAG_tot,0.729721618,0.729544988,0.729368311,0.729191589,0.729014881
EAJEAH_tot,0.967440588,0.967474538,0.967509305,0.967544882,0.967581263
EAJEAI_tot,0.95438873,0.954448495,0.954508386,0.9545684,0.954628534
EAJEAK_tot,0.948286151,0.94802825,0.947770305,0.94751232,0.947254281
EAJEAL_tot,0.98571074,0.985899645,0.986088762,0.986278086,0.986467606
EAJRW_tot,0.672065029,0.671720307,0.671375748,0.671031354,0.670687128
EAJUS_tot,0.65662441,0.655099739,0.653576354,0.652054259,0.650533459
EAJEAA_weight,0.016207473,0.016356139,0.016504663,0.016653044,0.016801283
EAJEAB_weight,0.012384726,0.012389821,0.01239491,0.012399994,0.012405074
EAJEAC_weight,0.073967397,0.073985626,0.074003837,0.074022031,0.074040208
EAJEAD_weight,0.030756985,0.030752823,0.030748665,0.030744512,0.030740362
EAJEAE_weight,0.006798944,0.006801086,0.006803225,0.006805362,0.006807498
EAJEAF_weight,0.067587251,0.067583648,0.067580048,0.067576452,0.06757286
EAJEAG_weight,0.003921992,0.003921526,0.00392106,0.003920594,0.003920129
EAJEAH_weight,0.024281996,0.024283369,0.024284741,0.024286112,0.024287481
EAJEAI_weight,0.039876324,0.039878786,0.039881246,0.039883704,0.039886159
EAJEAK_weight,0.00636238,0.006361495,0.00636061,0.006359727,0.006358844
EAJEAL_weight,0.166893345,0.166911858,0.166930355,0.166948834,0.166967294
EAJRW_weight,0.439390949,0.439331709,0.439272525,0.439213398,0.439154328
EAJUS_weight,0.111570239,0.111442115,0.111314114,0.111186235,0.111058479
EAJEAA_weightex,0.016748339,0.017044698,0.017340773,0.017636565,0.017932073
EAJEAB_weightex,0.011826349,0.011836505,0.01184665,0.011856786,0.011866912
EAJEAC_weightex,0.071046869,0.071083207,0.071119511,0.071155779,0.071192013
EAJEAD_weightex,0.036360564,0.036352268,0.03634398,0.0363357,0.036327428
EAJEAE_weightex,0.007179027,0.007183295,0.00718756,0.00719182,0.007196077
EAJEAF_weightex,0.080440251,0.080433069,0.080425893,0.080418724,0.080411563
EAJEAG_weightex,0.005335851,0.005334922,0.005333993,0.005333065,0.005332138
EAJEAH_weightex,0.018604935,0.018607673,0.018610408,0.01861314,0.01861587
EAJEAI_weightex,0.056292479,0.056297388,0.056302292,0.056307191,0.056312086
EAJEAK_weightex,0.008001499,0.007999734,0.007997971,0.00799621,0.00799445
EAJEAL_weightex,0.195737585,0.195774492,0.195811363,0.1958482,0.195885
EAJRW_weightex,0.379017601,0.378899509,0.378781529,0.378663662,0.378545909
EAJUS_weightex,0.11340865,0.113153241,0.112898077,0.112643157,0.112388481
EAJEAA_weightim,0.015663041,0.015663041,0.015663041,0.015663041,0.015663041
EAJEAB_weightim,0.012946783,0.012946783,0.012946783,0.012946783,0.012946783
EAJEAC_weightim,0.076907173,0.076907173,0.076907173,0.076907173,0.076907173
EAJEAD_weightim,0.025116475,0.025116475,0.025116475,0.025116475,0.025116475
EAJEAE_weightim,0.006416357,0.006416357,0.006416357,0.006416357,0.006416357
EAJEAF_weightim,0.054649542,0.054649542,0.054649542,0.054649542,0.054649542
EAJEAG_weightim,0.002498815,0.002498815,0.002498815,0.002498815,0.002498815
EAJEAH_weightim,0.029996471,0.029996471,0.029996471,0.029996471,0.029996471
EAJEAI_weightim,0.023351976,0.023351976,0.023351976,0.023351976,0.023351976
EAJEAK_weightim,0.004712458,0.004712458,0.004712458,0.004712458,0.004712458
EAJEAL_weightim,0.137859004,0.137859004,0.137859004,0.137859004,0.137859004
EAJRW_weightim,0.500162191,0.500162191,0.500162191,0.500162191,0.500162191
EAJUS_weightim,0.109719712,0.109719712,0.109719712,0.109719712,0.109719712
EAJ_b,9.964924654,9.963840753,9.962737579,9.961615362,9.960474326
EAJ_bf,-0.952905551,-0.954782757,-0.956665037,-0.958552416,-0.960444918
EAJ_by,2.4,2.4,2.4,2.4,2.4
EAJ_c,2.317238391,2.316986341,2.31672981,2.31646885,2.316203514
EAJ_ci,2.703029515,2.702735502,2.702436261,2.702131855,2.701822344
EAJ_cj,1.159865019,1.159738859,1.159610455,1.159479835,1.159347024
EAJ_cy,0.55809475,0.55809475,0.55809475,0.55809475,0.55809475
EAJ_d,0.562789286,0.56272807,0.562665767,0.562602387,0.562537945
EAJ_dn,0.270043534,0.270004468,0.269964709,0.269924267,0.269883149
EAJ_dt,0.292745752,0.292723603,0.292701057,0.29267812,0.292654795
EAJ_etot,0.78509378,0.785087403,0.78508073,0.785073817,0.785066717
EAJ_ex,1.240788985,1.240751487,1.240713254,1.240674294,1.240634613
EAJ_fh,10.93250733,10.93195288,10.93138841,10.93081403,10.93022985
EAJ_fi,35.02739323,34.97793374,34.92766104,34.87658895,34.8247311
EAJ_fj,1.29731086,1.295479027,1.293617075,1.291725517,1.289804855
EAJ_fn,14.14569113,14.14364472,14.14156206,14.13944358,14.1372897
EAJ_cg,0.872207767,0.872155226,0.872101571,0.872046813,0.871990965
EAJ_gammab,0,0,0,0,0
EAJ_gammai,0,0,0,0,0
EAJ_gammaider,0,0,0,0,0
EAJ_gammau,0,0,0,0,0
EAJ_gammauder,0.032417068,0.032417068,0.032417068,0.032417068,0.032417068
EAJ_gammav,0.000234083,0.000234057,0.000234031,0.000234005,0.000233978
EAJ_gammavi,0.000101018,0.000101018,0.000101018,0.000101018,0.000101018
EAJ_gammavider,0.002165194,0.002165194,0.002165194,0.002165194,0.002165194
EAJ_gammavj,0.000101018,0.000101018,0.000101018,0.000101018,0.000101018
EAJ_gammavjder,0.002165194,0.002165194,0.002165194,0.002165194,0.002165194
EAJ_gh,13.1190088,13.11834346,13.11766609,13.11697683,13.11627582
EAJ_gi,6.408889477,6.40656841,6.404206676,6.401804799,6.39936329
EAJ_gj,4.978572831,4.976769772,4.974935124,4.97306929,4.97117267
EAJ_gn,21.2185367,21.21546709,21.21234309,21.20916537,21.20593455
EAJ_cgy,0.2,0.2,0.2,0.2,0.2
EAJ_ht,1.20472048,1.204754019,1.204788081,1.204822658,1.204857745
EAJ_htc,0.254545502,0.254595388,0.254646108,0.254697653,0.254750012
EAJ_hti,0.324024463,0.3240234,0.324022315,0.324021209,0.324020082
EAJ_htcg,0.523681486,0.523668599,0.523655468,0.523642096,0.523628486
EAJ_htig,0.102469028,0.102466632,0.102464189,0.1024617,0.102459165
EAJ_i,0.892817382,0.892727446,0.892635753,0.892542321,0.892447171
EAJ_ig,0.174488182,0.174476662,0.174464917,0.174452947,0.174440756
EAJ_ii,1.190423176,1.190303262,1.190181004,1.190056428,1.189929561
EAJ_im,1.562297513,1.561845879,1.561386025,1.560918053,1.560442067
EAJ_imc,0.928251422,0.927967575,0.927678872,0.927385376,0.927087149
EAJ_imi,0.386800748,0.386695987,0.386589216,0.386480459,0.386369741
EAJ_imcg,0.204266737,0.204215323,0.204162778,0.204109115,0.204054347
EAJ_imig,0.042978606,0.042966994,0.042955159,0.042943103,0.04293083
EAJ_imy,0.280533,0.280533,0.280533,0.280533,0.280533
EAJ_internalrer,1.47822809,1.477939441,1.477645898,1.477347522,1.477044375
EAJ_igy,0.04,0.04,0.04,0.04,0.04
EAJ_k,35.71269527,35.70909785,35.70543011,35.70169285,35.69788683
EAJ_kd,35.71269527,35.70909785,35.70543011,35.70169285,35.69788683
EAJ_kdn,15.63286075,15.63072488,15.62854838,15.62633172,15.62407537
EAJ_kdt,20.07983451,20.07837297,20.07688173,20.07536112,20.07381145
EAJ_ki,47.61692702,47.61213046,47.60724015,47.60225713,47.59718244
EAJ_lambdai,1.037811806,1.037924703,1.038039633,1.038156572,1.038275499
EAJ_lambdaj,2.418588282,2.418851384,2.419119224,2.419391747,2.419668904
EAJ_lcy,0.6051186,0.6051186,0.6051186,0.6051186,0.6051186
EAJ_m,0.973629576,0.973523673,0.973415886,0.973306239,0.973194754
EAJ_mcn,0.787445336,0.787383479,0.787320563,0.787256599,0.787191601
EAJ_mct,0.787445336,0.787383479,0.787320563,0.787256599,0.787191601
EAJ_mi,1.135726687,1.135603152,1.135477421,1.135349519,1.135219472
EAJ_mj,0.487338243,0.487285235,0.487231284,0.487176401,0.487120598
EAJ_nd,1.88636516,1.88636516,1.88636516,1.88636516,1.88636516
EAJ_ndi,0.862038175,0.862038175,0.862038175,0.862038175,0.862038175
EAJ_ndj,1.124185365,1.124185365,1.124185365,1.124185365,1.124185365
EAJ_ndn,0.825736721,0.825707078,0.825676909,0.82564622,0.825615017
EAJ_ndt,1.06062844,1.060658082,1.060688251,1.06071894,1.060750143
EAJ_ni,0.862038175,0.862038175,0.862038175,0.862038175,0.862038175
EAJ_nj,1.124185365,1.124185365,1.124185365,1.124185365,1.124185365
EAJ_nt,1.558801041,1.558697975,1.558592996,1.558486125,1.558377383
EAJ_ntc,1.172793194,1.172711688,1.172628699,1.172544243,1.172458338
EAJ_nti,0.198066887,0.198053919,0.198040696,0.198027222,0.198013499
EAJ_ntcg,0.156613978,0.156606894,0.156599664,0.156592289,0.15658477
EAJ_ntig,0.031326982,0.031325474,0.031323937,0.031322371,0.031320775
EAJ_pex,0.944934403,0.944860175,0.944784676,0.944707919,0.944629922
EAJ_pht,0.944934403,0.944860175,0.944784676,0.944707919,0.944629922
EAJ_phttilde,0.944934403,0.944860175,0.944784676,0.944707919,0.944629922
EAJ_pi,0.930101054,0.930093576,0.930086129,0.930078713,0.93007133
EAJ_pcg,0.952078644,0.952032434,0.951985593,0.951938131,0.951890055
EAJ_pig,0.951824221,0.951783524,0.951742215,0.951700304,0.951657797
EAJ_pic,1.004962932,1.004962932,1.004962932,1.004962932,1.004962932
EAJ_pic4,1.02,1.02,1.02,1.02,1.02
EAJ_piex4,1.02,1.02,1.02,1.02,1.02
EAJ_piht,1.004962932,1.004962932,1.004962932,1.004962932,1.004962932
EAJ_piimc,1.004962932,1.004962932,1.004962932,1.004962932,1.004962932
EAJ_piimi,1.004962932,1.004962932,1.004962932,1.004962932,1.004962932
EAJ_piimcg,1.004962932,1.004962932,1.004962932,1.004962932,1.004962932
EAJ_piimig,1.004962932,1.004962932,1.004962932,1.004962932,1.004962932
EAJ_piimc4,1.02,1.02,1.02,1.02,1.02
EAJ_pim,0.745560674,0.745695146,0.74583218,0.745971747,0.746113821
EAJ_pimc,0.745140659,0.745287508,0.745436907,0.745588826,0.745743239
EAJ_pimi,0.750459394,0.750581052,0.750705229,0.750831895,0.750961025
EAJ_pimcg,0.73716513,0.737270517,0.737378618,0.737489405,0.73760285
EAJ_pimig,0.75044639,0.75056755,0.750691225,0.750817387,0.750946011
EAJ_pint,1.004962932,1.004962932,1.004962932,1.004962932,1.004962932
EAJ_piw,1.004962932,1.004962932,1.004962932,1.004962932,1.004962932
EAJ_piw4,1.02,1.02,1.02,1.02,1.02
EAJ_pnt,1.181168004,1.181075219,1.180980845,1.180884899,1.180787402
EAJ_pnttilde,1.181168004,1.181075219,1.180980845,1.180884899,1.180787402
EAJ_pttc,0.799043133,0.79913641,0.799231295,0.799327769,0.799425814
EAJ_ptti,0.85307042,0.853087156,0.853104382,0.853122096,0.853140292
EAJ_pttcg,0.898661499,0.898625613,0.898589309,0.898552591,0.898515468
EAJ_pttig,0.898352526,0.898323334,0.898293747,0.898263769,0.898233407
EAJ_py,1.036895599,1.036810525,1.036723992,1.036636017,1.036546617
EAJ_q,0.930101054,0.930093576,0.930086129,0.930078713,0.93007133
EAJ_qc,2.317472474,2.317220398,2.316963841,2.316702855,2.316437492
EAJ_qi,0.892817382,0.892727446,0.892635753,0.892542321,0.892447171
EAJ_qcg,0.872207767,0.872155226,0.872101571,0.872046813,0.871990965
EAJ_qig,0.174488182,0.174476662,0.174464917,0.174452947,0.174440756
EAJ_r,1.012417239,1.012417239,1.012417239,1.012417239,1.012417239
EAJ_reer,0.793981751,0.793974991,0.793970914,0.793969326,0.793969985
EAJ_rer,0.656831879,0.655469172,0.654107079,0.652745614,0.651384797
EAJ_rerdep,1,1,1,1,1
EAJ_rk,0.030151149,0.030150907,0.030150665,0.030150425,0.030150185
EAJ_rp,0,0,0,0,0
EAJ_rr,1.007417495,1.007417495,1.007417495,1.007417495,1.007417495
EAJ_rrstar,1.007417068,1.007417068,1.007417068,1.007417068,1.007417068
EAJ_sh,1,1,1,1,1
EAJ_si,1,1,1,1,1
EAJ_sj,1,1,1,1,1
EAJ_snt,1,1,1,1,1
EAJ_t,0,0,0,0,0
EAJ_tauc,0.183,0.183,0.183,0.183,0.183
EAJ_taud,0,0,0,0,0
EAJ_tauk,0,0,0,0,0
EAJ_taun,0.122,0.122,0.122,0.122,0.122
EAJ_tauwf,0.219,0.219,0.219,0.219,0.219
EAJ_tauwh,0.118,0.118,0.118,0.118,0.118
EAJ_tb,0.007676612,0.007675777,0.007674927,0.007674063,0.007673184
EAJ_tby,0.001848872,0.001848872,0.001848872,0.001848872,0.001848872
EAJ_ti,0,0,0,0,0
EAJ_tj,0,0,0,0,0
EAJ_tot,0.65662441,0.655099739,0.653576354,0.652054259,0.650533459
EAJ_tr,0.305408146,0.305374926,0.305341116,0.305306722,0.305271751
EAJ_tri,0.203605429,0.203583282,0.203560742,0.203537812,0.203514499
EAJ_trj,0.610816298,0.610749858,0.610682238,0.61061345,0.610543508
EAJ_try,0.073555955,0.073555955,0.073555955,0.073555955,0.073555955
EAJ_ttc,1.166653764,1.166458783,1.1662604,1.166058656,1.165853593
EAJ_tti,0.699192123,0.699112023,0.69903036,0.69894715,0.698862412
EAJ_ttcg,0.718204762,0.718158409,0.718111068,0.718062749,0.718013464
EAJ_ttig,0.143684851,0.143674628,0.143664205,0.143653582,0.143642763
EAJ_ty,0,0,0,0,0
EAJ_u,1,1,1,1,1
EAJ_utili,-57.47118413,-57.48595875,-57.50099773,-57.51629802,-57.53185666
EAJ_utilj,-207.7088728,-207.7236474,-207.7386864,-207.7539867,-207.7695453
EAJ_vj,2.38,2.38,2.38,2.38,2.38
EAJ_w,1.092631729,1.092512881,1.092391921,1.092268872,1.09214376
EAJ_wcst,0,0,0,0,0
EAJ_whty,0.501494376,0.501494048,0.501493714,0.501493374,0.501493028
EAJ_wi,1.225080033,1.224946779,1.224811156,1.224673191,1.224532913
EAJ_witilde,1.225080033,1.224946779,1.224811156,1.224673191,1.224532913
EAJ_wj,0.894013302,0.893916058,0.893817086,0.893716405,0.893614036
EAJ_wjtilde,0.894013302,0.893916058,0.893817086,0.893716405,0.893614036
EAJ_wnty,0.490019141,0.490019141,0.490019141,0.490019141,0.490019141
EAJ_wy,0.496405743,0.496405743,0.496405743,0.496405743,0.496405743
EAJ_y,4.004310505,4.004203481,4.004094331,4.003983076,4.003869741
EAJ_ygap,0,0,0,0,0
EAJ_ygrowth,1,1,1,1,1
EAJ_ygrowth4,1,1,1,1,1
EAJ_yhty,0.556555183,0.556571102,0.556587304,0.556603784,0.556620541
EAJ_ynty,0.443444817,0.443428898,0.443412696,0.443396216,0.443379459
EAJ_yshare,0.012701103,0.012709502,0.012717904,0.012726309,0.012734717
EAJ_ysn,1.558801041,1.558697975,1.558592996,1.558486125,1.558377383
EAJ_yst,2.445509465,2.445505506,2.445501335,2.445496952,2.445492358
EAJ_zcon,1,1,1,1,1
EAJ_zinv,1,1,1,1,1
EAJ_zn,1,1,1,1,1
EAJ_zt,1,1,1,1,1
EAJ_gammav1,0.028706106,0.028706106,0.028706106,0.028706106,0.028706106
EAJ_gammav2,0.150338345,0.150338345,0.150338345,0.150338345,0.150338345
EAJ_nutc,0.331819599,0.331778088,0.331735854,0.331692906,0.331649253
EAJ_nuti,0.598443587,0.598363311,0.598281469,0.598198079,0.598113159
EAJ_nutcg,0.826671096,0.826624287,0.826576407,0.82652747,0.826477485
EAJ_nutig,0.809224089,0.809169563,0.809113963,0.8090573,0.808999586
EAJ_psit,0.047980635,0.047979275,0.047978577,0.047977867,0.047977145
EAJEAA_rerbar,1.107895018,1.119424227,1.130621672,1.141467541,1.151938251
EAJEAB_rerbar,0.97402295,0.975104197,0.976188152,0.977274742,0.978363894
EAJEAC_rerbar,0.953340274,0.953946936,0.954555487,0.955165887,0.955778094
EAJEAD_rerbar,1.056485746,1.056206947,1.055927687,1.055647978,1.055367813
EAJEAE_rerbar,0.794927284,0.795584229,0.796243327,0.796904528,0.797567785
EAJEAF_rerbar,0.92912664,0.929088001,0.929049629,0.92901152,0.928973675
EAJEAG_rerbar,0.800659536,0.800499258,0.80033877,0.800178077,0.800017224
EAJEAH_rerbar,0.98079715,0.980978659,0.981162152,0.981347601,0.981534978
EAJEAI_rerbar,0.984614761,0.984875167,0.985136621,0.985399097,0.985662571
EAJEAK_rerbar,0.993622794,0.993378306,0.993133236,0.992887595,0.992641379
EAJEAL_rerbar,0.997055971,0.997356148,0.997657293,0.997959384,0.998262397
EAJRW_rerbar,0.672596727,0.672358025,0.672129125,0.671910106,0.671701045
EAJUS_rerbar,0.656831879,0.655469172,0.654107079,0.652745614,0.651384797
EAJ_pibar,0.930101054,0.930093576,0.930086129,0.930078713,0.93007133
EAJ_psinbar,0.436464291,0.436435433,0.436406039,0.436376115,0.436345667
EAJ_psitbar,0.117335449,0.117333582,0.117331675,0.117329728,0.117327743
EAJ_pybar,1.036895599,1.036810525,1.036723992,1.036636017,1.036546617
EAJ_qbar,0.930101054,0.930093576,0.930086129,0.930078713,0.93007133
EAJ_trybar,0.073555955,0.073555955,0.073555955,0.073555955,0.073555955
EAJ_ybar,4.004310505,4.004203481,4.004094331,4.003983076,4.003869741
EAJ_ynbar,1.558801041,1.558697975,1.558592996,1.558486125,1.558377383
EAJ_ytbar,2.445509465,2.445505506,2.445501335,2.445496952,2.445492358
EAKEAA_excy,0.00232779,0.002378204,0.002428597,0.00247897,0.002529323
EAKEAB_excy,0.001406416,0.00140794,0.001409463,0.001410986,0.001412507
EAKEAC_excy,0.003057013,0.003059381,0.003061748,0.003064113,0.003066478
EAKEAD_excy,0.035096095,0.035095364,0.035094633,0.035093902,0.035093172
EAKEAE_excy,0.000641145,0.000641646,0.000642147,0.000642648,0.000643148
EAKEAF_excy,0.022142458,0.022144789,0.022147119,0.022149448,0.022151776
EAKEAG_excy,0.00052052,0.000520536,0.000520553,0.00052057,0.000520587
EAKEAH_excy,0.00208979,0.002090583,0.002091376,0.002092168,0.00209296
EAKEAI_excy,0.006780804,0.006782765,0.006784725,0.006786684,0.006788643
EAKEAJ_excy,0.00362267,0.003623688,0.003624705,0.003625722,0.003626739
EAKEAL_excy,0.015015896,0.015022222,0.015028545,0.015034866,0.015041184
EAKRW_excy,0.059754638,0.059742765,0.059730896,0.059719032,0.059707173
EAKUS_excy,0.020020041,0.019976567,0.01993311,0.019889671,0.019846249
EAKEAA_exiy,0.000387551,0.000395944,0.000404334,0.000412721,0.000421104
EAKEAB_exiy,0.0006472,0.000647902,0.000648602,0.000649303,0.000650003
EAKEAC_exiy,0.001332323,0.001333355,0.001334386,0.001335417,0.001336448
EAKEAD_exiy,0.010651914,0.010651692,0.010651471,0.010651249,0.010651027
EAKEAE_exiy,0.000209903,0.000210067,0.000210231,0.000210395,0.000210559
EAKEAF_exiy,0.006005672,0.006006304,0.006006936,0.006007567,0.006008199
EAKEAG_exiy,7.26E-05,7.26E-05,7.26E-05,7.26E-05,7.26E-05
EAKEAH_exiy,0.000533466,0.000533669,0.000533871,0.000534074,0.000534276
EAKEAI_exiy,0.001645475,0.001645951,0.001646427,0.001646902,0.001647377
EAKEAJ_exiy,0.000829146,0.000829379,0.000829612,0.000829844,0.000830077
EAKEAL_exiy,0.005204185,0.005206377,0.005208569,0.005210759,0.005212949
EAKRW_exiy,0.032011413,0.032005052,0.031998694,0.031992339,0.031985986
EAKUS_exiy,0.007994114,0.007976754,0.007959402,0.007942056,0.007924717
EAK_fx,3.374061898,3.373577384,3.373089231,3.372597479,3.372102152
EAKEAA_gammaimc,0,0,0,0,0
EAKEAB_gammaimc,0,0,0,0,0
EAKEAC_gammaimc,0,0,0,0,0
EAKEAD_gammaimc,0,0,0,0,0
EAKEAE_gammaimc,0,0,0,0,0
EAKEAF_gammaimc,0,0,0,0,0
EAKEAG_gammaimc,0,0,0,0,0
EAKEAH_gammaimc,0,0,0,0,0
EAKEAI_gammaimc,0,0,0,0,0
EAKEAJ_gammaimc,0,0,0,0,0
EAKEAL_gammaimc,0,0,0,0,0
EAKRW_gammaimc,0,0,0,0,0
EAKUS_gammaimc,0,0,0,0,0
EAKEAA_gammaimcdag,1,1,1,1,1
EAKEAB_gammaimcdag,1,1,1,1,1
EAKEAC_gammaimcdag,1,1,1,1,1
EAKEAD_gammaimcdag,1,1,1,1,1
EAKEAE_gammaimcdag,1,1,1,1,1
EAKEAF_gammaimcdag,1,1,1,1,1
EAKEAG_gammaimcdag,1,1,1,1,1
EAKEAH_gammaimcdag,1,1,1,1,1
EAKEAI_gammaimcdag,1,1,1,1,1
EAKEAJ_gammaimcdag,1,1,1,1,1
EAKEAL_gammaimcdag,1,1,1,1,1
EAKRW_gammaimcdag,1,1,1,1,1
EAKUS_gammaimcdag,1,1,1,1,1
EAKEAA_gammaimi,0,0,0,0,0
EAKEAB_gammaimi,0,0,0,0,0
EAKEAC_gammaimi,0,0,0,0,0
EAKEAD_gammaimi,0,0,0,0,0
EAKEAE_gammaimi,0,0,0,0,0
EAKEAF_gammaimi,0,0,0,0,0
EAKEAG_gammaimi,0,0,0,0,0
EAKEAH_gammaimi,0,0,0,0,0
EAKEAI_gammaimi,0,0,0,0,0
EAKEAJ_gammaimi,0,0,0,0,0
EAKEAL_gammaimi,0,0,0,0,0
EAKRW_gammaimi,0,0,0,0,0
EAKUS_gammaimi,0,0,0,0,0
EAKEAA_gammaimidag,1,1,1,1,1
EAKEAB_gammaimidag,1,1,1,1,1
EAKEAC_gammaimidag,1,1,1,1,1
EAKEAD_gammaimidag,1,1,1,1,1
EAKEAE_gammaimidag,1,1,1,1,1
EAKEAF_gammaimidag,1,1,1,1,1
EAKEAG_gammaimidag,1,1,1,1,1
EAKEAH_gammaimidag,1,1,1,1,1
EAKEAI_gammaimidag,1,1,1,1,1
EAKEAJ_gammaimidag,1,1,1,1,1
EAKEAL_gammaimidag,1,1,1,1,1
EAKRW_gammaimidag,1,1,1,1,1
EAKUS_gammaimidag,1,1,1,1,1
EAKEAA_gammaimcg,0,0,0,0,0
EAKEAB_gammaimcg,0,0,0,0,0
EAKEAC_gammaimcg,0,0,0,0,0
EAKEAD_gammaimcg,0,0,0,0,0
EAKEAE_gammaimcg,0,0,0,0,0
EAKEAF_gammaimcg,0,0,0,0,0
EAKEAG_gammaimcg,0,0,0,0,0
EAKEAH_gammaimcg,0,0,0,0,0
EAKEAI_gammaimcg,0,0,0,0,0
EAKEAJ_gammaimcg,0,0,0,0,0
EAKEAL_gammaimcg,0,0,0,0,0
EAKRW_gammaimcg,0,0,0,0,0
EAKUS_gammaimcg,0,0,0,0,0
EAKEAA_gammaimcgdag,1,1,1,1,1
EAKEAB_gammaimcgdag,1,1,1,1,1
EAKEAC_gammaimcgdag,1,1,1,1,1
EAKEAD_gammaimcgdag,1,1,1,1,1
EAKEAE_gammaimcgdag,1,1,1,1,1
EAKEAF_gammaimcgdag,1,1,1,1,1
EAKEAG_gammaimcgdag,1,1,1,1,1
EAKEAH_gammaimcgdag,1,1,1,1,1
EAKEAI_gammaimcgdag,1,1,1,1,1
EAKEAJ_gammaimcgdag,1,1,1,1,1
EAKEAL_gammaimcgdag,1,1,1,1,1
EAKRW_gammaimcgdag,1,1,1,1,1
EAKUS_gammaimcgdag,1,1,1,1,1
EAKEAA_gammaimig,0,0,0,0,0
EAKEAB_gammaimig,0,0,0,0,0
EAKEAC_gammaimig,0,0,0,0,0
EAKEAD_gammaimig,0,0,0,0,0
EAKEAE_gammaimig,0,0,0,0,0
EAKEAF_gammaimig,0,0,0,0,0
EAKEAG_gammaimig,0,0,0,0,0
EAKEAH_gammaimig,0,0,0,0,0
EAKEAI_gammaimig,0,0,0,0,0
EAKEAJ_gammaimig,0,0,0,0,0
EAKEAL_gammaimig,0,0,0,0,0
EAKRW_gammaimig,0,0,0,0,0
EAKUS_gammaimig,0,0,0,0,0
EAKEAA_gammaimigdag,1,1,1,1,1
EAKEAB_gammaimigdag,1,1,1,1,1
EAKEAC_gammaimigdag,1,1,1,1,1
EAKEAD_gammaimigdag,1,1,1,1,1
EAKEAE_gammaimigdag,1,1,1,1,1
EAKEAF_gammaimigdag,1,1,1,1,1
EAKEAG_gammaimigdag,1,1,1,1,1
EAKEAH_gammaimigdag,1,1,1,1,1
EAKEAI_gammaimigdag,1,1,1,1,1
EAKEAJ_gammaimigdag,1,1,1,1,1
EAKEAL_gammaimigdag,1,1,1,1,1
EAKRW_gammaimigdag,1,1,1,1,1
EAKUS_gammaimigdag,1,1,1,1,1
EAK_gx,4.048874277,4.048292861,4.047707077,4.047116974,4.046522582
EAKEAA_im,0.008351145,0.008194712,0.008044216,0.007899318,0.007759706
EAKEAB_im,0.006300184,0.006292639,0.006285103,0.006277575,0.006270056
EAKEAC_im,0.025004224,0.02498378,0.024963343,0.024942911,0.024922486
EAKEAD_im,0.316938897,0.316928708,0.316918391,0.316907948,0.31689738
EAKEAE_im,0.003354658,0.003351575,0.003348492,0.00334541,0.003342328
EAKEAF_im,0.101223201,0.101205063,0.101186869,0.101168621,0.101150316
EAKEAG_im,0.002662496,0.002662312,0.002662128,0.002661942,0.002661756
EAKEAH_im,0.021483029,0.021475592,0.021468131,0.021460647,0.021453138
EAKEAI_im,0.056970785,0.056949496,0.056928185,0.056906852,0.056885498
EAKEAJ_im,0.038099126,0.038087274,0.03807541,0.038063535,0.038051649
EAKEAL_im,0.119550717,0.119490626,0.119430497,0.119370332,0.119310129
EAKRW_im,0.527648818,0.527755372,0.52786175,0.527967955,0.528073975
EAKUS_im,0.045309971,0.045401297,0.045492945,0.045584918,0.045677217
EAKEAA_imc,0.005736844,0.005629383,0.005525999,0.005426461,0.005330554
EAKEAB_imc,0.003689922,0.003685503,0.003681089,0.00367668,0.003672276
EAKEAC_imc,0.01620545,0.0161922,0.016178954,0.016165713,0.016152475
EAKEAD_imc,0.227323879,0.227316571,0.227309172,0.227301681,0.227294102
EAKEAE_imc,0.001750256,0.001748648,0.00174704,0.001745431,0.001743824
EAKEAF_imc,0.070516948,0.070504312,0.070491637,0.070478924,0.070466173
EAKEAG_imc,0.00203995,0.002039809,0.002039668,0.002039526,0.002039383
EAKEAH_imc,0.012238283,0.012234046,0.012229796,0.012225532,0.012221255
EAKEAI_imc,0.035325712,0.035312511,0.035299297,0.035286069,0.035272828
EAKEAJ_imc,0.025922657,0.025914592,0.02590652,0.025898441,0.025890353
EAKEAL_imc,0.074582892,0.074545403,0.074507891,0.074470356,0.074432798
EAKRW_imc,0.387955594,0.388033938,0.388112153,0.38819024,0.388268192
EAKUS_imc,0.030879965,0.030942206,0.031004667,0.031067349,0.031130254
EAKEAI_imcy,0.008312,0.008312,0.008312,0.008312,0.008312
EAKEAA_imi,0.001624387,0.00159396,0.001564686,0.001536502,0.001509346
EAKEAB_imi,0.001868809,0.001866571,0.001864335,0.001862102,0.001859872
EAKEAC_imi,0.00479203,0.004788112,0.004784195,0.00478028,0.004776365
EAKEAD_imi,0.061865891,0.061863902,0.061861888,0.06185985,0.061857787
EAKEAE_imi,0.001228545,0.001227416,0.001226287,0.001225159,0.00122403
EAKEAF_imi,0.020320855,0.020317214,0.020313561,0.020309898,0.020306223
EAKEAG_imi,0.000339065,0.000339042,0.000339018,0.000338995,0.000338971
EAKEAH_imi,0.004486113,0.00448456,0.004483002,0.004481439,0.004479871
EAKEAI_imi,0.015746122,0.015740237,0.015734347,0.015728451,0.015722549
EAKEAJ_imi,0.008160911,0.008158373,0.008155831,0.008153288,0.008150742
EAKEAL_imi,0.032795898,0.032779413,0.032762918,0.032746413,0.032729898
EAKRW_imi,0.083613148,0.083630033,0.08364689,0.08366372,0.08368052
EAKUS_imi,0.009438805,0.00945783,0.009476922,0.009496081,0.009515309
EAKEAI_imiy,0.003705,0.003705,0.003705,0.003705,0.003705
EAKEAA_imcg,0.000810533,0.00079535,0.000780743,0.00076668,0.00075313
EAKEAB_imcg,0.000533326,0.000532687,0.000532049,0.000531412,0.000530776
EAKEAC_imcg,0.003475783,0.003472942,0.003470101,0.003467261,0.003464421
EAKEAD_imcg,0.020874709,0.020874038,0.020873358,0.020872671,0.020871975
EAKEAE_imcg,0.000241221,0.000241,0.000240778,0.000240556,0.000240335
EAKEAF_imcg,0.008126505,0.008125049,0.008123589,0.008122124,0.008120654
EAKEAG_imcg,0.000244572,0.000244555,0.000244538,0.000244521,0.000244504
EAKEAH_imcg,0.004259711,0.004258236,0.004256757,0.004255273,0.004253784
EAKEAI_imcg,0.004152216,0.004150664,0.004149111,0.004147556,0.004146
EAKEAJ_imcg,0.003106987,0.003106021,0.003105053,0.003104085,0.003103115
EAKEAL_imcg,0.00852611,0.008521825,0.008517537,0.008513246,0.008508952
EAKRW_imcg,0.046791738,0.046801187,0.046810621,0.046820039,0.046829441
EAKUS_imcg,0.003941072,0.003949015,0.003956987,0.003964987,0.003973015
EAKEAI_imcgy,0.000977,0.000977,0.000977,0.000977,0.000977
EAKEAA_imig,0.00017938,0.00017602,0.000172787,0.000169675,0.000166676
EAKEAB_imig,0.000208127,0.000207878,0.000207629,0.00020738,0.000207132
EAKEAC_imig,0.00053096,0.000530526,0.000530092,0.000529659,0.000529225
EAKEAD_imig,0.006874418,0.006874197,0.006873973,0.006873746,0.006873517
EAKEAE_imig,0.000134635,0.000134511,0.000134388,0.000134264,0.00013414
EAKEAF_imig,0.002258893,0.002258488,0.002258082,0.002257675,0.002257267
EAKEAG_imig,3.89E-05,3.89E-05,3.89E-05,3.89E-05,3.89E-05
EAKEAH_imig,0.000498923,0.00049875,0.000498577,0.000498403,0.000498229
EAKEAI_imig,0.001746736,0.001746083,0.00174543,0.001744776,0.001744121
EAKEAJ_imig,0.000908571,0.000908288,0.000908005,0.000907722,0.000907438
EAKEAL_imig,0.003645817,0.003643985,0.003642151,0.003640316,0.003638481
EAKRW_imig,0.009288338,0.009290214,0.009292086,0.009293956,0.009295822
EAKUS_imig,0.001050129,0.001052245,0.00105437,0.001056501,0.00105864
EAKEAI_imigy,0.000411,0.000411,0.000411,0.000411,0.000411
EAK_piex,1.004962932,1.004962932,1.004962932,1.004962932,1.004962932
EAK_pextilde,0.901819296,0.901725086,0.901630142,0.90153447,0.901438078
EAKEAA_rer,1.115005639,1.126886122,1.138439064,1.149644277,1.160477767
EAKEAB_rer,0.980274361,0.981604078,0.982937753,0.984275307,0.985616674
EAKEAC_rer,0.959458941,0.960305786,0.961155515,0.962008078,0.962863441
EAKEAD_rer,1.063266415,1.063247446,1.063228627,1.063209958,1.063191436
EAKEAE_rer,0.800029235,0.80088746,0.801748747,0.802613037,0.803480292
EAKEAF_rer,0.935089901,0.935281146,0.935473303,0.935666358,0.935860317
EAKEAG_rer,0.805798278,0.805835253,0.805872507,0.805910035,0.805947889
EAKEAH_rer,0.987092039,0.987517698,0.987946145,0.988377341,0.988811265
EAKEAI_rer,0.990934153,0.99144018,0.991948094,0.992457859,0.992969457
EAKEAJ_rer,1.006418136,1.006665833,1.006914242,1.007163354,1.007413172
EAKEAL_rer,1.003455212,1.004004357,1.004555337,1.00510812,1.005662688
EAKRW_rer,0.676913544,0.676839851,0.676776389,0.676723236,0.67668048
EAKUS_rer,0.661047515,0.65983842,0.658629733,0.657421462,0.656213624
EAK_sx,1,1,1,1,1
EAKEAA_tot,1.287628428,1.312157173,1.33665312,1.36111744,1.385551257
EAKEAB_tot,0.986469569,0.987613635,0.988758872,0.989905255,0.991052776
EAKEAC_tot,0.958641077,0.959387953,0.960135566,0.960883903,0.961632967
EAKEAD_tot,1.105663041,1.105655313,1.105647729,1.105640287,1.105632985
EAKEAE_tot,0.762472577,0.763144054,0.763816493,0.764489874,0.765164199
EAKEAF_tot,0.931624105,0.931754606,0.931885411,0.932016513,0.932147933
EAKEAG_tot,0.769516265,0.769539292,0.769562317,0.769585338,0.769608431
EAKEAH_tot,1.020199005,1.02051235,1.020826776,1.021142271,1.021458845
EAKEAI_tot,1.006435377,1.006772207,1.007109402,1.007446953,1.007784872
EAKEAJ_tot,1.054534012,1.054820887,1.055107967,1.055395248,1.055682746
EAKEAL_tot,1.039465501,1.039947538,1.040430109,1.040913206,1.041396831
EAKRW_tot,0.708715431,0.70854461,0.7083739,0.708203302,0.708032829
EAKUS_tot,0.692432773,0.691012887,0.689593618,0.688174967,0.686756948
EAKEAA_weight,0.01040289,0.010511263,0.010619592,0.010727879,0.010836122
EAKEAB_weight,0.006959903,0.006964609,0.006969312,0.006974014,0.006978713
EAKEAC_weight,0.019378227,0.019385003,0.019391776,0.019398547,0.019405315
EAKEAD_weight,0.234767746,0.234766602,0.234765458,0.234764315,0.234763172
EAKEAE_weight,0.002948403,0.002949927,0.002951451,0.002952974,0.002954497
EAKEAF_weight,0.093416206,0.093422707,0.093429204,0.093435697,0.093442189
EAKEAG_weight,0.002167789,0.002167912,0.002168035,0.002168157,0.00216828
EAKEAH_weight,0.014901079,0.0149031,0.014905121,0.014907141,0.01490916
EAKEAI_weight,0.043148339,0.043154181,0.04316002,0.043165857,0.043171692
EAKEAJ_weight,0.02744002,0.027443098,0.027446176,0.027449252,0.027452327
EAKEAL_weight,0.09531419,0.095332558,0.095350919,0.095369271,0.095387617
EAKRW_weight,0.371988272,0.371962256,0.371936251,0.371910259,0.371884275
EAKUS_weight,0.077166935,0.077036784,0.076906685,0.076776636,0.07664664
EAKEAA_weightex,0.011360742,0.01157674,0.011792652,0.012008479,0.01222422
EAKEAB_weightex,0.008454389,0.008463767,0.008473142,0.008482513,0.00849188
EAKEAC_weightex,0.01772863,0.017742135,0.017755635,0.01776913,0.017782619
EAKEAD_weightex,0.162456303,0.162454023,0.162451744,0.162449466,0.162447188
EAKEAE_weightex,0.003646867,0.003649906,0.003652943,0.003655978,0.003659013
EAKEAF_weightex,0.103987288,0.104000244,0.104013193,0.104026136,0.104039075
EAKEAG_weightex,0.002534707,0.002534952,0.002535196,0.002535441,0.002535685
EAKEAH_weightex,0.010594853,0.010598882,0.01060291,0.010606936,0.01061096
EAKEAI_weightex,0.036019348,0.036030991,0.03604263,0.036054263,0.036065892
EAKEAJ_weightex,0.01966954,0.019675676,0.01968181,0.019687942,0.019694071
EAKEAL_weightex,0.081648642,0.081685251,0.081721846,0.081758425,0.08179499
EAKRW_weightex,0.415444955,0.415393101,0.415341271,0.415289465,0.415237676
EAKUS_weightex,0.126453735,0.126194331,0.125935028,0.125675828,0.125416732
EAKEAA_weightim,0.00943839,0.00943839,0.00943839,0.00943839,0.00943839
EAKEAB_weightim,0.005455044,0.005455044,0.005455044,0.005455044,0.005455044
EAKEAC_weightim,0.021039274,0.021039274,0.021039274,0.021039274,0.021039274
EAKEAD_weightim,0.307581122,0.307581122,0.307581122,0.307581122,0.307581122
EAKEAE_weightim,0.00224509,0.00224509,0.00224509,0.00224509,0.00224509
EAKEAF_weightim,0.082771748,0.082771748,0.082771748,0.082771748,0.082771748
EAKEAG_weightim,0.001798325,0.001798325,0.001798325,0.001798325,0.001798325
EAKEAH_weightim,0.019237195,0.019237195,0.019237195,0.019237195,0.019237195
EAKEAI_weightim,0.050326815,0.050326815,0.050326815,0.050326815,0.050326815
EAKEAJ_weightim,0.035264436,0.035264436,0.035264436,0.035264436,0.035264436
EAKEAL_weightim,0.109074595,0.109074595,0.109074595,0.109074595,0.109074595
EAKRW_weightim,0.328229945,0.328229945,0.328229945,0.328229945,0.328229945
EAKUS_weightim,0.027538022,0.027538022,0.027538022,0.027538022,0.027538022
EAK_b,9.257677499,9.256348104,9.255008718,9.253659459,9.252300392
EAK_bf,-0.879628781,-0.881114077,-0.882603326,-0.884096549,-0.885593748
EAK_by,2.4,2.4,2.4,2.4,2.4
EAK_c,2.152775506,2.152466369,2.152154909,2.151841153,2.151525116
EAK_ci,2.511185623,2.510825018,2.510461704,2.510095711,2.509727059
EAK_cj,1.077545156,1.077390421,1.077234524,1.077077477,1.076919289
EAK_cy,0.55809475,0.558094751,0.558094751,0.55809475,0.55809475
EAK_d,0.522846072,0.522770991,0.522695347,0.522619145,0.522542389
EAK_dn,0.24506563,0.245018784,0.244971587,0.244924043,0.244876155
EAK_dt,0.277780442,0.277752207,0.277723759,0.277695101,0.277666234
EAK_etot,0.875112245,0.875236768,0.875361815,0.875487417,0.875613613
EAK_ex,1.14720968,1.147164781,1.14711957,1.14707405,1.147028222
EAK_fh,11.06221242,11.061387,11.06055533,11.05971749,11.05887349
EAK_fi,13.46145196,13.43636322,13.41112956,13.38575409,13.36023901
EAK_fj,0.498572295,0.497643082,0.496708502,0.49576867,0.494823667
EAK_fn,12.83727351,12.8348196,12.83234729,12.82985679,12.82734824
EAK_cg,0.823177077,0.823112355,0.823047154,0.82298148,0.822915335
EAK_gammab,0,0,0,0,0
EAK_gammai,0,0,0,0,0
EAK_gammaider,0,0,0,0,0
EAK_gammau,0,0,0,0,0
EAK_gammauder,0.032417068,0.032417068,0.032417068,0.032417068,0.032417068
EAK_gammav,0.000217469,0.000217438,0.000217406,0.000217375,0.000217343
EAK_gammavi,0.000101018,0.000101018,0.000101018,0.000101018,0.000101018
EAK_gammavider,0.002165194,0.002165194,0.002165194,0.002165194,0.002165194
EAK_gammavj,0.000101018,0.000101018,0.000101018,0.000101018,0.000101018
EAK_gammavjder,0.002165194,0.002165194,0.002165194,0.002165194,0.002165194
EAK_gh,13.2746549,13.2736644,13.2726664,13.27166098,13.27064818
EAK_gi,5.015521731,5.013123786,5.010708629,5.008276487,5.005827505
EAK_gj,3.896172701,3.894309922,3.892433772,3.890544428,3.888642003
EAK_gn,19.25591027,19.2522294,19.24852093,19.24478518,19.24102236
EAK_cgy,0.2,0.2,0.2,0.2,0.2
EAK_ht,1.277293338,1.277331469,1.277369928,1.277408711,1.277447814
EAK_htc,0.197528267,0.197593354,0.197658954,0.197725061,0.19779167
EAK_hti,0.395930688,0.395925856,0.39592099,0.395916089,0.395911154
EAK_htcg,0.575340296,0.575321484,0.575302544,0.575283477,0.575264285
EAK_htig,0.108494087,0.108490776,0.108487441,0.108484084,0.108480704
EAK_i,0.816199873,0.816093399,0.815986194,0.815878265,0.815769617
EAK_ig,0.164303034,0.164288411,0.164273687,0.164258861,0.164243935
EAK_ii,1.088266497,1.088124532,1.087981592,1.087837686,1.087692822
EAK_im,1.213655191,1.213204952,1.212751507,1.212294897,1.211835149
EAK_imc,0.851342274,0.851040946,0.850737377,0.850431595,0.850123619
EAK_imi,0.235941671,0.235847609,0.235752955,0.235657717,0.235561899
EAK_imcg,0.100155979,0.100111535,0.100066784,0.10002173,0.099976374
EAK_imig,0.026215267,0.026204862,0.026194391,0.026183855,0.026173256
EAK_imy,0.266359,0.266359,0.266359,0.266359,0.266359
EAK_internalrer,1.318768454,1.318437359,1.318103753,1.31776767,1.317429129
EAK_igy,0.04,0.04,0.04,0.04,0.04
EAK_k,32.64799492,32.64373596,32.63944775,32.63513059,32.63078467
EAK_kd,32.64799492,32.64373596,32.63944775,32.63513059,32.63078467
EAK_kdn,13.9602418,13.95775678,13.95525427,13.9527345,13.95019755
EAK_kdt,18.68775312,18.68597918,18.68419347,18.6823961,18.68058712
EAK_ki,43.53065989,43.52498128,43.51926366,43.51350745,43.50771289
EAK_lambdai,1.117096211,1.117256648,1.117418337,1.117581266,1.117745427
EAK_lambdaj,2.603358132,2.603732025,2.604108838,2.604488538,2.604871111
EAK_lcy,0.6051186,0.6051186,0.6051186,0.6051186,0.6051186
EAK_m,0.904527523,0.904397634,0.904266768,0.904134938,0.90400215
EAK_mcn,0.75151608,0.751437572,0.751358451,0.751278725,0.751198398
EAK_mct,0.75151608,0.751437572,0.751358451,0.751278725,0.751198398
EAK_mi,1.055120009,1.054968495,1.054815842,1.054662064,1.054507167
EAK_mj,0.452750065,0.452685051,0.452619548,0.452553562,0.452487096
EAK_nd,1.88636516,1.88636516,1.88636516,1.88636516,1.88636516
EAK_ndi,0.862038175,0.862038175,0.862038175,0.862038175,0.862038175
EAK_ndj,1.124185365,1.124185364,1.124185364,1.124185365,1.124185365
EAK_ndn,0.806607384,0.806569019,0.806530358,0.806491403,0.806452156
EAK_ndt,1.079757777,1.079796141,1.079834802,1.079873758,1.079913005
EAK_ni,0.862038175,0.862038175,0.862038175,0.862038175,0.862038175
EAK_nj,1.124185365,1.124185364,1.124185364,1.124185365,1.124185365
EAK_nt,1.482249962,1.482121454,1.481992001,1.481861616,1.481730303
EAK_ntc,1.115297,1.115195096,1.115092435,1.114989026,1.114884873
EAK_nti,0.186846042,0.186830198,0.186814245,0.186798184,0.186782014
EAK_ntcg,0.150114368,0.150105529,0.150096626,0.15008766,0.15007863
EAK_ntig,0.029992552,0.02999063,0.029988695,0.029986747,0.029984786
EAK_pex,0.901819296,0.901725086,0.901630142,0.90153447,0.901438078
EAK_pht,0.901819296,0.901725086,0.901630142,0.90153447,0.901438078
EAK_phttilde,0.901819296,0.901725086,0.901630142,0.90153447,0.901438078
EAK_pi,0.945201231,0.945188802,0.945176196,0.945163417,0.945150465
EAK_pcg,0.937189757,0.937128859,0.937067484,0.93700564,0.936943328
EAK_pig,0.939085671,0.939034391,0.938982672,0.938930518,0.938877932
EAK_pic,1.004962932,1.004962932,1.004962932,1.004962932,1.004962932
EAK_pic4,1.02,1.02,1.02,1.02,1.02
EAK_piex4,1.02,1.02,1.02,1.02,1.02
EAK_piht,1.004962932,1.004962932,1.004962932,1.004962932,1.004962932
EAK_piimc,1.004962932,1.004962932,1.004962932,1.004962932,1.004962932
EAK_piimi,1.004962932,1.004962932,1.004962932,1.004962932,1.004962932
EAK_piimcg,1.004962932,1.004962932,1.004962932,1.004962932,1.004962932
EAK_piimig,1.004962932,1.004962932,1.004962932,1.004962932,1.004962932
EAK_piimc4,1.02,1.02,1.02,1.02,1.02
EAK_pim,0.84656998,0.846762543,0.846956574,0.847152058,0.847348985
EAK_pimc,0.842919176,0.843096543,0.843275347,0.843455573,0.843637212
EAK_pimi,0.863723999,0.863944393,0.864166202,0.86438941,0.864614007
EAK_pimcg,0.832702184,0.832952223,0.833204148,0.833457939,0.833713582
EAK_pimig,0.863723269,0.863942154,0.864162443,0.864384119,0.864607174
EAK_pint,1.004962932,1.004962932,1.004962932,1.004962932,1.004962932
EAK_piw,1.004962932,1.004962932,1.004962932,1.004962932,1.004962932
EAK_piw4,1.02,1.02,1.02,1.02,1.02
EAK_pnt,1.12727412,1.127156358,1.127037677,1.126918088,1.126797597
EAK_pnttilde,1.12727412,1.127156358,1.127037677,1.126918088,1.126797597
EAK_pttc,0.854793058,0.8549184,0.855044737,0.855172056,0.855300352
EAK_ptti,0.888071737,0.888090515,0.888109339,0.888128209,0.888147126
EAK_pttcg,0.892409161,0.892361074,0.89231261,0.892263775,0.892214572
EAK_pttig,0.894722069,0.894685731,0.894649061,0.894612064,0.894574741
EAK_py,0.987358465,0.987250866,0.987142428,0.987033162,0.986923073
EAK_q,0.945201231,0.945188802,0.945176196,0.945163417,0.945150465
EAK_qc,2.152992975,2.152683807,2.152372315,2.152058527,2.151742459
EAK_qi,0.816199873,0.816093399,0.815986194,0.815878265,0.815769617
EAK_qcg,0.823177077,0.823112355,0.823047154,0.82298148,0.822915335
EAK_qig,0.164303034,0.164288411,0.164273687,0.164258861,0.164243935
EAK_r,1.012417239,1.012417239,1.012417239,1.012417239,1.012417239
EAK_reer,0.843682039,0.843797246,0.843916217,0.844038813,0.844164873
EAK_rer,0.661047515,0.65983842,0.658629733,0.657421462,0.656213624
EAK_rerdep,1,1,1,1,1
EAK_rk,0.030640652,0.03064025,0.030639841,0.030639427,0.030639007
EAK_rp,0,0,0,0,0
EAK_rr,1.007417495,1.007417495,1.007417495,1.007417495,1.007417495
EAK_rrstar,1.007417068,1.007417068,1.007417068,1.007417068,1.007417068
EAK_sh,1,1,1,1,1
EAK_si,1,1,1,1,1
EAK_sj,1,1,1,1,1
EAK_snt,1,1,1,1,1
EAK_t,0,0,0,0,0
EAK_tauc,0.183,0.183,0.183,0.183,0.183
EAK_taud,0,0,0,0,0
EAK_tauk,0,0,0,0,0
EAK_taun,0.122,0.122,0.122,0.122,0.122
EAK_tauwf,0.219,0.219,0.219,0.219,0.219
EAK_tauwh,0.118,0.118,0.118,0.118,0.118
EAK_tb,0.007131775,0.007130751,0.007129719,0.00712868,0.007127633
EAK_tby,0.001848872,0.001848872,0.001848872,0.001848872,0.001848872
EAK_ti,0,0,0,0,0
EAK_tj,0,0,0,0,0
EAK_tot,0.692432773,0.691012887,0.689593618,0.688174967,0.686756948
EAK_tr,0.283732213,0.283691469,0.283650419,0.283609066,0.283567413
EAK_tri,0.189154807,0.189127644,0.189100277,0.189072709,0.18904494
EAK_trj,0.567464431,0.567382943,0.567300844,0.567218139,0.567134832
EAK_try,0.073555955,0.073555955,0.073555955,0.073555955,0.073555955
EAK_ttc,1.047911565,1.047684275,1.047455284,1.047224614,1.046992277
EAK_tti,0.631532785,0.631439573,0.631345724,0.631251243,0.631156135
EAK_ttcg,0.674862058,0.674805253,0.674748028,0.674690385,0.674632327
EAK_ttig,0.134661703,0.134648776,0.134635759,0.134622654,0.134609459
EAK_ty,0,0,0,0,0
EAK_u,1,1,1,1,1
EAK_utili,-67.47031287,-67.48981849,-67.50947355,-67.52927642,-67.54922611
EAK_utilj,-217.7080015,-217.7275071,-217.7471622,-217.7669651,-217.7869148
EAK_vj,2.38,2.38,2.38,2.38,2.38
EAK_w,1.015083658,1.014937893,1.014791032,1.014643089,1.01449407
EAK_wcst,0,0,0,0,0
EAK_whty,0.501286402,0.501285993,0.50128558,0.501285164,0.501284745
EAK_wi,1.138131622,1.137968187,1.137803524,1.137637647,1.137470564
EAK_witilde,1.138131622,1.137968187,1.137803524,1.137637647,1.137470564
EAK_wj,0.830561907,0.830442639,0.830322475,0.830201425,0.830079495
EAK_wjtilde,0.830561907,0.830442639,0.830322475,0.830201425,0.830079495
EAK_wnty,0.490019141,0.490019141,0.490019141,0.490019141,0.490019141
EAK_wy,0.496405743,0.496405743,0.496405743,0.496405743,0.496405743
EAK_y,3.906752979,3.906617704,3.9064815,3.906344377,3.906206339
EAK_ygap,0,0,0,0,0
EAK_ygrowth,1,1,1,1,1
EAK_ygrowth4,1,1,1,1,1
EAK_yhty,0.566828197,0.5668488,0.566869563,0.566890483,0.566911559
EAK_ynty,0.433171803,0.4331512,0.433130437,0.433109517,0.433088441
EAK_yshare,0.003278116,0.003279362,0.003280609,0.003281856,0.003283104
EAK_ysn,1.482249962,1.482121454,1.481992001,1.481861616,1.481730303
EAK_yst,2.424503017,2.42449625,2.424489498,2.424482761,2.424476036
EAK_zcon,1,1,1,1,1
EAK_zinv,1,1,1,1,1
EAK_zn,1,1,1,1,1
EAK_zt,1,1,1,1,1
EAK_gammav1,0.028706106,0.028706106,0.028706106,0.028706106,0.028706106
EAK_gammav2,0.150338345,0.150338345,0.150338345,0.150338345,0.150338345
EAK_nutc,0.21550183,0.215484296,0.215466601,0.215448743,0.215430724
EAK_nuti,0.651481293,0.651364925,0.651247764,0.651129819,0.651011096
EAK_nutcg,0.875182328,0.875116704,0.875050563,0.874983912,0.874916753
EAK_nutig,0.821751304,0.821673926,0.821596006,0.82151755,0.82143856
EAK_psit,0.047546767,0.0475445,0.047543638,0.047542769,0.047541894
EAKEAA_rerbar,1.115005639,1.126886122,1.138439064,1.149644277,1.160477767
EAKEAB_rerbar,0.980274361,0.981604078,0.982937753,0.984275307,0.985616674
EAKEAC_rerbar,0.959458941,0.960305786,0.961155515,0.962008078,0.962863441
EAKEAD_rerbar,1.063266415,1.063247446,1.063228627,1.063209958,1.063191436
EAKEAE_rerbar,0.800029235,0.80088746,0.801748747,0.802613037,0.803480292
EAKEAF_rerbar,0.935089901,0.935281146,0.935473303,0.935666358,0.935860317
EAKEAG_rerbar,0.805798278,0.805835253,0.805872507,0.805910035,0.805947889
EAKEAH_rerbar,0.987092039,0.987517698,0.987946145,0.988377341,0.988811265
EAKEAI_rerbar,0.990934153,0.99144018,0.991948094,0.992457859,0.992969457
EAKEAJ_rerbar,1.006418136,1.006665833,1.006914242,1.007163354,1.007413172
EAKEAL_rerbar,1.003455212,1.004004357,1.004555337,1.00510812,1.005662688
EAKRW_rerbar,0.676913544,0.676839851,0.676776389,0.676723236,0.67668048
EAKUS_rerbar,0.661047515,0.65983842,0.658629733,0.657421462,0.656213624
EAK_pibar,0.945201231,0.945188802,0.945176196,0.945163417,0.945150465
EAK_psinbar,0.415029989,0.414994007,0.41495776,0.414921252,0.414884485
EAK_psitbar,0.115273859,0.115271463,0.115269051,0.115266624,0.115264182
EAK_pybar,0.987358465,0.987250866,0.987142428,0.987033162,0.986923073
EAK_qbar,0.945201231,0.945188802,0.945176196,0.945163417,0.945150465
EAK_trybar,0.073555955,0.073555955,0.073555955,0.073555955,0.073555955
EAK_ybar,3.906752979,3.906617704,3.9064815,3.906344377,3.906206339
EAK_ynbar,1.482249962,1.482121454,1.481992001,1.481861616,1.481730303
EAK_ytbar,2.424503017,2.42449625,2.424489498,2.424482761,2.424476036
EALEAA_excy,0.003894819,0.003977494,0.004060066,0.004142537,0.004224905
EALEAB_excy,0.005611331,0.005615044,0.005618754,0.005622458,0.005626158
EALEAC_excy,0.003024533,0.003025601,0.003026668,0.003027733,0.003028796
EALEAD_excy,0.004658632,0.004656574,0.004654517,0.004652464,0.004650412
EALEAE_excy,0.000776985,0.000777264,0.000777544,0.000777823,0.000778102
EALEAF_excy,0.011805015,0.011801286,0.011797562,0.011793842,0.011790127
EALEAG_excy,0.000765228,0.00076493,0.000764633,0.000764336,0.00076404
EALEAH_excy,0.000881069,0.000881032,0.000880995,0.000880959,0.000880922
EALEAI_excy,0.008995339,0.008994151,0.008992965,0.00899178,0.008990597
EALEAJ_excy,0.005125704,0.005124985,0.005124267,0.00512355,0.005122834
EALEAK_excy,0.001093591,0.001093131,0.001092671,0.001092211,0.001091752
EALRW_excy,0.077922979,0.077874689,0.077826458,0.077778287,0.077730176
EALUS_excy,0.018899078,0.018850097,0.018801177,0.018752317,0.018703518
EALEAA_exiy,0.002443855,0.00249573,0.002547542,0.002599289,0.002650972
EALEAB_exiy,0.003608219,0.003610607,0.003612992,0.003615374,0.003617753
EALEAC_exiy,0.002053124,0.002053849,0.002054573,0.002055296,0.002056018
EALEAD_exiy,0.003250003,0.003248567,0.003247132,0.0032457,0.003244269
EALEAE_exiy,0.000530047,0.000530238,0.000530428,0.000530619,0.000530809
EALEAF_exiy,0.006302237,0.006300246,0.006298257,0.006296272,0.006294288
EALEAG_exiy,0.000188035,0.000187961,0.000187888,0.000187815,0.000187743
EALEAH_exiy,0.001015045,0.001015003,0.00101496,0.001014918,0.001014876
EALEAI_exiy,0.004033447,0.004032914,0.004032382,0.004031851,0.004031321
EALEAJ_exiy,0.002626205,0.002625836,0.002625468,0.002625101,0.002624734
EALEAK_exiy,0.000480878,0.000480676,0.000480474,0.000480272,0.00048007
EALRW_exiy,0.030141235,0.030122556,0.0301039,0.030085267,0.030066657
EALUS_exiy,0.0075244,0.007504899,0.007485422,0.007465969,0.00744654
EAL_fx,3.08102858,3.080198306,3.079359084,3.078511062,3.077654381
EALEAA_gammaimc,0,0,0,0,0
EALEAB_gammaimc,0,0,0,0,0
EALEAC_gammaimc,0,0,0,0,0
EALEAD_gammaimc,0,0,0,0,0
EALEAE_gammaimc,0,0,0,0,0
EALEAF_gammaimc,0,0,0,0,0
EALEAG_gammaimc,0,0,0,0,0
EALEAH_gammaimc,0,0,0,0,0
EALEAI_gammaimc,0,0,0,0,0
EALEAJ_gammaimc,0,0,0,0,0
EALEAK_gammaimc,0,0,0,0,0
EALRW_gammaimc,0,0,0,0,0
EALUS_gammaimc,0,0,0,0,0
EALEAA_gammaimcdag,1,1,1,1,1
EALEAB_gammaimcdag,1,1,1,1,1
EALEAC_gammaimcdag,1,1,1,1,1
EALEAD_gammaimcdag,1,1,1,1,1
EALEAE_gammaimcdag,1,1,1,1,1
EALEAF_gammaimcdag,1,1,1,1,1
EALEAG_gammaimcdag,1,1,1,1,1
EALEAH_gammaimcdag,1,1,1,1,1
EALEAI_gammaimcdag,1,1,1,1,1
EALEAJ_gammaimcdag,1,1,1,1,1
EALEAK_gammaimcdag,1,1,1,1,1
EALRW_gammaimcdag,1,1,1,1,1
EALUS_gammaimcdag,1,1,1,1,1
EALEAA_gammaimi,0,0,0,0,0
EALEAB_gammaimi,0,0,0,0,0
EALEAC_gammaimi,0,0,0,0,0
EALEAD_gammaimi,0,0,0,0,0
EALEAE_gammaimi,0,0,0,0,0
EALEAF_gammaimi,0,0,0,0,0
EALEAG_gammaimi,0,0,0,0,0
EALEAH_gammaimi,0,0,0,0,0
EALEAI_gammaimi,0,0,0,0,0
EALEAJ_gammaimi,0,0,0,0,0
EALEAK_gammaimi,0,0,0,0,0
EALRW_gammaimi,0,0,0,0,0
EALUS_gammaimi,0,0,0,0,0
EALEAA_gammaimidag,1,1,1,1,1
EALEAB_gammaimidag,1,1,1,1,1
EALEAC_gammaimidag,1,1,1,1,1
EALEAD_gammaimidag,1,1,1,1,1
EALEAE_gammaimidag,1,1,1,1,1
EALEAF_gammaimidag,1,1,1,1,1
EALEAG_gammaimidag,1,1,1,1,1
EALEAH_gammaimidag,1,1,1,1,1
EALEAI_gammaimidag,1,1,1,1,1
EALEAJ_gammaimidag,1,1,1,1,1
EALEAK_gammaimidag,1,1,1,1,1
EALRW_gammaimidag,1,1,1,1,1
EALUS_gammaimidag,1,1,1,1,1
EALEAA_gammaimcg,0,0,0,0,0
EALEAB_gammaimcg,0,0,0,0,0
EALEAC_gammaimcg,0,0,0,0,0
EALEAD_gammaimcg,0,0,0,0,0
EALEAE_gammaimcg,0,0,0,0,0
EALEAF_gammaimcg,0,0,0,0,0
EALEAG_gammaimcg,0,0,0,0,0
EALEAH_gammaimcg,0,0,0,0,0
EALEAI_gammaimcg,0,0,0,0,0
EALEAJ_gammaimcg,0,0,0,0,0
EALEAK_gammaimcg,0,0,0,0,0
EALRW_gammaimcg,0,0,0,0,0
EALUS_gammaimcg,0,0,0,0,0
EALEAA_gammaimcgdag,1,1,1,1,1
EALEAB_gammaimcgdag,1,1,1,1,1
EALEAC_gammaimcgdag,1,1,1,1,1
EALEAD_gammaimcgdag,1,1,1,1,1
EALEAE_gammaimcgdag,1,1,1,1,1
EALEAF_gammaimcgdag,1,1,1,1,1
EALEAG_gammaimcgdag,1,1,1,1,1
EALEAH_gammaimcgdag,1,1,1,1,1
EALEAI_gammaimcgdag,1,1,1,1,1
EALEAJ_gammaimcgdag,1,1,1,1,1
EALEAK_gammaimcgdag,1,1,1,1,1
EALRW_gammaimcgdag,1,1,1,1,1
EALUS_gammaimcgdag,1,1,1,1,1
EALEAA_gammaimig,0,0,0,0,0
EALEAB_gammaimig,0,0,0,0,0
EALEAC_gammaimig,0,0,0,0,0
EALEAD_gammaimig,0,0,0,0,0
EALEAE_gammaimig,0,0,0,0,0
EALEAF_gammaimig,0,0,0,0,0
EALEAG_gammaimig,0,0,0,0,0
EALEAH_gammaimig,0,0,0,0,0
EALEAI_gammaimig,0,0,0,0,0
EALEAJ_gammaimig,0,0,0,0,0
EALEAK_gammaimig,0,0,0,0,0
EALRW_gammaimig,0,0,0,0,0
EALUS_gammaimig,0,0,0,0,0
EALEAA_gammaimigdag,1,1,1,1,1
EALEAB_gammaimigdag,1,1,1,1,1
EALEAC_gammaimigdag,1,1,1,1,1
EALEAD_gammaimigdag,1,1,1,1,1
EALEAE_gammaimigdag,1,1,1,1,1
EALEAF_gammaimigdag,1,1,1,1,1
EALEAG_gammaimigdag,1,1,1,1,1
EALEAH_gammaimigdag,1,1,1,1,1
EALEAI_gammaimigdag,1,1,1,1,1
EALEAJ_gammaimigdag,1,1,1,1,1
EALEAK_gammaimigdag,1,1,1,1,1
EALRW_gammaimigdag,1,1,1,1,1
EALUS_gammaimigdag,1,1,1,1,1
EAL_gx,3.697234296,3.696237967,3.695230901,3.694213275,3.693185257
EALEAA_im,0.028471743,0.027950184,0.027448428,0.026965345,0.026499892
EALEAB_im,0.049291702,0.049253416,0.049215136,0.049176865,0.049138604
EALEAC_im,0.032423161,0.0324103,0.032397418,0.032384517,0.032371597
EALEAD_im,0.030835331,0.030847329,0.03085931,0.030871271,0.030883215
EALEAE_im,0.008944063,0.008939608,0.008935145,0.008930675,0.008926198
EALEAF_im,0.072977638,0.0729953,0.073012898,0.073030433,0.073047905
EALEAG_im,0.006149398,0.006151564,0.006153726,0.006155886,0.006158042
EALEAH_im,0.025650858,0.025652781,0.025654664,0.025656506,0.025658308
EALEAI_im,0.051170923,0.051173351,0.051175733,0.051178072,0.051180367
EALEAJ_im,0.063101997,0.063108942,0.063115841,0.063122694,0.063129502
EALEAK_im,0.006072435,0.006074756,0.006077073,0.006079388,0.0060817
EALRW_im,0.870004157,0.870546442,0.871088434,0.871630134,0.872171539
EALUS_im,0.110697161,0.110967009,0.111237815,0.111509584,0.111782322
EALEAA_imc,0.018262569,0.017928027,0.017606186,0.017296323,0.016997769
EALEAB_imc,0.030080883,0.030057518,0.030034158,0.030010803,0.029987453
EALEAC_imc,0.021176141,0.021167741,0.021159328,0.021150902,0.021142463
EALEAD_imc,0.020969172,0.020977331,0.020985478,0.020993613,0.021001735
EALEAE_imc,0.004970904,0.004968428,0.004965947,0.004963463,0.004960975
EALEAF_imc,0.044042252,0.044052911,0.044063532,0.044074114,0.044084659
EALEAG_imc,0.005154902,0.005156717,0.00515853,0.005160341,0.005162148
EALEAH_imc,0.012729999,0.012730953,0.012731887,0.012732801,0.012733696
EALEAI_imc,0.032296218,0.03229775,0.032299254,0.03230073,0.032302179
EALEAJ_imc,0.046213249,0.046218335,0.046223388,0.046228407,0.046233392
EALEAK_imc,0.00410263,0.004104197,0.004105763,0.004107327,0.004108889
EALRW_imc,0.554890176,0.555236046,0.55558173,0.555927227,0.556272536
EALUS_imc,0.064481244,0.06463843,0.064796175,0.064954481,0.065113351
EALEAJ_imcy,0.010762,0.010762,0.010762,0.010762,0.010762
EALEAA_imi,0.007283224,0.007149806,0.007021454,0.006897879,0.006778814
EALEAB_imi,0.014060391,0.01404947,0.014038551,0.014027634,0.01401672
EALEAC_imi,0.007543675,0.007540683,0.007537686,0.007534684,0.007531678
EALEAD_imi,0.006970611,0.006973324,0.006976032,0.006978736,0.006981436
EALEAE_imi,0.002868514,0.002867085,0.002865654,0.002864221,0.002862785
EALEAF_imi,0.02060911,0.020614098,0.020619068,0.02062402,0.020628954
EALEAG_imi,0.000570805,0.000571006,0.000571207,0.000571408,0.000571608
EALEAH_imi,0.007425833,0.007426389,0.007426934,0.007427467,0.007427989
EALEAI_imi,0.013929937,0.013930598,0.013931247,0.013931884,0.013932508
EALEAJ_imi,0.010567813,0.010568976,0.010570132,0.010571279,0.010572419
EALEAK_imi,0.001421883,0.001422426,0.001422969,0.001423511,0.001424052
EALRW_imi,0.21757931,0.21771493,0.217850477,0.21798595,0.21812135
EALUS_imi,0.028486846,0.028556288,0.028625977,0.028695915,0.028766101
EALEAJ_imiy,0.002461,0.002461,0.002461,0.002461,0.002461
EALEAA_imcg,0.002117094,0.002078312,0.002041002,0.002005081,0.001970471
EALEAB_imcg,0.003589692,0.003586904,0.003584116,0.003581329,0.003578542
EALEAC_imcg,0.002867258,0.002866121,0.002864981,0.002863841,0.002862698
EALEAD_imcg,0.00212149,0.002122316,0.00212314,0.002123963,0.002124785
EALEAE_imcg,0.000783942,0.000783551,0.00078316,0.000782768,0.000782376
EALEAF_imcg,0.006036914,0.006038375,0.006039831,0.006041281,0.006042727
EALEAG_imcg,0.00035896,0.000359086,0.000359213,0.000359339,0.000359465
EALEAH_imcg,0.004669442,0.004669792,0.004670134,0.00467047,0.004670798
EALEAI_imcg,0.003396997,0.003397158,0.003397316,0.003397472,0.003397624
EALEAJ_imcg,0.005148642,0.005149209,0.005149772,0.005150331,0.005150886
EALEAK_imcg,0.000389433,0.000389582,0.00038973,0.000389879,0.000390027
EALRW_imcg,0.073357063,0.073402787,0.073448487,0.073494162,0.073539812
EALUS_imcg,0.014563867,0.01459937,0.014634998,0.014670753,0.014706636
EALEAJ_imcgy,0.001199,0.001199,0.001199,0.001199,0.001199
EALEAA_imig,0.000808856,0.000794039,0.000779785,0.000766061,0.000752838
EALEAB_imig,0.001560736,0.001559523,0.001558311,0.001557099,0.001555888
EALEAC_imig,0.000836087,0.000835755,0.000835423,0.00083509,0.000834757
EALEAD_imig,0.000774057,0.000774359,0.000774659,0.00077496,0.000775259
EALEAE_imig,0.000320703,0.000320544,0.000320384,0.000320223,0.000320063
EALEAF_imig,0.002289361,0.002289915,0.002290467,0.002291017,0.002291565
EALEAG_imig,6.47E-05,6.48E-05,6.48E-05,6.48E-05,6.48E-05
EALEAH_imig,0.000825586,0.000825648,0.000825708,0.000825767,0.000825825
EALEAI_imig,0.001547771,0.001547844,0.001547916,0.001547987,0.001548056
EALEAJ_imig,0.001172293,0.001172422,0.00117255,0.001172677,0.001172804
EALEAK_imig,0.00015849,0.000158551,0.000158611,0.000158672,0.000158732
EALRW_imig,0.024177609,0.024192679,0.024207741,0.024222795,0.024237841
EALUS_imig,0.003165205,0.003172921,0.003180664,0.003188435,0.003196233
EALEAJ_imigy,0.000273,0.000273,0.000273,0.000273,0.000273
EAL_piex,1.004962932,1.004962932,1.004962932,1.004962932,1.004962932
EAL_pextilde,0.934182249,0.934006687,0.93382924,0.93364994,0.933468816
EALEAA_rer,1.111166324,1.122391664,1.133276607,1.143801601,1.153943346
EALEAB_rer,0.976898968,0.977689062,0.978480445,0.979273062,0.980066861
EALEAC_rer,0.956155222,0.956475716,0.956796982,0.957118999,0.957441748
EALEAD_rer,1.059605254,1.059006804,1.058407225,1.057806555,1.057204815
EALEAE_rer,0.797274483,0.797693212,0.798113072,0.798534029,0.798956053
EALEAF_rer,0.931870093,0.931550883,0.931231231,0.930911152,0.930590673
EALEAG_rer,0.803023661,0.80262127,0.802218132,0.801814272,0.801409756
EALEAH_rer,0.983693171,0.983579096,0.983466125,0.98335425,0.983243465
EALEAI_rer,0.987522054,0.987485934,0.987449927,0.98741403,0.987378243
EALEAJ_rer,1.002952721,1.00265086,1.002348208,1.002044789,1.001740627
EALEAK_rer,0.996556685,0.996011613,0.99546532,0.99491784,0.994369198
EALRW_rer,0.674582717,0.674140353,0.673707424,0.67328402,0.672870227
EALUS_rer,0.65877132,0.657206729,0.655643058,0.654080341,0.652518615
EAL_sx,1,1,1,1,1
EALEAA_tot,1.238740897,1.261753238,1.28471207,1.307618572,1.330473855
EALEAB_tot,0.94901617,0.949676401,0.950336657,0.950996922,0.951657184
EALEAC_tot,0.922244245,0.922534953,0.922825626,0.923116257,0.923406849
EALEAD_tot,1.06368421,1.063183741,1.062683326,1.062182977,1.061682686
EALEAE_tot,0.733523696,0.733829377,0.734135322,0.734441518,0.734747962
EALEAF_tot,0.896253029,0.895963087,0.895673244,0.895383504,0.895093883
EALEAG_tot,0.740299956,0.739978954,0.739657868,0.739336704,0.73901553
EALEAH_tot,0.981464997,0.981311377,0.981158433,0.981006164,0.980854574
EALEAI_tot,0.968223934,0.968099035,0.967974103,0.967849142,0.967724158
EALEAJ_tot,1.014496403,1.014302018,1.01410749,1.013912825,1.013718032
EALEAK_tot,0.96203289,0.961586968,0.961140965,0.960694892,0.960248745
EALRW_tot,0.681807554,0.681327263,0.680847174,0.680367295,0.679887635
EALUS_tot,0.666143102,0.664468987,0.662796676,0.661126176,0.659457498
EALEAA_weight,0.031050021,0.031332179,0.031613988,0.031895448,0.03217656
EALEAB_weight,0.041963502,0.041978446,0.041993373,0.04200828,0.04202317
EALEAC_weight,0.025833933,0.025840024,0.025846107,0.025852182,0.02585825
EALEAD_weight,0.035076858,0.035070104,0.035063358,0.035056621,0.035049892
EALEAE_weight,0.006244374,0.006246358,0.00624834,0.00625032,0.006252297
EALEAF_weight,0.073268824,0.073260145,0.073251476,0.073242817,0.07323417
EALEAG_weight,0.00446486,0.004464313,0.004463768,0.004463222,0.004462678
EALEAH_weight,0.016903034,0.016903659,0.016904283,0.016904906,0.016905529
EALEAI_weight,0.053676654,0.053677307,0.053677959,0.05367861,0.053679261
EALEAJ_weight,0.048779455,0.048778665,0.048777877,0.048777089,0.048776302
EALEAK_weight,0.00639044,0.006389254,0.00638807,0.006386887,0.006385706
EALRW_weight,0.550771557,0.550655259,0.550539105,0.550423094,0.550307227
EALUS_weight,0.105576489,0.105404286,0.105232297,0.105060522,0.104888958
EALEAA_weightex,0.027883946,0.028454256,0.029023859,0.029592756,0.030160951
EALEAB_weightex,0.038561616,0.038591823,0.038621992,0.038652124,0.038682219
EALEAC_weightex,0.022648138,0.022660448,0.022672744,0.022685024,0.022697288
EALEAD_weightex,0.03846564,0.038451989,0.038438354,0.038424737,0.038411136
EALEAE_weightex,0.006133896,0.006137907,0.006141913,0.006145914,0.00614991
EALEAF_weightex,0.083417198,0.083399655,0.083382133,0.083364631,0.083347153
EALEAG_weightex,0.004522947,0.004521843,0.004520739,0.004519637,0.004518537
EALEAH_weightex,0.009270569,0.009271833,0.009273094,0.009274354,0.009275613
EALEAI_weightex,0.05950127,0.05950259,0.059503908,0.059505224,0.059506539
EALEAJ_weightex,0.035292512,0.035290916,0.035289322,0.03528773,0.035286139
EALEAK_weightex,0.007139909,0.007137512,0.007135119,0.007132728,0.007130341
EALRW_weightex,0.52668439,0.526449324,0.526214549,0.525980063,0.525745868
EALUS_weightex,0.140477969,0.140129906,0.139782275,0.139435077,0.139088306
EALEAA_weightim,0.034150251,0.034150251,0.034150251,0.034150251,0.034150251
EALEAB_weightim,0.045294639,0.045294639,0.045294639,0.045294639,0.045294639
EALEAC_weightim,0.028953474,0.028953474,0.028953474,0.028953474,0.028953474
EALEAD_weightim,0.031758552,0.031758552,0.031758552,0.031758552,0.031758552
EALEAE_weightim,0.006352554,0.006352554,0.006352554,0.006352554,0.006352554
EALEAF_weightim,0.063331505,0.063331505,0.063331505,0.063331505,0.063331505
EALEAG_weightim,0.004407981,0.004407981,0.004407981,0.004407981,0.004407981
EALEAH_weightim,0.024376766,0.024376766,0.024376766,0.024376766,0.024376766
EALEAI_weightim,0.047973172,0.047973172,0.047973172,0.047973172,0.047973172
EALEAJ_weightim,0.061985911,0.061985911,0.061985911,0.061985911,0.061985911
EALEAK_weightim,0.005656557,0.005656557,0.005656557,0.005656557,0.005656557
EALRW_weightim,0.574357785,0.574357785,0.574357785,0.574357785,0.574357785
EALUS_weightim,0.071400852,0.071400852,0.071400852,0.071400852,0.071400852
EAL_b,9.767127959,9.764495919,9.761835512,9.759147209,9.756431454
EAL_bf,2.483310279,2.488551422,2.493806833,2.499076584,2.504360726
EAL_by,2.4,2.4,2.4,2.4,2.4
EAL_c,2.298828933,2.298209446,2.297583282,2.296950553,2.296311362
EAL_ci,2.683112911,2.682389867,2.68165903,2.680920531,2.68017449
EAL_cj,1.145976999,1.145668182,1.145356037,1.145040618,1.144721979
EAL_cy,0.564873263,0.564873263,0.564873263,0.564873263,0.564873263
EAL_d,0.551618317,0.551469668,0.551319416,0.551167588,0.551014211
EAL_dn,0.27056221,0.270466252,0.270369267,0.270271273,0.270172285
EAL_dt,0.281056107,0.281003416,0.280950149,0.280896316,0.280841925
EAL_etot,0.769347895,0.769404128,0.769459498,0.769514116,0.769568089
EAL_ex,1.011284608,1.011202123,1.011118711,1.011034384,1.010949155
EAL_fh,12.29417893,12.292375,12.29055115,12.28870769,12.28684489
EAL_fi,27.94605416,27.8483858,27.74998512,27.65087871,27.55109205
EAL_fj,1.035039043,1.031421696,1.027777227,1.024106619,1.020410817
EAL_fn,14.17286095,14.16783437,14.16275401,14.15762076,14.15243551
EAL_cg,0.849258883,0.84915656,0.849052948,0.848948065,0.848841928
EAL_gammab,0,0,0,0,0
EAL_gammai,0,0,0,0,0
EAL_gammaider,0,0,0,0,0
EAL_gammau,0,0,0,0,0
EAL_gammauder,0.032417068,0.032417068,0.032417068,0.032417068,0.032417068
EAL_gammav,0.000232223,0.00023216,0.000232097,0.000232033,0.000231969
EAL_gammavi,0.000101018,0.000101018,0.000101018,0.000101018,0.000101018
EAL_gammavider,0.002165194,0.002165194,0.002165194,0.002165194,0.002165194
EAL_gammavj,0.000101018,0.000101018,0.000101018,0.000101018,0.000101018
EAL_gammavjder,0.002165194,0.002165194,0.002165194,0.002165194,0.002165194
EAL_gh,14.75301471,14.75085,14.74866138,14.74644922,14.74421386
EAL_gi,5.988235164,5.982863208,5.977436786,5.971956961,5.966424749
EAL_gj,4.67348271,4.669290199,4.66505518,4.660778483,4.656460901
EAL_gn,21.25929142,21.25175156,21.24413101,21.23643115,21.22865327
EAL_cgy,0.2,0.2,0.2,0.2,0.2
EAL_ht,1.370364488,1.370420959,1.370477996,1.370535588,1.370593722
EAL_htc,0.342535408,0.342644907,0.342755558,0.34286734,0.342980234
EAL_hti,0.369355937,0.369349026,0.369342034,0.369334961,0.369327808
EAL_htcg,0.588558628,0.588514366,0.588469622,0.588424402,0.588378714
EAL_htig,0.069914516,0.06991266,0.069910782,0.069908885,0.069906966
EAL_i,0.874608066,0.874370301,0.874129907,0.873886923,0.873641389
EAL_ig,0.164358535,0.164328425,0.164297977,0.164267196,0.164236087
EAL_ii,1.166144088,1.165827068,1.165506542,1.165182565,1.164855185
EAL_im,1.297400411,1.296322161,1.295233041,1.294133278,1.293023085
EAL_imc,0.821857456,0.821161405,0.820458494,0.819748865,0.819032656
EAL_imi,0.324997409,0.324714505,0.324428839,0.324140469,0.323849452
EAL_imcg,0.114434784,0.114366901,0.11429808,0.114228336,0.114157685
EAL_imig,0.036110763,0.036079349,0.036047628,0.036015607,0.035983292
EAL_imy,0.23707,0.23707,0.23707,0.23707,0.23707
EAL_internalrer,1.436937915,1.436272362,1.435599943,1.434920784,1.43423501
EAL_igy,0.04,0.04,0.04,0.04,0.04
EAL_k,34.98432265,34.97481204,34.96519627,34.95547694,34.94565556
EAL_kd,34.98432265,34.97481204,34.96519627,34.95547694,34.94565556
EAL_kdn,15.65416107,15.64857198,15.64292189,15.63721177,15.63144254
EAL_kdt,19.33016157,19.32624006,19.32227439,19.31826517,19.31421301
EAL_ki,46.64576353,46.63308273,46.6202617,46.60730259,46.59420741
EAL_lambdai,1.045515428,1.045797249,1.046082262,1.046370421,1.046661684
EAL_lambdaj,2.447898994,2.44855883,2.449226139,2.449900815,2.450582758
EAL_lcy,0.6051186,0.6051186,0.6051186,0.6051186,0.6051186
EAL_m,0.96589451,0.965634221,0.965371127,0.965105274,0.964836707
EAL_mcn,0.778485207,0.778338906,0.778191033,0.778041616,0.77789068
EAL_mct,0.778485207,0.778338906,0.778191033,0.778041616,0.77789068
EAL_mi,1.127358366,1.127054566,1.126747492,1.126437198,1.126123735
EAL_mj,0.481502941,0.481373186,0.481242032,0.481109503,0.480975621
EAL_nd,1.879846631,1.879846631,1.879846631,1.879846631,1.879846631
EAL_ndi,0.858186184,0.858186184,0.858186184,0.858186184,0.858186184
EAL_ndj,1.121497377,1.121497377,1.121497377,1.121497377,1.121497377
EAL_ndn,0.84116026,0.841088589,0.841016128,0.840942891,0.84086889
EAL_ndt,1.03868637,1.038758042,1.038830502,1.038903739,1.038977741
EAL_ni,0.858186184,0.858186184,0.858186184,0.858186184,0.858186184
EAL_nj,1.121497377,1.121497377,1.121497377,1.121497377,1.121497377
EAL_nt,1.579770838,1.579507391,1.579241036,1.578971817,1.578699776
EAL_ntc,1.170152329,1.169946937,1.169739298,1.169529448,1.169317421
EAL_nti,0.195195028,0.195160535,0.195125657,0.195090399,0.195054768
EAL_ntcg,0.153876411,0.153860866,0.153845133,0.153829216,0.153813116
EAL_ntig,0.060547069,0.060539054,0.060530948,0.060522754,0.060514472
EAL_pex,0.934182249,0.934006687,0.93382924,0.93364994,0.933468816
EAL_pht,0.934182249,0.934006687,0.93382924,0.93364994,0.933468816
EAL_phttilde,0.934182249,0.934006687,0.93382924,0.93364994,0.933468816
EAL_pi,0.93061951,0.93062172,0.930624025,0.93062643,0.930628934
EAL_pcg,0.958397194,0.95825438,0.958110203,0.957964687,0.957817855
EAL_pig,0.990429037,0.990343566,0.990257223,0.990170024,0.990081986
EAL_pic,1.004962932,1.004962932,1.004962932,1.004962932,1.004962932
EAL_pic4,1.02,1.02,1.02,1.02,1.02
EAL_piex4,1.02,1.02,1.02,1.02,1.02
EAL_piht,1.004962932,1.004962932,1.004962932,1.004962932,1.004962932
EAL_piimc,1.004962932,1.004962932,1.004962932,1.004962932,1.004962932
EAL_piimi,1.004962932,1.004962932,1.004962932,1.004962932,1.004962932
EAL_piimcg,1.004962932,1.004962932,1.004962932,1.004962932,1.004962932
EAL_piimig,1.004962932,1.004962932,1.004962932,1.004962932,1.004962932
EAL_piimc4,1.02,1.02,1.02,1.02,1.02
EAL_pim,0.74363223,0.744050205,0.744472961,0.744900425,0.745332531
EAL_pimc,0.74544708,0.745877899,0.746313521,0.746753875,0.747198892
EAL_pimi,0.741381011,0.741826969,0.742277868,0.742733635,0.743194198
EAL_pimcg,0.737717496,0.737956456,0.738199615,0.738446918,0.738698315
EAL_pimig,0.741332167,0.741777684,0.742228141,0.742683463,0.74314358
EAL_pint,1.004962932,1.004962932,1.004962932,1.004962932,1.004962932
EAL_piw,1.004962932,1.004962932,1.004962932,1.004962932,1.004962932
EAL_piw4,1.02,1.02,1.02,1.02,1.02
EAL_pnt,1.167727811,1.167508358,1.16728655,1.167062424,1.16683602
EAL_pnttilde,1.167727811,1.167508358,1.16728655,1.167062424,1.16683602
EAL_pttc,0.812650149,0.812873929,0.813100165,0.813328817,0.81355985
EAL_ptti,0.857556466,0.857621986,0.85768831,0.857755431,0.857823341
EAL_pttcg,0.909292685,0.909167215,0.909040604,0.908912874,0.908784045
EAL_pttig,0.880335556,0.880328286,0.880321016,0.88031375,0.880306491
EAL_py,1.027317658,1.027115868,1.026911913,1.026705828,1.026497649
EAL_q,0.93061951,0.93062172,0.930624025,0.93062643,0.930628934
EAL_qc,2.299061156,2.298441606,2.297815379,2.297182586,2.296543331
EAL_qi,0.874608066,0.874370301,0.874129907,0.873886923,0.873641389
EAL_qcg,0.849258883,0.84915656,0.849052948,0.848948065,0.848841928
EAL_qig,0.164358535,0.164328425,0.164297977,0.164267196,0.164236087
EAL_r,1.012417239,1.012417239,1.012417239,1.012417239,1.012417239
EAL_reer,0.766353179,0.766220124,0.766087702,0.765955552,0.765823227
EAL_rer,0.65877132,0.657206729,0.655643058,0.654080341,0.652518615
EAL_rerdep,1,1,1,1,1
EAL_rk,0.030167956,0.030168027,0.030168102,0.03016818,0.030168261
EAL_rp,0,0,0,0,0
EAL_rr,1.007417495,1.007417495,1.007417495,1.007417495,1.007417495
EAL_rrstar,1.007417068,1.007417068,1.007417068,1.007417068,1.007417068
EAL_sh,1,1,1,1,1
EAL_si,1,1,1,1,1
EAL_sj,1,1,1,1,1
EAL_snt,1,1,1,1,1
EAL_t,0,0,0,0,0
EAL_tauc,0.183,0.183,0.183,0.183,0.183
EAL_taud,0,0,0,0,0
EAL_tauk,0,0,0,0,0
EAL_taun,0.122,0.122,0.122,0.122,0.122
EAL_tauwf,0.219,0.219,0.219,0.219,0.219
EAL_tauwh,0.118,0.118,0.118,0.118,0.118
EAL_tb,-0.020064632,-0.020059225,-0.02005376,-0.020048237,-0.020042658
EAL_tby,-0.004930325,-0.004930325,-0.004930325,-0.004930325,-0.004930325
EAL_ti,0,0,0,0,0
EAL_tj,0,0,0,0,0
EAL_tot,0.666143102,0.664468987,0.662796676,0.661126176,0.659457498
EAL_tr,0.304451504,0.30436946,0.304286533,0.304202736,0.304118083
EAL_tri,0.202967667,0.202912972,0.202857687,0.202801822,0.202745386
EAL_trj,0.608903014,0.608738927,0.608573072,0.608405477,0.608236171
EAL_try,0.074810488,0.074810488,0.074810488,0.074810488,0.074810488
EAL_ttc,1.147654669,1.14718746,1.146715337,1.146238388,1.145756696
EAL_tti,0.683328375,0.683117326,0.682903954,0.682688295,0.682470384
EAL_ttcg,0.697510907,0.697423022,0.69733402,0.697243915,0.697152722
EAL_ttig,0.104599853,0.10457661,0.104553106,0.104529347,0.104505336
EAL_ty,0,0,0,0,0
EAL_u,1,1,1,1,1
EAL_utili,-58.08862062,-58.12522738,-58.16223869,-58.19964833,-58.23745046
EAL_utilj,-208.8847222,-208.9213289,-208.9583402,-208.9957499,-209.033552
EAL_vj,2.38,2.38,2.38,2.38,2.38
EAL_w,1.074657352,1.074367754,1.074075035,1.073779247,1.073480437
EAL_wcst,0,0,0,0,0
EAL_whty,0.50170111,0.501700285,0.501699451,0.501698608,0.501697756
EAL_wi,1.20520982,1.204885041,1.204556761,1.20422504,1.20388993
EAL_witilde,1.20520982,1.204885041,1.204556761,1.20422504,1.20388993
EAL_wj,0.879089516,0.87885262,0.87861317,0.87837121,0.878126778
EAL_wjtilde,0.879089516,0.87885262,0.87861317,0.87837121,0.878126778
EAL_wnty,0.490019141,0.490019141,0.490019141,0.490019141,0.490019141
EAL_wy,0.496405743,0.496405743,0.496405743,0.496405743,0.496405743
EAL_y,3.961419934,3.961130474,3.960837744,3.960541789,3.960242654
EAL_ygap,0,0,0,0,0
EAL_ygrowth,1,1,1,1,1
EAL_ygrowth4,1,1,1,1,1
EAL_yhty,0.546705885,0.546744509,0.546783557,0.546823024,0.546862902
EAL_ynty,0.453294115,0.453255491,0.453216443,0.453176976,0.453137098
EAL_yshare,0.054330952,0.054374506,0.054418076,0.054461662,0.054505264
EAL_ysn,1.579770838,1.579507391,1.579241036,1.578971817,1.578699776
EAL_yst,2.381649096,2.381623082,2.381596708,2.381569972,2.381542878
EAL_zcon,1,1,1,1,1
EAL_zinv,1,1,1,1,1
EAL_zn,1,1,1,1,1
EAL_zt,1,1,1,1,1
EAL_gammav1,0.028706106,0.028706106,0.028706106,0.028706106,0.028706106
EAL_gammav2,0.150338345,0.150338345,0.150338345,0.150338345,0.150338345
EAL_nutc,0.422877152,0.422694762,0.422510428,0.422324184,0.422136061
EAL_nuti,0.669480358,0.669232243,0.668981415,0.668727918,0.668471793
EAL_nutcg,0.902731321,0.902664447,0.902596534,0.902527594,0.90245764
EAL_nutig,0.775344482,0.775147924,0.774949169,0.77474825,0.774545196
EAL_psit,0.048411977,0.048410253,0.04840851,0.048406748,0.048404968
EALEAA_rerbar,1.111166324,1.122391664,1.133276607,1.143801601,1.153943346
EALEAB_rerbar,0.976898968,0.977689062,0.978480445,0.979273062,0.980066861
EALEAC_rerbar,0.956155222,0.956475716,0.956796982,0.957118999,0.957441748
EALEAD_rerbar,1.059605254,1.059006804,1.058407225,1.057806555,1.057204815
EALEAE_rerbar,0.797274483,0.797693212,0.798113072,0.798534029,0.798956053
EALEAF_rerbar,0.931870093,0.931550883,0.931231231,0.930911152,0.930590673
EALEAG_rerbar,0.803023661,0.80262127,0.802218132,0.801814272,0.801409756
EALEAH_rerbar,0.983693171,0.983579096,0.983466125,0.98335425,0.983243465
EALEAI_rerbar,0.987522054,0.987485934,0.987449927,0.98741403,0.987378243
EALEAJ_rerbar,1.002952721,1.00265086,1.002348208,1.002044789,1.001740627
EALEAK_rerbar,0.996556685,0.996011613,0.99546532,0.99491784,0.994369198
EALRW_rerbar,0.674582717,0.674140353,0.673707424,0.67328402,0.672870227
EALUS_rerbar,0.65877132,0.657206729,0.655643058,0.654080341,0.652518615
EAL_pibar,0.93061951,0.93062172,0.930624025,0.93062643,0.930628934
EAL_psinbar,0.442335835,0.44226207,0.44218749,0.442112109,0.442035937
EAL_psitbar,0.115300342,0.115294976,0.115289547,0.115284057,0.115278507
EAL_pybar,1.027317658,1.027115868,1.026911913,1.026705828,1.026497649
EAL_qbar,0.93061951,0.93062172,0.930624025,0.93062643,0.930628934
EAL_trybar,0.074810488,0.074810488,0.074810488,0.074810488,0.074810488
EAL_ybar,3.961419934,3.961130474,3.960837744,3.960541789,3.960242654
EAL_ynbar,1.579770838,1.579507391,1.579241036,1.578971817,1.578699776
EAL_ytbar,2.381649096,2.381623082,2.381596708,2.381569972,2.381542878
RWEAA_excy,0.001563323,0.001597497,0.001631672,0.001665846,0.001700021
RWEAB_excy,0.000775031,0.000776024,0.000777018,0.000778012,0.000779006
RWEAC_excy,0.000850726,0.000851554,0.000852382,0.00085321,0.000854038
RWEAD_excy,0.002641619,0.002642089,0.002642559,0.002643029,0.002643499
RWEAE_excy,0.000419249,0.000419661,0.000420072,0.000420483,0.000420894
RWEAF_excy,0.004376711,0.004378041,0.004379372,0.004380702,0.004382033
RWEAG_excy,0.000445989,0.000446092,0.000446195,0.000446298,0.000446401
RWEAH_excy,0.000597739,0.000598085,0.000598431,0.000598776,0.000599122
RWEAI_excy,0.003679342,0.003681137,0.003682933,0.003684728,0.003686524
RWEAJ_excy,0.001860229,0.001861121,0.001862014,0.001862906,0.001863799
RWEAK_excy,0.000361452,0.000361524,0.000361595,0.000361667,0.000361739
RWEAL_excy,0.008093484,0.008098503,0.008103522,0.00810854,0.008113559
RWUS_excy,0.023897439,0.023850284,0.023803129,0.023755974,0.02370882
RWEAA_exiy,0.000562959,0.000575266,0.000587572,0.000599878,0.000612185
RWEAB_exiy,0.000354093,0.000354547,0.000355001,0.000355455,0.000355909
RWEAC_exiy,0.000469113,0.000469569,0.000470026,0.000470483,0.000470939
RWEAD_exiy,0.000825782,0.000825929,0.000826076,0.000826223,0.00082637
RWEAE_exiy,0.000188786,0.000188971,0.000189156,0.000189341,0.000189526
RWEAF_exiy,0.001427601,0.001428035,0.001428469,0.001428903,0.001429337
RWEAG_exiy,8.09E-05,8.09E-05,8.09E-05,8.10E-05,8.10E-05
RWEAH_exiy,0.000440936,0.000441191,0.000441446,0.000441701,0.000441956
RWEAI_exiy,0.001019706,0.001020204,0.001020702,0.001021199,0.001021697
RWEAJ_exiy,0.000722741,0.000723088,0.000723434,0.000723781,0.000724128
RWEAK_exiy,7.79E-05,7.79E-05,7.79E-05,7.79E-05,7.80E-05
RWEAL_exiy,0.003173555,0.003175523,0.003177491,0.003179459,0.003181427
RWUS_exiy,0.009516292,0.009497514,0.009478736,0.009459959,0.009441181
RW_fx,1.196297219,1.196017974,1.195719456,1.195401545,1.19506413
RWEAA_gammaimc,0,0,0,0,0
RWEAB_gammaimc,0,0,0,0,0
RWEAC_gammaimc,0,0,0,0,0
RWEAD_gammaimc,0,0,0,0,0
RWEAE_gammaimc,0,0,0,0,0
RWEAF_gammaimc,0,0,0,0,0
RWEAG_gammaimc,0,0,0,0,0
RWEAH_gammaimc,0,0,0,0,0
RWEAI_gammaimc,0,0,0,0,0
RWEAJ_gammaimc,0,0,0,0,0
RWEAK_gammaimc,0,0,0,0,0
RWEAL_gammaimc,0,0,0,0,0
RWUS_gammaimc,0,0,0,0,0
RWEAA_gammaimcdag,1,1,1,1,1
RWEAB_gammaimcdag,1,1,1,1,1
RWEAC_gammaimcdag,1,1,1,1,1
RWEAD_gammaimcdag,1,1,1,1,1
RWEAE_gammaimcdag,1,1,1,1,1
RWEAF_gammaimcdag,1,1,1,1,1
RWEAG_gammaimcdag,1,1,1,1,1
RWEAH_gammaimcdag,1,1,1,1,1
RWEAI_gammaimcdag,1,1,1,1,1
RWEAJ_gammaimcdag,1,1,1,1,1
RWEAK_gammaimcdag,1,1,1,1,1
RWEAL_gammaimcdag,1,1,1,1,1
RWUS_gammaimcdag,1,1,1,1,1
RWEAA_gammaimi,0,0,0,0,0
RWEAB_gammaimi,0,0,0,0,0
RWEAC_gammaimi,0,0,0,0,0
RWEAD_gammaimi,0,0,0,0,0
RWEAE_gammaimi,0,0,0,0,0
RWEAF_gammaimi,0,0,0,0,0
RWEAG_gammaimi,0,0,0,0,0
RWEAH_gammaimi,0,0,0,0,0
RWEAI_gammaimi,0,0,0,0,0
RWEAJ_gammaimi,0,0,0,0,0
RWEAK_gammaimi,0,0,0,0,0
RWEAL_gammaimi,0,0,0,0,0
RWUS_gammaimi,0,0,0,0,0
RWEAA_gammaimidag,1,1,1,1,1
RWEAB_gammaimidag,1,1,1,1,1
RWEAC_gammaimidag,1,1,1,1,1
RWEAD_gammaimidag,1,1,1,1,1
RWEAE_gammaimidag,1,1,1,1,1
RWEAF_gammaimidag,1,1,1,1,1
RWEAG_gammaimidag,1,1,1,1,1
RWEAH_gammaimidag,1,1,1,1,1
RWEAI_gammaimidag,1,1,1,1,1
RWEAJ_gammaimidag,1,1,1,1,1
RWEAK_gammaimidag,1,1,1,1,1
RWEAL_gammaimidag,1,1,1,1,1
RWUS_gammaimidag,1,1,1,1,1
RWEAA_gammaimcg,0,0,0,0,0
RWEAB_gammaimcg,0,0,0,0,0
RWEAC_gammaimcg,0,0,0,0,0
RWEAD_gammaimcg,0,0,0,0,0
RWEAE_gammaimcg,0,0,0,0,0
RWEAF_gammaimcg,0,0,0,0,0
RWEAG_gammaimcg,0,0,0,0,0
RWEAH_gammaimcg,0,0,0,0,0
RWEAI_gammaimcg,0,0,0,0,0
RWEAJ_gammaimcg,0,0,0,0,0
RWEAK_gammaimcg,0,0,0,0,0
RWEAL_gammaimcg,0,0,0,0,0
RWUS_gammaimcg,0,0,0,0,0
RWEAA_gammaimcgdag,1,1,1,1,1
RWEAB_gammaimcgdag,1,1,1,1,1
RWEAC_gammaimcgdag,1,1,1,1,1
RWEAD_gammaimcgdag,1,1,1,1,1
RWEAE_gammaimcgdag,1,1,1,1,1
RWEAF_gammaimcgdag,1,1,1,1,1
RWEAG_gammaimcgdag,1,1,1,1,1
RWEAH_gammaimcgdag,1,1,1,1,1
RWEAI_gammaimcgdag,1,1,1,1,1
RWEAJ_gammaimcgdag,1,1,1,1,1
RWEAK_gammaimcgdag,1,1,1,1,1
RWEAL_gammaimcgdag,1,1,1,1,1
RWUS_gammaimcgdag,1,1,1,1,1
RWEAA_gammaimig,0,0,0,0,0
RWEAB_gammaimig,0,0,0,0,0
RWEAC_gammaimig,0,0,0,0,0
RWEAD_gammaimig,0,0,0,0,0
RWEAE_gammaimig,0,0,0,0,0
RWEAF_gammaimig,0,0,0,0,0
RWEAG_gammaimig,0,0,0,0,0
RWEAH_gammaimig,0,0,0,0,0
RWEAI_gammaimig,0,0,0,0,0
RWEAJ_gammaimig,0,0,0,0,0
RWEAK_gammaimig,0,0,0,0,0
RWEAL_gammaimig,0,0,0,0,0
RWUS_gammaimig,0,0,0,0,0
RWEAA_gammaimigdag,1,1,1,1,1
RWEAB_gammaimigdag,1,1,1,1,1
RWEAC_gammaimigdag,1,1,1,1,1
RWEAD_gammaimigdag,1,1,1,1,1
RWEAE_gammaimigdag,1,1,1,1,1
RWEAF_gammaimigdag,1,1,1,1,1
RWEAG_gammaimigdag,1,1,1,1,1
RWEAH_gammaimigdag,1,1,1,1,1
RWEAI_gammaimigdag,1,1,1,1,1
RWEAJ_gammaimigdag,1,1,1,1,1
RWEAK_gammaimigdag,1,1,1,1,1
RWEAL_gammaimigdag,1,1,1,1,1
RWUS_gammaimigdag,1,1,1,1,1
RW_gx,1.435556662,1.435221568,1.434863347,1.434481854,1.434076956
RWEAA_im,0.005724224,0.005888763,0.006047284,0.006200116,0.006347567
RWEAB_im,0.003775822,0.003770551,0.003765287,0.00376003,0.003754781
RWEAC_im,0.004834372,0.00482946,0.00482455,0.004819644,0.004814741
RWEAD_im,0.011146119,0.011143547,0.01114097,0.01113839,0.011135807
RWEAE_im,0.002992106,0.002988763,0.002985421,0.00298208,0.002978741
RWEAF_im,0.026529748,0.026519724,0.026509689,0.026499643,0.026489587
RWEAG_im,0.002643579,0.002642871,0.002642163,0.002641455,0.002640745
RWEAH_im,0.002850578,0.002849025,0.00284747,0.002845911,0.002844351
RWEAI_im,0.018486788,0.018476208,0.018465625,0.018455039,0.01844445
RWEAJ_im,0.007074414,0.007070808,0.007067202,0.007063594,0.007059986
RWEAK_im,0.002095162,0.002094664,0.002094165,0.002093666,0.002093167
RWEAL_im,0.038307023,0.038280161,0.038253297,0.038226431,0.038199565
RWUS_im,0.238319165,0.238233896,0.238148266,0.238062273,0.237975914
RWEAA_imc,0.004480916,0.004668987,0.004850146,0.005024776,0.005193229
RWEAB_imc,0.002178359,0.002175318,0.002172281,0.002169248,0.00216622
RWEAC_imc,0.002790785,0.002787949,0.002785115,0.002782283,0.002779453
RWEAD_imc,0.00643307,0.006431585,0.006430098,0.006428609,0.006427118
RWEAE_imc,0.001728564,0.001726632,0.001724701,0.001722772,0.001720843
RWEAF_imc,0.015311982,0.015306196,0.015300404,0.015294606,0.015288802
RWEAG_imc,0.001526574,0.001526165,0.001525756,0.001525347,0.001524937
RWEAH_imc,0.001646455,0.001645558,0.001644659,0.001643759,0.001642858
RWEAI_imc,0.010668603,0.010662497,0.01065639,0.010650281,0.01064417
RWEAJ_imc,0.004082307,0.004080226,0.004078145,0.004076063,0.004073981
RWEAK_imc,0.001203375,0.001203089,0.001202803,0.001202516,0.001202229
RWEAL_imc,0.025021191,0.025003645,0.024986098,0.024968551,0.024951002
RWUS_imc,0.130973129,0.130692869,0.13041156,0.130129198,0.129845777
RWEAK_imcy,0.000336,0.000336,0.000336,0.000336,0.000336
RWEAA_imi,0.000906753,0.000889591,0.00087308,0.000857183,0.000841866
RWEAB_imi,0.001161791,0.001160169,0.00115855,0.001156932,0.001155317
RWEAC_imi,0.00149066,0.001489146,0.001487632,0.001486119,0.001484607
RWEAD_imi,0.003433562,0.003432769,0.003431976,0.003431181,0.003430385
RWEAE_imi,0.000920648,0.000919619,0.000918591,0.000917563,0.000916536
RWEAF_imi,0.008173054,0.008169966,0.008166874,0.008163779,0.008160681
RWEAG_imi,0.000814483,0.000814265,0.000814047,0.000813828,0.00081361
RWEAH_imi,0.000877641,0.000877163,0.000876684,0.000876204,0.000875724
RWEAI_imi,0.005693717,0.005690459,0.005687199,0.005683939,0.005680678
RWEAJ_imi,0.0021804,0.002179289,0.002178177,0.002177066,0.002175953
RWEAK_imi,0.000644665,0.000644512,0.000644359,0.000644205,0.000644051
RWEAL_imi,0.009678398,0.009671611,0.009664824,0.009658036,0.009651248
RWUS_imi,0.07819492,0.078336959,0.078479499,0.078622541,0.078766089
RWEAK_imiy,0.00018,0.00018,0.00018,0.00018,0.00018
RWEAA_imcg,0.000236423,0.000231949,0.000227644,0.000223499,0.000219505
RWEAB_imcg,0.00030497,0.000304544,0.000304119,0.000303695,0.000303271
RWEAC_imcg,0.000388543,0.000388148,0.000387754,0.000387359,0.000386965
RWEAD_imcg,0.000897261,0.000897054,0.000896846,0.000896639,0.000896431
RWEAE_imcg,0.000239556,0.000239289,0.000239021,0.000238754,0.000238486
RWEAF_imcg,0.00213745,0.002136642,0.002135833,0.002135024,0.002134214
RWEAG_imcg,0.000214093,0.000214035,0.000213978,0.000213921,0.000213863
RWEAH_imcg,0.000228187,0.000228062,0.000227938,0.000227813,0.000227688
RWEAI_imcg,0.001491042,0.001490189,0.001489335,0.001488481,0.001487627
RWEAJ_imcg,0.000570572,0.000570281,0.00056999,0.000569699,0.000569408
RWEAK_imcg,0.000175492,0.00017545,0.000175409,0.000175367,0.000175325
RWEAL_imcg,0.002532439,0.002530664,0.002528888,0.002527112,0.002525336
RWUS_imcg,0.020461642,0.02049881,0.020536109,0.02057354,0.020611102
RWEAK_imcgy,4.90E-05,4.90E-05,4.90E-05,4.90E-05,4.90E-05
RWEAA_imig,0.000100132,9.82E-05,9.64E-05,9.47E-05,9.30E-05
RWEAB_imig,0.000130702,0.000130519,0.000130337,0.000130155,0.000129973
RWEAC_imig,0.000164384,0.000164217,0.00016405,0.000163883,0.000163716
RWEAD_imig,0.000382227,0.000382138,0.00038205,0.000381962,0.000381873
RWEAE_imig,0.000103338,0.000103223,0.000103107,0.000102992,0.000102876
RWEAF_imig,0.000907263,0.00090692,0.000906577,0.000906233,0.000905889
RWEAG_imig,8.84E-05,8.84E-05,8.84E-05,8.84E-05,8.83E-05
RWEAH_imig,9.83E-05,9.82E-05,9.82E-05,9.81E-05,9.81E-05
RWEAI_imig,0.000633426,0.000633064,0.000632701,0.000632338,0.000631975
RWEAJ_imig,0.000241135,0.000241012,0.000240889,0.000240766,0.000240643
RWEAK_imig,7.16E-05,7.16E-05,7.16E-05,7.16E-05,7.16E-05
RWEAL_imig,0.001074995,0.001074241,0.001073487,0.001072733,0.001071979
RWUS_imig,0.008689474,0.008705258,0.008721098,0.008736994,0.008752945
RWEAK_imigy,2.00E-05,2.00E-05,2.00E-05,2.00E-05,2.00E-05
RW_piex,1.004962932,1.004962932,1.004962932,1.004962932,1.004962932
RW_pextilde,0.944187418,0.943963994,0.943725683,0.94347239,0.943204024
RWEAA_rer,1.647190619,1.664922831,1.682149501,1.698839667,1.714956764
RWEAB_rer,1.448152974,1.45027524,1.452381864,1.454472456,1.456546631
RWEAC_rer,1.417402488,1.418807986,1.420196584,1.421567972,1.42292185
RWEAD_rer,1.570756598,1.570899591,1.571019091,1.571114899,1.571186796
RWEAE_rer,1.181878014,1.183274682,1.184658271,1.186028489,1.187385058
RWEAF_rer,1.381402263,1.381835221,1.382248729,1.382642576,1.38301657
RWEAG_rer,1.190400584,1.190584819,1.190751509,1.190900494,1.19103168
RWEAH_rer,1.458224686,1.459012344,1.459782228,1.460534069,1.461267606
RWEAI_rer,1.463900615,1.464807632,1.46569548,1.466563887,1.467412591
RWEAJ_rer,1.486775003,1.487302839,1.487809355,1.488294328,1.488757546
RWEAK_rer,1.477293532,1.477454375,1.477592919,1.477708976,1.477802344
RWEAL_rer,1.482397895,1.483370631,1.484323853,1.485257291,1.486170677
RWUS_rer,0.976561218,0.974881161,0.973186631,0.971477596,0.969754032
RW_sx,1,1,1,1,1
RWEAA_tot,1.816848302,1.851904813,1.886931632,1.921930378,1.956902562
RWEAB_tot,1.391912078,1.393862322,1.395814939,1.397769895,1.399727153
RWEAC_tot,1.352645977,1.354026183,1.35540788,1.356791051,1.358175677
RWEAD_tot,1.560094493,1.560459706,1.560825051,1.561190528,1.561556103
RWEAE_tot,1.075851524,1.077058584,1.078267414,1.079477986,1.080690284
RWEAF_tot,1.314524933,1.315026031,1.315527592,1.316029607,1.31653208
RWEAG_tot,1.085790194,1.086084462,1.086378699,1.086672903,1.086967157
RWEAH_tot,1.439504434,1.440293718,1.44108468,1.441877309,1.442671587
RWEAI_tot,1.420083905,1.420901653,1.421720086,1.422539192,1.423358961
RWEAJ_tot,1.487951251,1.488714856,1.489478885,1.490243332,1.491008189
RWEAK_tot,1.411003565,1.411343741,1.411683857,1.412023916,1.412363889
RWEAL_tot,1.466689528,1.467723448,1.46875839,1.469794341,1.470831279
RWUS_tot,0.977025112,0.975256713,0.973488179,0.971719511,0.969950715
RWEAA_weight,0.028087489,0.029010878,0.029934266,0.030857655,0.031781043
RWEAB_weight,0.015089325,0.015102211,0.015115097,0.015127983,0.015140869
RWEAC_weight,0.018299464,0.018311339,0.018323214,0.018335089,0.018346964
RWEAD_weight,0.047027648,0.047033347,0.047039046,0.047044745,0.047050444
RWEAE_weight,0.008574992,0.00858032,0.008585648,0.008590975,0.008596303
RWEAF_weight,0.085526103,0.085542384,0.085558665,0.085574945,0.085591226
RWEAG_weight,0.007275014,0.007276114,0.007277215,0.007278315,0.007279415
RWEAH_weight,0.012764951,0.012770109,0.012775267,0.012780426,0.012785584
RWEAI_weight,0.066313077,0.066333375,0.066353673,0.066373971,0.066394269
RWEAJ_weight,0.03280657,0.032817476,0.032828383,0.03283929,0.032850196
RWEAK_weight,0.006907191,0.006908052,0.006908914,0.006909775,0.006910637
RWEAL_weight,0.149553492,0.14961231,0.149671128,0.149729947,0.149788765
RWUS_weight,0.521774683,0.520702084,0.519629484,0.518556884,0.517484285
RWEAA_weightex,0.031206488,0.031811716,0.032416944,0.033022172,0.0336274
RWEAB_weightex,0.017618376,0.017644974,0.017671572,0.017698171,0.017724769
RWEAC_weightex,0.020940575,0.020965087,0.020989599,0.021014111,0.021038622
RWEAD_weightex,0.052311858,0.052323621,0.052335385,0.052347149,0.052358912
RWEAE_weightex,0.009414026,0.009425023,0.00943602,0.009447017,0.009458014
RWEAF_weightex,0.086771191,0.086804797,0.086838402,0.086872007,0.086905613
RWEAG_weightex,0.007628229,0.0076305,0.007632772,0.007635043,0.007637314
RWEAH_weightex,0.015786311,0.015796958,0.015807605,0.015818252,0.015828899
RWEAI_weightex,0.069304066,0.069345963,0.069387861,0.069429758,0.069471656
RWEAJ_weightex,0.040622101,0.040644613,0.040667126,0.040689639,0.040712152
RWEAK_weightex,0.006647863,0.006649642,0.00665142,0.006653198,0.006654976
RWEAL_weightex,0.164078802,0.16420021,0.164321619,0.164443028,0.164564437
RWUS_weightex,0.477670115,0.476756896,0.475843676,0.474930456,0.474017236
RWEAA_weightim,0.025156464,0.026378838,0.027601213,0.028823587,0.030045961
RWEAB_weightim,0.012712693,0.012712693,0.012712693,0.012712693,0.012712693
RWEAC_weightim,0.015817524,0.015817524,0.015817524,0.015817524,0.015817524
RWEAD_weightim,0.042061901,0.042061901,0.042061901,0.042061901,0.042061901
RWEAE_weightim,0.007786525,0.007786525,0.007786525,0.007786525,0.007786525
RWEAF_weightim,0.084356053,0.084356053,0.084356053,0.084356053,0.084356053
RWEAG_weightim,0.006943086,0.006943086,0.006943086,0.006943086,0.006943086
RWEAH_weightim,0.00992568,0.00992568,0.00992568,0.00992568,0.00992568
RWEAI_weightim,0.063502347,0.063502347,0.063502347,0.063502347,0.063502347
RWEAJ_weightim,0.025462058,0.025462058,0.025462058,0.025462058,0.025462058
RWEAK_weightim,0.00715089,0.00715089,0.00715089,0.00715089,0.00715089
RWEAL_weightim,0.135903579,0.135903579,0.135903579,0.135903579,0.135903579
RWUS_weightim,0.563221201,0.561998827,0.560776452,0.559554078,0.558331704
RW_b,11.45142085,11.44874781,11.44589028,11.44284711,11.43961724
RW_bf,1.964077835,1.967003368,1.969936544,1.972877403,1.975825983
RW_by,2.4,2.4,2.4,2.4,2.4
RW_c,2.886088343,2.88541466,2.88469448,2.883927514,2.883113494
RW_ci,3.490631371,3.489816573,3.488945538,3.488017917,3.487033386
RW_cj,1.07245926,1.072208922,1.071941306,1.071656304,1.071353818
RW_cy,0.604869222,0.604869222,0.604869222,0.604869222,0.604869222
RW_d,0.646742167,0.646591201,0.646429817,0.646257948,0.646075534
RW_dn,0.358739859,0.358621861,0.358495782,0.358361574,0.358219193
RW_dt,0.288002308,0.287969341,0.287934035,0.287896374,0.287856342
RW_etot,1.175030625,1.175621847,1.176244516,1.176898003,1.177581715
RW_ex,0.388499232,0.388500478,0.388501591,0.388502572,0.38850342
RW_fh,6.806032343,6.805165505,6.804237506,6.803247922,6.80219635
RW_fi,1238.226651,1231.955403,1225.284834,1218.21881,1210.761816
RW_fj,45.86024633,45.6279779,45.38091977,45.1192152,44.84303021
RW_fn,7.098622896,7.09628799,7.09379318,7.091137518,7.088320128
RW_cg,0.792625053,0.792629672,0.792633804,0.792637454,0.792640624
RW_gammab,0,0,0,0,0
RW_gammai,0,0,0,0,0
RW_gammaider,0,0,0,0,0
RW_gammau,0,0,0,0,0
RW_gammauder,0.032417068,0.032417068,0.032417068,0.032417068,0.032417068
RW_gammav,0.000291547,0.000291479,0.000291406,0.000291328,0.000291246
RW_gammavi,0.000101018,0.000101018,0.000101018,0.000101018,0.000101018
RW_gammavider,0.002165194,0.002165194,0.002165194,0.002165194,0.002165194
RW_gammavj,0.000101018,0.000101018,0.000101018,0.000101018,0.000101018
RW_gammavjder,0.002165194,0.002165194,0.002165194,0.002165194,0.002165194
RW_gh,8.167238811,8.166198606,8.165085008,8.163897507,8.16263562
RW_gi,18.23595653,18.20936836,18.18098111,18.1507906,18.11879396
RW_gj,19.78474592,19.75589961,19.72510142,19.69234681,19.65763267
RW_gn,9.070462589,9.067479098,9.064291286,9.060897939,9.057297941
RW_cgy,0.16,0.16,0.16,0.16,0.16
RW_ht,2.210268735,2.210510303,2.210766987,2.211038897,2.211326139
RW_htc,0.826022358,0.826260754,0.826514605,0.826784021,0.827069106
RW_hti,0.62744891,0.627449965,0.627450907,0.627451737,0.627452456
RW_htcg,0.610010541,0.610012281,0.610013835,0.610015202,0.610016385
RW_htig,0.146786925,0.146787303,0.14678764,0.146787936,0.146788192
RW_i,0.973515823,0.973526232,0.973535527,0.973543716,0.973550806
RW_ig,0.19717783,0.197179351,0.197180715,0.197181923,0.197182976
RW_ii,1.298021097,1.298034976,1.29804737,1.298058289,1.298067741
RW_im,0.346993429,0.346512436,0.346000468,0.345457792,0.344884718
RW_imc,0.197380392,0.196891459,0.19637239,0.195823447,0.195244935
RW_imi,0.108983335,0.108989057,0.108994166,0.108998668,0.109002566
RW_imcg,0.028520505,0.028522053,0.02852344,0.028524669,0.02852574
RW_imig,0.012109197,0.012109868,0.012110472,0.012111008,0.012111477
RW_imy,0.081808,0.081808,0.081808,0.081808,0.081808
RW_internalrer,1.015501061,1.014811276,1.014076036,1.013295142,1.012468421
RW_igy,0.04,0.04,0.04,0.04,0.04
RW_k,38.94063292,38.94104928,38.9414211,38.94174866,38.94203223
RW_kd,38.94063292,38.94104928,38.9414211,38.94174866,38.94203223
RW_kdn,18.49431734,18.49274845,18.49103879,18.48918769,18.48719452
RW_kdt,20.44631557,20.44830082,20.4503823,20.45256097,20.45483771
RW_ki,51.92084389,51.92139904,51.9218948,51.92233154,51.92270964
RW_lambdai,0.882359338,0.882565351,0.882785688,0.88302046,0.883269773
RW_lambdaj,2.871895746,2.872566272,2.873283424,2.87404756,2.87485902
RW_lcy,0.6051186,0.6051186,0.6051186,0.6051186,0.6051186
RW_m,1.212642161,1.212359101,1.212056504,1.21173425,1.211392224
RW_mcn,0.786822848,0.786636661,0.78643807,0.786226992,0.786003354
RW_mct,0.786822848,0.786636661,0.78643807,0.786226992,0.786003354
RW_mi,1.466651836,1.466309484,1.465943503,1.465553747,1.465140078
RW_mj,0.450613135,0.45050795,0.450395507,0.450275758,0.450148663
RW_nd,2.219603143,2.219603143,2.219603143,2.219603143,2.219603143
RW_ndi,0.883927249,0.883927249,0.883927249,0.883927249,0.883927249
RW_ndj,1.430089084,1.430089084,1.430089084,1.430089084,1.430089084
RW_ndn,1.054169946,1.054069249,1.053961737,1.053847362,1.053726082
RW_ndt,1.165433197,1.165533893,1.165641406,1.16575578,1.16587706
RW_ni,0.883927249,0.883927249,0.883927249,0.883927249,0.883927249
RW_nj,1.430089084,1.430089084,1.430089084,1.430089084,1.430089084
RW_nt,2.305287935,2.305075124,2.304846614,2.30460231,2.304342123
RW_ntc,1.871115946,1.870900551,1.870669734,1.870423396,1.870161447
RW_nti,0.240316967,0.240318637,0.240320129,0.240321442,0.24032258
RW_ntcg,0.155160727,0.155161428,0.155162054,0.155162607,0.155163087
RW_ntig,0.038694296,0.038694508,0.038694697,0.038694864,0.03869501
RW_pex,0.944187418,0.943963994,0.943725683,0.94347239,0.943204024
RW_pht,0.944187418,0.943963994,0.943725683,0.94347239,0.943204024
RW_phttilde,0.944187418,0.943963994,0.943725683,0.94347239,0.943204024
RW_pi,0.980246081,0.98000679,0.979752832,0.979484102,0.979200501
RW_pcg,0.963164176,0.96293374,0.962688379,0.962427993,0.962152489
RW_pig,0.967943575,0.967710169,0.967461943,0.967198794,0.966920628
RW_pic,1.004962932,1.004962932,1.004962932,1.004962932,1.004962932
RW_pic4,1.02,1.02,1.02,1.02,1.02
RW_piex4,1.02,1.02,1.02,1.02,1.02
RW_piht,1.004962932,1.004962932,1.004962932,1.004962932,1.004962932
RW_piimc,1.004962932,1.004962932,1.004962932,1.004962932,1.004962932
RW_piimi,1.004962932,1.004962932,1.004962932,1.004962932,1.004962932
RW_piimcg,1.004962932,1.004962932,1.004962932,1.004962932,1.004962932
RW_piimig,1.004962932,1.004962932,1.004962932,1.004962932,1.004962932
RW_piimc4,1.02,1.02,1.02,1.02,1.02
RW_pim,1.124922643,1.126221198,1.127606125,1.129077196,1.13063409
RW_pimc,1.14129135,1.14385841,1.146595703,1.149504196,1.152584763
RW_pimi,1.103330982,1.103015533,1.10268853,1.102349823,1.101999267
RW_pimcg,1.103330735,1.103013357,1.102684409,1.102343741,1.101991208
RW_pimig,1.103292914,1.102974239,1.102643987,1.102302005,1.101948149
RW_pint,1.004962932,1.004962932,1.004962932,1.004962932,1.004962932
RW_piw,1.004962932,1.004962932,1.004962932,1.004962932,1.004962932
RW_piw4,1.02,1.02,1.02,1.02,1.02
RW_pnt,1.005384751,1.005146845,1.004893089,1.004623379,1.004337619
RW_pnttilde,1.005384751,1.005146845,1.004893089,1.004623379,1.004337619
RW_pttc,0.990038109,0.990476623,0.990944518,0.991442016,0.991969327
RW_ptti,0.971937253,0.971697524,0.971443518,0.971175128,0.970892256
RW_pttcg,0.952750538,0.952521952,0.952278669,0.95202059,0.951747622
RW_pttig,0.958694291,0.958462009,0.958215161,0.957953644,0.957677363
RW_py,0.972954927,0.972721865,0.972473272,0.97220905,0.971929103
RW_q,0.980246081,0.98000679,0.979752832,0.979484102,0.979200501
RW_qc,2.88637989,2.885706139,2.884985886,2.884218842,2.88340474
RW_qi,0.973515823,0.973526232,0.973535527,0.973543716,0.973550806
RW_qcg,0.792625053,0.792629672,0.792633804,0.792637454,0.792640624
RW_qig,0.19717783,0.197179351,0.197180715,0.197181923,0.197182976
RW_r,1.012417239,1.012417239,1.012417239,1.012417239,1.012417239
RW_reer,1.185127589,1.185360845,1.185589149,1.185810796,1.186023936
RW_rer,0.976561218,0.974881161,0.973186631,0.971477596,0.969754032
RW_rerdep,1,1,1,1,1
RW_rk,0.031776704,0.031768947,0.031760714,0.031752003,0.031742809
RW_rp,0,0,0,0,0
RW_rr,1.007417495,1.007417495,1.007417495,1.007417495,1.007417495
RW_rrstar,1.007417068,1.007417068,1.007417068,1.007417068,1.007417068
RW_sh,1,1,1,1,1
RW_si,1,1,1,1,1
RW_sj,1,1,1,1,1
RW_snt,1,1,1,1,1
RW_t,0,0,0,0,0
RW_tauc,0.077,0.077,0.077,0.077,0.077
RW_taud,0,0,0,0,0
RW_tauk,0,0,0,0,0
RW_taun,0.154,0.154,0.154,0.154,0.154
RW_tauwf,0.071,0.071,0.071,0.071,0.071
RW_tauwh,0.071,0.071,0.071,0.071,0.071
RW_tb,-0.023524678,-0.023519187,-0.023513317,-0.023507065,-0.02350043
RW_tby,-0.004930325,-0.004930325,-0.004930325,-0.004930325,-0.004930325
RW_ti,0,0,0,0,0
RW_tj,0,0,0,0,0
RW_tot,0.977025112,0.975256713,0.973488179,0.971719511,0.969950715
RW_tr,-0.011988872,-0.011986073,-0.011983081,-0.011979895,-0.011976514
RW_tri,-0.007992581,-0.007990715,-0.007988721,-0.007986597,-0.007984343
RW_trj,-0.023977743,-0.023972146,-0.023966163,-0.023959791,-0.023953028
RW_try,-0.002512639,-0.002512639,-0.002512639,-0.002512639,-0.002512639
RW_ttc,1.015302787,1.014841066,1.014348211,1.013824061,1.013268474
RW_tti,0.733251097,0.733259867,0.733267699,0.733274599,0.733280573
RW_ttcg,0.637556006,0.637559936,0.637563452,0.637566558,0.637569257
RW_ttig,0.15850137,0.158502684,0.158503863,0.158504907,0.158505818
RW_ty,0,0,0,0,0
RW_u,1,1,1,1,1
RW_utili,-25.00555023,-25.03725859,-25.07116362,-25.10728057,-25.14562382
RW_utilj,-286.4445124,-286.4762208,-286.5101258,-286.5462427,-286.584586
RW_vj,2.38,2.38,2.38,2.38,2.38
RW_w,1.214573593,1.214290082,1.213987003,1.213664235,1.213321665
RW_wcst,0,0,0,0,0
RW_whty,0.57688003,0.576877824,0.57687547,0.576872965,0.57687031
RW_wi,1.325390473,1.325081094,1.324750363,1.324398146,1.32402432
RW_witilde,1.325390473,1.325081094,1.324750363,1.324398146,1.32402432
RW_wj,1.065893465,1.06564466,1.065378682,1.065095425,1.064794791
RW_wjtilde,1.065893465,1.06564466,1.065378682,1.065095425,1.064794791
RW_wnty,0.552429668,0.552429668,0.552429668,0.552429668,0.552429668
RW_wy,0.565003361,0.565003361,0.565003361,0.565003361,0.565003361
RW_y,4.904055902,4.904085905,4.904115192,4.904143779,4.904171683
RW_ygap,0,0,0,0,0
RW_ygrowth,1,1,1,1,1
RW_ygrowth4,1,1,1,1,1
RW_yhty,0.514253883,0.514300283,0.514349823,0.514402525,0.514458409
RW_ynty,0.485746117,0.485699717,0.485650177,0.485597475,0.485541591
RW_yshare,0.582983974,0.583089746,0.583195556,0.583301404,0.583407291
RW_ysn,2.305287935,2.305075124,2.304846614,2.30460231,2.304342123
RW_yst,2.598767967,2.599010782,2.599268578,2.599541469,2.599829559
RW_zcon,1,1,1,1,1
RW_zinv,1,1,1,1,1
RW_zn,1,1,1,1,1
RW_zt,1,1,1,1,1
RW_gammav1,0.028706106,0.028706106,0.028706106,0.028706106,0.028706106
RW_gammav2,0.150338345,0.150338345,0.150338345,0.150338345,0.150338345
RW_nutc,0.722623309,0.721933326,0.721198065,0.720417361,0.719591082
RW_nuti,0.795931329,0.795943089,0.795953591,0.795962843,0.795970853
RW_nutcg,0.935441243,0.935445845,0.935449972,0.935453629,0.935456817
RW_nutig,0.891455197,0.891462715,0.891469478,0.89147549,0.891480755
RW_psit,0.059153025,0.059147686,0.059143362,0.059138764,0.059133889
RWEAA_rerbar,1.647190619,1.664922831,1.682149501,1.698839667,1.714956764
RWEAB_rerbar,1.448152974,1.45027524,1.452381864,1.454472456,1.456546631
RWEAC_rerbar,1.417402488,1.418807986,1.420196584,1.421567972,1.42292185
RWEAD_rerbar,1.570756598,1.570899591,1.571019091,1.571114899,1.571186796
RWEAE_rerbar,1.181878014,1.183274682,1.184658271,1.186028489,1.187385058
RWEAF_rerbar,1.381402263,1.381835221,1.382248729,1.382642576,1.38301657
RWEAG_rerbar,1.190400584,1.190584819,1.190751509,1.190900494,1.19103168
RWEAH_rerbar,1.458224686,1.459012344,1.459782228,1.460534069,1.461267606
RWEAI_rerbar,1.463900615,1.464807632,1.46569548,1.466563887,1.467412591
RWEAJ_rerbar,1.486775003,1.487302839,1.487809355,1.488294328,1.488757546
RWEAK_rerbar,1.477293532,1.477454375,1.477592919,1.477708976,1.477802344
RWEAL_rerbar,1.482397895,1.483370631,1.484323853,1.485257291,1.486170677
RWUS_rerbar,0.976561218,0.974881161,0.973186631,0.971477596,0.969754032
RW_pibar,0.980246081,0.98000679,0.979752832,0.979484102,0.979200501
RW_psinbar,0.184423035,0.18440601,0.184387729,0.184368185,0.18434737
RW_psitbar,0.153721635,0.153725472,0.153729483,0.153733669,0.153738032
RW_pybar,0.972954927,0.972721865,0.972473272,0.97220905,0.971929103
RW_qbar,0.980246081,0.98000679,0.979752832,0.979484102,0.979200501
RW_trybar,-0.002512639,-0.002512639,-0.002512639,-0.002512639,-0.002512639
RW_ybar,4.904055902,4.904085905,4.904115192,4.904143779,4.904171683
RW_ynbar,2.305287935,2.305075124,2.304846614,2.30460231,2.304342123
RW_ytbar,2.598767967,2.599010782,2.599268578,2.599541469,2.599829559
USEAA_excy,0.000289121,0.000296026,0.000302958,0.000309917,0.000316904
USEAB_excy,0.00016022,0.000160743,0.000161267,0.000161794,0.000162323
USEAC_excy,0.000357057,0.000358111,0.000359169,0.000360232,0.000361299
USEAD_excy,0.00072511,0.000726673,0.000728242,0.000729817,0.000731399
USEAE_excy,0.000102901,0.000103205,0.000103511,0.000103818,0.000104126
USEAF_excy,0.001394414,0.001397595,0.00140079,0.001403997,0.001407216
USEAG_excy,8.82E-05,8.84E-05,8.86E-05,8.88E-05,8.90E-05
USEAH_excy,0.000681847,0.000683591,0.000685341,0.000687098,0.000688862
USEAI_excy,0.00076541,0.000767297,0.000769192,0.000771095,0.000773005
USEAJ_excy,0.000913866,0.000916112,0.000918367,0.000920631,0.000922904
USEAK_excy,7.19E-05,7.21E-05,7.22E-05,7.24E-05,7.25E-05
USEAL_excy,0.002350864,0.002356972,0.002363105,0.002369262,0.002375444
USRW_excy,0.064782525,0.064654267,0.064525501,0.064396223,0.064266432
USEAA_exiy,0.00014817,0.000151709,0.000155261,0.000158828,0.000162408
USEAB_exiy,8.10E-05,8.12E-05,8.15E-05,8.17E-05,8.20E-05
USEAC_exiy,0.000212907,0.000213535,0.000214166,0.0002148,0.000215436
USEAD_exiy,0.000223486,0.000223968,0.000224452,0.000224937,0.000225424
USEAE_exiy,6.00E-05,6.02E-05,6.04E-05,6.06E-05,6.08E-05
USEAF_exiy,0.00066984,0.000671369,0.000672903,0.000674444,0.000675991
USEAG_exiy,2.17E-05,2.18E-05,2.18E-05,2.19E-05,2.19E-05
USEAH_exiy,0.000922438,0.000924796,0.000927164,0.000929541,0.000931927
USEAI_exiy,0.000231509,0.00023208,0.000232653,0.000233228,0.000233806
USEAJ_exiy,0.000470867,0.000472025,0.000473187,0.000474353,0.000475524
USEAK_exiy,2.20E-05,2.20E-05,2.21E-05,2.21E-05,2.22E-05
USEAL_exiy,0.001038576,0.001041275,0.001043984,0.001046705,0.001049436
USRW_exiy,0.038677127,0.038753597,0.038830369,0.038907446,0.038984829
US_fx,2.077950647,2.077314842,2.076675995,2.076034108,2.075389174
USEAA_gammaimc,0,0,0,0,0
USEAB_gammaimc,0,0,0,0,0
USEAC_gammaimc,0,0,0,0,0
USEAD_gammaimc,0,0,0,0,0
USEAE_gammaimc,0,0,0,0,0
USEAF_gammaimc,0,0,0,0,0
USEAG_gammaimc,0,0,0,0,0
USEAH_gammaimc,0,0,0,0,0
USEAI_gammaimc,0,0,0,0,0
USEAJ_gammaimc,0,0,0,0,0
USEAK_gammaimc,0,0,0,0,0
USEAL_gammaimc,0,0,0,0,0
USRW_gammaimc,0,0,0,0,0
USEAA_gammaimcdag,1,1,1,1,1
USEAB_gammaimcdag,1,1,1,1,1
USEAC_gammaimcdag,1,1,1,1,1
USEAD_gammaimcdag,1,1,1,1,1
USEAE_gammaimcdag,1,1,1,1,1
USEAF_gammaimcdag,1,1,1,1,1
USEAG_gammaimcdag,1,1,1,1,1
USEAH_gammaimcdag,1,1,1,1,1
USEAI_gammaimcdag,1,1,1,1,1
USEAJ_gammaimcdag,1,1,1,1,1
USEAK_gammaimcdag,1,1,1,1,1
USEAL_gammaimcdag,1,1,1,1,1
USRW_gammaimcdag,1,1,1,1,1
USEAA_gammaimi,0,0,0,0,0
USEAB_gammaimi,0,0,0,0,0
USEAC_gammaimi,0,0,0,0,0
USEAD_gammaimi,0,0,0,0,0
USEAE_gammaimi,0,0,0,0,0
USEAF_gammaimi,0,0,0,0,0
USEAG_gammaimi,0,0,0,0,0
USEAH_gammaimi,0,0,0,0,0
USEAI_gammaimi,0,0,0,0,0
USEAJ_gammaimi,0,0,0,0,0
USEAK_gammaimi,0,0,0,0,0
USEAL_gammaimi,0,0,0,0,0
USRW_gammaimi,0,0,0,0,0
USEAA_gammaimidag,1,1,1,1,1
USEAB_gammaimidag,1,1,1,1,1
USEAC_gammaimidag,1,1,1,1,1
USEAD_gammaimidag,1,1,1,1,1
USEAE_gammaimidag,1,1,1,1,1
USEAF_gammaimidag,1,1,1,1,1
USEAG_gammaimidag,1,1,1,1,1
USEAH_gammaimidag,1,1,1,1,1
USEAI_gammaimidag,1,1,1,1,1
USEAJ_gammaimidag,1,1,1,1,1
USEAK_gammaimidag,1,1,1,1,1
USEAL_gammaimidag,1,1,1,1,1
USRW_gammaimidag,1,1,1,1,1
USEAA_gammaimcg,0,0,0,0,0
USEAB_gammaimcg,0,0,0,0,0
USEAC_gammaimcg,0,0,0,0,0
USEAD_gammaimcg,0,0,0,0,0
USEAE_gammaimcg,0,0,0,0,0
USEAF_gammaimcg,0,0,0,0,0
USEAG_gammaimcg,0,0,0,0,0
USEAH_gammaimcg,0,0,0,0,0
USEAI_gammaimcg,0,0,0,0,0
USEAJ_gammaimcg,0,0,0,0,0
USEAK_gammaimcg,0,0,0,0,0
USEAL_gammaimcg,0,0,0,0,0
USRW_gammaimcg,0,0,0,0,0
USEAA_gammaimcgdag,1,1,1,1,1
USEAB_gammaimcgdag,1,1,1,1,1
USEAC_gammaimcgdag,1,1,1,1,1
USEAD_gammaimcgdag,1,1,1,1,1
USEAE_gammaimcgdag,1,1,1,1,1
USEAF_gammaimcgdag,1,1,1,1,1
USEAG_gammaimcgdag,1,1,1,1,1
USEAH_gammaimcgdag,1,1,1,1,1
USEAI_gammaimcgdag,1,1,1,1,1
USEAJ_gammaimcgdag,1,1,1,1,1
USEAK_gammaimcgdag,1,1,1,1,1
USEAL_gammaimcgdag,1,1,1,1,1
USRW_gammaimcgdag,1,1,1,1,1
USEAA_gammaimig,0,0,0,0,0
USEAB_gammaimig,0,0,0,0,0
USEAC_gammaimig,0,0,0,0,0
USEAD_gammaimig,0,0,0,0,0
USEAE_gammaimig,0,0,0,0,0
USEAF_gammaimig,0,0,0,0,0
USEAG_gammaimig,0,0,0,0,0
USEAH_gammaimig,0,0,0,0,0
USEAI_gammaimig,0,0,0,0,0
USEAJ_gammaimig,0,0,0,0,0
USEAK_gammaimig,0,0,0,0,0
USEAL_gammaimig,0,0,0,0,0
USRW_gammaimig,0,0,0,0,0
USEAA_gammaimigdag,1,1,1,1,1
USEAB_gammaimigdag,1,1,1,1,1
USEAC_gammaimigdag,1,1,1,1,1
USEAD_gammaimigdag,1,1,1,1,1
USEAE_gammaimigdag,1,1,1,1,1
USEAF_gammaimigdag,1,1,1,1,1
USEAG_gammaimigdag,1,1,1,1,1
USEAH_gammaimigdag,1,1,1,1,1
USEAI_gammaimigdag,1,1,1,1,1
USEAJ_gammaimigdag,1,1,1,1,1
USEAK_gammaimigdag,1,1,1,1,1
USEAL_gammaimigdag,1,1,1,1,1
USRW_gammaimigdag,1,1,1,1,1
US_gx,2.493540776,2.49277781,2.492011194,2.491240929,2.490467008
USEAA_im,0.002216962,0.00217071,0.002126209,0.00208336,0.002042071
USEAB_im,0.002847276,0.002837691,0.002828127,0.002818584,0.002809061
USEAC_im,0.003644008,0.003633122,0.003622253,0.003611401,0.003600566
USEAD_im,0.00839969,0.008381181,0.008362676,0.008344177,0.008325683
USEAE_im,0.002258374,0.002251399,0.002244435,0.002237482,0.002230541
USEAF_im,0.019994527,0.019947533,0.019900562,0.019853612,0.019806684
USEAG_im,0.001994673,0.001990204,0.001985737,0.001981271,0.001976808
USEAH_im,0.002147865,0.002142459,0.002137055,0.002131655,0.002126257
USEAI_im,0.013929414,0.013893973,0.01385856,0.013823176,0.013787822
USEAJ_im,0.005333692,0.005320454,0.005307226,0.005294009,0.005280802
USEAK_im,0.001573747,0.001570269,0.001566791,0.001563314,0.001559839
USEAL_im,0.023680811,0.023617511,0.023554275,0.023491104,0.023427998
USRW_im,0.471127854,0.470199726,0.469271431,0.46834297,0.467414347
USEAA_imc,0.001433215,0.001403314,0.001374546,0.001346845,0.001320152
USEAB_imc,0.001838568,0.001832378,0.001826202,0.00182004,0.001813891
USEAC_imc,0.002355722,0.002348685,0.002341659,0.002334643,0.002327639
USEAD_imc,0.005428523,0.005416561,0.005404602,0.005392646,0.005380694
USEAE_imc,0.001457762,0.001453259,0.001448764,0.001444276,0.001439796
USEAF_imc,0.012919366,0.012889001,0.01285865,0.012828314,0.012797992
USEAG_imc,0.001288513,0.001285626,0.00128274,0.001279856,0.001276972
USEAH_imc,0.001386946,0.001383456,0.001379966,0.001376479,0.001372993
USEAI_imc,0.008999951,0.008977052,0.008954171,0.00893131,0.008908467
USEAJ_imc,0.003446488,0.003437934,0.003429387,0.003420846,0.003412312
USEAK_imc,0.001016232,0.001013985,0.001011739,0.001009495,0.00100725
USEAL_imc,0.01529612,0.015255233,0.015214387,0.015173583,0.015132821
USRW_imc,0.30439641,0.303796746,0.303196973,0.302597093,0.301997108
USEAL_imcy,0.004506,0.004506,0.004506,0.004506,0.004506
USEAA_imi,0.000569998,0.000558106,0.000546664,0.000535648,0.000525032
USEAB_imi,0.000733281,0.000730812,0.000728349,0.000725891,0.000723439
USEAC_imi,0.000938608,0.000935804,0.000933005,0.000930209,0.000927419
USEAD_imi,0.002160559,0.002155798,0.002151038,0.00214628,0.002141522
USEAE_imi,0.000583105,0.000581304,0.000579506,0.000577711,0.000575918
USEAF_imi,0.005143506,0.005131417,0.005119334,0.005107256,0.005095184
USEAG_imi,0.000513571,0.00051242,0.00051127,0.00051012,0.000508971
USEAH_imi,0.000553395,0.000552002,0.00055061,0.000549219,0.000547828
USEAI_imi,0.003583152,0.003574035,0.003564925,0.003555823,0.003546729
USEAJ_imi,0.001371903,0.001368498,0.001365096,0.001361696,0.001358299
USEAK_imi,0.000405787,0.00040489,0.000403993,0.000403097,0.000402201
USEAL_imi,0.006089933,0.006073655,0.006057392,0.006041147,0.006024918
USRW_imi,0.121214875,0.12097608,0.120737242,0.120498362,0.120259439
USEAL_imiy,0.001794,0.001794,0.001794,0.001794,0.001794
USEAA_imcg,0.00015072,0.000147576,0.000144551,0.000141638,0.000138831
USEAB_imcg,0.000193157,0.000192507,0.000191858,0.00019121,0.000190564
USEAC_imcg,0.000246615,0.000245878,0.000245142,0.000244408,0.000243675
USEAD_imcg,0.000571256,0.000569997,0.000568738,0.00056748,0.000566222
USEAE_imcg,0.000152718,0.000152246,0.000151775,0.000151305,0.000150836
USEAF_imcg,0.001359734,0.001356538,0.001353344,0.001350151,0.00134696
USEAG_imcg,0.000137564,0.000137255,0.000136947,0.000136639,0.000136332
USEAH_imcg,0.000145266,0.000144901,0.000144535,0.00014417,0.000143805
USEAI_imcg,0.000946625,0.000944217,0.00094181,0.000939405,0.000937003
USEAJ_imcg,0.000361379,0.000360482,0.000359586,0.000358691,0.000357796
USEAK_imcg,0.000105857,0.000105623,0.00010539,0.000105156,0.000104922
USEAL_imcg,0.00161923,0.001614901,0.001610577,0.001606258,0.001601943
USRW_imcg,0.032048803,0.031985666,0.031922518,0.031859359,0.031796189
USEAL_imcgy,0.000477,0.000477,0.000477,0.000477,0.000477
USEAA_imig,6.30E-05,6.17E-05,6.04E-05,5.92E-05,5.81E-05
USEAB_imig,8.23E-05,8.20E-05,8.17E-05,8.14E-05,8.12E-05
USEAC_imig,0.000103063,0.000102755,0.000102448,0.000102141,0.000101834
USEAD_imig,0.000239353,0.000238825,0.000238298,0.000237771,0.000237244
USEAE_imig,6.48E-05,6.46E-05,6.44E-05,6.42E-05,6.40E-05
USEAF_imig,0.000571921,0.000570577,0.000569234,0.000567891,0.000566548
USEAG_imig,5.50E-05,5.49E-05,5.48E-05,5.47E-05,5.45E-05
USEAH_imig,6.23E-05,6.21E-05,6.19E-05,6.18E-05,6.16E-05
USEAI_imig,0.000399686,0.000398669,0.000397653,0.000396638,0.000395623
USEAJ_imig,0.000153921,0.000153539,0.000153157,0.000152776,0.000152395
USEAK_imig,4.59E-05,4.58E-05,4.57E-05,4.56E-05,4.55E-05
USEAL_imig,0.000675528,0.000673722,0.000671918,0.000670116,0.000668316
USRW_imig,0.013467766,0.013441235,0.013414698,0.013388157,0.013361611
USEAL_imigy,0.000199,0.000199,0.000199,0.000199,0.000199
US_piex,1.004962932,1.004962932,1.004962932,1.004962932,1.004962932
US_pextilde,0.944635933,0.944327636,0.944018103,0.943707332,0.943395323
USEAA_rer,1.686725407,1.707821321,1.72849631,1.748717289,1.768445098
USEAB_rer,1.482910591,1.487643108,1.492398085,1.497175501,1.501975329
USEAC_rer,1.451422053,1.455365068,1.459326032,1.463304947,1.467301815
USEAD_rer,1.608456867,1.611375473,1.614304021,1.617242544,1.620191043
USEAE_rer,1.210244675,1.213763,1.217298135,1.220850068,1.22441879
USEAF_rer,1.414557774,1.417439661,1.420332632,1.423236709,1.426151915
USEAG_rer,1.218971798,1.221261491,1.223559255,1.225865114,1.228179148
USEAH_rer,1.493224038,1.496605333,1.500002345,1.503415082,1.506843548
USEAI_rer,1.499036197,1.502549943,1.506078519,1.509621934,1.513180192
USEAJ_rer,1.522459601,1.525624762,1.528801679,1.531990377,1.535190881
USEAK_rer,1.512750562,1.515522543,1.518303759,1.521094241,1.523893993
USEAL_rer,1.517977436,1.521591237,1.525220144,1.528864173,1.532523329
USRW_rer,1.024001344,1.025766053,1.027552135,1.029359817,1.03118932
US_sx,1,1,1,1,1
USEAA_tot,1.859571755,1.898889582,1.938320026,1.977865377,2.017527831
USEAB_tot,1.424643094,1.429226073,1.433828339,1.438449963,1.443091006
USEAC_tot,1.384453644,1.388379249,1.392320841,1.396278489,1.400252256
USEAD_tot,1.596780343,1.600050207,1.60333231,1.606626717,1.609933452
USEAE_tot,1.10115033,1.104384692,1.107632776,1.110894629,1.114170306
USEAF_tot,1.345436179,1.348389622,1.351354459,1.354330742,1.357318532
USEAG_tot,1.111322709,1.113639566,1.115964963,1.118298943,1.120641637
USEAH_tot,1.473354591,1.476835482,1.48033095,1.483841059,1.487365869
USEAI_tot,1.453477385,1.456951421,1.460438983,1.463940134,1.467454933
USEAJ_tot,1.522940642,1.526485115,1.530043114,1.533614705,1.537199949
USEAK_tot,1.44418352,1.447151013,1.450129429,1.453118827,1.456119232
USEAL_tot,1.501178947,1.504961133,1.508758321,1.512570576,1.516397954
USRW_tot,1.023515146,1.02537105,1.02723384,1.029103551,1.030980219
USEAA_weight,0.006023714,0.00610598,0.006188352,0.006270829,0.006353413
USEAB_weight,0.004797218,0.00480067,0.004804135,0.004807613,0.004811105
USEAC_weight,0.007056173,0.007063048,0.00706995,0.007076877,0.007083831
USEAD_weight,0.016475067,0.016483047,0.016491059,0.016499101,0.016507174
USEAE_weight,0.002939438,0.002941317,0.002943202,0.002945095,0.002946996
USEAF_weight,0.033163081,0.03318062,0.033198227,0.033215901,0.033233644
USEAG_weight,0.002419488,0.002420206,0.002420927,0.002421651,0.002422378
USEAH_weight,0.009000226,0.009015157,0.009030145,0.009045189,0.009060291
USEAI_weight,0.02249335,0.022502051,0.022510786,0.022519554,0.022528357
USEAJ_weight,0.01323972,0.01325318,0.013266691,0.013280254,0.013293868
USEAK_weight,0.002469698,0.002470397,0.002471099,0.002471803,0.002472511
USEAL_weight,0.046931348,0.046963927,0.046996632,0.047029463,0.04706242
USRW_weight,0.832991478,0.832800398,0.832608796,0.832416668,0.832224013
USEAA_weightex,0.00535756,0.005514309,0.005671232,0.005828329,0.005985603
USEAB_weightex,0.003120424,0.003127299,0.003134198,0.003141124,0.003148074
USEAC_weightex,0.005955971,0.005969259,0.005982596,0.005995981,0.006009415
USEAD_weightex,0.011484813,0.011500909,0.011517064,0.011533279,0.011549554
USEAE_weightex,0.001910035,0.001913797,0.001917573,0.001921363,0.001925167
USEAF_weightex,0.023261768,0.023296951,0.023332262,0.023367704,0.023403276
USEAG_weightex,0.001320427,0.001321993,0.001323565,0.001325143,0.001326727
USEAH_weightex,0.012445461,0.012473266,0.012501172,0.012529178,0.012557287
USEAI_weightex,0.012812697,0.012831012,0.012849396,0.012867847,0.012886367
USEAJ_weightex,0.013166671,0.013192311,0.013218043,0.013243869,0.01326979
USEAK_weightex,0.001332924,0.001334461,0.001336003,0.001337551,0.001339104
USEAL_weightex,0.036656658,0.036720544,0.036784664,0.036849019,0.036913611
USRW_weightex,0.871174592,0.87080389,0.870432232,0.870059612,0.869686025
USEAA_weightim,0.00676054,0.00676054,0.00676054,0.00676054,0.00676054
USEAB_weightim,0.006651903,0.006651903,0.006651903,0.006651903,0.006651903
USEAC_weightim,0.008273096,0.008273096,0.008273096,0.008273096,0.008273096
USEAD_weightim,0.021994735,0.021994735,0.021994735,0.021994735,0.021994735
USEAE_weightim,0.004078051,0.004078051,0.004078051,0.004078051,0.004078051
USEAF_weightim,0.044114821,0.044114821,0.044114821,0.044114821,0.044114821
USEAG_weightim,0.003635148,0.003635148,0.003635148,0.003635148,0.003635148
USEAH_weightim,0.005189487,0.005189487,0.005189487,0.005189487,0.005189487
USEAI_weightim,0.03320102,0.03320102,0.03320102,0.03320102,0.03320102
USEAJ_weightim,0.01332052,0.01332052,0.01332052,0.01332052,0.01332052
USEAK_weightim,0.003727071,0.003727071,0.003727071,0.003727071,0.003727071
USEAL_weightim,0.058296077,0.058296075,0.058296075,0.058296077,0.058296076
USRW_weightim,0.790757531,0.790757531,0.790757531,0.790757531,0.790757531
US_b,11.55309318,11.54747107,11.54182581,11.53615737,11.53046574
US_bf,-4.98266491,-4.989625169,-4.996603439,-5.003599822,-5.010614405
US_by,2.4,2.4,2.4,2.4,2.4
US_c,2.826875631,2.825384886,2.823888133,2.822385366,2.820876577
US_ci,3.413720043,3.411912455,3.410097592,3.408275442,3.406446
US_cj,1.066342396,1.065802177,1.065259758,1.064715135,1.064168308
US_cy,0.587245459,0.587221538,0.587197523,0.587173411,0.587149204
US_d,0.652484318,0.652166797,0.65184797,0.651527833,0.651206387
US_dn,0.35349656,0.353256558,0.353015629,0.352773771,0.352530985
US_dt,0.298987758,0.298910239,0.29883234,0.298754062,0.298675402
US_etot,1.086131631,1.088424184,1.090726627,1.093039021,1.095361426
US_ex,0.674497039,0.674510796,0.674524457,0.674538023,0.674551495
US_fh,6.173016243,6.171069173,6.169113238,6.167148417,6.165174691
US_fi,1309.804728,1295.76836,1281.818928,1267.956713,1254.181999
US_fj,48.51128623,47.99142074,47.47477513,46.96135975,46.45118514
US_fn,6.994870264,6.990121196,6.985353771,6.980567977,6.975763804
US_cg,0.799925721,0.799689335,0.799451745,0.799212946,0.798972934
US_gammai,0,0,0,0,0
US_gammaider,0,0,0,0,0
US_gammau,0,0,0,0,0
US_gammauder,0.032417068,0.032417068,0.032417068,0.032417068,0.032417068
US_gammav,0.000285565,0.000285415,0.000285263,0.000285112,0.000284959
US_gammavi,0.000101018,0.000101018,0.000101018,0.000101018,0.000101018
US_gammavider,0.002165194,0.002165194,0.002165194,0.002165194,0.002165194
US_gammavj,0.000101018,0.000101018,0.000101018,0.000101018,0.000101018
US_gammavjder,0.002165194,0.002165194,0.002165194,0.002165194,0.002165194
US_gh,7.407619491,7.405283007,7.402935886,7.400578101,7.398209629
US_gi,18.99940946,18.94132682,18.88315561,18.82489707,18.76655253
US_gj,20.27449629,20.21205257,20.14951534,20.08688593,20.02416577
US_gn,8.937889782,8.931821528,8.925729818,8.919614637,8.913475972
US_cgy,0.16,0.16,0.16,0.16,0.16
US_ht,2.003744018,2.003765965,2.003787671,2.003809132,2.003830344
US_htc,0.647815429,0.647987481,0.648160061,0.648333165,0.648506792
US_hti,0.603914524,0.603869034,0.603823295,0.603777306,0.603731066
US_htcg,0.607189073,0.607102995,0.607016491,0.606929559,0.606842199
US_htig,0.144824992,0.144806454,0.144787824,0.144769102,0.144750286
US_i,0.984234214,0.983685402,0.983134096,0.982580292,0.982023985
US_ig,0.199124269,0.199047518,0.198970386,0.198892872,0.198814974
US_ii,1.312312285,1.311580536,1.310845462,1.310107056,1.309365313
US_im,0.543297243,0.541983729,0.540669832,0.539355576,0.538040986
US_imc,0.351021856,0.35017315,0.349324196,0.348475009,0.347625607
US_imi,0.139783898,0.139445971,0.139107945,0.138769828,0.138431624
US_imcg,0.03696019,0.036870836,0.036781457,0.036692054,0.036602628
US_imig,0.015531299,0.015493772,0.015456234,0.015418685,0.015381127
US_imy,0.119665,0.119665,0.119665,0.119665,0.119665
US_internalrer,1.016887162,1.015934196,1.014978287,1.01401944,1.013057662
US_igy,0.04,0.04,0.04,0.04,0.04
US_k,39.36936856,39.34741608,39.32536385,39.30321168,39.28095939
US_kd,39.36936856,39.34741608,39.32536385,39.30321168,39.28095939
US_kdn,18.26250746,18.24881254,18.23506052,18.22125133,18.2073849
US_kdt,21.1068611,21.09860354,21.09030333,21.08196035,21.07357449
US_ki,52.49249142,52.46322144,52.43381847,52.40428224,52.37461252
US_lambdai,0.90223895,0.902716945,0.903197373,0.903680245,0.904165569
US_lambdaj,2.888369812,2.88983383,2.891305304,2.892784262,2.894270732
US_lcy,0.6051186,0.6051186,0.6051186,0.6051186,0.6051186
US_m,1.18776287,1.187136507,1.186507619,1.185876204,1.185242259
US_mcn,0.787196611,0.786939697,0.786681752,0.786422777,0.786162769
US_mct,0.787196611,0.786939697,0.786681752,0.786422777,0.786162769
US_mi,1.434336152,1.433576662,1.432814114,1.432048505,1.431279832
US_mj,0.448043024,0.447816041,0.447588133,0.4473593,0.447129541
US_nd,2.235768232,2.235790574,2.235813007,2.235835529,2.235858143
US_ndi,0.8942672,0.894281539,0.894295936,0.894310391,0.894324904
US_ndj,1.435654349,1.435661986,1.435669652,1.43567735,1.435685078
US_ndn,1.037119352,1.036930176,1.036740198,1.036549416,1.036357829
US_ndt,1.19864888,1.198860399,1.199072809,1.199286113,1.199500314
US_ni,0.8942672,0.894281539,0.894295936,0.894310391,0.894324904
US_nj,1.435654349,1.435661986,1.435669652,1.43567735,1.435685078
US_nt,2.270515562,2.269714785,2.268910494,2.268102681,2.26729134
US_ntc,1.832291871,1.83162453,1.830954325,1.830281249,1.829605297
US_nti,0.242648985,0.242561879,0.242474358,0.242386423,0.242298071
US_ntcg,0.156526928,0.156491253,0.156455396,0.156419358,0.156383138
US_ntig,0.039047779,0.039037123,0.039026414,0.039015651,0.039004834
US_pex,0.944635933,0.944327636,0.944018103,0.943707332,0.943395323
US_pht,0.944635933,0.944327636,0.944018103,0.943707332,0.943395323
US_phttilde,0.944635933,0.944327636,0.944018103,0.943707332,0.943395323
US_pi,0.978179534,0.978248995,0.978319052,0.978389711,0.978460974
US_pcg,0.962847165,0.962663088,0.962478422,0.962293168,0.962107329
US_pig,0.966991889,0.966894002,0.966795951,0.96669774,0.966599372
US_pic,1.004962932,1.004962932,1.004962932,1.004962932,1.004962932
US_pic4,1.02,1.02,1.02,1.02,1.02
US_piex4,1.02,1.02,1.02,1.02,1.02
US_piht,1.004962932,1.004962932,1.004962932,1.004962932,1.004962932
US_piimc,1.004962932,1.004962932,1.004962932,1.004962932,1.004962932
US_piimi,1.004962932,1.004962932,1.004962932,1.004962932,1.004962932
US_piimcg,1.004962932,1.004962932,1.004962932,1.004962932,1.004962932
US_piimig,1.004962932,1.004962932,1.004962932,1.004962932,1.004962932
US_piimc4,1.02,1.02,1.02,1.02,1.02
US_pim,1.060270502,1.062322885,1.064383861,1.066453447,1.068531657
US_pimc,1.060270398,1.062322936,1.064384069,1.066453815,1.068532186
US_pimi,1.060257533,1.062309704,1.064370466,1.066439836,1.068517828
US_pimcg,1.060304488,1.06235681,1.064417717,1.066487222,1.068565359
US_pimig,1.060308682,1.06235962,1.064419135,1.066487241,1.068563954
US_pint,1.004962932,1.004962932,1.004962932,1.004962932,1.004962932
US_piw,1.004962932,1.004962932,1.004962932,1.004962932,1.004962932
US_piw4,1.02,1.02,1.02,1.02,1.02
US_pnt,1.005862336,1.005534057,1.005204461,1.004873548,1.004541316
US_pnttilde,1.005862336,1.005534057,1.005204461,1.004873548,1.004541316
US_pttc,0.98915826,0.98976298,0.990370409,0.990980555,0.991593424
US_ptti,0.969037772,0.969237374,0.969438234,0.969640359,0.969843754
US_pttcg,0.952240242,0.952091271,0.95194189,0.951792102,0.95164191
US_pttig,0.957393953,0.957352275,0.957310723,0.9572693,0.957228011
US_py,0.972726929,0.972403901,0.97207958,0.971753964,0.971427054
US_q,0.978179534,0.978248995,0.978319052,0.978389711,0.978460974
US_qc,2.827161196,2.8256703,2.824173396,2.822670477,2.821161536
US_qi,0.984234214,0.983685402,0.983134096,0.982580292,0.982023985
US_qcg,0.799925721,0.799689335,0.799451745,0.799212946,0.798972934
US_qig,0.199124269,0.199047518,0.198970386,0.198892872,0.198814974
US_r,1.012417239,1.012417239,1.012417239,1.012417239,1.012417239
US_reer,1.090554458,1.092686866,1.094840027,1.097013998,1.099208801
US_rer,1,1,1,1,1
US_rk,0.031709712,0.031711964,0.031714235,0.031716526,0.031718836
US_rr,1.007417495,1.007417495,1.007417495,1.007417495,1.007417495
US_rrstar,1.007417068,1.007417068,1.007417068,1.007417068,1.007417068
US_sh,1,1,1,1,1
US_si,1,1,1,1,1
US_sj,1,1,1,1,1
US_snt,1,1,1,1,1
US_t,0,0,0,0,0
US_tauc,0.077,0.077,0.077,0.077,0.077
US_taud,0,0,0,0,0
US_tauk,0,0,0,0,0
US_taun,0.154,0.154,0.154,0.154,0.154
US_tauwf,0.071,0.071,0.071,0.071,0.071
US_tauwh,0.071,0.071,0.071,0.071,0.071
US_tb,0.0611121,0.061197467,0.061283055,0.061368865,0.061454899
US_tby,0.012695218,0.012719142,0.01274316,0.012767274,0.012791483
US_ti,0,0,0,0,0
US_tj,0,0,0,0,0
US_tr,-0.018803805,-0.018803755,-0.018803695,-0.018803625,-0.018803544
US_tri,-0.01253587,-0.012535837,-0.012535797,-0.01253575,-0.012535696
US_trj,-0.037607609,-0.037607511,-0.037607391,-0.03760725,-0.037607088
US_try,-0.00384797,-0.00385746,-0.003859061,-0.003860668,-0.00386228
US_ttc,0.994914418,0.994085933,0.993254575,0.992420345,0.991583244
US_tti,0.741649409,0.741185849,0.740720229,0.740252545,0.739782794
US_ttcg,0.643494828,0.643293494,0.643091136,0.642887749,0.642683331
US_ttig,0.160095917,0.160029593,0.15996294,0.15989596,0.159828651
US_ty,0,0,0,0,0
US_u,1,1,1,1,1
US_utili,-29.14190823,-29.21540464,-29.28923529,-29.36340111,-29.43790294
US_utilj,-288.7733663,-288.8443313,-288.9156203,-288.9872341,-289.0591736
US_vj,2.38,2.38,2.38,2.38,2.38
US_w,1.216497681,1.215893542,1.21528693,1.21467784,1.214066272
US_wcst,0,0,0,0,0
US_whty,0.576353778,0.576349624,0.576345453,0.576341267,0.576337064
US_wi,1.326689582,1.326029615,1.325366946,1.324701573,1.324033493
US_witilde,1.326689582,1.326029615,1.325366946,1.324701573,1.324033493
US_wj,1.068078742,1.067549,1.067017087,1.066483002,1.065946743
US_wjtilde,1.068078742,1.067549,1.067017087,1.066483002,1.065946743
US_wnty,0.552429668,0.552429668,0.552429668,0.552429668,0.552429668
US_wy,0.565003361,0.565003361,0.565003361,0.565003361,0.565003361
US_y,4.948756619,4.947991545,4.947222622,4.946449837,4.945673179
US_ygap,0,0,0,0,0
US_ygrowth,1,1,1,1,1
US_ygrowth4,1,1,1,1,1
US_yhty,0.525565792,0.525657072,0.525748735,0.525840784,0.525933219
US_ynty,0.474434208,0.474342928,0.474251264,0.474159216,0.474066781
US_yshare,0.227875034,0.22746665,0.227058117,0.226649436,0.226240607
US_ysn,2.270515562,2.269714785,2.268910494,2.268102681,2.26729134
US_yst,2.678241057,2.67827676,2.678312128,2.678347156,2.678381839
US_zcon,1,1,1,1,1
US_zinv,1,1,1,1,1
US_zn,1,1,1,1,1
US_zt,1,1,1,1,1
US_gammav1,0.028706106,0.028706106,0.028706106,0.028706106,0.028706106
US_gammav2,0.150338345,0.150338345,0.150338345,0.150338345,0.150338345
US_nutc,0.580312949,0.579590718,0.578866423,0.578140069,0.577411663
US_nuti,0.763987425,0.763390955,0.762791957,0.762190429,0.761586367
US_nutcg,0.924855136,0.924620477,0.924384548,0.924147347,0.923908865
US_nutig,0.874777714,0.874409637,0.874039705,0.87366791,0.873294247
US_psit,0.058185536,0.058177909,0.058170252,0.058162565,0.058154849
USEAA_rerbar,1.686725407,1.707821321,1.72849631,1.748717289,1.768445098
USEAB_rerbar,1.482910591,1.487643108,1.492398085,1.497175501,1.501975329
USEAC_rerbar,1.451422053,1.455365068,1.459326032,1.463304947,1.467301815
USEAD_rerbar,1.608456867,1.611375473,1.614304021,1.617242544,1.620191043
USEAE_rerbar,1.210244675,1.213763,1.217298135,1.220850068,1.22441879
USEAF_rerbar,1.414557774,1.417439661,1.420332632,1.423236709,1.426151915
USEAG_rerbar,1.218971798,1.221261491,1.223559255,1.225865114,1.228179148
USEAH_rerbar,1.493224038,1.496605333,1.500002345,1.503415082,1.506843548
USEAI_rerbar,1.499036197,1.502549943,1.506078519,1.509621934,1.513180192
USEAJ_rerbar,1.522459601,1.525624762,1.528801679,1.531990377,1.535190881
USEAK_rerbar,1.512750562,1.515522543,1.518303759,1.521094241,1.523893993
USEAL_rerbar,1.517977436,1.521591237,1.525220144,1.528864173,1.532523329
USRW_rerbar,1.024001344,1.025766053,1.027552135,1.029359817,1.03118932
US_pibar,0.978179534,0.978248995,0.978319052,0.978389711,0.978460974
US_psinbar,0.181641245,0.181577183,0.18151284,0.181448214,0.181383307
US_psitbar,0.155834891,0.155816541,0.155798091,0.155779541,0.155760893
US_pybar,0.972726929,0.972403901,0.97207958,0.971753964,0.971427054
US_qbar,0.978179534,0.978248995,0.978319052,0.978389711,0.978460974
US_trybar,-0.003906238,-0.003908129,-0.003910029,-0.003911935,-0.003913849
US_ybar,4.948756619,4.947991545,4.947222622,4.946449837,4.945673179
US_ynbar,2.270515562,2.269714785,2.268910494,2.268102681,2.26729134
US_ytbar,2.678241057,2.67827676,2.678312128,2.678347156,2.678381839
EAAEAB_numc,0.047619451,0.047697211,0.047775049,0.047852963,0.047930952
EAAEAB_numi,0.046947322,0.047021712,0.047096169,0.047170691,0.047245277
EAAEAB_numcg,0.048807685,0.048886915,0.048966219,0.049045596,0.049125045
EAAEAB_numig,0.046989685,0.047064139,0.047138659,0.047213245,0.047287894
EAAEAC_numc,0.049463765,0.049516283,0.049568829,0.049621403,0.049674005
EAAEAC_numi,0.032578465,0.032611479,0.032644506,0.032677547,0.032710601
EAAEAC_numcg,0.06954972,0.069622893,0.069696099,0.069769339,0.069842611
EAAEAC_numig,0.03261985,0.032652904,0.032685971,0.032719051,0.032752144
EAAEAD_numc,0.031847756,0.031844014,0.031840253,0.031836475,0.031832677
EAAEAD_numi,0.026148035,0.026143699,0.026139347,0.026134979,0.026130594
EAAEAD_numcg,0.027704584,0.027701062,0.027697522,0.027693964,0.027690388
EAAEAD_numig,0.026182258,0.026177915,0.026173555,0.02616918,0.026164787
EAAEAE_numc,0.011371618,0.011385425,0.011399247,0.011413086,0.01142694
EAAEAE_numi,0.015015254,0.015032758,0.015050281,0.015067821,0.01508538
EAAEAE_numcg,0.009972601,0.009984612,0.009996637,0.010008675,0.010020725
EAAEAE_numig,0.014993715,0.015011193,0.015028689,0.015046203,0.015063736
EAAEAF_numc,0.065917703,0.065924499,0.065931273,0.065938026,0.065944759
EAAEAF_numi,0.066852928,0.066856589,0.066860224,0.066863834,0.066867418
EAAEAF_numcg,0.07122208,0.071228736,0.071235364,0.071241964,0.071248538
EAAEAF_numig,0.06687638,0.066880038,0.066883669,0.066887275,0.066890855
EAAEAG_numc,0.004881288,0.004880984,0.004880677,0.004880366,0.004880052
EAAEAG_numi,0.001626653,0.001626473,0.001626292,0.001626109,0.001625926
EAAEAG_numcg,0.003038439,0.003038221,0.003038,0.003037777,0.003037552
EAAEAG_numig,0.001595268,0.001595091,0.001594913,0.001594735,0.001594554
EAAEAH_numc,0.014167683,0.014172693,0.014177715,0.014182748,0.014187792
EAAEAH_numi,0.018225369,0.018230934,0.018236511,0.018242102,0.018247704
EAAEAH_numcg,0.026698989,0.026708174,0.026717379,0.026726602,0.026735844
EAAEAH_numig,0.018192357,0.01819791,0.018203477,0.018209055,0.018214646
EAAEAI_numc,0.086040308,0.086074293,0.086108255,0.086142195,0.086176113
EAAEAI_numi,0.091628422,0.091660185,0.091691915,0.091723613,0.091755278
EAAEAI_numcg,0.0649621,0.064987133,0.065012144,0.065037133,0.065062101
EAAEAI_numig,0.091653684,0.091685449,0.091717181,0.09174888,0.091780546
EAAEAJ_numc,0.034901376,0.034911882,0.03492237,0.03493284,0.034943293
EAAEAJ_numi,0.02335177,0.023357671,0.023363557,0.02336943,0.023375289
EAAEAJ_numcg,0.029942301,0.029951025,0.029959732,0.029968422,0.029977094
EAAEAJ_numig,0.023333532,0.023339427,0.023345307,0.023351173,0.023357026
EAAEAK_numc,0.006131758,0.006131102,0.006130441,0.006129775,0.006129105
EAAEAK_numi,0.002409728,0.002409354,0.002408978,0.0024086,0.002408219
EAAEAK_numcg,0.002988161,0.002987812,0.002987461,0.002987108,0.002986752
EAAEAK_numig,0.002363235,0.002362867,0.002362498,0.002362127,0.002361754
EAAEAL_numc,0.180204882,0.180310949,0.180417017,0.180523086,0.180629152
EAAEAL_numi,0.266902585,0.267046779,0.267190943,0.267335077,0.267479176
EAAEAL_numcg,0.188443982,0.188553081,0.188662167,0.188771238,0.188880292
EAAEAL_numig,0.266950794,0.267094992,0.267239162,0.267383301,0.267527405
EAAUS_numc,0.030504251,0.030407218,0.030310318,0.030213552,0.030116921
EAAUS_numi,0.036901092,0.036781933,0.036662945,0.036544128,0.036425483
EAAUS_numcg,0.037115727,0.036997306,0.036879048,0.036760952,0.03664302
EAAUS_numig,0.036925404,0.036806164,0.036687094,0.036568196,0.036449471
EABEAA_numc,0.105368365,0.108049983,0.110736064,0.113426169,0.116119871
EABEAA_numi,0.084758368,0.086960794,0.089169232,0.091383339,0.093602778
EABEAA_numcg,0.114121983,0.117012555,0.119907118,0.122805188,0.125706294
EABEAA_numig,0.084831998,0.087036158,0.089246326,0.091462157,0.093683316
EABEAC_numc,0.014262038,0.014233459,0.01420473,0.014175859,0.014146852
EABEAC_numi,0.012953179,0.012933965,0.012914612,0.012895126,0.01287551
EABEAC_numcg,0.019484329,0.019442987,0.019401426,0.019359655,0.019317684
EABEAC_numig,0.012964999,0.01294574,0.012926343,0.012906812,0.012887152
EABEAD_numc,0.025415075,0.025334267,0.025253349,0.025172332,0.025091229
EABEAD_numi,0.02315284,0.023091263,0.02302955,0.022967713,0.022905758
EABEAD_numcg,0.020779767,0.020711251,0.020642632,0.020573923,0.020505135
EABEAD_numig,0.023109512,0.023048002,0.022986358,0.022924589,0.022862702
EABEAE_numc,0.00235045,0.002346097,0.00234172,0.002337318,0.002332894
EABEAE_numi,0.004319932,0.00431418,0.004308383,0.004302541,0.004296656
EABEAE_numcg,0.00293495,0.002929168,0.002923353,0.002917506,0.002911628
EABEAE_numig,0.004336583,0.0043308,0.004324972,0.004319098,0.004313182
EABEAF_numc,0.029926803,0.029838232,0.029749497,0.029660613,0.029571595
EABEAF_numi,0.028487936,0.028418437,0.028348748,0.028278879,0.028208842
EABEAF_numcg,0.027242973,0.027159136,0.027075134,0.026990982,0.026906694
EABEAF_numig,0.028476952,0.028407421,0.0283377,0.028267801,0.028197733
EABEAG_numc,0.003467937,0.003457102,0.00344625,0.003435383,0.003424503
EABEAG_numi,0.001111829,0.001108933,0.00110603,0.001103121,0.001100206
EABEAG_numcg,0.001379649,0.001375175,0.001370695,0.001366208,0.001361715
EABEAG_numig,0.001137107,0.001134143,0.001131172,0.001128194,0.001125211
EABEAH_numc,0.008897746,0.008873635,0.008849471,0.00882526,0.008801004
EABEAH_numi,0.016676485,0.01663997,0.01660334,0.016566602,0.016529761
EABEAH_numcg,0.017633026,0.017583167,0.017533193,0.017483112,0.017432934
EABEAH_numig,0.016663766,0.016627244,0.016590608,0.016553864,0.016517017
EABEAI_numc,0.081297588,0.081080637,0.080863102,0.080645021,0.080426434
EABEAI_numi,0.068636186,0.068488726,0.068340709,0.068192162,0.068043109
EABEAI_numcg,0.050780176,0.050638681,0.050496788,0.050354523,0.050211913
EABEAI_numig,0.06859896,0.068451439,0.068303362,0.068154754,0.068005642
EABEAJ_numc,0.030298794,0.030215101,0.030131199,0.030047104,0.02996283
EABEAJ_numi,0.024173439,0.024119238,0.024064847,0.024010274,0.023955529
EABEAJ_numcg,0.029379959,0.029295343,0.029210506,0.029125464,0.029040233
EABEAJ_numig,0.024200664,0.024146353,0.02409185,0.024037167,0.023982311
EABEAK_numc,0.005209865,0.005193354,0.00517682,0.005160264,0.005143689
EABEAK_numi,0.004541911,0.004529878,0.004517819,0.004505733,0.004493624
EABEAK_numcg,0.003366285,0.003355221,0.003344139,0.003333042,0.003321931
EABEAK_numig,0.004492037,0.004480127,0.004468191,0.004456229,0.004444243
EABEAL_numc,0.365103992,0.364200145,0.363293335,0.362383736,0.361471516
EABEAL_numi,0.444765245,0.443895585,0.443022001,0.442144651,0.441263694
EABEAL_numcg,0.3140689,0.313254386,0.3124371,0.311617209,0.310794873
EABEAL_numig,0.444755714,0.443885158,0.443010678,0.442132435,0.441250585
EABRW_numc,0.304629214,0.303554042,0.302478245,0.301401977,0.30032539
EABRW_numi,0.263667625,0.262874058,0.262079472,0.261283973,0.260487665
EABRW_numcg,0.350568333,0.349289756,0.348010297,0.346730155,0.345449523
EABRW_numig,0.263654925,0.262860854,0.262065766,0.261269767,0.260472961
EACEAB_numc,0.009206178,0.009203416,0.009200539,0.009197548,0.009194447
EACEAB_numi,0.011075792,0.011078536,0.011081165,0.011083681,0.011086085
EACEAB_numcg,0.011257922,0.011256958,0.011255854,0.011254613,0.011253237
EACEAB_numig,0.011124571,0.011127371,0.011130056,0.011132627,0.011135087
EACEAD_numc,0.045722396,0.045628799,0.04553484,0.045440531,0.045345886
EACEAD_numi,0.038317347,0.038259861,0.03820208,0.038144012,0.038085663
EACEAD_numcg,0.043950706,0.04387014,0.043789199,0.043707894,0.043626236
EACEAD_numig,0.038320033,0.038262694,0.03820506,0.038147139,0.038088939
EACEAE_numc,0.002950825,0.002948706,0.002946555,0.002944371,0.002942156
EACEAE_numi,0.003644949,0.003644327,0.003643671,0.003642982,0.003642259
EACEAE_numcg,0.002999705,0.002998193,0.002996649,0.002995071,0.002993462
EACEAE_numig,0.003669669,0.003669057,0.003668412,0.003667732,0.003667019
EACEAF_numc,0.185950448,0.185610733,0.185269433,0.184926601,0.184582292
EACEAF_numi,0.143544427,0.143360692,0.143175803,0.142989785,0.142802669
EACEAF_numcg,0.162822413,0.162559799,0.162295712,0.162030194,0.161763289
EACEAF_numig,0.143532463,0.143349309,0.143165001,0.142979567,0.142793035
EACEAG_numc,0.002383974,0.002379226,0.002374457,0.00236967,0.002364864
EACEAG_numi,0.00105824,0.001056711,0.001055173,0.001053627,0.001052073
EACEAG_numcg,0.001511685,0.001508998,0.001506297,0.001503583,0.001500856
EACEAG_numig,0.001041778,0.001040277,0.001038767,0.001037249,0.001035724
EACEAH_numc,0.028661468,0.028616274,0.02857084,0.028525173,0.02847928
EACEAH_numi,0.024016719,0.023991988,0.023967074,0.02394198,0.02391671
EACEAH_numcg,0.06104173,0.060958547,0.060874826,0.060790582,0.060705829
EACEAH_numig,0.023967917,0.023943331,0.023918562,0.023893614,0.023868491
EACEAI_numc,0.040711211,0.040648696,0.040585791,0.040522505,0.040458852
EACEAI_numi,0.049055599,0.049007108,0.048958186,0.048908841,0.048859081
EACEAI_numcg,0.054427129,0.054355204,0.054282736,0.054209737,0.054136221
EACEAI_numig,0.049083772,0.049035447,0.04898669,0.048937511,0.048887918
EACEAJ_numc,0.179367904,0.17907565,0.178781694,0.178486088,0.178188881
EACEAJ_numi,0.134910199,0.134764183,0.134616981,0.134468617,0.134319118
EACEAJ_numcg,0.153328407,0.153111403,0.152892877,0.152672869,0.152451417
EACEAJ_numig,0.13489313,0.134747664,0.134601013,0.134453202,0.134304257
EACEAK_numc,0.008291138,0.008274253,0.008257299,0.00824028,0.008223199
EACEAK_numi,0.007568957,0.00755768,0.007546344,0.00753495,0.007523498
EACEAK_numcg,0.007917934,0.007903503,0.007889002,0.007874433,0.0078598
EACEAK_numig,0.007606232,0.007594931,0.007583569,0.007572148,0.00756067
EACEAL_numc,0.144083207,0.143889798,0.143694936,0.14349866,0.143301007
EACEAL_numi,0.204870646,0.204707743,0.204542981,0.204376396,0.20420802
EACEAL_numcg,0.123128271,0.122989356,0.12284916,0.122707715,0.122565046
EACEAL_numig,0.204910971,0.204748842,0.204584858,0.204419053,0.204251459
EACRW_numc,0.24481992,0.24423299,0.24364449,0.243054498,0.242463087
EACRW_numi,0.28277688,0.282253521,0.281728309,0.281201302,0.280672561
EACRW_numcg,0.255403989,0.254846315,0.25428681,0.253725544,0.253162589
EACRW_numig,0.282811321,0.282289011,0.281764849,0.281238894,0.280711205
EACUS_numc,0.038787596,0.038589599,0.038391947,0.038194653,0.03799773
EACUS_numi,0.048445619,0.048224731,0.048004122,0.047783805,0.047563793
EACUS_numcg,0.05824923,0.057964314,0.057679804,0.057395719,0.057112077
EACUS_numig,0.04846313,0.048242353,0.048021854,0.047801646,0.047581741
EADEAA_numc,0.026944341,0.02769841,0.028457429,0.029221317,0.029989993
EADEAA_numi,0.029634966,0.030457046,0.031284164,0.032116227,0.032953142
EADEAA_numcg,0.027759515,0.02853791,0.029321473,0.030110119,0.030903766
EADEAA_numig,0.029599895,0.030421037,0.031247214,0.032078332,0.032914298
EADEAC_numc,0.021248721,0.02125859,0.021268332,0.02127795,0.021287443
EADEAC_numi,0.020422131,0.020426727,0.020431193,0.02043553,0.020439739
EADEAC_numcg,0.033279598,0.033296818,0.033313826,0.033330622,0.033347209
EADEAC_numig,0.020493569,0.020498206,0.020502711,0.020507087,0.020511336
EADEAE_numc,0.003110633,0.003112551,0.003114453,0.003116339,0.003118208
EADEAE_numi,0.005611307,0.005613424,0.005615509,0.005617561,0.005619581
EADEAE_numcg,0.004149253,0.004152033,0.004154788,0.004157519,0.004160227
EADEAE_numig,0.005544979,0.005547078,0.005549144,0.005551179,0.005553182
EADEAF_numc,0.132824738,0.13275917,0.132692848,0.132625782,0.132557983
EADEAF_numi,0.134368273,0.134269808,0.134170583,0.13407061,0.133969904
EADEAF_numcg,0.118009515,0.117957512,0.117904772,0.117851304,0.11779712
EADEAF_numig,0.134397434,0.134299105,0.134200017,0.13410018,0.133999611
EADEAG_numc,0.003272192,0.003270036,0.003267861,0.003265667,0.003263454
EADEAG_numi,0.001299916,0.001298748,0.001297573,0.001296391,0.001295202
EADEAG_numcg,0.002368924,0.002367488,0.002366038,0.002364572,0.002363092
EADEAG_numig,0.001367512,0.001366285,0.001365051,0.001363809,0.001362559
EADEAH_numc,0.02481581,0.024809775,0.024803618,0.024797343,0.024790949
EADEAH_numi,0.036491217,0.036473613,0.036455828,0.036437863,0.036419723
EADEAH_numcg,0.059667203,0.059655853,0.059644181,0.059632189,0.059619881
EADEAH_numig,0.036415713,0.036398188,0.036380482,0.036362598,0.036344539
EADEAI_numc,0.07785067,0.077834951,0.077818767,0.077802124,0.077785026
EADEAI_numi,0.101407551,0.101362816,0.101317464,0.101271502,0.101224941
EADEAI_numcg,0.069521239,0.069510885,0.069500079,0.069488826,0.06947713
EADEAI_numig,0.101362082,0.101317486,0.101272272,0.101226451,0.101180031
EADEAJ_numc,0.041503127,0.041490849,0.041478318,0.041465536,0.041452507
EADEAJ_numi,0.040352914,0.040331325,0.040309485,0.0402874,0.040265072
EADEAJ_numcg,0.040623653,0.040613788,0.040603653,0.04059325,0.040582583
EADEAJ_numig,0.040463253,0.040441652,0.0404198,0.040397702,0.040375361
EADEAK_numc,0.054404733,0.054366453,0.054327853,0.054288937,0.05424971
EADEAK_numi,0.04003954,0.040001794,0.039963817,0.039925613,0.039887187
EADEAK_numcg,0.035153821,0.035130947,0.035107847,0.035084522,0.035060975
EADEAK_numig,0.040066539,0.040028814,0.039990858,0.039952676,0.039914271
EADEAL_numc,0.126845331,0.126844263,0.126842441,0.126839873,0.126836567
EADEAL_numi,0.214577099,0.214523949,0.214469479,0.214413706,0.214356645
EADEAL_numcg,0.139402659,0.139408872,0.139414186,0.13941861,0.13942215
EADEAL_numig,0.214693775,0.214640847,0.2145866,0.21453105,0.214474214
EADRW_numc,0.434498485,0.434035794,0.43357089,0.433103815,0.432634611
EADRW_numi,0.329357037,0.328927586,0.328496555,0.328063981,0.327629901
EADRW_numcg,0.374534939,0.374155929,0.373774779,0.373391525,0.373006205
EADRW_numig,0.329433078,0.329003913,0.328573169,0.328140882,0.32770709
EADUS_numc,0.045021567,0.044851578,0.044681721,0.044512004,0.044342433
EADUS_numi,0.033647365,0.033512301,0.033377389,0.033242636,0.033108046
EADUS_numcg,0.087645192,0.087318893,0.086992775,0.08666685,0.086341129
EADUS_numig,0.033591393,0.033456592,0.033321944,0.033187454,0.033053127
EAEEAA_numc,0.104805982,0.107501896,0.110203516,0.112910397,0.115622102
EAEEAA_numi,0.090378617,0.092737433,0.095103006,0.09747496,0.099852927
EAEEAA_numcg,0.080533235,0.082665577,0.084805548,0.086952818,0.089107066
EAEEAA_numig,0.09042255,0.092782402,0.095149009,0.097521994,0.099900987
EAEEAB_numc,0.011006233,0.010993371,0.010980343,0.010967153,0.010953807
EAEEAB_numi,0.016146474,0.016133522,0.016120335,0.016106917,0.016093273
EAEEAB_numcg,0.013070251,0.013064584,0.013058727,0.013052683,0.013046454
EAEEAB_numig,0.016077206,0.016064291,0.016051141,0.016037761,0.016024156
EAEEAD_numc,0.033986466,0.033887424,0.033788128,0.033688595,0.033588842
EAEEAD_numi,0.021420791,0.021366205,0.021311441,0.021256508,0.021201415
EAEEAD_numcg,0.022346753,0.022298029,0.022249091,0.022199949,0.022150608
EAEEAD_numig,0.021439365,0.021384706,0.021329869,0.021274863,0.021219697
EAEEAF_numc,0.039332635,0.039226665,0.039120363,0.039013748,0.03890684
EAEEAF_numi,0.03803858,0.037950017,0.037861107,0.037771867,0.037682311
EAEEAF_numcg,0.037824616,0.037750472,0.037675941,0.037601037,0.037525773
EAEEAF_numig,0.038082557,0.037993846,0.037904788,0.037815399,0.037725695
EAEEAG_numc,0.003289846,0.003280441,0.003271009,0.003261553,0.003252074
EAEEAG_numi,0.000785394,0.000783436,0.000781471,0.000779499,0.000777522
EAEEAG_numcg,0.001161939,0.00115947,0.001156989,0.001154497,0.001151994
EAEEAG_numig,0.000738449,0.000736607,0.000734759,0.000732904,0.000731044
EAEEAH_numc,0.028048376,0.027979817,0.027911013,0.027841976,0.02777272
EAEEAH_numi,0.039188388,0.039106944,0.039025138,0.038942986,0.038860503
EAEEAH_numcg,0.054283093,0.054190261,0.054096877,0.054002961,0.053908529
EAEEAH_numig,0.039131757,0.039050384,0.03896865,0.03888657,0.03880416
EAEEAI_numc,0.031749049,0.031672752,0.031596137,0.03151922,0.031442014
EAEEAI_numi,0.043096962,0.043009171,0.042920929,0.042832252,0.042743159
EAEEAI_numcg,0.028350195,0.02830288,0.028255244,0.028207295,0.028159043
EAEEAI_numig,0.043076184,0.042988383,0.042900132,0.042811448,0.042722347
EAEEAJ_numc,0.059654183,0.059505237,0.05935571,0.059205631,0.059055028
EAEEAJ_numi,0.047558227,0.04745689,0.047355065,0.047252771,0.047150028
EAEEAJ_numcg,0.058522057,0.058418901,0.058315087,0.058210637,0.05810557
EAEEAJ_numig,0.047554644,0.047453259,0.047351385,0.047249042,0.04714625
EAEEAK_numc,0.006783276,0.006763579,0.00674383,0.006724032,0.006704188
EAEEAK_numi,0.00446292,0.004451593,0.004440229,0.004428829,0.004417394
EAEEAK_numcg,0.004984599,0.004973783,0.004962918,0.004952006,0.004941049
EAEEAK_numig,0.00453204,0.004520533,0.004508987,0.004497405,0.004485788
EAEEAL_numc,0.144388967,0.14406986,0.143749187,0.143427017,0.143103415
EAEEAL_numi,0.197948336,0.197583332,0.197216123,0.196846784,0.19647539
EAEEAL_numcg,0.138524981,0.138320556,0.138114483,0.137906808,0.137697574
EAEEAL_numig,0.197915021,0.197549844,0.197182461,0.196812949,0.196441383
EAERW_numc,0.470647879,0.469111596,0.467572801,0.466031736,0.464488638
EAERW_numi,0.42590188,0.424667423,0.423430235,0.422190501,0.420948401
EAERW_numcg,0.468712124,0.467525983,0.466336123,0.465142718,0.463945941
EAERW_numig,0.425828354,0.424593605,0.423356126,0.422116102,0.420873715
EAEUS_numc,0.043605492,0.043345207,0.043085561,0.042826577,0.042568279
EAEUS_numi,0.051129702,0.050843154,0.050557199,0.050271861,0.049987162
EAEUS_numcg,0.062503919,0.062176554,0.061849693,0.061523365,0.061197594
EAEUS_numig,0.05114586,0.050859161,0.050573056,0.050287567,0.05000272
EAFEAA_numc,0.042820131,0.043994801,0.045175933,0.046363378,0.047556991
EAFEAA_numi,0.040977487,0.042101885,0.043232494,0.044369172,0.045511781
EAFEAA_numcg,0.031911136,0.032799266,0.03369295,0.034592084,0.03549657
EAFEAA_numig,0.041116775,0.042244836,0.04337912,0.044519483,0.045665788
EAFEAB_numc,0.01058868,0.010593935,0.010599095,0.01060416,0.01060913
EAFEAB_numi,0.014532706,0.014540015,0.014547196,0.01455425,0.014561181
EAFEAB_numcg,0.013104467,0.013116058,0.013127558,0.013138965,0.013150281
EAFEAB_numig,0.014490076,0.014497309,0.014504414,0.014511392,0.014518247
EAFEAC_numc,0.060466253,0.060461763,0.060456742,0.060451196,0.060445133
EAFEAC_numi,0.061899836,0.061895647,0.061890931,0.061885693,0.061879944
EAFEAC_numcg,0.069602508,0.069624347,0.069645682,0.069666519,0.069686862
EAFEAC_numig,0.061887327,0.061882906,0.061877956,0.061872484,0.0618665
EAFEAE_numc,0.00280666,0.002806879,0.002807074,0.002807247,0.002807396
EAFEAE_numi,0.00493773,0.004938147,0.004938525,0.004938863,0.004939163
EAFEAE_numcg,0.003607057,0.003608738,0.003610395,0.003612029,0.003613639
EAFEAE_numig,0.004923245,0.004923643,0.004924001,0.00492432,0.0049246
EAFEAG_numc,0.003083273,0.003079583,0.003075869,0.003072133,0.003068374
EAFEAG_numi,0.000939646,0.000938542,0.000937418,0.00093627,0.000935132
EAFEAG_numcg,0.001714292,0.001712905,0.001711506,0.001710094,0.001708672
EAFEAG_numig,0.000970594,0.000969453,0.000968288,0.000967095,0.000965916
EAFEAH_numc,0.022481319,0.02246375,0.022446024,0.022428145,0.022410115
EAFEAH_numi,0.032732124,0.032706759,0.032681174,0.032655374,0.032629364
EAFEAH_numcg,0.053442692,0.053421648,0.053400286,0.05337861,0.053356625
EAFEAH_numig,0.03280739,0.032781843,0.032756076,0.032730092,0.032703897
EAFEAI_numc,0.091719276,0.091651382,0.091582744,0.091513376,0.091443291
EAFEAI_numi,0.096031598,0.095961143,0.095889934,0.095817985,0.095745312
EAFEAI_numcg,0.075840706,0.075813973,0.075786705,0.075758908,0.075730589
EAFEAI_numig,0.096022382,0.095951572,0.095880007,0.095807701,0.095734669
EAFEAJ_numc,0.05187369,0.051830423,0.051786732,0.051742627,0.051698115
EAFEAJ_numi,0.044011119,0.043974699,0.043937931,0.043900823,0.043863382
EAFEAJ_numcg,0.050357431,0.050334953,0.050312113,0.050288917,0.050265369
EAFEAJ_numig,0.044042171,0.044005559,0.0439686,0.043931298,0.043893663
EAFEAK_numc,0.01761903,0.017597153,0.017575144,0.017553007,0.017530743
EAFEAK_numi,0.012391031,0.012375726,0.012360333,0.012344852,0.012329285
EAFEAK_numcg,0.010383967,0.010375098,0.010366158,0.010357148,0.01034807
EAFEAK_numig,0.012324346,0.012309078,0.012293721,0.012278276,0.012262747
EAFEAL_numc,0.164991237,0.16490101,0.164809416,0.164716479,0.164622219
EAFEAL_numi,0.228390852,0.228267455,0.228142228,0.228015199,0.227886403
EAFEAL_numcg,0.173742765,0.173715135,0.173686274,0.173656195,0.173624913
EAFEAL_numig,0.228351175,0.228226941,0.228100873,0.227972998,0.227843353
EAFRW_numc,0.369525289,0.368933032,0.36833845,0.367741607,0.367142567
EAFRW_numi,0.312530737,0.31203188,0.311531135,0.311028553,0.310524197
EAFRW_numcg,0.353105573,0.352676435,0.352245205,0.351811926,0.351376642
EAFRW_numig,0.312630204,0.312130013,0.311627931,0.311124007,0.310618306
EAFUS_numc,0.044441296,0.044249659,0.044058229,0.043867018,0.043676035
EAFUS_numi,0.055354907,0.055116571,0.054878506,0.054640724,0.054403238
EAFUS_numcg,0.079992082,0.079678051,0.079364256,0.079050711,0.078737429
EAFUS_numig,0.055389178,0.055150487,0.054912067,0.054673931,0.054436092
EAGEAA_numc,0.022007354,0.022625609,0.023248061,0.023874645,0.024505299
EAGEAA_numi,0.022196881,0.022818965,0.023445198,0.024075517,0.024709855
EAGEAA_numcg,0.023100533,0.023746841,0.024397403,0.025052152,0.025711019
EAGEAA_numig,0.022095644,0.022714936,0.023338361,0.023965856,0.024597355
EAGEAB_numc,0.01488766,0.014904624,0.014921524,0.014938359,0.014955131
EAGEAB_numi,0.02103305,0.021055636,0.021078128,0.021100525,0.021122829
EAGEAB_numcg,0.01306241,0.01307583,0.013089188,0.013102485,0.013115721
EAGEAB_numig,0.021166465,0.021189236,0.021211913,0.021234496,0.021256984
EAGEAC_numc,0.025721813,0.025736437,0.025750937,0.025765315,0.02577957
EAGEAC_numi,0.021694334,0.021705246,0.021716051,0.02172675,0.021737344
EAGEAC_numcg,0.044611635,0.044632002,0.044652142,0.044672056,0.044691748
EAGEAC_numig,0.021725514,0.021736484,0.021747348,0.021758107,0.021768761
EAGEAD_numc,0.052868734,0.052836478,0.052803968,0.052771209,0.052738203
EAGEAD_numi,0.035244296,0.035220484,0.035196505,0.035172362,0.035148057
EAGEAD_numcg,0.048113411,0.048078674,0.048043705,0.048008509,0.047973088
EAGEAD_numig,0.035162927,0.035139239,0.035115386,0.03509137,0.035067192
EAGEAF_numc,0.059040147,0.059017143,0.058993858,0.058970296,0.058946461
EAGEAF_numi,0.080575474,0.080538799,0.080501744,0.080464314,0.080426514
EAGEAF_numcg,0.076163802,0.076125604,0.076087039,0.076048111,0.076008829
EAGEAF_numig,0.080479232,0.08044276,0.08040591,0.080368687,0.080331096
EAGEAH_numc,0.013700497,0.01369859,0.01369663,0.013694617,0.013692552
EAGEAH_numi,0.010883797,0.010881569,0.010879299,0.010876986,0.010874633
EAGEAH_numcg,0.043154842,0.043144006,0.043132997,0.043121817,0.043110468
EAGEAH_numig,0.010812622,0.01081043,0.010808196,0.01080592,0.010803604
EAGEAI_numc,0.109952925,0.109942163,0.109930852,0.109919,0.109906612
EAGEAI_numi,0.166058228,0.16603109,0.166003124,0.165974338,0.165944743
EAGEAI_numcg,0.096428639,0.096408407,0.096387683,0.096366471,0.096344778
EAGEAI_numig,0.166085149,0.166058336,0.166030697,0.166002242,0.16597298
EAGEAJ_numc,0.052269504,0.052259479,0.052249185,0.052238625,0.052227802
EAGEAJ_numi,0.044897233,0.044885679,0.044873895,0.044861882,0.044849645
EAGEAJ_numcg,0.038857507,0.038845705,0.0388337,0.038821492,0.038809086
EAGEAJ_numig,0.044783748,0.044772312,0.044760647,0.044748756,0.04473664
EAGEAK_numc,0.005195569,0.005192454,0.005189312,0.005186145,0.005182953
EAGEAK_numi,0.00336069,0.003358455,0.003356203,0.003353934,0.00335165
EAGEAK_numcg,0.003865806,0.003863056,0.003860286,0.003857497,0.003854689
EAGEAK_numig,0.003394825,0.003392574,0.003390306,0.003388021,0.003385721
EAGEAL_numc,0.134160583,0.134173412,0.134185583,0.134197101,0.134207973
EAGEAL_numi,0.152966535,0.152971136,0.15297498,0.152978076,0.152980429
EAGEAL_numcg,0.167815265,0.167812526,0.167808934,0.167804499,0.167799227
EAGEAL_numig,0.153068464,0.15307337,0.153077523,0.15308093,0.153083598
EAGRW_numc,0.472346019,0.47189212,0.471436198,0.470978289,0.47051843
EAGRW_numi,0.397623841,0.397215708,0.396805914,0.39639449,0.395981469
EAGRW_numcg,0.411675425,0.411233791,0.410790419,0.410345344,0.409898602
EAGRW_numig,0.397544021,0.397136757,0.396727838,0.396317296,0.395905163
EAGUS_numc,0.035280663,0.03515111,0.035021669,0.034892346,0.034763143
EAGUS_numi,0.040269199,0.040118697,0.039968343,0.039818141,0.039668095
EAGUS_numcg,0.031269866,0.031151553,0.031033361,0.030915294,0.030797356
EAGUS_numig,0.040188298,0.040038178,0.039888205,0.039738385,0.03958872
EAHEAA_numc,0.079863749,0.082005781,0.084156683,0.086316123,0.088483778
EAHEAA_numi,0.032708499,0.033637476,0.034573126,0.03551535,0.036464049
EAHEAA_numcg,0.062221454,0.063927401,0.06564236,0.067366093,0.069098365
EAHEAA_numig,0.032723585,0.033652979,0.034589048,0.035531693,0.036480816
EAHEAB_numc,0.006126423,0.006125815,0.006125107,0.006124301,0.006123398
EAHEAB_numi,0.006032092,0.006040778,0.006049421,0.006058021,0.006066579
EAHEAB_numcg,0.005817436,0.005820237,0.005822956,0.005825594,0.005828151
EAHEAB_numig,0.006032203,0.006040887,0.006049528,0.006058126,0.006066681
EAHEAC_numc,0.026846569,0.026828596,0.026810212,0.026791423,0.026772236
EAHEAC_numi,0.035946747,0.03597798,0.036008927,0.03603959,0.03606997
EAHEAC_numcg,0.040198791,0.040195207,0.04019107,0.040186386,0.040181164
EAHEAC_numig,0.035928796,0.035960001,0.03599092,0.036021555,0.036051907
EAHEAD_numc,0.058458658,0.058350706,0.058242029,0.058132648,0.05802258
EAHEAD_numi,0.022441453,0.022434493,0.02242734,0.022419994,0.022412458
EAHEAD_numcg,0.046057977,0.04599962,0.045940702,0.045881235,0.045821226
EAHEAD_numig,0.022407286,0.022400329,0.022393178,0.022385836,0.022378304
EAHEAE_numc,0.003532695,0.003530868,0.003528987,0.003527054,0.00352507
EAHEAE_numi,0.005848182,0.005854155,0.005860085,0.005865973,0.00587182
EAHEAE_numcg,0.004471587,0.004471869,0.004472092,0.004472255,0.004472361
EAHEAE_numig,0.005821886,0.00582783,0.005833732,0.005839591,0.00584541
EAHEAG_numc,0.001465266,0.001462641,0.001459997,0.001457335,0.001454656
EAHEAG_numi,0.000615695,0.000615538,0.000615375,0.000615208,0.000615035
EAHEAG_numcg,0.001051291,0.001050017,0.00104873,0.00104743,0.001046118
EAHEAG_numig,0.000602321,0.000602167,0.000602008,0.000601844,0.000601675
EAHEAI_numc,0.043399814,0.043341873,0.043283331,0.043224201,0.043164497
EAHEAI_numi,0.036906496,0.036913961,0.036921111,0.036927948,0.036934476
EAHEAI_numcg,0.047959531,0.047923315,0.047886474,0.047849016,0.047810952
EAHEAI_numig,0.036937204,0.036944662,0.036951805,0.036958635,0.036965156
EAHEAJ_numc,0.067964549,0.067867438,0.06776939,0.067670427,0.067570571
EAHEAJ_numi,0.059638374,0.059644833,0.059650771,0.059656192,0.0596611
EAHEAJ_numcg,0.08722383,0.087149778,0.087074584,0.086998268,0.086920849
EAHEAJ_numig,0.059617995,0.059624432,0.059630347,0.059635745,0.059640631
EAHEAK_numc,0.012282481,0.012259928,0.01223722,0.012214362,0.012191356
EAHEAK_numi,0.003479829,0.003478787,0.003477713,0.003476609,0.003475475
EAHEAK_numcg,0.006667558,0.00665918,0.006650719,0.006642177,0.006633556
EAHEAK_numig,0.003479893,0.003478849,0.003477775,0.003476669,0.003475534
EAHEAL_numc,0.090956035,0.090852184,0.090747035,0.090640615,0.090532952
EAHEAL_numi,0.116298563,0.116344596,0.116389659,0.116433761,0.116476905
EAHEAL_numcg,0.101814243,0.101757048,0.101698506,0.101638637,0.10157746
EAHEAL_numig,0.116311203,0.116357201,0.116402229,0.116446295,0.116489403
EAHRW_numc,0.372765315,0.371946335,0.37112325,0.370296195,0.369465302
EAHRW_numi,0.305187183,0.304985432,0.304781137,0.30457433,0.30436504
EAHRW_numcg,0.332649676,0.332111572,0.331569741,0.331024268,0.330475236
EAHRW_numig,0.305204611,0.305002744,0.304798332,0.304591407,0.304381999
EAHUS_numc,0.160512738,0.159725452,0.158938681,0.158152497,0.157366968
EAHUS_numi,0.241005408,0.240192491,0.239378983,0.238564924,0.237750356
EAHUS_numcg,0.199885081,0.199020181,0.198155257,0.197290378,0.196425609
EAHUS_numig,0.241021254,0.240208201,0.239394557,0.238580362,0.237765658
EAIEAA_numc,0.080425406,0.082542473,0.084666588,0.086797422,0.088934656
EAIEAA_numi,0.070902602,0.072782991,0.074670409,0.076564575,0.078465216
EAIEAA_numcg,0.093600937,0.096030915,0.098467227,0.100909483,0.103357298
EAIEAA_numig,0.070978952,0.072861229,0.074750535,0.07664659,0.078549117
EAIEAB_numc,0.027867107,0.027850835,0.027834184,0.02781716,0.027799771
EAIEAB_numi,0.032359952,0.032347276,0.032334193,0.032320711,0.032306837
EAIEAB_numcg,0.024273096,0.024250358,0.024227271,0.024203841,0.024180078
EAIEAB_numig,0.032242365,0.032229675,0.032216579,0.032203085,0.0321892
EAIEAC_numc,0.029539546,0.029505462,0.029471019,0.029436227,0.029401094
EAIEAC_numi,0.028521397,0.028493967,0.028466213,0.028438145,0.028409769
EAIEAC_numcg,0.04574974,0.045680819,0.045611325,0.045541273,0.045470683
EAIEAC_numig,0.028436284,0.028408882,0.028381158,0.02835312,0.028324775
EAIEAD_numc,0.079463075,0.079277889,0.079092063,0.078905625,0.078718601
EAIEAD_numi,0.060027493,0.059899117,0.059770281,0.059641003,0.059511299
EAIEAD_numcg,0.056071608,0.055921186,0.055770336,0.055619083,0.055467449
EAIEAD_numig,0.060121552,0.059992863,0.059863712,0.059734119,0.059604101
EAIEAE_numc,0.002355002,0.002352643,0.002350255,0.00234784,0.002345398
EAIEAE_numi,0.004154463,0.004151099,0.004147689,0.004144234,0.004140735
EAIEAE_numcg,0.002439997,0.002436692,0.002433357,0.002429992,0.002426598
EAIEAE_numig,0.004173288,0.004169901,0.004166468,0.00416299,0.004159467
EAIEAF_numc,0.104684184,0.104463262,0.104241421,0.104018697,0.103795128
EAIEAF_numi,0.095778318,0.09559457,0.095410026,0.095224715,0.095038666
EAIEAF_numcg,0.095633801,0.095398288,0.095161961,0.094924861,0.09468703
EAIEAF_numig,0.09581909,0.095635085,0.095450283,0.095264714,0.095078406
EAIEAH_numc,0.033701044,0.033638349,0.033575358,0.033512081,0.03344853
EAIEAH_numi,0.044889845,0.044814951,0.044739688,0.044664068,0.044588104
EAIEAH_numcg,0.070543524,0.070387432,0.070230726,0.070073435,0.069915587
EAIEAH_numig,0.0449443,0.044869231,0.044793793,0.044717997,0.044641857
EAIEAJ_numc,0.046799809,0.046710287,0.046620304,0.046529876,0.046439019
EAIEAJ_numi,0.050160729,0.050074406,0.049987616,0.049900373,0.049812694
EAIEAJ_numcg,0.04357588,0.04347717,0.043378038,0.0432785,0.043178575
EAIEAJ_numig,0.050060474,0.04997423,0.049887519,0.049800358,0.049712759
EAIEAK_numc,0.006802234,0.006786453,0.006770615,0.006754723,0.00673878
EAIEAK_numi,0.005282159,0.005270918,0.005259635,0.005248311,0.00523695
EAIEAK_numcg,0.005057455,0.00504394,0.005030386,0.005016794,0.005003166
EAIEAK_numig,0.00522349,0.005212364,0.005201197,0.00518999,0.005178744
EAIEAL_numc,0.158498832,0.158241122,0.157981731,0.15772071,0.157458109
EAIEAL_numi,0.22742313,0.227097017,0.22676864,0.226438062,0.226105345
EAIEAL_numcg,0.137956133,0.137683201,0.137408795,0.137132972,0.136855785
EAIEAL_numig,0.227519036,0.227192361,0.226863419,0.226532276,0.226198992
EAIRW_numc,0.39163428,0.39058443,0.389532096,0.388477425,0.387420561
EAIRW_numi,0.347324586,0.346460128,0.345593555,0.344724978,0.343854509
EAIRW_numcg,0.377049859,0.37590635,0.374760705,0.373613094,0.372463682
EAIRW_numig,0.347335124,0.346469993,0.345602746,0.344733495,0.343862352
EAIUS_numc,0.030754111,0.030588434,0.030423079,0.030258059,0.030093386
EAIUS_numi,0.029766412,0.029611749,0.029457374,0.029303299,0.029149533
EAIUS_numcg,0.044386619,0.044131916,0.043877792,0.04362427,0.043371369
EAIUS_numig,0.029796305,0.029641431,0.029486847,0.029332561,0.029178587
EAJEAA_numc,0.03039655,0.03124356,0.032095925,0.032953549,0.033816338
EAJEAA_numi,0.029231406,0.030047524,0.030868881,0.031695384,0.032526945
EAJEAA_numcg,0.031046915,0.031914637,0.032787957,0.033666777,0.034551
EAJEAA_numig,0.029204897,0.030020304,0.030840948,0.031666735,0.032497577
EAJEAB_numc,0.017877615,0.01789402,0.017910305,0.017926471,0.017942519
EAJEAB_numi,0.014554848,0.014568968,0.014582993,0.014596924,0.014610761
EAJEAB_numcg,0.016039619,0.01605564,0.01607155,0.016087348,0.016103036
EAJEAB_numig,0.014482085,0.014496149,0.014510118,0.014523994,0.014537776
EAJEAC_numc,0.097461182,0.097494985,0.097528112,0.097560571,0.097592367
EAJEAC_numi,0.085814479,0.085848744,0.085882424,0.085915526,0.085948053
EAJEAC_numcg,0.10457699,0.104621751,0.104665751,0.104708995,0.10475149
EAJEAC_numig,0.085764158,0.085798488,0.085832234,0.085865402,0.085897997
EAJEAD_numc,0.041985814,0.0419509,0.041915718,0.041880273,0.041844567
EAJEAD_numi,0.03376081,0.033734505,0.033707984,0.033681251,0.033654308
EAJEAD_numcg,0.032437391,0.032413047,0.032388479,0.03236369,0.032338681
EAJEAD_numig,0.033783386,0.033757096,0.033730591,0.033703874,0.033676946
EAJEAE_numc,0.004421925,0.004424132,0.004426311,0.004428463,0.004430587
EAJEAE_numi,0.007902464,0.007906823,0.007911133,0.007915394,0.007919608
EAJEAE_numcg,0.00624935,0.006252976,0.006256561,0.006260105,0.006263608
EAJEAE_numig,0.007939946,0.007944334,0.007948672,0.007952962,0.007957203
EAJEAF_numc,0.069716292,0.069673686,0.069630631,0.069587134,0.069543201
EAJEAF_numi,0.055580248,0.055549194,0.055517783,0.05548602,0.055453911
EAJEAF_numcg,0.061707471,0.061674765,0.06164163,0.061608071,0.061574095
EAJEAF_numig,0.055581693,0.055550693,0.055519337,0.055487628,0.055455574
EAJEAG_numc,0.003003144,0.003000812,0.002998461,0.002996091,0.002993701
EAJEAG_numi,0.000944837,0.000944153,0.000943463,0.000942767,0.000942064
EAJEAG_numcg,0.001396946,0.001395974,0.001394993,0.001394002,0.001393002
EAJEAG_numig,0.000907067,0.000906411,0.00090575,0.000905082,0.000904409
EAJEAI_numc,0.031762875,0.031752729,0.031742367,0.031731791,0.031721005
EAJEAI_numi,0.031825671,0.031817173,0.03180846,0.031799535,0.0317904
EAJEAI_numcg,0.026118104,0.02611188,0.026105466,0.026098865,0.026092078
EAJEAI_numig,0.031883029,0.031874547,0.03186585,0.03185694,0.031847821
EAJEAK_numc,0.007401585,0.007395508,0.007389381,0.007383207,0.007376985
EAJEAK_numi,0.003993768,0.003990699,0.003987602,0.00398448,0.003981332
EAJEAK_numcg,0.005506188,0.005502114,0.005498,0.005493847,0.005489656
EAJEAK_numig,0.004031198,0.004028104,0.004024982,0.004021834,0.004018661
EAJEAL_numc,0.18394485,0.183921678,0.183897253,0.183871588,0.183844696
EAJEAL_numi,0.222186987,0.222170647,0.222152808,0.222133487,0.222112697
EAJEAL_numcg,0.167070873,0.167063384,0.167054685,0.167044786,0.167033701
EAJEAL_numig,0.222153205,0.222137088,0.222119473,0.222100377,0.222079814
EAJRW_numc,0.403276133,0.402799336,0.402320232,0.401838869,0.401355291
EAJRW_numi,0.369381171,0.368963794,0.36854429,0.368122699,0.367699061
EAJRW_numcg,0.398344338,0.397905663,0.397464469,0.397020802,0.396574707
EAJRW_numig,0.369390772,0.368973751,0.368554603,0.368133369,0.367710089
EAJUS_numc,0.074785506,0.074494377,0.074203472,0.0739128,0.073622375
EAJUS_numi,0.090842569,0.090493678,0.090145027,0.089796632,0.089448505
EAJUS_numcg,0.106399734,0.105994138,0.105588748,0.105183581,0.104778655
EAJUS_numig,0.090877191,0.090528256,0.090179563,0.089831123,0.089482953
EAKEAA_numc,0.015009949,0.015433594,0.015860235,0.016289832,0.016722344
EAKEAA_numi,0.014428549,0.014834788,0.015243855,0.01565571,0.016070314
EAKEAA_numcg,0.018584232,0.019106183,0.019631687,0.020160691,0.020693144
EAKEAA_numig,0.01434032,0.014744114,0.01515072,0.0155601,0.015972215
EAKEAB_numc,0.004959709,0.004965993,0.004972266,0.004978527,0.004984776
EAKEAB_numi,0.008527678,0.00853791,0.008548123,0.008558314,0.008568485
EAKEAB_numcg,0.006282024,0.006289137,0.006296228,0.006303297,0.006310344
EAKEAB_numig,0.008547636,0.008557915,0.008568174,0.008578412,0.00858863
EAKEAC_numc,0.020278272,0.020292389,0.020306444,0.020320439,0.020334373
EAKEAC_numi,0.020357119,0.020369923,0.020382667,0.020395351,0.020407975
EAKEAC_numcg,0.038114521,0.038135914,0.038157157,0.038178251,0.038199197
EAKEAC_numig,0.020300665,0.020313487,0.020326249,0.020338952,0.020351596
EAKEAD_numc,0.406379521,0.406183373,0.405985885,0.405787076,0.405586956
EAKEAD_numi,0.375461097,0.375254689,0.375047119,0.374838405,0.374628556
EAKEAD_numcg,0.327020579,0.326818694,0.326615528,0.326411101,0.326205424
EAKEAD_numig,0.375492158,0.375286717,0.375080119,0.374872382,0.374663515
EAKEAE_numc,0.00123564,0.001236688,0.001237734,0.001238777,0.001239817
EAKEAE_numi,0.002944479,0.002946779,0.002949073,0.00295136,0.002953641
EAKEAE_numcg,0.001492361,0.001493425,0.001494486,0.001495541,0.001496591
EAKEAE_numig,0.002904202,0.002906479,0.002908749,0.002911013,0.00291327
EAKEAF_numc,0.082153311,0.082131773,0.082109973,0.082087912,0.082065597
EAKEAF_numi,0.080371201,0.080344739,0.080318033,0.080291087,0.080263906
EAKEAF_numcg,0.0829666,0.082933673,0.082900425,0.082866858,0.08283298
EAKEAF_numig,0.080409143,0.080382879,0.080356372,0.080329627,0.080302647
EAKEAG_numc,0.001473648,0.001473018,0.001472383,0.001471743,0.001471098
EAKEAG_numi,0.000831543,0.000831131,0.000830718,0.000830301,0.000829882
EAKEAG_numcg,0.001548276,0.001547406,0.001546529,0.001545646,0.001544757
EAKEAG_numig,0.000858824,0.000858401,0.000857976,0.000857548,0.000857117
EAKEAH_numc,0.017892149,0.01789194,0.01789169,0.0178914,0.017891071
EAKEAH_numi,0.022265841,0.022264087,0.022262285,0.022260437,0.022258542
EAKEAH_numcg,0.05457453,0.05456654,0.054558385,0.054550067,0.054541588
EAKEAH_numig,0.0222871,0.022285403,0.022283658,0.022281867,0.02228003
EAKEAJ_numc,0.041168094,0.041165447,0.041162654,0.041159717,0.041156637
EAKEAJ_numi,0.043999408,0.043993627,0.043987696,0.043981617,0.043975393
EAKEAJ_numcg,0.043240291,0.043231685,0.043222894,0.04321392,0.043204766
EAKEAJ_numig,0.044087773,0.044082095,0.044076269,0.044070295,0.044064176
EAKEAL_numc,0.114259993,0.114285491,0.11431062,0.114335383,0.114359783
EAKEAL_numi,0.170569515,0.170596132,0.170622215,0.17064777,0.170672801
EAKEAL_numcg,0.114465293,0.114475411,0.114485066,0.114494263,0.114503005
EAKEAL_numig,0.170658568,0.170685645,0.170712192,0.170738214,0.170763715
EAKRW_numc,0.228134787,0.227944627,0.22775381,0.227562347,0.227370254
EAKRW_numi,0.166921005,0.166770677,0.16661991,0.166468713,0.166317096
EAKRW_numcg,0.241127404,0.240893951,0.240659678,0.2404246,0.240188734
EAKRW_numig,0.166888229,0.166738368,0.16658807,0.166437344,0.166286199
EAKUS_numc,0.017133679,0.017072939,0.017012267,0.016951663,0.016891128
EAKUS_numi,0.017779427,0.017715209,0.017651072,0.017587017,0.017523045
EAKUS_numcg,0.019162671,0.019092166,0.01902174,0.018951395,0.018881132
EAKUS_numig,0.017803058,0.017738801,0.017674626,0.017610531,0.017546521
EALEAA_numc,0.066719617,0.068508688,0.070305384,0.072109444,0.073920611
EALEAA_numi,0.068213498,0.070040151,0.071874448,0.073716121,0.075564907
EALEAA_numcg,0.05701472,0.058565857,0.060124735,0.06169114,0.063264862
EALEAA_numig,0.068191906,0.070018039,0.071851817,0.073692971,0.07554124
EALEAB_numc,0.056456649,0.056450699,0.056444021,0.056436625,0.056428522
EALEAB_numi,0.067651421,0.0676419,0.067631487,0.067620195,0.067608037
EALEAB_numcg,0.049663458,0.049677141,0.049690224,0.049702714,0.049714618
EALEAB_numig,0.067596407,0.06758695,0.067576602,0.067565376,0.067553284
EALEAC_numc,0.037000039,0.036975042,0.036949602,0.036923728,0.036897427
EALEAC_numi,0.033790402,0.033766379,0.033741944,0.033717104,0.033691868
EALEAC_numcg,0.036929839,0.036918947,0.036907628,0.036895889,0.036883734
EALEAC_numig,0.033711376,0.033687437,0.033663087,0.033638334,0.033613185
EALEAD_numc,0.052342389,0.05224541,0.052147959,0.052050052,0.051951701
EALEAD_numi,0.044606498,0.044522278,0.044437648,0.044352623,0.044267214
EALEAD_numcg,0.039036297,0.038978814,0.038920959,0.038862743,0.038804172
EALEAD_numig,0.044587708,0.04450356,0.044419004,0.044334051,0.044248715
EALEAE_numc,0.00490017,0.004897605,0.004894983,0.004892305,0.004889571
EALEAE_numi,0.007249163,0.007245112,0.007240975,0.007236752,0.007232447
EALEAE_numcg,0.00569659,0.005695777,0.0056949,0.00569396,0.005692959
EALEAE_numig,0.007295403,0.007291332,0.007287174,0.007282931,0.007278604
EALEAF_numc,0.071645116,0.07152815,0.071410502,0.071292192,0.071173238
EALEAF_numi,0.085947118,0.085803769,0.085659586,0.085514595,0.085368819
EALEAF_numcg,0.07239146,0.072300806,0.07220944,0.072117375,0.07202463
EALEAF_numig,0.085941146,0.085797878,0.085653777,0.085508867,0.085363173
EALEAG_numc,0.005199723,0.005190376,0.005180981,0.005171538,0.005162049
EALEAG_numi,0.001476056,0.00147335,0.001470631,0.001467898,0.001465152
EALEAG_numcg,0.002669078,0.002665294,0.002661485,0.002657651,0.002653791
EALEAG_numig,0.001506741,0.00150398,0.001501205,0.001498417,0.001495615
EALEAH_numc,0.025986984,0.025951059,0.025914893,0.025878491,0.025841861
EALEAH_numi,0.038862226,0.03880713,0.038751665,0.038695842,0.03863967
EALEAH_numcg,0.070266408,0.070195999,0.070124928,0.070053208,0.069980852
EALEAH_numig,0.038891926,0.03883682,0.038781345,0.038725511,0.038669329
EALEAI_numc,0.063728204,0.063642733,0.063556594,0.063469804,0.063382379
EALEAI_numi,0.07046674,0.070369743,0.070271993,0.070173511,0.070074315
EALEAI_numcg,0.049411775,0.049364302,0.049316306,0.049267797,0.049218784
EALEAI_numig,0.070478466,0.070381511,0.070283804,0.070185364,0.07008621
EALEAK_numc,0.007966684,0.007952007,0.007937256,0.007922434,0.007907542
EALEAK_numi,0.007078383,0.007065092,0.007051735,0.007038314,0.00702483
EALEAK_numcg,0.005574464,0.005566314,0.005558109,0.005549851,0.005541542
EALEAK_numig,0.007102107,0.007088778,0.007075382,0.007061921,0.007048398
EALRW_numc,0.455619224,0.454615417,0.453608136,0.452597515,0.451583686
EALRW_numi,0.458002237,0.456977019,0.455948248,0.454916065,0.453880607
EALRW_numcg,0.444009454,0.443199986,0.442386794,0.441569983,0.440749661
EALRW_numig,0.458118806,0.457093708,0.456065055,0.455032988,0.453997644
EALUS_numc,0.049956583,0.049711249,0.049466246,0.049221591,0.0489773
EALUS_numi,0.056579445,0.056299596,0.056020124,0.055741051,0.055462395
EALUS_numcg,0.083174712,0.082797774,0.082421151,0.082044869,0.081668953
EALUS_numig,0.05658886,0.056309011,0.05602954,0.055750466,0.05547181
RWEAA_numc,0.062880164,0.068470002,0.074242655,0.080194155,0.086320238
RWEAA_numi,0.025078781,0.02581003,0.026547489,0.027291094,0.028040783
RWEAA_numcg,0.024986813,0.025715448,0.026450275,0.027191229,0.02793825
RWEAA_numig,0.024927202,0.025654145,0.026387267,0.027126505,0.027871799
RWEAB_numc,0.015703956,0.01567846,0.01564926,0.015616379,0.015579843
RWEAB_numi,0.016507393,0.016543322,0.016579191,0.016615001,0.01665075
RWEAB_numcg,0.016558116,0.016594199,0.016630223,0.016666187,0.016702091
RWEAB_numig,0.016715264,0.016751719,0.016788115,0.016824451,0.016860726
RWEAC_numc,0.018729964,0.018688891,0.018643455,0.018593691,0.018539639
RWEAC_numi,0.019717867,0.019749514,0.019781058,0.019812497,0.019843833
RWEAC_numcg,0.019639187,0.019670759,0.019702229,0.019733596,0.01976486
RWEAC_numig,0.019571402,0.0196029,0.019634297,0.019665591,0.019696783
RWEAD_numc,0.061680193,0.061472436,0.061250746,0.061015287,0.060766244
RWEAD_numi,0.06488481,0.064912395,0.06493948,0.064966069,0.064992163
RWEAD_numcg,0.064791803,0.064819517,0.064846736,0.06487346,0.064899691
RWEAD_numig,0.065013179,0.065041104,0.065068532,0.065095465,0.065121904
RWEAE_numc,0.006545103,0.006531744,0.006516859,0.00650046,0.006482559
RWEAE_numi,0.006870612,0.006882686,0.006894732,0.006906748,0.006918735
RWEAE_numcg,0.006831446,0.00684347,0.006855465,0.006867431,0.006879368
RWEAE_numig,0.006941355,0.006953584,0.006965785,0.006977956,0.006990098
RWEAF_numc,0.095676146,0.095374917,0.095051953,0.094707495,0.094341816
RWEAF_numi,0.100653138,0.100718143,0.100782425,0.100845985,0.100908828
RWEAF_numcg,0.100587027,0.100652254,0.10071676,0.100780548,0.100843622
RWEAF_numig,0.100567646,0.100633038,0.100697713,0.10076167,0.100824916
RWEAG_numc,0.005914702,0.005895105,0.00587417,0.00585191,0.005828345
RWEAG_numi,0.006219676,0.006222664,0.006225604,0.006228496,0.00623134
RWEAG_numcg,0.006247275,0.006250293,0.006253263,0.006256184,0.006259057
RWEAG_numig,0.006078067,0.006081014,0.006083914,0.006086768,0.006089574
RWEAH_numc,0.012910185,0.012872763,0.0128324,0.012789126,0.012742975
RWEAH_numi,0.013563455,0.013575616,0.013587697,0.0135997,0.013611625
RWEAH_numcg,0.01347556,0.013487677,0.013499716,0.013511677,0.01352356
RWEAH_numig,0.013673213,0.013685532,0.013697772,0.013709934,0.013722017
RWEAI_numc,0.08086168,0.08063062,0.080381032,0.080113101,0.079827044
RWEAI_numi,0.085055384,0.085135157,0.085214349,0.085292964,0.085371002
RWEAI_numcg,0.085113602,0.085193653,0.085273126,0.085352022,0.085430344
RWEAI_numig,0.08516949,0.085249745,0.085329423,0.085408526,0.085487056
RWEAJ_numc,0.034771838,0.034669222,0.034558652,0.034440211,0.034313994
RWEAJ_numi,0.03660403,0.036634919,0.036665546,0.036695911,0.036726015
RWEAJ_numcg,0.036602123,0.036633107,0.036663829,0.036694291,0.036724492
RWEAJ_numig,0.036436314,0.036467223,0.036497871,0.036528261,0.036558392
RWEAL_numc,0.205590791,0.205042994,0.204447867,0.203805854,0.203117475
RWEAL_numi,0.156736392,0.156913755,0.157090124,0.1572655,0.157439883
RWEAL_numcg,0.156714278,0.156892027,0.157068787,0.157244559,0.157419344
RWEAL_numig,0.156694921,0.156872927,0.157049947,0.157225982,0.157401032
RWUS_numc,0.389759509,0.385727218,0.381637492,0.377493048,0.3732967
RWUS_numi,0.458631362,0.45742057,0.456207022,0.454990773,0.453771877
RWUS_numcg,0.458594468,0.457384974,0.456172728,0.454957784,0.453740199
RWUS_numig,0.458733979,0.457524929,0.45631313,0.455098635,0.453881498
USEAA_numc,0.01442544,0.014834971,0.015247516,0.015663036,0.016081494
USEAA_numi,0.014407244,0.014816266,0.015228297,0.015643301,0.01606124
USEAA_numcg,0.014406389,0.014815424,0.015227434,0.015642369,0.016060284
USEAA_numig,0.014336475,0.014743516,0.015153554,0.015566549,0.015982469
USEAB_numc,0.009506709,0.009520285,0.009533844,0.009547385,0.009560907
USEAB_numi,0.009521626,0.009535229,0.009548813,0.00956238,0.009575928
USEAB_numcg,0.009484751,0.009498299,0.00951183,0.009525344,0.009538839
USEAB_numig,0.009613512,0.009627264,0.009640998,0.009654714,0.009668412
USEAC_numc,0.011339805,0.011349523,0.01135921,0.011368867,0.011378494
USEAC_numi,0.011346345,0.011356074,0.011365772,0.011375441,0.011385079
USEAC_numcg,0.011273674,0.01128334,0.011292975,0.011302581,0.011312157
USEAC_numig,0.011211683,0.011221317,0.011230922,0.011240497,0.011250043
USEAD_numc,0.037331897,0.037319875,0.037307728,0.037295458,0.037283065
USEAD_numi,0.037312522,0.037300524,0.037288402,0.037276156,0.037263788
USEAD_numcg,0.037307301,0.037295302,0.037283179,0.037270933,0.037258563
USEAD_numig,0.037198392,0.037186501,0.037174487,0.03716235,0.03715009
USEAE_numc,0.003959027,0.003963023,0.003967011,0.003970992,0.003974965
USEAE_numi,0.003976845,0.003980861,0.003984869,0.003988869,0.003992863
USEAE_numcg,0.003938736,0.003942713,0.003946683,0.003950645,0.003954599
USEAE_numig,0.003976428,0.003980451,0.003984466,0.003988474,0.003992474
USEAF_numc,0.057900771,0.057894895,0.057888835,0.057882593,0.057876171
USEAF_numi,0.057888539,0.057882692,0.057876661,0.057870449,0.057864057
USEAF_numcg,0.057871154,0.057865304,0.057859271,0.057853056,0.057846662
USEAF_numig,0.057925093,0.057919352,0.057913427,0.057907321,0.057901037
USEAG_numc,0.003580755,0.0035798,0.003578832,0.003577852,0.003576859
USEAG_numi,0.00358407,0.003583116,0.003582149,0.003581169,0.003580178
USEAG_numcg,0.003630401,0.003629434,0.003628454,0.003627462,0.003626457
USEAG_numig,0.003455705,0.003454791,0.003453866,0.003452928,0.003451979
USEAH_numc,0.007800335,0.007801498,0.007802644,0.007803773,0.007804885
USEAH_numi,0.007815901,0.00781707,0.007818222,0.007819357,0.007820475
USEAH_numcg,0.007758598,0.007759758,0.0077609,0.007762026,0.007763136
USEAH_numig,0.00791277,0.007913969,0.00791515,0.007916314,0.007917461
USEAI_numc,0.048926738,0.048936052,0.048945207,0.048954205,0.048963047
USEAI_numi,0.048917187,0.048926523,0.0489357,0.04894472,0.048953584
USEAI_numcg,0.048870774,0.048880097,0.048889261,0.04889827,0.048907122
USEAI_numig,0.049103496,0.049112959,0.049122264,0.049131413,0.049140405
USEAJ_numc,0.021055699,0.021057729,0.021059687,0.021061572,0.021063385
USEAJ_numi,0.021047789,0.021049829,0.021051796,0.02105369,0.021055514
USEAJ_numcg,0.020966274,0.020968304,0.020970261,0.020972148,0.020973962
USEAJ_numig,0.021250905,0.021253005,0.021255031,0.021256984,0.021258866
USEAK_numc,0.005436683,0.00543499,0.005433277,0.005431544,0.005429793
USEAK_numi,0.00545167,0.005449974,0.005448259,0.005446525,0.005444772
USEAK_numcg,0.005378088,0.005376414,0.005374722,0.005373011,0.005371281
USEAK_numig,0.0055459,0.005544186,0.005542452,0.005540698,0.005538925
USRW_numc,0.688589849,0.688126459,0.687660976,0.68719343,0.686723852
USRW_numi,0.688600276,0.688137212,0.687672057,0.68720484,0.686735594
USRW_numcg,0.68849051,0.68802746,0.687562327,0.687095144,0.686625921
USRW_numig,0.688499806,0.688038102,0.687574317,0.68710848,0.686640621
EAAEAL_nerdep,1,1,1,1,1
EAA_gammabh,0,0,0,0,0
EABEAL_nerdep,1,1,1,1,1
EAB_gammabh,0,0,0,0,0
EACEAL_nerdep,1,1,1,1,1
EAC_gammabh,0,0,0,0,0
EADEAL_nerdep,1,1,1,1,1
EAD_gammabh,0,0,0,0,0
EAEEAL_nerdep,1,1,1,1,1
EAE_gammabh,0,0,0,0,0
EAFEAL_nerdep,1,1,1,1,1
EAF_gammabh,0,0,0,0,0
EAGEAL_nerdep,1,1,1,1,1
EAG_gammabh,0,0,0,0,0
EAHEAL_nerdep,1,1,1,1,1
EAH_gammabh,0,0,0,0,0
EAIEAL_nerdep,1,1,1,1,1
EAI_gammabh,0,0,0,0,0
EAJEAL_nerdep,1,1,1,1,1
EAJ_gammabh,0,0,0,0,0
EAKEAL_nerdep,1,1,1,1,1
EAK_gammabh,0,0,0,0,0
EAA_bh,0,0,0,0,0
EAB_bh,0,0,0,0,0
EAC_bh,0,0,0,0,0
EAD_bh,0,0,0,0,0
EAE_bh,5.47E-18,-1.11E-16,7.36E-18,-1.85E-16,-5.35E-17
EAF_bh,-1.20E-16,-5.69E-17,3.02E-17,8.45E-18,-6.36E-17
EAG_bh,0,0,0,0,0
EAH_bh,0,0,0,0,0
EAI_bh,0,0,0,0,0
EAJ_bh,0,0,0,0,0
EAK_bh,0,0,0,0,0
EAL_bh,-3.92E-16,-2.35E-16,6.04E-16,-2.57E-16,-5.51E-16
AUX_ENDO_LAG_426_1,0.672488036,0.665376122,0.658601835,0.652160661,0.646050532
AUX_ENDO_LAG_426_2,0.672488036,0.665376122,0.658601835,0.652160661,0.646050532
AUX_ENDO_LAG_426_3,0.672488036,0.665376122,0.658601835,0.652160661,0.646050532
AUX_ENDO_LAG_410_1,1.041437031,1.049977471,1.058613306,1.067368677,1.076271082
AUX_ENDO_LAG_410_2,1.041437031,1.049977471,1.058613306,1.067368677,1.076271082
AUX_ENDO_LAG_410_3,1.041437031,1.049977471,1.058613306,1.067368677,1.076271082
AUX_ENDO_LAG_393_1,1.109025774,1.120937704,1.132909614,1.144969981,1.157150974
AUX_ENDO_LAG_492_1,4.120856401,4.129727553,4.138267532,4.146487242,4.154396226
AUX_ENDO_LAG_492_2,4.120856401,4.129727553,4.138267532,4.146487242,4.154396226
AUX_ENDO_LAG_492_3,4.120856401,4.129727553,4.138267532,4.146487242,4.154396226
AUX_ENDO_LAG_1043_1,0.828632441,0.829176235,0.829726048,0.830281753,0.830843224
AUX_ENDO_LAG_1043_2,0.828632441,0.829176235,0.829726048,0.830281753,0.830843224
AUX_ENDO_LAG_1043_3,0.828632441,0.829176235,0.829726048,0.830281753,0.830843224
AUX_ENDO_LAG_1027_1,0.907518677,0.90724561,0.906969744,0.90669115,0.906409898
AUX_ENDO_LAG_1027_2,0.907518677,0.90724561,0.906969744,0.90669115,0.906409898
AUX_ENDO_LAG_1027_3,0.907518677,0.90724561,0.906969744,0.90669115,0.906409898
AUX_ENDO_LAG_1010_1,0.919247716,0.918865068,0.918478078,0.918086851,0.917691489
AUX_ENDO_LAG_1109_1,3.943752932,3.943349885,3.942940651,3.94252535,3.942104096
AUX_ENDO_LAG_1109_2,3.943752932,3.943349885,3.942940651,3.94252535,3.942104096
AUX_ENDO_LAG_1109_3,3.943752932,3.943349885,3.942940651,3.94252535,3.942104096
AUX_ENDO_LAG_1660_1,0.848248938,0.848564896,0.848885381,0.849210322,0.849539645
AUX_ENDO_LAG_1660_2,0.848248938,0.848564896,0.848885381,0.849210322,0.849539645
AUX_ENDO_LAG_1660_3,0.848248938,0.848564896,0.848885381,0.849210322,0.849539645
AUX_ENDO_LAG_1644_1,0.901050564,0.900863243,0.900673359,0.900480963,0.900286101
AUX_ENDO_LAG_1644_2,0.901050564,0.900863243,0.900673359,0.900480963,0.900286101
AUX_ENDO_LAG_1644_3,0.901050564,0.900863243,0.900673359,0.900480963,0.900286101
AUX_ENDO_LAG_1627_1,0.914417936,0.914187823,0.913953897,0.913716222,0.913474867
AUX_ENDO_LAG_1726_1,3.952110463,3.951971183,3.951827089,3.951678248,3.951524723
AUX_ENDO_LAG_1726_2,3.952110463,3.951971183,3.951827089,3.951678248,3.951524723
AUX_ENDO_LAG_1726_3,3.952110463,3.951971183,3.951827089,3.951678248,3.951524723
AUX_ENDO_LAG_2277_1,0.702675131,0.702944035,0.703215357,0.70348907,0.703765159
AUX_ENDO_LAG_2277_2,0.702675131,0.702944035,0.703215357,0.70348907,0.703765159
AUX_ENDO_LAG_2277_3,0.702675131,0.702944035,0.703215357,0.70348907,0.703765159
AUX_ENDO_LAG_2261_1,0.937778389,0.937690598,0.937602029,0.937512693,0.937422593
AUX_ENDO_LAG_2261_2,0.937778389,0.937690598,0.937602029,0.937512693,0.937422593
AUX_ENDO_LAG_2261_3,0.937778389,0.937690598,0.937602029,0.937512693,0.937422593
AUX_ENDO_LAG_2244_1,0.957980469,0.957840034,0.957698438,0.957555696,0.957411815
AUX_ENDO_LAG_2343_1,3.971907501,3.971714499,3.971520087,3.971324282,3.971127092
AUX_ENDO_LAG_2343_2,3.971907501,3.971714499,3.971520087,3.971324282,3.971127092
AUX_ENDO_LAG_2343_3,3.971907501,3.971714499,3.971520087,3.971324282,3.971127092
AUX_ENDO_LAG_2894_1,0.943306611,0.944025673,0.944752212,0.945486081,0.94622713
AUX_ENDO_LAG_2894_2,0.943306611,0.944025673,0.944752212,0.945486081,0.94622713
AUX_ENDO_LAG_2894_3,0.943306611,0.944025673,0.944752212,0.945486081,0.94622713
AUX_ENDO_LAG_2878_1,0.859484194,0.859229508,0.85897231,0.858712658,0.858450608
AUX_ENDO_LAG_2878_2,0.859484194,0.859229508,0.85897231,0.858712658,0.858450608
AUX_ENDO_LAG_2878_3,0.859484194,0.859229508,0.85897231,0.858712658,0.858450608
AUX_ENDO_LAG_2861_1,0.843374314,0.843008034,0.842637954,0.842264158,0.841886723
AUX_ENDO_LAG_2960_1,3.830228097,3.829748833,3.829263699,3.828772801,3.828276209
AUX_ENDO_LAG_2960_2,3.830228097,3.829748833,3.829263699,3.828772801,3.828276209
AUX_ENDO_LAG_2960_3,3.830228097,3.829748833,3.829263699,3.828772801,3.828276209
AUX_ENDO_LAG_3511_1,0.833425084,0.833858019,0.834294737,0.834735189,0.835179324
AUX_ENDO_LAG_3511_2,0.833425084,0.833858019,0.834294737,0.834735189,0.835179324
AUX_ENDO_LAG_3511_3,0.833425084,0.833858019,0.834294737,0.834735189,0.835179324
AUX_ENDO_LAG_3495_1,0.898476812,0.898325072,0.898172051,0.898017767,0.897862241
AUX_ENDO_LAG_3495_2,0.898476812,0.898325072,0.898172051,0.898017767,0.897862241
AUX_ENDO_LAG_3495_3,0.898476812,0.898325072,0.898172051,0.898017767,0.897862241
AUX_ENDO_LAG_3478_1,0.902758827,0.902539628,0.902318587,0.90209573,0.901871086
AUX_ENDO_LAG_3577_1,3.914012801,3.913752163,3.913489267,3.913224138,3.912956805
AUX_ENDO_LAG_3577_2,3.914012801,3.913752163,3.913489267,3.913224138,3.912956805
AUX_ENDO_LAG_3577_3,3.914012801,3.913752163,3.913489267,3.913224138,3.912956805
AUX_ENDO_LAG_4128_1,0.926404396,0.926635578,0.926869055,0.927104804,0.927342737
AUX_ENDO_LAG_4128_2,0.926404396,0.926635578,0.926869055,0.927104804,0.927342737
AUX_ENDO_LAG_4128_3,0.926404396,0.926635578,0.926869055,0.927104804,0.927342737
AUX_ENDO_LAG_4112_1,0.861213824,0.861110112,0.861005401,0.860899703,0.860793054
AUX_ENDO_LAG_4112_2,0.861213824,0.861110112,0.861005401,0.860899703,0.860793054
AUX_ENDO_LAG_4112_3,0.861213824,0.861110112,0.861005401,0.860899703,0.860793054
AUX_ENDO_LAG_4095_1,0.852812086,0.852678018,0.85254273,0.852406237,0.852268488
AUX_ENDO_LAG_4194_1,3.864461448,3.864338772,3.864215226,3.864090825,3.863965114
AUX_ENDO_LAG_4194_2,3.864461448,3.864338772,3.864215226,3.864090825,3.863965114
AUX_ENDO_LAG_4194_3,3.864461448,3.864338772,3.864215226,3.864090825,3.863965114
AUX_ENDO_LAG_4745_1,0.752112735,0.752631602,0.753156283,0.753686693,0.754222746
AUX_ENDO_LAG_4745_2,0.752112735,0.752631602,0.753156283,0.753686693,0.754222746
AUX_ENDO_LAG_4745_3,0.752112735,0.752631602,0.753156283,0.753686693,0.754222746
AUX_ENDO_LAG_4729_1,0.932066223,0.931853261,0.93163802,0.93142054,0.931200857
AUX_ENDO_LAG_4729_2,0.932066223,0.931853261,0.93163802,0.93142054,0.931200857
AUX_ENDO_LAG_4729_3,0.932066223,0.931853261,0.93163802,0.93142054,0.931200857
AUX_ENDO_LAG_4712_1,0.998727645,0.998532559,0.998333478,0.998130459,0.997923556
AUX_ENDO_LAG_4811_1,4.16399589,4.164167456,4.164333107,4.164492892,4.164646857
AUX_ENDO_LAG_4811_2,4.16399589,4.164167456,4.164333107,4.164492892,4.164646857
AUX_ENDO_LAG_4811_3,4.16399589,4.164167456,4.164333107,4.164492892,4.164646857
AUX_ENDO_LAG_5362_1,0.781608891,0.78233884,0.783074717,0.783816424,0.784563864
AUX_ENDO_LAG_5362_2,0.781608891,0.78233884,0.783074717,0.783816424,0.784563864
AUX_ENDO_LAG_5362_3,0.781608891,0.78233884,0.783074717,0.783816424,0.784563864
AUX_ENDO_LAG_5346_1,0.915926492,0.915669724,0.915410996,0.915150348,0.914887815
AUX_ENDO_LAG_5346_2,0.915926492,0.915669724,0.915410996,0.915150348,0.914887815
AUX_ENDO_LAG_5346_3,0.915926492,0.915669724,0.915410996,0.915150348,0.914887815
AUX_ENDO_LAG_5329_1,0.925239208,0.924901592,0.924561373,0.924218599,0.923873318
AUX_ENDO_LAG_5428_1,3.931969875,3.931683956,3.931395554,3.931104701,3.930811431
AUX_ENDO_LAG_5428_2,3.931969875,3.931683956,3.931395554,3.931104701,3.930811431
AUX_ENDO_LAG_5428_3,3.931969875,3.931683956,3.931395554,3.931104701,3.930811431
AUX_ENDO_LAG_5979_1,0.745140659,0.745287508,0.745436907,0.745588826,0.745743239
AUX_ENDO_LAG_5979_2,0.745140659,0.745287508,0.745436907,0.745588826,0.745743239
AUX_ENDO_LAG_5979_3,0.745140659,0.745287508,0.745436907,0.745588826,0.745743239
AUX_ENDO_LAG_5963_1,0.944934403,0.944860175,0.944784676,0.944707919,0.944629922
AUX_ENDO_LAG_5963_2,0.944934403,0.944860175,0.944784676,0.944707919,0.944629922
AUX_ENDO_LAG_5963_3,0.944934403,0.944860175,0.944784676,0.944707919,0.944629922
AUX_ENDO_LAG_5946_1,0.973629576,0.973523673,0.973415886,0.973306239,0.973194754
AUX_ENDO_LAG_6045_1,4.004310505,4.004203481,4.004094331,4.003983076,4.003869741
AUX_ENDO_LAG_6045_2,4.004310505,4.004203481,4.004094331,4.003983076,4.003869741
AUX_ENDO_LAG_6045_3,4.004310505,4.004203481,4.004094331,4.003983076,4.003869741
AUX_ENDO_LAG_6596_1,0.842919176,0.843096543,0.843275347,0.843455573,0.843637212
AUX_ENDO_LAG_6596_2,0.842919176,0.843096543,0.843275347,0.843455573,0.843637212
AUX_ENDO_LAG_6596_3,0.842919176,0.843096543,0.843275347,0.843455573,0.843637212
AUX_ENDO_LAG_6580_1,0.901819296,0.901725086,0.901630142,0.90153447,0.901438078
AUX_ENDO_LAG_6580_2,0.901819296,0.901725086,0.901630142,0.90153447,0.901438078
AUX_ENDO_LAG_6580_3,0.901819296,0.901725086,0.901630142,0.90153447,0.901438078
AUX_ENDO_LAG_6563_1,0.904527523,0.904397634,0.904266768,0.904134938,0.90400215
AUX_ENDO_LAG_6662_1,3.906752979,3.906617704,3.9064815,3.906344377,3.906206339
AUX_ENDO_LAG_6662_2,3.906752979,3.906617704,3.9064815,3.906344377,3.906206339
AUX_ENDO_LAG_6662_3,3.906752979,3.906617704,3.9064815,3.906344377,3.906206339
AUX_ENDO_LAG_7213_1,0.74544708,0.745877899,0.746313521,0.746753875,0.747198892
AUX_ENDO_LAG_7213_2,0.74544708,0.745877899,0.746313521,0.746753875,0.747198892
AUX_ENDO_LAG_7213_3,0.74544708,0.745877899,0.746313521,0.746753875,0.747198892
AUX_ENDO_LAG_7197_1,0.934182249,0.934006687,0.93382924,0.93364994,0.933468816
AUX_ENDO_LAG_7197_2,0.934182249,0.934006687,0.93382924,0.93364994,0.933468816
AUX_ENDO_LAG_7197_3,0.934182249,0.934006687,0.93382924,0.93364994,0.933468816
AUX_ENDO_LAG_7180_1,0.96589451,0.965634221,0.965371127,0.965105274,0.964836707
AUX_ENDO_LAG_7279_1,3.961419934,3.961130474,3.960837744,3.960541789,3.960242654
AUX_ENDO_LAG_7279_2,3.961419934,3.961130474,3.960837744,3.960541789,3.960242654
AUX_ENDO_LAG_7279_3,3.961419934,3.961130474,3.960837744,3.960541789,3.960242654
AUX_ENDO_LAG_7830_1,1.14129135,1.14385841,1.146595703,1.149504196,1.152584763
AUX_ENDO_LAG_7830_2,1.14129135,1.14385841,1.146595703,1.149504196,1.152584763
AUX_ENDO_LAG_7830_3,1.14129135,1.14385841,1.146595703,1.149504196,1.152584763
AUX_ENDO_LAG_7814_1,0.944187418,0.943963994,0.943725683,0.94347239,0.943204024
AUX_ENDO_LAG_7814_2,0.944187418,0.943963994,0.943725683,0.94347239,0.943204024
AUX_ENDO_LAG_7814_3,0.944187418,0.943963994,0.943725683,0.94347239,0.943204024
AUX_ENDO_LAG_7797_1,1.212642161,1.212359101,1.212056504,1.21173425,1.211392224
AUX_ENDO_LAG_7896_1,4.904055902,4.904085905,4.904115192,4.904143779,4.904171683
AUX_ENDO_LAG_7896_2,4.904055902,4.904085905,4.904115192,4.904143779,4.904171683
AUX_ENDO_LAG_7896_3,4.904055902,4.904085905,4.904115192,4.904143779,4.904171683
AUX_ENDO_LAG_8449_1,1.060270398,1.062322936,1.064384069,1.066453815,1.068532186
AUX_ENDO_LAG_8449_2,1.060270398,1.062322936,1.064384069,1.066453815,1.068532186
AUX_ENDO_LAG_8449_3,1.060270398,1.062322936,1.064384069,1.066453815,1.068532186
AUX_ENDO_LAG_8433_1,0.944635933,0.944327636,0.944018103,0.943707332,0.943395323
AUX_ENDO_LAG_8433_2,0.944635933,0.944327636,0.944018103,0.943707332,0.943395323
AUX_ENDO_LAG_8433_3,0.944635933,0.944327636,0.944018103,0.943707332,0.943395323
AUX_ENDO_LAG_8416_1,1.18776287,1.187136507,1.186507619,1.185876204,1.185242259
AUX_ENDO_LAG_8512_1,4.948756619,4.947991545,4.947222622,4.946449837,4.945673179
AUX_ENDO_LAG_8512_2,4.948756619,4.947991545,4.947222622,4.946449837,4.945673179
AUX_ENDO_LAG_8512_3,4.948756619,4.947991545,4.947222622,4.946449837,4.945673179
AUX_ENDO_LAG_275_1,0.89995528,0.890954585,0.882397107,0.874277496,0.866593671
AUX_ENDO_LAG_447_1,0.592864728,0.585541349,0.578537538,0.571847723,0.565468502
AUX_ENDO_LAG_892_1,1.023647309,1.022820076,1.021992831,1.021165637,1.02033855
AUX_ENDO_LAG_1064_1,0.674349489,0.672204237,0.670062505,0.667924368,0.665789897
AUX_ENDO_LAG_1509_1,1.045855293,1.04550485,1.045153798,1.044802163,1.044449965
AUX_ENDO_LAG_1681_1,0.688979472,0.687112823,0.685247832,0.683384555,0.681523045
AUX_ENDO_LAG_2126_1,0.94374768,0.944280996,0.944815923,0.945352432,0.945890508
AUX_ENDO_LAG_2298_1,0.621713905,0.620587825,0.619462002,0.618336442,0.617211164
AUX_ENDO_LAG_2743_1,1.254273179,1.253614779,1.252955294,1.252294785,1.251633298
AUX_ENDO_LAG_2915_1,0.826279198,0.823884069,0.821491441,0.8191014,0.816714026
AUX_ENDO_LAG_3360_1,1.07311095,1.073478666,1.073847146,1.074216371,1.074586313
AUX_ENDO_LAG_3532_1,0.706934717,0.705497403,0.704060427,0.702623811,0.701187573
AUX_ENDO_LAG_3977_1,1.245293319,1.245917632,1.246543742,1.247171614,1.24780113
AUX_ENDO_LAG_4149_1,0.820363524,0.818825453,0.817287752,0.815750435,0.814213465
AUX_ENDO_LAG_4594_1,1.01657715,1.016695052,1.01681184,1.016927522,1.017042102
AUX_ENDO_LAG_4766_1,0.669691871,0.66817883,0.666665624,0.6651523,0.663638904
AUX_ENDO_LAG_5211_1,1.012635612,1.012672653,1.01270958,1.012746396,1.012783102
AUX_ENDO_LAG_5383_1,0.667095299,0.665535282,0.663976006,0.662417508,0.660859827
AUX_ENDO_LAG_5828_1,0.997055971,0.997356148,0.997657293,0.997959384,0.998262397
AUX_ENDO_LAG_6000_1,0.656831879,0.655469172,0.654107079,0.652745614,0.651384797
AUX_ENDO_LAG_6445_1,1.003455212,1.004004357,1.004555337,1.00510812,1.005662688
AUX_ENDO_LAG_6617_1,0.661047515,0.65983842,0.658629733,0.657421462,0.656213624
AUX_ENDO_LAG_7234_1,0.65877132,0.657206729,0.655643058,0.654080341,0.652518615
AUX_ENDO_LAG_3_1,3.551760937,3.518095215,3.486127961,3.455841366,3.427230449
AUX_ENDO_LAG_3_2,3.551760937,3.518095215,3.486127961,3.455841366,3.427230449
AUX_ENDO_LAG_3_3,3.551760937,3.518095215,3.486127961,3.455841366,3.427230449
EA_epsz,0,0,0,0,0
EAA_cgybar,0.2,0.2,0.2,0.2,0.2
EAA_igybar,0.04,0.04,0.04,0.04,0.04
EAA_taucbar,0.183,0.183,0.183,0.183,0.183
EAA_taudbar,0,0,0,0,0
EAA_taukbar,0,0,0,0,0
EAA_taunbar,0.122,0.122,0.122,0.122,0.122
EAA_tauwfbar,0.219,0.219,0.219,0.219,0.219
EAA_tauwhbar,0.118,0.118,0.118,0.118,0.118
EAA_wcstbar,0,0,0,0,0
EAA_zconbar,1,1,1,1,1
EAA_zinvbar,1,1,1,1,1
EAA_znbar,1,1,1,1,1
EAA_ztbar,1,1,1,1,1
EAA_epsgc,0,0,0,0,0
EAA_epsgi,0,0,0,0,0
EAA_epstauc,0,0,0,0,0
EAA_epstaud,0,0,0,0,0
EAA_epstauk,0,0,0,0,0
EAA_epstaun,0,0,0,0,0
EAA_epstauwf,0,0,0,0,0
EAA_epstauwh,0,0,0,0,0
EAA_epstr,0,0,0,0,0
EAA_epswcst,0,0,0,0,0
EAA_epszcon,0,0,0,0,0
EAA_epszinv,0,0,0,0,0
EAA_epszn,0,0,0,0,0
EAA_epszt,0,0,0,0,0
EAB_cgybar,0.2,0.2,0.2,0.2,0.2
EAB_igybar,0.04,0.04,0.04,0.04,0.04
EAB_taucbar,0.183,0.183,0.183,0.183,0.183
EAB_taudbar,0,0,0,0,0
EAB_taukbar,0,0,0,0,0
EAB_taunbar,0.122,0.122,0.122,0.122,0.122
EAB_tauwfbar,0.219,0.219,0.219,0.219,0.219
EAB_tauwhbar,0.118,0.118,0.118,0.118,0.118
EAB_wcstbar,0,0,0,0,0
EAB_zconbar,1,1,1,1,1
EAB_zinvbar,1,1,1,1,1
EAB_znbar,1,1,1,1,1
EAB_ztbar,1,1,1,1,1
EAB_epsgc,0,0,0,0,0
EAB_epsgi,0,0,0,0,0
EAB_epstauc,0,0,0,0,0
EAB_epstaud,0,0,0,0,0
EAB_epstauk,0,0,0,0,0
EAB_epstaun,0,0,0,0,0
EAB_epstauwf,0,0,0,0,0
EAB_epstauwh,0,0,0,0,0
EAB_epstr,0,0,0,0,0
EAB_epswcst,0,0,0,0,0
EAB_epszcon,0,0,0,0,0
EAB_epszinv,0,0,0,0,0
EAB_epszn,0,0,0,0,0
EAB_epszt,0,0,0,0,0
EAC_cgybar,0.2,0.2,0.2,0.2,0.2
EAC_igybar,0.04,0.04,0.04,0.04,0.04
EAC_taucbar,0.183,0.183,0.183,0.183,0.183
EAC_taudbar,0,0,0,0,0
EAC_taukbar,0,0,0,0,0
EAC_taunbar,0.122,0.122,0.122,0.122,0.122
EAC_tauwfbar,0.219,0.219,0.219,0.219,0.219
EAC_tauwhbar,0.118,0.118,0.118,0.118,0.118
EAC_wcstbar,0,0,0,0,0
EAC_zconbar,1,1,1,1,1
EAC_zinvbar,1,1,1,1,1
EAC_znbar,1,1,1,1,1
EAC_ztbar,1,1,1,1,1
EAC_epsgc,0,0,0,0,0
EAC_epsgi,0,0,0,0,0
EAC_epstauc,0,0,0,0,0
EAC_epstaud,0,0,0,0,0
EAC_epstauk,0,0,0,0,0
EAC_epstaun,0,0,0,0,0
EAC_epstauwf,0,0,0,0,0
EAC_epstauwh,0,0,0,0,0
EAC_epstr,0,0,0,0,0
EAC_epswcst,0,0,0,0,0
EAC_epszcon,0,0,0,0,0
EAC_epszinv,0,0,0,0,0
EAC_epszn,0,0,0,0,0
EAC_epszt,0,0,0,0,0
EAD_cgybar,0.2,0.2,0.2,0.2,0.2
EAD_igybar,0.04,0.04,0.04,0.04,0.04
EAD_taucbar,0.183,0.183,0.183,0.183,0.183
EAD_taudbar,0,0,0,0,0
EAD_taukbar,0,0,0,0,0
EAD_taunbar,0.122,0.122,0.122,0.122,0.122
EAD_tauwfbar,0.219,0.219,0.219,0.219,0.219
EAD_tauwhbar,0.118,0.118,0.118,0.118,0.118
EAD_wcstbar,0,0,0,0,0
EAD_zconbar,1,1,1,1,1
EAD_zinvbar,1,1,1,1,1
EAD_znbar,1,1,1,1,1
EAD_ztbar,1,1,1,1,1
EAD_epsgc,0,0,0,0,0
EAD_epsgi,0,0,0,0,0
EAD_epstauc,0,0,0,0,0
EAD_epstaud,0,0,0,0,0
EAD_epstauk,0,0,0,0,0
EAD_epstaun,0,0,0,0,0
EAD_epstauwf,0,0,0,0,0
EAD_epstauwh,0,0,0,0,0
EAD_epstr,0,0,0,0,0
EAD_epswcst,0,0,0,0,0
EAD_epszcon,0,0,0,0,0
EAD_epszinv,0,0,0,0,0
EAD_epszn,0,0,0,0,0
EAD_epszt,0,0,0,0,0
EAE_cgybar,0.2,0.2,0.2,0.2,0.2
EAE_igybar,0.04,0.04,0.04,0.04,0.04
EAE_taucbar,0.183,0.183,0.183,0.183,0.183
EAE_taudbar,0,0,0,0,0
EAE_taukbar,0,0,0,0,0
EAE_taunbar,0.122,0.122,0.122,0.122,0.122
EAE_tauwfbar,0.219,0.219,0.219,0.219,0.219
EAE_tauwhbar,0.118,0.118,0.118,0.118,0.118
EAE_wcstbar,0,0,0,0,0
EAE_zconbar,1,1,1,1,1
EAE_zinvbar,1,1,1,1,1
EAE_znbar,1,1,1,1,1
EAE_ztbar,1,1,1,1,1
EAE_epsgc,0,0,0,0,0
EAE_epsgi,0,0,0,0,0
EAE_epstauc,0,0,0,0,0
EAE_epstaud,0,0,0,0,0
EAE_epstauk,0,0,0,0,0
EAE_epstaun,0,0,0,0,0
EAE_epstauwf,0,0,0,0,0
EAE_epstauwh,0,0,0,0,0
EAE_epstr,0,0,0,0,0
EAE_epswcst,0,0,0,0,0
EAE_epszcon,0,0,0,0,0
EAE_epszinv,0,0,0,0,0
EAE_epszn,0,0,0,0,0
EAE_epszt,0,0,0,0,0
EAF_cgybar,0.2,0.2,0.2,0.2,0.2
EAF_igybar,0.04,0.04,0.04,0.04,0.04
EAF_taucbar,0.183,0.183,0.183,0.183,0.183
EAF_taudbar,0,0,0,0,0
EAF_taukbar,0,0,0,0,0
EAF_taunbar,0.122,0.122,0.122,0.122,0.122
EAF_tauwfbar,0.219,0.219,0.219,0.219,0.219
EAF_tauwhbar,0.118,0.118,0.118,0.118,0.118
EAF_wcstbar,0,0,0,0,0
EAF_zconbar,1,1,1,1,1
EAF_zinvbar,1,1,1,1,1
EAF_znbar,1,1,1,1,1
EAF_ztbar,1,1,1,1,1
EAF_epsgc,0,0,0,0,0
EAF_epsgi,0,0,0,0,0
EAF_epstauc,0,0,0,0,0
EAF_epstaud,0,0,0,0,0
EAF_epstauk,0,0,0,0,0
EAF_epstaun,0,0,0,0,0
EAF_epstauwf,0,0,0,0,0
EAF_epstauwh,0,0,0,0,0
EAF_epstr,0,0,0,0,0
EAF_epswcst,0,0,0,0,0
EAF_epszcon,0,0,0,0,0
EAF_epszinv,0,0,0,0,0
EAF_epszn,0,0,0,0,0
EAF_epszt,0,0,0,0,0
EAG_cgybar,0.2,0.2,0.2,0.2,0.2
EAG_igybar,0.04,0.04,0.04,0.04,0.04
EAG_taucbar,0.183,0.183,0.183,0.183,0.183
EAG_taudbar,0,0,0,0,0
EAG_taukbar,0,0,0,0,0
EAG_taunbar,0.122,0.122,0.122,0.122,0.122
EAG_tauwfbar,0.219,0.219,0.219,0.219,0.219
EAG_tauwhbar,0.118,0.118,0.118,0.118,0.118
EAG_wcstbar,0,0,0,0,0
EAG_zconbar,1,1,1,1,1
EAG_zinvbar,1,1,1,1,1
EAG_znbar,1,1,1,1,1
EAG_ztbar,1,1,1,1,1
EAG_epsgc,0,0,0,0,0
EAG_epsgi,0,0,0,0,0
EAG_epstauc,0,0,0,0,0
EAG_epstaud,0,0,0,0,0
EAG_epstauk,0,0,0,0,0
EAG_epstaun,0,0,0,0,0
EAG_epstauwf,0,0,0,0,0
EAG_epstauwh,0,0,0,0,0
EAG_epstr,0,0,0,0,0
EAG_epswcst,0,0,0,0,0
EAG_epszcon,0,0,0,0,0
EAG_epszinv,0,0,0,0,0
EAG_epszn,0,0,0,0,0
EAG_epszt,0,0,0,0,0
EAH_cgybar,0.2,0.2,0.2,0.2,0.2
EAH_igybar,0.04,0.04,0.04,0.04,0.04
EAH_taucbar,0.183,0.183,0.183,0.183,0.183
EAH_taudbar,0,0,0,0,0
EAH_taukbar,0,0,0,0,0
EAH_taunbar,0.122,0.122,0.122,0.122,0.122
EAH_tauwfbar,0.219,0.219,0.219,0.219,0.219
EAH_tauwhbar,0.118,0.118,0.118,0.118,0.118
EAH_wcstbar,0,0,0,0,0
EAH_zconbar,1,1,1,1,1
EAH_zinvbar,1,1,1,1,1
EAH_znbar,1,1,1,1,1
EAH_ztbar,1,1,1,1,1
EAH_epsgc,0,0,0,0,0
EAH_epsgi,0,0,0,0,0
EAH_epstauc,0,0,0,0,0
EAH_epstaud,0,0,0,0,0
EAH_epstauk,0,0,0,0,0
EAH_epstaun,0,0,0,0,0
EAH_epstauwf,0,0,0,0,0
EAH_epstauwh,0,0,0,0,0
EAH_epstr,0,0,0,0,0
EAH_epswcst,0,0,0,0,0
EAH_epszcon,0,0,0,0,0
EAH_epszinv,0,0,0,0,0
EAH_epszn,0,0,0,0,0
EAH_epszt,0,0,0,0,0
EAI_cgybar,0.2,0.2,0.2,0.2,0.2
EAI_igybar,0.04,0.04,0.04,0.04,0.04
EAI_taucbar,0.183,0.183,0.183,0.183,0.183
EAI_taudbar,0,0,0,0,0
EAI_taukbar,0,0,0,0,0
EAI_taunbar,0.122,0.122,0.122,0.122,0.122
EAI_tauwfbar,0.219,0.219,0.219,0.219,0.219
EAI_tauwhbar,0.118,0.118,0.118,0.118,0.118
EAI_wcstbar,0,0,0,0,0
EAI_zconbar,1,1,1,1,1
EAI_zinvbar,1,1,1,1,1
EAI_znbar,1,1,1,1,1
EAI_ztbar,1,1,1,1,1
EAI_epsgc,0,0,0,0,0
EAI_epsgi,0,0,0,0,0
EAI_epstauc,0,0,0,0,0
EAI_epstaud,0,0,0,0,0
EAI_epstauk,0,0,0,0,0
EAI_epstaun,0,0,0,0,0
EAI_epstauwf,0,0,0,0,0
EAI_epstauwh,0,0,0,0,0
EAI_epstr,0,0,0,0,0
EAI_epswcst,0,0,0,0,0
EAI_epszcon,0,0,0,0,0
EAI_epszinv,0,0,0,0,0
EAI_epszn,0,0,0,0,0
EAI_epszt,0,0,0,0,0
EAJ_cgybar,0.2,0.2,0.2,0.2,0.2
EAJ_igybar,0.04,0.04,0.04,0.04,0.04
EAJ_taucbar,0.183,0.183,0.183,0.183,0.183
EAJ_taudbar,0,0,0,0,0
EAJ_taukbar,0,0,0,0,0
EAJ_taunbar,0.122,0.122,0.122,0.122,0.122
EAJ_tauwfbar,0.219,0.219,0.219,0.219,0.219
EAJ_tauwhbar,0.118,0.118,0.118,0.118,0.118
EAJ_wcstbar,0,0,0,0,0
EAJ_zconbar,1,1,1,1,1
EAJ_zinvbar,1,1,1,1,1
EAJ_znbar,1,1,1,1,1
EAJ_ztbar,1,1,1,1,1
EAJ_epsgc,0,0,0,0,0
EAJ_epsgi,0,0,0,0,0
EAJ_epstauc,0,0,0,0,0
EAJ_epstaud,0,0,0,0,0
EAJ_epstauk,0,0,0,0,0
EAJ_epstaun,0,0,0,0,0
EAJ_epstauwf,0,0,0,0,0
EAJ_epstauwh,0,0,0,0,0
EAJ_epstr,0,0,0,0,0
EAJ_epswcst,0,0,0,0,0
EAJ_epszcon,0,0,0,0,0
EAJ_epszinv,0,0,0,0,0
EAJ_epszn,0,0,0,0,0
EAJ_epszt,0,0,0,0,0
EAK_cgybar,0.2,0.2,0.2,0.2,0.2
EAK_igybar,0.04,0.04,0.04,0.04,0.04
EAK_taucbar,0.183,0.183,0.183,0.183,0.183
EAK_taudbar,0,0,0,0,0
EAK_taukbar,0,0,0,0,0
EAK_taunbar,0.122,0.122,0.122,0.122,0.122
EAK_tauwfbar,0.219,0.219,0.219,0.219,0.219
EAK_tauwhbar,0.118,0.118,0.118,0.118,0.118
EAK_wcstbar,0,0,0,0,0
EAK_zconbar,1,1,1,1,1
EAK_zinvbar,1,1,1,1,1
EAK_znbar,1,1,1,1,1
EAK_ztbar,1,1,1,1,1
EAK_epsgc,0,0,0,0,0
EAK_epsgi,0,0,0,0,0
EAK_epstauc,0,0,0,0,0
EAK_epstaud,0,0,0,0,0
EAK_epstauk,0,0,0,0,0
EAK_epstaun,0,0,0,0,0
EAK_epstauwf,0,0,0,0,0
EAK_epstauwh,0,0,0,0,0
EAK_epstr,0,0,0,0,0
EAK_epswcst,0,0,0,0,0
EAK_epszcon,0,0,0,0,0
EAK_epszinv,0,0,0,0,0
EAK_epszn,0,0,0,0,0
EAK_epszt,0,0,0,0,0
EAL_cgybar,0.2,0.2,0.2,0.2,0.2
EAL_igybar,0.04,0.04,0.04,0.04,0.04
EAL_taucbar,0.183,0.183,0.183,0.183,0.183
EAL_taudbar,0,0,0,0,0
EAL_taukbar,0,0,0,0,0
EAL_taunbar,0.122,0.122,0.122,0.122,0.122
EAL_tauwfbar,0.219,0.219,0.219,0.219,0.219
EAL_tauwhbar,0.118,0.118,0.118,0.118,0.118
EAL_wcstbar,0,0,0,0,0
EAL_zconbar,1,1,1,1,1
EAL_zinvbar,1,1,1,1,1
EAL_znbar,1,1,1,1,1
EAL_ztbar,1,1,1,1,1
EAL_epsgc,0,0,0,0,0
EAL_epsgi,0,0,0,0,0
EAL_epstauc,0,0,0,0,0
EAL_epstaud,0,0,0,0,0
EAL_epstauk,0,0,0,0,0
EAL_epstaun,0,0,0,0,0
EAL_epstauwf,0,0,0,0,0
EAL_epstauwh,0,0,0,0,0
EAL_epstr,0,0,0,0,0
EAL_epswcst,0,0,0,0,0
EAL_epszcon,0,0,0,0,0
EAL_epszinv,0,0,0,0,0
EAL_epszn,0,0,0,0,0
EAL_epszt,0,0,0,0,0
RW_cgybar,0.16,0.16,0.16,0.16,0.16
RW_igybar,0.04,0.04,0.04,0.04,0.04
RW_taucbar,0.077,0.077,0.077,0.077,0.077
RW_taudbar,0,0,0,0,0
RW_taukbar,0,0,0,0,0
RW_taunbar,0.154,0.154,0.154,0.154,0.154
RW_tauwfbar,0.071,0.071,0.071,0.071,0.071
RW_tauwhbar,0.071,0.071,0.071,0.071,0.071
RW_wcstbar,0,0,0,0,0
RW_zconbar,1,1,1,1,1
RW_zinvbar,1,1,1,1,1
RW_znbar,1,1,1,1,1
RW_ztbar,1,1,1,1,1
RW_epsgc,0,0,0,0,0
RW_epsgi,0,0,0,0,0
RW_epstauc,0,0,0,0,0
RW_epstaud,0,0,0,0,0
RW_epstauk,0,0,0,0,0
RW_epstaun,0,0,0,0,0
RW_epstauwf,0,0,0,0,0
RW_epstauwh,0,0,0,0,0
RW_epstr,0,0,0,0,0
RW_epswcst,0,0,0,0,0
RW_epszcon,0,0,0,0,0
RW_epszinv,0,0,0,0,0
RW_epszn,0,0,0,0,0
RW_epszt,0,0,0,0,0
US_cgybar,0.16,0.16,0.16,0.16,0.16
US_igybar,0.04,0.04,0.04,0.04,0.04
US_taucbar,0.077,0.077,0.077,0.077,0.077
US_taudbar,0,0,0,0,0
US_taukbar,0,0,0,0,0
US_taunbar,0.154,0.154,0.154,0.154,0.154
US_tauwfbar,0.071,0.071,0.071,0.071,0.071
US_tauwhbar,0.071,0.071,0.071,0.071,0.071
US_wcstbar,0,0,0,0,0
US_zconbar,1,1,1,1,1
US_zinvbar,1,1,1,1,1
US_znbar,1,1,1,1,1
US_ztbar,1,1,1,1,1
US_epsgc,0,0,0,0,0
US_epsgi,0,0,0,0,0
US_epstauc,0,0,0,0,0
US_epstaud,0,0,0,0,0
US_epstauk,0,0,0,0,0
US_epstaun,0,0,0,0,0
US_epstauwf,0,0,0,0,0
US_epstauwh,0,0,0,0,0
US_epstr,0,0,0,0,0
US_epswcst,0,0,0,0,0
US_epszcon,0,0,0,0,0
US_epszinv,0,0,0,0,0
US_epszn,0,0,0,0,0
US_epszt,0,0,0,0,0