HOMOTOPY mode 1: computing step 0/15...
HOMOTOPY mode 1: computing step 1/15...
MODEL STEADY STATE: (method=Sparse Gaussian Elimination)
------------------------------------
      Iteration no. 1
      Inf-norm error = 6.532e-01
      2-norm error   = 1.252e+00
      1-norm error   = 5.984e+00
------------------------------------
MODEL STEADY STATE: (method=Sparse Gaussian Elimination)
------------------------------------
      Iteration no. 2
      Inf-norm error = 4.627e+00
      2-norm error   = 4.898e+00
      1-norm error   = 1.147e+01
------------------------------------
MODEL STEADY STATE: (method=Sparse Gaussian Elimination)
------------------------------------
      Iteration no. 3
      Inf-norm error = 7.426e+00
      2-norm error   = 7.724e+00
      1-norm error   = 1.469e+01
------------------------------------
MODEL STEADY STATE: (method=Sparse Gaussian Elimination)
------------------------------------
      Iteration no. 4
      Inf-norm error = 9.022e+00
      2-norm error   = 9.359e+00
      1-norm error   = 1.643e+01
------------------------------------
MODEL STEADY STATE: (method=Sparse Gaussian Elimination)
------------------------------------
      Iteration no. 5
      Inf-norm error = 9.826e+00
      2-norm error   = 1.019e+01
      1-norm error   = 1.718e+01
------------------------------------
MODEL STEADY STATE: (method=Sparse Gaussian Elimination)
------------------------------------
      Iteration no. 6
      Inf-norm error = 1.011e+01
      2-norm error   = 1.048e+01
      1-norm error   = 1.728e+01
------------------------------------
MODEL STEADY STATE: (method=Sparse Gaussian Elimination)
------------------------------------
      Iteration no. 7
      Inf-norm error = 1.005e+01
      2-norm error   = 1.042e+01
      1-norm error   = 1.697e+01
------------------------------------
MODEL STEADY STATE: (method=Sparse Gaussian Elimination)
------------------------------------
      Iteration no. 8
      Inf-norm error = 9.769e+00
      2-norm error   = 1.014e+01
      1-norm error   = 1.638e+01
------------------------------------
MODEL STEADY STATE: (method=Sparse Gaussian Elimination)
------------------------------------
      Iteration no. 9
      Inf-norm error = 9.467e+00
      2-norm error   = 9.834e+00
      1-norm error   = 1.577e+01
------------------------------------
MODEL STEADY STATE: (method=Sparse Gaussian Elimination)
------------------------------------
      Iteration no. 10
      Inf-norm error = 8.978e+00
      2-norm error   = 9.355e+00
      1-norm error   = 1.497e+01
------------------------------------
MODEL STEADY STATE: (method=Sparse Gaussian Elimination)
------------------------------------
      Iteration no. 11
      Inf-norm error = 8.372e+00
      2-norm error   = 8.937e+00
      1-norm error   = 1.484e+01
------------------------------------
MODEL STEADY STATE: (method=Sparse Gaussian Elimination)
------------------------------------
      Iteration no. 12
      Inf-norm error = 3.945e+00
      2-norm error   = 5.038e+00
      1-norm error   = 8.906e+00
------------------------------------
MODEL STEADY STATE: (method=Sparse Gaussian Elimination)
------------------------------------
      Iteration no. 13
      Inf-norm error = 8.205e-02
      2-norm error   = 1.092e-01
      1-norm error   = 2.035e-01
------------------------------------
MODEL STEADY STATE: (method=Sparse Gaussian Elimination)
------------------------------------
      Iteration no. 14
      Inf-norm error = 2.363e-04
      2-norm error   = 2.892e-04
      1-norm error   = 4.328e-04
------------------------------------
HOMOTOPY mode 1: computing step 2/15...
MODEL STEADY STATE: (method=Sparse Gaussian Elimination)
------------------------------------
      Iteration no. 1
      Inf-norm error = 4.665e-01
      2-norm error   = 9.369e-01
      1-norm error   = 4.974e+00
------------------------------------
MODEL STEADY STATE: (method=Sparse Gaussian Elimination)
------------------------------------
      Iteration no. 2
      Inf-norm error = 4.255e-01
      2-norm error   = 8.890e-01
      1-norm error   = 4.937e+00
------------------------------------
MODEL STEADY STATE: (method=Sparse Gaussian Elimination)
------------------------------------
      Iteration no. 3
      Inf-norm error = 3.882e-01
      2-norm error   = 8.807e-01
      1-norm error   = 4.826e+00
------------------------------------
MODEL STEADY STATE: (method=Sparse Gaussian Elimination)
------------------------------------
      Iteration no. 4
      Inf-norm error = 4.540e-01
      2-norm error   = 8.804e-01
      1-norm error   = 4.668e+00
------------------------------------
MODEL STEADY STATE: (method=Sparse Gaussian Elimination)
------------------------------------
      Iteration no. 5
      Inf-norm error = 5.049e-01
      2-norm error   = 8.765e-01
      1-norm error   = 4.480e+00
------------------------------------
MODEL STEADY STATE: (method=Sparse Gaussian Elimination)
------------------------------------
      Iteration no. 6
      Inf-norm error = 5.292e-01
      2-norm error   = 8.664e-01
      1-norm error   = 4.274e+00
------------------------------------
MODEL STEADY STATE: (method=Sparse Gaussian Elimination)
------------------------------------
      Iteration no. 7
      Inf-norm error = 5.350e-01
      2-norm error   = 8.502e-01
      1-norm error   = 4.058e+00
------------------------------------
MODEL STEADY STATE: (method=Sparse Gaussian Elimination)
------------------------------------
      Iteration no. 8
      Inf-norm error = 5.281e-01
      2-norm error   = 8.290e-01
      1-norm error   = 3.839e+00
------------------------------------
MODEL STEADY STATE: (method=Sparse Gaussian Elimination)
------------------------------------
      Iteration no. 9
      Inf-norm error = 5.127e-01
      2-norm error   = 8.040e-01
      1-norm error   = 3.619e+00
------------------------------------
MODEL STEADY STATE: (method=Sparse Gaussian Elimination)
------------------------------------
      Iteration no. 10
      Inf-norm error = 4.989e-01
      2-norm error   = 7.966e-01
      1-norm error   = 3.369e+00
------------------------------------
MODEL STEADY STATE: (method=Sparse Gaussian Elimination)
------------------------------------
      Iteration no. 11
      Inf-norm error = 4.704e-01
      2-norm error   = 7.763e-01
      1-norm error   = 3.106e+00
------------------------------------
MODEL STEADY STATE: (method=Sparse Gaussian Elimination)
------------------------------------
      Iteration no. 12
      Inf-norm error = 4.903e-01
      2-norm error   = 7.456e-01
      1-norm error   = 2.841e+00
------------------------------------
MODEL STEADY STATE: (method=Sparse Gaussian Elimination)
------------------------------------
      Iteration no. 13
      Inf-norm error = 5.453e-01
      2-norm error   = 7.352e-01
      1-norm error   = 2.536e+00
------------------------------------
MODEL STEADY STATE: (method=Sparse Gaussian Elimination)
------------------------------------
      Iteration no. 14
      Inf-norm error = 5.482e-01
      2-norm error   = 6.920e-01
      1-norm error   = 2.212e+00
------------------------------------
MODEL STEADY STATE: (method=Sparse Gaussian Elimination)
------------------------------------
      Iteration no. 15
      Inf-norm error = 5.618e-01
      2-norm error   = 6.546e-01
      1-norm error   = 1.829e+00
------------------------------------
MODEL STEADY STATE: (method=Sparse Gaussian Elimination)
------------------------------------
      Iteration no. 16
      Inf-norm error = 5.333e-01
      2-norm error   = 5.814e-01
      1-norm error   = 1.346e+00
------------------------------------
MODEL STEADY STATE: (method=Sparse Gaussian Elimination)
------------------------------------
      Iteration no. 17
      Inf-norm error = 3.986e-01
      2-norm error   = 4.085e-01
      1-norm error   = 5.739e-01
------------------------------------
MODEL STEADY STATE: (method=Sparse Gaussian Elimination)
------------------------------------
      Iteration no. 18
      Inf-norm error = 5.823e-04
      2-norm error   = 5.901e-04
      1-norm error   = 7.387e-04
------------------------------------
HOMOTOPY mode 1: computing step 3/15...
MODEL STEADY STATE: (method=Sparse Gaussian Elimination)
------------------------------------
      Iteration no. 1
      Inf-norm error = 3.623e-01
      2-norm error   = 7.848e-01
      1-norm error   = 4.492e+00
------------------------------------
MODEL STEADY STATE: (method=Sparse Gaussian Elimination)
------------------------------------
      Iteration no. 2
      Inf-norm error = 2.985e-01
      2-norm error   = 7.157e-01
      1-norm error   = 4.230e+00
------------------------------------
MODEL STEADY STATE: (method=Sparse Gaussian Elimination)
------------------------------------
      Iteration no. 3
      Inf-norm error = 3.913e-01
      2-norm error   = 6.972e-01
      1-norm error   = 3.900e+00
------------------------------------
MODEL STEADY STATE: (method=Sparse Gaussian Elimination)
------------------------------------
      Iteration no. 4
      Inf-norm error = 4.616e-01
      2-norm error   = 6.894e-01
      1-norm error   = 3.582e+00
------------------------------------
MODEL STEADY STATE: (method=Sparse Gaussian Elimination)
------------------------------------
      Iteration no. 5
      Inf-norm error = 5.091e-01
      2-norm error   = 6.824e-01
      1-norm error   = 3.277e+00
------------------------------------
MODEL STEADY STATE: (method=Sparse Gaussian Elimination)
------------------------------------
      Iteration no. 6
      Inf-norm error = 5.355e-01
      2-norm error   = 6.703e-01
      1-norm error   = 2.984e+00
------------------------------------
MODEL STEADY STATE: (method=Sparse Gaussian Elimination)
------------------------------------
      Iteration no. 7
      Inf-norm error = 5.440e-01
      2-norm error   = 6.509e-01
      1-norm error   = 2.706e+00
------------------------------------
MODEL STEADY STATE: (method=Sparse Gaussian Elimination)
------------------------------------
      Iteration no. 8
      Inf-norm error = 5.379e-01
      2-norm error   = 6.241e-01
      1-norm error   = 2.443e+00
------------------------------------
MODEL STEADY STATE: (method=Sparse Gaussian Elimination)
------------------------------------
      Iteration no. 9
      Inf-norm error = 5.519e-01
      2-norm error   = 6.128e-01
      1-norm error   = 2.130e+00
------------------------------------
MODEL STEADY STATE: (method=Sparse Gaussian Elimination)
------------------------------------
      Iteration no. 10
      Inf-norm error = 5.291e-01
      2-norm error   = 5.744e-01
      1-norm error   = 1.829e+00
------------------------------------
MODEL STEADY STATE: (method=Sparse Gaussian Elimination)
------------------------------------
      Iteration no. 11
      Inf-norm error = 5.080e-01
      2-norm error   = 5.372e-01
      1-norm error   = 1.474e+00
------------------------------------
MODEL STEADY STATE: (method=Sparse Gaussian Elimination)
------------------------------------
      Iteration no. 12
      Inf-norm error = 4.503e-01
      2-norm error   = 4.666e-01
      1-norm error   = 1.047e+00
------------------------------------
MODEL STEADY STATE: (method=Sparse Gaussian Elimination)
------------------------------------
      Iteration no. 13
      Inf-norm error = 2.981e-01
      2-norm error   = 3.044e-01
      1-norm error   = 4.016e-01
------------------------------------
MODEL STEADY STATE: (method=Sparse Gaussian Elimination)
------------------------------------
      Iteration no. 14
      Inf-norm error = 3.541e-04
      2-norm error   = 3.588e-04
      1-norm error   = 4.347e-04
------------------------------------
HOMOTOPY mode 1: computing step 4/15...
MODEL STEADY STATE: (method=Sparse Gaussian Elimination)
------------------------------------
      Iteration no. 1
      Inf-norm error = 2.959e-01
      2-norm error   = 7.068e-01
      1-norm error   = 4.256e+00
------------------------------------
MODEL STEADY STATE: (method=Sparse Gaussian Elimination)
------------------------------------
      Iteration no. 2
      Inf-norm error = 2.478e-01
      2-norm error   = 6.216e-01
      1-norm error   = 3.801e+00
------------------------------------
MODEL STEADY STATE: (method=Sparse Gaussian Elimination)
------------------------------------
      Iteration no. 3
      Inf-norm error = 3.165e-01
      2-norm error   = 5.898e-01
      1-norm error   = 3.448e+00
------------------------------------
MODEL STEADY STATE: (method=Sparse Gaussian Elimination)
------------------------------------
      Iteration no. 4
      Inf-norm error = 3.650e-01
      2-norm error   = 5.680e-01
      1-norm error   = 3.123e+00
------------------------------------
MODEL STEADY STATE: (method=Sparse Gaussian Elimination)
------------------------------------
      Iteration no. 5
      Inf-norm error = 3.948e-01
      2-norm error   = 5.488e-01
      1-norm error   = 2.821e+00
------------------------------------
MODEL STEADY STATE: (method=Sparse Gaussian Elimination)
------------------------------------
      Iteration no. 6
      Inf-norm error = 4.087e-01
      2-norm error   = 5.281e-01
      1-norm error   = 2.541e+00
------------------------------------
MODEL STEADY STATE: (method=Sparse Gaussian Elimination)
------------------------------------
      Iteration no. 7
      Inf-norm error = 4.096e-01
      2-norm error   = 5.039e-01
      1-norm error   = 2.282e+00
------------------------------------
MODEL STEADY STATE: (method=Sparse Gaussian Elimination)
------------------------------------
      Iteration no. 8
      Inf-norm error = 4.291e-01
      2-norm error   = 4.930e-01
      1-norm error   = 1.968e+00
------------------------------------
MODEL STEADY STATE: (method=Sparse Gaussian Elimination)
------------------------------------
      Iteration no. 9
      Inf-norm error = 4.164e-01
      2-norm error   = 4.623e-01
      1-norm error   = 1.677e+00
------------------------------------
MODEL STEADY STATE: (method=Sparse Gaussian Elimination)
------------------------------------
      Iteration no. 10
      Inf-norm error = 4.063e-01
      2-norm error   = 4.344e-01
      1-norm error   = 1.334e+00
------------------------------------
MODEL STEADY STATE: (method=Sparse Gaussian Elimination)
------------------------------------
      Iteration no. 11
      Inf-norm error = 3.662e-01
      2-norm error   = 3.810e-01
      1-norm error   = 9.299e-01
------------------------------------
MODEL STEADY STATE: (method=Sparse Gaussian Elimination)
------------------------------------
      Iteration no. 12
      Inf-norm error = 2.491e-01
      2-norm error   = 2.549e-01
      1-norm error   = 3.338e-01
------------------------------------
MODEL STEADY STATE: (method=Sparse Gaussian Elimination)
------------------------------------
      Iteration no. 13
      Inf-norm error = 2.993e-04
      2-norm error   = 3.036e-04
      1-norm error   = 3.673e-04
------------------------------------
HOMOTOPY mode 1: computing step 5/15...
MODEL STEADY STATE: (method=Sparse Gaussian Elimination)
------------------------------------
      Iteration no. 1
      Inf-norm error = 2.500e-01
      2-norm error   = 6.715e-01
      1-norm error   = 4.182e+00
------------------------------------
MODEL STEADY STATE: (method=Sparse Gaussian Elimination)
------------------------------------
      Iteration no. 2
      Inf-norm error = 4.115e-01
      2-norm error   = 6.332e-01
      1-norm error   = 3.550e+00
------------------------------------
MODEL STEADY STATE: (method=Sparse Gaussian Elimination)
------------------------------------
      Iteration no. 3
      Inf-norm error = 4.785e-01
      2-norm error   = 6.196e-01
      1-norm error   = 3.057e+00
------------------------------------
MODEL STEADY STATE: (method=Sparse Gaussian Elimination)
------------------------------------
      Iteration no. 4
      Inf-norm error = 4.994e-01
      2-norm error   = 5.951e-01
      1-norm error   = 2.613e+00
------------------------------------
MODEL STEADY STATE: (method=Sparse Gaussian Elimination)
------------------------------------
      Iteration no. 5
      Inf-norm error = 4.867e-01
      2-norm error   = 5.551e-01
      1-norm error   = 2.215e+00
------------------------------------
MODEL STEADY STATE: (method=Sparse Gaussian Elimination)
------------------------------------
      Iteration no. 6
      Inf-norm error = 4.814e-01
      2-norm error   = 5.222e-01
      1-norm error   = 1.749e+00
------------------------------------
MODEL STEADY STATE: (method=Sparse Gaussian Elimination)
------------------------------------
      Iteration no. 7
      Inf-norm error = 4.452e-01
      2-norm error   = 4.662e-01
      1-norm error   = 1.214e+00
------------------------------------
MODEL STEADY STATE: (method=Sparse Gaussian Elimination)
------------------------------------
      Iteration no. 8
      Inf-norm error = 3.272e-01
      2-norm error   = 3.357e-01
      1-norm error   = 4.442e-01
------------------------------------
MODEL STEADY STATE: (method=Sparse Gaussian Elimination)
------------------------------------
      Iteration no. 9
      Inf-norm error = 6.513e-04
      2-norm error   = 6.617e-04
      1-norm error   = 8.052e-04
------------------------------------
HOMOTOPY mode 1: computing step 6/15...
MODEL STEADY STATE: (method=Sparse Gaussian Elimination)
------------------------------------
      Iteration no. 1
      Inf-norm error = 2.163e-01
      2-norm error   = 6.657e-01
      1-norm error   = 4.237e+00
------------------------------------
MODEL STEADY STATE: (method=Sparse Gaussian Elimination)
------------------------------------
      Iteration no. 2
      Inf-norm error = 2.797e-01
      2-norm error   = 5.496e-01
      1-norm error   = 3.404e+00
------------------------------------
MODEL STEADY STATE: (method=Sparse Gaussian Elimination)
------------------------------------
      Iteration no. 3
      Inf-norm error = 4.163e-01
      2-norm error   = 5.400e-01
      1-norm error   = 2.713e+00
------------------------------------
MODEL STEADY STATE: (method=Sparse Gaussian Elimination)
------------------------------------
      Iteration no. 4
      Inf-norm error = 4.377e-01
      2-norm error   = 5.061e-01
      1-norm error   = 2.114e+00
------------------------------------
MODEL STEADY STATE: (method=Sparse Gaussian Elimination)
------------------------------------
      Iteration no. 5
      Inf-norm error = 4.372e-01
      2-norm error   = 4.675e-01
      1-norm error   = 1.448e+00
------------------------------------
MODEL STEADY STATE: (method=Sparse Gaussian Elimination)
------------------------------------
      Iteration no. 6
      Inf-norm error = 3.750e-01
      2-norm error   = 3.859e-01
      1-norm error   = 5.245e-01
------------------------------------
MODEL STEADY STATE: (method=Sparse Gaussian Elimination)
------------------------------------
      Iteration no. 7
      Inf-norm error = 1.215e-03
      2-norm error   = 1.237e-03
      1-norm error   = 1.523e-03
------------------------------------
HOMOTOPY mode 1: computing step 7/15...
MODEL STEADY STATE: (method=Sparse Gaussian Elimination)
------------------------------------
      Iteration no. 1
      Inf-norm error = 1.905e-01
      2-norm error   = 6.845e-01
      1-norm error   = 4.386e+00
------------------------------------
MODEL STEADY STATE: (method=Sparse Gaussian Elimination)
------------------------------------
      Iteration no. 2
      Inf-norm error = 3.875e-01
      2-norm error   = 5.518e-01
      1-norm error   = 3.078e+00
------------------------------------
MODEL STEADY STATE: (method=Sparse Gaussian Elimination)
------------------------------------
      Iteration no. 3
      Inf-norm error = 4.683e-01
      2-norm error   = 5.272e-01
      1-norm error   = 2.092e+00
------------------------------------
MODEL STEADY STATE: (method=Sparse Gaussian Elimination)
------------------------------------
      Iteration no. 4
      Inf-norm error = 4.050e-01
      2-norm error   = 4.236e-01
      1-norm error   = 1.064e+00
------------------------------------
MODEL STEADY STATE: (method=Sparse Gaussian Elimination)
------------------------------------
      Iteration no. 5
      Inf-norm error = 9.165e-02
      2-norm error   = 9.447e-02
      1-norm error   = 1.317e-01
------------------------------------
MODEL STEADY STATE: (method=Sparse Gaussian Elimination)
------------------------------------
      Iteration no. 6
      Inf-norm error = 6.520e-05
      2-norm error   = 6.635e-05
      1-norm error   = 8.188e-05
------------------------------------
HOMOTOPY mode 1: computing step 8/15...
MODEL STEADY STATE: (method=Sparse Gaussian Elimination)
------------------------------------
      Iteration no. 1
      Inf-norm error = 1.700e-01
      2-norm error   = 7.274e-01
      1-norm error   = 4.637e+00
------------------------------------
MODEL STEADY STATE: (method=Sparse Gaussian Elimination)
------------------------------------
      Iteration no. 2
      Inf-norm error = 4.695e-01
      2-norm error   = 5.489e-01
      1-norm error   = 2.522e+00
------------------------------------
MODEL STEADY STATE: (method=Sparse Gaussian Elimination)
------------------------------------
      Iteration no. 3
      Inf-norm error = 4.966e-01
      2-norm error   = 5.153e-01
      1-norm error   = 8.004e-01
------------------------------------
MODEL STEADY STATE: (method=Sparse Gaussian Elimination)
------------------------------------
      Iteration no. 4
      Inf-norm error = 3.608e-03
      2-norm error   = 3.691e-03
      1-norm error   = 4.703e-03
------------------------------------
HOMOTOPY mode 1: computing step 9/15...
MODEL STEADY STATE: (method=Sparse Gaussian Elimination)
------------------------------------
      Iteration no. 1
      Inf-norm error = 1.754e-01
      2-norm error   = 7.983e-01
      1-norm error   = 5.013e+00
------------------------------------
MODEL STEADY STATE: (method=Sparse Gaussian Elimination)
------------------------------------
      Iteration no. 2
      Inf-norm error = 4.431e-01
      2-norm error   = 6.249e-01
      1-norm error   = 1.729e+00
------------------------------------
MODEL STEADY STATE: (method=Sparse Gaussian Elimination)
------------------------------------
      Iteration no. 3
      Inf-norm error = 1.040e-01
      2-norm error   = 1.080e-01
      1-norm error   = 1.497e-01
------------------------------------
HOMOTOPY mode 1: computing step 10/15...
MODEL STEADY STATE: (method=Sparse Gaussian Elimination)
------------------------------------
      Iteration no. 1
      Inf-norm error = 2.058e-01
      2-norm error   = 9.064e-01
      1-norm error   = 5.559e+00
------------------------------------
MODEL STEADY STATE: (method=Sparse Gaussian Elimination)
------------------------------------
      Iteration no. 2
      Inf-norm error = 7.973e-01
      2-norm error   = 9.026e-01
      1-norm error   = 1.938e+00
------------------------------------
MODEL STEADY STATE: (method=Sparse Gaussian Elimination)
------------------------------------
      Iteration no. 3
      Inf-norm error = 5.261e-02
      2-norm error   = 5.574e-02
      1-norm error   = 8.815e-02
------------------------------------
HOMOTOPY mode 1: computing step 11/15...
MODEL STEADY STATE: (method=Sparse Gaussian Elimination)
------------------------------------
      Iteration no. 1
      Inf-norm error = 2.497e-01
      2-norm error   = 1.070e+00
      1-norm error   = 6.368e+00
------------------------------------
MODEL STEADY STATE: (method=Sparse Gaussian Elimination)
------------------------------------
      Iteration no. 2
      Inf-norm error = 7.232e-01
      2-norm error   = 8.749e-01
      1-norm error   = 3.519e+00
------------------------------------
MODEL STEADY STATE: (method=Sparse Gaussian Elimination)
------------------------------------
      Iteration no. 3
      Inf-norm error = 3.142e-01
      2-norm error   = 3.527e-01
      1-norm error   = 5.997e-01
------------------------------------
MODEL STEADY STATE: (method=Sparse Gaussian Elimination)
------------------------------------
      Iteration no. 4
      Inf-norm error = 1.541e-04
      2-norm error   = 1.625e-04
      1-norm error   = 2.606e-04
------------------------------------
HOMOTOPY mode 1: computing step 12/15...
MODEL STEADY STATE: (method=Sparse Gaussian Elimination)
------------------------------------
      Iteration no. 1
      Inf-norm error = 3.174e-01
      2-norm error   = 1.330e+00
      1-norm error   = 7.627e+00
------------------------------------
MODEL STEADY STATE: (method=Sparse Gaussian Elimination)
------------------------------------
      Iteration no. 2
      Inf-norm error = 6.629e-01
      2-norm error   = 1.033e+00
      1-norm error   = 5.484e+00
------------------------------------
MODEL STEADY STATE: (method=Sparse Gaussian Elimination)
------------------------------------
      Iteration no. 3
      Inf-norm error = 8.586e-01
      2-norm error   = 9.659e-01
      1-norm error   = 2.958e+00
------------------------------------
MODEL STEADY STATE: (method=Sparse Gaussian Elimination)
------------------------------------
      Iteration no. 4
      Inf-norm error = 2.095e-01
      2-norm error   = 2.294e-01
      1-norm error   = 3.700e-01
------------------------------------
MODEL STEADY STATE: (method=Sparse Gaussian Elimination)
------------------------------------
      Iteration no. 5
      Inf-norm error = 3.806e-05
      2-norm error   = 4.975e-05
      1-norm error   = 9.798e-05
------------------------------------
HOMOTOPY mode 1: computing step 13/15...
MODEL STEADY STATE: (method=Sparse Gaussian Elimination)
------------------------------------
      Iteration no. 1
      Inf-norm error = 4.337e-01
      2-norm error   = 1.782e+00
      1-norm error   = 9.817e+00
------------------------------------
MODEL STEADY STATE: (method=Sparse Gaussian Elimination)
------------------------------------
      Iteration no. 2
      Inf-norm error = 6.276e-01
      2-norm error   = 1.426e+00
      1-norm error   = 8.099e+00
------------------------------------
MODEL STEADY STATE: (method=Sparse Gaussian Elimination)
------------------------------------
      Iteration no. 3
      Inf-norm error = 8.214e-01
      2-norm error   = 1.251e+00
      1-norm error   = 6.400e+00
------------------------------------
MODEL STEADY STATE: (method=Sparse Gaussian Elimination)
------------------------------------
      Iteration no. 4
      Inf-norm error = 9.458e-01
      2-norm error   = 1.131e+00
      1-norm error   = 4.445e+00
------------------------------------
MODEL STEADY STATE: (method=Sparse Gaussian Elimination)
------------------------------------
      Iteration no. 5
      Inf-norm error = 9.010e-01
      2-norm error   = 9.672e-01
      1-norm error   = 1.633e+00
------------------------------------
MODEL STEADY STATE: (method=Sparse Gaussian Elimination)
------------------------------------
      Iteration no. 6
      Inf-norm error = 6.762e-04
      2-norm error   = 7.827e-04
      1-norm error   = 1.615e-03
------------------------------------
HOMOTOPY mode 1: computing step 14/15...
MODEL STEADY STATE: (method=Sparse Gaussian Elimination)
------------------------------------
      Iteration no. 1
      Inf-norm error = 6.800e-01
      2-norm error   = 2.742e+00
      1-norm error   = 1.434e+01
------------------------------------
MODEL STEADY STATE: (method=Sparse Gaussian Elimination)
------------------------------------
      Iteration no. 2
      Inf-norm error = 1.411e+00
      2-norm error   = 2.454e+00
      1-norm error   = 1.282e+01
------------------------------------
MODEL STEADY STATE: (method=Sparse Gaussian Elimination)
------------------------------------
      Iteration no. 3
      Inf-norm error = 1.839e+00
      2-norm error   = 2.399e+00
      1-norm error   = 1.065e+01
------------------------------------
MODEL STEADY STATE: (method=Sparse Gaussian Elimination)
------------------------------------
      Iteration no. 4
      Inf-norm error = 2.101e+00
      2-norm error   = 2.385e+00
      1-norm error   = 8.021e+00
------------------------------------
MODEL STEADY STATE: (method=Sparse Gaussian Elimination)
------------------------------------
      Iteration no. 5
      Inf-norm error = 1.940e+00
      2-norm error   = 2.110e+00
      1-norm error   = 3.930e+00
------------------------------------
MODEL STEADY STATE: (method=Sparse Gaussian Elimination)
------------------------------------
      Iteration no. 6
      Inf-norm error = 4.250e-03
      2-norm error   = 4.555e-03
      1-norm error   = 9.784e-03
------------------------------------
HOMOTOPY mode 1: computing step 15/15...
MODEL STEADY STATE: (method=Sparse Gaussian Elimination)
------------------------------------
      Iteration no. 1
      Inf-norm error = 1.774e+00
      2-norm error   = 6.240e+00
      1-norm error   = 2.989e+01
------------------------------------
MODEL STEADY STATE: (method=Sparse Gaussian Elimination)
------------------------------------
      Iteration no. 2
      Inf-norm error = 3.201e+00
      2-norm error   = 5.740e+00
      1-norm error   = 2.852e+01
------------------------------------
MODEL STEADY STATE: (method=Sparse Gaussian Elimination)
------------------------------------
      Iteration no. 3
      Inf-norm error = 3.371e+00
      2-norm error   = 5.312e+00
      1-norm error   = 2.510e+01
------------------------------------
MODEL STEADY STATE: (method=Sparse Gaussian Elimination)
------------------------------------
      Iteration no. 4
      Inf-norm error = 3.604e+00
      2-norm error   = 5.105e+00
      1-norm error   = 2.146e+01
------------------------------------
MODEL STEADY STATE: (method=Sparse Gaussian Elimination)
------------------------------------
      Iteration no. 5
      Inf-norm error = 3.323e+00
      2-norm error   = 4.731e+00
      1-norm error   = 1.722e+01
------------------------------------
MODEL STEADY STATE: (method=Sparse Gaussian Elimination)
------------------------------------
      Iteration no. 6
      Inf-norm error = 2.858e+00
      2-norm error   = 4.028e+00
      1-norm error   = 1.155e+01
------------------------------------
MODEL STEADY STATE: (method=Sparse Gaussian Elimination)
------------------------------------
      Iteration no. 7
      Inf-norm error = 2.355e+00
      2-norm error   = 3.318e+00
      1-norm error   = 9.520e+00
------------------------------------
MODEL STEADY STATE: (method=Sparse Gaussian Elimination)
------------------------------------
      Iteration no. 8
      Inf-norm error = 2.254e+00
      2-norm error   = 3.175e+00
      1-norm error   = 9.112e+00
------------------------------------
MODEL STEADY STATE: (method=Sparse Gaussian Elimination)
------------------------------------
      Iteration no. 9
      Inf-norm error = 2.237e+00
      2-norm error   = 3.151e+00
      1-norm error   = 9.041e+00
------------------------------------
MODEL STEADY STATE: (method=Sparse Gaussian Elimination)
------------------------------------
      Iteration no. 10
      Inf-norm error = 2.233e+00
      2-norm error   = 3.145e+00
      1-norm error   = 9.026e+00
------------------------------------
MODEL STEADY STATE: (method=Sparse Gaussian Elimination)
------------------------------------
      Iteration no. 11
      Inf-norm error = 2.232e+00
      2-norm error   = 3.144e+00
      1-norm error   = 9.022e+00
------------------------------------
MODEL STEADY STATE: (method=Sparse Gaussian Elimination)
------------------------------------
      Iteration no. 12
      Inf-norm error = 2.232e+00
      2-norm error   = 3.144e+00
      1-norm error   = 9.022e+00
------------------------------------
MODEL STEADY STATE: (method=Sparse Gaussian Elimination)
------------------------------------
      Iteration no. 13
      Inf-norm error = 2.232e+00
      2-norm error   = 3.144e+00
      1-norm error   = 9.021e+00
------------------------------------
MODEL STEADY STATE: (method=Sparse Gaussian Elimination)
------------------------------------
      Iteration no. 14
      Inf-norm error = 2.232e+00
      2-norm error   = 3.144e+00
      1-norm error   = 9.021e+00
------------------------------------
MODEL STEADY STATE: (method=Sparse Gaussian Elimination)
------------------------------------
      Iteration no. 15
      Inf-norm error = 2.232e+00
      2-norm error   = 3.144e+00
      1-norm error   = 9.021e+00
------------------------------------
MODEL STEADY STATE: (method=Sparse Gaussian Elimination)
------------------------------------
      Iteration no. 16
      Inf-norm error = 2.232e+00
      2-norm error   = 3.144e+00
      1-norm error   = 9.021e+00
------------------------------------
MODEL STEADY STATE: (method=Sparse Gaussian Elimination)
------------------------------------
      Iteration no. 17
      Inf-norm error = 2.232e+00
      2-norm error   = 3.144e+00
      1-norm error   = 9.021e+00
------------------------------------
MODEL STEADY STATE: (method=Sparse Gaussian Elimination)
------------------------------------
      Iteration no. 18
      Inf-norm error = 2.232e+00
      2-norm error   = 3.144e+00
      1-norm error   = 9.021e+00
------------------------------------
MODEL STEADY STATE: (method=Sparse Gaussian Elimination)
------------------------------------
      Iteration no. 19
      Inf-norm error = 2.232e+00
      2-norm error   = 3.144e+00
      1-norm error   = 9.021e+00
------------------------------------
MODEL STEADY STATE: (method=Sparse Gaussian Elimination)
------------------------------------
      Iteration no. 20
      Inf-norm error = 2.232e+00
      2-norm error   = 3.144e+00
      1-norm error   = 9.021e+00
------------------------------------
Fatal error: In Solve Forward/Backward Complete, convergence not achieved in block 298, after 20 iterations

WARNING: homotopy step was not completed
The last values for which a solution was found are:
   EAA_imcgy     0.037542
    EAA_imcy     0.200298
   EAA_imigy     0.009592
    EAA_imiy     0.085457
    EAA_size     0.009569
EAAEAB_imcgy     0.001635
 EAAEAB_imcy     0.007892
EAAEAB_imigy     0.000403
 EAAEAB_imiy     0.003558
EAAEAC_imcgy     0.002235
 EAAEAC_imcy     0.008477
EAAEAC_imigy     0.000315
 EAAEAC_imiy     0.002760
EAAEAD_imcgy     0.000994
 EAAEAD_imcy     0.004867
EAAEAD_imigy     0.000232
 EAAEAD_imiy     0.002022
EAAEAE_imcgy     0.000776
 EAAEAE_imcy     0.003397
EAAEAE_imigy     0.000232
 EAAEAE_imiy     0.002025
EAAEAF_imcgy     0.002361
 EAAEAF_imcy     0.011416
EAAEAF_imigy     0.000581
 EAAEAF_imiy     0.005155
EAAEAG_imcgy     0.000517
 EAAEAG_imcy     0.001992
EAAEAG_imigy     0.000097
 EAAEAG_imiy     0.000808
EAAEAH_imcgy     0.001045
 EAAEAH_imcy     0.002921
EAAEAH_imigy     0.000200
 EAAEAH_imiy     0.001731
EAAEAI_imcgy     0.001994
 EAAEAI_imcy     0.013114
EAAEAI_imigy     0.000691
 EAAEAI_imiy     0.006146
EAAEAJ_imcgy     0.001088
 EAAEAJ_imcy     0.005557
EAAEAJ_imigy     0.000226
 EAAEAJ_imiy     0.001966
EAAEAK_imcgy     0.000480
 EAAEAK_imcy     0.001835
EAAEAK_imigy     0.000097
 EAAEAK_imiy     0.000808
EAAEAL_imcgy     0.004789
 EAAEAL_imcy     0.025201
EAAEAL_imigy     0.001771
 EAAEAL_imiy     0.015872
 EAAUS_imcgy     0.001854
  EAAUS_imcy     0.008177
 EAAUS_imigy     0.000483
  EAAUS_imiy     0.004302
   EAB_imcgy     0.033542
    EAB_imcy     0.177949
   EAB_imigy     0.010535
    EAB_imiy     0.093951
    EAB_size     0.009483
EABEAA_imcgy     0.002225
 EABEAA_imcy     0.011180
EABEAA_imigy     0.000564
 EABEAA_imiy     0.005002
EABEAC_imcgy     0.000890
 EABEAC_imcy     0.003114
EABEAC_imigy     0.000196
 EABEAC_imiy     0.001695
EABEAD_imcgy     0.000822
 EABEAD_imcy     0.004058
EABEAD_imigy     0.000246
 EABEAD_imiy     0.002152
EABEAE_imcgy     0.000509
 EABEAE_imcy     0.001461
EABEAE_imigy     0.000135
 EABEAE_imiy     0.001148
EABEAF_imcgy     0.001112
 EABEAF_imcy     0.005677
EABEAF_imigy     0.000344
 EABEAF_imiy     0.003033
EABEAG_imcgy     0.000454
 EABEAG_imcy     0.001689
EABEAG_imigy     0.000095
 EABEAG_imiy     0.000786
EABEAH_imcgy     0.000805
 EABEAH_imcy     0.002184
EABEAH_imigy     0.000216
 EABEAH_imiy     0.001873
EABEAI_imcgy     0.001577
 EABEAI_imcy     0.012371
EABEAI_imigy     0.000646
 EABEAI_imiy     0.005748
EABEAJ_imcgy     0.001038
 EABEAJ_imcy     0.004925
EABEAJ_imigy     0.000267
 EABEAJ_imiy     0.002333
EABEAK_imcgy     0.000485
 EABEAK_imcy     0.001699
EABEAK_imigy     0.000119
 EABEAK_imiy     0.001003
EABEAL_imcgy     0.007303
 EABEAL_imcy     0.049768
EABEAL_imigy     0.003568
 EABEAL_imiy     0.032047
 EABRW_imcgy     0.014107
  EABRW_imcy     0.073352
 EABRW_imigy     0.003757
  EABRW_imiy     0.033746
   EAC_imcgy     0.046772
    EAC_imcy     0.198369
   EAC_imigy     0.011200
    EAC_imiy     0.099931
    EAC_size     0.010641
EACEAB_imcgy     0.000808
 EACEAB_imcy     0.002460
EACEAB_imigy     0.000177
 EACEAB_imiy     0.001524
EACEAD_imcgy     0.001730
 EACEAD_imcy     0.007238
EACEAD_imigy     0.000360
 EACEAD_imiy     0.003174
EACEAE_imcgy     0.000564
 EACEAE_imcy     0.001668
EACEAE_imigy     0.000128
 EACEAE_imiy     0.001080
EACEAF_imcgy     0.006745
 EACEAF_imcy     0.033970
EACEAF_imigy     0.001433
 EACEAF_imiy     0.012828
EACEAG_imcgy     0.000485
 EACEAG_imcy     0.001524
EACEAG_imigy     0.000094
 EACEAG_imiy     0.000782
EACEAH_imcgy     0.002480
 EACEAH_imcy     0.005400
EACEAH_imigy     0.000278
 EACEAH_imiy     0.002439
EACEAI_imcgy     0.002293
 EACEAI_imcy     0.007397
EACEAI_imigy     0.000493
 EACEAI_imiy     0.004365
EACEAJ_imcgy     0.005363
 EACEAJ_imcy     0.027400
EACEAJ_imigy     0.001136
 EACEAJ_imiy     0.010157
EACEAK_imcgy     0.000683
 EACEAK_imcy     0.002284
EACEAK_imigy     0.000146
 EACEAK_imiy     0.001240
EACEAL_imcgy     0.004469
 EACEAL_imcy     0.022651
EACEAL_imigy     0.001717
 EACEAL_imiy     0.015387
 EACRW_imcgy     0.015409
  EACRW_imcy     0.066499
 EACRW_imigy     0.004098
  EACRW_imiy     0.036808
 EACUS_imcgy     0.003804
  EACUS_imcy     0.011372
 EACUS_imigy     0.000765
  EACUS_imiy     0.006839
   EAD_imcgy     0.025424
    EAD_imcy     0.132188
   EAD_imigy     0.006176
    EAD_imiy     0.054716
    EAD_size     0.020390
EADEAA_imcgy     0.000699
 EADEAA_imcy     0.002629
EADEAA_imigy     0.000165
 EADEAA_imiy     0.001420
EADEAC_imcgy     0.000953
 EADEAC_imcy     0.003009
EADEAC_imigy     0.000172
 EADEAC_imiy     0.001475
EADEAE_imcgy     0.000502
 EADEAE_imcy     0.001383
EADEAE_imigy     0.000116
 EADEAE_imiy     0.000977
EADEAF_imcgy     0.002431
 EADEAF_imcy     0.014328
EADEAF_imigy     0.000701
 EADEAF_imiy     0.006239
EADEAG_imcgy     0.000460
 EADEAG_imcy     0.001399
EADEAG_imigy     0.000090
 EADEAG_imiy     0.000735
EADEAH_imcgy     0.001299
 EADEAH_imcy     0.003140
EADEAH_imigy     0.000228
 EADEAH_imiy     0.001984
EADEAI_imcgy     0.001468
 EADEAI_imcy     0.007938
EADEAI_imigy     0.000497
 EADEAI_imiy     0.004411
EADEAJ_imcgy     0.000985
 EADEAJ_imcy     0.004429
EADEAJ_imigy     0.000236
 EADEAJ_imiy     0.002053
EADEAK_imcgy     0.000948
 EADEAK_imcy     0.005884
EADEAK_imigy     0.000247
 EADEAK_imiy     0.002157
EADEAL_imcgy     0.002431
 EADEAL_imcy     0.011781
EADEAL_imigy     0.000920
 EADEAL_imiy     0.008211
 EADRW_imcgy     0.010106
  EADRW_imcy     0.066902
 EADRW_imigy     0.002374
  EADRW_imiy     0.021291
 EADUS_imcgy     0.002611
  EADUS_imcy     0.007697
 EADUS_imigy     0.000295
  EADUS_imiy     0.002611
   EAE_imcgy     0.039691
    EAE_imcy     0.153274
   EAE_imigy     0.008699
    EAE_imiy     0.077426
    EAE_size     0.007658
EAEEAA_imcgy     0.001841
 EAEEAA_imcy     0.008708
EAEEAA_imigy     0.000451
 EAEEAA_imiy     0.003987
EAEEAB_imcgy     0.000753
 EAEEAB_imcy     0.002174
EAEEAB_imigy     0.000179
 EAEEAB_imiy     0.001549
EAEEAD_imcgy     0.000906
 EAEEAD_imcy     0.004118
EAEEAD_imigy     0.000191
 EAEEAD_imiy     0.001653
EAEEAF_imcgy     0.001501
 EAEEAF_imcy     0.005685
EAEEAF_imigy     0.000334
 EAEEAF_imiy     0.002936
EAEEAG_imcgy     0.000451
 EAEEAG_imcy     0.001487
EAEEAG_imigy     0.000088
 EAEEAG_imiy     0.000725
EAEEAH_imcgy     0.001777
 EAEEAH_imcy     0.003901
EAEEAH_imigy     0.000308
 EAEEAH_imiy     0.002707
EAEEAI_imcgy     0.001137
 EAEEAI_imcy     0.004357
EAEEAI_imigy     0.000336
 EAEEAI_imiy     0.002957
EAEEAJ_imcgy     0.001813
 EAEEAJ_imcy     0.006911
EAEEAJ_imigy     0.000343
 EAEEAJ_imiy     0.003023
EAEEAK_imcgy     0.000536
 EAEEAK_imcy     0.001693
EAEEAK_imigy     0.000108
 EAEEAK_imiy     0.000903
EAEEAL_imcgy     0.003803
 EAEEAL_imcy     0.015665
EAEEAL_imigy     0.001196
 EAEEAL_imiy     0.010694
 EAERW_imcgy     0.020869
  EAERW_imcy     0.086203
 EAERW_imigy     0.004347
  EAERW_imiy     0.039056
 EAEUS_imcgy     0.003088
  EAEUS_imcy     0.008800
 EAEUS_imigy     0.000583
  EAEUS_imiy     0.005201
   EAF_imcgy     0.026110
    EAF_imcy     0.144194
   EAF_imigy     0.006551
    EAF_imiy     0.058095
    EAF_size     0.036109
EAFEAA_imcgy     0.000767
 EAFEAA_imcy     0.004069
EAFEAA_imigy     0.000209
 EAFEAA_imiy     0.001810
EAFEAB_imcgy     0.000627
 EAFEAB_imcy     0.002107
EAFEAB_imigy     0.000148
 EAFEAB_imiy     0.001269
EAFEAC_imcgy     0.001633
 EAFEAC_imcy     0.007793
EAFEAC_imigy     0.000381
 EAFEAC_imiy     0.003360
EAFEAE_imcgy     0.000496
 EAFEAE_imcy     0.001408
EAFEAE_imigy     0.000115
 EAFEAE_imiy     0.000966
EAFEAG_imcgy     0.000448
 EAFEAG_imcy     0.001445
EAFEAG_imigy     0.000088
 EAFEAG_imiy     0.000720
EAFEAH_imcgy     0.001264
 EAFEAH_imcy     0.003274
EAFEAH_imigy     0.000226
 EAFEAH_imiy     0.001962
EAFEAI_imcgy     0.001648
 EAFEAI_imcy     0.010594
EAFEAI_imigy     0.000513
 EAFEAI_imiy     0.004553
EAFEAJ_imcgy     0.001175
 EAFEAJ_imcy     0.006041
EAFEAJ_imigy     0.000266
 EAFEAJ_imiy     0.002325
EAFEAK_imcgy     0.000578
 EAFEAK_imcy     0.002829
EAFEAK_imigy     0.000137
 EAFEAK_imiy     0.001170
EAFEAL_imcgy     0.003113
 EAFEAL_imcy     0.017460
EAFEAL_imigy     0.001059
 EAFEAL_imiy     0.009470
 EAFRW_imcgy     0.010210
  EAFRW_imcy     0.066683
 EAFRW_imigy     0.002465
  EAFRW_imiy     0.022114
 EAFUS_imcgy     0.002561
  EAFUS_imcy     0.008806
 EAFUS_imigy     0.000490
  EAFUS_imiy     0.004361
   EAG_imcgy     0.029355
    EAG_imcy     0.179867
   EAG_imigy     0.004916
    EAG_imiy     0.043379
    EAG_size     0.007340
EAGEAA_imcgy     0.000704
 EAGEAA_imcy     0.002863
EAGEAA_imigy     0.000127
 EAGEAA_imiy     0.001076
EAGEAB_imcgy     0.000657
 EAGEAB_imcy     0.002879
EAGEAB_imigy     0.000147
 EAGEAB_imiy     0.001247
EAGEAC_imcgy     0.001301
 EAGEAC_imcy     0.004421
EAGEAC_imigy     0.000151
 EAGEAC_imiy     0.001292
EAGEAD_imcgy     0.001185
 EAGEAD_imcy     0.006703
EAGEAD_imigy     0.000173
 EAGEAD_imiy     0.001488
EAGEAF_imcgy     0.002001
 EAGEAF_imcy     0.009252
EAGEAF_imigy     0.000352
 EAGEAF_imiy     0.003102
EAGEAH_imcgy     0.001195
 EAGEAH_imcy     0.002640
EAGEAH_imigy     0.000113
 EAGEAH_imiy     0.000950
EAGEAI_imcgy     0.002205
 EAGEAI_imcy     0.014713
EAGEAI_imigy     0.000579
 EAGEAI_imiy     0.005139
EAGEAJ_imcgy     0.001082
 EAGEAJ_imcy     0.007056
EAGEAJ_imigy     0.000206
 EAGEAJ_imiy     0.001791
EAGEAK_imcgy     0.000479
 EAGEAK_imcy     0.001617
EAGEAK_imigy     0.000091
 EAGEAK_imiy     0.000754
EAGEAL_imcgy     0.003383
 EAGEAL_imcy     0.016937
EAGEAL_imigy     0.000517
 EAGEAL_imiy     0.004584
 EAGRW_imcgy     0.013416
  EAGRW_imcy     0.100979
 EAGRW_imigy     0.002100
  EAGRW_imiy     0.018828
 EAGUS_imcgy     0.001287
  EAGUS_imcy     0.008359
 EAGUS_imigy     0.000264
  EAGUS_imiy     0.002334
   EAH_imcgy     0.030956
    EAH_imcy     0.152066
   EAH_imigy     0.015458
    EAH_imiy     0.138262
    EAH_size     0.008450
EAHEAA_imcgy     0.001223
 EAHEAA_imcy     0.006672
EAHEAA_imigy     0.000315
 EAHEAA_imiy     0.002770
EAHEAB_imcgy     0.000520
 EAHEAB_imcy     0.001614
EAHEAB_imigy     0.000146
 EAHEAB_imiy     0.001242
EAHEAC_imcgy     0.001227
 EAHEAC_imcy     0.003949
EAHEAC_imigy     0.000482
 EAHEAC_imiy     0.004268
EAHEAD_imcgy     0.001166
 EAHEAD_imcy     0.006214
EAHEAD_imigy     0.000283
 EAHEAD_imiy     0.002480
EAHEAE_imcgy     0.000535
 EAHEAE_imcy     0.001515
EAHEAE_imigy     0.000173
 EAHEAE_imiy     0.001490
EAHEAG_imcgy     0.000436
 EAHEAG_imcy     0.001187
EAHEAG_imigy     0.000091
 EAHEAG_imiy     0.000749
EAHEAI_imcgy     0.001317
 EAHEAI_imcy     0.005452
EAHEAI_imigy     0.000464
 EAHEAI_imiy     0.004104
EAHEAJ_imcgy     0.001951
 EAHEAJ_imcy     0.007518
EAHEAJ_imigy     0.000657
 EAHEAJ_imiy     0.005847
EAHEAK_imcgy     0.000534
 EAHEAK_imcy     0.002244
EAHEAK_imigy     0.000118
 EAHEAK_imiy     0.000990
EAHEAL_imcgy     0.002244
 EAHEAL_imcy     0.009917
EAHEAL_imigy     0.001228
 EAHEAL_imiy     0.010986
 EAHRW_imcgy     0.011115
  EAHRW_imcy     0.066280
 EAHRW_imigy     0.005435
  EAHRW_imiy     0.048845
 EAHUS_imcgy     0.006917
  EAHUS_imcy     0.029733
 EAHUS_imigy     0.004428
  EAHUS_imiy     0.039809
   EAI_imcgy     0.021120
    EAI_imcy     0.141473
   EAI_imigy     0.005407
    EAI_imiy     0.047797
    EAI_size     0.028355
EAIEAA_imcgy     0.001222
 EAIEAA_imcy     0.006625
EAIEAA_imigy     0.000255
 EAIEAA_imiy     0.002223
EAIEAB_imcgy     0.000722
 EAIEAB_imcy     0.003887
EAIEAB_imigy     0.000199
 EAIEAB_imiy     0.001725
EAIEAC_imcgy     0.001027
 EAIEAC_imcy     0.004199
EAIEAC_imigy     0.000189
 EAIEAC_imiy     0.001640
EAIEAD_imcgy     0.001020
 EAIEAD_imcy     0.007994
EAIEAD_imigy     0.000266
 EAIEAD_imiy     0.002323
EAIEAE_imcgy     0.000453
 EAIEAE_imcy     0.001325
EAIEAE_imigy     0.000104
 EAIEAE_imiy     0.000863
EAIEAF_imcgy     0.001760
 EAIEAF_imcy     0.012941
EAIEAF_imigy     0.000462
 EAIEAF_imiy     0.004088
EAIEAH_imcgy     0.001278
 EAIEAH_imcy     0.004326
EAIEAH_imigy     0.000237
 EAIEAH_imiy     0.002064
EAIEAJ_imcgy     0.000919
 EAIEAJ_imcy     0.005408
EAIEAJ_imigy     0.000246
 EAIEAJ_imiy     0.002152
EAIEAK_imcgy     0.000471
 EAIEAK_imcy     0.001661
EAIEAK_imigy     0.000100
 EAIEAK_imiy     0.000833
EAIEAL_imcgy     0.002059
 EAIEAL_imcy     0.016340
EAIEAL_imigy     0.000847
 EAIEAL_imiy     0.007556
 EAIRW_imcgy     0.008470
  EAIRW_imcy     0.068549
 EAIRW_imigy     0.002165
  EAIRW_imiy     0.019410
 EAIUS_imcgy     0.001246
  EAIUS_imcy     0.006119
 EAIUS_imigy     0.000238
  EAIUS_imiy     0.002093
   EAJ_imcgy     0.038998
    EAJ_imcy     0.167662
   EAJ_imigy     0.008280
    EAJ_imiy     0.073656
    EAJ_size     0.014222
EAJEAA_imcgy     0.000943
 EAJEAA_imcy     0.003413
EAJEAA_imigy     0.000192
 EAJEAA_imiy     0.001663
EAJEAB_imcgy     0.000820
 EAJEAB_imcy     0.003112
EAJEAB_imigy     0.000163
 EAJEAB_imiy     0.001406
EAJEAC_imcgy     0.003220
 EAJEAC_imcy     0.013203
EAJEAC_imigy     0.000589
 EAJEAC_imiy     0.005235
EAJEAD_imcgy     0.001111
 EAJEAD_imcy     0.005218
EAJEAD_imigy     0.000243
 EAJEAD_imiy     0.002115
EAJEAE_imcgy     0.000643
 EAJEAE_imcy     0.001744
EAJEAE_imigy     0.000147
 EAJEAE_imiy     0.001256
EAJEAF_imcgy     0.002139
 EAJEAF_imcy     0.010102
EAJEAF_imigy     0.000425
 EAJEAF_imiy     0.003754
EAJEAG_imcgy     0.000458
 EAJEAG_imcy     0.001485
EAJEAG_imigy     0.000089
 EAJEAG_imiy     0.000733
EAJEAI_imcgy     0.001059
 EAJEAI_imcy     0.004670
EAJEAI_imigy     0.000257
 EAJEAI_imiy     0.002239
EAJEAK_imcgy     0.000545
 EAJEAK_imcy     0.001833
EAJEAK_imigy     0.000104
 EAJEAK_imiy     0.000863
EAJEAL_imcgy     0.004383
 EAJEAL_imcy     0.021414
EAJEAL_imigy     0.001245
 EAJEAL_imiy     0.011140
 EAJRW_imcgy     0.017285
  EAJRW_imcy     0.080692
 EAJRW_imigy     0.003525
  EAJRW_imiy     0.031652
 EAJUS_imcgy     0.004929
  EAJUS_imcy     0.015929
 EAJUS_imigy     0.000929
  EAJUS_imiy     0.008317
   EAK_imcgy     0.025330
    EAK_imcy     0.185815
   EAK_imigy     0.006509
    EAK_imiy     0.057714
    EAK_size     0.007407
EAKEAA_imcgy     0.000634
 EAKEAA_imcy     0.002572
EAKEAA_imigy     0.000132
 EAKEAA_imiy     0.001119
EAKEAB_imcgy     0.000521
 EAKEAB_imcy     0.001755
EAKEAB_imigy     0.000126
 EAKEAB_imiy     0.001065
EAKEAC_imcgy     0.001133
 EAKEAC_imcy     0.004350
EAKEAC_imigy     0.000192
 EAKEAC_imiy     0.001665
EAKEAD_imcgy     0.005442
 EAKEAD_imcy     0.055805
EAKEAD_imigy     0.001740
 EAKEAD_imiy     0.015589
EAKEAE_imcgy     0.000446
 EAKEAE_imcy     0.001252
EAKEAE_imigy     0.000104
 EAKEAE_imiy     0.000867
EAKEAF_imcgy     0.002058
 EAKEAF_imcy     0.015296
EAKEAF_imigy     0.000540
 EAKEAF_imiy     0.004794
EAKEAG_imcgy     0.000447
 EAKEAG_imcy     0.001303
EAKEAG_imigy     0.000088
 EAKEAG_imiy     0.000720
EAKEAH_imcgy     0.001354
 EAKEAH_imcy     0.003685
EAKEAH_imigy     0.000192
 EAKEAH_imiy     0.001661
EAKEAJ_imcgy     0.001121
 EAKEAJ_imcy     0.006925
EAKEAJ_imigy     0.000290
 EAKEAJ_imiy     0.002541
EAKEAL_imcgy     0.002335
 EAKEAL_imcy     0.017866
EAKEAL_imigy     0.000907
 EAKEAL_imiy     0.008094
 EAKRW_imcgy     0.007659
  EAKRW_imcy     0.060995
 EAKRW_imigy     0.001521
  EAKRW_imiy     0.013620
 EAKUS_imcgy     0.000860
  EAKUS_imcy     0.005292
 EAKUS_imigy     0.000212
  EAKUS_imiy     0.001858
   EAL_imcgy     0.024541
    EAL_imcy     0.152857
   EAL_imigy     0.006899
    EAL_imiy     0.063660
    EAL_size     0.046171
EALEAA_imcgy     0.000970
 EALEAA_imcy     0.005820
EALEAA_imigy     0.000275
 EALEAA_imiy     0.002595
EALEAB_imcgy     0.001138
 EALEAB_imcy     0.007089
EALEAB_imigy     0.000377
 EALEAB_imiy     0.003521
EALEAC_imcgy     0.000975
 EALEAC_imcy     0.005157
EALEAC_imigy     0.000225
 EALEAC_imiy     0.002152
EALEAD_imcgy     0.000892
 EALEAD_imcy     0.005752
EALEAD_imigy     0.000236
 EALEAD_imiy     0.002250
EALEAE_imcgy     0.000531
 EALEAE_imcy     0.001754
EALEAE_imigy     0.000110
 EALEAE_imiy     0.001113
EALEAF_imcgy     0.001567
 EALEAF_imcy     0.009430
EALEAF_imigy     0.000499
 EALEAF_imiy     0.004619
EALEAG_imcgy     0.000465
 EALEAG_imcy     0.001791
EALEAG_imigy     0.000070
 EALEAG_imiy     0.000752
EALEAH_imcgy     0.001390
 EALEAH_imcy     0.003650
EALEAH_imigy     0.000233
 EALEAH_imiy     0.002223
EALEAI_imcgy     0.001113
 EALEAI_imcy     0.007673
EALEAI_imigy     0.000381
 EALEAI_imiy     0.003552
EALEAK_imcgy     0.000488
 EALEAK_imcy     0.001819
EALEAK_imigy     0.000093
 EALEAK_imiy     0.000955
 EALRW_imcgy     0.011140
  EALRW_imcy     0.082068
 EALRW_imigy     0.003594
  EALRW_imiy     0.032472
 EALUS_imcgy     0.002345
  EALUS_imcy     0.009837
 EALUS_imigy     0.000491
  EALUS_imiy     0.004497
    RW_imcgy     0.010261
     RW_imcy     0.054845
    RW_imigy     0.003640
     RW_imiy     0.031940
     RW_size     0.566558
 RWEAA_imcgy     0.000404
  RWEAA_imcy     0.002823
 RWEAA_imigy     0.000115
  RWEAA_imiy     0.000970
 RWEAB_imcgy     0.000403
  RWEAB_imcy     0.001413
 RWEAB_imigy     0.000115
  RWEAB_imiy     0.000965
 RWEAC_imcgy     0.000422
  RWEAC_imcy     0.001550
 RWEAC_imigy     0.000122
  RWEAC_imiy     0.001038
 RWEAD_imcgy     0.000583
  RWEAD_imcy     0.002706
 RWEAD_imigy     0.000191
  RWEAD_imiy     0.001655
 RWEAE_imcgy     0.000372
  RWEAE_imcy     0.001196
 RWEAE_imigy     0.000102
  RWEAE_imiy     0.000849
 RWEAF_imcgy     0.000844
  RWEAF_imcy     0.004570
 RWEAF_imigy     0.000301
  RWEAF_imiy     0.002650
 RWEAG_imcgy     0.000368
  RWEAG_imcy     0.001159
 RWEAG_imigy     0.000099
  RWEAG_imiy     0.000829
 RWEAH_imcgy     0.000385
  RWEAH_imcy     0.001291
 RWEAH_imigy     0.000107
  RWEAH_imiy     0.000899
 RWEAI_imcgy     0.000716
  RWEAI_imcy     0.003651
 RWEAI_imigy     0.000247
  RWEAI_imiy     0.002159
 RWEAJ_imcgy     0.000482
  RWEAJ_imcy     0.001975
 RWEAJ_imigy     0.000147
  RWEAJ_imiy     0.001265
 RWEAL_imcgy     0.001007
  RWEAL_imcy     0.007621
 RWEAL_imigy     0.000371
  RWEAL_imiy     0.003280
  RWUS_imcgy     0.003904
   RWUS_imcy     0.023723
  RWUS_imigy     0.001621
   RWUS_imiy     0.014544
    US_imcgy     0.012651
     US_imcy     0.075001
    US_imigy     0.004456
     US_imiy     0.030983
     US_size     0.227647
 USEAA_imcgy     0.000439
  USEAA_imcy     0.000706
 USEAA_imigy     0.000118
  USEAA_imiy     0.000367
 USEAB_imcgy     0.000438
  USEAB_imcy     0.000698
 USEAB_imigy     0.000118
  USEAB_imiy     0.000364
 USEAC_imcgy     0.000450
  USEAC_imcy     0.000815
 USEAC_imigy     0.000123
  USEAC_imiy     0.000411
 USEAD_imcgy     0.000555
  USEAD_imcy     0.001806
 USEAD_imigy     0.000167
  USEAD_imiy     0.000804
 USEAE_imcgy     0.000419
  USEAE_imcy     0.000512
 USEAE_imigy     0.000110
  USEAE_imiy     0.000290
 USEAF_imcgy     0.000723
  USEAF_imcy     0.003402
 USEAF_imigy     0.000238
  USEAF_imiy     0.001440
 USEAG_imcgy     0.000416
  USEAG_imcy     0.000480
 USEAG_imigy     0.000108
  USEAG_imiy     0.000277
 USEAH_imcgy     0.000427
  USEAH_imcy     0.000592
 USEAH_imigy     0.000114
  USEAH_imiy     0.000322
 USEAI_imcgy     0.000640
  USEAI_imcy     0.002614
 USEAI_imigy     0.000203
  USEAI_imiy     0.001126
 USEAJ_imcgy     0.000489
  USEAJ_imcy     0.001179
 USEAJ_imigy     0.000140
  USEAJ_imiy     0.000555
 USEAK_imcgy     0.000416
  USEAK_imcy     0.000487
 USEAK_imigy     0.000109
  USEAK_imiy     0.000280
  USRW_imcgy     0.006411
   USRW_imcy     0.057289
  USRW_imigy     0.002626
   USRW_imiy     0.022902
{Error using <a href="matlab:matlab.lang.internal.introspective.errorDocCallback('steady', '/Applications/Dynare/6.1-arm64/matlab/steady.m', 107)" style="font-weight:bold">steady</a> (<a href="matlab: opentoline('/Applications/Dynare/6.1-arm64/matlab/steady.m',107,0)">line 107</a>)
Homotopy step failed

Error in <a href="matlab:matlab.lang.internal.introspective.errorDocCallback('runHomothopyValuesModify', '/Users/kk/Documents/0000-00_work/2024-01_eagle/eagleParsingTemp/runHomothopyValuesModify.m', 35)" style="font-weight:bold">runHomothopyValuesModify</a> (<a href="matlab: opentoline('/Users/kk/Documents/0000-00_work/2024-01_eagle/eagleParsingTemp/runHomothopyValuesModify.m',35,0)">line 35</a>)
steady();
}
[Warning: The assignment added rows to the table, but did not assign values to all of the table's existing
variables. Those variables are extended with rows containing default values.] 
[Warning: The assignment added rows to the table, but did not assign values to all of the table's existing
variables. Those variables are extended with rows containing default values.] 
[Warning: The assignment added rows to the table, but did not assign values to all of the table's existing
variables. Those variables are extended with rows containing default values.] 
[Warning: The assignment added rows to the table, but did not assign values to all of the table's existing
variables. Those variables are extended with rows containing default values.] 
ssStruct

ssStruct = 

  <a href="matlab:helpPopup('struct')" style="font-weight:bold">struct</a> with fields:

                  EA_bf: -0.1545
                   EA_m: 0.9126
                EA_pic4: 1.0200
                   EA_y: 3.8809
             EA_ygrowth: 1
            EA_ygrowth4: 1
                   EA_z: 1
                EA_ybar: 3.8809
            EAAEAB_excy: 0.0088
            EAAEAC_excy: 0.0074
            EAAEAD_excy: 0.0055
            EAAEAE_excy: 0.0053
            EAAEAF_excy: 0.0120
            EAAEAG_excy: 0.0018
            EAAEAH_excy: 0.0049
            EAAEAI_excy: 0.0165
            EAAEAJ_excy: 0.0046
            EAAEAK_excy: 0.0017
            EAAEAL_excy: 0.0248
             EAARW_excy: 0.1018
             EAAUS_excy: 0.0100
            EAAEAB_exiy: 0.0039
            EAAEAC_exiy: 0.0029
            EAAEAD_exiy: 0.0030
            EAAEAE_exiy: 0.0024
            EAAEAF_exiy: 0.0053
            EAAEAG_exiy: 6.6116e-04
            EAAEAH_exiy: 0.0020
            EAAEAI_exiy: 0.0056
            EAAEAJ_exiy: 0.0023
            EAAEAK_exiy: 7.3990e-04
            EAAEAL_exiy: 0.0111
             EAARW_exiy: 0.0350
             EAAUS_exiy: 0.0052
                 EAA_fx: 4.9449
        EAAEAB_gammaimc: 0
        EAAEAC_gammaimc: 0
        EAAEAD_gammaimc: 0
        EAAEAE_gammaimc: 0
        EAAEAF_gammaimc: 0
        EAAEAG_gammaimc: 0
        EAAEAH_gammaimc: 0
        EAAEAI_gammaimc: 0
        EAAEAJ_gammaimc: 0
        EAAEAK_gammaimc: 0
        EAAEAL_gammaimc: 0
         EAARW_gammaimc: 0
         EAAUS_gammaimc: 0
     EAAEAB_gammaimcdag: 1
     EAAEAC_gammaimcdag: 1
     EAAEAD_gammaimcdag: 1
     EAAEAE_gammaimcdag: 1
     EAAEAF_gammaimcdag: 1
     EAAEAG_gammaimcdag: 1
     EAAEAH_gammaimcdag: 1
     EAAEAI_gammaimcdag: 1
     EAAEAJ_gammaimcdag: 1
     EAAEAK_gammaimcdag: 1
     EAAEAL_gammaimcdag: 1
      EAARW_gammaimcdag: 1
      EAAUS_gammaimcdag: 1
        EAAEAB_gammaimi: 0
        EAAEAC_gammaimi: 0
        EAAEAD_gammaimi: 0
        EAAEAE_gammaimi: 0
        EAAEAF_gammaimi: 0
        EAAEAG_gammaimi: 0
        EAAEAH_gammaimi: 0
        EAAEAI_gammaimi: 0
        EAAEAJ_gammaimi: 0
        EAAEAK_gammaimi: 0
        EAAEAL_gammaimi: 0
         EAARW_gammaimi: 0
         EAAUS_gammaimi: 0
     EAAEAB_gammaimidag: 1
     EAAEAC_gammaimidag: 1
     EAAEAD_gammaimidag: 1
     EAAEAE_gammaimidag: 1
     EAAEAF_gammaimidag: 1
     EAAEAG_gammaimidag: 1
     EAAEAH_gammaimidag: 1
     EAAEAI_gammaimidag: 1
     EAAEAJ_gammaimidag: 1
     EAAEAK_gammaimidag: 1
     EAAEAL_gammaimidag: 1
      EAARW_gammaimidag: 1
      EAAUS_gammaimidag: 1
       EAAEAB_gammaimcg: 0
       EAAEAC_gammaimcg: 0
       EAAEAD_gammaimcg: 0
       EAAEAE_gammaimcg: 0
       EAAEAF_gammaimcg: 0
       EAAEAG_gammaimcg: 0
       EAAEAH_gammaimcg: 0
       EAAEAI_gammaimcg: 0
       EAAEAJ_gammaimcg: 0
       EAAEAK_gammaimcg: 0
       EAAEAL_gammaimcg: 0
        EAARW_gammaimcg: 0
        EAAUS_gammaimcg: 0
    EAAEAB_gammaimcgdag: 1
    EAAEAC_gammaimcgdag: 1
    EAAEAD_gammaimcgdag: 1
    EAAEAE_gammaimcgdag: 1
    EAAEAF_gammaimcgdag: 1
    EAAEAG_gammaimcgdag: 1
    EAAEAH_gammaimcgdag: 1
    EAAEAI_gammaimcgdag: 1
    EAAEAJ_gammaimcgdag: 1
    EAAEAK_gammaimcgdag: 1
    EAAEAL_gammaimcgdag: 1
     EAARW_gammaimcgdag: 1
     EAAUS_gammaimcgdag: 1
       EAAEAB_gammaimig: 0
       EAAEAC_gammaimig: 0
       EAAEAD_gammaimig: 0
       EAAEAE_gammaimig: 0
       EAAEAF_gammaimig: 0
       EAAEAG_gammaimig: 0
       EAAEAH_gammaimig: 0
       EAAEAI_gammaimig: 0
       EAAEAJ_gammaimig: 0
       EAAEAK_gammaimig: 0
       EAAEAL_gammaimig: 0
        EAARW_gammaimig: 0
        EAAUS_gammaimig: 0
    EAAEAB_gammaimigdag: 1
    EAAEAC_gammaimigdag: 1
    EAAEAD_gammaimigdag: 1
    EAAEAE_gammaimigdag: 1
    EAAEAF_gammaimigdag: 1
    EAAEAG_gammaimigdag: 1
    EAAEAH_gammaimigdag: 1
    EAAEAI_gammaimigdag: 1
    EAAEAJ_gammaimigdag: 1
    EAAEAK_gammaimigdag: 1
    EAAEAL_gammaimigdag: 1
     EAARW_gammaimigdag: 1
     EAAUS_gammaimigdag: 1
                 EAA_gx: 5.9339
              EAAEAB_im: 0.0731
              EAAEAC_im: 0.0761
              EAAEAD_im: 0.0365
              EAAEAE_im: 0.0368
              EAAEAF_im: 0.1074
              EAAEAG_im: 0.0184
              EAAEAH_im: 0.0322
              EAAEAI_im: 0.1126
              EAAEAJ_im: 0.0429
              EAAEAK_im: 0.0162
              EAAEAL_im: 0.2360
               EAARW_im: 1.3572
               EAAUS_im: 0.1257
             EAAEAB_imc: 0.0428
             EAAEAC_imc: 0.0468
             EAAEAD_imc: 0.0219
             EAAEAE_imc: 0.0195
             EAAEAF_imc: 0.0628
             EAAEAG_imc: 0.0107
             EAAEAH_imc: 0.0159
             EAAEAI_imc: 0.0673
             EAAEAJ_imc: 0.0270
             EAAEAK_imc: 0.0092
             EAAEAL_imc: 0.1249
              EAARW_imc: 0.8633
              EAAUS_imc: 0.0694
             EAARW_imcy: 0.1055
             EAAEAB_imi: 0.0193
             EAAEAC_imi: 0.0152
             EAAEAD_imi: 0.0091
             EAAEAE_imi: 0.0116
             EAAEAF_imi: 0.0284
             EAAEAG_imi: 0.0043
             EAAEAH_imi: 0.0094
             EAAEAI_imi: 0.0315
             EAAEAJ_imi: 0.0095
             EAAEAK_imi: 0.0041
             EAAEAL_imi: 0.0786
              EAARW_imi: 0.3136
              EAAUS_imi: 0.0365
             EAARW_imiy: 0.0383
            EAAEAB_imcg: 0.0089
            EAAEAC_imcg: 0.0123
            EAAEAD_imcg: 0.0045
            EAAEAE_imcg: 0.0044
            EAAEAF_imcg: 0.0130
            EAAEAG_imcg: 0.0028
            EAAEAH_imcg: 0.0057
            EAAEAI_imcg: 0.0102
            EAAEAJ_imcg: 0.0053
            EAAEAK_imcg: 0.0024
            EAAEAL_imcg: 0.0237
             EAARW_imcg: 0.1455
             EAAUS_imcg: 0.0157
            EAARW_imcgy: 0.0178
            EAAEAB_imig: 0.0022
            EAAEAC_imig: 0.0017
            EAAEAD_imig: 0.0010
            EAAEAE_imig: 0.0013
            EAAEAF_imig: 0.0032
            EAAEAG_imig: 5.2228e-04
            EAAEAH_imig: 0.0011
            EAAEAI_imig: 0.0035
            EAAEAJ_imig: 0.0011
            EAAEAK_imig: 4.8834e-04
            EAAEAL_imig: 0.0088
             EAARW_imig: 0.0349
             EAAUS_imig: 0.0041
            EAARW_imigy: 0.0043
               EAA_piex: 1.0050
           EAA_pextilde: 1.0075
             EAAEAB_rer: 0.9204
             EAAEAC_rer: 0.9094
             EAAEAD_rer: 1.0569
             EAAEAE_rer: 0.8673
             EAAEAF_rer: 0.9069
             EAAEAG_rer: 0.8990
             EAAEAH_rer: 0.8970
             EAAEAI_rer: 0.9547
             EAAEAJ_rer: 0.9728
             EAAEAK_rer: 0.9869
             EAAEAL_rer: 0.9664
              EAARW_rer: 0.5954
              EAAUS_rer: 0.5703
                 EAA_sx: 1.0000
             EAAEAB_tot: 0.8295
             EAAEAC_tot: 0.8140
             EAAEAD_tot: 1.0002
             EAAEAE_tot: 0.7848
             EAAEAF_tot: 0.8170
             EAAEAG_tot: 0.8358
             EAAEAH_tot: 0.8243
             EAAEAI_tot: 0.8762
             EAAEAJ_tot: 0.9263
             EAAEAK_tot: 0.8939
             EAAEAL_tot: 0.9073
              EAARW_tot: 0.5492
              EAAUS_tot: 0.5298
          EAAEAB_weight: 0.0394
          EAAEAC_weight: 0.0367
          EAAEAD_weight: 0.0281
          EAAEAE_weight: 0.0215
          EAAEAF_weight: 0.0592
          EAAEAG_weight: 0.0097
          EAAEAH_weight: 0.0199
          EAAEAI_weight: 0.0687
          EAAEAJ_weight: 0.0265
          EAAEAK_weight: 0.0096
          EAAEAL_weight: 0.1293
           EAARW_weight: 0.4856
           EAAUS_weight: 0.0660
        EAAEAB_weightex: 0.0382
        EAAEAC_weightex: 0.0320
        EAAEAD_weightex: 0.0318
        EAAEAE_weightex: 0.0237
        EAAEAF_weightex: 0.0597
        EAAEAG_weightex: 0.0092
        EAAEAH_weightex: 0.0220
        EAAEAI_weightex: 0.0714
        EAAEAJ_weightex: 0.0264
        EAAEAK_weightex: 0.0095
        EAAEAL_weightex: 0.1156
         EAARW_weightex: 0.4731
         EAAUS_weightex: 0.0873
        EAAEAB_weightim: 0.0405
        EAAEAC_weightim: 0.0414
        EAAEAD_weightim: 0.0244
        EAAEAE_weightim: 0.0193
        EAAEAF_weightim: 0.0586
        EAAEAG_weightim: 0.0103
        EAAEAH_weightim: 0.0177
        EAAEAI_weightim: 0.0659
        EAAEAJ_weightim: 0.0265
        EAAEAK_weightim: 0.0097
        EAAEAL_weightim: 0.1431
         EAARW_weightim: 0.4980
         EAAUS_weightim: 0.0445
                  EAA_b: 10.8711
                 EAA_bf: -1.1972
                 EAA_by: 2.4000
                  EAA_c: 2.5280
                 EAA_ci: 2.9488
                 EAA_cj: 1.2653
                 EAA_cy: 0.5581
                  EAA_d: 0.6140
                 EAA_dn: 0.3031
                 EAA_dt: 0.3108
               EAA_etot: 0.6735
                 EAA_ex: 1.5049
                 EAA_fh: 9.0909
                 EAA_fi: 108.4954
                 EAA_fj: 4.0183
                 EAA_fn: 15.8786
                 EAA_cg: 0.9051
             EAA_gammab: 0
             EAA_gammai: 0
          EAA_gammaider: 0
             EAA_gammau: 0
          EAA_gammauder: 0.0324
             EAA_gammav: 2.5537e-04
            EAA_gammavi: 1.0102e-04
         EAA_gammavider: 0.0022
            EAA_gammavj: 1.0102e-04
         EAA_gammavjder: 0.0022
                 EAA_gh: 10.9091
                 EAA_gi: 8.5635
                 EAA_gj: 6.6523
                 EAA_gn: 23.8179
                EAA_cgy: 0.2000
                 EAA_ht: 0.9396
                EAA_htc: 0.0600
                EAA_hti: 0.2548
               EAA_htcg: 0.5287
               EAA_htig: 0.0961
                  EAA_i: 0.9636
                 EAA_ig: 0.1834
                 EAA_ii: 1.2848
                 EAA_im: 2.1217
                EAA_imc: 1.2911
                EAA_imi: 0.5329
               EAA_imcg: 0.2379
               EAA_imig: 0.0597
                EAA_imy: 0.3329
        EAA_internalrer: 1.7406
                EAA_igy: 0.0400
                  EAA_k: 38.5452
                 EAA_kd: 38.5452
                EAA_kdn: 17.3610
                EAA_kdt: 21.1842
                 EAA_ki: 51.3936
            EAA_lambdai: 0.9513
            EAA_lambdaj: 2.2170
                EAA_lcy: 0.6051
                  EAA_m: 1.0622
                EAA_mcn: 0.8396
                EAA_mct: 0.8396
                 EAA_mi: 1.2390
                 EAA_mj: 0.5317
                 EAA_nd: 1.8864
                EAA_ndi: 0.8620
                EAA_ndj: 1.1242
                EAA_ndn: 0.8496
                EAA_ndt: 1.0367
                 EAA_ni: 0.8620
                 EAA_nj: 1.1242
                 EAA_nt: 1.6411
                EAA_ntc: 1.2391
                EAA_nti: 0.2081
               EAA_ntcg: 0.1614
               EAA_ntig: 0.0325
                EAA_pex: 1.0075
                EAA_pht: 1.0075
           EAA_phttilde: 1.0075
                 EAA_pi: 0.9401
                EAA_pcg: 1.0010
                EAA_pig: 0.9881
                EAA_pic: 1.0050
               EAA_pic4: 1.0200
              EAA_piex4: 1.0200
               EAA_piht: 1.0050
              EAA_piimc: 1.0050
              EAA_piimi: 1.0050
             EAA_piimcg: 1.0050
             EAA_piimig: 1.0050
             EAA_piimc4: 1.0200
                EAA_pim: 0.7107
               EAA_pimc: 0.7027
               EAA_pimi: 0.7263
              EAA_pimcg: 0.7147
              EAA_pimig: 0.7274
               EAA_pint: 1.0050
                EAA_piw: 1.0050
               EAA_piw4: 1.0200
                EAA_pnt: 1.2594
           EAA_pnttilde: 1.2594
               EAA_pttc: 0.7235
               EAA_ptti: 0.8440
              EAA_pttcg: 0.9410
              EAA_pttig: 0.9254
                 EAA_py: 1.1087
                  EAA_q: 0.9401
                 EAA_qc: 2.5282
                 EAA_qi: 0.9636
                EAA_qcg: 0.9051
                EAA_qig: 0.1834
                  EAA_r: 1.0124
               EAA_reer: 0.7301
                EAA_rer: 0.5703
             EAA_rerdep: 1
                 EAA_rk: 0.0305
                 EAA_rp: 0
                 EAA_rr: 1.0074
             EAA_rrstar: 1.0074
                 EAA_sh: 1.0000
                 EAA_si: 1
                 EAA_sj: 1.0000
                EAA_snt: 1.0000
                  EAA_t: 0
               EAA_tauc: 0.1830
               EAA_taud: 0
               EAA_tauk: 0
               EAA_taun: 0.1220
              EAA_tauwf: 0.2190
              EAA_tauwh: 0.1180
                 EAA_tb: 0.0084
                EAA_tby: 0.0018
                 EAA_ti: 0
                 EAA_tj: 0
                EAA_tot: 0.5298
                 EAA_tr: 0.3332
                EAA_tri: 0.2221
                EAA_trj: 0.6664
                EAA_try: 0.0736
                EAA_ttc: 1.3375
                EAA_tti: 0.7627
               EAA_ttcg: 0.7468
               EAA_ttig: 0.1516
                 EAA_ty: 0
                  EAA_u: 1
              EAA_utili: -45.6498
              EAA_utilj: -195.8875
                 EAA_vj: 2.3800
                  EAA_w: 1.1920
               EAA_wcst: 0
               EAA_whty: 0.5018
                 EAA_wi: 1.3365
            EAA_witilde: 1.3365
                 EAA_wj: 0.9753
            EAA_wjtilde: 0.9753
               EAA_wnty: 0.4900
                 EAA_wy: 0.4964
                  EAA_y: 4.0855
               EAA_ygap: 0
            EAA_ygrowth: 1
           EAA_ygrowth4: 1
               EAA_yhty: 0.5437
               EAA_ynty: 0.4563
             EAA_yshare: 0.0146
                EAA_ysn: 1.6411
                EAA_yst: 2.4445
               EAA_zcon: 1
               EAA_zinv: 1
                 EAA_zn: 1
                 EAA_zt: 1
            EAA_gammav1: 0.0287
            EAA_gammav2: 0.1503
               EAA_nutc: 0.1027
               EAA_nuti: 0.5200
              EAA_nutcg: 0.8398
              EAA_nutig: 0.7841
               EAA_psit: 0.0485
          EAAEAB_rerbar: 0.9204
          EAAEAC_rerbar: 0.9094
          EAAEAD_rerbar: 1.0569
          EAAEAE_rerbar: 0.8673
          EAAEAF_rerbar: 0.9069
          EAAEAG_rerbar: 0.8990
          EAAEAH_rerbar: 0.8970
          EAAEAI_rerbar: 0.9547
          EAAEAJ_rerbar: 0.9728
          EAAEAK_rerbar: 0.9869
          EAAEAL_rerbar: 0.9664
           EAARW_rerbar: 0.5954
           EAAUS_rerbar: 0.5703
              EAA_pibar: 0.9401
            EAA_psinbar: 0.4595
            EAA_psitbar: 0.1187
              EAA_pybar: 1.1087
               EAA_qbar: 0.9401
             EAA_trybar: 0.0736
               EAA_ybar: 4.0855
              EAA_ynbar: 1.6411
              EAA_ytbar: 2.4445
            EABEAA_excy: 0.0100
            EABEAC_excy: 0.0027
            EABEAD_excy: 0.0044
            EABEAE_excy: 0.0017
            EABEAF_excy: 0.0079
            EABEAG_excy: 0.0022
            EABEAH_excy: 0.0015
            EABEAI_excy: 0.0123
            EABEAJ_excy: 0.0053
            EABEAK_excy: 0.0015
            EABEAL_excy: 0.0383
             EABRW_excy: 0.0645
             EABUS_excy: 0.0125
            EABEAA_exiy: 0.0045
            EABEAC_exiy: 0.0017
            EABEAD_exiy: 0.0030
            EABEAE_exiy: 0.0012
            EABEAF_exiy: 0.0047
            EABEAG_exiy: 9.7043e-04
            EABEAH_exiy: 0.0012
            EABEAI_exiy: 0.0055
            EABEAJ_exiy: 0.0024
            EABEAK_exiy: 8.9193e-04
            EABEAL_exiy: 0.0190
             EABRW_exiy: 0.0440
             EABUS_exiy: 0.0065
                 EAB_fx: 4.0635
        EABEAA_gammaimc: 0
        EABEAC_gammaimc: 0
        EABEAD_gammaimc: 0
        EABEAE_gammaimc: 0
        EABEAF_gammaimc: 0
        EABEAG_gammaimc: 0
        EABEAH_gammaimc: 0
        EABEAI_gammaimc: 0
        EABEAJ_gammaimc: 0
        EABEAK_gammaimc: 0
        EABEAL_gammaimc: 0
         EABRW_gammaimc: 0
         EABUS_gammaimc: 0
     EABEAA_gammaimcdag: 1
     EABEAC_gammaimcdag: 1
     EABEAD_gammaimcdag: 1
     EABEAE_gammaimcdag: 1
     EABEAF_gammaimcdag: 1
     EABEAG_gammaimcdag: 1
     EABEAH_gammaimcdag: 1
     EABEAI_gammaimcdag: 1
     EABEAJ_gammaimcdag: 1
     EABEAK_gammaimcdag: 1
     EABEAL_gammaimcdag: 1
      EABRW_gammaimcdag: 1
      EABUS_gammaimcdag: 1
        EABEAA_gammaimi: 0
        EABEAC_gammaimi: 0
        EABEAD_gammaimi: 0
        EABEAE_gammaimi: 0
        EABEAF_gammaimi: 0
        EABEAG_gammaimi: 0
        EABEAH_gammaimi: 0
        EABEAI_gammaimi: 0
        EABEAJ_gammaimi: 0
        EABEAK_gammaimi: 0
        EABEAL_gammaimi: 0
         EABRW_gammaimi: 0
         EABUS_gammaimi: 0
     EABEAA_gammaimidag: 1
     EABEAC_gammaimidag: 1
     EABEAD_gammaimidag: 1
     EABEAE_gammaimidag: 1
     EABEAF_gammaimidag: 1
     EABEAG_gammaimidag: 1
     EABEAH_gammaimidag: 1
     EABEAI_gammaimidag: 1
     EABEAJ_gammaimidag: 1
     EABEAK_gammaimidag: 1
     EABEAL_gammaimidag: 1
      EABRW_gammaimidag: 1
      EABUS_gammaimidag: 1
       EABEAA_gammaimcg: 0
       EABEAC_gammaimcg: 0
       EABEAD_gammaimcg: 0
       EABEAE_gammaimcg: 0
       EABEAF_gammaimcg: 0
       EABEAG_gammaimcg: 0
       EABEAH_gammaimcg: 0
       EABEAI_gammaimcg: 0
       EABEAJ_gammaimcg: 0
       EABEAK_gammaimcg: 0
       EABEAL_gammaimcg: 0
        EABRW_gammaimcg: 0
        EABUS_gammaimcg: 0
    EABEAA_gammaimcgdag: 1
    EABEAC_gammaimcgdag: 1
    EABEAD_gammaimcgdag: 1
    EABEAE_gammaimcgdag: 1
    EABEAF_gammaimcgdag: 1
    EABEAG_gammaimcgdag: 1
    EABEAH_gammaimcgdag: 1
    EABEAI_gammaimcgdag: 1
    EABEAJ_gammaimcgdag: 1
    EABEAK_gammaimcgdag: 1
    EABEAL_gammaimcgdag: 1
     EABRW_gammaimcgdag: 1
     EABUS_gammaimcgdag: 1
       EABEAA_gammaimig: 0
       EABEAC_gammaimig: 0
       EABEAD_gammaimig: 0
       EABEAE_gammaimig: 0
       EABEAF_gammaimig: 0
       EABEAG_gammaimig: 0
       EABEAH_gammaimig: 0
       EABEAI_gammaimig: 0
       EABEAJ_gammaimig: 0
       EABEAK_gammaimig: 0
       EABEAL_gammaimig: 0
        EABRW_gammaimig: 0
        EABUS_gammaimig: 0
    EABEAA_gammaimigdag: 1
    EABEAC_gammaimigdag: 1
    EABEAD_gammaimigdag: 1
    EABEAE_gammaimigdag: 1
    EABEAF_gammaimigdag: 1
    EABEAG_gammaimigdag: 1
    EABEAH_gammaimigdag: 1
    EABEAI_gammaimigdag: 1
    EABEAJ_gammaimigdag: 1
    EABEAK_gammaimigdag: 1
    EABEAL_gammaimigdag: 1
     EABRW_gammaimigdag: 1
     EABUS_gammaimigdag: 1
                 EAB_gx: 4.8762
              EABEAA_im: 0.0679
              EABEAC_im: 0.0259
              EABEAD_im: 0.0261
              EABEAE_im: 0.0148
              EABEAF_im: 0.0446
              EABEAG_im: 0.0130
              EABEAH_im: 0.0221
              EABEAI_im: 0.0831
              EABEAJ_im: 0.0331
              EABEAK_im: 0.0132
              EABEAL_im: 0.3658
               EABRW_im: 0.8149
               EABUS_im: 0.0842
             EABEAA_imc: 0.0400
             EABEAC_imc: 0.0137
             EABEAD_imc: 0.0145
             EABEAE_imc: 0.0067
             EABEAF_imc: 0.0249
             EABEAG_imc: 0.0072
             EABEAH_imc: 0.0095
             EABEAI_imc: 0.0506
             EABEAJ_imc: 0.0190
             EABEAK_imc: 0.0068
             EABEAL_imc: 0.1964
              EABRW_imc: 0.4783
              EABUS_imc: 0.0437
             EABUS_imcy: 0.0065
             EABEAA_imi: 0.0179
             EABEAC_imi: 0.0075
             EABEAD_imi: 0.0077
             EABEAE_imi: 0.0052
             EABEAF_imi: 0.0133
             EABEAG_imi: 0.0034
             EABEAH_imi: 0.0081
             EABEAI_imi: 0.0235
             EABEAJ_imi: 0.0090
             EABEAK_imi: 0.0040
             EABEAL_imi: 0.1265
              EABRW_imi: 0.2201
              EABUS_imi: 0.0229
             EABUS_imiy: 0.0034
            EABEAA_imcg: 0.0080
            EABEAC_imcg: 0.0039
            EABEAD_imcg: 0.0029
            EABEAE_imcg: 0.0023
            EABEAF_imcg: 0.0049
            EABEAG_imcg: 0.0019
            EABEAH_imcg: 0.0035
            EABEAI_imcg: 0.0064
            EABEAJ_imcg: 0.0040
            EABEAK_imcg: 0.0019
            EABEAL_imcg: 0.0288
             EABRW_imcg: 0.0920
             EABUS_imcg: 0.0150
            EABUS_imcgy: 0.0022
            EABEAA_imig: 0.0020
            EABEAC_imig: 8.6247e-04
            EABEAD_imig: 8.8234e-04
            EABEAE_imig: 6.1772e-04
            EABEAF_imig: 0.0015
            EABEAG_imig: 4.0803e-04
            EABEAH_imig: 9.3686e-04
            EABEAI_imig: 0.0026
            EABEAJ_imig: 0.0010
            EABEAK_imig: 4.7500e-04
            EABEAL_imig: 0.0141
             EABRW_imig: 0.0245
             EABUS_imig: 0.0026
            EABUS_imigy: 3.8147e-04
               EAB_piex: 1.0050
           EAB_pextilde: 0.9081
             EABEAA_rer: 1.0865
             EABEAC_rer: 0.9880
             EABEAD_rer: 1.1483
             EABEAE_rer: 0.9424
             EABEAF_rer: 0.9854
             EABEAG_rer: 0.9768
             EABEAH_rer: 0.9746
             EABEAI_rer: 1.0373
             EABEAJ_rer: 1.0570
             EABEAK_rer: 1.0722
             EABEAL_rer: 1.0500
              EABRW_rer: 0.6469
              EABUS_rer: 0.6197
                 EAB_sx: 1.0000
             EABEAA_tot: 1.2055
             EABEAC_tot: 0.9812
             EABEAD_tot: 1.2057
             EABEAE_tot: 0.9460
             EABEAF_tot: 0.9849
             EABEAG_tot: 1.0075
             EABEAH_tot: 0.9936
             EABEAI_tot: 1.0562
             EABEAJ_tot: 1.1166
             EABEAK_tot: 1.0776
             EABEAL_tot: 1.0938
              EABRW_tot: 0.6620
              EABUS_tot: 0.6387
          EABEAA_weight: 0.0528
          EABEAC_weight: 0.0183
          EABEAD_weight: 0.0267
          EABEAE_weight: 0.0108
          EABEAF_weight: 0.0412
          EABEAG_weight: 0.0107
          EABEAH_weight: 0.0139
          EABEAI_weight: 0.0630
          EABEAJ_weight: 0.0285
          EABEAK_weight: 0.0101
          EABEAL_weight: 0.2364
           EABRW_weight: 0.4154
           EABUS_weight: 0.0724
        EABEAA_weightex: 0.0457
        EABEAC_weightex: 0.0179
        EABEAD_weightex: 0.0303
        EABEAE_weightex: 0.0113
        EABEAF_weightex: 0.0501
        EABEAG_weightex: 0.0118
        EABEAH_weightex: 0.0117
        EABEAI_weightex: 0.0616
        EABEAJ_weightex: 0.0298
        EABEAK_weightex: 0.0097
        EABEAL_weightex: 0.1797
         EABRW_weightex: 0.4352
         EABUS_weightex: 0.1051
        EABEAA_weightim: 0.0600
        EABEAC_weightim: 0.0187
        EABEAD_weightim: 0.0230
        EABEAE_weightim: 0.0103
        EABEAF_weightim: 0.0322
        EABEAG_weightim: 0.0096
        EABEAH_weightim: 0.0161
        EABEAI_weightim: 0.0644
        EABEAJ_weightim: 0.0271
        EABEAK_weightim: 0.0105
        EABEAL_weightim: 0.2933
         EABRW_weightim: 0.3955
         EABUS_weightim: 0.0394
                  EAB_b: 9.4087
                 EAB_bf: -0.9537
                 EAB_by: 2.4000
                  EAB_c: 2.1879
                 EAB_ci: 2.5521
                 EAB_cj: 1.0951
                 EAB_cy: 0.5581
                  EAB_d: 0.5314
                 EAB_dn: 0.2502
                 EAB_dt: 0.2812
               EAB_etot: 0.8505
                 EAB_ex: 1.3721
                 EAB_fh: 9.2998
                 EAB_fi: 16.6100
                 EAB_fj: 0.6152
                 EAB_fn: 13.1065
                 EAB_cg: 0.8389
             EAB_gammab: 0
             EAB_gammai: 0
          EAB_gammaider: 0
             EAB_gammau: 0
          EAB_gammauder: 0.0324
             EAB_gammav: 2.2102e-04
            EAB_gammavi: 1.0102e-04
         EAB_gammavider: 0.0022
            EAB_gammavj: 1.0102e-04
         EAB_gammavjder: 0.0022
                 EAB_gh: 11.1598
                 EAB_gi: 5.2932
                 EAB_gj: 4.1119
                 EAB_gn: 19.6598
                EAB_cgy: 0.2000
                 EAB_ht: 1.0664
                EAB_htc: 0.2294
                EAB_hti: 0.2195
               EAB_htcg: 0.5283
               EAB_htig: 0.0891
                  EAB_i: 0.8418
                 EAB_ig: 0.1678
                 EAB_ii: 1.1224
                 EAB_im: 1.4893
                EAB_imc: 0.8429
                EAB_imi: 0.4354
               EAB_imcg: 0.1623
               EAB_imig: 0.0488
                EAB_imy: 0.3160
        EAB_internalrer: 1.3409
                EAB_igy: 0.0400
                  EAB_k: 33.6720
                 EAB_kd: 33.6720
                EAB_kdn: 14.4641
                EAB_kdt: 19.2079
                 EAB_ki: 44.8960
            EAB_lambdai: 1.0992
            EAB_lambdaj: 2.5616
                EAB_lcy: 0.6051
                  EAB_m: 0.9193
                EAB_mcn: 0.7567
                EAB_mct: 0.7567
                 EAB_mi: 1.0723
                 EAB_mj: 0.4601
                 EAB_nd: 1.8864
                EAB_ndi: 0.8620
                EAB_ndj: 1.1242
                EAB_ndn: 0.8103
                EAB_ndt: 1.0761
                 EAB_ni: 0.8620
                 EAB_nj: 1.1242
                 EAB_nt: 1.5029
                EAB_ntc: 1.1296
                EAB_nti: 0.1906
               EAB_ntcg: 0.1522
               EAB_ntig: 0.0304
                EAB_pex: 0.9081
                EAB_pht: 0.9081
           EAB_phttilde: 0.9081
                 EAB_pi: 0.9314
                EAB_pcg: 0.9346
                EAB_pig: 0.9346
                EAB_pic: 1.0050
               EAB_pic4: 1.0200
              EAB_piex4: 1.0200
               EAB_piht: 1.0050
              EAB_piimc: 1.0050
              EAB_piimi: 1.0050
             EAB_piimcg: 1.0050
             EAB_piimig: 1.0050
             EAB_piimc4: 1.0200
                EAB_pim: 0.8317
               EAB_pimc: 0.8277
               EAB_pimi: 0.8459
              EAB_pimcg: 0.8103
              EAB_pimig: 0.8466
               EAB_pint: 1.0050
                EAB_piw: 1.0050
               EAB_piw4: 1.0200
                EAB_pnt: 1.1351
           EAB_pnttilde: 1.1351
               EAB_pttc: 0.8465
               EAB_ptti: 0.8680
              EAB_pttcg: 0.8875
              EAB_pttig: 0.8875
                 EAB_py: 0.9946
                  EAB_q: 0.9314
                 EAB_qc: 2.1881
                 EAB_qi: 0.8418
                EAB_qcg: 0.8389
                EAB_qig: 0.1678
                  EAB_r: 1.0124
               EAB_reer: 0.8241
                EAB_rer: 0.6197
             EAB_rerdep: 1
                 EAB_rk: 0.0302
                 EAB_rp: 0
                 EAB_rr: 1.0074
             EAB_rrstar: 1.0074
                 EAB_sh: 1.0000
                 EAB_si: 1
                 EAB_sj: 1.0000
                EAB_snt: 1.0000
                  EAB_t: 0
               EAB_tauc: 0.1830
               EAB_taud: 0
               EAB_tauk: 0
               EAB_taun: 0.1220
              EAB_tauwf: 0.2190
              EAB_tauwh: 0.1180
                 EAB_tb: 0.0072
                EAB_tby: 0.0018
                 EAB_ti: 0
                 EAB_tj: 0
                EAB_tot: 0.6387
                 EAB_tr: 0.2884
                EAB_tri: 0.1922
                EAB_trj: 0.5767
                EAB_try: 0.0736
                EAB_ttc: 1.0702
                EAB_tti: 0.6540
               EAB_ttcg: 0.6887
               EAB_ttig: 0.1377
                 EAB_ty: 0
                  EAB_u: 1
              EAB_utili: -65.2727
              EAB_utilj: -215.5104
                 EAB_vj: 2.3800
                  EAB_w: 1.0316
               EAB_wcst: 0
               EAB_whty: 0.5013
                 EAB_wi: 1.1567
            EAB_witilde: 1.1567
                 EAB_wj: 0.8441
            EAB_wjtilde: 0.8441
               EAB_wnty: 0.4900
                 EAB_wy: 0.4964
                  EAB_y: 3.9414
               EAB_ygap: 0
            EAB_ygrowth: 1
           EAB_ygrowth4: 1
               EAB_yhty: 0.5648
               EAB_ynty: 0.4352
             EAB_yshare: 0.0115
                EAB_ysn: 1.5029
                EAB_yst: 2.4385
               EAB_zcon: 1
               EAB_zinv: 1
                 EAB_zn: 1
                 EAB_zt: 1
            EAB_gammav1: 0.0287
            EAB_gammav2: 0.1503
               EAB_nutc: 0.2555
               EAB_nuti: 0.3758
              EAB_nutcg: 0.8123
              EAB_nutig: 0.6853
               EAB_psit: 0.0476
          EABEAA_rerbar: 1.0865
          EABEAC_rerbar: 0.9880
          EABEAD_rerbar: 1.1483
          EABEAE_rerbar: 0.9424
          EABEAF_rerbar: 0.9854
          EABEAG_rerbar: 0.9768
          EABEAH_rerbar: 0.9746
          EABEAI_rerbar: 1.0373
          EABEAJ_rerbar: 1.0570
          EABEAK_rerbar: 1.0722
          EABEAL_rerbar: 1.0500
           EABRW_rerbar: 0.6469
           EABUS_rerbar: 0.6197
              EAB_pibar: 0.9314
            EAB_psinbar: 0.4208
            EAB_psitbar: 0.1161
              EAB_pybar: 0.9946
               EAB_qbar: 0.9314
             EAB_trybar: 0.0736
               EAB_ybar: 3.9414
              EAB_ynbar: 1.5029
              EAB_ytbar: 2.4385
            EACEAA_excy: 0.0097
            EACEAB_excy: 0.0028
            EACEAD_excy: 0.0072
            EACEAE_excy: 0.0025
            EACEAF_excy: 0.0264
            EACEAG_excy: 0.0031
            EACEAH_excy: 0.0033
            EACEAI_excy: 0.0120
            EACEAJ_excy: 0.0205
            EACEAK_excy: 0.0033
            EACEAL_excy: 0.0252
             EACRW_excy: 0.0641
             EACUS_excy: 0.0133
            EACEAA_exiy: 0.0032
            EACEAB_exiy: 0.0015
            EACEAD_exiy: 0.0035
            EACEAE_exiy: 0.0014
            EACEAF_exiy: 0.0114
            EACEAG_exiy: 9.1004e-04
            EACEAH_exiy: 0.0036
            EACEAI_exiy: 0.0047
            EACEAJ_exiy: 0.0081
            EACEAK_exiy: 0.0013
            EACEAL_exiy: 0.0105
             EACRW_exiy: 0.0429
             EACUS_exiy: 0.0067
                 EAC_fx: 4.5620
        EACEAA_gammaimc: 0
        EACEAB_gammaimc: 0
        EACEAD_gammaimc: 0
        EACEAE_gammaimc: 0
        EACEAF_gammaimc: 0
        EACEAG_gammaimc: 0
        EACEAH_gammaimc: 0
        EACEAI_gammaimc: 0
        EACEAJ_gammaimc: 0
        EACEAK_gammaimc: 0
        EACEAL_gammaimc: 0
         EACRW_gammaimc: 0
         EACUS_gammaimc: 0
     EACEAA_gammaimcdag: 1
     EACEAB_gammaimcdag: 1
     EACEAD_gammaimcdag: 1
     EACEAE_gammaimcdag: 1
     EACEAF_gammaimcdag: 1
     EACEAG_gammaimcdag: 1
     EACEAH_gammaimcdag: 1
     EACEAI_gammaimcdag: 1
     EACEAJ_gammaimcdag: 1
     EACEAK_gammaimcdag: 1
     EACEAL_gammaimcdag: 1
      EACRW_gammaimcdag: 1
      EACUS_gammaimcdag: 1
        EACEAA_gammaimi: 0
        EACEAB_gammaimi: 0
        EACEAD_gammaimi: 0
        EACEAE_gammaimi: 0
        EACEAF_gammaimi: 0
        EACEAG_gammaimi: 0
        EACEAH_gammaimi: 0
        EACEAI_gammaimi: 0
        EACEAJ_gammaimi: 0
        EACEAK_gammaimi: 0
        EACEAL_gammaimi: 0
         EACRW_gammaimi: 0
         EACUS_gammaimi: 0
     EACEAA_gammaimidag: 1
     EACEAB_gammaimidag: 1
     EACEAD_gammaimidag: 1
     EACEAE_gammaimidag: 1
     EACEAF_gammaimidag: 1
     EACEAG_gammaimidag: 1
     EACEAH_gammaimidag: 1
     EACEAI_gammaimidag: 1
     EACEAJ_gammaimidag: 1
     EACEAK_gammaimidag: 1
     EACEAL_gammaimidag: 1
      EACRW_gammaimidag: 1
      EACUS_gammaimidag: 1
       EACEAA_gammaimcg: 0
       EACEAB_gammaimcg: 0
       EACEAD_gammaimcg: 0
       EACEAE_gammaimcg: 0
       EACEAF_gammaimcg: 0
       EACEAG_gammaimcg: 0
       EACEAH_gammaimcg: 0
       EACEAI_gammaimcg: 0
       EACEAJ_gammaimcg: 0
       EACEAK_gammaimcg: 0
       EACEAL_gammaimcg: 0
        EACRW_gammaimcg: 0
        EACUS_gammaimcg: 0
    EACEAA_gammaimcgdag: 1
    EACEAB_gammaimcgdag: 1
    EACEAD_gammaimcgdag: 1
    EACEAE_gammaimcgdag: 1
    EACEAF_gammaimcgdag: 1
    EACEAG_gammaimcgdag: 1
    EACEAH_gammaimcgdag: 1
    EACEAI_gammaimcgdag: 1
    EACEAJ_gammaimcgdag: 1
    EACEAK_gammaimcgdag: 1
    EACEAL_gammaimcgdag: 1
     EACRW_gammaimcgdag: 1
     EACUS_gammaimcgdag: 1
       EACEAA_gammaimig: 0
       EACEAB_gammaimig: 0
       EACEAD_gammaimig: 0
       EACEAE_gammaimig: 0
       EACEAF_gammaimig: 0
       EACEAG_gammaimig: 0
       EACEAH_gammaimig: 0
       EACEAI_gammaimig: 0
       EACEAJ_gammaimig: 0
       EACEAK_gammaimig: 0
       EACEAL_gammaimig: 0
        EACRW_gammaimig: 0
        EACUS_gammaimig: 0
    EACEAA_gammaimigdag: 1
    EACEAB_gammaimigdag: 1
    EACEAD_gammaimigdag: 1
    EACEAE_gammaimigdag: 1
    EACEAF_gammaimigdag: 1
    EACEAG_gammaimigdag: 1
    EACEAH_gammaimigdag: 1
    EACEAI_gammaimigdag: 1
    EACEAJ_gammaimigdag: 1
    EACEAK_gammaimigdag: 1
    EACEAL_gammaimigdag: 1
     EACRW_gammaimigdag: 1
     EACUS_gammaimigdag: 1
                 EAC_gx: 5.4744
              EACEAA_im: 0.0498
              EACEAB_im: 0.0211
              EACEAD_im: 0.0441
              EACEAE_im: 0.0155
              EACEAF_im: 0.2372
              EACEAG_im: 0.0122
              EACEAH_im: 0.0453
              EACEAI_im: 0.0585
              EACEAJ_im: 0.1677
              EACEAK_im: 0.0172
              EACEAL_im: 0.1718
               EACRW_im: 0.7884
               EACUS_im: 0.1516
             EACEAA_imc: 0.0300
             EACEAB_imc: 0.0105
             EACEAD_imc: 0.0255
             EACEAE_imc: 0.0075
             EACEAF_imc: 0.1466
             EACEAG_imc: 0.0064
             EACEAH_imc: 0.0231
             EACEAI_imc: 0.0298
             EACEAJ_imc: 0.1043
             EACEAK_imc: 0.0090
             EACEAL_imc: 0.0880
              EACRW_imc: 0.4269
              EACUS_imc: 0.0757
            EACEAA_imcy: 0.0085
             EACEAA_imi: 0.0117
             EACEAB_imi: 0.0065
             EACEAD_imi: 0.0112
             EACEAE_imi: 0.0049
             EACEAF_imi: 0.0554
             EACEAG_imi: 0.0033
             EACEAH_imi: 0.0104
             EACEAI_imi: 0.0176
             EACEAJ_imi: 0.0387
             EACEAK_imi: 0.0049
             EACEAL_imi: 0.0598
              EACRW_imi: 0.2363
              EACUS_imi: 0.0455
            EACEAA_imiy: 0.0033
            EACEAA_imcg: 0.0068
            EACEAB_imcg: 0.0034
            EACEAD_imcg: 0.0061
            EACEAE_imcg: 0.0025
            EACEAF_imcg: 0.0291
            EACEAG_imcg: 0.0020
            EACEAH_imcg: 0.0106
            EACEAI_imcg: 0.0092
            EACEAJ_imcg: 0.0204
            EACEAK_imcg: 0.0027
            EACEAL_imcg: 0.0174
             EACRW_imcg: 0.0989
             EACUS_imcg: 0.0253
           EACEAA_imcgy: 0.0019
            EACEAA_imig: 0.0013
            EACEAB_imig: 7.5377e-04
            EACEAD_imig: 0.0013
            EACEAE_imig: 5.7456e-04
            EACEAF_imig: 0.0062
            EACEAG_imig: 3.9774e-04
            EACEAH_imig: 0.0012
            EACEAI_imig: 0.0020
            EACEAJ_imig: 0.0043
            EACEAK_imig: 5.7436e-04
            EACEAL_imig: 0.0067
             EACRW_imig: 0.0263
             EACUS_imig: 0.0051
           EACEAA_imigy: 3.7429e-04
               EAC_piex: 1.0050
           EAC_pextilde: 0.9018
             EACEAA_rer: 1.0997
             EACEAB_rer: 1.0121
             EACEAD_rer: 1.1622
             EACEAE_rer: 0.9538
             EACEAF_rer: 0.9973
             EACEAG_rer: 0.9886
             EACEAH_rer: 0.9864
             EACEAI_rer: 1.0499
             EACEAJ_rer: 1.0698
             EACEAK_rer: 1.0852
             EACEAL_rer: 1.0627
              EACRW_rer: 0.6547
              EACUS_rer: 0.6272
                 EAC_sx: 1.0000
             EACEAA_tot: 1.2286
             EACEAB_tot: 1.0191
             EACEAD_tot: 1.2288
             EACEAE_tot: 0.9641
             EACEAF_tot: 1.0037
             EACEAG_tot: 1.0268
             EACEAH_tot: 1.0126
             EACEAI_tot: 1.0765
             EACEAJ_tot: 1.1380
             EACEAK_tot: 1.0982
             EACEAL_tot: 1.1147
              EACRW_tot: 0.6747
              EACUS_tot: 0.6509
          EACEAA_weight: 0.0390
          EACEAB_weight: 0.0147
          EACEAD_weight: 0.0367
          EACEAE_weight: 0.0114
          EACEAF_weight: 0.1327
          EACEAG_weight: 0.0108
          EACEAH_weight: 0.0257
          EACEAI_weight: 0.0479
          EACEAJ_weight: 0.1027
          EACEAK_weight: 0.0136
          EACEAL_weight: 0.1173
           EACRW_weight: 0.3673
           EACUS_weight: 0.0801
        EACEAA_weightex: 0.0384
        EACEAB_weightex: 0.0155
        EACEAD_weightex: 0.0383
        EACEAE_weightex: 0.0132
        EACEAF_weightex: 0.1112
        EACEAG_weightex: 0.0134
        EACEAH_weightex: 0.0218
        EACEAI_weightex: 0.0549
        EACEAJ_weightex: 0.0819
        EACEAK_weightex: 0.0149
        EACEAL_weightex: 0.1105
         EACRW_weightex: 0.3897
         EACUS_weightex: 0.0963
        EACEAA_weightim: 0.0397
        EACEAB_weightim: 0.0140
        EACEAD_weightim: 0.0351
        EACEAE_weightim: 0.0097
        EACEAF_weightim: 0.1543
        EACEAG_weightim: 0.0081
        EACEAH_weightim: 0.0297
        EACEAI_weightim: 0.0408
        EACEAJ_weightim: 0.1237
        EACEAK_weightim: 0.0122
        EACEAL_weightim: 0.1241
         EACRW_weightim: 0.3447
         EACUS_weightim: 0.0639
                  EAC_b: 9.3744
                 EAC_bf: -0.9388
                 EAC_by: 2.4000
                  EAC_c: 2.1799
                 EAC_ci: 2.5429
                 EAC_cj: 1.0911
                 EAC_cy: 0.5581
                  EAC_d: 0.5294
                 EAC_dn: 0.2488
                 EAC_dt: 0.2807
               EAC_etot: 0.8767
                 EAC_ex: 1.5511
                 EAC_fh: 7.7891
                 EAC_fi: 15.8414
                 EAC_fj: 0.5867
                 EAC_fn: 13.0311
                 EAC_cg: 0.8407
             EAC_gammab: 0
             EAC_gammai: 0
          EAC_gammaider: 0
             EAC_gammau: 0
          EAC_gammauder: 0.0324
             EAC_gammav: 2.2021e-04
            EAC_gammavi: 1.0102e-04
         EAC_gammavider: 0.0022
            EAC_gammavj: 1.0102e-04
         EAC_gammavjder: 0.0022
                 EAC_gh: 9.3469
                 EAC_gi: 5.2293
                 EAC_gj: 4.0622
                 EAC_gn: 19.5466
                EAC_cgy: 0.2000
                 EAC_ht: 0.8994
                EAC_htc: 0.1466
                EAC_hti: 0.1934
               EAC_htcg: 0.4728
               EAC_htig: 0.0865
                  EAC_i: 0.8510
                 EAC_ig: 0.1690
                 EAC_ii: 1.1347
                 EAC_im: 1.6559
                EAC_imc: 0.9152
                EAC_imi: 0.4699
               EAC_imcg: 0.2182
               EAC_imig: 0.0526
                EAC_imy: 0.3563
        EAC_internalrer: 1.3188
                EAC_igy: 0.0400
                  EAC_k: 34.0395
                 EAC_kd: 34.0395
                EAC_kdn: 14.5910
                EAC_kdt: 19.4486
                 EAC_ki: 45.3861
            EAC_lambdai: 1.1032
            EAC_lambdaj: 2.5709
                EAC_lcy: 0.6051
                  EAC_m: 0.9159
                EAC_mcn: 0.7515
                EAC_mct: 0.7515
                 EAC_mi: 1.0684
                 EAC_mj: 0.4585
                 EAC_nd: 1.8864
                EAC_ndi: 0.8620
                EAC_ndj: 1.1242
                EAC_ndn: 0.8086
                EAC_ndt: 1.0778
                 EAC_ni: 0.8620
                 EAC_nj: 1.1242
                 EAC_nt: 1.5046
                EAC_ntc: 1.1294
                EAC_nti: 0.1920
               EAC_ntcg: 0.1527
               EAC_ntig: 0.0306
                EAC_pex: 0.9018
                EAC_pht: 0.9018
           EAC_phttilde: 0.9018
                 EAC_pi: 0.9180
                EAC_pcg: 0.9292
                EAC_pig: 0.9245
                EAC_pic: 1.0050
               EAC_pic4: 1.0200
              EAC_piex4: 1.0200
               EAC_piht: 1.0050
              EAC_piimc: 1.0050
              EAC_piimi: 1.0050
             EAC_piimcg: 1.0050
             EAC_piimig: 1.0050
             EAC_piimc4: 1.0200
                EAC_pim: 0.8404
               EAC_pimc: 0.8466
               EAC_pimi: 0.8307
              EAC_pimcg: 0.8371
              EAC_pimig: 0.8316
               EAC_pint: 1.0050
                EAC_piw: 1.0050
               EAC_piw4: 1.0200
                EAC_pnt: 1.1273
           EAC_pnttilde: 1.1273
               EAC_pttc: 0.8548
               EAC_ptti: 0.8530
              EAC_pttcg: 0.8827
              EAC_pttig: 0.8769
                 EAC_py: 0.9876
                  EAC_q: 0.9180
                 EAC_qc: 2.1801
                 EAC_qi: 0.8510
                EAC_qcg: 0.8407
                EAC_qig: 0.1690
                  EAC_r: 1.0124
               EAC_reer: 0.8458
                EAC_rer: 0.6272
             EAC_rerdep: 1
                 EAC_rk: 0.0298
                 EAC_rp: 0
                 EAC_rr: 1.0074
             EAC_rrstar: 1.0074
                 EAC_sh: 1.0000
                 EAC_si: 1
                 EAC_sj: 1.0000
                EAC_snt: 1.0000
                  EAC_t: 0
               EAC_tauc: 0.1830
               EAC_taud: 0
               EAC_tauk: 0
               EAC_taun: 0.1220
              EAC_tauwf: 0.2190
              EAC_tauwh: 0.1180
                 EAC_tb: 0.0072
                EAC_tby: 0.0018
                 EAC_ti: 0
                 EAC_tj: 0
                EAC_tot: 0.6509
                 EAC_tr: 0.2873
                EAC_tri: 0.1915
                EAC_trj: 0.5746
                EAC_try: 0.0736
                EAC_ttc: 1.0611
                EAC_tti: 0.6621
               EAC_ttcg: 0.6901
               EAC_ttig: 0.1388
                 EAC_ty: 0
                  EAC_u: 1
              EAC_utili: -65.7681
              EAC_utilj: -216.0058
                 EAC_vj: 2.3800
                  EAC_w: 1.0279
               EAC_wcst: 0
               EAC_whty: 0.5013
                 EAC_wi: 1.1525
            EAC_witilde: 1.1525
                 EAC_wj: 0.8410
            EAC_wjtilde: 0.8410
               EAC_wnty: 0.4900
                 EAC_wy: 0.4964
                  EAC_y: 3.9551
               EAC_ygap: 0
            EAC_ygrowth: 1
           EAC_ygrowth4: 1
               EAC_yhty: 0.5658
               EAC_ynty: 0.4342
             EAC_yshare: 0.0127
                EAC_ysn: 1.5046
                EAC_yst: 2.4505
               EAC_zcon: 1
               EAC_zinv: 1
                 EAC_zn: 1
                 EAC_zt: 1
            EAC_gammav1: 0.0287
            EAC_gammav2: 0.1503
               EAC_nutc: 0.1580
               EAC_nuti: 0.3358
              EAC_nutcg: 0.7230
              EAC_nutig: 0.6681
               EAC_psit: 0.0476
          EACEAA_rerbar: 1.0997
          EACEAB_rerbar: 1.0121
          EACEAD_rerbar: 1.1622
          EACEAE_rerbar: 0.9538
          EACEAF_rerbar: 0.9973
          EACEAG_rerbar: 0.9886
          EACEAH_rerbar: 0.9864
          EACEAI_rerbar: 1.0499
          EACEAJ_rerbar: 1.0698
          EACEAK_rerbar: 1.0852
          EACEAL_rerbar: 1.0627
           EACRW_rerbar: 0.6547
           EACUS_rerbar: 0.6272
              EAC_pibar: 0.9180
            EAC_psinbar: 0.4213
            EAC_psitbar: 0.1166
              EAC_pybar: 0.9876
               EAC_qbar: 0.9180
             EAC_trybar: 0.0736
               EAC_ybar: 3.9551
              EAC_ynbar: 1.5046
              EAC_ytbar: 2.4505
            EADEAA_excy: 0.0023
            EADEAB_excy: 0.0015
            EADEAC_excy: 0.0030
            EADEAE_excy: 0.0012
            EADEAF_excy: 0.0166
            EADEAG_excy: 0.0020
            EADEAH_excy: 0.0022
            EADEAI_excy: 0.0096
            EADEAJ_excy: 0.0034
            EADEAK_excy: 0.0177
            EADEAL_excy: 0.0118
             EADRW_excy: 0.0469
             EADUS_excy: 0.0123
            EADEAA_exiy: 9.7130e-04
            EADEAB_exiy: 8.1632e-04
            EADEAC_exiy: 0.0013
            EADEAE_exiy: 4.8021e-04
            EADEAF_exiy: 0.0057
            EADEAG_exiy: 4.3911e-04
            EADEAH_exiy: 8.7356e-04
            EADEAI_exiy: 0.0028
            EADEAJ_exiy: 0.0014
            EADEAK_exiy: 0.0050
            EADEAL_exiy: 0.0046
             EADRW_exiy: 0.0287
             EADUS_exiy: 0.0055
                 EAD_fx: 3.0085
        EADEAA_gammaimc: 0
        EADEAB_gammaimc: 0
        EADEAC_gammaimc: 0
        EADEAE_gammaimc: 0
        EADEAF_gammaimc: 0
        EADEAG_gammaimc: 0
        EADEAH_gammaimc: 0
        EADEAI_gammaimc: 0
        EADEAJ_gammaimc: 0
        EADEAK_gammaimc: 0
        EADEAL_gammaimc: 0
         EADRW_gammaimc: 0
         EADUS_gammaimc: 0
     EADEAA_gammaimcdag: 1
     EADEAB_gammaimcdag: 1
     EADEAC_gammaimcdag: 1
     EADEAE_gammaimcdag: 1
     EADEAF_gammaimcdag: 1
     EADEAG_gammaimcdag: 1
     EADEAH_gammaimcdag: 1
     EADEAI_gammaimcdag: 1
     EADEAJ_gammaimcdag: 1
     EADEAK_gammaimcdag: 1
     EADEAL_gammaimcdag: 1
      EADRW_gammaimcdag: 1
      EADUS_gammaimcdag: 1
        EADEAA_gammaimi: 0
        EADEAB_gammaimi: 0
        EADEAC_gammaimi: 0
        EADEAE_gammaimi: 0
        EADEAF_gammaimi: 0
        EADEAG_gammaimi: 0
        EADEAH_gammaimi: 0
        EADEAI_gammaimi: 0
        EADEAJ_gammaimi: 0
        EADEAK_gammaimi: 0
        EADEAL_gammaimi: 0
         EADRW_gammaimi: 0
         EADUS_gammaimi: 0
     EADEAA_gammaimidag: 1
     EADEAB_gammaimidag: 1
     EADEAC_gammaimidag: 1
     EADEAE_gammaimidag: 1
     EADEAF_gammaimidag: 1
     EADEAG_gammaimidag: 1
     EADEAH_gammaimidag: 1
     EADEAI_gammaimidag: 1
     EADEAJ_gammaimidag: 1
     EADEAK_gammaimidag: 1
     EADEAL_gammaimidag: 1
      EADRW_gammaimidag: 1
      EADUS_gammaimidag: 1
       EADEAA_gammaimcg: 0
       EADEAB_gammaimcg: 0
       EADEAC_gammaimcg: 0
       EADEAE_gammaimcg: 0
       EADEAF_gammaimcg: 0
       EADEAG_gammaimcg: 0
       EADEAH_gammaimcg: 0
       EADEAI_gammaimcg: 0
       EADEAJ_gammaimcg: 0
       EADEAK_gammaimcg: 0
       EADEAL_gammaimcg: 0
        EADRW_gammaimcg: 0
        EADUS_gammaimcg: 0
    EADEAA_gammaimcgdag: 1
    EADEAB_gammaimcgdag: 1
    EADEAC_gammaimcgdag: 1
    EADEAE_gammaimcgdag: 1
    EADEAF_gammaimcgdag: 1
    EADEAG_gammaimcgdag: 1
    EADEAH_gammaimcgdag: 1
    EADEAI_gammaimcgdag: 1
    EADEAJ_gammaimcgdag: 1
    EADEAK_gammaimcgdag: 1
    EADEAL_gammaimcgdag: 1
     EADRW_gammaimcgdag: 1
     EADUS_gammaimcgdag: 1
       EADEAA_gammaimig: 0
       EADEAB_gammaimig: 0
       EADEAC_gammaimig: 0
       EADEAE_gammaimig: 0
       EADEAF_gammaimig: 0
       EADEAG_gammaimig: 0
       EADEAH_gammaimig: 0
       EADEAI_gammaimig: 0
       EADEAJ_gammaimig: 0
       EADEAK_gammaimig: 0
       EADEAL_gammaimig: 0
        EADRW_gammaimig: 0
        EADUS_gammaimig: 0
    EADEAA_gammaimigdag: 1
    EADEAB_gammaimigdag: 1
    EADEAC_gammaimigdag: 1
    EADEAE_gammaimigdag: 1
    EADEAF_gammaimigdag: 1
    EADEAG_gammaimigdag: 1
    EADEAH_gammaimigdag: 1
    EADEAI_gammaimigdag: 1
    EADEAJ_gammaimigdag: 1
    EADEAK_gammaimigdag: 1
    EADEAL_gammaimigdag: 1
     EADRW_gammaimigdag: 1
     EADUS_gammaimigdag: 1
                 EAD_gx: 3.6102
              EADEAA_im: 0.0216
              EADEAB_im: 0.0184
              EADEAC_im: 0.0303
              EADEAE_im: 0.0167
              EADEAF_im: 0.1274
              EADEAG_im: 0.0141
              EADEAH_im: 0.0354
              EADEAI_im: 0.0717
              EADEAJ_im: 0.0365
              EADEAK_im: 0.0454
              EADEAL_im: 0.1130
               EADRW_im: 0.8050
               EADUS_im: 0.1095
             EADEAA_imc: 0.0115
             EADEAB_imc: 0.0088
             EADEAC_imc: 0.0162
             EADEAE_imc: 0.0077
             EADEAF_imc: 0.0770
             EADEAG_imc: 0.0074
             EADEAH_imc: 0.0167
             EADEAI_imc: 0.0398
             EADEAJ_imc: 0.0210
             EADEAK_imc: 0.0289
             EADEAL_imc: 0.0570
              EADRW_imc: 0.5350
              EADUS_imc: 0.0638
            EADEAB_imcy: 0.0017
             EADEAA_imi: 0.0062
             EADEAB_imi: 0.0061
             EADEAC_imi: 0.0080
             EADEAE_imi: 0.0055
             EADEAF_imi: 0.0335
             EADEAG_imi: 0.0039
             EADEAH_imi: 0.0106
             EADEAI_imi: 0.0221
             EADEAJ_imi: 0.0097
             EADEAK_imi: 0.0106
             EADEAL_imi: 0.0397
              EADRW_imi: 0.1703
              EADUS_imi: 0.0216
            EADEAB_imiy: 0.0012
            EADEAA_imcg: 0.0031
            EADEAB_imcg: 0.0028
            EADEAC_imcg: 0.0051
            EADEAE_imcg: 0.0028
            EADEAF_imcg: 0.0131
            EADEAG_imcg: 0.0024
            EADEAH_imcg: 0.0069
            EADEAI_imcg: 0.0074
            EADEAJ_imcg: 0.0047
            EADEAK_imcg: 0.0047
            EADEAL_imcg: 0.0118
             EADRW_imcg: 0.0808
             EADUS_imcg: 0.0216
           EADEAB_imcgy: 5.3027e-04
            EADEAA_imig: 7.2560e-04
            EADEAB_imig: 7.1166e-04
            EADEAC_imig: 9.2669e-04
            EADEAE_imig: 6.4781e-04
            EADEAF_imig: 0.0038
            EADEAG_imig: 4.7093e-04
            EADEAH_imig: 0.0012
            EADEAI_imig: 0.0025
            EADEAJ_imig: 0.0011
            EADEAK_imig: 0.0012
            EADEAL_imig: 0.0045
             EADRW_imig: 0.0190
             EADUS_imig: 0.0024
           EADEAB_imigy: 1.3443e-04
               EAD_piex: 1.0050
           EAD_pextilde: 0.9535
             EADEAA_rer: 0.9462
             EADEAB_rer: 0.8708
             EADEAC_rer: 0.8604
             EADEAE_rer: 0.8206
             EADEAF_rer: 0.8581
             EADEAG_rer: 0.8506
             EADEAH_rer: 0.8487
             EADEAI_rer: 0.9033
             EADEAJ_rer: 0.9205
             EADEAK_rer: 0.9337
             EADEAL_rer: 0.9144
              EADRW_rer: 0.5633
              EADUS_rer: 0.5396
                 EAD_sx: 1.0000
             EADEAA_tot: 0.9998
             EADEAB_tot: 0.8294
             EADEAC_tot: 0.8138
             EADEAE_tot: 0.7846
             EADEAF_tot: 0.8168
             EADEAG_tot: 0.8356
             EADEAH_tot: 0.8241
             EADEAI_tot: 0.8760
             EADEAJ_tot: 0.9261
             EADEAK_tot: 0.8937
             EADEAL_tot: 0.9072
              EADRW_tot: 0.5491
              EADUS_tot: 0.5297
          EADEAA_weight: 0.0203
          EADEAB_weight: 0.0146
          EADEAC_weight: 0.0242
          EADEAE_weight: 0.0115
          EADEAF_weight: 0.1062
          EADEAG_weight: 0.0123
          EADEAH_weight: 0.0233
          EADEAI_weight: 0.0630
          EADEAJ_weight: 0.0309
          EADEAK_weight: 0.0697
          EADEAL_weight: 0.0957
           EADRW_weight: 0.4405
           EADUS_weight: 0.0877
        EADEAA_weightex: 0.0182
        EADEAB_weightex: 0.0132
        EADEAC_weightex: 0.0228
        EADEAE_weightex: 0.0094
        EADEAF_weightex: 0.1039
        EADEAG_weightex: 0.0124
        EADEAH_weightex: 0.0162
        EADEAI_weightex: 0.0606
        EADEAJ_weightex: 0.0266
        EADEAK_weightex: 0.0968
        EADEAL_weightex: 0.0847
         EADRW_weightex: 0.4205
         EADUS_weightex: 0.1148
        EADEAA_weightim: 0.0225
        EADEAB_weightim: 0.0159
        EADEAC_weightim: 0.0257
        EADEAE_weightim: 0.0136
        EADEAF_weightim: 0.1085
        EADEAG_weightim: 0.0123
        EADEAH_weightim: 0.0304
        EADEAI_weightim: 0.0655
        EADEAJ_weightim: 0.0353
        EADEAK_weightim: 0.0423
        EADEAL_weightim: 0.1068
         EADRW_weightim: 0.4607
         EADUS_weightim: 0.0605
                  EAD_b: 10.0474
                 EAD_bf: -1.1695
                 EAD_by: 2.4000
                  EAD_c: 2.3364
                 EAD_ci: 2.7254
                 EAD_cj: 1.1695
                 EAD_cy: 0.5581
                  EAD_d: 0.5674
                 EAD_dn: 0.2731
                 EAD_dt: 0.2943
               EAD_etot: 0.6795
                 EAD_ex: 0.9675
                 EAD_fh: 13.4623
                 EAD_fi: 38.9834
                 EAD_fj: 1.4438
                 EAD_fn: 14.3063
                 EAD_cg: 0.8677
             EAD_gammab: 0
             EAD_gammai: 0
          EAD_gammaider: 0
             EAD_gammau: 0
          EAD_gammauder: 0.0324
             EAD_gammav: 2.3602e-04
            EAD_gammavi: 1.0102e-04
         EAD_gammavider: 0.0022
            EAD_gammavj: 1.0102e-04
         EAD_gammavjder: 0.0022
                 EAD_gh: 16.1548
                 EAD_gi: 6.5871
                 EAD_gj: 5.1170
                 EAD_gn: 21.4594
                EAD_cgy: 0.2000
                 EAD_ht: 1.4702
                EAD_htc: 0.3988
                EAD_hti: 0.3907
               EAD_htcg: 0.5713
               EAD_htig: 0.1094
                  EAD_i: 0.8906
                 EAD_ig: 0.1743
                 EAD_ii: 1.1874
                 EAD_im: 1.3513
                EAD_imc: 0.8332
                EAD_imi: 0.3252
               EAD_imcg: 0.1561
               EAD_imig: 0.0366
                EAD_imy: 0.2185
        EAD_internalrer: 1.5118
                EAD_igy: 0.0400
                  EAD_k: 35.6223
                 EAD_kd: 35.6223
                EAD_kdn: 15.6409
                EAD_kdt: 19.9814
                 EAD_ki: 47.4964
            EAD_lambdai: 1.0293
            EAD_lambdaj: 2.3987
                EAD_lcy: 0.6051
                  EAD_m: 0.9817
                EAD_mcn: 0.7946
                EAD_mct: 0.7946
                 EAD_mi: 1.1451
                 EAD_mj: 0.4914
                 EAD_nd: 1.8864
                EAD_ndi: 0.8620
                EAD_ndj: 1.1242
                EAD_ndn: 0.8283
                EAD_ndt: 1.0581
                 EAD_ni: 0.8620
                 EAD_nj: 1.1242
                 EAD_nt: 1.5624
                EAD_ntc: 1.1772
                EAD_nti: 0.1977
               EAD_ntcg: 0.1562
               EAD_ntig: 0.0313
                EAD_pex: 0.9535
                EAD_pht: 0.9535
           EAD_phttilde: 0.9535
                 EAD_pi: 0.9402
                EAD_pcg: 0.9649
                EAD_pig: 0.9609
                EAD_pic: 1.0050
               EAD_pic4: 1.0200
              EAD_piex4: 1.0200
               EAD_piht: 1.0050
              EAD_piimc: 1.0050
              EAD_piimi: 1.0050
             EAD_piimcg: 1.0050
             EAD_piimig: 1.0050
             EAD_piimc4: 1.0200
                EAD_pim: 0.6770
               EAD_pimc: 0.6642
               EAD_pimi: 0.7043
              EAD_pimcg: 0.6816
              EAD_pimig: 0.7056
               EAD_pint: 1.0050
                EAD_piw: 1.0050
               EAD_piw4: 1.0200
                EAD_pnt: 1.1918
           EAD_pnttilde: 1.1918
               EAD_pttc: 0.7884
               EAD_ptti: 0.8629
              EAD_pttcg: 0.9119
              EAD_pttig: 0.9070
                 EAD_py: 1.0466
                  EAD_q: 0.9402
                 EAD_qc: 2.3366
                 EAD_qi: 0.8906
                EAD_qcg: 0.8677
                EAD_qig: 0.1743
                  EAD_r: 1.0124
               EAD_reer: 0.6974
                EAD_rer: 0.5396
             EAD_rerdep: 1
                 EAD_rk: 0.0305
                 EAD_rp: 0
                 EAD_rr: 1.0074
             EAD_rrstar: 1.0074
                 EAD_sh: 1.0000
                 EAD_si: 1
                 EAD_sj: 1.0000
                EAD_snt: 1.0000
                  EAD_t: 0
               EAD_tauc: 0.1830
               EAD_taud: 0
               EAD_tauk: 0
               EAD_taun: 0.1220
              EAD_tauwf: 0.2190
              EAD_tauwh: 0.1180
                 EAD_tb: 0.0077
                EAD_tby: 0.0018
                 EAD_ti: 0
                 EAD_tj: 0
                EAD_tot: 0.5297
                 EAD_tr: 0.3079
                EAD_tri: 0.2053
                EAD_trj: 0.6159
                EAD_try: 0.0736
                EAD_ttc: 1.1842
                EAD_tti: 0.6972
               EAD_ttcg: 0.7141
               EAD_ttig: 0.1435
                 EAD_ty: 0
                  EAD_u: 1
              EAD_utili: -56.3523
              EAD_utilj: -206.5900
                 EAD_vj: 2.3800
                  EAD_w: 1.1017
               EAD_wcst: 0
               EAD_whty: 0.5015
                 EAD_wi: 1.2352
            EAD_witilde: 1.2352
                 EAD_wj: 0.9014
            EAD_wjtilde: 0.9014
               EAD_wnty: 0.4900
                 EAD_wy: 0.4964
                  EAD_y: 4.0001
               EAD_ygap: 0
            EAD_ygrowth: 1
           EAD_ygrowth4: 1
               EAD_yhty: 0.5552
               EAD_ynty: 0.4448
             EAD_yshare: 0.0303
                EAD_ysn: 1.5624
                EAD_yst: 2.4377
               EAD_zcon: 1
               EAD_zinv: 1
                 EAD_zn: 1
                 EAD_zt: 1
            EAD_gammav1: 0.0287
            EAD_gammav2: 0.1503
               EAD_nutc: 0.5417
               EAD_nuti: 0.7193
              EAD_nutcg: 0.8944
              EAD_nutig: 0.8637
               EAD_psit: 0.0480
          EADEAA_rerbar: 0.9462
          EADEAB_rerbar: 0.8708
          EADEAC_rerbar: 0.8604
          EADEAE_rerbar: 0.8206
          EADEAF_rerbar: 0.8581
          EADEAG_rerbar: 0.8506
          EADEAH_rerbar: 0.8487
          EADEAI_rerbar: 0.9033
          EADEAJ_rerbar: 0.9205
          EADEAK_rerbar: 0.9337
          EADEAL_rerbar: 0.9144
           EADRW_rerbar: 0.5633
           EADUS_rerbar: 0.5396
              EAD_pibar: 0.9402
            EAD_psinbar: 0.4375
            EAD_psitbar: 0.1171
              EAD_pybar: 1.0466
               EAD_qbar: 0.9402
             EAD_trybar: 0.0736
               EAD_ybar: 4.0001
              EAD_ynbar: 1.5624
              EAD_ytbar: 2.4377
            EAEEAA_excy: 0.0056
            EAEEAB_excy: 0.0019
            EAEEAC_excy: 0.0024
            EAEEAD_excy: 0.0048
            EAEEAF_excy: 0.0069
            EAEEAG_excy: 0.0015
            EAEEAH_excy: 0.0018
            EAEEAI_excy: 0.0055
            EAEEAJ_excy: 0.0039
            EAEEAK_excy: 0.0014
            EAEEAL_excy: 0.0124
             EAERW_excy: 0.0713
             EAEUS_excy: 0.0120
            EAEEAA_exiy: 0.0033
            EAEEAB_exiy: 0.0015
            EAEEAC_exiy: 0.0016
            EAEEAD_exiy: 0.0034
            EAEEAF_exiy: 0.0047
            EAEEAG_exiy: 8.0614e-04
            EAEEAH_exiy: 0.0018
            EAEEAI_exiy: 0.0036
            EAEEAJ_exiy: 0.0028
            EAEEAK_exiy: 9.4815e-04
            EAEEAL_exiy: 0.0079
             EAERW_exiy: 0.0506
             EAEUS_exiy: 0.0068
                 EAE_fx: 3.6151
        EAEEAA_gammaimc: 0
        EAEEAB_gammaimc: 0
        EAEEAC_gammaimc: 0
        EAEEAD_gammaimc: 0
        EAEEAF_gammaimc: 0
        EAEEAG_gammaimc: 0
        EAEEAH_gammaimc: 0
        EAEEAI_gammaimc: 0
        EAEEAJ_gammaimc: 0
        EAEEAK_gammaimc: 0
        EAEEAL_gammaimc: 0
         EAERW_gammaimc: 0
         EAEUS_gammaimc: 0
     EAEEAA_gammaimcdag: 1
     EAEEAB_gammaimcdag: 1
     EAEEAC_gammaimcdag: 1
     EAEEAD_gammaimcdag: 1
     EAEEAF_gammaimcdag: 1
     EAEEAG_gammaimcdag: 1
     EAEEAH_gammaimcdag: 1
     EAEEAI_gammaimcdag: 1
     EAEEAJ_gammaimcdag: 1
     EAEEAK_gammaimcdag: 1
     EAEEAL_gammaimcdag: 1
      EAERW_gammaimcdag: 1
      EAEUS_gammaimcdag: 1
        EAEEAA_gammaimi: 0
        EAEEAB_gammaimi: 0
        EAEEAC_gammaimi: 0
        EAEEAD_gammaimi: 0
        EAEEAF_gammaimi: 0
        EAEEAG_gammaimi: 0
        EAEEAH_gammaimi: 0
        EAEEAI_gammaimi: 0
        EAEEAJ_gammaimi: 0
        EAEEAK_gammaimi: 0
        EAEEAL_gammaimi: 0
         EAERW_gammaimi: 0
         EAEUS_gammaimi: 0
     EAEEAA_gammaimidag: 1
     EAEEAB_gammaimidag: 1
     EAEEAC_gammaimidag: 1
     EAEEAD_gammaimidag: 1
     EAEEAF_gammaimidag: 1
     EAEEAG_gammaimidag: 1
     EAEEAH_gammaimidag: 1
     EAEEAI_gammaimidag: 1
     EAEEAJ_gammaimidag: 1
     EAEEAK_gammaimidag: 1
     EAEEAL_gammaimidag: 1
      EAERW_gammaimidag: 1
      EAEUS_gammaimidag: 1
       EAEEAA_gammaimcg: 0
       EAEEAB_gammaimcg: 0
       EAEEAC_gammaimcg: 0
       EAEEAD_gammaimcg: 0
       EAEEAF_gammaimcg: 0
       EAEEAG_gammaimcg: 0
       EAEEAH_gammaimcg: 0
       EAEEAI_gammaimcg: 0
       EAEEAJ_gammaimcg: 0
       EAEEAK_gammaimcg: 0
       EAEEAL_gammaimcg: 0
        EAERW_gammaimcg: 0
        EAEUS_gammaimcg: 0
    EAEEAA_gammaimcgdag: 1
    EAEEAB_gammaimcgdag: 1
    EAEEAC_gammaimcgdag: 1
    EAEEAD_gammaimcgdag: 1
    EAEEAF_gammaimcgdag: 1
    EAEEAG_gammaimcgdag: 1
    EAEEAH_gammaimcgdag: 1
    EAEEAI_gammaimcgdag: 1
    EAEEAJ_gammaimcgdag: 1
    EAEEAK_gammaimcgdag: 1
    EAEEAL_gammaimcgdag: 1
     EAERW_gammaimcgdag: 1
     EAEUS_gammaimcgdag: 1
       EAEEAA_gammaimig: 0
       EAEEAB_gammaimig: 0
       EAEEAC_gammaimig: 0
       EAEEAD_gammaimig: 0
       EAEEAF_gammaimig: 0
       EAEEAG_gammaimig: 0
       EAEEAH_gammaimig: 0
       EAEEAI_gammaimig: 0
       EAEEAJ_gammaimig: 0
       EAEEAK_gammaimig: 0
       EAEEAL_gammaimig: 0
        EAERW_gammaimig: 0
        EAEUS_gammaimig: 0
    EAEEAA_gammaimigdag: 1
    EAEEAB_gammaimigdag: 1
    EAEEAC_gammaimigdag: 1
    EAEEAD_gammaimigdag: 1
    EAEEAF_gammaimigdag: 1
    EAEEAG_gammaimigdag: 1
    EAEEAH_gammaimigdag: 1
    EAEEAI_gammaimigdag: 1
    EAEEAJ_gammaimigdag: 1
    EAEEAK_gammaimigdag: 1
    EAEEAL_gammaimigdag: 1
     EAERW_gammaimigdag: 1
     EAEUS_gammaimigdag: 1
                 EAE_gx: 4.3381
              EAEEAA_im: 0.0509
              EAEEAB_im: 0.0191
              EAEEAC_im: 0.0294
              EAEEAD_im: 0.0233
              EAEEAF_im: 0.0435
              EAEEAG_im: 0.0112
              EAEEAH_im: 0.0358
              EAEEAI_im: 0.0341
              EAEEAJ_im: 0.0443
              EAEEAK_im: 0.0123
              EAEEAL_im: 0.1174
               EAERW_im: 0.9307
               EAEUS_im: 0.1133
             EAEEAA_imc: 0.0296
             EAEEAB_imc: 0.0089
             EAEEAC_imc: 0.0149
             EAEEAD_imc: 0.0140
             EAEEAF_imc: 0.0236
             EAEEAG_imc: 0.0060
             EAEEAH_imc: 0.0161
             EAEEAI_imc: 0.0169
             EAEEAJ_imc: 0.0253
             EAEEAK_imc: 0.0064
             EAEEAL_imc: 0.0586
              EAERW_imc: 0.5331
              EAEUS_imc: 0.0564
            EAEEAC_imcy: 0.0036
             EAEEAA_imi: 0.0135
             EAEEAB_imi: 0.0063
             EAEEAC_imi: 0.0085
             EAEEAD_imi: 0.0056
             EAEEAF_imi: 0.0122
             EAEEAG_imi: 0.0029
             EAEEAH_imi: 0.0112
             EAEEAI_imi: 0.0115
             EAEEAJ_imi: 0.0111
             EAEEAK_imi: 0.0034
             EAEEAL_imi: 0.0400
              EAERW_imi: 0.2416
              EAEUS_imi: 0.0333
            EAEEAC_imiy: 0.0020
            EAEEAA_imcg: 0.0063
            EAEEAB_imcg: 0.0031
            EAEEAC_imcg: 0.0051
            EAEEAD_imcg: 0.0031
            EAEEAF_imcg: 0.0062
            EAEEAG_imcg: 0.0018
            EAEEAH_imcg: 0.0073
            EAEEAI_imcg: 0.0044
            EAEEAJ_imcg: 0.0066
            EAEEAK_imcg: 0.0020
            EAEEAL_imcg: 0.0142
             EAERW_imcg: 0.1291
             EAEUS_imcg: 0.0198
           EAEEAC_imcgy: 0.0012
            EAEEAA_imig: 0.0015
            EAEEAB_imig: 7.3386e-04
            EAEEAC_imig: 9.7769e-04
            EAEEAD_imig: 6.4985e-04
            EAEEAF_imig: 0.0014
            EAEEAG_imig: 3.5665e-04
            EAEEAH_imig: 0.0013
            EAEEAI_imig: 0.0013
            EAEEAJ_imig: 0.0013
            EAEEAK_imig: 4.1150e-04
            EAEEAL_imig: 0.0045
             EAERW_imig: 0.0269
             EAEUS_imig: 0.0037
           EAEEAC_imigy: 2.3429e-04
               EAE_piex: 1.0050
           EAE_pextilde: 0.9116
             EAEEAA_rer: 1.1530
             EAEEAB_rer: 1.0612
             EAEEAC_rer: 1.0485
             EAEEAD_rer: 1.2186
             EAEEAF_rer: 1.0456
             EAEEAG_rer: 1.0365
             EAEEAH_rer: 1.0342
             EAEEAI_rer: 1.1007
             EAEEAJ_rer: 1.1216
             EAEEAK_rer: 1.1378
             EAEEAL_rer: 1.1142
              EAERW_rer: 0.6864
              EAEUS_rer: 0.6576
                 EAE_sx: 1.0000
             EAEEAA_tot: 1.2743
             EAEEAB_tot: 1.0571
             EAEEAC_tot: 1.0372
             EAEEAD_tot: 1.2745
             EAEEAF_tot: 1.0411
             EAEEAG_tot: 1.0650
             EAEEAH_tot: 1.0503
             EAEEAI_tot: 1.1165
             EAEEAJ_tot: 1.1803
             EAEEAK_tot: 1.1391
             EAEEAL_tot: 1.1562
              EAERW_tot: 0.6998
              EAEUS_tot: 0.6751
          EAEEAA_weight: 0.0433
          EAEEAB_weight: 0.0159
          EAEEAC_weight: 0.0214
          EAEEAD_weight: 0.0304
          EAEEAF_weight: 0.0446
          EAEEAG_weight: 0.0100
          EAEEAH_weight: 0.0233
          EAEEAI_weight: 0.0361
          EAEEAJ_weight: 0.0361
          EAEEAK_weight: 0.0111
          EAEEAL_weight: 0.0987
           EAERW_weight: 0.5344
           EAEUS_weight: 0.0946
        EAEEAA_weightex: 0.0330
        EAEEAB_weightex: 0.0151
        EAEEAC_weightex: 0.0175
        EAEEAD_weightex: 0.0362
        EAEEAF_weightex: 0.0516
        EAEEAG_weightex: 0.0102
        EAEEAH_weightex: 0.0154
        EAEEAI_weightex: 0.0407
        EAEEAJ_weightex: 0.0290
        EAEEAK_weightex: 0.0106
        EAEEAL_weightex: 0.0851
         EAERW_weightex: 0.5296
         EAEUS_weightex: 0.1258
        EAEEAA_weightim: 0.0537
        EAEEAB_weightim: 0.0167
        EAEEAC_weightim: 0.0253
        EAEEAD_weightim: 0.0246
        EAEEAF_weightim: 0.0375
        EAEEAG_weightim: 0.0099
        EAEEAH_weightim: 0.0311
        EAEEAI_weightim: 0.0315
        EAEEAJ_weightim: 0.0433
        EAEEAK_weightim: 0.0116
        EAEEAL_weightim: 0.1124
         EAERW_weightim: 0.5392
         EAEUS_weightim: 0.0633
                  EAE_b: 9.4695
                 EAE_bf: -0.9045
                 EAE_by: 2.4000
                  EAE_c: 2.2020
                 EAE_ci: 2.5686
                 EAE_cj: 1.1022
                 EAE_cy: 0.5581
                  EAE_d: 0.5348
                 EAE_dn: 0.2524
                 EAE_dt: 0.2825
               EAE_etot: 0.8361
                 EAE_ex: 1.2160
                 EAE_fh: 10.7227
                 EAE_fi: 18.0591
                 EAE_fj: 0.6689
                 EAE_fn: 13.2190
                 EAE_cg: 0.8452
             EAE_gammab: 0
             EAE_gammai: 0
          EAE_gammaider: 0
             EAE_gammau: 0
          EAE_gammauder: 0.0324
             EAE_gammav: 2.2244e-04
            EAE_gammavi: 1.0102e-04
         EAE_gammavider: 0.0022
            EAE_gammavj: 1.0102e-04
         EAE_gammavjder: 0.0022
                 EAE_gh: 12.8673
                 EAE_gi: 5.4079
                 EAE_gj: 4.2010
                 EAE_gn: 19.8286
                EAE_cgy: 0.2000
                 EAE_ht: 1.2248
                EAE_htc: 0.3341
                EAE_hti: 0.2909
               EAE_htcg: 0.5026
               EAE_htig: 0.0973
                  EAE_i: 0.8490
                 EAE_ig: 0.1687
                 EAE_ii: 1.1321
                 EAE_im: 1.3582
                EAE_imc: 0.7507
                EAE_imi: 0.3717
               EAE_imcg: 0.1942
               EAE_imig: 0.0417
                EAE_imy: 0.2791
        EAE_internalrer: 1.3535
                EAE_igy: 0.0400
                  EAE_k: 33.9615
                 EAE_kd: 33.9615
                EAE_kdn: 14.6193
                EAE_kdt: 19.3422
                 EAE_ki: 45.2820
            EAE_lambdai: 1.0921
            EAE_lambdaj: 2.5451
                EAE_lcy: 0.6051
                  EAE_m: 0.9252
                EAE_mcn: 0.7597
                EAE_mct: 0.7597
                 EAE_mi: 1.0793
                 EAE_mj: 0.4631
                 EAE_nd: 1.8864
                EAE_ndi: 0.8620
                EAE_ndj: 1.1242
                EAE_ndn: 0.8120
                EAE_ndt: 1.0743
                 EAE_ni: 0.8620
                 EAE_nj: 1.1242
                 EAE_nt: 1.5100
                EAE_ntc: 1.1347
                EAE_nti: 0.1917
               EAE_ntcg: 0.1530
               EAE_ntig: 0.0306
                EAE_pex: 0.9116
                EAE_pht: 0.9116
           EAE_phttilde: 0.9116
                 EAE_pi: 0.9294
                EAE_pcg: 0.9337
                EAE_pig: 0.9354
                EAE_pic: 1.0050
               EAE_pic4: 1.0200
              EAE_piex4: 1.0200
               EAE_piht: 1.0050
              EAE_piimc: 1.0050
              EAE_piimi: 1.0050
             EAE_piimcg: 1.0050
             EAE_piimig: 1.0050
             EAE_piimc4: 1.0200
                EAE_pim: 0.8108
               EAE_pimc: 0.8056
               EAE_pimi: 0.8219
              EAE_pimcg: 0.8066
              EAE_pimig: 0.8237
               EAE_pint: 1.0050
                EAE_piw: 1.0050
               EAE_piw4: 1.0200
                EAE_pnt: 1.1395
           EAE_pnttilde: 1.1395
               EAE_pttc: 0.8419
               EAE_ptti: 0.8642
              EAE_pttcg: 0.8854
              EAE_pttig: 0.8875
                 EAE_py: 0.9987
                  EAE_q: 0.9294
                 EAE_qc: 2.2022
                 EAE_qi: 0.8490
                EAE_qcg: 0.8452
                EAE_qig: 0.1687
                  EAE_r: 1.0124
               EAE_reer: 0.8157
                EAE_rer: 0.6576
             EAE_rerdep: 1
                 EAE_rk: 0.0301
                 EAE_rp: 0
                 EAE_rr: 1.0074
             EAE_rrstar: 1.0074
                 EAE_sh: 1.0000
                 EAE_si: 1
                 EAE_sj: 1.0000
                EAE_snt: 1.0000
                  EAE_t: 0
               EAE_tauc: 0.1830
               EAE_taud: 0
               EAE_tauk: 0
               EAE_taun: 0.1220
              EAE_tauwf: 0.2190
              EAE_tauwh: 0.1180
                 EAE_tb: 0.0073
                EAE_tby: 0.0018
                 EAE_ti: 0
                 EAE_tj: 0
                EAE_tot: 0.6751
                 EAE_tr: 0.2902
                EAE_tri: 0.1935
                EAE_trj: 0.5804
                EAE_try: 0.0736
                EAE_ttc: 1.0801
                EAE_tti: 0.6604
               EAE_ttcg: 0.6943
               EAE_ttig: 0.1386
                 EAE_ty: 0
                  EAE_u: 1
              EAE_utili: -64.3981
              EAE_utilj: -214.6358
                 EAE_vj: 2.3800
                  EAE_w: 1.0383
               EAE_wcst: 0
               EAE_whty: 0.5013
                 EAE_wi: 1.1642
            EAE_witilde: 1.1642
                 EAE_wj: 0.8496
            EAE_wjtilde: 0.8496
               EAE_wnty: 0.4900
                 EAE_wy: 0.4964
                  EAE_y: 3.9507
               EAE_ygap: 0
            EAE_ygrowth: 1
           EAE_ygrowth4: 1
               EAE_yhty: 0.5639
               EAE_ynty: 0.4361
             EAE_yshare: 0.0088
                EAE_ysn: 1.5100
                EAE_yst: 2.4408
               EAE_zcon: 1
               EAE_zinv: 1
                 EAE_zn: 1
                 EAE_zt: 1
            EAE_gammav1: 0.0287
            EAE_gammav2: 0.1503
               EAE_nutc: 0.3774
               EAE_nuti: 0.5035
              EAE_nutcg: 0.7785
              EAE_nutig: 0.7504
               EAE_psit: 0.0477
          EAEEAA_rerbar: 1.1530
          EAEEAB_rerbar: 1.0612
          EAEEAC_rerbar: 1.0485
          EAEEAD_rerbar: 1.2186
          EAEEAF_rerbar: 1.0456
          EAEEAG_rerbar: 1.0365
          EAEEAH_rerbar: 1.0342
          EAEEAI_rerbar: 1.1007
          EAEEAJ_rerbar: 1.1216
          EAEEAK_rerbar: 1.1378
          EAEEAL_rerbar: 1.1142
           EAERW_rerbar: 0.6864
           EAEUS_rerbar: 0.6576
              EAE_pibar: 0.9294
            EAE_psinbar: 0.4228
            EAE_psitbar: 0.1163
              EAE_pybar: 0.9987
               EAE_qbar: 0.9294
             EAE_trybar: 0.0736
               EAE_ybar: 3.9507
              EAE_ynbar: 1.5100
              EAE_ytbar: 2.4408
            EAFEAA_excy: 0.0039
            EAFEAB_excy: 0.0015
            EAFEAC_excy: 0.0100
            EAFEAD_excy: 0.0101
            EAFEAE_excy: 0.0012
            EAFEAG_excy: 0.0019
            EAFEAH_excy: 0.0024
            EAFEAI_excy: 0.0110
            EAFEAJ_excy: 0.0046
            EAFEAK_excy: 0.0034
            EAFEAL_excy: 0.0136
             EAFRW_excy: 0.0558
             EAFUS_excy: 0.0164
            EAFEAA_exiy: 0.0017
            EAFEAB_exiy: 8.1146e-04
            EAFEAC_exiy: 0.0038
            EAFEAD_exiy: 0.0044
            EAFEAE_exiy: 6.0184e-04
            EAFEAG_exiy: 6.4584e-04
            EAFEAH_exiy: 0.0036
            EAFEAI_exiy: 0.0035
            EAFEAJ_exiy: 0.0017
            EAFEAK_exiy: 0.0011
            EAFEAL_exiy: 0.0067
             EAFRW_exiy: 0.0324
             EAFUS_exiy: 0.0069
                 EAF_fx: 3.0154
        EAFEAA_gammaimc: 0
        EAFEAB_gammaimc: 0
        EAFEAC_gammaimc: 0
        EAFEAD_gammaimc: 0
        EAFEAE_gammaimc: 0
        EAFEAG_gammaimc: 0
        EAFEAH_gammaimc: 0
        EAFEAI_gammaimc: 0
        EAFEAJ_gammaimc: 0
        EAFEAK_gammaimc: 0
        EAFEAL_gammaimc: 0
         EAFRW_gammaimc: 0
         EAFUS_gammaimc: 0
     EAFEAA_gammaimcdag: 1
     EAFEAB_gammaimcdag: 1
     EAFEAC_gammaimcdag: 1
     EAFEAD_gammaimcdag: 1
     EAFEAE_gammaimcdag: 1
     EAFEAG_gammaimcdag: 1
     EAFEAH_gammaimcdag: 1
     EAFEAI_gammaimcdag: 1
     EAFEAJ_gammaimcdag: 1
     EAFEAK_gammaimcdag: 1
     EAFEAL_gammaimcdag: 1
      EAFRW_gammaimcdag: 1
      EAFUS_gammaimcdag: 1
        EAFEAA_gammaimi: 0
        EAFEAB_gammaimi: 0
        EAFEAC_gammaimi: 0
        EAFEAD_gammaimi: 0
        EAFEAE_gammaimi: 0
        EAFEAG_gammaimi: 0
        EAFEAH_gammaimi: 0
        EAFEAI_gammaimi: 0
        EAFEAJ_gammaimi: 0
        EAFEAK_gammaimi: 0
        EAFEAL_gammaimi: 0
         EAFRW_gammaimi: 0
         EAFUS_gammaimi: 0
     EAFEAA_gammaimidag: 1
     EAFEAB_gammaimidag: 1
     EAFEAC_gammaimidag: 1
     EAFEAD_gammaimidag: 1
     EAFEAE_gammaimidag: 1
     EAFEAG_gammaimidag: 1
     EAFEAH_gammaimidag: 1
     EAFEAI_gammaimidag: 1
     EAFEAJ_gammaimidag: 1
     EAFEAK_gammaimidag: 1
     EAFEAL_gammaimidag: 1
      EAFRW_gammaimidag: 1
      EAFUS_gammaimidag: 1
       EAFEAA_gammaimcg: 0
       EAFEAB_gammaimcg: 0
       EAFEAC_gammaimcg: 0
       EAFEAD_gammaimcg: 0
       EAFEAE_gammaimcg: 0
       EAFEAG_gammaimcg: 0
       EAFEAH_gammaimcg: 0
       EAFEAI_gammaimcg: 0
       EAFEAJ_gammaimcg: 0
       EAFEAK_gammaimcg: 0
       EAFEAL_gammaimcg: 0
        EAFRW_gammaimcg: 0
        EAFUS_gammaimcg: 0
    EAFEAA_gammaimcgdag: 1
    EAFEAB_gammaimcgdag: 1
    EAFEAC_gammaimcgdag: 1
    EAFEAD_gammaimcgdag: 1
    EAFEAE_gammaimcgdag: 1
    EAFEAG_gammaimcgdag: 1
    EAFEAH_gammaimcgdag: 1
    EAFEAI_gammaimcgdag: 1
    EAFEAJ_gammaimcgdag: 1
    EAFEAK_gammaimcgdag: 1
    EAFEAL_gammaimcgdag: 1
     EAFRW_gammaimcgdag: 1
     EAFUS_gammaimcgdag: 1
       EAFEAA_gammaimig: 0
       EAFEAB_gammaimig: 0
       EAFEAC_gammaimig: 0
       EAFEAD_gammaimig: 0
       EAFEAE_gammaimig: 0
       EAFEAG_gammaimig: 0
       EAFEAH_gammaimig: 0
       EAFEAI_gammaimig: 0
       EAFEAJ_gammaimig: 0
       EAFEAK_gammaimig: 0
       EAFEAL_gammaimig: 0
        EAFRW_gammaimig: 0
        EAFUS_gammaimig: 0
    EAFEAA_gammaimigdag: 1
    EAFEAB_gammaimigdag: 1
    EAFEAC_gammaimigdag: 1
    EAFEAD_gammaimigdag: 1
    EAFEAE_gammaimigdag: 1
    EAFEAG_gammaimigdag: 1
    EAFEAH_gammaimigdag: 1
    EAFEAI_gammaimigdag: 1
    EAFEAJ_gammaimigdag: 1
    EAFEAK_gammaimigdag: 1
    EAFEAL_gammaimigdag: 1
     EAFRW_gammaimigdag: 1
     EAFUS_gammaimigdag: 1
                 EAF_gx: 3.6184
              EAFEAA_im: 0.0241
              EAFEAB_im: 0.0176
              EAFEAC_im: 0.0569
              EAFEAD_im: 0.0623
              EAFEAE_im: 0.0134
              EAFEAG_im: 0.0114
              EAFEAH_im: 0.0287
              EAFEAI_im: 0.0694
              EAFEAJ_im: 0.0372
              EAFEAK_im: 0.0185
              EAFEAL_im: 0.1205
               EAFRW_im: 0.6494
               EAFUS_im: 0.1076
             EAFEAA_imc: 0.0143
             EAFEAB_imc: 0.0089
             EAFEAC_imc: 0.0336
             EAFEAD_imc: 0.0411
             EAFEAE_imc: 0.0063
             EAFEAG_imc: 0.0061
             EAFEAH_imc: 0.0140
             EAFEAI_imc: 0.0425
             EAFEAJ_imc: 0.0229
             EAFEAK_imc: 0.0111
             EAFEAL_imc: 0.0676
              EAFRW_imc: 0.4268
              EAFUS_imc: 0.0584
            EAFEAD_imcy: 0.0117
             EAFEAA_imi: 0.0064
             EAFEAB_imi: 0.0054
             EAFEAC_imi: 0.0145
             EAFEAD_imi: 0.0141
             EAFEAE_imi: 0.0043
             EAFEAG_imi: 0.0030
             EAFEAH_imi: 0.0084
             EAFEAI_imi: 0.0183
             EAFEAJ_imi: 0.0088
             EAFEAK_imi: 0.0046
             EAFEAL_imi: 0.0367
              EAFRW_imi: 0.1415
              EAFUS_imi: 0.0289
            EAFEAD_imiy: 0.0040
            EAFEAA_imcg: 0.0027
            EAFEAB_imcg: 0.0027
            EAFEAC_imcg: 0.0070
            EAFEAD_imcg: 0.0056
            EAFEAE_imcg: 0.0022
            EAFEAG_imcg: 0.0019
            EAFEAH_imcg: 0.0054
            EAFEAI_imcg: 0.0066
            EAFEAJ_imcg: 0.0045
            EAFEAK_imcg: 0.0023
            EAFEAL_imcg: 0.0121
             EAFRW_imcg: 0.0653
             EAFUS_imcg: 0.0170
           EAFEAD_imcgy: 0.0016
            EAFEAA_imig: 7.3490e-04
            EAFEAB_imig: 6.2888e-04
            EAFEAC_imig: 0.0016
            EAFEAD_imig: 0.0016
            EAFEAE_imig: 5.1428e-04
            EAFEAG_imig: 3.6905e-04
            EAFEAH_imig: 9.6323e-04
            EAFEAI_imig: 0.0021
            EAFEAJ_imig: 0.0010
            EAFEAK_imig: 5.3958e-04
            EAFEAL_imig: 0.0041
             EAFRW_imig: 0.0158
             EAFUS_imig: 0.0032
           EAFEAD_imigy: 4.5269e-04
               EAF_piex: 1.0050
           EAF_pextilde: 0.9076
             EAFEAA_rer: 1.1026
             EAFEAB_rer: 1.0148
             EAFEAC_rer: 1.0027
             EAFEAD_rer: 1.1654
             EAFEAE_rer: 0.9563
             EAFEAG_rer: 0.9913
             EAFEAH_rer: 0.9890
             EAFEAI_rer: 1.0527
             EAFEAJ_rer: 1.0727
             EAFEAK_rer: 1.0882
             EAFEAL_rer: 1.0656
              EAFRW_rer: 0.6565
              EAFUS_rer: 0.6289
                 EAF_sx: 1.0000
             EAFEAA_tot: 1.2240
             EAFEAB_tot: 1.0153
             EAFEAC_tot: 0.9963
             EAFEAD_tot: 1.2242
             EAFEAE_tot: 0.9605
             EAFEAG_tot: 1.0230
             EAFEAH_tot: 1.0089
             EAFEAI_tot: 1.0725
             EAFEAJ_tot: 1.1338
             EAFEAK_tot: 1.0941
             EAFEAL_tot: 1.1106
              EAFRW_tot: 0.6722
              EAFUS_tot: 0.6485
          EAFEAA_weight: 0.0278
          EAFEAB_weight: 0.0151
          EAFEAC_weight: 0.0565
          EAFEAD_weight: 0.0706
          EAFEAE_weight: 0.0111
          EAFEAG_weight: 0.0120
          EAFEAH_weight: 0.0274
          EAFEAI_weight: 0.0693
          EAFEAJ_weight: 0.0370
          EAFEAK_weight: 0.0199
          EAFEAL_weight: 0.1137
           EAFRW_weight: 0.4399
           EAFUS_weight: 0.0997
        EAFEAA_weightex: 0.0263
        EAFEAB_weightex: 0.0126
        EAFEAC_weightex: 0.0570
        EAFEAD_weightex: 0.0657
        EAFEAE_weightex: 0.0095
        EAFEAG_weightex: 0.0126
        EAFEAH_weightex: 0.0262
        EAFEAI_weightex: 0.0649
        EAFEAJ_weightex: 0.0324
        EAFEAK_weightex: 0.0198
        EAFEAL_weightex: 0.0951
         EAFRW_weightex: 0.4478
         EAFUS_weightex: 0.1301
        EAFEAA_weightim: 0.0292
        EAFEAB_weightim: 0.0177
        EAFEAC_weightim: 0.0560
        EAFEAD_weightim: 0.0755
        EAFEAE_weightim: 0.0127
        EAFEAG_weightim: 0.0115
        EAFEAH_weightim: 0.0286
        EAFEAI_weightim: 0.0737
        EAFEAJ_weightim: 0.0417
        EAFEAK_weightim: 0.0201
        EAFEAL_weightim: 0.1324
         EAFRW_weightim: 0.4319
         EAFUS_weightim: 0.0690
                  EAF_b: 9.3709
                 EAF_bf: -0.9360
                 EAF_by: 2.4000
                  EAF_c: 2.1791
                 EAF_ci: 2.5419
                 EAF_cj: 1.0907
                 EAF_cy: 0.5581
                  EAF_d: 0.5292
                 EAF_dn: 0.2490
                 EAF_dt: 0.2803
               EAF_etot: 0.8397
                 EAF_ex: 1.0187
                 EAF_fh: 12.3169
                 EAF_fi: 15.7645
                 EAF_fj: 0.5839
                 EAF_fn: 13.0410
                 EAF_cg: 0.8321
             EAF_gammab: 0
             EAF_gammai: 0
          EAF_gammaider: 0
             EAF_gammau: 0
          EAF_gammauder: 0.0324
             EAF_gammav: 2.2013e-04
            EAF_gammavi: 1.0102e-04
         EAF_gammavider: 0.0022
            EAF_gammavj: 1.0102e-04
         EAF_gammavjder: 0.0022
                 EAF_gh: 14.7803
                 EAF_gi: 5.2227
                 EAF_gj: 4.0571
                 EAF_gn: 19.5615
                EAF_cgy: 0.2000
                 EAF_ht: 1.4131
                EAF_htc: 0.3742
                EAF_hti: 0.3740
               EAF_htcg: 0.5589
               EAF_htig: 0.1061
                  EAF_i: 0.8320
                 EAF_ig: 0.1664
                 EAF_ii: 1.1093
                 EAF_im: 1.1243
                EAF_imc: 0.6955
                EAF_imi: 0.2729
               EAF_imcg: 0.1252
               EAF_imig: 0.0307
                EAF_imy: 0.2349
        EAF_internalrer: 1.3393
                EAF_igy: 0.0400
                  EAF_k: 33.2790
                 EAF_kd: 33.2790
                EAF_kdn: 14.2812
                EAF_kdt: 18.9978
                 EAF_ki: 44.3720
            EAF_lambdai: 1.1036
            EAF_lambdaj: 2.5719
                EAF_lcy: 0.6051
                  EAF_m: 0.9156
                EAF_mcn: 0.7564
                EAF_mct: 0.7564
                 EAF_mi: 1.0680
                 EAF_mj: 0.4583
                 EAF_nd: 1.8864
                EAF_ndi: 0.8620
                EAF_ndj: 1.1242
                EAF_ndn: 0.8095
                EAF_ndt: 1.0769
                 EAF_ni: 0.8620
                 EAF_nj: 1.1242
                 EAF_nt: 1.4961
                EAF_ntc: 1.1253
                EAF_nti: 0.1892
               EAF_ntcg: 0.1514
               EAF_ntig: 0.0303
                EAF_pex: 0.9076
                EAF_pht: 0.9076
           EAF_phttilde: 0.9076
                 EAF_pi: 0.9386
                EAF_pcg: 0.9385
                EAF_pig: 0.9383
                EAF_pic: 1.0050
               EAF_pic4: 1.0200
              EAF_piex4: 1.0200
               EAF_piht: 1.0050
              EAF_piimc: 1.0050
              EAF_piimi: 1.0050
             EAF_piimcg: 1.0050
             EAF_piimig: 1.0050
             EAF_piimc4: 1.0200
                EAF_pim: 0.8160
               EAF_pimc: 0.8095
               EAF_pimi: 0.8313
              EAF_pimcg: 0.8143
              EAF_pimig: 0.8328
               EAF_pint: 1.0050
                EAF_piw: 1.0050
               EAF_piw4: 1.0200
                EAF_pnt: 1.1345
           EAF_pnttilde: 1.1345
               EAF_pttc: 0.8471
               EAF_ptti: 0.8774
              EAF_pttcg: 0.8923
              EAF_pttig: 0.8922
                 EAF_py: 0.9941
                  EAF_q: 0.9386
                 EAF_qc: 2.1793
                 EAF_qi: 0.8320
                EAF_qcg: 0.8321
                EAF_qig: 0.1664
                  EAF_r: 1.0124
               EAF_reer: 0.8160
                EAF_rer: 0.6289
             EAF_rerdep: 1
                 EAF_rk: 0.0304
                 EAF_rp: 0
                 EAF_rr: 1.0074
             EAF_rrstar: 1.0074
                 EAF_sh: 1.0000
                 EAF_si: 1
                 EAF_sj: 1.0000
                EAF_snt: 1.0000
                  EAF_t: 0
               EAF_tauc: 0.1830
               EAF_taud: 0
               EAF_tauk: 0
               EAF_taun: 0.1220
              EAF_tauwf: 0.2190
              EAF_tauwh: 0.1180
                 EAF_tb: 0.0072
                EAF_tby: 0.0018
                 EAF_ti: 0
                 EAF_tj: 0
                EAF_tot: 0.6485
                 EAF_tr: 0.2872
                EAF_tri: 0.1915
                EAF_trj: 0.5744
                EAF_try: 0.0736
                EAF_ttc: 1.0655
                EAF_tti: 0.6454
               EAF_ttcg: 0.6827
               EAF_ttig: 0.1366
                 EAF_ty: 0
                  EAF_u: 1
              EAF_utili: -65.8190
              EAF_utilj: -216.0567
                 EAF_vj: 2.3800
                  EAF_w: 1.0275
               EAF_wcst: 0
               EAF_whty: 0.5013
                 EAF_wi: 1.1521
            EAF_witilde: 1.1521
                 EAF_wj: 0.8407
            EAF_wjtilde: 0.8407
               EAF_wnty: 0.4900
                 EAF_wy: 0.4964
                  EAF_y: 3.9279
               EAF_ygap: 0
            EAF_ygrowth: 1
           EAF_ygrowth4: 1
               EAF_yhty: 0.5653
               EAF_ynty: 0.4347
             EAF_yshare: 0.0430
                EAF_ysn: 1.4961
                EAF_yst: 2.4318
               EAF_zcon: 1
               EAF_zinv: 1
                 EAF_zn: 1
                 EAF_zt: 1
            EAF_gammav1: 0.0287
            EAF_gammav2: 0.1503
               EAF_nutc: 0.4173
               EAF_nuti: 0.6306
              EAF_nutcg: 0.8541
              EAF_nutig: 0.8107
               EAF_psit: 0.0476
          EAFEAA_rerbar: 1.1026
          EAFEAB_rerbar: 1.0148
          EAFEAC_rerbar: 1.0027
          EAFEAD_rerbar: 1.1654
          EAFEAE_rerbar: 0.9563
          EAFEAG_rerbar: 0.9913
          EAFEAH_rerbar: 0.9890
          EAFEAI_rerbar: 1.0527
          EAFEAJ_rerbar: 1.0727
          EAFEAK_rerbar: 1.0882
          EAFEAL_rerbar: 1.0656
           EAFRW_rerbar: 0.6565
           EAFUS_rerbar: 0.6289
              EAF_pibar: 0.9386
            EAF_psinbar: 0.4189
            EAF_psitbar: 0.1158
              EAF_pybar: 0.9941
               EAF_qbar: 0.9386
             EAF_trybar: 0.0736
               EAF_ybar: 3.9279
              EAF_ynbar: 1.4961
              EAF_ytbar: 2.4318
            EAGEAA_excy: 0.0032
            EAGEAB_excy: 0.0022
            EAGEAC_excy: 0.0022
            EAGEAD_excy: 0.0047
            EAGEAE_excy: 0.0015
            EAGEAF_excy: 0.0069
            EAGEAH_excy: 0.0014
            EAGEAI_excy: 0.0085
            EAGEAJ_excy: 0.0033
            EAGEAK_excy: 0.0014
            EAGEAL_excy: 0.0124
             EAGRW_excy: 0.0680
             EAGUS_excy: 0.0111
            EAGEAA_exiy: 0.0013
            EAGEAB_exiy: 0.0010
            EAGEAC_exiy: 0.0011
            EAGEAD_exiy: 0.0025
            EAGEAE_exiy: 7.1395e-04
            EAGEAF_exiy: 0.0035
            EAGEAH_exiy: 8.9355e-04
            EAGEAI_exiy: 0.0034
            EAGEAJ_exiy: 0.0016
            EAGEAK_exiy: 7.7456e-04
            EAGEAL_exiy: 0.0052
             EAGRW_exiy: 0.0487
             EAGUS_exiy: 0.0064
                 EAG_fx: 3.4131
        EAGEAA_gammaimc: 0
        EAGEAB_gammaimc: 0
        EAGEAC_gammaimc: 0
        EAGEAD_gammaimc: 0
        EAGEAE_gammaimc: 0
        EAGEAF_gammaimc: 0
        EAGEAH_gammaimc: 0
        EAGEAI_gammaimc: 0
        EAGEAJ_gammaimc: 0
        EAGEAK_gammaimc: 0
        EAGEAL_gammaimc: 0
         EAGRW_gammaimc: 0
         EAGUS_gammaimc: 0
     EAGEAA_gammaimcdag: 1
     EAGEAB_gammaimcdag: 1
     EAGEAC_gammaimcdag: 1
     EAGEAD_gammaimcdag: 1
     EAGEAE_gammaimcdag: 1
     EAGEAF_gammaimcdag: 1
     EAGEAH_gammaimcdag: 1
     EAGEAI_gammaimcdag: 1
     EAGEAJ_gammaimcdag: 1
     EAGEAK_gammaimcdag: 1
     EAGEAL_gammaimcdag: 1
      EAGRW_gammaimcdag: 1
      EAGUS_gammaimcdag: 1
        EAGEAA_gammaimi: 0
        EAGEAB_gammaimi: 0
        EAGEAC_gammaimi: 0
        EAGEAD_gammaimi: 0
        EAGEAE_gammaimi: 0
        EAGEAF_gammaimi: 0
        EAGEAH_gammaimi: 0
        EAGEAI_gammaimi: 0
        EAGEAJ_gammaimi: 0
        EAGEAK_gammaimi: 0
        EAGEAL_gammaimi: 0
         EAGRW_gammaimi: 0
         EAGUS_gammaimi: 0
     EAGEAA_gammaimidag: 1
     EAGEAB_gammaimidag: 1
     EAGEAC_gammaimidag: 1
     EAGEAD_gammaimidag: 1
     EAGEAE_gammaimidag: 1
     EAGEAF_gammaimidag: 1
     EAGEAH_gammaimidag: 1
     EAGEAI_gammaimidag: 1
     EAGEAJ_gammaimidag: 1
     EAGEAK_gammaimidag: 1
     EAGEAL_gammaimidag: 1
      EAGRW_gammaimidag: 1
      EAGUS_gammaimidag: 1
       EAGEAA_gammaimcg: 0
       EAGEAB_gammaimcg: 0
       EAGEAC_gammaimcg: 0
       EAGEAD_gammaimcg: 0
       EAGEAE_gammaimcg: 0
       EAGEAF_gammaimcg: 0
       EAGEAH_gammaimcg: 0
       EAGEAI_gammaimcg: 0
       EAGEAJ_gammaimcg: 0
       EAGEAK_gammaimcg: 0
       EAGEAL_gammaimcg: 0
        EAGRW_gammaimcg: 0
        EAGUS_gammaimcg: 0
    EAGEAA_gammaimcgdag: 1
    EAGEAB_gammaimcgdag: 1
    EAGEAC_gammaimcgdag: 1
    EAGEAD_gammaimcgdag: 1
    EAGEAE_gammaimcgdag: 1
    EAGEAF_gammaimcgdag: 1
    EAGEAH_gammaimcgdag: 1
    EAGEAI_gammaimcgdag: 1
    EAGEAJ_gammaimcgdag: 1
    EAGEAK_gammaimcgdag: 1
    EAGEAL_gammaimcgdag: 1
     EAGRW_gammaimcgdag: 1
     EAGUS_gammaimcgdag: 1
       EAGEAA_gammaimig: 0
       EAGEAB_gammaimig: 0
       EAGEAC_gammaimig: 0
       EAGEAD_gammaimig: 0
       EAGEAE_gammaimig: 0
       EAGEAF_gammaimig: 0
       EAGEAH_gammaimig: 0
       EAGEAI_gammaimig: 0
       EAGEAJ_gammaimig: 0
       EAGEAK_gammaimig: 0
       EAGEAL_gammaimig: 0
        EAGRW_gammaimig: 0
        EAGUS_gammaimig: 0
    EAGEAA_gammaimigdag: 1
    EAGEAB_gammaimigdag: 1
    EAGEAC_gammaimigdag: 1
    EAGEAD_gammaimigdag: 1
    EAGEAE_gammaimigdag: 1
    EAGEAF_gammaimigdag: 1
    EAGEAH_gammaimigdag: 1
    EAGEAI_gammaimigdag: 1
    EAGEAJ_gammaimigdag: 1
    EAGEAK_gammaimigdag: 1
    EAGEAL_gammaimigdag: 1
     EAGRW_gammaimigdag: 1
     EAGUS_gammaimigdag: 1
                 EAG_gx: 4.0957
              EAGEAA_im: 0.0172
              EAGEAB_im: 0.0214
              EAGEAC_im: 0.0317
              EAGEAD_im: 0.0344
              EAGEAE_im: 0.0128
              EAGEAF_im: 0.0648
              EAGEAH_im: 0.0214
              EAGEAI_im: 0.0930
              EAGEAJ_im: 0.0394
              EAGEAK_im: 0.0118
              EAGEAL_im: 0.1009
               EAGRW_im: 0.8872
               EAGUS_im: 0.0832
             EAGEAA_imc: 0.0103
             EAGEAB_imc: 0.0125
             EAGEAC_imc: 0.0196
             EAGEAD_imc: 0.0241
             EAGEAE_imc: 0.0066
             EAGEAF_imc: 0.0408
             EAGEAH_imc: 0.0115
             EAGEAI_imc: 0.0605
             EAGEAJ_imc: 0.0274
             EAGEAK_imc: 0.0065
             EAGEAL_imc: 0.0672
              EAGRW_imc: 0.6620
              EAGUS_imc: 0.0568
            EAGEAE_imcy: 0.0014
             EAGEAA_imi: 0.0039
             EAGEAB_imi: 0.0054
             EAGEAC_imi: 0.0057
             EAGEAD_imi: 0.0054
             EAGEAE_imi: 0.0036
             EAGEAF_imi: 0.0137
             EAGEAH_imi: 0.0042
             EAGEAI_imi: 0.0211
             EAGEAJ_imi: 0.0070
             EAGEAK_imi: 0.0030
             EAGEAL_imi: 0.0182
              EAGRW_imi: 0.1234
              EAGUS_imi: 0.0159
            EAGEAE_imiy: 7.9347e-04
            EAGEAA_imcg: 0.0025
            EAGEAB_imcg: 0.0029
            EAGEAC_imcg: 0.0058
            EAGEAD_imcg: 0.0043
            EAGEAE_imcg: 0.0021
            EAGEAF_imcg: 0.0088
            EAGEAH_imcg: 0.0052
            EAGEAI_imcg: 0.0091
            EAGEAJ_imcg: 0.0042
            EAGEAK_imcg: 0.0019
            EAGEAL_imcg: 0.0134
             EAGRW_imcg: 0.0880
             EAGUS_imcg: 0.0087
           EAGEAE_imcgy: 4.5934e-04
            EAGEAA_imig: 4.5711e-04
            EAGEAB_imig: 6.3612e-04
            EAGEAC_imig: 6.6893e-04
            EAGEAD_imig: 6.2165e-04
            EAGEAE_imig: 4.4547e-04
            EAGEAF_imig: 0.0016
            EAGEAH_imig: 4.9343e-04
            EAGEAI_imig: 0.0024
            EAGEAJ_imig: 8.0187e-04
            EAGEAK_imig: 3.6853e-04
            EAGEAL_imig: 0.0021
             EAGRW_imig: 0.0138
             EAGUS_imig: 0.0018
           EAGEAE_imigy: 9.7095e-05
               EAG_piex: 1.0050
           EAG_pextilde: 0.9367
             EAGEAA_rer: 1.1123
             EAGEAB_rer: 1.0238
             EAGEAC_rer: 1.0115
             EAGEAD_rer: 1.1756
             EAGEAE_rer: 0.9648
             EAGEAF_rer: 1.0088
             EAGEAH_rer: 0.9977
             EAGEAI_rer: 1.0619
             EAGEAJ_rer: 1.0821
             EAGEAK_rer: 1.0977
             EAGEAL_rer: 1.0749
              EAGRW_rer: 0.6622
              EAGUS_rer: 0.6344
                 EAG_sx: 1.0000
             EAGEAA_tot: 1.1965
             EAGEAB_tot: 0.9925
             EAGEAC_tot: 0.9739
             EAGEAD_tot: 1.1967
             EAGEAE_tot: 0.9389
             EAGEAF_tot: 0.9775
             EAGEAH_tot: 0.9862
             EAGEAI_tot: 1.0483
             EAGEAJ_tot: 1.1083
             EAGEAK_tot: 1.0695
             EAGEAL_tot: 1.0856
              EAGRW_tot: 0.6571
              EAGUS_tot: 0.6339
          EAGEAA_weight: 0.0196
          EAGEAB_weight: 0.0170
          EAGEAC_weight: 0.0218
          EAGEAD_weight: 0.0360
          EAGEAE_weight: 0.0107
          EAGEAF_weight: 0.0535
          EAGEAH_weight: 0.0154
          EAGEAI_weight: 0.0700
          EAGEAJ_weight: 0.0315
          EAGEAK_weight: 0.0111
          EAGEAL_weight: 0.0894
           EAGRW_weight: 0.5357
           EAGUS_weight: 0.0882
        EAGEAA_weightex: 0.0207
        EAGEAB_weightex: 0.0149
        EAGEAC_weightex: 0.0159
        EAGEAD_weightex: 0.0349
        EAGEAE_weightex: 0.0105
        EAGEAF_weightex: 0.0499
        EAGEAH_weightex: 0.0119
        EAGEAI_weightex: 0.0523
        EAGEAJ_weightex: 0.0236
        EAGEAK_weightex: 0.0108
        EAGEAL_weightex: 0.0801
         EAGRW_weightex: 0.5458
         EAGUS_weightex: 0.1286
        EAGEAA_weightim: 0.0185
        EAGEAB_weightim: 0.0191
        EAGEAC_weightim: 0.0278
        EAGEAD_weightim: 0.0371
        EAGEAE_weightim: 0.0109
        EAGEAF_weightim: 0.0571
        EAGEAH_weightim: 0.0190
        EAGEAI_weightim: 0.0879
        EAGEAJ_weightim: 0.0394
        EAGEAK_weightim: 0.0114
        EAGEAL_weightim: 0.0987
         EAGRW_weightim: 0.5255
         EAGUS_weightim: 0.0475
                  EAG_b: 9.6840
                 EAG_bf: -0.9588
                 EAG_by: 2.4000
                  EAG_c: 2.2519
                 EAG_ci: 2.6268
                 EAG_cj: 1.1272
                 EAG_cy: 0.5581
                  EAG_d: 0.5469
                 EAG_dn: 0.2605
                 EAG_dt: 0.2864
               EAG_etot: 0.7840
                 EAG_ex: 1.1173
                 EAG_fh: 11.6439
                 EAG_fi: 24.1588
                 EAG_fj: 0.8948
                 EAG_fn: 13.6447
                 EAG_cg: 0.8383
             EAG_gammab: 0
             EAG_gammai: 0
          EAG_gammaider: 0
             EAG_gammau: 0
          EAG_gammauder: 0.0324
             EAG_gammav: 2.2748e-04
            EAG_gammavi: 1.0102e-04
         EAG_gammavider: 0.0022
            EAG_gammavj: 1.0102e-04
         EAG_gammavjder: 0.0022
                 EAG_gh: 13.9726
                 EAG_gi: 5.8267
                 EAG_gj: 4.5263
                 EAG_gn: 20.4671
                EAG_cgy: 0.2000
                 EAG_ht: 1.2944
                EAG_htc: 0.1986
                EAG_hti: 0.4375
               EAG_htcg: 0.5451
               EAG_htig: 0.1132
                  EAG_i: 0.8357
                 EAG_ig: 0.1670
                 EAG_ii: 1.1143
                 EAG_im: 1.3207
                EAG_imc: 0.9362
                EAG_imi: 0.2143
               EAG_imcg: 0.1459
               EAG_imig: 0.0242
                EAG_imy: 0.2575
        EAG_internalrer: 1.4464
                EAG_igy: 0.0400
                  EAG_k: 33.4295
                 EAG_kd: 33.4295
                EAG_kdn: 14.5247
                EAG_kdt: 18.9049
                 EAG_ki: 44.5727
            EAG_lambdai: 1.0679
            EAG_lambdaj: 2.4888
                EAG_lcy: 0.6051
                  EAG_m: 0.9462
                EAG_mcn: 0.7806
                EAG_mct: 0.7806
                 EAG_mi: 1.1037
                 EAG_mj: 0.4736
                 EAG_nd: 1.8864
                EAG_ndi: 0.8620
                EAG_ndj: 1.1242
                EAG_ndn: 0.8196
                EAG_ndt: 1.0668
                 EAG_ni: 0.8620
                 EAG_nj: 1.1242
                 EAG_nt: 1.5169
                EAG_ntc: 1.1447
                EAG_nti: 0.1897
               EAG_ntcg: 0.1520
               EAG_ntig: 0.0303
                EAG_pex: 0.9367
                EAG_pht: 0.9367
           EAG_phttilde: 0.9367
                 EAG_pi: 0.9656
                EAG_pcg: 0.9627
                EAG_pig: 0.9667
                EAG_pic: 1.0050
               EAG_pic4: 1.0200
              EAG_piex4: 1.0200
               EAG_piht: 1.0050
              EAG_piimc: 1.0050
              EAG_piimi: 1.0050
             EAG_piimcg: 1.0050
             EAG_piimig: 1.0050
             EAG_piimc4: 1.0200
                EAG_pim: 0.7868
               EAG_pimc: 0.7753
               EAG_pimi: 0.8166
              EAG_pimcg: 0.8116
              EAG_pimig: 0.8192
               EAG_pint: 1.0050
                EAG_piw: 1.0050
               EAG_piw4: 1.0200
                EAG_pnt: 1.1708
           EAG_pnttilde: 1.1708
               EAG_pttc: 0.8095
               EAG_ptti: 0.9016
              EAG_pttcg: 0.9138
              EAG_pttig: 0.9187
                 EAG_py: 1.0271
                  EAG_q: 0.9656
                 EAG_qc: 2.2521
                 EAG_qi: 0.8357
                EAG_qcg: 0.8383
                EAG_qig: 0.1670
                  EAG_r: 1.0124
               EAG_reer: 0.7881
                EAG_rer: 0.6344
             EAG_rerdep: 1
                 EAG_rk: 0.0313
                 EAG_rp: 0
                 EAG_rr: 1.0074
             EAG_rrstar: 1.0074
                 EAG_sh: 1.0000
                 EAG_si: 1
                 EAG_sj: 1.0000
                EAG_snt: 1.0000
                  EAG_t: 0
               EAG_tauc: 0.1830
               EAG_taud: 0
               EAG_tauk: 0
               EAG_taun: 0.1220
              EAG_tauwf: 0.2190
              EAG_tauwh: 0.1180
                 EAG_tb: 0.0075
                EAG_tby: 0.0018
                 EAG_ti: 0
                 EAG_tj: 0
                EAG_tot: 0.6339
                 EAG_tr: 0.2968
                EAG_tri: 0.1979
                EAG_trj: 0.5936
                EAG_try: 0.0736
                EAG_ttc: 1.1264
                EAG_tti: 0.6487
               EAG_ttcg: 0.6883
               EAG_ttig: 0.1370
                 EAG_ty: 0
                  EAG_u: 1
              EAG_utili: -61.3554
              EAG_utilj: -211.5931
                 EAG_vj: 2.3800
                  EAG_w: 1.0618
               EAG_wcst: 0
               EAG_whty: 0.5014
                 EAG_wi: 1.1905
            EAG_witilde: 1.1905
                 EAG_wj: 0.8688
            EAG_wjtilde: 0.8688
               EAG_wnty: 0.4900
                 EAG_wy: 0.4964
                  EAG_y: 3.9286
               EAG_ygap: 0
            EAG_ygrowth: 1
           EAG_ygrowth4: 1
               EAG_yhty: 0.5599
               EAG_ynty: 0.4401
             EAG_yshare: 0.0089
                EAG_ysn: 1.5169
                EAG_yst: 2.4117
               EAG_zcon: 1
               EAG_zinv: 1
                 EAG_zn: 1
                 EAG_zt: 1
            EAG_gammav1: 0.0287
            EAG_gammav2: 0.1503
               EAG_nutc: 0.2540
               EAG_nuti: 0.7420
              EAG_nutcg: 0.8424
              EAG_nutig: 0.8673
               EAG_psit: 0.0478
          EAGEAA_rerbar: 1.1123
          EAGEAB_rerbar: 1.0238
          EAGEAC_rerbar: 1.0115
          EAGEAD_rerbar: 1.1756
          EAGEAE_rerbar: 0.9648
          EAGEAF_rerbar: 1.0088
          EAGEAH_rerbar: 0.9977
          EAGEAI_rerbar: 1.0619
          EAGEAJ_rerbar: 1.0821
          EAGEAK_rerbar: 1.0977
          EAGEAL_rerbar: 1.0749
           EAGRW_rerbar: 0.6622
           EAGUS_rerbar: 0.6344
              EAG_pibar: 0.9656
            EAG_psinbar: 0.4247
            EAG_psitbar: 0.1154
              EAG_pybar: 1.0271
               EAG_qbar: 0.9656
             EAG_trybar: 0.0736
               EAG_ybar: 3.9286
              EAG_ynbar: 1.5169
              EAG_ytbar: 2.4117
            EAHEAA_excy: 0.0040
            EAHEAB_excy: 0.0024
            EAHEAC_excy: 0.0064
            EAHEAD_excy: 0.0089
            EAHEAE_excy: 0.0032
            EAHEAF_excy: 0.0132
            EAHEAG_excy: 0.0022
            EAHEAI_excy: 0.0147
            EAHEAJ_excy: 0.0090
            EAHEAK_excy: 0.0033
            EAHEAL_excy: 0.0213
             EAHRW_excy: 0.0634
             EAHUS_excy: 0.0115
            EAHEAA_exiy: 0.0024
            EAHEAB_exiy: 0.0020
            EAHEAC_exiy: 0.0029
            EAHEAD_exiy: 0.0056
            EAHEAE_exiy: 0.0022
            EAHEAF_exiy: 0.0079
            EAHEAG_exiy: 7.9620e-04
            EAHEAI_exiy: 0.0070
            EAHEAJ_exiy: 0.0061
            EAHEAK_exiy: 0.0015
            EAHEAL_exiy: 0.0129
             EAHRW_exiy: 0.0442
             EAHUS_exiy: 0.0062
                 EAH_fx: 4.6295
        EAHEAA_gammaimc: 0
        EAHEAB_gammaimc: 0
        EAHEAC_gammaimc: 0
        EAHEAD_gammaimc: 0
        EAHEAE_gammaimc: 0
        EAHEAF_gammaimc: 0
        EAHEAG_gammaimc: 0
        EAHEAI_gammaimc: 0
        EAHEAJ_gammaimc: 0
        EAHEAK_gammaimc: 0
        EAHEAL_gammaimc: 0
         EAHRW_gammaimc: 0
         EAHUS_gammaimc: 0
     EAHEAA_gammaimcdag: 1
     EAHEAB_gammaimcdag: 1
     EAHEAC_gammaimcdag: 1
     EAHEAD_gammaimcdag: 1
     EAHEAE_gammaimcdag: 1
     EAHEAF_gammaimcdag: 1
     EAHEAG_gammaimcdag: 1
     EAHEAI_gammaimcdag: 1
     EAHEAJ_gammaimcdag: 1
     EAHEAK_gammaimcdag: 1
     EAHEAL_gammaimcdag: 1
      EAHRW_gammaimcdag: 1
      EAHUS_gammaimcdag: 1
        EAHEAA_gammaimi: 0
        EAHEAB_gammaimi: 0
        EAHEAC_gammaimi: 0
        EAHEAD_gammaimi: 0
        EAHEAE_gammaimi: 0
        EAHEAF_gammaimi: 0
        EAHEAG_gammaimi: 0
        EAHEAI_gammaimi: 0
        EAHEAJ_gammaimi: 0
        EAHEAK_gammaimi: 0
        EAHEAL_gammaimi: 0
         EAHRW_gammaimi: 0
         EAHUS_gammaimi: 0
     EAHEAA_gammaimidag: 1
     EAHEAB_gammaimidag: 1
     EAHEAC_gammaimidag: 1
     EAHEAD_gammaimidag: 1
     EAHEAE_gammaimidag: 1
     EAHEAF_gammaimidag: 1
     EAHEAG_gammaimidag: 1
     EAHEAI_gammaimidag: 1
     EAHEAJ_gammaimidag: 1
     EAHEAK_gammaimidag: 1
     EAHEAL_gammaimidag: 1
      EAHRW_gammaimidag: 1
      EAHUS_gammaimidag: 1
       EAHEAA_gammaimcg: 0
       EAHEAB_gammaimcg: 0
       EAHEAC_gammaimcg: 0
       EAHEAD_gammaimcg: 0
       EAHEAE_gammaimcg: 0
       EAHEAF_gammaimcg: 0
       EAHEAG_gammaimcg: 0
       EAHEAI_gammaimcg: 0
       EAHEAJ_gammaimcg: 0
       EAHEAK_gammaimcg: 0
       EAHEAL_gammaimcg: 0
        EAHRW_gammaimcg: 0
        EAHUS_gammaimcg: 0
    EAHEAA_gammaimcgdag: 1
    EAHEAB_gammaimcgdag: 1
    EAHEAC_gammaimcgdag: 1
    EAHEAD_gammaimcgdag: 1
    EAHEAE_gammaimcgdag: 1
    EAHEAF_gammaimcgdag: 1
    EAHEAG_gammaimcgdag: 1
    EAHEAI_gammaimcgdag: 1
    EAHEAJ_gammaimcgdag: 1
    EAHEAK_gammaimcgdag: 1
    EAHEAL_gammaimcgdag: 1
     EAHRW_gammaimcgdag: 1
     EAHUS_gammaimcgdag: 1
       EAHEAA_gammaimig: 0
       EAHEAB_gammaimig: 0
       EAHEAC_gammaimig: 0
       EAHEAD_gammaimig: 0
       EAHEAE_gammaimig: 0
       EAHEAF_gammaimig: 0
       EAHEAG_gammaimig: 0
       EAHEAI_gammaimig: 0
       EAHEAJ_gammaimig: 0
       EAHEAK_gammaimig: 0
       EAHEAL_gammaimig: 0
        EAHRW_gammaimig: 0
        EAHUS_gammaimig: 0
    EAHEAA_gammaimigdag: 1
    EAHEAB_gammaimigdag: 1
    EAHEAC_gammaimigdag: 1
    EAHEAD_gammaimigdag: 1
    EAHEAE_gammaimigdag: 1
    EAHEAF_gammaimigdag: 1
    EAHEAG_gammaimigdag: 1
    EAHEAI_gammaimigdag: 1
    EAHEAJ_gammaimigdag: 1
    EAHEAK_gammaimigdag: 1
    EAHEAL_gammaimigdag: 1
     EAHRW_gammaimigdag: 1
     EAHUS_gammaimigdag: 1
                 EAH_gx: 5.5554
              EAHEAA_im: 0.0410
              EAHEAB_im: 0.0158
              EAHEAC_im: 0.0455
              EAHEAD_im: 0.0379
              EAHEAE_im: 0.0177
              EAHEAF_im: 0.1273
              EAHEAG_im: 0.0110
              EAHEAI_im: 0.0483
              EAHEAJ_im: 0.0644
              EAHEAK_im: 0.0162
              EAHEAL_im: 0.1003
               EAHRW_im: 0.8949
               EAHUS_im: 0.5698
             EAHEAA_imc: 0.0249
             EAHEAB_imc: 0.0073
             EAHEAC_imc: 0.0181
             EAHEAD_imc: 0.0232
             EAHEAE_imc: 0.0072
             EAHEAF_imc: 0.0446
             EAHEAG_imc: 0.0053
             EAHEAI_imc: 0.0232
             EAHEAJ_imc: 0.0303
             EAHEAK_imc: 0.0094
             EAHEAL_imc: 0.0408
              EAHRW_imc: 0.4505
              EAHUS_imc: 0.2095
            EAHEAF_imcy: 0.0098
             EAHEAA_imi: 0.0103
             EAHEAB_imi: 0.0056
             EAHEAC_imi: 0.0196
             EAHEAD_imi: 0.0093
             EAHEAE_imi: 0.0071
             EAHEAF_imi: 0.0671
             EAHEAG_imi: 0.0033
             EAHEAI_imi: 0.0175
             EAHEAJ_imi: 0.0236
             EAHEAK_imi: 0.0041
             EAHEAL_imi: 0.0452
              EAHRW_imi: 0.3320
              EAHUS_imi: 0.2804
            EAHEAF_imiy: 0.0147
            EAHEAA_imcg: 0.0046
            EAHEAB_imcg: 0.0023
            EAHEAC_imcg: 0.0056
            EAHEAD_imcg: 0.0044
            EAHEAE_imcg: 0.0025
            EAHEAF_imcg: 0.0081
            EAHEAG_imcg: 0.0019
            EAHEAI_imcg: 0.0056
            EAHEAJ_imcg: 0.0079
            EAHEAK_imcg: 0.0022
            EAHEAL_imcg: 0.0092
             EAHRW_imcg: 0.0755
             EAHUS_imcg: 0.0487
           EAHEAF_imcgy: 0.0018
            EAHEAA_imig: 0.0012
            EAHEAB_imig: 6.5523e-04
            EAHEAC_imig: 0.0022
            EAHEAD_imig: 0.0011
            EAHEAE_imig: 8.2135e-04
            EAHEAF_imig: 0.0075
            EAHEAG_imig: 4.0441e-04
            EAHEAI_imig: 0.0020
            EAHEAJ_imig: 0.0026
            EAHEAK_imig: 4.9116e-04
            EAHEAL_imig: 0.0051
             EAHRW_imig: 0.0369
             EAHUS_imig: 0.0312
           EAHEAF_imigy: 0.0016
               EAH_piex: 1.0050
           EAH_pextilde: 0.9259
             EAHEAA_rer: 1.1149
             EAHEAB_rer: 1.0261
             EAHEAC_rer: 1.0138
             EAHEAD_rer: 1.1783
             EAHEAE_rer: 0.9670
             EAHEAF_rer: 1.0111
             EAHEAG_rer: 1.0023
             EAHEAI_rer: 1.0644
             EAHEAJ_rer: 1.0846
             EAHEAK_rer: 1.1002
             EAHEAL_rer: 1.0774
              EAHRW_rer: 0.6638
              EAHUS_rer: 0.6358
                 EAH_sx: 1.0000
             EAHEAA_tot: 1.2132
             EAHEAB_tot: 1.0064
             EAHEAC_tot: 0.9875
             EAHEAD_tot: 1.2135
             EAHEAE_tot: 0.9521
             EAHEAF_tot: 0.9912
             EAHEAG_tot: 1.0140
             EAHEAI_tot: 1.0630
             EAHEAJ_tot: 1.1238
             EAHEAK_tot: 1.0845
             EAHEAL_tot: 1.1008
              EAHRW_tot: 0.6663
              EAHUS_tot: 0.6428
          EAHEAA_weight: 0.0279
          EAHEAB_weight: 0.0134
          EAHEAC_weight: 0.0312
          EAHEAD_weight: 0.0417
          EAHEAE_weight: 0.0150
          EAHEAF_weight: 0.0793
          EAHEAG_weight: 0.0096
          EAHEAI_weight: 0.0537
          EAHEAJ_weight: 0.0483
          EAHEAK_weight: 0.0144
          EAHEAL_weight: 0.0961
           EAHRW_weight: 0.4011
           EAHUS_weight: 0.1682
        EAHEAA_weightex: 0.0232
        EAHEAB_weightex: 0.0164
        EAHEAC_weightex: 0.0329
        EAHEAD_weightex: 0.0533
        EAHEAE_weightex: 0.0190
        EAHEAF_weightex: 0.0758
        EAHEAG_weightex: 0.0119
        EAHEAI_weightex: 0.0736
        EAHEAJ_weightex: 0.0493
        EAHEAK_weightex: 0.0172
        EAHEAL_weightex: 0.1197
         EAHRW_weightex: 0.4111
         EAHUS_weightex: 0.0966
        EAHEAA_weightim: 0.0326
        EAHEAB_weightim: 0.0105
        EAHEAC_weightim: 0.0295
        EAHEAD_weightim: 0.0301
        EAHEAE_weightim: 0.0110
        EAHEAF_weightim: 0.0827
        EAHEAG_weightim: 0.0073
        EAHEAI_weightim: 0.0337
        EAHEAJ_weightim: 0.0474
        EAHEAK_weightim: 0.0115
        EAHEAL_weightim: 0.0724
         EAHRW_weightim: 0.3910
         EAHUS_weightim: 0.2402
                  EAH_b: 10.0618
                 EAH_bf: -0.9939
                 EAH_by: 2.4000
                  EAH_c: 2.3398
                 EAH_ci: 2.7293
                 EAH_cj: 1.1711
                 EAH_cy: 0.5581
                  EAH_d: 0.5683
                 EAH_dn: 0.2717
                 EAH_dt: 0.2966
               EAH_etot: 0.8138
                 EAH_ex: 1.5332
                 EAH_fh: 8.8391
                 EAH_fi: 39.7192
                 EAH_fj: 1.4711
                 EAH_fn: 14.2325
                 EAH_cg: 0.8846
             EAH_gammab: 0
             EAH_gammai: 0
          EAH_gammaider: 0
             EAH_gammau: 0
          EAH_gammauder: 0.0324
             EAH_gammav: 2.3636e-04
            EAH_gammavi: 1.0102e-04
         EAH_gammavider: 0.0022
            EAH_gammavj: 1.0102e-04
         EAH_gammavjder: 0.0022
                 EAH_gh: 10.6070
                 EAH_gi: 6.6188
                 EAH_gj: 5.1416
                 EAH_gn: 21.3487
                EAH_cgy: 0.2000
                 EAH_ht: 0.9941
                EAH_htc: 0.3434
                EAH_hti: 0.0153
               EAH_htcg: 0.5653
               EAH_htig: 0.0701
                  EAH_i: 0.9870
                 EAH_ig: 0.1860
                 EAH_ii: 1.3160
                 EAH_im: 1.8490
                EAH_imc: 0.8282
                EAH_imi: 0.7696
               EAH_imcg: 0.1653
               EAH_imig: 0.0859
                EAH_imy: 0.3367
        EAH_internalrer: 1.4057
                EAH_igy: 0.0400
                  EAH_k: 39.4788
                 EAH_kd: 39.4788
                EAH_kdn: 17.2200
                EAH_kdt: 22.2588
                 EAH_ki: 52.6384
            EAH_lambdai: 1.0278
            EAH_lambdaj: 2.3953
                EAH_lcy: 0.6051
                  EAH_m: 0.9831
                EAH_mcn: 0.7715
                EAH_mct: 0.7715
                 EAH_mi: 1.1468
                 EAH_mj: 0.4921
                 EAH_nd: 1.8864
                EAH_ndi: 0.8620
                EAH_ndj: 1.1242
                EAH_ndn: 0.8228
                EAH_ndt: 1.0636
                 EAH_ni: 0.8620
                 EAH_nj: 1.1242
                 EAH_nt: 1.6007
                EAH_ntc: 1.1963
                EAH_nti: 0.2114
               EAH_ntcg: 0.1601
               EAH_ntig: 0.0328
                EAH_pex: 0.9259
                EAH_pht: 0.9259
           EAH_phttilde: 0.9259
                 EAH_pi: 0.8496
                EAH_pcg: 0.9479
                EAH_pig: 0.9014
                EAH_pic: 1.0050
               EAH_pic4: 1.0200
              EAH_piex4: 1.0200
               EAH_piht: 1.0050
              EAH_piimc: 1.0050
              EAH_piimi: 1.0050
             EAH_piimcg: 1.0050
             EAH_piimig: 1.0050
             EAH_piimc4: 1.0200
                EAH_pim: 0.7635
               EAH_pimc: 0.7698
               EAH_pimi: 0.7532
              EAH_pimcg: 0.7853
              EAH_pimig: 0.7544
               EAH_pint: 1.0050
                EAH_piw: 1.0050
               EAH_piw4: 1.0200
                EAH_pnt: 1.1573
           EAH_pnttilde: 1.1573
               EAH_pttc: 0.8233
               EAH_ptti: 0.7575
              EAH_pttcg: 0.8988
              EAH_pttig: 0.8424
                 EAH_py: 1.0156
                  EAH_q: 0.8496
                 EAH_qc: 2.3400
                 EAH_qi: 0.9870
                EAH_qcg: 0.8846
                EAH_qig: 0.1860
                  EAH_r: 1.0124
               EAH_reer: 0.8076
                EAH_rer: 0.6358
             EAH_rerdep: 1
                 EAH_rk: 0.0275
                 EAH_rp: 0
                 EAH_rr: 1.0074
             EAH_rrstar: 1.0074
                 EAH_sh: 1.0000
                 EAH_si: 1
                 EAH_sj: 1.0000
                EAH_snt: 1.0000
                  EAH_t: 0
               EAH_tauc: 0.1830
               EAH_taud: 0
               EAH_tauk: 0
               EAH_taun: 0.1220
              EAH_tauwf: 0.2190
              EAH_tauwh: 0.1180
                 EAH_tb: 0.0078
                EAH_tby: 0.0018
                 EAH_ti: 0
                 EAH_tj: 0
                EAH_tot: 0.6428
                 EAH_tr: 0.3084
                EAH_tri: 0.2056
                EAH_trj: 0.6168
                EAH_try: 0.0736
                EAH_ttc: 1.1605
                EAH_tti: 0.7839
               EAH_ttcg: 0.7267
               EAH_ttig: 0.1540
                 EAH_ty: 0
                  EAH_u: 1
              EAH_utili: -56.1568
              EAH_utilj: -206.3945
                 EAH_vj: 2.3800
                  EAH_w: 1.1033
               EAH_wcst: 0
               EAH_whty: 0.5015
                 EAH_wi: 1.2370
            EAH_witilde: 1.2370
                 EAH_wj: 0.9027
            EAH_wjtilde: 0.9027
               EAH_wnty: 0.4900
                 EAH_wy: 0.4964
                  EAH_y: 4.1280
               EAH_ygap: 0
            EAH_ygrowth: 1
           EAH_ygrowth4: 1
               EAH_yhty: 0.5581
               EAH_ynty: 0.4419
             EAH_yshare: 0.0107
                EAH_ysn: 1.6007
                EAH_yst: 2.5273
               EAH_zcon: 1
               EAH_zinv: 1
                 EAH_zn: 1
                 EAH_zt: 1
            EAH_gammav1: 0.0287
            EAH_gammav2: 0.1503
               EAH_nutc: 0.3968
               EAH_nuti: 0.0322
              EAH_nutcg: 0.8377
              EAH_nutig: 0.5765
               EAH_psit: 0.0479
          EAHEAA_rerbar: 1.1149
          EAHEAB_rerbar: 1.0261
          EAHEAC_rerbar: 1.0138
          EAHEAD_rerbar: 1.1783
          EAHEAE_rerbar: 0.9670
          EAHEAF_rerbar: 1.0111
          EAHEAG_rerbar: 1.0023
          EAHEAI_rerbar: 1.0644
          EAHEAJ_rerbar: 1.0846
          EAHEAK_rerbar: 1.1002
          EAHEAL_rerbar: 1.0774
           EAHRW_rerbar: 0.6638
           EAHUS_rerbar: 0.6358
              EAH_pibar: 0.8496
            EAH_psinbar: 0.4482
            EAH_psitbar: 0.1211
              EAH_pybar: 1.0156
               EAH_qbar: 0.8496
             EAH_trybar: 0.0736
               EAH_ybar: 4.1280
              EAH_ynbar: 1.6007
              EAH_ytbar: 2.5273
            EAIEAA_excy: 0.0053
            EAIEAB_excy: 0.0039
            EAIEAC_excy: 0.0026
            EAIEAD_excy: 0.0066
            EAIEAE_excy: 0.0011
            EAIEAF_excy: 0.0125
            EAIEAG_excy: 0.0036
            EAIEAH_excy: 0.0016
            EAIEAJ_excy: 0.0025
            EAIEAK_excy: 0.0023
            EAIEAL_excy: 0.0131
             EAIRW_excy: 0.0527
             EAIUS_excy: 0.0149
            EAIEAA_exiy: 0.0025
            EAIEAB_exiy: 0.0018
            EAIEAC_exiy: 0.0015
            EAIEAD_exiy: 0.0037
            EAIEAE_exiy: 7.1614e-04
            EAIEAF_exiy: 0.0054
            EAIEAG_exiy: 0.0013
            EAIEAH_exiy: 0.0012
            EAIEAJ_exiy: 0.0012
            EAIEAK_exiy: 0.0011
            EAIEAL_exiy: 0.0061
             EAIRW_exiy: 0.0312
             EAIUS_exiy: 0.0064
                 EAI_fx: 2.8373
        EAIEAA_gammaimc: 0
        EAIEAB_gammaimc: 0
        EAIEAC_gammaimc: 0
        EAIEAD_gammaimc: 0
        EAIEAE_gammaimc: 0
        EAIEAF_gammaimc: 0
        EAIEAG_gammaimc: 0
        EAIEAH_gammaimc: 0
        EAIEAJ_gammaimc: 0
        EAIEAK_gammaimc: 0
        EAIEAL_gammaimc: 0
         EAIRW_gammaimc: 0
         EAIUS_gammaimc: 0
     EAIEAA_gammaimcdag: 1
     EAIEAB_gammaimcdag: 1
     EAIEAC_gammaimcdag: 1
     EAIEAD_gammaimcdag: 1
     EAIEAE_gammaimcdag: 1
     EAIEAF_gammaimcdag: 1
     EAIEAG_gammaimcdag: 1
     EAIEAH_gammaimcdag: 1
     EAIEAJ_gammaimcdag: 1
     EAIEAK_gammaimcdag: 1
     EAIEAL_gammaimcdag: 1
      EAIRW_gammaimcdag: 1
      EAIUS_gammaimcdag: 1
        EAIEAA_gammaimi: 0
        EAIEAB_gammaimi: 0
        EAIEAC_gammaimi: 0
        EAIEAD_gammaimi: 0
        EAIEAE_gammaimi: 0
        EAIEAF_gammaimi: 0
        EAIEAG_gammaimi: 0
        EAIEAH_gammaimi: 0
        EAIEAJ_gammaimi: 0
        EAIEAK_gammaimi: 0
        EAIEAL_gammaimi: 0
         EAIRW_gammaimi: 0
         EAIUS_gammaimi: 0
     EAIEAA_gammaimidag: 1
     EAIEAB_gammaimidag: 1
     EAIEAC_gammaimidag: 1
     EAIEAD_gammaimidag: 1
     EAIEAE_gammaimidag: 1
     EAIEAF_gammaimidag: 1
     EAIEAG_gammaimidag: 1
     EAIEAH_gammaimidag: 1
     EAIEAJ_gammaimidag: 1
     EAIEAK_gammaimidag: 1
     EAIEAL_gammaimidag: 1
      EAIRW_gammaimidag: 1
      EAIUS_gammaimidag: 1
       EAIEAA_gammaimcg: 0
       EAIEAB_gammaimcg: 0
       EAIEAC_gammaimcg: 0
       EAIEAD_gammaimcg: 0
       EAIEAE_gammaimcg: 0
       EAIEAF_gammaimcg: 0
       EAIEAG_gammaimcg: 0
       EAIEAH_gammaimcg: 0
       EAIEAJ_gammaimcg: 0
       EAIEAK_gammaimcg: 0
       EAIEAL_gammaimcg: 0
        EAIRW_gammaimcg: 0
        EAIUS_gammaimcg: 0
    EAIEAA_gammaimcgdag: 1
    EAIEAB_gammaimcgdag: 1
    EAIEAC_gammaimcgdag: 1
    EAIEAD_gammaimcgdag: 1
    EAIEAE_gammaimcgdag: 1
    EAIEAF_gammaimcgdag: 1
    EAIEAG_gammaimcgdag: 1
    EAIEAH_gammaimcgdag: 1
    EAIEAJ_gammaimcgdag: 1
    EAIEAK_gammaimcgdag: 1
    EAIEAL_gammaimcgdag: 1
     EAIRW_gammaimcgdag: 1
     EAIUS_gammaimcgdag: 1
       EAIEAA_gammaimig: 0
       EAIEAB_gammaimig: 0
       EAIEAC_gammaimig: 0
       EAIEAD_gammaimig: 0
       EAIEAE_gammaimig: 0
       EAIEAF_gammaimig: 0
       EAIEAG_gammaimig: 0
       EAIEAH_gammaimig: 0
       EAIEAJ_gammaimig: 0
       EAIEAK_gammaimig: 0
       EAIEAL_gammaimig: 0
        EAIRW_gammaimig: 0
        EAIUS_gammaimig: 0
    EAIEAA_gammaimigdag: 1
    EAIEAB_gammaimigdag: 1
    EAIEAC_gammaimigdag: 1
    EAIEAD_gammaimigdag: 1
    EAIEAE_gammaimigdag: 1
    EAIEAF_gammaimigdag: 1
    EAIEAG_gammaimigdag: 1
    EAIEAH_gammaimigdag: 1
    EAIEAJ_gammaimigdag: 1
    EAIEAK_gammaimigdag: 1
    EAIEAL_gammaimigdag: 1
     EAIRW_gammaimigdag: 1
     EAIUS_gammaimigdag: 1
                 EAI_gx: 3.4048
              EAIEAA_im: 0.0391
              EAIEAB_im: 0.0298
              EAIEAC_im: 0.0328
              EAIEAD_im: 0.0439
              EAIEAE_im: 0.0132
              EAIEAF_im: 0.0893
              EAIEAG_im: 0.0159
              EAIEAH_im: 0.0363
              EAIEAJ_im: 0.0357
              EAIEAK_im: 0.0130
              EAIEAL_im: 0.1119
               EAIRW_im: 0.6800
               EAIUS_im: 0.0693
             EAIEAA_imc: 0.0251
             EAIEAB_imc: 0.0178
             EAIEAC_imc: 0.0195
             EAIEAD_imc: 0.0303
             EAIEAE_imc: 0.0064
             EAIEAF_imc: 0.0600
             EAIEAG_imc: 0.0095
             EAIEAH_imc: 0.0199
             EAIEAJ_imc: 0.0221
             EAIEAK_imc: 0.0070
             EAIEAL_imc: 0.0682
              EAIRW_imc: 0.4728
              EAIUS_imc: 0.0437
            EAIEAG_imcy: 0.0021
             EAIEAA_imi: 0.0084
             EAIEAB_imi: 0.0079
             EAIEAC_imi: 0.0076
             EAIEAD_imi: 0.0088
             EAIEAE_imi: 0.0042
             EAIEAF_imi: 0.0190
             EAIEAG_imi: 0.0037
             EAIEAH_imi: 0.0095
             EAIEAJ_imi: 0.0088
             EAIEAK_imi: 0.0035
             EAIEAL_imi: 0.0315
              EAIRW_imi: 0.1339
              EAIUS_imi: 0.0150
            EAIEAG_imiy: 8.2521e-04
            EAIEAA_imcg: 0.0046
            EAIEAB_imcg: 0.0033
            EAIEAC_imcg: 0.0048
            EAIEAD_imcg: 0.0039
            EAIEAE_imcg: 0.0022
            EAIEAF_imcg: 0.0082
            EAIEAG_imcg: 0.0022
            EAIEAH_imcg: 0.0059
            EAIEAJ_imcg: 0.0038
            EAIEAK_imcg: 0.0020
            EAIEAL_imcg: 0.0086
             EAIRW_imcg: 0.0584
             EAIUS_imcg: 0.0089
           EAIEAG_imcgy: 4.7521e-04
            EAIEAA_imig: 9.6522e-04
            EAIEAB_imig: 9.0787e-04
            EAIEAC_imig: 8.8180e-04
            EAIEAD_imig: 0.0010
            EAIEAE_imig: 5.0018e-04
            EAIEAF_imig: 0.0021
            EAIEAG_imig: 4.4848e-04
            EAIEAH_imig: 0.0011
            EAIEAJ_imig: 0.0010
            EAIEAK_imig: 4.2330e-04
            EAIEAL_imig: 0.0035
             EAIRW_imig: 0.0149
             EAIUS_imig: 0.0017
           EAIEAG_imigy: 9.8962e-05
               EAI_piex: 1.0050
           EAI_pextilde: 0.9247
             EAIEAA_rer: 1.0475
             EAIEAB_rer: 0.9641
             EAIEAC_rer: 0.9525
             EAIEAD_rer: 1.1070
             EAIEAE_rer: 0.9085
             EAIEAF_rer: 0.9500
             EAIEAG_rer: 0.9417
             EAIEAH_rer: 0.9395
             EAIEAJ_rer: 1.0190
             EAIEAK_rer: 1.0337
             EAIEAL_rer: 1.0122
              EAIRW_rer: 0.6236
              EAIUS_rer: 0.5974
                 EAI_sx: 1.0000
             EAIEAA_tot: 1.1413
             EAIEAB_tot: 0.9467
             EAIEAC_tot: 0.9290
             EAIEAD_tot: 1.1415
             EAIEAE_tot: 0.8956
             EAIEAF_tot: 0.9324
             EAIEAG_tot: 0.9539
             EAIEAH_tot: 0.9407
             EAIEAJ_tot: 1.0572
             EAIEAK_tot: 1.0202
             EAIEAL_tot: 1.0355
              EAIRW_tot: 0.6268
              EAIUS_tot: 0.6047
          EAIEAA_weight: 0.0416
          EAIEAB_weight: 0.0284
          EAIEAC_weight: 0.0274
          EAIEAD_weight: 0.0531
          EAIEAE_weight: 0.0114
          EAIEAF_weight: 0.0879
          EAIEAG_weight: 0.0195
          EAIEAH_weight: 0.0258
          EAIEAJ_weight: 0.0312
          EAIEAK_weight: 0.0155
          EAIEAL_weight: 0.1103
           EAIRW_weight: 0.4595
           EAIUS_weight: 0.0883
        EAIEAA_weightex: 0.0355
        EAIEAB_weightex: 0.0264
        EAIEAC_weightex: 0.0222
        EAIEAD_weightex: 0.0524
        EAIEAE_weightex: 0.0101
        EAIEAF_weightex: 0.0867
        EAIEAG_weightex: 0.0228
        EAIEAH_weightex: 0.0151
        EAIEAJ_weightex: 0.0221
        EAIEAK_weightex: 0.0168
        EAIEAL_weightex: 0.0966
         EAIRW_weightex: 0.4620
         EAIUS_weightex: 0.1313
        EAIEAA_weightim: 0.0478
        EAIEAB_weightim: 0.0303
        EAIEAC_weightim: 0.0327
        EAIEAD_weightim: 0.0538
        EAIEAE_weightim: 0.0127
        EAIEAF_weightim: 0.0892
        EAIEAG_weightim: 0.0162
        EAIEAH_weightim: 0.0366
        EAIEAJ_weightim: 0.0404
        EAIEAK_weightim: 0.0142
        EAIEAL_weightim: 0.1242
         EAIRW_weightim: 0.4569
         EAIUS_weightim: 0.0449
                  EAI_b: 9.5936
                 EAI_bf: -1.0087
                 EAI_by: 2.4000
                  EAI_c: 2.2309
                 EAI_ci: 2.6023
                 EAI_cj: 1.1166
                 EAI_cy: 0.5581
                  EAI_d: 0.5418
                 EAI_dn: 0.2569
                 EAI_dt: 0.2849
               EAI_etot: 0.7756
                 EAI_ex: 0.9409
                 EAI_fh: 13.2118
                 EAI_fi: 21.3867
                 EAI_fj: 0.7921
                 EAI_fn: 13.4572
                 EAI_cg: 0.8387
             EAI_gammab: 0
             EAI_gammai: 0
          EAI_gammaider: 0
             EAI_gammau: 0
          EAI_gammauder: 0.0324
             EAI_gammav: 2.2536e-04
            EAI_gammavi: 1.0102e-04
         EAI_gammavider: 0.0022
            EAI_gammavj: 1.0102e-04
         EAI_gammavjder: 0.0022
                 EAI_gh: 15.8541
                 EAI_gi: 5.6475
                 EAI_gj: 4.3871
                 EAI_gn: 20.1858
                EAI_cgy: 0.2000
                 EAI_ht: 1.4878
                EAI_htc: 0.3745
                EAI_hti: 0.4190
               EAI_htcg: 0.5829
               EAI_htig: 0.1114
                  EAI_i: 0.8456
                 EAI_ig: 0.1683
                 EAI_ii: 1.1274
                 EAI_im: 1.1224
                EAI_imc: 0.7435
                EAI_imi: 0.2431
               EAI_imcg: 0.1084
               EAI_imig: 0.0274
                EAI_imy: 0.2158
        EAI_internalrer: 1.4013
                EAI_igy: 0.0400
                  EAI_k: 33.8232
                 EAI_kd: 33.8232
                EAI_kdn: 14.6304
                EAI_kdt: 19.1929
                 EAI_ki: 45.0977
            EAI_lambdai: 1.0780
            EAI_lambdaj: 2.5122
                EAI_lcy: 0.6051
                  EAI_m: 0.9373
                EAI_mcn: 0.7706
                EAI_mct: 0.7706
                 EAI_mi: 1.0934
                 EAI_mj: 0.4692
                 EAI_nd: 1.8864
                EAI_ndi: 0.8620
                EAI_ndj: 1.1242
                EAI_ndn: 0.8160
                EAI_ndt: 1.0704
                 EAI_ni: 0.8620
                 EAI_nj: 1.1242
                 EAI_nt: 1.5154
                EAI_ntc: 1.1414
                EAI_nti: 0.1912
               EAI_ntcg: 0.1523
               EAI_ntig: 0.0305
                EAI_pex: 0.9247
                EAI_pht: 0.9247
           EAI_phttilde: 0.9247
                 EAI_pi: 0.9455
                EAI_pcg: 0.9533
                EAI_pig: 0.9500
                EAI_pic: 1.0050
               EAI_pic4: 1.0200
              EAI_piex4: 1.0200
               EAI_piht: 1.0050
              EAI_piimc: 1.0050
              EAI_piimi: 1.0050
             EAI_piimcg: 1.0050
             EAI_piimig: 1.0050
             EAI_piimc4: 1.0200
                EAI_pim: 0.7685
               EAI_pimc: 0.7606
               EAI_pimi: 0.7858
              EAI_pimcg: 0.7792
              EAI_pimig: 0.7875
               EAI_pint: 1.0050
                EAI_piw: 1.0050
               EAI_piw4: 1.0200
                EAI_pnt: 1.1558
           EAI_pnttilde: 1.1558
               EAI_pttc: 0.8248
               EAI_ptti: 0.8800
              EAI_pttcg: 0.9057
              EAI_pttig: 0.9017
                 EAI_py: 1.0135
                  EAI_q: 0.9455
                 EAI_qc: 2.2311
                 EAI_qi: 0.8456
                EAI_qcg: 0.8387
                EAI_qig: 0.1683
                  EAI_r: 1.0124
               EAI_reer: 0.7684
                EAI_rer: 0.5974
             EAI_rerdep: 1
                 EAI_rk: 0.0306
                 EAI_rp: 0
                 EAI_rr: 1.0074
             EAI_rrstar: 1.0074
                 EAI_sh: 1.0000
                 EAI_si: 1
                 EAI_sj: 1.0000
                EAI_snt: 1.0000
                  EAI_t: 0
               EAI_tauc: 0.1830
               EAI_taud: 0
               EAI_tauk: 0
               EAI_taun: 0.1220
              EAI_tauwf: 0.2190
              EAI_tauwh: 0.1180
                 EAI_tb: 0.0074
                EAI_tby: 0.0018
                 EAI_ti: 0
                 EAI_tj: 0
                EAI_tot: 0.6047
                 EAI_tr: 0.2940
                EAI_tri: 0.1960
                EAI_trj: 0.5881
                EAI_try: 0.0736
                EAI_ttc: 1.1055
                EAI_tti: 0.6573
               EAI_ttcg: 0.6883
               EAI_ttig: 0.1382
                 EAI_ty: 0
                  EAI_u: 1
              EAI_utili: -62.6298
              EAI_utilj: -212.8675
                 EAI_vj: 2.3800
                  EAI_w: 1.0519
               EAI_wcst: 0
               EAI_whty: 0.5014
                 EAI_wi: 1.1794
            EAI_witilde: 1.1794
                 EAI_wj: 0.8607
            EAI_wjtilde: 0.8607
               EAI_wnty: 0.4900
                 EAI_wy: 0.4964
                  EAI_y: 3.9441
               EAI_ygap: 0
            EAI_ygrowth: 1
           EAI_ygrowth4: 1
               EAI_yhty: 0.5618
               EAI_ynty: 0.4382
             EAI_yshare: 0.0364
                EAI_ysn: 1.5154
                EAI_yst: 2.4287
               EAI_zcon: 1
               EAI_zinv: 1
                 EAI_zn: 1
                 EAI_zt: 1
            EAI_gammav1: 0.0287
            EAI_gammav2: 0.1503
               EAI_nutc: 0.4508
               EAI_nuti: 0.7213
              EAI_nutcg: 0.8919
              EAI_nutig: 0.8584
               EAI_psit: 0.0478
          EAIEAA_rerbar: 1.0475
          EAIEAB_rerbar: 0.9641
          EAIEAC_rerbar: 0.9525
          EAIEAD_rerbar: 1.1070
          EAIEAE_rerbar: 0.9085
          EAIEAF_rerbar: 0.9500
          EAIEAG_rerbar: 0.9417
          EAIEAH_rerbar: 0.9395
          EAIEAJ_rerbar: 1.0190
          EAIEAK_rerbar: 1.0337
          EAIEAL_rerbar: 1.0122
           EAIRW_rerbar: 0.6236
           EAIUS_rerbar: 0.5974
              EAI_pibar: 0.9455
            EAI_psinbar: 0.4243
            EAI_psitbar: 0.1160
              EAI_pybar: 1.0135
               EAI_qbar: 0.9455
             EAI_trybar: 0.0736
               EAI_ybar: 3.9441
              EAI_ynbar: 1.5154
              EAI_ytbar: 2.4287
            EAJEAA_excy: 0.0041
            EAJEAB_excy: 0.0029
            EAJEAC_excy: 0.0176
            EAJEAD_excy: 0.0068
            EAJEAE_excy: 0.0031
            EAJEAF_excy: 0.0131
            EAJEAG_excy: 0.0032
            EAJEAH_excy: 0.0041
            EAJEAI_excy: 0.0100
            EAJEAK_excy: 0.0034
            EAJEAL_excy: 0.0347
             EAJRW_excy: 0.0525
             EAJUS_excy: 0.0123
            EAJEAA_exiy: 0.0015
            EAJEAB_exiy: 0.0014
            EAJEAC_exiy: 0.0065
            EAJEAD_exiy: 0.0032
            EAJEAE_exiy: 0.0013
            EAJEAF_exiy: 0.0051
            EAJEAG_exiy: 8.1172e-04
            EAJEAH_exiy: 0.0032
            EAJEAI_exiy: 0.0040
            EAJEAK_exiy: 0.0012
            EAJEAL_exiy: 0.0093
             EAJRW_exiy: 0.0336
             EAJUS_exiy: 0.0058
                 EAJ_fx: 4.0224
        EAJEAA_gammaimc: 0
        EAJEAB_gammaimc: 0
        EAJEAC_gammaimc: 0
        EAJEAD_gammaimc: 0
        EAJEAE_gammaimc: 0
        EAJEAF_gammaimc: 0
        EAJEAG_gammaimc: 0
        EAJEAH_gammaimc: 0
        EAJEAI_gammaimc: 0
        EAJEAK_gammaimc: 0
        EAJEAL_gammaimc: 0
         EAJRW_gammaimc: 0
         EAJUS_gammaimc: 0
     EAJEAA_gammaimcdag: 1
     EAJEAB_gammaimcdag: 1
     EAJEAC_gammaimcdag: 1
     EAJEAD_gammaimcdag: 1
     EAJEAE_gammaimcdag: 1
     EAJEAF_gammaimcdag: 1
     EAJEAG_gammaimcdag: 1
     EAJEAH_gammaimcdag: 1
     EAJEAI_gammaimcdag: 1
     EAJEAK_gammaimcdag: 1
     EAJEAL_gammaimcdag: 1
      EAJRW_gammaimcdag: 1
      EAJUS_gammaimcdag: 1
        EAJEAA_gammaimi: 0
        EAJEAB_gammaimi: 0
        EAJEAC_gammaimi: 0
        EAJEAD_gammaimi: 0
        EAJEAE_gammaimi: 0
        EAJEAF_gammaimi: 0
        EAJEAG_gammaimi: 0
        EAJEAH_gammaimi: 0
        EAJEAI_gammaimi: 0
        EAJEAK_gammaimi: 0
        EAJEAL_gammaimi: 0
         EAJRW_gammaimi: 0
         EAJUS_gammaimi: 0
     EAJEAA_gammaimidag: 1
     EAJEAB_gammaimidag: 1
     EAJEAC_gammaimidag: 1
     EAJEAD_gammaimidag: 1
     EAJEAE_gammaimidag: 1
     EAJEAF_gammaimidag: 1
     EAJEAG_gammaimidag: 1
     EAJEAH_gammaimidag: 1
     EAJEAI_gammaimidag: 1
     EAJEAK_gammaimidag: 1
     EAJEAL_gammaimidag: 1
      EAJRW_gammaimidag: 1
      EAJUS_gammaimidag: 1
       EAJEAA_gammaimcg: 0
       EAJEAB_gammaimcg: 0
       EAJEAC_gammaimcg: 0
       EAJEAD_gammaimcg: 0
       EAJEAE_gammaimcg: 0
       EAJEAF_gammaimcg: 0
       EAJEAG_gammaimcg: 0
       EAJEAH_gammaimcg: 0
       EAJEAI_gammaimcg: 0
       EAJEAK_gammaimcg: 0
       EAJEAL_gammaimcg: 0
        EAJRW_gammaimcg: 0
        EAJUS_gammaimcg: 0
    EAJEAA_gammaimcgdag: 1
    EAJEAB_gammaimcgdag: 1
    EAJEAC_gammaimcgdag: 1
    EAJEAD_gammaimcgdag: 1
    EAJEAE_gammaimcgdag: 1
    EAJEAF_gammaimcgdag: 1
    EAJEAG_gammaimcgdag: 1
    EAJEAH_gammaimcgdag: 1
    EAJEAI_gammaimcgdag: 1
    EAJEAK_gammaimcgdag: 1
    EAJEAL_gammaimcgdag: 1
     EAJRW_gammaimcgdag: 1
     EAJUS_gammaimcgdag: 1
       EAJEAA_gammaimig: 0
       EAJEAB_gammaimig: 0
       EAJEAC_gammaimig: 0
       EAJEAD_gammaimig: 0
       EAJEAE_gammaimig: 0
       EAJEAF_gammaimig: 0
       EAJEAG_gammaimig: 0
       EAJEAH_gammaimig: 0
       EAJEAI_gammaimig: 0
       EAJEAK_gammaimig: 0
       EAJEAL_gammaimig: 0
        EAJRW_gammaimig: 0
        EAJUS_gammaimig: 0
    EAJEAA_gammaimigdag: 1
    EAJEAB_gammaimigdag: 1
    EAJEAC_gammaimigdag: 1
    EAJEAD_gammaimigdag: 1
    EAJEAE_gammaimigdag: 1
    EAJEAF_gammaimigdag: 1
    EAJEAG_gammaimigdag: 1
    EAJEAH_gammaimigdag: 1
    EAJEAI_gammaimigdag: 1
    EAJEAK_gammaimigdag: 1
    EAJEAL_gammaimigdag: 1
     EAJRW_gammaimigdag: 1
     EAJUS_gammaimigdag: 1
                 EAJ_gx: 4.8269
              EAJEAA_im: 0.0255
              EAJEAB_im: 0.0272
              EAJEAC_im: 0.1121
              EAJEAD_im: 0.0356
              EAJEAE_im: 0.0198
              EAJEAF_im: 0.0824
              EAJEAG_im: 0.0136
              EAJEAH_im: 0.0496
              EAJEAI_im: 0.0385
              EAJEAK_im: 0.0153
              EAJEAL_im: 0.1725
               EAJRW_im: 0.9941
               EAJUS_im: 0.2330
             EAJEAA_imc: 0.0140
             EAJEAB_imc: 0.0154
             EAJEAC_imc: 0.0665
             EAJEAD_imc: 0.0214
             EAJEAE_imc: 0.0091
             EAJEAF_imc: 0.0507
             EAJEAG_imc: 0.0073
             EAJEAH_imc: 0.0241
             EAJEAI_imc: 0.0219
             EAJEAK_imc: 0.0084
             EAJEAL_imc: 0.0968
              EAJRW_imc: 0.6025
              EAJUS_imc: 0.1233
            EAJEAH_imcy: 0.0048
             EAJEAA_imi: 0.0068
             EAJEAB_imi: 0.0069
             EAJEAC_imi: 0.0264
             EAJEAD_imi: 0.0087
             EAJEAE_imi: 0.0066
             EAJEAF_imi: 0.0188
             EAJEAG_imi: 0.0036
             EAJEAH_imi: 0.0163
             EAJEAI_imi: 0.0105
             EAJEAK_imi: 0.0040
             EAJEAL_imi: 0.0503
              EAJRW_imi: 0.2363
              EAJUS_imi: 0.0644
            EAJEAH_imiy: 0.0033
            EAJEAA_imcg: 0.0039
            EAJEAB_imcg: 0.0041
            EAJEAC_imcg: 0.0162
            EAJEAD_imcg: 0.0046
            EAJEAE_imcg: 0.0034
            EAJEAF_imcg: 0.0107
            EAJEAG_imcg: 0.0022
            EAJEAH_imcg: 0.0073
            EAJEAI_imcg: 0.0050
            EAJEAK_imcg: 0.0025
            EAJEAL_imcg: 0.0198
             EAJRW_imcg: 0.1291
             EAJUS_imcg: 0.0381
           EAJEAH_imcgy: 0.0015
            EAJEAA_imig: 7.8846e-04
            EAJEAB_imig: 8.0747e-04
            EAJEAC_imig: 0.0030
            EAJEAD_imig: 9.9492e-04
            EAJEAE_imig: 7.7065e-04
            EAJEAF_imig: 0.0021
            EAJEAG_imig: 4.3512e-04
            EAJEAH_imig: 0.0019
            EAJEAI_imig: 0.0012
            EAJEAK_imig: 4.7535e-04
            EAJEAL_imig: 0.0056
             EAJRW_imig: 0.0263
             EAJUS_imig: 0.0072
           EAJEAH_imigy: 3.7243e-04
               EAJ_piex: 1.0050
           EAJ_pextilde: 0.9593
             EAJEAA_rer: 1.0279
             EAJEAB_rer: 0.9461
             EAJEAC_rer: 0.9348
             EAJEAD_rer: 1.0864
             EAJEAE_rer: 0.8916
             EAJEAF_rer: 0.9323
             EAJEAG_rer: 0.9241
             EAJEAH_rer: 0.9220
             EAJEAI_rer: 0.9814
             EAJEAK_rer: 1.0144
             EAJEAL_rer: 0.9934
              EAJRW_rer: 0.6120
              EAJUS_rer: 0.5862
                 EAJ_sx: 1.0000
             EAJEAA_tot: 1.0796
             EAJEAB_tot: 0.8956
             EAJEAC_tot: 0.8788
             EAJEAD_tot: 1.0798
             EAJEAE_tot: 0.8472
             EAJEAF_tot: 0.8820
             EAJEAG_tot: 0.9023
             EAJEAH_tot: 0.8899
             EAJEAI_tot: 0.9459
             EAJEAK_tot: 0.9650
             EAJEAL_tot: 0.9795
              EAJRW_tot: 0.5929
              EAJUS_tot: 0.5720
          EAJEAA_weight: 0.0221
          EAJEAB_weight: 0.0182
          EAJEAC_weight: 0.0780
          EAJEAD_weight: 0.0356
          EAJEAE_weight: 0.0151
          EAJEAF_weight: 0.0649
          EAJEAG_weight: 0.0122
          EAJEAH_weight: 0.0306
          EAJEAI_weight: 0.0414
          EAJEAK_weight: 0.0144
          EAJEAL_weight: 0.1435
           EAJRW_weight: 0.4223
           EAJUS_weight: 0.1016
        EAJEAA_weightex: 0.0228
        EAJEAB_weightex: 0.0174
        EAJEAC_weightex: 0.0788
        EAJEAD_weightex: 0.0412
        EAJEAE_weightex: 0.0170
        EAJEAF_weightex: 0.0729
        EAJEAG_weightex: 0.0149
        EAJEAH_weightex: 0.0268
        EAJEAI_weightex: 0.0543
        EAJEAK_weightex: 0.0171
        EAJEAL_weightex: 0.1547
         EAJRW_weightex: 0.3834
         EAJUS_weightex: 0.0989
        EAJEAA_weightim: 0.0215
        EAJEAB_weightim: 0.0191
        EAJEAC_weightim: 0.0771
        EAJEAD_weightim: 0.0301
        EAJEAE_weightim: 0.0131
        EAJEAF_weightim: 0.0569
        EAJEAG_weightim: 0.0096
        EAJEAH_weightim: 0.0345
        EAJEAI_weightim: 0.0285
        EAJEAK_weightim: 0.0116
        EAJEAL_weightim: 0.1323
         EAJRW_weightim: 0.4614
         EAJUS_weightim: 0.1043
                  EAJ_b: 10.1916
                 EAJ_bf: -1.0919
                 EAJ_by: 2.4000
                  EAJ_c: 2.3699
                 EAJ_ci: 2.7645
                 EAJ_cj: 1.1862
                 EAJ_cy: 0.5581
                  EAJ_d: 0.5756
                 EAJ_dn: 0.2782
                 EAJ_dt: 0.2974
               EAJ_etot: 0.7361
                 EAJ_ex: 1.2857
                 EAJ_fh: 10.7197
                 EAJ_fi: 46.9113
                 EAJ_fj: 1.7375
                 EAJ_fn: 14.5735
                 EAJ_cg: 0.8864
             EAJ_gammab: 0
             EAJ_gammai: 0
          EAJ_gammaider: 0
             EAJ_gammau: 0
          EAJ_gammauder: 0.0324
             EAJ_gammav: 2.3941e-04
            EAJ_gammavi: 1.0102e-04
         EAJ_gammavider: 0.0022
            EAJ_gammavj: 1.0102e-04
         EAJ_gammavjder: 0.0022
                 EAJ_gh: 12.8636
                 EAJ_gi: 6.9073
                 EAJ_gj: 5.3657
                 EAJ_gn: 21.8603
                EAJ_cgy: 0.2000
                 EAJ_ht: 1.1636
                EAJ_htc: 0.2405
                EAJ_hti: 0.3077
               EAJ_htcg: 0.5146
               EAJ_htig: 0.1008
                  EAJ_i: 0.9151
                 EAJ_ig: 0.1774
                 EAJ_ii: 1.2201
                 EAJ_im: 1.6968
                EAJ_imc: 0.9902
                EAJ_imi: 0.4282
               EAJ_imcg: 0.2303
               EAJ_imig: 0.0480
                EAJ_imy: 0.2886
        EAJ_internalrer: 1.5351
                EAJ_igy: 0.0400
                  EAJ_k: 36.6038
                 EAJ_kd: 36.6038
                EAJ_kdn: 16.1404
                EAJ_kdt: 20.4633
                 EAJ_ki: 48.8050
            EAJ_lambdai: 1.0147
            EAJ_lambdaj: 2.3648
                EAJ_lcy: 0.6051
                  EAJ_m: 0.9958
                EAJ_mcn: 0.7994
                EAJ_mct: 0.7994
                 EAJ_mi: 1.1616
                 EAJ_mj: 0.4984
                 EAJ_nd: 1.8864
                EAJ_ndi: 0.8620
                EAJ_ndj: 1.1242
                EAJ_ndn: 0.8318
                EAJ_ndt: 1.0546
                 EAJ_ni: 0.8620
                 EAJ_nj: 1.1242
                 EAJ_nt: 1.5819
                EAJ_ntc: 1.1904
                EAJ_nti: 0.2013
               EAJ_ntcg: 0.1585
               EAJ_ntig: 0.0317
                EAJ_pex: 0.9593
                EAJ_pht: 0.9593
           EAJ_phttilde: 0.9593
                 EAJ_pi: 0.9281
                EAJ_pcg: 0.9581
                EAJ_pig: 0.9577
                EAJ_pic: 1.0050
               EAJ_pic4: 1.0200
              EAJ_piex4: 1.0200
               EAJ_piht: 1.0050
              EAJ_piimc: 1.0050
              EAJ_piimi: 1.0050
             EAJ_piimcg: 1.0050
             EAJ_piimig: 1.0050
             EAJ_piimc4: 1.0200
                EAJ_pim: 0.7223
               EAJ_pimc: 0.7190
               EAJ_pimi: 0.7305
              EAJ_pimcg: 0.7191
              EAJ_pimig: 0.7321
               EAJ_pint: 1.0050
                EAJ_piw: 1.0050
               EAJ_piw4: 1.0200
                EAJ_pnt: 1.1991
           EAJ_pnttilde: 1.1991
               EAJ_pttc: 0.7812
               EAJ_ptti: 0.8455
              EAJ_pttcg: 0.9021
              EAJ_pttig: 0.9016
                 EAJ_py: 1.0534
                  EAJ_q: 0.9281
                 EAJ_qc: 2.3702
                 EAJ_qi: 0.9151
                EAJ_qcg: 0.8864
                EAJ_qig: 0.1774
                  EAJ_r: 1.0124
               EAJ_reer: 0.7591
                EAJ_rer: 0.5862
             EAJ_rerdep: 1
                 EAJ_rk: 0.0301
                 EAJ_rp: 0
                 EAJ_rr: 1.0074
             EAJ_rrstar: 1.0074
                 EAJ_sh: 1.0000
                 EAJ_si: 1
                 EAJ_sj: 1.0000
                EAJ_snt: 1.0000
                  EAJ_t: 0
               EAJ_tauc: 0.1830
               EAJ_taud: 0
               EAJ_tauk: 0
               EAJ_taun: 0.1220
              EAJ_tauwf: 0.2190
              EAJ_tauwh: 0.1180
                 EAJ_tb: 0.0079
                EAJ_tby: 0.0018
                 EAJ_ti: 0
                 EAJ_tj: 0
                EAJ_tot: 0.5720
                 EAJ_tr: 0.3124
                EAJ_tri: 0.2082
                EAJ_trj: 0.6247
                EAJ_try: 0.0736
                EAJ_ttc: 1.2068
                EAJ_tti: 0.7191
               EAJ_ttcg: 0.7309
               EAJ_ttig: 0.1462
                 EAJ_ty: 0
                  EAJ_u: 1
              EAJ_utili: -54.4167
              EAJ_utilj: -204.6544
                 EAJ_vj: 2.3800
                  EAJ_w: 1.1175
               EAJ_wcst: 0
               EAJ_whty: 0.5016
                 EAJ_wi: 1.2529
            EAJ_witilde: 1.2529
                 EAJ_wj: 0.9143
            EAJ_wjtilde: 0.9143
               EAJ_wnty: 0.4900
                 EAJ_wy: 0.4964
                  EAJ_y: 4.0311
               EAJ_ygap: 0
            EAJ_ygrowth: 1
           EAJ_ygrowth4: 1
               EAJ_yhty: 0.5533
               EAJ_ynty: 0.4467
             EAJ_yshare: 0.0197
                EAJ_ysn: 1.5819
                EAJ_yst: 2.4493
               EAJ_zcon: 1
               EAJ_zinv: 1
                 EAJ_zn: 1
                 EAJ_zt: 1
            EAJ_gammav1: 0.0287
            EAJ_gammav2: 0.1503
               EAJ_nutc: 0.3331
               EAJ_nuti: 0.5868
              EAJ_nutcg: 0.8212
              EAJ_nutig: 0.8049
               EAJ_psit: 0.0481
          EAJEAA_rerbar: 1.0279
          EAJEAB_rerbar: 0.9461
          EAJEAC_rerbar: 0.9348
          EAJEAD_rerbar: 1.0864
          EAJEAE_rerbar: 0.8916
          EAJEAF_rerbar: 0.9323
          EAJEAG_rerbar: 0.9241
          EAJEAH_rerbar: 0.9220
          EAJEAI_rerbar: 0.9814
          EAJEAK_rerbar: 1.0144
          EAJEAL_rerbar: 0.9934
           EAJRW_rerbar: 0.6120
           EAJUS_rerbar: 0.5862
              EAJ_pibar: 0.9281
            EAJ_psinbar: 0.4429
            EAJ_psitbar: 0.1179
              EAJ_pybar: 1.0534
               EAJ_qbar: 0.9281
             EAJ_trybar: 0.0736
               EAJ_ybar: 4.0311
              EAJ_ynbar: 1.5819
              EAJ_ytbar: 2.4493
            EAKEAA_excy: 0.0028
            EAKEAB_excy: 0.0020
            EAKEAC_excy: 0.0030
            EAKEAD_excy: 0.0185
            EAKEAE_excy: 0.0015
            EAKEAF_excy: 0.0126
            EAKEAG_excy: 0.0015
            EAKEAH_excy: 0.0025
            EAKEAI_excy: 0.0063
            EAKEAJ_excy: 0.0038
            EAKEAL_excy: 0.0117
             EAKRW_excy: 0.0636
             EAKUS_excy: 0.0105
            EAKEAA_exiy: 0.0012
            EAKEAB_exiy: 0.0012
            EAKEAC_exiy: 0.0016
            EAKEAD_exiy: 0.0068
            EAKEAE_exiy: 8.2561e-04
            EAKEAF_exiy: 0.0052
            EAKEAG_exiy: 7.0089e-04
            EAKEAH_exiy: 0.0011
            EAKEAI_exiy: 0.0031
            EAKEAJ_exiy: 0.0018
            EAKEAL_exiy: 0.0062
             EAKRW_exiy: 0.0455
             EAKUS_exiy: 0.0060
                 EAK_fx: 3.5439
        EAKEAA_gammaimc: 0
        EAKEAB_gammaimc: 0
        EAKEAC_gammaimc: 0
        EAKEAD_gammaimc: 0
        EAKEAE_gammaimc: 0
        EAKEAF_gammaimc: 0
        EAKEAG_gammaimc: 0
        EAKEAH_gammaimc: 0
        EAKEAI_gammaimc: 0
        EAKEAJ_gammaimc: 0
        EAKEAL_gammaimc: 0
         EAKRW_gammaimc: 0
         EAKUS_gammaimc: 0
     EAKEAA_gammaimcdag: 1
     EAKEAB_gammaimcdag: 1
     EAKEAC_gammaimcdag: 1
     EAKEAD_gammaimcdag: 1
     EAKEAE_gammaimcdag: 1
     EAKEAF_gammaimcdag: 1
     EAKEAG_gammaimcdag: 1
     EAKEAH_gammaimcdag: 1
     EAKEAI_gammaimcdag: 1
     EAKEAJ_gammaimcdag: 1
     EAKEAL_gammaimcdag: 1
      EAKRW_gammaimcdag: 1
      EAKUS_gammaimcdag: 1
        EAKEAA_gammaimi: 0
        EAKEAB_gammaimi: 0
        EAKEAC_gammaimi: 0
        EAKEAD_gammaimi: 0
        EAKEAE_gammaimi: 0
        EAKEAF_gammaimi: 0
        EAKEAG_gammaimi: 0
        EAKEAH_gammaimi: 0
        EAKEAI_gammaimi: 0
        EAKEAJ_gammaimi: 0
        EAKEAL_gammaimi: 0
         EAKRW_gammaimi: 0
         EAKUS_gammaimi: 0
     EAKEAA_gammaimidag: 1
     EAKEAB_gammaimidag: 1
     EAKEAC_gammaimidag: 1
     EAKEAD_gammaimidag: 1
     EAKEAE_gammaimidag: 1
     EAKEAF_gammaimidag: 1
     EAKEAG_gammaimidag: 1
     EAKEAH_gammaimidag: 1
     EAKEAI_gammaimidag: 1
     EAKEAJ_gammaimidag: 1
     EAKEAL_gammaimidag: 1
      EAKRW_gammaimidag: 1
      EAKUS_gammaimidag: 1
       EAKEAA_gammaimcg: 0
       EAKEAB_gammaimcg: 0
       EAKEAC_gammaimcg: 0
       EAKEAD_gammaimcg: 0
       EAKEAE_gammaimcg: 0
       EAKEAF_gammaimcg: 0
       EAKEAG_gammaimcg: 0
       EAKEAH_gammaimcg: 0
       EAKEAI_gammaimcg: 0
       EAKEAJ_gammaimcg: 0
       EAKEAL_gammaimcg: 0
        EAKRW_gammaimcg: 0
        EAKUS_gammaimcg: 0
    EAKEAA_gammaimcgdag: 1
    EAKEAB_gammaimcgdag: 1
    EAKEAC_gammaimcgdag: 1
    EAKEAD_gammaimcgdag: 1
    EAKEAE_gammaimcgdag: 1
    EAKEAF_gammaimcgdag: 1
    EAKEAG_gammaimcgdag: 1
    EAKEAH_gammaimcgdag: 1
    EAKEAI_gammaimcgdag: 1
    EAKEAJ_gammaimcgdag: 1
    EAKEAL_gammaimcgdag: 1
     EAKRW_gammaimcgdag: 1
     EAKUS_gammaimcgdag: 1
       EAKEAA_gammaimig: 0
       EAKEAB_gammaimig: 0
       EAKEAC_gammaimig: 0
       EAKEAD_gammaimig: 0
       EAKEAE_gammaimig: 0
       EAKEAF_gammaimig: 0
       EAKEAG_gammaimig: 0
       EAKEAH_gammaimig: 0
       EAKEAI_gammaimig: 0
       EAKEAJ_gammaimig: 0
       EAKEAL_gammaimig: 0
        EAKRW_gammaimig: 0
        EAKUS_gammaimig: 0
    EAKEAA_gammaimigdag: 1
    EAKEAB_gammaimigdag: 1
    EAKEAC_gammaimigdag: 1
    EAKEAD_gammaimigdag: 1
    EAKEAE_gammaimigdag: 1
    EAKEAF_gammaimigdag: 1
    EAKEAG_gammaimigdag: 1
    EAKEAH_gammaimigdag: 1
    EAKEAI_gammaimigdag: 1
    EAKEAJ_gammaimigdag: 1
    EAKEAL_gammaimigdag: 1
     EAKRW_gammaimigdag: 1
     EAKUS_gammaimigdag: 1
                 EAK_gx: 4.2527
              EAKEAA_im: 0.0171
              EAKEAB_im: 0.0160
              EAKEAC_im: 0.0346
              EAKEAD_im: 0.3016
              EAKEAE_im: 0.0131
              EAKEAF_im: 0.1066
              EAKEAG_im: 0.0118
              EAKEAH_im: 0.0321
              EAKEAI_im: 0.0641
              EAKEAJ_im: 0.0451
              EAKEAL_im: 0.1236
               EAKRW_im: 0.5858
               EAKUS_im: 0.0596
             EAKEAA_imc: 0.0099
             EAKEAB_imc: 0.0081
             EAKEAC_imc: 0.0205
             EAKEAD_imc: 0.2142
             EAKEAE_imc: 0.0061
             EAKEAF_imc: 0.0719
             EAKEAG_imc: 0.0060
             EAKEAH_imc: 0.0172
             EAKEAI_imc: 0.0382
             EAKEAJ_imc: 0.0287
             EAKEAL_imc: 0.0756
              EAKRW_imc: 0.4264
              EAKUS_imc: 0.0383
            EAKEAI_imcy: 0.0087
             EAKEAA_imi: 0.0043
             EAKEAB_imi: 0.0049
             EAKEAC_imi: 0.0079
             EAKEAD_imi: 0.0598
             EAKEAE_imi: 0.0042
             EAKEAF_imi: 0.0225
             EAKEAG_imi: 0.0033
             EAKEAH_imi: 0.0077
             EAKEAI_imi: 0.0181
             EAKEAJ_imi: 0.0105
             EAKEAL_imi: 0.0343
              EAKRW_imi: 0.0952
              EAKUS_imi: 0.0135
            EAKEAI_imiy: 0.0041
            EAKEAA_imcg: 0.0024
            EAKEAB_imcg: 0.0024
            EAKEAC_imcg: 0.0053
            EAKEAD_imcg: 0.0209
            EAKEAE_imcg: 0.0022
            EAKEAF_imcg: 0.0097
            EAKEAG_imcg: 0.0021
            EAKEAH_imcg: 0.0063
            EAKEAI_imcg: 0.0058
            EAKEAJ_imcg: 0.0046
            EAKEAL_imcg: 0.0099
             EAKRW_imcg: 0.0535
             EAKUS_imcg: 0.0062
           EAKEAI_imcgy: 0.0013
            EAKEAA_imig: 5.0539e-04
            EAKEAB_imig: 5.8332e-04
            EAKEAC_imig: 9.0706e-04
            EAKEAD_imig: 0.0067
            EAKEAE_imig: 5.0701e-04
            EAKEAF_imig: 0.0025
            EAKEAG_imig: 4.0316e-04
            EAKEAH_imig: 8.9574e-04
            EAKEAI_imig: 0.0020
            EAKEAJ_imig: 0.0012
            EAKEAL_imig: 0.0038
             EAKRW_imig: 0.0106
             EAKUS_imig: 0.0015
           EAKEAI_imigy: 4.6483e-04
               EAK_piex: 1.0050
           EAK_pextilde: 0.9126
             EAKEAA_rer: 1.0133
             EAKEAB_rer: 0.9326
             EAKEAC_rer: 0.9215
             EAKEAD_rer: 1.0710
             EAKEAE_rer: 0.8789
             EAKEAF_rer: 0.9190
             EAKEAG_rer: 0.9110
             EAKEAH_rer: 0.9089
             EAKEAI_rer: 0.9674
             EAKEAJ_rer: 0.9858
             EAKEAL_rer: 0.9792
              EAKRW_rer: 0.6033
              EAKUS_rer: 0.5779
                 EAK_sx: 1.0000
             EAKEAA_tot: 1.1187
             EAKEAB_tot: 0.9280
             EAKEAC_tot: 0.9106
             EAKEAD_tot: 1.1189
             EAKEAE_tot: 0.8779
             EAKEAF_tot: 0.9140
             EAKEAG_tot: 0.9350
             EAKEAH_tot: 0.9221
             EAKEAI_tot: 0.9802
             EAKEAJ_tot: 1.0362
             EAKEAL_tot: 1.0151
              EAKRW_tot: 0.6144
              EAKUS_tot: 0.5927
          EAKEAA_weight: 0.0171
          EAKEAB_weight: 0.0134
          EAKEAC_weight: 0.0232
          EAKEAD_weight: 0.1884
          EAKEAE_weight: 0.0102
          EAKEAF_weight: 0.0770
          EAKEAG_weight: 0.0096
          EAKEAH_weight: 0.0202
          EAKEAI_weight: 0.0476
          EAKEAJ_weight: 0.0322
          EAKEAL_weight: 0.0917
           EAKRW_weight: 0.3969
           EAKUS_weight: 0.0723
        EAKEAA_weightex: 0.0179
        EAKEAB_weightex: 0.0143
        EAKEAC_weightex: 0.0198
        EAKEAD_weightex: 0.0922
        EAKEAE_weightex: 0.0107
        EAKEAF_weightex: 0.0717
        EAKEAG_weightex: 0.0100
        EAKEAH_weightex: 0.0153
        EAKEAI_weightex: 0.0422
        EAKEAJ_weightex: 0.0250
        EAKEAL_weightex: 0.0775
         EAKRW_weightex: 0.4888
         EAKUS_weightex: 0.1145
        EAKEAA_weightim: 0.0162
        EAKEAB_weightim: 0.0126
        EAKEAC_weightim: 0.0267
        EAKEAD_weightim: 0.2853
        EAKEAE_weightim: 0.0097
        EAKEAF_weightim: 0.0824
        EAKEAG_weightim: 0.0093
        EAKEAH_weightim: 0.0250
        EAKEAI_weightim: 0.0531
        EAKEAJ_weightim: 0.0395
        EAKEAL_weightim: 0.1060
         EAKRW_weightim: 0.3043
         EAKUS_weightim: 0.0299
                  EAK_b: 9.4076
                 EAK_bf: -1.0225
                 EAK_by: 2.4000
                  EAK_c: 2.1876
                 EAK_ci: 2.5519
                 EAK_cj: 1.0950
                 EAK_cy: 0.5581
                  EAK_d: 0.5313
                 EAK_dn: 0.2504
                 EAK_dt: 0.2809
               EAK_etot: 0.8023
                 EAK_ex: 1.1907
                 EAK_fh: 10.8139
                 EAK_fi: 16.5860
                 EAK_fj: 0.6143
                 EAK_fn: 13.1159
                 EAK_cg: 0.8310
             EAK_gammab: 0
             EAK_gammai: 0
          EAK_gammaider: 0
             EAK_gammau: 0
          EAK_gammauder: 0.0324
             EAK_gammav: 2.2099e-04
            EAK_gammavi: 1.0102e-04
         EAK_gammavider: 0.0022
            EAK_gammavj: 1.0102e-04
         EAK_gammavjder: 0.0022
                 EAK_gh: 12.9767
                 EAK_gi: 5.2912
                 EAK_gj: 4.1103
                 EAK_gn: 19.6739
                EAK_cgy: 0.2000
                 EAK_ht: 1.2339
                EAK_htc: 0.1910
                EAK_hti: 0.3755
               EAK_htcg: 0.5613
               EAK_htig: 0.1061
                  EAK_i: 0.8277
                 EAK_ig: 0.1659
                 EAK_ii: 1.1036
                 EAK_im: 1.3045
                EAK_imc: 0.8851
                EAK_imi: 0.2672
               EAK_imcg: 0.1220
               EAK_imig: 0.0301
                EAK_imy: 0.2754
        EAK_internalrer: 1.3571
                EAK_igy: 0.0400
                  EAK_k: 33.1090
                 EAK_kd: 33.1090
                EAK_kdn: 14.2341
                EAK_kdt: 18.8749
                 EAK_ki: 44.1453
            EAK_lambdai: 1.0993
            EAK_lambdaj: 2.5619
                EAK_lcy: 0.6051
                  EAK_m: 0.9192
                EAK_mcn: 0.7605
                EAK_mct: 0.7605
                 EAK_mi: 1.0722
                 EAK_mj: 0.4601
                 EAK_nd: 1.8864
                EAK_ndi: 0.8620
                EAK_ndj: 1.1242
                EAK_ndn: 0.8110
                EAK_ndt: 1.0754
                 EAK_ni: 0.8620
                 EAK_nj: 1.1242
                 EAK_nt: 1.4966
                EAK_ntc: 1.1267
                EAK_nti: 0.1886
               EAK_ntcg: 0.1511
               EAK_ntig: 0.0302
                EAK_pex: 0.9126
                EAK_pht: 0.9126
           EAK_phttilde: 0.9126
                 EAK_pi: 0.9471
                EAK_pcg: 0.9434
                EAK_pig: 0.9451
                EAK_pic: 1.0050
               EAK_pic4: 1.0200
              EAK_piex4: 1.0200
               EAK_piht: 1.0050
              EAK_piimc: 1.0050
              EAK_piimi: 1.0050
             EAK_piimcg: 1.0050
             EAK_piimig: 1.0050
             EAK_piimc4: 1.0200
                EAK_pim: 0.8275
               EAK_pimc: 0.8229
               EAK_pimi: 0.8465
              EAK_pimcg: 0.8141
              EAK_pimig: 0.8466
               EAK_pint: 1.0050
                EAK_piw: 1.0050
               EAK_piw4: 1.0200
                EAK_pnt: 1.1407
           EAK_pnttilde: 1.1407
               EAK_pttc: 0.8406
               EAK_ptti: 0.8866
              EAK_pttcg: 0.8970
              EAK_pttig: 0.8990
                 EAK_py: 0.9997
                  EAK_q: 0.9471
                 EAK_qc: 2.1879
                 EAK_qi: 0.8277
                EAK_qcg: 0.8310
                EAK_qig: 0.1659
                  EAK_r: 1.0124
               EAK_reer: 0.7831
                EAK_rer: 0.5779
             EAK_rerdep: 1
                 EAK_rk: 0.0307
                 EAK_rp: 0
                 EAK_rr: 1.0074
             EAK_rrstar: 1.0074
                 EAK_sh: 1.0000
                 EAK_si: 1
                 EAK_sj: 1.0000
                EAK_snt: 1.0000
                  EAK_t: 0
               EAK_tauc: 0.1830
               EAK_taud: 0
               EAK_tauk: 0
               EAK_taun: 0.1220
              EAK_tauwf: 0.2190
              EAK_tauwh: 0.1180
                 EAK_tb: 0.0072
                EAK_tby: 0.0018
                 EAK_ti: 0
                 EAK_tj: 0
                EAK_tot: 0.5927
                 EAK_tr: 0.2883
                EAK_tri: 0.1922
                EAK_trj: 0.5767
                EAK_try: 0.0736
                EAK_ttc: 1.0739
                EAK_tti: 0.6416
               EAK_ttcg: 0.6818
               EAK_ttig: 0.1361
                 EAK_ty: 0
                  EAK_u: 1
              EAK_utili: -65.2878
              EAK_utilj: -215.5255
                 EAK_vj: 2.3800
                  EAK_w: 1.0315
               EAK_wcst: 0
               EAK_whty: 0.5013
                 EAK_wi: 1.1566
            EAK_witilde: 1.1566
                 EAK_wj: 0.8440
            EAK_wjtilde: 0.8440
               EAK_wnty: 0.4900
                 EAK_wy: 0.4964
                  EAK_y: 3.9212
               EAK_ygap: 0
            EAK_ygrowth: 1
           EAK_ygrowth4: 1
               EAK_yhty: 0.5645
               EAK_ynty: 0.4355
             EAK_yshare: 0.0096
                EAK_ysn: 1.4966
                EAK_yst: 2.4246
               EAK_zcon: 1
               EAK_zinv: 1
                 EAK_zn: 1
                 EAK_zt: 1
            EAK_gammav1: 0.0287
            EAK_gammav2: 0.1503
               EAK_nutc: 0.2184
               EAK_nuti: 0.6290
              EAK_nutcg: 0.8596
              EAK_nutig: 0.8094
               EAK_psit: 0.0476
          EAKEAA_rerbar: 1.0133
          EAKEAB_rerbar: 0.9326
          EAKEAC_rerbar: 0.9215
          EAKEAD_rerbar: 1.0710
          EAKEAE_rerbar: 0.8789
          EAKEAF_rerbar: 0.9190
          EAKEAG_rerbar: 0.9110
          EAKEAH_rerbar: 0.9089
          EAKEAI_rerbar: 0.9674
          EAKEAJ_rerbar: 0.9858
          EAKEAL_rerbar: 0.9792
           EAKRW_rerbar: 0.6033
           EAKUS_rerbar: 0.5779
              EAK_pibar: 0.9471
            EAK_psinbar: 0.4190
            EAK_psitbar: 0.1155
              EAK_pybar: 0.9997
               EAK_qbar: 0.9471
             EAK_trybar: 0.0736
               EAK_ybar: 3.9212
              EAK_ynbar: 1.4966
              EAK_ytbar: 2.4246
            EALEAA_excy: 0.0059
            EALEAB_excy: 0.0092
            EALEAC_excy: 0.0046
            EALEAD_excy: 0.0057
            EALEAE_excy: 0.0022
            EALEAF_excy: 0.0121
            EALEAG_excy: 0.0024
            EALEAH_excy: 0.0017
            EALEAI_excy: 0.0096
            EALEAJ_excy: 0.0068
            EALEAK_excy: 0.0028
             EALRW_excy: 0.0643
             EALUS_excy: 0.0147
            EALEAA_exiy: 0.0037
            EALEAB_exiy: 0.0059
            EALEAC_exiy: 0.0031
            EALEAD_exiy: 0.0040
            EALEAE_exiy: 0.0015
            EALEAF_exiy: 0.0065
            EALEAG_exiy: 6.5961e-04
            EALEAH_exiy: 0.0019
            EALEAI_exiy: 0.0044
            EALEAJ_exiy: 0.0035
            EALEAK_exiy: 0.0013
             EALRW_exiy: 0.0277
             EALUS_exiy: 0.0061
                 EAL_fx: 3.2866
        EALEAA_gammaimc: 0
        EALEAB_gammaimc: 0
        EALEAC_gammaimc: 0
        EALEAD_gammaimc: 0
        EALEAE_gammaimc: 0
        EALEAF_gammaimc: 0
        EALEAG_gammaimc: 0
        EALEAH_gammaimc: 0
        EALEAI_gammaimc: 0
        EALEAJ_gammaimc: 0
        EALEAK_gammaimc: 0
         EALRW_gammaimc: 0
         EALUS_gammaimc: 0
     EALEAA_gammaimcdag: 1
     EALEAB_gammaimcdag: 1
     EALEAC_gammaimcdag: 1
     EALEAD_gammaimcdag: 1
     EALEAE_gammaimcdag: 1
     EALEAF_gammaimcdag: 1
     EALEAG_gammaimcdag: 1
     EALEAH_gammaimcdag: 1
     EALEAI_gammaimcdag: 1
     EALEAJ_gammaimcdag: 1
     EALEAK_gammaimcdag: 1
      EALRW_gammaimcdag: 1
      EALUS_gammaimcdag: 1
        EALEAA_gammaimi: 0
        EALEAB_gammaimi: 0
        EALEAC_gammaimi: 0
        EALEAD_gammaimi: 0
        EALEAE_gammaimi: 0
        EALEAF_gammaimi: 0
        EALEAG_gammaimi: 0
        EALEAH_gammaimi: 0
        EALEAI_gammaimi: 0
        EALEAJ_gammaimi: 0
        EALEAK_gammaimi: 0
         EALRW_gammaimi: 0
         EALUS_gammaimi: 0
     EALEAA_gammaimidag: 1
     EALEAB_gammaimidag: 1
     EALEAC_gammaimidag: 1
     EALEAD_gammaimidag: 1
     EALEAE_gammaimidag: 1
     EALEAF_gammaimidag: 1
     EALEAG_gammaimidag: 1
     EALEAH_gammaimidag: 1
     EALEAI_gammaimidag: 1
     EALEAJ_gammaimidag: 1
     EALEAK_gammaimidag: 1
      EALRW_gammaimidag: 1
      EALUS_gammaimidag: 1
       EALEAA_gammaimcg: 0
       EALEAB_gammaimcg: 0
       EALEAC_gammaimcg: 0
       EALEAD_gammaimcg: 0
       EALEAE_gammaimcg: 0
       EALEAF_gammaimcg: 0
       EALEAG_gammaimcg: 0
       EALEAH_gammaimcg: 0
       EALEAI_gammaimcg: 0
       EALEAJ_gammaimcg: 0
       EALEAK_gammaimcg: 0
        EALRW_gammaimcg: 0
        EALUS_gammaimcg: 0
    EALEAA_gammaimcgdag: 1
    EALEAB_gammaimcgdag: 1
    EALEAC_gammaimcgdag: 1
    EALEAD_gammaimcgdag: 1
    EALEAE_gammaimcgdag: 1
    EALEAF_gammaimcgdag: 1
    EALEAG_gammaimcgdag: 1
    EALEAH_gammaimcgdag: 1
    EALEAI_gammaimcgdag: 1
    EALEAJ_gammaimcgdag: 1
    EALEAK_gammaimcgdag: 1
     EALRW_gammaimcgdag: 1
     EALUS_gammaimcgdag: 1
       EALEAA_gammaimig: 0
       EALEAB_gammaimig: 0
       EALEAC_gammaimig: 0
       EALEAD_gammaimig: 0
       EALEAE_gammaimig: 0
       EALEAF_gammaimig: 0
       EALEAG_gammaimig: 0
       EALEAH_gammaimig: 0
       EALEAI_gammaimig: 0
       EALEAJ_gammaimig: 0
       EALEAK_gammaimig: 0
        EALRW_gammaimig: 0
        EALUS_gammaimig: 0
    EALEAA_gammaimigdag: 1
    EALEAB_gammaimigdag: 1
    EALEAC_gammaimigdag: 1
    EALEAD_gammaimigdag: 1
    EALEAE_gammaimigdag: 1
    EALEAF_gammaimigdag: 1
    EALEAG_gammaimigdag: 1
    EALEAH_gammaimigdag: 1
    EALEAI_gammaimigdag: 1
    EALEAJ_gammaimigdag: 1
    EALEAK_gammaimigdag: 1
     EALRW_gammaimigdag: 1
     EALUS_gammaimigdag: 1
                 EAL_gx: 3.9439
              EALEAA_im: 0.0384
              EALEAB_im: 0.0581
              EALEAC_im: 0.0416
              EALEAD_im: 0.0363
              EALEAE_im: 0.0178
              EALEAF_im: 0.0785
              EALEAG_im: 0.0146
              EALEAH_im: 0.0362
              EALEAI_im: 0.0577
              EALEAJ_im: 0.0679
              EALEAK_im: 0.0149
               EALRW_im: 0.9362
               EALUS_im: 0.1289
             EALEAA_imc: 0.0231
             EALEAB_imc: 0.0340
             EALEAC_imc: 0.0252
             EALEAD_imc: 0.0229
             EALEAE_imc: 0.0089
             EALEAF_imc: 0.0459
             EALEAG_imc: 0.0085
             EALEAH_imc: 0.0176
             EALEAI_imc: 0.0348
             EALEAJ_imc: 0.0473
             EALEAK_imc: 0.0081
              EALRW_imc: 0.5944
              EALUS_imc: 0.0738
            EALEAJ_imcy: 0.0110
             EALEAA_imi: 0.0103
             EALEAB_imi: 0.0169
             EALEAC_imi: 0.0105
             EALEAD_imi: 0.0089
             EALEAE_imi: 0.0056
             EALEAF_imi: 0.0225
             EALEAG_imi: 0.0036
             EALEAH_imi: 0.0107
             EALEAI_imi: 0.0161
             EALEAJ_imi: 0.0127
             EALEAK_imi: 0.0042
              EALRW_imi: 0.2352
              EALUS_imi: 0.0338
            EALEAJ_imiy: 0.0030
            EALEAA_imcg: 0.0039
            EALEAB_imcg: 0.0055
            EALEAC_imcg: 0.0048
            EALEAD_imcg: 0.0035
            EALEAE_imcg: 0.0027
            EALEAF_imcg: 0.0076
            EALEAG_imcg: 0.0022
            EALEAH_imcg: 0.0067
            EALEAI_imcg: 0.0051
            EALEAJ_imcg: 0.0066
            EALEAK_imcg: 0.0022
             EALRW_imcg: 0.0807
             EALUS_imcg: 0.0176
           EALEAJ_imcgy: 0.0015
            EALEAA_imig: 0.0011
            EALEAB_imig: 0.0018
            EALEAC_imig: 0.0011
            EALEAD_imig: 9.3952e-04
            EALEAE_imig: 5.5886e-04
            EALEAF_imig: 0.0024
            EALEAG_imig: 3.3375e-04
            EALEAH_imig: 0.0011
            EALEAI_imig: 0.0017
            EALEAJ_imig: 0.0014
            EALEAK_imig: 4.1173e-04
             EALRW_imig: 0.0260
             EALUS_imig: 0.0037
           EALEAJ_imigy: 3.1467e-04
               EAL_piex: 1.0050
           EAL_pextilde: 0.9460
             EALEAA_rer: 1.0348
             EALEAB_rer: 0.9524
             EALEAC_rer: 0.9410
             EALEAD_rer: 1.0937
             EALEAE_rer: 0.8975
             EALEAF_rer: 0.9385
             EALEAG_rer: 0.9303
             EALEAH_rer: 0.9282
             EALEAI_rer: 0.9879
             EALEAJ_rer: 1.0067
             EALEAK_rer: 1.0212
              EALRW_rer: 0.6161
              EALUS_rer: 0.5902
                 EAL_sx: 1.0000
             EALEAA_tot: 1.1021
             EALEAB_tot: 0.9143
             EALEAC_tot: 0.8971
             EALEAD_tot: 1.1023
             EALEAE_tot: 0.8649
             EALEAF_tot: 0.9004
             EALEAG_tot: 0.9212
             EALEAH_tot: 0.9084
             EALEAI_tot: 0.9657
             EALEAJ_tot: 1.0209
             EALEAK_tot: 0.9852
              EALRW_tot: 0.6053
              EALUS_tot: 0.5839
          EALEAA_weight: 0.0400
          EALEAB_weight: 0.0548
          EALEAC_weight: 0.0339
          EALEAD_weight: 0.0415
          EALEAE_weight: 0.0156
          EALEAF_weight: 0.0743
          EALEAG_weight: 0.0134
          EALEAH_weight: 0.0237
          EALEAI_weight: 0.0569
          EALEAJ_weight: 0.0549
          EALEAK_weight: 0.0155
           EALRW_weight: 0.4838
           EALUS_weight: 0.0917
        EALEAA_weightex: 0.0410
        EALEAB_weightex: 0.0608
        EALEAC_weightex: 0.0334
        EALEAD_weightex: 0.0464
        EALEAE_weightex: 0.0170
        EALEAF_weightex: 0.0838
        EALEAG_weightex: 0.0144
        EALEAH_weightex: 0.0170
        EALEAI_weightex: 0.0626
        EALEAJ_weightex: 0.0459
        EALEAK_weightex: 0.0176
         EALRW_weightex: 0.4456
         EALUS_weightex: 0.1145
        EALEAA_weightim: 0.0390
        EALEAB_weightim: 0.0489
        EALEAC_weightim: 0.0343
        EALEAD_weightim: 0.0368
        EALEAE_weightim: 0.0142
        EALEAF_weightim: 0.0650
        EALEAG_weightim: 0.0124
        EALEAH_weightim: 0.0302
        EALEAI_weightim: 0.0513
        EALEAJ_weightim: 0.0638
        EALEAK_weightim: 0.0135
         EALRW_weightim: 0.5214
         EALUS_weightim: 0.0692
                  EAL_b: 9.9519
                 EAL_bf: 2.8244
                 EAL_by: 2.4000
                  EAL_c: 2.3423
                 EAL_ci: 2.7339
                 EAL_cj: 1.1677
                 EAL_cy: 0.5649
                  EAL_d: 0.5621
                 EAL_dn: 0.2773
                 EAL_dt: 0.2847
               EAL_etot: 0.7354
                 EAL_ex: 1.0653
                 EAL_fh: 11.9855
                 EAL_fi: 35.6513
                 EAL_fj: 1.3204
                 EAL_fn: 14.5272
                 EAL_cg: 0.8593
             EAL_gammab: 0
             EAL_gammai: 0
          EAL_gammaider: 0
             EAL_gammau: 0
          EAL_gammauder: 0.0324
             EAL_gammav: 2.3662e-04
            EAL_gammavi: 1.0102e-04
         EAL_gammavider: 0.0022
            EAL_gammavj: 1.0102e-04
         EAL_gammavjder: 0.0022
                 EAL_gh: 14.3826
                 EAL_gi: 6.3740
                 EAL_gj: 4.9745
                 EAL_gn: 21.7909
                EAL_cgy: 0.2000
                 EAL_ht: 1.3193
                EAL_htc: 0.3253
                EAL_hti: 0.3503
               EAL_htcg: 0.5750
               EAL_htig: 0.0687
                  EAL_i: 0.8929
                 EAL_ig: 0.1666
                 EAL_ii: 1.1905
                 EAL_im: 1.4228
                EAL_imc: 0.8795
                EAL_imi: 0.3648
               EAL_imcg: 0.1387
               EAL_imig: 0.0397
                EAL_imy: 0.2480
        EAL_internalrer: 1.4822
                EAL_igy: 0.0400
                  EAL_k: 35.7163
                 EAL_kd: 35.7163
                EAL_kdn: 16.0771
                EAL_kdt: 19.6392
                 EAL_ki: 47.6218
            EAL_lambdai: 1.0261
            EAL_lambdaj: 2.4024
                EAL_lcy: 0.6051
                  EAL_m: 0.9842
                EAL_mcn: 0.7883
                EAL_mct: 0.7883
                 EAL_mi: 1.1487
                 EAL_mj: 0.4906
                 EAL_nd: 1.8798
                EAL_ndi: 0.8582
                EAL_ndj: 1.1215
                EAL_ndn: 0.8462
                EAL_ndt: 1.0337
                 EAL_ni: 0.8582
                 EAL_nj: 1.1215
                 EAL_nt: 1.5991
                EAL_ntc: 1.1848
                EAL_nti: 0.1978
               EAL_ntcg: 0.1553
               EAL_ntig: 0.0611
                EAL_pex: 0.9460
                EAL_pht: 0.9460
           EAL_phttilde: 0.9460
                 EAL_pi: 0.9288
                EAL_pcg: 0.9651
                EAL_pig: 0.9956
                EAL_pic: 1.0050
               EAL_pic4: 1.0200
              EAL_piex4: 1.0200
               EAL_piht: 1.0050
              EAL_piimc: 1.0050
              EAL_piimi: 1.0050
             EAL_piimcg: 1.0050
             EAL_piimig: 1.0050
             EAL_piimc4: 1.0200
                EAL_pim: 0.7227
               EAL_pimc: 0.7207
               EAL_pimi: 0.7237
              EAL_pimcg: 0.7336
              EAL_pimig: 0.7198
               EAL_pint: 1.0050
                EAL_piw: 1.0050
               EAL_piw4: 1.0200
                EAL_pnt: 1.1825
           EAL_pnttilde: 1.1825
               EAL_pttc: 0.7977
               EAL_ptti: 0.8510
              EAL_pttcg: 0.9142
              EAL_pttig: 0.8800
                 EAL_py: 1.0409
                  EAL_q: 0.9288
                 EAL_qc: 2.3426
                 EAL_qi: 0.8929
                EAL_qcg: 0.8593
                EAL_qig: 0.1666
                  EAL_r: 1.0124
               EAL_reer: 0.7472
                EAL_rer: 0.5902
             EAL_rerdep: 1
                 EAL_rk: 0.0301
                 EAL_rp: 0
                 EAL_rr: 1.0074
             EAL_rrstar: 1.0074
                 EAL_sh: 1.0000
                 EAL_si: 1
                 EAL_sj: 1.0000
                EAL_snt: 1.0000
                  EAL_t: 0
               EAL_tauc: 0.1830
               EAL_taud: 0
               EAL_tauk: 0
               EAL_taun: 0.1220
              EAL_tauwf: 0.2190
              EAL_tauwh: 0.1180
                 EAL_tb: -0.0204
                EAL_tby: -0.0049
                 EAL_ti: 0
                 EAL_tj: 0
                EAL_tot: 0.5839
                 EAL_tr: 0.3102
                EAL_tri: 0.2068
                EAL_trj: 0.6204
                EAL_try: 0.0748
                EAL_ttc: 1.1802
                EAL_tti: 0.6996
               EAL_ttcg: 0.7063
               EAL_ttig: 0.1063
                 EAL_ty: 0
                  EAL_u: 1
              EAL_utili: -55.5425
              EAL_utilj: -206.3386
                 EAL_vj: 2.3800
                  EAL_w: 1.0950
               EAL_wcst: 0
               EAL_whty: 0.5018
                 EAL_wi: 1.2280
            EAL_witilde: 1.2280
                 EAL_wj: 0.8957
            EAL_wjtilde: 0.8957
               EAL_wnty: 0.4900
                 EAL_wy: 0.4964
                  EAL_y: 3.9837
               EAL_ygap: 0
            EAL_ygrowth: 1
           EAL_ygrowth4: 1
               EAL_yhty: 0.5440
               EAL_ynty: 0.4560
             EAL_yshare: 0.0622
                EAL_ysn: 1.5991
                EAL_yst: 2.3846
               EAL_zcon: 1
               EAL_zinv: 1
                 EAL_zn: 1
                 EAL_zt: 1
            EAL_gammav1: 0.0287
            EAL_gammav2: 0.1503
               EAL_nutc: 0.4220
               EAL_nuti: 0.6523
              EAL_nutcg: 0.8867
              EAL_nutig: 0.7738
               EAL_psit: 0.0485
          EALEAA_rerbar: 1.0348
          EALEAB_rerbar: 0.9524
          EALEAC_rerbar: 0.9410
          EALEAD_rerbar: 1.0937
          EALEAE_rerbar: 0.8975
          EALEAF_rerbar: 0.9385
          EALEAG_rerbar: 0.9303
          EALEAH_rerbar: 0.9282
          EALEAI_rerbar: 0.9879
          EALEAJ_rerbar: 1.0067
          EALEAK_rerbar: 1.0212
           EALRW_rerbar: 0.6161
           EALUS_rerbar: 0.5902
              EAL_pibar: 0.9288
            EAL_psinbar: 0.4477
            EAL_psitbar: 0.1157
              EAL_pybar: 1.0409
               EAL_qbar: 0.9288
             EAL_trybar: 0.0748
               EAL_ybar: 3.9837
              EAL_ynbar: 1.5991
              EAL_ytbar: 2.3846
             RWEAA_excy: 0.0029
             RWEAB_excy: 0.0016
             RWEAC_excy: 0.0016
             RWEAD_excy: 0.0039
             RWEAE_excy: 0.0014
             RWEAF_excy: 0.0055
             RWEAG_excy: 0.0017
             RWEAH_excy: 0.0013
             RWEAI_excy: 0.0047
             RWEAJ_excy: 0.0030
             RWEAK_excy: 0.0011
             RWEAL_excy: 0.0097
              RWUS_excy: 0.0226
             RWEAA_exiy: 0.0011
             RWEAB_exiy: 7.3909e-04
             RWEAC_exiy: 8.9054e-04
             RWEAD_exiy: 0.0012
             RWEAE_exiy: 6.5519e-04
             RWEAF_exiy: 0.0018
             RWEAG_exiy: 3.2089e-04
             RWEAH_exiy: 9.9357e-04
             RWEAI_exiy: 0.0013
             RWEAJ_exiy: 0.0012
             RWEAK_exiy: 2.4981e-04
             RWEAL_exiy: 0.0038
              RWUS_exiy: 0.0090
                  RW_fx: 1.4463
         RWEAA_gammaimc: 0
         RWEAB_gammaimc: 0
         RWEAC_gammaimc: 0
         RWEAD_gammaimc: 0
         RWEAE_gammaimc: 0
         RWEAF_gammaimc: 0
         RWEAG_gammaimc: 0
         RWEAH_gammaimc: 0
         RWEAI_gammaimc: 0
         RWEAJ_gammaimc: 0
         RWEAK_gammaimc: 0
         RWEAL_gammaimc: 0
          RWUS_gammaimc: 0
      RWEAA_gammaimcdag: 1
      RWEAB_gammaimcdag: 1
      RWEAC_gammaimcdag: 1
      RWEAD_gammaimcdag: 1
      RWEAE_gammaimcdag: 1
      RWEAF_gammaimcdag: 1
      RWEAG_gammaimcdag: 1
      RWEAH_gammaimcdag: 1
      RWEAI_gammaimcdag: 1
      RWEAJ_gammaimcdag: 1
      RWEAK_gammaimcdag: 1
      RWEAL_gammaimcdag: 1
       RWUS_gammaimcdag: 1
         RWEAA_gammaimi: 0
         RWEAB_gammaimi: 0
         RWEAC_gammaimi: 0
         RWEAD_gammaimi: 0
         RWEAE_gammaimi: 0
         RWEAF_gammaimi: 0
         RWEAG_gammaimi: 0
         RWEAH_gammaimi: 0
         RWEAI_gammaimi: 0
         RWEAJ_gammaimi: 0
         RWEAK_gammaimi: 0
         RWEAL_gammaimi: 0
          RWUS_gammaimi: 0
      RWEAA_gammaimidag: 1
      RWEAB_gammaimidag: 1
      RWEAC_gammaimidag: 1
      RWEAD_gammaimidag: 1
      RWEAE_gammaimidag: 1
      RWEAF_gammaimidag: 1
      RWEAG_gammaimidag: 1
      RWEAH_gammaimidag: 1
      RWEAI_gammaimidag: 1
      RWEAJ_gammaimidag: 1
      RWEAK_gammaimidag: 1
      RWEAL_gammaimidag: 1
       RWUS_gammaimidag: 1
        RWEAA_gammaimcg: 0
        RWEAB_gammaimcg: 0
        RWEAC_gammaimcg: 0
        RWEAD_gammaimcg: 0
        RWEAE_gammaimcg: 0
        RWEAF_gammaimcg: 0
        RWEAG_gammaimcg: 0
        RWEAH_gammaimcg: 0
        RWEAI_gammaimcg: 0
        RWEAJ_gammaimcg: 0
        RWEAK_gammaimcg: 0
        RWEAL_gammaimcg: 0
         RWUS_gammaimcg: 0
     RWEAA_gammaimcgdag: 1
     RWEAB_gammaimcgdag: 1
     RWEAC_gammaimcgdag: 1
     RWEAD_gammaimcgdag: 1
     RWEAE_gammaimcgdag: 1
     RWEAF_gammaimcgdag: 1
     RWEAG_gammaimcgdag: 1
     RWEAH_gammaimcgdag: 1
     RWEAI_gammaimcgdag: 1
     RWEAJ_gammaimcgdag: 1
     RWEAK_gammaimcgdag: 1
     RWEAL_gammaimcgdag: 1
      RWUS_gammaimcgdag: 1
        RWEAA_gammaimig: 0
        RWEAB_gammaimig: 0
        RWEAC_gammaimig: 0
        RWEAD_gammaimig: 0
        RWEAE_gammaimig: 0
        RWEAF_gammaimig: 0
        RWEAG_gammaimig: 0
        RWEAH_gammaimig: 0
        RWEAI_gammaimig: 0
        RWEAJ_gammaimig: 0
        RWEAK_gammaimig: 0
        RWEAL_gammaimig: 0
         RWUS_gammaimig: 0
     RWEAA_gammaimigdag: 1
     RWEAB_gammaimigdag: 1
     RWEAC_gammaimigdag: 1
     RWEAD_gammaimigdag: 1
     RWEAE_gammaimigdag: 1
     RWEAF_gammaimigdag: 1
     RWEAG_gammaimigdag: 1
     RWEAH_gammaimigdag: 1
     RWEAI_gammaimigdag: 1
     RWEAJ_gammaimigdag: 1
     RWEAK_gammaimigdag: 1
     RWEAL_gammaimigdag: 1
      RWUS_gammaimigdag: 1
                  RW_gx: 1.7356
               RWEAA_im: 0.0118
               RWEAB_im: 0.0096
               RWEAC_im: 0.0105
               RWEAD_im: 0.0141
               RWEAE_im: 0.0088
               RWEAF_im: 0.0280
               RWEAG_im: 0.0080
               RWEAH_im: 0.0089
               RWEAI_im: 0.0212
               RWEAJ_im: 0.0114
               RWEAK_im: 0.0076
               RWEAL_im: 0.0370
                RWUS_im: 0.2262
              RWEAA_imc: 0.0077
              RWEAB_imc: 0.0047
              RWEAC_imc: 0.0052
              RWEAD_imc: 0.0074
              RWEAE_imc: 0.0042
              RWEAF_imc: 0.0153
              RWEAG_imc: 0.0038
              RWEAH_imc: 0.0043
              RWEAI_imc: 0.0114
              RWEAJ_imc: 0.0058
              RWEAK_imc: 0.0036
              RWEAL_imc: 0.0230
               RWUS_imc: 0.1225
             RWEAK_imcy: 0.0012
              RWEAA_imi: 0.0027
              RWEAB_imi: 0.0032
              RWEAC_imi: 0.0035
              RWEAD_imi: 0.0045
              RWEAE_imi: 0.0030
              RWEAF_imi: 0.0089
              RWEAG_imi: 0.0027
              RWEAH_imi: 0.0030
              RWEAI_imi: 0.0067
              RWEAJ_imi: 0.0037
              RWEAK_imi: 0.0026
              RWEAL_imi: 0.0099
               RWUS_imi: 0.0751
             RWEAK_imiy: 8.3405e-04
             RWEAA_imcg: 0.0011
             RWEAB_imcg: 0.0013
             RWEAC_imcg: 0.0014
             RWEAD_imcg: 0.0016
             RWEAE_imcg: 0.0013
             RWEAF_imcg: 0.0028
             RWEAG_imcg: 0.0012
             RWEAH_imcg: 0.0013
             RWEAI_imcg: 0.0022
             RWEAJ_imcg: 0.0014
             RWEAK_imcg: 0.0011
             RWEAL_imcg: 0.0030
              RWUS_imcg: 0.0202
            RWEAK_imcgy: 3.7051e-04
             RWEAA_imig: 3.1416e-04
             RWEAB_imig: 3.7872e-04
             RWEAC_imig: 4.1107e-04
             RWEAD_imig: 5.2352e-04
             RWEAE_imig: 3.5477e-04
             RWEAF_imig: 0.0010
             RWEAG_imig: 3.2393e-04
             RWEAH_imig: 3.5636e-04
             RWEAI_imig: 7.7252e-04
             RWEAJ_imig: 4.3569e-04
             RWEAK_imig: 3.0574e-04
             RWEAL_imig: 0.0011
              RWUS_imig: 0.0084
            RWEAK_imigy: 9.9860e-05
                RW_piex: 1.0050
            RW_pextilde: 0.9294
              RWEAA_rer: 1.6796
              RWEAB_rer: 1.5459
              RWEAC_rer: 1.5274
              RWEAD_rer: 1.7752
              RWEAE_rer: 1.4568
              RWEAF_rer: 1.5233
              RWEAG_rer: 1.5100
              RWEAH_rer: 1.5066
              RWEAI_rer: 1.6036
              RWEAJ_rer: 1.6340
              RWEAK_rer: 1.6576
              RWEAL_rer: 1.6232
               RWUS_rer: 0.9579
                  RW_sx: 1.0000
              RWEAA_tot: 1.8209
              RWEAB_tot: 1.5105
              RWEAC_tot: 1.4821
              RWEAD_tot: 1.8212
              RWEAE_tot: 1.4289
              RWEAF_tot: 1.4877
              RWEAG_tot: 1.5219
              RWEAH_tot: 1.5009
              RWEAI_tot: 1.5955
              RWEAJ_tot: 1.6866
              RWEAK_tot: 1.6276
              RWEAL_tot: 1.6521
               RWUS_tot: 0.9647
           RWEAA_weight: 0.0446
           RWEAB_weight: 0.0286
           RWEAC_weight: 0.0311
           RWEAD_weight: 0.0563
           RWEAE_weight: 0.0253
           RWEAF_weight: 0.0855
           RWEAG_weight: 0.0240
           RWEAH_weight: 0.0271
           RWEAI_weight: 0.0699
           RWEAJ_weight: 0.0454
           RWEAK_weight: 0.0205
           RWEAL_weight: 0.1406
            RWUS_weight: 0.4011
         RWEAA_weightex: 0.0464
         RWEAB_weightex: 0.0285
         RWEAC_weightex: 0.0311
         RWEAD_weightex: 0.0618
         RWEAE_weightex: 0.0257
         RWEAF_weightex: 0.0881
         RWEAG_weightex: 0.0235
         RWEAH_weightex: 0.0277
         RWEAI_weightex: 0.0727
         RWEAJ_weightex: 0.0528
         RWEAK_weightex: 0.0162
         RWEAL_weightex: 0.1602
          RWUS_weightex: 0.3654
         RWEAA_weightim: 0.0428
         RWEAB_weightim: 0.0288
         RWEAC_weightim: 0.0311
         RWEAD_weightim: 0.0510
         RWEAE_weightim: 0.0250
         RWEAF_weightim: 0.0831
         RWEAG_weightim: 0.0244
         RWEAH_weightim: 0.0266
         RWEAI_weightim: 0.0673
         RWEAJ_weightim: 0.0384
         RWEAK_weightim: 0.0245
         RWEAL_weightim: 0.1220
          RWUS_weightim: 0.4349
                   RW_b: 11.1154
                  RW_bf: 1.9435
                  RW_by: 2.4000
                   RW_c: 2.8014
                  RW_ci: 3.3882
                  RW_cj: 1.0410
                  RW_cy: 0.6049
                   RW_d: 0.6278
                  RW_dn: 0.3451
                  RW_dt: 0.2826
                RW_etot: 1.3115
                  RW_ex: 0.4772
                  RW_fh: 6.3863
                  RW_fi: 647.8491
                  RW_fj: 23.9944
                  RW_fn: 6.8292
                  RW_cg: 0.7672
              RW_gammab: 0
              RW_gammai: 0
           RW_gammaider: 0
              RW_gammau: 0
           RW_gammauder: 0.0324
              RW_gammav: 2.8299e-04
             RW_gammavi: 1.0102e-04
          RW_gammavider: 0.0022
             RW_gammavj: 1.0102e-04
          RW_gammavjder: 0.0022
                  RW_gh: 7.6635
                  RW_gi: 15.1387
                  RW_gj: 16.4244
                  RW_gn: 8.7262
                 RW_cgy: 0.1600
                  RW_ht: 2.1070
                 RW_htc: 0.7920
                 RW_hti: 0.5892
                RW_htcg: 0.5848
                RW_htig: 0.1410
                   RW_i: 0.9292
                  RW_ig: 0.1906
                  RW_ii: 1.2390
                  RW_im: 0.3714
                 RW_imc: 0.2015
                 RW_imi: 0.1194
                RW_imcg: 0.0371
                RW_imig: 0.0135
                 RW_imy: 0.1007
         RW_internalrer: 0.9707
                 RW_igy: 0.0400
                   RW_k: 37.1692
                  RW_kd: 37.1692
                 RW_kdn: 17.4964
                 RW_kdt: 19.6728
                  RW_ki: 49.5589
             RW_lambdai: 0.9090
             RW_lambdaj: 2.9587
                 RW_lcy: 0.6051
                   RW_m: 1.1771
                 RW_mcn: 0.7745
                 RW_mct: 0.7745
                  RW_mi: 1.4236
                  RW_mj: 0.4374
                  RW_nd: 2.2196
                 RW_ndi: 0.8839
                 RW_ndj: 1.4301
                 RW_ndn: 1.0448
                 RW_ndt: 1.1748
                  RW_ni: 0.8839
                  RW_nj: 1.4301
                  RW_nt: 2.2532
                 RW_ntc: 1.8306
                 RW_nti: 0.2332
                RW_ntcg: 0.1516
                RW_ntig: 0.0378
                 RW_pex: 0.9294
                 RW_pht: 0.9294
            RW_phttilde: 0.9294
                  RW_pi: 0.9968
                 RW_pcg: 0.9658
                 RW_pig: 0.9722
                 RW_pic: 1.0050
                RW_pic4: 1.0200
               RW_piex4: 1.0200
                RW_piht: 1.0050
               RW_piimc: 1.0050
               RW_piimi: 1.0050
              RW_piimcg: 1.0050
              RW_piimig: 1.0050
              RW_piimc4: 1.0200
                 RW_pim: 1.2554
                RW_pimc: 1.2608
                RW_pimi: 1.2394
               RW_pimcg: 1.2812
               RW_pimig: 1.2450
                RW_pint: 1.0050
                 RW_piw: 1.0050
                RW_piw4: 1.0200
                 RW_pnt: 0.9896
            RW_pnttilde: 0.9896
                RW_pttc: 1.0194
                RW_ptti: 0.9992
               RW_pttcg: 0.9599
               RW_pttig: 0.9679
                  RW_py: 0.9574
                   RW_q: 0.9968
                  RW_qc: 2.8017
                  RW_qi: 0.9292
                 RW_qcg: 0.7672
                 RW_qig: 0.1906
                   RW_r: 1.0124
                RW_reer: 1.3023
                 RW_rer: 0.9579
              RW_rerdep: 1
                  RW_rk: 0.0323
                  RW_rp: 0
                  RW_rr: 1.0074
              RW_rrstar: 1.0074
                  RW_sh: 1.0000
                  RW_si: 1
                  RW_sj: 1.0000
                 RW_snt: 1.0000
                   RW_t: 0
                RW_tauc: 0.0770
                RW_taud: 0
                RW_tauk: 0
                RW_taun: 0.1540
               RW_tauwf: 0.0710
               RW_tauwh: 0.0710
                  RW_tb: -0.0228
                 RW_tby: -0.0049
                  RW_ti: 0
                  RW_tj: 0
                 RW_tot: 0.9647
                  RW_tr: -0.0116
                 RW_tri: -0.0078
                 RW_trj: -0.0233
                 RW_try: -0.0025
                 RW_ttc: 0.9712
                 RW_tti: 0.6961
                RW_ttcg: 0.6157
                RW_ttig: 0.1528
                  RW_ty: 0
                   RW_u: 1
               RW_utili: -29.0508
               RW_utilj: -290.4897
                  RW_vj: 2.3800
                   RW_w: 1.1789
                RW_wcst: 0
                RW_whty: 0.5767
                  RW_wi: 1.2865
             RW_witilde: 1.2865
                  RW_wj: 1.0346
             RW_wjtilde: 1.0346
                RW_wnty: 0.5524
                  RW_wy: 0.5650
                   RW_y: 4.8373
                RW_ygap: 0
             RW_ygrowth: 1
            RW_ygrowth4: 1
                RW_yhty: 0.5186
                RW_ynty: 0.4814
              RW_yshare: 0.5249
                 RW_ysn: 2.2532
                 RW_yst: 2.5842
                RW_zcon: 1
                RW_zinv: 1
                  RW_zn: 1
                  RW_zt: 1
             RW_gammav1: 0.0287
             RW_gammav2: 0.1503
                RW_nutc: 0.6471
                RW_nuti: 0.7062
               RW_nutcg: 0.8760
               RW_nutig: 0.8337
                RW_psit: 0.0588
           RWEAA_rerbar: 1.6796
           RWEAB_rerbar: 1.5459
           RWEAC_rerbar: 1.5274
           RWEAD_rerbar: 1.7752
           RWEAE_rerbar: 1.4568
           RWEAF_rerbar: 1.5233
           RWEAG_rerbar: 1.5100
           RWEAH_rerbar: 1.5066
           RWEAI_rerbar: 1.6036
           RWEAJ_rerbar: 1.6340
           RWEAK_rerbar: 1.6576
           RWEAL_rerbar: 1.6232
            RWUS_rerbar: 0.9579
               RW_pibar: 0.9968
             RW_psinbar: 0.1803
             RW_psitbar: 0.1519
               RW_pybar: 0.9574
                RW_qbar: 0.9968
              RW_trybar: -0.0025
                RW_ybar: 4.8373
               RW_ynbar: 2.2532
               RW_ytbar: 2.5842
             USEAA_excy: 5.7613e-04
             USEAB_excy: 3.6001e-04
             USEAC_excy: 6.9872e-04
             USEAD_excy: 0.0011
             USEAE_excy: 3.7492e-04
             USEAF_excy: 0.0018
             USEAG_excy: 3.6180e-04
             USEAH_excy: 0.0015
             USEAI_excy: 0.0011
             USEAJ_excy: 0.0015
             USEAK_excy: 2.4649e-04
             USEAL_excy: 0.0030
              USRW_excy: 0.0602
             USEAA_exiy: 3.0309e-04
             USEAB_exiy: 1.8834e-04
             USEAC_exiy: 4.2024e-04
             USEAD_exiy: 3.8298e-04
             USEAE_exiy: 2.2160e-04
             USEAF_exiy: 9.0658e-04
             USEAG_exiy: 1.0103e-04
             USEAH_exiy: 0.0021
             USEAI_exiy: 3.6824e-04
             USEAJ_exiy: 7.9437e-04
             USEAK_exiy: 8.6552e-05
             USEAL_exiy: 0.0014
              USRW_exiy: 0.0369
                  US_fx: 2.0899
         USEAA_gammaimc: 0
         USEAB_gammaimc: 0
         USEAC_gammaimc: 0
         USEAD_gammaimc: 0
         USEAE_gammaimc: 0
         USEAF_gammaimc: 0
         USEAG_gammaimc: 0
         USEAH_gammaimc: 0
         USEAI_gammaimc: 0
         USEAJ_gammaimc: 0
         USEAK_gammaimc: 0
         USEAL_gammaimc: 0
          USRW_gammaimc: 0
      USEAA_gammaimcdag: 1
      USEAB_gammaimcdag: 1
      USEAC_gammaimcdag: 1
      USEAD_gammaimcdag: 1
      USEAE_gammaimcdag: 1
      USEAF_gammaimcdag: 1
      USEAG_gammaimcdag: 1
      USEAH_gammaimcdag: 1
      USEAI_gammaimcdag: 1
      USEAJ_gammaimcdag: 1
      USEAK_gammaimcdag: 1
      USEAL_gammaimcdag: 1
       USRW_gammaimcdag: 1
         USEAA_gammaimi: 0
         USEAB_gammaimi: 0
         USEAC_gammaimi: 0
         USEAD_gammaimi: 0
         USEAE_gammaimi: 0
         USEAF_gammaimi: 0
         USEAG_gammaimi: 0
         USEAH_gammaimi: 0
         USEAI_gammaimi: 0
         USEAJ_gammaimi: 0
         USEAK_gammaimi: 0
         USEAL_gammaimi: 0
          USRW_gammaimi: 0
      USEAA_gammaimidag: 1
      USEAB_gammaimidag: 1
      USEAC_gammaimidag: 1
      USEAD_gammaimidag: 1
      USEAE_gammaimidag: 1
      USEAF_gammaimidag: 1
      USEAG_gammaimidag: 1
      USEAH_gammaimidag: 1
      USEAI_gammaimidag: 1
      USEAJ_gammaimidag: 1
      USEAK_gammaimidag: 1
      USEAL_gammaimidag: 1
       USRW_gammaimidag: 1
        USEAA_gammaimcg: 0
        USEAB_gammaimcg: 0
        USEAC_gammaimcg: 0
        USEAD_gammaimcg: 0
        USEAE_gammaimcg: 0
        USEAF_gammaimcg: 0
        USEAG_gammaimcg: 0
        USEAH_gammaimcg: 0
        USEAI_gammaimcg: 0
        USEAJ_gammaimcg: 0
        USEAK_gammaimcg: 0
        USEAL_gammaimcg: 0
         USRW_gammaimcg: 0
     USEAA_gammaimcgdag: 1
     USEAB_gammaimcgdag: 1
     USEAC_gammaimcgdag: 1
     USEAD_gammaimcgdag: 1
     USEAE_gammaimcgdag: 1
     USEAF_gammaimcgdag: 1
     USEAG_gammaimcgdag: 1
     USEAH_gammaimcgdag: 1
     USEAI_gammaimcgdag: 1
     USEAJ_gammaimcgdag: 1
     USEAK_gammaimcgdag: 1
     USEAL_gammaimcgdag: 1
      USRW_gammaimcgdag: 1
        USEAA_gammaimig: 0
        USEAB_gammaimig: 0
        USEAC_gammaimig: 0
        USEAD_gammaimig: 0
        USEAE_gammaimig: 0
        USEAF_gammaimig: 0
        USEAG_gammaimig: 0
        USEAH_gammaimig: 0
        USEAI_gammaimig: 0
        USEAJ_gammaimig: 0
        USEAK_gammaimig: 0
        USEAL_gammaimig: 0
         USRW_gammaimig: 0
     USEAA_gammaimigdag: 1
     USEAB_gammaimigdag: 1
     USEAC_gammaimigdag: 1
     USEAD_gammaimigdag: 1
     USEAE_gammaimigdag: 1
     USEAF_gammaimigdag: 1
     USEAG_gammaimigdag: 1
     USEAH_gammaimigdag: 1
     USEAI_gammaimigdag: 1
     USEAJ_gammaimigdag: 1
     USEAK_gammaimigdag: 1
     USEAL_gammaimigdag: 1
      USRW_gammaimigdag: 1
                  US_gx: 2.5078
               USEAA_im: 0.0044
               USEAB_im: 0.0052
               USEAC_im: 0.0059
               USEAD_im: 0.0089
               USEAE_im: 0.0045
               USEAF_im: 0.0190
               USEAG_im: 0.0041
               USEAH_im: 0.0047
               USEAI_im: 0.0140
               USEAJ_im: 0.0068
               USEAK_im: 0.0039
               USEAL_im: 0.0218
                USRW_im: 0.4358
              USEAA_imc: 0.0019
              USEAB_imc: 0.0023
              USEAC_imc: 0.0027
              USEAD_imc: 0.0048
              USEAE_imc: 0.0017
              USEAF_imc: 0.0112
              USEAG_imc: 0.0015
              USEAH_imc: 0.0019
              USEAI_imc: 0.0080
              USEAJ_imc: 0.0034
              USEAK_imc: 0.0015
              USEAL_imc: 0.0131
               USRW_imc: 0.2798
             USEAL_imcy: 0.0044
              USEAA_imi: 9.8339e-04
              USEAB_imi: 0.0012
              USEAC_imi: 0.0014
              USEAD_imi: 0.0022
              USEAE_imi: 9.9157e-04
              USEAF_imi: 0.0047
              USEAG_imi: 8.8909e-04
              USEAH_imi: 0.0010
              USEAI_imi: 0.0034
              USEAJ_imi: 0.0016
              USEAK_imi: 8.3972e-04
              USEAL_imi: 0.0055
               USRW_imi: 0.1118
             USEAL_imiy: 0.0018
             USEAA_imcg: 0.0012
             USEAB_imcg: 0.0014
             USEAC_imcg: 0.0015
             USEAD_imcg: 0.0015
             USEAE_imcg: 0.0014
             USEAF_imcg: 0.0024
             USEAG_imcg: 0.0013
             USEAH_imcg: 0.0014
             USEAI_imcg: 0.0020
             USEAJ_imcg: 0.0014
             USEAK_imcg: 0.0012
             USEAL_imcg: 0.0024
              USRW_imcg: 0.0313
            USEAL_imcgy: 8.2853e-04
             USEAA_imig: 3.1757e-04
             USEAB_imig: 3.8284e-04
             USEAC_imig: 4.0553e-04
             USEAD_imig: 4.4765e-04
             USEAE_imig: 3.7597e-04
             USEAF_imig: 7.8088e-04
             USEAG_imig: 3.4702e-04
             USEAH_imig: 3.7010e-04
             USEAI_imig: 6.2242e-04
             USEAJ_imig: 4.0501e-04
             USEAK_imig: 3.2728e-04
             USEAL_imig: 8.3227e-04
              USRW_imig: 0.0128
            USEAL_imigy: 2.8157e-04
                US_piex: 1.0050
            US_pextilde: 0.9360
              USEAA_rer: 1.7534
              USEAB_rer: 1.6138
              USEAC_rer: 1.5945
              USEAD_rer: 1.8531
              USEAE_rer: 1.5208
              USEAF_rer: 1.5902
              USEAG_rer: 1.5763
              USEAH_rer: 1.5727
              USEAI_rer: 1.6740
              USEAJ_rer: 1.7058
              USEAK_rer: 1.7304
              USEAL_rer: 1.6944
               USRW_rer: 1.0439
                  US_sx: 1.0000
              USEAA_tot: 1.8875
              USEAB_tot: 1.5657
              USEAC_tot: 1.5363
              USEAD_tot: 1.8878
              USEAE_tot: 1.4812
              USEAF_tot: 1.5420
              USEAG_tot: 1.5775
              USEAH_tot: 1.5557
              USEAI_tot: 1.6538
              USEAJ_tot: 1.7483
              USEAK_tot: 1.6871
              USEAL_tot: 1.7125
               USRW_tot: 1.0366
           USEAA_weight: 0.0118
           USEAB_weight: 0.0100
           USEAC_weight: 0.0131
           USEAD_weight: 0.0220
           USEAE_weight: 0.0087
           USEAF_weight: 0.0380
           USEAG_weight: 0.0078
           USEAH_weight: 0.0201
           USEAI_weight: 0.0269
           USEAJ_weight: 0.0205
           USEAK_weight: 0.0075
           USEAL_weight: 0.0517
            USRW_weight: 0.7619
         USEAA_weightex: 0.0105
         USEAB_weightex: 0.0071
         USEAC_weightex: 0.0117
         USEAD_weightex: 0.0175
         USEAE_weightex: 0.0069
         USEAF_weightex: 0.0296
         USEAG_weightex: 0.0055
         USEAH_weightex: 0.0276
         USEAI_weightex: 0.0175
         USEAJ_weightex: 0.0217
         USEAK_weightex: 0.0047
         USEAL_weightex: 0.0443
          USRW_weightex: 0.7955
         USEAA_weightim: 0.0132
         USEAB_weightim: 0.0131
         USEAC_weightim: 0.0146
         USEAD_weightim: 0.0271
         USEAE_weightim: 0.0108
         USEAF_weightim: 0.0471
         USEAG_weightim: 0.0104
         USEAH_weightim: 0.0118
         USEAI_weightim: 0.0372
         USEAJ_weightim: 0.0192
         USEAK_weightim: 0.0105
         USEAL_weightim: 0.0599
          USRW_weightim: 0.7249
                   US_b: 11.3710
                  US_bf: -4.6973
                  US_by: 2.4000
                   US_c: 2.7849
                  US_ci: 3.3631
                  US_cj: 1.0500
                  US_cy: 0.5878
                   US_d: 0.6422
                  US_dn: 0.3463
                  US_dt: 0.2959
                US_etot: 1.1595
                  US_ex: 0.6847
                  US_fh: 6.0663
                  US_fi: 930.9758
                  US_fj: 34.4806
                  US_fn: 6.8515
                  US_cg: 0.7759
              US_gammai: 0
           US_gammaider: 0
              US_gammau: 0
           US_gammauder: 0.0324
              US_gammav: 2.8132e-04
             US_gammavi: 1.0102e-04
          US_gammavider: 0.0022
             US_gammavj: 1.0102e-04
          US_gammavjder: 0.0022
                  US_gh: 7.2796
                  US_gi: 17.2108
                  US_gj: 18.3753
                  US_gn: 8.7547
                 US_cgy: 0.1600
                  US_ht: 1.9874
                 US_htc: 0.6651
                 US_hti: 0.6008
                US_htcg: 0.5823
                US_htig: 0.1391
                   US_i: 0.9631
                  US_ig: 0.1929
                  US_ii: 1.2841
                  US_im: 0.5093
                 US_imc: 0.3162
                 US_imi: 0.1289
                US_imcg: 0.0470
                US_imig: 0.0172
                 US_imy: 0.1231
         US_internalrer: 0.9904
                 US_igy: 0.0400
                   US_k: 38.5244
                  US_kd: 38.5244
                 US_kdn: 17.7846
                 US_kdt: 20.7398
                  US_ki: 51.3659
             US_lambdai: 0.9158
             US_lambdaj: 2.9333
                 US_lcy: 0.6051
                   US_m: 1.1701
                 US_mcn: 0.7800
                 US_mct: 0.7800
                  US_mi: 1.4131
                  US_mj: 0.4412
                  US_nd: 2.2353
                 US_ndi: 0.8939
                 US_ndj: 1.4355
                 US_ndn: 1.0319
                 US_ndt: 1.2034
                  US_ni: 0.8939
                  US_nj: 1.4355
                  US_nt: 2.2446
                 US_ntc: 1.8134
                 US_nti: 0.2392
                US_ntcg: 0.1537
                US_ntig: 0.0383
                 US_pex: 0.9360
                 US_pht: 0.9360
            US_phttilde: 0.9360
                  US_pi: 0.9839
                 US_pcg: 0.9770
                 US_pig: 0.9826
                 US_pic: 1.0050
                US_pic4: 1.0200
               US_piex4: 1.0200
                US_piht: 1.0050
               US_piimc: 1.0050
               US_piimi: 1.0050
              US_piimcg: 1.0050
              US_piimig: 1.0050
              US_piimc4: 1.0200
                 US_pim: 1.1451
                US_pimc: 1.1239
                US_pimi: 1.1388
               US_pimcg: 1.2748
               US_pimig: 1.2274
                US_pint: 1.0050
                 US_piw: 1.0050
                US_piw4: 1.0200
                 US_pnt: 0.9966
            US_pnttilde: 0.9966
                US_pttc: 1.0063
                US_ptti: 0.9796
               US_pttcg: 0.9721
               US_pttig: 0.9791
                  US_py: 0.9637
                   US_q: 0.9839
                  US_qc: 2.7851
                  US_qi: 0.9631
                 US_qcg: 0.7759
                 US_qig: 0.1929
                   US_r: 1.0124
                US_reer: 1.1664
                 US_rer: 1
                  US_rk: 0.0319
                  US_rr: 1.0074
              US_rrstar: 1.0074
                  US_sh: 1.0000
                  US_si: 1
                  US_sj: 1.0000
                 US_snt: 1.0000
                   US_t: 0
                US_tauc: 0.0770
                US_taud: 0
                US_tauk: 0
                US_taun: 0.1540
               US_tauwf: 0.0710
               US_tauwh: 0.0710
                  US_tb: 0.0576
                 US_tby: 0.0122
                  US_ti: 0
                  US_tj: 0
                  US_tr: -0.0183
                 US_tri: -0.0122
                 US_trj: -0.0366
                 US_try: -0.0039
                 US_ttc: 0.9717
                 US_tti: 0.7239
                US_ttcg: 0.6223
                US_ttig: 0.1546
                  US_ty: 0
                   US_u: 1
               US_utili: -31.1349
               US_utilj: -290.8229
                  US_vj: 2.3800
                   US_w: 1.1976
                US_wcst: 0
                US_whty: 0.5763
                  US_wi: 1.3061
             US_witilde: 1.3061
                  US_wj: 1.0515
             US_wjtilde: 1.0515
                US_wnty: 0.5524
                  US_wy: 0.5650
                   US_y: 4.9166
                US_ygap: 0
             US_ygrowth: 1
            US_ygrowth4: 1
                US_yhty: 0.5278
                US_ynty: 0.4722
              US_yshare: 0.2067
                 US_ysn: 2.2446
                 US_yst: 2.6720
                US_zcon: 1
                US_zinv: 1
                  US_zn: 1
                  US_zt: 1
             US_gammav1: 0.0287
             US_gammav2: 0.1503
                US_nutc: 0.5711
                US_nuti: 0.7406
               US_nutcg: 0.8512
               US_nutig: 0.8042
                US_psit: 0.0580
           USEAA_rerbar: 1.7534
           USEAB_rerbar: 1.6138
           USEAC_rerbar: 1.5945
           USEAD_rerbar: 1.8531
           USEAE_rerbar: 1.5208
           USEAF_rerbar: 1.5902
           USEAG_rerbar: 1.5763
           USEAH_rerbar: 1.5727
           USEAI_rerbar: 1.6740
           USEAJ_rerbar: 1.7058
           USEAK_rerbar: 1.7304
           USEAL_rerbar: 1.6944
            USRW_rerbar: 1.0439
               US_pibar: 0.9839
             US_psinbar: 0.1796
             US_psitbar: 0.1550
               US_pybar: 0.9637
                US_qbar: 0.9839
              US_trybar: -0.0039
                US_ybar: 4.9166
               US_ynbar: 2.2446
               US_ytbar: 2.6720
            EAAEAB_numc: 0.0511
            EAAEAB_numi: 0.0514
           EAAEAB_numcg: 0.0551
           EAAEAB_numig: 0.0518
            EAAEAC_numc: 0.0534
            EAAEAC_numi: 0.0387
           EAAEAC_numcg: 0.0732
           EAAEAC_numig: 0.0393
            EAAEAD_numc: 0.0417
            EAAEAD_numi: 0.0387
           EAAEAD_numcg: 0.0443
           EAAEAD_numig: 0.0395
            EAAEAE_numc: 0.0202
            EAAEAE_numi: 0.0269
           EAAEAE_numcg: 0.0240
           EAAEAE_numig: 0.0275
            EAAEAF_numc: 0.0723
            EAAEAF_numi: 0.0728
           EAAEAF_numcg: 0.0777
           EAAEAF_numig: 0.0729
            EAAEAG_numc: 0.0130
            EAAEAG_numi: 0.0118
           EAAEAG_numcg: 0.0176
           EAAEAG_numig: 0.0126
            EAAEAH_numc: 0.0187
            EAAEAH_numi: 0.0248
           EAAEAH_numcg: 0.0349
           EAAEAH_numig: 0.0254
            EAAEAI_numc: 0.0922
            EAAEAI_numi: 0.0964
           EAAEAI_numcg: 0.0729
           EAAEAI_numig: 0.0963
            EAAEAJ_numc: 0.0425
            EAAEAJ_numi: 0.0335
           EAAEAJ_numcg: 0.0433
           EAAEAJ_numig: 0.0342
            EAAEAK_numc: 0.0133
            EAAEAK_numi: 0.0131
           EAAEAK_numcg: 0.0181
           EAAEAK_numig: 0.0139
            EAAEAL_numc: 0.1867
            EAAEAL_numi: 0.2623
           EAAEAL_numcg: 0.1845
           EAAEAL_numig: 0.2602
             EAAUS_numc: 0.0270
             EAAUS_numi: 0.0317
            EAAUS_numcg: 0.0319
            EAAUS_numig: 0.0317
            EABEAA_numc: 0.0956
            EABEAA_numi: 0.0784
           EABEAA_numcg: 0.1042
           EABEAA_numig: 0.0787
            EABEAC_numc: 0.0195
            EABEAC_numi: 0.0195
           EABEAC_numcg: 0.0306
           EABEAC_numig: 0.0201
            EABEAD_numc: 0.0347
            EABEAD_numi: 0.0337
           EABEAD_numcg: 0.0385
           EABEAD_numig: 0.0344
            EABEAE_numc: 0.0087
            EABEAE_numi: 0.0125
           EABEAE_numcg: 0.0166
           EABEAE_numig: 0.0131
            EABEAF_numc: 0.0358
            EABEAF_numi: 0.0351
           EABEAF_numcg: 0.0384
           EABEAF_numig: 0.0355
            EABEAG_numc: 0.0110
            EABEAG_numi: 0.0094
           EABEAG_numcg: 0.0162
           EABEAG_numig: 0.0102
            EABEAH_numc: 0.0140
            EABEAH_numi: 0.0220
           EABEAH_numcg: 0.0282
           EABEAH_numig: 0.0225
            EABEAI_numc: 0.0867
            EABEAI_numi: 0.0739
           EABEAI_numcg: 0.0606
           EABEAI_numig: 0.0739
            EABEAJ_numc: 0.0375
            EABEAJ_numi: 0.0326
           EABEAJ_numcg: 0.0433
           EABEAJ_numig: 0.0332
            EABEAK_numc: 0.0123
            EABEAK_numi: 0.0133
           EABEAK_numcg: 0.0192
           EABEAK_numig: 0.0140
            EABEAL_numc: 0.3677
            EABEAL_numi: 0.4340
           EABEAL_numcg: 0.2955
           EABEAL_numig: 0.4304
             EABRW_numc: 0.2552
             EABRW_numi: 0.2152
            EABRW_numcg: 0.2688
            EABRW_numig: 0.2134
            EACEAB_numc: 0.0140
            EACEAB_numi: 0.0178
           EACEAB_numcg: 0.0199
           EACEAB_numig: 0.0184
            EACEAD_numc: 0.0546
            EACEAD_numi: 0.0489
           EACEAD_numcg: 0.0563
           EACEAD_numig: 0.0495
            EACEAE_numc: 0.0088
            EACEAE_numi: 0.0116
           EACEAE_numcg: 0.0128
           EACEAE_numig: 0.0122
            EACEAF_numc: 0.1893
            EACEAF_numi: 0.1460
           EACEAF_numcg: 0.1622
           EACEAF_numig: 0.1453
            EACEAG_numc: 0.0088
            EACEAG_numi: 0.0092
           EACEAG_numcg: 0.0121
           EACEAG_numig: 0.0099
            EACEAH_numc: 0.0305
            EACEAH_numi: 0.0281
           EACEAH_numcg: 0.0604
           EACEAH_numig: 0.0286
            EACEAI_numc: 0.0458
            EACEAI_numi: 0.0552
           EACEAI_numcg: 0.0612
           EACEAI_numig: 0.0555
            EACEAJ_numc: 0.1843
            EACEAJ_numi: 0.1396
           EACEAJ_numcg: 0.1556
           EACEAJ_numig: 0.1390
            EACEAK_numc: 0.0146
            EACEAK_numi: 0.0161
           EACEAK_numcg: 0.0188
           EACEAK_numig: 0.0169
            EACEAL_numc: 0.1477
            EACEAL_numi: 0.2050
           EACEAL_numcg: 0.1257
           EACEAL_numig: 0.2038
             EACRW_numc: 0.2042
             EACRW_numi: 0.2309
            EACRW_numcg: 0.2041
            EACRW_numig: 0.2290
             EACUS_numc: 0.0331
             EACUS_numi: 0.0407
            EACUS_numcg: 0.0478
            EACUS_numig: 0.0405
            EADEAA_numc: 0.0342
            EADEAA_numi: 0.0409
           EADEAA_numcg: 0.0455
           EADEAA_numig: 0.0420
            EADEAC_numc: 0.0287
            EADEAC_numi: 0.0312
           EADEAC_numcg: 0.0455
           EADEAC_numig: 0.0321
            EADEAE_numc: 0.0125
            EADEAE_numi: 0.0196
           EADEAE_numcg: 0.0227
           EADEAE_numig: 0.0205
            EADEAF_numc: 0.1376
            EADEAF_numi: 0.1326
           EADEAF_numcg: 0.1168
           EADEAF_numig: 0.1316
            EADEAG_numc: 0.0139
            EADEAG_numi: 0.0162
           EADEAG_numcg: 0.0229
           EADEAG_numig: 0.0174
            EADEAH_numc: 0.0306
            EADEAH_numi: 0.0427
           EADEAH_numcg: 0.0633
           EADEAH_numig: 0.0433
            EADEAI_numc: 0.0847
            EADEAI_numi: 0.1041
           EADEAI_numcg: 0.0783
           EADEAI_numig: 0.1038
            EADEAJ_numc: 0.0514
            EADEAJ_numi: 0.0527
           EADEAJ_numcg: 0.0571
           EADEAJ_numig: 0.0535
            EADEAK_numc: 0.0647
            EADEAK_numi: 0.0525
           EADEAK_numcg: 0.0521
           EADEAK_numig: 0.0532
            EADEAL_numc: 0.1325
            EADEAL_numi: 0.2043
           EADEAL_numcg: 0.1367
           EADEAL_numig: 0.2022
             EADRW_numc: 0.3542
             EADRW_numi: 0.2494
            EADRW_numcg: 0.2676
            EADRW_numig: 0.2457
             EADUS_numc: 0.0386
             EADUS_numi: 0.0290
            EADUS_numcg: 0.0655
            EADUS_numig: 0.0289
            EAEEAA_numc: 0.0984
            EAEEAA_numi: 0.0865
           EAEEAA_numcg: 0.0802
           EAEEAA_numig: 0.0868
            EAEEAB_numc: 0.0186
            EAEEAB_numi: 0.0254
           EAEEAB_numcg: 0.0248
           EAEEAB_numig: 0.0261
            EAEEAD_numc: 0.0465
            EAEEAD_numi: 0.0359
           EAEEAD_numcg: 0.0395
           EAEEAD_numig: 0.0368
            EAEEAF_numc: 0.0474
            EAEEAF_numi: 0.0471
           EAEEAF_numcg: 0.0483
           EAEEAF_numig: 0.0475
            EAEEAG_numc: 0.0128
            EAEEAG_numi: 0.0120
           EAEEAG_numcg: 0.0150
           EAEEAG_numig: 0.0129
            EAEEAH_numc: 0.0330
            EAEEAH_numi: 0.0440
           EAEEAH_numcg: 0.0579
           EAEEAH_numig: 0.0444
            EAEEAI_numc: 0.0404
            EAEEAI_numi: 0.0526
           EAEEAI_numcg: 0.0406
           EAEEAI_numig: 0.0531
            EAEEAJ_numc: 0.0696
            EAEEAJ_numi: 0.0585
           EAEEAJ_numcg: 0.0704
           EAEEAJ_numig: 0.0589
            EAEEAK_numc: 0.0162
            EAEEAK_numi: 0.0166
           EAEEAK_numcg: 0.0197
           EAEEAK_numig: 0.0176
            EAEEAL_numc: 0.1529
            EAEEAL_numi: 0.2006
           EAEEAL_numcg: 0.1431
           EAEEAL_numig: 0.1989
             EAERW_numc: 0.3963
             EAERW_numi: 0.3450
            EAERW_numcg: 0.3698
            EAERW_numig: 0.3406
             EAEUS_numc: 0.0383
             EAEUS_numi: 0.0435
            EAEUS_numcg: 0.0519
            EAEUS_numig: 0.0433
            EAFEAA_numc: 0.0454
            EAFEAA_numi: 0.0481
           EAFEAA_numcg: 0.0468
           EAFEAA_numig: 0.0492
            EAFEAB_numc: 0.0177
            EAFEAB_numi: 0.0255
           EAFEAB_numcg: 0.0289
           EAFEAB_numig: 0.0264
            EAFEAC_numc: 0.0638
            EAFEAC_numi: 0.0656
           EAFEAC_numcg: 0.0732
           EAFEAC_numig: 0.0658
            EAFEAE_numc: 0.0109
            EAFEAE_numi: 0.0179
           EAFEAE_numcg: 0.0210
           EAFEAE_numig: 0.0188
            EAFEAG_numc: 0.0123
            EAFEAG_numi: 0.0146
           EAFEAG_numcg: 0.0209
           EAFEAG_numig: 0.0158
            EAFEAH_numc: 0.0273
            EAFEAH_numi: 0.0390
           EAFEAH_numcg: 0.0577
           EAFEAH_numig: 0.0398
            EAFEAI_numc: 0.0969
            EAFEAI_numi: 0.0993
           EAFEAI_numcg: 0.0825
           EAFEAI_numig: 0.0990
            EAFEAJ_numc: 0.0600
            EAFEAJ_numi: 0.0551
           EAFEAJ_numcg: 0.0639
           EAFEAJ_numig: 0.0558
            EAFEAK_numc: 0.0267
            EAFEAK_numi: 0.0263
           EAFEAK_numcg: 0.0298
           EAFEAK_numig: 0.0273
            EAFEAL_numc: 0.1682
            EAFEAL_numi: 0.2176
           EAFEAL_numcg: 0.1642
           EAFEAL_numig: 0.2153
             EAFRW_numc: 0.3026
             EAFRW_numi: 0.2393
            EAFRW_numcg: 0.2536
            EAFRW_numig: 0.2360
             EAFUS_numc: 0.0379
             EAFUS_numi: 0.0447
            EAFUS_numcg: 0.0603
            EAFUS_numig: 0.0444
            EAGEAA_numc: 0.0277
            EAGEAA_numi: 0.0399
           EAGEAA_numcg: 0.0389
           EAGEAA_numig: 0.0413
            EAGEAB_numc: 0.0210
            EAGEAB_numi: 0.0349
           EAGEAB_numcg: 0.0274
           EAGEAB_numig: 0.0360
            EAGEAC_numc: 0.0314
            EAGEAC_numi: 0.0352
           EAGEAC_numcg: 0.0528
           EAGEAC_numig: 0.0361
            EAGEAD_numc: 0.0648
            EAGEAD_numi: 0.0552
           EAGEAD_numcg: 0.0655
           EAGEAD_numig: 0.0562
            EAGEAF_numc: 0.0660
            EAGEAF_numi: 0.0849
           EAGEAF_numcg: 0.0817
           EAGEAF_numig: 0.0846
            EAGEAH_numc: 0.0191
            EAGEAH_numi: 0.0264
           EAGEAH_numcg: 0.0494
           EAGEAH_numig: 0.0275
            EAGEAI_numc: 0.1166
            EAGEAI_numi: 0.1562
           EAGEAI_numcg: 0.0999
           EAGEAI_numig: 0.1545
            EAGEAJ_numc: 0.0608
            EAGEAJ_numi: 0.0592
           EAGEAJ_numcg: 0.0533
           EAGEAJ_numig: 0.0599
            EAGEAK_numc: 0.0132
            EAGEAK_numi: 0.0236
           EAGEAK_numcg: 0.0224
           EAGEAK_numig: 0.0252
            EAGEAL_numc: 0.1414
            EAGEAL_numi: 0.1468
           EAGEAL_numcg: 0.1616
           EAGEAL_numig: 0.1455
             EAGRW_numc: 0.3971
             EAGRW_numi: 0.2840
            EAGRW_numcg: 0.3018
            EAGRW_numig: 0.2781
             EAGUS_numc: 0.0311
             EAGUS_numi: 0.0334
            EAGUS_numcg: 0.0274
            EAGUS_numig: 0.0331
            EAHEAA_numc: 0.0773
            EAHEAA_numi: 0.0365
           EAHEAA_numcg: 0.0676
           EAHEAA_numig: 0.0371
            EAHEAB_numc: 0.0141
            EAHEAB_numi: 0.0124
           EAHEAB_numcg: 0.0217
           EAHEAB_numig: 0.0129
            EAHEAC_numc: 0.0336
            EAHEAC_numi: 0.0413
           EAHEAC_numcg: 0.0498
           EAHEAC_numig: 0.0416
            EAHEAD_numc: 0.0721
            EAHEAD_numi: 0.0327
           EAHEAD_numcg: 0.0644
           EAHEAD_numig: 0.0332
            EAHEAE_numc: 0.0122
            EAHEAE_numi: 0.0136
           EAHEAE_numcg: 0.0205
           EAHEAE_numig: 0.0141
            EAHEAG_numc: 0.0105
            EAHEAG_numi: 0.0075
           EAHEAG_numcg: 0.0184
           EAHEAG_numig: 0.0081
            EAHEAI_numc: 0.0518
            EAHEAI_numi: 0.0443
           EAHEAI_numcg: 0.0597
           EAHEAI_numig: 0.0447
            EAHEAJ_numc: 0.0777
            EAHEAJ_numi: 0.0687
           EAHEAJ_numcg: 0.0961
           EAHEAJ_numig: 0.0688
            EAHEAK_numc: 0.0220
            EAHEAK_numi: 0.0110
           EAHEAK_numcg: 0.0249
           EAHEAK_numig: 0.0117
            EAHEAL_numc: 0.0994
            EAHEAL_numi: 0.1251
           EAHEAL_numcg: 0.1072
           EAHEAL_numig: 0.1248
             EAHRW_numc: 0.3127
             EAHRW_numi: 0.2619
            EAHRW_numcg: 0.2500
            EAHRW_numig: 0.2600
             EAHUS_numc: 0.1329
             EAHUS_numi: 0.2022
            EAHUS_numcg: 0.1474
            EAHUS_numig: 0.2007
            EAIEAA_numc: 0.0765
            EAIEAA_numi: 0.0724
           EAIEAA_numcg: 0.0912
           EAIEAA_numig: 0.0731
            EAIEAB_numc: 0.0339
            EAIEAB_numi: 0.0424
           EAIEAB_numcg: 0.0407
           EAIEAB_numig: 0.0431
            EAIEAC_numc: 0.0356
            EAIEAC_numi: 0.0392
           EAIEAC_numcg: 0.0563
           EAIEAC_numig: 0.0399
            EAIEAD_numc: 0.0924
            EAIEAD_numi: 0.0757
           EAIEAD_numcg: 0.0762
           EAIEAD_numig: 0.0763
            EAIEAE_numc: 0.0106
            EAIEAE_numi: 0.0195
           EAIEAE_numcg: 0.0235
           EAIEAE_numig: 0.0207
            EAIEAF_numc: 0.1104
            EAIEAF_numi: 0.0983
           EAIEAF_numcg: 0.0970
           EAIEAF_numig: 0.0979
            EAIEAH_numc: 0.0374
            EAIEAH_numi: 0.0503
           EAIEAH_numcg: 0.0714
           EAIEAH_numig: 0.0509
            EAIEAJ_numc: 0.0557
            EAIEAJ_numi: 0.0625
           EAIEAJ_numcg: 0.0611
           EAIEAJ_numig: 0.0630
            EAIEAK_numc: 0.0162
            EAIEAK_numi: 0.0229
           EAIEAK_numcg: 0.0297
           EAIEAK_numig: 0.0242
            EAIEAL_numc: 0.1631
            EAIEAL_numi: 0.2127
           EAIEAL_numcg: 0.1328
           EAIEAL_numig: 0.2101
             EAIRW_numc: 0.3223
             EAIRW_numi: 0.2572
            EAIRW_numcg: 0.2573
            EAIRW_numig: 0.2528
             EAIUS_numc: 0.0273
             EAIUS_numi: 0.0263
            EAIUS_numcg: 0.0359
            EAIUS_numig: 0.0263
            EAJEAA_numc: 0.0352
            EAJEAA_numi: 0.0381
           EAJEAA_numcg: 0.0418
           EAJEAA_numig: 0.0391
            EAJEAB_numc: 0.0242
            EAJEAB_numi: 0.0243
           EAJEAB_numcg: 0.0274
           EAJEAB_numig: 0.0251
            EAJEAC_numc: 0.1000
            EAJEAC_numi: 0.0881
           EAJEAC_numcg: 0.1048
           EAJEAC_numig: 0.0879
            EAJEAD_numc: 0.0538
            EAJEAD_numi: 0.0485
           EAJEAD_numcg: 0.0492
           EAJEAD_numig: 0.0493
            EAJEAE_numc: 0.0125
            EAJEAE_numi: 0.0200
           EAJEAE_numcg: 0.0198
           EAJEAE_numig: 0.0208
            EAJEAF_numc: 0.0769
            EAJEAF_numi: 0.0635
           EAJEAF_numcg: 0.0700
           EAJEAF_numig: 0.0637
            EAJEAG_numc: 0.0117
            EAJEAG_numi: 0.0128
           EAJEAG_numcg: 0.0155
           EAJEAG_numig: 0.0138
            EAJEAI_numc: 0.0395
            EAJEAI_numi: 0.0421
           EAJEAI_numcg: 0.0385
           EAJEAI_numig: 0.0428
            EAJEAK_numc: 0.0160
            EAJEAK_numi: 0.0167
           EAJEAK_numcg: 0.0204
           EAJEAK_numig: 0.0178
            EAJEAL_numc: 0.1908
            EAJEAL_numi: 0.2207
           EAJEAL_numcg: 0.1679
           EAJEAL_numig: 0.2187
             EAJRW_numc: 0.3386
             EAJRW_numi: 0.2952
            EAJRW_numcg: 0.3118
            EAJRW_numig: 0.2915
             EAJUS_numc: 0.0633
             EAJUS_numi: 0.0735
            EAJUS_numcg: 0.0842
            EAJUS_numig: 0.0728
            EAKEAA_numc: 0.0191
            EAKEAA_numi: 0.0257
           EAKEAA_numcg: 0.0351
           EAKEAA_numig: 0.0268
            EAKEAB_numc: 0.0099
            EAKEAB_numi: 0.0185
           EAKEAB_numcg: 0.0218
           EAKEAB_numig: 0.0194
            EAKEAC_numc: 0.0238
            EAKEAC_numi: 0.0281
           EAKEAC_numcg: 0.0461
           EAKEAC_numig: 0.0287
            EAKEAD_numc: 0.4151
            EAKEAD_numi: 0.3578
           EAKEAD_numcg: 0.3018
           EAKEAD_numig: 0.3541
            EAKEAE_numc: 0.0065
            EAKEAE_numi: 0.0138
           EAKEAE_numcg: 0.0172
           EAKEAE_numig: 0.0147
            EAKEAF_numc: 0.0840
            EAKEAF_numi: 0.0812
           EAKEAF_numcg: 0.0843
           EAKEAF_numig: 0.0812
            EAKEAG_numc: 0.0074
            EAKEAG_numi: 0.0126
           EAKEAG_numcg: 0.0189
           EAKEAG_numig: 0.0136
            EAKEAH_numc: 0.0205
            EAKEAH_numi: 0.0285
           EAKEAH_numcg: 0.0562
           EAKEAH_numig: 0.0293
            EAKEAJ_numc: 0.0459
            EAKEAJ_numi: 0.0520
           EAKEAJ_numcg: 0.0554
           EAKEAJ_numig: 0.0527
            EAKEAL_numc: 0.1148
            EAKEAL_numi: 0.1605
           EAKEAL_numcg: 0.1119
           EAKEAL_numig: 0.1595
             EAKRW_numc: 0.1846
             EAKRW_numi: 0.1272
            EAKRW_numcg: 0.1728
            EAKRW_numig: 0.1259
             EAKUS_numc: 0.0152
             EAKUS_numi: 0.0164
            EAKUS_numcg: 0.0184
            EAKUS_numig: 0.0166
            EALEAA_numc: 0.0663
            EALEAA_numi: 0.0705
           EALEAA_numcg: 0.0670
           EALEAA_numig: 0.0694
            EALEAB_numc: 0.0610
            EALEAB_numi: 0.0722
           EALEAB_numcg: 0.0594
           EALEAB_numig: 0.0720
            EALEAC_numc: 0.0431
            EALEAC_numi: 0.0429
           EALEAC_numcg: 0.0494
           EALEAC_numig: 0.0418
            EALEAD_numc: 0.0655
            EALEAD_numi: 0.0611
           EALEAD_numcg: 0.0616
           EALEAD_numig: 0.0597
            EALEAE_numc: 0.0139
            EALEAE_numi: 0.0210
           EALEAE_numcg: 0.0255
           EALEAE_numig: 0.0194
            EALEAF_numc: 0.0793
            EALEAF_numi: 0.0927
           EALEAF_numcg: 0.0799
           EALEAF_numig: 0.0932
            EALEAG_numc: 0.0156
            EALEAG_numi: 0.0156
           EALEAG_numcg: 0.0245
           EALEAG_numig: 0.0135
            EALEAH_numc: 0.0311
            EALEAH_numi: 0.0452
           EALEAH_numcg: 0.0718
           EALEAH_numig: 0.0441
            EALEAI_numc: 0.0716
            EALEAI_numi: 0.0791
           EALEAI_numcg: 0.0630
           EALEAI_numig: 0.0789
            EALEAK_numc: 0.0175
            EALEAK_numi: 0.0219
           EALEAK_numcg: 0.0285
           EALEAK_numig: 0.0198
             EALRW_numc: 0.3802
             EALRW_numi: 0.3589
            EALRW_numcg: 0.3130
            EALRW_numig: 0.3696
             EALUS_numc: 0.0432
             EALUS_numi: 0.0471
            EALUS_numcg: 0.0624
            EALUS_numig: 0.0478
             RWEAA_numc: 0.0800
             RWEAA_numi: 0.0485
            RWEAA_numcg: 0.0598
            RWEAA_numig: 0.0500
             RWEAB_numc: 0.0303
             RWEAB_numi: 0.0364
            RWEAB_numcg: 0.0451
            RWEAB_numig: 0.0378
             RWEAC_numc: 0.0323
             RWEAC_numi: 0.0381
            RWEAC_numcg: 0.0458
            RWEAC_numig: 0.0391
             RWEAD_numc: 0.0768
             RWEAD_numi: 0.0827
            RWEAD_numcg: 0.0863
            RWEAD_numig: 0.0833
             RWEAE_numc: 0.0236
             RWEAE_numi: 0.0295
            RWEAE_numcg: 0.0383
            RWEAE_numig: 0.0308
             RWEAF_numc: 0.0957
             RWEAF_numi: 0.0978
            RWEAF_numcg: 0.0922
            RWEAF_numig: 0.0969
             RWEAG_numc: 0.0251
             RWEAG_numi: 0.0317
            RWEAG_numcg: 0.0416
            RWEAG_numig: 0.0329
             RWEAH_numc: 0.0274
             RWEAH_numi: 0.0336
            RWEAH_numcg: 0.0427
            RWEAH_numig: 0.0350
             RWEAI_numc: 0.0849
             RWEAI_numi: 0.0885
            RWEAI_numcg: 0.0869
            RWEAI_numig: 0.0883
             RWEAJ_numc: 0.0499
             RWEAJ_numi: 0.0563
            RWEAJ_numcg: 0.0635
            RWEAJ_numig: 0.0572
             RWEAL_numc: 0.1867
             RWEAL_numi: 0.1416
            RWEAL_numcg: 0.1288
            RWEAL_numig: 0.1398
              RWUS_numc: 0.2594
              RWUS_numi: 0.2802
             RWUS_numcg: 0.2228
             RWUS_numig: 0.2722
             USEAA_numc: 0.0186
             USEAA_numi: 0.0229
            USEAA_numcg: 0.0566
            USEAA_numig: 0.0459
             USEAB_numc: 0.0139
             USEAB_numi: 0.0171
            USEAB_numcg: 0.0427
            USEAB_numig: 0.0347
             USEAC_numc: 0.0157
             USEAC_numi: 0.0188
            USEAC_numcg: 0.0426
            USEAC_numig: 0.0350
             USEAD_numc: 0.0475
             USEAD_numi: 0.0502
            USEAD_numcg: 0.0716
            USEAD_numig: 0.0647
             USEAE_numc: 0.0094
             USEAE_numi: 0.0126
            USEAE_numcg: 0.0375
            USEAE_numig: 0.0296
             USEAF_numc: 0.0660
             USEAF_numi: 0.0663
            USEAF_numcg: 0.0688
            USEAF_numig: 0.0681
             USEAG_numc: 0.0096
             USEAG_numi: 0.0132
            USEAG_numcg: 0.0410
            USEAG_numig: 0.0320
             USEAH_numc: 0.0116
             USEAH_numi: 0.0150
            USEAH_numcg: 0.0412
            USEAH_numig: 0.0330
             USEAI_numc: 0.0563
             USEAI_numi: 0.0576
            USEAI_numcg: 0.0677
            USEAI_numig: 0.0646
             USEAJ_numc: 0.0276
             USEAJ_numi: 0.0309
            USEAJ_numcg: 0.0562
            USEAJ_numig: 0.0483
             USEAK_numc: 0.0108
             USEAK_numi: 0.0147
            USEAK_numcg: 0.0453
            USEAK_numig: 0.0357
              USRW_numc: 0.6126
              USRW_numi: 0.5812
             USRW_numcg: 0.3365
             USRW_numig: 0.4141
          EAAEAL_nerdep: 1
            EAA_gammabh: 0
          EABEAL_nerdep: 1
            EAB_gammabh: 0
          EACEAL_nerdep: 1
            EAC_gammabh: 0
          EADEAL_nerdep: 1
            EAD_gammabh: 0
          EAEEAL_nerdep: 1
            EAE_gammabh: 0
          EAFEAL_nerdep: 1
            EAF_gammabh: 0
          EAGEAL_nerdep: 1
            EAG_gammabh: 0
          EAHEAL_nerdep: 1
            EAH_gammabh: 0
          EAIEAL_nerdep: 1
            EAI_gammabh: 0
          EAJEAL_nerdep: 1
            EAJ_gammabh: 0
          EAKEAL_nerdep: 1
            EAK_gammabh: 0
                 EAA_bh: 0
                 EAB_bh: 0
                 EAC_bh: 0
                 EAD_bh: 0
                 EAE_bh: -3.1943e-17
                 EAF_bh: 1.1597e-16
                 EAG_bh: 0
                 EAH_bh: 0
                 EAI_bh: 0
                 EAJ_bh: 0
                 EAK_bh: 0
                 EAL_bh: 3.0021e-16
     AUX_ENDO_LAG_426_1: 0.7027
     AUX_ENDO_LAG_426_2: 0.7027
     AUX_ENDO_LAG_426_3: 0.7027
     AUX_ENDO_LAG_410_1: 1.0075
     AUX_ENDO_LAG_410_2: 1.0075
     AUX_ENDO_LAG_410_3: 1.0075
     AUX_ENDO_LAG_393_1: 1.0622
     AUX_ENDO_LAG_492_1: 4.0855
     AUX_ENDO_LAG_492_2: 4.0855
     AUX_ENDO_LAG_492_3: 4.0855
    AUX_ENDO_LAG_1043_1: 0.8277
    AUX_ENDO_LAG_1043_2: 0.8277
    AUX_ENDO_LAG_1043_3: 0.8277
    AUX_ENDO_LAG_1027_1: 0.9081
    AUX_ENDO_LAG_1027_2: 0.9081
    AUX_ENDO_LAG_1027_3: 0.9081
    AUX_ENDO_LAG_1010_1: 0.9193
    AUX_ENDO_LAG_1109_1: 3.9414
    AUX_ENDO_LAG_1109_2: 3.9414
    AUX_ENDO_LAG_1109_3: 3.9414
    AUX_ENDO_LAG_1660_1: 0.8466
    AUX_ENDO_LAG_1660_2: 0.8466
    AUX_ENDO_LAG_1660_3: 0.8466
    AUX_ENDO_LAG_1644_1: 0.9018
    AUX_ENDO_LAG_1644_2: 0.9018
    AUX_ENDO_LAG_1644_3: 0.9018
    AUX_ENDO_LAG_1627_1: 0.9159
    AUX_ENDO_LAG_1726_1: 3.9551
    AUX_ENDO_LAG_1726_2: 3.9551
    AUX_ENDO_LAG_1726_3: 3.9551
    AUX_ENDO_LAG_2277_1: 0.6642
    AUX_ENDO_LAG_2277_2: 0.6642
    AUX_ENDO_LAG_2277_3: 0.6642
    AUX_ENDO_LAG_2261_1: 0.9535
    AUX_ENDO_LAG_2261_2: 0.9535
    AUX_ENDO_LAG_2261_3: 0.9535
    AUX_ENDO_LAG_2244_1: 0.9817
    AUX_ENDO_LAG_2343_1: 4.0001
    AUX_ENDO_LAG_2343_2: 4.0001
    AUX_ENDO_LAG_2343_3: 4.0001
    AUX_ENDO_LAG_2894_1: 0.8056
    AUX_ENDO_LAG_2894_2: 0.8056
    AUX_ENDO_LAG_2894_3: 0.8056
    AUX_ENDO_LAG_2878_1: 0.9116
    AUX_ENDO_LAG_2878_2: 0.9116
    AUX_ENDO_LAG_2878_3: 0.9116
    AUX_ENDO_LAG_2861_1: 0.9252
    AUX_ENDO_LAG_2960_1: 3.9507
    AUX_ENDO_LAG_2960_2: 3.9507
    AUX_ENDO_LAG_2960_3: 3.9507
    AUX_ENDO_LAG_3511_1: 0.8095
    AUX_ENDO_LAG_3511_2: 0.8095
    AUX_ENDO_LAG_3511_3: 0.8095
    AUX_ENDO_LAG_3495_1: 0.9076
    AUX_ENDO_LAG_3495_2: 0.9076
    AUX_ENDO_LAG_3495_3: 0.9076
    AUX_ENDO_LAG_3478_1: 0.9156
    AUX_ENDO_LAG_3577_1: 3.9279
    AUX_ENDO_LAG_3577_2: 3.9279
    AUX_ENDO_LAG_3577_3: 3.9279
    AUX_ENDO_LAG_4128_1: 0.7753
    AUX_ENDO_LAG_4128_2: 0.7753
    AUX_ENDO_LAG_4128_3: 0.7753
    AUX_ENDO_LAG_4112_1: 0.9367
    AUX_ENDO_LAG_4112_2: 0.9367
    AUX_ENDO_LAG_4112_3: 0.9367
    AUX_ENDO_LAG_4095_1: 0.9462
    AUX_ENDO_LAG_4194_1: 3.9286
    AUX_ENDO_LAG_4194_2: 3.9286
    AUX_ENDO_LAG_4194_3: 3.9286
    AUX_ENDO_LAG_4745_1: 0.7698
    AUX_ENDO_LAG_4745_2: 0.7698
    AUX_ENDO_LAG_4745_3: 0.7698
    AUX_ENDO_LAG_4729_1: 0.9259
    AUX_ENDO_LAG_4729_2: 0.9259
    AUX_ENDO_LAG_4729_3: 0.9259
    AUX_ENDO_LAG_4712_1: 0.9831
    AUX_ENDO_LAG_4811_1: 4.1280
    AUX_ENDO_LAG_4811_2: 4.1280
    AUX_ENDO_LAG_4811_3: 4.1280
    AUX_ENDO_LAG_5362_1: 0.7606
    AUX_ENDO_LAG_5362_2: 0.7606
    AUX_ENDO_LAG_5362_3: 0.7606
    AUX_ENDO_LAG_5346_1: 0.9247
    AUX_ENDO_LAG_5346_2: 0.9247
    AUX_ENDO_LAG_5346_3: 0.9247
    AUX_ENDO_LAG_5329_1: 0.9373
    AUX_ENDO_LAG_5428_1: 3.9441
    AUX_ENDO_LAG_5428_2: 3.9441
    AUX_ENDO_LAG_5428_3: 3.9441
    AUX_ENDO_LAG_5979_1: 0.7190
    AUX_ENDO_LAG_5979_2: 0.7190
    AUX_ENDO_LAG_5979_3: 0.7190
    AUX_ENDO_LAG_5963_1: 0.9593
    AUX_ENDO_LAG_5963_2: 0.9593
    AUX_ENDO_LAG_5963_3: 0.9593
    AUX_ENDO_LAG_5946_1: 0.9958
    AUX_ENDO_LAG_6045_1: 4.0311
    AUX_ENDO_LAG_6045_2: 4.0311
    AUX_ENDO_LAG_6045_3: 4.0311
    AUX_ENDO_LAG_6596_1: 0.8229
    AUX_ENDO_LAG_6596_2: 0.8229
    AUX_ENDO_LAG_6596_3: 0.8229
    AUX_ENDO_LAG_6580_1: 0.9126
    AUX_ENDO_LAG_6580_2: 0.9126
    AUX_ENDO_LAG_6580_3: 0.9126
    AUX_ENDO_LAG_6563_1: 0.9192
    AUX_ENDO_LAG_6662_1: 3.9212
    AUX_ENDO_LAG_6662_2: 3.9212
    AUX_ENDO_LAG_6662_3: 3.9212
    AUX_ENDO_LAG_7213_1: 0.7207
    AUX_ENDO_LAG_7213_2: 0.7207
    AUX_ENDO_LAG_7213_3: 0.7207
    AUX_ENDO_LAG_7197_1: 0.9460
    AUX_ENDO_LAG_7197_2: 0.9460
    AUX_ENDO_LAG_7197_3: 0.9460
    AUX_ENDO_LAG_7180_1: 0.9842
    AUX_ENDO_LAG_7279_1: 3.9837
    AUX_ENDO_LAG_7279_2: 3.9837
    AUX_ENDO_LAG_7279_3: 3.9837
    AUX_ENDO_LAG_7830_1: 1.2608
    AUX_ENDO_LAG_7830_2: 1.2608
    AUX_ENDO_LAG_7830_3: 1.2608
    AUX_ENDO_LAG_7814_1: 0.9294
    AUX_ENDO_LAG_7814_2: 0.9294
    AUX_ENDO_LAG_7814_3: 0.9294
    AUX_ENDO_LAG_7797_1: 1.1771
    AUX_ENDO_LAG_7896_1: 4.8373
    AUX_ENDO_LAG_7896_2: 4.8373
    AUX_ENDO_LAG_7896_3: 4.8373
    AUX_ENDO_LAG_8449_1: 1.1239
    AUX_ENDO_LAG_8449_2: 1.1239
    AUX_ENDO_LAG_8449_3: 1.1239
    AUX_ENDO_LAG_8433_1: 0.9360
    AUX_ENDO_LAG_8433_2: 0.9360
    AUX_ENDO_LAG_8433_3: 0.9360
    AUX_ENDO_LAG_8416_1: 1.1701
    AUX_ENDO_LAG_8512_1: 4.9166
    AUX_ENDO_LAG_8512_2: 4.9166
    AUX_ENDO_LAG_8512_3: 4.9166
     AUX_ENDO_LAG_275_1: 0.9664
     AUX_ENDO_LAG_447_1: 0.5703
     AUX_ENDO_LAG_892_1: 1.0500
    AUX_ENDO_LAG_1064_1: 0.6197
    AUX_ENDO_LAG_1509_1: 1.0627
    AUX_ENDO_LAG_1681_1: 0.6272
    AUX_ENDO_LAG_2126_1: 0.9144
    AUX_ENDO_LAG_2298_1: 0.5396
    AUX_ENDO_LAG_2743_1: 1.1142
    AUX_ENDO_LAG_2915_1: 0.6576
    AUX_ENDO_LAG_3360_1: 1.0656
    AUX_ENDO_LAG_3532_1: 0.6289
    AUX_ENDO_LAG_3977_1: 1.0749
    AUX_ENDO_LAG_4149_1: 0.6344
    AUX_ENDO_LAG_4594_1: 1.0774
    AUX_ENDO_LAG_4766_1: 0.6358
    AUX_ENDO_LAG_5211_1: 1.0122
    AUX_ENDO_LAG_5383_1: 0.5974
    AUX_ENDO_LAG_5828_1: 0.9934
    AUX_ENDO_LAG_6000_1: 0.5862
    AUX_ENDO_LAG_6445_1: 0.9792
    AUX_ENDO_LAG_6617_1: 0.5779
    AUX_ENDO_LAG_7234_1: 0.5902
       AUX_ENDO_LAG_3_1: 3.8809
       AUX_ENDO_LAG_3_2: 3.8809
       AUX_ENDO_LAG_3_3: 3.8809

M_

M_ = 

  <a href="matlab:helpPopup('struct')" style="font-weight:bold">struct</a> with fields:

                                   fname: 'steady2a'
                          dynare_version: '6.1'
                                   dname: 'steady2a'
                                    bvar: []
                                  params: [1757×1 double]
                            endo_histval: []
                             exo_histval: []
                         exo_det_histval: []
                      Correlation_matrix: [379×379 double]
                   Correlation_matrix_ME: 1
            parameter_used_with_lead_lag: 0
                                   xref1: [1×1 struct]
                                   xref2: [1×1 struct]
                                     osr: [1×1 struct]
                                instr_id: []
                               exo_names: {379×1 cell}
                           exo_names_tex: {379×1 cell}
                          exo_names_long: {379×1 cell}
                              endo_names: {7386×1 cell}
                          endo_names_tex: {7386×1 cell}
                         endo_names_long: {7386×1 cell}
                         endo_partitions: [1×1 struct]
                             param_names: {1757×1 cell}
                         param_names_tex: {1757×1 cell}
                        param_names_long: {1757×1 cell}
                        param_partitions: [1×1 struct]
                             exo_det_nbr: 0
                                 exo_nbr: 379
                                endo_nbr: 7386
                               param_nbr: 1757
                           orig_endo_nbr: 7220
                                aux_vars: [1×166 struct]
                                 Sigma_e: [379×379 double]
                                       H: 0
                     sigma_e_is_diagonal: 1
                              det_shocks: []
                         surprise_shocks: []
                           learnt_shocks: []
                           learnt_endval: []
                  heteroskedastic_shocks: [1×1 struct]
                            matched_irfs: {}
                    matched_irfs_weights: {}
                     nonzero_hessian_eqs: [1 2 4 5 6 8 12 16 17 18 19 20 21 22 23 24 25 … ] (1×4623 double)
                         hessian_eq_zero: 0
                                  eq_nbr: 7386
                      ramsey_orig_eq_nbr: 0
                    ramsey_orig_endo_nbr: 0
                 set_auxiliary_variables: 1
                          epilogue_names: {}
                      epilogue_var_list_: {}
                   orig_maximum_endo_lag: 4
                  orig_maximum_endo_lead: 1
                    orig_maximum_exo_lag: 0
                   orig_maximum_exo_lead: 0
                orig_maximum_exo_det_lag: 0
               orig_maximum_exo_det_lead: 0
                        orig_maximum_lag: 4
                       orig_maximum_lead: 1
    orig_maximum_lag_with_diffs_expanded: 4
                      lead_lag_incidence: [3×7386 double]
                                 nstatic: 6218
                                   nfwrd: 196
                                   npred: 916
                                   nboth: 56
                                  nsfwrd: 252
                                  nspred: 972
                                ndynamic: 1168
                         dynamic_tmp_nbr: [4×1 double]
                          equations_tags: {7220×3 cell}
                                 mapping: [1×1 struct]
        static_and_dynamic_models_differ: 0
                   has_external_function: 0
                         block_structure: [1×1 struct]
                               state_var: [444 443 309 325 399 400 401 402 404 403 424 … ] (1×972 double)
                             maximum_lag: 1
                            maximum_lead: 1
                        maximum_endo_lag: 1
                       maximum_endo_lead: 1
                         maximum_exo_lag: 0
                        maximum_exo_lead: 0
                             endo_trends: [7386×1 struct]
                          NNZDerivatives: [3×1 double]
                dynamic_g1_sparse_rowval: [7214 7384 7219 63 386 7165 7361 386 354 7165 … ] (1×75598 int32)
                dynamic_g1_sparse_colval: [4 4 7 210 210 222 222 225 278 279 281 282 … ] (1×75598 int32)
                dynamic_g1_sparse_colptr: [1 1 1 1 3 3 3 4 4 4 4 4 4 4 4 4 4 4 4 4 4 4 … ] (1×22538 int32)
               dynamic_g2_sparse_indices: [1349615×3 int32]
                                     lhs: {7386×1 cell}
                          static_tmp_nbr: [4×1 double]
                    block_structure_stat: [1×1 struct]
                 static_g1_sparse_rowval: [7217 7216 7218 7213 7215 7220 7384 7214 7215 … ] (1×73843 int32)
                 static_g1_sparse_colval: [1 2 3 4 4 4 4 5 6 7 7 7 7 7 7 7 7 7 7 7 7 7 … ] (1×73843 int32)
                 static_g1_sparse_colptr: [1 2 3 4 8 9 10 31 32 33 34 35 36 37 38 39 40 … ] (1×7387 int32)

EAARW_numc
{Unrecognized function or variable 'EAARW_numc'.
} 
ssStruct.EAARW_numc
{Unrecognized field name "EAARW_numc".
} 
