Starting Dynare (version 6.1).
Calling Dynare with arguments: -ID:\BIG12-Calibrated-KB/eagleParsingTemp/submodules savemacro
Starting preprocessing of the model file ... 
Reading eagle_steady_stage1.txt. 
WARNING: Unknown symbol AUX_ENDO_LAG_426_1 in eagle_steady_stage1.txt 
WARNING: Unknown symbol AUX_ENDO_LAG_426_2 in eagle_steady_stage1.txt 
WARNING: Unknown symbol AUX_ENDO_LAG_426_3 in eagle_steady_stage1.txt 
WARNING: Unknown symbol AUX_ENDO_LAG_410_1 in eagle_steady_stage1.txt 
WARNING: Unknown symbol AUX_ENDO_LAG_410_2 in eagle_steady_stage1.txt 
WARNING: Unknown symbol AUX_ENDO_LAG_410_3 in eagle_steady_stage1.txt 
WARNING: Unknown symbol AUX_ENDO_LAG_393_1 in eagle_steady_stage1.txt 
WARNING: Unknown symbol AUX_ENDO_LAG_492_1 in eagle_steady_stage1.txt 
WARNING: Unknown symbol AUX_ENDO_LAG_492_2 in eagle_steady_stage1.txt 
WARNING: Unknown symbol AUX_ENDO_LAG_492_3 in eagle_steady_stage1.txt 
WARNING: Unknown symbol AUX_ENDO_LAG_1043_1 in eagle_steady_stage1.txt 
WARNING: Unknown symbol AUX_ENDO_LAG_1043_2 in eagle_steady_stage1.txt 
WARNING: Unknown symbol AUX_ENDO_LAG_1043_3 in eagle_steady_stage1.txt 
WARNING: Unknown symbol AUX_ENDO_LAG_1027_1 in eagle_steady_stage1.txt 
WARNING: Unknown symbol AUX_ENDO_LAG_1027_2 in eagle_steady_stage1.txt 
WARNING: Unknown symbol AUX_ENDO_LAG_1027_3 in eagle_steady_stage1.txt 
WARNING: Unknown symbol AUX_ENDO_LAG_1010_1 in eagle_steady_stage1.txt 
WARNING: Unknown symbol AUX_ENDO_LAG_1109_1 in eagle_steady_stage1.txt 
WARNING: Unknown symbol AUX_ENDO_LAG_1109_2 in eagle_steady_stage1.txt 
WARNING: Unknown symbol AUX_ENDO_LAG_1109_3 in eagle_steady_stage1.txt 
WARNING: Unknown symbol AUX_ENDO_LAG_1660_1 in eagle_steady_stage1.txt 
WARNING: Unknown symbol AUX_ENDO_LAG_1660_2 in eagle_steady_stage1.txt 
WARNING: Unknown symbol AUX_ENDO_LAG_1660_3 in eagle_steady_stage1.txt 
WARNING: Unknown symbol AUX_ENDO_LAG_1644_1 in eagle_steady_stage1.txt 
WARNING: Unknown symbol AUX_ENDO_LAG_1644_2 in eagle_steady_stage1.txt 
WARNING: Unknown symbol AUX_ENDO_LAG_1644_3 in eagle_steady_stage1.txt 
WARNING: Unknown symbol AUX_ENDO_LAG_1627_1 in eagle_steady_stage1.txt 
WARNING: Unknown symbol AUX_ENDO_LAG_1726_1 in eagle_steady_stage1.txt 
WARNING: Unknown symbol AUX_ENDO_LAG_1726_2 in eagle_steady_stage1.txt 
WARNING: Unknown symbol AUX_ENDO_LAG_1726_3 in eagle_steady_stage1.txt 
WARNING: Unknown symbol AUX_ENDO_LAG_2277_1 in eagle_steady_stage1.txt 
WARNING: Unknown symbol AUX_ENDO_LAG_2277_2 in eagle_steady_stage1.txt 
WARNING: Unknown symbol AUX_ENDO_LAG_2277_3 in eagle_steady_stage1.txt 
WARNING: Unknown symbol AUX_ENDO_LAG_2261_1 in eagle_steady_stage1.txt 
WARNING: Unknown symbol AUX_ENDO_LAG_2261_2 in eagle_steady_stage1.txt 
WARNING: Unknown symbol AUX_ENDO_LAG_2261_3 in eagle_steady_stage1.txt 
WARNING: Unknown symbol AUX_ENDO_LAG_2244_1 in eagle_steady_stage1.txt 
WARNING: Unknown symbol AUX_ENDO_LAG_2343_1 in eagle_steady_stage1.txt 
WARNING: Unknown symbol AUX_ENDO_LAG_2343_2 in eagle_steady_stage1.txt 
WARNING: Unknown symbol AUX_ENDO_LAG_2343_3 in eagle_steady_stage1.txt 
WARNING: Unknown symbol AUX_ENDO_LAG_2894_1 in eagle_steady_stage1.txt 
WARNING: Unknown symbol AUX_ENDO_LAG_2894_2 in eagle_steady_stage1.txt 
WARNING: Unknown symbol AUX_ENDO_LAG_2894_3 in eagle_steady_stage1.txt 
WARNING: Unknown symbol AUX_ENDO_LAG_2878_1 in eagle_steady_stage1.txt 
WARNING: Unknown symbol AUX_ENDO_LAG_2878_2 in eagle_steady_stage1.txt 
WARNING: Unknown symbol AUX_ENDO_LAG_2878_3 in eagle_steady_stage1.txt 
WARNING: Unknown symbol AUX_ENDO_LAG_2861_1 in eagle_steady_stage1.txt 
WARNING: Unknown symbol AUX_ENDO_LAG_2960_1 in eagle_steady_stage1.txt 
WARNING: Unknown symbol AUX_ENDO_LAG_2960_2 in eagle_steady_stage1.txt 
WARNING: Unknown symbol AUX_ENDO_LAG_2960_3 in eagle_steady_stage1.txt 
WARNING: Unknown symbol AUX_ENDO_LAG_3511_1 in eagle_steady_stage1.txt 
WARNING: Unknown symbol AUX_ENDO_LAG_3511_2 in eagle_steady_stage1.txt 
WARNING: Unknown symbol AUX_ENDO_LAG_3511_3 in eagle_steady_stage1.txt 
WARNING: Unknown symbol AUX_ENDO_LAG_3495_1 in eagle_steady_stage1.txt 
WARNING: Unknown symbol AUX_ENDO_LAG_3495_2 in eagle_steady_stage1.txt 
WARNING: Unknown symbol AUX_ENDO_LAG_3495_3 in eagle_steady_stage1.txt 
WARNING: Unknown symbol AUX_ENDO_LAG_3478_1 in eagle_steady_stage1.txt 
WARNING: Unknown symbol AUX_ENDO_LAG_3577_1 in eagle_steady_stage1.txt 
WARNING: Unknown symbol AUX_ENDO_LAG_3577_2 in eagle_steady_stage1.txt 
WARNING: Unknown symbol AUX_ENDO_LAG_3577_3 in eagle_steady_stage1.txt 
WARNING: Unknown symbol AUX_ENDO_LAG_4128_1 in eagle_steady_stage1.txt 
WARNING: Unknown symbol AUX_ENDO_LAG_4128_2 in eagle_steady_stage1.txt 
WARNING: Unknown symbol AUX_ENDO_LAG_4128_3 in eagle_steady_stage1.txt 
WARNING: Unknown symbol AUX_ENDO_LAG_4112_1 in eagle_steady_stage1.txt 
WARNING: Unknown symbol AUX_ENDO_LAG_4112_2 in eagle_steady_stage1.txt 
WARNING: Unknown symbol AUX_ENDO_LAG_4112_3 in eagle_steady_stage1.txt 
WARNING: Unknown symbol AUX_ENDO_LAG_4095_1 in eagle_steady_stage1.txt 
WARNING: Unknown symbol AUX_ENDO_LAG_4194_1 in eagle_steady_stage1.txt 
WARNING: Unknown symbol AUX_ENDO_LAG_4194_2 in eagle_steady_stage1.txt 
WARNING: Unknown symbol AUX_ENDO_LAG_4194_3 in eagle_steady_stage1.txt 
WARNING: Unknown symbol AUX_ENDO_LAG_4745_1 in eagle_steady_stage1.txt 
WARNING: Unknown symbol AUX_ENDO_LAG_4745_2 in eagle_steady_stage1.txt 
WARNING: Unknown symbol AUX_ENDO_LAG_4745_3 in eagle_steady_stage1.txt 
WARNING: Unknown symbol AUX_ENDO_LAG_4729_1 in eagle_steady_stage1.txt 
WARNING: Unknown symbol AUX_ENDO_LAG_4729_2 in eagle_steady_stage1.txt 
WARNING: Unknown symbol AUX_ENDO_LAG_4729_3 in eagle_steady_stage1.txt 
WARNING: Unknown symbol AUX_ENDO_LAG_4712_1 in eagle_steady_stage1.txt 
WARNING: Unknown symbol AUX_ENDO_LAG_4811_1 in eagle_steady_stage1.txt 
WARNING: Unknown symbol AUX_ENDO_LAG_4811_2 in eagle_steady_stage1.txt 
WARNING: Unknown symbol AUX_ENDO_LAG_4811_3 in eagle_steady_stage1.txt 
WARNING: Unknown symbol AUX_ENDO_LAG_5362_1 in eagle_steady_stage1.txt 
WARNING: Unknown symbol AUX_ENDO_LAG_5362_2 in eagle_steady_stage1.txt 
WARNING: Unknown symbol AUX_ENDO_LAG_5362_3 in eagle_steady_stage1.txt 
WARNING: Unknown symbol AUX_ENDO_LAG_5346_1 in eagle_steady_stage1.txt 
WARNING: Unknown symbol AUX_ENDO_LAG_5346_2 in eagle_steady_stage1.txt 
WARNING: Unknown symbol AUX_ENDO_LAG_5346_3 in eagle_steady_stage1.txt 
WARNING: Unknown symbol AUX_ENDO_LAG_5329_1 in eagle_steady_stage1.txt 
WARNING: Unknown symbol AUX_ENDO_LAG_5428_1 in eagle_steady_stage1.txt 
WARNING: Unknown symbol AUX_ENDO_LAG_5428_2 in eagle_steady_stage1.txt 
WARNING: Unknown symbol AUX_ENDO_LAG_5428_3 in eagle_steady_stage1.txt 
WARNING: Unknown symbol AUX_ENDO_LAG_5979_1 in eagle_steady_stage1.txt 
WARNING: Unknown symbol AUX_ENDO_LAG_5979_2 in eagle_steady_stage1.txt 
WARNING: Unknown symbol AUX_ENDO_LAG_5979_3 in eagle_steady_stage1.txt 
WARNING: Unknown symbol AUX_ENDO_LAG_5963_1 in eagle_steady_stage1.txt 
WARNING: Unknown symbol AUX_ENDO_LAG_5963_2 in eagle_steady_stage1.txt 
WARNING: Unknown symbol AUX_ENDO_LAG_5963_3 in eagle_steady_stage1.txt 
WARNING: Unknown symbol AUX_ENDO_LAG_5946_1 in eagle_steady_stage1.txt 
WARNING: Unknown symbol AUX_ENDO_LAG_6045_1 in eagle_steady_stage1.txt 
WARNING: Unknown symbol AUX_ENDO_LAG_6045_2 in eagle_steady_stage1.txt 
WARNING: Unknown symbol AUX_ENDO_LAG_6045_3 in eagle_steady_stage1.txt 
WARNING: Unknown symbol AUX_ENDO_LAG_6596_1 in eagle_steady_stage1.txt 
WARNING: Unknown symbol AUX_ENDO_LAG_6596_2 in eagle_steady_stage1.txt 
WARNING: Unknown symbol AUX_ENDO_LAG_6596_3 in eagle_steady_stage1.txt 
WARNING: Unknown symbol AUX_ENDO_LAG_6580_1 in eagle_steady_stage1.txt 
WARNING: Unknown symbol AUX_ENDO_LAG_6580_2 in eagle_steady_stage1.txt 
WARNING: Unknown symbol AUX_ENDO_LAG_6580_3 in eagle_steady_stage1.txt 
WARNING: Unknown symbol AUX_ENDO_LAG_6563_1 in eagle_steady_stage1.txt 
WARNING: Unknown symbol AUX_ENDO_LAG_6662_1 in eagle_steady_stage1.txt 
WARNING: Unknown symbol AUX_ENDO_LAG_6662_2 in eagle_steady_stage1.txt 
WARNING: Unknown symbol AUX_ENDO_LAG_6662_3 in eagle_steady_stage1.txt 
WARNING: Unknown symbol AUX_ENDO_LAG_7213_1 in eagle_steady_stage1.txt 
WARNING: Unknown symbol AUX_ENDO_LAG_7213_2 in eagle_steady_stage1.txt 
WARNING: Unknown symbol AUX_ENDO_LAG_7213_3 in eagle_steady_stage1.txt 
WARNING: Unknown symbol AUX_ENDO_LAG_7197_1 in eagle_steady_stage1.txt 
WARNING: Unknown symbol AUX_ENDO_LAG_7197_2 in eagle_steady_stage1.txt 
WARNING: Unknown symbol AUX_ENDO_LAG_7197_3 in eagle_steady_stage1.txt 
WARNING: Unknown symbol AUX_ENDO_LAG_7180_1 in eagle_steady_stage1.txt 
WARNING: Unknown symbol AUX_ENDO_LAG_7279_1 in eagle_steady_stage1.txt 
WARNING: Unknown symbol AUX_ENDO_LAG_7279_2 in eagle_steady_stage1.txt 
WARNING: Unknown symbol AUX_ENDO_LAG_7279_3 in eagle_steady_stage1.txt 
WARNING: Unknown symbol AUX_ENDO_LAG_7833_1 in eagle_steady_stage1.txt 
WARNING: Unknown symbol AUX_ENDO_LAG_7833_2 in eagle_steady_stage1.txt 
WARNING: Unknown symbol AUX_ENDO_LAG_7833_3 in eagle_steady_stage1.txt 
WARNING: Unknown symbol AUX_ENDO_LAG_7817_1 in eagle_steady_stage1.txt 
WARNING: Unknown symbol AUX_ENDO_LAG_7817_2 in eagle_steady_stage1.txt 
WARNING: Unknown symbol AUX_ENDO_LAG_7817_3 in eagle_steady_stage1.txt 
WARNING: Unknown symbol AUX_ENDO_LAG_7800_1 in eagle_steady_stage1.txt 
WARNING: Unknown symbol AUX_ENDO_LAG_7899_1 in eagle_steady_stage1.txt 
WARNING: Unknown symbol AUX_ENDO_LAG_7899_2 in eagle_steady_stage1.txt 
WARNING: Unknown symbol AUX_ENDO_LAG_7899_3 in eagle_steady_stage1.txt 
WARNING: Unknown symbol AUX_ENDO_LAG_8452_1 in eagle_steady_stage1.txt 
WARNING: Unknown symbol AUX_ENDO_LAG_8452_2 in eagle_steady_stage1.txt 
WARNING: Unknown symbol AUX_ENDO_LAG_8452_3 in eagle_steady_stage1.txt 
WARNING: Unknown symbol AUX_ENDO_LAG_8436_1 in eagle_steady_stage1.txt 
WARNING: Unknown symbol AUX_ENDO_LAG_8436_2 in eagle_steady_stage1.txt 
WARNING: Unknown symbol AUX_ENDO_LAG_8436_3 in eagle_steady_stage1.txt 
WARNING: Unknown symbol AUX_ENDO_LAG_8419_1 in eagle_steady_stage1.txt 
WARNING: Unknown symbol AUX_ENDO_LAG_8515_1 in eagle_steady_stage1.txt 
WARNING: Unknown symbol AUX_ENDO_LAG_8515_2 in eagle_steady_stage1.txt 
WARNING: Unknown symbol AUX_ENDO_LAG_8515_3 in eagle_steady_stage1.txt 
WARNING: Unknown symbol AUX_ENDO_LAG_274_1 in eagle_steady_stage1.txt 
WARNING: Unknown symbol AUX_ENDO_LAG_447_1 in eagle_steady_stage1.txt 
WARNING: Unknown symbol AUX_ENDO_LAG_891_1 in eagle_steady_stage1.txt 
WARNING: Unknown symbol AUX_ENDO_LAG_1064_1 in eagle_steady_stage1.txt 
WARNING: Unknown symbol AUX_ENDO_LAG_1508_1 in eagle_steady_stage1.txt 
WARNING: Unknown symbol AUX_ENDO_LAG_1681_1 in eagle_steady_stage1.txt 
WARNING: Unknown symbol AUX_ENDO_LAG_2125_1 in eagle_steady_stage1.txt 
WARNING: Unknown symbol AUX_ENDO_LAG_2298_1 in eagle_steady_stage1.txt 
WARNING: Unknown symbol AUX_ENDO_LAG_2742_1 in eagle_steady_stage1.txt 
WARNING: Unknown symbol AUX_ENDO_LAG_2915_1 in eagle_steady_stage1.txt 
WARNING: Unknown symbol AUX_ENDO_LAG_3359_1 in eagle_steady_stage1.txt 
WARNING: Unknown symbol AUX_ENDO_LAG_3532_1 in eagle_steady_stage1.txt 
WARNING: Unknown symbol AUX_ENDO_LAG_3976_1 in eagle_steady_stage1.txt 
WARNING: Unknown symbol AUX_ENDO_LAG_4149_1 in eagle_steady_stage1.txt 
WARNING: Unknown symbol AUX_ENDO_LAG_4593_1 in eagle_steady_stage1.txt 
WARNING: Unknown symbol AUX_ENDO_LAG_4766_1 in eagle_steady_stage1.txt 
WARNING: Unknown symbol AUX_ENDO_LAG_5210_1 in eagle_steady_stage1.txt 
WARNING: Unknown symbol AUX_ENDO_LAG_5383_1 in eagle_steady_stage1.txt 
WARNING: Unknown symbol AUX_ENDO_LAG_5827_1 in eagle_steady_stage1.txt 
WARNING: Unknown symbol AUX_ENDO_LAG_6000_1 in eagle_steady_stage1.txt 
WARNING: Unknown symbol AUX_ENDO_LAG_6617_1 in eagle_steady_stage1.txt 
WARNING: Unknown symbol AUX_ENDO_LAG_3_1 in eagle_steady_stage1.txt 
WARNING: Unknown symbol AUX_ENDO_LAG_3_2 in eagle_steady_stage1.txt 
WARNING: Unknown symbol AUX_ENDO_LAG_3_3 in eagle_steady_stage1.txt 
Substitution of endo lags >= 2: added 164 auxiliary variables and equations. 
Found 7381 equation(s). 
Evaluating expressions... 
Computing static model derivatives (order 1). 
Normalizing the static model... 
Finding the optimal block decomposition of the static model... 
448 block(s) found: 
  447 recursive block(s) and 1 simultaneous block(s). 
  the largest simultaneous block has 3403 equation(s) 
                                 and 3403 feedback variable(s). 
Computing dynamic model derivatives (order 2). 
Normalizing the dynamic model... 
Finding the optimal block decomposition of the dynamic model... 
283 block(s) found: 
  282 recursive block(s) and 1 simultaneous block(s). 
  the largest simultaneous block has 3449 equation(s) 
                                 and 2926 feedback variable(s). 
Preprocessing completed. 
Preprocessing time: 0h02m33s.
epsilonm
HOMOTOPY mode 1: computing step 0/5...
HOMOTOPY mode 1: computing step 1/5...
MODEL STEADY STATE: (method=Sparse Gaussian Elimination)
------------------------------------
      Iteration no. 1
      Inf-norm error = 7.404e-04
      2-norm error   = 3.934e-03
      1-norm error   = 2.258e-02
------------------------------------
MODEL STEADY STATE: (method=Sparse Gaussian Elimination)
------------------------------------
      Iteration no. 2
      Inf-norm error = 1.127e-05
      2-norm error   = 5.964e-05
      1-norm error   = 3.156e-04
------------------------------------
HOMOTOPY mode 1: computing step 2/5...
MODEL STEADY STATE: (method=Sparse Gaussian Elimination)
------------------------------------
      Iteration no. 1
      Inf-norm error = 7.827e-04
      2-norm error   = 4.157e-03
      1-norm error   = 2.379e-02
------------------------------------
MODEL STEADY STATE: (method=Sparse Gaussian Elimination)
------------------------------------
      Iteration no. 2
      Inf-norm error = 1.227e-05
      2-norm error   = 6.493e-05
      1-norm error   = 3.436e-04
------------------------------------
HOMOTOPY mode 1: computing step 3/5...
MODEL STEADY STATE: (method=Sparse Gaussian Elimination)
------------------------------------
      Iteration no. 1
      Inf-norm error = 8.287e-04
      2-norm error   = 4.400e-03
      1-norm error   = 2.511e-02
------------------------------------
MODEL STEADY STATE: (method=Sparse Gaussian Elimination)
------------------------------------
      Iteration no. 2
      Inf-norm error = 1.339e-05
      2-norm error   = 7.085e-05
      1-norm error   = 3.750e-04
------------------------------------
HOMOTOPY mode 1: computing step 4/5...
MODEL STEADY STATE: (method=Sparse Gaussian Elimination)
------------------------------------
      Iteration no. 1
      Inf-norm error = 8.788e-04
      2-norm error   = 4.664e-03
      1-norm error   = 2.654e-02
------------------------------------
MODEL STEADY STATE: (method=Sparse Gaussian Elimination)
------------------------------------
      Iteration no. 2
      Inf-norm error = 1.465e-05
      2-norm error   = 7.751e-05
      1-norm error   = 4.102e-04
------------------------------------
HOMOTOPY mode 1: computing step 5/5...
MODEL STEADY STATE: (method=Sparse Gaussian Elimination)
------------------------------------
      Iteration no. 1
      Inf-norm error = 9.336e-04
      2-norm error   = 4.954e-03
      1-norm error   = 2.810e-02
------------------------------------
MODEL STEADY STATE: (method=Sparse Gaussian Elimination)
------------------------------------
      Iteration no. 2
      Inf-norm error = 1.607e-05
      2-norm error   = 8.502e-05
      1-norm error   = 4.500e-04
------------------------------------

STEADY-STATE RESULTS:

EA_bf               		 -0.412216
EA_m                		 0.835618
EA_pic4             		 1.02
EA_y                		 3.56942
EA_ygrowth          		 1
EA_ygrowth4         		 1
EA_z                		 1
EA_ybar             		 3.56942
EAAEAB_excy         		 0.0213205
EAAEAC_excy         		 0.0213205
EAAEAD_excy         		 0.0213205
EAAEAE_excy         		 0.0213205
EAAEAF_excy         		 0.0213205
EAAEAG_excy         		 0.0213205
EAAEAH_excy         		 0.0213205
EAAEAI_excy         		 0.0213205
EAAEAJ_excy         		 0.0213205
EAAEAK_excy         		 0.0213205
EAAEAL_excy         		 0.0217196
EAARW_excy          		 0.0164031
EAAUS_excy          		 0.00609685
EAAEAB_exiy         		 0.0102114
EAAEAC_exiy         		 0.0102114
EAAEAD_exiy         		 0.0102114
EAAEAE_exiy         		 0.0102114
EAAEAF_exiy         		 0.0102114
EAAEAG_exiy         		 0.0102114
EAAEAH_exiy         		 0.0102114
EAAEAI_exiy         		 0.0102114
EAAEAJ_exiy         		 0.0102114
EAAEAK_exiy         		 0.0102114
EAAEAL_exiy         		 0.0102503
EAARW_exiy          		 0.0129191
EAAUS_exiy          		 0.0048406
EAA_fx              		 5.698
EAAEAB_gammaimc     		 0
EAAEAC_gammaimc     		 0
EAAEAD_gammaimc     		 0
EAAEAE_gammaimc     		 0
EAAEAF_gammaimc     		 0
EAAEAG_gammaimc     		 0
EAAEAH_gammaimc     		 0
EAAEAI_gammaimc     		 0
EAAEAJ_gammaimc     		 0
EAAEAK_gammaimc     		 0
EAAEAL_gammaimc     		 0
EAARW_gammaimc      		 0
EAAUS_gammaimc      		 0
EAAEAB_gammaimcdag  		 1
EAAEAC_gammaimcdag  		 1
EAAEAD_gammaimcdag  		 1
EAAEAE_gammaimcdag  		 1
EAAEAF_gammaimcdag  		 1
EAAEAG_gammaimcdag  		 1
EAAEAH_gammaimcdag  		 1
EAAEAI_gammaimcdag  		 1
EAAEAJ_gammaimcdag  		 1
EAAEAK_gammaimcdag  		 1
EAAEAL_gammaimcdag  		 1
EAARW_gammaimcdag   		 1
EAAUS_gammaimcdag   		 1
EAAEAB_gammaimi     		 0
EAAEAC_gammaimi     		 0
EAAEAD_gammaimi     		 0
EAAEAE_gammaimi     		 0
EAAEAF_gammaimi     		 0
EAAEAG_gammaimi     		 0
EAAEAH_gammaimi     		 0
EAAEAI_gammaimi     		 0
EAAEAJ_gammaimi     		 0
EAAEAK_gammaimi     		 0
EAAEAL_gammaimi     		 0
EAARW_gammaimi      		 0
EAAUS_gammaimi      		 0
EAAEAB_gammaimidag  		 1
EAAEAC_gammaimidag  		 1
EAAEAD_gammaimidag  		 1
EAAEAE_gammaimidag  		 1
EAAEAF_gammaimidag  		 1
EAAEAG_gammaimidag  		 1
EAAEAH_gammaimidag  		 1
EAAEAI_gammaimidag  		 1
EAAEAJ_gammaimidag  		 1
EAAEAK_gammaimidag  		 1
EAAEAL_gammaimidag  		 1
EAARW_gammaimidag   		 1
EAAUS_gammaimidag   		 1
EAAEAB_gammaimcg    		 0
EAAEAC_gammaimcg    		 0
EAAEAD_gammaimcg    		 0
EAAEAE_gammaimcg    		 0
EAAEAF_gammaimcg    		 0
EAAEAG_gammaimcg    		 0
EAAEAH_gammaimcg    		 0
EAAEAI_gammaimcg    		 0
EAAEAJ_gammaimcg    		 0
EAAEAK_gammaimcg    		 0
EAAEAL_gammaimcg    		 0
EAARW_gammaimcg     		 0
EAAUS_gammaimcg     		 0
EAAEAB_gammaimcgdag 		 1
EAAEAC_gammaimcgdag 		 1
EAAEAD_gammaimcgdag 		 1
EAAEAE_gammaimcgdag 		 1
EAAEAF_gammaimcgdag 		 1
EAAEAG_gammaimcgdag 		 1
EAAEAH_gammaimcgdag 		 1
EAAEAI_gammaimcgdag 		 1
EAAEAJ_gammaimcgdag 		 1
EAAEAK_gammaimcgdag 		 1
EAAEAL_gammaimcgdag 		 1
EAARW_gammaimcgdag  		 1
EAAUS_gammaimcgdag  		 1
EAAEAB_gammaimig    		 0
EAAEAC_gammaimig    		 0
EAAEAD_gammaimig    		 0
EAAEAE_gammaimig    		 0
EAAEAF_gammaimig    		 0
EAAEAG_gammaimig    		 0
EAAEAH_gammaimig    		 0
EAAEAI_gammaimig    		 0
EAAEAJ_gammaimig    		 0
EAAEAK_gammaimig    		 0
EAAEAL_gammaimig    		 0
EAARW_gammaimig     		 0
EAAUS_gammaimig     		 0
EAAEAB_gammaimigdag 		 1
EAAEAC_gammaimigdag 		 1
EAAEAD_gammaimigdag 		 1
EAAEAE_gammaimigdag 		 1
EAAEAF_gammaimigdag 		 1
EAAEAG_gammaimigdag 		 1
EAAEAH_gammaimigdag 		 1
EAAEAI_gammaimigdag 		 1
EAAEAJ_gammaimigdag 		 1
EAAEAK_gammaimigdag 		 1
EAAEAL_gammaimigdag 		 1
EAARW_gammaimigdag  		 1
EAAUS_gammaimigdag  		 1
EAA_gx              		 6.8376
EAAEAB_im           		 0.152317
EAAEAC_im           		 0.152317
EAAEAD_im           		 0.152317
EAAEAE_im           		 0.152317
EAAEAF_im           		 0.152317
EAAEAG_im           		 0.152317
EAAEAH_im           		 0.152317
EAAEAI_im           		 0.152317
EAAEAJ_im           		 0.152317
EAAEAK_im           		 0.152317
EAAEAL_im           		 0.150178
EAARW_im            		 0.139265
EAAUS_im            		 0.0651711
EAAEAB_imc          		 0.0835131
EAAEAC_imc          		 0.0835131
EAAEAD_imc          		 0.0835131
EAAEAE_imc          		 0.0835131
EAAEAF_imc          		 0.0835131
EAAEAG_imc          		 0.0835131
EAAEAH_imc          		 0.0835131
EAAEAI_imc          		 0.0835131
EAAEAJ_imc          		 0.0835131
EAAEAK_imc          		 0.0835131
EAAEAL_imc          		 0.0823405
EAARW_imc           		 0.0763573
EAAUS_imc           		 0.0357325
EAARW_imcy          		 0.0202048
EAAEAB_imi          		 0.0399985
EAAEAC_imi          		 0.0399985
EAAEAD_imi          		 0.0399985
EAAEAE_imi          		 0.0399985
EAAEAF_imi          		 0.0399985
EAAEAG_imi          		 0.0399985
EAAEAH_imi          		 0.0399985
EAAEAI_imi          		 0.0399985
EAAEAJ_imi          		 0.0399985
EAAEAK_imi          		 0.0399985
EAAEAL_imi          		 0.0394369
EAARW_imi           		 0.0365712
EAAUS_imi           		 0.017114
EAARW_imiy          		 0.00967707
EAAEAB_imcg         		 0.0240041
EAAEAC_imcg         		 0.0240041
EAAEAD_imcg         		 0.0240041
EAAEAE_imcg         		 0.0240041
EAAEAF_imcg         		 0.0240041
EAAEAG_imcg         		 0.0240041
EAAEAH_imcg         		 0.0240041
EAAEAI_imcg         		 0.0240041
EAAEAJ_imcg         		 0.0240041
EAAEAK_imcg         		 0.0240041
EAAEAL_imcg         		 0.023667
EAARW_imcg          		 0.0219473
EAAUS_imcg          		 0.0102705
EAARW_imcgy         		 0.00580744
EAAEAB_imig         		 0.00480081
EAAEAC_imig         		 0.00480081
EAAEAD_imig         		 0.00480081
EAAEAE_imig         		 0.00480081
EAAEAF_imig         		 0.00480081
EAAEAG_imig         		 0.00480081
EAAEAH_imig         		 0.00480081
EAAEAI_imig         		 0.00480081
EAAEAJ_imig         		 0.00480081
EAAEAK_imig         		 0.00480081
EAAEAL_imig         		 0.0047334
EAARW_imig          		 0.00438945
EAAUS_imig          		 0.00205411
EAARW_imigy         		 0.00116149
EAA_piex            		 1.00496
EAA_pextilde        		 0.911256
EAAEAB_rer          		 1
EAAEAC_rer          		 1
EAAEAD_rer          		 1
EAAEAE_rer          		 1
EAAEAF_rer          		 1
EAAEAG_rer          		 1
EAAEAH_rer          		 1
EAAEAI_rer          		 1
EAAEAJ_rer          		 1
EAAEAK_rer          		 1
EAAEAL_rer          		 1.00262
EAARW_rer           		 0.98014
EAAUS_rer           		 1.30531
EAA_sx              		 1
EAAEAB_tot          		 1
EAAEAC_tot          		 1
EAAEAD_tot          		 1
EAAEAE_tot          		 1
EAAEAF_tot          		 1
EAAEAG_tot          		 1
EAAEAH_tot          		 1
EAAEAI_tot          		 1
EAAEAJ_tot          		 1
EAAEAK_tot          		 1
EAAEAL_tot          		 1.00567
EAARW_tot           		 1.03648
EAAUS_tot           		 1.40435
EAAEAB_weight       		 0.0790839
EAAEAC_weight       		 0.0790839
EAAEAD_weight       		 0.0790839
EAAEAE_weight       		 0.0790839
EAAEAF_weight       		 0.0790839
EAAEAG_weight       		 0.0790839
EAAEAH_weight       		 0.0790839
EAAEAI_weight       		 0.0790839
EAAEAJ_weight       		 0.0790839
EAAEAK_weight       		 0.0790839
EAAEAL_weight       		 0.0787645
EAARW_weight        		 0.0777095
EAAUS_weight        		 0.0526868
EAAEAB_weightex     		 0.0784261
EAAEAC_weightex     		 0.0784261
EAAEAD_weightex     		 0.0784261
EAAEAE_weightex     		 0.0784261
EAAEAF_weightex     		 0.0784261
EAAEAG_weightex     		 0.0784261
EAAEAH_weightex     		 0.0784261
EAAEAI_weightex     		 0.0784261
EAAEAJ_weightex     		 0.0784261
EAAEAK_weightex     		 0.0784261
EAAEAL_weightex     		 0.0784597
EAARW_weightex      		 0.0798398
EAAUS_weightex      		 0.0574393
EAAEAB_weightim     		 0.0797442
EAAEAC_weightim     		 0.0797442
EAAEAD_weightim     		 0.0797442
EAAEAE_weightim     		 0.0797442
EAAEAF_weightim     		 0.0797442
EAAEAG_weightim     		 0.0797442
EAAEAH_weightim     		 0.0797442
EAAEAI_weightim     		 0.0797442
EAAEAJ_weightim     		 0.0797442
EAAEAK_weightim     		 0.0797442
EAAEAL_weightim     		 0.0790704
EAARW_weightim      		 0.0755712
EAAUS_weightim      		 0.0479164
EAA_b               		 8.56661
EAA_bf              		 -0.412216
EAA_by              		 2.4
EAA_c               		 1.91798
EAA_ci              		 2.17352
EAA_cj              		 1.15136
EAA_cy              		 0.537337
EAA_d               		 0.163569
EAA_dn              		 0.163569
EAA_dt              		 -2.82708e-09
EAA_etot            		 1.02135
EAA_ex              		 1.91731
EAA_fh              		 6.78992
EAA_fi              		 14.2917
EAA_fj              		 0.529324
EAA_fn              		 8.56823
EAA_cg              		 0.740764
EAA_gammab          		 0
EAA_gammai          		 0
EAA_gammaider       		 0
EAA_gammau          		 0
EAA_gammauder       		 0.0324171
EAA_gammav          		 0.000200902
EAA_gammavi         		 0.000104746
EAA_gammavider      		 0.00232797
EAA_gammavj         		 0.000104746
EAA_gammavjder      		 0.00232797
EAA_gh              		 8.1479
EAA_gi              		 5.9105
EAA_gj              		 3.71926
EAA_gn              		 12.8523
EAA_cgy             		 0.2
EAA_ht              		 0.775876
EAA_htc             		 0.271418
EAA_hti             		 0.129995
EAA_htcg            		 0.312053
EAA_htig            		 0.0624106
EAA_i               		 0.804544
EAA_ig              		 0.148153
EAA_ii              		 1.07272
EAA_im              		 1.86475
EAA_imc             		 1.02242
EAA_imi             		 0.489685
EAA_imcg            		 0.293871
EAA_imig            		 0.0587743
EAA_imy             		 0.48763
EAA_internalrer     		 1.2263
EAA_igy             		 0.04
EAA_k               		 32.1817
EAA_kd              		 32.1817
EAA_kdn             		 8.99232
EAA_kdt             		 23.1894
EAA_ki              		 42.909
EAA_lambdai         		 1.29043
EAA_lambdaj         		 2.43606
EAA_lcy             		 0.667922
EAA_m               		 0.835618
EAA_mcn             		 0.75938
EAA_mct             		 0.75938
EAA_mi              		 0.946951
EAA_mj              		 0.501619
EAA_nd              		 1.92742
EAA_ndi             		 0.921516
EAA_ndj             		 1.09346
EAA_ndn             		 0.538566
EAA_ndt             		 1.38886
EAA_ni              		 0.921516
EAA_nj              		 1.09346
EAA_nt              		 0.979082
EAA_ntc             		 0.629047
EAA_nti             		 0.186507
EAA_ntcg            		 0.136273
EAA_ntig            		 0.0272545
EAA_pex             		 0.911256
EAA_pht             		 0.911256
EAA_phttilde        		 0.911256
EAA_pi              		 0.979408
EAA_pcg             		 0.963713
EAA_pig             		 0.963713
EAA_pic             		 1.00496
EAA_pic4            		 1.02
EAA_piex4           		 1.02
EAA_piht            		 1.00496
EAA_piimc           		 1.00496
EAA_piimi           		 1.00496
EAA_piimcg          		 1.00496
EAA_piimig          		 1.00496
EAA_piimc4          		 1.02
EAA_pim             		 0.933402
EAA_pimc            		 0.933402
EAA_pimi            		 0.933402
EAA_pimcg           		 0.933402
EAA_pimig           		 0.933402
EAA_pint            		 1.00496
EAA_piw             		 1.00496
EAA_piw4            		 1.02
EAA_pnt             		 1.13907
EAA_pnttilde        		 1.13907
EAA_pttc            		 0.928865
EAA_ptti            		 0.928865
EAA_pttcg           		 0.922163
EAA_pttig           		 0.922163
EAA_py              		 0.971995
EAA_q               		 0.979408
EAA_qc              		 1.91818
EAA_qi              		 0.804544
EAA_qcg             		 0.740764
EAA_qig             		 0.148153
EAA_r               		 1.01242
EAA_reer            		 1.01277
EAA_rer             		 1.30531
EAA_rerdep          		 1
EAA_rk              		 0.0317495
EAA_rp              		 0
EAA_rr              		 1.00742
EAA_rrstar          		 1.00742
EAA_sh              		 1
EAA_si              		 1
EAA_sj              		 1
EAA_snt             		 1
EAA_t               		 0
EAA_tauc            		 0.183
EAA_taud            		 0
EAA_tauk            		 0
EAA_taun            		 0.122
EAA_tauwf           		 0.219
EAA_tauwh           		 0.118
EAA_tb              		 0.0065994
EAA_tby             		 0.00184887
EAA_ti              		 0
EAA_tj              		 0
EAA_tot             		 1.40435
EAA_tr              		 0.333396
EAA_tri             		 0.222264
EAA_trj             		 0.666793
EAA_try             		 0.0934018
EAA_ttc             		 1.29368
EAA_tti             		 0.619607
EAA_ttcg            		 0.605815
EAA_ttig            		 0.121163
EAA_ty              		 0
EAA_u               		 1
EAA_utili           		 -93.5118
EAA_utilj           		 -203.579
EAA_vj              		 2.29529
EAA_w               		 1.01471
EAA_wcst            		 0
EAA_whty            		 0.574241
EAA_wi              		 1.1259
EAA_witilde         		 1.1259
EAA_wj              		 0.839754
EAA_wjtilde         		 0.839754
EAA_wnty            		 0.490019
EAA_wy              		 0.547927
EAA_y               		 3.67226
EAA_ygap            		 0
EAA_ygrowth         		 1
EAA_ygrowth4        		 1
EAA_yhty            		 0.687556
EAA_ynty            		 0.312444
EAA_yshare          		 0.0665152
EAA_ysn             		 0.979082
EAA_yst             		 2.69318
EAA_zcon            		 1
EAA_zinv            		 1
EAA_zn              		 1
EAA_zt              		 1
EAA_gammav1         		 0.0308642
EAA_gammav2         		 0.150338
EAA_nutc            		 0.2
EAA_nuti            		 0.2
EAA_nutcg           		 0.5
EAA_nutig           		 0.5
EAA_psit            		 0.2
EAAEAB_rerbar       		 1
EAAEAC_rerbar       		 1
EAAEAD_rerbar       		 1
EAAEAE_rerbar       		 1
EAAEAF_rerbar       		 1
EAAEAG_rerbar       		 1
EAAEAH_rerbar       		 1
EAAEAI_rerbar       		 1
EAAEAJ_rerbar       		 1
EAAEAK_rerbar       		 1
EAAEAL_rerbar       		 1.00262
EAARW_rerbar        		 0.98014
EAAUS_rerbar        		 1.30531
EAA_pibar           		 0.979408
EAA_psinbar         		 0.274143
EAA_psitbar         		 0.538636
EAA_pybar           		 0.971995
EAA_qbar            		 0.979408
EAA_trybar          		 0.0934035
EAA_ybar            		 3.67226
EAA_ynbar           		 0.979082
EAA_ytbar           		 2.69318
EABEAA_excy         		 0.0213205
EABEAC_excy         		 0.0213205
EABEAD_excy         		 0.0213205
EABEAE_excy         		 0.0213205
EABEAF_excy         		 0.0213205
EABEAG_excy         		 0.0213205
EABEAH_excy         		 0.0213205
EABEAI_excy         		 0.0213205
EABEAJ_excy         		 0.0213205
EABEAK_excy         		 0.0213205
EABEAL_excy         		 0.0217196
EABRW_excy          		 0.0164031
EABUS_excy          		 0.00609685
EABEAA_exiy         		 0.0102114
EABEAC_exiy         		 0.0102114
EABEAD_exiy         		 0.0102114
EABEAE_exiy         		 0.0102114
EABEAF_exiy         		 0.0102114
EABEAG_exiy         		 0.0102114
EABEAH_exiy         		 0.0102114
EABEAI_exiy         		 0.0102114
EABEAJ_exiy         		 0.0102114
EABEAK_exiy         		 0.0102114
EABEAL_exiy         		 0.0102503
EABRW_exiy          		 0.0129191
EABUS_exiy          		 0.0048406
EAB_fx              		 5.698
EABEAA_gammaimc     		 0
EABEAC_gammaimc     		 0
EABEAD_gammaimc     		 0
EABEAE_gammaimc     		 0
EABEAF_gammaimc     		 0
EABEAG_gammaimc     		 0
EABEAH_gammaimc     		 0
EABEAI_gammaimc     		 0
EABEAJ_gammaimc     		 0
EABEAK_gammaimc     		 0
EABEAL_gammaimc     		 0
EABRW_gammaimc      		 0
EABUS_gammaimc      		 0
EABEAA_gammaimcdag  		 1
EABEAC_gammaimcdag  		 1
EABEAD_gammaimcdag  		 1
EABEAE_gammaimcdag  		 1
EABEAF_gammaimcdag  		 1
EABEAG_gammaimcdag  		 1
EABEAH_gammaimcdag  		 1
EABEAI_gammaimcdag  		 1
EABEAJ_gammaimcdag  		 1
EABEAK_gammaimcdag  		 1
EABEAL_gammaimcdag  		 1
EABRW_gammaimcdag   		 1
EABUS_gammaimcdag   		 1
EABEAA_gammaimi     		 0
EABEAC_gammaimi     		 0
EABEAD_gammaimi     		 0
EABEAE_gammaimi     		 0
EABEAF_gammaimi     		 0
EABEAG_gammaimi     		 0
EABEAH_gammaimi     		 0
EABEAI_gammaimi     		 0
EABEAJ_gammaimi     		 0
EABEAK_gammaimi     		 0
EABEAL_gammaimi     		 0
EABRW_gammaimi      		 0
EABUS_gammaimi      		 0
EABEAA_gammaimidag  		 1
EABEAC_gammaimidag  		 1
EABEAD_gammaimidag  		 1
EABEAE_gammaimidag  		 1
EABEAF_gammaimidag  		 1
EABEAG_gammaimidag  		 1
EABEAH_gammaimidag  		 1
EABEAI_gammaimidag  		 1
EABEAJ_gammaimidag  		 1
EABEAK_gammaimidag  		 1
EABEAL_gammaimidag  		 1
EABRW_gammaimidag   		 1
EABUS_gammaimidag   		 1
EABEAA_gammaimcg    		 0
EABEAC_gammaimcg    		 0
EABEAD_gammaimcg    		 0
EABEAE_gammaimcg    		 0
EABEAF_gammaimcg    		 0
EABEAG_gammaimcg    		 0
EABEAH_gammaimcg    		 0
EABEAI_gammaimcg    		 0
EABEAJ_gammaimcg    		 0
EABEAK_gammaimcg    		 0
EABEAL_gammaimcg    		 0
EABRW_gammaimcg     		 0
EABUS_gammaimcg     		 0
EABEAA_gammaimcgdag 		 1
EABEAC_gammaimcgdag 		 1
EABEAD_gammaimcgdag 		 1
EABEAE_gammaimcgdag 		 1
EABEAF_gammaimcgdag 		 1
EABEAG_gammaimcgdag 		 1
EABEAH_gammaimcgdag 		 1
EABEAI_gammaimcgdag 		 1
EABEAJ_gammaimcgdag 		 1
EABEAK_gammaimcgdag 		 1
EABEAL_gammaimcgdag 		 1
EABRW_gammaimcgdag  		 1
EABUS_gammaimcgdag  		 1
EABEAA_gammaimig    		 0
EABEAC_gammaimig    		 0
EABEAD_gammaimig    		 0
EABEAE_gammaimig    		 0
EABEAF_gammaimig    		 0
EABEAG_gammaimig    		 0
EABEAH_gammaimig    		 0
EABEAI_gammaimig    		 0
EABEAJ_gammaimig    		 0
EABEAK_gammaimig    		 0
EABEAL_gammaimig    		 0
EABRW_gammaimig     		 0
EABUS_gammaimig     		 0
EABEAA_gammaimigdag 		 1
EABEAC_gammaimigdag 		 1
EABEAD_gammaimigdag 		 1
EABEAE_gammaimigdag 		 1
EABEAF_gammaimigdag 		 1
EABEAG_gammaimigdag 		 1
EABEAH_gammaimigdag 		 1
EABEAI_gammaimigdag 		 1
EABEAJ_gammaimigdag 		 1
EABEAK_gammaimigdag 		 1
EABEAL_gammaimigdag 		 1
EABRW_gammaimigdag  		 1
EABUS_gammaimigdag  		 1
EAB_gx              		 6.8376
EABEAA_im           		 0.152317
EABEAC_im           		 0.152317
EABEAD_im           		 0.152317
EABEAE_im           		 0.152317
EABEAF_im           		 0.152317
EABEAG_im           		 0.152317
EABEAH_im           		 0.152317
EABEAI_im           		 0.152317
EABEAJ_im           		 0.152317
EABEAK_im           		 0.152317
EABEAL_im           		 0.150178
EABRW_im            		 0.139265
EABUS_im            		 0.0651711
EABEAA_imc          		 0.0835131
EABEAC_imc          		 0.0835131
EABEAD_imc          		 0.0835131
EABEAE_imc          		 0.0835131
EABEAF_imc          		 0.0835131
EABEAG_imc          		 0.0835131
EABEAH_imc          		 0.0835131
EABEAI_imc          		 0.0835131
EABEAJ_imc          		 0.0835131
EABEAK_imc          		 0.0835131
EABEAL_imc          		 0.0823405
EABRW_imc           		 0.0763573
EABUS_imc           		 0.0357325
EABUS_imcy          		 0.012811
EABEAA_imi          		 0.0399985
EABEAC_imi          		 0.0399985
EABEAD_imi          		 0.0399985
EABEAE_imi          		 0.0399985
EABEAF_imi          		 0.0399985
EABEAG_imi          		 0.0399985
EABEAH_imi          		 0.0399985
EABEAI_imi          		 0.0399985
EABEAJ_imi          		 0.0399985
EABEAK_imi          		 0.0399985
EABEAL_imi          		 0.0394369
EABRW_imi           		 0.0365712
EABUS_imi           		 0.017114
EABUS_imiy          		 0.0061358
EABEAA_imcg         		 0.0240041
EABEAC_imcg         		 0.0240041
EABEAD_imcg         		 0.0240041
EABEAE_imcg         		 0.0240041
EABEAF_imcg         		 0.0240041
EABEAG_imcg         		 0.0240041
EABEAH_imcg         		 0.0240041
EABEAI_imcg         		 0.0240041
EABEAJ_imcg         		 0.0240041
EABEAK_imcg         		 0.0240041
EABEAL_imcg         		 0.023667
EABRW_imcg          		 0.0219473
EABUS_imcg          		 0.0102705
EABUS_imcgy         		 0.00368224
EABEAA_imig         		 0.00480081
EABEAC_imig         		 0.00480081
EABEAD_imig         		 0.00480081
EABEAE_imig         		 0.00480081
EABEAF_imig         		 0.00480081
EABEAG_imig         		 0.00480081
EABEAH_imig         		 0.00480081
EABEAI_imig         		 0.00480081
EABEAJ_imig         		 0.00480081
EABEAK_imig         		 0.00480081
EABEAL_imig         		 0.0047334
EABRW_imig          		 0.00438945
EABUS_imig          		 0.00205411
EABUS_imigy         		 0.000736448
EAB_piex            		 1.00496
EAB_pextilde        		 0.911256
EABEAA_rer          		 1
EABEAC_rer          		 1
EABEAD_rer          		 1
EABEAE_rer          		 1
EABEAF_rer          		 1
EABEAG_rer          		 1
EABEAH_rer          		 1
EABEAI_rer          		 1
EABEAJ_rer          		 1
EABEAK_rer          		 1
EABEAL_rer          		 1.00262
EABRW_rer           		 0.98014
EABUS_rer           		 1.30531
EAB_sx              		 1
EABEAA_tot          		 1
EABEAC_tot          		 1
EABEAD_tot          		 1
EABEAE_tot          		 1
EABEAF_tot          		 1
EABEAG_tot          		 1
EABEAH_tot          		 1
EABEAI_tot          		 1
EABEAJ_tot          		 1
EABEAK_tot          		 1
EABEAL_tot          		 1.00567
EABRW_tot           		 1.03648
EABUS_tot           		 1.40435
EABEAA_weight       		 0.0790839
EABEAC_weight       		 0.0790839
EABEAD_weight       		 0.0790839
EABEAE_weight       		 0.0790839
EABEAF_weight       		 0.0790839
EABEAG_weight       		 0.0790839
EABEAH_weight       		 0.0790839
EABEAI_weight       		 0.0790839
EABEAJ_weight       		 0.0790839
EABEAK_weight       		 0.0790839
EABEAL_weight       		 0.0787645
EABRW_weight        		 0.0777095
EABUS_weight        		 0.0526868
EABEAA_weightex     		 0.0784261
EABEAC_weightex     		 0.0784261
EABEAD_weightex     		 0.0784261
EABEAE_weightex     		 0.0784261
EABEAF_weightex     		 0.0784261
EABEAG_weightex     		 0.0784261
EABEAH_weightex     		 0.0784261
EABEAI_weightex     		 0.0784261
EABEAJ_weightex     		 0.0784261
EABEAK_weightex     		 0.0784261
EABEAL_weightex     		 0.0784597
EABRW_weightex      		 0.0798398
EABUS_weightex      		 0.0574393
EABEAA_weightim     		 0.0797442
EABEAC_weightim     		 0.0797442
EABEAD_weightim     		 0.0797442
EABEAE_weightim     		 0.0797442
EABEAF_weightim     		 0.0797442
EABEAG_weightim     		 0.0797442
EABEAH_weightim     		 0.0797442
EABEAI_weightim     		 0.0797442
EABEAJ_weightim     		 0.0797442
EABEAK_weightim     		 0.0797442
EABEAL_weightim     		 0.0790704
EABRW_weightim      		 0.0755712
EABUS_weightim      		 0.0479164
EAB_b               		 8.56661
EAB_bf              		 -0.412216
EAB_by              		 2.4
EAB_c               		 1.91798
EAB_ci              		 2.17352
EAB_cj              		 1.15136
EAB_cy              		 0.537337
EAB_d               		 0.163569
EAB_dn              		 0.163569
EAB_dt              		 -2.82717e-09
EAB_etot            		 1.02135
EAB_ex              		 1.91731
EAB_fh              		 6.78992
EAB_fi              		 14.2917
EAB_fj              		 0.529324
EAB_fn              		 8.56823
EAB_cg              		 0.740764
EAB_gammab          		 0
EAB_gammai          		 0
EAB_gammaider       		 0
EAB_gammau          		 0
EAB_gammauder       		 0.0324171
EAB_gammav          		 0.000200902
EAB_gammavi         		 0.000104746
EAB_gammavider      		 0.00232797
EAB_gammavj         		 0.000104746
EAB_gammavjder      		 0.00232797
EAB_gh              		 8.1479
EAB_gi              		 5.9105
EAB_gj              		 3.71926
EAB_gn              		 12.8523
EAB_cgy             		 0.2
EAB_ht              		 0.775876
EAB_htc             		 0.271418
EAB_hti             		 0.129995
EAB_htcg            		 0.312053
EAB_htig            		 0.0624106
EAB_i               		 0.804544
EAB_ig              		 0.148153
EAB_ii              		 1.07272
EAB_im              		 1.86475
EAB_imc             		 1.02242
EAB_imi             		 0.489685
EAB_imcg            		 0.293871
EAB_imig            		 0.0587743
EAB_imy             		 0.48763
EAB_internalrer     		 1.2263
EAB_igy             		 0.04
EAB_k               		 32.1817
EAB_kd              		 32.1817
EAB_kdn             		 8.99232
EAB_kdt             		 23.1894
EAB_ki              		 42.909
EAB_lambdai         		 1.29043
EAB_lambdaj         		 2.43606
EAB_lcy             		 0.667922
EAB_m               		 0.835618
EAB_mcn             		 0.75938
EAB_mct             		 0.75938
EAB_mi              		 0.946951
EAB_mj              		 0.501619
EAB_nd              		 1.92742
EAB_ndi             		 0.921516
EAB_ndj             		 1.09346
EAB_ndn             		 0.538566
EAB_ndt             		 1.38886
EAB_ni              		 0.921516
EAB_nj              		 1.09346
EAB_nt              		 0.979082
EAB_ntc             		 0.629047
EAB_nti             		 0.186507
EAB_ntcg            		 0.136273
EAB_ntig            		 0.0272545
EAB_pex             		 0.911256
EAB_pht             		 0.911256
EAB_phttilde        		 0.911256
EAB_pi              		 0.979408
EAB_pcg             		 0.963713
EAB_pig             		 0.963713
EAB_pic             		 1.00496
EAB_pic4            		 1.02
EAB_piex4           		 1.02
EAB_piht            		 1.00496
EAB_piimc           		 1.00496
EAB_piimi           		 1.00496
EAB_piimcg          		 1.00496
EAB_piimig          		 1.00496
EAB_piimc4          		 1.02
EAB_pim             		 0.933402
EAB_pimc            		 0.933402
EAB_pimi            		 0.933402
EAB_pimcg           		 0.933402
EAB_pimig           		 0.933402
EAB_pint            		 1.00496
EAB_piw             		 1.00496
EAB_piw4            		 1.02
EAB_pnt             		 1.13907
EAB_pnttilde        		 1.13907
EAB_pttc            		 0.928865
EAB_ptti            		 0.928865
EAB_pttcg           		 0.922163
EAB_pttig           		 0.922163
EAB_py              		 0.971995
EAB_q               		 0.979408
EAB_qc              		 1.91818
EAB_qi              		 0.804544
EAB_qcg             		 0.740764
EAB_qig             		 0.148153
EAB_r               		 1.01242
EAB_reer            		 1.01277
EAB_rer             		 1.30531
EAB_rerdep          		 1
EAB_rk              		 0.0317495
EAB_rp              		 0
EAB_rr              		 1.00742
EAB_rrstar          		 1.00742
EAB_sh              		 1
EAB_si              		 1
EAB_sj              		 1
EAB_snt             		 1
EAB_t               		 0
EAB_tauc            		 0.183
EAB_taud            		 0
EAB_tauk            		 0
EAB_taun            		 0.122
EAB_tauwf           		 0.219
EAB_tauwh           		 0.118
EAB_tb              		 0.0065994
EAB_tby             		 0.00184887
EAB_ti              		 0
EAB_tj              		 0
EAB_tot             		 1.40435
EAB_tr              		 0.333396
EAB_tri             		 0.222264
EAB_trj             		 0.666793
EAB_try             		 0.0934018
EAB_ttc             		 1.29368
EAB_tti             		 0.619607
EAB_ttcg            		 0.605815
EAB_ttig            		 0.121163
EAB_ty              		 0
EAB_u               		 1
EAB_utili           		 -93.5118
EAB_utilj           		 -203.579
EAB_vj              		 2.29529
EAB_w               		 1.01471
EAB_wcst            		 0
EAB_whty            		 0.574241
EAB_wi              		 1.1259
EAB_witilde         		 1.1259
EAB_wj              		 0.839754
EAB_wjtilde         		 0.839754
EAB_wnty            		 0.490019
EAB_wy              		 0.547927
EAB_y               		 3.67226
EAB_ygap            		 0
EAB_ygrowth         		 1
EAB_ygrowth4        		 1
EAB_yhty            		 0.687556
EAB_ynty            		 0.312444
EAB_yshare          		 0.0665152
EAB_ysn             		 0.979082
EAB_yst             		 2.69318
EAB_zcon            		 1
EAB_zinv            		 1
EAB_zn              		 1
EAB_zt              		 1
EAB_gammav1         		 0.0308642
EAB_gammav2         		 0.150338
EAB_nutc            		 0.2
EAB_nuti            		 0.2
EAB_nutcg           		 0.5
EAB_nutig           		 0.5
EAB_psit            		 0.2
EABEAA_rerbar       		 1
EABEAC_rerbar       		 1
EABEAD_rerbar       		 1
EABEAE_rerbar       		 1
EABEAF_rerbar       		 1
EABEAG_rerbar       		 1
EABEAH_rerbar       		 1
EABEAI_rerbar       		 1
EABEAJ_rerbar       		 1
EABEAK_rerbar       		 1
EABEAL_rerbar       		 1.00262
EABRW_rerbar        		 0.98014
EABUS_rerbar        		 1.30531
EAB_pibar           		 0.979408
EAB_psinbar         		 0.274143
EAB_psitbar         		 0.538636
EAB_pybar           		 0.971995
EAB_qbar            		 0.979408
EAB_trybar          		 0.0934035
EAB_ybar            		 3.67226
EAB_ynbar           		 0.979082
EAB_ytbar           		 2.69318
EACEAA_excy         		 0.0213205
EACEAB_excy         		 0.0213205
EACEAD_excy         		 0.0213205
EACEAE_excy         		 0.0213205
EACEAF_excy         		 0.0213205
EACEAG_excy         		 0.0213205
EACEAH_excy         		 0.0213205
EACEAI_excy         		 0.0213205
EACEAJ_excy         		 0.0213205
EACEAK_excy         		 0.0213205
EACEAL_excy         		 0.0217196
EACRW_excy          		 0.0164031
EACUS_excy          		 0.00609685
EACEAA_exiy         		 0.0102114
EACEAB_exiy         		 0.0102114
EACEAD_exiy         		 0.0102114
EACEAE_exiy         		 0.0102114
EACEAF_exiy         		 0.0102114
EACEAG_exiy         		 0.0102114
EACEAH_exiy         		 0.0102114
EACEAI_exiy         		 0.0102114
EACEAJ_exiy         		 0.0102114
EACEAK_exiy         		 0.0102114
EACEAL_exiy         		 0.0102503
EACRW_exiy          		 0.0129191
EACUS_exiy          		 0.0048406
EAC_fx              		 5.698
EACEAA_gammaimc     		 0
EACEAB_gammaimc     		 0
EACEAD_gammaimc     		 0
EACEAE_gammaimc     		 0
EACEAF_gammaimc     		 0
EACEAG_gammaimc     		 0
EACEAH_gammaimc     		 0
EACEAI_gammaimc     		 0
EACEAJ_gammaimc     		 0
EACEAK_gammaimc     		 0
EACEAL_gammaimc     		 0
EACRW_gammaimc      		 0
EACUS_gammaimc      		 0
EACEAA_gammaimcdag  		 1
EACEAB_gammaimcdag  		 1
EACEAD_gammaimcdag  		 1
EACEAE_gammaimcdag  		 1
EACEAF_gammaimcdag  		 1
EACEAG_gammaimcdag  		 1
EACEAH_gammaimcdag  		 1
EACEAI_gammaimcdag  		 1
EACEAJ_gammaimcdag  		 1
EACEAK_gammaimcdag  		 1
EACEAL_gammaimcdag  		 1
EACRW_gammaimcdag   		 1
EACUS_gammaimcdag   		 1
EACEAA_gammaimi     		 0
EACEAB_gammaimi     		 0
EACEAD_gammaimi     		 0
EACEAE_gammaimi     		 0
EACEAF_gammaimi     		 0
EACEAG_gammaimi     		 0
EACEAH_gammaimi     		 0
EACEAI_gammaimi     		 0
EACEAJ_gammaimi     		 0
EACEAK_gammaimi     		 0
EACEAL_gammaimi     		 0
EACRW_gammaimi      		 0
EACUS_gammaimi      		 0
EACEAA_gammaimidag  		 1
EACEAB_gammaimidag  		 1
EACEAD_gammaimidag  		 1
EACEAE_gammaimidag  		 1
EACEAF_gammaimidag  		 1
EACEAG_gammaimidag  		 1
EACEAH_gammaimidag  		 1
EACEAI_gammaimidag  		 1
EACEAJ_gammaimidag  		 1
EACEAK_gammaimidag  		 1
EACEAL_gammaimidag  		 1
EACRW_gammaimidag   		 1
EACUS_gammaimidag   		 1
EACEAA_gammaimcg    		 0
EACEAB_gammaimcg    		 0
EACEAD_gammaimcg    		 0
EACEAE_gammaimcg    		 0
EACEAF_gammaimcg    		 0
EACEAG_gammaimcg    		 0
EACEAH_gammaimcg    		 0
EACEAI_gammaimcg    		 0
EACEAJ_gammaimcg    		 0
EACEAK_gammaimcg    		 0
EACEAL_gammaimcg    		 0
EACRW_gammaimcg     		 0
EACUS_gammaimcg     		 0
EACEAA_gammaimcgdag 		 1
EACEAB_gammaimcgdag 		 1
EACEAD_gammaimcgdag 		 1
EACEAE_gammaimcgdag 		 1
EACEAF_gammaimcgdag 		 1
EACEAG_gammaimcgdag 		 1
EACEAH_gammaimcgdag 		 1
EACEAI_gammaimcgdag 		 1
EACEAJ_gammaimcgdag 		 1
EACEAK_gammaimcgdag 		 1
EACEAL_gammaimcgdag 		 1
EACRW_gammaimcgdag  		 1
EACUS_gammaimcgdag  		 1
EACEAA_gammaimig    		 0
EACEAB_gammaimig    		 0
EACEAD_gammaimig    		 0
EACEAE_gammaimig    		 0
EACEAF_gammaimig    		 0
EACEAG_gammaimig    		 0
EACEAH_gammaimig    		 0
EACEAI_gammaimig    		 0
EACEAJ_gammaimig    		 0
EACEAK_gammaimig    		 0
EACEAL_gammaimig    		 0
EACRW_gammaimig     		 0
EACUS_gammaimig     		 0
EACEAA_gammaimigdag 		 1
EACEAB_gammaimigdag 		 1
EACEAD_gammaimigdag 		 1
EACEAE_gammaimigdag 		 1
EACEAF_gammaimigdag 		 1
EACEAG_gammaimigdag 		 1
EACEAH_gammaimigdag 		 1
EACEAI_gammaimigdag 		 1
EACEAJ_gammaimigdag 		 1
EACEAK_gammaimigdag 		 1
EACEAL_gammaimigdag 		 1
EACRW_gammaimigdag  		 1
EACUS_gammaimigdag  		 1
EAC_gx              		 6.8376
EACEAA_im           		 0.152317
EACEAB_im           		 0.152317
EACEAD_im           		 0.152317
EACEAE_im           		 0.152317
EACEAF_im           		 0.152317
EACEAG_im           		 0.152317
EACEAH_im           		 0.152317
EACEAI_im           		 0.152317
EACEAJ_im           		 0.152317
EACEAK_im           		 0.152317
EACEAL_im           		 0.150178
EACRW_im            		 0.139265
EACUS_im            		 0.0651711
EACEAA_imc          		 0.0835131
EACEAB_imc          		 0.0835131
EACEAD_imc          		 0.0835131
EACEAE_imc          		 0.0835131
EACEAF_imc          		 0.0835131
EACEAG_imc          		 0.0835131
EACEAH_imc          		 0.0835131
EACEAI_imc          		 0.0835131
EACEAJ_imc          		 0.0835131
EACEAK_imc          		 0.0835131
EACEAL_imc          		 0.0823405
EACRW_imc           		 0.0763573
EACUS_imc           		 0.0357325
EACEAA_imcy         		 0.0213205
EACEAA_imi          		 0.0399985
EACEAB_imi          		 0.0399985
EACEAD_imi          		 0.0399985
EACEAE_imi          		 0.0399985
EACEAF_imi          		 0.0399985
EACEAG_imi          		 0.0399985
EACEAH_imi          		 0.0399985
EACEAI_imi          		 0.0399985
EACEAJ_imi          		 0.0399985
EACEAK_imi          		 0.0399985
EACEAL_imi          		 0.0394369
EACRW_imi           		 0.0365712
EACUS_imi           		 0.017114
EACEAA_imiy         		 0.0102114
EACEAA_imcg         		 0.0240041
EACEAB_imcg         		 0.0240041
EACEAD_imcg         		 0.0240041
EACEAE_imcg         		 0.0240041
EACEAF_imcg         		 0.0240041
EACEAG_imcg         		 0.0240041
EACEAH_imcg         		 0.0240041
EACEAI_imcg         		 0.0240041
EACEAJ_imcg         		 0.0240041
EACEAK_imcg         		 0.0240041
EACEAL_imcg         		 0.023667
EACRW_imcg          		 0.0219473
EACUS_imcg          		 0.0102705
EACEAA_imcgy        		 0.00612812
EACEAA_imig         		 0.00480081
EACEAB_imig         		 0.00480081
EACEAD_imig         		 0.00480081
EACEAE_imig         		 0.00480081
EACEAF_imig         		 0.00480081
EACEAG_imig         		 0.00480081
EACEAH_imig         		 0.00480081
EACEAI_imig         		 0.00480081
EACEAJ_imig         		 0.00480081
EACEAK_imig         		 0.00480081
EACEAL_imig         		 0.0047334
EACRW_imig          		 0.00438945
EACUS_imig          		 0.00205411
EACEAA_imigy        		 0.00122562
EAC_piex            		 1.00496
EAC_pextilde        		 0.911256
EACEAA_rer          		 1
EACEAB_rer          		 1
EACEAD_rer          		 1
EACEAE_rer          		 1
EACEAF_rer          		 1
EACEAG_rer          		 1
EACEAH_rer          		 1
EACEAI_rer          		 1
EACEAJ_rer          		 1
EACEAK_rer          		 1
EACEAL_rer          		 1.00262
EACRW_rer           		 0.98014
EACUS_rer           		 1.30531
EAC_sx              		 1
EACEAA_tot          		 1
EACEAB_tot          		 1
EACEAD_tot          		 1
EACEAE_tot          		 1
EACEAF_tot          		 1
EACEAG_tot          		 1
EACEAH_tot          		 1
EACEAI_tot          		 1
EACEAJ_tot          		 1
EACEAK_tot          		 1
EACEAL_tot          		 1.00567
EACRW_tot           		 1.03648
EACUS_tot           		 1.40435
EACEAA_weight       		 0.0790839
EACEAB_weight       		 0.0790839
EACEAD_weight       		 0.0790839
EACEAE_weight       		 0.0790839
EACEAF_weight       		 0.0790839
EACEAG_weight       		 0.0790839
EACEAH_weight       		 0.0790839
EACEAI_weight       		 0.0790839
EACEAJ_weight       		 0.0790839
EACEAK_weight       		 0.0790839
EACEAL_weight       		 0.0787645
EACRW_weight        		 0.0777095
EACUS_weight        		 0.0526868
EACEAA_weightex     		 0.0784261
EACEAB_weightex     		 0.0784261
EACEAD_weightex     		 0.0784261
EACEAE_weightex     		 0.0784261
EACEAF_weightex     		 0.0784261
EACEAG_weightex     		 0.0784261
EACEAH_weightex     		 0.0784261
EACEAI_weightex     		 0.0784261
EACEAJ_weightex     		 0.0784261
EACEAK_weightex     		 0.0784261
EACEAL_weightex     		 0.0784597
EACRW_weightex      		 0.0798398
EACUS_weightex      		 0.0574393
EACEAA_weightim     		 0.0797442
EACEAB_weightim     		 0.0797442
EACEAD_weightim     		 0.0797442
EACEAE_weightim     		 0.0797442
EACEAF_weightim     		 0.0797442
EACEAG_weightim     		 0.0797442
EACEAH_weightim     		 0.0797442
EACEAI_weightim     		 0.0797442
EACEAJ_weightim     		 0.0797442
EACEAK_weightim     		 0.0797442
EACEAL_weightim     		 0.0790704
EACRW_weightim      		 0.0755712
EACUS_weightim      		 0.0479164
EAC_b               		 8.56661
EAC_bf              		 -0.412216
EAC_by              		 2.4
EAC_c               		 1.91798
EAC_ci              		 2.17352
EAC_cj              		 1.15136
EAC_cy              		 0.537337
EAC_d               		 0.163569
EAC_dn              		 0.163569
EAC_dt              		 -2.82703e-09
EAC_etot            		 1.02135
EAC_ex              		 1.91731
EAC_fh              		 6.78992
EAC_fi              		 14.2917
EAC_fj              		 0.529324
EAC_fn              		 8.56823
EAC_cg              		 0.740764
EAC_gammab          		 0
EAC_gammai          		 0
EAC_gammaider       		 0
EAC_gammau          		 0
EAC_gammauder       		 0.0324171
EAC_gammav          		 0.000200902
EAC_gammavi         		 0.000104746
EAC_gammavider      		 0.00232797
EAC_gammavj         		 0.000104746
EAC_gammavjder      		 0.00232797
EAC_gh              		 8.1479
EAC_gi              		 5.9105
EAC_gj              		 3.71926
EAC_gn              		 12.8523
EAC_cgy             		 0.2
EAC_ht              		 0.775876
EAC_htc             		 0.271418
EAC_hti             		 0.129995
EAC_htcg            		 0.312053
EAC_htig            		 0.0624106
EAC_i               		 0.804544
EAC_ig              		 0.148153
EAC_ii              		 1.07272
EAC_im              		 1.86475
EAC_imc             		 1.02242
EAC_imi             		 0.489685
EAC_imcg            		 0.293871
EAC_imig            		 0.0587743
EAC_imy             		 0.48763
EAC_internalrer     		 1.2263
EAC_igy             		 0.04
EAC_k               		 32.1817
EAC_kd              		 32.1817
EAC_kdn             		 8.99232
EAC_kdt             		 23.1894
EAC_ki              		 42.909
EAC_lambdai         		 1.29043
EAC_lambdaj         		 2.43606
EAC_lcy             		 0.667922
EAC_m               		 0.835618
EAC_mcn             		 0.75938
EAC_mct             		 0.75938
EAC_mi              		 0.946951
EAC_mj              		 0.501619
EAC_nd              		 1.92742
EAC_ndi             		 0.921516
EAC_ndj             		 1.09346
EAC_ndn             		 0.538566
EAC_ndt             		 1.38886
EAC_ni              		 0.921516
EAC_nj              		 1.09346
EAC_nt              		 0.979082
EAC_ntc             		 0.629047
EAC_nti             		 0.186507
EAC_ntcg            		 0.136273
EAC_ntig            		 0.0272545
EAC_pex             		 0.911256
EAC_pht             		 0.911256
EAC_phttilde        		 0.911256
EAC_pi              		 0.979408
EAC_pcg             		 0.963713
EAC_pig             		 0.963713
EAC_pic             		 1.00496
EAC_pic4            		 1.02
EAC_piex4           		 1.02
EAC_piht            		 1.00496
EAC_piimc           		 1.00496
EAC_piimi           		 1.00496
EAC_piimcg          		 1.00496
EAC_piimig          		 1.00496
EAC_piimc4          		 1.02
EAC_pim             		 0.933402
EAC_pimc            		 0.933402
EAC_pimi            		 0.933402
EAC_pimcg           		 0.933402
EAC_pimig           		 0.933402
EAC_pint            		 1.00496
EAC_piw             		 1.00496
EAC_piw4            		 1.02
EAC_pnt             		 1.13907
EAC_pnttilde        		 1.13907
EAC_pttc            		 0.928865
EAC_ptti            		 0.928865
EAC_pttcg           		 0.922163
EAC_pttig           		 0.922163
EAC_py              		 0.971995
EAC_q               		 0.979408
EAC_qc              		 1.91818
EAC_qi              		 0.804544
EAC_qcg             		 0.740764
EAC_qig             		 0.148153
EAC_r               		 1.01242
EAC_reer            		 1.01277
EAC_rer             		 1.30531
EAC_rerdep          		 1
EAC_rk              		 0.0317495
EAC_rp              		 0
EAC_rr              		 1.00742
EAC_rrstar          		 1.00742
EAC_sh              		 1
EAC_si              		 1
EAC_sj              		 1
EAC_snt             		 1
EAC_t               		 0
EAC_tauc            		 0.183
EAC_taud            		 0
EAC_tauk            		 0
EAC_taun            		 0.122
EAC_tauwf           		 0.219
EAC_tauwh           		 0.118
EAC_tb              		 0.0065994
EAC_tby             		 0.00184887
EAC_ti              		 0
EAC_tj              		 0
EAC_tot             		 1.40435
EAC_tr              		 0.333396
EAC_tri             		 0.222264
EAC_trj             		 0.666793
EAC_try             		 0.0934018
EAC_ttc             		 1.29368
EAC_tti             		 0.619607
EAC_ttcg            		 0.605815
EAC_ttig            		 0.121163
EAC_ty              		 0
EAC_u               		 1
EAC_utili           		 -93.5118
EAC_utilj           		 -203.579
EAC_vj              		 2.29529
EAC_w               		 1.01471
EAC_wcst            		 0
EAC_whty            		 0.574241
EAC_wi              		 1.1259
EAC_witilde         		 1.1259
EAC_wj              		 0.839754
EAC_wjtilde         		 0.839754
EAC_wnty            		 0.490019
EAC_wy              		 0.547927
EAC_y               		 3.67226
EAC_ygap            		 0
EAC_ygrowth         		 1
EAC_ygrowth4        		 1
EAC_yhty            		 0.687556
EAC_ynty            		 0.312444
EAC_yshare          		 0.0665152
EAC_ysn             		 0.979082
EAC_yst             		 2.69318
EAC_zcon            		 1
EAC_zinv            		 1
EAC_zn              		 1
EAC_zt              		 1
EAC_gammav1         		 0.0308642
EAC_gammav2         		 0.150338
EAC_nutc            		 0.2
EAC_nuti            		 0.2
EAC_nutcg           		 0.5
EAC_nutig           		 0.5
EAC_psit            		 0.2
EACEAA_rerbar       		 1
EACEAB_rerbar       		 1
EACEAD_rerbar       		 1
EACEAE_rerbar       		 1
EACEAF_rerbar       		 1
EACEAG_rerbar       		 1
EACEAH_rerbar       		 1
EACEAI_rerbar       		 1
EACEAJ_rerbar       		 1
EACEAK_rerbar       		 1
EACEAL_rerbar       		 1.00262
EACRW_rerbar        		 0.98014
EACUS_rerbar        		 1.30531
EAC_pibar           		 0.979408
EAC_psinbar         		 0.274143
EAC_psitbar         		 0.538636
EAC_pybar           		 0.971995
EAC_qbar            		 0.979408
EAC_trybar          		 0.0934035
EAC_ybar            		 3.67226
EAC_ynbar           		 0.979082
EAC_ytbar           		 2.69318
EADEAA_excy         		 0.0213205
EADEAB_excy         		 0.0213205
EADEAC_excy         		 0.0213205
EADEAE_excy         		 0.0213205
EADEAF_excy         		 0.0213205
EADEAG_excy         		 0.0213205
EADEAH_excy         		 0.0213205
EADEAI_excy         		 0.0213205
EADEAJ_excy         		 0.0213205
EADEAK_excy         		 0.0213205
EADEAL_excy         		 0.0217196
EADRW_excy          		 0.0164031
EADUS_excy          		 0.00609685
EADEAA_exiy         		 0.0102114
EADEAB_exiy         		 0.0102114
EADEAC_exiy         		 0.0102114
EADEAE_exiy         		 0.0102114
EADEAF_exiy         		 0.0102114
EADEAG_exiy         		 0.0102114
EADEAH_exiy         		 0.0102114
EADEAI_exiy         		 0.0102114
EADEAJ_exiy         		 0.0102114
EADEAK_exiy         		 0.0102114
EADEAL_exiy         		 0.0102503
EADRW_exiy          		 0.0129191
EADUS_exiy          		 0.0048406
EAD_fx              		 5.698
EADEAA_gammaimc     		 0
EADEAB_gammaimc     		 0
EADEAC_gammaimc     		 0
EADEAE_gammaimc     		 0
EADEAF_gammaimc     		 0
EADEAG_gammaimc     		 0
EADEAH_gammaimc     		 0
EADEAI_gammaimc     		 0
EADEAJ_gammaimc     		 0
EADEAK_gammaimc     		 0
EADEAL_gammaimc     		 0
EADRW_gammaimc      		 0
EADUS_gammaimc      		 0
EADEAA_gammaimcdag  		 1
EADEAB_gammaimcdag  		 1
EADEAC_gammaimcdag  		 1
EADEAE_gammaimcdag  		 1
EADEAF_gammaimcdag  		 1
EADEAG_gammaimcdag  		 1
EADEAH_gammaimcdag  		 1
EADEAI_gammaimcdag  		 1
EADEAJ_gammaimcdag  		 1
EADEAK_gammaimcdag  		 1
EADEAL_gammaimcdag  		 1
EADRW_gammaimcdag   		 1
EADUS_gammaimcdag   		 1
EADEAA_gammaimi     		 0
EADEAB_gammaimi     		 0
EADEAC_gammaimi     		 0
EADEAE_gammaimi     		 0
EADEAF_gammaimi     		 0
EADEAG_gammaimi     		 0
EADEAH_gammaimi     		 0
EADEAI_gammaimi     		 0
EADEAJ_gammaimi     		 0
EADEAK_gammaimi     		 0
EADEAL_gammaimi     		 0
EADRW_gammaimi      		 0
EADUS_gammaimi      		 0
EADEAA_gammaimidag  		 1
EADEAB_gammaimidag  		 1
EADEAC_gammaimidag  		 1
EADEAE_gammaimidag  		 1
EADEAF_gammaimidag  		 1
EADEAG_gammaimidag  		 1
EADEAH_gammaimidag  		 1
EADEAI_gammaimidag  		 1
EADEAJ_gammaimidag  		 1
EADEAK_gammaimidag  		 1
EADEAL_gammaimidag  		 1
EADRW_gammaimidag   		 1
EADUS_gammaimidag   		 1
EADEAA_gammaimcg    		 0
EADEAB_gammaimcg    		 0
EADEAC_gammaimcg    		 0
EADEAE_gammaimcg    		 0
EADEAF_gammaimcg    		 0
EADEAG_gammaimcg    		 0
EADEAH_gammaimcg    		 0
EADEAI_gammaimcg    		 0
EADEAJ_gammaimcg    		 0
EADEAK_gammaimcg    		 0
EADEAL_gammaimcg    		 0
EADRW_gammaimcg     		 0
EADUS_gammaimcg     		 0
EADEAA_gammaimcgdag 		 1
EADEAB_gammaimcgdag 		 1
EADEAC_gammaimcgdag 		 1
EADEAE_gammaimcgdag 		 1
EADEAF_gammaimcgdag 		 1
EADEAG_gammaimcgdag 		 1
EADEAH_gammaimcgdag 		 1
EADEAI_gammaimcgdag 		 1
EADEAJ_gammaimcgdag 		 1
EADEAK_gammaimcgdag 		 1
EADEAL_gammaimcgdag 		 1
EADRW_gammaimcgdag  		 1
EADUS_gammaimcgdag  		 1
EADEAA_gammaimig    		 0
EADEAB_gammaimig    		 0
EADEAC_gammaimig    		 0
EADEAE_gammaimig    		 0
EADEAF_gammaimig    		 0
EADEAG_gammaimig    		 0
EADEAH_gammaimig    		 0
EADEAI_gammaimig    		 0
EADEAJ_gammaimig    		 0
EADEAK_gammaimig    		 0
EADEAL_gammaimig    		 0
EADRW_gammaimig     		 0
EADUS_gammaimig     		 0
EADEAA_gammaimigdag 		 1
EADEAB_gammaimigdag 		 1
EADEAC_gammaimigdag 		 1
EADEAE_gammaimigdag 		 1
EADEAF_gammaimigdag 		 1
EADEAG_gammaimigdag 		 1
EADEAH_gammaimigdag 		 1
EADEAI_gammaimigdag 		 1
EADEAJ_gammaimigdag 		 1
EADEAK_gammaimigdag 		 1
EADEAL_gammaimigdag 		 1
EADRW_gammaimigdag  		 1
EADUS_gammaimigdag  		 1
EAD_gx              		 6.8376
EADEAA_im           		 0.152317
EADEAB_im           		 0.152317
EADEAC_im           		 0.152317
EADEAE_im           		 0.152317
EADEAF_im           		 0.152317
EADEAG_im           		 0.152317
EADEAH_im           		 0.152317
EADEAI_im           		 0.152317
EADEAJ_im           		 0.152317
EADEAK_im           		 0.152317
EADEAL_im           		 0.150178
EADRW_im            		 0.139265
EADUS_im            		 0.0651711
EADEAA_imc          		 0.0835131
EADEAB_imc          		 0.0835131
EADEAC_imc          		 0.0835131
EADEAE_imc          		 0.0835131
EADEAF_imc          		 0.0835131
EADEAG_imc          		 0.0835131
EADEAH_imc          		 0.0835131
EADEAI_imc          		 0.0835131
EADEAJ_imc          		 0.0835131
EADEAK_imc          		 0.0835131
EADEAL_imc          		 0.0823405
EADRW_imc           		 0.0763573
EADUS_imc           		 0.0357325
EADEAB_imcy         		 0.0213205
EADEAA_imi          		 0.0399985
EADEAB_imi          		 0.0399985
EADEAC_imi          		 0.0399985
EADEAE_imi          		 0.0399985
EADEAF_imi          		 0.0399985
EADEAG_imi          		 0.0399985
EADEAH_imi          		 0.0399985
EADEAI_imi          		 0.0399985
EADEAJ_imi          		 0.0399985
EADEAK_imi          		 0.0399985
EADEAL_imi          		 0.0394369
EADRW_imi           		 0.0365712
EADUS_imi           		 0.017114
EADEAB_imiy         		 0.0102114
EADEAA_imcg         		 0.0240041
EADEAB_imcg         		 0.0240041
EADEAC_imcg         		 0.0240041
EADEAE_imcg         		 0.0240041
EADEAF_imcg         		 0.0240041
EADEAG_imcg         		 0.0240041
EADEAH_imcg         		 0.0240041
EADEAI_imcg         		 0.0240041
EADEAJ_imcg         		 0.0240041
EADEAK_imcg         		 0.0240041
EADEAL_imcg         		 0.023667
EADRW_imcg          		 0.0219473
EADUS_imcg          		 0.0102705
EADEAB_imcgy        		 0.00612812
EADEAA_imig         		 0.00480081
EADEAB_imig         		 0.00480081
EADEAC_imig         		 0.00480081
EADEAE_imig         		 0.00480081
EADEAF_imig         		 0.00480081
EADEAG_imig         		 0.00480081
EADEAH_imig         		 0.00480081
EADEAI_imig         		 0.00480081
EADEAJ_imig         		 0.00480081
EADEAK_imig         		 0.00480081
EADEAL_imig         		 0.0047334
EADRW_imig          		 0.00438945
EADUS_imig          		 0.00205411
EADEAB_imigy        		 0.00122562
EAD_piex            		 1.00496
EAD_pextilde        		 0.911256
EADEAA_rer          		 1
EADEAB_rer          		 1
EADEAC_rer          		 1
EADEAE_rer          		 1
EADEAF_rer          		 1
EADEAG_rer          		 1
EADEAH_rer          		 1
EADEAI_rer          		 1
EADEAJ_rer          		 1
EADEAK_rer          		 1
EADEAL_rer          		 1.00262
EADRW_rer           		 0.98014
EADUS_rer           		 1.30531
EAD_sx              		 1
EADEAA_tot          		 1
EADEAB_tot          		 1
EADEAC_tot          		 1
EADEAE_tot          		 1
EADEAF_tot          		 1
EADEAG_tot          		 1
EADEAH_tot          		 1
EADEAI_tot          		 1
EADEAJ_tot          		 1
EADEAK_tot          		 1
EADEAL_tot          		 1.00567
EADRW_tot           		 1.03648
EADUS_tot           		 1.40435
EADEAA_weight       		 0.0790839
EADEAB_weight       		 0.0790839
EADEAC_weight       		 0.0790839
EADEAE_weight       		 0.0790839
EADEAF_weight       		 0.0790839
EADEAG_weight       		 0.0790839
EADEAH_weight       		 0.0790839
EADEAI_weight       		 0.0790839
EADEAJ_weight       		 0.0790839
EADEAK_weight       		 0.0790839
EADEAL_weight       		 0.0787645
EADRW_weight        		 0.0777095
EADUS_weight        		 0.0526868
EADEAA_weightex     		 0.0784261
EADEAB_weightex     		 0.0784261
EADEAC_weightex     		 0.0784261
EADEAE_weightex     		 0.0784261
EADEAF_weightex     		 0.0784261
EADEAG_weightex     		 0.0784261
EADEAH_weightex     		 0.0784261
EADEAI_weightex     		 0.0784261
EADEAJ_weightex     		 0.0784261
EADEAK_weightex     		 0.0784261
EADEAL_weightex     		 0.0784597
EADRW_weightex      		 0.0798398
EADUS_weightex      		 0.0574393
EADEAA_weightim     		 0.0797442
EADEAB_weightim     		 0.0797442
EADEAC_weightim     		 0.0797442
EADEAE_weightim     		 0.0797442
EADEAF_weightim     		 0.0797442
EADEAG_weightim     		 0.0797442
EADEAH_weightim     		 0.0797442
EADEAI_weightim     		 0.0797442
EADEAJ_weightim     		 0.0797442
EADEAK_weightim     		 0.0797442
EADEAL_weightim     		 0.0790704
EADRW_weightim      		 0.0755712
EADUS_weightim      		 0.0479164
EAD_b               		 8.56661
EAD_bf              		 -0.412216
EAD_by              		 2.4
EAD_c               		 1.91798
EAD_ci              		 2.17352
EAD_cj              		 1.15136
EAD_cy              		 0.537337
EAD_d               		 0.163569
EAD_dn              		 0.163569
EAD_dt              		 -2.8273e-09
EAD_etot            		 1.02135
EAD_ex              		 1.91731
EAD_fh              		 6.78992
EAD_fi              		 14.2917
EAD_fj              		 0.529324
EAD_fn              		 8.56823
EAD_cg              		 0.740764
EAD_gammab          		 0
EAD_gammai          		 0
EAD_gammaider       		 0
EAD_gammau          		 0
EAD_gammauder       		 0.0324171
EAD_gammav          		 0.000200902
EAD_gammavi         		 0.000104746
EAD_gammavider      		 0.00232797
EAD_gammavj         		 0.000104746
EAD_gammavjder      		 0.00232797
EAD_gh              		 8.1479
EAD_gi              		 5.9105
EAD_gj              		 3.71926
EAD_gn              		 12.8523
EAD_cgy             		 0.2
EAD_ht              		 0.775876
EAD_htc             		 0.271418
EAD_hti             		 0.129995
EAD_htcg            		 0.312053
EAD_htig            		 0.0624106
EAD_i               		 0.804544
EAD_ig              		 0.148153
EAD_ii              		 1.07272
EAD_im              		 1.86475
EAD_imc             		 1.02242
EAD_imi             		 0.489685
EAD_imcg            		 0.293871
EAD_imig            		 0.0587743
EAD_imy             		 0.48763
EAD_internalrer     		 1.2263
EAD_igy             		 0.04
EAD_k               		 32.1817
EAD_kd              		 32.1817
EAD_kdn             		 8.99232
EAD_kdt             		 23.1894
EAD_ki              		 42.909
EAD_lambdai         		 1.29043
EAD_lambdaj         		 2.43606
EAD_lcy             		 0.667922
EAD_m               		 0.835618
EAD_mcn             		 0.75938
EAD_mct             		 0.75938
EAD_mi              		 0.946951
EAD_mj              		 0.501619
EAD_nd              		 1.92742
EAD_ndi             		 0.921516
EAD_ndj             		 1.09346
EAD_ndn             		 0.538566
EAD_ndt             		 1.38886
EAD_ni              		 0.921516
EAD_nj              		 1.09346
EAD_nt              		 0.979082
EAD_ntc             		 0.629047
EAD_nti             		 0.186507
EAD_ntcg            		 0.136273
EAD_ntig            		 0.0272545
EAD_pex             		 0.911256
EAD_pht             		 0.911256
EAD_phttilde        		 0.911256
EAD_pi              		 0.979408
EAD_pcg             		 0.963713
EAD_pig             		 0.963713
EAD_pic             		 1.00496
EAD_pic4            		 1.02
EAD_piex4           		 1.02
EAD_piht            		 1.00496
EAD_piimc           		 1.00496
EAD_piimi           		 1.00496
EAD_piimcg          		 1.00496
EAD_piimig          		 1.00496
EAD_piimc4          		 1.02
EAD_pim             		 0.933402
EAD_pimc            		 0.933402
EAD_pimi            		 0.933402
EAD_pimcg           		 0.933402
EAD_pimig           		 0.933402
EAD_pint            		 1.00496
EAD_piw             		 1.00496
EAD_piw4            		 1.02
EAD_pnt             		 1.13907
EAD_pnttilde        		 1.13907
EAD_pttc            		 0.928865
EAD_ptti            		 0.928865
EAD_pttcg           		 0.922163
EAD_pttig           		 0.922163
EAD_py              		 0.971995
EAD_q               		 0.979408
EAD_qc              		 1.91818
EAD_qi              		 0.804544
EAD_qcg             		 0.740764
EAD_qig             		 0.148153
EAD_r               		 1.01242
EAD_reer            		 1.01277
EAD_rer             		 1.30531
EAD_rerdep          		 1
EAD_rk              		 0.0317495
EAD_rp              		 0
EAD_rr              		 1.00742
EAD_rrstar          		 1.00742
EAD_sh              		 1
EAD_si              		 1
EAD_sj              		 1
EAD_snt             		 1
EAD_t               		 0
EAD_tauc            		 0.183
EAD_taud            		 0
EAD_tauk            		 0
EAD_taun            		 0.122
EAD_tauwf           		 0.219
EAD_tauwh           		 0.118
EAD_tb              		 0.0065994
EAD_tby             		 0.00184887
EAD_ti              		 0
EAD_tj              		 0
EAD_tot             		 1.40435
EAD_tr              		 0.333396
EAD_tri             		 0.222264
EAD_trj             		 0.666793
EAD_try             		 0.0934018
EAD_ttc             		 1.29368
EAD_tti             		 0.619607
EAD_ttcg            		 0.605815
EAD_ttig            		 0.121163
EAD_ty              		 0
EAD_u               		 1
EAD_utili           		 -93.5118
EAD_utilj           		 -203.579
EAD_vj              		 2.29529
EAD_w               		 1.01471
EAD_wcst            		 0
EAD_whty            		 0.574241
EAD_wi              		 1.1259
EAD_witilde         		 1.1259
EAD_wj              		 0.839754
EAD_wjtilde         		 0.839754
EAD_wnty            		 0.490019
EAD_wy              		 0.547927
EAD_y               		 3.67226
EAD_ygap            		 0
EAD_ygrowth         		 1
EAD_ygrowth4        		 1
EAD_yhty            		 0.687556
EAD_ynty            		 0.312444
EAD_yshare          		 0.0665152
EAD_ysn             		 0.979082
EAD_yst             		 2.69318
EAD_zcon            		 1
EAD_zinv            		 1
EAD_zn              		 1
EAD_zt              		 1
EAD_gammav1         		 0.0308642
EAD_gammav2         		 0.150338
EAD_nutc            		 0.2
EAD_nuti            		 0.2
EAD_nutcg           		 0.5
EAD_nutig           		 0.5
EAD_psit            		 0.2
EADEAA_rerbar       		 1
EADEAB_rerbar       		 1
EADEAC_rerbar       		 1
EADEAE_rerbar       		 1
EADEAF_rerbar       		 1
EADEAG_rerbar       		 1
EADEAH_rerbar       		 1
EADEAI_rerbar       		 1
EADEAJ_rerbar       		 1
EADEAK_rerbar       		 1
EADEAL_rerbar       		 1.00262
EADRW_rerbar        		 0.98014
EADUS_rerbar        		 1.30531
EAD_pibar           		 0.979408
EAD_psinbar         		 0.274143
EAD_psitbar         		 0.538636
EAD_pybar           		 0.971995
EAD_qbar            		 0.979408
EAD_trybar          		 0.0934035
EAD_ybar            		 3.67226
EAD_ynbar           		 0.979082
EAD_ytbar           		 2.69318
EAEEAA_excy         		 0.0213205
EAEEAB_excy         		 0.0213205
EAEEAC_excy         		 0.0213205
EAEEAD_excy         		 0.0213205
EAEEAF_excy         		 0.0213205
EAEEAG_excy         		 0.0213205
EAEEAH_excy         		 0.0213205
EAEEAI_excy         		 0.0213205
EAEEAJ_excy         		 0.0213205
EAEEAK_excy         		 0.0213205
EAEEAL_excy         		 0.0217196
EAERW_excy          		 0.0164031
EAEUS_excy          		 0.00609685
EAEEAA_exiy         		 0.0102114
EAEEAB_exiy         		 0.0102114
EAEEAC_exiy         		 0.0102114
EAEEAD_exiy         		 0.0102114
EAEEAF_exiy         		 0.0102114
EAEEAG_exiy         		 0.0102114
EAEEAH_exiy         		 0.0102114
EAEEAI_exiy         		 0.0102114
EAEEAJ_exiy         		 0.0102114
EAEEAK_exiy         		 0.0102114
EAEEAL_exiy         		 0.0102503
EAERW_exiy          		 0.0129191
EAEUS_exiy          		 0.0048406
EAE_fx              		 5.698
EAEEAA_gammaimc     		 0
EAEEAB_gammaimc     		 0
EAEEAC_gammaimc     		 0
EAEEAD_gammaimc     		 0
EAEEAF_gammaimc     		 0
EAEEAG_gammaimc     		 0
EAEEAH_gammaimc     		 0
EAEEAI_gammaimc     		 0
EAEEAJ_gammaimc     		 0
EAEEAK_gammaimc     		 0
EAEEAL_gammaimc     		 0
EAERW_gammaimc      		 0
EAEUS_gammaimc      		 0
EAEEAA_gammaimcdag  		 1
EAEEAB_gammaimcdag  		 1
EAEEAC_gammaimcdag  		 1
EAEEAD_gammaimcdag  		 1
EAEEAF_gammaimcdag  		 1
EAEEAG_gammaimcdag  		 1
EAEEAH_gammaimcdag  		 1
EAEEAI_gammaimcdag  		 1
EAEEAJ_gammaimcdag  		 1
EAEEAK_gammaimcdag  		 1
EAEEAL_gammaimcdag  		 1
EAERW_gammaimcdag   		 1
EAEUS_gammaimcdag   		 1
EAEEAA_gammaimi     		 0
EAEEAB_gammaimi     		 0
EAEEAC_gammaimi     		 0
EAEEAD_gammaimi     		 0
EAEEAF_gammaimi     		 0
EAEEAG_gammaimi     		 0
EAEEAH_gammaimi     		 0
EAEEAI_gammaimi     		 0
EAEEAJ_gammaimi     		 0
EAEEAK_gammaimi     		 0
EAEEAL_gammaimi     		 0
EAERW_gammaimi      		 0
EAEUS_gammaimi      		 0
EAEEAA_gammaimidag  		 1
EAEEAB_gammaimidag  		 1
EAEEAC_gammaimidag  		 1
EAEEAD_gammaimidag  		 1
EAEEAF_gammaimidag  		 1
EAEEAG_gammaimidag  		 1
EAEEAH_gammaimidag  		 1
EAEEAI_gammaimidag  		 1
EAEEAJ_gammaimidag  		 1
EAEEAK_gammaimidag  		 1
EAEEAL_gammaimidag  		 1
EAERW_gammaimidag   		 1
EAEUS_gammaimidag   		 1
EAEEAA_gammaimcg    		 0
EAEEAB_gammaimcg    		 0
EAEEAC_gammaimcg    		 0
EAEEAD_gammaimcg    		 0
EAEEAF_gammaimcg    		 0
EAEEAG_gammaimcg    		 0
EAEEAH_gammaimcg    		 0
EAEEAI_gammaimcg    		 0
EAEEAJ_gammaimcg    		 0
EAEEAK_gammaimcg    		 0
EAEEAL_gammaimcg    		 0
EAERW_gammaimcg     		 0
EAEUS_gammaimcg     		 0
EAEEAA_gammaimcgdag 		 1
EAEEAB_gammaimcgdag 		 1
EAEEAC_gammaimcgdag 		 1
EAEEAD_gammaimcgdag 		 1
EAEEAF_gammaimcgdag 		 1
EAEEAG_gammaimcgdag 		 1
EAEEAH_gammaimcgdag 		 1
EAEEAI_gammaimcgdag 		 1
EAEEAJ_gammaimcgdag 		 1
EAEEAK_gammaimcgdag 		 1
EAEEAL_gammaimcgdag 		 1
EAERW_gammaimcgdag  		 1
EAEUS_gammaimcgdag  		 1
EAEEAA_gammaimig    		 0
EAEEAB_gammaimig    		 0
EAEEAC_gammaimig    		 0
EAEEAD_gammaimig    		 0
EAEEAF_gammaimig    		 0
EAEEAG_gammaimig    		 0
EAEEAH_gammaimig    		 0
EAEEAI_gammaimig    		 0
EAEEAJ_gammaimig    		 0
EAEEAK_gammaimig    		 0
EAEEAL_gammaimig    		 0
EAERW_gammaimig     		 0
EAEUS_gammaimig     		 0
EAEEAA_gammaimigdag 		 1
EAEEAB_gammaimigdag 		 1
EAEEAC_gammaimigdag 		 1
EAEEAD_gammaimigdag 		 1
EAEEAF_gammaimigdag 		 1
EAEEAG_gammaimigdag 		 1
EAEEAH_gammaimigdag 		 1
EAEEAI_gammaimigdag 		 1
EAEEAJ_gammaimigdag 		 1
EAEEAK_gammaimigdag 		 1
EAEEAL_gammaimigdag 		 1
EAERW_gammaimigdag  		 1
EAEUS_gammaimigdag  		 1
EAE_gx              		 6.8376
EAEEAA_im           		 0.152317
EAEEAB_im           		 0.152317
EAEEAC_im           		 0.152317
EAEEAD_im           		 0.152317
EAEEAF_im           		 0.152317
EAEEAG_im           		 0.152317
EAEEAH_im           		 0.152317
EAEEAI_im           		 0.152317
EAEEAJ_im           		 0.152317
EAEEAK_im           		 0.152317
EAEEAL_im           		 0.150178
EAERW_im            		 0.139265
EAEUS_im            		 0.0651711
EAEEAA_imc          		 0.0835131
EAEEAB_imc          		 0.0835131
EAEEAC_imc          		 0.0835131
EAEEAD_imc          		 0.0835131
EAEEAF_imc          		 0.0835131
EAEEAG_imc          		 0.0835131
EAEEAH_imc          		 0.0835131
EAEEAI_imc          		 0.0835131
EAEEAJ_imc          		 0.0835131
EAEEAK_imc          		 0.0835131
EAEEAL_imc          		 0.0823405
EAERW_imc           		 0.0763573
EAEUS_imc           		 0.0357325
EAEEAC_imcy         		 0.0213205
EAEEAA_imi          		 0.0399985
EAEEAB_imi          		 0.0399985
EAEEAC_imi          		 0.0399985
EAEEAD_imi          		 0.0399985
EAEEAF_imi          		 0.0399985
EAEEAG_imi          		 0.0399985
EAEEAH_imi          		 0.0399985
EAEEAI_imi          		 0.0399985
EAEEAJ_imi          		 0.0399985
EAEEAK_imi          		 0.0399985
EAEEAL_imi          		 0.0394369
EAERW_imi           		 0.0365712
EAEUS_imi           		 0.017114
EAEEAC_imiy         		 0.0102114
EAEEAA_imcg         		 0.0240041
EAEEAB_imcg         		 0.0240041
EAEEAC_imcg         		 0.0240041
EAEEAD_imcg         		 0.0240041
EAEEAF_imcg         		 0.0240041
EAEEAG_imcg         		 0.0240041
EAEEAH_imcg         		 0.0240041
EAEEAI_imcg         		 0.0240041
EAEEAJ_imcg         		 0.0240041
EAEEAK_imcg         		 0.0240041
EAEEAL_imcg         		 0.023667
EAERW_imcg          		 0.0219473
EAEUS_imcg          		 0.0102705
EAEEAC_imcgy        		 0.00612812
EAEEAA_imig         		 0.00480081
EAEEAB_imig         		 0.00480081
EAEEAC_imig         		 0.00480081
EAEEAD_imig         		 0.00480081
EAEEAF_imig         		 0.00480081
EAEEAG_imig         		 0.00480081
EAEEAH_imig         		 0.00480081
EAEEAI_imig         		 0.00480081
EAEEAJ_imig         		 0.00480081
EAEEAK_imig         		 0.00480081
EAEEAL_imig         		 0.0047334
EAERW_imig          		 0.00438945
EAEUS_imig          		 0.00205411
EAEEAC_imigy        		 0.00122562
EAE_piex            		 1.00496
EAE_pextilde        		 0.911256
EAEEAA_rer          		 1
EAEEAB_rer          		 1
EAEEAC_rer          		 1
EAEEAD_rer          		 1
EAEEAF_rer          		 1
EAEEAG_rer          		 1
EAEEAH_rer          		 1
EAEEAI_rer          		 1
EAEEAJ_rer          		 1
EAEEAK_rer          		 1
EAEEAL_rer          		 1.00262
EAERW_rer           		 0.98014
EAEUS_rer           		 1.30531
EAE_sx              		 1
EAEEAA_tot          		 1
EAEEAB_tot          		 1
EAEEAC_tot          		 1
EAEEAD_tot          		 1
EAEEAF_tot          		 1
EAEEAG_tot          		 1
EAEEAH_tot          		 1
EAEEAI_tot          		 1
EAEEAJ_tot          		 1
EAEEAK_tot          		 1
EAEEAL_tot          		 1.00567
EAERW_tot           		 1.03648
EAEUS_tot           		 1.40435
EAEEAA_weight       		 0.0790839
EAEEAB_weight       		 0.0790839
EAEEAC_weight       		 0.0790839
EAEEAD_weight       		 0.0790839
EAEEAF_weight       		 0.0790839
EAEEAG_weight       		 0.0790839
EAEEAH_weight       		 0.0790839
EAEEAI_weight       		 0.0790839
EAEEAJ_weight       		 0.0790839
EAEEAK_weight       		 0.0790839
EAEEAL_weight       		 0.0787645
EAERW_weight        		 0.0777095
EAEUS_weight        		 0.0526868
EAEEAA_weightex     		 0.0784261
EAEEAB_weightex     		 0.0784261
EAEEAC_weightex     		 0.0784261
EAEEAD_weightex     		 0.0784261
EAEEAF_weightex     		 0.0784261
EAEEAG_weightex     		 0.0784261
EAEEAH_weightex     		 0.0784261
EAEEAI_weightex     		 0.0784261
EAEEAJ_weightex     		 0.0784261
EAEEAK_weightex     		 0.0784261
EAEEAL_weightex     		 0.0784597
EAERW_weightex      		 0.0798398
EAEUS_weightex      		 0.0574393
EAEEAA_weightim     		 0.0797442
EAEEAB_weightim     		 0.0797442
EAEEAC_weightim     		 0.0797442
EAEEAD_weightim     		 0.0797442
EAEEAF_weightim     		 0.0797442
EAEEAG_weightim     		 0.0797442
EAEEAH_weightim     		 0.0797442
EAEEAI_weightim     		 0.0797442
EAEEAJ_weightim     		 0.0797442
EAEEAK_weightim     		 0.0797442
EAEEAL_weightim     		 0.0790704
EAERW_weightim      		 0.0755712
EAEUS_weightim      		 0.0479164
EAE_b               		 8.56661
EAE_bf              		 -0.412216
EAE_by              		 2.4
EAE_c               		 1.91798
EAE_ci              		 2.17352
EAE_cj              		 1.15136
EAE_cy              		 0.537337
EAE_d               		 0.163569
EAE_dn              		 0.163569
EAE_dt              		 -2.82674e-09
EAE_etot            		 1.02135
EAE_ex              		 1.91731
EAE_fh              		 6.78992
EAE_fi              		 14.2917
EAE_fj              		 0.529324
EAE_fn              		 8.56823
EAE_cg              		 0.740764
EAE_gammab          		 0
EAE_gammai          		 0
EAE_gammaider       		 0
EAE_gammau          		 0
EAE_gammauder       		 0.0324171
EAE_gammav          		 0.000200902
EAE_gammavi         		 0.000104746
EAE_gammavider      		 0.00232797
EAE_gammavj         		 0.000104746
EAE_gammavjder      		 0.00232797
EAE_gh              		 8.1479
EAE_gi              		 5.9105
EAE_gj              		 3.71926
EAE_gn              		 12.8523
EAE_cgy             		 0.2
EAE_ht              		 0.775876
EAE_htc             		 0.271418
EAE_hti             		 0.129995
EAE_htcg            		 0.312053
EAE_htig            		 0.0624106
EAE_i               		 0.804544
EAE_ig              		 0.148153
EAE_ii              		 1.07272
EAE_im              		 1.86475
EAE_imc             		 1.02242
EAE_imi             		 0.489685
EAE_imcg            		 0.293871
EAE_imig            		 0.0587743
EAE_imy             		 0.48763
EAE_internalrer     		 1.2263
EAE_igy             		 0.04
EAE_k               		 32.1817
EAE_kd              		 32.1817
EAE_kdn             		 8.99232
EAE_kdt             		 23.1894
EAE_ki              		 42.909
EAE_lambdai         		 1.29043
EAE_lambdaj         		 2.43606
EAE_lcy             		 0.667922
EAE_m               		 0.835618
EAE_mcn             		 0.75938
EAE_mct             		 0.75938
EAE_mi              		 0.946951
EAE_mj              		 0.501619
EAE_nd              		 1.92742
EAE_ndi             		 0.921516
EAE_ndj             		 1.09346
EAE_ndn             		 0.538566
EAE_ndt             		 1.38886
EAE_ni              		 0.921516
EAE_nj              		 1.09346
EAE_nt              		 0.979082
EAE_ntc             		 0.629047
EAE_nti             		 0.186507
EAE_ntcg            		 0.136273
EAE_ntig            		 0.0272545
EAE_pex             		 0.911256
EAE_pht             		 0.911256
EAE_phttilde        		 0.911256
EAE_pi              		 0.979408
EAE_pcg             		 0.963713
EAE_pig             		 0.963713
EAE_pic             		 1.00496
EAE_pic4            		 1.02
EAE_piex4           		 1.02
EAE_piht            		 1.00496
EAE_piimc           		 1.00496
EAE_piimi           		 1.00496
EAE_piimcg          		 1.00496
EAE_piimig          		 1.00496
EAE_piimc4          		 1.02
EAE_pim             		 0.933402
EAE_pimc            		 0.933402
EAE_pimi            		 0.933402
EAE_pimcg           		 0.933402
EAE_pimig           		 0.933402
EAE_pint            		 1.00496
EAE_piw             		 1.00496
EAE_piw4            		 1.02
EAE_pnt             		 1.13907
EAE_pnttilde        		 1.13907
EAE_pttc            		 0.928865
EAE_ptti            		 0.928865
EAE_pttcg           		 0.922163
EAE_pttig           		 0.922163
EAE_py              		 0.971995
EAE_q               		 0.979408
EAE_qc              		 1.91818
EAE_qi              		 0.804544
EAE_qcg             		 0.740764
EAE_qig             		 0.148153
EAE_r               		 1.01242
EAE_reer            		 1.01277
EAE_rer             		 1.30531
EAE_rerdep          		 1
EAE_rk              		 0.0317495
EAE_rp              		 0
EAE_rr              		 1.00742
EAE_rrstar          		 1.00742
EAE_sh              		 1
EAE_si              		 1
EAE_sj              		 1
EAE_snt             		 1
EAE_t               		 0
EAE_tauc            		 0.183
EAE_taud            		 0
EAE_tauk            		 0
EAE_taun            		 0.122
EAE_tauwf           		 0.219
EAE_tauwh           		 0.118
EAE_tb              		 0.0065994
EAE_tby             		 0.00184887
EAE_ti              		 0
EAE_tj              		 0
EAE_tot             		 1.40435
EAE_tr              		 0.333396
EAE_tri             		 0.222264
EAE_trj             		 0.666793
EAE_try             		 0.0934018
EAE_ttc             		 1.29368
EAE_tti             		 0.619607
EAE_ttcg            		 0.605815
EAE_ttig            		 0.121163
EAE_ty              		 0
EAE_u               		 1
EAE_utili           		 -93.5118
EAE_utilj           		 -203.579
EAE_vj              		 2.29529
EAE_w               		 1.01471
EAE_wcst            		 0
EAE_whty            		 0.574241
EAE_wi              		 1.1259
EAE_witilde         		 1.1259
EAE_wj              		 0.839754
EAE_wjtilde         		 0.839754
EAE_wnty            		 0.490019
EAE_wy              		 0.547927
EAE_y               		 3.67226
EAE_ygap            		 0
EAE_ygrowth         		 1
EAE_ygrowth4        		 1
EAE_yhty            		 0.687556
EAE_ynty            		 0.312444
EAE_yshare          		 0.0665152
EAE_ysn             		 0.979082
EAE_yst             		 2.69318
EAE_zcon            		 1
EAE_zinv            		 1
EAE_zn              		 1
EAE_zt              		 1
EAE_gammav1         		 0.0308642
EAE_gammav2         		 0.150338
EAE_nutc            		 0.2
EAE_nuti            		 0.2
EAE_nutcg           		 0.5
EAE_nutig           		 0.5
EAE_psit            		 0.2
EAEEAA_rerbar       		 1
EAEEAB_rerbar       		 1
EAEEAC_rerbar       		 1
EAEEAD_rerbar       		 1
EAEEAF_rerbar       		 1
EAEEAG_rerbar       		 1
EAEEAH_rerbar       		 1
EAEEAI_rerbar       		 1
EAEEAJ_rerbar       		 1
EAEEAK_rerbar       		 1
EAEEAL_rerbar       		 1.00262
EAERW_rerbar        		 0.98014
EAEUS_rerbar        		 1.30531
EAE_pibar           		 0.979408
EAE_psinbar         		 0.274143
EAE_psitbar         		 0.538636
EAE_pybar           		 0.971995
EAE_qbar            		 0.979408
EAE_trybar          		 0.0934035
EAE_ybar            		 3.67226
EAE_ynbar           		 0.979082
EAE_ytbar           		 2.69318
EAFEAA_excy         		 0.0213205
EAFEAB_excy         		 0.0213205
EAFEAC_excy         		 0.0213205
EAFEAD_excy         		 0.0213205
EAFEAE_excy         		 0.0213205
EAFEAG_excy         		 0.0213205
EAFEAH_excy         		 0.0213205
EAFEAI_excy         		 0.0213205
EAFEAJ_excy         		 0.0213205
EAFEAK_excy         		 0.0213205
EAFEAL_excy         		 0.0217196
EAFRW_excy          		 0.0164031
EAFUS_excy          		 0.00609685
EAFEAA_exiy         		 0.0102114
EAFEAB_exiy         		 0.0102114
EAFEAC_exiy         		 0.0102114
EAFEAD_exiy         		 0.0102114
EAFEAE_exiy         		 0.0102114
EAFEAG_exiy         		 0.0102114
EAFEAH_exiy         		 0.0102114
EAFEAI_exiy         		 0.0102114
EAFEAJ_exiy         		 0.0102114
EAFEAK_exiy         		 0.0102114
EAFEAL_exiy         		 0.0102503
EAFRW_exiy          		 0.0129191
EAFUS_exiy          		 0.0048406
EAF_fx              		 5.698
EAFEAA_gammaimc     		 0
EAFEAB_gammaimc     		 0
EAFEAC_gammaimc     		 0
EAFEAD_gammaimc     		 0
EAFEAE_gammaimc     		 0
EAFEAG_gammaimc     		 0
EAFEAH_gammaimc     		 0
EAFEAI_gammaimc     		 0
EAFEAJ_gammaimc     		 0
EAFEAK_gammaimc     		 0
EAFEAL_gammaimc     		 0
EAFRW_gammaimc      		 0
EAFUS_gammaimc      		 0
EAFEAA_gammaimcdag  		 1
EAFEAB_gammaimcdag  		 1
EAFEAC_gammaimcdag  		 1
EAFEAD_gammaimcdag  		 1
EAFEAE_gammaimcdag  		 1
EAFEAG_gammaimcdag  		 1
EAFEAH_gammaimcdag  		 1
EAFEAI_gammaimcdag  		 1
EAFEAJ_gammaimcdag  		 1
EAFEAK_gammaimcdag  		 1
EAFEAL_gammaimcdag  		 1
EAFRW_gammaimcdag   		 1
EAFUS_gammaimcdag   		 1
EAFEAA_gammaimi     		 0
EAFEAB_gammaimi     		 0
EAFEAC_gammaimi     		 0
EAFEAD_gammaimi     		 0
EAFEAE_gammaimi     		 0
EAFEAG_gammaimi     		 0
EAFEAH_gammaimi     		 0
EAFEAI_gammaimi     		 0
EAFEAJ_gammaimi     		 0
EAFEAK_gammaimi     		 0
EAFEAL_gammaimi     		 0
EAFRW_gammaimi      		 0
EAFUS_gammaimi      		 0
EAFEAA_gammaimidag  		 1
EAFEAB_gammaimidag  		 1
EAFEAC_gammaimidag  		 1
EAFEAD_gammaimidag  		 1
EAFEAE_gammaimidag  		 1
EAFEAG_gammaimidag  		 1
EAFEAH_gammaimidag  		 1
EAFEAI_gammaimidag  		 1
EAFEAJ_gammaimidag  		 1
EAFEAK_gammaimidag  		 1
EAFEAL_gammaimidag  		 1
EAFRW_gammaimidag   		 1
EAFUS_gammaimidag   		 1
EAFEAA_gammaimcg    		 0
EAFEAB_gammaimcg    		 0
EAFEAC_gammaimcg    		 0
EAFEAD_gammaimcg    		 0
EAFEAE_gammaimcg    		 0
EAFEAG_gammaimcg    		 0
EAFEAH_gammaimcg    		 0
EAFEAI_gammaimcg    		 0
EAFEAJ_gammaimcg    		 0
EAFEAK_gammaimcg    		 0
EAFEAL_gammaimcg    		 0
EAFRW_gammaimcg     		 0
EAFUS_gammaimcg     		 0
EAFEAA_gammaimcgdag 		 1
EAFEAB_gammaimcgdag 		 1
EAFEAC_gammaimcgdag 		 1
EAFEAD_gammaimcgdag 		 1
EAFEAE_gammaimcgdag 		 1
EAFEAG_gammaimcgdag 		 1
EAFEAH_gammaimcgdag 		 1
EAFEAI_gammaimcgdag 		 1
EAFEAJ_gammaimcgdag 		 1
EAFEAK_gammaimcgdag 		 1
EAFEAL_gammaimcgdag 		 1
EAFRW_gammaimcgdag  		 1
EAFUS_gammaimcgdag  		 1
EAFEAA_gammaimig    		 0
EAFEAB_gammaimig    		 0
EAFEAC_gammaimig    		 0
EAFEAD_gammaimig    		 0
EAFEAE_gammaimig    		 0
EAFEAG_gammaimig    		 0
EAFEAH_gammaimig    		 0
EAFEAI_gammaimig    		 0
EAFEAJ_gammaimig    		 0
EAFEAK_gammaimig    		 0
EAFEAL_gammaimig    		 0
EAFRW_gammaimig     		 0
EAFUS_gammaimig     		 0
EAFEAA_gammaimigdag 		 1
EAFEAB_gammaimigdag 		 1
EAFEAC_gammaimigdag 		 1
EAFEAD_gammaimigdag 		 1
EAFEAE_gammaimigdag 		 1
EAFEAG_gammaimigdag 		 1
EAFEAH_gammaimigdag 		 1
EAFEAI_gammaimigdag 		 1
EAFEAJ_gammaimigdag 		 1
EAFEAK_gammaimigdag 		 1
EAFEAL_gammaimigdag 		 1
EAFRW_gammaimigdag  		 1
EAFUS_gammaimigdag  		 1
EAF_gx              		 6.8376
EAFEAA_im           		 0.152317
EAFEAB_im           		 0.152317
EAFEAC_im           		 0.152317
EAFEAD_im           		 0.152317
EAFEAE_im           		 0.152317
EAFEAG_im           		 0.152317
EAFEAH_im           		 0.152317
EAFEAI_im           		 0.152317
EAFEAJ_im           		 0.152317
EAFEAK_im           		 0.152317
EAFEAL_im           		 0.150178
EAFRW_im            		 0.139265
EAFUS_im            		 0.0651711
EAFEAA_imc          		 0.0835131
EAFEAB_imc          		 0.0835131
EAFEAC_imc          		 0.0835131
EAFEAD_imc          		 0.0835131
EAFEAE_imc          		 0.0835131
EAFEAG_imc          		 0.0835131
EAFEAH_imc          		 0.0835131
EAFEAI_imc          		 0.0835131
EAFEAJ_imc          		 0.0835131
EAFEAK_imc          		 0.0835131
EAFEAL_imc          		 0.0823405
EAFRW_imc           		 0.0763573
EAFUS_imc           		 0.0357325
EAFEAD_imcy         		 0.0213205
EAFEAA_imi          		 0.0399985
EAFEAB_imi          		 0.0399985
EAFEAC_imi          		 0.0399985
EAFEAD_imi          		 0.0399985
EAFEAE_imi          		 0.0399985
EAFEAG_imi          		 0.0399985
EAFEAH_imi          		 0.0399985
EAFEAI_imi          		 0.0399985
EAFEAJ_imi          		 0.0399985
EAFEAK_imi          		 0.0399985
EAFEAL_imi          		 0.0394369
EAFRW_imi           		 0.0365712
EAFUS_imi           		 0.017114
EAFEAD_imiy         		 0.0102114
EAFEAA_imcg         		 0.0240041
EAFEAB_imcg         		 0.0240041
EAFEAC_imcg         		 0.0240041
EAFEAD_imcg         		 0.0240041
EAFEAE_imcg         		 0.0240041
EAFEAG_imcg         		 0.0240041
EAFEAH_imcg         		 0.0240041
EAFEAI_imcg         		 0.0240041
EAFEAJ_imcg         		 0.0240041
EAFEAK_imcg         		 0.0240041
EAFEAL_imcg         		 0.023667
EAFRW_imcg          		 0.0219473
EAFUS_imcg          		 0.0102705
EAFEAD_imcgy        		 0.00612812
EAFEAA_imig         		 0.00480081
EAFEAB_imig         		 0.00480081
EAFEAC_imig         		 0.00480081
EAFEAD_imig         		 0.00480081
EAFEAE_imig         		 0.00480081
EAFEAG_imig         		 0.00480081
EAFEAH_imig         		 0.00480081
EAFEAI_imig         		 0.00480081
EAFEAJ_imig         		 0.00480081
EAFEAK_imig         		 0.00480081
EAFEAL_imig         		 0.0047334
EAFRW_imig          		 0.00438945
EAFUS_imig          		 0.00205411
EAFEAD_imigy        		 0.00122562
EAF_piex            		 1.00496
EAF_pextilde        		 0.911256
EAFEAA_rer          		 1
EAFEAB_rer          		 1
EAFEAC_rer          		 1
EAFEAD_rer          		 1
EAFEAE_rer          		 1
EAFEAG_rer          		 1
EAFEAH_rer          		 1
EAFEAI_rer          		 1
EAFEAJ_rer          		 1
EAFEAK_rer          		 1
EAFEAL_rer          		 1.00262
EAFRW_rer           		 0.98014
EAFUS_rer           		 1.30531
EAF_sx              		 1
EAFEAA_tot          		 1
EAFEAB_tot          		 1
EAFEAC_tot          		 1
EAFEAD_tot          		 1
EAFEAE_tot          		 1
EAFEAG_tot          		 1
EAFEAH_tot          		 1
EAFEAI_tot          		 1
EAFEAJ_tot          		 1
EAFEAK_tot          		 1
EAFEAL_tot          		 1.00567
EAFRW_tot           		 1.03648
EAFUS_tot           		 1.40435
EAFEAA_weight       		 0.0790839
EAFEAB_weight       		 0.0790839
EAFEAC_weight       		 0.0790839
EAFEAD_weight       		 0.0790839
EAFEAE_weight       		 0.0790839
EAFEAG_weight       		 0.0790839
EAFEAH_weight       		 0.0790839
EAFEAI_weight       		 0.0790839
EAFEAJ_weight       		 0.0790839
EAFEAK_weight       		 0.0790839
EAFEAL_weight       		 0.0787645
EAFRW_weight        		 0.0777095
EAFUS_weight        		 0.0526868
EAFEAA_weightex     		 0.0784261
EAFEAB_weightex     		 0.0784261
EAFEAC_weightex     		 0.0784261
EAFEAD_weightex     		 0.0784261
EAFEAE_weightex     		 0.0784261
EAFEAG_weightex     		 0.0784261
EAFEAH_weightex     		 0.0784261
EAFEAI_weightex     		 0.0784261
EAFEAJ_weightex     		 0.0784261
EAFEAK_weightex     		 0.0784261
EAFEAL_weightex     		 0.0784597
EAFRW_weightex      		 0.0798398
EAFUS_weightex      		 0.0574393
EAFEAA_weightim     		 0.0797442
EAFEAB_weightim     		 0.0797442
EAFEAC_weightim     		 0.0797442
EAFEAD_weightim     		 0.0797442
EAFEAE_weightim     		 0.0797442
EAFEAG_weightim     		 0.0797442
EAFEAH_weightim     		 0.0797442
EAFEAI_weightim     		 0.0797442
EAFEAJ_weightim     		 0.0797442
EAFEAK_weightim     		 0.0797442
EAFEAL_weightim     		 0.0790704
EAFRW_weightim      		 0.0755712
EAFUS_weightim      		 0.0479164
EAF_b               		 8.56661
EAF_bf              		 -0.412216
EAF_by              		 2.4
EAF_c               		 1.91798
EAF_ci              		 2.17352
EAF_cj              		 1.15136
EAF_cy              		 0.537337
EAF_d               		 0.163569
EAF_dn              		 0.163569
EAF_dt              		 -2.82721e-09
EAF_etot            		 1.02135
EAF_ex              		 1.91731
EAF_fh              		 6.78992
EAF_fi              		 14.2917
EAF_fj              		 0.529324
EAF_fn              		 8.56823
EAF_cg              		 0.740764
EAF_gammab          		 0
EAF_gammai          		 0
EAF_gammaider       		 0
EAF_gammau          		 0
EAF_gammauder       		 0.0324171
EAF_gammav          		 0.000200902
EAF_gammavi         		 0.000104746
EAF_gammavider      		 0.00232797
EAF_gammavj         		 0.000104746
EAF_gammavjder      		 0.00232797
EAF_gh              		 8.1479
EAF_gi              		 5.9105
EAF_gj              		 3.71926
EAF_gn              		 12.8523
EAF_cgy             		 0.2
EAF_ht              		 0.775876
EAF_htc             		 0.271418
EAF_hti             		 0.129995
EAF_htcg            		 0.312053
EAF_htig            		 0.0624106
EAF_i               		 0.804544
EAF_ig              		 0.148153
EAF_ii              		 1.07272
EAF_im              		 1.86475
EAF_imc             		 1.02242
EAF_imi             		 0.489685
EAF_imcg            		 0.293871
EAF_imig            		 0.0587743
EAF_imy             		 0.48763
EAF_internalrer     		 1.2263
EAF_igy             		 0.04
EAF_k               		 32.1817
EAF_kd              		 32.1817
EAF_kdn             		 8.99232
EAF_kdt             		 23.1894
EAF_ki              		 42.909
EAF_lambdai         		 1.29043
EAF_lambdaj         		 2.43606
EAF_lcy             		 0.667922
EAF_m               		 0.835618
EAF_mcn             		 0.75938
EAF_mct             		 0.75938
EAF_mi              		 0.946951
EAF_mj              		 0.501619
EAF_nd              		 1.92742
EAF_ndi             		 0.921516
EAF_ndj             		 1.09346
EAF_ndn             		 0.538566
EAF_ndt             		 1.38886
EAF_ni              		 0.921516
EAF_nj              		 1.09346
EAF_nt              		 0.979082
EAF_ntc             		 0.629047
EAF_nti             		 0.186507
EAF_ntcg            		 0.136273
EAF_ntig            		 0.0272545
EAF_pex             		 0.911256
EAF_pht             		 0.911256
EAF_phttilde        		 0.911256
EAF_pi              		 0.979408
EAF_pcg             		 0.963713
EAF_pig             		 0.963713
EAF_pic             		 1.00496
EAF_pic4            		 1.02
EAF_piex4           		 1.02
EAF_piht            		 1.00496
EAF_piimc           		 1.00496
EAF_piimi           		 1.00496
EAF_piimcg          		 1.00496
EAF_piimig          		 1.00496
EAF_piimc4          		 1.02
EAF_pim             		 0.933402
EAF_pimc            		 0.933402
EAF_pimi            		 0.933402
EAF_pimcg           		 0.933402
EAF_pimig           		 0.933402
EAF_pint            		 1.00496
EAF_piw             		 1.00496
EAF_piw4            		 1.02
EAF_pnt             		 1.13907
EAF_pnttilde        		 1.13907
EAF_pttc            		 0.928865
EAF_ptti            		 0.928865
EAF_pttcg           		 0.922163
EAF_pttig           		 0.922163
EAF_py              		 0.971995
EAF_q               		 0.979408
EAF_qc              		 1.91818
EAF_qi              		 0.804544
EAF_qcg             		 0.740764
EAF_qig             		 0.148153
EAF_r               		 1.01242
EAF_reer            		 1.01277
EAF_rer             		 1.30531
EAF_rerdep          		 1
EAF_rk              		 0.0317495
EAF_rp              		 0
EAF_rr              		 1.00742
EAF_rrstar          		 1.00742
EAF_sh              		 1
EAF_si              		 1
EAF_sj              		 1
EAF_snt             		 1
EAF_t               		 0
EAF_tauc            		 0.183
EAF_taud            		 0
EAF_tauk            		 0
EAF_taun            		 0.122
EAF_tauwf           		 0.219
EAF_tauwh           		 0.118
EAF_tb              		 0.0065994
EAF_tby             		 0.00184887
EAF_ti              		 0
EAF_tj              		 0
EAF_tot             		 1.40435
EAF_tr              		 0.333396
EAF_tri             		 0.222264
EAF_trj             		 0.666793
EAF_try             		 0.0934018
EAF_ttc             		 1.29368
EAF_tti             		 0.619607
EAF_ttcg            		 0.605815
EAF_ttig            		 0.121163
EAF_ty              		 0
EAF_u               		 1
EAF_utili           		 -93.5118
EAF_utilj           		 -203.579
EAF_vj              		 2.29529
EAF_w               		 1.01471
EAF_wcst            		 0
EAF_whty            		 0.574241
EAF_wi              		 1.1259
EAF_witilde         		 1.1259
EAF_wj              		 0.839754
EAF_wjtilde         		 0.839754
EAF_wnty            		 0.490019
EAF_wy              		 0.547927
EAF_y               		 3.67226
EAF_ygap            		 0
EAF_ygrowth         		 1
EAF_ygrowth4        		 1
EAF_yhty            		 0.687556
EAF_ynty            		 0.312444
EAF_yshare          		 0.0665152
EAF_ysn             		 0.979082
EAF_yst             		 2.69318
EAF_zcon            		 1
EAF_zinv            		 1
EAF_zn              		 1
EAF_zt              		 1
EAF_gammav1         		 0.0308642
EAF_gammav2         		 0.150338
EAF_nutc            		 0.2
EAF_nuti            		 0.2
EAF_nutcg           		 0.5
EAF_nutig           		 0.5
EAF_psit            		 0.2
EAFEAA_rerbar       		 1
EAFEAB_rerbar       		 1
EAFEAC_rerbar       		 1
EAFEAD_rerbar       		 1
EAFEAE_rerbar       		 1
EAFEAG_rerbar       		 1
EAFEAH_rerbar       		 1
EAFEAI_rerbar       		 1
EAFEAJ_rerbar       		 1
EAFEAK_rerbar       		 1
EAFEAL_rerbar       		 1.00262
EAFRW_rerbar        		 0.98014
EAFUS_rerbar        		 1.30531
EAF_pibar           		 0.979408
EAF_psinbar         		 0.274143
EAF_psitbar         		 0.538636
EAF_pybar           		 0.971995
EAF_qbar            		 0.979408
EAF_trybar          		 0.0934035
EAF_ybar            		 3.67226
EAF_ynbar           		 0.979082
EAF_ytbar           		 2.69318
EAGEAA_excy         		 0.0213205
EAGEAB_excy         		 0.0213205
EAGEAC_excy         		 0.0213205
EAGEAD_excy         		 0.0213205
EAGEAE_excy         		 0.0213205
EAGEAF_excy         		 0.0213205
EAGEAH_excy         		 0.0213205
EAGEAI_excy         		 0.0213205
EAGEAJ_excy         		 0.0213205
EAGEAK_excy         		 0.0213205
EAGEAL_excy         		 0.0217196
EAGRW_excy          		 0.0164031
EAGUS_excy          		 0.00609685
EAGEAA_exiy         		 0.0102114
EAGEAB_exiy         		 0.0102114
EAGEAC_exiy         		 0.0102114
EAGEAD_exiy         		 0.0102114
EAGEAE_exiy         		 0.0102114
EAGEAF_exiy         		 0.0102114
EAGEAH_exiy         		 0.0102114
EAGEAI_exiy         		 0.0102114
EAGEAJ_exiy         		 0.0102114
EAGEAK_exiy         		 0.0102114
EAGEAL_exiy         		 0.0102503
EAGRW_exiy          		 0.0129191
EAGUS_exiy          		 0.0048406
EAG_fx              		 5.698
EAGEAA_gammaimc     		 0
EAGEAB_gammaimc     		 0
EAGEAC_gammaimc     		 0
EAGEAD_gammaimc     		 0
EAGEAE_gammaimc     		 0
EAGEAF_gammaimc     		 0
EAGEAH_gammaimc     		 0
EAGEAI_gammaimc     		 0
EAGEAJ_gammaimc     		 0
EAGEAK_gammaimc     		 0
EAGEAL_gammaimc     		 0
EAGRW_gammaimc      		 0
EAGUS_gammaimc      		 0
EAGEAA_gammaimcdag  		 1
EAGEAB_gammaimcdag  		 1
EAGEAC_gammaimcdag  		 1
EAGEAD_gammaimcdag  		 1
EAGEAE_gammaimcdag  		 1
EAGEAF_gammaimcdag  		 1
EAGEAH_gammaimcdag  		 1
EAGEAI_gammaimcdag  		 1
EAGEAJ_gammaimcdag  		 1
EAGEAK_gammaimcdag  		 1
EAGEAL_gammaimcdag  		 1
EAGRW_gammaimcdag   		 1
EAGUS_gammaimcdag   		 1
EAGEAA_gammaimi     		 0
EAGEAB_gammaimi     		 0
EAGEAC_gammaimi     		 0
EAGEAD_gammaimi     		 0
EAGEAE_gammaimi     		 0
EAGEAF_gammaimi     		 0
EAGEAH_gammaimi     		 0
EAGEAI_gammaimi     		 0
EAGEAJ_gammaimi     		 0
EAGEAK_gammaimi     		 0
EAGEAL_gammaimi     		 0
EAGRW_gammaimi      		 0
EAGUS_gammaimi      		 0
EAGEAA_gammaimidag  		 1
EAGEAB_gammaimidag  		 1
EAGEAC_gammaimidag  		 1
EAGEAD_gammaimidag  		 1
EAGEAE_gammaimidag  		 1
EAGEAF_gammaimidag  		 1
EAGEAH_gammaimidag  		 1
EAGEAI_gammaimidag  		 1
EAGEAJ_gammaimidag  		 1
EAGEAK_gammaimidag  		 1
EAGEAL_gammaimidag  		 1
EAGRW_gammaimidag   		 1
EAGUS_gammaimidag   		 1
EAGEAA_gammaimcg    		 0
EAGEAB_gammaimcg    		 0
EAGEAC_gammaimcg    		 0
EAGEAD_gammaimcg    		 0
EAGEAE_gammaimcg    		 0
EAGEAF_gammaimcg    		 0
EAGEAH_gammaimcg    		 0
EAGEAI_gammaimcg    		 0
EAGEAJ_gammaimcg    		 0
EAGEAK_gammaimcg    		 0
EAGEAL_gammaimcg    		 0
EAGRW_gammaimcg     		 0
EAGUS_gammaimcg     		 0
EAGEAA_gammaimcgdag 		 1
EAGEAB_gammaimcgdag 		 1
EAGEAC_gammaimcgdag 		 1
EAGEAD_gammaimcgdag 		 1
EAGEAE_gammaimcgdag 		 1
EAGEAF_gammaimcgdag 		 1
EAGEAH_gammaimcgdag 		 1
EAGEAI_gammaimcgdag 		 1
EAGEAJ_gammaimcgdag 		 1
EAGEAK_gammaimcgdag 		 1
EAGEAL_gammaimcgdag 		 1
EAGRW_gammaimcgdag  		 1
EAGUS_gammaimcgdag  		 1
EAGEAA_gammaimig    		 0
EAGEAB_gammaimig    		 0
EAGEAC_gammaimig    		 0
EAGEAD_gammaimig    		 0
EAGEAE_gammaimig    		 0
EAGEAF_gammaimig    		 0
EAGEAH_gammaimig    		 0
EAGEAI_gammaimig    		 0
EAGEAJ_gammaimig    		 0
EAGEAK_gammaimig    		 0
EAGEAL_gammaimig    		 0
EAGRW_gammaimig     		 0
EAGUS_gammaimig     		 0
EAGEAA_gammaimigdag 		 1
EAGEAB_gammaimigdag 		 1
EAGEAC_gammaimigdag 		 1
EAGEAD_gammaimigdag 		 1
EAGEAE_gammaimigdag 		 1
EAGEAF_gammaimigdag 		 1
EAGEAH_gammaimigdag 		 1
EAGEAI_gammaimigdag 		 1
EAGEAJ_gammaimigdag 		 1
EAGEAK_gammaimigdag 		 1
EAGEAL_gammaimigdag 		 1
EAGRW_gammaimigdag  		 1
EAGUS_gammaimigdag  		 1
EAG_gx              		 6.8376
EAGEAA_im           		 0.152317
EAGEAB_im           		 0.152317
EAGEAC_im           		 0.152317
EAGEAD_im           		 0.152317
EAGEAE_im           		 0.152317
EAGEAF_im           		 0.152317
EAGEAH_im           		 0.152317
EAGEAI_im           		 0.152317
EAGEAJ_im           		 0.152317
EAGEAK_im           		 0.152317
EAGEAL_im           		 0.150178
EAGRW_im            		 0.139265
EAGUS_im            		 0.0651711
EAGEAA_imc          		 0.0835131
EAGEAB_imc          		 0.0835131
EAGEAC_imc          		 0.0835131
EAGEAD_imc          		 0.0835131
EAGEAE_imc          		 0.0835131
EAGEAF_imc          		 0.0835131
EAGEAH_imc          		 0.0835131
EAGEAI_imc          		 0.0835131
EAGEAJ_imc          		 0.0835131
EAGEAK_imc          		 0.0835131
EAGEAL_imc          		 0.0823405
EAGRW_imc           		 0.0763573
EAGUS_imc           		 0.0357325
EAGEAE_imcy         		 0.0213205
EAGEAA_imi          		 0.0399985
EAGEAB_imi          		 0.0399985
EAGEAC_imi          		 0.0399985
EAGEAD_imi          		 0.0399985
EAGEAE_imi          		 0.0399985
EAGEAF_imi          		 0.0399985
EAGEAH_imi          		 0.0399985
EAGEAI_imi          		 0.0399985
EAGEAJ_imi          		 0.0399985
EAGEAK_imi          		 0.0399985
EAGEAL_imi          		 0.0394369
EAGRW_imi           		 0.0365712
EAGUS_imi           		 0.017114
EAGEAE_imiy         		 0.0102114
EAGEAA_imcg         		 0.0240041
EAGEAB_imcg         		 0.0240041
EAGEAC_imcg         		 0.0240041
EAGEAD_imcg         		 0.0240041
EAGEAE_imcg         		 0.0240041
EAGEAF_imcg         		 0.0240041
EAGEAH_imcg         		 0.0240041
EAGEAI_imcg         		 0.0240041
EAGEAJ_imcg         		 0.0240041
EAGEAK_imcg         		 0.0240041
EAGEAL_imcg         		 0.023667
EAGRW_imcg          		 0.0219473
EAGUS_imcg          		 0.0102705
EAGEAE_imcgy        		 0.00612812
EAGEAA_imig         		 0.00480081
EAGEAB_imig         		 0.00480081
EAGEAC_imig         		 0.00480081
EAGEAD_imig         		 0.00480081
EAGEAE_imig         		 0.00480081
EAGEAF_imig         		 0.00480081
EAGEAH_imig         		 0.00480081
EAGEAI_imig         		 0.00480081
EAGEAJ_imig         		 0.00480081
EAGEAK_imig         		 0.00480081
EAGEAL_imig         		 0.0047334
EAGRW_imig          		 0.00438945
EAGUS_imig          		 0.00205411
EAGEAE_imigy        		 0.00122562
EAG_piex            		 1.00496
EAG_pextilde        		 0.911256
EAGEAA_rer          		 1
EAGEAB_rer          		 1
EAGEAC_rer          		 1
EAGEAD_rer          		 1
EAGEAE_rer          		 1
EAGEAF_rer          		 1
EAGEAH_rer          		 1
EAGEAI_rer          		 1
EAGEAJ_rer          		 1
EAGEAK_rer          		 1
EAGEAL_rer          		 1.00262
EAGRW_rer           		 0.98014
EAGUS_rer           		 1.30531
EAG_sx              		 1
EAGEAA_tot          		 1
EAGEAB_tot          		 1
EAGEAC_tot          		 1
EAGEAD_tot          		 1
EAGEAE_tot          		 1
EAGEAF_tot          		 1
EAGEAH_tot          		 1
EAGEAI_tot          		 1
EAGEAJ_tot          		 1
EAGEAK_tot          		 1
EAGEAL_tot          		 1.00567
EAGRW_tot           		 1.03648
EAGUS_tot           		 1.40435
EAGEAA_weight       		 0.0790839
EAGEAB_weight       		 0.0790839
EAGEAC_weight       		 0.0790839
EAGEAD_weight       		 0.0790839
EAGEAE_weight       		 0.0790839
EAGEAF_weight       		 0.0790839
EAGEAH_weight       		 0.0790839
EAGEAI_weight       		 0.0790839
EAGEAJ_weight       		 0.0790839
EAGEAK_weight       		 0.0790839
EAGEAL_weight       		 0.0787645
EAGRW_weight        		 0.0777095
EAGUS_weight        		 0.0526868
EAGEAA_weightex     		 0.0784261
EAGEAB_weightex     		 0.0784261
EAGEAC_weightex     		 0.0784261
EAGEAD_weightex     		 0.0784261
EAGEAE_weightex     		 0.0784261
EAGEAF_weightex     		 0.0784261
EAGEAH_weightex     		 0.0784261
EAGEAI_weightex     		 0.0784261
EAGEAJ_weightex     		 0.0784261
EAGEAK_weightex     		 0.0784261
EAGEAL_weightex     		 0.0784597
EAGRW_weightex      		 0.0798398
EAGUS_weightex      		 0.0574393
EAGEAA_weightim     		 0.0797442
EAGEAB_weightim     		 0.0797442
EAGEAC_weightim     		 0.0797442
EAGEAD_weightim     		 0.0797442
EAGEAE_weightim     		 0.0797442
EAGEAF_weightim     		 0.0797442
EAGEAH_weightim     		 0.0797442
EAGEAI_weightim     		 0.0797442
EAGEAJ_weightim     		 0.0797442
EAGEAK_weightim     		 0.0797442
EAGEAL_weightim     		 0.0790704
EAGRW_weightim      		 0.0755712
EAGUS_weightim      		 0.0479164
EAG_b               		 8.56661
EAG_bf              		 -0.412216
EAG_by              		 2.4
EAG_c               		 1.91798
EAG_ci              		 2.17352
EAG_cj              		 1.15136
EAG_cy              		 0.537337
EAG_d               		 0.163569
EAG_dn              		 0.163569
EAG_dt              		 -2.82696e-09
EAG_etot            		 1.02135
EAG_ex              		 1.91731
EAG_fh              		 6.78992
EAG_fi              		 14.2917
EAG_fj              		 0.529324
EAG_fn              		 8.56823
EAG_cg              		 0.740764
EAG_gammab          		 0
EAG_gammai          		 0
EAG_gammaider       		 0
EAG_gammau          		 0
EAG_gammauder       		 0.0324171
EAG_gammav          		 0.000200902
EAG_gammavi         		 0.000104746
EAG_gammavider      		 0.00232797
EAG_gammavj         		 0.000104746
EAG_gammavjder      		 0.00232797
EAG_gh              		 8.1479
EAG_gi              		 5.9105
EAG_gj              		 3.71926
EAG_gn              		 12.8523
EAG_cgy             		 0.2
EAG_ht              		 0.775876
EAG_htc             		 0.271418
EAG_hti             		 0.129995
EAG_htcg            		 0.312053
EAG_htig            		 0.0624106
EAG_i               		 0.804544
EAG_ig              		 0.148153
EAG_ii              		 1.07272
EAG_im              		 1.86475
EAG_imc             		 1.02242
EAG_imi             		 0.489685
EAG_imcg            		 0.293871
EAG_imig            		 0.0587743
EAG_imy             		 0.48763
EAG_internalrer     		 1.2263
EAG_igy             		 0.04
EAG_k               		 32.1817
EAG_kd              		 32.1817
EAG_kdn             		 8.99232
EAG_kdt             		 23.1894
EAG_ki              		 42.909
EAG_lambdai         		 1.29043
EAG_lambdaj         		 2.43606
EAG_lcy             		 0.667922
EAG_m               		 0.835618
EAG_mcn             		 0.75938
EAG_mct             		 0.75938
EAG_mi              		 0.946951
EAG_mj              		 0.501619
EAG_nd              		 1.92742
EAG_ndi             		 0.921516
EAG_ndj             		 1.09346
EAG_ndn             		 0.538566
EAG_ndt             		 1.38886
EAG_ni              		 0.921516
EAG_nj              		 1.09346
EAG_nt              		 0.979082
EAG_ntc             		 0.629047
EAG_nti             		 0.186507
EAG_ntcg            		 0.136273
EAG_ntig            		 0.0272545
EAG_pex             		 0.911256
EAG_pht             		 0.911256
EAG_phttilde        		 0.911256
EAG_pi              		 0.979408
EAG_pcg             		 0.963713
EAG_pig             		 0.963713
EAG_pic             		 1.00496
EAG_pic4            		 1.02
EAG_piex4           		 1.02
EAG_piht            		 1.00496
EAG_piimc           		 1.00496
EAG_piimi           		 1.00496
EAG_piimcg          		 1.00496
EAG_piimig          		 1.00496
EAG_piimc4          		 1.02
EAG_pim             		 0.933402
EAG_pimc            		 0.933402
EAG_pimi            		 0.933402
EAG_pimcg           		 0.933402
EAG_pimig           		 0.933402
EAG_pint            		 1.00496
EAG_piw             		 1.00496
EAG_piw4            		 1.02
EAG_pnt             		 1.13907
EAG_pnttilde        		 1.13907
EAG_pttc            		 0.928865
EAG_ptti            		 0.928865
EAG_pttcg           		 0.922163
EAG_pttig           		 0.922163
EAG_py              		 0.971995
EAG_q               		 0.979408
EAG_qc              		 1.91818
EAG_qi              		 0.804544
EAG_qcg             		 0.740764
EAG_qig             		 0.148153
EAG_r               		 1.01242
EAG_reer            		 1.01277
EAG_rer             		 1.30531
EAG_rerdep          		 1
EAG_rk              		 0.0317495
EAG_rp              		 0
EAG_rr              		 1.00742
EAG_rrstar          		 1.00742
EAG_sh              		 1
EAG_si              		 1
EAG_sj              		 1
EAG_snt             		 1
EAG_t               		 0
EAG_tauc            		 0.183
EAG_taud            		 0
EAG_tauk            		 0
EAG_taun            		 0.122
EAG_tauwf           		 0.219
EAG_tauwh           		 0.118
EAG_tb              		 0.0065994
EAG_tby             		 0.00184887
EAG_ti              		 0
EAG_tj              		 0
EAG_tot             		 1.40435
EAG_tr              		 0.333396
EAG_tri             		 0.222264
EAG_trj             		 0.666793
EAG_try             		 0.0934018
EAG_ttc             		 1.29368
EAG_tti             		 0.619607
EAG_ttcg            		 0.605815
EAG_ttig            		 0.121163
EAG_ty              		 0
EAG_u               		 1
EAG_utili           		 -93.5118
EAG_utilj           		 -203.579
EAG_vj              		 2.29529
EAG_w               		 1.01471
EAG_wcst            		 0
EAG_whty            		 0.574241
EAG_wi              		 1.1259
EAG_witilde         		 1.1259
EAG_wj              		 0.839754
EAG_wjtilde         		 0.839754
EAG_wnty            		 0.490019
EAG_wy              		 0.547927
EAG_y               		 3.67226
EAG_ygap            		 0
EAG_ygrowth         		 1
EAG_ygrowth4        		 1
EAG_yhty            		 0.687556
EAG_ynty            		 0.312444
EAG_yshare          		 0.0665152
EAG_ysn             		 0.979082
EAG_yst             		 2.69318
EAG_zcon            		 1
EAG_zinv            		 1
EAG_zn              		 1
EAG_zt              		 1
EAG_gammav1         		 0.0308642
EAG_gammav2         		 0.150338
EAG_nutc            		 0.2
EAG_nuti            		 0.2
EAG_nutcg           		 0.5
EAG_nutig           		 0.5
EAG_psit            		 0.2
EAGEAA_rerbar       		 1
EAGEAB_rerbar       		 1
EAGEAC_rerbar       		 1
EAGEAD_rerbar       		 1
EAGEAE_rerbar       		 1
EAGEAF_rerbar       		 1
EAGEAH_rerbar       		 1
EAGEAI_rerbar       		 1
EAGEAJ_rerbar       		 1
EAGEAK_rerbar       		 1
EAGEAL_rerbar       		 1.00262
EAGRW_rerbar        		 0.98014
EAGUS_rerbar        		 1.30531
EAG_pibar           		 0.979408
EAG_psinbar         		 0.274143
EAG_psitbar         		 0.538636
EAG_pybar           		 0.971995
EAG_qbar            		 0.979408
EAG_trybar          		 0.0934035
EAG_ybar            		 3.67226
EAG_ynbar           		 0.979082
EAG_ytbar           		 2.69318
EAHEAA_excy         		 0.0213205
EAHEAB_excy         		 0.0213205
EAHEAC_excy         		 0.0213205
EAHEAD_excy         		 0.0213205
EAHEAE_excy         		 0.0213205
EAHEAF_excy         		 0.0213205
EAHEAG_excy         		 0.0213205
EAHEAI_excy         		 0.0213205
EAHEAJ_excy         		 0.0213205
EAHEAK_excy         		 0.0213205
EAHEAL_excy         		 0.0217196
EAHRW_excy          		 0.0164031
EAHUS_excy          		 0.00609685
EAHEAA_exiy         		 0.0102114
EAHEAB_exiy         		 0.0102114
EAHEAC_exiy         		 0.0102114
EAHEAD_exiy         		 0.0102114
EAHEAE_exiy         		 0.0102114
EAHEAF_exiy         		 0.0102114
EAHEAG_exiy         		 0.0102114
EAHEAI_exiy         		 0.0102114
EAHEAJ_exiy         		 0.0102114
EAHEAK_exiy         		 0.0102114
EAHEAL_exiy         		 0.0102503
EAHRW_exiy          		 0.0129191
EAHUS_exiy          		 0.0048406
EAH_fx              		 5.698
EAHEAA_gammaimc     		 0
EAHEAB_gammaimc     		 0
EAHEAC_gammaimc     		 0
EAHEAD_gammaimc     		 0
EAHEAE_gammaimc     		 0
EAHEAF_gammaimc     		 0
EAHEAG_gammaimc     		 0
EAHEAI_gammaimc     		 0
EAHEAJ_gammaimc     		 0
EAHEAK_gammaimc     		 0
EAHEAL_gammaimc     		 0
EAHRW_gammaimc      		 0
EAHUS_gammaimc      		 0
EAHEAA_gammaimcdag  		 1
EAHEAB_gammaimcdag  		 1
EAHEAC_gammaimcdag  		 1
EAHEAD_gammaimcdag  		 1
EAHEAE_gammaimcdag  		 1
EAHEAF_gammaimcdag  		 1
EAHEAG_gammaimcdag  		 1
EAHEAI_gammaimcdag  		 1
EAHEAJ_gammaimcdag  		 1
EAHEAK_gammaimcdag  		 1
EAHEAL_gammaimcdag  		 1
EAHRW_gammaimcdag   		 1
EAHUS_gammaimcdag   		 1
EAHEAA_gammaimi     		 0
EAHEAB_gammaimi     		 0
EAHEAC_gammaimi     		 0
EAHEAD_gammaimi     		 0
EAHEAE_gammaimi     		 0
EAHEAF_gammaimi     		 0
EAHEAG_gammaimi     		 0
EAHEAI_gammaimi     		 0
EAHEAJ_gammaimi     		 0
EAHEAK_gammaimi     		 0
EAHEAL_gammaimi     		 0
EAHRW_gammaimi      		 0
EAHUS_gammaimi      		 0
EAHEAA_gammaimidag  		 1
EAHEAB_gammaimidag  		 1
EAHEAC_gammaimidag  		 1
EAHEAD_gammaimidag  		 1
EAHEAE_gammaimidag  		 1
EAHEAF_gammaimidag  		 1
EAHEAG_gammaimidag  		 1
EAHEAI_gammaimidag  		 1
EAHEAJ_gammaimidag  		 1
EAHEAK_gammaimidag  		 1
EAHEAL_gammaimidag  		 1
EAHRW_gammaimidag   		 1
EAHUS_gammaimidag   		 1
EAHEAA_gammaimcg    		 0
EAHEAB_gammaimcg    		 0
EAHEAC_gammaimcg    		 0
EAHEAD_gammaimcg    		 0
EAHEAE_gammaimcg    		 0
EAHEAF_gammaimcg    		 0
EAHEAG_gammaimcg    		 0
EAHEAI_gammaimcg    		 0
EAHEAJ_gammaimcg    		 0
EAHEAK_gammaimcg    		 0
EAHEAL_gammaimcg    		 0
EAHRW_gammaimcg     		 0
EAHUS_gammaimcg     		 0
EAHEAA_gammaimcgdag 		 1
EAHEAB_gammaimcgdag 		 1
EAHEAC_gammaimcgdag 		 1
EAHEAD_gammaimcgdag 		 1
EAHEAE_gammaimcgdag 		 1
EAHEAF_gammaimcgdag 		 1
EAHEAG_gammaimcgdag 		 1
EAHEAI_gammaimcgdag 		 1
EAHEAJ_gammaimcgdag 		 1
EAHEAK_gammaimcgdag 		 1
EAHEAL_gammaimcgdag 		 1
EAHRW_gammaimcgdag  		 1
EAHUS_gammaimcgdag  		 1
EAHEAA_gammaimig    		 0
EAHEAB_gammaimig    		 0
EAHEAC_gammaimig    		 0
EAHEAD_gammaimig    		 0
EAHEAE_gammaimig    		 0
EAHEAF_gammaimig    		 0
EAHEAG_gammaimig    		 0
EAHEAI_gammaimig    		 0
EAHEAJ_gammaimig    		 0
EAHEAK_gammaimig    		 0
EAHEAL_gammaimig    		 0
EAHRW_gammaimig     		 0
EAHUS_gammaimig     		 0
EAHEAA_gammaimigdag 		 1
EAHEAB_gammaimigdag 		 1
EAHEAC_gammaimigdag 		 1
EAHEAD_gammaimigdag 		 1
EAHEAE_gammaimigdag 		 1
EAHEAF_gammaimigdag 		 1
EAHEAG_gammaimigdag 		 1
EAHEAI_gammaimigdag 		 1
EAHEAJ_gammaimigdag 		 1
EAHEAK_gammaimigdag 		 1
EAHEAL_gammaimigdag 		 1
EAHRW_gammaimigdag  		 1
EAHUS_gammaimigdag  		 1
EAH_gx              		 6.8376
EAHEAA_im           		 0.152317
EAHEAB_im           		 0.152317
EAHEAC_im           		 0.152317
EAHEAD_im           		 0.152317
EAHEAE_im           		 0.152317
EAHEAF_im           		 0.152317
EAHEAG_im           		 0.152317
EAHEAI_im           		 0.152317
EAHEAJ_im           		 0.152317
EAHEAK_im           		 0.152317
EAHEAL_im           		 0.150178
EAHRW_im            		 0.139265
EAHUS_im            		 0.0651711
EAHEAA_imc          		 0.0835131
EAHEAB_imc          		 0.0835131
EAHEAC_imc          		 0.0835131
EAHEAD_imc          		 0.0835131
EAHEAE_imc          		 0.0835131
EAHEAF_imc          		 0.0835131
EAHEAG_imc          		 0.0835131
EAHEAI_imc          		 0.0835131
EAHEAJ_imc          		 0.0835131
EAHEAK_imc          		 0.0835131
EAHEAL_imc          		 0.0823405
EAHRW_imc           		 0.0763573
EAHUS_imc           		 0.0357325
EAHEAF_imcy         		 0.0213205
EAHEAA_imi          		 0.0399985
EAHEAB_imi          		 0.0399985
EAHEAC_imi          		 0.0399985
EAHEAD_imi          		 0.0399985
EAHEAE_imi          		 0.0399985
EAHEAF_imi          		 0.0399985
EAHEAG_imi          		 0.0399985
EAHEAI_imi          		 0.0399985
EAHEAJ_imi          		 0.0399985
EAHEAK_imi          		 0.0399985
EAHEAL_imi          		 0.0394369
EAHRW_imi           		 0.0365712
EAHUS_imi           		 0.017114
EAHEAF_imiy         		 0.0102114
EAHEAA_imcg         		 0.0240041
EAHEAB_imcg         		 0.0240041
EAHEAC_imcg         		 0.0240041
EAHEAD_imcg         		 0.0240041
EAHEAE_imcg         		 0.0240041
EAHEAF_imcg         		 0.0240041
EAHEAG_imcg         		 0.0240041
EAHEAI_imcg         		 0.0240041
EAHEAJ_imcg         		 0.0240041
EAHEAK_imcg         		 0.0240041
EAHEAL_imcg         		 0.023667
EAHRW_imcg          		 0.0219473
EAHUS_imcg          		 0.0102705
EAHEAF_imcgy        		 0.00612812
EAHEAA_imig         		 0.00480081
EAHEAB_imig         		 0.00480081
EAHEAC_imig         		 0.00480081
EAHEAD_imig         		 0.00480081
EAHEAE_imig         		 0.00480081
EAHEAF_imig         		 0.00480081
EAHEAG_imig         		 0.00480081
EAHEAI_imig         		 0.00480081
EAHEAJ_imig         		 0.00480081
EAHEAK_imig         		 0.00480081
EAHEAL_imig         		 0.0047334
EAHRW_imig          		 0.00438945
EAHUS_imig          		 0.00205411
EAHEAF_imigy        		 0.00122562
EAH_piex            		 1.00496
EAH_pextilde        		 0.911256
EAHEAA_rer          		 1
EAHEAB_rer          		 1
EAHEAC_rer          		 1
EAHEAD_rer          		 1
EAHEAE_rer          		 1
EAHEAF_rer          		 1
EAHEAG_rer          		 1
EAHEAI_rer          		 1
EAHEAJ_rer          		 1
EAHEAK_rer          		 1
EAHEAL_rer          		 1.00262
EAHRW_rer           		 0.98014
EAHUS_rer           		 1.30531
EAH_sx              		 1
EAHEAA_tot          		 1
EAHEAB_tot          		 1
EAHEAC_tot          		 1
EAHEAD_tot          		 1
EAHEAE_tot          		 1
EAHEAF_tot          		 1
EAHEAG_tot          		 1
EAHEAI_tot          		 1
EAHEAJ_tot          		 1
EAHEAK_tot          		 1
EAHEAL_tot          		 1.00567
EAHRW_tot           		 1.03648
EAHUS_tot           		 1.40435
EAHEAA_weight       		 0.0790839
EAHEAB_weight       		 0.0790839
EAHEAC_weight       		 0.0790839
EAHEAD_weight       		 0.0790839
EAHEAE_weight       		 0.0790839
EAHEAF_weight       		 0.0790839
EAHEAG_weight       		 0.0790839
EAHEAI_weight       		 0.0790839
EAHEAJ_weight       		 0.0790839
EAHEAK_weight       		 0.0790839
EAHEAL_weight       		 0.0787645
EAHRW_weight        		 0.0777095
EAHUS_weight        		 0.0526868
EAHEAA_weightex     		 0.0784261
EAHEAB_weightex     		 0.0784261
EAHEAC_weightex     		 0.0784261
EAHEAD_weightex     		 0.0784261
EAHEAE_weightex     		 0.0784261
EAHEAF_weightex     		 0.0784261
EAHEAG_weightex     		 0.0784261
EAHEAI_weightex     		 0.0784261
EAHEAJ_weightex     		 0.0784261
EAHEAK_weightex     		 0.0784261
EAHEAL_weightex     		 0.0784597
EAHRW_weightex      		 0.0798398
EAHUS_weightex      		 0.0574393
EAHEAA_weightim     		 0.0797442
EAHEAB_weightim     		 0.0797442
EAHEAC_weightim     		 0.0797442
EAHEAD_weightim     		 0.0797442
EAHEAE_weightim     		 0.0797442
EAHEAF_weightim     		 0.0797442
EAHEAG_weightim     		 0.0797442
EAHEAI_weightim     		 0.0797442
EAHEAJ_weightim     		 0.0797442
EAHEAK_weightim     		 0.0797442
EAHEAL_weightim     		 0.0790704
EAHRW_weightim      		 0.0755712
EAHUS_weightim      		 0.0479164
EAH_b               		 8.56661
EAH_bf              		 -0.412216
EAH_by              		 2.4
EAH_c               		 1.91798
EAH_ci              		 2.17352
EAH_cj              		 1.15136
EAH_cy              		 0.537337
EAH_d               		 0.163569
EAH_dn              		 0.163569
EAH_dt              		 -2.82707e-09
EAH_etot            		 1.02135
EAH_ex              		 1.91731
EAH_fh              		 6.78992
EAH_fi              		 14.2917
EAH_fj              		 0.529324
EAH_fn              		 8.56823
EAH_cg              		 0.740764
EAH_gammab          		 0
EAH_gammai          		 0
EAH_gammaider       		 0
EAH_gammau          		 0
EAH_gammauder       		 0.0324171
EAH_gammav          		 0.000200902
EAH_gammavi         		 0.000104746
EAH_gammavider      		 0.00232797
EAH_gammavj         		 0.000104746
EAH_gammavjder      		 0.00232797
EAH_gh              		 8.1479
EAH_gi              		 5.9105
EAH_gj              		 3.71926
EAH_gn              		 12.8523
EAH_cgy             		 0.2
EAH_ht              		 0.775876
EAH_htc             		 0.271418
EAH_hti             		 0.129995
EAH_htcg            		 0.312053
EAH_htig            		 0.0624106
EAH_i               		 0.804544
EAH_ig              		 0.148153
EAH_ii              		 1.07272
EAH_im              		 1.86475
EAH_imc             		 1.02242
EAH_imi             		 0.489685
EAH_imcg            		 0.293871
EAH_imig            		 0.0587743
EAH_imy             		 0.48763
EAH_internalrer     		 1.2263
EAH_igy             		 0.04
EAH_k               		 32.1817
EAH_kd              		 32.1817
EAH_kdn             		 8.99232
EAH_kdt             		 23.1894
EAH_ki              		 42.909
EAH_lambdai         		 1.29043
EAH_lambdaj         		 2.43606
EAH_lcy             		 0.667922
EAH_m               		 0.835618
EAH_mcn             		 0.75938
EAH_mct             		 0.75938
EAH_mi              		 0.946951
EAH_mj              		 0.501619
EAH_nd              		 1.92742
EAH_ndi             		 0.921516
EAH_ndj             		 1.09346
EAH_ndn             		 0.538566
EAH_ndt             		 1.38886
EAH_ni              		 0.921516
EAH_nj              		 1.09346
EAH_nt              		 0.979082
EAH_ntc             		 0.629047
EAH_nti             		 0.186507
EAH_ntcg            		 0.136273
EAH_ntig            		 0.0272545
EAH_pex             		 0.911256
EAH_pht             		 0.911256
EAH_phttilde        		 0.911256
EAH_pi              		 0.979408
EAH_pcg             		 0.963713
EAH_pig             		 0.963713
EAH_pic             		 1.00496
EAH_pic4            		 1.02
EAH_piex4           		 1.02
EAH_piht            		 1.00496
EAH_piimc           		 1.00496
EAH_piimi           		 1.00496
EAH_piimcg          		 1.00496
EAH_piimig          		 1.00496
EAH_piimc4          		 1.02
EAH_pim             		 0.933402
EAH_pimc            		 0.933402
EAH_pimi            		 0.933402
EAH_pimcg           		 0.933402
EAH_pimig           		 0.933402
EAH_pint            		 1.00496
EAH_piw             		 1.00496
EAH_piw4            		 1.02
EAH_pnt             		 1.13907
EAH_pnttilde        		 1.13907
EAH_pttc            		 0.928865
EAH_ptti            		 0.928865
EAH_pttcg           		 0.922163
EAH_pttig           		 0.922163
EAH_py              		 0.971995
EAH_q               		 0.979408
EAH_qc              		 1.91818
EAH_qi              		 0.804544
EAH_qcg             		 0.740764
EAH_qig             		 0.148153
EAH_r               		 1.01242
EAH_reer            		 1.01277
EAH_rer             		 1.30531
EAH_rerdep          		 1
EAH_rk              		 0.0317495
EAH_rp              		 0
EAH_rr              		 1.00742
EAH_rrstar          		 1.00742
EAH_sh              		 1
EAH_si              		 1
EAH_sj              		 1
EAH_snt             		 1
EAH_t               		 0
EAH_tauc            		 0.183
EAH_taud            		 0
EAH_tauk            		 0
EAH_taun            		 0.122
EAH_tauwf           		 0.219
EAH_tauwh           		 0.118
EAH_tb              		 0.0065994
EAH_tby             		 0.00184887
EAH_ti              		 0
EAH_tj              		 0
EAH_tot             		 1.40435
EAH_tr              		 0.333396
EAH_tri             		 0.222264
EAH_trj             		 0.666793
EAH_try             		 0.0934018
EAH_ttc             		 1.29368
EAH_tti             		 0.619607
EAH_ttcg            		 0.605815
EAH_ttig            		 0.121163
EAH_ty              		 0
EAH_u               		 1
EAH_utili           		 -93.5118
EAH_utilj           		 -203.579
EAH_vj              		 2.29529
EAH_w               		 1.01471
EAH_wcst            		 0
EAH_whty            		 0.574241
EAH_wi              		 1.1259
EAH_witilde         		 1.1259
EAH_wj              		 0.839754
EAH_wjtilde         		 0.839754
EAH_wnty            		 0.490019
EAH_wy              		 0.547927
EAH_y               		 3.67226
EAH_ygap            		 0
EAH_ygrowth         		 1
EAH_ygrowth4        		 1
EAH_yhty            		 0.687556
EAH_ynty            		 0.312444
EAH_yshare          		 0.0665152
EAH_ysn             		 0.979082
EAH_yst             		 2.69318
EAH_zcon            		 1
EAH_zinv            		 1
EAH_zn              		 1
EAH_zt              		 1
EAH_gammav1         		 0.0308642
EAH_gammav2         		 0.150338
EAH_nutc            		 0.2
EAH_nuti            		 0.2
EAH_nutcg           		 0.5
EAH_nutig           		 0.5
EAH_psit            		 0.2
EAHEAA_rerbar       		 1
EAHEAB_rerbar       		 1
EAHEAC_rerbar       		 1
EAHEAD_rerbar       		 1
EAHEAE_rerbar       		 1
EAHEAF_rerbar       		 1
EAHEAG_rerbar       		 1
EAHEAI_rerbar       		 1
EAHEAJ_rerbar       		 1
EAHEAK_rerbar       		 1
EAHEAL_rerbar       		 1.00262
EAHRW_rerbar        		 0.98014
EAHUS_rerbar        		 1.30531
EAH_pibar           		 0.979408
EAH_psinbar         		 0.274143
EAH_psitbar         		 0.538636
EAH_pybar           		 0.971995
EAH_qbar            		 0.979408
EAH_trybar          		 0.0934035
EAH_ybar            		 3.67226
EAH_ynbar           		 0.979082
EAH_ytbar           		 2.69318
EAIEAA_excy         		 0.0213205
EAIEAB_excy         		 0.0213205
EAIEAC_excy         		 0.0213205
EAIEAD_excy         		 0.0213205
EAIEAE_excy         		 0.0213205
EAIEAF_excy         		 0.0213205
EAIEAG_excy         		 0.0213205
EAIEAH_excy         		 0.0213205
EAIEAJ_excy         		 0.0213205
EAIEAK_excy         		 0.0213205
EAIEAL_excy         		 0.0217196
EAIRW_excy          		 0.0164031
EAIUS_excy          		 0.00609685
EAIEAA_exiy         		 0.0102114
EAIEAB_exiy         		 0.0102114
EAIEAC_exiy         		 0.0102114
EAIEAD_exiy         		 0.0102114
EAIEAE_exiy         		 0.0102114
EAIEAF_exiy         		 0.0102114
EAIEAG_exiy         		 0.0102114
EAIEAH_exiy         		 0.0102114
EAIEAJ_exiy         		 0.0102114
EAIEAK_exiy         		 0.0102114
EAIEAL_exiy         		 0.0102503
EAIRW_exiy          		 0.0129191
EAIUS_exiy          		 0.0048406
EAI_fx              		 5.698
EAIEAA_gammaimc     		 0
EAIEAB_gammaimc     		 0
EAIEAC_gammaimc     		 0
EAIEAD_gammaimc     		 0
EAIEAE_gammaimc     		 0
EAIEAF_gammaimc     		 0
EAIEAG_gammaimc     		 0
EAIEAH_gammaimc     		 0
EAIEAJ_gammaimc     		 0
EAIEAK_gammaimc     		 0
EAIEAL_gammaimc     		 0
EAIRW_gammaimc      		 0
EAIUS_gammaimc      		 0
EAIEAA_gammaimcdag  		 1
EAIEAB_gammaimcdag  		 1
EAIEAC_gammaimcdag  		 1
EAIEAD_gammaimcdag  		 1
EAIEAE_gammaimcdag  		 1
EAIEAF_gammaimcdag  		 1
EAIEAG_gammaimcdag  		 1
EAIEAH_gammaimcdag  		 1
EAIEAJ_gammaimcdag  		 1
EAIEAK_gammaimcdag  		 1
EAIEAL_gammaimcdag  		 1
EAIRW_gammaimcdag   		 1
EAIUS_gammaimcdag   		 1
EAIEAA_gammaimi     		 0
EAIEAB_gammaimi     		 0
EAIEAC_gammaimi     		 0
EAIEAD_gammaimi     		 0
EAIEAE_gammaimi     		 0
EAIEAF_gammaimi     		 0
EAIEAG_gammaimi     		 0
EAIEAH_gammaimi     		 0
EAIEAJ_gammaimi     		 0
EAIEAK_gammaimi     		 0
EAIEAL_gammaimi     		 0
EAIRW_gammaimi      		 0
EAIUS_gammaimi      		 0
EAIEAA_gammaimidag  		 1
EAIEAB_gammaimidag  		 1
EAIEAC_gammaimidag  		 1
EAIEAD_gammaimidag  		 1
EAIEAE_gammaimidag  		 1
EAIEAF_gammaimidag  		 1
EAIEAG_gammaimidag  		 1
EAIEAH_gammaimidag  		 1
EAIEAJ_gammaimidag  		 1
EAIEAK_gammaimidag  		 1
EAIEAL_gammaimidag  		 1
EAIRW_gammaimidag   		 1
EAIUS_gammaimidag   		 1
EAIEAA_gammaimcg    		 0
EAIEAB_gammaimcg    		 0
EAIEAC_gammaimcg    		 0
EAIEAD_gammaimcg    		 0
EAIEAE_gammaimcg    		 0
EAIEAF_gammaimcg    		 0
EAIEAG_gammaimcg    		 0
EAIEAH_gammaimcg    		 0
EAIEAJ_gammaimcg    		 0
EAIEAK_gammaimcg    		 0
EAIEAL_gammaimcg    		 0
EAIRW_gammaimcg     		 0
EAIUS_gammaimcg     		 0
EAIEAA_gammaimcgdag 		 1
EAIEAB_gammaimcgdag 		 1
EAIEAC_gammaimcgdag 		 1
EAIEAD_gammaimcgdag 		 1
EAIEAE_gammaimcgdag 		 1
EAIEAF_gammaimcgdag 		 1
EAIEAG_gammaimcgdag 		 1
EAIEAH_gammaimcgdag 		 1
EAIEAJ_gammaimcgdag 		 1
EAIEAK_gammaimcgdag 		 1
EAIEAL_gammaimcgdag 		 1
EAIRW_gammaimcgdag  		 1
EAIUS_gammaimcgdag  		 1
EAIEAA_gammaimig    		 0
EAIEAB_gammaimig    		 0
EAIEAC_gammaimig    		 0
EAIEAD_gammaimig    		 0
EAIEAE_gammaimig    		 0
EAIEAF_gammaimig    		 0
EAIEAG_gammaimig    		 0
EAIEAH_gammaimig    		 0
EAIEAJ_gammaimig    		 0
EAIEAK_gammaimig    		 0
EAIEAL_gammaimig    		 0
EAIRW_gammaimig     		 0
EAIUS_gammaimig     		 0
EAIEAA_gammaimigdag 		 1
EAIEAB_gammaimigdag 		 1
EAIEAC_gammaimigdag 		 1
EAIEAD_gammaimigdag 		 1
EAIEAE_gammaimigdag 		 1
EAIEAF_gammaimigdag 		 1
EAIEAG_gammaimigdag 		 1
EAIEAH_gammaimigdag 		 1
EAIEAJ_gammaimigdag 		 1
EAIEAK_gammaimigdag 		 1
EAIEAL_gammaimigdag 		 1
EAIRW_gammaimigdag  		 1
EAIUS_gammaimigdag  		 1
EAI_gx              		 6.8376
EAIEAA_im           		 0.152317
EAIEAB_im           		 0.152317
EAIEAC_im           		 0.152317
EAIEAD_im           		 0.152317
EAIEAE_im           		 0.152317
EAIEAF_im           		 0.152317
EAIEAG_im           		 0.152317
EAIEAH_im           		 0.152317
EAIEAJ_im           		 0.152317
EAIEAK_im           		 0.152317
EAIEAL_im           		 0.150178
EAIRW_im            		 0.139265
EAIUS_im            		 0.0651711
EAIEAA_imc          		 0.0835131
EAIEAB_imc          		 0.0835131
EAIEAC_imc          		 0.0835131
EAIEAD_imc          		 0.0835131
EAIEAE_imc          		 0.0835131
EAIEAF_imc          		 0.0835131
EAIEAG_imc          		 0.0835131
EAIEAH_imc          		 0.0835131
EAIEAJ_imc          		 0.0835131
EAIEAK_imc          		 0.0835131
EAIEAL_imc          		 0.0823405
EAIRW_imc           		 0.0763573
EAIUS_imc           		 0.0357325
EAIEAG_imcy         		 0.0213205
EAIEAA_imi          		 0.0399985
EAIEAB_imi          		 0.0399985
EAIEAC_imi          		 0.0399985
EAIEAD_imi          		 0.0399985
EAIEAE_imi          		 0.0399985
EAIEAF_imi          		 0.0399985
EAIEAG_imi          		 0.0399985
EAIEAH_imi          		 0.0399985
EAIEAJ_imi          		 0.0399985
EAIEAK_imi          		 0.0399985
EAIEAL_imi          		 0.0394369
EAIRW_imi           		 0.0365712
EAIUS_imi           		 0.017114
EAIEAG_imiy         		 0.0102114
EAIEAA_imcg         		 0.0240041
EAIEAB_imcg         		 0.0240041
EAIEAC_imcg         		 0.0240041
EAIEAD_imcg         		 0.0240041
EAIEAE_imcg         		 0.0240041
EAIEAF_imcg         		 0.0240041
EAIEAG_imcg         		 0.0240041
EAIEAH_imcg         		 0.0240041
EAIEAJ_imcg         		 0.0240041
EAIEAK_imcg         		 0.0240041
EAIEAL_imcg         		 0.023667
EAIRW_imcg          		 0.0219473
EAIUS_imcg          		 0.0102705
EAIEAG_imcgy        		 0.00612812
EAIEAA_imig         		 0.00480081
EAIEAB_imig         		 0.00480081
EAIEAC_imig         		 0.00480081
EAIEAD_imig         		 0.00480081
EAIEAE_imig         		 0.00480081
EAIEAF_imig         		 0.00480081
EAIEAG_imig         		 0.00480081
EAIEAH_imig         		 0.00480081
EAIEAJ_imig         		 0.00480081
EAIEAK_imig         		 0.00480081
EAIEAL_imig         		 0.0047334
EAIRW_imig          		 0.00438945
EAIUS_imig          		 0.00205411
EAIEAG_imigy        		 0.00122562
EAI_piex            		 1.00496
EAI_pextilde        		 0.911256
EAIEAA_rer          		 1
EAIEAB_rer          		 1
EAIEAC_rer          		 1
EAIEAD_rer          		 1
EAIEAE_rer          		 1
EAIEAF_rer          		 1
EAIEAG_rer          		 1
EAIEAH_rer          		 1
EAIEAJ_rer          		 1
EAIEAK_rer          		 1
EAIEAL_rer          		 1.00262
EAIRW_rer           		 0.98014
EAIUS_rer           		 1.30531
EAI_sx              		 1
EAIEAA_tot          		 1
EAIEAB_tot          		 1
EAIEAC_tot          		 1
EAIEAD_tot          		 1
EAIEAE_tot          		 1
EAIEAF_tot          		 1
EAIEAG_tot          		 1
EAIEAH_tot          		 1
EAIEAJ_tot          		 1
EAIEAK_tot          		 1
EAIEAL_tot          		 1.00567
EAIRW_tot           		 1.03648
EAIUS_tot           		 1.40435
EAIEAA_weight       		 0.0790839
EAIEAB_weight       		 0.0790839
EAIEAC_weight       		 0.0790839
EAIEAD_weight       		 0.0790839
EAIEAE_weight       		 0.0790839
EAIEAF_weight       		 0.0790839
EAIEAG_weight       		 0.0790839
EAIEAH_weight       		 0.0790839
EAIEAJ_weight       		 0.0790839
EAIEAK_weight       		 0.0790839
EAIEAL_weight       		 0.0787645
EAIRW_weight        		 0.0777095
EAIUS_weight        		 0.0526868
EAIEAA_weightex     		 0.0784261
EAIEAB_weightex     		 0.0784261
EAIEAC_weightex     		 0.0784261
EAIEAD_weightex     		 0.0784261
EAIEAE_weightex     		 0.0784261
EAIEAF_weightex     		 0.0784261
EAIEAG_weightex     		 0.0784261
EAIEAH_weightex     		 0.0784261
EAIEAJ_weightex     		 0.0784261
EAIEAK_weightex     		 0.0784261
EAIEAL_weightex     		 0.0784597
EAIRW_weightex      		 0.0798398
EAIUS_weightex      		 0.0574393
EAIEAA_weightim     		 0.0797442
EAIEAB_weightim     		 0.0797442
EAIEAC_weightim     		 0.0797442
EAIEAD_weightim     		 0.0797442
EAIEAE_weightim     		 0.0797442
EAIEAF_weightim     		 0.0797442
EAIEAG_weightim     		 0.0797442
EAIEAH_weightim     		 0.0797442
EAIEAJ_weightim     		 0.0797442
EAIEAK_weightim     		 0.0797442
EAIEAL_weightim     		 0.0790704
EAIRW_weightim      		 0.0755712
EAIUS_weightim      		 0.0479164
EAI_b               		 8.56661
EAI_bf              		 -0.412216
EAI_by              		 2.4
EAI_c               		 1.91798
EAI_ci              		 2.17352
EAI_cj              		 1.15136
EAI_cy              		 0.537337
EAI_d               		 0.163569
EAI_dn              		 0.163569
EAI_dt              		 -2.82717e-09
EAI_etot            		 1.02135
EAI_ex              		 1.91731
EAI_fh              		 6.78992
EAI_fi              		 14.2917
EAI_fj              		 0.529324
EAI_fn              		 8.56823
EAI_cg              		 0.740764
EAI_gammab          		 0
EAI_gammai          		 0
EAI_gammaider       		 0
EAI_gammau          		 0
EAI_gammauder       		 0.0324171
EAI_gammav          		 0.000200902
EAI_gammavi         		 0.000104746
EAI_gammavider      		 0.00232797
EAI_gammavj         		 0.000104746
EAI_gammavjder      		 0.00232797
EAI_gh              		 8.1479
EAI_gi              		 5.9105
EAI_gj              		 3.71926
EAI_gn              		 12.8523
EAI_cgy             		 0.2
EAI_ht              		 0.775876
EAI_htc             		 0.271418
EAI_hti             		 0.129995
EAI_htcg            		 0.312053
EAI_htig            		 0.0624106
EAI_i               		 0.804544
EAI_ig              		 0.148153
EAI_ii              		 1.07272
EAI_im              		 1.86475
EAI_imc             		 1.02242
EAI_imi             		 0.489685
EAI_imcg            		 0.293871
EAI_imig            		 0.0587743
EAI_imy             		 0.48763
EAI_internalrer     		 1.2263
EAI_igy             		 0.04
EAI_k               		 32.1817
EAI_kd              		 32.1817
EAI_kdn             		 8.99232
EAI_kdt             		 23.1894
EAI_ki              		 42.909
EAI_lambdai         		 1.29043
EAI_lambdaj         		 2.43606
EAI_lcy             		 0.667922
EAI_m               		 0.835618
EAI_mcn             		 0.75938
EAI_mct             		 0.75938
EAI_mi              		 0.946951
EAI_mj              		 0.501619
EAI_nd              		 1.92742
EAI_ndi             		 0.921516
EAI_ndj             		 1.09346
EAI_ndn             		 0.538566
EAI_ndt             		 1.38886
EAI_ni              		 0.921516
EAI_nj              		 1.09346
EAI_nt              		 0.979082
EAI_ntc             		 0.629047
EAI_nti             		 0.186507
EAI_ntcg            		 0.136273
EAI_ntig            		 0.0272545
EAI_pex             		 0.911256
EAI_pht             		 0.911256
EAI_phttilde        		 0.911256
EAI_pi              		 0.979408
EAI_pcg             		 0.963713
EAI_pig             		 0.963713
EAI_pic             		 1.00496
EAI_pic4            		 1.02
EAI_piex4           		 1.02
EAI_piht            		 1.00496
EAI_piimc           		 1.00496
EAI_piimi           		 1.00496
EAI_piimcg          		 1.00496
EAI_piimig          		 1.00496
EAI_piimc4          		 1.02
EAI_pim             		 0.933402
EAI_pimc            		 0.933402
EAI_pimi            		 0.933402
EAI_pimcg           		 0.933402
EAI_pimig           		 0.933402
EAI_pint            		 1.00496
EAI_piw             		 1.00496
EAI_piw4            		 1.02
EAI_pnt             		 1.13907
EAI_pnttilde        		 1.13907
EAI_pttc            		 0.928865
EAI_ptti            		 0.928865
EAI_pttcg           		 0.922163
EAI_pttig           		 0.922163
EAI_py              		 0.971995
EAI_q               		 0.979408
EAI_qc              		 1.91818
EAI_qi              		 0.804544
EAI_qcg             		 0.740764
EAI_qig             		 0.148153
EAI_r               		 1.01242
EAI_reer            		 1.01277
EAI_rer             		 1.30531
EAI_rerdep          		 1
EAI_rk              		 0.0317495
EAI_rp              		 0
EAI_rr              		 1.00742
EAI_rrstar          		 1.00742
EAI_sh              		 1
EAI_si              		 1
EAI_sj              		 1
EAI_snt             		 1
EAI_t               		 0
EAI_tauc            		 0.183
EAI_taud            		 0
EAI_tauk            		 0
EAI_taun            		 0.122
EAI_tauwf           		 0.219
EAI_tauwh           		 0.118
EAI_tb              		 0.0065994
EAI_tby             		 0.00184887
EAI_ti              		 0
EAI_tj              		 0
EAI_tot             		 1.40435
EAI_tr              		 0.333396
EAI_tri             		 0.222264
EAI_trj             		 0.666793
EAI_try             		 0.0934018
EAI_ttc             		 1.29368
EAI_tti             		 0.619607
EAI_ttcg            		 0.605815
EAI_ttig            		 0.121163
EAI_ty              		 0
EAI_u               		 1
EAI_utili           		 -93.5118
EAI_utilj           		 -203.579
EAI_vj              		 2.29529
EAI_w               		 1.01471
EAI_wcst            		 0
EAI_whty            		 0.574241
EAI_wi              		 1.1259
EAI_witilde         		 1.1259
EAI_wj              		 0.839754
EAI_wjtilde         		 0.839754
EAI_wnty            		 0.490019
EAI_wy              		 0.547927
EAI_y               		 3.67226
EAI_ygap            		 0
EAI_ygrowth         		 1
EAI_ygrowth4        		 1
EAI_yhty            		 0.687556
EAI_ynty            		 0.312444
EAI_yshare          		 0.0665152
EAI_ysn             		 0.979082
EAI_yst             		 2.69318
EAI_zcon            		 1
EAI_zinv            		 1
EAI_zn              		 1
EAI_zt              		 1
EAI_gammav1         		 0.0308642
EAI_gammav2         		 0.150338
EAI_nutc            		 0.2
EAI_nuti            		 0.2
EAI_nutcg           		 0.5
EAI_nutig           		 0.5
EAI_psit            		 0.2
EAIEAA_rerbar       		 1
EAIEAB_rerbar       		 1
EAIEAC_rerbar       		 1
EAIEAD_rerbar       		 1
EAIEAE_rerbar       		 1
EAIEAF_rerbar       		 1
EAIEAG_rerbar       		 1
EAIEAH_rerbar       		 1
EAIEAJ_rerbar       		 1
EAIEAK_rerbar       		 1
EAIEAL_rerbar       		 1.00262
EAIRW_rerbar        		 0.98014
EAIUS_rerbar        		 1.30531
EAI_pibar           		 0.979408
EAI_psinbar         		 0.274143
EAI_psitbar         		 0.538636
EAI_pybar           		 0.971995
EAI_qbar            		 0.979408
EAI_trybar          		 0.0934035
EAI_ybar            		 3.67226
EAI_ynbar           		 0.979082
EAI_ytbar           		 2.69318
EAJEAA_excy         		 0.0213205
EAJEAB_excy         		 0.0213205
EAJEAC_excy         		 0.0213205
EAJEAD_excy         		 0.0213205
EAJEAE_excy         		 0.0213205
EAJEAF_excy         		 0.0213205
EAJEAG_excy         		 0.0213205
EAJEAH_excy         		 0.0213205
EAJEAI_excy         		 0.0213205
EAJEAK_excy         		 0.0213205
EAJEAL_excy         		 0.0217196
EAJRW_excy          		 0.0164031
EAJUS_excy          		 0.00609685
EAJEAA_exiy         		 0.0102114
EAJEAB_exiy         		 0.0102114
EAJEAC_exiy         		 0.0102114
EAJEAD_exiy         		 0.0102114
EAJEAE_exiy         		 0.0102114
EAJEAF_exiy         		 0.0102114
EAJEAG_exiy         		 0.0102114
EAJEAH_exiy         		 0.0102114
EAJEAI_exiy         		 0.0102114
EAJEAK_exiy         		 0.0102114
EAJEAL_exiy         		 0.0102503
EAJRW_exiy          		 0.0129191
EAJUS_exiy          		 0.0048406
EAJ_fx              		 5.698
EAJEAA_gammaimc     		 0
EAJEAB_gammaimc     		 0
EAJEAC_gammaimc     		 0
EAJEAD_gammaimc     		 0
EAJEAE_gammaimc     		 0
EAJEAF_gammaimc     		 0
EAJEAG_gammaimc     		 0
EAJEAH_gammaimc     		 0
EAJEAI_gammaimc     		 0
EAJEAK_gammaimc     		 0
EAJEAL_gammaimc     		 0
EAJRW_gammaimc      		 0
EAJUS_gammaimc      		 0
EAJEAA_gammaimcdag  		 1
EAJEAB_gammaimcdag  		 1
EAJEAC_gammaimcdag  		 1
EAJEAD_gammaimcdag  		 1
EAJEAE_gammaimcdag  		 1
EAJEAF_gammaimcdag  		 1
EAJEAG_gammaimcdag  		 1
EAJEAH_gammaimcdag  		 1
EAJEAI_gammaimcdag  		 1
EAJEAK_gammaimcdag  		 1
EAJEAL_gammaimcdag  		 1
EAJRW_gammaimcdag   		 1
EAJUS_gammaimcdag   		 1
EAJEAA_gammaimi     		 0
EAJEAB_gammaimi     		 0
EAJEAC_gammaimi     		 0
EAJEAD_gammaimi     		 0
EAJEAE_gammaimi     		 0
EAJEAF_gammaimi     		 0
EAJEAG_gammaimi     		 0
EAJEAH_gammaimi     		 0
EAJEAI_gammaimi     		 0
EAJEAK_gammaimi     		 0
EAJEAL_gammaimi     		 0
EAJRW_gammaimi      		 0
EAJUS_gammaimi      		 0
EAJEAA_gammaimidag  		 1
EAJEAB_gammaimidag  		 1
EAJEAC_gammaimidag  		 1
EAJEAD_gammaimidag  		 1
EAJEAE_gammaimidag  		 1
EAJEAF_gammaimidag  		 1
EAJEAG_gammaimidag  		 1
EAJEAH_gammaimidag  		 1
EAJEAI_gammaimidag  		 1
EAJEAK_gammaimidag  		 1
EAJEAL_gammaimidag  		 1
EAJRW_gammaimidag   		 1
EAJUS_gammaimidag   		 1
EAJEAA_gammaimcg    		 0
EAJEAB_gammaimcg    		 0
EAJEAC_gammaimcg    		 0
EAJEAD_gammaimcg    		 0
EAJEAE_gammaimcg    		 0
EAJEAF_gammaimcg    		 0
EAJEAG_gammaimcg    		 0
EAJEAH_gammaimcg    		 0
EAJEAI_gammaimcg    		 0
EAJEAK_gammaimcg    		 0
EAJEAL_gammaimcg    		 0
EAJRW_gammaimcg     		 0
EAJUS_gammaimcg     		 0
EAJEAA_gammaimcgdag 		 1
EAJEAB_gammaimcgdag 		 1
EAJEAC_gammaimcgdag 		 1
EAJEAD_gammaimcgdag 		 1
EAJEAE_gammaimcgdag 		 1
EAJEAF_gammaimcgdag 		 1
EAJEAG_gammaimcgdag 		 1
EAJEAH_gammaimcgdag 		 1
EAJEAI_gammaimcgdag 		 1
EAJEAK_gammaimcgdag 		 1
EAJEAL_gammaimcgdag 		 1
EAJRW_gammaimcgdag  		 1
EAJUS_gammaimcgdag  		 1
EAJEAA_gammaimig    		 0
EAJEAB_gammaimig    		 0
EAJEAC_gammaimig    		 0
EAJEAD_gammaimig    		 0
EAJEAE_gammaimig    		 0
EAJEAF_gammaimig    		 0
EAJEAG_gammaimig    		 0
EAJEAH_gammaimig    		 0
EAJEAI_gammaimig    		 0
EAJEAK_gammaimig    		 0
EAJEAL_gammaimig    		 0
EAJRW_gammaimig     		 0
EAJUS_gammaimig     		 0
EAJEAA_gammaimigdag 		 1
EAJEAB_gammaimigdag 		 1
EAJEAC_gammaimigdag 		 1
EAJEAD_gammaimigdag 		 1
EAJEAE_gammaimigdag 		 1
EAJEAF_gammaimigdag 		 1
EAJEAG_gammaimigdag 		 1
EAJEAH_gammaimigdag 		 1
EAJEAI_gammaimigdag 		 1
EAJEAK_gammaimigdag 		 1
EAJEAL_gammaimigdag 		 1
EAJRW_gammaimigdag  		 1
EAJUS_gammaimigdag  		 1
EAJ_gx              		 6.8376
EAJEAA_im           		 0.152317
EAJEAB_im           		 0.152317
EAJEAC_im           		 0.152317
EAJEAD_im           		 0.152317
EAJEAE_im           		 0.152317
EAJEAF_im           		 0.152317
EAJEAG_im           		 0.152317
EAJEAH_im           		 0.152317
EAJEAI_im           		 0.152317
EAJEAK_im           		 0.152317
EAJEAL_im           		 0.150178
EAJRW_im            		 0.139265
EAJUS_im            		 0.0651711
EAJEAA_imc          		 0.0835131
EAJEAB_imc          		 0.0835131
EAJEAC_imc          		 0.0835131
EAJEAD_imc          		 0.0835131
EAJEAE_imc          		 0.0835131
EAJEAF_imc          		 0.0835131
EAJEAG_imc          		 0.0835131
EAJEAH_imc          		 0.0835131
EAJEAI_imc          		 0.0835131
EAJEAK_imc          		 0.0835131
EAJEAL_imc          		 0.0823405
EAJRW_imc           		 0.0763573
EAJUS_imc           		 0.0357325
EAJEAH_imcy         		 0.0213205
EAJEAA_imi          		 0.0399985
EAJEAB_imi          		 0.0399985
EAJEAC_imi          		 0.0399985
EAJEAD_imi          		 0.0399985
EAJEAE_imi          		 0.0399985
EAJEAF_imi          		 0.0399985
EAJEAG_imi          		 0.0399985
EAJEAH_imi          		 0.0399985
EAJEAI_imi          		 0.0399985
EAJEAK_imi          		 0.0399985
EAJEAL_imi          		 0.0394369
EAJRW_imi           		 0.0365712
EAJUS_imi           		 0.017114
EAJEAH_imiy         		 0.0102114
EAJEAA_imcg         		 0.0240041
EAJEAB_imcg         		 0.0240041
EAJEAC_imcg         		 0.0240041
EAJEAD_imcg         		 0.0240041
EAJEAE_imcg         		 0.0240041
EAJEAF_imcg         		 0.0240041
EAJEAG_imcg         		 0.0240041
EAJEAH_imcg         		 0.0240041
EAJEAI_imcg         		 0.0240041
EAJEAK_imcg         		 0.0240041
EAJEAL_imcg         		 0.023667
EAJRW_imcg          		 0.0219473
EAJUS_imcg          		 0.0102705
EAJEAH_imcgy        		 0.00612812
EAJEAA_imig         		 0.00480081
EAJEAB_imig         		 0.00480081
EAJEAC_imig         		 0.00480081
EAJEAD_imig         		 0.00480081
EAJEAE_imig         		 0.00480081
EAJEAF_imig         		 0.00480081
EAJEAG_imig         		 0.00480081
EAJEAH_imig         		 0.00480081
EAJEAI_imig         		 0.00480081
EAJEAK_imig         		 0.00480081
EAJEAL_imig         		 0.0047334
EAJRW_imig          		 0.00438945
EAJUS_imig          		 0.00205411
EAJEAH_imigy        		 0.00122562
EAJ_piex            		 1.00496
EAJ_pextilde        		 0.911256
EAJEAA_rer          		 1
EAJEAB_rer          		 1
EAJEAC_rer          		 1
EAJEAD_rer          		 1
EAJEAE_rer          		 1
EAJEAF_rer          		 1
EAJEAG_rer          		 1
EAJEAH_rer          		 1
EAJEAI_rer          		 1
EAJEAK_rer          		 1
EAJEAL_rer          		 1.00262
EAJRW_rer           		 0.98014
EAJUS_rer           		 1.30531
EAJ_sx              		 1
EAJEAA_tot          		 1
EAJEAB_tot          		 1
EAJEAC_tot          		 1
EAJEAD_tot          		 1
EAJEAE_tot          		 1
EAJEAF_tot          		 1
EAJEAG_tot          		 1
EAJEAH_tot          		 1
EAJEAI_tot          		 1
EAJEAK_tot          		 1
EAJEAL_tot          		 1.00567
EAJRW_tot           		 1.03648
EAJUS_tot           		 1.40435
EAJEAA_weight       		 0.0790839
EAJEAB_weight       		 0.0790839
EAJEAC_weight       		 0.0790839
EAJEAD_weight       		 0.0790839
EAJEAE_weight       		 0.0790839
EAJEAF_weight       		 0.0790839
EAJEAG_weight       		 0.0790839
EAJEAH_weight       		 0.0790839
EAJEAI_weight       		 0.0790839
EAJEAK_weight       		 0.0790839
EAJEAL_weight       		 0.0787645
EAJRW_weight        		 0.0777095
EAJUS_weight        		 0.0526868
EAJEAA_weightex     		 0.0784261
EAJEAB_weightex     		 0.0784261
EAJEAC_weightex     		 0.0784261
EAJEAD_weightex     		 0.0784261
EAJEAE_weightex     		 0.0784261
EAJEAF_weightex     		 0.0784261
EAJEAG_weightex     		 0.0784261
EAJEAH_weightex     		 0.0784261
EAJEAI_weightex     		 0.0784261
EAJEAK_weightex     		 0.0784261
EAJEAL_weightex     		 0.0784597
EAJRW_weightex      		 0.0798398
EAJUS_weightex      		 0.0574393
EAJEAA_weightim     		 0.0797442
EAJEAB_weightim     		 0.0797442
EAJEAC_weightim     		 0.0797442
EAJEAD_weightim     		 0.0797442
EAJEAE_weightim     		 0.0797442
EAJEAF_weightim     		 0.0797442
EAJEAG_weightim     		 0.0797442
EAJEAH_weightim     		 0.0797442
EAJEAI_weightim     		 0.0797442
EAJEAK_weightim     		 0.0797442
EAJEAL_weightim     		 0.0790704
EAJRW_weightim      		 0.0755712
EAJUS_weightim      		 0.0479164
EAJ_b               		 8.56661
EAJ_bf              		 -0.412216
EAJ_by              		 2.4
EAJ_c               		 1.91798
EAJ_ci              		 2.17352
EAJ_cj              		 1.15136
EAJ_cy              		 0.537337
EAJ_d               		 0.163569
EAJ_dn              		 0.163569
EAJ_dt              		 -2.82712e-09
EAJ_etot            		 1.02135
EAJ_ex              		 1.91731
EAJ_fh              		 6.78992
EAJ_fi              		 14.2917
EAJ_fj              		 0.529324
EAJ_fn              		 8.56823
EAJ_cg              		 0.740764
EAJ_gammab          		 0
EAJ_gammai          		 0
EAJ_gammaider       		 0
EAJ_gammau          		 0
EAJ_gammauder       		 0.0324171
EAJ_gammav          		 0.000200902
EAJ_gammavi         		 0.000104746
EAJ_gammavider      		 0.00232797
EAJ_gammavj         		 0.000104746
EAJ_gammavjder      		 0.00232797
EAJ_gh              		 8.1479
EAJ_gi              		 5.9105
EAJ_gj              		 3.71926
EAJ_gn              		 12.8523
EAJ_cgy             		 0.2
EAJ_ht              		 0.775876
EAJ_htc             		 0.271418
EAJ_hti             		 0.129995
EAJ_htcg            		 0.312053
EAJ_htig            		 0.0624106
EAJ_i               		 0.804544
EAJ_ig              		 0.148153
EAJ_ii              		 1.07272
EAJ_im              		 1.86475
EAJ_imc             		 1.02242
EAJ_imi             		 0.489685
EAJ_imcg            		 0.293871
EAJ_imig            		 0.0587743
EAJ_imy             		 0.48763
EAJ_internalrer     		 1.2263
EAJ_igy             		 0.04
EAJ_k               		 32.1817
EAJ_kd              		 32.1817
EAJ_kdn             		 8.99232
EAJ_kdt             		 23.1894
EAJ_ki              		 42.909
EAJ_lambdai         		 1.29043
EAJ_lambdaj         		 2.43606
EAJ_lcy             		 0.667922
EAJ_m               		 0.835618
EAJ_mcn             		 0.75938
EAJ_mct             		 0.75938
EAJ_mi              		 0.946951
EAJ_mj              		 0.501619
EAJ_nd              		 1.92742
EAJ_ndi             		 0.921516
EAJ_ndj             		 1.09346
EAJ_ndn             		 0.538566
EAJ_ndt             		 1.38886
EAJ_ni              		 0.921516
EAJ_nj              		 1.09346
EAJ_nt              		 0.979082
EAJ_ntc             		 0.629047
EAJ_nti             		 0.186507
EAJ_ntcg            		 0.136273
EAJ_ntig            		 0.0272545
EAJ_pex             		 0.911256
EAJ_pht             		 0.911256
EAJ_phttilde        		 0.911256
EAJ_pi              		 0.979408
EAJ_pcg             		 0.963713
EAJ_pig             		 0.963713
EAJ_pic             		 1.00496
EAJ_pic4            		 1.02
EAJ_piex4           		 1.02
EAJ_piht            		 1.00496
EAJ_piimc           		 1.00496
EAJ_piimi           		 1.00496
EAJ_piimcg          		 1.00496
EAJ_piimig          		 1.00496
EAJ_piimc4          		 1.02
EAJ_pim             		 0.933402
EAJ_pimc            		 0.933402
EAJ_pimi            		 0.933402
EAJ_pimcg           		 0.933402
EAJ_pimig           		 0.933402
EAJ_pint            		 1.00496
EAJ_piw             		 1.00496
EAJ_piw4            		 1.02
EAJ_pnt             		 1.13907
EAJ_pnttilde        		 1.13907
EAJ_pttc            		 0.928865
EAJ_ptti            		 0.928865
EAJ_pttcg           		 0.922163
EAJ_pttig           		 0.922163
EAJ_py              		 0.971995
EAJ_q               		 0.979408
EAJ_qc              		 1.91818
EAJ_qi              		 0.804544
EAJ_qcg             		 0.740764
EAJ_qig             		 0.148153
EAJ_r               		 1.01242
EAJ_reer            		 1.01277
EAJ_rer             		 1.30531
EAJ_rerdep          		 1
EAJ_rk              		 0.0317495
EAJ_rp              		 0
EAJ_rr              		 1.00742
EAJ_rrstar          		 1.00742
EAJ_sh              		 1
EAJ_si              		 1
EAJ_sj              		 1
EAJ_snt             		 1
EAJ_t               		 0
EAJ_tauc            		 0.183
EAJ_taud            		 0
EAJ_tauk            		 0
EAJ_taun            		 0.122
EAJ_tauwf           		 0.219
EAJ_tauwh           		 0.118
EAJ_tb              		 0.0065994
EAJ_tby             		 0.00184887
EAJ_ti              		 0
EAJ_tj              		 0
EAJ_tot             		 1.40435
EAJ_tr              		 0.333396
EAJ_tri             		 0.222264
EAJ_trj             		 0.666793
EAJ_try             		 0.0934018
EAJ_ttc             		 1.29368
EAJ_tti             		 0.619607
EAJ_ttcg            		 0.605815
EAJ_ttig            		 0.121163
EAJ_ty              		 0
EAJ_u               		 1
EAJ_utili           		 -93.5118
EAJ_utilj           		 -203.579
EAJ_vj              		 2.29529
EAJ_w               		 1.01471
EAJ_wcst            		 0
EAJ_whty            		 0.574241
EAJ_wi              		 1.1259
EAJ_witilde         		 1.1259
EAJ_wj              		 0.839754
EAJ_wjtilde         		 0.839754
EAJ_wnty            		 0.490019
EAJ_wy              		 0.547927
EAJ_y               		 3.67226
EAJ_ygap            		 0
EAJ_ygrowth         		 1
EAJ_ygrowth4        		 1
EAJ_yhty            		 0.687556
EAJ_ynty            		 0.312444
EAJ_yshare          		 0.0665152
EAJ_ysn             		 0.979082
EAJ_yst             		 2.69318
EAJ_zcon            		 1
EAJ_zinv            		 1
EAJ_zn              		 1
EAJ_zt              		 1
EAJ_gammav1         		 0.0308642
EAJ_gammav2         		 0.150338
EAJ_nutc            		 0.2
EAJ_nuti            		 0.2
EAJ_nutcg           		 0.5
EAJ_nutig           		 0.5
EAJ_psit            		 0.2
EAJEAA_rerbar       		 1
EAJEAB_rerbar       		 1
EAJEAC_rerbar       		 1
EAJEAD_rerbar       		 1
EAJEAE_rerbar       		 1
EAJEAF_rerbar       		 1
EAJEAG_rerbar       		 1
EAJEAH_rerbar       		 1
EAJEAI_rerbar       		 1
EAJEAK_rerbar       		 1
EAJEAL_rerbar       		 1.00262
EAJRW_rerbar        		 0.98014
EAJUS_rerbar        		 1.30531
EAJ_pibar           		 0.979408
EAJ_psinbar         		 0.274143
EAJ_psitbar         		 0.538636
EAJ_pybar           		 0.971995
EAJ_qbar            		 0.979408
EAJ_trybar          		 0.0934035
EAJ_ybar            		 3.67226
EAJ_ynbar           		 0.979082
EAJ_ytbar           		 2.69318
EAKEAA_excy         		 0.0213205
EAKEAB_excy         		 0.0213205
EAKEAC_excy         		 0.0213205
EAKEAD_excy         		 0.0213205
EAKEAE_excy         		 0.0213205
EAKEAF_excy         		 0.0213205
EAKEAG_excy         		 0.0213205
EAKEAH_excy         		 0.0213205
EAKEAI_excy         		 0.0213205
EAKEAJ_excy         		 0.0213205
EAKEAL_excy         		 0.0217196
EAKRW_excy          		 0.0164031
EAKUS_excy          		 0.00609685
EAKEAA_exiy         		 0.0102114
EAKEAB_exiy         		 0.0102114
EAKEAC_exiy         		 0.0102114
EAKEAD_exiy         		 0.0102114
EAKEAE_exiy         		 0.0102114
EAKEAF_exiy         		 0.0102114
EAKEAG_exiy         		 0.0102114
EAKEAH_exiy         		 0.0102114
EAKEAI_exiy         		 0.0102114
EAKEAJ_exiy         		 0.0102114
EAKEAL_exiy         		 0.0102503
EAKRW_exiy          		 0.0129191
EAKUS_exiy          		 0.0048406
EAK_fx              		 5.698
EAKEAA_gammaimc     		 0
EAKEAB_gammaimc     		 0
EAKEAC_gammaimc     		 0
EAKEAD_gammaimc     		 0
EAKEAE_gammaimc     		 0
EAKEAF_gammaimc     		 0
EAKEAG_gammaimc     		 0
EAKEAH_gammaimc     		 0
EAKEAI_gammaimc     		 0
EAKEAJ_gammaimc     		 0
EAKEAL_gammaimc     		 0
EAKRW_gammaimc      		 0
EAKUS_gammaimc      		 0
EAKEAA_gammaimcdag  		 1
EAKEAB_gammaimcdag  		 1
EAKEAC_gammaimcdag  		 1
EAKEAD_gammaimcdag  		 1
EAKEAE_gammaimcdag  		 1
EAKEAF_gammaimcdag  		 1
EAKEAG_gammaimcdag  		 1
EAKEAH_gammaimcdag  		 1
EAKEAI_gammaimcdag  		 1
EAKEAJ_gammaimcdag  		 1
EAKEAL_gammaimcdag  		 1
EAKRW_gammaimcdag   		 1
EAKUS_gammaimcdag   		 1
EAKEAA_gammaimi     		 0
EAKEAB_gammaimi     		 0
EAKEAC_gammaimi     		 0
EAKEAD_gammaimi     		 0
EAKEAE_gammaimi     		 0
EAKEAF_gammaimi     		 0
EAKEAG_gammaimi     		 0
EAKEAH_gammaimi     		 0
EAKEAI_gammaimi     		 0
EAKEAJ_gammaimi     		 0
EAKEAL_gammaimi     		 0
EAKRW_gammaimi      		 0
EAKUS_gammaimi      		 0
EAKEAA_gammaimidag  		 1
EAKEAB_gammaimidag  		 1
EAKEAC_gammaimidag  		 1
EAKEAD_gammaimidag  		 1
EAKEAE_gammaimidag  		 1
EAKEAF_gammaimidag  		 1
EAKEAG_gammaimidag  		 1
EAKEAH_gammaimidag  		 1
EAKEAI_gammaimidag  		 1
EAKEAJ_gammaimidag  		 1
EAKEAL_gammaimidag  		 1
EAKRW_gammaimidag   		 1
EAKUS_gammaimidag   		 1
EAKEAA_gammaimcg    		 0
EAKEAB_gammaimcg    		 0
EAKEAC_gammaimcg    		 0
EAKEAD_gammaimcg    		 0
EAKEAE_gammaimcg    		 0
EAKEAF_gammaimcg    		 0
EAKEAG_gammaimcg    		 0
EAKEAH_gammaimcg    		 0
EAKEAI_gammaimcg    		 0
EAKEAJ_gammaimcg    		 0
EAKEAL_gammaimcg    		 0
EAKRW_gammaimcg     		 0
EAKUS_gammaimcg     		 0
EAKEAA_gammaimcgdag 		 1
EAKEAB_gammaimcgdag 		 1
EAKEAC_gammaimcgdag 		 1
EAKEAD_gammaimcgdag 		 1
EAKEAE_gammaimcgdag 		 1
EAKEAF_gammaimcgdag 		 1
EAKEAG_gammaimcgdag 		 1
EAKEAH_gammaimcgdag 		 1
EAKEAI_gammaimcgdag 		 1
EAKEAJ_gammaimcgdag 		 1
EAKEAL_gammaimcgdag 		 1
EAKRW_gammaimcgdag  		 1
EAKUS_gammaimcgdag  		 1
EAKEAA_gammaimig    		 0
EAKEAB_gammaimig    		 0
EAKEAC_gammaimig    		 0
EAKEAD_gammaimig    		 0
EAKEAE_gammaimig    		 0
EAKEAF_gammaimig    		 0
EAKEAG_gammaimig    		 0
EAKEAH_gammaimig    		 0
EAKEAI_gammaimig    		 0
EAKEAJ_gammaimig    		 0
EAKEAL_gammaimig    		 0
EAKRW_gammaimig     		 0
EAKUS_gammaimig     		 0
EAKEAA_gammaimigdag 		 1
EAKEAB_gammaimigdag 		 1
EAKEAC_gammaimigdag 		 1
EAKEAD_gammaimigdag 		 1
EAKEAE_gammaimigdag 		 1
EAKEAF_gammaimigdag 		 1
EAKEAG_gammaimigdag 		 1
EAKEAH_gammaimigdag 		 1
EAKEAI_gammaimigdag 		 1
EAKEAJ_gammaimigdag 		 1
EAKEAL_gammaimigdag 		 1
EAKRW_gammaimigdag  		 1
EAKUS_gammaimigdag  		 1
EAK_gx              		 6.8376
EAKEAA_im           		 0.152317
EAKEAB_im           		 0.152317
EAKEAC_im           		 0.152317
EAKEAD_im           		 0.152317
EAKEAE_im           		 0.152317
EAKEAF_im           		 0.152317
EAKEAG_im           		 0.152317
EAKEAH_im           		 0.152317
EAKEAI_im           		 0.152317
EAKEAJ_im           		 0.152317
EAKEAL_im           		 0.150178
EAKRW_im            		 0.139265
EAKUS_im            		 0.0651711
EAKEAA_imc          		 0.0835131
EAKEAB_imc          		 0.0835131
EAKEAC_imc          		 0.0835131
EAKEAD_imc          		 0.0835131
EAKEAE_imc          		 0.0835131
EAKEAF_imc          		 0.0835131
EAKEAG_imc          		 0.0835131
EAKEAH_imc          		 0.0835131
EAKEAI_imc          		 0.0835131
EAKEAJ_imc          		 0.0835131
EAKEAL_imc          		 0.0823405
EAKRW_imc           		 0.0763573
EAKUS_imc           		 0.0357325
EAKEAI_imcy         		 0.0213205
EAKEAA_imi          		 0.0399985
EAKEAB_imi          		 0.0399985
EAKEAC_imi          		 0.0399985
EAKEAD_imi          		 0.0399985
EAKEAE_imi          		 0.0399985
EAKEAF_imi          		 0.0399985
EAKEAG_imi          		 0.0399985
EAKEAH_imi          		 0.0399985
EAKEAI_imi          		 0.0399985
EAKEAJ_imi          		 0.0399985
EAKEAL_imi          		 0.0394369
EAKRW_imi           		 0.0365712
EAKUS_imi           		 0.017114
EAKEAI_imiy         		 0.0102114
EAKEAA_imcg         		 0.0240041
EAKEAB_imcg         		 0.0240041
EAKEAC_imcg         		 0.0240041
EAKEAD_imcg         		 0.0240041
EAKEAE_imcg         		 0.0240041
EAKEAF_imcg         		 0.0240041
EAKEAG_imcg         		 0.0240041
EAKEAH_imcg         		 0.0240041
EAKEAI_imcg         		 0.0240041
EAKEAJ_imcg         		 0.0240041
EAKEAL_imcg         		 0.023667
EAKRW_imcg          		 0.0219473
EAKUS_imcg          		 0.0102705
EAKEAI_imcgy        		 0.00612812
EAKEAA_imig         		 0.00480081
EAKEAB_imig         		 0.00480081
EAKEAC_imig         		 0.00480081
EAKEAD_imig         		 0.00480081
EAKEAE_imig         		 0.00480081
EAKEAF_imig         		 0.00480081
EAKEAG_imig         		 0.00480081
EAKEAH_imig         		 0.00480081
EAKEAI_imig         		 0.00480081
EAKEAJ_imig         		 0.00480081
EAKEAL_imig         		 0.0047334
EAKRW_imig          		 0.00438945
EAKUS_imig          		 0.00205411
EAKEAI_imigy        		 0.00122562
EAK_piex            		 1.00496
EAK_pextilde        		 0.911256
EAKEAA_rer          		 1
EAKEAB_rer          		 1
EAKEAC_rer          		 1
EAKEAD_rer          		 1
EAKEAE_rer          		 1
EAKEAF_rer          		 1
EAKEAG_rer          		 1
EAKEAH_rer          		 1
EAKEAI_rer          		 1
EAKEAJ_rer          		 1
EAKEAL_rer          		 1.00262
EAKRW_rer           		 0.98014
EAKUS_rer           		 1.30531
EAK_sx              		 1
EAKEAA_tot          		 1
EAKEAB_tot          		 1
EAKEAC_tot          		 1
EAKEAD_tot          		 1
EAKEAE_tot          		 1
EAKEAF_tot          		 1
EAKEAG_tot          		 1
EAKEAH_tot          		 1
EAKEAI_tot          		 1
EAKEAJ_tot          		 1
EAKEAL_tot          		 1.00567
EAKRW_tot           		 1.03648
EAKUS_tot           		 1.40435
EAKEAA_weight       		 0.0790839
EAKEAB_weight       		 0.0790839
EAKEAC_weight       		 0.0790839
EAKEAD_weight       		 0.0790839
EAKEAE_weight       		 0.0790839
EAKEAF_weight       		 0.0790839
EAKEAG_weight       		 0.0790839
EAKEAH_weight       		 0.0790839
EAKEAI_weight       		 0.0790839
EAKEAJ_weight       		 0.0790839
EAKEAL_weight       		 0.0787645
EAKRW_weight        		 0.0777095
EAKUS_weight        		 0.0526868
EAKEAA_weightex     		 0.0784261
EAKEAB_weightex     		 0.0784261
EAKEAC_weightex     		 0.0784261
EAKEAD_weightex     		 0.0784261
EAKEAE_weightex     		 0.0784261
EAKEAF_weightex     		 0.0784261
EAKEAG_weightex     		 0.0784261
EAKEAH_weightex     		 0.0784261
EAKEAI_weightex     		 0.0784261
EAKEAJ_weightex     		 0.0784261
EAKEAL_weightex     		 0.0784597
EAKRW_weightex      		 0.0798398
EAKUS_weightex      		 0.0574393
EAKEAA_weightim     		 0.0797442
EAKEAB_weightim     		 0.0797442
EAKEAC_weightim     		 0.0797442
EAKEAD_weightim     		 0.0797442
EAKEAE_weightim     		 0.0797442
EAKEAF_weightim     		 0.0797442
EAKEAG_weightim     		 0.0797442
EAKEAH_weightim     		 0.0797442
EAKEAI_weightim     		 0.0797442
EAKEAJ_weightim     		 0.0797442
EAKEAL_weightim     		 0.0790704
EAKRW_weightim      		 0.0755712
EAKUS_weightim      		 0.0479164
EAK_b               		 8.56661
EAK_bf              		 -0.412216
EAK_by              		 2.4
EAK_c               		 1.91798
EAK_ci              		 2.17352
EAK_cj              		 1.15136
EAK_cy              		 0.537337
EAK_d               		 0.163569
EAK_dn              		 0.163569
EAK_dt              		 -2.82707e-09
EAK_etot            		 1.02135
EAK_ex              		 1.91731
EAK_fh              		 6.78992
EAK_fi              		 14.2917
EAK_fj              		 0.529324
EAK_fn              		 8.56823
EAK_cg              		 0.740764
EAK_gammab          		 0
EAK_gammai          		 0
EAK_gammaider       		 0
EAK_gammau          		 0
EAK_gammauder       		 0.0324171
EAK_gammav          		 0.000200902
EAK_gammavi         		 0.000104746
EAK_gammavider      		 0.00232797
EAK_gammavj         		 0.000104746
EAK_gammavjder      		 0.00232797
EAK_gh              		 8.1479
EAK_gi              		 5.9105
EAK_gj              		 3.71926
EAK_gn              		 12.8523
EAK_cgy             		 0.2
EAK_ht              		 0.775876
EAK_htc             		 0.271418
EAK_hti             		 0.129995
EAK_htcg            		 0.312053
EAK_htig            		 0.0624106
EAK_i               		 0.804544
EAK_ig              		 0.148153
EAK_ii              		 1.07272
EAK_im              		 1.86475
EAK_imc             		 1.02242
EAK_imi             		 0.489685
EAK_imcg            		 0.293871
EAK_imig            		 0.0587743
EAK_imy             		 0.48763
EAK_internalrer     		 1.2263
EAK_igy             		 0.04
EAK_k               		 32.1817
EAK_kd              		 32.1817
EAK_kdn             		 8.99232
EAK_kdt             		 23.1894
EAK_ki              		 42.909
EAK_lambdai         		 1.29043
EAK_lambdaj         		 2.43606
EAK_lcy             		 0.667922
EAK_m               		 0.835618
EAK_mcn             		 0.75938
EAK_mct             		 0.75938
EAK_mi              		 0.946951
EAK_mj              		 0.501619
EAK_nd              		 1.92742
EAK_ndi             		 0.921516
EAK_ndj             		 1.09346
EAK_ndn             		 0.538566
EAK_ndt             		 1.38886
EAK_ni              		 0.921516
EAK_nj              		 1.09346
EAK_nt              		 0.979082
EAK_ntc             		 0.629047
EAK_nti             		 0.186507
EAK_ntcg            		 0.136273
EAK_ntig            		 0.0272545
EAK_pex             		 0.911256
EAK_pht             		 0.911256
EAK_phttilde        		 0.911256
EAK_pi              		 0.979408
EAK_pcg             		 0.963713
EAK_pig             		 0.963713
EAK_pic             		 1.00496
EAK_pic4            		 1.02
EAK_piex4           		 1.02
EAK_piht            		 1.00496
EAK_piimc           		 1.00496
EAK_piimi           		 1.00496
EAK_piimcg          		 1.00496
EAK_piimig          		 1.00496
EAK_piimc4          		 1.02
EAK_pim             		 0.933402
EAK_pimc            		 0.933402
EAK_pimi            		 0.933402
EAK_pimcg           		 0.933402
EAK_pimig           		 0.933402
EAK_pint            		 1.00496
EAK_piw             		 1.00496
EAK_piw4            		 1.02
EAK_pnt             		 1.13907
EAK_pnttilde        		 1.13907
EAK_pttc            		 0.928865
EAK_ptti            		 0.928865
EAK_pttcg           		 0.922163
EAK_pttig           		 0.922163
EAK_py              		 0.971995
EAK_q               		 0.979408
EAK_qc              		 1.91818
EAK_qi              		 0.804544
EAK_qcg             		 0.740764
EAK_qig             		 0.148153
EAK_r               		 1.01242
EAK_reer            		 1.01277
EAK_rer             		 1.30531
EAK_rerdep          		 1
EAK_rk              		 0.0317495
EAK_rp              		 0
EAK_rr              		 1.00742
EAK_rrstar          		 1.00742
EAK_sh              		 1
EAK_si              		 1
EAK_sj              		 1
EAK_snt             		 1
EAK_t               		 0
EAK_tauc            		 0.183
EAK_taud            		 0
EAK_tauk            		 0
EAK_taun            		 0.122
EAK_tauwf           		 0.219
EAK_tauwh           		 0.118
EAK_tb              		 0.0065994
EAK_tby             		 0.00184887
EAK_ti              		 0
EAK_tj              		 0
EAK_tot             		 1.40435
EAK_tr              		 0.333396
EAK_tri             		 0.222264
EAK_trj             		 0.666793
EAK_try             		 0.0934018
EAK_ttc             		 1.29368
EAK_tti             		 0.619607
EAK_ttcg            		 0.605815
EAK_ttig            		 0.121163
EAK_ty              		 0
EAK_u               		 1
EAK_utili           		 -93.5118
EAK_utilj           		 -203.579
EAK_vj              		 2.29529
EAK_w               		 1.01471
EAK_wcst            		 0
EAK_whty            		 0.574241
EAK_wi              		 1.1259
EAK_witilde         		 1.1259
EAK_wj              		 0.839754
EAK_wjtilde         		 0.839754
EAK_wnty            		 0.490019
EAK_wy              		 0.547927
EAK_y               		 3.67226
EAK_ygap            		 0
EAK_ygrowth         		 1
EAK_ygrowth4        		 1
EAK_yhty            		 0.687556
EAK_ynty            		 0.312444
EAK_yshare          		 0.0665152
EAK_ysn             		 0.979082
EAK_yst             		 2.69318
EAK_zcon            		 1
EAK_zinv            		 1
EAK_zn              		 1
EAK_zt              		 1
EAK_gammav1         		 0.0308642
EAK_gammav2         		 0.150338
EAK_nutc            		 0.2
EAK_nuti            		 0.2
EAK_nutcg           		 0.5
EAK_nutig           		 0.5
EAK_psit            		 0.2
EAKEAA_rerbar       		 1
EAKEAB_rerbar       		 1
EAKEAC_rerbar       		 1
EAKEAD_rerbar       		 1
EAKEAE_rerbar       		 1
EAKEAF_rerbar       		 1
EAKEAG_rerbar       		 1
EAKEAH_rerbar       		 1
EAKEAI_rerbar       		 1
EAKEAJ_rerbar       		 1
EAKEAL_rerbar       		 1.00262
EAKRW_rerbar        		 0.98014
EAKUS_rerbar        		 1.30531
EAK_pibar           		 0.979408
EAK_psinbar         		 0.274143
EAK_psitbar         		 0.538636
EAK_pybar           		 0.971995
EAK_qbar            		 0.979408
EAK_trybar          		 0.0934035
EAK_ybar            		 3.67226
EAK_ynbar           		 0.979082
EAK_ytbar           		 2.69318
EALEAA_excy         		 0.0210348
EALEAB_excy         		 0.0210348
EALEAC_excy         		 0.0210348
EALEAD_excy         		 0.0210348
EALEAE_excy         		 0.0210348
EALEAF_excy         		 0.0210348
EALEAG_excy         		 0.0210348
EALEAH_excy         		 0.0210348
EALEAI_excy         		 0.0210348
EALEAJ_excy         		 0.0210348
EALEAK_excy         		 0.0210348
EALRW_excy          		 0.0161833
EALUS_excy          		 0.00601516
EALEAA_exiy         		 0.0100746
EALEAB_exiy         		 0.0100746
EALEAC_exiy         		 0.0100746
EALEAD_exiy         		 0.0100746
EALEAE_exiy         		 0.0100746
EALEAF_exiy         		 0.0100746
EALEAG_exiy         		 0.0100746
EALEAH_exiy         		 0.0100746
EALEAI_exiy         		 0.0100746
EALEAJ_exiy         		 0.0100746
EALEAK_exiy         		 0.0100746
EALRW_exiy          		 0.012746
EALUS_exiy          		 0.00477575
EAL_fx              		 5.6331
EALEAA_gammaimc     		 0
EALEAB_gammaimc     		 0
EALEAC_gammaimc     		 0
EALEAD_gammaimc     		 0
EALEAE_gammaimc     		 0
EALEAF_gammaimc     		 0
EALEAG_gammaimc     		 0
EALEAH_gammaimc     		 0
EALEAI_gammaimc     		 0
EALEAJ_gammaimc     		 0
EALEAK_gammaimc     		 0
EALRW_gammaimc      		 0
EALUS_gammaimc      		 0
EALEAA_gammaimcdag  		 1
EALEAB_gammaimcdag  		 1
EALEAC_gammaimcdag  		 1
EALEAD_gammaimcdag  		 1
EALEAE_gammaimcdag  		 1
EALEAF_gammaimcdag  		 1
EALEAG_gammaimcdag  		 1
EALEAH_gammaimcdag  		 1
EALEAI_gammaimcdag  		 1
EALEAJ_gammaimcdag  		 1
EALEAK_gammaimcdag  		 1
EALRW_gammaimcdag   		 1
EALUS_gammaimcdag   		 1
EALEAA_gammaimi     		 0
EALEAB_gammaimi     		 0
EALEAC_gammaimi     		 0
EALEAD_gammaimi     		 0
EALEAE_gammaimi     		 0
EALEAF_gammaimi     		 0
EALEAG_gammaimi     		 0
EALEAH_gammaimi     		 0
EALEAI_gammaimi     		 0
EALEAJ_gammaimi     		 0
EALEAK_gammaimi     		 0
EALRW_gammaimi      		 0
EALUS_gammaimi      		 0
EALEAA_gammaimidag  		 1
EALEAB_gammaimidag  		 1
EALEAC_gammaimidag  		 1
EALEAD_gammaimidag  		 1
EALEAE_gammaimidag  		 1
EALEAF_gammaimidag  		 1
EALEAG_gammaimidag  		 1
EALEAH_gammaimidag  		 1
EALEAI_gammaimidag  		 1
EALEAJ_gammaimidag  		 1
EALEAK_gammaimidag  		 1
EALRW_gammaimidag   		 1
EALUS_gammaimidag   		 1
EALEAA_gammaimcg    		 0
EALEAB_gammaimcg    		 0
EALEAC_gammaimcg    		 0
EALEAD_gammaimcg    		 0
EALEAE_gammaimcg    		 0
EALEAF_gammaimcg    		 0
EALEAG_gammaimcg    		 0
EALEAH_gammaimcg    		 0
EALEAI_gammaimcg    		 0
EALEAJ_gammaimcg    		 0
EALEAK_gammaimcg    		 0
EALRW_gammaimcg     		 0
EALUS_gammaimcg     		 0
EALEAA_gammaimcgdag 		 1
EALEAB_gammaimcgdag 		 1
EALEAC_gammaimcgdag 		 1
EALEAD_gammaimcgdag 		 1
EALEAE_gammaimcgdag 		 1
EALEAF_gammaimcgdag 		 1
EALEAG_gammaimcgdag 		 1
EALEAH_gammaimcgdag 		 1
EALEAI_gammaimcgdag 		 1
EALEAJ_gammaimcgdag 		 1
EALEAK_gammaimcgdag 		 1
EALRW_gammaimcgdag  		 1
EALUS_gammaimcgdag  		 1
EALEAA_gammaimig    		 0
EALEAB_gammaimig    		 0
EALEAC_gammaimig    		 0
EALEAD_gammaimig    		 0
EALEAE_gammaimig    		 0
EALEAF_gammaimig    		 0
EALEAG_gammaimig    		 0
EALEAH_gammaimig    		 0
EALEAI_gammaimig    		 0
EALEAJ_gammaimig    		 0
EALEAK_gammaimig    		 0
EALRW_gammaimig     		 0
EALUS_gammaimig     		 0
EALEAA_gammaimigdag 		 1
EALEAB_gammaimigdag 		 1
EALEAC_gammaimigdag 		 1
EALEAD_gammaimigdag 		 1
EALEAE_gammaimigdag 		 1
EALEAF_gammaimigdag 		 1
EALEAG_gammaimigdag 		 1
EALEAH_gammaimigdag 		 1
EALEAI_gammaimigdag 		 1
EALEAJ_gammaimigdag 		 1
EALEAK_gammaimigdag 		 1
EALRW_gammaimigdag  		 1
EALUS_gammaimigdag  		 1
EAL_gx              		 6.75972
EALEAA_im           		 0.152993
EALEAB_im           		 0.152993
EALEAC_im           		 0.152993
EALEAD_im           		 0.152993
EALEAE_im           		 0.152993
EALEAF_im           		 0.152993
EALEAG_im           		 0.152993
EALEAH_im           		 0.152993
EALEAI_im           		 0.152993
EALEAJ_im           		 0.152993
EALEAK_im           		 0.152993
EALRW_im            		 0.139884
EALUS_im            		 0.0654607
EALEAA_imc          		 0.0850765
EALEAB_imc          		 0.0850765
EALEAC_imc          		 0.0850765
EALEAD_imc          		 0.0850765
EALEAE_imc          		 0.0850765
EALEAF_imc          		 0.0850765
EALEAG_imc          		 0.0850765
EALEAH_imc          		 0.0850765
EALEAI_imc          		 0.0850765
EALEAJ_imc          		 0.0850765
EALEAK_imc          		 0.0850765
EALRW_imc           		 0.0777867
EALUS_imc           		 0.0364014
EALEAJ_imcy         		 0.0216112
EALEAA_imi          		 0.0401509
EALEAB_imi          		 0.0401509
EALEAC_imi          		 0.0401509
EALEAD_imi          		 0.0401509
EALEAE_imi          		 0.0401509
EALEAF_imi          		 0.0401509
EALEAG_imi          		 0.0401509
EALEAH_imi          		 0.0401509
EALEAI_imi          		 0.0401509
EALEAJ_imi          		 0.0401509
EALEAK_imi          		 0.0401509
EALRW_imi           		 0.0367106
EALUS_imi           		 0.0171792
EALEAJ_imiy         		 0.0101992
EALEAA_imcg         		 0.0242127
EALEAB_imcg         		 0.0242127
EALEAC_imcg         		 0.0242127
EALEAD_imcg         		 0.0242127
EALEAE_imcg         		 0.0242127
EALEAF_imcg         		 0.0242127
EALEAG_imcg         		 0.0242127
EALEAH_imcg         		 0.0242127
EALEAI_imcg         		 0.0242127
EALEAJ_imcg         		 0.0242127
EALEAK_imcg         		 0.0242127
EALRW_imcg          		 0.022138
EALUS_imcg          		 0.0103598
EALEAJ_imcgy        		 0.00615053
EALEAA_imig         		 0.00355333
EALEAB_imig         		 0.00355333
EALEAC_imig         		 0.00355333
EALEAD_imig         		 0.00355333
EALEAE_imig         		 0.00355333
EALEAF_imig         		 0.00355333
EALEAG_imig         		 0.00355333
EALEAH_imig         		 0.00355333
EALEAI_imig         		 0.00355333
EALEAJ_imig         		 0.00355333
EALEAK_imig         		 0.00355333
EALRW_imig          		 0.00324886
EALUS_imig          		 0.00152035
EALEAJ_imigy        		 0.000902619
EAL_piex            		 1.00496
EAL_pextilde        		 0.914029
EALEAA_rer          		 0.997386
EALEAB_rer          		 0.997386
EALEAC_rer          		 0.997386
EALEAD_rer          		 0.997386
EALEAE_rer          		 0.997386
EALEAF_rer          		 0.997386
EALEAG_rer          		 0.997386
EALEAH_rer          		 0.997386
EALEAI_rer          		 0.997386
EALEAJ_rer          		 0.997386
EALEAK_rer          		 0.997386
EALRW_rer           		 0.977577
EALUS_rer           		 1.3019
EAL_sx              		 1
EALEAA_tot          		 0.994359
EALEAB_tot          		 0.994359
EALEAC_tot          		 0.994359
EALEAD_tot          		 0.994359
EALEAE_tot          		 0.994359
EALEAF_tot          		 0.994359
EALEAG_tot          		 0.994359
EALEAH_tot          		 0.994359
EALEAI_tot          		 0.994359
EALEAJ_tot          		 0.994359
EALEAK_tot          		 0.994359
EALRW_tot           		 1.03064
EALUS_tot           		 1.39643
EALEAA_weight       		 0.0790625
EALEAB_weight       		 0.0790625
EALEAC_weight       		 0.0790625
EALEAD_weight       		 0.0790625
EALEAE_weight       		 0.0790625
EALEAF_weight       		 0.0790625
EALEAG_weight       		 0.0790625
EALEAH_weight       		 0.0790625
EALEAI_weight       		 0.0790625
EALEAJ_weight       		 0.0790625
EALEAK_weight       		 0.0790625
EALRW_weight        		 0.0776715
EALUS_weight        		 0.0526413
EALEAA_weightex     		 0.078428
EALEAB_weightex     		 0.078428
EALEAC_weightex     		 0.078428
EALEAD_weightex     		 0.078428
EALEAE_weightex     		 0.078428
EALEAF_weightex     		 0.078428
EALEAG_weightex     		 0.078428
EALEAH_weightex     		 0.078428
EALEAI_weightex     		 0.078428
EALEAJ_weightex     		 0.078428
EALEAK_weightex     		 0.078428
EALRW_weightex      		 0.0798446
EALUS_weightex      		 0.057447
EALEAA_weightim     		 0.0796905
EALEAB_weightim     		 0.0796905
EALEAC_weightim     		 0.0796905
EALEAD_weightim     		 0.0796905
EALEAE_weightim     		 0.0796905
EALEAF_weightim     		 0.0796905
EALEAG_weightim     		 0.0796905
EALEAH_weightim     		 0.0796905
EALEAI_weightim     		 0.0796905
EALEAJ_weightim     		 0.0796905
EALEAK_weightim     		 0.0796905
EALRW_weightim      		 0.0755203
EALUS_weightim      		 0.0478841
EAL_b               		 8.58708
EAL_bf              		 1.10476
EAL_by              		 2.4
EAL_c               		 1.9482
EAL_ci              		 2.21109
EAL_cj              		 1.15952
EAL_cy              		 0.544502
EAL_d               		 0.169931
EAL_dn              		 0.169931
EAL_dt              		 -3.34402e-09
EAL_etot            		 1.01512
EAL_ex              		 1.88972
EAL_fh              		 6.64633
EAL_fi              		 14.9861
EAL_fj              		 0.55504
EAL_fn              		 8.90151
EAL_cg              		 0.742023
EAL_gammab          		 0
EAL_gammai          		 0
EAL_gammaider       		 0
EAL_gammau          		 0
EAL_gammauder       		 0.0324171
EAL_gammav          		 0.000204067
EAL_gammavi         		 0.000104746
EAL_gammavider      		 0.00232797
EAL_gammavj         		 0.000104746
EAL_gammavjder      		 0.00232797
EAL_gh              		 7.9756
EAL_gi              		 5.90268
EAL_gj              		 3.75196
EAL_gn              		 13.3523
EAL_cgy             		 0.2
EAL_ht              		 0.757164
EAL_htc             		 0.272616
EAL_hti             		 0.128658
EAL_htcg            		 0.310345
EAL_htig            		 0.0455446
EAL_i               		 0.805462
EAL_ig              		 0.142052
EAL_ii              		 1.07395
EAL_im              		 1.87514
EAL_imc             		 1.04272
EAL_imi             		 0.492103
EAL_imcg            		 0.296759
EAL_imig            		 0.0435507
EAL_imy             		 0.487681
EAL_internalrer     		 1.23227
EAL_igy             		 0.04
EAL_k               		 32.2185
EAL_kd              		 32.2185
EAL_kdn             		 9.34681
EAL_kdt             		 22.8717
EAL_ki              		 42.958
EAL_lambdai         		 1.2685
EAL_lambdaj         		 2.41892
EAL_lcy             		 0.666754
EAL_m               		 0.848783
EAL_mcn             		 0.761691
EAL_mct             		 0.761691
EAL_mi              		 0.96332
EAL_mj              		 0.505173
EAL_nd              		 1.91988
EAL_ndi             		 0.915962
EAL_ndj             		 1.0918
EAL_ndn             		 0.55697
EAL_ndt             		 1.36291
EAL_ni              		 0.915962
EAL_nj              		 1.0918
EAL_nt              		 1.01408
EAL_ntc             		 0.637987
EAL_nti             		 0.18639
EAL_ntcg            		 0.136344
EAL_ntig            		 0.0533576
EAL_pex             		 0.914029
EAL_pht             		 0.914029
EAL_phttilde        		 0.914029
EAL_pi              		 0.978914
EAL_pcg             		 0.964376
EAL_pig             		 1.0075
EAL_pic             		 1.00496
EAL_pic4            		 1.02
EAL_piex4           		 1.02
EAL_piht            		 1.00496
EAL_piimc           		 1.00496
EAL_piimi           		 1.00496
EAL_piimcg          		 1.00496
EAL_piimig          		 1.00496
EAL_piimc4          		 1.02
EAL_pim             		 0.930544
EAL_pimc            		 0.930544
EAL_pimi            		 0.930544
EAL_pimcg           		 0.930544
EAL_pimig           		 0.930544
EAL_pint            		 1.00496
EAL_piw             		 1.00496
EAL_piw4            		 1.02
EAL_pnt             		 1.14254
EAL_pnttilde        		 1.14254
EAL_pttc            		 0.927181
EAL_ptti            		 0.927181
EAL_pttcg           		 0.922194
EAL_pttig           		 0.922194
EAL_py              		 0.977326
EAL_q               		 0.978914
EAL_qc              		 1.9484
EAL_qi              		 0.805462
EAL_qcg             		 0.742023
EAL_qig             		 0.142052
EAL_r               		 1.01242
EAL_reer            		 1.0099
EAL_rer             		 1.3019
EAL_rerdep          		 1
EAL_rk              		 0.0317335
EAL_rp              		 0
EAL_rr              		 1.00742
EAL_rrstar          		 1.00742
EAL_sh              		 1
EAL_si              		 1
EAL_sj              		 1
EAL_snt             		 1
EAL_t               		 0
EAL_tauc            		 0.183
EAL_taud            		 0
EAL_tauk            		 0
EAL_taun            		 0.122
EAL_tauwf           		 0.219
EAL_tauwh           		 0.118
EAL_tb              		 -0.0176404
EAL_tby             		 -0.00493033
EAL_ti              		 0
EAL_tj              		 0
EAL_tot             		 1.39643
EAL_tr              		 0.337365
EAL_tri             		 0.22491
EAL_trj             		 0.67473
EAL_try             		 0.0942884
EAL_ttc             		 1.31525
EAL_tti             		 0.62072
EAL_ttcg            		 0.607043
EAL_ttig            		 0.0890864
EAL_ty              		 0
EAL_u               		 1
EAL_utili           		 -90.5474
EAL_utilj           		 -202.349
EAL_vj              		 2.29529
EAL_w               		 1.01935
EAL_wcst            		 0
EAL_whty            		 0.574241
EAL_wi              		 1.1316
EAL_witilde         		 1.1316
EAL_wj              		 0.843124
EAL_wjtilde         		 0.843124
EAL_wnty            		 0.490019
EAL_wy              		 0.546968
EAL_y               		 3.66096
EAL_ygap            		 0
EAL_ygrowth         		 1
EAL_ygrowth4        		 1
EAL_yhty            		 0.676177
EAL_ynty            		 0.323823
EAL_yshare          		 0.0668488
EAL_ysn             		 1.01408
EAL_yst             		 2.64688
EAL_zcon            		 1
EAL_zinv            		 1
EAL_zn              		 1
EAL_zt              		 1
EAL_gammav1         		 0.0308642
EAL_gammav2         		 0.150338
EAL_nutc            		 0.2
EAL_nuti            		 0.2
EAL_nutcg           		 0.5
EAL_nutig           		 0.5
EAL_psit            		 0.2
EALEAA_rerbar       		 0.997386
EALEAB_rerbar       		 0.997386
EALEAC_rerbar       		 0.997386
EALEAD_rerbar       		 0.997386
EALEAE_rerbar       		 0.997386
EALEAF_rerbar       		 0.997386
EALEAG_rerbar       		 0.997386
EALEAH_rerbar       		 0.997386
EALEAI_rerbar       		 0.997386
EALEAJ_rerbar       		 0.997386
EALEAK_rerbar       		 0.997386
EALRW_rerbar        		 0.977577
EALUS_rerbar        		 1.3019
EAL_pibar           		 0.978914
EAL_psinbar         		 0.283942
EAL_psitbar         		 0.529376
EAL_pybar           		 0.977326
EAL_qbar            		 0.978914
EAL_trybar          		 0.0942901
EAL_ybar            		 3.66096
EAL_ynbar           		 1.01408
EAL_ytbar           		 2.64688
RWEAA_excy          		 0.0158645
RWEAB_excy          		 0.0158645
RWEAC_excy          		 0.0158645
RWEAD_excy          		 0.0158645
RWEAE_excy          		 0.0158645
RWEAF_excy          		 0.0158645
RWEAG_excy          		 0.0158645
RWEAH_excy          		 0.0158645
RWEAI_excy          		 0.0158645
RWEAJ_excy          		 0.0158645
RWEAK_excy          		 0.0158645
RWEAL_excy          		 0.0161615
RWUS_excy           		 0.00453664
RWEAA_exiy          		 0.00759829
RWEAB_exiy          		 0.00759829
RWEAC_exiy          		 0.00759829
RWEAD_exiy          		 0.00759829
RWEAE_exiy          		 0.00759829
RWEAF_exiy          		 0.00759829
RWEAG_exiy          		 0.00759829
RWEAH_exiy          		 0.00759829
RWEAI_exiy          		 0.00759829
RWEAJ_exiy          		 0.00759829
RWEAK_exiy          		 0.00759829
RWEAL_exiy          		 0.00762724
RWUS_exiy           		 0.00360187
RW_fx               		 5.52547
RWEAA_gammaimc      		 0
RWEAB_gammaimc      		 0
RWEAC_gammaimc      		 0
RWEAD_gammaimc      		 0
RWEAE_gammaimc      		 0
RWEAF_gammaimc      		 0
RWEAG_gammaimc      		 0
RWEAH_gammaimc      		 0
RWEAI_gammaimc      		 0
RWEAJ_gammaimc      		 0
RWEAK_gammaimc      		 0
RWEAL_gammaimc      		 0
RWUS_gammaimc       		 0
RWEAA_gammaimcdag   		 1
RWEAB_gammaimcdag   		 1
RWEAC_gammaimcdag   		 1
RWEAD_gammaimcdag   		 1
RWEAE_gammaimcdag   		 1
RWEAF_gammaimcdag   		 1
RWEAG_gammaimcdag   		 1
RWEAH_gammaimcdag   		 1
RWEAI_gammaimcdag   		 1
RWEAJ_gammaimcdag   		 1
RWEAK_gammaimcdag   		 1
RWEAL_gammaimcdag   		 1
RWUS_gammaimcdag    		 1
RWEAA_gammaimi      		 0
RWEAB_gammaimi      		 0
RWEAC_gammaimi      		 0
RWEAD_gammaimi      		 0
RWEAE_gammaimi      		 0
RWEAF_gammaimi      		 0
RWEAG_gammaimi      		 0
RWEAH_gammaimi      		 0
RWEAI_gammaimi      		 0
RWEAJ_gammaimi      		 0
RWEAK_gammaimi      		 0
RWEAL_gammaimi      		 0
RWUS_gammaimi       		 0
RWEAA_gammaimidag   		 1
RWEAB_gammaimidag   		 1
RWEAC_gammaimidag   		 1
RWEAD_gammaimidag   		 1
RWEAE_gammaimidag   		 1
RWEAF_gammaimidag   		 1
RWEAG_gammaimidag   		 1
RWEAH_gammaimidag   		 1
RWEAI_gammaimidag   		 1
RWEAJ_gammaimidag   		 1
RWEAK_gammaimidag   		 1
RWEAL_gammaimidag   		 1
RWUS_gammaimidag    		 1
RWEAA_gammaimcg     		 0
RWEAB_gammaimcg     		 0
RWEAC_gammaimcg     		 0
RWEAD_gammaimcg     		 0
RWEAE_gammaimcg     		 0
RWEAF_gammaimcg     		 0
RWEAG_gammaimcg     		 0
RWEAH_gammaimcg     		 0
RWEAI_gammaimcg     		 0
RWEAJ_gammaimcg     		 0
RWEAK_gammaimcg     		 0
RWEAL_gammaimcg     		 0
RWUS_gammaimcg      		 0
RWEAA_gammaimcgdag  		 1
RWEAB_gammaimcgdag  		 1
RWEAC_gammaimcgdag  		 1
RWEAD_gammaimcgdag  		 1
RWEAE_gammaimcgdag  		 1
RWEAF_gammaimcgdag  		 1
RWEAG_gammaimcgdag  		 1
RWEAH_gammaimcgdag  		 1
RWEAI_gammaimcgdag  		 1
RWEAJ_gammaimcgdag  		 1
RWEAK_gammaimcgdag  		 1
RWEAL_gammaimcgdag  		 1
RWUS_gammaimcgdag   		 1
RWEAA_gammaimig     		 0
RWEAB_gammaimig     		 0
RWEAC_gammaimig     		 0
RWEAD_gammaimig     		 0
RWEAE_gammaimig     		 0
RWEAF_gammaimig     		 0
RWEAG_gammaimig     		 0
RWEAH_gammaimig     		 0
RWEAI_gammaimig     		 0
RWEAJ_gammaimig     		 0
RWEAK_gammaimig     		 0
RWEAL_gammaimig     		 0
RWUS_gammaimig      		 0
RWEAA_gammaimigdag  		 1
RWEAB_gammaimigdag  		 1
RWEAC_gammaimigdag  		 1
RWEAD_gammaimigdag  		 1
RWEAE_gammaimigdag  		 1
RWEAF_gammaimigdag  		 1
RWEAG_gammaimigdag  		 1
RWEAH_gammaimigdag  		 1
RWEAI_gammaimigdag  		 1
RWEAJ_gammaimigdag  		 1
RWEAK_gammaimigdag  		 1
RWEAL_gammaimigdag  		 1
RWUS_gammaimigdag   		 1
RW_gx               		 6.63056
RWEAA_im            		 0.146669
RWEAB_im            		 0.146669
RWEAC_im            		 0.146669
RWEAD_im            		 0.146669
RWEAE_im            		 0.146669
RWEAF_im            		 0.146669
RWEAG_im            		 0.146669
RWEAH_im            		 0.146669
RWEAI_im            		 0.146669
RWEAJ_im            		 0.146669
RWEAK_im            		 0.146669
RWEAL_im            		 0.14461
RWUS_im             		 0.0627548
RWEAA_imc           		 0.0642515
RWEAB_imc           		 0.0642515
RWEAC_imc           		 0.0642515
RWEAD_imc           		 0.0642515
RWEAE_imc           		 0.0642515
RWEAF_imc           		 0.0642515
RWEAG_imc           		 0.0642515
RWEAH_imc           		 0.0642515
RWEAI_imc           		 0.0642515
RWEAJ_imc           		 0.0642515
RWEAK_imc           		 0.0642515
RWEAL_imc           		 0.0633493
RWUS_imc            		 0.0274911
RWEAK_imcy          		 0.0128795
RWEAA_imi           		 0.0506047
RWEAB_imi           		 0.0506047
RWEAC_imi           		 0.0506047
RWEAD_imi           		 0.0506047
RWEAE_imi           		 0.0506047
RWEAF_imi           		 0.0506047
RWEAG_imi           		 0.0506047
RWEAH_imi           		 0.0506047
RWEAI_imi           		 0.0506047
RWEAJ_imi           		 0.0506047
RWEAK_imi           		 0.0506047
RWEAL_imi           		 0.0498941
RWUS_imi            		 0.021652
RWEAK_imiy          		 0.0101439
RWEAA_imcg          		 0.0254504
RWEAB_imcg          		 0.0254504
RWEAC_imcg          		 0.0254504
RWEAD_imcg          		 0.0254504
RWEAE_imcg          		 0.0254504
RWEAF_imcg          		 0.0254504
RWEAG_imcg          		 0.0254504
RWEAH_imcg          		 0.0254504
RWEAI_imcg          		 0.0254504
RWEAJ_imcg          		 0.0254504
RWEAK_imcg          		 0.0254504
RWEAL_imcg          		 0.0250931
RWUS_imcg           		 0.0108894
RWEAK_imcgy         		 0.00510164
RWEAA_imig          		 0.00636261
RWEAB_imig          		 0.00636261
RWEAC_imig          		 0.00636261
RWEAD_imig          		 0.00636261
RWEAE_imig          		 0.00636261
RWEAF_imig          		 0.00636261
RWEAG_imig          		 0.00636261
RWEAH_imig          		 0.00636261
RWEAI_imig          		 0.00636261
RWEAJ_imig          		 0.00636261
RWEAK_imig          		 0.00636261
RWEAL_imig          		 0.00627326
RWUS_imig           		 0.00272235
RWEAK_imigy         		 0.00127541
RW_piex             		 1.00496
RW_pextilde         		 0.963638
RWEAA_rer           		 1.02026
RWEAB_rer           		 1.02026
RWEAC_rer           		 1.02026
RWEAD_rer           		 1.02026
RWEAE_rer           		 1.02026
RWEAF_rer           		 1.02026
RWEAG_rer           		 1.02026
RWEAH_rer           		 1.02026
RWEAI_rer           		 1.02026
RWEAJ_rer           		 1.02026
RWEAK_rer           		 1.02026
RWEAL_rer           		 1.02294
RWUS_rer            		 1.33176
RW_sx               		 1
RWEAA_tot           		 0.964802
RWEAB_tot           		 0.964802
RWEAC_tot           		 0.964802
RWEAD_tot           		 0.964802
RWEAE_tot           		 0.964802
RWEAF_tot           		 0.964802
RWEAG_tot           		 0.964802
RWEAH_tot           		 0.964802
RWEAI_tot           		 0.964802
RWEAJ_tot           		 0.964802
RWEAK_tot           		 0.964802
RWEAL_tot           		 0.970275
RWUS_tot            		 1.35492
RWEAA_weight        		 0.0789791
RWEAB_weight        		 0.0789791
RWEAC_weight        		 0.0789791
RWEAD_weight        		 0.0789791
RWEAE_weight        		 0.0789791
RWEAF_weight        		 0.0789791
RWEAG_weight        		 0.0789791
RWEAH_weight        		 0.0789791
RWEAI_weight        		 0.0789791
RWEAJ_weight        		 0.0789791
RWEAK_weight        		 0.0789791
RWEAL_weight        		 0.0786561
RWUS_weight         		 0.0525736
RWEAA_weightex      		 0.0785396
RWEAB_weightex      		 0.0785396
RWEAC_weightex      		 0.0785396
RWEAD_weightex      		 0.0785396
RWEAE_weightex      		 0.0785396
RWEAF_weightex      		 0.0785396
RWEAG_weightex      		 0.0785396
RWEAH_weightex      		 0.0785396
RWEAI_weightex      		 0.0785396
RWEAJ_weightex      		 0.0785396
RWEAK_weightex      		 0.0785396
RWEAL_weightex      		 0.0785692
RWUS_weightex       		 0.0574956
RWEAA_weightim      		 0.0794128
RWEAB_weightim      		 0.0794128
RWEAC_weightim      		 0.0794128
RWEAD_weightim      		 0.0794128
RWEAE_weightim      		 0.0794128
RWEAF_weightim      		 0.0794128
RWEAG_weightim      		 0.0794128
RWEAH_weightim      		 0.0794128
RWEAI_weightim      		 0.0794128
RWEAJ_weightim      		 0.0794128
RWEAK_weightim      		 0.0794128
RWEAL_weightim      		 0.0787419
RWUS_weightim       		 0.0477173
RW_b                		 11.1314
RW_bf               		 1.39998
RW_by               		 2.4
RW_c                		 2.74057
RW_ci               		 3.26205
RW_cj               		 1.17614
RW_cy               		 0.590885
RW_d                		 0.348346
RW_dn               		 0.348346
RW_dt               		 2.14801e-08
RW_etot             		 0.982619
RW_ex               		 1.75818
RW_fh               		 2.26096
RW_fi               		 2604.27
RW_fj               		 96.4544
RW_fn               		 6.89295
RW_cg               		 0.764808
RW_gammab           		 0
RW_gammai           		 0
RW_gammaider        		 0
RW_gammau           		 0
RW_gammauder        		 0.0324171
RW_gammav           		 0.000287065
RW_gammavi          		 0.000104746
RW_gammavider       		 0.00232797
RW_gammavj          		 0.000104746
RW_gammavjder       		 0.00232797
RW_gh               		 2.71316
RW_gi               		 24.9973
RW_gj               		 23.1102
RW_gn               		 8.80766
RW_cgy              		 0.16
RW_ht               		 0.719431
RW_htc              		 0.190925
RW_hti              		 0.150373
RW_htcg             		 0.302506
RW_htig             		 0.0756265
RW_i                		 1.02255
RW_ig               		 0.191202
RW_ii               		 1.36339
RW_im               		 1.80811
RW_imc              		 0.792082
RW_imi              		 0.623846
RW_imcg             		 0.313749
RW_imig             		 0.0784372
RW_imy              		 0.370223
RW_internalrer      		 1.07735
RW_igy              		 0.04
RW_k                		 40.9018
RW_kd               		 40.9018
RW_kdn              		 18.1372
RW_kdt              		 22.7646
RW_ki               		 54.5358
RW_lambdai          		 0.944021
RW_lambdaj          		 2.61826
RW_lcy              		 0.647426
RW_m                		 1.194
RW_mcn              		 0.803032
RW_mct              		 0.803032
RW_mi               		 1.42119
RW_mj               		 0.512416
RW_nd               		 2.23265
RW_ndi              		 0.927005
RW_ndj              		 1.39163
RW_ndn              		 0.990028
RW_ndt              		 1.24262
RW_ni               		 0.927005
RW_nj               		 1.39163
RW_nt               		 2.19331
RW_ntc              		 1.75876
RW_nti              		 0.248626
RW_ntcg             		 0.148745
RW_ntig             		 0.0371861
RW_pex              		 0.963638
RW_pht              		 0.963638
RW_phttilde         		 0.963638
RW_pi               		 0.970587
RW_pcg              		 0.970299
RW_pig              		 0.970299
RW_pic              		 1.00496
RW_pic4             		 1.02
RW_piex4            		 1.02
RW_piht             		 1.00496
RW_piimc            		 1.00496
RW_piimi            		 1.00496
RW_piimcg           		 1.00496
RW_piimig           		 1.00496
RW_piimc4           		 1.02
RW_pim              		 0.949675
RW_pimc             		 0.949675
RW_pimi             		 0.949675
RW_pimcg            		 0.949675
RW_pimig            		 0.949675
RW_pint             		 1.00496
RW_piw              		 1.00496
RW_piw4             		 1.02
RW_pnt              		 1.0261
RW_pnttilde         		 1.0261
RW_pttc             		 0.952427
RW_ptti             		 0.952427
RW_pttcg            		 0.956593
RW_pttig            		 0.956593
RW_py               		 0.992967
RW_q                		 0.970587
RW_qc               		 2.74086
RW_qi               		 1.02255
RW_qcg              		 0.764808
RW_qig              		 0.191202
RW_r                		 1.01242
RW_reer             		 1.03487
RW_rer              		 1.33176
RW_rerdep           		 1
RW_rk               		 0.0314636
RW_rp               		 0
RW_rr               		 1.00742
RW_rrstar           		 1.00742
RW_sh               		 1
RW_si               		 1
RW_sj               		 1
RW_snt              		 1
RW_t                		 0
RW_tauc             		 0.077
RW_taud             		 0
RW_tauk             		 0
RW_taun             		 0.154
RW_tauwf            		 0.071
RW_tauwh            		 0.071
RW_tb               		 -0.0228672
RW_tby              		 -0.00493033
RW_ti               		 0
RW_tj               		 0
RW_tot              		 1.35492
RW_tr               		 0.0376594
RW_tri              		 0.0251063
RW_trj              		 0.0753189
RW_try              		 0.00811883
RW_ttc              		 0.982966
RW_tti              		 0.774186
RW_ttcg             		 0.616214
RW_ttig             		 0.154053
RW_ty               		 0
RW_u                		 1
RW_utili            		 -39.003
RW_utilj            		 -263.513
RW_vj               		 2.29529
RW_w                		 1.25579
RW_wcst             		 0
RW_whty             		 0.653595
RW_wi               		 1.36251
RW_witilde          		 1.36251
RW_wj               		 1.10711
RW_wjtilde          		 1.10711
RW_wnty             		 0.55243
RW_wy               		 0.604506
RW_y                		 4.67093
RW_ygap             		 0
RW_ygrowth          		 1
RW_ygrowth4         		 1
RW_yhty             		 0.514766
RW_ynty             		 0.485234
RW_yshare           		 0.0847127
RW_ysn              		 2.19331
RW_yst              		 2.47761
RW_zcon             		 1
RW_zinv             		 1
RW_zn               		 1
RW_zt               		 1
RW_gammav1          		 0.0308642
RW_gammav2          		 0.150338
RW_nutc             		 0.2
RW_nuti             		 0.2
RW_nutcg            		 0.5
RW_nutig            		 0.5
RW_psit             		 0.2
RWEAA_rerbar        		 1.02026
RWEAB_rerbar        		 1.02026
RWEAC_rerbar        		 1.02026
RWEAD_rerbar        		 1.02026
RWEAE_rerbar        		 1.02026
RWEAF_rerbar        		 1.02026
RWEAG_rerbar        		 1.02026
RWEAH_rerbar        		 1.02026
RWEAI_rerbar        		 1.02026
RWEAJ_rerbar        		 1.02026
RWEAK_rerbar        		 1.02026
RWEAL_rerbar        		 1.02294
RWUS_rerbar         		 1.33176
RW_pibar            		 0.970587
RW_psinbar          		 0.175465
RW_psitbar          		 0.495523
RW_pybar            		 0.992967
RW_qbar             		 0.970587
RW_trybar           		 0.00811963
RW_ybar             		 4.67093
RW_ynbar            		 2.19331
RW_ytbar            		 2.47761
USEAA_excy          		 0.00729736
USEAB_excy          		 0.00729736
USEAC_excy          		 0.00729736
USEAD_excy          		 0.00729736
USEAE_excy          		 0.00729736
USEAF_excy          		 0.00729736
USEAG_excy          		 0.00729736
USEAH_excy          		 0.00729736
USEAI_excy          		 0.00729736
USEAJ_excy          		 0.00729736
USEAK_excy          		 0.00729736
USEAL_excy          		 0.00743397
USRW_excy           		 0.00561429
USEAA_exiy          		 0.00349506
USEAB_exiy          		 0.00349506
USEAC_exiy          		 0.00349506
USEAD_exiy          		 0.00349506
USEAE_exiy          		 0.00349506
USEAF_exiy          		 0.00349506
USEAG_exiy          		 0.00349506
USEAH_exiy          		 0.00349506
USEAI_exiy          		 0.00349506
USEAJ_exiy          		 0.00349506
USEAK_exiy          		 0.00349506
USEAL_exiy          		 0.00350838
USRW_exiy           		 0.00442183
US_fx               		 2.7021
USEAA_gammaimc      		 0
USEAB_gammaimc      		 0
USEAC_gammaimc      		 0
USEAD_gammaimc      		 0
USEAE_gammaimc      		 0
USEAF_gammaimc      		 0
USEAG_gammaimc      		 0
USEAH_gammaimc      		 0
USEAI_gammaimc      		 0
USEAJ_gammaimc      		 0
USEAK_gammaimc      		 0
USEAL_gammaimc      		 0
USRW_gammaimc       		 0
USEAA_gammaimcdag   		 1
USEAB_gammaimcdag   		 1
USEAC_gammaimcdag   		 1
USEAD_gammaimcdag   		 1
USEAE_gammaimcdag   		 1
USEAF_gammaimcdag   		 1
USEAG_gammaimcdag   		 1
USEAH_gammaimcdag   		 1
USEAI_gammaimcdag   		 1
USEAJ_gammaimcdag   		 1
USEAK_gammaimcdag   		 1
USEAL_gammaimcdag   		 1
USRW_gammaimcdag    		 1
USEAA_gammaimi      		 0
USEAB_gammaimi      		 0
USEAC_gammaimi      		 0
USEAD_gammaimi      		 0
USEAE_gammaimi      		 0
USEAF_gammaimi      		 0
USEAG_gammaimi      		 0
USEAH_gammaimi      		 0
USEAI_gammaimi      		 0
USEAJ_gammaimi      		 0
USEAK_gammaimi      		 0
USEAL_gammaimi      		 0
USRW_gammaimi       		 0
USEAA_gammaimidag   		 1
USEAB_gammaimidag   		 1
USEAC_gammaimidag   		 1
USEAD_gammaimidag   		 1
USEAE_gammaimidag   		 1
USEAF_gammaimidag   		 1
USEAG_gammaimidag   		 1
USEAH_gammaimidag   		 1
USEAI_gammaimidag   		 1
USEAJ_gammaimidag   		 1
USEAK_gammaimidag   		 1
USEAL_gammaimidag   		 1
USRW_gammaimidag    		 1
USEAA_gammaimcg     		 0
USEAB_gammaimcg     		 0
USEAC_gammaimcg     		 0
USEAD_gammaimcg     		 0
USEAE_gammaimcg     		 0
USEAF_gammaimcg     		 0
USEAG_gammaimcg     		 0
USEAH_gammaimcg     		 0
USEAI_gammaimcg     		 0
USEAJ_gammaimcg     		 0
USEAK_gammaimcg     		 0
USEAL_gammaimcg     		 0
USRW_gammaimcg      		 0
USEAA_gammaimcgdag  		 1
USEAB_gammaimcgdag  		 1
USEAC_gammaimcgdag  		 1
USEAD_gammaimcgdag  		 1
USEAE_gammaimcgdag  		 1
USEAF_gammaimcgdag  		 1
USEAG_gammaimcgdag  		 1
USEAH_gammaimcgdag  		 1
USEAI_gammaimcgdag  		 1
USEAJ_gammaimcgdag  		 1
USEAK_gammaimcgdag  		 1
USEAL_gammaimcgdag  		 1
USRW_gammaimcgdag   		 1
USEAA_gammaimig     		 0
USEAB_gammaimig     		 0
USEAC_gammaimig     		 0
USEAD_gammaimig     		 0
USEAE_gammaimig     		 0
USEAF_gammaimig     		 0
USEAG_gammaimig     		 0
USEAH_gammaimig     		 0
USEAI_gammaimig     		 0
USEAJ_gammaimig     		 0
USEAK_gammaimig     		 0
USEAL_gammaimig     		 0
USRW_gammaimig      		 0
USEAA_gammaimigdag  		 1
USEAB_gammaimigdag  		 1
USEAC_gammaimigdag  		 1
USEAD_gammaimigdag  		 1
USEAE_gammaimigdag  		 1
USEAF_gammaimigdag  		 1
USEAG_gammaimigdag  		 1
USEAH_gammaimigdag  		 1
USEAI_gammaimigdag  		 1
USEAJ_gammaimigdag  		 1
USEAK_gammaimigdag  		 1
USEAL_gammaimigdag  		 1
USRW_gammaimigdag   		 1
US_gx               		 3.24251
USEAA_im            		 0.0944782
USEAB_im            		 0.0944782
USEAC_im            		 0.0944782
USEAD_im            		 0.0944782
USEAE_im            		 0.0944782
USEAF_im            		 0.0944782
USEAG_im            		 0.0944782
USEAH_im            		 0.0944782
USEAI_im            		 0.0944782
USEAJ_im            		 0.0944782
USEAK_im            		 0.0944782
USEAL_im            		 0.0931516
USRW_im             		 0.0863828
USEAA_imc           		 0.0238816
USEAB_imc           		 0.0238816
USEAC_imc           		 0.0238816
USEAD_imc           		 0.0238816
USEAE_imc           		 0.0238816
USEAF_imc           		 0.0238816
USEAG_imc           		 0.0238816
USEAH_imc           		 0.0238816
USEAI_imc           		 0.0238816
USEAJ_imc           		 0.0238816
USEAK_imc           		 0.0238816
USEAL_imc           		 0.0235462
USRW_imc            		 0.0218353
USEAL_imcy          		 0.00344353
USEAA_imi           		 0.0189608
USEAB_imi           		 0.0189608
USEAC_imi           		 0.0189608
USEAD_imi           		 0.0189608
USEAE_imi           		 0.0189608
USEAF_imi           		 0.0189608
USEAG_imi           		 0.0189608
USEAH_imi           		 0.0189608
USEAI_imi           		 0.0189608
USEAJ_imi           		 0.0189608
USEAK_imi           		 0.0189608
USEAL_imi           		 0.0186946
USRW_imi            		 0.0173361
USEAL_imiy          		 0.002734
USEAA_imcg          		 0.0413087
USEAB_imcg          		 0.0413087
USEAC_imcg          		 0.0413087
USEAD_imcg          		 0.0413087
USEAE_imcg          		 0.0413087
USEAF_imcg          		 0.0413087
USEAG_imcg          		 0.0413087
USEAH_imcg          		 0.0413087
USEAI_imcg          		 0.0413087
USEAJ_imcg          		 0.0413087
USEAK_imcg          		 0.0413087
USEAL_imcg          		 0.0407287
USRW_imcg           		 0.0377692
USEAL_imcgy         		 0.00595639
USEAA_imig          		 0.0103272
USEAB_imig          		 0.0103272
USEAC_imig          		 0.0103272
USEAD_imig          		 0.0103272
USEAE_imig          		 0.0103272
USEAF_imig          		 0.0103272
USEAG_imig          		 0.0103272
USEAH_imig          		 0.0103272
USEAI_imig          		 0.0103272
USEAJ_imig          		 0.0103272
USEAK_imig          		 0.0103272
USEAL_imig          		 0.0101822
USRW_imig           		 0.00944229
USEAL_imigy         		 0.0014891
US_piex             		 1.00496
US_pextilde         		 0.980399
USEAA_rer           		 0.766101
USEAB_rer           		 0.766101
USEAC_rer           		 0.766101
USEAD_rer           		 0.766101
USEAE_rer           		 0.766101
USEAF_rer           		 0.766101
USEAG_rer           		 0.766101
USEAH_rer           		 0.766101
USEAI_rer           		 0.766101
USEAJ_rer           		 0.766101
USEAK_rer           		 0.766101
USEAL_rer           		 0.768109
USRW_rer            		 0.750886
US_sx               		 1
USEAA_tot           		 0.712071
USEAB_tot           		 0.712071
USEAC_tot           		 0.712071
USEAD_tot           		 0.712071
USEAE_tot           		 0.712071
USEAF_tot           		 0.712071
USEAG_tot           		 0.712071
USEAH_tot           		 0.712071
USEAI_tot           		 0.712071
USEAJ_tot           		 0.712071
USEAK_tot           		 0.712071
USEAL_tot           		 0.71611
USRW_tot            		 0.738049
USEAA_weight        		 0.0770533
USEAB_weight        		 0.0770533
USEAC_weight        		 0.0770533
USEAD_weight        		 0.0770533
USEAE_weight        		 0.0770533
USEAF_weight        		 0.0770533
USEAG_weight        		 0.0770533
USEAH_weight        		 0.0770533
USEAI_weight        		 0.0770533
USEAJ_weight        		 0.0770533
USEAK_weight        		 0.0770533
USEAL_weight        		 0.0767318
USRW_weight         		 0.0756825
USEAA_weightex      		 0.0768151
USEAB_weightex      		 0.0768151
USEAC_weightex      		 0.0768151
USEAD_weightex      		 0.0768151
USEAE_weightex      		 0.0768151
USEAF_weightex      		 0.0768151
USEAG_weightex      		 0.0768151
USEAH_weightex      		 0.0768151
USEAI_weightex      		 0.0768151
USEAJ_weightex      		 0.0768151
USEAK_weightex      		 0.0768151
USEAL_weightex      		 0.0768351
USRW_weightex       		 0.0781983
USEAA_weightim      		 0.0772844
USEAB_weightim      		 0.0772844
USEAC_weightim      		 0.0772844
USEAD_weightim      		 0.0772844
USEAE_weightim      		 0.0772844
USEAF_weightim      		 0.0772844
USEAG_weightim      		 0.0772844
USEAH_weightim      		 0.0772844
USEAI_weightim      		 0.0772844
USEAJ_weightim      		 0.0772844
USEAK_weightim      		 0.0772844
USEAL_weightim      		 0.0766315
USRW_weightim       		 0.0732402
US_b                		 11.5216
US_bf               		 2.02964
US_by               		 2.4
US_c                		 2.83919
US_ci               		 3.38063
US_cj               		 1.21488
US_cy               		 0.591418
US_d                		 0.366314
US_dn               		 0.366314
US_dt               		 7.58843e-09
US_etot             		 0.714315
US_ex               		 0.845098
US_fh               		 5.23596
US_fi               		 5380.98
US_fj               		 199.295
US_fn               		 7.24849
US_cg               		 0.897793
US_gammai           		 0
US_gammaider        		 0
US_gammau           		 0
US_gammauder        		 0.0324171
US_gammav           		 0.000297395
US_gammavi          		 0.000104746
US_gammavider       		 0.00232797
US_gammavj          		 0.000104746
US_gammavjder       		 0.00232797
US_gh               		 6.28316
US_gi               		 30.7217
US_gj               		 28.4963
US_gn               		 9.26196
US_cgy              		 0.16
US_ht               		 1.63758
US_htc              		 0.752735
US_hti              		 0.597635
US_htcg             		 0.22977
US_htig             		 0.0574425
US_i                		 1.07886
US_ig               		 0.224448
US_ii               		 1.43848
US_im               		 1.21866
US_imc              		 0.308045
US_imi              		 0.244573
US_imcg             		 0.532835
US_imig             		 0.133209
US_imy              		 0.177773
US_internalrer      		 1.13362
US_igy              		 0.04
US_k                		 43.1544
US_kd               		 43.1544
US_kdn              		 19.4668
US_kdt              		 23.6875
US_ki               		 57.5392
US_lambdai          		 0.910908
US_lambdaj          		 2.53477
US_lcy              		 0.646587
US_m                		 1.23697
US_mcn              		 0.816999
US_mct              		 0.816999
US_mi               		 1.47286
US_mj               		 0.529293
US_nd               		 2.2321
US_ndi              		 0.925991
US_ndj              		 1.39226
US_ndn              		 1.00689
US_ndt              		 1.2252
US_ni               		 0.925991
US_nj               		 1.39226
US_nt               		 2.26701
US_ntc              		 1.8064
US_nti              		 0.25742
US_ntcg             		 0.162551
US_ntig             		 0.0406377
US_pex              		 0.980399
US_pht              		 0.980399
US_phttilde         		 0.980399
US_pi               		 0.950936
US_pcg              		 0.855547
US_pig              		 0.855547
US_pic              		 1.00496
US_pic4             		 1.02
US_piex4            		 1.02
US_piht             		 1.00496
US_piimc            		 1.00496
US_piimi            		 1.00496
US_piimcg           		 1.00496
US_piimig           		 1.00496
US_piimc4           		 1.02
US_pim              		 0.700298
US_pimc             		 0.700298
US_pimi             		 0.700298
US_pimcg            		 0.700298
US_pimig            		 0.700298
US_pint             		 1.00496
US_piw              		 1.00496
US_piw4             		 1.02
US_pnt              		 1.04394
US_pnttilde         		 1.04394
US_pttc             		 0.920897
US_ptti             		 0.920897
US_pttcg            		 0.811374
US_pttig            		 0.811374
US_py               		 1.01073
US_q                		 0.950936
US_qc               		 2.83949
US_qi               		 1.07886
US_qcg              		 0.897793
US_qig              		 0.224448
US_r                		 1.01242
US_reer             		 0.765092
US_rer              		 1
US_rk               		 0.0308266
US_rr               		 1.00742
US_rrstar           		 1.00742
US_sh               		 1
US_si               		 1
US_sj               		 1
US_snt              		 1
US_t                		 0
US_tauc             		 0.077
US_taud             		 0
US_tauk             		 0
US_taun             		 0.154
US_tauwf            		 0.071
US_tauwh            		 0.071
US_tb               		 -0.0248934
US_tby              		 -0.00518543
US_ti               		 0
US_tj               		 0
US_tr               		 0.038068
US_tri              		 0.0253787
US_trj              		 0.076136
US_try              		 0.00792896
US_ttc              		 1.03562
US_tti              		 0.822235
US_ttcg             		 0.737526
US_ttig             		 0.184382
US_ty               		 0
US_u                		 1
US_utili            		 -34.035
US_utilj            		 -259.276
US_vj               		 2.29529
US_w                		 1.29845
US_wcst             		 0
US_whty             		 0.653595
US_wi               		 1.40895
US_witilde          		 1.40895
US_wj               		 1.14461
US_wjtilde          		 1.14461
US_wnty             		 0.55243
US_wy               		 0.603722
US_y                		 4.74969
US_ygap             		 0
US_ygrowth          		 1
US_ygrowth4         		 1
US_yhty             		 0.507018
US_ynty             		 0.492982
US_yshare           		 0.116772
US_ysn              		 2.26701
US_yst              		 2.48268
US_zcon             		 1
US_zinv             		 1
US_zn               		 1
US_zt               		 1
US_gammav1          		 0.0308642
US_gammav2          		 0.150338
US_nutc             		 0.85
US_nuti             		 0.85
US_nutcg            		 0.5
US_nutig            		 0.5
US_psit             		 0.2
USEAA_rerbar        		 0.766101
USEAB_rerbar        		 0.766101
USEAC_rerbar        		 0.766101
USEAD_rerbar        		 0.766101
USEAE_rerbar        		 0.766101
USEAF_rerbar        		 0.766101
USEAG_rerbar        		 0.766101
USEAH_rerbar        		 0.766101
USEAI_rerbar        		 0.766101
USEAJ_rerbar        		 0.766101
USEAK_rerbar        		 0.766101
USEAL_rerbar        		 0.768109
USRW_rerbar         		 0.750886
US_pibar            		 0.950936
US_psinbar          		 0.181361
US_psitbar          		 0.496536
US_pybar            		 1.01073
US_qbar             		 0.950936
US_trybar           		 0.00792976
US_ybar             		 4.74969
US_ynbar            		 2.26701
US_ytbar            		 2.48268
EAAEAB_numc         		 0.0769231
EAAEAB_numi         		 0.0769231
EAAEAB_numcg        		 0.0769231
EAAEAB_numig        		 0.0769231
EAAEAC_numc         		 0.0769231
EAAEAC_numi         		 0.0769231
EAAEAC_numcg        		 0.0769231
EAAEAC_numig        		 0.0769231
EAAEAD_numc         		 0.0769231
EAAEAD_numi         		 0.0769231
EAAEAD_numcg        		 0.0769231
EAAEAD_numig        		 0.0769231
EAAEAE_numc         		 0.0769231
EAAEAE_numi         		 0.0769231
EAAEAE_numcg        		 0.0769231
EAAEAE_numig        		 0.0769231
EAAEAF_numc         		 0.0769231
EAAEAF_numi         		 0.0769231
EAAEAF_numcg        		 0.0769231
EAAEAF_numig        		 0.0769231
EAAEAG_numc         		 0.0769231
EAAEAG_numi         		 0.0769231
EAAEAG_numcg        		 0.0769231
EAAEAG_numig        		 0.0769231
EAAEAH_numc         		 0.0769231
EAAEAH_numi         		 0.0769231
EAAEAH_numcg        		 0.0769231
EAAEAH_numig        		 0.0769231
EAAEAI_numc         		 0.0769231
EAAEAI_numi         		 0.0769231
EAAEAI_numcg        		 0.0769231
EAAEAI_numig        		 0.0769231
EAAEAJ_numc         		 0.0769231
EAAEAJ_numi         		 0.0769231
EAAEAJ_numcg        		 0.0769231
EAAEAJ_numig        		 0.0769231
EAAEAK_numc         		 0.0769231
EAAEAK_numi         		 0.0769231
EAAEAK_numcg        		 0.0769231
EAAEAK_numig        		 0.0769231
EAAEAL_numc         		 0.0769231
EAAEAL_numi         		 0.0769231
EAAEAL_numcg        		 0.0769231
EAAEAL_numig        		 0.0769231
EAAUS_numc          		 0.076923
EAAUS_numi          		 0.076923
EAAUS_numcg         		 0.076923
EAAUS_numig         		 0.076923
EABEAA_numc         		 0.0769231
EABEAA_numi         		 0.0769231
EABEAA_numcg        		 0.0769231
EABEAA_numig        		 0.0769231
EABEAC_numc         		 0.0769231
EABEAC_numi         		 0.0769231
EABEAC_numcg        		 0.0769231
EABEAC_numig        		 0.0769231
EABEAD_numc         		 0.0769231
EABEAD_numi         		 0.0769231
EABEAD_numcg        		 0.0769231
EABEAD_numig        		 0.0769231
EABEAE_numc         		 0.0769231
EABEAE_numi         		 0.0769231
EABEAE_numcg        		 0.0769231
EABEAE_numig        		 0.0769231
EABEAF_numc         		 0.0769231
EABEAF_numi         		 0.0769231
EABEAF_numcg        		 0.0769231
EABEAF_numig        		 0.0769231
EABEAG_numc         		 0.0769231
EABEAG_numi         		 0.0769231
EABEAG_numcg        		 0.0769231
EABEAG_numig        		 0.0769231
EABEAH_numc         		 0.0769231
EABEAH_numi         		 0.0769231
EABEAH_numcg        		 0.0769231
EABEAH_numig        		 0.0769231
EABEAI_numc         		 0.0769231
EABEAI_numi         		 0.0769231
EABEAI_numcg        		 0.0769231
EABEAI_numig        		 0.0769231
EABEAJ_numc         		 0.0769231
EABEAJ_numi         		 0.0769231
EABEAJ_numcg        		 0.0769231
EABEAJ_numig        		 0.0769231
EABEAK_numc         		 0.0769231
EABEAK_numi         		 0.0769231
EABEAK_numcg        		 0.0769231
EABEAK_numig        		 0.0769231
EABEAL_numc         		 0.0769231
EABEAL_numi         		 0.0769231
EABEAL_numcg        		 0.0769231
EABEAL_numig        		 0.0769231
EABRW_numc          		 0.076923
EABRW_numi          		 0.076923
EABRW_numcg         		 0.076923
EABRW_numig         		 0.076923
EACEAB_numc         		 0.0769231
EACEAB_numi         		 0.0769231
EACEAB_numcg        		 0.0769231
EACEAB_numig        		 0.0769231
EACEAD_numc         		 0.0769231
EACEAD_numi         		 0.0769231
EACEAD_numcg        		 0.0769231
EACEAD_numig        		 0.0769231
EACEAE_numc         		 0.0769231
EACEAE_numi         		 0.0769231
EACEAE_numcg        		 0.0769231
EACEAE_numig        		 0.0769231
EACEAF_numc         		 0.0769231
EACEAF_numi         		 0.0769231
EACEAF_numcg        		 0.0769231
EACEAF_numig        		 0.0769231
EACEAG_numc         		 0.0769231
EACEAG_numi         		 0.0769231
EACEAG_numcg        		 0.0769231
EACEAG_numig        		 0.0769231
EACEAH_numc         		 0.0769231
EACEAH_numi         		 0.0769231
EACEAH_numcg        		 0.0769231
EACEAH_numig        		 0.0769231
EACEAI_numc         		 0.0769231
EACEAI_numi         		 0.0769231
EACEAI_numcg        		 0.0769231
EACEAI_numig        		 0.0769231
EACEAJ_numc         		 0.0769231
EACEAJ_numi         		 0.0769231
EACEAJ_numcg        		 0.0769231
EACEAJ_numig        		 0.0769231
EACEAK_numc         		 0.0769231
EACEAK_numi         		 0.0769231
EACEAK_numcg        		 0.0769231
EACEAK_numig        		 0.0769231
EACEAL_numc         		 0.0769231
EACEAL_numi         		 0.0769231
EACEAL_numcg        		 0.0769231
EACEAL_numig        		 0.0769231
EACRW_numc          		 0.076923
EACRW_numi          		 0.076923
EACRW_numcg         		 0.076923
EACRW_numig         		 0.076923
EACUS_numc          		 0.076923
EACUS_numi          		 0.076923
EACUS_numcg         		 0.076923
EACUS_numig         		 0.076923
EADEAA_numc         		 0.0769231
EADEAA_numi         		 0.0769231
EADEAA_numcg        		 0.0769231
EADEAA_numig        		 0.0769231
EADEAC_numc         		 0.0769231
EADEAC_numi         		 0.0769231
EADEAC_numcg        		 0.0769231
EADEAC_numig        		 0.0769231
EADEAE_numc         		 0.0769231
EADEAE_numi         		 0.0769231
EADEAE_numcg        		 0.0769231
EADEAE_numig        		 0.0769231
EADEAF_numc         		 0.0769231
EADEAF_numi         		 0.0769231
EADEAF_numcg        		 0.0769231
EADEAF_numig        		 0.0769231
EADEAG_numc         		 0.0769231
EADEAG_numi         		 0.0769231
EADEAG_numcg        		 0.0769231
EADEAG_numig        		 0.0769231
EADEAH_numc         		 0.0769231
EADEAH_numi         		 0.0769231
EADEAH_numcg        		 0.0769231
EADEAH_numig        		 0.0769231
EADEAI_numc         		 0.0769231
EADEAI_numi         		 0.0769231
EADEAI_numcg        		 0.0769231
EADEAI_numig        		 0.0769231
EADEAJ_numc         		 0.0769231
EADEAJ_numi         		 0.0769231
EADEAJ_numcg        		 0.0769231
EADEAJ_numig        		 0.0769231
EADEAK_numc         		 0.0769231
EADEAK_numi         		 0.0769231
EADEAK_numcg        		 0.0769231
EADEAK_numig        		 0.0769231
EADEAL_numc         		 0.0769231
EADEAL_numi         		 0.0769231
EADEAL_numcg        		 0.0769231
EADEAL_numig        		 0.0769231
EADRW_numc          		 0.076923
EADRW_numi          		 0.076923
EADRW_numcg         		 0.076923
EADRW_numig         		 0.076923
EADUS_numc          		 0.076923
EADUS_numi          		 0.076923
EADUS_numcg         		 0.076923
EADUS_numig         		 0.076923
EAEEAA_numc         		 0.0769231
EAEEAA_numi         		 0.0769231
EAEEAA_numcg        		 0.0769231
EAEEAA_numig        		 0.0769231
EAEEAB_numc         		 0.0769231
EAEEAB_numi         		 0.0769231
EAEEAB_numcg        		 0.0769231
EAEEAB_numig        		 0.0769231
EAEEAD_numc         		 0.0769231
EAEEAD_numi         		 0.0769231
EAEEAD_numcg        		 0.0769231
EAEEAD_numig        		 0.0769231
EAEEAF_numc         		 0.0769231
EAEEAF_numi         		 0.0769231
EAEEAF_numcg        		 0.0769231
EAEEAF_numig        		 0.0769231
EAEEAG_numc         		 0.0769231
EAEEAG_numi         		 0.0769231
EAEEAG_numcg        		 0.0769231
EAEEAG_numig        		 0.0769231
EAEEAH_numc         		 0.0769231
EAEEAH_numi         		 0.0769231
EAEEAH_numcg        		 0.0769231
EAEEAH_numig        		 0.0769231
EAEEAI_numc         		 0.0769231
EAEEAI_numi         		 0.0769231
EAEEAI_numcg        		 0.0769231
EAEEAI_numig        		 0.0769231
EAEEAJ_numc         		 0.0769231
EAEEAJ_numi         		 0.0769231
EAEEAJ_numcg        		 0.0769231
EAEEAJ_numig        		 0.0769231
EAEEAK_numc         		 0.0769231
EAEEAK_numi         		 0.0769231
EAEEAK_numcg        		 0.0769231
EAEEAK_numig        		 0.0769231
EAEEAL_numc         		 0.0769231
EAEEAL_numi         		 0.0769231
EAEEAL_numcg        		 0.0769231
EAEEAL_numig        		 0.0769231
EAERW_numc          		 0.076923
EAERW_numi          		 0.076923
EAERW_numcg         		 0.076923
EAERW_numig         		 0.076923
EAEUS_numc          		 0.076923
EAEUS_numi          		 0.076923
EAEUS_numcg         		 0.076923
EAEUS_numig         		 0.076923
EAFEAA_numc         		 0.0769231
EAFEAA_numi         		 0.0769231
EAFEAA_numcg        		 0.0769231
EAFEAA_numig        		 0.0769231
EAFEAB_numc         		 0.0769231
EAFEAB_numi         		 0.0769231
EAFEAB_numcg        		 0.0769231
EAFEAB_numig        		 0.0769231
EAFEAC_numc         		 0.0769231
EAFEAC_numi         		 0.0769231
EAFEAC_numcg        		 0.0769231
EAFEAC_numig        		 0.0769231
EAFEAE_numc         		 0.0769231
EAFEAE_numi         		 0.0769231
EAFEAE_numcg        		 0.0769231
EAFEAE_numig        		 0.0769231
EAFEAG_numc         		 0.0769231
EAFEAG_numi         		 0.0769231
EAFEAG_numcg        		 0.0769231
EAFEAG_numig        		 0.0769231
EAFEAH_numc         		 0.0769231
EAFEAH_numi         		 0.0769231
EAFEAH_numcg        		 0.0769231
EAFEAH_numig        		 0.0769231
EAFEAI_numc         		 0.0769231
EAFEAI_numi         		 0.0769231
EAFEAI_numcg        		 0.0769231
EAFEAI_numig        		 0.0769231
EAFEAJ_numc         		 0.0769231
EAFEAJ_numi         		 0.0769231
EAFEAJ_numcg        		 0.0769231
EAFEAJ_numig        		 0.0769231
EAFEAK_numc         		 0.0769231
EAFEAK_numi         		 0.0769231
EAFEAK_numcg        		 0.0769231
EAFEAK_numig        		 0.0769231
EAFEAL_numc         		 0.0769231
EAFEAL_numi         		 0.0769231
EAFEAL_numcg        		 0.0769231
EAFEAL_numig        		 0.0769231
EAFRW_numc          		 0.076923
EAFRW_numi          		 0.076923
EAFRW_numcg         		 0.076923
EAFRW_numig         		 0.076923
EAFUS_numc          		 0.076923
EAFUS_numi          		 0.076923
EAFUS_numcg         		 0.076923
EAFUS_numig         		 0.076923
EAGEAA_numc         		 0.0769231
EAGEAA_numi         		 0.0769231
EAGEAA_numcg        		 0.0769231
EAGEAA_numig        		 0.0769231
EAGEAB_numc         		 0.0769231
EAGEAB_numi         		 0.0769231
EAGEAB_numcg        		 0.0769231
EAGEAB_numig        		 0.0769231
EAGEAC_numc         		 0.0769231
EAGEAC_numi         		 0.0769231
EAGEAC_numcg        		 0.0769231
EAGEAC_numig        		 0.0769231
EAGEAD_numc         		 0.0769231
EAGEAD_numi         		 0.0769231
EAGEAD_numcg        		 0.0769231
EAGEAD_numig        		 0.0769231
EAGEAF_numc         		 0.0769231
EAGEAF_numi         		 0.0769231
EAGEAF_numcg        		 0.0769231
EAGEAF_numig        		 0.0769231
EAGEAH_numc         		 0.0769231
EAGEAH_numi         		 0.0769231
EAGEAH_numcg        		 0.0769231
EAGEAH_numig        		 0.0769231
EAGEAI_numc         		 0.0769231
EAGEAI_numi         		 0.0769231
EAGEAI_numcg        		 0.0769231
EAGEAI_numig        		 0.0769231
EAGEAJ_numc         		 0.0769231
EAGEAJ_numi         		 0.0769231
EAGEAJ_numcg        		 0.0769231
EAGEAJ_numig        		 0.0769231
EAGEAK_numc         		 0.0769231
EAGEAK_numi         		 0.0769231
EAGEAK_numcg        		 0.0769231
EAGEAK_numig        		 0.0769231
EAGEAL_numc         		 0.0769231
EAGEAL_numi         		 0.0769231
EAGEAL_numcg        		 0.0769231
EAGEAL_numig        		 0.0769231
EAGRW_numc          		 0.076923
EAGRW_numi          		 0.076923
EAGRW_numcg         		 0.076923
EAGRW_numig         		 0.076923
EAGUS_numc          		 0.076923
EAGUS_numi          		 0.076923
EAGUS_numcg         		 0.076923
EAGUS_numig         		 0.076923
EAHEAA_numc         		 0.0769231
EAHEAA_numi         		 0.0769231
EAHEAA_numcg        		 0.0769231
EAHEAA_numig        		 0.0769231
EAHEAB_numc         		 0.0769231
EAHEAB_numi         		 0.0769231
EAHEAB_numcg        		 0.0769231
EAHEAB_numig        		 0.0769231
EAHEAC_numc         		 0.0769231
EAHEAC_numi         		 0.0769231
EAHEAC_numcg        		 0.0769231
EAHEAC_numig        		 0.0769231
EAHEAD_numc         		 0.0769231
EAHEAD_numi         		 0.0769231
EAHEAD_numcg        		 0.0769231
EAHEAD_numig        		 0.0769231
EAHEAE_numc         		 0.0769231
EAHEAE_numi         		 0.0769231
EAHEAE_numcg        		 0.0769231
EAHEAE_numig        		 0.0769231
EAHEAG_numc         		 0.0769231
EAHEAG_numi         		 0.0769231
EAHEAG_numcg        		 0.0769231
EAHEAG_numig        		 0.0769231
EAHEAI_numc         		 0.0769231
EAHEAI_numi         		 0.0769231
EAHEAI_numcg        		 0.0769231
EAHEAI_numig        		 0.0769231
EAHEAJ_numc         		 0.0769231
EAHEAJ_numi         		 0.0769231
EAHEAJ_numcg        		 0.0769231
EAHEAJ_numig        		 0.0769231
EAHEAK_numc         		 0.0769231
EAHEAK_numi         		 0.0769231
EAHEAK_numcg        		 0.0769231
EAHEAK_numig        		 0.0769231
EAHEAL_numc         		 0.0769231
EAHEAL_numi         		 0.0769231
EAHEAL_numcg        		 0.0769231
EAHEAL_numig        		 0.0769231
EAHRW_numc          		 0.076923
EAHRW_numi          		 0.076923
EAHRW_numcg         		 0.076923
EAHRW_numig         		 0.076923
EAHUS_numc          		 0.076923
EAHUS_numi          		 0.076923
EAHUS_numcg         		 0.076923
EAHUS_numig         		 0.076923
EAIEAA_numc         		 0.0769231
EAIEAA_numi         		 0.0769231
EAIEAA_numcg        		 0.0769231
EAIEAA_numig        		 0.0769231
EAIEAB_numc         		 0.0769231
EAIEAB_numi         		 0.0769231
EAIEAB_numcg        		 0.0769231
EAIEAB_numig        		 0.0769231
EAIEAC_numc         		 0.0769231
EAIEAC_numi         		 0.0769231
EAIEAC_numcg        		 0.0769231
EAIEAC_numig        		 0.0769231
EAIEAD_numc         		 0.0769231
EAIEAD_numi         		 0.0769231
EAIEAD_numcg        		 0.0769231
EAIEAD_numig        		 0.0769231
EAIEAE_numc         		 0.0769231
EAIEAE_numi         		 0.0769231
EAIEAE_numcg        		 0.0769231
EAIEAE_numig        		 0.0769231
EAIEAF_numc         		 0.0769231
EAIEAF_numi         		 0.0769231
EAIEAF_numcg        		 0.0769231
EAIEAF_numig        		 0.0769231
EAIEAH_numc         		 0.0769231
EAIEAH_numi         		 0.0769231
EAIEAH_numcg        		 0.0769231
EAIEAH_numig        		 0.0769231
EAIEAJ_numc         		 0.0769231
EAIEAJ_numi         		 0.0769231
EAIEAJ_numcg        		 0.0769231
EAIEAJ_numig        		 0.0769231
EAIEAK_numc         		 0.0769231
EAIEAK_numi         		 0.0769231
EAIEAK_numcg        		 0.0769231
EAIEAK_numig        		 0.0769231
EAIEAL_numc         		 0.0769231
EAIEAL_numi         		 0.0769231
EAIEAL_numcg        		 0.0769231
EAIEAL_numig        		 0.0769231
EAIRW_numc          		 0.076923
EAIRW_numi          		 0.076923
EAIRW_numcg         		 0.076923
EAIRW_numig         		 0.076923
EAIUS_numc          		 0.076923
EAIUS_numi          		 0.076923
EAIUS_numcg         		 0.076923
EAIUS_numig         		 0.076923
EAJEAA_numc         		 0.0769231
EAJEAA_numi         		 0.0769231
EAJEAA_numcg        		 0.0769231
EAJEAA_numig        		 0.0769231
EAJEAB_numc         		 0.0769231
EAJEAB_numi         		 0.0769231
EAJEAB_numcg        		 0.0769231
EAJEAB_numig        		 0.0769231
EAJEAC_numc         		 0.0769231
EAJEAC_numi         		 0.0769231
EAJEAC_numcg        		 0.0769231
EAJEAC_numig        		 0.0769231
EAJEAD_numc         		 0.0769231
EAJEAD_numi         		 0.0769231
EAJEAD_numcg        		 0.0769231
EAJEAD_numig        		 0.0769231
EAJEAE_numc         		 0.0769231
EAJEAE_numi         		 0.0769231
EAJEAE_numcg        		 0.0769231
EAJEAE_numig        		 0.0769231
EAJEAF_numc         		 0.0769231
EAJEAF_numi         		 0.0769231
EAJEAF_numcg        		 0.0769231
EAJEAF_numig        		 0.0769231
EAJEAG_numc         		 0.0769231
EAJEAG_numi         		 0.0769231
EAJEAG_numcg        		 0.0769231
EAJEAG_numig        		 0.0769231
EAJEAI_numc         		 0.0769231
EAJEAI_numi         		 0.0769231
EAJEAI_numcg        		 0.0769231
EAJEAI_numig        		 0.0769231
EAJEAK_numc         		 0.0769231
EAJEAK_numi         		 0.0769231
EAJEAK_numcg        		 0.0769231
EAJEAK_numig        		 0.0769231
EAJEAL_numc         		 0.0769231
EAJEAL_numi         		 0.0769231
EAJEAL_numcg        		 0.0769231
EAJEAL_numig        		 0.0769231
EAJRW_numc          		 0.076923
EAJRW_numi          		 0.076923
EAJRW_numcg         		 0.076923
EAJRW_numig         		 0.076923
EAJUS_numc          		 0.076923
EAJUS_numi          		 0.076923
EAJUS_numcg         		 0.076923
EAJUS_numig         		 0.076923
EAKEAA_numc         		 0.0769231
EAKEAA_numi         		 0.0769231
EAKEAA_numcg        		 0.0769231
EAKEAA_numig        		 0.0769231
EAKEAB_numc         		 0.0769231
EAKEAB_numi         		 0.0769231
EAKEAB_numcg        		 0.0769231
EAKEAB_numig        		 0.0769231
EAKEAC_numc         		 0.0769231
EAKEAC_numi         		 0.0769231
EAKEAC_numcg        		 0.0769231
EAKEAC_numig        		 0.0769231
EAKEAD_numc         		 0.0769231
EAKEAD_numi         		 0.0769231
EAKEAD_numcg        		 0.0769231
EAKEAD_numig        		 0.0769231
EAKEAE_numc         		 0.0769231
EAKEAE_numi         		 0.0769231
EAKEAE_numcg        		 0.0769231
EAKEAE_numig        		 0.0769231
EAKEAF_numc         		 0.0769231
EAKEAF_numi         		 0.0769231
EAKEAF_numcg        		 0.0769231
EAKEAF_numig        		 0.0769231
EAKEAG_numc         		 0.0769231
EAKEAG_numi         		 0.0769231
EAKEAG_numcg        		 0.0769231
EAKEAG_numig        		 0.0769231
EAKEAH_numc         		 0.0769231
EAKEAH_numi         		 0.0769231
EAKEAH_numcg        		 0.0769231
EAKEAH_numig        		 0.0769231
EAKEAJ_numc         		 0.0769231
EAKEAJ_numi         		 0.0769231
EAKEAJ_numcg        		 0.0769231
EAKEAJ_numig        		 0.0769231
EAKEAL_numc         		 0.0769231
EAKEAL_numi         		 0.0769231
EAKEAL_numcg        		 0.0769231
EAKEAL_numig        		 0.0769231
EAKRW_numc          		 0.076923
EAKRW_numi          		 0.076923
EAKRW_numcg         		 0.076923
EAKRW_numig         		 0.076923
EAKUS_numc          		 0.076923
EAKUS_numi          		 0.076923
EAKUS_numcg         		 0.076923
EAKUS_numig         		 0.076923
EALEAA_numc         		 0.0769231
EALEAA_numi         		 0.0769231
EALEAA_numcg        		 0.0769231
EALEAA_numig        		 0.0769231
EALEAB_numc         		 0.0769231
EALEAB_numi         		 0.0769231
EALEAB_numcg        		 0.0769231
EALEAB_numig        		 0.0769231
EALEAC_numc         		 0.0769231
EALEAC_numi         		 0.0769231
EALEAC_numcg        		 0.0769231
EALEAC_numig        		 0.0769231
EALEAD_numc         		 0.0769231
EALEAD_numi         		 0.0769231
EALEAD_numcg        		 0.0769231
EALEAD_numig        		 0.0769231
EALEAE_numc         		 0.0769231
EALEAE_numi         		 0.0769231
EALEAE_numcg        		 0.0769231
EALEAE_numig        		 0.0769231
EALEAF_numc         		 0.0769231
EALEAF_numi         		 0.0769231
EALEAF_numcg        		 0.0769231
EALEAF_numig        		 0.0769231
EALEAG_numc         		 0.0769231
EALEAG_numi         		 0.0769231
EALEAG_numcg        		 0.0769231
EALEAG_numig        		 0.0769231
EALEAH_numc         		 0.0769231
EALEAH_numi         		 0.0769231
EALEAH_numcg        		 0.0769231
EALEAH_numig        		 0.0769231
EALEAI_numc         		 0.0769231
EALEAI_numi         		 0.0769231
EALEAI_numcg        		 0.0769231
EALEAI_numig        		 0.0769231
EALEAK_numc         		 0.0769231
EALEAK_numi         		 0.0769231
EALEAK_numcg        		 0.0769231
EALEAK_numig        		 0.0769231
EALRW_numc          		 0.076923
EALRW_numi          		 0.076923
EALRW_numcg         		 0.076923
EALRW_numig         		 0.076923
EALUS_numc          		 0.076923
EALUS_numi          		 0.076923
EALUS_numcg         		 0.076923
EALUS_numig         		 0.076923
RWEAA_numc          		 0.0769231
RWEAA_numi          		 0.0769231
RWEAA_numcg         		 0.0769231
RWEAA_numig         		 0.0769231
RWEAB_numc          		 0.0769231
RWEAB_numi          		 0.0769231
RWEAB_numcg         		 0.0769231
RWEAB_numig         		 0.0769231
RWEAC_numc          		 0.0769231
RWEAC_numi          		 0.0769231
RWEAC_numcg         		 0.0769231
RWEAC_numig         		 0.0769231
RWEAD_numc          		 0.0769231
RWEAD_numi          		 0.0769231
RWEAD_numcg         		 0.0769231
RWEAD_numig         		 0.0769231
RWEAE_numc          		 0.0769231
RWEAE_numi          		 0.0769231
RWEAE_numcg         		 0.0769231
RWEAE_numig         		 0.0769231
RWEAF_numc          		 0.0769231
RWEAF_numi          		 0.0769231
RWEAF_numcg         		 0.0769231
RWEAF_numig         		 0.0769231
RWEAG_numc          		 0.0769231
RWEAG_numi          		 0.0769231
RWEAG_numcg         		 0.0769231
RWEAG_numig         		 0.0769231
RWEAH_numc          		 0.0769231
RWEAH_numi          		 0.0769231
RWEAH_numcg         		 0.0769231
RWEAH_numig         		 0.0769231
RWEAI_numc          		 0.0769231
RWEAI_numi          		 0.0769231
RWEAI_numcg         		 0.0769231
RWEAI_numig         		 0.0769231
RWEAJ_numc          		 0.0769231
RWEAJ_numi          		 0.0769231
RWEAJ_numcg         		 0.0769231
RWEAJ_numig         		 0.0769231
RWEAL_numc          		 0.0769231
RWEAL_numi          		 0.0769231
RWEAL_numcg         		 0.0769231
RWEAL_numig         		 0.0769231
RWUS_numc           		 0.076923
RWUS_numi           		 0.076923
RWUS_numcg          		 0.076923
RWUS_numig          		 0.076923
USEAA_numc          		 0.0769231
USEAA_numi          		 0.0769231
USEAA_numcg         		 0.0769231
USEAA_numig         		 0.0769231
USEAB_numc          		 0.0769231
USEAB_numi          		 0.0769231
USEAB_numcg         		 0.0769231
USEAB_numig         		 0.0769231
USEAC_numc          		 0.0769231
USEAC_numi          		 0.0769231
USEAC_numcg         		 0.0769231
USEAC_numig         		 0.0769231
USEAD_numc          		 0.0769231
USEAD_numi          		 0.0769231
USEAD_numcg         		 0.0769231
USEAD_numig         		 0.0769231
USEAE_numc          		 0.0769231
USEAE_numi          		 0.0769231
USEAE_numcg         		 0.0769231
USEAE_numig         		 0.0769231
USEAF_numc          		 0.0769231
USEAF_numi          		 0.0769231
USEAF_numcg         		 0.0769231
USEAF_numig         		 0.0769231
USEAG_numc          		 0.0769231
USEAG_numi          		 0.0769231
USEAG_numcg         		 0.0769231
USEAG_numig         		 0.0769231
USEAH_numc          		 0.0769231
USEAH_numi          		 0.0769231
USEAH_numcg         		 0.0769231
USEAH_numig         		 0.0769231
USEAI_numc          		 0.0769231
USEAI_numi          		 0.0769231
USEAI_numcg         		 0.0769231
USEAI_numig         		 0.0769231
USEAJ_numc          		 0.0769231
USEAJ_numi          		 0.0769231
USEAJ_numcg         		 0.0769231
USEAJ_numig         		 0.0769231
USEAK_numc          		 0.0769231
USEAK_numi          		 0.0769231
USEAK_numcg         		 0.0769231
USEAK_numig         		 0.0769231
USRW_numc           		 0.076923
USRW_numi           		 0.076923
USRW_numcg          		 0.076923
USRW_numig          		 0.076923
EAAEAK_nerdep       		 1
EAA_gammabh         		 0
EABEAK_nerdep       		 1
EAB_gammabh         		 0
EACEAK_nerdep       		 1
EAC_gammabh         		 0
EADEAK_nerdep       		 1
EAD_gammabh         		 0
EAEEAK_nerdep       		 1
EAE_gammabh         		 0
EAFEAK_nerdep       		 1
EAF_gammabh         		 0
EAGEAK_nerdep       		 1
EAG_gammabh         		 0
EAHEAK_nerdep       		 1
EAH_gammabh         		 0
EAIEAK_nerdep       		 1
EAI_gammabh         		 0
EAJEAK_nerdep       		 1
EAJ_gammabh         		 0
EAA_bh              		 0
EAB_bh              		 0
EAC_bh              		 0
EAD_bh              		 0
EAE_bh              		 0
EAF_bh              		 -2.84198e-17
EAG_bh              		 0
EAH_bh              		 0
EAI_bh              		 0
EAJ_bh              		 0
EAK_bh              		 2.77556e-16
vi
HOMOTOPY mode 1: computing step 0/5...
HOMOTOPY mode 1: computing step 1/5...
MODEL STEADY STATE: (method=Sparse Gaussian Elimination)
------------------------------------
      Iteration no. 1
      Inf-norm error = 1.694e-02
      2-norm error   = 6.342e-02
      1-norm error   = 2.469e-01
------------------------------------
MODEL STEADY STATE: (method=Sparse Gaussian Elimination)
------------------------------------
      Iteration no. 2
      Inf-norm error = 1.256e-04
      2-norm error   = 6.593e-04
      1-norm error   = 3.656e-03
------------------------------------
HOMOTOPY mode 1: computing step 2/5...
MODEL STEADY STATE: (method=Sparse Gaussian Elimination)
------------------------------------
      Iteration no. 1
      Inf-norm error = 1.694e-02
      2-norm error   = 6.342e-02
      1-norm error   = 2.467e-01
------------------------------------
MODEL STEADY STATE: (method=Sparse Gaussian Elimination)
------------------------------------
      Iteration no. 2
      Inf-norm error = 1.247e-04
      2-norm error   = 6.545e-04
      1-norm error   = 3.627e-03
------------------------------------
HOMOTOPY mode 1: computing step 3/5...
MODEL STEADY STATE: (method=Sparse Gaussian Elimination)
------------------------------------
      Iteration no. 1
      Inf-norm error = 1.694e-02
      2-norm error   = 6.342e-02
      1-norm error   = 2.465e-01
------------------------------------
MODEL STEADY STATE: (method=Sparse Gaussian Elimination)
------------------------------------
      Iteration no. 2
      Inf-norm error = 1.238e-04
      2-norm error   = 6.498e-04
      1-norm error   = 3.598e-03
------------------------------------
HOMOTOPY mode 1: computing step 4/5...
MODEL STEADY STATE: (method=Sparse Gaussian Elimination)
------------------------------------
      Iteration no. 1
      Inf-norm error = 1.694e-02
      2-norm error   = 6.342e-02
      1-norm error   = 2.464e-01
------------------------------------
MODEL STEADY STATE: (method=Sparse Gaussian Elimination)
------------------------------------
      Iteration no. 2
      Inf-norm error = 1.229e-04
      2-norm error   = 6.451e-04
      1-norm error   = 3.570e-03
------------------------------------
HOMOTOPY mode 1: computing step 5/5...
MODEL STEADY STATE: (method=Sparse Gaussian Elimination)
------------------------------------
      Iteration no. 1
      Inf-norm error = 1.694e-02
      2-norm error   = 6.341e-02
      1-norm error   = 2.462e-01
------------------------------------
MODEL STEADY STATE: (method=Sparse Gaussian Elimination)
------------------------------------
      Iteration no. 2
      Inf-norm error = 1.220e-04
      2-norm error   = 6.405e-04
      1-norm error   = 3.542e-03
------------------------------------

STEADY-STATE RESULTS:

EA_bf               		 -0.412254
EA_m                		 0.805936
EA_pic4             		 1.02
EA_y                		 3.56968
EA_ygrowth          		 1
EA_ygrowth4         		 1
EA_z                		 1
EA_ybar             		 3.56968
EAAEAB_excy         		 0.0213205
EAAEAC_excy         		 0.0213205
EAAEAD_excy         		 0.0213205
EAAEAE_excy         		 0.0213205
EAAEAF_excy         		 0.0213205
EAAEAG_excy         		 0.0213205
EAAEAH_excy         		 0.0213205
EAAEAI_excy         		 0.0213205
EAAEAJ_excy         		 0.0213205
EAAEAK_excy         		 0.0213205
EAAEAL_excy         		 0.0217196
EAARW_excy          		 0.0164031
EAAUS_excy          		 0.00609685
EAAEAB_exiy         		 0.0102114
EAAEAC_exiy         		 0.0102114
EAAEAD_exiy         		 0.0102114
EAAEAE_exiy         		 0.0102114
EAAEAF_exiy         		 0.0102114
EAAEAG_exiy         		 0.0102114
EAAEAH_exiy         		 0.0102114
EAAEAI_exiy         		 0.0102114
EAAEAJ_exiy         		 0.0102114
EAAEAK_exiy         		 0.0102114
EAAEAL_exiy         		 0.0102503
EAARW_exiy          		 0.0129191
EAAUS_exiy          		 0.0048406
EAA_fx              		 5.69841
EAAEAB_gammaimc     		 0
EAAEAC_gammaimc     		 0
EAAEAD_gammaimc     		 0
EAAEAE_gammaimc     		 0
EAAEAF_gammaimc     		 0
EAAEAG_gammaimc     		 0
EAAEAH_gammaimc     		 0
EAAEAI_gammaimc     		 0
EAAEAJ_gammaimc     		 0
EAAEAK_gammaimc     		 0
EAAEAL_gammaimc     		 0
EAARW_gammaimc      		 0
EAAUS_gammaimc      		 0
EAAEAB_gammaimcdag  		 1
EAAEAC_gammaimcdag  		 1
EAAEAD_gammaimcdag  		 1
EAAEAE_gammaimcdag  		 1
EAAEAF_gammaimcdag  		 1
EAAEAG_gammaimcdag  		 1
EAAEAH_gammaimcdag  		 1
EAAEAI_gammaimcdag  		 1
EAAEAJ_gammaimcdag  		 1
EAAEAK_gammaimcdag  		 1
EAAEAL_gammaimcdag  		 1
EAARW_gammaimcdag   		 1
EAAUS_gammaimcdag   		 1
EAAEAB_gammaimi     		 0
EAAEAC_gammaimi     		 0
EAAEAD_gammaimi     		 0
EAAEAE_gammaimi     		 0
EAAEAF_gammaimi     		 0
EAAEAG_gammaimi     		 0
EAAEAH_gammaimi     		 0
EAAEAI_gammaimi     		 0
EAAEAJ_gammaimi     		 0
EAAEAK_gammaimi     		 0
EAAEAL_gammaimi     		 0
EAARW_gammaimi      		 0
EAAUS_gammaimi      		 0
EAAEAB_gammaimidag  		 1
EAAEAC_gammaimidag  		 1
EAAEAD_gammaimidag  		 1
EAAEAE_gammaimidag  		 1
EAAEAF_gammaimidag  		 1
EAAEAG_gammaimidag  		 1
EAAEAH_gammaimidag  		 1
EAAEAI_gammaimidag  		 1
EAAEAJ_gammaimidag  		 1
EAAEAK_gammaimidag  		 1
EAAEAL_gammaimidag  		 1
EAARW_gammaimidag   		 1
EAAUS_gammaimidag   		 1
EAAEAB_gammaimcg    		 0
EAAEAC_gammaimcg    		 0
EAAEAD_gammaimcg    		 0
EAAEAE_gammaimcg    		 0
EAAEAF_gammaimcg    		 0
EAAEAG_gammaimcg    		 0
EAAEAH_gammaimcg    		 0
EAAEAI_gammaimcg    		 0
EAAEAJ_gammaimcg    		 0
EAAEAK_gammaimcg    		 0
EAAEAL_gammaimcg    		 0
EAARW_gammaimcg     		 0
EAAUS_gammaimcg     		 0
EAAEAB_gammaimcgdag 		 1
EAAEAC_gammaimcgdag 		 1
EAAEAD_gammaimcgdag 		 1
EAAEAE_gammaimcgdag 		 1
EAAEAF_gammaimcgdag 		 1
EAAEAG_gammaimcgdag 		 1
EAAEAH_gammaimcgdag 		 1
EAAEAI_gammaimcgdag 		 1
EAAEAJ_gammaimcgdag 		 1
EAAEAK_gammaimcgdag 		 1
EAAEAL_gammaimcgdag 		 1
EAARW_gammaimcgdag  		 1
EAAUS_gammaimcgdag  		 1
EAAEAB_gammaimig    		 0
EAAEAC_gammaimig    		 0
EAAEAD_gammaimig    		 0
EAAEAE_gammaimig    		 0
EAAEAF_gammaimig    		 0
EAAEAG_gammaimig    		 0
EAAEAH_gammaimig    		 0
EAAEAI_gammaimig    		 0
EAAEAJ_gammaimig    		 0
EAAEAK_gammaimig    		 0
EAAEAL_gammaimig    		 0
EAARW_gammaimig     		 0
EAAUS_gammaimig     		 0
EAAEAB_gammaimigdag 		 1
EAAEAC_gammaimigdag 		 1
EAAEAD_gammaimigdag 		 1
EAAEAE_gammaimigdag 		 1
EAAEAF_gammaimigdag 		 1
EAAEAG_gammaimigdag 		 1
EAAEAH_gammaimigdag 		 1
EAAEAI_gammaimigdag 		 1
EAAEAJ_gammaimigdag 		 1
EAAEAK_gammaimigdag 		 1
EAAEAL_gammaimigdag 		 1
EAARW_gammaimigdag  		 1
EAAUS_gammaimigdag  		 1
EAA_gx              		 6.8381
EAAEAB_im           		 0.152327
EAAEAC_im           		 0.152327
EAAEAD_im           		 0.152327
EAAEAE_im           		 0.152327
EAAEAF_im           		 0.152327
EAAEAG_im           		 0.152327
EAAEAH_im           		 0.152327
EAAEAI_im           		 0.152327
EAAEAJ_im           		 0.152327
EAAEAK_im           		 0.152327
EAAEAL_im           		 0.150188
EAARW_im            		 0.139278
EAAUS_im            		 0.0651772
EAAEAB_imc          		 0.083519
EAAEAC_imc          		 0.083519
EAAEAD_imc          		 0.083519
EAAEAE_imc          		 0.083519
EAAEAF_imc          		 0.083519
EAAEAG_imc          		 0.083519
EAAEAH_imc          		 0.083519
EAAEAI_imc          		 0.083519
EAAEAJ_imc          		 0.083519
EAAEAK_imc          		 0.083519
EAAEAL_imc          		 0.0823463
EAARW_imc           		 0.0763641
EAAUS_imc           		 0.0357358
EAARW_imcy          		 0.0202048
EAAEAB_imi          		 0.0400013
EAAEAC_imi          		 0.0400013
EAAEAD_imi          		 0.0400013
EAAEAE_imi          		 0.0400013
EAAEAF_imi          		 0.0400013
EAAEAG_imi          		 0.0400013
EAAEAH_imi          		 0.0400013
EAAEAI_imi          		 0.0400013
EAAEAJ_imi          		 0.0400013
EAAEAK_imi          		 0.0400013
EAAEAL_imi          		 0.0394397
EAARW_imi           		 0.0365745
EAAUS_imi           		 0.0171156
EAARW_imiy          		 0.00967707
EAAEAB_imcg         		 0.0240058
EAAEAC_imcg         		 0.0240058
EAAEAD_imcg         		 0.0240058
EAAEAE_imcg         		 0.0240058
EAAEAF_imcg         		 0.0240058
EAAEAG_imcg         		 0.0240058
EAAEAH_imcg         		 0.0240058
EAAEAI_imcg         		 0.0240058
EAAEAJ_imcg         		 0.0240058
EAAEAK_imcg         		 0.0240058
EAAEAL_imcg         		 0.0236687
EAARW_imcg          		 0.0219492
EAAUS_imcg          		 0.0102715
EAARW_imcgy         		 0.00580744
EAAEAB_imig         		 0.00480115
EAAEAC_imig         		 0.00480115
EAAEAD_imig         		 0.00480115
EAAEAE_imig         		 0.00480115
EAAEAF_imig         		 0.00480115
EAAEAG_imig         		 0.00480115
EAAEAH_imig         		 0.00480115
EAAEAI_imig         		 0.00480115
EAAEAJ_imig         		 0.00480115
EAAEAK_imig         		 0.00480115
EAAEAL_imig         		 0.00473374
EAARW_imig          		 0.00438985
EAAUS_imig          		 0.0020543
EAARW_imigy         		 0.00116149
EAA_piex            		 1.00496
EAA_pextilde        		 0.911257
EAAEAB_rer          		 1
EAAEAC_rer          		 1
EAAEAD_rer          		 1
EAAEAE_rer          		 1
EAAEAF_rer          		 1
EAAEAG_rer          		 1
EAAEAH_rer          		 1
EAAEAI_rer          		 1
EAAEAJ_rer          		 1
EAAEAK_rer          		 1
EAAEAL_rer          		 1.00262
EAARW_rer           		 0.980127
EAAUS_rer           		 1.30528
EAA_sx              		 1
EAAEAB_tot          		 1
EAAEAC_tot          		 1
EAAEAD_tot          		 1
EAAEAE_tot          		 1
EAAEAF_tot          		 1
EAAEAG_tot          		 1
EAAEAH_tot          		 1
EAAEAI_tot          		 1
EAAEAJ_tot          		 1
EAAEAK_tot          		 1
EAAEAL_tot          		 1.00567
EAARW_tot           		 1.03646
EAAUS_tot           		 1.40432
EAAEAB_weight       		 0.0790839
EAAEAC_weight       		 0.0790839
EAAEAD_weight       		 0.0790839
EAAEAE_weight       		 0.0790839
EAAEAF_weight       		 0.0790839
EAAEAG_weight       		 0.0790839
EAAEAH_weight       		 0.0790839
EAAEAI_weight       		 0.0790839
EAAEAJ_weight       		 0.0790839
EAAEAK_weight       		 0.0790839
EAAEAL_weight       		 0.0787644
EAARW_weight        		 0.0777095
EAAUS_weight        		 0.0526868
EAAEAB_weightex     		 0.0784261
EAAEAC_weightex     		 0.0784261
EAAEAD_weightex     		 0.0784261
EAAEAE_weightex     		 0.0784261
EAAEAF_weightex     		 0.0784261
EAAEAG_weightex     		 0.0784261
EAAEAH_weightex     		 0.0784261
EAAEAI_weightex     		 0.0784261
EAAEAJ_weightex     		 0.0784261
EAAEAK_weightex     		 0.0784261
EAAEAL_weightex     		 0.0784597
EAARW_weightex      		 0.0798398
EAAUS_weightex      		 0.0574393
EAAEAB_weightim     		 0.0797441
EAAEAC_weightim     		 0.0797441
EAAEAD_weightim     		 0.0797441
EAAEAE_weightim     		 0.0797441
EAAEAF_weightim     		 0.0797441
EAAEAG_weightim     		 0.0797441
EAAEAH_weightim     		 0.0797441
EAAEAI_weightim     		 0.0797441
EAAEAJ_weightim     		 0.0797441
EAAEAK_weightim     		 0.0797441
EAAEAL_weightim     		 0.0790703
EAARW_weightim      		 0.0755711
EAAUS_weightim      		 0.0479163
EAA_b               		 8.56723
EAA_bf              		 -0.412254
EAA_by              		 2.4
EAA_c               		 1.91813
EAA_ci              		 2.17374
EAA_cj              		 1.15129
EAA_cy              		 0.537339
EAA_d               		 0.163581
EAA_dn              		 0.163581
EAA_dt              		 -1.34331e-07
EAA_etot            		 1.02134
EAA_ex              		 1.91744
EAA_fh              		 6.7904
EAA_fi              		 14.2952
EAA_fj              		 0.529452
EAA_fn              		 8.56886
EAA_cg              		 0.740818
EAA_gammab          		 0
EAA_gammai          		 0
EAA_gammaider       		 0
EAA_gammau          		 0
EAA_gammauder       		 0.0324171
EAA_gammav          		 0.000193765
EAA_gammavi         		 0.000101018
EAA_gammavider      		 0.00216519
EAA_gammavj         		 0.000101018
EAA_gammavjder      		 0.00216519
EAA_gh              		 8.14848
EAA_gi              		 5.91135
EAA_gj              		 3.72038
EAA_gn              		 12.8533
EAA_cgy             		 0.2
EAA_ht              		 0.77593
EAA_htc             		 0.271436
EAA_hti             		 0.130004
EAA_htcg            		 0.312075
EAA_htig            		 0.062415
EAA_i               		 0.804602
EAA_ig              		 0.148164
EAA_ii              		 1.0728
EAA_im              		 1.86488
EAA_imc             		 1.02249
EAA_imi             		 0.489721
EAA_imcg            		 0.293893
EAA_imig            		 0.0587786
EAA_imy             		 0.48763
EAA_internalrer     		 1.22631
EAA_igy             		 0.04
EAA_k               		 32.1841
EAA_kd              		 32.1841
EAA_kdn             		 8.99298
EAA_kdt             		 23.1911
EAA_ki              		 42.9121
EAA_lambdai         		 1.29051
EAA_lambdaj         		 2.4366
EAA_lcy             		 0.667922
EAA_m               		 0.805936
EAA_mcn             		 0.759381
EAA_mct             		 0.759381
EAA_mi              		 0.913337
EAA_mj              		 0.483736
EAA_nd              		 1.92756
EAA_ndi             		 0.92155
EAA_ndj             		 1.09358
EAA_ndn             		 0.538604
EAA_ndt             		 1.38895
EAA_ni              		 0.92155
EAA_nj              		 1.09358
EAA_nt              		 0.979152
EAA_ntc             		 0.629092
EAA_nti             		 0.186521
EAA_ntcg            		 0.136282
EAA_ntig            		 0.0272565
EAA_pex             		 0.911257
EAA_pht             		 0.911257
EAA_phttilde        		 0.911257
EAA_pi              		 0.979408
EAA_pcg             		 0.963713
EAA_pig             		 0.963713
EAA_pic             		 1.00496
EAA_pic4            		 1.02
EAA_piex4           		 1.02
EAA_piht            		 1.00496
EAA_piimc           		 1.00496
EAA_piimi           		 1.00496
EAA_piimcg          		 1.00496
EAA_piimig          		 1.00496
EAA_piimc4          		 1.02
EAA_pim             		 0.933402
EAA_pimc            		 0.9334
EAA_pimi            		 0.9334
EAA_pimcg           		 0.9334
EAA_pimig           		 0.9334
EAA_pint            		 1.00496
EAA_piw             		 1.00496
EAA_piw4            		 1.02
EAA_pnt             		 1.13907
EAA_pnttilde        		 1.13907
EAA_pttc            		 0.928864
EAA_ptti            		 0.928864
EAA_pttcg           		 0.922163
EAA_pttig           		 0.922163
EAA_py              		 0.971996
EAA_q               		 0.979408
EAA_qc              		 1.91832
EAA_qi              		 0.804602
EAA_qcg             		 0.740818
EAA_qig             		 0.148164
EAA_r               		 1.01242
EAA_reer            		 1.01276
EAA_rer             		 1.30528
EAA_rerdep          		 1
EAA_rk              		 0.0317495
EAA_rp              		 0
EAA_rr              		 1.00742
EAA_rrstar          		 1.00742
EAA_sh              		 1
EAA_si              		 1
EAA_sj              		 1
EAA_snt             		 1
EAA_t               		 0
EAA_tauc            		 0.183
EAA_taud            		 0
EAA_tauk            		 0
EAA_taun            		 0.122
EAA_tauwf           		 0.219
EAA_tauwh           		 0.118
EAA_tb              		 0.00659988
EAA_tby             		 0.00184887
EAA_ti              		 0
EAA_tj              		 0
EAA_tot             		 1.40432
EAA_tr              		 0.333275
EAA_tri             		 0.222183
EAA_trj             		 0.66655
EAA_try             		 0.0934018
EAA_ttc             		 1.29378
EAA_tti             		 0.619652
EAA_ttcg            		 0.605859
EAA_ttig            		 0.121172
EAA_ty              		 0
EAA_u               		 1
EAA_utili           		 -93.5013
EAA_utilj           		 -203.605
EAA_vj              		 2.38
EAA_w               		 1.01472
EAA_wcst            		 0
EAA_whty            		 0.574241
EAA_wi              		 1.12592
EAA_witilde         		 1.12592
EAA_wj              		 0.839749
EAA_wjtilde         		 0.839749
EAA_wnty            		 0.490019
EAA_wy              		 0.547927
EAA_y               		 3.67252
EAA_ygap            		 0
EAA_ygrowth         		 1
EAA_ygrowth4        		 1
EAA_yhty            		 0.687556
EAA_ynty            		 0.312444
EAA_yshare          		 0.0665152
EAA_ysn             		 0.979152
EAA_yst             		 2.69337
EAA_zcon            		 1
EAA_zinv            		 1
EAA_zn              		 1
EAA_zt              		 1
EAA_gammav1         		 0.0287061
EAA_gammav2         		 0.150338
EAA_nutc            		 0.2
EAA_nuti            		 0.200001
EAA_nutcg           		 0.500001
EAA_nutig           		 0.500001
EAA_psit            		 0.2
EAAEAB_rerbar       		 1
EAAEAC_rerbar       		 1
EAAEAD_rerbar       		 1
EAAEAE_rerbar       		 1
EAAEAF_rerbar       		 1
EAAEAG_rerbar       		 1
EAAEAH_rerbar       		 1
EAAEAI_rerbar       		 1
EAAEAJ_rerbar       		 1
EAAEAK_rerbar       		 1
EAAEAL_rerbar       		 1.00262
EAARW_rerbar        		 0.980127
EAAUS_rerbar        		 1.30528
EAA_pibar           		 0.979408
EAA_psinbar         		 0.274162
EAA_psitbar         		 0.538675
EAA_pybar           		 0.971996
EAA_qbar            		 0.979408
EAA_trybar          		 0.0933627
EAA_ybar            		 3.67252
EAA_ynbar           		 0.979152
EAA_ytbar           		 2.69337
EABEAA_excy         		 0.0213205
EABEAC_excy         		 0.0213205
EABEAD_excy         		 0.0213205
EABEAE_excy         		 0.0213205
EABEAF_excy         		 0.0213205
EABEAG_excy         		 0.0213205
EABEAH_excy         		 0.0213205
EABEAI_excy         		 0.0213205
EABEAJ_excy         		 0.0213205
EABEAK_excy         		 0.0213205
EABEAL_excy         		 0.0217196
EABRW_excy          		 0.0164031
EABUS_excy          		 0.00609685
EABEAA_exiy         		 0.0102114
EABEAC_exiy         		 0.0102114
EABEAD_exiy         		 0.0102114
EABEAE_exiy         		 0.0102114
EABEAF_exiy         		 0.0102114
EABEAG_exiy         		 0.0102114
EABEAH_exiy         		 0.0102114
EABEAI_exiy         		 0.0102114
EABEAJ_exiy         		 0.0102114
EABEAK_exiy         		 0.0102114
EABEAL_exiy         		 0.0102503
EABRW_exiy          		 0.0129191
EABUS_exiy          		 0.0048406
EAB_fx              		 5.69841
EABEAA_gammaimc     		 0
EABEAC_gammaimc     		 0
EABEAD_gammaimc     		 0
EABEAE_gammaimc     		 0
EABEAF_gammaimc     		 0
EABEAG_gammaimc     		 0
EABEAH_gammaimc     		 0
EABEAI_gammaimc     		 0
EABEAJ_gammaimc     		 0
EABEAK_gammaimc     		 0
EABEAL_gammaimc     		 0
EABRW_gammaimc      		 0
EABUS_gammaimc      		 0
EABEAA_gammaimcdag  		 1
EABEAC_gammaimcdag  		 1
EABEAD_gammaimcdag  		 1
EABEAE_gammaimcdag  		 1
EABEAF_gammaimcdag  		 1
EABEAG_gammaimcdag  		 1
EABEAH_gammaimcdag  		 1
EABEAI_gammaimcdag  		 1
EABEAJ_gammaimcdag  		 1
EABEAK_gammaimcdag  		 1
EABEAL_gammaimcdag  		 1
EABRW_gammaimcdag   		 1
EABUS_gammaimcdag   		 1
EABEAA_gammaimi     		 0
EABEAC_gammaimi     		 0
EABEAD_gammaimi     		 0
EABEAE_gammaimi     		 0
EABEAF_gammaimi     		 0
EABEAG_gammaimi     		 0
EABEAH_gammaimi     		 0
EABEAI_gammaimi     		 0
EABEAJ_gammaimi     		 0
EABEAK_gammaimi     		 0
EABEAL_gammaimi     		 0
EABRW_gammaimi      		 0
EABUS_gammaimi      		 0
EABEAA_gammaimidag  		 1
EABEAC_gammaimidag  		 1
EABEAD_gammaimidag  		 1
EABEAE_gammaimidag  		 1
EABEAF_gammaimidag  		 1
EABEAG_gammaimidag  		 1
EABEAH_gammaimidag  		 1
EABEAI_gammaimidag  		 1
EABEAJ_gammaimidag  		 1
EABEAK_gammaimidag  		 1
EABEAL_gammaimidag  		 1
EABRW_gammaimidag   		 1
EABUS_gammaimidag   		 1
EABEAA_gammaimcg    		 0
EABEAC_gammaimcg    		 0
EABEAD_gammaimcg    		 0
EABEAE_gammaimcg    		 0
EABEAF_gammaimcg    		 0
EABEAG_gammaimcg    		 0
EABEAH_gammaimcg    		 0
EABEAI_gammaimcg    		 0
EABEAJ_gammaimcg    		 0
EABEAK_gammaimcg    		 0
EABEAL_gammaimcg    		 0
EABRW_gammaimcg     		 0
EABUS_gammaimcg     		 0
EABEAA_gammaimcgdag 		 1
EABEAC_gammaimcgdag 		 1
EABEAD_gammaimcgdag 		 1
EABEAE_gammaimcgdag 		 1
EABEAF_gammaimcgdag 		 1
EABEAG_gammaimcgdag 		 1
EABEAH_gammaimcgdag 		 1
EABEAI_gammaimcgdag 		 1
EABEAJ_gammaimcgdag 		 1
EABEAK_gammaimcgdag 		 1
EABEAL_gammaimcgdag 		 1
EABRW_gammaimcgdag  		 1
EABUS_gammaimcgdag  		 1
EABEAA_gammaimig    		 0
EABEAC_gammaimig    		 0
EABEAD_gammaimig    		 0
EABEAE_gammaimig    		 0
EABEAF_gammaimig    		 0
EABEAG_gammaimig    		 0
EABEAH_gammaimig    		 0
EABEAI_gammaimig    		 0
EABEAJ_gammaimig    		 0
EABEAK_gammaimig    		 0
EABEAL_gammaimig    		 0
EABRW_gammaimig     		 0
EABUS_gammaimig     		 0
EABEAA_gammaimigdag 		 1
EABEAC_gammaimigdag 		 1
EABEAD_gammaimigdag 		 1
EABEAE_gammaimigdag 		 1
EABEAF_gammaimigdag 		 1
EABEAG_gammaimigdag 		 1
EABEAH_gammaimigdag 		 1
EABEAI_gammaimigdag 		 1
EABEAJ_gammaimigdag 		 1
EABEAK_gammaimigdag 		 1
EABEAL_gammaimigdag 		 1
EABRW_gammaimigdag  		 1
EABUS_gammaimigdag  		 1
EAB_gx              		 6.8381
EABEAA_im           		 0.152327
EABEAC_im           		 0.152327
EABEAD_im           		 0.152327
EABEAE_im           		 0.152327
EABEAF_im           		 0.152327
EABEAG_im           		 0.152327
EABEAH_im           		 0.152327
EABEAI_im           		 0.152327
EABEAJ_im           		 0.152327
EABEAK_im           		 0.152327
EABEAL_im           		 0.150188
EABRW_im            		 0.139278
EABUS_im            		 0.0651772
EABEAA_imc          		 0.083519
EABEAC_imc          		 0.083519
EABEAD_imc          		 0.083519
EABEAE_imc          		 0.083519
EABEAF_imc          		 0.083519
EABEAG_imc          		 0.083519
EABEAH_imc          		 0.083519
EABEAI_imc          		 0.083519
EABEAJ_imc          		 0.083519
EABEAK_imc          		 0.083519
EABEAL_imc          		 0.0823463
EABRW_imc           		 0.0763641
EABUS_imc           		 0.0357358
EABUS_imcy          		 0.012811
EABEAA_imi          		 0.0400013
EABEAC_imi          		 0.0400013
EABEAD_imi          		 0.0400013
EABEAE_imi          		 0.0400013
EABEAF_imi          		 0.0400013
EABEAG_imi          		 0.0400013
EABEAH_imi          		 0.0400013
EABEAI_imi          		 0.0400013
EABEAJ_imi          		 0.0400013
EABEAK_imi          		 0.0400013
EABEAL_imi          		 0.0394397
EABRW_imi           		 0.0365745
EABUS_imi           		 0.0171156
EABUS_imiy          		 0.0061358
EABEAA_imcg         		 0.0240058
EABEAC_imcg         		 0.0240058
EABEAD_imcg         		 0.0240058
EABEAE_imcg         		 0.0240058
EABEAF_imcg         		 0.0240058
EABEAG_imcg         		 0.0240058
EABEAH_imcg         		 0.0240058
EABEAI_imcg         		 0.0240058
EABEAJ_imcg         		 0.0240058
EABEAK_imcg         		 0.0240058
EABEAL_imcg         		 0.0236687
EABRW_imcg          		 0.0219492
EABUS_imcg          		 0.0102715
EABUS_imcgy         		 0.00368224
EABEAA_imig         		 0.00480115
EABEAC_imig         		 0.00480115
EABEAD_imig         		 0.00480115
EABEAE_imig         		 0.00480115
EABEAF_imig         		 0.00480115
EABEAG_imig         		 0.00480115
EABEAH_imig         		 0.00480115
EABEAI_imig         		 0.00480115
EABEAJ_imig         		 0.00480115
EABEAK_imig         		 0.00480115
EABEAL_imig         		 0.00473374
EABRW_imig          		 0.00438985
EABUS_imig          		 0.0020543
EABUS_imigy         		 0.000736448
EAB_piex            		 1.00496
EAB_pextilde        		 0.911257
EABEAA_rer          		 1
EABEAC_rer          		 1
EABEAD_rer          		 1
EABEAE_rer          		 1
EABEAF_rer          		 1
EABEAG_rer          		 1
EABEAH_rer          		 1
EABEAI_rer          		 1
EABEAJ_rer          		 1
EABEAK_rer          		 1
EABEAL_rer          		 1.00262
EABRW_rer           		 0.980127
EABUS_rer           		 1.30528
EAB_sx              		 1
EABEAA_tot          		 1
EABEAC_tot          		 1
EABEAD_tot          		 1
EABEAE_tot          		 1
EABEAF_tot          		 1
EABEAG_tot          		 1
EABEAH_tot          		 1
EABEAI_tot          		 1
EABEAJ_tot          		 1
EABEAK_tot          		 1
EABEAL_tot          		 1.00567
EABRW_tot           		 1.03646
EABUS_tot           		 1.40432
EABEAA_weight       		 0.0790839
EABEAC_weight       		 0.0790839
EABEAD_weight       		 0.0790839
EABEAE_weight       		 0.0790839
EABEAF_weight       		 0.0790839
EABEAG_weight       		 0.0790839
EABEAH_weight       		 0.0790839
EABEAI_weight       		 0.0790839
EABEAJ_weight       		 0.0790839
EABEAK_weight       		 0.0790839
EABEAL_weight       		 0.0787644
EABRW_weight        		 0.0777095
EABUS_weight        		 0.0526868
EABEAA_weightex     		 0.0784261
EABEAC_weightex     		 0.0784261
EABEAD_weightex     		 0.0784261
EABEAE_weightex     		 0.0784261
EABEAF_weightex     		 0.0784261
EABEAG_weightex     		 0.0784261
EABEAH_weightex     		 0.0784261
EABEAI_weightex     		 0.0784261
EABEAJ_weightex     		 0.0784261
EABEAK_weightex     		 0.0784261
EABEAL_weightex     		 0.0784597
EABRW_weightex      		 0.0798398
EABUS_weightex      		 0.0574393
EABEAA_weightim     		 0.0797441
EABEAC_weightim     		 0.0797441
EABEAD_weightim     		 0.0797441
EABEAE_weightim     		 0.0797441
EABEAF_weightim     		 0.0797441
EABEAG_weightim     		 0.0797441
EABEAH_weightim     		 0.0797441
EABEAI_weightim     		 0.0797441
EABEAJ_weightim     		 0.0797441
EABEAK_weightim     		 0.0797441
EABEAL_weightim     		 0.0790703
EABRW_weightim      		 0.0755711
EABUS_weightim      		 0.0479163
EAB_b               		 8.56723
EAB_bf              		 -0.412254
EAB_by              		 2.4
EAB_c               		 1.91813
EAB_ci              		 2.17374
EAB_cj              		 1.15129
EAB_cy              		 0.537339
EAB_d               		 0.163581
EAB_dn              		 0.163581
EAB_dt              		 -1.34331e-07
EAB_etot            		 1.02134
EAB_ex              		 1.91744
EAB_fh              		 6.7904
EAB_fi              		 14.2952
EAB_fj              		 0.529452
EAB_fn              		 8.56886
EAB_cg              		 0.740818
EAB_gammab          		 0
EAB_gammai          		 0
EAB_gammaider       		 0
EAB_gammau          		 0
EAB_gammauder       		 0.0324171
EAB_gammav          		 0.000193765
EAB_gammavi         		 0.000101018
EAB_gammavider      		 0.00216519
EAB_gammavj         		 0.000101018
EAB_gammavjder      		 0.00216519
EAB_gh              		 8.14848
EAB_gi              		 5.91135
EAB_gj              		 3.72038
EAB_gn              		 12.8533
EAB_cgy             		 0.2
EAB_ht              		 0.77593
EAB_htc             		 0.271436
EAB_hti             		 0.130004
EAB_htcg            		 0.312075
EAB_htig            		 0.062415
EAB_i               		 0.804602
EAB_ig              		 0.148164
EAB_ii              		 1.0728
EAB_im              		 1.86488
EAB_imc             		 1.02249
EAB_imi             		 0.489721
EAB_imcg            		 0.293893
EAB_imig            		 0.0587786
EAB_imy             		 0.48763
EAB_internalrer     		 1.22631
EAB_igy             		 0.04
EAB_k               		 32.1841
EAB_kd              		 32.1841
EAB_kdn             		 8.99298
EAB_kdt             		 23.1911
EAB_ki              		 42.9121
EAB_lambdai         		 1.29051
EAB_lambdaj         		 2.4366
EAB_lcy             		 0.667922
EAB_m               		 0.805936
EAB_mcn             		 0.759381
EAB_mct             		 0.759381
EAB_mi              		 0.913337
EAB_mj              		 0.483736
EAB_nd              		 1.92756
EAB_ndi             		 0.92155
EAB_ndj             		 1.09358
EAB_ndn             		 0.538604
EAB_ndt             		 1.38895
EAB_ni              		 0.92155
EAB_nj              		 1.09358
EAB_nt              		 0.979152
EAB_ntc             		 0.629092
EAB_nti             		 0.186521
EAB_ntcg            		 0.136282
EAB_ntig            		 0.0272565
EAB_pex             		 0.911257
EAB_pht             		 0.911257
EAB_phttilde        		 0.911257
EAB_pi              		 0.979408
EAB_pcg             		 0.963713
EAB_pig             		 0.963713
EAB_pic             		 1.00496
EAB_pic4            		 1.02
EAB_piex4           		 1.02
EAB_piht            		 1.00496
EAB_piimc           		 1.00496
EAB_piimi           		 1.00496
EAB_piimcg          		 1.00496
EAB_piimig          		 1.00496
EAB_piimc4          		 1.02
EAB_pim             		 0.933402
EAB_pimc            		 0.9334
EAB_pimi            		 0.9334
EAB_pimcg           		 0.9334
EAB_pimig           		 0.9334
EAB_pint            		 1.00496
EAB_piw             		 1.00496
EAB_piw4            		 1.02
EAB_pnt             		 1.13907
EAB_pnttilde        		 1.13907
EAB_pttc            		 0.928864
EAB_ptti            		 0.928864
EAB_pttcg           		 0.922163
EAB_pttig           		 0.922163
EAB_py              		 0.971996
EAB_q               		 0.979408
EAB_qc              		 1.91832
EAB_qi              		 0.804602
EAB_qcg             		 0.740818
EAB_qig             		 0.148164
EAB_r               		 1.01242
EAB_reer            		 1.01276
EAB_rer             		 1.30528
EAB_rerdep          		 1
EAB_rk              		 0.0317495
EAB_rp              		 0
EAB_rr              		 1.00742
EAB_rrstar          		 1.00742
EAB_sh              		 1
EAB_si              		 1
EAB_sj              		 1
EAB_snt             		 1
EAB_t               		 0
EAB_tauc            		 0.183
EAB_taud            		 0
EAB_tauk            		 0
EAB_taun            		 0.122
EAB_tauwf           		 0.219
EAB_tauwh           		 0.118
EAB_tb              		 0.00659988
EAB_tby             		 0.00184887
EAB_ti              		 0
EAB_tj              		 0
EAB_tot             		 1.40432
EAB_tr              		 0.333275
EAB_tri             		 0.222183
EAB_trj             		 0.66655
EAB_try             		 0.0934018
EAB_ttc             		 1.29378
EAB_tti             		 0.619652
EAB_ttcg            		 0.605859
EAB_ttig            		 0.121172
EAB_ty              		 0
EAB_u               		 1
EAB_utili           		 -93.5013
EAB_utilj           		 -203.605
EAB_vj              		 2.38
EAB_w               		 1.01472
EAB_wcst            		 0
EAB_whty            		 0.574241
EAB_wi              		 1.12592
EAB_witilde         		 1.12592
EAB_wj              		 0.839749
EAB_wjtilde         		 0.839749
EAB_wnty            		 0.490019
EAB_wy              		 0.547927
EAB_y               		 3.67252
EAB_ygap            		 0
EAB_ygrowth         		 1
EAB_ygrowth4        		 1
EAB_yhty            		 0.687556
EAB_ynty            		 0.312444
EAB_yshare          		 0.0665152
EAB_ysn             		 0.979152
EAB_yst             		 2.69337
EAB_zcon            		 1
EAB_zinv            		 1
EAB_zn              		 1
EAB_zt              		 1
EAB_gammav1         		 0.0287061
EAB_gammav2         		 0.150338
EAB_nutc            		 0.2
EAB_nuti            		 0.200001
EAB_nutcg           		 0.500001
EAB_nutig           		 0.500001
EAB_psit            		 0.2
EABEAA_rerbar       		 1
EABEAC_rerbar       		 1
EABEAD_rerbar       		 1
EABEAE_rerbar       		 1
EABEAF_rerbar       		 1
EABEAG_rerbar       		 1
EABEAH_rerbar       		 1
EABEAI_rerbar       		 1
EABEAJ_rerbar       		 1
EABEAK_rerbar       		 1
EABEAL_rerbar       		 1.00262
EABRW_rerbar        		 0.980127
EABUS_rerbar        		 1.30528
EAB_pibar           		 0.979408
EAB_psinbar         		 0.274162
EAB_psitbar         		 0.538675
EAB_pybar           		 0.971996
EAB_qbar            		 0.979408
EAB_trybar          		 0.0933627
EAB_ybar            		 3.67252
EAB_ynbar           		 0.979152
EAB_ytbar           		 2.69337
EACEAA_excy         		 0.0213205
EACEAB_excy         		 0.0213205
EACEAD_excy         		 0.0213205
EACEAE_excy         		 0.0213205
EACEAF_excy         		 0.0213205
EACEAG_excy         		 0.0213205
EACEAH_excy         		 0.0213205
EACEAI_excy         		 0.0213205
EACEAJ_excy         		 0.0213205
EACEAK_excy         		 0.0213205
EACEAL_excy         		 0.0217196
EACRW_excy          		 0.0164031
EACUS_excy          		 0.00609685
EACEAA_exiy         		 0.0102114
EACEAB_exiy         		 0.0102114
EACEAD_exiy         		 0.0102114
EACEAE_exiy         		 0.0102114
EACEAF_exiy         		 0.0102114
EACEAG_exiy         		 0.0102114
EACEAH_exiy         		 0.0102114
EACEAI_exiy         		 0.0102114
EACEAJ_exiy         		 0.0102114
EACEAK_exiy         		 0.0102114
EACEAL_exiy         		 0.0102503
EACRW_exiy          		 0.0129191
EACUS_exiy          		 0.0048406
EAC_fx              		 5.69841
EACEAA_gammaimc     		 0
EACEAB_gammaimc     		 0
EACEAD_gammaimc     		 0
EACEAE_gammaimc     		 0
EACEAF_gammaimc     		 0
EACEAG_gammaimc     		 0
EACEAH_gammaimc     		 0
EACEAI_gammaimc     		 0
EACEAJ_gammaimc     		 0
EACEAK_gammaimc     		 0
EACEAL_gammaimc     		 0
EACRW_gammaimc      		 0
EACUS_gammaimc      		 0
EACEAA_gammaimcdag  		 1
EACEAB_gammaimcdag  		 1
EACEAD_gammaimcdag  		 1
EACEAE_gammaimcdag  		 1
EACEAF_gammaimcdag  		 1
EACEAG_gammaimcdag  		 1
EACEAH_gammaimcdag  		 1
EACEAI_gammaimcdag  		 1
EACEAJ_gammaimcdag  		 1
EACEAK_gammaimcdag  		 1
EACEAL_gammaimcdag  		 1
EACRW_gammaimcdag   		 1
EACUS_gammaimcdag   		 1
EACEAA_gammaimi     		 0
EACEAB_gammaimi     		 0
EACEAD_gammaimi     		 0
EACEAE_gammaimi     		 0
EACEAF_gammaimi     		 0
EACEAG_gammaimi     		 0
EACEAH_gammaimi     		 0
EACEAI_gammaimi     		 0
EACEAJ_gammaimi     		 0
EACEAK_gammaimi     		 0
EACEAL_gammaimi     		 0
EACRW_gammaimi      		 0
EACUS_gammaimi      		 0
EACEAA_gammaimidag  		 1
EACEAB_gammaimidag  		 1
EACEAD_gammaimidag  		 1
EACEAE_gammaimidag  		 1
EACEAF_gammaimidag  		 1
EACEAG_gammaimidag  		 1
EACEAH_gammaimidag  		 1
EACEAI_gammaimidag  		 1
EACEAJ_gammaimidag  		 1
EACEAK_gammaimidag  		 1
EACEAL_gammaimidag  		 1
EACRW_gammaimidag   		 1
EACUS_gammaimidag   		 1
EACEAA_gammaimcg    		 0
EACEAB_gammaimcg    		 0
EACEAD_gammaimcg    		 0
EACEAE_gammaimcg    		 0
EACEAF_gammaimcg    		 0
EACEAG_gammaimcg    		 0
EACEAH_gammaimcg    		 0
EACEAI_gammaimcg    		 0
EACEAJ_gammaimcg    		 0
EACEAK_gammaimcg    		 0
EACEAL_gammaimcg    		 0
EACRW_gammaimcg     		 0
EACUS_gammaimcg     		 0
EACEAA_gammaimcgdag 		 1
EACEAB_gammaimcgdag 		 1
EACEAD_gammaimcgdag 		 1
EACEAE_gammaimcgdag 		 1
EACEAF_gammaimcgdag 		 1
EACEAG_gammaimcgdag 		 1
EACEAH_gammaimcgdag 		 1
EACEAI_gammaimcgdag 		 1
EACEAJ_gammaimcgdag 		 1
EACEAK_gammaimcgdag 		 1
EACEAL_gammaimcgdag 		 1
EACRW_gammaimcgdag  		 1
EACUS_gammaimcgdag  		 1
EACEAA_gammaimig    		 0
EACEAB_gammaimig    		 0
EACEAD_gammaimig    		 0
EACEAE_gammaimig    		 0
EACEAF_gammaimig    		 0
EACEAG_gammaimig    		 0
EACEAH_gammaimig    		 0
EACEAI_gammaimig    		 0
EACEAJ_gammaimig    		 0
EACEAK_gammaimig    		 0
EACEAL_gammaimig    		 0
EACRW_gammaimig     		 0
EACUS_gammaimig     		 0
EACEAA_gammaimigdag 		 1
EACEAB_gammaimigdag 		 1
EACEAD_gammaimigdag 		 1
EACEAE_gammaimigdag 		 1
EACEAF_gammaimigdag 		 1
EACEAG_gammaimigdag 		 1
EACEAH_gammaimigdag 		 1
EACEAI_gammaimigdag 		 1
EACEAJ_gammaimigdag 		 1
EACEAK_gammaimigdag 		 1
EACEAL_gammaimigdag 		 1
EACRW_gammaimigdag  		 1
EACUS_gammaimigdag  		 1
EAC_gx              		 6.8381
EACEAA_im           		 0.152327
EACEAB_im           		 0.152327
EACEAD_im           		 0.152327
EACEAE_im           		 0.152327
EACEAF_im           		 0.152327
EACEAG_im           		 0.152327
EACEAH_im           		 0.152327
EACEAI_im           		 0.152327
EACEAJ_im           		 0.152327
EACEAK_im           		 0.152327
EACEAL_im           		 0.150188
EACRW_im            		 0.139278
EACUS_im            		 0.0651772
EACEAA_imc          		 0.083519
EACEAB_imc          		 0.083519
EACEAD_imc          		 0.083519
EACEAE_imc          		 0.083519
EACEAF_imc          		 0.083519
EACEAG_imc          		 0.083519
EACEAH_imc          		 0.083519
EACEAI_imc          		 0.083519
EACEAJ_imc          		 0.083519
EACEAK_imc          		 0.083519
EACEAL_imc          		 0.0823463
EACRW_imc           		 0.0763641
EACUS_imc           		 0.0357358
EACEAA_imcy         		 0.0213205
EACEAA_imi          		 0.0400013
EACEAB_imi          		 0.0400013
EACEAD_imi          		 0.0400013
EACEAE_imi          		 0.0400013
EACEAF_imi          		 0.0400013
EACEAG_imi          		 0.0400013
EACEAH_imi          		 0.0400013
EACEAI_imi          		 0.0400013
EACEAJ_imi          		 0.0400013
EACEAK_imi          		 0.0400013
EACEAL_imi          		 0.0394397
EACRW_imi           		 0.0365745
EACUS_imi           		 0.0171156
EACEAA_imiy         		 0.0102114
EACEAA_imcg         		 0.0240058
EACEAB_imcg         		 0.0240058
EACEAD_imcg         		 0.0240058
EACEAE_imcg         		 0.0240058
EACEAF_imcg         		 0.0240058
EACEAG_imcg         		 0.0240058
EACEAH_imcg         		 0.0240058
EACEAI_imcg         		 0.0240058
EACEAJ_imcg         		 0.0240058
EACEAK_imcg         		 0.0240058
EACEAL_imcg         		 0.0236687
EACRW_imcg          		 0.0219492
EACUS_imcg          		 0.0102715
EACEAA_imcgy        		 0.00612812
EACEAA_imig         		 0.00480115
EACEAB_imig         		 0.00480115
EACEAD_imig         		 0.00480115
EACEAE_imig         		 0.00480115
EACEAF_imig         		 0.00480115
EACEAG_imig         		 0.00480115
EACEAH_imig         		 0.00480115
EACEAI_imig         		 0.00480115
EACEAJ_imig         		 0.00480115
EACEAK_imig         		 0.00480115
EACEAL_imig         		 0.00473374
EACRW_imig          		 0.00438985
EACUS_imig          		 0.0020543
EACEAA_imigy        		 0.00122562
EAC_piex            		 1.00496
EAC_pextilde        		 0.911257
EACEAA_rer          		 1
EACEAB_rer          		 1
EACEAD_rer          		 1
EACEAE_rer          		 1
EACEAF_rer          		 1
EACEAG_rer          		 1
EACEAH_rer          		 1
EACEAI_rer          		 1
EACEAJ_rer          		 1
EACEAK_rer          		 1
EACEAL_rer          		 1.00262
EACRW_rer           		 0.980127
EACUS_rer           		 1.30528
EAC_sx              		 1
EACEAA_tot          		 1
EACEAB_tot          		 1
EACEAD_tot          		 1
EACEAE_tot          		 1
EACEAF_tot          		 1
EACEAG_tot          		 1
EACEAH_tot          		 1
EACEAI_tot          		 1
EACEAJ_tot          		 1
EACEAK_tot          		 1
EACEAL_tot          		 1.00567
EACRW_tot           		 1.03646
EACUS_tot           		 1.40432
EACEAA_weight       		 0.0790839
EACEAB_weight       		 0.0790839
EACEAD_weight       		 0.0790839
EACEAE_weight       		 0.0790839
EACEAF_weight       		 0.0790839
EACEAG_weight       		 0.0790839
EACEAH_weight       		 0.0790839
EACEAI_weight       		 0.0790839
EACEAJ_weight       		 0.0790839
EACEAK_weight       		 0.0790839
EACEAL_weight       		 0.0787644
EACRW_weight        		 0.0777095
EACUS_weight        		 0.0526868
EACEAA_weightex     		 0.0784261
EACEAB_weightex     		 0.0784261
EACEAD_weightex     		 0.0784261
EACEAE_weightex     		 0.0784261
EACEAF_weightex     		 0.0784261
EACEAG_weightex     		 0.0784261
EACEAH_weightex     		 0.0784261
EACEAI_weightex     		 0.0784261
EACEAJ_weightex     		 0.0784261
EACEAK_weightex     		 0.0784261
EACEAL_weightex     		 0.0784597
EACRW_weightex      		 0.0798398
EACUS_weightex      		 0.0574393
EACEAA_weightim     		 0.0797441
EACEAB_weightim     		 0.0797441
EACEAD_weightim     		 0.0797441
EACEAE_weightim     		 0.0797441
EACEAF_weightim     		 0.0797441
EACEAG_weightim     		 0.0797441
EACEAH_weightim     		 0.0797441
EACEAI_weightim     		 0.0797441
EACEAJ_weightim     		 0.0797441
EACEAK_weightim     		 0.0797441
EACEAL_weightim     		 0.0790703
EACRW_weightim      		 0.0755711
EACUS_weightim      		 0.0479163
EAC_b               		 8.56723
EAC_bf              		 -0.412254
EAC_by              		 2.4
EAC_c               		 1.91813
EAC_ci              		 2.17374
EAC_cj              		 1.15129
EAC_cy              		 0.537339
EAC_d               		 0.163581
EAC_dn              		 0.163581
EAC_dt              		 -1.34331e-07
EAC_etot            		 1.02134
EAC_ex              		 1.91744
EAC_fh              		 6.7904
EAC_fi              		 14.2952
EAC_fj              		 0.529452
EAC_fn              		 8.56886
EAC_cg              		 0.740818
EAC_gammab          		 0
EAC_gammai          		 0
EAC_gammaider       		 0
EAC_gammau          		 0
EAC_gammauder       		 0.0324171
EAC_gammav          		 0.000193765
EAC_gammavi         		 0.000101018
EAC_gammavider      		 0.00216519
EAC_gammavj         		 0.000101018
EAC_gammavjder      		 0.00216519
EAC_gh              		 8.14848
EAC_gi              		 5.91135
EAC_gj              		 3.72038
EAC_gn              		 12.8533
EAC_cgy             		 0.2
EAC_ht              		 0.77593
EAC_htc             		 0.271436
EAC_hti             		 0.130004
EAC_htcg            		 0.312075
EAC_htig            		 0.062415
EAC_i               		 0.804602
EAC_ig              		 0.148164
EAC_ii              		 1.0728
EAC_im              		 1.86488
EAC_imc             		 1.02249
EAC_imi             		 0.489721
EAC_imcg            		 0.293893
EAC_imig            		 0.0587786
EAC_imy             		 0.48763
EAC_internalrer     		 1.22631
EAC_igy             		 0.04
EAC_k               		 32.1841
EAC_kd              		 32.1841
EAC_kdn             		 8.99298
EAC_kdt             		 23.1911
EAC_ki              		 42.9121
EAC_lambdai         		 1.29051
EAC_lambdaj         		 2.4366
EAC_lcy             		 0.667922
EAC_m               		 0.805936
EAC_mcn             		 0.759381
EAC_mct             		 0.759381
EAC_mi              		 0.913337
EAC_mj              		 0.483736
EAC_nd              		 1.92756
EAC_ndi             		 0.92155
EAC_ndj             		 1.09358
EAC_ndn             		 0.538604
EAC_ndt             		 1.38895
EAC_ni              		 0.92155
EAC_nj              		 1.09358
EAC_nt              		 0.979152
EAC_ntc             		 0.629092
EAC_nti             		 0.186521
EAC_ntcg            		 0.136282
EAC_ntig            		 0.0272565
EAC_pex             		 0.911257
EAC_pht             		 0.911257
EAC_phttilde        		 0.911257
EAC_pi              		 0.979408
EAC_pcg             		 0.963713
EAC_pig             		 0.963713
EAC_pic             		 1.00496
EAC_pic4            		 1.02
EAC_piex4           		 1.02
EAC_piht            		 1.00496
EAC_piimc           		 1.00496
EAC_piimi           		 1.00496
EAC_piimcg          		 1.00496
EAC_piimig          		 1.00496
EAC_piimc4          		 1.02
EAC_pim             		 0.933402
EAC_pimc            		 0.9334
EAC_pimi            		 0.9334
EAC_pimcg           		 0.9334
EAC_pimig           		 0.9334
EAC_pint            		 1.00496
EAC_piw             		 1.00496
EAC_piw4            		 1.02
EAC_pnt             		 1.13907
EAC_pnttilde        		 1.13907
EAC_pttc            		 0.928864
EAC_ptti            		 0.928864
EAC_pttcg           		 0.922163
EAC_pttig           		 0.922163
EAC_py              		 0.971996
EAC_q               		 0.979408
EAC_qc              		 1.91832
EAC_qi              		 0.804602
EAC_qcg             		 0.740818
EAC_qig             		 0.148164
EAC_r               		 1.01242
EAC_reer            		 1.01276
EAC_rer             		 1.30528
EAC_rerdep          		 1
EAC_rk              		 0.0317495
EAC_rp              		 0
EAC_rr              		 1.00742
EAC_rrstar          		 1.00742
EAC_sh              		 1
EAC_si              		 1
EAC_sj              		 1
EAC_snt             		 1
EAC_t               		 0
EAC_tauc            		 0.183
EAC_taud            		 0
EAC_tauk            		 0
EAC_taun            		 0.122
EAC_tauwf           		 0.219
EAC_tauwh           		 0.118
EAC_tb              		 0.00659988
EAC_tby             		 0.00184887
EAC_ti              		 0
EAC_tj              		 0
EAC_tot             		 1.40432
EAC_tr              		 0.333275
EAC_tri             		 0.222183
EAC_trj             		 0.66655
EAC_try             		 0.0934018
EAC_ttc             		 1.29378
EAC_tti             		 0.619652
EAC_ttcg            		 0.605859
EAC_ttig            		 0.121172
EAC_ty              		 0
EAC_u               		 1
EAC_utili           		 -93.5013
EAC_utilj           		 -203.605
EAC_vj              		 2.38
EAC_w               		 1.01472
EAC_wcst            		 0
EAC_whty            		 0.574241
EAC_wi              		 1.12592
EAC_witilde         		 1.12592
EAC_wj              		 0.839749
EAC_wjtilde         		 0.839749
EAC_wnty            		 0.490019
EAC_wy              		 0.547927
EAC_y               		 3.67252
EAC_ygap            		 0
EAC_ygrowth         		 1
EAC_ygrowth4        		 1
EAC_yhty            		 0.687556
EAC_ynty            		 0.312444
EAC_yshare          		 0.0665152
EAC_ysn             		 0.979152
EAC_yst             		 2.69337
EAC_zcon            		 1
EAC_zinv            		 1
EAC_zn              		 1
EAC_zt              		 1
EAC_gammav1         		 0.0287061
EAC_gammav2         		 0.150338
EAC_nutc            		 0.2
EAC_nuti            		 0.200001
EAC_nutcg           		 0.500001
EAC_nutig           		 0.500001
EAC_psit            		 0.2
EACEAA_rerbar       		 1
EACEAB_rerbar       		 1
EACEAD_rerbar       		 1
EACEAE_rerbar       		 1
EACEAF_rerbar       		 1
EACEAG_rerbar       		 1
EACEAH_rerbar       		 1
EACEAI_rerbar       		 1
EACEAJ_rerbar       		 1
EACEAK_rerbar       		 1
EACEAL_rerbar       		 1.00262
EACRW_rerbar        		 0.980127
EACUS_rerbar        		 1.30528
EAC_pibar           		 0.979408
EAC_psinbar         		 0.274162
EAC_psitbar         		 0.538675
EAC_pybar           		 0.971996
EAC_qbar            		 0.979408
EAC_trybar          		 0.0933627
EAC_ybar            		 3.67252
EAC_ynbar           		 0.979152
EAC_ytbar           		 2.69337
EADEAA_excy         		 0.0213205
EADEAB_excy         		 0.0213205
EADEAC_excy         		 0.0213205
EADEAE_excy         		 0.0213205
EADEAF_excy         		 0.0213205
EADEAG_excy         		 0.0213205
EADEAH_excy         		 0.0213205
EADEAI_excy         		 0.0213205
EADEAJ_excy         		 0.0213205
EADEAK_excy         		 0.0213205
EADEAL_excy         		 0.0217196
EADRW_excy          		 0.0164031
EADUS_excy          		 0.00609685
EADEAA_exiy         		 0.0102114
EADEAB_exiy         		 0.0102114
EADEAC_exiy         		 0.0102114
EADEAE_exiy         		 0.0102114
EADEAF_exiy         		 0.0102114
EADEAG_exiy         		 0.0102114
EADEAH_exiy         		 0.0102114
EADEAI_exiy         		 0.0102114
EADEAJ_exiy         		 0.0102114
EADEAK_exiy         		 0.0102114
EADEAL_exiy         		 0.0102503
EADRW_exiy          		 0.0129191
EADUS_exiy          		 0.0048406
EAD_fx              		 5.69841
EADEAA_gammaimc     		 0
EADEAB_gammaimc     		 0
EADEAC_gammaimc     		 0
EADEAE_gammaimc     		 0
EADEAF_gammaimc     		 0
EADEAG_gammaimc     		 0
EADEAH_gammaimc     		 0
EADEAI_gammaimc     		 0
EADEAJ_gammaimc     		 0
EADEAK_gammaimc     		 0
EADEAL_gammaimc     		 0
EADRW_gammaimc      		 0
EADUS_gammaimc      		 0
EADEAA_gammaimcdag  		 1
EADEAB_gammaimcdag  		 1
EADEAC_gammaimcdag  		 1
EADEAE_gammaimcdag  		 1
EADEAF_gammaimcdag  		 1
EADEAG_gammaimcdag  		 1
EADEAH_gammaimcdag  		 1
EADEAI_gammaimcdag  		 1
EADEAJ_gammaimcdag  		 1
EADEAK_gammaimcdag  		 1
EADEAL_gammaimcdag  		 1
EADRW_gammaimcdag   		 1
EADUS_gammaimcdag   		 1
EADEAA_gammaimi     		 0
EADEAB_gammaimi     		 0
EADEAC_gammaimi     		 0
EADEAE_gammaimi     		 0
EADEAF_gammaimi     		 0
EADEAG_gammaimi     		 0
EADEAH_gammaimi     		 0
EADEAI_gammaimi     		 0
EADEAJ_gammaimi     		 0
EADEAK_gammaimi     		 0
EADEAL_gammaimi     		 0
EADRW_gammaimi      		 0
EADUS_gammaimi      		 0
EADEAA_gammaimidag  		 1
EADEAB_gammaimidag  		 1
EADEAC_gammaimidag  		 1
EADEAE_gammaimidag  		 1
EADEAF_gammaimidag  		 1
EADEAG_gammaimidag  		 1
EADEAH_gammaimidag  		 1
EADEAI_gammaimidag  		 1
EADEAJ_gammaimidag  		 1
EADEAK_gammaimidag  		 1
EADEAL_gammaimidag  		 1
EADRW_gammaimidag   		 1
EADUS_gammaimidag   		 1
EADEAA_gammaimcg    		 0
EADEAB_gammaimcg    		 0
EADEAC_gammaimcg    		 0
EADEAE_gammaimcg    		 0
EADEAF_gammaimcg    		 0
EADEAG_gammaimcg    		 0
EADEAH_gammaimcg    		 0
EADEAI_gammaimcg    		 0
EADEAJ_gammaimcg    		 0
EADEAK_gammaimcg    		 0
EADEAL_gammaimcg    		 0
EADRW_gammaimcg     		 0
EADUS_gammaimcg     		 0
EADEAA_gammaimcgdag 		 1
EADEAB_gammaimcgdag 		 1
EADEAC_gammaimcgdag 		 1
EADEAE_gammaimcgdag 		 1
EADEAF_gammaimcgdag 		 1
EADEAG_gammaimcgdag 		 1
EADEAH_gammaimcgdag 		 1
EADEAI_gammaimcgdag 		 1
EADEAJ_gammaimcgdag 		 1
EADEAK_gammaimcgdag 		 1
EADEAL_gammaimcgdag 		 1
EADRW_gammaimcgdag  		 1
EADUS_gammaimcgdag  		 1
EADEAA_gammaimig    		 0
EADEAB_gammaimig    		 0
EADEAC_gammaimig    		 0
EADEAE_gammaimig    		 0
EADEAF_gammaimig    		 0
EADEAG_gammaimig    		 0
EADEAH_gammaimig    		 0
EADEAI_gammaimig    		 0
EADEAJ_gammaimig    		 0
EADEAK_gammaimig    		 0
EADEAL_gammaimig    		 0
EADRW_gammaimig     		 0
EADUS_gammaimig     		 0
EADEAA_gammaimigdag 		 1
EADEAB_gammaimigdag 		 1
EADEAC_gammaimigdag 		 1
EADEAE_gammaimigdag 		 1
EADEAF_gammaimigdag 		 1
EADEAG_gammaimigdag 		 1
EADEAH_gammaimigdag 		 1
EADEAI_gammaimigdag 		 1
EADEAJ_gammaimigdag 		 1
EADEAK_gammaimigdag 		 1
EADEAL_gammaimigdag 		 1
EADRW_gammaimigdag  		 1
EADUS_gammaimigdag  		 1
EAD_gx              		 6.8381
EADEAA_im           		 0.152327
EADEAB_im           		 0.152327
EADEAC_im           		 0.152327
EADEAE_im           		 0.152327
EADEAF_im           		 0.152327
EADEAG_im           		 0.152327
EADEAH_im           		 0.152327
EADEAI_im           		 0.152327
EADEAJ_im           		 0.152327
EADEAK_im           		 0.152327
EADEAL_im           		 0.150188
EADRW_im            		 0.139278
EADUS_im            		 0.0651772
EADEAA_imc          		 0.083519
EADEAB_imc          		 0.083519
EADEAC_imc          		 0.083519
EADEAE_imc          		 0.083519
EADEAF_imc          		 0.083519
EADEAG_imc          		 0.083519
EADEAH_imc          		 0.083519
EADEAI_imc          		 0.083519
EADEAJ_imc          		 0.083519
EADEAK_imc          		 0.083519
EADEAL_imc          		 0.0823463
EADRW_imc           		 0.0763641
EADUS_imc           		 0.0357358
EADEAB_imcy         		 0.0213205
EADEAA_imi          		 0.0400013
EADEAB_imi          		 0.0400013
EADEAC_imi          		 0.0400013
EADEAE_imi          		 0.0400013
EADEAF_imi          		 0.0400013
EADEAG_imi          		 0.0400013
EADEAH_imi          		 0.0400013
EADEAI_imi          		 0.0400013
EADEAJ_imi          		 0.0400013
EADEAK_imi          		 0.0400013
EADEAL_imi          		 0.0394397
EADRW_imi           		 0.0365745
EADUS_imi           		 0.0171156
EADEAB_imiy         		 0.0102114
EADEAA_imcg         		 0.0240058
EADEAB_imcg         		 0.0240058
EADEAC_imcg         		 0.0240058
EADEAE_imcg         		 0.0240058
EADEAF_imcg         		 0.0240058
EADEAG_imcg         		 0.0240058
EADEAH_imcg         		 0.0240058
EADEAI_imcg         		 0.0240058
EADEAJ_imcg         		 0.0240058
EADEAK_imcg         		 0.0240058
EADEAL_imcg         		 0.0236687
EADRW_imcg          		 0.0219492
EADUS_imcg          		 0.0102715
EADEAB_imcgy        		 0.00612812
EADEAA_imig         		 0.00480115
EADEAB_imig         		 0.00480115
EADEAC_imig         		 0.00480115
EADEAE_imig         		 0.00480115
EADEAF_imig         		 0.00480115
EADEAG_imig         		 0.00480115
EADEAH_imig         		 0.00480115
EADEAI_imig         		 0.00480115
EADEAJ_imig         		 0.00480115
EADEAK_imig         		 0.00480115
EADEAL_imig         		 0.00473374
EADRW_imig          		 0.00438985
EADUS_imig          		 0.0020543
EADEAB_imigy        		 0.00122562
EAD_piex            		 1.00496
EAD_pextilde        		 0.911257
EADEAA_rer          		 1
EADEAB_rer          		 1
EADEAC_rer          		 1
EADEAE_rer          		 1
EADEAF_rer          		 1
EADEAG_rer          		 1
EADEAH_rer          		 1
EADEAI_rer          		 1
EADEAJ_rer          		 1
EADEAK_rer          		 1
EADEAL_rer          		 1.00262
EADRW_rer           		 0.980127
EADUS_rer           		 1.30528
EAD_sx              		 1
EADEAA_tot          		 1
EADEAB_tot          		 1
EADEAC_tot          		 1
EADEAE_tot          		 1
EADEAF_tot          		 1
EADEAG_tot          		 1
EADEAH_tot          		 1
EADEAI_tot          		 1
EADEAJ_tot          		 1
EADEAK_tot          		 1
EADEAL_tot          		 1.00567
EADRW_tot           		 1.03646
EADUS_tot           		 1.40432
EADEAA_weight       		 0.0790839
EADEAB_weight       		 0.0790839
EADEAC_weight       		 0.0790839
EADEAE_weight       		 0.0790839
EADEAF_weight       		 0.0790839
EADEAG_weight       		 0.0790839
EADEAH_weight       		 0.0790839
EADEAI_weight       		 0.0790839
EADEAJ_weight       		 0.0790839
EADEAK_weight       		 0.0790839
EADEAL_weight       		 0.0787644
EADRW_weight        		 0.0777095
EADUS_weight        		 0.0526868
EADEAA_weightex     		 0.0784261
EADEAB_weightex     		 0.0784261
EADEAC_weightex     		 0.0784261
EADEAE_weightex     		 0.0784261
EADEAF_weightex     		 0.0784261
EADEAG_weightex     		 0.0784261
EADEAH_weightex     		 0.0784261
EADEAI_weightex     		 0.0784261
EADEAJ_weightex     		 0.0784261
EADEAK_weightex     		 0.0784261
EADEAL_weightex     		 0.0784597
EADRW_weightex      		 0.0798398
EADUS_weightex      		 0.0574393
EADEAA_weightim     		 0.0797441
EADEAB_weightim     		 0.0797441
EADEAC_weightim     		 0.0797441
EADEAE_weightim     		 0.0797441
EADEAF_weightim     		 0.0797441
EADEAG_weightim     		 0.0797441
EADEAH_weightim     		 0.0797441
EADEAI_weightim     		 0.0797441
EADEAJ_weightim     		 0.0797441
EADEAK_weightim     		 0.0797441
EADEAL_weightim     		 0.0790703
EADRW_weightim      		 0.0755711
EADUS_weightim      		 0.0479163
EAD_b               		 8.56723
EAD_bf              		 -0.412254
EAD_by              		 2.4
EAD_c               		 1.91813
EAD_ci              		 2.17374
EAD_cj              		 1.15129
EAD_cy              		 0.537339
EAD_d               		 0.163581
EAD_dn              		 0.163581
EAD_dt              		 -1.34331e-07
EAD_etot            		 1.02134
EAD_ex              		 1.91744
EAD_fh              		 6.7904
EAD_fi              		 14.2952
EAD_fj              		 0.529452
EAD_fn              		 8.56886
EAD_cg              		 0.740818
EAD_gammab          		 0
EAD_gammai          		 0
EAD_gammaider       		 0
EAD_gammau          		 0
EAD_gammauder       		 0.0324171
EAD_gammav          		 0.000193765
EAD_gammavi         		 0.000101018
EAD_gammavider      		 0.00216519
EAD_gammavj         		 0.000101018
EAD_gammavjder      		 0.00216519
EAD_gh              		 8.14848
EAD_gi              		 5.91135
EAD_gj              		 3.72038
EAD_gn              		 12.8533
EAD_cgy             		 0.2
EAD_ht              		 0.77593
EAD_htc             		 0.271436
EAD_hti             		 0.130004
EAD_htcg            		 0.312075
EAD_htig            		 0.062415
EAD_i               		 0.804602
EAD_ig              		 0.148164
EAD_ii              		 1.0728
EAD_im              		 1.86488
EAD_imc             		 1.02249
EAD_imi             		 0.489721
EAD_imcg            		 0.293893
EAD_imig            		 0.0587786
EAD_imy             		 0.48763
EAD_internalrer     		 1.22631
EAD_igy             		 0.04
EAD_k               		 32.1841
EAD_kd              		 32.1841
EAD_kdn             		 8.99298
EAD_kdt             		 23.1911
EAD_ki              		 42.9121
EAD_lambdai         		 1.29051
EAD_lambdaj         		 2.4366
EAD_lcy             		 0.667922
EAD_m               		 0.805936
EAD_mcn             		 0.759381
EAD_mct             		 0.759381
EAD_mi              		 0.913337
EAD_mj              		 0.483736
EAD_nd              		 1.92756
EAD_ndi             		 0.92155
EAD_ndj             		 1.09358
EAD_ndn             		 0.538604
EAD_ndt             		 1.38895
EAD_ni              		 0.92155
EAD_nj              		 1.09358
EAD_nt              		 0.979152
EAD_ntc             		 0.629092
EAD_nti             		 0.186521
EAD_ntcg            		 0.136282
EAD_ntig            		 0.0272565
EAD_pex             		 0.911257
EAD_pht             		 0.911257
EAD_phttilde        		 0.911257
EAD_pi              		 0.979408
EAD_pcg             		 0.963713
EAD_pig             		 0.963713
EAD_pic             		 1.00496
EAD_pic4            		 1.02
EAD_piex4           		 1.02
EAD_piht            		 1.00496
EAD_piimc           		 1.00496
EAD_piimi           		 1.00496
EAD_piimcg          		 1.00496
EAD_piimig          		 1.00496
EAD_piimc4          		 1.02
EAD_pim             		 0.933402
EAD_pimc            		 0.9334
EAD_pimi            		 0.9334
EAD_pimcg           		 0.9334
EAD_pimig           		 0.9334
EAD_pint            		 1.00496
EAD_piw             		 1.00496
EAD_piw4            		 1.02
EAD_pnt             		 1.13907
EAD_pnttilde        		 1.13907
EAD_pttc            		 0.928864
EAD_ptti            		 0.928864
EAD_pttcg           		 0.922163
EAD_pttig           		 0.922163
EAD_py              		 0.971996
EAD_q               		 0.979408
EAD_qc              		 1.91832
EAD_qi              		 0.804602
EAD_qcg             		 0.740818
EAD_qig             		 0.148164
EAD_r               		 1.01242
EAD_reer            		 1.01276
EAD_rer             		 1.30528
EAD_rerdep          		 1
EAD_rk              		 0.0317495
EAD_rp              		 0
EAD_rr              		 1.00742
EAD_rrstar          		 1.00742
EAD_sh              		 1
EAD_si              		 1
EAD_sj              		 1
EAD_snt             		 1
EAD_t               		 0
EAD_tauc            		 0.183
EAD_taud            		 0
EAD_tauk            		 0
EAD_taun            		 0.122
EAD_tauwf           		 0.219
EAD_tauwh           		 0.118
EAD_tb              		 0.00659988
EAD_tby             		 0.00184887
EAD_ti              		 0
EAD_tj              		 0
EAD_tot             		 1.40432
EAD_tr              		 0.333275
EAD_tri             		 0.222183
EAD_trj             		 0.66655
EAD_try             		 0.0934018
EAD_ttc             		 1.29378
EAD_tti             		 0.619652
EAD_ttcg            		 0.605859
EAD_ttig            		 0.121172
EAD_ty              		 0
EAD_u               		 1
EAD_utili           		 -93.5013
EAD_utilj           		 -203.605
EAD_vj              		 2.38
EAD_w               		 1.01472
EAD_wcst            		 0
EAD_whty            		 0.574241
EAD_wi              		 1.12592
EAD_witilde         		 1.12592
EAD_wj              		 0.839749
EAD_wjtilde         		 0.839749
EAD_wnty            		 0.490019
EAD_wy              		 0.547927
EAD_y               		 3.67252
EAD_ygap            		 0
EAD_ygrowth         		 1
EAD_ygrowth4        		 1
EAD_yhty            		 0.687556
EAD_ynty            		 0.312444
EAD_yshare          		 0.0665152
EAD_ysn             		 0.979152
EAD_yst             		 2.69337
EAD_zcon            		 1
EAD_zinv            		 1
EAD_zn              		 1
EAD_zt              		 1
EAD_gammav1         		 0.0287061
EAD_gammav2         		 0.150338
EAD_nutc            		 0.2
EAD_nuti            		 0.200001
EAD_nutcg           		 0.500001
EAD_nutig           		 0.500001
EAD_psit            		 0.2
EADEAA_rerbar       		 1
EADEAB_rerbar       		 1
EADEAC_rerbar       		 1
EADEAE_rerbar       		 1
EADEAF_rerbar       		 1
EADEAG_rerbar       		 1
EADEAH_rerbar       		 1
EADEAI_rerbar       		 1
EADEAJ_rerbar       		 1
EADEAK_rerbar       		 1
EADEAL_rerbar       		 1.00262
EADRW_rerbar        		 0.980127
EADUS_rerbar        		 1.30528
EAD_pibar           		 0.979408
EAD_psinbar         		 0.274162
EAD_psitbar         		 0.538675
EAD_pybar           		 0.971996
EAD_qbar            		 0.979408
EAD_trybar          		 0.0933627
EAD_ybar            		 3.67252
EAD_ynbar           		 0.979152
EAD_ytbar           		 2.69337
EAEEAA_excy         		 0.0213205
EAEEAB_excy         		 0.0213205
EAEEAC_excy         		 0.0213205
EAEEAD_excy         		 0.0213205
EAEEAF_excy         		 0.0213205
EAEEAG_excy         		 0.0213205
EAEEAH_excy         		 0.0213205
EAEEAI_excy         		 0.0213205
EAEEAJ_excy         		 0.0213205
EAEEAK_excy         		 0.0213205
EAEEAL_excy         		 0.0217196
EAERW_excy          		 0.0164031
EAEUS_excy          		 0.00609685
EAEEAA_exiy         		 0.0102114
EAEEAB_exiy         		 0.0102114
EAEEAC_exiy         		 0.0102114
EAEEAD_exiy         		 0.0102114
EAEEAF_exiy         		 0.0102114
EAEEAG_exiy         		 0.0102114
EAEEAH_exiy         		 0.0102114
EAEEAI_exiy         		 0.0102114
EAEEAJ_exiy         		 0.0102114
EAEEAK_exiy         		 0.0102114
EAEEAL_exiy         		 0.0102503
EAERW_exiy          		 0.0129191
EAEUS_exiy          		 0.0048406
EAE_fx              		 5.69841
EAEEAA_gammaimc     		 0
EAEEAB_gammaimc     		 0
EAEEAC_gammaimc     		 0
EAEEAD_gammaimc     		 0
EAEEAF_gammaimc     		 0
EAEEAG_gammaimc     		 0
EAEEAH_gammaimc     		 0
EAEEAI_gammaimc     		 0
EAEEAJ_gammaimc     		 0
EAEEAK_gammaimc     		 0
EAEEAL_gammaimc     		 0
EAERW_gammaimc      		 0
EAEUS_gammaimc      		 0
EAEEAA_gammaimcdag  		 1
EAEEAB_gammaimcdag  		 1
EAEEAC_gammaimcdag  		 1
EAEEAD_gammaimcdag  		 1
EAEEAF_gammaimcdag  		 1
EAEEAG_gammaimcdag  		 1
EAEEAH_gammaimcdag  		 1
EAEEAI_gammaimcdag  		 1
EAEEAJ_gammaimcdag  		 1
EAEEAK_gammaimcdag  		 1
EAEEAL_gammaimcdag  		 1
EAERW_gammaimcdag   		 1
EAEUS_gammaimcdag   		 1
EAEEAA_gammaimi     		 0
EAEEAB_gammaimi     		 0
EAEEAC_gammaimi     		 0
EAEEAD_gammaimi     		 0
EAEEAF_gammaimi     		 0
EAEEAG_gammaimi     		 0
EAEEAH_gammaimi     		 0
EAEEAI_gammaimi     		 0
EAEEAJ_gammaimi     		 0
EAEEAK_gammaimi     		 0
EAEEAL_gammaimi     		 0
EAERW_gammaimi      		 0
EAEUS_gammaimi      		 0
EAEEAA_gammaimidag  		 1
EAEEAB_gammaimidag  		 1
EAEEAC_gammaimidag  		 1
EAEEAD_gammaimidag  		 1
EAEEAF_gammaimidag  		 1
EAEEAG_gammaimidag  		 1
EAEEAH_gammaimidag  		 1
EAEEAI_gammaimidag  		 1
EAEEAJ_gammaimidag  		 1
EAEEAK_gammaimidag  		 1
EAEEAL_gammaimidag  		 1
EAERW_gammaimidag   		 1
EAEUS_gammaimidag   		 1
EAEEAA_gammaimcg    		 0
EAEEAB_gammaimcg    		 0
EAEEAC_gammaimcg    		 0
EAEEAD_gammaimcg    		 0
EAEEAF_gammaimcg    		 0
EAEEAG_gammaimcg    		 0
EAEEAH_gammaimcg    		 0
EAEEAI_gammaimcg    		 0
EAEEAJ_gammaimcg    		 0
EAEEAK_gammaimcg    		 0
EAEEAL_gammaimcg    		 0
EAERW_gammaimcg     		 0
EAEUS_gammaimcg     		 0
EAEEAA_gammaimcgdag 		 1
EAEEAB_gammaimcgdag 		 1
EAEEAC_gammaimcgdag 		 1
EAEEAD_gammaimcgdag 		 1
EAEEAF_gammaimcgdag 		 1
EAEEAG_gammaimcgdag 		 1
EAEEAH_gammaimcgdag 		 1
EAEEAI_gammaimcgdag 		 1
EAEEAJ_gammaimcgdag 		 1
EAEEAK_gammaimcgdag 		 1
EAEEAL_gammaimcgdag 		 1
EAERW_gammaimcgdag  		 1
EAEUS_gammaimcgdag  		 1
EAEEAA_gammaimig    		 0
EAEEAB_gammaimig    		 0
EAEEAC_gammaimig    		 0
EAEEAD_gammaimig    		 0
EAEEAF_gammaimig    		 0
EAEEAG_gammaimig    		 0
EAEEAH_gammaimig    		 0
EAEEAI_gammaimig    		 0
EAEEAJ_gammaimig    		 0
EAEEAK_gammaimig    		 0
EAEEAL_gammaimig    		 0
EAERW_gammaimig     		 0
EAEUS_gammaimig     		 0
EAEEAA_gammaimigdag 		 1
EAEEAB_gammaimigdag 		 1
EAEEAC_gammaimigdag 		 1
EAEEAD_gammaimigdag 		 1
EAEEAF_gammaimigdag 		 1
EAEEAG_gammaimigdag 		 1
EAEEAH_gammaimigdag 		 1
EAEEAI_gammaimigdag 		 1
EAEEAJ_gammaimigdag 		 1
EAEEAK_gammaimigdag 		 1
EAEEAL_gammaimigdag 		 1
EAERW_gammaimigdag  		 1
EAEUS_gammaimigdag  		 1
EAE_gx              		 6.8381
EAEEAA_im           		 0.152327
EAEEAB_im           		 0.152327
EAEEAC_im           		 0.152327
EAEEAD_im           		 0.152327
EAEEAF_im           		 0.152327
EAEEAG_im           		 0.152327
EAEEAH_im           		 0.152327
EAEEAI_im           		 0.152327
EAEEAJ_im           		 0.152327
EAEEAK_im           		 0.152327
EAEEAL_im           		 0.150188
EAERW_im            		 0.139278
EAEUS_im            		 0.0651772
EAEEAA_imc          		 0.083519
EAEEAB_imc          		 0.083519
EAEEAC_imc          		 0.083519
EAEEAD_imc          		 0.083519
EAEEAF_imc          		 0.083519
EAEEAG_imc          		 0.083519
EAEEAH_imc          		 0.083519
EAEEAI_imc          		 0.083519
EAEEAJ_imc          		 0.083519
EAEEAK_imc          		 0.083519
EAEEAL_imc          		 0.0823463
EAERW_imc           		 0.0763641
EAEUS_imc           		 0.0357358
EAEEAC_imcy         		 0.0213205
EAEEAA_imi          		 0.0400013
EAEEAB_imi          		 0.0400013
EAEEAC_imi          		 0.0400013
EAEEAD_imi          		 0.0400013
EAEEAF_imi          		 0.0400013
EAEEAG_imi          		 0.0400013
EAEEAH_imi          		 0.0400013
EAEEAI_imi          		 0.0400013
EAEEAJ_imi          		 0.0400013
EAEEAK_imi          		 0.0400013
EAEEAL_imi          		 0.0394397
EAERW_imi           		 0.0365745
EAEUS_imi           		 0.0171156
EAEEAC_imiy         		 0.0102114
EAEEAA_imcg         		 0.0240058
EAEEAB_imcg         		 0.0240058
EAEEAC_imcg         		 0.0240058
EAEEAD_imcg         		 0.0240058
EAEEAF_imcg         		 0.0240058
EAEEAG_imcg         		 0.0240058
EAEEAH_imcg         		 0.0240058
EAEEAI_imcg         		 0.0240058
EAEEAJ_imcg         		 0.0240058
EAEEAK_imcg         		 0.0240058
EAEEAL_imcg         		 0.0236687
EAERW_imcg          		 0.0219492
EAEUS_imcg          		 0.0102715
EAEEAC_imcgy        		 0.00612812
EAEEAA_imig         		 0.00480115
EAEEAB_imig         		 0.00480115
EAEEAC_imig         		 0.00480115
EAEEAD_imig         		 0.00480115
EAEEAF_imig         		 0.00480115
EAEEAG_imig         		 0.00480115
EAEEAH_imig         		 0.00480115
EAEEAI_imig         		 0.00480115
EAEEAJ_imig         		 0.00480115
EAEEAK_imig         		 0.00480115
EAEEAL_imig         		 0.00473374
EAERW_imig          		 0.00438985
EAEUS_imig          		 0.0020543
EAEEAC_imigy        		 0.00122562
EAE_piex            		 1.00496
EAE_pextilde        		 0.911257
EAEEAA_rer          		 1
EAEEAB_rer          		 1
EAEEAC_rer          		 1
EAEEAD_rer          		 1
EAEEAF_rer          		 1
EAEEAG_rer          		 1
EAEEAH_rer          		 1
EAEEAI_rer          		 1
EAEEAJ_rer          		 1
EAEEAK_rer          		 1
EAEEAL_rer          		 1.00262
EAERW_rer           		 0.980127
EAEUS_rer           		 1.30528
EAE_sx              		 1
EAEEAA_tot          		 1
EAEEAB_tot          		 1
EAEEAC_tot          		 1
EAEEAD_tot          		 1
EAEEAF_tot          		 1
EAEEAG_tot          		 1
EAEEAH_tot          		 1
EAEEAI_tot          		 1
EAEEAJ_tot          		 1
EAEEAK_tot          		 1
EAEEAL_tot          		 1.00567
EAERW_tot           		 1.03646
EAEUS_tot           		 1.40432
EAEEAA_weight       		 0.0790839
EAEEAB_weight       		 0.0790839
EAEEAC_weight       		 0.0790839
EAEEAD_weight       		 0.0790839
EAEEAF_weight       		 0.0790839
EAEEAG_weight       		 0.0790839
EAEEAH_weight       		 0.0790839
EAEEAI_weight       		 0.0790839
EAEEAJ_weight       		 0.0790839
EAEEAK_weight       		 0.0790839
EAEEAL_weight       		 0.0787644
EAERW_weight        		 0.0777095
EAEUS_weight        		 0.0526868
EAEEAA_weightex     		 0.0784261
EAEEAB_weightex     		 0.0784261
EAEEAC_weightex     		 0.0784261
EAEEAD_weightex     		 0.0784261
EAEEAF_weightex     		 0.0784261
EAEEAG_weightex     		 0.0784261
EAEEAH_weightex     		 0.0784261
EAEEAI_weightex     		 0.0784261
EAEEAJ_weightex     		 0.0784261
EAEEAK_weightex     		 0.0784261
EAEEAL_weightex     		 0.0784597
EAERW_weightex      		 0.0798398
EAEUS_weightex      		 0.0574393
EAEEAA_weightim     		 0.0797441
EAEEAB_weightim     		 0.0797441
EAEEAC_weightim     		 0.0797441
EAEEAD_weightim     		 0.0797441
EAEEAF_weightim     		 0.0797441
EAEEAG_weightim     		 0.0797441
EAEEAH_weightim     		 0.0797441
EAEEAI_weightim     		 0.0797441
EAEEAJ_weightim     		 0.0797441
EAEEAK_weightim     		 0.0797441
EAEEAL_weightim     		 0.0790703
EAERW_weightim      		 0.0755711
EAEUS_weightim      		 0.0479163
EAE_b               		 8.56723
EAE_bf              		 -0.412254
EAE_by              		 2.4
EAE_c               		 1.91813
EAE_ci              		 2.17374
EAE_cj              		 1.15129
EAE_cy              		 0.537339
EAE_d               		 0.163581
EAE_dn              		 0.163581
EAE_dt              		 -1.3433e-07
EAE_etot            		 1.02134
EAE_ex              		 1.91744
EAE_fh              		 6.7904
EAE_fi              		 14.2952
EAE_fj              		 0.529452
EAE_fn              		 8.56886
EAE_cg              		 0.740818
EAE_gammab          		 0
EAE_gammai          		 0
EAE_gammaider       		 0
EAE_gammau          		 0
EAE_gammauder       		 0.0324171
EAE_gammav          		 0.000193765
EAE_gammavi         		 0.000101018
EAE_gammavider      		 0.00216519
EAE_gammavj         		 0.000101018
EAE_gammavjder      		 0.00216519
EAE_gh              		 8.14848
EAE_gi              		 5.91135
EAE_gj              		 3.72038
EAE_gn              		 12.8533
EAE_cgy             		 0.2
EAE_ht              		 0.77593
EAE_htc             		 0.271436
EAE_hti             		 0.130004
EAE_htcg            		 0.312075
EAE_htig            		 0.062415
EAE_i               		 0.804602
EAE_ig              		 0.148164
EAE_ii              		 1.0728
EAE_im              		 1.86488
EAE_imc             		 1.02249
EAE_imi             		 0.489721
EAE_imcg            		 0.293893
EAE_imig            		 0.0587786
EAE_imy             		 0.48763
EAE_internalrer     		 1.22631
EAE_igy             		 0.04
EAE_k               		 32.1841
EAE_kd              		 32.1841
EAE_kdn             		 8.99298
EAE_kdt             		 23.1911
EAE_ki              		 42.9121
EAE_lambdai         		 1.29051
EAE_lambdaj         		 2.4366
EAE_lcy             		 0.667922
EAE_m               		 0.805936
EAE_mcn             		 0.759381
EAE_mct             		 0.759381
EAE_mi              		 0.913337
EAE_mj              		 0.483736
EAE_nd              		 1.92756
EAE_ndi             		 0.92155
EAE_ndj             		 1.09358
EAE_ndn             		 0.538604
EAE_ndt             		 1.38895
EAE_ni              		 0.92155
EAE_nj              		 1.09358
EAE_nt              		 0.979152
EAE_ntc             		 0.629092
EAE_nti             		 0.186521
EAE_ntcg            		 0.136282
EAE_ntig            		 0.0272565
EAE_pex             		 0.911257
EAE_pht             		 0.911257
EAE_phttilde        		 0.911257
EAE_pi              		 0.979408
EAE_pcg             		 0.963713
EAE_pig             		 0.963713
EAE_pic             		 1.00496
EAE_pic4            		 1.02
EAE_piex4           		 1.02
EAE_piht            		 1.00496
EAE_piimc           		 1.00496
EAE_piimi           		 1.00496
EAE_piimcg          		 1.00496
EAE_piimig          		 1.00496
EAE_piimc4          		 1.02
EAE_pim             		 0.933402
EAE_pimc            		 0.9334
EAE_pimi            		 0.9334
EAE_pimcg           		 0.9334
EAE_pimig           		 0.9334
EAE_pint            		 1.00496
EAE_piw             		 1.00496
EAE_piw4            		 1.02
EAE_pnt             		 1.13907
EAE_pnttilde        		 1.13907
EAE_pttc            		 0.928864
EAE_ptti            		 0.928864
EAE_pttcg           		 0.922163
EAE_pttig           		 0.922163
EAE_py              		 0.971996
EAE_q               		 0.979408
EAE_qc              		 1.91832
EAE_qi              		 0.804602
EAE_qcg             		 0.740818
EAE_qig             		 0.148164
EAE_r               		 1.01242
EAE_reer            		 1.01276
EAE_rer             		 1.30528
EAE_rerdep          		 1
EAE_rk              		 0.0317495
EAE_rp              		 0
EAE_rr              		 1.00742
EAE_rrstar          		 1.00742
EAE_sh              		 1
EAE_si              		 1
EAE_sj              		 1
EAE_snt             		 1
EAE_t               		 0
EAE_tauc            		 0.183
EAE_taud            		 0
EAE_tauk            		 0
EAE_taun            		 0.122
EAE_tauwf           		 0.219
EAE_tauwh           		 0.118
EAE_tb              		 0.00659988
EAE_tby             		 0.00184887
EAE_ti              		 0
EAE_tj              		 0
EAE_tot             		 1.40432
EAE_tr              		 0.333275
EAE_tri             		 0.222183
EAE_trj             		 0.66655
EAE_try             		 0.0934018
EAE_ttc             		 1.29378
EAE_tti             		 0.619652
EAE_ttcg            		 0.605859
EAE_ttig            		 0.121172
EAE_ty              		 0
EAE_u               		 1
EAE_utili           		 -93.5013
EAE_utilj           		 -203.605
EAE_vj              		 2.38
EAE_w               		 1.01472
EAE_wcst            		 0
EAE_whty            		 0.574241
EAE_wi              		 1.12592
EAE_witilde         		 1.12592
EAE_wj              		 0.839749
EAE_wjtilde         		 0.839749
EAE_wnty            		 0.490019
EAE_wy              		 0.547927
EAE_y               		 3.67252
EAE_ygap            		 0
EAE_ygrowth         		 1
EAE_ygrowth4        		 1
EAE_yhty            		 0.687556
EAE_ynty            		 0.312444
EAE_yshare          		 0.0665152
EAE_ysn             		 0.979152
EAE_yst             		 2.69337
EAE_zcon            		 1
EAE_zinv            		 1
EAE_zn              		 1
EAE_zt              		 1
EAE_gammav1         		 0.0287061
EAE_gammav2         		 0.150338
EAE_nutc            		 0.2
EAE_nuti            		 0.200001
EAE_nutcg           		 0.500001
EAE_nutig           		 0.500001
EAE_psit            		 0.2
EAEEAA_rerbar       		 1
EAEEAB_rerbar       		 1
EAEEAC_rerbar       		 1
EAEEAD_rerbar       		 1
EAEEAF_rerbar       		 1
EAEEAG_rerbar       		 1
EAEEAH_rerbar       		 1
EAEEAI_rerbar       		 1
EAEEAJ_rerbar       		 1
EAEEAK_rerbar       		 1
EAEEAL_rerbar       		 1.00262
EAERW_rerbar        		 0.980127
EAEUS_rerbar        		 1.30528
EAE_pibar           		 0.979408
EAE_psinbar         		 0.274162
EAE_psitbar         		 0.538675
EAE_pybar           		 0.971996
EAE_qbar            		 0.979408
EAE_trybar          		 0.0933627
EAE_ybar            		 3.67252
EAE_ynbar           		 0.979152
EAE_ytbar           		 2.69337
EAFEAA_excy         		 0.0213205
EAFEAB_excy         		 0.0213205
EAFEAC_excy         		 0.0213205
EAFEAD_excy         		 0.0213205
EAFEAE_excy         		 0.0213205
EAFEAG_excy         		 0.0213205
EAFEAH_excy         		 0.0213205
EAFEAI_excy         		 0.0213205
EAFEAJ_excy         		 0.0213205
EAFEAK_excy         		 0.0213205
EAFEAL_excy         		 0.0217196
EAFRW_excy          		 0.0164031
EAFUS_excy          		 0.00609685
EAFEAA_exiy         		 0.0102114
EAFEAB_exiy         		 0.0102114
EAFEAC_exiy         		 0.0102114
EAFEAD_exiy         		 0.0102114
EAFEAE_exiy         		 0.0102114
EAFEAG_exiy         		 0.0102114
EAFEAH_exiy         		 0.0102114
EAFEAI_exiy         		 0.0102114
EAFEAJ_exiy         		 0.0102114
EAFEAK_exiy         		 0.0102114
EAFEAL_exiy         		 0.0102503
EAFRW_exiy          		 0.0129191
EAFUS_exiy          		 0.0048406
EAF_fx              		 5.69841
EAFEAA_gammaimc     		 0
EAFEAB_gammaimc     		 0
EAFEAC_gammaimc     		 0
EAFEAD_gammaimc     		 0
EAFEAE_gammaimc     		 0
EAFEAG_gammaimc     		 0
EAFEAH_gammaimc     		 0
EAFEAI_gammaimc     		 0
EAFEAJ_gammaimc     		 0
EAFEAK_gammaimc     		 0
EAFEAL_gammaimc     		 0
EAFRW_gammaimc      		 0
EAFUS_gammaimc      		 0
EAFEAA_gammaimcdag  		 1
EAFEAB_gammaimcdag  		 1
EAFEAC_gammaimcdag  		 1
EAFEAD_gammaimcdag  		 1
EAFEAE_gammaimcdag  		 1
EAFEAG_gammaimcdag  		 1
EAFEAH_gammaimcdag  		 1
EAFEAI_gammaimcdag  		 1
EAFEAJ_gammaimcdag  		 1
EAFEAK_gammaimcdag  		 1
EAFEAL_gammaimcdag  		 1
EAFRW_gammaimcdag   		 1
EAFUS_gammaimcdag   		 1
EAFEAA_gammaimi     		 0
EAFEAB_gammaimi     		 0
EAFEAC_gammaimi     		 0
EAFEAD_gammaimi     		 0
EAFEAE_gammaimi     		 0
EAFEAG_gammaimi     		 0
EAFEAH_gammaimi     		 0
EAFEAI_gammaimi     		 0
EAFEAJ_gammaimi     		 0
EAFEAK_gammaimi     		 0
EAFEAL_gammaimi     		 0
EAFRW_gammaimi      		 0
EAFUS_gammaimi      		 0
EAFEAA_gammaimidag  		 1
EAFEAB_gammaimidag  		 1
EAFEAC_gammaimidag  		 1
EAFEAD_gammaimidag  		 1
EAFEAE_gammaimidag  		 1
EAFEAG_gammaimidag  		 1
EAFEAH_gammaimidag  		 1
EAFEAI_gammaimidag  		 1
EAFEAJ_gammaimidag  		 1
EAFEAK_gammaimidag  		 1
EAFEAL_gammaimidag  		 1
EAFRW_gammaimidag   		 1
EAFUS_gammaimidag   		 1
EAFEAA_gammaimcg    		 0
EAFEAB_gammaimcg    		 0
EAFEAC_gammaimcg    		 0
EAFEAD_gammaimcg    		 0
EAFEAE_gammaimcg    		 0
EAFEAG_gammaimcg    		 0
EAFEAH_gammaimcg    		 0
EAFEAI_gammaimcg    		 0
EAFEAJ_gammaimcg    		 0
EAFEAK_gammaimcg    		 0
EAFEAL_gammaimcg    		 0
EAFRW_gammaimcg     		 0
EAFUS_gammaimcg     		 0
EAFEAA_gammaimcgdag 		 1
EAFEAB_gammaimcgdag 		 1
EAFEAC_gammaimcgdag 		 1
EAFEAD_gammaimcgdag 		 1
EAFEAE_gammaimcgdag 		 1
EAFEAG_gammaimcgdag 		 1
EAFEAH_gammaimcgdag 		 1
EAFEAI_gammaimcgdag 		 1
EAFEAJ_gammaimcgdag 		 1
EAFEAK_gammaimcgdag 		 1
EAFEAL_gammaimcgdag 		 1
EAFRW_gammaimcgdag  		 1
EAFUS_gammaimcgdag  		 1
EAFEAA_gammaimig    		 0
EAFEAB_gammaimig    		 0
EAFEAC_gammaimig    		 0
EAFEAD_gammaimig    		 0
EAFEAE_gammaimig    		 0
EAFEAG_gammaimig    		 0
EAFEAH_gammaimig    		 0
EAFEAI_gammaimig    		 0
EAFEAJ_gammaimig    		 0
EAFEAK_gammaimig    		 0
EAFEAL_gammaimig    		 0
EAFRW_gammaimig     		 0
EAFUS_gammaimig     		 0
EAFEAA_gammaimigdag 		 1
EAFEAB_gammaimigdag 		 1
EAFEAC_gammaimigdag 		 1
EAFEAD_gammaimigdag 		 1
EAFEAE_gammaimigdag 		 1
EAFEAG_gammaimigdag 		 1
EAFEAH_gammaimigdag 		 1
EAFEAI_gammaimigdag 		 1
EAFEAJ_gammaimigdag 		 1
EAFEAK_gammaimigdag 		 1
EAFEAL_gammaimigdag 		 1
EAFRW_gammaimigdag  		 1
EAFUS_gammaimigdag  		 1
EAF_gx              		 6.8381
EAFEAA_im           		 0.152327
EAFEAB_im           		 0.152327
EAFEAC_im           		 0.152327
EAFEAD_im           		 0.152327
EAFEAE_im           		 0.152327
EAFEAG_im           		 0.152327
EAFEAH_im           		 0.152327
EAFEAI_im           		 0.152327
EAFEAJ_im           		 0.152327
EAFEAK_im           		 0.152327
EAFEAL_im           		 0.150188
EAFRW_im            		 0.139278
EAFUS_im            		 0.0651772
EAFEAA_imc          		 0.083519
EAFEAB_imc          		 0.083519
EAFEAC_imc          		 0.083519
EAFEAD_imc          		 0.083519
EAFEAE_imc          		 0.083519
EAFEAG_imc          		 0.083519
EAFEAH_imc          		 0.083519
EAFEAI_imc          		 0.083519
EAFEAJ_imc          		 0.083519
EAFEAK_imc          		 0.083519
EAFEAL_imc          		 0.0823463
EAFRW_imc           		 0.0763641
EAFUS_imc           		 0.0357358
EAFEAD_imcy         		 0.0213205
EAFEAA_imi          		 0.0400013
EAFEAB_imi          		 0.0400013
EAFEAC_imi          		 0.0400013
EAFEAD_imi          		 0.0400013
EAFEAE_imi          		 0.0400013
EAFEAG_imi          		 0.0400013
EAFEAH_imi          		 0.0400013
EAFEAI_imi          		 0.0400013
EAFEAJ_imi          		 0.0400013
EAFEAK_imi          		 0.0400013
EAFEAL_imi          		 0.0394397
EAFRW_imi           		 0.0365745
EAFUS_imi           		 0.0171156
EAFEAD_imiy         		 0.0102114
EAFEAA_imcg         		 0.0240058
EAFEAB_imcg         		 0.0240058
EAFEAC_imcg         		 0.0240058
EAFEAD_imcg         		 0.0240058
EAFEAE_imcg         		 0.0240058
EAFEAG_imcg         		 0.0240058
EAFEAH_imcg         		 0.0240058
EAFEAI_imcg         		 0.0240058
EAFEAJ_imcg         		 0.0240058
EAFEAK_imcg         		 0.0240058
EAFEAL_imcg         		 0.0236687
EAFRW_imcg          		 0.0219492
EAFUS_imcg          		 0.0102715
EAFEAD_imcgy        		 0.00612812
EAFEAA_imig         		 0.00480115
EAFEAB_imig         		 0.00480115
EAFEAC_imig         		 0.00480115
EAFEAD_imig         		 0.00480115
EAFEAE_imig         		 0.00480115
EAFEAG_imig         		 0.00480115
EAFEAH_imig         		 0.00480115
EAFEAI_imig         		 0.00480115
EAFEAJ_imig         		 0.00480115
EAFEAK_imig         		 0.00480115
EAFEAL_imig         		 0.00473374
EAFRW_imig          		 0.00438985
EAFUS_imig          		 0.0020543
EAFEAD_imigy        		 0.00122562
EAF_piex            		 1.00496
EAF_pextilde        		 0.911257
EAFEAA_rer          		 1
EAFEAB_rer          		 1
EAFEAC_rer          		 1
EAFEAD_rer          		 1
EAFEAE_rer          		 1
EAFEAG_rer          		 1
EAFEAH_rer          		 1
EAFEAI_rer          		 1
EAFEAJ_rer          		 1
EAFEAK_rer          		 1
EAFEAL_rer          		 1.00262
EAFRW_rer           		 0.980127
EAFUS_rer           		 1.30528
EAF_sx              		 1
EAFEAA_tot          		 1
EAFEAB_tot          		 1
EAFEAC_tot          		 1
EAFEAD_tot          		 1
EAFEAE_tot          		 1
EAFEAG_tot          		 1
EAFEAH_tot          		 1
EAFEAI_tot          		 1
EAFEAJ_tot          		 1
EAFEAK_tot          		 1
EAFEAL_tot          		 1.00567
EAFRW_tot           		 1.03646
EAFUS_tot           		 1.40432
EAFEAA_weight       		 0.0790839
EAFEAB_weight       		 0.0790839
EAFEAC_weight       		 0.0790839
EAFEAD_weight       		 0.0790839
EAFEAE_weight       		 0.0790839
EAFEAG_weight       		 0.0790839
EAFEAH_weight       		 0.0790839
EAFEAI_weight       		 0.0790839
EAFEAJ_weight       		 0.0790839
EAFEAK_weight       		 0.0790839
EAFEAL_weight       		 0.0787644
EAFRW_weight        		 0.0777095
EAFUS_weight        		 0.0526868
EAFEAA_weightex     		 0.0784261
EAFEAB_weightex     		 0.0784261
EAFEAC_weightex     		 0.0784261
EAFEAD_weightex     		 0.0784261
EAFEAE_weightex     		 0.0784261
EAFEAG_weightex     		 0.0784261
EAFEAH_weightex     		 0.0784261
EAFEAI_weightex     		 0.0784261
EAFEAJ_weightex     		 0.0784261
EAFEAK_weightex     		 0.0784261
EAFEAL_weightex     		 0.0784597
EAFRW_weightex      		 0.0798398
EAFUS_weightex      		 0.0574393
EAFEAA_weightim     		 0.0797441
EAFEAB_weightim     		 0.0797441
EAFEAC_weightim     		 0.0797441
EAFEAD_weightim     		 0.0797441
EAFEAE_weightim     		 0.0797441
EAFEAG_weightim     		 0.0797441
EAFEAH_weightim     		 0.0797441
EAFEAI_weightim     		 0.0797441
EAFEAJ_weightim     		 0.0797441
EAFEAK_weightim     		 0.0797441
EAFEAL_weightim     		 0.0790703
EAFRW_weightim      		 0.0755711
EAFUS_weightim      		 0.0479163
EAF_b               		 8.56723
EAF_bf              		 -0.412254
EAF_by              		 2.4
EAF_c               		 1.91813
EAF_ci              		 2.17374
EAF_cj              		 1.15129
EAF_cy              		 0.537339
EAF_d               		 0.163581
EAF_dn              		 0.163581
EAF_dt              		 -1.34331e-07
EAF_etot            		 1.02134
EAF_ex              		 1.91744
EAF_fh              		 6.7904
EAF_fi              		 14.2952
EAF_fj              		 0.529452
EAF_fn              		 8.56886
EAF_cg              		 0.740818
EAF_gammab          		 0
EAF_gammai          		 0
EAF_gammaider       		 0
EAF_gammau          		 0
EAF_gammauder       		 0.0324171
EAF_gammav          		 0.000193765
EAF_gammavi         		 0.000101018
EAF_gammavider      		 0.00216519
EAF_gammavj         		 0.000101018
EAF_gammavjder      		 0.00216519
EAF_gh              		 8.14848
EAF_gi              		 5.91135
EAF_gj              		 3.72038
EAF_gn              		 12.8533
EAF_cgy             		 0.2
EAF_ht              		 0.77593
EAF_htc             		 0.271436
EAF_hti             		 0.130004
EAF_htcg            		 0.312075
EAF_htig            		 0.062415
EAF_i               		 0.804602
EAF_ig              		 0.148164
EAF_ii              		 1.0728
EAF_im              		 1.86488
EAF_imc             		 1.02249
EAF_imi             		 0.489721
EAF_imcg            		 0.293893
EAF_imig            		 0.0587786
EAF_imy             		 0.48763
EAF_internalrer     		 1.22631
EAF_igy             		 0.04
EAF_k               		 32.1841
EAF_kd              		 32.1841
EAF_kdn             		 8.99298
EAF_kdt             		 23.1911
EAF_ki              		 42.9121
EAF_lambdai         		 1.29051
EAF_lambdaj         		 2.4366
EAF_lcy             		 0.667922
EAF_m               		 0.805936
EAF_mcn             		 0.759381
EAF_mct             		 0.759381
EAF_mi              		 0.913337
EAF_mj              		 0.483736
EAF_nd              		 1.92756
EAF_ndi             		 0.92155
EAF_ndj             		 1.09358
EAF_ndn             		 0.538604
EAF_ndt             		 1.38895
EAF_ni              		 0.92155
EAF_nj              		 1.09358
EAF_nt              		 0.979152
EAF_ntc             		 0.629092
EAF_nti             		 0.186521
EAF_ntcg            		 0.136282
EAF_ntig            		 0.0272565
EAF_pex             		 0.911257
EAF_pht             		 0.911257
EAF_phttilde        		 0.911257
EAF_pi              		 0.979408
EAF_pcg             		 0.963713
EAF_pig             		 0.963713
EAF_pic             		 1.00496
EAF_pic4            		 1.02
EAF_piex4           		 1.02
EAF_piht            		 1.00496
EAF_piimc           		 1.00496
EAF_piimi           		 1.00496
EAF_piimcg          		 1.00496
EAF_piimig          		 1.00496
EAF_piimc4          		 1.02
EAF_pim             		 0.933402
EAF_pimc            		 0.9334
EAF_pimi            		 0.9334
EAF_pimcg           		 0.9334
EAF_pimig           		 0.9334
EAF_pint            		 1.00496
EAF_piw             		 1.00496
EAF_piw4            		 1.02
EAF_pnt             		 1.13907
EAF_pnttilde        		 1.13907
EAF_pttc            		 0.928864
EAF_ptti            		 0.928864
EAF_pttcg           		 0.922163
EAF_pttig           		 0.922163
EAF_py              		 0.971996
EAF_q               		 0.979408
EAF_qc              		 1.91832
EAF_qi              		 0.804602
EAF_qcg             		 0.740818
EAF_qig             		 0.148164
EAF_r               		 1.01242
EAF_reer            		 1.01276
EAF_rer             		 1.30528
EAF_rerdep          		 1
EAF_rk              		 0.0317495
EAF_rp              		 0
EAF_rr              		 1.00742
EAF_rrstar          		 1.00742
EAF_sh              		 1
EAF_si              		 1
EAF_sj              		 1
EAF_snt             		 1
EAF_t               		 0
EAF_tauc            		 0.183
EAF_taud            		 0
EAF_tauk            		 0
EAF_taun            		 0.122
EAF_tauwf           		 0.219
EAF_tauwh           		 0.118
EAF_tb              		 0.00659988
EAF_tby             		 0.00184887
EAF_ti              		 0
EAF_tj              		 0
EAF_tot             		 1.40432
EAF_tr              		 0.333275
EAF_tri             		 0.222183
EAF_trj             		 0.66655
EAF_try             		 0.0934018
EAF_ttc             		 1.29378
EAF_tti             		 0.619652
EAF_ttcg            		 0.605859
EAF_ttig            		 0.121172
EAF_ty              		 0
EAF_u               		 1
EAF_utili           		 -93.5013
EAF_utilj           		 -203.605
EAF_vj              		 2.38
EAF_w               		 1.01472
EAF_wcst            		 0
EAF_whty            		 0.574241
EAF_wi              		 1.12592
EAF_witilde         		 1.12592
EAF_wj              		 0.839749
EAF_wjtilde         		 0.839749
EAF_wnty            		 0.490019
EAF_wy              		 0.547927
EAF_y               		 3.67252
EAF_ygap            		 0
EAF_ygrowth         		 1
EAF_ygrowth4        		 1
EAF_yhty            		 0.687556
EAF_ynty            		 0.312444
EAF_yshare          		 0.0665152
EAF_ysn             		 0.979152
EAF_yst             		 2.69337
EAF_zcon            		 1
EAF_zinv            		 1
EAF_zn              		 1
EAF_zt              		 1
EAF_gammav1         		 0.0287061
EAF_gammav2         		 0.150338
EAF_nutc            		 0.2
EAF_nuti            		 0.200001
EAF_nutcg           		 0.500001
EAF_nutig           		 0.500001
EAF_psit            		 0.2
EAFEAA_rerbar       		 1
EAFEAB_rerbar       		 1
EAFEAC_rerbar       		 1
EAFEAD_rerbar       		 1
EAFEAE_rerbar       		 1
EAFEAG_rerbar       		 1
EAFEAH_rerbar       		 1
EAFEAI_rerbar       		 1
EAFEAJ_rerbar       		 1
EAFEAK_rerbar       		 1
EAFEAL_rerbar       		 1.00262
EAFRW_rerbar        		 0.980127
EAFUS_rerbar        		 1.30528
EAF_pibar           		 0.979408
EAF_psinbar         		 0.274162
EAF_psitbar         		 0.538675
EAF_pybar           		 0.971996
EAF_qbar            		 0.979408
EAF_trybar          		 0.0933627
EAF_ybar            		 3.67252
EAF_ynbar           		 0.979152
EAF_ytbar           		 2.69337
EAGEAA_excy         		 0.0213205
EAGEAB_excy         		 0.0213205
EAGEAC_excy         		 0.0213205
EAGEAD_excy         		 0.0213205
EAGEAE_excy         		 0.0213205
EAGEAF_excy         		 0.0213205
EAGEAH_excy         		 0.0213205
EAGEAI_excy         		 0.0213205
EAGEAJ_excy         		 0.0213205
EAGEAK_excy         		 0.0213205
EAGEAL_excy         		 0.0217196
EAGRW_excy          		 0.0164031
EAGUS_excy          		 0.00609685
EAGEAA_exiy         		 0.0102114
EAGEAB_exiy         		 0.0102114
EAGEAC_exiy         		 0.0102114
EAGEAD_exiy         		 0.0102114
EAGEAE_exiy         		 0.0102114
EAGEAF_exiy         		 0.0102114
EAGEAH_exiy         		 0.0102114
EAGEAI_exiy         		 0.0102114
EAGEAJ_exiy         		 0.0102114
EAGEAK_exiy         		 0.0102114
EAGEAL_exiy         		 0.0102503
EAGRW_exiy          		 0.0129191
EAGUS_exiy          		 0.0048406
EAG_fx              		 5.69841
EAGEAA_gammaimc     		 0
EAGEAB_gammaimc     		 0
EAGEAC_gammaimc     		 0
EAGEAD_gammaimc     		 0
EAGEAE_gammaimc     		 0
EAGEAF_gammaimc     		 0
EAGEAH_gammaimc     		 0
EAGEAI_gammaimc     		 0
EAGEAJ_gammaimc     		 0
EAGEAK_gammaimc     		 0
EAGEAL_gammaimc     		 0
EAGRW_gammaimc      		 0
EAGUS_gammaimc      		 0
EAGEAA_gammaimcdag  		 1
EAGEAB_gammaimcdag  		 1
EAGEAC_gammaimcdag  		 1
EAGEAD_gammaimcdag  		 1
EAGEAE_gammaimcdag  		 1
EAGEAF_gammaimcdag  		 1
EAGEAH_gammaimcdag  		 1
EAGEAI_gammaimcdag  		 1
EAGEAJ_gammaimcdag  		 1
EAGEAK_gammaimcdag  		 1
EAGEAL_gammaimcdag  		 1
EAGRW_gammaimcdag   		 1
EAGUS_gammaimcdag   		 1
EAGEAA_gammaimi     		 0
EAGEAB_gammaimi     		 0
EAGEAC_gammaimi     		 0
EAGEAD_gammaimi     		 0
EAGEAE_gammaimi     		 0
EAGEAF_gammaimi     		 0
EAGEAH_gammaimi     		 0
EAGEAI_gammaimi     		 0
EAGEAJ_gammaimi     		 0
EAGEAK_gammaimi     		 0
EAGEAL_gammaimi     		 0
EAGRW_gammaimi      		 0
EAGUS_gammaimi      		 0
EAGEAA_gammaimidag  		 1
EAGEAB_gammaimidag  		 1
EAGEAC_gammaimidag  		 1
EAGEAD_gammaimidag  		 1
EAGEAE_gammaimidag  		 1
EAGEAF_gammaimidag  		 1
EAGEAH_gammaimidag  		 1
EAGEAI_gammaimidag  		 1
EAGEAJ_gammaimidag  		 1
EAGEAK_gammaimidag  		 1
EAGEAL_gammaimidag  		 1
EAGRW_gammaimidag   		 1
EAGUS_gammaimidag   		 1
EAGEAA_gammaimcg    		 0
EAGEAB_gammaimcg    		 0
EAGEAC_gammaimcg    		 0
EAGEAD_gammaimcg    		 0
EAGEAE_gammaimcg    		 0
EAGEAF_gammaimcg    		 0
EAGEAH_gammaimcg    		 0
EAGEAI_gammaimcg    		 0
EAGEAJ_gammaimcg    		 0
EAGEAK_gammaimcg    		 0
EAGEAL_gammaimcg    		 0
EAGRW_gammaimcg     		 0
EAGUS_gammaimcg     		 0
EAGEAA_gammaimcgdag 		 1
EAGEAB_gammaimcgdag 		 1
EAGEAC_gammaimcgdag 		 1
EAGEAD_gammaimcgdag 		 1
EAGEAE_gammaimcgdag 		 1
EAGEAF_gammaimcgdag 		 1
EAGEAH_gammaimcgdag 		 1
EAGEAI_gammaimcgdag 		 1
EAGEAJ_gammaimcgdag 		 1
EAGEAK_gammaimcgdag 		 1
EAGEAL_gammaimcgdag 		 1
EAGRW_gammaimcgdag  		 1
EAGUS_gammaimcgdag  		 1
EAGEAA_gammaimig    		 0
EAGEAB_gammaimig    		 0
EAGEAC_gammaimig    		 0
EAGEAD_gammaimig    		 0
EAGEAE_gammaimig    		 0
EAGEAF_gammaimig    		 0
EAGEAH_gammaimig    		 0
EAGEAI_gammaimig    		 0
EAGEAJ_gammaimig    		 0
EAGEAK_gammaimig    		 0
EAGEAL_gammaimig    		 0
EAGRW_gammaimig     		 0
EAGUS_gammaimig     		 0
EAGEAA_gammaimigdag 		 1
EAGEAB_gammaimigdag 		 1
EAGEAC_gammaimigdag 		 1
EAGEAD_gammaimigdag 		 1
EAGEAE_gammaimigdag 		 1
EAGEAF_gammaimigdag 		 1
EAGEAH_gammaimigdag 		 1
EAGEAI_gammaimigdag 		 1
EAGEAJ_gammaimigdag 		 1
EAGEAK_gammaimigdag 		 1
EAGEAL_gammaimigdag 		 1
EAGRW_gammaimigdag  		 1
EAGUS_gammaimigdag  		 1
EAG_gx              		 6.8381
EAGEAA_im           		 0.152327
EAGEAB_im           		 0.152327
EAGEAC_im           		 0.152327
EAGEAD_im           		 0.152327
EAGEAE_im           		 0.152327
EAGEAF_im           		 0.152327
EAGEAH_im           		 0.152327
EAGEAI_im           		 0.152327
EAGEAJ_im           		 0.152327
EAGEAK_im           		 0.152327
EAGEAL_im           		 0.150188
EAGRW_im            		 0.139278
EAGUS_im            		 0.0651772
EAGEAA_imc          		 0.083519
EAGEAB_imc          		 0.083519
EAGEAC_imc          		 0.083519
EAGEAD_imc          		 0.083519
EAGEAE_imc          		 0.083519
EAGEAF_imc          		 0.083519
EAGEAH_imc          		 0.083519
EAGEAI_imc          		 0.083519
EAGEAJ_imc          		 0.083519
EAGEAK_imc          		 0.083519
EAGEAL_imc          		 0.0823463
EAGRW_imc           		 0.0763641
EAGUS_imc           		 0.0357358
EAGEAE_imcy         		 0.0213205
EAGEAA_imi          		 0.0400013
EAGEAB_imi          		 0.0400013
EAGEAC_imi          		 0.0400013
EAGEAD_imi          		 0.0400013
EAGEAE_imi          		 0.0400013
EAGEAF_imi          		 0.0400013
EAGEAH_imi          		 0.0400013
EAGEAI_imi          		 0.0400013
EAGEAJ_imi          		 0.0400013
EAGEAK_imi          		 0.0400013
EAGEAL_imi          		 0.0394397
EAGRW_imi           		 0.0365745
EAGUS_imi           		 0.0171156
EAGEAE_imiy         		 0.0102114
EAGEAA_imcg         		 0.0240058
EAGEAB_imcg         		 0.0240058
EAGEAC_imcg         		 0.0240058
EAGEAD_imcg         		 0.0240058
EAGEAE_imcg         		 0.0240058
EAGEAF_imcg         		 0.0240058
EAGEAH_imcg         		 0.0240058
EAGEAI_imcg         		 0.0240058
EAGEAJ_imcg         		 0.0240058
EAGEAK_imcg         		 0.0240058
EAGEAL_imcg         		 0.0236687
EAGRW_imcg          		 0.0219492
EAGUS_imcg          		 0.0102715
EAGEAE_imcgy        		 0.00612812
EAGEAA_imig         		 0.00480115
EAGEAB_imig         		 0.00480115
EAGEAC_imig         		 0.00480115
EAGEAD_imig         		 0.00480115
EAGEAE_imig         		 0.00480115
EAGEAF_imig         		 0.00480115
EAGEAH_imig         		 0.00480115
EAGEAI_imig         		 0.00480115
EAGEAJ_imig         		 0.00480115
EAGEAK_imig         		 0.00480115
EAGEAL_imig         		 0.00473374
EAGRW_imig          		 0.00438985
EAGUS_imig          		 0.0020543
EAGEAE_imigy        		 0.00122562
EAG_piex            		 1.00496
EAG_pextilde        		 0.911257
EAGEAA_rer          		 1
EAGEAB_rer          		 1
EAGEAC_rer          		 1
EAGEAD_rer          		 1
EAGEAE_rer          		 1
EAGEAF_rer          		 1
EAGEAH_rer          		 1
EAGEAI_rer          		 1
EAGEAJ_rer          		 1
EAGEAK_rer          		 1
EAGEAL_rer          		 1.00262
EAGRW_rer           		 0.980127
EAGUS_rer           		 1.30528
EAG_sx              		 1
EAGEAA_tot          		 1
EAGEAB_tot          		 1
EAGEAC_tot          		 1
EAGEAD_tot          		 1
EAGEAE_tot          		 1
EAGEAF_tot          		 1
EAGEAH_tot          		 1
EAGEAI_tot          		 1
EAGEAJ_tot          		 1
EAGEAK_tot          		 1
EAGEAL_tot          		 1.00567
EAGRW_tot           		 1.03646
EAGUS_tot           		 1.40432
EAGEAA_weight       		 0.0790839
EAGEAB_weight       		 0.0790839
EAGEAC_weight       		 0.0790839
EAGEAD_weight       		 0.0790839
EAGEAE_weight       		 0.0790839
EAGEAF_weight       		 0.0790839
EAGEAH_weight       		 0.0790839
EAGEAI_weight       		 0.0790839
EAGEAJ_weight       		 0.0790839
EAGEAK_weight       		 0.0790839
EAGEAL_weight       		 0.0787644
EAGRW_weight        		 0.0777095
EAGUS_weight        		 0.0526868
EAGEAA_weightex     		 0.0784261
EAGEAB_weightex     		 0.0784261
EAGEAC_weightex     		 0.0784261
EAGEAD_weightex     		 0.0784261
EAGEAE_weightex     		 0.0784261
EAGEAF_weightex     		 0.0784261
EAGEAH_weightex     		 0.0784261
EAGEAI_weightex     		 0.0784261
EAGEAJ_weightex     		 0.0784261
EAGEAK_weightex     		 0.0784261
EAGEAL_weightex     		 0.0784597
EAGRW_weightex      		 0.0798398
EAGUS_weightex      		 0.0574393
EAGEAA_weightim     		 0.0797441
EAGEAB_weightim     		 0.0797441
EAGEAC_weightim     		 0.0797441
EAGEAD_weightim     		 0.0797441
EAGEAE_weightim     		 0.0797441
EAGEAF_weightim     		 0.0797441
EAGEAH_weightim     		 0.0797441
EAGEAI_weightim     		 0.0797441
EAGEAJ_weightim     		 0.0797441
EAGEAK_weightim     		 0.0797441
EAGEAL_weightim     		 0.0790703
EAGRW_weightim      		 0.0755711
EAGUS_weightim      		 0.0479163
EAG_b               		 8.56723
EAG_bf              		 -0.412254
EAG_by              		 2.4
EAG_c               		 1.91813
EAG_ci              		 2.17374
EAG_cj              		 1.15129
EAG_cy              		 0.537339
EAG_d               		 0.163581
EAG_dn              		 0.163581
EAG_dt              		 -1.34331e-07
EAG_etot            		 1.02134
EAG_ex              		 1.91744
EAG_fh              		 6.7904
EAG_fi              		 14.2952
EAG_fj              		 0.529452
EAG_fn              		 8.56886
EAG_cg              		 0.740818
EAG_gammab          		 0
EAG_gammai          		 0
EAG_gammaider       		 0
EAG_gammau          		 0
EAG_gammauder       		 0.0324171
EAG_gammav          		 0.000193765
EAG_gammavi         		 0.000101018
EAG_gammavider      		 0.00216519
EAG_gammavj         		 0.000101018
EAG_gammavjder      		 0.00216519
EAG_gh              		 8.14848
EAG_gi              		 5.91135
EAG_gj              		 3.72038
EAG_gn              		 12.8533
EAG_cgy             		 0.2
EAG_ht              		 0.77593
EAG_htc             		 0.271436
EAG_hti             		 0.130004
EAG_htcg            		 0.312075
EAG_htig            		 0.062415
EAG_i               		 0.804602
EAG_ig              		 0.148164
EAG_ii              		 1.0728
EAG_im              		 1.86488
EAG_imc             		 1.02249
EAG_imi             		 0.489721
EAG_imcg            		 0.293893
EAG_imig            		 0.0587786
EAG_imy             		 0.48763
EAG_internalrer     		 1.22631
EAG_igy             		 0.04
EAG_k               		 32.1841
EAG_kd              		 32.1841
EAG_kdn             		 8.99298
EAG_kdt             		 23.1911
EAG_ki              		 42.9121
EAG_lambdai         		 1.29051
EAG_lambdaj         		 2.4366
EAG_lcy             		 0.667922
EAG_m               		 0.805936
EAG_mcn             		 0.759381
EAG_mct             		 0.759381
EAG_mi              		 0.913337
EAG_mj              		 0.483736
EAG_nd              		 1.92756
EAG_ndi             		 0.92155
EAG_ndj             		 1.09358
EAG_ndn             		 0.538604
EAG_ndt             		 1.38895
EAG_ni              		 0.92155
EAG_nj              		 1.09358
EAG_nt              		 0.979152
EAG_ntc             		 0.629092
EAG_nti             		 0.186521
EAG_ntcg            		 0.136282
EAG_ntig            		 0.0272565
EAG_pex             		 0.911257
EAG_pht             		 0.911257
EAG_phttilde        		 0.911257
EAG_pi              		 0.979408
EAG_pcg             		 0.963713
EAG_pig             		 0.963713
EAG_pic             		 1.00496
EAG_pic4            		 1.02
EAG_piex4           		 1.02
EAG_piht            		 1.00496
EAG_piimc           		 1.00496
EAG_piimi           		 1.00496
EAG_piimcg          		 1.00496
EAG_piimig          		 1.00496
EAG_piimc4          		 1.02
EAG_pim             		 0.933402
EAG_pimc            		 0.9334
EAG_pimi            		 0.9334
EAG_pimcg           		 0.9334
EAG_pimig           		 0.9334
EAG_pint            		 1.00496
EAG_piw             		 1.00496
EAG_piw4            		 1.02
EAG_pnt             		 1.13907
EAG_pnttilde        		 1.13907
EAG_pttc            		 0.928864
EAG_ptti            		 0.928864
EAG_pttcg           		 0.922163
EAG_pttig           		 0.922163
EAG_py              		 0.971996
EAG_q               		 0.979408
EAG_qc              		 1.91832
EAG_qi              		 0.804602
EAG_qcg             		 0.740818
EAG_qig             		 0.148164
EAG_r               		 1.01242
EAG_reer            		 1.01276
EAG_rer             		 1.30528
EAG_rerdep          		 1
EAG_rk              		 0.0317495
EAG_rp              		 0
EAG_rr              		 1.00742
EAG_rrstar          		 1.00742
EAG_sh              		 1
EAG_si              		 1
EAG_sj              		 1
EAG_snt             		 1
EAG_t               		 0
EAG_tauc            		 0.183
EAG_taud            		 0
EAG_tauk            		 0
EAG_taun            		 0.122
EAG_tauwf           		 0.219
EAG_tauwh           		 0.118
EAG_tb              		 0.00659988
EAG_tby             		 0.00184887
EAG_ti              		 0
EAG_tj              		 0
EAG_tot             		 1.40432
EAG_tr              		 0.333275
EAG_tri             		 0.222183
EAG_trj             		 0.66655
EAG_try             		 0.0934018
EAG_ttc             		 1.29378
EAG_tti             		 0.619652
EAG_ttcg            		 0.605859
EAG_ttig            		 0.121172
EAG_ty              		 0
EAG_u               		 1
EAG_utili           		 -93.5013
EAG_utilj           		 -203.605
EAG_vj              		 2.38
EAG_w               		 1.01472
EAG_wcst            		 0
EAG_whty            		 0.574241
EAG_wi              		 1.12592
EAG_witilde         		 1.12592
EAG_wj              		 0.839749
EAG_wjtilde         		 0.839749
EAG_wnty            		 0.490019
EAG_wy              		 0.547927
EAG_y               		 3.67252
EAG_ygap            		 0
EAG_ygrowth         		 1
EAG_ygrowth4        		 1
EAG_yhty            		 0.687556
EAG_ynty            		 0.312444
EAG_yshare          		 0.0665152
EAG_ysn             		 0.979152
EAG_yst             		 2.69337
EAG_zcon            		 1
EAG_zinv            		 1
EAG_zn              		 1
EAG_zt              		 1
EAG_gammav1         		 0.0287061
EAG_gammav2         		 0.150338
EAG_nutc            		 0.2
EAG_nuti            		 0.200001
EAG_nutcg           		 0.500001
EAG_nutig           		 0.500001
EAG_psit            		 0.2
EAGEAA_rerbar       		 1
EAGEAB_rerbar       		 1
EAGEAC_rerbar       		 1
EAGEAD_rerbar       		 1
EAGEAE_rerbar       		 1
EAGEAF_rerbar       		 1
EAGEAH_rerbar       		 1
EAGEAI_rerbar       		 1
EAGEAJ_rerbar       		 1
EAGEAK_rerbar       		 1
EAGEAL_rerbar       		 1.00262
EAGRW_rerbar        		 0.980127
EAGUS_rerbar        		 1.30528
EAG_pibar           		 0.979408
EAG_psinbar         		 0.274162
EAG_psitbar         		 0.538675
EAG_pybar           		 0.971996
EAG_qbar            		 0.979408
EAG_trybar          		 0.0933627
EAG_ybar            		 3.67252
EAG_ynbar           		 0.979152
EAG_ytbar           		 2.69337
EAHEAA_excy         		 0.0213205
EAHEAB_excy         		 0.0213205
EAHEAC_excy         		 0.0213205
EAHEAD_excy         		 0.0213205
EAHEAE_excy         		 0.0213205
EAHEAF_excy         		 0.0213205
EAHEAG_excy         		 0.0213205
EAHEAI_excy         		 0.0213205
EAHEAJ_excy         		 0.0213205
EAHEAK_excy         		 0.0213205
EAHEAL_excy         		 0.0217196
EAHRW_excy          		 0.0164031
EAHUS_excy          		 0.00609685
EAHEAA_exiy         		 0.0102114
EAHEAB_exiy         		 0.0102114
EAHEAC_exiy         		 0.0102114
EAHEAD_exiy         		 0.0102114
EAHEAE_exiy         		 0.0102114
EAHEAF_exiy         		 0.0102114
EAHEAG_exiy         		 0.0102114
EAHEAI_exiy         		 0.0102114
EAHEAJ_exiy         		 0.0102114
EAHEAK_exiy         		 0.0102114
EAHEAL_exiy         		 0.0102503
EAHRW_exiy          		 0.0129191
EAHUS_exiy          		 0.0048406
EAH_fx              		 5.69841
EAHEAA_gammaimc     		 0
EAHEAB_gammaimc     		 0
EAHEAC_gammaimc     		 0
EAHEAD_gammaimc     		 0
EAHEAE_gammaimc     		 0
EAHEAF_gammaimc     		 0
EAHEAG_gammaimc     		 0
EAHEAI_gammaimc     		 0
EAHEAJ_gammaimc     		 0
EAHEAK_gammaimc     		 0
EAHEAL_gammaimc     		 0
EAHRW_gammaimc      		 0
EAHUS_gammaimc      		 0
EAHEAA_gammaimcdag  		 1
EAHEAB_gammaimcdag  		 1
EAHEAC_gammaimcdag  		 1
EAHEAD_gammaimcdag  		 1
EAHEAE_gammaimcdag  		 1
EAHEAF_gammaimcdag  		 1
EAHEAG_gammaimcdag  		 1
EAHEAI_gammaimcdag  		 1
EAHEAJ_gammaimcdag  		 1
EAHEAK_gammaimcdag  		 1
EAHEAL_gammaimcdag  		 1
EAHRW_gammaimcdag   		 1
EAHUS_gammaimcdag   		 1
EAHEAA_gammaimi     		 0
EAHEAB_gammaimi     		 0
EAHEAC_gammaimi     		 0
EAHEAD_gammaimi     		 0
EAHEAE_gammaimi     		 0
EAHEAF_gammaimi     		 0
EAHEAG_gammaimi     		 0
EAHEAI_gammaimi     		 0
EAHEAJ_gammaimi     		 0
EAHEAK_gammaimi     		 0
EAHEAL_gammaimi     		 0
EAHRW_gammaimi      		 0
EAHUS_gammaimi      		 0
EAHEAA_gammaimidag  		 1
EAHEAB_gammaimidag  		 1
EAHEAC_gammaimidag  		 1
EAHEAD_gammaimidag  		 1
EAHEAE_gammaimidag  		 1
EAHEAF_gammaimidag  		 1
EAHEAG_gammaimidag  		 1
EAHEAI_gammaimidag  		 1
EAHEAJ_gammaimidag  		 1
EAHEAK_gammaimidag  		 1
EAHEAL_gammaimidag  		 1
EAHRW_gammaimidag   		 1
EAHUS_gammaimidag   		 1
EAHEAA_gammaimcg    		 0
EAHEAB_gammaimcg    		 0
EAHEAC_gammaimcg    		 0
EAHEAD_gammaimcg    		 0
EAHEAE_gammaimcg    		 0
EAHEAF_gammaimcg    		 0
EAHEAG_gammaimcg    		 0
EAHEAI_gammaimcg    		 0
EAHEAJ_gammaimcg    		 0
EAHEAK_gammaimcg    		 0
EAHEAL_gammaimcg    		 0
EAHRW_gammaimcg     		 0
EAHUS_gammaimcg     		 0
EAHEAA_gammaimcgdag 		 1
EAHEAB_gammaimcgdag 		 1
EAHEAC_gammaimcgdag 		 1
EAHEAD_gammaimcgdag 		 1
EAHEAE_gammaimcgdag 		 1
EAHEAF_gammaimcgdag 		 1
EAHEAG_gammaimcgdag 		 1
EAHEAI_gammaimcgdag 		 1
EAHEAJ_gammaimcgdag 		 1
EAHEAK_gammaimcgdag 		 1
EAHEAL_gammaimcgdag 		 1
EAHRW_gammaimcgdag  		 1
EAHUS_gammaimcgdag  		 1
EAHEAA_gammaimig    		 0
EAHEAB_gammaimig    		 0
EAHEAC_gammaimig    		 0
EAHEAD_gammaimig    		 0
EAHEAE_gammaimig    		 0
EAHEAF_gammaimig    		 0
EAHEAG_gammaimig    		 0
EAHEAI_gammaimig    		 0
EAHEAJ_gammaimig    		 0
EAHEAK_gammaimig    		 0
EAHEAL_gammaimig    		 0
EAHRW_gammaimig     		 0
EAHUS_gammaimig     		 0
EAHEAA_gammaimigdag 		 1
EAHEAB_gammaimigdag 		 1
EAHEAC_gammaimigdag 		 1
EAHEAD_gammaimigdag 		 1
EAHEAE_gammaimigdag 		 1
EAHEAF_gammaimigdag 		 1
EAHEAG_gammaimigdag 		 1
EAHEAI_gammaimigdag 		 1
EAHEAJ_gammaimigdag 		 1
EAHEAK_gammaimigdag 		 1
EAHEAL_gammaimigdag 		 1
EAHRW_gammaimigdag  		 1
EAHUS_gammaimigdag  		 1
EAH_gx              		 6.8381
EAHEAA_im           		 0.152327
EAHEAB_im           		 0.152327
EAHEAC_im           		 0.152327
EAHEAD_im           		 0.152327
EAHEAE_im           		 0.152327
EAHEAF_im           		 0.152327
EAHEAG_im           		 0.152327
EAHEAI_im           		 0.152327
EAHEAJ_im           		 0.152327
EAHEAK_im           		 0.152327
EAHEAL_im           		 0.150188
EAHRW_im            		 0.139278
EAHUS_im            		 0.0651772
EAHEAA_imc          		 0.083519
EAHEAB_imc          		 0.083519
EAHEAC_imc          		 0.083519
EAHEAD_imc          		 0.083519
EAHEAE_imc          		 0.083519
EAHEAF_imc          		 0.083519
EAHEAG_imc          		 0.083519
EAHEAI_imc          		 0.083519
EAHEAJ_imc          		 0.083519
EAHEAK_imc          		 0.083519
EAHEAL_imc          		 0.0823463
EAHRW_imc           		 0.0763641
EAHUS_imc           		 0.0357358
EAHEAF_imcy         		 0.0213205
EAHEAA_imi          		 0.0400013
EAHEAB_imi          		 0.0400013
EAHEAC_imi          		 0.0400013
EAHEAD_imi          		 0.0400013
EAHEAE_imi          		 0.0400013
EAHEAF_imi          		 0.0400013
EAHEAG_imi          		 0.0400013
EAHEAI_imi          		 0.0400013
EAHEAJ_imi          		 0.0400013
EAHEAK_imi          		 0.0400013
EAHEAL_imi          		 0.0394397
EAHRW_imi           		 0.0365745
EAHUS_imi           		 0.0171156
EAHEAF_imiy         		 0.0102114
EAHEAA_imcg         		 0.0240058
EAHEAB_imcg         		 0.0240058
EAHEAC_imcg         		 0.0240058
EAHEAD_imcg         		 0.0240058
EAHEAE_imcg         		 0.0240058
EAHEAF_imcg         		 0.0240058
EAHEAG_imcg         		 0.0240058
EAHEAI_imcg         		 0.0240058
EAHEAJ_imcg         		 0.0240058
EAHEAK_imcg         		 0.0240058
EAHEAL_imcg         		 0.0236687
EAHRW_imcg          		 0.0219492
EAHUS_imcg          		 0.0102715
EAHEAF_imcgy        		 0.00612812
EAHEAA_imig         		 0.00480115
EAHEAB_imig         		 0.00480115
EAHEAC_imig         		 0.00480115
EAHEAD_imig         		 0.00480115
EAHEAE_imig         		 0.00480115
EAHEAF_imig         		 0.00480115
EAHEAG_imig         		 0.00480115
EAHEAI_imig         		 0.00480115
EAHEAJ_imig         		 0.00480115
EAHEAK_imig         		 0.00480115
EAHEAL_imig         		 0.00473374
EAHRW_imig          		 0.00438985
EAHUS_imig          		 0.0020543
EAHEAF_imigy        		 0.00122562
EAH_piex            		 1.00496
EAH_pextilde        		 0.911257
EAHEAA_rer          		 1
EAHEAB_rer          		 1
EAHEAC_rer          		 1
EAHEAD_rer          		 1
EAHEAE_rer          		 1
EAHEAF_rer          		 1
EAHEAG_rer          		 1
EAHEAI_rer          		 1
EAHEAJ_rer          		 1
EAHEAK_rer          		 1
EAHEAL_rer          		 1.00262
EAHRW_rer           		 0.980127
EAHUS_rer           		 1.30528
EAH_sx              		 1
EAHEAA_tot          		 1
EAHEAB_tot          		 1
EAHEAC_tot          		 1
EAHEAD_tot          		 1
EAHEAE_tot          		 1
EAHEAF_tot          		 1
EAHEAG_tot          		 1
EAHEAI_tot          		 1
EAHEAJ_tot          		 1
EAHEAK_tot          		 1
EAHEAL_tot          		 1.00567
EAHRW_tot           		 1.03646
EAHUS_tot           		 1.40432
EAHEAA_weight       		 0.0790839
EAHEAB_weight       		 0.0790839
EAHEAC_weight       		 0.0790839
EAHEAD_weight       		 0.0790839
EAHEAE_weight       		 0.0790839
EAHEAF_weight       		 0.0790839
EAHEAG_weight       		 0.0790839
EAHEAI_weight       		 0.0790839
EAHEAJ_weight       		 0.0790839
EAHEAK_weight       		 0.0790839
EAHEAL_weight       		 0.0787644
EAHRW_weight        		 0.0777095
EAHUS_weight        		 0.0526868
EAHEAA_weightex     		 0.0784261
EAHEAB_weightex     		 0.0784261
EAHEAC_weightex     		 0.0784261
EAHEAD_weightex     		 0.0784261
EAHEAE_weightex     		 0.0784261
EAHEAF_weightex     		 0.0784261
EAHEAG_weightex     		 0.0784261
EAHEAI_weightex     		 0.0784261
EAHEAJ_weightex     		 0.0784261
EAHEAK_weightex     		 0.0784261
EAHEAL_weightex     		 0.0784597
EAHRW_weightex      		 0.0798398
EAHUS_weightex      		 0.0574393
EAHEAA_weightim     		 0.0797441
EAHEAB_weightim     		 0.0797441
EAHEAC_weightim     		 0.0797441
EAHEAD_weightim     		 0.0797441
EAHEAE_weightim     		 0.0797441
EAHEAF_weightim     		 0.0797441
EAHEAG_weightim     		 0.0797441
EAHEAI_weightim     		 0.0797441
EAHEAJ_weightim     		 0.0797441
EAHEAK_weightim     		 0.0797441
EAHEAL_weightim     		 0.0790703
EAHRW_weightim      		 0.0755711
EAHUS_weightim      		 0.0479163
EAH_b               		 8.56723
EAH_bf              		 -0.412254
EAH_by              		 2.4
EAH_c               		 1.91813
EAH_ci              		 2.17374
EAH_cj              		 1.15129
EAH_cy              		 0.537339
EAH_d               		 0.163581
EAH_dn              		 0.163581
EAH_dt              		 -1.34331e-07
EAH_etot            		 1.02134
EAH_ex              		 1.91744
EAH_fh              		 6.7904
EAH_fi              		 14.2952
EAH_fj              		 0.529452
EAH_fn              		 8.56886
EAH_cg              		 0.740818
EAH_gammab          		 0
EAH_gammai          		 0
EAH_gammaider       		 0
EAH_gammau          		 0
EAH_gammauder       		 0.0324171
EAH_gammav          		 0.000193765
EAH_gammavi         		 0.000101018
EAH_gammavider      		 0.00216519
EAH_gammavj         		 0.000101018
EAH_gammavjder      		 0.00216519
EAH_gh              		 8.14848
EAH_gi              		 5.91135
EAH_gj              		 3.72038
EAH_gn              		 12.8533
EAH_cgy             		 0.2
EAH_ht              		 0.77593
EAH_htc             		 0.271436
EAH_hti             		 0.130004
EAH_htcg            		 0.312075
EAH_htig            		 0.062415
EAH_i               		 0.804602
EAH_ig              		 0.148164
EAH_ii              		 1.0728
EAH_im              		 1.86488
EAH_imc             		 1.02249
EAH_imi             		 0.489721
EAH_imcg            		 0.293893
EAH_imig            		 0.0587786
EAH_imy             		 0.48763
EAH_internalrer     		 1.22631
EAH_igy             		 0.04
EAH_k               		 32.1841
EAH_kd              		 32.1841
EAH_kdn             		 8.99298
EAH_kdt             		 23.1911
EAH_ki              		 42.9121
EAH_lambdai         		 1.29051
EAH_lambdaj         		 2.4366
EAH_lcy             		 0.667922
EAH_m               		 0.805936
EAH_mcn             		 0.759381
EAH_mct             		 0.759381
EAH_mi              		 0.913337
EAH_mj              		 0.483736
EAH_nd              		 1.92756
EAH_ndi             		 0.92155
EAH_ndj             		 1.09358
EAH_ndn             		 0.538604
EAH_ndt             		 1.38895
EAH_ni              		 0.92155
EAH_nj              		 1.09358
EAH_nt              		 0.979152
EAH_ntc             		 0.629092
EAH_nti             		 0.186521
EAH_ntcg            		 0.136282
EAH_ntig            		 0.0272565
EAH_pex             		 0.911257
EAH_pht             		 0.911257
EAH_phttilde        		 0.911257
EAH_pi              		 0.979408
EAH_pcg             		 0.963713
EAH_pig             		 0.963713
EAH_pic             		 1.00496
EAH_pic4            		 1.02
EAH_piex4           		 1.02
EAH_piht            		 1.00496
EAH_piimc           		 1.00496
EAH_piimi           		 1.00496
EAH_piimcg          		 1.00496
EAH_piimig          		 1.00496
EAH_piimc4          		 1.02
EAH_pim             		 0.933402
EAH_pimc            		 0.9334
EAH_pimi            		 0.9334
EAH_pimcg           		 0.9334
EAH_pimig           		 0.9334
EAH_pint            		 1.00496
EAH_piw             		 1.00496
EAH_piw4            		 1.02
EAH_pnt             		 1.13907
EAH_pnttilde        		 1.13907
EAH_pttc            		 0.928864
EAH_ptti            		 0.928864
EAH_pttcg           		 0.922163
EAH_pttig           		 0.922163
EAH_py              		 0.971996
EAH_q               		 0.979408
EAH_qc              		 1.91832
EAH_qi              		 0.804602
EAH_qcg             		 0.740818
EAH_qig             		 0.148164
EAH_r               		 1.01242
EAH_reer            		 1.01276
EAH_rer             		 1.30528
EAH_rerdep          		 1
EAH_rk              		 0.0317495
EAH_rp              		 0
EAH_rr              		 1.00742
EAH_rrstar          		 1.00742
EAH_sh              		 1
EAH_si              		 1
EAH_sj              		 1
EAH_snt             		 1
EAH_t               		 0
EAH_tauc            		 0.183
EAH_taud            		 0
EAH_tauk            		 0
EAH_taun            		 0.122
EAH_tauwf           		 0.219
EAH_tauwh           		 0.118
EAH_tb              		 0.00659988
EAH_tby             		 0.00184887
EAH_ti              		 0
EAH_tj              		 0
EAH_tot             		 1.40432
EAH_tr              		 0.333275
EAH_tri             		 0.222183
EAH_trj             		 0.66655
EAH_try             		 0.0934018
EAH_ttc             		 1.29378
EAH_tti             		 0.619652
EAH_ttcg            		 0.605859
EAH_ttig            		 0.121172
EAH_ty              		 0
EAH_u               		 1
EAH_utili           		 -93.5013
EAH_utilj           		 -203.605
EAH_vj              		 2.38
EAH_w               		 1.01472
EAH_wcst            		 0
EAH_whty            		 0.574241
EAH_wi              		 1.12592
EAH_witilde         		 1.12592
EAH_wj              		 0.839749
EAH_wjtilde         		 0.839749
EAH_wnty            		 0.490019
EAH_wy              		 0.547927
EAH_y               		 3.67252
EAH_ygap            		 0
EAH_ygrowth         		 1
EAH_ygrowth4        		 1
EAH_yhty            		 0.687556
EAH_ynty            		 0.312444
EAH_yshare          		 0.0665152
EAH_ysn             		 0.979152
EAH_yst             		 2.69337
EAH_zcon            		 1
EAH_zinv            		 1
EAH_zn              		 1
EAH_zt              		 1
EAH_gammav1         		 0.0287061
EAH_gammav2         		 0.150338
EAH_nutc            		 0.2
EAH_nuti            		 0.200001
EAH_nutcg           		 0.500001
EAH_nutig           		 0.500001
EAH_psit            		 0.2
EAHEAA_rerbar       		 1
EAHEAB_rerbar       		 1
EAHEAC_rerbar       		 1
EAHEAD_rerbar       		 1
EAHEAE_rerbar       		 1
EAHEAF_rerbar       		 1
EAHEAG_rerbar       		 1
EAHEAI_rerbar       		 1
EAHEAJ_rerbar       		 1
EAHEAK_rerbar       		 1
EAHEAL_rerbar       		 1.00262
EAHRW_rerbar        		 0.980127
EAHUS_rerbar        		 1.30528
EAH_pibar           		 0.979408
EAH_psinbar         		 0.274162
EAH_psitbar         		 0.538675
EAH_pybar           		 0.971996
EAH_qbar            		 0.979408
EAH_trybar          		 0.0933627
EAH_ybar            		 3.67252
EAH_ynbar           		 0.979152
EAH_ytbar           		 2.69337
EAIEAA_excy         		 0.0213205
EAIEAB_excy         		 0.0213205
EAIEAC_excy         		 0.0213205
EAIEAD_excy         		 0.0213205
EAIEAE_excy         		 0.0213205
EAIEAF_excy         		 0.0213205
EAIEAG_excy         		 0.0213205
EAIEAH_excy         		 0.0213205
EAIEAJ_excy         		 0.0213205
EAIEAK_excy         		 0.0213205
EAIEAL_excy         		 0.0217196
EAIRW_excy          		 0.0164031
EAIUS_excy          		 0.00609685
EAIEAA_exiy         		 0.0102114
EAIEAB_exiy         		 0.0102114
EAIEAC_exiy         		 0.0102114
EAIEAD_exiy         		 0.0102114
EAIEAE_exiy         		 0.0102114
EAIEAF_exiy         		 0.0102114
EAIEAG_exiy         		 0.0102114
EAIEAH_exiy         		 0.0102114
EAIEAJ_exiy         		 0.0102114
EAIEAK_exiy         		 0.0102114
EAIEAL_exiy         		 0.0102503
EAIRW_exiy          		 0.0129191
EAIUS_exiy          		 0.0048406
EAI_fx              		 5.69841
EAIEAA_gammaimc     		 0
EAIEAB_gammaimc     		 0
EAIEAC_gammaimc     		 0
EAIEAD_gammaimc     		 0
EAIEAE_gammaimc     		 0
EAIEAF_gammaimc     		 0
EAIEAG_gammaimc     		 0
EAIEAH_gammaimc     		 0
EAIEAJ_gammaimc     		 0
EAIEAK_gammaimc     		 0
EAIEAL_gammaimc     		 0
EAIRW_gammaimc      		 0
EAIUS_gammaimc      		 0
EAIEAA_gammaimcdag  		 1
EAIEAB_gammaimcdag  		 1
EAIEAC_gammaimcdag  		 1
EAIEAD_gammaimcdag  		 1
EAIEAE_gammaimcdag  		 1
EAIEAF_gammaimcdag  		 1
EAIEAG_gammaimcdag  		 1
EAIEAH_gammaimcdag  		 1
EAIEAJ_gammaimcdag  		 1
EAIEAK_gammaimcdag  		 1
EAIEAL_gammaimcdag  		 1
EAIRW_gammaimcdag   		 1
EAIUS_gammaimcdag   		 1
EAIEAA_gammaimi     		 0
EAIEAB_gammaimi     		 0
EAIEAC_gammaimi     		 0
EAIEAD_gammaimi     		 0
EAIEAE_gammaimi     		 0
EAIEAF_gammaimi     		 0
EAIEAG_gammaimi     		 0
EAIEAH_gammaimi     		 0
EAIEAJ_gammaimi     		 0
EAIEAK_gammaimi     		 0
EAIEAL_gammaimi     		 0
EAIRW_gammaimi      		 0
EAIUS_gammaimi      		 0
EAIEAA_gammaimidag  		 1
EAIEAB_gammaimidag  		 1
EAIEAC_gammaimidag  		 1
EAIEAD_gammaimidag  		 1
EAIEAE_gammaimidag  		 1
EAIEAF_gammaimidag  		 1
EAIEAG_gammaimidag  		 1
EAIEAH_gammaimidag  		 1
EAIEAJ_gammaimidag  		 1
EAIEAK_gammaimidag  		 1
EAIEAL_gammaimidag  		 1
EAIRW_gammaimidag   		 1
EAIUS_gammaimidag   		 1
EAIEAA_gammaimcg    		 0
EAIEAB_gammaimcg    		 0
EAIEAC_gammaimcg    		 0
EAIEAD_gammaimcg    		 0
EAIEAE_gammaimcg    		 0
EAIEAF_gammaimcg    		 0
EAIEAG_gammaimcg    		 0
EAIEAH_gammaimcg    		 0
EAIEAJ_gammaimcg    		 0
EAIEAK_gammaimcg    		 0
EAIEAL_gammaimcg    		 0
EAIRW_gammaimcg     		 0
EAIUS_gammaimcg     		 0
EAIEAA_gammaimcgdag 		 1
EAIEAB_gammaimcgdag 		 1
EAIEAC_gammaimcgdag 		 1
EAIEAD_gammaimcgdag 		 1
EAIEAE_gammaimcgdag 		 1
EAIEAF_gammaimcgdag 		 1
EAIEAG_gammaimcgdag 		 1
EAIEAH_gammaimcgdag 		 1
EAIEAJ_gammaimcgdag 		 1
EAIEAK_gammaimcgdag 		 1
EAIEAL_gammaimcgdag 		 1
EAIRW_gammaimcgdag  		 1
EAIUS_gammaimcgdag  		 1
EAIEAA_gammaimig    		 0
EAIEAB_gammaimig    		 0
EAIEAC_gammaimig    		 0
EAIEAD_gammaimig    		 0
EAIEAE_gammaimig    		 0
EAIEAF_gammaimig    		 0
EAIEAG_gammaimig    		 0
EAIEAH_gammaimig    		 0
EAIEAJ_gammaimig    		 0
EAIEAK_gammaimig    		 0
EAIEAL_gammaimig    		 0
EAIRW_gammaimig     		 0
EAIUS_gammaimig     		 0
EAIEAA_gammaimigdag 		 1
EAIEAB_gammaimigdag 		 1
EAIEAC_gammaimigdag 		 1
EAIEAD_gammaimigdag 		 1
EAIEAE_gammaimigdag 		 1
EAIEAF_gammaimigdag 		 1
EAIEAG_gammaimigdag 		 1
EAIEAH_gammaimigdag 		 1
EAIEAJ_gammaimigdag 		 1
EAIEAK_gammaimigdag 		 1
EAIEAL_gammaimigdag 		 1
EAIRW_gammaimigdag  		 1
EAIUS_gammaimigdag  		 1
EAI_gx              		 6.8381
EAIEAA_im           		 0.152327
EAIEAB_im           		 0.152327
EAIEAC_im           		 0.152327
EAIEAD_im           		 0.152327
EAIEAE_im           		 0.152327
EAIEAF_im           		 0.152327
EAIEAG_im           		 0.152327
EAIEAH_im           		 0.152327
EAIEAJ_im           		 0.152327
EAIEAK_im           		 0.152327
EAIEAL_im           		 0.150188
EAIRW_im            		 0.139278
EAIUS_im            		 0.0651772
EAIEAA_imc          		 0.083519
EAIEAB_imc          		 0.083519
EAIEAC_imc          		 0.083519
EAIEAD_imc          		 0.083519
EAIEAE_imc          		 0.083519
EAIEAF_imc          		 0.083519
EAIEAG_imc          		 0.083519
EAIEAH_imc          		 0.083519
EAIEAJ_imc          		 0.083519
EAIEAK_imc          		 0.083519
EAIEAL_imc          		 0.0823463
EAIRW_imc           		 0.0763641
EAIUS_imc           		 0.0357358
EAIEAG_imcy         		 0.0213205
EAIEAA_imi          		 0.0400013
EAIEAB_imi          		 0.0400013
EAIEAC_imi          		 0.0400013
EAIEAD_imi          		 0.0400013
EAIEAE_imi          		 0.0400013
EAIEAF_imi          		 0.0400013
EAIEAG_imi          		 0.0400013
EAIEAH_imi          		 0.0400013
EAIEAJ_imi          		 0.0400013
EAIEAK_imi          		 0.0400013
EAIEAL_imi          		 0.0394397
EAIRW_imi           		 0.0365745
EAIUS_imi           		 0.0171156
EAIEAG_imiy         		 0.0102114
EAIEAA_imcg         		 0.0240058
EAIEAB_imcg         		 0.0240058
EAIEAC_imcg         		 0.0240058
EAIEAD_imcg         		 0.0240058
EAIEAE_imcg         		 0.0240058
EAIEAF_imcg         		 0.0240058
EAIEAG_imcg         		 0.0240058
EAIEAH_imcg         		 0.0240058
EAIEAJ_imcg         		 0.0240058
EAIEAK_imcg         		 0.0240058
EAIEAL_imcg         		 0.0236687
EAIRW_imcg          		 0.0219492
EAIUS_imcg          		 0.0102715
EAIEAG_imcgy        		 0.00612812
EAIEAA_imig         		 0.00480115
EAIEAB_imig         		 0.00480115
EAIEAC_imig         		 0.00480115
EAIEAD_imig         		 0.00480115
EAIEAE_imig         		 0.00480115
EAIEAF_imig         		 0.00480115
EAIEAG_imig         		 0.00480115
EAIEAH_imig         		 0.00480115
EAIEAJ_imig         		 0.00480115
EAIEAK_imig         		 0.00480115
EAIEAL_imig         		 0.00473374
EAIRW_imig          		 0.00438985
EAIUS_imig          		 0.0020543
EAIEAG_imigy        		 0.00122562
EAI_piex            		 1.00496
EAI_pextilde        		 0.911257
EAIEAA_rer          		 1
EAIEAB_rer          		 1
EAIEAC_rer          		 1
EAIEAD_rer          		 1
EAIEAE_rer          		 1
EAIEAF_rer          		 1
EAIEAG_rer          		 1
EAIEAH_rer          		 1
EAIEAJ_rer          		 1
EAIEAK_rer          		 1
EAIEAL_rer          		 1.00262
EAIRW_rer           		 0.980127
EAIUS_rer           		 1.30528
EAI_sx              		 1
EAIEAA_tot          		 1
EAIEAB_tot          		 1
EAIEAC_tot          		 1
EAIEAD_tot          		 1
EAIEAE_tot          		 1
EAIEAF_tot          		 1
EAIEAG_tot          		 1
EAIEAH_tot          		 1
EAIEAJ_tot          		 1
EAIEAK_tot          		 1
EAIEAL_tot          		 1.00567
EAIRW_tot           		 1.03646
EAIUS_tot           		 1.40432
EAIEAA_weight       		 0.0790839
EAIEAB_weight       		 0.0790839
EAIEAC_weight       		 0.0790839
EAIEAD_weight       		 0.0790839
EAIEAE_weight       		 0.0790839
EAIEAF_weight       		 0.0790839
EAIEAG_weight       		 0.0790839
EAIEAH_weight       		 0.0790839
EAIEAJ_weight       		 0.0790839
EAIEAK_weight       		 0.0790839
EAIEAL_weight       		 0.0787644
EAIRW_weight        		 0.0777095
EAIUS_weight        		 0.0526868
EAIEAA_weightex     		 0.0784261
EAIEAB_weightex     		 0.0784261
EAIEAC_weightex     		 0.0784261
EAIEAD_weightex     		 0.0784261
EAIEAE_weightex     		 0.0784261
EAIEAF_weightex     		 0.0784261
EAIEAG_weightex     		 0.0784261
EAIEAH_weightex     		 0.0784261
EAIEAJ_weightex     		 0.0784261
EAIEAK_weightex     		 0.0784261
EAIEAL_weightex     		 0.0784597
EAIRW_weightex      		 0.0798398
EAIUS_weightex      		 0.0574393
EAIEAA_weightim     		 0.0797441
EAIEAB_weightim     		 0.0797441
EAIEAC_weightim     		 0.0797441
EAIEAD_weightim     		 0.0797441
EAIEAE_weightim     		 0.0797441
EAIEAF_weightim     		 0.0797441
EAIEAG_weightim     		 0.0797441
EAIEAH_weightim     		 0.0797441
EAIEAJ_weightim     		 0.0797441
EAIEAK_weightim     		 0.0797441
EAIEAL_weightim     		 0.0790703
EAIRW_weightim      		 0.0755711
EAIUS_weightim      		 0.0479163
EAI_b               		 8.56723
EAI_bf              		 -0.412254
EAI_by              		 2.4
EAI_c               		 1.91813
EAI_ci              		 2.17374
EAI_cj              		 1.15129
EAI_cy              		 0.537339
EAI_d               		 0.163581
EAI_dn              		 0.163581
EAI_dt              		 -1.34331e-07
EAI_etot            		 1.02134
EAI_ex              		 1.91744
EAI_fh              		 6.7904
EAI_fi              		 14.2952
EAI_fj              		 0.529452
EAI_fn              		 8.56886
EAI_cg              		 0.740818
EAI_gammab          		 0
EAI_gammai          		 0
EAI_gammaider       		 0
EAI_gammau          		 0
EAI_gammauder       		 0.0324171
EAI_gammav          		 0.000193765
EAI_gammavi         		 0.000101018
EAI_gammavider      		 0.00216519
EAI_gammavj         		 0.000101018
EAI_gammavjder      		 0.00216519
EAI_gh              		 8.14848
EAI_gi              		 5.91135
EAI_gj              		 3.72038
EAI_gn              		 12.8533
EAI_cgy             		 0.2
EAI_ht              		 0.77593
EAI_htc             		 0.271436
EAI_hti             		 0.130004
EAI_htcg            		 0.312075
EAI_htig            		 0.062415
EAI_i               		 0.804602
EAI_ig              		 0.148164
EAI_ii              		 1.0728
EAI_im              		 1.86488
EAI_imc             		 1.02249
EAI_imi             		 0.489721
EAI_imcg            		 0.293893
EAI_imig            		 0.0587786
EAI_imy             		 0.48763
EAI_internalrer     		 1.22631
EAI_igy             		 0.04
EAI_k               		 32.1841
EAI_kd              		 32.1841
EAI_kdn             		 8.99298
EAI_kdt             		 23.1911
EAI_ki              		 42.9121
EAI_lambdai         		 1.29051
EAI_lambdaj         		 2.4366
EAI_lcy             		 0.667922
EAI_m               		 0.805936
EAI_mcn             		 0.759381
EAI_mct             		 0.759381
EAI_mi              		 0.913337
EAI_mj              		 0.483736
EAI_nd              		 1.92756
EAI_ndi             		 0.92155
EAI_ndj             		 1.09358
EAI_ndn             		 0.538604
EAI_ndt             		 1.38895
EAI_ni              		 0.92155
EAI_nj              		 1.09358
EAI_nt              		 0.979152
EAI_ntc             		 0.629092
EAI_nti             		 0.186521
EAI_ntcg            		 0.136282
EAI_ntig            		 0.0272565
EAI_pex             		 0.911257
EAI_pht             		 0.911257
EAI_phttilde        		 0.911257
EAI_pi              		 0.979408
EAI_pcg             		 0.963713
EAI_pig             		 0.963713
EAI_pic             		 1.00496
EAI_pic4            		 1.02
EAI_piex4           		 1.02
EAI_piht            		 1.00496
EAI_piimc           		 1.00496
EAI_piimi           		 1.00496
EAI_piimcg          		 1.00496
EAI_piimig          		 1.00496
EAI_piimc4          		 1.02
EAI_pim             		 0.933402
EAI_pimc            		 0.9334
EAI_pimi            		 0.9334
EAI_pimcg           		 0.9334
EAI_pimig           		 0.9334
EAI_pint            		 1.00496
EAI_piw             		 1.00496
EAI_piw4            		 1.02
EAI_pnt             		 1.13907
EAI_pnttilde        		 1.13907
EAI_pttc            		 0.928864
EAI_ptti            		 0.928864
EAI_pttcg           		 0.922163
EAI_pttig           		 0.922163
EAI_py              		 0.971996
EAI_q               		 0.979408
EAI_qc              		 1.91832
EAI_qi              		 0.804602
EAI_qcg             		 0.740818
EAI_qig             		 0.148164
EAI_r               		 1.01242
EAI_reer            		 1.01276
EAI_rer             		 1.30528
EAI_rerdep          		 1
EAI_rk              		 0.0317495
EAI_rp              		 0
EAI_rr              		 1.00742
EAI_rrstar          		 1.00742
EAI_sh              		 1
EAI_si              		 1
EAI_sj              		 1
EAI_snt             		 1
EAI_t               		 0
EAI_tauc            		 0.183
EAI_taud            		 0
EAI_tauk            		 0
EAI_taun            		 0.122
EAI_tauwf           		 0.219
EAI_tauwh           		 0.118
EAI_tb              		 0.00659988
EAI_tby             		 0.00184887
EAI_ti              		 0
EAI_tj              		 0
EAI_tot             		 1.40432
EAI_tr              		 0.333275
EAI_tri             		 0.222183
EAI_trj             		 0.66655
EAI_try             		 0.0934018
EAI_ttc             		 1.29378
EAI_tti             		 0.619652
EAI_ttcg            		 0.605859
EAI_ttig            		 0.121172
EAI_ty              		 0
EAI_u               		 1
EAI_utili           		 -93.5013
EAI_utilj           		 -203.605
EAI_vj              		 2.38
EAI_w               		 1.01472
EAI_wcst            		 0
EAI_whty            		 0.574241
EAI_wi              		 1.12592
EAI_witilde         		 1.12592
EAI_wj              		 0.839749
EAI_wjtilde         		 0.839749
EAI_wnty            		 0.490019
EAI_wy              		 0.547927
EAI_y               		 3.67252
EAI_ygap            		 0
EAI_ygrowth         		 1
EAI_ygrowth4        		 1
EAI_yhty            		 0.687556
EAI_ynty            		 0.312444
EAI_yshare          		 0.0665152
EAI_ysn             		 0.979152
EAI_yst             		 2.69337
EAI_zcon            		 1
EAI_zinv            		 1
EAI_zn              		 1
EAI_zt              		 1
EAI_gammav1         		 0.0287061
EAI_gammav2         		 0.150338
EAI_nutc            		 0.2
EAI_nuti            		 0.200001
EAI_nutcg           		 0.500001
EAI_nutig           		 0.500001
EAI_psit            		 0.2
EAIEAA_rerbar       		 1
EAIEAB_rerbar       		 1
EAIEAC_rerbar       		 1
EAIEAD_rerbar       		 1
EAIEAE_rerbar       		 1
EAIEAF_rerbar       		 1
EAIEAG_rerbar       		 1
EAIEAH_rerbar       		 1
EAIEAJ_rerbar       		 1
EAIEAK_rerbar       		 1
EAIEAL_rerbar       		 1.00262
EAIRW_rerbar        		 0.980127
EAIUS_rerbar        		 1.30528
EAI_pibar           		 0.979408
EAI_psinbar         		 0.274162
EAI_psitbar         		 0.538675
EAI_pybar           		 0.971996
EAI_qbar            		 0.979408
EAI_trybar          		 0.0933627
EAI_ybar            		 3.67252
EAI_ynbar           		 0.979152
EAI_ytbar           		 2.69337
EAJEAA_excy         		 0.0213205
EAJEAB_excy         		 0.0213205
EAJEAC_excy         		 0.0213205
EAJEAD_excy         		 0.0213205
EAJEAE_excy         		 0.0213205
EAJEAF_excy         		 0.0213205
EAJEAG_excy         		 0.0213205
EAJEAH_excy         		 0.0213205
EAJEAI_excy         		 0.0213205
EAJEAK_excy         		 0.0213205
EAJEAL_excy         		 0.0217196
EAJRW_excy          		 0.0164031
EAJUS_excy          		 0.00609685
EAJEAA_exiy         		 0.0102114
EAJEAB_exiy         		 0.0102114
EAJEAC_exiy         		 0.0102114
EAJEAD_exiy         		 0.0102114
EAJEAE_exiy         		 0.0102114
EAJEAF_exiy         		 0.0102114
EAJEAG_exiy         		 0.0102114
EAJEAH_exiy         		 0.0102114
EAJEAI_exiy         		 0.0102114
EAJEAK_exiy         		 0.0102114
EAJEAL_exiy         		 0.0102503
EAJRW_exiy          		 0.0129191
EAJUS_exiy          		 0.0048406
EAJ_fx              		 5.69841
EAJEAA_gammaimc     		 0
EAJEAB_gammaimc     		 0
EAJEAC_gammaimc     		 0
EAJEAD_gammaimc     		 0
EAJEAE_gammaimc     		 0
EAJEAF_gammaimc     		 0
EAJEAG_gammaimc     		 0
EAJEAH_gammaimc     		 0
EAJEAI_gammaimc     		 0
EAJEAK_gammaimc     		 0
EAJEAL_gammaimc     		 0
EAJRW_gammaimc      		 0
EAJUS_gammaimc      		 0
EAJEAA_gammaimcdag  		 1
EAJEAB_gammaimcdag  		 1
EAJEAC_gammaimcdag  		 1
EAJEAD_gammaimcdag  		 1
EAJEAE_gammaimcdag  		 1
EAJEAF_gammaimcdag  		 1
EAJEAG_gammaimcdag  		 1
EAJEAH_gammaimcdag  		 1
EAJEAI_gammaimcdag  		 1
EAJEAK_gammaimcdag  		 1
EAJEAL_gammaimcdag  		 1
EAJRW_gammaimcdag   		 1
EAJUS_gammaimcdag   		 1
EAJEAA_gammaimi     		 0
EAJEAB_gammaimi     		 0
EAJEAC_gammaimi     		 0
EAJEAD_gammaimi     		 0
EAJEAE_gammaimi     		 0
EAJEAF_gammaimi     		 0
EAJEAG_gammaimi     		 0
EAJEAH_gammaimi     		 0
EAJEAI_gammaimi     		 0
EAJEAK_gammaimi     		 0
EAJEAL_gammaimi     		 0
EAJRW_gammaimi      		 0
EAJUS_gammaimi      		 0
EAJEAA_gammaimidag  		 1
EAJEAB_gammaimidag  		 1
EAJEAC_gammaimidag  		 1
EAJEAD_gammaimidag  		 1
EAJEAE_gammaimidag  		 1
EAJEAF_gammaimidag  		 1
EAJEAG_gammaimidag  		 1
EAJEAH_gammaimidag  		 1
EAJEAI_gammaimidag  		 1
EAJEAK_gammaimidag  		 1
EAJEAL_gammaimidag  		 1
EAJRW_gammaimidag   		 1
EAJUS_gammaimidag   		 1
EAJEAA_gammaimcg    		 0
EAJEAB_gammaimcg    		 0
EAJEAC_gammaimcg    		 0
EAJEAD_gammaimcg    		 0
EAJEAE_gammaimcg    		 0
EAJEAF_gammaimcg    		 0
EAJEAG_gammaimcg    		 0
EAJEAH_gammaimcg    		 0
EAJEAI_gammaimcg    		 0
EAJEAK_gammaimcg    		 0
EAJEAL_gammaimcg    		 0
EAJRW_gammaimcg     		 0
EAJUS_gammaimcg     		 0
EAJEAA_gammaimcgdag 		 1
EAJEAB_gammaimcgdag 		 1
EAJEAC_gammaimcgdag 		 1
EAJEAD_gammaimcgdag 		 1
EAJEAE_gammaimcgdag 		 1
EAJEAF_gammaimcgdag 		 1
EAJEAG_gammaimcgdag 		 1
EAJEAH_gammaimcgdag 		 1
EAJEAI_gammaimcgdag 		 1
EAJEAK_gammaimcgdag 		 1
EAJEAL_gammaimcgdag 		 1
EAJRW_gammaimcgdag  		 1
EAJUS_gammaimcgdag  		 1
EAJEAA_gammaimig    		 0
EAJEAB_gammaimig    		 0
EAJEAC_gammaimig    		 0
EAJEAD_gammaimig    		 0
EAJEAE_gammaimig    		 0
EAJEAF_gammaimig    		 0
EAJEAG_gammaimig    		 0
EAJEAH_gammaimig    		 0
EAJEAI_gammaimig    		 0
EAJEAK_gammaimig    		 0
EAJEAL_gammaimig    		 0
EAJRW_gammaimig     		 0
EAJUS_gammaimig     		 0
EAJEAA_gammaimigdag 		 1
EAJEAB_gammaimigdag 		 1
EAJEAC_gammaimigdag 		 1
EAJEAD_gammaimigdag 		 1
EAJEAE_gammaimigdag 		 1
EAJEAF_gammaimigdag 		 1
EAJEAG_gammaimigdag 		 1
EAJEAH_gammaimigdag 		 1
EAJEAI_gammaimigdag 		 1
EAJEAK_gammaimigdag 		 1
EAJEAL_gammaimigdag 		 1
EAJRW_gammaimigdag  		 1
EAJUS_gammaimigdag  		 1
EAJ_gx              		 6.8381
EAJEAA_im           		 0.152327
EAJEAB_im           		 0.152327
EAJEAC_im           		 0.152327
EAJEAD_im           		 0.152327
EAJEAE_im           		 0.152327
EAJEAF_im           		 0.152327
EAJEAG_im           		 0.152327
EAJEAH_im           		 0.152327
EAJEAI_im           		 0.152327
EAJEAK_im           		 0.152327
EAJEAL_im           		 0.150188
EAJRW_im            		 0.139278
EAJUS_im            		 0.0651772
EAJEAA_imc          		 0.083519
EAJEAB_imc          		 0.083519
EAJEAC_imc          		 0.083519
EAJEAD_imc          		 0.083519
EAJEAE_imc          		 0.083519
EAJEAF_imc          		 0.083519
EAJEAG_imc          		 0.083519
EAJEAH_imc          		 0.083519
EAJEAI_imc          		 0.083519
EAJEAK_imc          		 0.083519
EAJEAL_imc          		 0.0823463
EAJRW_imc           		 0.0763641
EAJUS_imc           		 0.0357358
EAJEAH_imcy         		 0.0213205
EAJEAA_imi          		 0.0400013
EAJEAB_imi          		 0.0400013
EAJEAC_imi          		 0.0400013
EAJEAD_imi          		 0.0400013
EAJEAE_imi          		 0.0400013
EAJEAF_imi          		 0.0400013
EAJEAG_imi          		 0.0400013
EAJEAH_imi          		 0.0400013
EAJEAI_imi          		 0.0400013
EAJEAK_imi          		 0.0400013
EAJEAL_imi          		 0.0394397
EAJRW_imi           		 0.0365745
EAJUS_imi           		 0.0171156
EAJEAH_imiy         		 0.0102114
EAJEAA_imcg         		 0.0240058
EAJEAB_imcg         		 0.0240058
EAJEAC_imcg         		 0.0240058
EAJEAD_imcg         		 0.0240058
EAJEAE_imcg         		 0.0240058
EAJEAF_imcg         		 0.0240058
EAJEAG_imcg         		 0.0240058
EAJEAH_imcg         		 0.0240058
EAJEAI_imcg         		 0.0240058
EAJEAK_imcg         		 0.0240058
EAJEAL_imcg         		 0.0236687
EAJRW_imcg          		 0.0219492
EAJUS_imcg          		 0.0102715
EAJEAH_imcgy        		 0.00612812
EAJEAA_imig         		 0.00480115
EAJEAB_imig         		 0.00480115
EAJEAC_imig         		 0.00480115
EAJEAD_imig         		 0.00480115
EAJEAE_imig         		 0.00480115
EAJEAF_imig         		 0.00480115
EAJEAG_imig         		 0.00480115
EAJEAH_imig         		 0.00480115
EAJEAI_imig         		 0.00480115
EAJEAK_imig         		 0.00480115
EAJEAL_imig         		 0.00473374
EAJRW_imig          		 0.00438985
EAJUS_imig          		 0.0020543
EAJEAH_imigy        		 0.00122562
EAJ_piex            		 1.00496
EAJ_pextilde        		 0.911257
EAJEAA_rer          		 1
EAJEAB_rer          		 1
EAJEAC_rer          		 1
EAJEAD_rer          		 1
EAJEAE_rer          		 1
EAJEAF_rer          		 1
EAJEAG_rer          		 1
EAJEAH_rer          		 1
EAJEAI_rer          		 1
EAJEAK_rer          		 1
EAJEAL_rer          		 1.00262
EAJRW_rer           		 0.980127
EAJUS_rer           		 1.30528
EAJ_sx              		 1
EAJEAA_tot          		 1
EAJEAB_tot          		 1
EAJEAC_tot          		 1
EAJEAD_tot          		 1
EAJEAE_tot          		 1
EAJEAF_tot          		 1
EAJEAG_tot          		 1
EAJEAH_tot          		 1
EAJEAI_tot          		 1
EAJEAK_tot          		 1
EAJEAL_tot          		 1.00567
EAJRW_tot           		 1.03646
EAJUS_tot           		 1.40432
EAJEAA_weight       		 0.0790839
EAJEAB_weight       		 0.0790839
EAJEAC_weight       		 0.0790839
EAJEAD_weight       		 0.0790839
EAJEAE_weight       		 0.0790839
EAJEAF_weight       		 0.0790839
EAJEAG_weight       		 0.0790839
EAJEAH_weight       		 0.0790839
EAJEAI_weight       		 0.0790839
EAJEAK_weight       		 0.0790839
EAJEAL_weight       		 0.0787644
EAJRW_weight        		 0.0777095
EAJUS_weight        		 0.0526868
EAJEAA_weightex     		 0.0784261
EAJEAB_weightex     		 0.0784261
EAJEAC_weightex     		 0.0784261
EAJEAD_weightex     		 0.0784261
EAJEAE_weightex     		 0.0784261
EAJEAF_weightex     		 0.0784261
EAJEAG_weightex     		 0.0784261
EAJEAH_weightex     		 0.0784261
EAJEAI_weightex     		 0.0784261
EAJEAK_weightex     		 0.0784261
EAJEAL_weightex     		 0.0784597
EAJRW_weightex      		 0.0798398
EAJUS_weightex      		 0.0574393
EAJEAA_weightim     		 0.0797441
EAJEAB_weightim     		 0.0797441
EAJEAC_weightim     		 0.0797441
EAJEAD_weightim     		 0.0797441
EAJEAE_weightim     		 0.0797441
EAJEAF_weightim     		 0.0797441
EAJEAG_weightim     		 0.0797441
EAJEAH_weightim     		 0.0797441
EAJEAI_weightim     		 0.0797441
EAJEAK_weightim     		 0.0797441
EAJEAL_weightim     		 0.0790703
EAJRW_weightim      		 0.0755711
EAJUS_weightim      		 0.0479163
EAJ_b               		 8.56723
EAJ_bf              		 -0.412254
EAJ_by              		 2.4
EAJ_c               		 1.91813
EAJ_ci              		 2.17374
EAJ_cj              		 1.15129
EAJ_cy              		 0.537339
EAJ_d               		 0.163581
EAJ_dn              		 0.163581
EAJ_dt              		 -1.34331e-07
EAJ_etot            		 1.02134
EAJ_ex              		 1.91744
EAJ_fh              		 6.7904
EAJ_fi              		 14.2952
EAJ_fj              		 0.529452
EAJ_fn              		 8.56886
EAJ_cg              		 0.740818
EAJ_gammab          		 0
EAJ_gammai          		 0
EAJ_gammaider       		 0
EAJ_gammau          		 0
EAJ_gammauder       		 0.0324171
EAJ_gammav          		 0.000193765
EAJ_gammavi         		 0.000101018
EAJ_gammavider      		 0.00216519
EAJ_gammavj         		 0.000101018
EAJ_gammavjder      		 0.00216519
EAJ_gh              		 8.14848
EAJ_gi              		 5.91135
EAJ_gj              		 3.72038
EAJ_gn              		 12.8533
EAJ_cgy             		 0.2
EAJ_ht              		 0.77593
EAJ_htc             		 0.271436
EAJ_hti             		 0.130004
EAJ_htcg            		 0.312075
EAJ_htig            		 0.062415
EAJ_i               		 0.804602
EAJ_ig              		 0.148164
EAJ_ii              		 1.0728
EAJ_im              		 1.86488
EAJ_imc             		 1.02249
EAJ_imi             		 0.489721
EAJ_imcg            		 0.293893
EAJ_imig            		 0.0587786
EAJ_imy             		 0.48763
EAJ_internalrer     		 1.22631
EAJ_igy             		 0.04
EAJ_k               		 32.1841
EAJ_kd              		 32.1841
EAJ_kdn             		 8.99298
EAJ_kdt             		 23.1911
EAJ_ki              		 42.9121
EAJ_lambdai         		 1.29051
EAJ_lambdaj         		 2.4366
EAJ_lcy             		 0.667922
EAJ_m               		 0.805936
EAJ_mcn             		 0.759381
EAJ_mct             		 0.759381
EAJ_mi              		 0.913337
EAJ_mj              		 0.483736
EAJ_nd              		 1.92756
EAJ_ndi             		 0.92155
EAJ_ndj             		 1.09358
EAJ_ndn             		 0.538604
EAJ_ndt             		 1.38895
EAJ_ni              		 0.92155
EAJ_nj              		 1.09358
EAJ_nt              		 0.979152
EAJ_ntc             		 0.629092
EAJ_nti             		 0.186521
EAJ_ntcg            		 0.136282
EAJ_ntig            		 0.0272565
EAJ_pex             		 0.911257
EAJ_pht             		 0.911257
EAJ_phttilde        		 0.911257
EAJ_pi              		 0.979408
EAJ_pcg             		 0.963713
EAJ_pig             		 0.963713
EAJ_pic             		 1.00496
EAJ_pic4            		 1.02
EAJ_piex4           		 1.02
EAJ_piht            		 1.00496
EAJ_piimc           		 1.00496
EAJ_piimi           		 1.00496
EAJ_piimcg          		 1.00496
EAJ_piimig          		 1.00496
EAJ_piimc4          		 1.02
EAJ_pim             		 0.933402
EAJ_pimc            		 0.9334
EAJ_pimi            		 0.9334
EAJ_pimcg           		 0.9334
EAJ_pimig           		 0.9334
EAJ_pint            		 1.00496
EAJ_piw             		 1.00496
EAJ_piw4            		 1.02
EAJ_pnt             		 1.13907
EAJ_pnttilde        		 1.13907
EAJ_pttc            		 0.928864
EAJ_ptti            		 0.928864
EAJ_pttcg           		 0.922163
EAJ_pttig           		 0.922163
EAJ_py              		 0.971996
EAJ_q               		 0.979408
EAJ_qc              		 1.91832
EAJ_qi              		 0.804602
EAJ_qcg             		 0.740818
EAJ_qig             		 0.148164
EAJ_r               		 1.01242
EAJ_reer            		 1.01276
EAJ_rer             		 1.30528
EAJ_rerdep          		 1
EAJ_rk              		 0.0317495
EAJ_rp              		 0
EAJ_rr              		 1.00742
EAJ_rrstar          		 1.00742
EAJ_sh              		 1
EAJ_si              		 1
EAJ_sj              		 1
EAJ_snt             		 1
EAJ_t               		 0
EAJ_tauc            		 0.183
EAJ_taud            		 0
EAJ_tauk            		 0
EAJ_taun            		 0.122
EAJ_tauwf           		 0.219
EAJ_tauwh           		 0.118
EAJ_tb              		 0.00659988
EAJ_tby             		 0.00184887
EAJ_ti              		 0
EAJ_tj              		 0
EAJ_tot             		 1.40432
EAJ_tr              		 0.333275
EAJ_tri             		 0.222183
EAJ_trj             		 0.66655
EAJ_try             		 0.0934018
EAJ_ttc             		 1.29378
EAJ_tti             		 0.619652
EAJ_ttcg            		 0.605859
EAJ_ttig            		 0.121172
EAJ_ty              		 0
EAJ_u               		 1
EAJ_utili           		 -93.5013
EAJ_utilj           		 -203.605
EAJ_vj              		 2.38
EAJ_w               		 1.01472
EAJ_wcst            		 0
EAJ_whty            		 0.574241
EAJ_wi              		 1.12592
EAJ_witilde         		 1.12592
EAJ_wj              		 0.839749
EAJ_wjtilde         		 0.839749
EAJ_wnty            		 0.490019
EAJ_wy              		 0.547927
EAJ_y               		 3.67252
EAJ_ygap            		 0
EAJ_ygrowth         		 1
EAJ_ygrowth4        		 1
EAJ_yhty            		 0.687556
EAJ_ynty            		 0.312444
EAJ_yshare          		 0.0665152
EAJ_ysn             		 0.979152
EAJ_yst             		 2.69337
EAJ_zcon            		 1
EAJ_zinv            		 1
EAJ_zn              		 1
EAJ_zt              		 1
EAJ_gammav1         		 0.0287061
EAJ_gammav2         		 0.150338
EAJ_nutc            		 0.2
EAJ_nuti            		 0.200001
EAJ_nutcg           		 0.500001
EAJ_nutig           		 0.500001
EAJ_psit            		 0.2
EAJEAA_rerbar       		 1
EAJEAB_rerbar       		 1
EAJEAC_rerbar       		 1
EAJEAD_rerbar       		 1
EAJEAE_rerbar       		 1
EAJEAF_rerbar       		 1
EAJEAG_rerbar       		 1
EAJEAH_rerbar       		 1
EAJEAI_rerbar       		 1
EAJEAK_rerbar       		 1
EAJEAL_rerbar       		 1.00262
EAJRW_rerbar        		 0.980127
EAJUS_rerbar        		 1.30528
EAJ_pibar           		 0.979408
EAJ_psinbar         		 0.274162
EAJ_psitbar         		 0.538675
EAJ_pybar           		 0.971996
EAJ_qbar            		 0.979408
EAJ_trybar          		 0.0933627
EAJ_ybar            		 3.67252
EAJ_ynbar           		 0.979152
EAJ_ytbar           		 2.69337
EAKEAA_excy         		 0.0213205
EAKEAB_excy         		 0.0213205
EAKEAC_excy         		 0.0213205
EAKEAD_excy         		 0.0213205
EAKEAE_excy         		 0.0213205
EAKEAF_excy         		 0.0213205
EAKEAG_excy         		 0.0213205
EAKEAH_excy         		 0.0213205
EAKEAI_excy         		 0.0213205
EAKEAJ_excy         		 0.0213205
EAKEAL_excy         		 0.0217196
EAKRW_excy          		 0.0164031
EAKUS_excy          		 0.00609685
EAKEAA_exiy         		 0.0102114
EAKEAB_exiy         		 0.0102114
EAKEAC_exiy         		 0.0102114
EAKEAD_exiy         		 0.0102114
EAKEAE_exiy         		 0.0102114
EAKEAF_exiy         		 0.0102114
EAKEAG_exiy         		 0.0102114
EAKEAH_exiy         		 0.0102114
EAKEAI_exiy         		 0.0102114
EAKEAJ_exiy         		 0.0102114
EAKEAL_exiy         		 0.0102503
EAKRW_exiy          		 0.0129191
EAKUS_exiy          		 0.0048406
EAK_fx              		 5.69841
EAKEAA_gammaimc     		 0
EAKEAB_gammaimc     		 0
EAKEAC_gammaimc     		 0
EAKEAD_gammaimc     		 0
EAKEAE_gammaimc     		 0
EAKEAF_gammaimc     		 0
EAKEAG_gammaimc     		 0
EAKEAH_gammaimc     		 0
EAKEAI_gammaimc     		 0
EAKEAJ_gammaimc     		 0
EAKEAL_gammaimc     		 0
EAKRW_gammaimc      		 0
EAKUS_gammaimc      		 0
EAKEAA_gammaimcdag  		 1
EAKEAB_gammaimcdag  		 1
EAKEAC_gammaimcdag  		 1
EAKEAD_gammaimcdag  		 1
EAKEAE_gammaimcdag  		 1
EAKEAF_gammaimcdag  		 1
EAKEAG_gammaimcdag  		 1
EAKEAH_gammaimcdag  		 1
EAKEAI_gammaimcdag  		 1
EAKEAJ_gammaimcdag  		 1
EAKEAL_gammaimcdag  		 1
EAKRW_gammaimcdag   		 1
EAKUS_gammaimcdag   		 1
EAKEAA_gammaimi     		 0
EAKEAB_gammaimi     		 0
EAKEAC_gammaimi     		 0
EAKEAD_gammaimi     		 0
EAKEAE_gammaimi     		 0
EAKEAF_gammaimi     		 0
EAKEAG_gammaimi     		 0
EAKEAH_gammaimi     		 0
EAKEAI_gammaimi     		 0
EAKEAJ_gammaimi     		 0
EAKEAL_gammaimi     		 0
EAKRW_gammaimi      		 0
EAKUS_gammaimi      		 0
EAKEAA_gammaimidag  		 1
EAKEAB_gammaimidag  		 1
EAKEAC_gammaimidag  		 1
EAKEAD_gammaimidag  		 1
EAKEAE_gammaimidag  		 1
EAKEAF_gammaimidag  		 1
EAKEAG_gammaimidag  		 1
EAKEAH_gammaimidag  		 1
EAKEAI_gammaimidag  		 1
EAKEAJ_gammaimidag  		 1
EAKEAL_gammaimidag  		 1
EAKRW_gammaimidag   		 1
EAKUS_gammaimidag   		 1
EAKEAA_gammaimcg    		 0
EAKEAB_gammaimcg    		 0
EAKEAC_gammaimcg    		 0
EAKEAD_gammaimcg    		 0
EAKEAE_gammaimcg    		 0
EAKEAF_gammaimcg    		 0
EAKEAG_gammaimcg    		 0
EAKEAH_gammaimcg    		 0
EAKEAI_gammaimcg    		 0
EAKEAJ_gammaimcg    		 0
EAKEAL_gammaimcg    		 0
EAKRW_gammaimcg     		 0
EAKUS_gammaimcg     		 0
EAKEAA_gammaimcgdag 		 1
EAKEAB_gammaimcgdag 		 1
EAKEAC_gammaimcgdag 		 1
EAKEAD_gammaimcgdag 		 1
EAKEAE_gammaimcgdag 		 1
EAKEAF_gammaimcgdag 		 1
EAKEAG_gammaimcgdag 		 1
EAKEAH_gammaimcgdag 		 1
EAKEAI_gammaimcgdag 		 1
EAKEAJ_gammaimcgdag 		 1
EAKEAL_gammaimcgdag 		 1
EAKRW_gammaimcgdag  		 1
EAKUS_gammaimcgdag  		 1
EAKEAA_gammaimig    		 0
EAKEAB_gammaimig    		 0
EAKEAC_gammaimig    		 0
EAKEAD_gammaimig    		 0
EAKEAE_gammaimig    		 0
EAKEAF_gammaimig    		 0
EAKEAG_gammaimig    		 0
EAKEAH_gammaimig    		 0
EAKEAI_gammaimig    		 0
EAKEAJ_gammaimig    		 0
EAKEAL_gammaimig    		 0
EAKRW_gammaimig     		 0
EAKUS_gammaimig     		 0
EAKEAA_gammaimigdag 		 1
EAKEAB_gammaimigdag 		 1
EAKEAC_gammaimigdag 		 1
EAKEAD_gammaimigdag 		 1
EAKEAE_gammaimigdag 		 1
EAKEAF_gammaimigdag 		 1
EAKEAG_gammaimigdag 		 1
EAKEAH_gammaimigdag 		 1
EAKEAI_gammaimigdag 		 1
EAKEAJ_gammaimigdag 		 1
EAKEAL_gammaimigdag 		 1
EAKRW_gammaimigdag  		 1
EAKUS_gammaimigdag  		 1
EAK_gx              		 6.8381
EAKEAA_im           		 0.152327
EAKEAB_im           		 0.152327
EAKEAC_im           		 0.152327
EAKEAD_im           		 0.152327
EAKEAE_im           		 0.152327
EAKEAF_im           		 0.152327
EAKEAG_im           		 0.152327
EAKEAH_im           		 0.152327
EAKEAI_im           		 0.152327
EAKEAJ_im           		 0.152327
EAKEAL_im           		 0.150188
EAKRW_im            		 0.139278
EAKUS_im            		 0.0651772
EAKEAA_imc          		 0.083519
EAKEAB_imc          		 0.083519
EAKEAC_imc          		 0.083519
EAKEAD_imc          		 0.083519
EAKEAE_imc          		 0.083519
EAKEAF_imc          		 0.083519
EAKEAG_imc          		 0.083519
EAKEAH_imc          		 0.083519
EAKEAI_imc          		 0.083519
EAKEAJ_imc          		 0.083519
EAKEAL_imc          		 0.0823463
EAKRW_imc           		 0.0763641
EAKUS_imc           		 0.0357358
EAKEAI_imcy         		 0.0213205
EAKEAA_imi          		 0.0400013
EAKEAB_imi          		 0.0400013
EAKEAC_imi          		 0.0400013
EAKEAD_imi          		 0.0400013
EAKEAE_imi          		 0.0400013
EAKEAF_imi          		 0.0400013
EAKEAG_imi          		 0.0400013
EAKEAH_imi          		 0.0400013
EAKEAI_imi          		 0.0400013
EAKEAJ_imi          		 0.0400013
EAKEAL_imi          		 0.0394397
EAKRW_imi           		 0.0365745
EAKUS_imi           		 0.0171156
EAKEAI_imiy         		 0.0102114
EAKEAA_imcg         		 0.0240058
EAKEAB_imcg         		 0.0240058
EAKEAC_imcg         		 0.0240058
EAKEAD_imcg         		 0.0240058
EAKEAE_imcg         		 0.0240058
EAKEAF_imcg         		 0.0240058
EAKEAG_imcg         		 0.0240058
EAKEAH_imcg         		 0.0240058
EAKEAI_imcg         		 0.0240058
EAKEAJ_imcg         		 0.0240058
EAKEAL_imcg         		 0.0236687
EAKRW_imcg          		 0.0219492
EAKUS_imcg          		 0.0102715
EAKEAI_imcgy        		 0.00612812
EAKEAA_imig         		 0.00480115
EAKEAB_imig         		 0.00480115
EAKEAC_imig         		 0.00480115
EAKEAD_imig         		 0.00480115
EAKEAE_imig         		 0.00480115
EAKEAF_imig         		 0.00480115
EAKEAG_imig         		 0.00480115
EAKEAH_imig         		 0.00480115
EAKEAI_imig         		 0.00480115
EAKEAJ_imig         		 0.00480115
EAKEAL_imig         		 0.00473374
EAKRW_imig          		 0.00438985
EAKUS_imig          		 0.0020543
EAKEAI_imigy        		 0.00122562
EAK_piex            		 1.00496
EAK_pextilde        		 0.911257
EAKEAA_rer          		 1
EAKEAB_rer          		 1
EAKEAC_rer          		 1
EAKEAD_rer          		 1
EAKEAE_rer          		 1
EAKEAF_rer          		 1
EAKEAG_rer          		 1
EAKEAH_rer          		 1
EAKEAI_rer          		 1
EAKEAJ_rer          		 1
EAKEAL_rer          		 1.00262
EAKRW_rer           		 0.980127
EAKUS_rer           		 1.30528
EAK_sx              		 1
EAKEAA_tot          		 1
EAKEAB_tot          		 1
EAKEAC_tot          		 1
EAKEAD_tot          		 1
EAKEAE_tot          		 1
EAKEAF_tot          		 1
EAKEAG_tot          		 1
EAKEAH_tot          		 1
EAKEAI_tot          		 1
EAKEAJ_tot          		 1
EAKEAL_tot          		 1.00567
EAKRW_tot           		 1.03646
EAKUS_tot           		 1.40432
EAKEAA_weight       		 0.0790839
EAKEAB_weight       		 0.0790839
EAKEAC_weight       		 0.0790839
EAKEAD_weight       		 0.0790839
EAKEAE_weight       		 0.0790839
EAKEAF_weight       		 0.0790839
EAKEAG_weight       		 0.0790839
EAKEAH_weight       		 0.0790839
EAKEAI_weight       		 0.0790839
EAKEAJ_weight       		 0.0790839
EAKEAL_weight       		 0.0787644
EAKRW_weight        		 0.0777095
EAKUS_weight        		 0.0526868
EAKEAA_weightex     		 0.0784261
EAKEAB_weightex     		 0.0784261
EAKEAC_weightex     		 0.0784261
EAKEAD_weightex     		 0.0784261
EAKEAE_weightex     		 0.0784261
EAKEAF_weightex     		 0.0784261
EAKEAG_weightex     		 0.0784261
EAKEAH_weightex     		 0.0784261
EAKEAI_weightex     		 0.0784261
EAKEAJ_weightex     		 0.0784261
EAKEAL_weightex     		 0.0784597
EAKRW_weightex      		 0.0798398
EAKUS_weightex      		 0.0574393
EAKEAA_weightim     		 0.0797441
EAKEAB_weightim     		 0.0797441
EAKEAC_weightim     		 0.0797441
EAKEAD_weightim     		 0.0797441
EAKEAE_weightim     		 0.0797441
EAKEAF_weightim     		 0.0797441
EAKEAG_weightim     		 0.0797441
EAKEAH_weightim     		 0.0797441
EAKEAI_weightim     		 0.0797441
EAKEAJ_weightim     		 0.0797441
EAKEAL_weightim     		 0.0790703
EAKRW_weightim      		 0.0755711
EAKUS_weightim      		 0.0479163
EAK_b               		 8.56723
EAK_bf              		 -0.412254
EAK_by              		 2.4
EAK_c               		 1.91813
EAK_ci              		 2.17374
EAK_cj              		 1.15129
EAK_cy              		 0.537339
EAK_d               		 0.163581
EAK_dn              		 0.163581
EAK_dt              		 -1.34331e-07
EAK_etot            		 1.02134
EAK_ex              		 1.91744
EAK_fh              		 6.7904
EAK_fi              		 14.2952
EAK_fj              		 0.529452
EAK_fn              		 8.56886
EAK_cg              		 0.740818
EAK_gammab          		 0
EAK_gammai          		 0
EAK_gammaider       		 0
EAK_gammau          		 0
EAK_gammauder       		 0.0324171
EAK_gammav          		 0.000193765
EAK_gammavi         		 0.000101018
EAK_gammavider      		 0.00216519
EAK_gammavj         		 0.000101018
EAK_gammavjder      		 0.00216519
EAK_gh              		 8.14848
EAK_gi              		 5.91135
EAK_gj              		 3.72038
EAK_gn              		 12.8533
EAK_cgy             		 0.2
EAK_ht              		 0.77593
EAK_htc             		 0.271436
EAK_hti             		 0.130004
EAK_htcg            		 0.312075
EAK_htig            		 0.062415
EAK_i               		 0.804602
EAK_ig              		 0.148164
EAK_ii              		 1.0728
EAK_im              		 1.86488
EAK_imc             		 1.02249
EAK_imi             		 0.489721
EAK_imcg            		 0.293893
EAK_imig            		 0.0587786
EAK_imy             		 0.48763
EAK_internalrer     		 1.22631
EAK_igy             		 0.04
EAK_k               		 32.1841
EAK_kd              		 32.1841
EAK_kdn             		 8.99298
EAK_kdt             		 23.1911
EAK_ki              		 42.9121
EAK_lambdai         		 1.29051
EAK_lambdaj         		 2.4366
EAK_lcy             		 0.667922
EAK_m               		 0.805936
EAK_mcn             		 0.759381
EAK_mct             		 0.759381
EAK_mi              		 0.913337
EAK_mj              		 0.483736
EAK_nd              		 1.92756
EAK_ndi             		 0.92155
EAK_ndj             		 1.09358
EAK_ndn             		 0.538604
EAK_ndt             		 1.38895
EAK_ni              		 0.92155
EAK_nj              		 1.09358
EAK_nt              		 0.979152
EAK_ntc             		 0.629092
EAK_nti             		 0.186521
EAK_ntcg            		 0.136282
EAK_ntig            		 0.0272565
EAK_pex             		 0.911257
EAK_pht             		 0.911257
EAK_phttilde        		 0.911257
EAK_pi              		 0.979408
EAK_pcg             		 0.963713
EAK_pig             		 0.963713
EAK_pic             		 1.00496
EAK_pic4            		 1.02
EAK_piex4           		 1.02
EAK_piht            		 1.00496
EAK_piimc           		 1.00496
EAK_piimi           		 1.00496
EAK_piimcg          		 1.00496
EAK_piimig          		 1.00496
EAK_piimc4          		 1.02
EAK_pim             		 0.933402
EAK_pimc            		 0.9334
EAK_pimi            		 0.9334
EAK_pimcg           		 0.9334
EAK_pimig           		 0.9334
EAK_pint            		 1.00496
EAK_piw             		 1.00496
EAK_piw4            		 1.02
EAK_pnt             		 1.13907
EAK_pnttilde        		 1.13907
EAK_pttc            		 0.928864
EAK_ptti            		 0.928864
EAK_pttcg           		 0.922163
EAK_pttig           		 0.922163
EAK_py              		 0.971996
EAK_q               		 0.979408
EAK_qc              		 1.91832
EAK_qi              		 0.804602
EAK_qcg             		 0.740818
EAK_qig             		 0.148164
EAK_r               		 1.01242
EAK_reer            		 1.01276
EAK_rer             		 1.30528
EAK_rerdep          		 1
EAK_rk              		 0.0317495
EAK_rp              		 0
EAK_rr              		 1.00742
EAK_rrstar          		 1.00742
EAK_sh              		 1
EAK_si              		 1
EAK_sj              		 1
EAK_snt             		 1
EAK_t               		 0
EAK_tauc            		 0.183
EAK_taud            		 0
EAK_tauk            		 0
EAK_taun            		 0.122
EAK_tauwf           		 0.219
EAK_tauwh           		 0.118
EAK_tb              		 0.00659988
EAK_tby             		 0.00184887
EAK_ti              		 0
EAK_tj              		 0
EAK_tot             		 1.40432
EAK_tr              		 0.333275
EAK_tri             		 0.222183
EAK_trj             		 0.66655
EAK_try             		 0.0934018
EAK_ttc             		 1.29378
EAK_tti             		 0.619652
EAK_ttcg            		 0.605859
EAK_ttig            		 0.121172
EAK_ty              		 0
EAK_u               		 1
EAK_utili           		 -93.5013
EAK_utilj           		 -203.605
EAK_vj              		 2.38
EAK_w               		 1.01472
EAK_wcst            		 0
EAK_whty            		 0.574241
EAK_wi              		 1.12592
EAK_witilde         		 1.12592
EAK_wj              		 0.839749
EAK_wjtilde         		 0.839749
EAK_wnty            		 0.490019
EAK_wy              		 0.547927
EAK_y               		 3.67252
EAK_ygap            		 0
EAK_ygrowth         		 1
EAK_ygrowth4        		 1
EAK_yhty            		 0.687556
EAK_ynty            		 0.312444
EAK_yshare          		 0.0665152
EAK_ysn             		 0.979152
EAK_yst             		 2.69337
EAK_zcon            		 1
EAK_zinv            		 1
EAK_zn              		 1
EAK_zt              		 1
EAK_gammav1         		 0.0287061
EAK_gammav2         		 0.150338
EAK_nutc            		 0.2
EAK_nuti            		 0.200001
EAK_nutcg           		 0.500001
EAK_nutig           		 0.500001
EAK_psit            		 0.2
EAKEAA_rerbar       		 1
EAKEAB_rerbar       		 1
EAKEAC_rerbar       		 1
EAKEAD_rerbar       		 1
EAKEAE_rerbar       		 1
EAKEAF_rerbar       		 1
EAKEAG_rerbar       		 1
EAKEAH_rerbar       		 1
EAKEAI_rerbar       		 1
EAKEAJ_rerbar       		 1
EAKEAL_rerbar       		 1.00262
EAKRW_rerbar        		 0.980127
EAKUS_rerbar        		 1.30528
EAK_pibar           		 0.979408
EAK_psinbar         		 0.274162
EAK_psitbar         		 0.538675
EAK_pybar           		 0.971996
EAK_qbar            		 0.979408
EAK_trybar          		 0.0933627
EAK_ybar            		 3.67252
EAK_ynbar           		 0.979152
EAK_ytbar           		 2.69337
EALEAA_excy         		 0.0210348
EALEAB_excy         		 0.0210348
EALEAC_excy         		 0.0210348
EALEAD_excy         		 0.0210348
EALEAE_excy         		 0.0210348
EALEAF_excy         		 0.0210348
EALEAG_excy         		 0.0210348
EALEAH_excy         		 0.0210348
EALEAI_excy         		 0.0210348
EALEAJ_excy         		 0.0210348
EALEAK_excy         		 0.0210348
EALRW_excy          		 0.0161833
EALUS_excy          		 0.00601516
EALEAA_exiy         		 0.0100746
EALEAB_exiy         		 0.0100746
EALEAC_exiy         		 0.0100746
EALEAD_exiy         		 0.0100746
EALEAE_exiy         		 0.0100746
EALEAF_exiy         		 0.0100746
EALEAG_exiy         		 0.0100746
EALEAH_exiy         		 0.0100746
EALEAI_exiy         		 0.0100746
EALEAJ_exiy         		 0.0100746
EALEAK_exiy         		 0.0100746
EALRW_exiy          		 0.012746
EALUS_exiy          		 0.00477575
EAL_fx              		 5.63351
EALEAA_gammaimc     		 0
EALEAB_gammaimc     		 0
EALEAC_gammaimc     		 0
EALEAD_gammaimc     		 0
EALEAE_gammaimc     		 0
EALEAF_gammaimc     		 0
EALEAG_gammaimc     		 0
EALEAH_gammaimc     		 0
EALEAI_gammaimc     		 0
EALEAJ_gammaimc     		 0
EALEAK_gammaimc     		 0
EALRW_gammaimc      		 0
EALUS_gammaimc      		 0
EALEAA_gammaimcdag  		 1
EALEAB_gammaimcdag  		 1
EALEAC_gammaimcdag  		 1
EALEAD_gammaimcdag  		 1
EALEAE_gammaimcdag  		 1
EALEAF_gammaimcdag  		 1
EALEAG_gammaimcdag  		 1
EALEAH_gammaimcdag  		 1
EALEAI_gammaimcdag  		 1
EALEAJ_gammaimcdag  		 1
EALEAK_gammaimcdag  		 1
EALRW_gammaimcdag   		 1
EALUS_gammaimcdag   		 1
EALEAA_gammaimi     		 0
EALEAB_gammaimi     		 0
EALEAC_gammaimi     		 0
EALEAD_gammaimi     		 0
EALEAE_gammaimi     		 0
EALEAF_gammaimi     		 0
EALEAG_gammaimi     		 0
EALEAH_gammaimi     		 0
EALEAI_gammaimi     		 0
EALEAJ_gammaimi     		 0
EALEAK_gammaimi     		 0
EALRW_gammaimi      		 0
EALUS_gammaimi      		 0
EALEAA_gammaimidag  		 1
EALEAB_gammaimidag  		 1
EALEAC_gammaimidag  		 1
EALEAD_gammaimidag  		 1
EALEAE_gammaimidag  		 1
EALEAF_gammaimidag  		 1
EALEAG_gammaimidag  		 1
EALEAH_gammaimidag  		 1
EALEAI_gammaimidag  		 1
EALEAJ_gammaimidag  		 1
EALEAK_gammaimidag  		 1
EALRW_gammaimidag   		 1
EALUS_gammaimidag   		 1
EALEAA_gammaimcg    		 0
EALEAB_gammaimcg    		 0
EALEAC_gammaimcg    		 0
EALEAD_gammaimcg    		 0
EALEAE_gammaimcg    		 0
EALEAF_gammaimcg    		 0
EALEAG_gammaimcg    		 0
EALEAH_gammaimcg    		 0
EALEAI_gammaimcg    		 0
EALEAJ_gammaimcg    		 0
EALEAK_gammaimcg    		 0
EALRW_gammaimcg     		 0
EALUS_gammaimcg     		 0
EALEAA_gammaimcgdag 		 1
EALEAB_gammaimcgdag 		 1
EALEAC_gammaimcgdag 		 1
EALEAD_gammaimcgdag 		 1
EALEAE_gammaimcgdag 		 1
EALEAF_gammaimcgdag 		 1
EALEAG_gammaimcgdag 		 1
EALEAH_gammaimcgdag 		 1
EALEAI_gammaimcgdag 		 1
EALEAJ_gammaimcgdag 		 1
EALEAK_gammaimcgdag 		 1
EALRW_gammaimcgdag  		 1
EALUS_gammaimcgdag  		 1
EALEAA_gammaimig    		 0
EALEAB_gammaimig    		 0
EALEAC_gammaimig    		 0
EALEAD_gammaimig    		 0
EALEAE_gammaimig    		 0
EALEAF_gammaimig    		 0
EALEAG_gammaimig    		 0
EALEAH_gammaimig    		 0
EALEAI_gammaimig    		 0
EALEAJ_gammaimig    		 0
EALEAK_gammaimig    		 0
EALRW_gammaimig     		 0
EALUS_gammaimig     		 0
EALEAA_gammaimigdag 		 1
EALEAB_gammaimigdag 		 1
EALEAC_gammaimigdag 		 1
EALEAD_gammaimigdag 		 1
EALEAE_gammaimigdag 		 1
EALEAF_gammaimigdag 		 1
EALEAG_gammaimigdag 		 1
EALEAH_gammaimigdag 		 1
EALEAI_gammaimigdag 		 1
EALEAJ_gammaimigdag 		 1
EALEAK_gammaimigdag 		 1
EALRW_gammaimigdag  		 1
EALUS_gammaimigdag  		 1
EAL_gx              		 6.76021
EALEAA_im           		 0.153004
EALEAB_im           		 0.153004
EALEAC_im           		 0.153004
EALEAD_im           		 0.153004
EALEAE_im           		 0.153004
EALEAF_im           		 0.153004
EALEAG_im           		 0.153004
EALEAH_im           		 0.153004
EALEAI_im           		 0.153004
EALEAJ_im           		 0.153004
EALEAK_im           		 0.153004
EALRW_im            		 0.139897
EALUS_im            		 0.0654669
EALEAA_imc          		 0.0850825
EALEAB_imc          		 0.0850825
EALEAC_imc          		 0.0850825
EALEAD_imc          		 0.0850825
EALEAE_imc          		 0.0850825
EALEAF_imc          		 0.0850825
EALEAG_imc          		 0.0850825
EALEAH_imc          		 0.0850825
EALEAI_imc          		 0.0850825
EALEAJ_imc          		 0.0850825
EALEAK_imc          		 0.0850825
EALRW_imc           		 0.0777937
EALUS_imc           		 0.0364048
EALEAJ_imcy         		 0.0216112
EALEAA_imi          		 0.0401538
EALEAB_imi          		 0.0401538
EALEAC_imi          		 0.0401538
EALEAD_imi          		 0.0401538
EALEAE_imi          		 0.0401538
EALEAF_imi          		 0.0401538
EALEAG_imi          		 0.0401538
EALEAH_imi          		 0.0401538
EALEAI_imi          		 0.0401538
EALEAJ_imi          		 0.0401538
EALEAK_imi          		 0.0401538
EALRW_imi           		 0.0367139
EALUS_imi           		 0.0171808
EALEAJ_imiy         		 0.0101992
EALEAA_imcg         		 0.0242144
EALEAB_imcg         		 0.0242144
EALEAC_imcg         		 0.0242144
EALEAD_imcg         		 0.0242144
EALEAE_imcg         		 0.0242144
EALEAF_imcg         		 0.0242144
EALEAG_imcg         		 0.0242144
EALEAH_imcg         		 0.0242144
EALEAI_imcg         		 0.0242144
EALEAJ_imcg         		 0.0242144
EALEAK_imcg         		 0.0242144
EALRW_imcg          		 0.02214
EALUS_imcg          		 0.0103608
EALEAJ_imcgy        		 0.00615053
EALEAA_imig         		 0.00355358
EALEAB_imig         		 0.00355358
EALEAC_imig         		 0.00355358
EALEAD_imig         		 0.00355358
EALEAE_imig         		 0.00355358
EALEAF_imig         		 0.00355358
EALEAG_imig         		 0.00355358
EALEAH_imig         		 0.00355358
EALEAI_imig         		 0.00355358
EALEAJ_imig         		 0.00355358
EALEAK_imig         		 0.00355358
EALRW_imig          		 0.00324915
EALUS_imig          		 0.00152049
EALEAJ_imigy        		 0.000902619
EAL_piex            		 1.00496
EAL_pextilde        		 0.914031
EALEAA_rer          		 0.997386
EALEAB_rer          		 0.997386
EALEAC_rer          		 0.997386
EALEAD_rer          		 0.997386
EALEAE_rer          		 0.997386
EALEAF_rer          		 0.997386
EALEAG_rer          		 0.997386
EALEAH_rer          		 0.997386
EALEAI_rer          		 0.997386
EALEAJ_rer          		 0.997386
EALEAK_rer          		 0.997386
EALRW_rer           		 0.977565
EALUS_rer           		 1.30187
EAL_sx              		 1
EALEAA_tot          		 0.99436
EALEAB_tot          		 0.99436
EALEAC_tot          		 0.99436
EALEAD_tot          		 0.99436
EALEAE_tot          		 0.99436
EALEAF_tot          		 0.99436
EALEAG_tot          		 0.99436
EALEAH_tot          		 0.99436
EALEAI_tot          		 0.99436
EALEAJ_tot          		 0.99436
EALEAK_tot          		 0.99436
EALRW_tot           		 1.03062
EALUS_tot           		 1.3964
EALEAA_weight       		 0.0790624
EALEAB_weight       		 0.0790624
EALEAC_weight       		 0.0790624
EALEAD_weight       		 0.0790624
EALEAE_weight       		 0.0790624
EALEAF_weight       		 0.0790624
EALEAG_weight       		 0.0790624
EALEAH_weight       		 0.0790624
EALEAI_weight       		 0.0790624
EALEAJ_weight       		 0.0790624
EALEAK_weight       		 0.0790624
EALRW_weight        		 0.0776714
EALUS_weight        		 0.0526412
EALEAA_weightex     		 0.078428
EALEAB_weightex     		 0.078428
EALEAC_weightex     		 0.078428
EALEAD_weightex     		 0.078428
EALEAE_weightex     		 0.078428
EALEAF_weightex     		 0.078428
EALEAG_weightex     		 0.078428
EALEAH_weightex     		 0.078428
EALEAI_weightex     		 0.078428
EALEAJ_weightex     		 0.078428
EALEAK_weightex     		 0.078428
EALRW_weightex      		 0.0798446
EALUS_weightex      		 0.057447
EALEAA_weightim     		 0.0796904
EALEAB_weightim     		 0.0796904
EALEAC_weightim     		 0.0796904
EALEAD_weightim     		 0.0796904
EALEAE_weightim     		 0.0796904
EALEAF_weightim     		 0.0796904
EALEAG_weightim     		 0.0796904
EALEAH_weightim     		 0.0796904
EALEAI_weightim     		 0.0796904
EALEAJ_weightim     		 0.0796904
EALEAK_weightim     		 0.0796904
EALRW_weightim      		 0.0755202
EALUS_weightim      		 0.047884
EAL_b               		 8.5877
EAL_bf              		 1.10486
EAL_by              		 2.4
EAL_c               		 1.94835
EAL_ci              		 2.21132
EAL_cj              		 1.15945
EAL_cy              		 0.544504
EAL_d               		 0.169944
EAL_dn              		 0.169944
EAL_dt              		 -1.268e-07
EAL_etot            		 1.01511
EAL_ex              		 1.88985
EAL_fh              		 6.64681
EAL_fi              		 14.9897
EAL_fj              		 0.555173
EAL_fn              		 8.90216
EAL_cg              		 0.742077
EAL_gammab          		 0
EAL_gammai          		 0
EAL_gammaider       		 0
EAL_gammau          		 0
EAL_gammauder       		 0.0324171
EAL_gammav          		 0.000196818
EAL_gammavi         		 0.000101018
EAL_gammavider      		 0.00216519
EAL_gammavj         		 0.000101018
EAL_gammavjder      		 0.00216519
EAL_gh              		 7.97617
EAL_gi              		 5.90352
EAL_gj              		 3.75309
EAL_gn              		 13.3532
EAL_cgy             		 0.2
EAL_ht              		 0.757217
EAL_htc             		 0.272635
EAL_hti             		 0.128667
EAL_htcg            		 0.310367
EAL_htig            		 0.0455478
EAL_i               		 0.80552
EAL_ig              		 0.142063
EAL_ii              		 1.07403
EAL_im              		 1.87528
EAL_imc             		 1.0428
EAL_imi             		 0.492139
EAL_imcg            		 0.296781
EAL_imig            		 0.0435539
EAL_imy             		 0.487681
EAL_internalrer     		 1.23227
EAL_igy             		 0.04
EAL_k               		 32.2208
EAL_kd              		 32.2208
EAL_kdn             		 9.3475
EAL_kdt             		 22.8733
EAL_ki              		 42.9611
EAL_lambdai         		 1.26858
EAL_lambdaj         		 2.41946
EAL_lcy             		 0.666754
EAL_m               		 0.818634
EAL_mcn             		 0.761692
EAL_mct             		 0.761692
EAL_mi              		 0.929124
EAL_mj              		 0.487163
EAL_nd              		 1.92001
EAL_ndi             		 0.915996
EAL_ndj             		 1.09191
EAL_ndn             		 0.55701
EAL_ndt             		 1.363
EAL_ni              		 0.915996
EAL_nj              		 1.09191
EAL_nt              		 1.01415
EAL_ntc             		 0.638033
EAL_nti             		 0.186403
EAL_ntcg            		 0.136354
EAL_ntig            		 0.0533614
EAL_pex             		 0.914031
EAL_pht             		 0.914031
EAL_phttilde        		 0.914031
EAL_pi              		 0.978914
EAL_pcg             		 0.964377
EAL_pig             		 1.0075
EAL_pic             		 1.00496
EAL_pic4            		 1.02
EAL_piex4           		 1.02
EAL_piht            		 1.00496
EAL_piimc           		 1.00496
EAL_piimi           		 1.00496
EAL_piimcg          		 1.00496
EAL_piimig          		 1.00496
EAL_piimc4          		 1.02
EAL_pim             		 0.930544
EAL_pimc            		 0.930543
EAL_pimi            		 0.930543
EAL_pimcg           		 0.930543
EAL_pimig           		 0.930543
EAL_pint            		 1.00496
EAL_piw             		 1.00496
EAL_piw4            		 1.02
EAL_pnt             		 1.14254
EAL_pnttilde        		 1.14254
EAL_pttc            		 0.927181
EAL_ptti            		 0.927181
EAL_pttcg           		 0.922194
EAL_pttig           		 0.922194
EAL_py              		 0.977327
EAL_q               		 0.978914
EAL_qc              		 1.94855
EAL_qi              		 0.80552
EAL_qcg             		 0.742077
EAL_qig             		 0.142063
EAL_r               		 1.01242
EAL_reer            		 1.0099
EAL_rer             		 1.30187
EAL_rerdep          		 1
EAL_rk              		 0.0317335
EAL_rp              		 0
EAL_rr              		 1.00742
EAL_rrstar          		 1.00742
EAL_sh              		 1
EAL_si              		 1
EAL_sj              		 1
EAL_snt             		 1
EAL_t               		 0
EAL_tauc            		 0.183
EAL_taud            		 0
EAL_tauk            		 0
EAL_taun            		 0.122
EAL_tauwf           		 0.219
EAL_tauwh           		 0.118
EAL_tb              		 -0.0176417
EAL_tby             		 -0.00493033
EAL_ti              		 0
EAL_tj              		 0
EAL_tot             		 1.3964
EAL_tr              		 0.337242
EAL_tri             		 0.224828
EAL_trj             		 0.674483
EAL_try             		 0.0942884
EAL_ttc             		 1.31535
EAL_tti             		 0.620766
EAL_ttcg            		 0.607087
EAL_ttig            		 0.0890928
EAL_ty              		 0
EAL_u               		 1
EAL_utili           		 -90.5368
EAL_utilj           		 -202.376
EAL_vj              		 2.38
EAL_w               		 1.01935
EAL_wcst            		 0
EAL_whty            		 0.574241
EAL_wi              		 1.13161
EAL_witilde         		 1.13161
EAL_wj              		 0.843118
EAL_wjtilde         		 0.843118
EAL_wnty            		 0.490019
EAL_wy              		 0.546968
EAL_y               		 3.66122
EAL_ygap            		 0
EAL_ygrowth         		 1
EAL_ygrowth4        		 1
EAL_yhty            		 0.676177
EAL_ynty            		 0.323823
EAL_yshare          		 0.0668488
EAL_ysn             		 1.01415
EAL_yst             		 2.64707
EAL_zcon            		 1
EAL_zinv            		 1
EAL_zn              		 1
EAL_zt              		 1
EAL_gammav1         		 0.0287061
EAL_gammav2         		 0.150338
EAL_nutc            		 0.2
EAL_nuti            		 0.2
EAL_nutcg           		 0.500001
EAL_nutig           		 0.500001
EAL_psit            		 0.2
EALEAA_rerbar       		 0.997386
EALEAB_rerbar       		 0.997386
EALEAC_rerbar       		 0.997386
EALEAD_rerbar       		 0.997386
EALEAE_rerbar       		 0.997386
EALEAF_rerbar       		 0.997386
EALEAG_rerbar       		 0.997386
EALEAH_rerbar       		 0.997386
EALEAI_rerbar       		 0.997386
EALEAJ_rerbar       		 0.997386
EALEAK_rerbar       		 0.997386
EALRW_rerbar        		 0.977565
EALUS_rerbar        		 1.30187
EAL_pibar           		 0.978914
EAL_psinbar         		 0.283962
EAL_psitbar         		 0.529414
EAL_pybar           		 0.977327
EAL_qbar            		 0.978914
EAL_trybar          		 0.0942488
EAL_ybar            		 3.66122
EAL_ynbar           		 1.01415
EAL_ytbar           		 2.64707
RWEAA_excy          		 0.0158645
RWEAB_excy          		 0.0158645
RWEAC_excy          		 0.0158645
RWEAD_excy          		 0.0158645
RWEAE_excy          		 0.0158645
RWEAF_excy          		 0.0158645
RWEAG_excy          		 0.0158645
RWEAH_excy          		 0.0158645
RWEAI_excy          		 0.0158645
RWEAJ_excy          		 0.0158645
RWEAK_excy          		 0.0158645
RWEAL_excy          		 0.0161615
RWUS_excy           		 0.00453664
RWEAA_exiy          		 0.00759829
RWEAB_exiy          		 0.00759829
RWEAC_exiy          		 0.00759829
RWEAD_exiy          		 0.00759829
RWEAE_exiy          		 0.00759829
RWEAF_exiy          		 0.00759829
RWEAG_exiy          		 0.00759829
RWEAH_exiy          		 0.00759829
RWEAI_exiy          		 0.00759829
RWEAJ_exiy          		 0.00759829
RWEAK_exiy          		 0.00759829
RWEAL_exiy          		 0.00762724
RWUS_exiy           		 0.00360187
RW_fx               		 5.52594
RWEAA_gammaimc      		 0
RWEAB_gammaimc      		 0
RWEAC_gammaimc      		 0
RWEAD_gammaimc      		 0
RWEAE_gammaimc      		 0
RWEAF_gammaimc      		 0
RWEAG_gammaimc      		 0
RWEAH_gammaimc      		 0
RWEAI_gammaimc      		 0
RWEAJ_gammaimc      		 0
RWEAK_gammaimc      		 0
RWEAL_gammaimc      		 0
RWUS_gammaimc       		 0
RWEAA_gammaimcdag   		 1
RWEAB_gammaimcdag   		 1
RWEAC_gammaimcdag   		 1
RWEAD_gammaimcdag   		 1
RWEAE_gammaimcdag   		 1
RWEAF_gammaimcdag   		 1
RWEAG_gammaimcdag   		 1
RWEAH_gammaimcdag   		 1
RWEAI_gammaimcdag   		 1
RWEAJ_gammaimcdag   		 1
RWEAK_gammaimcdag   		 1
RWEAL_gammaimcdag   		 1
RWUS_gammaimcdag    		 1
RWEAA_gammaimi      		 0
RWEAB_gammaimi      		 0
RWEAC_gammaimi      		 0
RWEAD_gammaimi      		 0
RWEAE_gammaimi      		 0
RWEAF_gammaimi      		 0
RWEAG_gammaimi      		 0
RWEAH_gammaimi      		 0
RWEAI_gammaimi      		 0
RWEAJ_gammaimi      		 0
RWEAK_gammaimi      		 0
RWEAL_gammaimi      		 0
RWUS_gammaimi       		 0
RWEAA_gammaimidag   		 1
RWEAB_gammaimidag   		 1
RWEAC_gammaimidag   		 1
RWEAD_gammaimidag   		 1
RWEAE_gammaimidag   		 1
RWEAF_gammaimidag   		 1
RWEAG_gammaimidag   		 1
RWEAH_gammaimidag   		 1
RWEAI_gammaimidag   		 1
RWEAJ_gammaimidag   		 1
RWEAK_gammaimidag   		 1
RWEAL_gammaimidag   		 1
RWUS_gammaimidag    		 1
RWEAA_gammaimcg     		 0
RWEAB_gammaimcg     		 0
RWEAC_gammaimcg     		 0
RWEAD_gammaimcg     		 0
RWEAE_gammaimcg     		 0
RWEAF_gammaimcg     		 0
RWEAG_gammaimcg     		 0
RWEAH_gammaimcg     		 0
RWEAI_gammaimcg     		 0
RWEAJ_gammaimcg     		 0
RWEAK_gammaimcg     		 0
RWEAL_gammaimcg     		 0
RWUS_gammaimcg      		 0
RWEAA_gammaimcgdag  		 1
RWEAB_gammaimcgdag  		 1
RWEAC_gammaimcgdag  		 1
RWEAD_gammaimcgdag  		 1
RWEAE_gammaimcgdag  		 1
RWEAF_gammaimcgdag  		 1
RWEAG_gammaimcgdag  		 1
RWEAH_gammaimcgdag  		 1
RWEAI_gammaimcgdag  		 1
RWEAJ_gammaimcgdag  		 1
RWEAK_gammaimcgdag  		 1
RWEAL_gammaimcgdag  		 1
RWUS_gammaimcgdag   		 1
RWEAA_gammaimig     		 0
RWEAB_gammaimig     		 0
RWEAC_gammaimig     		 0
RWEAD_gammaimig     		 0
RWEAE_gammaimig     		 0
RWEAF_gammaimig     		 0
RWEAG_gammaimig     		 0
RWEAH_gammaimig     		 0
RWEAI_gammaimig     		 0
RWEAJ_gammaimig     		 0
RWEAK_gammaimig     		 0
RWEAL_gammaimig     		 0
RWUS_gammaimig      		 0
RWEAA_gammaimigdag  		 1
RWEAB_gammaimigdag  		 1
RWEAC_gammaimigdag  		 1
RWEAD_gammaimigdag  		 1
RWEAE_gammaimigdag  		 1
RWEAF_gammaimigdag  		 1
RWEAG_gammaimigdag  		 1
RWEAH_gammaimigdag  		 1
RWEAI_gammaimigdag  		 1
RWEAJ_gammaimigdag  		 1
RWEAK_gammaimigdag  		 1
RWEAL_gammaimigdag  		 1
RWUS_gammaimigdag   		 1
RW_gx               		 6.63113
RWEAA_im            		 0.14668
RWEAB_im            		 0.14668
RWEAC_im            		 0.14668
RWEAD_im            		 0.14668
RWEAE_im            		 0.14668
RWEAF_im            		 0.14668
RWEAG_im            		 0.14668
RWEAH_im            		 0.14668
RWEAI_im            		 0.14668
RWEAJ_im            		 0.14668
RWEAK_im            		 0.14668
RWEAL_im            		 0.14462
RWUS_im             		 0.0627607
RWEAA_imc           		 0.0642561
RWEAB_imc           		 0.0642561
RWEAC_imc           		 0.0642561
RWEAD_imc           		 0.0642561
RWEAE_imc           		 0.0642561
RWEAF_imc           		 0.0642561
RWEAG_imc           		 0.0642561
RWEAH_imc           		 0.0642561
RWEAI_imc           		 0.0642561
RWEAJ_imc           		 0.0642561
RWEAK_imc           		 0.0642561
RWEAL_imc           		 0.0633538
RWUS_imc            		 0.0274936
RWEAK_imcy          		 0.0128795
RWEAA_imi           		 0.0506082
RWEAB_imi           		 0.0506082
RWEAC_imi           		 0.0506082
RWEAD_imi           		 0.0506082
RWEAE_imi           		 0.0506082
RWEAF_imi           		 0.0506082
RWEAG_imi           		 0.0506082
RWEAH_imi           		 0.0506082
RWEAI_imi           		 0.0506082
RWEAJ_imi           		 0.0506082
RWEAK_imi           		 0.0506082
RWEAL_imi           		 0.0498976
RWUS_imi            		 0.0216541
RWEAK_imiy          		 0.0101439
RWEAA_imcg          		 0.0254522
RWEAB_imcg          		 0.0254522
RWEAC_imcg          		 0.0254522
RWEAD_imcg          		 0.0254522
RWEAE_imcg          		 0.0254522
RWEAF_imcg          		 0.0254522
RWEAG_imcg          		 0.0254522
RWEAH_imcg          		 0.0254522
RWEAI_imcg          		 0.0254522
RWEAJ_imcg          		 0.0254522
RWEAK_imcg          		 0.0254522
RWEAL_imcg          		 0.0250948
RWUS_imcg           		 0.0108904
RWEAK_imcgy         		 0.00510164
RWEAA_imig          		 0.00636306
RWEAB_imig          		 0.00636306
RWEAC_imig          		 0.00636306
RWEAD_imig          		 0.00636306
RWEAE_imig          		 0.00636306
RWEAF_imig          		 0.00636306
RWEAG_imig          		 0.00636306
RWEAH_imig          		 0.00636306
RWEAI_imig          		 0.00636306
RWEAJ_imig          		 0.00636306
RWEAK_imig          		 0.00636306
RWEAL_imig          		 0.00627371
RWUS_imig           		 0.0027226
RWEAK_imigy         		 0.00127541
RW_piex             		 1.00496
RW_pextilde         		 0.963634
RWEAA_rer           		 1.02028
RWEAB_rer           		 1.02028
RWEAC_rer           		 1.02028
RWEAD_rer           		 1.02028
RWEAE_rer           		 1.02028
RWEAF_rer           		 1.02028
RWEAG_rer           		 1.02028
RWEAH_rer           		 1.02028
RWEAI_rer           		 1.02028
RWEAJ_rer           		 1.02028
RWEAK_rer           		 1.02028
RWEAL_rer           		 1.02295
RWUS_rer            		 1.33175
RW_sx               		 1
RWEAA_tot           		 0.964821
RWEAB_tot           		 0.964821
RWEAC_tot           		 0.964821
RWEAD_tot           		 0.964821
RWEAE_tot           		 0.964821
RWEAF_tot           		 0.964821
RWEAG_tot           		 0.964821
RWEAH_tot           		 0.964821
RWEAI_tot           		 0.964821
RWEAJ_tot           		 0.964821
RWEAK_tot           		 0.964821
RWEAL_tot           		 0.970294
RWUS_tot            		 1.35492
RWEAA_weight        		 0.0789792
RWEAB_weight        		 0.0789792
RWEAC_weight        		 0.0789792
RWEAD_weight        		 0.0789792
RWEAE_weight        		 0.0789792
RWEAF_weight        		 0.0789792
RWEAG_weight        		 0.0789792
RWEAH_weight        		 0.0789792
RWEAI_weight        		 0.0789792
RWEAJ_weight        		 0.0789792
RWEAK_weight        		 0.0789792
RWEAL_weight        		 0.0786562
RWUS_weight         		 0.0525737
RWEAA_weightex      		 0.0785396
RWEAB_weightex      		 0.0785396
RWEAC_weightex      		 0.0785396
RWEAD_weightex      		 0.0785396
RWEAE_weightex      		 0.0785396
RWEAF_weightex      		 0.0785396
RWEAG_weightex      		 0.0785396
RWEAH_weightex      		 0.0785396
RWEAI_weightex      		 0.0785396
RWEAJ_weightex      		 0.0785396
RWEAK_weightex      		 0.0785396
RWEAL_weightex      		 0.0785692
RWUS_weightex       		 0.0574956
RWEAA_weightim      		 0.079413
RWEAB_weightim      		 0.079413
RWEAC_weightim      		 0.079413
RWEAD_weightim      		 0.079413
RWEAE_weightim      		 0.079413
RWEAF_weightim      		 0.079413
RWEAG_weightim      		 0.079413
RWEAH_weightim      		 0.079413
RWEAI_weightim      		 0.079413
RWEAJ_weightim      		 0.079413
RWEAK_weightim      		 0.079413
RWEAL_weightim      		 0.0787421
RWUS_weightim       		 0.0477174
RW_b                		 11.1323
RW_bf               		 1.40011
RW_by               		 2.4
RW_c                		 2.74081
RW_ci               		 3.26242
RW_cj               		 1.17599
RW_cy               		 0.590887
RW_d                		 0.348376
RW_dn               		 0.348375
RW_dt               		 9.91695e-07
RW_etot             		 0.982636
RW_ex               		 1.75834
RW_fh               		 2.26118
RW_fi               		 2604.49
RW_fj               		 96.4624
RW_fn               		 6.89352
RW_cg               		 0.764871
RW_gammab           		 0
RW_gammai           		 0
RW_gammaider        		 0
RW_gammau           		 0
RW_gammauder        		 0.0324171
RW_gammav           		 0.000276871
RW_gammavi          		 0.000101018
RW_gammavider       		 0.00216519
RW_gammavj          		 0.000101018
RW_gammavjder       		 0.00216519
RW_gh               		 2.71341
RW_gi               		 24.9996
RW_gj               		 23.1179
RW_gn               		 8.80839
RW_cgy              		 0.16
RW_ht               		 0.719502
RW_htc              		 0.190947
RW_hti              		 0.150388
RW_htcg             		 0.302534
RW_htig             		 0.0756335
RW_i                		 1.02263
RW_ig               		 0.191218
RW_ii               		 1.3635
RW_im               		 1.80825
RW_imc              		 0.79214
RW_imi              		 0.623891
RW_imcg             		 0.313771
RW_imig             		 0.0784429
RW_imy              		 0.370223
RW_internalrer      		 1.07733
RW_igy              		 0.04
RW_k                		 40.9051
RW_kd               		 40.9051
RW_kdn              		 18.1386
RW_kdt              		 22.7665
RW_ki               		 54.5401
RW_lambdai          		 0.944081
RW_lambdaj          		 2.61906
RW_lcy              		 0.647426
RW_m                		 1.1516
RW_mcn              		 0.803028
RW_mct              		 0.803028
RW_mi               		 1.37077
RW_mj               		 0.494113
RW_nd               		 2.23286
RW_ndi              		 0.927034
RW_ndj              		 1.39183
RW_ndn              		 0.990119
RW_ndt              		 1.24274
RW_ni               		 0.927034
RW_nj               		 1.39183
RW_nt               		 2.1935
RW_ntc              		 1.75891
RW_nti              		 0.248647
RW_ntcg             		 0.148757
RW_ntig             		 0.0371893
RW_pex              		 0.963634
RW_pht              		 0.963634
RW_phttilde         		 0.963634
RW_pi               		 0.970593
RW_pcg              		 0.970301
RW_pig              		 0.970301
RW_pic              		 1.00496
RW_pic4             		 1.02
RW_piex4            		 1.02
RW_piht             		 1.00496
RW_piimc            		 1.00496
RW_piimi            		 1.00496
RW_piimcg           		 1.00496
RW_piimig           		 1.00496
RW_piimc4           		 1.02
RW_pim              		 0.949685
RW_pimc             		 0.949687
RW_pimi             		 0.949687
RW_pimcg            		 0.949687
RW_pimig            		 0.949687
RW_pint             		 1.00496
RW_piw              		 1.00496
RW_piw4             		 1.02
RW_pnt              		 1.02609
RW_pnttilde         		 1.02609
RW_pttc             		 0.952436
RW_ptti             		 0.952436
RW_pttcg            		 0.956597
RW_pttig            		 0.956597
RW_py               		 0.992962
RW_q                		 0.970593
RW_qc               		 2.74109
RW_qi               		 1.02263
RW_qcg              		 0.764871
RW_qig              		 0.191218
RW_r                		 1.01242
RW_reer             		 1.03488
RW_rer              		 1.33175
RW_rerdep           		 1
RW_rk               		 0.0314638
RW_rp               		 0
RW_rr               		 1.00742
RW_rrstar           		 1.00742
RW_sh               		 1
RW_si               		 1
RW_sj               		 1
RW_snt              		 1
RW_t                		 0
RW_tauc             		 0.077
RW_taud             		 0
RW_tauk             		 0
RW_taun             		 0.154
RW_tauwf            		 0.071
RW_tauwh            		 0.071
RW_tb               		 -0.0228692
RW_tby              		 -0.00493033
RW_ti               		 0
RW_tj               		 0
RW_tot              		 1.35492
RW_tr               		 0.0374536
RW_tri              		 0.024969
RW_trj              		 0.0749071
RW_try              		 0.00811883
RW_ttc              		 0.983045
RW_tti              		 0.774246
RW_ttcg             		 0.616264
RW_ttig             		 0.154066
RW_ty               		 0
RW_u                		 1
RW_utili            		 -38.9904
RW_utilj            		 -263.583
RW_vj               		 2.38
RW_w                		 1.25578
RW_wcst             		 0
RW_whty             		 0.653594
RW_wi               		 1.36251
RW_witilde          		 1.36251
RW_wj               		 1.1071
RW_wjtilde          		 1.1071
RW_wnty             		 0.55243
RW_wy               		 0.604506
RW_y                		 4.67135
RW_ygap             		 0
RW_ygrowth          		 1
RW_ygrowth4         		 1
RW_yhty             		 0.514768
RW_ynty             		 0.485232
RW_yshare           		 0.0847127
RW_ysn              		 2.1935
RW_yst              		 2.47784
RW_zcon             		 1
RW_zinv             		 1
RW_zn               		 1
RW_zt               		 1
RW_gammav1          		 0.0287061
RW_gammav2          		 0.150338
RW_nutc             		 0.2
RW_nuti             		 0.199997
RW_nutcg            		 0.499994
RW_nutig            		 0.499994
RW_psit             		 0.2
RWEAA_rerbar        		 1.02028
RWEAB_rerbar        		 1.02028
RWEAC_rerbar        		 1.02028
RWEAD_rerbar        		 1.02028
RWEAE_rerbar        		 1.02028
RWEAF_rerbar        		 1.02028
RWEAG_rerbar        		 1.02028
RWEAH_rerbar        		 1.02028
RWEAI_rerbar        		 1.02028
RWEAJ_rerbar        		 1.02028
RWEAK_rerbar        		 1.02028
RWEAL_rerbar        		 1.02295
RWUS_rerbar         		 1.33175
RW_pibar            		 0.970593
RW_psinbar          		 0.17548
RW_psitbar          		 0.495568
RW_pybar            		 0.992962
RW_qbar             		 0.970593
RW_trybar           		 0.00807455
RW_ybar             		 4.67135
RW_ynbar            		 2.1935
RW_ytbar            		 2.47784
USEAA_excy          		 0.00729736
USEAB_excy          		 0.00729736
USEAC_excy          		 0.00729736
USEAD_excy          		 0.00729736
USEAE_excy          		 0.00729736
USEAF_excy          		 0.00729736
USEAG_excy          		 0.00729736
USEAH_excy          		 0.00729736
USEAI_excy          		 0.00729736
USEAJ_excy          		 0.00729736
USEAK_excy          		 0.00729736
USEAL_excy          		 0.00743397
USRW_excy           		 0.00561429
USEAA_exiy          		 0.00349506
USEAB_exiy          		 0.00349506
USEAC_exiy          		 0.00349506
USEAD_exiy          		 0.00349506
USEAE_exiy          		 0.00349506
USEAF_exiy          		 0.00349506
USEAG_exiy          		 0.00349506
USEAH_exiy          		 0.00349506
USEAI_exiy          		 0.00349506
USEAJ_exiy          		 0.00349506
USEAK_exiy          		 0.00349506
USEAL_exiy          		 0.00350838
USRW_exiy           		 0.00442183
US_fx               		 2.70235
USEAA_gammaimc      		 0
USEAB_gammaimc      		 0
USEAC_gammaimc      		 0
USEAD_gammaimc      		 0
USEAE_gammaimc      		 0
USEAF_gammaimc      		 0
USEAG_gammaimc      		 0
USEAH_gammaimc      		 0
USEAI_gammaimc      		 0
USEAJ_gammaimc      		 0
USEAK_gammaimc      		 0
USEAL_gammaimc      		 0
USRW_gammaimc       		 0
USEAA_gammaimcdag   		 1
USEAB_gammaimcdag   		 1
USEAC_gammaimcdag   		 1
USEAD_gammaimcdag   		 1
USEAE_gammaimcdag   		 1
USEAF_gammaimcdag   		 1
USEAG_gammaimcdag   		 1
USEAH_gammaimcdag   		 1
USEAI_gammaimcdag   		 1
USEAJ_gammaimcdag   		 1
USEAK_gammaimcdag   		 1
USEAL_gammaimcdag   		 1
USRW_gammaimcdag    		 1
USEAA_gammaimi      		 0
USEAB_gammaimi      		 0
USEAC_gammaimi      		 0
USEAD_gammaimi      		 0
USEAE_gammaimi      		 0
USEAF_gammaimi      		 0
USEAG_gammaimi      		 0
USEAH_gammaimi      		 0
USEAI_gammaimi      		 0
USEAJ_gammaimi      		 0
USEAK_gammaimi      		 0
USEAL_gammaimi      		 0
USRW_gammaimi       		 0
USEAA_gammaimidag   		 1
USEAB_gammaimidag   		 1
USEAC_gammaimidag   		 1
USEAD_gammaimidag   		 1
USEAE_gammaimidag   		 1
USEAF_gammaimidag   		 1
USEAG_gammaimidag   		 1
USEAH_gammaimidag   		 1
USEAI_gammaimidag   		 1
USEAJ_gammaimidag   		 1
USEAK_gammaimidag   		 1
USEAL_gammaimidag   		 1
USRW_gammaimidag    		 1
USEAA_gammaimcg     		 0
USEAB_gammaimcg     		 0
USEAC_gammaimcg     		 0
USEAD_gammaimcg     		 0
USEAE_gammaimcg     		 0
USEAF_gammaimcg     		 0
USEAG_gammaimcg     		 0
USEAH_gammaimcg     		 0
USEAI_gammaimcg     		 0
USEAJ_gammaimcg     		 0
USEAK_gammaimcg     		 0
USEAL_gammaimcg     		 0
USRW_gammaimcg      		 0
USEAA_gammaimcgdag  		 1
USEAB_gammaimcgdag  		 1
USEAC_gammaimcgdag  		 1
USEAD_gammaimcgdag  		 1
USEAE_gammaimcgdag  		 1
USEAF_gammaimcgdag  		 1
USEAG_gammaimcgdag  		 1
USEAH_gammaimcgdag  		 1
USEAI_gammaimcgdag  		 1
USEAJ_gammaimcgdag  		 1
USEAK_gammaimcgdag  		 1
USEAL_gammaimcgdag  		 1
USRW_gammaimcgdag   		 1
USEAA_gammaimig     		 0
USEAB_gammaimig     		 0
USEAC_gammaimig     		 0
USEAD_gammaimig     		 0
USEAE_gammaimig     		 0
USEAF_gammaimig     		 0
USEAG_gammaimig     		 0
USEAH_gammaimig     		 0
USEAI_gammaimig     		 0
USEAJ_gammaimig     		 0
USEAK_gammaimig     		 0
USEAL_gammaimig     		 0
USRW_gammaimig      		 0
USEAA_gammaimigdag  		 1
USEAB_gammaimigdag  		 1
USEAC_gammaimigdag  		 1
USEAD_gammaimigdag  		 1
USEAE_gammaimigdag  		 1
USEAF_gammaimigdag  		 1
USEAG_gammaimigdag  		 1
USEAH_gammaimigdag  		 1
USEAI_gammaimigdag  		 1
USEAJ_gammaimigdag  		 1
USEAK_gammaimigdag  		 1
USEAL_gammaimigdag  		 1
USRW_gammaimigdag   		 1
US_gx               		 3.24281
USEAA_im            		 0.0944849
USEAB_im            		 0.0944849
USEAC_im            		 0.0944849
USEAD_im            		 0.0944849
USEAE_im            		 0.0944849
USEAF_im            		 0.0944849
USEAG_im            		 0.0944849
USEAH_im            		 0.0944849
USEAI_im            		 0.0944849
USEAJ_im            		 0.0944849
USEAK_im            		 0.0944849
USEAL_im            		 0.0931582
USRW_im             		 0.0863906
USEAA_imc           		 0.0238832
USEAB_imc           		 0.0238832
USEAC_imc           		 0.0238832
USEAD_imc           		 0.0238832
USEAE_imc           		 0.0238832
USEAF_imc           		 0.0238832
USEAG_imc           		 0.0238832
USEAH_imc           		 0.0238832
USEAI_imc           		 0.0238832
USEAJ_imc           		 0.0238832
USEAK_imc           		 0.0238832
USEAL_imc           		 0.0235479
USRW_imc            		 0.0218372
USEAL_imcy          		 0.00344353
USEAA_imi           		 0.0189621
USEAB_imi           		 0.0189621
USEAC_imi           		 0.0189621
USEAD_imi           		 0.0189621
USEAE_imi           		 0.0189621
USEAF_imi           		 0.0189621
USEAG_imi           		 0.0189621
USEAH_imi           		 0.0189621
USEAI_imi           		 0.0189621
USEAJ_imi           		 0.0189621
USEAK_imi           		 0.0189621
USEAL_imi           		 0.0186959
USRW_imi            		 0.0173377
USEAL_imiy          		 0.002734
USEAA_imcg          		 0.0413116
USEAB_imcg          		 0.0413116
USEAC_imcg          		 0.0413116
USEAD_imcg          		 0.0413116
USEAE_imcg          		 0.0413116
USEAF_imcg          		 0.0413116
USEAG_imcg          		 0.0413116
USEAH_imcg          		 0.0413116
USEAI_imcg          		 0.0413116
USEAJ_imcg          		 0.0413116
USEAK_imcg          		 0.0413116
USEAL_imcg          		 0.0407316
USRW_imcg           		 0.0377725
USEAL_imcgy         		 0.00595639
USEAA_imig          		 0.0103279
USEAB_imig          		 0.0103279
USEAC_imig          		 0.0103279
USEAD_imig          		 0.0103279
USEAE_imig          		 0.0103279
USEAF_imig          		 0.0103279
USEAG_imig          		 0.0103279
USEAH_imig          		 0.0103279
USEAI_imig          		 0.0103279
USEAJ_imig          		 0.0103279
USEAK_imig          		 0.0103279
USEAL_imig          		 0.0101829
USRW_imig           		 0.00944314
USEAL_imigy         		 0.0014891
US_piex             		 1.00496
US_pextilde         		 0.980398
USEAA_rer           		 0.766116
USEAB_rer           		 0.766116
USEAC_rer           		 0.766116
USEAD_rer           		 0.766116
USEAE_rer           		 0.766116
USEAF_rer           		 0.766116
USEAG_rer           		 0.766116
USEAH_rer           		 0.766116
USEAI_rer           		 0.766116
USEAJ_rer           		 0.766116
USEAK_rer           		 0.766116
USEAL_rer           		 0.768124
USRW_rer            		 0.750891
US_sx               		 1
USEAA_tot           		 0.712087
USEAB_tot           		 0.712087
USEAC_tot           		 0.712087
USEAD_tot           		 0.712087
USEAE_tot           		 0.712087
USEAF_tot           		 0.712087
USEAG_tot           		 0.712087
USEAH_tot           		 0.712087
USEAI_tot           		 0.712087
USEAJ_tot           		 0.712087
USEAK_tot           		 0.712087
USEAL_tot           		 0.716127
USRW_tot            		 0.738051
USEAA_weight        		 0.0770534
USEAB_weight        		 0.0770534
USEAC_weight        		 0.0770534
USEAD_weight        		 0.0770534
USEAE_weight        		 0.0770534
USEAF_weight        		 0.0770534
USEAG_weight        		 0.0770534
USEAH_weight        		 0.0770534
USEAI_weight        		 0.0770534
USEAJ_weight        		 0.0770534
USEAK_weight        		 0.0770534
USEAL_weight        		 0.0767319
USRW_weight         		 0.0756827
USEAA_weightex      		 0.0768151
USEAB_weightex      		 0.0768151
USEAC_weightex      		 0.0768151
USEAD_weightex      		 0.0768151
USEAE_weightex      		 0.0768151
USEAF_weightex      		 0.0768151
USEAG_weightex      		 0.0768151
USEAH_weightex      		 0.0768151
USEAI_weightex      		 0.0768151
USEAJ_weightex      		 0.0768151
USEAK_weightex      		 0.0768151
USEAL_weightex      		 0.0768351
USRW_weightex       		 0.0781983
USEAA_weightim      		 0.0772847
USEAB_weightim      		 0.0772847
USEAC_weightim      		 0.0772847
USEAD_weightim      		 0.0772847
USEAE_weightim      		 0.0772847
USEAF_weightim      		 0.0772847
USEAG_weightim      		 0.0772847
USEAH_weightim      		 0.0772847
USEAI_weightim      		 0.0772847
USEAJ_weightim      		 0.0772847
USEAK_weightim      		 0.0772847
USEAL_weightim      		 0.0766317
USRW_weightim       		 0.0732404
US_b                		 11.5226
US_bf               		 2.02975
US_by               		 2.4
US_c                		 2.83946
US_ci               		 3.38104
US_cj               		 1.21473
US_cy               		 0.59142
US_d                		 0.366347
US_dn               		 0.366347
US_dt               		 3.55179e-07
US_etot             		 0.71433
US_ex               		 0.845177
US_fh               		 5.23646
US_fi               		 5382.26
US_fj               		 199.343
US_fn               		 7.24915
US_cg               		 0.897869
US_gammai           		 0
US_gammaider        		 0
US_gammau           		 0
US_gammauder        		 0.0324171
US_gammav           		 0.000286837
US_gammavi          		 0.000101018
US_gammavider       		 0.00216519
US_gammavj          		 0.000101018
US_gammavjder       		 0.00216519
US_gh               		 6.28375
US_gi               		 30.7258
US_gj               		 28.5071
US_gn               		 9.2628
US_cgy              		 0.16
US_ht               		 1.63774
US_htc              		 0.752806
US_hti              		 0.597691
US_htcg             		 0.229792
US_htig             		 0.057448
US_i                		 1.07896
US_ig               		 0.224467
US_ii               		 1.43861
US_im               		 1.21875
US_imc              		 0.308067
US_imi              		 0.24459
US_imcg             		 0.532874
US_imig             		 0.133218
US_imy              		 0.177773
US_internalrer      		 1.13361
US_igy              		 0.04
US_k                		 43.1583
US_kd               		 43.1583
US_kdn              		 19.4686
US_kdt              		 23.6897
US_ki               		 57.5444
US_lambdai          		 0.91096
US_lambdaj          		 2.53554
US_lcy              		 0.646587
US_m                		 1.19305
US_mcn              		 0.816998
US_mct              		 0.816998
US_mi               		 1.4206
US_mj               		 0.510391
US_nd               		 2.23231
US_ndi              		 0.92602
US_ndj              		 1.39246
US_ndn              		 1.00699
US_ndt              		 1.22532
US_ni               		 0.92602
US_nj               		 1.39246
US_nt               		 2.26722
US_ntc              		 1.80657
US_nti              		 0.257444
US_ntcg             		 0.162565
US_ntig             		 0.0406414
US_pex              		 0.980398
US_pht              		 0.980398
US_phttilde         		 0.980398
US_pi               		 0.950937
US_pcg              		 0.855553
US_pig              		 0.855553
US_pic              		 1.00496
US_pic4             		 1.02
US_piex4            		 1.02
US_piht             		 1.00496
US_piimc            		 1.00496
US_piimi            		 1.00496
US_piimcg           		 1.00496
US_piimig           		 1.00496
US_piimc4           		 1.02
US_pim              		 0.70031
US_pimc             		 0.700312
US_pimi             		 0.700312
US_pimcg            		 0.700312
US_pimig            		 0.700312
US_pint             		 1.00496
US_piw              		 1.00496
US_piw4             		 1.02
US_pnt              		 1.04394
US_pnttilde         		 1.04394
US_pttc             		 0.920899
US_ptti             		 0.920899
US_pttcg            		 0.811382
US_pttig            		 0.811382
US_py               		 1.01073
US_q                		 0.950937
US_qc               		 2.83975
US_qi               		 1.07896
US_qcg              		 0.897869
US_qig              		 0.224467
US_r                		 1.01242
US_reer             		 0.765107
US_rer              		 1
US_rk               		 0.0308266
US_rr               		 1.00742
US_rrstar           		 1.00742
US_sh               		 1
US_si               		 1
US_sj               		 1
US_snt              		 1
US_t                		 0
US_tauc             		 0.077
US_taud             		 0
US_tauk             		 0
US_taun             		 0.154
US_tauwf            		 0.071
US_tauwh            		 0.071
US_tb               		 -0.0248957
US_tby              		 -0.00518543
US_ti               		 0
US_tj               		 0
US_tr               		 0.0378549
US_tri              		 0.0252366
US_trj              		 0.0757098
US_try              		 0.00792896
US_ttc              		 1.03572
US_tti              		 0.82231
US_ttcg             		 0.737588
US_ttig             		 0.184397
US_ty               		 0
US_u                		 1
US_utili            		 -34.0214
US_utilj            		 -259.345
US_vj               		 2.38
US_w                		 1.29844
US_wcst             		 0
US_whty             		 0.653595
US_wi               		 1.40896
US_witilde          		 1.40896
US_wj               		 1.1446
US_wjtilde          		 1.1446
US_wnty             		 0.55243
US_wy               		 0.603722
US_y                		 4.75014
US_ygap             		 0
US_ygrowth          		 1
US_ygrowth4         		 1
US_yhty             		 0.507019
US_ynty             		 0.492981
US_yshare           		 0.116772
US_ysn              		 2.26722
US_yst              		 2.48291
US_zcon             		 1
US_zinv             		 1
US_zn               		 1
US_zt               		 1
US_gammav1          		 0.0287061
US_gammav2          		 0.150338
US_nutc             		 0.849996
US_nuti             		 0.849996
US_nutcg            		 0.499993
US_nutig            		 0.499993
US_psit             		 0.2
USEAA_rerbar        		 0.766116
USEAB_rerbar        		 0.766116
USEAC_rerbar        		 0.766116
USEAD_rerbar        		 0.766116
USEAE_rerbar        		 0.766116
USEAF_rerbar        		 0.766116
USEAG_rerbar        		 0.766116
USEAH_rerbar        		 0.766116
USEAI_rerbar        		 0.766116
USEAJ_rerbar        		 0.766116
USEAK_rerbar        		 0.766116
USEAL_rerbar        		 0.768124
USRW_rerbar         		 0.750891
US_pibar            		 0.950937
US_psinbar          		 0.181378
US_psitbar          		 0.496582
US_pybar            		 1.01073
US_qbar             		 0.950937
US_trybar           		 0.00788465
US_ybar             		 4.75014
US_ynbar            		 2.26722
US_ytbar            		 2.48291
EAAEAB_numc         		 0.0769235
EAAEAB_numi         		 0.0769235
EAAEAB_numcg        		 0.0769235
EAAEAB_numig        		 0.0769235
EAAEAC_numc         		 0.0769235
EAAEAC_numi         		 0.0769235
EAAEAC_numcg        		 0.0769235
EAAEAC_numig        		 0.0769235
EAAEAD_numc         		 0.0769235
EAAEAD_numi         		 0.0769235
EAAEAD_numcg        		 0.0769235
EAAEAD_numig        		 0.0769235
EAAEAE_numc         		 0.0769235
EAAEAE_numi         		 0.0769235
EAAEAE_numcg        		 0.0769235
EAAEAE_numig        		 0.0769235
EAAEAF_numc         		 0.0769235
EAAEAF_numi         		 0.0769235
EAAEAF_numcg        		 0.0769235
EAAEAF_numig        		 0.0769235
EAAEAG_numc         		 0.0769235
EAAEAG_numi         		 0.0769235
EAAEAG_numcg        		 0.0769235
EAAEAG_numig        		 0.0769235
EAAEAH_numc         		 0.0769235
EAAEAH_numi         		 0.0769235
EAAEAH_numcg        		 0.0769235
EAAEAH_numig        		 0.0769235
EAAEAI_numc         		 0.0769235
EAAEAI_numi         		 0.0769235
EAAEAI_numcg        		 0.0769235
EAAEAI_numig        		 0.0769235
EAAEAJ_numc         		 0.0769235
EAAEAJ_numi         		 0.0769235
EAAEAJ_numcg        		 0.0769235
EAAEAJ_numig        		 0.0769235
EAAEAK_numc         		 0.0769235
EAAEAK_numi         		 0.0769235
EAAEAK_numcg        		 0.0769235
EAAEAK_numig        		 0.0769235
EAAEAL_numc         		 0.0769234
EAAEAL_numi         		 0.0769234
EAAEAL_numcg        		 0.0769234
EAAEAL_numig        		 0.0769234
EAAUS_numc          		 0.0769208
EAAUS_numi          		 0.0769208
EAAUS_numcg         		 0.0769208
EAAUS_numig         		 0.0769208
EABEAA_numc         		 0.0769235
EABEAA_numi         		 0.0769235
EABEAA_numcg        		 0.0769235
EABEAA_numig        		 0.0769235
EABEAC_numc         		 0.0769235
EABEAC_numi         		 0.0769235
EABEAC_numcg        		 0.0769235
EABEAC_numig        		 0.0769235
EABEAD_numc         		 0.0769235
EABEAD_numi         		 0.0769235
EABEAD_numcg        		 0.0769235
EABEAD_numig        		 0.0769235
EABEAE_numc         		 0.0769235
EABEAE_numi         		 0.0769235
EABEAE_numcg        		 0.0769235
EABEAE_numig        		 0.0769235
EABEAF_numc         		 0.0769235
EABEAF_numi         		 0.0769235
EABEAF_numcg        		 0.0769235
EABEAF_numig        		 0.0769235
EABEAG_numc         		 0.0769235
EABEAG_numi         		 0.0769235
EABEAG_numcg        		 0.0769235
EABEAG_numig        		 0.0769235
EABEAH_numc         		 0.0769235
EABEAH_numi         		 0.0769235
EABEAH_numcg        		 0.0769235
EABEAH_numig        		 0.0769235
EABEAI_numc         		 0.0769235
EABEAI_numi         		 0.0769235
EABEAI_numcg        		 0.0769235
EABEAI_numig        		 0.0769235
EABEAJ_numc         		 0.0769235
EABEAJ_numi         		 0.0769235
EABEAJ_numcg        		 0.0769235
EABEAJ_numig        		 0.0769235
EABEAK_numc         		 0.0769235
EABEAK_numi         		 0.0769235
EABEAK_numcg        		 0.0769235
EABEAK_numig        		 0.0769235
EABEAL_numc         		 0.0769234
EABEAL_numi         		 0.0769234
EABEAL_numcg        		 0.0769234
EABEAL_numig        		 0.0769234
EABRW_numc          		 0.0769212
EABRW_numi          		 0.0769212
EABRW_numcg         		 0.0769212
EABRW_numig         		 0.0769212
EACEAB_numc         		 0.0769235
EACEAB_numi         		 0.0769235
EACEAB_numcg        		 0.0769235
EACEAB_numig        		 0.0769235
EACEAD_numc         		 0.0769235
EACEAD_numi         		 0.0769235
EACEAD_numcg        		 0.0769235
EACEAD_numig        		 0.0769235
EACEAE_numc         		 0.0769235
EACEAE_numi         		 0.0769235
EACEAE_numcg        		 0.0769235
EACEAE_numig        		 0.0769235
EACEAF_numc         		 0.0769235
EACEAF_numi         		 0.0769235
EACEAF_numcg        		 0.0769235
EACEAF_numig        		 0.0769235
EACEAG_numc         		 0.0769235
EACEAG_numi         		 0.0769235
EACEAG_numcg        		 0.0769235
EACEAG_numig        		 0.0769235
EACEAH_numc         		 0.0769235
EACEAH_numi         		 0.0769235
EACEAH_numcg        		 0.0769235
EACEAH_numig        		 0.0769235
EACEAI_numc         		 0.0769235
EACEAI_numi         		 0.0769235
EACEAI_numcg        		 0.0769235
EACEAI_numig        		 0.0769235
EACEAJ_numc         		 0.0769235
EACEAJ_numi         		 0.0769235
EACEAJ_numcg        		 0.0769235
EACEAJ_numig        		 0.0769235
EACEAK_numc         		 0.0769235
EACEAK_numi         		 0.0769235
EACEAK_numcg        		 0.0769235
EACEAK_numig        		 0.0769235
EACEAL_numc         		 0.0769234
EACEAL_numi         		 0.0769234
EACEAL_numcg        		 0.0769234
EACEAL_numig        		 0.0769234
EACRW_numc          		 0.0769212
EACRW_numi          		 0.0769212
EACRW_numcg         		 0.0769212
EACRW_numig         		 0.0769212
EACUS_numc          		 0.0769208
EACUS_numi          		 0.0769208
EACUS_numcg         		 0.0769208
EACUS_numig         		 0.0769208
EADEAA_numc         		 0.0769235
EADEAA_numi         		 0.0769235
EADEAA_numcg        		 0.0769235
EADEAA_numig        		 0.0769235
EADEAC_numc         		 0.0769235
EADEAC_numi         		 0.0769235
EADEAC_numcg        		 0.0769235
EADEAC_numig        		 0.0769235
EADEAE_numc         		 0.0769235
EADEAE_numi         		 0.0769235
EADEAE_numcg        		 0.0769235
EADEAE_numig        		 0.0769235
EADEAF_numc         		 0.0769235
EADEAF_numi         		 0.0769235
EADEAF_numcg        		 0.0769235
EADEAF_numig        		 0.0769235
EADEAG_numc         		 0.0769235
EADEAG_numi         		 0.0769235
EADEAG_numcg        		 0.0769235
EADEAG_numig        		 0.0769235
EADEAH_numc         		 0.0769235
EADEAH_numi         		 0.0769235
EADEAH_numcg        		 0.0769235
EADEAH_numig        		 0.0769235
EADEAI_numc         		 0.0769235
EADEAI_numi         		 0.0769235
EADEAI_numcg        		 0.0769235
EADEAI_numig        		 0.0769235
EADEAJ_numc         		 0.0769235
EADEAJ_numi         		 0.0769235
EADEAJ_numcg        		 0.0769235
EADEAJ_numig        		 0.0769235
EADEAK_numc         		 0.0769235
EADEAK_numi         		 0.0769235
EADEAK_numcg        		 0.0769235
EADEAK_numig        		 0.0769235
EADEAL_numc         		 0.0769234
EADEAL_numi         		 0.0769234
EADEAL_numcg        		 0.0769234
EADEAL_numig        		 0.0769234
EADRW_numc          		 0.0769212
EADRW_numi          		 0.0769212
EADRW_numcg         		 0.0769212
EADRW_numig         		 0.0769212
EADUS_numc          		 0.0769208
EADUS_numi          		 0.0769208
EADUS_numcg         		 0.0769208
EADUS_numig         		 0.0769208
EAEEAA_numc         		 0.0769235
EAEEAA_numi         		 0.0769235
EAEEAA_numcg        		 0.0769235
EAEEAA_numig        		 0.0769235
EAEEAB_numc         		 0.0769235
EAEEAB_numi         		 0.0769235
EAEEAB_numcg        		 0.0769235
EAEEAB_numig        		 0.0769235
EAEEAD_numc         		 0.0769235
EAEEAD_numi         		 0.0769235
EAEEAD_numcg        		 0.0769235
EAEEAD_numig        		 0.0769235
EAEEAF_numc         		 0.0769235
EAEEAF_numi         		 0.0769235
EAEEAF_numcg        		 0.0769235
EAEEAF_numig        		 0.0769235
EAEEAG_numc         		 0.0769235
EAEEAG_numi         		 0.0769235
EAEEAG_numcg        		 0.0769235
EAEEAG_numig        		 0.0769235
EAEEAH_numc         		 0.0769235
EAEEAH_numi         		 0.0769235
EAEEAH_numcg        		 0.0769235
EAEEAH_numig        		 0.0769235
EAEEAI_numc         		 0.0769235
EAEEAI_numi         		 0.0769235
EAEEAI_numcg        		 0.0769235
EAEEAI_numig        		 0.0769235
EAEEAJ_numc         		 0.0769235
EAEEAJ_numi         		 0.0769235
EAEEAJ_numcg        		 0.0769235
EAEEAJ_numig        		 0.0769235
EAEEAK_numc         		 0.0769235
EAEEAK_numi         		 0.0769235
EAEEAK_numcg        		 0.0769235
EAEEAK_numig        		 0.0769235
EAEEAL_numc         		 0.0769234
EAEEAL_numi         		 0.0769234
EAEEAL_numcg        		 0.0769234
EAEEAL_numig        		 0.0769234
EAERW_numc          		 0.0769212
EAERW_numi          		 0.0769212
EAERW_numcg         		 0.0769212
EAERW_numig         		 0.0769212
EAEUS_numc          		 0.0769208
EAEUS_numi          		 0.0769208
EAEUS_numcg         		 0.0769208
EAEUS_numig         		 0.0769208
EAFEAA_numc         		 0.0769235
EAFEAA_numi         		 0.0769235
EAFEAA_numcg        		 0.0769235
EAFEAA_numig        		 0.0769235
EAFEAB_numc         		 0.0769235
EAFEAB_numi         		 0.0769235
EAFEAB_numcg        		 0.0769235
EAFEAB_numig        		 0.0769235
EAFEAC_numc         		 0.0769235
EAFEAC_numi         		 0.0769235
EAFEAC_numcg        		 0.0769235
EAFEAC_numig        		 0.0769235
EAFEAE_numc         		 0.0769235
EAFEAE_numi         		 0.0769235
EAFEAE_numcg        		 0.0769235
EAFEAE_numig        		 0.0769235
EAFEAG_numc         		 0.0769235
EAFEAG_numi         		 0.0769235
EAFEAG_numcg        		 0.0769235
EAFEAG_numig        		 0.0769235
EAFEAH_numc         		 0.0769235
EAFEAH_numi         		 0.0769235
EAFEAH_numcg        		 0.0769235
EAFEAH_numig        		 0.0769235
EAFEAI_numc         		 0.0769235
EAFEAI_numi         		 0.0769235
EAFEAI_numcg        		 0.0769235
EAFEAI_numig        		 0.0769235
EAFEAJ_numc         		 0.0769235
EAFEAJ_numi         		 0.0769235
EAFEAJ_numcg        		 0.0769235
EAFEAJ_numig        		 0.0769235
EAFEAK_numc         		 0.0769235
EAFEAK_numi         		 0.0769235
EAFEAK_numcg        		 0.0769235
EAFEAK_numig        		 0.0769235
EAFEAL_numc         		 0.0769234
EAFEAL_numi         		 0.0769234
EAFEAL_numcg        		 0.0769234
EAFEAL_numig        		 0.0769234
EAFRW_numc          		 0.0769212
EAFRW_numi          		 0.0769212
EAFRW_numcg         		 0.0769212
EAFRW_numig         		 0.0769212
EAFUS_numc          		 0.0769208
EAFUS_numi          		 0.0769208
EAFUS_numcg         		 0.0769208
EAFUS_numig         		 0.0769208
EAGEAA_numc         		 0.0769235
EAGEAA_numi         		 0.0769235
EAGEAA_numcg        		 0.0769235
EAGEAA_numig        		 0.0769235
EAGEAB_numc         		 0.0769235
EAGEAB_numi         		 0.0769235
EAGEAB_numcg        		 0.0769235
EAGEAB_numig        		 0.0769235
EAGEAC_numc         		 0.0769235
EAGEAC_numi         		 0.0769235
EAGEAC_numcg        		 0.0769235
EAGEAC_numig        		 0.0769235
EAGEAD_numc         		 0.0769235
EAGEAD_numi         		 0.0769235
EAGEAD_numcg        		 0.0769235
EAGEAD_numig        		 0.0769235
EAGEAF_numc         		 0.0769235
EAGEAF_numi         		 0.0769235
EAGEAF_numcg        		 0.0769235
EAGEAF_numig        		 0.0769235
EAGEAH_numc         		 0.0769235
EAGEAH_numi         		 0.0769235
EAGEAH_numcg        		 0.0769235
EAGEAH_numig        		 0.0769235
EAGEAI_numc         		 0.0769235
EAGEAI_numi         		 0.0769235
EAGEAI_numcg        		 0.0769235
EAGEAI_numig        		 0.0769235
EAGEAJ_numc         		 0.0769235
EAGEAJ_numi         		 0.0769235
EAGEAJ_numcg        		 0.0769235
EAGEAJ_numig        		 0.0769235
EAGEAK_numc         		 0.0769235
EAGEAK_numi         		 0.0769235
EAGEAK_numcg        		 0.0769235
EAGEAK_numig        		 0.0769235
EAGEAL_numc         		 0.0769234
EAGEAL_numi         		 0.0769234
EAGEAL_numcg        		 0.0769234
EAGEAL_numig        		 0.0769234
EAGRW_numc          		 0.0769212
EAGRW_numi          		 0.0769212
EAGRW_numcg         		 0.0769212
EAGRW_numig         		 0.0769212
EAGUS_numc          		 0.0769208
EAGUS_numi          		 0.0769208
EAGUS_numcg         		 0.0769208
EAGUS_numig         		 0.0769208
EAHEAA_numc         		 0.0769235
EAHEAA_numi         		 0.0769235
EAHEAA_numcg        		 0.0769235
EAHEAA_numig        		 0.0769235
EAHEAB_numc         		 0.0769235
EAHEAB_numi         		 0.0769235
EAHEAB_numcg        		 0.0769235
EAHEAB_numig        		 0.0769235
EAHEAC_numc         		 0.0769235
EAHEAC_numi         		 0.0769235
EAHEAC_numcg        		 0.0769235
EAHEAC_numig        		 0.0769235
EAHEAD_numc         		 0.0769235
EAHEAD_numi         		 0.0769235
EAHEAD_numcg        		 0.0769235
EAHEAD_numig        		 0.0769235
EAHEAE_numc         		 0.0769235
EAHEAE_numi         		 0.0769235
EAHEAE_numcg        		 0.0769235
EAHEAE_numig        		 0.0769235
EAHEAG_numc         		 0.0769235
EAHEAG_numi         		 0.0769235
EAHEAG_numcg        		 0.0769235
EAHEAG_numig        		 0.0769235
EAHEAI_numc         		 0.0769235
EAHEAI_numi         		 0.0769235
EAHEAI_numcg        		 0.0769235
EAHEAI_numig        		 0.0769235
EAHEAJ_numc         		 0.0769235
EAHEAJ_numi         		 0.0769235
EAHEAJ_numcg        		 0.0769235
EAHEAJ_numig        		 0.0769235
EAHEAK_numc         		 0.0769235
EAHEAK_numi         		 0.0769235
EAHEAK_numcg        		 0.0769235
EAHEAK_numig        		 0.0769235
EAHEAL_numc         		 0.0769234
EAHEAL_numi         		 0.0769234
EAHEAL_numcg        		 0.0769234
EAHEAL_numig        		 0.0769234
EAHRW_numc          		 0.0769212
EAHRW_numi          		 0.0769212
EAHRW_numcg         		 0.0769212
EAHRW_numig         		 0.0769212
EAHUS_numc          		 0.0769208
EAHUS_numi          		 0.0769208
EAHUS_numcg         		 0.0769208
EAHUS_numig         		 0.0769208
EAIEAA_numc         		 0.0769235
EAIEAA_numi         		 0.0769235
EAIEAA_numcg        		 0.0769235
EAIEAA_numig        		 0.0769235
EAIEAB_numc         		 0.0769235
EAIEAB_numi         		 0.0769235
EAIEAB_numcg        		 0.0769235
EAIEAB_numig        		 0.0769235
EAIEAC_numc         		 0.0769235
EAIEAC_numi         		 0.0769235
EAIEAC_numcg        		 0.0769235
EAIEAC_numig        		 0.0769235
EAIEAD_numc         		 0.0769235
EAIEAD_numi         		 0.0769235
EAIEAD_numcg        		 0.0769235
EAIEAD_numig        		 0.0769235
EAIEAE_numc         		 0.0769235
EAIEAE_numi         		 0.0769235
EAIEAE_numcg        		 0.0769235
EAIEAE_numig        		 0.0769235
EAIEAF_numc         		 0.0769235
EAIEAF_numi         		 0.0769235
EAIEAF_numcg        		 0.0769235
EAIEAF_numig        		 0.0769235
EAIEAH_numc         		 0.0769235
EAIEAH_numi         		 0.0769235
EAIEAH_numcg        		 0.0769235
EAIEAH_numig        		 0.0769235
EAIEAJ_numc         		 0.0769235
EAIEAJ_numi         		 0.0769235
EAIEAJ_numcg        		 0.0769235
EAIEAJ_numig        		 0.0769235
EAIEAK_numc         		 0.0769235
EAIEAK_numi         		 0.0769235
EAIEAK_numcg        		 0.0769235
EAIEAK_numig        		 0.0769235
EAIEAL_numc         		 0.0769234
EAIEAL_numi         		 0.0769234
EAIEAL_numcg        		 0.0769234
EAIEAL_numig        		 0.0769234
EAIRW_numc          		 0.0769212
EAIRW_numi          		 0.0769212
EAIRW_numcg         		 0.0769212
EAIRW_numig         		 0.0769212
EAIUS_numc          		 0.0769208
EAIUS_numi          		 0.0769208
EAIUS_numcg         		 0.0769208
EAIUS_numig         		 0.0769208
EAJEAA_numc         		 0.0769235
EAJEAA_numi         		 0.0769235
EAJEAA_numcg        		 0.0769235
EAJEAA_numig        		 0.0769235
EAJEAB_numc         		 0.0769235
EAJEAB_numi         		 0.0769235
EAJEAB_numcg        		 0.0769235
EAJEAB_numig        		 0.0769235
EAJEAC_numc         		 0.0769235
EAJEAC_numi         		 0.0769235
EAJEAC_numcg        		 0.0769235
EAJEAC_numig        		 0.0769235
EAJEAD_numc         		 0.0769235
EAJEAD_numi         		 0.0769235
EAJEAD_numcg        		 0.0769235
EAJEAD_numig        		 0.0769235
EAJEAE_numc         		 0.0769235
EAJEAE_numi         		 0.0769235
EAJEAE_numcg        		 0.0769235
EAJEAE_numig        		 0.0769235
EAJEAF_numc         		 0.0769235
EAJEAF_numi         		 0.0769235
EAJEAF_numcg        		 0.0769235
EAJEAF_numig        		 0.0769235
EAJEAG_numc         		 0.0769235
EAJEAG_numi         		 0.0769235
EAJEAG_numcg        		 0.0769235
EAJEAG_numig        		 0.0769235
EAJEAI_numc         		 0.0769235
EAJEAI_numi         		 0.0769235
EAJEAI_numcg        		 0.0769235
EAJEAI_numig        		 0.0769235
EAJEAK_numc         		 0.0769235
EAJEAK_numi         		 0.0769235
EAJEAK_numcg        		 0.0769235
EAJEAK_numig        		 0.0769235
EAJEAL_numc         		 0.0769234
EAJEAL_numi         		 0.0769234
EAJEAL_numcg        		 0.0769234
EAJEAL_numig        		 0.0769234
EAJRW_numc          		 0.0769212
EAJRW_numi          		 0.0769212
EAJRW_numcg         		 0.0769212
EAJRW_numig         		 0.0769212
EAJUS_numc          		 0.0769208
EAJUS_numi          		 0.0769208
EAJUS_numcg         		 0.0769208
EAJUS_numig         		 0.0769208
EAKEAA_numc         		 0.0769235
EAKEAA_numi         		 0.0769235
EAKEAA_numcg        		 0.0769235
EAKEAA_numig        		 0.0769235
EAKEAB_numc         		 0.0769235
EAKEAB_numi         		 0.0769235
EAKEAB_numcg        		 0.0769235
EAKEAB_numig        		 0.0769235
EAKEAC_numc         		 0.0769235
EAKEAC_numi         		 0.0769235
EAKEAC_numcg        		 0.0769235
EAKEAC_numig        		 0.0769235
EAKEAD_numc         		 0.0769235
EAKEAD_numi         		 0.0769235
EAKEAD_numcg        		 0.0769235
EAKEAD_numig        		 0.0769235
EAKEAE_numc         		 0.0769235
EAKEAE_numi         		 0.0769235
EAKEAE_numcg        		 0.0769235
EAKEAE_numig        		 0.0769235
EAKEAF_numc         		 0.0769235
EAKEAF_numi         		 0.0769235
EAKEAF_numcg        		 0.0769235
EAKEAF_numig        		 0.0769235
EAKEAG_numc         		 0.0769235
EAKEAG_numi         		 0.0769235
EAKEAG_numcg        		 0.0769235
EAKEAG_numig        		 0.0769235
EAKEAH_numc         		 0.0769235
EAKEAH_numi         		 0.0769235
EAKEAH_numcg        		 0.0769235
EAKEAH_numig        		 0.0769235
EAKEAJ_numc         		 0.0769235
EAKEAJ_numi         		 0.0769235
EAKEAJ_numcg        		 0.0769235
EAKEAJ_numig        		 0.0769235
EAKEAL_numc         		 0.0769234
EAKEAL_numi         		 0.0769234
EAKEAL_numcg        		 0.0769234
EAKEAL_numig        		 0.0769234
EAKRW_numc          		 0.0769212
EAKRW_numi          		 0.0769212
EAKRW_numcg         		 0.0769212
EAKRW_numig         		 0.0769212
EAKUS_numc          		 0.0769208
EAKUS_numi          		 0.0769208
EAKUS_numcg         		 0.0769208
EAKUS_numig         		 0.0769208
EALEAA_numc         		 0.0769235
EALEAA_numi         		 0.0769235
EALEAA_numcg        		 0.0769235
EALEAA_numig        		 0.0769235
EALEAB_numc         		 0.0769235
EALEAB_numi         		 0.0769235
EALEAB_numcg        		 0.0769235
EALEAB_numig        		 0.0769235
EALEAC_numc         		 0.0769235
EALEAC_numi         		 0.0769235
EALEAC_numcg        		 0.0769235
EALEAC_numig        		 0.0769235
EALEAD_numc         		 0.0769235
EALEAD_numi         		 0.0769235
EALEAD_numcg        		 0.0769235
EALEAD_numig        		 0.0769235
EALEAE_numc         		 0.0769235
EALEAE_numi         		 0.0769235
EALEAE_numcg        		 0.0769235
EALEAE_numig        		 0.0769235
EALEAF_numc         		 0.0769235
EALEAF_numi         		 0.0769235
EALEAF_numcg        		 0.0769235
EALEAF_numig        		 0.0769235
EALEAG_numc         		 0.0769235
EALEAG_numi         		 0.0769235
EALEAG_numcg        		 0.0769235
EALEAG_numig        		 0.0769235
EALEAH_numc         		 0.0769235
EALEAH_numi         		 0.0769235
EALEAH_numcg        		 0.0769235
EALEAH_numig        		 0.0769235
EALEAI_numc         		 0.0769235
EALEAI_numi         		 0.0769235
EALEAI_numcg        		 0.0769235
EALEAI_numig        		 0.0769235
EALEAK_numc         		 0.0769235
EALEAK_numi         		 0.0769235
EALEAK_numcg        		 0.0769235
EALEAK_numig        		 0.0769235
EALRW_numc          		 0.0769212
EALRW_numi          		 0.0769212
EALRW_numcg         		 0.0769212
EALRW_numig         		 0.0769212
EALUS_numc          		 0.0769208
EALUS_numi          		 0.0769208
EALUS_numcg         		 0.0769208
EALUS_numig         		 0.0769208
RWEAA_numc          		 0.0769233
RWEAA_numi          		 0.0769233
RWEAA_numcg         		 0.0769233
RWEAA_numig         		 0.0769233
RWEAB_numc          		 0.0769233
RWEAB_numi          		 0.0769233
RWEAB_numcg         		 0.0769233
RWEAB_numig         		 0.0769233
RWEAC_numc          		 0.0769233
RWEAC_numi          		 0.0769233
RWEAC_numcg         		 0.0769233
RWEAC_numig         		 0.0769233
RWEAD_numc          		 0.0769233
RWEAD_numi          		 0.0769233
RWEAD_numcg         		 0.0769233
RWEAD_numig         		 0.0769233
RWEAE_numc          		 0.0769233
RWEAE_numi          		 0.0769233
RWEAE_numcg         		 0.0769233
RWEAE_numig         		 0.0769233
RWEAF_numc          		 0.0769233
RWEAF_numi          		 0.0769233
RWEAF_numcg         		 0.0769233
RWEAF_numig         		 0.0769233
RWEAG_numc          		 0.0769233
RWEAG_numi          		 0.0769233
RWEAG_numcg         		 0.0769233
RWEAG_numig         		 0.0769233
RWEAH_numc          		 0.0769233
RWEAH_numi          		 0.0769233
RWEAH_numcg         		 0.0769233
RWEAH_numig         		 0.0769233
RWEAI_numc          		 0.0769233
RWEAI_numi          		 0.0769233
RWEAI_numcg         		 0.0769233
RWEAI_numig         		 0.0769233
RWEAJ_numc          		 0.0769233
RWEAJ_numi          		 0.0769233
RWEAJ_numcg         		 0.0769233
RWEAJ_numig         		 0.0769233
RWEAL_numc          		 0.0769233
RWEAL_numi          		 0.0769233
RWEAL_numcg         		 0.0769233
RWEAL_numig         		 0.0769233
RWUS_numc           		 0.0769206
RWUS_numi           		 0.0769206
RWUS_numcg          		 0.0769206
RWUS_numig          		 0.0769206
USEAA_numc          		 0.0769233
USEAA_numi          		 0.0769233
USEAA_numcg         		 0.0769233
USEAA_numig         		 0.0769233
USEAB_numc          		 0.0769233
USEAB_numi          		 0.0769233
USEAB_numcg         		 0.0769233
USEAB_numig         		 0.0769233
USEAC_numc          		 0.0769233
USEAC_numi          		 0.0769233
USEAC_numcg         		 0.0769233
USEAC_numig         		 0.0769233
USEAD_numc          		 0.0769233
USEAD_numi          		 0.0769233
USEAD_numcg         		 0.0769233
USEAD_numig         		 0.0769233
USEAE_numc          		 0.0769233
USEAE_numi          		 0.0769233
USEAE_numcg         		 0.0769233
USEAE_numig         		 0.0769233
USEAF_numc          		 0.0769233
USEAF_numi          		 0.0769233
USEAF_numcg         		 0.0769233
USEAF_numig         		 0.0769233
USEAG_numc          		 0.0769233
USEAG_numi          		 0.0769233
USEAG_numcg         		 0.0769233
USEAG_numig         		 0.0769233
USEAH_numc          		 0.0769233
USEAH_numi          		 0.0769233
USEAH_numcg         		 0.0769233
USEAH_numig         		 0.0769233
USEAI_numc          		 0.0769233
USEAI_numi          		 0.0769233
USEAI_numcg         		 0.0769233
USEAI_numig         		 0.0769233
USEAJ_numc          		 0.0769233
USEAJ_numi          		 0.0769233
USEAJ_numcg         		 0.0769233
USEAJ_numig         		 0.0769233
USEAK_numc          		 0.0769233
USEAK_numi          		 0.0769233
USEAK_numcg         		 0.0769233
USEAK_numig         		 0.0769233
USRW_numc           		 0.076921
USRW_numi           		 0.076921
USRW_numcg          		 0.076921
USRW_numig          		 0.076921
EAAEAK_nerdep       		 1
EAA_gammabh         		 0
EABEAK_nerdep       		 1
EAB_gammabh         		 0
EACEAK_nerdep       		 1
EAC_gammabh         		 0
EADEAK_nerdep       		 1
EAD_gammabh         		 0
EAEEAK_nerdep       		 1
EAE_gammabh         		 0
EAFEAK_nerdep       		 1
EAF_gammabh         		 0
EAGEAK_nerdep       		 1
EAG_gammabh         		 0
EAHEAK_nerdep       		 1
EAH_gammabh         		 0
EAIEAK_nerdep       		 1
EAI_gammabh         		 0
EAJEAK_nerdep       		 1
EAJ_gammabh         		 0
EAA_bh              		 0
EAB_bh              		 0
EAC_bh              		 0
EAD_bh              		 0
EAE_bh              		 0
EAF_bh              		 1.64315e-16
EAG_bh              		 0
EAH_bh              		 0
EAI_bh              		 0
EAJ_bh              		 0
EAK_bh              		 -2.77556e-16
iy
HOMOTOPY mode 1: computing step 0/5...
HOMOTOPY mode 1: computing step 1/5...
MODEL STEADY STATE: (method=Sparse Gaussian Elimination)
------------------------------------
      Iteration no. 1
      Inf-norm error = 4.152e-03
      2-norm error   = 1.488e-02
      1-norm error   = 5.528e-02
------------------------------------
MODEL STEADY STATE: (method=Sparse Gaussian Elimination)
------------------------------------
      Iteration no. 2
      Inf-norm error = 7.479e-03
      2-norm error   = 1.421e-02
      1-norm error   = 5.661e-02
------------------------------------
MODEL STEADY STATE: (method=Sparse Gaussian Elimination)
------------------------------------
      Iteration no. 3
      Inf-norm error = 8.636e-03
      2-norm error   = 1.365e-02
      1-norm error   = 5.261e-02
------------------------------------
MODEL STEADY STATE: (method=Sparse Gaussian Elimination)
------------------------------------
      Iteration no. 4
      Inf-norm error = 9.114e-03
      2-norm error   = 1.299e-02
      1-norm error   = 4.828e-02
------------------------------------
MODEL STEADY STATE: (method=Sparse Gaussian Elimination)
------------------------------------
      Iteration no. 5
      Inf-norm error = 1.006e-02
      2-norm error   = 1.260e-02
      1-norm error   = 4.312e-02
------------------------------------
MODEL STEADY STATE: (method=Sparse Gaussian Elimination)
------------------------------------
      Iteration no. 6
      Inf-norm error = 1.106e-02
      2-norm error   = 1.242e-02
      1-norm error   = 3.664e-02
------------------------------------
MODEL STEADY STATE: (method=Sparse Gaussian Elimination)
------------------------------------
      Iteration no. 7
      Inf-norm error = 1.058e-02
      2-norm error   = 1.118e-02
      1-norm error   = 2.736e-02
------------------------------------
MODEL STEADY STATE: (method=Sparse Gaussian Elimination)
------------------------------------
      Iteration no. 8
      Inf-norm error = 6.927e-03
      2-norm error   = 7.062e-03
      1-norm error   = 1.086e-02
------------------------------------
HOMOTOPY mode 1: computing step 2/5...
MODEL STEADY STATE: (method=Sparse Gaussian Elimination)
------------------------------------
      Iteration no. 1
      Inf-norm error = 4.152e-03
      2-norm error   = 1.488e-02
      1-norm error   = 5.528e-02
------------------------------------
MODEL STEADY STATE: (method=Sparse Gaussian Elimination)
------------------------------------
      Iteration no. 2
      Inf-norm error = 7.539e-03
      2-norm error   = 1.421e-02
      1-norm error   = 5.619e-02
------------------------------------
MODEL STEADY STATE: (method=Sparse Gaussian Elimination)
------------------------------------
      Iteration no. 3
      Inf-norm error = 8.703e-03
      2-norm error   = 1.366e-02
      1-norm error   = 5.215e-02
------------------------------------
MODEL STEADY STATE: (method=Sparse Gaussian Elimination)
------------------------------------
      Iteration no. 4
      Inf-norm error = 9.183e-03
      2-norm error   = 1.300e-02
      1-norm error   = 4.780e-02
------------------------------------
MODEL STEADY STATE: (method=Sparse Gaussian Elimination)
------------------------------------
      Iteration no. 5
      Inf-norm error = 1.013e-02
      2-norm error   = 1.261e-02
      1-norm error   = 4.261e-02
------------------------------------
MODEL STEADY STATE: (method=Sparse Gaussian Elimination)
------------------------------------
      Iteration no. 6
      Inf-norm error = 1.113e-02
      2-norm error   = 1.243e-02
      1-norm error   = 3.612e-02
------------------------------------
MODEL STEADY STATE: (method=Sparse Gaussian Elimination)
------------------------------------
      Iteration no. 7
      Inf-norm error = 1.064e-02
      2-norm error   = 1.120e-02
      1-norm error   = 2.684e-02
------------------------------------
MODEL STEADY STATE: (method=Sparse Gaussian Elimination)
------------------------------------
      Iteration no. 8
      Inf-norm error = 6.958e-03
      2-norm error   = 7.094e-03
      1-norm error   = 1.109e-02
------------------------------------
HOMOTOPY mode 1: computing step 3/5...
MODEL STEADY STATE: (method=Sparse Gaussian Elimination)
------------------------------------
      Iteration no. 1
      Inf-norm error = 4.152e-03
      2-norm error   = 1.488e-02
      1-norm error   = 5.528e-02
------------------------------------
MODEL STEADY STATE: (method=Sparse Gaussian Elimination)
------------------------------------
      Iteration no. 2
      Inf-norm error = 7.574e-03
      2-norm error   = 1.423e-02
      1-norm error   = 5.645e-02
------------------------------------
MODEL STEADY STATE: (method=Sparse Gaussian Elimination)
------------------------------------
      Iteration no. 3
      Inf-norm error = 8.742e-03
      2-norm error   = 1.369e-02
      1-norm error   = 5.255e-02
------------------------------------
MODEL STEADY STATE: (method=Sparse Gaussian Elimination)
------------------------------------
      Iteration no. 4
      Inf-norm error = 9.222e-03
      2-norm error   = 1.303e-02
      1-norm error   = 4.832e-02
------------------------------------
MODEL STEADY STATE: (method=Sparse Gaussian Elimination)
------------------------------------
      Iteration no. 5
      Inf-norm error = 1.017e-02
      2-norm error   = 1.266e-02
      1-norm error   = 4.339e-02
------------------------------------
MODEL STEADY STATE: (method=Sparse Gaussian Elimination)
------------------------------------
      Iteration no. 6
      Inf-norm error = 1.117e-02
      2-norm error   = 1.251e-02
      1-norm error   = 3.731e-02
------------------------------------
MODEL STEADY STATE: (method=Sparse Gaussian Elimination)
------------------------------------
      Iteration no. 7
      Inf-norm error = 1.067e-02
      2-norm error   = 1.130e-02
      1-norm error   = 2.841e-02
------------------------------------
MODEL STEADY STATE: (method=Sparse Gaussian Elimination)
------------------------------------
      Iteration no. 8
      Inf-norm error = 6.960e-03
      2-norm error   = 7.195e-03
      1-norm error   = 1.225e-02
------------------------------------
HOMOTOPY mode 1: computing step 4/5...
MODEL STEADY STATE: (method=Sparse Gaussian Elimination)
------------------------------------
      Iteration no. 1
      Inf-norm error = 4.152e-03
      2-norm error   = 1.488e-02
      1-norm error   = 5.528e-02
------------------------------------
MODEL STEADY STATE: (method=Sparse Gaussian Elimination)
------------------------------------
      Iteration no. 2
      Inf-norm error = 7.579e-03
      2-norm error   = 1.429e-02
      1-norm error   = 5.773e-02
------------------------------------
MODEL STEADY STATE: (method=Sparse Gaussian Elimination)
------------------------------------
      Iteration no. 3
      Inf-norm error = 8.745e-03
      2-norm error   = 1.378e-02
      1-norm error   = 5.403e-02
------------------------------------
MODEL STEADY STATE: (method=Sparse Gaussian Elimination)
------------------------------------
      Iteration no. 4
      Inf-norm error = 9.223e-03
      2-norm error   = 1.314e-02
      1-norm error   = 4.990e-02
------------------------------------
MODEL STEADY STATE: (method=Sparse Gaussian Elimination)
------------------------------------
      Iteration no. 5
      Inf-norm error = 1.017e-02
      2-norm error   = 1.281e-02
      1-norm error   = 4.516e-02
------------------------------------
MODEL STEADY STATE: (method=Sparse Gaussian Elimination)
------------------------------------
      Iteration no. 6
      Inf-norm error = 1.116e-02
      2-norm error   = 1.271e-02
      1-norm error   = 3.929e-02
------------------------------------
MODEL STEADY STATE: (method=Sparse Gaussian Elimination)
------------------------------------
      Iteration no. 7
      Inf-norm error = 1.065e-02
      2-norm error   = 1.154e-02
      1-norm error   = 3.036e-02
------------------------------------
MODEL STEADY STATE: (method=Sparse Gaussian Elimination)
------------------------------------
      Iteration no. 8
      Inf-norm error = 6.928e-03
      2-norm error   = 7.425e-03
      1-norm error   = 1.363e-02
------------------------------------
HOMOTOPY mode 1: computing step 5/5...
MODEL STEADY STATE: (method=Sparse Gaussian Elimination)
------------------------------------
      Iteration no. 1
      Inf-norm error = 4.152e-03
      2-norm error   = 1.488e-02
      1-norm error   = 5.528e-02
------------------------------------
MODEL STEADY STATE: (method=Sparse Gaussian Elimination)
------------------------------------
      Iteration no. 2
      Inf-norm error = 7.548e-03
      2-norm error   = 1.444e-02
      1-norm error   = 5.923e-02
------------------------------------
MODEL STEADY STATE: (method=Sparse Gaussian Elimination)
------------------------------------
      Iteration no. 3
      Inf-norm error = 8.705e-03
      2-norm error   = 1.398e-02
      1-norm error   = 5.579e-02
------------------------------------
MODEL STEADY STATE: (method=Sparse Gaussian Elimination)
------------------------------------
      Iteration no. 4
      Inf-norm error = 9.179e-03
      2-norm error   = 1.339e-02
      1-norm error   = 5.177e-02
------------------------------------
MODEL STEADY STATE: (method=Sparse Gaussian Elimination)
------------------------------------
      Iteration no. 5
      Inf-norm error = 1.011e-02
      2-norm error   = 1.314e-02
      1-norm error   = 4.725e-02
------------------------------------
MODEL STEADY STATE: (method=Sparse Gaussian Elimination)
------------------------------------
      Iteration no. 6
      Inf-norm error = 9.877e-03
      2-norm error   = 1.222e-02
      1-norm error   = 4.164e-02
------------------------------------
MODEL STEADY STATE: (method=Sparse Gaussian Elimination)
------------------------------------
      Iteration no. 7
      Inf-norm error = 9.502e-03
      2-norm error   = 1.120e-02
      1-norm error   = 3.478e-02
------------------------------------
MODEL STEADY STATE: (method=Sparse Gaussian Elimination)
------------------------------------
      Iteration no. 8
      Inf-norm error = 9.552e-03
      2-norm error   = 1.079e-02
      1-norm error   = 2.553e-02
------------------------------------
MODEL STEADY STATE: (method=Sparse Gaussian Elimination)
------------------------------------
      Iteration no. 9
      Inf-norm error = 1.571e-03
      2-norm error   = 1.849e-03
      1-norm error   = 3.621e-03
------------------------------------

STEADY-STATE RESULTS:

EA_bf               		 -0.438914
EA_m                		 0.902687
EA_pic4             		 1.02
EA_y                		 3.84952
EA_ygrowth          		 1
EA_ygrowth4         		 1
EA_z                		 1
EA_ybar             		 3.84952
EAAEAB_excy         		 0.0213205
EAAEAC_excy         		 0.0213205
EAAEAD_excy         		 0.0213205
EAAEAE_excy         		 0.0213205
EAAEAF_excy         		 0.0213205
EAAEAG_excy         		 0.0213205
EAAEAH_excy         		 0.0213205
EAAEAI_excy         		 0.0213205
EAAEAJ_excy         		 0.0213205
EAAEAK_excy         		 0.0213205
EAAEAL_excy         		 0.0217196
EAARW_excy          		 0.0164031
EAAUS_excy          		 0.00609685
EAAEAB_exiy         		 0.0102114
EAAEAC_exiy         		 0.0102114
EAAEAD_exiy         		 0.0102114
EAAEAE_exiy         		 0.0102114
EAAEAF_exiy         		 0.0102114
EAAEAG_exiy         		 0.0102114
EAAEAH_exiy         		 0.0102114
EAAEAI_exiy         		 0.0102114
EAAEAJ_exiy         		 0.0102114
EAAEAK_exiy         		 0.0102114
EAAEAL_exiy         		 0.0102503
EAARW_exiy          		 0.0129191
EAAUS_exiy          		 0.0048406
EAA_fx              		 6.14513
EAAEAB_gammaimc     		 0
EAAEAC_gammaimc     		 0
EAAEAD_gammaimc     		 0
EAAEAE_gammaimc     		 0
EAAEAF_gammaimc     		 0
EAAEAG_gammaimc     		 0
EAAEAH_gammaimc     		 0
EAAEAI_gammaimc     		 0
EAAEAJ_gammaimc     		 0
EAAEAK_gammaimc     		 0
EAAEAL_gammaimc     		 0
EAARW_gammaimc      		 0
EAAUS_gammaimc      		 0
EAAEAB_gammaimcdag  		 1
EAAEAC_gammaimcdag  		 1
EAAEAD_gammaimcdag  		 1
EAAEAE_gammaimcdag  		 1
EAAEAF_gammaimcdag  		 1
EAAEAG_gammaimcdag  		 1
EAAEAH_gammaimcdag  		 1
EAAEAI_gammaimcdag  		 1
EAAEAJ_gammaimcdag  		 1
EAAEAK_gammaimcdag  		 1
EAAEAL_gammaimcdag  		 1
EAARW_gammaimcdag   		 1
EAAUS_gammaimcdag   		 1
EAAEAB_gammaimi     		 0
EAAEAC_gammaimi     		 0
EAAEAD_gammaimi     		 0
EAAEAE_gammaimi     		 0
EAAEAF_gammaimi     		 0
EAAEAG_gammaimi     		 0
EAAEAH_gammaimi     		 0
EAAEAI_gammaimi     		 0
EAAEAJ_gammaimi     		 0
EAAEAK_gammaimi     		 0
EAAEAL_gammaimi     		 0
EAARW_gammaimi      		 0
EAAUS_gammaimi      		 0
EAAEAB_gammaimidag  		 1
EAAEAC_gammaimidag  		 1
EAAEAD_gammaimidag  		 1
EAAEAE_gammaimidag  		 1
EAAEAF_gammaimidag  		 1
EAAEAG_gammaimidag  		 1
EAAEAH_gammaimidag  		 1
EAAEAI_gammaimidag  		 1
EAAEAJ_gammaimidag  		 1
EAAEAK_gammaimidag  		 1
EAAEAL_gammaimidag  		 1
EAARW_gammaimidag   		 1
EAAUS_gammaimidag   		 1
EAAEAB_gammaimcg    		 0
EAAEAC_gammaimcg    		 0
EAAEAD_gammaimcg    		 0
EAAEAE_gammaimcg    		 0
EAAEAF_gammaimcg    		 0
EAAEAG_gammaimcg    		 0
EAAEAH_gammaimcg    		 0
EAAEAI_gammaimcg    		 0
EAAEAJ_gammaimcg    		 0
EAAEAK_gammaimcg    		 0
EAAEAL_gammaimcg    		 0
EAARW_gammaimcg     		 0
EAAUS_gammaimcg     		 0
EAAEAB_gammaimcgdag 		 1
EAAEAC_gammaimcgdag 		 1
EAAEAD_gammaimcgdag 		 1
EAAEAE_gammaimcgdag 		 1
EAAEAF_gammaimcgdag 		 1
EAAEAG_gammaimcgdag 		 1
EAAEAH_gammaimcgdag 		 1
EAAEAI_gammaimcgdag 		 1
EAAEAJ_gammaimcgdag 		 1
EAAEAK_gammaimcgdag 		 1
EAAEAL_gammaimcgdag 		 1
EAARW_gammaimcgdag  		 1
EAAUS_gammaimcgdag  		 1
EAAEAB_gammaimig    		 0
EAAEAC_gammaimig    		 0
EAAEAD_gammaimig    		 0
EAAEAE_gammaimig    		 0
EAAEAF_gammaimig    		 0
EAAEAG_gammaimig    		 0
EAAEAH_gammaimig    		 0
EAAEAI_gammaimig    		 0
EAAEAJ_gammaimig    		 0
EAAEAK_gammaimig    		 0
EAAEAL_gammaimig    		 0
EAARW_gammaimig     		 0
EAAUS_gammaimig     		 0
EAAEAB_gammaimigdag 		 1
EAAEAC_gammaimigdag 		 1
EAAEAD_gammaimigdag 		 1
EAAEAE_gammaimigdag 		 1
EAAEAF_gammaimigdag 		 1
EAAEAG_gammaimigdag 		 1
EAAEAH_gammaimigdag 		 1
EAAEAI_gammaimigdag 		 1
EAAEAJ_gammaimigdag 		 1
EAAEAK_gammaimigdag 		 1
EAAEAL_gammaimigdag 		 1
EAARW_gammaimigdag  		 1
EAAUS_gammaimigdag  		 1
EAA_gx              		 7.37415
EAAEAB_im           		 0.164354
EAAEAC_im           		 0.164354
EAAEAD_im           		 0.164354
EAAEAE_im           		 0.164354
EAAEAF_im           		 0.164354
EAAEAG_im           		 0.164354
EAAEAH_im           		 0.164354
EAAEAI_im           		 0.164354
EAAEAJ_im           		 0.164354
EAAEAK_im           		 0.164354
EAAEAL_im           		 0.161905
EAARW_im            		 0.148583
EAAUS_im            		 0.0693843
EAAEAB_imc          		 0.090113
EAAEAC_imc          		 0.090113
EAAEAD_imc          		 0.090113
EAAEAE_imc          		 0.090113
EAAEAF_imc          		 0.090113
EAAEAG_imc          		 0.090113
EAAEAH_imc          		 0.090113
EAAEAI_imc          		 0.090113
EAAEAJ_imc          		 0.090113
EAAEAK_imc          		 0.090113
EAAEAL_imc          		 0.0887703
EAARW_imc           		 0.0814663
EAAUS_imc           		 0.0380425
EAARW_imcy          		 0.0202048
EAAEAB_imi          		 0.0431595
EAAEAC_imi          		 0.0431595
EAAEAD_imi          		 0.0431595
EAAEAE_imi          		 0.0431595
EAAEAF_imi          		 0.0431595
EAAEAG_imi          		 0.0431595
EAAEAH_imi          		 0.0431595
EAAEAI_imi          		 0.0431595
EAAEAJ_imi          		 0.0431595
EAAEAK_imi          		 0.0431595
EAAEAL_imi          		 0.0425165
EAARW_imi           		 0.0390182
EAAUS_imi           		 0.0182204
EAARW_imiy          		 0.00967707
EAAEAB_imcg         		 0.0259011
EAAEAC_imcg         		 0.0259011
EAAEAD_imcg         		 0.0259011
EAAEAE_imcg         		 0.0259011
EAAEAF_imcg         		 0.0259011
EAAEAG_imcg         		 0.0259011
EAAEAH_imcg         		 0.0259011
EAAEAI_imcg         		 0.0259011
EAAEAJ_imcg         		 0.0259011
EAAEAK_imcg         		 0.0259011
EAAEAL_imcg         		 0.0255151
EAARW_imcg          		 0.0234157
EAAUS_imcg          		 0.0109345
EAARW_imcgy         		 0.00580744
EAAEAB_imig         		 0.00518021
EAAEAC_imig         		 0.00518021
EAAEAD_imig         		 0.00518021
EAAEAE_imig         		 0.00518021
EAAEAF_imig         		 0.00518021
EAAEAG_imig         		 0.00518021
EAAEAH_imig         		 0.00518021
EAAEAI_imig         		 0.00518021
EAAEAJ_imig         		 0.00518021
EAAEAK_imig         		 0.00518021
EAAEAL_imig         		 0.00510303
EAARW_imig          		 0.00468315
EAAUS_imig          		 0.0021869
EAARW_imigy         		 0.00116149
EAA_piex            		 1.00496
EAA_pextilde        		 0.910785
EAAEAB_rer          		 1
EAAEAC_rer          		 1
EAAEAD_rer          		 1
EAAEAE_rer          		 1
EAAEAF_rer          		 1
EAAEAG_rer          		 1
EAAEAH_rer          		 1
EAAEAI_rer          		 1
EAAEAJ_rer          		 1
EAAEAK_rer          		 1
EAAEAL_rer          		 1.00316
EAARW_rer           		 0.988155
EAAUS_rer           		 1.32211
EAA_sx              		 1
EAAEAB_tot          		 1
EAAEAC_tot          		 1
EAAEAD_tot          		 1
EAAEAE_tot          		 1
EAAEAF_tot          		 1
EAAEAG_tot          		 1
EAAEAH_tot          		 1
EAAEAI_tot          		 1
EAAEAJ_tot          		 1
EAAEAK_tot          		 1
EAAEAL_tot          		 1.00655
EAARW_tot           		 1.04825
EAAUS_tot           		 1.42332
EAAEAB_weight       		 0.0790839
EAAEAC_weight       		 0.0790839
EAAEAD_weight       		 0.0790839
EAAEAE_weight       		 0.0790839
EAAEAF_weight       		 0.0790839
EAAEAG_weight       		 0.0790839
EAAEAH_weight       		 0.0790839
EAAEAI_weight       		 0.0790839
EAAEAJ_weight       		 0.0790839
EAAEAK_weight       		 0.0790839
EAAEAL_weight       		 0.0787645
EAARW_weight        		 0.0777095
EAAUS_weight        		 0.0526868
EAAEAB_weightex     		 0.0784261
EAAEAC_weightex     		 0.0784261
EAAEAD_weightex     		 0.0784261
EAAEAE_weightex     		 0.0784261
EAAEAF_weightex     		 0.0784261
EAAEAG_weightex     		 0.0784261
EAAEAH_weightex     		 0.0784261
EAAEAI_weightex     		 0.0784261
EAAEAJ_weightex     		 0.0784261
EAAEAK_weightex     		 0.0784261
EAAEAL_weightex     		 0.0784597
EAARW_weightex      		 0.0798398
EAAUS_weightex      		 0.0574393
EAAEAB_weightim     		 0.0797442
EAAEAC_weightim     		 0.0797442
EAAEAD_weightim     		 0.0797442
EAAEAE_weightim     		 0.0797442
EAAEAF_weightim     		 0.0797442
EAAEAG_weightim     		 0.0797442
EAAEAH_weightim     		 0.0797442
EAAEAI_weightim     		 0.0797442
EAAEAJ_weightim     		 0.0797442
EAAEAK_weightim     		 0.0797442
EAAEAL_weightim     		 0.0790705
EAARW_weightim      		 0.0755712
EAAUS_weightim      		 0.0479164
EAA_b               		 9.23884
EAA_bf              		 -0.438914
EAA_by              		 2.4
EAA_c               		 2.14839
EAA_ci              		 2.50608
EAA_cj              		 1.07535
EAA_cy              		 0.558095
EAA_d               		 0.521782
EAA_dn              		 0.17754
EAA_dt              		 0.344243
EAA_etot            		 1.02304
EAA_ex              		 2.06883
EAA_fh              		 7.24839
EAA_fi              		 13.1099
EAA_fj              		 0.485553
EAA_fn              		 9.30006
EAA_cg              		 0.798686
EAA_gammab          		 0
EAA_gammai          		 0
EAA_gammaider       		 0
EAA_gammau          		 0
EAA_gammauder       		 0.0324171
EAA_gammav          		 0.000217026
EAA_gammavi         		 0.000101018
EAA_gammavider      		 0.00216519
EAA_gammavj         		 0.000101018
EAA_gammavjder      		 0.00216519
EAA_gh              		 8.69807
EAA_gi              		 4.98162
EAA_gj              		 3.86983
EAA_gn              		 13.9501
EAA_cgy             		 0.2
EAA_ht              		 0.828693
EAA_htc             		 0.348056
EAA_hti             		 0.0764956
EAA_htcg            		 0.336785
EAA_htig            		 0.067357
EAA_i               		 0.784379
EAA_ig              		 0.159737
EAA_ii              		 1.04584
EAA_im              		 2.00813
EAA_imc             		 1.10103
EAA_imi             		 0.527337
EAA_imcg            		 0.316467
EAA_imig            		 0.0632935
EAA_imy             		 0.48763
EAA_internalrer     		 1.22529
EAA_igy             		 0.04
EAA_k               		 31.3752
EAA_kd              		 31.3752
EAA_kdn             		 9.73912
EAA_kdt             		 21.636
EAA_ki              		 41.8335
EAA_lambdai         		 1.11937
EAA_lambdaj         		 2.60867
EAA_lcy             		 0.605119
EAA_m               		 0.902687
EAA_mcn             		 0.758988
EAA_mct             		 0.758988
EAA_mi              		 1.05297
EAA_mj              		 0.451829
EAA_nd              		 1.88637
EAA_ndi             		 0.862038
EAA_ndj             		 1.12419
EAA_ndn             		 0.585544
EAA_ndt             		 1.30082
EAA_ni              		 0.862038
EAA_nj              		 1.12419
EAA_nt              		 1.06326
EAA_ntc             		 0.704795
EAA_nti             		 0.182078
EAA_ntcg            		 0.146985
EAA_ntig            		 0.029397
EAA_pex             		 0.910785
EAA_pht             		 0.910785
EAA_phttilde        		 0.910785
EAA_pi              		 0.981545
EAA_pcg             		 0.963963
EAA_pig             		 0.963963
EAA_pic             		 1.00496
EAA_pic4            		 1.02
EAA_piex4           		 1.02
EAA_piht            		 1.00496
EAA_piimc           		 1.00496
EAA_piimi           		 1.00496
EAA_piimcg          		 1.00496
EAA_piimig          		 1.00496
EAA_piimc4          		 1.02
EAA_pim             		 0.934771
EAA_pimc            		 0.934771
EAA_pimi            		 0.934771
EAA_pimcg           		 0.934771
EAA_pimig           		 0.934771
EAA_pint            		 1.00496
EAA_piw             		 1.00496
EAA_piw4            		 1.02
EAA_pnt             		 1.13848
EAA_pnttilde        		 1.13848
EAA_pttc            		 0.929151
EAA_ptti            		 0.931818
EAA_pttcg           		 0.9226
EAA_pttig           		 0.9226
EAA_py              		 0.97191
EAA_q               		 0.981545
EAA_qc              		 2.14861
EAA_qi              		 0.784379
EAA_qcg             		 0.798686
EAA_qig             		 0.159737
EAA_r               		 1.01242
EAA_reer            		 1.01413
EAA_rer             		 1.32211
EAA_rerdep          		 1
EAA_rk              		 0.0318188
EAA_rp              		 0
EAA_rr              		 1.00742
EAA_rrstar          		 1.00742
EAA_sh              		 1
EAA_si              		 1
EAA_sj              		 1
EAA_snt             		 1
EAA_t               		 0
EAA_tauc            		 0.183
EAA_taud            		 0
EAA_tauk            		 0
EAA_taun            		 0.122
EAA_tauwf           		 0.219
EAA_tauwh           		 0.118
EAA_tb              		 0.00711726
EAA_tby             		 0.00184887
EAA_ti              		 0
EAA_tj              		 0
EAA_tot             		 1.42332
EAA_tr              		 0.283155
EAA_tri             		 0.18877
EAA_trj             		 0.56631
EAA_try             		 0.073556
EAA_ttc             		 1.44887
EAA_tti             		 0.603777
EAA_ttcg            		 0.653114
EAA_ttig            		 0.130623
EAA_ty              		 0
EAA_u               		 1
EAA_utili           		 -67.747
EAA_utilj           		 -217.985
EAA_vj              		 2.38
EAA_w               		 1.01302
EAA_wcst            		 0
EAA_whty            		 0.499335
EAA_wi              		 1.13582
EAA_witilde         		 1.13582
EAA_wj              		 0.828872
EAA_wjtilde         		 0.828872
EAA_wnty            		 0.490019
EAA_wy              		 0.496406
EAA_y               		 3.96078
EAA_ygap            		 0
EAA_ygrowth         		 1
EAA_ygrowth4        		 1
EAA_yhty            		 0.685546
EAA_ynty            		 0.314454
EAA_yshare          		 0.0665152
EAA_ysn             		 1.06326
EAA_yst             		 2.89752
EAA_zcon            		 1
EAA_zinv            		 1
EAA_zn              		 1
EAA_zt              		 1
EAA_gammav1         		 0.0287061
EAA_gammav2         		 0.150338
EAA_nutc            		 0.228531
EAA_nuti            		 0.119666
EAA_nutcg           		 0.499309
EAA_nutig           		 0.499309
EAA_psit            		 0.043468
EAAEAB_rerbar       		 1
EAAEAC_rerbar       		 1
EAAEAD_rerbar       		 1
EAAEAE_rerbar       		 1
EAAEAF_rerbar       		 1
EAAEAG_rerbar       		 1
EAAEAH_rerbar       		 1
EAAEAI_rerbar       		 1
EAAEAJ_rerbar       		 1
EAAEAK_rerbar       		 1
EAAEAL_rerbar       		 1.00316
EAARW_rerbar        		 0.988155
EAAUS_rerbar        		 1.32211
EAA_pibar           		 0.981545
EAA_psinbar         		 0.297712
EAA_psitbar         		 0.125949
EAA_pybar           		 0.97191
EAA_qbar            		 0.981545
EAA_trybar          		 0.073556
EAA_ybar            		 3.96078
EAA_ynbar           		 1.06326
EAA_ytbar           		 2.89752
EABEAA_excy         		 0.0213205
EABEAC_excy         		 0.0213205
EABEAD_excy         		 0.0213205
EABEAE_excy         		 0.0213205
EABEAF_excy         		 0.0213205
EABEAG_excy         		 0.0213205
EABEAH_excy         		 0.0213205
EABEAI_excy         		 0.0213205
EABEAJ_excy         		 0.0213205
EABEAK_excy         		 0.0213205
EABEAL_excy         		 0.0217196
EABRW_excy          		 0.0164031
EABUS_excy          		 0.00609685
EABEAA_exiy         		 0.0102114
EABEAC_exiy         		 0.0102114
EABEAD_exiy         		 0.0102114
EABEAE_exiy         		 0.0102114
EABEAF_exiy         		 0.0102114
EABEAG_exiy         		 0.0102114
EABEAH_exiy         		 0.0102114
EABEAI_exiy         		 0.0102114
EABEAJ_exiy         		 0.0102114
EABEAK_exiy         		 0.0102114
EABEAL_exiy         		 0.0102503
EABRW_exiy          		 0.0129191
EABUS_exiy          		 0.0048406
EAB_fx              		 6.14513
EABEAA_gammaimc     		 0
EABEAC_gammaimc     		 0
EABEAD_gammaimc     		 0
EABEAE_gammaimc     		 0
EABEAF_gammaimc     		 0
EABEAG_gammaimc     		 0
EABEAH_gammaimc     		 0
EABEAI_gammaimc     		 0
EABEAJ_gammaimc     		 0
EABEAK_gammaimc     		 0
EABEAL_gammaimc     		 0
EABRW_gammaimc      		 0
EABUS_gammaimc      		 0
EABEAA_gammaimcdag  		 1
EABEAC_gammaimcdag  		 1
EABEAD_gammaimcdag  		 1
EABEAE_gammaimcdag  		 1
EABEAF_gammaimcdag  		 1
EABEAG_gammaimcdag  		 1
EABEAH_gammaimcdag  		 1
EABEAI_gammaimcdag  		 1
EABEAJ_gammaimcdag  		 1
EABEAK_gammaimcdag  		 1
EABEAL_gammaimcdag  		 1
EABRW_gammaimcdag   		 1
EABUS_gammaimcdag   		 1
EABEAA_gammaimi     		 0
EABEAC_gammaimi     		 0
EABEAD_gammaimi     		 0
EABEAE_gammaimi     		 0
EABEAF_gammaimi     		 0
EABEAG_gammaimi     		 0
EABEAH_gammaimi     		 0
EABEAI_gammaimi     		 0
EABEAJ_gammaimi     		 0
EABEAK_gammaimi     		 0
EABEAL_gammaimi     		 0
EABRW_gammaimi      		 0
EABUS_gammaimi      		 0
EABEAA_gammaimidag  		 1
EABEAC_gammaimidag  		 1
EABEAD_gammaimidag  		 1
EABEAE_gammaimidag  		 1
EABEAF_gammaimidag  		 1
EABEAG_gammaimidag  		 1
EABEAH_gammaimidag  		 1
EABEAI_gammaimidag  		 1
EABEAJ_gammaimidag  		 1
EABEAK_gammaimidag  		 1
EABEAL_gammaimidag  		 1
EABRW_gammaimidag   		 1
EABUS_gammaimidag   		 1
EABEAA_gammaimcg    		 0
EABEAC_gammaimcg    		 0
EABEAD_gammaimcg    		 0
EABEAE_gammaimcg    		 0
EABEAF_gammaimcg    		 0
EABEAG_gammaimcg    		 0
EABEAH_gammaimcg    		 0
EABEAI_gammaimcg    		 0
EABEAJ_gammaimcg    		 0
EABEAK_gammaimcg    		 0
EABEAL_gammaimcg    		 0
EABRW_gammaimcg     		 0
EABUS_gammaimcg     		 0
EABEAA_gammaimcgdag 		 1
EABEAC_gammaimcgdag 		 1
EABEAD_gammaimcgdag 		 1
EABEAE_gammaimcgdag 		 1
EABEAF_gammaimcgdag 		 1
EABEAG_gammaimcgdag 		 1
EABEAH_gammaimcgdag 		 1
EABEAI_gammaimcgdag 		 1
EABEAJ_gammaimcgdag 		 1
EABEAK_gammaimcgdag 		 1
EABEAL_gammaimcgdag 		 1
EABRW_gammaimcgdag  		 1
EABUS_gammaimcgdag  		 1
EABEAA_gammaimig    		 0
EABEAC_gammaimig    		 0
EABEAD_gammaimig    		 0
EABEAE_gammaimig    		 0
EABEAF_gammaimig    		 0
EABEAG_gammaimig    		 0
EABEAH_gammaimig    		 0
EABEAI_gammaimig    		 0
EABEAJ_gammaimig    		 0
EABEAK_gammaimig    		 0
EABEAL_gammaimig    		 0
EABRW_gammaimig     		 0
EABUS_gammaimig     		 0
EABEAA_gammaimigdag 		 1
EABEAC_gammaimigdag 		 1
EABEAD_gammaimigdag 		 1
EABEAE_gammaimigdag 		 1
EABEAF_gammaimigdag 		 1
EABEAG_gammaimigdag 		 1
EABEAH_gammaimigdag 		 1
EABEAI_gammaimigdag 		 1
EABEAJ_gammaimigdag 		 1
EABEAK_gammaimigdag 		 1
EABEAL_gammaimigdag 		 1
EABRW_gammaimigdag  		 1
EABUS_gammaimigdag  		 1
EAB_gx              		 7.37415
EABEAA_im           		 0.164354
EABEAC_im           		 0.164354
EABEAD_im           		 0.164354
EABEAE_im           		 0.164354
EABEAF_im           		 0.164354
EABEAG_im           		 0.164354
EABEAH_im           		 0.164354
EABEAI_im           		 0.164354
EABEAJ_im           		 0.164354
EABEAK_im           		 0.164354
EABEAL_im           		 0.161905
EABRW_im            		 0.148583
EABUS_im            		 0.0693843
EABEAA_imc          		 0.090113
EABEAC_imc          		 0.090113
EABEAD_imc          		 0.090113
EABEAE_imc          		 0.090113
EABEAF_imc          		 0.090113
EABEAG_imc          		 0.090113
EABEAH_imc          		 0.090113
EABEAI_imc          		 0.090113
EABEAJ_imc          		 0.090113
EABEAK_imc          		 0.090113
EABEAL_imc          		 0.0887703
EABRW_imc           		 0.0814663
EABUS_imc           		 0.0380425
EABUS_imcy          		 0.012811
EABEAA_imi          		 0.0431595
EABEAC_imi          		 0.0431595
EABEAD_imi          		 0.0431595
EABEAE_imi          		 0.0431595
EABEAF_imi          		 0.0431595
EABEAG_imi          		 0.0431595
EABEAH_imi          		 0.0431595
EABEAI_imi          		 0.0431595
EABEAJ_imi          		 0.0431595
EABEAK_imi          		 0.0431595
EABEAL_imi          		 0.0425165
EABRW_imi           		 0.0390182
EABUS_imi           		 0.0182204
EABUS_imiy          		 0.0061358
EABEAA_imcg         		 0.0259011
EABEAC_imcg         		 0.0259011
EABEAD_imcg         		 0.0259011
EABEAE_imcg         		 0.0259011
EABEAF_imcg         		 0.0259011
EABEAG_imcg         		 0.0259011
EABEAH_imcg         		 0.0259011
EABEAI_imcg         		 0.0259011
EABEAJ_imcg         		 0.0259011
EABEAK_imcg         		 0.0259011
EABEAL_imcg         		 0.0255151
EABRW_imcg          		 0.0234157
EABUS_imcg          		 0.0109345
EABUS_imcgy         		 0.00368224
EABEAA_imig         		 0.00518021
EABEAC_imig         		 0.00518021
EABEAD_imig         		 0.00518021
EABEAE_imig         		 0.00518021
EABEAF_imig         		 0.00518021
EABEAG_imig         		 0.00518021
EABEAH_imig         		 0.00518021
EABEAI_imig         		 0.00518021
EABEAJ_imig         		 0.00518021
EABEAK_imig         		 0.00518021
EABEAL_imig         		 0.00510303
EABRW_imig          		 0.00468315
EABUS_imig          		 0.0021869
EABUS_imigy         		 0.000736448
EAB_piex            		 1.00496
EAB_pextilde        		 0.910785
EABEAA_rer          		 1
EABEAC_rer          		 1
EABEAD_rer          		 1
EABEAE_rer          		 1
EABEAF_rer          		 1
EABEAG_rer          		 1
EABEAH_rer          		 1
EABEAI_rer          		 1
EABEAJ_rer          		 1
EABEAK_rer          		 1
EABEAL_rer          		 1.00316
EABRW_rer           		 0.988155
EABUS_rer           		 1.32211
EAB_sx              		 1
EABEAA_tot          		 1
EABEAC_tot          		 1
EABEAD_tot          		 1
EABEAE_tot          		 1
EABEAF_tot          		 1
EABEAG_tot          		 1
EABEAH_tot          		 1
EABEAI_tot          		 1
EABEAJ_tot          		 1
EABEAK_tot          		 1
EABEAL_tot          		 1.00655
EABRW_tot           		 1.04825
EABUS_tot           		 1.42332
EABEAA_weight       		 0.0790839
EABEAC_weight       		 0.0790839
EABEAD_weight       		 0.0790839
EABEAE_weight       		 0.0790839
EABEAF_weight       		 0.0790839
EABEAG_weight       		 0.0790839
EABEAH_weight       		 0.0790839
EABEAI_weight       		 0.0790839
EABEAJ_weight       		 0.0790839
EABEAK_weight       		 0.0790839
EABEAL_weight       		 0.0787645
EABRW_weight        		 0.0777095
EABUS_weight        		 0.0526868
EABEAA_weightex     		 0.0784261
EABEAC_weightex     		 0.0784261
EABEAD_weightex     		 0.0784261
EABEAE_weightex     		 0.0784261
EABEAF_weightex     		 0.0784261
EABEAG_weightex     		 0.0784261
EABEAH_weightex     		 0.0784261
EABEAI_weightex     		 0.0784261
EABEAJ_weightex     		 0.0784261
EABEAK_weightex     		 0.0784261
EABEAL_weightex     		 0.0784597
EABRW_weightex      		 0.0798398
EABUS_weightex      		 0.0574393
EABEAA_weightim     		 0.0797442
EABEAC_weightim     		 0.0797442
EABEAD_weightim     		 0.0797442
EABEAE_weightim     		 0.0797442
EABEAF_weightim     		 0.0797442
EABEAG_weightim     		 0.0797442
EABEAH_weightim     		 0.0797442
EABEAI_weightim     		 0.0797442
EABEAJ_weightim     		 0.0797442
EABEAK_weightim     		 0.0797442
EABEAL_weightim     		 0.0790705
EABRW_weightim      		 0.0755712
EABUS_weightim      		 0.0479164
EAB_b               		 9.23884
EAB_bf              		 -0.438914
EAB_by              		 2.4
EAB_c               		 2.14839
EAB_ci              		 2.50608
EAB_cj              		 1.07535
EAB_cy              		 0.558095
EAB_d               		 0.521782
EAB_dn              		 0.17754
EAB_dt              		 0.344243
EAB_etot            		 1.02304
EAB_ex              		 2.06883
EAB_fh              		 7.24839
EAB_fi              		 13.1099
EAB_fj              		 0.485553
EAB_fn              		 9.30006
EAB_cg              		 0.798686
EAB_gammab          		 0
EAB_gammai          		 0
EAB_gammaider       		 0
EAB_gammau          		 0
EAB_gammauder       		 0.0324171
EAB_gammav          		 0.000217026
EAB_gammavi         		 0.000101018
EAB_gammavider      		 0.00216519
EAB_gammavj         		 0.000101018
EAB_gammavjder      		 0.00216519
EAB_gh              		 8.69807
EAB_gi              		 4.98162
EAB_gj              		 3.86983
EAB_gn              		 13.9501
EAB_cgy             		 0.2
EAB_ht              		 0.828693
EAB_htc             		 0.348056
EAB_hti             		 0.0764956
EAB_htcg            		 0.336785
EAB_htig            		 0.067357
EAB_i               		 0.784379
EAB_ig              		 0.159737
EAB_ii              		 1.04584
EAB_im              		 2.00813
EAB_imc             		 1.10103
EAB_imi             		 0.527337
EAB_imcg            		 0.316467
EAB_imig            		 0.0632935
EAB_imy             		 0.48763
EAB_internalrer     		 1.22529
EAB_igy             		 0.04
EAB_k               		 31.3752
EAB_kd              		 31.3752
EAB_kdn             		 9.73912
EAB_kdt             		 21.636
EAB_ki              		 41.8335
EAB_lambdai         		 1.11937
EAB_lambdaj         		 2.60867
EAB_lcy             		 0.605119
EAB_m               		 0.902687
EAB_mcn             		 0.758988
EAB_mct             		 0.758988
EAB_mi              		 1.05297
EAB_mj              		 0.451829
EAB_nd              		 1.88637
EAB_ndi             		 0.862038
EAB_ndj             		 1.12419
EAB_ndn             		 0.585544
EAB_ndt             		 1.30082
EAB_ni              		 0.862038
EAB_nj              		 1.12419
EAB_nt              		 1.06326
EAB_ntc             		 0.704795
EAB_nti             		 0.182078
EAB_ntcg            		 0.146985
EAB_ntig            		 0.029397
EAB_pex             		 0.910785
EAB_pht             		 0.910785
EAB_phttilde        		 0.910785
EAB_pi              		 0.981545
EAB_pcg             		 0.963963
EAB_pig             		 0.963963
EAB_pic             		 1.00496
EAB_pic4            		 1.02
EAB_piex4           		 1.02
EAB_piht            		 1.00496
EAB_piimc           		 1.00496
EAB_piimi           		 1.00496
EAB_piimcg          		 1.00496
EAB_piimig          		 1.00496
EAB_piimc4          		 1.02
EAB_pim             		 0.934771
EAB_pimc            		 0.934771
EAB_pimi            		 0.934771
EAB_pimcg           		 0.934771
EAB_pimig           		 0.934771
EAB_pint            		 1.00496
EAB_piw             		 1.00496
EAB_piw4            		 1.02
EAB_pnt             		 1.13848
EAB_pnttilde        		 1.13848
EAB_pttc            		 0.929151
EAB_ptti            		 0.931818
EAB_pttcg           		 0.9226
EAB_pttig           		 0.9226
EAB_py              		 0.97191
EAB_q               		 0.981545
EAB_qc              		 2.14861
EAB_qi              		 0.784379
EAB_qcg             		 0.798686
EAB_qig             		 0.159737
EAB_r               		 1.01242
EAB_reer            		 1.01413
EAB_rer             		 1.32211
EAB_rerdep          		 1
EAB_rk              		 0.0318188
EAB_rp              		 0
EAB_rr              		 1.00742
EAB_rrstar          		 1.00742
EAB_sh              		 1
EAB_si              		 1
EAB_sj              		 1
EAB_snt             		 1
EAB_t               		 0
EAB_tauc            		 0.183
EAB_taud            		 0
EAB_tauk            		 0
EAB_taun            		 0.122
EAB_tauwf           		 0.219
EAB_tauwh           		 0.118
EAB_tb              		 0.00711726
EAB_tby             		 0.00184887
EAB_ti              		 0
EAB_tj              		 0
EAB_tot             		 1.42332
EAB_tr              		 0.283155
EAB_tri             		 0.18877
EAB_trj             		 0.56631
EAB_try             		 0.073556
EAB_ttc             		 1.44887
EAB_tti             		 0.603777
EAB_ttcg            		 0.653114
EAB_ttig            		 0.130623
EAB_ty              		 0
EAB_u               		 1
EAB_utili           		 -67.747
EAB_utilj           		 -217.985
EAB_vj              		 2.38
EAB_w               		 1.01302
EAB_wcst            		 0
EAB_whty            		 0.499335
EAB_wi              		 1.13582
EAB_witilde         		 1.13582
EAB_wj              		 0.828872
EAB_wjtilde         		 0.828872
EAB_wnty            		 0.490019
EAB_wy              		 0.496406
EAB_y               		 3.96078
EAB_ygap            		 0
EAB_ygrowth         		 1
EAB_ygrowth4        		 1
EAB_yhty            		 0.685546
EAB_ynty            		 0.314454
EAB_yshare          		 0.0665152
EAB_ysn             		 1.06326
EAB_yst             		 2.89752
EAB_zcon            		 1
EAB_zinv            		 1
EAB_zn              		 1
EAB_zt              		 1
EAB_gammav1         		 0.0287061
EAB_gammav2         		 0.150338
EAB_nutc            		 0.228531
EAB_nuti            		 0.119666
EAB_nutcg           		 0.499309
EAB_nutig           		 0.499309
EAB_psit            		 0.043468
EABEAA_rerbar       		 1
EABEAC_rerbar       		 1
EABEAD_rerbar       		 1
EABEAE_rerbar       		 1
EABEAF_rerbar       		 1
EABEAG_rerbar       		 1
EABEAH_rerbar       		 1
EABEAI_rerbar       		 1
EABEAJ_rerbar       		 1
EABEAK_rerbar       		 1
EABEAL_rerbar       		 1.00316
EABRW_rerbar        		 0.988155
EABUS_rerbar        		 1.32211
EAB_pibar           		 0.981545
EAB_psinbar         		 0.297712
EAB_psitbar         		 0.125949
EAB_pybar           		 0.97191
EAB_qbar            		 0.981545
EAB_trybar          		 0.073556
EAB_ybar            		 3.96078
EAB_ynbar           		 1.06326
EAB_ytbar           		 2.89752
EACEAA_excy         		 0.0213205
EACEAB_excy         		 0.0213205
EACEAD_excy         		 0.0213205
EACEAE_excy         		 0.0213205
EACEAF_excy         		 0.0213205
EACEAG_excy         		 0.0213205
EACEAH_excy         		 0.0213205
EACEAI_excy         		 0.0213205
EACEAJ_excy         		 0.0213205
EACEAK_excy         		 0.0213205
EACEAL_excy         		 0.0217196
EACRW_excy          		 0.0164031
EACUS_excy          		 0.00609685
EACEAA_exiy         		 0.0102114
EACEAB_exiy         		 0.0102114
EACEAD_exiy         		 0.0102114
EACEAE_exiy         		 0.0102114
EACEAF_exiy         		 0.0102114
EACEAG_exiy         		 0.0102114
EACEAH_exiy         		 0.0102114
EACEAI_exiy         		 0.0102114
EACEAJ_exiy         		 0.0102114
EACEAK_exiy         		 0.0102114
EACEAL_exiy         		 0.0102503
EACRW_exiy          		 0.0129191
EACUS_exiy          		 0.0048406
EAC_fx              		 6.14513
EACEAA_gammaimc     		 0
EACEAB_gammaimc     		 0
EACEAD_gammaimc     		 0
EACEAE_gammaimc     		 0
EACEAF_gammaimc     		 0
EACEAG_gammaimc     		 0
EACEAH_gammaimc     		 0
EACEAI_gammaimc     		 0
EACEAJ_gammaimc     		 0
EACEAK_gammaimc     		 0
EACEAL_gammaimc     		 0
EACRW_gammaimc      		 0
EACUS_gammaimc      		 0
EACEAA_gammaimcdag  		 1
EACEAB_gammaimcdag  		 1
EACEAD_gammaimcdag  		 1
EACEAE_gammaimcdag  		 1
EACEAF_gammaimcdag  		 1
EACEAG_gammaimcdag  		 1
EACEAH_gammaimcdag  		 1
EACEAI_gammaimcdag  		 1
EACEAJ_gammaimcdag  		 1
EACEAK_gammaimcdag  		 1
EACEAL_gammaimcdag  		 1
EACRW_gammaimcdag   		 1
EACUS_gammaimcdag   		 1
EACEAA_gammaimi     		 0
EACEAB_gammaimi     		 0
EACEAD_gammaimi     		 0
EACEAE_gammaimi     		 0
EACEAF_gammaimi     		 0
EACEAG_gammaimi     		 0
EACEAH_gammaimi     		 0
EACEAI_gammaimi     		 0
EACEAJ_gammaimi     		 0
EACEAK_gammaimi     		 0
EACEAL_gammaimi     		 0
EACRW_gammaimi      		 0
EACUS_gammaimi      		 0
EACEAA_gammaimidag  		 1
EACEAB_gammaimidag  		 1
EACEAD_gammaimidag  		 1
EACEAE_gammaimidag  		 1
EACEAF_gammaimidag  		 1
EACEAG_gammaimidag  		 1
EACEAH_gammaimidag  		 1
EACEAI_gammaimidag  		 1
EACEAJ_gammaimidag  		 1
EACEAK_gammaimidag  		 1
EACEAL_gammaimidag  		 1
EACRW_gammaimidag   		 1
EACUS_gammaimidag   		 1
EACEAA_gammaimcg    		 0
EACEAB_gammaimcg    		 0
EACEAD_gammaimcg    		 0
EACEAE_gammaimcg    		 0
EACEAF_gammaimcg    		 0
EACEAG_gammaimcg    		 0
EACEAH_gammaimcg    		 0
EACEAI_gammaimcg    		 0
EACEAJ_gammaimcg    		 0
EACEAK_gammaimcg    		 0
EACEAL_gammaimcg    		 0
EACRW_gammaimcg     		 0
EACUS_gammaimcg     		 0
EACEAA_gammaimcgdag 		 1
EACEAB_gammaimcgdag 		 1
EACEAD_gammaimcgdag 		 1
EACEAE_gammaimcgdag 		 1
EACEAF_gammaimcgdag 		 1
EACEAG_gammaimcgdag 		 1
EACEAH_gammaimcgdag 		 1
EACEAI_gammaimcgdag 		 1
EACEAJ_gammaimcgdag 		 1
EACEAK_gammaimcgdag 		 1
EACEAL_gammaimcgdag 		 1
EACRW_gammaimcgdag  		 1
EACUS_gammaimcgdag  		 1
EACEAA_gammaimig    		 0
EACEAB_gammaimig    		 0
EACEAD_gammaimig    		 0
EACEAE_gammaimig    		 0
EACEAF_gammaimig    		 0
EACEAG_gammaimig    		 0
EACEAH_gammaimig    		 0
EACEAI_gammaimig    		 0
EACEAJ_gammaimig    		 0
EACEAK_gammaimig    		 0
EACEAL_gammaimig    		 0
EACRW_gammaimig     		 0
EACUS_gammaimig     		 0
EACEAA_gammaimigdag 		 1
EACEAB_gammaimigdag 		 1
EACEAD_gammaimigdag 		 1
EACEAE_gammaimigdag 		 1
EACEAF_gammaimigdag 		 1
EACEAG_gammaimigdag 		 1
EACEAH_gammaimigdag 		 1
EACEAI_gammaimigdag 		 1
EACEAJ_gammaimigdag 		 1
EACEAK_gammaimigdag 		 1
EACEAL_gammaimigdag 		 1
EACRW_gammaimigdag  		 1
EACUS_gammaimigdag  		 1
EAC_gx              		 7.37415
EACEAA_im           		 0.164354
EACEAB_im           		 0.164354
EACEAD_im           		 0.164354
EACEAE_im           		 0.164354
EACEAF_im           		 0.164354
EACEAG_im           		 0.164354
EACEAH_im           		 0.164354
EACEAI_im           		 0.164354
EACEAJ_im           		 0.164354
EACEAK_im           		 0.164354
EACEAL_im           		 0.161905
EACRW_im            		 0.148583
EACUS_im            		 0.0693843
EACEAA_imc          		 0.090113
EACEAB_imc          		 0.090113
EACEAD_imc          		 0.090113
EACEAE_imc          		 0.090113
EACEAF_imc          		 0.090113
EACEAG_imc          		 0.090113
EACEAH_imc          		 0.090113
EACEAI_imc          		 0.090113
EACEAJ_imc          		 0.090113
EACEAK_imc          		 0.090113
EACEAL_imc          		 0.0887703
EACRW_imc           		 0.0814663
EACUS_imc           		 0.0380425
EACEAA_imcy         		 0.0213205
EACEAA_imi          		 0.0431595
EACEAB_imi          		 0.0431595
EACEAD_imi          		 0.0431595
EACEAE_imi          		 0.0431595
EACEAF_imi          		 0.0431595
EACEAG_imi          		 0.0431595
EACEAH_imi          		 0.0431595
EACEAI_imi          		 0.0431595
EACEAJ_imi          		 0.0431595
EACEAK_imi          		 0.0431595
EACEAL_imi          		 0.0425165
EACRW_imi           		 0.0390182
EACUS_imi           		 0.0182204
EACEAA_imiy         		 0.0102114
EACEAA_imcg         		 0.0259011
EACEAB_imcg         		 0.0259011
EACEAD_imcg         		 0.0259011
EACEAE_imcg         		 0.0259011
EACEAF_imcg         		 0.0259011
EACEAG_imcg         		 0.0259011
EACEAH_imcg         		 0.0259011
EACEAI_imcg         		 0.0259011
EACEAJ_imcg         		 0.0259011
EACEAK_imcg         		 0.0259011
EACEAL_imcg         		 0.0255151
EACRW_imcg          		 0.0234157
EACUS_imcg          		 0.0109345
EACEAA_imcgy        		 0.00612812
EACEAA_imig         		 0.00518021
EACEAB_imig         		 0.00518021
EACEAD_imig         		 0.00518021
EACEAE_imig         		 0.00518021
EACEAF_imig         		 0.00518021
EACEAG_imig         		 0.00518021
EACEAH_imig         		 0.00518021
EACEAI_imig         		 0.00518021
EACEAJ_imig         		 0.00518021
EACEAK_imig         		 0.00518021
EACEAL_imig         		 0.00510303
EACRW_imig          		 0.00468315
EACUS_imig          		 0.0021869
EACEAA_imigy        		 0.00122562
EAC_piex            		 1.00496
EAC_pextilde        		 0.910785
EACEAA_rer          		 1
EACEAB_rer          		 1
EACEAD_rer          		 1
EACEAE_rer          		 1
EACEAF_rer          		 1
EACEAG_rer          		 1
EACEAH_rer          		 1
EACEAI_rer          		 1
EACEAJ_rer          		 1
EACEAK_rer          		 1
EACEAL_rer          		 1.00316
EACRW_rer           		 0.988155
EACUS_rer           		 1.32211
EAC_sx              		 1
EACEAA_tot          		 1
EACEAB_tot          		 1
EACEAD_tot          		 1
EACEAE_tot          		 1
EACEAF_tot          		 1
EACEAG_tot          		 1
EACEAH_tot          		 1
EACEAI_tot          		 1
EACEAJ_tot          		 1
EACEAK_tot          		 1
EACEAL_tot          		 1.00655
EACRW_tot           		 1.04825
EACUS_tot           		 1.42332
EACEAA_weight       		 0.0790839
EACEAB_weight       		 0.0790839
EACEAD_weight       		 0.0790839
EACEAE_weight       		 0.0790839
EACEAF_weight       		 0.0790839
EACEAG_weight       		 0.0790839
EACEAH_weight       		 0.0790839
EACEAI_weight       		 0.0790839
EACEAJ_weight       		 0.0790839
EACEAK_weight       		 0.0790839
EACEAL_weight       		 0.0787645
EACRW_weight        		 0.0777095
EACUS_weight        		 0.0526868
EACEAA_weightex     		 0.0784261
EACEAB_weightex     		 0.0784261
EACEAD_weightex     		 0.0784261
EACEAE_weightex     		 0.0784261
EACEAF_weightex     		 0.0784261
EACEAG_weightex     		 0.0784261
EACEAH_weightex     		 0.0784261
EACEAI_weightex     		 0.0784261
EACEAJ_weightex     		 0.0784261
EACEAK_weightex     		 0.0784261
EACEAL_weightex     		 0.0784597
EACRW_weightex      		 0.0798398
EACUS_weightex      		 0.0574393
EACEAA_weightim     		 0.0797442
EACEAB_weightim     		 0.0797442
EACEAD_weightim     		 0.0797442
EACEAE_weightim     		 0.0797442
EACEAF_weightim     		 0.0797442
EACEAG_weightim     		 0.0797442
EACEAH_weightim     		 0.0797442
EACEAI_weightim     		 0.0797442
EACEAJ_weightim     		 0.0797442
EACEAK_weightim     		 0.0797442
EACEAL_weightim     		 0.0790705
EACRW_weightim      		 0.0755712
EACUS_weightim      		 0.0479164
EAC_b               		 9.23884
EAC_bf              		 -0.438914
EAC_by              		 2.4
EAC_c               		 2.14839
EAC_ci              		 2.50608
EAC_cj              		 1.07535
EAC_cy              		 0.558095
EAC_d               		 0.521782
EAC_dn              		 0.17754
EAC_dt              		 0.344243
EAC_etot            		 1.02304
EAC_ex              		 2.06883
EAC_fh              		 7.24839
EAC_fi              		 13.1099
EAC_fj              		 0.485553
EAC_fn              		 9.30006
EAC_cg              		 0.798686
EAC_gammab          		 0
EAC_gammai          		 0
EAC_gammaider       		 0
EAC_gammau          		 0
EAC_gammauder       		 0.0324171
EAC_gammav          		 0.000217026
EAC_gammavi         		 0.000101018
EAC_gammavider      		 0.00216519
EAC_gammavj         		 0.000101018
EAC_gammavjder      		 0.00216519
EAC_gh              		 8.69807
EAC_gi              		 4.98162
EAC_gj              		 3.86983
EAC_gn              		 13.9501
EAC_cgy             		 0.2
EAC_ht              		 0.828693
EAC_htc             		 0.348056
EAC_hti             		 0.0764956
EAC_htcg            		 0.336785
EAC_htig            		 0.067357
EAC_i               		 0.784379
EAC_ig              		 0.159737
EAC_ii              		 1.04584
EAC_im              		 2.00813
EAC_imc             		 1.10103
EAC_imi             		 0.527337
EAC_imcg            		 0.316467
EAC_imig            		 0.0632935
EAC_imy             		 0.48763
EAC_internalrer     		 1.22529
EAC_igy             		 0.04
EAC_k               		 31.3752
EAC_kd              		 31.3752
EAC_kdn             		 9.73912
EAC_kdt             		 21.636
EAC_ki              		 41.8335
EAC_lambdai         		 1.11937
EAC_lambdaj         		 2.60867
EAC_lcy             		 0.605119
EAC_m               		 0.902687
EAC_mcn             		 0.758988
EAC_mct             		 0.758988
EAC_mi              		 1.05297
EAC_mj              		 0.451829
EAC_nd              		 1.88637
EAC_ndi             		 0.862038
EAC_ndj             		 1.12419
EAC_ndn             		 0.585544
EAC_ndt             		 1.30082
EAC_ni              		 0.862038
EAC_nj              		 1.12419
EAC_nt              		 1.06326
EAC_ntc             		 0.704795
EAC_nti             		 0.182078
EAC_ntcg            		 0.146985
EAC_ntig            		 0.029397
EAC_pex             		 0.910785
EAC_pht             		 0.910785
EAC_phttilde        		 0.910785
EAC_pi              		 0.981545
EAC_pcg             		 0.963963
EAC_pig             		 0.963963
EAC_pic             		 1.00496
EAC_pic4            		 1.02
EAC_piex4           		 1.02
EAC_piht            		 1.00496
EAC_piimc           		 1.00496
EAC_piimi           		 1.00496
EAC_piimcg          		 1.00496
EAC_piimig          		 1.00496
EAC_piimc4          		 1.02
EAC_pim             		 0.934771
EAC_pimc            		 0.934771
EAC_pimi            		 0.934771
EAC_pimcg           		 0.934771
EAC_pimig           		 0.934771
EAC_pint            		 1.00496
EAC_piw             		 1.00496
EAC_piw4            		 1.02
EAC_pnt             		 1.13848
EAC_pnttilde        		 1.13848
EAC_pttc            		 0.929151
EAC_ptti            		 0.931818
EAC_pttcg           		 0.9226
EAC_pttig           		 0.9226
EAC_py              		 0.97191
EAC_q               		 0.981545
EAC_qc              		 2.14861
EAC_qi              		 0.784379
EAC_qcg             		 0.798686
EAC_qig             		 0.159737
EAC_r               		 1.01242
EAC_reer            		 1.01413
EAC_rer             		 1.32211
EAC_rerdep          		 1
EAC_rk              		 0.0318188
EAC_rp              		 0
EAC_rr              		 1.00742
EAC_rrstar          		 1.00742
EAC_sh              		 1
EAC_si              		 1
EAC_sj              		 1
EAC_snt             		 1
EAC_t               		 0
EAC_tauc            		 0.183
EAC_taud            		 0
EAC_tauk            		 0
EAC_taun            		 0.122
EAC_tauwf           		 0.219
EAC_tauwh           		 0.118
EAC_tb              		 0.00711726
EAC_tby             		 0.00184887
EAC_ti              		 0
EAC_tj              		 0
EAC_tot             		 1.42332
EAC_tr              		 0.283155
EAC_tri             		 0.18877
EAC_trj             		 0.56631
EAC_try             		 0.073556
EAC_ttc             		 1.44887
EAC_tti             		 0.603777
EAC_ttcg            		 0.653114
EAC_ttig            		 0.130623
EAC_ty              		 0
EAC_u               		 1
EAC_utili           		 -67.747
EAC_utilj           		 -217.985
EAC_vj              		 2.38
EAC_w               		 1.01302
EAC_wcst            		 0
EAC_whty            		 0.499335
EAC_wi              		 1.13582
EAC_witilde         		 1.13582
EAC_wj              		 0.828872
EAC_wjtilde         		 0.828872
EAC_wnty            		 0.490019
EAC_wy              		 0.496406
EAC_y               		 3.96078
EAC_ygap            		 0
EAC_ygrowth         		 1
EAC_ygrowth4        		 1
EAC_yhty            		 0.685546
EAC_ynty            		 0.314454
EAC_yshare          		 0.0665152
EAC_ysn             		 1.06326
EAC_yst             		 2.89752
EAC_zcon            		 1
EAC_zinv            		 1
EAC_zn              		 1
EAC_zt              		 1
EAC_gammav1         		 0.0287061
EAC_gammav2         		 0.150338
EAC_nutc            		 0.228531
EAC_nuti            		 0.119666
EAC_nutcg           		 0.499309
EAC_nutig           		 0.499309
EAC_psit            		 0.043468
EACEAA_rerbar       		 1
EACEAB_rerbar       		 1
EACEAD_rerbar       		 1
EACEAE_rerbar       		 1
EACEAF_rerbar       		 1
EACEAG_rerbar       		 1
EACEAH_rerbar       		 1
EACEAI_rerbar       		 1
EACEAJ_rerbar       		 1
EACEAK_rerbar       		 1
EACEAL_rerbar       		 1.00316
EACRW_rerbar        		 0.988155
EACUS_rerbar        		 1.32211
EAC_pibar           		 0.981545
EAC_psinbar         		 0.297712
EAC_psitbar         		 0.125949
EAC_pybar           		 0.97191
EAC_qbar            		 0.981545
EAC_trybar          		 0.073556
EAC_ybar            		 3.96078
EAC_ynbar           		 1.06326
EAC_ytbar           		 2.89752
EADEAA_excy         		 0.0213205
EADEAB_excy         		 0.0213205
EADEAC_excy         		 0.0213205
EADEAE_excy         		 0.0213205
EADEAF_excy         		 0.0213205
EADEAG_excy         		 0.0213205
EADEAH_excy         		 0.0213205
EADEAI_excy         		 0.0213205
EADEAJ_excy         		 0.0213205
EADEAK_excy         		 0.0213205
EADEAL_excy         		 0.0217196
EADRW_excy          		 0.0164031
EADUS_excy          		 0.00609685
EADEAA_exiy         		 0.0102114
EADEAB_exiy         		 0.0102114
EADEAC_exiy         		 0.0102114
EADEAE_exiy         		 0.0102114
EADEAF_exiy         		 0.0102114
EADEAG_exiy         		 0.0102114
EADEAH_exiy         		 0.0102114
EADEAI_exiy         		 0.0102114
EADEAJ_exiy         		 0.0102114
EADEAK_exiy         		 0.0102114
EADEAL_exiy         		 0.0102503
EADRW_exiy          		 0.0129191
EADUS_exiy          		 0.0048406
EAD_fx              		 6.14513
EADEAA_gammaimc     		 0
EADEAB_gammaimc     		 0
EADEAC_gammaimc     		 0
EADEAE_gammaimc     		 0
EADEAF_gammaimc     		 0
EADEAG_gammaimc     		 0
EADEAH_gammaimc     		 0
EADEAI_gammaimc     		 0
EADEAJ_gammaimc     		 0
EADEAK_gammaimc     		 0
EADEAL_gammaimc     		 0
EADRW_gammaimc      		 0
EADUS_gammaimc      		 0
EADEAA_gammaimcdag  		 1
EADEAB_gammaimcdag  		 1
EADEAC_gammaimcdag  		 1
EADEAE_gammaimcdag  		 1
EADEAF_gammaimcdag  		 1
EADEAG_gammaimcdag  		 1
EADEAH_gammaimcdag  		 1
EADEAI_gammaimcdag  		 1
EADEAJ_gammaimcdag  		 1
EADEAK_gammaimcdag  		 1
EADEAL_gammaimcdag  		 1
EADRW_gammaimcdag   		 1
EADUS_gammaimcdag   		 1
EADEAA_gammaimi     		 0
EADEAB_gammaimi     		 0
EADEAC_gammaimi     		 0
EADEAE_gammaimi     		 0
EADEAF_gammaimi     		 0
EADEAG_gammaimi     		 0
EADEAH_gammaimi     		 0
EADEAI_gammaimi     		 0
EADEAJ_gammaimi     		 0
EADEAK_gammaimi     		 0
EADEAL_gammaimi     		 0
EADRW_gammaimi      		 0
EADUS_gammaimi      		 0
EADEAA_gammaimidag  		 1
EADEAB_gammaimidag  		 1
EADEAC_gammaimidag  		 1
EADEAE_gammaimidag  		 1
EADEAF_gammaimidag  		 1
EADEAG_gammaimidag  		 1
EADEAH_gammaimidag  		 1
EADEAI_gammaimidag  		 1
EADEAJ_gammaimidag  		 1
EADEAK_gammaimidag  		 1
EADEAL_gammaimidag  		 1
EADRW_gammaimidag   		 1
EADUS_gammaimidag   		 1
EADEAA_gammaimcg    		 0
EADEAB_gammaimcg    		 0
EADEAC_gammaimcg    		 0
EADEAE_gammaimcg    		 0
EADEAF_gammaimcg    		 0
EADEAG_gammaimcg    		 0
EADEAH_gammaimcg    		 0
EADEAI_gammaimcg    		 0
EADEAJ_gammaimcg    		 0
EADEAK_gammaimcg    		 0
EADEAL_gammaimcg    		 0
EADRW_gammaimcg     		 0
EADUS_gammaimcg     		 0
EADEAA_gammaimcgdag 		 1
EADEAB_gammaimcgdag 		 1
EADEAC_gammaimcgdag 		 1
EADEAE_gammaimcgdag 		 1
EADEAF_gammaimcgdag 		 1
EADEAG_gammaimcgdag 		 1
EADEAH_gammaimcgdag 		 1
EADEAI_gammaimcgdag 		 1
EADEAJ_gammaimcgdag 		 1
EADEAK_gammaimcgdag 		 1
EADEAL_gammaimcgdag 		 1
EADRW_gammaimcgdag  		 1
EADUS_gammaimcgdag  		 1
EADEAA_gammaimig    		 0
EADEAB_gammaimig    		 0
EADEAC_gammaimig    		 0
EADEAE_gammaimig    		 0
EADEAF_gammaimig    		 0
EADEAG_gammaimig    		 0
EADEAH_gammaimig    		 0
EADEAI_gammaimig    		 0
EADEAJ_gammaimig    		 0
EADEAK_gammaimig    		 0
EADEAL_gammaimig    		 0
EADRW_gammaimig     		 0
EADUS_gammaimig     		 0
EADEAA_gammaimigdag 		 1
EADEAB_gammaimigdag 		 1
EADEAC_gammaimigdag 		 1
EADEAE_gammaimigdag 		 1
EADEAF_gammaimigdag 		 1
EADEAG_gammaimigdag 		 1
EADEAH_gammaimigdag 		 1
EADEAI_gammaimigdag 		 1
EADEAJ_gammaimigdag 		 1
EADEAK_gammaimigdag 		 1
EADEAL_gammaimigdag 		 1
EADRW_gammaimigdag  		 1
EADUS_gammaimigdag  		 1
EAD_gx              		 7.37415
EADEAA_im           		 0.164354
EADEAB_im           		 0.164354
EADEAC_im           		 0.164354
EADEAE_im           		 0.164354
EADEAF_im           		 0.164354
EADEAG_im           		 0.164354
EADEAH_im           		 0.164354
EADEAI_im           		 0.164354
EADEAJ_im           		 0.164354
EADEAK_im           		 0.164354
EADEAL_im           		 0.161905
EADRW_im            		 0.148583
EADUS_im            		 0.0693843
EADEAA_imc          		 0.090113
EADEAB_imc          		 0.090113
EADEAC_imc          		 0.090113
EADEAE_imc          		 0.090113
EADEAF_imc          		 0.090113
EADEAG_imc          		 0.090113
EADEAH_imc          		 0.090113
EADEAI_imc          		 0.090113
EADEAJ_imc          		 0.090113
EADEAK_imc          		 0.090113
EADEAL_imc          		 0.0887703
EADRW_imc           		 0.0814663
EADUS_imc           		 0.0380425
EADEAB_imcy         		 0.0213205
EADEAA_imi          		 0.0431595
EADEAB_imi          		 0.0431595
EADEAC_imi          		 0.0431595
EADEAE_imi          		 0.0431595
EADEAF_imi          		 0.0431595
EADEAG_imi          		 0.0431595
EADEAH_imi          		 0.0431595
EADEAI_imi          		 0.0431595
EADEAJ_imi          		 0.0431595
EADEAK_imi          		 0.0431595
EADEAL_imi          		 0.0425165
EADRW_imi           		 0.0390182
EADUS_imi           		 0.0182204
EADEAB_imiy         		 0.0102114
EADEAA_imcg         		 0.0259011
EADEAB_imcg         		 0.0259011
EADEAC_imcg         		 0.0259011
EADEAE_imcg         		 0.0259011
EADEAF_imcg         		 0.0259011
EADEAG_imcg         		 0.0259011
EADEAH_imcg         		 0.0259011
EADEAI_imcg         		 0.0259011
EADEAJ_imcg         		 0.0259011
EADEAK_imcg         		 0.0259011
EADEAL_imcg         		 0.0255151
EADRW_imcg          		 0.0234157
EADUS_imcg          		 0.0109345
EADEAB_imcgy        		 0.00612812
EADEAA_imig         		 0.00518021
EADEAB_imig         		 0.00518021
EADEAC_imig         		 0.00518021
EADEAE_imig         		 0.00518021
EADEAF_imig         		 0.00518021
EADEAG_imig         		 0.00518021
EADEAH_imig         		 0.00518021
EADEAI_imig         		 0.00518021
EADEAJ_imig         		 0.00518021
EADEAK_imig         		 0.00518021
EADEAL_imig         		 0.00510303
EADRW_imig          		 0.00468315
EADUS_imig          		 0.0021869
EADEAB_imigy        		 0.00122562
EAD_piex            		 1.00496
EAD_pextilde        		 0.910785
EADEAA_rer          		 1
EADEAB_rer          		 1
EADEAC_rer          		 1
EADEAE_rer          		 1
EADEAF_rer          		 1
EADEAG_rer          		 1
EADEAH_rer          		 1
EADEAI_rer          		 1
EADEAJ_rer          		 1
EADEAK_rer          		 1
EADEAL_rer          		 1.00316
EADRW_rer           		 0.988155
EADUS_rer           		 1.32211
EAD_sx              		 1
EADEAA_tot          		 1
EADEAB_tot          		 1
EADEAC_tot          		 1
EADEAE_tot          		 1
EADEAF_tot          		 1
EADEAG_tot          		 1
EADEAH_tot          		 1
EADEAI_tot          		 1
EADEAJ_tot          		 1
EADEAK_tot          		 1
EADEAL_tot          		 1.00655
EADRW_tot           		 1.04825
EADUS_tot           		 1.42332
EADEAA_weight       		 0.0790839
EADEAB_weight       		 0.0790839
EADEAC_weight       		 0.0790839
EADEAE_weight       		 0.0790839
EADEAF_weight       		 0.0790839
EADEAG_weight       		 0.0790839
EADEAH_weight       		 0.0790839
EADEAI_weight       		 0.0790839
EADEAJ_weight       		 0.0790839
EADEAK_weight       		 0.0790839
EADEAL_weight       		 0.0787645
EADRW_weight        		 0.0777095
EADUS_weight        		 0.0526868
EADEAA_weightex     		 0.0784261
EADEAB_weightex     		 0.0784261
EADEAC_weightex     		 0.0784261
EADEAE_weightex     		 0.0784261
EADEAF_weightex     		 0.0784261
EADEAG_weightex     		 0.0784261
EADEAH_weightex     		 0.0784261
EADEAI_weightex     		 0.0784261
EADEAJ_weightex     		 0.0784261
EADEAK_weightex     		 0.0784261
EADEAL_weightex     		 0.0784597
EADRW_weightex      		 0.0798398
EADUS_weightex      		 0.0574393
EADEAA_weightim     		 0.0797442
EADEAB_weightim     		 0.0797442
EADEAC_weightim     		 0.0797442
EADEAE_weightim     		 0.0797442
EADEAF_weightim     		 0.0797442
EADEAG_weightim     		 0.0797442
EADEAH_weightim     		 0.0797442
EADEAI_weightim     		 0.0797442
EADEAJ_weightim     		 0.0797442
EADEAK_weightim     		 0.0797442
EADEAL_weightim     		 0.0790705
EADRW_weightim      		 0.0755712
EADUS_weightim      		 0.0479164
EAD_b               		 9.23884
EAD_bf              		 -0.438914
EAD_by              		 2.4
EAD_c               		 2.14839
EAD_ci              		 2.50608
EAD_cj              		 1.07535
EAD_cy              		 0.558095
EAD_d               		 0.521782
EAD_dn              		 0.17754
EAD_dt              		 0.344243
EAD_etot            		 1.02304
EAD_ex              		 2.06883
EAD_fh              		 7.24839
EAD_fi              		 13.1099
EAD_fj              		 0.485553
EAD_fn              		 9.30006
EAD_cg              		 0.798686
EAD_gammab          		 0
EAD_gammai          		 0
EAD_gammaider       		 0
EAD_gammau          		 0
EAD_gammauder       		 0.0324171
EAD_gammav          		 0.000217026
EAD_gammavi         		 0.000101018
EAD_gammavider      		 0.00216519
EAD_gammavj         		 0.000101018
EAD_gammavjder      		 0.00216519
EAD_gh              		 8.69807
EAD_gi              		 4.98162
EAD_gj              		 3.86983
EAD_gn              		 13.9501
EAD_cgy             		 0.2
EAD_ht              		 0.828693
EAD_htc             		 0.348056
EAD_hti             		 0.0764956
EAD_htcg            		 0.336785
EAD_htig            		 0.067357
EAD_i               		 0.784379
EAD_ig              		 0.159737
EAD_ii              		 1.04584
EAD_im              		 2.00813
EAD_imc             		 1.10103
EAD_imi             		 0.527337
EAD_imcg            		 0.316467
EAD_imig            		 0.0632935
EAD_imy             		 0.48763
EAD_internalrer     		 1.22529
EAD_igy             		 0.04
EAD_k               		 31.3752
EAD_kd              		 31.3752
EAD_kdn             		 9.73912
EAD_kdt             		 21.636
EAD_ki              		 41.8335
EAD_lambdai         		 1.11937
EAD_lambdaj         		 2.60867
EAD_lcy             		 0.605119
EAD_m               		 0.902687
EAD_mcn             		 0.758988
EAD_mct             		 0.758988
EAD_mi              		 1.05297
EAD_mj              		 0.451829
EAD_nd              		 1.88637
EAD_ndi             		 0.862038
EAD_ndj             		 1.12419
EAD_ndn             		 0.585544
EAD_ndt             		 1.30082
EAD_ni              		 0.862038
EAD_nj              		 1.12419
EAD_nt              		 1.06326
EAD_ntc             		 0.704795
EAD_nti             		 0.182078
EAD_ntcg            		 0.146985
EAD_ntig            		 0.029397
EAD_pex             		 0.910785
EAD_pht             		 0.910785
EAD_phttilde        		 0.910785
EAD_pi              		 0.981545
EAD_pcg             		 0.963963
EAD_pig             		 0.963963
EAD_pic             		 1.00496
EAD_pic4            		 1.02
EAD_piex4           		 1.02
EAD_piht            		 1.00496
EAD_piimc           		 1.00496
EAD_piimi           		 1.00496
EAD_piimcg          		 1.00496
EAD_piimig          		 1.00496
EAD_piimc4          		 1.02
EAD_pim             		 0.934771
EAD_pimc            		 0.934771
EAD_pimi            		 0.934771
EAD_pimcg           		 0.934771
EAD_pimig           		 0.934771
EAD_pint            		 1.00496
EAD_piw             		 1.00496
EAD_piw4            		 1.02
EAD_pnt             		 1.13848
EAD_pnttilde        		 1.13848
EAD_pttc            		 0.929151
EAD_ptti            		 0.931818
EAD_pttcg           		 0.9226
EAD_pttig           		 0.9226
EAD_py              		 0.97191
EAD_q               		 0.981545
EAD_qc              		 2.14861
EAD_qi              		 0.784379
EAD_qcg             		 0.798686
EAD_qig             		 0.159737
EAD_r               		 1.01242
EAD_reer            		 1.01413
EAD_rer             		 1.32211
EAD_rerdep          		 1
EAD_rk              		 0.0318188
EAD_rp              		 0
EAD_rr              		 1.00742
EAD_rrstar          		 1.00742
EAD_sh              		 1
EAD_si              		 1
EAD_sj              		 1
EAD_snt             		 1
EAD_t               		 0
EAD_tauc            		 0.183
EAD_taud            		 0
EAD_tauk            		 0
EAD_taun            		 0.122
EAD_tauwf           		 0.219
EAD_tauwh           		 0.118
EAD_tb              		 0.00711726
EAD_tby             		 0.00184887
EAD_ti              		 0
EAD_tj              		 0
EAD_tot             		 1.42332
EAD_tr              		 0.283155
EAD_tri             		 0.18877
EAD_trj             		 0.56631
EAD_try             		 0.073556
EAD_ttc             		 1.44887
EAD_tti             		 0.603777
EAD_ttcg            		 0.653114
EAD_ttig            		 0.130623
EAD_ty              		 0
EAD_u               		 1
EAD_utili           		 -67.747
EAD_utilj           		 -217.985
EAD_vj              		 2.38
EAD_w               		 1.01302
EAD_wcst            		 0
EAD_whty            		 0.499335
EAD_wi              		 1.13582
EAD_witilde         		 1.13582
EAD_wj              		 0.828872
EAD_wjtilde         		 0.828872
EAD_wnty            		 0.490019
EAD_wy              		 0.496406
EAD_y               		 3.96078
EAD_ygap            		 0
EAD_ygrowth         		 1
EAD_ygrowth4        		 1
EAD_yhty            		 0.685546
EAD_ynty            		 0.314454
EAD_yshare          		 0.0665152
EAD_ysn             		 1.06326
EAD_yst             		 2.89752
EAD_zcon            		 1
EAD_zinv            		 1
EAD_zn              		 1
EAD_zt              		 1
EAD_gammav1         		 0.0287061
EAD_gammav2         		 0.150338
EAD_nutc            		 0.228531
EAD_nuti            		 0.119666
EAD_nutcg           		 0.499309
EAD_nutig           		 0.499309
EAD_psit            		 0.043468
EADEAA_rerbar       		 1
EADEAB_rerbar       		 1
EADEAC_rerbar       		 1
EADEAE_rerbar       		 1
EADEAF_rerbar       		 1
EADEAG_rerbar       		 1
EADEAH_rerbar       		 1
EADEAI_rerbar       		 1
EADEAJ_rerbar       		 1
EADEAK_rerbar       		 1
EADEAL_rerbar       		 1.00316
EADRW_rerbar        		 0.988155
EADUS_rerbar        		 1.32211
EAD_pibar           		 0.981545
EAD_psinbar         		 0.297712
EAD_psitbar         		 0.125949
EAD_pybar           		 0.97191
EAD_qbar            		 0.981545
EAD_trybar          		 0.073556
EAD_ybar            		 3.96078
EAD_ynbar           		 1.06326
EAD_ytbar           		 2.89752
EAEEAA_excy         		 0.0213205
EAEEAB_excy         		 0.0213205
EAEEAC_excy         		 0.0213205
EAEEAD_excy         		 0.0213205
EAEEAF_excy         		 0.0213205
EAEEAG_excy         		 0.0213205
EAEEAH_excy         		 0.0213205
EAEEAI_excy         		 0.0213205
EAEEAJ_excy         		 0.0213205
EAEEAK_excy         		 0.0213205
EAEEAL_excy         		 0.0217196
EAERW_excy          		 0.0164031
EAEUS_excy          		 0.00609685
EAEEAA_exiy         		 0.0102114
EAEEAB_exiy         		 0.0102114
EAEEAC_exiy         		 0.0102114
EAEEAD_exiy         		 0.0102114
EAEEAF_exiy         		 0.0102114
EAEEAG_exiy         		 0.0102114
EAEEAH_exiy         		 0.0102114
EAEEAI_exiy         		 0.0102114
EAEEAJ_exiy         		 0.0102114
EAEEAK_exiy         		 0.0102114
EAEEAL_exiy         		 0.0102503
EAERW_exiy          		 0.0129191
EAEUS_exiy          		 0.0048406
EAE_fx              		 6.14513
EAEEAA_gammaimc     		 0
EAEEAB_gammaimc     		 0
EAEEAC_gammaimc     		 0
EAEEAD_gammaimc     		 0
EAEEAF_gammaimc     		 0
EAEEAG_gammaimc     		 0
EAEEAH_gammaimc     		 0
EAEEAI_gammaimc     		 0
EAEEAJ_gammaimc     		 0
EAEEAK_gammaimc     		 0
EAEEAL_gammaimc     		 0
EAERW_gammaimc      		 0
EAEUS_gammaimc      		 0
EAEEAA_gammaimcdag  		 1
EAEEAB_gammaimcdag  		 1
EAEEAC_gammaimcdag  		 1
EAEEAD_gammaimcdag  		 1
EAEEAF_gammaimcdag  		 1
EAEEAG_gammaimcdag  		 1
EAEEAH_gammaimcdag  		 1
EAEEAI_gammaimcdag  		 1
EAEEAJ_gammaimcdag  		 1
EAEEAK_gammaimcdag  		 1
EAEEAL_gammaimcdag  		 1
EAERW_gammaimcdag   		 1
EAEUS_gammaimcdag   		 1
EAEEAA_gammaimi     		 0
EAEEAB_gammaimi     		 0
EAEEAC_gammaimi     		 0
EAEEAD_gammaimi     		 0
EAEEAF_gammaimi     		 0
EAEEAG_gammaimi     		 0
EAEEAH_gammaimi     		 0
EAEEAI_gammaimi     		 0
EAEEAJ_gammaimi     		 0
EAEEAK_gammaimi     		 0
EAEEAL_gammaimi     		 0
EAERW_gammaimi      		 0
EAEUS_gammaimi      		 0
EAEEAA_gammaimidag  		 1
EAEEAB_gammaimidag  		 1
EAEEAC_gammaimidag  		 1
EAEEAD_gammaimidag  		 1
EAEEAF_gammaimidag  		 1
EAEEAG_gammaimidag  		 1
EAEEAH_gammaimidag  		 1
EAEEAI_gammaimidag  		 1
EAEEAJ_gammaimidag  		 1
EAEEAK_gammaimidag  		 1
EAEEAL_gammaimidag  		 1
EAERW_gammaimidag   		 1
EAEUS_gammaimidag   		 1
EAEEAA_gammaimcg    		 0
EAEEAB_gammaimcg    		 0
EAEEAC_gammaimcg    		 0
EAEEAD_gammaimcg    		 0
EAEEAF_gammaimcg    		 0
EAEEAG_gammaimcg    		 0
EAEEAH_gammaimcg    		 0
EAEEAI_gammaimcg    		 0
EAEEAJ_gammaimcg    		 0
EAEEAK_gammaimcg    		 0
EAEEAL_gammaimcg    		 0
EAERW_gammaimcg     		 0
EAEUS_gammaimcg     		 0
EAEEAA_gammaimcgdag 		 1
EAEEAB_gammaimcgdag 		 1
EAEEAC_gammaimcgdag 		 1
EAEEAD_gammaimcgdag 		 1
EAEEAF_gammaimcgdag 		 1
EAEEAG_gammaimcgdag 		 1
EAEEAH_gammaimcgdag 		 1
EAEEAI_gammaimcgdag 		 1
EAEEAJ_gammaimcgdag 		 1
EAEEAK_gammaimcgdag 		 1
EAEEAL_gammaimcgdag 		 1
EAERW_gammaimcgdag  		 1
EAEUS_gammaimcgdag  		 1
EAEEAA_gammaimig    		 0
EAEEAB_gammaimig    		 0
EAEEAC_gammaimig    		 0
EAEEAD_gammaimig    		 0
EAEEAF_gammaimig    		 0
EAEEAG_gammaimig    		 0
EAEEAH_gammaimig    		 0
EAEEAI_gammaimig    		 0
EAEEAJ_gammaimig    		 0
EAEEAK_gammaimig    		 0
EAEEAL_gammaimig    		 0
EAERW_gammaimig     		 0
EAEUS_gammaimig     		 0
EAEEAA_gammaimigdag 		 1
EAEEAB_gammaimigdag 		 1
EAEEAC_gammaimigdag 		 1
EAEEAD_gammaimigdag 		 1
EAEEAF_gammaimigdag 		 1
EAEEAG_gammaimigdag 		 1
EAEEAH_gammaimigdag 		 1
EAEEAI_gammaimigdag 		 1
EAEEAJ_gammaimigdag 		 1
EAEEAK_gammaimigdag 		 1
EAEEAL_gammaimigdag 		 1
EAERW_gammaimigdag  		 1
EAEUS_gammaimigdag  		 1
EAE_gx              		 7.37415
EAEEAA_im           		 0.164354
EAEEAB_im           		 0.164354
EAEEAC_im           		 0.164354
EAEEAD_im           		 0.164354
EAEEAF_im           		 0.164354
EAEEAG_im           		 0.164354
EAEEAH_im           		 0.164354
EAEEAI_im           		 0.164354
EAEEAJ_im           		 0.164354
EAEEAK_im           		 0.164354
EAEEAL_im           		 0.161905
EAERW_im            		 0.148583
EAEUS_im            		 0.0693843
EAEEAA_imc          		 0.090113
EAEEAB_imc          		 0.090113
EAEEAC_imc          		 0.090113
EAEEAD_imc          		 0.090113
EAEEAF_imc          		 0.090113
EAEEAG_imc          		 0.090113
EAEEAH_imc          		 0.090113
EAEEAI_imc          		 0.090113
EAEEAJ_imc          		 0.090113
EAEEAK_imc          		 0.090113
EAEEAL_imc          		 0.0887703
EAERW_imc           		 0.0814663
EAEUS_imc           		 0.0380425
EAEEAC_imcy         		 0.0213205
EAEEAA_imi          		 0.0431595
EAEEAB_imi          		 0.0431595
EAEEAC_imi          		 0.0431595
EAEEAD_imi          		 0.0431595
EAEEAF_imi          		 0.0431595
EAEEAG_imi          		 0.0431595
EAEEAH_imi          		 0.0431595
EAEEAI_imi          		 0.0431595
EAEEAJ_imi          		 0.0431595
EAEEAK_imi          		 0.0431595
EAEEAL_imi          		 0.0425165
EAERW_imi           		 0.0390182
EAEUS_imi           		 0.0182204
EAEEAC_imiy         		 0.0102114
EAEEAA_imcg         		 0.0259011
EAEEAB_imcg         		 0.0259011
EAEEAC_imcg         		 0.0259011
EAEEAD_imcg         		 0.0259011
EAEEAF_imcg         		 0.0259011
EAEEAG_imcg         		 0.0259011
EAEEAH_imcg         		 0.0259011
EAEEAI_imcg         		 0.0259011
EAEEAJ_imcg         		 0.0259011
EAEEAK_imcg         		 0.0259011
EAEEAL_imcg         		 0.0255151
EAERW_imcg          		 0.0234157
EAEUS_imcg          		 0.0109345
EAEEAC_imcgy        		 0.00612812
EAEEAA_imig         		 0.00518021
EAEEAB_imig         		 0.00518021
EAEEAC_imig         		 0.00518021
EAEEAD_imig         		 0.00518021
EAEEAF_imig         		 0.00518021
EAEEAG_imig         		 0.00518021
EAEEAH_imig         		 0.00518021
EAEEAI_imig         		 0.00518021
EAEEAJ_imig         		 0.00518021
EAEEAK_imig         		 0.00518021
EAEEAL_imig         		 0.00510303
EAERW_imig          		 0.00468315
EAEUS_imig          		 0.0021869
EAEEAC_imigy        		 0.00122562
EAE_piex            		 1.00496
EAE_pextilde        		 0.910785
EAEEAA_rer          		 1
EAEEAB_rer          		 1
EAEEAC_rer          		 1
EAEEAD_rer          		 1
EAEEAF_rer          		 1
EAEEAG_rer          		 1
EAEEAH_rer          		 1
EAEEAI_rer          		 1
EAEEAJ_rer          		 1
EAEEAK_rer          		 1
EAEEAL_rer          		 1.00316
EAERW_rer           		 0.988155
EAEUS_rer           		 1.32211
EAE_sx              		 1
EAEEAA_tot          		 1
EAEEAB_tot          		 1
EAEEAC_tot          		 1
EAEEAD_tot          		 1
EAEEAF_tot          		 1
EAEEAG_tot          		 1
EAEEAH_tot          		 1
EAEEAI_tot          		 1
EAEEAJ_tot          		 1
EAEEAK_tot          		 1
EAEEAL_tot          		 1.00655
EAERW_tot           		 1.04825
EAEUS_tot           		 1.42332
EAEEAA_weight       		 0.0790839
EAEEAB_weight       		 0.0790839
EAEEAC_weight       		 0.0790839
EAEEAD_weight       		 0.0790839
EAEEAF_weight       		 0.0790839
EAEEAG_weight       		 0.0790839
EAEEAH_weight       		 0.0790839
EAEEAI_weight       		 0.0790839
EAEEAJ_weight       		 0.0790839
EAEEAK_weight       		 0.0790839
EAEEAL_weight       		 0.0787645
EAERW_weight        		 0.0777095
EAEUS_weight        		 0.0526868
EAEEAA_weightex     		 0.0784261
EAEEAB_weightex     		 0.0784261
EAEEAC_weightex     		 0.0784261
EAEEAD_weightex     		 0.0784261
EAEEAF_weightex     		 0.0784261
EAEEAG_weightex     		 0.0784261
EAEEAH_weightex     		 0.0784261
EAEEAI_weightex     		 0.0784261
EAEEAJ_weightex     		 0.0784261
EAEEAK_weightex     		 0.0784261
EAEEAL_weightex     		 0.0784597
EAERW_weightex      		 0.0798398
EAEUS_weightex      		 0.0574393
EAEEAA_weightim     		 0.0797442
EAEEAB_weightim     		 0.0797442
EAEEAC_weightim     		 0.0797442
EAEEAD_weightim     		 0.0797442
EAEEAF_weightim     		 0.0797442
EAEEAG_weightim     		 0.0797442
EAEEAH_weightim     		 0.0797442
EAEEAI_weightim     		 0.0797442
EAEEAJ_weightim     		 0.0797442
EAEEAK_weightim     		 0.0797442
EAEEAL_weightim     		 0.0790705
EAERW_weightim      		 0.0755712
EAEUS_weightim      		 0.0479164
EAE_b               		 9.23884
EAE_bf              		 -0.438914
EAE_by              		 2.4
EAE_c               		 2.14839
EAE_ci              		 2.50608
EAE_cj              		 1.07535
EAE_cy              		 0.558095
EAE_d               		 0.521782
EAE_dn              		 0.17754
EAE_dt              		 0.344243
EAE_etot            		 1.02304
EAE_ex              		 2.06883
EAE_fh              		 7.24839
EAE_fi              		 13.1099
EAE_fj              		 0.485553
EAE_fn              		 9.30006
EAE_cg              		 0.798686
EAE_gammab          		 0
EAE_gammai          		 0
EAE_gammaider       		 0
EAE_gammau          		 0
EAE_gammauder       		 0.0324171
EAE_gammav          		 0.000217026
EAE_gammavi         		 0.000101018
EAE_gammavider      		 0.00216519
EAE_gammavj         		 0.000101018
EAE_gammavjder      		 0.00216519
EAE_gh              		 8.69807
EAE_gi              		 4.98162
EAE_gj              		 3.86983
EAE_gn              		 13.9501
EAE_cgy             		 0.2
EAE_ht              		 0.828693
EAE_htc             		 0.348056
EAE_hti             		 0.0764956
EAE_htcg            		 0.336785
EAE_htig            		 0.067357
EAE_i               		 0.784379
EAE_ig              		 0.159737
EAE_ii              		 1.04584
EAE_im              		 2.00813
EAE_imc             		 1.10103
EAE_imi             		 0.527337
EAE_imcg            		 0.316467
EAE_imig            		 0.0632935
EAE_imy             		 0.48763
EAE_internalrer     		 1.22529
EAE_igy             		 0.04
EAE_k               		 31.3752
EAE_kd              		 31.3752
EAE_kdn             		 9.73912
EAE_kdt             		 21.636
EAE_ki              		 41.8335
EAE_lambdai         		 1.11937
EAE_lambdaj         		 2.60867
EAE_lcy             		 0.605119
EAE_m               		 0.902687
EAE_mcn             		 0.758988
EAE_mct             		 0.758988
EAE_mi              		 1.05297
EAE_mj              		 0.451829
EAE_nd              		 1.88637
EAE_ndi             		 0.862038
EAE_ndj             		 1.12419
EAE_ndn             		 0.585544
EAE_ndt             		 1.30082
EAE_ni              		 0.862038
EAE_nj              		 1.12419
EAE_nt              		 1.06326
EAE_ntc             		 0.704795
EAE_nti             		 0.182078
EAE_ntcg            		 0.146985
EAE_ntig            		 0.029397
EAE_pex             		 0.910785
EAE_pht             		 0.910785
EAE_phttilde        		 0.910785
EAE_pi              		 0.981545
EAE_pcg             		 0.963963
EAE_pig             		 0.963963
EAE_pic             		 1.00496
EAE_pic4            		 1.02
EAE_piex4           		 1.02
EAE_piht            		 1.00496
EAE_piimc           		 1.00496
EAE_piimi           		 1.00496
EAE_piimcg          		 1.00496
EAE_piimig          		 1.00496
EAE_piimc4          		 1.02
EAE_pim             		 0.934771
EAE_pimc            		 0.934771
EAE_pimi            		 0.934771
EAE_pimcg           		 0.934771
EAE_pimig           		 0.934771
EAE_pint            		 1.00496
EAE_piw             		 1.00496
EAE_piw4            		 1.02
EAE_pnt             		 1.13848
EAE_pnttilde        		 1.13848
EAE_pttc            		 0.929151
EAE_ptti            		 0.931818
EAE_pttcg           		 0.9226
EAE_pttig           		 0.9226
EAE_py              		 0.97191
EAE_q               		 0.981545
EAE_qc              		 2.14861
EAE_qi              		 0.784379
EAE_qcg             		 0.798686
EAE_qig             		 0.159737
EAE_r               		 1.01242
EAE_reer            		 1.01413
EAE_rer             		 1.32211
EAE_rerdep          		 1
EAE_rk              		 0.0318188
EAE_rp              		 0
EAE_rr              		 1.00742
EAE_rrstar          		 1.00742
EAE_sh              		 1
EAE_si              		 1
EAE_sj              		 1
EAE_snt             		 1
EAE_t               		 0
EAE_tauc            		 0.183
EAE_taud            		 0
EAE_tauk            		 0
EAE_taun            		 0.122
EAE_tauwf           		 0.219
EAE_tauwh           		 0.118
EAE_tb              		 0.00711726
EAE_tby             		 0.00184887
EAE_ti              		 0
EAE_tj              		 0
EAE_tot             		 1.42332
EAE_tr              		 0.283155
EAE_tri             		 0.18877
EAE_trj             		 0.56631
EAE_try             		 0.073556
EAE_ttc             		 1.44887
EAE_tti             		 0.603777
EAE_ttcg            		 0.653114
EAE_ttig            		 0.130623
EAE_ty              		 0
EAE_u               		 1
EAE_utili           		 -67.747
EAE_utilj           		 -217.985
EAE_vj              		 2.38
EAE_w               		 1.01302
EAE_wcst            		 0
EAE_whty            		 0.499335
EAE_wi              		 1.13582
EAE_witilde         		 1.13582
EAE_wj              		 0.828872
EAE_wjtilde         		 0.828872
EAE_wnty            		 0.490019
EAE_wy              		 0.496406
EAE_y               		 3.96078
EAE_ygap            		 0
EAE_ygrowth         		 1
EAE_ygrowth4        		 1
EAE_yhty            		 0.685546
EAE_ynty            		 0.314454
EAE_yshare          		 0.0665152
EAE_ysn             		 1.06326
EAE_yst             		 2.89752
EAE_zcon            		 1
EAE_zinv            		 1
EAE_zn              		 1
EAE_zt              		 1
EAE_gammav1         		 0.0287061
EAE_gammav2         		 0.150338
EAE_nutc            		 0.228531
EAE_nuti            		 0.119666
EAE_nutcg           		 0.499309
EAE_nutig           		 0.499309
EAE_psit            		 0.043468
EAEEAA_rerbar       		 1
EAEEAB_rerbar       		 1
EAEEAC_rerbar       		 1
EAEEAD_rerbar       		 1
EAEEAF_rerbar       		 1
EAEEAG_rerbar       		 1
EAEEAH_rerbar       		 1
EAEEAI_rerbar       		 1
EAEEAJ_rerbar       		 1
EAEEAK_rerbar       		 1
EAEEAL_rerbar       		 1.00316
EAERW_rerbar        		 0.988155
EAEUS_rerbar        		 1.32211
EAE_pibar           		 0.981545
EAE_psinbar         		 0.297712
EAE_psitbar         		 0.125949
EAE_pybar           		 0.97191
EAE_qbar            		 0.981545
EAE_trybar          		 0.073556
EAE_ybar            		 3.96078
EAE_ynbar           		 1.06326
EAE_ytbar           		 2.89752
EAFEAA_excy         		 0.0213205
EAFEAB_excy         		 0.0213205
EAFEAC_excy         		 0.0213205
EAFEAD_excy         		 0.0213205
EAFEAE_excy         		 0.0213205
EAFEAG_excy         		 0.0213205
EAFEAH_excy         		 0.0213205
EAFEAI_excy         		 0.0213205
EAFEAJ_excy         		 0.0213205
EAFEAK_excy         		 0.0213205
EAFEAL_excy         		 0.0217196
EAFRW_excy          		 0.0164031
EAFUS_excy          		 0.00609685
EAFEAA_exiy         		 0.0102114
EAFEAB_exiy         		 0.0102114
EAFEAC_exiy         		 0.0102114
EAFEAD_exiy         		 0.0102114
EAFEAE_exiy         		 0.0102114
EAFEAG_exiy         		 0.0102114
EAFEAH_exiy         		 0.0102114
EAFEAI_exiy         		 0.0102114
EAFEAJ_exiy         		 0.0102114
EAFEAK_exiy         		 0.0102114
EAFEAL_exiy         		 0.0102503
EAFRW_exiy          		 0.0129191
EAFUS_exiy          		 0.0048406
EAF_fx              		 6.14513
EAFEAA_gammaimc     		 0
EAFEAB_gammaimc     		 0
EAFEAC_gammaimc     		 0
EAFEAD_gammaimc     		 0
EAFEAE_gammaimc     		 0
EAFEAG_gammaimc     		 0
EAFEAH_gammaimc     		 0
EAFEAI_gammaimc     		 0
EAFEAJ_gammaimc     		 0
EAFEAK_gammaimc     		 0
EAFEAL_gammaimc     		 0
EAFRW_gammaimc      		 0
EAFUS_gammaimc      		 0
EAFEAA_gammaimcdag  		 1
EAFEAB_gammaimcdag  		 1
EAFEAC_gammaimcdag  		 1
EAFEAD_gammaimcdag  		 1
EAFEAE_gammaimcdag  		 1
EAFEAG_gammaimcdag  		 1
EAFEAH_gammaimcdag  		 1
EAFEAI_gammaimcdag  		 1
EAFEAJ_gammaimcdag  		 1
EAFEAK_gammaimcdag  		 1
EAFEAL_gammaimcdag  		 1
EAFRW_gammaimcdag   		 1
EAFUS_gammaimcdag   		 1
EAFEAA_gammaimi     		 0
EAFEAB_gammaimi     		 0
EAFEAC_gammaimi     		 0
EAFEAD_gammaimi     		 0
EAFEAE_gammaimi     		 0
EAFEAG_gammaimi     		 0
EAFEAH_gammaimi     		 0
EAFEAI_gammaimi     		 0
EAFEAJ_gammaimi     		 0
EAFEAK_gammaimi     		 0
EAFEAL_gammaimi     		 0
EAFRW_gammaimi      		 0
EAFUS_gammaimi      		 0
EAFEAA_gammaimidag  		 1
EAFEAB_gammaimidag  		 1
EAFEAC_gammaimidag  		 1
EAFEAD_gammaimidag  		 1
EAFEAE_gammaimidag  		 1
EAFEAG_gammaimidag  		 1
EAFEAH_gammaimidag  		 1
EAFEAI_gammaimidag  		 1
EAFEAJ_gammaimidag  		 1
EAFEAK_gammaimidag  		 1
EAFEAL_gammaimidag  		 1
EAFRW_gammaimidag   		 1
EAFUS_gammaimidag   		 1
EAFEAA_gammaimcg    		 0
EAFEAB_gammaimcg    		 0
EAFEAC_gammaimcg    		 0
EAFEAD_gammaimcg    		 0
EAFEAE_gammaimcg    		 0
EAFEAG_gammaimcg    		 0
EAFEAH_gammaimcg    		 0
EAFEAI_gammaimcg    		 0
EAFEAJ_gammaimcg    		 0
EAFEAK_gammaimcg    		 0
EAFEAL_gammaimcg    		 0
EAFRW_gammaimcg     		 0
EAFUS_gammaimcg     		 0
EAFEAA_gammaimcgdag 		 1
EAFEAB_gammaimcgdag 		 1
EAFEAC_gammaimcgdag 		 1
EAFEAD_gammaimcgdag 		 1
EAFEAE_gammaimcgdag 		 1
EAFEAG_gammaimcgdag 		 1
EAFEAH_gammaimcgdag 		 1
EAFEAI_gammaimcgdag 		 1
EAFEAJ_gammaimcgdag 		 1
EAFEAK_gammaimcgdag 		 1
EAFEAL_gammaimcgdag 		 1
EAFRW_gammaimcgdag  		 1
EAFUS_gammaimcgdag  		 1
EAFEAA_gammaimig    		 0
EAFEAB_gammaimig    		 0
EAFEAC_gammaimig    		 0
EAFEAD_gammaimig    		 0
EAFEAE_gammaimig    		 0
EAFEAG_gammaimig    		 0
EAFEAH_gammaimig    		 0
EAFEAI_gammaimig    		 0
EAFEAJ_gammaimig    		 0
EAFEAK_gammaimig    		 0
EAFEAL_gammaimig    		 0
EAFRW_gammaimig     		 0
EAFUS_gammaimig     		 0
EAFEAA_gammaimigdag 		 1
EAFEAB_gammaimigdag 		 1
EAFEAC_gammaimigdag 		 1
EAFEAD_gammaimigdag 		 1
EAFEAE_gammaimigdag 		 1
EAFEAG_gammaimigdag 		 1
EAFEAH_gammaimigdag 		 1
EAFEAI_gammaimigdag 		 1
EAFEAJ_gammaimigdag 		 1
EAFEAK_gammaimigdag 		 1
EAFEAL_gammaimigdag 		 1
EAFRW_gammaimigdag  		 1
EAFUS_gammaimigdag  		 1
EAF_gx              		 7.37415
EAFEAA_im           		 0.164354
EAFEAB_im           		 0.164354
EAFEAC_im           		 0.164354
EAFEAD_im           		 0.164354
EAFEAE_im           		 0.164354
EAFEAG_im           		 0.164354
EAFEAH_im           		 0.164354
EAFEAI_im           		 0.164354
EAFEAJ_im           		 0.164354
EAFEAK_im           		 0.164354
EAFEAL_im           		 0.161905
EAFRW_im            		 0.148583
EAFUS_im            		 0.0693843
EAFEAA_imc          		 0.090113
EAFEAB_imc          		 0.090113
EAFEAC_imc          		 0.090113
EAFEAD_imc          		 0.090113
EAFEAE_imc          		 0.090113
EAFEAG_imc          		 0.090113
EAFEAH_imc          		 0.090113
EAFEAI_imc          		 0.090113
EAFEAJ_imc          		 0.090113
EAFEAK_imc          		 0.090113
EAFEAL_imc          		 0.0887703
EAFRW_imc           		 0.0814663
EAFUS_imc           		 0.0380425
EAFEAD_imcy         		 0.0213205
EAFEAA_imi          		 0.0431595
EAFEAB_imi          		 0.0431595
EAFEAC_imi          		 0.0431595
EAFEAD_imi          		 0.0431595
EAFEAE_imi          		 0.0431595
EAFEAG_imi          		 0.0431595
EAFEAH_imi          		 0.0431595
EAFEAI_imi          		 0.0431595
EAFEAJ_imi          		 0.0431595
EAFEAK_imi          		 0.0431595
EAFEAL_imi          		 0.0425165
EAFRW_imi           		 0.0390182
EAFUS_imi           		 0.0182204
EAFEAD_imiy         		 0.0102114
EAFEAA_imcg         		 0.0259011
EAFEAB_imcg         		 0.0259011
EAFEAC_imcg         		 0.0259011
EAFEAD_imcg         		 0.0259011
EAFEAE_imcg         		 0.0259011
EAFEAG_imcg         		 0.0259011
EAFEAH_imcg         		 0.0259011
EAFEAI_imcg         		 0.0259011
EAFEAJ_imcg         		 0.0259011
EAFEAK_imcg         		 0.0259011
EAFEAL_imcg         		 0.0255151
EAFRW_imcg          		 0.0234157
EAFUS_imcg          		 0.0109345
EAFEAD_imcgy        		 0.00612812
EAFEAA_imig         		 0.00518021
EAFEAB_imig         		 0.00518021
EAFEAC_imig         		 0.00518021
EAFEAD_imig         		 0.00518021
EAFEAE_imig         		 0.00518021
EAFEAG_imig         		 0.00518021
EAFEAH_imig         		 0.00518021
EAFEAI_imig         		 0.00518021
EAFEAJ_imig         		 0.00518021
EAFEAK_imig         		 0.00518021
EAFEAL_imig         		 0.00510303
EAFRW_imig          		 0.00468315
EAFUS_imig          		 0.0021869
EAFEAD_imigy        		 0.00122562
EAF_piex            		 1.00496
EAF_pextilde        		 0.910785
EAFEAA_rer          		 1
EAFEAB_rer          		 1
EAFEAC_rer          		 1
EAFEAD_rer          		 1
EAFEAE_rer          		 1
EAFEAG_rer          		 1
EAFEAH_rer          		 1
EAFEAI_rer          		 1
EAFEAJ_rer          		 1
EAFEAK_rer          		 1
EAFEAL_rer          		 1.00316
EAFRW_rer           		 0.988155
EAFUS_rer           		 1.32211
EAF_sx              		 1
EAFEAA_tot          		 1
EAFEAB_tot          		 1
EAFEAC_tot          		 1
EAFEAD_tot          		 1
EAFEAE_tot          		 1
EAFEAG_tot          		 1
EAFEAH_tot          		 1
EAFEAI_tot          		 1
EAFEAJ_tot          		 1
EAFEAK_tot          		 1
EAFEAL_tot          		 1.00655
EAFRW_tot           		 1.04825
EAFUS_tot           		 1.42332
EAFEAA_weight       		 0.0790839
EAFEAB_weight       		 0.0790839
EAFEAC_weight       		 0.0790839
EAFEAD_weight       		 0.0790839
EAFEAE_weight       		 0.0790839
EAFEAG_weight       		 0.0790839
EAFEAH_weight       		 0.0790839
EAFEAI_weight       		 0.0790839
EAFEAJ_weight       		 0.0790839
EAFEAK_weight       		 0.0790839
EAFEAL_weight       		 0.0787645
EAFRW_weight        		 0.0777095
EAFUS_weight        		 0.0526868
EAFEAA_weightex     		 0.0784261
EAFEAB_weightex     		 0.0784261
EAFEAC_weightex     		 0.0784261
EAFEAD_weightex     		 0.0784261
EAFEAE_weightex     		 0.0784261
EAFEAG_weightex     		 0.0784261
EAFEAH_weightex     		 0.0784261
EAFEAI_weightex     		 0.0784261
EAFEAJ_weightex     		 0.0784261
EAFEAK_weightex     		 0.0784261
EAFEAL_weightex     		 0.0784597
EAFRW_weightex      		 0.0798398
EAFUS_weightex      		 0.0574393
EAFEAA_weightim     		 0.0797442
EAFEAB_weightim     		 0.0797442
EAFEAC_weightim     		 0.0797442
EAFEAD_weightim     		 0.0797442
EAFEAE_weightim     		 0.0797442
EAFEAG_weightim     		 0.0797442
EAFEAH_weightim     		 0.0797442
EAFEAI_weightim     		 0.0797442
EAFEAJ_weightim     		 0.0797442
EAFEAK_weightim     		 0.0797442
EAFEAL_weightim     		 0.0790705
EAFRW_weightim      		 0.0755712
EAFUS_weightim      		 0.0479164
EAF_b               		 9.23884
EAF_bf              		 -0.438914
EAF_by              		 2.4
EAF_c               		 2.14839
EAF_ci              		 2.50608
EAF_cj              		 1.07535
EAF_cy              		 0.558095
EAF_d               		 0.521782
EAF_dn              		 0.17754
EAF_dt              		 0.344243
EAF_etot            		 1.02304
EAF_ex              		 2.06883
EAF_fh              		 7.24839
EAF_fi              		 13.1099
EAF_fj              		 0.485553
EAF_fn              		 9.30006
EAF_cg              		 0.798686
EAF_gammab          		 0
EAF_gammai          		 0
EAF_gammaider       		 0
EAF_gammau          		 0
EAF_gammauder       		 0.0324171
EAF_gammav          		 0.000217026
EAF_gammavi         		 0.000101018
EAF_gammavider      		 0.00216519
EAF_gammavj         		 0.000101018
EAF_gammavjder      		 0.00216519
EAF_gh              		 8.69807
EAF_gi              		 4.98162
EAF_gj              		 3.86983
EAF_gn              		 13.9501
EAF_cgy             		 0.2
EAF_ht              		 0.828693
EAF_htc             		 0.348056
EAF_hti             		 0.0764956
EAF_htcg            		 0.336785
EAF_htig            		 0.067357
EAF_i               		 0.784379
EAF_ig              		 0.159737
EAF_ii              		 1.04584
EAF_im              		 2.00813
EAF_imc             		 1.10103
EAF_imi             		 0.527337
EAF_imcg            		 0.316467
EAF_imig            		 0.0632935
EAF_imy             		 0.48763
EAF_internalrer     		 1.22529
EAF_igy             		 0.04
EAF_k               		 31.3752
EAF_kd              		 31.3752
EAF_kdn             		 9.73912
EAF_kdt             		 21.636
EAF_ki              		 41.8335
EAF_lambdai         		 1.11937
EAF_lambdaj         		 2.60867
EAF_lcy             		 0.605119
EAF_m               		 0.902687
EAF_mcn             		 0.758988
EAF_mct             		 0.758988
EAF_mi              		 1.05297
EAF_mj              		 0.451829
EAF_nd              		 1.88637
EAF_ndi             		 0.862038
EAF_ndj             		 1.12419
EAF_ndn             		 0.585544
EAF_ndt             		 1.30082
EAF_ni              		 0.862038
EAF_nj              		 1.12419
EAF_nt              		 1.06326
EAF_ntc             		 0.704795
EAF_nti             		 0.182078
EAF_ntcg            		 0.146985
EAF_ntig            		 0.029397
EAF_pex             		 0.910785
EAF_pht             		 0.910785
EAF_phttilde        		 0.910785
EAF_pi              		 0.981545
EAF_pcg             		 0.963963
EAF_pig             		 0.963963
EAF_pic             		 1.00496
EAF_pic4            		 1.02
EAF_piex4           		 1.02
EAF_piht            		 1.00496
EAF_piimc           		 1.00496
EAF_piimi           		 1.00496
EAF_piimcg          		 1.00496
EAF_piimig          		 1.00496
EAF_piimc4          		 1.02
EAF_pim             		 0.934771
EAF_pimc            		 0.934771
EAF_pimi            		 0.934771
EAF_pimcg           		 0.934771
EAF_pimig           		 0.934771
EAF_pint            		 1.00496
EAF_piw             		 1.00496
EAF_piw4            		 1.02
EAF_pnt             		 1.13848
EAF_pnttilde        		 1.13848
EAF_pttc            		 0.929151
EAF_ptti            		 0.931818
EAF_pttcg           		 0.9226
EAF_pttig           		 0.9226
EAF_py              		 0.97191
EAF_q               		 0.981545
EAF_qc              		 2.14861
EAF_qi              		 0.784379
EAF_qcg             		 0.798686
EAF_qig             		 0.159737
EAF_r               		 1.01242
EAF_reer            		 1.01413
EAF_rer             		 1.32211
EAF_rerdep          		 1
EAF_rk              		 0.0318188
EAF_rp              		 0
EAF_rr              		 1.00742
EAF_rrstar          		 1.00742
EAF_sh              		 1
EAF_si              		 1
EAF_sj              		 1
EAF_snt             		 1
EAF_t               		 0
EAF_tauc            		 0.183
EAF_taud            		 0
EAF_tauk            		 0
EAF_taun            		 0.122
EAF_tauwf           		 0.219
EAF_tauwh           		 0.118
EAF_tb              		 0.00711726
EAF_tby             		 0.00184887
EAF_ti              		 0
EAF_tj              		 0
EAF_tot             		 1.42332
EAF_tr              		 0.283155
EAF_tri             		 0.18877
EAF_trj             		 0.56631
EAF_try             		 0.073556
EAF_ttc             		 1.44887
EAF_tti             		 0.603777
EAF_ttcg            		 0.653114
EAF_ttig            		 0.130623
EAF_ty              		 0
EAF_u               		 1
EAF_utili           		 -67.747
EAF_utilj           		 -217.985
EAF_vj              		 2.38
EAF_w               		 1.01302
EAF_wcst            		 0
EAF_whty            		 0.499335
EAF_wi              		 1.13582
EAF_witilde         		 1.13582
EAF_wj              		 0.828872
EAF_wjtilde         		 0.828872
EAF_wnty            		 0.490019
EAF_wy              		 0.496406
EAF_y               		 3.96078
EAF_ygap            		 0
EAF_ygrowth         		 1
EAF_ygrowth4        		 1
EAF_yhty            		 0.685546
EAF_ynty            		 0.314454
EAF_yshare          		 0.0665152
EAF_ysn             		 1.06326
EAF_yst             		 2.89752
EAF_zcon            		 1
EAF_zinv            		 1
EAF_zn              		 1
EAF_zt              		 1
EAF_gammav1         		 0.0287061
EAF_gammav2         		 0.150338
EAF_nutc            		 0.228531
EAF_nuti            		 0.119666
EAF_nutcg           		 0.499309
EAF_nutig           		 0.499309
EAF_psit            		 0.043468
EAFEAA_rerbar       		 1
EAFEAB_rerbar       		 1
EAFEAC_rerbar       		 1
EAFEAD_rerbar       		 1
EAFEAE_rerbar       		 1
EAFEAG_rerbar       		 1
EAFEAH_rerbar       		 1
EAFEAI_rerbar       		 1
EAFEAJ_rerbar       		 1
EAFEAK_rerbar       		 1
EAFEAL_rerbar       		 1.00316
EAFRW_rerbar        		 0.988155
EAFUS_rerbar        		 1.32211
EAF_pibar           		 0.981545
EAF_psinbar         		 0.297712
EAF_psitbar         		 0.125949
EAF_pybar           		 0.97191
EAF_qbar            		 0.981545
EAF_trybar          		 0.073556
EAF_ybar            		 3.96078
EAF_ynbar           		 1.06326
EAF_ytbar           		 2.89752
EAGEAA_excy         		 0.0213205
EAGEAB_excy         		 0.0213205
EAGEAC_excy         		 0.0213205
EAGEAD_excy         		 0.0213205
EAGEAE_excy         		 0.0213205
EAGEAF_excy         		 0.0213205
EAGEAH_excy         		 0.0213205
EAGEAI_excy         		 0.0213205
EAGEAJ_excy         		 0.0213205
EAGEAK_excy         		 0.0213205
EAGEAL_excy         		 0.0217196
EAGRW_excy          		 0.0164031
EAGUS_excy          		 0.00609685
EAGEAA_exiy         		 0.0102114
EAGEAB_exiy         		 0.0102114
EAGEAC_exiy         		 0.0102114
EAGEAD_exiy         		 0.0102114
EAGEAE_exiy         		 0.0102114
EAGEAF_exiy         		 0.0102114
EAGEAH_exiy         		 0.0102114
EAGEAI_exiy         		 0.0102114
EAGEAJ_exiy         		 0.0102114
EAGEAK_exiy         		 0.0102114
EAGEAL_exiy         		 0.0102503
EAGRW_exiy          		 0.0129191
EAGUS_exiy          		 0.0048406
EAG_fx              		 6.14513
EAGEAA_gammaimc     		 0
EAGEAB_gammaimc     		 0
EAGEAC_gammaimc     		 0
EAGEAD_gammaimc     		 0
EAGEAE_gammaimc     		 0
EAGEAF_gammaimc     		 0
EAGEAH_gammaimc     		 0
EAGEAI_gammaimc     		 0
EAGEAJ_gammaimc     		 0
EAGEAK_gammaimc     		 0
EAGEAL_gammaimc     		 0
EAGRW_gammaimc      		 0
EAGUS_gammaimc      		 0
EAGEAA_gammaimcdag  		 1
EAGEAB_gammaimcdag  		 1
EAGEAC_gammaimcdag  		 1
EAGEAD_gammaimcdag  		 1
EAGEAE_gammaimcdag  		 1
EAGEAF_gammaimcdag  		 1
EAGEAH_gammaimcdag  		 1
EAGEAI_gammaimcdag  		 1
EAGEAJ_gammaimcdag  		 1
EAGEAK_gammaimcdag  		 1
EAGEAL_gammaimcdag  		 1
EAGRW_gammaimcdag   		 1
EAGUS_gammaimcdag   		 1
EAGEAA_gammaimi     		 0
EAGEAB_gammaimi     		 0
EAGEAC_gammaimi     		 0
EAGEAD_gammaimi     		 0
EAGEAE_gammaimi     		 0
EAGEAF_gammaimi     		 0
EAGEAH_gammaimi     		 0
EAGEAI_gammaimi     		 0
EAGEAJ_gammaimi     		 0
EAGEAK_gammaimi     		 0
EAGEAL_gammaimi     		 0
EAGRW_gammaimi      		 0
EAGUS_gammaimi      		 0
EAGEAA_gammaimidag  		 1
EAGEAB_gammaimidag  		 1
EAGEAC_gammaimidag  		 1
EAGEAD_gammaimidag  		 1
EAGEAE_gammaimidag  		 1
EAGEAF_gammaimidag  		 1
EAGEAH_gammaimidag  		 1
EAGEAI_gammaimidag  		 1
EAGEAJ_gammaimidag  		 1
EAGEAK_gammaimidag  		 1
EAGEAL_gammaimidag  		 1
EAGRW_gammaimidag   		 1
EAGUS_gammaimidag   		 1
EAGEAA_gammaimcg    		 0
EAGEAB_gammaimcg    		 0
EAGEAC_gammaimcg    		 0
EAGEAD_gammaimcg    		 0
EAGEAE_gammaimcg    		 0
EAGEAF_gammaimcg    		 0
EAGEAH_gammaimcg    		 0
EAGEAI_gammaimcg    		 0
EAGEAJ_gammaimcg    		 0
EAGEAK_gammaimcg    		 0
EAGEAL_gammaimcg    		 0
EAGRW_gammaimcg     		 0
EAGUS_gammaimcg     		 0
EAGEAA_gammaimcgdag 		 1
EAGEAB_gammaimcgdag 		 1
EAGEAC_gammaimcgdag 		 1
EAGEAD_gammaimcgdag 		 1
EAGEAE_gammaimcgdag 		 1
EAGEAF_gammaimcgdag 		 1
EAGEAH_gammaimcgdag 		 1
EAGEAI_gammaimcgdag 		 1
EAGEAJ_gammaimcgdag 		 1
EAGEAK_gammaimcgdag 		 1
EAGEAL_gammaimcgdag 		 1
EAGRW_gammaimcgdag  		 1
EAGUS_gammaimcgdag  		 1
EAGEAA_gammaimig    		 0
EAGEAB_gammaimig    		 0
EAGEAC_gammaimig    		 0
EAGEAD_gammaimig    		 0
EAGEAE_gammaimig    		 0
EAGEAF_gammaimig    		 0
EAGEAH_gammaimig    		 0
EAGEAI_gammaimig    		 0
EAGEAJ_gammaimig    		 0
EAGEAK_gammaimig    		 0
EAGEAL_gammaimig    		 0
EAGRW_gammaimig     		 0
EAGUS_gammaimig     		 0
EAGEAA_gammaimigdag 		 1
EAGEAB_gammaimigdag 		 1
EAGEAC_gammaimigdag 		 1
EAGEAD_gammaimigdag 		 1
EAGEAE_gammaimigdag 		 1
EAGEAF_gammaimigdag 		 1
EAGEAH_gammaimigdag 		 1
EAGEAI_gammaimigdag 		 1
EAGEAJ_gammaimigdag 		 1
EAGEAK_gammaimigdag 		 1
EAGEAL_gammaimigdag 		 1
EAGRW_gammaimigdag  		 1
EAGUS_gammaimigdag  		 1
EAG_gx              		 7.37415
EAGEAA_im           		 0.164354
EAGEAB_im           		 0.164354
EAGEAC_im           		 0.164354
EAGEAD_im           		 0.164354
EAGEAE_im           		 0.164354
EAGEAF_im           		 0.164354
EAGEAH_im           		 0.164354
EAGEAI_im           		 0.164354
EAGEAJ_im           		 0.164354
EAGEAK_im           		 0.164354
EAGEAL_im           		 0.161905
EAGRW_im            		 0.148583
EAGUS_im            		 0.0693843
EAGEAA_imc          		 0.090113
EAGEAB_imc          		 0.090113
EAGEAC_imc          		 0.090113
EAGEAD_imc          		 0.090113
EAGEAE_imc          		 0.090113
EAGEAF_imc          		 0.090113
EAGEAH_imc          		 0.090113
EAGEAI_imc          		 0.090113
EAGEAJ_imc          		 0.090113
EAGEAK_imc          		 0.090113
EAGEAL_imc          		 0.0887703
EAGRW_imc           		 0.0814663
EAGUS_imc           		 0.0380425
EAGEAE_imcy         		 0.0213205
EAGEAA_imi          		 0.0431595
EAGEAB_imi          		 0.0431595
EAGEAC_imi          		 0.0431595
EAGEAD_imi          		 0.0431595
EAGEAE_imi          		 0.0431595
EAGEAF_imi          		 0.0431595
EAGEAH_imi          		 0.0431595
EAGEAI_imi          		 0.0431595
EAGEAJ_imi          		 0.0431595
EAGEAK_imi          		 0.0431595
EAGEAL_imi          		 0.0425165
EAGRW_imi           		 0.0390182
EAGUS_imi           		 0.0182204
EAGEAE_imiy         		 0.0102114
EAGEAA_imcg         		 0.0259011
EAGEAB_imcg         		 0.0259011
EAGEAC_imcg         		 0.0259011
EAGEAD_imcg         		 0.0259011
EAGEAE_imcg         		 0.0259011
EAGEAF_imcg         		 0.0259011
EAGEAH_imcg         		 0.0259011
EAGEAI_imcg         		 0.0259011
EAGEAJ_imcg         		 0.0259011
EAGEAK_imcg         		 0.0259011
EAGEAL_imcg         		 0.0255151
EAGRW_imcg          		 0.0234157
EAGUS_imcg          		 0.0109345
EAGEAE_imcgy        		 0.00612812
EAGEAA_imig         		 0.00518021
EAGEAB_imig         		 0.00518021
EAGEAC_imig         		 0.00518021
EAGEAD_imig         		 0.00518021
EAGEAE_imig         		 0.00518021
EAGEAF_imig         		 0.00518021
EAGEAH_imig         		 0.00518021
EAGEAI_imig         		 0.00518021
EAGEAJ_imig         		 0.00518021
EAGEAK_imig         		 0.00518021
EAGEAL_imig         		 0.00510303
EAGRW_imig          		 0.00468315
EAGUS_imig          		 0.0021869
EAGEAE_imigy        		 0.00122562
EAG_piex            		 1.00496
EAG_pextilde        		 0.910785
EAGEAA_rer          		 1
EAGEAB_rer          		 1
EAGEAC_rer          		 1
EAGEAD_rer          		 1
EAGEAE_rer          		 1
EAGEAF_rer          		 1
EAGEAH_rer          		 1
EAGEAI_rer          		 1
EAGEAJ_rer          		 1
EAGEAK_rer          		 1
EAGEAL_rer          		 1.00316
EAGRW_rer           		 0.988155
EAGUS_rer           		 1.32211
EAG_sx              		 1
EAGEAA_tot          		 1
EAGEAB_tot          		 1
EAGEAC_tot          		 1
EAGEAD_tot          		 1
EAGEAE_tot          		 1
EAGEAF_tot          		 1
EAGEAH_tot          		 1
EAGEAI_tot          		 1
EAGEAJ_tot          		 1
EAGEAK_tot          		 1
EAGEAL_tot          		 1.00655
EAGRW_tot           		 1.04825
EAGUS_tot           		 1.42332
EAGEAA_weight       		 0.0790839
EAGEAB_weight       		 0.0790839
EAGEAC_weight       		 0.0790839
EAGEAD_weight       		 0.0790839
EAGEAE_weight       		 0.0790839
EAGEAF_weight       		 0.0790839
EAGEAH_weight       		 0.0790839
EAGEAI_weight       		 0.0790839
EAGEAJ_weight       		 0.0790839
EAGEAK_weight       		 0.0790839
EAGEAL_weight       		 0.0787645
EAGRW_weight        		 0.0777095
EAGUS_weight        		 0.0526868
EAGEAA_weightex     		 0.0784261
EAGEAB_weightex     		 0.0784261
EAGEAC_weightex     		 0.0784261
EAGEAD_weightex     		 0.0784261
EAGEAE_weightex     		 0.0784261
EAGEAF_weightex     		 0.0784261
EAGEAH_weightex     		 0.0784261
EAGEAI_weightex     		 0.0784261
EAGEAJ_weightex     		 0.0784261
EAGEAK_weightex     		 0.0784261
EAGEAL_weightex     		 0.0784597
EAGRW_weightex      		 0.0798398
EAGUS_weightex      		 0.0574393
EAGEAA_weightim     		 0.0797442
EAGEAB_weightim     		 0.0797442
EAGEAC_weightim     		 0.0797442
EAGEAD_weightim     		 0.0797442
EAGEAE_weightim     		 0.0797442
EAGEAF_weightim     		 0.0797442
EAGEAH_weightim     		 0.0797442
EAGEAI_weightim     		 0.0797442
EAGEAJ_weightim     		 0.0797442
EAGEAK_weightim     		 0.0797442
EAGEAL_weightim     		 0.0790705
EAGRW_weightim      		 0.0755712
EAGUS_weightim      		 0.0479164
EAG_b               		 9.23884
EAG_bf              		 -0.438914
EAG_by              		 2.4
EAG_c               		 2.14839
EAG_ci              		 2.50608
EAG_cj              		 1.07535
EAG_cy              		 0.558095
EAG_d               		 0.521782
EAG_dn              		 0.17754
EAG_dt              		 0.344243
EAG_etot            		 1.02304
EAG_ex              		 2.06883
EAG_fh              		 7.24839
EAG_fi              		 13.1099
EAG_fj              		 0.485553
EAG_fn              		 9.30006
EAG_cg              		 0.798686
EAG_gammab          		 0
EAG_gammai          		 0
EAG_gammaider       		 0
EAG_gammau          		 0
EAG_gammauder       		 0.0324171
EAG_gammav          		 0.000217026
EAG_gammavi         		 0.000101018
EAG_gammavider      		 0.00216519
EAG_gammavj         		 0.000101018
EAG_gammavjder      		 0.00216519
EAG_gh              		 8.69807
EAG_gi              		 4.98162
EAG_gj              		 3.86983
EAG_gn              		 13.9501
EAG_cgy             		 0.2
EAG_ht              		 0.828693
EAG_htc             		 0.348056
EAG_hti             		 0.0764956
EAG_htcg            		 0.336785
EAG_htig            		 0.067357
EAG_i               		 0.784379
EAG_ig              		 0.159737
EAG_ii              		 1.04584
EAG_im              		 2.00813
EAG_imc             		 1.10103
EAG_imi             		 0.527337
EAG_imcg            		 0.316467
EAG_imig            		 0.0632935
EAG_imy             		 0.48763
EAG_internalrer     		 1.22529
EAG_igy             		 0.04
EAG_k               		 31.3752
EAG_kd              		 31.3752
EAG_kdn             		 9.73912
EAG_kdt             		 21.636
EAG_ki              		 41.8335
EAG_lambdai         		 1.11937
EAG_lambdaj         		 2.60867
EAG_lcy             		 0.605119
EAG_m               		 0.902687
EAG_mcn             		 0.758988
EAG_mct             		 0.758988
EAG_mi              		 1.05297
EAG_mj              		 0.451829
EAG_nd              		 1.88637
EAG_ndi             		 0.862038
EAG_ndj             		 1.12419
EAG_ndn             		 0.585544
EAG_ndt             		 1.30082
EAG_ni              		 0.862038
EAG_nj              		 1.12419
EAG_nt              		 1.06326
EAG_ntc             		 0.704795
EAG_nti             		 0.182078
EAG_ntcg            		 0.146985
EAG_ntig            		 0.029397
EAG_pex             		 0.910785
EAG_pht             		 0.910785
EAG_phttilde        		 0.910785
EAG_pi              		 0.981545
EAG_pcg             		 0.963963
EAG_pig             		 0.963963
EAG_pic             		 1.00496
EAG_pic4            		 1.02
EAG_piex4           		 1.02
EAG_piht            		 1.00496
EAG_piimc           		 1.00496
EAG_piimi           		 1.00496
EAG_piimcg          		 1.00496
EAG_piimig          		 1.00496
EAG_piimc4          		 1.02
EAG_pim             		 0.934771
EAG_pimc            		 0.934771
EAG_pimi            		 0.934771
EAG_pimcg           		 0.934771
EAG_pimig           		 0.934771
EAG_pint            		 1.00496
EAG_piw             		 1.00496
EAG_piw4            		 1.02
EAG_pnt             		 1.13848
EAG_pnttilde        		 1.13848
EAG_pttc            		 0.929151
EAG_ptti            		 0.931818
EAG_pttcg           		 0.9226
EAG_pttig           		 0.9226
EAG_py              		 0.97191
EAG_q               		 0.981545
EAG_qc              		 2.14861
EAG_qi              		 0.784379
EAG_qcg             		 0.798686
EAG_qig             		 0.159737
EAG_r               		 1.01242
EAG_reer            		 1.01413
EAG_rer             		 1.32211
EAG_rerdep          		 1
EAG_rk              		 0.0318188
EAG_rp              		 0
EAG_rr              		 1.00742
EAG_rrstar          		 1.00742
EAG_sh              		 1
EAG_si              		 1
EAG_sj              		 1
EAG_snt             		 1
EAG_t               		 0
EAG_tauc            		 0.183
EAG_taud            		 0
EAG_tauk            		 0
EAG_taun            		 0.122
EAG_tauwf           		 0.219
EAG_tauwh           		 0.118
EAG_tb              		 0.00711726
EAG_tby             		 0.00184887
EAG_ti              		 0
EAG_tj              		 0
EAG_tot             		 1.42332
EAG_tr              		 0.283155
EAG_tri             		 0.18877
EAG_trj             		 0.56631
EAG_try             		 0.073556
EAG_ttc             		 1.44887
EAG_tti             		 0.603777
EAG_ttcg            		 0.653114
EAG_ttig            		 0.130623
EAG_ty              		 0
EAG_u               		 1
EAG_utili           		 -67.747
EAG_utilj           		 -217.985
EAG_vj              		 2.38
EAG_w               		 1.01302
EAG_wcst            		 0
EAG_whty            		 0.499335
EAG_wi              		 1.13582
EAG_witilde         		 1.13582
EAG_wj              		 0.828872
EAG_wjtilde         		 0.828872
EAG_wnty            		 0.490019
EAG_wy              		 0.496406
EAG_y               		 3.96078
EAG_ygap            		 0
EAG_ygrowth         		 1
EAG_ygrowth4        		 1
EAG_yhty            		 0.685546
EAG_ynty            		 0.314454
EAG_yshare          		 0.0665152
EAG_ysn             		 1.06326
EAG_yst             		 2.89752
EAG_zcon            		 1
EAG_zinv            		 1
EAG_zn              		 1
EAG_zt              		 1
EAG_gammav1         		 0.0287061
EAG_gammav2         		 0.150338
EAG_nutc            		 0.228531
EAG_nuti            		 0.119666
EAG_nutcg           		 0.499309
EAG_nutig           		 0.499309
EAG_psit            		 0.043468
EAGEAA_rerbar       		 1
EAGEAB_rerbar       		 1
EAGEAC_rerbar       		 1
EAGEAD_rerbar       		 1
EAGEAE_rerbar       		 1
EAGEAF_rerbar       		 1
EAGEAH_rerbar       		 1
EAGEAI_rerbar       		 1
EAGEAJ_rerbar       		 1
EAGEAK_rerbar       		 1
EAGEAL_rerbar       		 1.00316
EAGRW_rerbar        		 0.988155
EAGUS_rerbar        		 1.32211
EAG_pibar           		 0.981545
EAG_psinbar         		 0.297712
EAG_psitbar         		 0.125949
EAG_pybar           		 0.97191
EAG_qbar            		 0.981545
EAG_trybar          		 0.073556
EAG_ybar            		 3.96078
EAG_ynbar           		 1.06326
EAG_ytbar           		 2.89752
EAHEAA_excy         		 0.0213205
EAHEAB_excy         		 0.0213205
EAHEAC_excy         		 0.0213205
EAHEAD_excy         		 0.0213205
EAHEAE_excy         		 0.0213205
EAHEAF_excy         		 0.0213205
EAHEAG_excy         		 0.0213205
EAHEAI_excy         		 0.0213205
EAHEAJ_excy         		 0.0213205
EAHEAK_excy         		 0.0213205
EAHEAL_excy         		 0.0217196
EAHRW_excy          		 0.0164031
EAHUS_excy          		 0.00609685
EAHEAA_exiy         		 0.0102114
EAHEAB_exiy         		 0.0102114
EAHEAC_exiy         		 0.0102114
EAHEAD_exiy         		 0.0102114
EAHEAE_exiy         		 0.0102114
EAHEAF_exiy         		 0.0102114
EAHEAG_exiy         		 0.0102114
EAHEAI_exiy         		 0.0102114
EAHEAJ_exiy         		 0.0102114
EAHEAK_exiy         		 0.0102114
EAHEAL_exiy         		 0.0102503
EAHRW_exiy          		 0.0129191
EAHUS_exiy          		 0.0048406
EAH_fx              		 6.14513
EAHEAA_gammaimc     		 0
EAHEAB_gammaimc     		 0
EAHEAC_gammaimc     		 0
EAHEAD_gammaimc     		 0
EAHEAE_gammaimc     		 0
EAHEAF_gammaimc     		 0
EAHEAG_gammaimc     		 0
EAHEAI_gammaimc     		 0
EAHEAJ_gammaimc     		 0
EAHEAK_gammaimc     		 0
EAHEAL_gammaimc     		 0
EAHRW_gammaimc      		 0
EAHUS_gammaimc      		 0
EAHEAA_gammaimcdag  		 1
EAHEAB_gammaimcdag  		 1
EAHEAC_gammaimcdag  		 1
EAHEAD_gammaimcdag  		 1
EAHEAE_gammaimcdag  		 1
EAHEAF_gammaimcdag  		 1
EAHEAG_gammaimcdag  		 1
EAHEAI_gammaimcdag  		 1
EAHEAJ_gammaimcdag  		 1
EAHEAK_gammaimcdag  		 1
EAHEAL_gammaimcdag  		 1
EAHRW_gammaimcdag   		 1
EAHUS_gammaimcdag   		 1
EAHEAA_gammaimi     		 0
EAHEAB_gammaimi     		 0
EAHEAC_gammaimi     		 0
EAHEAD_gammaimi     		 0
EAHEAE_gammaimi     		 0
EAHEAF_gammaimi     		 0
EAHEAG_gammaimi     		 0
EAHEAI_gammaimi     		 0
EAHEAJ_gammaimi     		 0
EAHEAK_gammaimi     		 0
EAHEAL_gammaimi     		 0
EAHRW_gammaimi      		 0
EAHUS_gammaimi      		 0
EAHEAA_gammaimidag  		 1
EAHEAB_gammaimidag  		 1
EAHEAC_gammaimidag  		 1
EAHEAD_gammaimidag  		 1
EAHEAE_gammaimidag  		 1
EAHEAF_gammaimidag  		 1
EAHEAG_gammaimidag  		 1
EAHEAI_gammaimidag  		 1
EAHEAJ_gammaimidag  		 1
EAHEAK_gammaimidag  		 1
EAHEAL_gammaimidag  		 1
EAHRW_gammaimidag   		 1
EAHUS_gammaimidag   		 1
EAHEAA_gammaimcg    		 0
EAHEAB_gammaimcg    		 0
EAHEAC_gammaimcg    		 0
EAHEAD_gammaimcg    		 0
EAHEAE_gammaimcg    		 0
EAHEAF_gammaimcg    		 0
EAHEAG_gammaimcg    		 0
EAHEAI_gammaimcg    		 0
EAHEAJ_gammaimcg    		 0
EAHEAK_gammaimcg    		 0
EAHEAL_gammaimcg    		 0
EAHRW_gammaimcg     		 0
EAHUS_gammaimcg     		 0
EAHEAA_gammaimcgdag 		 1
EAHEAB_gammaimcgdag 		 1
EAHEAC_gammaimcgdag 		 1
EAHEAD_gammaimcgdag 		 1
EAHEAE_gammaimcgdag 		 1
EAHEAF_gammaimcgdag 		 1
EAHEAG_gammaimcgdag 		 1
EAHEAI_gammaimcgdag 		 1
EAHEAJ_gammaimcgdag 		 1
EAHEAK_gammaimcgdag 		 1
EAHEAL_gammaimcgdag 		 1
EAHRW_gammaimcgdag  		 1
EAHUS_gammaimcgdag  		 1
EAHEAA_gammaimig    		 0
EAHEAB_gammaimig    		 0
EAHEAC_gammaimig    		 0
EAHEAD_gammaimig    		 0
EAHEAE_gammaimig    		 0
EAHEAF_gammaimig    		 0
EAHEAG_gammaimig    		 0
EAHEAI_gammaimig    		 0
EAHEAJ_gammaimig    		 0
EAHEAK_gammaimig    		 0
EAHEAL_gammaimig    		 0
EAHRW_gammaimig     		 0
EAHUS_gammaimig     		 0
EAHEAA_gammaimigdag 		 1
EAHEAB_gammaimigdag 		 1
EAHEAC_gammaimigdag 		 1
EAHEAD_gammaimigdag 		 1
EAHEAE_gammaimigdag 		 1
EAHEAF_gammaimigdag 		 1
EAHEAG_gammaimigdag 		 1
EAHEAI_gammaimigdag 		 1
EAHEAJ_gammaimigdag 		 1
EAHEAK_gammaimigdag 		 1
EAHEAL_gammaimigdag 		 1
EAHRW_gammaimigdag  		 1
EAHUS_gammaimigdag  		 1
EAH_gx              		 7.37415
EAHEAA_im           		 0.164354
EAHEAB_im           		 0.164354
EAHEAC_im           		 0.164354
EAHEAD_im           		 0.164354
EAHEAE_im           		 0.164354
EAHEAF_im           		 0.164354
EAHEAG_im           		 0.164354
EAHEAI_im           		 0.164354
EAHEAJ_im           		 0.164354
EAHEAK_im           		 0.164354
EAHEAL_im           		 0.161905
EAHRW_im            		 0.148583
EAHUS_im            		 0.0693843
EAHEAA_imc          		 0.090113
EAHEAB_imc          		 0.090113
EAHEAC_imc          		 0.090113
EAHEAD_imc          		 0.090113
EAHEAE_imc          		 0.090113
EAHEAF_imc          		 0.090113
EAHEAG_imc          		 0.090113
EAHEAI_imc          		 0.090113
EAHEAJ_imc          		 0.090113
EAHEAK_imc          		 0.090113
EAHEAL_imc          		 0.0887703
EAHRW_imc           		 0.0814663
EAHUS_imc           		 0.0380425
EAHEAF_imcy         		 0.0213205
EAHEAA_imi          		 0.0431595
EAHEAB_imi          		 0.0431595
EAHEAC_imi          		 0.0431595
EAHEAD_imi          		 0.0431595
EAHEAE_imi          		 0.0431595
EAHEAF_imi          		 0.0431595
EAHEAG_imi          		 0.0431595
EAHEAI_imi          		 0.0431595
EAHEAJ_imi          		 0.0431595
EAHEAK_imi          		 0.0431595
EAHEAL_imi          		 0.0425165
EAHRW_imi           		 0.0390182
EAHUS_imi           		 0.0182204
EAHEAF_imiy         		 0.0102114
EAHEAA_imcg         		 0.0259011
EAHEAB_imcg         		 0.0259011
EAHEAC_imcg         		 0.0259011
EAHEAD_imcg         		 0.0259011
EAHEAE_imcg         		 0.0259011
EAHEAF_imcg         		 0.0259011
EAHEAG_imcg         		 0.0259011
EAHEAI_imcg         		 0.0259011
EAHEAJ_imcg         		 0.0259011
EAHEAK_imcg         		 0.0259011
EAHEAL_imcg         		 0.0255151
EAHRW_imcg          		 0.0234157
EAHUS_imcg          		 0.0109345
EAHEAF_imcgy        		 0.00612812
EAHEAA_imig         		 0.00518021
EAHEAB_imig         		 0.00518021
EAHEAC_imig         		 0.00518021
EAHEAD_imig         		 0.00518021
EAHEAE_imig         		 0.00518021
EAHEAF_imig         		 0.00518021
EAHEAG_imig         		 0.00518021
EAHEAI_imig         		 0.00518021
EAHEAJ_imig         		 0.00518021
EAHEAK_imig         		 0.00518021
EAHEAL_imig         		 0.00510303
EAHRW_imig          		 0.00468315
EAHUS_imig          		 0.0021869
EAHEAF_imigy        		 0.00122562
EAH_piex            		 1.00496
EAH_pextilde        		 0.910785
EAHEAA_rer          		 1
EAHEAB_rer          		 1
EAHEAC_rer          		 1
EAHEAD_rer          		 1
EAHEAE_rer          		 1
EAHEAF_rer          		 1
EAHEAG_rer          		 1
EAHEAI_rer          		 1
EAHEAJ_rer          		 1
EAHEAK_rer          		 1
EAHEAL_rer          		 1.00316
EAHRW_rer           		 0.988155
EAHUS_rer           		 1.32211
EAH_sx              		 1
EAHEAA_tot          		 1
EAHEAB_tot          		 1
EAHEAC_tot          		 1
EAHEAD_tot          		 1
EAHEAE_tot          		 1
EAHEAF_tot          		 1
EAHEAG_tot          		 1
EAHEAI_tot          		 1
EAHEAJ_tot          		 1
EAHEAK_tot          		 1
EAHEAL_tot          		 1.00655
EAHRW_tot           		 1.04825
EAHUS_tot           		 1.42332
EAHEAA_weight       		 0.0790839
EAHEAB_weight       		 0.0790839
EAHEAC_weight       		 0.0790839
EAHEAD_weight       		 0.0790839
EAHEAE_weight       		 0.0790839
EAHEAF_weight       		 0.0790839
EAHEAG_weight       		 0.0790839
EAHEAI_weight       		 0.0790839
EAHEAJ_weight       		 0.0790839
EAHEAK_weight       		 0.0790839
EAHEAL_weight       		 0.0787645
EAHRW_weight        		 0.0777095
EAHUS_weight        		 0.0526868
EAHEAA_weightex     		 0.0784261
EAHEAB_weightex     		 0.0784261
EAHEAC_weightex     		 0.0784261
EAHEAD_weightex     		 0.0784261
EAHEAE_weightex     		 0.0784261
EAHEAF_weightex     		 0.0784261
EAHEAG_weightex     		 0.0784261
EAHEAI_weightex     		 0.0784261
EAHEAJ_weightex     		 0.0784261
EAHEAK_weightex     		 0.0784261
EAHEAL_weightex     		 0.0784597
EAHRW_weightex      		 0.0798398
EAHUS_weightex      		 0.0574393
EAHEAA_weightim     		 0.0797442
EAHEAB_weightim     		 0.0797442
EAHEAC_weightim     		 0.0797442
EAHEAD_weightim     		 0.0797442
EAHEAE_weightim     		 0.0797442
EAHEAF_weightim     		 0.0797442
EAHEAG_weightim     		 0.0797442
EAHEAI_weightim     		 0.0797442
EAHEAJ_weightim     		 0.0797442
EAHEAK_weightim     		 0.0797442
EAHEAL_weightim     		 0.0790705
EAHRW_weightim      		 0.0755712
EAHUS_weightim      		 0.0479164
EAH_b               		 9.23884
EAH_bf              		 -0.438914
EAH_by              		 2.4
EAH_c               		 2.14839
EAH_ci              		 2.50608
EAH_cj              		 1.07535
EAH_cy              		 0.558095
EAH_d               		 0.521782
EAH_dn              		 0.17754
EAH_dt              		 0.344243
EAH_etot            		 1.02304
EAH_ex              		 2.06883
EAH_fh              		 7.24839
EAH_fi              		 13.1099
EAH_fj              		 0.485553
EAH_fn              		 9.30006
EAH_cg              		 0.798686
EAH_gammab          		 0
EAH_gammai          		 0
EAH_gammaider       		 0
EAH_gammau          		 0
EAH_gammauder       		 0.0324171
EAH_gammav          		 0.000217026
EAH_gammavi         		 0.000101018
EAH_gammavider      		 0.00216519
EAH_gammavj         		 0.000101018
EAH_gammavjder      		 0.00216519
EAH_gh              		 8.69807
EAH_gi              		 4.98162
EAH_gj              		 3.86983
EAH_gn              		 13.9501
EAH_cgy             		 0.2
EAH_ht              		 0.828693
EAH_htc             		 0.348056
EAH_hti             		 0.0764956
EAH_htcg            		 0.336785
EAH_htig            		 0.067357
EAH_i               		 0.784379
EAH_ig              		 0.159737
EAH_ii              		 1.04584
EAH_im              		 2.00813
EAH_imc             		 1.10103
EAH_imi             		 0.527337
EAH_imcg            		 0.316467
EAH_imig            		 0.0632935
EAH_imy             		 0.48763
EAH_internalrer     		 1.22529
EAH_igy             		 0.04
EAH_k               		 31.3752
EAH_kd              		 31.3752
EAH_kdn             		 9.73912
EAH_kdt             		 21.636
EAH_ki              		 41.8335
EAH_lambdai         		 1.11937
EAH_lambdaj         		 2.60867
EAH_lcy             		 0.605119
EAH_m               		 0.902687
EAH_mcn             		 0.758988
EAH_mct             		 0.758988
EAH_mi              		 1.05297
EAH_mj              		 0.451829
EAH_nd              		 1.88637
EAH_ndi             		 0.862038
EAH_ndj             		 1.12419
EAH_ndn             		 0.585544
EAH_ndt             		 1.30082
EAH_ni              		 0.862038
EAH_nj              		 1.12419
EAH_nt              		 1.06326
EAH_ntc             		 0.704795
EAH_nti             		 0.182078
EAH_ntcg            		 0.146985
EAH_ntig            		 0.029397
EAH_pex             		 0.910785
EAH_pht             		 0.910785
EAH_phttilde        		 0.910785
EAH_pi              		 0.981545
EAH_pcg             		 0.963963
EAH_pig             		 0.963963
EAH_pic             		 1.00496
EAH_pic4            		 1.02
EAH_piex4           		 1.02
EAH_piht            		 1.00496
EAH_piimc           		 1.00496
EAH_piimi           		 1.00496
EAH_piimcg          		 1.00496
EAH_piimig          		 1.00496
EAH_piimc4          		 1.02
EAH_pim             		 0.934771
EAH_pimc            		 0.934771
EAH_pimi            		 0.934771
EAH_pimcg           		 0.934771
EAH_pimig           		 0.934771
EAH_pint            		 1.00496
EAH_piw             		 1.00496
EAH_piw4            		 1.02
EAH_pnt             		 1.13848
EAH_pnttilde        		 1.13848
EAH_pttc            		 0.929151
EAH_ptti            		 0.931818
EAH_pttcg           		 0.9226
EAH_pttig           		 0.9226
EAH_py              		 0.97191
EAH_q               		 0.981545
EAH_qc              		 2.14861
EAH_qi              		 0.784379
EAH_qcg             		 0.798686
EAH_qig             		 0.159737
EAH_r               		 1.01242
EAH_reer            		 1.01413
EAH_rer             		 1.32211
EAH_rerdep          		 1
EAH_rk              		 0.0318188
EAH_rp              		 0
EAH_rr              		 1.00742
EAH_rrstar          		 1.00742
EAH_sh              		 1
EAH_si              		 1
EAH_sj              		 1
EAH_snt             		 1
EAH_t               		 0
EAH_tauc            		 0.183
EAH_taud            		 0
EAH_tauk            		 0
EAH_taun            		 0.122
EAH_tauwf           		 0.219
EAH_tauwh           		 0.118
EAH_tb              		 0.00711726
EAH_tby             		 0.00184887
EAH_ti              		 0
EAH_tj              		 0
EAH_tot             		 1.42332
EAH_tr              		 0.283155
EAH_tri             		 0.18877
EAH_trj             		 0.56631
EAH_try             		 0.073556
EAH_ttc             		 1.44887
EAH_tti             		 0.603777
EAH_ttcg            		 0.653114
EAH_ttig            		 0.130623
EAH_ty              		 0
EAH_u               		 1
EAH_utili           		 -67.747
EAH_utilj           		 -217.985
EAH_vj              		 2.38
EAH_w               		 1.01302
EAH_wcst            		 0
EAH_whty            		 0.499335
EAH_wi              		 1.13582
EAH_witilde         		 1.13582
EAH_wj              		 0.828872
EAH_wjtilde         		 0.828872
EAH_wnty            		 0.490019
EAH_wy              		 0.496406
EAH_y               		 3.96078
EAH_ygap            		 0
EAH_ygrowth         		 1
EAH_ygrowth4        		 1
EAH_yhty            		 0.685546
EAH_ynty            		 0.314454
EAH_yshare          		 0.0665152
EAH_ysn             		 1.06326
EAH_yst             		 2.89752
EAH_zcon            		 1
EAH_zinv            		 1
EAH_zn              		 1
EAH_zt              		 1
EAH_gammav1         		 0.0287061
EAH_gammav2         		 0.150338
EAH_nutc            		 0.228531
EAH_nuti            		 0.119666
EAH_nutcg           		 0.499309
EAH_nutig           		 0.499309
EAH_psit            		 0.043468
EAHEAA_rerbar       		 1
EAHEAB_rerbar       		 1
EAHEAC_rerbar       		 1
EAHEAD_rerbar       		 1
EAHEAE_rerbar       		 1
EAHEAF_rerbar       		 1
EAHEAG_rerbar       		 1
EAHEAI_rerbar       		 1
EAHEAJ_rerbar       		 1
EAHEAK_rerbar       		 1
EAHEAL_rerbar       		 1.00316
EAHRW_rerbar        		 0.988155
EAHUS_rerbar        		 1.32211
EAH_pibar           		 0.981545
EAH_psinbar         		 0.297712
EAH_psitbar         		 0.125949
EAH_pybar           		 0.97191
EAH_qbar            		 0.981545
EAH_trybar          		 0.073556
EAH_ybar            		 3.96078
EAH_ynbar           		 1.06326
EAH_ytbar           		 2.89752
EAIEAA_excy         		 0.0213205
EAIEAB_excy         		 0.0213205
EAIEAC_excy         		 0.0213205
EAIEAD_excy         		 0.0213205
EAIEAE_excy         		 0.0213205
EAIEAF_excy         		 0.0213205
EAIEAG_excy         		 0.0213205
EAIEAH_excy         		 0.0213205
EAIEAJ_excy         		 0.0213205
EAIEAK_excy         		 0.0213205
EAIEAL_excy         		 0.0217196
EAIRW_excy          		 0.0164031
EAIUS_excy          		 0.00609685
EAIEAA_exiy         		 0.0102114
EAIEAB_exiy         		 0.0102114
EAIEAC_exiy         		 0.0102114
EAIEAD_exiy         		 0.0102114
EAIEAE_exiy         		 0.0102114
EAIEAF_exiy         		 0.0102114
EAIEAG_exiy         		 0.0102114
EAIEAH_exiy         		 0.0102114
EAIEAJ_exiy         		 0.0102114
EAIEAK_exiy         		 0.0102114
EAIEAL_exiy         		 0.0102503
EAIRW_exiy          		 0.0129191
EAIUS_exiy          		 0.0048406
EAI_fx              		 6.14513
EAIEAA_gammaimc     		 0
EAIEAB_gammaimc     		 0
EAIEAC_gammaimc     		 0
EAIEAD_gammaimc     		 0
EAIEAE_gammaimc     		 0
EAIEAF_gammaimc     		 0
EAIEAG_gammaimc     		 0
EAIEAH_gammaimc     		 0
EAIEAJ_gammaimc     		 0
EAIEAK_gammaimc     		 0
EAIEAL_gammaimc     		 0
EAIRW_gammaimc      		 0
EAIUS_gammaimc      		 0
EAIEAA_gammaimcdag  		 1
EAIEAB_gammaimcdag  		 1
EAIEAC_gammaimcdag  		 1
EAIEAD_gammaimcdag  		 1
EAIEAE_gammaimcdag  		 1
EAIEAF_gammaimcdag  		 1
EAIEAG_gammaimcdag  		 1
EAIEAH_gammaimcdag  		 1
EAIEAJ_gammaimcdag  		 1
EAIEAK_gammaimcdag  		 1
EAIEAL_gammaimcdag  		 1
EAIRW_gammaimcdag   		 1
EAIUS_gammaimcdag   		 1
EAIEAA_gammaimi     		 0
EAIEAB_gammaimi     		 0
EAIEAC_gammaimi     		 0
EAIEAD_gammaimi     		 0
EAIEAE_gammaimi     		 0
EAIEAF_gammaimi     		 0
EAIEAG_gammaimi     		 0
EAIEAH_gammaimi     		 0
EAIEAJ_gammaimi     		 0
EAIEAK_gammaimi     		 0
EAIEAL_gammaimi     		 0
EAIRW_gammaimi      		 0
EAIUS_gammaimi      		 0
EAIEAA_gammaimidag  		 1
EAIEAB_gammaimidag  		 1
EAIEAC_gammaimidag  		 1
EAIEAD_gammaimidag  		 1
EAIEAE_gammaimidag  		 1
EAIEAF_gammaimidag  		 1
EAIEAG_gammaimidag  		 1
EAIEAH_gammaimidag  		 1
EAIEAJ_gammaimidag  		 1
EAIEAK_gammaimidag  		 1
EAIEAL_gammaimidag  		 1
EAIRW_gammaimidag   		 1
EAIUS_gammaimidag   		 1
EAIEAA_gammaimcg    		 0
EAIEAB_gammaimcg    		 0
EAIEAC_gammaimcg    		 0
EAIEAD_gammaimcg    		 0
EAIEAE_gammaimcg    		 0
EAIEAF_gammaimcg    		 0
EAIEAG_gammaimcg    		 0
EAIEAH_gammaimcg    		 0
EAIEAJ_gammaimcg    		 0
EAIEAK_gammaimcg    		 0
EAIEAL_gammaimcg    		 0
EAIRW_gammaimcg     		 0
EAIUS_gammaimcg     		 0
EAIEAA_gammaimcgdag 		 1
EAIEAB_gammaimcgdag 		 1
EAIEAC_gammaimcgdag 		 1
EAIEAD_gammaimcgdag 		 1
EAIEAE_gammaimcgdag 		 1
EAIEAF_gammaimcgdag 		 1
EAIEAG_gammaimcgdag 		 1
EAIEAH_gammaimcgdag 		 1
EAIEAJ_gammaimcgdag 		 1
EAIEAK_gammaimcgdag 		 1
EAIEAL_gammaimcgdag 		 1
EAIRW_gammaimcgdag  		 1
EAIUS_gammaimcgdag  		 1
EAIEAA_gammaimig    		 0
EAIEAB_gammaimig    		 0
EAIEAC_gammaimig    		 0
EAIEAD_gammaimig    		 0
EAIEAE_gammaimig    		 0
EAIEAF_gammaimig    		 0
EAIEAG_gammaimig    		 0
EAIEAH_gammaimig    		 0
EAIEAJ_gammaimig    		 0
EAIEAK_gammaimig    		 0
EAIEAL_gammaimig    		 0
EAIRW_gammaimig     		 0
EAIUS_gammaimig     		 0
EAIEAA_gammaimigdag 		 1
EAIEAB_gammaimigdag 		 1
EAIEAC_gammaimigdag 		 1
EAIEAD_gammaimigdag 		 1
EAIEAE_gammaimigdag 		 1
EAIEAF_gammaimigdag 		 1
EAIEAG_gammaimigdag 		 1
EAIEAH_gammaimigdag 		 1
EAIEAJ_gammaimigdag 		 1
EAIEAK_gammaimigdag 		 1
EAIEAL_gammaimigdag 		 1
EAIRW_gammaimigdag  		 1
EAIUS_gammaimigdag  		 1
EAI_gx              		 7.37415
EAIEAA_im           		 0.164354
EAIEAB_im           		 0.164354
EAIEAC_im           		 0.164354
EAIEAD_im           		 0.164354
EAIEAE_im           		 0.164354
EAIEAF_im           		 0.164354
EAIEAG_im           		 0.164354
EAIEAH_im           		 0.164354
EAIEAJ_im           		 0.164354
EAIEAK_im           		 0.164354
EAIEAL_im           		 0.161905
EAIRW_im            		 0.148583
EAIUS_im            		 0.0693843
EAIEAA_imc          		 0.090113
EAIEAB_imc          		 0.090113
EAIEAC_imc          		 0.090113
EAIEAD_imc          		 0.090113
EAIEAE_imc          		 0.090113
EAIEAF_imc          		 0.090113
EAIEAG_imc          		 0.090113
EAIEAH_imc          		 0.090113
EAIEAJ_imc          		 0.090113
EAIEAK_imc          		 0.090113
EAIEAL_imc          		 0.0887703
EAIRW_imc           		 0.0814663
EAIUS_imc           		 0.0380425
EAIEAG_imcy         		 0.0213205
EAIEAA_imi          		 0.0431595
EAIEAB_imi          		 0.0431595
EAIEAC_imi          		 0.0431595
EAIEAD_imi          		 0.0431595
EAIEAE_imi          		 0.0431595
EAIEAF_imi          		 0.0431595
EAIEAG_imi          		 0.0431595
EAIEAH_imi          		 0.0431595
EAIEAJ_imi          		 0.0431595
EAIEAK_imi          		 0.0431595
EAIEAL_imi          		 0.0425165
EAIRW_imi           		 0.0390182
EAIUS_imi           		 0.0182204
EAIEAG_imiy         		 0.0102114
EAIEAA_imcg         		 0.0259011
EAIEAB_imcg         		 0.0259011
EAIEAC_imcg         		 0.0259011
EAIEAD_imcg         		 0.0259011
EAIEAE_imcg         		 0.0259011
EAIEAF_imcg         		 0.0259011
EAIEAG_imcg         		 0.0259011
EAIEAH_imcg         		 0.0259011
EAIEAJ_imcg         		 0.0259011
EAIEAK_imcg         		 0.0259011
EAIEAL_imcg         		 0.0255151
EAIRW_imcg          		 0.0234157
EAIUS_imcg          		 0.0109345
EAIEAG_imcgy        		 0.00612812
EAIEAA_imig         		 0.00518021
EAIEAB_imig         		 0.00518021
EAIEAC_imig         		 0.00518021
EAIEAD_imig         		 0.00518021
EAIEAE_imig         		 0.00518021
EAIEAF_imig         		 0.00518021
EAIEAG_imig         		 0.00518021
EAIEAH_imig         		 0.00518021
EAIEAJ_imig         		 0.00518021
EAIEAK_imig         		 0.00518021
EAIEAL_imig         		 0.00510303
EAIRW_imig          		 0.00468315
EAIUS_imig          		 0.0021869
EAIEAG_imigy        		 0.00122562
EAI_piex            		 1.00496
EAI_pextilde        		 0.910785
EAIEAA_rer          		 1
EAIEAB_rer          		 1
EAIEAC_rer          		 1
EAIEAD_rer          		 1
EAIEAE_rer          		 1
EAIEAF_rer          		 1
EAIEAG_rer          		 1
EAIEAH_rer          		 1
EAIEAJ_rer          		 1
EAIEAK_rer          		 1
EAIEAL_rer          		 1.00316
EAIRW_rer           		 0.988155
EAIUS_rer           		 1.32211
EAI_sx              		 1
EAIEAA_tot          		 1
EAIEAB_tot          		 1
EAIEAC_tot          		 1
EAIEAD_tot          		 1
EAIEAE_tot          		 1
EAIEAF_tot          		 1
EAIEAG_tot          		 1
EAIEAH_tot          		 1
EAIEAJ_tot          		 1
EAIEAK_tot          		 1
EAIEAL_tot          		 1.00655
EAIRW_tot           		 1.04825
EAIUS_tot           		 1.42332
EAIEAA_weight       		 0.0790839
EAIEAB_weight       		 0.0790839
EAIEAC_weight       		 0.0790839
EAIEAD_weight       		 0.0790839
EAIEAE_weight       		 0.0790839
EAIEAF_weight       		 0.0790839
EAIEAG_weight       		 0.0790839
EAIEAH_weight       		 0.0790839
EAIEAJ_weight       		 0.0790839
EAIEAK_weight       		 0.0790839
EAIEAL_weight       		 0.0787645
EAIRW_weight        		 0.0777095
EAIUS_weight        		 0.0526868
EAIEAA_weightex     		 0.0784261
EAIEAB_weightex     		 0.0784261
EAIEAC_weightex     		 0.0784261
EAIEAD_weightex     		 0.0784261
EAIEAE_weightex     		 0.0784261
EAIEAF_weightex     		 0.0784261
EAIEAG_weightex     		 0.0784261
EAIEAH_weightex     		 0.0784261
EAIEAJ_weightex     		 0.0784261
EAIEAK_weightex     		 0.0784261
EAIEAL_weightex     		 0.0784597
EAIRW_weightex      		 0.0798398
EAIUS_weightex      		 0.0574393
EAIEAA_weightim     		 0.0797442
EAIEAB_weightim     		 0.0797442
EAIEAC_weightim     		 0.0797442
EAIEAD_weightim     		 0.0797442
EAIEAE_weightim     		 0.0797442
EAIEAF_weightim     		 0.0797442
EAIEAG_weightim     		 0.0797442
EAIEAH_weightim     		 0.0797442
EAIEAJ_weightim     		 0.0797442
EAIEAK_weightim     		 0.0797442
EAIEAL_weightim     		 0.0790705
EAIRW_weightim      		 0.0755712
EAIUS_weightim      		 0.0479164
EAI_b               		 9.23884
EAI_bf              		 -0.438914
EAI_by              		 2.4
EAI_c               		 2.14839
EAI_ci              		 2.50608
EAI_cj              		 1.07535
EAI_cy              		 0.558095
EAI_d               		 0.521782
EAI_dn              		 0.17754
EAI_dt              		 0.344243
EAI_etot            		 1.02304
EAI_ex              		 2.06883
EAI_fh              		 7.24839
EAI_fi              		 13.1099
EAI_fj              		 0.485553
EAI_fn              		 9.30006
EAI_cg              		 0.798686
EAI_gammab          		 0
EAI_gammai          		 0
EAI_gammaider       		 0
EAI_gammau          		 0
EAI_gammauder       		 0.0324171
EAI_gammav          		 0.000217026
EAI_gammavi         		 0.000101018
EAI_gammavider      		 0.00216519
EAI_gammavj         		 0.000101018
EAI_gammavjder      		 0.00216519
EAI_gh              		 8.69807
EAI_gi              		 4.98162
EAI_gj              		 3.86983
EAI_gn              		 13.9501
EAI_cgy             		 0.2
EAI_ht              		 0.828693
EAI_htc             		 0.348056
EAI_hti             		 0.0764956
EAI_htcg            		 0.336785
EAI_htig            		 0.067357
EAI_i               		 0.784379
EAI_ig              		 0.159737
EAI_ii              		 1.04584
EAI_im              		 2.00813
EAI_imc             		 1.10103
EAI_imi             		 0.527337
EAI_imcg            		 0.316467
EAI_imig            		 0.0632935
EAI_imy             		 0.48763
EAI_internalrer     		 1.22529
EAI_igy             		 0.04
EAI_k               		 31.3752
EAI_kd              		 31.3752
EAI_kdn             		 9.73912
EAI_kdt             		 21.636
EAI_ki              		 41.8335
EAI_lambdai         		 1.11937
EAI_lambdaj         		 2.60867
EAI_lcy             		 0.605119
EAI_m               		 0.902687
EAI_mcn             		 0.758988
EAI_mct             		 0.758988
EAI_mi              		 1.05297
EAI_mj              		 0.451829
EAI_nd              		 1.88637
EAI_ndi             		 0.862038
EAI_ndj             		 1.12419
EAI_ndn             		 0.585544
EAI_ndt             		 1.30082
EAI_ni              		 0.862038
EAI_nj              		 1.12419
EAI_nt              		 1.06326
EAI_ntc             		 0.704795
EAI_nti             		 0.182078
EAI_ntcg            		 0.146985
EAI_ntig            		 0.029397
EAI_pex             		 0.910785
EAI_pht             		 0.910785
EAI_phttilde        		 0.910785
EAI_pi              		 0.981545
EAI_pcg             		 0.963963
EAI_pig             		 0.963963
EAI_pic             		 1.00496
EAI_pic4            		 1.02
EAI_piex4           		 1.02
EAI_piht            		 1.00496
EAI_piimc           		 1.00496
EAI_piimi           		 1.00496
EAI_piimcg          		 1.00496
EAI_piimig          		 1.00496
EAI_piimc4          		 1.02
EAI_pim             		 0.934771
EAI_pimc            		 0.934771
EAI_pimi            		 0.934771
EAI_pimcg           		 0.934771
EAI_pimig           		 0.934771
EAI_pint            		 1.00496
EAI_piw             		 1.00496
EAI_piw4            		 1.02
EAI_pnt             		 1.13848
EAI_pnttilde        		 1.13848
EAI_pttc            		 0.929151
EAI_ptti            		 0.931818
EAI_pttcg           		 0.9226
EAI_pttig           		 0.9226
EAI_py              		 0.97191
EAI_q               		 0.981545
EAI_qc              		 2.14861
EAI_qi              		 0.784379
EAI_qcg             		 0.798686
EAI_qig             		 0.159737
EAI_r               		 1.01242
EAI_reer            		 1.01413
EAI_rer             		 1.32211
EAI_rerdep          		 1
EAI_rk              		 0.0318188
EAI_rp              		 0
EAI_rr              		 1.00742
EAI_rrstar          		 1.00742
EAI_sh              		 1
EAI_si              		 1
EAI_sj              		 1
EAI_snt             		 1
EAI_t               		 0
EAI_tauc            		 0.183
EAI_taud            		 0
EAI_tauk            		 0
EAI_taun            		 0.122
EAI_tauwf           		 0.219
EAI_tauwh           		 0.118
EAI_tb              		 0.00711726
EAI_tby             		 0.00184887
EAI_ti              		 0
EAI_tj              		 0
EAI_tot             		 1.42332
EAI_tr              		 0.283155
EAI_tri             		 0.18877
EAI_trj             		 0.56631
EAI_try             		 0.073556
EAI_ttc             		 1.44887
EAI_tti             		 0.603777
EAI_ttcg            		 0.653114
EAI_ttig            		 0.130623
EAI_ty              		 0
EAI_u               		 1
EAI_utili           		 -67.747
EAI_utilj           		 -217.985
EAI_vj              		 2.38
EAI_w               		 1.01302
EAI_wcst            		 0
EAI_whty            		 0.499335
EAI_wi              		 1.13582
EAI_witilde         		 1.13582
EAI_wj              		 0.828872
EAI_wjtilde         		 0.828872
EAI_wnty            		 0.490019
EAI_wy              		 0.496406
EAI_y               		 3.96078
EAI_ygap            		 0
EAI_ygrowth         		 1
EAI_ygrowth4        		 1
EAI_yhty            		 0.685546
EAI_ynty            		 0.314454
EAI_yshare          		 0.0665152
EAI_ysn             		 1.06326
EAI_yst             		 2.89752
EAI_zcon            		 1
EAI_zinv            		 1
EAI_zn              		 1
EAI_zt              		 1
EAI_gammav1         		 0.0287061
EAI_gammav2         		 0.150338
EAI_nutc            		 0.228531
EAI_nuti            		 0.119666
EAI_nutcg           		 0.499309
EAI_nutig           		 0.499309
EAI_psit            		 0.043468
EAIEAA_rerbar       		 1
EAIEAB_rerbar       		 1
EAIEAC_rerbar       		 1
EAIEAD_rerbar       		 1
EAIEAE_rerbar       		 1
EAIEAF_rerbar       		 1
EAIEAG_rerbar       		 1
EAIEAH_rerbar       		 1
EAIEAJ_rerbar       		 1
EAIEAK_rerbar       		 1
EAIEAL_rerbar       		 1.00316
EAIRW_rerbar        		 0.988155
EAIUS_rerbar        		 1.32211
EAI_pibar           		 0.981545
EAI_psinbar         		 0.297712
EAI_psitbar         		 0.125949
EAI_pybar           		 0.97191
EAI_qbar            		 0.981545
EAI_trybar          		 0.073556
EAI_ybar            		 3.96078
EAI_ynbar           		 1.06326
EAI_ytbar           		 2.89752
EAJEAA_excy         		 0.0213205
EAJEAB_excy         		 0.0213205
EAJEAC_excy         		 0.0213205
EAJEAD_excy         		 0.0213205
EAJEAE_excy         		 0.0213205
EAJEAF_excy         		 0.0213205
EAJEAG_excy         		 0.0213205
EAJEAH_excy         		 0.0213205
EAJEAI_excy         		 0.0213205
EAJEAK_excy         		 0.0213205
EAJEAL_excy         		 0.0217196
EAJRW_excy          		 0.0164031
EAJUS_excy          		 0.00609685
EAJEAA_exiy         		 0.0102114
EAJEAB_exiy         		 0.0102114
EAJEAC_exiy         		 0.0102114
EAJEAD_exiy         		 0.0102114
EAJEAE_exiy         		 0.0102114
EAJEAF_exiy         		 0.0102114
EAJEAG_exiy         		 0.0102114
EAJEAH_exiy         		 0.0102114
EAJEAI_exiy         		 0.0102114
EAJEAK_exiy         		 0.0102114
EAJEAL_exiy         		 0.0102503
EAJRW_exiy          		 0.0129191
EAJUS_exiy          		 0.0048406
EAJ_fx              		 6.14513
EAJEAA_gammaimc     		 0
EAJEAB_gammaimc     		 0
EAJEAC_gammaimc     		 0
EAJEAD_gammaimc     		 0
EAJEAE_gammaimc     		 0
EAJEAF_gammaimc     		 0
EAJEAG_gammaimc     		 0
EAJEAH_gammaimc     		 0
EAJEAI_gammaimc     		 0
EAJEAK_gammaimc     		 0
EAJEAL_gammaimc     		 0
EAJRW_gammaimc      		 0
EAJUS_gammaimc      		 0
EAJEAA_gammaimcdag  		 1
EAJEAB_gammaimcdag  		 1
EAJEAC_gammaimcdag  		 1
EAJEAD_gammaimcdag  		 1
EAJEAE_gammaimcdag  		 1
EAJEAF_gammaimcdag  		 1
EAJEAG_gammaimcdag  		 1
EAJEAH_gammaimcdag  		 1
EAJEAI_gammaimcdag  		 1
EAJEAK_gammaimcdag  		 1
EAJEAL_gammaimcdag  		 1
EAJRW_gammaimcdag   		 1
EAJUS_gammaimcdag   		 1
EAJEAA_gammaimi     		 0
EAJEAB_gammaimi     		 0
EAJEAC_gammaimi     		 0
EAJEAD_gammaimi     		 0
EAJEAE_gammaimi     		 0
EAJEAF_gammaimi     		 0
EAJEAG_gammaimi     		 0
EAJEAH_gammaimi     		 0
EAJEAI_gammaimi     		 0
EAJEAK_gammaimi     		 0
EAJEAL_gammaimi     		 0
EAJRW_gammaimi      		 0
EAJUS_gammaimi      		 0
EAJEAA_gammaimidag  		 1
EAJEAB_gammaimidag  		 1
EAJEAC_gammaimidag  		 1
EAJEAD_gammaimidag  		 1
EAJEAE_gammaimidag  		 1
EAJEAF_gammaimidag  		 1
EAJEAG_gammaimidag  		 1
EAJEAH_gammaimidag  		 1
EAJEAI_gammaimidag  		 1
EAJEAK_gammaimidag  		 1
EAJEAL_gammaimidag  		 1
EAJRW_gammaimidag   		 1
EAJUS_gammaimidag   		 1
EAJEAA_gammaimcg    		 0
EAJEAB_gammaimcg    		 0
EAJEAC_gammaimcg    		 0
EAJEAD_gammaimcg    		 0
EAJEAE_gammaimcg    		 0
EAJEAF_gammaimcg    		 0
EAJEAG_gammaimcg    		 0
EAJEAH_gammaimcg    		 0
EAJEAI_gammaimcg    		 0
EAJEAK_gammaimcg    		 0
EAJEAL_gammaimcg    		 0
EAJRW_gammaimcg     		 0
EAJUS_gammaimcg     		 0
EAJEAA_gammaimcgdag 		 1
EAJEAB_gammaimcgdag 		 1
EAJEAC_gammaimcgdag 		 1
EAJEAD_gammaimcgdag 		 1
EAJEAE_gammaimcgdag 		 1
EAJEAF_gammaimcgdag 		 1
EAJEAG_gammaimcgdag 		 1
EAJEAH_gammaimcgdag 		 1
EAJEAI_gammaimcgdag 		 1
EAJEAK_gammaimcgdag 		 1
EAJEAL_gammaimcgdag 		 1
EAJRW_gammaimcgdag  		 1
EAJUS_gammaimcgdag  		 1
EAJEAA_gammaimig    		 0
EAJEAB_gammaimig    		 0
EAJEAC_gammaimig    		 0
EAJEAD_gammaimig    		 0
EAJEAE_gammaimig    		 0
EAJEAF_gammaimig    		 0
EAJEAG_gammaimig    		 0
EAJEAH_gammaimig    		 0
EAJEAI_gammaimig    		 0
EAJEAK_gammaimig    		 0
EAJEAL_gammaimig    		 0
EAJRW_gammaimig     		 0
EAJUS_gammaimig     		 0
EAJEAA_gammaimigdag 		 1
EAJEAB_gammaimigdag 		 1
EAJEAC_gammaimigdag 		 1
EAJEAD_gammaimigdag 		 1
EAJEAE_gammaimigdag 		 1
EAJEAF_gammaimigdag 		 1
EAJEAG_gammaimigdag 		 1
EAJEAH_gammaimigdag 		 1
EAJEAI_gammaimigdag 		 1
EAJEAK_gammaimigdag 		 1
EAJEAL_gammaimigdag 		 1
EAJRW_gammaimigdag  		 1
EAJUS_gammaimigdag  		 1
EAJ_gx              		 7.37415
EAJEAA_im           		 0.164354
EAJEAB_im           		 0.164354
EAJEAC_im           		 0.164354
EAJEAD_im           		 0.164354
EAJEAE_im           		 0.164354
EAJEAF_im           		 0.164354
EAJEAG_im           		 0.164354
EAJEAH_im           		 0.164354
EAJEAI_im           		 0.164354
EAJEAK_im           		 0.164354
EAJEAL_im           		 0.161905
EAJRW_im            		 0.148583
EAJUS_im            		 0.0693843
EAJEAA_imc          		 0.090113
EAJEAB_imc          		 0.090113
EAJEAC_imc          		 0.090113
EAJEAD_imc          		 0.090113
EAJEAE_imc          		 0.090113
EAJEAF_imc          		 0.090113
EAJEAG_imc          		 0.090113
EAJEAH_imc          		 0.090113
EAJEAI_imc          		 0.090113
EAJEAK_imc          		 0.090113
EAJEAL_imc          		 0.0887703
EAJRW_imc           		 0.0814663
EAJUS_imc           		 0.0380425
EAJEAH_imcy         		 0.0213205
EAJEAA_imi          		 0.0431595
EAJEAB_imi          		 0.0431595
EAJEAC_imi          		 0.0431595
EAJEAD_imi          		 0.0431595
EAJEAE_imi          		 0.0431595
EAJEAF_imi          		 0.0431595
EAJEAG_imi          		 0.0431595
EAJEAH_imi          		 0.0431595
EAJEAI_imi          		 0.0431595
EAJEAK_imi          		 0.0431595
EAJEAL_imi          		 0.0425165
EAJRW_imi           		 0.0390182
EAJUS_imi           		 0.0182204
EAJEAH_imiy         		 0.0102114
EAJEAA_imcg         		 0.0259011
EAJEAB_imcg         		 0.0259011
EAJEAC_imcg         		 0.0259011
EAJEAD_imcg         		 0.0259011
EAJEAE_imcg         		 0.0259011
EAJEAF_imcg         		 0.0259011
EAJEAG_imcg         		 0.0259011
EAJEAH_imcg         		 0.0259011
EAJEAI_imcg         		 0.0259011
EAJEAK_imcg         		 0.0259011
EAJEAL_imcg         		 0.0255151
EAJRW_imcg          		 0.0234157
EAJUS_imcg          		 0.0109345
EAJEAH_imcgy        		 0.00612812
EAJEAA_imig         		 0.00518021
EAJEAB_imig         		 0.00518021
EAJEAC_imig         		 0.00518021
EAJEAD_imig         		 0.00518021
EAJEAE_imig         		 0.00518021
EAJEAF_imig         		 0.00518021
EAJEAG_imig         		 0.00518021
EAJEAH_imig         		 0.00518021
EAJEAI_imig         		 0.00518021
EAJEAK_imig         		 0.00518021
EAJEAL_imig         		 0.00510303
EAJRW_imig          		 0.00468315
EAJUS_imig          		 0.0021869
EAJEAH_imigy        		 0.00122562
EAJ_piex            		 1.00496
EAJ_pextilde        		 0.910785
EAJEAA_rer          		 1
EAJEAB_rer          		 1
EAJEAC_rer          		 1
EAJEAD_rer          		 1
EAJEAE_rer          		 1
EAJEAF_rer          		 1
EAJEAG_rer          		 1
EAJEAH_rer          		 1
EAJEAI_rer          		 1
EAJEAK_rer          		 1
EAJEAL_rer          		 1.00316
EAJRW_rer           		 0.988155
EAJUS_rer           		 1.32211
EAJ_sx              		 1
EAJEAA_tot          		 1
EAJEAB_tot          		 1
EAJEAC_tot          		 1
EAJEAD_tot          		 1
EAJEAE_tot          		 1
EAJEAF_tot          		 1
EAJEAG_tot          		 1
EAJEAH_tot          		 1
EAJEAI_tot          		 1
EAJEAK_tot          		 1
EAJEAL_tot          		 1.00655
EAJRW_tot           		 1.04825
EAJUS_tot           		 1.42332
EAJEAA_weight       		 0.0790839
EAJEAB_weight       		 0.0790839
EAJEAC_weight       		 0.0790839
EAJEAD_weight       		 0.0790839
EAJEAE_weight       		 0.0790839
EAJEAF_weight       		 0.0790839
EAJEAG_weight       		 0.0790839
EAJEAH_weight       		 0.0790839
EAJEAI_weight       		 0.0790839
EAJEAK_weight       		 0.0790839
EAJEAL_weight       		 0.0787645
EAJRW_weight        		 0.0777095
EAJUS_weight        		 0.0526868
EAJEAA_weightex     		 0.0784261
EAJEAB_weightex     		 0.0784261
EAJEAC_weightex     		 0.0784261
EAJEAD_weightex     		 0.0784261
EAJEAE_weightex     		 0.0784261
EAJEAF_weightex     		 0.0784261
EAJEAG_weightex     		 0.0784261
EAJEAH_weightex     		 0.0784261
EAJEAI_weightex     		 0.0784261
EAJEAK_weightex     		 0.0784261
EAJEAL_weightex     		 0.0784597
EAJRW_weightex      		 0.0798398
EAJUS_weightex      		 0.0574393
EAJEAA_weightim     		 0.0797442
EAJEAB_weightim     		 0.0797442
EAJEAC_weightim     		 0.0797442
EAJEAD_weightim     		 0.0797442
EAJEAE_weightim     		 0.0797442
EAJEAF_weightim     		 0.0797442
EAJEAG_weightim     		 0.0797442
EAJEAH_weightim     		 0.0797442
EAJEAI_weightim     		 0.0797442
EAJEAK_weightim     		 0.0797442
EAJEAL_weightim     		 0.0790705
EAJRW_weightim      		 0.0755712
EAJUS_weightim      		 0.0479164
EAJ_b               		 9.23884
EAJ_bf              		 -0.438914
EAJ_by              		 2.4
EAJ_c               		 2.14839
EAJ_ci              		 2.50608
EAJ_cj              		 1.07535
EAJ_cy              		 0.558095
EAJ_d               		 0.521782
EAJ_dn              		 0.17754
EAJ_dt              		 0.344243
EAJ_etot            		 1.02304
EAJ_ex              		 2.06883
EAJ_fh              		 7.24839
EAJ_fi              		 13.1099
EAJ_fj              		 0.485553
EAJ_fn              		 9.30006
EAJ_cg              		 0.798686
EAJ_gammab          		 0
EAJ_gammai          		 0
EAJ_gammaider       		 0
EAJ_gammau          		 0
EAJ_gammauder       		 0.0324171
EAJ_gammav          		 0.000217026
EAJ_gammavi         		 0.000101018
EAJ_gammavider      		 0.00216519
EAJ_gammavj         		 0.000101018
EAJ_gammavjder      		 0.00216519
EAJ_gh              		 8.69807
EAJ_gi              		 4.98162
EAJ_gj              		 3.86983
EAJ_gn              		 13.9501
EAJ_cgy             		 0.2
EAJ_ht              		 0.828693
EAJ_htc             		 0.348056
EAJ_hti             		 0.0764956
EAJ_htcg            		 0.336785
EAJ_htig            		 0.067357
EAJ_i               		 0.784379
EAJ_ig              		 0.159737
EAJ_ii              		 1.04584
EAJ_im              		 2.00813
EAJ_imc             		 1.10103
EAJ_imi             		 0.527337
EAJ_imcg            		 0.316467
EAJ_imig            		 0.0632935
EAJ_imy             		 0.48763
EAJ_internalrer     		 1.22529
EAJ_igy             		 0.04
EAJ_k               		 31.3752
EAJ_kd              		 31.3752
EAJ_kdn             		 9.73912
EAJ_kdt             		 21.636
EAJ_ki              		 41.8335
EAJ_lambdai         		 1.11937
EAJ_lambdaj         		 2.60867
EAJ_lcy             		 0.605119
EAJ_m               		 0.902687
EAJ_mcn             		 0.758988
EAJ_mct             		 0.758988
EAJ_mi              		 1.05297
EAJ_mj              		 0.451829
EAJ_nd              		 1.88637
EAJ_ndi             		 0.862038
EAJ_ndj             		 1.12419
EAJ_ndn             		 0.585544
EAJ_ndt             		 1.30082
EAJ_ni              		 0.862038
EAJ_nj              		 1.12419
EAJ_nt              		 1.06326
EAJ_ntc             		 0.704795
EAJ_nti             		 0.182078
EAJ_ntcg            		 0.146985
EAJ_ntig            		 0.029397
EAJ_pex             		 0.910785
EAJ_pht             		 0.910785
EAJ_phttilde        		 0.910785
EAJ_pi              		 0.981545
EAJ_pcg             		 0.963963
EAJ_pig             		 0.963963
EAJ_pic             		 1.00496
EAJ_pic4            		 1.02
EAJ_piex4           		 1.02
EAJ_piht            		 1.00496
EAJ_piimc           		 1.00496
EAJ_piimi           		 1.00496
EAJ_piimcg          		 1.00496
EAJ_piimig          		 1.00496
EAJ_piimc4          		 1.02
EAJ_pim             		 0.934771
EAJ_pimc            		 0.934771
EAJ_pimi            		 0.934771
EAJ_pimcg           		 0.934771
EAJ_pimig           		 0.934771
EAJ_pint            		 1.00496
EAJ_piw             		 1.00496
EAJ_piw4            		 1.02
EAJ_pnt             		 1.13848
EAJ_pnttilde        		 1.13848
EAJ_pttc            		 0.929151
EAJ_ptti            		 0.931818
EAJ_pttcg           		 0.9226
EAJ_pttig           		 0.9226
EAJ_py              		 0.97191
EAJ_q               		 0.981545
EAJ_qc              		 2.14861
EAJ_qi              		 0.784379
EAJ_qcg             		 0.798686
EAJ_qig             		 0.159737
EAJ_r               		 1.01242
EAJ_reer            		 1.01413
EAJ_rer             		 1.32211
EAJ_rerdep          		 1
EAJ_rk              		 0.0318188
EAJ_rp              		 0
EAJ_rr              		 1.00742
EAJ_rrstar          		 1.00742
EAJ_sh              		 1
EAJ_si              		 1
EAJ_sj              		 1
EAJ_snt             		 1
EAJ_t               		 0
EAJ_tauc            		 0.183
EAJ_taud            		 0
EAJ_tauk            		 0
EAJ_taun            		 0.122
EAJ_tauwf           		 0.219
EAJ_tauwh           		 0.118
EAJ_tb              		 0.00711726
EAJ_tby             		 0.00184887
EAJ_ti              		 0
EAJ_tj              		 0
EAJ_tot             		 1.42332
EAJ_tr              		 0.283155
EAJ_tri             		 0.18877
EAJ_trj             		 0.56631
EAJ_try             		 0.073556
EAJ_ttc             		 1.44887
EAJ_tti             		 0.603777
EAJ_ttcg            		 0.653114
EAJ_ttig            		 0.130623
EAJ_ty              		 0
EAJ_u               		 1
EAJ_utili           		 -67.747
EAJ_utilj           		 -217.985
EAJ_vj              		 2.38
EAJ_w               		 1.01302
EAJ_wcst            		 0
EAJ_whty            		 0.499335
EAJ_wi              		 1.13582
EAJ_witilde         		 1.13582
EAJ_wj              		 0.828872
EAJ_wjtilde         		 0.828872
EAJ_wnty            		 0.490019
EAJ_wy              		 0.496406
EAJ_y               		 3.96078
EAJ_ygap            		 0
EAJ_ygrowth         		 1
EAJ_ygrowth4        		 1
EAJ_yhty            		 0.685546
EAJ_ynty            		 0.314454
EAJ_yshare          		 0.0665152
EAJ_ysn             		 1.06326
EAJ_yst             		 2.89752
EAJ_zcon            		 1
EAJ_zinv            		 1
EAJ_zn              		 1
EAJ_zt              		 1
EAJ_gammav1         		 0.0287061
EAJ_gammav2         		 0.150338
EAJ_nutc            		 0.228531
EAJ_nuti            		 0.119666
EAJ_nutcg           		 0.499309
EAJ_nutig           		 0.499309
EAJ_psit            		 0.043468
EAJEAA_rerbar       		 1
EAJEAB_rerbar       		 1
EAJEAC_rerbar       		 1
EAJEAD_rerbar       		 1
EAJEAE_rerbar       		 1
EAJEAF_rerbar       		 1
EAJEAG_rerbar       		 1
EAJEAH_rerbar       		 1
EAJEAI_rerbar       		 1
EAJEAK_rerbar       		 1
EAJEAL_rerbar       		 1.00316
EAJRW_rerbar        		 0.988155
EAJUS_rerbar        		 1.32211
EAJ_pibar           		 0.981545
EAJ_psinbar         		 0.297712
EAJ_psitbar         		 0.125949
EAJ_pybar           		 0.97191
EAJ_qbar            		 0.981545
EAJ_trybar          		 0.073556
EAJ_ybar            		 3.96078
EAJ_ynbar           		 1.06326
EAJ_ytbar           		 2.89752
EAKEAA_excy         		 0.0213205
EAKEAB_excy         		 0.0213205
EAKEAC_excy         		 0.0213205
EAKEAD_excy         		 0.0213205
EAKEAE_excy         		 0.0213205
EAKEAF_excy         		 0.0213205
EAKEAG_excy         		 0.0213205
EAKEAH_excy         		 0.0213205
EAKEAI_excy         		 0.0213205
EAKEAJ_excy         		 0.0213205
EAKEAL_excy         		 0.0217196
EAKRW_excy          		 0.0164031
EAKUS_excy          		 0.00609685
EAKEAA_exiy         		 0.0102114
EAKEAB_exiy         		 0.0102114
EAKEAC_exiy         		 0.0102114
EAKEAD_exiy         		 0.0102114
EAKEAE_exiy         		 0.0102114
EAKEAF_exiy         		 0.0102114
EAKEAG_exiy         		 0.0102114
EAKEAH_exiy         		 0.0102114
EAKEAI_exiy         		 0.0102114
EAKEAJ_exiy         		 0.0102114
EAKEAL_exiy         		 0.0102503
EAKRW_exiy          		 0.0129191
EAKUS_exiy          		 0.0048406
EAK_fx              		 6.14513
EAKEAA_gammaimc     		 0
EAKEAB_gammaimc     		 0
EAKEAC_gammaimc     		 0
EAKEAD_gammaimc     		 0
EAKEAE_gammaimc     		 0
EAKEAF_gammaimc     		 0
EAKEAG_gammaimc     		 0
EAKEAH_gammaimc     		 0
EAKEAI_gammaimc     		 0
EAKEAJ_gammaimc     		 0
EAKEAL_gammaimc     		 0
EAKRW_gammaimc      		 0
EAKUS_gammaimc      		 0
EAKEAA_gammaimcdag  		 1
EAKEAB_gammaimcdag  		 1
EAKEAC_gammaimcdag  		 1
EAKEAD_gammaimcdag  		 1
EAKEAE_gammaimcdag  		 1
EAKEAF_gammaimcdag  		 1
EAKEAG_gammaimcdag  		 1
EAKEAH_gammaimcdag  		 1
EAKEAI_gammaimcdag  		 1
EAKEAJ_gammaimcdag  		 1
EAKEAL_gammaimcdag  		 1
EAKRW_gammaimcdag   		 1
EAKUS_gammaimcdag   		 1
EAKEAA_gammaimi     		 0
EAKEAB_gammaimi     		 0
EAKEAC_gammaimi     		 0
EAKEAD_gammaimi     		 0
EAKEAE_gammaimi     		 0
EAKEAF_gammaimi     		 0
EAKEAG_gammaimi     		 0
EAKEAH_gammaimi     		 0
EAKEAI_gammaimi     		 0
EAKEAJ_gammaimi     		 0
EAKEAL_gammaimi     		 0
EAKRW_gammaimi      		 0
EAKUS_gammaimi      		 0
EAKEAA_gammaimidag  		 1
EAKEAB_gammaimidag  		 1
EAKEAC_gammaimidag  		 1
EAKEAD_gammaimidag  		 1
EAKEAE_gammaimidag  		 1
EAKEAF_gammaimidag  		 1
EAKEAG_gammaimidag  		 1
EAKEAH_gammaimidag  		 1
EAKEAI_gammaimidag  		 1
EAKEAJ_gammaimidag  		 1
EAKEAL_gammaimidag  		 1
EAKRW_gammaimidag   		 1
EAKUS_gammaimidag   		 1
EAKEAA_gammaimcg    		 0
EAKEAB_gammaimcg    		 0
EAKEAC_gammaimcg    		 0
EAKEAD_gammaimcg    		 0
EAKEAE_gammaimcg    		 0
EAKEAF_gammaimcg    		 0
EAKEAG_gammaimcg    		 0
EAKEAH_gammaimcg    		 0
EAKEAI_gammaimcg    		 0
EAKEAJ_gammaimcg    		 0
EAKEAL_gammaimcg    		 0
EAKRW_gammaimcg     		 0
EAKUS_gammaimcg     		 0
EAKEAA_gammaimcgdag 		 1
EAKEAB_gammaimcgdag 		 1
EAKEAC_gammaimcgdag 		 1
EAKEAD_gammaimcgdag 		 1
EAKEAE_gammaimcgdag 		 1
EAKEAF_gammaimcgdag 		 1
EAKEAG_gammaimcgdag 		 1
EAKEAH_gammaimcgdag 		 1
EAKEAI_gammaimcgdag 		 1
EAKEAJ_gammaimcgdag 		 1
EAKEAL_gammaimcgdag 		 1
EAKRW_gammaimcgdag  		 1
EAKUS_gammaimcgdag  		 1
EAKEAA_gammaimig    		 0
EAKEAB_gammaimig    		 0
EAKEAC_gammaimig    		 0
EAKEAD_gammaimig    		 0
EAKEAE_gammaimig    		 0
EAKEAF_gammaimig    		 0
EAKEAG_gammaimig    		 0
EAKEAH_gammaimig    		 0
EAKEAI_gammaimig    		 0
EAKEAJ_gammaimig    		 0
EAKEAL_gammaimig    		 0
EAKRW_gammaimig     		 0
EAKUS_gammaimig     		 0
EAKEAA_gammaimigdag 		 1
EAKEAB_gammaimigdag 		 1
EAKEAC_gammaimigdag 		 1
EAKEAD_gammaimigdag 		 1
EAKEAE_gammaimigdag 		 1
EAKEAF_gammaimigdag 		 1
EAKEAG_gammaimigdag 		 1
EAKEAH_gammaimigdag 		 1
EAKEAI_gammaimigdag 		 1
EAKEAJ_gammaimigdag 		 1
EAKEAL_gammaimigdag 		 1
EAKRW_gammaimigdag  		 1
EAKUS_gammaimigdag  		 1
EAK_gx              		 7.37415
EAKEAA_im           		 0.164354
EAKEAB_im           		 0.164354
EAKEAC_im           		 0.164354
EAKEAD_im           		 0.164354
EAKEAE_im           		 0.164354
EAKEAF_im           		 0.164354
EAKEAG_im           		 0.164354
EAKEAH_im           		 0.164354
EAKEAI_im           		 0.164354
EAKEAJ_im           		 0.164354
EAKEAL_im           		 0.161905
EAKRW_im            		 0.148583
EAKUS_im            		 0.0693843
EAKEAA_imc          		 0.090113
EAKEAB_imc          		 0.090113
EAKEAC_imc          		 0.090113
EAKEAD_imc          		 0.090113
EAKEAE_imc          		 0.090113
EAKEAF_imc          		 0.090113
EAKEAG_imc          		 0.090113
EAKEAH_imc          		 0.090113
EAKEAI_imc          		 0.090113
EAKEAJ_imc          		 0.090113
EAKEAL_imc          		 0.0887703
EAKRW_imc           		 0.0814663
EAKUS_imc           		 0.0380425
EAKEAI_imcy         		 0.0213205
EAKEAA_imi          		 0.0431595
EAKEAB_imi          		 0.0431595
EAKEAC_imi          		 0.0431595
EAKEAD_imi          		 0.0431595
EAKEAE_imi          		 0.0431595
EAKEAF_imi          		 0.0431595
EAKEAG_imi          		 0.0431595
EAKEAH_imi          		 0.0431595
EAKEAI_imi          		 0.0431595
EAKEAJ_imi          		 0.0431595
EAKEAL_imi          		 0.0425165
EAKRW_imi           		 0.0390182
EAKUS_imi           		 0.0182204
EAKEAI_imiy         		 0.0102114
EAKEAA_imcg         		 0.0259011
EAKEAB_imcg         		 0.0259011
EAKEAC_imcg         		 0.0259011
EAKEAD_imcg         		 0.0259011
EAKEAE_imcg         		 0.0259011
EAKEAF_imcg         		 0.0259011
EAKEAG_imcg         		 0.0259011
EAKEAH_imcg         		 0.0259011
EAKEAI_imcg         		 0.0259011
EAKEAJ_imcg         		 0.0259011
EAKEAL_imcg         		 0.0255151
EAKRW_imcg          		 0.0234157
EAKUS_imcg          		 0.0109345
EAKEAI_imcgy        		 0.00612812
EAKEAA_imig         		 0.00518021
EAKEAB_imig         		 0.00518021
EAKEAC_imig         		 0.00518021
EAKEAD_imig         		 0.00518021
EAKEAE_imig         		 0.00518021
EAKEAF_imig         		 0.00518021
EAKEAG_imig         		 0.00518021
EAKEAH_imig         		 0.00518021
EAKEAI_imig         		 0.00518021
EAKEAJ_imig         		 0.00518021
EAKEAL_imig         		 0.00510303
EAKRW_imig          		 0.00468315
EAKUS_imig          		 0.0021869
EAKEAI_imigy        		 0.00122562
EAK_piex            		 1.00496
EAK_pextilde        		 0.910785
EAKEAA_rer          		 1
EAKEAB_rer          		 1
EAKEAC_rer          		 1
EAKEAD_rer          		 1
EAKEAE_rer          		 1
EAKEAF_rer          		 1
EAKEAG_rer          		 1
EAKEAH_rer          		 1
EAKEAI_rer          		 1
EAKEAJ_rer          		 1
EAKEAL_rer          		 1.00316
EAKRW_rer           		 0.988155
EAKUS_rer           		 1.32211
EAK_sx              		 1
EAKEAA_tot          		 1
EAKEAB_tot          		 1
EAKEAC_tot          		 1
EAKEAD_tot          		 1
EAKEAE_tot          		 1
EAKEAF_tot          		 1
EAKEAG_tot          		 1
EAKEAH_tot          		 1
EAKEAI_tot          		 1
EAKEAJ_tot          		 1
EAKEAL_tot          		 1.00655
EAKRW_tot           		 1.04825
EAKUS_tot           		 1.42332
EAKEAA_weight       		 0.0790839
EAKEAB_weight       		 0.0790839
EAKEAC_weight       		 0.0790839
EAKEAD_weight       		 0.0790839
EAKEAE_weight       		 0.0790839
EAKEAF_weight       		 0.0790839
EAKEAG_weight       		 0.0790839
EAKEAH_weight       		 0.0790839
EAKEAI_weight       		 0.0790839
EAKEAJ_weight       		 0.0790839
EAKEAL_weight       		 0.0787645
EAKRW_weight        		 0.0777095
EAKUS_weight        		 0.0526868
EAKEAA_weightex     		 0.0784261
EAKEAB_weightex     		 0.0784261
EAKEAC_weightex     		 0.0784261
EAKEAD_weightex     		 0.0784261
EAKEAE_weightex     		 0.0784261
EAKEAF_weightex     		 0.0784261
EAKEAG_weightex     		 0.0784261
EAKEAH_weightex     		 0.0784261
EAKEAI_weightex     		 0.0784261
EAKEAJ_weightex     		 0.0784261
EAKEAL_weightex     		 0.0784597
EAKRW_weightex      		 0.0798398
EAKUS_weightex      		 0.0574393
EAKEAA_weightim     		 0.0797442
EAKEAB_weightim     		 0.0797442
EAKEAC_weightim     		 0.0797442
EAKEAD_weightim     		 0.0797442
EAKEAE_weightim     		 0.0797442
EAKEAF_weightim     		 0.0797442
EAKEAG_weightim     		 0.0797442
EAKEAH_weightim     		 0.0797442
EAKEAI_weightim     		 0.0797442
EAKEAJ_weightim     		 0.0797442
EAKEAL_weightim     		 0.0790705
EAKRW_weightim      		 0.0755712
EAKUS_weightim      		 0.0479164
EAK_b               		 9.23884
EAK_bf              		 -0.438914
EAK_by              		 2.4
EAK_c               		 2.14839
EAK_ci              		 2.50608
EAK_cj              		 1.07535
EAK_cy              		 0.558095
EAK_d               		 0.521782
EAK_dn              		 0.17754
EAK_dt              		 0.344243
EAK_etot            		 1.02304
EAK_ex              		 2.06883
EAK_fh              		 7.24839
EAK_fi              		 13.1099
EAK_fj              		 0.485553
EAK_fn              		 9.30006
EAK_cg              		 0.798686
EAK_gammab          		 0
EAK_gammai          		 0
EAK_gammaider       		 0
EAK_gammau          		 0
EAK_gammauder       		 0.0324171
EAK_gammav          		 0.000217026
EAK_gammavi         		 0.000101018
EAK_gammavider      		 0.00216519
EAK_gammavj         		 0.000101018
EAK_gammavjder      		 0.00216519
EAK_gh              		 8.69807
EAK_gi              		 4.98162
EAK_gj              		 3.86983
EAK_gn              		 13.9501
EAK_cgy             		 0.2
EAK_ht              		 0.828693
EAK_htc             		 0.348056
EAK_hti             		 0.0764956
EAK_htcg            		 0.336785
EAK_htig            		 0.067357
EAK_i               		 0.784379
EAK_ig              		 0.159737
EAK_ii              		 1.04584
EAK_im              		 2.00813
EAK_imc             		 1.10103
EAK_imi             		 0.527337
EAK_imcg            		 0.316467
EAK_imig            		 0.0632935
EAK_imy             		 0.48763
EAK_internalrer     		 1.22529
EAK_igy             		 0.04
EAK_k               		 31.3752
EAK_kd              		 31.3752
EAK_kdn             		 9.73912
EAK_kdt             		 21.636
EAK_ki              		 41.8335
EAK_lambdai         		 1.11937
EAK_lambdaj         		 2.60867
EAK_lcy             		 0.605119
EAK_m               		 0.902687
EAK_mcn             		 0.758988
EAK_mct             		 0.758988
EAK_mi              		 1.05297
EAK_mj              		 0.451829
EAK_nd              		 1.88637
EAK_ndi             		 0.862038
EAK_ndj             		 1.12419
EAK_ndn             		 0.585544
EAK_ndt             		 1.30082
EAK_ni              		 0.862038
EAK_nj              		 1.12419
EAK_nt              		 1.06326
EAK_ntc             		 0.704795
EAK_nti             		 0.182078
EAK_ntcg            		 0.146985
EAK_ntig            		 0.029397
EAK_pex             		 0.910785
EAK_pht             		 0.910785
EAK_phttilde        		 0.910785
EAK_pi              		 0.981545
EAK_pcg             		 0.963963
EAK_pig             		 0.963963
EAK_pic             		 1.00496
EAK_pic4            		 1.02
EAK_piex4           		 1.02
EAK_piht            		 1.00496
EAK_piimc           		 1.00496
EAK_piimi           		 1.00496
EAK_piimcg          		 1.00496
EAK_piimig          		 1.00496
EAK_piimc4          		 1.02
EAK_pim             		 0.934771
EAK_pimc            		 0.934771
EAK_pimi            		 0.934771
EAK_pimcg           		 0.934771
EAK_pimig           		 0.934771
EAK_pint            		 1.00496
EAK_piw             		 1.00496
EAK_piw4            		 1.02
EAK_pnt             		 1.13848
EAK_pnttilde        		 1.13848
EAK_pttc            		 0.929151
EAK_ptti            		 0.931818
EAK_pttcg           		 0.9226
EAK_pttig           		 0.9226
EAK_py              		 0.97191
EAK_q               		 0.981545
EAK_qc              		 2.14861
EAK_qi              		 0.784379
EAK_qcg             		 0.798686
EAK_qig             		 0.159737
EAK_r               		 1.01242
EAK_reer            		 1.01413
EAK_rer             		 1.32211
EAK_rerdep          		 1
EAK_rk              		 0.0318188
EAK_rp              		 0
EAK_rr              		 1.00742
EAK_rrstar          		 1.00742
EAK_sh              		 1
EAK_si              		 1
EAK_sj              		 1
EAK_snt             		 1
EAK_t               		 0
EAK_tauc            		 0.183
EAK_taud            		 0
EAK_tauk            		 0
EAK_taun            		 0.122
EAK_tauwf           		 0.219
EAK_tauwh           		 0.118
EAK_tb              		 0.00711726
EAK_tby             		 0.00184887
EAK_ti              		 0
EAK_tj              		 0
EAK_tot             		 1.42332
EAK_tr              		 0.283155
EAK_tri             		 0.18877
EAK_trj             		 0.56631
EAK_try             		 0.073556
EAK_ttc             		 1.44887
EAK_tti             		 0.603777
EAK_ttcg            		 0.653114
EAK_ttig            		 0.130623
EAK_ty              		 0
EAK_u               		 1
EAK_utili           		 -67.747
EAK_utilj           		 -217.985
EAK_vj              		 2.38
EAK_w               		 1.01302
EAK_wcst            		 0
EAK_whty            		 0.499335
EAK_wi              		 1.13582
EAK_witilde         		 1.13582
EAK_wj              		 0.828872
EAK_wjtilde         		 0.828872
EAK_wnty            		 0.490019
EAK_wy              		 0.496406
EAK_y               		 3.96078
EAK_ygap            		 0
EAK_ygrowth         		 1
EAK_ygrowth4        		 1
EAK_yhty            		 0.685546
EAK_ynty            		 0.314454
EAK_yshare          		 0.0665152
EAK_ysn             		 1.06326
EAK_yst             		 2.89752
EAK_zcon            		 1
EAK_zinv            		 1
EAK_zn              		 1
EAK_zt              		 1
EAK_gammav1         		 0.0287061
EAK_gammav2         		 0.150338
EAK_nutc            		 0.228531
EAK_nuti            		 0.119666
EAK_nutcg           		 0.499309
EAK_nutig           		 0.499309
EAK_psit            		 0.043468
EAKEAA_rerbar       		 1
EAKEAB_rerbar       		 1
EAKEAC_rerbar       		 1
EAKEAD_rerbar       		 1
EAKEAE_rerbar       		 1
EAKEAF_rerbar       		 1
EAKEAG_rerbar       		 1
EAKEAH_rerbar       		 1
EAKEAI_rerbar       		 1
EAKEAJ_rerbar       		 1
EAKEAL_rerbar       		 1.00316
EAKRW_rerbar        		 0.988155
EAKUS_rerbar        		 1.32211
EAK_pibar           		 0.981545
EAK_psinbar         		 0.297712
EAK_psitbar         		 0.125949
EAK_pybar           		 0.97191
EAK_qbar            		 0.981545
EAK_trybar          		 0.073556
EAK_ybar            		 3.96078
EAK_ynbar           		 1.06326
EAK_ytbar           		 2.89752
EALEAA_excy         		 0.0210348
EALEAB_excy         		 0.0210348
EALEAC_excy         		 0.0210348
EALEAD_excy         		 0.0210348
EALEAE_excy         		 0.0210348
EALEAF_excy         		 0.0210348
EALEAG_excy         		 0.0210348
EALEAH_excy         		 0.0210348
EALEAI_excy         		 0.0210348
EALEAJ_excy         		 0.0210348
EALEAK_excy         		 0.0210348
EALRW_excy          		 0.0161833
EALUS_excy          		 0.00601516
EALEAA_exiy         		 0.0100746
EALEAB_exiy         		 0.0100746
EALEAC_exiy         		 0.0100746
EALEAD_exiy         		 0.0100746
EALEAE_exiy         		 0.0100746
EALEAF_exiy         		 0.0100746
EALEAG_exiy         		 0.0100746
EALEAH_exiy         		 0.0100746
EALEAI_exiy         		 0.0100746
EALEAJ_exiy         		 0.0100746
EALEAK_exiy         		 0.0100746
EALRW_exiy          		 0.012746
EALUS_exiy          		 0.00477575
EAL_fx              		 6.07186
EALEAA_gammaimc     		 0
EALEAB_gammaimc     		 0
EALEAC_gammaimc     		 0
EALEAD_gammaimc     		 0
EALEAE_gammaimc     		 0
EALEAF_gammaimc     		 0
EALEAG_gammaimc     		 0
EALEAH_gammaimc     		 0
EALEAI_gammaimc     		 0
EALEAJ_gammaimc     		 0
EALEAK_gammaimc     		 0
EALRW_gammaimc      		 0
EALUS_gammaimc      		 0
EALEAA_gammaimcdag  		 1
EALEAB_gammaimcdag  		 1
EALEAC_gammaimcdag  		 1
EALEAD_gammaimcdag  		 1
EALEAE_gammaimcdag  		 1
EALEAF_gammaimcdag  		 1
EALEAG_gammaimcdag  		 1
EALEAH_gammaimcdag  		 1
EALEAI_gammaimcdag  		 1
EALEAJ_gammaimcdag  		 1
EALEAK_gammaimcdag  		 1
EALRW_gammaimcdag   		 1
EALUS_gammaimcdag   		 1
EALEAA_gammaimi     		 0
EALEAB_gammaimi     		 0
EALEAC_gammaimi     		 0
EALEAD_gammaimi     		 0
EALEAE_gammaimi     		 0
EALEAF_gammaimi     		 0
EALEAG_gammaimi     		 0
EALEAH_gammaimi     		 0
EALEAI_gammaimi     		 0
EALEAJ_gammaimi     		 0
EALEAK_gammaimi     		 0
EALRW_gammaimi      		 0
EALUS_gammaimi      		 0
EALEAA_gammaimidag  		 1
EALEAB_gammaimidag  		 1
EALEAC_gammaimidag  		 1
EALEAD_gammaimidag  		 1
EALEAE_gammaimidag  		 1
EALEAF_gammaimidag  		 1
EALEAG_gammaimidag  		 1
EALEAH_gammaimidag  		 1
EALEAI_gammaimidag  		 1
EALEAJ_gammaimidag  		 1
EALEAK_gammaimidag  		 1
EALRW_gammaimidag   		 1
EALUS_gammaimidag   		 1
EALEAA_gammaimcg    		 0
EALEAB_gammaimcg    		 0
EALEAC_gammaimcg    		 0
EALEAD_gammaimcg    		 0
EALEAE_gammaimcg    		 0
EALEAF_gammaimcg    		 0
EALEAG_gammaimcg    		 0
EALEAH_gammaimcg    		 0
EALEAI_gammaimcg    		 0
EALEAJ_gammaimcg    		 0
EALEAK_gammaimcg    		 0
EALRW_gammaimcg     		 0
EALUS_gammaimcg     		 0
EALEAA_gammaimcgdag 		 1
EALEAB_gammaimcgdag 		 1
EALEAC_gammaimcgdag 		 1
EALEAD_gammaimcgdag 		 1
EALEAE_gammaimcgdag 		 1
EALEAF_gammaimcgdag 		 1
EALEAG_gammaimcgdag 		 1
EALEAH_gammaimcgdag 		 1
EALEAI_gammaimcgdag 		 1
EALEAJ_gammaimcgdag 		 1
EALEAK_gammaimcgdag 		 1
EALRW_gammaimcgdag  		 1
EALUS_gammaimcgdag  		 1
EALEAA_gammaimig    		 0
EALEAB_gammaimig    		 0
EALEAC_gammaimig    		 0
EALEAD_gammaimig    		 0
EALEAE_gammaimig    		 0
EALEAF_gammaimig    		 0
EALEAG_gammaimig    		 0
EALEAH_gammaimig    		 0
EALEAI_gammaimig    		 0
EALEAJ_gammaimig    		 0
EALEAK_gammaimig    		 0
EALRW_gammaimig     		 0
EALUS_gammaimig     		 0
EALEAA_gammaimigdag 		 1
EALEAB_gammaimigdag 		 1
EALEAC_gammaimigdag 		 1
EALEAD_gammaimigdag 		 1
EALEAE_gammaimigdag 		 1
EALEAF_gammaimigdag 		 1
EALEAG_gammaimigdag 		 1
EALEAH_gammaimigdag 		 1
EALEAI_gammaimigdag 		 1
EALEAJ_gammaimigdag 		 1
EALEAK_gammaimigdag 		 1
EALRW_gammaimigdag  		 1
EALUS_gammaimigdag  		 1
EAL_gx              		 7.28623
EALEAA_im           		 0.165084
EALEAB_im           		 0.165084
EALEAC_im           		 0.165084
EALEAD_im           		 0.165084
EALEAE_im           		 0.165084
EALEAF_im           		 0.165084
EALEAG_im           		 0.165084
EALEAH_im           		 0.165084
EALEAI_im           		 0.165084
EALEAJ_im           		 0.165084
EALEAK_im           		 0.165084
EALRW_im            		 0.149244
EALUS_im            		 0.0696926
EALEAA_imc          		 0.0917999
EALEAB_imc          		 0.0917999
EALEAC_imc          		 0.0917999
EALEAD_imc          		 0.0917999
EALEAE_imc          		 0.0917999
EALEAF_imc          		 0.0917999
EALEAG_imc          		 0.0917999
EALEAH_imc          		 0.0917999
EALEAI_imc          		 0.0917999
EALEAJ_imc          		 0.0917999
EALEAK_imc          		 0.0917999
EALRW_imc           		 0.0829913
EALUS_imc           		 0.0387546
EALEAJ_imcy         		 0.0216112
EALEAA_imi          		 0.043324
EALEAB_imi          		 0.043324
EALEAC_imi          		 0.043324
EALEAD_imi          		 0.043324
EALEAE_imi          		 0.043324
EALEAF_imi          		 0.043324
EALEAG_imi          		 0.043324
EALEAH_imi          		 0.043324
EALEAI_imi          		 0.043324
EALEAJ_imi          		 0.043324
EALEAK_imi          		 0.043324
EALRW_imi           		 0.0391669
EALUS_imi           		 0.0182898
EALEAJ_imiy         		 0.0101992
EALEAA_imcg         		 0.0261262
EALEAB_imcg         		 0.0261262
EALEAC_imcg         		 0.0261262
EALEAD_imcg         		 0.0261262
EALEAE_imcg         		 0.0261262
EALEAF_imcg         		 0.0261262
EALEAG_imcg         		 0.0261262
EALEAH_imcg         		 0.0261262
EALEAI_imcg         		 0.0261262
EALEAJ_imcg         		 0.0261262
EALEAK_imcg         		 0.0261262
EALRW_imcg          		 0.0236193
EALUS_imcg          		 0.0110295
EALEAJ_imcgy        		 0.00615053
EALEAA_imig         		 0.00383414
EALEAB_imig         		 0.00383414
EALEAC_imig         		 0.00383414
EALEAD_imig         		 0.00383414
EALEAE_imig         		 0.00383414
EALEAF_imig         		 0.00383414
EALEAG_imig         		 0.00383414
EALEAH_imig         		 0.00383414
EALEAI_imig         		 0.00383414
EALEAJ_imig         		 0.00383414
EALEAK_imig         		 0.00383414
EALRW_imig          		 0.00346624
EALUS_imig          		 0.00161864
EALEAJ_imigy        		 0.000902619
EAL_piex            		 1.00496
EAL_pextilde        		 0.91386
EALEAA_rer          		 0.996848
EALEAB_rer          		 0.996848
EALEAC_rer          		 0.996848
EALEAD_rer          		 0.996848
EALEAE_rer          		 0.996848
EALEAF_rer          		 0.996848
EALEAG_rer          		 0.996848
EALEAH_rer          		 0.996848
EALEAI_rer          		 0.996848
EALEAJ_rer          		 0.996848
EALEAK_rer          		 0.996848
EALRW_rer           		 0.98504
EALUS_rer           		 1.31794
EAL_sx              		 1
EALEAA_tot          		 0.993494
EALEAB_tot          		 0.993494
EALEAC_tot          		 0.993494
EALEAD_tot          		 0.993494
EALEAE_tot          		 0.993494
EALEAF_tot          		 0.993494
EALEAG_tot          		 0.993494
EALEAH_tot          		 0.993494
EALEAI_tot          		 0.993494
EALEAJ_tot          		 0.993494
EALEAK_tot          		 0.993494
EALRW_tot           		 1.04143
EALUS_tot           		 1.41406
EALEAA_weight       		 0.0790625
EALEAB_weight       		 0.0790625
EALEAC_weight       		 0.0790625
EALEAD_weight       		 0.0790625
EALEAE_weight       		 0.0790625
EALEAF_weight       		 0.0790625
EALEAG_weight       		 0.0790625
EALEAH_weight       		 0.0790625
EALEAI_weight       		 0.0790625
EALEAJ_weight       		 0.0790625
EALEAK_weight       		 0.0790625
EALRW_weight        		 0.0776715
EALUS_weight        		 0.0526413
EALEAA_weightex     		 0.078428
EALEAB_weightex     		 0.078428
EALEAC_weightex     		 0.078428
EALEAD_weightex     		 0.078428
EALEAE_weightex     		 0.078428
EALEAF_weightex     		 0.078428
EALEAG_weightex     		 0.078428
EALEAH_weightex     		 0.078428
EALEAI_weightex     		 0.078428
EALEAJ_weightex     		 0.078428
EALEAK_weightex     		 0.078428
EALRW_weightex      		 0.0798446
EALUS_weightex      		 0.057447
EALEAA_weightim     		 0.0796905
EALEAB_weightim     		 0.0796905
EALEAC_weightim     		 0.0796905
EALEAD_weightim     		 0.0796905
EALEAE_weightim     		 0.0796905
EALEAF_weightim     		 0.0796905
EALEAG_weightim     		 0.0796905
EALEAH_weightim     		 0.0796905
EALEAI_weightim     		 0.0796905
EALEAJ_weightim     		 0.0796905
EALEAK_weightim     		 0.0796905
EALRW_weightim      		 0.0755203
EALUS_weightim      		 0.0478841
EAL_b               		 9.25592
EAL_bf              		 1.17631
EAL_by              		 2.4
EAL_c               		 2.17851
EAL_ci              		 2.54268
EAL_cj              		 1.086
EAL_cy              		 0.564873
EAL_d               		 0.522747
EAL_dn              		 0.184322
EAL_dt              		 0.338425
EAL_etot            		 1.01584
EAL_ex              		 2.03728
EAL_fh              		 7.08839
EAL_fi              		 13.9007
EAL_fj              		 0.514841
EAL_fn              		 9.65534
EAL_cg              		 0.79964
EAL_gammab          		 0
EAL_gammai          		 0
EAL_gammaider       		 0
EAL_gammau          		 0
EAL_gammauder       		 0.0324171
EAL_gammav          		 0.000220068
EAL_gammavi         		 0.000101018
EAL_gammavider      		 0.00216519
EAL_gammavj         		 0.000101018
EAL_gammavjder      		 0.00216519
EAL_gh              		 8.50606
EAL_gi              		 5.0067
EAL_gj              		 3.90745
EAL_gn              		 14.483
EAL_cgy             		 0.2
EAL_ht              		 0.807674
EAL_htc             		 0.347795
EAL_hti             		 0.0761496
EAL_htcg            		 0.334617
EAL_htig            		 0.0491119
EAL_i               		 0.786735
EAL_ig              		 0.153099
EAL_ii              		 1.04898
EAL_im              		 2.01945
EAL_imc             		 1.12298
EAL_imi             		 0.529976
EAL_imcg            		 0.319598
EAL_imig            		 0.0469025
EAL_imy             		 0.487681
EAL_internalrer     		 1.2319
EAL_igy             		 0.04
EAL_k               		 31.4694
EAL_kd              		 31.4694
EAL_kdn             		 10.1228
EAL_kdt             		 21.3466
EAL_ki              		 41.9592
EAL_lambdai         		 1.10326
EAL_lambdaj         		 2.5831
EAL_lcy             		 0.605119
EAL_m               		 0.91534
EAL_mcn             		 0.76155
EAL_mct             		 0.76155
EAL_mi              		 1.06835
EAL_mj              		 0.456301
EAL_nd              		 1.87985
EAL_ndi             		 0.858186
EAL_ndj             		 1.1215
EAL_ndn             		 0.604694
EAL_ndt             		 1.27515
EAL_ni              		 0.858186
EAL_nj              		 1.1215
EAL_nt              		 1.10016
EAL_ntc             		 0.713471
EAL_nti             		 0.182213
EAL_ntcg            		 0.146961
EAL_ntig            		 0.0575156
EAL_pex             		 0.91386
EAL_pht             		 0.91386
EAL_phttilde        		 0.91386
EAL_pi              		 0.980415
EAL_pcg             		 0.964592
EAL_pig             		 1.00762
EAL_pic             		 1.00496
EAL_pic4            		 1.02
EAL_piex4           		 1.02
EAL_piht            		 1.00496
EAL_piimc           		 1.00496
EAL_piimi           		 1.00496
EAL_piimcg          		 1.00496
EAL_piimig          		 1.00496
EAL_piimc4          		 1.02
EAL_pim             		 0.931344
EAL_pimc            		 0.931344
EAL_pimi            		 0.931344
EAL_pimcg           		 0.931344
EAL_pimig           		 0.931344
EAL_pint            		 1.00496
EAL_piw             		 1.00496
EAL_piw4            		 1.02
EAL_pnt             		 1.14233
EAL_pnttilde        		 1.14233
EAL_pttc            		 0.927284
EAL_ptti            		 0.929193
EAL_pttcg           		 0.922505
EAL_pttig           		 0.922505
EAL_py              		 0.977571
EAL_q               		 0.980415
EAL_qc              		 2.17873
EAL_qi              		 0.786735
EAL_qcg             		 0.79964
EAL_qig             		 0.153099
EAL_r               		 1.01242
EAL_reer            		 1.01067
EAL_rer             		 1.31794
EAL_rerdep          		 1
EAL_rk              		 0.0317822
EAL_rp              		 0
EAL_rr              		 1.00742
EAL_rrstar          		 1.00742
EAL_sh              		 1
EAL_si              		 1
EAL_sj              		 1
EAL_snt             		 1
EAL_t               		 0
EAL_tauc            		 0.183
EAL_taud            		 0
EAL_tauk            		 0
EAL_taun            		 0.122
EAL_tauwf           		 0.219
EAL_tauwh           		 0.118
EAL_tb              		 -0.0190144
EAL_tby             		 -0.00493033
EAL_ti              		 0
EAL_tj              		 0
EAL_tot             		 1.41406
EAL_tr              		 0.288517
EAL_tri             		 0.192344
EAL_trj             		 0.577033
EAL_try             		 0.0748105
EAL_ttc             		 1.47065
EAL_tti             		 0.606096
EAL_ttcg            		 0.654142
EAL_ttig            		 0.0960036
EAL_ty              		 0
EAL_u               		 1
EAL_utili           		 -65.3905
EAL_utilj           		 -216.187
EAL_vj              		 2.38
EAL_w               		 1.01841
EAL_wcst            		 0
EAL_whty            		 0.499493
EAL_wi              		 1.14213
EAL_witilde         		 1.14213
EAL_wj              		 0.833078
EAL_wjtilde         		 0.833078
EAL_wnty            		 0.490019
EAL_wy              		 0.496406
EAL_y               		 3.94512
EAL_ygap            		 0
EAL_ygrowth         		 1
EAL_ygrowth4        		 1
EAL_yhty            		 0.674135
EAL_ynty            		 0.325865
EAL_yshare          		 0.0668488
EAL_ysn             		 1.10016
EAL_yst             		 2.84496
EAL_zcon            		 1
EAL_zinv            		 1
EAL_zn              		 1
EAL_zt              		 1
EAL_gammav1         		 0.0287061
EAL_gammav2         		 0.150338
EAL_nutc            		 0.228024
EAL_nuti            		 0.12052
EAL_nutcg           		 0.499636
EAL_nutig           		 0.499663
EAL_psit            		 0.0437975
EALEAA_rerbar       		 0.996848
EALEAB_rerbar       		 0.996848
EALEAC_rerbar       		 0.996848
EALEAD_rerbar       		 0.996848
EALEAE_rerbar       		 0.996848
EALEAF_rerbar       		 0.996848
EALEAG_rerbar       		 0.996848
EALEAH_rerbar       		 0.996848
EALEAI_rerbar       		 0.996848
EALEAJ_rerbar       		 0.996848
EALEAK_rerbar       		 0.996848
EALRW_rerbar        		 0.98504
EALUS_rerbar        		 1.31794
EAL_pibar           		 0.980415
EAL_psinbar         		 0.308045
EAL_psitbar         		 0.124602
EAL_pybar           		 0.977571
EAL_qbar            		 0.980415
EAL_trybar          		 0.0748105
EAL_ybar            		 3.94512
EAL_ynbar           		 1.10016
EAL_ytbar           		 2.84496
RWEAA_excy          		 0.0158645
RWEAB_excy          		 0.0158645
RWEAC_excy          		 0.0158645
RWEAD_excy          		 0.0158645
RWEAE_excy          		 0.0158645
RWEAF_excy          		 0.0158645
RWEAG_excy          		 0.0158645
RWEAH_excy          		 0.0158645
RWEAI_excy          		 0.0158645
RWEAJ_excy          		 0.0158645
RWEAK_excy          		 0.0158645
RWEAL_excy          		 0.0161615
RWUS_excy           		 0.00453664
RWEAA_exiy          		 0.00759829
RWEAB_exiy          		 0.00759829
RWEAC_exiy          		 0.00759829
RWEAD_exiy          		 0.00759829
RWEAE_exiy          		 0.00759829
RWEAF_exiy          		 0.00759829
RWEAG_exiy          		 0.00759829
RWEAH_exiy          		 0.00759829
RWEAI_exiy          		 0.00759829
RWEAJ_exiy          		 0.00759829
RWEAK_exiy          		 0.00759829
RWEAL_exiy          		 0.00762724
RWUS_exiy           		 0.00360187
RW_fx               		 5.91072
RWEAA_gammaimc      		 0
RWEAB_gammaimc      		 0
RWEAC_gammaimc      		 0
RWEAD_gammaimc      		 0
RWEAE_gammaimc      		 0
RWEAF_gammaimc      		 0
RWEAG_gammaimc      		 0
RWEAH_gammaimc      		 0
RWEAI_gammaimc      		 0
RWEAJ_gammaimc      		 0
RWEAK_gammaimc      		 0
RWEAL_gammaimc      		 0
RWUS_gammaimc       		 0
RWEAA_gammaimcdag   		 1
RWEAB_gammaimcdag   		 1
RWEAC_gammaimcdag   		 1
RWEAD_gammaimcdag   		 1
RWEAE_gammaimcdag   		 1
RWEAF_gammaimcdag   		 1
RWEAG_gammaimcdag   		 1
RWEAH_gammaimcdag   		 1
RWEAI_gammaimcdag   		 1
RWEAJ_gammaimcdag   		 1
RWEAK_gammaimcdag   		 1
RWEAL_gammaimcdag   		 1
RWUS_gammaimcdag    		 1
RWEAA_gammaimi      		 0
RWEAB_gammaimi      		 0
RWEAC_gammaimi      		 0
RWEAD_gammaimi      		 0
RWEAE_gammaimi      		 0
RWEAF_gammaimi      		 0
RWEAG_gammaimi      		 0
RWEAH_gammaimi      		 0
RWEAI_gammaimi      		 0
RWEAJ_gammaimi      		 0
RWEAK_gammaimi      		 0
RWEAL_gammaimi      		 0
RWUS_gammaimi       		 0
RWEAA_gammaimidag   		 1
RWEAB_gammaimidag   		 1
RWEAC_gammaimidag   		 1
RWEAD_gammaimidag   		 1
RWEAE_gammaimidag   		 1
RWEAF_gammaimidag   		 1
RWEAG_gammaimidag   		 1
RWEAH_gammaimidag   		 1
RWEAI_gammaimidag   		 1
RWEAJ_gammaimidag   		 1
RWEAK_gammaimidag   		 1
RWEAL_gammaimidag   		 1
RWUS_gammaimidag    		 1
RWEAA_gammaimcg     		 0
RWEAB_gammaimcg     		 0
RWEAC_gammaimcg     		 0
RWEAD_gammaimcg     		 0
RWEAE_gammaimcg     		 0
RWEAF_gammaimcg     		 0
RWEAG_gammaimcg     		 0
RWEAH_gammaimcg     		 0
RWEAI_gammaimcg     		 0
RWEAJ_gammaimcg     		 0
RWEAK_gammaimcg     		 0
RWEAL_gammaimcg     		 0
RWUS_gammaimcg      		 0
RWEAA_gammaimcgdag  		 1
RWEAB_gammaimcgdag  		 1
RWEAC_gammaimcgdag  		 1
RWEAD_gammaimcgdag  		 1
RWEAE_gammaimcgdag  		 1
RWEAF_gammaimcgdag  		 1
RWEAG_gammaimcgdag  		 1
RWEAH_gammaimcgdag  		 1
RWEAI_gammaimcgdag  		 1
RWEAJ_gammaimcgdag  		 1
RWEAK_gammaimcgdag  		 1
RWEAL_gammaimcgdag  		 1
RWUS_gammaimcgdag   		 1
RWEAA_gammaimig     		 0
RWEAB_gammaimig     		 0
RWEAC_gammaimig     		 0
RWEAD_gammaimig     		 0
RWEAE_gammaimig     		 0
RWEAF_gammaimig     		 0
RWEAG_gammaimig     		 0
RWEAH_gammaimig     		 0
RWEAI_gammaimig     		 0
RWEAJ_gammaimig     		 0
RWEAK_gammaimig     		 0
RWEAL_gammaimig     		 0
RWUS_gammaimig      		 0
RWEAA_gammaimigdag  		 1
RWEAB_gammaimigdag  		 1
RWEAC_gammaimigdag  		 1
RWEAD_gammaimigdag  		 1
RWEAE_gammaimigdag  		 1
RWEAF_gammaimigdag  		 1
RWEAG_gammaimigdag  		 1
RWEAH_gammaimigdag  		 1
RWEAI_gammaimigdag  		 1
RWEAJ_gammaimigdag  		 1
RWEAK_gammaimigdag  		 1
RWEAL_gammaimigdag  		 1
RWUS_gammaimigdag   		 1
RW_gx               		 7.09287
RWEAA_im            		 0.15826
RWEAB_im            		 0.15826
RWEAC_im            		 0.15826
RWEAD_im            		 0.15826
RWEAE_im            		 0.15826
RWEAF_im            		 0.15826
RWEAG_im            		 0.15826
RWEAH_im            		 0.15826
RWEAI_im            		 0.15826
RWEAJ_im            		 0.15826
RWEAK_im            		 0.15826
RWEAL_im            		 0.155902
RWUS_im             		 0.0668118
RWEAA_imc           		 0.0693292
RWEAB_imc           		 0.0693292
RWEAC_imc           		 0.0693292
RWEAD_imc           		 0.0693292
RWEAE_imc           		 0.0693292
RWEAF_imc           		 0.0693292
RWEAG_imc           		 0.0693292
RWEAH_imc           		 0.0693292
RWEAI_imc           		 0.0693292
RWEAJ_imc           		 0.0693292
RWEAK_imc           		 0.0693292
RWEAL_imc           		 0.0682962
RWUS_imc            		 0.0292683
RWEAK_imcy          		 0.0128795
RWEAA_imi           		 0.0546038
RWEAB_imi           		 0.0546038
RWEAC_imi           		 0.0546038
RWEAD_imi           		 0.0546038
RWEAE_imi           		 0.0546038
RWEAF_imi           		 0.0546038
RWEAG_imi           		 0.0546038
RWEAH_imi           		 0.0546038
RWEAI_imi           		 0.0546038
RWEAJ_imi           		 0.0546038
RWEAK_imi           		 0.0546038
RWEAL_imi           		 0.0537903
RWUS_imi            		 0.0230518
RWEAK_imiy          		 0.0101439
RWEAA_imcg          		 0.0274617
RWEAB_imcg          		 0.0274617
RWEAC_imcg          		 0.0274617
RWEAD_imcg          		 0.0274617
RWEAE_imcg          		 0.0274617
RWEAF_imcg          		 0.0274617
RWEAG_imcg          		 0.0274617
RWEAH_imcg          		 0.0274617
RWEAI_imcg          		 0.0274617
RWEAJ_imcg          		 0.0274617
RWEAK_imcg          		 0.0274617
RWEAL_imcg          		 0.0270526
RWUS_imcg           		 0.0115934
RWEAK_imcgy         		 0.00510164
RWEAA_imig          		 0.00686543
RWEAB_imig          		 0.00686543
RWEAC_imig          		 0.00686543
RWEAD_imig          		 0.00686543
RWEAE_imig          		 0.00686543
RWEAF_imig          		 0.00686543
RWEAG_imig          		 0.00686543
RWEAH_imig          		 0.00686543
RWEAI_imig          		 0.00686543
RWEAJ_imig          		 0.00686543
RWEAK_imig          		 0.00686543
RWEAL_imig          		 0.00676314
RWUS_imig           		 0.00289834
RWEAK_imigy         		 0.00127541
RW_piex             		 1.00496
RW_pextilde         		 0.96618
RWEAA_rer           		 1.01199
RWEAB_rer           		 1.01199
RWEAC_rer           		 1.01199
RWEAD_rer           		 1.01199
RWEAE_rer           		 1.01199
RWEAF_rer           		 1.01199
RWEAG_rer           		 1.01199
RWEAH_rer           		 1.01199
RWEAI_rer           		 1.01199
RWEAJ_rer           		 1.01199
RWEAK_rer           		 1.01199
RWEAL_rer           		 1.01519
RWUS_rer            		 1.33796
RW_sx               		 1
RWEAA_tot           		 0.953967
RWEAB_tot           		 0.953967
RWEAC_tot           		 0.953967
RWEAD_tot           		 0.953967
RWEAE_tot           		 0.953967
RWEAF_tot           		 0.953967
RWEAG_tot           		 0.953967
RWEAH_tot           		 0.953967
RWEAI_tot           		 0.953967
RWEAJ_tot           		 0.953967
RWEAK_tot           		 0.953967
RWEAL_tot           		 0.960214
RWUS_tot            		 1.3578
RWEAA_weight        		 0.0789791
RWEAB_weight        		 0.0789791
RWEAC_weight        		 0.0789791
RWEAD_weight        		 0.0789791
RWEAE_weight        		 0.0789791
RWEAF_weight        		 0.0789791
RWEAG_weight        		 0.0789791
RWEAH_weight        		 0.0789791
RWEAI_weight        		 0.0789791
RWEAJ_weight        		 0.0789791
RWEAK_weight        		 0.0789791
RWEAL_weight        		 0.0786561
RWUS_weight         		 0.0525736
RWEAA_weightex      		 0.0785396
RWEAB_weightex      		 0.0785396
RWEAC_weightex      		 0.0785396
RWEAD_weightex      		 0.0785396
RWEAE_weightex      		 0.0785396
RWEAF_weightex      		 0.0785396
RWEAG_weightex      		 0.0785396
RWEAH_weightex      		 0.0785396
RWEAI_weightex      		 0.0785396
RWEAJ_weightex      		 0.0785396
RWEAK_weightex      		 0.0785396
RWEAL_weightex      		 0.0785692
RWUS_weightex       		 0.0574956
RWEAA_weightim      		 0.0794128
RWEAB_weightim      		 0.0794128
RWEAC_weightim      		 0.0794128
RWEAD_weightim      		 0.0794128
RWEAE_weightim      		 0.0794128
RWEAF_weightim      		 0.0794128
RWEAG_weightim      		 0.0794128
RWEAH_weightim      		 0.0794128
RWEAI_weightim      		 0.0794128
RWEAJ_weightim      		 0.0794128
RWEAK_weightim      		 0.0794128
RWEAL_weightim      		 0.0787419
RWUS_weightim       		 0.0477172
RW_b                		 11.9075
RW_bf               		 1.49065
RW_by               		 2.4
RW_c                		 3.00103
RW_ci               		 3.62965
RW_cj               		 1.11517
RW_cy               		 0.604869
RW_d                		 0.6725
RW_dn               		 0.377551
RW_dt               		 0.294949
RW_etot             		 0.972335
RW_ex               		 1.87582
RW_fh               		 2.31499
RW_fi               		 2895.37
RW_fj               		 107.236
RW_fn               		 7.47086
RW_cg               		 0.819279
RW_gammab           		 0
RW_gammai           		 0
RW_gammaider        		 0
RW_gammau           		 0
RW_gammauder        		 0.0324171
RW_gammav           		 0.000303158
RW_gammavi          		 0.000101018
RW_gammavider       		 0.00216519
RW_gammavj          		 0.000101018
RW_gammavjder       		 0.00216519
RW_gh               		 2.77799
RW_gi               		 23.2774
RW_gj               		 25.2544
RW_gn               		 9.5461
RW_cgy              		 0.16
RW_ht               		 0.734684
RW_htc              		 0.225531
RW_hti              		 0.106147
RW_htcg             		 0.322405
RW_htig             		 0.0806014
RW_i                		 1.02695
RW_ig               		 0.20482
RW_ii               		 1.36926
RW_im               		 1.94884
RW_imc              		 0.853732
RW_imi              		 0.672401
RW_imcg             		 0.338169
RW_imig             		 0.0845421
RW_imy              		 0.370223
RW_internalrer      		 1.0857
RW_igy              		 0.04
RW_k                		 41.0778
RW_kd               		 41.0778
RW_kdn              		 19.746
RW_kdt              		 21.3319
RW_ki               		 54.7704
RW_lambdai          		 0.848564
RW_lambdaj          		 2.7619
RW_lcy              		 0.605119
RW_m                		 1.26094
RW_mcn              		 0.80515
RW_mct              		 0.80515
RW_mi               		 1.52506
RW_mj               		 0.46856
RW_nd               		 2.2196
RW_ndi              		 0.883927
RW_ndj              		 1.43009
RW_ndn              		 1.06695
RW_ndt              		 1.15265
RW_ni               		 0.883927
RW_nj               		 1.43009
RW_nt               		 2.37095
RW_ntc              		 1.92337
RW_nti              		 0.24881
RW_ntcg             		 0.159017
RW_ntig             		 0.0397543
RW_pex              		 0.96618
RW_pht              		 0.96618
RW_phttilde         		 0.96618
RW_pi               		 0.966255
RW_pcg              		 0.968941
RW_pig              		 0.968941
RW_pic              		 1.00496
RW_pic4             		 1.02
RW_piex4            		 1.02
RW_piht             		 1.00496
RW_piimc            		 1.00496
RW_piimi            		 1.00496
RW_piimcg           		 1.00496
RW_piimig           		 1.00496
RW_piimc4           		 1.02
RW_pim              		 0.94253
RW_pimc             		 0.94253
RW_pimi             		 0.94253
RW_pimcg            		 0.94253
RW_pimig            		 0.94253
RW_pint             		 1.00496
RW_piw              		 1.00496
RW_piw4             		 1.02
RW_pnt              		 1.0288
RW_pnttilde         		 1.0288
RW_pttc             		 0.947594
RW_ptti             		 0.945842
RW_pttcg            		 0.954256
RW_pttig            		 0.954256
RW_py               		 0.995985
RW_q                		 0.966255
RW_qc               		 3.00134
RW_qi               		 1.02695
RW_qcg              		 0.819279
RW_qig              		 0.20482
RW_r                		 1.01242
RW_reer             		 1.02721
RW_rer              		 1.33796
RW_rerdep           		 1
RW_rk               		 0.0313232
RW_rp               		 0
RW_rr               		 1.00742
RW_rrstar           		 1.00742
RW_sh               		 1
RW_si               		 1
RW_sj               		 1
RW_snt              		 1
RW_t                		 0
RW_tauc             		 0.077
RW_taud             		 0
RW_tauk             		 0
RW_taun             		 0.154
RW_tauwf            		 0.071
RW_tauwh            		 0.071
RW_tb               		 -0.0244616
RW_tby              		 -0.00493033
RW_ti               		 0
RW_tj               		 0
RW_tot              		 1.3578
RW_tr               		 -0.0124664
RW_tri              		 -0.0083109
RW_trj              		 -0.0249327
RW_try              		 -0.00251264
RW_ttc              		 1.07912
RW_tti              		 0.778476
RW_ttcg             		 0.660447
RW_ttig             		 0.165112
RW_ty               		 0
RW_u                		 1
RW_utili            		 -19.701
RW_utilj            		 -281.14
RW_vj               		 2.38
RW_w                		 1.26295
RW_wcst             		 0
RW_whty             		 0.577163
RW_wi               		 1.37818
RW_witilde          		 1.37818
RW_wj               		 1.10834
RW_wjtilde          		 1.10834
RW_wnty             		 0.55243
RW_wy               		 0.565003
RW_y                		 4.98146
RW_ygap             		 0
RW_ygrowth          		 1
RW_ygrowth4         		 1
RW_yhty             		 0.508363
RW_ynty             		 0.491637
RW_yshare           		 0.0847127
RW_ysn              		 2.37095
RW_yst              		 2.61051
RW_zcon             		 1
RW_zinv             		 1
RW_zn               		 1
RW_zt               		 1
RW_gammav1          		 0.0287061
RW_gammav2          		 0.150338
RW_nutc             		 0.219393
RW_nuti             		 0.1438
RW_nutcg            		 0.503555
RW_nutig            		 0.503555
RW_psit             		 0.0596719
RWEAA_rerbar        		 1.01199
RWEAB_rerbar        		 1.01199
RWEAC_rerbar        		 1.01199
RWEAD_rerbar        		 1.01199
RWEAE_rerbar        		 1.01199
RWEAF_rerbar        		 1.01199
RWEAG_rerbar        		 1.01199
RWEAH_rerbar        		 1.01199
RWEAI_rerbar        		 1.01199
RWEAJ_rerbar        		 1.01199
RWEAK_rerbar        		 1.01199
RWEAL_rerbar        		 1.01519
RWUS_rerbar         		 1.33796
RW_pibar            		 0.966255
RW_psinbar          		 0.189676
RW_psitbar          		 0.155774
RW_pybar            		 0.995985
RW_qbar             		 0.966255
RW_trybar           		 -0.00251264
RW_ybar             		 4.98146
RW_ynbar            		 2.37095
RW_ytbar            		 2.61051
USEAA_excy          		 0.00729736
USEAB_excy          		 0.00729736
USEAC_excy          		 0.00729736
USEAD_excy          		 0.00729736
USEAE_excy          		 0.00729736
USEAF_excy          		 0.00729736
USEAG_excy          		 0.00729736
USEAH_excy          		 0.00729736
USEAI_excy          		 0.00729736
USEAJ_excy          		 0.00729736
USEAK_excy          		 0.00729736
USEAL_excy          		 0.00743397
USRW_excy           		 0.00561429
USEAA_exiy          		 0.00349506
USEAB_exiy          		 0.00349506
USEAC_exiy          		 0.00349506
USEAD_exiy          		 0.00349506
USEAE_exiy          		 0.00349506
USEAF_exiy          		 0.00349506
USEAG_exiy          		 0.00349506
USEAH_exiy          		 0.00349506
USEAI_exiy          		 0.00349506
USEAJ_exiy          		 0.00349506
USEAK_exiy          		 0.00349506
USEAL_exiy          		 0.00350838
USRW_exiy           		 0.00442183
US_fx               		 2.8771
USEAA_gammaimc      		 0
USEAB_gammaimc      		 0
USEAC_gammaimc      		 0
USEAD_gammaimc      		 0
USEAE_gammaimc      		 0
USEAF_gammaimc      		 0
USEAG_gammaimc      		 0
USEAH_gammaimc      		 0
USEAI_gammaimc      		 0
USEAJ_gammaimc      		 0
USEAK_gammaimc      		 0
USEAL_gammaimc      		 0
USRW_gammaimc       		 0
USEAA_gammaimcdag   		 1
USEAB_gammaimcdag   		 1
USEAC_gammaimcdag   		 1
USEAD_gammaimcdag   		 1
USEAE_gammaimcdag   		 1
USEAF_gammaimcdag   		 1
USEAG_gammaimcdag   		 1
USEAH_gammaimcdag   		 1
USEAI_gammaimcdag   		 1
USEAJ_gammaimcdag   		 1
USEAK_gammaimcdag   		 1
USEAL_gammaimcdag   		 1
USRW_gammaimcdag    		 1
USEAA_gammaimi      		 0
USEAB_gammaimi      		 0
USEAC_gammaimi      		 0
USEAD_gammaimi      		 0
USEAE_gammaimi      		 0
USEAF_gammaimi      		 0
USEAG_gammaimi      		 0
USEAH_gammaimi      		 0
USEAI_gammaimi      		 0
USEAJ_gammaimi      		 0
USEAK_gammaimi      		 0
USEAL_gammaimi      		 0
USRW_gammaimi       		 0
USEAA_gammaimidag   		 1
USEAB_gammaimidag   		 1
USEAC_gammaimidag   		 1
USEAD_gammaimidag   		 1
USEAE_gammaimidag   		 1
USEAF_gammaimidag   		 1
USEAG_gammaimidag   		 1
USEAH_gammaimidag   		 1
USEAI_gammaimidag   		 1
USEAJ_gammaimidag   		 1
USEAK_gammaimidag   		 1
USEAL_gammaimidag   		 1
USRW_gammaimidag    		 1
USEAA_gammaimcg     		 0
USEAB_gammaimcg     		 0
USEAC_gammaimcg     		 0
USEAD_gammaimcg     		 0
USEAE_gammaimcg     		 0
USEAF_gammaimcg     		 0
USEAG_gammaimcg     		 0
USEAH_gammaimcg     		 0
USEAI_gammaimcg     		 0
USEAJ_gammaimcg     		 0
USEAK_gammaimcg     		 0
USEAL_gammaimcg     		 0
USRW_gammaimcg      		 0
USEAA_gammaimcgdag  		 1
USEAB_gammaimcgdag  		 1
USEAC_gammaimcgdag  		 1
USEAD_gammaimcgdag  		 1
USEAE_gammaimcgdag  		 1
USEAF_gammaimcgdag  		 1
USEAG_gammaimcgdag  		 1
USEAH_gammaimcgdag  		 1
USEAI_gammaimcgdag  		 1
USEAJ_gammaimcgdag  		 1
USEAK_gammaimcgdag  		 1
USEAL_gammaimcgdag  		 1
USRW_gammaimcgdag   		 1
USEAA_gammaimig     		 0
USEAB_gammaimig     		 0
USEAC_gammaimig     		 0
USEAD_gammaimig     		 0
USEAE_gammaimig     		 0
USEAF_gammaimig     		 0
USEAG_gammaimig     		 0
USEAH_gammaimig     		 0
USEAI_gammaimig     		 0
USEAJ_gammaimig     		 0
USEAK_gammaimig     		 0
USEAL_gammaimig     		 0
USRW_gammaimig      		 0
USEAA_gammaimigdag  		 1
USEAB_gammaimigdag  		 1
USEAC_gammaimigdag  		 1
USEAD_gammaimigdag  		 1
USEAE_gammaimigdag  		 1
USEAF_gammaimigdag  		 1
USEAG_gammaimigdag  		 1
USEAH_gammaimigdag  		 1
USEAI_gammaimigdag  		 1
USEAJ_gammaimigdag  		 1
USEAK_gammaimigdag  		 1
USEAL_gammaimigdag  		 1
USRW_gammaimigdag   		 1
US_gx               		 3.45252
USEAA_im            		 0.101945
USEAB_im            		 0.101945
USEAC_im            		 0.101945
USEAD_im            		 0.101945
USEAE_im            		 0.101945
USEAF_im            		 0.101945
USEAG_im            		 0.101945
USEAH_im            		 0.101945
USEAI_im            		 0.101945
USEAJ_im            		 0.101945
USEAK_im            		 0.101945
USEAL_im            		 0.100426
USRW_im             		 0.0921627
USEAA_imc           		 0.0257689
USEAB_imc           		 0.0257689
USEAC_imc           		 0.0257689
USEAD_imc           		 0.0257689
USEAE_imc           		 0.0257689
USEAF_imc           		 0.0257689
USEAG_imc           		 0.0257689
USEAH_imc           		 0.0257689
USEAI_imc           		 0.0257689
USEAJ_imc           		 0.0257689
USEAK_imc           		 0.0257689
USEAL_imc           		 0.0253849
USRW_imc            		 0.0232962
USEAL_imcy          		 0.00344353
USEAA_imi           		 0.0204592
USEAB_imi           		 0.0204592
USEAC_imi           		 0.0204592
USEAD_imi           		 0.0204592
USEAE_imi           		 0.0204592
USEAF_imi           		 0.0204592
USEAG_imi           		 0.0204592
USEAH_imi           		 0.0204592
USEAI_imi           		 0.0204592
USEAJ_imi           		 0.0204592
USEAK_imi           		 0.0204592
USEAL_imi           		 0.0201544
USRW_imi            		 0.0184961
USEAL_imiy          		 0.002734
USEAA_imcg          		 0.0445732
USEAB_imcg          		 0.0445732
USEAC_imcg          		 0.0445732
USEAD_imcg          		 0.0445732
USEAE_imcg          		 0.0445732
USEAF_imcg          		 0.0445732
USEAG_imcg          		 0.0445732
USEAH_imcg          		 0.0445732
USEAI_imcg          		 0.0445732
USEAJ_imcg          		 0.0445732
USEAK_imcg          		 0.0445732
USEAL_imcg          		 0.0439091
USRW_imcg           		 0.0402963
USEAL_imcgy         		 0.00595639
USEAA_imig          		 0.0111433
USEAB_imig          		 0.0111433
USEAC_imig          		 0.0111433
USEAD_imig          		 0.0111433
USEAE_imig          		 0.0111433
USEAF_imig          		 0.0111433
USEAG_imig          		 0.0111433
USEAH_imig          		 0.0111433
USEAI_imig          		 0.0111433
USEAJ_imig          		 0.0111433
USEAK_imig          		 0.0111433
USEAL_imig          		 0.0109773
USRW_imig           		 0.0100741
USEAL_imigy         		 0.0014891
US_piex             		 1.00496
US_pextilde         		 0.980509
USEAA_rer           		 0.756366
USEAB_rer           		 0.756366
USEAC_rer           		 0.756366
USEAD_rer           		 0.756366
USEAE_rer           		 0.756366
USEAF_rer           		 0.756366
USEAG_rer           		 0.756366
USEAH_rer           		 0.756366
USEAI_rer           		 0.756366
USEAJ_rer           		 0.756366
USEAK_rer           		 0.756366
USEAL_rer           		 0.758757
USRW_rer            		 0.747406
US_sx               		 1
USEAA_tot           		 0.702581
USEAB_tot           		 0.702581
USEAC_tot           		 0.702581
USEAD_tot           		 0.702581
USEAE_tot           		 0.702581
USEAF_tot           		 0.702581
USEAG_tot           		 0.702581
USEAH_tot           		 0.702581
USEAI_tot           		 0.702581
USEAJ_tot           		 0.702581
USEAK_tot           		 0.702581
USEAL_tot           		 0.707182
USRW_tot            		 0.736484
USEAA_weight        		 0.0770532
USEAB_weight        		 0.0770532
USEAC_weight        		 0.0770532
USEAD_weight        		 0.0770532
USEAE_weight        		 0.0770532
USEAF_weight        		 0.0770532
USEAG_weight        		 0.0770532
USEAH_weight        		 0.0770532
USEAI_weight        		 0.0770532
USEAJ_weight        		 0.0770532
USEAK_weight        		 0.0770532
USEAL_weight        		 0.0767318
USRW_weight         		 0.0756825
USEAA_weightex      		 0.0768151
USEAB_weightex      		 0.0768151
USEAC_weightex      		 0.0768151
USEAD_weightex      		 0.0768151
USEAE_weightex      		 0.0768151
USEAF_weightex      		 0.0768151
USEAG_weightex      		 0.0768151
USEAH_weightex      		 0.0768151
USEAI_weightex      		 0.0768151
USEAJ_weightex      		 0.0768151
USEAK_weightex      		 0.0768151
USEAL_weightex      		 0.0768351
USRW_weightex       		 0.0781983
USEAA_weightim      		 0.0772844
USEAB_weightim      		 0.0772844
USEAC_weightim      		 0.0772844
USEAD_weightim      		 0.0772844
USEAE_weightim      		 0.0772844
USEAF_weightim      		 0.0772844
USEAG_weightim      		 0.0772844
USEAH_weightim      		 0.0772844
USEAI_weightim      		 0.0772844
USEAJ_weightim      		 0.0772844
USEAK_weightim      		 0.0772844
USEAL_weightim      		 0.0766314
USRW_weightim       		 0.0732401
US_b                		 12.2678
US_bf               		 2.16109
US_by               		 2.4
US_c                		 3.09313
US_ci               		 3.74113
US_cj               		 1.14915
US_cy               		 0.605124
US_d                		 0.692847
US_dn               		 0.394605
US_dt               		 0.298242
US_etot             		 0.705445
US_ex               		 0.899731
US_fh               		 5.47886
US_fi               		 5547.54
US_fj               		 205.464
US_fn               		 7.8083
US_cg               		 0.960585
US_gammai           		 0
US_gammaider        		 0
US_gammau           		 0
US_gammauder        		 0.0324171
US_gammav           		 0.000312462
US_gammavi          		 0.000101018
US_gammavider       		 0.00216519
US_gammavj          		 0.000101018
US_gammavjder       		 0.00216519
US_gh               		 6.57463
US_gi               		 28.0498
US_gj               		 30.4393
US_gn               		 9.97728
US_cgy              		 0.16
US_ht               		 1.71336
US_htc              		 0.825278
US_hti              		 0.582872
US_htcg             		 0.244166
US_htig             		 0.0610416
US_i                		 1.08017
US_ig               		 0.240146
US_ii               		 1.44022
US_im               		 1.31373
US_imc              		 0.332076
US_imi              		 0.263652
US_imcg             		 0.574402
US_imig             		 0.143601
US_imy              		 0.177773
US_internalrer      		 1.13399
US_igy              		 0.04
US_k                		 43.2067
US_kd               		 43.2067
US_kdn              		 21.0699
US_kdt              		 22.1368
US_ki               		 57.6089
US_lambdai          		 0.823279
US_lambdaj          		 2.68023
US_lcy              		 0.605119
US_m                		 1.29964
US_mcn              		 0.817091
US_mct              		 0.817091
US_mi               		 1.5719
US_mj               		 0.482837
US_nd               		 2.21937
US_ndi              		 0.883781
US_ndj              		 1.43001
US_ndn              		 1.08229
US_ndt              		 1.13709
US_ni               		 0.883781
US_nj               		 1.43001
US_nt               		 2.44182
US_ntc              		 1.96786
US_nti              		 0.257108
US_ntcg             		 0.173489
US_ntig             		 0.0433723
US_pex              		 0.980509
US_pht              		 0.980509
US_phttilde         		 0.980509
US_pi               		 0.946441
US_pcg              		 0.851409
US_pig              		 0.851409
US_pic              		 1.00496
US_pic4             		 1.02
US_piex4            		 1.02
US_piht             		 1.00496
US_piimc            		 1.00496
US_piimi            		 1.00496
US_piimcg           		 1.00496
US_piimig           		 1.00496
US_piimc4           		 1.02
US_pim              		 0.691694
US_pimc             		 0.691694
US_pimi             		 0.691694
US_pimcg            		 0.691694
US_pimig            		 0.691694
US_pint             		 1.00496
US_piw              		 1.00496
US_piw4             		 1.02
US_pnt              		 1.04406
US_pnttilde         		 1.04406
US_pttc             		 0.920694
US_ptti             		 0.914965
US_pttcg            		 0.806314
US_pttig            		 0.806314
US_py               		 1.01121
US_q                		 0.946441
US_qc               		 3.09345
US_qi               		 1.08017
US_qcg              		 0.960585
US_qig              		 0.240146
US_r                		 1.01242
US_reer             		 0.755867
US_rer              		 1
US_rk               		 0.0306808
US_rr               		 1.00742
US_rrstar           		 1.00742
US_sh               		 1
US_si               		 1
US_sj               		 1
US_snt              		 1
US_t                		 0
US_tauc             		 0.077
US_taud             		 0
US_tauk             		 0
US_taun             		 0.154
US_tauwf            		 0.071
US_tauwh            		 0.071
US_tb               		 -0.0265057
US_tby              		 -0.00518543
US_ti               		 0
US_tj               		 0
US_tr               		 -0.0127404
US_tri              		 -0.00849362
US_trj              		 -0.0254809
US_try              		 -0.00249247
US_ttc              		 1.12837
US_tti              		 0.823942
US_ttcg             		 0.789665
US_ttig             		 0.197416
US_ty               		 0
US_u                		 1
US_utili            		 -15.5768
US_utilj            		 -277.041
US_vj               		 2.38
US_w                		 1.30129
US_wcst             		 0
US_whty             		 0.577515
US_wi               		 1.42003
US_witilde          		 1.42003
US_wj               		 1.14199
US_wjtilde          		 1.14199
US_wnty             		 0.55243
US_wy               		 0.565003
US_y                		 5.05491
US_ygap             		 0
US_ygrowth          		 1
US_ygrowth4         		 1
US_yhty             		 0.501247
US_ynty             		 0.498753
US_yshare           		 0.116772
US_ysn              		 2.44182
US_yst              		 2.61309
US_zcon             		 1
US_zinv             		 1
US_zn               		 1
US_zt               		 1
US_gammav1          		 0.0287061
US_gammav2          		 0.150338
US_nutc             		 0.856027
US_nuti             		 0.840996
US_nutcg            		 0.50421
US_nutig            		 0.50421
US_psit             		 0.0603166
USEAA_rerbar        		 0.756366
USEAB_rerbar        		 0.756366
USEAC_rerbar        		 0.756366
USEAD_rerbar        		 0.756366
USEAE_rerbar        		 0.756366
USEAF_rerbar        		 0.756366
USEAG_rerbar        		 0.756366
USEAH_rerbar        		 0.756366
USEAI_rerbar        		 0.756366
USEAJ_rerbar        		 0.756366
USEAK_rerbar        		 0.756366
USEAL_rerbar        		 0.758757
USRW_rerbar         		 0.747406
US_pibar            		 0.946441
US_psinbar          		 0.195346
US_psitbar          		 0.157613
US_pybar            		 1.01121
US_qbar             		 0.946441
US_trybar           		 -0.00249247
US_ybar             		 5.05491
US_ynbar            		 2.44182
US_ytbar            		 2.61309
EAAEAB_numc         		 0.0766946
EAAEAB_numi         		 0.0766946
EAAEAB_numcg        		 0.0766946
EAAEAB_numig        		 0.0766946
EAAEAC_numc         		 0.0766946
EAAEAC_numi         		 0.0766946
EAAEAC_numcg        		 0.0766946
EAAEAC_numig        		 0.0766946
EAAEAD_numc         		 0.0766946
EAAEAD_numi         		 0.0766946
EAAEAD_numcg        		 0.0766946
EAAEAD_numig        		 0.0766946
EAAEAE_numc         		 0.0766946
EAAEAE_numi         		 0.0766946
EAAEAE_numcg        		 0.0766946
EAAEAE_numig        		 0.0766946
EAAEAF_numc         		 0.0766946
EAAEAF_numi         		 0.0766946
EAAEAF_numcg        		 0.0766946
EAAEAF_numig        		 0.0766946
EAAEAG_numc         		 0.0766946
EAAEAG_numi         		 0.0766946
EAAEAG_numcg        		 0.0766946
EAAEAG_numig        		 0.0766946
EAAEAH_numc         		 0.0766946
EAAEAH_numi         		 0.0766946
EAAEAH_numcg        		 0.0766946
EAAEAH_numig        		 0.0766946
EAAEAI_numc         		 0.0766946
EAAEAI_numi         		 0.0766946
EAAEAI_numcg        		 0.0766946
EAAEAI_numig        		 0.0766946
EAAEAJ_numc         		 0.0766946
EAAEAJ_numi         		 0.0766946
EAAEAJ_numcg        		 0.0766946
EAAEAJ_numig        		 0.0766946
EAAEAK_numc         		 0.0766946
EAAEAK_numi         		 0.0766946
EAAEAK_numcg        		 0.0766946
EAAEAK_numig        		 0.0766946
EAAEAL_numc         		 0.0767949
EAAEAL_numi         		 0.0767949
EAAEAL_numcg        		 0.0767949
EAAEAL_numig        		 0.0767949
EAAUS_numc          		 0.0782538
EAAUS_numi          		 0.0782538
EAAUS_numcg         		 0.0782538
EAAUS_numig         		 0.0782538
EABEAA_numc         		 0.0766946
EABEAA_numi         		 0.0766946
EABEAA_numcg        		 0.0766946
EABEAA_numig        		 0.0766946
EABEAC_numc         		 0.0766946
EABEAC_numi         		 0.0766946
EABEAC_numcg        		 0.0766946
EABEAC_numig        		 0.0766946
EABEAD_numc         		 0.0766946
EABEAD_numi         		 0.0766946
EABEAD_numcg        		 0.0766946
EABEAD_numig        		 0.0766946
EABEAE_numc         		 0.0766946
EABEAE_numi         		 0.0766946
EABEAE_numcg        		 0.0766946
EABEAE_numig        		 0.0766946
EABEAF_numc         		 0.0766946
EABEAF_numi         		 0.0766946
EABEAF_numcg        		 0.0766946
EABEAF_numig        		 0.0766946
EABEAG_numc         		 0.0766946
EABEAG_numi         		 0.0766946
EABEAG_numcg        		 0.0766946
EABEAG_numig        		 0.0766946
EABEAH_numc         		 0.0766946
EABEAH_numi         		 0.0766946
EABEAH_numcg        		 0.0766946
EABEAH_numig        		 0.0766946
EABEAI_numc         		 0.0766946
EABEAI_numi         		 0.0766946
EABEAI_numcg        		 0.0766946
EABEAI_numig        		 0.0766946
EABEAJ_numc         		 0.0766946
EABEAJ_numi         		 0.0766946
EABEAJ_numcg        		 0.0766946
EABEAJ_numig        		 0.0766946
EABEAK_numc         		 0.0766946
EABEAK_numi         		 0.0766946
EABEAK_numcg        		 0.0766946
EABEAK_numig        		 0.0766946
EABEAL_numc         		 0.0767949
EABEAL_numi         		 0.0767949
EABEAL_numcg        		 0.0767949
EABEAL_numig        		 0.0767949
EABRW_numc          		 0.078005
EABRW_numi          		 0.078005
EABRW_numcg         		 0.078005
EABRW_numig         		 0.078005
EACEAB_numc         		 0.0766946
EACEAB_numi         		 0.0766946
EACEAB_numcg        		 0.0766946
EACEAB_numig        		 0.0766946
EACEAD_numc         		 0.0766946
EACEAD_numi         		 0.0766946
EACEAD_numcg        		 0.0766946
EACEAD_numig        		 0.0766946
EACEAE_numc         		 0.0766946
EACEAE_numi         		 0.0766946
EACEAE_numcg        		 0.0766946
EACEAE_numig        		 0.0766946
EACEAF_numc         		 0.0766946
EACEAF_numi         		 0.0766946
EACEAF_numcg        		 0.0766946
EACEAF_numig        		 0.0766946
EACEAG_numc         		 0.0766946
EACEAG_numi         		 0.0766946
EACEAG_numcg        		 0.0766946
EACEAG_numig        		 0.0766946
EACEAH_numc         		 0.0766946
EACEAH_numi         		 0.0766946
EACEAH_numcg        		 0.0766946
EACEAH_numig        		 0.0766946
EACEAI_numc         		 0.0766946
EACEAI_numi         		 0.0766946
EACEAI_numcg        		 0.0766946
EACEAI_numig        		 0.0766946
EACEAJ_numc         		 0.0766946
EACEAJ_numi         		 0.0766946
EACEAJ_numcg        		 0.0766946
EACEAJ_numig        		 0.0766946
EACEAK_numc         		 0.0766946
EACEAK_numi         		 0.0766946
EACEAK_numcg        		 0.0766946
EACEAK_numig        		 0.0766946
EACEAL_numc         		 0.0767949
EACEAL_numi         		 0.0767949
EACEAL_numcg        		 0.0767949
EACEAL_numig        		 0.0767949
EACRW_numc          		 0.078005
EACRW_numi          		 0.078005
EACRW_numcg         		 0.078005
EACRW_numig         		 0.078005
EACUS_numc          		 0.0782538
EACUS_numi          		 0.0782538
EACUS_numcg         		 0.0782538
EACUS_numig         		 0.0782538
EADEAA_numc         		 0.0766946
EADEAA_numi         		 0.0766946
EADEAA_numcg        		 0.0766946
EADEAA_numig        		 0.0766946
EADEAC_numc         		 0.0766946
EADEAC_numi         		 0.0766946
EADEAC_numcg        		 0.0766946
EADEAC_numig        		 0.0766946
EADEAE_numc         		 0.0766946
EADEAE_numi         		 0.0766946
EADEAE_numcg        		 0.0766946
EADEAE_numig        		 0.0766946
EADEAF_numc         		 0.0766946
EADEAF_numi         		 0.0766946
EADEAF_numcg        		 0.0766946
EADEAF_numig        		 0.0766946
EADEAG_numc         		 0.0766946
EADEAG_numi         		 0.0766946
EADEAG_numcg        		 0.0766946
EADEAG_numig        		 0.0766946
EADEAH_numc         		 0.0766946
EADEAH_numi         		 0.0766946
EADEAH_numcg        		 0.0766946
EADEAH_numig        		 0.0766946
EADEAI_numc         		 0.0766946
EADEAI_numi         		 0.0766946
EADEAI_numcg        		 0.0766946
EADEAI_numig        		 0.0766946
EADEAJ_numc         		 0.0766946
EADEAJ_numi         		 0.0766946
EADEAJ_numcg        		 0.0766946
EADEAJ_numig        		 0.0766946
EADEAK_numc         		 0.0766946
EADEAK_numi         		 0.0766946
EADEAK_numcg        		 0.0766946
EADEAK_numig        		 0.0766946
EADEAL_numc         		 0.0767949
EADEAL_numi         		 0.0767949
EADEAL_numcg        		 0.0767949
EADEAL_numig        		 0.0767949
EADRW_numc          		 0.078005
EADRW_numi          		 0.078005
EADRW_numcg         		 0.078005
EADRW_numig         		 0.078005
EADUS_numc          		 0.0782538
EADUS_numi          		 0.0782538
EADUS_numcg         		 0.0782538
EADUS_numig         		 0.0782538
EAEEAA_numc         		 0.0766946
EAEEAA_numi         		 0.0766946
EAEEAA_numcg        		 0.0766946
EAEEAA_numig        		 0.0766946
EAEEAB_numc         		 0.0766946
EAEEAB_numi         		 0.0766946
EAEEAB_numcg        		 0.0766946
EAEEAB_numig        		 0.0766946
EAEEAD_numc         		 0.0766946
EAEEAD_numi         		 0.0766946
EAEEAD_numcg        		 0.0766946
EAEEAD_numig        		 0.0766946
EAEEAF_numc         		 0.0766946
EAEEAF_numi         		 0.0766946
EAEEAF_numcg        		 0.0766946
EAEEAF_numig        		 0.0766946
EAEEAG_numc         		 0.0766946
EAEEAG_numi         		 0.0766946
EAEEAG_numcg        		 0.0766946
EAEEAG_numig        		 0.0766946
EAEEAH_numc         		 0.0766946
EAEEAH_numi         		 0.0766946
EAEEAH_numcg        		 0.0766946
EAEEAH_numig        		 0.0766946
EAEEAI_numc         		 0.0766946
EAEEAI_numi         		 0.0766946
EAEEAI_numcg        		 0.0766946
EAEEAI_numig        		 0.0766946
EAEEAJ_numc         		 0.0766946
EAEEAJ_numi         		 0.0766946
EAEEAJ_numcg        		 0.0766946
EAEEAJ_numig        		 0.0766946
EAEEAK_numc         		 0.0766946
EAEEAK_numi         		 0.0766946
EAEEAK_numcg        		 0.0766946
EAEEAK_numig        		 0.0766946
EAEEAL_numc         		 0.0767949
EAEEAL_numi         		 0.0767949
EAEEAL_numcg        		 0.0767949
EAEEAL_numig        		 0.0767949
EAERW_numc          		 0.078005
EAERW_numi          		 0.078005
EAERW_numcg         		 0.078005
EAERW_numig         		 0.078005
EAEUS_numc          		 0.0782538
EAEUS_numi          		 0.0782538
EAEUS_numcg         		 0.0782538
EAEUS_numig         		 0.0782538
EAFEAA_numc         		 0.0766946
EAFEAA_numi         		 0.0766946
EAFEAA_numcg        		 0.0766946
EAFEAA_numig        		 0.0766946
EAFEAB_numc         		 0.0766946
EAFEAB_numi         		 0.0766946
EAFEAB_numcg        		 0.0766946
EAFEAB_numig        		 0.0766946
EAFEAC_numc         		 0.0766946
EAFEAC_numi         		 0.0766946
EAFEAC_numcg        		 0.0766946
EAFEAC_numig        		 0.0766946
EAFEAE_numc         		 0.0766946
EAFEAE_numi         		 0.0766946
EAFEAE_numcg        		 0.0766946
EAFEAE_numig        		 0.0766946
EAFEAG_numc         		 0.0766946
EAFEAG_numi         		 0.0766946
EAFEAG_numcg        		 0.0766946
EAFEAG_numig        		 0.0766946
EAFEAH_numc         		 0.0766946
EAFEAH_numi         		 0.0766946
EAFEAH_numcg        		 0.0766946
EAFEAH_numig        		 0.0766946
EAFEAI_numc         		 0.0766946
EAFEAI_numi         		 0.0766946
EAFEAI_numcg        		 0.0766946
EAFEAI_numig        		 0.0766946
EAFEAJ_numc         		 0.0766946
EAFEAJ_numi         		 0.0766946
EAFEAJ_numcg        		 0.0766946
EAFEAJ_numig        		 0.0766946
EAFEAK_numc         		 0.0766946
EAFEAK_numi         		 0.0766946
EAFEAK_numcg        		 0.0766946
EAFEAK_numig        		 0.0766946
EAFEAL_numc         		 0.0767949
EAFEAL_numi         		 0.0767949
EAFEAL_numcg        		 0.0767949
EAFEAL_numig        		 0.0767949
EAFRW_numc          		 0.078005
EAFRW_numi          		 0.078005
EAFRW_numcg         		 0.078005
EAFRW_numig         		 0.078005
EAFUS_numc          		 0.0782538
EAFUS_numi          		 0.0782538
EAFUS_numcg         		 0.0782538
EAFUS_numig         		 0.0782538
EAGEAA_numc         		 0.0766946
EAGEAA_numi         		 0.0766946
EAGEAA_numcg        		 0.0766946
EAGEAA_numig        		 0.0766946
EAGEAB_numc         		 0.0766946
EAGEAB_numi         		 0.0766946
EAGEAB_numcg        		 0.0766946
EAGEAB_numig        		 0.0766946
EAGEAC_numc         		 0.0766946
EAGEAC_numi         		 0.0766946
EAGEAC_numcg        		 0.0766946
EAGEAC_numig        		 0.0766946
EAGEAD_numc         		 0.0766946
EAGEAD_numi         		 0.0766946
EAGEAD_numcg        		 0.0766946
EAGEAD_numig        		 0.0766946
EAGEAF_numc         		 0.0766946
EAGEAF_numi         		 0.0766946
EAGEAF_numcg        		 0.0766946
EAGEAF_numig        		 0.0766946
EAGEAH_numc         		 0.0766946
EAGEAH_numi         		 0.0766946
EAGEAH_numcg        		 0.0766946
EAGEAH_numig        		 0.0766946
EAGEAI_numc         		 0.0766946
EAGEAI_numi         		 0.0766946
EAGEAI_numcg        		 0.0766946
EAGEAI_numig        		 0.0766946
EAGEAJ_numc         		 0.0766946
EAGEAJ_numi         		 0.0766946
EAGEAJ_numcg        		 0.0766946
EAGEAJ_numig        		 0.0766946
EAGEAK_numc         		 0.0766946
EAGEAK_numi         		 0.0766946
EAGEAK_numcg        		 0.0766946
EAGEAK_numig        		 0.0766946
EAGEAL_numc         		 0.0767949
EAGEAL_numi         		 0.0767949
EAGEAL_numcg        		 0.0767949
EAGEAL_numig        		 0.0767949
EAGRW_numc          		 0.078005
EAGRW_numi          		 0.078005
EAGRW_numcg         		 0.078005
EAGRW_numig         		 0.078005
EAGUS_numc          		 0.0782538
EAGUS_numi          		 0.0782538
EAGUS_numcg         		 0.0782538
EAGUS_numig         		 0.0782538
EAHEAA_numc         		 0.0766946
EAHEAA_numi         		 0.0766946
EAHEAA_numcg        		 0.0766946
EAHEAA_numig        		 0.0766946
EAHEAB_numc         		 0.0766946
EAHEAB_numi         		 0.0766946
EAHEAB_numcg        		 0.0766946
EAHEAB_numig        		 0.0766946
EAHEAC_numc         		 0.0766946
EAHEAC_numi         		 0.0766946
EAHEAC_numcg        		 0.0766946
EAHEAC_numig        		 0.0766946
EAHEAD_numc         		 0.0766946
EAHEAD_numi         		 0.0766946
EAHEAD_numcg        		 0.0766946
EAHEAD_numig        		 0.0766946
EAHEAE_numc         		 0.0766946
EAHEAE_numi         		 0.0766946
EAHEAE_numcg        		 0.0766946
EAHEAE_numig        		 0.0766946
EAHEAG_numc         		 0.0766946
EAHEAG_numi         		 0.0766946
EAHEAG_numcg        		 0.0766946
EAHEAG_numig        		 0.0766946
EAHEAI_numc         		 0.0766946
EAHEAI_numi         		 0.0766946
EAHEAI_numcg        		 0.0766946
EAHEAI_numig        		 0.0766946
EAHEAJ_numc         		 0.0766946
EAHEAJ_numi         		 0.0766946
EAHEAJ_numcg        		 0.0766946
EAHEAJ_numig        		 0.0766946
EAHEAK_numc         		 0.0766946
EAHEAK_numi         		 0.0766946
EAHEAK_numcg        		 0.0766946
EAHEAK_numig        		 0.0766946
EAHEAL_numc         		 0.0767949
EAHEAL_numi         		 0.0767949
EAHEAL_numcg        		 0.0767949
EAHEAL_numig        		 0.0767949
EAHRW_numc          		 0.078005
EAHRW_numi          		 0.078005
EAHRW_numcg         		 0.078005
EAHRW_numig         		 0.078005
EAHUS_numc          		 0.0782538
EAHUS_numi          		 0.0782538
EAHUS_numcg         		 0.0782538
EAHUS_numig         		 0.0782538
EAIEAA_numc         		 0.0766946
EAIEAA_numi         		 0.0766946
EAIEAA_numcg        		 0.0766946
EAIEAA_numig        		 0.0766946
EAIEAB_numc         		 0.0766946
EAIEAB_numi         		 0.0766946
EAIEAB_numcg        		 0.0766946
EAIEAB_numig        		 0.0766946
EAIEAC_numc         		 0.0766946
EAIEAC_numi         		 0.0766946
EAIEAC_numcg        		 0.0766946
EAIEAC_numig        		 0.0766946
EAIEAD_numc         		 0.0766946
EAIEAD_numi         		 0.0766946
EAIEAD_numcg        		 0.0766946
EAIEAD_numig        		 0.0766946
EAIEAE_numc         		 0.0766946
EAIEAE_numi         		 0.0766946
EAIEAE_numcg        		 0.0766946
EAIEAE_numig        		 0.0766946
EAIEAF_numc         		 0.0766946
EAIEAF_numi         		 0.0766946
EAIEAF_numcg        		 0.0766946
EAIEAF_numig        		 0.0766946
EAIEAH_numc         		 0.0766946
EAIEAH_numi         		 0.0766946
EAIEAH_numcg        		 0.0766946
EAIEAH_numig        		 0.0766946
EAIEAJ_numc         		 0.0766946
EAIEAJ_numi         		 0.0766946
EAIEAJ_numcg        		 0.0766946
EAIEAJ_numig        		 0.0766946
EAIEAK_numc         		 0.0766946
EAIEAK_numi         		 0.0766946
EAIEAK_numcg        		 0.0766946
EAIEAK_numig        		 0.0766946
EAIEAL_numc         		 0.0767949
EAIEAL_numi         		 0.0767949
EAIEAL_numcg        		 0.0767949
EAIEAL_numig        		 0.0767949
EAIRW_numc          		 0.078005
EAIRW_numi          		 0.078005
EAIRW_numcg         		 0.078005
EAIRW_numig         		 0.078005
EAIUS_numc          		 0.0782538
EAIUS_numi          		 0.0782538
EAIUS_numcg         		 0.0782538
EAIUS_numig         		 0.0782538
EAJEAA_numc         		 0.0766946
EAJEAA_numi         		 0.0766946
EAJEAA_numcg        		 0.0766946
EAJEAA_numig        		 0.0766946
EAJEAB_numc         		 0.0766946
EAJEAB_numi         		 0.0766946
EAJEAB_numcg        		 0.0766946
EAJEAB_numig        		 0.0766946
EAJEAC_numc         		 0.0766946
EAJEAC_numi         		 0.0766946
EAJEAC_numcg        		 0.0766946
EAJEAC_numig        		 0.0766946
EAJEAD_numc         		 0.0766946
EAJEAD_numi         		 0.0766946
EAJEAD_numcg        		 0.0766946
EAJEAD_numig        		 0.0766946
EAJEAE_numc         		 0.0766946
EAJEAE_numi         		 0.0766946
EAJEAE_numcg        		 0.0766946
EAJEAE_numig        		 0.0766946
EAJEAF_numc         		 0.0766946
EAJEAF_numi         		 0.0766946
EAJEAF_numcg        		 0.0766946
EAJEAF_numig        		 0.0766946
EAJEAG_numc         		 0.0766946
EAJEAG_numi         		 0.0766946
EAJEAG_numcg        		 0.0766946
EAJEAG_numig        		 0.0766946
EAJEAI_numc         		 0.0766946
EAJEAI_numi         		 0.0766946
EAJEAI_numcg        		 0.0766946
EAJEAI_numig        		 0.0766946
EAJEAK_numc         		 0.0766946
EAJEAK_numi         		 0.0766946
EAJEAK_numcg        		 0.0766946
EAJEAK_numig        		 0.0766946
EAJEAL_numc         		 0.0767949
EAJEAL_numi         		 0.0767949
EAJEAL_numcg        		 0.0767949
EAJEAL_numig        		 0.0767949
EAJRW_numc          		 0.078005
EAJRW_numi          		 0.078005
EAJRW_numcg         		 0.078005
EAJRW_numig         		 0.078005
EAJUS_numc          		 0.0782538
EAJUS_numi          		 0.0782538
EAJUS_numcg         		 0.0782538
EAJUS_numig         		 0.0782538
EAKEAA_numc         		 0.0766946
EAKEAA_numi         		 0.0766946
EAKEAA_numcg        		 0.0766946
EAKEAA_numig        		 0.0766946
EAKEAB_numc         		 0.0766946
EAKEAB_numi         		 0.0766946
EAKEAB_numcg        		 0.0766946
EAKEAB_numig        		 0.0766946
EAKEAC_numc         		 0.0766946
EAKEAC_numi         		 0.0766946
EAKEAC_numcg        		 0.0766946
EAKEAC_numig        		 0.0766946
EAKEAD_numc         		 0.0766946
EAKEAD_numi         		 0.0766946
EAKEAD_numcg        		 0.0766946
EAKEAD_numig        		 0.0766946
EAKEAE_numc         		 0.0766946
EAKEAE_numi         		 0.0766946
EAKEAE_numcg        		 0.0766946
EAKEAE_numig        		 0.0766946
EAKEAF_numc         		 0.0766946
EAKEAF_numi         		 0.0766946
EAKEAF_numcg        		 0.0766946
EAKEAF_numig        		 0.0766946
EAKEAG_numc         		 0.0766946
EAKEAG_numi         		 0.0766946
EAKEAG_numcg        		 0.0766946
EAKEAG_numig        		 0.0766946
EAKEAH_numc         		 0.0766946
EAKEAH_numi         		 0.0766946
EAKEAH_numcg        		 0.0766946
EAKEAH_numig        		 0.0766946
EAKEAJ_numc         		 0.0766946
EAKEAJ_numi         		 0.0766946
EAKEAJ_numcg        		 0.0766946
EAKEAJ_numig        		 0.0766946
EAKEAL_numc         		 0.0767949
EAKEAL_numi         		 0.0767949
EAKEAL_numcg        		 0.0767949
EAKEAL_numig        		 0.0767949
EAKRW_numc          		 0.078005
EAKRW_numi          		 0.078005
EAKRW_numcg         		 0.078005
EAKRW_numig         		 0.078005
EAKUS_numc          		 0.0782538
EAKUS_numi          		 0.0782538
EAKUS_numcg         		 0.0782538
EAKUS_numig         		 0.0782538
EALEAA_numc         		 0.0767023
EALEAA_numi         		 0.0767023
EALEAA_numcg        		 0.0767023
EALEAA_numig        		 0.0767023
EALEAB_numc         		 0.0767023
EALEAB_numi         		 0.0767023
EALEAB_numcg        		 0.0767023
EALEAB_numig        		 0.0767023
EALEAC_numc         		 0.0767023
EALEAC_numi         		 0.0767023
EALEAC_numcg        		 0.0767023
EALEAC_numig        		 0.0767023
EALEAD_numc         		 0.0767023
EALEAD_numi         		 0.0767023
EALEAD_numcg        		 0.0767023
EALEAD_numig        		 0.0767023
EALEAE_numc         		 0.0767023
EALEAE_numi         		 0.0767023
EALEAE_numcg        		 0.0767023
EALEAE_numig        		 0.0767023
EALEAF_numc         		 0.0767023
EALEAF_numi         		 0.0767023
EALEAF_numcg        		 0.0767023
EALEAF_numig        		 0.0767023
EALEAG_numc         		 0.0767023
EALEAG_numi         		 0.0767023
EALEAG_numcg        		 0.0767023
EALEAG_numig        		 0.0767023
EALEAH_numc         		 0.0767023
EALEAH_numi         		 0.0767023
EALEAH_numcg        		 0.0767023
EALEAH_numig        		 0.0767023
EALEAI_numc         		 0.0767023
EALEAI_numi         		 0.0767023
EALEAI_numcg        		 0.0767023
EALEAI_numig        		 0.0767023
EALEAK_numc         		 0.0767023
EALEAK_numi         		 0.0767023
EALEAK_numcg        		 0.0767023
EALEAK_numig        		 0.0767023
EALRW_numc          		 0.0780128
EALRW_numi          		 0.0780128
EALRW_numcg         		 0.0780128
EALRW_numig         		 0.0780128
EALUS_numc          		 0.0782616
EALUS_numi          		 0.0782616
EALUS_numcg         		 0.0782616
EALUS_numig         		 0.0782616
RWEAA_numc          		 0.0767953
RWEAA_numi          		 0.0767953
RWEAA_numcg         		 0.0767953
RWEAA_numig         		 0.0767953
RWEAB_numc          		 0.0767953
RWEAB_numi          		 0.0767953
RWEAB_numcg         		 0.0767953
RWEAB_numig         		 0.0767953
RWEAC_numc          		 0.0767953
RWEAC_numi          		 0.0767953
RWEAC_numcg         		 0.0767953
RWEAC_numig         		 0.0767953
RWEAD_numc          		 0.0767953
RWEAD_numi          		 0.0767953
RWEAD_numcg         		 0.0767953
RWEAD_numig         		 0.0767953
RWEAE_numc          		 0.0767953
RWEAE_numi          		 0.0767953
RWEAE_numcg         		 0.0767953
RWEAE_numig         		 0.0767953
RWEAF_numc          		 0.0767953
RWEAF_numi          		 0.0767953
RWEAF_numcg         		 0.0767953
RWEAF_numig         		 0.0767953
RWEAG_numc          		 0.0767953
RWEAG_numi          		 0.0767953
RWEAG_numcg         		 0.0767953
RWEAG_numig         		 0.0767953
RWEAH_numc          		 0.0767953
RWEAH_numi          		 0.0767953
RWEAH_numcg         		 0.0767953
RWEAH_numig         		 0.0767953
RWEAI_numc          		 0.0767953
RWEAI_numi          		 0.0767953
RWEAI_numcg         		 0.0767953
RWEAI_numig         		 0.0767953
RWEAJ_numc          		 0.0767953
RWEAJ_numi          		 0.0767953
RWEAJ_numcg         		 0.0767953
RWEAJ_numig         		 0.0767953
RWEAL_numc          		 0.0768956
RWEAL_numi          		 0.0768956
RWEAL_numcg         		 0.0768956
RWEAL_numig         		 0.0768956
RWUS_numc           		 0.0783564
RWUS_numi           		 0.0783564
RWUS_numcg          		 0.0783564
RWUS_numig          		 0.0783564
USEAA_numc          		 0.0768144
USEAA_numi          		 0.0768144
USEAA_numcg         		 0.0768144
USEAA_numig         		 0.0768144
USEAB_numc          		 0.0768144
USEAB_numi          		 0.0768144
USEAB_numcg         		 0.0768144
USEAB_numig         		 0.0768144
USEAC_numc          		 0.0768144
USEAC_numi          		 0.0768144
USEAC_numcg         		 0.0768144
USEAC_numig         		 0.0768144
USEAD_numc          		 0.0768144
USEAD_numi          		 0.0768144
USEAD_numcg         		 0.0768144
USEAD_numig         		 0.0768144
USEAE_numc          		 0.0768144
USEAE_numi          		 0.0768144
USEAE_numcg         		 0.0768144
USEAE_numig         		 0.0768144
USEAF_numc          		 0.0768144
USEAF_numi          		 0.0768144
USEAF_numcg         		 0.0768144
USEAF_numig         		 0.0768144
USEAG_numc          		 0.0768144
USEAG_numi          		 0.0768144
USEAG_numcg         		 0.0768144
USEAG_numig         		 0.0768144
USEAH_numc          		 0.0768144
USEAH_numi          		 0.0768144
USEAH_numcg         		 0.0768144
USEAH_numig         		 0.0768144
USEAI_numc          		 0.0768144
USEAI_numi          		 0.0768144
USEAI_numcg         		 0.0768144
USEAI_numig         		 0.0768144
USEAJ_numc          		 0.0768144
USEAJ_numi          		 0.0768144
USEAJ_numcg         		 0.0768144
USEAJ_numig         		 0.0768144
USEAK_numc          		 0.0768144
USEAK_numi          		 0.0768144
USEAK_numcg         		 0.0768144
USEAK_numig         		 0.0768144
USRW_numc           		 0.0781268
USRW_numi           		 0.0781268
USRW_numcg          		 0.0781268
USRW_numig          		 0.0781268
EAAEAK_nerdep       		 1
EAA_gammabh         		 0
EABEAK_nerdep       		 1
EAB_gammabh         		 0
EACEAK_nerdep       		 1
EAC_gammabh         		 0
EADEAK_nerdep       		 1
EAD_gammabh         		 0
EAEEAK_nerdep       		 1
EAE_gammabh         		 0
EAFEAK_nerdep       		 1
EAF_gammabh         		 0
EAGEAK_nerdep       		 1
EAG_gammabh         		 0
EAHEAK_nerdep       		 1
EAH_gammabh         		 0
EAIEAK_nerdep       		 1
EAI_gammabh         		 0
EAJEAK_nerdep       		 1
EAJ_gammabh         		 0
EAA_bh              		 0
EAB_bh              		 0
EAC_bh              		 0
EAD_bh              		 0
EAE_bh              		 0
EAF_bh              		 -1.07436e-16
EAG_bh              		 0
EAH_bh              		 0
EAI_bh              		 0
EAJ_bh              		 0
EAK_bh              		 1.11251e-16
Total computing time : 0h00m58s
Note: 164 warning(s) encountered in the preprocessor
