Starting Dynare (version 6.1).
Calling Dynare with arguments: none
Starting preprocessing of the model file ...
Reading eagle_steady_stage1.txt.
WARNING: Unknown symbol AUX_ENDO_LAG_426_1 in eagle_steady_stage1.txt
WARNING: Unknown symbol AUX_ENDO_LAG_426_2 in eagle_steady_stage1.txt
WARNING: Unknown symbol AUX_ENDO_LAG_426_3 in eagle_steady_stage1.txt
WARNING: Unknown symbol AUX_ENDO_LAG_410_1 in eagle_steady_stage1.txt
WARNING: Unknown symbol AUX_ENDO_LAG_410_2 in eagle_steady_stage1.txt
WARNING: Unknown symbol AUX_ENDO_LAG_410_3 in eagle_steady_stage1.txt
WARNING: Unknown symbol AUX_ENDO_LAG_393_1 in eagle_steady_stage1.txt
WARNING: Unknown symbol AUX_ENDO_LAG_492_1 in eagle_steady_stage1.txt
WARNING: Unknown symbol AUX_ENDO_LAG_492_2 in eagle_steady_stage1.txt
WARNING: Unknown symbol AUX_ENDO_LAG_492_3 in eagle_steady_stage1.txt
WARNING: Unknown symbol AUX_ENDO_LAG_1043_1 in eagle_steady_stage1.txt
WARNING: Unknown symbol AUX_ENDO_LAG_1043_2 in eagle_steady_stage1.txt
WARNING: Unknown symbol AUX_ENDO_LAG_1043_3 in eagle_steady_stage1.txt
WARNING: Unknown symbol AUX_ENDO_LAG_1027_1 in eagle_steady_stage1.txt
WARNING: Unknown symbol AUX_ENDO_LAG_1027_2 in eagle_steady_stage1.txt
WARNING: Unknown symbol AUX_ENDO_LAG_1027_3 in eagle_steady_stage1.txt
WARNING: Unknown symbol AUX_ENDO_LAG_1010_1 in eagle_steady_stage1.txt
WARNING: Unknown symbol AUX_ENDO_LAG_1109_1 in eagle_steady_stage1.txt
WARNING: Unknown symbol AUX_ENDO_LAG_1109_2 in eagle_steady_stage1.txt
WARNING: Unknown symbol AUX_ENDO_LAG_1109_3 in eagle_steady_stage1.txt
WARNING: Unknown symbol AUX_ENDO_LAG_1660_1 in eagle_steady_stage1.txt
WARNING: Unknown symbol AUX_ENDO_LAG_1660_2 in eagle_steady_stage1.txt
WARNING: Unknown symbol AUX_ENDO_LAG_1660_3 in eagle_steady_stage1.txt
WARNING: Unknown symbol AUX_ENDO_LAG_1644_1 in eagle_steady_stage1.txt
WARNING: Unknown symbol AUX_ENDO_LAG_1644_2 in eagle_steady_stage1.txt
WARNING: Unknown symbol AUX_ENDO_LAG_1644_3 in eagle_steady_stage1.txt
WARNING: Unknown symbol AUX_ENDO_LAG_1627_1 in eagle_steady_stage1.txt
WARNING: Unknown symbol AUX_ENDO_LAG_1726_1 in eagle_steady_stage1.txt
WARNING: Unknown symbol AUX_ENDO_LAG_1726_2 in eagle_steady_stage1.txt
WARNING: Unknown symbol AUX_ENDO_LAG_1726_3 in eagle_steady_stage1.txt
WARNING: Unknown symbol AUX_ENDO_LAG_2277_1 in eagle_steady_stage1.txt
WARNING: Unknown symbol AUX_ENDO_LAG_2277_2 in eagle_steady_stage1.txt
WARNING: Unknown symbol AUX_ENDO_LAG_2277_3 in eagle_steady_stage1.txt
WARNING: Unknown symbol AUX_ENDO_LAG_2261_1 in eagle_steady_stage1.txt
WARNING: Unknown symbol AUX_ENDO_LAG_2261_2 in eagle_steady_stage1.txt
WARNING: Unknown symbol AUX_ENDO_LAG_2261_3 in eagle_steady_stage1.txt
WARNING: Unknown symbol AUX_ENDO_LAG_2244_1 in eagle_steady_stage1.txt
WARNING: Unknown symbol AUX_ENDO_LAG_2343_1 in eagle_steady_stage1.txt
WARNING: Unknown symbol AUX_ENDO_LAG_2343_2 in eagle_steady_stage1.txt
WARNING: Unknown symbol AUX_ENDO_LAG_2343_3 in eagle_steady_stage1.txt
WARNING: Unknown symbol AUX_ENDO_LAG_2894_1 in eagle_steady_stage1.txt
WARNING: Unknown symbol AUX_ENDO_LAG_2894_2 in eagle_steady_stage1.txt
WARNING: Unknown symbol AUX_ENDO_LAG_2894_3 in eagle_steady_stage1.txt
WARNING: Unknown symbol AUX_ENDO_LAG_2878_1 in eagle_steady_stage1.txt
WARNING: Unknown symbol AUX_ENDO_LAG_2878_2 in eagle_steady_stage1.txt
WARNING: Unknown symbol AUX_ENDO_LAG_2878_3 in eagle_steady_stage1.txt
WARNING: Unknown symbol AUX_ENDO_LAG_2861_1 in eagle_steady_stage1.txt
WARNING: Unknown symbol AUX_ENDO_LAG_2960_1 in eagle_steady_stage1.txt
WARNING: Unknown symbol AUX_ENDO_LAG_2960_2 in eagle_steady_stage1.txt
WARNING: Unknown symbol AUX_ENDO_LAG_2960_3 in eagle_steady_stage1.txt
WARNING: Unknown symbol AUX_ENDO_LAG_3511_1 in eagle_steady_stage1.txt
WARNING: Unknown symbol AUX_ENDO_LAG_3511_2 in eagle_steady_stage1.txt
WARNING: Unknown symbol AUX_ENDO_LAG_3511_3 in eagle_steady_stage1.txt
WARNING: Unknown symbol AUX_ENDO_LAG_3495_1 in eagle_steady_stage1.txt
WARNING: Unknown symbol AUX_ENDO_LAG_3495_2 in eagle_steady_stage1.txt
WARNING: Unknown symbol AUX_ENDO_LAG_3495_3 in eagle_steady_stage1.txt
WARNING: Unknown symbol AUX_ENDO_LAG_3478_1 in eagle_steady_stage1.txt
WARNING: Unknown symbol AUX_ENDO_LAG_3577_1 in eagle_steady_stage1.txt
WARNING: Unknown symbol AUX_ENDO_LAG_3577_2 in eagle_steady_stage1.txt
WARNING: Unknown symbol AUX_ENDO_LAG_3577_3 in eagle_steady_stage1.txt
WARNING: Unknown symbol AUX_ENDO_LAG_4128_1 in eagle_steady_stage1.txt
WARNING: Unknown symbol AUX_ENDO_LAG_4128_2 in eagle_steady_stage1.txt
WARNING: Unknown symbol AUX_ENDO_LAG_4128_3 in eagle_steady_stage1.txt
WARNING: Unknown symbol AUX_ENDO_LAG_4112_1 in eagle_steady_stage1.txt
WARNING: Unknown symbol AUX_ENDO_LAG_4112_2 in eagle_steady_stage1.txt
WARNING: Unknown symbol AUX_ENDO_LAG_4112_3 in eagle_steady_stage1.txt
WARNING: Unknown symbol AUX_ENDO_LAG_4095_1 in eagle_steady_stage1.txt
WARNING: Unknown symbol AUX_ENDO_LAG_4194_1 in eagle_steady_stage1.txt
WARNING: Unknown symbol AUX_ENDO_LAG_4194_2 in eagle_steady_stage1.txt
WARNING: Unknown symbol AUX_ENDO_LAG_4194_3 in eagle_steady_stage1.txt
WARNING: Unknown symbol AUX_ENDO_LAG_4745_1 in eagle_steady_stage1.txt
WARNING: Unknown symbol AUX_ENDO_LAG_4745_2 in eagle_steady_stage1.txt
WARNING: Unknown symbol AUX_ENDO_LAG_4745_3 in eagle_steady_stage1.txt
WARNING: Unknown symbol AUX_ENDO_LAG_4729_1 in eagle_steady_stage1.txt
WARNING: Unknown symbol AUX_ENDO_LAG_4729_2 in eagle_steady_stage1.txt
WARNING: Unknown symbol AUX_ENDO_LAG_4729_3 in eagle_steady_stage1.txt
WARNING: Unknown symbol AUX_ENDO_LAG_4712_1 in eagle_steady_stage1.txt
WARNING: Unknown symbol AUX_ENDO_LAG_4811_1 in eagle_steady_stage1.txt
WARNING: Unknown symbol AUX_ENDO_LAG_4811_2 in eagle_steady_stage1.txt
WARNING: Unknown symbol AUX_ENDO_LAG_4811_3 in eagle_steady_stage1.txt
WARNING: Unknown symbol AUX_ENDO_LAG_5362_1 in eagle_steady_stage1.txt
WARNING: Unknown symbol AUX_ENDO_LAG_5362_2 in eagle_steady_stage1.txt
WARNING: Unknown symbol AUX_ENDO_LAG_5362_3 in eagle_steady_stage1.txt
WARNING: Unknown symbol AUX_ENDO_LAG_5346_1 in eagle_steady_stage1.txt
WARNING: Unknown symbol AUX_ENDO_LAG_5346_2 in eagle_steady_stage1.txt
WARNING: Unknown symbol AUX_ENDO_LAG_5346_3 in eagle_steady_stage1.txt
WARNING: Unknown symbol AUX_ENDO_LAG_5329_1 in eagle_steady_stage1.txt
WARNING: Unknown symbol AUX_ENDO_LAG_5428_1 in eagle_steady_stage1.txt
WARNING: Unknown symbol AUX_ENDO_LAG_5428_2 in eagle_steady_stage1.txt
WARNING: Unknown symbol AUX_ENDO_LAG_5428_3 in eagle_steady_stage1.txt
WARNING: Unknown symbol AUX_ENDO_LAG_5979_1 in eagle_steady_stage1.txt
WARNING: Unknown symbol AUX_ENDO_LAG_5979_2 in eagle_steady_stage1.txt
WARNING: Unknown symbol AUX_ENDO_LAG_5979_3 in eagle_steady_stage1.txt
WARNING: Unknown symbol AUX_ENDO_LAG_5963_1 in eagle_steady_stage1.txt
WARNING: Unknown symbol AUX_ENDO_LAG_5963_2 in eagle_steady_stage1.txt
WARNING: Unknown symbol AUX_ENDO_LAG_5963_3 in eagle_steady_stage1.txt
WARNING: Unknown symbol AUX_ENDO_LAG_5946_1 in eagle_steady_stage1.txt
WARNING: Unknown symbol AUX_ENDO_LAG_6045_1 in eagle_steady_stage1.txt
WARNING: Unknown symbol AUX_ENDO_LAG_6045_2 in eagle_steady_stage1.txt
WARNING: Unknown symbol AUX_ENDO_LAG_6045_3 in eagle_steady_stage1.txt
WARNING: Unknown symbol AUX_ENDO_LAG_6596_1 in eagle_steady_stage1.txt
WARNING: Unknown symbol AUX_ENDO_LAG_6596_2 in eagle_steady_stage1.txt
WARNING: Unknown symbol AUX_ENDO_LAG_6596_3 in eagle_steady_stage1.txt
WARNING: Unknown symbol AUX_ENDO_LAG_6580_1 in eagle_steady_stage1.txt
WARNING: Unknown symbol AUX_ENDO_LAG_6580_2 in eagle_steady_stage1.txt
WARNING: Unknown symbol AUX_ENDO_LAG_6580_3 in eagle_steady_stage1.txt
WARNING: Unknown symbol AUX_ENDO_LAG_6563_1 in eagle_steady_stage1.txt
WARNING: Unknown symbol AUX_ENDO_LAG_6662_1 in eagle_steady_stage1.txt
WARNING: Unknown symbol AUX_ENDO_LAG_6662_2 in eagle_steady_stage1.txt
WARNING: Unknown symbol AUX_ENDO_LAG_6662_3 in eagle_steady_stage1.txt
WARNING: Unknown symbol AUX_ENDO_LAG_7213_1 in eagle_steady_stage1.txt
WARNING: Unknown symbol AUX_ENDO_LAG_7213_2 in eagle_steady_stage1.txt
WARNING: Unknown symbol AUX_ENDO_LAG_7213_3 in eagle_steady_stage1.txt
WARNING: Unknown symbol AUX_ENDO_LAG_7197_1 in eagle_steady_stage1.txt
WARNING: Unknown symbol AUX_ENDO_LAG_7197_2 in eagle_steady_stage1.txt
WARNING: Unknown symbol AUX_ENDO_LAG_7197_3 in eagle_steady_stage1.txt
WARNING: Unknown symbol AUX_ENDO_LAG_7180_1 in eagle_steady_stage1.txt
WARNING: Unknown symbol AUX_ENDO_LAG_7279_1 in eagle_steady_stage1.txt
WARNING: Unknown symbol AUX_ENDO_LAG_7279_2 in eagle_steady_stage1.txt
WARNING: Unknown symbol AUX_ENDO_LAG_7279_3 in eagle_steady_stage1.txt
WARNING: Unknown symbol AUX_ENDO_LAG_7830_1 in eagle_steady_stage1.txt
WARNING: Unknown symbol AUX_ENDO_LAG_7830_2 in eagle_steady_stage1.txt
WARNING: Unknown symbol AUX_ENDO_LAG_7830_3 in eagle_steady_stage1.txt
WARNING: Unknown symbol AUX_ENDO_LAG_7814_1 in eagle_steady_stage1.txt
WARNING: Unknown symbol AUX_ENDO_LAG_7814_2 in eagle_steady_stage1.txt
WARNING: Unknown symbol AUX_ENDO_LAG_7814_3 in eagle_steady_stage1.txt
WARNING: Unknown symbol AUX_ENDO_LAG_7797_1 in eagle_steady_stage1.txt
WARNING: Unknown symbol AUX_ENDO_LAG_7896_1 in eagle_steady_stage1.txt
WARNING: Unknown symbol AUX_ENDO_LAG_7896_2 in eagle_steady_stage1.txt
WARNING: Unknown symbol AUX_ENDO_LAG_7896_3 in eagle_steady_stage1.txt
WARNING: Unknown symbol AUX_ENDO_LAG_8449_1 in eagle_steady_stage1.txt
WARNING: Unknown symbol AUX_ENDO_LAG_8449_2 in eagle_steady_stage1.txt
WARNING: Unknown symbol AUX_ENDO_LAG_8449_3 in eagle_steady_stage1.txt
WARNING: Unknown symbol AUX_ENDO_LAG_8433_1 in eagle_steady_stage1.txt
WARNING: Unknown symbol AUX_ENDO_LAG_8433_2 in eagle_steady_stage1.txt
WARNING: Unknown symbol AUX_ENDO_LAG_8433_3 in eagle_steady_stage1.txt
WARNING: Unknown symbol AUX_ENDO_LAG_8416_1 in eagle_steady_stage1.txt
WARNING: Unknown symbol AUX_ENDO_LAG_8512_1 in eagle_steady_stage1.txt
WARNING: Unknown symbol AUX_ENDO_LAG_8512_2 in eagle_steady_stage1.txt
WARNING: Unknown symbol AUX_ENDO_LAG_8512_3 in eagle_steady_stage1.txt
WARNING: Unknown symbol AUX_ENDO_LAG_275_1 in eagle_steady_stage1.txt
WARNING: Unknown symbol AUX_ENDO_LAG_447_1 in eagle_steady_stage1.txt
WARNING: Unknown symbol AUX_ENDO_LAG_892_1 in eagle_steady_stage1.txt
WARNING: Unknown symbol AUX_ENDO_LAG_1064_1 in eagle_steady_stage1.txt
WARNING: Unknown symbol AUX_ENDO_LAG_1509_1 in eagle_steady_stage1.txt
WARNING: Unknown symbol AUX_ENDO_LAG_1681_1 in eagle_steady_stage1.txt
WARNING: Unknown symbol AUX_ENDO_LAG_2126_1 in eagle_steady_stage1.txt
WARNING: Unknown symbol AUX_ENDO_LAG_2298_1 in eagle_steady_stage1.txt
WARNING: Unknown symbol AUX_ENDO_LAG_2743_1 in eagle_steady_stage1.txt
WARNING: Unknown symbol AUX_ENDO_LAG_2915_1 in eagle_steady_stage1.txt
WARNING: Unknown symbol AUX_ENDO_LAG_3360_1 in eagle_steady_stage1.txt
WARNING: Unknown symbol AUX_ENDO_LAG_3532_1 in eagle_steady_stage1.txt
WARNING: Unknown symbol AUX_ENDO_LAG_3977_1 in eagle_steady_stage1.txt
WARNING: Unknown symbol AUX_ENDO_LAG_4149_1 in eagle_steady_stage1.txt
WARNING: Unknown symbol AUX_ENDO_LAG_4594_1 in eagle_steady_stage1.txt
WARNING: Unknown symbol AUX_ENDO_LAG_4766_1 in eagle_steady_stage1.txt
WARNING: Unknown symbol AUX_ENDO_LAG_5211_1 in eagle_steady_stage1.txt
WARNING: Unknown symbol AUX_ENDO_LAG_5383_1 in eagle_steady_stage1.txt
WARNING: Unknown symbol AUX_ENDO_LAG_5828_1 in eagle_steady_stage1.txt
WARNING: Unknown symbol AUX_ENDO_LAG_6000_1 in eagle_steady_stage1.txt
WARNING: Unknown symbol AUX_ENDO_LAG_6445_1 in eagle_steady_stage1.txt
WARNING: Unknown symbol AUX_ENDO_LAG_6617_1 in eagle_steady_stage1.txt
WARNING: Unknown symbol AUX_ENDO_LAG_7234_1 in eagle_steady_stage1.txt
WARNING: Unknown symbol AUX_ENDO_LAG_3_1 in eagle_steady_stage1.txt
WARNING: Unknown symbol AUX_ENDO_LAG_3_2 in eagle_steady_stage1.txt
WARNING: Unknown symbol AUX_ENDO_LAG_3_3 in eagle_steady_stage1.txt
Substitution of endo lags >= 2: added 166 auxiliary variables and equations.
Found 7386 equation(s).
Evaluating expressions...
Computing static model derivatives (order 1).
Normalizing the static model...
Finding the optimal block decomposition of the static model...
449 block(s) found:
  448 recursive block(s) and 1 simultaneous block(s).
  the largest simultaneous block has 3406 equation(s)
                                 and 3406 feedback variable(s).
Computing dynamic model derivatives (order 2).
Normalizing the dynamic model...
Finding the optimal block decomposition of the dynamic model...
282 block(s) found:
  281 recursive block(s) and 1 simultaneous block(s).
  the largest simultaneous block has 3451 equation(s)
                                 and 2949 feedback variable(s).
Preprocessing completed.
Preprocessing time: 0h03m57s.
epsilonm
HOMOTOPY mode 1: computing step 0/5...
HOMOTOPY mode 1: computing step 1/5...
MODEL STEADY STATE: (method=Sparse Gaussian Elimination)
------------------------------------
      Iteration no. 1
      Inf-norm error = 7.404e-04
      2-norm error   = 3.934e-03
      1-norm error   = 2.258e-02
------------------------------------
MODEL STEADY STATE: (method=Sparse Gaussian Elimination)
------------------------------------
      Iteration no. 2
      Inf-norm error = 1.127e-05
      2-norm error   = 5.964e-05
      1-norm error   = 3.156e-04
------------------------------------
HOMOTOPY mode 1: computing step 2/5...
MODEL STEADY STATE: (method=Sparse Gaussian Elimination)
------------------------------------
      Iteration no. 1
      Inf-norm error = 7.827e-04
      2-norm error   = 4.157e-03
      1-norm error   = 2.379e-02
------------------------------------
MODEL STEADY STATE: (method=Sparse Gaussian Elimination)
------------------------------------
      Iteration no. 2
      Inf-norm error = 1.227e-05
      2-norm error   = 6.493e-05
      1-norm error   = 3.436e-04
------------------------------------
HOMOTOPY mode 1: computing step 3/5...
MODEL STEADY STATE: (method=Sparse Gaussian Elimination)
------------------------------------
      Iteration no. 1
      Inf-norm error = 8.287e-04
      2-norm error   = 4.400e-03
      1-norm error   = 2.511e-02
------------------------------------
MODEL STEADY STATE: (method=Sparse Gaussian Elimination)
------------------------------------
      Iteration no. 2
      Inf-norm error = 1.339e-05
      2-norm error   = 7.085e-05
      1-norm error   = 3.750e-04
------------------------------------
HOMOTOPY mode 1: computing step 4/5...
MODEL STEADY STATE: (method=Sparse Gaussian Elimination)
------------------------------------
      Iteration no. 1
      Inf-norm error = 8.788e-04
      2-norm error   = 4.664e-03
      1-norm error   = 2.654e-02
------------------------------------
MODEL STEADY STATE: (method=Sparse Gaussian Elimination)
------------------------------------
      Iteration no. 2
      Inf-norm error = 1.465e-05
      2-norm error   = 7.751e-05
      1-norm error   = 4.102e-04
------------------------------------
HOMOTOPY mode 1: computing step 5/5...
MODEL STEADY STATE: (method=Sparse Gaussian Elimination)
------------------------------------
      Iteration no. 1
      Inf-norm error = 9.336e-04
      2-norm error   = 4.954e-03
      1-norm error   = 2.810e-02
------------------------------------
MODEL STEADY STATE: (method=Sparse Gaussian Elimination)
------------------------------------
      Iteration no. 2
      Inf-norm error = 1.607e-05
      2-norm error   = 8.502e-05
      1-norm error   = 4.500e-04
------------------------------------

STEADY-STATE RESULTS:

EA_bf               		 -0.304827
EA_m                		 0.823251
EA_pic4             		 1.02
EA_y                		 3.48842
EA_ygrowth          		 1
EA_ygrowth4         		 1
EA_z                		 1
EA_ybar             		 3.48842
EAAEAB_excy         		 0.0144083
EAAEAC_excy         		 0.0144083
EAAEAD_excy         		 0.0144083
EAAEAE_excy         		 0.0144083
EAAEAF_excy         		 0.0144083
EAAEAG_excy         		 0.0144083
EAAEAH_excy         		 0.0144083
EAAEAI_excy         		 0.0144083
EAAEAJ_excy         		 0.0144083
EAAEAK_excy         		 0.0144083
EAAEAL_excy         		 0.0147115
EAARW_excy          		 0.0148446
EAAUS_excy          		 0.00533722
EAAEAB_exiy         		 0.00994209
EAAEAC_exiy         		 0.00994209
EAAEAD_exiy         		 0.00994209
EAAEAE_exiy         		 0.00994209
EAAEAF_exiy         		 0.00994209
EAAEAG_exiy         		 0.00994209
EAAEAH_exiy         		 0.00994209
EAAEAI_exiy         		 0.00994209
EAAEAJ_exiy         		 0.00994209
EAAEAK_exiy         		 0.00994209
EAAEAL_exiy         		 0.0100072
EAARW_exiy          		 0.011593
EAAUS_exiy          		 0.00422401
EAA_fx              		 4.58565
EAAEAB_gammaimc     		 0
EAAEAC_gammaimc     		 0
EAAEAD_gammaimc     		 0
EAAEAE_gammaimc     		 0
EAAEAF_gammaimc     		 0
EAAEAG_gammaimc     		 0
EAAEAH_gammaimc     		 0
EAAEAI_gammaimc     		 0
EAAEAJ_gammaimc     		 0
EAAEAK_gammaimc     		 0
EAAEAL_gammaimc     		 0
EAARW_gammaimc      		 0
EAAUS_gammaimc      		 0
EAAEAB_gammaimcdag  		 1
EAAEAC_gammaimcdag  		 1
EAAEAD_gammaimcdag  		 1
EAAEAE_gammaimcdag  		 1
EAAEAF_gammaimcdag  		 1
EAAEAG_gammaimcdag  		 1
EAAEAH_gammaimcdag  		 1
EAAEAI_gammaimcdag  		 1
EAAEAJ_gammaimcdag  		 1
EAAEAK_gammaimcdag  		 1
EAAEAL_gammaimcdag  		 1
EAARW_gammaimcdag   		 1
EAAUS_gammaimcdag   		 1
EAAEAB_gammaimi     		 0
EAAEAC_gammaimi     		 0
EAAEAD_gammaimi     		 0
EAAEAE_gammaimi     		 0
EAAEAF_gammaimi     		 0
EAAEAG_gammaimi     		 0
EAAEAH_gammaimi     		 0
EAAEAI_gammaimi     		 0
EAAEAJ_gammaimi     		 0
EAAEAK_gammaimi     		 0
EAAEAL_gammaimi     		 0
EAARW_gammaimi      		 0
EAAUS_gammaimi      		 0
EAAEAB_gammaimidag  		 1
EAAEAC_gammaimidag  		 1
EAAEAD_gammaimidag  		 1
EAAEAE_gammaimidag  		 1
EAAEAF_gammaimidag  		 1
EAAEAG_gammaimidag  		 1
EAAEAH_gammaimidag  		 1
EAAEAI_gammaimidag  		 1
EAAEAJ_gammaimidag  		 1
EAAEAK_gammaimidag  		 1
EAAEAL_gammaimidag  		 1
EAARW_gammaimidag   		 1
EAAUS_gammaimidag   		 1
EAAEAB_gammaimcg    		 0
EAAEAC_gammaimcg    		 0
EAAEAD_gammaimcg    		 0
EAAEAE_gammaimcg    		 0
EAAEAF_gammaimcg    		 0
EAAEAG_gammaimcg    		 0
EAAEAH_gammaimcg    		 0
EAAEAI_gammaimcg    		 0
EAAEAJ_gammaimcg    		 0
EAAEAK_gammaimcg    		 0
EAAEAL_gammaimcg    		 0
EAARW_gammaimcg     		 0
EAAUS_gammaimcg     		 0
EAAEAB_gammaimcgdag 		 1
EAAEAC_gammaimcgdag 		 1
EAAEAD_gammaimcgdag 		 1
EAAEAE_gammaimcgdag 		 1
EAAEAF_gammaimcgdag 		 1
EAAEAG_gammaimcgdag 		 1
EAAEAH_gammaimcgdag 		 1
EAAEAI_gammaimcgdag 		 1
EAAEAJ_gammaimcgdag 		 1
EAAEAK_gammaimcgdag 		 1
EAAEAL_gammaimcgdag 		 1
EAARW_gammaimcgdag  		 1
EAAUS_gammaimcgdag  		 1
EAAEAB_gammaimig    		 0
EAAEAC_gammaimig    		 0
EAAEAD_gammaimig    		 0
EAAEAE_gammaimig    		 0
EAAEAF_gammaimig    		 0
EAAEAG_gammaimig    		 0
EAAEAH_gammaimig    		 0
EAAEAI_gammaimig    		 0
EAAEAJ_gammaimig    		 0
EAAEAK_gammaimig    		 0
EAAEAL_gammaimig    		 0
EAARW_gammaimig     		 0
EAAUS_gammaimig     		 0
EAAEAB_gammaimigdag 		 1
EAAEAC_gammaimigdag 		 1
EAAEAD_gammaimigdag 		 1
EAAEAE_gammaimigdag 		 1
EAAEAF_gammaimigdag 		 1
EAAEAG_gammaimigdag 		 1
EAAEAH_gammaimigdag 		 1
EAAEAI_gammaimigdag 		 1
EAAEAJ_gammaimigdag 		 1
EAAEAK_gammaimigdag 		 1
EAAEAL_gammaimigdag 		 1
EAARW_gammaimigdag  		 1
EAAUS_gammaimigdag  		 1
EAA_gx              		 5.50278
EAAEAB_im           		 0.125873
EAAEAC_im           		 0.125873
EAAEAD_im           		 0.125873
EAAEAE_im           		 0.125873
EAAEAF_im           		 0.125873
EAAEAG_im           		 0.125873
EAAEAH_im           		 0.125873
EAAEAI_im           		 0.125873
EAAEAJ_im           		 0.125873
EAAEAK_im           		 0.125873
EAAEAL_im           		 0.123473
EAARW_im            		 0.134495
EAAUS_im            		 0.061668
EAAEAB_imc          		 0.0572825
EAAEAC_imc          		 0.0572825
EAAEAD_imc          		 0.0572825
EAAEAE_imc          		 0.0572825
EAAEAF_imc          		 0.0572825
EAAEAG_imc          		 0.0572825
EAAEAH_imc          		 0.0572825
EAAEAI_imc          		 0.0572825
EAAEAJ_imc          		 0.0572825
EAAEAK_imc          		 0.0572825
EAAEAL_imc          		 0.0561906
EAARW_imc           		 0.0612062
EAAUS_imc           		 0.028064
EAARW_imcy          		 0.0149926
EAAEAB_imi          		 0.0395263
EAAEAC_imi          		 0.0395263
EAAEAD_imi          		 0.0395263
EAAEAE_imi          		 0.0395263
EAAEAF_imi          		 0.0395263
EAAEAG_imi          		 0.0395263
EAAEAH_imi          		 0.0395263
EAAEAI_imi          		 0.0395263
EAAEAJ_imi          		 0.0395263
EAAEAK_imi          		 0.0395263
EAAEAL_imi          		 0.0387728
EAARW_imi           		 0.0422337
EAAUS_imi           		 0.0193648
EAARW_imiy          		 0.0103453
EAAEAB_imcg         		 0.0242201
EAAEAC_imcg         		 0.0242201
EAAEAD_imcg         		 0.0242201
EAAEAE_imcg         		 0.0242201
EAAEAF_imcg         		 0.0242201
EAAEAG_imcg         		 0.0242201
EAAEAH_imcg         		 0.0242201
EAAEAI_imcg         		 0.0242201
EAAEAJ_imcg         		 0.0242201
EAAEAK_imcg         		 0.0242201
EAAEAL_imcg         		 0.0237584
EAARW_imcg          		 0.0258791
EAAUS_imcg          		 0.011866
EAARW_imcgy         		 0.00633916
EAAEAB_imig         		 0.00484402
EAAEAC_imig         		 0.00484402
EAAEAD_imig         		 0.00484402
EAAEAE_imig         		 0.00484402
EAAEAF_imig         		 0.00484402
EAAEAG_imig         		 0.00484402
EAAEAH_imig         		 0.00484402
EAAEAI_imig         		 0.00484402
EAAEAJ_imig         		 0.00484402
EAAEAK_imig         		 0.00484402
EAAEAL_imig         		 0.00475168
EAARW_imig          		 0.00517582
EAAUS_imig          		 0.0023732
EAARW_imigy         		 0.00126783
EAA_piex            		 1.00496
EAA_pextilde        		 0.87687
EAAEAB_rer          		 1
EAAEAC_rer          		 1
EAAEAD_rer          		 1
EAAEAE_rer          		 1
EAAEAF_rer          		 1
EAAEAG_rer          		 1
EAAEAH_rer          		 1
EAAEAI_rer          		 1
EAAEAJ_rer          		 1
EAAEAK_rer          		 1
EAAEAL_rer          		 1.00491
EAARW_rer           		 0.900807
EAAUS_rer           		 1.19419
EAA_sx              		 1
EAAEAB_tot          		 1
EAAEAC_tot          		 1
EAAEAD_tot          		 1
EAAEAE_tot          		 1
EAAEAF_tot          		 1
EAAEAG_tot          		 1
EAAEAH_tot          		 1
EAAEAI_tot          		 1
EAAEAJ_tot          		 1
EAAEAK_tot          		 1
EAAEAL_tot          		 1.00773
EAARW_tot           		 0.973847
EAAUS_tot           		 1.3303
EAAEAB_weight       		 0.0783525
EAAEAC_weight       		 0.0783525
EAAEAD_weight       		 0.0783525
EAAEAE_weight       		 0.0783525
EAAEAF_weight       		 0.0783525
EAAEAG_weight       		 0.0783525
EAAEAH_weight       		 0.0783525
EAAEAI_weight       		 0.0783525
EAAEAJ_weight       		 0.0783525
EAAEAK_weight       		 0.0783525
EAAEAL_weight       		 0.0779231
EAARW_weight        		 0.082814
EAAUS_weight        		 0.0557378
EAAEAB_weightex     		 0.077848
EAAEAC_weightex     		 0.077848
EAAEAD_weightex     		 0.077848
EAAEAE_weightex     		 0.077848
EAAEAF_weightex     		 0.077848
EAAEAG_weightex     		 0.077848
EAAEAH_weightex     		 0.077848
EAAEAI_weightex     		 0.077848
EAAEAJ_weightex     		 0.077848
EAAEAK_weightex     		 0.077848
EAAEAL_weightex     		 0.0778925
EAARW_weightex      		 0.0835674
EAAUS_weightex      		 0.0600598
EAAEAB_weightim     		 0.0788593
EAAEAC_weightim     		 0.0788593
EAAEAD_weightim     		 0.0788593
EAAEAE_weightim     		 0.0788593
EAAEAF_weightim     		 0.0788593
EAAEAG_weightim     		 0.0788593
EAAEAH_weightim     		 0.0788593
EAAEAI_weightim     		 0.0788593
EAAEAJ_weightim     		 0.0788593
EAAEAK_weightim     		 0.0788593
EAAEAL_weightim     		 0.0779539
EAARW_weightim      		 0.0820572
EAAUS_weightim      		 0.051396
EAA_b               		 8.36671
EAA_bf              		 -0.44006
EAA_by              		 2.4
EAA_c               		 1.88624
EAA_ci              		 2.14913
EAA_cj              		 1.09759
EAA_cy              		 0.541071
EAA_d               		 0.216018
EAA_dn              		 0.216018
EAA_dt              		 -3.08402e-09
EAA_etot            		 1.01442
EAA_ex              		 1.60352
EAA_fh              		 5.83127
EAA_fi              		 8.77493
EAA_fj              		 0.324997
EAA_fn              		 11.3157
EAA_cg              		 0.754007
EAA_gammab          		 0
EAA_gammai          		 0
EAA_gammaider       		 0
EAA_gammau          		 0
EAA_gammauder       		 0.0324171
EAA_gammav          		 0.000197578
EAA_gammavi         		 0.000104746
EAA_gammavider      		 0.00232797
EAA_gammavj         		 0.000104746
EAA_gammavjder      		 0.00232797
EAA_gh              		 6.99753
EAA_gi              		 5.08056
EAA_gj              		 3.316
EAA_gn              		 16.9735
EAA_cgy             		 0.2
EAA_ht              		 0.692463
EAA_htc             		 0.186168
EAA_hti             		 0.12846
EAA_htcg            		 0.314862
EAA_htig            		 0.0629723
EAA_i               		 0.806245
EAA_ig              		 0.150801
EAA_ii              		 1.07499
EAA_im              		 1.56994
EAA_imc             		 0.71445
EAA_imi             		 0.492987
EAA_imcg            		 0.302083
EAA_imig            		 0.0604166
EAA_imy             		 0.401487
EAA_internalrer     		 1.23358
EAA_igy             		 0.04
EAA_k               		 32.2498
EAA_kd              		 32.2498
EAA_kdn             		 12.3949
EAA_kdt             		 19.8549
EAA_ki              		 42.9997
EAA_lambdai         		 1.30508
EAA_lambdaj         		 2.5554
EAA_lcy             		 0.656625
EAA_m               		 0.821791
EAA_mcn             		 0.730725
EAA_mct             		 0.730725
EAA_mi              		 0.936324
EAA_mj              		 0.478192
EAA_nd              		 1.91962
EAA_ndi             		 0.910731
EAA_ndj             		 1.09851
EAA_ndn             		 0.737784
EAA_ndt             		 1.18183
EAA_ni              		 0.910731
EAA_nj              		 1.09851
EAA_nt              		 1.34373
EAA_ntc             		 0.991022
EAA_nti             		 0.186499
EAA_ntcg            		 0.13851
EAA_ntig            		 0.027702
EAA_pex             		 0.87687
EAA_pht             		 0.87687
EAA_phttilde        		 0.87687
EAA_pi              		 0.93839
EAA_pcg             		 0.924694
EAA_pig             		 0.924694
EAA_pic             		 1.00496
EAA_pic4            		 1.02
EAA_piex4           		 1.02
EAA_piht            		 1.00496
EAA_piimc           		 1.00496
EAA_piimi           		 1.00496
EAA_piimcg          		 1.00496
EAA_piimig          		 1.00496
EAA_piimc4          		 1.02
EAA_pim             		 0.891524
EAA_pimc            		 0.891524
EAA_pimi            		 0.891524
EAA_pimcg           		 0.891524
EAA_pimig           		 0.891524
EAA_pint            		 1.00496
EAA_piw             		 1.00496
EAA_piw4            		 1.02
EAA_pnt             		 1.09609
EAA_pnttilde        		 1.09609
EAA_pttc            		 0.888544
EAA_ptti            		 0.888544
EAA_pttcg           		 0.884121
EAA_pttig           		 0.884121
EAA_py              		 0.957802
EAA_q               		 0.93839
EAA_qc              		 1.88644
EAA_qi              		 0.806245
EAA_qcg             		 0.754007
EAA_qig             		 0.150801
EAA_r               		 1.01242
EAA_reer            		 1.00162
EAA_rer             		 1.19419
EAA_rerdep          		 1
EAA_rk              		 0.0304198
EAA_rp              		 0
EAA_rr              		 1.00742
EAA_rrstar          		 1.00742
EAA_sh              		 1
EAA_si              		 1
EAA_sj              		 1
EAA_snt             		 1
EAA_t               		 0
EAA_tauc            		 0.183
EAA_taud            		 0
EAA_tauk            		 0
EAA_taun            		 0.122
EAA_tauwf           		 0.219
EAA_tauwh           		 0.118
EAA_tb              		 0.00644541
EAA_tby             		 0.00184887
EAA_ti              		 0
EAA_tj              		 0
EAA_tot             		 1.3303
EAA_tr              		 0.313196
EAA_tri             		 0.208798
EAA_trj             		 0.626393
EAA_try             		 0.089839
EAA_ttc             		 0.900568
EAA_tti             		 0.621413
EAA_ttcg            		 0.616891
EAA_ttig            		 0.123378
EAA_ty              		 0
EAA_u               		 1
EAA_utili           		 -93.8153
EAA_utilj           		 -210.899
EAA_vj              		 2.29529
EAA_w               		 0.978233
EAA_wcst            		 0
EAA_whty            		 0.574241
EAA_wi              		 1.08736
EAA_witilde         		 1.08736
EAA_wj              		 0.807945
EAA_wjtilde         		 0.807945
EAA_wnty            		 0.490019
EAA_wy              		 0.538658
EAA_y               		 3.63972
EAA_ygap            		 0
EAA_ygrowth         		 1
EAA_ygrowth4        		 1
EAA_yhty            		 0.577512
EAA_ynty            		 0.422488
EAA_yshare          		 0.067566
EAA_ysn             		 1.34373
EAA_yst             		 2.29598
EAA_zcon            		 1
EAA_zinv            		 1
EAA_zn              		 1
EAA_zt              		 1
EAA_gammav1         		 0.0308642
EAA_gammav2         		 0.150338
EAA_nutc            		 0.2
EAA_nuti            		 0.2
EAA_nutcg           		 0.5
EAA_nutig           		 0.5
EAA_psit            		 0.2
EAAEAB_rerbar       		 1
EAAEAC_rerbar       		 1
EAAEAD_rerbar       		 1
EAAEAE_rerbar       		 1
EAAEAF_rerbar       		 1
EAAEAG_rerbar       		 1
EAAEAH_rerbar       		 1
EAAEAI_rerbar       		 1
EAAEAJ_rerbar       		 1
EAAEAK_rerbar       		 1
EAAEAL_rerbar       		 1.00491
EAARW_rerbar        		 0.900807
EAAUS_rerbar        		 1.19419
EAA_pibar           		 0.93839
EAA_psinbar         		 0.376245
EAA_psitbar         		 0.459197
EAA_pybar           		 0.957802
EAA_qbar            		 0.93839
EAA_trybar          		 0.0898407
EAA_ybar            		 3.63972
EAA_ynbar           		 1.34373
EAA_ytbar           		 2.29598
EABEAA_excy         		 0.0144083
EABEAC_excy         		 0.0144083
EABEAD_excy         		 0.0144083
EABEAE_excy         		 0.0144083
EABEAF_excy         		 0.0144083
EABEAG_excy         		 0.0144083
EABEAH_excy         		 0.0144083
EABEAI_excy         		 0.0144083
EABEAJ_excy         		 0.0144083
EABEAK_excy         		 0.0144083
EABEAL_excy         		 0.0147115
EABRW_excy          		 0.0148446
EABUS_excy          		 0.00533722
EABEAA_exiy         		 0.00994209
EABEAC_exiy         		 0.00994209
EABEAD_exiy         		 0.00994209
EABEAE_exiy         		 0.00994209
EABEAF_exiy         		 0.00994209
EABEAG_exiy         		 0.00994209
EABEAH_exiy         		 0.00994209
EABEAI_exiy         		 0.00994209
EABEAJ_exiy         		 0.00994209
EABEAK_exiy         		 0.00994209
EABEAL_exiy         		 0.0100072
EABRW_exiy          		 0.011593
EABUS_exiy          		 0.00422401
EAB_fx              		 4.58565
EABEAA_gammaimc     		 0
EABEAC_gammaimc     		 0
EABEAD_gammaimc     		 0
EABEAE_gammaimc     		 0
EABEAF_gammaimc     		 0
EABEAG_gammaimc     		 0
EABEAH_gammaimc     		 0
EABEAI_gammaimc     		 0
EABEAJ_gammaimc     		 0
EABEAK_gammaimc     		 0
EABEAL_gammaimc     		 0
EABRW_gammaimc      		 0
EABUS_gammaimc      		 0
EABEAA_gammaimcdag  		 1
EABEAC_gammaimcdag  		 1
EABEAD_gammaimcdag  		 1
EABEAE_gammaimcdag  		 1
EABEAF_gammaimcdag  		 1
EABEAG_gammaimcdag  		 1
EABEAH_gammaimcdag  		 1
EABEAI_gammaimcdag  		 1
EABEAJ_gammaimcdag  		 1
EABEAK_gammaimcdag  		 1
EABEAL_gammaimcdag  		 1
EABRW_gammaimcdag   		 1
EABUS_gammaimcdag   		 1
EABEAA_gammaimi     		 0
EABEAC_gammaimi     		 0
EABEAD_gammaimi     		 0
EABEAE_gammaimi     		 0
EABEAF_gammaimi     		 0
EABEAG_gammaimi     		 0
EABEAH_gammaimi     		 0
EABEAI_gammaimi     		 0
EABEAJ_gammaimi     		 0
EABEAK_gammaimi     		 0
EABEAL_gammaimi     		 0
EABRW_gammaimi      		 0
EABUS_gammaimi      		 0
EABEAA_gammaimidag  		 1
EABEAC_gammaimidag  		 1
EABEAD_gammaimidag  		 1
EABEAE_gammaimidag  		 1
EABEAF_gammaimidag  		 1
EABEAG_gammaimidag  		 1
EABEAH_gammaimidag  		 1
EABEAI_gammaimidag  		 1
EABEAJ_gammaimidag  		 1
EABEAK_gammaimidag  		 1
EABEAL_gammaimidag  		 1
EABRW_gammaimidag   		 1
EABUS_gammaimidag   		 1
EABEAA_gammaimcg    		 0
EABEAC_gammaimcg    		 0
EABEAD_gammaimcg    		 0
EABEAE_gammaimcg    		 0
EABEAF_gammaimcg    		 0
EABEAG_gammaimcg    		 0
EABEAH_gammaimcg    		 0
EABEAI_gammaimcg    		 0
EABEAJ_gammaimcg    		 0
EABEAK_gammaimcg    		 0
EABEAL_gammaimcg    		 0
EABRW_gammaimcg     		 0
EABUS_gammaimcg     		 0
EABEAA_gammaimcgdag 		 1
EABEAC_gammaimcgdag 		 1
EABEAD_gammaimcgdag 		 1
EABEAE_gammaimcgdag 		 1
EABEAF_gammaimcgdag 		 1
EABEAG_gammaimcgdag 		 1
EABEAH_gammaimcgdag 		 1
EABEAI_gammaimcgdag 		 1
EABEAJ_gammaimcgdag 		 1
EABEAK_gammaimcgdag 		 1
EABEAL_gammaimcgdag 		 1
EABRW_gammaimcgdag  		 1
EABUS_gammaimcgdag  		 1
EABEAA_gammaimig    		 0
EABEAC_gammaimig    		 0
EABEAD_gammaimig    		 0
EABEAE_gammaimig    		 0
EABEAF_gammaimig    		 0
EABEAG_gammaimig    		 0
EABEAH_gammaimig    		 0
EABEAI_gammaimig    		 0
EABEAJ_gammaimig    		 0
EABEAK_gammaimig    		 0
EABEAL_gammaimig    		 0
EABRW_gammaimig     		 0
EABUS_gammaimig     		 0
EABEAA_gammaimigdag 		 1
EABEAC_gammaimigdag 		 1
EABEAD_gammaimigdag 		 1
EABEAE_gammaimigdag 		 1
EABEAF_gammaimigdag 		 1
EABEAG_gammaimigdag 		 1
EABEAH_gammaimigdag 		 1
EABEAI_gammaimigdag 		 1
EABEAJ_gammaimigdag 		 1
EABEAK_gammaimigdag 		 1
EABEAL_gammaimigdag 		 1
EABRW_gammaimigdag  		 1
EABUS_gammaimigdag  		 1
EAB_gx              		 5.50278
EABEAA_im           		 0.125873
EABEAC_im           		 0.125873
EABEAD_im           		 0.125873
EABEAE_im           		 0.125873
EABEAF_im           		 0.125873
EABEAG_im           		 0.125873
EABEAH_im           		 0.125873
EABEAI_im           		 0.125873
EABEAJ_im           		 0.125873
EABEAK_im           		 0.125873
EABEAL_im           		 0.123473
EABRW_im            		 0.134495
EABUS_im            		 0.061668
EABEAA_imc          		 0.0572825
EABEAC_imc          		 0.0572825
EABEAD_imc          		 0.0572825
EABEAE_imc          		 0.0572825
EABEAF_imc          		 0.0572825
EABEAG_imc          		 0.0572825
EABEAH_imc          		 0.0572825
EABEAI_imc          		 0.0572825
EABEAJ_imc          		 0.0572825
EABEAK_imc          		 0.0572825
EABEAL_imc          		 0.0561906
EABRW_imc           		 0.0612062
EABUS_imc           		 0.028064
EABUS_imcy          		 0.00939053
EABEAA_imi          		 0.0395263
EABEAC_imi          		 0.0395263
EABEAD_imi          		 0.0395263
EABEAE_imi          		 0.0395263
EABEAF_imi          		 0.0395263
EABEAG_imi          		 0.0395263
EABEAH_imi          		 0.0395263
EABEAI_imi          		 0.0395263
EABEAJ_imi          		 0.0395263
EABEAK_imi          		 0.0395263
EABEAL_imi          		 0.0387728
EABRW_imi           		 0.0422337
EABUS_imi           		 0.0193648
EABUS_imiy          		 0.00647969
EABEAA_imcg         		 0.0242201
EABEAC_imcg         		 0.0242201
EABEAD_imcg         		 0.0242201
EABEAE_imcg         		 0.0242201
EABEAF_imcg         		 0.0242201
EABEAG_imcg         		 0.0242201
EABEAH_imcg         		 0.0242201
EABEAI_imcg         		 0.0242201
EABEAJ_imcg         		 0.0242201
EABEAK_imcg         		 0.0242201
EABEAL_imcg         		 0.0237584
EABRW_imcg          		 0.0258791
EABUS_imcg          		 0.011866
EABUS_imcgy         		 0.00397049
EABEAA_imig         		 0.00484402
EABEAC_imig         		 0.00484402
EABEAD_imig         		 0.00484402
EABEAE_imig         		 0.00484402
EABEAF_imig         		 0.00484402
EABEAG_imig         		 0.00484402
EABEAH_imig         		 0.00484402
EABEAI_imig         		 0.00484402
EABEAJ_imig         		 0.00484402
EABEAK_imig         		 0.00484402
EABEAL_imig         		 0.00475168
EABRW_imig          		 0.00517582
EABUS_imig          		 0.0023732
EABUS_imigy         		 0.000794099
EAB_piex            		 1.00496
EAB_pextilde        		 0.87687
EABEAA_rer          		 1
EABEAC_rer          		 1
EABEAD_rer          		 1
EABEAE_rer          		 1
EABEAF_rer          		 1
EABEAG_rer          		 1
EABEAH_rer          		 1
EABEAI_rer          		 1
EABEAJ_rer          		 1
EABEAK_rer          		 1
EABEAL_rer          		 1.00491
EABRW_rer           		 0.900807
EABUS_rer           		 1.19419
EAB_sx              		 1
EABEAA_tot          		 1
EABEAC_tot          		 1
EABEAD_tot          		 1
EABEAE_tot          		 1
EABEAF_tot          		 1
EABEAG_tot          		 1
EABEAH_tot          		 1
EABEAI_tot          		 1
EABEAJ_tot          		 1
EABEAK_tot          		 1
EABEAL_tot          		 1.00773
EABRW_tot           		 0.973847
EABUS_tot           		 1.3303
EABEAA_weight       		 0.0783525
EABEAC_weight       		 0.0783525
EABEAD_weight       		 0.0783525
EABEAE_weight       		 0.0783525
EABEAF_weight       		 0.0783525
EABEAG_weight       		 0.0783525
EABEAH_weight       		 0.0783525
EABEAI_weight       		 0.0783525
EABEAJ_weight       		 0.0783525
EABEAK_weight       		 0.0783525
EABEAL_weight       		 0.0779231
EABRW_weight        		 0.082814
EABUS_weight        		 0.0557378
EABEAA_weightex     		 0.077848
EABEAC_weightex     		 0.077848
EABEAD_weightex     		 0.077848
EABEAE_weightex     		 0.077848
EABEAF_weightex     		 0.077848
EABEAG_weightex     		 0.077848
EABEAH_weightex     		 0.077848
EABEAI_weightex     		 0.077848
EABEAJ_weightex     		 0.077848
EABEAK_weightex     		 0.077848
EABEAL_weightex     		 0.0778925
EABRW_weightex      		 0.0835674
EABUS_weightex      		 0.0600598
EABEAA_weightim     		 0.0788593
EABEAC_weightim     		 0.0788593
EABEAD_weightim     		 0.0788593
EABEAE_weightim     		 0.0788593
EABEAF_weightim     		 0.0788593
EABEAG_weightim     		 0.0788593
EABEAH_weightim     		 0.0788593
EABEAI_weightim     		 0.0788593
EABEAJ_weightim     		 0.0788593
EABEAK_weightim     		 0.0788593
EABEAL_weightim     		 0.0779539
EABRW_weightim      		 0.0820572
EABUS_weightim      		 0.051396
EAB_b               		 8.36671
EAB_bf              		 -0.44006
EAB_by              		 2.4
EAB_c               		 1.88624
EAB_ci              		 2.14913
EAB_cj              		 1.09759
EAB_cy              		 0.541071
EAB_d               		 0.216018
EAB_dn              		 0.216018
EAB_dt              		 -3.08401e-09
EAB_etot            		 1.01442
EAB_ex              		 1.60352
EAB_fh              		 5.83127
EAB_fi              		 8.77493
EAB_fj              		 0.324997
EAB_fn              		 11.3157
EAB_cg              		 0.754007
EAB_gammab          		 0
EAB_gammai          		 0
EAB_gammaider       		 0
EAB_gammau          		 0
EAB_gammauder       		 0.0324171
EAB_gammav          		 0.000197578
EAB_gammavi         		 0.000104746
EAB_gammavider      		 0.00232797
EAB_gammavj         		 0.000104746
EAB_gammavjder      		 0.00232797
EAB_gh              		 6.99753
EAB_gi              		 5.08056
EAB_gj              		 3.316
EAB_gn              		 16.9735
EAB_cgy             		 0.2
EAB_ht              		 0.692463
EAB_htc             		 0.186168
EAB_hti             		 0.12846
EAB_htcg            		 0.314862
EAB_htig            		 0.0629723
EAB_i               		 0.806245
EAB_ig              		 0.150801
EAB_ii              		 1.07499
EAB_im              		 1.56994
EAB_imc             		 0.71445
EAB_imi             		 0.492987
EAB_imcg            		 0.302083
EAB_imig            		 0.0604166
EAB_imy             		 0.401487
EAB_internalrer     		 1.23358
EAB_igy             		 0.04
EAB_k               		 32.2498
EAB_kd              		 32.2498
EAB_kdn             		 12.3949
EAB_kdt             		 19.8549
EAB_ki              		 42.9997
EAB_lambdai         		 1.30508
EAB_lambdaj         		 2.5554
EAB_lcy             		 0.656625
EAB_m               		 0.821791
EAB_mcn             		 0.730725
EAB_mct             		 0.730725
EAB_mi              		 0.936324
EAB_mj              		 0.478192
EAB_nd              		 1.91962
EAB_ndi             		 0.910731
EAB_ndj             		 1.09851
EAB_ndn             		 0.737784
EAB_ndt             		 1.18183
EAB_ni              		 0.910731
EAB_nj              		 1.09851
EAB_nt              		 1.34373
EAB_ntc             		 0.991022
EAB_nti             		 0.186499
EAB_ntcg            		 0.13851
EAB_ntig            		 0.027702
EAB_pex             		 0.87687
EAB_pht             		 0.87687
EAB_phttilde        		 0.87687
EAB_pi              		 0.93839
EAB_pcg             		 0.924694
EAB_pig             		 0.924694
EAB_pic             		 1.00496
EAB_pic4            		 1.02
EAB_piex4           		 1.02
EAB_piht            		 1.00496
EAB_piimc           		 1.00496
EAB_piimi           		 1.00496
EAB_piimcg          		 1.00496
EAB_piimig          		 1.00496
EAB_piimc4          		 1.02
EAB_pim             		 0.891524
EAB_pimc            		 0.891524
EAB_pimi            		 0.891524
EAB_pimcg           		 0.891524
EAB_pimig           		 0.891524
EAB_pint            		 1.00496
EAB_piw             		 1.00496
EAB_piw4            		 1.02
EAB_pnt             		 1.09609
EAB_pnttilde        		 1.09609
EAB_pttc            		 0.888544
EAB_ptti            		 0.888544
EAB_pttcg           		 0.884121
EAB_pttig           		 0.884121
EAB_py              		 0.957802
EAB_q               		 0.93839
EAB_qc              		 1.88644
EAB_qi              		 0.806245
EAB_qcg             		 0.754007
EAB_qig             		 0.150801
EAB_r               		 1.01242
EAB_reer            		 1.00162
EAB_rer             		 1.19419
EAB_rerdep          		 1
EAB_rk              		 0.0304198
EAB_rp              		 0
EAB_rr              		 1.00742
EAB_rrstar          		 1.00742
EAB_sh              		 1
EAB_si              		 1
EAB_sj              		 1
EAB_snt             		 1
EAB_t               		 0
EAB_tauc            		 0.183
EAB_taud            		 0
EAB_tauk            		 0
EAB_taun            		 0.122
EAB_tauwf           		 0.219
EAB_tauwh           		 0.118
EAB_tb              		 0.00644541
EAB_tby             		 0.00184887
EAB_ti              		 0
EAB_tj              		 0
EAB_tot             		 1.3303
EAB_tr              		 0.313196
EAB_tri             		 0.208798
EAB_trj             		 0.626393
EAB_try             		 0.089839
EAB_ttc             		 0.900568
EAB_tti             		 0.621413
EAB_ttcg            		 0.616891
EAB_ttig            		 0.123378
EAB_ty              		 0
EAB_u               		 1
EAB_utili           		 -93.8153
EAB_utilj           		 -210.899
EAB_vj              		 2.29529
EAB_w               		 0.978233
EAB_wcst            		 0
EAB_whty            		 0.574241
EAB_wi              		 1.08736
EAB_witilde         		 1.08736
EAB_wj              		 0.807945
EAB_wjtilde         		 0.807945
EAB_wnty            		 0.490019
EAB_wy              		 0.538658
EAB_y               		 3.63972
EAB_ygap            		 0
EAB_ygrowth         		 1
EAB_ygrowth4        		 1
EAB_yhty            		 0.577512
EAB_ynty            		 0.422488
EAB_yshare          		 0.067566
EAB_ysn             		 1.34373
EAB_yst             		 2.29598
EAB_zcon            		 1
EAB_zinv            		 1
EAB_zn              		 1
EAB_zt              		 1
EAB_gammav1         		 0.0308642
EAB_gammav2         		 0.150338
EAB_nutc            		 0.2
EAB_nuti            		 0.2
EAB_nutcg           		 0.5
EAB_nutig           		 0.5
EAB_psit            		 0.2
EABEAA_rerbar       		 1
EABEAC_rerbar       		 1
EABEAD_rerbar       		 1
EABEAE_rerbar       		 1
EABEAF_rerbar       		 1
EABEAG_rerbar       		 1
EABEAH_rerbar       		 1
EABEAI_rerbar       		 1
EABEAJ_rerbar       		 1
EABEAK_rerbar       		 1
EABEAL_rerbar       		 1.00491
EABRW_rerbar        		 0.900807
EABUS_rerbar        		 1.19419
EAB_pibar           		 0.93839
EAB_psinbar         		 0.376245
EAB_psitbar         		 0.459197
EAB_pybar           		 0.957802
EAB_qbar            		 0.93839
EAB_trybar          		 0.0898407
EAB_ybar            		 3.63972
EAB_ynbar           		 1.34373
EAB_ytbar           		 2.29598
EACEAA_excy         		 0.0144083
EACEAB_excy         		 0.0144083
EACEAD_excy         		 0.0144083
EACEAE_excy         		 0.0144083
EACEAF_excy         		 0.0144083
EACEAG_excy         		 0.0144083
EACEAH_excy         		 0.0144083
EACEAI_excy         		 0.0144083
EACEAJ_excy         		 0.0144083
EACEAK_excy         		 0.0144083
EACEAL_excy         		 0.0147115
EACRW_excy          		 0.0148446
EACUS_excy          		 0.00533722
EACEAA_exiy         		 0.00994209
EACEAB_exiy         		 0.00994209
EACEAD_exiy         		 0.00994209
EACEAE_exiy         		 0.00994209
EACEAF_exiy         		 0.00994209
EACEAG_exiy         		 0.00994209
EACEAH_exiy         		 0.00994209
EACEAI_exiy         		 0.00994209
EACEAJ_exiy         		 0.00994209
EACEAK_exiy         		 0.00994209
EACEAL_exiy         		 0.0100072
EACRW_exiy          		 0.011593
EACUS_exiy          		 0.00422401
EAC_fx              		 4.58565
EACEAA_gammaimc     		 0
EACEAB_gammaimc     		 0
EACEAD_gammaimc     		 0
EACEAE_gammaimc     		 0
EACEAF_gammaimc     		 0
EACEAG_gammaimc     		 0
EACEAH_gammaimc     		 0
EACEAI_gammaimc     		 0
EACEAJ_gammaimc     		 0
EACEAK_gammaimc     		 0
EACEAL_gammaimc     		 0
EACRW_gammaimc      		 0
EACUS_gammaimc      		 0
EACEAA_gammaimcdag  		 1
EACEAB_gammaimcdag  		 1
EACEAD_gammaimcdag  		 1
EACEAE_gammaimcdag  		 1
EACEAF_gammaimcdag  		 1
EACEAG_gammaimcdag  		 1
EACEAH_gammaimcdag  		 1
EACEAI_gammaimcdag  		 1
EACEAJ_gammaimcdag  		 1
EACEAK_gammaimcdag  		 1
EACEAL_gammaimcdag  		 1
EACRW_gammaimcdag   		 1
EACUS_gammaimcdag   		 1
EACEAA_gammaimi     		 0
EACEAB_gammaimi     		 0
EACEAD_gammaimi     		 0
EACEAE_gammaimi     		 0
EACEAF_gammaimi     		 0
EACEAG_gammaimi     		 0
EACEAH_gammaimi     		 0
EACEAI_gammaimi     		 0
EACEAJ_gammaimi     		 0
EACEAK_gammaimi     		 0
EACEAL_gammaimi     		 0
EACRW_gammaimi      		 0
EACUS_gammaimi      		 0
EACEAA_gammaimidag  		 1
EACEAB_gammaimidag  		 1
EACEAD_gammaimidag  		 1
EACEAE_gammaimidag  		 1
EACEAF_gammaimidag  		 1
EACEAG_gammaimidag  		 1
EACEAH_gammaimidag  		 1
EACEAI_gammaimidag  		 1
EACEAJ_gammaimidag  		 1
EACEAK_gammaimidag  		 1
EACEAL_gammaimidag  		 1
EACRW_gammaimidag   		 1
EACUS_gammaimidag   		 1
EACEAA_gammaimcg    		 0
EACEAB_gammaimcg    		 0
EACEAD_gammaimcg    		 0
EACEAE_gammaimcg    		 0
EACEAF_gammaimcg    		 0
EACEAG_gammaimcg    		 0
EACEAH_gammaimcg    		 0
EACEAI_gammaimcg    		 0
EACEAJ_gammaimcg    		 0
EACEAK_gammaimcg    		 0
EACEAL_gammaimcg    		 0
EACRW_gammaimcg     		 0
EACUS_gammaimcg     		 0
EACEAA_gammaimcgdag 		 1
EACEAB_gammaimcgdag 		 1
EACEAD_gammaimcgdag 		 1
EACEAE_gammaimcgdag 		 1
EACEAF_gammaimcgdag 		 1
EACEAG_gammaimcgdag 		 1
EACEAH_gammaimcgdag 		 1
EACEAI_gammaimcgdag 		 1
EACEAJ_gammaimcgdag 		 1
EACEAK_gammaimcgdag 		 1
EACEAL_gammaimcgdag 		 1
EACRW_gammaimcgdag  		 1
EACUS_gammaimcgdag  		 1
EACEAA_gammaimig    		 0
EACEAB_gammaimig    		 0
EACEAD_gammaimig    		 0
EACEAE_gammaimig    		 0
EACEAF_gammaimig    		 0
EACEAG_gammaimig    		 0
EACEAH_gammaimig    		 0
EACEAI_gammaimig    		 0
EACEAJ_gammaimig    		 0
EACEAK_gammaimig    		 0
EACEAL_gammaimig    		 0
EACRW_gammaimig     		 0
EACUS_gammaimig     		 0
EACEAA_gammaimigdag 		 1
EACEAB_gammaimigdag 		 1
EACEAD_gammaimigdag 		 1
EACEAE_gammaimigdag 		 1
EACEAF_gammaimigdag 		 1
EACEAG_gammaimigdag 		 1
EACEAH_gammaimigdag 		 1
EACEAI_gammaimigdag 		 1
EACEAJ_gammaimigdag 		 1
EACEAK_gammaimigdag 		 1
EACEAL_gammaimigdag 		 1
EACRW_gammaimigdag  		 1
EACUS_gammaimigdag  		 1
EAC_gx              		 5.50278
EACEAA_im           		 0.125873
EACEAB_im           		 0.125873
EACEAD_im           		 0.125873
EACEAE_im           		 0.125873
EACEAF_im           		 0.125873
EACEAG_im           		 0.125873
EACEAH_im           		 0.125873
EACEAI_im           		 0.125873
EACEAJ_im           		 0.125873
EACEAK_im           		 0.125873
EACEAL_im           		 0.123473
EACRW_im            		 0.134495
EACUS_im            		 0.061668
EACEAA_imc          		 0.0572825
EACEAB_imc          		 0.0572825
EACEAD_imc          		 0.0572825
EACEAE_imc          		 0.0572825
EACEAF_imc          		 0.0572825
EACEAG_imc          		 0.0572825
EACEAH_imc          		 0.0572825
EACEAI_imc          		 0.0572825
EACEAJ_imc          		 0.0572825
EACEAK_imc          		 0.0572825
EACEAL_imc          		 0.0561906
EACRW_imc           		 0.0612062
EACUS_imc           		 0.028064
EACEAA_imcy         		 0.0144083
EACEAA_imi          		 0.0395263
EACEAB_imi          		 0.0395263
EACEAD_imi          		 0.0395263
EACEAE_imi          		 0.0395263
EACEAF_imi          		 0.0395263
EACEAG_imi          		 0.0395263
EACEAH_imi          		 0.0395263
EACEAI_imi          		 0.0395263
EACEAJ_imi          		 0.0395263
EACEAK_imi          		 0.0395263
EACEAL_imi          		 0.0387728
EACRW_imi           		 0.0422337
EACUS_imi           		 0.0193648
EACEAA_imiy         		 0.00994209
EACEAA_imcg         		 0.0242201
EACEAB_imcg         		 0.0242201
EACEAD_imcg         		 0.0242201
EACEAE_imcg         		 0.0242201
EACEAF_imcg         		 0.0242201
EACEAG_imcg         		 0.0242201
EACEAH_imcg         		 0.0242201
EACEAI_imcg         		 0.0242201
EACEAJ_imcg         		 0.0242201
EACEAK_imcg         		 0.0242201
EACEAL_imcg         		 0.0237584
EACRW_imcg          		 0.0258791
EACUS_imcg          		 0.011866
EACEAA_imcgy        		 0.00609211
EACEAA_imig         		 0.00484402
EACEAB_imig         		 0.00484402
EACEAD_imig         		 0.00484402
EACEAE_imig         		 0.00484402
EACEAF_imig         		 0.00484402
EACEAG_imig         		 0.00484402
EACEAH_imig         		 0.00484402
EACEAI_imig         		 0.00484402
EACEAJ_imig         		 0.00484402
EACEAK_imig         		 0.00484402
EACEAL_imig         		 0.00475168
EACRW_imig          		 0.00517582
EACUS_imig          		 0.0023732
EACEAA_imigy        		 0.00121842
EAC_piex            		 1.00496
EAC_pextilde        		 0.87687
EACEAA_rer          		 1
EACEAB_rer          		 1
EACEAD_rer          		 1
EACEAE_rer          		 1
EACEAF_rer          		 1
EACEAG_rer          		 1
EACEAH_rer          		 1
EACEAI_rer          		 1
EACEAJ_rer          		 1
EACEAK_rer          		 1
EACEAL_rer          		 1.00491
EACRW_rer           		 0.900807
EACUS_rer           		 1.19419
EAC_sx              		 1
EACEAA_tot          		 1
EACEAB_tot          		 1
EACEAD_tot          		 1
EACEAE_tot          		 1
EACEAF_tot          		 1
EACEAG_tot          		 1
EACEAH_tot          		 1
EACEAI_tot          		 1
EACEAJ_tot          		 1
EACEAK_tot          		 1
EACEAL_tot          		 1.00773
EACRW_tot           		 0.973847
EACUS_tot           		 1.3303
EACEAA_weight       		 0.0783525
EACEAB_weight       		 0.0783525
EACEAD_weight       		 0.0783525
EACEAE_weight       		 0.0783525
EACEAF_weight       		 0.0783525
EACEAG_weight       		 0.0783525
EACEAH_weight       		 0.0783525
EACEAI_weight       		 0.0783525
EACEAJ_weight       		 0.0783525
EACEAK_weight       		 0.0783525
EACEAL_weight       		 0.0779231
EACRW_weight        		 0.082814
EACUS_weight        		 0.0557378
EACEAA_weightex     		 0.077848
EACEAB_weightex     		 0.077848
EACEAD_weightex     		 0.077848
EACEAE_weightex     		 0.077848
EACEAF_weightex     		 0.077848
EACEAG_weightex     		 0.077848
EACEAH_weightex     		 0.077848
EACEAI_weightex     		 0.077848
EACEAJ_weightex     		 0.077848
EACEAK_weightex     		 0.077848
EACEAL_weightex     		 0.0778925
EACRW_weightex      		 0.0835674
EACUS_weightex      		 0.0600598
EACEAA_weightim     		 0.0788593
EACEAB_weightim     		 0.0788593
EACEAD_weightim     		 0.0788593
EACEAE_weightim     		 0.0788593
EACEAF_weightim     		 0.0788593
EACEAG_weightim     		 0.0788593
EACEAH_weightim     		 0.0788593
EACEAI_weightim     		 0.0788593
EACEAJ_weightim     		 0.0788593
EACEAK_weightim     		 0.0788593
EACEAL_weightim     		 0.0779539
EACRW_weightim      		 0.0820572
EACUS_weightim      		 0.051396
EAC_b               		 8.36671
EAC_bf              		 -0.44006
EAC_by              		 2.4
EAC_c               		 1.88624
EAC_ci              		 2.14913
EAC_cj              		 1.09759
EAC_cy              		 0.541071
EAC_d               		 0.216018
EAC_dn              		 0.216018
EAC_dt              		 -3.08412e-09
EAC_etot            		 1.01442
EAC_ex              		 1.60352
EAC_fh              		 5.83127
EAC_fi              		 8.77493
EAC_fj              		 0.324997
EAC_fn              		 11.3157
EAC_cg              		 0.754007
EAC_gammab          		 0
EAC_gammai          		 0
EAC_gammaider       		 0
EAC_gammau          		 0
EAC_gammauder       		 0.0324171
EAC_gammav          		 0.000197578
EAC_gammavi         		 0.000104746
EAC_gammavider      		 0.00232797
EAC_gammavj         		 0.000104746
EAC_gammavjder      		 0.00232797
EAC_gh              		 6.99753
EAC_gi              		 5.08056
EAC_gj              		 3.316
EAC_gn              		 16.9735
EAC_cgy             		 0.2
EAC_ht              		 0.692463
EAC_htc             		 0.186168
EAC_hti             		 0.12846
EAC_htcg            		 0.314862
EAC_htig            		 0.0629723
EAC_i               		 0.806245
EAC_ig              		 0.150801
EAC_ii              		 1.07499
EAC_im              		 1.56994
EAC_imc             		 0.71445
EAC_imi             		 0.492987
EAC_imcg            		 0.302083
EAC_imig            		 0.0604166
EAC_imy             		 0.401487
EAC_internalrer     		 1.23358
EAC_igy             		 0.04
EAC_k               		 32.2498
EAC_kd              		 32.2498
EAC_kdn             		 12.3949
EAC_kdt             		 19.8549
EAC_ki              		 42.9997
EAC_lambdai         		 1.30508
EAC_lambdaj         		 2.5554
EAC_lcy             		 0.656625
EAC_m               		 0.821791
EAC_mcn             		 0.730725
EAC_mct             		 0.730725
EAC_mi              		 0.936324
EAC_mj              		 0.478192
EAC_nd              		 1.91962
EAC_ndi             		 0.910731
EAC_ndj             		 1.09851
EAC_ndn             		 0.737784
EAC_ndt             		 1.18183
EAC_ni              		 0.910731
EAC_nj              		 1.09851
EAC_nt              		 1.34373
EAC_ntc             		 0.991022
EAC_nti             		 0.186499
EAC_ntcg            		 0.13851
EAC_ntig            		 0.027702
EAC_pex             		 0.87687
EAC_pht             		 0.87687
EAC_phttilde        		 0.87687
EAC_pi              		 0.93839
EAC_pcg             		 0.924694
EAC_pig             		 0.924694
EAC_pic             		 1.00496
EAC_pic4            		 1.02
EAC_piex4           		 1.02
EAC_piht            		 1.00496
EAC_piimc           		 1.00496
EAC_piimi           		 1.00496
EAC_piimcg          		 1.00496
EAC_piimig          		 1.00496
EAC_piimc4          		 1.02
EAC_pim             		 0.891524
EAC_pimc            		 0.891524
EAC_pimi            		 0.891524
EAC_pimcg           		 0.891524
EAC_pimig           		 0.891524
EAC_pint            		 1.00496
EAC_piw             		 1.00496
EAC_piw4            		 1.02
EAC_pnt             		 1.09609
EAC_pnttilde        		 1.09609
EAC_pttc            		 0.888544
EAC_ptti            		 0.888544
EAC_pttcg           		 0.884121
EAC_pttig           		 0.884121
EAC_py              		 0.957802
EAC_q               		 0.93839
EAC_qc              		 1.88644
EAC_qi              		 0.806245
EAC_qcg             		 0.754007
EAC_qig             		 0.150801
EAC_r               		 1.01242
EAC_reer            		 1.00162
EAC_rer             		 1.19419
EAC_rerdep          		 1
EAC_rk              		 0.0304198
EAC_rp              		 0
EAC_rr              		 1.00742
EAC_rrstar          		 1.00742
EAC_sh              		 1
EAC_si              		 1
EAC_sj              		 1
EAC_snt             		 1
EAC_t               		 0
EAC_tauc            		 0.183
EAC_taud            		 0
EAC_tauk            		 0
EAC_taun            		 0.122
EAC_tauwf           		 0.219
EAC_tauwh           		 0.118
EAC_tb              		 0.00644541
EAC_tby             		 0.00184887
EAC_ti              		 0
EAC_tj              		 0
EAC_tot             		 1.3303
EAC_tr              		 0.313196
EAC_tri             		 0.208798
EAC_trj             		 0.626393
EAC_try             		 0.089839
EAC_ttc             		 0.900568
EAC_tti             		 0.621413
EAC_ttcg            		 0.616891
EAC_ttig            		 0.123378
EAC_ty              		 0
EAC_u               		 1
EAC_utili           		 -93.8153
EAC_utilj           		 -210.899
EAC_vj              		 2.29529
EAC_w               		 0.978233
EAC_wcst            		 0
EAC_whty            		 0.574241
EAC_wi              		 1.08736
EAC_witilde         		 1.08736
EAC_wj              		 0.807945
EAC_wjtilde         		 0.807945
EAC_wnty            		 0.490019
EAC_wy              		 0.538658
EAC_y               		 3.63972
EAC_ygap            		 0
EAC_ygrowth         		 1
EAC_ygrowth4        		 1
EAC_yhty            		 0.577512
EAC_ynty            		 0.422488
EAC_yshare          		 0.067566
EAC_ysn             		 1.34373
EAC_yst             		 2.29598
EAC_zcon            		 1
EAC_zinv            		 1
EAC_zn              		 1
EAC_zt              		 1
EAC_gammav1         		 0.0308642
EAC_gammav2         		 0.150338
EAC_nutc            		 0.2
EAC_nuti            		 0.2
EAC_nutcg           		 0.5
EAC_nutig           		 0.5
EAC_psit            		 0.2
EACEAA_rerbar       		 1
EACEAB_rerbar       		 1
EACEAD_rerbar       		 1
EACEAE_rerbar       		 1
EACEAF_rerbar       		 1
EACEAG_rerbar       		 1
EACEAH_rerbar       		 1
EACEAI_rerbar       		 1
EACEAJ_rerbar       		 1
EACEAK_rerbar       		 1
EACEAL_rerbar       		 1.00491
EACRW_rerbar        		 0.900807
EACUS_rerbar        		 1.19419
EAC_pibar           		 0.93839
EAC_psinbar         		 0.376245
EAC_psitbar         		 0.459197
EAC_pybar           		 0.957802
EAC_qbar            		 0.93839
EAC_trybar          		 0.0898407
EAC_ybar            		 3.63972
EAC_ynbar           		 1.34373
EAC_ytbar           		 2.29598
EADEAA_excy         		 0.0144083
EADEAB_excy         		 0.0144083
EADEAC_excy         		 0.0144083
EADEAE_excy         		 0.0144083
EADEAF_excy         		 0.0144083
EADEAG_excy         		 0.0144083
EADEAH_excy         		 0.0144083
EADEAI_excy         		 0.0144083
EADEAJ_excy         		 0.0144083
EADEAK_excy         		 0.0144083
EADEAL_excy         		 0.0147115
EADRW_excy          		 0.0148446
EADUS_excy          		 0.00533722
EADEAA_exiy         		 0.00994209
EADEAB_exiy         		 0.00994209
EADEAC_exiy         		 0.00994209
EADEAE_exiy         		 0.00994209
EADEAF_exiy         		 0.00994209
EADEAG_exiy         		 0.00994209
EADEAH_exiy         		 0.00994209
EADEAI_exiy         		 0.00994209
EADEAJ_exiy         		 0.00994209
EADEAK_exiy         		 0.00994209
EADEAL_exiy         		 0.0100072
EADRW_exiy          		 0.011593
EADUS_exiy          		 0.00422401
EAD_fx              		 4.58565
EADEAA_gammaimc     		 0
EADEAB_gammaimc     		 0
EADEAC_gammaimc     		 0
EADEAE_gammaimc     		 0
EADEAF_gammaimc     		 0
EADEAG_gammaimc     		 0
EADEAH_gammaimc     		 0
EADEAI_gammaimc     		 0
EADEAJ_gammaimc     		 0
EADEAK_gammaimc     		 0
EADEAL_gammaimc     		 0
EADRW_gammaimc      		 0
EADUS_gammaimc      		 0
EADEAA_gammaimcdag  		 1
EADEAB_gammaimcdag  		 1
EADEAC_gammaimcdag  		 1
EADEAE_gammaimcdag  		 1
EADEAF_gammaimcdag  		 1
EADEAG_gammaimcdag  		 1
EADEAH_gammaimcdag  		 1
EADEAI_gammaimcdag  		 1
EADEAJ_gammaimcdag  		 1
EADEAK_gammaimcdag  		 1
EADEAL_gammaimcdag  		 1
EADRW_gammaimcdag   		 1
EADUS_gammaimcdag   		 1
EADEAA_gammaimi     		 0
EADEAB_gammaimi     		 0
EADEAC_gammaimi     		 0
EADEAE_gammaimi     		 0
EADEAF_gammaimi     		 0
EADEAG_gammaimi     		 0
EADEAH_gammaimi     		 0
EADEAI_gammaimi     		 0
EADEAJ_gammaimi     		 0
EADEAK_gammaimi     		 0
EADEAL_gammaimi     		 0
EADRW_gammaimi      		 0
EADUS_gammaimi      		 0
EADEAA_gammaimidag  		 1
EADEAB_gammaimidag  		 1
EADEAC_gammaimidag  		 1
EADEAE_gammaimidag  		 1
EADEAF_gammaimidag  		 1
EADEAG_gammaimidag  		 1
EADEAH_gammaimidag  		 1
EADEAI_gammaimidag  		 1
EADEAJ_gammaimidag  		 1
EADEAK_gammaimidag  		 1
EADEAL_gammaimidag  		 1
EADRW_gammaimidag   		 1
EADUS_gammaimidag   		 1
EADEAA_gammaimcg    		 0
EADEAB_gammaimcg    		 0
EADEAC_gammaimcg    		 0
EADEAE_gammaimcg    		 0
EADEAF_gammaimcg    		 0
EADEAG_gammaimcg    		 0
EADEAH_gammaimcg    		 0
EADEAI_gammaimcg    		 0
EADEAJ_gammaimcg    		 0
EADEAK_gammaimcg    		 0
EADEAL_gammaimcg    		 0
EADRW_gammaimcg     		 0
EADUS_gammaimcg     		 0
EADEAA_gammaimcgdag 		 1
EADEAB_gammaimcgdag 		 1
EADEAC_gammaimcgdag 		 1
EADEAE_gammaimcgdag 		 1
EADEAF_gammaimcgdag 		 1
EADEAG_gammaimcgdag 		 1
EADEAH_gammaimcgdag 		 1
EADEAI_gammaimcgdag 		 1
EADEAJ_gammaimcgdag 		 1
EADEAK_gammaimcgdag 		 1
EADEAL_gammaimcgdag 		 1
EADRW_gammaimcgdag  		 1
EADUS_gammaimcgdag  		 1
EADEAA_gammaimig    		 0
EADEAB_gammaimig    		 0
EADEAC_gammaimig    		 0
EADEAE_gammaimig    		 0
EADEAF_gammaimig    		 0
EADEAG_gammaimig    		 0
EADEAH_gammaimig    		 0
EADEAI_gammaimig    		 0
EADEAJ_gammaimig    		 0
EADEAK_gammaimig    		 0
EADEAL_gammaimig    		 0
EADRW_gammaimig     		 0
EADUS_gammaimig     		 0
EADEAA_gammaimigdag 		 1
EADEAB_gammaimigdag 		 1
EADEAC_gammaimigdag 		 1
EADEAE_gammaimigdag 		 1
EADEAF_gammaimigdag 		 1
EADEAG_gammaimigdag 		 1
EADEAH_gammaimigdag 		 1
EADEAI_gammaimigdag 		 1
EADEAJ_gammaimigdag 		 1
EADEAK_gammaimigdag 		 1
EADEAL_gammaimigdag 		 1
EADRW_gammaimigdag  		 1
EADUS_gammaimigdag  		 1
EAD_gx              		 5.50278
EADEAA_im           		 0.125873
EADEAB_im           		 0.125873
EADEAC_im           		 0.125873
EADEAE_im           		 0.125873
EADEAF_im           		 0.125873
EADEAG_im           		 0.125873
EADEAH_im           		 0.125873
EADEAI_im           		 0.125873
EADEAJ_im           		 0.125873
EADEAK_im           		 0.125873
EADEAL_im           		 0.123473
EADRW_im            		 0.134495
EADUS_im            		 0.061668
EADEAA_imc          		 0.0572825
EADEAB_imc          		 0.0572825
EADEAC_imc          		 0.0572825
EADEAE_imc          		 0.0572825
EADEAF_imc          		 0.0572825
EADEAG_imc          		 0.0572825
EADEAH_imc          		 0.0572825
EADEAI_imc          		 0.0572825
EADEAJ_imc          		 0.0572825
EADEAK_imc          		 0.0572825
EADEAL_imc          		 0.0561906
EADRW_imc           		 0.0612062
EADUS_imc           		 0.028064
EADEAB_imcy         		 0.0144083
EADEAA_imi          		 0.0395263
EADEAB_imi          		 0.0395263
EADEAC_imi          		 0.0395263
EADEAE_imi          		 0.0395263
EADEAF_imi          		 0.0395263
EADEAG_imi          		 0.0395263
EADEAH_imi          		 0.0395263
EADEAI_imi          		 0.0395263
EADEAJ_imi          		 0.0395263
EADEAK_imi          		 0.0395263
EADEAL_imi          		 0.0387728
EADRW_imi           		 0.0422337
EADUS_imi           		 0.0193648
EADEAB_imiy         		 0.00994209
EADEAA_imcg         		 0.0242201
EADEAB_imcg         		 0.0242201
EADEAC_imcg         		 0.0242201
EADEAE_imcg         		 0.0242201
EADEAF_imcg         		 0.0242201
EADEAG_imcg         		 0.0242201
EADEAH_imcg         		 0.0242201
EADEAI_imcg         		 0.0242201
EADEAJ_imcg         		 0.0242201
EADEAK_imcg         		 0.0242201
EADEAL_imcg         		 0.0237584
EADRW_imcg          		 0.0258791
EADUS_imcg          		 0.011866
EADEAB_imcgy        		 0.00609211
EADEAA_imig         		 0.00484402
EADEAB_imig         		 0.00484402
EADEAC_imig         		 0.00484402
EADEAE_imig         		 0.00484402
EADEAF_imig         		 0.00484402
EADEAG_imig         		 0.00484402
EADEAH_imig         		 0.00484402
EADEAI_imig         		 0.00484402
EADEAJ_imig         		 0.00484402
EADEAK_imig         		 0.00484402
EADEAL_imig         		 0.00475168
EADRW_imig          		 0.00517582
EADUS_imig          		 0.0023732
EADEAB_imigy        		 0.00121842
EAD_piex            		 1.00496
EAD_pextilde        		 0.87687
EADEAA_rer          		 1
EADEAB_rer          		 1
EADEAC_rer          		 1
EADEAE_rer          		 1
EADEAF_rer          		 1
EADEAG_rer          		 1
EADEAH_rer          		 1
EADEAI_rer          		 1
EADEAJ_rer          		 1
EADEAK_rer          		 1
EADEAL_rer          		 1.00491
EADRW_rer           		 0.900807
EADUS_rer           		 1.19419
EAD_sx              		 1
EADEAA_tot          		 1
EADEAB_tot          		 1
EADEAC_tot          		 1
EADEAE_tot          		 1
EADEAF_tot          		 1
EADEAG_tot          		 1
EADEAH_tot          		 1
EADEAI_tot          		 1
EADEAJ_tot          		 1
EADEAK_tot          		 1
EADEAL_tot          		 1.00773
EADRW_tot           		 0.973847
EADUS_tot           		 1.3303
EADEAA_weight       		 0.0783525
EADEAB_weight       		 0.0783525
EADEAC_weight       		 0.0783525
EADEAE_weight       		 0.0783525
EADEAF_weight       		 0.0783525
EADEAG_weight       		 0.0783525
EADEAH_weight       		 0.0783525
EADEAI_weight       		 0.0783525
EADEAJ_weight       		 0.0783525
EADEAK_weight       		 0.0783525
EADEAL_weight       		 0.0779231
EADRW_weight        		 0.082814
EADUS_weight        		 0.0557378
EADEAA_weightex     		 0.077848
EADEAB_weightex     		 0.077848
EADEAC_weightex     		 0.077848
EADEAE_weightex     		 0.077848
EADEAF_weightex     		 0.077848
EADEAG_weightex     		 0.077848
EADEAH_weightex     		 0.077848
EADEAI_weightex     		 0.077848
EADEAJ_weightex     		 0.077848
EADEAK_weightex     		 0.077848
EADEAL_weightex     		 0.0778925
EADRW_weightex      		 0.0835674
EADUS_weightex      		 0.0600598
EADEAA_weightim     		 0.0788593
EADEAB_weightim     		 0.0788593
EADEAC_weightim     		 0.0788593
EADEAE_weightim     		 0.0788593
EADEAF_weightim     		 0.0788593
EADEAG_weightim     		 0.0788593
EADEAH_weightim     		 0.0788593
EADEAI_weightim     		 0.0788593
EADEAJ_weightim     		 0.0788593
EADEAK_weightim     		 0.0788593
EADEAL_weightim     		 0.0779539
EADRW_weightim      		 0.0820572
EADUS_weightim      		 0.051396
EAD_b               		 8.36671
EAD_bf              		 -0.44006
EAD_by              		 2.4
EAD_c               		 1.88624
EAD_ci              		 2.14913
EAD_cj              		 1.09759
EAD_cy              		 0.541071
EAD_d               		 0.216018
EAD_dn              		 0.216018
EAD_dt              		 -3.08414e-09
EAD_etot            		 1.01442
EAD_ex              		 1.60352
EAD_fh              		 5.83127
EAD_fi              		 8.77493
EAD_fj              		 0.324997
EAD_fn              		 11.3157
EAD_cg              		 0.754007
EAD_gammab          		 0
EAD_gammai          		 0
EAD_gammaider       		 0
EAD_gammau          		 0
EAD_gammauder       		 0.0324171
EAD_gammav          		 0.000197578
EAD_gammavi         		 0.000104746
EAD_gammavider      		 0.00232797
EAD_gammavj         		 0.000104746
EAD_gammavjder      		 0.00232797
EAD_gh              		 6.99753
EAD_gi              		 5.08056
EAD_gj              		 3.316
EAD_gn              		 16.9735
EAD_cgy             		 0.2
EAD_ht              		 0.692463
EAD_htc             		 0.186168
EAD_hti             		 0.12846
EAD_htcg            		 0.314862
EAD_htig            		 0.0629723
EAD_i               		 0.806245
EAD_ig              		 0.150801
EAD_ii              		 1.07499
EAD_im              		 1.56994
EAD_imc             		 0.71445
EAD_imi             		 0.492987
EAD_imcg            		 0.302083
EAD_imig            		 0.0604166
EAD_imy             		 0.401487
EAD_internalrer     		 1.23358
EAD_igy             		 0.04
EAD_k               		 32.2498
EAD_kd              		 32.2498
EAD_kdn             		 12.3949
EAD_kdt             		 19.8549
EAD_ki              		 42.9997
EAD_lambdai         		 1.30508
EAD_lambdaj         		 2.5554
EAD_lcy             		 0.656625
EAD_m               		 0.821791
EAD_mcn             		 0.730725
EAD_mct             		 0.730725
EAD_mi              		 0.936324
EAD_mj              		 0.478192
EAD_nd              		 1.91962
EAD_ndi             		 0.910731
EAD_ndj             		 1.09851
EAD_ndn             		 0.737784
EAD_ndt             		 1.18183
EAD_ni              		 0.910731
EAD_nj              		 1.09851
EAD_nt              		 1.34373
EAD_ntc             		 0.991022
EAD_nti             		 0.186499
EAD_ntcg            		 0.13851
EAD_ntig            		 0.027702
EAD_pex             		 0.87687
EAD_pht             		 0.87687
EAD_phttilde        		 0.87687
EAD_pi              		 0.93839
EAD_pcg             		 0.924694
EAD_pig             		 0.924694
EAD_pic             		 1.00496
EAD_pic4            		 1.02
EAD_piex4           		 1.02
EAD_piht            		 1.00496
EAD_piimc           		 1.00496
EAD_piimi           		 1.00496
EAD_piimcg          		 1.00496
EAD_piimig          		 1.00496
EAD_piimc4          		 1.02
EAD_pim             		 0.891524
EAD_pimc            		 0.891524
EAD_pimi            		 0.891524
EAD_pimcg           		 0.891524
EAD_pimig           		 0.891524
EAD_pint            		 1.00496
EAD_piw             		 1.00496
EAD_piw4            		 1.02
EAD_pnt             		 1.09609
EAD_pnttilde        		 1.09609
EAD_pttc            		 0.888544
EAD_ptti            		 0.888544
EAD_pttcg           		 0.884121
EAD_pttig           		 0.884121
EAD_py              		 0.957802
EAD_q               		 0.93839
EAD_qc              		 1.88644
EAD_qi              		 0.806245
EAD_qcg             		 0.754007
EAD_qig             		 0.150801
EAD_r               		 1.01242
EAD_reer            		 1.00162
EAD_rer             		 1.19419
EAD_rerdep          		 1
EAD_rk              		 0.0304198
EAD_rp              		 0
EAD_rr              		 1.00742
EAD_rrstar          		 1.00742
EAD_sh              		 1
EAD_si              		 1
EAD_sj              		 1
EAD_snt             		 1
EAD_t               		 0
EAD_tauc            		 0.183
EAD_taud            		 0
EAD_tauk            		 0
EAD_taun            		 0.122
EAD_tauwf           		 0.219
EAD_tauwh           		 0.118
EAD_tb              		 0.00644541
EAD_tby             		 0.00184887
EAD_ti              		 0
EAD_tj              		 0
EAD_tot             		 1.3303
EAD_tr              		 0.313196
EAD_tri             		 0.208798
EAD_trj             		 0.626393
EAD_try             		 0.089839
EAD_ttc             		 0.900568
EAD_tti             		 0.621413
EAD_ttcg            		 0.616891
EAD_ttig            		 0.123378
EAD_ty              		 0
EAD_u               		 1
EAD_utili           		 -93.8153
EAD_utilj           		 -210.899
EAD_vj              		 2.29529
EAD_w               		 0.978233
EAD_wcst            		 0
EAD_whty            		 0.574241
EAD_wi              		 1.08736
EAD_witilde         		 1.08736
EAD_wj              		 0.807945
EAD_wjtilde         		 0.807945
EAD_wnty            		 0.490019
EAD_wy              		 0.538658
EAD_y               		 3.63972
EAD_ygap            		 0
EAD_ygrowth         		 1
EAD_ygrowth4        		 1
EAD_yhty            		 0.577512
EAD_ynty            		 0.422488
EAD_yshare          		 0.067566
EAD_ysn             		 1.34373
EAD_yst             		 2.29598
EAD_zcon            		 1
EAD_zinv            		 1
EAD_zn              		 1
EAD_zt              		 1
EAD_gammav1         		 0.0308642
EAD_gammav2         		 0.150338
EAD_nutc            		 0.2
EAD_nuti            		 0.2
EAD_nutcg           		 0.5
EAD_nutig           		 0.5
EAD_psit            		 0.2
EADEAA_rerbar       		 1
EADEAB_rerbar       		 1
EADEAC_rerbar       		 1
EADEAE_rerbar       		 1
EADEAF_rerbar       		 1
EADEAG_rerbar       		 1
EADEAH_rerbar       		 1
EADEAI_rerbar       		 1
EADEAJ_rerbar       		 1
EADEAK_rerbar       		 1
EADEAL_rerbar       		 1.00491
EADRW_rerbar        		 0.900807
EADUS_rerbar        		 1.19419
EAD_pibar           		 0.93839
EAD_psinbar         		 0.376245
EAD_psitbar         		 0.459197
EAD_pybar           		 0.957802
EAD_qbar            		 0.93839
EAD_trybar          		 0.0898407
EAD_ybar            		 3.63972
EAD_ynbar           		 1.34373
EAD_ytbar           		 2.29598
EAEEAA_excy         		 0.0144083
EAEEAB_excy         		 0.0144083
EAEEAC_excy         		 0.0144083
EAEEAD_excy         		 0.0144083
EAEEAF_excy         		 0.0144083
EAEEAG_excy         		 0.0144083
EAEEAH_excy         		 0.0144083
EAEEAI_excy         		 0.0144083
EAEEAJ_excy         		 0.0144083
EAEEAK_excy         		 0.0144083
EAEEAL_excy         		 0.0147115
EAERW_excy          		 0.0148446
EAEUS_excy          		 0.00533722
EAEEAA_exiy         		 0.00994209
EAEEAB_exiy         		 0.00994209
EAEEAC_exiy         		 0.00994209
EAEEAD_exiy         		 0.00994209
EAEEAF_exiy         		 0.00994209
EAEEAG_exiy         		 0.00994209
EAEEAH_exiy         		 0.00994209
EAEEAI_exiy         		 0.00994209
EAEEAJ_exiy         		 0.00994209
EAEEAK_exiy         		 0.00994209
EAEEAL_exiy         		 0.0100072
EAERW_exiy          		 0.011593
EAEUS_exiy          		 0.00422401
EAE_fx              		 4.58565
EAEEAA_gammaimc     		 0
EAEEAB_gammaimc     		 0
EAEEAC_gammaimc     		 0
EAEEAD_gammaimc     		 0
EAEEAF_gammaimc     		 0
EAEEAG_gammaimc     		 0
EAEEAH_gammaimc     		 0
EAEEAI_gammaimc     		 0
EAEEAJ_gammaimc     		 0
EAEEAK_gammaimc     		 0
EAEEAL_gammaimc     		 0
EAERW_gammaimc      		 0
EAEUS_gammaimc      		 0
EAEEAA_gammaimcdag  		 1
EAEEAB_gammaimcdag  		 1
EAEEAC_gammaimcdag  		 1
EAEEAD_gammaimcdag  		 1
EAEEAF_gammaimcdag  		 1
EAEEAG_gammaimcdag  		 1
EAEEAH_gammaimcdag  		 1
EAEEAI_gammaimcdag  		 1
EAEEAJ_gammaimcdag  		 1
EAEEAK_gammaimcdag  		 1
EAEEAL_gammaimcdag  		 1
EAERW_gammaimcdag   		 1
EAEUS_gammaimcdag   		 1
EAEEAA_gammaimi     		 0
EAEEAB_gammaimi     		 0
EAEEAC_gammaimi     		 0
EAEEAD_gammaimi     		 0
EAEEAF_gammaimi     		 0
EAEEAG_gammaimi     		 0
EAEEAH_gammaimi     		 0
EAEEAI_gammaimi     		 0
EAEEAJ_gammaimi     		 0
EAEEAK_gammaimi     		 0
EAEEAL_gammaimi     		 0
EAERW_gammaimi      		 0
EAEUS_gammaimi      		 0
EAEEAA_gammaimidag  		 1
EAEEAB_gammaimidag  		 1
EAEEAC_gammaimidag  		 1
EAEEAD_gammaimidag  		 1
EAEEAF_gammaimidag  		 1
EAEEAG_gammaimidag  		 1
EAEEAH_gammaimidag  		 1
EAEEAI_gammaimidag  		 1
EAEEAJ_gammaimidag  		 1
EAEEAK_gammaimidag  		 1
EAEEAL_gammaimidag  		 1
EAERW_gammaimidag   		 1
EAEUS_gammaimidag   		 1
EAEEAA_gammaimcg    		 0
EAEEAB_gammaimcg    		 0
EAEEAC_gammaimcg    		 0
EAEEAD_gammaimcg    		 0
EAEEAF_gammaimcg    		 0
EAEEAG_gammaimcg    		 0
EAEEAH_gammaimcg    		 0
EAEEAI_gammaimcg    		 0
EAEEAJ_gammaimcg    		 0
EAEEAK_gammaimcg    		 0
EAEEAL_gammaimcg    		 0
EAERW_gammaimcg     		 0
EAEUS_gammaimcg     		 0
EAEEAA_gammaimcgdag 		 1
EAEEAB_gammaimcgdag 		 1
EAEEAC_gammaimcgdag 		 1
EAEEAD_gammaimcgdag 		 1
EAEEAF_gammaimcgdag 		 1
EAEEAG_gammaimcgdag 		 1
EAEEAH_gammaimcgdag 		 1
EAEEAI_gammaimcgdag 		 1
EAEEAJ_gammaimcgdag 		 1
EAEEAK_gammaimcgdag 		 1
EAEEAL_gammaimcgdag 		 1
EAERW_gammaimcgdag  		 1
EAEUS_gammaimcgdag  		 1
EAEEAA_gammaimig    		 0
EAEEAB_gammaimig    		 0
EAEEAC_gammaimig    		 0
EAEEAD_gammaimig    		 0
EAEEAF_gammaimig    		 0
EAEEAG_gammaimig    		 0
EAEEAH_gammaimig    		 0
EAEEAI_gammaimig    		 0
EAEEAJ_gammaimig    		 0
EAEEAK_gammaimig    		 0
EAEEAL_gammaimig    		 0
EAERW_gammaimig     		 0
EAEUS_gammaimig     		 0
EAEEAA_gammaimigdag 		 1
EAEEAB_gammaimigdag 		 1
EAEEAC_gammaimigdag 		 1
EAEEAD_gammaimigdag 		 1
EAEEAF_gammaimigdag 		 1
EAEEAG_gammaimigdag 		 1
EAEEAH_gammaimigdag 		 1
EAEEAI_gammaimigdag 		 1
EAEEAJ_gammaimigdag 		 1
EAEEAK_gammaimigdag 		 1
EAEEAL_gammaimigdag 		 1
EAERW_gammaimigdag  		 1
EAEUS_gammaimigdag  		 1
EAE_gx              		 5.50278
EAEEAA_im           		 0.125873
EAEEAB_im           		 0.125873
EAEEAC_im           		 0.125873
EAEEAD_im           		 0.125873
EAEEAF_im           		 0.125873
EAEEAG_im           		 0.125873
EAEEAH_im           		 0.125873
EAEEAI_im           		 0.125873
EAEEAJ_im           		 0.125873
EAEEAK_im           		 0.125873
EAEEAL_im           		 0.123473
EAERW_im            		 0.134495
EAEUS_im            		 0.061668
EAEEAA_imc          		 0.0572825
EAEEAB_imc          		 0.0572825
EAEEAC_imc          		 0.0572825
EAEEAD_imc          		 0.0572825
EAEEAF_imc          		 0.0572825
EAEEAG_imc          		 0.0572825
EAEEAH_imc          		 0.0572825
EAEEAI_imc          		 0.0572825
EAEEAJ_imc          		 0.0572825
EAEEAK_imc          		 0.0572825
EAEEAL_imc          		 0.0561906
EAERW_imc           		 0.0612062
EAEUS_imc           		 0.028064
EAEEAC_imcy         		 0.0144083
EAEEAA_imi          		 0.0395263
EAEEAB_imi          		 0.0395263
EAEEAC_imi          		 0.0395263
EAEEAD_imi          		 0.0395263
EAEEAF_imi          		 0.0395263
EAEEAG_imi          		 0.0395263
EAEEAH_imi          		 0.0395263
EAEEAI_imi          		 0.0395263
EAEEAJ_imi          		 0.0395263
EAEEAK_imi          		 0.0395263
EAEEAL_imi          		 0.0387728
EAERW_imi           		 0.0422337
EAEUS_imi           		 0.0193648
EAEEAC_imiy         		 0.00994209
EAEEAA_imcg         		 0.0242201
EAEEAB_imcg         		 0.0242201
EAEEAC_imcg         		 0.0242201
EAEEAD_imcg         		 0.0242201
EAEEAF_imcg         		 0.0242201
EAEEAG_imcg         		 0.0242201
EAEEAH_imcg         		 0.0242201
EAEEAI_imcg         		 0.0242201
EAEEAJ_imcg         		 0.0242201
EAEEAK_imcg         		 0.0242201
EAEEAL_imcg         		 0.0237584
EAERW_imcg          		 0.0258791
EAEUS_imcg          		 0.011866
EAEEAC_imcgy        		 0.00609211
EAEEAA_imig         		 0.00484402
EAEEAB_imig         		 0.00484402
EAEEAC_imig         		 0.00484402
EAEEAD_imig         		 0.00484402
EAEEAF_imig         		 0.00484402
EAEEAG_imig         		 0.00484402
EAEEAH_imig         		 0.00484402
EAEEAI_imig         		 0.00484402
EAEEAJ_imig         		 0.00484402
EAEEAK_imig         		 0.00484402
EAEEAL_imig         		 0.00475168
EAERW_imig          		 0.00517582
EAEUS_imig          		 0.0023732
EAEEAC_imigy        		 0.00121842
EAE_piex            		 1.00496
EAE_pextilde        		 0.87687
EAEEAA_rer          		 1
EAEEAB_rer          		 1
EAEEAC_rer          		 1
EAEEAD_rer          		 1
EAEEAF_rer          		 1
EAEEAG_rer          		 1
EAEEAH_rer          		 1
EAEEAI_rer          		 1
EAEEAJ_rer          		 1
EAEEAK_rer          		 1
EAEEAL_rer          		 1.00491
EAERW_rer           		 0.900807
EAEUS_rer           		 1.19419
EAE_sx              		 1
EAEEAA_tot          		 1
EAEEAB_tot          		 1
EAEEAC_tot          		 1
EAEEAD_tot          		 1
EAEEAF_tot          		 1
EAEEAG_tot          		 1
EAEEAH_tot          		 1
EAEEAI_tot          		 1
EAEEAJ_tot          		 1
EAEEAK_tot          		 1
EAEEAL_tot          		 1.00773
EAERW_tot           		 0.973847
EAEUS_tot           		 1.3303
EAEEAA_weight       		 0.0783525
EAEEAB_weight       		 0.0783525
EAEEAC_weight       		 0.0783525
EAEEAD_weight       		 0.0783525
EAEEAF_weight       		 0.0783525
EAEEAG_weight       		 0.0783525
EAEEAH_weight       		 0.0783525
EAEEAI_weight       		 0.0783525
EAEEAJ_weight       		 0.0783525
EAEEAK_weight       		 0.0783525
EAEEAL_weight       		 0.0779231
EAERW_weight        		 0.082814
EAEUS_weight        		 0.0557378
EAEEAA_weightex     		 0.077848
EAEEAB_weightex     		 0.077848
EAEEAC_weightex     		 0.077848
EAEEAD_weightex     		 0.077848
EAEEAF_weightex     		 0.077848
EAEEAG_weightex     		 0.077848
EAEEAH_weightex     		 0.077848
EAEEAI_weightex     		 0.077848
EAEEAJ_weightex     		 0.077848
EAEEAK_weightex     		 0.077848
EAEEAL_weightex     		 0.0778925
EAERW_weightex      		 0.0835674
EAEUS_weightex      		 0.0600598
EAEEAA_weightim     		 0.0788593
EAEEAB_weightim     		 0.0788593
EAEEAC_weightim     		 0.0788593
EAEEAD_weightim     		 0.0788593
EAEEAF_weightim     		 0.0788593
EAEEAG_weightim     		 0.0788593
EAEEAH_weightim     		 0.0788593
EAEEAI_weightim     		 0.0788593
EAEEAJ_weightim     		 0.0788593
EAEEAK_weightim     		 0.0788593
EAEEAL_weightim     		 0.0779539
EAERW_weightim      		 0.0820572
EAEUS_weightim      		 0.051396
EAE_b               		 8.36671
EAE_bf              		 -0.44006
EAE_by              		 2.4
EAE_c               		 1.88624
EAE_ci              		 2.14913
EAE_cj              		 1.09759
EAE_cy              		 0.541071
EAE_d               		 0.216018
EAE_dn              		 0.216018
EAE_dt              		 -3.08405e-09
EAE_etot            		 1.01442
EAE_ex              		 1.60352
EAE_fh              		 5.83127
EAE_fi              		 8.77493
EAE_fj              		 0.324997
EAE_fn              		 11.3157
EAE_cg              		 0.754007
EAE_gammab          		 0
EAE_gammai          		 0
EAE_gammaider       		 0
EAE_gammau          		 0
EAE_gammauder       		 0.0324171
EAE_gammav          		 0.000197578
EAE_gammavi         		 0.000104746
EAE_gammavider      		 0.00232797
EAE_gammavj         		 0.000104746
EAE_gammavjder      		 0.00232797
EAE_gh              		 6.99753
EAE_gi              		 5.08056
EAE_gj              		 3.316
EAE_gn              		 16.9735
EAE_cgy             		 0.2
EAE_ht              		 0.692463
EAE_htc             		 0.186168
EAE_hti             		 0.12846
EAE_htcg            		 0.314862
EAE_htig            		 0.0629723
EAE_i               		 0.806245
EAE_ig              		 0.150801
EAE_ii              		 1.07499
EAE_im              		 1.56994
EAE_imc             		 0.71445
EAE_imi             		 0.492987
EAE_imcg            		 0.302083
EAE_imig            		 0.0604166
EAE_imy             		 0.401487
EAE_internalrer     		 1.23358
EAE_igy             		 0.04
EAE_k               		 32.2498
EAE_kd              		 32.2498
EAE_kdn             		 12.3949
EAE_kdt             		 19.8549
EAE_ki              		 42.9997
EAE_lambdai         		 1.30508
EAE_lambdaj         		 2.5554
EAE_lcy             		 0.656625
EAE_m               		 0.821791
EAE_mcn             		 0.730725
EAE_mct             		 0.730725
EAE_mi              		 0.936324
EAE_mj              		 0.478192
EAE_nd              		 1.91962
EAE_ndi             		 0.910731
EAE_ndj             		 1.09851
EAE_ndn             		 0.737784
EAE_ndt             		 1.18183
EAE_ni              		 0.910731
EAE_nj              		 1.09851
EAE_nt              		 1.34373
EAE_ntc             		 0.991022
EAE_nti             		 0.186499
EAE_ntcg            		 0.13851
EAE_ntig            		 0.027702
EAE_pex             		 0.87687
EAE_pht             		 0.87687
EAE_phttilde        		 0.87687
EAE_pi              		 0.93839
EAE_pcg             		 0.924694
EAE_pig             		 0.924694
EAE_pic             		 1.00496
EAE_pic4            		 1.02
EAE_piex4           		 1.02
EAE_piht            		 1.00496
EAE_piimc           		 1.00496
EAE_piimi           		 1.00496
EAE_piimcg          		 1.00496
EAE_piimig          		 1.00496
EAE_piimc4          		 1.02
EAE_pim             		 0.891524
EAE_pimc            		 0.891524
EAE_pimi            		 0.891524
EAE_pimcg           		 0.891524
EAE_pimig           		 0.891524
EAE_pint            		 1.00496
EAE_piw             		 1.00496
EAE_piw4            		 1.02
EAE_pnt             		 1.09609
EAE_pnttilde        		 1.09609
EAE_pttc            		 0.888544
EAE_ptti            		 0.888544
EAE_pttcg           		 0.884121
EAE_pttig           		 0.884121
EAE_py              		 0.957802
EAE_q               		 0.93839
EAE_qc              		 1.88644
EAE_qi              		 0.806245
EAE_qcg             		 0.754007
EAE_qig             		 0.150801
EAE_r               		 1.01242
EAE_reer            		 1.00162
EAE_rer             		 1.19419
EAE_rerdep          		 1
EAE_rk              		 0.0304198
EAE_rp              		 0
EAE_rr              		 1.00742
EAE_rrstar          		 1.00742
EAE_sh              		 1
EAE_si              		 1
EAE_sj              		 1
EAE_snt             		 1
EAE_t               		 0
EAE_tauc            		 0.183
EAE_taud            		 0
EAE_tauk            		 0
EAE_taun            		 0.122
EAE_tauwf           		 0.219
EAE_tauwh           		 0.118
EAE_tb              		 0.00644541
EAE_tby             		 0.00184887
EAE_ti              		 0
EAE_tj              		 0
EAE_tot             		 1.3303
EAE_tr              		 0.313196
EAE_tri             		 0.208798
EAE_trj             		 0.626393
EAE_try             		 0.089839
EAE_ttc             		 0.900568
EAE_tti             		 0.621413
EAE_ttcg            		 0.616891
EAE_ttig            		 0.123378
EAE_ty              		 0
EAE_u               		 1
EAE_utili           		 -93.8153
EAE_utilj           		 -210.899
EAE_vj              		 2.29529
EAE_w               		 0.978233
EAE_wcst            		 0
EAE_whty            		 0.574241
EAE_wi              		 1.08736
EAE_witilde         		 1.08736
EAE_wj              		 0.807945
EAE_wjtilde         		 0.807945
EAE_wnty            		 0.490019
EAE_wy              		 0.538658
EAE_y               		 3.63972
EAE_ygap            		 0
EAE_ygrowth         		 1
EAE_ygrowth4        		 1
EAE_yhty            		 0.577512
EAE_ynty            		 0.422488
EAE_yshare          		 0.067566
EAE_ysn             		 1.34373
EAE_yst             		 2.29598
EAE_zcon            		 1
EAE_zinv            		 1
EAE_zn              		 1
EAE_zt              		 1
EAE_gammav1         		 0.0308642
EAE_gammav2         		 0.150338
EAE_nutc            		 0.2
EAE_nuti            		 0.2
EAE_nutcg           		 0.5
EAE_nutig           		 0.5
EAE_psit            		 0.2
EAEEAA_rerbar       		 1
EAEEAB_rerbar       		 1
EAEEAC_rerbar       		 1
EAEEAD_rerbar       		 1
EAEEAF_rerbar       		 1
EAEEAG_rerbar       		 1
EAEEAH_rerbar       		 1
EAEEAI_rerbar       		 1
EAEEAJ_rerbar       		 1
EAEEAK_rerbar       		 1
EAEEAL_rerbar       		 1.00491
EAERW_rerbar        		 0.900807
EAEUS_rerbar        		 1.19419
EAE_pibar           		 0.93839
EAE_psinbar         		 0.376245
EAE_psitbar         		 0.459197
EAE_pybar           		 0.957802
EAE_qbar            		 0.93839
EAE_trybar          		 0.0898407
EAE_ybar            		 3.63972
EAE_ynbar           		 1.34373
EAE_ytbar           		 2.29598
EAFEAA_excy         		 0.0144083
EAFEAB_excy         		 0.0144083
EAFEAC_excy         		 0.0144083
EAFEAD_excy         		 0.0144083
EAFEAE_excy         		 0.0144083
EAFEAG_excy         		 0.0144083
EAFEAH_excy         		 0.0144083
EAFEAI_excy         		 0.0144083
EAFEAJ_excy         		 0.0144083
EAFEAK_excy         		 0.0144083
EAFEAL_excy         		 0.0147115
EAFRW_excy          		 0.0148446
EAFUS_excy          		 0.00533722
EAFEAA_exiy         		 0.00994209
EAFEAB_exiy         		 0.00994209
EAFEAC_exiy         		 0.00994209
EAFEAD_exiy         		 0.00994209
EAFEAE_exiy         		 0.00994209
EAFEAG_exiy         		 0.00994209
EAFEAH_exiy         		 0.00994209
EAFEAI_exiy         		 0.00994209
EAFEAJ_exiy         		 0.00994209
EAFEAK_exiy         		 0.00994209
EAFEAL_exiy         		 0.0100072
EAFRW_exiy          		 0.011593
EAFUS_exiy          		 0.00422401
EAF_fx              		 4.58565
EAFEAA_gammaimc     		 0
EAFEAB_gammaimc     		 0
EAFEAC_gammaimc     		 0
EAFEAD_gammaimc     		 0
EAFEAE_gammaimc     		 0
EAFEAG_gammaimc     		 0
EAFEAH_gammaimc     		 0
EAFEAI_gammaimc     		 0
EAFEAJ_gammaimc     		 0
EAFEAK_gammaimc     		 0
EAFEAL_gammaimc     		 0
EAFRW_gammaimc      		 0
EAFUS_gammaimc      		 0
EAFEAA_gammaimcdag  		 1
EAFEAB_gammaimcdag  		 1
EAFEAC_gammaimcdag  		 1
EAFEAD_gammaimcdag  		 1
EAFEAE_gammaimcdag  		 1
EAFEAG_gammaimcdag  		 1
EAFEAH_gammaimcdag  		 1
EAFEAI_gammaimcdag  		 1
EAFEAJ_gammaimcdag  		 1
EAFEAK_gammaimcdag  		 1
EAFEAL_gammaimcdag  		 1
EAFRW_gammaimcdag   		 1
EAFUS_gammaimcdag   		 1
EAFEAA_gammaimi     		 0
EAFEAB_gammaimi     		 0
EAFEAC_gammaimi     		 0
EAFEAD_gammaimi     		 0
EAFEAE_gammaimi     		 0
EAFEAG_gammaimi     		 0
EAFEAH_gammaimi     		 0
EAFEAI_gammaimi     		 0
EAFEAJ_gammaimi     		 0
EAFEAK_gammaimi     		 0
EAFEAL_gammaimi     		 0
EAFRW_gammaimi      		 0
EAFUS_gammaimi      		 0
EAFEAA_gammaimidag  		 1
EAFEAB_gammaimidag  		 1
EAFEAC_gammaimidag  		 1
EAFEAD_gammaimidag  		 1
EAFEAE_gammaimidag  		 1
EAFEAG_gammaimidag  		 1
EAFEAH_gammaimidag  		 1
EAFEAI_gammaimidag  		 1
EAFEAJ_gammaimidag  		 1
EAFEAK_gammaimidag  		 1
EAFEAL_gammaimidag  		 1
EAFRW_gammaimidag   		 1
EAFUS_gammaimidag   		 1
EAFEAA_gammaimcg    		 0
EAFEAB_gammaimcg    		 0
EAFEAC_gammaimcg    		 0
EAFEAD_gammaimcg    		 0
EAFEAE_gammaimcg    		 0
EAFEAG_gammaimcg    		 0
EAFEAH_gammaimcg    		 0
EAFEAI_gammaimcg    		 0
EAFEAJ_gammaimcg    		 0
EAFEAK_gammaimcg    		 0
EAFEAL_gammaimcg    		 0
EAFRW_gammaimcg     		 0
EAFUS_gammaimcg     		 0
EAFEAA_gammaimcgdag 		 1
EAFEAB_gammaimcgdag 		 1
EAFEAC_gammaimcgdag 		 1
EAFEAD_gammaimcgdag 		 1
EAFEAE_gammaimcgdag 		 1
EAFEAG_gammaimcgdag 		 1
EAFEAH_gammaimcgdag 		 1
EAFEAI_gammaimcgdag 		 1
EAFEAJ_gammaimcgdag 		 1
EAFEAK_gammaimcgdag 		 1
EAFEAL_gammaimcgdag 		 1
EAFRW_gammaimcgdag  		 1
EAFUS_gammaimcgdag  		 1
EAFEAA_gammaimig    		 0
EAFEAB_gammaimig    		 0
EAFEAC_gammaimig    		 0
EAFEAD_gammaimig    		 0
EAFEAE_gammaimig    		 0
EAFEAG_gammaimig    		 0
EAFEAH_gammaimig    		 0
EAFEAI_gammaimig    		 0
EAFEAJ_gammaimig    		 0
EAFEAK_gammaimig    		 0
EAFEAL_gammaimig    		 0
EAFRW_gammaimig     		 0
EAFUS_gammaimig     		 0
EAFEAA_gammaimigdag 		 1
EAFEAB_gammaimigdag 		 1
EAFEAC_gammaimigdag 		 1
EAFEAD_gammaimigdag 		 1
EAFEAE_gammaimigdag 		 1
EAFEAG_gammaimigdag 		 1
EAFEAH_gammaimigdag 		 1
EAFEAI_gammaimigdag 		 1
EAFEAJ_gammaimigdag 		 1
EAFEAK_gammaimigdag 		 1
EAFEAL_gammaimigdag 		 1
EAFRW_gammaimigdag  		 1
EAFUS_gammaimigdag  		 1
EAF_gx              		 5.50278
EAFEAA_im           		 0.125873
EAFEAB_im           		 0.125873
EAFEAC_im           		 0.125873
EAFEAD_im           		 0.125873
EAFEAE_im           		 0.125873
EAFEAG_im           		 0.125873
EAFEAH_im           		 0.125873
EAFEAI_im           		 0.125873
EAFEAJ_im           		 0.125873
EAFEAK_im           		 0.125873
EAFEAL_im           		 0.123473
EAFRW_im            		 0.134495
EAFUS_im            		 0.061668
EAFEAA_imc          		 0.0572825
EAFEAB_imc          		 0.0572825
EAFEAC_imc          		 0.0572825
EAFEAD_imc          		 0.0572825
EAFEAE_imc          		 0.0572825
EAFEAG_imc          		 0.0572825
EAFEAH_imc          		 0.0572825
EAFEAI_imc          		 0.0572825
EAFEAJ_imc          		 0.0572825
EAFEAK_imc          		 0.0572825
EAFEAL_imc          		 0.0561906
EAFRW_imc           		 0.0612062
EAFUS_imc           		 0.028064
EAFEAD_imcy         		 0.0144083
EAFEAA_imi          		 0.0395263
EAFEAB_imi          		 0.0395263
EAFEAC_imi          		 0.0395263
EAFEAD_imi          		 0.0395263
EAFEAE_imi          		 0.0395263
EAFEAG_imi          		 0.0395263
EAFEAH_imi          		 0.0395263
EAFEAI_imi          		 0.0395263
EAFEAJ_imi          		 0.0395263
EAFEAK_imi          		 0.0395263
EAFEAL_imi          		 0.0387728
EAFRW_imi           		 0.0422337
EAFUS_imi           		 0.0193648
EAFEAD_imiy         		 0.00994209
EAFEAA_imcg         		 0.0242201
EAFEAB_imcg         		 0.0242201
EAFEAC_imcg         		 0.0242201
EAFEAD_imcg         		 0.0242201
EAFEAE_imcg         		 0.0242201
EAFEAG_imcg         		 0.0242201
EAFEAH_imcg         		 0.0242201
EAFEAI_imcg         		 0.0242201
EAFEAJ_imcg         		 0.0242201
EAFEAK_imcg         		 0.0242201
EAFEAL_imcg         		 0.0237584
EAFRW_imcg          		 0.0258791
EAFUS_imcg          		 0.011866
EAFEAD_imcgy        		 0.00609211
EAFEAA_imig         		 0.00484402
EAFEAB_imig         		 0.00484402
EAFEAC_imig         		 0.00484402
EAFEAD_imig         		 0.00484402
EAFEAE_imig         		 0.00484402
EAFEAG_imig         		 0.00484402
EAFEAH_imig         		 0.00484402
EAFEAI_imig         		 0.00484402
EAFEAJ_imig         		 0.00484402
EAFEAK_imig         		 0.00484402
EAFEAL_imig         		 0.00475168
EAFRW_imig          		 0.00517582
EAFUS_imig          		 0.0023732
EAFEAD_imigy        		 0.00121842
EAF_piex            		 1.00496
EAF_pextilde        		 0.87687
EAFEAA_rer          		 1
EAFEAB_rer          		 1
EAFEAC_rer          		 1
EAFEAD_rer          		 1
EAFEAE_rer          		 1
EAFEAG_rer          		 1
EAFEAH_rer          		 1
EAFEAI_rer          		 1
EAFEAJ_rer          		 1
EAFEAK_rer          		 1
EAFEAL_rer          		 1.00491
EAFRW_rer           		 0.900807
EAFUS_rer           		 1.19419
EAF_sx              		 1
EAFEAA_tot          		 1
EAFEAB_tot          		 1
EAFEAC_tot          		 1
EAFEAD_tot          		 1
EAFEAE_tot          		 1
EAFEAG_tot          		 1
EAFEAH_tot          		 1
EAFEAI_tot          		 1
EAFEAJ_tot          		 1
EAFEAK_tot          		 1
EAFEAL_tot          		 1.00773
EAFRW_tot           		 0.973847
EAFUS_tot           		 1.3303
EAFEAA_weight       		 0.0783525
EAFEAB_weight       		 0.0783525
EAFEAC_weight       		 0.0783525
EAFEAD_weight       		 0.0783525
EAFEAE_weight       		 0.0783525
EAFEAG_weight       		 0.0783525
EAFEAH_weight       		 0.0783525
EAFEAI_weight       		 0.0783525
EAFEAJ_weight       		 0.0783525
EAFEAK_weight       		 0.0783525
EAFEAL_weight       		 0.0779231
EAFRW_weight        		 0.082814
EAFUS_weight        		 0.0557378
EAFEAA_weightex     		 0.077848
EAFEAB_weightex     		 0.077848
EAFEAC_weightex     		 0.077848
EAFEAD_weightex     		 0.077848
EAFEAE_weightex     		 0.077848
EAFEAG_weightex     		 0.077848
EAFEAH_weightex     		 0.077848
EAFEAI_weightex     		 0.077848
EAFEAJ_weightex     		 0.077848
EAFEAK_weightex     		 0.077848
EAFEAL_weightex     		 0.0778925
EAFRW_weightex      		 0.0835674
EAFUS_weightex      		 0.0600598
EAFEAA_weightim     		 0.0788593
EAFEAB_weightim     		 0.0788593
EAFEAC_weightim     		 0.0788593
EAFEAD_weightim     		 0.0788593
EAFEAE_weightim     		 0.0788593
EAFEAG_weightim     		 0.0788593
EAFEAH_weightim     		 0.0788593
EAFEAI_weightim     		 0.0788593
EAFEAJ_weightim     		 0.0788593
EAFEAK_weightim     		 0.0788593
EAFEAL_weightim     		 0.0779539
EAFRW_weightim      		 0.0820572
EAFUS_weightim      		 0.051396
EAF_b               		 8.36671
EAF_bf              		 -0.44006
EAF_by              		 2.4
EAF_c               		 1.88624
EAF_ci              		 2.14913
EAF_cj              		 1.09759
EAF_cy              		 0.541071
EAF_d               		 0.216018
EAF_dn              		 0.216018
EAF_dt              		 -3.08409e-09
EAF_etot            		 1.01442
EAF_ex              		 1.60352
EAF_fh              		 5.83127
EAF_fi              		 8.77493
EAF_fj              		 0.324997
EAF_fn              		 11.3157
EAF_cg              		 0.754007
EAF_gammab          		 0
EAF_gammai          		 0
EAF_gammaider       		 0
EAF_gammau          		 0
EAF_gammauder       		 0.0324171
EAF_gammav          		 0.000197578
EAF_gammavi         		 0.000104746
EAF_gammavider      		 0.00232797
EAF_gammavj         		 0.000104746
EAF_gammavjder      		 0.00232797
EAF_gh              		 6.99753
EAF_gi              		 5.08056
EAF_gj              		 3.316
EAF_gn              		 16.9735
EAF_cgy             		 0.2
EAF_ht              		 0.692463
EAF_htc             		 0.186168
EAF_hti             		 0.12846
EAF_htcg            		 0.314862
EAF_htig            		 0.0629723
EAF_i               		 0.806245
EAF_ig              		 0.150801
EAF_ii              		 1.07499
EAF_im              		 1.56994
EAF_imc             		 0.71445
EAF_imi             		 0.492987
EAF_imcg            		 0.302083
EAF_imig            		 0.0604166
EAF_imy             		 0.401487
EAF_internalrer     		 1.23358
EAF_igy             		 0.04
EAF_k               		 32.2498
EAF_kd              		 32.2498
EAF_kdn             		 12.3949
EAF_kdt             		 19.8549
EAF_ki              		 42.9997
EAF_lambdai         		 1.30508
EAF_lambdaj         		 2.5554
EAF_lcy             		 0.656625
EAF_m               		 0.821791
EAF_mcn             		 0.730725
EAF_mct             		 0.730725
EAF_mi              		 0.936324
EAF_mj              		 0.478192
EAF_nd              		 1.91962
EAF_ndi             		 0.910731
EAF_ndj             		 1.09851
EAF_ndn             		 0.737784
EAF_ndt             		 1.18183
EAF_ni              		 0.910731
EAF_nj              		 1.09851
EAF_nt              		 1.34373
EAF_ntc             		 0.991022
EAF_nti             		 0.186499
EAF_ntcg            		 0.13851
EAF_ntig            		 0.027702
EAF_pex             		 0.87687
EAF_pht             		 0.87687
EAF_phttilde        		 0.87687
EAF_pi              		 0.93839
EAF_pcg             		 0.924694
EAF_pig             		 0.924694
EAF_pic             		 1.00496
EAF_pic4            		 1.02
EAF_piex4           		 1.02
EAF_piht            		 1.00496
EAF_piimc           		 1.00496
EAF_piimi           		 1.00496
EAF_piimcg          		 1.00496
EAF_piimig          		 1.00496
EAF_piimc4          		 1.02
EAF_pim             		 0.891524
EAF_pimc            		 0.891524
EAF_pimi            		 0.891524
EAF_pimcg           		 0.891524
EAF_pimig           		 0.891524
EAF_pint            		 1.00496
EAF_piw             		 1.00496
EAF_piw4            		 1.02
EAF_pnt             		 1.09609
EAF_pnttilde        		 1.09609
EAF_pttc            		 0.888544
EAF_ptti            		 0.888544
EAF_pttcg           		 0.884121
EAF_pttig           		 0.884121
EAF_py              		 0.957802
EAF_q               		 0.93839
EAF_qc              		 1.88644
EAF_qi              		 0.806245
EAF_qcg             		 0.754007
EAF_qig             		 0.150801
EAF_r               		 1.01242
EAF_reer            		 1.00162
EAF_rer             		 1.19419
EAF_rerdep          		 1
EAF_rk              		 0.0304198
EAF_rp              		 0
EAF_rr              		 1.00742
EAF_rrstar          		 1.00742
EAF_sh              		 1
EAF_si              		 1
EAF_sj              		 1
EAF_snt             		 1
EAF_t               		 0
EAF_tauc            		 0.183
EAF_taud            		 0
EAF_tauk            		 0
EAF_taun            		 0.122
EAF_tauwf           		 0.219
EAF_tauwh           		 0.118
EAF_tb              		 0.00644541
EAF_tby             		 0.00184887
EAF_ti              		 0
EAF_tj              		 0
EAF_tot             		 1.3303
EAF_tr              		 0.313196
EAF_tri             		 0.208798
EAF_trj             		 0.626393
EAF_try             		 0.089839
EAF_ttc             		 0.900568
EAF_tti             		 0.621413
EAF_ttcg            		 0.616891
EAF_ttig            		 0.123378
EAF_ty              		 0
EAF_u               		 1
EAF_utili           		 -93.8153
EAF_utilj           		 -210.899
EAF_vj              		 2.29529
EAF_w               		 0.978233
EAF_wcst            		 0
EAF_whty            		 0.574241
EAF_wi              		 1.08736
EAF_witilde         		 1.08736
EAF_wj              		 0.807945
EAF_wjtilde         		 0.807945
EAF_wnty            		 0.490019
EAF_wy              		 0.538658
EAF_y               		 3.63972
EAF_ygap            		 0
EAF_ygrowth         		 1
EAF_ygrowth4        		 1
EAF_yhty            		 0.577512
EAF_ynty            		 0.422488
EAF_yshare          		 0.067566
EAF_ysn             		 1.34373
EAF_yst             		 2.29598
EAF_zcon            		 1
EAF_zinv            		 1
EAF_zn              		 1
EAF_zt              		 1
EAF_gammav1         		 0.0308642
EAF_gammav2         		 0.150338
EAF_nutc            		 0.2
EAF_nuti            		 0.2
EAF_nutcg           		 0.5
EAF_nutig           		 0.5
EAF_psit            		 0.2
EAFEAA_rerbar       		 1
EAFEAB_rerbar       		 1
EAFEAC_rerbar       		 1
EAFEAD_rerbar       		 1
EAFEAE_rerbar       		 1
EAFEAG_rerbar       		 1
EAFEAH_rerbar       		 1
EAFEAI_rerbar       		 1
EAFEAJ_rerbar       		 1
EAFEAK_rerbar       		 1
EAFEAL_rerbar       		 1.00491
EAFRW_rerbar        		 0.900807
EAFUS_rerbar        		 1.19419
EAF_pibar           		 0.93839
EAF_psinbar         		 0.376245
EAF_psitbar         		 0.459197
EAF_pybar           		 0.957802
EAF_qbar            		 0.93839
EAF_trybar          		 0.0898407
EAF_ybar            		 3.63972
EAF_ynbar           		 1.34373
EAF_ytbar           		 2.29598
EAGEAA_excy         		 0.0144083
EAGEAB_excy         		 0.0144083
EAGEAC_excy         		 0.0144083
EAGEAD_excy         		 0.0144083
EAGEAE_excy         		 0.0144083
EAGEAF_excy         		 0.0144083
EAGEAH_excy         		 0.0144083
EAGEAI_excy         		 0.0144083
EAGEAJ_excy         		 0.0144083
EAGEAK_excy         		 0.0144083
EAGEAL_excy         		 0.0147115
EAGRW_excy          		 0.0148446
EAGUS_excy          		 0.00533722
EAGEAA_exiy         		 0.00994209
EAGEAB_exiy         		 0.00994209
EAGEAC_exiy         		 0.00994209
EAGEAD_exiy         		 0.00994209
EAGEAE_exiy         		 0.00994209
EAGEAF_exiy         		 0.00994209
EAGEAH_exiy         		 0.00994209
EAGEAI_exiy         		 0.00994209
EAGEAJ_exiy         		 0.00994209
EAGEAK_exiy         		 0.00994209
EAGEAL_exiy         		 0.0100072
EAGRW_exiy          		 0.011593
EAGUS_exiy          		 0.00422401
EAG_fx              		 4.58565
EAGEAA_gammaimc     		 0
EAGEAB_gammaimc     		 0
EAGEAC_gammaimc     		 0
EAGEAD_gammaimc     		 0
EAGEAE_gammaimc     		 0
EAGEAF_gammaimc     		 0
EAGEAH_gammaimc     		 0
EAGEAI_gammaimc     		 0
EAGEAJ_gammaimc     		 0
EAGEAK_gammaimc     		 0
EAGEAL_gammaimc     		 0
EAGRW_gammaimc      		 0
EAGUS_gammaimc      		 0
EAGEAA_gammaimcdag  		 1
EAGEAB_gammaimcdag  		 1
EAGEAC_gammaimcdag  		 1
EAGEAD_gammaimcdag  		 1
EAGEAE_gammaimcdag  		 1
EAGEAF_gammaimcdag  		 1
EAGEAH_gammaimcdag  		 1
EAGEAI_gammaimcdag  		 1
EAGEAJ_gammaimcdag  		 1
EAGEAK_gammaimcdag  		 1
EAGEAL_gammaimcdag  		 1
EAGRW_gammaimcdag   		 1
EAGUS_gammaimcdag   		 1
EAGEAA_gammaimi     		 0
EAGEAB_gammaimi     		 0
EAGEAC_gammaimi     		 0
EAGEAD_gammaimi     		 0
EAGEAE_gammaimi     		 0
EAGEAF_gammaimi     		 0
EAGEAH_gammaimi     		 0
EAGEAI_gammaimi     		 0
EAGEAJ_gammaimi     		 0
EAGEAK_gammaimi     		 0
EAGEAL_gammaimi     		 0
EAGRW_gammaimi      		 0
EAGUS_gammaimi      		 0
EAGEAA_gammaimidag  		 1
EAGEAB_gammaimidag  		 1
EAGEAC_gammaimidag  		 1
EAGEAD_gammaimidag  		 1
EAGEAE_gammaimidag  		 1
EAGEAF_gammaimidag  		 1
EAGEAH_gammaimidag  		 1
EAGEAI_gammaimidag  		 1
EAGEAJ_gammaimidag  		 1
EAGEAK_gammaimidag  		 1
EAGEAL_gammaimidag  		 1
EAGRW_gammaimidag   		 1
EAGUS_gammaimidag   		 1
EAGEAA_gammaimcg    		 0
EAGEAB_gammaimcg    		 0
EAGEAC_gammaimcg    		 0
EAGEAD_gammaimcg    		 0
EAGEAE_gammaimcg    		 0
EAGEAF_gammaimcg    		 0
EAGEAH_gammaimcg    		 0
EAGEAI_gammaimcg    		 0
EAGEAJ_gammaimcg    		 0
EAGEAK_gammaimcg    		 0
EAGEAL_gammaimcg    		 0
EAGRW_gammaimcg     		 0
EAGUS_gammaimcg     		 0
EAGEAA_gammaimcgdag 		 1
EAGEAB_gammaimcgdag 		 1
EAGEAC_gammaimcgdag 		 1
EAGEAD_gammaimcgdag 		 1
EAGEAE_gammaimcgdag 		 1
EAGEAF_gammaimcgdag 		 1
EAGEAH_gammaimcgdag 		 1
EAGEAI_gammaimcgdag 		 1
EAGEAJ_gammaimcgdag 		 1
EAGEAK_gammaimcgdag 		 1
EAGEAL_gammaimcgdag 		 1
EAGRW_gammaimcgdag  		 1
EAGUS_gammaimcgdag  		 1
EAGEAA_gammaimig    		 0
EAGEAB_gammaimig    		 0
EAGEAC_gammaimig    		 0
EAGEAD_gammaimig    		 0
EAGEAE_gammaimig    		 0
EAGEAF_gammaimig    		 0
EAGEAH_gammaimig    		 0
EAGEAI_gammaimig    		 0
EAGEAJ_gammaimig    		 0
EAGEAK_gammaimig    		 0
EAGEAL_gammaimig    		 0
EAGRW_gammaimig     		 0
EAGUS_gammaimig     		 0
EAGEAA_gammaimigdag 		 1
EAGEAB_gammaimigdag 		 1
EAGEAC_gammaimigdag 		 1
EAGEAD_gammaimigdag 		 1
EAGEAE_gammaimigdag 		 1
EAGEAF_gammaimigdag 		 1
EAGEAH_gammaimigdag 		 1
EAGEAI_gammaimigdag 		 1
EAGEAJ_gammaimigdag 		 1
EAGEAK_gammaimigdag 		 1
EAGEAL_gammaimigdag 		 1
EAGRW_gammaimigdag  		 1
EAGUS_gammaimigdag  		 1
EAG_gx              		 5.50278
EAGEAA_im           		 0.125873
EAGEAB_im           		 0.125873
EAGEAC_im           		 0.125873
EAGEAD_im           		 0.125873
EAGEAE_im           		 0.125873
EAGEAF_im           		 0.125873
EAGEAH_im           		 0.125873
EAGEAI_im           		 0.125873
EAGEAJ_im           		 0.125873
EAGEAK_im           		 0.125873
EAGEAL_im           		 0.123473
EAGRW_im            		 0.134495
EAGUS_im            		 0.061668
EAGEAA_imc          		 0.0572825
EAGEAB_imc          		 0.0572825
EAGEAC_imc          		 0.0572825
EAGEAD_imc          		 0.0572825
EAGEAE_imc          		 0.0572825
EAGEAF_imc          		 0.0572825
EAGEAH_imc          		 0.0572825
EAGEAI_imc          		 0.0572825
EAGEAJ_imc          		 0.0572825
EAGEAK_imc          		 0.0572825
EAGEAL_imc          		 0.0561906
EAGRW_imc           		 0.0612062
EAGUS_imc           		 0.028064
EAGEAE_imcy         		 0.0144083
EAGEAA_imi          		 0.0395263
EAGEAB_imi          		 0.0395263
EAGEAC_imi          		 0.0395263
EAGEAD_imi          		 0.0395263
EAGEAE_imi          		 0.0395263
EAGEAF_imi          		 0.0395263
EAGEAH_imi          		 0.0395263
EAGEAI_imi          		 0.0395263
EAGEAJ_imi          		 0.0395263
EAGEAK_imi          		 0.0395263
EAGEAL_imi          		 0.0387728
EAGRW_imi           		 0.0422337
EAGUS_imi           		 0.0193648
EAGEAE_imiy         		 0.00994209
EAGEAA_imcg         		 0.0242201
EAGEAB_imcg         		 0.0242201
EAGEAC_imcg         		 0.0242201
EAGEAD_imcg         		 0.0242201
EAGEAE_imcg         		 0.0242201
EAGEAF_imcg         		 0.0242201
EAGEAH_imcg         		 0.0242201
EAGEAI_imcg         		 0.0242201
EAGEAJ_imcg         		 0.0242201
EAGEAK_imcg         		 0.0242201
EAGEAL_imcg         		 0.0237584
EAGRW_imcg          		 0.0258791
EAGUS_imcg          		 0.011866
EAGEAE_imcgy        		 0.00609211
EAGEAA_imig         		 0.00484402
EAGEAB_imig         		 0.00484402
EAGEAC_imig         		 0.00484402
EAGEAD_imig         		 0.00484402
EAGEAE_imig         		 0.00484402
EAGEAF_imig         		 0.00484402
EAGEAH_imig         		 0.00484402
EAGEAI_imig         		 0.00484402
EAGEAJ_imig         		 0.00484402
EAGEAK_imig         		 0.00484402
EAGEAL_imig         		 0.00475168
EAGRW_imig          		 0.00517582
EAGUS_imig          		 0.0023732
EAGEAE_imigy        		 0.00121842
EAG_piex            		 1.00496
EAG_pextilde        		 0.87687
EAGEAA_rer          		 1
EAGEAB_rer          		 1
EAGEAC_rer          		 1
EAGEAD_rer          		 1
EAGEAE_rer          		 1
EAGEAF_rer          		 1
EAGEAH_rer          		 1
EAGEAI_rer          		 1
EAGEAJ_rer          		 1
EAGEAK_rer          		 1
EAGEAL_rer          		 1.00491
EAGRW_rer           		 0.900807
EAGUS_rer           		 1.19419
EAG_sx              		 1
EAGEAA_tot          		 1
EAGEAB_tot          		 1
EAGEAC_tot          		 1
EAGEAD_tot          		 1
EAGEAE_tot          		 1
EAGEAF_tot          		 1
EAGEAH_tot          		 1
EAGEAI_tot          		 1
EAGEAJ_tot          		 1
EAGEAK_tot          		 1
EAGEAL_tot          		 1.00773
EAGRW_tot           		 0.973847
EAGUS_tot           		 1.3303
EAGEAA_weight       		 0.0783525
EAGEAB_weight       		 0.0783525
EAGEAC_weight       		 0.0783525
EAGEAD_weight       		 0.0783525
EAGEAE_weight       		 0.0783525
EAGEAF_weight       		 0.0783525
EAGEAH_weight       		 0.0783525
EAGEAI_weight       		 0.0783525
EAGEAJ_weight       		 0.0783525
EAGEAK_weight       		 0.0783525
EAGEAL_weight       		 0.0779231
EAGRW_weight        		 0.082814
EAGUS_weight        		 0.0557378
EAGEAA_weightex     		 0.077848
EAGEAB_weightex     		 0.077848
EAGEAC_weightex     		 0.077848
EAGEAD_weightex     		 0.077848
EAGEAE_weightex     		 0.077848
EAGEAF_weightex     		 0.077848
EAGEAH_weightex     		 0.077848
EAGEAI_weightex     		 0.077848
EAGEAJ_weightex     		 0.077848
EAGEAK_weightex     		 0.077848
EAGEAL_weightex     		 0.0778925
EAGRW_weightex      		 0.0835674
EAGUS_weightex      		 0.0600598
EAGEAA_weightim     		 0.0788593
EAGEAB_weightim     		 0.0788593
EAGEAC_weightim     		 0.0788593
EAGEAD_weightim     		 0.0788593
EAGEAE_weightim     		 0.0788593
EAGEAF_weightim     		 0.0788593
EAGEAH_weightim     		 0.0788593
EAGEAI_weightim     		 0.0788593
EAGEAJ_weightim     		 0.0788593
EAGEAK_weightim     		 0.0788593
EAGEAL_weightim     		 0.0779539
EAGRW_weightim      		 0.0820572
EAGUS_weightim      		 0.051396
EAG_b               		 8.36671
EAG_bf              		 -0.44006
EAG_by              		 2.4
EAG_c               		 1.88624
EAG_ci              		 2.14913
EAG_cj              		 1.09759
EAG_cy              		 0.541071
EAG_d               		 0.216018
EAG_dn              		 0.216018
EAG_dt              		 -3.08408e-09
EAG_etot            		 1.01442
EAG_ex              		 1.60352
EAG_fh              		 5.83127
EAG_fi              		 8.77493
EAG_fj              		 0.324997
EAG_fn              		 11.3157
EAG_cg              		 0.754007
EAG_gammab          		 0
EAG_gammai          		 0
EAG_gammaider       		 0
EAG_gammau          		 0
EAG_gammauder       		 0.0324171
EAG_gammav          		 0.000197578
EAG_gammavi         		 0.000104746
EAG_gammavider      		 0.00232797
EAG_gammavj         		 0.000104746
EAG_gammavjder      		 0.00232797
EAG_gh              		 6.99753
EAG_gi              		 5.08056
EAG_gj              		 3.316
EAG_gn              		 16.9735
EAG_cgy             		 0.2
EAG_ht              		 0.692463
EAG_htc             		 0.186168
EAG_hti             		 0.12846
EAG_htcg            		 0.314862
EAG_htig            		 0.0629723
EAG_i               		 0.806245
EAG_ig              		 0.150801
EAG_ii              		 1.07499
EAG_im              		 1.56994
EAG_imc             		 0.71445
EAG_imi             		 0.492987
EAG_imcg            		 0.302083
EAG_imig            		 0.0604166
EAG_imy             		 0.401487
EAG_internalrer     		 1.23358
EAG_igy             		 0.04
EAG_k               		 32.2498
EAG_kd              		 32.2498
EAG_kdn             		 12.3949
EAG_kdt             		 19.8549
EAG_ki              		 42.9997
EAG_lambdai         		 1.30508
EAG_lambdaj         		 2.5554
EAG_lcy             		 0.656625
EAG_m               		 0.821791
EAG_mcn             		 0.730725
EAG_mct             		 0.730725
EAG_mi              		 0.936324
EAG_mj              		 0.478192
EAG_nd              		 1.91962
EAG_ndi             		 0.910731
EAG_ndj             		 1.09851
EAG_ndn             		 0.737784
EAG_ndt             		 1.18183
EAG_ni              		 0.910731
EAG_nj              		 1.09851
EAG_nt              		 1.34373
EAG_ntc             		 0.991022
EAG_nti             		 0.186499
EAG_ntcg            		 0.13851
EAG_ntig            		 0.027702
EAG_pex             		 0.87687
EAG_pht             		 0.87687
EAG_phttilde        		 0.87687
EAG_pi              		 0.93839
EAG_pcg             		 0.924694
EAG_pig             		 0.924694
EAG_pic             		 1.00496
EAG_pic4            		 1.02
EAG_piex4           		 1.02
EAG_piht            		 1.00496
EAG_piimc           		 1.00496
EAG_piimi           		 1.00496
EAG_piimcg          		 1.00496
EAG_piimig          		 1.00496
EAG_piimc4          		 1.02
EAG_pim             		 0.891524
EAG_pimc            		 0.891524
EAG_pimi            		 0.891524
EAG_pimcg           		 0.891524
EAG_pimig           		 0.891524
EAG_pint            		 1.00496
EAG_piw             		 1.00496
EAG_piw4            		 1.02
EAG_pnt             		 1.09609
EAG_pnttilde        		 1.09609
EAG_pttc            		 0.888544
EAG_ptti            		 0.888544
EAG_pttcg           		 0.884121
EAG_pttig           		 0.884121
EAG_py              		 0.957802
EAG_q               		 0.93839
EAG_qc              		 1.88644
EAG_qi              		 0.806245
EAG_qcg             		 0.754007
EAG_qig             		 0.150801
EAG_r               		 1.01242
EAG_reer            		 1.00162
EAG_rer             		 1.19419
EAG_rerdep          		 1
EAG_rk              		 0.0304198
EAG_rp              		 0
EAG_rr              		 1.00742
EAG_rrstar          		 1.00742
EAG_sh              		 1
EAG_si              		 1
EAG_sj              		 1
EAG_snt             		 1
EAG_t               		 0
EAG_tauc            		 0.183
EAG_taud            		 0
EAG_tauk            		 0
EAG_taun            		 0.122
EAG_tauwf           		 0.219
EAG_tauwh           		 0.118
EAG_tb              		 0.00644541
EAG_tby             		 0.00184887
EAG_ti              		 0
EAG_tj              		 0
EAG_tot             		 1.3303
EAG_tr              		 0.313196
EAG_tri             		 0.208798
EAG_trj             		 0.626393
EAG_try             		 0.089839
EAG_ttc             		 0.900568
EAG_tti             		 0.621413
EAG_ttcg            		 0.616891
EAG_ttig            		 0.123378
EAG_ty              		 0
EAG_u               		 1
EAG_utili           		 -93.8153
EAG_utilj           		 -210.899
EAG_vj              		 2.29529
EAG_w               		 0.978233
EAG_wcst            		 0
EAG_whty            		 0.574241
EAG_wi              		 1.08736
EAG_witilde         		 1.08736
EAG_wj              		 0.807945
EAG_wjtilde         		 0.807945
EAG_wnty            		 0.490019
EAG_wy              		 0.538658
EAG_y               		 3.63972
EAG_ygap            		 0
EAG_ygrowth         		 1
EAG_ygrowth4        		 1
EAG_yhty            		 0.577512
EAG_ynty            		 0.422488
EAG_yshare          		 0.067566
EAG_ysn             		 1.34373
EAG_yst             		 2.29598
EAG_zcon            		 1
EAG_zinv            		 1
EAG_zn              		 1
EAG_zt              		 1
EAG_gammav1         		 0.0308642
EAG_gammav2         		 0.150338
EAG_nutc            		 0.2
EAG_nuti            		 0.2
EAG_nutcg           		 0.5
EAG_nutig           		 0.5
EAG_psit            		 0.2
EAGEAA_rerbar       		 1
EAGEAB_rerbar       		 1
EAGEAC_rerbar       		 1
EAGEAD_rerbar       		 1
EAGEAE_rerbar       		 1
EAGEAF_rerbar       		 1
EAGEAH_rerbar       		 1
EAGEAI_rerbar       		 1
EAGEAJ_rerbar       		 1
EAGEAK_rerbar       		 1
EAGEAL_rerbar       		 1.00491
EAGRW_rerbar        		 0.900807
EAGUS_rerbar        		 1.19419
EAG_pibar           		 0.93839
EAG_psinbar         		 0.376245
EAG_psitbar         		 0.459197
EAG_pybar           		 0.957802
EAG_qbar            		 0.93839
EAG_trybar          		 0.0898407
EAG_ybar            		 3.63972
EAG_ynbar           		 1.34373
EAG_ytbar           		 2.29598
EAHEAA_excy         		 0.0144083
EAHEAB_excy         		 0.0144083
EAHEAC_excy         		 0.0144083
EAHEAD_excy         		 0.0144083
EAHEAE_excy         		 0.0144083
EAHEAF_excy         		 0.0144083
EAHEAG_excy         		 0.0144083
EAHEAI_excy         		 0.0144083
EAHEAJ_excy         		 0.0144083
EAHEAK_excy         		 0.0144083
EAHEAL_excy         		 0.0147115
EAHRW_excy          		 0.0148446
EAHUS_excy          		 0.00533722
EAHEAA_exiy         		 0.00994209
EAHEAB_exiy         		 0.00994209
EAHEAC_exiy         		 0.00994209
EAHEAD_exiy         		 0.00994209
EAHEAE_exiy         		 0.00994209
EAHEAF_exiy         		 0.00994209
EAHEAG_exiy         		 0.00994209
EAHEAI_exiy         		 0.00994209
EAHEAJ_exiy         		 0.00994209
EAHEAK_exiy         		 0.00994209
EAHEAL_exiy         		 0.0100072
EAHRW_exiy          		 0.011593
EAHUS_exiy          		 0.00422401
EAH_fx              		 4.58565
EAHEAA_gammaimc     		 0
EAHEAB_gammaimc     		 0
EAHEAC_gammaimc     		 0
EAHEAD_gammaimc     		 0
EAHEAE_gammaimc     		 0
EAHEAF_gammaimc     		 0
EAHEAG_gammaimc     		 0
EAHEAI_gammaimc     		 0
EAHEAJ_gammaimc     		 0
EAHEAK_gammaimc     		 0
EAHEAL_gammaimc     		 0
EAHRW_gammaimc      		 0
EAHUS_gammaimc      		 0
EAHEAA_gammaimcdag  		 1
EAHEAB_gammaimcdag  		 1
EAHEAC_gammaimcdag  		 1
EAHEAD_gammaimcdag  		 1
EAHEAE_gammaimcdag  		 1
EAHEAF_gammaimcdag  		 1
EAHEAG_gammaimcdag  		 1
EAHEAI_gammaimcdag  		 1
EAHEAJ_gammaimcdag  		 1
EAHEAK_gammaimcdag  		 1
EAHEAL_gammaimcdag  		 1
EAHRW_gammaimcdag   		 1
EAHUS_gammaimcdag   		 1
EAHEAA_gammaimi     		 0
EAHEAB_gammaimi     		 0
EAHEAC_gammaimi     		 0
EAHEAD_gammaimi     		 0
EAHEAE_gammaimi     		 0
EAHEAF_gammaimi     		 0
EAHEAG_gammaimi     		 0
EAHEAI_gammaimi     		 0
EAHEAJ_gammaimi     		 0
EAHEAK_gammaimi     		 0
EAHEAL_gammaimi     		 0
EAHRW_gammaimi      		 0
EAHUS_gammaimi      		 0
EAHEAA_gammaimidag  		 1
EAHEAB_gammaimidag  		 1
EAHEAC_gammaimidag  		 1
EAHEAD_gammaimidag  		 1
EAHEAE_gammaimidag  		 1
EAHEAF_gammaimidag  		 1
EAHEAG_gammaimidag  		 1
EAHEAI_gammaimidag  		 1
EAHEAJ_gammaimidag  		 1
EAHEAK_gammaimidag  		 1
EAHEAL_gammaimidag  		 1
EAHRW_gammaimidag   		 1
EAHUS_gammaimidag   		 1
EAHEAA_gammaimcg    		 0
EAHEAB_gammaimcg    		 0
EAHEAC_gammaimcg    		 0
EAHEAD_gammaimcg    		 0
EAHEAE_gammaimcg    		 0
EAHEAF_gammaimcg    		 0
EAHEAG_gammaimcg    		 0
EAHEAI_gammaimcg    		 0
EAHEAJ_gammaimcg    		 0
EAHEAK_gammaimcg    		 0
EAHEAL_gammaimcg    		 0
EAHRW_gammaimcg     		 0
EAHUS_gammaimcg     		 0
EAHEAA_gammaimcgdag 		 1
EAHEAB_gammaimcgdag 		 1
EAHEAC_gammaimcgdag 		 1
EAHEAD_gammaimcgdag 		 1
EAHEAE_gammaimcgdag 		 1
EAHEAF_gammaimcgdag 		 1
EAHEAG_gammaimcgdag 		 1
EAHEAI_gammaimcgdag 		 1
EAHEAJ_gammaimcgdag 		 1
EAHEAK_gammaimcgdag 		 1
EAHEAL_gammaimcgdag 		 1
EAHRW_gammaimcgdag  		 1
EAHUS_gammaimcgdag  		 1
EAHEAA_gammaimig    		 0
EAHEAB_gammaimig    		 0
EAHEAC_gammaimig    		 0
EAHEAD_gammaimig    		 0
EAHEAE_gammaimig    		 0
EAHEAF_gammaimig    		 0
EAHEAG_gammaimig    		 0
EAHEAI_gammaimig    		 0
EAHEAJ_gammaimig    		 0
EAHEAK_gammaimig    		 0
EAHEAL_gammaimig    		 0
EAHRW_gammaimig     		 0
EAHUS_gammaimig     		 0
EAHEAA_gammaimigdag 		 1
EAHEAB_gammaimigdag 		 1
EAHEAC_gammaimigdag 		 1
EAHEAD_gammaimigdag 		 1
EAHEAE_gammaimigdag 		 1
EAHEAF_gammaimigdag 		 1
EAHEAG_gammaimigdag 		 1
EAHEAI_gammaimigdag 		 1
EAHEAJ_gammaimigdag 		 1
EAHEAK_gammaimigdag 		 1
EAHEAL_gammaimigdag 		 1
EAHRW_gammaimigdag  		 1
EAHUS_gammaimigdag  		 1
EAH_gx              		 5.50278
EAHEAA_im           		 0.125873
EAHEAB_im           		 0.125873
EAHEAC_im           		 0.125873
EAHEAD_im           		 0.125873
EAHEAE_im           		 0.125873
EAHEAF_im           		 0.125873
EAHEAG_im           		 0.125873
EAHEAI_im           		 0.125873
EAHEAJ_im           		 0.125873
EAHEAK_im           		 0.125873
EAHEAL_im           		 0.123473
EAHRW_im            		 0.134495
EAHUS_im            		 0.061668
EAHEAA_imc          		 0.0572825
EAHEAB_imc          		 0.0572825
EAHEAC_imc          		 0.0572825
EAHEAD_imc          		 0.0572825
EAHEAE_imc          		 0.0572825
EAHEAF_imc          		 0.0572825
EAHEAG_imc          		 0.0572825
EAHEAI_imc          		 0.0572825
EAHEAJ_imc          		 0.0572825
EAHEAK_imc          		 0.0572825
EAHEAL_imc          		 0.0561906
EAHRW_imc           		 0.0612062
EAHUS_imc           		 0.028064
EAHEAF_imcy         		 0.0144083
EAHEAA_imi          		 0.0395263
EAHEAB_imi          		 0.0395263
EAHEAC_imi          		 0.0395263
EAHEAD_imi          		 0.0395263
EAHEAE_imi          		 0.0395263
EAHEAF_imi          		 0.0395263
EAHEAG_imi          		 0.0395263
EAHEAI_imi          		 0.0395263
EAHEAJ_imi          		 0.0395263
EAHEAK_imi          		 0.0395263
EAHEAL_imi          		 0.0387728
EAHRW_imi           		 0.0422337
EAHUS_imi           		 0.0193648
EAHEAF_imiy         		 0.00994209
EAHEAA_imcg         		 0.0242201
EAHEAB_imcg         		 0.0242201
EAHEAC_imcg         		 0.0242201
EAHEAD_imcg         		 0.0242201
EAHEAE_imcg         		 0.0242201
EAHEAF_imcg         		 0.0242201
EAHEAG_imcg         		 0.0242201
EAHEAI_imcg         		 0.0242201
EAHEAJ_imcg         		 0.0242201
EAHEAK_imcg         		 0.0242201
EAHEAL_imcg         		 0.0237584
EAHRW_imcg          		 0.0258791
EAHUS_imcg          		 0.011866
EAHEAF_imcgy        		 0.00609211
EAHEAA_imig         		 0.00484402
EAHEAB_imig         		 0.00484402
EAHEAC_imig         		 0.00484402
EAHEAD_imig         		 0.00484402
EAHEAE_imig         		 0.00484402
EAHEAF_imig         		 0.00484402
EAHEAG_imig         		 0.00484402
EAHEAI_imig         		 0.00484402
EAHEAJ_imig         		 0.00484402
EAHEAK_imig         		 0.00484402
EAHEAL_imig         		 0.00475168
EAHRW_imig          		 0.00517582
EAHUS_imig          		 0.0023732
EAHEAF_imigy        		 0.00121842
EAH_piex            		 1.00496
EAH_pextilde        		 0.87687
EAHEAA_rer          		 1
EAHEAB_rer          		 1
EAHEAC_rer          		 1
EAHEAD_rer          		 1
EAHEAE_rer          		 1
EAHEAF_rer          		 1
EAHEAG_rer          		 1
EAHEAI_rer          		 1
EAHEAJ_rer          		 1
EAHEAK_rer          		 1
EAHEAL_rer          		 1.00491
EAHRW_rer           		 0.900807
EAHUS_rer           		 1.19419
EAH_sx              		 1
EAHEAA_tot          		 1
EAHEAB_tot          		 1
EAHEAC_tot          		 1
EAHEAD_tot          		 1
EAHEAE_tot          		 1
EAHEAF_tot          		 1
EAHEAG_tot          		 1
EAHEAI_tot          		 1
EAHEAJ_tot          		 1
EAHEAK_tot          		 1
EAHEAL_tot          		 1.00773
EAHRW_tot           		 0.973847
EAHUS_tot           		 1.3303
EAHEAA_weight       		 0.0783525
EAHEAB_weight       		 0.0783525
EAHEAC_weight       		 0.0783525
EAHEAD_weight       		 0.0783525
EAHEAE_weight       		 0.0783525
EAHEAF_weight       		 0.0783525
EAHEAG_weight       		 0.0783525
EAHEAI_weight       		 0.0783525
EAHEAJ_weight       		 0.0783525
EAHEAK_weight       		 0.0783525
EAHEAL_weight       		 0.0779231
EAHRW_weight        		 0.082814
EAHUS_weight        		 0.0557378
EAHEAA_weightex     		 0.077848
EAHEAB_weightex     		 0.077848
EAHEAC_weightex     		 0.077848
EAHEAD_weightex     		 0.077848
EAHEAE_weightex     		 0.077848
EAHEAF_weightex     		 0.077848
EAHEAG_weightex     		 0.077848
EAHEAI_weightex     		 0.077848
EAHEAJ_weightex     		 0.077848
EAHEAK_weightex     		 0.077848
EAHEAL_weightex     		 0.0778925
EAHRW_weightex      		 0.0835674
EAHUS_weightex      		 0.0600598
EAHEAA_weightim     		 0.0788593
EAHEAB_weightim     		 0.0788593
EAHEAC_weightim     		 0.0788593
EAHEAD_weightim     		 0.0788593
EAHEAE_weightim     		 0.0788593
EAHEAF_weightim     		 0.0788593
EAHEAG_weightim     		 0.0788593
EAHEAI_weightim     		 0.0788593
EAHEAJ_weightim     		 0.0788593
EAHEAK_weightim     		 0.0788593
EAHEAL_weightim     		 0.0779539
EAHRW_weightim      		 0.0820572
EAHUS_weightim      		 0.051396
EAH_b               		 8.36671
EAH_bf              		 -0.44006
EAH_by              		 2.4
EAH_c               		 1.88624
EAH_ci              		 2.14913
EAH_cj              		 1.09759
EAH_cy              		 0.541071
EAH_d               		 0.216018
EAH_dn              		 0.216018
EAH_dt              		 -3.08414e-09
EAH_etot            		 1.01442
EAH_ex              		 1.60352
EAH_fh              		 5.83127
EAH_fi              		 8.77493
EAH_fj              		 0.324997
EAH_fn              		 11.3157
EAH_cg              		 0.754007
EAH_gammab          		 0
EAH_gammai          		 0
EAH_gammaider       		 0
EAH_gammau          		 0
EAH_gammauder       		 0.0324171
EAH_gammav          		 0.000197578
EAH_gammavi         		 0.000104746
EAH_gammavider      		 0.00232797
EAH_gammavj         		 0.000104746
EAH_gammavjder      		 0.00232797
EAH_gh              		 6.99753
EAH_gi              		 5.08056
EAH_gj              		 3.316
EAH_gn              		 16.9735
EAH_cgy             		 0.2
EAH_ht              		 0.692463
EAH_htc             		 0.186168
EAH_hti             		 0.12846
EAH_htcg            		 0.314862
EAH_htig            		 0.0629723
EAH_i               		 0.806245
EAH_ig              		 0.150801
EAH_ii              		 1.07499
EAH_im              		 1.56994
EAH_imc             		 0.71445
EAH_imi             		 0.492987
EAH_imcg            		 0.302083
EAH_imig            		 0.0604166
EAH_imy             		 0.401487
EAH_internalrer     		 1.23358
EAH_igy             		 0.04
EAH_k               		 32.2498
EAH_kd              		 32.2498
EAH_kdn             		 12.3949
EAH_kdt             		 19.8549
EAH_ki              		 42.9997
EAH_lambdai         		 1.30508
EAH_lambdaj         		 2.5554
EAH_lcy             		 0.656625
EAH_m               		 0.821791
EAH_mcn             		 0.730725
EAH_mct             		 0.730725
EAH_mi              		 0.936324
EAH_mj              		 0.478192
EAH_nd              		 1.91962
EAH_ndi             		 0.910731
EAH_ndj             		 1.09851
EAH_ndn             		 0.737784
EAH_ndt             		 1.18183
EAH_ni              		 0.910731
EAH_nj              		 1.09851
EAH_nt              		 1.34373
EAH_ntc             		 0.991022
EAH_nti             		 0.186499
EAH_ntcg            		 0.13851
EAH_ntig            		 0.027702
EAH_pex             		 0.87687
EAH_pht             		 0.87687
EAH_phttilde        		 0.87687
EAH_pi              		 0.93839
EAH_pcg             		 0.924694
EAH_pig             		 0.924694
EAH_pic             		 1.00496
EAH_pic4            		 1.02
EAH_piex4           		 1.02
EAH_piht            		 1.00496
EAH_piimc           		 1.00496
EAH_piimi           		 1.00496
EAH_piimcg          		 1.00496
EAH_piimig          		 1.00496
EAH_piimc4          		 1.02
EAH_pim             		 0.891524
EAH_pimc            		 0.891524
EAH_pimi            		 0.891524
EAH_pimcg           		 0.891524
EAH_pimig           		 0.891524
EAH_pint            		 1.00496
EAH_piw             		 1.00496
EAH_piw4            		 1.02
EAH_pnt             		 1.09609
EAH_pnttilde        		 1.09609
EAH_pttc            		 0.888544
EAH_ptti            		 0.888544
EAH_pttcg           		 0.884121
EAH_pttig           		 0.884121
EAH_py              		 0.957802
EAH_q               		 0.93839
EAH_qc              		 1.88644
EAH_qi              		 0.806245
EAH_qcg             		 0.754007
EAH_qig             		 0.150801
EAH_r               		 1.01242
EAH_reer            		 1.00162
EAH_rer             		 1.19419
EAH_rerdep          		 1
EAH_rk              		 0.0304198
EAH_rp              		 0
EAH_rr              		 1.00742
EAH_rrstar          		 1.00742
EAH_sh              		 1
EAH_si              		 1
EAH_sj              		 1
EAH_snt             		 1
EAH_t               		 0
EAH_tauc            		 0.183
EAH_taud            		 0
EAH_tauk            		 0
EAH_taun            		 0.122
EAH_tauwf           		 0.219
EAH_tauwh           		 0.118
EAH_tb              		 0.00644541
EAH_tby             		 0.00184887
EAH_ti              		 0
EAH_tj              		 0
EAH_tot             		 1.3303
EAH_tr              		 0.313196
EAH_tri             		 0.208798
EAH_trj             		 0.626393
EAH_try             		 0.089839
EAH_ttc             		 0.900568
EAH_tti             		 0.621413
EAH_ttcg            		 0.616891
EAH_ttig            		 0.123378
EAH_ty              		 0
EAH_u               		 1
EAH_utili           		 -93.8153
EAH_utilj           		 -210.899
EAH_vj              		 2.29529
EAH_w               		 0.978233
EAH_wcst            		 0
EAH_whty            		 0.574241
EAH_wi              		 1.08736
EAH_witilde         		 1.08736
EAH_wj              		 0.807945
EAH_wjtilde         		 0.807945
EAH_wnty            		 0.490019
EAH_wy              		 0.538658
EAH_y               		 3.63972
EAH_ygap            		 0
EAH_ygrowth         		 1
EAH_ygrowth4        		 1
EAH_yhty            		 0.577512
EAH_ynty            		 0.422488
EAH_yshare          		 0.067566
EAH_ysn             		 1.34373
EAH_yst             		 2.29598
EAH_zcon            		 1
EAH_zinv            		 1
EAH_zn              		 1
EAH_zt              		 1
EAH_gammav1         		 0.0308642
EAH_gammav2         		 0.150338
EAH_nutc            		 0.2
EAH_nuti            		 0.2
EAH_nutcg           		 0.5
EAH_nutig           		 0.5
EAH_psit            		 0.2
EAHEAA_rerbar       		 1
EAHEAB_rerbar       		 1
EAHEAC_rerbar       		 1
EAHEAD_rerbar       		 1
EAHEAE_rerbar       		 1
EAHEAF_rerbar       		 1
EAHEAG_rerbar       		 1
EAHEAI_rerbar       		 1
EAHEAJ_rerbar       		 1
EAHEAK_rerbar       		 1
EAHEAL_rerbar       		 1.00491
EAHRW_rerbar        		 0.900807
EAHUS_rerbar        		 1.19419
EAH_pibar           		 0.93839
EAH_psinbar         		 0.376245
EAH_psitbar         		 0.459197
EAH_pybar           		 0.957802
EAH_qbar            		 0.93839
EAH_trybar          		 0.0898407
EAH_ybar            		 3.63972
EAH_ynbar           		 1.34373
EAH_ytbar           		 2.29598
EAIEAA_excy         		 0.0144083
EAIEAB_excy         		 0.0144083
EAIEAC_excy         		 0.0144083
EAIEAD_excy         		 0.0144083
EAIEAE_excy         		 0.0144083
EAIEAF_excy         		 0.0144083
EAIEAG_excy         		 0.0144083
EAIEAH_excy         		 0.0144083
EAIEAJ_excy         		 0.0144083
EAIEAK_excy         		 0.0144083
EAIEAL_excy         		 0.0147115
EAIRW_excy          		 0.0148446
EAIUS_excy          		 0.00533722
EAIEAA_exiy         		 0.00994209
EAIEAB_exiy         		 0.00994209
EAIEAC_exiy         		 0.00994209
EAIEAD_exiy         		 0.00994209
EAIEAE_exiy         		 0.00994209
EAIEAF_exiy         		 0.00994209
EAIEAG_exiy         		 0.00994209
EAIEAH_exiy         		 0.00994209
EAIEAJ_exiy         		 0.00994209
EAIEAK_exiy         		 0.00994209
EAIEAL_exiy         		 0.0100072
EAIRW_exiy          		 0.011593
EAIUS_exiy          		 0.00422401
EAI_fx              		 4.58565
EAIEAA_gammaimc     		 0
EAIEAB_gammaimc     		 0
EAIEAC_gammaimc     		 0
EAIEAD_gammaimc     		 0
EAIEAE_gammaimc     		 0
EAIEAF_gammaimc     		 0
EAIEAG_gammaimc     		 0
EAIEAH_gammaimc     		 0
EAIEAJ_gammaimc     		 0
EAIEAK_gammaimc     		 0
EAIEAL_gammaimc     		 0
EAIRW_gammaimc      		 0
EAIUS_gammaimc      		 0
EAIEAA_gammaimcdag  		 1
EAIEAB_gammaimcdag  		 1
EAIEAC_gammaimcdag  		 1
EAIEAD_gammaimcdag  		 1
EAIEAE_gammaimcdag  		 1
EAIEAF_gammaimcdag  		 1
EAIEAG_gammaimcdag  		 1
EAIEAH_gammaimcdag  		 1
EAIEAJ_gammaimcdag  		 1
EAIEAK_gammaimcdag  		 1
EAIEAL_gammaimcdag  		 1
EAIRW_gammaimcdag   		 1
EAIUS_gammaimcdag   		 1
EAIEAA_gammaimi     		 0
EAIEAB_gammaimi     		 0
EAIEAC_gammaimi     		 0
EAIEAD_gammaimi     		 0
EAIEAE_gammaimi     		 0
EAIEAF_gammaimi     		 0
EAIEAG_gammaimi     		 0
EAIEAH_gammaimi     		 0
EAIEAJ_gammaimi     		 0
EAIEAK_gammaimi     		 0
EAIEAL_gammaimi     		 0
EAIRW_gammaimi      		 0
EAIUS_gammaimi      		 0
EAIEAA_gammaimidag  		 1
EAIEAB_gammaimidag  		 1
EAIEAC_gammaimidag  		 1
EAIEAD_gammaimidag  		 1
EAIEAE_gammaimidag  		 1
EAIEAF_gammaimidag  		 1
EAIEAG_gammaimidag  		 1
EAIEAH_gammaimidag  		 1
EAIEAJ_gammaimidag  		 1
EAIEAK_gammaimidag  		 1
EAIEAL_gammaimidag  		 1
EAIRW_gammaimidag   		 1
EAIUS_gammaimidag   		 1
EAIEAA_gammaimcg    		 0
EAIEAB_gammaimcg    		 0
EAIEAC_gammaimcg    		 0
EAIEAD_gammaimcg    		 0
EAIEAE_gammaimcg    		 0
EAIEAF_gammaimcg    		 0
EAIEAG_gammaimcg    		 0
EAIEAH_gammaimcg    		 0
EAIEAJ_gammaimcg    		 0
EAIEAK_gammaimcg    		 0
EAIEAL_gammaimcg    		 0
EAIRW_gammaimcg     		 0
EAIUS_gammaimcg     		 0
EAIEAA_gammaimcgdag 		 1
EAIEAB_gammaimcgdag 		 1
EAIEAC_gammaimcgdag 		 1
EAIEAD_gammaimcgdag 		 1
EAIEAE_gammaimcgdag 		 1
EAIEAF_gammaimcgdag 		 1
EAIEAG_gammaimcgdag 		 1
EAIEAH_gammaimcgdag 		 1
EAIEAJ_gammaimcgdag 		 1
EAIEAK_gammaimcgdag 		 1
EAIEAL_gammaimcgdag 		 1
EAIRW_gammaimcgdag  		 1
EAIUS_gammaimcgdag  		 1
EAIEAA_gammaimig    		 0
EAIEAB_gammaimig    		 0
EAIEAC_gammaimig    		 0
EAIEAD_gammaimig    		 0
EAIEAE_gammaimig    		 0
EAIEAF_gammaimig    		 0
EAIEAG_gammaimig    		 0
EAIEAH_gammaimig    		 0
EAIEAJ_gammaimig    		 0
EAIEAK_gammaimig    		 0
EAIEAL_gammaimig    		 0
EAIRW_gammaimig     		 0
EAIUS_gammaimig     		 0
EAIEAA_gammaimigdag 		 1
EAIEAB_gammaimigdag 		 1
EAIEAC_gammaimigdag 		 1
EAIEAD_gammaimigdag 		 1
EAIEAE_gammaimigdag 		 1
EAIEAF_gammaimigdag 		 1
EAIEAG_gammaimigdag 		 1
EAIEAH_gammaimigdag 		 1
EAIEAJ_gammaimigdag 		 1
EAIEAK_gammaimigdag 		 1
EAIEAL_gammaimigdag 		 1
EAIRW_gammaimigdag  		 1
EAIUS_gammaimigdag  		 1
EAI_gx              		 5.50278
EAIEAA_im           		 0.125873
EAIEAB_im           		 0.125873
EAIEAC_im           		 0.125873
EAIEAD_im           		 0.125873
EAIEAE_im           		 0.125873
EAIEAF_im           		 0.125873
EAIEAG_im           		 0.125873
EAIEAH_im           		 0.125873
EAIEAJ_im           		 0.125873
EAIEAK_im           		 0.125873
EAIEAL_im           		 0.123473
EAIRW_im            		 0.134495
EAIUS_im            		 0.061668
EAIEAA_imc          		 0.0572825
EAIEAB_imc          		 0.0572825
EAIEAC_imc          		 0.0572825
EAIEAD_imc          		 0.0572825
EAIEAE_imc          		 0.0572825
EAIEAF_imc          		 0.0572825
EAIEAG_imc          		 0.0572825
EAIEAH_imc          		 0.0572825
EAIEAJ_imc          		 0.0572825
EAIEAK_imc          		 0.0572825
EAIEAL_imc          		 0.0561906
EAIRW_imc           		 0.0612062
EAIUS_imc           		 0.028064
EAIEAG_imcy         		 0.0144083
EAIEAA_imi          		 0.0395263
EAIEAB_imi          		 0.0395263
EAIEAC_imi          		 0.0395263
EAIEAD_imi          		 0.0395263
EAIEAE_imi          		 0.0395263
EAIEAF_imi          		 0.0395263
EAIEAG_imi          		 0.0395263
EAIEAH_imi          		 0.0395263
EAIEAJ_imi          		 0.0395263
EAIEAK_imi          		 0.0395263
EAIEAL_imi          		 0.0387728
EAIRW_imi           		 0.0422337
EAIUS_imi           		 0.0193648
EAIEAG_imiy         		 0.00994209
EAIEAA_imcg         		 0.0242201
EAIEAB_imcg         		 0.0242201
EAIEAC_imcg         		 0.0242201
EAIEAD_imcg         		 0.0242201
EAIEAE_imcg         		 0.0242201
EAIEAF_imcg         		 0.0242201
EAIEAG_imcg         		 0.0242201
EAIEAH_imcg         		 0.0242201
EAIEAJ_imcg         		 0.0242201
EAIEAK_imcg         		 0.0242201
EAIEAL_imcg         		 0.0237584
EAIRW_imcg          		 0.0258791
EAIUS_imcg          		 0.011866
EAIEAG_imcgy        		 0.00609211
EAIEAA_imig         		 0.00484402
EAIEAB_imig         		 0.00484402
EAIEAC_imig         		 0.00484402
EAIEAD_imig         		 0.00484402
EAIEAE_imig         		 0.00484402
EAIEAF_imig         		 0.00484402
EAIEAG_imig         		 0.00484402
EAIEAH_imig         		 0.00484402
EAIEAJ_imig         		 0.00484402
EAIEAK_imig         		 0.00484402
EAIEAL_imig         		 0.00475168
EAIRW_imig          		 0.00517582
EAIUS_imig          		 0.0023732
EAIEAG_imigy        		 0.00121842
EAI_piex            		 1.00496
EAI_pextilde        		 0.87687
EAIEAA_rer          		 1
EAIEAB_rer          		 1
EAIEAC_rer          		 1
EAIEAD_rer          		 1
EAIEAE_rer          		 1
EAIEAF_rer          		 1
EAIEAG_rer          		 1
EAIEAH_rer          		 1
EAIEAJ_rer          		 1
EAIEAK_rer          		 1
EAIEAL_rer          		 1.00491
EAIRW_rer           		 0.900807
EAIUS_rer           		 1.19419
EAI_sx              		 1
EAIEAA_tot          		 1
EAIEAB_tot          		 1
EAIEAC_tot          		 1
EAIEAD_tot          		 1
EAIEAE_tot          		 1
EAIEAF_tot          		 1
EAIEAG_tot          		 1
EAIEAH_tot          		 1
EAIEAJ_tot          		 1
EAIEAK_tot          		 1
EAIEAL_tot          		 1.00773
EAIRW_tot           		 0.973847
EAIUS_tot           		 1.3303
EAIEAA_weight       		 0.0783525
EAIEAB_weight       		 0.0783525
EAIEAC_weight       		 0.0783525
EAIEAD_weight       		 0.0783525
EAIEAE_weight       		 0.0783525
EAIEAF_weight       		 0.0783525
EAIEAG_weight       		 0.0783525
EAIEAH_weight       		 0.0783525
EAIEAJ_weight       		 0.0783525
EAIEAK_weight       		 0.0783525
EAIEAL_weight       		 0.0779231
EAIRW_weight        		 0.082814
EAIUS_weight        		 0.0557378
EAIEAA_weightex     		 0.077848
EAIEAB_weightex     		 0.077848
EAIEAC_weightex     		 0.077848
EAIEAD_weightex     		 0.077848
EAIEAE_weightex     		 0.077848
EAIEAF_weightex     		 0.077848
EAIEAG_weightex     		 0.077848
EAIEAH_weightex     		 0.077848
EAIEAJ_weightex     		 0.077848
EAIEAK_weightex     		 0.077848
EAIEAL_weightex     		 0.0778925
EAIRW_weightex      		 0.0835674
EAIUS_weightex      		 0.0600598
EAIEAA_weightim     		 0.0788593
EAIEAB_weightim     		 0.0788593
EAIEAC_weightim     		 0.0788593
EAIEAD_weightim     		 0.0788593
EAIEAE_weightim     		 0.0788593
EAIEAF_weightim     		 0.0788593
EAIEAG_weightim     		 0.0788593
EAIEAH_weightim     		 0.0788593
EAIEAJ_weightim     		 0.0788593
EAIEAK_weightim     		 0.0788593
EAIEAL_weightim     		 0.0779539
EAIRW_weightim      		 0.0820572
EAIUS_weightim      		 0.051396
EAI_b               		 8.36671
EAI_bf              		 -0.44006
EAI_by              		 2.4
EAI_c               		 1.88624
EAI_ci              		 2.14913
EAI_cj              		 1.09759
EAI_cy              		 0.541071
EAI_d               		 0.216018
EAI_dn              		 0.216018
EAI_dt              		 -3.08417e-09
EAI_etot            		 1.01442
EAI_ex              		 1.60352
EAI_fh              		 5.83127
EAI_fi              		 8.77493
EAI_fj              		 0.324997
EAI_fn              		 11.3157
EAI_cg              		 0.754007
EAI_gammab          		 0
EAI_gammai          		 0
EAI_gammaider       		 0
EAI_gammau          		 0
EAI_gammauder       		 0.0324171
EAI_gammav          		 0.000197578
EAI_gammavi         		 0.000104746
EAI_gammavider      		 0.00232797
EAI_gammavj         		 0.000104746
EAI_gammavjder      		 0.00232797
EAI_gh              		 6.99753
EAI_gi              		 5.08056
EAI_gj              		 3.316
EAI_gn              		 16.9735
EAI_cgy             		 0.2
EAI_ht              		 0.692463
EAI_htc             		 0.186168
EAI_hti             		 0.12846
EAI_htcg            		 0.314862
EAI_htig            		 0.0629723
EAI_i               		 0.806245
EAI_ig              		 0.150801
EAI_ii              		 1.07499
EAI_im              		 1.56994
EAI_imc             		 0.71445
EAI_imi             		 0.492987
EAI_imcg            		 0.302083
EAI_imig            		 0.0604166
EAI_imy             		 0.401487
EAI_internalrer     		 1.23358
EAI_igy             		 0.04
EAI_k               		 32.2498
EAI_kd              		 32.2498
EAI_kdn             		 12.3949
EAI_kdt             		 19.8549
EAI_ki              		 42.9997
EAI_lambdai         		 1.30508
EAI_lambdaj         		 2.5554
EAI_lcy             		 0.656625
EAI_m               		 0.821791
EAI_mcn             		 0.730725
EAI_mct             		 0.730725
EAI_mi              		 0.936324
EAI_mj              		 0.478192
EAI_nd              		 1.91962
EAI_ndi             		 0.910731
EAI_ndj             		 1.09851
EAI_ndn             		 0.737784
EAI_ndt             		 1.18183
EAI_ni              		 0.910731
EAI_nj              		 1.09851
EAI_nt              		 1.34373
EAI_ntc             		 0.991022
EAI_nti             		 0.186499
EAI_ntcg            		 0.13851
EAI_ntig            		 0.027702
EAI_pex             		 0.87687
EAI_pht             		 0.87687
EAI_phttilde        		 0.87687
EAI_pi              		 0.93839
EAI_pcg             		 0.924694
EAI_pig             		 0.924694
EAI_pic             		 1.00496
EAI_pic4            		 1.02
EAI_piex4           		 1.02
EAI_piht            		 1.00496
EAI_piimc           		 1.00496
EAI_piimi           		 1.00496
EAI_piimcg          		 1.00496
EAI_piimig          		 1.00496
EAI_piimc4          		 1.02
EAI_pim             		 0.891524
EAI_pimc            		 0.891524
EAI_pimi            		 0.891524
EAI_pimcg           		 0.891524
EAI_pimig           		 0.891524
EAI_pint            		 1.00496
EAI_piw             		 1.00496
EAI_piw4            		 1.02
EAI_pnt             		 1.09609
EAI_pnttilde        		 1.09609
EAI_pttc            		 0.888544
EAI_ptti            		 0.888544
EAI_pttcg           		 0.884121
EAI_pttig           		 0.884121
EAI_py              		 0.957802
EAI_q               		 0.93839
EAI_qc              		 1.88644
EAI_qi              		 0.806245
EAI_qcg             		 0.754007
EAI_qig             		 0.150801
EAI_r               		 1.01242
EAI_reer            		 1.00162
EAI_rer             		 1.19419
EAI_rerdep          		 1
EAI_rk              		 0.0304198
EAI_rp              		 0
EAI_rr              		 1.00742
EAI_rrstar          		 1.00742
EAI_sh              		 1
EAI_si              		 1
EAI_sj              		 1
EAI_snt             		 1
EAI_t               		 0
EAI_tauc            		 0.183
EAI_taud            		 0
EAI_tauk            		 0
EAI_taun            		 0.122
EAI_tauwf           		 0.219
EAI_tauwh           		 0.118
EAI_tb              		 0.00644541
EAI_tby             		 0.00184887
EAI_ti              		 0
EAI_tj              		 0
EAI_tot             		 1.3303
EAI_tr              		 0.313196
EAI_tri             		 0.208798
EAI_trj             		 0.626393
EAI_try             		 0.089839
EAI_ttc             		 0.900568
EAI_tti             		 0.621413
EAI_ttcg            		 0.616891
EAI_ttig            		 0.123378
EAI_ty              		 0
EAI_u               		 1
EAI_utili           		 -93.8153
EAI_utilj           		 -210.899
EAI_vj              		 2.29529
EAI_w               		 0.978233
EAI_wcst            		 0
EAI_whty            		 0.574241
EAI_wi              		 1.08736
EAI_witilde         		 1.08736
EAI_wj              		 0.807945
EAI_wjtilde         		 0.807945
EAI_wnty            		 0.490019
EAI_wy              		 0.538658
EAI_y               		 3.63972
EAI_ygap            		 0
EAI_ygrowth         		 1
EAI_ygrowth4        		 1
EAI_yhty            		 0.577512
EAI_ynty            		 0.422488
EAI_yshare          		 0.067566
EAI_ysn             		 1.34373
EAI_yst             		 2.29598
EAI_zcon            		 1
EAI_zinv            		 1
EAI_zn              		 1
EAI_zt              		 1
EAI_gammav1         		 0.0308642
EAI_gammav2         		 0.150338
EAI_nutc            		 0.2
EAI_nuti            		 0.2
EAI_nutcg           		 0.5
EAI_nutig           		 0.5
EAI_psit            		 0.2
EAIEAA_rerbar       		 1
EAIEAB_rerbar       		 1
EAIEAC_rerbar       		 1
EAIEAD_rerbar       		 1
EAIEAE_rerbar       		 1
EAIEAF_rerbar       		 1
EAIEAG_rerbar       		 1
EAIEAH_rerbar       		 1
EAIEAJ_rerbar       		 1
EAIEAK_rerbar       		 1
EAIEAL_rerbar       		 1.00491
EAIRW_rerbar        		 0.900807
EAIUS_rerbar        		 1.19419
EAI_pibar           		 0.93839
EAI_psinbar         		 0.376245
EAI_psitbar         		 0.459197
EAI_pybar           		 0.957802
EAI_qbar            		 0.93839
EAI_trybar          		 0.0898407
EAI_ybar            		 3.63972
EAI_ynbar           		 1.34373
EAI_ytbar           		 2.29598
EAJEAA_excy         		 0.0144083
EAJEAB_excy         		 0.0144083
EAJEAC_excy         		 0.0144083
EAJEAD_excy         		 0.0144083
EAJEAE_excy         		 0.0144083
EAJEAF_excy         		 0.0144083
EAJEAG_excy         		 0.0144083
EAJEAH_excy         		 0.0144083
EAJEAI_excy         		 0.0144083
EAJEAK_excy         		 0.0144083
EAJEAL_excy         		 0.0147115
EAJRW_excy          		 0.0148446
EAJUS_excy          		 0.00533722
EAJEAA_exiy         		 0.00994209
EAJEAB_exiy         		 0.00994209
EAJEAC_exiy         		 0.00994209
EAJEAD_exiy         		 0.00994209
EAJEAE_exiy         		 0.00994209
EAJEAF_exiy         		 0.00994209
EAJEAG_exiy         		 0.00994209
EAJEAH_exiy         		 0.00994209
EAJEAI_exiy         		 0.00994209
EAJEAK_exiy         		 0.00994209
EAJEAL_exiy         		 0.0100072
EAJRW_exiy          		 0.011593
EAJUS_exiy          		 0.00422401
EAJ_fx              		 4.58565
EAJEAA_gammaimc     		 0
EAJEAB_gammaimc     		 0
EAJEAC_gammaimc     		 0
EAJEAD_gammaimc     		 0
EAJEAE_gammaimc     		 0
EAJEAF_gammaimc     		 0
EAJEAG_gammaimc     		 0
EAJEAH_gammaimc     		 0
EAJEAI_gammaimc     		 0
EAJEAK_gammaimc     		 0
EAJEAL_gammaimc     		 0
EAJRW_gammaimc      		 0
EAJUS_gammaimc      		 0
EAJEAA_gammaimcdag  		 1
EAJEAB_gammaimcdag  		 1
EAJEAC_gammaimcdag  		 1
EAJEAD_gammaimcdag  		 1
EAJEAE_gammaimcdag  		 1
EAJEAF_gammaimcdag  		 1
EAJEAG_gammaimcdag  		 1
EAJEAH_gammaimcdag  		 1
EAJEAI_gammaimcdag  		 1
EAJEAK_gammaimcdag  		 1
EAJEAL_gammaimcdag  		 1
EAJRW_gammaimcdag   		 1
EAJUS_gammaimcdag   		 1
EAJEAA_gammaimi     		 0
EAJEAB_gammaimi     		 0
EAJEAC_gammaimi     		 0
EAJEAD_gammaimi     		 0
EAJEAE_gammaimi     		 0
EAJEAF_gammaimi     		 0
EAJEAG_gammaimi     		 0
EAJEAH_gammaimi     		 0
EAJEAI_gammaimi     		 0
EAJEAK_gammaimi     		 0
EAJEAL_gammaimi     		 0
EAJRW_gammaimi      		 0
EAJUS_gammaimi      		 0
EAJEAA_gammaimidag  		 1
EAJEAB_gammaimidag  		 1
EAJEAC_gammaimidag  		 1
EAJEAD_gammaimidag  		 1
EAJEAE_gammaimidag  		 1
EAJEAF_gammaimidag  		 1
EAJEAG_gammaimidag  		 1
EAJEAH_gammaimidag  		 1
EAJEAI_gammaimidag  		 1
EAJEAK_gammaimidag  		 1
EAJEAL_gammaimidag  		 1
EAJRW_gammaimidag   		 1
EAJUS_gammaimidag   		 1
EAJEAA_gammaimcg    		 0
EAJEAB_gammaimcg    		 0
EAJEAC_gammaimcg    		 0
EAJEAD_gammaimcg    		 0
EAJEAE_gammaimcg    		 0
EAJEAF_gammaimcg    		 0
EAJEAG_gammaimcg    		 0
EAJEAH_gammaimcg    		 0
EAJEAI_gammaimcg    		 0
EAJEAK_gammaimcg    		 0
EAJEAL_gammaimcg    		 0
EAJRW_gammaimcg     		 0
EAJUS_gammaimcg     		 0
EAJEAA_gammaimcgdag 		 1
EAJEAB_gammaimcgdag 		 1
EAJEAC_gammaimcgdag 		 1
EAJEAD_gammaimcgdag 		 1
EAJEAE_gammaimcgdag 		 1
EAJEAF_gammaimcgdag 		 1
EAJEAG_gammaimcgdag 		 1
EAJEAH_gammaimcgdag 		 1
EAJEAI_gammaimcgdag 		 1
EAJEAK_gammaimcgdag 		 1
EAJEAL_gammaimcgdag 		 1
EAJRW_gammaimcgdag  		 1
EAJUS_gammaimcgdag  		 1
EAJEAA_gammaimig    		 0
EAJEAB_gammaimig    		 0
EAJEAC_gammaimig    		 0
EAJEAD_gammaimig    		 0
EAJEAE_gammaimig    		 0
EAJEAF_gammaimig    		 0
EAJEAG_gammaimig    		 0
EAJEAH_gammaimig    		 0
EAJEAI_gammaimig    		 0
EAJEAK_gammaimig    		 0
EAJEAL_gammaimig    		 0
EAJRW_gammaimig     		 0
EAJUS_gammaimig     		 0
EAJEAA_gammaimigdag 		 1
EAJEAB_gammaimigdag 		 1
EAJEAC_gammaimigdag 		 1
EAJEAD_gammaimigdag 		 1
EAJEAE_gammaimigdag 		 1
EAJEAF_gammaimigdag 		 1
EAJEAG_gammaimigdag 		 1
EAJEAH_gammaimigdag 		 1
EAJEAI_gammaimigdag 		 1
EAJEAK_gammaimigdag 		 1
EAJEAL_gammaimigdag 		 1
EAJRW_gammaimigdag  		 1
EAJUS_gammaimigdag  		 1
EAJ_gx              		 5.50278
EAJEAA_im           		 0.125873
EAJEAB_im           		 0.125873
EAJEAC_im           		 0.125873
EAJEAD_im           		 0.125873
EAJEAE_im           		 0.125873
EAJEAF_im           		 0.125873
EAJEAG_im           		 0.125873
EAJEAH_im           		 0.125873
EAJEAI_im           		 0.125873
EAJEAK_im           		 0.125873
EAJEAL_im           		 0.123473
EAJRW_im            		 0.134495
EAJUS_im            		 0.061668
EAJEAA_imc          		 0.0572825
EAJEAB_imc          		 0.0572825
EAJEAC_imc          		 0.0572825
EAJEAD_imc          		 0.0572825
EAJEAE_imc          		 0.0572825
EAJEAF_imc          		 0.0572825
EAJEAG_imc          		 0.0572825
EAJEAH_imc          		 0.0572825
EAJEAI_imc          		 0.0572825
EAJEAK_imc          		 0.0572825
EAJEAL_imc          		 0.0561906
EAJRW_imc           		 0.0612062
EAJUS_imc           		 0.028064
EAJEAH_imcy         		 0.0144083
EAJEAA_imi          		 0.0395263
EAJEAB_imi          		 0.0395263
EAJEAC_imi          		 0.0395263
EAJEAD_imi          		 0.0395263
EAJEAE_imi          		 0.0395263
EAJEAF_imi          		 0.0395263
EAJEAG_imi          		 0.0395263
EAJEAH_imi          		 0.0395263
EAJEAI_imi          		 0.0395263
EAJEAK_imi          		 0.0395263
EAJEAL_imi          		 0.0387728
EAJRW_imi           		 0.0422337
EAJUS_imi           		 0.0193648
EAJEAH_imiy         		 0.00994209
EAJEAA_imcg         		 0.0242201
EAJEAB_imcg         		 0.0242201
EAJEAC_imcg         		 0.0242201
EAJEAD_imcg         		 0.0242201
EAJEAE_imcg         		 0.0242201
EAJEAF_imcg         		 0.0242201
EAJEAG_imcg         		 0.0242201
EAJEAH_imcg         		 0.0242201
EAJEAI_imcg         		 0.0242201
EAJEAK_imcg         		 0.0242201
EAJEAL_imcg         		 0.0237584
EAJRW_imcg          		 0.0258791
EAJUS_imcg          		 0.011866
EAJEAH_imcgy        		 0.00609211
EAJEAA_imig         		 0.00484402
EAJEAB_imig         		 0.00484402
EAJEAC_imig         		 0.00484402
EAJEAD_imig         		 0.00484402
EAJEAE_imig         		 0.00484402
EAJEAF_imig         		 0.00484402
EAJEAG_imig         		 0.00484402
EAJEAH_imig         		 0.00484402
EAJEAI_imig         		 0.00484402
EAJEAK_imig         		 0.00484402
EAJEAL_imig         		 0.00475168
EAJRW_imig          		 0.00517582
EAJUS_imig          		 0.0023732
EAJEAH_imigy        		 0.00121842
EAJ_piex            		 1.00496
EAJ_pextilde        		 0.87687
EAJEAA_rer          		 1
EAJEAB_rer          		 1
EAJEAC_rer          		 1
EAJEAD_rer          		 1
EAJEAE_rer          		 1
EAJEAF_rer          		 1
EAJEAG_rer          		 1
EAJEAH_rer          		 1
EAJEAI_rer          		 1
EAJEAK_rer          		 1
EAJEAL_rer          		 1.00491
EAJRW_rer           		 0.900807
EAJUS_rer           		 1.19419
EAJ_sx              		 1
EAJEAA_tot          		 1
EAJEAB_tot          		 1
EAJEAC_tot          		 1
EAJEAD_tot          		 1
EAJEAE_tot          		 1
EAJEAF_tot          		 1
EAJEAG_tot          		 1
EAJEAH_tot          		 1
EAJEAI_tot          		 1
EAJEAK_tot          		 1
EAJEAL_tot          		 1.00773
EAJRW_tot           		 0.973847
EAJUS_tot           		 1.3303
EAJEAA_weight       		 0.0783525
EAJEAB_weight       		 0.0783525
EAJEAC_weight       		 0.0783525
EAJEAD_weight       		 0.0783525
EAJEAE_weight       		 0.0783525
EAJEAF_weight       		 0.0783525
EAJEAG_weight       		 0.0783525
EAJEAH_weight       		 0.0783525
EAJEAI_weight       		 0.0783525
EAJEAK_weight       		 0.0783525
EAJEAL_weight       		 0.0779231
EAJRW_weight        		 0.082814
EAJUS_weight        		 0.0557378
EAJEAA_weightex     		 0.077848
EAJEAB_weightex     		 0.077848
EAJEAC_weightex     		 0.077848
EAJEAD_weightex     		 0.077848
EAJEAE_weightex     		 0.077848
EAJEAF_weightex     		 0.077848
EAJEAG_weightex     		 0.077848
EAJEAH_weightex     		 0.077848
EAJEAI_weightex     		 0.077848
EAJEAK_weightex     		 0.077848
EAJEAL_weightex     		 0.0778925
EAJRW_weightex      		 0.0835674
EAJUS_weightex      		 0.0600598
EAJEAA_weightim     		 0.0788593
EAJEAB_weightim     		 0.0788593
EAJEAC_weightim     		 0.0788593
EAJEAD_weightim     		 0.0788593
EAJEAE_weightim     		 0.0788593
EAJEAF_weightim     		 0.0788593
EAJEAG_weightim     		 0.0788593
EAJEAH_weightim     		 0.0788593
EAJEAI_weightim     		 0.0788593
EAJEAK_weightim     		 0.0788593
EAJEAL_weightim     		 0.0779539
EAJRW_weightim      		 0.0820572
EAJUS_weightim      		 0.051396
EAJ_b               		 8.36671
EAJ_bf              		 -0.44006
EAJ_by              		 2.4
EAJ_c               		 1.88624
EAJ_ci              		 2.14913
EAJ_cj              		 1.09759
EAJ_cy              		 0.541071
EAJ_d               		 0.216018
EAJ_dn              		 0.216018
EAJ_dt              		 -3.0841e-09
EAJ_etot            		 1.01442
EAJ_ex              		 1.60352
EAJ_fh              		 5.83127
EAJ_fi              		 8.77493
EAJ_fj              		 0.324997
EAJ_fn              		 11.3157
EAJ_cg              		 0.754007
EAJ_gammab          		 0
EAJ_gammai          		 0
EAJ_gammaider       		 0
EAJ_gammau          		 0
EAJ_gammauder       		 0.0324171
EAJ_gammav          		 0.000197578
EAJ_gammavi         		 0.000104746
EAJ_gammavider      		 0.00232797
EAJ_gammavj         		 0.000104746
EAJ_gammavjder      		 0.00232797
EAJ_gh              		 6.99753
EAJ_gi              		 5.08056
EAJ_gj              		 3.316
EAJ_gn              		 16.9735
EAJ_cgy             		 0.2
EAJ_ht              		 0.692463
EAJ_htc             		 0.186168
EAJ_hti             		 0.12846
EAJ_htcg            		 0.314862
EAJ_htig            		 0.0629723
EAJ_i               		 0.806245
EAJ_ig              		 0.150801
EAJ_ii              		 1.07499
EAJ_im              		 1.56994
EAJ_imc             		 0.71445
EAJ_imi             		 0.492987
EAJ_imcg            		 0.302083
EAJ_imig            		 0.0604166
EAJ_imy             		 0.401487
EAJ_internalrer     		 1.23358
EAJ_igy             		 0.04
EAJ_k               		 32.2498
EAJ_kd              		 32.2498
EAJ_kdn             		 12.3949
EAJ_kdt             		 19.8549
EAJ_ki              		 42.9997
EAJ_lambdai         		 1.30508
EAJ_lambdaj         		 2.5554
EAJ_lcy             		 0.656625
EAJ_m               		 0.821791
EAJ_mcn             		 0.730725
EAJ_mct             		 0.730725
EAJ_mi              		 0.936324
EAJ_mj              		 0.478192
EAJ_nd              		 1.91962
EAJ_ndi             		 0.910731
EAJ_ndj             		 1.09851
EAJ_ndn             		 0.737784
EAJ_ndt             		 1.18183
EAJ_ni              		 0.910731
EAJ_nj              		 1.09851
EAJ_nt              		 1.34373
EAJ_ntc             		 0.991022
EAJ_nti             		 0.186499
EAJ_ntcg            		 0.13851
EAJ_ntig            		 0.027702
EAJ_pex             		 0.87687
EAJ_pht             		 0.87687
EAJ_phttilde        		 0.87687
EAJ_pi              		 0.93839
EAJ_pcg             		 0.924694
EAJ_pig             		 0.924694
EAJ_pic             		 1.00496
EAJ_pic4            		 1.02
EAJ_piex4           		 1.02
EAJ_piht            		 1.00496
EAJ_piimc           		 1.00496
EAJ_piimi           		 1.00496
EAJ_piimcg          		 1.00496
EAJ_piimig          		 1.00496
EAJ_piimc4          		 1.02
EAJ_pim             		 0.891524
EAJ_pimc            		 0.891524
EAJ_pimi            		 0.891524
EAJ_pimcg           		 0.891524
EAJ_pimig           		 0.891524
EAJ_pint            		 1.00496
EAJ_piw             		 1.00496
EAJ_piw4            		 1.02
EAJ_pnt             		 1.09609
EAJ_pnttilde        		 1.09609
EAJ_pttc            		 0.888544
EAJ_ptti            		 0.888544
EAJ_pttcg           		 0.884121
EAJ_pttig           		 0.884121
EAJ_py              		 0.957802
EAJ_q               		 0.93839
EAJ_qc              		 1.88644
EAJ_qi              		 0.806245
EAJ_qcg             		 0.754007
EAJ_qig             		 0.150801
EAJ_r               		 1.01242
EAJ_reer            		 1.00162
EAJ_rer             		 1.19419
EAJ_rerdep          		 1
EAJ_rk              		 0.0304198
EAJ_rp              		 0
EAJ_rr              		 1.00742
EAJ_rrstar          		 1.00742
EAJ_sh              		 1
EAJ_si              		 1
EAJ_sj              		 1
EAJ_snt             		 1
EAJ_t               		 0
EAJ_tauc            		 0.183
EAJ_taud            		 0
EAJ_tauk            		 0
EAJ_taun            		 0.122
EAJ_tauwf           		 0.219
EAJ_tauwh           		 0.118
EAJ_tb              		 0.00644541
EAJ_tby             		 0.00184887
EAJ_ti              		 0
EAJ_tj              		 0
EAJ_tot             		 1.3303
EAJ_tr              		 0.313196
EAJ_tri             		 0.208798
EAJ_trj             		 0.626393
EAJ_try             		 0.089839
EAJ_ttc             		 0.900568
EAJ_tti             		 0.621413
EAJ_ttcg            		 0.616891
EAJ_ttig            		 0.123378
EAJ_ty              		 0
EAJ_u               		 1
EAJ_utili           		 -93.8153
EAJ_utilj           		 -210.899
EAJ_vj              		 2.29529
EAJ_w               		 0.978233
EAJ_wcst            		 0
EAJ_whty            		 0.574241
EAJ_wi              		 1.08736
EAJ_witilde         		 1.08736
EAJ_wj              		 0.807945
EAJ_wjtilde         		 0.807945
EAJ_wnty            		 0.490019
EAJ_wy              		 0.538658
EAJ_y               		 3.63972
EAJ_ygap            		 0
EAJ_ygrowth         		 1
EAJ_ygrowth4        		 1
EAJ_yhty            		 0.577512
EAJ_ynty            		 0.422488
EAJ_yshare          		 0.067566
EAJ_ysn             		 1.34373
EAJ_yst             		 2.29598
EAJ_zcon            		 1
EAJ_zinv            		 1
EAJ_zn              		 1
EAJ_zt              		 1
EAJ_gammav1         		 0.0308642
EAJ_gammav2         		 0.150338
EAJ_nutc            		 0.2
EAJ_nuti            		 0.2
EAJ_nutcg           		 0.5
EAJ_nutig           		 0.5
EAJ_psit            		 0.2
EAJEAA_rerbar       		 1
EAJEAB_rerbar       		 1
EAJEAC_rerbar       		 1
EAJEAD_rerbar       		 1
EAJEAE_rerbar       		 1
EAJEAF_rerbar       		 1
EAJEAG_rerbar       		 1
EAJEAH_rerbar       		 1
EAJEAI_rerbar       		 1
EAJEAK_rerbar       		 1
EAJEAL_rerbar       		 1.00491
EAJRW_rerbar        		 0.900807
EAJUS_rerbar        		 1.19419
EAJ_pibar           		 0.93839
EAJ_psinbar         		 0.376245
EAJ_psitbar         		 0.459197
EAJ_pybar           		 0.957802
EAJ_qbar            		 0.93839
EAJ_trybar          		 0.0898407
EAJ_ybar            		 3.63972
EAJ_ynbar           		 1.34373
EAJ_ytbar           		 2.29598
EAKEAA_excy         		 0.0144083
EAKEAB_excy         		 0.0144083
EAKEAC_excy         		 0.0144083
EAKEAD_excy         		 0.0144083
EAKEAE_excy         		 0.0144083
EAKEAF_excy         		 0.0144083
EAKEAG_excy         		 0.0144083
EAKEAH_excy         		 0.0144083
EAKEAI_excy         		 0.0144083
EAKEAJ_excy         		 0.0144083
EAKEAL_excy         		 0.0147115
EAKRW_excy          		 0.0148446
EAKUS_excy          		 0.00533722
EAKEAA_exiy         		 0.00994209
EAKEAB_exiy         		 0.00994209
EAKEAC_exiy         		 0.00994209
EAKEAD_exiy         		 0.00994209
EAKEAE_exiy         		 0.00994209
EAKEAF_exiy         		 0.00994209
EAKEAG_exiy         		 0.00994209
EAKEAH_exiy         		 0.00994209
EAKEAI_exiy         		 0.00994209
EAKEAJ_exiy         		 0.00994209
EAKEAL_exiy         		 0.0100072
EAKRW_exiy          		 0.011593
EAKUS_exiy          		 0.00422401
EAK_fx              		 4.58565
EAKEAA_gammaimc     		 0
EAKEAB_gammaimc     		 0
EAKEAC_gammaimc     		 0
EAKEAD_gammaimc     		 0
EAKEAE_gammaimc     		 0
EAKEAF_gammaimc     		 0
EAKEAG_gammaimc     		 0
EAKEAH_gammaimc     		 0
EAKEAI_gammaimc     		 0
EAKEAJ_gammaimc     		 0
EAKEAL_gammaimc     		 0
EAKRW_gammaimc      		 0
EAKUS_gammaimc      		 0
EAKEAA_gammaimcdag  		 1
EAKEAB_gammaimcdag  		 1
EAKEAC_gammaimcdag  		 1
EAKEAD_gammaimcdag  		 1
EAKEAE_gammaimcdag  		 1
EAKEAF_gammaimcdag  		 1
EAKEAG_gammaimcdag  		 1
EAKEAH_gammaimcdag  		 1
EAKEAI_gammaimcdag  		 1
EAKEAJ_gammaimcdag  		 1
EAKEAL_gammaimcdag  		 1
EAKRW_gammaimcdag   		 1
EAKUS_gammaimcdag   		 1
EAKEAA_gammaimi     		 0
EAKEAB_gammaimi     		 0
EAKEAC_gammaimi     		 0
EAKEAD_gammaimi     		 0
EAKEAE_gammaimi     		 0
EAKEAF_gammaimi     		 0
EAKEAG_gammaimi     		 0
EAKEAH_gammaimi     		 0
EAKEAI_gammaimi     		 0
EAKEAJ_gammaimi     		 0
EAKEAL_gammaimi     		 0
EAKRW_gammaimi      		 0
EAKUS_gammaimi      		 0
EAKEAA_gammaimidag  		 1
EAKEAB_gammaimidag  		 1
EAKEAC_gammaimidag  		 1
EAKEAD_gammaimidag  		 1
EAKEAE_gammaimidag  		 1
EAKEAF_gammaimidag  		 1
EAKEAG_gammaimidag  		 1
EAKEAH_gammaimidag  		 1
EAKEAI_gammaimidag  		 1
EAKEAJ_gammaimidag  		 1
EAKEAL_gammaimidag  		 1
EAKRW_gammaimidag   		 1
EAKUS_gammaimidag   		 1
EAKEAA_gammaimcg    		 0
EAKEAB_gammaimcg    		 0
EAKEAC_gammaimcg    		 0
EAKEAD_gammaimcg    		 0
EAKEAE_gammaimcg    		 0
EAKEAF_gammaimcg    		 0
EAKEAG_gammaimcg    		 0
EAKEAH_gammaimcg    		 0
EAKEAI_gammaimcg    		 0
EAKEAJ_gammaimcg    		 0
EAKEAL_gammaimcg    		 0
EAKRW_gammaimcg     		 0
EAKUS_gammaimcg     		 0
EAKEAA_gammaimcgdag 		 1
EAKEAB_gammaimcgdag 		 1
EAKEAC_gammaimcgdag 		 1
EAKEAD_gammaimcgdag 		 1
EAKEAE_gammaimcgdag 		 1
EAKEAF_gammaimcgdag 		 1
EAKEAG_gammaimcgdag 		 1
EAKEAH_gammaimcgdag 		 1
EAKEAI_gammaimcgdag 		 1
EAKEAJ_gammaimcgdag 		 1
EAKEAL_gammaimcgdag 		 1
EAKRW_gammaimcgdag  		 1
EAKUS_gammaimcgdag  		 1
EAKEAA_gammaimig    		 0
EAKEAB_gammaimig    		 0
EAKEAC_gammaimig    		 0
EAKEAD_gammaimig    		 0
EAKEAE_gammaimig    		 0
EAKEAF_gammaimig    		 0
EAKEAG_gammaimig    		 0
EAKEAH_gammaimig    		 0
EAKEAI_gammaimig    		 0
EAKEAJ_gammaimig    		 0
EAKEAL_gammaimig    		 0
EAKRW_gammaimig     		 0
EAKUS_gammaimig     		 0
EAKEAA_gammaimigdag 		 1
EAKEAB_gammaimigdag 		 1
EAKEAC_gammaimigdag 		 1
EAKEAD_gammaimigdag 		 1
EAKEAE_gammaimigdag 		 1
EAKEAF_gammaimigdag 		 1
EAKEAG_gammaimigdag 		 1
EAKEAH_gammaimigdag 		 1
EAKEAI_gammaimigdag 		 1
EAKEAJ_gammaimigdag 		 1
EAKEAL_gammaimigdag 		 1
EAKRW_gammaimigdag  		 1
EAKUS_gammaimigdag  		 1
EAK_gx              		 5.50278
EAKEAA_im           		 0.125873
EAKEAB_im           		 0.125873
EAKEAC_im           		 0.125873
EAKEAD_im           		 0.125873
EAKEAE_im           		 0.125873
EAKEAF_im           		 0.125873
EAKEAG_im           		 0.125873
EAKEAH_im           		 0.125873
EAKEAI_im           		 0.125873
EAKEAJ_im           		 0.125873
EAKEAL_im           		 0.123473
EAKRW_im            		 0.134495
EAKUS_im            		 0.061668
EAKEAA_imc          		 0.0572825
EAKEAB_imc          		 0.0572825
EAKEAC_imc          		 0.0572825
EAKEAD_imc          		 0.0572825
EAKEAE_imc          		 0.0572825
EAKEAF_imc          		 0.0572825
EAKEAG_imc          		 0.0572825
EAKEAH_imc          		 0.0572825
EAKEAI_imc          		 0.0572825
EAKEAJ_imc          		 0.0572825
EAKEAL_imc          		 0.0561906
EAKRW_imc           		 0.0612062
EAKUS_imc           		 0.028064
EAKEAI_imcy         		 0.0144083
EAKEAA_imi          		 0.0395263
EAKEAB_imi          		 0.0395263
EAKEAC_imi          		 0.0395263
EAKEAD_imi          		 0.0395263
EAKEAE_imi          		 0.0395263
EAKEAF_imi          		 0.0395263
EAKEAG_imi          		 0.0395263
EAKEAH_imi          		 0.0395263
EAKEAI_imi          		 0.0395263
EAKEAJ_imi          		 0.0395263
EAKEAL_imi          		 0.0387728
EAKRW_imi           		 0.0422337
EAKUS_imi           		 0.0193648
EAKEAI_imiy         		 0.00994209
EAKEAA_imcg         		 0.0242201
EAKEAB_imcg         		 0.0242201
EAKEAC_imcg         		 0.0242201
EAKEAD_imcg         		 0.0242201
EAKEAE_imcg         		 0.0242201
EAKEAF_imcg         		 0.0242201
EAKEAG_imcg         		 0.0242201
EAKEAH_imcg         		 0.0242201
EAKEAI_imcg         		 0.0242201
EAKEAJ_imcg         		 0.0242201
EAKEAL_imcg         		 0.0237584
EAKRW_imcg          		 0.0258791
EAKUS_imcg          		 0.011866
EAKEAI_imcgy        		 0.00609211
EAKEAA_imig         		 0.00484402
EAKEAB_imig         		 0.00484402
EAKEAC_imig         		 0.00484402
EAKEAD_imig         		 0.00484402
EAKEAE_imig         		 0.00484402
EAKEAF_imig         		 0.00484402
EAKEAG_imig         		 0.00484402
EAKEAH_imig         		 0.00484402
EAKEAI_imig         		 0.00484402
EAKEAJ_imig         		 0.00484402
EAKEAL_imig         		 0.00475168
EAKRW_imig          		 0.00517582
EAKUS_imig          		 0.0023732
EAKEAI_imigy        		 0.00121842
EAK_piex            		 1.00496
EAK_pextilde        		 0.87687
EAKEAA_rer          		 1
EAKEAB_rer          		 1
EAKEAC_rer          		 1
EAKEAD_rer          		 1
EAKEAE_rer          		 1
EAKEAF_rer          		 1
EAKEAG_rer          		 1
EAKEAH_rer          		 1
EAKEAI_rer          		 1
EAKEAJ_rer          		 1
EAKEAL_rer          		 1.00491
EAKRW_rer           		 0.900807
EAKUS_rer           		 1.19419
EAK_sx              		 1
EAKEAA_tot          		 1
EAKEAB_tot          		 1
EAKEAC_tot          		 1
EAKEAD_tot          		 1
EAKEAE_tot          		 1
EAKEAF_tot          		 1
EAKEAG_tot          		 1
EAKEAH_tot          		 1
EAKEAI_tot          		 1
EAKEAJ_tot          		 1
EAKEAL_tot          		 1.00773
EAKRW_tot           		 0.973847
EAKUS_tot           		 1.3303
EAKEAA_weight       		 0.0783525
EAKEAB_weight       		 0.0783525
EAKEAC_weight       		 0.0783525
EAKEAD_weight       		 0.0783525
EAKEAE_weight       		 0.0783525
EAKEAF_weight       		 0.0783525
EAKEAG_weight       		 0.0783525
EAKEAH_weight       		 0.0783525
EAKEAI_weight       		 0.0783525
EAKEAJ_weight       		 0.0783525
EAKEAL_weight       		 0.0779231
EAKRW_weight        		 0.082814
EAKUS_weight        		 0.0557378
EAKEAA_weightex     		 0.077848
EAKEAB_weightex     		 0.077848
EAKEAC_weightex     		 0.077848
EAKEAD_weightex     		 0.077848
EAKEAE_weightex     		 0.077848
EAKEAF_weightex     		 0.077848
EAKEAG_weightex     		 0.077848
EAKEAH_weightex     		 0.077848
EAKEAI_weightex     		 0.077848
EAKEAJ_weightex     		 0.077848
EAKEAL_weightex     		 0.0778925
EAKRW_weightex      		 0.0835674
EAKUS_weightex      		 0.0600598
EAKEAA_weightim     		 0.0788593
EAKEAB_weightim     		 0.0788593
EAKEAC_weightim     		 0.0788593
EAKEAD_weightim     		 0.0788593
EAKEAE_weightim     		 0.0788593
EAKEAF_weightim     		 0.0788593
EAKEAG_weightim     		 0.0788593
EAKEAH_weightim     		 0.0788593
EAKEAI_weightim     		 0.0788593
EAKEAJ_weightim     		 0.0788593
EAKEAL_weightim     		 0.0779539
EAKRW_weightim      		 0.0820572
EAKUS_weightim      		 0.051396
EAK_b               		 8.36671
EAK_bf              		 -0.44006
EAK_by              		 2.4
EAK_c               		 1.88624
EAK_ci              		 2.14913
EAK_cj              		 1.09759
EAK_cy              		 0.541071
EAK_d               		 0.216018
EAK_dn              		 0.216018
EAK_dt              		 -3.08408e-09
EAK_etot            		 1.01442
EAK_ex              		 1.60352
EAK_fh              		 5.83127
EAK_fi              		 8.77493
EAK_fj              		 0.324997
EAK_fn              		 11.3157
EAK_cg              		 0.754007
EAK_gammab          		 0
EAK_gammai          		 0
EAK_gammaider       		 0
EAK_gammau          		 0
EAK_gammauder       		 0.0324171
EAK_gammav          		 0.000197578
EAK_gammavi         		 0.000104746
EAK_gammavider      		 0.00232797
EAK_gammavj         		 0.000104746
EAK_gammavjder      		 0.00232797
EAK_gh              		 6.99753
EAK_gi              		 5.08056
EAK_gj              		 3.316
EAK_gn              		 16.9735
EAK_cgy             		 0.2
EAK_ht              		 0.692463
EAK_htc             		 0.186168
EAK_hti             		 0.12846
EAK_htcg            		 0.314862
EAK_htig            		 0.0629723
EAK_i               		 0.806245
EAK_ig              		 0.150801
EAK_ii              		 1.07499
EAK_im              		 1.56994
EAK_imc             		 0.71445
EAK_imi             		 0.492987
EAK_imcg            		 0.302083
EAK_imig            		 0.0604166
EAK_imy             		 0.401487
EAK_internalrer     		 1.23358
EAK_igy             		 0.04
EAK_k               		 32.2498
EAK_kd              		 32.2498
EAK_kdn             		 12.3949
EAK_kdt             		 19.8549
EAK_ki              		 42.9997
EAK_lambdai         		 1.30508
EAK_lambdaj         		 2.5554
EAK_lcy             		 0.656625
EAK_m               		 0.821791
EAK_mcn             		 0.730725
EAK_mct             		 0.730725
EAK_mi              		 0.936324
EAK_mj              		 0.478192
EAK_nd              		 1.91962
EAK_ndi             		 0.910731
EAK_ndj             		 1.09851
EAK_ndn             		 0.737784
EAK_ndt             		 1.18183
EAK_ni              		 0.910731
EAK_nj              		 1.09851
EAK_nt              		 1.34373
EAK_ntc             		 0.991022
EAK_nti             		 0.186499
EAK_ntcg            		 0.13851
EAK_ntig            		 0.027702
EAK_pex             		 0.87687
EAK_pht             		 0.87687
EAK_phttilde        		 0.87687
EAK_pi              		 0.93839
EAK_pcg             		 0.924694
EAK_pig             		 0.924694
EAK_pic             		 1.00496
EAK_pic4            		 1.02
EAK_piex4           		 1.02
EAK_piht            		 1.00496
EAK_piimc           		 1.00496
EAK_piimi           		 1.00496
EAK_piimcg          		 1.00496
EAK_piimig          		 1.00496
EAK_piimc4          		 1.02
EAK_pim             		 0.891524
EAK_pimc            		 0.891524
EAK_pimi            		 0.891524
EAK_pimcg           		 0.891524
EAK_pimig           		 0.891524
EAK_pint            		 1.00496
EAK_piw             		 1.00496
EAK_piw4            		 1.02
EAK_pnt             		 1.09609
EAK_pnttilde        		 1.09609
EAK_pttc            		 0.888544
EAK_ptti            		 0.888544
EAK_pttcg           		 0.884121
EAK_pttig           		 0.884121
EAK_py              		 0.957802
EAK_q               		 0.93839
EAK_qc              		 1.88644
EAK_qi              		 0.806245
EAK_qcg             		 0.754007
EAK_qig             		 0.150801
EAK_r               		 1.01242
EAK_reer            		 1.00162
EAK_rer             		 1.19419
EAK_rerdep          		 1
EAK_rk              		 0.0304198
EAK_rp              		 0
EAK_rr              		 1.00742
EAK_rrstar          		 1.00742
EAK_sh              		 1
EAK_si              		 1
EAK_sj              		 1
EAK_snt             		 1
EAK_t               		 0
EAK_tauc            		 0.183
EAK_taud            		 0
EAK_tauk            		 0
EAK_taun            		 0.122
EAK_tauwf           		 0.219
EAK_tauwh           		 0.118
EAK_tb              		 0.00644541
EAK_tby             		 0.00184887
EAK_ti              		 0
EAK_tj              		 0
EAK_tot             		 1.3303
EAK_tr              		 0.313196
EAK_tri             		 0.208798
EAK_trj             		 0.626393
EAK_try             		 0.089839
EAK_ttc             		 0.900568
EAK_tti             		 0.621413
EAK_ttcg            		 0.616891
EAK_ttig            		 0.123378
EAK_ty              		 0
EAK_u               		 1
EAK_utili           		 -93.8153
EAK_utilj           		 -210.899
EAK_vj              		 2.29529
EAK_w               		 0.978233
EAK_wcst            		 0
EAK_whty            		 0.574241
EAK_wi              		 1.08736
EAK_witilde         		 1.08736
EAK_wj              		 0.807945
EAK_wjtilde         		 0.807945
EAK_wnty            		 0.490019
EAK_wy              		 0.538658
EAK_y               		 3.63972
EAK_ygap            		 0
EAK_ygrowth         		 1
EAK_ygrowth4        		 1
EAK_yhty            		 0.577512
EAK_ynty            		 0.422488
EAK_yshare          		 0.067566
EAK_ysn             		 1.34373
EAK_yst             		 2.29598
EAK_zcon            		 1
EAK_zinv            		 1
EAK_zn              		 1
EAK_zt              		 1
EAK_gammav1         		 0.0308642
EAK_gammav2         		 0.150338
EAK_nutc            		 0.2
EAK_nuti            		 0.2
EAK_nutcg           		 0.5
EAK_nutig           		 0.5
EAK_psit            		 0.2
EAKEAA_rerbar       		 1
EAKEAB_rerbar       		 1
EAKEAC_rerbar       		 1
EAKEAD_rerbar       		 1
EAKEAE_rerbar       		 1
EAKEAF_rerbar       		 1
EAKEAG_rerbar       		 1
EAKEAH_rerbar       		 1
EAKEAI_rerbar       		 1
EAKEAJ_rerbar       		 1
EAKEAL_rerbar       		 1.00491
EAKRW_rerbar        		 0.900807
EAKUS_rerbar        		 1.19419
EAK_pibar           		 0.93839
EAK_psinbar         		 0.376245
EAK_psitbar         		 0.459197
EAK_pybar           		 0.957802
EAK_qbar            		 0.93839
EAK_trybar          		 0.0898407
EAK_ybar            		 3.63972
EAK_ynbar           		 1.34373
EAK_ytbar           		 2.29598
EALEAA_excy         		 0.0141316
EALEAB_excy         		 0.0141316
EALEAC_excy         		 0.0141316
EALEAD_excy         		 0.0141316
EALEAE_excy         		 0.0141316
EALEAF_excy         		 0.0141316
EALEAG_excy         		 0.0141316
EALEAH_excy         		 0.0141316
EALEAI_excy         		 0.0141316
EALEAJ_excy         		 0.0141316
EALEAK_excy         		 0.0141316
EALRW_excy          		 0.0145595
EALUS_excy          		 0.00523471
EALEAA_exiy         		 0.00975113
EALEAB_exiy         		 0.00975113
EALEAC_exiy         		 0.00975113
EALEAD_exiy         		 0.00975113
EALEAE_exiy         		 0.00975113
EALEAF_exiy         		 0.00975113
EALEAG_exiy         		 0.00975113
EALEAH_exiy         		 0.00975113
EALEAI_exiy         		 0.00975113
EALEAJ_exiy         		 0.00975113
EALEAK_exiy         		 0.00975113
EALRW_exiy          		 0.0113703
EALUS_exiy          		 0.00414288
EAL_fx              		 4.50938
EALEAA_gammaimc     		 0
EALEAB_gammaimc     		 0
EALEAC_gammaimc     		 0
EALEAD_gammaimc     		 0
EALEAE_gammaimc     		 0
EALEAF_gammaimc     		 0
EALEAG_gammaimc     		 0
EALEAH_gammaimc     		 0
EALEAI_gammaimc     		 0
EALEAJ_gammaimc     		 0
EALEAK_gammaimc     		 0
EALRW_gammaimc      		 0
EALUS_gammaimc      		 0
EALEAA_gammaimcdag  		 1
EALEAB_gammaimcdag  		 1
EALEAC_gammaimcdag  		 1
EALEAD_gammaimcdag  		 1
EALEAE_gammaimcdag  		 1
EALEAF_gammaimcdag  		 1
EALEAG_gammaimcdag  		 1
EALEAH_gammaimcdag  		 1
EALEAI_gammaimcdag  		 1
EALEAJ_gammaimcdag  		 1
EALEAK_gammaimcdag  		 1
EALRW_gammaimcdag   		 1
EALUS_gammaimcdag   		 1
EALEAA_gammaimi     		 0
EALEAB_gammaimi     		 0
EALEAC_gammaimi     		 0
EALEAD_gammaimi     		 0
EALEAE_gammaimi     		 0
EALEAF_gammaimi     		 0
EALEAG_gammaimi     		 0
EALEAH_gammaimi     		 0
EALEAI_gammaimi     		 0
EALEAJ_gammaimi     		 0
EALEAK_gammaimi     		 0
EALRW_gammaimi      		 0
EALUS_gammaimi      		 0
EALEAA_gammaimidag  		 1
EALEAB_gammaimidag  		 1
EALEAC_gammaimidag  		 1
EALEAD_gammaimidag  		 1
EALEAE_gammaimidag  		 1
EALEAF_gammaimidag  		 1
EALEAG_gammaimidag  		 1
EALEAH_gammaimidag  		 1
EALEAI_gammaimidag  		 1
EALEAJ_gammaimidag  		 1
EALEAK_gammaimidag  		 1
EALRW_gammaimidag   		 1
EALUS_gammaimidag   		 1
EALEAA_gammaimcg    		 0
EALEAB_gammaimcg    		 0
EALEAC_gammaimcg    		 0
EALEAD_gammaimcg    		 0
EALEAE_gammaimcg    		 0
EALEAF_gammaimcg    		 0
EALEAG_gammaimcg    		 0
EALEAH_gammaimcg    		 0
EALEAI_gammaimcg    		 0
EALEAJ_gammaimcg    		 0
EALEAK_gammaimcg    		 0
EALRW_gammaimcg     		 0
EALUS_gammaimcg     		 0
EALEAA_gammaimcgdag 		 1
EALEAB_gammaimcgdag 		 1
EALEAC_gammaimcgdag 		 1
EALEAD_gammaimcgdag 		 1
EALEAE_gammaimcgdag 		 1
EALEAF_gammaimcgdag 		 1
EALEAG_gammaimcgdag 		 1
EALEAH_gammaimcgdag 		 1
EALEAI_gammaimcgdag 		 1
EALEAJ_gammaimcgdag 		 1
EALEAK_gammaimcgdag 		 1
EALRW_gammaimcgdag  		 1
EALUS_gammaimcgdag  		 1
EALEAA_gammaimig    		 0
EALEAB_gammaimig    		 0
EALEAC_gammaimig    		 0
EALEAD_gammaimig    		 0
EALEAE_gammaimig    		 0
EALEAF_gammaimig    		 0
EALEAG_gammaimig    		 0
EALEAH_gammaimig    		 0
EALEAI_gammaimig    		 0
EALEAJ_gammaimig    		 0
EALEAK_gammaimig    		 0
EALRW_gammaimig     		 0
EALUS_gammaimig     		 0
EALEAA_gammaimigdag 		 1
EALEAB_gammaimigdag 		 1
EALEAC_gammaimigdag 		 1
EALEAD_gammaimigdag 		 1
EALEAE_gammaimigdag 		 1
EALEAF_gammaimigdag 		 1
EALEAG_gammaimigdag 		 1
EALEAH_gammaimigdag 		 1
EALEAI_gammaimigdag 		 1
EALEAJ_gammaimigdag 		 1
EALEAK_gammaimigdag 		 1
EALRW_gammaimigdag  		 1
EALUS_gammaimigdag  		 1
EAL_gx              		 5.41125
EALEAA_im           		 0.126403
EALEAB_im           		 0.126403
EALEAC_im           		 0.126403
EALEAD_im           		 0.126403
EALEAE_im           		 0.126403
EALEAF_im           		 0.126403
EALEAG_im           		 0.126403
EALEAH_im           		 0.126403
EALEAI_im           		 0.126403
EALEAJ_im           		 0.126403
EALEAK_im           		 0.126403
EALRW_im            		 0.135061
EALUS_im            		 0.0619276
EALEAA_imc          		 0.0584877
EALEAB_imc          		 0.0584877
EALEAC_imc          		 0.0584877
EALEAD_imc          		 0.0584877
EALEAE_imc          		 0.0584877
EALEAF_imc          		 0.0584877
EALEAG_imc          		 0.0584877
EALEAH_imc          		 0.0584877
EALEAI_imc          		 0.0584877
EALEAJ_imc          		 0.0584877
EALEAK_imc          		 0.0584877
EALRW_imc           		 0.0624938
EALUS_imc           		 0.0286544
EALEAJ_imcy         		 0.0145965
EALEAA_imi          		 0.0397853
EALEAB_imi          		 0.0397853
EALEAC_imi          		 0.0397853
EALEAD_imi          		 0.0397853
EALEAE_imi          		 0.0397853
EALEAF_imi          		 0.0397853
EALEAG_imi          		 0.0397853
EALEAH_imi          		 0.0397853
EALEAI_imi          		 0.0397853
EALEAJ_imi          		 0.0397853
EALEAK_imi          		 0.0397853
EALRW_imi           		 0.0425105
EALUS_imi           		 0.0194917
EALEAJ_imiy         		 0.00992904
EALEAA_imcg         		 0.0245316
EALEAB_imcg         		 0.0245316
EALEAC_imcg         		 0.0245316
EALEAD_imcg         		 0.0245316
EALEAE_imcg         		 0.0245316
EALEAF_imcg         		 0.0245316
EALEAG_imcg         		 0.0245316
EALEAH_imcg         		 0.0245316
EALEAI_imcg         		 0.0245316
EALEAJ_imcg         		 0.0245316
EALEAK_imcg         		 0.0245316
EALRW_imcg          		 0.0262119
EALUS_imcg          		 0.0120186
EALEAJ_imcgy        		 0.00612223
EALEAA_imig         		 0.00359833
EALEAB_imig         		 0.00359833
EALEAC_imig         		 0.00359833
EALEAD_imig         		 0.00359833
EALEAE_imig         		 0.00359833
EALEAF_imig         		 0.00359833
EALEAG_imig         		 0.00359833
EALEAH_imig         		 0.00359833
EALEAI_imig         		 0.00359833
EALEAJ_imig         		 0.00359833
EALEAK_imig         		 0.00359833
EALRW_imig          		 0.0038448
EALUS_imig          		 0.0017629
EALEAJ_imigy        		 0.000898019
EAL_piex            		 1.00496
EAL_pextilde        		 0.879333
EALEAA_rer          		 0.995117
EALEAB_rer          		 0.995117
EALEAC_rer          		 0.995117
EALEAD_rer          		 0.995117
EALEAE_rer          		 0.995117
EALEAF_rer          		 0.995117
EALEAG_rer          		 0.995117
EALEAH_rer          		 0.995117
EALEAI_rer          		 0.995117
EALEAJ_rer          		 0.995117
EALEAK_rer          		 0.995117
EALRW_rer           		 0.896409
EALUS_rer           		 1.18836
EAL_sx              		 1
EALEAA_tot          		 0.992331
EALEAB_tot          		 0.992331
EALEAC_tot          		 0.992331
EALEAD_tot          		 0.992331
EALEAE_tot          		 0.992331
EALEAF_tot          		 0.992331
EALEAG_tot          		 0.992331
EALEAH_tot          		 0.992331
EALEAI_tot          		 0.992331
EALEAJ_tot          		 0.992331
EALEAK_tot          		 0.992331
EALRW_tot           		 0.966378
EALUS_tot           		 1.3201
EALEAA_weight       		 0.0783223
EALEAB_weight       		 0.0783223
EALEAC_weight       		 0.0783223
EALEAD_weight       		 0.0783223
EALEAE_weight       		 0.0783223
EALEAF_weight       		 0.0783223
EALEAG_weight       		 0.0783223
EALEAH_weight       		 0.0783223
EALEAI_weight       		 0.0783223
EALEAJ_weight       		 0.0783223
EALEAK_weight       		 0.0783223
EALRW_weight        		 0.0827723
EALUS_weight        		 0.0556819
EALEAA_weightex     		 0.0778509
EALEAB_weightex     		 0.0778509
EALEAC_weightex     		 0.0778509
EALEAD_weightex     		 0.0778509
EALEAE_weightex     		 0.0778509
EALEAF_weightex     		 0.0778509
EALEAG_weightex     		 0.0778509
EALEAH_weightex     		 0.0778509
EALEAI_weightex     		 0.0778509
EALEAJ_weightex     		 0.0778509
EALEAK_weightex     		 0.0778509
EALRW_weightex      		 0.0835716
EALUS_weightex      		 0.0600684
EALEAA_weightim     		 0.078788
EALEAB_weightim     		 0.078788
EALEAC_weightim     		 0.078788
EALEAD_weightim     		 0.078788
EALEAE_weightim     		 0.078788
EALEAF_weightim     		 0.078788
EALEAG_weightim     		 0.078788
EALEAH_weightim     		 0.078788
EALEAI_weightim     		 0.078788
EALEAJ_weightim     		 0.078788
EALEAK_weightim     		 0.078788
EALRW_weightim      		 0.0819829
EALUS_weightim      		 0.0513495
EAL_b               		 8.39144
EAL_bf              		 1.18274
EAL_by              		 2.4
EAL_c               		 1.91707
EAL_ci              		 2.18754
EAL_cj              		 1.10566
EAL_cy              		 0.548292
EAL_d               		 0.223346
EAL_dn              		 0.223346
EAL_dt              		 -3.64475e-09
EAL_etot            		 1.00602
EAL_ex              		 1.57243
EAL_fh              		 5.67499
EAL_fi              		 9.23781
EAL_fj              		 0.342141
EAL_fn              		 11.6995
EAL_cg              		 0.756548
EAL_gammab          		 0
EAL_gammai          		 0
EAL_gammaider       		 0
EAL_gammau          		 0
EAL_gammauder       		 0.0324171
EAL_gammav          		 0.000200806
EAL_gammavi         		 0.000104746
EAL_gammavider      		 0.00232797
EAL_gammavj         		 0.000104746
EAL_gammavjder      		 0.00232797
EAL_gh              		 6.80999
EAL_gi              		 5.07763
EAL_gj              		 3.34869
EAL_gn              		 17.5493
EAL_cgy             		 0.2
EAL_ht              		 0.672017
EAL_htc             		 0.186461
EAL_hti             		 0.126837
EAL_htcg            		 0.312831
EAL_htig            		 0.0458866
EAL_i               		 0.808613
EAL_ig              		 0.144689
EAL_ii              		 1.07815
EAL_im              		 1.57893
EAL_imc             		 0.730582
EAL_imi             		 0.496967
EAL_imcg            		 0.306429
EAL_imig            		 0.0449475
EAL_imy             		 0.400388
EAL_internalrer     		 1.24177
EAL_igy             		 0.04
EAL_k               		 32.3445
EAL_kd              		 32.3445
EAL_kdn             		 12.8413
EAL_kdt             		 19.5032
EAL_ki              		 43.126
EAL_lambdai         		 1.28216
EAL_lambdaj         		 2.53675
EAL_lcy             		 0.655285
EAL_m               		 0.83522
EAL_mcn             		 0.732777
EAL_mct             		 0.732777
EAL_mi              		 0.953057
EAL_mj              		 0.481708
EAL_nd              		 1.91203
EAL_ndi             		 0.905132
EAL_ndj             		 1.09686
EAL_ndn             		 0.759105
EAL_ndt             		 1.15292
EAL_ni              		 0.905132
EAL_nj              		 1.09686
EAL_nt              		 1.38543
EAL_ntc             		 1.00581
EAL_nti             		 0.186596
EAL_ntcg            		 0.138754
EAL_ntig            		 0.0542736
EAL_pex             		 0.879333
EAL_pht             		 0.879333
EAL_phttilde        		 0.879333
EAL_pi              		 0.936494
EAL_pcg             		 0.924313
EAL_pig             		 0.966607
EAL_pic             		 1.00496
EAL_pic4            		 1.02
EAL_piex4           		 1.02
EAL_piht            		 1.00496
EAL_piimc           		 1.00496
EAL_piimi           		 1.00496
EAL_piimcg          		 1.00496
EAL_piimig          		 1.00496
EAL_piimc4          		 1.02
EAL_pim             		 0.886636
EAL_pimc            		 0.886636
EAL_pimi            		 0.886636
EAL_pimcg           		 0.886636
EAL_pimig           		 0.886636
EAL_pint            		 1.00496
EAL_piw             		 1.00496
EAL_piw4            		 1.02
EAL_pnt             		 1.09917
EAL_pnttilde        		 1.09917
EAL_pttc            		 0.885163
EAL_ptti            		 0.885163
EAL_pttcg           		 0.882965
EAL_pttig           		 0.882965
EAL_py              		 0.963237
EAL_q               		 0.936494
EAL_qc              		 1.91727
EAL_qi              		 0.808613
EAL_qcg             		 0.756548
EAL_qig             		 0.144689
EAL_r               		 1.01242
EAL_reer            		 0.996347
EAL_rer             		 1.18836
EAL_rerdep          		 1
EAL_rk              		 0.0303584
EAL_rp              		 0
EAL_rr              		 1.00742
EAL_rrstar          		 1.00742
EAL_sh              		 1
EAL_si              		 1
EAL_sj              		 1
EAL_snt             		 1
EAL_t               		 0
EAL_tauc            		 0.183
EAL_taud            		 0
EAL_tauk            		 0
EAL_taun            		 0.122
EAL_tauwf           		 0.219
EAL_tauwh           		 0.118
EAL_tb              		 -0.0172386
EAL_tby             		 -0.00493033
EAL_ti              		 0
EAL_tj              		 0
EAL_tot             		 1.3201
EAL_tr              		 0.317034
EAL_tri             		 0.211356
EAL_trj             		 0.634067
EAL_try             		 0.0906716
EAL_ttc             		 0.917031
EAL_tti             		 0.623796
EAL_ttcg            		 0.619247
EAL_ttig            		 0.0908322
EAL_ty              		 0
EAL_u               		 1
EAL_utili           		 -90.7825
EAL_utilj           		 -209.633
EAL_vj              		 2.29529
EAL_w               		 0.983011
EAL_wcst            		 0
EAL_whty            		 0.574241
EAL_wi              		 1.09323
EAL_witilde         		 1.09323
EAL_wj              		 0.811432
EAL_wjtilde         		 0.811432
EAL_wnty            		 0.490019
EAL_wy              		 0.53756
EAL_y               		 3.62988
EAL_ygap            		 0
EAL_ygrowth         		 1
EAL_ygrowth4        		 1
EAL_yhty            		 0.564466
EAL_ynty            		 0.435534
EAL_yshare          		 0.0680982
EAL_ysn             		 1.38543
EAL_yst             		 2.24445
EAL_zcon            		 1
EAL_zinv            		 1
EAL_zn              		 1
EAL_zt              		 1
EAL_gammav1         		 0.0308642
EAL_gammav2         		 0.150338
EAL_nutc            		 0.2
EAL_nuti            		 0.2
EAL_nutcg           		 0.5
EAL_nutig           		 0.5
EAL_psit            		 0.2
EALEAA_rerbar       		 0.995117
EALEAB_rerbar       		 0.995117
EALEAC_rerbar       		 0.995117
EALEAD_rerbar       		 0.995117
EALEAE_rerbar       		 0.995117
EALEAF_rerbar       		 0.995117
EALEAG_rerbar       		 0.995117
EALEAH_rerbar       		 0.995117
EALEAI_rerbar       		 0.995117
EALEAJ_rerbar       		 0.995117
EALEAK_rerbar       		 0.995117
EALRW_rerbar        		 0.896409
EALUS_rerbar        		 1.18836
EAL_pibar           		 0.936494
EAL_psinbar         		 0.38792
EAL_psitbar         		 0.44889
EAL_pybar           		 0.963237
EAL_qbar            		 0.936494
EAL_trybar          		 0.0906734
EAL_ybar            		 3.62988
EAL_ynbar           		 1.38543
EAL_ytbar           		 2.24445
RWEAA_excy          		 0.0129205
RWEAB_excy          		 0.0129205
RWEAC_excy          		 0.0129205
RWEAD_excy          		 0.0129205
RWEAE_excy          		 0.0129205
RWEAF_excy          		 0.0129205
RWEAG_excy          		 0.0129205
RWEAH_excy          		 0.0129205
RWEAI_excy          		 0.0129205
RWEAJ_excy          		 0.0129205
RWEAK_excy          		 0.0129205
RWEAL_excy          		 0.0131924
RWUS_excy           		 0.0047861
RWEAA_exiy          		 0.00891547
RWEAB_exiy          		 0.00891547
RWEAC_exiy          		 0.00891547
RWEAD_exiy          		 0.00891547
RWEAE_exiy          		 0.00891547
RWEAF_exiy          		 0.00891547
RWEAG_exiy          		 0.00891547
RWEAH_exiy          		 0.00891547
RWEAI_exiy          		 0.00891547
RWEAJ_exiy          		 0.00891547
RWEAK_exiy          		 0.00891547
RWEAL_exiy          		 0.00897389
RWUS_exiy           		 0.00378783
RW_fx               		 5.27283
RWEAA_gammaimc      		 0
RWEAB_gammaimc      		 0
RWEAC_gammaimc      		 0
RWEAD_gammaimc      		 0
RWEAE_gammaimc      		 0
RWEAF_gammaimc      		 0
RWEAG_gammaimc      		 0
RWEAH_gammaimc      		 0
RWEAI_gammaimc      		 0
RWEAJ_gammaimc      		 0
RWEAK_gammaimc      		 0
RWEAL_gammaimc      		 0
RWUS_gammaimc       		 0
RWEAA_gammaimcdag   		 1
RWEAB_gammaimcdag   		 1
RWEAC_gammaimcdag   		 1
RWEAD_gammaimcdag   		 1
RWEAE_gammaimcdag   		 1
RWEAF_gammaimcdag   		 1
RWEAG_gammaimcdag   		 1
RWEAH_gammaimcdag   		 1
RWEAI_gammaimcdag   		 1
RWEAJ_gammaimcdag   		 1
RWEAK_gammaimcdag   		 1
RWEAL_gammaimcdag   		 1
RWUS_gammaimcdag    		 1
RWEAA_gammaimi      		 0
RWEAB_gammaimi      		 0
RWEAC_gammaimi      		 0
RWEAD_gammaimi      		 0
RWEAE_gammaimi      		 0
RWEAF_gammaimi      		 0
RWEAG_gammaimi      		 0
RWEAH_gammaimi      		 0
RWEAI_gammaimi      		 0
RWEAJ_gammaimi      		 0
RWEAK_gammaimi      		 0
RWEAL_gammaimi      		 0
RWUS_gammaimi       		 0
RWEAA_gammaimidag   		 1
RWEAB_gammaimidag   		 1
RWEAC_gammaimidag   		 1
RWEAD_gammaimidag   		 1
RWEAE_gammaimidag   		 1
RWEAF_gammaimidag   		 1
RWEAG_gammaimidag   		 1
RWEAH_gammaimidag   		 1
RWEAI_gammaimidag   		 1
RWEAJ_gammaimidag   		 1
RWEAK_gammaimidag   		 1
RWEAL_gammaimidag   		 1
RWUS_gammaimidag    		 1
RWEAA_gammaimcg     		 0
RWEAB_gammaimcg     		 0
RWEAC_gammaimcg     		 0
RWEAD_gammaimcg     		 0
RWEAE_gammaimcg     		 0
RWEAF_gammaimcg     		 0
RWEAG_gammaimcg     		 0
RWEAH_gammaimcg     		 0
RWEAI_gammaimcg     		 0
RWEAJ_gammaimcg     		 0
RWEAK_gammaimcg     		 0
RWEAL_gammaimcg     		 0
RWUS_gammaimcg      		 0
RWEAA_gammaimcgdag  		 1
RWEAB_gammaimcgdag  		 1
RWEAC_gammaimcgdag  		 1
RWEAD_gammaimcgdag  		 1
RWEAE_gammaimcgdag  		 1
RWEAF_gammaimcgdag  		 1
RWEAG_gammaimcgdag  		 1
RWEAH_gammaimcgdag  		 1
RWEAI_gammaimcgdag  		 1
RWEAJ_gammaimcgdag  		 1
RWEAK_gammaimcgdag  		 1
RWEAL_gammaimcgdag  		 1
RWUS_gammaimcgdag   		 1
RWEAA_gammaimig     		 0
RWEAB_gammaimig     		 0
RWEAC_gammaimig     		 0
RWEAD_gammaimig     		 0
RWEAE_gammaimig     		 0
RWEAF_gammaimig     		 0
RWEAG_gammaimig     		 0
RWEAH_gammaimig     		 0
RWEAI_gammaimig     		 0
RWEAJ_gammaimig     		 0
RWEAK_gammaimig     		 0
RWEAL_gammaimig     		 0
RWUS_gammaimig      		 0
RWEAA_gammaimigdag  		 1
RWEAB_gammaimigdag  		 1
RWEAC_gammaimigdag  		 1
RWEAD_gammaimigdag  		 1
RWEAE_gammaimigdag  		 1
RWEAF_gammaimigdag  		 1
RWEAG_gammaimigdag  		 1
RWEAH_gammaimigdag  		 1
RWEAI_gammaimigdag  		 1
RWEAJ_gammaimigdag  		 1
RWEAK_gammaimigdag  		 1
RWEAL_gammaimigdag  		 1
RWUS_gammaimigdag   		 1
RW_gx               		 6.3274
RWEAA_im            		 0.133199
RWEAB_im            		 0.133199
RWEAC_im            		 0.133199
RWEAD_im            		 0.133199
RWEAE_im            		 0.133199
RWEAF_im            		 0.133199
RWEAG_im            		 0.133199
RWEAH_im            		 0.133199
RWEAI_im            		 0.133199
RWEAJ_im            		 0.133199
RWEAK_im            		 0.133199
RWEAL_im            		 0.13066
RWUS_im             		 0.0652572
RWEAA_imc           		 0.059017
RWEAB_imc           		 0.059017
RWEAC_imc           		 0.059017
RWEAD_imc           		 0.059017
RWEAE_imc           		 0.059017
RWEAF_imc           		 0.059017
RWEAG_imc           		 0.059017
RWEAH_imc           		 0.059017
RWEAI_imc           		 0.059017
RWEAJ_imc           		 0.059017
RWEAK_imc           		 0.059017
RWEAL_imc           		 0.057892
RWUS_imc            		 0.0289138
RWEAK_imcy          		 0.012793
RWEAA_imi           		 0.0460895
RWEAB_imi           		 0.0460895
RWEAC_imi           		 0.0460895
RWEAD_imi           		 0.0460895
RWEAE_imi           		 0.0460895
RWEAF_imi           		 0.0460895
RWEAG_imi           		 0.0460895
RWEAH_imi           		 0.0460895
RWEAI_imi           		 0.0460895
RWEAJ_imi           		 0.0460895
RWEAK_imi           		 0.0460895
RWEAL_imi           		 0.045211
RWUS_imi            		 0.0225803
RWEAK_imiy          		 0.00999072
RWEAA_imcg          		 0.0224739
RWEAB_imcg          		 0.0224739
RWEAC_imcg          		 0.0224739
RWEAD_imcg          		 0.0224739
RWEAE_imcg          		 0.0224739
RWEAF_imcg          		 0.0224739
RWEAG_imcg          		 0.0224739
RWEAH_imcg          		 0.0224739
RWEAI_imcg          		 0.0224739
RWEAJ_imcg          		 0.0224739
RWEAK_imcg          		 0.0224739
RWEAL_imcg          		 0.0220455
RWUS_imcg           		 0.0110105
RWEAK_imcgy         		 0.00487161
RWEAA_imig          		 0.00561847
RWEAB_imig          		 0.00561847
RWEAC_imig          		 0.00561847
RWEAD_imig          		 0.00561847
RWEAE_imig          		 0.00561847
RWEAF_imig          		 0.00561847
RWEAG_imig          		 0.00561847
RWEAH_imig          		 0.00561847
RWEAI_imig          		 0.00561847
RWEAJ_imig          		 0.00561847
RWEAK_imig          		 0.00561847
RWEAL_imig          		 0.00551136
RWUS_imig           		 0.00275261
RWEAK_imigy         		 0.0012179
RW_piex             		 1.00496
RW_pextilde         		 0.947969
RWEAA_rer           		 1.11012
RWEAB_rer           		 1.11012
RWEAC_rer           		 1.11012
RWEAD_rer           		 1.11012
RWEAE_rer           		 1.11012
RWEAF_rer           		 1.11012
RWEAG_rer           		 1.11012
RWEAH_rer           		 1.11012
RWEAI_rer           		 1.11012
RWEAJ_rer           		 1.11012
RWEAK_rer           		 1.11012
RWEAL_rer           		 1.11556
RWUS_rer            		 1.32569
RW_sx               		 1
RWEAA_tot           		 1.02686
RWEAB_tot           		 1.02686
RWEAC_tot           		 1.02686
RWEAD_tot           		 1.02686
RWEAE_tot           		 1.02686
RWEAF_tot           		 1.02686
RWEAG_tot           		 1.02686
RWEAH_tot           		 1.02686
RWEAI_tot           		 1.02686
RWEAJ_tot           		 1.02686
RWEAK_tot           		 1.02686
RWEAL_tot           		 1.03479
RWUS_tot            		 1.36602
RWEAA_weight        		 0.0787078
RWEAB_weight        		 0.0787078
RWEAC_weight        		 0.0787078
RWEAD_weight        		 0.0787078
RWEAE_weight        		 0.0787078
RWEAF_weight        		 0.0787078
RWEAG_weight        		 0.0787078
RWEAH_weight        		 0.0787078
RWEAI_weight        		 0.0787078
RWEAJ_weight        		 0.0787078
RWEAK_weight        		 0.0787078
RWEAL_weight        		 0.0782726
RWUS_weight         		 0.0559417
RWEAA_weightex      		 0.0782978
RWEAB_weightex      		 0.0782978
RWEAC_weightex      		 0.0782978
RWEAD_weightex      		 0.0782978
RWEAE_weightex      		 0.0782978
RWEAF_weightex      		 0.0782978
RWEAG_weightex      		 0.0782978
RWEAH_weightex      		 0.0782978
RWEAI_weightex      		 0.0782978
RWEAJ_weightex      		 0.0782978
RWEAK_weightex      		 0.0782978
RWEAL_weightex      		 0.0783421
RWUS_weightex       		 0.0603826
RWEAA_weightim      		 0.0791123
RWEAB_weightim      		 0.0791123
RWEAC_weightim      		 0.0791123
RWEAD_weightim      		 0.0791123
RWEAE_weightim      		 0.0791123
RWEAF_weightim      		 0.0791123
RWEAG_weightim      		 0.0791123
RWEAH_weightim      		 0.0791123
RWEAI_weightim      		 0.0791123
RWEAJ_weightim      		 0.0791123
RWEAK_weightim      		 0.0791123
RWEAL_weightim      		 0.078204
RWUS_weightim       		 0.0515609
RW_b                		 10.7776
RW_bf               		 1.36169
RW_by               		 2.4
RW_c                		 2.6527
RW_ci               		 3.15684
RW_cj               		 1.1403
RW_cy               		 0.590717
RW_d                		 0.334012
RW_dn               		 0.334012
RW_dt               		 2.23967e-08
RW_etot             		 1.04401
RW_ex               		 1.70553
RW_fh               		 2.33482
RW_fi               		 1310.02
RW_fj               		 48.5193
RW_fn               		 6.60932
RW_cg               		 0.735243
RW_gammab           		 0
RW_gammai           		 0
RW_gammaider        		 0
RW_gammau           		 0
RW_gammauder        		 0.0324171
RW_gammav           		 0.000277862
RW_gammavi          		 0.000104746
RW_gammavider       		 0.00232797
RW_gammavj          		 0.000104746
RW_gammavjder       		 0.00232797
RW_gh               		 2.80178
RW_gi               		 20.5429
RW_gj               		 18.9572
RW_gn               		 8.44525
RW_cgy              		 0.16
RW_ht               		 0.75521
RW_htc              		 0.204943
RW_hti              		 0.160051
RW_htcg             		 0.312172
RW_htig             		 0.078043
RW_i                		 0.972081
RW_ig               		 0.183811
RW_ii               		 1.29611
RW_im               		 1.65246
RW_imc              		 0.732164
RW_imi              		 0.571786
RW_imcg             		 0.27881
RW_imig             		 0.0697026
RW_imy              		 0.364965
RW_internalrer      		 1.02725
RW_igy              		 0.04
RW_k                		 38.8833
RW_kd               		 38.8833
RW_kdn              		 17.062
RW_kdt              		 21.8213
RW_ki               		 51.8443
RW_lambdai          		 0.975482
RW_lambdaj          		 2.70056
RW_lcy              		 0.647934
RW_m                		 1.15572
RW_mcn              		 0.789974
RW_mct              		 0.789974
RW_mi               		 1.37536
RW_mj               		 0.4968
RW_nd               		 2.23284
RW_ndi              		 0.927522
RW_ndj              		 1.39121
RW_ndn              		 0.97977
RW_ndt              		 1.25307
RW_ni               		 0.927522
RW_nj               		 1.39121
RW_nt               		 2.13782
RW_ntc              		 1.71638
RW_nti              		 0.240587
RW_ntcg             		 0.144686
RW_ntig             		 0.0361714
RW_pex              		 0.947969
RW_pht              		 0.947969
RW_phttilde         		 0.947969
RW_pi               		 0.989298
RW_pcg              		 0.977233
RW_pig              		 0.977233
RW_pic              		 1.00496
RW_pic4             		 1.02
RW_piex4            		 1.02
RW_piht             		 1.00496
RW_piimc            		 1.00496
RW_piimi            		 1.00496
RW_piimcg           		 1.00496
RW_piimig           		 1.00496
RW_piimc4           		 1.02
RW_pim              		 0.991809
RW_pimc             		 0.99181
RW_pimi             		 0.99181
RW_pimcg            		 0.99181
RW_pimig            		 0.99181
RW_pint             		 1.00496
RW_piw              		 1.00496
RW_piw4             		 1.02
RW_pnt              		 1.00941
RW_pnttilde         		 1.00941
RW_pttc             		 0.982638
RW_ptti             		 0.982638
RW_pttcg            		 0.96927
RW_pttig            		 0.96927
RW_py               		 0.976533
RW_q                		 0.989298
RW_qc               		 2.65298
RW_qi               		 0.972081
RW_qcg              		 0.735243
RW_qig              		 0.183811
RW_r                		 1.01242
RW_reer             		 1.12162
RW_rer              		 1.32569
RW_rerdep           		 1
RW_rk               		 0.0320701
RW_rp               		 0
RW_rr               		 1.00742
RW_rrstar           		 1.00742
RW_sh               		 1
RW_si               		 1
RW_sj               		 1
RW_snt              		 1
RW_t                		 0
RW_tauc             		 0.077
RW_taud             		 0
RW_tauk             		 0
RW_taun             		 0.154
RW_tauwf            		 0.071
RW_tauwh            		 0.071
RW_tb               		 -0.0221404
RW_tby              		 -0.00493033
RW_ti               		 0
RW_tj               		 0
RW_tot              		 1.36602
RW_tr               		 0.0370336
RW_tri              		 0.0246891
RW_trj              		 0.0740672
RW_try              		 0.00824603
RW_ttc              		 0.936711
RW_tti              		 0.731527
RW_ttcg             		 0.590606
RW_ttig             		 0.147651
RW_ty               		 0
RW_u                		 1
RW_utili            		 -43.5161
RW_utilj            		 -267.606
RW_vj               		 2.29529
RW_w                		 1.21673
RW_wcst             		 0
RW_whty             		 0.653595
RW_wi               		 1.32004
RW_witilde          		 1.32004
RW_wj               		 1.07273
RW_wjtilde          		 1.07273
RW_wnty             		 0.55243
RW_wy               		 0.604981
RW_y                		 4.59856
RW_ygap             		 0
RW_ygrowth          		 1
RW_ygrowth4         		 1
RW_yhty             		 0.519458
RW_ynty             		 0.480542
RW_yshare           		 0.0784017
RW_ysn              		 2.13782
RW_yst              		 2.46074
RW_zcon             		 1
RW_zinv             		 1
RW_zn               		 1
RW_zt               		 1
RW_gammav1          		 0.0308642
RW_gammav2          		 0.150338
RW_nutc             		 0.2
RW_nuti             		 0.2
RW_nutcg            		 0.5
RW_nutig            		 0.5
RW_psit             		 0.2
RWEAA_rerbar        		 1.11012
RWEAB_rerbar        		 1.11012
RWEAC_rerbar        		 1.11012
RWEAD_rerbar        		 1.11012
RWEAE_rerbar        		 1.11012
RWEAF_rerbar        		 1.11012
RWEAG_rerbar        		 1.11012
RWEAH_rerbar        		 1.11012
RWEAI_rerbar        		 1.11012
RWEAJ_rerbar        		 1.11012
RWEAK_rerbar        		 1.11012
RWEAL_rerbar        		 1.11556
RWUS_rerbar         		 1.32569
RW_pibar            		 0.989298
RW_psinbar          		 0.171026
RW_psitbar          		 0.492148
RW_pybar            		 0.976533
RW_qbar             		 0.989298
RW_trybar           		 0.00824683
RW_ybar             		 4.59856
RW_ynbar            		 2.13782
RW_ytbar            		 2.46074
USEAA_excy          		 0.00575365
USEAB_excy          		 0.00575365
USEAC_excy          		 0.00575365
USEAD_excy          		 0.00575365
USEAE_excy          		 0.00575365
USEAF_excy          		 0.00575365
USEAG_excy          		 0.00575365
USEAH_excy          		 0.00575365
USEAI_excy          		 0.00575365
USEAJ_excy          		 0.00575365
USEAK_excy          		 0.00575365
USEAL_excy          		 0.0058747
USRW_excy           		 0.00592787
USEAA_exiy          		 0.00397016
USEAB_exiy          		 0.00397016
USEAC_exiy          		 0.00397016
USEAD_exiy          		 0.00397016
USEAE_exiy          		 0.00397016
USEAF_exiy          		 0.00397016
USEAG_exiy          		 0.00397016
USEAH_exiy          		 0.00397016
USEAI_exiy          		 0.00397016
USEAJ_exiy          		 0.00397016
USEAK_exiy          		 0.00397016
USEAL_exiy          		 0.00399617
USRW_exiy           		 0.00462939
US_fx               		 2.56617
USEAA_gammaimc      		 0
USEAB_gammaimc      		 0
USEAC_gammaimc      		 0
USEAD_gammaimc      		 0
USEAE_gammaimc      		 0
USEAF_gammaimc      		 0
USEAG_gammaimc      		 0
USEAH_gammaimc      		 0
USEAI_gammaimc      		 0
USEAJ_gammaimc      		 0
USEAK_gammaimc      		 0
USEAL_gammaimc      		 0
USRW_gammaimc       		 0
USEAA_gammaimcdag   		 1
USEAB_gammaimcdag   		 1
USEAC_gammaimcdag   		 1
USEAD_gammaimcdag   		 1
USEAE_gammaimcdag   		 1
USEAF_gammaimcdag   		 1
USEAG_gammaimcdag   		 1
USEAH_gammaimcdag   		 1
USEAI_gammaimcdag   		 1
USEAJ_gammaimcdag   		 1
USEAK_gammaimcdag   		 1
USEAL_gammaimcdag   		 1
USRW_gammaimcdag    		 1
USEAA_gammaimi      		 0
USEAB_gammaimi      		 0
USEAC_gammaimi      		 0
USEAD_gammaimi      		 0
USEAE_gammaimi      		 0
USEAF_gammaimi      		 0
USEAG_gammaimi      		 0
USEAH_gammaimi      		 0
USEAI_gammaimi      		 0
USEAJ_gammaimi      		 0
USEAK_gammaimi      		 0
USEAL_gammaimi      		 0
USRW_gammaimi       		 0
USEAA_gammaimidag   		 1
USEAB_gammaimidag   		 1
USEAC_gammaimidag   		 1
USEAD_gammaimidag   		 1
USEAE_gammaimidag   		 1
USEAF_gammaimidag   		 1
USEAG_gammaimidag   		 1
USEAH_gammaimidag   		 1
USEAI_gammaimidag   		 1
USEAJ_gammaimidag   		 1
USEAK_gammaimidag   		 1
USEAL_gammaimidag   		 1
USRW_gammaimidag    		 1
USEAA_gammaimcg     		 0
USEAB_gammaimcg     		 0
USEAC_gammaimcg     		 0
USEAD_gammaimcg     		 0
USEAE_gammaimcg     		 0
USEAF_gammaimcg     		 0
USEAG_gammaimcg     		 0
USEAH_gammaimcg     		 0
USEAI_gammaimcg     		 0
USEAJ_gammaimcg     		 0
USEAK_gammaimcg     		 0
USEAL_gammaimcg     		 0
USRW_gammaimcg      		 0
USEAA_gammaimcgdag  		 1
USEAB_gammaimcgdag  		 1
USEAC_gammaimcgdag  		 1
USEAD_gammaimcgdag  		 1
USEAE_gammaimcgdag  		 1
USEAF_gammaimcgdag  		 1
USEAG_gammaimcgdag  		 1
USEAH_gammaimcgdag  		 1
USEAI_gammaimcgdag  		 1
USEAJ_gammaimcgdag  		 1
USEAK_gammaimcgdag  		 1
USEAL_gammaimcgdag  		 1
USRW_gammaimcgdag   		 1
USEAA_gammaimig     		 0
USEAB_gammaimig     		 0
USEAC_gammaimig     		 0
USEAD_gammaimig     		 0
USEAE_gammaimig     		 0
USEAF_gammaimig     		 0
USEAG_gammaimig     		 0
USEAH_gammaimig     		 0
USEAI_gammaimig     		 0
USEAJ_gammaimig     		 0
USEAK_gammaimig     		 0
USEAL_gammaimig     		 0
USRW_gammaimig      		 0
USEAA_gammaimigdag  		 1
USEAB_gammaimigdag  		 1
USEAC_gammaimigdag  		 1
USEAD_gammaimigdag  		 1
USEAE_gammaimigdag  		 1
USEAF_gammaimigdag  		 1
USEAG_gammaimigdag  		 1
USEAH_gammaimigdag  		 1
USEAI_gammaimigdag  		 1
USEAJ_gammaimigdag  		 1
USEAK_gammaimigdag  		 1
USEAL_gammaimigdag  		 1
USRW_gammaimigdag   		 1
US_gx               		 3.0794
USEAA_im            		 0.0851905
USEAB_im            		 0.0851905
USEAC_im            		 0.0851905
USEAD_im            		 0.0851905
USEAE_im            		 0.0851905
USEAF_im            		 0.0851905
USEAG_im            		 0.0851905
USEAH_im            		 0.0851905
USEAI_im            		 0.0851905
USEAJ_im            		 0.0851905
USEAK_im            		 0.0851905
USEAL_im            		 0.0835666
USRW_im             		 0.0910257
USEAA_imc           		 0.0212189
USEAB_imc           		 0.0212189
USEAC_imc           		 0.0212189
USEAD_imc           		 0.0212189
USEAE_imc           		 0.0212189
USEAF_imc           		 0.0212189
USEAG_imc           		 0.0212189
USEAH_imc           		 0.0212189
USEAI_imc           		 0.0212189
USEAJ_imc           		 0.0212189
USEAK_imc           		 0.0212189
USEAL_imc           		 0.0208145
USRW_imc            		 0.0226724
USEAL_imcy          		 0.00323261
USEAA_imi           		 0.0167932
USEAB_imi           		 0.0167932
USEAC_imi           		 0.0167932
USEAD_imi           		 0.0167932
USEAE_imi           		 0.0167932
USEAF_imi           		 0.0167932
USEAG_imi           		 0.0167932
USEAH_imi           		 0.0167932
USEAI_imi           		 0.0167932
USEAJ_imi           		 0.0167932
USEAK_imi           		 0.0167932
USEAL_imi           		 0.0164731
USRW_imi            		 0.0179435
USEAL_imiy          		 0.00255837
USEAA_imcg          		 0.0377427
USEAB_imcg          		 0.0377427
USEAC_imcg          		 0.0377427
USEAD_imcg          		 0.0377427
USEAE_imcg          		 0.0377427
USEAF_imcg          		 0.0377427
USEAG_imcg          		 0.0377427
USEAH_imcg          		 0.0377427
USEAI_imcg          		 0.0377427
USEAJ_imcg          		 0.0377427
USEAK_imcg          		 0.0377427
USEAL_imcg          		 0.0370232
USRW_imcg           		 0.040328
USEAL_imcgy         		 0.00574994
USEAA_imig          		 0.00943568
USEAB_imig          		 0.00943568
USEAC_imig          		 0.00943568
USEAD_imig          		 0.00943568
USEAE_imig          		 0.00943568
USEAF_imig          		 0.00943568
USEAG_imig          		 0.00943568
USEAH_imig          		 0.00943568
USEAI_imig          		 0.00943568
USEAJ_imig          		 0.00943568
USEAK_imig          		 0.00943568
USEAL_imig          		 0.00925581
USRW_imig           		 0.010082
USEAL_imigy         		 0.00143748
US_piex             		 1.00496
US_pextilde         		 0.976812
USEAA_rer           		 0.837388
USEAB_rer           		 0.837388
USEAC_rer           		 0.837388
USEAD_rer           		 0.837388
USEAE_rer           		 0.837388
USEAF_rer           		 0.837388
USEAG_rer           		 0.837388
USEAH_rer           		 0.837388
USEAI_rer           		 0.837388
USEAJ_rer           		 0.837388
USEAK_rer           		 0.837388
USEAL_rer           		 0.841497
USRW_rer            		 0.754325
US_sx               		 1
USEAA_tot           		 0.751711
USEAB_tot           		 0.751711
USEAC_tot           		 0.751711
USEAD_tot           		 0.751711
USEAE_tot           		 0.751711
USEAF_tot           		 0.751711
USEAG_tot           		 0.751711
USEAH_tot           		 0.751711
USEAI_tot           		 0.751711
USEAJ_tot           		 0.751711
USEAK_tot           		 0.751711
USEAL_tot           		 0.757521
USRW_tot            		 0.732052
USEAA_weight        		 0.0766226
USEAB_weight        		 0.0766226
USEAC_weight        		 0.0766226
USEAD_weight        		 0.0766226
USEAE_weight        		 0.0766226
USEAF_weight        		 0.0766226
USEAG_weight        		 0.0766226
USEAH_weight        		 0.0766226
USEAI_weight        		 0.0766226
USEAJ_weight        		 0.0766226
USEAK_weight        		 0.0766226
USEAL_weight        		 0.0761894
USRW_weight         		 0.0809624
USEAA_weightex      		 0.0764891
USEAB_weightex      		 0.0764891
USEAC_weightex      		 0.0764891
USEAD_weightex      		 0.0764891
USEAE_weightex      		 0.0764891
USEAF_weightex      		 0.0764891
USEAG_weightex      		 0.0764891
USEAH_weightex      		 0.0764891
USEAI_weightex      		 0.0764891
USEAJ_weightex      		 0.0764891
USEAK_weightex      		 0.0764891
USEAL_weightex      		 0.0765199
USRW_weightex       		 0.0821003
USEAA_weightim      		 0.0767515
USEAB_weightim      		 0.0767515
USEAC_weightim      		 0.0767515
USEAD_weightim      		 0.0767515
USEAE_weightim      		 0.0767515
USEAF_weightim      		 0.0767515
USEAG_weightim      		 0.0767515
USEAH_weightim      		 0.0767515
USEAI_weightim      		 0.0767515
USEAJ_weightim      		 0.0767515
USEAK_weightim      		 0.0767515
USEAL_weightim      		 0.0758703
USRW_weightim       		 0.0798639
US_b                		 11.4348
US_bf               		 2.29624
US_by               		 2.4
US_c                		 2.82109
US_ci               		 3.35921
US_cj               		 1.20674
US_cy               		 0.592108
US_d                		 0.362818
US_dn               		 0.362818
US_dt               		 8.12282e-09
US_etot             		 0.75054
US_ex               		 0.805533
US_fh               		 5.32764
US_fi               		 4605.85
US_fj               		 170.587
US_fn               		 7.17932
US_cg               		 0.87329
US_gammai           		 0
US_gammaider        		 0
US_gammau           		 0
US_gammauder        		 0.0324171
US_gammav           		 0.0002955
US_gammavi          		 0.000104746
US_gammavider       		 0.00232797
US_gammavj          		 0.000104746
US_gammavjder       		 0.00232797
US_gh               		 6.39317
US_gi               		 29.3553
US_gj               		 27.2389
US_gn               		 9.17357
US_cgy              		 0.16
US_ht               		 1.67237
US_htc              		 0.765812
US_hti              		 0.606082
US_htcg             		 0.240383
US_htig             		 0.0600958
US_i                		 1.06623
US_ig               		 0.218323
US_ii               		 1.42165
US_im               		 1.11161
US_imc              		 0.276875
US_imi              		 0.219126
US_imcg             		 0.492485
US_imig             		 0.123121
US_imy              		 0.171061
US_internalrer      		 1.12133
US_igy              		 0.04
US_k                		 42.6494
US_kd               		 42.6494
US_kdn              		 19.1968
US_kdt              		 23.4526
US_ki               		 56.8658
US_lambdai          		 0.916715
US_lambdaj          		 2.55186
US_lcy              		 0.646695
US_m                		 1.22908
US_mcn              		 0.81401
US_mct              		 0.81401
US_mi               		 1.46353
US_mj               		 0.525748
US_nd               		 2.23148
US_ndi              		 0.925646
US_ndj              		 1.39198
US_ndn              		 1.00441
US_ndt              		 1.22707
US_ni               		 0.925646
US_nj               		 1.39198
US_nt               		 2.25362
US_ntc              		 1.79818
US_nti              		 0.255433
US_ntcg             		 0.160006
US_ntig             		 0.0400014
US_pex              		 0.976812
US_pht              		 0.976812
US_phttilde         		 0.976812
US_pi               		 0.95511
US_pcg              		 0.872928
US_pig              		 0.872928
US_pic              		 1.00496
US_pic4             		 1.02
US_piex4            		 1.02
US_piht             		 1.00496
US_piimc            		 1.00496
US_piimi            		 1.00496
US_piimcg           		 1.00496
US_piimig           		 1.00496
US_piimc4           		 1.02
US_pim              		 0.733188
US_pimc             		 0.733188
US_pimi             		 0.733188
US_pimcg            		 0.733188
US_pimig            		 0.733188
US_pint             		 1.00496
US_piw              		 1.00496
US_piw4             		 1.02
US_pnt              		 1.04012
US_pnttilde         		 1.04012
US_pttc             		 0.927577
US_ptti             		 0.927577
US_pttcg            		 0.833417
US_pttig            		 0.833417
US_py               		 1.00697
US_q                		 0.95511
US_qc               		 2.82139
US_qi               		 1.06623
US_qcg              		 0.87329
US_qig              		 0.218323
US_r                		 1.01242
US_reer             		 0.830646
US_rer              		 1
US_rk               		 0.0309619
US_rr               		 1.00742
US_rrstar           		 1.00742
US_sh               		 1
US_si               		 1
US_sj               		 1
US_snt              		 1
US_t                		 0
US_tauc             		 0.077
US_taud             		 0
US_tauk             		 0
US_taun             		 0.154
US_tauwf            		 0.071
US_tauwh            		 0.071
US_tb               		 -0.0281632
US_tby              		 -0.00591105
US_ti               		 0
US_tj               		 0
US_tr               		 0.0381841
US_tri              		 0.025456
US_trj              		 0.0763681
US_try              		 0.00801349
US_ttc              		 1.02531
US_tti              		 0.811457
US_ttcg             		 0.715001
US_ttig             		 0.17875
US_ty               		 0
US_u                		 1
US_utili            		 -34.8579
US_utilj            		 -260.115
US_vj               		 2.29529
US_w                		 1.28924
US_wcst             		 0
US_whty             		 0.653595
US_wi               		 1.39898
US_witilde          		 1.39898
US_wj               		 1.13648
US_wjtilde          		 1.13648
US_wnty             		 0.55243
US_wy               		 0.603823
US_y                		 4.73153
US_ygap             		 0
US_ygrowth          		 1
US_ygrowth4         		 1
US_yhty             		 0.508018
US_ynty             		 0.491982
US_yshare           		 0.110274
US_ysn              		 2.25362
US_yst              		 2.47791
US_zcon             		 1
US_zinv             		 1
US_zn               		 1
US_zt               		 1
US_gammav1          		 0.0308642
US_gammav2          		 0.150338
US_nutc             		 0.85
US_nuti             		 0.85
US_nutcg            		 0.5
US_nutig            		 0.5
US_psit             		 0.2
USEAA_rerbar        		 0.837388
USEAB_rerbar        		 0.837388
USEAC_rerbar        		 0.837388
USEAD_rerbar        		 0.837388
USEAE_rerbar        		 0.837388
USEAF_rerbar        		 0.837388
USEAG_rerbar        		 0.837388
USEAH_rerbar        		 0.837388
USEAI_rerbar        		 0.837388
USEAJ_rerbar        		 0.837388
USEAK_rerbar        		 0.837388
USEAL_rerbar        		 0.841497
USRW_rerbar         		 0.754325
US_pibar            		 0.95511
US_psinbar          		 0.18029
US_psitbar          		 0.495581
US_pybar            		 1.00697
US_qbar             		 0.95511
US_trybar           		 0.00801429
US_ybar             		 4.73153
US_ynbar            		 2.25362
US_ytbar            		 2.47791
EAAEAB_numc         		 0.0769231
EAAEAB_numi         		 0.0769231
EAAEAB_numcg        		 0.0769231
EAAEAB_numig        		 0.0769231
EAAEAC_numc         		 0.0769231
EAAEAC_numi         		 0.0769231
EAAEAC_numcg        		 0.0769231
EAAEAC_numig        		 0.0769231
EAAEAD_numc         		 0.0769231
EAAEAD_numi         		 0.0769231
EAAEAD_numcg        		 0.0769231
EAAEAD_numig        		 0.0769231
EAAEAE_numc         		 0.0769231
EAAEAE_numi         		 0.0769231
EAAEAE_numcg        		 0.0769231
EAAEAE_numig        		 0.0769231
EAAEAF_numc         		 0.0769231
EAAEAF_numi         		 0.0769231
EAAEAF_numcg        		 0.0769231
EAAEAF_numig        		 0.0769231
EAAEAG_numc         		 0.0769231
EAAEAG_numi         		 0.0769231
EAAEAG_numcg        		 0.0769231
EAAEAG_numig        		 0.0769231
EAAEAH_numc         		 0.0769231
EAAEAH_numi         		 0.0769231
EAAEAH_numcg        		 0.0769231
EAAEAH_numig        		 0.0769231
EAAEAI_numc         		 0.0769231
EAAEAI_numi         		 0.0769231
EAAEAI_numcg        		 0.0769231
EAAEAI_numig        		 0.0769231
EAAEAJ_numc         		 0.0769231
EAAEAJ_numi         		 0.0769231
EAAEAJ_numcg        		 0.0769231
EAAEAJ_numig        		 0.0769231
EAAEAK_numc         		 0.0769231
EAAEAK_numi         		 0.0769231
EAAEAK_numcg        		 0.0769231
EAAEAK_numig        		 0.0769231
EAAEAL_numc         		 0.0769231
EAAEAL_numi         		 0.0769231
EAAEAL_numcg        		 0.0769231
EAAEAL_numig        		 0.0769231
EAAUS_numc          		 0.076923
EAAUS_numi          		 0.076923
EAAUS_numcg         		 0.076923
EAAUS_numig         		 0.076923
EABEAA_numc         		 0.0769231
EABEAA_numi         		 0.0769231
EABEAA_numcg        		 0.0769231
EABEAA_numig        		 0.0769231
EABEAC_numc         		 0.0769231
EABEAC_numi         		 0.0769231
EABEAC_numcg        		 0.0769231
EABEAC_numig        		 0.0769231
EABEAD_numc         		 0.0769231
EABEAD_numi         		 0.0769231
EABEAD_numcg        		 0.0769231
EABEAD_numig        		 0.0769231
EABEAE_numc         		 0.0769231
EABEAE_numi         		 0.0769231
EABEAE_numcg        		 0.0769231
EABEAE_numig        		 0.0769231
EABEAF_numc         		 0.0769231
EABEAF_numi         		 0.0769231
EABEAF_numcg        		 0.0769231
EABEAF_numig        		 0.0769231
EABEAG_numc         		 0.0769231
EABEAG_numi         		 0.0769231
EABEAG_numcg        		 0.0769231
EABEAG_numig        		 0.0769231
EABEAH_numc         		 0.0769231
EABEAH_numi         		 0.0769231
EABEAH_numcg        		 0.0769231
EABEAH_numig        		 0.0769231
EABEAI_numc         		 0.0769231
EABEAI_numi         		 0.0769231
EABEAI_numcg        		 0.0769231
EABEAI_numig        		 0.0769231
EABEAJ_numc         		 0.0769231
EABEAJ_numi         		 0.0769231
EABEAJ_numcg        		 0.0769231
EABEAJ_numig        		 0.0769231
EABEAK_numc         		 0.0769231
EABEAK_numi         		 0.0769231
EABEAK_numcg        		 0.0769231
EABEAK_numig        		 0.0769231
EABEAL_numc         		 0.0769231
EABEAL_numi         		 0.0769231
EABEAL_numcg        		 0.0769231
EABEAL_numig        		 0.0769231
EABRW_numc          		 0.076923
EABRW_numi          		 0.076923
EABRW_numcg         		 0.076923
EABRW_numig         		 0.076923
EACEAB_numc         		 0.0769231
EACEAB_numi         		 0.0769231
EACEAB_numcg        		 0.0769231
EACEAB_numig        		 0.0769231
EACEAD_numc         		 0.0769231
EACEAD_numi         		 0.0769231
EACEAD_numcg        		 0.0769231
EACEAD_numig        		 0.0769231
EACEAE_numc         		 0.0769231
EACEAE_numi         		 0.0769231
EACEAE_numcg        		 0.0769231
EACEAE_numig        		 0.0769231
EACEAF_numc         		 0.0769231
EACEAF_numi         		 0.0769231
EACEAF_numcg        		 0.0769231
EACEAF_numig        		 0.0769231
EACEAG_numc         		 0.0769231
EACEAG_numi         		 0.0769231
EACEAG_numcg        		 0.0769231
EACEAG_numig        		 0.0769231
EACEAH_numc         		 0.0769231
EACEAH_numi         		 0.0769231
EACEAH_numcg        		 0.0769231
EACEAH_numig        		 0.0769231
EACEAI_numc         		 0.0769231
EACEAI_numi         		 0.0769231
EACEAI_numcg        		 0.0769231
EACEAI_numig        		 0.0769231
EACEAJ_numc         		 0.0769231
EACEAJ_numi         		 0.0769231
EACEAJ_numcg        		 0.0769231
EACEAJ_numig        		 0.0769231
EACEAK_numc         		 0.0769231
EACEAK_numi         		 0.0769231
EACEAK_numcg        		 0.0769231
EACEAK_numig        		 0.0769231
EACEAL_numc         		 0.0769231
EACEAL_numi         		 0.0769231
EACEAL_numcg        		 0.0769231
EACEAL_numig        		 0.0769231
EACRW_numc          		 0.076923
EACRW_numi          		 0.076923
EACRW_numcg         		 0.076923
EACRW_numig         		 0.076923
EACUS_numc          		 0.076923
EACUS_numi          		 0.076923
EACUS_numcg         		 0.076923
EACUS_numig         		 0.076923
EADEAA_numc         		 0.0769231
EADEAA_numi         		 0.0769231
EADEAA_numcg        		 0.0769231
EADEAA_numig        		 0.0769231
EADEAC_numc         		 0.0769231
EADEAC_numi         		 0.0769231
EADEAC_numcg        		 0.0769231
EADEAC_numig        		 0.0769231
EADEAE_numc         		 0.0769231
EADEAE_numi         		 0.0769231
EADEAE_numcg        		 0.0769231
EADEAE_numig        		 0.0769231
EADEAF_numc         		 0.0769231
EADEAF_numi         		 0.0769231
EADEAF_numcg        		 0.0769231
EADEAF_numig        		 0.0769231
EADEAG_numc         		 0.0769231
EADEAG_numi         		 0.0769231
EADEAG_numcg        		 0.0769231
EADEAG_numig        		 0.0769231
EADEAH_numc         		 0.0769231
EADEAH_numi         		 0.0769231
EADEAH_numcg        		 0.0769231
EADEAH_numig        		 0.0769231
EADEAI_numc         		 0.0769231
EADEAI_numi         		 0.0769231
EADEAI_numcg        		 0.0769231
EADEAI_numig        		 0.0769231
EADEAJ_numc         		 0.0769231
EADEAJ_numi         		 0.0769231
EADEAJ_numcg        		 0.0769231
EADEAJ_numig        		 0.0769231
EADEAK_numc         		 0.0769231
EADEAK_numi         		 0.0769231
EADEAK_numcg        		 0.0769231
EADEAK_numig        		 0.0769231
EADEAL_numc         		 0.0769231
EADEAL_numi         		 0.0769231
EADEAL_numcg        		 0.0769231
EADEAL_numig        		 0.0769231
EADRW_numc          		 0.076923
EADRW_numi          		 0.076923
EADRW_numcg         		 0.076923
EADRW_numig         		 0.076923
EADUS_numc          		 0.076923
EADUS_numi          		 0.076923
EADUS_numcg         		 0.076923
EADUS_numig         		 0.076923
EAEEAA_numc         		 0.0769231
EAEEAA_numi         		 0.0769231
EAEEAA_numcg        		 0.0769231
EAEEAA_numig        		 0.0769231
EAEEAB_numc         		 0.0769231
EAEEAB_numi         		 0.0769231
EAEEAB_numcg        		 0.0769231
EAEEAB_numig        		 0.0769231
EAEEAD_numc         		 0.0769231
EAEEAD_numi         		 0.0769231
EAEEAD_numcg        		 0.0769231
EAEEAD_numig        		 0.0769231
EAEEAF_numc         		 0.0769231
EAEEAF_numi         		 0.0769231
EAEEAF_numcg        		 0.0769231
EAEEAF_numig        		 0.0769231
EAEEAG_numc         		 0.0769231
EAEEAG_numi         		 0.0769231
EAEEAG_numcg        		 0.0769231
EAEEAG_numig        		 0.0769231
EAEEAH_numc         		 0.0769231
EAEEAH_numi         		 0.0769231
EAEEAH_numcg        		 0.0769231
EAEEAH_numig        		 0.0769231
EAEEAI_numc         		 0.0769231
EAEEAI_numi         		 0.0769231
EAEEAI_numcg        		 0.0769231
EAEEAI_numig        		 0.0769231
EAEEAJ_numc         		 0.0769231
EAEEAJ_numi         		 0.0769231
EAEEAJ_numcg        		 0.0769231
EAEEAJ_numig        		 0.0769231
EAEEAK_numc         		 0.0769231
EAEEAK_numi         		 0.0769231
EAEEAK_numcg        		 0.0769231
EAEEAK_numig        		 0.0769231
EAEEAL_numc         		 0.0769231
EAEEAL_numi         		 0.0769231
EAEEAL_numcg        		 0.0769231
EAEEAL_numig        		 0.0769231
EAERW_numc          		 0.076923
EAERW_numi          		 0.076923
EAERW_numcg         		 0.076923
EAERW_numig         		 0.076923
EAEUS_numc          		 0.076923
EAEUS_numi          		 0.076923
EAEUS_numcg         		 0.076923
EAEUS_numig         		 0.076923
EAFEAA_numc         		 0.0769231
EAFEAA_numi         		 0.0769231
EAFEAA_numcg        		 0.0769231
EAFEAA_numig        		 0.0769231
EAFEAB_numc         		 0.0769231
EAFEAB_numi         		 0.0769231
EAFEAB_numcg        		 0.0769231
EAFEAB_numig        		 0.0769231
EAFEAC_numc         		 0.0769231
EAFEAC_numi         		 0.0769231
EAFEAC_numcg        		 0.0769231
EAFEAC_numig        		 0.0769231
EAFEAE_numc         		 0.0769231
EAFEAE_numi         		 0.0769231
EAFEAE_numcg        		 0.0769231
EAFEAE_numig        		 0.0769231
EAFEAG_numc         		 0.0769231
EAFEAG_numi         		 0.0769231
EAFEAG_numcg        		 0.0769231
EAFEAG_numig        		 0.0769231
EAFEAH_numc         		 0.0769231
EAFEAH_numi         		 0.0769231
EAFEAH_numcg        		 0.0769231
EAFEAH_numig        		 0.0769231
EAFEAI_numc         		 0.0769231
EAFEAI_numi         		 0.0769231
EAFEAI_numcg        		 0.0769231
EAFEAI_numig        		 0.0769231
EAFEAJ_numc         		 0.0769231
EAFEAJ_numi         		 0.0769231
EAFEAJ_numcg        		 0.0769231
EAFEAJ_numig        		 0.0769231
EAFEAK_numc         		 0.0769231
EAFEAK_numi         		 0.0769231
EAFEAK_numcg        		 0.0769231
EAFEAK_numig        		 0.0769231
EAFEAL_numc         		 0.0769231
EAFEAL_numi         		 0.0769231
EAFEAL_numcg        		 0.0769231
EAFEAL_numig        		 0.0769231
EAFRW_numc          		 0.076923
EAFRW_numi          		 0.076923
EAFRW_numcg         		 0.076923
EAFRW_numig         		 0.076923
EAFUS_numc          		 0.076923
EAFUS_numi          		 0.076923
EAFUS_numcg         		 0.076923
EAFUS_numig         		 0.076923
EAGEAA_numc         		 0.0769231
EAGEAA_numi         		 0.0769231
EAGEAA_numcg        		 0.0769231
EAGEAA_numig        		 0.0769231
EAGEAB_numc         		 0.0769231
EAGEAB_numi         		 0.0769231
EAGEAB_numcg        		 0.0769231
EAGEAB_numig        		 0.0769231
EAGEAC_numc         		 0.0769231
EAGEAC_numi         		 0.0769231
EAGEAC_numcg        		 0.0769231
EAGEAC_numig        		 0.0769231
EAGEAD_numc         		 0.0769231
EAGEAD_numi         		 0.0769231
EAGEAD_numcg        		 0.0769231
EAGEAD_numig        		 0.0769231
EAGEAF_numc         		 0.0769231
EAGEAF_numi         		 0.0769231
EAGEAF_numcg        		 0.0769231
EAGEAF_numig        		 0.0769231
EAGEAH_numc         		 0.0769231
EAGEAH_numi         		 0.0769231
EAGEAH_numcg        		 0.0769231
EAGEAH_numig        		 0.0769231
EAGEAI_numc         		 0.0769231
EAGEAI_numi         		 0.0769231
EAGEAI_numcg        		 0.0769231
EAGEAI_numig        		 0.0769231
EAGEAJ_numc         		 0.0769231
EAGEAJ_numi         		 0.0769231
EAGEAJ_numcg        		 0.0769231
EAGEAJ_numig        		 0.0769231
EAGEAK_numc         		 0.0769231
EAGEAK_numi         		 0.0769231
EAGEAK_numcg        		 0.0769231
EAGEAK_numig        		 0.0769231
EAGEAL_numc         		 0.0769231
EAGEAL_numi         		 0.0769231
EAGEAL_numcg        		 0.0769231
EAGEAL_numig        		 0.0769231
EAGRW_numc          		 0.076923
EAGRW_numi          		 0.076923
EAGRW_numcg         		 0.076923
EAGRW_numig         		 0.076923
EAGUS_numc          		 0.076923
EAGUS_numi          		 0.076923
EAGUS_numcg         		 0.076923
EAGUS_numig         		 0.076923
EAHEAA_numc         		 0.0769231
EAHEAA_numi         		 0.0769231
EAHEAA_numcg        		 0.0769231
EAHEAA_numig        		 0.0769231
EAHEAB_numc         		 0.0769231
EAHEAB_numi         		 0.0769231
EAHEAB_numcg        		 0.0769231
EAHEAB_numig        		 0.0769231
EAHEAC_numc         		 0.0769231
EAHEAC_numi         		 0.0769231
EAHEAC_numcg        		 0.0769231
EAHEAC_numig        		 0.0769231
EAHEAD_numc         		 0.0769231
EAHEAD_numi         		 0.0769231
EAHEAD_numcg        		 0.0769231
EAHEAD_numig        		 0.0769231
EAHEAE_numc         		 0.0769231
EAHEAE_numi         		 0.0769231
EAHEAE_numcg        		 0.0769231
EAHEAE_numig        		 0.0769231
EAHEAG_numc         		 0.0769231
EAHEAG_numi         		 0.0769231
EAHEAG_numcg        		 0.0769231
EAHEAG_numig        		 0.0769231
EAHEAI_numc         		 0.0769231
EAHEAI_numi         		 0.0769231
EAHEAI_numcg        		 0.0769231
EAHEAI_numig        		 0.0769231
EAHEAJ_numc         		 0.0769231
EAHEAJ_numi         		 0.0769231
EAHEAJ_numcg        		 0.0769231
EAHEAJ_numig        		 0.0769231
EAHEAK_numc         		 0.0769231
EAHEAK_numi         		 0.0769231
EAHEAK_numcg        		 0.0769231
EAHEAK_numig        		 0.0769231
EAHEAL_numc         		 0.0769231
EAHEAL_numi         		 0.0769231
EAHEAL_numcg        		 0.0769231
EAHEAL_numig        		 0.0769231
EAHRW_numc          		 0.076923
EAHRW_numi          		 0.076923
EAHRW_numcg         		 0.076923
EAHRW_numig         		 0.076923
EAHUS_numc          		 0.076923
EAHUS_numi          		 0.076923
EAHUS_numcg         		 0.076923
EAHUS_numig         		 0.076923
EAIEAA_numc         		 0.0769231
EAIEAA_numi         		 0.0769231
EAIEAA_numcg        		 0.0769231
EAIEAA_numig        		 0.0769231
EAIEAB_numc         		 0.0769231
EAIEAB_numi         		 0.0769231
EAIEAB_numcg        		 0.0769231
EAIEAB_numig        		 0.0769231
EAIEAC_numc         		 0.0769231
EAIEAC_numi         		 0.0769231
EAIEAC_numcg        		 0.0769231
EAIEAC_numig        		 0.0769231
EAIEAD_numc         		 0.0769231
EAIEAD_numi         		 0.0769231
EAIEAD_numcg        		 0.0769231
EAIEAD_numig        		 0.0769231
EAIEAE_numc         		 0.0769231
EAIEAE_numi         		 0.0769231
EAIEAE_numcg        		 0.0769231
EAIEAE_numig        		 0.0769231
EAIEAF_numc         		 0.0769231
EAIEAF_numi         		 0.0769231
EAIEAF_numcg        		 0.0769231
EAIEAF_numig        		 0.0769231
EAIEAH_numc         		 0.0769231
EAIEAH_numi         		 0.0769231
EAIEAH_numcg        		 0.0769231
EAIEAH_numig        		 0.0769231
EAIEAJ_numc         		 0.0769231
EAIEAJ_numi         		 0.0769231
EAIEAJ_numcg        		 0.0769231
EAIEAJ_numig        		 0.0769231
EAIEAK_numc         		 0.0769231
EAIEAK_numi         		 0.0769231
EAIEAK_numcg        		 0.0769231
EAIEAK_numig        		 0.0769231
EAIEAL_numc         		 0.0769231
EAIEAL_numi         		 0.0769231
EAIEAL_numcg        		 0.0769231
EAIEAL_numig        		 0.0769231
EAIRW_numc          		 0.076923
EAIRW_numi          		 0.076923
EAIRW_numcg         		 0.076923
EAIRW_numig         		 0.076923
EAIUS_numc          		 0.076923
EAIUS_numi          		 0.076923
EAIUS_numcg         		 0.076923
EAIUS_numig         		 0.076923
EAJEAA_numc         		 0.0769231
EAJEAA_numi         		 0.0769231
EAJEAA_numcg        		 0.0769231
EAJEAA_numig        		 0.0769231
EAJEAB_numc         		 0.0769231
EAJEAB_numi         		 0.0769231
EAJEAB_numcg        		 0.0769231
EAJEAB_numig        		 0.0769231
EAJEAC_numc         		 0.0769231
EAJEAC_numi         		 0.0769231
EAJEAC_numcg        		 0.0769231
EAJEAC_numig        		 0.0769231
EAJEAD_numc         		 0.0769231
EAJEAD_numi         		 0.0769231
EAJEAD_numcg        		 0.0769231
EAJEAD_numig        		 0.0769231
EAJEAE_numc         		 0.0769231
EAJEAE_numi         		 0.0769231
EAJEAE_numcg        		 0.0769231
EAJEAE_numig        		 0.0769231
EAJEAF_numc         		 0.0769231
EAJEAF_numi         		 0.0769231
EAJEAF_numcg        		 0.0769231
EAJEAF_numig        		 0.0769231
EAJEAG_numc         		 0.0769231
EAJEAG_numi         		 0.0769231
EAJEAG_numcg        		 0.0769231
EAJEAG_numig        		 0.0769231
EAJEAI_numc         		 0.0769231
EAJEAI_numi         		 0.0769231
EAJEAI_numcg        		 0.0769231
EAJEAI_numig        		 0.0769231
EAJEAK_numc         		 0.0769231
EAJEAK_numi         		 0.0769231
EAJEAK_numcg        		 0.0769231
EAJEAK_numig        		 0.0769231
EAJEAL_numc         		 0.0769231
EAJEAL_numi         		 0.0769231
EAJEAL_numcg        		 0.0769231
EAJEAL_numig        		 0.0769231
EAJRW_numc          		 0.076923
EAJRW_numi          		 0.076923
EAJRW_numcg         		 0.076923
EAJRW_numig         		 0.076923
EAJUS_numc          		 0.076923
EAJUS_numi          		 0.076923
EAJUS_numcg         		 0.076923
EAJUS_numig         		 0.076923
EAKEAA_numc         		 0.0769231
EAKEAA_numi         		 0.0769231
EAKEAA_numcg        		 0.0769231
EAKEAA_numig        		 0.0769231
EAKEAB_numc         		 0.0769231
EAKEAB_numi         		 0.0769231
EAKEAB_numcg        		 0.0769231
EAKEAB_numig        		 0.0769231
EAKEAC_numc         		 0.0769231
EAKEAC_numi         		 0.0769231
EAKEAC_numcg        		 0.0769231
EAKEAC_numig        		 0.0769231
EAKEAD_numc         		 0.0769231
EAKEAD_numi         		 0.0769231
EAKEAD_numcg        		 0.0769231
EAKEAD_numig        		 0.0769231
EAKEAE_numc         		 0.0769231
EAKEAE_numi         		 0.0769231
EAKEAE_numcg        		 0.0769231
EAKEAE_numig        		 0.0769231
EAKEAF_numc         		 0.0769231
EAKEAF_numi         		 0.0769231
EAKEAF_numcg        		 0.0769231
EAKEAF_numig        		 0.0769231
EAKEAG_numc         		 0.0769231
EAKEAG_numi         		 0.0769231
EAKEAG_numcg        		 0.0769231
EAKEAG_numig        		 0.0769231
EAKEAH_numc         		 0.0769231
EAKEAH_numi         		 0.0769231
EAKEAH_numcg        		 0.0769231
EAKEAH_numig        		 0.0769231
EAKEAJ_numc         		 0.0769231
EAKEAJ_numi         		 0.0769231
EAKEAJ_numcg        		 0.0769231
EAKEAJ_numig        		 0.0769231
EAKEAL_numc         		 0.0769231
EAKEAL_numi         		 0.0769231
EAKEAL_numcg        		 0.0769231
EAKEAL_numig        		 0.0769231
EAKRW_numc          		 0.076923
EAKRW_numi          		 0.076923
EAKRW_numcg         		 0.076923
EAKRW_numig         		 0.076923
EAKUS_numc          		 0.076923
EAKUS_numi          		 0.076923
EAKUS_numcg         		 0.076923
EAKUS_numig         		 0.076923
EALEAA_numc         		 0.0769231
EALEAA_numi         		 0.0769231
EALEAA_numcg        		 0.0769231
EALEAA_numig        		 0.0769231
EALEAB_numc         		 0.0769231
EALEAB_numi         		 0.0769231
EALEAB_numcg        		 0.0769231
EALEAB_numig        		 0.0769231
EALEAC_numc         		 0.0769231
EALEAC_numi         		 0.0769231
EALEAC_numcg        		 0.0769231
EALEAC_numig        		 0.0769231
EALEAD_numc         		 0.0769231
EALEAD_numi         		 0.0769231
EALEAD_numcg        		 0.0769231
EALEAD_numig        		 0.0769231
EALEAE_numc         		 0.0769231
EALEAE_numi         		 0.0769231
EALEAE_numcg        		 0.0769231
EALEAE_numig        		 0.0769231
EALEAF_numc         		 0.0769231
EALEAF_numi         		 0.0769231
EALEAF_numcg        		 0.0769231
EALEAF_numig        		 0.0769231
EALEAG_numc         		 0.0769231
EALEAG_numi         		 0.0769231
EALEAG_numcg        		 0.0769231
EALEAG_numig        		 0.0769231
EALEAH_numc         		 0.0769231
EALEAH_numi         		 0.0769231
EALEAH_numcg        		 0.0769231
EALEAH_numig        		 0.0769231
EALEAI_numc         		 0.0769231
EALEAI_numi         		 0.0769231
EALEAI_numcg        		 0.0769231
EALEAI_numig        		 0.0769231
EALEAK_numc         		 0.0769231
EALEAK_numi         		 0.0769231
EALEAK_numcg        		 0.0769231
EALEAK_numig        		 0.0769231
EALRW_numc          		 0.076923
EALRW_numi          		 0.076923
EALRW_numcg         		 0.076923
EALRW_numig         		 0.076923
EALUS_numc          		 0.076923
EALUS_numi          		 0.076923
EALUS_numcg         		 0.076923
EALUS_numig         		 0.076923
RWEAA_numc          		 0.0769231
RWEAA_numi          		 0.0769231
RWEAA_numcg         		 0.0769231
RWEAA_numig         		 0.0769231
RWEAB_numc          		 0.0769231
RWEAB_numi          		 0.0769231
RWEAB_numcg         		 0.0769231
RWEAB_numig         		 0.0769231
RWEAC_numc          		 0.0769231
RWEAC_numi          		 0.0769231
RWEAC_numcg         		 0.0769231
RWEAC_numig         		 0.0769231
RWEAD_numc          		 0.0769231
RWEAD_numi          		 0.0769231
RWEAD_numcg         		 0.0769231
RWEAD_numig         		 0.0769231
RWEAE_numc          		 0.0769231
RWEAE_numi          		 0.0769231
RWEAE_numcg         		 0.0769231
RWEAE_numig         		 0.0769231
RWEAF_numc          		 0.0769231
RWEAF_numi          		 0.0769231
RWEAF_numcg         		 0.0769231
RWEAF_numig         		 0.0769231
RWEAG_numc          		 0.0769231
RWEAG_numi          		 0.0769231
RWEAG_numcg         		 0.0769231
RWEAG_numig         		 0.0769231
RWEAH_numc          		 0.0769231
RWEAH_numi          		 0.0769231
RWEAH_numcg         		 0.0769231
RWEAH_numig         		 0.0769231
RWEAI_numc          		 0.0769231
RWEAI_numi          		 0.0769231
RWEAI_numcg         		 0.0769231
RWEAI_numig         		 0.0769231
RWEAJ_numc          		 0.0769231
RWEAJ_numi          		 0.0769231
RWEAJ_numcg         		 0.0769231
RWEAJ_numig         		 0.0769231
RWEAL_numc          		 0.0769231
RWEAL_numi          		 0.0769231
RWEAL_numcg         		 0.0769231
RWEAL_numig         		 0.0769231
RWUS_numc           		 0.076923
RWUS_numi           		 0.076923
RWUS_numcg          		 0.076923
RWUS_numig          		 0.076923
USEAA_numc          		 0.0769231
USEAA_numi          		 0.0769231
USEAA_numcg         		 0.0769231
USEAA_numig         		 0.0769231
USEAB_numc          		 0.0769231
USEAB_numi          		 0.0769231
USEAB_numcg         		 0.0769231
USEAB_numig         		 0.0769231
USEAC_numc          		 0.0769231
USEAC_numi          		 0.0769231
USEAC_numcg         		 0.0769231
USEAC_numig         		 0.0769231
USEAD_numc          		 0.0769231
USEAD_numi          		 0.0769231
USEAD_numcg         		 0.0769231
USEAD_numig         		 0.0769231
USEAE_numc          		 0.0769231
USEAE_numi          		 0.0769231
USEAE_numcg         		 0.0769231
USEAE_numig         		 0.0769231
USEAF_numc          		 0.0769231
USEAF_numi          		 0.0769231
USEAF_numcg         		 0.0769231
USEAF_numig         		 0.0769231
USEAG_numc          		 0.0769231
USEAG_numi          		 0.0769231
USEAG_numcg         		 0.0769231
USEAG_numig         		 0.0769231
USEAH_numc          		 0.0769231
USEAH_numi          		 0.0769231
USEAH_numcg         		 0.0769231
USEAH_numig         		 0.0769231
USEAI_numc          		 0.0769231
USEAI_numi          		 0.0769231
USEAI_numcg         		 0.0769231
USEAI_numig         		 0.0769231
USEAJ_numc          		 0.0769231
USEAJ_numi          		 0.0769231
USEAJ_numcg         		 0.0769231
USEAJ_numig         		 0.0769231
USEAK_numc          		 0.0769231
USEAK_numi          		 0.0769231
USEAK_numcg         		 0.0769231
USEAK_numig         		 0.0769231
USRW_numc           		 0.076923
USRW_numi           		 0.076923
USRW_numcg          		 0.076923
USRW_numig          		 0.076923
EAAEAL_nerdep       		 1
EAA_gammabh         		 0
EABEAL_nerdep       		 1
EAB_gammabh         		 0
EACEAL_nerdep       		 1
EAC_gammabh         		 0
EADEAL_nerdep       		 1
EAD_gammabh         		 0
EAEEAL_nerdep       		 1
EAE_gammabh         		 0
EAFEAL_nerdep       		 1
EAF_gammabh         		 0
EAGEAL_nerdep       		 1
EAG_gammabh         		 0
EAHEAL_nerdep       		 1
EAH_gammabh         		 0
EAIEAL_nerdep       		 1
EAI_gammabh         		 0
EAJEAL_nerdep       		 1
EAJ_gammabh         		 0
EAKEAL_nerdep       		 1
EAK_gammabh         		 0
EAA_bh              		 0
EAB_bh              		 0
EAC_bh              		 0
EAD_bh              		 0
EAE_bh              		 -2.54729e-17
EAF_bh              		 1.66533e-16
EAG_bh              		 0
EAH_bh              		 0
EAI_bh              		 0
EAJ_bh              		 0
EAK_bh              		 0
EAL_bh              		 3.88578e-16
vi
HOMOTOPY mode 1: computing step 0/5...
HOMOTOPY mode 1: computing step 1/5...
MODEL STEADY STATE: (method=Sparse Gaussian Elimination)
------------------------------------
      Iteration no. 1
      Inf-norm error = 1.694e-02
      2-norm error   = 6.342e-02
      1-norm error   = 2.469e-01
------------------------------------
MODEL STEADY STATE: (method=Sparse Gaussian Elimination)
------------------------------------
      Iteration no. 2
      Inf-norm error = 1.256e-04
      2-norm error   = 6.594e-04
      1-norm error   = 3.657e-03
------------------------------------
HOMOTOPY mode 1: computing step 2/5...
MODEL STEADY STATE: (method=Sparse Gaussian Elimination)
------------------------------------
      Iteration no. 1
      Inf-norm error = 1.694e-02
      2-norm error   = 6.342e-02
      1-norm error   = 2.467e-01
------------------------------------
MODEL STEADY STATE: (method=Sparse Gaussian Elimination)
------------------------------------
      Iteration no. 2
      Inf-norm error = 1.247e-04
      2-norm error   = 6.546e-04
      1-norm error   = 3.628e-03
------------------------------------
HOMOTOPY mode 1: computing step 3/5...
MODEL STEADY STATE: (method=Sparse Gaussian Elimination)
------------------------------------
      Iteration no. 1
      Inf-norm error = 1.694e-02
      2-norm error   = 6.342e-02
      1-norm error   = 2.465e-01
------------------------------------
MODEL STEADY STATE: (method=Sparse Gaussian Elimination)
------------------------------------
      Iteration no. 2
      Inf-norm error = 1.238e-04
      2-norm error   = 6.498e-04
      1-norm error   = 3.599e-03
------------------------------------
HOMOTOPY mode 1: computing step 4/5...
MODEL STEADY STATE: (method=Sparse Gaussian Elimination)
------------------------------------
      Iteration no. 1
      Inf-norm error = 1.694e-02
      2-norm error   = 6.342e-02
      1-norm error   = 2.464e-01
------------------------------------
MODEL STEADY STATE: (method=Sparse Gaussian Elimination)
------------------------------------
      Iteration no. 2
      Inf-norm error = 1.229e-04
      2-norm error   = 6.451e-04
      1-norm error   = 3.570e-03
------------------------------------
HOMOTOPY mode 1: computing step 5/5...
MODEL STEADY STATE: (method=Sparse Gaussian Elimination)
------------------------------------
      Iteration no. 1
      Inf-norm error = 1.694e-02
      2-norm error   = 6.341e-02
      1-norm error   = 2.462e-01
------------------------------------
MODEL STEADY STATE: (method=Sparse Gaussian Elimination)
------------------------------------
      Iteration no. 2
      Inf-norm error = 1.220e-04
      2-norm error   = 6.405e-04
      1-norm error   = 3.542e-03
------------------------------------

STEADY-STATE RESULTS:

EA_bf               		 -0.304855
EA_m                		 0.794009
EA_pic4             		 1.02
EA_y                		 3.48867
EA_ygrowth          		 1
EA_ygrowth4         		 1
EA_z                		 1
EA_ybar             		 3.48867
EAAEAB_excy         		 0.0144083
EAAEAC_excy         		 0.0144083
EAAEAD_excy         		 0.0144083
EAAEAE_excy         		 0.0144083
EAAEAF_excy         		 0.0144083
EAAEAG_excy         		 0.0144083
EAAEAH_excy         		 0.0144083
EAAEAI_excy         		 0.0144083
EAAEAJ_excy         		 0.0144083
EAAEAK_excy         		 0.0144083
EAAEAL_excy         		 0.0147115
EAARW_excy          		 0.0148446
EAAUS_excy          		 0.00533722
EAAEAB_exiy         		 0.00994209
EAAEAC_exiy         		 0.00994209
EAAEAD_exiy         		 0.00994209
EAAEAE_exiy         		 0.00994209
EAAEAF_exiy         		 0.00994209
EAAEAG_exiy         		 0.00994209
EAAEAH_exiy         		 0.00994209
EAAEAI_exiy         		 0.00994209
EAAEAJ_exiy         		 0.00994209
EAAEAK_exiy         		 0.00994209
EAAEAL_exiy         		 0.0100072
EAARW_exiy          		 0.011593
EAAUS_exiy          		 0.00422401
EAA_fx              		 4.58599
EAAEAB_gammaimc     		 0
EAAEAC_gammaimc     		 0
EAAEAD_gammaimc     		 0
EAAEAE_gammaimc     		 0
EAAEAF_gammaimc     		 0
EAAEAG_gammaimc     		 0
EAAEAH_gammaimc     		 0
EAAEAI_gammaimc     		 0
EAAEAJ_gammaimc     		 0
EAAEAK_gammaimc     		 0
EAAEAL_gammaimc     		 0
EAARW_gammaimc      		 0
EAAUS_gammaimc      		 0
EAAEAB_gammaimcdag  		 1
EAAEAC_gammaimcdag  		 1
EAAEAD_gammaimcdag  		 1
EAAEAE_gammaimcdag  		 1
EAAEAF_gammaimcdag  		 1
EAAEAG_gammaimcdag  		 1
EAAEAH_gammaimcdag  		 1
EAAEAI_gammaimcdag  		 1
EAAEAJ_gammaimcdag  		 1
EAAEAK_gammaimcdag  		 1
EAAEAL_gammaimcdag  		 1
EAARW_gammaimcdag   		 1
EAAUS_gammaimcdag   		 1
EAAEAB_gammaimi     		 0
EAAEAC_gammaimi     		 0
EAAEAD_gammaimi     		 0
EAAEAE_gammaimi     		 0
EAAEAF_gammaimi     		 0
EAAEAG_gammaimi     		 0
EAAEAH_gammaimi     		 0
EAAEAI_gammaimi     		 0
EAAEAJ_gammaimi     		 0
EAAEAK_gammaimi     		 0
EAAEAL_gammaimi     		 0
EAARW_gammaimi      		 0
EAAUS_gammaimi      		 0
EAAEAB_gammaimidag  		 1
EAAEAC_gammaimidag  		 1
EAAEAD_gammaimidag  		 1
EAAEAE_gammaimidag  		 1
EAAEAF_gammaimidag  		 1
EAAEAG_gammaimidag  		 1
EAAEAH_gammaimidag  		 1
EAAEAI_gammaimidag  		 1
EAAEAJ_gammaimidag  		 1
EAAEAK_gammaimidag  		 1
EAAEAL_gammaimidag  		 1
EAARW_gammaimidag   		 1
EAAUS_gammaimidag   		 1
EAAEAB_gammaimcg    		 0
EAAEAC_gammaimcg    		 0
EAAEAD_gammaimcg    		 0
EAAEAE_gammaimcg    		 0
EAAEAF_gammaimcg    		 0
EAAEAG_gammaimcg    		 0
EAAEAH_gammaimcg    		 0
EAAEAI_gammaimcg    		 0
EAAEAJ_gammaimcg    		 0
EAAEAK_gammaimcg    		 0
EAAEAL_gammaimcg    		 0
EAARW_gammaimcg     		 0
EAAUS_gammaimcg     		 0
EAAEAB_gammaimcgdag 		 1
EAAEAC_gammaimcgdag 		 1
EAAEAD_gammaimcgdag 		 1
EAAEAE_gammaimcgdag 		 1
EAAEAF_gammaimcgdag 		 1
EAAEAG_gammaimcgdag 		 1
EAAEAH_gammaimcgdag 		 1
EAAEAI_gammaimcgdag 		 1
EAAEAJ_gammaimcgdag 		 1
EAAEAK_gammaimcgdag 		 1
EAAEAL_gammaimcgdag 		 1
EAARW_gammaimcgdag  		 1
EAAUS_gammaimcgdag  		 1
EAAEAB_gammaimig    		 0
EAAEAC_gammaimig    		 0
EAAEAD_gammaimig    		 0
EAAEAE_gammaimig    		 0
EAAEAF_gammaimig    		 0
EAAEAG_gammaimig    		 0
EAAEAH_gammaimig    		 0
EAAEAI_gammaimig    		 0
EAAEAJ_gammaimig    		 0
EAAEAK_gammaimig    		 0
EAAEAL_gammaimig    		 0
EAARW_gammaimig     		 0
EAAUS_gammaimig     		 0
EAAEAB_gammaimigdag 		 1
EAAEAC_gammaimigdag 		 1
EAAEAD_gammaimigdag 		 1
EAAEAE_gammaimigdag 		 1
EAAEAF_gammaimigdag 		 1
EAAEAG_gammaimigdag 		 1
EAAEAH_gammaimigdag 		 1
EAAEAI_gammaimigdag 		 1
EAAEAJ_gammaimigdag 		 1
EAAEAK_gammaimigdag 		 1
EAAEAL_gammaimigdag 		 1
EAARW_gammaimigdag  		 1
EAAUS_gammaimigdag  		 1
EAA_gx              		 5.50318
EAAEAB_im           		 0.125882
EAAEAC_im           		 0.125882
EAAEAD_im           		 0.125882
EAAEAE_im           		 0.125882
EAAEAF_im           		 0.125882
EAAEAG_im           		 0.125882
EAAEAH_im           		 0.125882
EAAEAI_im           		 0.125882
EAAEAJ_im           		 0.125882
EAAEAK_im           		 0.125882
EAAEAL_im           		 0.123482
EAARW_im            		 0.134507
EAAUS_im            		 0.0616738
EAAEAB_imc          		 0.0572866
EAAEAC_imc          		 0.0572866
EAAEAD_imc          		 0.0572866
EAAEAE_imc          		 0.0572866
EAAEAF_imc          		 0.0572866
EAAEAG_imc          		 0.0572866
EAAEAH_imc          		 0.0572866
EAAEAI_imc          		 0.0572866
EAAEAJ_imc          		 0.0572866
EAAEAK_imc          		 0.0572866
EAAEAL_imc          		 0.0561946
EAARW_imc           		 0.0612117
EAAUS_imc           		 0.0280666
EAARW_imcy          		 0.0149926
EAAEAB_imi          		 0.0395291
EAAEAC_imi          		 0.0395291
EAAEAD_imi          		 0.0395291
EAAEAE_imi          		 0.0395291
EAAEAF_imi          		 0.0395291
EAAEAG_imi          		 0.0395291
EAAEAH_imi          		 0.0395291
EAAEAI_imi          		 0.0395291
EAAEAJ_imi          		 0.0395291
EAAEAK_imi          		 0.0395291
EAAEAL_imi          		 0.0387756
EAARW_imi           		 0.0422375
EAAUS_imi           		 0.0193666
EAARW_imiy          		 0.0103453
EAAEAB_imcg         		 0.0242219
EAAEAC_imcg         		 0.0242219
EAAEAD_imcg         		 0.0242219
EAAEAE_imcg         		 0.0242219
EAAEAF_imcg         		 0.0242219
EAAEAG_imcg         		 0.0242219
EAAEAH_imcg         		 0.0242219
EAAEAI_imcg         		 0.0242219
EAAEAJ_imcg         		 0.0242219
EAAEAK_imcg         		 0.0242219
EAAEAL_imcg         		 0.0237601
EAARW_imcg          		 0.0258814
EAAUS_imcg          		 0.0118671
EAARW_imcgy         		 0.00633916
EAAEAB_imig         		 0.00484437
EAAEAC_imig         		 0.00484437
EAAEAD_imig         		 0.00484437
EAAEAE_imig         		 0.00484437
EAAEAF_imig         		 0.00484437
EAAEAG_imig         		 0.00484437
EAAEAH_imig         		 0.00484437
EAAEAI_imig         		 0.00484437
EAAEAJ_imig         		 0.00484437
EAAEAK_imig         		 0.00484437
EAAEAL_imig         		 0.00475203
EAARW_imig          		 0.00517629
EAAUS_imig          		 0.00237342
EAARW_imigy         		 0.00126783
EAA_piex            		 1.00496
EAA_pextilde        		 0.876871
EAAEAB_rer          		 1
EAAEAC_rer          		 1
EAAEAD_rer          		 1
EAAEAE_rer          		 1
EAAEAF_rer          		 1
EAAEAG_rer          		 1
EAAEAH_rer          		 1
EAAEAI_rer          		 1
EAAEAJ_rer          		 1
EAAEAK_rer          		 1
EAAEAL_rer          		 1.00491
EAARW_rer           		 0.900796
EAAUS_rer           		 1.19417
EAA_sx              		 1
EAAEAB_tot          		 1
EAAEAC_tot          		 1
EAAEAD_tot          		 1
EAAEAE_tot          		 1
EAAEAF_tot          		 1
EAAEAG_tot          		 1
EAAEAH_tot          		 1
EAAEAI_tot          		 1
EAAEAJ_tot          		 1
EAAEAK_tot          		 1
EAAEAL_tot          		 1.00773
EAARW_tot           		 0.973829
EAAUS_tot           		 1.33027
EAAEAB_weight       		 0.0783524
EAAEAC_weight       		 0.0783524
EAAEAD_weight       		 0.0783524
EAAEAE_weight       		 0.0783524
EAAEAF_weight       		 0.0783524
EAAEAG_weight       		 0.0783524
EAAEAH_weight       		 0.0783524
EAAEAI_weight       		 0.0783524
EAAEAJ_weight       		 0.0783524
EAAEAK_weight       		 0.0783524
EAAEAL_weight       		 0.077923
EAARW_weight        		 0.0828139
EAAUS_weight        		 0.0557378
EAAEAB_weightex     		 0.077848
EAAEAC_weightex     		 0.077848
EAAEAD_weightex     		 0.077848
EAAEAE_weightex     		 0.077848
EAAEAF_weightex     		 0.077848
EAAEAG_weightex     		 0.077848
EAAEAH_weightex     		 0.077848
EAAEAI_weightex     		 0.077848
EAAEAJ_weightex     		 0.077848
EAAEAK_weightex     		 0.077848
EAAEAL_weightex     		 0.0778925
EAARW_weightex      		 0.0835674
EAAUS_weightex      		 0.0600598
EAAEAB_weightim     		 0.0788591
EAAEAC_weightim     		 0.0788591
EAAEAD_weightim     		 0.0788591
EAAEAE_weightim     		 0.0788591
EAAEAF_weightim     		 0.0788591
EAAEAG_weightim     		 0.0788591
EAAEAH_weightim     		 0.0788591
EAAEAI_weightim     		 0.0788591
EAAEAJ_weightim     		 0.0788591
EAAEAK_weightim     		 0.0788591
EAAEAL_weightim     		 0.0779537
EAARW_weightim      		 0.082057
EAAUS_weightim      		 0.0513959
EAA_b               		 8.36732
EAA_bf              		 -0.440101
EAA_by              		 2.4
EAA_c               		 1.88639
EAA_ci              		 2.14935
EAA_cj              		 1.09752
EAA_cy              		 0.541073
EAA_d               		 0.216034
EAA_dn              		 0.216034
EAA_dt              		 -1.29374e-07
EAA_etot            		 1.01441
EAA_ex              		 1.60364
EAA_fh              		 5.83169
EAA_fi              		 8.77701
EAA_fj              		 0.325074
EAA_fn              		 11.3165
EAA_cg              		 0.754062
EAA_gammab          		 0
EAA_gammai          		 0
EAA_gammaider       		 0
EAA_gammau          		 0
EAA_gammauder       		 0.0324171
EAA_gammav          		 0.000190559
EAA_gammavi         		 0.000101018
EAA_gammavider      		 0.00216519
EAA_gammavj         		 0.000101018
EAA_gammavjder      		 0.00216519
EAA_gh              		 6.99803
EAA_gi              		 5.08128
EAA_gj              		 3.31701
EAA_gn              		 16.9748
EAA_cgy             		 0.2
EAA_ht              		 0.692511
EAA_htc             		 0.186181
EAA_hti             		 0.128469
EAA_htcg            		 0.314884
EAA_htig            		 0.0629768
EAA_i               		 0.806304
EAA_ig              		 0.150812
EAA_ii              		 1.07507
EAA_im              		 1.57005
EAA_imc             		 0.714503
EAA_imi             		 0.493024
EAA_imcg            		 0.302105
EAA_imig            		 0.0604211
EAA_imy             		 0.401487
EAA_internalrer     		 1.23358
EAA_igy             		 0.04
EAA_k               		 32.2522
EAA_kd              		 32.2522
EAA_kdn             		 12.3958
EAA_kdt             		 19.8564
EAA_ki              		 43.0029
EAA_lambdai         		 1.30516
EAA_lambdaj         		 2.55598
EAA_lcy             		 0.656625
EAA_m               		 0.7926
EAA_mcn             		 0.730726
EAA_mct             		 0.730726
EAA_mi              		 0.903087
EAA_mj              		 0.461142
EAA_nd              		 1.91976
EAA_ndi             		 0.910764
EAA_ndj             		 1.09863
EAA_ndn             		 0.737837
EAA_ndt             		 1.18192
EAA_ni              		 0.910764
EAA_nj              		 1.09863
EAA_nt              		 1.34383
EAA_ntc             		 0.991094
EAA_nti             		 0.186512
EAA_ntcg            		 0.13852
EAA_ntig            		 0.0277041
EAA_pex             		 0.876871
EAA_pht             		 0.876871
EAA_phttilde        		 0.876871
EAA_pi              		 0.938389
EAA_pcg             		 0.924694
EAA_pig             		 0.924694
EAA_pic             		 1.00496
EAA_pic4            		 1.02
EAA_piex4           		 1.02
EAA_piht            		 1.00496
EAA_piimc           		 1.00496
EAA_piimi           		 1.00496
EAA_piimcg          		 1.00496
EAA_piimig          		 1.00496
EAA_piimc4          		 1.02
EAA_pim             		 0.891524
EAA_pimc            		 0.891522
EAA_pimi            		 0.891522
EAA_pimcg           		 0.891522
EAA_pimig           		 0.891522
EAA_pint            		 1.00496
EAA_piw             		 1.00496
EAA_piw4            		 1.02
EAA_pnt             		 1.09609
EAA_pnttilde        		 1.09609
EAA_pttc            		 0.888543
EAA_ptti            		 0.888543
EAA_pttcg           		 0.884121
EAA_pttig           		 0.884121
EAA_py              		 0.957804
EAA_q               		 0.938389
EAA_qc              		 1.88658
EAA_qi              		 0.806304
EAA_qcg             		 0.754062
EAA_qig             		 0.150812
EAA_r               		 1.01242
EAA_reer            		 1.00162
EAA_rer             		 1.19417
EAA_rerdep          		 1
EAA_rk              		 0.0304198
EAA_rp              		 0
EAA_rr              		 1.00742
EAA_rrstar          		 1.00742
EAA_sh              		 1
EAA_si              		 1
EAA_sj              		 1
EAA_snt             		 1
EAA_t               		 0
EAA_tauc            		 0.183
EAA_taud            		 0
EAA_tauk            		 0
EAA_taun            		 0.122
EAA_tauwf           		 0.219
EAA_tauwh           		 0.118
EAA_tb              		 0.00644588
EAA_tby             		 0.00184887
EAA_ti              		 0
EAA_tj              		 0
EAA_tot             		 1.33027
EAA_tr              		 0.313076
EAA_tri             		 0.208717
EAA_trj             		 0.626152
EAA_try             		 0.089839
EAA_ttc             		 0.900634
EAA_tti             		 0.621459
EAA_ttcg            		 0.616937
EAA_ttig            		 0.123387
EAA_ty              		 0
EAA_u               		 1
EAA_utili           		 -93.8046
EAA_utilj           		 -210.927
EAA_vj              		 2.38
EAA_w               		 0.978234
EAA_wcst            		 0
EAA_whty            		 0.574241
EAA_wi              		 1.08737
EAA_witilde         		 1.08737
EAA_wj              		 0.807939
EAA_wjtilde         		 0.807939
EAA_wnty            		 0.490019
EAA_wy              		 0.538658
EAA_y               		 3.63998
EAA_ygap            		 0
EAA_ygrowth         		 1
EAA_ygrowth4        		 1
EAA_yhty            		 0.577511
EAA_ynty            		 0.422489
EAA_yshare          		 0.067566
EAA_ysn             		 1.34383
EAA_yst             		 2.29615
EAA_zcon            		 1
EAA_zinv            		 1
EAA_zn              		 1
EAA_zt              		 1
EAA_gammav1         		 0.0287061
EAA_gammav2         		 0.150338
EAA_nutc            		 0.2
EAA_nuti            		 0.2
EAA_nutcg           		 0.500001
EAA_nutig           		 0.500001
EAA_psit            		 0.2
EAAEAB_rerbar       		 1
EAAEAC_rerbar       		 1
EAAEAD_rerbar       		 1
EAAEAE_rerbar       		 1
EAAEAF_rerbar       		 1
EAAEAG_rerbar       		 1
EAAEAH_rerbar       		 1
EAAEAI_rerbar       		 1
EAAEAJ_rerbar       		 1
EAAEAK_rerbar       		 1
EAAEAL_rerbar       		 1.00491
EAARW_rerbar        		 0.900796
EAAUS_rerbar        		 1.19417
EAA_pibar           		 0.938389
EAA_psinbar         		 0.376273
EAA_psitbar         		 0.45923
EAA_pybar           		 0.957804
EAA_qbar            		 0.938389
EAA_trybar          		 0.0897996
EAA_ybar            		 3.63998
EAA_ynbar           		 1.34383
EAA_ytbar           		 2.29615
EABEAA_excy         		 0.0144083
EABEAC_excy         		 0.0144083
EABEAD_excy         		 0.0144083
EABEAE_excy         		 0.0144083
EABEAF_excy         		 0.0144083
EABEAG_excy         		 0.0144083
EABEAH_excy         		 0.0144083
EABEAI_excy         		 0.0144083
EABEAJ_excy         		 0.0144083
EABEAK_excy         		 0.0144083
EABEAL_excy         		 0.0147115
EABRW_excy          		 0.0148446
EABUS_excy          		 0.00533722
EABEAA_exiy         		 0.00994209
EABEAC_exiy         		 0.00994209
EABEAD_exiy         		 0.00994209
EABEAE_exiy         		 0.00994209
EABEAF_exiy         		 0.00994209
EABEAG_exiy         		 0.00994209
EABEAH_exiy         		 0.00994209
EABEAI_exiy         		 0.00994209
EABEAJ_exiy         		 0.00994209
EABEAK_exiy         		 0.00994209
EABEAL_exiy         		 0.0100072
EABRW_exiy          		 0.011593
EABUS_exiy          		 0.00422401
EAB_fx              		 4.58599
EABEAA_gammaimc     		 0
EABEAC_gammaimc     		 0
EABEAD_gammaimc     		 0
EABEAE_gammaimc     		 0
EABEAF_gammaimc     		 0
EABEAG_gammaimc     		 0
EABEAH_gammaimc     		 0
EABEAI_gammaimc     		 0
EABEAJ_gammaimc     		 0
EABEAK_gammaimc     		 0
EABEAL_gammaimc     		 0
EABRW_gammaimc      		 0
EABUS_gammaimc      		 0
EABEAA_gammaimcdag  		 1
EABEAC_gammaimcdag  		 1
EABEAD_gammaimcdag  		 1
EABEAE_gammaimcdag  		 1
EABEAF_gammaimcdag  		 1
EABEAG_gammaimcdag  		 1
EABEAH_gammaimcdag  		 1
EABEAI_gammaimcdag  		 1
EABEAJ_gammaimcdag  		 1
EABEAK_gammaimcdag  		 1
EABEAL_gammaimcdag  		 1
EABRW_gammaimcdag   		 1
EABUS_gammaimcdag   		 1
EABEAA_gammaimi     		 0
EABEAC_gammaimi     		 0
EABEAD_gammaimi     		 0
EABEAE_gammaimi     		 0
EABEAF_gammaimi     		 0
EABEAG_gammaimi     		 0
EABEAH_gammaimi     		 0
EABEAI_gammaimi     		 0
EABEAJ_gammaimi     		 0
EABEAK_gammaimi     		 0
EABEAL_gammaimi     		 0
EABRW_gammaimi      		 0
EABUS_gammaimi      		 0
EABEAA_gammaimidag  		 1
EABEAC_gammaimidag  		 1
EABEAD_gammaimidag  		 1
EABEAE_gammaimidag  		 1
EABEAF_gammaimidag  		 1
EABEAG_gammaimidag  		 1
EABEAH_gammaimidag  		 1
EABEAI_gammaimidag  		 1
EABEAJ_gammaimidag  		 1
EABEAK_gammaimidag  		 1
EABEAL_gammaimidag  		 1
EABRW_gammaimidag   		 1
EABUS_gammaimidag   		 1
EABEAA_gammaimcg    		 0
EABEAC_gammaimcg    		 0
EABEAD_gammaimcg    		 0
EABEAE_gammaimcg    		 0
EABEAF_gammaimcg    		 0
EABEAG_gammaimcg    		 0
EABEAH_gammaimcg    		 0
EABEAI_gammaimcg    		 0
EABEAJ_gammaimcg    		 0
EABEAK_gammaimcg    		 0
EABEAL_gammaimcg    		 0
EABRW_gammaimcg     		 0
EABUS_gammaimcg     		 0
EABEAA_gammaimcgdag 		 1
EABEAC_gammaimcgdag 		 1
EABEAD_gammaimcgdag 		 1
EABEAE_gammaimcgdag 		 1
EABEAF_gammaimcgdag 		 1
EABEAG_gammaimcgdag 		 1
EABEAH_gammaimcgdag 		 1
EABEAI_gammaimcgdag 		 1
EABEAJ_gammaimcgdag 		 1
EABEAK_gammaimcgdag 		 1
EABEAL_gammaimcgdag 		 1
EABRW_gammaimcgdag  		 1
EABUS_gammaimcgdag  		 1
EABEAA_gammaimig    		 0
EABEAC_gammaimig    		 0
EABEAD_gammaimig    		 0
EABEAE_gammaimig    		 0
EABEAF_gammaimig    		 0
EABEAG_gammaimig    		 0
EABEAH_gammaimig    		 0
EABEAI_gammaimig    		 0
EABEAJ_gammaimig    		 0
EABEAK_gammaimig    		 0
EABEAL_gammaimig    		 0
EABRW_gammaimig     		 0
EABUS_gammaimig     		 0
EABEAA_gammaimigdag 		 1
EABEAC_gammaimigdag 		 1
EABEAD_gammaimigdag 		 1
EABEAE_gammaimigdag 		 1
EABEAF_gammaimigdag 		 1
EABEAG_gammaimigdag 		 1
EABEAH_gammaimigdag 		 1
EABEAI_gammaimigdag 		 1
EABEAJ_gammaimigdag 		 1
EABEAK_gammaimigdag 		 1
EABEAL_gammaimigdag 		 1
EABRW_gammaimigdag  		 1
EABUS_gammaimigdag  		 1
EAB_gx              		 5.50318
EABEAA_im           		 0.125882
EABEAC_im           		 0.125882
EABEAD_im           		 0.125882
EABEAE_im           		 0.125882
EABEAF_im           		 0.125882
EABEAG_im           		 0.125882
EABEAH_im           		 0.125882
EABEAI_im           		 0.125882
EABEAJ_im           		 0.125882
EABEAK_im           		 0.125882
EABEAL_im           		 0.123482
EABRW_im            		 0.134507
EABUS_im            		 0.0616738
EABEAA_imc          		 0.0572866
EABEAC_imc          		 0.0572866
EABEAD_imc          		 0.0572866
EABEAE_imc          		 0.0572866
EABEAF_imc          		 0.0572866
EABEAG_imc          		 0.0572866
EABEAH_imc          		 0.0572866
EABEAI_imc          		 0.0572866
EABEAJ_imc          		 0.0572866
EABEAK_imc          		 0.0572866
EABEAL_imc          		 0.0561946
EABRW_imc           		 0.0612117
EABUS_imc           		 0.0280666
EABUS_imcy          		 0.00939053
EABEAA_imi          		 0.0395291
EABEAC_imi          		 0.0395291
EABEAD_imi          		 0.0395291
EABEAE_imi          		 0.0395291
EABEAF_imi          		 0.0395291
EABEAG_imi          		 0.0395291
EABEAH_imi          		 0.0395291
EABEAI_imi          		 0.0395291
EABEAJ_imi          		 0.0395291
EABEAK_imi          		 0.0395291
EABEAL_imi          		 0.0387756
EABRW_imi           		 0.0422375
EABUS_imi           		 0.0193666
EABUS_imiy          		 0.00647969
EABEAA_imcg         		 0.0242219
EABEAC_imcg         		 0.0242219
EABEAD_imcg         		 0.0242219
EABEAE_imcg         		 0.0242219
EABEAF_imcg         		 0.0242219
EABEAG_imcg         		 0.0242219
EABEAH_imcg         		 0.0242219
EABEAI_imcg         		 0.0242219
EABEAJ_imcg         		 0.0242219
EABEAK_imcg         		 0.0242219
EABEAL_imcg         		 0.0237601
EABRW_imcg          		 0.0258814
EABUS_imcg          		 0.0118671
EABUS_imcgy         		 0.00397049
EABEAA_imig         		 0.00484437
EABEAC_imig         		 0.00484437
EABEAD_imig         		 0.00484437
EABEAE_imig         		 0.00484437
EABEAF_imig         		 0.00484437
EABEAG_imig         		 0.00484437
EABEAH_imig         		 0.00484437
EABEAI_imig         		 0.00484437
EABEAJ_imig         		 0.00484437
EABEAK_imig         		 0.00484437
EABEAL_imig         		 0.00475203
EABRW_imig          		 0.00517629
EABUS_imig          		 0.00237342
EABUS_imigy         		 0.000794099
EAB_piex            		 1.00496
EAB_pextilde        		 0.876871
EABEAA_rer          		 1
EABEAC_rer          		 1
EABEAD_rer          		 1
EABEAE_rer          		 1
EABEAF_rer          		 1
EABEAG_rer          		 1
EABEAH_rer          		 1
EABEAI_rer          		 1
EABEAJ_rer          		 1
EABEAK_rer          		 1
EABEAL_rer          		 1.00491
EABRW_rer           		 0.900796
EABUS_rer           		 1.19417
EAB_sx              		 1
EABEAA_tot          		 1
EABEAC_tot          		 1
EABEAD_tot          		 1
EABEAE_tot          		 1
EABEAF_tot          		 1
EABEAG_tot          		 1
EABEAH_tot          		 1
EABEAI_tot          		 1
EABEAJ_tot          		 1
EABEAK_tot          		 1
EABEAL_tot          		 1.00773
EABRW_tot           		 0.973829
EABUS_tot           		 1.33027
EABEAA_weight       		 0.0783524
EABEAC_weight       		 0.0783524
EABEAD_weight       		 0.0783524
EABEAE_weight       		 0.0783524
EABEAF_weight       		 0.0783524
EABEAG_weight       		 0.0783524
EABEAH_weight       		 0.0783524
EABEAI_weight       		 0.0783524
EABEAJ_weight       		 0.0783524
EABEAK_weight       		 0.0783524
EABEAL_weight       		 0.077923
EABRW_weight        		 0.0828139
EABUS_weight        		 0.0557378
EABEAA_weightex     		 0.077848
EABEAC_weightex     		 0.077848
EABEAD_weightex     		 0.077848
EABEAE_weightex     		 0.077848
EABEAF_weightex     		 0.077848
EABEAG_weightex     		 0.077848
EABEAH_weightex     		 0.077848
EABEAI_weightex     		 0.077848
EABEAJ_weightex     		 0.077848
EABEAK_weightex     		 0.077848
EABEAL_weightex     		 0.0778925
EABRW_weightex      		 0.0835674
EABUS_weightex      		 0.0600598
EABEAA_weightim     		 0.0788591
EABEAC_weightim     		 0.0788591
EABEAD_weightim     		 0.0788591
EABEAE_weightim     		 0.0788591
EABEAF_weightim     		 0.0788591
EABEAG_weightim     		 0.0788591
EABEAH_weightim     		 0.0788591
EABEAI_weightim     		 0.0788591
EABEAJ_weightim     		 0.0788591
EABEAK_weightim     		 0.0788591
EABEAL_weightim     		 0.0779537
EABRW_weightim      		 0.082057
EABUS_weightim      		 0.0513959
EAB_b               		 8.36732
EAB_bf              		 -0.440101
EAB_by              		 2.4
EAB_c               		 1.88639
EAB_ci              		 2.14935
EAB_cj              		 1.09752
EAB_cy              		 0.541073
EAB_d               		 0.216034
EAB_dn              		 0.216034
EAB_dt              		 -1.29374e-07
EAB_etot            		 1.01441
EAB_ex              		 1.60364
EAB_fh              		 5.83169
EAB_fi              		 8.77701
EAB_fj              		 0.325074
EAB_fn              		 11.3165
EAB_cg              		 0.754062
EAB_gammab          		 0
EAB_gammai          		 0
EAB_gammaider       		 0
EAB_gammau          		 0
EAB_gammauder       		 0.0324171
EAB_gammav          		 0.000190559
EAB_gammavi         		 0.000101018
EAB_gammavider      		 0.00216519
EAB_gammavj         		 0.000101018
EAB_gammavjder      		 0.00216519
EAB_gh              		 6.99803
EAB_gi              		 5.08128
EAB_gj              		 3.31701
EAB_gn              		 16.9748
EAB_cgy             		 0.2
EAB_ht              		 0.692511
EAB_htc             		 0.186181
EAB_hti             		 0.128469
EAB_htcg            		 0.314884
EAB_htig            		 0.0629768
EAB_i               		 0.806304
EAB_ig              		 0.150812
EAB_ii              		 1.07507
EAB_im              		 1.57005
EAB_imc             		 0.714503
EAB_imi             		 0.493024
EAB_imcg            		 0.302105
EAB_imig            		 0.0604211
EAB_imy             		 0.401487
EAB_internalrer     		 1.23358
EAB_igy             		 0.04
EAB_k               		 32.2522
EAB_kd              		 32.2522
EAB_kdn             		 12.3958
EAB_kdt             		 19.8564
EAB_ki              		 43.0029
EAB_lambdai         		 1.30516
EAB_lambdaj         		 2.55598
EAB_lcy             		 0.656625
EAB_m               		 0.7926
EAB_mcn             		 0.730726
EAB_mct             		 0.730726
EAB_mi              		 0.903087
EAB_mj              		 0.461142
EAB_nd              		 1.91976
EAB_ndi             		 0.910764
EAB_ndj             		 1.09863
EAB_ndn             		 0.737837
EAB_ndt             		 1.18192
EAB_ni              		 0.910764
EAB_nj              		 1.09863
EAB_nt              		 1.34383
EAB_ntc             		 0.991094
EAB_nti             		 0.186512
EAB_ntcg            		 0.13852
EAB_ntig            		 0.0277041
EAB_pex             		 0.876871
EAB_pht             		 0.876871
EAB_phttilde        		 0.876871
EAB_pi              		 0.938389
EAB_pcg             		 0.924694
EAB_pig             		 0.924694
EAB_pic             		 1.00496
EAB_pic4            		 1.02
EAB_piex4           		 1.02
EAB_piht            		 1.00496
EAB_piimc           		 1.00496
EAB_piimi           		 1.00496
EAB_piimcg          		 1.00496
EAB_piimig          		 1.00496
EAB_piimc4          		 1.02
EAB_pim             		 0.891524
EAB_pimc            		 0.891522
EAB_pimi            		 0.891522
EAB_pimcg           		 0.891522
EAB_pimig           		 0.891522
EAB_pint            		 1.00496
EAB_piw             		 1.00496
EAB_piw4            		 1.02
EAB_pnt             		 1.09609
EAB_pnttilde        		 1.09609
EAB_pttc            		 0.888543
EAB_ptti            		 0.888543
EAB_pttcg           		 0.884121
EAB_pttig           		 0.884121
EAB_py              		 0.957804
EAB_q               		 0.938389
EAB_qc              		 1.88658
EAB_qi              		 0.806304
EAB_qcg             		 0.754062
EAB_qig             		 0.150812
EAB_r               		 1.01242
EAB_reer            		 1.00162
EAB_rer             		 1.19417
EAB_rerdep          		 1
EAB_rk              		 0.0304198
EAB_rp              		 0
EAB_rr              		 1.00742
EAB_rrstar          		 1.00742
EAB_sh              		 1
EAB_si              		 1
EAB_sj              		 1
EAB_snt             		 1
EAB_t               		 0
EAB_tauc            		 0.183
EAB_taud            		 0
EAB_tauk            		 0
EAB_taun            		 0.122
EAB_tauwf           		 0.219
EAB_tauwh           		 0.118
EAB_tb              		 0.00644588
EAB_tby             		 0.00184887
EAB_ti              		 0
EAB_tj              		 0
EAB_tot             		 1.33027
EAB_tr              		 0.313076
EAB_tri             		 0.208717
EAB_trj             		 0.626152
EAB_try             		 0.089839
EAB_ttc             		 0.900634
EAB_tti             		 0.621459
EAB_ttcg            		 0.616937
EAB_ttig            		 0.123387
EAB_ty              		 0
EAB_u               		 1
EAB_utili           		 -93.8046
EAB_utilj           		 -210.927
EAB_vj              		 2.38
EAB_w               		 0.978234
EAB_wcst            		 0
EAB_whty            		 0.574241
EAB_wi              		 1.08737
EAB_witilde         		 1.08737
EAB_wj              		 0.807939
EAB_wjtilde         		 0.807939
EAB_wnty            		 0.490019
EAB_wy              		 0.538658
EAB_y               		 3.63998
EAB_ygap            		 0
EAB_ygrowth         		 1
EAB_ygrowth4        		 1
EAB_yhty            		 0.577511
EAB_ynty            		 0.422489
EAB_yshare          		 0.067566
EAB_ysn             		 1.34383
EAB_yst             		 2.29615
EAB_zcon            		 1
EAB_zinv            		 1
EAB_zn              		 1
EAB_zt              		 1
EAB_gammav1         		 0.0287061
EAB_gammav2         		 0.150338
EAB_nutc            		 0.2
EAB_nuti            		 0.2
EAB_nutcg           		 0.500001
EAB_nutig           		 0.500001
EAB_psit            		 0.2
EABEAA_rerbar       		 1
EABEAC_rerbar       		 1
EABEAD_rerbar       		 1
EABEAE_rerbar       		 1
EABEAF_rerbar       		 1
EABEAG_rerbar       		 1
EABEAH_rerbar       		 1
EABEAI_rerbar       		 1
EABEAJ_rerbar       		 1
EABEAK_rerbar       		 1
EABEAL_rerbar       		 1.00491
EABRW_rerbar        		 0.900796
EABUS_rerbar        		 1.19417
EAB_pibar           		 0.938389
EAB_psinbar         		 0.376273
EAB_psitbar         		 0.45923
EAB_pybar           		 0.957804
EAB_qbar            		 0.938389
EAB_trybar          		 0.0897996
EAB_ybar            		 3.63998
EAB_ynbar           		 1.34383
EAB_ytbar           		 2.29615
EACEAA_excy         		 0.0144083
EACEAB_excy         		 0.0144083
EACEAD_excy         		 0.0144083
EACEAE_excy         		 0.0144083
EACEAF_excy         		 0.0144083
EACEAG_excy         		 0.0144083
EACEAH_excy         		 0.0144083
EACEAI_excy         		 0.0144083
EACEAJ_excy         		 0.0144083
EACEAK_excy         		 0.0144083
EACEAL_excy         		 0.0147115
EACRW_excy          		 0.0148446
EACUS_excy          		 0.00533722
EACEAA_exiy         		 0.00994209
EACEAB_exiy         		 0.00994209
EACEAD_exiy         		 0.00994209
EACEAE_exiy         		 0.00994209
EACEAF_exiy         		 0.00994209
EACEAG_exiy         		 0.00994209
EACEAH_exiy         		 0.00994209
EACEAI_exiy         		 0.00994209
EACEAJ_exiy         		 0.00994209
EACEAK_exiy         		 0.00994209
EACEAL_exiy         		 0.0100072
EACRW_exiy          		 0.011593
EACUS_exiy          		 0.00422401
EAC_fx              		 4.58599
EACEAA_gammaimc     		 0
EACEAB_gammaimc     		 0
EACEAD_gammaimc     		 0
EACEAE_gammaimc     		 0
EACEAF_gammaimc     		 0
EACEAG_gammaimc     		 0
EACEAH_gammaimc     		 0
EACEAI_gammaimc     		 0
EACEAJ_gammaimc     		 0
EACEAK_gammaimc     		 0
EACEAL_gammaimc     		 0
EACRW_gammaimc      		 0
EACUS_gammaimc      		 0
EACEAA_gammaimcdag  		 1
EACEAB_gammaimcdag  		 1
EACEAD_gammaimcdag  		 1
EACEAE_gammaimcdag  		 1
EACEAF_gammaimcdag  		 1
EACEAG_gammaimcdag  		 1
EACEAH_gammaimcdag  		 1
EACEAI_gammaimcdag  		 1
EACEAJ_gammaimcdag  		 1
EACEAK_gammaimcdag  		 1
EACEAL_gammaimcdag  		 1
EACRW_gammaimcdag   		 1
EACUS_gammaimcdag   		 1
EACEAA_gammaimi     		 0
EACEAB_gammaimi     		 0
EACEAD_gammaimi     		 0
EACEAE_gammaimi     		 0
EACEAF_gammaimi     		 0
EACEAG_gammaimi     		 0
EACEAH_gammaimi     		 0
EACEAI_gammaimi     		 0
EACEAJ_gammaimi     		 0
EACEAK_gammaimi     		 0
EACEAL_gammaimi     		 0
EACRW_gammaimi      		 0
EACUS_gammaimi      		 0
EACEAA_gammaimidag  		 1
EACEAB_gammaimidag  		 1
EACEAD_gammaimidag  		 1
EACEAE_gammaimidag  		 1
EACEAF_gammaimidag  		 1
EACEAG_gammaimidag  		 1
EACEAH_gammaimidag  		 1
EACEAI_gammaimidag  		 1
EACEAJ_gammaimidag  		 1
EACEAK_gammaimidag  		 1
EACEAL_gammaimidag  		 1
EACRW_gammaimidag   		 1
EACUS_gammaimidag   		 1
EACEAA_gammaimcg    		 0
EACEAB_gammaimcg    		 0
EACEAD_gammaimcg    		 0
EACEAE_gammaimcg    		 0
EACEAF_gammaimcg    		 0
EACEAG_gammaimcg    		 0
EACEAH_gammaimcg    		 0
EACEAI_gammaimcg    		 0
EACEAJ_gammaimcg    		 0
EACEAK_gammaimcg    		 0
EACEAL_gammaimcg    		 0
EACRW_gammaimcg     		 0
EACUS_gammaimcg     		 0
EACEAA_gammaimcgdag 		 1
EACEAB_gammaimcgdag 		 1
EACEAD_gammaimcgdag 		 1
EACEAE_gammaimcgdag 		 1
EACEAF_gammaimcgdag 		 1
EACEAG_gammaimcgdag 		 1
EACEAH_gammaimcgdag 		 1
EACEAI_gammaimcgdag 		 1
EACEAJ_gammaimcgdag 		 1
EACEAK_gammaimcgdag 		 1
EACEAL_gammaimcgdag 		 1
EACRW_gammaimcgdag  		 1
EACUS_gammaimcgdag  		 1
EACEAA_gammaimig    		 0
EACEAB_gammaimig    		 0
EACEAD_gammaimig    		 0
EACEAE_gammaimig    		 0
EACEAF_gammaimig    		 0
EACEAG_gammaimig    		 0
EACEAH_gammaimig    		 0
EACEAI_gammaimig    		 0
EACEAJ_gammaimig    		 0
EACEAK_gammaimig    		 0
EACEAL_gammaimig    		 0
EACRW_gammaimig     		 0
EACUS_gammaimig     		 0
EACEAA_gammaimigdag 		 1
EACEAB_gammaimigdag 		 1
EACEAD_gammaimigdag 		 1
EACEAE_gammaimigdag 		 1
EACEAF_gammaimigdag 		 1
EACEAG_gammaimigdag 		 1
EACEAH_gammaimigdag 		 1
EACEAI_gammaimigdag 		 1
EACEAJ_gammaimigdag 		 1
EACEAK_gammaimigdag 		 1
EACEAL_gammaimigdag 		 1
EACRW_gammaimigdag  		 1
EACUS_gammaimigdag  		 1
EAC_gx              		 5.50318
EACEAA_im           		 0.125882
EACEAB_im           		 0.125882
EACEAD_im           		 0.125882
EACEAE_im           		 0.125882
EACEAF_im           		 0.125882
EACEAG_im           		 0.125882
EACEAH_im           		 0.125882
EACEAI_im           		 0.125882
EACEAJ_im           		 0.125882
EACEAK_im           		 0.125882
EACEAL_im           		 0.123482
EACRW_im            		 0.134507
EACUS_im            		 0.0616738
EACEAA_imc          		 0.0572866
EACEAB_imc          		 0.0572866
EACEAD_imc          		 0.0572866
EACEAE_imc          		 0.0572866
EACEAF_imc          		 0.0572866
EACEAG_imc          		 0.0572866
EACEAH_imc          		 0.0572866
EACEAI_imc          		 0.0572866
EACEAJ_imc          		 0.0572866
EACEAK_imc          		 0.0572866
EACEAL_imc          		 0.0561946
EACRW_imc           		 0.0612117
EACUS_imc           		 0.0280666
EACEAA_imcy         		 0.0144083
EACEAA_imi          		 0.0395291
EACEAB_imi          		 0.0395291
EACEAD_imi          		 0.0395291
EACEAE_imi          		 0.0395291
EACEAF_imi          		 0.0395291
EACEAG_imi          		 0.0395291
EACEAH_imi          		 0.0395291
EACEAI_imi          		 0.0395291
EACEAJ_imi          		 0.0395291
EACEAK_imi          		 0.0395291
EACEAL_imi          		 0.0387756
EACRW_imi           		 0.0422375
EACUS_imi           		 0.0193666
EACEAA_imiy         		 0.00994209
EACEAA_imcg         		 0.0242219
EACEAB_imcg         		 0.0242219
EACEAD_imcg         		 0.0242219
EACEAE_imcg         		 0.0242219
EACEAF_imcg         		 0.0242219
EACEAG_imcg         		 0.0242219
EACEAH_imcg         		 0.0242219
EACEAI_imcg         		 0.0242219
EACEAJ_imcg         		 0.0242219
EACEAK_imcg         		 0.0242219
EACEAL_imcg         		 0.0237601
EACRW_imcg          		 0.0258814
EACUS_imcg          		 0.0118671
EACEAA_imcgy        		 0.00609211
EACEAA_imig         		 0.00484437
EACEAB_imig         		 0.00484437
EACEAD_imig         		 0.00484437
EACEAE_imig         		 0.00484437
EACEAF_imig         		 0.00484437
EACEAG_imig         		 0.00484437
EACEAH_imig         		 0.00484437
EACEAI_imig         		 0.00484437
EACEAJ_imig         		 0.00484437
EACEAK_imig         		 0.00484437
EACEAL_imig         		 0.00475203
EACRW_imig          		 0.00517629
EACUS_imig          		 0.00237342
EACEAA_imigy        		 0.00121842
EAC_piex            		 1.00496
EAC_pextilde        		 0.876871
EACEAA_rer          		 1
EACEAB_rer          		 1
EACEAD_rer          		 1
EACEAE_rer          		 1
EACEAF_rer          		 1
EACEAG_rer          		 1
EACEAH_rer          		 1
EACEAI_rer          		 1
EACEAJ_rer          		 1
EACEAK_rer          		 1
EACEAL_rer          		 1.00491
EACRW_rer           		 0.900796
EACUS_rer           		 1.19417
EAC_sx              		 1
EACEAA_tot          		 1
EACEAB_tot          		 1
EACEAD_tot          		 1
EACEAE_tot          		 1
EACEAF_tot          		 1
EACEAG_tot          		 1
EACEAH_tot          		 1
EACEAI_tot          		 1
EACEAJ_tot          		 1
EACEAK_tot          		 1
EACEAL_tot          		 1.00773
EACRW_tot           		 0.973829
EACUS_tot           		 1.33027
EACEAA_weight       		 0.0783524
EACEAB_weight       		 0.0783524
EACEAD_weight       		 0.0783524
EACEAE_weight       		 0.0783524
EACEAF_weight       		 0.0783524
EACEAG_weight       		 0.0783524
EACEAH_weight       		 0.0783524
EACEAI_weight       		 0.0783524
EACEAJ_weight       		 0.0783524
EACEAK_weight       		 0.0783524
EACEAL_weight       		 0.077923
EACRW_weight        		 0.0828139
EACUS_weight        		 0.0557378
EACEAA_weightex     		 0.077848
EACEAB_weightex     		 0.077848
EACEAD_weightex     		 0.077848
EACEAE_weightex     		 0.077848
EACEAF_weightex     		 0.077848
EACEAG_weightex     		 0.077848
EACEAH_weightex     		 0.077848
EACEAI_weightex     		 0.077848
EACEAJ_weightex     		 0.077848
EACEAK_weightex     		 0.077848
EACEAL_weightex     		 0.0778925
EACRW_weightex      		 0.0835674
EACUS_weightex      		 0.0600598
EACEAA_weightim     		 0.0788591
EACEAB_weightim     		 0.0788591
EACEAD_weightim     		 0.0788591
EACEAE_weightim     		 0.0788591
EACEAF_weightim     		 0.0788591
EACEAG_weightim     		 0.0788591
EACEAH_weightim     		 0.0788591
EACEAI_weightim     		 0.0788591
EACEAJ_weightim     		 0.0788591
EACEAK_weightim     		 0.0788591
EACEAL_weightim     		 0.0779537
EACRW_weightim      		 0.082057
EACUS_weightim      		 0.0513959
EAC_b               		 8.36732
EAC_bf              		 -0.440101
EAC_by              		 2.4
EAC_c               		 1.88639
EAC_ci              		 2.14935
EAC_cj              		 1.09752
EAC_cy              		 0.541073
EAC_d               		 0.216034
EAC_dn              		 0.216034
EAC_dt              		 -1.29374e-07
EAC_etot            		 1.01441
EAC_ex              		 1.60364
EAC_fh              		 5.83169
EAC_fi              		 8.77701
EAC_fj              		 0.325074
EAC_fn              		 11.3165
EAC_cg              		 0.754062
EAC_gammab          		 0
EAC_gammai          		 0
EAC_gammaider       		 0
EAC_gammau          		 0
EAC_gammauder       		 0.0324171
EAC_gammav          		 0.000190559
EAC_gammavi         		 0.000101018
EAC_gammavider      		 0.00216519
EAC_gammavj         		 0.000101018
EAC_gammavjder      		 0.00216519
EAC_gh              		 6.99803
EAC_gi              		 5.08128
EAC_gj              		 3.31701
EAC_gn              		 16.9748
EAC_cgy             		 0.2
EAC_ht              		 0.692511
EAC_htc             		 0.186181
EAC_hti             		 0.128469
EAC_htcg            		 0.314884
EAC_htig            		 0.0629768
EAC_i               		 0.806304
EAC_ig              		 0.150812
EAC_ii              		 1.07507
EAC_im              		 1.57005
EAC_imc             		 0.714503
EAC_imi             		 0.493024
EAC_imcg            		 0.302105
EAC_imig            		 0.0604211
EAC_imy             		 0.401487
EAC_internalrer     		 1.23358
EAC_igy             		 0.04
EAC_k               		 32.2522
EAC_kd              		 32.2522
EAC_kdn             		 12.3958
EAC_kdt             		 19.8564
EAC_ki              		 43.0029
EAC_lambdai         		 1.30516
EAC_lambdaj         		 2.55598
EAC_lcy             		 0.656625
EAC_m               		 0.7926
EAC_mcn             		 0.730726
EAC_mct             		 0.730726
EAC_mi              		 0.903087
EAC_mj              		 0.461142
EAC_nd              		 1.91976
EAC_ndi             		 0.910764
EAC_ndj             		 1.09863
EAC_ndn             		 0.737837
EAC_ndt             		 1.18192
EAC_ni              		 0.910764
EAC_nj              		 1.09863
EAC_nt              		 1.34383
EAC_ntc             		 0.991094
EAC_nti             		 0.186512
EAC_ntcg            		 0.13852
EAC_ntig            		 0.0277041
EAC_pex             		 0.876871
EAC_pht             		 0.876871
EAC_phttilde        		 0.876871
EAC_pi              		 0.938389
EAC_pcg             		 0.924694
EAC_pig             		 0.924694
EAC_pic             		 1.00496
EAC_pic4            		 1.02
EAC_piex4           		 1.02
EAC_piht            		 1.00496
EAC_piimc           		 1.00496
EAC_piimi           		 1.00496
EAC_piimcg          		 1.00496
EAC_piimig          		 1.00496
EAC_piimc4          		 1.02
EAC_pim             		 0.891524
EAC_pimc            		 0.891522
EAC_pimi            		 0.891522
EAC_pimcg           		 0.891522
EAC_pimig           		 0.891522
EAC_pint            		 1.00496
EAC_piw             		 1.00496
EAC_piw4            		 1.02
EAC_pnt             		 1.09609
EAC_pnttilde        		 1.09609
EAC_pttc            		 0.888543
EAC_ptti            		 0.888543
EAC_pttcg           		 0.884121
EAC_pttig           		 0.884121
EAC_py              		 0.957804
EAC_q               		 0.938389
EAC_qc              		 1.88658
EAC_qi              		 0.806304
EAC_qcg             		 0.754062
EAC_qig             		 0.150812
EAC_r               		 1.01242
EAC_reer            		 1.00162
EAC_rer             		 1.19417
EAC_rerdep          		 1
EAC_rk              		 0.0304198
EAC_rp              		 0
EAC_rr              		 1.00742
EAC_rrstar          		 1.00742
EAC_sh              		 1
EAC_si              		 1
EAC_sj              		 1
EAC_snt             		 1
EAC_t               		 0
EAC_tauc            		 0.183
EAC_taud            		 0
EAC_tauk            		 0
EAC_taun            		 0.122
EAC_tauwf           		 0.219
EAC_tauwh           		 0.118
EAC_tb              		 0.00644588
EAC_tby             		 0.00184887
EAC_ti              		 0
EAC_tj              		 0
EAC_tot             		 1.33027
EAC_tr              		 0.313076
EAC_tri             		 0.208717
EAC_trj             		 0.626152
EAC_try             		 0.089839
EAC_ttc             		 0.900634
EAC_tti             		 0.621459
EAC_ttcg            		 0.616937
EAC_ttig            		 0.123387
EAC_ty              		 0
EAC_u               		 1
EAC_utili           		 -93.8046
EAC_utilj           		 -210.927
EAC_vj              		 2.38
EAC_w               		 0.978234
EAC_wcst            		 0
EAC_whty            		 0.574241
EAC_wi              		 1.08737
EAC_witilde         		 1.08737
EAC_wj              		 0.807939
EAC_wjtilde         		 0.807939
EAC_wnty            		 0.490019
EAC_wy              		 0.538658
EAC_y               		 3.63998
EAC_ygap            		 0
EAC_ygrowth         		 1
EAC_ygrowth4        		 1
EAC_yhty            		 0.577511
EAC_ynty            		 0.422489
EAC_yshare          		 0.067566
EAC_ysn             		 1.34383
EAC_yst             		 2.29615
EAC_zcon            		 1
EAC_zinv            		 1
EAC_zn              		 1
EAC_zt              		 1
EAC_gammav1         		 0.0287061
EAC_gammav2         		 0.150338
EAC_nutc            		 0.2
EAC_nuti            		 0.2
EAC_nutcg           		 0.500001
EAC_nutig           		 0.500001
EAC_psit            		 0.2
EACEAA_rerbar       		 1
EACEAB_rerbar       		 1
EACEAD_rerbar       		 1
EACEAE_rerbar       		 1
EACEAF_rerbar       		 1
EACEAG_rerbar       		 1
EACEAH_rerbar       		 1
EACEAI_rerbar       		 1
EACEAJ_rerbar       		 1
EACEAK_rerbar       		 1
EACEAL_rerbar       		 1.00491
EACRW_rerbar        		 0.900796
EACUS_rerbar        		 1.19417
EAC_pibar           		 0.938389
EAC_psinbar         		 0.376273
EAC_psitbar         		 0.45923
EAC_pybar           		 0.957804
EAC_qbar            		 0.938389
EAC_trybar          		 0.0897996
EAC_ybar            		 3.63998
EAC_ynbar           		 1.34383
EAC_ytbar           		 2.29615
EADEAA_excy         		 0.0144083
EADEAB_excy         		 0.0144083
EADEAC_excy         		 0.0144083
EADEAE_excy         		 0.0144083
EADEAF_excy         		 0.0144083
EADEAG_excy         		 0.0144083
EADEAH_excy         		 0.0144083
EADEAI_excy         		 0.0144083
EADEAJ_excy         		 0.0144083
EADEAK_excy         		 0.0144083
EADEAL_excy         		 0.0147115
EADRW_excy          		 0.0148446
EADUS_excy          		 0.00533722
EADEAA_exiy         		 0.00994209
EADEAB_exiy         		 0.00994209
EADEAC_exiy         		 0.00994209
EADEAE_exiy         		 0.00994209
EADEAF_exiy         		 0.00994209
EADEAG_exiy         		 0.00994209
EADEAH_exiy         		 0.00994209
EADEAI_exiy         		 0.00994209
EADEAJ_exiy         		 0.00994209
EADEAK_exiy         		 0.00994209
EADEAL_exiy         		 0.0100072
EADRW_exiy          		 0.011593
EADUS_exiy          		 0.00422401
EAD_fx              		 4.58599
EADEAA_gammaimc     		 0
EADEAB_gammaimc     		 0
EADEAC_gammaimc     		 0
EADEAE_gammaimc     		 0
EADEAF_gammaimc     		 0
EADEAG_gammaimc     		 0
EADEAH_gammaimc     		 0
EADEAI_gammaimc     		 0
EADEAJ_gammaimc     		 0
EADEAK_gammaimc     		 0
EADEAL_gammaimc     		 0
EADRW_gammaimc      		 0
EADUS_gammaimc      		 0
EADEAA_gammaimcdag  		 1
EADEAB_gammaimcdag  		 1
EADEAC_gammaimcdag  		 1
EADEAE_gammaimcdag  		 1
EADEAF_gammaimcdag  		 1
EADEAG_gammaimcdag  		 1
EADEAH_gammaimcdag  		 1
EADEAI_gammaimcdag  		 1
EADEAJ_gammaimcdag  		 1
EADEAK_gammaimcdag  		 1
EADEAL_gammaimcdag  		 1
EADRW_gammaimcdag   		 1
EADUS_gammaimcdag   		 1
EADEAA_gammaimi     		 0
EADEAB_gammaimi     		 0
EADEAC_gammaimi     		 0
EADEAE_gammaimi     		 0
EADEAF_gammaimi     		 0
EADEAG_gammaimi     		 0
EADEAH_gammaimi     		 0
EADEAI_gammaimi     		 0
EADEAJ_gammaimi     		 0
EADEAK_gammaimi     		 0
EADEAL_gammaimi     		 0
EADRW_gammaimi      		 0
EADUS_gammaimi      		 0
EADEAA_gammaimidag  		 1
EADEAB_gammaimidag  		 1
EADEAC_gammaimidag  		 1
EADEAE_gammaimidag  		 1
EADEAF_gammaimidag  		 1
EADEAG_gammaimidag  		 1
EADEAH_gammaimidag  		 1
EADEAI_gammaimidag  		 1
EADEAJ_gammaimidag  		 1
EADEAK_gammaimidag  		 1
EADEAL_gammaimidag  		 1
EADRW_gammaimidag   		 1
EADUS_gammaimidag   		 1
EADEAA_gammaimcg    		 0
EADEAB_gammaimcg    		 0
EADEAC_gammaimcg    		 0
EADEAE_gammaimcg    		 0
EADEAF_gammaimcg    		 0
EADEAG_gammaimcg    		 0
EADEAH_gammaimcg    		 0
EADEAI_gammaimcg    		 0
EADEAJ_gammaimcg    		 0
EADEAK_gammaimcg    		 0
EADEAL_gammaimcg    		 0
EADRW_gammaimcg     		 0
EADUS_gammaimcg     		 0
EADEAA_gammaimcgdag 		 1
EADEAB_gammaimcgdag 		 1
EADEAC_gammaimcgdag 		 1
EADEAE_gammaimcgdag 		 1
EADEAF_gammaimcgdag 		 1
EADEAG_gammaimcgdag 		 1
EADEAH_gammaimcgdag 		 1
EADEAI_gammaimcgdag 		 1
EADEAJ_gammaimcgdag 		 1
EADEAK_gammaimcgdag 		 1
EADEAL_gammaimcgdag 		 1
EADRW_gammaimcgdag  		 1
EADUS_gammaimcgdag  		 1
EADEAA_gammaimig    		 0
EADEAB_gammaimig    		 0
EADEAC_gammaimig    		 0
EADEAE_gammaimig    		 0
EADEAF_gammaimig    		 0
EADEAG_gammaimig    		 0
EADEAH_gammaimig    		 0
EADEAI_gammaimig    		 0
EADEAJ_gammaimig    		 0
EADEAK_gammaimig    		 0
EADEAL_gammaimig    		 0
EADRW_gammaimig     		 0
EADUS_gammaimig     		 0
EADEAA_gammaimigdag 		 1
EADEAB_gammaimigdag 		 1
EADEAC_gammaimigdag 		 1
EADEAE_gammaimigdag 		 1
EADEAF_gammaimigdag 		 1
EADEAG_gammaimigdag 		 1
EADEAH_gammaimigdag 		 1
EADEAI_gammaimigdag 		 1
EADEAJ_gammaimigdag 		 1
EADEAK_gammaimigdag 		 1
EADEAL_gammaimigdag 		 1
EADRW_gammaimigdag  		 1
EADUS_gammaimigdag  		 1
EAD_gx              		 5.50318
EADEAA_im           		 0.125882
EADEAB_im           		 0.125882
EADEAC_im           		 0.125882
EADEAE_im           		 0.125882
EADEAF_im           		 0.125882
EADEAG_im           		 0.125882
EADEAH_im           		 0.125882
EADEAI_im           		 0.125882
EADEAJ_im           		 0.125882
EADEAK_im           		 0.125882
EADEAL_im           		 0.123482
EADRW_im            		 0.134507
EADUS_im            		 0.0616738
EADEAA_imc          		 0.0572866
EADEAB_imc          		 0.0572866
EADEAC_imc          		 0.0572866
EADEAE_imc          		 0.0572866
EADEAF_imc          		 0.0572866
EADEAG_imc          		 0.0572866
EADEAH_imc          		 0.0572866
EADEAI_imc          		 0.0572866
EADEAJ_imc          		 0.0572866
EADEAK_imc          		 0.0572866
EADEAL_imc          		 0.0561946
EADRW_imc           		 0.0612117
EADUS_imc           		 0.0280666
EADEAB_imcy         		 0.0144083
EADEAA_imi          		 0.0395291
EADEAB_imi          		 0.0395291
EADEAC_imi          		 0.0395291
EADEAE_imi          		 0.0395291
EADEAF_imi          		 0.0395291
EADEAG_imi          		 0.0395291
EADEAH_imi          		 0.0395291
EADEAI_imi          		 0.0395291
EADEAJ_imi          		 0.0395291
EADEAK_imi          		 0.0395291
EADEAL_imi          		 0.0387756
EADRW_imi           		 0.0422375
EADUS_imi           		 0.0193666
EADEAB_imiy         		 0.00994209
EADEAA_imcg         		 0.0242219
EADEAB_imcg         		 0.0242219
EADEAC_imcg         		 0.0242219
EADEAE_imcg         		 0.0242219
EADEAF_imcg         		 0.0242219
EADEAG_imcg         		 0.0242219
EADEAH_imcg         		 0.0242219
EADEAI_imcg         		 0.0242219
EADEAJ_imcg         		 0.0242219
EADEAK_imcg         		 0.0242219
EADEAL_imcg         		 0.0237601
EADRW_imcg          		 0.0258814
EADUS_imcg          		 0.0118671
EADEAB_imcgy        		 0.00609211
EADEAA_imig         		 0.00484437
EADEAB_imig         		 0.00484437
EADEAC_imig         		 0.00484437
EADEAE_imig         		 0.00484437
EADEAF_imig         		 0.00484437
EADEAG_imig         		 0.00484437
EADEAH_imig         		 0.00484437
EADEAI_imig         		 0.00484437
EADEAJ_imig         		 0.00484437
EADEAK_imig         		 0.00484437
EADEAL_imig         		 0.00475203
EADRW_imig          		 0.00517629
EADUS_imig          		 0.00237342
EADEAB_imigy        		 0.00121842
EAD_piex            		 1.00496
EAD_pextilde        		 0.876871
EADEAA_rer          		 1
EADEAB_rer          		 1
EADEAC_rer          		 1
EADEAE_rer          		 1
EADEAF_rer          		 1
EADEAG_rer          		 1
EADEAH_rer          		 1
EADEAI_rer          		 1
EADEAJ_rer          		 1
EADEAK_rer          		 1
EADEAL_rer          		 1.00491
EADRW_rer           		 0.900796
EADUS_rer           		 1.19417
EAD_sx              		 1
EADEAA_tot          		 1
EADEAB_tot          		 1
EADEAC_tot          		 1
EADEAE_tot          		 1
EADEAF_tot          		 1
EADEAG_tot          		 1
EADEAH_tot          		 1
EADEAI_tot          		 1
EADEAJ_tot          		 1
EADEAK_tot          		 1
EADEAL_tot          		 1.00773
EADRW_tot           		 0.973829
EADUS_tot           		 1.33027
EADEAA_weight       		 0.0783524
EADEAB_weight       		 0.0783524
EADEAC_weight       		 0.0783524
EADEAE_weight       		 0.0783524
EADEAF_weight       		 0.0783524
EADEAG_weight       		 0.0783524
EADEAH_weight       		 0.0783524
EADEAI_weight       		 0.0783524
EADEAJ_weight       		 0.0783524
EADEAK_weight       		 0.0783524
EADEAL_weight       		 0.077923
EADRW_weight        		 0.0828139
EADUS_weight        		 0.0557378
EADEAA_weightex     		 0.077848
EADEAB_weightex     		 0.077848
EADEAC_weightex     		 0.077848
EADEAE_weightex     		 0.077848
EADEAF_weightex     		 0.077848
EADEAG_weightex     		 0.077848
EADEAH_weightex     		 0.077848
EADEAI_weightex     		 0.077848
EADEAJ_weightex     		 0.077848
EADEAK_weightex     		 0.077848
EADEAL_weightex     		 0.0778925
EADRW_weightex      		 0.0835674
EADUS_weightex      		 0.0600598
EADEAA_weightim     		 0.0788591
EADEAB_weightim     		 0.0788591
EADEAC_weightim     		 0.0788591
EADEAE_weightim     		 0.0788591
EADEAF_weightim     		 0.0788591
EADEAG_weightim     		 0.0788591
EADEAH_weightim     		 0.0788591
EADEAI_weightim     		 0.0788591
EADEAJ_weightim     		 0.0788591
EADEAK_weightim     		 0.0788591
EADEAL_weightim     		 0.0779537
EADRW_weightim      		 0.082057
EADUS_weightim      		 0.0513959
EAD_b               		 8.36732
EAD_bf              		 -0.440101
EAD_by              		 2.4
EAD_c               		 1.88639
EAD_ci              		 2.14935
EAD_cj              		 1.09752
EAD_cy              		 0.541073
EAD_d               		 0.216034
EAD_dn              		 0.216034
EAD_dt              		 -1.29374e-07
EAD_etot            		 1.01441
EAD_ex              		 1.60364
EAD_fh              		 5.83169
EAD_fi              		 8.77701
EAD_fj              		 0.325074
EAD_fn              		 11.3165
EAD_cg              		 0.754062
EAD_gammab          		 0
EAD_gammai          		 0
EAD_gammaider       		 0
EAD_gammau          		 0
EAD_gammauder       		 0.0324171
EAD_gammav          		 0.000190559
EAD_gammavi         		 0.000101018
EAD_gammavider      		 0.00216519
EAD_gammavj         		 0.000101018
EAD_gammavjder      		 0.00216519
EAD_gh              		 6.99803
EAD_gi              		 5.08128
EAD_gj              		 3.31701
EAD_gn              		 16.9748
EAD_cgy             		 0.2
EAD_ht              		 0.692511
EAD_htc             		 0.186181
EAD_hti             		 0.128469
EAD_htcg            		 0.314884
EAD_htig            		 0.0629768
EAD_i               		 0.806304
EAD_ig              		 0.150812
EAD_ii              		 1.07507
EAD_im              		 1.57005
EAD_imc             		 0.714503
EAD_imi             		 0.493024
EAD_imcg            		 0.302105
EAD_imig            		 0.0604211
EAD_imy             		 0.401487
EAD_internalrer     		 1.23358
EAD_igy             		 0.04
EAD_k               		 32.2522
EAD_kd              		 32.2522
EAD_kdn             		 12.3958
EAD_kdt             		 19.8564
EAD_ki              		 43.0029
EAD_lambdai         		 1.30516
EAD_lambdaj         		 2.55598
EAD_lcy             		 0.656625
EAD_m               		 0.7926
EAD_mcn             		 0.730726
EAD_mct             		 0.730726
EAD_mi              		 0.903087
EAD_mj              		 0.461142
EAD_nd              		 1.91976
EAD_ndi             		 0.910764
EAD_ndj             		 1.09863
EAD_ndn             		 0.737837
EAD_ndt             		 1.18192
EAD_ni              		 0.910764
EAD_nj              		 1.09863
EAD_nt              		 1.34383
EAD_ntc             		 0.991094
EAD_nti             		 0.186512
EAD_ntcg            		 0.13852
EAD_ntig            		 0.0277041
EAD_pex             		 0.876871
EAD_pht             		 0.876871
EAD_phttilde        		 0.876871
EAD_pi              		 0.938389
EAD_pcg             		 0.924694
EAD_pig             		 0.924694
EAD_pic             		 1.00496
EAD_pic4            		 1.02
EAD_piex4           		 1.02
EAD_piht            		 1.00496
EAD_piimc           		 1.00496
EAD_piimi           		 1.00496
EAD_piimcg          		 1.00496
EAD_piimig          		 1.00496
EAD_piimc4          		 1.02
EAD_pim             		 0.891524
EAD_pimc            		 0.891522
EAD_pimi            		 0.891522
EAD_pimcg           		 0.891522
EAD_pimig           		 0.891522
EAD_pint            		 1.00496
EAD_piw             		 1.00496
EAD_piw4            		 1.02
EAD_pnt             		 1.09609
EAD_pnttilde        		 1.09609
EAD_pttc            		 0.888543
EAD_ptti            		 0.888543
EAD_pttcg           		 0.884121
EAD_pttig           		 0.884121
EAD_py              		 0.957804
EAD_q               		 0.938389
EAD_qc              		 1.88658
EAD_qi              		 0.806304
EAD_qcg             		 0.754062
EAD_qig             		 0.150812
EAD_r               		 1.01242
EAD_reer            		 1.00162
EAD_rer             		 1.19417
EAD_rerdep          		 1
EAD_rk              		 0.0304198
EAD_rp              		 0
EAD_rr              		 1.00742
EAD_rrstar          		 1.00742
EAD_sh              		 1
EAD_si              		 1
EAD_sj              		 1
EAD_snt             		 1
EAD_t               		 0
EAD_tauc            		 0.183
EAD_taud            		 0
EAD_tauk            		 0
EAD_taun            		 0.122
EAD_tauwf           		 0.219
EAD_tauwh           		 0.118
EAD_tb              		 0.00644588
EAD_tby             		 0.00184887
EAD_ti              		 0
EAD_tj              		 0
EAD_tot             		 1.33027
EAD_tr              		 0.313076
EAD_tri             		 0.208717
EAD_trj             		 0.626152
EAD_try             		 0.089839
EAD_ttc             		 0.900634
EAD_tti             		 0.621459
EAD_ttcg            		 0.616937
EAD_ttig            		 0.123387
EAD_ty              		 0
EAD_u               		 1
EAD_utili           		 -93.8046
EAD_utilj           		 -210.927
EAD_vj              		 2.38
EAD_w               		 0.978234
EAD_wcst            		 0
EAD_whty            		 0.574241
EAD_wi              		 1.08737
EAD_witilde         		 1.08737
EAD_wj              		 0.807939
EAD_wjtilde         		 0.807939
EAD_wnty            		 0.490019
EAD_wy              		 0.538658
EAD_y               		 3.63998
EAD_ygap            		 0
EAD_ygrowth         		 1
EAD_ygrowth4        		 1
EAD_yhty            		 0.577511
EAD_ynty            		 0.422489
EAD_yshare          		 0.067566
EAD_ysn             		 1.34383
EAD_yst             		 2.29615
EAD_zcon            		 1
EAD_zinv            		 1
EAD_zn              		 1
EAD_zt              		 1
EAD_gammav1         		 0.0287061
EAD_gammav2         		 0.150338
EAD_nutc            		 0.2
EAD_nuti            		 0.2
EAD_nutcg           		 0.500001
EAD_nutig           		 0.500001
EAD_psit            		 0.2
EADEAA_rerbar       		 1
EADEAB_rerbar       		 1
EADEAC_rerbar       		 1
EADEAE_rerbar       		 1
EADEAF_rerbar       		 1
EADEAG_rerbar       		 1
EADEAH_rerbar       		 1
EADEAI_rerbar       		 1
EADEAJ_rerbar       		 1
EADEAK_rerbar       		 1
EADEAL_rerbar       		 1.00491
EADRW_rerbar        		 0.900796
EADUS_rerbar        		 1.19417
EAD_pibar           		 0.938389
EAD_psinbar         		 0.376273
EAD_psitbar         		 0.45923
EAD_pybar           		 0.957804
EAD_qbar            		 0.938389
EAD_trybar          		 0.0897996
EAD_ybar            		 3.63998
EAD_ynbar           		 1.34383
EAD_ytbar           		 2.29615
EAEEAA_excy         		 0.0144083
EAEEAB_excy         		 0.0144083
EAEEAC_excy         		 0.0144083
EAEEAD_excy         		 0.0144083
EAEEAF_excy         		 0.0144083
EAEEAG_excy         		 0.0144083
EAEEAH_excy         		 0.0144083
EAEEAI_excy         		 0.0144083
EAEEAJ_excy         		 0.0144083
EAEEAK_excy         		 0.0144083
EAEEAL_excy         		 0.0147115
EAERW_excy          		 0.0148446
EAEUS_excy          		 0.00533722
EAEEAA_exiy         		 0.00994209
EAEEAB_exiy         		 0.00994209
EAEEAC_exiy         		 0.00994209
EAEEAD_exiy         		 0.00994209
EAEEAF_exiy         		 0.00994209
EAEEAG_exiy         		 0.00994209
EAEEAH_exiy         		 0.00994209
EAEEAI_exiy         		 0.00994209
EAEEAJ_exiy         		 0.00994209
EAEEAK_exiy         		 0.00994209
EAEEAL_exiy         		 0.0100072
EAERW_exiy          		 0.011593
EAEUS_exiy          		 0.00422401
EAE_fx              		 4.58599
EAEEAA_gammaimc     		 0
EAEEAB_gammaimc     		 0
EAEEAC_gammaimc     		 0
EAEEAD_gammaimc     		 0
EAEEAF_gammaimc     		 0
EAEEAG_gammaimc     		 0
EAEEAH_gammaimc     		 0
EAEEAI_gammaimc     		 0
EAEEAJ_gammaimc     		 0
EAEEAK_gammaimc     		 0
EAEEAL_gammaimc     		 0
EAERW_gammaimc      		 0
EAEUS_gammaimc      		 0
EAEEAA_gammaimcdag  		 1
EAEEAB_gammaimcdag  		 1
EAEEAC_gammaimcdag  		 1
EAEEAD_gammaimcdag  		 1
EAEEAF_gammaimcdag  		 1
EAEEAG_gammaimcdag  		 1
EAEEAH_gammaimcdag  		 1
EAEEAI_gammaimcdag  		 1
EAEEAJ_gammaimcdag  		 1
EAEEAK_gammaimcdag  		 1
EAEEAL_gammaimcdag  		 1
EAERW_gammaimcdag   		 1
EAEUS_gammaimcdag   		 1
EAEEAA_gammaimi     		 0
EAEEAB_gammaimi     		 0
EAEEAC_gammaimi     		 0
EAEEAD_gammaimi     		 0
EAEEAF_gammaimi     		 0
EAEEAG_gammaimi     		 0
EAEEAH_gammaimi     		 0
EAEEAI_gammaimi     		 0
EAEEAJ_gammaimi     		 0
EAEEAK_gammaimi     		 0
EAEEAL_gammaimi     		 0
EAERW_gammaimi      		 0
EAEUS_gammaimi      		 0
EAEEAA_gammaimidag  		 1
EAEEAB_gammaimidag  		 1
EAEEAC_gammaimidag  		 1
EAEEAD_gammaimidag  		 1
EAEEAF_gammaimidag  		 1
EAEEAG_gammaimidag  		 1
EAEEAH_gammaimidag  		 1
EAEEAI_gammaimidag  		 1
EAEEAJ_gammaimidag  		 1
EAEEAK_gammaimidag  		 1
EAEEAL_gammaimidag  		 1
EAERW_gammaimidag   		 1
EAEUS_gammaimidag   		 1
EAEEAA_gammaimcg    		 0
EAEEAB_gammaimcg    		 0
EAEEAC_gammaimcg    		 0
EAEEAD_gammaimcg    		 0
EAEEAF_gammaimcg    		 0
EAEEAG_gammaimcg    		 0
EAEEAH_gammaimcg    		 0
EAEEAI_gammaimcg    		 0
EAEEAJ_gammaimcg    		 0
EAEEAK_gammaimcg    		 0
EAEEAL_gammaimcg    		 0
EAERW_gammaimcg     		 0
EAEUS_gammaimcg     		 0
EAEEAA_gammaimcgdag 		 1
EAEEAB_gammaimcgdag 		 1
EAEEAC_gammaimcgdag 		 1
EAEEAD_gammaimcgdag 		 1
EAEEAF_gammaimcgdag 		 1
EAEEAG_gammaimcgdag 		 1
EAEEAH_gammaimcgdag 		 1
EAEEAI_gammaimcgdag 		 1
EAEEAJ_gammaimcgdag 		 1
EAEEAK_gammaimcgdag 		 1
EAEEAL_gammaimcgdag 		 1
EAERW_gammaimcgdag  		 1
EAEUS_gammaimcgdag  		 1
EAEEAA_gammaimig    		 0
EAEEAB_gammaimig    		 0
EAEEAC_gammaimig    		 0
EAEEAD_gammaimig    		 0
EAEEAF_gammaimig    		 0
EAEEAG_gammaimig    		 0
EAEEAH_gammaimig    		 0
EAEEAI_gammaimig    		 0
EAEEAJ_gammaimig    		 0
EAEEAK_gammaimig    		 0
EAEEAL_gammaimig    		 0
EAERW_gammaimig     		 0
EAEUS_gammaimig     		 0
EAEEAA_gammaimigdag 		 1
EAEEAB_gammaimigdag 		 1
EAEEAC_gammaimigdag 		 1
EAEEAD_gammaimigdag 		 1
EAEEAF_gammaimigdag 		 1
EAEEAG_gammaimigdag 		 1
EAEEAH_gammaimigdag 		 1
EAEEAI_gammaimigdag 		 1
EAEEAJ_gammaimigdag 		 1
EAEEAK_gammaimigdag 		 1
EAEEAL_gammaimigdag 		 1
EAERW_gammaimigdag  		 1
EAEUS_gammaimigdag  		 1
EAE_gx              		 5.50318
EAEEAA_im           		 0.125882
EAEEAB_im           		 0.125882
EAEEAC_im           		 0.125882
EAEEAD_im           		 0.125882
EAEEAF_im           		 0.125882
EAEEAG_im           		 0.125882
EAEEAH_im           		 0.125882
EAEEAI_im           		 0.125882
EAEEAJ_im           		 0.125882
EAEEAK_im           		 0.125882
EAEEAL_im           		 0.123482
EAERW_im            		 0.134507
EAEUS_im            		 0.0616738
EAEEAA_imc          		 0.0572866
EAEEAB_imc          		 0.0572866
EAEEAC_imc          		 0.0572866
EAEEAD_imc          		 0.0572866
EAEEAF_imc          		 0.0572866
EAEEAG_imc          		 0.0572866
EAEEAH_imc          		 0.0572866
EAEEAI_imc          		 0.0572866
EAEEAJ_imc          		 0.0572866
EAEEAK_imc          		 0.0572866
EAEEAL_imc          		 0.0561946
EAERW_imc           		 0.0612117
EAEUS_imc           		 0.0280666
EAEEAC_imcy         		 0.0144083
EAEEAA_imi          		 0.0395291
EAEEAB_imi          		 0.0395291
EAEEAC_imi          		 0.0395291
EAEEAD_imi          		 0.0395291
EAEEAF_imi          		 0.0395291
EAEEAG_imi          		 0.0395291
EAEEAH_imi          		 0.0395291
EAEEAI_imi          		 0.0395291
EAEEAJ_imi          		 0.0395291
EAEEAK_imi          		 0.0395291
EAEEAL_imi          		 0.0387756
EAERW_imi           		 0.0422375
EAEUS_imi           		 0.0193666
EAEEAC_imiy         		 0.00994209
EAEEAA_imcg         		 0.0242219
EAEEAB_imcg         		 0.0242219
EAEEAC_imcg         		 0.0242219
EAEEAD_imcg         		 0.0242219
EAEEAF_imcg         		 0.0242219
EAEEAG_imcg         		 0.0242219
EAEEAH_imcg         		 0.0242219
EAEEAI_imcg         		 0.0242219
EAEEAJ_imcg         		 0.0242219
EAEEAK_imcg         		 0.0242219
EAEEAL_imcg         		 0.0237601
EAERW_imcg          		 0.0258814
EAEUS_imcg          		 0.0118671
EAEEAC_imcgy        		 0.00609211
EAEEAA_imig         		 0.00484437
EAEEAB_imig         		 0.00484437
EAEEAC_imig         		 0.00484437
EAEEAD_imig         		 0.00484437
EAEEAF_imig         		 0.00484437
EAEEAG_imig         		 0.00484437
EAEEAH_imig         		 0.00484437
EAEEAI_imig         		 0.00484437
EAEEAJ_imig         		 0.00484437
EAEEAK_imig         		 0.00484437
EAEEAL_imig         		 0.00475203
EAERW_imig          		 0.00517629
EAEUS_imig          		 0.00237342
EAEEAC_imigy        		 0.00121842
EAE_piex            		 1.00496
EAE_pextilde        		 0.876871
EAEEAA_rer          		 1
EAEEAB_rer          		 1
EAEEAC_rer          		 1
EAEEAD_rer          		 1
EAEEAF_rer          		 1
EAEEAG_rer          		 1
EAEEAH_rer          		 1
EAEEAI_rer          		 1
EAEEAJ_rer          		 1
EAEEAK_rer          		 1
EAEEAL_rer          		 1.00491
EAERW_rer           		 0.900796
EAEUS_rer           		 1.19417
EAE_sx              		 1
EAEEAA_tot          		 1
EAEEAB_tot          		 1
EAEEAC_tot          		 1
EAEEAD_tot          		 1
EAEEAF_tot          		 1
EAEEAG_tot          		 1
EAEEAH_tot          		 1
EAEEAI_tot          		 1
EAEEAJ_tot          		 1
EAEEAK_tot          		 1
EAEEAL_tot          		 1.00773
EAERW_tot           		 0.973829
EAEUS_tot           		 1.33027
EAEEAA_weight       		 0.0783524
EAEEAB_weight       		 0.0783524
EAEEAC_weight       		 0.0783524
EAEEAD_weight       		 0.0783524
EAEEAF_weight       		 0.0783524
EAEEAG_weight       		 0.0783524
EAEEAH_weight       		 0.0783524
EAEEAI_weight       		 0.0783524
EAEEAJ_weight       		 0.0783524
EAEEAK_weight       		 0.0783524
EAEEAL_weight       		 0.077923
EAERW_weight        		 0.0828139
EAEUS_weight        		 0.0557378
EAEEAA_weightex     		 0.077848
EAEEAB_weightex     		 0.077848
EAEEAC_weightex     		 0.077848
EAEEAD_weightex     		 0.077848
EAEEAF_weightex     		 0.077848
EAEEAG_weightex     		 0.077848
EAEEAH_weightex     		 0.077848
EAEEAI_weightex     		 0.077848
EAEEAJ_weightex     		 0.077848
EAEEAK_weightex     		 0.077848
EAEEAL_weightex     		 0.0778925
EAERW_weightex      		 0.0835674
EAEUS_weightex      		 0.0600598
EAEEAA_weightim     		 0.0788591
EAEEAB_weightim     		 0.0788591
EAEEAC_weightim     		 0.0788591
EAEEAD_weightim     		 0.0788591
EAEEAF_weightim     		 0.0788591
EAEEAG_weightim     		 0.0788591
EAEEAH_weightim     		 0.0788591
EAEEAI_weightim     		 0.0788591
EAEEAJ_weightim     		 0.0788591
EAEEAK_weightim     		 0.0788591
EAEEAL_weightim     		 0.0779537
EAERW_weightim      		 0.082057
EAEUS_weightim      		 0.0513959
EAE_b               		 8.36732
EAE_bf              		 -0.440101
EAE_by              		 2.4
EAE_c               		 1.88639
EAE_ci              		 2.14935
EAE_cj              		 1.09752
EAE_cy              		 0.541073
EAE_d               		 0.216034
EAE_dn              		 0.216034
EAE_dt              		 -1.29374e-07
EAE_etot            		 1.01441
EAE_ex              		 1.60364
EAE_fh              		 5.83169
EAE_fi              		 8.77701
EAE_fj              		 0.325074
EAE_fn              		 11.3165
EAE_cg              		 0.754062
EAE_gammab          		 0
EAE_gammai          		 0
EAE_gammaider       		 0
EAE_gammau          		 0
EAE_gammauder       		 0.0324171
EAE_gammav          		 0.000190559
EAE_gammavi         		 0.000101018
EAE_gammavider      		 0.00216519
EAE_gammavj         		 0.000101018
EAE_gammavjder      		 0.00216519
EAE_gh              		 6.99803
EAE_gi              		 5.08128
EAE_gj              		 3.31701
EAE_gn              		 16.9748
EAE_cgy             		 0.2
EAE_ht              		 0.692511
EAE_htc             		 0.186181
EAE_hti             		 0.128469
EAE_htcg            		 0.314884
EAE_htig            		 0.0629768
EAE_i               		 0.806304
EAE_ig              		 0.150812
EAE_ii              		 1.07507
EAE_im              		 1.57005
EAE_imc             		 0.714503
EAE_imi             		 0.493024
EAE_imcg            		 0.302105
EAE_imig            		 0.0604211
EAE_imy             		 0.401487
EAE_internalrer     		 1.23358
EAE_igy             		 0.04
EAE_k               		 32.2522
EAE_kd              		 32.2522
EAE_kdn             		 12.3958
EAE_kdt             		 19.8564
EAE_ki              		 43.0029
EAE_lambdai         		 1.30516
EAE_lambdaj         		 2.55598
EAE_lcy             		 0.656625
EAE_m               		 0.7926
EAE_mcn             		 0.730726
EAE_mct             		 0.730726
EAE_mi              		 0.903087
EAE_mj              		 0.461142
EAE_nd              		 1.91976
EAE_ndi             		 0.910764
EAE_ndj             		 1.09863
EAE_ndn             		 0.737837
EAE_ndt             		 1.18192
EAE_ni              		 0.910764
EAE_nj              		 1.09863
EAE_nt              		 1.34383
EAE_ntc             		 0.991094
EAE_nti             		 0.186512
EAE_ntcg            		 0.13852
EAE_ntig            		 0.0277041
EAE_pex             		 0.876871
EAE_pht             		 0.876871
EAE_phttilde        		 0.876871
EAE_pi              		 0.938389
EAE_pcg             		 0.924694
EAE_pig             		 0.924694
EAE_pic             		 1.00496
EAE_pic4            		 1.02
EAE_piex4           		 1.02
EAE_piht            		 1.00496
EAE_piimc           		 1.00496
EAE_piimi           		 1.00496
EAE_piimcg          		 1.00496
EAE_piimig          		 1.00496
EAE_piimc4          		 1.02
EAE_pim             		 0.891524
EAE_pimc            		 0.891522
EAE_pimi            		 0.891522
EAE_pimcg           		 0.891522
EAE_pimig           		 0.891522
EAE_pint            		 1.00496
EAE_piw             		 1.00496
EAE_piw4            		 1.02
EAE_pnt             		 1.09609
EAE_pnttilde        		 1.09609
EAE_pttc            		 0.888543
EAE_ptti            		 0.888543
EAE_pttcg           		 0.884121
EAE_pttig           		 0.884121
EAE_py              		 0.957804
EAE_q               		 0.938389
EAE_qc              		 1.88658
EAE_qi              		 0.806304
EAE_qcg             		 0.754062
EAE_qig             		 0.150812
EAE_r               		 1.01242
EAE_reer            		 1.00162
EAE_rer             		 1.19417
EAE_rerdep          		 1
EAE_rk              		 0.0304198
EAE_rp              		 0
EAE_rr              		 1.00742
EAE_rrstar          		 1.00742
EAE_sh              		 1
EAE_si              		 1
EAE_sj              		 1
EAE_snt             		 1
EAE_t               		 0
EAE_tauc            		 0.183
EAE_taud            		 0
EAE_tauk            		 0
EAE_taun            		 0.122
EAE_tauwf           		 0.219
EAE_tauwh           		 0.118
EAE_tb              		 0.00644588
EAE_tby             		 0.00184887
EAE_ti              		 0
EAE_tj              		 0
EAE_tot             		 1.33027
EAE_tr              		 0.313076
EAE_tri             		 0.208717
EAE_trj             		 0.626152
EAE_try             		 0.089839
EAE_ttc             		 0.900634
EAE_tti             		 0.621459
EAE_ttcg            		 0.616937
EAE_ttig            		 0.123387
EAE_ty              		 0
EAE_u               		 1
EAE_utili           		 -93.8046
EAE_utilj           		 -210.927
EAE_vj              		 2.38
EAE_w               		 0.978234
EAE_wcst            		 0
EAE_whty            		 0.574241
EAE_wi              		 1.08737
EAE_witilde         		 1.08737
EAE_wj              		 0.807939
EAE_wjtilde         		 0.807939
EAE_wnty            		 0.490019
EAE_wy              		 0.538658
EAE_y               		 3.63998
EAE_ygap            		 0
EAE_ygrowth         		 1
EAE_ygrowth4        		 1
EAE_yhty            		 0.577511
EAE_ynty            		 0.422489
EAE_yshare          		 0.067566
EAE_ysn             		 1.34383
EAE_yst             		 2.29615
EAE_zcon            		 1
EAE_zinv            		 1
EAE_zn              		 1
EAE_zt              		 1
EAE_gammav1         		 0.0287061
EAE_gammav2         		 0.150338
EAE_nutc            		 0.2
EAE_nuti            		 0.2
EAE_nutcg           		 0.500001
EAE_nutig           		 0.500001
EAE_psit            		 0.2
EAEEAA_rerbar       		 1
EAEEAB_rerbar       		 1
EAEEAC_rerbar       		 1
EAEEAD_rerbar       		 1
EAEEAF_rerbar       		 1
EAEEAG_rerbar       		 1
EAEEAH_rerbar       		 1
EAEEAI_rerbar       		 1
EAEEAJ_rerbar       		 1
EAEEAK_rerbar       		 1
EAEEAL_rerbar       		 1.00491
EAERW_rerbar        		 0.900796
EAEUS_rerbar        		 1.19417
EAE_pibar           		 0.938389
EAE_psinbar         		 0.376273
EAE_psitbar         		 0.45923
EAE_pybar           		 0.957804
EAE_qbar            		 0.938389
EAE_trybar          		 0.0897996
EAE_ybar            		 3.63998
EAE_ynbar           		 1.34383
EAE_ytbar           		 2.29615
EAFEAA_excy         		 0.0144083
EAFEAB_excy         		 0.0144083
EAFEAC_excy         		 0.0144083
EAFEAD_excy         		 0.0144083
EAFEAE_excy         		 0.0144083
EAFEAG_excy         		 0.0144083
EAFEAH_excy         		 0.0144083
EAFEAI_excy         		 0.0144083
EAFEAJ_excy         		 0.0144083
EAFEAK_excy         		 0.0144083
EAFEAL_excy         		 0.0147115
EAFRW_excy          		 0.0148446
EAFUS_excy          		 0.00533722
EAFEAA_exiy         		 0.00994209
EAFEAB_exiy         		 0.00994209
EAFEAC_exiy         		 0.00994209
EAFEAD_exiy         		 0.00994209
EAFEAE_exiy         		 0.00994209
EAFEAG_exiy         		 0.00994209
EAFEAH_exiy         		 0.00994209
EAFEAI_exiy         		 0.00994209
EAFEAJ_exiy         		 0.00994209
EAFEAK_exiy         		 0.00994209
EAFEAL_exiy         		 0.0100072
EAFRW_exiy          		 0.011593
EAFUS_exiy          		 0.00422401
EAF_fx              		 4.58599
EAFEAA_gammaimc     		 0
EAFEAB_gammaimc     		 0
EAFEAC_gammaimc     		 0
EAFEAD_gammaimc     		 0
EAFEAE_gammaimc     		 0
EAFEAG_gammaimc     		 0
EAFEAH_gammaimc     		 0
EAFEAI_gammaimc     		 0
EAFEAJ_gammaimc     		 0
EAFEAK_gammaimc     		 0
EAFEAL_gammaimc     		 0
EAFRW_gammaimc      		 0
EAFUS_gammaimc      		 0
EAFEAA_gammaimcdag  		 1
EAFEAB_gammaimcdag  		 1
EAFEAC_gammaimcdag  		 1
EAFEAD_gammaimcdag  		 1
EAFEAE_gammaimcdag  		 1
EAFEAG_gammaimcdag  		 1
EAFEAH_gammaimcdag  		 1
EAFEAI_gammaimcdag  		 1
EAFEAJ_gammaimcdag  		 1
EAFEAK_gammaimcdag  		 1
EAFEAL_gammaimcdag  		 1
EAFRW_gammaimcdag   		 1
EAFUS_gammaimcdag   		 1
EAFEAA_gammaimi     		 0
EAFEAB_gammaimi     		 0
EAFEAC_gammaimi     		 0
EAFEAD_gammaimi     		 0
EAFEAE_gammaimi     		 0
EAFEAG_gammaimi     		 0
EAFEAH_gammaimi     		 0
EAFEAI_gammaimi     		 0
EAFEAJ_gammaimi     		 0
EAFEAK_gammaimi     		 0
EAFEAL_gammaimi     		 0
EAFRW_gammaimi      		 0
EAFUS_gammaimi      		 0
EAFEAA_gammaimidag  		 1
EAFEAB_gammaimidag  		 1
EAFEAC_gammaimidag  		 1
EAFEAD_gammaimidag  		 1
EAFEAE_gammaimidag  		 1
EAFEAG_gammaimidag  		 1
EAFEAH_gammaimidag  		 1
EAFEAI_gammaimidag  		 1
EAFEAJ_gammaimidag  		 1
EAFEAK_gammaimidag  		 1
EAFEAL_gammaimidag  		 1
EAFRW_gammaimidag   		 1
EAFUS_gammaimidag   		 1
EAFEAA_gammaimcg    		 0
EAFEAB_gammaimcg    		 0
EAFEAC_gammaimcg    		 0
EAFEAD_gammaimcg    		 0
EAFEAE_gammaimcg    		 0
EAFEAG_gammaimcg    		 0
EAFEAH_gammaimcg    		 0
EAFEAI_gammaimcg    		 0
EAFEAJ_gammaimcg    		 0
EAFEAK_gammaimcg    		 0
EAFEAL_gammaimcg    		 0
EAFRW_gammaimcg     		 0
EAFUS_gammaimcg     		 0
EAFEAA_gammaimcgdag 		 1
EAFEAB_gammaimcgdag 		 1
EAFEAC_gammaimcgdag 		 1
EAFEAD_gammaimcgdag 		 1
EAFEAE_gammaimcgdag 		 1
EAFEAG_gammaimcgdag 		 1
EAFEAH_gammaimcgdag 		 1
EAFEAI_gammaimcgdag 		 1
EAFEAJ_gammaimcgdag 		 1
EAFEAK_gammaimcgdag 		 1
EAFEAL_gammaimcgdag 		 1
EAFRW_gammaimcgdag  		 1
EAFUS_gammaimcgdag  		 1
EAFEAA_gammaimig    		 0
EAFEAB_gammaimig    		 0
EAFEAC_gammaimig    		 0
EAFEAD_gammaimig    		 0
EAFEAE_gammaimig    		 0
EAFEAG_gammaimig    		 0
EAFEAH_gammaimig    		 0
EAFEAI_gammaimig    		 0
EAFEAJ_gammaimig    		 0
EAFEAK_gammaimig    		 0
EAFEAL_gammaimig    		 0
EAFRW_gammaimig     		 0
EAFUS_gammaimig     		 0
EAFEAA_gammaimigdag 		 1
EAFEAB_gammaimigdag 		 1
EAFEAC_gammaimigdag 		 1
EAFEAD_gammaimigdag 		 1
EAFEAE_gammaimigdag 		 1
EAFEAG_gammaimigdag 		 1
EAFEAH_gammaimigdag 		 1
EAFEAI_gammaimigdag 		 1
EAFEAJ_gammaimigdag 		 1
EAFEAK_gammaimigdag 		 1
EAFEAL_gammaimigdag 		 1
EAFRW_gammaimigdag  		 1
EAFUS_gammaimigdag  		 1
EAF_gx              		 5.50318
EAFEAA_im           		 0.125882
EAFEAB_im           		 0.125882
EAFEAC_im           		 0.125882
EAFEAD_im           		 0.125882
EAFEAE_im           		 0.125882
EAFEAG_im           		 0.125882
EAFEAH_im           		 0.125882
EAFEAI_im           		 0.125882
EAFEAJ_im           		 0.125882
EAFEAK_im           		 0.125882
EAFEAL_im           		 0.123482
EAFRW_im            		 0.134507
EAFUS_im            		 0.0616738
EAFEAA_imc          		 0.0572866
EAFEAB_imc          		 0.0572866
EAFEAC_imc          		 0.0572866
EAFEAD_imc          		 0.0572866
EAFEAE_imc          		 0.0572866
EAFEAG_imc          		 0.0572866
EAFEAH_imc          		 0.0572866
EAFEAI_imc          		 0.0572866
EAFEAJ_imc          		 0.0572866
EAFEAK_imc          		 0.0572866
EAFEAL_imc          		 0.0561946
EAFRW_imc           		 0.0612117
EAFUS_imc           		 0.0280666
EAFEAD_imcy         		 0.0144083
EAFEAA_imi          		 0.0395291
EAFEAB_imi          		 0.0395291
EAFEAC_imi          		 0.0395291
EAFEAD_imi          		 0.0395291
EAFEAE_imi          		 0.0395291
EAFEAG_imi          		 0.0395291
EAFEAH_imi          		 0.0395291
EAFEAI_imi          		 0.0395291
EAFEAJ_imi          		 0.0395291
EAFEAK_imi          		 0.0395291
EAFEAL_imi          		 0.0387756
EAFRW_imi           		 0.0422375
EAFUS_imi           		 0.0193666
EAFEAD_imiy         		 0.00994209
EAFEAA_imcg         		 0.0242219
EAFEAB_imcg         		 0.0242219
EAFEAC_imcg         		 0.0242219
EAFEAD_imcg         		 0.0242219
EAFEAE_imcg         		 0.0242219
EAFEAG_imcg         		 0.0242219
EAFEAH_imcg         		 0.0242219
EAFEAI_imcg         		 0.0242219
EAFEAJ_imcg         		 0.0242219
EAFEAK_imcg         		 0.0242219
EAFEAL_imcg         		 0.0237601
EAFRW_imcg          		 0.0258814
EAFUS_imcg          		 0.0118671
EAFEAD_imcgy        		 0.00609211
EAFEAA_imig         		 0.00484437
EAFEAB_imig         		 0.00484437
EAFEAC_imig         		 0.00484437
EAFEAD_imig         		 0.00484437
EAFEAE_imig         		 0.00484437
EAFEAG_imig         		 0.00484437
EAFEAH_imig         		 0.00484437
EAFEAI_imig         		 0.00484437
EAFEAJ_imig         		 0.00484437
EAFEAK_imig         		 0.00484437
EAFEAL_imig         		 0.00475203
EAFRW_imig          		 0.00517629
EAFUS_imig          		 0.00237342
EAFEAD_imigy        		 0.00121842
EAF_piex            		 1.00496
EAF_pextilde        		 0.876871
EAFEAA_rer          		 1
EAFEAB_rer          		 1
EAFEAC_rer          		 1
EAFEAD_rer          		 1
EAFEAE_rer          		 1
EAFEAG_rer          		 1
EAFEAH_rer          		 1
EAFEAI_rer          		 1
EAFEAJ_rer          		 1
EAFEAK_rer          		 1
EAFEAL_rer          		 1.00491
EAFRW_rer           		 0.900796
EAFUS_rer           		 1.19417
EAF_sx              		 1
EAFEAA_tot          		 1
EAFEAB_tot          		 1
EAFEAC_tot          		 1
EAFEAD_tot          		 1
EAFEAE_tot          		 1
EAFEAG_tot          		 1
EAFEAH_tot          		 1
EAFEAI_tot          		 1
EAFEAJ_tot          		 1
EAFEAK_tot          		 1
EAFEAL_tot          		 1.00773
EAFRW_tot           		 0.973829
EAFUS_tot           		 1.33027
EAFEAA_weight       		 0.0783524
EAFEAB_weight       		 0.0783524
EAFEAC_weight       		 0.0783524
EAFEAD_weight       		 0.0783524
EAFEAE_weight       		 0.0783524
EAFEAG_weight       		 0.0783524
EAFEAH_weight       		 0.0783524
EAFEAI_weight       		 0.0783524
EAFEAJ_weight       		 0.0783524
EAFEAK_weight       		 0.0783524
EAFEAL_weight       		 0.077923
EAFRW_weight        		 0.0828139
EAFUS_weight        		 0.0557378
EAFEAA_weightex     		 0.077848
EAFEAB_weightex     		 0.077848
EAFEAC_weightex     		 0.077848
EAFEAD_weightex     		 0.077848
EAFEAE_weightex     		 0.077848
EAFEAG_weightex     		 0.077848
EAFEAH_weightex     		 0.077848
EAFEAI_weightex     		 0.077848
EAFEAJ_weightex     		 0.077848
EAFEAK_weightex     		 0.077848
EAFEAL_weightex     		 0.0778925
EAFRW_weightex      		 0.0835674
EAFUS_weightex      		 0.0600598
EAFEAA_weightim     		 0.0788591
EAFEAB_weightim     		 0.0788591
EAFEAC_weightim     		 0.0788591
EAFEAD_weightim     		 0.0788591
EAFEAE_weightim     		 0.0788591
EAFEAG_weightim     		 0.0788591
EAFEAH_weightim     		 0.0788591
EAFEAI_weightim     		 0.0788591
EAFEAJ_weightim     		 0.0788591
EAFEAK_weightim     		 0.0788591
EAFEAL_weightim     		 0.0779537
EAFRW_weightim      		 0.082057
EAFUS_weightim      		 0.0513959
EAF_b               		 8.36732
EAF_bf              		 -0.440101
EAF_by              		 2.4
EAF_c               		 1.88639
EAF_ci              		 2.14935
EAF_cj              		 1.09752
EAF_cy              		 0.541073
EAF_d               		 0.216034
EAF_dn              		 0.216034
EAF_dt              		 -1.29374e-07
EAF_etot            		 1.01441
EAF_ex              		 1.60364
EAF_fh              		 5.83169
EAF_fi              		 8.77701
EAF_fj              		 0.325074
EAF_fn              		 11.3165
EAF_cg              		 0.754062
EAF_gammab          		 0
EAF_gammai          		 0
EAF_gammaider       		 0
EAF_gammau          		 0
EAF_gammauder       		 0.0324171
EAF_gammav          		 0.000190559
EAF_gammavi         		 0.000101018
EAF_gammavider      		 0.00216519
EAF_gammavj         		 0.000101018
EAF_gammavjder      		 0.00216519
EAF_gh              		 6.99803
EAF_gi              		 5.08128
EAF_gj              		 3.31701
EAF_gn              		 16.9748
EAF_cgy             		 0.2
EAF_ht              		 0.692511
EAF_htc             		 0.186181
EAF_hti             		 0.128469
EAF_htcg            		 0.314884
EAF_htig            		 0.0629768
EAF_i               		 0.806304
EAF_ig              		 0.150812
EAF_ii              		 1.07507
EAF_im              		 1.57005
EAF_imc             		 0.714503
EAF_imi             		 0.493024
EAF_imcg            		 0.302105
EAF_imig            		 0.0604211
EAF_imy             		 0.401487
EAF_internalrer     		 1.23358
EAF_igy             		 0.04
EAF_k               		 32.2522
EAF_kd              		 32.2522
EAF_kdn             		 12.3958
EAF_kdt             		 19.8564
EAF_ki              		 43.0029
EAF_lambdai         		 1.30516
EAF_lambdaj         		 2.55598
EAF_lcy             		 0.656625
EAF_m               		 0.7926
EAF_mcn             		 0.730726
EAF_mct             		 0.730726
EAF_mi              		 0.903087
EAF_mj              		 0.461142
EAF_nd              		 1.91976
EAF_ndi             		 0.910764
EAF_ndj             		 1.09863
EAF_ndn             		 0.737837
EAF_ndt             		 1.18192
EAF_ni              		 0.910764
EAF_nj              		 1.09863
EAF_nt              		 1.34383
EAF_ntc             		 0.991094
EAF_nti             		 0.186512
EAF_ntcg            		 0.13852
EAF_ntig            		 0.0277041
EAF_pex             		 0.876871
EAF_pht             		 0.876871
EAF_phttilde        		 0.876871
EAF_pi              		 0.938389
EAF_pcg             		 0.924694
EAF_pig             		 0.924694
EAF_pic             		 1.00496
EAF_pic4            		 1.02
EAF_piex4           		 1.02
EAF_piht            		 1.00496
EAF_piimc           		 1.00496
EAF_piimi           		 1.00496
EAF_piimcg          		 1.00496
EAF_piimig          		 1.00496
EAF_piimc4          		 1.02
EAF_pim             		 0.891524
EAF_pimc            		 0.891522
EAF_pimi            		 0.891522
EAF_pimcg           		 0.891522
EAF_pimig           		 0.891522
EAF_pint            		 1.00496
EAF_piw             		 1.00496
EAF_piw4            		 1.02
EAF_pnt             		 1.09609
EAF_pnttilde        		 1.09609
EAF_pttc            		 0.888543
EAF_ptti            		 0.888543
EAF_pttcg           		 0.884121
EAF_pttig           		 0.884121
EAF_py              		 0.957804
EAF_q               		 0.938389
EAF_qc              		 1.88658
EAF_qi              		 0.806304
EAF_qcg             		 0.754062
EAF_qig             		 0.150812
EAF_r               		 1.01242
EAF_reer            		 1.00162
EAF_rer             		 1.19417
EAF_rerdep          		 1
EAF_rk              		 0.0304198
EAF_rp              		 0
EAF_rr              		 1.00742
EAF_rrstar          		 1.00742
EAF_sh              		 1
EAF_si              		 1
EAF_sj              		 1
EAF_snt             		 1
EAF_t               		 0
EAF_tauc            		 0.183
EAF_taud            		 0
EAF_tauk            		 0
EAF_taun            		 0.122
EAF_tauwf           		 0.219
EAF_tauwh           		 0.118
EAF_tb              		 0.00644588
EAF_tby             		 0.00184887
EAF_ti              		 0
EAF_tj              		 0
EAF_tot             		 1.33027
EAF_tr              		 0.313076
EAF_tri             		 0.208717
EAF_trj             		 0.626152
EAF_try             		 0.089839
EAF_ttc             		 0.900634
EAF_tti             		 0.621459
EAF_ttcg            		 0.616937
EAF_ttig            		 0.123387
EAF_ty              		 0
EAF_u               		 1
EAF_utili           		 -93.8046
EAF_utilj           		 -210.927
EAF_vj              		 2.38
EAF_w               		 0.978234
EAF_wcst            		 0
EAF_whty            		 0.574241
EAF_wi              		 1.08737
EAF_witilde         		 1.08737
EAF_wj              		 0.807939
EAF_wjtilde         		 0.807939
EAF_wnty            		 0.490019
EAF_wy              		 0.538658
EAF_y               		 3.63998
EAF_ygap            		 0
EAF_ygrowth         		 1
EAF_ygrowth4        		 1
EAF_yhty            		 0.577511
EAF_ynty            		 0.422489
EAF_yshare          		 0.067566
EAF_ysn             		 1.34383
EAF_yst             		 2.29615
EAF_zcon            		 1
EAF_zinv            		 1
EAF_zn              		 1
EAF_zt              		 1
EAF_gammav1         		 0.0287061
EAF_gammav2         		 0.150338
EAF_nutc            		 0.2
EAF_nuti            		 0.2
EAF_nutcg           		 0.500001
EAF_nutig           		 0.500001
EAF_psit            		 0.2
EAFEAA_rerbar       		 1
EAFEAB_rerbar       		 1
EAFEAC_rerbar       		 1
EAFEAD_rerbar       		 1
EAFEAE_rerbar       		 1
EAFEAG_rerbar       		 1
EAFEAH_rerbar       		 1
EAFEAI_rerbar       		 1
EAFEAJ_rerbar       		 1
EAFEAK_rerbar       		 1
EAFEAL_rerbar       		 1.00491
EAFRW_rerbar        		 0.900796
EAFUS_rerbar        		 1.19417
EAF_pibar           		 0.938389
EAF_psinbar         		 0.376273
EAF_psitbar         		 0.45923
EAF_pybar           		 0.957804
EAF_qbar            		 0.938389
EAF_trybar          		 0.0897996
EAF_ybar            		 3.63998
EAF_ynbar           		 1.34383
EAF_ytbar           		 2.29615
EAGEAA_excy         		 0.0144083
EAGEAB_excy         		 0.0144083
EAGEAC_excy         		 0.0144083
EAGEAD_excy         		 0.0144083
EAGEAE_excy         		 0.0144083
EAGEAF_excy         		 0.0144083
EAGEAH_excy         		 0.0144083
EAGEAI_excy         		 0.0144083
EAGEAJ_excy         		 0.0144083
EAGEAK_excy         		 0.0144083
EAGEAL_excy         		 0.0147115
EAGRW_excy          		 0.0148446
EAGUS_excy          		 0.00533722
EAGEAA_exiy         		 0.00994209
EAGEAB_exiy         		 0.00994209
EAGEAC_exiy         		 0.00994209
EAGEAD_exiy         		 0.00994209
EAGEAE_exiy         		 0.00994209
EAGEAF_exiy         		 0.00994209
EAGEAH_exiy         		 0.00994209
EAGEAI_exiy         		 0.00994209
EAGEAJ_exiy         		 0.00994209
EAGEAK_exiy         		 0.00994209
EAGEAL_exiy         		 0.0100072
EAGRW_exiy          		 0.011593
EAGUS_exiy          		 0.00422401
EAG_fx              		 4.58599
EAGEAA_gammaimc     		 0
EAGEAB_gammaimc     		 0
EAGEAC_gammaimc     		 0
EAGEAD_gammaimc     		 0
EAGEAE_gammaimc     		 0
EAGEAF_gammaimc     		 0
EAGEAH_gammaimc     		 0
EAGEAI_gammaimc     		 0
EAGEAJ_gammaimc     		 0
EAGEAK_gammaimc     		 0
EAGEAL_gammaimc     		 0
EAGRW_gammaimc      		 0
EAGUS_gammaimc      		 0
EAGEAA_gammaimcdag  		 1
EAGEAB_gammaimcdag  		 1
EAGEAC_gammaimcdag  		 1
EAGEAD_gammaimcdag  		 1
EAGEAE_gammaimcdag  		 1
EAGEAF_gammaimcdag  		 1
EAGEAH_gammaimcdag  		 1
EAGEAI_gammaimcdag  		 1
EAGEAJ_gammaimcdag  		 1
EAGEAK_gammaimcdag  		 1
EAGEAL_gammaimcdag  		 1
EAGRW_gammaimcdag   		 1
EAGUS_gammaimcdag   		 1
EAGEAA_gammaimi     		 0
EAGEAB_gammaimi     		 0
EAGEAC_gammaimi     		 0
EAGEAD_gammaimi     		 0
EAGEAE_gammaimi     		 0
EAGEAF_gammaimi     		 0
EAGEAH_gammaimi     		 0
EAGEAI_gammaimi     		 0
EAGEAJ_gammaimi     		 0
EAGEAK_gammaimi     		 0
EAGEAL_gammaimi     		 0
EAGRW_gammaimi      		 0
EAGUS_gammaimi      		 0
EAGEAA_gammaimidag  		 1
EAGEAB_gammaimidag  		 1
EAGEAC_gammaimidag  		 1
EAGEAD_gammaimidag  		 1
EAGEAE_gammaimidag  		 1
EAGEAF_gammaimidag  		 1
EAGEAH_gammaimidag  		 1
EAGEAI_gammaimidag  		 1
EAGEAJ_gammaimidag  		 1
EAGEAK_gammaimidag  		 1
EAGEAL_gammaimidag  		 1
EAGRW_gammaimidag   		 1
EAGUS_gammaimidag   		 1
EAGEAA_gammaimcg    		 0
EAGEAB_gammaimcg    		 0
EAGEAC_gammaimcg    		 0
EAGEAD_gammaimcg    		 0
EAGEAE_gammaimcg    		 0
EAGEAF_gammaimcg    		 0
EAGEAH_gammaimcg    		 0
EAGEAI_gammaimcg    		 0
EAGEAJ_gammaimcg    		 0
EAGEAK_gammaimcg    		 0
EAGEAL_gammaimcg    		 0
EAGRW_gammaimcg     		 0
EAGUS_gammaimcg     		 0
EAGEAA_gammaimcgdag 		 1
EAGEAB_gammaimcgdag 		 1
EAGEAC_gammaimcgdag 		 1
EAGEAD_gammaimcgdag 		 1
EAGEAE_gammaimcgdag 		 1
EAGEAF_gammaimcgdag 		 1
EAGEAH_gammaimcgdag 		 1
EAGEAI_gammaimcgdag 		 1
EAGEAJ_gammaimcgdag 		 1
EAGEAK_gammaimcgdag 		 1
EAGEAL_gammaimcgdag 		 1
EAGRW_gammaimcgdag  		 1
EAGUS_gammaimcgdag  		 1
EAGEAA_gammaimig    		 0
EAGEAB_gammaimig    		 0
EAGEAC_gammaimig    		 0
EAGEAD_gammaimig    		 0
EAGEAE_gammaimig    		 0
EAGEAF_gammaimig    		 0
EAGEAH_gammaimig    		 0
EAGEAI_gammaimig    		 0
EAGEAJ_gammaimig    		 0
EAGEAK_gammaimig    		 0
EAGEAL_gammaimig    		 0
EAGRW_gammaimig     		 0
EAGUS_gammaimig     		 0
EAGEAA_gammaimigdag 		 1
EAGEAB_gammaimigdag 		 1
EAGEAC_gammaimigdag 		 1
EAGEAD_gammaimigdag 		 1
EAGEAE_gammaimigdag 		 1
EAGEAF_gammaimigdag 		 1
EAGEAH_gammaimigdag 		 1
EAGEAI_gammaimigdag 		 1
EAGEAJ_gammaimigdag 		 1
EAGEAK_gammaimigdag 		 1
EAGEAL_gammaimigdag 		 1
EAGRW_gammaimigdag  		 1
EAGUS_gammaimigdag  		 1
EAG_gx              		 5.50318
EAGEAA_im           		 0.125882
EAGEAB_im           		 0.125882
EAGEAC_im           		 0.125882
EAGEAD_im           		 0.125882
EAGEAE_im           		 0.125882
EAGEAF_im           		 0.125882
EAGEAH_im           		 0.125882
EAGEAI_im           		 0.125882
EAGEAJ_im           		 0.125882
EAGEAK_im           		 0.125882
EAGEAL_im           		 0.123482
EAGRW_im            		 0.134507
EAGUS_im            		 0.0616738
EAGEAA_imc          		 0.0572866
EAGEAB_imc          		 0.0572866
EAGEAC_imc          		 0.0572866
EAGEAD_imc          		 0.0572866
EAGEAE_imc          		 0.0572866
EAGEAF_imc          		 0.0572866
EAGEAH_imc          		 0.0572866
EAGEAI_imc          		 0.0572866
EAGEAJ_imc          		 0.0572866
EAGEAK_imc          		 0.0572866
EAGEAL_imc          		 0.0561946
EAGRW_imc           		 0.0612117
EAGUS_imc           		 0.0280666
EAGEAE_imcy         		 0.0144083
EAGEAA_imi          		 0.0395291
EAGEAB_imi          		 0.0395291
EAGEAC_imi          		 0.0395291
EAGEAD_imi          		 0.0395291
EAGEAE_imi          		 0.0395291
EAGEAF_imi          		 0.0395291
EAGEAH_imi          		 0.0395291
EAGEAI_imi          		 0.0395291
EAGEAJ_imi          		 0.0395291
EAGEAK_imi          		 0.0395291
EAGEAL_imi          		 0.0387756
EAGRW_imi           		 0.0422375
EAGUS_imi           		 0.0193666
EAGEAE_imiy         		 0.00994209
EAGEAA_imcg         		 0.0242219
EAGEAB_imcg         		 0.0242219
EAGEAC_imcg         		 0.0242219
EAGEAD_imcg         		 0.0242219
EAGEAE_imcg         		 0.0242219
EAGEAF_imcg         		 0.0242219
EAGEAH_imcg         		 0.0242219
EAGEAI_imcg         		 0.0242219
EAGEAJ_imcg         		 0.0242219
EAGEAK_imcg         		 0.0242219
EAGEAL_imcg         		 0.0237601
EAGRW_imcg          		 0.0258814
EAGUS_imcg          		 0.0118671
EAGEAE_imcgy        		 0.00609211
EAGEAA_imig         		 0.00484437
EAGEAB_imig         		 0.00484437
EAGEAC_imig         		 0.00484437
EAGEAD_imig         		 0.00484437
EAGEAE_imig         		 0.00484437
EAGEAF_imig         		 0.00484437
EAGEAH_imig         		 0.00484437
EAGEAI_imig         		 0.00484437
EAGEAJ_imig         		 0.00484437
EAGEAK_imig         		 0.00484437
EAGEAL_imig         		 0.00475203
EAGRW_imig          		 0.00517629
EAGUS_imig          		 0.00237342
EAGEAE_imigy        		 0.00121842
EAG_piex            		 1.00496
EAG_pextilde        		 0.876871
EAGEAA_rer          		 1
EAGEAB_rer          		 1
EAGEAC_rer          		 1
EAGEAD_rer          		 1
EAGEAE_rer          		 1
EAGEAF_rer          		 1
EAGEAH_rer          		 1
EAGEAI_rer          		 1
EAGEAJ_rer          		 1
EAGEAK_rer          		 1
EAGEAL_rer          		 1.00491
EAGRW_rer           		 0.900796
EAGUS_rer           		 1.19417
EAG_sx              		 1
EAGEAA_tot          		 1
EAGEAB_tot          		 1
EAGEAC_tot          		 1
EAGEAD_tot          		 1
EAGEAE_tot          		 1
EAGEAF_tot          		 1
EAGEAH_tot          		 1
EAGEAI_tot          		 1
EAGEAJ_tot          		 1
EAGEAK_tot          		 1
EAGEAL_tot          		 1.00773
EAGRW_tot           		 0.973829
EAGUS_tot           		 1.33027
EAGEAA_weight       		 0.0783524
EAGEAB_weight       		 0.0783524
EAGEAC_weight       		 0.0783524
EAGEAD_weight       		 0.0783524
EAGEAE_weight       		 0.0783524
EAGEAF_weight       		 0.0783524
EAGEAH_weight       		 0.0783524
EAGEAI_weight       		 0.0783524
EAGEAJ_weight       		 0.0783524
EAGEAK_weight       		 0.0783524
EAGEAL_weight       		 0.077923
EAGRW_weight        		 0.0828139
EAGUS_weight        		 0.0557378
EAGEAA_weightex     		 0.077848
EAGEAB_weightex     		 0.077848
EAGEAC_weightex     		 0.077848
EAGEAD_weightex     		 0.077848
EAGEAE_weightex     		 0.077848
EAGEAF_weightex     		 0.077848
EAGEAH_weightex     		 0.077848
EAGEAI_weightex     		 0.077848
EAGEAJ_weightex     		 0.077848
EAGEAK_weightex     		 0.077848
EAGEAL_weightex     		 0.0778925
EAGRW_weightex      		 0.0835674
EAGUS_weightex      		 0.0600598
EAGEAA_weightim     		 0.0788591
EAGEAB_weightim     		 0.0788591
EAGEAC_weightim     		 0.0788591
EAGEAD_weightim     		 0.0788591
EAGEAE_weightim     		 0.0788591
EAGEAF_weightim     		 0.0788591
EAGEAH_weightim     		 0.0788591
EAGEAI_weightim     		 0.0788591
EAGEAJ_weightim     		 0.0788591
EAGEAK_weightim     		 0.0788591
EAGEAL_weightim     		 0.0779537
EAGRW_weightim      		 0.082057
EAGUS_weightim      		 0.0513959
EAG_b               		 8.36732
EAG_bf              		 -0.440101
EAG_by              		 2.4
EAG_c               		 1.88639
EAG_ci              		 2.14935
EAG_cj              		 1.09752
EAG_cy              		 0.541073
EAG_d               		 0.216034
EAG_dn              		 0.216034
EAG_dt              		 -1.29374e-07
EAG_etot            		 1.01441
EAG_ex              		 1.60364
EAG_fh              		 5.83169
EAG_fi              		 8.77701
EAG_fj              		 0.325074
EAG_fn              		 11.3165
EAG_cg              		 0.754062
EAG_gammab          		 0
EAG_gammai          		 0
EAG_gammaider       		 0
EAG_gammau          		 0
EAG_gammauder       		 0.0324171
EAG_gammav          		 0.000190559
EAG_gammavi         		 0.000101018
EAG_gammavider      		 0.00216519
EAG_gammavj         		 0.000101018
EAG_gammavjder      		 0.00216519
EAG_gh              		 6.99803
EAG_gi              		 5.08128
EAG_gj              		 3.31701
EAG_gn              		 16.9748
EAG_cgy             		 0.2
EAG_ht              		 0.692511
EAG_htc             		 0.186181
EAG_hti             		 0.128469
EAG_htcg            		 0.314884
EAG_htig            		 0.0629768
EAG_i               		 0.806304
EAG_ig              		 0.150812
EAG_ii              		 1.07507
EAG_im              		 1.57005
EAG_imc             		 0.714503
EAG_imi             		 0.493024
EAG_imcg            		 0.302105
EAG_imig            		 0.0604211
EAG_imy             		 0.401487
EAG_internalrer     		 1.23358
EAG_igy             		 0.04
EAG_k               		 32.2522
EAG_kd              		 32.2522
EAG_kdn             		 12.3958
EAG_kdt             		 19.8564
EAG_ki              		 43.0029
EAG_lambdai         		 1.30516
EAG_lambdaj         		 2.55598
EAG_lcy             		 0.656625
EAG_m               		 0.7926
EAG_mcn             		 0.730726
EAG_mct             		 0.730726
EAG_mi              		 0.903087
EAG_mj              		 0.461142
EAG_nd              		 1.91976
EAG_ndi             		 0.910764
EAG_ndj             		 1.09863
EAG_ndn             		 0.737837
EAG_ndt             		 1.18192
EAG_ni              		 0.910764
EAG_nj              		 1.09863
EAG_nt              		 1.34383
EAG_ntc             		 0.991094
EAG_nti             		 0.186512
EAG_ntcg            		 0.13852
EAG_ntig            		 0.0277041
EAG_pex             		 0.876871
EAG_pht             		 0.876871
EAG_phttilde        		 0.876871
EAG_pi              		 0.938389
EAG_pcg             		 0.924694
EAG_pig             		 0.924694
EAG_pic             		 1.00496
EAG_pic4            		 1.02
EAG_piex4           		 1.02
EAG_piht            		 1.00496
EAG_piimc           		 1.00496
EAG_piimi           		 1.00496
EAG_piimcg          		 1.00496
EAG_piimig          		 1.00496
EAG_piimc4          		 1.02
EAG_pim             		 0.891524
EAG_pimc            		 0.891522
EAG_pimi            		 0.891522
EAG_pimcg           		 0.891522
EAG_pimig           		 0.891522
EAG_pint            		 1.00496
EAG_piw             		 1.00496
EAG_piw4            		 1.02
EAG_pnt             		 1.09609
EAG_pnttilde        		 1.09609
EAG_pttc            		 0.888543
EAG_ptti            		 0.888543
EAG_pttcg           		 0.884121
EAG_pttig           		 0.884121
EAG_py              		 0.957804
EAG_q               		 0.938389
EAG_qc              		 1.88658
EAG_qi              		 0.806304
EAG_qcg             		 0.754062
EAG_qig             		 0.150812
EAG_r               		 1.01242
EAG_reer            		 1.00162
EAG_rer             		 1.19417
EAG_rerdep          		 1
EAG_rk              		 0.0304198
EAG_rp              		 0
EAG_rr              		 1.00742
EAG_rrstar          		 1.00742
EAG_sh              		 1
EAG_si              		 1
EAG_sj              		 1
EAG_snt             		 1
EAG_t               		 0
EAG_tauc            		 0.183
EAG_taud            		 0
EAG_tauk            		 0
EAG_taun            		 0.122
EAG_tauwf           		 0.219
EAG_tauwh           		 0.118
EAG_tb              		 0.00644588
EAG_tby             		 0.00184887
EAG_ti              		 0
EAG_tj              		 0
EAG_tot             		 1.33027
EAG_tr              		 0.313076
EAG_tri             		 0.208717
EAG_trj             		 0.626152
EAG_try             		 0.089839
EAG_ttc             		 0.900634
EAG_tti             		 0.621459
EAG_ttcg            		 0.616937
EAG_ttig            		 0.123387
EAG_ty              		 0
EAG_u               		 1
EAG_utili           		 -93.8046
EAG_utilj           		 -210.927
EAG_vj              		 2.38
EAG_w               		 0.978234
EAG_wcst            		 0
EAG_whty            		 0.574241
EAG_wi              		 1.08737
EAG_witilde         		 1.08737
EAG_wj              		 0.807939
EAG_wjtilde         		 0.807939
EAG_wnty            		 0.490019
EAG_wy              		 0.538658
EAG_y               		 3.63998
EAG_ygap            		 0
EAG_ygrowth         		 1
EAG_ygrowth4        		 1
EAG_yhty            		 0.577511
EAG_ynty            		 0.422489
EAG_yshare          		 0.067566
EAG_ysn             		 1.34383
EAG_yst             		 2.29615
EAG_zcon            		 1
EAG_zinv            		 1
EAG_zn              		 1
EAG_zt              		 1
EAG_gammav1         		 0.0287061
EAG_gammav2         		 0.150338
EAG_nutc            		 0.2
EAG_nuti            		 0.2
EAG_nutcg           		 0.500001
EAG_nutig           		 0.500001
EAG_psit            		 0.2
EAGEAA_rerbar       		 1
EAGEAB_rerbar       		 1
EAGEAC_rerbar       		 1
EAGEAD_rerbar       		 1
EAGEAE_rerbar       		 1
EAGEAF_rerbar       		 1
EAGEAH_rerbar       		 1
EAGEAI_rerbar       		 1
EAGEAJ_rerbar       		 1
EAGEAK_rerbar       		 1
EAGEAL_rerbar       		 1.00491
EAGRW_rerbar        		 0.900796
EAGUS_rerbar        		 1.19417
EAG_pibar           		 0.938389
EAG_psinbar         		 0.376273
EAG_psitbar         		 0.45923
EAG_pybar           		 0.957804
EAG_qbar            		 0.938389
EAG_trybar          		 0.0897996
EAG_ybar            		 3.63998
EAG_ynbar           		 1.34383
EAG_ytbar           		 2.29615
EAHEAA_excy         		 0.0144083
EAHEAB_excy         		 0.0144083
EAHEAC_excy         		 0.0144083
EAHEAD_excy         		 0.0144083
EAHEAE_excy         		 0.0144083
EAHEAF_excy         		 0.0144083
EAHEAG_excy         		 0.0144083
EAHEAI_excy         		 0.0144083
EAHEAJ_excy         		 0.0144083
EAHEAK_excy         		 0.0144083
EAHEAL_excy         		 0.0147115
EAHRW_excy          		 0.0148446
EAHUS_excy          		 0.00533722
EAHEAA_exiy         		 0.00994209
EAHEAB_exiy         		 0.00994209
EAHEAC_exiy         		 0.00994209
EAHEAD_exiy         		 0.00994209
EAHEAE_exiy         		 0.00994209
EAHEAF_exiy         		 0.00994209
EAHEAG_exiy         		 0.00994209
EAHEAI_exiy         		 0.00994209
EAHEAJ_exiy         		 0.00994209
EAHEAK_exiy         		 0.00994209
EAHEAL_exiy         		 0.0100072
EAHRW_exiy          		 0.011593
EAHUS_exiy          		 0.00422401
EAH_fx              		 4.58599
EAHEAA_gammaimc     		 0
EAHEAB_gammaimc     		 0
EAHEAC_gammaimc     		 0
EAHEAD_gammaimc     		 0
EAHEAE_gammaimc     		 0
EAHEAF_gammaimc     		 0
EAHEAG_gammaimc     		 0
EAHEAI_gammaimc     		 0
EAHEAJ_gammaimc     		 0
EAHEAK_gammaimc     		 0
EAHEAL_gammaimc     		 0
EAHRW_gammaimc      		 0
EAHUS_gammaimc      		 0
EAHEAA_gammaimcdag  		 1
EAHEAB_gammaimcdag  		 1
EAHEAC_gammaimcdag  		 1
EAHEAD_gammaimcdag  		 1
EAHEAE_gammaimcdag  		 1
EAHEAF_gammaimcdag  		 1
EAHEAG_gammaimcdag  		 1
EAHEAI_gammaimcdag  		 1
EAHEAJ_gammaimcdag  		 1
EAHEAK_gammaimcdag  		 1
EAHEAL_gammaimcdag  		 1
EAHRW_gammaimcdag   		 1
EAHUS_gammaimcdag   		 1
EAHEAA_gammaimi     		 0
EAHEAB_gammaimi     		 0
EAHEAC_gammaimi     		 0
EAHEAD_gammaimi     		 0
EAHEAE_gammaimi     		 0
EAHEAF_gammaimi     		 0
EAHEAG_gammaimi     		 0
EAHEAI_gammaimi     		 0
EAHEAJ_gammaimi     		 0
EAHEAK_gammaimi     		 0
EAHEAL_gammaimi     		 0
EAHRW_gammaimi      		 0
EAHUS_gammaimi      		 0
EAHEAA_gammaimidag  		 1
EAHEAB_gammaimidag  		 1
EAHEAC_gammaimidag  		 1
EAHEAD_gammaimidag  		 1
EAHEAE_gammaimidag  		 1
EAHEAF_gammaimidag  		 1
EAHEAG_gammaimidag  		 1
EAHEAI_gammaimidag  		 1
EAHEAJ_gammaimidag  		 1
EAHEAK_gammaimidag  		 1
EAHEAL_gammaimidag  		 1
EAHRW_gammaimidag   		 1
EAHUS_gammaimidag   		 1
EAHEAA_gammaimcg    		 0
EAHEAB_gammaimcg    		 0
EAHEAC_gammaimcg    		 0
EAHEAD_gammaimcg    		 0
EAHEAE_gammaimcg    		 0
EAHEAF_gammaimcg    		 0
EAHEAG_gammaimcg    		 0
EAHEAI_gammaimcg    		 0
EAHEAJ_gammaimcg    		 0
EAHEAK_gammaimcg    		 0
EAHEAL_gammaimcg    		 0
EAHRW_gammaimcg     		 0
EAHUS_gammaimcg     		 0
EAHEAA_gammaimcgdag 		 1
EAHEAB_gammaimcgdag 		 1
EAHEAC_gammaimcgdag 		 1
EAHEAD_gammaimcgdag 		 1
EAHEAE_gammaimcgdag 		 1
EAHEAF_gammaimcgdag 		 1
EAHEAG_gammaimcgdag 		 1
EAHEAI_gammaimcgdag 		 1
EAHEAJ_gammaimcgdag 		 1
EAHEAK_gammaimcgdag 		 1
EAHEAL_gammaimcgdag 		 1
EAHRW_gammaimcgdag  		 1
EAHUS_gammaimcgdag  		 1
EAHEAA_gammaimig    		 0
EAHEAB_gammaimig    		 0
EAHEAC_gammaimig    		 0
EAHEAD_gammaimig    		 0
EAHEAE_gammaimig    		 0
EAHEAF_gammaimig    		 0
EAHEAG_gammaimig    		 0
EAHEAI_gammaimig    		 0
EAHEAJ_gammaimig    		 0
EAHEAK_gammaimig    		 0
EAHEAL_gammaimig    		 0
EAHRW_gammaimig     		 0
EAHUS_gammaimig     		 0
EAHEAA_gammaimigdag 		 1
EAHEAB_gammaimigdag 		 1
EAHEAC_gammaimigdag 		 1
EAHEAD_gammaimigdag 		 1
EAHEAE_gammaimigdag 		 1
EAHEAF_gammaimigdag 		 1
EAHEAG_gammaimigdag 		 1
EAHEAI_gammaimigdag 		 1
EAHEAJ_gammaimigdag 		 1
EAHEAK_gammaimigdag 		 1
EAHEAL_gammaimigdag 		 1
EAHRW_gammaimigdag  		 1
EAHUS_gammaimigdag  		 1
EAH_gx              		 5.50318
EAHEAA_im           		 0.125882
EAHEAB_im           		 0.125882
EAHEAC_im           		 0.125882
EAHEAD_im           		 0.125882
EAHEAE_im           		 0.125882
EAHEAF_im           		 0.125882
EAHEAG_im           		 0.125882
EAHEAI_im           		 0.125882
EAHEAJ_im           		 0.125882
EAHEAK_im           		 0.125882
EAHEAL_im           		 0.123482
EAHRW_im            		 0.134507
EAHUS_im            		 0.0616738
EAHEAA_imc          		 0.0572866
EAHEAB_imc          		 0.0572866
EAHEAC_imc          		 0.0572866
EAHEAD_imc          		 0.0572866
EAHEAE_imc          		 0.0572866
EAHEAF_imc          		 0.0572866
EAHEAG_imc          		 0.0572866
EAHEAI_imc          		 0.0572866
EAHEAJ_imc          		 0.0572866
EAHEAK_imc          		 0.0572866
EAHEAL_imc          		 0.0561946
EAHRW_imc           		 0.0612117
EAHUS_imc           		 0.0280666
EAHEAF_imcy         		 0.0144083
EAHEAA_imi          		 0.0395291
EAHEAB_imi          		 0.0395291
EAHEAC_imi          		 0.0395291
EAHEAD_imi          		 0.0395291
EAHEAE_imi          		 0.0395291
EAHEAF_imi          		 0.0395291
EAHEAG_imi          		 0.0395291
EAHEAI_imi          		 0.0395291
EAHEAJ_imi          		 0.0395291
EAHEAK_imi          		 0.0395291
EAHEAL_imi          		 0.0387756
EAHRW_imi           		 0.0422375
EAHUS_imi           		 0.0193666
EAHEAF_imiy         		 0.00994209
EAHEAA_imcg         		 0.0242219
EAHEAB_imcg         		 0.0242219
EAHEAC_imcg         		 0.0242219
EAHEAD_imcg         		 0.0242219
EAHEAE_imcg         		 0.0242219
EAHEAF_imcg         		 0.0242219
EAHEAG_imcg         		 0.0242219
EAHEAI_imcg         		 0.0242219
EAHEAJ_imcg         		 0.0242219
EAHEAK_imcg         		 0.0242219
EAHEAL_imcg         		 0.0237601
EAHRW_imcg          		 0.0258814
EAHUS_imcg          		 0.0118671
EAHEAF_imcgy        		 0.00609211
EAHEAA_imig         		 0.00484437
EAHEAB_imig         		 0.00484437
EAHEAC_imig         		 0.00484437
EAHEAD_imig         		 0.00484437
EAHEAE_imig         		 0.00484437
EAHEAF_imig         		 0.00484437
EAHEAG_imig         		 0.00484437
EAHEAI_imig         		 0.00484437
EAHEAJ_imig         		 0.00484437
EAHEAK_imig         		 0.00484437
EAHEAL_imig         		 0.00475203
EAHRW_imig          		 0.00517629
EAHUS_imig          		 0.00237342
EAHEAF_imigy        		 0.00121842
EAH_piex            		 1.00496
EAH_pextilde        		 0.876871
EAHEAA_rer          		 1
EAHEAB_rer          		 1
EAHEAC_rer          		 1
EAHEAD_rer          		 1
EAHEAE_rer          		 1
EAHEAF_rer          		 1
EAHEAG_rer          		 1
EAHEAI_rer          		 1
EAHEAJ_rer          		 1
EAHEAK_rer          		 1
EAHEAL_rer          		 1.00491
EAHRW_rer           		 0.900796
EAHUS_rer           		 1.19417
EAH_sx              		 1
EAHEAA_tot          		 1
EAHEAB_tot          		 1
EAHEAC_tot          		 1
EAHEAD_tot          		 1
EAHEAE_tot          		 1
EAHEAF_tot          		 1
EAHEAG_tot          		 1
EAHEAI_tot          		 1
EAHEAJ_tot          		 1
EAHEAK_tot          		 1
EAHEAL_tot          		 1.00773
EAHRW_tot           		 0.973829
EAHUS_tot           		 1.33027
EAHEAA_weight       		 0.0783524
EAHEAB_weight       		 0.0783524
EAHEAC_weight       		 0.0783524
EAHEAD_weight       		 0.0783524
EAHEAE_weight       		 0.0783524
EAHEAF_weight       		 0.0783524
EAHEAG_weight       		 0.0783524
EAHEAI_weight       		 0.0783524
EAHEAJ_weight       		 0.0783524
EAHEAK_weight       		 0.0783524
EAHEAL_weight       		 0.077923
EAHRW_weight        		 0.0828139
EAHUS_weight        		 0.0557378
EAHEAA_weightex     		 0.077848
EAHEAB_weightex     		 0.077848
EAHEAC_weightex     		 0.077848
EAHEAD_weightex     		 0.077848
EAHEAE_weightex     		 0.077848
EAHEAF_weightex     		 0.077848
EAHEAG_weightex     		 0.077848
EAHEAI_weightex     		 0.077848
EAHEAJ_weightex     		 0.077848
EAHEAK_weightex     		 0.077848
EAHEAL_weightex     		 0.0778925
EAHRW_weightex      		 0.0835674
EAHUS_weightex      		 0.0600598
EAHEAA_weightim     		 0.0788591
EAHEAB_weightim     		 0.0788591
EAHEAC_weightim     		 0.0788591
EAHEAD_weightim     		 0.0788591
EAHEAE_weightim     		 0.0788591
EAHEAF_weightim     		 0.0788591
EAHEAG_weightim     		 0.0788591
EAHEAI_weightim     		 0.0788591
EAHEAJ_weightim     		 0.0788591
EAHEAK_weightim     		 0.0788591
EAHEAL_weightim     		 0.0779537
EAHRW_weightim      		 0.082057
EAHUS_weightim      		 0.0513959
EAH_b               		 8.36732
EAH_bf              		 -0.440101
EAH_by              		 2.4
EAH_c               		 1.88639
EAH_ci              		 2.14935
EAH_cj              		 1.09752
EAH_cy              		 0.541073
EAH_d               		 0.216034
EAH_dn              		 0.216034
EAH_dt              		 -1.29374e-07
EAH_etot            		 1.01441
EAH_ex              		 1.60364
EAH_fh              		 5.83169
EAH_fi              		 8.77701
EAH_fj              		 0.325074
EAH_fn              		 11.3165
EAH_cg              		 0.754062
EAH_gammab          		 0
EAH_gammai          		 0
EAH_gammaider       		 0
EAH_gammau          		 0
EAH_gammauder       		 0.0324171
EAH_gammav          		 0.000190559
EAH_gammavi         		 0.000101018
EAH_gammavider      		 0.00216519
EAH_gammavj         		 0.000101018
EAH_gammavjder      		 0.00216519
EAH_gh              		 6.99803
EAH_gi              		 5.08128
EAH_gj              		 3.31701
EAH_gn              		 16.9748
EAH_cgy             		 0.2
EAH_ht              		 0.692511
EAH_htc             		 0.186181
EAH_hti             		 0.128469
EAH_htcg            		 0.314884
EAH_htig            		 0.0629768
EAH_i               		 0.806304
EAH_ig              		 0.150812
EAH_ii              		 1.07507
EAH_im              		 1.57005
EAH_imc             		 0.714503
EAH_imi             		 0.493024
EAH_imcg            		 0.302105
EAH_imig            		 0.0604211
EAH_imy             		 0.401487
EAH_internalrer     		 1.23358
EAH_igy             		 0.04
EAH_k               		 32.2522
EAH_kd              		 32.2522
EAH_kdn             		 12.3958
EAH_kdt             		 19.8564
EAH_ki              		 43.0029
EAH_lambdai         		 1.30516
EAH_lambdaj         		 2.55598
EAH_lcy             		 0.656625
EAH_m               		 0.7926
EAH_mcn             		 0.730726
EAH_mct             		 0.730726
EAH_mi              		 0.903087
EAH_mj              		 0.461142
EAH_nd              		 1.91976
EAH_ndi             		 0.910764
EAH_ndj             		 1.09863
EAH_ndn             		 0.737837
EAH_ndt             		 1.18192
EAH_ni              		 0.910764
EAH_nj              		 1.09863
EAH_nt              		 1.34383
EAH_ntc             		 0.991094
EAH_nti             		 0.186512
EAH_ntcg            		 0.13852
EAH_ntig            		 0.0277041
EAH_pex             		 0.876871
EAH_pht             		 0.876871
EAH_phttilde        		 0.876871
EAH_pi              		 0.938389
EAH_pcg             		 0.924694
EAH_pig             		 0.924694
EAH_pic             		 1.00496
EAH_pic4            		 1.02
EAH_piex4           		 1.02
EAH_piht            		 1.00496
EAH_piimc           		 1.00496
EAH_piimi           		 1.00496
EAH_piimcg          		 1.00496
EAH_piimig          		 1.00496
EAH_piimc4          		 1.02
EAH_pim             		 0.891524
EAH_pimc            		 0.891522
EAH_pimi            		 0.891522
EAH_pimcg           		 0.891522
EAH_pimig           		 0.891522
EAH_pint            		 1.00496
EAH_piw             		 1.00496
EAH_piw4            		 1.02
EAH_pnt             		 1.09609
EAH_pnttilde        		 1.09609
EAH_pttc            		 0.888543
EAH_ptti            		 0.888543
EAH_pttcg           		 0.884121
EAH_pttig           		 0.884121
EAH_py              		 0.957804
EAH_q               		 0.938389
EAH_qc              		 1.88658
EAH_qi              		 0.806304
EAH_qcg             		 0.754062
EAH_qig             		 0.150812
EAH_r               		 1.01242
EAH_reer            		 1.00162
EAH_rer             		 1.19417
EAH_rerdep          		 1
EAH_rk              		 0.0304198
EAH_rp              		 0
EAH_rr              		 1.00742
EAH_rrstar          		 1.00742
EAH_sh              		 1
EAH_si              		 1
EAH_sj              		 1
EAH_snt             		 1
EAH_t               		 0
EAH_tauc            		 0.183
EAH_taud            		 0
EAH_tauk            		 0
EAH_taun            		 0.122
EAH_tauwf           		 0.219
EAH_tauwh           		 0.118
EAH_tb              		 0.00644588
EAH_tby             		 0.00184887
EAH_ti              		 0
EAH_tj              		 0
EAH_tot             		 1.33027
EAH_tr              		 0.313076
EAH_tri             		 0.208717
EAH_trj             		 0.626152
EAH_try             		 0.089839
EAH_ttc             		 0.900634
EAH_tti             		 0.621459
EAH_ttcg            		 0.616937
EAH_ttig            		 0.123387
EAH_ty              		 0
EAH_u               		 1
EAH_utili           		 -93.8046
EAH_utilj           		 -210.927
EAH_vj              		 2.38
EAH_w               		 0.978234
EAH_wcst            		 0
EAH_whty            		 0.574241
EAH_wi              		 1.08737
EAH_witilde         		 1.08737
EAH_wj              		 0.807939
EAH_wjtilde         		 0.807939
EAH_wnty            		 0.490019
EAH_wy              		 0.538658
EAH_y               		 3.63998
EAH_ygap            		 0
EAH_ygrowth         		 1
EAH_ygrowth4        		 1
EAH_yhty            		 0.577511
EAH_ynty            		 0.422489
EAH_yshare          		 0.067566
EAH_ysn             		 1.34383
EAH_yst             		 2.29615
EAH_zcon            		 1
EAH_zinv            		 1
EAH_zn              		 1
EAH_zt              		 1
EAH_gammav1         		 0.0287061
EAH_gammav2         		 0.150338
EAH_nutc            		 0.2
EAH_nuti            		 0.2
EAH_nutcg           		 0.500001
EAH_nutig           		 0.500001
EAH_psit            		 0.2
EAHEAA_rerbar       		 1
EAHEAB_rerbar       		 1
EAHEAC_rerbar       		 1
EAHEAD_rerbar       		 1
EAHEAE_rerbar       		 1
EAHEAF_rerbar       		 1
EAHEAG_rerbar       		 1
EAHEAI_rerbar       		 1
EAHEAJ_rerbar       		 1
EAHEAK_rerbar       		 1
EAHEAL_rerbar       		 1.00491
EAHRW_rerbar        		 0.900796
EAHUS_rerbar        		 1.19417
EAH_pibar           		 0.938389
EAH_psinbar         		 0.376273
EAH_psitbar         		 0.45923
EAH_pybar           		 0.957804
EAH_qbar            		 0.938389
EAH_trybar          		 0.0897996
EAH_ybar            		 3.63998
EAH_ynbar           		 1.34383
EAH_ytbar           		 2.29615
EAIEAA_excy         		 0.0144083
EAIEAB_excy         		 0.0144083
EAIEAC_excy         		 0.0144083
EAIEAD_excy         		 0.0144083
EAIEAE_excy         		 0.0144083
EAIEAF_excy         		 0.0144083
EAIEAG_excy         		 0.0144083
EAIEAH_excy         		 0.0144083
EAIEAJ_excy         		 0.0144083
EAIEAK_excy         		 0.0144083
EAIEAL_excy         		 0.0147115
EAIRW_excy          		 0.0148446
EAIUS_excy          		 0.00533722
EAIEAA_exiy         		 0.00994209
EAIEAB_exiy         		 0.00994209
EAIEAC_exiy         		 0.00994209
EAIEAD_exiy         		 0.00994209
EAIEAE_exiy         		 0.00994209
EAIEAF_exiy         		 0.00994209
EAIEAG_exiy         		 0.00994209
EAIEAH_exiy         		 0.00994209
EAIEAJ_exiy         		 0.00994209
EAIEAK_exiy         		 0.00994209
EAIEAL_exiy         		 0.0100072
EAIRW_exiy          		 0.011593
EAIUS_exiy          		 0.00422401
EAI_fx              		 4.58599
EAIEAA_gammaimc     		 0
EAIEAB_gammaimc     		 0
EAIEAC_gammaimc     		 0
EAIEAD_gammaimc     		 0
EAIEAE_gammaimc     		 0
EAIEAF_gammaimc     		 0
EAIEAG_gammaimc     		 0
EAIEAH_gammaimc     		 0
EAIEAJ_gammaimc     		 0
EAIEAK_gammaimc     		 0
EAIEAL_gammaimc     		 0
EAIRW_gammaimc      		 0
EAIUS_gammaimc      		 0
EAIEAA_gammaimcdag  		 1
EAIEAB_gammaimcdag  		 1
EAIEAC_gammaimcdag  		 1
EAIEAD_gammaimcdag  		 1
EAIEAE_gammaimcdag  		 1
EAIEAF_gammaimcdag  		 1
EAIEAG_gammaimcdag  		 1
EAIEAH_gammaimcdag  		 1
EAIEAJ_gammaimcdag  		 1
EAIEAK_gammaimcdag  		 1
EAIEAL_gammaimcdag  		 1
EAIRW_gammaimcdag   		 1
EAIUS_gammaimcdag   		 1
EAIEAA_gammaimi     		 0
EAIEAB_gammaimi     		 0
EAIEAC_gammaimi     		 0
EAIEAD_gammaimi     		 0
EAIEAE_gammaimi     		 0
EAIEAF_gammaimi     		 0
EAIEAG_gammaimi     		 0
EAIEAH_gammaimi     		 0
EAIEAJ_gammaimi     		 0
EAIEAK_gammaimi     		 0
EAIEAL_gammaimi     		 0
EAIRW_gammaimi      		 0
EAIUS_gammaimi      		 0
EAIEAA_gammaimidag  		 1
EAIEAB_gammaimidag  		 1
EAIEAC_gammaimidag  		 1
EAIEAD_gammaimidag  		 1
EAIEAE_gammaimidag  		 1
EAIEAF_gammaimidag  		 1
EAIEAG_gammaimidag  		 1
EAIEAH_gammaimidag  		 1
EAIEAJ_gammaimidag  		 1
EAIEAK_gammaimidag  		 1
EAIEAL_gammaimidag  		 1
EAIRW_gammaimidag   		 1
EAIUS_gammaimidag   		 1
EAIEAA_gammaimcg    		 0
EAIEAB_gammaimcg    		 0
EAIEAC_gammaimcg    		 0
EAIEAD_gammaimcg    		 0
EAIEAE_gammaimcg    		 0
EAIEAF_gammaimcg    		 0
EAIEAG_gammaimcg    		 0
EAIEAH_gammaimcg    		 0
EAIEAJ_gammaimcg    		 0
EAIEAK_gammaimcg    		 0
EAIEAL_gammaimcg    		 0
EAIRW_gammaimcg     		 0
EAIUS_gammaimcg     		 0
EAIEAA_gammaimcgdag 		 1
EAIEAB_gammaimcgdag 		 1
EAIEAC_gammaimcgdag 		 1
EAIEAD_gammaimcgdag 		 1
EAIEAE_gammaimcgdag 		 1
EAIEAF_gammaimcgdag 		 1
EAIEAG_gammaimcgdag 		 1
EAIEAH_gammaimcgdag 		 1
EAIEAJ_gammaimcgdag 		 1
EAIEAK_gammaimcgdag 		 1
EAIEAL_gammaimcgdag 		 1
EAIRW_gammaimcgdag  		 1
EAIUS_gammaimcgdag  		 1
EAIEAA_gammaimig    		 0
EAIEAB_gammaimig    		 0
EAIEAC_gammaimig    		 0
EAIEAD_gammaimig    		 0
EAIEAE_gammaimig    		 0
EAIEAF_gammaimig    		 0
EAIEAG_gammaimig    		 0
EAIEAH_gammaimig    		 0
EAIEAJ_gammaimig    		 0
EAIEAK_gammaimig    		 0
EAIEAL_gammaimig    		 0
EAIRW_gammaimig     		 0
EAIUS_gammaimig     		 0
EAIEAA_gammaimigdag 		 1
EAIEAB_gammaimigdag 		 1
EAIEAC_gammaimigdag 		 1
EAIEAD_gammaimigdag 		 1
EAIEAE_gammaimigdag 		 1
EAIEAF_gammaimigdag 		 1
EAIEAG_gammaimigdag 		 1
EAIEAH_gammaimigdag 		 1
EAIEAJ_gammaimigdag 		 1
EAIEAK_gammaimigdag 		 1
EAIEAL_gammaimigdag 		 1
EAIRW_gammaimigdag  		 1
EAIUS_gammaimigdag  		 1
EAI_gx              		 5.50318
EAIEAA_im           		 0.125882
EAIEAB_im           		 0.125882
EAIEAC_im           		 0.125882
EAIEAD_im           		 0.125882
EAIEAE_im           		 0.125882
EAIEAF_im           		 0.125882
EAIEAG_im           		 0.125882
EAIEAH_im           		 0.125882
EAIEAJ_im           		 0.125882
EAIEAK_im           		 0.125882
EAIEAL_im           		 0.123482
EAIRW_im            		 0.134507
EAIUS_im            		 0.0616738
EAIEAA_imc          		 0.0572866
EAIEAB_imc          		 0.0572866
EAIEAC_imc          		 0.0572866
EAIEAD_imc          		 0.0572866
EAIEAE_imc          		 0.0572866
EAIEAF_imc          		 0.0572866
EAIEAG_imc          		 0.0572866
EAIEAH_imc          		 0.0572866
EAIEAJ_imc          		 0.0572866
EAIEAK_imc          		 0.0572866
EAIEAL_imc          		 0.0561946
EAIRW_imc           		 0.0612117
EAIUS_imc           		 0.0280666
EAIEAG_imcy         		 0.0144083
EAIEAA_imi          		 0.0395291
EAIEAB_imi          		 0.0395291
EAIEAC_imi          		 0.0395291
EAIEAD_imi          		 0.0395291
EAIEAE_imi          		 0.0395291
EAIEAF_imi          		 0.0395291
EAIEAG_imi          		 0.0395291
EAIEAH_imi          		 0.0395291
EAIEAJ_imi          		 0.0395291
EAIEAK_imi          		 0.0395291
EAIEAL_imi          		 0.0387756
EAIRW_imi           		 0.0422375
EAIUS_imi           		 0.0193666
EAIEAG_imiy         		 0.00994209
EAIEAA_imcg         		 0.0242219
EAIEAB_imcg         		 0.0242219
EAIEAC_imcg         		 0.0242219
EAIEAD_imcg         		 0.0242219
EAIEAE_imcg         		 0.0242219
EAIEAF_imcg         		 0.0242219
EAIEAG_imcg         		 0.0242219
EAIEAH_imcg         		 0.0242219
EAIEAJ_imcg         		 0.0242219
EAIEAK_imcg         		 0.0242219
EAIEAL_imcg         		 0.0237601
EAIRW_imcg          		 0.0258814
EAIUS_imcg          		 0.0118671
EAIEAG_imcgy        		 0.00609211
EAIEAA_imig         		 0.00484437
EAIEAB_imig         		 0.00484437
EAIEAC_imig         		 0.00484437
EAIEAD_imig         		 0.00484437
EAIEAE_imig         		 0.00484437
EAIEAF_imig         		 0.00484437
EAIEAG_imig         		 0.00484437
EAIEAH_imig         		 0.00484437
EAIEAJ_imig         		 0.00484437
EAIEAK_imig         		 0.00484437
EAIEAL_imig         		 0.00475203
EAIRW_imig          		 0.00517629
EAIUS_imig          		 0.00237342
EAIEAG_imigy        		 0.00121842
EAI_piex            		 1.00496
EAI_pextilde        		 0.876871
EAIEAA_rer          		 1
EAIEAB_rer          		 1
EAIEAC_rer          		 1
EAIEAD_rer          		 1
EAIEAE_rer          		 1
EAIEAF_rer          		 1
EAIEAG_rer          		 1
EAIEAH_rer          		 1
EAIEAJ_rer          		 1
EAIEAK_rer          		 1
EAIEAL_rer          		 1.00491
EAIRW_rer           		 0.900796
EAIUS_rer           		 1.19417
EAI_sx              		 1
EAIEAA_tot          		 1
EAIEAB_tot          		 1
EAIEAC_tot          		 1
EAIEAD_tot          		 1
EAIEAE_tot          		 1
EAIEAF_tot          		 1
EAIEAG_tot          		 1
EAIEAH_tot          		 1
EAIEAJ_tot          		 1
EAIEAK_tot          		 1
EAIEAL_tot          		 1.00773
EAIRW_tot           		 0.973829
EAIUS_tot           		 1.33027
EAIEAA_weight       		 0.0783524
EAIEAB_weight       		 0.0783524
EAIEAC_weight       		 0.0783524
EAIEAD_weight       		 0.0783524
EAIEAE_weight       		 0.0783524
EAIEAF_weight       		 0.0783524
EAIEAG_weight       		 0.0783524
EAIEAH_weight       		 0.0783524
EAIEAJ_weight       		 0.0783524
EAIEAK_weight       		 0.0783524
EAIEAL_weight       		 0.077923
EAIRW_weight        		 0.0828139
EAIUS_weight        		 0.0557378
EAIEAA_weightex     		 0.077848
EAIEAB_weightex     		 0.077848
EAIEAC_weightex     		 0.077848
EAIEAD_weightex     		 0.077848
EAIEAE_weightex     		 0.077848
EAIEAF_weightex     		 0.077848
EAIEAG_weightex     		 0.077848
EAIEAH_weightex     		 0.077848
EAIEAJ_weightex     		 0.077848
EAIEAK_weightex     		 0.077848
EAIEAL_weightex     		 0.0778925
EAIRW_weightex      		 0.0835674
EAIUS_weightex      		 0.0600598
EAIEAA_weightim     		 0.0788591
EAIEAB_weightim     		 0.0788591
EAIEAC_weightim     		 0.0788591
EAIEAD_weightim     		 0.0788591
EAIEAE_weightim     		 0.0788591
EAIEAF_weightim     		 0.0788591
EAIEAG_weightim     		 0.0788591
EAIEAH_weightim     		 0.0788591
EAIEAJ_weightim     		 0.0788591
EAIEAK_weightim     		 0.0788591
EAIEAL_weightim     		 0.0779537
EAIRW_weightim      		 0.082057
EAIUS_weightim      		 0.0513959
EAI_b               		 8.36732
EAI_bf              		 -0.440101
EAI_by              		 2.4
EAI_c               		 1.88639
EAI_ci              		 2.14935
EAI_cj              		 1.09752
EAI_cy              		 0.541073
EAI_d               		 0.216034
EAI_dn              		 0.216034
EAI_dt              		 -1.29374e-07
EAI_etot            		 1.01441
EAI_ex              		 1.60364
EAI_fh              		 5.83169
EAI_fi              		 8.77701
EAI_fj              		 0.325074
EAI_fn              		 11.3165
EAI_cg              		 0.754062
EAI_gammab          		 0
EAI_gammai          		 0
EAI_gammaider       		 0
EAI_gammau          		 0
EAI_gammauder       		 0.0324171
EAI_gammav          		 0.000190559
EAI_gammavi         		 0.000101018
EAI_gammavider      		 0.00216519
EAI_gammavj         		 0.000101018
EAI_gammavjder      		 0.00216519
EAI_gh              		 6.99803
EAI_gi              		 5.08128
EAI_gj              		 3.31701
EAI_gn              		 16.9748
EAI_cgy             		 0.2
EAI_ht              		 0.692511
EAI_htc             		 0.186181
EAI_hti             		 0.128469
EAI_htcg            		 0.314884
EAI_htig            		 0.0629768
EAI_i               		 0.806304
EAI_ig              		 0.150812
EAI_ii              		 1.07507
EAI_im              		 1.57005
EAI_imc             		 0.714503
EAI_imi             		 0.493024
EAI_imcg            		 0.302105
EAI_imig            		 0.0604211
EAI_imy             		 0.401487
EAI_internalrer     		 1.23358
EAI_igy             		 0.04
EAI_k               		 32.2522
EAI_kd              		 32.2522
EAI_kdn             		 12.3958
EAI_kdt             		 19.8564
EAI_ki              		 43.0029
EAI_lambdai         		 1.30516
EAI_lambdaj         		 2.55598
EAI_lcy             		 0.656625
EAI_m               		 0.7926
EAI_mcn             		 0.730726
EAI_mct             		 0.730726
EAI_mi              		 0.903087
EAI_mj              		 0.461142
EAI_nd              		 1.91976
EAI_ndi             		 0.910764
EAI_ndj             		 1.09863
EAI_ndn             		 0.737837
EAI_ndt             		 1.18192
EAI_ni              		 0.910764
EAI_nj              		 1.09863
EAI_nt              		 1.34383
EAI_ntc             		 0.991094
EAI_nti             		 0.186512
EAI_ntcg            		 0.13852
EAI_ntig            		 0.0277041
EAI_pex             		 0.876871
EAI_pht             		 0.876871
EAI_phttilde        		 0.876871
EAI_pi              		 0.938389
EAI_pcg             		 0.924694
EAI_pig             		 0.924694
EAI_pic             		 1.00496
EAI_pic4            		 1.02
EAI_piex4           		 1.02
EAI_piht            		 1.00496
EAI_piimc           		 1.00496
EAI_piimi           		 1.00496
EAI_piimcg          		 1.00496
EAI_piimig          		 1.00496
EAI_piimc4          		 1.02
EAI_pim             		 0.891524
EAI_pimc            		 0.891522
EAI_pimi            		 0.891522
EAI_pimcg           		 0.891522
EAI_pimig           		 0.891522
EAI_pint            		 1.00496
EAI_piw             		 1.00496
EAI_piw4            		 1.02
EAI_pnt             		 1.09609
EAI_pnttilde        		 1.09609
EAI_pttc            		 0.888543
EAI_ptti            		 0.888543
EAI_pttcg           		 0.884121
EAI_pttig           		 0.884121
EAI_py              		 0.957804
EAI_q               		 0.938389
EAI_qc              		 1.88658
EAI_qi              		 0.806304
EAI_qcg             		 0.754062
EAI_qig             		 0.150812
EAI_r               		 1.01242
EAI_reer            		 1.00162
EAI_rer             		 1.19417
EAI_rerdep          		 1
EAI_rk              		 0.0304198
EAI_rp              		 0
EAI_rr              		 1.00742
EAI_rrstar          		 1.00742
EAI_sh              		 1
EAI_si              		 1
EAI_sj              		 1
EAI_snt             		 1
EAI_t               		 0
EAI_tauc            		 0.183
EAI_taud            		 0
EAI_tauk            		 0
EAI_taun            		 0.122
EAI_tauwf           		 0.219
EAI_tauwh           		 0.118
EAI_tb              		 0.00644588
EAI_tby             		 0.00184887
EAI_ti              		 0
EAI_tj              		 0
EAI_tot             		 1.33027
EAI_tr              		 0.313076
EAI_tri             		 0.208717
EAI_trj             		 0.626152
EAI_try             		 0.089839
EAI_ttc             		 0.900634
EAI_tti             		 0.621459
EAI_ttcg            		 0.616937
EAI_ttig            		 0.123387
EAI_ty              		 0
EAI_u               		 1
EAI_utili           		 -93.8046
EAI_utilj           		 -210.927
EAI_vj              		 2.38
EAI_w               		 0.978234
EAI_wcst            		 0
EAI_whty            		 0.574241
EAI_wi              		 1.08737
EAI_witilde         		 1.08737
EAI_wj              		 0.807939
EAI_wjtilde         		 0.807939
EAI_wnty            		 0.490019
EAI_wy              		 0.538658
EAI_y               		 3.63998
EAI_ygap            		 0
EAI_ygrowth         		 1
EAI_ygrowth4        		 1
EAI_yhty            		 0.577511
EAI_ynty            		 0.422489
EAI_yshare          		 0.067566
EAI_ysn             		 1.34383
EAI_yst             		 2.29615
EAI_zcon            		 1
EAI_zinv            		 1
EAI_zn              		 1
EAI_zt              		 1
EAI_gammav1         		 0.0287061
EAI_gammav2         		 0.150338
EAI_nutc            		 0.2
EAI_nuti            		 0.2
EAI_nutcg           		 0.500001
EAI_nutig           		 0.500001
EAI_psit            		 0.2
EAIEAA_rerbar       		 1
EAIEAB_rerbar       		 1
EAIEAC_rerbar       		 1
EAIEAD_rerbar       		 1
EAIEAE_rerbar       		 1
EAIEAF_rerbar       		 1
EAIEAG_rerbar       		 1
EAIEAH_rerbar       		 1
EAIEAJ_rerbar       		 1
EAIEAK_rerbar       		 1
EAIEAL_rerbar       		 1.00491
EAIRW_rerbar        		 0.900796
EAIUS_rerbar        		 1.19417
EAI_pibar           		 0.938389
EAI_psinbar         		 0.376273
EAI_psitbar         		 0.45923
EAI_pybar           		 0.957804
EAI_qbar            		 0.938389
EAI_trybar          		 0.0897996
EAI_ybar            		 3.63998
EAI_ynbar           		 1.34383
EAI_ytbar           		 2.29615
EAJEAA_excy         		 0.0144083
EAJEAB_excy         		 0.0144083
EAJEAC_excy         		 0.0144083
EAJEAD_excy         		 0.0144083
EAJEAE_excy         		 0.0144083
EAJEAF_excy         		 0.0144083
EAJEAG_excy         		 0.0144083
EAJEAH_excy         		 0.0144083
EAJEAI_excy         		 0.0144083
EAJEAK_excy         		 0.0144083
EAJEAL_excy         		 0.0147115
EAJRW_excy          		 0.0148446
EAJUS_excy          		 0.00533722
EAJEAA_exiy         		 0.00994209
EAJEAB_exiy         		 0.00994209
EAJEAC_exiy         		 0.00994209
EAJEAD_exiy         		 0.00994209
EAJEAE_exiy         		 0.00994209
EAJEAF_exiy         		 0.00994209
EAJEAG_exiy         		 0.00994209
EAJEAH_exiy         		 0.00994209
EAJEAI_exiy         		 0.00994209
EAJEAK_exiy         		 0.00994209
EAJEAL_exiy         		 0.0100072
EAJRW_exiy          		 0.011593
EAJUS_exiy          		 0.00422401
EAJ_fx              		 4.58599
EAJEAA_gammaimc     		 0
EAJEAB_gammaimc     		 0
EAJEAC_gammaimc     		 0
EAJEAD_gammaimc     		 0
EAJEAE_gammaimc     		 0
EAJEAF_gammaimc     		 0
EAJEAG_gammaimc     		 0
EAJEAH_gammaimc     		 0
EAJEAI_gammaimc     		 0
EAJEAK_gammaimc     		 0
EAJEAL_gammaimc     		 0
EAJRW_gammaimc      		 0
EAJUS_gammaimc      		 0
EAJEAA_gammaimcdag  		 1
EAJEAB_gammaimcdag  		 1
EAJEAC_gammaimcdag  		 1
EAJEAD_gammaimcdag  		 1
EAJEAE_gammaimcdag  		 1
EAJEAF_gammaimcdag  		 1
EAJEAG_gammaimcdag  		 1
EAJEAH_gammaimcdag  		 1
EAJEAI_gammaimcdag  		 1
EAJEAK_gammaimcdag  		 1
EAJEAL_gammaimcdag  		 1
EAJRW_gammaimcdag   		 1
EAJUS_gammaimcdag   		 1
EAJEAA_gammaimi     		 0
EAJEAB_gammaimi     		 0
EAJEAC_gammaimi     		 0
EAJEAD_gammaimi     		 0
EAJEAE_gammaimi     		 0
EAJEAF_gammaimi     		 0
EAJEAG_gammaimi     		 0
EAJEAH_gammaimi     		 0
EAJEAI_gammaimi     		 0
EAJEAK_gammaimi     		 0
EAJEAL_gammaimi     		 0
EAJRW_gammaimi      		 0
EAJUS_gammaimi      		 0
EAJEAA_gammaimidag  		 1
EAJEAB_gammaimidag  		 1
EAJEAC_gammaimidag  		 1
EAJEAD_gammaimidag  		 1
EAJEAE_gammaimidag  		 1
EAJEAF_gammaimidag  		 1
EAJEAG_gammaimidag  		 1
EAJEAH_gammaimidag  		 1
EAJEAI_gammaimidag  		 1
EAJEAK_gammaimidag  		 1
EAJEAL_gammaimidag  		 1
EAJRW_gammaimidag   		 1
EAJUS_gammaimidag   		 1
EAJEAA_gammaimcg    		 0
EAJEAB_gammaimcg    		 0
EAJEAC_gammaimcg    		 0
EAJEAD_gammaimcg    		 0
EAJEAE_gammaimcg    		 0
EAJEAF_gammaimcg    		 0
EAJEAG_gammaimcg    		 0
EAJEAH_gammaimcg    		 0
EAJEAI_gammaimcg    		 0
EAJEAK_gammaimcg    		 0
EAJEAL_gammaimcg    		 0
EAJRW_gammaimcg     		 0
EAJUS_gammaimcg     		 0
EAJEAA_gammaimcgdag 		 1
EAJEAB_gammaimcgdag 		 1
EAJEAC_gammaimcgdag 		 1
EAJEAD_gammaimcgdag 		 1
EAJEAE_gammaimcgdag 		 1
EAJEAF_gammaimcgdag 		 1
EAJEAG_gammaimcgdag 		 1
EAJEAH_gammaimcgdag 		 1
EAJEAI_gammaimcgdag 		 1
EAJEAK_gammaimcgdag 		 1
EAJEAL_gammaimcgdag 		 1
EAJRW_gammaimcgdag  		 1
EAJUS_gammaimcgdag  		 1
EAJEAA_gammaimig    		 0
EAJEAB_gammaimig    		 0
EAJEAC_gammaimig    		 0
EAJEAD_gammaimig    		 0
EAJEAE_gammaimig    		 0
EAJEAF_gammaimig    		 0
EAJEAG_gammaimig    		 0
EAJEAH_gammaimig    		 0
EAJEAI_gammaimig    		 0
EAJEAK_gammaimig    		 0
EAJEAL_gammaimig    		 0
EAJRW_gammaimig     		 0
EAJUS_gammaimig     		 0
EAJEAA_gammaimigdag 		 1
EAJEAB_gammaimigdag 		 1
EAJEAC_gammaimigdag 		 1
EAJEAD_gammaimigdag 		 1
EAJEAE_gammaimigdag 		 1
EAJEAF_gammaimigdag 		 1
EAJEAG_gammaimigdag 		 1
EAJEAH_gammaimigdag 		 1
EAJEAI_gammaimigdag 		 1
EAJEAK_gammaimigdag 		 1
EAJEAL_gammaimigdag 		 1
EAJRW_gammaimigdag  		 1
EAJUS_gammaimigdag  		 1
EAJ_gx              		 5.50318
EAJEAA_im           		 0.125882
EAJEAB_im           		 0.125882
EAJEAC_im           		 0.125882
EAJEAD_im           		 0.125882
EAJEAE_im           		 0.125882
EAJEAF_im           		 0.125882
EAJEAG_im           		 0.125882
EAJEAH_im           		 0.125882
EAJEAI_im           		 0.125882
EAJEAK_im           		 0.125882
EAJEAL_im           		 0.123482
EAJRW_im            		 0.134507
EAJUS_im            		 0.0616738
EAJEAA_imc          		 0.0572866
EAJEAB_imc          		 0.0572866
EAJEAC_imc          		 0.0572866
EAJEAD_imc          		 0.0572866
EAJEAE_imc          		 0.0572866
EAJEAF_imc          		 0.0572866
EAJEAG_imc          		 0.0572866
EAJEAH_imc          		 0.0572866
EAJEAI_imc          		 0.0572866
EAJEAK_imc          		 0.0572866
EAJEAL_imc          		 0.0561946
EAJRW_imc           		 0.0612117
EAJUS_imc           		 0.0280666
EAJEAH_imcy         		 0.0144083
EAJEAA_imi          		 0.0395291
EAJEAB_imi          		 0.0395291
EAJEAC_imi          		 0.0395291
EAJEAD_imi          		 0.0395291
EAJEAE_imi          		 0.0395291
EAJEAF_imi          		 0.0395291
EAJEAG_imi          		 0.0395291
EAJEAH_imi          		 0.0395291
EAJEAI_imi          		 0.0395291
EAJEAK_imi          		 0.0395291
EAJEAL_imi          		 0.0387756
EAJRW_imi           		 0.0422375
EAJUS_imi           		 0.0193666
EAJEAH_imiy         		 0.00994209
EAJEAA_imcg         		 0.0242219
EAJEAB_imcg         		 0.0242219
EAJEAC_imcg         		 0.0242219
EAJEAD_imcg         		 0.0242219
EAJEAE_imcg         		 0.0242219
EAJEAF_imcg         		 0.0242219
EAJEAG_imcg         		 0.0242219
EAJEAH_imcg         		 0.0242219
EAJEAI_imcg         		 0.0242219
EAJEAK_imcg         		 0.0242219
EAJEAL_imcg         		 0.0237601
EAJRW_imcg          		 0.0258814
EAJUS_imcg          		 0.0118671
EAJEAH_imcgy        		 0.00609211
EAJEAA_imig         		 0.00484437
EAJEAB_imig         		 0.00484437
EAJEAC_imig         		 0.00484437
EAJEAD_imig         		 0.00484437
EAJEAE_imig         		 0.00484437
EAJEAF_imig         		 0.00484437
EAJEAG_imig         		 0.00484437
EAJEAH_imig         		 0.00484437
EAJEAI_imig         		 0.00484437
EAJEAK_imig         		 0.00484437
EAJEAL_imig         		 0.00475203
EAJRW_imig          		 0.00517629
EAJUS_imig          		 0.00237342
EAJEAH_imigy        		 0.00121842
EAJ_piex            		 1.00496
EAJ_pextilde        		 0.876871
EAJEAA_rer          		 1
EAJEAB_rer          		 1
EAJEAC_rer          		 1
EAJEAD_rer          		 1
EAJEAE_rer          		 1
EAJEAF_rer          		 1
EAJEAG_rer          		 1
EAJEAH_rer          		 1
EAJEAI_rer          		 1
EAJEAK_rer          		 1
EAJEAL_rer          		 1.00491
EAJRW_rer           		 0.900796
EAJUS_rer           		 1.19417
EAJ_sx              		 1
EAJEAA_tot          		 1
EAJEAB_tot          		 1
EAJEAC_tot          		 1
EAJEAD_tot          		 1
EAJEAE_tot          		 1
EAJEAF_tot          		 1
EAJEAG_tot          		 1
EAJEAH_tot          		 1
EAJEAI_tot          		 1
EAJEAK_tot          		 1
EAJEAL_tot          		 1.00773
EAJRW_tot           		 0.973829
EAJUS_tot           		 1.33027
EAJEAA_weight       		 0.0783524
EAJEAB_weight       		 0.0783524
EAJEAC_weight       		 0.0783524
EAJEAD_weight       		 0.0783524
EAJEAE_weight       		 0.0783524
EAJEAF_weight       		 0.0783524
EAJEAG_weight       		 0.0783524
EAJEAH_weight       		 0.0783524
EAJEAI_weight       		 0.0783524
EAJEAK_weight       		 0.0783524
EAJEAL_weight       		 0.077923
EAJRW_weight        		 0.0828139
EAJUS_weight        		 0.0557378
EAJEAA_weightex     		 0.077848
EAJEAB_weightex     		 0.077848
EAJEAC_weightex     		 0.077848
EAJEAD_weightex     		 0.077848
EAJEAE_weightex     		 0.077848
EAJEAF_weightex     		 0.077848
EAJEAG_weightex     		 0.077848
EAJEAH_weightex     		 0.077848
EAJEAI_weightex     		 0.077848
EAJEAK_weightex     		 0.077848
EAJEAL_weightex     		 0.0778925
EAJRW_weightex      		 0.0835674
EAJUS_weightex      		 0.0600598
EAJEAA_weightim     		 0.0788591
EAJEAB_weightim     		 0.0788591
EAJEAC_weightim     		 0.0788591
EAJEAD_weightim     		 0.0788591
EAJEAE_weightim     		 0.0788591
EAJEAF_weightim     		 0.0788591
EAJEAG_weightim     		 0.0788591
EAJEAH_weightim     		 0.0788591
EAJEAI_weightim     		 0.0788591
EAJEAK_weightim     		 0.0788591
EAJEAL_weightim     		 0.0779537
EAJRW_weightim      		 0.082057
EAJUS_weightim      		 0.0513959
EAJ_b               		 8.36732
EAJ_bf              		 -0.440101
EAJ_by              		 2.4
EAJ_c               		 1.88639
EAJ_ci              		 2.14935
EAJ_cj              		 1.09752
EAJ_cy              		 0.541073
EAJ_d               		 0.216034
EAJ_dn              		 0.216034
EAJ_dt              		 -1.29374e-07
EAJ_etot            		 1.01441
EAJ_ex              		 1.60364
EAJ_fh              		 5.83169
EAJ_fi              		 8.77701
EAJ_fj              		 0.325074
EAJ_fn              		 11.3165
EAJ_cg              		 0.754062
EAJ_gammab          		 0
EAJ_gammai          		 0
EAJ_gammaider       		 0
EAJ_gammau          		 0
EAJ_gammauder       		 0.0324171
EAJ_gammav          		 0.000190559
EAJ_gammavi         		 0.000101018
EAJ_gammavider      		 0.00216519
EAJ_gammavj         		 0.000101018
EAJ_gammavjder      		 0.00216519
EAJ_gh              		 6.99803
EAJ_gi              		 5.08128
EAJ_gj              		 3.31701
EAJ_gn              		 16.9748
EAJ_cgy             		 0.2
EAJ_ht              		 0.692511
EAJ_htc             		 0.186181
EAJ_hti             		 0.128469
EAJ_htcg            		 0.314884
EAJ_htig            		 0.0629768
EAJ_i               		 0.806304
EAJ_ig              		 0.150812
EAJ_ii              		 1.07507
EAJ_im              		 1.57005
EAJ_imc             		 0.714503
EAJ_imi             		 0.493024
EAJ_imcg            		 0.302105
EAJ_imig            		 0.0604211
EAJ_imy             		 0.401487
EAJ_internalrer     		 1.23358
EAJ_igy             		 0.04
EAJ_k               		 32.2522
EAJ_kd              		 32.2522
EAJ_kdn             		 12.3958
EAJ_kdt             		 19.8564
EAJ_ki              		 43.0029
EAJ_lambdai         		 1.30516
EAJ_lambdaj         		 2.55598
EAJ_lcy             		 0.656625
EAJ_m               		 0.7926
EAJ_mcn             		 0.730726
EAJ_mct             		 0.730726
EAJ_mi              		 0.903087
EAJ_mj              		 0.461142
EAJ_nd              		 1.91976
EAJ_ndi             		 0.910764
EAJ_ndj             		 1.09863
EAJ_ndn             		 0.737837
EAJ_ndt             		 1.18192
EAJ_ni              		 0.910764
EAJ_nj              		 1.09863
EAJ_nt              		 1.34383
EAJ_ntc             		 0.991094
EAJ_nti             		 0.186512
EAJ_ntcg            		 0.13852
EAJ_ntig            		 0.0277041
EAJ_pex             		 0.876871
EAJ_pht             		 0.876871
EAJ_phttilde        		 0.876871
EAJ_pi              		 0.938389
EAJ_pcg             		 0.924694
EAJ_pig             		 0.924694
EAJ_pic             		 1.00496
EAJ_pic4            		 1.02
EAJ_piex4           		 1.02
EAJ_piht            		 1.00496
EAJ_piimc           		 1.00496
EAJ_piimi           		 1.00496
EAJ_piimcg          		 1.00496
EAJ_piimig          		 1.00496
EAJ_piimc4          		 1.02
EAJ_pim             		 0.891524
EAJ_pimc            		 0.891522
EAJ_pimi            		 0.891522
EAJ_pimcg           		 0.891522
EAJ_pimig           		 0.891522
EAJ_pint            		 1.00496
EAJ_piw             		 1.00496
EAJ_piw4            		 1.02
EAJ_pnt             		 1.09609
EAJ_pnttilde        		 1.09609
EAJ_pttc            		 0.888543
EAJ_ptti            		 0.888543
EAJ_pttcg           		 0.884121
EAJ_pttig           		 0.884121
EAJ_py              		 0.957804
EAJ_q               		 0.938389
EAJ_qc              		 1.88658
EAJ_qi              		 0.806304
EAJ_qcg             		 0.754062
EAJ_qig             		 0.150812
EAJ_r               		 1.01242
EAJ_reer            		 1.00162
EAJ_rer             		 1.19417
EAJ_rerdep          		 1
EAJ_rk              		 0.0304198
EAJ_rp              		 0
EAJ_rr              		 1.00742
EAJ_rrstar          		 1.00742
EAJ_sh              		 1
EAJ_si              		 1
EAJ_sj              		 1
EAJ_snt             		 1
EAJ_t               		 0
EAJ_tauc            		 0.183
EAJ_taud            		 0
EAJ_tauk            		 0
EAJ_taun            		 0.122
EAJ_tauwf           		 0.219
EAJ_tauwh           		 0.118
EAJ_tb              		 0.00644588
EAJ_tby             		 0.00184887
EAJ_ti              		 0
EAJ_tj              		 0
EAJ_tot             		 1.33027
EAJ_tr              		 0.313076
EAJ_tri             		 0.208717
EAJ_trj             		 0.626152
EAJ_try             		 0.089839
EAJ_ttc             		 0.900634
EAJ_tti             		 0.621459
EAJ_ttcg            		 0.616937
EAJ_ttig            		 0.123387
EAJ_ty              		 0
EAJ_u               		 1
EAJ_utili           		 -93.8046
EAJ_utilj           		 -210.927
EAJ_vj              		 2.38
EAJ_w               		 0.978234
EAJ_wcst            		 0
EAJ_whty            		 0.574241
EAJ_wi              		 1.08737
EAJ_witilde         		 1.08737
EAJ_wj              		 0.807939
EAJ_wjtilde         		 0.807939
EAJ_wnty            		 0.490019
EAJ_wy              		 0.538658
EAJ_y               		 3.63998
EAJ_ygap            		 0
EAJ_ygrowth         		 1
EAJ_ygrowth4        		 1
EAJ_yhty            		 0.577511
EAJ_ynty            		 0.422489
EAJ_yshare          		 0.067566
EAJ_ysn             		 1.34383
EAJ_yst             		 2.29615
EAJ_zcon            		 1
EAJ_zinv            		 1
EAJ_zn              		 1
EAJ_zt              		 1
EAJ_gammav1         		 0.0287061
EAJ_gammav2         		 0.150338
EAJ_nutc            		 0.2
EAJ_nuti            		 0.2
EAJ_nutcg           		 0.500001
EAJ_nutig           		 0.500001
EAJ_psit            		 0.2
EAJEAA_rerbar       		 1
EAJEAB_rerbar       		 1
EAJEAC_rerbar       		 1
EAJEAD_rerbar       		 1
EAJEAE_rerbar       		 1
EAJEAF_rerbar       		 1
EAJEAG_rerbar       		 1
EAJEAH_rerbar       		 1
EAJEAI_rerbar       		 1
EAJEAK_rerbar       		 1
EAJEAL_rerbar       		 1.00491
EAJRW_rerbar        		 0.900796
EAJUS_rerbar        		 1.19417
EAJ_pibar           		 0.938389
EAJ_psinbar         		 0.376273
EAJ_psitbar         		 0.45923
EAJ_pybar           		 0.957804
EAJ_qbar            		 0.938389
EAJ_trybar          		 0.0897996
EAJ_ybar            		 3.63998
EAJ_ynbar           		 1.34383
EAJ_ytbar           		 2.29615
EAKEAA_excy         		 0.0144083
EAKEAB_excy         		 0.0144083
EAKEAC_excy         		 0.0144083
EAKEAD_excy         		 0.0144083
EAKEAE_excy         		 0.0144083
EAKEAF_excy         		 0.0144083
EAKEAG_excy         		 0.0144083
EAKEAH_excy         		 0.0144083
EAKEAI_excy         		 0.0144083
EAKEAJ_excy         		 0.0144083
EAKEAL_excy         		 0.0147115
EAKRW_excy          		 0.0148446
EAKUS_excy          		 0.00533722
EAKEAA_exiy         		 0.00994209
EAKEAB_exiy         		 0.00994209
EAKEAC_exiy         		 0.00994209
EAKEAD_exiy         		 0.00994209
EAKEAE_exiy         		 0.00994209
EAKEAF_exiy         		 0.00994209
EAKEAG_exiy         		 0.00994209
EAKEAH_exiy         		 0.00994209
EAKEAI_exiy         		 0.00994209
EAKEAJ_exiy         		 0.00994209
EAKEAL_exiy         		 0.0100072
EAKRW_exiy          		 0.011593
EAKUS_exiy          		 0.00422401
EAK_fx              		 4.58599
EAKEAA_gammaimc     		 0
EAKEAB_gammaimc     		 0
EAKEAC_gammaimc     		 0
EAKEAD_gammaimc     		 0
EAKEAE_gammaimc     		 0
EAKEAF_gammaimc     		 0
EAKEAG_gammaimc     		 0
EAKEAH_gammaimc     		 0
EAKEAI_gammaimc     		 0
EAKEAJ_gammaimc     		 0
EAKEAL_gammaimc     		 0
EAKRW_gammaimc      		 0
EAKUS_gammaimc      		 0
EAKEAA_gammaimcdag  		 1
EAKEAB_gammaimcdag  		 1
EAKEAC_gammaimcdag  		 1
EAKEAD_gammaimcdag  		 1
EAKEAE_gammaimcdag  		 1
EAKEAF_gammaimcdag  		 1
EAKEAG_gammaimcdag  		 1
EAKEAH_gammaimcdag  		 1
EAKEAI_gammaimcdag  		 1
EAKEAJ_gammaimcdag  		 1
EAKEAL_gammaimcdag  		 1
EAKRW_gammaimcdag   		 1
EAKUS_gammaimcdag   		 1
EAKEAA_gammaimi     		 0
EAKEAB_gammaimi     		 0
EAKEAC_gammaimi     		 0
EAKEAD_gammaimi     		 0
EAKEAE_gammaimi     		 0
EAKEAF_gammaimi     		 0
EAKEAG_gammaimi     		 0
EAKEAH_gammaimi     		 0
EAKEAI_gammaimi     		 0
EAKEAJ_gammaimi     		 0
EAKEAL_gammaimi     		 0
EAKRW_gammaimi      		 0
EAKUS_gammaimi      		 0
EAKEAA_gammaimidag  		 1
EAKEAB_gammaimidag  		 1
EAKEAC_gammaimidag  		 1
EAKEAD_gammaimidag  		 1
EAKEAE_gammaimidag  		 1
EAKEAF_gammaimidag  		 1
EAKEAG_gammaimidag  		 1
EAKEAH_gammaimidag  		 1
EAKEAI_gammaimidag  		 1
EAKEAJ_gammaimidag  		 1
EAKEAL_gammaimidag  		 1
EAKRW_gammaimidag   		 1
EAKUS_gammaimidag   		 1
EAKEAA_gammaimcg    		 0
EAKEAB_gammaimcg    		 0
EAKEAC_gammaimcg    		 0
EAKEAD_gammaimcg    		 0
EAKEAE_gammaimcg    		 0
EAKEAF_gammaimcg    		 0
EAKEAG_gammaimcg    		 0
EAKEAH_gammaimcg    		 0
EAKEAI_gammaimcg    		 0
EAKEAJ_gammaimcg    		 0
EAKEAL_gammaimcg    		 0
EAKRW_gammaimcg     		 0
EAKUS_gammaimcg     		 0
EAKEAA_gammaimcgdag 		 1
EAKEAB_gammaimcgdag 		 1
EAKEAC_gammaimcgdag 		 1
EAKEAD_gammaimcgdag 		 1
EAKEAE_gammaimcgdag 		 1
EAKEAF_gammaimcgdag 		 1
EAKEAG_gammaimcgdag 		 1
EAKEAH_gammaimcgdag 		 1
EAKEAI_gammaimcgdag 		 1
EAKEAJ_gammaimcgdag 		 1
EAKEAL_gammaimcgdag 		 1
EAKRW_gammaimcgdag  		 1
EAKUS_gammaimcgdag  		 1
EAKEAA_gammaimig    		 0
EAKEAB_gammaimig    		 0
EAKEAC_gammaimig    		 0
EAKEAD_gammaimig    		 0
EAKEAE_gammaimig    		 0
EAKEAF_gammaimig    		 0
EAKEAG_gammaimig    		 0
EAKEAH_gammaimig    		 0
EAKEAI_gammaimig    		 0
EAKEAJ_gammaimig    		 0
EAKEAL_gammaimig    		 0
EAKRW_gammaimig     		 0
EAKUS_gammaimig     		 0
EAKEAA_gammaimigdag 		 1
EAKEAB_gammaimigdag 		 1
EAKEAC_gammaimigdag 		 1
EAKEAD_gammaimigdag 		 1
EAKEAE_gammaimigdag 		 1
EAKEAF_gammaimigdag 		 1
EAKEAG_gammaimigdag 		 1
EAKEAH_gammaimigdag 		 1
EAKEAI_gammaimigdag 		 1
EAKEAJ_gammaimigdag 		 1
EAKEAL_gammaimigdag 		 1
EAKRW_gammaimigdag  		 1
EAKUS_gammaimigdag  		 1
EAK_gx              		 5.50318
EAKEAA_im           		 0.125882
EAKEAB_im           		 0.125882
EAKEAC_im           		 0.125882
EAKEAD_im           		 0.125882
EAKEAE_im           		 0.125882
EAKEAF_im           		 0.125882
EAKEAG_im           		 0.125882
EAKEAH_im           		 0.125882
EAKEAI_im           		 0.125882
EAKEAJ_im           		 0.125882
EAKEAL_im           		 0.123482
EAKRW_im            		 0.134507
EAKUS_im            		 0.0616738
EAKEAA_imc          		 0.0572866
EAKEAB_imc          		 0.0572866
EAKEAC_imc          		 0.0572866
EAKEAD_imc          		 0.0572866
EAKEAE_imc          		 0.0572866
EAKEAF_imc          		 0.0572866
EAKEAG_imc          		 0.0572866
EAKEAH_imc          		 0.0572866
EAKEAI_imc          		 0.0572866
EAKEAJ_imc          		 0.0572866
EAKEAL_imc          		 0.0561946
EAKRW_imc           		 0.0612117
EAKUS_imc           		 0.0280666
EAKEAI_imcy         		 0.0144083
EAKEAA_imi          		 0.0395291
EAKEAB_imi          		 0.0395291
EAKEAC_imi          		 0.0395291
EAKEAD_imi          		 0.0395291
EAKEAE_imi          		 0.0395291
EAKEAF_imi          		 0.0395291
EAKEAG_imi          		 0.0395291
EAKEAH_imi          		 0.0395291
EAKEAI_imi          		 0.0395291
EAKEAJ_imi          		 0.0395291
EAKEAL_imi          		 0.0387756
EAKRW_imi           		 0.0422375
EAKUS_imi           		 0.0193666
EAKEAI_imiy         		 0.00994209
EAKEAA_imcg         		 0.0242219
EAKEAB_imcg         		 0.0242219
EAKEAC_imcg         		 0.0242219
EAKEAD_imcg         		 0.0242219
EAKEAE_imcg         		 0.0242219
EAKEAF_imcg         		 0.0242219
EAKEAG_imcg         		 0.0242219
EAKEAH_imcg         		 0.0242219
EAKEAI_imcg         		 0.0242219
EAKEAJ_imcg         		 0.0242219
EAKEAL_imcg         		 0.0237601
EAKRW_imcg          		 0.0258814
EAKUS_imcg          		 0.0118671
EAKEAI_imcgy        		 0.00609211
EAKEAA_imig         		 0.00484437
EAKEAB_imig         		 0.00484437
EAKEAC_imig         		 0.00484437
EAKEAD_imig         		 0.00484437
EAKEAE_imig         		 0.00484437
EAKEAF_imig         		 0.00484437
EAKEAG_imig         		 0.00484437
EAKEAH_imig         		 0.00484437
EAKEAI_imig         		 0.00484437
EAKEAJ_imig         		 0.00484437
EAKEAL_imig         		 0.00475203
EAKRW_imig          		 0.00517629
EAKUS_imig          		 0.00237342
EAKEAI_imigy        		 0.00121842
EAK_piex            		 1.00496
EAK_pextilde        		 0.876871
EAKEAA_rer          		 1
EAKEAB_rer          		 1
EAKEAC_rer          		 1
EAKEAD_rer          		 1
EAKEAE_rer          		 1
EAKEAF_rer          		 1
EAKEAG_rer          		 1
EAKEAH_rer          		 1
EAKEAI_rer          		 1
EAKEAJ_rer          		 1
EAKEAL_rer          		 1.00491
EAKRW_rer           		 0.900796
EAKUS_rer           		 1.19417
EAK_sx              		 1
EAKEAA_tot          		 1
EAKEAB_tot          		 1
EAKEAC_tot          		 1
EAKEAD_tot          		 1
EAKEAE_tot          		 1
EAKEAF_tot          		 1
EAKEAG_tot          		 1
EAKEAH_tot          		 1
EAKEAI_tot          		 1
EAKEAJ_tot          		 1
EAKEAL_tot          		 1.00773
EAKRW_tot           		 0.973829
EAKUS_tot           		 1.33027
EAKEAA_weight       		 0.0783524
EAKEAB_weight       		 0.0783524
EAKEAC_weight       		 0.0783524
EAKEAD_weight       		 0.0783524
EAKEAE_weight       		 0.0783524
EAKEAF_weight       		 0.0783524
EAKEAG_weight       		 0.0783524
EAKEAH_weight       		 0.0783524
EAKEAI_weight       		 0.0783524
EAKEAJ_weight       		 0.0783524
EAKEAL_weight       		 0.077923
EAKRW_weight        		 0.0828139
EAKUS_weight        		 0.0557378
EAKEAA_weightex     		 0.077848
EAKEAB_weightex     		 0.077848
EAKEAC_weightex     		 0.077848
EAKEAD_weightex     		 0.077848
EAKEAE_weightex     		 0.077848
EAKEAF_weightex     		 0.077848
EAKEAG_weightex     		 0.077848
EAKEAH_weightex     		 0.077848
EAKEAI_weightex     		 0.077848
EAKEAJ_weightex     		 0.077848
EAKEAL_weightex     		 0.0778925
EAKRW_weightex      		 0.0835674
EAKUS_weightex      		 0.0600598
EAKEAA_weightim     		 0.0788591
EAKEAB_weightim     		 0.0788591
EAKEAC_weightim     		 0.0788591
EAKEAD_weightim     		 0.0788591
EAKEAE_weightim     		 0.0788591
EAKEAF_weightim     		 0.0788591
EAKEAG_weightim     		 0.0788591
EAKEAH_weightim     		 0.0788591
EAKEAI_weightim     		 0.0788591
EAKEAJ_weightim     		 0.0788591
EAKEAL_weightim     		 0.0779537
EAKRW_weightim      		 0.082057
EAKUS_weightim      		 0.0513959
EAK_b               		 8.36732
EAK_bf              		 -0.440101
EAK_by              		 2.4
EAK_c               		 1.88639
EAK_ci              		 2.14935
EAK_cj              		 1.09752
EAK_cy              		 0.541073
EAK_d               		 0.216034
EAK_dn              		 0.216034
EAK_dt              		 -1.29374e-07
EAK_etot            		 1.01441
EAK_ex              		 1.60364
EAK_fh              		 5.83169
EAK_fi              		 8.77701
EAK_fj              		 0.325074
EAK_fn              		 11.3165
EAK_cg              		 0.754062
EAK_gammab          		 0
EAK_gammai          		 0
EAK_gammaider       		 0
EAK_gammau          		 0
EAK_gammauder       		 0.0324171
EAK_gammav          		 0.000190559
EAK_gammavi         		 0.000101018
EAK_gammavider      		 0.00216519
EAK_gammavj         		 0.000101018
EAK_gammavjder      		 0.00216519
EAK_gh              		 6.99803
EAK_gi              		 5.08128
EAK_gj              		 3.31701
EAK_gn              		 16.9748
EAK_cgy             		 0.2
EAK_ht              		 0.692511
EAK_htc             		 0.186181
EAK_hti             		 0.128469
EAK_htcg            		 0.314884
EAK_htig            		 0.0629768
EAK_i               		 0.806304
EAK_ig              		 0.150812
EAK_ii              		 1.07507
EAK_im              		 1.57005
EAK_imc             		 0.714503
EAK_imi             		 0.493024
EAK_imcg            		 0.302105
EAK_imig            		 0.0604211
EAK_imy             		 0.401487
EAK_internalrer     		 1.23358
EAK_igy             		 0.04
EAK_k               		 32.2522
EAK_kd              		 32.2522
EAK_kdn             		 12.3958
EAK_kdt             		 19.8564
EAK_ki              		 43.0029
EAK_lambdai         		 1.30516
EAK_lambdaj         		 2.55598
EAK_lcy             		 0.656625
EAK_m               		 0.7926
EAK_mcn             		 0.730726
EAK_mct             		 0.730726
EAK_mi              		 0.903087
EAK_mj              		 0.461142
EAK_nd              		 1.91976
EAK_ndi             		 0.910764
EAK_ndj             		 1.09863
EAK_ndn             		 0.737837
EAK_ndt             		 1.18192
EAK_ni              		 0.910764
EAK_nj              		 1.09863
EAK_nt              		 1.34383
EAK_ntc             		 0.991094
EAK_nti             		 0.186512
EAK_ntcg            		 0.13852
EAK_ntig            		 0.0277041
EAK_pex             		 0.876871
EAK_pht             		 0.876871
EAK_phttilde        		 0.876871
EAK_pi              		 0.938389
EAK_pcg             		 0.924694
EAK_pig             		 0.924694
EAK_pic             		 1.00496
EAK_pic4            		 1.02
EAK_piex4           		 1.02
EAK_piht            		 1.00496
EAK_piimc           		 1.00496
EAK_piimi           		 1.00496
EAK_piimcg          		 1.00496
EAK_piimig          		 1.00496
EAK_piimc4          		 1.02
EAK_pim             		 0.891524
EAK_pimc            		 0.891522
EAK_pimi            		 0.891522
EAK_pimcg           		 0.891522
EAK_pimig           		 0.891522
EAK_pint            		 1.00496
EAK_piw             		 1.00496
EAK_piw4            		 1.02
EAK_pnt             		 1.09609
EAK_pnttilde        		 1.09609
EAK_pttc            		 0.888543
EAK_ptti            		 0.888543
EAK_pttcg           		 0.884121
EAK_pttig           		 0.884121
EAK_py              		 0.957804
EAK_q               		 0.938389
EAK_qc              		 1.88658
EAK_qi              		 0.806304
EAK_qcg             		 0.754062
EAK_qig             		 0.150812
EAK_r               		 1.01242
EAK_reer            		 1.00162
EAK_rer             		 1.19417
EAK_rerdep          		 1
EAK_rk              		 0.0304198
EAK_rp              		 0
EAK_rr              		 1.00742
EAK_rrstar          		 1.00742
EAK_sh              		 1
EAK_si              		 1
EAK_sj              		 1
EAK_snt             		 1
EAK_t               		 0
EAK_tauc            		 0.183
EAK_taud            		 0
EAK_tauk            		 0
EAK_taun            		 0.122
EAK_tauwf           		 0.219
EAK_tauwh           		 0.118
EAK_tb              		 0.00644588
EAK_tby             		 0.00184887
EAK_ti              		 0
EAK_tj              		 0
EAK_tot             		 1.33027
EAK_tr              		 0.313076
EAK_tri             		 0.208717
EAK_trj             		 0.626152
EAK_try             		 0.089839
EAK_ttc             		 0.900634
EAK_tti             		 0.621459
EAK_ttcg            		 0.616937
EAK_ttig            		 0.123387
EAK_ty              		 0
EAK_u               		 1
EAK_utili           		 -93.8046
EAK_utilj           		 -210.927
EAK_vj              		 2.38
EAK_w               		 0.978234
EAK_wcst            		 0
EAK_whty            		 0.574241
EAK_wi              		 1.08737
EAK_witilde         		 1.08737
EAK_wj              		 0.807939
EAK_wjtilde         		 0.807939
EAK_wnty            		 0.490019
EAK_wy              		 0.538658
EAK_y               		 3.63998
EAK_ygap            		 0
EAK_ygrowth         		 1
EAK_ygrowth4        		 1
EAK_yhty            		 0.577511
EAK_ynty            		 0.422489
EAK_yshare          		 0.067566
EAK_ysn             		 1.34383
EAK_yst             		 2.29615
EAK_zcon            		 1
EAK_zinv            		 1
EAK_zn              		 1
EAK_zt              		 1
EAK_gammav1         		 0.0287061
EAK_gammav2         		 0.150338
EAK_nutc            		 0.2
EAK_nuti            		 0.2
EAK_nutcg           		 0.500001
EAK_nutig           		 0.500001
EAK_psit            		 0.2
EAKEAA_rerbar       		 1
EAKEAB_rerbar       		 1
EAKEAC_rerbar       		 1
EAKEAD_rerbar       		 1
EAKEAE_rerbar       		 1
EAKEAF_rerbar       		 1
EAKEAG_rerbar       		 1
EAKEAH_rerbar       		 1
EAKEAI_rerbar       		 1
EAKEAJ_rerbar       		 1
EAKEAL_rerbar       		 1.00491
EAKRW_rerbar        		 0.900796
EAKUS_rerbar        		 1.19417
EAK_pibar           		 0.938389
EAK_psinbar         		 0.376273
EAK_psitbar         		 0.45923
EAK_pybar           		 0.957804
EAK_qbar            		 0.938389
EAK_trybar          		 0.0897996
EAK_ybar            		 3.63998
EAK_ynbar           		 1.34383
EAK_ytbar           		 2.29615
EALEAA_excy         		 0.0141316
EALEAB_excy         		 0.0141316
EALEAC_excy         		 0.0141316
EALEAD_excy         		 0.0141316
EALEAE_excy         		 0.0141316
EALEAF_excy         		 0.0141316
EALEAG_excy         		 0.0141316
EALEAH_excy         		 0.0141316
EALEAI_excy         		 0.0141316
EALEAJ_excy         		 0.0141316
EALEAK_excy         		 0.0141316
EALRW_excy          		 0.0145595
EALUS_excy          		 0.00523471
EALEAA_exiy         		 0.00975113
EALEAB_exiy         		 0.00975113
EALEAC_exiy         		 0.00975113
EALEAD_exiy         		 0.00975113
EALEAE_exiy         		 0.00975113
EALEAF_exiy         		 0.00975113
EALEAG_exiy         		 0.00975113
EALEAH_exiy         		 0.00975113
EALEAI_exiy         		 0.00975113
EALEAJ_exiy         		 0.00975113
EALEAK_exiy         		 0.00975113
EALRW_exiy          		 0.0113703
EALUS_exiy          		 0.00414288
EAL_fx              		 4.50971
EALEAA_gammaimc     		 0
EALEAB_gammaimc     		 0
EALEAC_gammaimc     		 0
EALEAD_gammaimc     		 0
EALEAE_gammaimc     		 0
EALEAF_gammaimc     		 0
EALEAG_gammaimc     		 0
EALEAH_gammaimc     		 0
EALEAI_gammaimc     		 0
EALEAJ_gammaimc     		 0
EALEAK_gammaimc     		 0
EALRW_gammaimc      		 0
EALUS_gammaimc      		 0
EALEAA_gammaimcdag  		 1
EALEAB_gammaimcdag  		 1
EALEAC_gammaimcdag  		 1
EALEAD_gammaimcdag  		 1
EALEAE_gammaimcdag  		 1
EALEAF_gammaimcdag  		 1
EALEAG_gammaimcdag  		 1
EALEAH_gammaimcdag  		 1
EALEAI_gammaimcdag  		 1
EALEAJ_gammaimcdag  		 1
EALEAK_gammaimcdag  		 1
EALRW_gammaimcdag   		 1
EALUS_gammaimcdag   		 1
EALEAA_gammaimi     		 0
EALEAB_gammaimi     		 0
EALEAC_gammaimi     		 0
EALEAD_gammaimi     		 0
EALEAE_gammaimi     		 0
EALEAF_gammaimi     		 0
EALEAG_gammaimi     		 0
EALEAH_gammaimi     		 0
EALEAI_gammaimi     		 0
EALEAJ_gammaimi     		 0
EALEAK_gammaimi     		 0
EALRW_gammaimi      		 0
EALUS_gammaimi      		 0
EALEAA_gammaimidag  		 1
EALEAB_gammaimidag  		 1
EALEAC_gammaimidag  		 1
EALEAD_gammaimidag  		 1
EALEAE_gammaimidag  		 1
EALEAF_gammaimidag  		 1
EALEAG_gammaimidag  		 1
EALEAH_gammaimidag  		 1
EALEAI_gammaimidag  		 1
EALEAJ_gammaimidag  		 1
EALEAK_gammaimidag  		 1
EALRW_gammaimidag   		 1
EALUS_gammaimidag   		 1
EALEAA_gammaimcg    		 0
EALEAB_gammaimcg    		 0
EALEAC_gammaimcg    		 0
EALEAD_gammaimcg    		 0
EALEAE_gammaimcg    		 0
EALEAF_gammaimcg    		 0
EALEAG_gammaimcg    		 0
EALEAH_gammaimcg    		 0
EALEAI_gammaimcg    		 0
EALEAJ_gammaimcg    		 0
EALEAK_gammaimcg    		 0
EALRW_gammaimcg     		 0
EALUS_gammaimcg     		 0
EALEAA_gammaimcgdag 		 1
EALEAB_gammaimcgdag 		 1
EALEAC_gammaimcgdag 		 1
EALEAD_gammaimcgdag 		 1
EALEAE_gammaimcgdag 		 1
EALEAF_gammaimcgdag 		 1
EALEAG_gammaimcgdag 		 1
EALEAH_gammaimcgdag 		 1
EALEAI_gammaimcgdag 		 1
EALEAJ_gammaimcgdag 		 1
EALEAK_gammaimcgdag 		 1
EALRW_gammaimcgdag  		 1
EALUS_gammaimcgdag  		 1
EALEAA_gammaimig    		 0
EALEAB_gammaimig    		 0
EALEAC_gammaimig    		 0
EALEAD_gammaimig    		 0
EALEAE_gammaimig    		 0
EALEAF_gammaimig    		 0
EALEAG_gammaimig    		 0
EALEAH_gammaimig    		 0
EALEAI_gammaimig    		 0
EALEAJ_gammaimig    		 0
EALEAK_gammaimig    		 0
EALRW_gammaimig     		 0
EALUS_gammaimig     		 0
EALEAA_gammaimigdag 		 1
EALEAB_gammaimigdag 		 1
EALEAC_gammaimigdag 		 1
EALEAD_gammaimigdag 		 1
EALEAE_gammaimigdag 		 1
EALEAF_gammaimigdag 		 1
EALEAG_gammaimigdag 		 1
EALEAH_gammaimigdag 		 1
EALEAI_gammaimigdag 		 1
EALEAJ_gammaimigdag 		 1
EALEAK_gammaimigdag 		 1
EALRW_gammaimigdag  		 1
EALUS_gammaimigdag  		 1
EAL_gx              		 5.41165
EALEAA_im           		 0.126412
EALEAB_im           		 0.126412
EALEAC_im           		 0.126412
EALEAD_im           		 0.126412
EALEAE_im           		 0.126412
EALEAF_im           		 0.126412
EALEAG_im           		 0.126412
EALEAH_im           		 0.126412
EALEAI_im           		 0.126412
EALEAJ_im           		 0.126412
EALEAK_im           		 0.126412
EALRW_im            		 0.135073
EALUS_im            		 0.0619334
EALEAA_imc          		 0.0584919
EALEAB_imc          		 0.0584919
EALEAC_imc          		 0.0584919
EALEAD_imc          		 0.0584919
EALEAE_imc          		 0.0584919
EALEAF_imc          		 0.0584919
EALEAG_imc          		 0.0584919
EALEAH_imc          		 0.0584919
EALEAI_imc          		 0.0584919
EALEAJ_imc          		 0.0584919
EALEAK_imc          		 0.0584919
EALRW_imc           		 0.0624995
EALUS_imc           		 0.0286571
EALEAJ_imcy         		 0.0145965
EALEAA_imi          		 0.0397882
EALEAB_imi          		 0.0397882
EALEAC_imi          		 0.0397882
EALEAD_imi          		 0.0397882
EALEAE_imi          		 0.0397882
EALEAF_imi          		 0.0397882
EALEAG_imi          		 0.0397882
EALEAH_imi          		 0.0397882
EALEAI_imi          		 0.0397882
EALEAJ_imi          		 0.0397882
EALEAK_imi          		 0.0397882
EALRW_imi           		 0.0425143
EALUS_imi           		 0.0194936
EALEAJ_imiy         		 0.00992904
EALEAA_imcg         		 0.0245333
EALEAB_imcg         		 0.0245333
EALEAC_imcg         		 0.0245333
EALEAD_imcg         		 0.0245333
EALEAE_imcg         		 0.0245333
EALEAF_imcg         		 0.0245333
EALEAG_imcg         		 0.0245333
EALEAH_imcg         		 0.0245333
EALEAI_imcg         		 0.0245333
EALEAJ_imcg         		 0.0245333
EALEAK_imcg         		 0.0245333
EALRW_imcg          		 0.0262143
EALUS_imcg          		 0.0120197
EALEAJ_imcgy        		 0.00612223
EALEAA_imig         		 0.00359859
EALEAB_imig         		 0.00359859
EALEAC_imig         		 0.00359859
EALEAD_imig         		 0.00359859
EALEAE_imig         		 0.00359859
EALEAF_imig         		 0.00359859
EALEAG_imig         		 0.00359859
EALEAH_imig         		 0.00359859
EALEAI_imig         		 0.00359859
EALEAJ_imig         		 0.00359859
EALEAK_imig         		 0.00359859
EALRW_imig          		 0.00384515
EALUS_imig          		 0.00176307
EALEAJ_imigy        		 0.000898019
EAL_piex            		 1.00496
EAL_pextilde        		 0.879333
EALEAA_rer          		 0.995117
EALEAB_rer          		 0.995117
EALEAC_rer          		 0.995117
EALEAD_rer          		 0.995117
EALEAE_rer          		 0.995117
EALEAF_rer          		 0.995117
EALEAG_rer          		 0.995117
EALEAH_rer          		 0.995117
EALEAI_rer          		 0.995117
EALEAJ_rer          		 0.995117
EALEAK_rer          		 0.995117
EALRW_rer           		 0.896398
EALUS_rer           		 1.18834
EAL_sx              		 1
EALEAA_tot          		 0.992331
EALEAB_tot          		 0.992331
EALEAC_tot          		 0.992331
EALEAD_tot          		 0.992331
EALEAE_tot          		 0.992331
EALEAF_tot          		 0.992331
EALEAG_tot          		 0.992331
EALEAH_tot          		 0.992331
EALEAI_tot          		 0.992331
EALEAJ_tot          		 0.992331
EALEAK_tot          		 0.992331
EALRW_tot           		 0.966361
EALUS_tot           		 1.32007
EALEAA_weight       		 0.0783223
EALEAB_weight       		 0.0783223
EALEAC_weight       		 0.0783223
EALEAD_weight       		 0.0783223
EALEAE_weight       		 0.0783223
EALEAF_weight       		 0.0783223
EALEAG_weight       		 0.0783223
EALEAH_weight       		 0.0783223
EALEAI_weight       		 0.0783223
EALEAJ_weight       		 0.0783223
EALEAK_weight       		 0.0783223
EALRW_weight        		 0.0827723
EALUS_weight        		 0.0556819
EALEAA_weightex     		 0.0778509
EALEAB_weightex     		 0.0778509
EALEAC_weightex     		 0.0778509
EALEAD_weightex     		 0.0778509
EALEAE_weightex     		 0.0778509
EALEAF_weightex     		 0.0778509
EALEAG_weightex     		 0.0778509
EALEAH_weightex     		 0.0778509
EALEAI_weightex     		 0.0778509
EALEAJ_weightex     		 0.0778509
EALEAK_weightex     		 0.0778509
EALRW_weightex      		 0.0835716
EALUS_weightex      		 0.0600684
EALEAA_weightim     		 0.0787878
EALEAB_weightim     		 0.0787878
EALEAC_weightim     		 0.0787878
EALEAD_weightim     		 0.0787878
EALEAE_weightim     		 0.0787878
EALEAF_weightim     		 0.0787878
EALEAG_weightim     		 0.0787878
EALEAH_weightim     		 0.0787878
EALEAI_weightim     		 0.0787878
EALEAJ_weightim     		 0.0787878
EALEAK_weightim     		 0.0787878
EALRW_weightim      		 0.0819828
EALUS_weightim      		 0.0513494
EAL_b               		 8.39206
EAL_bf              		 1.18285
EAL_by              		 2.4
EAL_c               		 1.91722
EAL_ci              		 2.18776
EAL_cj              		 1.10558
EAL_cy              		 0.548294
EAL_d               		 0.223363
EAL_dn              		 0.223363
EAL_dt              		 -1.2092e-07
EAL_etot            		 1.00602
EAL_ex              		 1.57255
EAL_fh              		 5.6754
EAL_fi              		 9.23999
EAL_fj              		 0.342222
EAL_fn              		 11.7004
EAL_cg              		 0.756603
EAL_gammab          		 0
EAL_gammai          		 0
EAL_gammaider       		 0
EAL_gammau          		 0
EAL_gammauder       		 0.0324171
EAL_gammav          		 0.000193673
EAL_gammavi         		 0.000101018
EAL_gammavider      		 0.00216519
EAL_gammavj         		 0.000101018
EAL_gammavjder      		 0.00216519
EAL_gh              		 6.81048
EAL_gi              		 5.07834
EAL_gj              		 3.34972
EAL_gn              		 17.5506
EAL_cgy             		 0.2
EAL_ht              		 0.672064
EAL_htc             		 0.186474
EAL_hti             		 0.126846
EAL_htcg            		 0.312854
EAL_htig            		 0.0458899
EAL_i               		 0.808672
EAL_ig              		 0.1447
EAL_ii              		 1.07823
EAL_im              		 1.57904
EAL_imc             		 0.730637
EAL_imi             		 0.497004
EAL_imcg            		 0.306452
EAL_imig            		 0.0449509
EAL_imy             		 0.400388
EAL_internalrer     		 1.24177
EAL_igy             		 0.04
EAL_k               		 32.3469
EAL_kd              		 32.3469
EAL_kdn             		 12.8422
EAL_kdt             		 19.5046
EAL_ki              		 43.1292
EAL_lambdai         		 1.28224
EAL_lambdaj         		 2.53734
EAL_lcy             		 0.655285
EAL_m               		 0.805553
EAL_mcn             		 0.732778
EAL_mct             		 0.732778
EAL_mi              		 0.919226
EAL_mj              		 0.464531
EAL_nd              		 1.91216
EAL_ndi             		 0.905165
EAL_ndj             		 1.09698
EAL_ndn             		 0.75916
EAL_ndt             		 1.153
EAL_ni              		 0.905165
EAL_nj              		 1.09698
EAL_nt              		 1.38553
EAL_ntc             		 1.00588
EAL_nti             		 0.186609
EAL_ntcg            		 0.138764
EAL_ntig            		 0.0542776
EAL_pex             		 0.879333
EAL_pht             		 0.879333
EAL_phttilde        		 0.879333
EAL_pi              		 0.936493
EAL_pcg             		 0.924313
EAL_pig             		 0.966607
EAL_pic             		 1.00496
EAL_pic4            		 1.02
EAL_piex4           		 1.02
EAL_piht            		 1.00496
EAL_piimc           		 1.00496
EAL_piimi           		 1.00496
EAL_piimcg          		 1.00496
EAL_piimig          		 1.00496
EAL_piimc4          		 1.02
EAL_pim             		 0.886636
EAL_pimc            		 0.886634
EAL_pimi            		 0.886634
EAL_pimcg           		 0.886634
EAL_pimig           		 0.886634
EAL_pint            		 1.00496
EAL_piw             		 1.00496
EAL_piw4            		 1.02
EAL_pnt             		 1.09917
EAL_pnttilde        		 1.09917
EAL_pttc            		 0.885162
EAL_ptti            		 0.885162
EAL_pttcg           		 0.882965
EAL_pttig           		 0.882965
EAL_py              		 0.963238
EAL_q               		 0.936493
EAL_qc              		 1.91741
EAL_qi              		 0.808672
EAL_qcg             		 0.756603
EAL_qig             		 0.1447
EAL_r               		 1.01242
EAL_reer            		 0.996345
EAL_rer             		 1.18834
EAL_rerdep          		 1
EAL_rk              		 0.0303584
EAL_rp              		 0
EAL_rr              		 1.00742
EAL_rrstar          		 1.00742
EAL_sh              		 1
EAL_si              		 1
EAL_sj              		 1
EAL_snt             		 1
EAL_t               		 0
EAL_tauc            		 0.183
EAL_taud            		 0
EAL_tauk            		 0
EAL_taun            		 0.122
EAL_tauwf           		 0.219
EAL_tauwh           		 0.118
EAL_tb              		 -0.0172398
EAL_tby             		 -0.00493033
EAL_ti              		 0
EAL_tj              		 0
EAL_tot             		 1.32007
EAL_tr              		 0.316911
EAL_tri             		 0.211274
EAL_trj             		 0.633822
EAL_try             		 0.0906716
EAL_ttc             		 0.917098
EAL_tti             		 0.623842
EAL_ttcg            		 0.619293
EAL_ttig            		 0.0908389
EAL_ty              		 0
EAL_u               		 1
EAL_utili           		 -90.7717
EAL_utilj           		 -209.661
EAL_vj              		 2.38
EAL_w               		 0.983012
EAL_wcst            		 0
EAL_whty            		 0.574241
EAL_wi              		 1.09324
EAL_witilde         		 1.09324
EAL_wj              		 0.811426
EAL_wjtilde         		 0.811426
EAL_wnty            		 0.490019
EAL_wy              		 0.53756
EAL_y               		 3.63014
EAL_ygap            		 0
EAL_ygrowth         		 1
EAL_ygrowth4        		 1
EAL_yhty            		 0.564466
EAL_ynty            		 0.435534
EAL_yshare          		 0.0680982
EAL_ysn             		 1.38553
EAL_yst             		 2.24461
EAL_zcon            		 1
EAL_zinv            		 1
EAL_zn              		 1
EAL_zt              		 1
EAL_gammav1         		 0.0287061
EAL_gammav2         		 0.150338
EAL_nutc            		 0.2
EAL_nuti            		 0.2
EAL_nutcg           		 0.500001
EAL_nutig           		 0.500001
EAL_psit            		 0.2
EALEAA_rerbar       		 0.995117
EALEAB_rerbar       		 0.995117
EALEAC_rerbar       		 0.995117
EALEAD_rerbar       		 0.995117
EALEAE_rerbar       		 0.995117
EALEAF_rerbar       		 0.995117
EALEAG_rerbar       		 0.995117
EALEAH_rerbar       		 0.995117
EALEAI_rerbar       		 0.995117
EALEAJ_rerbar       		 0.995117
EALEAK_rerbar       		 0.995117
EALRW_rerbar        		 0.896398
EALUS_rerbar        		 1.18834
EAL_pibar           		 0.936493
EAL_psinbar         		 0.387948
EAL_psitbar         		 0.448923
EAL_pybar           		 0.963238
EAL_qbar            		 0.936493
EAL_trybar          		 0.0906318
EAL_ybar            		 3.63014
EAL_ynbar           		 1.38553
EAL_ytbar           		 2.24461
RWEAA_excy          		 0.0129205
RWEAB_excy          		 0.0129205
RWEAC_excy          		 0.0129205
RWEAD_excy          		 0.0129205
RWEAE_excy          		 0.0129205
RWEAF_excy          		 0.0129205
RWEAG_excy          		 0.0129205
RWEAH_excy          		 0.0129205
RWEAI_excy          		 0.0129205
RWEAJ_excy          		 0.0129205
RWEAK_excy          		 0.0129205
RWEAL_excy          		 0.0131924
RWUS_excy           		 0.0047861
RWEAA_exiy          		 0.00891547
RWEAB_exiy          		 0.00891547
RWEAC_exiy          		 0.00891547
RWEAD_exiy          		 0.00891547
RWEAE_exiy          		 0.00891547
RWEAF_exiy          		 0.00891547
RWEAG_exiy          		 0.00891547
RWEAH_exiy          		 0.00891547
RWEAI_exiy          		 0.00891547
RWEAJ_exiy          		 0.00891547
RWEAK_exiy          		 0.00891547
RWEAL_exiy          		 0.00897389
RWUS_exiy           		 0.00378783
RW_fx               		 5.27329
RWEAA_gammaimc      		 0
RWEAB_gammaimc      		 0
RWEAC_gammaimc      		 0
RWEAD_gammaimc      		 0
RWEAE_gammaimc      		 0
RWEAF_gammaimc      		 0
RWEAG_gammaimc      		 0
RWEAH_gammaimc      		 0
RWEAI_gammaimc      		 0
RWEAJ_gammaimc      		 0
RWEAK_gammaimc      		 0
RWEAL_gammaimc      		 0
RWUS_gammaimc       		 0
RWEAA_gammaimcdag   		 1
RWEAB_gammaimcdag   		 1
RWEAC_gammaimcdag   		 1
RWEAD_gammaimcdag   		 1
RWEAE_gammaimcdag   		 1
RWEAF_gammaimcdag   		 1
RWEAG_gammaimcdag   		 1
RWEAH_gammaimcdag   		 1
RWEAI_gammaimcdag   		 1
RWEAJ_gammaimcdag   		 1
RWEAK_gammaimcdag   		 1
RWEAL_gammaimcdag   		 1
RWUS_gammaimcdag    		 1
RWEAA_gammaimi      		 0
RWEAB_gammaimi      		 0
RWEAC_gammaimi      		 0
RWEAD_gammaimi      		 0
RWEAE_gammaimi      		 0
RWEAF_gammaimi      		 0
RWEAG_gammaimi      		 0
RWEAH_gammaimi      		 0
RWEAI_gammaimi      		 0
RWEAJ_gammaimi      		 0
RWEAK_gammaimi      		 0
RWEAL_gammaimi      		 0
RWUS_gammaimi       		 0
RWEAA_gammaimidag   		 1
RWEAB_gammaimidag   		 1
RWEAC_gammaimidag   		 1
RWEAD_gammaimidag   		 1
RWEAE_gammaimidag   		 1
RWEAF_gammaimidag   		 1
RWEAG_gammaimidag   		 1
RWEAH_gammaimidag   		 1
RWEAI_gammaimidag   		 1
RWEAJ_gammaimidag   		 1
RWEAK_gammaimidag   		 1
RWEAL_gammaimidag   		 1
RWUS_gammaimidag    		 1
RWEAA_gammaimcg     		 0
RWEAB_gammaimcg     		 0
RWEAC_gammaimcg     		 0
RWEAD_gammaimcg     		 0
RWEAE_gammaimcg     		 0
RWEAF_gammaimcg     		 0
RWEAG_gammaimcg     		 0
RWEAH_gammaimcg     		 0
RWEAI_gammaimcg     		 0
RWEAJ_gammaimcg     		 0
RWEAK_gammaimcg     		 0
RWEAL_gammaimcg     		 0
RWUS_gammaimcg      		 0
RWEAA_gammaimcgdag  		 1
RWEAB_gammaimcgdag  		 1
RWEAC_gammaimcgdag  		 1
RWEAD_gammaimcgdag  		 1
RWEAE_gammaimcgdag  		 1
RWEAF_gammaimcgdag  		 1
RWEAG_gammaimcgdag  		 1
RWEAH_gammaimcgdag  		 1
RWEAI_gammaimcgdag  		 1
RWEAJ_gammaimcgdag  		 1
RWEAK_gammaimcgdag  		 1
RWEAL_gammaimcgdag  		 1
RWUS_gammaimcgdag   		 1
RWEAA_gammaimig     		 0
RWEAB_gammaimig     		 0
RWEAC_gammaimig     		 0
RWEAD_gammaimig     		 0
RWEAE_gammaimig     		 0
RWEAF_gammaimig     		 0
RWEAG_gammaimig     		 0
RWEAH_gammaimig     		 0
RWEAI_gammaimig     		 0
RWEAJ_gammaimig     		 0
RWEAK_gammaimig     		 0
RWEAL_gammaimig     		 0
RWUS_gammaimig      		 0
RWEAA_gammaimigdag  		 1
RWEAB_gammaimigdag  		 1
RWEAC_gammaimigdag  		 1
RWEAD_gammaimigdag  		 1
RWEAE_gammaimigdag  		 1
RWEAF_gammaimigdag  		 1
RWEAG_gammaimigdag  		 1
RWEAH_gammaimigdag  		 1
RWEAI_gammaimigdag  		 1
RWEAJ_gammaimigdag  		 1
RWEAK_gammaimigdag  		 1
RWEAL_gammaimigdag  		 1
RWUS_gammaimigdag   		 1
RW_gx               		 6.32794
RWEAA_im            		 0.133208
RWEAB_im            		 0.133208
RWEAC_im            		 0.133208
RWEAD_im            		 0.133208
RWEAE_im            		 0.133208
RWEAF_im            		 0.133208
RWEAG_im            		 0.133208
RWEAH_im            		 0.133208
RWEAI_im            		 0.133208
RWEAJ_im            		 0.133208
RWEAK_im            		 0.133208
RWEAL_im            		 0.130669
RWUS_im             		 0.0652633
RWEAA_imc           		 0.0590213
RWEAB_imc           		 0.0590213
RWEAC_imc           		 0.0590213
RWEAD_imc           		 0.0590213
RWEAE_imc           		 0.0590213
RWEAF_imc           		 0.0590213
RWEAG_imc           		 0.0590213
RWEAH_imc           		 0.0590213
RWEAI_imc           		 0.0590213
RWEAJ_imc           		 0.0590213
RWEAK_imc           		 0.0590213
RWEAL_imc           		 0.0578962
RWUS_imc            		 0.0289165
RWEAK_imcy          		 0.012793
RWEAA_imi           		 0.0460929
RWEAB_imi           		 0.0460929
RWEAC_imi           		 0.0460929
RWEAD_imi           		 0.0460929
RWEAE_imi           		 0.0460929
RWEAF_imi           		 0.0460929
RWEAG_imi           		 0.0460929
RWEAH_imi           		 0.0460929
RWEAI_imi           		 0.0460929
RWEAJ_imi           		 0.0460929
RWEAK_imi           		 0.0460929
RWEAL_imi           		 0.0452142
RWUS_imi            		 0.0225824
RWEAK_imiy          		 0.00999072
RWEAA_imcg          		 0.0224755
RWEAB_imcg          		 0.0224755
RWEAC_imcg          		 0.0224755
RWEAD_imcg          		 0.0224755
RWEAE_imcg          		 0.0224755
RWEAF_imcg          		 0.0224755
RWEAG_imcg          		 0.0224755
RWEAH_imcg          		 0.0224755
RWEAI_imcg          		 0.0224755
RWEAJ_imcg          		 0.0224755
RWEAK_imcg          		 0.0224755
RWEAL_imcg          		 0.022047
RWUS_imcg           		 0.0110115
RWEAK_imcgy         		 0.00487161
RWEAA_imig          		 0.00561887
RWEAB_imig          		 0.00561887
RWEAC_imig          		 0.00561887
RWEAD_imig          		 0.00561887
RWEAE_imig          		 0.00561887
RWEAF_imig          		 0.00561887
RWEAG_imig          		 0.00561887
RWEAH_imig          		 0.00561887
RWEAI_imig          		 0.00561887
RWEAJ_imig          		 0.00561887
RWEAK_imig          		 0.00561887
RWEAL_imig          		 0.00551176
RWUS_imig           		 0.00275287
RWEAK_imigy         		 0.0012179
RW_piex             		 1.00496
RW_pextilde         		 0.947965
RWEAA_rer           		 1.11013
RWEAB_rer           		 1.11013
RWEAC_rer           		 1.11013
RWEAD_rer           		 1.11013
RWEAE_rer           		 1.11013
RWEAF_rer           		 1.11013
RWEAG_rer           		 1.11013
RWEAH_rer           		 1.11013
RWEAI_rer           		 1.11013
RWEAJ_rer           		 1.11013
RWEAK_rer           		 1.11013
RWEAL_rer           		 1.11558
RWUS_rer            		 1.32568
RW_sx               		 1
RWEAA_tot           		 1.02687
RWEAB_tot           		 1.02687
RWEAC_tot           		 1.02687
RWEAD_tot           		 1.02687
RWEAE_tot           		 1.02687
RWEAF_tot           		 1.02687
RWEAG_tot           		 1.02687
RWEAH_tot           		 1.02687
RWEAI_tot           		 1.02687
RWEAJ_tot           		 1.02687
RWEAK_tot           		 1.02687
RWEAL_tot           		 1.03481
RWUS_tot            		 1.36602
RWEAA_weight        		 0.0787079
RWEAB_weight        		 0.0787079
RWEAC_weight        		 0.0787079
RWEAD_weight        		 0.0787079
RWEAE_weight        		 0.0787079
RWEAF_weight        		 0.0787079
RWEAG_weight        		 0.0787079
RWEAH_weight        		 0.0787079
RWEAI_weight        		 0.0787079
RWEAJ_weight        		 0.0787079
RWEAK_weight        		 0.0787079
RWEAL_weight        		 0.0782726
RWUS_weight         		 0.0559418
RWEAA_weightex      		 0.0782978
RWEAB_weightex      		 0.0782978
RWEAC_weightex      		 0.0782978
RWEAD_weightex      		 0.0782978
RWEAE_weightex      		 0.0782978
RWEAF_weightex      		 0.0782978
RWEAG_weightex      		 0.0782978
RWEAH_weightex      		 0.0782978
RWEAI_weightex      		 0.0782978
RWEAJ_weightex      		 0.0782978
RWEAK_weightex      		 0.0782978
RWEAL_weightex      		 0.0783421
RWUS_weightex       		 0.0603826
RWEAA_weightim      		 0.0791125
RWEAB_weightim      		 0.0791125
RWEAC_weightim      		 0.0791125
RWEAD_weightim      		 0.0791125
RWEAE_weightim      		 0.0791125
RWEAF_weightim      		 0.0791125
RWEAG_weightim      		 0.0791125
RWEAH_weightim      		 0.0791125
RWEAI_weightim      		 0.0791125
RWEAJ_weightim      		 0.0791125
RWEAK_weightim      		 0.0791125
RWEAL_weightim      		 0.0782041
RWUS_weightim       		 0.051561
RW_b                		 10.7785
RW_bf               		 1.36182
RW_by               		 2.4
RW_c                		 2.65294
RW_ci               		 3.1572
RW_cj               		 1.14015
RW_cy               		 0.590719
RW_d                		 0.334041
RW_dn               		 0.33404
RW_dt               		 9.06345e-07
RW_etot             		 1.04403
RW_ex               		 1.70568
RW_fh               		 2.33503
RW_fi               		 1310.14
RW_fj               		 48.5238
RW_fn               		 6.60987
RW_cg               		 0.735304
RW_gammab           		 0
RW_gammai           		 0
RW_gammaider        		 0
RW_gammau           		 0
RW_gammauder        		 0.0324171
RW_gammav           		 0.000267995
RW_gammavi          		 0.000101018
RW_gammavider       		 0.00216519
RW_gammavj          		 0.000101018
RW_gammavjder       		 0.00216519
RW_gh               		 2.80204
RW_gi               		 20.5448
RW_gj               		 18.9636
RW_gn               		 8.44595
RW_cgy              		 0.16
RW_ht               		 0.755284
RW_htc              		 0.204966
RW_hti              		 0.160067
RW_htcg             		 0.312201
RW_htig             		 0.0780502
RW_i                		 0.972159
RW_ig               		 0.183826
RW_ii               		 1.29621
RW_im               		 1.65259
RW_imc              		 0.732218
RW_imi              		 0.571828
RW_imcg             		 0.278831
RW_imig             		 0.0697077
RW_imy              		 0.364965
RW_internalrer      		 1.02723
RW_igy              		 0.04
RW_k                		 38.8864
RW_kd               		 38.8864
RW_kdn              		 17.0633
RW_kdt              		 21.8231
RW_ki               		 51.8485
RW_lambdai          		 0.975544
RW_lambdaj          		 2.70139
RW_lcy              		 0.647934
RW_m                		 1.11468
RW_mcn              		 0.789971
RW_mct              		 0.789971
RW_mi               		 1.32656
RW_mj               		 0.479056
RW_nd               		 2.23305
RW_ndi              		 0.927551
RW_ndj              		 1.39142
RW_ndn              		 0.97986
RW_ndt              		 1.25319
RW_ni               		 0.927551
RW_nj               		 1.39142
RW_nt               		 2.13801
RW_ntc              		 1.71653
RW_nti              		 0.240607
RW_ntcg             		 0.144698
RW_ntig             		 0.0361746
RW_pex              		 0.947965
RW_pht              		 0.947965
RW_phttilde         		 0.947965
RW_pi               		 0.989303
RW_pcg              		 0.977235
RW_pig              		 0.977235
RW_pic              		 1.00496
RW_pic4             		 1.02
RW_piex4            		 1.02
RW_piht             		 1.00496
RW_piimc            		 1.00496
RW_piimi            		 1.00496
RW_piimcg           		 1.00496
RW_piimig           		 1.00496
RW_piimc4           		 1.02
RW_pim              		 0.991819
RW_pimc             		 0.991822
RW_pimi             		 0.991822
RW_pimcg            		 0.991822
RW_pimig            		 0.991822
RW_pint             		 1.00496
RW_piw              		 1.00496
RW_piw4             		 1.02
RW_pnt              		 1.00941
RW_pnttilde         		 1.00941
RW_pttc             		 0.982646
RW_ptti             		 0.982647
RW_pttcg            		 0.969274
RW_pttig            		 0.969274
RW_py               		 0.976529
RW_q                		 0.989303
RW_qc               		 2.65321
RW_qi               		 0.972159
RW_qcg              		 0.735304
RW_qig              		 0.183826
RW_r                		 1.01242
RW_reer             		 1.12163
RW_rer              		 1.32568
RW_rerdep           		 1
RW_rk               		 0.0320703
RW_rp               		 0
RW_rr               		 1.00742
RW_rrstar           		 1.00742
RW_sh               		 1
RW_si               		 1
RW_sj               		 1
RW_snt              		 1
RW_t                		 0
RW_tauc             		 0.077
RW_taud             		 0
RW_tauk             		 0
RW_taun             		 0.154
RW_tauwf            		 0.071
RW_tauwh            		 0.071
RW_tb               		 -0.0221423
RW_tby              		 -0.00493033
RW_ti               		 0
RW_tj               		 0
RW_tot              		 1.36602
RW_tr               		 0.0368344
RW_tri              		 0.0245563
RW_trj              		 0.0736688
RW_try              		 0.00824603
RW_ttc              		 0.936787
RW_tti              		 0.731585
RW_ttcg             		 0.590654
RW_ttig             		 0.147664
RW_ty               		 0
RW_u                		 1
RW_utili            		 -43.5035
RW_utilj            		 -267.676
RW_vj               		 2.38
RW_w                		 1.21672
RW_wcst             		 0
RW_whty             		 0.653595
RW_wi               		 1.32003
RW_witilde          		 1.32003
RW_wj               		 1.07271
RW_wjtilde          		 1.07271
RW_wnty             		 0.55243
RW_wy               		 0.604981
RW_y                		 4.59898
RW_ygap             		 0
RW_ygrowth          		 1
RW_ygrowth4         		 1
RW_yhty             		 0.519459
RW_ynty             		 0.480541
RW_yshare           		 0.0784017
RW_ysn              		 2.13801
RW_yst              		 2.46097
RW_zcon             		 1
RW_zinv             		 1
RW_zn               		 1
RW_zt               		 1
RW_gammav1          		 0.0287061
RW_gammav2          		 0.150338
RW_nutc             		 0.199999
RW_nuti             		 0.199997
RW_nutcg            		 0.499994
RW_nutig            		 0.499994
RW_psit             		 0.2
RWEAA_rerbar        		 1.11013
RWEAB_rerbar        		 1.11013
RWEAC_rerbar        		 1.11013
RWEAD_rerbar        		 1.11013
RWEAE_rerbar        		 1.11013
RWEAF_rerbar        		 1.11013
RWEAG_rerbar        		 1.11013
RWEAH_rerbar        		 1.11013
RWEAI_rerbar        		 1.11013
RWEAJ_rerbar        		 1.11013
RWEAK_rerbar        		 1.11013
RWEAL_rerbar        		 1.11558
RWUS_rerbar         		 1.32568
RW_pibar            		 0.989303
RW_psinbar          		 0.171041
RW_psitbar          		 0.492192
RW_pybar            		 0.976529
RW_qbar             		 0.989303
RW_trybar           		 0.00820176
RW_ybar             		 4.59898
RW_ynbar            		 2.13801
RW_ytbar            		 2.46097
USEAA_excy          		 0.00575365
USEAB_excy          		 0.00575365
USEAC_excy          		 0.00575365
USEAD_excy          		 0.00575365
USEAE_excy          		 0.00575365
USEAF_excy          		 0.00575365
USEAG_excy          		 0.00575365
USEAH_excy          		 0.00575365
USEAI_excy          		 0.00575365
USEAJ_excy          		 0.00575365
USEAK_excy          		 0.00575365
USEAL_excy          		 0.0058747
USRW_excy           		 0.00592787
USEAA_exiy          		 0.00397016
USEAB_exiy          		 0.00397016
USEAC_exiy          		 0.00397016
USEAD_exiy          		 0.00397016
USEAE_exiy          		 0.00397016
USEAF_exiy          		 0.00397016
USEAG_exiy          		 0.00397016
USEAH_exiy          		 0.00397016
USEAI_exiy          		 0.00397016
USEAJ_exiy          		 0.00397016
USEAK_exiy          		 0.00397016
USEAL_exiy          		 0.00399617
USRW_exiy           		 0.00462939
US_fx               		 2.56641
USEAA_gammaimc      		 0
USEAB_gammaimc      		 0
USEAC_gammaimc      		 0
USEAD_gammaimc      		 0
USEAE_gammaimc      		 0
USEAF_gammaimc      		 0
USEAG_gammaimc      		 0
USEAH_gammaimc      		 0
USEAI_gammaimc      		 0
USEAJ_gammaimc      		 0
USEAK_gammaimc      		 0
USEAL_gammaimc      		 0
USRW_gammaimc       		 0
USEAA_gammaimcdag   		 1
USEAB_gammaimcdag   		 1
USEAC_gammaimcdag   		 1
USEAD_gammaimcdag   		 1
USEAE_gammaimcdag   		 1
USEAF_gammaimcdag   		 1
USEAG_gammaimcdag   		 1
USEAH_gammaimcdag   		 1
USEAI_gammaimcdag   		 1
USEAJ_gammaimcdag   		 1
USEAK_gammaimcdag   		 1
USEAL_gammaimcdag   		 1
USRW_gammaimcdag    		 1
USEAA_gammaimi      		 0
USEAB_gammaimi      		 0
USEAC_gammaimi      		 0
USEAD_gammaimi      		 0
USEAE_gammaimi      		 0
USEAF_gammaimi      		 0
USEAG_gammaimi      		 0
USEAH_gammaimi      		 0
USEAI_gammaimi      		 0
USEAJ_gammaimi      		 0
USEAK_gammaimi      		 0
USEAL_gammaimi      		 0
USRW_gammaimi       		 0
USEAA_gammaimidag   		 1
USEAB_gammaimidag   		 1
USEAC_gammaimidag   		 1
USEAD_gammaimidag   		 1
USEAE_gammaimidag   		 1
USEAF_gammaimidag   		 1
USEAG_gammaimidag   		 1
USEAH_gammaimidag   		 1
USEAI_gammaimidag   		 1
USEAJ_gammaimidag   		 1
USEAK_gammaimidag   		 1
USEAL_gammaimidag   		 1
USRW_gammaimidag    		 1
USEAA_gammaimcg     		 0
USEAB_gammaimcg     		 0
USEAC_gammaimcg     		 0
USEAD_gammaimcg     		 0
USEAE_gammaimcg     		 0
USEAF_gammaimcg     		 0
USEAG_gammaimcg     		 0
USEAH_gammaimcg     		 0
USEAI_gammaimcg     		 0
USEAJ_gammaimcg     		 0
USEAK_gammaimcg     		 0
USEAL_gammaimcg     		 0
USRW_gammaimcg      		 0
USEAA_gammaimcgdag  		 1
USEAB_gammaimcgdag  		 1
USEAC_gammaimcgdag  		 1
USEAD_gammaimcgdag  		 1
USEAE_gammaimcgdag  		 1
USEAF_gammaimcgdag  		 1
USEAG_gammaimcgdag  		 1
USEAH_gammaimcgdag  		 1
USEAI_gammaimcgdag  		 1
USEAJ_gammaimcgdag  		 1
USEAK_gammaimcgdag  		 1
USEAL_gammaimcgdag  		 1
USRW_gammaimcgdag   		 1
USEAA_gammaimig     		 0
USEAB_gammaimig     		 0
USEAC_gammaimig     		 0
USEAD_gammaimig     		 0
USEAE_gammaimig     		 0
USEAF_gammaimig     		 0
USEAG_gammaimig     		 0
USEAH_gammaimig     		 0
USEAI_gammaimig     		 0
USEAJ_gammaimig     		 0
USEAK_gammaimig     		 0
USEAL_gammaimig     		 0
USRW_gammaimig      		 0
USEAA_gammaimigdag  		 1
USEAB_gammaimigdag  		 1
USEAC_gammaimigdag  		 1
USEAD_gammaimigdag  		 1
USEAE_gammaimigdag  		 1
USEAF_gammaimigdag  		 1
USEAG_gammaimigdag  		 1
USEAH_gammaimigdag  		 1
USEAI_gammaimigdag  		 1
USEAJ_gammaimigdag  		 1
USEAK_gammaimigdag  		 1
USEAL_gammaimigdag  		 1
USRW_gammaimigdag   		 1
US_gx               		 3.07969
USEAA_im            		 0.0851966
USEAB_im            		 0.0851966
USEAC_im            		 0.0851966
USEAD_im            		 0.0851966
USEAE_im            		 0.0851966
USEAF_im            		 0.0851966
USEAG_im            		 0.0851966
USEAH_im            		 0.0851966
USEAI_im            		 0.0851966
USEAJ_im            		 0.0851966
USEAK_im            		 0.0851966
USEAL_im            		 0.0835726
USRW_im             		 0.0910339
USEAA_imc           		 0.0212205
USEAB_imc           		 0.0212205
USEAC_imc           		 0.0212205
USEAD_imc           		 0.0212205
USEAE_imc           		 0.0212205
USEAF_imc           		 0.0212205
USEAG_imc           		 0.0212205
USEAH_imc           		 0.0212205
USEAI_imc           		 0.0212205
USEAJ_imc           		 0.0212205
USEAK_imc           		 0.0212205
USEAL_imc           		 0.020816
USRW_imc            		 0.0226744
USEAL_imcy          		 0.00323261
USEAA_imi           		 0.0167944
USEAB_imi           		 0.0167944
USEAC_imi           		 0.0167944
USEAD_imi           		 0.0167944
USEAE_imi           		 0.0167944
USEAF_imi           		 0.0167944
USEAG_imi           		 0.0167944
USEAH_imi           		 0.0167944
USEAI_imi           		 0.0167944
USEAJ_imi           		 0.0167944
USEAK_imi           		 0.0167944
USEAL_imi           		 0.0164743
USRW_imi            		 0.0179451
USEAL_imiy          		 0.00255837
USEAA_imcg          		 0.0377454
USEAB_imcg          		 0.0377454
USEAC_imcg          		 0.0377454
USEAD_imcg          		 0.0377454
USEAE_imcg          		 0.0377454
USEAF_imcg          		 0.0377454
USEAG_imcg          		 0.0377454
USEAH_imcg          		 0.0377454
USEAI_imcg          		 0.0377454
USEAJ_imcg          		 0.0377454
USEAK_imcg          		 0.0377454
USEAL_imcg          		 0.0370259
USRW_imcg           		 0.0403316
USEAL_imcgy         		 0.00574994
USEAA_imig          		 0.00943636
USEAB_imig          		 0.00943636
USEAC_imig          		 0.00943636
USEAD_imig          		 0.00943636
USEAE_imig          		 0.00943636
USEAF_imig          		 0.00943636
USEAG_imig          		 0.00943636
USEAH_imig          		 0.00943636
USEAI_imig          		 0.00943636
USEAJ_imig          		 0.00943636
USEAK_imig          		 0.00943636
USEAL_imig          		 0.00925648
USRW_imig           		 0.0100829
USEAL_imigy         		 0.00143748
US_piex             		 1.00496
US_pextilde         		 0.976811
USEAA_rer           		 0.837405
USEAB_rer           		 0.837405
USEAC_rer           		 0.837405
USEAD_rer           		 0.837405
USEAE_rer           		 0.837405
USEAF_rer           		 0.837405
USEAG_rer           		 0.837405
USEAH_rer           		 0.837405
USEAI_rer           		 0.837405
USEAJ_rer           		 0.837405
USEAK_rer           		 0.837405
USEAL_rer           		 0.841513
USRW_rer            		 0.754331
US_sx               		 1
USEAA_tot           		 0.751728
USEAB_tot           		 0.751728
USEAC_tot           		 0.751728
USEAD_tot           		 0.751728
USEAE_tot           		 0.751728
USEAF_tot           		 0.751728
USEAG_tot           		 0.751728
USEAH_tot           		 0.751728
USEAI_tot           		 0.751728
USEAJ_tot           		 0.751728
USEAK_tot           		 0.751728
USEAL_tot           		 0.757537
USRW_tot            		 0.732054
USEAA_weight        		 0.0766227
USEAB_weight        		 0.0766227
USEAC_weight        		 0.0766227
USEAD_weight        		 0.0766227
USEAE_weight        		 0.0766227
USEAF_weight        		 0.0766227
USEAG_weight        		 0.0766227
USEAH_weight        		 0.0766227
USEAI_weight        		 0.0766227
USEAJ_weight        		 0.0766227
USEAK_weight        		 0.0766227
USEAL_weight        		 0.0761895
USRW_weight         		 0.0809626
USEAA_weightex      		 0.0764891
USEAB_weightex      		 0.0764891
USEAC_weightex      		 0.0764891
USEAD_weightex      		 0.0764891
USEAE_weightex      		 0.0764891
USEAF_weightex      		 0.0764891
USEAG_weightex      		 0.0764891
USEAH_weightex      		 0.0764891
USEAI_weightex      		 0.0764891
USEAJ_weightex      		 0.0764891
USEAK_weightex      		 0.0764891
USEAL_weightex      		 0.0765199
USRW_weightex       		 0.0821003
USEAA_weightim      		 0.0767517
USEAB_weightim      		 0.0767517
USEAC_weightim      		 0.0767517
USEAD_weightim      		 0.0767517
USEAE_weightim      		 0.0767517
USEAF_weightim      		 0.0767517
USEAG_weightim      		 0.0767517
USEAH_weightim      		 0.0767517
USEAI_weightim      		 0.0767517
USEAJ_weightim      		 0.0767517
USEAK_weightim      		 0.0767517
USEAL_weightim      		 0.0758705
USRW_weightim       		 0.0798641
US_b                		 11.4359
US_bf               		 2.29636
US_by               		 2.4
US_c                		 2.82137
US_ci               		 3.35962
US_cj               		 1.20659
US_cy               		 0.59211
US_d                		 0.362851
US_dn               		 0.362851
US_dt               		 3.36145e-07
US_etot             		 0.750555
US_ex               		 0.805608
US_fh               		 5.32814
US_fi               		 4606.96
US_fj               		 170.628
US_fn               		 7.17998
US_cg               		 0.873365
US_gammai           		 0
US_gammaider        		 0
US_gammau           		 0
US_gammauder        		 0.0324171
US_gammav           		 0.000285009
US_gammavi          		 0.000101018
US_gammavider       		 0.00216519
US_gammavj          		 0.000101018
US_gammavjder       		 0.00216519
US_gh               		 6.39377
US_gi               		 29.3594
US_gj               		 27.2493
US_gn               		 9.17441
US_cgy              		 0.16
US_ht               		 1.67253
US_htc              		 0.765885
US_hti              		 0.606139
US_htcg             		 0.240406
US_htig             		 0.0601016
US_i                		 1.06633
US_ig               		 0.218341
US_ii               		 1.42178
US_im               		 1.11169
US_imc              		 0.276895
US_imi              		 0.219142
US_imcg             		 0.492522
US_imig             		 0.12313
US_imy              		 0.171061
US_internalrer      		 1.12133
US_igy              		 0.04
US_k                		 42.6533
US_kd               		 42.6533
US_kdn              		 19.1985
US_kdt              		 23.4547
US_ki               		 56.871
US_lambdai          		 0.916767
US_lambdaj          		 2.55263
US_lcy              		 0.646695
US_m                		 1.18545
US_mcn              		 0.81401
US_mct              		 0.81401
US_mi               		 1.41161
US_mj               		 0.506972
US_nd               		 2.23169
US_ndi              		 0.925675
US_ndj              		 1.39218
US_ndn              		 1.0045
US_ndt              		 1.22719
US_ni               		 0.925675
US_nj               		 1.39218
US_nt               		 2.25383
US_ntc              		 1.79835
US_nti              		 0.255456
US_ntcg             		 0.16002
US_ntig             		 0.040005
US_pex              		 0.976811
US_pht              		 0.976811
US_phttilde         		 0.976811
US_pi               		 0.955111
US_pcg              		 0.872934
US_pig              		 0.872934
US_pic              		 1.00496
US_pic4             		 1.02
US_piex4            		 1.02
US_piht             		 1.00496
US_piimc            		 1.00496
US_piimi            		 1.00496
US_piimcg           		 1.00496
US_piimig           		 1.00496
US_piimc4           		 1.02
US_pim              		 0.7332
US_pimc             		 0.733203
US_pimi             		 0.733203
US_pimcg            		 0.733203
US_pimig            		 0.733203
US_pint             		 1.00496
US_piw              		 1.00496
US_piw4             		 1.02
US_pnt              		 1.04012
US_pnttilde         		 1.04012
US_pttc             		 0.927579
US_ptti             		 0.927579
US_pttcg            		 0.833424
US_pttig            		 0.833424
US_py               		 1.00697
US_q                		 0.955111
US_qc               		 2.82165
US_qi               		 1.06633
US_qcg              		 0.873365
US_qig              		 0.218341
US_r                		 1.01242
US_reer             		 0.830661
US_rer              		 1
US_rk               		 0.0309619
US_rr               		 1.00742
US_rrstar           		 1.00742
US_sh               		 1
US_si               		 1
US_sj               		 1
US_snt              		 1
US_t                		 0
US_tauc             		 0.077
US_taud             		 0
US_tauk             		 0
US_taun             		 0.154
US_tauwf            		 0.071
US_tauwh            		 0.071
US_tb               		 -0.0281658
US_tby              		 -0.00591105
US_ti               		 0
US_tj               		 0
US_tr               		 0.0379724
US_tri              		 0.0253149
US_trj              		 0.0759447
US_try              		 0.00801349
US_ttc              		 1.02541
US_tti              		 0.811531
US_ttcg             		 0.715061
US_ttig             		 0.178765
US_ty               		 0
US_u                		 1
US_utili            		 -34.8443
US_utilj            		 -260.184
US_vj               		 2.38
US_w                		 1.28924
US_wcst             		 0
US_whty             		 0.653595
US_wi               		 1.39899
US_witilde          		 1.39899
US_wj               		 1.13647
US_wjtilde          		 1.13647
US_wnty             		 0.55243
US_wy               		 0.603823
US_y                		 4.73197
US_ygap             		 0
US_ygrowth          		 1
US_ygrowth4         		 1
US_yhty             		 0.508018
US_ynty             		 0.491982
US_yshare           		 0.110274
US_ysn              		 2.25383
US_yst              		 2.47814
US_zcon             		 1
US_zinv             		 1
US_zn               		 1
US_zt               		 1
US_gammav1          		 0.0287061
US_gammav2          		 0.150338
US_nutc             		 0.849996
US_nuti             		 0.849996
US_nutcg            		 0.499993
US_nutig            		 0.499993
US_psit             		 0.2
USEAA_rerbar        		 0.837405
USEAB_rerbar        		 0.837405
USEAC_rerbar        		 0.837405
USEAD_rerbar        		 0.837405
USEAE_rerbar        		 0.837405
USEAF_rerbar        		 0.837405
USEAG_rerbar        		 0.837405
USEAH_rerbar        		 0.837405
USEAI_rerbar        		 0.837405
USEAJ_rerbar        		 0.837405
USEAK_rerbar        		 0.837405
USEAL_rerbar        		 0.841513
USRW_rerbar         		 0.754331
US_pibar            		 0.955111
US_psinbar          		 0.180307
US_psitbar          		 0.495628
US_pybar            		 1.00697
US_qbar             		 0.955111
US_trybar           		 0.00796912
US_ybar             		 4.73197
US_ynbar            		 2.25383
US_ytbar            		 2.47814
EAAEAB_numc         		 0.0769234
EAAEAB_numi         		 0.0769234
EAAEAB_numcg        		 0.0769234
EAAEAB_numig        		 0.0769234
EAAEAC_numc         		 0.0769234
EAAEAC_numi         		 0.0769234
EAAEAC_numcg        		 0.0769234
EAAEAC_numig        		 0.0769234
EAAEAD_numc         		 0.0769234
EAAEAD_numi         		 0.0769234
EAAEAD_numcg        		 0.0769234
EAAEAD_numig        		 0.0769234
EAAEAE_numc         		 0.0769234
EAAEAE_numi         		 0.0769234
EAAEAE_numcg        		 0.0769234
EAAEAE_numig        		 0.0769234
EAAEAF_numc         		 0.0769234
EAAEAF_numi         		 0.0769234
EAAEAF_numcg        		 0.0769234
EAAEAF_numig        		 0.0769234
EAAEAG_numc         		 0.0769234
EAAEAG_numi         		 0.0769234
EAAEAG_numcg        		 0.0769234
EAAEAG_numig        		 0.0769234
EAAEAH_numc         		 0.0769234
EAAEAH_numi         		 0.0769234
EAAEAH_numcg        		 0.0769234
EAAEAH_numig        		 0.0769234
EAAEAI_numc         		 0.0769234
EAAEAI_numi         		 0.0769234
EAAEAI_numcg        		 0.0769234
EAAEAI_numig        		 0.0769234
EAAEAJ_numc         		 0.0769234
EAAEAJ_numi         		 0.0769234
EAAEAJ_numcg        		 0.0769234
EAAEAJ_numig        		 0.0769234
EAAEAK_numc         		 0.0769234
EAAEAK_numi         		 0.0769234
EAAEAK_numcg        		 0.0769234
EAAEAK_numig        		 0.0769234
EAAEAL_numc         		 0.0769234
EAAEAL_numi         		 0.0769234
EAAEAL_numcg        		 0.0769234
EAAEAL_numig        		 0.0769234
EAAUS_numc          		 0.0769209
EAAUS_numi          		 0.0769209
EAAUS_numcg         		 0.0769209
EAAUS_numig         		 0.0769209
EABEAA_numc         		 0.0769234
EABEAA_numi         		 0.0769234
EABEAA_numcg        		 0.0769234
EABEAA_numig        		 0.0769234
EABEAC_numc         		 0.0769234
EABEAC_numi         		 0.0769234
EABEAC_numcg        		 0.0769234
EABEAC_numig        		 0.0769234
EABEAD_numc         		 0.0769234
EABEAD_numi         		 0.0769234
EABEAD_numcg        		 0.0769234
EABEAD_numig        		 0.0769234
EABEAE_numc         		 0.0769234
EABEAE_numi         		 0.0769234
EABEAE_numcg        		 0.0769234
EABEAE_numig        		 0.0769234
EABEAF_numc         		 0.0769234
EABEAF_numi         		 0.0769234
EABEAF_numcg        		 0.0769234
EABEAF_numig        		 0.0769234
EABEAG_numc         		 0.0769234
EABEAG_numi         		 0.0769234
EABEAG_numcg        		 0.0769234
EABEAG_numig        		 0.0769234
EABEAH_numc         		 0.0769234
EABEAH_numi         		 0.0769234
EABEAH_numcg        		 0.0769234
EABEAH_numig        		 0.0769234
EABEAI_numc         		 0.0769234
EABEAI_numi         		 0.0769234
EABEAI_numcg        		 0.0769234
EABEAI_numig        		 0.0769234
EABEAJ_numc         		 0.0769234
EABEAJ_numi         		 0.0769234
EABEAJ_numcg        		 0.0769234
EABEAJ_numig        		 0.0769234
EABEAK_numc         		 0.0769234
EABEAK_numi         		 0.0769234
EABEAK_numcg        		 0.0769234
EABEAK_numig        		 0.0769234
EABEAL_numc         		 0.0769234
EABEAL_numi         		 0.0769234
EABEAL_numcg        		 0.0769234
EABEAL_numig        		 0.0769234
EABRW_numc          		 0.0769213
EABRW_numi          		 0.0769213
EABRW_numcg         		 0.0769213
EABRW_numig         		 0.0769213
EACEAB_numc         		 0.0769234
EACEAB_numi         		 0.0769234
EACEAB_numcg        		 0.0769234
EACEAB_numig        		 0.0769234
EACEAD_numc         		 0.0769234
EACEAD_numi         		 0.0769234
EACEAD_numcg        		 0.0769234
EACEAD_numig        		 0.0769234
EACEAE_numc         		 0.0769234
EACEAE_numi         		 0.0769234
EACEAE_numcg        		 0.0769234
EACEAE_numig        		 0.0769234
EACEAF_numc         		 0.0769234
EACEAF_numi         		 0.0769234
EACEAF_numcg        		 0.0769234
EACEAF_numig        		 0.0769234
EACEAG_numc         		 0.0769234
EACEAG_numi         		 0.0769234
EACEAG_numcg        		 0.0769234
EACEAG_numig        		 0.0769234
EACEAH_numc         		 0.0769234
EACEAH_numi         		 0.0769234
EACEAH_numcg        		 0.0769234
EACEAH_numig        		 0.0769234
EACEAI_numc         		 0.0769234
EACEAI_numi         		 0.0769234
EACEAI_numcg        		 0.0769234
EACEAI_numig        		 0.0769234
EACEAJ_numc         		 0.0769234
EACEAJ_numi         		 0.0769234
EACEAJ_numcg        		 0.0769234
EACEAJ_numig        		 0.0769234
EACEAK_numc         		 0.0769234
EACEAK_numi         		 0.0769234
EACEAK_numcg        		 0.0769234
EACEAK_numig        		 0.0769234
EACEAL_numc         		 0.0769234
EACEAL_numi         		 0.0769234
EACEAL_numcg        		 0.0769234
EACEAL_numig        		 0.0769234
EACRW_numc          		 0.0769213
EACRW_numi          		 0.0769213
EACRW_numcg         		 0.0769213
EACRW_numig         		 0.0769213
EACUS_numc          		 0.0769209
EACUS_numi          		 0.0769209
EACUS_numcg         		 0.0769209
EACUS_numig         		 0.0769209
EADEAA_numc         		 0.0769234
EADEAA_numi         		 0.0769234
EADEAA_numcg        		 0.0769234
EADEAA_numig        		 0.0769234
EADEAC_numc         		 0.0769234
EADEAC_numi         		 0.0769234
EADEAC_numcg        		 0.0769234
EADEAC_numig        		 0.0769234
EADEAE_numc         		 0.0769234
EADEAE_numi         		 0.0769234
EADEAE_numcg        		 0.0769234
EADEAE_numig        		 0.0769234
EADEAF_numc         		 0.0769234
EADEAF_numi         		 0.0769234
EADEAF_numcg        		 0.0769234
EADEAF_numig        		 0.0769234
EADEAG_numc         		 0.0769234
EADEAG_numi         		 0.0769234
EADEAG_numcg        		 0.0769234
EADEAG_numig        		 0.0769234
EADEAH_numc         		 0.0769234
EADEAH_numi         		 0.0769234
EADEAH_numcg        		 0.0769234
EADEAH_numig        		 0.0769234
EADEAI_numc         		 0.0769234
EADEAI_numi         		 0.0769234
EADEAI_numcg        		 0.0769234
EADEAI_numig        		 0.0769234
EADEAJ_numc         		 0.0769234
EADEAJ_numi         		 0.0769234
EADEAJ_numcg        		 0.0769234
EADEAJ_numig        		 0.0769234
EADEAK_numc         		 0.0769234
EADEAK_numi         		 0.0769234
EADEAK_numcg        		 0.0769234
EADEAK_numig        		 0.0769234
EADEAL_numc         		 0.0769234
EADEAL_numi         		 0.0769234
EADEAL_numcg        		 0.0769234
EADEAL_numig        		 0.0769234
EADRW_numc          		 0.0769213
EADRW_numi          		 0.0769213
EADRW_numcg         		 0.0769213
EADRW_numig         		 0.0769213
EADUS_numc          		 0.0769209
EADUS_numi          		 0.0769209
EADUS_numcg         		 0.0769209
EADUS_numig         		 0.0769209
EAEEAA_numc         		 0.0769234
EAEEAA_numi         		 0.0769234
EAEEAA_numcg        		 0.0769234
EAEEAA_numig        		 0.0769234
EAEEAB_numc         		 0.0769234
EAEEAB_numi         		 0.0769234
EAEEAB_numcg        		 0.0769234
EAEEAB_numig        		 0.0769234
EAEEAD_numc         		 0.0769234
EAEEAD_numi         		 0.0769234
EAEEAD_numcg        		 0.0769234
EAEEAD_numig        		 0.0769234
EAEEAF_numc         		 0.0769234
EAEEAF_numi         		 0.0769234
EAEEAF_numcg        		 0.0769234
EAEEAF_numig        		 0.0769234
EAEEAG_numc         		 0.0769234
EAEEAG_numi         		 0.0769234
EAEEAG_numcg        		 0.0769234
EAEEAG_numig        		 0.0769234
EAEEAH_numc         		 0.0769234
EAEEAH_numi         		 0.0769234
EAEEAH_numcg        		 0.0769234
EAEEAH_numig        		 0.0769234
EAEEAI_numc         		 0.0769234
EAEEAI_numi         		 0.0769234
EAEEAI_numcg        		 0.0769234
EAEEAI_numig        		 0.0769234
EAEEAJ_numc         		 0.0769234
EAEEAJ_numi         		 0.0769234
EAEEAJ_numcg        		 0.0769234
EAEEAJ_numig        		 0.0769234
EAEEAK_numc         		 0.0769234
EAEEAK_numi         		 0.0769234
EAEEAK_numcg        		 0.0769234
EAEEAK_numig        		 0.0769234
EAEEAL_numc         		 0.0769234
EAEEAL_numi         		 0.0769234
EAEEAL_numcg        		 0.0769234
EAEEAL_numig        		 0.0769234
EAERW_numc          		 0.0769213
EAERW_numi          		 0.0769213
EAERW_numcg         		 0.0769213
EAERW_numig         		 0.0769213
EAEUS_numc          		 0.0769209
EAEUS_numi          		 0.0769209
EAEUS_numcg         		 0.0769209
EAEUS_numig         		 0.0769209
EAFEAA_numc         		 0.0769234
EAFEAA_numi         		 0.0769234
EAFEAA_numcg        		 0.0769234
EAFEAA_numig        		 0.0769234
EAFEAB_numc         		 0.0769234
EAFEAB_numi         		 0.0769234
EAFEAB_numcg        		 0.0769234
EAFEAB_numig        		 0.0769234
EAFEAC_numc         		 0.0769234
EAFEAC_numi         		 0.0769234
EAFEAC_numcg        		 0.0769234
EAFEAC_numig        		 0.0769234
EAFEAE_numc         		 0.0769234
EAFEAE_numi         		 0.0769234
EAFEAE_numcg        		 0.0769234
EAFEAE_numig        		 0.0769234
EAFEAG_numc         		 0.0769234
EAFEAG_numi         		 0.0769234
EAFEAG_numcg        		 0.0769234
EAFEAG_numig        		 0.0769234
EAFEAH_numc         		 0.0769234
EAFEAH_numi         		 0.0769234
EAFEAH_numcg        		 0.0769234
EAFEAH_numig        		 0.0769234
EAFEAI_numc         		 0.0769234
EAFEAI_numi         		 0.0769234
EAFEAI_numcg        		 0.0769234
EAFEAI_numig        		 0.0769234
EAFEAJ_numc         		 0.0769234
EAFEAJ_numi         		 0.0769234
EAFEAJ_numcg        		 0.0769234
EAFEAJ_numig        		 0.0769234
EAFEAK_numc         		 0.0769234
EAFEAK_numi         		 0.0769234
EAFEAK_numcg        		 0.0769234
EAFEAK_numig        		 0.0769234
EAFEAL_numc         		 0.0769234
EAFEAL_numi         		 0.0769234
EAFEAL_numcg        		 0.0769234
EAFEAL_numig        		 0.0769234
EAFRW_numc          		 0.0769213
EAFRW_numi          		 0.0769213
EAFRW_numcg         		 0.0769213
EAFRW_numig         		 0.0769213
EAFUS_numc          		 0.0769209
EAFUS_numi          		 0.0769209
EAFUS_numcg         		 0.0769209
EAFUS_numig         		 0.0769209
EAGEAA_numc         		 0.0769234
EAGEAA_numi         		 0.0769234
EAGEAA_numcg        		 0.0769234
EAGEAA_numig        		 0.0769234
EAGEAB_numc         		 0.0769234
EAGEAB_numi         		 0.0769234
EAGEAB_numcg        		 0.0769234
EAGEAB_numig        		 0.0769234
EAGEAC_numc         		 0.0769234
EAGEAC_numi         		 0.0769234
EAGEAC_numcg        		 0.0769234
EAGEAC_numig        		 0.0769234
EAGEAD_numc         		 0.0769234
EAGEAD_numi         		 0.0769234
EAGEAD_numcg        		 0.0769234
EAGEAD_numig        		 0.0769234
EAGEAF_numc         		 0.0769234
EAGEAF_numi         		 0.0769234
EAGEAF_numcg        		 0.0769234
EAGEAF_numig        		 0.0769234
EAGEAH_numc         		 0.0769234
EAGEAH_numi         		 0.0769234
EAGEAH_numcg        		 0.0769234
EAGEAH_numig        		 0.0769234
EAGEAI_numc         		 0.0769234
EAGEAI_numi         		 0.0769234
EAGEAI_numcg        		 0.0769234
EAGEAI_numig        		 0.0769234
EAGEAJ_numc         		 0.0769234
EAGEAJ_numi         		 0.0769234
EAGEAJ_numcg        		 0.0769234
EAGEAJ_numig        		 0.0769234
EAGEAK_numc         		 0.0769234
EAGEAK_numi         		 0.0769234
EAGEAK_numcg        		 0.0769234
EAGEAK_numig        		 0.0769234
EAGEAL_numc         		 0.0769234
EAGEAL_numi         		 0.0769234
EAGEAL_numcg        		 0.0769234
EAGEAL_numig        		 0.0769234
EAGRW_numc          		 0.0769213
EAGRW_numi          		 0.0769213
EAGRW_numcg         		 0.0769213
EAGRW_numig         		 0.0769213
EAGUS_numc          		 0.0769209
EAGUS_numi          		 0.0769209
EAGUS_numcg         		 0.0769209
EAGUS_numig         		 0.0769209
EAHEAA_numc         		 0.0769234
EAHEAA_numi         		 0.0769234
EAHEAA_numcg        		 0.0769234
EAHEAA_numig        		 0.0769234
EAHEAB_numc         		 0.0769234
EAHEAB_numi         		 0.0769234
EAHEAB_numcg        		 0.0769234
EAHEAB_numig        		 0.0769234
EAHEAC_numc         		 0.0769234
EAHEAC_numi         		 0.0769234
EAHEAC_numcg        		 0.0769234
EAHEAC_numig        		 0.0769234
EAHEAD_numc         		 0.0769234
EAHEAD_numi         		 0.0769234
EAHEAD_numcg        		 0.0769234
EAHEAD_numig        		 0.0769234
EAHEAE_numc         		 0.0769234
EAHEAE_numi         		 0.0769234
EAHEAE_numcg        		 0.0769234
EAHEAE_numig        		 0.0769234
EAHEAG_numc         		 0.0769234
EAHEAG_numi         		 0.0769234
EAHEAG_numcg        		 0.0769234
EAHEAG_numig        		 0.0769234
EAHEAI_numc         		 0.0769234
EAHEAI_numi         		 0.0769234
EAHEAI_numcg        		 0.0769234
EAHEAI_numig        		 0.0769234
EAHEAJ_numc         		 0.0769234
EAHEAJ_numi         		 0.0769234
EAHEAJ_numcg        		 0.0769234
EAHEAJ_numig        		 0.0769234
EAHEAK_numc         		 0.0769234
EAHEAK_numi         		 0.0769234
EAHEAK_numcg        		 0.0769234
EAHEAK_numig        		 0.0769234
EAHEAL_numc         		 0.0769234
EAHEAL_numi         		 0.0769234
EAHEAL_numcg        		 0.0769234
EAHEAL_numig        		 0.0769234
EAHRW_numc          		 0.0769213
EAHRW_numi          		 0.0769213
EAHRW_numcg         		 0.0769213
EAHRW_numig         		 0.0769213
EAHUS_numc          		 0.0769209
EAHUS_numi          		 0.0769209
EAHUS_numcg         		 0.0769209
EAHUS_numig         		 0.0769209
EAIEAA_numc         		 0.0769234
EAIEAA_numi         		 0.0769234
EAIEAA_numcg        		 0.0769234
EAIEAA_numig        		 0.0769234
EAIEAB_numc         		 0.0769234
EAIEAB_numi         		 0.0769234
EAIEAB_numcg        		 0.0769234
EAIEAB_numig        		 0.0769234
EAIEAC_numc         		 0.0769234
EAIEAC_numi         		 0.0769234
EAIEAC_numcg        		 0.0769234
EAIEAC_numig        		 0.0769234
EAIEAD_numc         		 0.0769234
EAIEAD_numi         		 0.0769234
EAIEAD_numcg        		 0.0769234
EAIEAD_numig        		 0.0769234
EAIEAE_numc         		 0.0769234
EAIEAE_numi         		 0.0769234
EAIEAE_numcg        		 0.0769234
EAIEAE_numig        		 0.0769234
EAIEAF_numc         		 0.0769234
EAIEAF_numi         		 0.0769234
EAIEAF_numcg        		 0.0769234
EAIEAF_numig        		 0.0769234
EAIEAH_numc         		 0.0769234
EAIEAH_numi         		 0.0769234
EAIEAH_numcg        		 0.0769234
EAIEAH_numig        		 0.0769234
EAIEAJ_numc         		 0.0769234
EAIEAJ_numi         		 0.0769234
EAIEAJ_numcg        		 0.0769234
EAIEAJ_numig        		 0.0769234
EAIEAK_numc         		 0.0769234
EAIEAK_numi         		 0.0769234
EAIEAK_numcg        		 0.0769234
EAIEAK_numig        		 0.0769234
EAIEAL_numc         		 0.0769234
EAIEAL_numi         		 0.0769234
EAIEAL_numcg        		 0.0769234
EAIEAL_numig        		 0.0769234
EAIRW_numc          		 0.0769213
EAIRW_numi          		 0.0769213
EAIRW_numcg         		 0.0769213
EAIRW_numig         		 0.0769213
EAIUS_numc          		 0.0769209
EAIUS_numi          		 0.0769209
EAIUS_numcg         		 0.0769209
EAIUS_numig         		 0.0769209
EAJEAA_numc         		 0.0769234
EAJEAA_numi         		 0.0769234
EAJEAA_numcg        		 0.0769234
EAJEAA_numig        		 0.0769234
EAJEAB_numc         		 0.0769234
EAJEAB_numi         		 0.0769234
EAJEAB_numcg        		 0.0769234
EAJEAB_numig        		 0.0769234
EAJEAC_numc         		 0.0769234
EAJEAC_numi         		 0.0769234
EAJEAC_numcg        		 0.0769234
EAJEAC_numig        		 0.0769234
EAJEAD_numc         		 0.0769234
EAJEAD_numi         		 0.0769234
EAJEAD_numcg        		 0.0769234
EAJEAD_numig        		 0.0769234
EAJEAE_numc         		 0.0769234
EAJEAE_numi         		 0.0769234
EAJEAE_numcg        		 0.0769234
EAJEAE_numig        		 0.0769234
EAJEAF_numc         		 0.0769234
EAJEAF_numi         		 0.0769234
EAJEAF_numcg        		 0.0769234
EAJEAF_numig        		 0.0769234
EAJEAG_numc         		 0.0769234
EAJEAG_numi         		 0.0769234
EAJEAG_numcg        		 0.0769234
EAJEAG_numig        		 0.0769234
EAJEAI_numc         		 0.0769234
EAJEAI_numi         		 0.0769234
EAJEAI_numcg        		 0.0769234
EAJEAI_numig        		 0.0769234
EAJEAK_numc         		 0.0769234
EAJEAK_numi         		 0.0769234
EAJEAK_numcg        		 0.0769234
EAJEAK_numig        		 0.0769234
EAJEAL_numc         		 0.0769234
EAJEAL_numi         		 0.0769234
EAJEAL_numcg        		 0.0769234
EAJEAL_numig        		 0.0769234
EAJRW_numc          		 0.0769213
EAJRW_numi          		 0.0769213
EAJRW_numcg         		 0.0769213
EAJRW_numig         		 0.0769213
EAJUS_numc          		 0.0769209
EAJUS_numi          		 0.0769209
EAJUS_numcg         		 0.0769209
EAJUS_numig         		 0.0769209
EAKEAA_numc         		 0.0769234
EAKEAA_numi         		 0.0769234
EAKEAA_numcg        		 0.0769234
EAKEAA_numig        		 0.0769234
EAKEAB_numc         		 0.0769234
EAKEAB_numi         		 0.0769234
EAKEAB_numcg        		 0.0769234
EAKEAB_numig        		 0.0769234
EAKEAC_numc         		 0.0769234
EAKEAC_numi         		 0.0769234
EAKEAC_numcg        		 0.0769234
EAKEAC_numig        		 0.0769234
EAKEAD_numc         		 0.0769234
EAKEAD_numi         		 0.0769234
EAKEAD_numcg        		 0.0769234
EAKEAD_numig        		 0.0769234
EAKEAE_numc         		 0.0769234
EAKEAE_numi         		 0.0769234
EAKEAE_numcg        		 0.0769234
EAKEAE_numig        		 0.0769234
EAKEAF_numc         		 0.0769234
EAKEAF_numi         		 0.0769234
EAKEAF_numcg        		 0.0769234
EAKEAF_numig        		 0.0769234
EAKEAG_numc         		 0.0769234
EAKEAG_numi         		 0.0769234
EAKEAG_numcg        		 0.0769234
EAKEAG_numig        		 0.0769234
EAKEAH_numc         		 0.0769234
EAKEAH_numi         		 0.0769234
EAKEAH_numcg        		 0.0769234
EAKEAH_numig        		 0.0769234
EAKEAJ_numc         		 0.0769234
EAKEAJ_numi         		 0.0769234
EAKEAJ_numcg        		 0.0769234
EAKEAJ_numig        		 0.0769234
EAKEAL_numc         		 0.0769234
EAKEAL_numi         		 0.0769234
EAKEAL_numcg        		 0.0769234
EAKEAL_numig        		 0.0769234
EAKRW_numc          		 0.0769213
EAKRW_numi          		 0.0769213
EAKRW_numcg         		 0.0769213
EAKRW_numig         		 0.0769213
EAKUS_numc          		 0.0769209
EAKUS_numi          		 0.0769209
EAKUS_numcg         		 0.0769209
EAKUS_numig         		 0.0769209
EALEAA_numc         		 0.0769234
EALEAA_numi         		 0.0769234
EALEAA_numcg        		 0.0769234
EALEAA_numig        		 0.0769234
EALEAB_numc         		 0.0769234
EALEAB_numi         		 0.0769234
EALEAB_numcg        		 0.0769234
EALEAB_numig        		 0.0769234
EALEAC_numc         		 0.0769234
EALEAC_numi         		 0.0769234
EALEAC_numcg        		 0.0769234
EALEAC_numig        		 0.0769234
EALEAD_numc         		 0.0769234
EALEAD_numi         		 0.0769234
EALEAD_numcg        		 0.0769234
EALEAD_numig        		 0.0769234
EALEAE_numc         		 0.0769234
EALEAE_numi         		 0.0769234
EALEAE_numcg        		 0.0769234
EALEAE_numig        		 0.0769234
EALEAF_numc         		 0.0769234
EALEAF_numi         		 0.0769234
EALEAF_numcg        		 0.0769234
EALEAF_numig        		 0.0769234
EALEAG_numc         		 0.0769234
EALEAG_numi         		 0.0769234
EALEAG_numcg        		 0.0769234
EALEAG_numig        		 0.0769234
EALEAH_numc         		 0.0769234
EALEAH_numi         		 0.0769234
EALEAH_numcg        		 0.0769234
EALEAH_numig        		 0.0769234
EALEAI_numc         		 0.0769234
EALEAI_numi         		 0.0769234
EALEAI_numcg        		 0.0769234
EALEAI_numig        		 0.0769234
EALEAK_numc         		 0.0769234
EALEAK_numi         		 0.0769234
EALEAK_numcg        		 0.0769234
EALEAK_numig        		 0.0769234
EALRW_numc          		 0.0769213
EALRW_numi          		 0.0769213
EALRW_numcg         		 0.0769213
EALRW_numig         		 0.0769213
EALUS_numc          		 0.0769209
EALUS_numi          		 0.0769209
EALUS_numcg         		 0.0769209
EALUS_numig         		 0.0769209
RWEAA_numc          		 0.0769233
RWEAA_numi          		 0.0769233
RWEAA_numcg         		 0.0769233
RWEAA_numig         		 0.0769233
RWEAB_numc          		 0.0769233
RWEAB_numi          		 0.0769233
RWEAB_numcg         		 0.0769233
RWEAB_numig         		 0.0769233
RWEAC_numc          		 0.0769233
RWEAC_numi          		 0.0769233
RWEAC_numcg         		 0.0769233
RWEAC_numig         		 0.0769233
RWEAD_numc          		 0.0769233
RWEAD_numi          		 0.0769233
RWEAD_numcg         		 0.0769233
RWEAD_numig         		 0.0769233
RWEAE_numc          		 0.0769233
RWEAE_numi          		 0.0769233
RWEAE_numcg         		 0.0769233
RWEAE_numig         		 0.0769233
RWEAF_numc          		 0.0769233
RWEAF_numi          		 0.0769233
RWEAF_numcg         		 0.0769233
RWEAF_numig         		 0.0769233
RWEAG_numc          		 0.0769233
RWEAG_numi          		 0.0769233
RWEAG_numcg         		 0.0769233
RWEAG_numig         		 0.0769233
RWEAH_numc          		 0.0769233
RWEAH_numi          		 0.0769233
RWEAH_numcg         		 0.0769233
RWEAH_numig         		 0.0769233
RWEAI_numc          		 0.0769233
RWEAI_numi          		 0.0769233
RWEAI_numcg         		 0.0769233
RWEAI_numig         		 0.0769233
RWEAJ_numc          		 0.0769233
RWEAJ_numi          		 0.0769233
RWEAJ_numcg         		 0.0769233
RWEAJ_numig         		 0.0769233
RWEAL_numc          		 0.0769232
RWEAL_numi          		 0.0769232
RWEAL_numcg         		 0.0769232
RWEAL_numig         		 0.0769232
RWUS_numc           		 0.0769207
RWUS_numi           		 0.0769207
RWUS_numcg          		 0.0769207
RWUS_numig          		 0.0769207
USEAA_numc          		 0.0769232
USEAA_numi          		 0.0769232
USEAA_numcg         		 0.0769232
USEAA_numig         		 0.0769232
USEAB_numc          		 0.0769232
USEAB_numi          		 0.0769232
USEAB_numcg         		 0.0769232
USEAB_numig         		 0.0769232
USEAC_numc          		 0.0769232
USEAC_numi          		 0.0769232
USEAC_numcg         		 0.0769232
USEAC_numig         		 0.0769232
USEAD_numc          		 0.0769232
USEAD_numi          		 0.0769232
USEAD_numcg         		 0.0769232
USEAD_numig         		 0.0769232
USEAE_numc          		 0.0769232
USEAE_numi          		 0.0769232
USEAE_numcg         		 0.0769232
USEAE_numig         		 0.0769232
USEAF_numc          		 0.0769232
USEAF_numi          		 0.0769232
USEAF_numcg         		 0.0769232
USEAF_numig         		 0.0769232
USEAG_numc          		 0.0769232
USEAG_numi          		 0.0769232
USEAG_numcg         		 0.0769232
USEAG_numig         		 0.0769232
USEAH_numc          		 0.0769232
USEAH_numi          		 0.0769232
USEAH_numcg         		 0.0769232
USEAH_numig         		 0.0769232
USEAI_numc          		 0.0769232
USEAI_numi          		 0.0769232
USEAI_numcg         		 0.0769232
USEAI_numig         		 0.0769232
USEAJ_numc          		 0.0769232
USEAJ_numi          		 0.0769232
USEAJ_numcg         		 0.0769232
USEAJ_numig         		 0.0769232
USEAK_numc          		 0.0769232
USEAK_numi          		 0.0769232
USEAK_numcg         		 0.0769232
USEAK_numig         		 0.0769232
USRW_numc           		 0.0769211
USRW_numi           		 0.0769211
USRW_numcg          		 0.0769211
USRW_numig          		 0.0769211
EAAEAL_nerdep       		 1
EAA_gammabh         		 0
EABEAL_nerdep       		 1
EAB_gammabh         		 0
EACEAL_nerdep       		 1
EAC_gammabh         		 0
EADEAL_nerdep       		 1
EAD_gammabh         		 0
EAEEAL_nerdep       		 1
EAE_gammabh         		 0
EAFEAL_nerdep       		 1
EAF_gammabh         		 0
EAGEAL_nerdep       		 1
EAG_gammabh         		 0
EAHEAL_nerdep       		 1
EAH_gammabh         		 0
EAIEAL_nerdep       		 1
EAI_gammabh         		 0
EAJEAL_nerdep       		 1
EAJ_gammabh         		 0
EAKEAL_nerdep       		 1
EAK_gammabh         		 0
EAA_bh              		 0
EAB_bh              		 0
EAC_bh              		 0
EAD_bh              		 0
EAE_bh              		 1.91275e-17
EAF_bh              		 -5.55112e-17
EAG_bh              		 0
EAH_bh              		 0
EAI_bh              		 0
EAJ_bh              		 0
EAK_bh              		 0
EAL_bh              		 -7.21645e-16
iy
HOMOTOPY mode 1: computing step 0/5...
HOMOTOPY mode 1: computing step 1/5...
MODEL STEADY STATE: (method=Sparse Gaussian Elimination)
------------------------------------
      Iteration no. 1
      Inf-norm error = 3.405e-03
      2-norm error   = 1.241e-02
      1-norm error   = 4.635e-02
------------------------------------
MODEL STEADY STATE: (method=Sparse Gaussian Elimination)
------------------------------------
      Iteration no. 2
      Inf-norm error = 6.476e-03
      2-norm error   = 1.213e-02
      1-norm error   = 4.900e-02
------------------------------------
MODEL STEADY STATE: (method=Sparse Gaussian Elimination)
------------------------------------
      Iteration no. 3
      Inf-norm error = 7.485e-03
      2-norm error   = 1.179e-02
      1-norm error   = 4.595e-02
------------------------------------
MODEL STEADY STATE: (method=Sparse Gaussian Elimination)
------------------------------------
      Iteration no. 4
      Inf-norm error = 7.907e-03
      2-norm error   = 1.131e-02
      1-norm error   = 4.246e-02
------------------------------------
MODEL STEADY STATE: (method=Sparse Gaussian Elimination)
------------------------------------
      Iteration no. 5
      Inf-norm error = 8.740e-03
      2-norm error   = 1.112e-02
      1-norm error   = 3.844e-02
------------------------------------
MODEL STEADY STATE: (method=Sparse Gaussian Elimination)
------------------------------------
      Iteration no. 6
      Inf-norm error = 8.560e-03
      2-norm error   = 1.035e-02
      1-norm error   = 3.367e-02
------------------------------------
MODEL STEADY STATE: (method=Sparse Gaussian Elimination)
------------------------------------
      Iteration no. 7
      Inf-norm error = 8.270e-03
      2-norm error   = 9.474e-03
      1-norm error   = 2.779e-02
------------------------------------
MODEL STEADY STATE: (method=Sparse Gaussian Elimination)
------------------------------------
      Iteration no. 8
      Inf-norm error = 8.407e-03
      2-norm error   = 9.059e-03
      1-norm error   = 1.958e-02
------------------------------------
MODEL STEADY STATE: (method=Sparse Gaussian Elimination)
------------------------------------
      Iteration no. 9
      Inf-norm error = 1.421e-03
      2-norm error   = 1.518e-03
      1-norm error   = 2.589e-03
------------------------------------
HOMOTOPY mode 1: computing step 2/5...
MODEL STEADY STATE: (method=Sparse Gaussian Elimination)
------------------------------------
      Iteration no. 1
      Inf-norm error = 3.405e-03
      2-norm error   = 1.241e-02
      1-norm error   = 4.635e-02
------------------------------------
MODEL STEADY STATE: (method=Sparse Gaussian Elimination)
------------------------------------
      Iteration no. 2
      Inf-norm error = 6.639e-03
      2-norm error   = 1.224e-02
      1-norm error   = 4.933e-02
------------------------------------
MODEL STEADY STATE: (method=Sparse Gaussian Elimination)
------------------------------------
      Iteration no. 3
      Inf-norm error = 7.674e-03
      2-norm error   = 1.193e-02
      1-norm error   = 4.632e-02
------------------------------------
MODEL STEADY STATE: (method=Sparse Gaussian Elimination)
------------------------------------
      Iteration no. 4
      Inf-norm error = 8.106e-03
      2-norm error   = 1.148e-02
      1-norm error   = 4.286e-02
------------------------------------
MODEL STEADY STATE: (method=Sparse Gaussian Elimination)
------------------------------------
      Iteration no. 5
      Inf-norm error = 8.959e-03
      2-norm error   = 1.132e-02
      1-norm error   = 3.888e-02
------------------------------------
MODEL STEADY STATE: (method=Sparse Gaussian Elimination)
------------------------------------
      Iteration no. 6
      Inf-norm error = 8.774e-03
      2-norm error   = 1.056e-02
      1-norm error   = 3.410e-02
------------------------------------
MODEL STEADY STATE: (method=Sparse Gaussian Elimination)
------------------------------------
      Iteration no. 7
      Inf-norm error = 8.476e-03
      2-norm error   = 9.687e-03
      1-norm error   = 2.821e-02
------------------------------------
MODEL STEADY STATE: (method=Sparse Gaussian Elimination)
------------------------------------
      Iteration no. 8
      Inf-norm error = 8.616e-03
      2-norm error   = 9.288e-03
      1-norm error   = 2.000e-02
------------------------------------
MODEL STEADY STATE: (method=Sparse Gaussian Elimination)
------------------------------------
      Iteration no. 9
      Inf-norm error = 1.455e-03
      2-norm error   = 1.556e-03
      1-norm error   = 2.658e-03
------------------------------------
HOMOTOPY mode 1: computing step 3/5...
MODEL STEADY STATE: (method=Sparse Gaussian Elimination)
------------------------------------
      Iteration no. 1
      Inf-norm error = 3.405e-03
      2-norm error   = 1.241e-02
      1-norm error   = 4.635e-02
------------------------------------
MODEL STEADY STATE: (method=Sparse Gaussian Elimination)
------------------------------------
      Iteration no. 2
      Inf-norm error = 6.804e-03
      2-norm error   = 1.234e-02
      1-norm error   = 4.966e-02
------------------------------------
MODEL STEADY STATE: (method=Sparse Gaussian Elimination)
------------------------------------
      Iteration no. 3
      Inf-norm error = 7.864e-03
      2-norm error   = 1.207e-02
      1-norm error   = 4.671e-02
------------------------------------
MODEL STEADY STATE: (method=Sparse Gaussian Elimination)
------------------------------------
      Iteration no. 4
      Inf-norm error = 8.307e-03
      2-norm error   = 1.164e-02
      1-norm error   = 4.327e-02
------------------------------------
MODEL STEADY STATE: (method=Sparse Gaussian Elimination)
------------------------------------
      Iteration no. 5
      Inf-norm error = 9.180e-03
      2-norm error   = 1.153e-02
      1-norm error   = 3.933e-02
------------------------------------
MODEL STEADY STATE: (method=Sparse Gaussian Elimination)
------------------------------------
      Iteration no. 6
      Inf-norm error = 8.990e-03
      2-norm error   = 1.077e-02
      1-norm error   = 3.454e-02
------------------------------------
MODEL STEADY STATE: (method=Sparse Gaussian Elimination)
------------------------------------
      Iteration no. 7
      Inf-norm error = 8.685e-03
      2-norm error   = 9.903e-03
      1-norm error   = 2.863e-02
------------------------------------
MODEL STEADY STATE: (method=Sparse Gaussian Elimination)
------------------------------------
      Iteration no. 8
      Inf-norm error = 8.826e-03
      2-norm error   = 9.519e-03
      1-norm error   = 2.043e-02
------------------------------------
MODEL STEADY STATE: (method=Sparse Gaussian Elimination)
------------------------------------
      Iteration no. 9
      Inf-norm error = 1.490e-03
      2-norm error   = 1.594e-03
      1-norm error   = 2.729e-03
------------------------------------
HOMOTOPY mode 1: computing step 4/5...
MODEL STEADY STATE: (method=Sparse Gaussian Elimination)
------------------------------------
      Iteration no. 1
      Inf-norm error = 3.405e-03
      2-norm error   = 1.241e-02
      1-norm error   = 4.635e-02
------------------------------------
MODEL STEADY STATE: (method=Sparse Gaussian Elimination)
------------------------------------
      Iteration no. 2
      Inf-norm error = 3.096e-03
      2-norm error   = 1.128e-02
      1-norm error   = 4.593e-02
------------------------------------
MODEL STEADY STATE: (method=Sparse Gaussian Elimination)
------------------------------------
      Iteration no. 3
      Inf-norm error = 5.031e-03
      2-norm error   = 1.080e-02
      1-norm error   = 4.419e-02
------------------------------------
MODEL STEADY STATE: (method=Sparse Gaussian Elimination)
------------------------------------
      Iteration no. 4
      Inf-norm error = 6.138e-03
      2-norm error   = 1.046e-02
      1-norm error   = 4.162e-02
------------------------------------
MODEL STEADY STATE: (method=Sparse Gaussian Elimination)
------------------------------------
      Iteration no. 5
      Inf-norm error = 6.668e-03
      2-norm error   = 1.005e-02
      1-norm error   = 3.860e-02
------------------------------------
MODEL STEADY STATE: (method=Sparse Gaussian Elimination)
------------------------------------
      Iteration no. 6
      Inf-norm error = 7.625e-03
      2-norm error   = 9.944e-03
      1-norm error   = 3.516e-02
------------------------------------
MODEL STEADY STATE: (method=Sparse Gaussian Elimination)
------------------------------------
      Iteration no. 7
      Inf-norm error = 7.588e-03
      2-norm error   = 9.317e-03
      1-norm error   = 3.091e-02
------------------------------------
MODEL STEADY STATE: (method=Sparse Gaussian Elimination)
------------------------------------
      Iteration no. 8
      Inf-norm error = 7.472e-03
      2-norm error   = 8.624e-03
      1-norm error   = 2.568e-02
------------------------------------
MODEL STEADY STATE: (method=Sparse Gaussian Elimination)
------------------------------------
      Iteration no. 9
      Inf-norm error = 7.853e-03
      2-norm error   = 8.484e-03
      1-norm error   = 1.843e-02
------------------------------------
MODEL STEADY STATE: (method=Sparse Gaussian Elimination)
------------------------------------
      Iteration no. 10
      Inf-norm error = 1.346e-03
      2-norm error   = 1.441e-03
      1-norm error   = 2.473e-03
------------------------------------
HOMOTOPY mode 1: computing step 5/5...
MODEL STEADY STATE: (method=Sparse Gaussian Elimination)
------------------------------------
      Iteration no. 1
      Inf-norm error = 3.405e-03
      2-norm error   = 1.241e-02
      1-norm error   = 4.635e-02
------------------------------------
MODEL STEADY STATE: (method=Sparse Gaussian Elimination)
------------------------------------
      Iteration no. 2
      Inf-norm error = 3.170e-03
      2-norm error   = 1.130e-02
      1-norm error   = 4.609e-02
------------------------------------
MODEL STEADY STATE: (method=Sparse Gaussian Elimination)
------------------------------------
      Iteration no. 3
      Inf-norm error = 5.150e-03
      2-norm error   = 1.087e-02
      1-norm error   = 4.444e-02
------------------------------------
MODEL STEADY STATE: (method=Sparse Gaussian Elimination)
------------------------------------
      Iteration no. 4
      Inf-norm error = 6.284e-03
      2-norm error   = 1.056e-02
      1-norm error   = 4.192e-02
------------------------------------
MODEL STEADY STATE: (method=Sparse Gaussian Elimination)
------------------------------------
      Iteration no. 5
      Inf-norm error = 6.826e-03
      2-norm error   = 1.017e-02
      1-norm error   = 3.893e-02
------------------------------------
MODEL STEADY STATE: (method=Sparse Gaussian Elimination)
------------------------------------
      Iteration no. 6
      Inf-norm error = 7.806e-03
      2-norm error   = 1.011e-02
      1-norm error   = 3.553e-02
------------------------------------
MODEL STEADY STATE: (method=Sparse Gaussian Elimination)
------------------------------------
      Iteration no. 7
      Inf-norm error = 7.767e-03
      2-norm error   = 9.491e-03
      1-norm error   = 3.129e-02
------------------------------------
MODEL STEADY STATE: (method=Sparse Gaussian Elimination)
------------------------------------
      Iteration no. 8
      Inf-norm error = 7.648e-03
      2-norm error   = 8.806e-03
      1-norm error   = 2.604e-02
------------------------------------
MODEL STEADY STATE: (method=Sparse Gaussian Elimination)
------------------------------------
      Iteration no. 9
      Inf-norm error = 8.036e-03
      2-norm error   = 8.686e-03
      1-norm error   = 1.881e-02
------------------------------------
MODEL STEADY STATE: (method=Sparse Gaussian Elimination)
------------------------------------
      Iteration no. 10
      Inf-norm error = 1.376e-03
      2-norm error   = 1.475e-03
      1-norm error   = 2.537e-03
------------------------------------

STEADY-STATE RESULTS:

EA_bf               		 -0.324208
EA_m                		 0.872811
EA_pic4             		 1.02
EA_y                		 3.71832
EA_ygrowth          		 1
EA_ygrowth4         		 1
EA_z                		 1
EA_ybar             		 3.71832
EAAEAB_excy         		 0.0144083
EAAEAC_excy         		 0.0144083
EAAEAD_excy         		 0.0144083
EAAEAE_excy         		 0.0144083
EAAEAF_excy         		 0.0144083
EAAEAG_excy         		 0.0144083
EAAEAH_excy         		 0.0144083
EAAEAI_excy         		 0.0144083
EAAEAJ_excy         		 0.0144083
EAAEAK_excy         		 0.0144083
EAAEAL_excy         		 0.0147115
EAARW_excy          		 0.0148446
EAAUS_excy          		 0.00533722
EAAEAB_exiy         		 0.00994209
EAAEAC_exiy         		 0.00994209
EAAEAD_exiy         		 0.00994209
EAAEAE_exiy         		 0.00994209
EAAEAF_exiy         		 0.00994209
EAAEAG_exiy         		 0.00994209
EAAEAH_exiy         		 0.00994209
EAAEAI_exiy         		 0.00994209
EAAEAJ_exiy         		 0.00994209
EAAEAK_exiy         		 0.00994209
EAAEAL_exiy         		 0.0100072
EAARW_exiy          		 0.011593
EAAUS_exiy          		 0.00422401
EAA_fx              		 4.88787
EAAEAB_gammaimc     		 0
EAAEAC_gammaimc     		 0
EAAEAD_gammaimc     		 0
EAAEAE_gammaimc     		 0
EAAEAF_gammaimc     		 0
EAAEAG_gammaimc     		 0
EAAEAH_gammaimc     		 0
EAAEAI_gammaimc     		 0
EAAEAJ_gammaimc     		 0
EAAEAK_gammaimc     		 0
EAAEAL_gammaimc     		 0
EAARW_gammaimc      		 0
EAAUS_gammaimc      		 0
EAAEAB_gammaimcdag  		 1
EAAEAC_gammaimcdag  		 1
EAAEAD_gammaimcdag  		 1
EAAEAE_gammaimcdag  		 1
EAAEAF_gammaimcdag  		 1
EAAEAG_gammaimcdag  		 1
EAAEAH_gammaimcdag  		 1
EAAEAI_gammaimcdag  		 1
EAAEAJ_gammaimcdag  		 1
EAAEAK_gammaimcdag  		 1
EAAEAL_gammaimcdag  		 1
EAARW_gammaimcdag   		 1
EAAUS_gammaimcdag   		 1
EAAEAB_gammaimi     		 0
EAAEAC_gammaimi     		 0
EAAEAD_gammaimi     		 0
EAAEAE_gammaimi     		 0
EAAEAF_gammaimi     		 0
EAAEAG_gammaimi     		 0
EAAEAH_gammaimi     		 0
EAAEAI_gammaimi     		 0
EAAEAJ_gammaimi     		 0
EAAEAK_gammaimi     		 0
EAAEAL_gammaimi     		 0
EAARW_gammaimi      		 0
EAAUS_gammaimi      		 0
EAAEAB_gammaimidag  		 1
EAAEAC_gammaimidag  		 1
EAAEAD_gammaimidag  		 1
EAAEAE_gammaimidag  		 1
EAAEAF_gammaimidag  		 1
EAAEAG_gammaimidag  		 1
EAAEAH_gammaimidag  		 1
EAAEAI_gammaimidag  		 1
EAAEAJ_gammaimidag  		 1
EAAEAK_gammaimidag  		 1
EAAEAL_gammaimidag  		 1
EAARW_gammaimidag   		 1
EAAUS_gammaimidag   		 1
EAAEAB_gammaimcg    		 0
EAAEAC_gammaimcg    		 0
EAAEAD_gammaimcg    		 0
EAAEAE_gammaimcg    		 0
EAAEAF_gammaimcg    		 0
EAAEAG_gammaimcg    		 0
EAAEAH_gammaimcg    		 0
EAAEAI_gammaimcg    		 0
EAAEAJ_gammaimcg    		 0
EAAEAK_gammaimcg    		 0
EAAEAL_gammaimcg    		 0
EAARW_gammaimcg     		 0
EAAUS_gammaimcg     		 0
EAAEAB_gammaimcgdag 		 1
EAAEAC_gammaimcgdag 		 1
EAAEAD_gammaimcgdag 		 1
EAAEAE_gammaimcgdag 		 1
EAAEAF_gammaimcgdag 		 1
EAAEAG_gammaimcgdag 		 1
EAAEAH_gammaimcgdag 		 1
EAAEAI_gammaimcgdag 		 1
EAAEAJ_gammaimcgdag 		 1
EAAEAK_gammaimcgdag 		 1
EAAEAL_gammaimcgdag 		 1
EAARW_gammaimcgdag  		 1
EAAUS_gammaimcgdag  		 1
EAAEAB_gammaimig    		 0
EAAEAC_gammaimig    		 0
EAAEAD_gammaimig    		 0
EAAEAE_gammaimig    		 0
EAAEAF_gammaimig    		 0
EAAEAG_gammaimig    		 0
EAAEAH_gammaimig    		 0
EAAEAI_gammaimig    		 0
EAAEAJ_gammaimig    		 0
EAAEAK_gammaimig    		 0
EAAEAL_gammaimig    		 0
EAARW_gammaimig     		 0
EAAUS_gammaimig     		 0
EAAEAB_gammaimigdag 		 1
EAAEAC_gammaimigdag 		 1
EAAEAD_gammaimigdag 		 1
EAAEAE_gammaimigdag 		 1
EAAEAF_gammaimigdag 		 1
EAAEAG_gammaimigdag 		 1
EAAEAH_gammaimigdag 		 1
EAAEAI_gammaimigdag 		 1
EAAEAJ_gammaimigdag 		 1
EAAEAK_gammaimigdag 		 1
EAAEAL_gammaimigdag 		 1
EAARW_gammaimigdag  		 1
EAAUS_gammaimigdag  		 1
EAA_gx              		 5.86544
EAAEAB_im           		 0.134161
EAAEAC_im           		 0.134161
EAAEAD_im           		 0.134161
EAAEAE_im           		 0.134161
EAAEAF_im           		 0.134161
EAAEAG_im           		 0.134161
EAAEAH_im           		 0.134161
EAAEAI_im           		 0.134161
EAAEAJ_im           		 0.134161
EAAEAK_im           		 0.134161
EAAEAL_im           		 0.131465
EAARW_im            		 0.143103
EAAUS_im            		 0.0656111
EAAEAB_imc          		 0.0610544
EAAEAC_imc          		 0.0610544
EAAEAD_imc          		 0.0610544
EAAEAE_imc          		 0.0610544
EAAEAF_imc          		 0.0610544
EAAEAG_imc          		 0.0610544
EAAEAH_imc          		 0.0610544
EAAEAI_imc          		 0.0610544
EAAEAJ_imc          		 0.0610544
EAAEAK_imc          		 0.0610544
EAAEAL_imc          		 0.0598274
EAARW_imc           		 0.0651238
EAAUS_imc           		 0.0298585
EAARW_imcy          		 0.0149926
EAAEAB_imi          		 0.042129
EAAEAC_imi          		 0.042129
EAAEAD_imi          		 0.042129
EAAEAE_imi          		 0.042129
EAAEAF_imi          		 0.042129
EAAEAG_imi          		 0.042129
EAAEAH_imi          		 0.042129
EAAEAI_imi          		 0.042129
EAAEAJ_imi          		 0.042129
EAAEAK_imi          		 0.042129
EAAEAL_imi          		 0.0412823
EAARW_imi           		 0.0449369
EAAUS_imi           		 0.020603
EAARW_imiy          		 0.0103453
EAAEAB_imcg         		 0.025815
EAAEAC_imcg         		 0.025815
EAAEAD_imcg         		 0.025815
EAAEAE_imcg         		 0.025815
EAAEAF_imcg         		 0.025815
EAAEAG_imcg         		 0.025815
EAAEAH_imcg         		 0.025815
EAAEAI_imcg         		 0.025815
EAAEAJ_imcg         		 0.025815
EAAEAK_imcg         		 0.025815
EAAEAL_imcg         		 0.0252961
EAARW_imcg          		 0.0275355
EAAUS_imcg          		 0.0126247
EAARW_imcgy         		 0.00633916
EAAEAB_imig         		 0.00516299
EAAEAC_imig         		 0.00516299
EAAEAD_imig         		 0.00516299
EAAEAE_imig         		 0.00516299
EAAEAF_imig         		 0.00516299
EAAEAG_imig         		 0.00516299
EAAEAH_imig         		 0.00516299
EAAEAI_imig         		 0.00516299
EAAEAJ_imig         		 0.00516299
EAAEAK_imig         		 0.00516299
EAAEAL_imig         		 0.00505923
EAARW_imig          		 0.00550711
EAAUS_imig          		 0.00252494
EAARW_imigy         		 0.00126783
EAA_piex            		 1.00496
EAA_pextilde        		 0.876917
EAAEAB_rer          		 1
EAAEAC_rer          		 1
EAAEAD_rer          		 1
EAAEAE_rer          		 1
EAAEAF_rer          		 1
EAAEAG_rer          		 1
EAAEAH_rer          		 1
EAAEAI_rer          		 1
EAAEAJ_rer          		 1
EAAEAK_rer          		 1
EAAEAL_rer          		 1.00568
EAARW_rer           		 0.901795
EAAUS_rer           		 1.1968
EAA_sx              		 1
EAAEAB_tot          		 1
EAAEAC_tot          		 1
EAAEAD_tot          		 1
EAAEAE_tot          		 1
EAAEAF_tot          		 1
EAAEAG_tot          		 1
EAAEAH_tot          		 1
EAAEAI_tot          		 1
EAAEAJ_tot          		 1
EAAEAK_tot          		 1
EAAEAL_tot          		 1.00879
EAARW_tot           		 0.975531
EAAUS_tot           		 1.33268
EAAEAB_weight       		 0.0783525
EAAEAC_weight       		 0.0783525
EAAEAD_weight       		 0.0783525
EAAEAE_weight       		 0.0783525
EAAEAF_weight       		 0.0783525
EAAEAG_weight       		 0.0783525
EAAEAH_weight       		 0.0783525
EAAEAI_weight       		 0.0783525
EAAEAJ_weight       		 0.0783525
EAAEAK_weight       		 0.0783525
EAAEAL_weight       		 0.0779231
EAARW_weight        		 0.082814
EAAUS_weight        		 0.0557378
EAAEAB_weightex     		 0.077848
EAAEAC_weightex     		 0.077848
EAAEAD_weightex     		 0.077848
EAAEAE_weightex     		 0.077848
EAAEAF_weightex     		 0.077848
EAAEAG_weightex     		 0.077848
EAAEAH_weightex     		 0.077848
EAAEAI_weightex     		 0.077848
EAAEAJ_weightex     		 0.077848
EAAEAK_weightex     		 0.077848
EAAEAL_weightex     		 0.0778925
EAARW_weightex      		 0.0835674
EAAUS_weightex      		 0.0600598
EAAEAB_weightim     		 0.0788593
EAAEAC_weightim     		 0.0788593
EAAEAD_weightim     		 0.0788593
EAAEAE_weightim     		 0.0788593
EAAEAF_weightim     		 0.0788593
EAAEAG_weightim     		 0.0788593
EAAEAH_weightim     		 0.0788593
EAAEAI_weightim     		 0.0788593
EAAEAJ_weightim     		 0.0788593
EAAEAK_weightim     		 0.0788593
EAAEAL_weightim     		 0.0779539
EAARW_weightim      		 0.0820572
EAAUS_weightim      		 0.051396
EAA_b               		 8.91812
EAA_bf              		 -0.468039
EAA_by              		 2.4
EAA_c               		 2.07381
EAA_ci              		 2.41908
EAA_cj              		 1.03802
EAA_cy              		 0.558095
EAA_d               		 0.503669
EAA_dn              		 0.233078
EAA_dt              		 0.270591
EAA_etot            		 1.01475
EAA_ex              		 1.70911
EAA_fh              		 6.03073
EAA_fi              		 8.28472
EAA_fj              		 0.306842
EAA_fn              		 12.2093
EAA_cg              		 0.803546
EAA_gammab          		 0
EAA_gammai          		 0
EAA_gammaider       		 0
EAA_gammau          		 0
EAA_gammauder       		 0.0324171
EAA_gammav          		 0.000209492
EAA_gammavi         		 0.000101018
EAA_gammavider      		 0.00216519
EAA_gammavj         		 0.000101018
EAA_gammavjder      		 0.00216519
EAA_gh              		 7.23688
EAA_gi              		 4.42867
EAA_gj              		 3.4403
EAA_gn              		 18.314
EAA_cgy             		 0.2
EAA_ht              		 0.71611
EAA_htc             		 0.228989
EAA_hti             		 0.0843923
EAA_htcg            		 0.335607
EAA_htig            		 0.0671214
EAA_i               		 0.791109
EAA_ig              		 0.160709
EAA_ii              		 1.05481
EAA_im              		 1.67272
EAA_imc             		 0.761226
EAA_imi             		 0.525264
EAA_imcg            		 0.321861
EAA_imig            		 0.0643722
EAA_imy             		 0.401487
EAA_internalrer     		 1.23373
EAA_igy             		 0.04
EAA_k               		 31.6444
EAA_kd              		 31.6444
EAA_kdn             		 13.3592
EAA_kdt             		 18.2852
EAA_ki              		 42.1925
EAA_lambdai         		 1.15963
EAA_lambdaj         		 2.70248
EAA_lcy             		 0.605119
EAA_m               		 0.87135
EAA_mcn             		 0.730764
EAA_mct             		 0.730764
EAA_mi              		 1.01642
EAA_mj              		 0.436144
EAA_nd              		 1.88637
EAA_ndi             		 0.862038
EAA_ndj             		 1.12419
EAA_ndn             		 0.796359
EAA_ndt             		 1.09001
EAA_ni              		 0.862038
EAA_nj              		 1.12419
EAA_nt              		 1.44977
EAA_ntc             		 1.08954
EAA_nti             		 0.183092
EAA_ntcg            		 0.147621
EAA_ntig            		 0.0295241
EAA_pex             		 0.876917
EAA_pht             		 0.876917
EAA_phttilde        		 0.876917
EAA_pi              		 0.93941
EAA_pcg             		 0.924871
EAA_pig             		 0.924871
EAA_pic             		 1.00496
EAA_pic4            		 1.02
EAA_piex4           		 1.02
EAA_piht            		 1.00496
EAA_piimc           		 1.00496
EAA_piimi           		 1.00496
EAA_piimcg          		 1.00496
EAA_piimig          		 1.00496
EAA_piimc4          		 1.02
EAA_pim             		 0.891885
EAA_pimc            		 0.891885
EAA_pimi            		 0.891885
EAA_pimcg           		 0.891885
EAA_pimig           		 0.891885
EAA_pint            		 1.00496
EAA_piw             		 1.00496
EAA_piw4            		 1.02
EAA_pnt             		 1.09615
EAA_pnttilde        		 1.09615
EAA_pttc            		 0.88848
EAA_ptti            		 0.889851
EAA_pttcg           		 0.884324
EAA_pttig           		 0.884324
EAA_py              		 0.958939
EAA_q               		 0.93941
EAA_qc              		 2.07402
EAA_qi              		 0.791109
EAA_qcg             		 0.803546
EAA_qig             		 0.160709
EAA_r               		 1.01242
EAA_reer            		 1.0019
EAA_rer             		 1.1968
EAA_rerdep          		 1
EAA_rk              		 0.0304529
EAA_rp              		 0
EAA_rr              		 1.00742
EAA_rrstar          		 1.00742
EAA_sh              		 1
EAA_si              		 1
EAA_sj              		 1
EAA_snt             		 1
EAA_t               		 0
EAA_tauc            		 0.183
EAA_taud            		 0
EAA_tauk            		 0
EAA_taun            		 0.122
EAA_tauwf           		 0.219
EAA_tauwh           		 0.118
EAA_tb              		 0.00687019
EAA_tby             		 0.00184887
EAA_ti              		 0
EAA_tj              		 0
EAA_tot             		 1.33268
EAA_tr              		 0.273325
EAA_tri             		 0.182217
EAA_trj             		 0.54665
EAA_try             		 0.073556
EAA_ttc             		 0.990153
EAA_tti             		 0.609631
EAA_ttcg            		 0.657409
EAA_ttig            		 0.131482
EAA_ty              		 0
EAA_u               		 1
EAA_utili           		 -72.5459
EAA_utilj           		 -222.784
EAA_vj              		 2.38
EAA_w               		 0.977851
EAA_wcst            		 0
EAA_whty            		 0.501178
EAA_wi              		 1.09639
EAA_witilde         		 1.09639
EAA_wj              		 0.800098
EAA_wjtilde         		 0.800098
EAA_wnty            		 0.490019
EAA_wy              		 0.496406
EAA_y               		 3.87499
EAA_ygap            		 0
EAA_ygrowth         		 1
EAA_ygrowth4        		 1
EAA_yhty            		 0.572332
EAA_ynty            		 0.427668
EAA_yshare          		 0.067566
EAA_ysn             		 1.44977
EAA_yst             		 2.42522
EAA_zcon            		 1
EAA_zinv            		 1
EAA_zn              		 1
EAA_zt              		 1
EAA_gammav1         		 0.0287061
EAA_gammav2         		 0.150338
EAA_nutc            		 0.223815
EAA_nuti            		 0.133456
EAA_nutcg           		 0.499877
EAA_nutig           		 0.499877
EAA_psit            		 0.0473189
EAAEAB_rerbar       		 1
EAAEAC_rerbar       		 1
EAAEAD_rerbar       		 1
EAAEAE_rerbar       		 1
EAAEAF_rerbar       		 1
EAAEAG_rerbar       		 1
EAAEAH_rerbar       		 1
EAAEAI_rerbar       		 1
EAAEAJ_rerbar       		 1
EAAEAK_rerbar       		 1
EAAEAL_rerbar       		 1.00568
EAARW_rerbar        		 0.901795
EAAUS_rerbar        		 1.1968
EAA_pibar           		 0.93941
EAA_psinbar         		 0.405937
EAA_psitbar         		 0.114759
EAA_pybar           		 0.958939
EAA_qbar            		 0.93941
EAA_trybar          		 0.073556
EAA_ybar            		 3.87499
EAA_ynbar           		 1.44977
EAA_ytbar           		 2.42522
EABEAA_excy         		 0.0144083
EABEAC_excy         		 0.0144083
EABEAD_excy         		 0.0144083
EABEAE_excy         		 0.0144083
EABEAF_excy         		 0.0144083
EABEAG_excy         		 0.0144083
EABEAH_excy         		 0.0144083
EABEAI_excy         		 0.0144083
EABEAJ_excy         		 0.0144083
EABEAK_excy         		 0.0144083
EABEAL_excy         		 0.0147115
EABRW_excy          		 0.0148446
EABUS_excy          		 0.00533722
EABEAA_exiy         		 0.00994209
EABEAC_exiy         		 0.00994209
EABEAD_exiy         		 0.00994209
EABEAE_exiy         		 0.00994209
EABEAF_exiy         		 0.00994209
EABEAG_exiy         		 0.00994209
EABEAH_exiy         		 0.00994209
EABEAI_exiy         		 0.00994209
EABEAJ_exiy         		 0.00994209
EABEAK_exiy         		 0.00994209
EABEAL_exiy         		 0.0100072
EABRW_exiy          		 0.011593
EABUS_exiy          		 0.00422401
EAB_fx              		 4.88787
EABEAA_gammaimc     		 0
EABEAC_gammaimc     		 0
EABEAD_gammaimc     		 0
EABEAE_gammaimc     		 0
EABEAF_gammaimc     		 0
EABEAG_gammaimc     		 0
EABEAH_gammaimc     		 0
EABEAI_gammaimc     		 0
EABEAJ_gammaimc     		 0
EABEAK_gammaimc     		 0
EABEAL_gammaimc     		 0
EABRW_gammaimc      		 0
EABUS_gammaimc      		 0
EABEAA_gammaimcdag  		 1
EABEAC_gammaimcdag  		 1
EABEAD_gammaimcdag  		 1
EABEAE_gammaimcdag  		 1
EABEAF_gammaimcdag  		 1
EABEAG_gammaimcdag  		 1
EABEAH_gammaimcdag  		 1
EABEAI_gammaimcdag  		 1
EABEAJ_gammaimcdag  		 1
EABEAK_gammaimcdag  		 1
EABEAL_gammaimcdag  		 1
EABRW_gammaimcdag   		 1
EABUS_gammaimcdag   		 1
EABEAA_gammaimi     		 0
EABEAC_gammaimi     		 0
EABEAD_gammaimi     		 0
EABEAE_gammaimi     		 0
EABEAF_gammaimi     		 0
EABEAG_gammaimi     		 0
EABEAH_gammaimi     		 0
EABEAI_gammaimi     		 0
EABEAJ_gammaimi     		 0
EABEAK_gammaimi     		 0
EABEAL_gammaimi     		 0
EABRW_gammaimi      		 0
EABUS_gammaimi      		 0
EABEAA_gammaimidag  		 1
EABEAC_gammaimidag  		 1
EABEAD_gammaimidag  		 1
EABEAE_gammaimidag  		 1
EABEAF_gammaimidag  		 1
EABEAG_gammaimidag  		 1
EABEAH_gammaimidag  		 1
EABEAI_gammaimidag  		 1
EABEAJ_gammaimidag  		 1
EABEAK_gammaimidag  		 1
EABEAL_gammaimidag  		 1
EABRW_gammaimidag   		 1
EABUS_gammaimidag   		 1
EABEAA_gammaimcg    		 0
EABEAC_gammaimcg    		 0
EABEAD_gammaimcg    		 0
EABEAE_gammaimcg    		 0
EABEAF_gammaimcg    		 0
EABEAG_gammaimcg    		 0
EABEAH_gammaimcg    		 0
EABEAI_gammaimcg    		 0
EABEAJ_gammaimcg    		 0
EABEAK_gammaimcg    		 0
EABEAL_gammaimcg    		 0
EABRW_gammaimcg     		 0
EABUS_gammaimcg     		 0
EABEAA_gammaimcgdag 		 1
EABEAC_gammaimcgdag 		 1
EABEAD_gammaimcgdag 		 1
EABEAE_gammaimcgdag 		 1
EABEAF_gammaimcgdag 		 1
EABEAG_gammaimcgdag 		 1
EABEAH_gammaimcgdag 		 1
EABEAI_gammaimcgdag 		 1
EABEAJ_gammaimcgdag 		 1
EABEAK_gammaimcgdag 		 1
EABEAL_gammaimcgdag 		 1
EABRW_gammaimcgdag  		 1
EABUS_gammaimcgdag  		 1
EABEAA_gammaimig    		 0
EABEAC_gammaimig    		 0
EABEAD_gammaimig    		 0
EABEAE_gammaimig    		 0
EABEAF_gammaimig    		 0
EABEAG_gammaimig    		 0
EABEAH_gammaimig    		 0
EABEAI_gammaimig    		 0
EABEAJ_gammaimig    		 0
EABEAK_gammaimig    		 0
EABEAL_gammaimig    		 0
EABRW_gammaimig     		 0
EABUS_gammaimig     		 0
EABEAA_gammaimigdag 		 1
EABEAC_gammaimigdag 		 1
EABEAD_gammaimigdag 		 1
EABEAE_gammaimigdag 		 1
EABEAF_gammaimigdag 		 1
EABEAG_gammaimigdag 		 1
EABEAH_gammaimigdag 		 1
EABEAI_gammaimigdag 		 1
EABEAJ_gammaimigdag 		 1
EABEAK_gammaimigdag 		 1
EABEAL_gammaimigdag 		 1
EABRW_gammaimigdag  		 1
EABUS_gammaimigdag  		 1
EAB_gx              		 5.86544
EABEAA_im           		 0.134161
EABEAC_im           		 0.134161
EABEAD_im           		 0.134161
EABEAE_im           		 0.134161
EABEAF_im           		 0.134161
EABEAG_im           		 0.134161
EABEAH_im           		 0.134161
EABEAI_im           		 0.134161
EABEAJ_im           		 0.134161
EABEAK_im           		 0.134161
EABEAL_im           		 0.131465
EABRW_im            		 0.143103
EABUS_im            		 0.0656111
EABEAA_imc          		 0.0610544
EABEAC_imc          		 0.0610544
EABEAD_imc          		 0.0610544
EABEAE_imc          		 0.0610544
EABEAF_imc          		 0.0610544
EABEAG_imc          		 0.0610544
EABEAH_imc          		 0.0610544
EABEAI_imc          		 0.0610544
EABEAJ_imc          		 0.0610544
EABEAK_imc          		 0.0610544
EABEAL_imc          		 0.0598274
EABRW_imc           		 0.0651238
EABUS_imc           		 0.0298585
EABUS_imcy          		 0.00939053
EABEAA_imi          		 0.042129
EABEAC_imi          		 0.042129
EABEAD_imi          		 0.042129
EABEAE_imi          		 0.042129
EABEAF_imi          		 0.042129
EABEAG_imi          		 0.042129
EABEAH_imi          		 0.042129
EABEAI_imi          		 0.042129
EABEAJ_imi          		 0.042129
EABEAK_imi          		 0.042129
EABEAL_imi          		 0.0412823
EABRW_imi           		 0.0449369
EABUS_imi           		 0.020603
EABUS_imiy          		 0.00647969
EABEAA_imcg         		 0.025815
EABEAC_imcg         		 0.025815
EABEAD_imcg         		 0.025815
EABEAE_imcg         		 0.025815
EABEAF_imcg         		 0.025815
EABEAG_imcg         		 0.025815
EABEAH_imcg         		 0.025815
EABEAI_imcg         		 0.025815
EABEAJ_imcg         		 0.025815
EABEAK_imcg         		 0.025815
EABEAL_imcg         		 0.0252961
EABRW_imcg          		 0.0275355
EABUS_imcg          		 0.0126247
EABUS_imcgy         		 0.00397049
EABEAA_imig         		 0.00516299
EABEAC_imig         		 0.00516299
EABEAD_imig         		 0.00516299
EABEAE_imig         		 0.00516299
EABEAF_imig         		 0.00516299
EABEAG_imig         		 0.00516299
EABEAH_imig         		 0.00516299
EABEAI_imig         		 0.00516299
EABEAJ_imig         		 0.00516299
EABEAK_imig         		 0.00516299
EABEAL_imig         		 0.00505923
EABRW_imig          		 0.00550711
EABUS_imig          		 0.00252494
EABUS_imigy         		 0.000794099
EAB_piex            		 1.00496
EAB_pextilde        		 0.876917
EABEAA_rer          		 1
EABEAC_rer          		 1
EABEAD_rer          		 1
EABEAE_rer          		 1
EABEAF_rer          		 1
EABEAG_rer          		 1
EABEAH_rer          		 1
EABEAI_rer          		 1
EABEAJ_rer          		 1
EABEAK_rer          		 1
EABEAL_rer          		 1.00568
EABRW_rer           		 0.901795
EABUS_rer           		 1.1968
EAB_sx              		 1
EABEAA_tot          		 1
EABEAC_tot          		 1
EABEAD_tot          		 1
EABEAE_tot          		 1
EABEAF_tot          		 1
EABEAG_tot          		 1
EABEAH_tot          		 1
EABEAI_tot          		 1
EABEAJ_tot          		 1
EABEAK_tot          		 1
EABEAL_tot          		 1.00879
EABRW_tot           		 0.975531
EABUS_tot           		 1.33268
EABEAA_weight       		 0.0783525
EABEAC_weight       		 0.0783525
EABEAD_weight       		 0.0783525
EABEAE_weight       		 0.0783525
EABEAF_weight       		 0.0783525
EABEAG_weight       		 0.0783525
EABEAH_weight       		 0.0783525
EABEAI_weight       		 0.0783525
EABEAJ_weight       		 0.0783525
EABEAK_weight       		 0.0783525
EABEAL_weight       		 0.0779231
EABRW_weight        		 0.082814
EABUS_weight        		 0.0557378
EABEAA_weightex     		 0.077848
EABEAC_weightex     		 0.077848
EABEAD_weightex     		 0.077848
EABEAE_weightex     		 0.077848
EABEAF_weightex     		 0.077848
EABEAG_weightex     		 0.077848
EABEAH_weightex     		 0.077848
EABEAI_weightex     		 0.077848
EABEAJ_weightex     		 0.077848
EABEAK_weightex     		 0.077848
EABEAL_weightex     		 0.0778925
EABRW_weightex      		 0.0835674
EABUS_weightex      		 0.0600598
EABEAA_weightim     		 0.0788593
EABEAC_weightim     		 0.0788593
EABEAD_weightim     		 0.0788593
EABEAE_weightim     		 0.0788593
EABEAF_weightim     		 0.0788593
EABEAG_weightim     		 0.0788593
EABEAH_weightim     		 0.0788593
EABEAI_weightim     		 0.0788593
EABEAJ_weightim     		 0.0788593
EABEAK_weightim     		 0.0788593
EABEAL_weightim     		 0.0779539
EABRW_weightim      		 0.0820572
EABUS_weightim      		 0.051396
EAB_b               		 8.91812
EAB_bf              		 -0.468039
EAB_by              		 2.4
EAB_c               		 2.07381
EAB_ci              		 2.41908
EAB_cj              		 1.03802
EAB_cy              		 0.558095
EAB_d               		 0.503669
EAB_dn              		 0.233078
EAB_dt              		 0.270591
EAB_etot            		 1.01475
EAB_ex              		 1.70911
EAB_fh              		 6.03073
EAB_fi              		 8.28472
EAB_fj              		 0.306842
EAB_fn              		 12.2093
EAB_cg              		 0.803546
EAB_gammab          		 0
EAB_gammai          		 0
EAB_gammaider       		 0
EAB_gammau          		 0
EAB_gammauder       		 0.0324171
EAB_gammav          		 0.000209492
EAB_gammavi         		 0.000101018
EAB_gammavider      		 0.00216519
EAB_gammavj         		 0.000101018
EAB_gammavjder      		 0.00216519
EAB_gh              		 7.23688
EAB_gi              		 4.42867
EAB_gj              		 3.4403
EAB_gn              		 18.314
EAB_cgy             		 0.2
EAB_ht              		 0.71611
EAB_htc             		 0.228989
EAB_hti             		 0.0843923
EAB_htcg            		 0.335607
EAB_htig            		 0.0671214
EAB_i               		 0.791109
EAB_ig              		 0.160709
EAB_ii              		 1.05481
EAB_im              		 1.67272
EAB_imc             		 0.761226
EAB_imi             		 0.525264
EAB_imcg            		 0.321861
EAB_imig            		 0.0643722
EAB_imy             		 0.401487
EAB_internalrer     		 1.23373
EAB_igy             		 0.04
EAB_k               		 31.6444
EAB_kd              		 31.6444
EAB_kdn             		 13.3592
EAB_kdt             		 18.2852
EAB_ki              		 42.1925
EAB_lambdai         		 1.15963
EAB_lambdaj         		 2.70248
EAB_lcy             		 0.605119
EAB_m               		 0.87135
EAB_mcn             		 0.730764
EAB_mct             		 0.730764
EAB_mi              		 1.01642
EAB_mj              		 0.436144
EAB_nd              		 1.88637
EAB_ndi             		 0.862038
EAB_ndj             		 1.12419
EAB_ndn             		 0.796359
EAB_ndt             		 1.09001
EAB_ni              		 0.862038
EAB_nj              		 1.12419
EAB_nt              		 1.44977
EAB_ntc             		 1.08954
EAB_nti             		 0.183092
EAB_ntcg            		 0.147621
EAB_ntig            		 0.0295241
EAB_pex             		 0.876917
EAB_pht             		 0.876917
EAB_phttilde        		 0.876917
EAB_pi              		 0.93941
EAB_pcg             		 0.924871
EAB_pig             		 0.924871
EAB_pic             		 1.00496
EAB_pic4            		 1.02
EAB_piex4           		 1.02
EAB_piht            		 1.00496
EAB_piimc           		 1.00496
EAB_piimi           		 1.00496
EAB_piimcg          		 1.00496
EAB_piimig          		 1.00496
EAB_piimc4          		 1.02
EAB_pim             		 0.891885
EAB_pimc            		 0.891885
EAB_pimi            		 0.891885
EAB_pimcg           		 0.891885
EAB_pimig           		 0.891885
EAB_pint            		 1.00496
EAB_piw             		 1.00496
EAB_piw4            		 1.02
EAB_pnt             		 1.09615
EAB_pnttilde        		 1.09615
EAB_pttc            		 0.88848
EAB_ptti            		 0.889851
EAB_pttcg           		 0.884324
EAB_pttig           		 0.884324
EAB_py              		 0.958939
EAB_q               		 0.93941
EAB_qc              		 2.07402
EAB_qi              		 0.791109
EAB_qcg             		 0.803546
EAB_qig             		 0.160709
EAB_r               		 1.01242
EAB_reer            		 1.0019
EAB_rer             		 1.1968
EAB_rerdep          		 1
EAB_rk              		 0.0304529
EAB_rp              		 0
EAB_rr              		 1.00742
EAB_rrstar          		 1.00742
EAB_sh              		 1
EAB_si              		 1
EAB_sj              		 1
EAB_snt             		 1
EAB_t               		 0
EAB_tauc            		 0.183
EAB_taud            		 0
EAB_tauk            		 0
EAB_taun            		 0.122
EAB_tauwf           		 0.219
EAB_tauwh           		 0.118
EAB_tb              		 0.00687019
EAB_tby             		 0.00184887
EAB_ti              		 0
EAB_tj              		 0
EAB_tot             		 1.33268
EAB_tr              		 0.273325
EAB_tri             		 0.182217
EAB_trj             		 0.54665
EAB_try             		 0.073556
EAB_ttc             		 0.990153
EAB_tti             		 0.609631
EAB_ttcg            		 0.657409
EAB_ttig            		 0.131482
EAB_ty              		 0
EAB_u               		 1
EAB_utili           		 -72.5459
EAB_utilj           		 -222.784
EAB_vj              		 2.38
EAB_w               		 0.977851
EAB_wcst            		 0
EAB_whty            		 0.501178
EAB_wi              		 1.09639
EAB_witilde         		 1.09639
EAB_wj              		 0.800098
EAB_wjtilde         		 0.800098
EAB_wnty            		 0.490019
EAB_wy              		 0.496406
EAB_y               		 3.87499
EAB_ygap            		 0
EAB_ygrowth         		 1
EAB_ygrowth4        		 1
EAB_yhty            		 0.572332
EAB_ynty            		 0.427668
EAB_yshare          		 0.067566
EAB_ysn             		 1.44977
EAB_yst             		 2.42522
EAB_zcon            		 1
EAB_zinv            		 1
EAB_zn              		 1
EAB_zt              		 1
EAB_gammav1         		 0.0287061
EAB_gammav2         		 0.150338
EAB_nutc            		 0.223815
EAB_nuti            		 0.133456
EAB_nutcg           		 0.499877
EAB_nutig           		 0.499877
EAB_psit            		 0.0473189
EABEAA_rerbar       		 1
EABEAC_rerbar       		 1
EABEAD_rerbar       		 1
EABEAE_rerbar       		 1
EABEAF_rerbar       		 1
EABEAG_rerbar       		 1
EABEAH_rerbar       		 1
EABEAI_rerbar       		 1
EABEAJ_rerbar       		 1
EABEAK_rerbar       		 1
EABEAL_rerbar       		 1.00568
EABRW_rerbar        		 0.901795
EABUS_rerbar        		 1.1968
EAB_pibar           		 0.93941
EAB_psinbar         		 0.405937
EAB_psitbar         		 0.114759
EAB_pybar           		 0.958939
EAB_qbar            		 0.93941
EAB_trybar          		 0.073556
EAB_ybar            		 3.87499
EAB_ynbar           		 1.44977
EAB_ytbar           		 2.42522
EACEAA_excy         		 0.0144083
EACEAB_excy         		 0.0144083
EACEAD_excy         		 0.0144083
EACEAE_excy         		 0.0144083
EACEAF_excy         		 0.0144083
EACEAG_excy         		 0.0144083
EACEAH_excy         		 0.0144083
EACEAI_excy         		 0.0144083
EACEAJ_excy         		 0.0144083
EACEAK_excy         		 0.0144083
EACEAL_excy         		 0.0147115
EACRW_excy          		 0.0148446
EACUS_excy          		 0.00533722
EACEAA_exiy         		 0.00994209
EACEAB_exiy         		 0.00994209
EACEAD_exiy         		 0.00994209
EACEAE_exiy         		 0.00994209
EACEAF_exiy         		 0.00994209
EACEAG_exiy         		 0.00994209
EACEAH_exiy         		 0.00994209
EACEAI_exiy         		 0.00994209
EACEAJ_exiy         		 0.00994209
EACEAK_exiy         		 0.00994209
EACEAL_exiy         		 0.0100072
EACRW_exiy          		 0.011593
EACUS_exiy          		 0.00422401
EAC_fx              		 4.88787
EACEAA_gammaimc     		 0
EACEAB_gammaimc     		 0
EACEAD_gammaimc     		 0
EACEAE_gammaimc     		 0
EACEAF_gammaimc     		 0
EACEAG_gammaimc     		 0
EACEAH_gammaimc     		 0
EACEAI_gammaimc     		 0
EACEAJ_gammaimc     		 0
EACEAK_gammaimc     		 0
EACEAL_gammaimc     		 0
EACRW_gammaimc      		 0
EACUS_gammaimc      		 0
EACEAA_gammaimcdag  		 1
EACEAB_gammaimcdag  		 1
EACEAD_gammaimcdag  		 1
EACEAE_gammaimcdag  		 1
EACEAF_gammaimcdag  		 1
EACEAG_gammaimcdag  		 1
EACEAH_gammaimcdag  		 1
EACEAI_gammaimcdag  		 1
EACEAJ_gammaimcdag  		 1
EACEAK_gammaimcdag  		 1
EACEAL_gammaimcdag  		 1
EACRW_gammaimcdag   		 1
EACUS_gammaimcdag   		 1
EACEAA_gammaimi     		 0
EACEAB_gammaimi     		 0
EACEAD_gammaimi     		 0
EACEAE_gammaimi     		 0
EACEAF_gammaimi     		 0
EACEAG_gammaimi     		 0
EACEAH_gammaimi     		 0
EACEAI_gammaimi     		 0
EACEAJ_gammaimi     		 0
EACEAK_gammaimi     		 0
EACEAL_gammaimi     		 0
EACRW_gammaimi      		 0
EACUS_gammaimi      		 0
EACEAA_gammaimidag  		 1
EACEAB_gammaimidag  		 1
EACEAD_gammaimidag  		 1
EACEAE_gammaimidag  		 1
EACEAF_gammaimidag  		 1
EACEAG_gammaimidag  		 1
EACEAH_gammaimidag  		 1
EACEAI_gammaimidag  		 1
EACEAJ_gammaimidag  		 1
EACEAK_gammaimidag  		 1
EACEAL_gammaimidag  		 1
EACRW_gammaimidag   		 1
EACUS_gammaimidag   		 1
EACEAA_gammaimcg    		 0
EACEAB_gammaimcg    		 0
EACEAD_gammaimcg    		 0
EACEAE_gammaimcg    		 0
EACEAF_gammaimcg    		 0
EACEAG_gammaimcg    		 0
EACEAH_gammaimcg    		 0
EACEAI_gammaimcg    		 0
EACEAJ_gammaimcg    		 0
EACEAK_gammaimcg    		 0
EACEAL_gammaimcg    		 0
EACRW_gammaimcg     		 0
EACUS_gammaimcg     		 0
EACEAA_gammaimcgdag 		 1
EACEAB_gammaimcgdag 		 1
EACEAD_gammaimcgdag 		 1
EACEAE_gammaimcgdag 		 1
EACEAF_gammaimcgdag 		 1
EACEAG_gammaimcgdag 		 1
EACEAH_gammaimcgdag 		 1
EACEAI_gammaimcgdag 		 1
EACEAJ_gammaimcgdag 		 1
EACEAK_gammaimcgdag 		 1
EACEAL_gammaimcgdag 		 1
EACRW_gammaimcgdag  		 1
EACUS_gammaimcgdag  		 1
EACEAA_gammaimig    		 0
EACEAB_gammaimig    		 0
EACEAD_gammaimig    		 0
EACEAE_gammaimig    		 0
EACEAF_gammaimig    		 0
EACEAG_gammaimig    		 0
EACEAH_gammaimig    		 0
EACEAI_gammaimig    		 0
EACEAJ_gammaimig    		 0
EACEAK_gammaimig    		 0
EACEAL_gammaimig    		 0
EACRW_gammaimig     		 0
EACUS_gammaimig     		 0
EACEAA_gammaimigdag 		 1
EACEAB_gammaimigdag 		 1
EACEAD_gammaimigdag 		 1
EACEAE_gammaimigdag 		 1
EACEAF_gammaimigdag 		 1
EACEAG_gammaimigdag 		 1
EACEAH_gammaimigdag 		 1
EACEAI_gammaimigdag 		 1
EACEAJ_gammaimigdag 		 1
EACEAK_gammaimigdag 		 1
EACEAL_gammaimigdag 		 1
EACRW_gammaimigdag  		 1
EACUS_gammaimigdag  		 1
EAC_gx              		 5.86544
EACEAA_im           		 0.134161
EACEAB_im           		 0.134161
EACEAD_im           		 0.134161
EACEAE_im           		 0.134161
EACEAF_im           		 0.134161
EACEAG_im           		 0.134161
EACEAH_im           		 0.134161
EACEAI_im           		 0.134161
EACEAJ_im           		 0.134161
EACEAK_im           		 0.134161
EACEAL_im           		 0.131465
EACRW_im            		 0.143103
EACUS_im            		 0.0656111
EACEAA_imc          		 0.0610544
EACEAB_imc          		 0.0610544
EACEAD_imc          		 0.0610544
EACEAE_imc          		 0.0610544
EACEAF_imc          		 0.0610544
EACEAG_imc          		 0.0610544
EACEAH_imc          		 0.0610544
EACEAI_imc          		 0.0610544
EACEAJ_imc          		 0.0610544
EACEAK_imc          		 0.0610544
EACEAL_imc          		 0.0598274
EACRW_imc           		 0.0651238
EACUS_imc           		 0.0298585
EACEAA_imcy         		 0.0144083
EACEAA_imi          		 0.042129
EACEAB_imi          		 0.042129
EACEAD_imi          		 0.042129
EACEAE_imi          		 0.042129
EACEAF_imi          		 0.042129
EACEAG_imi          		 0.042129
EACEAH_imi          		 0.042129
EACEAI_imi          		 0.042129
EACEAJ_imi          		 0.042129
EACEAK_imi          		 0.042129
EACEAL_imi          		 0.0412823
EACRW_imi           		 0.0449369
EACUS_imi           		 0.020603
EACEAA_imiy         		 0.00994209
EACEAA_imcg         		 0.025815
EACEAB_imcg         		 0.025815
EACEAD_imcg         		 0.025815
EACEAE_imcg         		 0.025815
EACEAF_imcg         		 0.025815
EACEAG_imcg         		 0.025815
EACEAH_imcg         		 0.025815
EACEAI_imcg         		 0.025815
EACEAJ_imcg         		 0.025815
EACEAK_imcg         		 0.025815
EACEAL_imcg         		 0.0252961
EACRW_imcg          		 0.0275355
EACUS_imcg          		 0.0126247
EACEAA_imcgy        		 0.00609211
EACEAA_imig         		 0.00516299
EACEAB_imig         		 0.00516299
EACEAD_imig         		 0.00516299
EACEAE_imig         		 0.00516299
EACEAF_imig         		 0.00516299
EACEAG_imig         		 0.00516299
EACEAH_imig         		 0.00516299
EACEAI_imig         		 0.00516299
EACEAJ_imig         		 0.00516299
EACEAK_imig         		 0.00516299
EACEAL_imig         		 0.00505923
EACRW_imig          		 0.00550711
EACUS_imig          		 0.00252494
EACEAA_imigy        		 0.00121842
EAC_piex            		 1.00496
EAC_pextilde        		 0.876917
EACEAA_rer          		 1
EACEAB_rer          		 1
EACEAD_rer          		 1
EACEAE_rer          		 1
EACEAF_rer          		 1
EACEAG_rer          		 1
EACEAH_rer          		 1
EACEAI_rer          		 1
EACEAJ_rer          		 1
EACEAK_rer          		 1
EACEAL_rer          		 1.00568
EACRW_rer           		 0.901795
EACUS_rer           		 1.1968
EAC_sx              		 1
EACEAA_tot          		 1
EACEAB_tot          		 1
EACEAD_tot          		 1
EACEAE_tot          		 1
EACEAF_tot          		 1
EACEAG_tot          		 1
EACEAH_tot          		 1
EACEAI_tot          		 1
EACEAJ_tot          		 1
EACEAK_tot          		 1
EACEAL_tot          		 1.00879
EACRW_tot           		 0.975531
EACUS_tot           		 1.33268
EACEAA_weight       		 0.0783525
EACEAB_weight       		 0.0783525
EACEAD_weight       		 0.0783525
EACEAE_weight       		 0.0783525
EACEAF_weight       		 0.0783525
EACEAG_weight       		 0.0783525
EACEAH_weight       		 0.0783525
EACEAI_weight       		 0.0783525
EACEAJ_weight       		 0.0783525
EACEAK_weight       		 0.0783525
EACEAL_weight       		 0.0779231
EACRW_weight        		 0.082814
EACUS_weight        		 0.0557378
EACEAA_weightex     		 0.077848
EACEAB_weightex     		 0.077848
EACEAD_weightex     		 0.077848
EACEAE_weightex     		 0.077848
EACEAF_weightex     		 0.077848
EACEAG_weightex     		 0.077848
EACEAH_weightex     		 0.077848
EACEAI_weightex     		 0.077848
EACEAJ_weightex     		 0.077848
EACEAK_weightex     		 0.077848
EACEAL_weightex     		 0.0778925
EACRW_weightex      		 0.0835674
EACUS_weightex      		 0.0600598
EACEAA_weightim     		 0.0788593
EACEAB_weightim     		 0.0788593
EACEAD_weightim     		 0.0788593
EACEAE_weightim     		 0.0788593
EACEAF_weightim     		 0.0788593
EACEAG_weightim     		 0.0788593
EACEAH_weightim     		 0.0788593
EACEAI_weightim     		 0.0788593
EACEAJ_weightim     		 0.0788593
EACEAK_weightim     		 0.0788593
EACEAL_weightim     		 0.0779539
EACRW_weightim      		 0.0820572
EACUS_weightim      		 0.051396
EAC_b               		 8.91812
EAC_bf              		 -0.468039
EAC_by              		 2.4
EAC_c               		 2.07381
EAC_ci              		 2.41908
EAC_cj              		 1.03802
EAC_cy              		 0.558095
EAC_d               		 0.503669
EAC_dn              		 0.233078
EAC_dt              		 0.270591
EAC_etot            		 1.01475
EAC_ex              		 1.70911
EAC_fh              		 6.03073
EAC_fi              		 8.28472
EAC_fj              		 0.306842
EAC_fn              		 12.2093
EAC_cg              		 0.803546
EAC_gammab          		 0
EAC_gammai          		 0
EAC_gammaider       		 0
EAC_gammau          		 0
EAC_gammauder       		 0.0324171
EAC_gammav          		 0.000209492
EAC_gammavi         		 0.000101018
EAC_gammavider      		 0.00216519
EAC_gammavj         		 0.000101018
EAC_gammavjder      		 0.00216519
EAC_gh              		 7.23688
EAC_gi              		 4.42867
EAC_gj              		 3.4403
EAC_gn              		 18.314
EAC_cgy             		 0.2
EAC_ht              		 0.71611
EAC_htc             		 0.228989
EAC_hti             		 0.0843923
EAC_htcg            		 0.335607
EAC_htig            		 0.0671214
EAC_i               		 0.791109
EAC_ig              		 0.160709
EAC_ii              		 1.05481
EAC_im              		 1.67272
EAC_imc             		 0.761226
EAC_imi             		 0.525264
EAC_imcg            		 0.321861
EAC_imig            		 0.0643722
EAC_imy             		 0.401487
EAC_internalrer     		 1.23373
EAC_igy             		 0.04
EAC_k               		 31.6444
EAC_kd              		 31.6444
EAC_kdn             		 13.3592
EAC_kdt             		 18.2852
EAC_ki              		 42.1925
EAC_lambdai         		 1.15963
EAC_lambdaj         		 2.70248
EAC_lcy             		 0.605119
EAC_m               		 0.87135
EAC_mcn             		 0.730764
EAC_mct             		 0.730764
EAC_mi              		 1.01642
EAC_mj              		 0.436144
EAC_nd              		 1.88637
EAC_ndi             		 0.862038
EAC_ndj             		 1.12419
EAC_ndn             		 0.796359
EAC_ndt             		 1.09001
EAC_ni              		 0.862038
EAC_nj              		 1.12419
EAC_nt              		 1.44977
EAC_ntc             		 1.08954
EAC_nti             		 0.183092
EAC_ntcg            		 0.147621
EAC_ntig            		 0.0295241
EAC_pex             		 0.876917
EAC_pht             		 0.876917
EAC_phttilde        		 0.876917
EAC_pi              		 0.93941
EAC_pcg             		 0.924871
EAC_pig             		 0.924871
EAC_pic             		 1.00496
EAC_pic4            		 1.02
EAC_piex4           		 1.02
EAC_piht            		 1.00496
EAC_piimc           		 1.00496
EAC_piimi           		 1.00496
EAC_piimcg          		 1.00496
EAC_piimig          		 1.00496
EAC_piimc4          		 1.02
EAC_pim             		 0.891885
EAC_pimc            		 0.891885
EAC_pimi            		 0.891885
EAC_pimcg           		 0.891885
EAC_pimig           		 0.891885
EAC_pint            		 1.00496
EAC_piw             		 1.00496
EAC_piw4            		 1.02
EAC_pnt             		 1.09615
EAC_pnttilde        		 1.09615
EAC_pttc            		 0.88848
EAC_ptti            		 0.889851
EAC_pttcg           		 0.884324
EAC_pttig           		 0.884324
EAC_py              		 0.958939
EAC_q               		 0.93941
EAC_qc              		 2.07402
EAC_qi              		 0.791109
EAC_qcg             		 0.803546
EAC_qig             		 0.160709
EAC_r               		 1.01242
EAC_reer            		 1.0019
EAC_rer             		 1.1968
EAC_rerdep          		 1
EAC_rk              		 0.0304529
EAC_rp              		 0
EAC_rr              		 1.00742
EAC_rrstar          		 1.00742
EAC_sh              		 1
EAC_si              		 1
EAC_sj              		 1
EAC_snt             		 1
EAC_t               		 0
EAC_tauc            		 0.183
EAC_taud            		 0
EAC_tauk            		 0
EAC_taun            		 0.122
EAC_tauwf           		 0.219
EAC_tauwh           		 0.118
EAC_tb              		 0.00687019
EAC_tby             		 0.00184887
EAC_ti              		 0
EAC_tj              		 0
EAC_tot             		 1.33268
EAC_tr              		 0.273325
EAC_tri             		 0.182217
EAC_trj             		 0.54665
EAC_try             		 0.073556
EAC_ttc             		 0.990153
EAC_tti             		 0.609631
EAC_ttcg            		 0.657409
EAC_ttig            		 0.131482
EAC_ty              		 0
EAC_u               		 1
EAC_utili           		 -72.5459
EAC_utilj           		 -222.784
EAC_vj              		 2.38
EAC_w               		 0.977851
EAC_wcst            		 0
EAC_whty            		 0.501178
EAC_wi              		 1.09639
EAC_witilde         		 1.09639
EAC_wj              		 0.800098
EAC_wjtilde         		 0.800098
EAC_wnty            		 0.490019
EAC_wy              		 0.496406
EAC_y               		 3.87499
EAC_ygap            		 0
EAC_ygrowth         		 1
EAC_ygrowth4        		 1
EAC_yhty            		 0.572332
EAC_ynty            		 0.427668
EAC_yshare          		 0.067566
EAC_ysn             		 1.44977
EAC_yst             		 2.42522
EAC_zcon            		 1
EAC_zinv            		 1
EAC_zn              		 1
EAC_zt              		 1
EAC_gammav1         		 0.0287061
EAC_gammav2         		 0.150338
EAC_nutc            		 0.223815
EAC_nuti            		 0.133456
EAC_nutcg           		 0.499877
EAC_nutig           		 0.499877
EAC_psit            		 0.0473189
EACEAA_rerbar       		 1
EACEAB_rerbar       		 1
EACEAD_rerbar       		 1
EACEAE_rerbar       		 1
EACEAF_rerbar       		 1
EACEAG_rerbar       		 1
EACEAH_rerbar       		 1
EACEAI_rerbar       		 1
EACEAJ_rerbar       		 1
EACEAK_rerbar       		 1
EACEAL_rerbar       		 1.00568
EACRW_rerbar        		 0.901795
EACUS_rerbar        		 1.1968
EAC_pibar           		 0.93941
EAC_psinbar         		 0.405937
EAC_psitbar         		 0.114759
EAC_pybar           		 0.958939
EAC_qbar            		 0.93941
EAC_trybar          		 0.073556
EAC_ybar            		 3.87499
EAC_ynbar           		 1.44977
EAC_ytbar           		 2.42522
EADEAA_excy         		 0.0144083
EADEAB_excy         		 0.0144083
EADEAC_excy         		 0.0144083
EADEAE_excy         		 0.0144083
EADEAF_excy         		 0.0144083
EADEAG_excy         		 0.0144083
EADEAH_excy         		 0.0144083
EADEAI_excy         		 0.0144083
EADEAJ_excy         		 0.0144083
EADEAK_excy         		 0.0144083
EADEAL_excy         		 0.0147115
EADRW_excy          		 0.0148446
EADUS_excy          		 0.00533722
EADEAA_exiy         		 0.00994209
EADEAB_exiy         		 0.00994209
EADEAC_exiy         		 0.00994209
EADEAE_exiy         		 0.00994209
EADEAF_exiy         		 0.00994209
EADEAG_exiy         		 0.00994209
EADEAH_exiy         		 0.00994209
EADEAI_exiy         		 0.00994209
EADEAJ_exiy         		 0.00994209
EADEAK_exiy         		 0.00994209
EADEAL_exiy         		 0.0100072
EADRW_exiy          		 0.011593
EADUS_exiy          		 0.00422401
EAD_fx              		 4.88787
EADEAA_gammaimc     		 0
EADEAB_gammaimc     		 0
EADEAC_gammaimc     		 0
EADEAE_gammaimc     		 0
EADEAF_gammaimc     		 0
EADEAG_gammaimc     		 0
EADEAH_gammaimc     		 0
EADEAI_gammaimc     		 0
EADEAJ_gammaimc     		 0
EADEAK_gammaimc     		 0
EADEAL_gammaimc     		 0
EADRW_gammaimc      		 0
EADUS_gammaimc      		 0
EADEAA_gammaimcdag  		 1
EADEAB_gammaimcdag  		 1
EADEAC_gammaimcdag  		 1
EADEAE_gammaimcdag  		 1
EADEAF_gammaimcdag  		 1
EADEAG_gammaimcdag  		 1
EADEAH_gammaimcdag  		 1
EADEAI_gammaimcdag  		 1
EADEAJ_gammaimcdag  		 1
EADEAK_gammaimcdag  		 1
EADEAL_gammaimcdag  		 1
EADRW_gammaimcdag   		 1
EADUS_gammaimcdag   		 1
EADEAA_gammaimi     		 0
EADEAB_gammaimi     		 0
EADEAC_gammaimi     		 0
EADEAE_gammaimi     		 0
EADEAF_gammaimi     		 0
EADEAG_gammaimi     		 0
EADEAH_gammaimi     		 0
EADEAI_gammaimi     		 0
EADEAJ_gammaimi     		 0
EADEAK_gammaimi     		 0
EADEAL_gammaimi     		 0
EADRW_gammaimi      		 0
EADUS_gammaimi      		 0
EADEAA_gammaimidag  		 1
EADEAB_gammaimidag  		 1
EADEAC_gammaimidag  		 1
EADEAE_gammaimidag  		 1
EADEAF_gammaimidag  		 1
EADEAG_gammaimidag  		 1
EADEAH_gammaimidag  		 1
EADEAI_gammaimidag  		 1
EADEAJ_gammaimidag  		 1
EADEAK_gammaimidag  		 1
EADEAL_gammaimidag  		 1
EADRW_gammaimidag   		 1
EADUS_gammaimidag   		 1
EADEAA_gammaimcg    		 0
EADEAB_gammaimcg    		 0
EADEAC_gammaimcg    		 0
EADEAE_gammaimcg    		 0
EADEAF_gammaimcg    		 0
EADEAG_gammaimcg    		 0
EADEAH_gammaimcg    		 0
EADEAI_gammaimcg    		 0
EADEAJ_gammaimcg    		 0
EADEAK_gammaimcg    		 0
EADEAL_gammaimcg    		 0
EADRW_gammaimcg     		 0
EADUS_gammaimcg     		 0
EADEAA_gammaimcgdag 		 1
EADEAB_gammaimcgdag 		 1
EADEAC_gammaimcgdag 		 1
EADEAE_gammaimcgdag 		 1
EADEAF_gammaimcgdag 		 1
EADEAG_gammaimcgdag 		 1
EADEAH_gammaimcgdag 		 1
EADEAI_gammaimcgdag 		 1
EADEAJ_gammaimcgdag 		 1
EADEAK_gammaimcgdag 		 1
EADEAL_gammaimcgdag 		 1
EADRW_gammaimcgdag  		 1
EADUS_gammaimcgdag  		 1
EADEAA_gammaimig    		 0
EADEAB_gammaimig    		 0
EADEAC_gammaimig    		 0
EADEAE_gammaimig    		 0
EADEAF_gammaimig    		 0
EADEAG_gammaimig    		 0
EADEAH_gammaimig    		 0
EADEAI_gammaimig    		 0
EADEAJ_gammaimig    		 0
EADEAK_gammaimig    		 0
EADEAL_gammaimig    		 0
EADRW_gammaimig     		 0
EADUS_gammaimig     		 0
EADEAA_gammaimigdag 		 1
EADEAB_gammaimigdag 		 1
EADEAC_gammaimigdag 		 1
EADEAE_gammaimigdag 		 1
EADEAF_gammaimigdag 		 1
EADEAG_gammaimigdag 		 1
EADEAH_gammaimigdag 		 1
EADEAI_gammaimigdag 		 1
EADEAJ_gammaimigdag 		 1
EADEAK_gammaimigdag 		 1
EADEAL_gammaimigdag 		 1
EADRW_gammaimigdag  		 1
EADUS_gammaimigdag  		 1
EAD_gx              		 5.86544
EADEAA_im           		 0.134161
EADEAB_im           		 0.134161
EADEAC_im           		 0.134161
EADEAE_im           		 0.134161
EADEAF_im           		 0.134161
EADEAG_im           		 0.134161
EADEAH_im           		 0.134161
EADEAI_im           		 0.134161
EADEAJ_im           		 0.134161
EADEAK_im           		 0.134161
EADEAL_im           		 0.131465
EADRW_im            		 0.143103
EADUS_im            		 0.0656111
EADEAA_imc          		 0.0610544
EADEAB_imc          		 0.0610544
EADEAC_imc          		 0.0610544
EADEAE_imc          		 0.0610544
EADEAF_imc          		 0.0610544
EADEAG_imc          		 0.0610544
EADEAH_imc          		 0.0610544
EADEAI_imc          		 0.0610544
EADEAJ_imc          		 0.0610544
EADEAK_imc          		 0.0610544
EADEAL_imc          		 0.0598274
EADRW_imc           		 0.0651238
EADUS_imc           		 0.0298585
EADEAB_imcy         		 0.0144083
EADEAA_imi          		 0.042129
EADEAB_imi          		 0.042129
EADEAC_imi          		 0.042129
EADEAE_imi          		 0.042129
EADEAF_imi          		 0.042129
EADEAG_imi          		 0.042129
EADEAH_imi          		 0.042129
EADEAI_imi          		 0.042129
EADEAJ_imi          		 0.042129
EADEAK_imi          		 0.042129
EADEAL_imi          		 0.0412823
EADRW_imi           		 0.0449369
EADUS_imi           		 0.020603
EADEAB_imiy         		 0.00994209
EADEAA_imcg         		 0.025815
EADEAB_imcg         		 0.025815
EADEAC_imcg         		 0.025815
EADEAE_imcg         		 0.025815
EADEAF_imcg         		 0.025815
EADEAG_imcg         		 0.025815
EADEAH_imcg         		 0.025815
EADEAI_imcg         		 0.025815
EADEAJ_imcg         		 0.025815
EADEAK_imcg         		 0.025815
EADEAL_imcg         		 0.0252961
EADRW_imcg          		 0.0275355
EADUS_imcg          		 0.0126247
EADEAB_imcgy        		 0.00609211
EADEAA_imig         		 0.00516299
EADEAB_imig         		 0.00516299
EADEAC_imig         		 0.00516299
EADEAE_imig         		 0.00516299
EADEAF_imig         		 0.00516299
EADEAG_imig         		 0.00516299
EADEAH_imig         		 0.00516299
EADEAI_imig         		 0.00516299
EADEAJ_imig         		 0.00516299
EADEAK_imig         		 0.00516299
EADEAL_imig         		 0.00505923
EADRW_imig          		 0.00550711
EADUS_imig          		 0.00252494
EADEAB_imigy        		 0.00121842
EAD_piex            		 1.00496
EAD_pextilde        		 0.876917
EADEAA_rer          		 1
EADEAB_rer          		 1
EADEAC_rer          		 1
EADEAE_rer          		 1
EADEAF_rer          		 1
EADEAG_rer          		 1
EADEAH_rer          		 1
EADEAI_rer          		 1
EADEAJ_rer          		 1
EADEAK_rer          		 1
EADEAL_rer          		 1.00568
EADRW_rer           		 0.901795
EADUS_rer           		 1.1968
EAD_sx              		 1
EADEAA_tot          		 1
EADEAB_tot          		 1
EADEAC_tot          		 1
EADEAE_tot          		 1
EADEAF_tot          		 1
EADEAG_tot          		 1
EADEAH_tot          		 1
EADEAI_tot          		 1
EADEAJ_tot          		 1
EADEAK_tot          		 1
EADEAL_tot          		 1.00879
EADRW_tot           		 0.975531
EADUS_tot           		 1.33268
EADEAA_weight       		 0.0783525
EADEAB_weight       		 0.0783525
EADEAC_weight       		 0.0783525
EADEAE_weight       		 0.0783525
EADEAF_weight       		 0.0783525
EADEAG_weight       		 0.0783525
EADEAH_weight       		 0.0783525
EADEAI_weight       		 0.0783525
EADEAJ_weight       		 0.0783525
EADEAK_weight       		 0.0783525
EADEAL_weight       		 0.0779231
EADRW_weight        		 0.082814
EADUS_weight        		 0.0557378
EADEAA_weightex     		 0.077848
EADEAB_weightex     		 0.077848
EADEAC_weightex     		 0.077848
EADEAE_weightex     		 0.077848
EADEAF_weightex     		 0.077848
EADEAG_weightex     		 0.077848
EADEAH_weightex     		 0.077848
EADEAI_weightex     		 0.077848
EADEAJ_weightex     		 0.077848
EADEAK_weightex     		 0.077848
EADEAL_weightex     		 0.0778925
EADRW_weightex      		 0.0835674
EADUS_weightex      		 0.0600598
EADEAA_weightim     		 0.0788593
EADEAB_weightim     		 0.0788593
EADEAC_weightim     		 0.0788593
EADEAE_weightim     		 0.0788593
EADEAF_weightim     		 0.0788593
EADEAG_weightim     		 0.0788593
EADEAH_weightim     		 0.0788593
EADEAI_weightim     		 0.0788593
EADEAJ_weightim     		 0.0788593
EADEAK_weightim     		 0.0788593
EADEAL_weightim     		 0.0779539
EADRW_weightim      		 0.0820572
EADUS_weightim      		 0.051396
EAD_b               		 8.91812
EAD_bf              		 -0.468039
EAD_by              		 2.4
EAD_c               		 2.07381
EAD_ci              		 2.41908
EAD_cj              		 1.03802
EAD_cy              		 0.558095
EAD_d               		 0.503669
EAD_dn              		 0.233078
EAD_dt              		 0.270591
EAD_etot            		 1.01475
EAD_ex              		 1.70911
EAD_fh              		 6.03073
EAD_fi              		 8.28472
EAD_fj              		 0.306842
EAD_fn              		 12.2093
EAD_cg              		 0.803546
EAD_gammab          		 0
EAD_gammai          		 0
EAD_gammaider       		 0
EAD_gammau          		 0
EAD_gammauder       		 0.0324171
EAD_gammav          		 0.000209492
EAD_gammavi         		 0.000101018
EAD_gammavider      		 0.00216519
EAD_gammavj         		 0.000101018
EAD_gammavjder      		 0.00216519
EAD_gh              		 7.23688
EAD_gi              		 4.42867
EAD_gj              		 3.4403
EAD_gn              		 18.314
EAD_cgy             		 0.2
EAD_ht              		 0.71611
EAD_htc             		 0.228989
EAD_hti             		 0.0843923
EAD_htcg            		 0.335607
EAD_htig            		 0.0671214
EAD_i               		 0.791109
EAD_ig              		 0.160709
EAD_ii              		 1.05481
EAD_im              		 1.67272
EAD_imc             		 0.761226
EAD_imi             		 0.525264
EAD_imcg            		 0.321861
EAD_imig            		 0.0643722
EAD_imy             		 0.401487
EAD_internalrer     		 1.23373
EAD_igy             		 0.04
EAD_k               		 31.6444
EAD_kd              		 31.6444
EAD_kdn             		 13.3592
EAD_kdt             		 18.2852
EAD_ki              		 42.1925
EAD_lambdai         		 1.15963
EAD_lambdaj         		 2.70248
EAD_lcy             		 0.605119
EAD_m               		 0.87135
EAD_mcn             		 0.730764
EAD_mct             		 0.730764
EAD_mi              		 1.01642
EAD_mj              		 0.436144
EAD_nd              		 1.88637
EAD_ndi             		 0.862038
EAD_ndj             		 1.12419
EAD_ndn             		 0.796359
EAD_ndt             		 1.09001
EAD_ni              		 0.862038
EAD_nj              		 1.12419
EAD_nt              		 1.44977
EAD_ntc             		 1.08954
EAD_nti             		 0.183092
EAD_ntcg            		 0.147621
EAD_ntig            		 0.0295241
EAD_pex             		 0.876917
EAD_pht             		 0.876917
EAD_phttilde        		 0.876917
EAD_pi              		 0.93941
EAD_pcg             		 0.924871
EAD_pig             		 0.924871
EAD_pic             		 1.00496
EAD_pic4            		 1.02
EAD_piex4           		 1.02
EAD_piht            		 1.00496
EAD_piimc           		 1.00496
EAD_piimi           		 1.00496
EAD_piimcg          		 1.00496
EAD_piimig          		 1.00496
EAD_piimc4          		 1.02
EAD_pim             		 0.891885
EAD_pimc            		 0.891885
EAD_pimi            		 0.891885
EAD_pimcg           		 0.891885
EAD_pimig           		 0.891885
EAD_pint            		 1.00496
EAD_piw             		 1.00496
EAD_piw4            		 1.02
EAD_pnt             		 1.09615
EAD_pnttilde        		 1.09615
EAD_pttc            		 0.88848
EAD_ptti            		 0.889851
EAD_pttcg           		 0.884324
EAD_pttig           		 0.884324
EAD_py              		 0.958939
EAD_q               		 0.93941
EAD_qc              		 2.07402
EAD_qi              		 0.791109
EAD_qcg             		 0.803546
EAD_qig             		 0.160709
EAD_r               		 1.01242
EAD_reer            		 1.0019
EAD_rer             		 1.1968
EAD_rerdep          		 1
EAD_rk              		 0.0304529
EAD_rp              		 0
EAD_rr              		 1.00742
EAD_rrstar          		 1.00742
EAD_sh              		 1
EAD_si              		 1
EAD_sj              		 1
EAD_snt             		 1
EAD_t               		 0
EAD_tauc            		 0.183
EAD_taud            		 0
EAD_tauk            		 0
EAD_taun            		 0.122
EAD_tauwf           		 0.219
EAD_tauwh           		 0.118
EAD_tb              		 0.00687019
EAD_tby             		 0.00184887
EAD_ti              		 0
EAD_tj              		 0
EAD_tot             		 1.33268
EAD_tr              		 0.273325
EAD_tri             		 0.182217
EAD_trj             		 0.54665
EAD_try             		 0.073556
EAD_ttc             		 0.990153
EAD_tti             		 0.609631
EAD_ttcg            		 0.657409
EAD_ttig            		 0.131482
EAD_ty              		 0
EAD_u               		 1
EAD_utili           		 -72.5459
EAD_utilj           		 -222.784
EAD_vj              		 2.38
EAD_w               		 0.977851
EAD_wcst            		 0
EAD_whty            		 0.501178
EAD_wi              		 1.09639
EAD_witilde         		 1.09639
EAD_wj              		 0.800098
EAD_wjtilde         		 0.800098
EAD_wnty            		 0.490019
EAD_wy              		 0.496406
EAD_y               		 3.87499
EAD_ygap            		 0
EAD_ygrowth         		 1
EAD_ygrowth4        		 1
EAD_yhty            		 0.572332
EAD_ynty            		 0.427668
EAD_yshare          		 0.067566
EAD_ysn             		 1.44977
EAD_yst             		 2.42522
EAD_zcon            		 1
EAD_zinv            		 1
EAD_zn              		 1
EAD_zt              		 1
EAD_gammav1         		 0.0287061
EAD_gammav2         		 0.150338
EAD_nutc            		 0.223815
EAD_nuti            		 0.133456
EAD_nutcg           		 0.499877
EAD_nutig           		 0.499877
EAD_psit            		 0.0473189
EADEAA_rerbar       		 1
EADEAB_rerbar       		 1
EADEAC_rerbar       		 1
EADEAE_rerbar       		 1
EADEAF_rerbar       		 1
EADEAG_rerbar       		 1
EADEAH_rerbar       		 1
EADEAI_rerbar       		 1
EADEAJ_rerbar       		 1
EADEAK_rerbar       		 1
EADEAL_rerbar       		 1.00568
EADRW_rerbar        		 0.901795
EADUS_rerbar        		 1.1968
EAD_pibar           		 0.93941
EAD_psinbar         		 0.405937
EAD_psitbar         		 0.114759
EAD_pybar           		 0.958939
EAD_qbar            		 0.93941
EAD_trybar          		 0.073556
EAD_ybar            		 3.87499
EAD_ynbar           		 1.44977
EAD_ytbar           		 2.42522
EAEEAA_excy         		 0.0144083
EAEEAB_excy         		 0.0144083
EAEEAC_excy         		 0.0144083
EAEEAD_excy         		 0.0144083
EAEEAF_excy         		 0.0144083
EAEEAG_excy         		 0.0144083
EAEEAH_excy         		 0.0144083
EAEEAI_excy         		 0.0144083
EAEEAJ_excy         		 0.0144083
EAEEAK_excy         		 0.0144083
EAEEAL_excy         		 0.0147115
EAERW_excy          		 0.0148446
EAEUS_excy          		 0.00533722
EAEEAA_exiy         		 0.00994209
EAEEAB_exiy         		 0.00994209
EAEEAC_exiy         		 0.00994209
EAEEAD_exiy         		 0.00994209
EAEEAF_exiy         		 0.00994209
EAEEAG_exiy         		 0.00994209
EAEEAH_exiy         		 0.00994209
EAEEAI_exiy         		 0.00994209
EAEEAJ_exiy         		 0.00994209
EAEEAK_exiy         		 0.00994209
EAEEAL_exiy         		 0.0100072
EAERW_exiy          		 0.011593
EAEUS_exiy          		 0.00422401
EAE_fx              		 4.88787
EAEEAA_gammaimc     		 0
EAEEAB_gammaimc     		 0
EAEEAC_gammaimc     		 0
EAEEAD_gammaimc     		 0
EAEEAF_gammaimc     		 0
EAEEAG_gammaimc     		 0
EAEEAH_gammaimc     		 0
EAEEAI_gammaimc     		 0
EAEEAJ_gammaimc     		 0
EAEEAK_gammaimc     		 0
EAEEAL_gammaimc     		 0
EAERW_gammaimc      		 0
EAEUS_gammaimc      		 0
EAEEAA_gammaimcdag  		 1
EAEEAB_gammaimcdag  		 1
EAEEAC_gammaimcdag  		 1
EAEEAD_gammaimcdag  		 1
EAEEAF_gammaimcdag  		 1
EAEEAG_gammaimcdag  		 1
EAEEAH_gammaimcdag  		 1
EAEEAI_gammaimcdag  		 1
EAEEAJ_gammaimcdag  		 1
EAEEAK_gammaimcdag  		 1
EAEEAL_gammaimcdag  		 1
EAERW_gammaimcdag   		 1
EAEUS_gammaimcdag   		 1
EAEEAA_gammaimi     		 0
EAEEAB_gammaimi     		 0
EAEEAC_gammaimi     		 0
EAEEAD_gammaimi     		 0
EAEEAF_gammaimi     		 0
EAEEAG_gammaimi     		 0
EAEEAH_gammaimi     		 0
EAEEAI_gammaimi     		 0
EAEEAJ_gammaimi     		 0
EAEEAK_gammaimi     		 0
EAEEAL_gammaimi     		 0
EAERW_gammaimi      		 0
EAEUS_gammaimi      		 0
EAEEAA_gammaimidag  		 1
EAEEAB_gammaimidag  		 1
EAEEAC_gammaimidag  		 1
EAEEAD_gammaimidag  		 1
EAEEAF_gammaimidag  		 1
EAEEAG_gammaimidag  		 1
EAEEAH_gammaimidag  		 1
EAEEAI_gammaimidag  		 1
EAEEAJ_gammaimidag  		 1
EAEEAK_gammaimidag  		 1
EAEEAL_gammaimidag  		 1
EAERW_gammaimidag   		 1
EAEUS_gammaimidag   		 1
EAEEAA_gammaimcg    		 0
EAEEAB_gammaimcg    		 0
EAEEAC_gammaimcg    		 0
EAEEAD_gammaimcg    		 0
EAEEAF_gammaimcg    		 0
EAEEAG_gammaimcg    		 0
EAEEAH_gammaimcg    		 0
EAEEAI_gammaimcg    		 0
EAEEAJ_gammaimcg    		 0
EAEEAK_gammaimcg    		 0
EAEEAL_gammaimcg    		 0
EAERW_gammaimcg     		 0
EAEUS_gammaimcg     		 0
EAEEAA_gammaimcgdag 		 1
EAEEAB_gammaimcgdag 		 1
EAEEAC_gammaimcgdag 		 1
EAEEAD_gammaimcgdag 		 1
EAEEAF_gammaimcgdag 		 1
EAEEAG_gammaimcgdag 		 1
EAEEAH_gammaimcgdag 		 1
EAEEAI_gammaimcgdag 		 1
EAEEAJ_gammaimcgdag 		 1
EAEEAK_gammaimcgdag 		 1
EAEEAL_gammaimcgdag 		 1
EAERW_gammaimcgdag  		 1
EAEUS_gammaimcgdag  		 1
EAEEAA_gammaimig    		 0
EAEEAB_gammaimig    		 0
EAEEAC_gammaimig    		 0
EAEEAD_gammaimig    		 0
EAEEAF_gammaimig    		 0
EAEEAG_gammaimig    		 0
EAEEAH_gammaimig    		 0
EAEEAI_gammaimig    		 0
EAEEAJ_gammaimig    		 0
EAEEAK_gammaimig    		 0
EAEEAL_gammaimig    		 0
EAERW_gammaimig     		 0
EAEUS_gammaimig     		 0
EAEEAA_gammaimigdag 		 1
EAEEAB_gammaimigdag 		 1
EAEEAC_gammaimigdag 		 1
EAEEAD_gammaimigdag 		 1
EAEEAF_gammaimigdag 		 1
EAEEAG_gammaimigdag 		 1
EAEEAH_gammaimigdag 		 1
EAEEAI_gammaimigdag 		 1
EAEEAJ_gammaimigdag 		 1
EAEEAK_gammaimigdag 		 1
EAEEAL_gammaimigdag 		 1
EAERW_gammaimigdag  		 1
EAEUS_gammaimigdag  		 1
EAE_gx              		 5.86544
EAEEAA_im           		 0.134161
EAEEAB_im           		 0.134161
EAEEAC_im           		 0.134161
EAEEAD_im           		 0.134161
EAEEAF_im           		 0.134161
EAEEAG_im           		 0.134161
EAEEAH_im           		 0.134161
EAEEAI_im           		 0.134161
EAEEAJ_im           		 0.134161
EAEEAK_im           		 0.134161
EAEEAL_im           		 0.131465
EAERW_im            		 0.143103
EAEUS_im            		 0.0656111
EAEEAA_imc          		 0.0610544
EAEEAB_imc          		 0.0610544
EAEEAC_imc          		 0.0610544
EAEEAD_imc          		 0.0610544
EAEEAF_imc          		 0.0610544
EAEEAG_imc          		 0.0610544
EAEEAH_imc          		 0.0610544
EAEEAI_imc          		 0.0610544
EAEEAJ_imc          		 0.0610544
EAEEAK_imc          		 0.0610544
EAEEAL_imc          		 0.0598274
EAERW_imc           		 0.0651238
EAEUS_imc           		 0.0298585
EAEEAC_imcy         		 0.0144083
EAEEAA_imi          		 0.042129
EAEEAB_imi          		 0.042129
EAEEAC_imi          		 0.042129
EAEEAD_imi          		 0.042129
EAEEAF_imi          		 0.042129
EAEEAG_imi          		 0.042129
EAEEAH_imi          		 0.042129
EAEEAI_imi          		 0.042129
EAEEAJ_imi          		 0.042129
EAEEAK_imi          		 0.042129
EAEEAL_imi          		 0.0412823
EAERW_imi           		 0.0449369
EAEUS_imi           		 0.020603
EAEEAC_imiy         		 0.00994209
EAEEAA_imcg         		 0.025815
EAEEAB_imcg         		 0.025815
EAEEAC_imcg         		 0.025815
EAEEAD_imcg         		 0.025815
EAEEAF_imcg         		 0.025815
EAEEAG_imcg         		 0.025815
EAEEAH_imcg         		 0.025815
EAEEAI_imcg         		 0.025815
EAEEAJ_imcg         		 0.025815
EAEEAK_imcg         		 0.025815
EAEEAL_imcg         		 0.0252961
EAERW_imcg          		 0.0275355
EAEUS_imcg          		 0.0126247
EAEEAC_imcgy        		 0.00609211
EAEEAA_imig         		 0.00516299
EAEEAB_imig         		 0.00516299
EAEEAC_imig         		 0.00516299
EAEEAD_imig         		 0.00516299
EAEEAF_imig         		 0.00516299
EAEEAG_imig         		 0.00516299
EAEEAH_imig         		 0.00516299
EAEEAI_imig         		 0.00516299
EAEEAJ_imig         		 0.00516299
EAEEAK_imig         		 0.00516299
EAEEAL_imig         		 0.00505923
EAERW_imig          		 0.00550711
EAEUS_imig          		 0.00252494
EAEEAC_imigy        		 0.00121842
EAE_piex            		 1.00496
EAE_pextilde        		 0.876917
EAEEAA_rer          		 1
EAEEAB_rer          		 1
EAEEAC_rer          		 1
EAEEAD_rer          		 1
EAEEAF_rer          		 1
EAEEAG_rer          		 1
EAEEAH_rer          		 1
EAEEAI_rer          		 1
EAEEAJ_rer          		 1
EAEEAK_rer          		 1
EAEEAL_rer          		 1.00568
EAERW_rer           		 0.901795
EAEUS_rer           		 1.1968
EAE_sx              		 1
EAEEAA_tot          		 1
EAEEAB_tot          		 1
EAEEAC_tot          		 1
EAEEAD_tot          		 1
EAEEAF_tot          		 1
EAEEAG_tot          		 1
EAEEAH_tot          		 1
EAEEAI_tot          		 1
EAEEAJ_tot          		 1
EAEEAK_tot          		 1
EAEEAL_tot          		 1.00879
EAERW_tot           		 0.975531
EAEUS_tot           		 1.33268
EAEEAA_weight       		 0.0783525
EAEEAB_weight       		 0.0783525
EAEEAC_weight       		 0.0783525
EAEEAD_weight       		 0.0783525
EAEEAF_weight       		 0.0783525
EAEEAG_weight       		 0.0783525
EAEEAH_weight       		 0.0783525
EAEEAI_weight       		 0.0783525
EAEEAJ_weight       		 0.0783525
EAEEAK_weight       		 0.0783525
EAEEAL_weight       		 0.0779231
EAERW_weight        		 0.082814
EAEUS_weight        		 0.0557378
EAEEAA_weightex     		 0.077848
EAEEAB_weightex     		 0.077848
EAEEAC_weightex     		 0.077848
EAEEAD_weightex     		 0.077848
EAEEAF_weightex     		 0.077848
EAEEAG_weightex     		 0.077848
EAEEAH_weightex     		 0.077848
EAEEAI_weightex     		 0.077848
EAEEAJ_weightex     		 0.077848
EAEEAK_weightex     		 0.077848
EAEEAL_weightex     		 0.0778925
EAERW_weightex      		 0.0835674
EAEUS_weightex      		 0.0600598
EAEEAA_weightim     		 0.0788593
EAEEAB_weightim     		 0.0788593
EAEEAC_weightim     		 0.0788593
EAEEAD_weightim     		 0.0788593
EAEEAF_weightim     		 0.0788593
EAEEAG_weightim     		 0.0788593
EAEEAH_weightim     		 0.0788593
EAEEAI_weightim     		 0.0788593
EAEEAJ_weightim     		 0.0788593
EAEEAK_weightim     		 0.0788593
EAEEAL_weightim     		 0.0779539
EAERW_weightim      		 0.0820572
EAEUS_weightim      		 0.051396
EAE_b               		 8.91812
EAE_bf              		 -0.468039
EAE_by              		 2.4
EAE_c               		 2.07381
EAE_ci              		 2.41908
EAE_cj              		 1.03802
EAE_cy              		 0.558095
EAE_d               		 0.503669
EAE_dn              		 0.233078
EAE_dt              		 0.270591
EAE_etot            		 1.01475
EAE_ex              		 1.70911
EAE_fh              		 6.03073
EAE_fi              		 8.28472
EAE_fj              		 0.306842
EAE_fn              		 12.2093
EAE_cg              		 0.803546
EAE_gammab          		 0
EAE_gammai          		 0
EAE_gammaider       		 0
EAE_gammau          		 0
EAE_gammauder       		 0.0324171
EAE_gammav          		 0.000209492
EAE_gammavi         		 0.000101018
EAE_gammavider      		 0.00216519
EAE_gammavj         		 0.000101018
EAE_gammavjder      		 0.00216519
EAE_gh              		 7.23688
EAE_gi              		 4.42867
EAE_gj              		 3.4403
EAE_gn              		 18.314
EAE_cgy             		 0.2
EAE_ht              		 0.71611
EAE_htc             		 0.228989
EAE_hti             		 0.0843923
EAE_htcg            		 0.335607
EAE_htig            		 0.0671214
EAE_i               		 0.791109
EAE_ig              		 0.160709
EAE_ii              		 1.05481
EAE_im              		 1.67272
EAE_imc             		 0.761226
EAE_imi             		 0.525264
EAE_imcg            		 0.321861
EAE_imig            		 0.0643722
EAE_imy             		 0.401487
EAE_internalrer     		 1.23373
EAE_igy             		 0.04
EAE_k               		 31.6444
EAE_kd              		 31.6444
EAE_kdn             		 13.3592
EAE_kdt             		 18.2852
EAE_ki              		 42.1925
EAE_lambdai         		 1.15963
EAE_lambdaj         		 2.70248
EAE_lcy             		 0.605119
EAE_m               		 0.87135
EAE_mcn             		 0.730764
EAE_mct             		 0.730764
EAE_mi              		 1.01642
EAE_mj              		 0.436144
EAE_nd              		 1.88637
EAE_ndi             		 0.862038
EAE_ndj             		 1.12419
EAE_ndn             		 0.796359
EAE_ndt             		 1.09001
EAE_ni              		 0.862038
EAE_nj              		 1.12419
EAE_nt              		 1.44977
EAE_ntc             		 1.08954
EAE_nti             		 0.183092
EAE_ntcg            		 0.147621
EAE_ntig            		 0.0295241
EAE_pex             		 0.876917
EAE_pht             		 0.876917
EAE_phttilde        		 0.876917
EAE_pi              		 0.93941
EAE_pcg             		 0.924871
EAE_pig             		 0.924871
EAE_pic             		 1.00496
EAE_pic4            		 1.02
EAE_piex4           		 1.02
EAE_piht            		 1.00496
EAE_piimc           		 1.00496
EAE_piimi           		 1.00496
EAE_piimcg          		 1.00496
EAE_piimig          		 1.00496
EAE_piimc4          		 1.02
EAE_pim             		 0.891885
EAE_pimc            		 0.891885
EAE_pimi            		 0.891885
EAE_pimcg           		 0.891885
EAE_pimig           		 0.891885
EAE_pint            		 1.00496
EAE_piw             		 1.00496
EAE_piw4            		 1.02
EAE_pnt             		 1.09615
EAE_pnttilde        		 1.09615
EAE_pttc            		 0.88848
EAE_ptti            		 0.889851
EAE_pttcg           		 0.884324
EAE_pttig           		 0.884324
EAE_py              		 0.958939
EAE_q               		 0.93941
EAE_qc              		 2.07402
EAE_qi              		 0.791109
EAE_qcg             		 0.803546
EAE_qig             		 0.160709
EAE_r               		 1.01242
EAE_reer            		 1.0019
EAE_rer             		 1.1968
EAE_rerdep          		 1
EAE_rk              		 0.0304529
EAE_rp              		 0
EAE_rr              		 1.00742
EAE_rrstar          		 1.00742
EAE_sh              		 1
EAE_si              		 1
EAE_sj              		 1
EAE_snt             		 1
EAE_t               		 0
EAE_tauc            		 0.183
EAE_taud            		 0
EAE_tauk            		 0
EAE_taun            		 0.122
EAE_tauwf           		 0.219
EAE_tauwh           		 0.118
EAE_tb              		 0.00687019
EAE_tby             		 0.00184887
EAE_ti              		 0
EAE_tj              		 0
EAE_tot             		 1.33268
EAE_tr              		 0.273325
EAE_tri             		 0.182217
EAE_trj             		 0.54665
EAE_try             		 0.073556
EAE_ttc             		 0.990153
EAE_tti             		 0.609631
EAE_ttcg            		 0.657409
EAE_ttig            		 0.131482
EAE_ty              		 0
EAE_u               		 1
EAE_utili           		 -72.5459
EAE_utilj           		 -222.784
EAE_vj              		 2.38
EAE_w               		 0.977851
EAE_wcst            		 0
EAE_whty            		 0.501178
EAE_wi              		 1.09639
EAE_witilde         		 1.09639
EAE_wj              		 0.800098
EAE_wjtilde         		 0.800098
EAE_wnty            		 0.490019
EAE_wy              		 0.496406
EAE_y               		 3.87499
EAE_ygap            		 0
EAE_ygrowth         		 1
EAE_ygrowth4        		 1
EAE_yhty            		 0.572332
EAE_ynty            		 0.427668
EAE_yshare          		 0.067566
EAE_ysn             		 1.44977
EAE_yst             		 2.42522
EAE_zcon            		 1
EAE_zinv            		 1
EAE_zn              		 1
EAE_zt              		 1
EAE_gammav1         		 0.0287061
EAE_gammav2         		 0.150338
EAE_nutc            		 0.223815
EAE_nuti            		 0.133456
EAE_nutcg           		 0.499877
EAE_nutig           		 0.499877
EAE_psit            		 0.0473189
EAEEAA_rerbar       		 1
EAEEAB_rerbar       		 1
EAEEAC_rerbar       		 1
EAEEAD_rerbar       		 1
EAEEAF_rerbar       		 1
EAEEAG_rerbar       		 1
EAEEAH_rerbar       		 1
EAEEAI_rerbar       		 1
EAEEAJ_rerbar       		 1
EAEEAK_rerbar       		 1
EAEEAL_rerbar       		 1.00568
EAERW_rerbar        		 0.901795
EAEUS_rerbar        		 1.1968
EAE_pibar           		 0.93941
EAE_psinbar         		 0.405937
EAE_psitbar         		 0.114759
EAE_pybar           		 0.958939
EAE_qbar            		 0.93941
EAE_trybar          		 0.073556
EAE_ybar            		 3.87499
EAE_ynbar           		 1.44977
EAE_ytbar           		 2.42522
EAFEAA_excy         		 0.0144083
EAFEAB_excy         		 0.0144083
EAFEAC_excy         		 0.0144083
EAFEAD_excy         		 0.0144083
EAFEAE_excy         		 0.0144083
EAFEAG_excy         		 0.0144083
EAFEAH_excy         		 0.0144083
EAFEAI_excy         		 0.0144083
EAFEAJ_excy         		 0.0144083
EAFEAK_excy         		 0.0144083
EAFEAL_excy         		 0.0147115
EAFRW_excy          		 0.0148446
EAFUS_excy          		 0.00533722
EAFEAA_exiy         		 0.00994209
EAFEAB_exiy         		 0.00994209
EAFEAC_exiy         		 0.00994209
EAFEAD_exiy         		 0.00994209
EAFEAE_exiy         		 0.00994209
EAFEAG_exiy         		 0.00994209
EAFEAH_exiy         		 0.00994209
EAFEAI_exiy         		 0.00994209
EAFEAJ_exiy         		 0.00994209
EAFEAK_exiy         		 0.00994209
EAFEAL_exiy         		 0.0100072
EAFRW_exiy          		 0.011593
EAFUS_exiy          		 0.00422401
EAF_fx              		 4.88787
EAFEAA_gammaimc     		 0
EAFEAB_gammaimc     		 0
EAFEAC_gammaimc     		 0
EAFEAD_gammaimc     		 0
EAFEAE_gammaimc     		 0
EAFEAG_gammaimc     		 0
EAFEAH_gammaimc     		 0
EAFEAI_gammaimc     		 0
EAFEAJ_gammaimc     		 0
EAFEAK_gammaimc     		 0
EAFEAL_gammaimc     		 0
EAFRW_gammaimc      		 0
EAFUS_gammaimc      		 0
EAFEAA_gammaimcdag  		 1
EAFEAB_gammaimcdag  		 1
EAFEAC_gammaimcdag  		 1
EAFEAD_gammaimcdag  		 1
EAFEAE_gammaimcdag  		 1
EAFEAG_gammaimcdag  		 1
EAFEAH_gammaimcdag  		 1
EAFEAI_gammaimcdag  		 1
EAFEAJ_gammaimcdag  		 1
EAFEAK_gammaimcdag  		 1
EAFEAL_gammaimcdag  		 1
EAFRW_gammaimcdag   		 1
EAFUS_gammaimcdag   		 1
EAFEAA_gammaimi     		 0
EAFEAB_gammaimi     		 0
EAFEAC_gammaimi     		 0
EAFEAD_gammaimi     		 0
EAFEAE_gammaimi     		 0
EAFEAG_gammaimi     		 0
EAFEAH_gammaimi     		 0
EAFEAI_gammaimi     		 0
EAFEAJ_gammaimi     		 0
EAFEAK_gammaimi     		 0
EAFEAL_gammaimi     		 0
EAFRW_gammaimi      		 0
EAFUS_gammaimi      		 0
EAFEAA_gammaimidag  		 1
EAFEAB_gammaimidag  		 1
EAFEAC_gammaimidag  		 1
EAFEAD_gammaimidag  		 1
EAFEAE_gammaimidag  		 1
EAFEAG_gammaimidag  		 1
EAFEAH_gammaimidag  		 1
EAFEAI_gammaimidag  		 1
EAFEAJ_gammaimidag  		 1
EAFEAK_gammaimidag  		 1
EAFEAL_gammaimidag  		 1
EAFRW_gammaimidag   		 1
EAFUS_gammaimidag   		 1
EAFEAA_gammaimcg    		 0
EAFEAB_gammaimcg    		 0
EAFEAC_gammaimcg    		 0
EAFEAD_gammaimcg    		 0
EAFEAE_gammaimcg    		 0
EAFEAG_gammaimcg    		 0
EAFEAH_gammaimcg    		 0
EAFEAI_gammaimcg    		 0
EAFEAJ_gammaimcg    		 0
EAFEAK_gammaimcg    		 0
EAFEAL_gammaimcg    		 0
EAFRW_gammaimcg     		 0
EAFUS_gammaimcg     		 0
EAFEAA_gammaimcgdag 		 1
EAFEAB_gammaimcgdag 		 1
EAFEAC_gammaimcgdag 		 1
EAFEAD_gammaimcgdag 		 1
EAFEAE_gammaimcgdag 		 1
EAFEAG_gammaimcgdag 		 1
EAFEAH_gammaimcgdag 		 1
EAFEAI_gammaimcgdag 		 1
EAFEAJ_gammaimcgdag 		 1
EAFEAK_gammaimcgdag 		 1
EAFEAL_gammaimcgdag 		 1
EAFRW_gammaimcgdag  		 1
EAFUS_gammaimcgdag  		 1
EAFEAA_gammaimig    		 0
EAFEAB_gammaimig    		 0
EAFEAC_gammaimig    		 0
EAFEAD_gammaimig    		 0
EAFEAE_gammaimig    		 0
EAFEAG_gammaimig    		 0
EAFEAH_gammaimig    		 0
EAFEAI_gammaimig    		 0
EAFEAJ_gammaimig    		 0
EAFEAK_gammaimig    		 0
EAFEAL_gammaimig    		 0
EAFRW_gammaimig     		 0
EAFUS_gammaimig     		 0
EAFEAA_gammaimigdag 		 1
EAFEAB_gammaimigdag 		 1
EAFEAC_gammaimigdag 		 1
EAFEAD_gammaimigdag 		 1
EAFEAE_gammaimigdag 		 1
EAFEAG_gammaimigdag 		 1
EAFEAH_gammaimigdag 		 1
EAFEAI_gammaimigdag 		 1
EAFEAJ_gammaimigdag 		 1
EAFEAK_gammaimigdag 		 1
EAFEAL_gammaimigdag 		 1
EAFRW_gammaimigdag  		 1
EAFUS_gammaimigdag  		 1
EAF_gx              		 5.86544
EAFEAA_im           		 0.134161
EAFEAB_im           		 0.134161
EAFEAC_im           		 0.134161
EAFEAD_im           		 0.134161
EAFEAE_im           		 0.134161
EAFEAG_im           		 0.134161
EAFEAH_im           		 0.134161
EAFEAI_im           		 0.134161
EAFEAJ_im           		 0.134161
EAFEAK_im           		 0.134161
EAFEAL_im           		 0.131465
EAFRW_im            		 0.143103
EAFUS_im            		 0.0656111
EAFEAA_imc          		 0.0610544
EAFEAB_imc          		 0.0610544
EAFEAC_imc          		 0.0610544
EAFEAD_imc          		 0.0610544
EAFEAE_imc          		 0.0610544
EAFEAG_imc          		 0.0610544
EAFEAH_imc          		 0.0610544
EAFEAI_imc          		 0.0610544
EAFEAJ_imc          		 0.0610544
EAFEAK_imc          		 0.0610544
EAFEAL_imc          		 0.0598274
EAFRW_imc           		 0.0651238
EAFUS_imc           		 0.0298585
EAFEAD_imcy         		 0.0144083
EAFEAA_imi          		 0.042129
EAFEAB_imi          		 0.042129
EAFEAC_imi          		 0.042129
EAFEAD_imi          		 0.042129
EAFEAE_imi          		 0.042129
EAFEAG_imi          		 0.042129
EAFEAH_imi          		 0.042129
EAFEAI_imi          		 0.042129
EAFEAJ_imi          		 0.042129
EAFEAK_imi          		 0.042129
EAFEAL_imi          		 0.0412823
EAFRW_imi           		 0.0449369
EAFUS_imi           		 0.020603
EAFEAD_imiy         		 0.00994209
EAFEAA_imcg         		 0.025815
EAFEAB_imcg         		 0.025815
EAFEAC_imcg         		 0.025815
EAFEAD_imcg         		 0.025815
EAFEAE_imcg         		 0.025815
EAFEAG_imcg         		 0.025815
EAFEAH_imcg         		 0.025815
EAFEAI_imcg         		 0.025815
EAFEAJ_imcg         		 0.025815
EAFEAK_imcg         		 0.025815
EAFEAL_imcg         		 0.0252961
EAFRW_imcg          		 0.0275355
EAFUS_imcg          		 0.0126247
EAFEAD_imcgy        		 0.00609211
EAFEAA_imig         		 0.00516299
EAFEAB_imig         		 0.00516299
EAFEAC_imig         		 0.00516299
EAFEAD_imig         		 0.00516299
EAFEAE_imig         		 0.00516299
EAFEAG_imig         		 0.00516299
EAFEAH_imig         		 0.00516299
EAFEAI_imig         		 0.00516299
EAFEAJ_imig         		 0.00516299
EAFEAK_imig         		 0.00516299
EAFEAL_imig         		 0.00505923
EAFRW_imig          		 0.00550711
EAFUS_imig          		 0.00252494
EAFEAD_imigy        		 0.00121842
EAF_piex            		 1.00496
EAF_pextilde        		 0.876917
EAFEAA_rer          		 1
EAFEAB_rer          		 1
EAFEAC_rer          		 1
EAFEAD_rer          		 1
EAFEAE_rer          		 1
EAFEAG_rer          		 1
EAFEAH_rer          		 1
EAFEAI_rer          		 1
EAFEAJ_rer          		 1
EAFEAK_rer          		 1
EAFEAL_rer          		 1.00568
EAFRW_rer           		 0.901795
EAFUS_rer           		 1.1968
EAF_sx              		 1
EAFEAA_tot          		 1
EAFEAB_tot          		 1
EAFEAC_tot          		 1
EAFEAD_tot          		 1
EAFEAE_tot          		 1
EAFEAG_tot          		 1
EAFEAH_tot          		 1
EAFEAI_tot          		 1
EAFEAJ_tot          		 1
EAFEAK_tot          		 1
EAFEAL_tot          		 1.00879
EAFRW_tot           		 0.975531
EAFUS_tot           		 1.33268
EAFEAA_weight       		 0.0783525
EAFEAB_weight       		 0.0783525
EAFEAC_weight       		 0.0783525
EAFEAD_weight       		 0.0783525
EAFEAE_weight       		 0.0783525
EAFEAG_weight       		 0.0783525
EAFEAH_weight       		 0.0783525
EAFEAI_weight       		 0.0783525
EAFEAJ_weight       		 0.0783525
EAFEAK_weight       		 0.0783525
EAFEAL_weight       		 0.0779231
EAFRW_weight        		 0.082814
EAFUS_weight        		 0.0557378
EAFEAA_weightex     		 0.077848
EAFEAB_weightex     		 0.077848
EAFEAC_weightex     		 0.077848
EAFEAD_weightex     		 0.077848
EAFEAE_weightex     		 0.077848
EAFEAG_weightex     		 0.077848
EAFEAH_weightex     		 0.077848
EAFEAI_weightex     		 0.077848
EAFEAJ_weightex     		 0.077848
EAFEAK_weightex     		 0.077848
EAFEAL_weightex     		 0.0778925
EAFRW_weightex      		 0.0835674
EAFUS_weightex      		 0.0600598
EAFEAA_weightim     		 0.0788593
EAFEAB_weightim     		 0.0788593
EAFEAC_weightim     		 0.0788593
EAFEAD_weightim     		 0.0788593
EAFEAE_weightim     		 0.0788593
EAFEAG_weightim     		 0.0788593
EAFEAH_weightim     		 0.0788593
EAFEAI_weightim     		 0.0788593
EAFEAJ_weightim     		 0.0788593
EAFEAK_weightim     		 0.0788593
EAFEAL_weightim     		 0.0779539
EAFRW_weightim      		 0.0820572
EAFUS_weightim      		 0.051396
EAF_b               		 8.91812
EAF_bf              		 -0.468039
EAF_by              		 2.4
EAF_c               		 2.07381
EAF_ci              		 2.41908
EAF_cj              		 1.03802
EAF_cy              		 0.558095
EAF_d               		 0.503669
EAF_dn              		 0.233078
EAF_dt              		 0.270591
EAF_etot            		 1.01475
EAF_ex              		 1.70911
EAF_fh              		 6.03073
EAF_fi              		 8.28472
EAF_fj              		 0.306842
EAF_fn              		 12.2093
EAF_cg              		 0.803546
EAF_gammab          		 0
EAF_gammai          		 0
EAF_gammaider       		 0
EAF_gammau          		 0
EAF_gammauder       		 0.0324171
EAF_gammav          		 0.000209492
EAF_gammavi         		 0.000101018
EAF_gammavider      		 0.00216519
EAF_gammavj         		 0.000101018
EAF_gammavjder      		 0.00216519
EAF_gh              		 7.23688
EAF_gi              		 4.42867
EAF_gj              		 3.4403
EAF_gn              		 18.314
EAF_cgy             		 0.2
EAF_ht              		 0.71611
EAF_htc             		 0.228989
EAF_hti             		 0.0843923
EAF_htcg            		 0.335607
EAF_htig            		 0.0671214
EAF_i               		 0.791109
EAF_ig              		 0.160709
EAF_ii              		 1.05481
EAF_im              		 1.67272
EAF_imc             		 0.761226
EAF_imi             		 0.525264
EAF_imcg            		 0.321861
EAF_imig            		 0.0643722
EAF_imy             		 0.401487
EAF_internalrer     		 1.23373
EAF_igy             		 0.04
EAF_k               		 31.6444
EAF_kd              		 31.6444
EAF_kdn             		 13.3592
EAF_kdt             		 18.2852
EAF_ki              		 42.1925
EAF_lambdai         		 1.15963
EAF_lambdaj         		 2.70248
EAF_lcy             		 0.605119
EAF_m               		 0.87135
EAF_mcn             		 0.730764
EAF_mct             		 0.730764
EAF_mi              		 1.01642
EAF_mj              		 0.436144
EAF_nd              		 1.88637
EAF_ndi             		 0.862038
EAF_ndj             		 1.12419
EAF_ndn             		 0.796359
EAF_ndt             		 1.09001
EAF_ni              		 0.862038
EAF_nj              		 1.12419
EAF_nt              		 1.44977
EAF_ntc             		 1.08954
EAF_nti             		 0.183092
EAF_ntcg            		 0.147621
EAF_ntig            		 0.0295241
EAF_pex             		 0.876917
EAF_pht             		 0.876917
EAF_phttilde        		 0.876917
EAF_pi              		 0.93941
EAF_pcg             		 0.924871
EAF_pig             		 0.924871
EAF_pic             		 1.00496
EAF_pic4            		 1.02
EAF_piex4           		 1.02
EAF_piht            		 1.00496
EAF_piimc           		 1.00496
EAF_piimi           		 1.00496
EAF_piimcg          		 1.00496
EAF_piimig          		 1.00496
EAF_piimc4          		 1.02
EAF_pim             		 0.891885
EAF_pimc            		 0.891885
EAF_pimi            		 0.891885
EAF_pimcg           		 0.891885
EAF_pimig           		 0.891885
EAF_pint            		 1.00496
EAF_piw             		 1.00496
EAF_piw4            		 1.02
EAF_pnt             		 1.09615
EAF_pnttilde        		 1.09615
EAF_pttc            		 0.88848
EAF_ptti            		 0.889851
EAF_pttcg           		 0.884324
EAF_pttig           		 0.884324
EAF_py              		 0.958939
EAF_q               		 0.93941
EAF_qc              		 2.07402
EAF_qi              		 0.791109
EAF_qcg             		 0.803546
EAF_qig             		 0.160709
EAF_r               		 1.01242
EAF_reer            		 1.0019
EAF_rer             		 1.1968
EAF_rerdep          		 1
EAF_rk              		 0.0304529
EAF_rp              		 0
EAF_rr              		 1.00742
EAF_rrstar          		 1.00742
EAF_sh              		 1
EAF_si              		 1
EAF_sj              		 1
EAF_snt             		 1
EAF_t               		 0
EAF_tauc            		 0.183
EAF_taud            		 0
EAF_tauk            		 0
EAF_taun            		 0.122
EAF_tauwf           		 0.219
EAF_tauwh           		 0.118
EAF_tb              		 0.00687019
EAF_tby             		 0.00184887
EAF_ti              		 0
EAF_tj              		 0
EAF_tot             		 1.33268
EAF_tr              		 0.273325
EAF_tri             		 0.182217
EAF_trj             		 0.54665
EAF_try             		 0.073556
EAF_ttc             		 0.990153
EAF_tti             		 0.609631
EAF_ttcg            		 0.657409
EAF_ttig            		 0.131482
EAF_ty              		 0
EAF_u               		 1
EAF_utili           		 -72.5459
EAF_utilj           		 -222.784
EAF_vj              		 2.38
EAF_w               		 0.977851
EAF_wcst            		 0
EAF_whty            		 0.501178
EAF_wi              		 1.09639
EAF_witilde         		 1.09639
EAF_wj              		 0.800098
EAF_wjtilde         		 0.800098
EAF_wnty            		 0.490019
EAF_wy              		 0.496406
EAF_y               		 3.87499
EAF_ygap            		 0
EAF_ygrowth         		 1
EAF_ygrowth4        		 1
EAF_yhty            		 0.572332
EAF_ynty            		 0.427668
EAF_yshare          		 0.067566
EAF_ysn             		 1.44977
EAF_yst             		 2.42522
EAF_zcon            		 1
EAF_zinv            		 1
EAF_zn              		 1
EAF_zt              		 1
EAF_gammav1         		 0.0287061
EAF_gammav2         		 0.150338
EAF_nutc            		 0.223815
EAF_nuti            		 0.133456
EAF_nutcg           		 0.499877
EAF_nutig           		 0.499877
EAF_psit            		 0.0473189
EAFEAA_rerbar       		 1
EAFEAB_rerbar       		 1
EAFEAC_rerbar       		 1
EAFEAD_rerbar       		 1
EAFEAE_rerbar       		 1
EAFEAG_rerbar       		 1
EAFEAH_rerbar       		 1
EAFEAI_rerbar       		 1
EAFEAJ_rerbar       		 1
EAFEAK_rerbar       		 1
EAFEAL_rerbar       		 1.00568
EAFRW_rerbar        		 0.901795
EAFUS_rerbar        		 1.1968
EAF_pibar           		 0.93941
EAF_psinbar         		 0.405937
EAF_psitbar         		 0.114759
EAF_pybar           		 0.958939
EAF_qbar            		 0.93941
EAF_trybar          		 0.073556
EAF_ybar            		 3.87499
EAF_ynbar           		 1.44977
EAF_ytbar           		 2.42522
EAGEAA_excy         		 0.0144083
EAGEAB_excy         		 0.0144083
EAGEAC_excy         		 0.0144083
EAGEAD_excy         		 0.0144083
EAGEAE_excy         		 0.0144083
EAGEAF_excy         		 0.0144083
EAGEAH_excy         		 0.0144083
EAGEAI_excy         		 0.0144083
EAGEAJ_excy         		 0.0144083
EAGEAK_excy         		 0.0144083
EAGEAL_excy         		 0.0147115
EAGRW_excy          		 0.0148446
EAGUS_excy          		 0.00533722
EAGEAA_exiy         		 0.00994209
EAGEAB_exiy         		 0.00994209
EAGEAC_exiy         		 0.00994209
EAGEAD_exiy         		 0.00994209
EAGEAE_exiy         		 0.00994209
EAGEAF_exiy         		 0.00994209
EAGEAH_exiy         		 0.00994209
EAGEAI_exiy         		 0.00994209
EAGEAJ_exiy         		 0.00994209
EAGEAK_exiy         		 0.00994209
EAGEAL_exiy         		 0.0100072
EAGRW_exiy          		 0.011593
EAGUS_exiy          		 0.00422401
EAG_fx              		 4.88787
EAGEAA_gammaimc     		 0
EAGEAB_gammaimc     		 0
EAGEAC_gammaimc     		 0
EAGEAD_gammaimc     		 0
EAGEAE_gammaimc     		 0
EAGEAF_gammaimc     		 0
EAGEAH_gammaimc     		 0
EAGEAI_gammaimc     		 0
EAGEAJ_gammaimc     		 0
EAGEAK_gammaimc     		 0
EAGEAL_gammaimc     		 0
EAGRW_gammaimc      		 0
EAGUS_gammaimc      		 0
EAGEAA_gammaimcdag  		 1
EAGEAB_gammaimcdag  		 1
EAGEAC_gammaimcdag  		 1
EAGEAD_gammaimcdag  		 1
EAGEAE_gammaimcdag  		 1
EAGEAF_gammaimcdag  		 1
EAGEAH_gammaimcdag  		 1
EAGEAI_gammaimcdag  		 1
EAGEAJ_gammaimcdag  		 1
EAGEAK_gammaimcdag  		 1
EAGEAL_gammaimcdag  		 1
EAGRW_gammaimcdag   		 1
EAGUS_gammaimcdag   		 1
EAGEAA_gammaimi     		 0
EAGEAB_gammaimi     		 0
EAGEAC_gammaimi     		 0
EAGEAD_gammaimi     		 0
EAGEAE_gammaimi     		 0
EAGEAF_gammaimi     		 0
EAGEAH_gammaimi     		 0
EAGEAI_gammaimi     		 0
EAGEAJ_gammaimi     		 0
EAGEAK_gammaimi     		 0
EAGEAL_gammaimi     		 0
EAGRW_gammaimi      		 0
EAGUS_gammaimi      		 0
EAGEAA_gammaimidag  		 1
EAGEAB_gammaimidag  		 1
EAGEAC_gammaimidag  		 1
EAGEAD_gammaimidag  		 1
EAGEAE_gammaimidag  		 1
EAGEAF_gammaimidag  		 1
EAGEAH_gammaimidag  		 1
EAGEAI_gammaimidag  		 1
EAGEAJ_gammaimidag  		 1
EAGEAK_gammaimidag  		 1
EAGEAL_gammaimidag  		 1
EAGRW_gammaimidag   		 1
EAGUS_gammaimidag   		 1
EAGEAA_gammaimcg    		 0
EAGEAB_gammaimcg    		 0
EAGEAC_gammaimcg    		 0
EAGEAD_gammaimcg    		 0
EAGEAE_gammaimcg    		 0
EAGEAF_gammaimcg    		 0
EAGEAH_gammaimcg    		 0
EAGEAI_gammaimcg    		 0
EAGEAJ_gammaimcg    		 0
EAGEAK_gammaimcg    		 0
EAGEAL_gammaimcg    		 0
EAGRW_gammaimcg     		 0
EAGUS_gammaimcg     		 0
EAGEAA_gammaimcgdag 		 1
EAGEAB_gammaimcgdag 		 1
EAGEAC_gammaimcgdag 		 1
EAGEAD_gammaimcgdag 		 1
EAGEAE_gammaimcgdag 		 1
EAGEAF_gammaimcgdag 		 1
EAGEAH_gammaimcgdag 		 1
EAGEAI_gammaimcgdag 		 1
EAGEAJ_gammaimcgdag 		 1
EAGEAK_gammaimcgdag 		 1
EAGEAL_gammaimcgdag 		 1
EAGRW_gammaimcgdag  		 1
EAGUS_gammaimcgdag  		 1
EAGEAA_gammaimig    		 0
EAGEAB_gammaimig    		 0
EAGEAC_gammaimig    		 0
EAGEAD_gammaimig    		 0
EAGEAE_gammaimig    		 0
EAGEAF_gammaimig    		 0
EAGEAH_gammaimig    		 0
EAGEAI_gammaimig    		 0
EAGEAJ_gammaimig    		 0
EAGEAK_gammaimig    		 0
EAGEAL_gammaimig    		 0
EAGRW_gammaimig     		 0
EAGUS_gammaimig     		 0
EAGEAA_gammaimigdag 		 1
EAGEAB_gammaimigdag 		 1
EAGEAC_gammaimigdag 		 1
EAGEAD_gammaimigdag 		 1
EAGEAE_gammaimigdag 		 1
EAGEAF_gammaimigdag 		 1
EAGEAH_gammaimigdag 		 1
EAGEAI_gammaimigdag 		 1
EAGEAJ_gammaimigdag 		 1
EAGEAK_gammaimigdag 		 1
EAGEAL_gammaimigdag 		 1
EAGRW_gammaimigdag  		 1
EAGUS_gammaimigdag  		 1
EAG_gx              		 5.86544
EAGEAA_im           		 0.134161
EAGEAB_im           		 0.134161
EAGEAC_im           		 0.134161
EAGEAD_im           		 0.134161
EAGEAE_im           		 0.134161
EAGEAF_im           		 0.134161
EAGEAH_im           		 0.134161
EAGEAI_im           		 0.134161
EAGEAJ_im           		 0.134161
EAGEAK_im           		 0.134161
EAGEAL_im           		 0.131465
EAGRW_im            		 0.143103
EAGUS_im            		 0.0656111
EAGEAA_imc          		 0.0610544
EAGEAB_imc          		 0.0610544
EAGEAC_imc          		 0.0610544
EAGEAD_imc          		 0.0610544
EAGEAE_imc          		 0.0610544
EAGEAF_imc          		 0.0610544
EAGEAH_imc          		 0.0610544
EAGEAI_imc          		 0.0610544
EAGEAJ_imc          		 0.0610544
EAGEAK_imc          		 0.0610544
EAGEAL_imc          		 0.0598274
EAGRW_imc           		 0.0651238
EAGUS_imc           		 0.0298585
EAGEAE_imcy         		 0.0144083
EAGEAA_imi          		 0.042129
EAGEAB_imi          		 0.042129
EAGEAC_imi          		 0.042129
EAGEAD_imi          		 0.042129
EAGEAE_imi          		 0.042129
EAGEAF_imi          		 0.042129
EAGEAH_imi          		 0.042129
EAGEAI_imi          		 0.042129
EAGEAJ_imi          		 0.042129
EAGEAK_imi          		 0.042129
EAGEAL_imi          		 0.0412823
EAGRW_imi           		 0.0449369
EAGUS_imi           		 0.020603
EAGEAE_imiy         		 0.00994209
EAGEAA_imcg         		 0.025815
EAGEAB_imcg         		 0.025815
EAGEAC_imcg         		 0.025815
EAGEAD_imcg         		 0.025815
EAGEAE_imcg         		 0.025815
EAGEAF_imcg         		 0.025815
EAGEAH_imcg         		 0.025815
EAGEAI_imcg         		 0.025815
EAGEAJ_imcg         		 0.025815
EAGEAK_imcg         		 0.025815
EAGEAL_imcg         		 0.0252961
EAGRW_imcg          		 0.0275355
EAGUS_imcg          		 0.0126247
EAGEAE_imcgy        		 0.00609211
EAGEAA_imig         		 0.00516299
EAGEAB_imig         		 0.00516299
EAGEAC_imig         		 0.00516299
EAGEAD_imig         		 0.00516299
EAGEAE_imig         		 0.00516299
EAGEAF_imig         		 0.00516299
EAGEAH_imig         		 0.00516299
EAGEAI_imig         		 0.00516299
EAGEAJ_imig         		 0.00516299
EAGEAK_imig         		 0.00516299
EAGEAL_imig         		 0.00505923
EAGRW_imig          		 0.00550711
EAGUS_imig          		 0.00252494
EAGEAE_imigy        		 0.00121842
EAG_piex            		 1.00496
EAG_pextilde        		 0.876917
EAGEAA_rer          		 1
EAGEAB_rer          		 1
EAGEAC_rer          		 1
EAGEAD_rer          		 1
EAGEAE_rer          		 1
EAGEAF_rer          		 1
EAGEAH_rer          		 1
EAGEAI_rer          		 1
EAGEAJ_rer          		 1
EAGEAK_rer          		 1
EAGEAL_rer          		 1.00568
EAGRW_rer           		 0.901795
EAGUS_rer           		 1.1968
EAG_sx              		 1
EAGEAA_tot          		 1
EAGEAB_tot          		 1
EAGEAC_tot          		 1
EAGEAD_tot          		 1
EAGEAE_tot          		 1
EAGEAF_tot          		 1
EAGEAH_tot          		 1
EAGEAI_tot          		 1
EAGEAJ_tot          		 1
EAGEAK_tot          		 1
EAGEAL_tot          		 1.00879
EAGRW_tot           		 0.975531
EAGUS_tot           		 1.33268
EAGEAA_weight       		 0.0783525
EAGEAB_weight       		 0.0783525
EAGEAC_weight       		 0.0783525
EAGEAD_weight       		 0.0783525
EAGEAE_weight       		 0.0783525
EAGEAF_weight       		 0.0783525
EAGEAH_weight       		 0.0783525
EAGEAI_weight       		 0.0783525
EAGEAJ_weight       		 0.0783525
EAGEAK_weight       		 0.0783525
EAGEAL_weight       		 0.0779231
EAGRW_weight        		 0.082814
EAGUS_weight        		 0.0557378
EAGEAA_weightex     		 0.077848
EAGEAB_weightex     		 0.077848
EAGEAC_weightex     		 0.077848
EAGEAD_weightex     		 0.077848
EAGEAE_weightex     		 0.077848
EAGEAF_weightex     		 0.077848
EAGEAH_weightex     		 0.077848
EAGEAI_weightex     		 0.077848
EAGEAJ_weightex     		 0.077848
EAGEAK_weightex     		 0.077848
EAGEAL_weightex     		 0.0778925
EAGRW_weightex      		 0.0835674
EAGUS_weightex      		 0.0600598
EAGEAA_weightim     		 0.0788593
EAGEAB_weightim     		 0.0788593
EAGEAC_weightim     		 0.0788593
EAGEAD_weightim     		 0.0788593
EAGEAE_weightim     		 0.0788593
EAGEAF_weightim     		 0.0788593
EAGEAH_weightim     		 0.0788593
EAGEAI_weightim     		 0.0788593
EAGEAJ_weightim     		 0.0788593
EAGEAK_weightim     		 0.0788593
EAGEAL_weightim     		 0.0779539
EAGRW_weightim      		 0.0820572
EAGUS_weightim      		 0.051396
EAG_b               		 8.91812
EAG_bf              		 -0.468039
EAG_by              		 2.4
EAG_c               		 2.07381
EAG_ci              		 2.41908
EAG_cj              		 1.03802
EAG_cy              		 0.558095
EAG_d               		 0.503669
EAG_dn              		 0.233078
EAG_dt              		 0.270591
EAG_etot            		 1.01475
EAG_ex              		 1.70911
EAG_fh              		 6.03073
EAG_fi              		 8.28472
EAG_fj              		 0.306842
EAG_fn              		 12.2093
EAG_cg              		 0.803546
EAG_gammab          		 0
EAG_gammai          		 0
EAG_gammaider       		 0
EAG_gammau          		 0
EAG_gammauder       		 0.0324171
EAG_gammav          		 0.000209492
EAG_gammavi         		 0.000101018
EAG_gammavider      		 0.00216519
EAG_gammavj         		 0.000101018
EAG_gammavjder      		 0.00216519
EAG_gh              		 7.23688
EAG_gi              		 4.42867
EAG_gj              		 3.4403
EAG_gn              		 18.314
EAG_cgy             		 0.2
EAG_ht              		 0.71611
EAG_htc             		 0.228989
EAG_hti             		 0.0843923
EAG_htcg            		 0.335607
EAG_htig            		 0.0671214
EAG_i               		 0.791109
EAG_ig              		 0.160709
EAG_ii              		 1.05481
EAG_im              		 1.67272
EAG_imc             		 0.761226
EAG_imi             		 0.525264
EAG_imcg            		 0.321861
EAG_imig            		 0.0643722
EAG_imy             		 0.401487
EAG_internalrer     		 1.23373
EAG_igy             		 0.04
EAG_k               		 31.6444
EAG_kd              		 31.6444
EAG_kdn             		 13.3592
EAG_kdt             		 18.2852
EAG_ki              		 42.1925
EAG_lambdai         		 1.15963
EAG_lambdaj         		 2.70248
EAG_lcy             		 0.605119
EAG_m               		 0.87135
EAG_mcn             		 0.730764
EAG_mct             		 0.730764
EAG_mi              		 1.01642
EAG_mj              		 0.436144
EAG_nd              		 1.88637
EAG_ndi             		 0.862038
EAG_ndj             		 1.12419
EAG_ndn             		 0.796359
EAG_ndt             		 1.09001
EAG_ni              		 0.862038
EAG_nj              		 1.12419
EAG_nt              		 1.44977
EAG_ntc             		 1.08954
EAG_nti             		 0.183092
EAG_ntcg            		 0.147621
EAG_ntig            		 0.0295241
EAG_pex             		 0.876917
EAG_pht             		 0.876917
EAG_phttilde        		 0.876917
EAG_pi              		 0.93941
EAG_pcg             		 0.924871
EAG_pig             		 0.924871
EAG_pic             		 1.00496
EAG_pic4            		 1.02
EAG_piex4           		 1.02
EAG_piht            		 1.00496
EAG_piimc           		 1.00496
EAG_piimi           		 1.00496
EAG_piimcg          		 1.00496
EAG_piimig          		 1.00496
EAG_piimc4          		 1.02
EAG_pim             		 0.891885
EAG_pimc            		 0.891885
EAG_pimi            		 0.891885
EAG_pimcg           		 0.891885
EAG_pimig           		 0.891885
EAG_pint            		 1.00496
EAG_piw             		 1.00496
EAG_piw4            		 1.02
EAG_pnt             		 1.09615
EAG_pnttilde        		 1.09615
EAG_pttc            		 0.88848
EAG_ptti            		 0.889851
EAG_pttcg           		 0.884324
EAG_pttig           		 0.884324
EAG_py              		 0.958939
EAG_q               		 0.93941
EAG_qc              		 2.07402
EAG_qi              		 0.791109
EAG_qcg             		 0.803546
EAG_qig             		 0.160709
EAG_r               		 1.01242
EAG_reer            		 1.0019
EAG_rer             		 1.1968
EAG_rerdep          		 1
EAG_rk              		 0.0304529
EAG_rp              		 0
EAG_rr              		 1.00742
EAG_rrstar          		 1.00742
EAG_sh              		 1
EAG_si              		 1
EAG_sj              		 1
EAG_snt             		 1
EAG_t               		 0
EAG_tauc            		 0.183
EAG_taud            		 0
EAG_tauk            		 0
EAG_taun            		 0.122
EAG_tauwf           		 0.219
EAG_tauwh           		 0.118
EAG_tb              		 0.00687019
EAG_tby             		 0.00184887
EAG_ti              		 0
EAG_tj              		 0
EAG_tot             		 1.33268
EAG_tr              		 0.273325
EAG_tri             		 0.182217
EAG_trj             		 0.54665
EAG_try             		 0.073556
EAG_ttc             		 0.990153
EAG_tti             		 0.609631
EAG_ttcg            		 0.657409
EAG_ttig            		 0.131482
EAG_ty              		 0
EAG_u               		 1
EAG_utili           		 -72.5459
EAG_utilj           		 -222.784
EAG_vj              		 2.38
EAG_w               		 0.977851
EAG_wcst            		 0
EAG_whty            		 0.501178
EAG_wi              		 1.09639
EAG_witilde         		 1.09639
EAG_wj              		 0.800098
EAG_wjtilde         		 0.800098
EAG_wnty            		 0.490019
EAG_wy              		 0.496406
EAG_y               		 3.87499
EAG_ygap            		 0
EAG_ygrowth         		 1
EAG_ygrowth4        		 1
EAG_yhty            		 0.572332
EAG_ynty            		 0.427668
EAG_yshare          		 0.067566
EAG_ysn             		 1.44977
EAG_yst             		 2.42522
EAG_zcon            		 1
EAG_zinv            		 1
EAG_zn              		 1
EAG_zt              		 1
EAG_gammav1         		 0.0287061
EAG_gammav2         		 0.150338
EAG_nutc            		 0.223815
EAG_nuti            		 0.133456
EAG_nutcg           		 0.499877
EAG_nutig           		 0.499877
EAG_psit            		 0.0473189
EAGEAA_rerbar       		 1
EAGEAB_rerbar       		 1
EAGEAC_rerbar       		 1
EAGEAD_rerbar       		 1
EAGEAE_rerbar       		 1
EAGEAF_rerbar       		 1
EAGEAH_rerbar       		 1
EAGEAI_rerbar       		 1
EAGEAJ_rerbar       		 1
EAGEAK_rerbar       		 1
EAGEAL_rerbar       		 1.00568
EAGRW_rerbar        		 0.901795
EAGUS_rerbar        		 1.1968
EAG_pibar           		 0.93941
EAG_psinbar         		 0.405937
EAG_psitbar         		 0.114759
EAG_pybar           		 0.958939
EAG_qbar            		 0.93941
EAG_trybar          		 0.073556
EAG_ybar            		 3.87499
EAG_ynbar           		 1.44977
EAG_ytbar           		 2.42522
EAHEAA_excy         		 0.0144083
EAHEAB_excy         		 0.0144083
EAHEAC_excy         		 0.0144083
EAHEAD_excy         		 0.0144083
EAHEAE_excy         		 0.0144083
EAHEAF_excy         		 0.0144083
EAHEAG_excy         		 0.0144083
EAHEAI_excy         		 0.0144083
EAHEAJ_excy         		 0.0144083
EAHEAK_excy         		 0.0144083
EAHEAL_excy         		 0.0147115
EAHRW_excy          		 0.0148446
EAHUS_excy          		 0.00533722
EAHEAA_exiy         		 0.00994209
EAHEAB_exiy         		 0.00994209
EAHEAC_exiy         		 0.00994209
EAHEAD_exiy         		 0.00994209
EAHEAE_exiy         		 0.00994209
EAHEAF_exiy         		 0.00994209
EAHEAG_exiy         		 0.00994209
EAHEAI_exiy         		 0.00994209
EAHEAJ_exiy         		 0.00994209
EAHEAK_exiy         		 0.00994209
EAHEAL_exiy         		 0.0100072
EAHRW_exiy          		 0.011593
EAHUS_exiy          		 0.00422401
EAH_fx              		 4.88787
EAHEAA_gammaimc     		 0
EAHEAB_gammaimc     		 0
EAHEAC_gammaimc     		 0
EAHEAD_gammaimc     		 0
EAHEAE_gammaimc     		 0
EAHEAF_gammaimc     		 0
EAHEAG_gammaimc     		 0
EAHEAI_gammaimc     		 0
EAHEAJ_gammaimc     		 0
EAHEAK_gammaimc     		 0
EAHEAL_gammaimc     		 0
EAHRW_gammaimc      		 0
EAHUS_gammaimc      		 0
EAHEAA_gammaimcdag  		 1
EAHEAB_gammaimcdag  		 1
EAHEAC_gammaimcdag  		 1
EAHEAD_gammaimcdag  		 1
EAHEAE_gammaimcdag  		 1
EAHEAF_gammaimcdag  		 1
EAHEAG_gammaimcdag  		 1
EAHEAI_gammaimcdag  		 1
EAHEAJ_gammaimcdag  		 1
EAHEAK_gammaimcdag  		 1
EAHEAL_gammaimcdag  		 1
EAHRW_gammaimcdag   		 1
EAHUS_gammaimcdag   		 1
EAHEAA_gammaimi     		 0
EAHEAB_gammaimi     		 0
EAHEAC_gammaimi     		 0
EAHEAD_gammaimi     		 0
EAHEAE_gammaimi     		 0
EAHEAF_gammaimi     		 0
EAHEAG_gammaimi     		 0
EAHEAI_gammaimi     		 0
EAHEAJ_gammaimi     		 0
EAHEAK_gammaimi     		 0
EAHEAL_gammaimi     		 0
EAHRW_gammaimi      		 0
EAHUS_gammaimi      		 0
EAHEAA_gammaimidag  		 1
EAHEAB_gammaimidag  		 1
EAHEAC_gammaimidag  		 1
EAHEAD_gammaimidag  		 1
EAHEAE_gammaimidag  		 1
EAHEAF_gammaimidag  		 1
EAHEAG_gammaimidag  		 1
EAHEAI_gammaimidag  		 1
EAHEAJ_gammaimidag  		 1
EAHEAK_gammaimidag  		 1
EAHEAL_gammaimidag  		 1
EAHRW_gammaimidag   		 1
EAHUS_gammaimidag   		 1
EAHEAA_gammaimcg    		 0
EAHEAB_gammaimcg    		 0
EAHEAC_gammaimcg    		 0
EAHEAD_gammaimcg    		 0
EAHEAE_gammaimcg    		 0
EAHEAF_gammaimcg    		 0
EAHEAG_gammaimcg    		 0
EAHEAI_gammaimcg    		 0
EAHEAJ_gammaimcg    		 0
EAHEAK_gammaimcg    		 0
EAHEAL_gammaimcg    		 0
EAHRW_gammaimcg     		 0
EAHUS_gammaimcg     		 0
EAHEAA_gammaimcgdag 		 1
EAHEAB_gammaimcgdag 		 1
EAHEAC_gammaimcgdag 		 1
EAHEAD_gammaimcgdag 		 1
EAHEAE_gammaimcgdag 		 1
EAHEAF_gammaimcgdag 		 1
EAHEAG_gammaimcgdag 		 1
EAHEAI_gammaimcgdag 		 1
EAHEAJ_gammaimcgdag 		 1
EAHEAK_gammaimcgdag 		 1
EAHEAL_gammaimcgdag 		 1
EAHRW_gammaimcgdag  		 1
EAHUS_gammaimcgdag  		 1
EAHEAA_gammaimig    		 0
EAHEAB_gammaimig    		 0
EAHEAC_gammaimig    		 0
EAHEAD_gammaimig    		 0
EAHEAE_gammaimig    		 0
EAHEAF_gammaimig    		 0
EAHEAG_gammaimig    		 0
EAHEAI_gammaimig    		 0
EAHEAJ_gammaimig    		 0
EAHEAK_gammaimig    		 0
EAHEAL_gammaimig    		 0
EAHRW_gammaimig     		 0
EAHUS_gammaimig     		 0
EAHEAA_gammaimigdag 		 1
EAHEAB_gammaimigdag 		 1
EAHEAC_gammaimigdag 		 1
EAHEAD_gammaimigdag 		 1
EAHEAE_gammaimigdag 		 1
EAHEAF_gammaimigdag 		 1
EAHEAG_gammaimigdag 		 1
EAHEAI_gammaimigdag 		 1
EAHEAJ_gammaimigdag 		 1
EAHEAK_gammaimigdag 		 1
EAHEAL_gammaimigdag 		 1
EAHRW_gammaimigdag  		 1
EAHUS_gammaimigdag  		 1
EAH_gx              		 5.86544
EAHEAA_im           		 0.134161
EAHEAB_im           		 0.134161
EAHEAC_im           		 0.134161
EAHEAD_im           		 0.134161
EAHEAE_im           		 0.134161
EAHEAF_im           		 0.134161
EAHEAG_im           		 0.134161
EAHEAI_im           		 0.134161
EAHEAJ_im           		 0.134161
EAHEAK_im           		 0.134161
EAHEAL_im           		 0.131465
EAHRW_im            		 0.143103
EAHUS_im            		 0.0656111
EAHEAA_imc          		 0.0610544
EAHEAB_imc          		 0.0610544
EAHEAC_imc          		 0.0610544
EAHEAD_imc          		 0.0610544
EAHEAE_imc          		 0.0610544
EAHEAF_imc          		 0.0610544
EAHEAG_imc          		 0.0610544
EAHEAI_imc          		 0.0610544
EAHEAJ_imc          		 0.0610544
EAHEAK_imc          		 0.0610544
EAHEAL_imc          		 0.0598274
EAHRW_imc           		 0.0651238
EAHUS_imc           		 0.0298585
EAHEAF_imcy         		 0.0144083
EAHEAA_imi          		 0.042129
EAHEAB_imi          		 0.042129
EAHEAC_imi          		 0.042129
EAHEAD_imi          		 0.042129
EAHEAE_imi          		 0.042129
EAHEAF_imi          		 0.042129
EAHEAG_imi          		 0.042129
EAHEAI_imi          		 0.042129
EAHEAJ_imi          		 0.042129
EAHEAK_imi          		 0.042129
EAHEAL_imi          		 0.0412823
EAHRW_imi           		 0.0449369
EAHUS_imi           		 0.020603
EAHEAF_imiy         		 0.00994209
EAHEAA_imcg         		 0.025815
EAHEAB_imcg         		 0.025815
EAHEAC_imcg         		 0.025815
EAHEAD_imcg         		 0.025815
EAHEAE_imcg         		 0.025815
EAHEAF_imcg         		 0.025815
EAHEAG_imcg         		 0.025815
EAHEAI_imcg         		 0.025815
EAHEAJ_imcg         		 0.025815
EAHEAK_imcg         		 0.025815
EAHEAL_imcg         		 0.0252961
EAHRW_imcg          		 0.0275355
EAHUS_imcg          		 0.0126247
EAHEAF_imcgy        		 0.00609211
EAHEAA_imig         		 0.00516299
EAHEAB_imig         		 0.00516299
EAHEAC_imig         		 0.00516299
EAHEAD_imig         		 0.00516299
EAHEAE_imig         		 0.00516299
EAHEAF_imig         		 0.00516299
EAHEAG_imig         		 0.00516299
EAHEAI_imig         		 0.00516299
EAHEAJ_imig         		 0.00516299
EAHEAK_imig         		 0.00516299
EAHEAL_imig         		 0.00505923
EAHRW_imig          		 0.00550711
EAHUS_imig          		 0.00252494
EAHEAF_imigy        		 0.00121842
EAH_piex            		 1.00496
EAH_pextilde        		 0.876917
EAHEAA_rer          		 1
EAHEAB_rer          		 1
EAHEAC_rer          		 1
EAHEAD_rer          		 1
EAHEAE_rer          		 1
EAHEAF_rer          		 1
EAHEAG_rer          		 1
EAHEAI_rer          		 1
EAHEAJ_rer          		 1
EAHEAK_rer          		 1
EAHEAL_rer          		 1.00568
EAHRW_rer           		 0.901795
EAHUS_rer           		 1.1968
EAH_sx              		 1
EAHEAA_tot          		 1
EAHEAB_tot          		 1
EAHEAC_tot          		 1
EAHEAD_tot          		 1
EAHEAE_tot          		 1
EAHEAF_tot          		 1
EAHEAG_tot          		 1
EAHEAI_tot          		 1
EAHEAJ_tot          		 1
EAHEAK_tot          		 1
EAHEAL_tot          		 1.00879
EAHRW_tot           		 0.975531
EAHUS_tot           		 1.33268
EAHEAA_weight       		 0.0783525
EAHEAB_weight       		 0.0783525
EAHEAC_weight       		 0.0783525
EAHEAD_weight       		 0.0783525
EAHEAE_weight       		 0.0783525
EAHEAF_weight       		 0.0783525
EAHEAG_weight       		 0.0783525
EAHEAI_weight       		 0.0783525
EAHEAJ_weight       		 0.0783525
EAHEAK_weight       		 0.0783525
EAHEAL_weight       		 0.0779231
EAHRW_weight        		 0.082814
EAHUS_weight        		 0.0557378
EAHEAA_weightex     		 0.077848
EAHEAB_weightex     		 0.077848
EAHEAC_weightex     		 0.077848
EAHEAD_weightex     		 0.077848
EAHEAE_weightex     		 0.077848
EAHEAF_weightex     		 0.077848
EAHEAG_weightex     		 0.077848
EAHEAI_weightex     		 0.077848
EAHEAJ_weightex     		 0.077848
EAHEAK_weightex     		 0.077848
EAHEAL_weightex     		 0.0778925
EAHRW_weightex      		 0.0835674
EAHUS_weightex      		 0.0600598
EAHEAA_weightim     		 0.0788593
EAHEAB_weightim     		 0.0788593
EAHEAC_weightim     		 0.0788593
EAHEAD_weightim     		 0.0788593
EAHEAE_weightim     		 0.0788593
EAHEAF_weightim     		 0.0788593
EAHEAG_weightim     		 0.0788593
EAHEAI_weightim     		 0.0788593
EAHEAJ_weightim     		 0.0788593
EAHEAK_weightim     		 0.0788593
EAHEAL_weightim     		 0.0779539
EAHRW_weightim      		 0.0820572
EAHUS_weightim      		 0.051396
EAH_b               		 8.91812
EAH_bf              		 -0.468039
EAH_by              		 2.4
EAH_c               		 2.07381
EAH_ci              		 2.41908
EAH_cj              		 1.03802
EAH_cy              		 0.558095
EAH_d               		 0.503669
EAH_dn              		 0.233078
EAH_dt              		 0.270591
EAH_etot            		 1.01475
EAH_ex              		 1.70911
EAH_fh              		 6.03073
EAH_fi              		 8.28472
EAH_fj              		 0.306842
EAH_fn              		 12.2093
EAH_cg              		 0.803546
EAH_gammab          		 0
EAH_gammai          		 0
EAH_gammaider       		 0
EAH_gammau          		 0
EAH_gammauder       		 0.0324171
EAH_gammav          		 0.000209492
EAH_gammavi         		 0.000101018
EAH_gammavider      		 0.00216519
EAH_gammavj         		 0.000101018
EAH_gammavjder      		 0.00216519
EAH_gh              		 7.23688
EAH_gi              		 4.42867
EAH_gj              		 3.4403
EAH_gn              		 18.314
EAH_cgy             		 0.2
EAH_ht              		 0.71611
EAH_htc             		 0.228989
EAH_hti             		 0.0843923
EAH_htcg            		 0.335607
EAH_htig            		 0.0671214
EAH_i               		 0.791109
EAH_ig              		 0.160709
EAH_ii              		 1.05481
EAH_im              		 1.67272
EAH_imc             		 0.761226
EAH_imi             		 0.525264
EAH_imcg            		 0.321861
EAH_imig            		 0.0643722
EAH_imy             		 0.401487
EAH_internalrer     		 1.23373
EAH_igy             		 0.04
EAH_k               		 31.6444
EAH_kd              		 31.6444
EAH_kdn             		 13.3592
EAH_kdt             		 18.2852
EAH_ki              		 42.1925
EAH_lambdai         		 1.15963
EAH_lambdaj         		 2.70248
EAH_lcy             		 0.605119
EAH_m               		 0.87135
EAH_mcn             		 0.730764
EAH_mct             		 0.730764
EAH_mi              		 1.01642
EAH_mj              		 0.436144
EAH_nd              		 1.88637
EAH_ndi             		 0.862038
EAH_ndj             		 1.12419
EAH_ndn             		 0.796359
EAH_ndt             		 1.09001
EAH_ni              		 0.862038
EAH_nj              		 1.12419
EAH_nt              		 1.44977
EAH_ntc             		 1.08954
EAH_nti             		 0.183092
EAH_ntcg            		 0.147621
EAH_ntig            		 0.0295241
EAH_pex             		 0.876917
EAH_pht             		 0.876917
EAH_phttilde        		 0.876917
EAH_pi              		 0.93941
EAH_pcg             		 0.924871
EAH_pig             		 0.924871
EAH_pic             		 1.00496
EAH_pic4            		 1.02
EAH_piex4           		 1.02
EAH_piht            		 1.00496
EAH_piimc           		 1.00496
EAH_piimi           		 1.00496
EAH_piimcg          		 1.00496
EAH_piimig          		 1.00496
EAH_piimc4          		 1.02
EAH_pim             		 0.891885
EAH_pimc            		 0.891885
EAH_pimi            		 0.891885
EAH_pimcg           		 0.891885
EAH_pimig           		 0.891885
EAH_pint            		 1.00496
EAH_piw             		 1.00496
EAH_piw4            		 1.02
EAH_pnt             		 1.09615
EAH_pnttilde        		 1.09615
EAH_pttc            		 0.88848
EAH_ptti            		 0.889851
EAH_pttcg           		 0.884324
EAH_pttig           		 0.884324
EAH_py              		 0.958939
EAH_q               		 0.93941
EAH_qc              		 2.07402
EAH_qi              		 0.791109
EAH_qcg             		 0.803546
EAH_qig             		 0.160709
EAH_r               		 1.01242
EAH_reer            		 1.0019
EAH_rer             		 1.1968
EAH_rerdep          		 1
EAH_rk              		 0.0304529
EAH_rp              		 0
EAH_rr              		 1.00742
EAH_rrstar          		 1.00742
EAH_sh              		 1
EAH_si              		 1
EAH_sj              		 1
EAH_snt             		 1
EAH_t               		 0
EAH_tauc            		 0.183
EAH_taud            		 0
EAH_tauk            		 0
EAH_taun            		 0.122
EAH_tauwf           		 0.219
EAH_tauwh           		 0.118
EAH_tb              		 0.00687019
EAH_tby             		 0.00184887
EAH_ti              		 0
EAH_tj              		 0
EAH_tot             		 1.33268
EAH_tr              		 0.273325
EAH_tri             		 0.182217
EAH_trj             		 0.54665
EAH_try             		 0.073556
EAH_ttc             		 0.990153
EAH_tti             		 0.609631
EAH_ttcg            		 0.657409
EAH_ttig            		 0.131482
EAH_ty              		 0
EAH_u               		 1
EAH_utili           		 -72.5459
EAH_utilj           		 -222.784
EAH_vj              		 2.38
EAH_w               		 0.977851
EAH_wcst            		 0
EAH_whty            		 0.501178
EAH_wi              		 1.09639
EAH_witilde         		 1.09639
EAH_wj              		 0.800098
EAH_wjtilde         		 0.800098
EAH_wnty            		 0.490019
EAH_wy              		 0.496406
EAH_y               		 3.87499
EAH_ygap            		 0
EAH_ygrowth         		 1
EAH_ygrowth4        		 1
EAH_yhty            		 0.572332
EAH_ynty            		 0.427668
EAH_yshare          		 0.067566
EAH_ysn             		 1.44977
EAH_yst             		 2.42522
EAH_zcon            		 1
EAH_zinv            		 1
EAH_zn              		 1
EAH_zt              		 1
EAH_gammav1         		 0.0287061
EAH_gammav2         		 0.150338
EAH_nutc            		 0.223815
EAH_nuti            		 0.133456
EAH_nutcg           		 0.499877
EAH_nutig           		 0.499877
EAH_psit            		 0.0473189
EAHEAA_rerbar       		 1
EAHEAB_rerbar       		 1
EAHEAC_rerbar       		 1
EAHEAD_rerbar       		 1
EAHEAE_rerbar       		 1
EAHEAF_rerbar       		 1
EAHEAG_rerbar       		 1
EAHEAI_rerbar       		 1
EAHEAJ_rerbar       		 1
EAHEAK_rerbar       		 1
EAHEAL_rerbar       		 1.00568
EAHRW_rerbar        		 0.901795
EAHUS_rerbar        		 1.1968
EAH_pibar           		 0.93941
EAH_psinbar         		 0.405937
EAH_psitbar         		 0.114759
EAH_pybar           		 0.958939
EAH_qbar            		 0.93941
EAH_trybar          		 0.073556
EAH_ybar            		 3.87499
EAH_ynbar           		 1.44977
EAH_ytbar           		 2.42522
EAIEAA_excy         		 0.0144083
EAIEAB_excy         		 0.0144083
EAIEAC_excy         		 0.0144083
EAIEAD_excy         		 0.0144083
EAIEAE_excy         		 0.0144083
EAIEAF_excy         		 0.0144083
EAIEAG_excy         		 0.0144083
EAIEAH_excy         		 0.0144083
EAIEAJ_excy         		 0.0144083
EAIEAK_excy         		 0.0144083
EAIEAL_excy         		 0.0147115
EAIRW_excy          		 0.0148446
EAIUS_excy          		 0.00533722
EAIEAA_exiy         		 0.00994209
EAIEAB_exiy         		 0.00994209
EAIEAC_exiy         		 0.00994209
EAIEAD_exiy         		 0.00994209
EAIEAE_exiy         		 0.00994209
EAIEAF_exiy         		 0.00994209
EAIEAG_exiy         		 0.00994209
EAIEAH_exiy         		 0.00994209
EAIEAJ_exiy         		 0.00994209
EAIEAK_exiy         		 0.00994209
EAIEAL_exiy         		 0.0100072
EAIRW_exiy          		 0.011593
EAIUS_exiy          		 0.00422401
EAI_fx              		 4.88787
EAIEAA_gammaimc     		 0
EAIEAB_gammaimc     		 0
EAIEAC_gammaimc     		 0
EAIEAD_gammaimc     		 0
EAIEAE_gammaimc     		 0
EAIEAF_gammaimc     		 0
EAIEAG_gammaimc     		 0
EAIEAH_gammaimc     		 0
EAIEAJ_gammaimc     		 0
EAIEAK_gammaimc     		 0
EAIEAL_gammaimc     		 0
EAIRW_gammaimc      		 0
EAIUS_gammaimc      		 0
EAIEAA_gammaimcdag  		 1
EAIEAB_gammaimcdag  		 1
EAIEAC_gammaimcdag  		 1
EAIEAD_gammaimcdag  		 1
EAIEAE_gammaimcdag  		 1
EAIEAF_gammaimcdag  		 1
EAIEAG_gammaimcdag  		 1
EAIEAH_gammaimcdag  		 1
EAIEAJ_gammaimcdag  		 1
EAIEAK_gammaimcdag  		 1
EAIEAL_gammaimcdag  		 1
EAIRW_gammaimcdag   		 1
EAIUS_gammaimcdag   		 1
EAIEAA_gammaimi     		 0
EAIEAB_gammaimi     		 0
EAIEAC_gammaimi     		 0
EAIEAD_gammaimi     		 0
EAIEAE_gammaimi     		 0
EAIEAF_gammaimi     		 0
EAIEAG_gammaimi     		 0
EAIEAH_gammaimi     		 0
EAIEAJ_gammaimi     		 0
EAIEAK_gammaimi     		 0
EAIEAL_gammaimi     		 0
EAIRW_gammaimi      		 0
EAIUS_gammaimi      		 0
EAIEAA_gammaimidag  		 1
EAIEAB_gammaimidag  		 1
EAIEAC_gammaimidag  		 1
EAIEAD_gammaimidag  		 1
EAIEAE_gammaimidag  		 1
EAIEAF_gammaimidag  		 1
EAIEAG_gammaimidag  		 1
EAIEAH_gammaimidag  		 1
EAIEAJ_gammaimidag  		 1
EAIEAK_gammaimidag  		 1
EAIEAL_gammaimidag  		 1
EAIRW_gammaimidag   		 1
EAIUS_gammaimidag   		 1
EAIEAA_gammaimcg    		 0
EAIEAB_gammaimcg    		 0
EAIEAC_gammaimcg    		 0
EAIEAD_gammaimcg    		 0
EAIEAE_gammaimcg    		 0
EAIEAF_gammaimcg    		 0
EAIEAG_gammaimcg    		 0
EAIEAH_gammaimcg    		 0
EAIEAJ_gammaimcg    		 0
EAIEAK_gammaimcg    		 0
EAIEAL_gammaimcg    		 0
EAIRW_gammaimcg     		 0
EAIUS_gammaimcg     		 0
EAIEAA_gammaimcgdag 		 1
EAIEAB_gammaimcgdag 		 1
EAIEAC_gammaimcgdag 		 1
EAIEAD_gammaimcgdag 		 1
EAIEAE_gammaimcgdag 		 1
EAIEAF_gammaimcgdag 		 1
EAIEAG_gammaimcgdag 		 1
EAIEAH_gammaimcgdag 		 1
EAIEAJ_gammaimcgdag 		 1
EAIEAK_gammaimcgdag 		 1
EAIEAL_gammaimcgdag 		 1
EAIRW_gammaimcgdag  		 1
EAIUS_gammaimcgdag  		 1
EAIEAA_gammaimig    		 0
EAIEAB_gammaimig    		 0
EAIEAC_gammaimig    		 0
EAIEAD_gammaimig    		 0
EAIEAE_gammaimig    		 0
EAIEAF_gammaimig    		 0
EAIEAG_gammaimig    		 0
EAIEAH_gammaimig    		 0
EAIEAJ_gammaimig    		 0
EAIEAK_gammaimig    		 0
EAIEAL_gammaimig    		 0
EAIRW_gammaimig     		 0
EAIUS_gammaimig     		 0
EAIEAA_gammaimigdag 		 1
EAIEAB_gammaimigdag 		 1
EAIEAC_gammaimigdag 		 1
EAIEAD_gammaimigdag 		 1
EAIEAE_gammaimigdag 		 1
EAIEAF_gammaimigdag 		 1
EAIEAG_gammaimigdag 		 1
EAIEAH_gammaimigdag 		 1
EAIEAJ_gammaimigdag 		 1
EAIEAK_gammaimigdag 		 1
EAIEAL_gammaimigdag 		 1
EAIRW_gammaimigdag  		 1
EAIUS_gammaimigdag  		 1
EAI_gx              		 5.86544
EAIEAA_im           		 0.134161
EAIEAB_im           		 0.134161
EAIEAC_im           		 0.134161
EAIEAD_im           		 0.134161
EAIEAE_im           		 0.134161
EAIEAF_im           		 0.134161
EAIEAG_im           		 0.134161
EAIEAH_im           		 0.134161
EAIEAJ_im           		 0.134161
EAIEAK_im           		 0.134161
EAIEAL_im           		 0.131465
EAIRW_im            		 0.143103
EAIUS_im            		 0.0656111
EAIEAA_imc          		 0.0610544
EAIEAB_imc          		 0.0610544
EAIEAC_imc          		 0.0610544
EAIEAD_imc          		 0.0610544
EAIEAE_imc          		 0.0610544
EAIEAF_imc          		 0.0610544
EAIEAG_imc          		 0.0610544
EAIEAH_imc          		 0.0610544
EAIEAJ_imc          		 0.0610544
EAIEAK_imc          		 0.0610544
EAIEAL_imc          		 0.0598274
EAIRW_imc           		 0.0651238
EAIUS_imc           		 0.0298585
EAIEAG_imcy         		 0.0144083
EAIEAA_imi          		 0.042129
EAIEAB_imi          		 0.042129
EAIEAC_imi          		 0.042129
EAIEAD_imi          		 0.042129
EAIEAE_imi          		 0.042129
EAIEAF_imi          		 0.042129
EAIEAG_imi          		 0.042129
EAIEAH_imi          		 0.042129
EAIEAJ_imi          		 0.042129
EAIEAK_imi          		 0.042129
EAIEAL_imi          		 0.0412823
EAIRW_imi           		 0.0449369
EAIUS_imi           		 0.020603
EAIEAG_imiy         		 0.00994209
EAIEAA_imcg         		 0.025815
EAIEAB_imcg         		 0.025815
EAIEAC_imcg         		 0.025815
EAIEAD_imcg         		 0.025815
EAIEAE_imcg         		 0.025815
EAIEAF_imcg         		 0.025815
EAIEAG_imcg         		 0.025815
EAIEAH_imcg         		 0.025815
EAIEAJ_imcg         		 0.025815
EAIEAK_imcg         		 0.025815
EAIEAL_imcg         		 0.0252961
EAIRW_imcg          		 0.0275355
EAIUS_imcg          		 0.0126247
EAIEAG_imcgy        		 0.00609211
EAIEAA_imig         		 0.00516299
EAIEAB_imig         		 0.00516299
EAIEAC_imig         		 0.00516299
EAIEAD_imig         		 0.00516299
EAIEAE_imig         		 0.00516299
EAIEAF_imig         		 0.00516299
EAIEAG_imig         		 0.00516299
EAIEAH_imig         		 0.00516299
EAIEAJ_imig         		 0.00516299
EAIEAK_imig         		 0.00516299
EAIEAL_imig         		 0.00505923
EAIRW_imig          		 0.00550711
EAIUS_imig          		 0.00252494
EAIEAG_imigy        		 0.00121842
EAI_piex            		 1.00496
EAI_pextilde        		 0.876917
EAIEAA_rer          		 1
EAIEAB_rer          		 1
EAIEAC_rer          		 1
EAIEAD_rer          		 1
EAIEAE_rer          		 1
EAIEAF_rer          		 1
EAIEAG_rer          		 1
EAIEAH_rer          		 1
EAIEAJ_rer          		 1
EAIEAK_rer          		 1
EAIEAL_rer          		 1.00568
EAIRW_rer           		 0.901795
EAIUS_rer           		 1.1968
EAI_sx              		 1
EAIEAA_tot          		 1
EAIEAB_tot          		 1
EAIEAC_tot          		 1
EAIEAD_tot          		 1
EAIEAE_tot          		 1
EAIEAF_tot          		 1
EAIEAG_tot          		 1
EAIEAH_tot          		 1
EAIEAJ_tot          		 1
EAIEAK_tot          		 1
EAIEAL_tot          		 1.00879
EAIRW_tot           		 0.975531
EAIUS_tot           		 1.33268
EAIEAA_weight       		 0.0783525
EAIEAB_weight       		 0.0783525
EAIEAC_weight       		 0.0783525
EAIEAD_weight       		 0.0783525
EAIEAE_weight       		 0.0783525
EAIEAF_weight       		 0.0783525
EAIEAG_weight       		 0.0783525
EAIEAH_weight       		 0.0783525
EAIEAJ_weight       		 0.0783525
EAIEAK_weight       		 0.0783525
EAIEAL_weight       		 0.0779231
EAIRW_weight        		 0.082814
EAIUS_weight        		 0.0557378
EAIEAA_weightex     		 0.077848
EAIEAB_weightex     		 0.077848
EAIEAC_weightex     		 0.077848
EAIEAD_weightex     		 0.077848
EAIEAE_weightex     		 0.077848
EAIEAF_weightex     		 0.077848
EAIEAG_weightex     		 0.077848
EAIEAH_weightex     		 0.077848
EAIEAJ_weightex     		 0.077848
EAIEAK_weightex     		 0.077848
EAIEAL_weightex     		 0.0778925
EAIRW_weightex      		 0.0835674
EAIUS_weightex      		 0.0600598
EAIEAA_weightim     		 0.0788593
EAIEAB_weightim     		 0.0788593
EAIEAC_weightim     		 0.0788593
EAIEAD_weightim     		 0.0788593
EAIEAE_weightim     		 0.0788593
EAIEAF_weightim     		 0.0788593
EAIEAG_weightim     		 0.0788593
EAIEAH_weightim     		 0.0788593
EAIEAJ_weightim     		 0.0788593
EAIEAK_weightim     		 0.0788593
EAIEAL_weightim     		 0.0779539
EAIRW_weightim      		 0.0820572
EAIUS_weightim      		 0.051396
EAI_b               		 8.91812
EAI_bf              		 -0.468039
EAI_by              		 2.4
EAI_c               		 2.07381
EAI_ci              		 2.41908
EAI_cj              		 1.03802
EAI_cy              		 0.558095
EAI_d               		 0.503669
EAI_dn              		 0.233078
EAI_dt              		 0.270591
EAI_etot            		 1.01475
EAI_ex              		 1.70911
EAI_fh              		 6.03073
EAI_fi              		 8.28472
EAI_fj              		 0.306842
EAI_fn              		 12.2093
EAI_cg              		 0.803546
EAI_gammab          		 0
EAI_gammai          		 0
EAI_gammaider       		 0
EAI_gammau          		 0
EAI_gammauder       		 0.0324171
EAI_gammav          		 0.000209492
EAI_gammavi         		 0.000101018
EAI_gammavider      		 0.00216519
EAI_gammavj         		 0.000101018
EAI_gammavjder      		 0.00216519
EAI_gh              		 7.23688
EAI_gi              		 4.42867
EAI_gj              		 3.4403
EAI_gn              		 18.314
EAI_cgy             		 0.2
EAI_ht              		 0.71611
EAI_htc             		 0.228989
EAI_hti             		 0.0843923
EAI_htcg            		 0.335607
EAI_htig            		 0.0671214
EAI_i               		 0.791109
EAI_ig              		 0.160709
EAI_ii              		 1.05481
EAI_im              		 1.67272
EAI_imc             		 0.761226
EAI_imi             		 0.525264
EAI_imcg            		 0.321861
EAI_imig            		 0.0643722
EAI_imy             		 0.401487
EAI_internalrer     		 1.23373
EAI_igy             		 0.04
EAI_k               		 31.6444
EAI_kd              		 31.6444
EAI_kdn             		 13.3592
EAI_kdt             		 18.2852
EAI_ki              		 42.1925
EAI_lambdai         		 1.15963
EAI_lambdaj         		 2.70248
EAI_lcy             		 0.605119
EAI_m               		 0.87135
EAI_mcn             		 0.730764
EAI_mct             		 0.730764
EAI_mi              		 1.01642
EAI_mj              		 0.436144
EAI_nd              		 1.88637
EAI_ndi             		 0.862038
EAI_ndj             		 1.12419
EAI_ndn             		 0.796359
EAI_ndt             		 1.09001
EAI_ni              		 0.862038
EAI_nj              		 1.12419
EAI_nt              		 1.44977
EAI_ntc             		 1.08954
EAI_nti             		 0.183092
EAI_ntcg            		 0.147621
EAI_ntig            		 0.0295241
EAI_pex             		 0.876917
EAI_pht             		 0.876917
EAI_phttilde        		 0.876917
EAI_pi              		 0.93941
EAI_pcg             		 0.924871
EAI_pig             		 0.924871
EAI_pic             		 1.00496
EAI_pic4            		 1.02
EAI_piex4           		 1.02
EAI_piht            		 1.00496
EAI_piimc           		 1.00496
EAI_piimi           		 1.00496
EAI_piimcg          		 1.00496
EAI_piimig          		 1.00496
EAI_piimc4          		 1.02
EAI_pim             		 0.891885
EAI_pimc            		 0.891885
EAI_pimi            		 0.891885
EAI_pimcg           		 0.891885
EAI_pimig           		 0.891885
EAI_pint            		 1.00496
EAI_piw             		 1.00496
EAI_piw4            		 1.02
EAI_pnt             		 1.09615
EAI_pnttilde        		 1.09615
EAI_pttc            		 0.88848
EAI_ptti            		 0.889851
EAI_pttcg           		 0.884324
EAI_pttig           		 0.884324
EAI_py              		 0.958939
EAI_q               		 0.93941
EAI_qc              		 2.07402
EAI_qi              		 0.791109
EAI_qcg             		 0.803546
EAI_qig             		 0.160709
EAI_r               		 1.01242
EAI_reer            		 1.0019
EAI_rer             		 1.1968
EAI_rerdep          		 1
EAI_rk              		 0.0304529
EAI_rp              		 0
EAI_rr              		 1.00742
EAI_rrstar          		 1.00742
EAI_sh              		 1
EAI_si              		 1
EAI_sj              		 1
EAI_snt             		 1
EAI_t               		 0
EAI_tauc            		 0.183
EAI_taud            		 0
EAI_tauk            		 0
EAI_taun            		 0.122
EAI_tauwf           		 0.219
EAI_tauwh           		 0.118
EAI_tb              		 0.00687019
EAI_tby             		 0.00184887
EAI_ti              		 0
EAI_tj              		 0
EAI_tot             		 1.33268
EAI_tr              		 0.273325
EAI_tri             		 0.182217
EAI_trj             		 0.54665
EAI_try             		 0.073556
EAI_ttc             		 0.990153
EAI_tti             		 0.609631
EAI_ttcg            		 0.657409
EAI_ttig            		 0.131482
EAI_ty              		 0
EAI_u               		 1
EAI_utili           		 -72.5459
EAI_utilj           		 -222.784
EAI_vj              		 2.38
EAI_w               		 0.977851
EAI_wcst            		 0
EAI_whty            		 0.501178
EAI_wi              		 1.09639
EAI_witilde         		 1.09639
EAI_wj              		 0.800098
EAI_wjtilde         		 0.800098
EAI_wnty            		 0.490019
EAI_wy              		 0.496406
EAI_y               		 3.87499
EAI_ygap            		 0
EAI_ygrowth         		 1
EAI_ygrowth4        		 1
EAI_yhty            		 0.572332
EAI_ynty            		 0.427668
EAI_yshare          		 0.067566
EAI_ysn             		 1.44977
EAI_yst             		 2.42522
EAI_zcon            		 1
EAI_zinv            		 1
EAI_zn              		 1
EAI_zt              		 1
EAI_gammav1         		 0.0287061
EAI_gammav2         		 0.150338
EAI_nutc            		 0.223815
EAI_nuti            		 0.133456
EAI_nutcg           		 0.499877
EAI_nutig           		 0.499877
EAI_psit            		 0.0473189
EAIEAA_rerbar       		 1
EAIEAB_rerbar       		 1
EAIEAC_rerbar       		 1
EAIEAD_rerbar       		 1
EAIEAE_rerbar       		 1
EAIEAF_rerbar       		 1
EAIEAG_rerbar       		 1
EAIEAH_rerbar       		 1
EAIEAJ_rerbar       		 1
EAIEAK_rerbar       		 1
EAIEAL_rerbar       		 1.00568
EAIRW_rerbar        		 0.901795
EAIUS_rerbar        		 1.1968
EAI_pibar           		 0.93941
EAI_psinbar         		 0.405937
EAI_psitbar         		 0.114759
EAI_pybar           		 0.958939
EAI_qbar            		 0.93941
EAI_trybar          		 0.073556
EAI_ybar            		 3.87499
EAI_ynbar           		 1.44977
EAI_ytbar           		 2.42522
EAJEAA_excy         		 0.0144083
EAJEAB_excy         		 0.0144083
EAJEAC_excy         		 0.0144083
EAJEAD_excy         		 0.0144083
EAJEAE_excy         		 0.0144083
EAJEAF_excy         		 0.0144083
EAJEAG_excy         		 0.0144083
EAJEAH_excy         		 0.0144083
EAJEAI_excy         		 0.0144083
EAJEAK_excy         		 0.0144083
EAJEAL_excy         		 0.0147115
EAJRW_excy          		 0.0148446
EAJUS_excy          		 0.00533722
EAJEAA_exiy         		 0.00994209
EAJEAB_exiy         		 0.00994209
EAJEAC_exiy         		 0.00994209
EAJEAD_exiy         		 0.00994209
EAJEAE_exiy         		 0.00994209
EAJEAF_exiy         		 0.00994209
EAJEAG_exiy         		 0.00994209
EAJEAH_exiy         		 0.00994209
EAJEAI_exiy         		 0.00994209
EAJEAK_exiy         		 0.00994209
EAJEAL_exiy         		 0.0100072
EAJRW_exiy          		 0.011593
EAJUS_exiy          		 0.00422401
EAJ_fx              		 4.88787
EAJEAA_gammaimc     		 0
EAJEAB_gammaimc     		 0
EAJEAC_gammaimc     		 0
EAJEAD_gammaimc     		 0
EAJEAE_gammaimc     		 0
EAJEAF_gammaimc     		 0
EAJEAG_gammaimc     		 0
EAJEAH_gammaimc     		 0
EAJEAI_gammaimc     		 0
EAJEAK_gammaimc     		 0
EAJEAL_gammaimc     		 0
EAJRW_gammaimc      		 0
EAJUS_gammaimc      		 0
EAJEAA_gammaimcdag  		 1
EAJEAB_gammaimcdag  		 1
EAJEAC_gammaimcdag  		 1
EAJEAD_gammaimcdag  		 1
EAJEAE_gammaimcdag  		 1
EAJEAF_gammaimcdag  		 1
EAJEAG_gammaimcdag  		 1
EAJEAH_gammaimcdag  		 1
EAJEAI_gammaimcdag  		 1
EAJEAK_gammaimcdag  		 1
EAJEAL_gammaimcdag  		 1
EAJRW_gammaimcdag   		 1
EAJUS_gammaimcdag   		 1
EAJEAA_gammaimi     		 0
EAJEAB_gammaimi     		 0
EAJEAC_gammaimi     		 0
EAJEAD_gammaimi     		 0
EAJEAE_gammaimi     		 0
EAJEAF_gammaimi     		 0
EAJEAG_gammaimi     		 0
EAJEAH_gammaimi     		 0
EAJEAI_gammaimi     		 0
EAJEAK_gammaimi     		 0
EAJEAL_gammaimi     		 0
EAJRW_gammaimi      		 0
EAJUS_gammaimi      		 0
EAJEAA_gammaimidag  		 1
EAJEAB_gammaimidag  		 1
EAJEAC_gammaimidag  		 1
EAJEAD_gammaimidag  		 1
EAJEAE_gammaimidag  		 1
EAJEAF_gammaimidag  		 1
EAJEAG_gammaimidag  		 1
EAJEAH_gammaimidag  		 1
EAJEAI_gammaimidag  		 1
EAJEAK_gammaimidag  		 1
EAJEAL_gammaimidag  		 1
EAJRW_gammaimidag   		 1
EAJUS_gammaimidag   		 1
EAJEAA_gammaimcg    		 0
EAJEAB_gammaimcg    		 0
EAJEAC_gammaimcg    		 0
EAJEAD_gammaimcg    		 0
EAJEAE_gammaimcg    		 0
EAJEAF_gammaimcg    		 0
EAJEAG_gammaimcg    		 0
EAJEAH_gammaimcg    		 0
EAJEAI_gammaimcg    		 0
EAJEAK_gammaimcg    		 0
EAJEAL_gammaimcg    		 0
EAJRW_gammaimcg     		 0
EAJUS_gammaimcg     		 0
EAJEAA_gammaimcgdag 		 1
EAJEAB_gammaimcgdag 		 1
EAJEAC_gammaimcgdag 		 1
EAJEAD_gammaimcgdag 		 1
EAJEAE_gammaimcgdag 		 1
EAJEAF_gammaimcgdag 		 1
EAJEAG_gammaimcgdag 		 1
EAJEAH_gammaimcgdag 		 1
EAJEAI_gammaimcgdag 		 1
EAJEAK_gammaimcgdag 		 1
EAJEAL_gammaimcgdag 		 1
EAJRW_gammaimcgdag  		 1
EAJUS_gammaimcgdag  		 1
EAJEAA_gammaimig    		 0
EAJEAB_gammaimig    		 0
EAJEAC_gammaimig    		 0
EAJEAD_gammaimig    		 0
EAJEAE_gammaimig    		 0
EAJEAF_gammaimig    		 0
EAJEAG_gammaimig    		 0
EAJEAH_gammaimig    		 0
EAJEAI_gammaimig    		 0
EAJEAK_gammaimig    		 0
EAJEAL_gammaimig    		 0
EAJRW_gammaimig     		 0
EAJUS_gammaimig     		 0
EAJEAA_gammaimigdag 		 1
EAJEAB_gammaimigdag 		 1
EAJEAC_gammaimigdag 		 1
EAJEAD_gammaimigdag 		 1
EAJEAE_gammaimigdag 		 1
EAJEAF_gammaimigdag 		 1
EAJEAG_gammaimigdag 		 1
EAJEAH_gammaimigdag 		 1
EAJEAI_gammaimigdag 		 1
EAJEAK_gammaimigdag 		 1
EAJEAL_gammaimigdag 		 1
EAJRW_gammaimigdag  		 1
EAJUS_gammaimigdag  		 1
EAJ_gx              		 5.86544
EAJEAA_im           		 0.134161
EAJEAB_im           		 0.134161
EAJEAC_im           		 0.134161
EAJEAD_im           		 0.134161
EAJEAE_im           		 0.134161
EAJEAF_im           		 0.134161
EAJEAG_im           		 0.134161
EAJEAH_im           		 0.134161
EAJEAI_im           		 0.134161
EAJEAK_im           		 0.134161
EAJEAL_im           		 0.131465
EAJRW_im            		 0.143103
EAJUS_im            		 0.0656111
EAJEAA_imc          		 0.0610544
EAJEAB_imc          		 0.0610544
EAJEAC_imc          		 0.0610544
EAJEAD_imc          		 0.0610544
EAJEAE_imc          		 0.0610544
EAJEAF_imc          		 0.0610544
EAJEAG_imc          		 0.0610544
EAJEAH_imc          		 0.0610544
EAJEAI_imc          		 0.0610544
EAJEAK_imc          		 0.0610544
EAJEAL_imc          		 0.0598274
EAJRW_imc           		 0.0651238
EAJUS_imc           		 0.0298585
EAJEAH_imcy         		 0.0144083
EAJEAA_imi          		 0.042129
EAJEAB_imi          		 0.042129
EAJEAC_imi          		 0.042129
EAJEAD_imi          		 0.042129
EAJEAE_imi          		 0.042129
EAJEAF_imi          		 0.042129
EAJEAG_imi          		 0.042129
EAJEAH_imi          		 0.042129
EAJEAI_imi          		 0.042129
EAJEAK_imi          		 0.042129
EAJEAL_imi          		 0.0412823
EAJRW_imi           		 0.0449369
EAJUS_imi           		 0.020603
EAJEAH_imiy         		 0.00994209
EAJEAA_imcg         		 0.025815
EAJEAB_imcg         		 0.025815
EAJEAC_imcg         		 0.025815
EAJEAD_imcg         		 0.025815
EAJEAE_imcg         		 0.025815
EAJEAF_imcg         		 0.025815
EAJEAG_imcg         		 0.025815
EAJEAH_imcg         		 0.025815
EAJEAI_imcg         		 0.025815
EAJEAK_imcg         		 0.025815
EAJEAL_imcg         		 0.0252961
EAJRW_imcg          		 0.0275355
EAJUS_imcg          		 0.0126247
EAJEAH_imcgy        		 0.00609211
EAJEAA_imig         		 0.00516299
EAJEAB_imig         		 0.00516299
EAJEAC_imig         		 0.00516299
EAJEAD_imig         		 0.00516299
EAJEAE_imig         		 0.00516299
EAJEAF_imig         		 0.00516299
EAJEAG_imig         		 0.00516299
EAJEAH_imig         		 0.00516299
EAJEAI_imig         		 0.00516299
EAJEAK_imig         		 0.00516299
EAJEAL_imig         		 0.00505923
EAJRW_imig          		 0.00550711
EAJUS_imig          		 0.00252494
EAJEAH_imigy        		 0.00121842
EAJ_piex            		 1.00496
EAJ_pextilde        		 0.876917
EAJEAA_rer          		 1
EAJEAB_rer          		 1
EAJEAC_rer          		 1
EAJEAD_rer          		 1
EAJEAE_rer          		 1
EAJEAF_rer          		 1
EAJEAG_rer          		 1
EAJEAH_rer          		 1
EAJEAI_rer          		 1
EAJEAK_rer          		 1
EAJEAL_rer          		 1.00568
EAJRW_rer           		 0.901795
EAJUS_rer           		 1.1968
EAJ_sx              		 1
EAJEAA_tot          		 1
EAJEAB_tot          		 1
EAJEAC_tot          		 1
EAJEAD_tot          		 1
EAJEAE_tot          		 1
EAJEAF_tot          		 1
EAJEAG_tot          		 1
EAJEAH_tot          		 1
EAJEAI_tot          		 1
EAJEAK_tot          		 1
EAJEAL_tot          		 1.00879
EAJRW_tot           		 0.975531
EAJUS_tot           		 1.33268
EAJEAA_weight       		 0.0783525
EAJEAB_weight       		 0.0783525
EAJEAC_weight       		 0.0783525
EAJEAD_weight       		 0.0783525
EAJEAE_weight       		 0.0783525
EAJEAF_weight       		 0.0783525
EAJEAG_weight       		 0.0783525
EAJEAH_weight       		 0.0783525
EAJEAI_weight       		 0.0783525
EAJEAK_weight       		 0.0783525
EAJEAL_weight       		 0.0779231
EAJRW_weight        		 0.082814
EAJUS_weight        		 0.0557378
EAJEAA_weightex     		 0.077848
EAJEAB_weightex     		 0.077848
EAJEAC_weightex     		 0.077848
EAJEAD_weightex     		 0.077848
EAJEAE_weightex     		 0.077848
EAJEAF_weightex     		 0.077848
EAJEAG_weightex     		 0.077848
EAJEAH_weightex     		 0.077848
EAJEAI_weightex     		 0.077848
EAJEAK_weightex     		 0.077848
EAJEAL_weightex     		 0.0778925
EAJRW_weightex      		 0.0835674
EAJUS_weightex      		 0.0600598
EAJEAA_weightim     		 0.0788593
EAJEAB_weightim     		 0.0788593
EAJEAC_weightim     		 0.0788593
EAJEAD_weightim     		 0.0788593
EAJEAE_weightim     		 0.0788593
EAJEAF_weightim     		 0.0788593
EAJEAG_weightim     		 0.0788593
EAJEAH_weightim     		 0.0788593
EAJEAI_weightim     		 0.0788593
EAJEAK_weightim     		 0.0788593
EAJEAL_weightim     		 0.0779539
EAJRW_weightim      		 0.0820572
EAJUS_weightim      		 0.051396
EAJ_b               		 8.91812
EAJ_bf              		 -0.468039
EAJ_by              		 2.4
EAJ_c               		 2.07381
EAJ_ci              		 2.41908
EAJ_cj              		 1.03802
EAJ_cy              		 0.558095
EAJ_d               		 0.503669
EAJ_dn              		 0.233078
EAJ_dt              		 0.270591
EAJ_etot            		 1.01475
EAJ_ex              		 1.70911
EAJ_fh              		 6.03073
EAJ_fi              		 8.28472
EAJ_fj              		 0.306842
EAJ_fn              		 12.2093
EAJ_cg              		 0.803546
EAJ_gammab          		 0
EAJ_gammai          		 0
EAJ_gammaider       		 0
EAJ_gammau          		 0
EAJ_gammauder       		 0.0324171
EAJ_gammav          		 0.000209492
EAJ_gammavi         		 0.000101018
EAJ_gammavider      		 0.00216519
EAJ_gammavj         		 0.000101018
EAJ_gammavjder      		 0.00216519
EAJ_gh              		 7.23688
EAJ_gi              		 4.42867
EAJ_gj              		 3.4403
EAJ_gn              		 18.314
EAJ_cgy             		 0.2
EAJ_ht              		 0.71611
EAJ_htc             		 0.228989
EAJ_hti             		 0.0843923
EAJ_htcg            		 0.335607
EAJ_htig            		 0.0671214
EAJ_i               		 0.791109
EAJ_ig              		 0.160709
EAJ_ii              		 1.05481
EAJ_im              		 1.67272
EAJ_imc             		 0.761226
EAJ_imi             		 0.525264
EAJ_imcg            		 0.321861
EAJ_imig            		 0.0643722
EAJ_imy             		 0.401487
EAJ_internalrer     		 1.23373
EAJ_igy             		 0.04
EAJ_k               		 31.6444
EAJ_kd              		 31.6444
EAJ_kdn             		 13.3592
EAJ_kdt             		 18.2852
EAJ_ki              		 42.1925
EAJ_lambdai         		 1.15963
EAJ_lambdaj         		 2.70248
EAJ_lcy             		 0.605119
EAJ_m               		 0.87135
EAJ_mcn             		 0.730764
EAJ_mct             		 0.730764
EAJ_mi              		 1.01642
EAJ_mj              		 0.436144
EAJ_nd              		 1.88637
EAJ_ndi             		 0.862038
EAJ_ndj             		 1.12419
EAJ_ndn             		 0.796359
EAJ_ndt             		 1.09001
EAJ_ni              		 0.862038
EAJ_nj              		 1.12419
EAJ_nt              		 1.44977
EAJ_ntc             		 1.08954
EAJ_nti             		 0.183092
EAJ_ntcg            		 0.147621
EAJ_ntig            		 0.0295241
EAJ_pex             		 0.876917
EAJ_pht             		 0.876917
EAJ_phttilde        		 0.876917
EAJ_pi              		 0.93941
EAJ_pcg             		 0.924871
EAJ_pig             		 0.924871
EAJ_pic             		 1.00496
EAJ_pic4            		 1.02
EAJ_piex4           		 1.02
EAJ_piht            		 1.00496
EAJ_piimc           		 1.00496
EAJ_piimi           		 1.00496
EAJ_piimcg          		 1.00496
EAJ_piimig          		 1.00496
EAJ_piimc4          		 1.02
EAJ_pim             		 0.891885
EAJ_pimc            		 0.891885
EAJ_pimi            		 0.891885
EAJ_pimcg           		 0.891885
EAJ_pimig           		 0.891885
EAJ_pint            		 1.00496
EAJ_piw             		 1.00496
EAJ_piw4            		 1.02
EAJ_pnt             		 1.09615
EAJ_pnttilde        		 1.09615
EAJ_pttc            		 0.88848
EAJ_ptti            		 0.889851
EAJ_pttcg           		 0.884324
EAJ_pttig           		 0.884324
EAJ_py              		 0.958939
EAJ_q               		 0.93941
EAJ_qc              		 2.07402
EAJ_qi              		 0.791109
EAJ_qcg             		 0.803546
EAJ_qig             		 0.160709
EAJ_r               		 1.01242
EAJ_reer            		 1.0019
EAJ_rer             		 1.1968
EAJ_rerdep          		 1
EAJ_rk              		 0.0304529
EAJ_rp              		 0
EAJ_rr              		 1.00742
EAJ_rrstar          		 1.00742
EAJ_sh              		 1
EAJ_si              		 1
EAJ_sj              		 1
EAJ_snt             		 1
EAJ_t               		 0
EAJ_tauc            		 0.183
EAJ_taud            		 0
EAJ_tauk            		 0
EAJ_taun            		 0.122
EAJ_tauwf           		 0.219
EAJ_tauwh           		 0.118
EAJ_tb              		 0.00687019
EAJ_tby             		 0.00184887
EAJ_ti              		 0
EAJ_tj              		 0
EAJ_tot             		 1.33268
EAJ_tr              		 0.273325
EAJ_tri             		 0.182217
EAJ_trj             		 0.54665
EAJ_try             		 0.073556
EAJ_ttc             		 0.990153
EAJ_tti             		 0.609631
EAJ_ttcg            		 0.657409
EAJ_ttig            		 0.131482
EAJ_ty              		 0
EAJ_u               		 1
EAJ_utili           		 -72.5459
EAJ_utilj           		 -222.784
EAJ_vj              		 2.38
EAJ_w               		 0.977851
EAJ_wcst            		 0
EAJ_whty            		 0.501178
EAJ_wi              		 1.09639
EAJ_witilde         		 1.09639
EAJ_wj              		 0.800098
EAJ_wjtilde         		 0.800098
EAJ_wnty            		 0.490019
EAJ_wy              		 0.496406
EAJ_y               		 3.87499
EAJ_ygap            		 0
EAJ_ygrowth         		 1
EAJ_ygrowth4        		 1
EAJ_yhty            		 0.572332
EAJ_ynty            		 0.427668
EAJ_yshare          		 0.067566
EAJ_ysn             		 1.44977
EAJ_yst             		 2.42522
EAJ_zcon            		 1
EAJ_zinv            		 1
EAJ_zn              		 1
EAJ_zt              		 1
EAJ_gammav1         		 0.0287061
EAJ_gammav2         		 0.150338
EAJ_nutc            		 0.223815
EAJ_nuti            		 0.133456
EAJ_nutcg           		 0.499877
EAJ_nutig           		 0.499877
EAJ_psit            		 0.0473189
EAJEAA_rerbar       		 1
EAJEAB_rerbar       		 1
EAJEAC_rerbar       		 1
EAJEAD_rerbar       		 1
EAJEAE_rerbar       		 1
EAJEAF_rerbar       		 1
EAJEAG_rerbar       		 1
EAJEAH_rerbar       		 1
EAJEAI_rerbar       		 1
EAJEAK_rerbar       		 1
EAJEAL_rerbar       		 1.00568
EAJRW_rerbar        		 0.901795
EAJUS_rerbar        		 1.1968
EAJ_pibar           		 0.93941
EAJ_psinbar         		 0.405937
EAJ_psitbar         		 0.114759
EAJ_pybar           		 0.958939
EAJ_qbar            		 0.93941
EAJ_trybar          		 0.073556
EAJ_ybar            		 3.87499
EAJ_ynbar           		 1.44977
EAJ_ytbar           		 2.42522
EAKEAA_excy         		 0.0144083
EAKEAB_excy         		 0.0144083
EAKEAC_excy         		 0.0144083
EAKEAD_excy         		 0.0144083
EAKEAE_excy         		 0.0144083
EAKEAF_excy         		 0.0144083
EAKEAG_excy         		 0.0144083
EAKEAH_excy         		 0.0144083
EAKEAI_excy         		 0.0144083
EAKEAJ_excy         		 0.0144083
EAKEAL_excy         		 0.0147115
EAKRW_excy          		 0.0148446
EAKUS_excy          		 0.00533722
EAKEAA_exiy         		 0.00994209
EAKEAB_exiy         		 0.00994209
EAKEAC_exiy         		 0.00994209
EAKEAD_exiy         		 0.00994209
EAKEAE_exiy         		 0.00994209
EAKEAF_exiy         		 0.00994209
EAKEAG_exiy         		 0.00994209
EAKEAH_exiy         		 0.00994209
EAKEAI_exiy         		 0.00994209
EAKEAJ_exiy         		 0.00994209
EAKEAL_exiy         		 0.0100072
EAKRW_exiy          		 0.011593
EAKUS_exiy          		 0.00422401
EAK_fx              		 4.88787
EAKEAA_gammaimc     		 0
EAKEAB_gammaimc     		 0
EAKEAC_gammaimc     		 0
EAKEAD_gammaimc     		 0
EAKEAE_gammaimc     		 0
EAKEAF_gammaimc     		 0
EAKEAG_gammaimc     		 0
EAKEAH_gammaimc     		 0
EAKEAI_gammaimc     		 0
EAKEAJ_gammaimc     		 0
EAKEAL_gammaimc     		 0
EAKRW_gammaimc      		 0
EAKUS_gammaimc      		 0
EAKEAA_gammaimcdag  		 1
EAKEAB_gammaimcdag  		 1
EAKEAC_gammaimcdag  		 1
EAKEAD_gammaimcdag  		 1
EAKEAE_gammaimcdag  		 1
EAKEAF_gammaimcdag  		 1
EAKEAG_gammaimcdag  		 1
EAKEAH_gammaimcdag  		 1
EAKEAI_gammaimcdag  		 1
EAKEAJ_gammaimcdag  		 1
EAKEAL_gammaimcdag  		 1
EAKRW_gammaimcdag   		 1
EAKUS_gammaimcdag   		 1
EAKEAA_gammaimi     		 0
EAKEAB_gammaimi     		 0
EAKEAC_gammaimi     		 0
EAKEAD_gammaimi     		 0
EAKEAE_gammaimi     		 0
EAKEAF_gammaimi     		 0
EAKEAG_gammaimi     		 0
EAKEAH_gammaimi     		 0
EAKEAI_gammaimi     		 0
EAKEAJ_gammaimi     		 0
EAKEAL_gammaimi     		 0
EAKRW_gammaimi      		 0
EAKUS_gammaimi      		 0
EAKEAA_gammaimidag  		 1
EAKEAB_gammaimidag  		 1
EAKEAC_gammaimidag  		 1
EAKEAD_gammaimidag  		 1
EAKEAE_gammaimidag  		 1
EAKEAF_gammaimidag  		 1
EAKEAG_gammaimidag  		 1
EAKEAH_gammaimidag  		 1
EAKEAI_gammaimidag  		 1
EAKEAJ_gammaimidag  		 1
EAKEAL_gammaimidag  		 1
EAKRW_gammaimidag   		 1
EAKUS_gammaimidag   		 1
EAKEAA_gammaimcg    		 0
EAKEAB_gammaimcg    		 0
EAKEAC_gammaimcg    		 0
EAKEAD_gammaimcg    		 0
EAKEAE_gammaimcg    		 0
EAKEAF_gammaimcg    		 0
EAKEAG_gammaimcg    		 0
EAKEAH_gammaimcg    		 0
EAKEAI_gammaimcg    		 0
EAKEAJ_gammaimcg    		 0
EAKEAL_gammaimcg    		 0
EAKRW_gammaimcg     		 0
EAKUS_gammaimcg     		 0
EAKEAA_gammaimcgdag 		 1
EAKEAB_gammaimcgdag 		 1
EAKEAC_gammaimcgdag 		 1
EAKEAD_gammaimcgdag 		 1
EAKEAE_gammaimcgdag 		 1
EAKEAF_gammaimcgdag 		 1
EAKEAG_gammaimcgdag 		 1
EAKEAH_gammaimcgdag 		 1
EAKEAI_gammaimcgdag 		 1
EAKEAJ_gammaimcgdag 		 1
EAKEAL_gammaimcgdag 		 1
EAKRW_gammaimcgdag  		 1
EAKUS_gammaimcgdag  		 1
EAKEAA_gammaimig    		 0
EAKEAB_gammaimig    		 0
EAKEAC_gammaimig    		 0
EAKEAD_gammaimig    		 0
EAKEAE_gammaimig    		 0
EAKEAF_gammaimig    		 0
EAKEAG_gammaimig    		 0
EAKEAH_gammaimig    		 0
EAKEAI_gammaimig    		 0
EAKEAJ_gammaimig    		 0
EAKEAL_gammaimig    		 0
EAKRW_gammaimig     		 0
EAKUS_gammaimig     		 0
EAKEAA_gammaimigdag 		 1
EAKEAB_gammaimigdag 		 1
EAKEAC_gammaimigdag 		 1
EAKEAD_gammaimigdag 		 1
EAKEAE_gammaimigdag 		 1
EAKEAF_gammaimigdag 		 1
EAKEAG_gammaimigdag 		 1
EAKEAH_gammaimigdag 		 1
EAKEAI_gammaimigdag 		 1
EAKEAJ_gammaimigdag 		 1
EAKEAL_gammaimigdag 		 1
EAKRW_gammaimigdag  		 1
EAKUS_gammaimigdag  		 1
EAK_gx              		 5.86544
EAKEAA_im           		 0.134161
EAKEAB_im           		 0.134161
EAKEAC_im           		 0.134161
EAKEAD_im           		 0.134161
EAKEAE_im           		 0.134161
EAKEAF_im           		 0.134161
EAKEAG_im           		 0.134161
EAKEAH_im           		 0.134161
EAKEAI_im           		 0.134161
EAKEAJ_im           		 0.134161
EAKEAL_im           		 0.131465
EAKRW_im            		 0.143103
EAKUS_im            		 0.0656111
EAKEAA_imc          		 0.0610544
EAKEAB_imc          		 0.0610544
EAKEAC_imc          		 0.0610544
EAKEAD_imc          		 0.0610544
EAKEAE_imc          		 0.0610544
EAKEAF_imc          		 0.0610544
EAKEAG_imc          		 0.0610544
EAKEAH_imc          		 0.0610544
EAKEAI_imc          		 0.0610544
EAKEAJ_imc          		 0.0610544
EAKEAL_imc          		 0.0598274
EAKRW_imc           		 0.0651238
EAKUS_imc           		 0.0298585
EAKEAI_imcy         		 0.0144083
EAKEAA_imi          		 0.042129
EAKEAB_imi          		 0.042129
EAKEAC_imi          		 0.042129
EAKEAD_imi          		 0.042129
EAKEAE_imi          		 0.042129
EAKEAF_imi          		 0.042129
EAKEAG_imi          		 0.042129
EAKEAH_imi          		 0.042129
EAKEAI_imi          		 0.042129
EAKEAJ_imi          		 0.042129
EAKEAL_imi          		 0.0412823
EAKRW_imi           		 0.0449369
EAKUS_imi           		 0.020603
EAKEAI_imiy         		 0.00994209
EAKEAA_imcg         		 0.025815
EAKEAB_imcg         		 0.025815
EAKEAC_imcg         		 0.025815
EAKEAD_imcg         		 0.025815
EAKEAE_imcg         		 0.025815
EAKEAF_imcg         		 0.025815
EAKEAG_imcg         		 0.025815
EAKEAH_imcg         		 0.025815
EAKEAI_imcg         		 0.025815
EAKEAJ_imcg         		 0.025815
EAKEAL_imcg         		 0.0252961
EAKRW_imcg          		 0.0275355
EAKUS_imcg          		 0.0126247
EAKEAI_imcgy        		 0.00609211
EAKEAA_imig         		 0.00516299
EAKEAB_imig         		 0.00516299
EAKEAC_imig         		 0.00516299
EAKEAD_imig         		 0.00516299
EAKEAE_imig         		 0.00516299
EAKEAF_imig         		 0.00516299
EAKEAG_imig         		 0.00516299
EAKEAH_imig         		 0.00516299
EAKEAI_imig         		 0.00516299
EAKEAJ_imig         		 0.00516299
EAKEAL_imig         		 0.00505923
EAKRW_imig          		 0.00550711
EAKUS_imig          		 0.00252494
EAKEAI_imigy        		 0.00121842
EAK_piex            		 1.00496
EAK_pextilde        		 0.876917
EAKEAA_rer          		 1
EAKEAB_rer          		 1
EAKEAC_rer          		 1
EAKEAD_rer          		 1
EAKEAE_rer          		 1
EAKEAF_rer          		 1
EAKEAG_rer          		 1
EAKEAH_rer          		 1
EAKEAI_rer          		 1
EAKEAJ_rer          		 1
EAKEAL_rer          		 1.00568
EAKRW_rer           		 0.901795
EAKUS_rer           		 1.1968
EAK_sx              		 1
EAKEAA_tot          		 1
EAKEAB_tot          		 1
EAKEAC_tot          		 1
EAKEAD_tot          		 1
EAKEAE_tot          		 1
EAKEAF_tot          		 1
EAKEAG_tot          		 1
EAKEAH_tot          		 1
EAKEAI_tot          		 1
EAKEAJ_tot          		 1
EAKEAL_tot          		 1.00879
EAKRW_tot           		 0.975531
EAKUS_tot           		 1.33268
EAKEAA_weight       		 0.0783525
EAKEAB_weight       		 0.0783525
EAKEAC_weight       		 0.0783525
EAKEAD_weight       		 0.0783525
EAKEAE_weight       		 0.0783525
EAKEAF_weight       		 0.0783525
EAKEAG_weight       		 0.0783525
EAKEAH_weight       		 0.0783525
EAKEAI_weight       		 0.0783525
EAKEAJ_weight       		 0.0783525
EAKEAL_weight       		 0.0779231
EAKRW_weight        		 0.082814
EAKUS_weight        		 0.0557378
EAKEAA_weightex     		 0.077848
EAKEAB_weightex     		 0.077848
EAKEAC_weightex     		 0.077848
EAKEAD_weightex     		 0.077848
EAKEAE_weightex     		 0.077848
EAKEAF_weightex     		 0.077848
EAKEAG_weightex     		 0.077848
EAKEAH_weightex     		 0.077848
EAKEAI_weightex     		 0.077848
EAKEAJ_weightex     		 0.077848
EAKEAL_weightex     		 0.0778925
EAKRW_weightex      		 0.0835674
EAKUS_weightex      		 0.0600598
EAKEAA_weightim     		 0.0788593
EAKEAB_weightim     		 0.0788593
EAKEAC_weightim     		 0.0788593
EAKEAD_weightim     		 0.0788593
EAKEAE_weightim     		 0.0788593
EAKEAF_weightim     		 0.0788593
EAKEAG_weightim     		 0.0788593
EAKEAH_weightim     		 0.0788593
EAKEAI_weightim     		 0.0788593
EAKEAJ_weightim     		 0.0788593
EAKEAL_weightim     		 0.0779539
EAKRW_weightim      		 0.0820572
EAKUS_weightim      		 0.051396
EAK_b               		 8.91812
EAK_bf              		 -0.468039
EAK_by              		 2.4
EAK_c               		 2.07381
EAK_ci              		 2.41908
EAK_cj              		 1.03802
EAK_cy              		 0.558095
EAK_d               		 0.503669
EAK_dn              		 0.233078
EAK_dt              		 0.270591
EAK_etot            		 1.01475
EAK_ex              		 1.70911
EAK_fh              		 6.03073
EAK_fi              		 8.28472
EAK_fj              		 0.306842
EAK_fn              		 12.2093
EAK_cg              		 0.803546
EAK_gammab          		 0
EAK_gammai          		 0
EAK_gammaider       		 0
EAK_gammau          		 0
EAK_gammauder       		 0.0324171
EAK_gammav          		 0.000209492
EAK_gammavi         		 0.000101018
EAK_gammavider      		 0.00216519
EAK_gammavj         		 0.000101018
EAK_gammavjder      		 0.00216519
EAK_gh              		 7.23688
EAK_gi              		 4.42867
EAK_gj              		 3.4403
EAK_gn              		 18.314
EAK_cgy             		 0.2
EAK_ht              		 0.71611
EAK_htc             		 0.228989
EAK_hti             		 0.0843923
EAK_htcg            		 0.335607
EAK_htig            		 0.0671214
EAK_i               		 0.791109
EAK_ig              		 0.160709
EAK_ii              		 1.05481
EAK_im              		 1.67272
EAK_imc             		 0.761226
EAK_imi             		 0.525264
EAK_imcg            		 0.321861
EAK_imig            		 0.0643722
EAK_imy             		 0.401487
EAK_internalrer     		 1.23373
EAK_igy             		 0.04
EAK_k               		 31.6444
EAK_kd              		 31.6444
EAK_kdn             		 13.3592
EAK_kdt             		 18.2852
EAK_ki              		 42.1925
EAK_lambdai         		 1.15963
EAK_lambdaj         		 2.70248
EAK_lcy             		 0.605119
EAK_m               		 0.87135
EAK_mcn             		 0.730764
EAK_mct             		 0.730764
EAK_mi              		 1.01642
EAK_mj              		 0.436144
EAK_nd              		 1.88637
EAK_ndi             		 0.862038
EAK_ndj             		 1.12419
EAK_ndn             		 0.796359
EAK_ndt             		 1.09001
EAK_ni              		 0.862038
EAK_nj              		 1.12419
EAK_nt              		 1.44977
EAK_ntc             		 1.08954
EAK_nti             		 0.183092
EAK_ntcg            		 0.147621
EAK_ntig            		 0.0295241
EAK_pex             		 0.876917
EAK_pht             		 0.876917
EAK_phttilde        		 0.876917
EAK_pi              		 0.93941
EAK_pcg             		 0.924871
EAK_pig             		 0.924871
EAK_pic             		 1.00496
EAK_pic4            		 1.02
EAK_piex4           		 1.02
EAK_piht            		 1.00496
EAK_piimc           		 1.00496
EAK_piimi           		 1.00496
EAK_piimcg          		 1.00496
EAK_piimig          		 1.00496
EAK_piimc4          		 1.02
EAK_pim             		 0.891885
EAK_pimc            		 0.891885
EAK_pimi            		 0.891885
EAK_pimcg           		 0.891885
EAK_pimig           		 0.891885
EAK_pint            		 1.00496
EAK_piw             		 1.00496
EAK_piw4            		 1.02
EAK_pnt             		 1.09615
EAK_pnttilde        		 1.09615
EAK_pttc            		 0.88848
EAK_ptti            		 0.889851
EAK_pttcg           		 0.884324
EAK_pttig           		 0.884324
EAK_py              		 0.958939
EAK_q               		 0.93941
EAK_qc              		 2.07402
EAK_qi              		 0.791109
EAK_qcg             		 0.803546
EAK_qig             		 0.160709
EAK_r               		 1.01242
EAK_reer            		 1.0019
EAK_rer             		 1.1968
EAK_rerdep          		 1
EAK_rk              		 0.0304529
EAK_rp              		 0
EAK_rr              		 1.00742
EAK_rrstar          		 1.00742
EAK_sh              		 1
EAK_si              		 1
EAK_sj              		 1
EAK_snt             		 1
EAK_t               		 0
EAK_tauc            		 0.183
EAK_taud            		 0
EAK_tauk            		 0
EAK_taun            		 0.122
EAK_tauwf           		 0.219
EAK_tauwh           		 0.118
EAK_tb              		 0.00687019
EAK_tby             		 0.00184887
EAK_ti              		 0
EAK_tj              		 0
EAK_tot             		 1.33268
EAK_tr              		 0.273325
EAK_tri             		 0.182217
EAK_trj             		 0.54665
EAK_try             		 0.073556
EAK_ttc             		 0.990153
EAK_tti             		 0.609631
EAK_ttcg            		 0.657409
EAK_ttig            		 0.131482
EAK_ty              		 0
EAK_u               		 1
EAK_utili           		 -72.5459
EAK_utilj           		 -222.784
EAK_vj              		 2.38
EAK_w               		 0.977851
EAK_wcst            		 0
EAK_whty            		 0.501178
EAK_wi              		 1.09639
EAK_witilde         		 1.09639
EAK_wj              		 0.800098
EAK_wjtilde         		 0.800098
EAK_wnty            		 0.490019
EAK_wy              		 0.496406
EAK_y               		 3.87499
EAK_ygap            		 0
EAK_ygrowth         		 1
EAK_ygrowth4        		 1
EAK_yhty            		 0.572332
EAK_ynty            		 0.427668
EAK_yshare          		 0.067566
EAK_ysn             		 1.44977
EAK_yst             		 2.42522
EAK_zcon            		 1
EAK_zinv            		 1
EAK_zn              		 1
EAK_zt              		 1
EAK_gammav1         		 0.0287061
EAK_gammav2         		 0.150338
EAK_nutc            		 0.223815
EAK_nuti            		 0.133456
EAK_nutcg           		 0.499877
EAK_nutig           		 0.499877
EAK_psit            		 0.0473189
EAKEAA_rerbar       		 1
EAKEAB_rerbar       		 1
EAKEAC_rerbar       		 1
EAKEAD_rerbar       		 1
EAKEAE_rerbar       		 1
EAKEAF_rerbar       		 1
EAKEAG_rerbar       		 1
EAKEAH_rerbar       		 1
EAKEAI_rerbar       		 1
EAKEAJ_rerbar       		 1
EAKEAL_rerbar       		 1.00568
EAKRW_rerbar        		 0.901795
EAKUS_rerbar        		 1.1968
EAK_pibar           		 0.93941
EAK_psinbar         		 0.405937
EAK_psitbar         		 0.114759
EAK_pybar           		 0.958939
EAK_qbar            		 0.93941
EAK_trybar          		 0.073556
EAK_ybar            		 3.87499
EAK_ynbar           		 1.44977
EAK_ytbar           		 2.42522
EALEAA_excy         		 0.0141316
EALEAB_excy         		 0.0141316
EALEAC_excy         		 0.0141316
EALEAD_excy         		 0.0141316
EALEAE_excy         		 0.0141316
EALEAF_excy         		 0.0141316
EALEAG_excy         		 0.0141316
EALEAH_excy         		 0.0141316
EALEAI_excy         		 0.0141316
EALEAJ_excy         		 0.0141316
EALEAK_excy         		 0.0141316
EALRW_excy          		 0.0145595
EALUS_excy          		 0.00523471
EALEAA_exiy         		 0.00975113
EALEAB_exiy         		 0.00975113
EALEAC_exiy         		 0.00975113
EALEAD_exiy         		 0.00975113
EALEAE_exiy         		 0.00975113
EALEAF_exiy         		 0.00975113
EALEAG_exiy         		 0.00975113
EALEAH_exiy         		 0.00975113
EALEAI_exiy         		 0.00975113
EALEAJ_exiy         		 0.00975113
EALEAK_exiy         		 0.00975113
EALRW_exiy          		 0.0113703
EALUS_exiy          		 0.00414288
EAL_fx              		 4.80287
EALEAA_gammaimc     		 0
EALEAB_gammaimc     		 0
EALEAC_gammaimc     		 0
EALEAD_gammaimc     		 0
EALEAE_gammaimc     		 0
EALEAF_gammaimc     		 0
EALEAG_gammaimc     		 0
EALEAH_gammaimc     		 0
EALEAI_gammaimc     		 0
EALEAJ_gammaimc     		 0
EALEAK_gammaimc     		 0
EALRW_gammaimc      		 0
EALUS_gammaimc      		 0
EALEAA_gammaimcdag  		 1
EALEAB_gammaimcdag  		 1
EALEAC_gammaimcdag  		 1
EALEAD_gammaimcdag  		 1
EALEAE_gammaimcdag  		 1
EALEAF_gammaimcdag  		 1
EALEAG_gammaimcdag  		 1
EALEAH_gammaimcdag  		 1
EALEAI_gammaimcdag  		 1
EALEAJ_gammaimcdag  		 1
EALEAK_gammaimcdag  		 1
EALRW_gammaimcdag   		 1
EALUS_gammaimcdag   		 1
EALEAA_gammaimi     		 0
EALEAB_gammaimi     		 0
EALEAC_gammaimi     		 0
EALEAD_gammaimi     		 0
EALEAE_gammaimi     		 0
EALEAF_gammaimi     		 0
EALEAG_gammaimi     		 0
EALEAH_gammaimi     		 0
EALEAI_gammaimi     		 0
EALEAJ_gammaimi     		 0
EALEAK_gammaimi     		 0
EALRW_gammaimi      		 0
EALUS_gammaimi      		 0
EALEAA_gammaimidag  		 1
EALEAB_gammaimidag  		 1
EALEAC_gammaimidag  		 1
EALEAD_gammaimidag  		 1
EALEAE_gammaimidag  		 1
EALEAF_gammaimidag  		 1
EALEAG_gammaimidag  		 1
EALEAH_gammaimidag  		 1
EALEAI_gammaimidag  		 1
EALEAJ_gammaimidag  		 1
EALEAK_gammaimidag  		 1
EALRW_gammaimidag   		 1
EALUS_gammaimidag   		 1
EALEAA_gammaimcg    		 0
EALEAB_gammaimcg    		 0
EALEAC_gammaimcg    		 0
EALEAD_gammaimcg    		 0
EALEAE_gammaimcg    		 0
EALEAF_gammaimcg    		 0
EALEAG_gammaimcg    		 0
EALEAH_gammaimcg    		 0
EALEAI_gammaimcg    		 0
EALEAJ_gammaimcg    		 0
EALEAK_gammaimcg    		 0
EALRW_gammaimcg     		 0
EALUS_gammaimcg     		 0
EALEAA_gammaimcgdag 		 1
EALEAB_gammaimcgdag 		 1
EALEAC_gammaimcgdag 		 1
EALEAD_gammaimcgdag 		 1
EALEAE_gammaimcgdag 		 1
EALEAF_gammaimcgdag 		 1
EALEAG_gammaimcgdag 		 1
EALEAH_gammaimcgdag 		 1
EALEAI_gammaimcgdag 		 1
EALEAJ_gammaimcgdag 		 1
EALEAK_gammaimcgdag 		 1
EALRW_gammaimcgdag  		 1
EALUS_gammaimcgdag  		 1
EALEAA_gammaimig    		 0
EALEAB_gammaimig    		 0
EALEAC_gammaimig    		 0
EALEAD_gammaimig    		 0
EALEAE_gammaimig    		 0
EALEAF_gammaimig    		 0
EALEAG_gammaimig    		 0
EALEAH_gammaimig    		 0
EALEAI_gammaimig    		 0
EALEAJ_gammaimig    		 0
EALEAK_gammaimig    		 0
EALRW_gammaimig     		 0
EALUS_gammaimig     		 0
EALEAA_gammaimigdag 		 1
EALEAB_gammaimigdag 		 1
EALEAC_gammaimigdag 		 1
EALEAD_gammaimigdag 		 1
EALEAE_gammaimigdag 		 1
EALEAF_gammaimigdag 		 1
EALEAG_gammaimigdag 		 1
EALEAH_gammaimigdag 		 1
EALEAI_gammaimigdag 		 1
EALEAJ_gammaimigdag 		 1
EALEAK_gammaimigdag 		 1
EALRW_gammaimigdag  		 1
EALUS_gammaimigdag  		 1
EAL_gx              		 5.76344
EALEAA_im           		 0.134726
EALEAB_im           		 0.134726
EALEAC_im           		 0.134726
EALEAD_im           		 0.134726
EALEAE_im           		 0.134726
EALEAF_im           		 0.134726
EALEAG_im           		 0.134726
EALEAH_im           		 0.134726
EALEAI_im           		 0.134726
EALEAJ_im           		 0.134726
EALEAK_im           		 0.134726
EALRW_im            		 0.143706
EALUS_im            		 0.0658874
EALEAA_imc          		 0.0623389
EALEAB_imc          		 0.0623389
EALEAC_imc          		 0.0623389
EALEAD_imc          		 0.0623389
EALEAE_imc          		 0.0623389
EALEAF_imc          		 0.0623389
EALEAG_imc          		 0.0623389
EALEAH_imc          		 0.0623389
EALEAI_imc          		 0.0623389
EALEAJ_imc          		 0.0623389
EALEAK_imc          		 0.0623389
EALRW_imc           		 0.0664939
EALUS_imc           		 0.0304866
EALEAJ_imcy         		 0.0145965
EALEAA_imi          		 0.0424051
EALEAB_imi          		 0.0424051
EALEAC_imi          		 0.0424051
EALEAD_imi          		 0.0424051
EALEAE_imi          		 0.0424051
EALEAF_imi          		 0.0424051
EALEAG_imi          		 0.0424051
EALEAH_imi          		 0.0424051
EALEAI_imi          		 0.0424051
EALEAJ_imi          		 0.0424051
EALEAK_imi          		 0.0424051
EALRW_imi           		 0.0452314
EALUS_imi           		 0.0207381
EALEAJ_imiy         		 0.00992904
EALEAA_imcg         		 0.0261469
EALEAB_imcg         		 0.0261469
EALEAC_imcg         		 0.0261469
EALEAD_imcg         		 0.0261469
EALEAE_imcg         		 0.0261469
EALEAF_imcg         		 0.0261469
EALEAG_imcg         		 0.0261469
EALEAH_imcg         		 0.0261469
EALEAI_imcg         		 0.0261469
EALEAJ_imcg         		 0.0261469
EALEAK_imcg         		 0.0261469
EALRW_imcg          		 0.0278896
EALUS_imcg          		 0.0127871
EALEAJ_imcgy        		 0.00612223
EALEAA_imig         		 0.00383527
EALEAB_imig         		 0.00383527
EALEAC_imig         		 0.00383527
EALEAD_imig         		 0.00383527
EALEAE_imig         		 0.00383527
EALEAF_imig         		 0.00383527
EALEAG_imig         		 0.00383527
EALEAH_imig         		 0.00383527
EALEAI_imig         		 0.00383527
EALEAJ_imig         		 0.00383527
EALEAK_imig         		 0.00383527
EALRW_imig          		 0.0040909
EALUS_imig          		 0.00187563
EALEAJ_imigy        		 0.000898019
EAL_piex            		 1.00496
EAL_pextilde        		 0.879631
EALEAA_rer          		 0.994352
EALEAB_rer          		 0.994352
EALEAC_rer          		 0.994352
EALEAD_rer          		 0.994352
EALEAE_rer          		 0.994352
EALEAF_rer          		 0.994352
EALEAG_rer          		 0.994352
EALEAH_rer          		 0.994352
EALEAI_rer          		 0.994352
EALEAJ_rer          		 0.994352
EALEAK_rer          		 0.994352
EALRW_rer           		 0.896701
EALUS_rer           		 1.19004
EAL_sx              		 1
EALEAA_tot          		 0.991284
EALEAB_tot          		 0.991284
EALEAC_tot          		 0.991284
EALEAD_tot          		 0.991284
EALEAE_tot          		 0.991284
EALEAF_tot          		 0.991284
EALEAG_tot          		 0.991284
EALEAH_tot          		 0.991284
EALEAI_tot          		 0.991284
EALEAJ_tot          		 0.991284
EALEAK_tot          		 0.991284
EALRW_tot           		 0.967029
EALUS_tot           		 1.32107
EALEAA_weight       		 0.0783223
EALEAB_weight       		 0.0783223
EALEAC_weight       		 0.0783223
EALEAD_weight       		 0.0783223
EALEAE_weight       		 0.0783223
EALEAF_weight       		 0.0783223
EALEAG_weight       		 0.0783223
EALEAH_weight       		 0.0783223
EALEAI_weight       		 0.0783223
EALEAJ_weight       		 0.0783223
EALEAK_weight       		 0.0783223
EALRW_weight        		 0.0827724
EALUS_weight        		 0.0556819
EALEAA_weightex     		 0.0778509
EALEAB_weightex     		 0.0778509
EALEAC_weightex     		 0.0778509
EALEAD_weightex     		 0.0778509
EALEAE_weightex     		 0.0778509
EALEAF_weightex     		 0.0778509
EALEAG_weightex     		 0.0778509
EALEAH_weightex     		 0.0778509
EALEAI_weightex     		 0.0778509
EALEAJ_weightex     		 0.0778509
EALEAK_weightex     		 0.0778509
EALRW_weightex      		 0.0835716
EALUS_weightex      		 0.0600684
EALEAA_weightim     		 0.078788
EALEAB_weightim     		 0.078788
EALEAC_weightim     		 0.078788
EALEAD_weightim     		 0.078788
EALEAE_weightim     		 0.078788
EALEAF_weightim     		 0.078788
EALEAG_weightim     		 0.078788
EALEAH_weightim     		 0.078788
EALEAI_weightim     		 0.078788
EALEAJ_weightim     		 0.078788
EALEAK_weightim     		 0.078788
EALRW_weightim      		 0.0819829
EALUS_weightim      		 0.0513495
EAL_b               		 8.93759
EAL_bf              		 1.25794
EAL_by              		 2.4
EAL_c               		 2.10359
EAL_ci              		 2.45523
EAL_cj              		 1.04865
EAL_cy              		 0.564873
EAL_d               		 0.504769
EAL_dn              		 0.240688
EAL_dt              		 0.264081
EAL_etot            		 1.0052
EAL_ex              		 1.67421
EAL_fh              		 5.86064
EAL_fi              		 8.82275
EAL_fj              		 0.326769
EAL_fn              		 12.608
EAL_cg              		 0.805761
EAL_gammab          		 0
EAL_gammai          		 0
EAL_gammaider       		 0
EAL_gammau          		 0
EAL_gammauder       		 0.0324171
EAL_gammav          		 0.0002125
EAL_gammavi         		 0.000101018
EAL_gammavider      		 0.00216519
EAL_gammavj         		 0.000101018
EAL_gammavjder      		 0.00216519
EAL_gh              		 7.03277
EAL_gi              		 4.45594
EAL_gj              		 3.47761
EAL_gn              		 18.9119
EAL_cgy             		 0.2
EAL_ht              		 0.693765
EAL_htc             		 0.228015
EAL_hti             		 0.0838517
EAL_htcg            		 0.33305
EAL_htig            		 0.0488484
EAL_i               		 0.795115
EAL_ig              		 0.154088
EAL_ii              		 1.06015
EAL_im              		 1.68244
EAL_imc             		 0.778478
EAL_imi             		 0.529548
EAL_imcg            		 0.326518
EAL_imig            		 0.0478942
EAL_imy             		 0.400388
EAL_internalrer     		 1.24276
EAL_igy             		 0.04
EAL_k               		 31.8046
EAL_kd              		 31.8046
EAL_kdn             		 13.835
EAL_kdt             		 17.9696
EAL_ki              		 42.4061
EAL_lambdai         		 1.14255
EAL_lambdaj         		 2.6751
EAL_lcy             		 0.605119
EAL_m               		 0.88386
EAL_mcn             		 0.733026
EAL_mct             		 0.733026
EAL_mi              		 1.03161
EAL_mj              		 0.440608
EAL_nd              		 1.87985
EAL_ndi             		 0.858186
EAL_ndj             		 1.1215
EAL_ndn             		 0.817735
EAL_ndt             		 1.06211
EAL_ni              		 0.858186
EAL_nj              		 1.1215
EAL_nt              		 1.49249
EAL_ntc             		 1.10347
EAL_nti             		 0.183472
EAL_ntcg            		 0.147757
EAL_ntig            		 0.0577929
EAL_pex             		 0.879631
EAL_pht             		 0.879631
EAL_phttilde        		 0.879631
EAL_pi              		 0.93672
EAL_pcg             		 0.924343
EAL_pig             		 0.966718
EAL_pic             		 1.00496
EAL_pic4            		 1.02
EAL_piex4           		 1.02
EAL_piht            		 1.00496
EAL_piimc           		 1.00496
EAL_piimi           		 1.00496
EAL_piimcg          		 1.00496
EAL_piimig          		 1.00496
EAL_piimc4          		 1.02
EAL_pim             		 0.886241
EAL_pimc            		 0.886241
EAL_pimi            		 0.886241
EAL_pimcg           		 0.886241
EAL_pimig           		 0.886241
EAL_pint            		 1.00496
EAL_piw             		 1.00496
EAL_piw4            		 1.02
EAL_pnt             		 1.09954
EAL_pnttilde        		 1.09954
EAL_pttc            		 0.884754
EAL_ptti            		 0.885344
EAL_pttcg           		 0.882918
EAL_pttig           		 0.882919
EAL_py              		 0.964649
EAL_q               		 0.93672
EAL_qc              		 2.1038
EAL_qi              		 0.795115
EAL_qcg             		 0.805761
EAL_qig             		 0.154088
EAL_r               		 1.01242
EAL_reer            		 0.995792
EAL_rer             		 1.19004
EAL_rerdep          		 1
EAL_rk              		 0.0303657
EAL_rp              		 0
EAL_rr              		 1.00742
EAL_rrstar          		 1.00742
EAL_sh              		 1
EAL_si              		 1
EAL_sj              		 1
EAL_snt             		 1
EAL_t               		 0
EAL_tauc            		 0.183
EAL_taud            		 0
EAL_tauk            		 0
EAL_taun            		 0.122
EAL_tauwf           		 0.219
EAL_tauwh           		 0.118
EAL_tb              		 -0.0183605
EAL_tby             		 -0.00493033
EAL_ti              		 0
EAL_tj              		 0
EAL_tot             		 1.32107
EAL_tr              		 0.278594
EAL_tri             		 0.185729
EAL_trj             		 0.557188
EAL_try             		 0.0748105
EAL_ttc             		 1.00648
EAL_tti             		 0.613394
EAL_ttcg            		 0.659557
EAL_ttig            		 0.096741
EAL_ty              		 0
EAL_u               		 1
EAL_utili           		 -70.1438
EAL_utilj           		 -220.94
EAL_vj              		 2.38
EAL_w               		 0.983385
EAL_wcst            		 0
EAL_whty            		 0.501437
EAL_wi              		 1.10285
EAL_witilde         		 1.10285
EAL_wj              		 0.804427
EAL_wjtilde         		 0.804427
EAL_wnty            		 0.490019
EAL_wy              		 0.496406
EAL_y               		 3.86047
EAL_ygap            		 0
EAL_ygrowth         		 1
EAL_ygrowth4        		 1
EAL_yhty            		 0.55933
EAL_ynty            		 0.44067
EAL_yshare          		 0.0680982
EAL_ysn             		 1.49249
EAL_yst             		 2.36797
EAL_zcon            		 1
EAL_zinv            		 1
EAL_zn              		 1
EAL_zt              		 1
EAL_gammav1         		 0.0287061
EAL_gammav2         		 0.150338
EAL_nutc            		 0.223282
EAL_nuti            		 0.134506
EAL_nutcg           		 0.500273
EAL_nutig           		 0.500253
EAL_psit            		 0.047861
EALEAA_rerbar       		 0.994352
EALEAB_rerbar       		 0.994352
EALEAC_rerbar       		 0.994352
EALEAD_rerbar       		 0.994352
EALEAE_rerbar       		 0.994352
EALEAF_rerbar       		 0.994352
EALEAG_rerbar       		 0.994352
EALEAH_rerbar       		 0.994352
EALEAI_rerbar       		 0.994352
EALEAJ_rerbar       		 0.994352
EALEAK_rerbar       		 0.994352
EALRW_rerbar        		 0.896701
EALUS_rerbar        		 1.19004
EAL_pibar           		 0.93672
EAL_psinbar         		 0.417898
EAL_psitbar         		 0.113334
EAL_pybar           		 0.964649
EAL_qbar            		 0.93672
EAL_trybar          		 0.0748105
EAL_ybar            		 3.86047
EAL_ynbar           		 1.49249
EAL_ytbar           		 2.36797
RWEAA_excy          		 0.0129205
RWEAB_excy          		 0.0129205
RWEAC_excy          		 0.0129205
RWEAD_excy          		 0.0129205
RWEAE_excy          		 0.0129205
RWEAF_excy          		 0.0129205
RWEAG_excy          		 0.0129205
RWEAH_excy          		 0.0129205
RWEAI_excy          		 0.0129205
RWEAJ_excy          		 0.0129205
RWEAK_excy          		 0.0129205
RWEAL_excy          		 0.0131924
RWUS_excy           		 0.0047861
RWEAA_exiy          		 0.00891547
RWEAB_exiy          		 0.00891547
RWEAC_exiy          		 0.00891547
RWEAD_exiy          		 0.00891547
RWEAE_exiy          		 0.00891547
RWEAF_exiy          		 0.00891547
RWEAG_exiy          		 0.00891547
RWEAH_exiy          		 0.00891547
RWEAI_exiy          		 0.00891547
RWEAJ_exiy          		 0.00891547
RWEAK_exiy          		 0.00891547
RWEAL_exiy          		 0.00897389
RWUS_exiy           		 0.00378783
RW_fx               		 5.61418
RWEAA_gammaimc      		 0
RWEAB_gammaimc      		 0
RWEAC_gammaimc      		 0
RWEAD_gammaimc      		 0
RWEAE_gammaimc      		 0
RWEAF_gammaimc      		 0
RWEAG_gammaimc      		 0
RWEAH_gammaimc      		 0
RWEAI_gammaimc      		 0
RWEAJ_gammaimc      		 0
RWEAK_gammaimc      		 0
RWEAL_gammaimc      		 0
RWUS_gammaimc       		 0
RWEAA_gammaimcdag   		 1
RWEAB_gammaimcdag   		 1
RWEAC_gammaimcdag   		 1
RWEAD_gammaimcdag   		 1
RWEAE_gammaimcdag   		 1
RWEAF_gammaimcdag   		 1
RWEAG_gammaimcdag   		 1
RWEAH_gammaimcdag   		 1
RWEAI_gammaimcdag   		 1
RWEAJ_gammaimcdag   		 1
RWEAK_gammaimcdag   		 1
RWEAL_gammaimcdag   		 1
RWUS_gammaimcdag    		 1
RWEAA_gammaimi      		 0
RWEAB_gammaimi      		 0
RWEAC_gammaimi      		 0
RWEAD_gammaimi      		 0
RWEAE_gammaimi      		 0
RWEAF_gammaimi      		 0
RWEAG_gammaimi      		 0
RWEAH_gammaimi      		 0
RWEAI_gammaimi      		 0
RWEAJ_gammaimi      		 0
RWEAK_gammaimi      		 0
RWEAL_gammaimi      		 0
RWUS_gammaimi       		 0
RWEAA_gammaimidag   		 1
RWEAB_gammaimidag   		 1
RWEAC_gammaimidag   		 1
RWEAD_gammaimidag   		 1
RWEAE_gammaimidag   		 1
RWEAF_gammaimidag   		 1
RWEAG_gammaimidag   		 1
RWEAH_gammaimidag   		 1
RWEAI_gammaimidag   		 1
RWEAJ_gammaimidag   		 1
RWEAK_gammaimidag   		 1
RWEAL_gammaimidag   		 1
RWUS_gammaimidag    		 1
RWEAA_gammaimcg     		 0
RWEAB_gammaimcg     		 0
RWEAC_gammaimcg     		 0
RWEAD_gammaimcg     		 0
RWEAE_gammaimcg     		 0
RWEAF_gammaimcg     		 0
RWEAG_gammaimcg     		 0
RWEAH_gammaimcg     		 0
RWEAI_gammaimcg     		 0
RWEAJ_gammaimcg     		 0
RWEAK_gammaimcg     		 0
RWEAL_gammaimcg     		 0
RWUS_gammaimcg      		 0
RWEAA_gammaimcgdag  		 1
RWEAB_gammaimcgdag  		 1
RWEAC_gammaimcgdag  		 1
RWEAD_gammaimcgdag  		 1
RWEAE_gammaimcgdag  		 1
RWEAF_gammaimcgdag  		 1
RWEAG_gammaimcgdag  		 1
RWEAH_gammaimcgdag  		 1
RWEAI_gammaimcgdag  		 1
RWEAJ_gammaimcgdag  		 1
RWEAK_gammaimcgdag  		 1
RWEAL_gammaimcgdag  		 1
RWUS_gammaimcgdag   		 1
RWEAA_gammaimig     		 0
RWEAB_gammaimig     		 0
RWEAC_gammaimig     		 0
RWEAD_gammaimig     		 0
RWEAE_gammaimig     		 0
RWEAF_gammaimig     		 0
RWEAG_gammaimig     		 0
RWEAH_gammaimig     		 0
RWEAI_gammaimig     		 0
RWEAJ_gammaimig     		 0
RWEAK_gammaimig     		 0
RWEAL_gammaimig     		 0
RWUS_gammaimig      		 0
RWEAA_gammaimigdag  		 1
RWEAB_gammaimigdag  		 1
RWEAC_gammaimigdag  		 1
RWEAD_gammaimigdag  		 1
RWEAE_gammaimigdag  		 1
RWEAF_gammaimigdag  		 1
RWEAG_gammaimigdag  		 1
RWEAH_gammaimigdag  		 1
RWEAI_gammaimigdag  		 1
RWEAJ_gammaimigdag  		 1
RWEAK_gammaimigdag  		 1
RWEAL_gammaimigdag  		 1
RWUS_gammaimigdag   		 1
RW_gx               		 6.73702
RWEAA_im            		 0.14197
RWEAB_im            		 0.14197
RWEAC_im            		 0.14197
RWEAD_im            		 0.14197
RWEAE_im            		 0.14197
RWEAF_im            		 0.14197
RWEAG_im            		 0.14197
RWEAH_im            		 0.14197
RWEAI_im            		 0.14197
RWEAJ_im            		 0.14197
RWEAK_im            		 0.14197
RWEAL_im            		 0.139116
RWUS_im             		 0.0694298
RWEAA_imc           		 0.0629032
RWEAB_imc           		 0.0629032
RWEAC_imc           		 0.0629032
RWEAD_imc           		 0.0629032
RWEAE_imc           		 0.0629032
RWEAF_imc           		 0.0629032
RWEAG_imc           		 0.0629032
RWEAH_imc           		 0.0629032
RWEAI_imc           		 0.0629032
RWEAJ_imc           		 0.0629032
RWEAK_imc           		 0.0629032
RWEAL_imc           		 0.061639
RWUS_imc            		 0.0307626
RWEAK_imcy          		 0.012793
RWEAA_imi           		 0.0491244
RWEAB_imi           		 0.0491244
RWEAC_imi           		 0.0491244
RWEAD_imi           		 0.0491244
RWEAE_imi           		 0.0491244
RWEAF_imi           		 0.0491244
RWEAG_imi           		 0.0491244
RWEAH_imi           		 0.0491244
RWEAI_imi           		 0.0491244
RWEAJ_imi           		 0.0491244
RWEAK_imi           		 0.0491244
RWEAL_imi           		 0.0481372
RWUS_imi            		 0.0240241
RWEAK_imiy          		 0.00999072
RWEAA_imcg          		 0.0239537
RWEAB_imcg          		 0.0239537
RWEAC_imcg          		 0.0239537
RWEAD_imcg          		 0.0239537
RWEAE_imcg          		 0.0239537
RWEAF_imcg          		 0.0239537
RWEAG_imcg          		 0.0239537
RWEAH_imcg          		 0.0239537
RWEAI_imcg          		 0.0239537
RWEAJ_imcg          		 0.0239537
RWEAK_imcg          		 0.0239537
RWEAL_imcg          		 0.0234723
RWUS_imcg           		 0.0117145
RWEAK_imcgy         		 0.00487161
RWEAA_imig          		 0.00598843
RWEAB_imig          		 0.00598843
RWEAC_imig          		 0.00598843
RWEAD_imig          		 0.00598843
RWEAE_imig          		 0.00598843
RWEAF_imig          		 0.00598843
RWEAG_imig          		 0.00598843
RWEAH_imig          		 0.00598843
RWEAI_imig          		 0.00598843
RWEAJ_imig          		 0.00598843
RWEAK_imig          		 0.00598843
RWEAL_imig          		 0.00586808
RWUS_imig           		 0.00292862
RWEAK_imigy         		 0.0012179
RW_piex             		 1.00496
RW_pextilde         		 0.94862
RWEAA_rer           		 1.1089
RWEAB_rer           		 1.1089
RWEAC_rer           		 1.1089
RWEAD_rer           		 1.1089
RWEAE_rer           		 1.1089
RWEAF_rer           		 1.1089
RWEAG_rer           		 1.1089
RWEAH_rer           		 1.1089
RWEAI_rer           		 1.1089
RWEAJ_rer           		 1.1089
RWEAK_rer           		 1.1089
RWEAL_rer           		 1.1152
RWUS_rer            		 1.32713
RW_sx               		 1
RWEAA_tot           		 1.02508
RWEAB_tot           		 1.02508
RWEAC_tot           		 1.02508
RWEAD_tot           		 1.02508
RWEAE_tot           		 1.02508
RWEAF_tot           		 1.02508
RWEAG_tot           		 1.02508
RWEAH_tot           		 1.02508
RWEAI_tot           		 1.02508
RWEAJ_tot           		 1.02508
RWEAK_tot           		 1.02508
RWEAL_tot           		 1.0341
RWUS_tot            		 1.36611
RWEAA_weight        		 0.0787078
RWEAB_weight        		 0.0787078
RWEAC_weight        		 0.0787078
RWEAD_weight        		 0.0787078
RWEAE_weight        		 0.0787078
RWEAF_weight        		 0.0787078
RWEAG_weight        		 0.0787078
RWEAH_weight        		 0.0787078
RWEAI_weight        		 0.0787078
RWEAJ_weight        		 0.0787078
RWEAK_weight        		 0.0787078
RWEAL_weight        		 0.0782725
RWUS_weight         		 0.0559417
RWEAA_weightex      		 0.0782978
RWEAB_weightex      		 0.0782978
RWEAC_weightex      		 0.0782978
RWEAD_weightex      		 0.0782978
RWEAE_weightex      		 0.0782978
RWEAF_weightex      		 0.0782978
RWEAG_weightex      		 0.0782978
RWEAH_weightex      		 0.0782978
RWEAI_weightex      		 0.0782978
RWEAJ_weightex      		 0.0782978
RWEAK_weightex      		 0.0782978
RWEAL_weightex      		 0.0783421
RWUS_weightex       		 0.0603826
RWEAA_weightim      		 0.0791123
RWEAB_weightim      		 0.0791123
RWEAC_weightim      		 0.0791123
RWEAD_weightim      		 0.0791123
RWEAE_weightim      		 0.0791123
RWEAF_weightim      		 0.0791123
RWEAG_weightim      		 0.0791123
RWEAH_weightim      		 0.0791123
RWEAI_weightim      		 0.0791123
RWEAJ_weightim      		 0.0791123
RWEAK_weightim      		 0.0791123
RWEAL_weightim      		 0.078204
RWUS_weightim       		 0.0515609
RW_b                		 11.4753
RW_bf               		 1.44827
RW_by               		 2.4
RW_c                		 2.8921
RW_ci               		 3.4979
RW_cj               		 1.07469
RW_cy               		 0.604869
RW_d                		 0.648089
RW_dn               		 0.359923
RW_dt               		 0.288166
RW_etot             		 1.0424
RW_ex               		 1.81469
RW_fh               		 2.39563
RW_fi               		 1295.53
RW_fj               		 47.9827
RW_fn               		 7.12203
RW_cg               		 0.782773
RW_gammab           		 0
RW_gammai           		 0
RW_gammaider        		 0
RW_gammau           		 0
RW_gammauder        		 0.0324171
RW_gammav           		 0.000292154
RW_gammavi          		 0.000101018
RW_gammavider       		 0.00216519
RW_gammavj          		 0.000101018
RW_gammavjder       		 0.00216519
RW_gh               		 2.87475
RW_gi               		 18.4746
RW_gj               		 20.0436
RW_gn               		 9.10037
RW_cgy              		 0.16
RW_ht               		 0.774348
RW_htc              		 0.242125
RW_hti              		 0.117093
RW_htcg             		 0.332104
RW_htig             		 0.083026
RW_i                		 0.965105
RW_ig               		 0.195693
RW_ii               		 1.28681
RW_im               		 1.76089
RW_imc              		 0.780205
RW_imi              		 0.609303
RW_imcg             		 0.297104
RW_imig             		 0.0742761
RW_imy              		 0.364965
RW_internalrer      		 1.02928
RW_igy              		 0.04
RW_k                		 38.6042
RW_kd               		 38.6042
RW_kdn              		 18.3568
RW_kdt              		 20.2474
RW_ki               		 51.4723
RW_lambdai          		 0.880526
RW_lambdaj          		 2.86593
RW_lcy              		 0.605119
RW_m                		 1.21517
RW_mcn              		 0.790516
RW_mct              		 0.790516
RW_mi               		 1.46971
RW_mj               		 0.451551
RW_nd               		 2.2196
RW_ndi              		 0.883927
RW_ndj              		 1.43009
RW_ndn              		 1.05545
RW_ndt              		 1.16415
RW_ni               		 0.883927
RW_nj               		 1.43009
RW_nt               		 2.30208
RW_ntc              		 1.87063
RW_nti              		 0.238965
RW_ntcg             		 0.153993
RW_ntig             		 0.0384982
RW_pex              		 0.94862
RW_pht              		 0.94862
RW_phttilde         		 0.94862
RW_pi               		 0.990848
RW_pcg              		 0.977318
RW_pig              		 0.977318
RW_pic              		 1.00496
RW_pic4             		 1.02
RW_piex4            		 1.02
RW_piht             		 1.00496
RW_piimc            		 1.00496
RW_piimi            		 1.00496
RW_piimcg           		 1.00496
RW_piimig           		 1.00496
RW_piimc4           		 1.02
RW_pim              		 0.990994
RW_pimc             		 0.990994
RW_pimi             		 0.990994
RW_pimcg            		 0.990994
RW_pimig            		 0.990994
RW_pint             		 1.00496
RW_piw              		 1.00496
RW_piw4             		 1.02
RW_pnt              		 1.0101
RW_pnttilde         		 1.0101
RW_pttc             		 0.98137
RW_ptti             		 0.98447
RW_pttcg            		 0.969206
RW_pttig            		 0.969206
RW_py               		 0.977558
RW_q                		 0.990848
RW_qc               		 2.89239
RW_qi               		 0.965105
RW_qcg              		 0.782773
RW_qig              		 0.195693
RW_r                		 1.01242
RW_reer             		 1.1206
RW_rer              		 1.32713
RW_rerdep           		 1
RW_rk               		 0.0321204
RW_rp               		 0
RW_rr               		 1.00742
RW_rrstar           		 1.00742
RW_sh               		 1
RW_si               		 1
RW_sj               		 1
RW_snt              		 1
RW_t                		 0
RW_tauc             		 0.077
RW_taud             		 0
RW_tauk             		 0
RW_taun             		 0.154
RW_tauwf            		 0.071
RW_tauwh            		 0.071
RW_tb               		 -0.0235737
RW_tby              		 -0.00493033
RW_ti               		 0
RW_tj               		 0
RW_tot              		 1.36611
RW_tr               		 -0.0120138
RW_tri              		 -0.00800922
RW_trj              		 -0.0240277
RW_try              		 -0.00251264
RW_ttc              		 1.0219
RW_tti              		 0.72617
RW_ttcg             		 0.628833
RW_ttig             		 0.157208
RW_ty               		 0
RW_u                		 1
RW_utili            		 -24.723
RW_utilj            		 -286.162
RW_vj               		 2.38
RW_w                		 1.2171
RW_wcst             		 0
RW_whty             		 0.576908
RW_wi               		 1.32815
RW_witilde          		 1.32815
RW_wj               		 1.06811
RW_wjtilde          		 1.06811
RW_wnty             		 0.55243
RW_wy               		 0.565003
RW_y                		 4.89113
RW_ygap             		 0
RW_ygrowth          		 1
RW_ygrowth4         		 1
RW_yhty             		 0.513665
RW_ynty             		 0.486335
RW_yshare           		 0.0784017
RW_ysn              		 2.30208
RW_yst              		 2.58904
RW_zcon             		 1
RW_zinv             		 1
RW_zn               		 1
RW_zt               		 1
RW_gammav1          		 0.0287061
RW_gammav2          		 0.150338
RW_nutc             		 0.21766
RW_nuti             		 0.146966
RW_nutcg            		 0.500529
RW_nutig            		 0.500529
RW_psit             		 0.0592032
RWEAA_rerbar        		 1.1089
RWEAB_rerbar        		 1.1089
RWEAC_rerbar        		 1.1089
RWEAD_rerbar        		 1.1089
RWEAE_rerbar        		 1.1089
RWEAF_rerbar        		 1.1089
RWEAG_rerbar        		 1.1089
RWEAH_rerbar        		 1.1089
RWEAI_rerbar        		 1.1089
RWEAJ_rerbar        		 1.1089
RWEAK_rerbar        		 1.1089
RWEAL_rerbar        		 1.1152
RWUS_rerbar         		 1.32713
RW_pibar            		 0.990848
RW_psinbar          		 0.184167
RW_psitbar          		 0.15328
RW_pybar            		 0.977558
RW_qbar             		 0.990848
RW_trybar           		 -0.00251264
RW_ybar             		 4.89113
RW_ynbar            		 2.30208
RW_ytbar            		 2.58904
USEAA_excy          		 0.00575365
USEAB_excy          		 0.00575365
USEAC_excy          		 0.00575365
USEAD_excy          		 0.00575365
USEAE_excy          		 0.00575365
USEAF_excy          		 0.00575365
USEAG_excy          		 0.00575365
USEAH_excy          		 0.00575365
USEAI_excy          		 0.00575365
USEAJ_excy          		 0.00575365
USEAK_excy          		 0.00575365
USEAL_excy          		 0.0058747
USRW_excy           		 0.00592787
USEAA_exiy          		 0.00397016
USEAB_exiy          		 0.00397016
USEAC_exiy          		 0.00397016
USEAD_exiy          		 0.00397016
USEAE_exiy          		 0.00397016
USEAF_exiy          		 0.00397016
USEAG_exiy          		 0.00397016
USEAH_exiy          		 0.00397016
USEAI_exiy          		 0.00397016
USEAJ_exiy          		 0.00397016
USEAK_exiy          		 0.00397016
USEAL_exiy          		 0.00399617
USRW_exiy           		 0.00462939
US_fx               		 2.72933
USEAA_gammaimc      		 0
USEAB_gammaimc      		 0
USEAC_gammaimc      		 0
USEAD_gammaimc      		 0
USEAE_gammaimc      		 0
USEAF_gammaimc      		 0
USEAG_gammaimc      		 0
USEAH_gammaimc      		 0
USEAI_gammaimc      		 0
USEAJ_gammaimc      		 0
USEAK_gammaimc      		 0
USEAL_gammaimc      		 0
USRW_gammaimc       		 0
USEAA_gammaimcdag   		 1
USEAB_gammaimcdag   		 1
USEAC_gammaimcdag   		 1
USEAD_gammaimcdag   		 1
USEAE_gammaimcdag   		 1
USEAF_gammaimcdag   		 1
USEAG_gammaimcdag   		 1
USEAH_gammaimcdag   		 1
USEAI_gammaimcdag   		 1
USEAJ_gammaimcdag   		 1
USEAK_gammaimcdag   		 1
USEAL_gammaimcdag   		 1
USRW_gammaimcdag    		 1
USEAA_gammaimi      		 0
USEAB_gammaimi      		 0
USEAC_gammaimi      		 0
USEAD_gammaimi      		 0
USEAE_gammaimi      		 0
USEAF_gammaimi      		 0
USEAG_gammaimi      		 0
USEAH_gammaimi      		 0
USEAI_gammaimi      		 0
USEAJ_gammaimi      		 0
USEAK_gammaimi      		 0
USEAL_gammaimi      		 0
USRW_gammaimi       		 0
USEAA_gammaimidag   		 1
USEAB_gammaimidag   		 1
USEAC_gammaimidag   		 1
USEAD_gammaimidag   		 1
USEAE_gammaimidag   		 1
USEAF_gammaimidag   		 1
USEAG_gammaimidag   		 1
USEAH_gammaimidag   		 1
USEAI_gammaimidag   		 1
USEAJ_gammaimidag   		 1
USEAK_gammaimidag   		 1
USEAL_gammaimidag   		 1
USRW_gammaimidag    		 1
USEAA_gammaimcg     		 0
USEAB_gammaimcg     		 0
USEAC_gammaimcg     		 0
USEAD_gammaimcg     		 0
USEAE_gammaimcg     		 0
USEAF_gammaimcg     		 0
USEAG_gammaimcg     		 0
USEAH_gammaimcg     		 0
USEAI_gammaimcg     		 0
USEAJ_gammaimcg     		 0
USEAK_gammaimcg     		 0
USEAL_gammaimcg     		 0
USRW_gammaimcg      		 0
USEAA_gammaimcgdag  		 1
USEAB_gammaimcgdag  		 1
USEAC_gammaimcgdag  		 1
USEAD_gammaimcgdag  		 1
USEAE_gammaimcgdag  		 1
USEAF_gammaimcgdag  		 1
USEAG_gammaimcgdag  		 1
USEAH_gammaimcgdag  		 1
USEAI_gammaimcgdag  		 1
USEAJ_gammaimcgdag  		 1
USEAK_gammaimcgdag  		 1
USEAL_gammaimcgdag  		 1
USRW_gammaimcgdag   		 1
USEAA_gammaimig     		 0
USEAB_gammaimig     		 0
USEAC_gammaimig     		 0
USEAD_gammaimig     		 0
USEAE_gammaimig     		 0
USEAF_gammaimig     		 0
USEAG_gammaimig     		 0
USEAH_gammaimig     		 0
USEAI_gammaimig     		 0
USEAJ_gammaimig     		 0
USEAK_gammaimig     		 0
USEAL_gammaimig     		 0
USRW_gammaimig      		 0
USEAA_gammaimigdag  		 1
USEAB_gammaimigdag  		 1
USEAC_gammaimigdag  		 1
USEAD_gammaimigdag  		 1
USEAE_gammaimigdag  		 1
USEAF_gammaimigdag  		 1
USEAG_gammaimigdag  		 1
USEAH_gammaimigdag  		 1
USEAI_gammaimigdag  		 1
USEAJ_gammaimigdag  		 1
USEAK_gammaimigdag  		 1
USEAL_gammaimigdag  		 1
USRW_gammaimigdag   		 1
US_gx               		 3.27519
USEAA_im            		 0.0908001
USEAB_im            		 0.0908001
USEAC_im            		 0.0908001
USEAD_im            		 0.0908001
USEAE_im            		 0.0908001
USEAF_im            		 0.0908001
USEAG_im            		 0.0908001
USEAH_im            		 0.0908001
USEAI_im            		 0.0908001
USEAJ_im            		 0.0908001
USEAK_im            		 0.0908001
USEAL_im            		 0.0889753
USRW_im             		 0.096852
USEAA_imc           		 0.0226162
USEAB_imc           		 0.0226162
USEAC_imc           		 0.0226162
USEAD_imc           		 0.0226162
USEAE_imc           		 0.0226162
USEAF_imc           		 0.0226162
USEAG_imc           		 0.0226162
USEAH_imc           		 0.0226162
USEAI_imc           		 0.0226162
USEAJ_imc           		 0.0226162
USEAK_imc           		 0.0226162
USEAL_imc           		 0.0221616
USRW_imc            		 0.0241235
USEAL_imcy          		 0.00323261
USEAA_imi           		 0.017899
USEAB_imi           		 0.017899
USEAC_imi           		 0.017899
USEAD_imi           		 0.017899
USEAE_imi           		 0.017899
USEAF_imi           		 0.017899
USEAG_imi           		 0.017899
USEAH_imi           		 0.017899
USEAI_imi           		 0.017899
USEAJ_imi           		 0.017899
USEAK_imi           		 0.017899
USEAL_imi           		 0.0175392
USRW_imi            		 0.019092
USEAL_imiy          		 0.00255837
USEAA_imcg          		 0.040228
USEAB_imcg          		 0.040228
USEAC_imcg          		 0.040228
USEAD_imcg          		 0.040228
USEAE_imcg          		 0.040228
USEAF_imcg          		 0.040228
USEAG_imcg          		 0.040228
USEAH_imcg          		 0.040228
USEAI_imcg          		 0.040228
USEAJ_imcg          		 0.040228
USEAK_imcg          		 0.040228
USEAL_imcg          		 0.0394195
USRW_imcg           		 0.0429092
USEAL_imcgy         		 0.00574994
USEAA_imig          		 0.010057
USEAB_imig          		 0.010057
USEAC_imig          		 0.010057
USEAD_imig          		 0.010057
USEAE_imig          		 0.010057
USEAF_imig          		 0.010057
USEAG_imig          		 0.010057
USEAH_imig          		 0.010057
USEAI_imig          		 0.010057
USEAJ_imig          		 0.010057
USEAK_imig          		 0.010057
USEAL_imig          		 0.00985488
USRW_imig           		 0.0107273
USEAL_imigy         		 0.00143748
US_piex             		 1.00496
US_pextilde         		 0.976481
USEAA_rer           		 0.835563
USEAB_rer           		 0.835563
USEAC_rer           		 0.835563
USEAD_rer           		 0.835563
USEAE_rer           		 0.835563
USEAF_rer           		 0.835563
USEAG_rer           		 0.835563
USEAH_rer           		 0.835563
USEAI_rer           		 0.835563
USEAJ_rer           		 0.835563
USEAK_rer           		 0.835563
USEAL_rer           		 0.840309
USRW_rer            		 0.753506
US_sx               		 1
USEAA_tot           		 0.750367
USEAB_tot           		 0.750367
USEAC_tot           		 0.750367
USEAD_tot           		 0.750367
USEAE_tot           		 0.750367
USEAF_tot           		 0.750367
USEAG_tot           		 0.750367
USEAH_tot           		 0.750367
USEAI_tot           		 0.750367
USEAJ_tot           		 0.750367
USEAK_tot           		 0.750367
USEAL_tot           		 0.756965
USRW_tot            		 0.732007
USEAA_weight        		 0.0766226
USEAB_weight        		 0.0766226
USEAC_weight        		 0.0766226
USEAD_weight        		 0.0766226
USEAE_weight        		 0.0766226
USEAF_weight        		 0.0766226
USEAG_weight        		 0.0766226
USEAH_weight        		 0.0766226
USEAI_weight        		 0.0766226
USEAJ_weight        		 0.0766226
USEAK_weight        		 0.0766226
USEAL_weight        		 0.0761893
USRW_weight         		 0.0809624
USEAA_weightex      		 0.0764891
USEAB_weightex      		 0.0764891
USEAC_weightex      		 0.0764891
USEAD_weightex      		 0.0764891
USEAE_weightex      		 0.0764891
USEAF_weightex      		 0.0764891
USEAG_weightex      		 0.0764891
USEAH_weightex      		 0.0764891
USEAI_weightex      		 0.0764891
USEAJ_weightex      		 0.0764891
USEAK_weightex      		 0.0764891
USEAL_weightex      		 0.0765199
USRW_weightex       		 0.0821003
USEAA_weightim      		 0.0767514
USEAB_weightim      		 0.0767514
USEAC_weightim      		 0.0767514
USEAD_weightim      		 0.0767514
USEAE_weightim      		 0.0767514
USEAF_weightim      		 0.0767514
USEAG_weightim      		 0.0767514
USEAH_weightim      		 0.0767514
USEAI_weightim      		 0.0767514
USEAJ_weightim      		 0.0767514
USEAK_weightim      		 0.0767514
USEAL_weightim      		 0.0758702
USRW_weightim       		 0.0798638
US_b                		 12.1618
US_bf               		 2.44223
US_by               		 2.4
US_c                		 3.0701
US_ci               		 3.7135
US_cj               		 1.1399
US_cy               		 0.60585
US_d                		 0.686864
US_dn               		 0.390237
US_dt               		 0.296627
US_etot             		 0.749363
US_ex               		 0.85704
US_fh               		 5.57471
US_fi               		 4619.24
US_fj               		 171.083
US_fn               		 7.72187
US_cg               		 0.929713
US_gammai           		 0
US_gammaider        		 0
US_gammau           		 0
US_gammauder        		 0.0324171
US_gammav           		 0.000310135
US_gammavi          		 0.000101018
US_gammavider       		 0.00216519
US_gammavj          		 0.000101018
US_gammavjder       		 0.00216519
US_gh               		 6.68965
US_gi               		 26.5852
US_gj               		 28.8691
US_gn               		 9.86684
US_cgy              		 0.16
US_ht               		 1.75052
US_htc              		 0.839171
US_hti              		 0.59173
US_htcg             		 0.255697
US_htig             		 0.0639242
US_i                		 1.06461
US_ig               		 0.232428
US_ii               		 1.41948
US_im               		 1.18455
US_imc              		 0.295043
US_imi              		 0.233504
US_imcg             		 0.524802
US_imig             		 0.1312
US_imy              		 0.171061
US_internalrer      		 1.12021
US_igy              		 0.04
US_k                		 42.5845
US_kd               		 42.5845
US_kdn              		 20.7155
US_kdt              		 21.869
US_ki               		 56.7793
US_lambdai          		 0.829404
US_lambdaj          		 2.70198
US_lcy              		 0.605119
US_m                		 1.28996
US_mcn              		 0.813734
US_mct              		 0.813734
US_mi               		 1.56029
US_mj               		 0.478951
US_nd               		 2.21872
US_ndi              		 0.883365
US_ndj              		 1.42978
US_ndn              		 1.07931
US_ndt              		 1.13941
US_ni               		 0.883365
US_nj               		 1.42978
US_nt               		 2.42476
US_ntc              		 1.95722
US_nti              		 0.254669
US_ntcg             		 0.17029
US_ntig             		 0.0425725
US_pex              		 0.976481
US_pht              		 0.976481
US_phttilde         		 0.976481
US_pi               		 0.951976
US_pcg              		 0.872085
US_pig              		 0.872085
US_pic              		 1.00496
US_pic4             		 1.02
US_piex4            		 1.02
US_piht             		 1.00496
US_piimc            		 1.00496
US_piimi            		 1.00496
US_piimcg           		 1.00496
US_piimig           		 1.00496
US_piimc4           		 1.02
US_pim              		 0.731786
US_pimc             		 0.731786
US_pimi             		 0.731786
US_pimcg            		 0.731786
US_pimig            		 0.731786
US_pint             		 1.00496
US_piw              		 1.00496
US_piw4             		 1.02
US_pnt              		 1.03977
US_pnttilde         		 1.03977
US_pttc             		 0.928196
US_ptti             		 0.923571
US_pttcg            		 0.832465
US_pttig            		 0.832465
US_py               		 1.00698
US_q                		 0.951976
US_qc               		 3.07041
US_qi               		 1.06461
US_qcg              		 0.929713
US_qig              		 0.232428
US_r                		 1.01242
US_reer             		 0.828957
US_rer              		 1
US_rk               		 0.0308603
US_rr               		 1.00742
US_rrstar           		 1.00742
US_sh               		 1
US_si               		 1
US_sj               		 1
US_snt              		 1
US_t                		 0
US_tauc             		 0.077
US_taud             		 0
US_tauk             		 0
US_taun             		 0.154
US_tauwf            		 0.071
US_tauwh            		 0.071
US_tb               		 -0.0299538
US_tby              		 -0.00591105
US_ti               		 0
US_tj               		 0
US_tr               		 -0.0123397
US_tri              		 -0.00822645
US_trj              		 -0.0246794
US_try              		 -0.0024351
US_ttc              		 1.11544
US_tti              		 0.810645
US_ttcg             		 0.761264
US_ttig             		 0.190316
US_ty               		 0
US_u                		 1
US_utili            		 -16.5395
US_utilj            		 -278.076
US_vj               		 2.38
US_w                		 1.29043
US_wcst             		 0
US_whty             		 0.577453
US_wi               		 1.40822
US_witilde          		 1.40822
US_wj               		 1.13244
US_wjtilde          		 1.13244
US_wnty             		 0.55243
US_wy               		 0.565003
US_y                		 5.03232
US_ygap             		 0
US_ygrowth          		 1
US_ygrowth4         		 1
US_yhty             		 0.502471
US_ynty             		 0.497529
US_yshare           		 0.110274
US_ysn              		 2.42476
US_yst              		 2.60756
US_zcon             		 1
US_zinv             		 1
US_zn               		 1
US_zt               		 1
US_gammav1          		 0.0287061
US_gammav2          		 0.150338
US_nutc             		 0.854017
US_nuti             		 0.839029
US_nutcg            		 0.500535
US_nutig            		 0.500535
US_psit             		 0.0602044
USEAA_rerbar        		 0.835563
USEAB_rerbar        		 0.835563
USEAC_rerbar        		 0.835563
USEAD_rerbar        		 0.835563
USEAE_rerbar        		 0.835563
USEAF_rerbar        		 0.835563
USEAG_rerbar        		 0.835563
USEAH_rerbar        		 0.835563
USEAI_rerbar        		 0.835563
USEAJ_rerbar        		 0.835563
USEAK_rerbar        		 0.835563
USEAL_rerbar        		 0.840309
USRW_rerbar         		 0.753506
US_pibar            		 0.951976
US_psinbar          		 0.19398
US_psitbar          		 0.156987
US_pybar            		 1.00698
US_qbar             		 0.951976
US_trybar           		 -0.0024351
US_ybar             		 5.03232
US_ynbar            		 2.42476
US_ytbar            		 2.60756
EAAEAB_numc         		 0.0768825
EAAEAB_numi         		 0.0768825
EAAEAB_numcg        		 0.0768825
EAAEAB_numig        		 0.0768825
EAAEAC_numc         		 0.0768825
EAAEAC_numi         		 0.0768825
EAAEAC_numcg        		 0.0768825
EAAEAC_numig        		 0.0768825
EAAEAD_numc         		 0.0768825
EAAEAD_numi         		 0.0768825
EAAEAD_numcg        		 0.0768825
EAAEAD_numig        		 0.0768825
EAAEAE_numc         		 0.0768825
EAAEAE_numi         		 0.0768825
EAAEAE_numcg        		 0.0768825
EAAEAE_numig        		 0.0768825
EAAEAF_numc         		 0.0768825
EAAEAF_numi         		 0.0768825
EAAEAF_numcg        		 0.0768825
EAAEAF_numig        		 0.0768825
EAAEAG_numc         		 0.0768825
EAAEAG_numi         		 0.0768825
EAAEAG_numcg        		 0.0768825
EAAEAG_numig        		 0.0768825
EAAEAH_numc         		 0.0768825
EAAEAH_numi         		 0.0768825
EAAEAH_numcg        		 0.0768825
EAAEAH_numig        		 0.0768825
EAAEAI_numc         		 0.0768825
EAAEAI_numi         		 0.0768825
EAAEAI_numcg        		 0.0768825
EAAEAI_numig        		 0.0768825
EAAEAJ_numc         		 0.0768825
EAAEAJ_numi         		 0.0768825
EAAEAJ_numcg        		 0.0768825
EAAEAJ_numig        		 0.0768825
EAAEAK_numc         		 0.0768825
EAAEAK_numi         		 0.0768825
EAAEAK_numcg        		 0.0768825
EAAEAK_numig        		 0.0768825
EAAEAL_numc         		 0.0770043
EAAEAL_numi         		 0.0770043
EAAEAL_numcg        		 0.0770043
EAAEAL_numig        		 0.0770043
EAAUS_numc          		 0.0770891
EAAUS_numi          		 0.0770891
EAAUS_numcg         		 0.0770891
EAAUS_numig         		 0.0770891
EABEAA_numc         		 0.0768825
EABEAA_numi         		 0.0768825
EABEAA_numcg        		 0.0768825
EABEAA_numig        		 0.0768825
EABEAC_numc         		 0.0768825
EABEAC_numi         		 0.0768825
EABEAC_numcg        		 0.0768825
EABEAC_numig        		 0.0768825
EABEAD_numc         		 0.0768825
EABEAD_numi         		 0.0768825
EABEAD_numcg        		 0.0768825
EABEAD_numig        		 0.0768825
EABEAE_numc         		 0.0768825
EABEAE_numi         		 0.0768825
EABEAE_numcg        		 0.0768825
EABEAE_numig        		 0.0768825
EABEAF_numc         		 0.0768825
EABEAF_numi         		 0.0768825
EABEAF_numcg        		 0.0768825
EABEAF_numig        		 0.0768825
EABEAG_numc         		 0.0768825
EABEAG_numi         		 0.0768825
EABEAG_numcg        		 0.0768825
EABEAG_numig        		 0.0768825
EABEAH_numc         		 0.0768825
EABEAH_numi         		 0.0768825
EABEAH_numcg        		 0.0768825
EABEAH_numig        		 0.0768825
EABEAI_numc         		 0.0768825
EABEAI_numi         		 0.0768825
EABEAI_numcg        		 0.0768825
EABEAI_numig        		 0.0768825
EABEAJ_numc         		 0.0768825
EABEAJ_numi         		 0.0768825
EABEAJ_numcg        		 0.0768825
EABEAJ_numig        		 0.0768825
EABEAK_numc         		 0.0768825
EABEAK_numi         		 0.0768825
EABEAK_numcg        		 0.0768825
EABEAK_numig        		 0.0768825
EABEAL_numc         		 0.0770043
EABEAL_numi         		 0.0770043
EABEAL_numcg        		 0.0770043
EABEAL_numig        		 0.0770043
EABRW_numc          		 0.077082
EABRW_numi          		 0.077082
EABRW_numcg         		 0.077082
EABRW_numig         		 0.077082
EACEAB_numc         		 0.0768825
EACEAB_numi         		 0.0768825
EACEAB_numcg        		 0.0768825
EACEAB_numig        		 0.0768825
EACEAD_numc         		 0.0768825
EACEAD_numi         		 0.0768825
EACEAD_numcg        		 0.0768825
EACEAD_numig        		 0.0768825
EACEAE_numc         		 0.0768825
EACEAE_numi         		 0.0768825
EACEAE_numcg        		 0.0768825
EACEAE_numig        		 0.0768825
EACEAF_numc         		 0.0768825
EACEAF_numi         		 0.0768825
EACEAF_numcg        		 0.0768825
EACEAF_numig        		 0.0768825
EACEAG_numc         		 0.0768825
EACEAG_numi         		 0.0768825
EACEAG_numcg        		 0.0768825
EACEAG_numig        		 0.0768825
EACEAH_numc         		 0.0768825
EACEAH_numi         		 0.0768825
EACEAH_numcg        		 0.0768825
EACEAH_numig        		 0.0768825
EACEAI_numc         		 0.0768825
EACEAI_numi         		 0.0768825
EACEAI_numcg        		 0.0768825
EACEAI_numig        		 0.0768825
EACEAJ_numc         		 0.0768825
EACEAJ_numi         		 0.0768825
EACEAJ_numcg        		 0.0768825
EACEAJ_numig        		 0.0768825
EACEAK_numc         		 0.0768825
EACEAK_numi         		 0.0768825
EACEAK_numcg        		 0.0768825
EACEAK_numig        		 0.0768825
EACEAL_numc         		 0.0770043
EACEAL_numi         		 0.0770043
EACEAL_numcg        		 0.0770043
EACEAL_numig        		 0.0770043
EACRW_numc          		 0.077082
EACRW_numi          		 0.077082
EACRW_numcg         		 0.077082
EACRW_numig         		 0.077082
EACUS_numc          		 0.0770891
EACUS_numi          		 0.0770891
EACUS_numcg         		 0.0770891
EACUS_numig         		 0.0770891
EADEAA_numc         		 0.0768825
EADEAA_numi         		 0.0768825
EADEAA_numcg        		 0.0768825
EADEAA_numig        		 0.0768825
EADEAC_numc         		 0.0768825
EADEAC_numi         		 0.0768825
EADEAC_numcg        		 0.0768825
EADEAC_numig        		 0.0768825
EADEAE_numc         		 0.0768825
EADEAE_numi         		 0.0768825
EADEAE_numcg        		 0.0768825
EADEAE_numig        		 0.0768825
EADEAF_numc         		 0.0768825
EADEAF_numi         		 0.0768825
EADEAF_numcg        		 0.0768825
EADEAF_numig        		 0.0768825
EADEAG_numc         		 0.0768825
EADEAG_numi         		 0.0768825
EADEAG_numcg        		 0.0768825
EADEAG_numig        		 0.0768825
EADEAH_numc         		 0.0768825
EADEAH_numi         		 0.0768825
EADEAH_numcg        		 0.0768825
EADEAH_numig        		 0.0768825
EADEAI_numc         		 0.0768825
EADEAI_numi         		 0.0768825
EADEAI_numcg        		 0.0768825
EADEAI_numig        		 0.0768825
EADEAJ_numc         		 0.0768825
EADEAJ_numi         		 0.0768825
EADEAJ_numcg        		 0.0768825
EADEAJ_numig        		 0.0768825
EADEAK_numc         		 0.0768825
EADEAK_numi         		 0.0768825
EADEAK_numcg        		 0.0768825
EADEAK_numig        		 0.0768825
EADEAL_numc         		 0.0770043
EADEAL_numi         		 0.0770043
EADEAL_numcg        		 0.0770043
EADEAL_numig        		 0.0770043
EADRW_numc          		 0.077082
EADRW_numi          		 0.077082
EADRW_numcg         		 0.077082
EADRW_numig         		 0.077082
EADUS_numc          		 0.0770891
EADUS_numi          		 0.0770891
EADUS_numcg         		 0.0770891
EADUS_numig         		 0.0770891
EAEEAA_numc         		 0.0768825
EAEEAA_numi         		 0.0768825
EAEEAA_numcg        		 0.0768825
EAEEAA_numig        		 0.0768825
EAEEAB_numc         		 0.0768825
EAEEAB_numi         		 0.0768825
EAEEAB_numcg        		 0.0768825
EAEEAB_numig        		 0.0768825
EAEEAD_numc         		 0.0768825
EAEEAD_numi         		 0.0768825
EAEEAD_numcg        		 0.0768825
EAEEAD_numig        		 0.0768825
EAEEAF_numc         		 0.0768825
EAEEAF_numi         		 0.0768825
EAEEAF_numcg        		 0.0768825
EAEEAF_numig        		 0.0768825
EAEEAG_numc         		 0.0768825
EAEEAG_numi         		 0.0768825
EAEEAG_numcg        		 0.0768825
EAEEAG_numig        		 0.0768825
EAEEAH_numc         		 0.0768825
EAEEAH_numi         		 0.0768825
EAEEAH_numcg        		 0.0768825
EAEEAH_numig        		 0.0768825
EAEEAI_numc         		 0.0768825
EAEEAI_numi         		 0.0768825
EAEEAI_numcg        		 0.0768825
EAEEAI_numig        		 0.0768825
EAEEAJ_numc         		 0.0768825
EAEEAJ_numi         		 0.0768825
EAEEAJ_numcg        		 0.0768825
EAEEAJ_numig        		 0.0768825
EAEEAK_numc         		 0.0768825
EAEEAK_numi         		 0.0768825
EAEEAK_numcg        		 0.0768825
EAEEAK_numig        		 0.0768825
EAEEAL_numc         		 0.0770043
EAEEAL_numi         		 0.0770043
EAEEAL_numcg        		 0.0770043
EAEEAL_numig        		 0.0770043
EAERW_numc          		 0.077082
EAERW_numi          		 0.077082
EAERW_numcg         		 0.077082
EAERW_numig         		 0.077082
EAEUS_numc          		 0.0770891
EAEUS_numi          		 0.0770891
EAEUS_numcg         		 0.0770891
EAEUS_numig         		 0.0770891
EAFEAA_numc         		 0.0768825
EAFEAA_numi         		 0.0768825
EAFEAA_numcg        		 0.0768825
EAFEAA_numig        		 0.0768825
EAFEAB_numc         		 0.0768825
EAFEAB_numi         		 0.0768825
EAFEAB_numcg        		 0.0768825
EAFEAB_numig        		 0.0768825
EAFEAC_numc         		 0.0768825
EAFEAC_numi         		 0.0768825
EAFEAC_numcg        		 0.0768825
EAFEAC_numig        		 0.0768825
EAFEAE_numc         		 0.0768825
EAFEAE_numi         		 0.0768825
EAFEAE_numcg        		 0.0768825
EAFEAE_numig        		 0.0768825
EAFEAG_numc         		 0.0768825
EAFEAG_numi         		 0.0768825
EAFEAG_numcg        		 0.0768825
EAFEAG_numig        		 0.0768825
EAFEAH_numc         		 0.0768825
EAFEAH_numi         		 0.0768825
EAFEAH_numcg        		 0.0768825
EAFEAH_numig        		 0.0768825
EAFEAI_numc         		 0.0768825
EAFEAI_numi         		 0.0768825
EAFEAI_numcg        		 0.0768825
EAFEAI_numig        		 0.0768825
EAFEAJ_numc         		 0.0768825
EAFEAJ_numi         		 0.0768825
EAFEAJ_numcg        		 0.0768825
EAFEAJ_numig        		 0.0768825
EAFEAK_numc         		 0.0768825
EAFEAK_numi         		 0.0768825
EAFEAK_numcg        		 0.0768825
EAFEAK_numig        		 0.0768825
EAFEAL_numc         		 0.0770043
EAFEAL_numi         		 0.0770043
EAFEAL_numcg        		 0.0770043
EAFEAL_numig        		 0.0770043
EAFRW_numc          		 0.077082
EAFRW_numi          		 0.077082
EAFRW_numcg         		 0.077082
EAFRW_numig         		 0.077082
EAFUS_numc          		 0.0770891
EAFUS_numi          		 0.0770891
EAFUS_numcg         		 0.0770891
EAFUS_numig         		 0.0770891
EAGEAA_numc         		 0.0768825
EAGEAA_numi         		 0.0768825
EAGEAA_numcg        		 0.0768825
EAGEAA_numig        		 0.0768825
EAGEAB_numc         		 0.0768825
EAGEAB_numi         		 0.0768825
EAGEAB_numcg        		 0.0768825
EAGEAB_numig        		 0.0768825
EAGEAC_numc         		 0.0768825
EAGEAC_numi         		 0.0768825
EAGEAC_numcg        		 0.0768825
EAGEAC_numig        		 0.0768825
EAGEAD_numc         		 0.0768825
EAGEAD_numi         		 0.0768825
EAGEAD_numcg        		 0.0768825
EAGEAD_numig        		 0.0768825
EAGEAF_numc         		 0.0768825
EAGEAF_numi         		 0.0768825
EAGEAF_numcg        		 0.0768825
EAGEAF_numig        		 0.0768825
EAGEAH_numc         		 0.0768825
EAGEAH_numi         		 0.0768825
EAGEAH_numcg        		 0.0768825
EAGEAH_numig        		 0.0768825
EAGEAI_numc         		 0.0768825
EAGEAI_numi         		 0.0768825
EAGEAI_numcg        		 0.0768825
EAGEAI_numig        		 0.0768825
EAGEAJ_numc         		 0.0768825
EAGEAJ_numi         		 0.0768825
EAGEAJ_numcg        		 0.0768825
EAGEAJ_numig        		 0.0768825
EAGEAK_numc         		 0.0768825
EAGEAK_numi         		 0.0768825
EAGEAK_numcg        		 0.0768825
EAGEAK_numig        		 0.0768825
EAGEAL_numc         		 0.0770043
EAGEAL_numi         		 0.0770043
EAGEAL_numcg        		 0.0770043
EAGEAL_numig        		 0.0770043
EAGRW_numc          		 0.077082
EAGRW_numi          		 0.077082
EAGRW_numcg         		 0.077082
EAGRW_numig         		 0.077082
EAGUS_numc          		 0.0770891
EAGUS_numi          		 0.0770891
EAGUS_numcg         		 0.0770891
EAGUS_numig         		 0.0770891
EAHEAA_numc         		 0.0768825
EAHEAA_numi         		 0.0768825
EAHEAA_numcg        		 0.0768825
EAHEAA_numig        		 0.0768825
EAHEAB_numc         		 0.0768825
EAHEAB_numi         		 0.0768825
EAHEAB_numcg        		 0.0768825
EAHEAB_numig        		 0.0768825
EAHEAC_numc         		 0.0768825
EAHEAC_numi         		 0.0768825
EAHEAC_numcg        		 0.0768825
EAHEAC_numig        		 0.0768825
EAHEAD_numc         		 0.0768825
EAHEAD_numi         		 0.0768825
EAHEAD_numcg        		 0.0768825
EAHEAD_numig        		 0.0768825
EAHEAE_numc         		 0.0768825
EAHEAE_numi         		 0.0768825
EAHEAE_numcg        		 0.0768825
EAHEAE_numig        		 0.0768825
EAHEAG_numc         		 0.0768825
EAHEAG_numi         		 0.0768825
EAHEAG_numcg        		 0.0768825
EAHEAG_numig        		 0.0768825
EAHEAI_numc         		 0.0768825
EAHEAI_numi         		 0.0768825
EAHEAI_numcg        		 0.0768825
EAHEAI_numig        		 0.0768825
EAHEAJ_numc         		 0.0768825
EAHEAJ_numi         		 0.0768825
EAHEAJ_numcg        		 0.0768825
EAHEAJ_numig        		 0.0768825
EAHEAK_numc         		 0.0768825
EAHEAK_numi         		 0.0768825
EAHEAK_numcg        		 0.0768825
EAHEAK_numig        		 0.0768825
EAHEAL_numc         		 0.0770043
EAHEAL_numi         		 0.0770043
EAHEAL_numcg        		 0.0770043
EAHEAL_numig        		 0.0770043
EAHRW_numc          		 0.077082
EAHRW_numi          		 0.077082
EAHRW_numcg         		 0.077082
EAHRW_numig         		 0.077082
EAHUS_numc          		 0.0770891
EAHUS_numi          		 0.0770891
EAHUS_numcg         		 0.0770891
EAHUS_numig         		 0.0770891
EAIEAA_numc         		 0.0768825
EAIEAA_numi         		 0.0768825
EAIEAA_numcg        		 0.0768825
EAIEAA_numig        		 0.0768825
EAIEAB_numc         		 0.0768825
EAIEAB_numi         		 0.0768825
EAIEAB_numcg        		 0.0768825
EAIEAB_numig        		 0.0768825
EAIEAC_numc         		 0.0768825
EAIEAC_numi         		 0.0768825
EAIEAC_numcg        		 0.0768825
EAIEAC_numig        		 0.0768825
EAIEAD_numc         		 0.0768825
EAIEAD_numi         		 0.0768825
EAIEAD_numcg        		 0.0768825
EAIEAD_numig        		 0.0768825
EAIEAE_numc         		 0.0768825
EAIEAE_numi         		 0.0768825
EAIEAE_numcg        		 0.0768825
EAIEAE_numig        		 0.0768825
EAIEAF_numc         		 0.0768825
EAIEAF_numi         		 0.0768825
EAIEAF_numcg        		 0.0768825
EAIEAF_numig        		 0.0768825
EAIEAH_numc         		 0.0768825
EAIEAH_numi         		 0.0768825
EAIEAH_numcg        		 0.0768825
EAIEAH_numig        		 0.0768825
EAIEAJ_numc         		 0.0768825
EAIEAJ_numi         		 0.0768825
EAIEAJ_numcg        		 0.0768825
EAIEAJ_numig        		 0.0768825
EAIEAK_numc         		 0.0768825
EAIEAK_numi         		 0.0768825
EAIEAK_numcg        		 0.0768825
EAIEAK_numig        		 0.0768825
EAIEAL_numc         		 0.0770043
EAIEAL_numi         		 0.0770043
EAIEAL_numcg        		 0.0770043
EAIEAL_numig        		 0.0770043
EAIRW_numc          		 0.077082
EAIRW_numi          		 0.077082
EAIRW_numcg         		 0.077082
EAIRW_numig         		 0.077082
EAIUS_numc          		 0.0770891
EAIUS_numi          		 0.0770891
EAIUS_numcg         		 0.0770891
EAIUS_numig         		 0.0770891
EAJEAA_numc         		 0.0768825
EAJEAA_numi         		 0.0768825
EAJEAA_numcg        		 0.0768825
EAJEAA_numig        		 0.0768825
EAJEAB_numc         		 0.0768825
EAJEAB_numi         		 0.0768825
EAJEAB_numcg        		 0.0768825
EAJEAB_numig        		 0.0768825
EAJEAC_numc         		 0.0768825
EAJEAC_numi         		 0.0768825
EAJEAC_numcg        		 0.0768825
EAJEAC_numig        		 0.0768825
EAJEAD_numc         		 0.0768825
EAJEAD_numi         		 0.0768825
EAJEAD_numcg        		 0.0768825
EAJEAD_numig        		 0.0768825
EAJEAE_numc         		 0.0768825
EAJEAE_numi         		 0.0768825
EAJEAE_numcg        		 0.0768825
EAJEAE_numig        		 0.0768825
EAJEAF_numc         		 0.0768825
EAJEAF_numi         		 0.0768825
EAJEAF_numcg        		 0.0768825
EAJEAF_numig        		 0.0768825
EAJEAG_numc         		 0.0768825
EAJEAG_numi         		 0.0768825
EAJEAG_numcg        		 0.0768825
EAJEAG_numig        		 0.0768825
EAJEAI_numc         		 0.0768825
EAJEAI_numi         		 0.0768825
EAJEAI_numcg        		 0.0768825
EAJEAI_numig        		 0.0768825
EAJEAK_numc         		 0.0768825
EAJEAK_numi         		 0.0768825
EAJEAK_numcg        		 0.0768825
EAJEAK_numig        		 0.0768825
EAJEAL_numc         		 0.0770043
EAJEAL_numi         		 0.0770043
EAJEAL_numcg        		 0.0770043
EAJEAL_numig        		 0.0770043
EAJRW_numc          		 0.077082
EAJRW_numi          		 0.077082
EAJRW_numcg         		 0.077082
EAJRW_numig         		 0.077082
EAJUS_numc          		 0.0770891
EAJUS_numi          		 0.0770891
EAJUS_numcg         		 0.0770891
EAJUS_numig         		 0.0770891
EAKEAA_numc         		 0.0768825
EAKEAA_numi         		 0.0768825
EAKEAA_numcg        		 0.0768825
EAKEAA_numig        		 0.0768825
EAKEAB_numc         		 0.0768825
EAKEAB_numi         		 0.0768825
EAKEAB_numcg        		 0.0768825
EAKEAB_numig        		 0.0768825
EAKEAC_numc         		 0.0768825
EAKEAC_numi         		 0.0768825
EAKEAC_numcg        		 0.0768825
EAKEAC_numig        		 0.0768825
EAKEAD_numc         		 0.0768825
EAKEAD_numi         		 0.0768825
EAKEAD_numcg        		 0.0768825
EAKEAD_numig        		 0.0768825
EAKEAE_numc         		 0.0768825
EAKEAE_numi         		 0.0768825
EAKEAE_numcg        		 0.0768825
EAKEAE_numig        		 0.0768825
EAKEAF_numc         		 0.0768825
EAKEAF_numi         		 0.0768825
EAKEAF_numcg        		 0.0768825
EAKEAF_numig        		 0.0768825
EAKEAG_numc         		 0.0768825
EAKEAG_numi         		 0.0768825
EAKEAG_numcg        		 0.0768825
EAKEAG_numig        		 0.0768825
EAKEAH_numc         		 0.0768825
EAKEAH_numi         		 0.0768825
EAKEAH_numcg        		 0.0768825
EAKEAH_numig        		 0.0768825
EAKEAJ_numc         		 0.0768825
EAKEAJ_numi         		 0.0768825
EAKEAJ_numcg        		 0.0768825
EAKEAJ_numig        		 0.0768825
EAKEAL_numc         		 0.0770043
EAKEAL_numi         		 0.0770043
EAKEAL_numcg        		 0.0770043
EAKEAL_numig        		 0.0770043
EAKRW_numc          		 0.077082
EAKRW_numi          		 0.077082
EAKRW_numcg         		 0.077082
EAKRW_numig         		 0.077082
EAKUS_numc          		 0.0770891
EAKUS_numi          		 0.0770891
EAKUS_numcg         		 0.0770891
EAKUS_numig         		 0.0770891
EALEAA_numc         		 0.0768918
EALEAA_numi         		 0.0768918
EALEAA_numcg        		 0.0768918
EALEAA_numig        		 0.0768918
EALEAB_numc         		 0.0768918
EALEAB_numi         		 0.0768918
EALEAB_numcg        		 0.0768918
EALEAB_numig        		 0.0768918
EALEAC_numc         		 0.0768918
EALEAC_numi         		 0.0768918
EALEAC_numcg        		 0.0768918
EALEAC_numig        		 0.0768918
EALEAD_numc         		 0.0768918
EALEAD_numi         		 0.0768918
EALEAD_numcg        		 0.0768918
EALEAD_numig        		 0.0768918
EALEAE_numc         		 0.0768918
EALEAE_numi         		 0.0768918
EALEAE_numcg        		 0.0768918
EALEAE_numig        		 0.0768918
EALEAF_numc         		 0.0768918
EALEAF_numi         		 0.0768918
EALEAF_numcg        		 0.0768918
EALEAF_numig        		 0.0768918
EALEAG_numc         		 0.0768918
EALEAG_numi         		 0.0768918
EALEAG_numcg        		 0.0768918
EALEAG_numig        		 0.0768918
EALEAH_numc         		 0.0768918
EALEAH_numi         		 0.0768918
EALEAH_numcg        		 0.0768918
EALEAH_numig        		 0.0768918
EALEAI_numc         		 0.0768918
EALEAI_numi         		 0.0768918
EALEAI_numcg        		 0.0768918
EALEAI_numig        		 0.0768918
EALEAK_numc         		 0.0768918
EALEAK_numi         		 0.0768918
EALEAK_numcg        		 0.0768918
EALEAK_numig        		 0.0768918
EALRW_numc          		 0.0770914
EALRW_numi          		 0.0770914
EALRW_numcg         		 0.0770914
EALRW_numig         		 0.0770914
EALUS_numc          		 0.0770985
EALUS_numi          		 0.0770985
EALUS_numcg         		 0.0770985
EALUS_numig         		 0.0770985
RWEAA_numc          		 0.0768978
RWEAA_numi          		 0.0768978
RWEAA_numcg         		 0.0768978
RWEAA_numig         		 0.0768978
RWEAB_numc          		 0.0768978
RWEAB_numi          		 0.0768978
RWEAB_numcg         		 0.0768978
RWEAB_numig         		 0.0768978
RWEAC_numc          		 0.0768978
RWEAC_numi          		 0.0768978
RWEAC_numcg         		 0.0768978
RWEAC_numig         		 0.0768978
RWEAD_numc          		 0.0768978
RWEAD_numi          		 0.0768978
RWEAD_numcg         		 0.0768978
RWEAD_numig         		 0.0768978
RWEAE_numc          		 0.0768978
RWEAE_numi          		 0.0768978
RWEAE_numcg         		 0.0768978
RWEAE_numig         		 0.0768978
RWEAF_numc          		 0.0768978
RWEAF_numi          		 0.0768978
RWEAF_numcg         		 0.0768978
RWEAF_numig         		 0.0768978
RWEAG_numc          		 0.0768978
RWEAG_numi          		 0.0768978
RWEAG_numcg         		 0.0768978
RWEAG_numig         		 0.0768978
RWEAH_numc          		 0.0768978
RWEAH_numi          		 0.0768978
RWEAH_numcg         		 0.0768978
RWEAH_numig         		 0.0768978
RWEAI_numc          		 0.0768978
RWEAI_numi          		 0.0768978
RWEAI_numcg         		 0.0768978
RWEAI_numig         		 0.0768978
RWEAJ_numc          		 0.0768978
RWEAJ_numi          		 0.0768978
RWEAJ_numcg         		 0.0768978
RWEAJ_numig         		 0.0768978
RWEAL_numc          		 0.0770197
RWEAL_numi          		 0.0770197
RWEAL_numcg         		 0.0770197
RWEAL_numig         		 0.0770197
RWUS_numc           		 0.0771045
RWUS_numi           		 0.0771045
RWUS_numcg          		 0.0771045
RWUS_numig          		 0.0771045
USEAA_numc          		 0.0768984
USEAA_numi          		 0.0768984
USEAA_numcg         		 0.0768984
USEAA_numig         		 0.0768984
USEAB_numc          		 0.0768984
USEAB_numi          		 0.0768984
USEAB_numcg         		 0.0768984
USEAB_numig         		 0.0768984
USEAC_numc          		 0.0768984
USEAC_numi          		 0.0768984
USEAC_numcg         		 0.0768984
USEAC_numig         		 0.0768984
USEAD_numc          		 0.0768984
USEAD_numi          		 0.0768984
USEAD_numcg         		 0.0768984
USEAD_numig         		 0.0768984
USEAE_numc          		 0.0768984
USEAE_numi          		 0.0768984
USEAE_numcg         		 0.0768984
USEAE_numig         		 0.0768984
USEAF_numc          		 0.0768984
USEAF_numi          		 0.0768984
USEAF_numcg         		 0.0768984
USEAF_numig         		 0.0768984
USEAG_numc          		 0.0768984
USEAG_numi          		 0.0768984
USEAG_numcg         		 0.0768984
USEAG_numig         		 0.0768984
USEAH_numc          		 0.0768984
USEAH_numi          		 0.0768984
USEAH_numcg         		 0.0768984
USEAH_numig         		 0.0768984
USEAI_numc          		 0.0768984
USEAI_numi          		 0.0768984
USEAI_numcg         		 0.0768984
USEAI_numig         		 0.0768984
USEAJ_numc          		 0.0768984
USEAJ_numi          		 0.0768984
USEAJ_numcg         		 0.0768984
USEAJ_numig         		 0.0768984
USEAK_numc          		 0.0768984
USEAK_numi          		 0.0768984
USEAK_numcg         		 0.0768984
USEAK_numig         		 0.0768984
USRW_numc           		 0.0770979
USRW_numi           		 0.0770979
USRW_numcg          		 0.0770979
USRW_numig          		 0.0770979
EAAEAL_nerdep       		 1
EAA_gammabh         		 0
EABEAL_nerdep       		 1
EAB_gammabh         		 0
EACEAL_nerdep       		 1
EAC_gammabh         		 0
EADEAL_nerdep       		 1
EAD_gammabh         		 0
EAEEAL_nerdep       		 1
EAE_gammabh         		 0
EAFEAL_nerdep       		 1
EAF_gammabh         		 0
EAGEAL_nerdep       		 1
EAG_gammabh         		 0
EAHEAL_nerdep       		 1
EAH_gammabh         		 0
EAIEAL_nerdep       		 1
EAI_gammabh         		 0
EAJEAL_nerdep       		 1
EAJ_gammabh         		 0
EAKEAL_nerdep       		 1
EAK_gammabh         		 0
EAA_bh              		 0
EAB_bh              		 0
EAC_bh              		 0
EAD_bh              		 0
EAE_bh              		 1.57372e-16
EAF_bh              		 1.23587e-16
EAG_bh              		 0
EAH_bh              		 0
EAI_bh              		 0
EAJ_bh              		 0
EAK_bh              		 0
EAL_bh              		 -5.00286e-17
Total computing time : 0h00m41s
Note: 166 warning(s) encountered in the preprocessor
