Starting Dynare (version 6.1).
Calling Dynare with arguments: none
Starting preprocessing of the model file ...
Substitution of endo lags >= 2: added 166 auxiliary variables and equations.
Found 7386 equation(s).
Evaluating expressions...
Computing static model derivatives (order 1).
Normalizing the static model...
Finding the optimal block decomposition of the static model...
449 block(s) found:
  448 recursive block(s) and 1 simultaneous block(s).
  the largest simultaneous block has 3406 equation(s)
                                 and 3406 feedback variable(s).
Computing dynamic model derivatives (order 2).
Normalizing the dynamic model...
Finding the optimal block decomposition of the dynamic model...
282 block(s) found:
  281 recursive block(s) and 1 simultaneous block(s).
  the largest simultaneous block has 3451 equation(s)
                                 and 2932 feedback variable(s).
Preprocessing completed.
Preprocessing time: 0h03m26s.
HOMOTOPY mode 1: computing step 0/15...
HOMOTOPY mode 1: computing step 1/15...
MODEL STEADY STATE: (method=Sparse Gaussian Elimination)
------------------------------------
      Iteration no. 1
      Inf-norm error = 1.400e-03
      2-norm error   = 1.980e-03
      1-norm error   = 2.819e-03
------------------------------------
MODEL STEADY STATE: (method=Sparse Gaussian Elimination)
------------------------------------
      Iteration no. 2
      Inf-norm error = 2.660e-02
      2-norm error   = 2.712e-02
      1-norm error   = 3.992e-02
------------------------------------
MODEL STEADY STATE: (method=Sparse Gaussian Elimination)
------------------------------------
      Iteration no. 3
      Inf-norm error = 4.643e-02
      2-norm error   = 4.725e-02
      1-norm error   = 6.749e-02
------------------------------------
MODEL STEADY STATE: (method=Sparse Gaussian Elimination)
------------------------------------
      Iteration no. 4
      Inf-norm error = 6.081e-02
      2-norm error   = 6.187e-02
      1-norm error   = 8.742e-02
------------------------------------
MODEL STEADY STATE: (method=Sparse Gaussian Elimination)
------------------------------------
      Iteration no. 5
      Inf-norm error = 7.085e-02
      2-norm error   = 7.208e-02
      1-norm error   = 1.013e-01
------------------------------------
MODEL STEADY STATE: (method=Sparse Gaussian Elimination)
------------------------------------
      Iteration no. 6
      Inf-norm error = 7.743e-02
      2-norm error   = 7.877e-02
      1-norm error   = 1.103e-01
------------------------------------
MODEL STEADY STATE: (method=Sparse Gaussian Elimination)
------------------------------------
      Iteration no. 7
      Inf-norm error = 8.129e-02
      2-norm error   = 8.270e-02
      1-norm error   = 1.155e-01
------------------------------------
MODEL STEADY STATE: (method=Sparse Gaussian Elimination)
------------------------------------
      Iteration no. 8
      Inf-norm error = 8.303e-02
      2-norm error   = 8.446e-02
      1-norm error   = 1.177e-01
------------------------------------
MODEL STEADY STATE: (method=Sparse Gaussian Elimination)
------------------------------------
      Iteration no. 9
      Inf-norm error = 8.313e-02
      2-norm error   = 8.457e-02
      1-norm error   = 1.177e-01
------------------------------------
MODEL STEADY STATE: (method=Sparse Gaussian Elimination)
------------------------------------
      Iteration no. 10
      Inf-norm error = 8.198e-02
      2-norm error   = 8.340e-02
      1-norm error   = 1.159e-01
------------------------------------
MODEL STEADY STATE: (method=Sparse Gaussian Elimination)
------------------------------------
      Iteration no. 11
      Inf-norm error = 7.990e-02
      2-norm error   = 8.129e-02
      1-norm error   = 1.129e-01
------------------------------------
MODEL STEADY STATE: (method=Sparse Gaussian Elimination)
------------------------------------
      Iteration no. 12
      Inf-norm error = 7.896e-02
      2-norm error   = 8.033e-02
      1-norm error   = 1.114e-01
------------------------------------
MODEL STEADY STATE: (method=Sparse Gaussian Elimination)
------------------------------------
      Iteration no. 13
      Inf-norm error = 7.579e-02
      2-norm error   = 7.711e-02
      1-norm error   = 1.068e-01
------------------------------------
MODEL STEADY STATE: (method=Sparse Gaussian Elimination)
------------------------------------
      Iteration no. 14
      Inf-norm error = 7.309e-02
      2-norm error   = 7.436e-02
      1-norm error   = 1.028e-01
------------------------------------
MODEL STEADY STATE: (method=Sparse Gaussian Elimination)
------------------------------------
      Iteration no. 15
      Inf-norm error = 6.921e-02
      2-norm error   = 7.042e-02
      1-norm error   = 9.708e-02
------------------------------------
MODEL STEADY STATE: (method=Sparse Gaussian Elimination)
------------------------------------
      Iteration no. 16
      Inf-norm error = 6.764e-02
      2-norm error   = 6.885e-02
      1-norm error   = 9.442e-02
------------------------------------
MODEL STEADY STATE: (method=Sparse Gaussian Elimination)
------------------------------------
      Iteration no. 17
      Inf-norm error = 1.126e-02
      2-norm error   = 1.146e-02
      1-norm error   = 1.559e-02
------------------------------------
HOMOTOPY mode 1: computing step 2/15...
MODEL STEADY STATE: (method=Sparse Gaussian Elimination)
------------------------------------
      Iteration no. 1
      Inf-norm error = 1.400e-03
      2-norm error   = 1.980e-03
      1-norm error   = 2.800e-03
------------------------------------
MODEL STEADY STATE: (method=Sparse Gaussian Elimination)
------------------------------------
      Iteration no. 2
      Inf-norm error = 2.670e-02
      2-norm error   = 2.724e-02
      1-norm error   = 3.980e-02
------------------------------------
MODEL STEADY STATE: (method=Sparse Gaussian Elimination)
------------------------------------
      Iteration no. 3
      Inf-norm error = 4.658e-02
      2-norm error   = 4.747e-02
      1-norm error   = 6.731e-02
------------------------------------
MODEL STEADY STATE: (method=Sparse Gaussian Elimination)
------------------------------------
      Iteration no. 4
      Inf-norm error = 6.100e-02
      2-norm error   = 6.215e-02
      1-norm error   = 8.722e-02
------------------------------------
MODEL STEADY STATE: (method=Sparse Gaussian Elimination)
------------------------------------
      Iteration no. 5
      Inf-norm error = 7.106e-02
      2-norm error   = 7.239e-02
      1-norm error   = 1.011e-01
------------------------------------
MODEL STEADY STATE: (method=Sparse Gaussian Elimination)
------------------------------------
      Iteration no. 6
      Inf-norm error = 7.765e-02
      2-norm error   = 7.910e-02
      1-norm error   = 1.101e-01
------------------------------------
MODEL STEADY STATE: (method=Sparse Gaussian Elimination)
------------------------------------
      Iteration no. 7
      Inf-norm error = 8.151e-02
      2-norm error   = 8.304e-02
      1-norm error   = 1.153e-01
------------------------------------
MODEL STEADY STATE: (method=Sparse Gaussian Elimination)
------------------------------------
      Iteration no. 8
      Inf-norm error = 8.325e-02
      2-norm error   = 8.480e-02
      1-norm error   = 1.176e-01
------------------------------------
MODEL STEADY STATE: (method=Sparse Gaussian Elimination)
------------------------------------
      Iteration no. 9
      Inf-norm error = 8.334e-02
      2-norm error   = 8.490e-02
      1-norm error   = 1.176e-01
------------------------------------
MODEL STEADY STATE: (method=Sparse Gaussian Elimination)
------------------------------------
      Iteration no. 10
      Inf-norm error = 8.218e-02
      2-norm error   = 8.372e-02
      1-norm error   = 1.159e-01
------------------------------------
MODEL STEADY STATE: (method=Sparse Gaussian Elimination)
------------------------------------
      Iteration no. 11
      Inf-norm error = 8.009e-02
      2-norm error   = 8.159e-02
      1-norm error   = 1.129e-01
------------------------------------
MODEL STEADY STATE: (method=Sparse Gaussian Elimination)
------------------------------------
      Iteration no. 12
      Inf-norm error = 7.914e-02
      2-norm error   = 8.063e-02
      1-norm error   = 1.114e-01
------------------------------------
MODEL STEADY STATE: (method=Sparse Gaussian Elimination)
------------------------------------
      Iteration no. 13
      Inf-norm error = 7.596e-02
      2-norm error   = 7.739e-02
      1-norm error   = 1.069e-01
------------------------------------
MODEL STEADY STATE: (method=Sparse Gaussian Elimination)
------------------------------------
      Iteration no. 14
      Inf-norm error = 7.323e-02
      2-norm error   = 7.461e-02
      1-norm error   = 1.029e-01
------------------------------------
MODEL STEADY STATE: (method=Sparse Gaussian Elimination)
------------------------------------
      Iteration no. 15
      Inf-norm error = 6.932e-02
      2-norm error   = 7.064e-02
      1-norm error   = 9.732e-02
------------------------------------
MODEL STEADY STATE: (method=Sparse Gaussian Elimination)
------------------------------------
      Iteration no. 16
      Inf-norm error = 6.769e-02
      2-norm error   = 6.900e-02
      1-norm error   = 9.491e-02
------------------------------------
MODEL STEADY STATE: (method=Sparse Gaussian Elimination)
------------------------------------
      Iteration no. 17
      Inf-norm error = 1.126e-02
      2-norm error   = 1.148e-02
      1-norm error   = 1.574e-02
------------------------------------
HOMOTOPY mode 1: computing step 3/15...
MODEL STEADY STATE: (method=Sparse Gaussian Elimination)
------------------------------------
      Iteration no. 1
      Inf-norm error = 1.400e-03
      2-norm error   = 1.980e-03
      1-norm error   = 2.800e-03
------------------------------------
MODEL STEADY STATE: (method=Sparse Gaussian Elimination)
------------------------------------
      Iteration no. 2
      Inf-norm error = 2.668e-02
      2-norm error   = 2.728e-02
      1-norm error   = 4.009e-02
------------------------------------
MODEL STEADY STATE: (method=Sparse Gaussian Elimination)
------------------------------------
      Iteration no. 3
      Inf-norm error = 4.655e-02
      2-norm error   = 4.752e-02
      1-norm error   = 6.785e-02
------------------------------------
MODEL STEADY STATE: (method=Sparse Gaussian Elimination)
------------------------------------
      Iteration no. 4
      Inf-norm error = 6.096e-02
      2-norm error   = 6.221e-02
      1-norm error   = 8.797e-02
------------------------------------
MODEL STEADY STATE: (method=Sparse Gaussian Elimination)
------------------------------------
      Iteration no. 5
      Inf-norm error = 7.100e-02
      2-norm error   = 7.245e-02
      1-norm error   = 1.020e-01
------------------------------------
MODEL STEADY STATE: (method=Sparse Gaussian Elimination)
------------------------------------
      Iteration no. 6
      Inf-norm error = 7.757e-02
      2-norm error   = 7.916e-02
      1-norm error   = 1.111e-01
------------------------------------
MODEL STEADY STATE: (method=Sparse Gaussian Elimination)
------------------------------------
      Iteration no. 7
      Inf-norm error = 8.142e-02
      2-norm error   = 8.309e-02
      1-norm error   = 1.165e-01
------------------------------------
MODEL STEADY STATE: (method=Sparse Gaussian Elimination)
------------------------------------
      Iteration no. 8
      Inf-norm error = 8.315e-02
      2-norm error   = 8.485e-02
      1-norm error   = 1.188e-01
------------------------------------
MODEL STEADY STATE: (method=Sparse Gaussian Elimination)
------------------------------------
      Iteration no. 9
      Inf-norm error = 8.323e-02
      2-norm error   = 8.494e-02
      1-norm error   = 1.188e-01
------------------------------------
MODEL STEADY STATE: (method=Sparse Gaussian Elimination)
------------------------------------
      Iteration no. 10
      Inf-norm error = 8.207e-02
      2-norm error   = 8.375e-02
      1-norm error   = 1.171e-01
------------------------------------
MODEL STEADY STATE: (method=Sparse Gaussian Elimination)
------------------------------------
      Iteration no. 11
      Inf-norm error = 7.997e-02
      2-norm error   = 8.162e-02
      1-norm error   = 1.141e-01
------------------------------------
MODEL STEADY STATE: (method=Sparse Gaussian Elimination)
------------------------------------
      Iteration no. 12
      Inf-norm error = 7.901e-02
      2-norm error   = 8.064e-02
      1-norm error   = 1.127e-01
------------------------------------
MODEL STEADY STATE: (method=Sparse Gaussian Elimination)
------------------------------------
      Iteration no. 13
      Inf-norm error = 7.582e-02
      2-norm error   = 7.739e-02
      1-norm error   = 1.081e-01
------------------------------------
MODEL STEADY STATE: (method=Sparse Gaussian Elimination)
------------------------------------
      Iteration no. 14
      Inf-norm error = 7.308e-02
      2-norm error   = 7.460e-02
      1-norm error   = 1.042e-01
------------------------------------
MODEL STEADY STATE: (method=Sparse Gaussian Elimination)
------------------------------------
      Iteration no. 15
      Inf-norm error = 6.915e-02
      2-norm error   = 7.060e-02
      1-norm error   = 9.868e-02
------------------------------------
MODEL STEADY STATE: (method=Sparse Gaussian Elimination)
------------------------------------
      Iteration no. 16
      Inf-norm error = 6.747e-02
      2-norm error   = 6.891e-02
      1-norm error   = 9.651e-02
------------------------------------
MODEL STEADY STATE: (method=Sparse Gaussian Elimination)
------------------------------------
      Iteration no. 17
      Inf-norm error = 1.121e-02
      2-norm error   = 1.145e-02
      1-norm error   = 1.608e-02
------------------------------------
HOMOTOPY mode 1: computing step 4/15...
MODEL STEADY STATE: (method=Sparse Gaussian Elimination)
------------------------------------
      Iteration no. 1
      Inf-norm error = 1.400e-03
      2-norm error   = 1.980e-03
      1-norm error   = 2.800e-03
------------------------------------
MODEL STEADY STATE: (method=Sparse Gaussian Elimination)
------------------------------------
      Iteration no. 2
      Inf-norm error = 2.657e-02
      2-norm error   = 2.722e-02
      1-norm error   = 4.083e-02
------------------------------------
MODEL STEADY STATE: (method=Sparse Gaussian Elimination)
------------------------------------
      Iteration no. 3
      Inf-norm error = 4.635e-02
      2-norm error   = 4.740e-02
      1-norm error   = 6.918e-02
------------------------------------
MODEL STEADY STATE: (method=Sparse Gaussian Elimination)
------------------------------------
      Iteration no. 4
      Inf-norm error = 6.067e-02
      2-norm error   = 6.205e-02
      1-norm error   = 8.974e-02
------------------------------------
MODEL STEADY STATE: (method=Sparse Gaussian Elimination)
------------------------------------
      Iteration no. 5
      Inf-norm error = 7.066e-02
      2-norm error   = 7.225e-02
      1-norm error   = 1.041e-01
------------------------------------
MODEL STEADY STATE: (method=Sparse Gaussian Elimination)
------------------------------------
      Iteration no. 6
      Inf-norm error = 7.719e-02
      2-norm error   = 7.893e-02
      1-norm error   = 1.135e-01
------------------------------------
MODEL STEADY STATE: (method=Sparse Gaussian Elimination)
------------------------------------
      Iteration no. 7
      Inf-norm error = 8.101e-02
      2-norm error   = 8.285e-02
      1-norm error   = 1.190e-01
------------------------------------
MODEL STEADY STATE: (method=Sparse Gaussian Elimination)
------------------------------------
      Iteration no. 8
      Inf-norm error = 8.272e-02
      2-norm error   = 8.459e-02
      1-norm error   = 1.214e-01
------------------------------------
MODEL STEADY STATE: (method=Sparse Gaussian Elimination)
------------------------------------
      Iteration no. 9
      Inf-norm error = 8.279e-02
      2-norm error   = 8.467e-02
      1-norm error   = 1.215e-01
------------------------------------
MODEL STEADY STATE: (method=Sparse Gaussian Elimination)
------------------------------------
      Iteration no. 10
      Inf-norm error = 8.163e-02
      2-norm error   = 8.349e-02
      1-norm error   = 1.198e-01
------------------------------------
MODEL STEADY STATE: (method=Sparse Gaussian Elimination)
------------------------------------
      Iteration no. 11
      Inf-norm error = 7.954e-02
      2-norm error   = 8.136e-02
      1-norm error   = 1.167e-01
------------------------------------
MODEL STEADY STATE: (method=Sparse Gaussian Elimination)
------------------------------------
      Iteration no. 12
      Inf-norm error = 7.857e-02
      2-norm error   = 8.037e-02
      1-norm error   = 1.153e-01
------------------------------------
MODEL STEADY STATE: (method=Sparse Gaussian Elimination)
------------------------------------
      Iteration no. 13
      Inf-norm error = 7.539e-02
      2-norm error   = 7.712e-02
      1-norm error   = 1.107e-01
------------------------------------
MODEL STEADY STATE: (method=Sparse Gaussian Elimination)
------------------------------------
      Iteration no. 14
      Inf-norm error = 7.265e-02
      2-norm error   = 7.433e-02
      1-norm error   = 1.068e-01
------------------------------------
MODEL STEADY STATE: (method=Sparse Gaussian Elimination)
------------------------------------
      Iteration no. 15
      Inf-norm error = 6.872e-02
      2-norm error   = 7.033e-02
      1-norm error   = 1.012e-01
------------------------------------
MODEL STEADY STATE: (method=Sparse Gaussian Elimination)
------------------------------------
      Iteration no. 16
      Inf-norm error = 6.699e-02
      2-norm error   = 6.860e-02
      1-norm error   = 9.926e-02
------------------------------------
MODEL STEADY STATE: (method=Sparse Gaussian Elimination)
------------------------------------
      Iteration no. 17
      Inf-norm error = 1.112e-02
      2-norm error   = 1.139e-02
      1-norm error   = 1.660e-02
------------------------------------
HOMOTOPY mode 1: computing step 5/15...
MODEL STEADY STATE: (method=Sparse Gaussian Elimination)
------------------------------------
      Iteration no. 1
      Inf-norm error = 1.400e-03
      2-norm error   = 1.980e-03
      1-norm error   = 2.800e-03
------------------------------------
MODEL STEADY STATE: (method=Sparse Gaussian Elimination)
------------------------------------
      Iteration no. 2
      Inf-norm error = 2.635e-02
      2-norm error   = 2.707e-02
      1-norm error   = 4.201e-02
------------------------------------
MODEL STEADY STATE: (method=Sparse Gaussian Elimination)
------------------------------------
      Iteration no. 3
      Inf-norm error = 4.595e-02
      2-norm error   = 4.715e-02
      1-norm error   = 7.128e-02
------------------------------------
MODEL STEADY STATE: (method=Sparse Gaussian Elimination)
------------------------------------
      Iteration no. 4
      Inf-norm error = 6.015e-02
      2-norm error   = 6.170e-02
      1-norm error   = 9.254e-02
------------------------------------
MODEL STEADY STATE: (method=Sparse Gaussian Elimination)
------------------------------------
      Iteration no. 5
      Inf-norm error = 7.004e-02
      2-norm error   = 7.185e-02
      1-norm error   = 1.074e-01
------------------------------------
MODEL STEADY STATE: (method=Sparse Gaussian Elimination)
------------------------------------
      Iteration no. 6
      Inf-norm error = 7.650e-02
      2-norm error   = 7.849e-02
      1-norm error   = 1.171e-01
------------------------------------
MODEL STEADY STATE: (method=Sparse Gaussian Elimination)
------------------------------------
      Iteration no. 7
      Inf-norm error = 8.028e-02
      2-norm error   = 8.237e-02
      1-norm error   = 1.228e-01
------------------------------------
MODEL STEADY STATE: (method=Sparse Gaussian Elimination)
------------------------------------
      Iteration no. 8
      Inf-norm error = 8.196e-02
      2-norm error   = 8.410e-02
      1-norm error   = 1.254e-01
------------------------------------
MODEL STEADY STATE: (method=Sparse Gaussian Elimination)
------------------------------------
      Iteration no. 9
      Inf-norm error = 8.203e-02
      2-norm error   = 8.418e-02
      1-norm error   = 1.255e-01
------------------------------------
MODEL STEADY STATE: (method=Sparse Gaussian Elimination)
------------------------------------
      Iteration no. 10
      Inf-norm error = 8.087e-02
      2-norm error   = 8.300e-02
      1-norm error   = 1.238e-01
------------------------------------
MODEL STEADY STATE: (method=Sparse Gaussian Elimination)
------------------------------------
      Iteration no. 11
      Inf-norm error = 7.880e-02
      2-norm error   = 8.087e-02
      1-norm error   = 1.206e-01
------------------------------------
MODEL STEADY STATE: (method=Sparse Gaussian Elimination)
------------------------------------
      Iteration no. 12
      Inf-norm error = 7.782e-02
      2-norm error   = 7.989e-02
      1-norm error   = 1.192e-01
------------------------------------
MODEL STEADY STATE: (method=Sparse Gaussian Elimination)
------------------------------------
      Iteration no. 13
      Inf-norm error = 7.466e-02
      2-norm error   = 7.665e-02
      1-norm error   = 1.145e-01
------------------------------------
MODEL STEADY STATE: (method=Sparse Gaussian Elimination)
------------------------------------
      Iteration no. 14
      Inf-norm error = 7.193e-02
      2-norm error   = 7.387e-02
      1-norm error   = 1.105e-01
------------------------------------
MODEL STEADY STATE: (method=Sparse Gaussian Elimination)
------------------------------------
      Iteration no. 15
      Inf-norm error = 6.801e-02
      2-norm error   = 6.988e-02
      1-norm error   = 1.048e-01
------------------------------------
MODEL STEADY STATE: (method=Sparse Gaussian Elimination)
------------------------------------
      Iteration no. 16
      Inf-norm error = 6.624e-02
      2-norm error   = 6.814e-02
      1-norm error   = 1.030e-01
------------------------------------
MODEL STEADY STATE: (method=Sparse Gaussian Elimination)
------------------------------------
      Iteration no. 17
      Inf-norm error = 1.099e-02
      2-norm error   = 1.132e-02
      1-norm error   = 1.728e-02
------------------------------------
HOMOTOPY mode 1: computing step 6/15...
MODEL STEADY STATE: (method=Sparse Gaussian Elimination)
------------------------------------
      Iteration no. 1
      Inf-norm error = 1.400e-03
      2-norm error   = 1.980e-03
      1-norm error   = 2.800e-03
------------------------------------
MODEL STEADY STATE: (method=Sparse Gaussian Elimination)
------------------------------------
      Iteration no. 2
      Inf-norm error = 2.602e-02
      2-norm error   = 2.688e-02
      1-norm error   = 4.358e-02
------------------------------------
MODEL STEADY STATE: (method=Sparse Gaussian Elimination)
------------------------------------
      Iteration no. 3
      Inf-norm error = 4.537e-02
      2-norm error   = 4.681e-02
      1-norm error   = 7.405e-02
------------------------------------
MODEL STEADY STATE: (method=Sparse Gaussian Elimination)
------------------------------------
      Iteration no. 4
      Inf-norm error = 5.939e-02
      2-norm error   = 6.127e-02
      1-norm error   = 9.619e-02
------------------------------------
MODEL STEADY STATE: (method=Sparse Gaussian Elimination)
------------------------------------
      Iteration no. 5
      Inf-norm error = 6.914e-02
      2-norm error   = 7.134e-02
      1-norm error   = 1.117e-01
------------------------------------
MODEL STEADY STATE: (method=Sparse Gaussian Elimination)
------------------------------------
      Iteration no. 6
      Inf-norm error = 7.551e-02
      2-norm error   = 7.793e-02
      1-norm error   = 1.218e-01
------------------------------------
MODEL STEADY STATE: (method=Sparse Gaussian Elimination)
------------------------------------
      Iteration no. 7
      Inf-norm error = 7.923e-02
      2-norm error   = 8.178e-02
      1-norm error   = 1.278e-01
------------------------------------
MODEL STEADY STATE: (method=Sparse Gaussian Elimination)
------------------------------------
      Iteration no. 8
      Inf-norm error = 8.088e-02
      2-norm error   = 8.350e-02
      1-norm error   = 1.305e-01
------------------------------------
MODEL STEADY STATE: (method=Sparse Gaussian Elimination)
------------------------------------
      Iteration no. 9
      Inf-norm error = 8.094e-02
      2-norm error   = 8.358e-02
      1-norm error   = 1.306e-01
------------------------------------
MODEL STEADY STATE: (method=Sparse Gaussian Elimination)
------------------------------------
      Iteration no. 10
      Inf-norm error = 7.979e-02
      2-norm error   = 8.240e-02
      1-norm error   = 1.288e-01
------------------------------------
MODEL STEADY STATE: (method=Sparse Gaussian Elimination)
------------------------------------
      Iteration no. 11
      Inf-norm error = 7.773e-02
      2-norm error   = 8.030e-02
      1-norm error   = 1.256e-01
------------------------------------
MODEL STEADY STATE: (method=Sparse Gaussian Elimination)
------------------------------------
      Iteration no. 12
      Inf-norm error = 7.676e-02
      2-norm error   = 7.932e-02
      1-norm error   = 1.242e-01
------------------------------------
MODEL STEADY STATE: (method=Sparse Gaussian Elimination)
------------------------------------
      Iteration no. 13
      Inf-norm error = 7.363e-02
      2-norm error   = 7.611e-02
      1-norm error   = 1.193e-01
------------------------------------
MODEL STEADY STATE: (method=Sparse Gaussian Elimination)
------------------------------------
      Iteration no. 14
      Inf-norm error = 7.092e-02
      2-norm error   = 7.334e-02
      1-norm error   = 1.152e-01
------------------------------------
MODEL STEADY STATE: (method=Sparse Gaussian Elimination)
------------------------------------
      Iteration no. 15
      Inf-norm error = 6.703e-02
      2-norm error   = 6.938e-02
      1-norm error   = 1.093e-01
------------------------------------
MODEL STEADY STATE: (method=Sparse Gaussian Elimination)
------------------------------------
      Iteration no. 16
      Inf-norm error = 6.522e-02
      2-norm error   = 6.766e-02
      1-norm error   = 1.076e-01
------------------------------------
MODEL STEADY STATE: (method=Sparse Gaussian Elimination)
------------------------------------
      Iteration no. 17
      Inf-norm error = 1.081e-02
      2-norm error   = 1.125e-02
      1-norm error   = 1.807e-02
------------------------------------
HOMOTOPY mode 1: computing step 7/15...
MODEL STEADY STATE: (method=Sparse Gaussian Elimination)
------------------------------------
      Iteration no. 1
      Inf-norm error = 1.400e-03
      2-norm error   = 1.980e-03
      1-norm error   = 2.800e-03
------------------------------------
MODEL STEADY STATE: (method=Sparse Gaussian Elimination)
------------------------------------
      Iteration no. 2
      Inf-norm error = 2.559e-02
      2-norm error   = 2.669e-02
      1-norm error   = 4.542e-02
------------------------------------
MODEL STEADY STATE: (method=Sparse Gaussian Elimination)
------------------------------------
      Iteration no. 3
      Inf-norm error = 4.461e-02
      2-norm error   = 4.649e-02
      1-norm error   = 7.726e-02
------------------------------------
MODEL STEADY STATE: (method=Sparse Gaussian Elimination)
------------------------------------
      Iteration no. 4
      Inf-norm error = 5.838e-02
      2-norm error   = 6.084e-02
      1-norm error   = 1.004e-01
------------------------------------
MODEL STEADY STATE: (method=Sparse Gaussian Elimination)
------------------------------------
      Iteration no. 5
      Inf-norm error = 6.796e-02
      2-norm error   = 7.084e-02
      1-norm error   = 1.166e-01
------------------------------------
MODEL STEADY STATE: (method=Sparse Gaussian Elimination)
------------------------------------
      Iteration no. 6
      Inf-norm error = 7.421e-02
      2-norm error   = 7.739e-02
      1-norm error   = 1.272e-01
------------------------------------
MODEL STEADY STATE: (method=Sparse Gaussian Elimination)
------------------------------------
      Iteration no. 7
      Inf-norm error = 7.786e-02
      2-norm error   = 8.122e-02
      1-norm error   = 1.335e-01
------------------------------------
MODEL STEADY STATE: (method=Sparse Gaussian Elimination)
------------------------------------
      Iteration no. 8
      Inf-norm error = 7.947e-02
      2-norm error   = 8.293e-02
      1-norm error   = 1.363e-01
------------------------------------
MODEL STEADY STATE: (method=Sparse Gaussian Elimination)
------------------------------------
      Iteration no. 9
      Inf-norm error = 7.952e-02
      2-norm error   = 8.301e-02
      1-norm error   = 1.365e-01
------------------------------------
MODEL STEADY STATE: (method=Sparse Gaussian Elimination)
------------------------------------
      Iteration no. 10
      Inf-norm error = 7.838e-02
      2-norm error   = 8.184e-02
      1-norm error   = 1.346e-01
------------------------------------
MODEL STEADY STATE: (method=Sparse Gaussian Elimination)
------------------------------------
      Iteration no. 11
      Inf-norm error = 7.636e-02
      2-norm error   = 7.975e-02
      1-norm error   = 1.312e-01
------------------------------------
MODEL STEADY STATE: (method=Sparse Gaussian Elimination)
------------------------------------
      Iteration no. 12
      Inf-norm error = 7.539e-02
      2-norm error   = 7.878e-02
      1-norm error   = 1.298e-01
------------------------------------
MODEL STEADY STATE: (method=Sparse Gaussian Elimination)
------------------------------------
      Iteration no. 13
      Inf-norm error = 7.231e-02
      2-norm error   = 7.560e-02
      1-norm error   = 1.247e-01
------------------------------------
MODEL STEADY STATE: (method=Sparse Gaussian Elimination)
------------------------------------
      Iteration no. 14
      Inf-norm error = 6.962e-02
      2-norm error   = 7.286e-02
      1-norm error   = 1.204e-01
------------------------------------
MODEL STEADY STATE: (method=Sparse Gaussian Elimination)
------------------------------------
      Iteration no. 15
      Inf-norm error = 6.578e-02
      2-norm error   = 6.894e-02
      1-norm error   = 1.143e-01
------------------------------------
MODEL STEADY STATE: (method=Sparse Gaussian Elimination)
------------------------------------
      Iteration no. 16
      Inf-norm error = 6.394e-02
      2-norm error   = 6.725e-02
      1-norm error   = 1.125e-01
------------------------------------
MODEL STEADY STATE: (method=Sparse Gaussian Elimination)
------------------------------------
      Iteration no. 17
      Inf-norm error = 1.059e-02
      2-norm error   = 1.119e-02
      1-norm error   = 1.889e-02
------------------------------------
HOMOTOPY mode 1: computing step 8/15...
MODEL STEADY STATE: (method=Sparse Gaussian Elimination)
------------------------------------
      Iteration no. 1
      Inf-norm error = 1.400e-03
      2-norm error   = 1.980e-03
      1-norm error   = 2.800e-03
------------------------------------
MODEL STEADY STATE: (method=Sparse Gaussian Elimination)
------------------------------------
      Iteration no. 2
      Inf-norm error = 2.505e-02
      2-norm error   = 2.654e-02
      1-norm error   = 4.736e-02
------------------------------------
MODEL STEADY STATE: (method=Sparse Gaussian Elimination)
------------------------------------
      Iteration no. 3
      Inf-norm error = 4.367e-02
      2-norm error   = 4.622e-02
      1-norm error   = 8.065e-02
------------------------------------
MODEL STEADY STATE: (method=Sparse Gaussian Elimination)
------------------------------------
      Iteration no. 4
      Inf-norm error = 5.714e-02
      2-norm error   = 6.049e-02
      1-norm error   = 1.049e-01
------------------------------------
MODEL STEADY STATE: (method=Sparse Gaussian Elimination)
------------------------------------
      Iteration no. 5
      Inf-norm error = 6.650e-02
      2-norm error   = 7.044e-02
      1-norm error   = 1.218e-01
------------------------------------
MODEL STEADY STATE: (method=Sparse Gaussian Elimination)
------------------------------------
      Iteration no. 6
      Inf-norm error = 7.261e-02
      2-norm error   = 7.696e-02
      1-norm error   = 1.329e-01
------------------------------------
MODEL STEADY STATE: (method=Sparse Gaussian Elimination)
------------------------------------
      Iteration no. 7
      Inf-norm error = 7.617e-02
      2-norm error   = 8.077e-02
      1-norm error   = 1.394e-01
------------------------------------
MODEL STEADY STATE: (method=Sparse Gaussian Elimination)
------------------------------------
      Iteration no. 8
      Inf-norm error = 7.774e-02
      2-norm error   = 8.248e-02
      1-norm error   = 1.424e-01
------------------------------------
MODEL STEADY STATE: (method=Sparse Gaussian Elimination)
------------------------------------
      Iteration no. 9
      Inf-norm error = 7.778e-02
      2-norm error   = 8.256e-02
      1-norm error   = 1.425e-01
------------------------------------
MODEL STEADY STATE: (method=Sparse Gaussian Elimination)
------------------------------------
      Iteration no. 10
      Inf-norm error = 7.666e-02
      2-norm error   = 8.140e-02
      1-norm error   = 1.406e-01
------------------------------------
MODEL STEADY STATE: (method=Sparse Gaussian Elimination)
------------------------------------
      Iteration no. 11
      Inf-norm error = 7.468e-02
      2-norm error   = 7.932e-02
      1-norm error   = 1.371e-01
------------------------------------
MODEL STEADY STATE: (method=Sparse Gaussian Elimination)
------------------------------------
      Iteration no. 12
      Inf-norm error = 7.371e-02
      2-norm error   = 7.837e-02
      1-norm error   = 1.355e-01
------------------------------------
MODEL STEADY STATE: (method=Sparse Gaussian Elimination)
------------------------------------
      Iteration no. 13
      Inf-norm error = 7.069e-02
      2-norm error   = 7.520e-02
      1-norm error   = 1.302e-01
------------------------------------
MODEL STEADY STATE: (method=Sparse Gaussian Elimination)
------------------------------------
      Iteration no. 14
      Inf-norm error = 6.805e-02
      2-norm error   = 7.248e-02
      1-norm error   = 1.257e-01
------------------------------------
MODEL STEADY STATE: (method=Sparse Gaussian Elimination)
------------------------------------
      Iteration no. 15
      Inf-norm error = 6.427e-02
      2-norm error   = 6.859e-02
      1-norm error   = 1.193e-01
------------------------------------
MODEL STEADY STATE: (method=Sparse Gaussian Elimination)
------------------------------------
      Iteration no. 16
      Inf-norm error = 6.240e-02
      2-norm error   = 6.694e-02
      1-norm error   = 1.173e-01
------------------------------------
MODEL STEADY STATE: (method=Sparse Gaussian Elimination)
------------------------------------
      Iteration no. 17
      Inf-norm error = 1.032e-02
      2-norm error   = 1.115e-02
      1-norm error   = 1.969e-02
------------------------------------
HOMOTOPY mode 1: computing step 9/15...
MODEL STEADY STATE: (method=Sparse Gaussian Elimination)
------------------------------------
      Iteration no. 1
      Inf-norm error = 1.400e-03
      2-norm error   = 1.980e-03
      1-norm error   = 2.800e-03
------------------------------------
MODEL STEADY STATE: (method=Sparse Gaussian Elimination)
------------------------------------
      Iteration no. 2
      Inf-norm error = 2.442e-02
      2-norm error   = 2.642e-02
      1-norm error   = 4.924e-02
------------------------------------
MODEL STEADY STATE: (method=Sparse Gaussian Elimination)
------------------------------------
      Iteration no. 3
      Inf-norm error = 4.256e-02
      2-norm error   = 4.601e-02
      1-norm error   = 8.391e-02
------------------------------------
MODEL STEADY STATE: (method=Sparse Gaussian Elimination)
------------------------------------
      Iteration no. 4
      Inf-norm error = 5.567e-02
      2-norm error   = 6.023e-02
      1-norm error   = 1.091e-01
------------------------------------
MODEL STEADY STATE: (method=Sparse Gaussian Elimination)
------------------------------------
      Iteration no. 5
      Inf-norm error = 6.478e-02
      2-norm error   = 7.014e-02
      1-norm error   = 1.267e-01
------------------------------------
MODEL STEADY STATE: (method=Sparse Gaussian Elimination)
------------------------------------
      Iteration no. 6
      Inf-norm error = 7.073e-02
      2-norm error   = 7.663e-02
      1-norm error   = 1.383e-01
------------------------------------
MODEL STEADY STATE: (method=Sparse Gaussian Elimination)
------------------------------------
      Iteration no. 7
      Inf-norm error = 7.418e-02
      2-norm error   = 8.043e-02
      1-norm error   = 1.451e-01
------------------------------------
MODEL STEADY STATE: (method=Sparse Gaussian Elimination)
------------------------------------
      Iteration no. 8
      Inf-norm error = 7.570e-02
      2-norm error   = 8.213e-02
      1-norm error   = 1.481e-01
------------------------------------
MODEL STEADY STATE: (method=Sparse Gaussian Elimination)
------------------------------------
      Iteration no. 9
      Inf-norm error = 7.573e-02
      2-norm error   = 8.221e-02
      1-norm error   = 1.483e-01
------------------------------------
MODEL STEADY STATE: (method=Sparse Gaussian Elimination)
------------------------------------
      Iteration no. 10
      Inf-norm error = 7.463e-02
      2-norm error   = 8.106e-02
      1-norm error   = 1.462e-01
------------------------------------
MODEL STEADY STATE: (method=Sparse Gaussian Elimination)
------------------------------------
      Iteration no. 11
      Inf-norm error = 7.269e-02
      2-norm error   = 7.899e-02
      1-norm error   = 1.425e-01
------------------------------------
MODEL STEADY STATE: (method=Sparse Gaussian Elimination)
------------------------------------
      Iteration no. 12
      Inf-norm error = 7.174e-02
      2-norm error   = 7.804e-02
      1-norm error   = 1.409e-01
------------------------------------
MODEL STEADY STATE: (method=Sparse Gaussian Elimination)
------------------------------------
      Iteration no. 13
      Inf-norm error = 6.879e-02
      2-norm error   = 7.489e-02
      1-norm error   = 1.353e-01
------------------------------------
MODEL STEADY STATE: (method=Sparse Gaussian Elimination)
------------------------------------
      Iteration no. 14
      Inf-norm error = 6.620e-02
      2-norm error   = 7.218e-02
      1-norm error   = 1.306e-01
------------------------------------
MODEL STEADY STATE: (method=Sparse Gaussian Elimination)
------------------------------------
      Iteration no. 15
      Inf-norm error = 6.250e-02
      2-norm error   = 6.831e-02
      1-norm error   = 1.238e-01
------------------------------------
MODEL STEADY STATE: (method=Sparse Gaussian Elimination)
------------------------------------
      Iteration no. 16
      Inf-norm error = 6.061e-02
      2-norm error   = 6.667e-02
      1-norm error   = 1.216e-01
------------------------------------
MODEL STEADY STATE: (method=Sparse Gaussian Elimination)
------------------------------------
      Iteration no. 17
      Inf-norm error = 1.002e-02
      2-norm error   = 1.110e-02
      1-norm error   = 2.037e-02
------------------------------------
HOMOTOPY mode 1: computing step 10/15...
MODEL STEADY STATE: (method=Sparse Gaussian Elimination)
------------------------------------
      Iteration no. 1
      Inf-norm error = 1.400e-03
      2-norm error   = 1.980e-03
      1-norm error   = 2.800e-03
------------------------------------
MODEL STEADY STATE: (method=Sparse Gaussian Elimination)
------------------------------------
      Iteration no. 2
      Inf-norm error = 2.369e-02
      2-norm error   = 2.631e-02
      1-norm error   = 5.087e-02
------------------------------------
MODEL STEADY STATE: (method=Sparse Gaussian Elimination)
------------------------------------
      Iteration no. 3
      Inf-norm error = 4.128e-02
      2-norm error   = 4.582e-02
      1-norm error   = 8.674e-02
------------------------------------
MODEL STEADY STATE: (method=Sparse Gaussian Elimination)
------------------------------------
      Iteration no. 4
      Inf-norm error = 5.398e-02
      2-norm error   = 5.997e-02
      1-norm error   = 1.128e-01
------------------------------------
MODEL STEADY STATE: (method=Sparse Gaussian Elimination)
------------------------------------
      Iteration no. 5
      Inf-norm error = 6.281e-02
      2-norm error   = 6.983e-02
      1-norm error   = 1.310e-01
------------------------------------
MODEL STEADY STATE: (method=Sparse Gaussian Elimination)
------------------------------------
      Iteration no. 6
      Inf-norm error = 6.856e-02
      2-norm error   = 7.629e-02
      1-norm error   = 1.429e-01
------------------------------------
MODEL STEADY STATE: (method=Sparse Gaussian Elimination)
------------------------------------
      Iteration no. 7
      Inf-norm error = 7.190e-02
      2-norm error   = 8.007e-02
      1-norm error   = 1.499e-01
------------------------------------
MODEL STEADY STATE: (method=Sparse Gaussian Elimination)
------------------------------------
      Iteration no. 8
      Inf-norm error = 7.336e-02
      2-norm error   = 8.176e-02
      1-norm error   = 1.530e-01
------------------------------------
MODEL STEADY STATE: (method=Sparse Gaussian Elimination)
------------------------------------
      Iteration no. 9
      Inf-norm error = 7.338e-02
      2-norm error   = 8.184e-02
      1-norm error   = 1.531e-01
------------------------------------
MODEL STEADY STATE: (method=Sparse Gaussian Elimination)
------------------------------------
      Iteration no. 10
      Inf-norm error = 7.231e-02
      2-norm error   = 8.070e-02
      1-norm error   = 1.510e-01
------------------------------------
MODEL STEADY STATE: (method=Sparse Gaussian Elimination)
------------------------------------
      Iteration no. 11
      Inf-norm error = 7.043e-02
      2-norm error   = 7.864e-02
      1-norm error   = 1.472e-01
------------------------------------
MODEL STEADY STATE: (method=Sparse Gaussian Elimination)
------------------------------------
      Iteration no. 12
      Inf-norm error = 6.949e-02
      2-norm error   = 7.768e-02
      1-norm error   = 1.454e-01
------------------------------------
MODEL STEADY STATE: (method=Sparse Gaussian Elimination)
------------------------------------
      Iteration no. 13
      Inf-norm error = 6.662e-02
      2-norm error   = 7.454e-02
      1-norm error   = 1.396e-01
------------------------------------
MODEL STEADY STATE: (method=Sparse Gaussian Elimination)
------------------------------------
      Iteration no. 14
      Inf-norm error = 6.410e-02
      2-norm error   = 7.184e-02
      1-norm error   = 1.347e-01
------------------------------------
MODEL STEADY STATE: (method=Sparse Gaussian Elimination)
------------------------------------
      Iteration no. 15
      Inf-norm error = 6.048e-02
      2-norm error   = 6.798e-02
      1-norm error   = 1.276e-01
------------------------------------
MODEL STEADY STATE: (method=Sparse Gaussian Elimination)
------------------------------------
      Iteration no. 16
      Inf-norm error = 5.859e-02
      2-norm error   = 6.631e-02
      1-norm error   = 1.251e-01
------------------------------------
MODEL STEADY STATE: (method=Sparse Gaussian Elimination)
------------------------------------
      Iteration no. 17
      Inf-norm error = 9.673e-03
      2-norm error   = 1.104e-02
      1-norm error   = 2.089e-02
------------------------------------
HOMOTOPY mode 1: computing step 11/15...
MODEL STEADY STATE: (method=Sparse Gaussian Elimination)
------------------------------------
      Iteration no. 1
      Inf-norm error = 1.400e-03
      2-norm error   = 1.980e-03
      1-norm error   = 2.800e-03
------------------------------------
MODEL STEADY STATE: (method=Sparse Gaussian Elimination)
------------------------------------
      Iteration no. 2
      Inf-norm error = 2.286e-02
      2-norm error   = 2.615e-02
      1-norm error   = 5.213e-02
------------------------------------
MODEL STEADY STATE: (method=Sparse Gaussian Elimination)
------------------------------------
      Iteration no. 3
      Inf-norm error = 3.983e-02
      2-norm error   = 4.553e-02
      1-norm error   = 8.890e-02
------------------------------------
MODEL STEADY STATE: (method=Sparse Gaussian Elimination)
------------------------------------
      Iteration no. 4
      Inf-norm error = 5.209e-02
      2-norm error   = 5.958e-02
      1-norm error   = 1.156e-01
------------------------------------
MODEL STEADY STATE: (method=Sparse Gaussian Elimination)
------------------------------------
      Iteration no. 5
      Inf-norm error = 6.059e-02
      2-norm error   = 6.937e-02
      1-norm error   = 1.342e-01
------------------------------------
MODEL STEADY STATE: (method=Sparse Gaussian Elimination)
------------------------------------
      Iteration no. 6
      Inf-norm error = 6.613e-02
      2-norm error   = 7.578e-02
      1-norm error   = 1.463e-01
------------------------------------
MODEL STEADY STATE: (method=Sparse Gaussian Elimination)
------------------------------------
      Iteration no. 7
      Inf-norm error = 6.934e-02
      2-norm error   = 7.953e-02
      1-norm error   = 1.534e-01
------------------------------------
MODEL STEADY STATE: (method=Sparse Gaussian Elimination)
------------------------------------
      Iteration no. 8
      Inf-norm error = 7.074e-02
      2-norm error   = 8.120e-02
      1-norm error   = 1.566e-01
------------------------------------
MODEL STEADY STATE: (method=Sparse Gaussian Elimination)
------------------------------------
      Iteration no. 9
      Inf-norm error = 7.075e-02
      2-norm error   = 8.127e-02
      1-norm error   = 1.567e-01
------------------------------------
MODEL STEADY STATE: (method=Sparse Gaussian Elimination)
------------------------------------
      Iteration no. 10
      Inf-norm error = 6.971e-02
      2-norm error   = 8.013e-02
      1-norm error   = 1.545e-01
------------------------------------
MODEL STEADY STATE: (method=Sparse Gaussian Elimination)
------------------------------------
      Iteration no. 11
      Inf-norm error = 6.789e-02
      2-norm error   = 7.808e-02
      1-norm error   = 1.505e-01
------------------------------------
MODEL STEADY STATE: (method=Sparse Gaussian Elimination)
------------------------------------
      Iteration no. 12
      Inf-norm error = 6.697e-02
      2-norm error   = 7.712e-02
      1-norm error   = 1.487e-01
------------------------------------
MODEL STEADY STATE: (method=Sparse Gaussian Elimination)
------------------------------------
      Iteration no. 13
      Inf-norm error = 6.420e-02
      2-norm error   = 7.399e-02
      1-norm error   = 1.427e-01
------------------------------------
MODEL STEADY STATE: (method=Sparse Gaussian Elimination)
------------------------------------
      Iteration no. 14
      Inf-norm error = 6.174e-02
      2-norm error   = 7.129e-02
      1-norm error   = 1.376e-01
------------------------------------
MODEL STEADY STATE: (method=Sparse Gaussian Elimination)
------------------------------------
      Iteration no. 15
      Inf-norm error = 5.823e-02
      2-norm error   = 6.743e-02
      1-norm error   = 1.303e-01
------------------------------------
MODEL STEADY STATE: (method=Sparse Gaussian Elimination)
------------------------------------
      Iteration no. 16
      Inf-norm error = 5.635e-02
      2-norm error   = 6.570e-02
      1-norm error   = 1.273e-01
------------------------------------
MODEL STEADY STATE: (method=Sparse Gaussian Elimination)
------------------------------------
      Iteration no. 17
      Inf-norm error = 9.293e-03
      2-norm error   = 1.092e-02
      1-norm error   = 2.120e-02
------------------------------------
HOMOTOPY mode 1: computing step 12/15...
MODEL STEADY STATE: (method=Sparse Gaussian Elimination)
------------------------------------
      Iteration no. 1
      Inf-norm error = 1.400e-03
      2-norm error   = 1.980e-03
      1-norm error   = 2.800e-03
------------------------------------
MODEL STEADY STATE: (method=Sparse Gaussian Elimination)
------------------------------------
      Iteration no. 2
      Inf-norm error = 2.196e-02
      2-norm error   = 2.587e-02
      1-norm error   = 5.290e-02
------------------------------------
MODEL STEADY STATE: (method=Sparse Gaussian Elimination)
------------------------------------
      Iteration no. 3
      Inf-norm error = 3.824e-02
      2-norm error   = 4.504e-02
      1-norm error   = 9.020e-02
------------------------------------
MODEL STEADY STATE: (method=Sparse Gaussian Elimination)
------------------------------------
      Iteration no. 4
      Inf-norm error = 5.000e-02
      2-norm error   = 5.893e-02
      1-norm error   = 1.172e-01
------------------------------------
MODEL STEADY STATE: (method=Sparse Gaussian Elimination)
------------------------------------
      Iteration no. 5
      Inf-norm error = 5.815e-02
      2-norm error   = 6.859e-02
      1-norm error   = 1.360e-01
------------------------------------
MODEL STEADY STATE: (method=Sparse Gaussian Elimination)
------------------------------------
      Iteration no. 6
      Inf-norm error = 6.345e-02
      2-norm error   = 7.492e-02
      1-norm error   = 1.483e-01
------------------------------------
MODEL STEADY STATE: (method=Sparse Gaussian Elimination)
------------------------------------
      Iteration no. 7
      Inf-norm error = 6.652e-02
      2-norm error   = 7.861e-02
      1-norm error   = 1.555e-01
------------------------------------
MODEL STEADY STATE: (method=Sparse Gaussian Elimination)
------------------------------------
      Iteration no. 8
      Inf-norm error = 6.786e-02
      2-norm error   = 8.024e-02
      1-norm error   = 1.587e-01
------------------------------------
MODEL STEADY STATE: (method=Sparse Gaussian Elimination)
------------------------------------
      Iteration no. 9
      Inf-norm error = 6.786e-02
      2-norm error   = 8.030e-02
      1-norm error   = 1.587e-01
------------------------------------
MODEL STEADY STATE: (method=Sparse Gaussian Elimination)
------------------------------------
      Iteration no. 10
      Inf-norm error = 6.686e-02
      2-norm error   = 7.916e-02
      1-norm error   = 1.564e-01
------------------------------------
MODEL STEADY STATE: (method=Sparse Gaussian Elimination)
------------------------------------
      Iteration no. 11
      Inf-norm error = 6.510e-02
      2-norm error   = 7.712e-02
      1-norm error   = 1.524e-01
------------------------------------
MODEL STEADY STATE: (method=Sparse Gaussian Elimination)
------------------------------------
      Iteration no. 12
      Inf-norm error = 6.421e-02
      2-norm error   = 7.616e-02
      1-norm error   = 1.505e-01
------------------------------------
MODEL STEADY STATE: (method=Sparse Gaussian Elimination)
------------------------------------
      Iteration no. 13
      Inf-norm error = 6.154e-02
      2-norm error   = 7.305e-02
      1-norm error   = 1.444e-01
------------------------------------
MODEL STEADY STATE: (method=Sparse Gaussian Elimination)
------------------------------------
      Iteration no. 14
      Inf-norm error = 5.917e-02
      2-norm error   = 7.036e-02
      1-norm error   = 1.391e-01
------------------------------------
MODEL STEADY STATE: (method=Sparse Gaussian Elimination)
------------------------------------
      Iteration no. 15
      Inf-norm error = 5.578e-02
      2-norm error   = 6.650e-02
      1-norm error   = 1.315e-01
------------------------------------
MODEL STEADY STATE: (method=Sparse Gaussian Elimination)
------------------------------------
      Iteration no. 16
      Inf-norm error = 5.390e-02
      2-norm error   = 6.469e-02
      1-norm error   = 1.283e-01
------------------------------------
MODEL STEADY STATE: (method=Sparse Gaussian Elimination)
------------------------------------
      Iteration no. 17
      Inf-norm error = 8.880e-03
      2-norm error   = 1.073e-02
      1-norm error   = 2.129e-02
------------------------------------
HOMOTOPY mode 1: computing step 13/15...
MODEL STEADY STATE: (method=Sparse Gaussian Elimination)
------------------------------------
      Iteration no. 1
      Inf-norm error = 1.400e-03
      2-norm error   = 1.980e-03
      1-norm error   = 2.800e-03
------------------------------------
MODEL STEADY STATE: (method=Sparse Gaussian Elimination)
------------------------------------
      Iteration no. 2
      Inf-norm error = 2.097e-02
      2-norm error   = 2.543e-02
      1-norm error   = 5.312e-02
------------------------------------
MODEL STEADY STATE: (method=Sparse Gaussian Elimination)
------------------------------------
      Iteration no. 3
      Inf-norm error = 3.652e-02
      2-norm error   = 4.425e-02
      1-norm error   = 9.055e-02
------------------------------------
MODEL STEADY STATE: (method=Sparse Gaussian Elimination)
------------------------------------
      Iteration no. 4
      Inf-norm error = 4.773e-02
      2-norm error   = 5.787e-02
      1-norm error   = 1.176e-01
------------------------------------
MODEL STEADY STATE: (method=Sparse Gaussian Elimination)
------------------------------------
      Iteration no. 5
      Inf-norm error = 5.550e-02
      2-norm error   = 6.735e-02
      1-norm error   = 1.365e-01
------------------------------------
MODEL STEADY STATE: (method=Sparse Gaussian Elimination)
------------------------------------
      Iteration no. 6
      Inf-norm error = 6.055e-02
      2-norm error   = 7.354e-02
      1-norm error   = 1.487e-01
------------------------------------
MODEL STEADY STATE: (method=Sparse Gaussian Elimination)
------------------------------------
      Iteration no. 7
      Inf-norm error = 6.347e-02
      2-norm error   = 7.714e-02
      1-norm error   = 1.559e-01
------------------------------------
MODEL STEADY STATE: (method=Sparse Gaussian Elimination)
------------------------------------
      Iteration no. 8
      Inf-norm error = 6.474e-02
      2-norm error   = 7.874e-02
      1-norm error   = 1.590e-01
------------------------------------
MODEL STEADY STATE: (method=Sparse Gaussian Elimination)
------------------------------------
      Iteration no. 9
      Inf-norm error = 6.473e-02
      2-norm error   = 7.878e-02
      1-norm error   = 1.590e-01
------------------------------------
MODEL STEADY STATE: (method=Sparse Gaussian Elimination)
------------------------------------
      Iteration no. 10
      Inf-norm error = 6.377e-02
      2-norm error   = 7.764e-02
      1-norm error   = 1.567e-01
------------------------------------
MODEL STEADY STATE: (method=Sparse Gaussian Elimination)
------------------------------------
      Iteration no. 11
      Inf-norm error = 6.208e-02
      2-norm error   = 7.563e-02
      1-norm error   = 1.526e-01
------------------------------------
MODEL STEADY STATE: (method=Sparse Gaussian Elimination)
------------------------------------
      Iteration no. 12
      Inf-norm error = 6.122e-02
      2-norm error   = 7.466e-02
      1-norm error   = 1.506e-01
------------------------------------
MODEL STEADY STATE: (method=Sparse Gaussian Elimination)
------------------------------------
      Iteration no. 13
      Inf-norm error = 5.866e-02
      2-norm error   = 7.160e-02
      1-norm error   = 1.444e-01
------------------------------------
MODEL STEADY STATE: (method=Sparse Gaussian Elimination)
------------------------------------
      Iteration no. 14
      Inf-norm error = 5.639e-02
      2-norm error   = 6.892e-02
      1-norm error   = 1.391e-01
------------------------------------
MODEL STEADY STATE: (method=Sparse Gaussian Elimination)
------------------------------------
      Iteration no. 15
      Inf-norm error = 5.313e-02
      2-norm error   = 6.509e-02
      1-norm error   = 1.314e-01
------------------------------------
MODEL STEADY STATE: (method=Sparse Gaussian Elimination)
------------------------------------
      Iteration no. 16
      Inf-norm error = 5.127e-02
      2-norm error   = 6.319e-02
      1-norm error   = 1.278e-01
------------------------------------
MODEL STEADY STATE: (method=Sparse Gaussian Elimination)
------------------------------------
      Iteration no. 17
      Inf-norm error = 8.437e-03
      2-norm error   = 1.046e-02
      1-norm error   = 2.113e-02
------------------------------------
HOMOTOPY mode 1: computing step 14/15...
MODEL STEADY STATE: (method=Sparse Gaussian Elimination)
------------------------------------
      Iteration no. 1
      Inf-norm error = 1.400e-03
      2-norm error   = 1.980e-03
      1-norm error   = 2.800e-03
------------------------------------
MODEL STEADY STATE: (method=Sparse Gaussian Elimination)
------------------------------------
      Iteration no. 2
      Inf-norm error = 1.991e-02
      2-norm error   = 2.479e-02
      1-norm error   = 5.279e-02
------------------------------------
MODEL STEADY STATE: (method=Sparse Gaussian Elimination)
------------------------------------
      Iteration no. 3
      Inf-norm error = 3.467e-02
      2-norm error   = 4.311e-02
      1-norm error   = 8.994e-02
------------------------------------
MODEL STEADY STATE: (method=Sparse Gaussian Elimination)
------------------------------------
      Iteration no. 4
      Inf-norm error = 4.531e-02
      2-norm error   = 5.636e-02
      1-norm error   = 1.168e-01
------------------------------------
MODEL STEADY STATE: (method=Sparse Gaussian Elimination)
------------------------------------
      Iteration no. 5
      Inf-norm error = 5.267e-02
      2-norm error   = 6.557e-02
      1-norm error   = 1.354e-01
------------------------------------
MODEL STEADY STATE: (method=Sparse Gaussian Elimination)
------------------------------------
      Iteration no. 6
      Inf-norm error = 5.746e-02
      2-norm error   = 7.158e-02
      1-norm error   = 1.476e-01
------------------------------------
MODEL STEADY STATE: (method=Sparse Gaussian Elimination)
------------------------------------
      Iteration no. 7
      Inf-norm error = 6.022e-02
      2-norm error   = 7.507e-02
      1-norm error   = 1.546e-01
------------------------------------
MODEL STEADY STATE: (method=Sparse Gaussian Elimination)
------------------------------------
      Iteration no. 8
      Inf-norm error = 6.141e-02
      2-norm error   = 7.659e-02
      1-norm error   = 1.576e-01
------------------------------------
MODEL STEADY STATE: (method=Sparse Gaussian Elimination)
------------------------------------
      Iteration no. 9
      Inf-norm error = 6.140e-02
      2-norm error   = 7.662e-02
      1-norm error   = 1.576e-01
------------------------------------
MODEL STEADY STATE: (method=Sparse Gaussian Elimination)
------------------------------------
      Iteration no. 10
      Inf-norm error = 6.047e-02
      2-norm error   = 7.550e-02
      1-norm error   = 1.553e-01
------------------------------------
MODEL STEADY STATE: (method=Sparse Gaussian Elimination)
------------------------------------
      Iteration no. 11
      Inf-norm error = 5.887e-02
      2-norm error   = 7.353e-02
      1-norm error   = 1.512e-01
------------------------------------
MODEL STEADY STATE: (method=Sparse Gaussian Elimination)
------------------------------------
      Iteration no. 12
      Inf-norm error = 5.804e-02
      2-norm error   = 7.256e-02
      1-norm error   = 1.492e-01
------------------------------------
MODEL STEADY STATE: (method=Sparse Gaussian Elimination)
------------------------------------
      Iteration no. 13
      Inf-norm error = 5.560e-02
      2-norm error   = 6.956e-02
      1-norm error   = 1.430e-01
------------------------------------
MODEL STEADY STATE: (method=Sparse Gaussian Elimination)
------------------------------------
      Iteration no. 14
      Inf-norm error = 5.342e-02
      2-norm error   = 6.692e-02
      1-norm error   = 1.376e-01
------------------------------------
MODEL STEADY STATE: (method=Sparse Gaussian Elimination)
------------------------------------
      Iteration no. 15
      Inf-norm error = 5.031e-02
      2-norm error   = 6.315e-02
      1-norm error   = 1.298e-01
------------------------------------
MODEL STEADY STATE: (method=Sparse Gaussian Elimination)
------------------------------------
      Iteration no. 16
      Inf-norm error = 4.848e-02
      2-norm error   = 6.117e-02
      1-norm error   = 1.260e-01
------------------------------------
MODEL STEADY STATE: (method=Sparse Gaussian Elimination)
------------------------------------
      Iteration no. 17
      Inf-norm error = 7.968e-03
      2-norm error   = 1.009e-02
      1-norm error   = 2.076e-02
------------------------------------
HOMOTOPY mode 1: computing step 15/15...
MODEL STEADY STATE: (method=Sparse Gaussian Elimination)
------------------------------------
      Iteration no. 1
      Inf-norm error = 1.400e-03
      2-norm error   = 1.980e-03
      1-norm error   = 2.800e-03
------------------------------------
MODEL STEADY STATE: (method=Sparse Gaussian Elimination)
------------------------------------
      Iteration no. 2
      Inf-norm error = 1.880e-02
      2-norm error   = 2.394e-02
      1-norm error   = 5.195e-02
------------------------------------
MODEL STEADY STATE: (method=Sparse Gaussian Elimination)
------------------------------------
      Iteration no. 3
      Inf-norm error = 3.272e-02
      2-norm error   = 4.161e-02
      1-norm error   = 8.843e-02
------------------------------------
MODEL STEADY STATE: (method=Sparse Gaussian Elimination)
------------------------------------
      Iteration no. 4
      Inf-norm error = 4.275e-02
      2-norm error   = 5.439e-02
      1-norm error   = 1.148e-01
------------------------------------
MODEL STEADY STATE: (method=Sparse Gaussian Elimination)
------------------------------------
      Iteration no. 5
      Inf-norm error = 4.969e-02
      2-norm error   = 6.325e-02
      1-norm error   = 1.330e-01
------------------------------------
MODEL STEADY STATE: (method=Sparse Gaussian Elimination)
------------------------------------
      Iteration no. 6
      Inf-norm error = 5.419e-02
      2-norm error   = 6.903e-02
      1-norm error   = 1.449e-01
------------------------------------
MODEL STEADY STATE: (method=Sparse Gaussian Elimination)
------------------------------------
      Iteration no. 7
      Inf-norm error = 5.679e-02
      2-norm error   = 7.237e-02
      1-norm error   = 1.517e-01
------------------------------------
MODEL STEADY STATE: (method=Sparse Gaussian Elimination)
------------------------------------
      Iteration no. 8
      Inf-norm error = 5.790e-02
      2-norm error   = 7.382e-02
      1-norm error   = 1.547e-01
------------------------------------
MODEL STEADY STATE: (method=Sparse Gaussian Elimination)
------------------------------------
      Iteration no. 9
      Inf-norm error = 5.788e-02
      2-norm error   = 7.383e-02
      1-norm error   = 1.546e-01
------------------------------------
MODEL STEADY STATE: (method=Sparse Gaussian Elimination)
------------------------------------
      Iteration no. 10
      Inf-norm error = 5.700e-02
      2-norm error   = 7.273e-02
      1-norm error   = 1.523e-01
------------------------------------
MODEL STEADY STATE: (method=Sparse Gaussian Elimination)
------------------------------------
      Iteration no. 11
      Inf-norm error = 5.548e-02
      2-norm error   = 7.083e-02
      1-norm error   = 1.483e-01
------------------------------------
MODEL STEADY STATE: (method=Sparse Gaussian Elimination)
------------------------------------
      Iteration no. 12
      Inf-norm error = 5.469e-02
      2-norm error   = 6.986e-02
      1-norm error   = 1.462e-01
------------------------------------
MODEL STEADY STATE: (method=Sparse Gaussian Elimination)
------------------------------------
      Iteration no. 13
      Inf-norm error = 5.238e-02
      2-norm error   = 6.696e-02
      1-norm error   = 1.401e-01
------------------------------------
MODEL STEADY STATE: (method=Sparse Gaussian Elimination)
------------------------------------
      Iteration no. 14
      Inf-norm error = 5.031e-02
      2-norm error   = 6.438e-02
      1-norm error   = 1.347e-01
------------------------------------
MODEL STEADY STATE: (method=Sparse Gaussian Elimination)
------------------------------------
      Iteration no. 15
      Inf-norm error = 4.735e-02
      2-norm error   = 6.069e-02
      1-norm error   = 1.270e-01
------------------------------------
MODEL STEADY STATE: (method=Sparse Gaussian Elimination)
------------------------------------
      Iteration no. 16
      Inf-norm error = 4.556e-02
      2-norm error   = 5.866e-02
      1-norm error   = 1.229e-01
------------------------------------
MODEL STEADY STATE: (method=Sparse Gaussian Elimination)
------------------------------------
      Iteration no. 17
      Inf-norm error = 7.479e-03
      2-norm error   = 9.651e-03
      1-norm error   = 2.020e-02
------------------------------------

STEADY-STATE RESULTS:

EA_bf               		 0.733565
EA_m                		 1.42549
EA_pic4             		 1.02
EA_y                		 6.04362
EA_ygrowth          		 1
EA_ygrowth4         		 1
EA_z                		 1
EA_ybar             		 6.04362
EAAEAB_excy         		 0.000955931
EAAEAC_excy         		 0.00117522
EAAEAD_excy         		 0.00344258
EAAEAE_excy         		 0.000571148
EAAEAF_excy         		 0.00700852
EAAEAG_excy         		 0.000661234
EAAEAH_excy         		 0.000588171
EAAEAI_excy         		 0.00568395
EAAEAJ_excy         		 0.00198414
EAAEAK_excy         		 0.000653419
EAAEAL_excy         		 0.0230664
EAARW_excy          		 0.118077
EAAUS_excy          		 0.0342118
EAAEAB_exiy         		 0.000493048
EAAEAC_exiy         		 0.000577956
EAAEAD_exiy         		 0.00132997
EAAEAE_exiy         		 0.000279358
EAAEAF_exiy         		 0.00263981
EAAEAG_exiy         		 0.000138232
EAAEAH_exiy         		 0.000545671
EAAEAI_exiy         		 0.00173159
EAAEAJ_exiy         		 0.000833017
EAAEAK_exiy         		 0.000185623
EAAEAL_exiy         		 0.00907296
EAARW_exiy          		 0.0630003
EAAUS_exiy          		 0.0136062
EAA_fx              		 3.40976
EAAEAB_gammaimc     		 0
EAAEAC_gammaimc     		 0
EAAEAD_gammaimc     		 0
EAAEAE_gammaimc     		 0
EAAEAF_gammaimc     		 0
EAAEAG_gammaimc     		 0
EAAEAH_gammaimc     		 0
EAAEAI_gammaimc     		 0
EAAEAJ_gammaimc     		 0
EAAEAK_gammaimc     		 0
EAAEAL_gammaimc     		 0
EAARW_gammaimc      		 0
EAAUS_gammaimc      		 0
EAAEAB_gammaimcdag  		 1
EAAEAC_gammaimcdag  		 1
EAAEAD_gammaimcdag  		 1
EAAEAE_gammaimcdag  		 1
EAAEAF_gammaimcdag  		 1
EAAEAG_gammaimcdag  		 1
EAAEAH_gammaimcdag  		 1
EAAEAI_gammaimcdag  		 1
EAAEAJ_gammaimcdag  		 1
EAAEAK_gammaimcdag  		 1
EAAEAL_gammaimcdag  		 1
EAARW_gammaimcdag   		 1
EAAUS_gammaimcdag   		 1
EAAEAB_gammaimi     		 0
EAAEAC_gammaimi     		 0
EAAEAD_gammaimi     		 0
EAAEAE_gammaimi     		 0
EAAEAF_gammaimi     		 0
EAAEAG_gammaimi     		 0
EAAEAH_gammaimi     		 0
EAAEAI_gammaimi     		 0
EAAEAJ_gammaimi     		 0
EAAEAK_gammaimi     		 0
EAAEAL_gammaimi     		 0
EAARW_gammaimi      		 0
EAAUS_gammaimi      		 0
EAAEAB_gammaimidag  		 1
EAAEAC_gammaimidag  		 1
EAAEAD_gammaimidag  		 1
EAAEAE_gammaimidag  		 1
EAAEAF_gammaimidag  		 1
EAAEAG_gammaimidag  		 1
EAAEAH_gammaimidag  		 1
EAAEAI_gammaimidag  		 1
EAAEAJ_gammaimidag  		 1
EAAEAK_gammaimidag  		 1
EAAEAL_gammaimidag  		 1
EAARW_gammaimidag   		 1
EAAUS_gammaimidag   		 1
EAAEAB_gammaimcg    		 0
EAAEAC_gammaimcg    		 0
EAAEAD_gammaimcg    		 0
EAAEAE_gammaimcg    		 0
EAAEAF_gammaimcg    		 0
EAAEAG_gammaimcg    		 0
EAAEAH_gammaimcg    		 0
EAAEAI_gammaimcg    		 0
EAAEAJ_gammaimcg    		 0
EAAEAK_gammaimcg    		 0
EAAEAL_gammaimcg    		 0
EAARW_gammaimcg     		 0
EAAUS_gammaimcg     		 0
EAAEAB_gammaimcgdag 		 1
EAAEAC_gammaimcgdag 		 1
EAAEAD_gammaimcgdag 		 1
EAAEAE_gammaimcgdag 		 1
EAAEAF_gammaimcgdag 		 1
EAAEAG_gammaimcgdag 		 1
EAAEAH_gammaimcgdag 		 1
EAAEAI_gammaimcgdag 		 1
EAAEAJ_gammaimcgdag 		 1
EAAEAK_gammaimcgdag 		 1
EAAEAL_gammaimcgdag 		 1
EAARW_gammaimcgdag  		 1
EAAUS_gammaimcgdag  		 1
EAAEAB_gammaimig    		 0
EAAEAC_gammaimig    		 0
EAAEAD_gammaimig    		 0
EAAEAE_gammaimig    		 0
EAAEAF_gammaimig    		 0
EAAEAG_gammaimig    		 0
EAAEAH_gammaimig    		 0
EAAEAI_gammaimig    		 0
EAAEAJ_gammaimig    		 0
EAAEAK_gammaimig    		 0
EAAEAL_gammaimig    		 0
EAARW_gammaimig     		 0
EAAUS_gammaimig     		 0
EAAEAB_gammaimigdag 		 1
EAAEAC_gammaimigdag 		 1
EAAEAD_gammaimigdag 		 1
EAAEAE_gammaimigdag 		 1
EAAEAF_gammaimigdag 		 1
EAAEAG_gammaimigdag 		 1
EAAEAH_gammaimigdag 		 1
EAAEAI_gammaimigdag 		 1
EAAEAJ_gammaimigdag 		 1
EAAEAK_gammaimigdag 		 1
EAAEAL_gammaimigdag 		 1
EAARW_gammaimigdag  		 1
EAAUS_gammaimigdag  		 1
EAA_gx              		 4.09172
EAAEAB_im           		 0.00636115
EAAEAC_im           		 0.00878869
EAAEAD_im           		 0.0150621
EAAEAE_im           		 0.003503
EAAEAF_im           		 0.0330466
EAAEAG_im           		 0.00289833
EAAEAH_im           		 0.00514825
EAAEAI_im           		 0.0226037
EAAEAJ_im           		 0.0118826
EAAEAK_im           		 0.00316635
EAAEAL_im           		 0.020219
EAARW_im            		 0.609248
EAAUS_im            		 0.281971
EAAEAB_imc          		 0.00390898
EAAEAC_imc          		 0.00539931
EAAEAD_imc          		 0.00925724
EAAEAE_imc          		 0.00215385
EAAEAF_imc          		 0.0203061
EAAEAG_imc          		 0.00178359
EAAEAH_imc          		 0.00316481
EAAEAI_imc          		 0.0138893
EAAEAJ_imc          		 0.00730306
EAAEAK_imc          		 0.00194592
EAAEAL_imc          		 0.0124247
EAARW_imc           		 0.37439
EAAUS_imc           		 0.173274
EAARW_imcy          		 0.121948
EAAEAB_imi          		 0.00160173
EAAEAC_imi          		 0.00221304
EAAEAD_imi          		 0.00379078
EAAEAE_imi          		 0.00088003
EAAEAF_imi          		 0.00831762
EAAEAG_imi          		 0.00072936
EAAEAH_imi          		 0.00129595
EAAEAI_imi          		 0.00569025
EAAEAJ_imi          		 0.0029902
EAAEAK_imi          		 0.000796673
EAAEAL_imi          		 0.00508931
EAARW_imi           		 0.15335
EAAUS_imi           		 0.0709735
EAARW_imiy          		 0.04995
EAAEAB_imcg         		 0.000671201
EAAEAC_imcg         		 0.000930915
EAAEAD_imcg         		 0.00159382
EAAEAE_imcg         		 0.000369818
EAAEAF_imcg         		 0.00349776
EAAEAG_imcg         		 0.000305758
EAAEAH_imcg         		 0.000545248
EAAEAI_imcg         		 0.00239218
EAAEAJ_imcg         		 0.00125866
EAAEAK_imcg         		 0.00033562
EAAEAL_imcg         		 0.00213966
EAARW_imcg          		 0.0644655
EAAUS_imcg          		 0.029837
EAARW_imcgy         		 0.020998
EAAEAB_imig         		 0.000179241
EAAEAC_imig         		 0.000245423
EAAEAD_imig         		 0.000420288
EAAEAE_imig         		 9.9303e-05
EAAEAF_imig         		 0.000925175
EAAEAG_imig         		 7.96245e-05
EAAEAH_imig         		 0.000142239
EAAEAI_imig         		 0.000631949
EAAEAJ_imig         		 0.000330664
EAAEAK_imig         		 8.81425e-05
EAAEAL_imig         		 0.000565325
EAARW_imig          		 0.017042
EAAUS_imig          		 0.00788634
EAARW_imigy         		 0.005551
EAA_piex            		 1.00496
EAA_pextilde        		 0.789474
EAAEAB_rer          		 1.02343
EAAEAC_rer          		 0.966658
EAAEAD_rer          		 1.2923
EAAEAE_rer          		 1.09271
EAAEAF_rer          		 1.2065
EAAEAG_rer          		 1.15509
EAAEAH_rer          		 0.987079
EAAEAI_rer          		 1.29613
EAAEAJ_rer          		 1.06916
EAAEAK_rer          		 1.10922
EAAEAL_rer          		 2.14283
EAARW_rer           		 1.13798
EAAUS_rer           		 0.954617
EAA_sx              		 1
EAAEAB_tot          		 1.05282
EAAEAC_tot          		 0.948872
EAAEAD_tot          		 1.47119
EAAEAE_tot          		 1.17255
EAAEAF_tot          		 1.34534
EAAEAG_tot          		 1.26063
EAAEAH_tot          		 1.0162
EAAEAI_tot          		 1.48037
EAAEAJ_tot          		 1.12925
EAAEAK_tot          		 1.18436
EAAEAL_tot          		 2.90483
EAARW_tot           		 1.30781
EAAUS_tot           		 1.12108
EAAEAB_weight       		 0.00493695
EAAEAC_weight       		 0.00607724
EAAEAD_weight       		 0.0168575
EAAEAE_weight       		 0.00306316
EAAEAF_weight       		 0.033586
EAAEAG_weight       		 0.00274858
EAAEAH_weight       		 0.00383233
EAAEAI_weight       		 0.0254584
EAAEAJ_weight       		 0.00997526
EAAEAK_weight       		 0.00280533
EAAEAL_weight       		 0.0765561
EAARW_weight        		 0.609223
EAAUS_weight        		 0.20488
EAAEAB_weightex     		 0.0047892
EAAEAC_weightex     		 0.00582339
EAAEAD_weightex     		 0.0168881
EAAEAE_weightex     		 0.00300763
EAAEAF_weightex     		 0.0334127
EAAEAG_weightex     		 0.00272283
EAAEAH_weightex     		 0.00369276
EAAEAI_weightex     		 0.0255072
EAAEAJ_weightex     		 0.00976235
EAAEAK_weightex     		 0.00276324
EAAEAL_weightex     		 0.108334
EAARW_weightex      		 0.613381
EAAUS_weightex      		 0.169915
EAAEAB_weightim     		 0.00508554
EAAEAC_weightim     		 0.00633253
EAAEAD_weightim     		 0.0168268
EAAEAE_weightim     		 0.00311901
EAAEAF_weightim     		 0.0337603
EAAEAG_weightim     		 0.00277448
EAAEAH_weightim     		 0.00397269
EAAEAI_weightim     		 0.0254094
EAAEAJ_weightim     		 0.0101894
EAAEAK_weightim     		 0.00284766
EAAEAL_weightim     		 0.0445991
EAARW_weightim      		 0.605042
EAAUS_weightim      		 0.240042
EAA_b               		 7.60754
EAA_bf              		 -0.500548
EAA_by              		 2.4
EAA_c               		 1.76905
EAA_ci              		 2.06358
EAA_cj              		 0.885478
EAA_cy              		 0.558095
EAA_d               		 0.429651
EAA_dn              		 0.188941
EAA_dt              		 0.240711
EAA_etot            		 1.34691
EAA_ex              		 1.32433
EAA_fh              		 8.02909
EAA_fi              		 1.05098
EAA_fj              		 0.0389253
EAA_fn              		 9.89728
EAA_cg              		 0.719822
EAA_gammab          		 0
EAA_gammai          		 0
EAA_gammaider       		 0
EAA_gammau          		 0
EAA_gammauder       		 0.0324171
EAA_gammav          		 0.000178706
EAA_gammavi         		 0.000101018
EAA_gammavider      		 0.00216519
EAA_gammavj         		 0.000101018
EAA_gammavjder      		 0.00216519
EAA_gh              		 9.6349
EAA_gi              		 2.6086
EAA_gj              		 2.02642
EAA_gn              		 14.8459
EAA_cgy             		 0.2
EAA_ht              		 1.059
EAA_htc             		 0.20734
EAA_hti             		 0.267908
EAA_htcg            		 0.493666
EAA_htig            		 0.0900866
EAA_i               		 0.661013
EAA_ig              		 0.141315
EAA_ii              		 0.88135
EAA_im              		 0.97146
EAA_imc             		 0.596977
EAA_imi             		 0.24452
EAA_imcg            		 0.102794
EAA_imig            		 0.0271696
EAA_imy             		 0.327989
EAA_internalrer     		 0.971111
EAA_igy             		 0.04
EAA_k               		 26.4405
EAA_kd              		 26.4405
EAA_kdn             		 10.6074
EAA_kdt             		 15.8332
EAA_ki              		 35.254
EAA_lambdai         		 1.3594
EAA_lambdaj         		 3.16805
EAA_lcy             		 0.605119
EAA_m               		 0.7433
EAA_mcn             		 0.657895
EAA_mct             		 0.657895
EAA_mi              		 0.86705
EAA_mj              		 0.37205
EAA_nd              		 1.88637
EAA_ndi             		 0.862038
EAA_ndj             		 1.12419
EAA_ndn             		 0.756768
EAA_ndt             		 1.1296
EAA_ni              		 0.862038
EAA_nj              		 1.12419
EAA_nt              		 1.30541
EAA_ntc             		 0.979543
EAA_nti             		 0.162912
EAA_ntcg            		 0.136004
EAA_ntig            		 0.0269493
EAA_pex             		 0.789474
EAA_pht             		 0.789474
EAA_phttilde        		 0.789474
EAA_pi              		 0.959077
EAA_pcg             		 0.88072
EAA_pig             		 0.897232
EAA_pic             		 1.00496
EAA_pic4            		 1.02
EAA_piex4           		 1.02
EAA_piht            		 1.00496
EAA_piimc           		 1.00496
EAA_piimi           		 1.00496
EAA_piimcg          		 1.00496
EAA_piimig          		 1.00496
EAA_piimc4          		 1.02
EAA_pim             		 1.07021
EAA_pimc            		 1.07021
EAA_pimi            		 1.07021
EAA_pimcg           		 1.07021
EAA_pimig           		 1.07019
EAA_pint            		 1.00496
EAA_piw             		 1.00496
EAA_piw4            		 1.02
EAA_pnt             		 0.986843
EAA_pnttilde        		 0.986843
EAA_pttc            		 1.0162
EAA_ptti            		 0.949909
EAA_pttcg           		 0.855133
EAA_pttig           		 0.875496
EAA_py              		 0.859321
EAA_q               		 0.959077
EAA_qc              		 1.76923
EAA_qi              		 0.661013
EAA_qcg             		 0.719822
EAA_qig             		 0.141315
EAA_r               		 1.01242
EAA_reer            		 1.15753
EAA_rer             		 0.954617
EAA_rerdep          		 1
EAA_rk              		 0.0310905
EAA_rp              		 0
EAA_rr              		 1.00742
EAA_rrstar          		 1.00742
EAA_sh              		 1
EAA_si              		 1
EAA_sj              		 1
EAA_snt             		 1
EAA_t               		 0
EAA_tauc            		 0.183
EAA_taud            		 0
EAA_tauk            		 0
EAA_taun            		 0.122
EAA_tauwf           		 0.219
EAA_tauwh           		 0.118
EAA_tb              		 0.00586057
EAA_tby             		 0.00184887
EAA_ti              		 0
EAA_tj              		 0
EAA_tot             		 1.12108
EAA_tr              		 0.233158
EAA_tri             		 0.155439
EAA_trj             		 0.466317
EAA_try             		 0.073556
EAA_ttc             		 0.789783
EAA_tti             		 0.498146
EAA_ttcg            		 0.58441
EAA_ttig            		 0.114447
EAA_ty              		 0
EAA_u               		 1
EAA_utili           		 -94.1344
EAA_utilj           		 -244.372
EAA_vj              		 2.38
EAA_w               		 0.83415
EAA_wcst            		 0
EAA_whty            		 0.500778
EAA_wi              		 0.935265
EAA_witilde         		 0.935265
EAA_wj              		 0.682518
EAA_wjtilde         		 0.682518
EAA_wnty            		 0.490019
EAA_wy              		 0.496406
EAA_y               		 3.68874
EAA_ygap            		 0
EAA_ygrowth         		 1
EAA_ygrowth4        		 1
EAA_yhty            		 0.593593
EAA_ynty            		 0.406407
EAA_yshare          		 0.00314831
EAA_ysn             		 1.30541
EAA_yst             		 2.38333
EAA_zcon            		 1
EAA_zinv            		 1
EAA_zn              		 1
EAA_zt              		 1
EAA_gammav1         		 0.0287061
EAA_gammav2         		 0.150338
EAA_nutc            		 0.13966
EAA_nuti            		 0.338664
EAA_nutcg           		 0.691793
EAA_nutig           		 0.607808
EAA_psit            		 0.0464837
EAAEAB_rerbar       		 1.02343
EAAEAC_rerbar       		 0.966658
EAAEAD_rerbar       		 1.2923
EAAEAE_rerbar       		 1.09271
EAAEAF_rerbar       		 1.2065
EAAEAG_rerbar       		 1.15509
EAAEAH_rerbar       		 0.987079
EAAEAI_rerbar       		 1.29613
EAAEAJ_rerbar       		 1.06916
EAAEAK_rerbar       		 1.10922
EAAEAL_rerbar       		 2.14283
EAARW_rerbar        		 1.13798
EAAUS_rerbar        		 0.954617
EAA_pibar           		 0.959077
EAA_psinbar         		 0.365514
EAA_psitbar         		 0.110786
EAA_pybar           		 0.859321
EAA_qbar            		 0.959077
EAA_trybar          		 0.073556
EAA_ybar            		 3.68874
EAA_ynbar           		 1.30541
EAA_ytbar           		 2.38333
EABEAA_excy         		 0.000985401
EABEAC_excy         		 0.00110798
EABEAD_excy         		 0.00325057
EABEAE_excy         		 0.000539239
EABEAF_excy         		 0.00661265
EABEAG_excy         		 0.000624043
EABEAH_excy         		 0.000555234
EABEAI_excy         		 0.00536732
EABEAJ_excy         		 0.00187228
EABEAK_excy         		 0.000617063
EABEAL_excy         		 0.0217924
EABRW_excy          		 0.111472
EABUS_excy          		 0.0323241
EABEAA_exiy         		 0.000403774
EABEAC_exiy         		 0.000544712
EABEAD_exiy         		 0.00124909
EABEAE_exiy         		 0.000263644
EABEAF_exiy         		 0.00249315
EABEAG_exiy         		 0.000130152
EABEAH_exiy         		 0.000515835
EABEAI_exiy         		 0.00163483
EABEAJ_exiy         		 0.000785434
EABEAK_exiy         		 0.000175183
EABEAL_exiy         		 0.00855839
EABRW_exiy          		 0.0594517
EABUS_exiy          		 0.0128919
EAB_fx              		 3.33478
EABEAA_gammaimc     		 0
EABEAC_gammaimc     		 0
EABEAD_gammaimc     		 0
EABEAE_gammaimc     		 0
EABEAF_gammaimc     		 0
EABEAG_gammaimc     		 0
EABEAH_gammaimc     		 0
EABEAI_gammaimc     		 0
EABEAJ_gammaimc     		 0
EABEAK_gammaimc     		 0
EABEAL_gammaimc     		 0
EABRW_gammaimc      		 0
EABUS_gammaimc      		 0
EABEAA_gammaimcdag  		 1
EABEAC_gammaimcdag  		 1
EABEAD_gammaimcdag  		 1
EABEAE_gammaimcdag  		 1
EABEAF_gammaimcdag  		 1
EABEAG_gammaimcdag  		 1
EABEAH_gammaimcdag  		 1
EABEAI_gammaimcdag  		 1
EABEAJ_gammaimcdag  		 1
EABEAK_gammaimcdag  		 1
EABEAL_gammaimcdag  		 1
EABRW_gammaimcdag   		 1
EABUS_gammaimcdag   		 1
EABEAA_gammaimi     		 0
EABEAC_gammaimi     		 0
EABEAD_gammaimi     		 0
EABEAE_gammaimi     		 0
EABEAF_gammaimi     		 0
EABEAG_gammaimi     		 0
EABEAH_gammaimi     		 0
EABEAI_gammaimi     		 0
EABEAJ_gammaimi     		 0
EABEAK_gammaimi     		 0
EABEAL_gammaimi     		 0
EABRW_gammaimi      		 0
EABUS_gammaimi      		 0
EABEAA_gammaimidag  		 1
EABEAC_gammaimidag  		 1
EABEAD_gammaimidag  		 1
EABEAE_gammaimidag  		 1
EABEAF_gammaimidag  		 1
EABEAG_gammaimidag  		 1
EABEAH_gammaimidag  		 1
EABEAI_gammaimidag  		 1
EABEAJ_gammaimidag  		 1
EABEAK_gammaimidag  		 1
EABEAL_gammaimidag  		 1
EABRW_gammaimidag   		 1
EABUS_gammaimidag   		 1
EABEAA_gammaimcg    		 0
EABEAC_gammaimcg    		 0
EABEAD_gammaimcg    		 0
EABEAE_gammaimcg    		 0
EABEAF_gammaimcg    		 0
EABEAG_gammaimcg    		 0
EABEAH_gammaimcg    		 0
EABEAI_gammaimcg    		 0
EABEAJ_gammaimcg    		 0
EABEAK_gammaimcg    		 0
EABEAL_gammaimcg    		 0
EABRW_gammaimcg     		 0
EABUS_gammaimcg     		 0
EABEAA_gammaimcgdag 		 1
EABEAC_gammaimcgdag 		 1
EABEAD_gammaimcgdag 		 1
EABEAE_gammaimcgdag 		 1
EABEAF_gammaimcgdag 		 1
EABEAG_gammaimcgdag 		 1
EABEAH_gammaimcgdag 		 1
EABEAI_gammaimcgdag 		 1
EABEAJ_gammaimcgdag 		 1
EABEAK_gammaimcgdag 		 1
EABEAL_gammaimcgdag 		 1
EABRW_gammaimcgdag  		 1
EABUS_gammaimcgdag  		 1
EABEAA_gammaimig    		 0
EABEAC_gammaimig    		 0
EABEAD_gammaimig    		 0
EABEAE_gammaimig    		 0
EABEAF_gammaimig    		 0
EABEAG_gammaimig    		 0
EABEAH_gammaimig    		 0
EABEAI_gammaimig    		 0
EABEAJ_gammaimig    		 0
EABEAK_gammaimig    		 0
EABEAL_gammaimig    		 0
EABRW_gammaimig     		 0
EABUS_gammaimig     		 0
EABEAA_gammaimigdag 		 1
EABEAC_gammaimigdag 		 1
EABEAD_gammaimigdag 		 1
EABEAE_gammaimigdag 		 1
EABEAF_gammaimigdag 		 1
EABEAG_gammaimigdag 		 1
EABEAH_gammaimigdag 		 1
EABEAI_gammaimigdag 		 1
EABEAJ_gammaimigdag 		 1
EABEAK_gammaimigdag 		 1
EABEAL_gammaimigdag 		 1
EABRW_gammaimigdag  		 1
EABUS_gammaimigdag  		 1
EAB_gx              		 4.00174
EABEAA_im           		 0.00681661
EABEAC_im           		 0.00878829
EABEAD_im           		 0.0150708
EABEAE_im           		 0.00350695
EABEAF_im           		 0.0330655
EABEAG_im           		 0.00289761
EABEAH_im           		 0.00514707
EABEAI_im           		 0.0226155
EABEAJ_im           		 0.0118883
EABEAK_im           		 0.00317039
EABEAL_im           		 0.0202283
EABRW_im            		 0.609556
EABUS_im            		 0.282118
EABEAA_imc          		 0.00390796
EABEAC_imc          		 0.00503725
EABEAD_imc          		 0.00863955
EABEAE_imc          		 0.00200916
EABEAF_imc          		 0.0189523
EABEAG_imc          		 0.001663
EABEAH_imc          		 0.00295015
EABEAI_imc          		 0.0129609
EABEAJ_imc          		 0.00681212
EABEAK_imc          		 0.00181678
EABEAL_imc          		 0.0115942
EABRW_imc           		 0.349381
EABUS_imc           		 0.161705
EABUS_imcy          		 0.042631
EABEAA_imi          		 0.00201564
EABEAC_imi          		 0.00259929
EABEAD_imi          		 0.00445707
EABEAE_imi          		 0.00103722
EABEAF_imi          		 0.00977961
EABEAG_imi          		 0.000856801
EABEAH_imi          		 0.0015232
EABEAI_imi          		 0.00669013
EABEAJ_imi          		 0.00351715
EABEAK_imi          		 0.000937113
EABEAL_imi          		 0.005983
EABRW_imi           		 0.180301
EABUS_imi           		 0.0834488
EABUS_imiy          		 0.022
EABEAA_imcg         		 0.000667628
EABEAC_imcg         		 0.000864937
EABEAD_imcg         		 0.00147991
EABEAE_imcg         		 0.00034453
EABEAF_imcg         		 0.00324617
EABEAG_imcg         		 0.000283351
EABEAH_imcg         		 0.000506337
EABEAI_imcg         		 0.00222047
EABEAJ_imcg         		 0.00116736
EABEAK_imcg         		 0.000312371
EABEAL_imcg         		 0.00198652
EABRW_imcg          		 0.0598413
EABUS_imcg          		 0.0276898
EABUS_imcgy         		 0.0073
EABEAA_imig         		 0.000225377
EABEAC_imig         		 0.000286818
EABEAD_imig         		 0.000494267
EABEAE_imig         		 0.000116052
EABEAF_imig         		 0.00108733
EABEAG_imig         		 9.44505e-05
EABEAH_imig         		 0.000167384
EABEAI_imig         		 0.000743986
EABEAJ_imig         		 0.000391631
EABEAK_imig         		 0.000104124
EABEAL_imig         		 0.000664615
EABRW_imig          		 0.0200327
EABUS_imig          		 0.0092742
EABUS_imigy         		 0.002445
EAB_piex            		 1.00496
EAB_pextilde        		 0.81215
EABEAA_rer          		 0.977109
EABEAC_rer          		 0.94453
EABEAD_rer          		 1.26272
EABEAE_rer          		 1.0677
EABEAF_rer          		 1.17888
EABEAG_rer          		 1.12865
EABEAH_rer          		 0.964483
EABEAI_rer          		 1.26646
EABEAJ_rer          		 1.04469
EABEAK_rer          		 1.08383
EABEAL_rer          		 2.09378
EABRW_rer           		 1.11193
EABUS_rer           		 0.932764
EAB_sx              		 1
EABEAA_tot          		 0.949827
EABEAC_tot          		 0.901264
EABEAD_tot          		 1.39738
EABEAE_tot          		 1.11372
EABEAF_tot          		 1.27784
EABEAG_tot          		 1.19738
EABEAH_tot          		 0.965216
EABEAI_tot          		 1.40609
EABEAJ_tot          		 1.07259
EABEAK_tot          		 1.12494
EABEAL_tot          		 2.75908
EABRW_tot           		 1.2422
EABUS_tot           		 1.06483
EABEAA_weight       		 0.00499587
EABEAC_weight       		 0.00606504
EABEAD_weight       		 0.0168396
EABEAE_weight       		 0.00306374
EABEAF_weight       		 0.0335648
EABEAG_weight       		 0.0027454
EABEAH_weight       		 0.00382996
EABEAI_weight       		 0.0254494
EABEAJ_weight       		 0.0099686
EABEAK_weight       		 0.00280578
EABEAL_weight       		 0.076546
EABRW_weight        		 0.609193
EABUS_weight        		 0.204933
EABEAA_weightex     		 0.00481965
EABEAC_weightex     		 0.00580316
EABEAD_weightex     		 0.0168527
EABEAE_weightex     		 0.00300714
EABEAF_weightex     		 0.0333714
EABEAG_weightex     		 0.00271881
EABEAH_weightex     		 0.00369132
EABEAI_weightex     		 0.0254911
EABEAJ_weightex     		 0.00975032
EABEAK_weightex     		 0.00276223
EABEAL_weightex     		 0.108309
EABRW_weightex      		 0.613372
EABUS_weightex      		 0.17005
EABEAA_weightim     		 0.00517315
EABEAC_weightim     		 0.00632848
EABEAD_weightim     		 0.0168265
EABEAE_weightim     		 0.00312067
EABEAF_weightim     		 0.0337594
EABEAG_weightim     		 0.00277214
EABEAH_weightim     		 0.00396942
EABEAI_weightim     		 0.0254075
EABEAJ_weightim     		 0.0101882
EABEAK_weightim     		 0.00284959
EABEAL_weightim     		 0.044593
EABRW_weightim      		 0.604988
EABUS_weightim      		 0.240024
EAB_b               		 7.87275
EAB_bf              		 -0.530133
EAB_by              		 2.4
EAB_c               		 1.83073
EAB_ci              		 2.13552
EAB_cj              		 0.916347
EAB_cy              		 0.558095
EAB_d               		 0.44463
EAB_dn              		 0.197993
EAB_dt              		 0.246637
EAB_etot            		 1.27896
EAB_ex              		 1.25904
EAB_fh              		 8.71841
EAB_fi              		 1.64027
EAB_fj              		 0.0607508
EAB_fn              		 10.3714
EAB_cg              		 0.737342
EAB_gammab          		 0
EAB_gammai          		 0
EAB_gammaider       		 0
EAB_gammau          		 0
EAB_gammauder       		 0.0324171
EAB_gammav          		 0.000184936
EAB_gammavi         		 0.000101018
EAB_gammavider      		 0.00216519
EAB_gammavj         		 0.000101018
EAB_gammavjder      		 0.00216519
EAB_gh              		 10.4621
EAB_gi              		 2.92392
EAB_gj              		 2.27137
EAB_gn              		 15.5572
EAB_cgy             		 0.2
EAB_ht              		 1.11781
EAB_htc             		 0.287728
EAB_hti             		 0.231325
EAB_htcg            		 0.512369
EAB_htig            		 0.086392
EAB_i               		 0.674253
EAB_ig              		 0.143408
EAB_ii              		 0.899004
EAB_im              		 0.972228
EAB_imc             		 0.557257
EAB_imi             		 0.287576
EAB_imcg            		 0.0954416
EAB_imig            		 0.0319534
EAB_imy             		 0.309869
EAB_internalrer     		 1.03422
EAB_igy             		 0.04
EAB_k               		 26.9701
EAB_kd              		 26.9701
EAB_kdn             		 10.9562
EAB_kdt             		 16.0139
EAB_ki              		 35.9602
EAB_lambdai         		 1.31361
EAB_lambdaj         		 3.06132
EAB_lcy             		 0.605119
EAB_m               		 0.769213
EAB_mcn             		 0.676792
EAB_mct             		 0.676792
EAB_mi              		 0.897277
EAB_mj              		 0.38502
EAB_nd              		 1.88637
EAB_ndi             		 0.862038
EAB_ndj             		 1.12419
EAB_ndn             		 0.766309
EAB_ndt             		 1.12006
EAB_ni              		 0.862038
EAB_nj              		 1.12419
EAB_nt              		 1.32975
EAB_ntc             		 0.99944
EAB_nti             		 0.165025
EAB_ntcg            		 0.138059
EAB_ntig            		 0.027229
EAB_pex             		 0.81215
EAB_pht             		 0.81215
EAB_phttilde        		 0.81215
EAB_pi              		 0.973022
EAB_pcg             		 0.889767
EAB_pig             		 0.914957
EAB_pic             		 1.00496
EAB_pic4            		 1.02
EAB_piex4           		 1.02
EAB_piht            		 1.00496
EAB_piimc           		 1.00496
EAB_piimi           		 1.00496
EAB_piimcg          		 1.00496
EAB_piimig          		 1.00496
EAB_piimc4          		 1.02
EAB_pim             		 1.0455
EAB_pimc            		 1.0455
EAB_pimi            		 1.0455
EAB_pimcg           		 1.04553
EAB_pimig           		 1.04548
EAB_pint            		 1.00496
EAB_piw             		 1.00496
EAB_piw4            		 1.02
EAB_pnt             		 1.01519
EAB_pnttilde        		 1.01519
EAB_pttc            		 0.981593
EAB_ptti            		 0.959165
EAB_pttcg           		 0.859704
EAB_pttig           		 0.890713
EAB_py              		 0.88499
EAB_q               		 0.973022
EAB_qc              		 1.83091
EAB_qi              		 0.674253
EAB_qcg             		 0.737342
EAB_qig             		 0.143408
EAB_r               		 1.01242
EAB_reer            		 1.13088
EAB_rer             		 0.932764
EAB_rerdep          		 1
EAB_rk              		 0.0315425
EAB_rp              		 0
EAB_rr              		 1.00742
EAB_rrstar          		 1.00742
EAB_sh              		 1
EAB_si              		 1
EAB_sj              		 1
EAB_snt             		 1
EAB_t               		 0
EAB_tauc            		 0.183
EAB_taud            		 0
EAB_tauk            		 0
EAB_taun            		 0.122
EAB_tauwf           		 0.219
EAB_tauwh           		 0.118
EAB_tb              		 0.00606488
EAB_tby             		 0.00184887
EAB_ti              		 0
EAB_tj              		 0
EAB_tot             		 1.06483
EAB_tr              		 0.241287
EAB_tri             		 0.160858
EAB_trj             		 0.482573
EAB_try             		 0.073556
EAB_ttc             		 0.831599
EAB_tti             		 0.509329
EAB_ttcg            		 0.600099
EAB_ttig            		 0.116278
EAB_ty              		 0
EAB_u               		 1
EAB_utili           		 -89.48
EAB_utilj           		 -239.718
EAB_vj              		 2.38
EAB_w               		 0.86323
EAB_wcst            		 0
EAB_whty            		 0.500872
EAB_wi              		 0.96787
EAB_witilde         		 0.96787
EAB_wj              		 0.706312
EAB_wjtilde         		 0.706312
EAB_wnty            		 0.490019
EAB_wy              		 0.496406
EAB_y               		 3.70661
EAB_ygap            		 0
EAB_ygrowth         		 1
EAB_ygrowth4        		 1
EAB_yhty            		 0.58847
EAB_ynty            		 0.41153
EAB_yshare          		 0.00327482
EAB_ysn             		 1.32975
EAB_yst             		 2.37686
EAB_zcon            		 1
EAB_zinv            		 1
EAB_zn              		 1
EAB_zt              		 1
EAB_gammav1         		 0.0287061
EAB_gammav2         		 0.150338
EAB_nutc            		 0.215442
EAB_nuti            		 0.299627
EAB_nutcg           		 0.740591
EAB_nutig           		 0.589826
EAB_psit            		 0.0466811
EABEAA_rerbar       		 0.977109
EABEAC_rerbar       		 0.94453
EABEAD_rerbar       		 1.26272
EABEAE_rerbar       		 1.0677
EABEAF_rerbar       		 1.17888
EABEAG_rerbar       		 1.12865
EABEAH_rerbar       		 0.964483
EABEAI_rerbar       		 1.26646
EABEAJ_rerbar       		 1.04469
EABEAK_rerbar       		 1.08383
EABEAL_rerbar       		 2.09378
EABRW_rerbar        		 1.11193
EABUS_rerbar        		 0.932764
EAB_pibar           		 0.973022
EAB_psinbar         		 0.372331
EAB_psitbar         		 0.11095
EAB_pybar           		 0.88499
EAB_qbar            		 0.973022
EAB_trybar          		 0.073556
EAB_ybar            		 3.70661
EAB_ynbar           		 1.32975
EAB_ytbar           		 2.37686
EACEAA_excy         		 0.00112376
EACEAB_excy         		 0.00102967
EACEAD_excy         		 0.0037121
EACEAE_excy         		 0.000615712
EACEAF_excy         		 0.00754759
EACEAG_excy         		 0.000712239
EACEAH_excy         		 0.000633626
EACEAI_excy         		 0.00612047
EACEAJ_excy         		 0.00213639
EACEAK_excy         		 0.000703605
EACEAL_excy         		 0.0248481
EACRW_excy          		 0.127136
EACUS_excy          		 0.0368703
EACEAA_exiy         		 0.000460601
EACEAB_exiy         		 0.000531327
EACEAD_exiy         		 0.00143258
EACEAE_exiy         		 0.000301416
EACEAF_exiy         		 0.00284058
EACEAG_exiy         		 0.000148723
EACEAH_exiy         		 0.000588176
EACEAI_exiy         		 0.00186692
EACEAJ_exiy         		 0.000896881
EACEAK_exiy         		 0.000200004
EACEAL_exiy         		 0.00976891
EACRW_exiy          		 0.067908
EACUS_exiy          		 0.0146905
EAC_fx              		 3.52338
EACEAA_gammaimc     		 0
EACEAB_gammaimc     		 0
EACEAD_gammaimc     		 0
EACEAE_gammaimc     		 0
EACEAF_gammaimc     		 0
EACEAG_gammaimc     		 0
EACEAH_gammaimc     		 0
EACEAI_gammaimc     		 0
EACEAJ_gammaimc     		 0
EACEAK_gammaimc     		 0
EACEAL_gammaimc     		 0
EACRW_gammaimc      		 0
EACUS_gammaimc      		 0
EACEAA_gammaimcdag  		 1
EACEAB_gammaimcdag  		 1
EACEAD_gammaimcdag  		 1
EACEAE_gammaimcdag  		 1
EACEAF_gammaimcdag  		 1
EACEAG_gammaimcdag  		 1
EACEAH_gammaimcdag  		 1
EACEAI_gammaimcdag  		 1
EACEAJ_gammaimcdag  		 1
EACEAK_gammaimcdag  		 1
EACEAL_gammaimcdag  		 1
EACRW_gammaimcdag   		 1
EACUS_gammaimcdag   		 1
EACEAA_gammaimi     		 0
EACEAB_gammaimi     		 0
EACEAD_gammaimi     		 0
EACEAE_gammaimi     		 0
EACEAF_gammaimi     		 0
EACEAG_gammaimi     		 0
EACEAH_gammaimi     		 0
EACEAI_gammaimi     		 0
EACEAJ_gammaimi     		 0
EACEAK_gammaimi     		 0
EACEAL_gammaimi     		 0
EACRW_gammaimi      		 0
EACUS_gammaimi      		 0
EACEAA_gammaimidag  		 1
EACEAB_gammaimidag  		 1
EACEAD_gammaimidag  		 1
EACEAE_gammaimidag  		 1
EACEAF_gammaimidag  		 1
EACEAG_gammaimidag  		 1
EACEAH_gammaimidag  		 1
EACEAI_gammaimidag  		 1
EACEAJ_gammaimidag  		 1
EACEAK_gammaimidag  		 1
EACEAL_gammaimidag  		 1
EACRW_gammaimidag   		 1
EACUS_gammaimidag   		 1
EACEAA_gammaimcg    		 0
EACEAB_gammaimcg    		 0
EACEAD_gammaimcg    		 0
EACEAE_gammaimcg    		 0
EACEAF_gammaimcg    		 0
EACEAG_gammaimcg    		 0
EACEAH_gammaimcg    		 0
EACEAI_gammaimcg    		 0
EACEAJ_gammaimcg    		 0
EACEAK_gammaimcg    		 0
EACEAL_gammaimcg    		 0
EACRW_gammaimcg     		 0
EACUS_gammaimcg     		 0
EACEAA_gammaimcgdag 		 1
EACEAB_gammaimcgdag 		 1
EACEAD_gammaimcgdag 		 1
EACEAE_gammaimcgdag 		 1
EACEAF_gammaimcgdag 		 1
EACEAG_gammaimcgdag 		 1
EACEAH_gammaimcgdag 		 1
EACEAI_gammaimcgdag 		 1
EACEAJ_gammaimcgdag 		 1
EACEAK_gammaimcgdag 		 1
EACEAL_gammaimcgdag 		 1
EACRW_gammaimcgdag  		 1
EACUS_gammaimcgdag  		 1
EACEAA_gammaimig    		 0
EACEAB_gammaimig    		 0
EACEAD_gammaimig    		 0
EACEAE_gammaimig    		 0
EACEAF_gammaimig    		 0
EACEAG_gammaimig    		 0
EACEAH_gammaimig    		 0
EACEAI_gammaimig    		 0
EACEAJ_gammaimig    		 0
EACEAK_gammaimig    		 0
EACEAL_gammaimig    		 0
EACRW_gammaimig     		 0
EACUS_gammaimig     		 0
EACEAA_gammaimigdag 		 1
EACEAB_gammaimigdag 		 1
EACEAD_gammaimigdag 		 1
EACEAE_gammaimigdag 		 1
EACEAF_gammaimigdag 		 1
EACEAG_gammaimigdag 		 1
EACEAH_gammaimigdag 		 1
EACEAI_gammaimigdag 		 1
EACEAJ_gammaimigdag 		 1
EACEAK_gammaimigdag 		 1
EACEAL_gammaimigdag 		 1
EACRW_gammaimigdag  		 1
EACUS_gammaimigdag  		 1
EAC_gx              		 4.22806
EACEAA_im           		 0.00683981
EACEAB_im           		 0.00635856
EACEAD_im           		 0.0150699
EACEAE_im           		 0.00350315
EACEAF_im           		 0.0330561
EACEAG_im           		 0.0029006
EACEAH_im           		 0.00514619
EACEAI_im           		 0.0226133
EACEAJ_im           		 0.0118861
EACEAK_im           		 0.00316923
EACEAL_im           		 0.0202255
EACRW_im            		 0.609503
EACUS_im            		 0.282093
EACEAA_imc          		 0.00385788
EACEAB_imc          		 0.00359351
EACEAD_imc          		 0.00851544
EACEAE_imc          		 0.00198046
EACEAF_imc          		 0.0186794
EACEAG_imc          		 0.00163806
EACEAH_imc          		 0.00290872
EACEAI_imc          		 0.0127783
EACEAJ_imc          		 0.0067171
EACEAK_imc          		 0.00179076
EACEAL_imc          		 0.0114293
EACRW_imc           		 0.344402
EACUS_imc           		 0.159396
EACEAA_imcy         		 0.001035
EACEAA_imi          		 0.00189726
EACEAB_imi          		 0.00176666
EACEAD_imi          		 0.00418551
EACEAE_imi          		 0.000972744
EACEAF_imi          		 0.00918179
EACEAG_imi          		 0.000807202
EACEAH_imi          		 0.00143052
EACEAI_imi          		 0.00628216
EACEAJ_imi          		 0.00330078
EACEAK_imi          		 0.000881217
EACEAL_imi          		 0.00561776
EACRW_imi           		 0.1693
EACUS_imi           		 0.0783565
EACEAA_imiy         		 0.000509
EACEAA_imcg         		 0.000868488
EACEAB_imcg         		 0.000803671
EACEAD_imcg         		 0.00190274
EACEAE_imcg         		 0.000441867
EACEAF_imcg         		 0.0041753
EACEAG_imcg         		 0.000366641
EACEAH_imcg         		 0.000649234
EACEAI_imcg         		 0.0028553
EACEAJ_imcg         		 0.00150186
EACEAK_imcg         		 0.000399695
EACEAL_imcg         		 0.00255481
EACRW_imcg          		 0.0769902
EACUS_imcg          		 0.0356323
EACEAA_imcgy        		 0.000233
EACEAA_imig         		 0.00021619
EACEAB_imig         		 0.000194722
EACEAD_imig         		 0.000466183
EACEAE_imig         		 0.000108083
EACEAF_imig         		 0.00101958
EACEAG_imig         		 8.87035e-05
EACEAH_imig         		 0.000157724
EACEAI_imig         		 0.000697459
EACEAJ_imig         		 0.000366387
EACEAK_imig         		 9.75633e-05
EACEAL_imig         		 0.000623625
EACRW_imig          		 0.0188108
EACUS_imig          		 0.00870776
EACEAA_imigy        		 5.8e-05
EAC_piex            		 1.00496
EAC_pextilde        		 0.774948
EACEAA_rer          		 1.03449
EACEAB_rer          		 1.05873
EACEAD_rer          		 1.33687
EACEAE_rer          		 1.1304
EACEAF_rer          		 1.24811
EACEAG_rer          		 1.19493
EACEAH_rer          		 1.02113
EACEAI_rer          		 1.34083
EACEAJ_rer          		 1.10604
EACEAK_rer          		 1.14748
EACEAL_rer          		 2.21674
EACRW_rer           		 1.17723
EACUS_rer           		 0.987543
EAC_sx              		 1
EACEAA_tot          		 1.05388
EACEAB_tot          		 1.10955
EACEAD_tot          		 1.55046
EACEAE_tot          		 1.23573
EACEAF_tot          		 1.41783
EACEAG_tot          		 1.32856
EACEAH_tot          		 1.07096
EACEAI_tot          		 1.56013
EACEAJ_tot          		 1.1901
EACEAK_tot          		 1.24818
EACEAL_tot          		 3.06135
EACRW_tot           		 1.37828
EACUS_tot           		 1.18149
EACEAA_weight       		 0.00501205
EACEAB_weight       		 0.00494056
EACEAD_weight       		 0.0168758
EACEAE_weight       		 0.00306769
EACEAF_weight       		 0.0336054
EACEAG_weight       		 0.00275122
EACEAH_weight       		 0.00383553
EACEAI_weight       		 0.0254876
EACEAJ_weight       		 0.00998374
EACEAK_weight       		 0.00280904
EACEAL_weight       		 0.0766411
EACRW_weight        		 0.609862
EACUS_weight        		 0.205128
EACEAA_weightex     		 0.0048274
EACEAB_weightex     		 0.00479468
EACEAD_weightex     		 0.0169037
EACEAE_weightex     		 0.00301422
EACEAF_weightex     		 0.033417
EACEAG_weightex     		 0.00272388
EACEAH_weightex     		 0.00369777
EACEAI_weightex     		 0.0255361
EACEAJ_weightex     		 0.00976872
EACEAK_weightex     		 0.00276596
EACEAL_weightex     		 0.108469
EACRW_weightex      		 0.613963
EACUS_weightex      		 0.170118
EACEAA_weightim     		 0.00519767
EACEAB_weightim     		 0.0050872
EACEAD_weightim     		 0.0168478
EACEAE_weightim     		 0.00312143
EACEAF_weightim     		 0.0337948
EACEAG_weightim     		 0.0027787
EACEAH_weightim     		 0.00397402
EACEAI_weightim     		 0.0254388
EACEAJ_weightim     		 0.0101999
EACEAK_weightim     		 0.00285234
EACEAL_weightim     		 0.0446461
EACRW_weightim      		 0.605739
EACUS_weightim      		 0.240322
EAC_b               		 7.30608
EAC_bf              		 -0.464685
EAC_by              		 2.4
EAC_c               		 1.69895
EAC_ci              		 1.98181
EAC_cj              		 0.850389
EAC_cy              		 0.558095
EAC_d               		 0.412626
EAC_dn              		 0.179257
EAC_dt              		 0.233369
EAC_etot            		 1.42038
EAC_ex              		 1.39411
EAC_fh              		 7.12232
EAC_fi              		 0.621571
EAC_fj              		 0.0230211
EAC_fn              		 9.39
EAC_cg              		 0.68157
EAC_gammab          		 0
EAC_gammai          		 0
EAC_gammaider       		 0
EAC_gammau          		 0
EAC_gammauder       		 0.0324171
EAC_gammav          		 0.000171625
EAC_gammavi         		 0.000101018
EAC_gammavider      		 0.00216519
EAC_gammavj         		 0.000101018
EAC_gammavjder      		 0.00216519
EAC_gh              		 8.54679
EAC_gi              		 2.27999
EAC_gj              		 1.77115
EAC_gn              		 14.085
EAC_cgy             		 0.2
EAC_ht              		 0.957011
EAC_htc             		 0.222044
EAC_hti             		 0.206213
EAC_htcg            		 0.446844
EAC_htig            		 0.0819098
EAC_i               		 0.614554
EAC_ig              		 0.133767
EAC_ii              		 0.819406
EAC_im              		 0.970284
EAC_imc             		 0.548258
EAC_imi             		 0.269514
EAC_imcg            		 0.122563
EAC_imig            		 0.0299483
EAC_imy             		 0.353043
EAC_internalrer     		 0.93237
EAC_igy             		 0.04
EAC_k               		 24.5822
EAC_kd              		 24.5822
EAC_kdn             		 9.74242
EAC_kdt             		 14.8397
EAC_ki              		 32.7762
EAC_lambdai         		 1.41549
EAC_lambdaj         		 3.29877
EAC_lcy             		 0.605119
EAC_m               		 0.713845
EAC_mcn             		 0.64579
EAC_mct             		 0.64579
EAC_mi              		 0.832692
EAC_mj              		 0.357306
EAC_nd              		 1.88637
EAC_ndi             		 0.862038
EAC_ndj             		 1.12419
EAC_ndn             		 0.747606
EAC_ndt             		 1.13876
EAC_ni              		 0.862038
EAC_nj              		 1.12419
EAC_nt              		 1.26171
EAC_ntc             		 0.949503
EAC_nti             		 0.155375
EAC_ntcg            		 0.130902
EAC_ntig            		 0.0259346
EAC_pex             		 0.774948
EAC_pht             		 0.774948
EAC_phttilde        		 0.774948
EAC_pi              		 0.990702
EAC_pcg             		 0.893291
EAC_pig             		 0.910298
EAC_pic             		 1.00496
EAC_pic4            		 1.02
EAC_piex4           		 1.02
EAC_piht            		 1.00496
EAC_piimc           		 1.00496
EAC_piimi           		 1.00496
EAC_piimcg          		 1.00496
EAC_piimig          		 1.00496
EAC_piimc4          		 1.02
EAC_pim             		 1.10765
EAC_pimc            		 1.10766
EAC_pimi            		 1.10765
EAC_pimcg           		 1.10764
EAC_pimig           		 1.10756
EAC_pint            		 1.00496
EAC_piw             		 1.00496
EAC_piw4            		 1.02
EAC_pnt             		 0.968685
EAC_pnttilde        		 0.968685
EAC_pttc            		 1.03895
EAC_ptti            		 0.998095
EAC_pttcg           		 0.874919
EAC_pttig           		 0.895985
EAC_py              		 0.842607
EAC_q               		 0.990702
EAC_qc              		 1.69912
EAC_qi              		 0.614554
EAC_qcg             		 0.68157
EAC_qig             		 0.133767
EAC_r               		 1.01242
EAC_reer            		 1.19789
EAC_rer             		 0.987543
EAC_rerdep          		 1
EAC_rk              		 0.0321156
EAC_rp              		 0
EAC_rr              		 1.00742
EAC_rrstar          		 1.00742
EAC_sh              		 1
EAC_si              		 1
EAC_sj              		 1
EAC_snt             		 1
EAC_t               		 0
EAC_tauc            		 0.183
EAC_taud            		 0
EAC_tauk            		 0
EAC_taun            		 0.122
EAC_tauwf           		 0.219
EAC_tauwh           		 0.118
EAC_tb              		 0.00562834
EAC_tby             		 0.00184887
EAC_ti              		 0
EAC_tj              		 0
EAC_tot             		 1.18149
EAC_tr              		 0.223919
EAC_tri             		 0.149279
EAC_trj             		 0.447838
EAC_try             		 0.073556
EAC_ttc             		 0.750136
EAC_tti             		 0.459205
EAC_ttcg            		 0.550951
EAC_ttig            		 0.107865
EAC_ty              		 0
EAC_u               		 1
EAC_utili           		 -99.6262
EAC_utilj           		 -249.864
EAC_vj              		 2.38
EAC_w               		 0.801095
EAC_wcst            		 0
EAC_whty            		 0.50069
EAC_wi              		 0.898204
EAC_witilde         		 0.898204
EAC_wj              		 0.655472
EAC_wjtilde         		 0.655472
EAC_wnty            		 0.490019
EAC_wy              		 0.496406
EAC_y               		 3.61283
EAC_ygap            		 0
EAC_ygrowth         		 1
EAC_ygrowth4        		 1
EAC_yhty            		 0.598514
EAC_ynty            		 0.401486
EAC_yshare          		 0.00357482
EAC_ysn             		 1.26171
EAC_yst             		 2.35112
EAC_zcon            		 1
EAC_zinv            		 1
EAC_zn              		 1
EAC_zt              		 1
EAC_gammav1         		 0.0287061
EAC_gammav2         		 0.150338
EAC_nutc            		 0.142231
EAC_nuti            		 0.23854
EAC_nutcg           		 0.598833
EAC_nutig           		 0.528306
EAC_psit            		 0.0462988
EACEAA_rerbar       		 1.03449
EACEAB_rerbar       		 1.05873
EACEAD_rerbar       		 1.33687
EACEAE_rerbar       		 1.1304
EACEAF_rerbar       		 1.24811
EACEAG_rerbar       		 1.19493
EACEAH_rerbar       		 1.02113
EACEAI_rerbar       		 1.34083
EACEAJ_rerbar       		 1.10604
EACEAK_rerbar       		 1.14748
EACEAL_rerbar       		 2.21674
EACRW_rerbar        		 1.17723
EACUS_rerbar        		 0.987543
EAC_pibar           		 0.990702
EAC_psinbar         		 0.35328
EAC_psitbar         		 0.108854
EAC_pybar           		 0.842607
EAC_qbar            		 0.990702
EAC_trybar          		 0.073556
EAC_ybar            		 3.61283
EAC_ynbar           		 1.26171
EAC_ytbar           		 2.35112
EADEAA_excy         		 0.000663111
EADEAB_excy         		 0.00060781
EADEAC_excy         		 0.000746065
EADEAE_excy         		 0.000362987
EADEAF_excy         		 0.00445378
EADEAG_excy         		 0.000420255
EADEAH_excy         		 0.000373881
EADEAI_excy         		 0.00361282
EADEAJ_excy         		 0.00126074
EADEAK_excy         		 0.000415251
EADEAL_excy         		 0.0146678
EADRW_excy          		 0.07503
EADUS_excy          		 0.0217525
EADEAA_exiy         		 0.000271539
EADEAB_exiy         		 0.000313564
EADEAC_exiy         		 0.000366706
EADEAE_exiy         		 0.000177562
EADEAF_exiy         		 0.00167357
EADEAG_exiy         		 8.76171e-05
EADEAH_exiy         		 0.000347027
EADEAI_exiy         		 0.00110055
EADEAJ_exiy         		 0.000529258
EADEAK_exiy         		 0.000117902
EADEAL_exiy         		 0.00576591
EADRW_exiy          		 0.0400462
EADUS_exiy          		 0.00865751
EAD_fx              		 2.60879
EADEAA_gammaimc     		 0
EADEAB_gammaimc     		 0
EADEAC_gammaimc     		 0
EADEAE_gammaimc     		 0
EADEAF_gammaimc     		 0
EADEAG_gammaimc     		 0
EADEAH_gammaimc     		 0
EADEAI_gammaimc     		 0
EADEAJ_gammaimc     		 0
EADEAK_gammaimc     		 0
EADEAL_gammaimc     		 0
EADRW_gammaimc      		 0
EADUS_gammaimc      		 0
EADEAA_gammaimcdag  		 1
EADEAB_gammaimcdag  		 1
EADEAC_gammaimcdag  		 1
EADEAE_gammaimcdag  		 1
EADEAF_gammaimcdag  		 1
EADEAG_gammaimcdag  		 1
EADEAH_gammaimcdag  		 1
EADEAI_gammaimcdag  		 1
EADEAJ_gammaimcdag  		 1
EADEAK_gammaimcdag  		 1
EADEAL_gammaimcdag  		 1
EADRW_gammaimcdag   		 1
EADUS_gammaimcdag   		 1
EADEAA_gammaimi     		 0
EADEAB_gammaimi     		 0
EADEAC_gammaimi     		 0
EADEAE_gammaimi     		 0
EADEAF_gammaimi     		 0
EADEAG_gammaimi     		 0
EADEAH_gammaimi     		 0
EADEAI_gammaimi     		 0
EADEAJ_gammaimi     		 0
EADEAK_gammaimi     		 0
EADEAL_gammaimi     		 0
EADRW_gammaimi      		 0
EADUS_gammaimi      		 0
EADEAA_gammaimidag  		 1
EADEAB_gammaimidag  		 1
EADEAC_gammaimidag  		 1
EADEAE_gammaimidag  		 1
EADEAF_gammaimidag  		 1
EADEAG_gammaimidag  		 1
EADEAH_gammaimidag  		 1
EADEAI_gammaimidag  		 1
EADEAJ_gammaimidag  		 1
EADEAK_gammaimidag  		 1
EADEAL_gammaimidag  		 1
EADRW_gammaimidag   		 1
EADUS_gammaimidag   		 1
EADEAA_gammaimcg    		 0
EADEAB_gammaimcg    		 0
EADEAC_gammaimcg    		 0
EADEAE_gammaimcg    		 0
EADEAF_gammaimcg    		 0
EADEAG_gammaimcg    		 0
EADEAH_gammaimcg    		 0
EADEAI_gammaimcg    		 0
EADEAJ_gammaimcg    		 0
EADEAK_gammaimcg    		 0
EADEAL_gammaimcg    		 0
EADRW_gammaimcg     		 0
EADUS_gammaimcg     		 0
EADEAA_gammaimcgdag 		 1
EADEAB_gammaimcgdag 		 1
EADEAC_gammaimcgdag 		 1
EADEAE_gammaimcgdag 		 1
EADEAF_gammaimcgdag 		 1
EADEAG_gammaimcgdag 		 1
EADEAH_gammaimcgdag 		 1
EADEAI_gammaimcgdag 		 1
EADEAJ_gammaimcgdag 		 1
EADEAK_gammaimcgdag 		 1
EADEAL_gammaimcgdag 		 1
EADRW_gammaimcgdag  		 1
EADUS_gammaimcgdag  		 1
EADEAA_gammaimig    		 0
EADEAB_gammaimig    		 0
EADEAC_gammaimig    		 0
EADEAE_gammaimig    		 0
EADEAF_gammaimig    		 0
EADEAG_gammaimig    		 0
EADEAH_gammaimig    		 0
EADEAI_gammaimig    		 0
EADEAJ_gammaimig    		 0
EADEAK_gammaimig    		 0
EADEAL_gammaimig    		 0
EADRW_gammaimig     		 0
EADUS_gammaimig     		 0
EADEAA_gammaimigdag 		 1
EADEAB_gammaimigdag 		 1
EADEAC_gammaimigdag 		 1
EADEAE_gammaimigdag 		 1
EADEAF_gammaimigdag 		 1
EADEAG_gammaimigdag 		 1
EADEAH_gammaimigdag 		 1
EADEAI_gammaimigdag 		 1
EADEAJ_gammaimigdag 		 1
EADEAK_gammaimigdag 		 1
EADEAL_gammaimigdag 		 1
EADRW_gammaimigdag  		 1
EADUS_gammaimigdag  		 1
EAD_gx              		 3.13055
EADEAA_im           		 0.00679712
EADEAB_im           		 0.00633009
EADEAC_im           		 0.00876114
EADEAE_im           		 0.00349644
EADEAF_im           		 0.0329481
EADEAG_im           		 0.00288633
EADEAH_im           		 0.00512846
EADEAI_im           		 0.0225394
EADEAJ_im           		 0.0118481
EADEAK_im           		 0.00316289
EADEAL_im           		 0.0201591
EADRW_im            		 0.607458
EADUS_im            		 0.281141
EADEAA_imc          		 0.00425136
EADEAB_imc          		 0.00396605
EADEAC_imc          		 0.0054857
EADEAE_imc          		 0.0021873
EADEAF_imc          		 0.0206225
EADEAG_imc          		 0.00180897
EADEAH_imc          		 0.00321383
EADEAI_imc          		 0.0141074
EADEAJ_imc          		 0.00741204
EADEAK_imc          		 0.00197881
EADEAL_imc          		 0.0126174
EADRW_imc           		 0.380201
EADUS_imc           		 0.175962
EADEAB_imcy         		 0.000661
EADEAA_imi          		 0.00164243
EADEAB_imi          		 0.00152402
EADEAC_imi          		 0.00211705
EADEAE_imi          		 0.000845827
EADEAF_imi          		 0.00795883
EADEAG_imi          		 0.000696528
EADEAH_imi          		 0.00123705
EADEAI_imi          		 0.00544495
EADEAJ_imi          		 0.00286412
EADEAK_imi          		 0.00076272
EADEAL_imi          		 0.00486907
EADRW_imi           		 0.146723
EADUS_imi           		 0.0679045
EADEAB_imiy         		 0.000254
EADEAA_imcg         		 0.000720141
EADEAB_imcg         		 0.000666009
EADEAC_imcg         		 0.000925379
EADEAE_imcg         		 0.000371733
EADEAF_imcg         		 0.00348404
EADEAG_imcg         		 0.000305671
EADEAH_imcg         		 0.000540819
EADEAI_imcg         		 0.0023811
EADEAJ_imcg         		 0.00125305
EADEAK_imcg         		 0.000336024
EADEAL_imcg         		 0.00213117
EADRW_imcg          		 0.0642323
EADUS_imcg          		 0.029729
EADEAB_imcgy        		 0.000111
EADEAA_imig         		 0.000183194
EADEAB_imig         		 0.000174002
EADEAC_imig         		 0.000233009
EADEAE_imig         		 9.15863e-05
EADEAF_imig         		 0.000882749
EADEAG_imig         		 7.51649e-05
EADEAH_imig         		 0.000136759
EADEAI_imig         		 0.000605943
EADEAJ_imig         		 0.000318857
EADEAK_imig         		 8.53394e-05
EADEAL_imig         		 0.000541491
EADRW_imig          		 0.016302
EADUS_imig          		 0.00754494
EADEAB_imigy        		 2.9e-05
EAD_piex            		 1.00496
EAD_pextilde        		 0.898761
EADEAA_rer          		 0.773815
EADEAB_rer          		 0.791943
EADEAC_rer          		 0.748014
EADEAE_rer          		 0.845558
EADEAF_rer          		 0.933605
EADEAG_rer          		 0.893824
EADEAH_rer          		 0.763816
EADEAI_rer          		 1.00296
EADEAJ_rer          		 0.827333
EADEAK_rer          		 0.858328
EADEAL_rer          		 1.65816
EADRW_rer           		 0.880587
EADUS_rer           		 0.738696
EAD_sx              		 1
EADEAA_tot          		 0.679721
EADEAB_tot          		 0.715626
EADEAC_tot          		 0.644968
EADEAE_tot          		 0.797006
EADEAF_tot          		 0.914458
EADEAG_tot          		 0.856878
EADEAH_tot          		 0.690734
EADEAI_tot          		 1.00624
EADEAJ_tot          		 0.767576
EADEAK_tot          		 0.805033
EADEAL_tot          		 1.97447
EADRW_tot           		 0.888948
EADUS_tot           		 0.762022
EADEAA_weight       		 0.00505871
EADEAB_weight       		 0.00499225
EADEAC_weight       		 0.006143
EADEAE_weight       		 0.00310211
EADEAF_weight       		 0.0339597
EADEAG_weight       		 0.00277858
EADEAH_weight       		 0.00387722
EADEAI_weight       		 0.0257647
EADEAJ_weight       		 0.0100935
EADEAK_weight       		 0.00284137
EADEAL_weight       		 0.0775967
EADRW_weight        		 0.616586
EADUS_weight        		 0.207206
EADEAA_weightex     		 0.00488129
EADEAB_weightex     		 0.00485028
EADEAC_weightex     		 0.00588236
EADEAE_weightex     		 0.00304556
EADEAF_weightex     		 0.0337641
EADEAG_weightex     		 0.00275355
EADEAH_weightex     		 0.00373976
EADEAI_weightex     		 0.0258173
EADEAJ_weightex     		 0.00987904
EADEAK_weightex     		 0.00279655
EADEAL_weightex     		 0.109779
EADRW_weightex      		 0.620953
EADUS_weightex      		 0.171857
EADEAA_weightim     		 0.00523772
EADEAB_weightim     		 0.00513549
EADEAC_weightim     		 0.00640598
EADEAE_weightim     		 0.00315918
EADEAF_weightim     		 0.0341571
EADEAG_weightim     		 0.00280383
EADEAH_weightim     		 0.00401591
EADEAI_weightim     		 0.0257115
EADEAJ_weightim     		 0.0103099
EADEAK_weightim     		 0.00288659
EADEAL_weightim     		 0.0451242
EADRW_weightim      		 0.61218
EADUS_weightim      		 0.242872
EAD_b               		 9.26187
EAD_bf              		 -0.787522
EAD_by              		 2.4
EAD_c               		 2.15375
EAD_ci              		 2.51232
EAD_cj              		 1.07803
EAD_cy              		 0.558095
EAD_d               		 0.523083
EAD_dn              		 0.245021
EAD_dt              		 0.278062
EAD_etot            		 0.912876
EAD_ex              		 0.89003
EAD_fh              		 13.3354
EAD_fi              		 13.5409
EAD_fj              		 0.501513
EAD_fn              		 12.8349
EAD_cg              		 0.826778
EAD_gammab          		 0
EAD_gammai          		 0
EAD_gammaider       		 0
EAD_gammau          		 0
EAD_gammauder       		 0.0324171
EAD_gammav          		 0.000217567
EAD_gammavi         		 0.000101018
EAD_gammavider      		 0.00216519
EAD_gammavj         		 0.000101018
EAD_gammavjder      		 0.00216519
EAD_gh              		 16.0025
EAD_gi              		 5.02309
EAD_gj              		 3.90205
EAD_gn              		 19.2524
EAD_cgy             		 0.2
EAD_ht              		 1.545
EAD_htc             		 0.447379
EAD_hti             		 0.410194
EAD_htcg            		 0.577077
EAD_htig            		 0.110353
EAD_i               		 0.826741
EAD_ig              		 0.165746
EAD_ii              		 1.10232
EAD_im              		 0.959963
EAD_imc             		 0.600834
EAD_imi             		 0.231863
EAD_imcg            		 0.101506
EAD_imig            		 0.02576
EAD_imy             		 0.205433
EAD_internalrer     		 1.30806
EAD_igy             		 0.04
EAD_k               		 33.0696
EAD_kd              		 33.0696
EAD_kdn             		 14.1316
EAD_kdt             		 18.9381
EAD_ki              		 44.0929
EAD_lambdai         		 1.11659
EAD_lambdaj         		 2.60218
EAD_lcy             		 0.605119
EAD_m               		 0.904937
EAD_mcn             		 0.748968
EAD_mct             		 0.748968
EAD_mi              		 1.0556
EAD_mj              		 0.452955
EAD_nd              		 1.88637
EAD_ndi             		 0.862038
EAD_ndj             		 1.12419
EAD_ndn             		 0.806096
EAD_ndt             		 1.08027
EAD_ni              		 0.862038
EAD_nj              		 1.12419
EAD_nt              		 1.48702
EAD_ntc             		 1.1177
EAD_nti             		 0.188411
EAD_ntcg            		 0.150732
EAD_ntig            		 0.030182
EAD_pex             		 0.898761
EAD_pht             		 0.898761
EAD_phttilde        		 0.898761
EAD_pi              		 0.933572
EAD_pcg             		 0.933531
EAD_pig             		 0.93133
EAD_pic             		 1.00496
EAD_pic4            		 1.02
EAD_piex4           		 1.02
EAD_piht            		 1.00496
EAD_piimc           		 1.00496
EAD_piimi           		 1.00496
EAD_piimcg          		 1.00496
EAD_piimig          		 1.00496
EAD_piimc4          		 1.02
EAD_pim             		 0.825854
EAD_pimc            		 0.825853
EAD_pimi            		 0.825856
EAD_pimcg           		 0.825842
EAD_pimig           		 0.825905
EAD_pint            		 1.00496
EAD_piw             		 1.00496
EAD_piw4            		 1.02
EAD_pnt             		 1.12345
EAD_pnttilde        		 1.12345
EAD_pttc            		 0.85887
EAD_ptti            		 0.874182
EAD_pttcg           		 0.888796
EAD_pttig           		 0.886113
EAD_py              		 0.983951
EAD_q               		 0.933572
EAD_qc              		 2.15397
EAD_qi              		 0.826741
EAD_qcg             		 0.826778
EAD_qig             		 0.165746
EAD_r               		 1.01242
EAD_reer            		 0.893463
EAD_rer             		 0.738696
EAD_rerdep          		 1
EAD_rk              		 0.0302637
EAD_rp              		 0
EAD_rr              		 1.00742
EAD_rrstar          		 1.00742
EAD_sh              		 1
EAD_si              		 1
EAD_sj              		 1
EAD_snt             		 1
EAD_t               		 0
EAD_tauc            		 0.183
EAD_taud            		 0
EAD_tauk            		 0
EAD_taun            		 0.122
EAD_tauwf           		 0.219
EAD_tauwh           		 0.118
EAD_tb              		 0.007135
EAD_tby             		 0.00184887
EAD_ti              		 0
EAD_tj              		 0
EAD_tot             		 0.762022
EAD_tr              		 0.283861
EAD_tri             		 0.18924
EAD_trj             		 0.567721
EAD_try             		 0.073556
EAD_ttc             		 1.04589
EAD_tti             		 0.640772
EAD_ttcg            		 0.677863
EAD_ttig            		 0.135938
EAD_ty              		 0
EAD_u               		 1
EAD_utili           		 -67.4088
EAD_utilj           		 -217.647
EAD_vj              		 2.38
EAD_w               		 1.01554
EAD_wcst            		 0
EAD_whty            		 0.501281
EAD_wi              		 1.13865
EAD_witilde         		 1.13865
EAD_wj              		 0.830938
EAD_wjtilde         		 0.830938
EAD_wnty            		 0.490019
EAD_wy              		 0.496406
EAD_y               		 3.92206
EAD_ygap            		 0
EAD_ygrowth         		 1
EAD_ygrowth4        		 1
EAD_yhty            		 0.567103
EAD_ynty            		 0.432897
EAD_yshare          		 0.0161045
EAD_ysn             		 1.48702
EAD_yst             		 2.43503
EAD_zcon            		 1
EAD_zinv            		 1
EAD_zn              		 1
EAD_zt              		 1
EAD_gammav1         		 0.0287061
EAD_gammav2         		 0.150338
EAD_nutc            		 0.479159
EAD_nuti            		 0.686106
EAD_nutcg           		 0.875381
EAD_nutig           		 0.84107
EAD_psit            		 0.047534
EADEAA_rerbar       		 0.773815
EADEAB_rerbar       		 0.791943
EADEAC_rerbar       		 0.748014
EADEAE_rerbar       		 0.845558
EADEAF_rerbar       		 0.933605
EADEAG_rerbar       		 0.893824
EADEAH_rerbar       		 0.763816
EADEAI_rerbar       		 1.00296
EADEAJ_rerbar       		 0.827333
EADEAK_rerbar       		 0.858328
EADEAL_rerbar       		 1.65816
EADRW_rerbar        		 0.880587
EADUS_rerbar        		 0.738696
EAD_pibar           		 0.933572
EAD_psinbar         		 0.416367
EAD_psitbar         		 0.115747
EAD_pybar           		 0.983951
EAD_qbar            		 0.933572
EAD_trybar          		 0.073556
EAD_ybar            		 3.92206
EAD_ynbar           		 1.48702
EAD_ytbar           		 2.43503
EAEEAA_excy         		 0.000860109
EAEEAB_excy         		 0.000787995
EAEEAC_excy         		 0.000967315
EAEEAD_excy         		 0.00283987
EAEEAF_excy         		 0.0057705
EAEEAG_excy         		 0.000543681
EAEEAH_excy         		 0.000484643
EAEEAI_excy         		 0.00468253
EAEEAJ_excy         		 0.00163352
EAEEAK_excy         		 0.000538332
EAEEAL_excy         		 0.0190182
EAERW_excy          		 0.0972469
EAEUS_excy          		 0.0281765
EAEEAA_exiy         		 0.000351428
EAEEAB_exiy         		 0.000406799
EAEEAC_exiy         		 0.000475118
EAEEAD_exiy         		 0.00109818
EAEEAF_exiy         		 0.00217347
EAEEAG_exiy         		 0.000113998
EAEEAH_exiy         		 0.000449358
EAEEAI_exiy         		 0.00142281
EAEEAJ_exiy         		 0.000685329
EAEEAK_exiy         		 0.000152481
EAEEAL_exiy         		 0.00746728
EAERW_exiy          		 0.0517945
EAEUS_exiy          		 0.0112706
EAE_fx              		 3.12553
EAEEAA_gammaimc     		 0
EAEEAB_gammaimc     		 0
EAEEAC_gammaimc     		 0
EAEEAD_gammaimc     		 0
EAEEAF_gammaimc     		 0
EAEEAG_gammaimc     		 0
EAEEAH_gammaimc     		 0
EAEEAI_gammaimc     		 0
EAEEAJ_gammaimc     		 0
EAEEAK_gammaimc     		 0
EAEEAL_gammaimc     		 0
EAERW_gammaimc      		 0
EAEUS_gammaimc      		 0
EAEEAA_gammaimcdag  		 1
EAEEAB_gammaimcdag  		 1
EAEEAC_gammaimcdag  		 1
EAEEAD_gammaimcdag  		 1
EAEEAF_gammaimcdag  		 1
EAEEAG_gammaimcdag  		 1
EAEEAH_gammaimcdag  		 1
EAEEAI_gammaimcdag  		 1
EAEEAJ_gammaimcdag  		 1
EAEEAK_gammaimcdag  		 1
EAEEAL_gammaimcdag  		 1
EAERW_gammaimcdag   		 1
EAEUS_gammaimcdag   		 1
EAEEAA_gammaimi     		 0
EAEEAB_gammaimi     		 0
EAEEAC_gammaimi     		 0
EAEEAD_gammaimi     		 0
EAEEAF_gammaimi     		 0
EAEEAG_gammaimi     		 0
EAEEAH_gammaimi     		 0
EAEEAI_gammaimi     		 0
EAEEAJ_gammaimi     		 0
EAEEAK_gammaimi     		 0
EAEEAL_gammaimi     		 0
EAERW_gammaimi      		 0
EAEUS_gammaimi      		 0
EAEEAA_gammaimidag  		 1
EAEEAB_gammaimidag  		 1
EAEEAC_gammaimidag  		 1
EAEEAD_gammaimidag  		 1
EAEEAF_gammaimidag  		 1
EAEEAG_gammaimidag  		 1
EAEEAH_gammaimidag  		 1
EAEEAI_gammaimidag  		 1
EAEEAJ_gammaimidag  		 1
EAEEAK_gammaimidag  		 1
EAEEAL_gammaimidag  		 1
EAERW_gammaimidag   		 1
EAEUS_gammaimidag   		 1
EAEEAA_gammaimcg    		 0
EAEEAB_gammaimcg    		 0
EAEEAC_gammaimcg    		 0
EAEEAD_gammaimcg    		 0
EAEEAF_gammaimcg    		 0
EAEEAG_gammaimcg    		 0
EAEEAH_gammaimcg    		 0
EAEEAI_gammaimcg    		 0
EAEEAJ_gammaimcg    		 0
EAEEAK_gammaimcg    		 0
EAEEAL_gammaimcg    		 0
EAERW_gammaimcg     		 0
EAEUS_gammaimcg     		 0
EAEEAA_gammaimcgdag 		 1
EAEEAB_gammaimcgdag 		 1
EAEEAC_gammaimcgdag 		 1
EAEEAD_gammaimcgdag 		 1
EAEEAF_gammaimcgdag 		 1
EAEEAG_gammaimcgdag 		 1
EAEEAH_gammaimcgdag 		 1
EAEEAI_gammaimcgdag 		 1
EAEEAJ_gammaimcgdag 		 1
EAEEAK_gammaimcgdag 		 1
EAEEAL_gammaimcgdag 		 1
EAERW_gammaimcgdag  		 1
EAEUS_gammaimcgdag  		 1
EAEEAA_gammaimig    		 0
EAEEAB_gammaimig    		 0
EAEEAC_gammaimig    		 0
EAEEAD_gammaimig    		 0
EAEEAF_gammaimig    		 0
EAEEAG_gammaimig    		 0
EAEEAH_gammaimig    		 0
EAEEAI_gammaimig    		 0
EAEEAJ_gammaimig    		 0
EAEEAK_gammaimig    		 0
EAEEAL_gammaimig    		 0
EAERW_gammaimig     		 0
EAEUS_gammaimig     		 0
EAEEAA_gammaimigdag 		 1
EAEEAB_gammaimigdag 		 1
EAEEAC_gammaimigdag 		 1
EAEEAD_gammaimigdag 		 1
EAEEAF_gammaimigdag 		 1
EAEEAG_gammaimigdag 		 1
EAEEAH_gammaimigdag 		 1
EAEEAI_gammaimigdag 		 1
EAEEAJ_gammaimigdag 		 1
EAEEAK_gammaimigdag 		 1
EAEEAL_gammaimigdag 		 1
EAERW_gammaimigdag  		 1
EAEUS_gammaimigdag  		 1
EAE_gx              		 3.75063
EAEEAA_im           		 0.00680305
EAEEAB_im           		 0.00635063
EAEEAC_im           		 0.00878226
EAEEAD_im           		 0.0150418
EAEEAF_im           		 0.0329919
EAEEAG_im           		 0.00289928
EAEEAH_im           		 0.00514082
EAEEAI_im           		 0.0225628
EAEEAJ_im           		 0.0118632
EAEEAK_im           		 0.00316006
EAEEAL_im           		 0.0201853
EAERW_im            		 0.608255
EAEUS_im            		 0.28151
EAEEAA_imc          		 0.003806
EAEEAB_imc          		 0.00355024
EAEEAC_imc          		 0.00490985
EAEEAD_imc          		 0.0084103
EAEEAF_imc          		 0.0184484
EAEEAG_imc          		 0.00161973
EAEEAH_imc          		 0.00287253
EAEEAI_imc          		 0.0126179
EAEEAJ_imc          		 0.00663286
EAEEAK_imc          		 0.00176931
EAEEAL_imc          		 0.0112871
EAERW_imc           		 0.340121
EAEUS_imc           		 0.157415
EAEEAC_imcy         		 0.000956
EAEEAA_imi          		 0.00186158
EAEEAB_imi          		 0.00173578
EAEEAC_imi          		 0.00240357
EAEEAD_imi          		 0.00411406
EAEEAF_imi          		 0.00902316
EAEEAG_imi          		 0.000792471
EAEEAH_imi          		 0.00140509
EAEEAI_imi          		 0.00617234
EAEEAJ_imi          		 0.00324523
EAEEAK_imi          		 0.00086408
EAEEAL_imi          		 0.0055211
EAERW_imi           		 0.166385
EAEUS_imi           		 0.0770055
EAEEAC_imiy         		 0.000468
EAEEAA_imcg         		 0.000930789
EAEEAB_imcg         		 0.000870203
EAEEAC_imcg         		 0.00120178
EAEEAD_imcg         		 0.00206034
EAEEAF_imcg         		 0.00451701
EAEEAG_imcg         		 0.000398168
EAEEAH_imcg         		 0.000704945
EAEEAI_imcg         		 0.00308782
EAEEAJ_imcg         		 0.00162261
EAEEAK_imcg         		 0.00043204
EAEEAL_imcg         		 0.00276306
EAERW_imcg          		 0.0832631
EAEUS_imcg          		 0.0385354
EAEEAC_imcgy        		 0.000234
EAEEAA_imig         		 0.000204676
EAEEAB_imig         		 0.000194407
EAEEAC_imig         		 0.000267063
EAEEAD_imig         		 0.000457117
EAEEAF_imig         		 0.00100338
EAEEAG_imig         		 8.89114e-05
EAEEAH_imig         		 0.000158253
EAEEAI_imig         		 0.000684718
EAEEAJ_imig         		 0.000362499
EAEEAK_imig         		 9.46373e-05
EAEEAL_imig         		 0.000614014
EAERW_imig          		 0.0184859
EAEUS_imig          		 0.00855472
EAEEAC_imigy        		 5.2e-05
EAE_piex            		 1.00496
EAE_pextilde        		 0.847153
EAEEAA_rer          		 0.915152
EAEEAB_rer          		 0.936592
EAEEAC_rer          		 0.884639
EAEEAD_rer          		 1.18265
EAEEAF_rer          		 1.10413
EAEEAG_rer          		 1.05708
EAEEAH_rer          		 0.903327
EAEEAI_rer          		 1.18615
EAEEAJ_rer          		 0.978445
EAEEAK_rer          		 1.0151
EAEEAL_rer          		 1.96102
EAERW_rer           		 1.04143
EAEUS_rer           		 0.87362
EAE_sx              		 1
EAEEAA_tot          		 0.852843
EAEEAB_tot          		 0.897893
EAEEAC_tot          		 0.809239
EAEEAD_tot          		 1.2547
EAEEAF_tot          		 1.14737
EAEEAG_tot          		 1.07512
EAEEAH_tot          		 0.866661
EAEEAI_tot          		 1.26252
EAEEAJ_tot          		 0.963075
EAEEAK_tot          		 1.01007
EAEEAL_tot          		 2.47736
EAERW_tot           		 1.11536
EAEUS_tot           		 0.956106
EAEEAA_weight       		 0.00498852
EAEEAB_weight       		 0.00493021
EAEEAC_weight       		 0.00606118
EAEEAD_weight       		 0.0168376
EAEEAF_weight       		 0.0335069
EAEEAG_weight       		 0.00274347
EAEEAH_weight       		 0.00382491
EAEEAI_weight       		 0.0254001
EAEEAJ_weight       		 0.00995416
EAEEAK_weight       		 0.00279834
EAEEAL_weight       		 0.0764012
EAERW_weight        		 0.607959
EAEUS_weight        		 0.204595
EAEEAA_weightex     		 0.00481451
EAEEAB_weightex     		 0.00478645
EAEEAC_weightex     		 0.00579898
EAEEAD_weightex     		 0.016878
EAEEAF_weightex     		 0.0333252
EAEEAG_weightex     		 0.00271294
EAEEAH_weightex     		 0.00368551
EAEEAI_weightex     		 0.0254473
EAEEAJ_weightex     		 0.00974139
EAEEAK_weightex     		 0.00275618
EAEEAL_weightex     		 0.10808
EAERW_weightex      		 0.612093
EAEUS_weightex      		 0.16988
EAEEAA_weightim     		 0.00516371
EAEEAB_weightim     		 0.00507494
EAEEAC_weightim     		 0.00632518
EAEEAD_weightim     		 0.0167969
EAEEAF_weightim     		 0.0336899
EAEEAG_weightim     		 0.0027742
EAEEAH_weightim     		 0.00396526
EAEEAI_weightim     		 0.0253525
EAEEAJ_weightim     		 0.0101684
EAEEAK_weightim     		 0.00284078
EAEEAL_weightim     		 0.0445056
EAERW_weightim      		 0.603796
EAEUS_weightim      		 0.239547
EAE_b               		 8.45007
EAE_bf              		 -0.607531
EAE_by              		 2.4
EAE_c               		 1.96498
EAE_ci              		 2.29212
EAE_cj              		 0.983544
EAE_cy              		 0.558095
EAE_d               		 0.477235
EAE_dn              		 0.217074
EAE_dt              		 0.260161
EAE_etot            		 1.14746
EAE_ex              		 1.13128
EAE_fh              		 10.3953
EAE_fi              		 4.11289
EAE_fj              		 0.152329
EAE_fn              		 11.371
EAE_cg              		 0.770715
EAE_gammab          		 0
EAE_gammai          		 0
EAE_gammaider       		 0
EAE_gammau          		 0
EAE_gammauder       		 0.0324171
EAE_gammav          		 0.000198498
EAE_gammavi         		 0.000101018
EAE_gammavider      		 0.00216519
EAE_gammavj         		 0.000101018
EAE_gammavjder      		 0.00216519
EAE_gh              		 12.4744
EAE_gi              		 3.70092
EAE_gj              		 2.87496
EAE_gn              		 17.0565
EAE_cgy             		 0.2
EAE_ht              		 1.27774
EAE_htc             		 0.378532
EAE_hti             		 0.304419
EAE_htcg            		 0.498438
EAE_htig            		 0.0963541
EAE_i               		 0.741622
EAE_ig              		 0.153667
EAE_ii              		 0.988829
EAE_im              		 0.972714
EAE_imc             		 0.543917
EAE_imi             		 0.266077
EAE_imcg            		 0.133155
EAE_imig            		 0.0295635
EAE_imy             		 0.270348
EAE_internalrer     		 1.13834
EAE_igy             		 0.04
EAE_k               		 29.6649
EAE_kd              		 29.6649
EAE_kdn             		 12.3097
EAE_kdt             		 17.3552
EAE_ki              		 39.5532
EAE_lambdai         		 1.22386
EAE_lambdaj         		 2.85217
EAE_lcy             		 0.605119
EAE_m               		 0.82562
EAE_mcn             		 0.705961
EAE_mct             		 0.705961
EAE_mi              		 0.963075
EAE_mj              		 0.413254
EAE_nd              		 1.88637
EAE_ndi             		 0.862038
EAE_ndj             		 1.12419
EAE_ndn             		 0.782761
EAE_ndt             		 1.1036
EAE_ni              		 0.862038
EAE_nj              		 1.12419
EAE_nt              		 1.39767
EAE_ntc             		 1.05033
EAE_nti             		 0.175564
EAE_ntcg            		 0.143179
EAE_ntig            		 0.0285916
EAE_pex             		 0.847153
EAE_pht             		 0.847153
EAE_phttilde        		 0.847153
EAE_pi              		 0.949504
EAE_pcg             		 0.913661
EAE_pig             		 0.916492
EAE_pic             		 1.00496
EAE_pic4            		 1.02
EAE_piex4           		 1.02
EAE_piht            		 1.00496
EAE_piimc           		 1.00496
EAE_piimi           		 1.00496
EAE_piimcg          		 1.00496
EAE_piimig          		 1.00496
EAE_piimc4          		 1.02
EAE_pim             		 0.97856
EAE_pimc            		 0.97856
EAE_pimi            		 0.978555
EAE_pimcg           		 0.978558
EAE_pimig           		 0.978602
EAE_pint            		 1.00496
EAE_piw             		 1.00496
EAE_piw4            		 1.02
EAE_pnt             		 1.05894
EAE_pnttilde        		 1.05894
EAE_pttc            		 0.930252
EAE_ptti            		 0.914351
EAE_pttcg           		 0.879015
EAE_pttig           		 0.882487
EAE_py              		 0.924914
EAE_q               		 0.949504
EAE_qc              		 1.96517
EAE_qi              		 0.741622
EAE_qcg             		 0.770715
EAE_qig             		 0.153667
EAE_r               		 1.01242
EAE_reer            		 1.05871
EAE_rer             		 0.87362
EAE_rerdep          		 1
EAE_rk              		 0.0307801
EAE_rp              		 0
EAE_rr              		 1.00742
EAE_rrstar          		 1.00742
EAE_sh              		 1
EAE_si              		 1
EAE_sj              		 1
EAE_snt             		 1
EAE_t               		 0
EAE_tauc            		 0.183
EAE_taud            		 0
EAE_tauk            		 0
EAE_taun            		 0.122
EAE_tauwf           		 0.219
EAE_tauwh           		 0.118
EAE_tb              		 0.00650963
EAE_tby             		 0.00184887
EAE_ti              		 0
EAE_tj              		 0
EAE_tot             		 0.956106
EAE_tr              		 0.25898
EAE_tri             		 0.172654
EAE_trj             		 0.517961
EAE_try             		 0.073556
EAE_ttc             		 0.916881
EAE_tti             		 0.566808
EAE_ttcg            		 0.628606
EAE_ttig            		 0.12528
EAE_ty              		 0
EAE_u               		 1
EAE_utili           		 -79.8681
EAE_utilj           		 -230.106
EAE_vj              		 2.38
EAE_w               		 0.926531
EAE_wcst            		 0
EAE_whty            		 0.501037
EAE_wi              		 1.03885
EAE_witilde         		 1.03885
EAE_wj              		 0.758107
EAE_wjtilde         		 0.758107
EAE_wnty            		 0.490019
EAE_wy              		 0.496406
EAE_y               		 3.80669
EAE_ygap            		 0
EAE_ygrowth         		 1
EAE_ygrowth4        		 1
EAE_yhty            		 0.579634
EAE_ynty            		 0.420366
EAE_yshare          		 0.00230237
EAE_ysn             		 1.39767
EAE_yst             		 2.40902
EAE_zcon            		 1
EAE_zinv            		 1
EAE_zn              		 1
EAE_zt              		 1
EAE_gammav1         		 0.0287061
EAE_gammav2         		 0.150338
EAE_nutc            		 0.326733
EAE_nuti            		 0.443771
EAE_nutcg           		 0.723015
EAE_nutig           		 0.694423
EAE_psit            		 0.0470275
EAEEAA_rerbar       		 0.915152
EAEEAB_rerbar       		 0.936592
EAEEAC_rerbar       		 0.884639
EAEEAD_rerbar       		 1.18265
EAEEAF_rerbar       		 1.10413
EAEEAG_rerbar       		 1.05708
EAEEAH_rerbar       		 0.903327
EAEEAI_rerbar       		 1.18615
EAEEAJ_rerbar       		 0.978445
EAEEAK_rerbar       		 1.0151
EAEEAL_rerbar       		 1.96102
EAERW_rerbar        		 1.04143
EAEUS_rerbar        		 0.87362
EAE_pibar           		 0.949504
EAE_psinbar         		 0.391347
EAE_psitbar         		 0.113285
EAE_pybar           		 0.924914
EAE_qbar            		 0.949504
EAE_trybar          		 0.073556
EAE_ybar            		 3.80669
EAE_ynbar           		 1.39767
EAE_ytbar           		 2.40902
EAFEAA_excy         		 0.000731998
EAFEAB_excy         		 0.000670993
EAFEAC_excy         		 0.00082359
EAFEAD_excy         		 0.002417
EAFEAE_excy         		 0.000400697
EAFEAG_excy         		 0.000463852
EAFEAH_excy         		 0.000412569
EAFEAI_excy         		 0.00398727
EAFEAJ_excy         		 0.00139155
EAFEAK_excy         		 0.000458357
EAFEAL_excy         		 0.0161898
EAFRW_excy          		 0.0828096
EAFUS_excy          		 0.0240049
EAFEAA_exiy         		 0.000299835
EAFEAB_exiy         		 0.000346239
EAFEAC_exiy         		 0.000404832
EAFEAD_exiy         		 0.000932791
EAFEAE_exiy         		 0.000195982
EAFEAG_exiy         		 9.67413e-05
EAFEAH_exiy         		 0.000383012
EAFEAI_exiy         		 0.00121464
EAFEAJ_exiy         		 0.000583999
EAFEAK_exiy         		 0.000130134
EAFEAL_exiy         		 0.0063676
EAFRW_exiy          		 0.0442012
EAFUS_exiy          		 0.00955694
EAF_fx              		 2.7466
EAFEAA_gammaimc     		 0
EAFEAB_gammaimc     		 0
EAFEAC_gammaimc     		 0
EAFEAD_gammaimc     		 0
EAFEAE_gammaimc     		 0
EAFEAG_gammaimc     		 0
EAFEAH_gammaimc     		 0
EAFEAI_gammaimc     		 0
EAFEAJ_gammaimc     		 0
EAFEAK_gammaimc     		 0
EAFEAL_gammaimc     		 0
EAFRW_gammaimc      		 0
EAFUS_gammaimc      		 0
EAFEAA_gammaimcdag  		 1
EAFEAB_gammaimcdag  		 1
EAFEAC_gammaimcdag  		 1
EAFEAD_gammaimcdag  		 1
EAFEAE_gammaimcdag  		 1
EAFEAG_gammaimcdag  		 1
EAFEAH_gammaimcdag  		 1
EAFEAI_gammaimcdag  		 1
EAFEAJ_gammaimcdag  		 1
EAFEAK_gammaimcdag  		 1
EAFEAL_gammaimcdag  		 1
EAFRW_gammaimcdag   		 1
EAFUS_gammaimcdag   		 1
EAFEAA_gammaimi     		 0
EAFEAB_gammaimi     		 0
EAFEAC_gammaimi     		 0
EAFEAD_gammaimi     		 0
EAFEAE_gammaimi     		 0
EAFEAG_gammaimi     		 0
EAFEAH_gammaimi     		 0
EAFEAI_gammaimi     		 0
EAFEAJ_gammaimi     		 0
EAFEAK_gammaimi     		 0
EAFEAL_gammaimi     		 0
EAFRW_gammaimi      		 0
EAFUS_gammaimi      		 0
EAFEAA_gammaimidag  		 1
EAFEAB_gammaimidag  		 1
EAFEAC_gammaimidag  		 1
EAFEAD_gammaimidag  		 1
EAFEAE_gammaimidag  		 1
EAFEAG_gammaimidag  		 1
EAFEAH_gammaimidag  		 1
EAFEAI_gammaimidag  		 1
EAFEAJ_gammaimidag  		 1
EAFEAK_gammaimidag  		 1
EAFEAL_gammaimidag  		 1
EAFRW_gammaimidag   		 1
EAFUS_gammaimidag   		 1
EAFEAA_gammaimcg    		 0
EAFEAB_gammaimcg    		 0
EAFEAC_gammaimcg    		 0
EAFEAD_gammaimcg    		 0
EAFEAE_gammaimcg    		 0
EAFEAG_gammaimcg    		 0
EAFEAH_gammaimcg    		 0
EAFEAI_gammaimcg    		 0
EAFEAJ_gammaimcg    		 0
EAFEAK_gammaimcg    		 0
EAFEAL_gammaimcg    		 0
EAFRW_gammaimcg     		 0
EAFUS_gammaimcg     		 0
EAFEAA_gammaimcgdag 		 1
EAFEAB_gammaimcgdag 		 1
EAFEAC_gammaimcgdag 		 1
EAFEAD_gammaimcgdag 		 1
EAFEAE_gammaimcgdag 		 1
EAFEAG_gammaimcgdag 		 1
EAFEAH_gammaimcgdag 		 1
EAFEAI_gammaimcgdag 		 1
EAFEAJ_gammaimcgdag 		 1
EAFEAK_gammaimcgdag 		 1
EAFEAL_gammaimcgdag 		 1
EAFRW_gammaimcgdag  		 1
EAFUS_gammaimcgdag  		 1
EAFEAA_gammaimig    		 0
EAFEAB_gammaimig    		 0
EAFEAC_gammaimig    		 0
EAFEAD_gammaimig    		 0
EAFEAE_gammaimig    		 0
EAFEAG_gammaimig    		 0
EAFEAH_gammaimig    		 0
EAFEAI_gammaimig    		 0
EAFEAJ_gammaimig    		 0
EAFEAK_gammaimig    		 0
EAFEAL_gammaimig    		 0
EAFRW_gammaimig     		 0
EAFUS_gammaimig     		 0
EAFEAA_gammaimigdag 		 1
EAFEAB_gammaimigdag 		 1
EAFEAC_gammaimigdag 		 1
EAFEAD_gammaimigdag 		 1
EAFEAE_gammaimigdag 		 1
EAFEAG_gammaimigdag 		 1
EAFEAH_gammaimigdag 		 1
EAFEAI_gammaimigdag 		 1
EAFEAJ_gammaimigdag 		 1
EAFEAK_gammaimigdag 		 1
EAFEAL_gammaimigdag 		 1
EAFRW_gammaimigdag  		 1
EAFUS_gammaimigdag  		 1
EAF_gx              		 3.29592
EAFEAA_im           		 0.00680998
EAFEAB_im           		 0.00634872
EAFEAC_im           		 0.00876911
EAFEAD_im           		 0.0150225
EAFEAE_im           		 0.00349447
EAFEAG_im           		 0.00289168
EAFEAH_im           		 0.00513587
EAFEAI_im           		 0.0225564
EAFEAJ_im           		 0.0118533
EAFEAK_im           		 0.00316005
EAFEAL_im           		 0.0201753
EAFRW_im            		 0.607915
EAFUS_im            		 0.281355
EAFEAA_imc          		 0.0043149
EAFEAB_imc          		 0.00402231
EAFEAC_imc          		 0.00556061
EAFEAD_imc          		 0.00953395
EAFEAE_imc          		 0.00221577
EAFEAG_imc          		 0.00183397
EAFEAH_imc          		 0.00325497
EAFEAI_imc          		 0.0143031
EAFEAJ_imc          		 0.00751535
EAFEAK_imc          		 0.00200523
EAFEAL_imc          		 0.0127935
EAFRW_imc           		 0.385491
EAFUS_imc           		 0.178411
EAFEAD_imcy         		 0.002451
EAFEAA_imi          		 0.00162524
EAFEAB_imi          		 0.00151652
EAFEAC_imi          		 0.00209277
EAFEAD_imi          		 0.00358252
EAFEAE_imi          		 0.000834573
EAFEAG_imi          		 0.000690008
EAFEAH_imi          		 0.00122765
EAFEAI_imi          		 0.00538494
EAFEAJ_imi          		 0.00282776
EAFEAK_imi          		 0.000753772
EAFEAL_imi          		 0.00481481
EAFRW_imi           		 0.1451
EAFUS_imi           		 0.0671561
EAFEAD_imiy         		 0.000921
EAFEAA_imcg         		 0.000686721
EAFEAB_imcg         		 0.000641395
EAFEAC_imcg         		 0.00088053
EAFEAD_imcg         		 0.00151314
EAFEAE_imcg         		 0.000351399
EAFEAG_imcg         		 0.00029053
EAFEAH_imcg         		 0.000518092
EAFEAI_imcg         		 0.00226917
EAFEAJ_imcg         		 0.00119597
EAFEAK_imcg         		 0.000318904
EAFEAL_imcg         		 0.00203113
EAFRW_imcg          		 0.0612037
EAFUS_imcg          		 0.0283254
EAFEAD_imcgy        		 0.000389
EAFEAA_imig         		 0.000183126
EAFEAB_imig         		 0.000168502
EAFEAC_imig         		 0.00023521
EAFEAD_imig         		 0.000392872
EAFEAE_imig         		 9.27303e-05
EAFEAG_imig         		 7.71719e-05
EAFEAH_imig         		 0.000135154
EAFEAI_imig         		 0.000599185
EAFEAJ_imig         		 0.000314195
EAFEAK_imig         		 8.21419e-05
EAFEAL_imig         		 0.000535855
EAFRW_imig          		 0.0161203
EAFUS_imig          		 0.00746293
EAFEAD_imigy        		 0.000101
EAF_piex            		 1.00496
EAF_pextilde        		 0.880328
EAFEAA_rer          		 0.828845
EAFEAB_rer          		 0.848263
EAFEAC_rer          		 0.80121
EAFEAD_rer          		 1.07112
EAFEAE_rer          		 0.905691
EAFEAG_rer          		 0.957389
EAFEAH_rer          		 0.818136
EAFEAI_rer          		 1.07429
EAFEAJ_rer          		 0.886169
EAFEAK_rer          		 0.919369
EAFEAL_rer          		 1.77608
EAFRW_rer           		 0.943211
EAFUS_rer           		 0.79123
EAF_sx              		 1
EAFEAA_tot          		 0.743304
EAFEAB_tot          		 0.782568
EAFEAC_tot          		 0.705301
EAFEAD_tot          		 1.09354
EAFEAE_tot          		 0.871561
EAFEAG_tot          		 0.937034
EAFEAH_tot          		 0.755347
EAFEAI_tot          		 1.10036
EAFEAJ_tot          		 0.839378
EAFEAK_tot          		 0.880339
EAFEAL_tot          		 2.15917
EAFRW_tot           		 0.972103
EAFUS_tot           		 0.833305
EAFEAA_weight       		 0.00515106
EAFEAB_weight       		 0.00508584
EAFEAC_weight       		 0.00625187
EAFEAD_weight       		 0.017346
EAFEAE_weight       		 0.00315387
EAFEAG_weight       		 0.00282819
EAFEAH_weight       		 0.00394612
EAFEAI_weight       		 0.0262047
EAFEAJ_weight       		 0.0102683
EAFEAK_weight       		 0.00288818
EAFEAL_weight       		 0.0790528
EAFRW_weight        		 0.627209
EAFUS_weight        		 0.210614
EAFEAA_weightex     		 0.0049686
EAFEAB_weightex     		 0.00493651
EAFEAC_weightex     		 0.00598732
EAFEAD_weightex     		 0.0173775
EAFEAE_weightex     		 0.00309821
EAFEAG_weightex     		 0.00280079
EAFEAH_weightex     		 0.00380471
EAFEAI_weightex     		 0.0262495
EAFEAJ_weightex     		 0.0100522
EAFEAK_weightex     		 0.0028447
EAFEAL_weightex     		 0.111921
EAFRW_weightex      		 0.631537
EAFUS_weightex      		 0.174423
EAFEAA_weightim     		 0.00533503
EAFEAB_weightim     		 0.0052364
EAFEAC_weightim     		 0.0065186
EAFEAD_weightim     		 0.0173142
EAFEAE_weightim     		 0.00320999
EAFEAG_weightim     		 0.00285581
EAFEAH_weightim     		 0.0040887
EAFEAI_weightim     		 0.0261596
EAFEAJ_weightim     		 0.0104862
EAFEAK_weightim     		 0.00293203
EAFEAL_weightim     		 0.0459126
EAFRW_weightim      		 0.622845
EAFUS_weightim      		 0.247106
EAF_b               		 8.98714
EAF_bf              		 -0.713426
EAF_by              		 2.4
EAF_c               		 2.08987
EAF_ci              		 2.4378
EAF_cj              		 1.04606
EAF_cy              		 0.558095
EAF_d               		 0.507567
EAF_dn              		 0.235441
EAF_dt              		 0.272126
EAF_etot            		 0.999905
EAF_ex              		 0.956667
EAF_fh              		 12.4576
EAF_fi              		 9.15745
EAF_fj              		 0.339165
EAF_fn              		 12.3331
EAF_cg              		 0.811351
EAF_gammab          		 0
EAF_gammai          		 0
EAF_gammaider       		 0
EAF_gammau          		 0
EAF_gammauder       		 0.0324171
EAF_gammav          		 0.000211114
EAF_gammavi         		 0.000101018
EAF_gammavider      		 0.00216519
EAF_gammavj         		 0.000101018
EAF_gammavjder      		 0.00216519
EAF_gh              		 14.9491
EAF_gi              		 4.54385
EAF_gj              		 3.52977
EAF_gn              		 18.4996
EAF_cgy             		 0.2
EAF_ht              		 1.47352
EAF_htc             		 0.402745
EAF_hti             		 0.393504
EAF_htcg            		 0.569437
EAF_htig            		 0.107836
EAF_i               		 0.801268
EAF_ig              		 0.162231
EAF_ii              		 1.06836
EAF_im              		 0.942607
EAF_imc             		 0.597724
EAF_imi             		 0.224986
EAF_imcg            		 0.0949023
EAF_imig            		 0.024995
EAF_imy             		 0.223054
EAF_internalrer     		 1.24509
EAF_igy             		 0.04
EAF_k               		 32.0507
EAF_kd              		 32.0507
EAF_kdn             		 13.5629
EAF_kdt             		 18.4878
EAF_ki              		 42.7343
EAF_lambdai         		 1.15072
EAF_lambdaj         		 2.68173
EAF_lcy             		 0.605119
EAF_m               		 0.878095
EAF_mcn             		 0.733607
EAF_mct             		 0.733607
EAF_mi              		 1.02429
EAF_mj              		 0.439519
EAF_nd              		 1.88637
EAF_ndi             		 0.862038
EAF_ndj             		 1.12419
EAF_ndn             		 0.798255
EAF_ndt             		 1.08811
EAF_ni              		 0.862038
EAF_nj              		 1.12419
EAF_nt              		 1.4588
EAF_ntc             		 1.09584
EAF_nti             		 0.184617
EAF_ntcg            		 0.14862
EAF_ntig            		 0.0297204
EAF_pex             		 0.880328
EAF_pht             		 0.880328
EAF_phttilde        		 0.880328
EAF_pi              		 0.934679
EAF_pcg             		 0.923063
EAF_pig             		 0.923287
EAF_pic             		 1.00496
EAF_pic4            		 1.02
EAF_piex4           		 1.02
EAF_piht            		 1.00496
EAF_piimc           		 1.00496
EAF_piimi           		 1.00496
EAF_piimcg          		 1.00496
EAF_piimig          		 1.00496
EAF_piimc4          		 1.02
EAF_pim             		 0.886114
EAF_pimc            		 0.886118
EAF_pimi            		 0.886103
EAF_pimcg           		 0.886106
EAF_pimig           		 0.886159
EAF_pint            		 1.00496
EAF_piw             		 1.00496
EAF_piw4            		 1.02
EAF_pnt             		 1.10041
EAF_pnttilde        		 1.10041
EAF_pttc            		 0.883798
EAF_ptti            		 0.88244
EAF_pttcg           		 0.88116
EAF_pttig           		 0.881433
EAF_py              		 0.962883
EAF_q               		 0.934679
EAF_qc              		 2.09008
EAF_qi              		 0.801268
EAF_qcg             		 0.811351
EAF_qig             		 0.162231
EAF_r               		 1.01242
EAF_reer            		 0.957517
EAF_rer             		 0.79123
EAF_rerdep          		 1
EAF_rk              		 0.0302996
EAF_rp              		 0
EAF_rr              		 1.00742
EAF_rrstar          		 1.00742
EAF_sh              		 1
EAF_si              		 1
EAF_sj              		 1
EAF_snt             		 1
EAF_t               		 0
EAF_tauc            		 0.183
EAF_taud            		 0
EAF_tauk            		 0
EAF_taun            		 0.122
EAF_tauwf           		 0.219
EAF_tauwh           		 0.118
EAF_tb              		 0.00692336
EAF_tby             		 0.00184887
EAF_ti              		 0
EAF_tj              		 0
EAF_tot             		 0.833305
EAF_tr              		 0.275441
EAF_tri             		 0.183627
EAF_trj             		 0.550881
EAF_try             		 0.073556
EAF_ttc             		 1.00046
EAF_tti             		 0.618483
EAF_ttcg            		 0.664335
EAF_ttig            		 0.13283
EAF_ty              		 0
EAF_u               		 1
EAF_utili           		 -71.4986
EAF_utilj           		 -221.736
EAF_vj              		 2.38
EAF_w               		 0.98542
EAF_wcst            		 0
EAF_whty            		 0.501198
EAF_wi              		 1.10487
EAF_witilde         		 1.10487
EAF_wj              		 0.806291
EAF_wjtilde         		 0.806291
EAF_wnty            		 0.490019
EAF_wy              		 0.496406
EAF_y               		 3.88899
EAF_ygap            		 0
EAF_ygrowth         		 1
EAF_ygrowth4        		 1
EAF_yhty            		 0.571314
EAF_ynty            		 0.428686
EAF_yshare          		 0.0292639
EAF_ysn             		 1.4588
EAF_yst             		 2.43019
EAF_zcon            		 1
EAF_zinv            		 1
EAF_zn              		 1
EAF_zt              		 1
EAF_gammav1         		 0.0287061
EAF_gammav2         		 0.150338
EAF_nutc            		 0.398622
EAF_nuti            		 0.632442
EAF_nutcg           		 0.855134
EAF_nutig           		 0.809295
EAF_psit            		 0.0473626
EAFEAA_rerbar       		 0.828845
EAFEAB_rerbar       		 0.848263
EAFEAC_rerbar       		 0.80121
EAFEAD_rerbar       		 1.07112
EAFEAE_rerbar       		 0.905691
EAFEAG_rerbar       		 0.957389
EAFEAH_rerbar       		 0.818136
EAFEAI_rerbar       		 1.07429
EAFEAJ_rerbar       		 0.886169
EAFEAK_rerbar       		 0.919369
EAFEAL_rerbar       		 1.77608
EAFRW_rerbar        		 0.943211
EAFUS_rerbar        		 0.79123
EAF_pibar           		 0.934679
EAF_psinbar         		 0.408463
EAF_psitbar         		 0.115095
EAF_pybar           		 0.962883
EAF_qbar            		 0.934679
EAF_trybar          		 0.073556
EAF_ybar            		 3.88899
EAF_ynbar           		 1.4588
EAF_ytbar           		 2.43019
EAGEAA_excy         		 0.000785924
EAGEAB_excy         		 0.000719698
EAGEAC_excy         		 0.000882835
EAGEAD_excy         		 0.00259161
EAGEAE_excy         		 0.000430035
EAGEAF_excy         		 0.00527022
EAGEAH_excy         		 0.000443086
EAGEAI_excy         		 0.00427187
EAGEAJ_excy         		 0.00149347
EAGEAK_excy         		 0.000491438
EAGEAL_excy         		 0.0173636
EAGRW_excy          		 0.0889593
EAGUS_excy          		 0.0257972
EAGEAA_exiy         		 0.000321387
EAGEAB_exiy         		 0.000370798
EAGEAC_exiy         		 0.000435043
EAGEAD_exiy         		 0.000997876
EAGEAE_exiy         		 0.000210399
EAGEAF_exiy         		 0.00198285
EAGEAH_exiy         		 0.000411133
EAGEAI_exiy         		 0.00130772
EAGEAJ_exiy         		 0.000626296
EAGEAK_exiy         		 0.00013932
EAGEAL_exiy         		 0.0068257
EAGRW_exiy          		 0.0474631
EAGUS_exiy          		 0.0102822
EAG_fx              		 2.96172
EAGEAA_gammaimc     		 0
EAGEAB_gammaimc     		 0
EAGEAC_gammaimc     		 0
EAGEAD_gammaimc     		 0
EAGEAE_gammaimc     		 0
EAGEAF_gammaimc     		 0
EAGEAH_gammaimc     		 0
EAGEAI_gammaimc     		 0
EAGEAJ_gammaimc     		 0
EAGEAK_gammaimc     		 0
EAGEAL_gammaimc     		 0
EAGRW_gammaimc      		 0
EAGUS_gammaimc      		 0
EAGEAA_gammaimcdag  		 1
EAGEAB_gammaimcdag  		 1
EAGEAC_gammaimcdag  		 1
EAGEAD_gammaimcdag  		 1
EAGEAE_gammaimcdag  		 1
EAGEAF_gammaimcdag  		 1
EAGEAH_gammaimcdag  		 1
EAGEAI_gammaimcdag  		 1
EAGEAJ_gammaimcdag  		 1
EAGEAK_gammaimcdag  		 1
EAGEAL_gammaimcdag  		 1
EAGRW_gammaimcdag   		 1
EAGUS_gammaimcdag   		 1
EAGEAA_gammaimi     		 0
EAGEAB_gammaimi     		 0
EAGEAC_gammaimi     		 0
EAGEAD_gammaimi     		 0
EAGEAE_gammaimi     		 0
EAGEAF_gammaimi     		 0
EAGEAH_gammaimi     		 0
EAGEAI_gammaimi     		 0
EAGEAJ_gammaimi     		 0
EAGEAK_gammaimi     		 0
EAGEAL_gammaimi     		 0
EAGRW_gammaimi      		 0
EAGUS_gammaimi      		 0
EAGEAA_gammaimidag  		 1
EAGEAB_gammaimidag  		 1
EAGEAC_gammaimidag  		 1
EAGEAD_gammaimidag  		 1
EAGEAE_gammaimidag  		 1
EAGEAF_gammaimidag  		 1
EAGEAH_gammaimidag  		 1
EAGEAI_gammaimidag  		 1
EAGEAJ_gammaimidag  		 1
EAGEAK_gammaimidag  		 1
EAGEAL_gammaimidag  		 1
EAGRW_gammaimidag   		 1
EAGUS_gammaimidag   		 1
EAGEAA_gammaimcg    		 0
EAGEAB_gammaimcg    		 0
EAGEAC_gammaimcg    		 0
EAGEAD_gammaimcg    		 0
EAGEAE_gammaimcg    		 0
EAGEAF_gammaimcg    		 0
EAGEAH_gammaimcg    		 0
EAGEAI_gammaimcg    		 0
EAGEAJ_gammaimcg    		 0
EAGEAK_gammaimcg    		 0
EAGEAL_gammaimcg    		 0
EAGRW_gammaimcg     		 0
EAGUS_gammaimcg     		 0
EAGEAA_gammaimcgdag 		 1
EAGEAB_gammaimcgdag 		 1
EAGEAC_gammaimcgdag 		 1
EAGEAD_gammaimcgdag 		 1
EAGEAE_gammaimcgdag 		 1
EAGEAF_gammaimcgdag 		 1
EAGEAH_gammaimcgdag 		 1
EAGEAI_gammaimcgdag 		 1
EAGEAJ_gammaimcgdag 		 1
EAGEAK_gammaimcgdag 		 1
EAGEAL_gammaimcgdag 		 1
EAGRW_gammaimcgdag  		 1
EAGUS_gammaimcgdag  		 1
EAGEAA_gammaimig    		 0
EAGEAB_gammaimig    		 0
EAGEAC_gammaimig    		 0
EAGEAD_gammaimig    		 0
EAGEAE_gammaimig    		 0
EAGEAF_gammaimig    		 0
EAGEAH_gammaimig    		 0
EAGEAI_gammaimig    		 0
EAGEAJ_gammaimig    		 0
EAGEAK_gammaimig    		 0
EAGEAL_gammaimig    		 0
EAGRW_gammaimig     		 0
EAGUS_gammaimig     		 0
EAGEAA_gammaimigdag 		 1
EAGEAB_gammaimigdag 		 1
EAGEAC_gammaimigdag 		 1
EAGEAD_gammaimigdag 		 1
EAGEAE_gammaimigdag 		 1
EAGEAF_gammaimigdag 		 1
EAGEAH_gammaimigdag 		 1
EAGEAI_gammaimigdag 		 1
EAGEAJ_gammaimigdag 		 1
EAGEAK_gammaimigdag 		 1
EAGEAL_gammaimigdag 		 1
EAGRW_gammaimigdag  		 1
EAGUS_gammaimigdag  		 1
EAG_gx              		 3.55406
EAGEAA_im           		 0.00681737
EAGEAB_im           		 0.00635372
EAGEAC_im           		 0.00878131
EAGEAD_im           		 0.0150511
EAGEAE_im           		 0.00349395
EAGEAF_im           		 0.0330133
EAGEAH_im           		 0.00514437
EAGEAI_im           		 0.0225827
EAGEAJ_im           		 0.011871
EAGEAK_im           		 0.00316635
EAGEAL_im           		 0.0201985
EAGRW_im            		 0.608687
EAGUS_im            		 0.281709
EAGEAA_imc          		 0.00495033
EAGEAB_imc          		 0.00461582
EAGEAC_imc          		 0.00638079
EAGEAD_imc          		 0.0109394
EAGEAE_imc          		 0.00253857
EAGEAF_imc          		 0.0239928
EAGEAH_imc          		 0.00373754
EAGEAI_imc          		 0.01641
EAGEAJ_imc          		 0.00862573
EAGEAK_imc          		 0.00230157
EAGEAL_imc          		 0.0146783
EAGRW_imc           		 0.44233
EAGUS_imc           		 0.20472
EAGEAE_imcy         		 0.000558
EAGEAA_imi          		 0.00103488
EAGEAB_imi          		 0.000962685
EAGEAC_imi          		 0.00133238
EAGEAD_imi          		 0.0022807
EAGEAE_imi          		 0.000532281
EAGEAF_imi          		 0.00500394
EAGEAH_imi          		 0.000776905
EAGEAI_imi          		 0.00342326
EAGEAJ_imi          		 0.00179978
EAGEAK_imi          		 0.000477429
EAGEAL_imi          		 0.00306127
EAGRW_imi           		 0.092256
EAGUS_imi           		 0.042696
EAGEAE_imiy         		 0.000117
EAGEAA_imcg         		 0.000714811
EAGEAB_imcg         		 0.000668813
EAGEAC_imcg         		 0.000921982
EAGEAD_imcg         		 0.00157727
EAGEAE_imcg         		 0.000363953
EAGEAF_imcg         		 0.00346152
EAGEAH_imcg         		 0.000540684
EAGEAI_imcg         		 0.00236746
EAGEAJ_imcg         		 0.00124709
EAGEAK_imcg         		 0.000333299
EAGEAL_imcg         		 0.0021192
EAGRW_imcg          		 0.0638507
EAGUS_imcg          		 0.0295489
EAGEAE_imcgy        		 8e-05
EAGEAA_imig         		 0.000117357
EAGEAB_imig         		 0.000106402
EAGEAC_imig         		 0.000146168
EAGEAD_imig         		 0.000253814
EAGEAE_imig         		 5.91424e-05
EAGEAF_imig         		 0.000555112
EAGEAH_imig         		 8.92391e-05
EAGEAI_imig         		 0.000381964
EAGEAJ_imig         		 0.000198401
EAGEAK_imig         		 5.40486e-05
EAGEAL_imig         		 0.000339733
EAGRW_imig          		 0.0102502
EAGUS_imig          		 0.00474399
EAGEAE_imigy        		 1.3e-05
EAG_piex            		 1.00496
EAG_pextilde        		 0.861611
EAGEAA_rer          		 0.865735
EAGEAB_rer          		 0.886017
EAGEAC_rer          		 0.83687
EAGEAD_rer          		 1.11879
EAGEAE_rer          		 0.946001
EAGEAF_rer          		 1.04451
EAGEAH_rer          		 0.854549
EAGEAI_rer          		 1.1221
EAGEAJ_rer          		 0.92561
EAGEAK_rer          		 0.960287
EAGEAL_rer          		 1.85513
EAGRW_rer           		 0.985191
EAGUS_rer           		 0.826445
EAG_sx              		 1
EAGEAA_tot          		 0.793252
EAGEAB_tot          		 0.835155
EAGEAC_tot          		 0.752695
EAGEAD_tot          		 1.16703
EAGEAE_tot          		 0.930127
EAGEAF_tot          		 1.0672
EAGEAH_tot          		 0.806105
EAGEAI_tot          		 1.1743
EAGEAJ_tot          		 0.895782
EAGEAK_tot          		 0.939495
EAGEAL_tot          		 2.30426
EAGRW_tot           		 1.03743
EAGUS_tot           		 0.889301
EAGEAA_weight       		 0.00498664
EAGEAB_weight       		 0.00492156
EAGEAC_weight       		 0.00605372
EAGEAD_weight       		 0.0168022
EAGEAE_weight       		 0.0030546
EAGEAF_weight       		 0.0334704
EAGEAH_weight       		 0.00382425
EAGEAI_weight       		 0.0253763
EAGEAJ_weight       		 0.00994841
EAGEAK_weight       		 0.00279774
EAGEAL_weight       		 0.0763594
EAGRW_weight        		 0.607877
EAGUS_weight        		 0.204528
EAGEAA_weightex     		 0.00480543
EAGEAB_weightex     		 0.00477212
EAGEAC_weightex     		 0.00579151
EAGEAD_weightex     		 0.0168146
EAGEAE_weightex     		 0.00300321
EAGEAF_weightex     		 0.0332657
EAGEAH_weightex     		 0.00368568
EAGEAI_weightex     		 0.0254039
EAGEAJ_weightex     		 0.00973397
EAGEAK_weightex     		 0.00275236
EAGEAL_weightex     		 0.107994
EAGRW_weightex      		 0.612128
EAGUS_weightex      		 0.16985
EAGEAA_weightim     		 0.00516919
EAGEAB_weightim     		 0.00507212
EAGEAC_weightim     		 0.0063179
EAGEAD_weightim     		 0.0167898
EAGEAE_weightim     		 0.00310637
EAGEAF_weightim     		 0.0336766
EAGEAH_weightim     		 0.00396386
EAGEAI_weightim     		 0.0253485
EAGEAJ_weightim     		 0.0101645
EAGEAK_weightim     		 0.00284346
EAGEAL_weightim     		 0.0444882
EAGRW_weightim      		 0.603594
EAGUS_weightim      		 0.239465
EAG_b               		 8.75025
EAG_bf              		 -0.665022
EAG_by              		 2.4
EAG_c               		 2.03478
EAG_ci              		 2.37354
EAG_cj              		 1.01848
EAG_cy              		 0.558095
EAG_d               		 0.494188
EAG_dn              		 0.227098
EAG_dt              		 0.26709
EAG_etot            		 1.067
EAG_ex              		 1.054
EAG_fh              		 11.4225
EAG_fi              		 6.47252
EAG_fj              		 0.239723
EAG_fn              		 11.8961
EAG_cg              		 0.799926
EAG_gammab          		 0
EAG_gammai          		 0
EAG_gammaider       		 0
EAG_gammau          		 0
EAG_gammauder       		 0.0324171
EAG_gammav          		 0.000205549
EAG_gammavi         		 0.000101018
EAG_gammavider      		 0.00216519
EAG_gammavj         		 0.000101018
EAG_gammavjder      		 0.00216519
EAG_gh              		 13.707
EAG_gi              		 4.15711
EAG_gj              		 3.22934
EAG_gn              		 17.8441
EAG_cgy             		 0.2
EAG_ht              		 1.38044
EAG_htc             		 0.253478
EAG_hti             		 0.459568
EAG_htcg            		 0.552584
EAG_htig            		 0.11481
EAG_i               		 0.78744
EAG_ig              		 0.160291
EAG_ii              		 1.04992
EAG_im              		 0.973941
EAG_imc             		 0.707758
EAG_imi             		 0.147616
EAG_imcg            		 0.102163
EAG_imig            		 0.0164049
EAG_imy             		 0.247234
EAG_internalrer     		 1.18386
EAG_igy             		 0.04
EAG_k               		 31.4976
EAG_kd              		 31.4976
EAG_kdn             		 13.2046
EAG_kdt             		 18.293
EAG_ki              		 41.9968
EAG_lambdai         		 1.18188
EAG_lambdaj         		 2.75433
EAG_lcy             		 0.605119
EAG_m               		 0.854949
EAG_mcn             		 0.718009
EAG_mct             		 0.718009
EAG_mi              		 0.997287
EAG_mj              		 0.427934
EAG_nd              		 1.88637
EAG_ndi             		 0.862038
EAG_ndj             		 1.12419
EAG_ndn             		 0.790814
EAG_ndt             		 1.09555
EAG_ni              		 0.862038
EAG_nj              		 1.12419
EAG_nt              		 1.43767
EAG_ntc             		 1.07848
EAG_nti             		 0.18254
EAG_ntcg            		 0.147185
EAG_ntig            		 0.0294651
EAG_pex             		 0.861611
EAG_pht             		 0.861611
EAG_phttilde        		 0.861611
EAG_pi              		 0.926022
EAG_pcg             		 0.911568
EAG_pig             		 0.909831
EAG_pic             		 1.00496
EAG_pic4            		 1.02
EAG_piex4           		 1.02
EAG_piht            		 1.00496
EAG_piimc           		 1.00496
EAG_piimi           		 1.00496
EAG_piimcg          		 1.00496
EAG_piimig          		 1.00496
EAG_piimc4          		 1.02
EAG_pim             		 0.925517
EAG_pimc            		 0.925519
EAG_pimi            		 0.925515
EAG_pimcg           		 0.925521
EAG_pimig           		 0.925436
EAG_pint            		 1.00496
EAG_piw             		 1.00496
EAG_piw4            		 1.02
EAG_pnt             		 1.07701
EAG_pnttilde        		 1.07701
EAG_pttc            		 0.909751
EAG_ptti            		 0.878224
EAG_pttcg           		 0.872361
EAG_pttig           		 0.870237
EAG_py              		 0.941588
EAG_q               		 0.926022
EAG_qc              		 2.03498
EAG_qi              		 0.78744
EAG_qcg             		 0.799926
EAG_qig             		 0.160291
EAG_r               		 1.01242
EAG_reer            		 1.00135
EAG_rer             		 0.826445
EAG_rerdep          		 1
EAG_rk              		 0.0300189
EAG_rp              		 0
EAG_rr              		 1.00742
EAG_rrstar          		 1.00742
EAG_sh              		 1
EAG_si              		 1
EAG_sj              		 1
EAG_snt             		 1
EAG_t               		 0
EAG_tauc            		 0.183
EAG_taud            		 0
EAG_tauk            		 0
EAG_taun            		 0.122
EAG_tauwf           		 0.219
EAG_tauwh           		 0.118
EAG_tb              		 0.00674087
EAG_tby             		 0.00184887
EAG_ti              		 0
EAG_tj              		 0
EAG_tot             		 0.889301
EAG_tr              		 0.26818
EAG_tri             		 0.178787
EAG_trj             		 0.536361
EAG_try             		 0.073556
EAG_ttc             		 0.96009
EAG_tti             		 0.606439
EAG_ttcg            		 0.654163
EAG_ttig            		 0.131117
EAG_ty              		 0
EAG_u               		 1
EAG_utili           		 -75.1269
EAG_utilj           		 -225.365
EAG_vj              		 2.38
EAG_w               		 0.959445
EAG_wcst            		 0
EAG_whty            		 0.50112
EAG_wi              		 1.07575
EAG_witilde         		 1.07575
EAG_wj              		 0.785037
EAG_wjtilde         		 0.785037
EAG_wnty            		 0.490019
EAG_wy              		 0.496406
EAG_y               		 3.87211
EAG_ygap            		 0
EAG_ygrowth         		 1
EAG_ygrowth4        		 1
EAG_yhty            		 0.57531
EAG_ynty            		 0.42469
EAG_yshare          		 0.00224328
EAG_ysn             		 1.43767
EAG_yst             		 2.43444
EAG_zcon            		 1
EAG_zinv            		 1
EAG_zn              		 1
EAG_zt              		 1
EAG_gammav1         		 0.0287061
EAG_gammav2         		 0.150338
EAG_nutc            		 0.230463
EAG_nuti            		 0.722482
EAG_nutcg           		 0.818936
EAG_nutig           		 0.85409
EAG_psit            		 0.0471982
EAGEAA_rerbar       		 0.865735
EAGEAB_rerbar       		 0.886017
EAGEAC_rerbar       		 0.83687
EAGEAD_rerbar       		 1.11879
EAGEAE_rerbar       		 0.946001
EAGEAF_rerbar       		 1.04451
EAGEAH_rerbar       		 0.854549
EAGEAI_rerbar       		 1.1221
EAGEAJ_rerbar       		 0.92561
EAGEAK_rerbar       		 0.960287
EAGEAL_rerbar       		 1.85513
EAGRW_rerbar        		 0.985191
EAGUS_rerbar        		 0.826445
EAG_pibar           		 0.926022
EAG_psinbar         		 0.402548
EAG_psitbar         		 0.114901
EAG_pybar           		 0.941588
EAG_qbar            		 0.926022
EAG_trybar          		 0.073556
EAG_ybar            		 3.87211
EAG_ynbar           		 1.43767
EAG_ytbar           		 2.43444
EAHEAA_excy         		 0.00105543
EAHEAB_excy         		 0.000966269
EAHEAC_excy         		 0.00118645
EAHEAD_excy         		 0.00348464
EAHEAE_excy         		 0.000577194
EAHEAF_excy         		 0.00707914
EAHEAG_excy         		 0.000668475
EAHEAI_excy         		 0.00575008
EAHEAJ_excy         		 0.00200527
EAHEAK_excy         		 0.000660289
EAHEAL_excy         		 0.0233477
EAHRW_excy          		 0.119425
EAHUS_excy          		 0.0345634
EAHEAA_exiy         		 0.000432187
EAHEAB_exiy         		 0.000498896
EAHEAC_exiy         		 0.000583499
EAHEAD_exiy         		 0.00134128
EAHEAE_exiy         		 0.000282334
EAHEAF_exiy         		 0.00266999
EAHEAG_exiy         		 0.000138953
EAHEAI_exiy         		 0.00174958
EAHEAJ_exiy         		 0.000841307
EAHEAK_exiy         		 0.000187246
EAHEAL_exiy         		 0.00918169
EAHRW_exiy          		 0.0636595
EAHUS_exiy          		 0.0137909
EAH_fx              		 3.45914
EAHEAA_gammaimc     		 0
EAHEAB_gammaimc     		 0
EAHEAC_gammaimc     		 0
EAHEAD_gammaimc     		 0
EAHEAE_gammaimc     		 0
EAHEAF_gammaimc     		 0
EAHEAG_gammaimc     		 0
EAHEAI_gammaimc     		 0
EAHEAJ_gammaimc     		 0
EAHEAK_gammaimc     		 0
EAHEAL_gammaimc     		 0
EAHRW_gammaimc      		 0
EAHUS_gammaimc      		 0
EAHEAA_gammaimcdag  		 1
EAHEAB_gammaimcdag  		 1
EAHEAC_gammaimcdag  		 1
EAHEAD_gammaimcdag  		 1
EAHEAE_gammaimcdag  		 1
EAHEAF_gammaimcdag  		 1
EAHEAG_gammaimcdag  		 1
EAHEAI_gammaimcdag  		 1
EAHEAJ_gammaimcdag  		 1
EAHEAK_gammaimcdag  		 1
EAHEAL_gammaimcdag  		 1
EAHRW_gammaimcdag   		 1
EAHUS_gammaimcdag   		 1
EAHEAA_gammaimi     		 0
EAHEAB_gammaimi     		 0
EAHEAC_gammaimi     		 0
EAHEAD_gammaimi     		 0
EAHEAE_gammaimi     		 0
EAHEAF_gammaimi     		 0
EAHEAG_gammaimi     		 0
EAHEAI_gammaimi     		 0
EAHEAJ_gammaimi     		 0
EAHEAK_gammaimi     		 0
EAHEAL_gammaimi     		 0
EAHRW_gammaimi      		 0
EAHUS_gammaimi      		 0
EAHEAA_gammaimidag  		 1
EAHEAB_gammaimidag  		 1
EAHEAC_gammaimidag  		 1
EAHEAD_gammaimidag  		 1
EAHEAE_gammaimidag  		 1
EAHEAF_gammaimidag  		 1
EAHEAG_gammaimidag  		 1
EAHEAI_gammaimidag  		 1
EAHEAJ_gammaimidag  		 1
EAHEAK_gammaimidag  		 1
EAHEAL_gammaimidag  		 1
EAHRW_gammaimidag   		 1
EAHUS_gammaimidag   		 1
EAHEAA_gammaimcg    		 0
EAHEAB_gammaimcg    		 0
EAHEAC_gammaimcg    		 0
EAHEAD_gammaimcg    		 0
EAHEAE_gammaimcg    		 0
EAHEAF_gammaimcg    		 0
EAHEAG_gammaimcg    		 0
EAHEAI_gammaimcg    		 0
EAHEAJ_gammaimcg    		 0
EAHEAK_gammaimcg    		 0
EAHEAL_gammaimcg    		 0
EAHRW_gammaimcg     		 0
EAHUS_gammaimcg     		 0
EAHEAA_gammaimcgdag 		 1
EAHEAB_gammaimcgdag 		 1
EAHEAC_gammaimcgdag 		 1
EAHEAD_gammaimcgdag 		 1
EAHEAE_gammaimcgdag 		 1
EAHEAF_gammaimcgdag 		 1
EAHEAG_gammaimcgdag 		 1
EAHEAI_gammaimcgdag 		 1
EAHEAJ_gammaimcgdag 		 1
EAHEAK_gammaimcgdag 		 1
EAHEAL_gammaimcgdag 		 1
EAHRW_gammaimcgdag  		 1
EAHUS_gammaimcgdag  		 1
EAHEAA_gammaimig    		 0
EAHEAB_gammaimig    		 0
EAHEAC_gammaimig    		 0
EAHEAD_gammaimig    		 0
EAHEAE_gammaimig    		 0
EAHEAF_gammaimig    		 0
EAHEAG_gammaimig    		 0
EAHEAI_gammaimig    		 0
EAHEAJ_gammaimig    		 0
EAHEAK_gammaimig    		 0
EAHEAL_gammaimig    		 0
EAHRW_gammaimig     		 0
EAHUS_gammaimig     		 0
EAHEAA_gammaimigdag 		 1
EAHEAB_gammaimigdag 		 1
EAHEAC_gammaimigdag 		 1
EAHEAD_gammaimigdag 		 1
EAHEAE_gammaimigdag 		 1
EAHEAF_gammaimigdag 		 1
EAHEAG_gammaimigdag 		 1
EAHEAI_gammaimigdag 		 1
EAHEAJ_gammaimigdag 		 1
EAHEAK_gammaimigdag 		 1
EAHEAL_gammaimigdag 		 1
EAHRW_gammaimigdag  		 1
EAHUS_gammaimigdag  		 1
EAH_gx              		 4.15096
EAHEAA_im           		 0.00681801
EAHEAB_im           		 0.00636278
EAHEAC_im           		 0.00879237
EAHEAD_im           		 0.0150717
EAHEAE_im           		 0.00350169
EAHEAF_im           		 0.0330459
EAHEAG_im           		 0.00290422
EAHEAI_im           		 0.0226097
EAHEAJ_im           		 0.0118819
EAHEAK_im           		 0.00316837
EAHEAL_im           		 0.0202233
EAHRW_im            		 0.609394
EAHUS_im            		 0.282037
EAHEAA_imc          		 0.00307744
EAHEAB_imc          		 0.00287023
EAHEAC_imc          		 0.00396724
EAHEAD_imc          		 0.00680172
EAHEAE_imc          		 0.00158152
EAHEAF_imc          		 0.0149143
EAHEAG_imc          		 0.00131037
EAHEAI_imc          		 0.0102037
EAHEAJ_imc          		 0.00536249
EAHEAK_imc          		 0.00142828
EAHEAL_imc          		 0.00912606
EAHRW_imc           		 0.275005
EAHUS_imc           		 0.127275
EAHEAF_imcy         		 0.005053
EAHEAA_imi          		 0.00285507
EAHEAB_imi          		 0.00266656
EAHEAC_imi          		 0.00368267
EAHEAD_imi          		 0.00631318
EAHEAE_imi          		 0.00146637
EAHEAF_imi          		 0.0138459
EAHEAG_imi          		 0.00121587
EAHEAI_imi          		 0.00947144
EAHEAJ_imi          		 0.0049792
EAHEAK_imi          		 0.0013277
EAHEAL_imi          		 0.00847127
EAHRW_imi           		 0.255291
EAHUS_imi           		 0.118155
EAHEAF_imiy         		 0.004691
EAHEAA_imcg         		 0.000567837
EAHEAB_imcg         		 0.000528032
EAHEAC_imcg         		 0.000732349
EAHEAD_imcg         		 0.00125508
EAHEAE_imcg         		 0.000291243
EAHEAF_imcg         		 0.00274792
EAHEAG_imcg         		 0.000242544
EAHEAI_imcg         		 0.00188302
EAHEAJ_imcg         		 0.000988105
EAHEAK_imcg         		 0.000264869
EAHEAL_imcg         		 0.00168414
EAHRW_imcg          		 0.0507332
EAHUS_imcg          		 0.02348
EAHEAF_imcgy        		 0.000931
EAHEAA_imig         		 0.000317671
EAHEAB_imig         		 0.000297961
EAHEAC_imig         		 0.000410115
EAHEAD_imig         		 0.000701765
EAHEAE_imig         		 0.000162554
EAHEAF_imig         		 0.00153777
EAHEAG_imig         		 0.000135446
EAHEAI_imig         		 0.00105149
EAHEAJ_imig         		 0.000552073
EAHEAK_imig         		 0.000147522
EAHEAL_imig         		 0.00094186
EAHRW_imig          		 0.0283649
EAHUS_imig          		 0.0131267
EAHEAF_imigy        		 0.000521
EAH_piex            		 1.00496
EAH_pextilde        		 0.812767
EAHEAA_rer          		 1.01309
EAHEAB_rer          		 1.03682
EAHEAC_rer          		 0.979312
EAHEAD_rer          		 1.30922
EAHEAE_rer          		 1.10702
EAHEAF_rer          		 1.22229
EAHEAG_rer          		 1.17021
EAHEAI_rer          		 1.31309
EAHEAJ_rer          		 1.08316
EAHEAK_rer          		 1.12374
EAHEAL_rer          		 2.17088
EAHRW_rer           		 1.15288
EAHUS_rer           		 0.967113
EAH_sx              		 1
EAHEAA_tot          		 0.984056
EAHEAB_tot          		 1.03604
EAHEAC_tot          		 0.933744
EAHEAD_tot          		 1.44774
EAHEAE_tot          		 1.15385
EAHEAF_tot          		 1.32389
EAHEAG_tot          		 1.24053
EAHEAI_tot          		 1.45676
EAHEAJ_tot          		 1.11125
EAHEAK_tot          		 1.16548
EAHEAL_tot          		 2.85852
EAHRW_tot           		 1.28696
EAHUS_tot           		 1.10321
EAHEAA_weight       		 0.00499241
EAHEAB_weight       		 0.00493066
EAHEAC_weight       		 0.00606164
EAHEAD_weight       		 0.0168343
EAHEAE_weight       		 0.00305924
EAHEAF_weight       		 0.0335224
EAHEAG_weight       		 0.00274685
EAHEAI_weight       		 0.0254262
EAHEAJ_weight       		 0.00996353
EAHEAK_weight       		 0.00280144
EAHEAL_weight       		 0.076496
EAHRW_weight        		 0.608502
EAHUS_weight        		 0.204664
EAHEAA_weightex     		 0.00481594
EAHEAB_weightex     		 0.00478262
EAHEAC_weightex     		 0.00579868
EAHEAD_weightex     		 0.0168551
EAHEAE_weightex     		 0.00300544
EAHEAF_weightex     		 0.033335
EAHEAG_weightex     		 0.00271774
EAHEAI_weightex     		 0.0254726
EAHEAJ_weightex     		 0.00975413
EAHEAK_weightex     		 0.00275775
EAHEAL_weightex     		 0.108271
EAHRW_weightex      		 0.612665
EAHUS_weightex      		 0.169769
EAHEAA_weightim     		 0.00516985
EAHEAB_weightim     		 0.00507952
EAHEAC_weightim     		 0.00632606
EAHEAD_weightim     		 0.0168133
EAHEAE_weightim     		 0.00311335
EAHEAF_weightim     		 0.0337109
EAHEAG_weightim     		 0.00277612
EAHEAI_weightim     		 0.0253795
EAHEAJ_weightim     		 0.0101741
EAHEAK_weightim     		 0.00284537
EAHEAL_weightim     		 0.0445444
EAHRW_weightim      		 0.604315
EAHUS_weightim      		 0.239752
EAH_b               		 7.62228
EAH_bf              		 -0.495037
EAH_by              		 2.4
EAH_c               		 1.77248
EAH_ci              		 2.06758
EAH_cj              		 0.887193
EAH_cy              		 0.558095
EAH_d               		 0.430484
EAH_dn              		 0.190722
EAH_dt              		 0.239761
EAH_etot            		 1.32492
EAH_ex              		 1.305
EAH_fh              		 7.826
EAH_fi              		 1.07774
EAH_fj              		 0.0399161
EAH_fn              		 9.99062
EAH_cg              		 0.711359
EAH_gammab          		 0
EAH_gammai          		 0
EAH_gammaider       		 0
EAH_gammau          		 0
EAH_gammauder       		 0.0324171
EAH_gammav          		 0.000179052
EAH_gammavi         		 0.000101018
EAH_gammavider      		 0.00216519
EAH_gammavj         		 0.000101018
EAH_gammavjder      		 0.00216519
EAH_gh              		 9.3912
EAH_gi              		 2.62547
EAH_gj              		 2.03952
EAH_gn              		 14.9859
EAH_cgy             		 0.2
EAH_ht              		 1.00263
EAH_htc             		 0.386269
EAH_hti             		 0.0458331
EAH_htcg            		 0.506751
EAH_htig            		 0.0637807
EAH_i               		 0.603834
EAH_ig              		 0.131972
EAH_ii              		 0.805112
EAH_im              		 0.973186
EAH_imc             		 0.439176
EAH_imi             		 0.407696
EAH_imcg            		 0.0810164
EAH_imig            		 0.0452972
EAH_imy             		 0.332118
EAH_internalrer     		 1.03599
EAH_igy             		 0.04
EAH_k               		 24.1534
EAH_kd              		 24.1534
EAH_kdn             		 9.76226
EAH_kdt             		 14.3911
EAH_ki              		 32.2045
EAH_lambdai         		 1.35677
EAH_lambdaj         		 3.16192
EAH_lcy             		 0.605119
EAH_m               		 0.74474
EAH_mcn             		 0.677306
EAH_mct             		 0.677306
EAH_mi              		 0.86873
EAH_mj              		 0.37277
EAH_nd              		 1.88637
EAH_ndi             		 0.862038
EAH_ndj             		 1.12419
EAH_ndn             		 0.762428
EAH_ndt             		 1.12394
EAH_ni              		 0.862038
EAH_nj              		 1.12419
EAH_nt              		 1.27995
EAH_ntc             		 0.967275
EAH_nti             		 0.153608
EAH_ntcg            		 0.133379
EAH_ntig            		 0.0256922
EAH_pex             		 0.812767
EAH_pht             		 0.812767
EAH_phttilde        		 0.812767
EAH_pi              		 1.05193
EAH_pcg             		 0.892924
EAH_pig             		 0.96261
EAH_pic             		 1.00496
EAH_pic4            		 1.02
EAH_piex4           		 1.02
EAH_piht            		 1.00496
EAH_piimc           		 1.00496
EAH_piimi           		 1.00496
EAH_piimcg          		 1.00496
EAH_piimig          		 1.00496
EAH_piimc4          		 1.02
EAH_pim             		 1.08385
EAH_pimc            		 1.08385
EAH_pimi            		 1.08384
EAH_pimcg           		 1.08388
EAH_pimig           		 1.08389
EAH_pint            		 1.00496
EAH_piw             		 1.00496
EAH_piw4            		 1.02
EAH_pnt             		 1.01596
EAH_pnttilde        		 1.01596
EAH_pttc            		 0.980667
EAH_ptti            		 1.06406
EAH_pttcg           		 0.863406
EAH_pttig           		 0.949497
EAH_py              		 0.88526
EAH_q               		 1.05193
EAH_qc              		 1.77266
EAH_qi              		 0.603834
EAH_qcg             		 0.711359
EAH_qig             		 0.131972
EAH_r               		 1.01242
EAH_reer            		 1.17256
EAH_rer             		 0.967113
EAH_rerdep          		 1
EAH_rk              		 0.0341004
EAH_rp              		 0
EAH_rr              		 1.00742
EAH_rrstar          		 1.00742
EAH_sh              		 1
EAH_si              		 1
EAH_sj              		 1
EAH_snt             		 1
EAH_t               		 0
EAH_tauc            		 0.183
EAH_taud            		 0
EAH_tauk            		 0
EAH_taun            		 0.122
EAH_tauwf           		 0.219
EAH_tauwh           		 0.118
EAH_tb              		 0.00587192
EAH_tby             		 0.00184887
EAH_ti              		 0
EAH_tj              		 0
EAH_tot             		 1.10321
EAH_tr              		 0.23361
EAH_tri             		 0.15574
EAH_trj             		 0.46722
EAH_try             		 0.073556
EAH_ttc             		 0.805522
EAH_tti             		 0.450287
EAH_ttcg            		 0.578734
EAH_ttig            		 0.106305
EAH_ty              		 0
EAH_u               		 1
EAH_utili           		 -93.8715
EAH_utilj           		 -244.109
EAH_vj              		 2.38
EAH_w               		 0.835766
EAH_wcst            		 0
EAH_whty            		 0.500834
EAH_wi              		 0.937077
EAH_witilde         		 0.937077
EAH_wj              		 0.68384
EAH_wjtilde         		 0.68384
EAH_wnty            		 0.490019
EAH_wy              		 0.496406
EAH_y               		 3.58759
EAH_ygap            		 0
EAH_ygrowth         		 1
EAH_ygrowth4        		 1
EAH_yhty            		 0.590554
EAH_ynty            		 0.409446
EAH_yshare          		 0.00238935
EAH_ysn             		 1.27995
EAH_yst             		 2.30763
EAH_zcon            		 1
EAH_zinv            		 1
EAH_zn              		 1
EAH_zt              		 1
EAH_gammav1         		 0.0287061
EAH_gammav2         		 0.150338
EAH_nutc            		 0.299864
EAH_nuti            		 0.051903
EAH_nutcg           		 0.752824
EAH_nutig           		 0.406741
EAH_psit            		 0.0466016
EAHEAA_rerbar       		 1.01309
EAHEAB_rerbar       		 1.03682
EAHEAC_rerbar       		 0.979312
EAHEAD_rerbar       		 1.30922
EAHEAE_rerbar       		 1.10702
EAHEAF_rerbar       		 1.22229
EAHEAG_rerbar       		 1.17021
EAHEAI_rerbar       		 1.31309
EAHEAJ_rerbar       		 1.08316
EAHEAK_rerbar       		 1.12374
EAHEAL_rerbar       		 2.17088
EAHRW_rerbar        		 1.15288
EAHUS_rerbar        		 0.967113
EAH_pibar           		 1.05193
EAH_psinbar         		 0.358387
EAH_psitbar         		 0.107534
EAH_pybar           		 0.88526
EAH_qbar            		 1.05193
EAH_trybar          		 0.073556
EAH_ybar            		 3.58759
EAH_ynbar           		 1.27995
EAH_ytbar           		 2.30763
EAIEAA_excy         		 0.000659501
EAIEAB_excy         		 0.000604423
EAIEAC_excy         		 0.00074212
EAIEAD_excy         		 0.00217788
EAIEAE_excy         		 0.000360991
EAIEAF_excy         		 0.00442912
EAIEAG_excy         		 0.000417889
EAIEAH_excy         		 0.000371795
EAIEAJ_excy         		 0.00125375
EAIEAK_excy         		 0.000412955
EAIEAL_excy         		 0.0145855
EAIRW_excy          		 0.0746135
EAIUS_excy          		 0.0216252
EAIEAA_exiy         		 0.000270188
EAIEAB_exiy         		 0.00031199
EAIEAC_exiy         		 0.000364845
EAIEAD_exiy         		 0.000840583
EAIEAE_exiy         		 0.000176587
EAIEAF_exiy         		 0.0016675
EAIEAG_exiy         		 8.7175e-05
EAIEAH_exiy         		 0.000345112
EAIEAJ_exiy         		 0.000526079
EAIEAK_exiy         		 0.000117337
EAIEAL_exiy         		 0.00573603
EAIRW_exiy          		 0.0398204
EAIUS_exiy          		 0.00860965
EAI_fx              		 2.57885
EAIEAA_gammaimc     		 0
EAIEAB_gammaimc     		 0
EAIEAC_gammaimc     		 0
EAIEAD_gammaimc     		 0
EAIEAE_gammaimc     		 0
EAIEAF_gammaimc     		 0
EAIEAG_gammaimc     		 0
EAIEAH_gammaimc     		 0
EAIEAJ_gammaimc     		 0
EAIEAK_gammaimc     		 0
EAIEAL_gammaimc     		 0
EAIRW_gammaimc      		 0
EAIUS_gammaimc      		 0
EAIEAA_gammaimcdag  		 1
EAIEAB_gammaimcdag  		 1
EAIEAC_gammaimcdag  		 1
EAIEAD_gammaimcdag  		 1
EAIEAE_gammaimcdag  		 1
EAIEAF_gammaimcdag  		 1
EAIEAG_gammaimcdag  		 1
EAIEAH_gammaimcdag  		 1
EAIEAJ_gammaimcdag  		 1
EAIEAK_gammaimcdag  		 1
EAIEAL_gammaimcdag  		 1
EAIRW_gammaimcdag   		 1
EAIUS_gammaimcdag   		 1
EAIEAA_gammaimi     		 0
EAIEAB_gammaimi     		 0
EAIEAC_gammaimi     		 0
EAIEAD_gammaimi     		 0
EAIEAE_gammaimi     		 0
EAIEAF_gammaimi     		 0
EAIEAG_gammaimi     		 0
EAIEAH_gammaimi     		 0
EAIEAJ_gammaimi     		 0
EAIEAK_gammaimi     		 0
EAIEAL_gammaimi     		 0
EAIRW_gammaimi      		 0
EAIUS_gammaimi      		 0
EAIEAA_gammaimidag  		 1
EAIEAB_gammaimidag  		 1
EAIEAC_gammaimidag  		 1
EAIEAD_gammaimidag  		 1
EAIEAE_gammaimidag  		 1
EAIEAF_gammaimidag  		 1
EAIEAG_gammaimidag  		 1
EAIEAH_gammaimidag  		 1
EAIEAJ_gammaimidag  		 1
EAIEAK_gammaimidag  		 1
EAIEAL_gammaimidag  		 1
EAIRW_gammaimidag   		 1
EAIUS_gammaimidag   		 1
EAIEAA_gammaimcg    		 0
EAIEAB_gammaimcg    		 0
EAIEAC_gammaimcg    		 0
EAIEAD_gammaimcg    		 0
EAIEAE_gammaimcg    		 0
EAIEAF_gammaimcg    		 0
EAIEAG_gammaimcg    		 0
EAIEAH_gammaimcg    		 0
EAIEAJ_gammaimcg    		 0
EAIEAK_gammaimcg    		 0
EAIEAL_gammaimcg    		 0
EAIRW_gammaimcg     		 0
EAIUS_gammaimcg     		 0
EAIEAA_gammaimcgdag 		 1
EAIEAB_gammaimcgdag 		 1
EAIEAC_gammaimcgdag 		 1
EAIEAD_gammaimcgdag 		 1
EAIEAE_gammaimcgdag 		 1
EAIEAF_gammaimcgdag 		 1
EAIEAG_gammaimcgdag 		 1
EAIEAH_gammaimcgdag 		 1
EAIEAJ_gammaimcgdag 		 1
EAIEAK_gammaimcgdag 		 1
EAIEAL_gammaimcgdag 		 1
EAIRW_gammaimcgdag  		 1
EAIUS_gammaimcgdag  		 1
EAIEAA_gammaimig    		 0
EAIEAB_gammaimig    		 0
EAIEAC_gammaimig    		 0
EAIEAD_gammaimig    		 0
EAIEAE_gammaimig    		 0
EAIEAF_gammaimig    		 0
EAIEAG_gammaimig    		 0
EAIEAH_gammaimig    		 0
EAIEAJ_gammaimig    		 0
EAIEAK_gammaimig    		 0
EAIEAL_gammaimig    		 0
EAIRW_gammaimig     		 0
EAIUS_gammaimig     		 0
EAIEAA_gammaimigdag 		 1
EAIEAB_gammaimigdag 		 1
EAIEAC_gammaimigdag 		 1
EAIEAD_gammaimigdag 		 1
EAIEAE_gammaimigdag 		 1
EAIEAF_gammaimigdag 		 1
EAIEAG_gammaimigdag 		 1
EAIEAH_gammaimigdag 		 1
EAIEAJ_gammaimigdag 		 1
EAIEAK_gammaimigdag 		 1
EAIEAL_gammaimigdag 		 1
EAIRW_gammaimigdag  		 1
EAIUS_gammaimigdag  		 1
EAI_gx              		 3.09462
EAIEAA_im           		 0.00679646
EAIEAB_im           		 0.00634083
EAIEAC_im           		 0.00876256
EAIEAD_im           		 0.0150248
EAIEAE_im           		 0.00348862
EAIEAF_im           		 0.0329503
EAIEAG_im           		 0.00288712
EAIEAH_im           		 0.00513171
EAIEAJ_im           		 0.0118515
EAIEAK_im           		 0.00316423
EAIEAL_im           		 0.0201565
EAIRW_im            		 0.607459
EAIUS_im            		 0.281137
EAIEAA_imc          		 0.00464954
EAIEAB_imc          		 0.00433783
EAIEAC_imc          		 0.00599121
EAIEAD_imc          		 0.0102756
EAIEAE_imc          		 0.00238895
EAIEAF_imc          		 0.022535
EAIEAG_imc          		 0.00197513
EAIEAH_imc          		 0.00351282
EAIEAJ_imc          		 0.00810536
EAIEAK_imc          		 0.00216133
EAIEAL_imc          		 0.0137868
EAIRW_imc           		 0.415483
EAIUS_imc           		 0.192292
EAIEAG_imcy         		 0.000392
EAIEAA_imi          		 0.00141646
EAIEAB_imi          		 0.00132126
EAIEAC_imi          		 0.00182749
EAIEAD_imi          		 0.00313017
EAIEAE_imi          		 0.000725893
EAIEAF_imi          		 0.00686484
EAIEAG_imi          		 0.000604633
EAIEAH_imi          		 0.00106885
EAIEAJ_imi          		 0.00246929
EAIEAK_imi          		 0.000659661
EAIEAL_imi          		 0.00420055
EAIRW_imi           		 0.126589
EAIUS_imi           		 0.0585845
EAIEAG_imiy         		 0.00012
EAIEAA_imcg         		 0.000571665
EAIEAB_imcg         		 0.00053695
EAIEAC_imcg         		 0.000743044
EAIEAD_imcg         		 0.00126934
EAIEAE_imcg         		 0.000292524
EAIEAF_imcg         		 0.00278559
EAIEAG_imcg         		 0.000241853
EAIEAH_imcg         		 0.000431289
EAIEAJ_imcg         		 0.00100122
EAIEAK_imcg         		 0.000268155
EAIEAL_imcg         		 0.0017034
EAIRW_imcg          		 0.0513222
EAIUS_imcg          		 0.0237511
EAIEAG_imcgy        		 4.8e-05
EAIEAA_imig         		 0.000158796
EAIEAB_imig         		 0.000144795
EAIEAC_imig         		 0.000200823
EAIEAD_imig         		 0.000349715
EAIEAE_imig         		 8.12567e-05
EAIEAF_imig         		 0.000764858
EAIEAG_imig         		 6.55019e-05
EAIEAH_imig         		 0.000118761
EAIEAJ_imig         		 0.000275616
EAIEAK_imig         		 7.50834e-05
EAIEAL_imig         		 0.000465756
EAIRW_imig          		 0.0140654
EAIUS_imig          		 0.00651001
EAIEAG_imigy        		 1.3e-05
EAI_piex            		 1.00496
EAI_pextilde        		 0.901695
EAIEAA_rer          		 0.771529
EAIEAB_rer          		 0.789604
EAIEAC_rer          		 0.745805
EAIEAD_rer          		 0.997047
EAIEAE_rer          		 0.843061
EAIEAF_rer          		 0.930848
EAIEAG_rer          		 0.891184
EAIEAH_rer          		 0.76156
EAIEAJ_rer          		 0.824889
EAIEAK_rer          		 0.855793
EAIEAL_rer          		 1.65326
EAIRW_rer           		 0.877986
EAIUS_rer           		 0.736515
EAI_sx              		 1
EAIEAA_tot          		 0.675508
EAIEAB_tot          		 0.711191
EAIEAC_tot          		 0.640971
EAIEAD_tot          		 0.993802
EAIEAE_tot          		 0.792066
EAIEAF_tot          		 0.908791
EAIEAG_tot          		 0.851568
EAIEAH_tot          		 0.686453
EAIEAJ_tot          		 0.762819
EAIEAK_tot          		 0.800044
EAIEAL_tot          		 1.96224
EAIRW_tot           		 0.883438
EAIUS_tot           		 0.757299
EAIEAA_weight       		 0.00510407
EAIEAB_weight       		 0.00504141
EAIEAC_weight       		 0.0061989
EAIEAD_weight       		 0.0172107
EAIEAE_weight       		 0.00312571
EAIEAF_weight       		 0.0342695
EAIEAG_weight       		 0.00280345
EAIEAH_weight       		 0.00391291
EAIEAJ_weight       		 0.0101841
EAIEAK_weight       		 0.00286692
EAIEAL_weight       		 0.0783391
EAIRW_weight        		 0.622015
EAIUS_weight        		 0.208928
EAIEAA_weightex     		 0.00492673
EAIEAB_weightex     		 0.00489492
EAIEAC_weightex     		 0.00593711
EAIEAD_weightex     		 0.017239
EAIEAE_weightex     		 0.0030722
EAIEAF_weightex     		 0.0340825
EAIEAG_weightex     		 0.002778
EAIEAH_weightex     		 0.00377346
EAIEAJ_weightex     		 0.00996705
EAIEAK_weightex     		 0.00282117
EAIEAL_weightex     		 0.110868
EAIRW_weightex      		 0.626452
EAIUS_weightex      		 0.173188
EAIEAA_weightim     		 0.00528304
EAIEAB_weightim     		 0.00518923
EAIEAC_weightim     		 0.00646308
EAIEAD_weightim     		 0.0171822
EAIEAE_weightim     		 0.0031797
EAIEAF_weightim     		 0.0344582
EAIEAG_weightim     		 0.00282914
EAIEAH_weightim     		 0.00405362
EAIEAJ_weightim     		 0.0104031
EAIEAK_weightim     		 0.00291308
EAIEAL_weightim     		 0.0455131
EAIRW_weightim      		 0.617538
EAIUS_weightim      		 0.244995
EAI_b               		 9.2854
EAI_bf              		 -0.791861
EAI_by              		 2.4
EAI_c               		 2.15922
EAI_ci              		 2.51871
EAI_cj              		 1.08077
EAI_cy              		 0.558095
EAI_d               		 0.524412
EAI_dn              		 0.2459
EAI_dt              		 0.278512
EAI_etot            		 0.906401
EAI_ex              		 0.876953
EAI_fh              		 13.4602
EAI_fi              		 13.9946
EAI_fj              		 0.518317
EAI_fn              		 12.881
EAI_cg              		 0.825094
EAI_gammab          		 0
EAI_gammai          		 0
EAI_gammaider       		 0
EAI_gammau          		 0
EAI_gammauder       		 0.0324171
EAI_gammav          		 0.00021812
EAI_gammavi         		 0.000101018
EAI_gammavider      		 0.00216519
EAI_gammavj         		 0.000101018
EAI_gammavjder      		 0.00216519
EAI_gh              		 16.1522
EAI_gi              		 5.06571
EAI_gj              		 3.93516
EAI_gn              		 19.3215
EAI_cgy             		 0.2
EAI_ht              		 1.55438
EAI_htc             		 0.402091
EAI_hti             		 0.441903
EAI_htcg            		 0.596569
EAI_htig            		 0.113822
EAI_i               		 0.824753
EAI_ig              		 0.165479
EAI_ii              		 1.09967
EAI_im              		 0.952573
EAI_imc             		 0.651532
EAI_imi             		 0.198505
EAI_imcg            		 0.0804754
EAI_imig            		 0.0220609
EAI_imy             		 0.202535
EAI_internalrer     		 1.31833
EAI_igy             		 0.04
EAI_k               		 32.9901
EAI_kd              		 32.9901
EAI_kdn             		 14.1123
EAI_kdt             		 18.8778
EAI_ki              		 43.9868
EAI_lambdai         		 1.11376
EAI_lambdaj         		 2.59559
EAI_lcy             		 0.605119
EAI_m               		 0.907236
EAI_mcn             		 0.751413
EAI_mct             		 0.751413
EAI_mi              		 1.05828
EAI_mj              		 0.454106
EAI_nd              		 1.88637
EAI_ndi             		 0.862038
EAI_ndj             		 1.12419
EAI_ndn             		 0.806937
EAI_ndt             		 1.07943
EAI_ni              		 0.862038
EAI_nj              		 1.12419
EAI_nt              		 1.4875
EAI_ntc             		 1.11871
EAI_nti             		 0.188116
EAI_ntcg            		 0.150524
EAI_ntig            		 0.0301468
EAI_pex             		 0.901695
EAI_pht             		 0.901695
EAI_phttilde        		 0.901695
EAI_pi              		 0.9382
EAI_pcg             		 0.937812
EAI_pig             		 0.935207
EAI_pic             		 1.00496
EAI_pic4            		 1.02
EAI_piex4           		 1.02
EAI_piht            		 1.00496
EAI_piimc           		 1.00496
EAI_piimi           		 1.00496
EAI_piimcg          		 1.00496
EAI_piimig          		 1.00496
EAI_piimc4          		 1.02
EAI_pim             		 0.822605
EAI_pimc            		 0.822605
EAI_pimi            		 0.822606
EAI_pimcg           		 0.822624
EAI_pimig           		 0.822505
EAI_pint            		 1.00496
EAI_piw             		 1.00496
EAI_piw4            		 1.02
EAI_pnt             		 1.12712
EAI_pnttilde        		 1.12712
EAI_pttc            		 0.854958
EAI_ptti            		 0.879075
EAI_pttcg           		 0.893203
EAI_pttig           		 0.890025
EAI_py              		 0.987261
EAI_q               		 0.9382
EAI_qc              		 2.15944
EAI_qi              		 0.824753
EAI_qcg             		 0.825094
EAI_qig             		 0.165479
EAI_r               		 1.01242
EAI_reer            		 0.889924
EAI_rer             		 0.736515
EAI_rerdep          		 1
EAI_rk              		 0.0304137
EAI_rp              		 0
EAI_rr              		 1.00742
EAI_rrstar          		 1.00742
EAI_sh              		 1
EAI_si              		 1
EAI_sj              		 1
EAI_snt             		 1
EAI_t               		 0
EAI_tauc            		 0.183
EAI_taud            		 0
EAI_tauk            		 0
EAI_taun            		 0.122
EAI_tauwf           		 0.219
EAI_tauwh           		 0.118
EAI_tb              		 0.00715313
EAI_tby             		 0.00184887
EAI_ti              		 0
EAI_tj              		 0
EAI_tot             		 0.757299
EAI_tr              		 0.284582
EAI_tri             		 0.189721
EAI_trj             		 0.569164
EAI_try             		 0.073556
EAI_ttc             		 1.05095
EAI_tti             		 0.639028
EAI_ttcg            		 0.676357
EAI_ttig            		 0.135701
EAI_ty              		 0
EAI_u               		 1
EAI_utili           		 -67.0642
EAI_utilj           		 -217.302
EAI_vj              		 2.38
EAI_w               		 1.01812
EAI_wcst            		 0
EAI_whty            		 0.50129
EAI_wi              		 1.14154
EAI_witilde         		 1.14154
EAI_wj              		 0.833049
EAI_wjtilde         		 0.833049
EAI_wnty            		 0.490019
EAI_wy              		 0.496406
EAI_y               		 3.91884
EAI_ygap            		 0
EAI_ygrowth         		 1
EAI_ygrowth4        		 1
EAI_yhty            		 0.566651
EAI_ynty            		 0.433349
EAI_yshare          		 0.0244465
EAI_ysn             		 1.4875
EAI_yst             		 2.43134
EAI_zcon            		 1
EAI_zinv            		 1
EAI_zn              		 1
EAI_zt              		 1
EAI_gammav1         		 0.0287061
EAI_gammav2         		 0.150338
EAI_nutc            		 0.437049
EAI_nuti            		 0.736872
EAI_nutcg           		 0.903147
EAI_nutig           		 0.866531
EAI_psit            		 0.0475547
EAIEAA_rerbar       		 0.771529
EAIEAB_rerbar       		 0.789604
EAIEAC_rerbar       		 0.745805
EAIEAD_rerbar       		 0.997047
EAIEAE_rerbar       		 0.843061
EAIEAF_rerbar       		 0.930848
EAIEAG_rerbar       		 0.891184
EAIEAH_rerbar       		 0.76156
EAIEAJ_rerbar       		 0.824889
EAIEAK_rerbar       		 0.855793
EAIEAL_rerbar       		 1.65326
EAIRW_rerbar        		 0.877986
EAIUS_rerbar        		 0.736515
EAI_pibar           		 0.9382
EAI_psinbar         		 0.4165
EAI_psitbar         		 0.115617
EAI_pybar           		 0.987261
EAI_qbar            		 0.9382
EAI_trybar          		 0.073556
EAI_ybar            		 3.91884
EAI_ynbar           		 1.4875
EAI_ytbar           		 2.43134
EAJEAA_excy         		 0.000897528
EAJEAB_excy         		 0.000822237
EAJEAC_excy         		 0.00100969
EAJEAD_excy         		 0.00296164
EAJEAE_excy         		 0.000491155
EAJEAF_excy         		 0.00602343
EAJEAG_excy         		 0.000568533
EAJEAH_excy         		 0.000505731
EAJEAI_excy         		 0.00488935
EAJEAK_excy         		 0.000561834
EAJEAL_excy         		 0.0198477
EAJRW_excy          		 0.101503
EAJUS_excy          		 0.0294414
EAJEAA_exiy         		 0.000367488
EAJEAB_exiy         		 0.000424527
EAJEAC_exiy         		 0.000496164
EAJEAD_exiy         		 0.00114442
EAJEAE_exiy         		 0.000240305
EAJEAF_exiy         		 0.0022664
EAJEAG_exiy         		 0.000118626
EAJEAH_exiy         		 0.000469584
EAJEAI_exiy         		 0.00148954
EAJEAK_exiy         		 0.000159548
EAJEAL_exiy         		 0.0078173
EAJRW_exiy          		 0.0542135
EAJUS_exiy          		 0.0117194
EAJ_fx              		 3.17476
EAJEAA_gammaimc     		 0
EAJEAB_gammaimc     		 0
EAJEAC_gammaimc     		 0
EAJEAD_gammaimc     		 0
EAJEAE_gammaimc     		 0
EAJEAF_gammaimc     		 0
EAJEAG_gammaimc     		 0
EAJEAH_gammaimc     		 0
EAJEAI_gammaimc     		 0
EAJEAK_gammaimc     		 0
EAJEAL_gammaimc     		 0
EAJRW_gammaimc      		 0
EAJUS_gammaimc      		 0
EAJEAA_gammaimcdag  		 1
EAJEAB_gammaimcdag  		 1
EAJEAC_gammaimcdag  		 1
EAJEAD_gammaimcdag  		 1
EAJEAE_gammaimcdag  		 1
EAJEAF_gammaimcdag  		 1
EAJEAG_gammaimcdag  		 1
EAJEAH_gammaimcdag  		 1
EAJEAI_gammaimcdag  		 1
EAJEAK_gammaimcdag  		 1
EAJEAL_gammaimcdag  		 1
EAJRW_gammaimcdag   		 1
EAJUS_gammaimcdag   		 1
EAJEAA_gammaimi     		 0
EAJEAB_gammaimi     		 0
EAJEAC_gammaimi     		 0
EAJEAD_gammaimi     		 0
EAJEAE_gammaimi     		 0
EAJEAF_gammaimi     		 0
EAJEAG_gammaimi     		 0
EAJEAH_gammaimi     		 0
EAJEAI_gammaimi     		 0
EAJEAK_gammaimi     		 0
EAJEAL_gammaimi     		 0
EAJRW_gammaimi      		 0
EAJUS_gammaimi      		 0
EAJEAA_gammaimidag  		 1
EAJEAB_gammaimidag  		 1
EAJEAC_gammaimidag  		 1
EAJEAD_gammaimidag  		 1
EAJEAE_gammaimidag  		 1
EAJEAF_gammaimidag  		 1
EAJEAG_gammaimidag  		 1
EAJEAH_gammaimidag  		 1
EAJEAI_gammaimidag  		 1
EAJEAK_gammaimidag  		 1
EAJEAL_gammaimidag  		 1
EAJRW_gammaimidag   		 1
EAJUS_gammaimidag   		 1
EAJEAA_gammaimcg    		 0
EAJEAB_gammaimcg    		 0
EAJEAC_gammaimcg    		 0
EAJEAD_gammaimcg    		 0
EAJEAE_gammaimcg    		 0
EAJEAF_gammaimcg    		 0
EAJEAG_gammaimcg    		 0
EAJEAH_gammaimcg    		 0
EAJEAI_gammaimcg    		 0
EAJEAK_gammaimcg    		 0
EAJEAL_gammaimcg    		 0
EAJRW_gammaimcg     		 0
EAJUS_gammaimcg     		 0
EAJEAA_gammaimcgdag 		 1
EAJEAB_gammaimcgdag 		 1
EAJEAC_gammaimcgdag 		 1
EAJEAD_gammaimcgdag 		 1
EAJEAE_gammaimcgdag 		 1
EAJEAF_gammaimcgdag 		 1
EAJEAG_gammaimcgdag 		 1
EAJEAH_gammaimcgdag 		 1
EAJEAI_gammaimcgdag 		 1
EAJEAK_gammaimcgdag 		 1
EAJEAL_gammaimcgdag 		 1
EAJRW_gammaimcgdag  		 1
EAJUS_gammaimcgdag  		 1
EAJEAA_gammaimig    		 0
EAJEAB_gammaimig    		 0
EAJEAC_gammaimig    		 0
EAJEAD_gammaimig    		 0
EAJEAE_gammaimig    		 0
EAJEAF_gammaimig    		 0
EAJEAG_gammaimig    		 0
EAJEAH_gammaimig    		 0
EAJEAI_gammaimig    		 0
EAJEAK_gammaimig    		 0
EAJEAL_gammaimig    		 0
EAJRW_gammaimig     		 0
EAJUS_gammaimig     		 0
EAJEAA_gammaimigdag 		 1
EAJEAB_gammaimigdag 		 1
EAJEAC_gammaimigdag 		 1
EAJEAD_gammaimigdag 		 1
EAJEAE_gammaimigdag 		 1
EAJEAF_gammaimigdag 		 1
EAJEAG_gammaimigdag 		 1
EAJEAH_gammaimigdag 		 1
EAJEAI_gammaimigdag 		 1
EAJEAK_gammaimigdag 		 1
EAJEAL_gammaimigdag 		 1
EAJRW_gammaimigdag  		 1
EAJUS_gammaimigdag  		 1
EAJ_gx              		 3.80971
EAJEAA_im           		 0.00681618
EAJEAB_im           		 0.00635446
EAJEAC_im           		 0.00878251
EAJEAD_im           		 0.0150576
EAJEAE_im           		 0.00349982
EAJEAF_im           		 0.0330329
EAJEAG_im           		 0.00289976
EAJEAH_im           		 0.00515008
EAJEAI_im           		 0.0225899
EAJEAK_im           		 0.00316534
EAJEAL_im           		 0.0202088
EAJRW_im            		 0.60897
EAJUS_im            		 0.281837
EAJEAA_imc          		 0.00404769
EAJEAB_imc          		 0.00377366
EAJEAC_imc          		 0.00521538
EAJEAD_imc          		 0.00894252
EAJEAE_imc          		 0.00207839
EAJEAF_imc          		 0.0196136
EAJEAG_imc          		 0.00172208
EAJEAH_imc          		 0.00305513
EAJEAI_imc          		 0.0134158
EAJEAK_imc          		 0.00188028
EAJEAL_imc          		 0.0120009
EAJRW_imc           		 0.36162
EAJUS_imc           		 0.167363
EAJEAH_imcy         		 0.000665
EAJEAA_imi          		 0.00169938
EAJEAB_imi          		 0.00158307
EAJEAC_imi          		 0.00218948
EAJEAD_imi          		 0.00375408
EAJEAE_imi          		 0.00087197
EAJEAF_imi          		 0.00823132
EAJEAG_imi          		 0.000722161
EAJEAH_imi          		 0.00128178
EAJEAI_imi          		 0.00562933
EAJEAK_imi          		 0.000788379
EAJEAL_imi          		 0.00503694
EAJRW_imi           		 0.151762
EAJUS_imi           		 0.0702365
EAJEAH_imiy         		 0.000279
EAJEAA_imcg         		 0.000882368
EAJEAB_imcg         		 0.00082036
EAJEAC_imcg         		 0.00113656
EAJEAD_imcg         		 0.00194527
EAJEAE_imcg         		 0.000453902
EAJEAF_imcg         		 0.00427182
EAJEAG_imcg         		 0.000374042
EAJEAH_imcg         		 0.000666156
EAJEAI_imcg         		 0.00292031
EAJEAK_imcg         		 0.000409957
EAJEAL_imcg         		 0.00261169
EAJRW_imcg          		 0.0787246
EAJUS_imcg          		 0.0364342
EAJEAH_imcgy        		 0.000145
EAJEAA_imig         		 0.000186745
EAJEAB_imig         		 0.000177375
EAJEAC_imig         		 0.000241089
EAJEAD_imig         		 0.00041571
EAJEAE_imig         		 9.55583e-05
EAJEAF_imig         		 0.000916134
EAJEAG_imig         		 8.14746e-05
EAJEAH_imig         		 0.000147014
EAJEAI_imig         		 0.00062443
EAJEAK_imig         		 8.67217e-05
EAJEAL_imig         		 0.000559303
EAJRW_imig          		 0.0168637
EAJUS_imig          		 0.00780406
EAJEAH_imigy        		 3.2e-05
EAJ_piex            		 1.00496
EAJ_pextilde        		 0.833845
EAJEAA_rer          		 0.935313
EAJEAB_rer          		 0.957225
EAJEAC_rer          		 0.904127
EAJEAD_rer          		 1.2087
EAJEAE_rer          		 1.02203
EAJEAF_rer          		 1.12845
EAJEAG_rer          		 1.08037
EAJEAH_rer          		 0.923227
EAJEAI_rer          		 1.21228
EAJEAK_rer          		 1.03746
EAJEAL_rer          		 2.00422
EAJRW_rer           		 1.06437
EAJUS_rer           		 0.892865
EAJ_sx              		 1
EAJEAA_tot          		 0.885542
EAJEAB_tot          		 0.932319
EAJEAC_tot          		 0.840266
EAJEAD_tot          		 1.3028
EAJEAE_tot          		 1.03834
EAJEAF_tot          		 1.19136
EAJEAG_tot          		 1.11634
EAJEAH_tot          		 0.899889
EAJEAI_tot          		 1.31093
EAJEAK_tot          		 1.0488
EAJEAL_tot          		 2.57235
EAJRW_tot           		 1.15812
EAJUS_tot           		 0.992764
EAJEAA_weight       		 0.00502431
EAJEAB_weight       		 0.00496082
EAJEAC_weight       		 0.00609945
EAJEAD_weight       		 0.0169405
EAJEAE_weight       		 0.00307797
EAJEAF_weight       		 0.0337302
EAJEAG_weight       		 0.00276216
EAJEAH_weight       		 0.00385258
EAJEAI_weight       		 0.0255839
EAJEAK_weight       		 0.00281906
EAJEAL_weight       		 0.0770128
EAJRW_weight        		 0.612252
EAJUS_weight        		 0.205884
EAJEAA_weightex     		 0.00484543
EAJEAB_weightex     		 0.00481447
EAJEAC_weightex     		 0.00583774
EAJEAD_weightex     		 0.0169666
EAJEAE_weightex     		 0.00302299
EAJEAF_weightex     		 0.03353
EAJEAG_weightex     		 0.00273339
EAJEAH_weightex     		 0.00371014
EAJEAI_weightex     		 0.0256338
EAJEAK_weightex     		 0.00277599
EAJEAL_weightex     		 0.108993
EAJRW_weightex      		 0.616385
EAJUS_weightex      		 0.170752
EAJEAA_weightim     		 0.00520438
EAJEAB_weightim     		 0.00510813
EAJEAC_weightim     		 0.00636289
EAJEAD_weightim     		 0.0169142
EAJEAE_weightim     		 0.00313332
EAJEAF_weightim     		 0.0339318
EAJEAG_weightim     		 0.00279112
EAJEAH_weightim     		 0.00399596
EAJEAI_weightim     		 0.0255335
EAJEAK_weightim     		 0.00286241
EAJEAL_weightim     		 0.0448218
EAJRW_weightim      		 0.608092
EAJUS_weightim      		 0.241248
EAJ_b               		 8.27359
EAJ_bf              		 -0.58202
EAJ_by              		 2.4
EAJ_c               		 1.92394
EAJ_ci              		 2.24425
EAJ_cj              		 0.963003
EAJ_cy              		 0.558095
EAJ_d               		 0.467268
EAJ_dn              		 0.211016
EAJ_dt              		 0.256252
EAJ_etot            		 1.19314
EAJ_ex              		 1.16744
EAJ_fh              		 9.94083
EAJ_fi              		 3.12663
EAJ_fj              		 0.115801
EAJ_fn              		 11.0537
EAJ_cg              		 0.760663
EAJ_gammab          		 0
EAJ_gammai          		 0
EAJ_gammaider       		 0
EAJ_gammau          		 0
EAJ_gammauder       		 0.0324171
EAJ_gammav          		 0.000194352
EAJ_gammavi         		 0.000101018
EAJ_gammavider      		 0.00216519
EAJ_gammavj         		 0.000101018
EAJ_gammavjder      		 0.00216519
EAJ_gh              		 11.929
EAJ_gi              		 3.44973
EAJ_gj              		 2.67983
EAJ_gn              		 16.5805
EAJ_cgy             		 0.2
EAJ_ht              		 1.24138
EAJ_htc             		 0.323111
EAJ_hti             		 0.320855
EAJ_htcg            		 0.499583
EAJ_htig            		 0.0978326
EAJ_i               		 0.728702
EAJ_ig              		 0.151752
EAJ_ii              		 0.971602
EAJ_im              		 0.965795
EAJ_imc             		 0.573509
EAJ_imi             		 0.240685
EAJ_imcg            		 0.124857
EAJ_imig            		 0.0267442
EAJ_imy             		 0.280533
EAJ_internalrer     		 1.09776
EAJ_igy             		 0.04
EAJ_k               		 29.1481
EAJ_kd              		 29.1481
EAJ_kdn             		 12.0085
EAJ_kdt             		 17.1396
EAJ_ki              		 38.8641
EAJ_lambdai         		 1.24997
EAJ_lambdaj         		 2.91301
EAJ_lcy             		 0.605119
EAJ_m               		 0.808377
EAJ_mcn             		 0.694871
EAJ_mct             		 0.694871
EAJ_mi              		 0.942961
EAJ_mj              		 0.404623
EAJ_nd              		 1.88637
EAJ_ndi             		 0.862038
EAJ_ndj             		 1.12419
EAJ_ndn             		 0.777147
EAJ_ndt             		 1.10922
EAJ_ni              		 0.862038
EAJ_nj              		 1.12419
EAJ_nt              		 1.38035
EAJ_ntc             		 1.03657
EAJ_nti             		 0.17357
EAJ_ntcg            		 0.141868
EAJ_ntig            		 0.0283381
EAJ_pex             		 0.833845
EAJ_pht             		 0.833845
EAJ_phttilde        		 0.833845
EAJ_pi              		 0.946157
EAJ_pcg             		 0.906401
EAJ_pig             		 0.908672
EAJ_pic             		 1.00496
EAJ_pic4            		 1.02
EAJ_piex4           		 1.02
EAJ_piht            		 1.00496
EAJ_piimc           		 1.00496
EAJ_piimi           		 1.00496
EAJ_piimcg          		 1.00496
EAJ_piimig          		 1.00496
EAJ_piimc4          		 1.02
EAJ_pim             		 1.00134
EAJ_pimc            		 1.00134
EAJ_pimi            		 1.00135
EAJ_pimcg           		 1.00132
EAJ_pimig           		 1.0013
EAJ_pint            		 1.00496
EAJ_piw             		 1.00496
EAJ_piw4            		 1.02
EAJ_pnt             		 1.04231
EAJ_pnttilde        		 1.04231
EAJ_pttc            		 0.949482
EAJ_ptti            		 0.91514
EAJ_pttcg           		 0.873907
EAJ_pttig           		 0.876696
EAJ_py              		 0.909785
EAJ_q               		 0.946157
EAJ_qc              		 1.92413
EAJ_qi              		 0.728702
EAJ_qcg             		 0.760663
EAJ_qig             		 0.151752
EAJ_r               		 1.01242
EAJ_reer            		 1.08278
EAJ_rer             		 0.892865
EAJ_rerdep          		 1
EAJ_rk              		 0.0306716
EAJ_rp              		 0
EAJ_rr              		 1.00742
EAJ_rrstar          		 1.00742
EAJ_sh              		 1
EAJ_si              		 1
EAJ_sj              		 1
EAJ_snt             		 1
EAJ_t               		 0
EAJ_tauc            		 0.183
EAJ_taud            		 0
EAJ_tauk            		 0
EAJ_taun            		 0.122
EAJ_tauwf           		 0.219
EAJ_tauwh           		 0.118
EAJ_tb              		 0.00637367
EAJ_tby             		 0.00184887
EAJ_ti              		 0
EAJ_tj              		 0
EAJ_tot             		 0.992764
EAJ_tr              		 0.253572
EAJ_tri             		 0.169048
EAJ_trj             		 0.507143
EAJ_try             		 0.073556
EAJ_ttc             		 0.888595
EAJ_tti             		 0.555711
EAJ_ttcg            		 0.619741
EAJ_ttig            		 0.123596
EAJ_ty              		 0
EAJ_u               		 1
EAJ_utili           		 -82.7349
EAJ_utilj           		 -232.973
EAJ_vj              		 2.38
EAJ_w               		 0.907181
EAJ_wcst            		 0
EAJ_whty            		 0.50098
EAJ_wi              		 1.01715
EAJ_witilde         		 1.01715
EAJ_wj              		 0.742274
EAJ_wjtilde         		 0.742274
EAJ_wnty            		 0.490019
EAJ_wy              		 0.496406
EAJ_y               		 3.78917
EAJ_ygap            		 0
EAJ_ygrowth         		 1
EAJ_ygrowth4        		 1
EAJ_yhty            		 0.582649
EAJ_ynty            		 0.417351
EAJ_yshare          		 0.00720492
EAJ_ysn             		 1.38035
EAJ_yst             		 2.40882
EAJ_zcon            		 1
EAJ_zinv            		 1
EAJ_zn              		 1
EAJ_zt              		 1
EAJ_gammav1         		 0.0287061
EAJ_gammav2         		 0.150338
EAJ_nutc            		 0.262812
EAJ_nuti            		 0.457567
EAJ_nutcg           		 0.716883
EAJ_nutig           		 0.698346
EAJ_psit            		 0.046906
EAJEAA_rerbar       		 0.935313
EAJEAB_rerbar       		 0.957225
EAJEAC_rerbar       		 0.904127
EAJEAD_rerbar       		 1.2087
EAJEAE_rerbar       		 1.02203
EAJEAF_rerbar       		 1.12845
EAJEAG_rerbar       		 1.08037
EAJEAH_rerbar       		 0.923227
EAJEAI_rerbar       		 1.21228
EAJEAK_rerbar       		 1.03746
EAJEAL_rerbar       		 2.00422
EAJRW_rerbar        		 1.06437
EAJUS_rerbar        		 0.892865
EAJ_pibar           		 0.946157
EAJ_psinbar         		 0.386497
EAJ_psitbar         		 0.112988
EAJ_pybar           		 0.909785
EAJ_qbar            		 0.946157
EAJ_trybar          		 0.073556
EAJ_ybar            		 3.78917
EAJ_ynbar           		 1.38035
EAJ_ytbar           		 2.40882
EAKEAA_excy         		 0.000844196
EAKEAB_excy         		 0.000774093
EAKEAC_excy         		 0.000950213
EAKEAD_excy         		 0.0027911
EAKEAE_excy         		 0.000462485
EAKEAF_excy         		 0.00567328
EAKEAG_excy         		 0.0005355
EAKEAH_excy         		 0.000475492
EAKEAI_excy         		 0.00460231
EAKEAJ_excy         		 0.00160547
EAKEAL_excy         		 0.0186563
EAKRW_excy          		 0.0952141
EAKUS_excy          		 0.0277075
EAKEAA_exiy         		 0.00034562
EAKEAB_exiy         		 0.000399285
EAKEAC_exiy         		 0.000467592
EAKEAD_exiy         		 0.00107581
EAKEAE_exiy         		 0.000225865
EAKEAF_exiy         		 0.00213261
EAKEAG_exiy         		 0.000111082
EAKEAH_exiy         		 0.000442007
EAKEAI_exiy         		 0.00140467
EAKEAJ_exiy         		 0.000673153
EAKEAL_exiy         		 0.00736212
EAKRW_exiy          		 0.0511598
EAKUS_exiy          		 0.0110638
EAK_fx              		 3.08855
EAKEAA_gammaimc     		 0
EAKEAB_gammaimc     		 0
EAKEAC_gammaimc     		 0
EAKEAD_gammaimc     		 0
EAKEAE_gammaimc     		 0
EAKEAF_gammaimc     		 0
EAKEAG_gammaimc     		 0
EAKEAH_gammaimc     		 0
EAKEAI_gammaimc     		 0
EAKEAJ_gammaimc     		 0
EAKEAL_gammaimc     		 0
EAKRW_gammaimc      		 0
EAKUS_gammaimc      		 0
EAKEAA_gammaimcdag  		 1
EAKEAB_gammaimcdag  		 1
EAKEAC_gammaimcdag  		 1
EAKEAD_gammaimcdag  		 1
EAKEAE_gammaimcdag  		 1
EAKEAF_gammaimcdag  		 1
EAKEAG_gammaimcdag  		 1
EAKEAH_gammaimcdag  		 1
EAKEAI_gammaimcdag  		 1
EAKEAJ_gammaimcdag  		 1
EAKEAL_gammaimcdag  		 1
EAKRW_gammaimcdag   		 1
EAKUS_gammaimcdag   		 1
EAKEAA_gammaimi     		 0
EAKEAB_gammaimi     		 0
EAKEAC_gammaimi     		 0
EAKEAD_gammaimi     		 0
EAKEAE_gammaimi     		 0
EAKEAF_gammaimi     		 0
EAKEAG_gammaimi     		 0
EAKEAH_gammaimi     		 0
EAKEAI_gammaimi     		 0
EAKEAJ_gammaimi     		 0
EAKEAL_gammaimi     		 0
EAKRW_gammaimi      		 0
EAKUS_gammaimi      		 0
EAKEAA_gammaimidag  		 1
EAKEAB_gammaimidag  		 1
EAKEAC_gammaimidag  		 1
EAKEAD_gammaimidag  		 1
EAKEAE_gammaimidag  		 1
EAKEAF_gammaimidag  		 1
EAKEAG_gammaimidag  		 1
EAKEAH_gammaimidag  		 1
EAKEAI_gammaimidag  		 1
EAKEAJ_gammaimidag  		 1
EAKEAL_gammaimidag  		 1
EAKRW_gammaimidag   		 1
EAKUS_gammaimidag   		 1
EAKEAA_gammaimcg    		 0
EAKEAB_gammaimcg    		 0
EAKEAC_gammaimcg    		 0
EAKEAD_gammaimcg    		 0
EAKEAE_gammaimcg    		 0
EAKEAF_gammaimcg    		 0
EAKEAG_gammaimcg    		 0
EAKEAH_gammaimcg    		 0
EAKEAI_gammaimcg    		 0
EAKEAJ_gammaimcg    		 0
EAKEAL_gammaimcg    		 0
EAKRW_gammaimcg     		 0
EAKUS_gammaimcg     		 0
EAKEAA_gammaimcgdag 		 1
EAKEAB_gammaimcgdag 		 1
EAKEAC_gammaimcgdag 		 1
EAKEAD_gammaimcgdag 		 1
EAKEAE_gammaimcgdag 		 1
EAKEAF_gammaimcgdag 		 1
EAKEAG_gammaimcgdag 		 1
EAKEAH_gammaimcgdag 		 1
EAKEAI_gammaimcgdag 		 1
EAKEAJ_gammaimcgdag 		 1
EAKEAL_gammaimcgdag 		 1
EAKRW_gammaimcgdag  		 1
EAKUS_gammaimcgdag  		 1
EAKEAA_gammaimig    		 0
EAKEAB_gammaimig    		 0
EAKEAC_gammaimig    		 0
EAKEAD_gammaimig    		 0
EAKEAE_gammaimig    		 0
EAKEAF_gammaimig    		 0
EAKEAG_gammaimig    		 0
EAKEAH_gammaimig    		 0
EAKEAI_gammaimig    		 0
EAKEAJ_gammaimig    		 0
EAKEAL_gammaimig    		 0
EAKRW_gammaimig     		 0
EAKUS_gammaimig     		 0
EAKEAA_gammaimigdag 		 1
EAKEAB_gammaimigdag 		 1
EAKEAC_gammaimigdag 		 1
EAKEAD_gammaimigdag 		 1
EAKEAE_gammaimigdag 		 1
EAKEAF_gammaimigdag 		 1
EAKEAG_gammaimigdag 		 1
EAKEAH_gammaimigdag 		 1
EAKEAI_gammaimigdag 		 1
EAKEAJ_gammaimigdag 		 1
EAKEAL_gammaimigdag 		 1
EAKRW_gammaimigdag  		 1
EAKUS_gammaimigdag  		 1
EAK_gx              		 3.70626
EAKEAA_im           		 0.00682637
EAKEAB_im           		 0.00637078
EAKEAC_im           		 0.00879929
EAKEAD_im           		 0.0150834
EAKEAE_im           		 0.00350325
EAKEAF_im           		 0.033081
EAKEAG_im           		 0.00290035
EAKEAH_im           		 0.00515043
EAKEAI_im           		 0.0226274
EAKEAJ_im           		 0.0118968
EAKEAL_im           		 0.0202398
EAKRW_im            		 0.609914
EAKUS_im            		 0.28228
EAKEAA_imc          		 0.00476754
EAKEAB_imc          		 0.00444823
EAKEAC_imc          		 0.00614329
EAKEAD_imc          		 0.0105345
EAKEAE_imc          		 0.00244973
EAKEAF_imc          		 0.0231062
EAKEAG_imc          		 0.0020267
EAKEAH_imc          		 0.00359798
EAKEAI_imc          		 0.0158043
EAKEAJ_imc          		 0.00830753
EAKEAL_imc          		 0.0141359
EAKRW_imc           		 0.425992
EAKUS_imc           		 0.197156
EAKEAI_imcy         		 0.004716
EAKEAA_imi          		 0.00135436
EAKEAB_imi          		 0.00126285
EAKEAC_imi          		 0.00174626
EAKEAD_imi          		 0.00299106
EAKEAE_imi          		 0.00069388
EAKEAF_imi          		 0.00656015
EAKEAG_imi          		 0.00057456
EAKEAH_imi          		 0.00102032
EAKEAI_imi          		 0.00449062
EAKEAJ_imi          		 0.00235914
EAKEAL_imi          		 0.00401516
EAKRW_imi           		 0.120974
EAKUS_imi           		 0.0559878
EAKEAI_imiy         		 0.00134
EAKEAA_imcg         		 0.000555635
EAKEAB_imcg         		 0.000518332
EAKEAC_imcg         		 0.000716282
EAKEAD_imcg         		 0.00122408
EAKEAE_imcg         		 0.000283475
EAKEAF_imcg         		 0.00268454
EAKEAG_imcg         		 0.000236121
EAKEAH_imcg         		 0.000419846
EAKEAI_imcg         		 0.00183311
EAKEAJ_imcg         		 0.000966502
EAKEAL_imcg         		 0.00164296
EAKRW_imcg          		 0.0495073
EAKUS_imcg          		 0.0229137
EAKEAI_imcgy        		 0.000547
EAKEAA_imig         		 0.000148831
EAKEAB_imig         		 0.000141363
EAKEAC_imig         		 0.000193448
EAKEAD_imig         		 0.000333839
EAKEAE_imig         		 7.61575e-05
EAKEAF_imig         		 0.000730135
EAKEAG_imig         		 6.29655e-05
EAKEAH_imig         		 0.000112284
EAKEAI_imig         		 0.00049933
EAKEAJ_imig         		 0.000263592
EAKEAL_imig         		 0.00044575
EAKRW_imig          		 0.0134399
EAKUS_imig          		 0.00622185
EAKEAI_imigy        		 0.000149
EAK_piex            		 1.00496
EAK_pextilde        		 0.842956
EAKEAA_rer          		 0.901537
EAKEAB_rer          		 0.922658
EAKEAC_rer          		 0.871478
EAKEAD_rer          		 1.16506
EAKEAE_rer          		 0.985123
EAKEAF_rer          		 1.0877
EAKEAG_rer          		 1.04135
EAKEAH_rer          		 0.889888
EAKEAI_rer          		 1.16851
EAKEAJ_rer          		 0.963889
EAKEAL_rer          		 1.93184
EAKRW_rer           		 1.02593
EAKUS_rer           		 0.860623
EAK_sx              		 1
EAKEAA_tot          		 0.844339
EAKEAB_tot          		 0.888939
EAKEAC_tot          		 0.80117
EAKEAD_tot          		 1.24218
EAKEAE_tot          		 0.990028
EAKEAF_tot          		 1.13593
EAKEAG_tot          		 1.0644
EAKEAH_tot          		 0.858019
EAKEAI_tot          		 1.24993
EAKEAJ_tot          		 0.953471
EAKEAL_tot          		 2.45266
EAKRW_tot           		 1.10424
EAKUS_tot           		 0.946572
EAKEAA_weight       		 0.00498291
EAKEAB_weight       		 0.00492424
EAKEAC_weight       		 0.00605181
EAKEAD_weight       		 0.0168172
EAKEAE_weight       		 0.00305153
EAKEAF_weight       		 0.0334611
EAKEAG_weight       		 0.00273889
EAKEAH_weight       		 0.00381905
EAKEAI_weight       		 0.0253984
EAKEAJ_weight       		 0.00994199
EAKEAL_weight       		 0.0763667
EAKRW_weight        		 0.608055
EAKUS_weight        		 0.204391
EAKEAA_weightex     		 0.00480112
EAKEAB_weightex     		 0.00477367
EAKEAC_weightex     		 0.00578691
EAKEAD_weightex     		 0.0168412
EAKEAE_weightex     		 0.00299486
EAKEAF_weightex     		 0.0332436
EAKEAG_weightex     		 0.00271103
EAKEAH_weightex     		 0.00367826
EAKEAI_weightex     		 0.0254472
EAKEAJ_weightex     		 0.00971879
EAKEAL_weightex     		 0.108021
EAKRW_weightex      		 0.612442
EAKUS_weightex      		 0.16954
EAKEAA_weightim     		 0.00516596
EAKEAB_weightim     		 0.00507586
EAKEAC_weightim     		 0.00631854
EAKEAD_weightim     		 0.0167931
EAKEAE_weightim     		 0.00310859
EAKEAF_weightim     		 0.0336801
EAKEAG_weightim     		 0.00276694
EAKEAH_weightim     		 0.00396082
EAKEAI_weightim     		 0.0253492
EAKEAJ_weightim     		 0.0101667
EAKEAL_weightim     		 0.0444926
EAKRW_weightim      		 0.603636
EAKUS_weightim      		 0.239485
EAK_b               		 8.4743
EAK_bf              		 -0.618474
EAK_by              		 2.4
EAK_c               		 1.97061
EAK_ci              		 2.29869
EAK_cj              		 0.986364
EAK_cy              		 0.558095
EAK_d               		 0.478603
EAK_dn              		 0.217712
EAK_dt              		 0.260891
EAK_etot            		 1.13596
EAK_ex              		 1.12346
EAK_fh              		 10.5594
EAK_fi              		 4.26875
EAK_fj              		 0.158102
EAK_fn              		 11.4044
EAK_cg              		 0.787028
EAK_gammab          		 0
EAK_gammai          		 0
EAK_gammaider       		 0
EAK_gammau          		 0
EAK_gammauder       		 0.0324171
EAK_gammav          		 0.000199067
EAK_gammavi         		 0.000101018
EAK_gammavider      		 0.00216519
EAK_gammavj         		 0.000101018
EAK_gammavjder      		 0.00216519
EAK_gh              		 12.6712
EAK_gi              		 3.73638
EAK_gj              		 2.9025
EAK_gn              		 17.1066
EAK_cgy             		 0.2
EAK_ht              		 1.30437
EAK_htc             		 0.238748
EAK_hti             		 0.393249
EAK_htcg            		 0.565623
EAK_htig            		 0.10675
EAK_i               		 0.761235
EAK_ig              		 0.156538
EAK_ii              		 1.01498
EAK_im              		 0.975681
EAK_imc             		 0.68146
EAK_imi             		 0.193519
EAK_imcg            		 0.0791999
EAK_imig            		 0.0215023
EAK_imy             		 0.266359
EAK_internalrer     		 1.12541
EAK_igy             		 0.04
EAK_k               		 30.4494
EAK_kd              		 30.4494
EAK_kdn             		 12.6361
EAK_kdt             		 17.8133
EAK_ki              		 40.5992
EAK_lambdai         		 1.22036
EAK_lambdaj         		 2.84402
EAK_lcy             		 0.605119
EAK_m               		 0.827987
EAK_mcn             		 0.702463
EAK_mct             		 0.702463
EAK_mi              		 0.965837
EAK_mj              		 0.414439
EAK_nd              		 1.88637
EAK_ndi             		 0.862038
EAK_ndj             		 1.12419
EAK_ndn             		 0.782818
EAK_ndt             		 1.10355
EAK_ni              		 0.862038
EAK_nj              		 1.12419
EAK_nt              		 1.40876
EAK_ntc             		 1.05597
EAK_nti             		 0.178568
EAK_ntcg            		 0.145254
EAK_ntig            		 0.0289707
EAK_pex             		 0.842956
EAK_pht             		 0.842956
EAK_phttilde        		 0.842956
EAK_pi              		 0.927693
EAK_pcg             		 0.897289
EAK_pig             		 0.902261
EAK_pic             		 1.00496
EAK_pic4            		 1.02
EAK_piex4           		 1.02
EAK_piht            		 1.00496
EAK_piimc           		 1.00496
EAK_piimi           		 1.00496
EAK_piimcg          		 1.00496
EAK_piimig          		 1.00496
EAK_piimc4          		 1.02
EAK_pim             		 0.963945
EAK_pimc            		 0.963944
EAK_pimi            		 0.963959
EAK_pimcg           		 0.963927
EAK_pimig           		 0.963929
EAK_pint            		 1.00496
EAK_piw             		 1.00496
EAK_piw4            		 1.02
EAK_pnt             		 1.05369
EAK_pnttilde        		 1.05369
EAK_pttc            		 0.93628
EAK_ptti            		 0.887474
EAK_pttcg           		 0.86015
EAK_pttig           		 0.866238
EAK_py              		 0.920337
EAK_q               		 0.927693
EAK_qc              		 1.97081
EAK_qi              		 0.761235
EAK_qcg             		 0.787028
EAK_qig             		 0.156538
EAK_r               		 1.01242
EAK_reer            		 1.04292
EAK_rer             		 0.860623
EAK_rerdep          		 1
EAK_rk              		 0.0300731
EAK_rp              		 0
EAK_rr              		 1.00742
EAK_rrstar          		 1.00742
EAK_sh              		 1
EAK_si              		 1
EAK_sj              		 1
EAK_snt             		 1
EAK_t               		 0
EAK_tauc            		 0.183
EAK_taud            		 0
EAK_tauk            		 0
EAK_taun            		 0.122
EAK_tauwf           		 0.219
EAK_tauwh           		 0.118
EAK_tb              		 0.00652829
EAK_tby             		 0.00184887
EAK_ti              		 0
EAK_tj              		 0
EAK_tot             		 0.946572
EAK_tr              		 0.259723
EAK_tri             		 0.173149
EAK_trj             		 0.519446
EAK_try             		 0.073556
EAK_ttc             		 0.916546
EAK_tti             		 0.583719
EAK_ttcg            		 0.643072
EAK_ttig            		 0.127808
EAK_ty              		 0
EAK_u               		 1
EAK_utili           		 -79.4792
EAK_utilj           		 -229.717
EAK_vj              		 2.38
EAK_w               		 0.929188
EAK_wcst            		 0
EAK_whty            		 0.501038
EAK_wi              		 1.04182
EAK_witilde         		 1.04182
EAK_wj              		 0.760281
EAK_wjtilde         		 0.760281
EAK_wnty            		 0.490019
EAK_wy              		 0.496406
EAK_y               		 3.83659
EAK_ygap            		 0
EAK_ygrowth         		 1
EAK_ygrowth4        		 1
EAK_yhty            		 0.579604
EAK_ynty            		 0.420396
EAK_yshare          		 0.00214065
EAK_ysn             		 1.40876
EAK_yst             		 2.42784
EAK_zcon            		 1
EAK_zinv            		 1
EAK_zn              		 1
EAK_zt              		 1
EAK_gammav1         		 0.0287061
EAK_gammav2         		 0.150338
EAK_nutc            		 0.200348
EAK_nuti            		 0.592361
EAK_nutcg           		 0.836266
EAK_nutig           		 0.78024
EAK_psit            		 0.0470264
EAKEAA_rerbar       		 0.901537
EAKEAB_rerbar       		 0.922658
EAKEAC_rerbar       		 0.871478
EAKEAD_rerbar       		 1.16506
EAKEAE_rerbar       		 0.985123
EAKEAF_rerbar       		 1.0877
EAKEAG_rerbar       		 1.04135
EAKEAH_rerbar       		 0.889888
EAKEAI_rerbar       		 1.16851
EAKEAJ_rerbar       		 0.963889
EAKEAL_rerbar       		 1.93184
EAKRW_rerbar        		 1.02593
EAKUS_rerbar        		 0.860623
EAK_pibar           		 0.927693
EAK_psinbar         		 0.394452
EAK_psitbar         		 0.114172
EAK_pybar           		 0.920337
EAK_qbar            		 0.927693
EAK_trybar          		 0.073556
EAK_ybar            		 3.83659
EAK_ynbar           		 1.40876
EAK_ytbar           		 2.42784
EALEAA_excy         		 0.000316048
EALEAB_excy         		 0.000289653
EALEAC_excy         		 0.00035559
EALEAD_excy         		 0.00104349
EALEAE_excy         		 0.000172991
EALEAF_excy         		 0.00212231
EALEAG_excy         		 0.000200244
EALEAH_excy         		 0.000178139
EALEAI_excy         		 0.00172134
EALEAJ_excy         		 0.000600814
EALEAK_excy         		 0.000197871
EALRW_excy          		 0.178441
EALUS_excy          		 0.0103635
EALEAA_exiy         		 0.000129457
EALEAB_exiy         		 0.000149471
EALEAC_exiy         		 0.000174781
EALEAD_exiy         		 0.000402684
EALEAE_exiy         		 8.46187e-05
EALEAF_exiy         		 0.000798725
EALEAG_exiy         		 4.17623e-05
EALEAH_exiy         		 0.000165358
EALEAI_exiy         		 0.000524455
EALEAJ_exiy         		 0.00025217
EALEAK_exiy         		 5.62034e-05
EALRW_exiy          		 0.0190861
EALUS_exiy          		 0.00412608
EAL_fx              		 3.69735
EALEAA_gammaimc     		 0
EALEAB_gammaimc     		 0
EALEAC_gammaimc     		 0
EALEAD_gammaimc     		 0
EALEAE_gammaimc     		 0
EALEAF_gammaimc     		 0
EALEAG_gammaimc     		 0
EALEAH_gammaimc     		 0
EALEAI_gammaimc     		 0
EALEAJ_gammaimc     		 0
EALEAK_gammaimc     		 0
EALRW_gammaimc      		 0
EALUS_gammaimc      		 0
EALEAA_gammaimcdag  		 1
EALEAB_gammaimcdag  		 1
EALEAC_gammaimcdag  		 1
EALEAD_gammaimcdag  		 1
EALEAE_gammaimcdag  		 1
EALEAF_gammaimcdag  		 1
EALEAG_gammaimcdag  		 1
EALEAH_gammaimcdag  		 1
EALEAI_gammaimcdag  		 1
EALEAJ_gammaimcdag  		 1
EALEAK_gammaimcdag  		 1
EALRW_gammaimcdag   		 1
EALUS_gammaimcdag   		 1
EALEAA_gammaimi     		 0
EALEAB_gammaimi     		 0
EALEAC_gammaimi     		 0
EALEAD_gammaimi     		 0
EALEAE_gammaimi     		 0
EALEAF_gammaimi     		 0
EALEAG_gammaimi     		 0
EALEAH_gammaimi     		 0
EALEAI_gammaimi     		 0
EALEAJ_gammaimi     		 0
EALEAK_gammaimi     		 0
EALRW_gammaimi      		 0
EALUS_gammaimi      		 0
EALEAA_gammaimidag  		 1
EALEAB_gammaimidag  		 1
EALEAC_gammaimidag  		 1
EALEAD_gammaimidag  		 1
EALEAE_gammaimidag  		 1
EALEAF_gammaimidag  		 1
EALEAG_gammaimidag  		 1
EALEAH_gammaimidag  		 1
EALEAI_gammaimidag  		 1
EALEAJ_gammaimidag  		 1
EALEAK_gammaimidag  		 1
EALRW_gammaimidag   		 1
EALUS_gammaimidag   		 1
EALEAA_gammaimcg    		 0
EALEAB_gammaimcg    		 0
EALEAC_gammaimcg    		 0
EALEAD_gammaimcg    		 0
EALEAE_gammaimcg    		 0
EALEAF_gammaimcg    		 0
EALEAG_gammaimcg    		 0
EALEAH_gammaimcg    		 0
EALEAI_gammaimcg    		 0
EALEAJ_gammaimcg    		 0
EALEAK_gammaimcg    		 0
EALRW_gammaimcg     		 0
EALUS_gammaimcg     		 0
EALEAA_gammaimcgdag 		 1
EALEAB_gammaimcgdag 		 1
EALEAC_gammaimcgdag 		 1
EALEAD_gammaimcgdag 		 1
EALEAE_gammaimcgdag 		 1
EALEAF_gammaimcgdag 		 1
EALEAG_gammaimcgdag 		 1
EALEAH_gammaimcgdag 		 1
EALEAI_gammaimcgdag 		 1
EALEAJ_gammaimcgdag 		 1
EALEAK_gammaimcgdag 		 1
EALRW_gammaimcgdag  		 1
EALUS_gammaimcgdag  		 1
EALEAA_gammaimig    		 0
EALEAB_gammaimig    		 0
EALEAC_gammaimig    		 0
EALEAD_gammaimig    		 0
EALEAE_gammaimig    		 0
EALEAF_gammaimig    		 0
EALEAG_gammaimig    		 0
EALEAH_gammaimig    		 0
EALEAI_gammaimig    		 0
EALEAJ_gammaimig    		 0
EALEAK_gammaimig    		 0
EALRW_gammaimig     		 0
EALUS_gammaimig     		 0
EALEAA_gammaimigdag 		 1
EALEAB_gammaimigdag 		 1
EALEAC_gammaimigdag 		 1
EALEAD_gammaimigdag 		 1
EALEAE_gammaimigdag 		 1
EALEAF_gammaimigdag 		 1
EALEAG_gammaimigdag 		 1
EALEAH_gammaimigdag 		 1
EALEAI_gammaimigdag 		 1
EALEAJ_gammaimigdag 		 1
EALEAK_gammaimigdag 		 1
EALRW_gammaimigdag  		 1
EALUS_gammaimigdag  		 1
EAL_gx              		 4.43682
EALEAA_im           		 0.0169275
EALEAB_im           		 0.0158012
EALEAC_im           		 0.021821
EALEAD_im           		 0.0374191
EALEAE_im           		 0.00869353
EALEAF_im           		 0.082095
EALEAG_im           		 0.00720283
EALEAH_im           		 0.0127965
EALEAI_im           		 0.0561524
EALEAJ_im           		 0.0295339
EALEAK_im           		 0.00787935
EALRW_im            		 1.5135
EALUS_im            		 0.700476
EALEAA_imc          		 0.0107503
EALEAB_imc          		 0.0100347
EALEAC_imc          		 0.0138581
EALEAD_imc          		 0.0237687
EALEAE_imc          		 0.00552814
EALEAF_imc          		 0.0521321
EALEAG_imc          		 0.00457406
EALEAH_imc          		 0.0081266
EALEAI_imc          		 0.035656
EALEAJ_imc          		 0.0187463
EALEAK_imc          		 0.00499175
EALRW_imc           		 0.961091
EALUS_imc           		 0.444806
EALEAJ_imcy         		 0.001597
EALEAA_imi          		 0.00422855
EALEAB_imi          		 0.00394085
EALEAC_imi          		 0.00544826
EALEAD_imi          		 0.00934351
EALEAE_imi          		 0.00217056
EALEAF_imi          		 0.0205041
EALEAG_imi          		 0.00179808
EALEAH_imi          		 0.00319585
EALEAI_imi          		 0.0140224
EALEAJ_imi          		 0.00738347
EALEAK_imi          		 0.00196984
EALRW_imi           		 0.377982
EALUS_imi           		 0.174936
EALEAJ_imiy         		 0.000629
EALEAA_imcg         		 0.00148463
EALEAB_imcg         		 0.00138496
EALEAC_imcg         		 0.00191388
EALEAD_imcg         		 0.00327068
EALEAE_imcg         		 0.000757434
EALEAF_imcg         		 0.00718282
EALEAG_imcg         		 0.000630905
EALEAH_imcg         		 0.00112181
EALEAI_imcg         		 0.00491591
EALEAJ_imcg         		 0.00257072
EALEAK_imcg         		 0.00069392
EALRW_imcg          		 0.132434
EALUS_imcg          		 0.0612955
EALEAJ_imcgy        		 0.000219
EALEAA_imig         		 0.000463948
EALEAB_imig         		 0.00044067
EALEAC_imig         		 0.000600706
EALEAD_imig         		 0.00103617
EALEAE_imig         		 0.000237405
EALEAF_imig         		 0.00227604
EALEAG_imig         		 0.000199786
EALEAH_imig         		 0.000352196
EALEAI_imig         		 0.00155805
EALEAJ_imig         		 0.000833429
EALEAK_imig         		 0.000223845
EALRW_imig          		 0.0419924
EALUS_imig          		 0.0194386
EALEAJ_imigy        		 7.1e-05
EAL_piex            		 1.00496
EAL_pextilde        		 1.07021
EALEAA_rer          		 0.466672
EALEAB_rer          		 0.477605
EALEAC_rer          		 0.451112
EALEAD_rer          		 0.60308
EALEAE_rer          		 0.509939
EALEAF_rer          		 0.563038
EALEAG_rer          		 0.539047
EALEAH_rer          		 0.460642
EALEAI_rer          		 0.604866
EALEAJ_rer          		 0.498947
EALEAK_rer          		 0.51764
EALRW_rer           		 0.531064
EALUS_rer           		 0.445493
EAL_sx              		 1
EALEAA_tot          		 0.344254
EALEAB_tot          		 0.362439
EALEAC_tot          		 0.326653
EALEAD_tot          		 0.506464
EALEAE_tot          		 0.403655
EALEAF_tot          		 0.46314
EALEAG_tot          		 0.433978
EALEAH_tot          		 0.349832
EALEAI_tot          		 0.509623
EALEAJ_tot          		 0.38875
EALEAK_tot          		 0.407721
EALRW_tot           		 0.45022
EALUS_tot           		 0.385937
EALEAA_weight       		 0.00404357
EALEAB_weight       		 0.00398488
EALEAC_weight       		 0.00492745
EALEAD_weight       		 0.0134009
EALEAE_weight       		 0.00245679
EALEAF_weight       		 0.0267815
EALEAG_weight       		 0.00219702
EALEAH_weight       		 0.0031037
EALEAI_weight       		 0.020236
EALEAJ_weight       		 0.00802023
EALEAK_weight       		 0.00225109
EALRW_weight        		 0.738796
EALUS_weight        		 0.169801
EALEAA_weightex     		 0.00267202
EALEAB_weightex     		 0.00264816
EALEAC_weightex     		 0.00323084
EALEAD_weightex     		 0.00919624
EALEAE_weightex     		 0.0016531
EALEAF_weightex     		 0.0182396
EALEAG_weightex     		 0.0014899
EALEAH_weightex     		 0.00204741
EALEAI_weightex     		 0.013888
EALEAJ_weightex     		 0.0053725
EALEAK_weightex     		 0.00151733
EALRW_weightex      		 0.850037
EALUS_weightex      		 0.0880081
EALEAA_weightim     		 0.00538659
EALEAB_weightim     		 0.0052938
EALEAC_weightim     		 0.00658877
EALEAD_weightim     		 0.017518
EALEAE_weightim     		 0.00324377
EALEAF_weightim     		 0.0351457
EALEAG_weightim     		 0.00288944
EALEAH_weightim     		 0.00413802
EALEAI_weightim     		 0.0264521
EALEAJ_weightim     		 0.0106129
EALEAK_weightim     		 0.00296959
EALRW_weightim      		 0.629869
EALUS_weightim      		 0.249892
EAL_b               		 11.7209
EAL_bf              		 4.40676
EAL_by              		 2.4
EAL_c               		 2.75868
EAL_ci              		 3.21984
EAL_cj              		 1.37522
EAL_cy              		 0.564873
EAL_d               		 0.661963
EAL_dn              		 0.344677
EAL_dt              		 0.317286
EAL_etot            		 0.438061
EAL_ex              		 1.05933
EAL_fh              		 13.4444
EAL_fi              		 298.58
EAL_fj              		 11.0585
EAL_fn              		 18.0552
EAL_cg              		 0.917582
EAL_gammab          		 0
EAL_gammai          		 0
EAL_gammaider       		 0
EAL_gammau          		 0
EAL_gammauder       		 0.0324171
EAL_gammav          		 0.000278676
EAL_gammavi         		 0.000101018
EAL_gammavider      		 0.00216519
EAL_gammavj         		 0.000101018
EAL_gammavjder      		 0.00216519
EAL_gh              		 16.1333
EAL_gi              		 10.9905
EAL_gj              		 8.57747
EAL_gn              		 27.0828
EAL_cgy             		 0.2
EAL_ht              		 1.3081
EAL_htc             		 0.251044
EAL_hti             		 0.372682
EAL_htcg            		 0.613375
EAL_htig            		 0.0709984
EAL_i               		 1.02094
EAL_ig              		 0.182021
EAL_ii              		 1.36126
EAL_im              		 2.48905
EAL_imc             		 1.58057
EAL_imi             		 0.621618
EAL_imcg            		 0.217797
EAL_imig            		 0.0690643
EAL_imy             		 0.23707
EAL_internalrer     		 2.04614
EAL_igy             		 0.04
EAL_k               		 40.8377
EAL_kd              		 40.8377
EAL_kdn             		 19.3985
EAL_kdt             		 21.4392
EAL_ki              		 54.4503
EAL_lambdai         		 0.871236
EAL_lambdaj         		 2.03985
EAL_lcy             		 0.605119
EAL_m               		 1.15911
EAL_mcn             		 0.891844
EAL_mct             		 0.891844
EAL_mi              		 1.35287
EAL_mj              		 0.577822
EAL_nd              		 1.87985
EAL_ndi             		 0.858186
EAL_ndj             		 1.1215
EAL_ndn             		 0.892953
EAL_ndt             		 0.986893
EAL_ni              		 0.858186
EAL_nj              		 1.1215
EAL_nt              		 1.75671
EAL_ntc             		 1.31195
EAL_nti             		 0.215844
EAL_ntcg            		 0.163702
EAL_ntig            		 0.0652134
EAL_pex             		 1.07021
EAL_pht             		 1.07021
EAL_phttilde        		 1.07021
EAL_pi              		 0.956707
EAL_pcg             		 1.06447
EAL_pig             		 1.07322
EAL_pic             		 1.00496
EAL_pic4            		 1.02
EAL_piex4           		 1.02
EAL_piht            		 1.00496
EAL_piimc           		 1.00496
EAL_piimi           		 1.00496
EAL_piimcg          		 1.00496
EAL_piimig          		 1.00496
EAL_piimc4          		 1.02
EAL_pim             		 0.46515
EAL_pimc            		 0.465151
EAL_pimi            		 0.46515
EAL_pimcg           		 0.465147
EAL_pimig           		 0.465147
EAL_pint            		 1.00496
EAL_piw             		 1.00496
EAL_piw4            		 1.02
EAL_pnt             		 1.33777
EAL_pnttilde        		 1.33777
EAL_pttc            		 0.653798
EAL_ptti            		 0.843849
EAL_pttcg           		 1.00103
EAL_pttig           		 0.913028
EAL_py              		 1.18418
EAL_q               		 0.956707
EAL_qc              		 2.75896
EAL_qi              		 1.02094
EAL_qcg             		 0.917582
EAL_qig             		 0.182021
EAL_r               		 1.01242
EAL_reer            		 0.517048
EAL_rer             		 0.445493
EAL_rerdep          		 1
EAL_rk              		 0.0310136
EAL_rp              		 0
EAL_rr              		 1.00742
EAL_rrstar          		 1.00742
EAL_sh              		 1
EAL_si              		 1
EAL_sj              		 1
EAL_snt             		 1
EAL_t               		 0
EAL_tauc            		 0.183
EAL_taud            		 0
EAL_tauk            		 0
EAL_taun            		 0.122
EAL_tauwf           		 0.219
EAL_tauwh           		 0.118
EAL_tb              		 -0.0240783
EAL_tby             		 -0.00493033
EAL_ti              		 0
EAL_tj              		 0
EAL_tot             		 0.385937
EAL_tr              		 0.365353
EAL_tri             		 0.243569
EAL_trj             		 0.730706
EAL_try             		 0.0748105
EAL_ttc             		 1.53545
EAL_tti             		 0.815305
EAL_ttcg            		 0.756973
EAL_ttig            		 0.118407
EAL_ty              		 0
EAL_u               		 1
EAL_utili           		 -33.3207
EAL_utilj           		 -184.117
EAL_vj              		 2.38
EAL_w               		 1.28963
EAL_wcst            		 0
EAL_whty            		 0.50233
EAL_wi              		 1.4463
EAL_witilde         		 1.4463
EAL_wj              		 1.05494
EAL_wjtilde         		 1.05494
EAL_wnty            		 0.490019
EAL_wy              		 0.496406
EAL_y               		 4.12414
EAL_ygap            		 0
EAL_ygrowth         		 1
EAL_ygrowth4        		 1
EAL_yhty            		 0.518795
EAL_ynty            		 0.481205
EAL_yshare          		 0.0895438
EAL_ysn             		 1.75671
EAL_yst             		 2.36743
EAL_zcon            		 1
EAL_zinv            		 1
EAL_zn              		 1
EAL_zt              		 1
EAL_gammav1         		 0.0287061
EAL_gammav2         		 0.150338
EAL_nutc            		 0.560506
EAL_nuti            		 0.828002
EAL_nutcg           		 0.957652
EAL_nutig           		 0.891945
EAL_psit            		 0.0497253
EALEAA_rerbar       		 0.466672
EALEAB_rerbar       		 0.477605
EALEAC_rerbar       		 0.451112
EALEAD_rerbar       		 0.60308
EALEAE_rerbar       		 0.509939
EALEAF_rerbar       		 0.563038
EALEAG_rerbar       		 0.539047
EALEAH_rerbar       		 0.460642
EALEAI_rerbar       		 0.604866
EALEAJ_rerbar       		 0.498947
EALEAK_rerbar       		 0.51764
EALRW_rerbar        		 0.531064
EALUS_rerbar        		 0.445493
EAL_pibar           		 0.956707
EAL_psinbar         		 0.491879
EAL_psitbar         		 0.117721
EAL_pybar           		 1.18418
EAL_qbar            		 0.956707
EAL_trybar          		 0.0748105
EAL_ybar            		 4.12414
EAL_ynbar           		 1.75671
EAL_ytbar           		 2.36743
RWEAA_excy          		 0.000631029
RWEAB_excy          		 0.000578358
RWEAC_excy          		 0.000709996
RWEAD_excy          		 0.00208349
RWEAE_excy          		 0.000345409
RWEAF_excy          		 0.00423732
RWEAG_excy          		 0.000399841
RWEAH_excy          		 0.000355693
RWEAI_excy          		 0.00343727
RWEAJ_excy          		 0.0011996
RWEAK_excy          		 0.000395111
RWEAL_excy          		 0.0139554
RWUS_excy           		 0.0206947
RWEAA_exiy          		 0.00025847
RWEAB_exiy          		 0.000298466
RWEAC_exiy          		 0.000349016
RWEAD_exiy          		 0.000804035
RWEAE_exiy          		 0.000168971
RWEAF_exiy          		 0.00159494
RWEAG_exiy          		 8.33943e-05
RWEAH_exiy          		 0.000330194
RWEAI_exiy          		 0.00104726
RWEAJ_exiy          		 0.000503441
RWEAK_exiy          		 0.000112205
RWEAL_exiy          		 0.00548844
RWUS_exiy           		 0.00824093
RW_fx               		 1.15473
RWEAA_gammaimc      		 0
RWEAB_gammaimc      		 0
RWEAC_gammaimc      		 0
RWEAD_gammaimc      		 0
RWEAE_gammaimc      		 0
RWEAF_gammaimc      		 0
RWEAG_gammaimc      		 0
RWEAH_gammaimc      		 0
RWEAI_gammaimc      		 0
RWEAJ_gammaimc      		 0
RWEAK_gammaimc      		 0
RWEAL_gammaimc      		 0
RWUS_gammaimc       		 0
RWEAA_gammaimcdag   		 1
RWEAB_gammaimcdag   		 1
RWEAC_gammaimcdag   		 1
RWEAD_gammaimcdag   		 1
RWEAE_gammaimcdag   		 1
RWEAF_gammaimcdag   		 1
RWEAG_gammaimcdag   		 1
RWEAH_gammaimcdag   		 1
RWEAI_gammaimcdag   		 1
RWEAJ_gammaimcdag   		 1
RWEAK_gammaimcdag   		 1
RWEAL_gammaimcdag   		 1
RWUS_gammaimcdag    		 1
RWEAA_gammaimi      		 0
RWEAB_gammaimi      		 0
RWEAC_gammaimi      		 0
RWEAD_gammaimi      		 0
RWEAE_gammaimi      		 0
RWEAF_gammaimi      		 0
RWEAG_gammaimi      		 0
RWEAH_gammaimi      		 0
RWEAI_gammaimi      		 0
RWEAJ_gammaimi      		 0
RWEAK_gammaimi      		 0
RWEAL_gammaimi      		 0
RWUS_gammaimi       		 0
RWEAA_gammaimidag   		 1
RWEAB_gammaimidag   		 1
RWEAC_gammaimidag   		 1
RWEAD_gammaimidag   		 1
RWEAE_gammaimidag   		 1
RWEAF_gammaimidag   		 1
RWEAG_gammaimidag   		 1
RWEAH_gammaimidag   		 1
RWEAI_gammaimidag   		 1
RWEAJ_gammaimidag   		 1
RWEAK_gammaimidag   		 1
RWEAL_gammaimidag   		 1
RWUS_gammaimidag    		 1
RWEAA_gammaimcg     		 0
RWEAB_gammaimcg     		 0
RWEAC_gammaimcg     		 0
RWEAD_gammaimcg     		 0
RWEAE_gammaimcg     		 0
RWEAF_gammaimcg     		 0
RWEAG_gammaimcg     		 0
RWEAH_gammaimcg     		 0
RWEAI_gammaimcg     		 0
RWEAJ_gammaimcg     		 0
RWEAK_gammaimcg     		 0
RWEAL_gammaimcg     		 0
RWUS_gammaimcg      		 0
RWEAA_gammaimcgdag  		 1
RWEAB_gammaimcgdag  		 1
RWEAC_gammaimcgdag  		 1
RWEAD_gammaimcgdag  		 1
RWEAE_gammaimcgdag  		 1
RWEAF_gammaimcgdag  		 1
RWEAG_gammaimcgdag  		 1
RWEAH_gammaimcgdag  		 1
RWEAI_gammaimcgdag  		 1
RWEAJ_gammaimcgdag  		 1
RWEAK_gammaimcgdag  		 1
RWEAL_gammaimcgdag  		 1
RWUS_gammaimcgdag   		 1
RWEAA_gammaimig     		 0
RWEAB_gammaimig     		 0
RWEAC_gammaimig     		 0
RWEAD_gammaimig     		 0
RWEAE_gammaimig     		 0
RWEAF_gammaimig     		 0
RWEAG_gammaimig     		 0
RWEAH_gammaimig     		 0
RWEAI_gammaimig     		 0
RWEAJ_gammaimig     		 0
RWEAK_gammaimig     		 0
RWEAL_gammaimig     		 0
RWUS_gammaimig      		 0
RWEAA_gammaimigdag  		 1
RWEAB_gammaimigdag  		 1
RWEAC_gammaimigdag  		 1
RWEAD_gammaimigdag  		 1
RWEAE_gammaimigdag  		 1
RWEAF_gammaimigdag  		 1
RWEAG_gammaimigdag  		 1
RWEAH_gammaimigdag  		 1
RWEAI_gammaimigdag  		 1
RWEAJ_gammaimigdag  		 1
RWEAK_gammaimigdag  		 1
RWEAL_gammaimigdag  		 1
RWUS_gammaimigdag   		 1
RW_gx               		 1.38567
RWEAA_im            		 0.00702379
RWEAB_im            		 0.00655788
RWEAC_im            		 0.00905342
RWEAD_im            		 0.0155275
RWEAE_im            		 0.00360657
RWEAF_im            		 0.0340537
RWEAG_im            		 0.0029912
RWEAH_im            		 0.00530471
RWEAI_im            		 0.0232971
RWEAJ_im            		 0.0122457
RWEAK_im            		 0.00327352
RWEAL_im            		 0.0688322
RWUS_im             		 0.166264
RWEAA_imc           		 0.00405627
RWEAB_imc           		 0.00378339
RWEAC_imc           		 0.00522635
RWEAD_imc           		 0.00896181
RWEAE_imc           		 0.00208354
RWEAF_imc           		 0.0196545
RWEAG_imc           		 0.00172731
RWEAH_imc           		 0.00306393
RWEAI_imc           		 0.0134446
RWEAJ_imc           		 0.00706642
RWEAK_imc           		 0.00187779
RWEAL_imc           		 0.0600196
RWUS_imc            		 0.0433648
RWEAK_imcy          		 0.000335
RWEAA_imi           		 0.00216423
RWEAB_imi           		 0.00201781
RWEAC_imi           		 0.00279159
RWEAD_imi           		 0.00478324
RWEAE_imi           		 0.00110971
RWEAF_imi           		 0.010491
RWEAG_imi           		 0.000921585
RWEAH_imi           		 0.00163322
RWEAI_imi           		 0.00717524
RWEAJ_imi           		 0.00377424
RWEAK_imi           		 0.00100896
RWEAL_imi           		 0.00641973
RWUS_imi            		 0.0895247
RWEAK_imiy          		 0.00018
RWEAA_imcg          		 0.000564293
RWEAB_imcg          		 0.000529675
RWEAC_imcg          		 0.000727632
RWEAD_imcg          		 0.00124996
RWEAE_imcg          		 0.000288752
RWEAF_imcg          		 0.00274364
RWEAG_imcg          		 0.000242245
RWEAH_imcg          		 0.000424638
RWEAI_imcg          		 0.00187902
RWEAJ_imcg          		 0.000987653
RWEAK_imcg          		 0.000274662
RWEAL_imcg          		 0.00167978
RWUS_imcg           		 0.0234264
RWEAK_imcgy         		 4.9e-05
RWEAA_imig          		 0.000238995
RWEAB_imig          		 0.000227004
RWEAC_imig          		 0.000307844
RWEAD_imig          		 0.000532474
RWEAE_imig          		 0.00012456
RWEAF_imig          		 0.00116457
RWEAG_imig          		 0.000100058
RWEAH_imig          		 0.000182921
RWEAI_imig          		 0.000798245
RWEAJ_imig          		 0.000417401
RWEAK_imig          		 0.000112107
RWEAL_imig          		 0.00071305
RWUS_imig           		 0.00994851
RWEAK_imigy         		 2e-05
RW_piex             		 1.00496
RW_pextilde         		 0.907294
RWEAA_rer           		 0.878749
RWEAB_rer           		 0.899336
RWEAC_rer           		 0.849449
RWEAD_rer           		 1.13561
RWEAE_rer           		 0.960222
RWEAF_rer           		 1.06021
RWEAG_rer           		 1.01503
RWEAH_rer           		 0.867394
RWEAI_rer           		 1.13897
RWEAJ_rer           		 0.939524
RWEAK_rer           		 0.974723
RWEAL_rer           		 1.88301
RWUS_rer            		 0.838868
RW_sx               		 1
RWEAA_tot           		 0.764635
RWEAB_tot           		 0.805026
RWEAC_tot           		 0.725541
RWEAD_tot           		 1.12493
RWEAE_tot           		 0.896572
RWEAF_tot           		 1.0287
RWEAG_tot           		 0.963924
RWEAH_tot           		 0.777024
RWEAI_tot           		 1.13194
RWEAJ_tot           		 0.863466
RWEAK_tot           		 0.905603
RWEAL_tot           		 2.22113
RWUS_tot            		 0.857218
RWEAA_weight        		 0.0128762
RWEAB_weight        		 0.0126915
RWEAC_weight        		 0.0156886
RWEAD_weight        		 0.0426383
RWEAE_weight        		 0.00782235
RWEAF_weight        		 0.0852235
RWEAG_weight        		 0.00699786
RWEAH_weight        		 0.00987721
RWEAI_weight        		 0.0643799
RWEAJ_weight        		 0.0255274
RWEAK_weight        		 0.00717207
RWEAL_weight        		 0.319935
RWUS_weight         		 0.38917
RWEAA_weightex      		 0.0128162
RWEAB_weightex      		 0.0126689
RWEAC_weightex      		 0.0155515
RWEAD_weightex      		 0.0432516
RWEAE_weightex      		 0.00786047
RWEAF_weightex      		 0.0861467
RWEAG_weightex      		 0.00705614
RWEAH_weightex      		 0.00982562
RWEAI_weightex      		 0.0653138
RWEAJ_weightex      		 0.0255969
RWEAK_weightex      		 0.00720762
RWEAL_weightex      		 0.268622
RWUS_weightex       		 0.438083
RWEAA_weightim      		 0.0129327
RWEAB_weightim      		 0.0127127
RWEAC_weightim      		 0.0158175
RWEAD_weightim      		 0.0420619
RWEAE_weightim      		 0.00778652
RWEAF_weightim      		 0.0843561
RWEAG_weightim      		 0.00694309
RWEAH_weightim      		 0.00992568
RWEAI_weightim      		 0.0635023
RWEAJ_weightim      		 0.0254621
RWEAK_weightim      		 0.00713867
RWEAL_weightim      		 0.368155
RWUS_weightim       		 0.343206
RW_b                		 11.0535
RW_bf               		 2.20701
RW_by               		 2.4
RW_c                		 2.7858
RW_ci               		 3.36934
RW_cj               		 1.03519
RW_cy               		 0.604869
RW_d                		 0.624269
RW_dn               		 0.340976
RW_dt               		 0.283292
RW_etot             		 1.21102
RW_ex               		 0.390248
RW_fh               		 6.68116
RW_fi               		 573.756
RW_fj               		 21.2502
RW_fn               		 6.74712
RW_cg               		 0.798995
RW_gammab           		 0
RW_gammai           		 0
RW_gammaider        		 0
RW_gammau           		 0
RW_gammauder        		 0.0324171
RW_gammav           		 0.000281416
RW_gammavi          		 0.000101018
RW_gammavider       		 0.00216519
RW_gammavj          		 0.000101018
RW_gammavjder       		 0.00216519
RW_gh               		 8.01739
RW_gi               		 14.6194
RW_gj               		 15.8611
RW_gn               		 8.62132
RW_cgy              		 0.16
RW_ht               		 2.25794
RW_htc              		 0.86923
RW_hti              		 0.628923
RW_htcg             		 0.612464
RW_htig             		 0.147325
RW_i                		 0.988198
RW_ig               		 0.199242
RW_ii               		 1.3176
RW_im               		 0.30094
RW_imc              		 0.139438
RW_imi              		 0.117644
RW_imcg             		 0.0307871
RW_imig             		 0.0130714
RW_imy              		 0.081808
RW_internalrer      		 0.907557
RW_igy              		 0.04
RW_k                		 39.5279
RW_kd               		 39.5279
RW_kdn              		 18.486
RW_kdt              		 21.0419
RW_ki               		 52.7039
RW_lambdai          		 0.914124
RW_lambdaj          		 2.97528
RW_lcy              		 0.605119
RW_m                		 1.1705
RW_mcn              		 0.756079
RW_mct              		 0.756079
RW_mi               		 1.41569
RW_mj               		 0.434955
RW_nd               		 2.2196
RW_ndi              		 0.883927
RW_ndj              		 1.43009
RW_ndn              		 1.03804
RW_ndt              		 1.18156
RW_ni               		 0.883927
RW_nj               		 1.43009
RW_nt               		 2.28023
RW_ntc              		 1.84245
RW_nti              		 0.242667
RW_ntcg             		 0.156133
RW_ntig             		 0.0389837
RW_pex              		 0.907294
RW_pht              		 0.907294
RW_phttilde         		 0.907294
RW_pi               		 0.932125
RW_pcg              		 0.922283
RW_pig              		 0.924631
RW_pic              		 1.00496
RW_pic4             		 1.02
RW_piex4            		 1.02
RW_piht             		 1.00496
RW_piimc            		 1.00496
RW_piimi            		 1.00496
RW_piimcg           		 1.00496
RW_piimig           		 1.00496
RW_piimc4           		 1.02
RW_pim              		 1.252
RW_pimc             		 1.55941
RW_pimi             		 0.986594
RW_pimcg            		 0.986584
RW_pimig            		 0.986563
RW_pint             		 1.00496
RW_piw              		 1.00496
RW_piw4             		 1.02
RW_pnt              		 0.9661
RW_pnttilde         		 0.9661
RW_pttc             		 1.06451
RW_ptti             		 0.920935
RW_pttcg            		 0.911487
RW_pttig            		 0.914405
RW_py               		 0.934502
RW_q                		 0.932125
RW_qc               		 2.78608
RW_qi               		 0.988198
RW_qcg              		 0.798995
RW_qig              		 0.199242
RW_r                		 1.01242
RW_reer             		 1.15479
RW_rer              		 0.838868
RW_rerdep           		 1
RW_rk               		 0.0302168
RW_rp               		 0
RW_rr               		 1.00742
RW_rrstar           		 1.00742
RW_sh               		 1
RW_si               		 1
RW_sj               		 1
RW_snt              		 1
RW_t                		 0
RW_tauc             		 0.077
RW_taud             		 0
RW_tauk             		 0
RW_taun             		 0.154
RW_tauwf            		 0.071
RW_tauwh            		 0.071
RW_tb               		 -0.0227072
RW_tby              		 -0.00493033
RW_ti               		 0
RW_tj               		 0
RW_tot              		 0.857218
RW_tr               		 -0.0115723
RW_tri              		 -0.00771485
RW_trj              		 -0.0231445
RW_try              		 -0.00251264
RW_ttc              		 0.945121
RW_tti              		 0.745638
RW_ttcg             		 0.64297
RW_ttig             		 0.160282
RW_ty               		 0
RW_u                		 1
RW_utili            		 -29.8092
RW_utilj            		 -291.248
RW_vj               		 2.38
RW_w                		 1.17237
RW_wcst             		 0
RW_whty             		 0.576532
RW_wi               		 1.27933
RW_witilde          		 1.27933
RW_wj               		 1.02885
RW_wjtilde          		 1.02885
RW_wnty             		 0.55243
RW_wy               		 0.565003
RW_y                		 4.92843
RW_ygap             		 0
RW_ygrowth          		 1
RW_ygrowth4         		 1
RW_yhty             		 0.521686
RW_ynty             		 0.478314
RW_yshare           		 0.608418
RW_ysn              		 2.28023
RW_yst              		 2.64819
RW_zcon             		 1
RW_zinv             		 1
RW_zn               		 1
RW_zt               		 1
RW_gammav1          		 0.0287061
RW_gammav2          		 0.150338
RW_nutc             		 0.616803
RW_nuti             		 0.812581
RW_nutcg            		 0.941637
RW_nutig            		 0.901394
RW_psit             		 0.0585122
RWEAA_rerbar        		 0.878749
RWEAB_rerbar        		 0.899336
RWEAC_rerbar        		 0.849449
RWEAD_rerbar        		 1.13561
RWEAE_rerbar        		 0.960222
RWEAF_rerbar        		 1.06021
RWEAG_rerbar        		 1.01503
RWEAH_rerbar        		 0.867394
RWEAI_rerbar        		 1.13897
RWEAJ_rerbar        		 0.939524
RWEAK_rerbar        		 0.974723
RWEAL_rerbar        		 1.88301
RWUS_rerbar         		 0.838868
RW_pibar            		 0.932125
RW_psinbar          		 0.182419
RW_psitbar          		 0.154952
RW_pybar            		 0.934502
RW_qbar             		 0.932125
RW_trybar           		 -0.00251264
RW_ybar             		 4.92843
RW_ynbar            		 2.28023
RW_ytbar            		 2.64819
USEAA_excy          		 0.000739607
USEAB_excy          		 0.000677895
USEAC_excy          		 0.000832167
USEAD_excy          		 0.00244197
USEAE_excy          		 0.000404844
USEAF_excy          		 0.00496639
USEAG_excy          		 0.000468645
USEAH_excy          		 0.00041689
USEAI_excy          		 0.0040287
USEAJ_excy          		 0.001406
USEAK_excy          		 0.000463097
USEAL_excy          		 0.0163566
USRW_excy           		 0.0216342
USEAA_exiy          		 0.000302945
USEAB_exiy          		 0.000349832
USEAC_exiy          		 0.00040908
USEAD_exiy          		 0.000942364
USEAE_exiy          		 0.000198045
USEAF_exiy          		 0.00186941
USEAG_exiy          		 9.77398e-05
USEAH_exiy          		 0.000387015
USEAI_exiy          		 0.0012274
USEAJ_exiy          		 0.000590052
USEAK_exiy          		 0.000131509
USEAL_exiy          		 0.0064328
USRW_exiy           		 0.0446628
US_fx               		 2.07018
USEAA_gammaimc      		 0
USEAB_gammaimc      		 0
USEAC_gammaimc      		 0
USEAD_gammaimc      		 0
USEAE_gammaimc      		 0
USEAF_gammaimc      		 0
USEAG_gammaimc      		 0
USEAH_gammaimc      		 0
USEAI_gammaimc      		 0
USEAJ_gammaimc      		 0
USEAK_gammaimc      		 0
USEAL_gammaimc      		 0
USRW_gammaimc       		 0
USEAA_gammaimcdag   		 1
USEAB_gammaimcdag   		 1
USEAC_gammaimcdag   		 1
USEAD_gammaimcdag   		 1
USEAE_gammaimcdag   		 1
USEAF_gammaimcdag   		 1
USEAG_gammaimcdag   		 1
USEAH_gammaimcdag   		 1
USEAI_gammaimcdag   		 1
USEAJ_gammaimcdag   		 1
USEAK_gammaimcdag   		 1
USEAL_gammaimcdag   		 1
USRW_gammaimcdag    		 1
USEAA_gammaimi      		 0
USEAB_gammaimi      		 0
USEAC_gammaimi      		 0
USEAD_gammaimi      		 0
USEAE_gammaimi      		 0
USEAF_gammaimi      		 0
USEAG_gammaimi      		 0
USEAH_gammaimi      		 0
USEAI_gammaimi      		 0
USEAJ_gammaimi      		 0
USEAK_gammaimi      		 0
USEAL_gammaimi      		 0
USRW_gammaimi       		 0
USEAA_gammaimidag   		 1
USEAB_gammaimidag   		 1
USEAC_gammaimidag   		 1
USEAD_gammaimidag   		 1
USEAE_gammaimidag   		 1
USEAF_gammaimidag   		 1
USEAG_gammaimidag   		 1
USEAH_gammaimidag   		 1
USEAI_gammaimidag   		 1
USEAJ_gammaimidag   		 1
USEAK_gammaimidag   		 1
USEAL_gammaimidag   		 1
USRW_gammaimidag    		 1
USEAA_gammaimcg     		 0
USEAB_gammaimcg     		 0
USEAC_gammaimcg     		 0
USEAD_gammaimcg     		 0
USEAE_gammaimcg     		 0
USEAF_gammaimcg     		 0
USEAG_gammaimcg     		 0
USEAH_gammaimcg     		 0
USEAI_gammaimcg     		 0
USEAJ_gammaimcg     		 0
USEAK_gammaimcg     		 0
USEAL_gammaimcg     		 0
USRW_gammaimcg      		 0
USEAA_gammaimcgdag  		 1
USEAB_gammaimcgdag  		 1
USEAC_gammaimcgdag  		 1
USEAD_gammaimcgdag  		 1
USEAE_gammaimcgdag  		 1
USEAF_gammaimcgdag  		 1
USEAG_gammaimcgdag  		 1
USEAH_gammaimcgdag  		 1
USEAI_gammaimcgdag  		 1
USEAJ_gammaimcgdag  		 1
USEAK_gammaimcgdag  		 1
USEAL_gammaimcgdag  		 1
USRW_gammaimcgdag   		 1
USEAA_gammaimig     		 0
USEAB_gammaimig     		 0
USEAC_gammaimig     		 0
USEAD_gammaimig     		 0
USEAE_gammaimig     		 0
USEAF_gammaimig     		 0
USEAG_gammaimig     		 0
USEAH_gammaimig     		 0
USEAI_gammaimig     		 0
USEAJ_gammaimig     		 0
USEAK_gammaimig     		 0
USEAL_gammaimig     		 0
USRW_gammaimig      		 0
USEAA_gammaimigdag  		 1
USEAB_gammaimigdag  		 1
USEAC_gammaimigdag  		 1
USEAD_gammaimigdag  		 1
USEAE_gammaimigdag  		 1
USEAF_gammaimigdag  		 1
USEAG_gammaimigdag  		 1
USEAH_gammaimigdag  		 1
USEAI_gammaimigdag  		 1
USEAJ_gammaimigdag  		 1
USEAK_gammaimigdag  		 1
USEAL_gammaimigdag  		 1
USRW_gammaimigdag   		 1
US_gx               		 2.48422
USEAA_im            		 0.00458228
USEAB_im            		 0.00428243
USEAC_im            		 0.00590963
USEAD_im            		 0.0101333
USEAE_im            		 0.00235734
USEAF_im            		 0.0222255
USEAG_im            		 0.00195449
USEAH_im            		 0.00346134
USEAI_im            		 0.0152013
USEAJ_im            		 0.00799522
USEAK_im            		 0.00213297
USEAL_im            		 0.0136025
USRW_im             		 0.409824
USEAA_imc           		 0.00296234
USEAB_imc           		 0.00276529
USEAC_imc           		 0.00382037
USEAD_imc           		 0.00654889
USEAE_imc           		 0.00152164
USEAF_imc           		 0.0143609
USEAG_imc           		 0.00126256
USEAH_imc           		 0.0022351
USEAI_imc           		 0.00982176
USEAJ_imc           		 0.00516629
USEAK_imc           		 0.00137734
USEAL_imc           		 0.00878625
USRW_imc            		 0.264788
USEAL_imcy          		 0.004506
USEAA_imi           		 0.00117814
USEAB_imi           		 0.00110289
USEAC_imi           		 0.00152218
USEAD_imi           		 0.00260647
USEAE_imi           		 0.000608657
USEAF_imi           		 0.00571741
USEAG_imi           		 0.000503225
USEAH_imi           		 0.000891811
USEAI_imi           		 0.00391034
USEAJ_imi           		 0.00205649
USEAK_imi           		 0.000549981
USEAL_imi           		 0.00349812
USRW_imi            		 0.105442
USEAL_imiy          		 0.001794
USEAA_imcg          		 0.000311527
USEAB_imcg          		 0.000290517
USEAC_imcg          		 0.000399945
USEAD_imcg          		 0.000689154
USEAE_imcg          		 0.00015941
USEAF_imcg          		 0.00151145
USEAG_imcg          		 0.000134792
USEAH_imcg          		 0.0002341
USEAI_imcg          		 0.00103306
USEAJ_imcg          		 0.000541709
USEAK_imcg          		 0.000143473
USEAL_imcg          		 0.000930102
USRW_imcg           		 0.0278786
USEAL_imcgy         		 0.000477
USEAA_imig          		 0.000130275
USEAB_imig          		 0.000123739
USEAC_imig          		 0.000167141
USEAD_imig          		 0.000288752
USEAE_imig          		 6.76285e-05
USEAF_imig          		 0.000635736
USEAG_imig          		 5.3917e-05
USEAH_imig          		 0.000100329
USEAI_imig          		 0.000436182
USEAJ_imig          		 0.000230728
USEAK_imig          		 6.21717e-05
USEAL_imig          		 0.00038803
USRW_imig           		 0.0117153
USEAL_imigy         		 0.000199
US_piex             		 1.00496
US_pextilde         		 0.927141
USEAA_rer           		 1.04754
USEAB_rer           		 1.07208
USEAC_rer           		 1.01261
USEAD_rer           		 1.35374
USEAE_rer           		 1.14466
USEAF_rer           		 1.26386
USEAG_rer           		 1.21
USEAH_rer           		 1.03401
USEAI_rer           		 1.35775
USEAJ_rer           		 1.11999
USEAK_rer           		 1.16195
USEAL_rer           		 2.24471
USRW_rer            		 1.19208
US_sx               		 1
USEAA_tot           		 0.891996
USEAB_tot           		 0.939114
USEAC_tot           		 0.84639
USEAD_tot           		 1.3123
USEAE_tot           		 1.04591
USEAF_tot           		 1.20004
USEAG_tot           		 1.12448
USEAH_tot           		 0.906448
USEAI_tot           		 1.32048
USEAJ_tot           		 1.00729
USEAK_tot           		 1.05644
USEAL_tot           		 2.5911
USRW_tot            		 1.16656
USEAA_weight        		 0.00748812
USEAB_weight        		 0.00740397
USEAC_weight        		 0.00909134
USEAD_weight        		 0.0252839
USEAE_weight        		 0.00459416
USEAF_weight        		 0.0503415
USEAG_weight        		 0.00412484
USEAH_weight        		 0.00574134
USEAI_weight        		 0.0381789
USEAJ_weight        		 0.0149551
USEAK_weight        		 0.00420942
USEAL_weight        		 0.123302
USRW_weight         		 0.705285
USEAA_weightex      		 0.00813061
USEAB_weightex      		 0.0080681
USEAC_weightex      		 0.0098139
USEAD_weightex      		 0.0281884
USEAE_weightex      		 0.00504991
USEAF_weightex      		 0.0558401
USEAG_weightex      		 0.00455726
USEAH_weightex      		 0.00622865
USEAI_weightex      		 0.0425746
USEAJ_weightex      		 0.0163985
USEAK_weightex      		 0.00463536
USEAL_weightex      		 0.180707
USRW_weightex       		 0.629808
USEAA_weightim      		 0.00676054
USEAB_weightim      		 0.0066519
USEAC_weightim      		 0.0082731
USEAD_weightim      		 0.0219947
USEAE_weightim      		 0.00407805
USEAF_weightim      		 0.0441148
USEAG_weightim      		 0.00363515
USEAH_weightim      		 0.00518949
USEAI_weightim      		 0.033201
USEAJ_weightim      		 0.0133205
USEAK_weightim      		 0.00372707
USEAL_weightim      		 0.0582961
USRW_weightim       		 0.790758
US_b                		 11.2422
US_bf               		 -6.05217
US_by               		 2.4
US_c                		 2.73605
US_ci               		 3.3031
US_cj               		 1.03492
US_cy               		 0.584094
US_d                		 0.634928
US_dn               		 0.339371
US_dt               		 0.295557
US_etot             		 1.28447
US_ex               		 0.684655
US_fh               		 6.056
US_fi               		 706.029
US_fj               		 26.1492
US_fn               		 6.71536
US_cg               		 0.786753
US_gammai           		 0
US_gammaider        		 0
US_gammau           		 0
US_gammauder        		 0.0324171
US_gammav           		 0.000276391
US_gammavi          		 0.000101018
US_gammavider       		 0.00216519
US_gammavj          		 0.000101018
US_gammavjder       		 0.00216519
US_gh               		 7.26721
US_gi               		 15.9803
US_gj               		 17.0012
US_gn               		 8.58073
US_cgy              		 0.16
US_ht               		 2.00286
US_htc              		 0.654637
US_hti              		 0.601696
US_htcg             		 0.602662
US_htig             		 0.143859
US_i                		 0.953538
US_ig               		 0.194828
US_ii               		 1.27138
US_im               		 0.476372
US_imc              		 0.307788
US_imi              		 0.122569
US_imcg             		 0.0323945
US_imig             		 0.013621
US_imy              		 0.119665
US_internalrer      		 0.964165
US_igy              		 0.04
US_k                		 38.1415
US_kd               		 38.1415
US_kdn              		 17.4556
US_kdt              		 20.6859
US_ki               		 50.8554
US_lambdai          		 0.932455
US_lambdaj          		 2.97608
US_lcy              		 0.605119
US_m                		 1.1496
US_mcn              		 0.772618
US_mct              		 0.772618
US_mi               		 1.38786
US_mj               		 0.434839
US_nd               		 2.23872
US_ndi              		 0.896163
US_ndj              		 1.43666
US_ndn              		 1.02456
US_ndt              		 1.21416
US_ni               		 0.896163
US_nj               		 1.43666
US_nt               		 2.22092
US_ntc              		 1.79008
US_nti              		 0.237813
US_ntcg             		 0.154568
US_ntig             		 0.0384589
US_pex              		 0.927141
US_pht              		 0.927141
US_phttilde         		 0.927141
US_pi               		 0.982502
US_pcg              		 0.952628
US_pig              		 0.961722
US_pic              		 1.00496
US_pic4             		 1.02
US_piex4            		 1.02
US_piht             		 1.00496
US_piimc            		 1.00496
US_piimi            		 1.00496
US_piimcg           		 1.00496
US_piimig           		 1.00496
US_piimc4           		 1.02
US_pim              		 1.17669
US_pimc             		 1.17667
US_pimi             		 1.17664
US_pimcg            		 1.17719
US_pimig            		 1.17648
US_pint             		 1.00496
US_piw              		 1.00496
US_piw4             		 1.02
US_pnt              		 0.987234
US_pnttilde         		 0.987234
US_pttc             		 1.02393
US_ptti             		 0.980927
US_pttcg            		 0.944073
US_pttig            		 0.955396
US_py               		 0.954331
US_q                		 0.982502
US_qc               		 2.73633
US_qi               		 0.953538
US_qcg              		 0.786753
US_qig              		 0.194828
US_r                		 1.01242
US_reer             		 1.29647
US_rer              		 1
US_rk               		 0.0318498
US_rr               		 1.00742
US_rrstar           		 1.00742
US_sh               		 1
US_si               		 1
US_sj               		 1
US_snt              		 1
US_t                		 0
US_tauc             		 0.077
US_taud             		 0
US_tauk             		 0
US_taun             		 0.154
US_tauwf            		 0.071
US_tauwh            		 0.071
US_tb               		 0.0742295
US_tby              		 0.0158466
US_ti               		 0
US_tj               		 0
US_tr               		 -0.019465
US_tri              		 -0.0129767
US_trj              		 -0.03893
US_try              		 -0.0041554
US_ttc              		 0.94646
US_tti              		 0.715728
US_ttcg             		 0.632248
US_ttig             		 0.156378
US_ty               		 0
US_u                		 1
US_utili            		 -33.8225
US_utilj            		 -293.119
US_vj               		 2.38
US_w                		 1.1822
US_wcst             		 0
US_whty             		 0.576068
US_wi               		 1.28915
US_witilde          		 1.28915
US_wj               		 1.03806
US_wjtilde          		 1.03806
US_wnty             		 0.55243
US_wy               		 0.565003
US_y                		 4.90843
US_ygap             		 0
US_ygrowth          		 1
US_ygrowth4         		 1
US_yhty             		 0.53193
US_ynty             		 0.46807
US_yshare           		 0.205945
US_ysn              		 2.22092
US_yst              		 2.68751
US_zcon             		 1
US_zinv             		 1
US_zn               		 1
US_zt               		 1
US_gammav1          		 0.0287061
US_gammav2          		 0.150338
US_nutc             		 0.539624
US_nuti             		 0.730134
US_nutcg            		 0.911041
US_nutig            		 0.853432
US_psit             		 0.05766
USEAA_rerbar        		 1.04754
USEAB_rerbar        		 1.07208
USEAC_rerbar        		 1.01261
USEAD_rerbar        		 1.35374
USEAE_rerbar        		 1.14466
USEAF_rerbar        		 1.26386
USEAG_rerbar        		 1.21
USEAH_rerbar        		 1.03401
USEAI_rerbar        		 1.35775
USEAJ_rerbar        		 1.11999
USEAK_rerbar        		 1.16195
USEAL_rerbar        		 2.24471
USRW_rerbar         		 1.19208
US_pibar            		 0.982502
US_psinbar          		 0.177673
US_psitbar          		 0.154962
US_pybar            		 0.954331
US_qbar             		 0.982502
US_trybar           		 -0.0041554
US_ybar             		 4.90843
US_ynbar            		 2.22092
US_ytbar            		 2.68751
EAAEAB_numc         		 0.00348074
EAAEAB_numi         		 0.00348208
EAAEAB_numcg        		 0.0034709
EAAEAB_numig        		 0.00350698
EAAEAC_numc         		 0.00370746
EAAEAC_numi         		 0.00370996
EAAEAC_numcg        		 0.0037122
EAAEAC_numig        		 0.0037029
EAAEAD_numc         		 0.0190272
EAAEAD_numi         		 0.0190223
EAAEAD_numcg        		 0.0190245
EAAEAD_numig        		 0.0189814
EAAEAE_numc         		 0.00251051
EAAEAE_numi         		 0.00250429
EAAEAE_numcg        		 0.00250332
EAAEAE_numig        		 0.0025433
EAAEAF_numc         		 0.0333756
EAAEAF_numi         		 0.0333766
EAAEAF_numcg        		 0.0333868
EAAEAF_numig        		 0.0334129
EAAEAG_numc         		 0.00249164
EAAEAG_numi         		 0.00248756
EAAEAG_numcg        		 0.00248057
EAAEAG_numig        		 0.00244414
EAAEAH_numc         		 0.00257939
EAAEAH_numi         		 0.00257869
EAAEAH_numcg        		 0.00258075
EAAEAH_numig        		 0.00254727
EAAEAI_numc         		 0.028995
EAAEAI_numi         		 0.0290012
EAAEAI_numcg        		 0.0290014
EAAEAI_numig        		 0.0289876
EAAEAJ_numc         		 0.00774821
EAAEAJ_numi         		 0.0077453
EAAEAJ_numcg        		 0.00775508
EAAEAJ_numig        		 0.00770853
EAAEAK_numc         		 0.00232569
EAAEAK_numi         		 0.0023246
EAAEAK_numcg        		 0.00232947
EAAEAK_numig        		 0.00231473
EAAEAL_numc         		 0.139896
EAAEAL_numi         		 0.139901
EAAEAL_numcg        		 0.13991
EAAEAL_numig        		 0.139864
EAAUS_numc          		 0.180528
EAAUS_numi          		 0.18053
EAAUS_numcg         		 0.18053
EAAUS_numig         		 0.180541
EABEAA_numc         		 0.00327932
EABEAA_numi         		 0.00327758
EABEAA_numcg        		 0.00327082
EABEAA_numig        		 0.0032984
EABEAC_numc         		 0.00370721
EABEAC_numi         		 0.00370693
EABEAC_numcg        		 0.00371643
EABEAC_numig        		 0.00368145
EABEAD_numc         		 0.0190326
EABEAD_numi         		 0.0190267
EABEAD_numcg        		 0.019034
EABEAD_numig        		 0.0189901
EABEAE_numc         		 0.00251001
EABEAE_numi         		 0.00251094
EABEAE_numcg        		 0.00251291
EABEAE_numig        		 0.00252856
EABEAF_numc         		 0.0333872
EABEAF_numi         		 0.0333845
EABEAF_numcg        		 0.033387
EABEAF_numig        		 0.0334069
EABEAG_numc         		 0.00249
EABEAG_numi         		 0.00248594
EABEAG_numcg        		 0.00247696
EABEAG_numig        		 0.00246643
EABEAH_numc         		 0.00257708
EABEAH_numi         		 0.00257838
EABEAH_numcg        		 0.00258233
EABEAH_numig        		 0.0025501
EABEAI_numc         		 0.0289996
EABEAI_numi         		 0.0290067
EABEAI_numcg        		 0.0290062
EABEAI_numig        		 0.0290323
EABEAJ_numc         		 0.00774629
EABEAJ_numi         		 0.00775011
EABEAJ_numcg        		 0.00775005
EABEAJ_numig        		 0.00776689
EABEAK_numc         		 0.00232726
EABEAK_numi         		 0.00232616
EABEAK_numcg        		 0.00233615
EABEAK_numig        		 0.00232622
EABEAL_numc         		 0.139918
EABEAL_numi         		 0.139914
EABEAL_numcg        		 0.139964
EABEAL_numig        		 0.139883
EABRW_numc          		 0.573453
EABRW_numi          		 0.573459
EABRW_numcg         		 0.573439
EABRW_numig         		 0.573452
EACEAB_numc         		 0.00347995
EACEAB_numi         		 0.00348033
EACEAB_numcg        		 0.00348154
EACEAB_numig        		 0.00345281
EACEAD_numc         		 0.0190347
EACEAD_numi         		 0.0190327
EACEAD_numcg        		 0.0190264
EACEAD_numig        		 0.0190809
EACEAE_numc         		 0.00251049
EACEAE_numi         		 0.00250844
EACEAE_numcg        		 0.00250567
EACEAE_numig        		 0.00250872
EACEAF_numc         		 0.0333897
EACEAF_numi         		 0.0333879
EACEAF_numcg        		 0.0333869
EACEAF_numig        		 0.0333714
EACEAG_numc         		 0.00248866
EACEAG_numi         		 0.00249478
EACEAG_numcg        		 0.00249182
EACEAG_numig        		 0.00246764
EACEAH_numc         		 0.0025782
EACEAH_numi         		 0.00257941
EACEAH_numcg        		 0.00257428
EACEAH_numig        		 0.00255986
EACEAI_numc         		 0.0290111
EACEAI_numi         		 0.0290142
EACEAI_numcg        		 0.0289988
EACEAI_numig        		 0.0289942
EACEAJ_numc         		 0.00775041
EACEAJ_numi         		 0.0077477
EACEAJ_numcg        		 0.00775194
EACEAJ_numig        		 0.00774081
EACEAK_numc         		 0.00232761
EACEAK_numi         		 0.00233007
EACEAK_numcg        		 0.00232403
EACEAK_numig        		 0.00232201
EACEAL_numc         		 0.139954
EACEAL_numi         		 0.13994
EACEAL_numcg        		 0.139947
EACEAL_numig        		 0.139828
EACRW_numc          		 0.573582
EACRW_numi          		 0.573586
EACRW_numcg         		 0.573593
EACRW_numig         		 0.57364
EACUS_numc          		 0.180608
EACUS_numi          		 0.180612
EACUS_numcg         		 0.18061
EACUS_numig         		 0.180663
EADEAA_numc         		 0.00333007
EADEAA_numi         		 0.00333374
EADEAA_numcg        		 0.00333904
EADEAA_numig        		 0.00334639
EADEAC_numc         		 0.00376857
EADEAC_numi         		 0.00376874
EADEAC_numcg        		 0.00376308
EADEAC_numig        		 0.00373301
EADEAE_numc         		 0.00255071
EADEAE_numi         		 0.00255596
EADEAE_numcg        		 0.00256604
EADEAE_numig        		 0.00249072
EADEAF_numc         		 0.0339117
EADEAF_numi         		 0.0339139
EADEAF_numcg        		 0.0339134
EADEAF_numig        		 0.0338522
EADEAG_numc         		 0.0025283
EADEAG_numi         		 0.00252264
EADEAG_numcg        		 0.00252889
EADEAG_numig        		 0.00244993
EADEAH_numc         		 0.00262059
EADEAH_numi         		 0.00261385
EADEAH_numcg        		 0.0026104
EADEAH_numig        		 0.00260059
EADEAI_numc         		 0.0294642
EADEAI_numi         		 0.0294688
EADEAI_numcg        		 0.0294378
EADEAI_numig        		 0.0295136
EADEAJ_numc         		 0.00786756
EADEAJ_numi         		 0.00787797
EADEAJ_numcg        		 0.0078732
EADEAJ_numig        		 0.00789297
EADEAK_numc         		 0.00236612
EADEAK_numi         		 0.0023633
EADEAK_numcg        		 0.00237839
EADEAK_numig        		 0.00237971
EADEAL_numc         		 0.142133
EADEAL_numi         		 0.142132
EADEAL_numcg        		 0.14211
EADEAL_numig        		 0.142252
EADRW_numc          		 0.582509
EADRW_numi          		 0.582515
EADRW_numcg         		 0.582535
EADRW_numig         		 0.582467
EADUS_numc          		 0.183416
EADUS_numi          		 0.183416
EADUS_numcg         		 0.183433
EADUS_numig         		 0.183407
EAEEAA_numc         		 0.00327752
EAEEAA_numi         		 0.00327709
EAEEAA_numcg        		 0.00327419
EAEEAA_numig        		 0.00324245
EAEEAB_numc         		 0.00347714
EAEEAB_numi         		 0.00347528
EAEEAB_numcg        		 0.00348147
EAEEAB_numig        		 0.00350273
EAEEAD_numc         		 0.0190135
EAEEAD_numi         		 0.019013
EAEEAD_numcg        		 0.0190268
EAEEAD_numig        		 0.0190111
EAEEAF_numc         		 0.0333517
EAEEAF_numi         		 0.0333464
EAEEAF_numcg        		 0.033357
EAEEAF_numig        		 0.0333698
EAEEAG_numc         		 0.00248881
EAEEAG_numi         		 0.00248921
EAEEAG_numcg        		 0.00249914
EAEEAG_numig        		 0.00251325
EAEEAH_numc         		 0.00257508
EAEEAH_numi         		 0.00257491
EAEEAH_numcg        		 0.00258142
EAEEAH_numig        		 0.00260981
EAEEAI_numc         		 0.0289726
EAEEAI_numi         		 0.0289721
EAEEAI_numcg        		 0.028962
EAEEAI_numig        		 0.0289229
EAEEAJ_numc         		 0.00774024
EAEEAJ_numi         		 0.00774157
EAEEAJ_numcg        		 0.00773473
EAEEAJ_numig        		 0.00778197
EAEEAK_numc         		 0.00232588
EAEEAK_numi         		 0.00232204
EAEEAK_numcg        		 0.00231999
EAEEAK_numig        		 0.00228864
EAEEAL_numc         		 0.139785
EAEEAL_numi         		 0.139776
EAEEAL_numcg        		 0.13978
EAEEAL_numig        		 0.13989
EAERW_numc          		 0.572894
EAERW_numi          		 0.572907
EAERW_numcg         		 0.572888
EAERW_numig         		 0.572812
EAEUS_numc          		 0.180391
EAEUS_numi          		 0.180394
EAEUS_numcg         		 0.180387
EAEUS_numig         		 0.180345
EAFEAA_numc         		 0.00338275
EAFEAA_numi         		 0.00338516
EAFEAA_numcg        		 0.00339093
EAFEAA_numig        		 0.00343277
EAFEAB_numc         		 0.00358644
EAFEAB_numi         		 0.00359251
EAFEAB_numcg        		 0.00360207
EAFEAB_numig        		 0.00359245
EAFEAC_numc         		 0.00382333
EAFEAC_numi         		 0.00382298
EAFEAC_numcg        		 0.00381331
EAFEAC_numig        		 0.00386698
EAFEAE_numc         		 0.00258613
EAFEAE_numi         		 0.00258794
EAFEAE_numcg        		 0.00258325
EAFEAE_numig        		 0.00258789
EAFEAG_numc         		 0.00256545
EAFEAG_numi         		 0.00256441
EAFEAG_numcg        		 0.00255976
EAFEAG_numig        		 0.00258123
EAFEAH_numc         		 0.00265642
EAFEAH_numi         		 0.00266187
EAFEAH_numcg        		 0.00266315
EAFEAH_numig        		 0.0026374
EAFEAI_numc         		 0.0298989
EAFEAI_numi         		 0.0299065
EAFEAI_numcg        		 0.0298765
EAFEAI_numig        		 0.0299489
EAFEAJ_numc         		 0.00798411
EAFEAJ_numi         		 0.00798144
EAFEAJ_numcg        		 0.00800268
EAFEAJ_numig        		 0.00798129
EAFEAK_numc         		 0.00239978
EAFEAK_numi         		 0.00239668
EAFEAK_numcg        		 0.00240384
EAFEAK_numig        		 0.00235055
EAFEAL_numc         		 0.144242
EAFEAL_numi         		 0.144226
EAFEAL_numcg        		 0.144237
EAFEAL_numig        		 0.144459
EAFRW_numc          		 0.591124
EAFRW_numi          		 0.591145
EAFRW_numcg         		 0.591126
EAFRW_numig         		 0.591062
EAFUS_numc          		 0.186129
EAFUS_numi          		 0.18614
EAFUS_numcg         		 0.186126
EAFUS_numig         		 0.186165
EAGEAA_numc         		 0.00327788
EAGEAA_numi         		 0.00328552
EAGEAA_numcg        		 0.00327899
EAGEAA_numig        		 0.00335333
EAGEAB_numc         		 0.00347614
EAGEAB_numi         		 0.00347607
EAGEAB_numcg        		 0.00348933
EAGEAB_numig        		 0.00345785
EAGEAC_numc         		 0.00370555
EAGEAC_numi         		 0.0037099
EAGEAC_numcg        		 0.00370929
EAGEAC_numig        		 0.00366302
EAGEAD_numc         		 0.0190162
EAGEAD_numi         		 0.0190089
EAGEAD_numcg        		 0.0189945
EAGEAD_numig        		 0.0190395
EAGEAF_numc         		 0.033352
EAGEAF_numi         		 0.0333512
EAGEAF_numcg        		 0.0333349
EAGEAF_numig        		 0.0332991
EAGEAH_numc         		 0.00257629
EAGEAH_numi         		 0.00256764
EAGEAH_numcg        		 0.00258192
EAGEAH_numig        		 0.00265444
EAGEAI_numc         		 0.0289729
EAGEAI_numi         		 0.0289788
EAGEAI_numcg        		 0.0289571
EAGEAI_numig        		 0.0291014
EAGEAJ_numc         		 0.00773985
EAGEAJ_numi         		 0.00774308
EAGEAJ_numcg        		 0.00775221
EAGEAJ_numig        		 0.00768227
EAGEAK_numc         		 0.00232644
EAGEAK_numi         		 0.00231384
EAGEAK_numcg        		 0.00233395
EAGEAK_numig        		 0.00235755
EAGEAL_numc         		 0.139777
EAGEAL_numi         		 0.139771
EAGEAL_numcg        		 0.139805
EAGEAL_numig        		 0.139607
EAGRW_numc          		 0.572887
EAGRW_numi          		 0.572895
EAGRW_numcg         		 0.5729
EAGRW_numig         		 0.572882
EAGUS_numc          		 0.18039
EAGUS_numi          		 0.180383
EAGUS_numcg         		 0.180378
EAGUS_numig         		 0.180387
EAHEAA_numc         		 0.00327786
EAHEAA_numi         		 0.00327587
EAHEAA_numcg        		 0.00327843
EAHEAA_numig        		 0.00328029
EAHEAB_numc         		 0.00347702
EAHEAB_numi         		 0.00347977
EAHEAB_numcg        		 0.00346729
EAHEAB_numig        		 0.00349931
EAHEAC_numc         		 0.00370603
EAHEAC_numi         		 0.00370589
EAHEAC_numcg        		 0.00370834
EAHEAC_numig        		 0.00371416
EAHEAD_numc         		 0.0190193
EAHEAD_numi         		 0.0190166
EAHEAD_numcg        		 0.0190233
EAHEAD_numig        		 0.0190239
EAHEAE_numc         		 0.00250786
EAHEAE_numi         		 0.00250485
EAHEAE_numcg        		 0.00250337
EAHEAE_numig        		 0.00249897
EAHEAG_numc         		 0.00249038
EAHEAG_numi         		 0.00248925
EAHEAG_numcg        		 0.00249864
EAHEAG_numig        		 0.00249559
EAHEAI_numc         		 0.028979
EAHEAI_numi         		 0.0289768
EAHEAI_numcg        		 0.0289882
EAHEAI_numig        		 0.028951
EAHEAJ_numc         		 0.00774008
EAHEAJ_numi         		 0.0077419
EAHEAJ_numcg        		 0.00773076
EAHEAJ_numig        		 0.00772518
EAHEAK_numc         		 0.00232233
EAHEAK_numi         		 0.00232551
EAHEAK_numcg        		 0.00233443
EAHEAK_numig        		 0.00232541
EAHEAL_numc         		 0.139793
EAHEAL_numi         		 0.139785
EAHEAL_numcg        		 0.139837
EAHEAL_numig        		 0.139869
EAHRW_numc          		 0.572937
EAHRW_numi          		 0.57294
EAHRW_numcg         		 0.572926
EAHRW_numig         		 0.572903
EAHUS_numc          		 0.180401
EAHUS_numi          		 0.180407
EAHUS_numcg         		 0.180399
EAHUS_numig         		 0.180378
EAIEAA_numc         		 0.00336684
EAIEAA_numi         		 0.0033665
EAIEAA_numcg        		 0.0033512
EAIEAA_numig        		 0.003397
EAIEAB_numc         		 0.00357251
EAIEAB_numi         		 0.0035715
EAIEAB_numcg        		 0.00357998
EAIEAB_numig        		 0.00352289
EAIEAC_numc         		 0.00380492
EAIEAC_numi         		 0.00380932
EAIEAC_numcg        		 0.00382025
EAIEAC_numig        		 0.0037678
EAIEAD_numc         		 0.019534
EAIEAD_numi         		 0.0195306
EAIEAD_numcg        		 0.0195348
EAIEAD_numig        		 0.0196401
EAIEAE_numc         		 0.00257541
EAIEAE_numi         		 0.00256847
EAIEAE_numcg        		 0.00255298
EAIEAE_numig        		 0.00258787
EAIEAF_numc         		 0.0342572
EAIEAF_numi         		 0.0342521
EAIEAF_numcg        		 0.0342815
EAIEAF_numig        		 0.0343495
EAIEAH_numc         		 0.002648
EAIEAH_numi         		 0.00264448
EAIEAH_numcg        		 0.00263194
EAIEAH_numig        		 0.00264471
EAIEAJ_numc         		 0.00795355
EAIEAJ_numi         		 0.00795288
EAIEAJ_numcg        		 0.0079536
EAIEAJ_numig        		 0.00798983
EAIEAK_numc         		 0.00238914
EAIEAK_numi         		 0.00239333
EAIEAK_numcg        		 0.00239968
EAIEAK_numig        		 0.00245193
EAIEAL_numc         		 0.143574
EAIEAL_numi         		 0.143576
EAIEAL_numcg        		 0.143607
EAIEAL_numig        		 0.14329
EAIRW_numc          		 0.588476
EAIRW_numi          		 0.588482
EAIRW_numcg         		 0.588475
EAIRW_numig         		 0.588535
EAIUS_numc          		 0.185296
EAIUS_numi          		 0.185289
EAIUS_numcg         		 0.185283
EAIUS_numig         		 0.185324
EAJEAA_numc         		 0.00329568
EAJEAA_numi         		 0.00329695
EAJEAA_numcg        		 0.00330025
EAJEAA_numig        		 0.00326099
EAJEAB_numc         		 0.00349453
EAJEAB_numi         		 0.00349311
EAJEAB_numcg        		 0.00348972
EAJEAB_numig        		 0.00352275
EAJEAC_numc         		 0.00372429
EAJEAC_numi         		 0.00372548
EAJEAC_numcg        		 0.00372828
EAJEAC_numig        		 0.0036923
EAJEAD_numc         		 0.0191149
EAJEAD_numi         		 0.0191205
EAJEAD_numcg        		 0.0191007
EAJEAD_numig        		 0.0190574
EAJEAE_numc         		 0.00251937
EAJEAE_numi         		 0.00251855
EAJEAE_numcg        		 0.00252747
EAJEAE_numig        		 0.00248426
EAJEAF_numc         		 0.0335257
EAJEAF_numi         		 0.0335255
EAJEAF_numcg        		 0.0335423
EAJEAF_numig        		 0.0335848
EAJEAG_numc         		 0.00250185
EAJEAG_numi         		 0.00249993
EAJEAG_numcg        		 0.00249626
EAJEAG_numig        		 0.0025386
EAJEAI_numc         		 0.0291258
EAJEAI_numi         		 0.0291208
EAJEAI_numcg        		 0.029124
EAJEAI_numig        		 0.0290742
EAJEAK_numc         		 0.00233706
EAJEAK_numi         		 0.00233489
EAJEAK_numcg        		 0.00234069
EAJEAK_numig        		 0.00231173
EAJEAL_numc         		 0.140525
EAJEAL_numi         		 0.140537
EAJEAL_numcg        		 0.140482
EAJEAL_numig        		 0.140459
EAJRW_numc          		 0.575909
EAJRW_numi          		 0.575905
EAJRW_numcg         		 0.575932
EAJRW_numig         		 0.575993
EAJUS_numc          		 0.181338
EAJUS_numi          		 0.181334
EAJUS_numcg         		 0.181342
EAJUS_numig         		 0.181349
EAKEAA_numc         		 0.0032774
EAKEAA_numi         		 0.00327845
EAKEAA_numcg        		 0.00328669
EAKEAA_numig        		 0.00324263
EAKEAB_numc         		 0.00347785
EAKEAB_numi         		 0.00347675
EAKEAB_numcg        		 0.00348712
EAKEAB_numig        		 0.00350293
EAKEAC_numc         		 0.00370386
EAKEAC_numi         		 0.00370735
EAKEAC_numcg        		 0.00371597
EAKEAC_numig        		 0.00369649
EAKEAD_numc         		 0.0190117
EAKEAD_numi         		 0.0190079
EAKEAD_numcg        		 0.0190087
EAKEAD_numig        		 0.0190948
EAKEAE_numc         		 0.00250715
EAKEAE_numi         		 0.00250061
EAKEAE_numcg        		 0.00249639
EAKEAE_numig        		 0.00247028
EAKEAF_numc         		 0.0333462
EAKEAF_numi         		 0.0333374
EAKEAF_numcg        		 0.0333366
EAKEAF_numig        		 0.0333958
EAKEAG_numc         		 0.00248597
EAKEAG_numi         		 0.00248166
EAKEAG_numcg        		 0.00249215
EAKEAG_numig        		 0.00244782
EAKEAH_numc         		 0.0025748
EAKEAH_numi         		 0.00257112
EAKEAH_numcg        		 0.00258529
EAKEAH_numig        		 0.00254668
EAKEAJ_numc         		 0.00773897
EAKEAJ_numi         		 0.00773867
EAKEAJ_numcg        		 0.00774729
EAKEAJ_numig        		 0.00778241
EAKEAL_numc         		 0.139752
EAKEAL_numi         		 0.139778
EAKEAL_numcg        		 0.139764
EAKEAL_numig        		 0.139668
EAKRW_numc          		 0.572796
EAKRW_numi          		 0.572786
EAKRW_numcg         		 0.5728
EAKRW_numig         		 0.572752
EAKUS_numc          		 0.180359
EAKUS_numi          		 0.180352
EAKUS_numcg         		 0.180368
EAKUS_numig         		 0.180392
EALEAA_numc         		 0.00379749
EALEAA_numi         		 0.00379804
EALEAA_numcg        		 0.00380596
EALEAA_numig        		 0.0037507
EALEAB_numc         		 0.00403151
EALEAB_numi         		 0.00402575
EALEAB_numcg        		 0.00403805
EALEAB_numig        		 0.00405178
EALEAC_numc         		 0.00429338
EALEAC_numi         		 0.00429186
EALEAC_numcg        		 0.00430307
EALEAC_numig        		 0.00425916
EALEAD_numc         		 0.0220422
EALEAD_numi         		 0.0220319
EALEAD_numcg        		 0.0220119
EALEAD_numig        		 0.0219911
EALEAE_numc         		 0.00290724
EALEAE_numi         		 0.00290246
EALEAE_numcg        		 0.00289079
EALEAE_numig        		 0.00285733
EALEAF_numc         		 0.0386602
EALEAF_numi         		 0.0386626
EALEAF_numcg        		 0.0386566
EALEAF_numig        		 0.0386284
EALEAG_numc         		 0.00288302
EALEAG_numi         		 0.0028817
EALEAG_numcg        		 0.00288589
EALEAG_numig        		 0.00288191
EALEAH_numc         		 0.00298837
EALEAH_numi         		 0.00298817
EALEAH_numcg        		 0.00299374
EALEAH_numig        		 0.002964
EALEAI_numc         		 0.0335839
EALEAI_numi         		 0.0335827
EALEAI_numcg        		 0.0336026
EALEAI_numig        		 0.0335852
EALEAK_numc         		 0.00269176
EALEAK_numi         		 0.00270089
EALEAK_numcg        		 0.00271558
EALEAK_numig        		 0.00276248
EALRW_numc          		 0.664054
EALRW_numi          		 0.664054
EALRW_numcg         		 0.664059
EALRW_numig         		 0.664015
EALUS_numc          		 0.209093
EALUS_numi          		 0.209093
EALUS_numcg         		 0.209106
EALUS_numig         		 0.209123
RWEAA_numc          		 0.00384019
RWEAA_numi          		 0.00762775
RWEAA_numcg         		 0.00759988
RWEAA_numig         		 0.0075816
RWEAB_numc          		 0.00407376
RWEAB_numi          		 0.00808839
RWEAB_numcg         		 0.00811336
RWEAB_numig         		 0.00819019
RWEAC_numc          		 0.00433954
RWEAC_numi          		 0.00862905
RWEAC_numcg         		 0.00859475
RWEAC_numig         		 0.00856491
RWEAD_numc          		 0.0222738
RWEAD_numi          		 0.0442577
RWEAD_numcg         		 0.0441949
RWEAD_numig         		 0.044345
RWEAE_numc          		 0.00293667
RWEAE_numi          		 0.00582279
RWEAE_numcg         		 0.00578968
RWEAE_numig         		 0.00588271
RWEAF_numc          		 0.0390635
RWEAF_numi          		 0.0776233
RWEAF_numcg         		 0.0775734
RWEAF_numig         		 0.0775569
RWEAG_numc          		 0.00291788
RWEAG_numi          		 0.00579562
RWEAG_numcg         		 0.00582142
RWEAG_numig         		 0.00566363
RWEAH_numc          		 0.00301963
RWEAH_numi          		 0.00599223
RWEAH_numcg         		 0.00595349
RWEAH_numig         		 0.00604069
RWEAI_numc          		 0.0339388
RWEAI_numi          		 0.06743
RWEAI_numcg         		 0.0674771
RWEAI_numig         		 0.06752
RWEAJ_numc          		 0.00906571
RWEAJ_numi          		 0.018026
RWEAJ_numcg         		 0.0180254
RWEAJ_numig         		 0.0179433
RWEAL_numc          		 0.817184
RWEAL_numi          		 0.325395
RWEAL_numcg         		 0.325354
RWEAL_numig         		 0.325307
RWUS_numc           		 0.0546331
RWUS_numi           		 0.419883
RWUS_numcg          		 0.419856
RWUS_numig          		 0.419975
USEAA_numc          		 0.00398584
USEAA_numi          		 0.00398088
USEAA_numcg         		 0.00397811
USEAA_numig         		 0.00396243
USEAB_numc          		 0.0042317
USEAB_numi          		 0.00423841
USEAB_numcg         		 0.00421931
USEAB_numig         		 0.0042805
USEAC_numc          		 0.00450827
USEAC_numi          		 0.00451095
USEAC_numcg         		 0.0044792
USEAC_numig         		 0.00445865
USEAD_numc          		 0.0231327
USEAD_numi          		 0.0231211
USEAD_numcg         		 0.0231032
USEAD_numig         		 0.0230568
USEAE_numc          		 0.00304808
USEAE_numi          		 0.00306184
USEAE_numcg         		 0.00303057
USEAE_numig         		 0.00306237
USEAF_numc          		 0.0405649
USEAF_numi          		 0.040557
USEAF_numcg         		 0.040519
USEAF_numig         		 0.0405938
USEAG_numc          		 0.00303115
USEAG_numi          		 0.00303401
USEAG_numcg         		 0.00307127
USEAG_numig         		 0.00292616
USEAH_numc          		 0.00313064
USEAH_numi          		 0.00313694
USEAH_numcg         		 0.00311196
USEAH_numig         		 0.0031767
USEAI_numc          		 0.035237
USEAI_numi          		 0.0352307
USEAI_numcg         		 0.0351748
USEAI_numig         		 0.0353747
USEAJ_numc          		 0.00941981
USEAJ_numi          		 0.00941643
USEAJ_numcg         		 0.00937399
USEAJ_numig         		 0.00950993
USEAK_numc          		 0.00282902
USEAK_numi          		 0.00283687
USEAK_numcg         		 0.00279679
USEAK_numig         		 0.0028867
USRW_numc           		 0.696865
USRW_numi           		 0.696886
USRW_numcg          		 0.696332
USRW_numig          		 0.696978
EAAEAL_nerdep       		 1
EAA_gammabh         		 0
EABEAL_nerdep       		 1
EAB_gammabh         		 0
EACEAL_nerdep       		 1
EAC_gammabh         		 0
EADEAL_nerdep       		 1
EAD_gammabh         		 0
EAEEAL_nerdep       		 1
EAE_gammabh         		 0
EAFEAL_nerdep       		 1
EAF_gammabh         		 0
EAGEAL_nerdep       		 1
EAG_gammabh         		 0
EAHEAL_nerdep       		 1
EAH_gammabh         		 0
EAIEAL_nerdep       		 1
EAI_gammabh         		 0
EAJEAL_nerdep       		 1
EAJ_gammabh         		 0
EAKEAL_nerdep       		 1
EAK_gammabh         		 0
EAA_bh              		 0
EAB_bh              		 0
EAC_bh              		 0
EAD_bh              		 0
EAE_bh              		 -2.0337e-17
EAF_bh              		 -1.6067e-17
EAG_bh              		 0
EAH_bh              		 0
EAI_bh              		 0
EAJ_bh              		 0
EAK_bh              		 0
EAL_bh              		 1.86332e-16
Total computing time : 0h01m57s
