country,variable,year,value
AT,ATBE_imcgy,1995,0.000477
AT,ATBE_imcgy,1996,0.000504
AT,ATBE_imcgy,1997,0.000478
AT,ATBE_imcgy,1998,0.000486
AT,ATBE_imcgy,1999,0.000481
AT,ATBE_imcgy,2000,0.000453
AT,ATBE_imcgy,2001,0.000435
AT,ATBE_imcgy,2002,0.000408
AT,ATBE_imcgy,2003,0.000406
AT,ATBE_imcgy,2004,0.000461
AT,ATBE_imcgy,2005,0.000456
AT,ATBE_imcgy,2006,0.000374
AT,ATBE_imcgy,2007,0.000381
AT,ATBE_imcgy,2008,0.000482
AT,ATBE_imcgy,2009,0.000498
AT,ATBE_imcgy,2010,0.000510
AT,ATBE_imcgy,2011,0.000494
AT,ATBE_imcgy,2012,0.000523
AT,ATBE_imcgy,2013,0.000519
AT,ATBE_imcgy,2014,0.000527
AT,ATBE_imcgy,2015,0.000501
AT,ATBE_imcgy,2016,0.000537
AT,ATBE_imcgy,2017,0.000559
AT,ATBE_imcgy,2018,0.000539
AT,ATBE_imcgy,2019,0.000523
AT,ATBE_imcgy,2020,0.000546
AT,ATBE_imcgy,average,0.000490
AT,ATBE_imcy,1995,0.003326
AT,ATBE_imcy,1996,0.003194
AT,ATBE_imcy,1997,0.003169
AT,ATBE_imcy,1998,0.003111
AT,ATBE_imcy,1999,0.002847
AT,ATBE_imcy,2000,0.002880
AT,ATBE_imcy,2001,0.002794
AT,ATBE_imcy,2002,0.002756
AT,ATBE_imcy,2003,0.002673
AT,ATBE_imcy,2004,0.002888
AT,ATBE_imcy,2005,0.002697
AT,ATBE_imcy,2006,0.002292
AT,ATBE_imcy,2007,0.002351
AT,ATBE_imcy,2008,0.002472
AT,ATBE_imcy,2009,0.002298
AT,ATBE_imcy,2010,0.002467
AT,ATBE_imcy,2011,0.002404
AT,ATBE_imcy,2012,0.002354
AT,ATBE_imcy,2013,0.002450
AT,ATBE_imcy,2014,0.002455
AT,ATBE_imcy,2015,0.002189
AT,ATBE_imcy,2016,0.002215
AT,ATBE_imcy,2017,0.002169
AT,ATBE_imcy,2018,0.002047
AT,ATBE_imcy,2019,0.002039
AT,ATBE_imcy,2020,0.002005
AT,ATBE_imcy,average,0.002474
AT,ATBE_imigy,1995,0.000045
AT,ATBE_imigy,1996,0.000044
AT,ATBE_imigy,1997,0.000043
AT,ATBE_imigy,1998,0.000043
AT,ATBE_imigy,1999,0.000037
AT,ATBE_imigy,2000,0.000039
AT,ATBE_imigy,2001,0.000042
AT,ATBE_imigy,2002,0.000044
AT,ATBE_imigy,2003,0.000040
AT,ATBE_imigy,2004,0.000046
AT,ATBE_imigy,2005,0.000045
AT,ATBE_imigy,2006,0.000040
AT,ATBE_imigy,2007,0.000042
AT,ATBE_imigy,2008,0.000045
AT,ATBE_imigy,2009,0.000041
AT,ATBE_imigy,2010,0.000040
AT,ATBE_imigy,2011,0.000040
AT,ATBE_imigy,2012,0.000041
AT,ATBE_imigy,2013,0.000043
AT,ATBE_imigy,2014,0.000046
AT,ATBE_imigy,2015,0.000038
AT,ATBE_imigy,2016,0.000037
AT,ATBE_imigy,2017,0.000035
AT,ATBE_imigy,2018,0.000038
AT,ATBE_imigy,2019,0.000041
AT,ATBE_imigy,2020,0.000040
AT,ATBE_imigy,average,0.000042
AT,ATBE_imiy,1995,0.001887
AT,ATBE_imiy,1996,0.001780
AT,ATBE_imiy,1997,0.001723
AT,ATBE_imiy,1998,0.001680
AT,ATBE_imiy,1999,0.001424
AT,ATBE_imiy,2000,0.001606
AT,ATBE_imiy,2001,0.001592
AT,ATBE_imiy,2002,0.001504
AT,ATBE_imiy,2003,0.001342
AT,ATBE_imiy,2004,0.001519
AT,ATBE_imiy,2005,0.001380
AT,ATBE_imiy,2006,0.001236
AT,ATBE_imiy,2007,0.001324
AT,ATBE_imiy,2008,0.001406
AT,ATBE_imiy,2009,0.001225
AT,ATBE_imiy,2010,0.001164
AT,ATBE_imiy,2011,0.001175
AT,ATBE_imiy,2012,0.001215
AT,ATBE_imiy,2013,0.001256
AT,ATBE_imiy,2014,0.001285
AT,ATBE_imiy,2015,0.001101
AT,ATBE_imiy,2016,0.001104
AT,ATBE_imiy,2017,0.001092
AT,ATBE_imiy,2018,0.001054
AT,ATBE_imiy,2019,0.001151
AT,ATBE_imiy,2020,0.001100
AT,ATBE_imiy,average,0.001306
AT,ATDE_imcgy,1995,0.006509
AT,ATDE_imcgy,1996,0.006368
AT,ATDE_imcgy,1997,0.006351
AT,ATDE_imcgy,1998,0.006392
AT,ATDE_imcgy,1999,0.006609
AT,ATDE_imcgy,2000,0.006077
AT,ATDE_imcgy,2001,0.006654
AT,ATDE_imcgy,2002,0.006170
AT,ATDE_imcgy,2003,0.006874
AT,ATDE_imcgy,2004,0.006685
AT,ATDE_imcgy,2005,0.007000
AT,ATDE_imcgy,2006,0.007315
AT,ATDE_imcgy,2007,0.007350
AT,ATDE_imcgy,2008,0.007413
AT,ATDE_imcgy,2009,0.007086
AT,ATDE_imcgy,2010,0.007095
AT,ATDE_imcgy,2011,0.007032
AT,ATDE_imcgy,2012,0.007096
AT,ATDE_imcgy,2013,0.007310
AT,ATDE_imcgy,2014,0.007611
AT,ATDE_imcgy,2015,0.007235
AT,ATDE_imcgy,2016,0.007207
AT,ATDE_imcgy,2017,0.007341
AT,ATDE_imcgy,2018,0.008067
AT,ATDE_imcgy,2019,0.007896
AT,ATDE_imcgy,2020,0.008148
AT,ATDE_imcgy,average,0.007165
AT,ATDE_imcy,1995,0.053119
AT,ATDE_imcy,1996,0.052920
AT,ATDE_imcy,1997,0.049130
AT,ATDE_imcy,1998,0.050128
AT,ATDE_imcy,1999,0.050461
AT,ATDE_imcy,2000,0.051334
AT,ATDE_imcy,2001,0.052156
AT,ATDE_imcy,2002,0.049108
AT,ATDE_imcy,2003,0.050944
AT,ATDE_imcy,2004,0.050449
AT,ATDE_imcy,2005,0.050655
AT,ATDE_imcy,2006,0.051844
AT,ATDE_imcy,2007,0.050468
AT,ATDE_imcy,2008,0.049534
AT,ATDE_imcy,2009,0.047971
AT,ATDE_imcy,2010,0.055290
AT,ATDE_imcy,2011,0.054689
AT,ATDE_imcy,2012,0.054829
AT,ATDE_imcy,2013,0.054051
AT,ATDE_imcy,2014,0.054019
AT,ATDE_imcy,2015,0.051650
AT,ATDE_imcy,2016,0.050862
AT,ATDE_imcy,2017,0.051502
AT,ATDE_imcy,2018,0.050487
AT,ATDE_imcy,2019,0.048581
AT,ATDE_imcy,2020,0.045381
AT,ATDE_imcy,average,0.051258
AT,ATDE_imigy,1995,0.000968
AT,ATDE_imigy,1996,0.000983
AT,ATDE_imigy,1997,0.000927
AT,ATDE_imigy,1998,0.000956
AT,ATDE_imigy,1999,0.000950
AT,ATDE_imigy,2000,0.000963
AT,ATDE_imigy,2001,0.001037
AT,ATDE_imigy,2002,0.001020
AT,ATDE_imigy,2003,0.001096
AT,ATDE_imigy,2004,0.001072
AT,ATDE_imigy,2005,0.001093
AT,ATDE_imigy,2006,0.001160
AT,ATDE_imigy,2007,0.001202
AT,ATDE_imigy,2008,0.001182
AT,ATDE_imigy,2009,0.001089
AT,ATDE_imigy,2010,0.001194
AT,ATDE_imigy,2011,0.001224
AT,ATDE_imigy,2012,0.001232
AT,ATDE_imigy,2013,0.001271
AT,ATDE_imigy,2014,0.001271
AT,ATDE_imigy,2015,0.001205
AT,ATDE_imigy,2016,0.001245
AT,ATDE_imigy,2017,0.001270
AT,ATDE_imigy,2018,0.001374
AT,ATDE_imigy,2019,0.001363
AT,ATDE_imigy,2020,0.001356
AT,ATDE_imigy,average,0.001182
AT,ATDE_imiy,1995,0.040613
AT,ATDE_imiy,1996,0.040053
AT,ATDE_imiy,1997,0.036711
AT,ATDE_imiy,1998,0.037300
AT,ATDE_imiy,1999,0.036473
AT,ATDE_imiy,2000,0.039368
AT,ATDE_imiy,2001,0.039216
AT,ATDE_imiy,2002,0.034888
AT,ATDE_imiy,2003,0.036681
AT,ATDE_imiy,2004,0.035602
AT,ATDE_imiy,2005,0.033849
AT,ATDE_imiy,2006,0.035741
AT,ATDE_imiy,2007,0.037731
AT,ATDE_imiy,2008,0.036536
AT,ATDE_imiy,2009,0.032216
AT,ATDE_imiy,2010,0.034874
AT,ATDE_imiy,2011,0.036045
AT,ATDE_imiy,2012,0.036537
AT,ATDE_imiy,2013,0.036862
AT,ATDE_imiy,2014,0.035700
AT,ATDE_imiy,2015,0.034933
AT,ATDE_imiy,2016,0.037259
AT,ATDE_imiy,2017,0.039331
AT,ATDE_imiy,2018,0.037657
AT,ATDE_imiy,2019,0.038059
AT,ATDE_imiy,2020,0.036994
AT,ATDE_imiy,average,0.036676
AT,ATES_imcgy,1995,0.000362
AT,ATES_imcgy,1996,0.000372
AT,ATES_imcgy,1997,0.000430
AT,ATES_imcgy,1998,0.000448
AT,ATES_imcgy,1999,0.000450
AT,ATES_imcgy,2000,0.000446
AT,ATES_imcgy,2001,0.000444
AT,ATES_imcgy,2002,0.000517
AT,ATES_imcgy,2003,0.000495
AT,ATES_imcgy,2004,0.000460
AT,ATES_imcgy,2005,0.000449
AT,ATES_imcgy,2006,0.000449
AT,ATES_imcgy,2007,0.000459
AT,ATES_imcgy,2008,0.000531
AT,ATES_imcgy,2009,0.000542
AT,ATES_imcgy,2010,0.000551
AT,ATES_imcgy,2011,0.000564
AT,ATES_imcgy,2012,0.000407
AT,ATES_imcgy,2013,0.000423
AT,ATES_imcgy,2014,0.000425
AT,ATES_imcgy,2015,0.000408
AT,ATES_imcgy,2016,0.000419
AT,ATES_imcgy,2017,0.000407
AT,ATES_imcgy,2018,0.000439
AT,ATES_imcgy,2019,0.000507
AT,ATES_imcgy,2020,0.000447
AT,ATES_imcgy,average,0.000459
AT,ATES_imcy,1995,0.002383
AT,ATES_imcy,1996,0.002585
AT,ATES_imcy,1997,0.003096
AT,ATES_imcy,1998,0.003071
AT,ATES_imcy,1999,0.003145
AT,ATES_imcy,2000,0.003058
AT,ATES_imcy,2001,0.003096
AT,ATES_imcy,2002,0.003207
AT,ATES_imcy,2003,0.003622
AT,ATES_imcy,2004,0.003284
AT,ATES_imcy,2005,0.003282
AT,ATES_imcy,2006,0.003300
AT,ATES_imcy,2007,0.003111
AT,ATES_imcy,2008,0.003075
AT,ATES_imcy,2009,0.003422
AT,ATES_imcy,2010,0.003402
AT,ATES_imcy,2011,0.003577
AT,ATES_imcy,2012,0.003400
AT,ATES_imcy,2013,0.003435
AT,ATES_imcy,2014,0.003470
AT,ATES_imcy,2015,0.003467
AT,ATES_imcy,2016,0.003788
AT,ATES_imcy,2017,0.003647
AT,ATES_imcy,2018,0.003796
AT,ATES_imcy,2019,0.003809
AT,ATES_imcy,2020,0.002637
AT,ATES_imcy,average,0.003324
AT,ATES_imigy,1995,0.000023
AT,ATES_imigy,1996,0.000026
AT,ATES_imigy,1997,0.000035
AT,ATES_imigy,1998,0.000036
AT,ATES_imigy,1999,0.000035
AT,ATES_imigy,2000,0.000036
AT,ATES_imigy,2001,0.000036
AT,ATES_imigy,2002,0.000040
AT,ATES_imigy,2003,0.000047
AT,ATES_imigy,2004,0.000046
AT,ATES_imigy,2005,0.000045
AT,ATES_imigy,2006,0.000047
AT,ATES_imigy,2007,0.000048
AT,ATES_imigy,2008,0.000047
AT,ATES_imigy,2009,0.000049
AT,ATES_imigy,2010,0.000051
AT,ATES_imigy,2011,0.000057
AT,ATES_imigy,2012,0.000056
AT,ATES_imigy,2013,0.000062
AT,ATES_imigy,2014,0.000061
AT,ATES_imigy,2015,0.000057
AT,ATES_imigy,2016,0.000066
AT,ATES_imigy,2017,0.000057
AT,ATES_imigy,2018,0.000069
AT,ATES_imigy,2019,0.000069
AT,ATES_imigy,2020,0.000065
AT,ATES_imigy,average,0.000051
AT,ATES_imiy,1995,0.000969
AT,ATES_imiy,1996,0.001073
AT,ATES_imiy,1997,0.001388
AT,ATES_imiy,1998,0.001395
AT,ATES_imiy,1999,0.001354
AT,ATES_imiy,2000,0.001466
AT,ATES_imiy,2001,0.001376
AT,ATES_imiy,2002,0.001360
AT,ATES_imiy,2003,0.001576
AT,ATES_imiy,2004,0.001529
AT,ATES_imiy,2005,0.001401
AT,ATES_imiy,2006,0.001433
AT,ATES_imiy,2007,0.001507
AT,ATES_imiy,2008,0.001438
AT,ATES_imiy,2009,0.001463
AT,ATES_imiy,2010,0.001488
AT,ATES_imiy,2011,0.001692
AT,ATES_imiy,2012,0.001660
AT,ATES_imiy,2013,0.001805
AT,ATES_imiy,2014,0.001708
AT,ATES_imiy,2015,0.001649
AT,ATES_imiy,2016,0.001969
AT,ATES_imiy,2017,0.001750
AT,ATES_imiy,2018,0.001887
AT,ATES_imiy,2019,0.001924
AT,ATES_imiy,2020,0.001782
AT,ATES_imiy,average,0.001587
AT,ATFI_imcgy,1995,0.000133
AT,ATFI_imcgy,1996,0.000137
AT,ATFI_imcgy,1997,0.000148
AT,ATFI_imcgy,1998,0.000256
AT,ATFI_imcgy,1999,0.000274
AT,ATFI_imcgy,2000,0.000260
AT,ATFI_imcgy,2001,0.000286
AT,ATFI_imcgy,2002,0.000265
AT,ATFI_imcgy,2003,0.000292
AT,ATFI_imcgy,2004,0.000231
AT,ATFI_imcgy,2005,0.000348
AT,ATFI_imcgy,2006,0.000215
AT,ATFI_imcgy,2007,0.000119
AT,ATFI_imcgy,2008,0.000162
AT,ATFI_imcgy,2009,0.000147
AT,ATFI_imcgy,2010,0.000129
AT,ATFI_imcgy,2011,0.000107
AT,ATFI_imcgy,2012,0.000110
AT,ATFI_imcgy,2013,0.000100
AT,ATFI_imcgy,2014,0.000102
AT,ATFI_imcgy,2015,0.000112
AT,ATFI_imcgy,2016,0.000114
AT,ATFI_imcgy,2017,0.000112
AT,ATFI_imcgy,2018,0.000120
AT,ATFI_imcgy,2019,0.000120
AT,ATFI_imcgy,2020,0.000127
AT,ATFI_imcgy,average,0.000160
AT,ATFI_imcy,1995,0.000779
AT,ATFI_imcy,1996,0.000823
AT,ATFI_imcy,1997,0.000840
AT,ATFI_imcy,1998,0.001318
AT,ATFI_imcy,1999,0.001395
AT,ATFI_imcy,2000,0.001415
AT,ATFI_imcy,2001,0.001260
AT,ATFI_imcy,2002,0.001190
AT,ATFI_imcy,2003,0.001272
AT,ATFI_imcy,2004,0.001105
AT,ATFI_imcy,2005,0.001398
AT,ATFI_imcy,2006,0.000953
AT,ATFI_imcy,2007,0.000650
AT,ATFI_imcy,2008,0.000886
AT,ATFI_imcy,2009,0.000745
AT,ATFI_imcy,2010,0.000638
AT,ATFI_imcy,2011,0.000572
AT,ATFI_imcy,2012,0.000580
AT,ATFI_imcy,2013,0.000507
AT,ATFI_imcy,2014,0.000509
AT,ATFI_imcy,2015,0.000537
AT,ATFI_imcy,2016,0.000534
AT,ATFI_imcy,2017,0.000532
AT,ATFI_imcy,2018,0.000596
AT,ATFI_imcy,2019,0.000567
AT,ATFI_imcy,2020,0.000521
AT,ATFI_imcy,average,0.000780
AT,ATFI_imigy,1995,0.000017
AT,ATFI_imigy,1996,0.000020
AT,ATFI_imigy,1997,0.000021
AT,ATFI_imigy,1998,0.000039
AT,ATFI_imigy,1999,0.000039
AT,ATFI_imigy,2000,0.000040
AT,ATFI_imigy,2001,0.000039
AT,ATFI_imigy,2002,0.000039
AT,ATFI_imigy,2003,0.000044
AT,ATFI_imigy,2004,0.000033
AT,ATFI_imigy,2005,0.000048
AT,ATFI_imigy,2006,0.000030
AT,ATFI_imigy,2007,0.000020
AT,ATFI_imigy,2008,0.000033
AT,ATFI_imigy,2009,0.000028
AT,ATFI_imigy,2010,0.000025
AT,ATFI_imigy,2011,0.000020
AT,ATFI_imigy,2012,0.000020
AT,ATFI_imigy,2013,0.000018
AT,ATFI_imigy,2014,0.000018
AT,ATFI_imigy,2015,0.000017
AT,ATFI_imigy,2016,0.000017
AT,ATFI_imigy,2017,0.000016
AT,ATFI_imigy,2018,0.000019
AT,ATFI_imigy,2019,0.000022
AT,ATFI_imigy,2020,0.000023
AT,ATFI_imigy,average,0.000027
AT,ATFI_imiy,1995,0.000727
AT,ATFI_imiy,1996,0.000814
AT,ATFI_imiy,1997,0.000831
AT,ATFI_imiy,1998,0.001533
AT,ATFI_imiy,1999,0.001509
AT,ATFI_imiy,2000,0.001622
AT,ATFI_imiy,2001,0.001458
AT,ATFI_imiy,2002,0.001341
AT,ATFI_imiy,2003,0.001477
AT,ATFI_imiy,2004,0.001098
AT,ATFI_imiy,2005,0.001481
AT,ATFI_imiy,2006,0.000936
AT,ATFI_imiy,2007,0.000643
AT,ATFI_imiy,2008,0.001015
AT,ATFI_imiy,2009,0.000836
AT,ATFI_imiy,2010,0.000728
AT,ATFI_imiy,2011,0.000602
AT,ATFI_imiy,2012,0.000592
AT,ATFI_imiy,2013,0.000531
AT,ATFI_imiy,2014,0.000504
AT,ATFI_imiy,2015,0.000496
AT,ATFI_imiy,2016,0.000498
AT,ATFI_imiy,2017,0.000495
AT,ATFI_imiy,2018,0.000534
AT,ATFI_imiy,2019,0.000624
AT,ATFI_imiy,2020,0.000628
AT,ATFI_imiy,average,0.000823
AT,ATFR_imcgy,1995,0.000932
AT,ATFR_imcgy,1996,0.000939
AT,ATFR_imcgy,1997,0.001086
AT,ATFR_imcgy,1998,0.001170
AT,ATFR_imcgy,1999,0.001369
AT,ATFR_imcgy,2000,0.001049
AT,ATFR_imcgy,2001,0.001040
AT,ATFR_imcgy,2002,0.001051
AT,ATFR_imcgy,2003,0.000992
AT,ATFR_imcgy,2004,0.001086
AT,ATFR_imcgy,2005,0.001080
AT,ATFR_imcgy,2006,0.000974
AT,ATFR_imcgy,2007,0.000943
AT,ATFR_imcgy,2008,0.000884
AT,ATFR_imcgy,2009,0.000826
AT,ATFR_imcgy,2010,0.000684
AT,ATFR_imcgy,2011,0.000729
AT,ATFR_imcgy,2012,0.000676
AT,ATFR_imcgy,2013,0.000728
AT,ATFR_imcgy,2014,0.000794
AT,ATFR_imcgy,2015,0.000721
AT,ATFR_imcgy,2016,0.000688
AT,ATFR_imcgy,2017,0.000678
AT,ATFR_imcgy,2018,0.000812
AT,ATFR_imcgy,2019,0.000792
AT,ATFR_imcgy,2020,0.000889
AT,ATFR_imcgy,average,0.000871
AT,ATFR_imcy,1995,0.007650
AT,ATFR_imcy,1996,0.007744
AT,ATFR_imcy,1997,0.007691
AT,ATFR_imcy,1998,0.008098
AT,ATFR_imcy,1999,0.008296
AT,ATFR_imcy,2000,0.007609
AT,ATFR_imcy,2001,0.007680
AT,ATFR_imcy,2002,0.007173
AT,ATFR_imcy,2003,0.007122
AT,ATFR_imcy,2004,0.007043
AT,ATFR_imcy,2005,0.006965
AT,ATFR_imcy,2006,0.006199
AT,ATFR_imcy,2007,0.005956
AT,ATFR_imcy,2008,0.005688
AT,ATFR_imcy,2009,0.005004
AT,ATFR_imcy,2010,0.004902
AT,ATFR_imcy,2011,0.005333
AT,ATFR_imcy,2012,0.005426
AT,ATFR_imcy,2013,0.005342
AT,ATFR_imcy,2014,0.005333
AT,ATFR_imcy,2015,0.005001
AT,ATFR_imcy,2016,0.004705
AT,ATFR_imcy,2017,0.004617
AT,ATFR_imcy,2018,0.004859
AT,ATFR_imcy,2019,0.004741
AT,ATFR_imcy,2020,0.003964
AT,ATFR_imcy,average,0.005833
AT,ATFR_imigy,1995,0.000118
AT,ATFR_imigy,1996,0.000128
AT,ATFR_imigy,1997,0.000130
AT,ATFR_imigy,1998,0.000141
AT,ATFR_imigy,1999,0.000150
AT,ATFR_imigy,2000,0.000126
AT,ATFR_imigy,2001,0.000123
AT,ATFR_imigy,2002,0.000119
AT,ATFR_imigy,2003,0.000123
AT,ATFR_imigy,2004,0.000130
AT,ATFR_imigy,2005,0.000137
AT,ATFR_imigy,2006,0.000121
AT,ATFR_imigy,2007,0.000112
AT,ATFR_imigy,2008,0.000111
AT,ATFR_imigy,2009,0.000096
AT,ATFR_imigy,2010,0.000090
AT,ATFR_imigy,2011,0.000097
AT,ATFR_imigy,2012,0.000093
AT,ATFR_imigy,2013,0.000097
AT,ATFR_imigy,2014,0.000095
AT,ATFR_imigy,2015,0.000094
AT,ATFR_imigy,2016,0.000090
AT,ATFR_imigy,2017,0.000092
AT,ATFR_imigy,2018,0.000104
AT,ATFR_imigy,2019,0.000100
AT,ATFR_imigy,2020,0.000094
AT,ATFR_imigy,average,0.000111
AT,ATFR_imiy,1995,0.004969
AT,ATFR_imiy,1996,0.005214
AT,ATFR_imiy,1997,0.005157
AT,ATFR_imiy,1998,0.005491
AT,ATFR_imiy,1999,0.005747
AT,ATFR_imiy,2000,0.005172
AT,ATFR_imiy,2001,0.004662
AT,ATFR_imiy,2002,0.004070
AT,ATFR_imiy,2003,0.004129
AT,ATFR_imiy,2004,0.004308
AT,ATFR_imiy,2005,0.004252
AT,ATFR_imiy,2006,0.003730
AT,ATFR_imiy,2007,0.003501
AT,ATFR_imiy,2008,0.003436
AT,ATFR_imiy,2009,0.002848
AT,ATFR_imiy,2010,0.002619
AT,ATFR_imiy,2011,0.002862
AT,ATFR_imiy,2012,0.002767
AT,ATFR_imiy,2013,0.002801
AT,ATFR_imiy,2014,0.002678
AT,ATFR_imiy,2015,0.002733
AT,ATFR_imiy,2016,0.002680
AT,ATFR_imiy,2017,0.002836
AT,ATFR_imiy,2018,0.002845
AT,ATFR_imiy,2019,0.002785
AT,ATFR_imiy,2020,0.002559
AT,ATFR_imiy,average,0.003460
AT,ATGR_imcgy,1995,0.000025
AT,ATGR_imcgy,1996,0.000021
AT,ATGR_imcgy,1997,0.000029
AT,ATGR_imcgy,1998,0.000036
AT,ATGR_imcgy,1999,0.000047
AT,ATGR_imcgy,2000,0.000051
AT,ATGR_imcgy,2001,0.000040
AT,ATGR_imcgy,2002,0.000038
AT,ATGR_imcgy,2003,0.000038
AT,ATGR_imcgy,2004,0.000043
AT,ATGR_imcgy,2005,0.000047
AT,ATGR_imcgy,2006,0.000052
AT,ATGR_imcgy,2007,0.000095
AT,ATGR_imcgy,2008,0.000058
AT,ATGR_imcgy,2009,0.000043
AT,ATGR_imcgy,2010,0.000046
AT,ATGR_imcgy,2011,0.000054
AT,ATGR_imcgy,2012,0.000042
AT,ATGR_imcgy,2013,0.000045
AT,ATGR_imcgy,2014,0.000051
AT,ATGR_imcgy,2015,0.000050
AT,ATGR_imcgy,2016,0.000049
AT,ATGR_imcgy,2017,0.000052
AT,ATGR_imcgy,2018,0.000065
AT,ATGR_imcgy,2019,0.000067
AT,ATGR_imcgy,2020,0.000066
AT,ATGR_imcgy,average,0.000050
AT,ATGR_imcy,1995,0.001623
AT,ATGR_imcy,1996,0.001483
AT,ATGR_imcy,1997,0.001808
AT,ATGR_imcy,1998,0.001636
AT,ATGR_imcy,1999,0.001719
AT,ATGR_imcy,2000,0.001664
AT,ATGR_imcy,2001,0.001683
AT,ATGR_imcy,2002,0.001663
AT,ATGR_imcy,2003,0.001599
AT,ATGR_imcy,2004,0.001797
AT,ATGR_imcy,2005,0.001306
AT,ATGR_imcy,2006,0.001219
AT,ATGR_imcy,2007,0.001298
AT,ATGR_imcy,2008,0.001060
AT,ATGR_imcy,2009,0.000878
AT,ATGR_imcy,2010,0.000837
AT,ATGR_imcy,2011,0.000854
AT,ATGR_imcy,2012,0.000685
AT,ATGR_imcy,2013,0.000786
AT,ATGR_imcy,2014,0.000896
AT,ATGR_imcy,2015,0.000980
AT,ATGR_imcy,2016,0.000864
AT,ATGR_imcy,2017,0.000939
AT,ATGR_imcy,2018,0.001036
AT,ATGR_imcy,2019,0.001037
AT,ATGR_imcy,2020,0.000510
AT,ATGR_imcy,average,0.001130
AT,ATGR_imigy,1995,0.000002
AT,ATGR_imigy,1996,0.000002
AT,ATGR_imigy,1997,0.000002
AT,ATGR_imigy,1998,0.000002
AT,ATGR_imigy,1999,0.000002
AT,ATGR_imigy,2000,0.000003
AT,ATGR_imigy,2001,0.000003
AT,ATGR_imigy,2002,0.000003
AT,ATGR_imigy,2003,0.000003
AT,ATGR_imigy,2004,0.000003
AT,ATGR_imigy,2005,0.000004
AT,ATGR_imigy,2006,0.000004
AT,ATGR_imigy,2007,0.000004
AT,ATGR_imigy,2008,0.000004
AT,ATGR_imigy,2009,0.000003
AT,ATGR_imigy,2010,0.000004
AT,ATGR_imigy,2011,0.000005
AT,ATGR_imigy,2012,0.000004
AT,ATGR_imigy,2013,0.000005
AT,ATGR_imigy,2014,0.000005
AT,ATGR_imigy,2015,0.000005
AT,ATGR_imigy,2016,0.000004
AT,ATGR_imigy,2017,0.000004
AT,ATGR_imigy,2018,0.000005
AT,ATGR_imigy,2019,0.000005
AT,ATGR_imigy,2020,0.000005
AT,ATGR_imigy,average,0.000004
AT,ATGR_imiy,1995,0.000091
AT,ATGR_imiy,1996,0.000074
AT,ATGR_imiy,1997,0.000089
AT,ATGR_imiy,1998,0.000090
AT,ATGR_imiy,1999,0.000094
AT,ATGR_imiy,2000,0.000111
AT,ATGR_imiy,2001,0.000099
AT,ATGR_imiy,2002,0.000091
AT,ATGR_imiy,2003,0.000095
AT,ATGR_imiy,2004,0.000093
AT,ATGR_imiy,2005,0.000114
AT,ATGR_imiy,2006,0.000113
AT,ATGR_imiy,2007,0.000128
AT,ATGR_imiy,2008,0.000136
AT,ATGR_imiy,2009,0.000096
AT,ATGR_imiy,2010,0.000111
AT,ATGR_imiy,2011,0.000150
AT,ATGR_imiy,2012,0.000130
AT,ATGR_imiy,2013,0.000138
AT,ATGR_imiy,2014,0.000143
AT,ATGR_imiy,2015,0.000139
AT,ATGR_imiy,2016,0.000122
AT,ATGR_imiy,2017,0.000129
AT,ATGR_imiy,2018,0.000135
AT,ATGR_imiy,2019,0.000128
AT,ATGR_imiy,2020,0.000147
AT,ATGR_imiy,average,0.000120
AT,ATIT_imcgy,1995,0.001240
AT,ATIT_imcgy,1996,0.001328
AT,ATIT_imcgy,1997,0.001588
AT,ATIT_imcgy,1998,0.001675
AT,ATIT_imcgy,1999,0.001550
AT,ATIT_imcgy,2000,0.001289
AT,ATIT_imcgy,2001,0.001472
AT,ATIT_imcgy,2002,0.001789
AT,ATIT_imcgy,2003,0.001575
AT,ATIT_imcgy,2004,0.001594
AT,ATIT_imcgy,2005,0.001574
AT,ATIT_imcgy,2006,0.001579
AT,ATIT_imcgy,2007,0.001459
AT,ATIT_imcgy,2008,0.001430
AT,ATIT_imcgy,2009,0.001438
AT,ATIT_imcgy,2010,0.001455
AT,ATIT_imcgy,2011,0.001357
AT,ATIT_imcgy,2012,0.001186
AT,ATIT_imcgy,2013,0.001185
AT,ATIT_imcgy,2014,0.001200
AT,ATIT_imcgy,2015,0.001181
AT,ATIT_imcgy,2016,0.001131
AT,ATIT_imcgy,2017,0.001150
AT,ATIT_imcgy,2018,0.001366
AT,ATIT_imcgy,2019,0.001393
AT,ATIT_imcgy,2020,0.001430
AT,ATIT_imcgy,average,0.001384
AT,ATIT_imcy,1995,0.018082
AT,ATIT_imcy,1996,0.018557
AT,ATIT_imcy,1997,0.019083
AT,ATIT_imcy,1998,0.019694
AT,ATIT_imcy,1999,0.018761
AT,ATIT_imcy,2000,0.018557
AT,ATIT_imcy,2001,0.019250
AT,ATIT_imcy,2002,0.019442
AT,ATIT_imcy,2003,0.019066
AT,ATIT_imcy,2004,0.016806
AT,ATIT_imcy,2005,0.015553
AT,ATIT_imcy,2006,0.016051
AT,ATIT_imcy,2007,0.014502
AT,ATIT_imcy,2008,0.013837
AT,ATIT_imcy,2009,0.013314
AT,ATIT_imcy,2010,0.014043
AT,ATIT_imcy,2011,0.013495
AT,ATIT_imcy,2012,0.012607
AT,ATIT_imcy,2013,0.012488
AT,ATIT_imcy,2014,0.012431
AT,ATIT_imcy,2015,0.012213
AT,ATIT_imcy,2016,0.012075
AT,ATIT_imcy,2017,0.012387
AT,ATIT_imcy,2018,0.012627
AT,ATIT_imcy,2019,0.012614
AT,ATIT_imcy,2020,0.010314
AT,ATIT_imcy,average,0.014537
AT,ATIT_imigy,1995,0.000188
AT,ATIT_imigy,1996,0.000203
AT,ATIT_imigy,1997,0.000212
AT,ATIT_imigy,1998,0.000216
AT,ATIT_imigy,1999,0.000196
AT,ATIT_imigy,2000,0.000190
AT,ATIT_imigy,2001,0.000205
AT,ATIT_imigy,2002,0.000209
AT,ATIT_imigy,2003,0.000200
AT,ATIT_imigy,2004,0.000202
AT,ATIT_imigy,2005,0.000205
AT,ATIT_imigy,2006,0.000207
AT,ATIT_imigy,2007,0.000206
AT,ATIT_imigy,2008,0.000217
AT,ATIT_imigy,2009,0.000198
AT,ATIT_imigy,2010,0.000200
AT,ATIT_imigy,2011,0.000208
AT,ATIT_imigy,2012,0.000196
AT,ATIT_imigy,2013,0.000198
AT,ATIT_imigy,2014,0.000202
AT,ATIT_imigy,2015,0.000197
AT,ATIT_imigy,2016,0.000199
AT,ATIT_imigy,2017,0.000197
AT,ATIT_imigy,2018,0.000226
AT,ATIT_imigy,2019,0.000226
AT,ATIT_imigy,2020,0.000224
AT,ATIT_imigy,average,0.000209
AT,ATIT_imiy,1995,0.007885
AT,ATIT_imiy,1996,0.008269
AT,ATIT_imiy,1997,0.008384
AT,ATIT_imiy,1998,0.008449
AT,ATIT_imiy,1999,0.007535
AT,ATIT_imiy,2000,0.007763
AT,ATIT_imiy,2001,0.007741
AT,ATIT_imiy,2002,0.007145
AT,ATIT_imiy,2003,0.006691
AT,ATIT_imiy,2004,0.006721
AT,ATIT_imiy,2005,0.006358
AT,ATIT_imiy,2006,0.006391
AT,ATIT_imiy,2007,0.006483
AT,ATIT_imiy,2008,0.006702
AT,ATIT_imiy,2009,0.005869
AT,ATIT_imiy,2010,0.005841
AT,ATIT_imiy,2011,0.006115
AT,ATIT_imiy,2012,0.005823
AT,ATIT_imiy,2013,0.005737
AT,ATIT_imiy,2014,0.005666
AT,ATIT_imiy,2015,0.005721
AT,ATIT_imiy,2016,0.005961
AT,ATIT_imiy,2017,0.006110
AT,ATIT_imiy,2018,0.006190
AT,ATIT_imiy,2019,0.006300
AT,ATIT_imiy,2020,0.006104
AT,ATIT_imiy,average,0.006480
AT,ATNL_imcgy,1995,0.000884
AT,ATNL_imcgy,1996,0.000900
AT,ATNL_imcgy,1997,0.000711
AT,ATNL_imcgy,1998,0.000747
AT,ATNL_imcgy,1999,0.000819
AT,ATNL_imcgy,2000,0.000654
AT,ATNL_imcgy,2001,0.000660
AT,ATNL_imcgy,2002,0.000728
AT,ATNL_imcgy,2003,0.000768
AT,ATNL_imcgy,2004,0.000735
AT,ATNL_imcgy,2005,0.000727
AT,ATNL_imcgy,2006,0.000686
AT,ATNL_imcgy,2007,0.000699
AT,ATNL_imcgy,2008,0.000774
AT,ATNL_imcgy,2009,0.000784
AT,ATNL_imcgy,2010,0.000734
AT,ATNL_imcgy,2011,0.000701
AT,ATNL_imcgy,2012,0.000628
AT,ATNL_imcgy,2013,0.000633
AT,ATNL_imcgy,2014,0.000644
AT,ATNL_imcgy,2015,0.000659
AT,ATNL_imcgy,2016,0.000622
AT,ATNL_imcgy,2017,0.000661
AT,ATNL_imcgy,2018,0.000756
AT,ATNL_imcgy,2019,0.000733
AT,ATNL_imcgy,2020,0.000800
AT,ATNL_imcgy,average,0.000719
AT,ATNL_imcy,1995,0.006512
AT,ATNL_imcy,1996,0.006480
AT,ATNL_imcy,1997,0.005476
AT,ATNL_imcy,1998,0.005536
AT,ATNL_imcy,1999,0.005693
AT,ATNL_imcy,2000,0.005129
AT,ATNL_imcy,2001,0.004948
AT,ATNL_imcy,2002,0.005328
AT,ATNL_imcy,2003,0.005379
AT,ATNL_imcy,2004,0.005054
AT,ATNL_imcy,2005,0.004737
AT,ATNL_imcy,2006,0.004529
AT,ATNL_imcy,2007,0.004698
AT,ATNL_imcy,2008,0.004749
AT,ATNL_imcy,2009,0.004523
AT,ATNL_imcy,2010,0.004509
AT,ATNL_imcy,2011,0.004478
AT,ATNL_imcy,2012,0.004169
AT,ATNL_imcy,2013,0.004159
AT,ATNL_imcy,2014,0.004190
AT,ATNL_imcy,2015,0.004354
AT,ATNL_imcy,2016,0.004109
AT,ATNL_imcy,2017,0.004357
AT,ATNL_imcy,2018,0.004565
AT,ATNL_imcy,2019,0.004386
AT,ATNL_imcy,2020,0.004213
AT,ATNL_imcy,average,0.004715
AT,ATNL_imigy,1995,0.000085
AT,ATNL_imigy,1996,0.000088
AT,ATNL_imigy,1997,0.000071
AT,ATNL_imigy,1998,0.000076
AT,ATNL_imigy,1999,0.000077
AT,ATNL_imigy,2000,0.000063
AT,ATNL_imigy,2001,0.000062
AT,ATNL_imigy,2002,0.000072
AT,ATNL_imigy,2003,0.000076
AT,ATNL_imigy,2004,0.000077
AT,ATNL_imigy,2005,0.000074
AT,ATNL_imigy,2006,0.000067
AT,ATNL_imigy,2007,0.000070
AT,ATNL_imigy,2008,0.000068
AT,ATNL_imigy,2009,0.000068
AT,ATNL_imigy,2010,0.000061
AT,ATNL_imigy,2011,0.000067
AT,ATNL_imigy,2012,0.000062
AT,ATNL_imigy,2013,0.000064
AT,ATNL_imigy,2014,0.000067
AT,ATNL_imigy,2015,0.000066
AT,ATNL_imigy,2016,0.000065
AT,ATNL_imigy,2017,0.000070
AT,ATNL_imigy,2018,0.000081
AT,ATNL_imigy,2019,0.000080
AT,ATNL_imigy,2020,0.000077
AT,ATNL_imigy,average,0.000072
AT,ATNL_imiy,1995,0.003562
AT,ATNL_imiy,1996,0.003577
AT,ATNL_imiy,1997,0.002794
AT,ATNL_imiy,1998,0.002958
AT,ATNL_imiy,1999,0.002940
AT,ATNL_imiy,2000,0.002567
AT,ATNL_imiy,2001,0.002337
AT,ATNL_imiy,2002,0.002459
AT,ATNL_imiy,2003,0.002553
AT,ATNL_imiy,2004,0.002566
AT,ATNL_imiy,2005,0.002306
AT,ATNL_imiy,2006,0.002069
AT,ATNL_imiy,2007,0.002200
AT,ATNL_imiy,2008,0.002089
AT,ATNL_imiy,2009,0.002017
AT,ATNL_imiy,2010,0.001771
AT,ATNL_imiy,2011,0.001961
AT,ATNL_imiy,2012,0.001826
AT,ATNL_imiy,2013,0.001868
AT,ATNL_imiy,2014,0.001883
AT,ATNL_imiy,2015,0.001910
AT,ATNL_imiy,2016,0.001948
AT,ATNL_imiy,2017,0.002156
AT,ATNL_imiy,2018,0.002232
AT,ATNL_imiy,2019,0.002238
AT,ATNL_imiy,2020,0.002096
AT,ATNL_imiy,average,0.002244
AT,ATPT_imcgy,1995,0.000069
AT,ATPT_imcgy,1996,0.000066
AT,ATPT_imcgy,1997,0.000087
AT,ATPT_imcgy,1998,0.000089
AT,ATPT_imcgy,1999,0.000087
AT,ATPT_imcgy,2000,0.000068
AT,ATPT_imcgy,2001,0.000067
AT,ATPT_imcgy,2002,0.000070
AT,ATPT_imcgy,2003,0.000068
AT,ATPT_imcgy,2004,0.000054
AT,ATPT_imcgy,2005,0.000052
AT,ATPT_imcgy,2006,0.000069
AT,ATPT_imcgy,2007,0.000069
AT,ATPT_imcgy,2008,0.000073
AT,ATPT_imcgy,2009,0.000077
AT,ATPT_imcgy,2010,0.000090
AT,ATPT_imcgy,2011,0.000088
AT,ATPT_imcgy,2012,0.000078
AT,ATPT_imcgy,2013,0.000086
AT,ATPT_imcgy,2014,0.000077
AT,ATPT_imcgy,2015,0.000078
AT,ATPT_imcgy,2016,0.000077
AT,ATPT_imcgy,2017,0.000082
AT,ATPT_imcgy,2018,0.000101
AT,ATPT_imcgy,2019,0.000100
AT,ATPT_imcgy,2020,0.000097
AT,ATPT_imcgy,average,0.000079
AT,ATPT_imcy,1995,0.000804
AT,ATPT_imcy,1996,0.000890
AT,ATPT_imcy,1997,0.001274
AT,ATPT_imcy,1998,0.001178
AT,ATPT_imcy,1999,0.001105
AT,ATPT_imcy,2000,0.000967
AT,ATPT_imcy,2001,0.001000
AT,ATPT_imcy,2002,0.001004
AT,ATPT_imcy,2003,0.001020
AT,ATPT_imcy,2004,0.000929
AT,ATPT_imcy,2005,0.000760
AT,ATPT_imcy,2006,0.000840
AT,ATPT_imcy,2007,0.000820
AT,ATPT_imcy,2008,0.000826
AT,ATPT_imcy,2009,0.000772
AT,ATPT_imcy,2010,0.000776
AT,ATPT_imcy,2011,0.000786
AT,ATPT_imcy,2012,0.000772
AT,ATPT_imcy,2013,0.000794
AT,ATPT_imcy,2014,0.000885
AT,ATPT_imcy,2015,0.000826
AT,ATPT_imcy,2016,0.000838
AT,ATPT_imcy,2017,0.000867
AT,ATPT_imcy,2018,0.001006
AT,ATPT_imcy,2019,0.000949
AT,ATPT_imcy,2020,0.000693
AT,ATPT_imcy,average,0.000876
AT,ATPT_imigy,1995,0.000009
AT,ATPT_imigy,1996,0.000009
AT,ATPT_imigy,1997,0.000013
AT,ATPT_imigy,1998,0.000013
AT,ATPT_imigy,1999,0.000012
AT,ATPT_imigy,2000,0.000011
AT,ATPT_imigy,2001,0.000012
AT,ATPT_imigy,2002,0.000014
AT,ATPT_imigy,2003,0.000014
AT,ATPT_imigy,2004,0.000013
AT,ATPT_imigy,2005,0.000011
AT,ATPT_imigy,2006,0.000011
AT,ATPT_imigy,2007,0.000011
AT,ATPT_imigy,2008,0.000012
AT,ATPT_imigy,2009,0.000009
AT,ATPT_imigy,2010,0.000011
AT,ATPT_imigy,2011,0.000013
AT,ATPT_imigy,2012,0.000013
AT,ATPT_imigy,2013,0.000013
AT,ATPT_imigy,2014,0.000013
AT,ATPT_imigy,2015,0.000012
AT,ATPT_imigy,2016,0.000014
AT,ATPT_imigy,2017,0.000014
AT,ATPT_imigy,2018,0.000019
AT,ATPT_imigy,2019,0.000021
AT,ATPT_imigy,2020,0.000017
AT,ATPT_imigy,average,0.000013
AT,ATPT_imiy,1995,0.000375
AT,ATPT_imiy,1996,0.000351
AT,ATPT_imiy,1997,0.000508
AT,ATPT_imiy,1998,0.000508
AT,ATPT_imiy,1999,0.000466
AT,ATPT_imiy,2000,0.000440
AT,ATPT_imiy,2001,0.000443
AT,ATPT_imiy,2002,0.000496
AT,ATPT_imiy,2003,0.000477
AT,ATPT_imiy,2004,0.000434
AT,ATPT_imiy,2005,0.000340
AT,ATPT_imiy,2006,0.000344
AT,ATPT_imiy,2007,0.000330
AT,ATPT_imiy,2008,0.000361
AT,ATPT_imiy,2009,0.000279
AT,ATPT_imiy,2010,0.000323
AT,ATPT_imiy,2011,0.000390
AT,ATPT_imiy,2012,0.000381
AT,ATPT_imiy,2013,0.000379
AT,ATPT_imiy,2014,0.000374
AT,ATPT_imiy,2015,0.000355
AT,ATPT_imiy,2016,0.000410
AT,ATPT_imiy,2017,0.000445
AT,ATPT_imiy,2018,0.000517
AT,ATPT_imiy,2019,0.000578
AT,ATPT_imiy,2020,0.000468
AT,ATPT_imiy,average,0.000410
AT,ATRA_imcgy,1995,0.000906
AT,ATRA_imcgy,1996,0.000863
AT,ATRA_imcgy,1997,0.000937
AT,ATRA_imcgy,1998,0.001043
AT,ATRA_imcgy,1999,0.001052
AT,ATRA_imcgy,2000,0.002015
AT,ATRA_imcgy,2001,0.001862
AT,ATRA_imcgy,2002,0.002199
AT,ATRA_imcgy,2003,0.001950
AT,ATRA_imcgy,2004,0.002114
AT,ATRA_imcgy,2005,0.001546
AT,ATRA_imcgy,2006,0.001550
AT,ATRA_imcgy,2007,0.001578
AT,ATRA_imcgy,2008,0.001668
AT,ATRA_imcgy,2009,0.001686
AT,ATRA_imcgy,2010,0.002097
AT,ATRA_imcgy,2011,0.002124
AT,ATRA_imcgy,2012,0.002058
AT,ATRA_imcgy,2013,0.002270
AT,ATRA_imcgy,2014,0.002305
AT,ATRA_imcgy,2015,0.002408
AT,ATRA_imcgy,2016,0.002338
AT,ATRA_imcgy,2017,0.002466
AT,ATRA_imcgy,2018,0.002604
AT,ATRA_imcgy,2019,0.002842
AT,ATRA_imcgy,2020,0.003342
AT,ATRA_imcgy,average,0.002023
AT,ATRA_imcy,1995,0.006725
AT,ATRA_imcy,1996,0.006990
AT,ATRA_imcy,1997,0.007941
AT,ATRA_imcy,1998,0.008187
AT,ATRA_imcy,1999,0.007688
AT,ATRA_imcy,2000,0.009688
AT,ATRA_imcy,2001,0.009584
AT,ATRA_imcy,2002,0.010549
AT,ATRA_imcy,2003,0.011557
AT,ATRA_imcy,2004,0.012158
AT,ATRA_imcy,2005,0.012765
AT,ATRA_imcy,2006,0.012863
AT,ATRA_imcy,2007,0.012749
AT,ATRA_imcy,2008,0.012583
AT,ATRA_imcy,2009,0.011851
AT,ATRA_imcy,2010,0.012316
AT,ATRA_imcy,2011,0.012783
AT,ATRA_imcy,2012,0.012017
AT,ATRA_imcy,2013,0.012622
AT,ATRA_imcy,2014,0.012190
AT,ATRA_imcy,2015,0.012575
AT,ATRA_imcy,2016,0.012789
AT,ATRA_imcy,2017,0.013597
AT,ATRA_imcy,2018,0.013772
AT,ATRA_imcy,2019,0.014379
AT,ATRA_imcy,2020,0.012623
AT,ATRA_imcy,average,0.011851
AT,ATRA_imigy,1995,0.000075
AT,ATRA_imigy,1996,0.000077
AT,ATRA_imigy,1997,0.000086
AT,ATRA_imigy,1998,0.000093
AT,ATRA_imigy,1999,0.000094
AT,ATRA_imigy,2000,0.000119
AT,ATRA_imigy,2001,0.000123
AT,ATRA_imigy,2002,0.000142
AT,ATRA_imigy,2003,0.000151
AT,ATRA_imigy,2004,0.000161
AT,ATRA_imigy,2005,0.000163
AT,ATRA_imigy,2006,0.000159
AT,ATRA_imigy,2007,0.000173
AT,ATRA_imigy,2008,0.000171
AT,ATRA_imigy,2009,0.000159
AT,ATRA_imigy,2010,0.000170
AT,ATRA_imigy,2011,0.000189
AT,ATRA_imigy,2012,0.000197
AT,ATRA_imigy,2013,0.000217
AT,ATRA_imigy,2014,0.000212
AT,ATRA_imigy,2015,0.000214
AT,ATRA_imigy,2016,0.000224
AT,ATRA_imigy,2017,0.000237
AT,ATRA_imigy,2018,0.000291
AT,ATRA_imigy,2019,0.000299
AT,ATRA_imigy,2020,0.000320
AT,ATRA_imigy,average,0.000185
AT,ATRA_imiy,1995,0.003127
AT,ATRA_imiy,1996,0.003137
AT,ATRA_imiy,1997,0.003423
AT,ATRA_imiy,1998,0.003642
AT,ATRA_imiy,1999,0.003603
AT,ATRA_imiy,2000,0.004850
AT,ATRA_imiy,2001,0.004666
AT,ATRA_imiy,2002,0.004864
AT,ATRA_imiy,2003,0.005054
AT,ATRA_imiy,2004,0.005337
AT,ATRA_imiy,2005,0.005036
AT,ATRA_imiy,2006,0.004904
AT,ATRA_imiy,2007,0.005441
AT,ATRA_imiy,2008,0.005285
AT,ATRA_imiy,2009,0.004698
AT,ATRA_imiy,2010,0.004952
AT,ATRA_imiy,2011,0.005560
AT,ATRA_imiy,2012,0.005838
AT,ATRA_imiy,2013,0.006306
AT,ATRA_imiy,2014,0.005968
AT,ATRA_imiy,2015,0.006194
AT,ATRA_imiy,2016,0.006694
AT,ATRA_imiy,2017,0.007333
AT,ATRA_imiy,2018,0.007974
AT,ATRA_imiy,2019,0.008340
AT,ATRA_imiy,2020,0.008726
AT,ATRA_imiy,average,0.005729
AT,ATRU_imcgy,1995,0.001501
AT,ATRU_imcgy,1996,0.001535
AT,ATRU_imcgy,1997,0.001754
AT,ATRU_imcgy,1998,0.001955
AT,ATRU_imcgy,1999,0.001898
AT,ATRU_imcgy,2000,0.001995
AT,ATRU_imcgy,2001,0.002167
AT,ATRU_imcgy,2002,0.002081
AT,ATRU_imcgy,2003,0.002150
AT,ATRU_imcgy,2004,0.002495
AT,ATRU_imcgy,2005,0.002836
AT,ATRU_imcgy,2006,0.002866
AT,ATRU_imcgy,2007,0.003029
AT,ATRU_imcgy,2008,0.003493
AT,ATRU_imcgy,2009,0.003517
AT,ATRU_imcgy,2010,0.004248
AT,ATRU_imcgy,2011,0.004511
AT,ATRU_imcgy,2012,0.004392
AT,ATRU_imcgy,2013,0.004709
AT,ATRU_imcgy,2014,0.004705
AT,ATRU_imcgy,2015,0.004726
AT,ATRU_imcgy,2016,0.004760
AT,ATRU_imcgy,2017,0.004863
AT,ATRU_imcgy,2018,0.005118
AT,ATRU_imcgy,2019,0.005353
AT,ATRU_imcgy,2020,0.005920
AT,ATRU_imcgy,average,0.003742
AT,ATRU_imcy,1995,0.014074
AT,ATRU_imcy,1996,0.015104
AT,ATRU_imcy,1997,0.016400
AT,ATRU_imcy,1998,0.016943
AT,ATRU_imcy,1999,0.016252
AT,ATRU_imcy,2000,0.018220
AT,ATRU_imcy,2001,0.018693
AT,ATRU_imcy,2002,0.017953
AT,ATRU_imcy,2003,0.018046
AT,ATRU_imcy,2004,0.020422
AT,ATRU_imcy,2005,0.022428
AT,ATRU_imcy,2006,0.021811
AT,ATRU_imcy,2007,0.022192
AT,ATRU_imcy,2008,0.023422
AT,ATRU_imcy,2009,0.021446
AT,ATRU_imcy,2010,0.022549
AT,ATRU_imcy,2011,0.023734
AT,ATRU_imcy,2012,0.023370
AT,ATRU_imcy,2013,0.023494
AT,ATRU_imcy,2014,0.024226
AT,ATRU_imcy,2015,0.024042
AT,ATRU_imcy,2016,0.023913
AT,ATRU_imcy,2017,0.025350
AT,ATRU_imcy,2018,0.025501
AT,ATRU_imcy,2019,0.025378
AT,ATRU_imcy,2020,0.024934
AT,ATRU_imcy,average,0.022002
AT,ATRU_imigy,1995,0.000167
AT,ATRU_imigy,1996,0.000189
AT,ATRU_imigy,1997,0.000212
AT,ATRU_imigy,1998,0.000243
AT,ATRU_imigy,1999,0.000235
AT,ATRU_imigy,2000,0.000261
AT,ATRU_imigy,2001,0.000270
AT,ATRU_imigy,2002,0.000284
AT,ATRU_imigy,2003,0.000285
AT,ATRU_imigy,2004,0.000322
AT,ATRU_imigy,2005,0.000337
AT,ATRU_imigy,2006,0.000341
AT,ATRU_imigy,2007,0.000351
AT,ATRU_imigy,2008,0.000392
AT,ATRU_imigy,2009,0.000362
AT,ATRU_imigy,2010,0.000371
AT,ATRU_imigy,2011,0.000408
AT,ATRU_imigy,2012,0.000420
AT,ATRU_imigy,2013,0.000441
AT,ATRU_imigy,2014,0.000448
AT,ATRU_imigy,2015,0.000440
AT,ATRU_imigy,2016,0.000454
AT,ATRU_imigy,2017,0.000474
AT,ATRU_imigy,2018,0.000560
AT,ATRU_imigy,2019,0.000581
AT,ATRU_imigy,2020,0.000598
AT,ATRU_imigy,average,0.000385
AT,ATRU_imiy,1995,0.007018
AT,ATRU_imiy,1996,0.007688
AT,ATRU_imiy,1997,0.008398
AT,ATRU_imiy,1998,0.009475
AT,ATRU_imiy,1999,0.009013
AT,ATRU_imiy,2000,0.010694
AT,ATRU_imiy,2001,0.010206
AT,ATRU_imiy,2002,0.009721
AT,ATRU_imiy,2003,0.009548
AT,ATRU_imiy,2004,0.010680
AT,ATRU_imiy,2005,0.010445
AT,ATRU_imiy,2006,0.010492
AT,ATRU_imiy,2007,0.011012
AT,ATRU_imiy,2008,0.012115
AT,ATRU_imiy,2009,0.010723
AT,ATRU_imiy,2010,0.010847
AT,ATRU_imiy,2011,0.012016
AT,ATRU_imiy,2012,0.012442
AT,ATRU_imiy,2013,0.012794
AT,ATRU_imiy,2014,0.012602
AT,ATRU_imiy,2015,0.012752
AT,ATRU_imiy,2016,0.013573
AT,ATRU_imiy,2017,0.014691
AT,ATRU_imiy,2018,0.015346
AT,ATRU_imiy,2019,0.016210
AT,ATRU_imiy,2020,0.016301
AT,ATRU_imiy,average,0.011937
AT,ATRW_imcgy,1995,0.004626
AT,ATRW_imcgy,1996,0.005268
AT,ATRW_imcgy,1997,0.005642
AT,ATRW_imcgy,1998,0.005692
AT,ATRW_imcgy,1999,0.006172
AT,ATRW_imcgy,2000,0.005990
AT,ATRW_imcgy,2001,0.006266
AT,ATRW_imcgy,2002,0.006188
AT,ATRW_imcgy,2003,0.005935
AT,ATRW_imcgy,2004,0.005707
AT,ATRW_imcgy,2005,0.007392
AT,ATRW_imcgy,2006,0.008077
AT,ATRW_imcgy,2007,0.007594
AT,ATRW_imcgy,2008,0.008104
AT,ATRW_imcgy,2009,0.008861
AT,ATRW_imcgy,2010,0.009429
AT,ATRW_imcgy,2011,0.009205
AT,ATRW_imcgy,2012,0.009857
AT,ATRW_imcgy,2013,0.009911
AT,ATRW_imcgy,2014,0.009994
AT,ATRW_imcgy,2015,0.009285
AT,ATRW_imcgy,2016,0.009331
AT,ATRW_imcgy,2017,0.009478
AT,ATRW_imcgy,2018,0.009759
AT,ATRW_imcgy,2019,0.009301
AT,ATRW_imcgy,2020,0.010626
AT,ATRW_imcgy,average,0.008283
AT,ATRW_imcy,1995,0.032904
AT,ATRW_imcy,1996,0.036961
AT,ATRW_imcy,1997,0.040762
AT,ATRW_imcy,1998,0.039075
AT,ATRW_imcy,1999,0.039767
AT,ATRW_imcy,2000,0.044510
AT,ATRW_imcy,2001,0.043354
AT,ATRW_imcy,2002,0.041724
AT,ATRW_imcy,2003,0.040801
AT,ATRW_imcy,2004,0.039692
AT,ATRW_imcy,2005,0.043311
AT,ATRW_imcy,2006,0.045379
AT,ATRW_imcy,2007,0.044369
AT,ATRW_imcy,2008,0.046847
AT,ATRW_imcy,2009,0.045095
AT,ATRW_imcy,2010,0.050451
AT,ATRW_imcy,2011,0.053597
AT,ATRW_imcy,2012,0.055903
AT,ATRW_imcy,2013,0.055571
AT,ATRW_imcy,2014,0.054567
AT,ATRW_imcy,2015,0.052299
AT,ATRW_imcy,2016,0.051364
AT,ATRW_imcy,2017,0.051972
AT,ATRW_imcy,2018,0.051599
AT,ATRW_imcy,2019,0.052063
AT,ATRW_imcy,2020,0.049367
AT,ATRW_imcy,average,0.047659
AT,ATRW_imigy,1995,0.000437
AT,ATRW_imigy,1996,0.000497
AT,ATRW_imigy,1997,0.000558
AT,ATRW_imigy,1998,0.000543
AT,ATRW_imigy,1999,0.000568
AT,ATRW_imigy,2000,0.000604
AT,ATRW_imigy,2001,0.000615
AT,ATRW_imigy,2002,0.000593
AT,ATRW_imigy,2003,0.000586
AT,ATRW_imigy,2004,0.000546
AT,ATRW_imigy,2005,0.000614
AT,ATRW_imigy,2006,0.000620
AT,ATRW_imigy,2007,0.000622
AT,ATRW_imigy,2008,0.000705
AT,ATRW_imigy,2009,0.000670
AT,ATRW_imigy,2010,0.000706
AT,ATRW_imigy,2011,0.000757
AT,ATRW_imigy,2012,0.000809
AT,ATRW_imigy,2013,0.000861
AT,ATRW_imigy,2014,0.000869
AT,ATRW_imigy,2015,0.000865
AT,ATRW_imigy,2016,0.000866
AT,ATRW_imigy,2017,0.000879
AT,ATRW_imigy,2018,0.001030
AT,ATRW_imigy,2019,0.001035
AT,ATRW_imigy,2020,0.001051
AT,ATRW_imigy,average,0.000744
AT,ATRW_imiy,1995,0.018348
AT,ATRW_imiy,1996,0.020240
AT,ATRW_imiy,1997,0.022122
AT,ATRW_imiy,1998,0.021183
AT,ATRW_imiy,1999,0.021815
AT,ATRW_imiy,2000,0.024701
AT,ATRW_imiy,2001,0.023262
AT,ATRW_imiy,2002,0.020274
AT,ATRW_imiy,2003,0.019610
AT,ATRW_imiy,2004,0.018138
AT,ATRW_imiy,2005,0.019015
AT,ATRW_imiy,2006,0.019086
AT,ATRW_imiy,2007,0.019527
AT,ATRW_imiy,2008,0.021814
AT,ATRW_imiy,2009,0.019829
AT,ATRW_imiy,2010,0.020611
AT,ATRW_imiy,2011,0.022299
AT,ATRW_imiy,2012,0.023995
AT,ATRW_imiy,2013,0.024975
AT,ATRW_imiy,2014,0.024414
AT,ATRW_imiy,2015,0.025082
AT,ATRW_imiy,2016,0.025912
AT,ATRW_imiy,2017,0.027237
AT,ATRW_imiy,2018,0.028229
AT,ATRW_imiy,2019,0.028908
AT,ATRW_imiy,2020,0.028658
AT,ATRW_imiy,average,0.023104
AT,ATUS_imcgy,1995,0.001080
AT,ATUS_imcgy,1996,0.001163
AT,ATUS_imcgy,1997,0.001575
AT,ATUS_imcgy,1998,0.001634
AT,ATUS_imcgy,1999,0.001608
AT,ATUS_imcgy,2000,0.001795
AT,ATUS_imcgy,2001,0.001865
AT,ATUS_imcgy,2002,0.001862
AT,ATUS_imcgy,2003,0.001707
AT,ATUS_imcgy,2004,0.001445
AT,ATUS_imcgy,2005,0.001478
AT,ATUS_imcgy,2006,0.001505
AT,ATUS_imcgy,2007,0.001533
AT,ATUS_imcgy,2008,0.001561
AT,ATUS_imcgy,2009,0.001552
AT,ATUS_imcgy,2010,0.001695
AT,ATUS_imcgy,2011,0.001560
AT,ATUS_imcgy,2012,0.001918
AT,ATUS_imcgy,2013,0.001975
AT,ATUS_imcgy,2014,0.002170
AT,ATUS_imcgy,2015,0.002824
AT,ATUS_imcgy,2016,0.002787
AT,ATUS_imcgy,2017,0.002587
AT,ATUS_imcgy,2018,0.003106
AT,ATUS_imcgy,2019,0.003166
AT,ATUS_imcgy,2020,0.002208
AT,ATUS_imcgy,average,0.001976
AT,ATUS_imcy,1995,0.006288
AT,ATUS_imcy,1996,0.006770
AT,ATUS_imcy,1997,0.008935
AT,ATUS_imcy,1998,0.009151
AT,ATUS_imcy,1999,0.009449
AT,ATUS_imcy,2000,0.010139
AT,ATUS_imcy,2001,0.009972
AT,ATUS_imcy,2002,0.008682
AT,ATUS_imcy,2003,0.007405
AT,ATUS_imcy,2004,0.006292
AT,ATUS_imcy,2005,0.006101
AT,ATUS_imcy,2006,0.006111
AT,ATUS_imcy,2007,0.005738
AT,ATUS_imcy,2008,0.005404
AT,ATUS_imcy,2009,0.005506
AT,ATUS_imcy,2010,0.005933
AT,ATUS_imcy,2011,0.005697
AT,ATUS_imcy,2012,0.006224
AT,ATUS_imcy,2013,0.006268
AT,ATUS_imcy,2014,0.006437
AT,ATUS_imcy,2015,0.007230
AT,ATUS_imcy,2016,0.006856
AT,ATUS_imcy,2017,0.006963
AT,ATUS_imcy,2018,0.006615
AT,ATUS_imcy,2019,0.007166
AT,ATUS_imcy,2020,0.005939
AT,ATUS_imcy,average,0.006759
AT,ATUS_imigy,1995,0.000105
AT,ATUS_imigy,1996,0.000119
AT,ATUS_imigy,1997,0.000180
AT,ATUS_imigy,1998,0.000178
AT,ATUS_imigy,1999,0.000189
AT,ATUS_imigy,2000,0.000199
AT,ATUS_imigy,2001,0.000199
AT,ATUS_imigy,2002,0.000166
AT,ATUS_imigy,2003,0.000141
AT,ATUS_imigy,2004,0.000115
AT,ATUS_imigy,2005,0.000130
AT,ATUS_imigy,2006,0.000131
AT,ATUS_imigy,2007,0.000134
AT,ATUS_imigy,2008,0.000116
AT,ATUS_imigy,2009,0.000098
AT,ATUS_imigy,2010,0.000102
AT,ATUS_imigy,2011,0.000105
AT,ATUS_imigy,2012,0.000108
AT,ATUS_imigy,2013,0.000114
AT,ATUS_imigy,2014,0.000115
AT,ATUS_imigy,2015,0.000124
AT,ATUS_imigy,2016,0.000120
AT,ATUS_imigy,2017,0.000131
AT,ATUS_imigy,2018,0.000148
AT,ATUS_imigy,2019,0.000155
AT,ATUS_imigy,2020,0.000148
AT,ATUS_imigy,average,0.000136
AT,ATUS_imiy,1995,0.004389
AT,ATUS_imiy,1996,0.004843
AT,ATUS_imiy,1997,0.007149
AT,ATUS_imiy,1998,0.006945
AT,ATUS_imiy,1999,0.007257
AT,ATUS_imiy,2000,0.008129
AT,ATUS_imiy,2001,0.007542
AT,ATUS_imiy,2002,0.005674
AT,ATUS_imiy,2003,0.004724
AT,ATUS_imiy,2004,0.003819
AT,ATUS_imiy,2005,0.004043
AT,ATUS_imiy,2006,0.004020
AT,ATUS_imiy,2007,0.004217
AT,ATUS_imiy,2008,0.003596
AT,ATUS_imiy,2009,0.002898
AT,ATUS_imiy,2010,0.002969
AT,ATUS_imiy,2011,0.003081
AT,ATUS_imiy,2012,0.003196
AT,ATUS_imiy,2013,0.003317
AT,ATUS_imiy,2014,0.003220
AT,ATUS_imiy,2015,0.003600
AT,ATUS_imiy,2016,0.003604
AT,ATUS_imiy,2017,0.004062
AT,ATUS_imiy,2018,0.004050
AT,ATUS_imiy,2019,0.004319
AT,ATUS_imiy,2020,0.004041
AT,ATUS_imiy,average,0.004218
AT,debt,1995,2.7146
AT,debt,1996,2.7123
AT,debt,1997,2.5222
AT,debt,1998,2.7528
AT,debt,1999,2.4441
AT,debt,2000,2.6295
AT,debt,2001,2.6692
AT,debt,2002,2.6691
AT,debt,2003,2.6341
AT,debt,2004,2.6076
AT,debt,2005,2.7457
AT,debt,2006,2.6924
AT,debt,2007,2.6013
AT,debt,2008,2.7479
AT,debt,2009,3.1942
AT,debt,2010,3.3079
AT,debt,2011,3.2978
AT,debt,2012,3.2768
AT,debt,2013,3.2507
AT,debt,2014,3.3619
AT,debt,2015,3.3958
AT,debt,2016,3.3136
AT,debt,2017,3.1400
AT,debt,2018,2.9633
AT,debt,2019,2.8256
AT,debt,2020,3.3179
AT,debt,average,2.9149
AT,imcgy,1995,0.018744
AT,imcgy,1996,0.019462
AT,imcgy,1997,0.020816
AT,imcgy,1998,0.021623
AT,imcgy,1999,0.022416
AT,imcgy,2000,0.022143
AT,imcgy,2001,0.023257
AT,imcgy,2002,0.023367
AT,imcgy,2003,0.023252
AT,imcgy,2004,0.023108
AT,imcgy,2005,0.024986
AT,imcgy,2006,0.025710
AT,imcgy,2007,0.025309
AT,imcgy,2008,0.026633
AT,imcgy,2009,0.027055
AT,imcgy,2010,0.028764
AT,imcgy,2011,0.028525
AT,imcgy,2012,0.028971
AT,imcgy,2013,0.029892
AT,imcgy,2014,0.030607
AT,imcgy,2015,0.030188
AT,imcgy,2016,0.030059
AT,imcgy,2017,0.030436
AT,imcgy,2018,0.032851
AT,imcgy,2019,0.032794
AT,imcgy,2020,0.034647
AT,imcgy,average,0.027402
AT,imcy,1995,0.154268
AT,imcy,1996,0.160503
AT,imcy,1997,0.165606
AT,imcy,1998,0.167127
AT,imcy,1999,0.166577
AT,imcy,2000,0.175170
AT,imcy,2001,0.175470
AT,imcy,2002,0.169780
AT,imcy,2003,0.170506
AT,imcy,2004,0.167918
AT,imcy,2005,0.171959
AT,imcy,2006,0.173389
AT,imcy,2007,0.168903
AT,imcy,2008,0.170384
AT,imcy,2009,0.162824
AT,imcy,2010,0.178113
AT,imcy,2011,0.181999
AT,imcy,2012,0.182336
AT,imcy,2013,0.181965
AT,imcy,2014,0.181608
AT,imcy,2015,0.177364
AT,imcy,2016,0.174911
AT,imcy,2017,0.178899
AT,imcy,2018,0.178506
AT,imcy,2019,0.177709
AT,imcy,2020,0.163101
AT,imcy,average,0.173198
AT,imigy,1995,0.002240
AT,imigy,1996,0.002382
AT,imigy,1997,0.002491
AT,imigy,1998,0.002579
AT,imigy,1999,0.002585
AT,imigy,2000,0.002653
AT,imigy,2001,0.002765
AT,imigy,2002,0.002745
AT,imigy,2003,0.002808
AT,imigy,2004,0.002765
AT,imigy,2005,0.002906
AT,imigy,2006,0.002938
AT,imigy,2007,0.002996
AT,imigy,2008,0.003102
AT,imigy,2009,0.002873
AT,imigy,2010,0.003023
AT,imigy,2011,0.003190
AT,imigy,2012,0.003251
AT,imigy,2013,0.003405
AT,imigy,2014,0.003422
AT,imigy,2015,0.003335
AT,imigy,2016,0.003399
AT,imigy,2017,0.003476
AT,imigy,2018,0.003965
AT,imigy,2019,0.003996
AT,imigy,2020,0.004019
AT,imigy,average,0.003160
AT,imiy,1995,0.093961
AT,imiy,1996,0.097113
AT,imiy,1997,0.098678
AT,imiy,1998,0.100649
AT,imiy,1999,0.099229
AT,imiy,2000,0.108487
AT,imiy,2001,0.104601
AT,imiy,2002,0.093888
AT,imiy,2003,0.093958
AT,imiy,2004,0.091843
AT,imiy,2005,0.090019
AT,imiy,2006,0.090496
AT,imiy,2007,0.094043
AT,imiy,2008,0.095930
AT,imiy,2009,0.084997
AT,imiy,2010,0.088297
AT,imiy,2011,0.093950
AT,imiy,2012,0.096403
AT,imiy,2013,0.098770
AT,imiy,2014,0.096146
AT,imiy,2015,0.096665
AT,imiy,2016,0.101736
AT,imiy,2017,0.107669
AT,imiy,2018,0.108650
AT,imiy,2019,0.111563
AT,imiy,2020,0.109602
AT,imiy,average,0.098093
AT,imy,1995,0.269213
AT,imy,1996,0.279460
AT,imy,1997,0.287591
AT,imy,1998,0.291978
AT,imy,1999,0.290808
AT,imy,2000,0.308452
AT,imy,2001,0.306093
AT,imy,2002,0.289779
AT,imy,2003,0.290524
AT,imy,2004,0.285633
AT,imy,2005,0.289869
AT,imy,2006,0.292534
AT,imy,2007,0.291250
AT,imy,2008,0.296049
AT,imy,2009,0.277750
AT,imy,2010,0.298196
AT,imy,2011,0.307665
AT,imy,2012,0.310961
AT,imy,2013,0.314032
AT,imy,2014,0.311782
AT,imy,2015,0.307553
AT,imy,2016,0.310105
AT,imy,2017,0.320480
AT,imy,2018,0.323972
AT,imy,2019,0.326062
AT,imy,2020,0.311370
AT,imy,average,0.301853
AT,private_consumption,1995,0.5385
AT,private_consumption,1996,0.5425
AT,private_consumption,1997,0.5358
AT,private_consumption,1998,0.5353
AT,private_consumption,1999,0.5301
AT,private_consumption,2000,0.5341
AT,private_consumption,2001,0.5360
AT,private_consumption,2002,0.5327
AT,private_consumption,2003,0.5360
AT,private_consumption,2004,0.5316
AT,private_consumption,2005,0.5332
AT,private_consumption,2006,0.5275
AT,private_consumption,2007,0.5190
AT,private_consumption,2008,0.5088
AT,private_consumption,2009,0.5229
AT,private_consumption,2010,0.5183
AT,private_consumption,2011,0.5162
AT,private_consumption,2012,0.5142
AT,private_consumption,2013,0.5160
AT,private_consumption,2014,0.5170
AT,private_consumption,2015,0.5153
AT,private_consumption,2016,0.5127
AT,private_consumption,2017,0.5128
AT,private_consumption,2018,0.5105
AT,private_consumption,2019,0.4993
AT,private_consumption,2020,0.4856
AT,private_consumption,average,0.5193
AT,private_investment,1995,0.2232
AT,private_investment,1996,0.2282
AT,private_investment,1997,0.2264
AT,private_investment,1998,0.2281
AT,private_investment,1999,0.2247
AT,private_investment,2000,0.2325
AT,private_investment,2001,0.2254
AT,private_investment,2002,0.2147
AT,private_investment,2003,0.2196
AT,private_investment,2004,0.2141
AT,private_investment,2005,0.2100
AT,private_investment,2006,0.2058
AT,private_investment,2007,0.2103
AT,private_investment,2008,0.2149
AT,private_investment,2009,0.2058
AT,private_investment,2010,0.2004
AT,private_investment,2011,0.2071
AT,private_investment,2012,0.2082
AT,private_investment,2013,0.2115
AT,private_investment,2014,0.2074
AT,private_investment,2015,0.2077
AT,private_investment,2016,0.2156
AT,private_investment,2017,0.2184
AT,private_investment,2018,0.2235
AT,private_investment,2019,0.2284
AT,private_investment,2020,0.2330
AT,private_investment,average,0.2160
AT,public_consumption,1995,0.2082
AT,public_consumption,1996,0.2082
AT,public_consumption,1997,0.2095
AT,public_consumption,1998,0.2100
AT,public_consumption,1999,0.2141
AT,public_consumption,2000,0.2089
AT,public_consumption,2001,0.2073
AT,public_consumption,2002,0.2066
AT,public_consumption,2003,0.2074
AT,public_consumption,2004,0.2055
AT,public_consumption,2005,0.2092
AT,public_consumption,2006,0.2077
AT,public_consumption,2007,0.2033
AT,public_consumption,2008,0.2117
AT,public_consumption,2009,0.2275
AT,public_consumption,2010,0.2237
AT,public_consumption,2011,0.2160
AT,public_consumption,2012,0.2151
AT,public_consumption,2013,0.2148
AT,public_consumption,2014,0.2151
AT,public_consumption,2015,0.2167
AT,public_consumption,2016,0.2169
AT,public_consumption,2017,0.2139
AT,public_consumption,2018,0.2113
AT,public_consumption,2019,0.2121
AT,public_consumption,2020,0.2297
AT,public_consumption,average,0.2136
AT,public_investment,1995,0.0322
AT,public_investment,1996,0.0329
AT,public_investment,1997,0.0327
AT,public_investment,1998,0.0329
AT,public_investment,1999,0.0324
AT,public_investment,2000,0.0335
AT,public_investment,2001,0.0325
AT,public_investment,2002,0.0310
AT,public_investment,2003,0.0317
AT,public_investment,2004,0.0309
AT,public_investment,2005,0.0303
AT,public_investment,2006,0.0297
AT,public_investment,2007,0.0303
AT,public_investment,2008,0.0310
AT,public_investment,2009,0.0297
AT,public_investment,2010,0.0289
AT,public_investment,2011,0.0299
AT,public_investment,2012,0.0300
AT,public_investment,2013,0.0305
AT,public_investment,2014,0.0299
AT,public_investment,2015,0.0300
AT,public_investment,2016,0.0311
AT,public_investment,2017,0.0315
AT,public_investment,2018,0.0322
AT,public_investment,2019,0.0329
AT,public_investment,2020,0.0336
AT,public_investment,average,0.0311
AT,size,1995,0.007528
AT,size,1996,0.007214
AT,size,1997,0.006488
AT,size,1998,0.006671
AT,size,1999,0.006338
AT,size,2000,0.005561
AT,size,2001,0.005605
AT,size,2002,0.005828
AT,size,2003,0.006392
AT,size,2004,0.006556
AT,size,2005,0.006315
AT,size,2006,0.006218
AT,size,2007,0.006347
AT,size,2008,0.006383
AT,size,2009,0.006252
AT,size,2010,0.005619
AT,size,2011,0.005597
AT,size,2012,0.005207
AT,size,2013,0.005342
AT,size,2014,0.005323
AT,size,2015,0.004805
AT,size,2016,0.004878
AT,size,2017,0.004857
AT,size,2018,0.004998
AT,size,2019,0.004823
AT,size,2020,0.004834
AT,size,average,0.005630
AT,tax_SSC_firms,1995,0.1646
AT,tax_SSC_firms,1996,0.1725
AT,tax_SSC_firms,1997,0.1795
AT,tax_SSC_firms,1998,0.1758
AT,tax_SSC_firms,1999,0.1740
AT,tax_SSC_firms,2000,0.1718
AT,tax_SSC_firms,2001,0.1704
AT,tax_SSC_firms,2002,0.1695
AT,tax_SSC_firms,2003,0.1698
AT,tax_SSC_firms,2004,0.1713
AT,tax_SSC_firms,2005,0.1728
AT,tax_SSC_firms,2006,0.1717
AT,tax_SSC_firms,2007,0.1710
AT,tax_SSC_firms,2008,0.1689
AT,tax_SSC_firms,2009,0.1685
AT,tax_SSC_firms,2010,0.1694
AT,tax_SSC_firms,2011,0.1706
AT,tax_SSC_firms,2012,0.1700
AT,tax_SSC_firms,2013,0.1721
AT,tax_SSC_firms,2014,0.1731
AT,tax_SSC_firms,2015,0.1727
AT,tax_SSC_firms,2016,0.1733
AT,tax_SSC_firms,2017,0.1744
AT,tax_SSC_firms,2018,0.1755
AT,tax_SSC_firms,2019,0.1752
AT,tax_SSC_firms,2020,0.1749
AT,tax_SSC_firms,average,0.1720
AT,tax_SSC_households,1995,0.1416
AT,tax_SSC_households,1996,0.1467
AT,tax_SSC_households,1997,0.1518
AT,tax_SSC_households,1998,0.1488
AT,tax_SSC_households,1999,0.1472
AT,tax_SSC_households,2000,0.1463
AT,tax_SSC_households,2001,0.1488
AT,tax_SSC_households,2002,0.1480
AT,tax_SSC_households,2003,0.1481
AT,tax_SSC_households,2004,0.1494
AT,tax_SSC_households,2005,0.1499
AT,tax_SSC_households,2006,0.1486
AT,tax_SSC_households,2007,0.1475
AT,tax_SSC_households,2008,0.1467
AT,tax_SSC_households,2009,0.1465
AT,tax_SSC_households,2010,0.1469
AT,tax_SSC_households,2011,0.1473
AT,tax_SSC_households,2012,0.1460
AT,tax_SSC_households,2013,0.1486
AT,tax_SSC_households,2014,0.1488
AT,tax_SSC_households,2015,0.1492
AT,tax_SSC_households,2016,0.1493
AT,tax_SSC_households,2017,0.1498
AT,tax_SSC_households,2018,0.1498
AT,tax_SSC_households,2019,0.1497
AT,tax_SSC_households,2020,0.1504
AT,tax_SSC_households,average,0.1482
AT,tax_capital,1995,0.0367
AT,tax_capital,1996,0.0499
AT,tax_capital,1997,0.0523
AT,tax_capital,1998,0.0551
AT,tax_capital,1999,0.0460
AT,tax_capital,2000,0.0506
AT,tax_capital,2001,0.0760
AT,tax_capital,2002,0.0546
AT,tax_capital,2003,0.0530
AT,tax_capital,2004,0.0541
AT,tax_capital,2005,0.0521
AT,tax_capital,2006,0.0504
AT,tax_capital,2007,0.0554
AT,tax_capital,2008,0.0576
AT,tax_capital,2009,0.0410
AT,tax_capital,2010,0.0468
AT,tax_capital,2011,0.0498
AT,tax_capital,2012,0.0510
AT,tax_capital,2013,0.0558
AT,tax_capital,2014,0.0545
AT,tax_capital,2015,0.0574
AT,tax_capital,2016,0.0600
AT,tax_capital,2017,0.0631
AT,tax_capital,2018,0.0692
AT,tax_capital,2019,0.0700
AT,tax_capital,2020,0.0524
AT,tax_capital,average,0.0544
AT,tax_consumption,1995,0.2120
AT,tax_consumption,1996,0.2209
AT,tax_consumption,1997,0.2358
AT,tax_consumption,1998,0.2372
AT,tax_consumption,1999,0.2404
AT,tax_consumption,2000,0.2338
AT,tax_consumption,2001,0.2315
AT,tax_consumption,2002,0.2371
AT,tax_consumption,2003,0.2311
AT,tax_consumption,2004,0.2307
AT,tax_consumption,2005,0.2266
AT,tax_consumption,2006,0.2214
AT,tax_consumption,2007,0.2240
AT,tax_consumption,2008,0.2251
AT,tax_consumption,2009,0.2238
AT,tax_consumption,2010,0.2220
AT,tax_consumption,2011,0.2259
AT,tax_consumption,2012,0.2275
AT,tax_consumption,2013,0.2264
AT,tax_consumption,2014,0.2276
AT,tax_consumption,2015,0.2299
AT,tax_consumption,2016,0.2311
AT,tax_consumption,2017,0.2300
AT,tax_consumption,2018,0.2287
AT,tax_consumption,2019,0.2304
AT,tax_consumption,2020,0.2304
AT,tax_consumption,average,0.2285
AT,tax_income,1995,0.1947
AT,tax_income,1996,0.2146
AT,tax_income,1997,0.2375
AT,tax_income,1998,0.2407
AT,tax_income,1999,0.2411
AT,tax_income,2000,0.2333
AT,tax_income,2001,0.2512
AT,tax_income,2002,0.2465
AT,tax_income,2003,0.2467
AT,tax_income,2004,0.2460
AT,tax_income,2005,0.2375
AT,tax_income,2006,0.2388
AT,tax_income,2007,0.2433
AT,tax_income,2008,0.2510
AT,tax_income,2009,0.2326
AT,tax_income,2010,0.2363
AT,tax_income,2011,0.2398
AT,tax_income,2012,0.2443
AT,tax_income,2013,0.2471
AT,tax_income,2014,0.2558
AT,tax_income,2015,0.2659
AT,tax_income,2016,0.2302
AT,tax_income,2017,0.2312
AT,tax_income,2018,0.2378
AT,tax_income,2019,0.2409
AT,tax_income,2020,0.2243
AT,tax_income,average,0.2388
AT,tby,1995,0.000276
AT,tby,1996,-0.005555
AT,tby,1997,0.004568
AT,tby,1998,0.008399
AT,tby,1999,0.018151
AT,tby,2000,0.025215
AT,tby,2001,0.032922
AT,tby,2002,0.051719
AT,tby,2003,0.040887
AT,tby,2004,0.048634
AT,tby,2005,0.053706
AT,tby,2006,0.063253
AT,tby,2007,0.072563
AT,tby,2008,0.074845
AT,tby,2009,0.057484
AT,tby,2010,0.071965
AT,tby,2011,0.071980
AT,tby,2012,0.076864
AT,tby,2013,0.070946
AT,tby,2014,0.074713
AT,tby,2015,0.077917
AT,tby,2016,0.075238
AT,tby,2017,0.072636
AT,tby,2018,0.076463
AT,tby,2019,0.081276
AT,tby,2020,0.069668
AT,tby,average,0.059005
AT,trybar,1995,0.2270
AT,trybar,1996,0.2260
AT,trybar,1997,0.2210
AT,trybar,1998,0.2180
AT,trybar,1999,0.2200
AT,trybar,2000,0.2180
AT,trybar,2001,0.2160
AT,trybar,2002,0.2200
AT,trybar,2003,0.2240
AT,trybar,2004,0.2210
AT,trybar,2005,0.2170
AT,trybar,2006,0.2140
AT,trybar,2007,0.2080
AT,trybar,2008,0.2110
AT,trybar,2009,0.2280
AT,trybar,2010,0.2290
AT,trybar,2011,0.2220
AT,trybar,2012,0.2240
AT,trybar,2013,0.2290
AT,trybar,2014,0.2310
AT,trybar,2015,0.2290
AT,trybar,2016,0.2270
AT,trybar,2017,0.2230
AT,trybar,2018,0.2200
AT,trybar,2019,0.2200
AT,trybar,2020,0.2450
AT,trybar,average,0.2226
BE,BEAT_imcgy,1995,0.000372
BE,BEAT_imcgy,1996,0.000388
BE,BEAT_imcgy,1997,0.000372
BE,BEAT_imcgy,1998,0.000367
BE,BEAT_imcgy,1999,0.000304
BE,BEAT_imcgy,2000,0.000335
BE,BEAT_imcgy,2001,0.000329
BE,BEAT_imcgy,2002,0.000354
BE,BEAT_imcgy,2003,0.000378
BE,BEAT_imcgy,2004,0.000369
BE,BEAT_imcgy,2005,0.000359
BE,BEAT_imcgy,2006,0.000255
BE,BEAT_imcgy,2007,0.000294
BE,BEAT_imcgy,2008,0.000384
BE,BEAT_imcgy,2009,0.000388
BE,BEAT_imcgy,2010,0.000478
BE,BEAT_imcgy,2011,0.000473
BE,BEAT_imcgy,2012,0.000406
BE,BEAT_imcgy,2013,0.000380
BE,BEAT_imcgy,2014,0.000434
BE,BEAT_imcgy,2015,0.000394
BE,BEAT_imcgy,2016,0.000386
BE,BEAT_imcgy,2017,0.000382
BE,BEAT_imcgy,2018,0.000360
BE,BEAT_imcgy,2019,0.000425
BE,BEAT_imcgy,2020,0.000488
BE,BEAT_imcgy,average,0.000386
BE,BEAT_imcy,1995,0.001922
BE,BEAT_imcy,1996,0.001912
BE,BEAT_imcy,1997,0.001687
BE,BEAT_imcy,1998,0.001800
BE,BEAT_imcy,1999,0.001771
BE,BEAT_imcy,2000,0.001907
BE,BEAT_imcy,2001,0.001929
BE,BEAT_imcy,2002,0.001719
BE,BEAT_imcy,2003,0.001660
BE,BEAT_imcy,2004,0.001527
BE,BEAT_imcy,2005,0.001541
BE,BEAT_imcy,2006,0.001275
BE,BEAT_imcy,2007,0.001292
BE,BEAT_imcy,2008,0.001545
BE,BEAT_imcy,2009,0.001509
BE,BEAT_imcy,2010,0.001605
BE,BEAT_imcy,2011,0.001580
BE,BEAT_imcy,2012,0.001561
BE,BEAT_imcy,2013,0.001592
BE,BEAT_imcy,2014,0.001671
BE,BEAT_imcy,2015,0.001535
BE,BEAT_imcy,2016,0.001571
BE,BEAT_imcy,2017,0.001550
BE,BEAT_imcy,2018,0.001595
BE,BEAT_imcy,2019,0.001776
BE,BEAT_imcy,2020,0.001678
BE,BEAT_imcy,average,0.001616
BE,BEAT_imigy,1995,0.000016
BE,BEAT_imigy,1996,0.000017
BE,BEAT_imigy,1997,0.000018
BE,BEAT_imigy,1998,0.000021
BE,BEAT_imigy,1999,0.000021
BE,BEAT_imigy,2000,0.000024
BE,BEAT_imigy,2001,0.000026
BE,BEAT_imigy,2002,0.000021
BE,BEAT_imigy,2003,0.000019
BE,BEAT_imigy,2004,0.000019
BE,BEAT_imigy,2005,0.000020
BE,BEAT_imigy,2006,0.000019
BE,BEAT_imigy,2007,0.000020
BE,BEAT_imigy,2008,0.000026
BE,BEAT_imigy,2009,0.000024
BE,BEAT_imigy,2010,0.000023
BE,BEAT_imigy,2011,0.000026
BE,BEAT_imigy,2012,0.000028
BE,BEAT_imigy,2013,0.000028
BE,BEAT_imigy,2014,0.000029
BE,BEAT_imigy,2015,0.000026
BE,BEAT_imigy,2016,0.000026
BE,BEAT_imigy,2017,0.000030
BE,BEAT_imigy,2018,0.000032
BE,BEAT_imigy,2019,0.000041
BE,BEAT_imigy,2020,0.000042
BE,BEAT_imigy,average,0.000026
BE,BEAT_imiy,1995,0.000786
BE,BEAT_imiy,1996,0.000836
BE,BEAT_imiy,1997,0.000863
BE,BEAT_imiy,1998,0.000963
BE,BEAT_imiy,1999,0.000943
BE,BEAT_imiy,2000,0.001023
BE,BEAT_imiy,2001,0.001078
BE,BEAT_imiy,2002,0.000818
BE,BEAT_imiy,2003,0.000750
BE,BEAT_imiy,2004,0.000767
BE,BEAT_imiy,2005,0.000882
BE,BEAT_imiy,2006,0.000772
BE,BEAT_imiy,2007,0.000827
BE,BEAT_imiy,2008,0.000992
BE,BEAT_imiy,2009,0.000883
BE,BEAT_imiy,2010,0.000895
BE,BEAT_imiy,2011,0.000953
BE,BEAT_imiy,2012,0.000972
BE,BEAT_imiy,2013,0.000947
BE,BEAT_imiy,2014,0.001022
BE,BEAT_imiy,2015,0.000932
BE,BEAT_imiy,2016,0.000912
BE,BEAT_imiy,2017,0.000976
BE,BEAT_imiy,2018,0.000973
BE,BEAT_imiy,2019,0.001212
BE,BEAT_imiy,2020,0.001131
BE,BEAT_imiy,average,0.000939
BE,BEDE_imcgy,1995,0.003291
BE,BEDE_imcgy,1996,0.003385
BE,BEDE_imcgy,1997,0.003148
BE,BEDE_imcgy,1998,0.003120
BE,BEDE_imcgy,1999,0.003108
BE,BEDE_imcgy,2000,0.003318
BE,BEDE_imcgy,2001,0.003390
BE,BEDE_imcgy,2002,0.003741
BE,BEDE_imcgy,2003,0.004233
BE,BEDE_imcgy,2004,0.004572
BE,BEDE_imcgy,2005,0.003833
BE,BEDE_imcgy,2006,0.004362
BE,BEDE_imcgy,2007,0.004371
BE,BEDE_imcgy,2008,0.005841
BE,BEDE_imcgy,2009,0.005609
BE,BEDE_imcgy,2010,0.003983
BE,BEDE_imcgy,2011,0.004302
BE,BEDE_imcgy,2012,0.004636
BE,BEDE_imcgy,2013,0.004363
BE,BEDE_imcgy,2014,0.004734
BE,BEDE_imcgy,2015,0.003945
BE,BEDE_imcgy,2016,0.003974
BE,BEDE_imcgy,2017,0.003928
BE,BEDE_imcgy,2018,0.003980
BE,BEDE_imcgy,2019,0.003981
BE,BEDE_imcgy,2020,0.004090
BE,BEDE_imcgy,average,0.004174
BE,BEDE_imcy,1995,0.024787
BE,BEDE_imcy,1996,0.024180
BE,BEDE_imcy,1997,0.022980
BE,BEDE_imcy,1998,0.023520
BE,BEDE_imcy,1999,0.022946
BE,BEDE_imcy,2000,0.024418
BE,BEDE_imcy,2001,0.023110
BE,BEDE_imcy,2002,0.021473
BE,BEDE_imcy,2003,0.022215
BE,BEDE_imcy,2004,0.022816
BE,BEDE_imcy,2005,0.020766
BE,BEDE_imcy,2006,0.023045
BE,BEDE_imcy,2007,0.022328
BE,BEDE_imcy,2008,0.024798
BE,BEDE_imcy,2009,0.023004
BE,BEDE_imcy,2010,0.024435
BE,BEDE_imcy,2011,0.024582
BE,BEDE_imcy,2012,0.025088
BE,BEDE_imcy,2013,0.024722
BE,BEDE_imcy,2014,0.023989
BE,BEDE_imcy,2015,0.021447
BE,BEDE_imcy,2016,0.021499
BE,BEDE_imcy,2017,0.022091
BE,BEDE_imcy,2018,0.021607
BE,BEDE_imcy,2019,0.020947
BE,BEDE_imcy,2020,0.019331
BE,BEDE_imcy,average,0.022882
BE,BEDE_imigy,1995,0.000379
BE,BEDE_imigy,1996,0.000364
BE,BEDE_imigy,1997,0.000367
BE,BEDE_imigy,1998,0.000384
BE,BEDE_imigy,1999,0.000377
BE,BEDE_imigy,2000,0.000412
BE,BEDE_imigy,2001,0.000408
BE,BEDE_imigy,2002,0.000385
BE,BEDE_imigy,2003,0.000384
BE,BEDE_imigy,2004,0.000411
BE,BEDE_imigy,2005,0.000372
BE,BEDE_imigy,2006,0.000412
BE,BEDE_imigy,2007,0.000440
BE,BEDE_imigy,2008,0.000468
BE,BEDE_imigy,2009,0.000422
BE,BEDE_imigy,2010,0.000452
BE,BEDE_imigy,2011,0.000499
BE,BEDE_imigy,2012,0.000518
BE,BEDE_imigy,2013,0.000489
BE,BEDE_imigy,2014,0.000495
BE,BEDE_imigy,2015,0.000463
BE,BEDE_imigy,2016,0.000451
BE,BEDE_imigy,2017,0.000540
BE,BEDE_imigy,2018,0.000548
BE,BEDE_imigy,2019,0.000569
BE,BEDE_imigy,2020,0.000566
BE,BEDE_imigy,average,0.000464
BE,BEDE_imiy,1995,0.018432
BE,BEDE_imiy,1996,0.017526
BE,BEDE_imiy,1997,0.017664
BE,BEDE_imiy,1998,0.017602
BE,BEDE_imiy,1999,0.016981
BE,BEDE_imiy,2000,0.017850
BE,BEDE_imiy,2001,0.016998
BE,BEDE_imiy,2002,0.015173
BE,BEDE_imiy,2003,0.015181
BE,BEDE_imiy,2004,0.016736
BE,BEDE_imiy,2005,0.016561
BE,BEDE_imiy,2006,0.016966
BE,BEDE_imiy,2007,0.017788
BE,BEDE_imiy,2008,0.017542
BE,BEDE_imiy,2009,0.015645
BE,BEDE_imiy,2010,0.017254
BE,BEDE_imiy,2011,0.018147
BE,BEDE_imiy,2012,0.018038
BE,BEDE_imiy,2013,0.016735
BE,BEDE_imiy,2014,0.017525
BE,BEDE_imiy,2015,0.016443
BE,BEDE_imiy,2016,0.015692
BE,BEDE_imiy,2017,0.017564
BE,BEDE_imiy,2018,0.016788
BE,BEDE_imiy,2019,0.016863
BE,BEDE_imiy,2020,0.015124
BE,BEDE_imiy,average,0.016941
BE,BEES_imcgy,1995,0.000723
BE,BEES_imcgy,1996,0.000746
BE,BEES_imcgy,1997,0.000785
BE,BEES_imcgy,1998,0.000746
BE,BEES_imcgy,1999,0.000810
BE,BEES_imcgy,2000,0.000911
BE,BEES_imcgy,2001,0.001089
BE,BEES_imcgy,2002,0.001111
BE,BEES_imcgy,2003,0.001126
BE,BEES_imcgy,2004,0.001130
BE,BEES_imcgy,2005,0.001132
BE,BEES_imcgy,2006,0.001290
BE,BEES_imcgy,2007,0.001276
BE,BEES_imcgy,2008,0.001624
BE,BEES_imcgy,2009,0.001544
BE,BEES_imcgy,2010,0.001490
BE,BEES_imcgy,2011,0.001455
BE,BEES_imcgy,2012,0.001463
BE,BEES_imcgy,2013,0.001414
BE,BEES_imcgy,2014,0.001478
BE,BEES_imcgy,2015,0.001367
BE,BEES_imcgy,2016,0.001321
BE,BEES_imcgy,2017,0.001364
BE,BEES_imcgy,2018,0.001336
BE,BEES_imcgy,2019,0.001337
BE,BEES_imcgy,2020,0.001314
BE,BEES_imcgy,average,0.001273
BE,BEES_imcy,1995,0.005658
BE,BEES_imcy,1996,0.006193
BE,BEES_imcy,1997,0.005897
BE,BEES_imcy,1998,0.005925
BE,BEES_imcy,1999,0.005755
BE,BEES_imcy,2000,0.006050
BE,BEES_imcy,2001,0.006425
BE,BEES_imcy,2002,0.006331
BE,BEES_imcy,2003,0.006781
BE,BEES_imcy,2004,0.006408
BE,BEES_imcy,2005,0.006318
BE,BEES_imcy,2006,0.006140
BE,BEES_imcy,2007,0.006177
BE,BEES_imcy,2008,0.007265
BE,BEES_imcy,2009,0.007141
BE,BEES_imcy,2010,0.007400
BE,BEES_imcy,2011,0.007280
BE,BEES_imcy,2012,0.006897
BE,BEES_imcy,2013,0.007061
BE,BEES_imcy,2014,0.006880
BE,BEES_imcy,2015,0.006811
BE,BEES_imcy,2016,0.007326
BE,BEES_imcy,2017,0.007394
BE,BEES_imcy,2018,0.007286
BE,BEES_imcy,2019,0.007212
BE,BEES_imcy,2020,0.005389
BE,BEES_imcy,average,0.006704
BE,BEES_imigy,1995,0.000035
BE,BEES_imigy,1996,0.000039
BE,BEES_imigy,1997,0.000042
BE,BEES_imigy,1998,0.000043
BE,BEES_imigy,1999,0.000047
BE,BEES_imigy,2000,0.000051
BE,BEES_imigy,2001,0.000067
BE,BEES_imigy,2002,0.000062
BE,BEES_imigy,2003,0.000063
BE,BEES_imigy,2004,0.000069
BE,BEES_imigy,2005,0.000068
BE,BEES_imigy,2006,0.000069
BE,BEES_imigy,2007,0.000071
BE,BEES_imigy,2008,0.000088
BE,BEES_imigy,2009,0.000083
BE,BEES_imigy,2010,0.000078
BE,BEES_imigy,2011,0.000087
BE,BEES_imigy,2012,0.000083
BE,BEES_imigy,2013,0.000085
BE,BEES_imigy,2014,0.000081
BE,BEES_imigy,2015,0.000078
BE,BEES_imigy,2016,0.000087
BE,BEES_imigy,2017,0.000093
BE,BEES_imigy,2018,0.000099
BE,BEES_imigy,2019,0.000105
BE,BEES_imigy,2020,0.000105
BE,BEES_imigy,average,0.000077
BE,BEES_imiy,1995,0.001691
BE,BEES_imiy,1996,0.001880
BE,BEES_imiy,1997,0.002012
BE,BEES_imiy,1998,0.001971
BE,BEES_imiy,1999,0.002120
BE,BEES_imiy,2000,0.002191
BE,BEES_imiy,2001,0.002807
BE,BEES_imiy,2002,0.002450
BE,BEES_imiy,2003,0.002497
BE,BEES_imiy,2004,0.002814
BE,BEES_imiy,2005,0.003045
BE,BEES_imiy,2006,0.002826
BE,BEES_imiy,2007,0.002878
BE,BEES_imiy,2008,0.003301
BE,BEES_imiy,2009,0.003065
BE,BEES_imiy,2010,0.002966
BE,BEES_imiy,2011,0.003143
BE,BEES_imiy,2012,0.002901
BE,BEES_imiy,2013,0.002896
BE,BEES_imiy,2014,0.002865
BE,BEES_imiy,2015,0.002765
BE,BEES_imiy,2016,0.003028
BE,BEES_imiy,2017,0.003023
BE,BEES_imiy,2018,0.003036
BE,BEES_imiy,2019,0.003100
BE,BEES_imiy,2020,0.002808
BE,BEES_imiy,average,0.002795
BE,BEFI_imcgy,1995,0.000246
BE,BEFI_imcgy,1996,0.000209
BE,BEFI_imcgy,1997,0.000222
BE,BEFI_imcgy,1998,0.000208
BE,BEFI_imcgy,1999,0.000261
BE,BEFI_imcgy,2000,0.000245
BE,BEFI_imcgy,2001,0.000253
BE,BEFI_imcgy,2002,0.000257
BE,BEFI_imcgy,2003,0.000301
BE,BEFI_imcgy,2004,0.000269
BE,BEFI_imcgy,2005,0.000258
BE,BEFI_imcgy,2006,0.000273
BE,BEFI_imcgy,2007,0.000265
BE,BEFI_imcgy,2008,0.000236
BE,BEFI_imcgy,2009,0.000245
BE,BEFI_imcgy,2010,0.000190
BE,BEFI_imcgy,2011,0.000206
BE,BEFI_imcgy,2012,0.000183
BE,BEFI_imcgy,2013,0.000162
BE,BEFI_imcgy,2014,0.000173
BE,BEFI_imcgy,2015,0.000149
BE,BEFI_imcgy,2016,0.000155
BE,BEFI_imcgy,2017,0.000153
BE,BEFI_imcgy,2018,0.000148
BE,BEFI_imcgy,2019,0.000148
BE,BEFI_imcgy,2020,0.000134
BE,BEFI_imcgy,average,0.000205
BE,BEFI_imcy,1995,0.001283
BE,BEFI_imcy,1996,0.000995
BE,BEFI_imcy,1997,0.001005
BE,BEFI_imcy,1998,0.000990
BE,BEFI_imcy,1999,0.001111
BE,BEFI_imcy,2000,0.001096
BE,BEFI_imcy,2001,0.001045
BE,BEFI_imcy,2002,0.001014
BE,BEFI_imcy,2003,0.001095
BE,BEFI_imcy,2004,0.000999
BE,BEFI_imcy,2005,0.000983
BE,BEFI_imcy,2006,0.001074
BE,BEFI_imcy,2007,0.001043
BE,BEFI_imcy,2008,0.000957
BE,BEFI_imcy,2009,0.000950
BE,BEFI_imcy,2010,0.000856
BE,BEFI_imcy,2011,0.000923
BE,BEFI_imcy,2012,0.000877
BE,BEFI_imcy,2013,0.000792
BE,BEFI_imcy,2014,0.000790
BE,BEFI_imcy,2015,0.000612
BE,BEFI_imcy,2016,0.000595
BE,BEFI_imcy,2017,0.000648
BE,BEFI_imcy,2018,0.000621
BE,BEFI_imcy,2019,0.000668
BE,BEFI_imcy,2020,0.000532
BE,BEFI_imcy,average,0.000868
BE,BEFI_imigy,1995,0.000012
BE,BEFI_imigy,1996,0.000012
BE,BEFI_imigy,1997,0.000012
BE,BEFI_imigy,1998,0.000013
BE,BEFI_imigy,1999,0.000018
BE,BEFI_imigy,2000,0.000017
BE,BEFI_imigy,2001,0.000015
BE,BEFI_imigy,2002,0.000015
BE,BEFI_imigy,2003,0.000016
BE,BEFI_imigy,2004,0.000015
BE,BEFI_imigy,2005,0.000014
BE,BEFI_imigy,2006,0.000016
BE,BEFI_imigy,2007,0.000014
BE,BEFI_imigy,2008,0.000017
BE,BEFI_imigy,2009,0.000017
BE,BEFI_imigy,2010,0.000015
BE,BEFI_imigy,2011,0.000014
BE,BEFI_imigy,2012,0.000014
BE,BEFI_imigy,2013,0.000014
BE,BEFI_imigy,2014,0.000015
BE,BEFI_imigy,2015,0.000011
BE,BEFI_imigy,2016,0.000011
BE,BEFI_imigy,2017,0.000015
BE,BEFI_imigy,2018,0.000015
BE,BEFI_imigy,2019,0.000018
BE,BEFI_imigy,2020,0.000018
BE,BEFI_imigy,average,0.000015
BE,BEFI_imiy,1995,0.000581
BE,BEFI_imiy,1996,0.000589
BE,BEFI_imiy,1997,0.000556
BE,BEFI_imiy,1998,0.000606
BE,BEFI_imiy,1999,0.000793
BE,BEFI_imiy,2000,0.000733
BE,BEFI_imiy,2001,0.000640
BE,BEFI_imiy,2002,0.000607
BE,BEFI_imiy,2003,0.000638
BE,BEFI_imiy,2004,0.000608
BE,BEFI_imiy,2005,0.000629
BE,BEFI_imiy,2006,0.000679
BE,BEFI_imiy,2007,0.000584
BE,BEFI_imiy,2008,0.000625
BE,BEFI_imiy,2009,0.000635
BE,BEFI_imiy,2010,0.000569
BE,BEFI_imiy,2011,0.000502
BE,BEFI_imiy,2012,0.000489
BE,BEFI_imiy,2013,0.000480
BE,BEFI_imiy,2014,0.000520
BE,BEFI_imiy,2015,0.000395
BE,BEFI_imiy,2016,0.000387
BE,BEFI_imiy,2017,0.000477
BE,BEFI_imiy,2018,0.000463
BE,BEFI_imiy,2019,0.000521
BE,BEFI_imiy,2020,0.000491
BE,BEFI_imiy,average,0.000552
BE,BEFR_imcgy,1995,0.003499
BE,BEFR_imcgy,1996,0.003767
BE,BEFR_imcgy,1997,0.003612
BE,BEFR_imcgy,1998,0.003857
BE,BEFR_imcgy,1999,0.003774
BE,BEFR_imcgy,2000,0.004010
BE,BEFR_imcgy,2001,0.004586
BE,BEFR_imcgy,2002,0.004268
BE,BEFR_imcgy,2003,0.004586
BE,BEFR_imcgy,2004,0.004379
BE,BEFR_imcgy,2005,0.004577
BE,BEFR_imcgy,2006,0.004453
BE,BEFR_imcgy,2007,0.004409
BE,BEFR_imcgy,2008,0.005054
BE,BEFR_imcgy,2009,0.004562
BE,BEFR_imcgy,2010,0.005813
BE,BEFR_imcgy,2011,0.006015
BE,BEFR_imcgy,2012,0.006590
BE,BEFR_imcgy,2013,0.007357
BE,BEFR_imcgy,2014,0.007450
BE,BEFR_imcgy,2015,0.006204
BE,BEFR_imcgy,2016,0.006489
BE,BEFR_imcgy,2017,0.006167
BE,BEFR_imcgy,2018,0.006056
BE,BEFR_imcgy,2019,0.006786
BE,BEFR_imcgy,2020,0.007008
BE,BEFR_imcgy,average,0.005500
BE,BEFR_imcy,1995,0.035052
BE,BEFR_imcy,1996,0.034915
BE,BEFR_imcy,1997,0.033814
BE,BEFR_imcy,1998,0.033064
BE,BEFR_imcy,1999,0.032145
BE,BEFR_imcy,2000,0.033162
BE,BEFR_imcy,2001,0.034748
BE,BEFR_imcy,2002,0.034006
BE,BEFR_imcy,2003,0.034797
BE,BEFR_imcy,2004,0.033788
BE,BEFR_imcy,2005,0.035179
BE,BEFR_imcy,2006,0.033801
BE,BEFR_imcy,2007,0.031962
BE,BEFR_imcy,2008,0.033499
BE,BEFR_imcy,2009,0.031059
BE,BEFR_imcy,2010,0.034153
BE,BEFR_imcy,2011,0.036413
BE,BEFR_imcy,2012,0.036164
BE,BEFR_imcy,2013,0.037913
BE,BEFR_imcy,2014,0.036491
BE,BEFR_imcy,2015,0.032903
BE,BEFR_imcy,2016,0.034024
BE,BEFR_imcy,2017,0.033514
BE,BEFR_imcy,2018,0.034184
BE,BEFR_imcy,2019,0.034020
BE,BEFR_imcy,2020,0.031747
BE,BEFR_imcy,average,0.034165
BE,BEFR_imigy,1995,0.000258
BE,BEFR_imigy,1996,0.000287
BE,BEFR_imigy,1997,0.000287
BE,BEFR_imigy,1998,0.000281
BE,BEFR_imigy,1999,0.000285
BE,BEFR_imigy,2000,0.000312
BE,BEFR_imigy,2001,0.000333
BE,BEFR_imigy,2002,0.000310
BE,BEFR_imigy,2003,0.000309
BE,BEFR_imigy,2004,0.000311
BE,BEFR_imigy,2005,0.000301
BE,BEFR_imigy,2006,0.000328
BE,BEFR_imigy,2007,0.000340
BE,BEFR_imigy,2008,0.000403
BE,BEFR_imigy,2009,0.000342
BE,BEFR_imigy,2010,0.000341
BE,BEFR_imigy,2011,0.000388
BE,BEFR_imigy,2012,0.000401
BE,BEFR_imigy,2013,0.000396
BE,BEFR_imigy,2014,0.000400
BE,BEFR_imigy,2015,0.000406
BE,BEFR_imigy,2016,0.000395
BE,BEFR_imigy,2017,0.000435
BE,BEFR_imigy,2018,0.000486
BE,BEFR_imigy,2019,0.000518
BE,BEFR_imigy,2020,0.000527
BE,BEFR_imigy,average,0.000377
BE,BEFR_imiy,1995,0.012569
BE,BEFR_imiy,1996,0.013801
BE,BEFR_imiy,1997,0.013798
BE,BEFR_imiy,1998,0.012892
BE,BEFR_imiy,1999,0.012817
BE,BEFR_imiy,2000,0.013516
BE,BEFR_imiy,2001,0.013861
BE,BEFR_imiy,2002,0.012242
BE,BEFR_imiy,2003,0.012215
BE,BEFR_imiy,2004,0.012694
BE,BEFR_imiy,2005,0.013378
BE,BEFR_imiy,2006,0.013505
BE,BEFR_imiy,2007,0.013747
BE,BEFR_imiy,2008,0.015111
BE,BEFR_imiy,2009,0.012694
BE,BEFR_imiy,2010,0.013031
BE,BEFR_imiy,2011,0.014101
BE,BEFR_imiy,2012,0.013975
BE,BEFR_imiy,2013,0.013545
BE,BEFR_imiy,2014,0.014166
BE,BEFR_imiy,2015,0.014436
BE,BEFR_imiy,2016,0.013744
BE,BEFR_imiy,2017,0.014132
BE,BEFR_imiy,2018,0.014877
BE,BEFR_imiy,2019,0.015337
BE,BEFR_imiy,2020,0.014086
BE,BEFR_imiy,average,0.013764
BE,BEGR_imcgy,1995,0.000039
BE,BEGR_imcgy,1996,0.000042
BE,BEGR_imcgy,1997,0.000046
BE,BEGR_imcgy,1998,0.000044
BE,BEGR_imcgy,1999,0.000066
BE,BEGR_imcgy,2000,0.000104
BE,BEGR_imcgy,2001,0.000077
BE,BEGR_imcgy,2002,0.000065
BE,BEGR_imcgy,2003,0.000075
BE,BEGR_imcgy,2004,0.000071
BE,BEGR_imcgy,2005,0.000059
BE,BEGR_imcgy,2006,0.000073
BE,BEGR_imcgy,2007,0.000055
BE,BEGR_imcgy,2008,0.000060
BE,BEGR_imcgy,2009,0.000065
BE,BEGR_imcgy,2010,0.000082
BE,BEGR_imcgy,2011,0.000087
BE,BEGR_imcgy,2012,0.000092
BE,BEGR_imcgy,2013,0.000082
BE,BEGR_imcgy,2014,0.000090
BE,BEGR_imcgy,2015,0.000080
BE,BEGR_imcgy,2016,0.000078
BE,BEGR_imcgy,2017,0.000075
BE,BEGR_imcgy,2018,0.000073
BE,BEGR_imcgy,2019,0.000074
BE,BEGR_imcgy,2020,0.000070
BE,BEGR_imcgy,average,0.000072
BE,BEGR_imcy,1995,0.000852
BE,BEGR_imcy,1996,0.000786
BE,BEGR_imcy,1997,0.000951
BE,BEGR_imcy,1998,0.000917
BE,BEGR_imcy,1999,0.001025
BE,BEGR_imcy,2000,0.001231
BE,BEGR_imcy,2001,0.000975
BE,BEGR_imcy,2002,0.000862
BE,BEGR_imcy,2003,0.000970
BE,BEGR_imcy,2004,0.000910
BE,BEGR_imcy,2005,0.000827
BE,BEGR_imcy,2006,0.000796
BE,BEGR_imcy,2007,0.000835
BE,BEGR_imcy,2008,0.000672
BE,BEGR_imcy,2009,0.000681
BE,BEGR_imcy,2010,0.000560
BE,BEGR_imcy,2011,0.000652
BE,BEGR_imcy,2012,0.000597
BE,BEGR_imcy,2013,0.000611
BE,BEGR_imcy,2014,0.000678
BE,BEGR_imcy,2015,0.000746
BE,BEGR_imcy,2016,0.000760
BE,BEGR_imcy,2017,0.000744
BE,BEGR_imcy,2018,0.000672
BE,BEGR_imcy,2019,0.000710
BE,BEGR_imcy,2020,0.000350
BE,BEGR_imcy,average,0.000743
BE,BEGR_imigy,1995,0.000002
BE,BEGR_imigy,1996,0.000002
BE,BEGR_imigy,1997,0.000002
BE,BEGR_imigy,1998,0.000002
BE,BEGR_imigy,1999,0.000003
BE,BEGR_imigy,2000,0.000005
BE,BEGR_imigy,2001,0.000005
BE,BEGR_imigy,2002,0.000003
BE,BEGR_imigy,2003,0.000003
BE,BEGR_imigy,2004,0.000003
BE,BEGR_imigy,2005,0.000002
BE,BEGR_imigy,2006,0.000003
BE,BEGR_imigy,2007,0.000003
BE,BEGR_imigy,2008,0.000004
BE,BEGR_imigy,2009,0.000004
BE,BEGR_imigy,2010,0.000003
BE,BEGR_imigy,2011,0.000004
BE,BEGR_imigy,2012,0.000004
BE,BEGR_imigy,2013,0.000004
BE,BEGR_imigy,2014,0.000004
BE,BEGR_imigy,2015,0.000004
BE,BEGR_imigy,2016,0.000004
BE,BEGR_imigy,2017,0.000004
BE,BEGR_imigy,2018,0.000004
BE,BEGR_imigy,2019,0.000006
BE,BEGR_imigy,2020,0.000004
BE,BEGR_imigy,average,0.000004
BE,BEGR_imiy,1995,0.000094
BE,BEGR_imiy,1996,0.000108
BE,BEGR_imiy,1997,0.000098
BE,BEGR_imiy,1998,0.000095
BE,BEGR_imiy,1999,0.000127
BE,BEGR_imiy,2000,0.000197
BE,BEGR_imiy,2001,0.000220
BE,BEGR_imiy,2002,0.000127
BE,BEGR_imiy,2003,0.000121
BE,BEGR_imiy,2004,0.000115
BE,BEGR_imiy,2005,0.000101
BE,BEGR_imiy,2006,0.000113
BE,BEGR_imiy,2007,0.000132
BE,BEGR_imiy,2008,0.000141
BE,BEGR_imiy,2009,0.000130
BE,BEGR_imiy,2010,0.000116
BE,BEGR_imiy,2011,0.000150
BE,BEGR_imiy,2012,0.000153
BE,BEGR_imiy,2013,0.000127
BE,BEGR_imiy,2014,0.000152
BE,BEGR_imiy,2015,0.000138
BE,BEGR_imiy,2016,0.000134
BE,BEGR_imiy,2017,0.000137
BE,BEGR_imiy,2018,0.000134
BE,BEGR_imiy,2019,0.000181
BE,BEGR_imiy,2020,0.000107
BE,BEGR_imiy,average,0.000133
BE,BEIT_imcgy,1995,0.001535
BE,BEIT_imcgy,1996,0.001568
BE,BEIT_imcgy,1997,0.001342
BE,BEIT_imcgy,1998,0.001660
BE,BEIT_imcgy,1999,0.001454
BE,BEIT_imcgy,2000,0.001676
BE,BEIT_imcgy,2001,0.001873
BE,BEIT_imcgy,2002,0.001346
BE,BEIT_imcgy,2003,0.001497
BE,BEIT_imcgy,2004,0.001461
BE,BEIT_imcgy,2005,0.001301
BE,BEIT_imcgy,2006,0.001332
BE,BEIT_imcgy,2007,0.001507
BE,BEIT_imcgy,2008,0.001592
BE,BEIT_imcgy,2009,0.001764
BE,BEIT_imcgy,2010,0.001476
BE,BEIT_imcgy,2011,0.001428
BE,BEIT_imcgy,2012,0.001581
BE,BEIT_imcgy,2013,0.001782
BE,BEIT_imcgy,2014,0.002128
BE,BEIT_imcgy,2015,0.002652
BE,BEIT_imcgy,2016,0.001886
BE,BEIT_imcgy,2017,0.002107
BE,BEIT_imcgy,2018,0.002169
BE,BEIT_imcgy,2019,0.002153
BE,BEIT_imcgy,2020,0.002615
BE,BEIT_imcgy,average,0.001776
BE,BEIT_imcy,1995,0.010091
BE,BEIT_imcy,1996,0.009869
BE,BEIT_imcy,1997,0.008575
BE,BEIT_imcy,1998,0.009244
BE,BEIT_imcy,1999,0.008166
BE,BEIT_imcy,2000,0.008465
BE,BEIT_imcy,2001,0.008316
BE,BEIT_imcy,2002,0.007720
BE,BEIT_imcy,2003,0.008113
BE,BEIT_imcy,2004,0.007926
BE,BEIT_imcy,2005,0.007432
BE,BEIT_imcy,2006,0.007257
BE,BEIT_imcy,2007,0.007327
BE,BEIT_imcy,2008,0.007039
BE,BEIT_imcy,2009,0.007285
BE,BEIT_imcy,2010,0.006969
BE,BEIT_imcy,2011,0.006790
BE,BEIT_imcy,2012,0.006731
BE,BEIT_imcy,2013,0.006981
BE,BEIT_imcy,2014,0.006854
BE,BEIT_imcy,2015,0.007082
BE,BEIT_imcy,2016,0.006705
BE,BEIT_imcy,2017,0.007158
BE,BEIT_imcy,2018,0.007090
BE,BEIT_imcy,2019,0.006926
BE,BEIT_imcy,2020,0.006902
BE,BEIT_imcy,average,0.007438
BE,BEIT_imigy,1995,0.000101
BE,BEIT_imigy,1996,0.000104
BE,BEIT_imigy,1997,0.000098
BE,BEIT_imigy,1998,0.000101
BE,BEIT_imigy,1999,0.000095
BE,BEIT_imigy,2000,0.000110
BE,BEIT_imigy,2001,0.000115
BE,BEIT_imigy,2002,0.000102
BE,BEIT_imigy,2003,0.000107
BE,BEIT_imigy,2004,0.000110
BE,BEIT_imigy,2005,0.000103
BE,BEIT_imigy,2006,0.000111
BE,BEIT_imigy,2007,0.000122
BE,BEIT_imigy,2008,0.000126
BE,BEIT_imigy,2009,0.000124
BE,BEIT_imigy,2010,0.000116
BE,BEIT_imigy,2011,0.000122
BE,BEIT_imigy,2012,0.000127
BE,BEIT_imigy,2013,0.000120
BE,BEIT_imigy,2014,0.000124
BE,BEIT_imigy,2015,0.000117
BE,BEIT_imigy,2016,0.000118
BE,BEIT_imigy,2017,0.000133
BE,BEIT_imigy,2018,0.000144
BE,BEIT_imigy,2019,0.000145
BE,BEIT_imigy,2020,0.000153
BE,BEIT_imigy,average,0.000122
BE,BEIT_imiy,1995,0.004927
BE,BEIT_imiy,1996,0.005030
BE,BEIT_imiy,1997,0.004713
BE,BEIT_imiy,1998,0.004626
BE,BEIT_imiy,1999,0.004285
BE,BEIT_imiy,2000,0.004752
BE,BEIT_imiy,2001,0.004781
BE,BEIT_imiy,2002,0.004029
BE,BEIT_imiy,2003,0.004252
BE,BEIT_imiy,2004,0.004488
BE,BEIT_imiy,2005,0.004588
BE,BEIT_imiy,2006,0.004574
BE,BEIT_imiy,2007,0.004926
BE,BEIT_imiy,2008,0.004718
BE,BEIT_imiy,2009,0.004604
BE,BEIT_imiy,2010,0.004415
BE,BEIT_imiy,2011,0.004446
BE,BEIT_imiy,2012,0.004429
BE,BEIT_imiy,2013,0.004120
BE,BEIT_imiy,2014,0.004389
BE,BEIT_imiy,2015,0.004152
BE,BEIT_imiy,2016,0.004105
BE,BEIT_imiy,2017,0.004312
BE,BEIT_imiy,2018,0.004422
BE,BEIT_imiy,2019,0.004283
BE,BEIT_imiy,2020,0.004099
BE,BEIT_imiy,average,0.004449
BE,BENL_imcgy,1995,0.004909
BE,BENL_imcgy,1996,0.005001
BE,BENL_imcgy,1997,0.004608
BE,BENL_imcgy,1998,0.004301
BE,BENL_imcgy,1999,0.004360
BE,BENL_imcgy,2000,0.004818
BE,BENL_imcgy,2001,0.005089
BE,BENL_imcgy,2002,0.005343
BE,BENL_imcgy,2003,0.005089
BE,BENL_imcgy,2004,0.005303
BE,BENL_imcgy,2005,0.004723
BE,BENL_imcgy,2006,0.004864
BE,BENL_imcgy,2007,0.005259
BE,BENL_imcgy,2008,0.004775
BE,BENL_imcgy,2009,0.004777
BE,BENL_imcgy,2010,0.005015
BE,BENL_imcgy,2011,0.005419
BE,BENL_imcgy,2012,0.005542
BE,BENL_imcgy,2013,0.005057
BE,BENL_imcgy,2014,0.005535
BE,BENL_imcgy,2015,0.005333
BE,BENL_imcgy,2016,0.005024
BE,BENL_imcgy,2017,0.004811
BE,BENL_imcgy,2018,0.004914
BE,BENL_imcgy,2019,0.004598
BE,BENL_imcgy,2020,0.004950
BE,BENL_imcgy,average,0.005007
BE,BENL_imcy,1995,0.030519
BE,BENL_imcy,1996,0.030172
BE,BENL_imcy,1997,0.027801
BE,BENL_imcy,1998,0.025631
BE,BENL_imcy,1999,0.025918
BE,BENL_imcy,2000,0.028377
BE,BENL_imcy,2001,0.027809
BE,BENL_imcy,2002,0.026277
BE,BENL_imcy,2003,0.025103
BE,BENL_imcy,2004,0.025001
BE,BENL_imcy,2005,0.024643
BE,BENL_imcy,2006,0.023936
BE,BENL_imcy,2007,0.026292
BE,BENL_imcy,2008,0.026320
BE,BENL_imcy,2009,0.024154
BE,BENL_imcy,2010,0.026328
BE,BENL_imcy,2011,0.028740
BE,BENL_imcy,2012,0.028680
BE,BENL_imcy,2013,0.028353
BE,BENL_imcy,2014,0.028389
BE,BENL_imcy,2015,0.028605
BE,BENL_imcy,2016,0.027794
BE,BENL_imcy,2017,0.027787
BE,BENL_imcy,2018,0.028795
BE,BENL_imcy,2019,0.027638
BE,BENL_imcy,2020,0.027034
BE,BENL_imcy,average,0.027198
BE,BENL_imigy,1995,0.000234
BE,BENL_imigy,1996,0.000235
BE,BENL_imigy,1997,0.000245
BE,BENL_imigy,1998,0.000224
BE,BENL_imigy,1999,0.000250
BE,BENL_imigy,2000,0.000263
BE,BENL_imigy,2001,0.000258
BE,BENL_imigy,2002,0.000250
BE,BENL_imigy,2003,0.000247
BE,BENL_imigy,2004,0.000250
BE,BENL_imigy,2005,0.000236
BE,BENL_imigy,2006,0.000253
BE,BENL_imigy,2007,0.000270
BE,BENL_imigy,2008,0.000279
BE,BENL_imigy,2009,0.000261
BE,BENL_imigy,2010,0.000259
BE,BENL_imigy,2011,0.000307
BE,BENL_imigy,2012,0.000307
BE,BENL_imigy,2013,0.000305
BE,BENL_imigy,2014,0.000303
BE,BENL_imigy,2015,0.000315
BE,BENL_imigy,2016,0.000392
BE,BENL_imigy,2017,0.000361
BE,BENL_imigy,2018,0.000398
BE,BENL_imigy,2019,0.000406
BE,BENL_imigy,2020,0.000434
BE,BENL_imigy,average,0.000301
BE,BENL_imiy,1995,0.011361
BE,BENL_imiy,1996,0.011293
BE,BENL_imiy,1997,0.011788
BE,BENL_imiy,1998,0.010277
BE,BENL_imiy,1999,0.011281
BE,BENL_imiy,2000,0.011422
BE,BENL_imiy,2001,0.010742
BE,BENL_imiy,2002,0.009851
BE,BENL_imiy,2003,0.009771
BE,BENL_imiy,2004,0.010183
BE,BENL_imiy,2005,0.010494
BE,BENL_imiy,2006,0.010429
BE,BENL_imiy,2007,0.010923
BE,BENL_imiy,2008,0.010454
BE,BENL_imiy,2009,0.009692
BE,BENL_imiy,2010,0.009878
BE,BENL_imiy,2011,0.011140
BE,BENL_imiy,2012,0.010695
BE,BENL_imiy,2013,0.010427
BE,BENL_imiy,2014,0.010738
BE,BENL_imiy,2015,0.011179
BE,BENL_imiy,2016,0.013620
BE,BENL_imiy,2017,0.011734
BE,BENL_imiy,2018,0.012183
BE,BENL_imiy,2019,0.012034
BE,BENL_imiy,2020,0.011592
BE,BENL_imiy,average,0.011010
BE,BEPT_imcgy,1995,0.000099
BE,BEPT_imcgy,1996,0.000112
BE,BEPT_imcgy,1997,0.000106
BE,BEPT_imcgy,1998,0.000101
BE,BEPT_imcgy,1999,0.000102
BE,BEPT_imcgy,2000,0.000109
BE,BEPT_imcgy,2001,0.000116
BE,BEPT_imcgy,2002,0.000223
BE,BEPT_imcgy,2003,0.000162
BE,BEPT_imcgy,2004,0.000201
BE,BEPT_imcgy,2005,0.000198
BE,BEPT_imcgy,2006,0.000219
BE,BEPT_imcgy,2007,0.000228
BE,BEPT_imcgy,2008,0.000269
BE,BEPT_imcgy,2009,0.000249
BE,BEPT_imcgy,2010,0.000256
BE,BEPT_imcgy,2011,0.000301
BE,BEPT_imcgy,2012,0.000310
BE,BEPT_imcgy,2013,0.000319
BE,BEPT_imcgy,2014,0.000301
BE,BEPT_imcgy,2015,0.000271
BE,BEPT_imcgy,2016,0.000274
BE,BEPT_imcgy,2017,0.000287
BE,BEPT_imcgy,2018,0.000286
BE,BEPT_imcgy,2019,0.000286
BE,BEPT_imcgy,2020,0.000275
BE,BEPT_imcgy,average,0.000238
BE,BEPT_imcy,1995,0.001167
BE,BEPT_imcy,1996,0.001185
BE,BEPT_imcy,1997,0.001182
BE,BEPT_imcy,1998,0.001181
BE,BEPT_imcy,1999,0.001233
BE,BEPT_imcy,2000,0.001439
BE,BEPT_imcy,2001,0.001608
BE,BEPT_imcy,2002,0.001660
BE,BEPT_imcy,2003,0.001481
BE,BEPT_imcy,2004,0.001490
BE,BEPT_imcy,2005,0.001276
BE,BEPT_imcy,2006,0.001114
BE,BEPT_imcy,2007,0.001127
BE,BEPT_imcy,2008,0.001271
BE,BEPT_imcy,2009,0.001197
BE,BEPT_imcy,2010,0.001282
BE,BEPT_imcy,2011,0.001461
BE,BEPT_imcy,2012,0.001491
BE,BEPT_imcy,2013,0.001548
BE,BEPT_imcy,2014,0.001414
BE,BEPT_imcy,2015,0.001374
BE,BEPT_imcy,2016,0.001378
BE,BEPT_imcy,2017,0.001442
BE,BEPT_imcy,2018,0.001494
BE,BEPT_imcy,2019,0.001457
BE,BEPT_imcy,2020,0.001208
BE,BEPT_imcy,average,0.001356
BE,BEPT_imigy,1995,0.000006
BE,BEPT_imigy,1996,0.000009
BE,BEPT_imigy,1997,0.000013
BE,BEPT_imigy,1998,0.000015
BE,BEPT_imigy,1999,0.000017
BE,BEPT_imigy,2000,0.000019
BE,BEPT_imigy,2001,0.000027
BE,BEPT_imigy,2002,0.000023
BE,BEPT_imigy,2003,0.000020
BE,BEPT_imigy,2004,0.000019
BE,BEPT_imigy,2005,0.000017
BE,BEPT_imigy,2006,0.000015
BE,BEPT_imigy,2007,0.000014
BE,BEPT_imigy,2008,0.000017
BE,BEPT_imigy,2009,0.000014
BE,BEPT_imigy,2010,0.000016
BE,BEPT_imigy,2011,0.000021
BE,BEPT_imigy,2012,0.000023
BE,BEPT_imigy,2013,0.000020
BE,BEPT_imigy,2014,0.000018
BE,BEPT_imigy,2015,0.000015
BE,BEPT_imigy,2016,0.000015
BE,BEPT_imigy,2017,0.000017
BE,BEPT_imigy,2018,0.000019
BE,BEPT_imigy,2019,0.000021
BE,BEPT_imigy,2020,0.000021
BE,BEPT_imigy,average,0.000018
BE,BEPT_imiy,1995,0.000305
BE,BEPT_imiy,1996,0.000448
BE,BEPT_imiy,1997,0.000626
BE,BEPT_imiy,1998,0.000693
BE,BEPT_imiy,1999,0.000747
BE,BEPT_imiy,2000,0.000829
BE,BEPT_imiy,2001,0.001115
BE,BEPT_imiy,2002,0.000888
BE,BEPT_imiy,2003,0.000774
BE,BEPT_imiy,2004,0.000783
BE,BEPT_imiy,2005,0.000737
BE,BEPT_imiy,2006,0.000611
BE,BEPT_imiy,2007,0.000586
BE,BEPT_imiy,2008,0.000631
BE,BEPT_imiy,2009,0.000518
BE,BEPT_imiy,2010,0.000611
BE,BEPT_imiy,2011,0.000773
BE,BEPT_imiy,2012,0.000787
BE,BEPT_imiy,2013,0.000698
BE,BEPT_imiy,2014,0.000630
BE,BEPT_imiy,2015,0.000546
BE,BEPT_imiy,2016,0.000522
BE,BEPT_imiy,2017,0.000556
BE,BEPT_imiy,2018,0.000578
BE,BEPT_imiy,2019,0.000621
BE,BEPT_imiy,2020,0.000550
BE,BEPT_imiy,average,0.000646
BE,BERA_imcgy,1995,0.001143
BE,BERA_imcgy,1996,0.001421
BE,BERA_imcgy,1997,0.001650
BE,BERA_imcgy,1998,0.002134
BE,BERA_imcgy,1999,0.002543
BE,BERA_imcgy,2000,0.002934
BE,BERA_imcgy,2001,0.002546
BE,BERA_imcgy,2002,0.003813
BE,BERA_imcgy,2003,0.003454
BE,BERA_imcgy,2004,0.003830
BE,BERA_imcgy,2005,0.003278
BE,BERA_imcgy,2006,0.002842
BE,BERA_imcgy,2007,0.002448
BE,BERA_imcgy,2008,0.003146
BE,BERA_imcgy,2009,0.004264
BE,BERA_imcgy,2010,0.002336
BE,BERA_imcgy,2011,0.002238
BE,BERA_imcgy,2012,0.002572
BE,BERA_imcgy,2013,0.002791
BE,BERA_imcgy,2014,0.002979
BE,BERA_imcgy,2015,0.003404
BE,BERA_imcgy,2016,0.006101
BE,BERA_imcgy,2017,0.006475
BE,BERA_imcgy,2018,0.007050
BE,BERA_imcgy,2019,0.006657
BE,BERA_imcgy,2020,0.009292
BE,BERA_imcgy,average,0.003866
BE,BERA_imcy,1995,0.005267
BE,BERA_imcy,1996,0.005817
BE,BERA_imcy,1997,0.006434
BE,BERA_imcy,1998,0.007688
BE,BERA_imcy,1999,0.008585
BE,BERA_imcy,2000,0.009750
BE,BERA_imcy,2001,0.014432
BE,BERA_imcy,2002,0.014528
BE,BERA_imcy,2003,0.014253
BE,BERA_imcy,2004,0.014591
BE,BERA_imcy,2005,0.012246
BE,BERA_imcy,2006,0.012185
BE,BERA_imcy,2007,0.010350
BE,BERA_imcy,2008,0.010694
BE,BERA_imcy,2009,0.012423
BE,BERA_imcy,2010,0.011281
BE,BERA_imcy,2011,0.010112
BE,BERA_imcy,2012,0.010626
BE,BERA_imcy,2013,0.011078
BE,BERA_imcy,2014,0.012361
BE,BERA_imcy,2015,0.013162
BE,BERA_imcy,2016,0.016031
BE,BERA_imcy,2017,0.017243
BE,BERA_imcy,2018,0.017820
BE,BERA_imcy,2019,0.018278
BE,BERA_imcy,2020,0.020245
BE,BERA_imcy,average,0.012741
BE,BERA_imigy,1995,0.000038
BE,BERA_imigy,1996,0.000044
BE,BERA_imigy,1997,0.000053
BE,BERA_imigy,1998,0.000065
BE,BERA_imigy,1999,0.000071
BE,BERA_imigy,2000,0.000083
BE,BERA_imigy,2001,0.000104
BE,BERA_imigy,2002,0.000100
BE,BERA_imigy,2003,0.000098
BE,BERA_imigy,2004,0.000099
BE,BERA_imigy,2005,0.000081
BE,BERA_imigy,2006,0.000094
BE,BERA_imigy,2007,0.000094
BE,BERA_imigy,2008,0.000097
BE,BERA_imigy,2009,0.000109
BE,BERA_imigy,2010,0.000101
BE,BERA_imigy,2011,0.000110
BE,BERA_imigy,2012,0.000128
BE,BERA_imigy,2013,0.000126
BE,BERA_imigy,2014,0.000136
BE,BERA_imigy,2015,0.000151
BE,BERA_imigy,2016,0.000155
BE,BERA_imigy,2017,0.000191
BE,BERA_imigy,2018,0.000220
BE,BERA_imigy,2019,0.000244
BE,BERA_imigy,2020,0.000296
BE,BERA_imigy,average,0.000125
BE,BERA_imiy,1995,0.001839
BE,BERA_imiy,1996,0.002117
BE,BERA_imiy,1997,0.002554
BE,BERA_imiy,1998,0.002979
BE,BERA_imiy,1999,0.003204
BE,BERA_imiy,2000,0.003600
BE,BERA_imiy,2001,0.004330
BE,BERA_imiy,2002,0.003952
BE,BERA_imiy,2003,0.003893
BE,BERA_imiy,2004,0.004046
BE,BERA_imiy,2005,0.003607
BE,BERA_imiy,2006,0.003855
BE,BERA_imiy,2007,0.003793
BE,BERA_imiy,2008,0.003617
BE,BERA_imiy,2009,0.004038
BE,BERA_imiy,2010,0.003842
BE,BERA_imiy,2011,0.004010
BE,BERA_imiy,2012,0.004451
BE,BERA_imiy,2013,0.004298
BE,BERA_imiy,2014,0.004833
BE,BERA_imiy,2015,0.005368
BE,BERA_imiy,2016,0.005404
BE,BERA_imiy,2017,0.006197
BE,BERA_imiy,2018,0.006743
BE,BERA_imiy,2019,0.007224
BE,BERA_imiy,2020,0.007904
BE,BERA_imiy,average,0.004567
BE,BERU_imcgy,1995,0.001220
BE,BERU_imcgy,1996,0.001316
BE,BERU_imcgy,1997,0.001234
BE,BERU_imcgy,1998,0.001311
BE,BERU_imcgy,1999,0.001373
BE,BERU_imcgy,2000,0.001642
BE,BERU_imcgy,2001,0.001872
BE,BERU_imcgy,2002,0.001975
BE,BERU_imcgy,2003,0.002081
BE,BERU_imcgy,2004,0.001957
BE,BERU_imcgy,2005,0.002005
BE,BERU_imcgy,2006,0.002261
BE,BERU_imcgy,2007,0.002486
BE,BERU_imcgy,2008,0.003058
BE,BERU_imcgy,2009,0.002976
BE,BERU_imcgy,2010,0.003099
BE,BERU_imcgy,2011,0.003192
BE,BERU_imcgy,2012,0.003261
BE,BERU_imcgy,2013,0.003203
BE,BERU_imcgy,2014,0.003518
BE,BERU_imcgy,2015,0.003363
BE,BERU_imcgy,2016,0.003477
BE,BERU_imcgy,2017,0.003494
BE,BERU_imcgy,2018,0.003567
BE,BERU_imcgy,2019,0.003769
BE,BERU_imcgy,2020,0.004151
BE,BERU_imcgy,average,0.002807
BE,BERU_imcy,1995,0.008218
BE,BERU_imcy,1996,0.007742
BE,BERU_imcy,1997,0.007364
BE,BERU_imcy,1998,0.008208
BE,BERU_imcy,1999,0.008062
BE,BERU_imcy,2000,0.008750
BE,BERU_imcy,2001,0.008981
BE,BERU_imcy,2002,0.008845
BE,BERU_imcy,2003,0.009607
BE,BERU_imcy,2004,0.010069
BE,BERU_imcy,2005,0.009940
BE,BERU_imcy,2006,0.010279
BE,BERU_imcy,2007,0.010196
BE,BERU_imcy,2008,0.011628
BE,BERU_imcy,2009,0.010481
BE,BERU_imcy,2010,0.011304
BE,BERU_imcy,2011,0.011983
BE,BERU_imcy,2012,0.011708
BE,BERU_imcy,2013,0.012016
BE,BERU_imcy,2014,0.012136
BE,BERU_imcy,2015,0.011565
BE,BERU_imcy,2016,0.012296
BE,BERU_imcy,2017,0.012933
BE,BERU_imcy,2018,0.013006
BE,BERU_imcy,2019,0.013343
BE,BERU_imcy,2020,0.012947
BE,BERU_imcy,average,0.011000
BE,BERU_imigy,1995,0.000104
BE,BERU_imigy,1996,0.000101
BE,BERU_imigy,1997,0.000104
BE,BERU_imigy,1998,0.000120
BE,BERU_imigy,1999,0.000121
BE,BERU_imigy,2000,0.000135
BE,BERU_imigy,2001,0.000150
BE,BERU_imigy,2002,0.000145
BE,BERU_imigy,2003,0.000152
BE,BERU_imigy,2004,0.000170
BE,BERU_imigy,2005,0.000185
BE,BERU_imigy,2006,0.000215
BE,BERU_imigy,2007,0.000235
BE,BERU_imigy,2008,0.000269
BE,BERU_imigy,2009,0.000222
BE,BERU_imigy,2010,0.000241
BE,BERU_imigy,2011,0.000277
BE,BERU_imigy,2012,0.000291
BE,BERU_imigy,2013,0.000286
BE,BERU_imigy,2014,0.000281
BE,BERU_imigy,2015,0.000283
BE,BERU_imigy,2016,0.000282
BE,BERU_imigy,2017,0.000338
BE,BERU_imigy,2018,0.000365
BE,BERU_imigy,2019,0.000405
BE,BERU_imigy,2020,0.000433
BE,BERU_imigy,average,0.000245
BE,BERU_imiy,1995,0.005040
BE,BERU_imiy,1996,0.004864
BE,BERU_imiy,1997,0.004994
BE,BERU_imiy,1998,0.005522
BE,BERU_imiy,1999,0.005437
BE,BERU_imiy,2000,0.005836
BE,BERU_imiy,2001,0.006254
BE,BERU_imiy,2002,0.005714
BE,BERU_imiy,2003,0.006021
BE,BERU_imiy,2004,0.006945
BE,BERU_imiy,2005,0.008225
BE,BERU_imiy,2006,0.008848
BE,BERU_imiy,2007,0.009491
BE,BERU_imiy,2008,0.010087
BE,BERU_imiy,2009,0.008244
BE,BERU_imiy,2010,0.009200
BE,BERU_imiy,2011,0.010059
BE,BERU_imiy,2012,0.010140
BE,BERU_imiy,2013,0.009774
BE,BERU_imiy,2014,0.009963
BE,BERU_imiy,2015,0.010061
BE,BERU_imiy,2016,0.009821
BE,BERU_imiy,2017,0.011002
BE,BERU_imiy,2018,0.011170
BE,BERU_imiy,2019,0.012003
BE,BERU_imiy,2020,0.011578
BE,BERU_imiy,average,0.008940
BE,BERW_imcgy,1995,0.006724
BE,BERW_imcgy,1996,0.007494
BE,BERW_imcgy,1997,0.008032
BE,BERW_imcgy,1998,0.007962
BE,BERW_imcgy,1999,0.007918
BE,BERW_imcgy,2000,0.009027
BE,BERW_imcgy,2001,0.008898
BE,BERW_imcgy,2002,0.009191
BE,BERW_imcgy,2003,0.008974
BE,BERW_imcgy,2004,0.008998
BE,BERW_imcgy,2005,0.009310
BE,BERW_imcgy,2006,0.009508
BE,BERW_imcgy,2007,0.009438
BE,BERW_imcgy,2008,0.010716
BE,BERW_imcgy,2009,0.011075
BE,BERW_imcgy,2010,0.010767
BE,BERW_imcgy,2011,0.011430
BE,BERW_imcgy,2012,0.011760
BE,BERW_imcgy,2013,0.011884
BE,BERW_imcgy,2014,0.012746
BE,BERW_imcgy,2015,0.011726
BE,BERW_imcgy,2016,0.012035
BE,BERW_imcgy,2017,0.012341
BE,BERW_imcgy,2018,0.012570
BE,BERW_imcgy,2019,0.014496
BE,BERW_imcgy,2020,0.015625
BE,BERW_imcgy,average,0.010926
BE,BERW_imcy,1995,0.048196
BE,BERW_imcy,1996,0.052427
BE,BERW_imcy,1997,0.057539
BE,BERW_imcy,1998,0.056385
BE,BERW_imcy,1999,0.054356
BE,BERW_imcy,2000,0.060739
BE,BERW_imcy,2001,0.056991
BE,BERW_imcy,2002,0.055425
BE,BERW_imcy,2003,0.053717
BE,BERW_imcy,2004,0.052950
BE,BERW_imcy,2005,0.056255
BE,BERW_imcy,2006,0.058851
BE,BERW_imcy,2007,0.058976
BE,BERW_imcy,2008,0.064092
BE,BERW_imcy,2009,0.061981
BE,BERW_imcy,2010,0.059208
BE,BERW_imcy,2011,0.058031
BE,BERW_imcy,2012,0.059791
BE,BERW_imcy,2013,0.060164
BE,BERW_imcy,2014,0.059387
BE,BERW_imcy,2015,0.057982
BE,BERW_imcy,2016,0.056398
BE,BERW_imcy,2017,0.056553
BE,BERW_imcy,2018,0.055907
BE,BERW_imcy,2019,0.055689
BE,BERW_imcy,2020,0.052149
BE,BERW_imcy,average,0.057279
BE,BERW_imigy,1995,0.000537
BE,BERW_imigy,1996,0.000574
BE,BERW_imigy,1997,0.000614
BE,BERW_imigy,1998,0.000636
BE,BERW_imigy,1999,0.000660
BE,BERW_imigy,2000,0.000777
BE,BERW_imigy,2001,0.000772
BE,BERW_imigy,2002,0.000753
BE,BERW_imigy,2003,0.000726
BE,BERW_imigy,2004,0.000790
BE,BERW_imigy,2005,0.000823
BE,BERW_imigy,2006,0.000822
BE,BERW_imigy,2007,0.000895
BE,BERW_imigy,2008,0.001049
BE,BERW_imigy,2009,0.000977
BE,BERW_imigy,2010,0.000825
BE,BERW_imigy,2011,0.000822
BE,BERW_imigy,2012,0.000854
BE,BERW_imigy,2013,0.000851
BE,BERW_imigy,2014,0.000897
BE,BERW_imigy,2015,0.000987
BE,BERW_imigy,2016,0.001026
BE,BERW_imigy,2017,0.001057
BE,BERW_imigy,2018,0.001082
BE,BERW_imigy,2019,0.001163
BE,BERW_imigy,2020,0.001240
BE,BERW_imigy,average,0.000894
BE,BERW_imiy,1995,0.026102
BE,BERW_imiy,1996,0.027649
BE,BERW_imiy,1997,0.029538
BE,BERW_imiy,1998,0.029169
BE,BERW_imiy,1999,0.029715
BE,BERW_imiy,2000,0.033701
BE,BERW_imiy,2001,0.032179
BE,BERW_imiy,2002,0.029696
BE,BERW_imiy,2003,0.028720
BE,BERW_imiy,2004,0.032218
BE,BERW_imiy,2005,0.036658
BE,BERW_imiy,2006,0.033854
BE,BERW_imiy,2007,0.036186
BE,BERW_imiy,2008,0.039310
BE,BERW_imiy,2009,0.036232
BE,BERW_imiy,2010,0.031490
BE,BERW_imiy,2011,0.029858
BE,BERW_imiy,2012,0.029736
BE,BERW_imiy,2013,0.029112
BE,BERW_imiy,2014,0.031776
BE,BERW_imiy,2015,0.035090
BE,BERW_imiy,2016,0.035686
BE,BERW_imiy,2017,0.034384
BE,BERW_imiy,2018,0.033139
BE,BERW_imiy,2019,0.034443
BE,BERW_imiy,2020,0.033156
BE,BERW_imiy,average,0.032663
BE,BEUS_imcgy,1995,0.002078
BE,BEUS_imcgy,1996,0.002360
BE,BEUS_imcgy,1997,0.002626
BE,BEUS_imcgy,1998,0.002763
BE,BEUS_imcgy,1999,0.003013
BE,BEUS_imcgy,2000,0.003397
BE,BEUS_imcgy,2001,0.003418
BE,BEUS_imcgy,2002,0.003384
BE,BEUS_imcgy,2003,0.003368
BE,BEUS_imcgy,2004,0.003144
BE,BEUS_imcgy,2005,0.002840
BE,BEUS_imcgy,2006,0.002432
BE,BEUS_imcgy,2007,0.002575
BE,BEUS_imcgy,2008,0.002625
BE,BEUS_imcgy,2009,0.002922
BE,BEUS_imcgy,2010,0.002872
BE,BEUS_imcgy,2011,0.003055
BE,BEUS_imcgy,2012,0.003141
BE,BEUS_imcgy,2013,0.003506
BE,BEUS_imcgy,2014,0.003595
BE,BEUS_imcgy,2015,0.004506
BE,BEUS_imcgy,2016,0.006110
BE,BEUS_imcgy,2017,0.005344
BE,BEUS_imcgy,2018,0.005555
BE,BEUS_imcgy,2019,0.005379
BE,BEUS_imcgy,2020,0.004994
BE,BEUS_imcgy,average,0.003644
BE,BEUS_imcy,1995,0.010790
BE,BEUS_imcy,1996,0.011495
BE,BEUS_imcy,1997,0.013104
BE,BEUS_imcy,1998,0.013507
BE,BEUS_imcy,1999,0.013885
BE,BEUS_imcy,2000,0.015454
BE,BEUS_imcy,2001,0.015247
BE,BEUS_imcy,2002,0.013625
BE,BEUS_imcy,2003,0.012165
BE,BEUS_imcy,2004,0.011115
BE,BEUS_imcy,2005,0.011489
BE,BEUS_imcy,2006,0.010127
BE,BEUS_imcy,2007,0.010953
BE,BEUS_imcy,2008,0.011754
BE,BEUS_imcy,2009,0.011294
BE,BEUS_imcy,2010,0.010620
BE,BEUS_imcy,2011,0.010724
BE,BEUS_imcy,2012,0.010786
BE,BEUS_imcy,2013,0.011825
BE,BEUS_imcy,2014,0.011351
BE,BEUS_imcy,2015,0.012912
BE,BEUS_imcy,2016,0.013682
BE,BEUS_imcy,2017,0.013396
BE,BEUS_imcy,2018,0.013085
BE,BEUS_imcy,2019,0.012987
BE,BEUS_imcy,2020,0.011559
BE,BEUS_imcy,average,0.012085
BE,BEUS_imigy,1995,0.000126
BE,BEUS_imigy,1996,0.000136
BE,BEUS_imigy,1997,0.000172
BE,BEUS_imigy,1998,0.000192
BE,BEUS_imigy,1999,0.000199
BE,BEUS_imigy,2000,0.000225
BE,BEUS_imigy,2001,0.000213
BE,BEUS_imigy,2002,0.000192
BE,BEUS_imigy,2003,0.000160
BE,BEUS_imigy,2004,0.000156
BE,BEUS_imigy,2005,0.000155
BE,BEUS_imigy,2006,0.000155
BE,BEUS_imigy,2007,0.000173
BE,BEUS_imigy,2008,0.000215
BE,BEUS_imigy,2009,0.000204
BE,BEUS_imigy,2010,0.000170
BE,BEUS_imigy,2011,0.000180
BE,BEUS_imigy,2012,0.000202
BE,BEUS_imigy,2013,0.000204
BE,BEUS_imigy,2014,0.000221
BE,BEUS_imigy,2015,0.000240
BE,BEUS_imigy,2016,0.000236
BE,BEUS_imigy,2017,0.000265
BE,BEUS_imigy,2018,0.000252
BE,BEUS_imigy,2019,0.000278
BE,BEUS_imigy,2020,0.000285
BE,BEUS_imigy,average,0.000206
BE,BEUS_imiy,1995,0.006149
BE,BEUS_imiy,1996,0.006556
BE,BEUS_imiy,1997,0.008293
BE,BEUS_imiy,1998,0.008814
BE,BEUS_imiy,1999,0.008974
BE,BEUS_imiy,2000,0.009766
BE,BEUS_imiy,2001,0.008889
BE,BEUS_imiy,2002,0.007571
BE,BEUS_imiy,2003,0.006343
BE,BEUS_imiy,2004,0.006360
BE,BEUS_imiy,2005,0.006920
BE,BEUS_imiy,2006,0.006393
BE,BEUS_imiy,2007,0.006980
BE,BEUS_imiy,2008,0.008046
BE,BEUS_imiy,2009,0.007550
BE,BEUS_imiy,2010,0.006506
BE,BEUS_imiy,2011,0.006537
BE,BEUS_imiy,2012,0.007047
BE,BEUS_imiy,2013,0.006960
BE,BEUS_imiy,2014,0.007816
BE,BEUS_imiy,2015,0.008526
BE,BEUS_imiy,2016,0.008213
BE,BEUS_imiy,2017,0.008635
BE,BEUS_imiy,2018,0.007721
BE,BEUS_imiy,2019,0.008221
BE,BEUS_imiy,2020,0.007632
BE,BEUS_imiy,average,0.007537
BE,debt,1995,5.2515
BE,debt,1996,5.1602
BE,debt,1997,4.9708
BE,debt,1998,4.7674
BE,debt,1999,4.6145
BE,debt,2000,4.3836
BE,debt,2001,4.3287
BE,debt,2002,4.2175
BE,debt,2003,4.0664
BE,debt,2004,3.8868
BE,debt,2005,3.8057
BE,debt,2006,3.6598
BE,debt,2007,3.4930
BE,debt,2008,3.7264
BE,debt,2009,4.0087
BE,debt,2010,4.0109
BE,debt,2011,4.1398
BE,debt,2012,4.1924
BE,debt,2013,4.2194
BE,debt,2014,4.2816
BE,debt,2015,4.2092
BE,debt,2016,4.2003
BE,debt,2017,4.0809
BE,debt,2018,3.9942
BE,debt,2019,3.9047
BE,debt,2020,4.4750
BE,debt,average,4.2327
BE,imcgy,1995,0.025880
BE,imcgy,1996,0.027809
BE,imcgy,1997,0.027784
BE,imcgy,1998,0.028574
BE,imcgy,1999,0.029087
BE,imcgy,2000,0.032528
BE,imcgy,2001,0.033537
BE,imcgy,2002,0.035071
BE,imcgy,2003,0.035323
BE,imcgy,2004,0.035684
BE,imcgy,2005,0.033872
BE,imcgy,2006,0.034165
BE,imcgy,2007,0.034610
BE,imcgy,2008,0.039378
BE,imcgy,2009,0.040438
BE,imcgy,2010,0.037858
BE,imcgy,2011,0.039600
BE,imcgy,2012,0.041537
BE,imcgy,2013,0.042300
BE,imcgy,2014,0.045163
BE,imcgy,2015,0.043392
BE,imcgy,2016,0.047310
BE,imcgy,2017,0.046927
BE,imcgy,2018,0.048064
BE,imcgy,2019,0.050089
BE,imcgy,2020,0.055007
BE,imcgy,average,0.039874
BE,imcy,1995,0.183802
BE,imcy,1996,0.187688
BE,imcy,1997,0.188333
BE,imcy,1998,0.188059
BE,imcy,1999,0.184959
BE,imcy,2000,0.200839
BE,imcy,2001,0.201617
BE,imcy,2002,0.193485
BE,imcy,2003,0.191958
BE,imcy,2004,0.189591
BE,imcy,2005,0.188896
BE,imcy,2006,0.189881
BE,imcy,2007,0.188860
BE,imcy,2008,0.201533
BE,imcy,2009,0.193159
BE,imcy,2010,0.196001
BE,imcy,2011,0.199271
BE,imcy,2012,0.200997
BE,imcy,2013,0.204657
BE,imcy,2014,0.202391
BE,imcy,2015,0.196736
BE,imcy,2016,0.200060
BE,imcy,2017,0.202453
BE,imcy,2018,0.203162
BE,imcy,2019,0.201651
BE,imcy,2020,0.191074
BE,imcy,average,0.196076
BE,imigy,1995,0.001848
BE,imigy,1996,0.001925
BE,imigy,1997,0.002026
BE,imigy,1998,0.002099
BE,imigy,1999,0.002163
BE,imigy,2000,0.002432
BE,imigy,2001,0.002492
BE,imigy,2002,0.002360
BE,imigy,2003,0.002305
BE,imigy,2004,0.002422
BE,imigy,2005,0.002377
BE,imigy,2006,0.002511
BE,imigy,2007,0.002693
BE,imigy,2008,0.003059
BE,imigy,2009,0.002802
BE,imigy,2010,0.002639
BE,imigy,2011,0.002857
BE,imigy,2012,0.002981
BE,imigy,2013,0.002927
BE,imigy,2014,0.003003
BE,imigy,2015,0.003096
BE,imigy,2016,0.003199
BE,imigy,2017,0.003478
BE,imigy,2018,0.003664
BE,imigy,2019,0.003919
BE,imigy,2020,0.004124
BE,imigy,average,0.002873
BE,imiy,1995,0.089874
BE,imiy,1996,0.092697
BE,imiy,1997,0.097497
BE,imiy,1998,0.096210
BE,imiy,1999,0.097425
BE,imiy,2000,0.105415
BE,imiy,2001,0.103895
BE,imiy,2002,0.093117
BE,imiy,2003,0.091176
BE,imiy,2004,0.098757
BE,imiy,2005,0.105823
BE,imiy,2006,0.103425
BE,imiy,2007,0.108840
BE,imiy,2008,0.114574
BE,imiy,2009,0.103929
BE,imiy,2010,0.100774
BE,imiy,2011,0.103820
BE,imiy,2012,0.103812
BE,imiy,2013,0.100119
BE,imiy,2014,0.106396
BE,imiy,2015,0.110031
BE,imiy,2016,0.111268
BE,imiy,2017,0.113128
BE,imiy,2018,0.112227
BE,imiy,2019,0.116043
BE,imiy,2020,0.110259
BE,imiy,average,0.104937
BE,imy,1995,0.301404
BE,imy,1996,0.310119
BE,imy,1997,0.315639
BE,imy,1998,0.314942
BE,imy,1999,0.313634
BE,imy,2000,0.341214
BE,imy,2001,0.341541
BE,imy,2002,0.324033
BE,imy,2003,0.320762
BE,imy,2004,0.326454
BE,imy,2005,0.330968
BE,imy,2006,0.329982
BE,imy,2007,0.335003
BE,imy,2008,0.358544
BE,imy,2009,0.340329
BE,imy,2010,0.337271
BE,imy,2011,0.345547
BE,imy,2012,0.349328
BE,imy,2013,0.350003
BE,imy,2014,0.356952
BE,imy,2015,0.353255
BE,imy,2016,0.361837
BE,imy,2017,0.365986
BE,imy,2018,0.367118
BE,imy,2019,0.371702
BE,imy,2020,0.360463
BE,imy,average,0.343760
BE,private_consumption,1995,0.5143
BE,private_consumption,1996,0.5173
BE,private_consumption,1997,0.5090
BE,private_consumption,1998,0.5117
BE,private_consumption,1999,0.5049
BE,private_consumption,2000,0.5066
BE,private_consumption,2001,0.5063
BE,private_consumption,2002,0.5027
BE,private_consumption,2003,0.5031
BE,private_consumption,2004,0.4940
BE,private_consumption,2005,0.4920
BE,private_consumption,2006,0.4873
BE,private_consumption,2007,0.4821
BE,private_consumption,2008,0.4816
BE,private_consumption,2009,0.4926
BE,private_consumption,2010,0.4887
BE,private_consumption,2011,0.4819
BE,private_consumption,2012,0.4823
BE,private_consumption,2013,0.4898
BE,private_consumption,2014,0.4828
BE,private_consumption,2015,0.4861
BE,private_consumption,2016,0.4848
BE,private_consumption,2017,0.4835
BE,private_consumption,2018,0.4813
BE,private_consumption,2019,0.4788
BE,private_consumption,2020,0.4650
BE,private_consumption,average,0.4894
BE,private_investment,1995,0.1867
BE,private_investment,1996,0.1866
BE,private_investment,1997,0.1922
BE,private_investment,1998,0.1916
BE,private_investment,1999,0.1956
BE,private_investment,2000,0.1974
BE,private_investment,2001,0.1980
BE,private_investment,2002,0.1854
BE,private_investment,2003,0.1849
BE,private_investment,2004,0.1935
BE,private_investment,2005,0.2023
BE,private_investment,2006,0.2043
BE,private_investment,2007,0.2126
BE,private_investment,2008,0.2181
BE,private_investment,2009,0.2098
BE,private_investment,2010,0.2001
BE,private_investment,2011,0.2049
BE,private_investment,2012,0.2045
BE,private_investment,2013,0.1991
BE,private_investment,2014,0.1992
BE,private_investment,2015,0.2096
BE,private_investment,2016,0.2046
BE,private_investment,2017,0.2130
BE,private_investment,2018,0.2145
BE,private_investment,2019,0.2201
BE,private_investment,2020,0.2187
BE,private_investment,average,0.2041
BE,public_consumption,1995,0.2288
BE,public_consumption,1996,0.2331
BE,public_consumption,1997,0.2263
BE,public_consumption,1998,0.2253
BE,public_consumption,1999,0.2282
BE,public_consumption,2000,0.2248
BE,public_consumption,2001,0.2273
BE,public_consumption,2002,0.2393
BE,public_consumption,2003,0.2451
BE,public_consumption,2004,0.2421
BE,public_consumption,2005,0.2397
BE,public_consumption,2006,0.2379
BE,public_consumption,2007,0.2335
BE,public_consumption,2008,0.2422
BE,public_consumption,2009,0.2633
BE,public_consumption,2010,0.2541
BE,public_consumption,2011,0.2513
BE,public_consumption,2012,0.2534
BE,public_consumption,2013,0.2558
BE,public_consumption,2014,0.2608
BE,public_consumption,2015,0.2537
BE,public_consumption,2016,0.2549
BE,public_consumption,2017,0.2470
BE,public_consumption,2018,0.2452
BE,public_consumption,2019,0.2447
BE,public_consumption,2020,0.2615
BE,public_consumption,average,0.2458
BE,public_investment,1995,0.0207
BE,public_investment,1996,0.0207
BE,public_investment,1997,0.0213
BE,public_investment,1998,0.0212
BE,public_investment,1999,0.0217
BE,public_investment,2000,0.0219
BE,public_investment,2001,0.0219
BE,public_investment,2002,0.0205
BE,public_investment,2003,0.0205
BE,public_investment,2004,0.0214
BE,public_investment,2005,0.0224
BE,public_investment,2006,0.0226
BE,public_investment,2007,0.0235
BE,public_investment,2008,0.0242
BE,public_investment,2009,0.0232
BE,public_investment,2010,0.0222
BE,public_investment,2011,0.0227
BE,public_investment,2012,0.0226
BE,public_investment,2013,0.0220
BE,public_investment,2014,0.0221
BE,public_investment,2015,0.0232
BE,public_investment,2016,0.0227
BE,public_investment,2017,0.0236
BE,public_investment,2018,0.0238
BE,public_investment,2019,0.0244
BE,public_investment,2020,0.0242
BE,public_investment,average,0.0226
BE,size,1995,0.009015
BE,size,1996,0.008515
BE,size,1997,0.007773
BE,size,1998,0.008018
BE,size,1999,0.007658
BE,size,2000,0.006826
BE,size,2001,0.006876
BE,size,2002,0.007120
BE,size,2003,0.007758
BE,size,2004,0.007988
BE,size,2005,0.007761
BE,size,2006,0.007589
BE,size,2007,0.007793
BE,size,2008,0.007892
BE,size,2009,0.007631
BE,size,2010,0.007054
BE,size,2011,0.007083
BE,size,2012,0.006588
BE,size,2013,0.006678
BE,size,2014,0.006541
BE,size,2015,0.005981
BE,size,2016,0.005953
BE,size,2017,0.006037
BE,size,2018,0.006208
BE,size,2019,0.006012
BE,size,2020,0.006028
BE,size,average,0.006939
BE,tax_SSC_firms,1995,0.2161
BE,tax_SSC_firms,1996,0.2224
BE,tax_SSC_firms,1997,0.2305
BE,tax_SSC_firms,1998,0.2345
BE,tax_SSC_firms,1999,0.2287
BE,tax_SSC_firms,2000,0.2188
BE,tax_SSC_firms,2001,0.2152
BE,tax_SSC_firms,2002,0.2191
BE,tax_SSC_firms,2003,0.2209
BE,tax_SSC_firms,2004,0.2207
BE,tax_SSC_firms,2005,0.2204
BE,tax_SSC_firms,2006,0.2222
BE,tax_SSC_firms,2007,0.2265
BE,tax_SSC_firms,2008,0.2268
BE,tax_SSC_firms,2009,0.2301
BE,tax_SSC_firms,2010,0.2298
BE,tax_SSC_firms,2011,0.2307
BE,tax_SSC_firms,2012,0.2329
BE,tax_SSC_firms,2013,0.2341
BE,tax_SSC_firms,2014,0.2334
BE,tax_SSC_firms,2015,0.2372
BE,tax_SSC_firms,2016,0.2228
BE,tax_SSC_firms,2017,0.2211
BE,tax_SSC_firms,2018,0.2160
BE,tax_SSC_firms,2019,0.2157
BE,tax_SSC_firms,2020,0.2171
BE,tax_SSC_firms,average,0.2247
BE,tax_SSC_households,1995,0.1118
BE,tax_SSC_households,1996,0.1132
BE,tax_SSC_households,1997,0.1159
BE,tax_SSC_households,1998,0.1171
BE,tax_SSC_households,1999,0.1143
BE,tax_SSC_households,2000,0.1150
BE,tax_SSC_households,2001,0.1152
BE,tax_SSC_households,2002,0.1144
BE,tax_SSC_households,2003,0.1139
BE,tax_SSC_households,2004,0.1142
BE,tax_SSC_households,2005,0.1121
BE,tax_SSC_households,2006,0.1096
BE,tax_SSC_households,2007,0.1114
BE,tax_SSC_households,2008,0.1099
BE,tax_SSC_households,2009,0.1114
BE,tax_SSC_households,2010,0.1116
BE,tax_SSC_households,2011,0.1113
BE,tax_SSC_households,2012,0.1115
BE,tax_SSC_households,2013,0.1111
BE,tax_SSC_households,2014,0.1107
BE,tax_SSC_households,2015,0.1119
BE,tax_SSC_households,2016,0.1092
BE,tax_SSC_households,2017,0.1089
BE,tax_SSC_households,2018,0.1089
BE,tax_SSC_households,2019,0.1088
BE,tax_SSC_households,2020,0.1098
BE,tax_SSC_households,average,0.1120
BE,tax_capital,1995,0.0595
BE,tax_capital,1996,0.0682
BE,tax_capital,1997,0.0727
BE,tax_capital,1998,0.0866
BE,tax_capital,1999,0.0841
BE,tax_capital,2000,0.0822
BE,tax_capital,2001,0.0820
BE,tax_capital,2002,0.0809
BE,tax_capital,2003,0.0752
BE,tax_capital,2004,0.0786
BE,tax_capital,2005,0.0802
BE,tax_capital,2006,0.0879
BE,tax_capital,2007,0.0851
BE,tax_capital,2008,0.0849
BE,tax_capital,2009,0.0612
BE,tax_capital,2010,0.0646
BE,tax_capital,2011,0.0714
BE,tax_capital,2012,0.0776
BE,tax_capital,2013,0.0800
BE,tax_capital,2014,0.0788
BE,tax_capital,2015,0.0815
BE,tax_capital,2016,0.0845
BE,tax_capital,2017,0.1008
BE,tax_capital,2018,0.1058
BE,tax_capital,2019,0.0897
BE,tax_capital,2020,0.0768
BE,tax_capital,average,0.0800
BE,tax_consumption,1995,0.1952
BE,tax_consumption,1996,0.2029
BE,tax_consumption,1997,0.2144
BE,tax_consumption,1998,0.2114
BE,tax_consumption,1999,0.2204
BE,tax_consumption,2000,0.2169
BE,tax_consumption,2001,0.2082
BE,tax_consumption,2002,0.2136
BE,tax_consumption,2003,0.2142
BE,tax_consumption,2004,0.2222
BE,tax_consumption,2005,0.2240
BE,tax_consumption,2006,0.2234
BE,tax_consumption,2007,0.2238
BE,tax_consumption,2008,0.2175
BE,tax_consumption,2009,0.2111
BE,tax_consumption,2010,0.2138
BE,tax_consumption,2011,0.2131
BE,tax_consumption,2012,0.2166
BE,tax_consumption,2013,0.2111
BE,tax_consumption,2014,0.2091
BE,tax_consumption,2015,0.2078
BE,tax_consumption,2016,0.2101
BE,tax_consumption,2017,0.2087
BE,tax_consumption,2018,0.2090
BE,tax_consumption,2019,0.2074
BE,tax_consumption,2020,0.2036
BE,tax_consumption,average,0.2127
BE,tax_income,1995,0.3580
BE,tax_income,1996,0.3570
BE,tax_income,1997,0.3792
BE,tax_income,1998,0.3833
BE,tax_income,1999,0.3649
BE,tax_income,2000,0.3711
BE,tax_income,2001,0.3687
BE,tax_income,2002,0.3661
BE,tax_income,2003,0.3614
BE,tax_income,2004,0.3650
BE,tax_income,2005,0.3442
BE,tax_income,2006,0.3311
BE,tax_income,2007,0.3294
BE,tax_income,2008,0.3323
BE,tax_income,2009,0.3193
BE,tax_income,2010,0.3271
BE,tax_income,2011,0.3267
BE,tax_income,2012,0.3273
BE,tax_income,2013,0.3403
BE,tax_income,2014,0.3445
BE,tax_income,2015,0.3406
BE,tax_income,2016,0.3270
BE,tax_income,2017,0.3255
BE,tax_income,2018,0.3216
BE,tax_income,2019,0.3080
BE,tax_income,2020,0.3152
BE,tax_income,average,0.3437
BE,tby,1995,0.110751
BE,tby,1996,0.105131
BE,tby,1997,0.115162
BE,tby,1998,0.108059
BE,tby,1999,0.109624
BE,tby,2000,0.115996
BE,tby,2001,0.113077
BE,tby,2002,0.120058
BE,tby,2003,0.111470
BE,tby,2004,0.110262
BE,tby,2005,0.109961
BE,tby,2006,0.111276
BE,tby,2007,0.115918
BE,tby,2008,0.101779
BE,tby,2009,0.087702
BE,tby,2010,0.097589
BE,tby,2011,0.092754
BE,tby,2012,0.098083
BE,tby,2013,0.093378
BE,tby,2014,0.088811
BE,tby,2015,0.080800
BE,tby,2016,0.086319
BE,tby,2017,0.088407
BE,tby,2018,0.077005
BE,tby,2019,0.079364
BE,tby,2020,0.087970
BE,tby,average,0.097760
BE,trybar,1995,0.2140
BE,trybar,1996,0.2190
BE,trybar,1997,0.2140
BE,trybar,1998,0.2120
BE,trybar,1999,0.2100
BE,trybar,2000,0.2060
BE,trybar,2001,0.2090
BE,trybar,2002,0.2150
BE,trybar,2003,0.2200
BE,trybar,2004,0.2190
BE,trybar,2005,0.2170
BE,trybar,2006,0.2140
BE,trybar,2007,0.2140
BE,trybar,2008,0.2250
BE,trybar,2009,0.2440
BE,trybar,2010,0.2400
BE,trybar,2011,0.2410
BE,trybar,2012,0.2470
BE,trybar,2013,0.2510
BE,trybar,2014,0.2490
BE,trybar,2015,0.2480
BE,trybar,2016,0.2470
BE,trybar,2017,0.2460
BE,trybar,2018,0.2450
BE,trybar,2019,0.2430
BE,trybar,2020,0.2750
BE,trybar,average,0.2302
DE,DEAT_imcgy,1995,0.000502
DE,DEAT_imcgy,1996,0.000487
DE,DEAT_imcgy,1997,0.000469
DE,DEAT_imcgy,1998,0.000505
DE,DEAT_imcgy,1999,0.000517
DE,DEAT_imcgy,2000,0.000539
DE,DEAT_imcgy,2001,0.000555
DE,DEAT_imcgy,2002,0.000537
DE,DEAT_imcgy,2003,0.000559
DE,DEAT_imcgy,2004,0.000512
DE,DEAT_imcgy,2005,0.000556
DE,DEAT_imcgy,2006,0.000589
DE,DEAT_imcgy,2007,0.000586
DE,DEAT_imcgy,2008,0.000580
DE,DEAT_imcgy,2009,0.000668
DE,DEAT_imcgy,2010,0.000701
DE,DEAT_imcgy,2011,0.000722
DE,DEAT_imcgy,2012,0.000729
DE,DEAT_imcgy,2013,0.000772
DE,DEAT_imcgy,2014,0.000770
DE,DEAT_imcgy,2015,0.000780
DE,DEAT_imcgy,2016,0.000816
DE,DEAT_imcgy,2017,0.000819
DE,DEAT_imcgy,2018,0.000838
DE,DEAT_imcgy,2019,0.000902
DE,DEAT_imcgy,2020,0.000930
DE,DEAT_imcgy,average,0.000677
DE,DEAT_imcy,1995,0.005670
DE,DEAT_imcy,1996,0.005308
DE,DEAT_imcy,1997,0.005537
DE,DEAT_imcy,1998,0.005788
DE,DEAT_imcy,1999,0.006008
DE,DEAT_imcy,2000,0.006151
DE,DEAT_imcy,2001,0.006174
DE,DEAT_imcy,2002,0.006235
DE,DEAT_imcy,2003,0.006351
DE,DEAT_imcy,2004,0.006251
DE,DEAT_imcy,2005,0.006635
DE,DEAT_imcy,2006,0.006407
DE,DEAT_imcy,2007,0.006042
DE,DEAT_imcy,2008,0.006235
DE,DEAT_imcy,2009,0.006409
DE,DEAT_imcy,2010,0.006682
DE,DEAT_imcy,2011,0.006657
DE,DEAT_imcy,2012,0.006923
DE,DEAT_imcy,2013,0.007005
DE,DEAT_imcy,2014,0.006747
DE,DEAT_imcy,2015,0.006446
DE,DEAT_imcy,2016,0.006590
DE,DEAT_imcy,2017,0.006526
DE,DEAT_imcy,2018,0.006386
DE,DEAT_imcy,2019,0.006513
DE,DEAT_imcy,2020,0.005763
DE,DEAT_imcy,average,0.006334
DE,DEAT_imigy,1995,0.000075
DE,DEAT_imigy,1996,0.000077
DE,DEAT_imigy,1997,0.000071
DE,DEAT_imigy,1998,0.000078
DE,DEAT_imigy,1999,0.000082
DE,DEAT_imigy,2000,0.000088
DE,DEAT_imigy,2001,0.000086
DE,DEAT_imigy,2002,0.000085
DE,DEAT_imigy,2003,0.000081
DE,DEAT_imigy,2004,0.000078
DE,DEAT_imigy,2005,0.000086
DE,DEAT_imigy,2006,0.000090
DE,DEAT_imigy,2007,0.000090
DE,DEAT_imigy,2008,0.000087
DE,DEAT_imigy,2009,0.000090
DE,DEAT_imigy,2010,0.000085
DE,DEAT_imigy,2011,0.000097
DE,DEAT_imigy,2012,0.000099
DE,DEAT_imigy,2013,0.000096
DE,DEAT_imigy,2014,0.000096
DE,DEAT_imigy,2015,0.000095
DE,DEAT_imigy,2016,0.000102
DE,DEAT_imigy,2017,0.000107
DE,DEAT_imigy,2018,0.000111
DE,DEAT_imigy,2019,0.000113
DE,DEAT_imigy,2020,0.000117
DE,DEAT_imigy,average,0.000093
DE,DEAT_imiy,1995,0.002311
DE,DEAT_imiy,1996,0.002272
DE,DEAT_imiy,1997,0.002310
DE,DEAT_imiy,1998,0.002557
DE,DEAT_imiy,1999,0.002684
DE,DEAT_imiy,2000,0.002936
DE,DEAT_imiy,2001,0.002741
DE,DEAT_imiy,2002,0.002541
DE,DEAT_imiy,2003,0.002477
DE,DEAT_imiy,2004,0.002570
DE,DEAT_imiy,2005,0.002737
DE,DEAT_imiy,2006,0.002845
DE,DEAT_imiy,2007,0.002800
DE,DEAT_imiy,2008,0.002936
DE,DEAT_imiy,2009,0.002516
DE,DEAT_imiy,2010,0.002930
DE,DEAT_imiy,2011,0.003361
DE,DEAT_imiy,2012,0.003419
DE,DEAT_imiy,2013,0.003290
DE,DEAT_imiy,2014,0.003286
DE,DEAT_imiy,2015,0.003269
DE,DEAT_imiy,2016,0.003316
DE,DEAT_imiy,2017,0.003445
DE,DEAT_imiy,2018,0.003552
DE,DEAT_imiy,2019,0.003418
DE,DEAT_imiy,2020,0.003298
DE,DEAT_imiy,average,0.002982
DE,DEBE_imcgy,1995,0.000642
DE,DEBE_imcgy,1996,0.000581
DE,DEBE_imcgy,1997,0.000633
DE,DEBE_imcgy,1998,0.000615
DE,DEBE_imcgy,1999,0.000645
DE,DEBE_imcgy,2000,0.000630
DE,DEBE_imcgy,2001,0.000620
DE,DEBE_imcgy,2002,0.000583
DE,DEBE_imcgy,2003,0.000569
DE,DEBE_imcgy,2004,0.000548
DE,DEBE_imcgy,2005,0.000555
DE,DEBE_imcgy,2006,0.000580
DE,DEBE_imcgy,2007,0.000560
DE,DEBE_imcgy,2008,0.000552
DE,DEBE_imcgy,2009,0.000590
DE,DEBE_imcgy,2010,0.000572
DE,DEBE_imcgy,2011,0.000586
DE,DEBE_imcgy,2012,0.000619
DE,DEBE_imcgy,2013,0.000632
DE,DEBE_imcgy,2014,0.000607
DE,DEBE_imcgy,2015,0.000554
DE,DEBE_imcgy,2016,0.000599
DE,DEBE_imcgy,2017,0.000662
DE,DEBE_imcgy,2018,0.000671
DE,DEBE_imcgy,2019,0.000647
DE,DEBE_imcgy,2020,0.000656
DE,DEBE_imcgy,average,0.000605
DE,DEBE_imcy,1995,0.005437
DE,DEBE_imcy,1996,0.005168
DE,DEBE_imcy,1997,0.005276
DE,DEBE_imcy,1998,0.004925
DE,DEBE_imcy,1999,0.004947
DE,DEBE_imcy,2000,0.005009
DE,DEBE_imcy,2001,0.005102
DE,DEBE_imcy,2002,0.004659
DE,DEBE_imcy,2003,0.004494
DE,DEBE_imcy,2004,0.004588
DE,DEBE_imcy,2005,0.004594
DE,DEBE_imcy,2006,0.004707
DE,DEBE_imcy,2007,0.004341
DE,DEBE_imcy,2008,0.004843
DE,DEBE_imcy,2009,0.004531
DE,DEBE_imcy,2010,0.004735
DE,DEBE_imcy,2011,0.004751
DE,DEBE_imcy,2012,0.005162
DE,DEBE_imcy,2013,0.005086
DE,DEBE_imcy,2014,0.004661
DE,DEBE_imcy,2015,0.003873
DE,DEBE_imcy,2016,0.003747
DE,DEBE_imcy,2017,0.003940
DE,DEBE_imcy,2018,0.004181
DE,DEBE_imcy,2019,0.003926
DE,DEBE_imcy,2020,0.003497
DE,DEBE_imcy,average,0.004564
DE,DEBE_imigy,1995,0.000079
DE,DEBE_imigy,1996,0.000075
DE,DEBE_imigy,1997,0.000067
DE,DEBE_imigy,1998,0.000062
DE,DEBE_imigy,1999,0.000063
DE,DEBE_imigy,2000,0.000065
DE,DEBE_imigy,2001,0.000063
DE,DEBE_imigy,2002,0.000059
DE,DEBE_imigy,2003,0.000053
DE,DEBE_imigy,2004,0.000052
DE,DEBE_imigy,2005,0.000055
DE,DEBE_imigy,2006,0.000059
DE,DEBE_imigy,2007,0.000059
DE,DEBE_imigy,2008,0.000056
DE,DEBE_imigy,2009,0.000057
DE,DEBE_imigy,2010,0.000049
DE,DEBE_imigy,2011,0.000053
DE,DEBE_imigy,2012,0.000054
DE,DEBE_imigy,2013,0.000053
DE,DEBE_imigy,2014,0.000052
DE,DEBE_imigy,2015,0.000046
DE,DEBE_imigy,2016,0.000048
DE,DEBE_imigy,2017,0.000051
DE,DEBE_imigy,2018,0.000056
DE,DEBE_imigy,2019,0.000057
DE,DEBE_imigy,2020,0.000052
DE,DEBE_imigy,average,0.000057
DE,DEBE_imiy,1995,0.002436
DE,DEBE_imiy,1996,0.002230
DE,DEBE_imiy,1997,0.002187
DE,DEBE_imiy,1998,0.002045
DE,DEBE_imiy,1999,0.002072
DE,DEBE_imiy,2000,0.002148
DE,DEBE_imiy,2001,0.002005
DE,DEBE_imiy,2002,0.001764
DE,DEBE_imiy,2003,0.001631
DE,DEBE_imiy,2004,0.001706
DE,DEBE_imiy,2005,0.001756
DE,DEBE_imiy,2006,0.001863
DE,DEBE_imiy,2007,0.001826
DE,DEBE_imiy,2008,0.001897
DE,DEBE_imiy,2009,0.001584
DE,DEBE_imiy,2010,0.001681
DE,DEBE_imiy,2011,0.001835
DE,DEBE_imiy,2012,0.001879
DE,DEBE_imiy,2013,0.001819
DE,DEBE_imiy,2014,0.001787
DE,DEBE_imiy,2015,0.001600
DE,DEBE_imiy,2016,0.001570
DE,DEBE_imiy,2017,0.001634
DE,DEBE_imiy,2018,0.001781
DE,DEBE_imiy,2019,0.001722
DE,DEBE_imiy,2020,0.001470
DE,DEBE_imiy,average,0.001814
DE,DEES_imcgy,1995,0.000312
DE,DEES_imcgy,1996,0.000340
DE,DEES_imcgy,1997,0.000352
DE,DEES_imcgy,1998,0.000371
DE,DEES_imcgy,1999,0.000411
DE,DEES_imcgy,2000,0.000431
DE,DEES_imcgy,2001,0.000453
DE,DEES_imcgy,2002,0.000483
DE,DEES_imcgy,2003,0.000465
DE,DEES_imcgy,2004,0.000437
DE,DEES_imcgy,2005,0.000458
DE,DEES_imcgy,2006,0.000478
DE,DEES_imcgy,2007,0.000466
DE,DEES_imcgy,2008,0.000474
DE,DEES_imcgy,2009,0.000565
DE,DEES_imcgy,2010,0.000580
DE,DEES_imcgy,2011,0.000497
DE,DEES_imcgy,2012,0.000489
DE,DEES_imcgy,2013,0.000499
DE,DEES_imcgy,2014,0.000497
DE,DEES_imcgy,2015,0.000494
DE,DEES_imcgy,2016,0.000559
DE,DEES_imcgy,2017,0.000622
DE,DEES_imcgy,2018,0.000625
DE,DEES_imcgy,2019,0.000655
DE,DEES_imcgy,2020,0.000639
DE,DEES_imcgy,average,0.000501
DE,DEES_imcy,1995,0.004914
DE,DEES_imcy,1996,0.005197
DE,DEES_imcy,1997,0.005643
DE,DEES_imcy,1998,0.005774
DE,DEES_imcy,1999,0.006216
DE,DEES_imcy,2000,0.006155
DE,DEES_imcy,2001,0.005806
DE,DEES_imcy,2002,0.005559
DE,DEES_imcy,2003,0.005822
DE,DEES_imcy,2004,0.005599
DE,DEES_imcy,2005,0.005550
DE,DEES_imcy,2006,0.005319
DE,DEES_imcy,2007,0.005073
DE,DEES_imcy,2008,0.005228
DE,DEES_imcy,2009,0.005567
DE,DEES_imcy,2010,0.005293
DE,DEES_imcy,2011,0.005128
DE,DEES_imcy,2012,0.005345
DE,DEES_imcy,2013,0.005507
DE,DEES_imcy,2014,0.005421
DE,DEES_imcy,2015,0.005435
DE,DEES_imcy,2016,0.005706
DE,DEES_imcy,2017,0.005884
DE,DEES_imcy,2018,0.005784
DE,DEES_imcy,2019,0.005619
DE,DEES_imcy,2020,0.004113
DE,DEES_imcy,average,0.005448
DE,DEES_imigy,1995,0.000044
DE,DEES_imigy,1996,0.000049
DE,DEES_imigy,1997,0.000051
DE,DEES_imigy,1998,0.000053
DE,DEES_imigy,1999,0.000055
DE,DEES_imigy,2000,0.000058
DE,DEES_imigy,2001,0.000053
DE,DEES_imigy,2002,0.000052
DE,DEES_imigy,2003,0.000051
DE,DEES_imigy,2004,0.000048
DE,DEES_imigy,2005,0.000050
DE,DEES_imigy,2006,0.000052
DE,DEES_imigy,2007,0.000053
DE,DEES_imigy,2008,0.000049
DE,DEES_imigy,2009,0.000054
DE,DEES_imigy,2010,0.000047
DE,DEES_imigy,2011,0.000054
DE,DEES_imigy,2012,0.000053
DE,DEES_imigy,2013,0.000053
DE,DEES_imigy,2014,0.000054
DE,DEES_imigy,2015,0.000052
DE,DEES_imigy,2016,0.000059
DE,DEES_imigy,2017,0.000064
DE,DEES_imigy,2018,0.000066
DE,DEES_imigy,2019,0.000071
DE,DEES_imigy,2020,0.000067
DE,DEES_imigy,average,0.000055
DE,DEES_imiy,1995,0.001361
DE,DEES_imiy,1996,0.001460
DE,DEES_imiy,1997,0.001650
DE,DEES_imiy,1998,0.001756
DE,DEES_imiy,1999,0.001805
DE,DEES_imiy,2000,0.001943
DE,DEES_imiy,2001,0.001676
DE,DEES_imiy,2002,0.001554
DE,DEES_imiy,2003,0.001565
DE,DEES_imiy,2004,0.001576
DE,DEES_imiy,2005,0.001605
DE,DEES_imiy,2006,0.001638
DE,DEES_imiy,2007,0.001658
DE,DEES_imiy,2008,0.001652
DE,DEES_imiy,2009,0.001492
DE,DEES_imiy,2010,0.001631
DE,DEES_imiy,2011,0.001874
DE,DEES_imiy,2012,0.001830
DE,DEES_imiy,2013,0.001823
DE,DEES_imiy,2014,0.001844
DE,DEES_imiy,2015,0.001795
DE,DEES_imiy,2016,0.001907
DE,DEES_imiy,2017,0.002056
DE,DEES_imiy,2018,0.002100
DE,DEES_imiy,2019,0.002139
DE,DEES_imiy,2020,0.001891
DE,DEES_imiy,average,0.001762
DE,DEFI_imcgy,1995,0.000156
DE,DEFI_imcgy,1996,0.000148
DE,DEFI_imcgy,1997,0.000142
DE,DEFI_imcgy,1998,0.000154
DE,DEFI_imcgy,1999,0.000177
DE,DEFI_imcgy,2000,0.000208
DE,DEFI_imcgy,2001,0.000231
DE,DEFI_imcgy,2002,0.000236
DE,DEFI_imcgy,2003,0.000173
DE,DEFI_imcgy,2004,0.000182
DE,DEFI_imcgy,2005,0.000217
DE,DEFI_imcgy,2006,0.000186
DE,DEFI_imcgy,2007,0.000181
DE,DEFI_imcgy,2008,0.000153
DE,DEFI_imcgy,2009,0.000125
DE,DEFI_imcgy,2010,0.000129
DE,DEFI_imcgy,2011,0.000132
DE,DEFI_imcgy,2012,0.000122
DE,DEFI_imcgy,2013,0.000124
DE,DEFI_imcgy,2014,0.000121
DE,DEFI_imcgy,2015,0.000140
DE,DEFI_imcgy,2016,0.000142
DE,DEFI_imcgy,2017,0.000144
DE,DEFI_imcgy,2018,0.000141
DE,DEFI_imcgy,2019,0.000167
DE,DEFI_imcgy,2020,0.000158
DE,DEFI_imcgy,average,0.000156
DE,DEFI_imcy,1995,0.000997
DE,DEFI_imcy,1996,0.000829
DE,DEFI_imcy,1997,0.000916
DE,DEFI_imcy,1998,0.000921
DE,DEFI_imcy,1999,0.001023
DE,DEFI_imcy,2000,0.001125
DE,DEFI_imcy,2001,0.001174
DE,DEFI_imcy,2002,0.001144
DE,DEFI_imcy,2003,0.001007
DE,DEFI_imcy,2004,0.001089
DE,DEFI_imcy,2005,0.001226
DE,DEFI_imcy,2006,0.001143
DE,DEFI_imcy,2007,0.001135
DE,DEFI_imcy,2008,0.001075
DE,DEFI_imcy,2009,0.000805
DE,DEFI_imcy,2010,0.000913
DE,DEFI_imcy,2011,0.000920
DE,DEFI_imcy,2012,0.000875
DE,DEFI_imcy,2013,0.000840
DE,DEFI_imcy,2014,0.000813
DE,DEFI_imcy,2015,0.000864
DE,DEFI_imcy,2016,0.000846
DE,DEFI_imcy,2017,0.000832
DE,DEFI_imcy,2018,0.000853
DE,DEFI_imcy,2019,0.000898
DE,DEFI_imcy,2020,0.000745
DE,DEFI_imcy,average,0.000945
DE,DEFI_imigy,1995,0.000021
DE,DEFI_imigy,1996,0.000021
DE,DEFI_imigy,1997,0.000019
DE,DEFI_imigy,1998,0.000019
DE,DEFI_imigy,1999,0.000023
DE,DEFI_imigy,2000,0.000023
DE,DEFI_imigy,2001,0.000025
DE,DEFI_imigy,2002,0.000027
DE,DEFI_imigy,2003,0.000018
DE,DEFI_imigy,2004,0.000019
DE,DEFI_imigy,2005,0.000024
DE,DEFI_imigy,2006,0.000022
DE,DEFI_imigy,2007,0.000024
DE,DEFI_imigy,2008,0.000020
DE,DEFI_imigy,2009,0.000017
DE,DEFI_imigy,2010,0.000016
DE,DEFI_imigy,2011,0.000016
DE,DEFI_imigy,2012,0.000015
DE,DEFI_imigy,2013,0.000015
DE,DEFI_imigy,2014,0.000014
DE,DEFI_imigy,2015,0.000017
DE,DEFI_imigy,2016,0.000016
DE,DEFI_imigy,2017,0.000017
DE,DEFI_imigy,2018,0.000017
DE,DEFI_imigy,2019,0.000020
DE,DEFI_imigy,2020,0.000018
DE,DEFI_imigy,average,0.000019
DE,DEFI_imiy,1995,0.000644
DE,DEFI_imiy,1996,0.000622
DE,DEFI_imiy,1997,0.000607
DE,DEFI_imiy,1998,0.000623
DE,DEFI_imiy,1999,0.000742
DE,DEFI_imiy,2000,0.000770
DE,DEFI_imiy,2001,0.000802
DE,DEFI_imiy,2002,0.000817
DE,DEFI_imiy,2003,0.000565
DE,DEFI_imiy,2004,0.000638
DE,DEFI_imiy,2005,0.000761
DE,DEFI_imiy,2006,0.000709
DE,DEFI_imiy,2007,0.000735
DE,DEFI_imiy,2008,0.000681
DE,DEFI_imiy,2009,0.000473
DE,DEFI_imiy,2010,0.000539
DE,DEFI_imiy,2011,0.000557
DE,DEFI_imiy,2012,0.000503
DE,DEFI_imiy,2013,0.000507
DE,DEFI_imiy,2014,0.000496
DE,DEFI_imiy,2015,0.000576
DE,DEFI_imiy,2016,0.000521
DE,DEFI_imiy,2017,0.000550
DE,DEFI_imiy,2018,0.000551
DE,DEFI_imiy,2019,0.000614
DE,DEFI_imiy,2020,0.000508
DE,DEFI_imiy,average,0.000605
DE,DEFR_imcgy,1995,0.001166
DE,DEFR_imcgy,1996,0.001326
DE,DEFR_imcgy,1997,0.001216
DE,DEFR_imcgy,1998,0.001310
DE,DEFR_imcgy,1999,0.001321
DE,DEFR_imcgy,2000,0.001404
DE,DEFR_imcgy,2001,0.001382
DE,DEFR_imcgy,2002,0.001402
DE,DEFR_imcgy,2003,0.001237
DE,DEFR_imcgy,2004,0.001201
DE,DEFR_imcgy,2005,0.001316
DE,DEFR_imcgy,2006,0.001290
DE,DEFR_imcgy,2007,0.001311
DE,DEFR_imcgy,2008,0.001250
DE,DEFR_imcgy,2009,0.001395
DE,DEFR_imcgy,2010,0.001280
DE,DEFR_imcgy,2011,0.001210
DE,DEFR_imcgy,2012,0.001164
DE,DEFR_imcgy,2013,0.001193
DE,DEFR_imcgy,2014,0.001230
DE,DEFR_imcgy,2015,0.001294
DE,DEFR_imcgy,2016,0.001415
DE,DEFR_imcgy,2017,0.001344
DE,DEFR_imcgy,2018,0.001287
DE,DEFR_imcgy,2019,0.001351
DE,DEFR_imcgy,2020,0.001392
DE,DEFR_imcgy,average,0.001293
DE,DEFR_imcy,1995,0.010235
DE,DEFR_imcy,1996,0.009802
DE,DEFR_imcy,1997,0.010271
DE,DEFR_imcy,1998,0.010683
DE,DEFR_imcy,1999,0.010560
DE,DEFR_imcy,2000,0.010251
DE,DEFR_imcy,2001,0.010156
DE,DEFR_imcy,2002,0.009856
DE,DEFR_imcy,2003,0.009823
DE,DEFR_imcy,2004,0.010367
DE,DEFR_imcy,2005,0.009788
DE,DEFR_imcy,2006,0.009354
DE,DEFR_imcy,2007,0.009234
DE,DEFR_imcy,2008,0.009155
DE,DEFR_imcy,2009,0.008853
DE,DEFR_imcy,2010,0.009604
DE,DEFR_imcy,2011,0.009662
DE,DEFR_imcy,2012,0.009779
DE,DEFR_imcy,2013,0.009674
DE,DEFR_imcy,2014,0.009528
DE,DEFR_imcy,2015,0.008750
DE,DEFR_imcy,2016,0.008657
DE,DEFR_imcy,2017,0.008497
DE,DEFR_imcy,2018,0.008638
DE,DEFR_imcy,2019,0.008689
DE,DEFR_imcy,2020,0.007289
DE,DEFR_imcy,average,0.009384
DE,DEFR_imigy,1995,0.000155
DE,DEFR_imigy,1996,0.000158
DE,DEFR_imigy,1997,0.000152
DE,DEFR_imigy,1998,0.000160
DE,DEFR_imigy,1999,0.000159
DE,DEFR_imigy,2000,0.000168
DE,DEFR_imigy,2001,0.000161
DE,DEFR_imigy,2002,0.000155
DE,DEFR_imigy,2003,0.000146
DE,DEFR_imigy,2004,0.000144
DE,DEFR_imigy,2005,0.000153
DE,DEFR_imigy,2006,0.000166
DE,DEFR_imigy,2007,0.000171
DE,DEFR_imigy,2008,0.000147
DE,DEFR_imigy,2009,0.000148
DE,DEFR_imigy,2010,0.000154
DE,DEFR_imigy,2011,0.000140
DE,DEFR_imigy,2012,0.000132
DE,DEFR_imigy,2013,0.000130
DE,DEFR_imigy,2014,0.000134
DE,DEFR_imigy,2015,0.000145
DE,DEFR_imigy,2016,0.000152
DE,DEFR_imigy,2017,0.000149
DE,DEFR_imigy,2018,0.000150
DE,DEFR_imigy,2019,0.000155
DE,DEFR_imigy,2020,0.000147
DE,DEFR_imigy,average,0.000151
DE,DEFR_imiy,1995,0.004781
DE,DEFR_imiy,1996,0.004671
DE,DEFR_imiy,1997,0.004936
DE,DEFR_imiy,1998,0.005274
DE,DEFR_imiy,1999,0.005235
DE,DEFR_imiy,2000,0.005599
DE,DEFR_imiy,2001,0.005113
DE,DEFR_imiy,2002,0.004608
DE,DEFR_imiy,2003,0.004489
DE,DEFR_imiy,2004,0.004731
DE,DEFR_imiy,2005,0.004875
DE,DEFR_imiy,2006,0.005277
DE,DEFR_imiy,2007,0.005318
DE,DEFR_imiy,2008,0.004935
DE,DEFR_imiy,2009,0.004120
DE,DEFR_imiy,2010,0.005319
DE,DEFR_imiy,2011,0.004847
DE,DEFR_imiy,2012,0.004573
DE,DEFR_imiy,2013,0.004473
DE,DEFR_imiy,2014,0.004591
DE,DEFR_imiy,2015,0.005020
DE,DEFR_imiy,2016,0.004959
DE,DEFR_imiy,2017,0.004790
DE,DEFR_imiy,2018,0.004782
DE,DEFR_imiy,2019,0.004705
DE,DEFR_imiy,2020,0.004136
DE,DEFR_imiy,average,0.004821
DE,DEGR_imcgy,1995,0.000033
DE,DEGR_imcgy,1996,0.000034
DE,DEGR_imcgy,1997,0.000034
DE,DEGR_imcgy,1998,0.000034
DE,DEGR_imcgy,1999,0.000053
DE,DEGR_imcgy,2000,0.000065
DE,DEGR_imcgy,2001,0.000071
DE,DEGR_imcgy,2002,0.000068
DE,DEGR_imcgy,2003,0.000069
DE,DEGR_imcgy,2004,0.000072
DE,DEGR_imcgy,2005,0.000083
DE,DEGR_imcgy,2006,0.000081
DE,DEGR_imcgy,2007,0.000090
DE,DEGR_imcgy,2008,0.000099
DE,DEGR_imcgy,2009,0.000108
DE,DEGR_imcgy,2010,0.000086
DE,DEGR_imcgy,2011,0.000074
DE,DEGR_imcgy,2012,0.000065
DE,DEGR_imcgy,2013,0.000061
DE,DEGR_imcgy,2014,0.000060
DE,DEGR_imcgy,2015,0.000052
DE,DEGR_imcgy,2016,0.000055
DE,DEGR_imcgy,2017,0.000055
DE,DEGR_imcgy,2018,0.000053
DE,DEGR_imcgy,2019,0.000059
DE,DEGR_imcgy,2020,0.000056
DE,DEGR_imcgy,average,0.000065
DE,DEGR_imcy,1995,0.000939
DE,DEGR_imcy,1996,0.000883
DE,DEGR_imcy,1997,0.001090
DE,DEGR_imcy,1998,0.001114
DE,DEGR_imcy,1999,0.001258
DE,DEGR_imcy,2000,0.001365
DE,DEGR_imcy,2001,0.001332
DE,DEGR_imcy,2002,0.001326
DE,DEGR_imcy,2003,0.001308
DE,DEGR_imcy,2004,0.001272
DE,DEGR_imcy,2005,0.001195
DE,DEGR_imcy,2006,0.001131
DE,DEGR_imcy,2007,0.001154
DE,DEGR_imcy,2008,0.001174
DE,DEGR_imcy,2009,0.000966
DE,DEGR_imcy,2010,0.000917
DE,DEGR_imcy,2011,0.000915
DE,DEGR_imcy,2012,0.000872
DE,DEGR_imcy,2013,0.000908
DE,DEGR_imcy,2014,0.000923
DE,DEGR_imcy,2015,0.000983
DE,DEGR_imcy,2016,0.000944
DE,DEGR_imcy,2017,0.001022
DE,DEGR_imcy,2018,0.001080
DE,DEGR_imcy,2019,0.001129
DE,DEGR_imcy,2020,0.000696
DE,DEGR_imcy,average,0.001049
DE,DEGR_imigy,1995,0.000003
DE,DEGR_imigy,1996,0.000003
DE,DEGR_imigy,1997,0.000003
DE,DEGR_imigy,1998,0.000003
DE,DEGR_imigy,1999,0.000004
DE,DEGR_imigy,2000,0.000004
DE,DEGR_imigy,2001,0.000004
DE,DEGR_imigy,2002,0.000004
DE,DEGR_imigy,2003,0.000003
DE,DEGR_imigy,2004,0.000004
DE,DEGR_imigy,2005,0.000004
DE,DEGR_imigy,2006,0.000004
DE,DEGR_imigy,2007,0.000005
DE,DEGR_imigy,2008,0.000005
DE,DEGR_imigy,2009,0.000004
DE,DEGR_imigy,2010,0.000004
DE,DEGR_imigy,2011,0.000004
DE,DEGR_imigy,2012,0.000003
DE,DEGR_imigy,2013,0.000003
DE,DEGR_imigy,2014,0.000003
DE,DEGR_imigy,2015,0.000003
DE,DEGR_imigy,2016,0.000003
DE,DEGR_imigy,2017,0.000003
DE,DEGR_imigy,2018,0.000003
DE,DEGR_imigy,2019,0.000004
DE,DEGR_imigy,2020,0.000003
DE,DEGR_imigy,average,0.000004
DE,DEGR_imiy,1995,0.000094
DE,DEGR_imiy,1996,0.000092
DE,DEGR_imiy,1997,0.000093
DE,DEGR_imiy,1998,0.000090
DE,DEGR_imiy,1999,0.000144
DE,DEGR_imiy,2000,0.000143
DE,DEGR_imiy,2001,0.000134
DE,DEGR_imiy,2002,0.000121
DE,DEGR_imiy,2003,0.000106
DE,DEGR_imiy,2004,0.000124
DE,DEGR_imiy,2005,0.000134
DE,DEGR_imiy,2006,0.000141
DE,DEGR_imiy,2007,0.000159
DE,DEGR_imiy,2008,0.000171
DE,DEGR_imiy,2009,0.000115
DE,DEGR_imiy,2010,0.000123
DE,DEGR_imiy,2011,0.000122
DE,DEGR_imiy,2012,0.000112
DE,DEGR_imiy,2013,0.000108
DE,DEGR_imiy,2014,0.000098
DE,DEGR_imiy,2015,0.000097
DE,DEGR_imiy,2016,0.000096
DE,DEGR_imiy,2017,0.000097
DE,DEGR_imiy,2018,0.000103
DE,DEGR_imiy,2019,0.000107
DE,DEGR_imiy,2020,0.000095
DE,DEGR_imiy,average,0.000115
DE,DEIT_imcgy,1995,0.000830
DE,DEIT_imcgy,1996,0.000943
DE,DEIT_imcgy,1997,0.000883
DE,DEIT_imcgy,1998,0.000864
DE,DEIT_imcgy,1999,0.000786
DE,DEIT_imcgy,2000,0.000783
DE,DEIT_imcgy,2001,0.000862
DE,DEIT_imcgy,2002,0.000889
DE,DEIT_imcgy,2003,0.000861
DE,DEIT_imcgy,2004,0.000790
DE,DEIT_imcgy,2005,0.000763
DE,DEIT_imcgy,2006,0.000800
DE,DEIT_imcgy,2007,0.000775
DE,DEIT_imcgy,2008,0.000677
DE,DEIT_imcgy,2009,0.000774
DE,DEIT_imcgy,2010,0.000778
DE,DEIT_imcgy,2011,0.000778
DE,DEIT_imcgy,2012,0.000746
DE,DEIT_imcgy,2013,0.000726
DE,DEIT_imcgy,2014,0.000734
DE,DEIT_imcgy,2015,0.000720
DE,DEIT_imcgy,2016,0.000753
DE,DEIT_imcgy,2017,0.000787
DE,DEIT_imcgy,2018,0.000818
DE,DEIT_imcgy,2019,0.000788
DE,DEIT_imcgy,2020,0.000844
DE,DEIT_imcgy,average,0.000791
DE,DEIT_imcy,1995,0.010080
DE,DEIT_imcy,1996,0.009805
DE,DEIT_imcy,1997,0.010426
DE,DEIT_imcy,1998,0.010706
DE,DEIT_imcy,1999,0.009951
DE,DEIT_imcy,2000,0.010221
DE,DEIT_imcy,2001,0.010168
DE,DEIT_imcy,2002,0.009422
DE,DEIT_imcy,2003,0.009785
DE,DEIT_imcy,2004,0.009234
DE,DEIT_imcy,2005,0.008769
DE,DEIT_imcy,2006,0.008723
DE,DEIT_imcy,2007,0.008193
DE,DEIT_imcy,2008,0.007591
DE,DEIT_imcy,2009,0.007611
DE,DEIT_imcy,2010,0.007984
DE,DEIT_imcy,2011,0.007664
DE,DEIT_imcy,2012,0.007596
DE,DEIT_imcy,2013,0.007462
DE,DEIT_imcy,2014,0.007274
DE,DEIT_imcy,2015,0.007175
DE,DEIT_imcy,2016,0.007396
DE,DEIT_imcy,2017,0.007446
DE,DEIT_imcy,2018,0.007510
DE,DEIT_imcy,2019,0.007231
DE,DEIT_imcy,2020,0.006162
DE,DEIT_imcy,average,0.008264
DE,DEIT_imigy,1995,0.000124
DE,DEIT_imigy,1996,0.000133
DE,DEIT_imigy,1997,0.000120
DE,DEIT_imigy,1998,0.000129
DE,DEIT_imigy,1999,0.000117
DE,DEIT_imigy,2000,0.000120
DE,DEIT_imigy,2001,0.000116
DE,DEIT_imigy,2002,0.000112
DE,DEIT_imigy,2003,0.000105
DE,DEIT_imigy,2004,0.000101
DE,DEIT_imigy,2005,0.000103
DE,DEIT_imigy,2006,0.000112
DE,DEIT_imigy,2007,0.000114
DE,DEIT_imigy,2008,0.000108
DE,DEIT_imigy,2009,0.000102
DE,DEIT_imigy,2010,0.000092
DE,DEIT_imigy,2011,0.000102
DE,DEIT_imigy,2012,0.000103
DE,DEIT_imigy,2013,0.000096
DE,DEIT_imigy,2014,0.000096
DE,DEIT_imigy,2015,0.000094
DE,DEIT_imigy,2016,0.000100
DE,DEIT_imigy,2017,0.000101
DE,DEIT_imigy,2018,0.000109
DE,DEIT_imigy,2019,0.000110
DE,DEIT_imigy,2020,0.000115
DE,DEIT_imigy,average,0.000108
DE,DEIT_imiy,1995,0.003836
DE,DEIT_imiy,1996,0.003930
DE,DEIT_imiy,1997,0.003893
DE,DEIT_imiy,1998,0.004246
DE,DEIT_imiy,1999,0.003840
DE,DEIT_imiy,2000,0.004008
DE,DEIT_imiy,2001,0.003690
DE,DEIT_imiy,2002,0.003322
DE,DEIT_imiy,2003,0.003242
DE,DEIT_imiy,2004,0.003337
DE,DEIT_imiy,2005,0.003291
DE,DEIT_imiy,2006,0.003563
DE,DEIT_imiy,2007,0.003552
DE,DEIT_imiy,2008,0.003630
DE,DEIT_imiy,2009,0.002838
DE,DEIT_imiy,2010,0.003169
DE,DEIT_imiy,2011,0.003537
DE,DEIT_imiy,2012,0.003547
DE,DEIT_imiy,2013,0.003284
DE,DEIT_imiy,2014,0.003284
DE,DEIT_imiy,2015,0.003236
DE,DEIT_imiy,2016,0.003266
DE,DEIT_imiy,2017,0.003264
DE,DEIT_imiy,2018,0.003476
DE,DEIT_imiy,2019,0.003338
DE,DEIT_imiy,2020,0.003252
DE,DEIT_imiy,average,0.003456
DE,DENL_imcgy,1995,0.000977
DE,DENL_imcgy,1996,0.000935
DE,DENL_imcgy,1997,0.000970
DE,DENL_imcgy,1998,0.000926
DE,DENL_imcgy,1999,0.001001
DE,DENL_imcgy,2000,0.001074
DE,DENL_imcgy,2001,0.001004
DE,DENL_imcgy,2002,0.001024
DE,DENL_imcgy,2003,0.000985
DE,DENL_imcgy,2004,0.001007
DE,DENL_imcgy,2005,0.001036
DE,DENL_imcgy,2006,0.001208
DE,DENL_imcgy,2007,0.001024
DE,DENL_imcgy,2008,0.000921
DE,DENL_imcgy,2009,0.001126
DE,DENL_imcgy,2010,0.001121
DE,DENL_imcgy,2011,0.001099
DE,DENL_imcgy,2012,0.001139
DE,DENL_imcgy,2013,0.001202
DE,DENL_imcgy,2014,0.001171
DE,DENL_imcgy,2015,0.001231
DE,DENL_imcgy,2016,0.001180
DE,DENL_imcgy,2017,0.001248
DE,DENL_imcgy,2018,0.001279
DE,DENL_imcgy,2019,0.001327
DE,DENL_imcgy,2020,0.001381
DE,DENL_imcgy,average,0.001119
DE,DENL_imcy,1995,0.009764
DE,DENL_imcy,1996,0.009087
DE,DENL_imcy,1997,0.009716
DE,DENL_imcy,1998,0.009343
DE,DENL_imcy,1999,0.009471
DE,DENL_imcy,2000,0.010250
DE,DENL_imcy,2001,0.009501
DE,DENL_imcy,2002,0.009365
DE,DENL_imcy,2003,0.009338
DE,DENL_imcy,2004,0.009438
DE,DENL_imcy,2005,0.010156
DE,DENL_imcy,2006,0.011207
DE,DENL_imcy,2007,0.009422
DE,DENL_imcy,2008,0.010323
DE,DENL_imcy,2009,0.010890
DE,DENL_imcy,2010,0.011354
DE,DENL_imcy,2011,0.010389
DE,DENL_imcy,2012,0.011212
DE,DENL_imcy,2013,0.011712
DE,DENL_imcy,2014,0.011086
DE,DENL_imcy,2015,0.011027
DE,DENL_imcy,2016,0.010347
DE,DENL_imcy,2017,0.010602
DE,DENL_imcy,2018,0.010911
DE,DENL_imcy,2019,0.010739
DE,DENL_imcy,2020,0.009556
DE,DENL_imcy,average,0.010345
DE,DENL_imigy,1995,0.000085
DE,DENL_imigy,1996,0.000086
DE,DENL_imigy,1997,0.000079
DE,DENL_imigy,1998,0.000077
DE,DENL_imigy,1999,0.000083
DE,DENL_imigy,2000,0.000092
DE,DENL_imigy,2001,0.000085
DE,DENL_imigy,2002,0.000089
DE,DENL_imigy,2003,0.000078
DE,DENL_imigy,2004,0.000078
DE,DENL_imigy,2005,0.000080
DE,DENL_imigy,2006,0.000090
DE,DENL_imigy,2007,0.000080
DE,DENL_imigy,2008,0.000074
DE,DENL_imigy,2009,0.000088
DE,DENL_imigy,2010,0.000072
DE,DENL_imigy,2011,0.000076
DE,DENL_imigy,2012,0.000077
DE,DENL_imigy,2013,0.000077
DE,DENL_imigy,2014,0.000076
DE,DENL_imigy,2015,0.000083
DE,DENL_imigy,2016,0.000083
DE,DENL_imigy,2017,0.000084
DE,DENL_imigy,2018,0.000091
DE,DENL_imigy,2019,0.000095
DE,DENL_imigy,2020,0.000093
DE,DENL_imigy,average,0.000083
DE,DENL_imiy,1995,0.002620
DE,DENL_imiy,1996,0.002543
DE,DENL_imiy,1997,0.002577
DE,DENL_imiy,1998,0.002535
DE,DENL_imiy,1999,0.002718
DE,DENL_imiy,2000,0.003049
DE,DENL_imiy,2001,0.002704
DE,DENL_imiy,2002,0.002642
DE,DENL_imiy,2003,0.002408
DE,DENL_imiy,2004,0.002567
DE,DENL_imiy,2005,0.002566
DE,DENL_imiy,2006,0.002843
DE,DENL_imiy,2007,0.002486
DE,DENL_imiy,2008,0.002488
DE,DENL_imiy,2009,0.002457
DE,DENL_imiy,2010,0.002503
DE,DENL_imiy,2011,0.002643
DE,DENL_imiy,2012,0.002648
DE,DENL_imiy,2013,0.002634
DE,DENL_imiy,2014,0.002606
DE,DENL_imiy,2015,0.002874
DE,DENL_imiy,2016,0.002693
DE,DENL_imiy,2017,0.002718
DE,DENL_imiy,2018,0.002917
DE,DENL_imiy,2019,0.002877
DE,DENL_imiy,2020,0.002621
DE,DENL_imiy,average,0.002651
DE,DEPT_imcgy,1995,0.000085
DE,DEPT_imcgy,1996,0.000096
DE,DEPT_imcgy,1997,0.000076
DE,DEPT_imcgy,1998,0.000078
DE,DEPT_imcgy,1999,0.000093
DE,DEPT_imcgy,2000,0.000096
DE,DEPT_imcgy,2001,0.000103
DE,DEPT_imcgy,2002,0.000100
DE,DEPT_imcgy,2003,0.000113
DE,DEPT_imcgy,2004,0.000099
DE,DEPT_imcgy,2005,0.000086
DE,DEPT_imcgy,2006,0.000088
DE,DEPT_imcgy,2007,0.000089
DE,DEPT_imcgy,2008,0.000083
DE,DEPT_imcgy,2009,0.000086
DE,DEPT_imcgy,2010,0.000082
DE,DEPT_imcgy,2011,0.000080
DE,DEPT_imcgy,2012,0.000078
DE,DEPT_imcgy,2013,0.000083
DE,DEPT_imcgy,2014,0.000082
DE,DEPT_imcgy,2015,0.000085
DE,DEPT_imcgy,2016,0.000091
DE,DEPT_imcgy,2017,0.000097
DE,DEPT_imcgy,2018,0.000099
DE,DEPT_imcgy,2019,0.000108
DE,DEPT_imcgy,2020,0.000110
DE,DEPT_imcgy,average,0.000091
DE,DEPT_imcy,1995,0.001190
DE,DEPT_imcy,1996,0.001289
DE,DEPT_imcy,1997,0.001309
DE,DEPT_imcy,1998,0.001267
DE,DEPT_imcy,1999,0.001223
DE,DEPT_imcy,2000,0.001249
DE,DEPT_imcy,2001,0.001138
DE,DEPT_imcy,2002,0.001092
DE,DEPT_imcy,2003,0.001099
DE,DEPT_imcy,2004,0.001003
DE,DEPT_imcy,2005,0.000910
DE,DEPT_imcy,2006,0.000907
DE,DEPT_imcy,2007,0.000875
DE,DEPT_imcy,2008,0.000922
DE,DEPT_imcy,2009,0.000887
DE,DEPT_imcy,2010,0.000896
DE,DEPT_imcy,2011,0.000862
DE,DEPT_imcy,2012,0.000929
DE,DEPT_imcy,2013,0.000964
DE,DEPT_imcy,2014,0.000947
DE,DEPT_imcy,2015,0.000959
DE,DEPT_imcy,2016,0.001024
DE,DEPT_imcy,2017,0.001061
DE,DEPT_imcy,2018,0.001089
DE,DEPT_imcy,2019,0.001123
DE,DEPT_imcy,2020,0.000812
DE,DEPT_imcy,average,0.001018
DE,DEPT_imigy,1995,0.000013
DE,DEPT_imigy,1996,0.000015
DE,DEPT_imigy,1997,0.000014
DE,DEPT_imigy,1998,0.000014
DE,DEPT_imigy,1999,0.000015
DE,DEPT_imigy,2000,0.000016
DE,DEPT_imigy,2001,0.000016
DE,DEPT_imigy,2002,0.000015
DE,DEPT_imigy,2003,0.000015
DE,DEPT_imigy,2004,0.000013
DE,DEPT_imigy,2005,0.000011
DE,DEPT_imigy,2006,0.000012
DE,DEPT_imigy,2007,0.000011
DE,DEPT_imigy,2008,0.000011
DE,DEPT_imigy,2009,0.000009
DE,DEPT_imigy,2010,0.000008
DE,DEPT_imigy,2011,0.000009
DE,DEPT_imigy,2012,0.000009
DE,DEPT_imigy,2013,0.000010
DE,DEPT_imigy,2014,0.000010
DE,DEPT_imigy,2015,0.000010
DE,DEPT_imigy,2016,0.000011
DE,DEPT_imigy,2017,0.000012
DE,DEPT_imigy,2018,0.000012
DE,DEPT_imigy,2019,0.000014
DE,DEPT_imigy,2020,0.000013
DE,DEPT_imigy,average,0.000012
DE,DEPT_imiy,1995,0.000395
DE,DEPT_imiy,1996,0.000442
DE,DEPT_imiy,1997,0.000454
DE,DEPT_imiy,1998,0.000462
DE,DEPT_imiy,1999,0.000491
DE,DEPT_imiy,2000,0.000532
DE,DEPT_imiy,2001,0.000496
DE,DEPT_imiy,2002,0.000438
DE,DEPT_imiy,2003,0.000466
DE,DEPT_imiy,2004,0.000431
DE,DEPT_imiy,2005,0.000358
DE,DEPT_imiy,2006,0.000370
DE,DEPT_imiy,2007,0.000338
DE,DEPT_imiy,2008,0.000359
DE,DEPT_imiy,2009,0.000255
DE,DEPT_imiy,2010,0.000268
DE,DEPT_imiy,2011,0.000317
DE,DEPT_imiy,2012,0.000323
DE,DEPT_imiy,2013,0.000338
DE,DEPT_imiy,2014,0.000333
DE,DEPT_imiy,2015,0.000347
DE,DEPT_imiy,2016,0.000362
DE,DEPT_imiy,2017,0.000371
DE,DEPT_imiy,2018,0.000396
DE,DEPT_imiy,2019,0.000437
DE,DEPT_imiy,2020,0.000380
DE,DEPT_imiy,average,0.000380
DE,DERA_imcgy,1995,0.000574
DE,DERA_imcgy,1996,0.000517
DE,DERA_imcgy,1997,0.000680
DE,DERA_imcgy,1998,0.000787
DE,DERA_imcgy,1999,0.000752
DE,DERA_imcgy,2000,0.000897
DE,DERA_imcgy,2001,0.001041
DE,DERA_imcgy,2002,0.001741
DE,DERA_imcgy,2003,0.001643
DE,DERA_imcgy,2004,0.001584
DE,DERA_imcgy,2005,0.001591
DE,DERA_imcgy,2006,0.001743
DE,DERA_imcgy,2007,0.001557
DE,DERA_imcgy,2008,0.001370
DE,DERA_imcgy,2009,0.001846
DE,DERA_imcgy,2010,0.001411
DE,DERA_imcgy,2011,0.001255
DE,DERA_imcgy,2012,0.001224
DE,DERA_imcgy,2013,0.001327
DE,DERA_imcgy,2014,0.001358
DE,DERA_imcgy,2015,0.001701
DE,DERA_imcgy,2016,0.001916
DE,DERA_imcgy,2017,0.002032
DE,DERA_imcgy,2018,0.002094
DE,DERA_imcgy,2019,0.002480
DE,DERA_imcgy,2020,0.003113
DE,DERA_imcgy,average,0.001549
DE,DERA_imcy,1995,0.003554
DE,DERA_imcy,1996,0.003900
DE,DERA_imcy,1997,0.004351
DE,DERA_imcy,1998,0.004618
DE,DERA_imcy,1999,0.004524
DE,DERA_imcy,2000,0.005289
DE,DERA_imcy,2001,0.005991
DE,DERA_imcy,2002,0.006053
DE,DERA_imcy,2003,0.006728
DE,DERA_imcy,2004,0.007026
DE,DERA_imcy,2005,0.007440
DE,DERA_imcy,2006,0.007896
DE,DERA_imcy,2007,0.007700
DE,DERA_imcy,2008,0.007018
DE,DERA_imcy,2009,0.007395
DE,DERA_imcy,2010,0.007742
DE,DERA_imcy,2011,0.007187
DE,DERA_imcy,2012,0.007658
DE,DERA_imcy,2013,0.007988
DE,DERA_imcy,2014,0.007831
DE,DERA_imcy,2015,0.008537
DE,DERA_imcy,2016,0.008811
DE,DERA_imcy,2017,0.008984
DE,DERA_imcy,2018,0.009076
DE,DERA_imcy,2019,0.010170
DE,DERA_imcy,2020,0.010044
DE,DERA_imcy,average,0.007369
DE,DERA_imigy,1995,0.000047
DE,DERA_imigy,1996,0.000047
DE,DERA_imigy,1997,0.000051
DE,DERA_imigy,1998,0.000058
DE,DERA_imigy,1999,0.000061
DE,DERA_imigy,2000,0.000068
DE,DERA_imigy,2001,0.000081
DE,DERA_imigy,2002,0.000081
DE,DERA_imigy,2003,0.000084
DE,DERA_imigy,2004,0.000082
DE,DERA_imigy,2005,0.000090
DE,DERA_imigy,2006,0.000103
DE,DERA_imigy,2007,0.000107
DE,DERA_imigy,2008,0.000097
DE,DERA_imigy,2009,0.000105
DE,DERA_imigy,2010,0.000090
DE,DERA_imigy,2011,0.000101
DE,DERA_imigy,2012,0.000104
DE,DERA_imigy,2013,0.000109
DE,DERA_imigy,2014,0.000109
DE,DERA_imigy,2015,0.000121
DE,DERA_imigy,2016,0.000134
DE,DERA_imigy,2017,0.000145
DE,DERA_imigy,2018,0.000146
DE,DERA_imigy,2019,0.000180
DE,DERA_imigy,2020,0.000199
DE,DERA_imigy,average,0.000107
DE,DERA_imiy,1995,0.001454
DE,DERA_imiy,1996,0.001386
DE,DERA_imiy,1997,0.001669
DE,DERA_imiy,1998,0.001910
DE,DERA_imiy,1999,0.002015
DE,DERA_imiy,2000,0.002261
DE,DERA_imiy,2001,0.002575
DE,DERA_imiy,2002,0.002417
DE,DERA_imiy,2003,0.002588
DE,DERA_imiy,2004,0.002684
DE,DERA_imiy,2005,0.002865
DE,DERA_imiy,2006,0.003257
DE,DERA_imiy,2007,0.003309
DE,DERA_imiy,2008,0.003261
DE,DERA_imiy,2009,0.002919
DE,DERA_imiy,2010,0.003125
DE,DERA_imiy,2011,0.003507
DE,DERA_imiy,2012,0.003602
DE,DERA_imiy,2013,0.003744
DE,DERA_imiy,2014,0.003758
DE,DERA_imiy,2015,0.004195
DE,DERA_imiy,2016,0.004349
DE,DERA_imiy,2017,0.004680
DE,DERA_imiy,2018,0.004677
DE,DERA_imiy,2019,0.005440
DE,DERA_imiy,2020,0.005593
DE,DERA_imiy,average,0.003400
DE,DERU_imcgy,1995,0.001007
DE,DERU_imcgy,1996,0.001076
DE,DERU_imcgy,1997,0.001094
DE,DERU_imcgy,1998,0.001201
DE,DERU_imcgy,1999,0.001250
DE,DERU_imcgy,2000,0.001340
DE,DERU_imcgy,2001,0.001372
DE,DERU_imcgy,2002,0.001485
DE,DERU_imcgy,2003,0.001516
DE,DERU_imcgy,2004,0.001427
DE,DERU_imcgy,2005,0.001524
DE,DERU_imcgy,2006,0.001604
DE,DERU_imcgy,2007,0.001671
DE,DERU_imcgy,2008,0.001605
DE,DERU_imcgy,2009,0.001890
DE,DERU_imcgy,2010,0.001898
DE,DERU_imcgy,2011,0.001907
DE,DERU_imcgy,2012,0.001912
DE,DERU_imcgy,2013,0.001992
DE,DERU_imcgy,2014,0.002061
DE,DERU_imcgy,2015,0.002173
DE,DERU_imcgy,2016,0.002307
DE,DERU_imcgy,2017,0.002403
DE,DERU_imcgy,2018,0.002450
DE,DERU_imcgy,2019,0.002668
DE,DERU_imcgy,2020,0.002922
DE,DERU_imcgy,average,0.001849
DE,DERU_imcy,1995,0.009885
DE,DERU_imcy,1996,0.009515
DE,DERU_imcy,1997,0.010694
DE,DERU_imcy,1998,0.011728
DE,DERU_imcy,1999,0.012395
DE,DERU_imcy,2000,0.013640
DE,DERU_imcy,2001,0.013797
DE,DERU_imcy,2002,0.013920
DE,DERU_imcy,2003,0.014444
DE,DERU_imcy,2004,0.014526
DE,DERU_imcy,2005,0.015765
DE,DERU_imcy,2006,0.015957
DE,DERU_imcy,2007,0.016007
DE,DERU_imcy,2008,0.016472
DE,DERU_imcy,2009,0.016932
DE,DERU_imcy,2010,0.017703
DE,DERU_imcy,2011,0.017422
DE,DERU_imcy,2012,0.017804
DE,DERU_imcy,2013,0.018434
DE,DERU_imcy,2014,0.018358
DE,DERU_imcy,2015,0.018386
DE,DERU_imcy,2016,0.019045
DE,DERU_imcy,2017,0.019270
DE,DERU_imcy,2018,0.019364
DE,DERU_imcy,2019,0.019745
DE,DERU_imcy,2020,0.018571
DE,DERU_imcy,average,0.016310
DE,DERU_imigy,1995,0.000138
DE,DERU_imigy,1996,0.000147
DE,DERU_imigy,1997,0.000141
DE,DERU_imigy,1998,0.000160
DE,DERU_imigy,1999,0.000169
DE,DERU_imigy,2000,0.000195
DE,DERU_imigy,2001,0.000202
DE,DERU_imigy,2002,0.000217
DE,DERU_imigy,2003,0.000212
DE,DERU_imigy,2004,0.000205
DE,DERU_imigy,2005,0.000225
DE,DERU_imigy,2006,0.000242
DE,DERU_imigy,2007,0.000262
DE,DERU_imigy,2008,0.000258
DE,DERU_imigy,2009,0.000256
DE,DERU_imigy,2010,0.000235
DE,DERU_imigy,2011,0.000268
DE,DERU_imigy,2012,0.000269
DE,DERU_imigy,2013,0.000268
DE,DERU_imigy,2014,0.000281
DE,DERU_imigy,2015,0.000290
DE,DERU_imigy,2016,0.000316
DE,DERU_imigy,2017,0.000333
DE,DERU_imigy,2018,0.000348
DE,DERU_imigy,2019,0.000377
DE,DERU_imigy,2020,0.000394
DE,DERU_imigy,average,0.000260
DE,DERU_imiy,1995,0.004267
DE,DERU_imiy,1996,0.004349
DE,DERU_imiy,1997,0.004560
DE,DERU_imiy,1998,0.005248
DE,DERU_imiy,1999,0.005570
DE,DERU_imiy,2000,0.006487
DE,DERU_imiy,2001,0.006408
DE,DERU_imiy,2002,0.006457
DE,DERU_imiy,2003,0.006508
DE,DERU_imiy,2004,0.006733
DE,DERU_imiy,2005,0.007195
DE,DERU_imiy,2006,0.007681
DE,DERU_imiy,2007,0.008143
DE,DERU_imiy,2008,0.008649
DE,DERU_imiy,2009,0.007124
DE,DERU_imiy,2010,0.008120
DE,DERU_imiy,2011,0.009293
DE,DERU_imiy,2012,0.009290
DE,DERU_imiy,2013,0.009212
DE,DERU_imiy,2014,0.009647
DE,DERU_imiy,2015,0.010028
DE,DERU_imiy,2016,0.010277
DE,DERU_imiy,2017,0.010739
DE,DERU_imiy,2018,0.011128
DE,DERU_imiy,2019,0.011419
DE,DERU_imiy,2020,0.011103
DE,DERU_imiy,average,0.008308
DE,DERW_imcgy,1995,0.005293
DE,DERW_imcgy,1996,0.006456
DE,DERW_imcgy,1997,0.005818
DE,DERW_imcgy,1998,0.005788
DE,DERW_imcgy,1999,0.006371
DE,DERW_imcgy,2000,0.007260
DE,DERW_imcgy,2001,0.007264
DE,DERW_imcgy,2002,0.006853
DE,DERW_imcgy,2003,0.006957
DE,DERW_imcgy,2004,0.006884
DE,DERW_imcgy,2005,0.007640
DE,DERW_imcgy,2006,0.007987
DE,DERW_imcgy,2007,0.008337
DE,DERW_imcgy,2008,0.008027
DE,DERW_imcgy,2009,0.008843
DE,DERW_imcgy,2010,0.008358
DE,DERW_imcgy,2011,0.009029
DE,DERW_imcgy,2012,0.009071
DE,DERW_imcgy,2013,0.008892
DE,DERW_imcgy,2014,0.008900
DE,DERW_imcgy,2015,0.009221
DE,DERW_imcgy,2016,0.009428
DE,DERW_imcgy,2017,0.009539
DE,DERW_imcgy,2018,0.009656
DE,DERW_imcgy,2019,0.010326
DE,DERW_imcgy,2020,0.010953
DE,DERW_imcgy,average,0.008311
DE,DERW_imcy,1995,0.040074
DE,DERW_imcy,1996,0.040808
DE,DERW_imcy,1997,0.045259
DE,DERW_imcy,1998,0.043116
DE,DERW_imcy,1999,0.045940
DE,DERW_imcy,2000,0.051770
DE,DERW_imcy,2001,0.050837
DE,DERW_imcy,2002,0.047039
DE,DERW_imcy,2003,0.049249
DE,DERW_imcy,2004,0.050781
DE,DERW_imcy,2005,0.057578
DE,DERW_imcy,2006,0.059258
DE,DERW_imcy,2007,0.061183
DE,DERW_imcy,2008,0.065120
DE,DERW_imcy,2009,0.058988
DE,DERW_imcy,2010,0.067750
DE,DERW_imcy,2011,0.071393
DE,DERW_imcy,2012,0.074763
DE,DERW_imcy,2013,0.072487
DE,DERW_imcy,2014,0.069301
DE,DERW_imcy,2015,0.068969
DE,DERW_imcy,2016,0.066592
DE,DERW_imcy,2017,0.066232
DE,DERW_imcy,2018,0.066107
DE,DERW_imcy,2019,0.065228
DE,DERW_imcy,2020,0.057785
DE,DERW_imcy,average,0.060110
DE,DERW_imigy,1995,0.000579
DE,DERW_imigy,1996,0.000663
DE,DERW_imigy,1997,0.000613
DE,DERW_imigy,1998,0.000612
DE,DERW_imigy,1999,0.000675
DE,DERW_imigy,2000,0.000776
DE,DERW_imigy,2001,0.000734
DE,DERW_imigy,2002,0.000646
DE,DERW_imigy,2003,0.000637
DE,DERW_imigy,2004,0.000624
DE,DERW_imigy,2005,0.000683
DE,DERW_imigy,2006,0.000769
DE,DERW_imigy,2007,0.000823
DE,DERW_imigy,2008,0.000794
DE,DERW_imigy,2009,0.000799
DE,DERW_imigy,2010,0.000763
DE,DERW_imigy,2011,0.000829
DE,DERW_imigy,2012,0.000815
DE,DERW_imigy,2013,0.000757
DE,DERW_imigy,2014,0.000760
DE,DERW_imigy,2015,0.000788
DE,DERW_imigy,2016,0.000796
DE,DERW_imigy,2017,0.000825
DE,DERW_imigy,2018,0.000853
DE,DERW_imigy,2019,0.000905
DE,DERW_imigy,2020,0.000944
DE,DERW_imigy,average,0.000770
DE,DERW_imiy,1995,0.017838
DE,DERW_imiy,1996,0.019597
DE,DERW_imiy,1997,0.019889
DE,DERW_imiy,1998,0.020112
DE,DERW_imiy,1999,0.022178
DE,DERW_imiy,2000,0.025824
DE,DERW_imiy,2001,0.023322
DE,DERW_imiy,2002,0.019198
DE,DERW_imiy,2003,0.019583
DE,DERW_imiy,2004,0.020515
DE,DERW_imiy,2005,0.021836
DE,DERW_imiy,2006,0.024407
DE,DERW_imiy,2007,0.025560
DE,DERW_imiy,2008,0.026658
DE,DERW_imiy,2009,0.022231
DE,DERW_imiy,2010,0.026415
DE,DERW_imiy,2011,0.028688
DE,DERW_imiy,2012,0.028181
DE,DERW_imiy,2013,0.026031
DE,DERW_imiy,2014,0.026125
DE,DERW_imiy,2015,0.027214
DE,DERW_imiy,2016,0.025930
DE,DERW_imiy,2017,0.026578
DE,DERW_imiy,2018,0.027233
DE,DERW_imiy,2019,0.027435
DE,DERW_imiy,2020,0.026593
DE,DERW_imiy,average,0.024568
DE,DEUS_imcgy,1995,0.001459
DE,DEUS_imcgy,1996,0.001852
DE,DEUS_imcgy,1997,0.001683
DE,DEUS_imcgy,1998,0.001844
DE,DEUS_imcgy,1999,0.002095
DE,DEUS_imcgy,2000,0.002452
DE,DEUS_imcgy,2001,0.002392
DE,DEUS_imcgy,2002,0.002184
DE,DEUS_imcgy,2003,0.002254
DE,DEUS_imcgy,2004,0.002255
DE,DEUS_imcgy,2005,0.002467
DE,DEUS_imcgy,2006,0.002567
DE,DEUS_imcgy,2007,0.002387
DE,DEUS_imcgy,2008,0.002263
DE,DEUS_imcgy,2009,0.002700
DE,DEUS_imcgy,2010,0.002065
DE,DEUS_imcgy,2011,0.002013
DE,DEUS_imcgy,2012,0.002173
DE,DEUS_imcgy,2013,0.001988
DE,DEUS_imcgy,2014,0.001972
DE,DEUS_imcgy,2015,0.002375
DE,DEUS_imcgy,2016,0.002413
DE,DEUS_imcgy,2017,0.002484
DE,DEUS_imcgy,2018,0.002272
DE,DEUS_imcgy,2019,0.002600
DE,DEUS_imcgy,2020,0.002905
DE,DEUS_imcgy,average,0.002257
DE,DEUS_imcy,1995,0.006673
DE,DEUS_imcy,1996,0.006771
DE,DEUS_imcy,1997,0.007980
DE,DEUS_imcy,1998,0.008665
DE,DEUS_imcy,1999,0.009454
DE,DEUS_imcy,2000,0.010319
DE,DEUS_imcy,2001,0.010014
DE,DEUS_imcy,2002,0.009130
DE,DEUS_imcy,2003,0.009020
DE,DEUS_imcy,2004,0.008864
DE,DEUS_imcy,2005,0.009059
DE,DEUS_imcy,2006,0.009608
DE,DEUS_imcy,2007,0.008900
DE,DEUS_imcy,2008,0.009061
DE,DEUS_imcy,2009,0.008660
DE,DEUS_imcy,2010,0.009674
DE,DEUS_imcy,2011,0.009734
DE,DEUS_imcy,2012,0.010607
DE,DEUS_imcy,2013,0.010394
DE,DEUS_imcy,2014,0.009761
DE,DEUS_imcy,2015,0.010280
DE,DEUS_imcy,2016,0.010056
DE,DEUS_imcy,2017,0.009922
DE,DEUS_imcy,2018,0.009525
DE,DEUS_imcy,2019,0.009850
DE,DEUS_imcy,2020,0.008806
DE,DEUS_imcy,average,0.009328
DE,DEUS_imigy,1995,0.000129
DE,DEUS_imigy,1996,0.000151
DE,DEUS_imigy,1997,0.000148
DE,DEUS_imigy,1998,0.000170
DE,DEUS_imigy,1999,0.000191
DE,DEUS_imigy,2000,0.000214
DE,DEUS_imigy,2001,0.000199
DE,DEUS_imigy,2002,0.000164
DE,DEUS_imigy,2003,0.000147
DE,DEUS_imigy,2004,0.000133
DE,DEUS_imigy,2005,0.000138
DE,DEUS_imigy,2006,0.000164
DE,DEUS_imigy,2007,0.000150
DE,DEUS_imigy,2008,0.000129
DE,DEUS_imigy,2009,0.000127
DE,DEUS_imigy,2010,0.000120
DE,DEUS_imigy,2011,0.000128
DE,DEUS_imigy,2012,0.000136
DE,DEUS_imigy,2013,0.000129
DE,DEUS_imigy,2014,0.000132
DE,DEUS_imigy,2015,0.000155
DE,DEUS_imigy,2016,0.000168
DE,DEUS_imigy,2017,0.000164
DE,DEUS_imigy,2018,0.000168
DE,DEUS_imigy,2019,0.000189
DE,DEUS_imigy,2020,0.000176
DE,DEUS_imigy,average,0.000153
DE,DEUS_imiy,1995,0.003986
DE,DEUS_imiy,1996,0.004473
DE,DEUS_imiy,1997,0.004803
DE,DEUS_imiy,1998,0.005604
DE,DEUS_imiy,1999,0.006288
DE,DEUS_imiy,2000,0.007106
DE,DEUS_imiy,2001,0.006322
DE,DEUS_imiy,2002,0.004885
DE,DEUS_imiy,2003,0.004513
DE,DEUS_imiy,2004,0.004382
DE,DEUS_imiy,2005,0.004414
DE,DEUS_imiy,2006,0.005208
DE,DEUS_imiy,2007,0.004642
DE,DEUS_imiy,2008,0.004325
DE,DEUS_imiy,2009,0.003545
DE,DEUS_imiy,2010,0.004153
DE,DEUS_imiy,2011,0.004418
DE,DEUS_imiy,2012,0.004710
DE,DEUS_imiy,2013,0.004450
DE,DEUS_imiy,2014,0.004523
DE,DEUS_imiy,2015,0.005353
DE,DEUS_imiy,2016,0.005478
DE,DEUS_imiy,2017,0.005287
DE,DEUS_imiy,2018,0.005359
DE,DEUS_imiy,2019,0.005713
DE,DEUS_imiy,2020,0.004945
DE,DEUS_imiy,average,0.004893
DE,debt,1995,2.1899
DE,debt,1996,2.3032
DE,debt,1997,2.3474
DE,debt,1998,2.3721
DE,debt,1999,2.3948
DE,debt,2000,2.3507
DE,debt,2001,2.3033
DE,debt,2002,2.3706
DE,debt,2003,2.5084
DE,debt,2004,2.5733
DE,debt,2005,2.6584
DE,debt,2006,2.6302
DE,debt,2007,2.5233
DE,debt,2008,2.5834
DE,debt,2009,2.8686
DE,debt,2010,3.2150
DE,debt,2011,3.1140
DE,debt,2012,3.1663
DE,debt,2013,3.0718
DE,debt,2014,2.9529
DE,debt,2015,2.8224
DE,debt,2016,2.7052
DE,debt,2017,2.5581
DE,debt,2018,2.4291
DE,debt,2019,2.3422
DE,debt,2020,2.7143
DE,debt,average,2.6180
DE,imcgy,1995,0.013036
DE,imcgy,1996,0.014791
DE,imcgy,1997,0.014050
DE,imcgy,1998,0.014477
DE,imcgy,1999,0.015473
DE,imcgy,2000,0.017179
DE,imcgy,2001,0.017350
DE,imcgy,2002,0.017585
DE,imcgy,2003,0.017401
DE,imcgy,2004,0.016999
DE,imcgy,2005,0.018291
DE,imcgy,2006,0.019201
DE,imcgy,2007,0.019034
DE,imcgy,2008,0.018055
DE,imcgy,2009,0.020715
DE,imcgy,2010,0.019061
DE,imcgy,2011,0.019380
DE,imcgy,2012,0.019532
DE,imcgy,2013,0.019492
DE,imcgy,2014,0.019563
DE,imcgy,2015,0.020819
DE,imcgy,2016,0.021673
DE,imcgy,2017,0.022236
DE,imcgy,2018,0.022283
DE,imcgy,2019,0.024078
DE,imcgy,2020,0.026059
DE,imcgy,average,0.019262
DE,imcy,1995,0.109412
DE,imcy,1996,0.108361
DE,imcy,1997,0.118470
DE,imcy,1998,0.118647
DE,imcy,1999,0.122970
DE,imcy,2000,0.132795
DE,imcy,2001,0.131192
DE,imcy,2002,0.124798
DE,imcy,2003,0.128468
DE,imcy,2004,0.130039
DE,imcy,2005,0.138664
DE,imcy,2006,0.141618
DE,imcy,2007,0.139259
DE,imcy,2008,0.144216
DE,imcy,2009,0.138493
DE,imcy,2010,0.151247
DE,imcy,2011,0.152686
DE,imcy,2012,0.159524
DE,imcy,2013,0.158459
DE,imcy,2014,0.152651
DE,imcy,2015,0.151685
DE,imcy,2016,0.149761
DE,imcy,2017,0.150217
DE,imcy,2018,0.150505
DE,imcy,2019,0.150861
DE,imcy,2020,0.133838
DE,imcy,average,0.140467
DE,imigy,1995,0.001493
DE,imigy,1996,0.001627
DE,imigy,1997,0.001531
DE,imigy,1998,0.001596
DE,imigy,1999,0.001697
DE,imigy,2000,0.001888
DE,imigy,2001,0.001824
DE,imigy,2002,0.001707
DE,imigy,2003,0.001631
DE,imigy,2004,0.001581
DE,imigy,2005,0.001702
DE,imigy,2006,0.001884
DE,imigy,2007,0.001950
DE,imigy,2008,0.001835
DE,imigy,2009,0.001856
DE,imigy,2010,0.001732
DE,imigy,2011,0.001878
DE,imigy,2012,0.001869
DE,imigy,2013,0.001796
DE,imigy,2014,0.001814
DE,imigy,2015,0.001899
DE,imigy,2016,0.001988
DE,imigy,2017,0.002056
DE,imigy,2018,0.002131
DE,imigy,2019,0.002289
DE,imigy,2020,0.002339
DE,imigy,average,0.001874
DE,imiy,1995,0.046022
DE,imiy,1996,0.048067
DE,imiy,1997,0.049629
DE,imiy,1998,0.052461
DE,imiy,1999,0.055781
DE,imiy,2000,0.062808
DE,imiy,2001,0.057988
DE,imiy,2002,0.050763
DE,imiy,2003,0.050139
DE,imiy,2004,0.051993
DE,imiy,2005,0.054392
DE,imiy,2006,0.059802
DE,imiy,2007,0.060527
DE,imiy,2008,0.061640
DE,imiy,2009,0.051669
DE,imiy,2010,0.059977
DE,imiy,2011,0.064999
DE,imiy,2012,0.064617
DE,imiy,2013,0.061713
DE,imiy,2014,0.062377
DE,imiy,2015,0.065602
DE,imiy,2016,0.064725
DE,imiy,2017,0.066210
DE,imiy,2018,0.068054
DE,imiy,2019,0.069365
DE,imiy,2020,0.065886
DE,imiy,average,0.059756
DE,imy,1995,0.169963
DE,imy,1996,0.172846
DE,imy,1997,0.183679
DE,imy,1998,0.187181
DE,imy,1999,0.195922
DE,imy,2000,0.214669
DE,imy,2001,0.208354
DE,imy,2002,0.194854
DE,imy,2003,0.197640
DE,imy,2004,0.200612
DE,imy,2005,0.213048
DE,imy,2006,0.222506
DE,imy,2007,0.220770
DE,imy,2008,0.225747
DE,imy,2009,0.212733
DE,imy,2010,0.232017
DE,imy,2011,0.238942
DE,imy,2012,0.245542
DE,imy,2013,0.241460
DE,imy,2014,0.236405
DE,imy,2015,0.240005
DE,imy,2016,0.238147
DE,imy,2017,0.240718
DE,imy,2018,0.242973
DE,imy,2019,0.246592
DE,imy,2020,0.228123
DE,imy,average,0.221358
DE,private_consumption,1995,0.5473
DE,private_consumption,1996,0.5533
DE,private_consumption,1997,0.5514
DE,private_consumption,1998,0.5475
DE,private_consumption,1999,0.5497
DE,private_consumption,2000,0.5482
DE,private_consumption,2001,0.5525
DE,private_consumption,2002,0.5521
DE,private_consumption,2003,0.5586
DE,private_consumption,2004,0.5591
DE,private_consumption,2005,0.5608
DE,private_consumption,2006,0.5514
DE,private_consumption,2007,0.5368
DE,private_consumption,2008,0.5319
DE,private_consumption,2009,0.5541
DE,private_consumption,2010,0.5383
DE,private_consumption,2011,0.5292
DE,private_consumption,2012,0.5371
DE,private_consumption,2013,0.5341
DE,private_consumption,2014,0.5257
DE,private_consumption,2015,0.5231
DE,private_consumption,2016,0.5237
DE,private_consumption,2017,0.5170
DE,private_consumption,2018,0.5136
DE,private_consumption,2019,0.5122
DE,private_consumption,2020,0.4968
DE,private_consumption,average,0.5359
DE,private_investment,1995,0.2125
DE,private_investment,1996,0.2071
DE,private_investment,1997,0.2050
DE,private_investment,1998,0.2064
DE,private_investment,1999,0.2083
DE,private_investment,2000,0.2084
DE,private_investment,2001,0.1977
DE,private_investment,2002,0.1854
DE,private_investment,2003,0.1797
DE,private_investment,2004,0.1764
DE,private_investment,2005,0.1761
DE,private_investment,2006,0.1822
DE,private_investment,2007,0.1855
DE,private_investment,2008,0.1882
DE,private_investment,2009,0.1787
DE,private_investment,2010,0.1809
DE,private_investment,2011,0.1872
DE,private_investment,2012,0.1873
DE,private_investment,2013,0.1833
DE,private_investment,2014,0.1855
DE,private_investment,2015,0.1868
DE,private_investment,2016,0.1891
DE,private_investment,2017,0.1896
DE,private_investment,2018,0.1945
DE,private_investment,2019,0.1977
DE,private_investment,2020,0.1992
DE,private_investment,average,0.1905
DE,public_consumption,1995,0.2087
DE,public_consumption,1996,0.2106
DE,public_consumption,1997,0.2081
DE,public_consumption,1998,0.2055
DE,public_consumption,1999,0.2067
DE,public_consumption,2000,0.2035
DE,public_consumption,2001,0.2034
DE,public_consumption,2002,0.2091
DE,public_consumption,2003,0.2098
DE,public_consumption,2004,0.2051
DE,public_consumption,2005,0.2035
DE,public_consumption,2006,0.1979
DE,public_consumption,2007,0.1943
DE,public_consumption,2008,0.1985
DE,public_consumption,2009,0.2191
DE,public_consumption,2010,0.2122
DE,public_consumption,2011,0.2060
DE,public_consumption,2012,0.2093
DE,public_consumption,2013,0.2132
DE,public_consumption,2014,0.2136
DE,public_consumption,2015,0.2161
DE,public_consumption,2016,0.2185
DE,public_consumption,2017,0.2173
DE,public_consumption,2018,0.2163
DE,public_consumption,2019,0.2202
DE,public_consumption,2020,0.2383
DE,public_consumption,average,0.2110
DE,public_investment,1995,0.0262
DE,public_investment,1996,0.0256
DE,public_investment,1997,0.0253
DE,public_investment,1998,0.0255
DE,public_investment,1999,0.0257
DE,public_investment,2000,0.0257
DE,public_investment,2001,0.0244
DE,public_investment,2002,0.0229
DE,public_investment,2003,0.0222
DE,public_investment,2004,0.0218
DE,public_investment,2005,0.0217
DE,public_investment,2006,0.0225
DE,public_investment,2007,0.0229
DE,public_investment,2008,0.0232
DE,public_investment,2009,0.0221
DE,public_investment,2010,0.0223
DE,public_investment,2011,0.0231
DE,public_investment,2012,0.0231
DE,public_investment,2013,0.0226
DE,public_investment,2014,0.0229
DE,public_investment,2015,0.0231
DE,public_investment,2016,0.0233
DE,public_investment,2017,0.0234
DE,public_investment,2018,0.0240
DE,public_investment,2019,0.0244
DE,public_investment,2020,0.0246
DE,public_investment,average,0.0235
DE,size,1995,0.080446
DE,size,1996,0.076098
DE,size,1997,0.067557
DE,size,1998,0.068833
DE,size,1999,0.064926
DE,size,2000,0.056084
DE,size,2001,0.055948
DE,size,2002,0.056761
DE,size,2003,0.061065
DE,size,2004,0.060856
DE,size,2005,0.056944
DE,size,2006,0.055507
DE,size,2007,0.055817
DE,size,2008,0.055723
DE,size,2009,0.053184
DE,size,2010,0.048996
DE,size,2011,0.048911
DE,size,2012,0.044790
DE,size,2013,0.046107
DE,size,2014,0.046656
DE,size,2015,0.042252
DE,size,2016,0.043008
DE,size,2017,0.043076
DE,size,2018,0.043902
DE,size,2019,0.042211
DE,size,2020,0.043364
DE,size,average,0.051284
DE,tax_SSC_firms,1995,0.1530
DE,tax_SSC_firms,1996,0.1576
DE,tax_SSC_firms,1997,0.1673
DE,tax_SSC_firms,1998,0.1668
DE,tax_SSC_firms,1999,0.1632
DE,tax_SSC_firms,2000,0.1608
DE,tax_SSC_firms,2001,0.1595
DE,tax_SSC_firms,2002,0.1594
DE,tax_SSC_firms,2003,0.1616
DE,tax_SSC_firms,2004,0.1592
DE,tax_SSC_firms,2005,0.1563
DE,tax_SSC_firms,2006,0.1551
DE,tax_SSC_firms,2007,0.1514
DE,tax_SSC_firms,2008,0.1487
DE,tax_SSC_firms,2009,0.1537
DE,tax_SSC_firms,2010,0.1541
DE,tax_SSC_firms,2011,0.1525
DE,tax_SSC_firms,2012,0.1512
DE,tax_SSC_firms,2013,0.1501
DE,tax_SSC_firms,2014,0.1496
DE,tax_SSC_firms,2015,0.1496
DE,tax_SSC_firms,2016,0.1494
DE,tax_SSC_firms,2017,0.1496
DE,tax_SSC_firms,2018,0.1487
DE,tax_SSC_firms,2019,0.1519
DE,tax_SSC_firms,2020,0.1572
DE,tax_SSC_firms,average,0.1553
DE,tax_SSC_households,1995,0.1355
DE,tax_SSC_households,1996,0.1406
DE,tax_SSC_households,1997,0.1511
DE,tax_SSC_households,1998,0.1506
DE,tax_SSC_households,1999,0.1458
DE,tax_SSC_households,2000,0.1435
DE,tax_SSC_households,2001,0.1429
DE,tax_SSC_households,2002,0.1421
DE,tax_SSC_households,2003,0.1440
DE,tax_SSC_households,2004,0.1414
DE,tax_SSC_households,2005,0.1420
DE,tax_SSC_households,2006,0.1431
DE,tax_SSC_households,2007,0.1402
DE,tax_SSC_households,2008,0.1375
DE,tax_SSC_households,2009,0.1426
DE,tax_SSC_households,2010,0.1423
DE,tax_SSC_households,2011,0.1444
DE,tax_SSC_households,2012,0.1430
DE,tax_SSC_households,2013,0.1417
DE,tax_SSC_households,2014,0.1418
DE,tax_SSC_households,2015,0.1417
DE,tax_SSC_households,2016,0.1436
DE,tax_SSC_households,2017,0.1445
DE,tax_SSC_households,2018,0.1442
DE,tax_SSC_households,2019,0.1404
DE,tax_SSC_households,2020,0.1395
DE,tax_SSC_households,average,0.1427
DE,tax_capital,1995,0.0267
DE,tax_capital,1996,0.0354
DE,tax_capital,1997,0.0369
DE,tax_capital,1998,0.0395
DE,tax_capital,1999,0.0448
DE,tax_capital,2000,0.0464
DE,tax_capital,2001,0.0150
DE,tax_capital,2002,0.0253
DE,tax_capital,2003,0.0316
DE,tax_capital,2004,0.0375
DE,tax_capital,2005,0.0424
DE,tax_capital,2006,0.0513
DE,tax_capital,2007,0.0512
DE,tax_capital,2008,0.0456
DE,tax_capital,2009,0.0336
DE,tax_capital,2010,0.0367
DE,tax_capital,2011,0.0414
DE,tax_capital,2012,0.0433
DE,tax_capital,2013,0.0449
DE,tax_capital,2014,0.0438
DE,tax_capital,2015,0.0440
DE,tax_capital,2016,0.0507
DE,tax_capital,2017,0.0521
DE,tax_capital,2018,0.0565
DE,tax_capital,2019,0.0532
DE,tax_capital,2020,0.0430
DE,tax_capital,average,0.0413
DE,tax_consumption,1995,0.1749
DE,tax_consumption,1996,0.1740
DE,tax_consumption,1997,0.1765
DE,tax_consumption,1998,0.1786
DE,tax_consumption,1999,0.1820
DE,tax_consumption,2000,0.1820
DE,tax_consumption,2001,0.1796
DE,tax_consumption,2002,0.1789
DE,tax_consumption,2003,0.1778
DE,tax_consumption,2004,0.1827
DE,tax_consumption,2005,0.1817
DE,tax_consumption,2006,0.1839
DE,tax_consumption,2007,0.1979
DE,tax_consumption,2008,0.1984
DE,tax_consumption,2009,0.2006
DE,tax_consumption,2010,0.1964
DE,tax_consumption,2011,0.2037
DE,tax_consumption,2012,0.2014
DE,tax_consumption,2013,0.2040
DE,tax_consumption,2014,0.2069
DE,tax_consumption,2015,0.2076
DE,tax_consumption,2016,0.2066
DE,tax_consumption,2017,0.2031
DE,tax_consumption,2018,0.2052
DE,tax_consumption,2019,0.2048
DE,tax_consumption,2020,0.2041
DE,tax_consumption,average,0.1921
DE,tax_income,1995,0.2172
DE,tax_income,1996,0.1971
DE,tax_income,1997,0.1995
DE,tax_income,1998,0.2103
DE,tax_income,1999,0.2115
DE,tax_income,2000,0.2118
DE,tax_income,2001,0.2215
DE,tax_income,2002,0.2024
DE,tax_income,2003,0.1943
DE,tax_income,2004,0.1851
DE,tax_income,2005,0.1891
DE,tax_income,2006,0.2054
DE,tax_income,2007,0.2192
DE,tax_income,2008,0.2313
DE,tax_income,2009,0.2149
DE,tax_income,2010,0.2043
DE,tax_income,2011,0.2121
DE,tax_income,2012,0.2205
DE,tax_income,2013,0.2231
DE,tax_income,2014,0.2238
DE,tax_income,2015,0.2277
DE,tax_income,2016,0.2298
DE,tax_income,2017,0.2339
DE,tax_income,2018,0.2340
DE,tax_income,2019,0.2348
DE,tax_income,2020,0.2240
DE,tax_income,average,0.2146
DE,tby,1995,0.000063
DE,tby,1996,0.004898
DE,tby,1997,0.009635
DE,tby,1998,0.012203
DE,tby,1999,0.004890
DE,tby,2000,0.010681
DE,tby,2001,0.025300
DE,tby,2002,0.045475
DE,tby,2003,0.041369
DE,tby,2004,0.055856
DE,tby,2005,0.059628
DE,tby,2006,0.066340
DE,tby,2007,0.083388
DE,tby,2008,0.081007
DE,tby,2009,0.061505
DE,tby,2010,0.075489
DE,tby,2011,0.079436
DE,tby,2012,0.086541
DE,tby,2013,0.083196
DE,tby,2014,0.089192
DE,tby,2015,0.094419
DE,tby,2016,0.087168
DE,tby,2017,0.088112
DE,tby,2018,0.079304
DE,tby,2019,0.073584
DE,tby,2020,0.070026
DE,tby,average,0.062316
DE,trybar,1995,0.2440
DE,trybar,1996,0.2540
DE,trybar,1997,0.2520
DE,trybar,1998,0.2490
DE,trybar,1999,0.2500
DE,trybar,2000,0.2450
DE,trybar,2001,0.2470
DE,trybar,2002,0.2520
DE,trybar,2003,0.2570
DE,trybar,2004,0.2510
DE,trybar,2005,0.2500
DE,trybar,2006,0.2400
DE,trybar,2007,0.2280
DE,trybar,2008,0.2280
DE,trybar,2009,0.2500
DE,trybar,2010,0.2420
DE,trybar,2011,0.2300
DE,trybar,2012,0.2300
DE,trybar,2013,0.2320
DE,trybar,2014,0.2310
DE,trybar,2015,0.2340
DE,trybar,2016,0.2360
DE,trybar,2017,0.2350
DE,trybar,2018,0.2340
DE,trybar,2019,0.2390
DE,trybar,2020,0.2610
DE,trybar,average,0.2423
ES,ESAT_imcgy,1995,0.000096
ES,ESAT_imcgy,1996,0.000094
ES,ESAT_imcgy,1997,0.000098
ES,ESAT_imcgy,1998,0.000116
ES,ESAT_imcgy,1999,0.000129
ES,ESAT_imcgy,2000,0.000139
ES,ESAT_imcgy,2001,0.000124
ES,ESAT_imcgy,2002,0.000122
ES,ESAT_imcgy,2003,0.000123
ES,ESAT_imcgy,2004,0.000129
ES,ESAT_imcgy,2005,0.000126
ES,ESAT_imcgy,2006,0.000137
ES,ESAT_imcgy,2007,0.000145
ES,ESAT_imcgy,2008,0.000128
ES,ESAT_imcgy,2009,0.000117
ES,ESAT_imcgy,2010,0.000132
ES,ESAT_imcgy,2011,0.000129
ES,ESAT_imcgy,2012,0.000129
ES,ESAT_imcgy,2013,0.000130
ES,ESAT_imcgy,2014,0.000134
ES,ESAT_imcgy,2015,0.000128
ES,ESAT_imcgy,2016,0.000130
ES,ESAT_imcgy,2017,0.000126
ES,ESAT_imcgy,2018,0.000137
ES,ESAT_imcgy,2019,0.000134
ES,ESAT_imcgy,2020,0.000136
ES,ESAT_imcgy,average,0.000128
ES,ESAT_imcy,1995,0.000929
ES,ESAT_imcy,1996,0.000965
ES,ESAT_imcy,1997,0.001058
ES,ESAT_imcy,1998,0.001221
ES,ESAT_imcy,1999,0.001417
ES,ESAT_imcy,2000,0.001318
ES,ESAT_imcy,2001,0.001202
ES,ESAT_imcy,2002,0.001174
ES,ESAT_imcy,2003,0.001046
ES,ESAT_imcy,2004,0.001116
ES,ESAT_imcy,2005,0.000937
ES,ESAT_imcy,2006,0.000975
ES,ESAT_imcy,2007,0.001088
ES,ESAT_imcy,2008,0.000876
ES,ESAT_imcy,2009,0.000776
ES,ESAT_imcy,2010,0.000835
ES,ESAT_imcy,2011,0.000790
ES,ESAT_imcy,2012,0.000775
ES,ESAT_imcy,2013,0.000767
ES,ESAT_imcy,2014,0.000763
ES,ESAT_imcy,2015,0.000785
ES,ESAT_imcy,2016,0.000850
ES,ESAT_imcy,2017,0.000812
ES,ESAT_imcy,2018,0.000840
ES,ESAT_imcy,2019,0.000761
ES,ESAT_imcy,2020,0.000646
ES,ESAT_imcy,average,0.000908
ES,ESAT_imigy,1995,0.000022
ES,ESAT_imigy,1996,0.000023
ES,ESAT_imigy,1997,0.000027
ES,ESAT_imigy,1998,0.000032
ES,ESAT_imigy,1999,0.000038
ES,ESAT_imigy,2000,0.000044
ES,ESAT_imigy,2001,0.000041
ES,ESAT_imigy,2002,0.000045
ES,ESAT_imigy,2003,0.000045
ES,ESAT_imigy,2004,0.000045
ES,ESAT_imigy,2005,0.000042
ES,ESAT_imigy,2006,0.000049
ES,ESAT_imigy,2007,0.000054
ES,ESAT_imigy,2008,0.000045
ES,ESAT_imigy,2009,0.000034
ES,ESAT_imigy,2010,0.000033
ES,ESAT_imigy,2011,0.000031
ES,ESAT_imigy,2012,0.000030
ES,ESAT_imigy,2013,0.000024
ES,ESAT_imigy,2014,0.000025
ES,ESAT_imigy,2015,0.000025
ES,ESAT_imigy,2016,0.000026
ES,ESAT_imigy,2017,0.000024
ES,ESAT_imigy,2018,0.000026
ES,ESAT_imigy,2019,0.000029
ES,ESAT_imigy,2020,0.000025
ES,ESAT_imigy,average,0.000034
ES,ESAT_imiy,1995,0.000431
ES,ESAT_imiy,1996,0.000486
ES,ESAT_imiy,1997,0.000561
ES,ESAT_imiy,1998,0.000695
ES,ESAT_imiy,1999,0.000784
ES,ESAT_imiy,2000,0.000890
ES,ESAT_imiy,2001,0.000738
ES,ESAT_imiy,2002,0.000743
ES,ESAT_imiy,2003,0.000734
ES,ESAT_imiy,2004,0.000725
ES,ESAT_imiy,2005,0.000667
ES,ESAT_imiy,2006,0.000781
ES,ESAT_imiy,2007,0.000897
ES,ESAT_imiy,2008,0.000780
ES,ESAT_imiy,2009,0.000498
ES,ESAT_imiy,2010,0.000568
ES,ESAT_imiy,2011,0.000563
ES,ESAT_imiy,2012,0.000568
ES,ESAT_imiy,2013,0.000507
ES,ESAT_imiy,2014,0.000533
ES,ESAT_imiy,2015,0.000583
ES,ESAT_imiy,2016,0.000585
ES,ESAT_imiy,2017,0.000543
ES,ESAT_imiy,2018,0.000575
ES,ESAT_imiy,2019,0.000597
ES,ESAT_imiy,2020,0.000564
ES,ESAT_imiy,average,0.000634
ES,ESBE_imcgy,1995,0.000421
ES,ESBE_imcgy,1996,0.000421
ES,ESBE_imcgy,1997,0.000487
ES,ESBE_imcgy,1998,0.000447
ES,ESBE_imcgy,1999,0.000445
ES,ESBE_imcgy,2000,0.000445
ES,ESBE_imcgy,2001,0.000456
ES,ESBE_imcgy,2002,0.000408
ES,ESBE_imcgy,2003,0.000417
ES,ESBE_imcgy,2004,0.000467
ES,ESBE_imcgy,2005,0.000471
ES,ESBE_imcgy,2006,0.000425
ES,ESBE_imcgy,2007,0.000453
ES,ESBE_imcgy,2008,0.000501
ES,ESBE_imcgy,2009,0.000518
ES,ESBE_imcgy,2010,0.000566
ES,ESBE_imcgy,2011,0.000573
ES,ESBE_imcgy,2012,0.000598
ES,ESBE_imcgy,2013,0.000638
ES,ESBE_imcgy,2014,0.000586
ES,ESBE_imcgy,2015,0.000542
ES,ESBE_imcgy,2016,0.000700
ES,ESBE_imcgy,2017,0.000998
ES,ESBE_imcgy,2018,0.000639
ES,ESBE_imcgy,2019,0.000641
ES,ESBE_imcgy,2020,0.000563
ES,ESBE_imcgy,average,0.000550
ES,ESBE_imcy,1995,0.003165
ES,ESBE_imcy,1996,0.003191
ES,ESBE_imcy,1997,0.003280
ES,ESBE_imcy,1998,0.003324
ES,ESBE_imcy,1999,0.003626
ES,ESBE_imcy,2000,0.003324
ES,ESBE_imcy,2001,0.003366
ES,ESBE_imcy,2002,0.003114
ES,ESBE_imcy,2003,0.002933
ES,ESBE_imcy,2004,0.003041
ES,ESBE_imcy,2005,0.002911
ES,ESBE_imcy,2006,0.002815
ES,ESBE_imcy,2007,0.002761
ES,ESBE_imcy,2008,0.002602
ES,ESBE_imcy,2009,0.002344
ES,ESBE_imcy,2010,0.002260
ES,ESBE_imcy,2011,0.002237
ES,ESBE_imcy,2012,0.002197
ES,ESBE_imcy,2013,0.002351
ES,ESBE_imcy,2014,0.002284
ES,ESBE_imcy,2015,0.002115
ES,ESBE_imcy,2016,0.002201
ES,ESBE_imcy,2017,0.002510
ES,ESBE_imcy,2018,0.002138
ES,ESBE_imcy,2019,0.002076
ES,ESBE_imcy,2020,0.001905
ES,ESBE_imcy,average,0.002570
ES,ESBE_imigy,1995,0.000063
ES,ESBE_imigy,1996,0.000061
ES,ESBE_imigy,1997,0.000061
ES,ESBE_imigy,1998,0.000062
ES,ESBE_imigy,1999,0.000071
ES,ESBE_imigy,2000,0.000080
ES,ESBE_imigy,2001,0.000084
ES,ESBE_imigy,2002,0.000089
ES,ESBE_imigy,2003,0.000090
ES,ESBE_imigy,2004,0.000094
ES,ESBE_imigy,2005,0.000100
ES,ESBE_imigy,2006,0.000099
ES,ESBE_imigy,2007,0.000103
ES,ESBE_imigy,2008,0.000092
ES,ESBE_imigy,2009,0.000077
ES,ESBE_imigy,2010,0.000057
ES,ESBE_imigy,2011,0.000054
ES,ESBE_imigy,2012,0.000048
ES,ESBE_imigy,2013,0.000043
ES,ESBE_imigy,2014,0.000045
ES,ESBE_imigy,2015,0.000036
ES,ESBE_imigy,2016,0.000038
ES,ESBE_imigy,2017,0.000040
ES,ESBE_imigy,2018,0.000040
ES,ESBE_imigy,2019,0.000046
ES,ESBE_imigy,2020,0.000039
ES,ESBE_imigy,average,0.000064
ES,ESBE_imiy,1995,0.001248
ES,ESBE_imiy,1996,0.001276
ES,ESBE_imiy,1997,0.001283
ES,ESBE_imiy,1998,0.001344
ES,ESBE_imiy,1999,0.001455
ES,ESBE_imiy,2000,0.001618
ES,ESBE_imiy,2001,0.001506
ES,ESBE_imiy,2002,0.001463
ES,ESBE_imiy,2003,0.001470
ES,ESBE_imiy,2004,0.001505
ES,ESBE_imiy,2005,0.001582
ES,ESBE_imiy,2006,0.001590
ES,ESBE_imiy,2007,0.001720
ES,ESBE_imiy,2008,0.001594
ES,ESBE_imiy,2009,0.001140
ES,ESBE_imiy,2010,0.000976
ES,ESBE_imiy,2011,0.000976
ES,ESBE_imiy,2012,0.000904
ES,ESBE_imiy,2013,0.000920
ES,ESBE_imiy,2014,0.000950
ES,ESBE_imiy,2015,0.000839
ES,ESBE_imiy,2016,0.000859
ES,ESBE_imiy,2017,0.000902
ES,ESBE_imiy,2018,0.000905
ES,ESBE_imiy,2019,0.000948
ES,ESBE_imiy,2020,0.000903
ES,ESBE_imiy,average,0.001196
ES,ESDE_imcgy,1995,0.001901
ES,ESDE_imcgy,1996,0.001774
ES,ESDE_imcgy,1997,0.001928
ES,ESDE_imcgy,1998,0.001894
ES,ESDE_imcgy,1999,0.001966
ES,ESDE_imcgy,2000,0.002045
ES,ESDE_imcgy,2001,0.002139
ES,ESDE_imcgy,2002,0.002284
ES,ESDE_imcgy,2003,0.002193
ES,ESDE_imcgy,2004,0.002359
ES,ESDE_imcgy,2005,0.002329
ES,ESDE_imcgy,2006,0.002205
ES,ESDE_imcgy,2007,0.002307
ES,ESDE_imcgy,2008,0.002162
ES,ESDE_imcgy,2009,0.002165
ES,ESDE_imcgy,2010,0.002172
ES,ESDE_imcgy,2011,0.002243
ES,ESDE_imcgy,2012,0.002071
ES,ESDE_imcgy,2013,0.001961
ES,ESDE_imcgy,2014,0.002184
ES,ESDE_imcgy,2015,0.002103
ES,ESDE_imcgy,2016,0.002178
ES,ESDE_imcgy,2017,0.002221
ES,ESDE_imcgy,2018,0.002342
ES,ESDE_imcgy,2019,0.002508
ES,ESDE_imcgy,2020,0.002434
ES,ESDE_imcgy,average,0.002188
ES,ESDE_imcy,1995,0.013516
ES,ESDE_imcy,1996,0.012923
ES,ESDE_imcy,1997,0.013989
ES,ESDE_imcy,1998,0.015141
ES,ESDE_imcy,1999,0.015942
ES,ESDE_imcy,2000,0.015499
ES,ESDE_imcy,2001,0.015885
ES,ESDE_imcy,2002,0.015411
ES,ESDE_imcy,2003,0.015207
ES,ESDE_imcy,2004,0.015828
ES,ESDE_imcy,2005,0.014680
ES,ESDE_imcy,2006,0.014906
ES,ESDE_imcy,2007,0.015675
ES,ESDE_imcy,2008,0.013521
ES,ESDE_imcy,2009,0.011232
ES,ESDE_imcy,2010,0.011299
ES,ESDE_imcy,2011,0.011400
ES,ESDE_imcy,2012,0.010959
ES,ESDE_imcy,2013,0.010901
ES,ESDE_imcy,2014,0.012330
ES,ESDE_imcy,2015,0.012633
ES,ESDE_imcy,2016,0.012918
ES,ESDE_imcy,2017,0.013233
ES,ESDE_imcy,2018,0.012963
ES,ESDE_imcy,2019,0.012528
ES,ESDE_imcy,2020,0.011274
ES,ESDE_imcy,average,0.013233
ES,ESDE_imigy,1995,0.000421
ES,ESDE_imigy,1996,0.000382
ES,ESDE_imigy,1997,0.000430
ES,ESDE_imigy,1998,0.000460
ES,ESDE_imigy,1999,0.000508
ES,ESDE_imigy,2000,0.000557
ES,ESDE_imigy,2001,0.000592
ES,ESDE_imigy,2002,0.000643
ES,ESDE_imigy,2003,0.000669
ES,ESDE_imigy,2004,0.000695
ES,ESDE_imigy,2005,0.000674
ES,ESDE_imigy,2006,0.000688
ES,ESDE_imigy,2007,0.000765
ES,ESDE_imigy,2008,0.000673
ES,ESDE_imigy,2009,0.000503
ES,ESDE_imigy,2010,0.000468
ES,ESDE_imigy,2011,0.000471
ES,ESDE_imigy,2012,0.000409
ES,ESDE_imigy,2013,0.000373
ES,ESDE_imigy,2014,0.000421
ES,ESDE_imigy,2015,0.000402
ES,ESDE_imigy,2016,0.000409
ES,ESDE_imigy,2017,0.000416
ES,ESDE_imigy,2018,0.000431
ES,ESDE_imigy,2019,0.000447
ES,ESDE_imigy,2020,0.000387
ES,ESDE_imigy,average,0.000511
ES,ESDE_imiy,1995,0.008408
ES,ESDE_imiy,1996,0.007994
ES,ESDE_imiy,1997,0.009027
ES,ESDE_imiy,1998,0.010027
ES,ESDE_imiy,1999,0.010476
ES,ESDE_imiy,2000,0.011244
ES,ESDE_imiy,2001,0.010638
ES,ESDE_imiy,2002,0.010527
ES,ESDE_imiy,2003,0.010896
ES,ESDE_imiy,2004,0.011115
ES,ESDE_imiy,2005,0.010721
ES,ESDE_imiy,2006,0.011018
ES,ESDE_imiy,2007,0.012772
ES,ESDE_imiy,2008,0.011677
ES,ESDE_imiy,2009,0.007439
ES,ESDE_imiy,2010,0.007971
ES,ESDE_imiy,2011,0.008566
ES,ESDE_imiy,2012,0.007715
ES,ESDE_imiy,2013,0.007906
ES,ESDE_imiy,2014,0.008971
ES,ESDE_imiy,2015,0.009340
ES,ESDE_imiy,2016,0.009149
ES,ESDE_imiy,2017,0.009367
ES,ESDE_imiy,2018,0.009648
ES,ESDE_imiy,2019,0.009273
ES,ESDE_imiy,2020,0.008914
ES,ESDE_imiy,average,0.009613
ES,ESFI_imcgy,1995,0.000174
ES,ESFI_imcgy,1996,0.000147
ES,ESFI_imcgy,1997,0.000146
ES,ESFI_imcgy,1998,0.000157
ES,ESFI_imcgy,1999,0.000170
ES,ESFI_imcgy,2000,0.000200
ES,ESFI_imcgy,2001,0.000174
ES,ESFI_imcgy,2002,0.000167
ES,ESFI_imcgy,2003,0.000180
ES,ESFI_imcgy,2004,0.000170
ES,ESFI_imcgy,2005,0.000147
ES,ESFI_imcgy,2006,0.000144
ES,ESFI_imcgy,2007,0.000172
ES,ESFI_imcgy,2008,0.000145
ES,ESFI_imcgy,2009,0.000108
ES,ESFI_imcgy,2010,0.000107
ES,ESFI_imcgy,2011,0.000116
ES,ESFI_imcgy,2012,0.000101
ES,ESFI_imcgy,2013,0.000098
ES,ESFI_imcgy,2014,0.000096
ES,ESFI_imcgy,2015,0.000100
ES,ESFI_imcgy,2016,0.000088
ES,ESFI_imcgy,2017,0.000082
ES,ESFI_imcgy,2018,0.000091
ES,ESFI_imcgy,2019,0.000104
ES,ESFI_imcgy,2020,0.000103
ES,ESFI_imcgy,average,0.000127
ES,ESFI_imcy,1995,0.001080
ES,ESFI_imcy,1996,0.000858
ES,ESFI_imcy,1997,0.000890
ES,ESFI_imcy,1998,0.000942
ES,ESFI_imcy,1999,0.000968
ES,ESFI_imcy,2000,0.001089
ES,ESFI_imcy,2001,0.000975
ES,ESFI_imcy,2002,0.000924
ES,ESFI_imcy,2003,0.000926
ES,ESFI_imcy,2004,0.000861
ES,ESFI_imcy,2005,0.000738
ES,ESFI_imcy,2006,0.000706
ES,ESFI_imcy,2007,0.000820
ES,ESFI_imcy,2008,0.000812
ES,ESFI_imcy,2009,0.000532
ES,ESFI_imcy,2010,0.000485
ES,ESFI_imcy,2011,0.000489
ES,ESFI_imcy,2012,0.000440
ES,ESFI_imcy,2013,0.000448
ES,ESFI_imcy,2014,0.000430
ES,ESFI_imcy,2015,0.000459
ES,ESFI_imcy,2016,0.000477
ES,ESFI_imcy,2017,0.000454
ES,ESFI_imcy,2018,0.000509
ES,ESFI_imcy,2019,0.000497
ES,ESFI_imcy,2020,0.000438
ES,ESFI_imcy,average,0.000648
ES,ESFI_imigy,1995,0.000021
ES,ESFI_imigy,1996,0.000021
ES,ESFI_imigy,1997,0.000022
ES,ESFI_imigy,1998,0.000026
ES,ESFI_imigy,1999,0.000030
ES,ESFI_imigy,2000,0.000032
ES,ESFI_imigy,2001,0.000030
ES,ESFI_imigy,2002,0.000032
ES,ESFI_imigy,2003,0.000038
ES,ESFI_imigy,2004,0.000033
ES,ESFI_imigy,2005,0.000030
ES,ESFI_imigy,2006,0.000031
ES,ESFI_imigy,2007,0.000040
ES,ESFI_imigy,2008,0.000042
ES,ESFI_imigy,2009,0.000026
ES,ESFI_imigy,2010,0.000019
ES,ESFI_imigy,2011,0.000017
ES,ESFI_imigy,2012,0.000017
ES,ESFI_imigy,2013,0.000015
ES,ESFI_imigy,2014,0.000018
ES,ESFI_imigy,2015,0.000015
ES,ESFI_imigy,2016,0.000017
ES,ESFI_imigy,2017,0.000016
ES,ESFI_imigy,2018,0.000016
ES,ESFI_imigy,2019,0.000023
ES,ESFI_imigy,2020,0.000020
ES,ESFI_imigy,average,0.000024
ES,ESFI_imiy,1995,0.000415
ES,ESFI_imiy,1996,0.000438
ES,ESFI_imiy,1997,0.000460
ES,ESFI_imiy,1998,0.000569
ES,ESFI_imiy,1999,0.000628
ES,ESFI_imiy,2000,0.000643
ES,ESFI_imiy,2001,0.000545
ES,ESFI_imiy,2002,0.000518
ES,ESFI_imiy,2003,0.000621
ES,ESFI_imiy,2004,0.000528
ES,ESFI_imiy,2005,0.000481
ES,ESFI_imiy,2006,0.000503
ES,ESFI_imiy,2007,0.000673
ES,ESFI_imiy,2008,0.000728
ES,ESFI_imiy,2009,0.000389
ES,ESFI_imiy,2010,0.000321
ES,ESFI_imiy,2011,0.000312
ES,ESFI_imiy,2012,0.000320
ES,ESFI_imiy,2013,0.000320
ES,ESFI_imiy,2014,0.000381
ES,ESFI_imiy,2015,0.000353
ES,ESFI_imiy,2016,0.000379
ES,ESFI_imiy,2017,0.000354
ES,ESFI_imiy,2018,0.000369
ES,ESFI_imiy,2019,0.000480
ES,ESFI_imiy,2020,0.000459
ES,ESFI_imiy,average,0.000459
ES,ESFR_imcgy,1995,0.001912
ES,ESFR_imcgy,1996,0.001884
ES,ESFR_imcgy,1997,0.002015
ES,ESFR_imcgy,1998,0.002142
ES,ESFR_imcgy,1999,0.002212
ES,ESFR_imcgy,2000,0.002317
ES,ESFR_imcgy,2001,0.002343
ES,ESFR_imcgy,2002,0.002453
ES,ESFR_imcgy,2003,0.002395
ES,ESFR_imcgy,2004,0.002507
ES,ESFR_imcgy,2005,0.002378
ES,ESFR_imcgy,2006,0.002285
ES,ESFR_imcgy,2007,0.002127
ES,ESFR_imcgy,2008,0.001894
ES,ESFR_imcgy,2009,0.002007
ES,ESFR_imcgy,2010,0.001874
ES,ESFR_imcgy,2011,0.002270
ES,ESFR_imcgy,2012,0.002311
ES,ESFR_imcgy,2013,0.002072
ES,ESFR_imcgy,2014,0.002163
ES,ESFR_imcgy,2015,0.001981
ES,ESFR_imcgy,2016,0.001896
ES,ESFR_imcgy,2017,0.001912
ES,ESFR_imcgy,2018,0.002026
ES,ESFR_imcgy,2019,0.002147
ES,ESFR_imcgy,2020,0.002132
ES,ESFR_imcgy,average,0.002128
ES,ESFR_imcy,1995,0.018423
ES,ESFR_imcy,1996,0.018689
ES,ESFR_imcy,1997,0.019849
ES,ESFR_imcy,1998,0.021620
ES,ESFR_imcy,1999,0.022156
ES,ESFR_imcy,2000,0.021490
ES,ESFR_imcy,2001,0.021070
ES,ESFR_imcy,2002,0.020216
ES,ESFR_imcy,2003,0.019349
ES,ESFR_imcy,2004,0.018827
ES,ESFR_imcy,2005,0.018566
ES,ESFR_imcy,2006,0.017285
ES,ESFR_imcy,2007,0.016482
ES,ESFR_imcy,2008,0.014444
ES,ESFR_imcy,2009,0.012615
ES,ESFR_imcy,2010,0.012885
ES,ESFR_imcy,2011,0.014139
ES,ESFR_imcy,2012,0.014297
ES,ESFR_imcy,2013,0.014491
ES,ESFR_imcy,2014,0.015352
ES,ESFR_imcy,2015,0.014794
ES,ESFR_imcy,2016,0.014375
ES,ESFR_imcy,2017,0.014869
ES,ESFR_imcy,2018,0.015790
ES,ESFR_imcy,2019,0.015411
ES,ESFR_imcy,2020,0.012516
ES,ESFR_imcy,average,0.016132
ES,ESFR_imigy,1995,0.000346
ES,ESFR_imigy,1996,0.000352
ES,ESFR_imigy,1997,0.000400
ES,ESFR_imigy,1998,0.000438
ES,ESFR_imigy,1999,0.000475
ES,ESFR_imigy,2000,0.000574
ES,ESFR_imigy,2001,0.000584
ES,ESFR_imigy,2002,0.000595
ES,ESFR_imigy,2003,0.000595
ES,ESFR_imigy,2004,0.000611
ES,ESFR_imigy,2005,0.000615
ES,ESFR_imigy,2006,0.000583
ES,ESFR_imigy,2007,0.000546
ES,ESFR_imigy,2008,0.000471
ES,ESFR_imigy,2009,0.000340
ES,ESFR_imigy,2010,0.000329
ES,ESFR_imigy,2011,0.000329
ES,ESFR_imigy,2012,0.000313
ES,ESFR_imigy,2013,0.000292
ES,ESFR_imigy,2014,0.000314
ES,ESFR_imigy,2015,0.000301
ES,ESFR_imigy,2016,0.000302
ES,ESFR_imigy,2017,0.000306
ES,ESFR_imigy,2018,0.000324
ES,ESFR_imigy,2019,0.000310
ES,ESFR_imigy,2020,0.000270
ES,ESFR_imigy,average,0.000404
ES,ESFR_imiy,1995,0.006901
ES,ESFR_imiy,1996,0.007350
ES,ESFR_imiy,1997,0.008405
ES,ESFR_imiy,1998,0.009529
ES,ESFR_imiy,1999,0.009807
ES,ESFR_imiy,2000,0.011582
ES,ESFR_imiy,2001,0.010489
ES,ESFR_imiy,2002,0.009738
ES,ESFR_imiy,2003,0.009678
ES,ESFR_imiy,2004,0.009771
ES,ESFR_imiy,2005,0.009782
ES,ESFR_imiy,2006,0.009343
ES,ESFR_imiy,2007,0.009119
ES,ESFR_imiy,2008,0.008177
ES,ESFR_imiy,2009,0.005026
ES,ESFR_imiy,2010,0.005597
ES,ESFR_imiy,2011,0.005990
ES,ESFR_imiy,2012,0.005906
ES,ESFR_imiy,2013,0.006179
ES,ESFR_imiy,2014,0.006695
ES,ESFR_imiy,2015,0.006988
ES,ESFR_imiy,2016,0.006757
ES,ESFR_imiy,2017,0.006888
ES,ESFR_imiy,2018,0.007246
ES,ESFR_imiy,2019,0.006432
ES,ESFR_imiy,2020,0.006213
ES,ESFR_imiy,average,0.007595
ES,ESGR_imcgy,1995,0.000021
ES,ESGR_imcgy,1996,0.000029
ES,ESGR_imcgy,1997,0.000036
ES,ESGR_imcgy,1998,0.000026
ES,ESGR_imcgy,1999,0.000028
ES,ESGR_imcgy,2000,0.000033
ES,ESGR_imcgy,2001,0.000033
ES,ESGR_imcgy,2002,0.000030
ES,ESGR_imcgy,2003,0.000050
ES,ESGR_imcgy,2004,0.000031
ES,ESGR_imcgy,2005,0.000039
ES,ESGR_imcgy,2006,0.000041
ES,ESGR_imcgy,2007,0.000061
ES,ESGR_imcgy,2008,0.000039
ES,ESGR_imcgy,2009,0.000056
ES,ESGR_imcgy,2010,0.000073
ES,ESGR_imcgy,2011,0.000064
ES,ESGR_imcgy,2012,0.000071
ES,ESGR_imcgy,2013,0.000068
ES,ESGR_imcgy,2014,0.000042
ES,ESGR_imcgy,2015,0.000041
ES,ESGR_imcgy,2016,0.000045
ES,ESGR_imcgy,2017,0.000051
ES,ESGR_imcgy,2018,0.000063
ES,ESGR_imcgy,2019,0.000062
ES,ESGR_imcgy,2020,0.000056
ES,ESGR_imcgy,average,0.000049
ES,ESGR_imcy,1995,0.000497
ES,ESGR_imcy,1996,0.000485
ES,ESGR_imcy,1997,0.000400
ES,ESGR_imcy,1998,0.000335
ES,ESGR_imcy,1999,0.000400
ES,ESGR_imcy,2000,0.000448
ES,ESGR_imcy,2001,0.000465
ES,ESGR_imcy,2002,0.000421
ES,ESGR_imcy,2003,0.000430
ES,ESGR_imcy,2004,0.000394
ES,ESGR_imcy,2005,0.000446
ES,ESGR_imcy,2006,0.000456
ES,ESGR_imcy,2007,0.000560
ES,ESGR_imcy,2008,0.000321
ES,ESGR_imcy,2009,0.000287
ES,ESGR_imcy,2010,0.000396
ES,ESGR_imcy,2011,0.000384
ES,ESGR_imcy,2012,0.000618
ES,ESGR_imcy,2013,0.000658
ES,ESGR_imcy,2014,0.000370
ES,ESGR_imcy,2015,0.000402
ES,ESGR_imcy,2016,0.000389
ES,ESGR_imcy,2017,0.000347
ES,ESGR_imcy,2018,0.000496
ES,ESGR_imcy,2019,0.000482
ES,ESGR_imcy,2020,0.000373
ES,ESGR_imcy,average,0.000433
ES,ESGR_imigy,1995,0.000004
ES,ESGR_imigy,1996,0.000004
ES,ESGR_imigy,1997,0.000004
ES,ESGR_imigy,1998,0.000003
ES,ESGR_imigy,1999,0.000004
ES,ESGR_imigy,2000,0.000006
ES,ESGR_imigy,2001,0.000007
ES,ESGR_imigy,2002,0.000007
ES,ESGR_imigy,2003,0.000008
ES,ESGR_imigy,2004,0.000009
ES,ESGR_imigy,2005,0.000009
ES,ESGR_imigy,2006,0.000011
ES,ESGR_imigy,2007,0.000011
ES,ESGR_imigy,2008,0.000007
ES,ESGR_imigy,2009,0.000005
ES,ESGR_imigy,2010,0.000005
ES,ESGR_imigy,2011,0.000004
ES,ESGR_imigy,2012,0.000004
ES,ESGR_imigy,2013,0.000004
ES,ESGR_imigy,2014,0.000003
ES,ESGR_imigy,2015,0.000004
ES,ESGR_imigy,2016,0.000003
ES,ESGR_imigy,2017,0.000003
ES,ESGR_imigy,2018,0.000004
ES,ESGR_imigy,2019,0.000004
ES,ESGR_imigy,2020,0.000004
ES,ESGR_imigy,average,0.000005
ES,ESGR_imiy,1995,0.000087
ES,ESGR_imiy,1996,0.000083
ES,ESGR_imiy,1997,0.000080
ES,ESGR_imiy,1998,0.000072
ES,ESGR_imiy,1999,0.000081
ES,ESGR_imiy,2000,0.000115
ES,ESGR_imiy,2001,0.000130
ES,ESGR_imiy,2002,0.000116
ES,ESGR_imiy,2003,0.000128
ES,ESGR_imiy,2004,0.000146
ES,ESGR_imiy,2005,0.000150
ES,ESGR_imiy,2006,0.000175
ES,ESGR_imiy,2007,0.000189
ES,ESGR_imiy,2008,0.000113
ES,ESGR_imiy,2009,0.000073
ES,ESGR_imiy,2010,0.000088
ES,ESGR_imiy,2011,0.000077
ES,ESGR_imiy,2012,0.000084
ES,ESGR_imiy,2013,0.000083
ES,ESGR_imiy,2014,0.000070
ES,ESGR_imiy,2015,0.000086
ES,ESGR_imiy,2016,0.000071
ES,ESGR_imiy,2017,0.000065
ES,ESGR_imiy,2018,0.000085
ES,ESGR_imiy,2019,0.000085
ES,ESGR_imiy,2020,0.000094
ES,ESGR_imiy,average,0.000102
ES,ESIT_imcgy,1995,0.001340
ES,ESIT_imcgy,1996,0.001365
ES,ESIT_imcgy,1997,0.001504
ES,ESIT_imcgy,1998,0.001485
ES,ESIT_imcgy,1999,0.001363
ES,ESIT_imcgy,2000,0.001363
ES,ESIT_imcgy,2001,0.001494
ES,ESIT_imcgy,2002,0.001555
ES,ESIT_imcgy,2003,0.001545
ES,ESIT_imcgy,2004,0.001640
ES,ESIT_imcgy,2005,0.001663
ES,ESIT_imcgy,2006,0.001527
ES,ESIT_imcgy,2007,0.001617
ES,ESIT_imcgy,2008,0.001403
ES,ESIT_imcgy,2009,0.001298
ES,ESIT_imcgy,2010,0.001372
ES,ESIT_imcgy,2011,0.001320
ES,ESIT_imcgy,2012,0.001175
ES,ESIT_imcgy,2013,0.001065
ES,ESIT_imcgy,2014,0.001061
ES,ESIT_imcgy,2015,0.001028
ES,ESIT_imcgy,2016,0.000997
ES,ESIT_imcgy,2017,0.001040
ES,ESIT_imcgy,2018,0.001081
ES,ESIT_imcgy,2019,0.001093
ES,ESIT_imcgy,2020,0.001116
ES,ESIT_imcgy,average,0.001306
ES,ESIT_imcy,1995,0.010409
ES,ESIT_imcy,1996,0.010685
ES,ESIT_imcy,1997,0.011343
ES,ESIT_imcy,1998,0.011916
ES,ESIT_imcy,1999,0.011769
ES,ESIT_imcy,2000,0.011940
ES,ESIT_imcy,2001,0.012242
ES,ESIT_imcy,2002,0.011645
ES,ESIT_imcy,2003,0.011709
ES,ESIT_imcy,2004,0.012128
ES,ESIT_imcy,2005,0.011692
ES,ESIT_imcy,2006,0.011538
ES,ESIT_imcy,2007,0.012202
ES,ESIT_imcy,2008,0.010458
ES,ESIT_imcy,2009,0.008432
ES,ESIT_imcy,2010,0.008873
ES,ESIT_imcy,2011,0.008273
ES,ESIT_imcy,2012,0.007638
ES,ESIT_imcy,2013,0.007071
ES,ESIT_imcy,2014,0.007243
ES,ESIT_imcy,2015,0.007570
ES,ESIT_imcy,2016,0.007944
ES,ESIT_imcy,2017,0.008425
ES,ESIT_imcy,2018,0.008384
ES,ESIT_imcy,2019,0.007800
ES,ESIT_imcy,2020,0.006777
ES,ESIT_imcy,average,0.009507
ES,ESIT_imigy,1995,0.000263
ES,ESIT_imigy,1996,0.000266
ES,ESIT_imigy,1997,0.000286
ES,ESIT_imigy,1998,0.000320
ES,ESIT_imigy,1999,0.000331
ES,ESIT_imigy,2000,0.000372
ES,ESIT_imigy,2001,0.000397
ES,ESIT_imigy,2002,0.000394
ES,ESIT_imigy,2003,0.000407
ES,ESIT_imigy,2004,0.000451
ES,ESIT_imigy,2005,0.000453
ES,ESIT_imigy,2006,0.000449
ES,ESIT_imigy,2007,0.000465
ES,ESIT_imigy,2008,0.000371
ES,ESIT_imigy,2009,0.000277
ES,ESIT_imigy,2010,0.000253
ES,ESIT_imigy,2011,0.000236
ES,ESIT_imigy,2012,0.000216
ES,ESIT_imigy,2013,0.000184
ES,ESIT_imigy,2014,0.000196
ES,ESIT_imigy,2015,0.000191
ES,ESIT_imigy,2016,0.000188
ES,ESIT_imigy,2017,0.000192
ES,ESIT_imigy,2018,0.000206
ES,ESIT_imigy,2019,0.000224
ES,ESIT_imigy,2020,0.000200
ES,ESIT_imigy,average,0.000289
ES,ESIT_imiy,1995,0.005251
ES,ESIT_imiy,1996,0.005568
ES,ESIT_imiy,1997,0.006012
ES,ESIT_imiy,1998,0.006968
ES,ESIT_imiy,1999,0.006836
ES,ESIT_imiy,2000,0.007513
ES,ESIT_imiy,2001,0.007138
ES,ESIT_imiy,2002,0.006449
ES,ESIT_imiy,2003,0.006625
ES,ESIT_imiy,2004,0.007207
ES,ESIT_imiy,2005,0.007203
ES,ESIT_imiy,2006,0.007196
ES,ESIT_imiy,2007,0.007761
ES,ESIT_imiy,2008,0.006442
ES,ESIT_imiy,2009,0.004101
ES,ESIT_imiy,2010,0.004306
ES,ESIT_imiy,2011,0.004298
ES,ESIT_imiy,2012,0.004083
ES,ESIT_imiy,2013,0.003897
ES,ESIT_imiy,2014,0.004170
ES,ESIT_imiy,2015,0.004444
ES,ESIT_imiy,2016,0.004208
ES,ESIT_imiy,2017,0.004329
ES,ESIT_imiy,2018,0.004622
ES,ESIT_imiy,2019,0.004646
ES,ESIT_imiy,2020,0.004592
ES,ESIT_imiy,average,0.005430
ES,ESNL_imcgy,1995,0.000551
ES,ESNL_imcgy,1996,0.000507
ES,ESNL_imcgy,1997,0.000473
ES,ESNL_imcgy,1998,0.000510
ES,ESNL_imcgy,1999,0.000536
ES,ESNL_imcgy,2000,0.000571
ES,ESNL_imcgy,2001,0.000545
ES,ESNL_imcgy,2002,0.000549
ES,ESNL_imcgy,2003,0.000588
ES,ESNL_imcgy,2004,0.000596
ES,ESNL_imcgy,2005,0.000651
ES,ESNL_imcgy,2006,0.000618
ES,ESNL_imcgy,2007,0.000607
ES,ESNL_imcgy,2008,0.000562
ES,ESNL_imcgy,2009,0.000615
ES,ESNL_imcgy,2010,0.000632
ES,ESNL_imcgy,2011,0.000586
ES,ESNL_imcgy,2012,0.000612
ES,ESNL_imcgy,2013,0.000558
ES,ESNL_imcgy,2014,0.000582
ES,ESNL_imcgy,2015,0.000646
ES,ESNL_imcgy,2016,0.000627
ES,ESNL_imcgy,2017,0.000627
ES,ESNL_imcgy,2018,0.000658
ES,ESNL_imcgy,2019,0.000733
ES,ESNL_imcgy,2020,0.000740
ES,ESNL_imcgy,average,0.000607
ES,ESNL_imcy,1995,0.005211
ES,ESNL_imcy,1996,0.004587
ES,ESNL_imcy,1997,0.004596
ES,ESNL_imcy,1998,0.004727
ES,ESNL_imcy,1999,0.004962
ES,ESNL_imcy,2000,0.004671
ES,ESNL_imcy,2001,0.004622
ES,ESNL_imcy,2002,0.004672
ES,ESNL_imcy,2003,0.004708
ES,ESNL_imcy,2004,0.004523
ES,ESNL_imcy,2005,0.004414
ES,ESNL_imcy,2006,0.004130
ES,ESNL_imcy,2007,0.004047
ES,ESNL_imcy,2008,0.003637
ES,ESNL_imcy,2009,0.003702
ES,ESNL_imcy,2010,0.003460
ES,ESNL_imcy,2011,0.003375
ES,ESNL_imcy,2012,0.003760
ES,ESNL_imcy,2013,0.003484
ES,ESNL_imcy,2014,0.003675
ES,ESNL_imcy,2015,0.004110
ES,ESNL_imcy,2016,0.004150
ES,ESNL_imcy,2017,0.004222
ES,ESNL_imcy,2018,0.004212
ES,ESNL_imcy,2019,0.004302
ES,ESNL_imcy,2020,0.003914
ES,ESNL_imcy,average,0.004096
ES,ESNL_imigy,1995,0.000079
ES,ESNL_imigy,1996,0.000069
ES,ESNL_imigy,1997,0.000074
ES,ESNL_imigy,1998,0.000078
ES,ESNL_imigy,1999,0.000092
ES,ESNL_imigy,2000,0.000104
ES,ESNL_imigy,2001,0.000108
ES,ESNL_imigy,2002,0.000116
ES,ESNL_imigy,2003,0.000123
ES,ESNL_imigy,2004,0.000119
ES,ESNL_imigy,2005,0.000131
ES,ESNL_imigy,2006,0.000134
ES,ESNL_imigy,2007,0.000120
ES,ESNL_imigy,2008,0.000109
ES,ESNL_imigy,2009,0.000112
ES,ESNL_imigy,2010,0.000093
ES,ESNL_imigy,2011,0.000079
ES,ESNL_imigy,2012,0.000080
ES,ESNL_imigy,2013,0.000069
ES,ESNL_imigy,2014,0.000072
ES,ESNL_imigy,2015,0.000079
ES,ESNL_imigy,2016,0.000078
ES,ESNL_imigy,2017,0.000075
ES,ESNL_imigy,2018,0.000080
ES,ESNL_imigy,2019,0.000090
ES,ESNL_imigy,2020,0.000075
ES,ESNL_imigy,average,0.000094
ES,ESNL_imiy,1995,0.001575
ES,ESNL_imiy,1996,0.001440
ES,ESNL_imiy,1997,0.001545
ES,ESNL_imiy,1998,0.001694
ES,ESNL_imiy,1999,0.001894
ES,ESNL_imiy,2000,0.002097
ES,ESNL_imiy,2001,0.001932
ES,ESNL_imiy,2002,0.001896
ES,ESNL_imiy,2003,0.002005
ES,ESNL_imiy,2004,0.001898
ES,ESNL_imiy,2005,0.002083
ES,ESNL_imiy,2006,0.002140
ES,ESNL_imiy,2007,0.001997
ES,ESNL_imiy,2008,0.001893
ES,ESNL_imiy,2009,0.001660
ES,ESNL_imiy,2010,0.001581
ES,ESNL_imiy,2011,0.001443
ES,ESNL_imiy,2012,0.001504
ES,ESNL_imiy,2013,0.001455
ES,ESNL_imiy,2014,0.001539
ES,ESNL_imiy,2015,0.001840
ES,ESNL_imiy,2016,0.001747
ES,ESNL_imiy,2017,0.001688
ES,ESNL_imiy,2018,0.001793
ES,ESNL_imiy,2019,0.001875
ES,ESNL_imiy,2020,0.001720
ES,ESNL_imiy,average,0.001763
ES,ESPT_imcgy,1995,0.000319
ES,ESPT_imcgy,1996,0.000295
ES,ESPT_imcgy,1997,0.000283
ES,ESPT_imcgy,1998,0.000303
ES,ESPT_imcgy,1999,0.000322
ES,ESPT_imcgy,2000,0.000391
ES,ESPT_imcgy,2001,0.000379
ES,ESPT_imcgy,2002,0.000397
ES,ESPT_imcgy,2003,0.000427
ES,ESPT_imcgy,2004,0.000468
ES,ESPT_imcgy,2005,0.000474
ES,ESPT_imcgy,2006,0.000484
ES,ESPT_imcgy,2007,0.000505
ES,ESPT_imcgy,2008,0.000488
ES,ESPT_imcgy,2009,0.000478
ES,ESPT_imcgy,2010,0.000542
ES,ESPT_imcgy,2011,0.000608
ES,ESPT_imcgy,2012,0.000527
ES,ESPT_imcgy,2013,0.000592
ES,ESPT_imcgy,2014,0.000564
ES,ESPT_imcgy,2015,0.000533
ES,ESPT_imcgy,2016,0.000545
ES,ESPT_imcgy,2017,0.000558
ES,ESPT_imcgy,2018,0.000583
ES,ESPT_imcgy,2019,0.000618
ES,ESPT_imcgy,2020,0.000643
ES,ESPT_imcgy,average,0.000502
ES,ESPT_imcy,1995,0.003885
ES,ESPT_imcy,1996,0.003924
ES,ESPT_imcy,1997,0.003938
ES,ESPT_imcy,1998,0.004127
ES,ESPT_imcy,1999,0.004248
ES,ESPT_imcy,2000,0.004467
ES,ESPT_imcy,2001,0.004425
ES,ESPT_imcy,2002,0.004638
ES,ESPT_imcy,2003,0.004715
ES,ESPT_imcy,2004,0.004957
ES,ESPT_imcy,2005,0.004946
ES,ESPT_imcy,2006,0.004923
ES,ESPT_imcy,2007,0.004781
ES,ESPT_imcy,2008,0.004497
ES,ESPT_imcy,2009,0.004296
ES,ESPT_imcy,2010,0.004681
ES,ESPT_imcy,2011,0.005293
ES,ESPT_imcy,2012,0.004810
ES,ESPT_imcy,2013,0.005565
ES,ESPT_imcy,2014,0.005471
ES,ESPT_imcy,2015,0.005580
ES,ESPT_imcy,2016,0.005691
ES,ESPT_imcy,2017,0.005707
ES,ESPT_imcy,2018,0.005878
ES,ESPT_imcy,2019,0.005577
ES,ESPT_imcy,2020,0.004819
ES,ESPT_imcy,average,0.004951
ES,ESPT_imigy,1995,0.000061
ES,ESPT_imigy,1996,0.000060
ES,ESPT_imigy,1997,0.000062
ES,ESPT_imigy,1998,0.000065
ES,ESPT_imigy,1999,0.000077
ES,ESPT_imigy,2000,0.000085
ES,ESPT_imigy,2001,0.000093
ES,ESPT_imigy,2002,0.000107
ES,ESPT_imigy,2003,0.000121
ES,ESPT_imigy,2004,0.000127
ES,ESPT_imigy,2005,0.000133
ES,ESPT_imigy,2006,0.000141
ES,ESPT_imigy,2007,0.000130
ES,ESPT_imigy,2008,0.000120
ES,ESPT_imigy,2009,0.000100
ES,ESPT_imigy,2010,0.000096
ES,ESPT_imigy,2011,0.000096
ES,ESPT_imigy,2012,0.000078
ES,ESPT_imigy,2013,0.000073
ES,ESPT_imigy,2014,0.000078
ES,ESPT_imigy,2015,0.000072
ES,ESPT_imigy,2016,0.000077
ES,ESPT_imigy,2017,0.000077
ES,ESPT_imigy,2018,0.000087
ES,ESPT_imigy,2019,0.000094
ES,ESPT_imigy,2020,0.000090
ES,ESPT_imigy,average,0.000095
ES,ESPT_imiy,1995,0.001222
ES,ESPT_imiy,1996,0.001263
ES,ESPT_imiy,1997,0.001302
ES,ESPT_imiy,1998,0.001420
ES,ESPT_imiy,1999,0.001582
ES,ESPT_imiy,2000,0.001718
ES,ESPT_imiy,2001,0.001670
ES,ESPT_imiy,2002,0.001745
ES,ESPT_imiy,2003,0.001965
ES,ESPT_imiy,2004,0.002035
ES,ESPT_imiy,2005,0.002108
ES,ESPT_imiy,2006,0.002264
ES,ESPT_imiy,2007,0.002171
ES,ESPT_imiy,2008,0.002079
ES,ESPT_imiy,2009,0.001480
ES,ESPT_imiy,2010,0.001628
ES,ESPT_imiy,2011,0.001738
ES,ESPT_imiy,2012,0.001478
ES,ESPT_imiy,2013,0.001538
ES,ESPT_imiy,2014,0.001664
ES,ESPT_imiy,2015,0.001671
ES,ESPT_imiy,2016,0.001730
ES,ESPT_imiy,2017,0.001743
ES,ESPT_imiy,2018,0.001948
ES,ESPT_imiy,2019,0.001943
ES,ESPT_imiy,2020,0.002069
ES,ESPT_imiy,average,0.001784
ES,ESRA_imcgy,1995,0.000273
ES,ESRA_imcgy,1996,0.000260
ES,ESRA_imcgy,1997,0.000396
ES,ESRA_imcgy,1998,0.000524
ES,ESRA_imcgy,1999,0.000617
ES,ESRA_imcgy,2000,0.000678
ES,ESRA_imcgy,2001,0.000655
ES,ESRA_imcgy,2002,0.000626
ES,ESRA_imcgy,2003,0.000637
ES,ESRA_imcgy,2004,0.000734
ES,ESRA_imcgy,2005,0.000831
ES,ESRA_imcgy,2006,0.000863
ES,ESRA_imcgy,2007,0.000998
ES,ESRA_imcgy,2008,0.001076
ES,ESRA_imcgy,2009,0.001463
ES,ESRA_imcgy,2010,0.001237
ES,ESRA_imcgy,2011,0.001044
ES,ESRA_imcgy,2012,0.001001
ES,ESRA_imcgy,2013,0.001271
ES,ESRA_imcgy,2014,0.001390
ES,ESRA_imcgy,2015,0.001640
ES,ESRA_imcgy,2016,0.001279
ES,ESRA_imcgy,2017,0.001054
ES,ESRA_imcgy,2018,0.001152
ES,ESRA_imcgy,2019,0.001135
ES,ESRA_imcgy,2020,0.001346
ES,ESRA_imcgy,average,0.001020
ES,ESRA_imcy,1995,0.001779
ES,ESRA_imcy,1996,0.001721
ES,ESRA_imcy,1997,0.002385
ES,ESRA_imcy,1998,0.002792
ES,ESRA_imcy,1999,0.002887
ES,ESRA_imcy,2000,0.003357
ES,ESRA_imcy,2001,0.003296
ES,ESRA_imcy,2002,0.003089
ES,ESRA_imcy,2003,0.003176
ES,ESRA_imcy,2004,0.003616
ES,ESRA_imcy,2005,0.004011
ES,ESRA_imcy,2006,0.004284
ES,ESRA_imcy,2007,0.004145
ES,ESRA_imcy,2008,0.003812
ES,ESRA_imcy,2009,0.004071
ES,ESRA_imcy,2010,0.004094
ES,ESRA_imcy,2011,0.003637
ES,ESRA_imcy,2012,0.003627
ES,ESRA_imcy,2013,0.003639
ES,ESRA_imcy,2014,0.003984
ES,ESRA_imcy,2015,0.004825
ES,ESRA_imcy,2016,0.004501
ES,ESRA_imcy,2017,0.004521
ES,ESRA_imcy,2018,0.004429
ES,ESRA_imcy,2019,0.004566
ES,ESRA_imcy,2020,0.005220
ES,ESRA_imcy,average,0.003867
ES,ESRA_imigy,1995,0.000033
ES,ESRA_imigy,1996,0.000031
ES,ESRA_imigy,1997,0.000039
ES,ESRA_imigy,1998,0.000049
ES,ESRA_imigy,1999,0.000062
ES,ESRA_imigy,2000,0.000079
ES,ESRA_imigy,2001,0.000083
ES,ESRA_imigy,2002,0.000088
ES,ESRA_imigy,2003,0.000089
ES,ESRA_imigy,2004,0.000101
ES,ESRA_imigy,2005,0.000120
ES,ESRA_imigy,2006,0.000139
ES,ESRA_imigy,2007,0.000119
ES,ESRA_imigy,2008,0.000120
ES,ESRA_imigy,2009,0.000129
ES,ESRA_imigy,2010,0.000113
ES,ESRA_imigy,2011,0.000097
ES,ESRA_imigy,2012,0.000095
ES,ESRA_imigy,2013,0.000092
ES,ESRA_imigy,2014,0.000101
ES,ESRA_imigy,2015,0.000113
ES,ESRA_imigy,2016,0.000126
ES,ESRA_imigy,2017,0.000136
ES,ESRA_imigy,2018,0.000151
ES,ESRA_imigy,2019,0.000178
ES,ESRA_imigy,2020,0.000177
ES,ESRA_imigy,average,0.000114
ES,ESRA_imiy,1995,0.000655
ES,ESRA_imiy,1996,0.000643
ES,ESRA_imiy,1997,0.000828
ES,ESRA_imiy,1998,0.001061
ES,ESRA_imiy,1999,0.001275
ES,ESRA_imiy,2000,0.001598
ES,ESRA_imiy,2001,0.001500
ES,ESRA_imiy,2002,0.001440
ES,ESRA_imiy,2003,0.001446
ES,ESRA_imiy,2004,0.001623
ES,ESRA_imiy,2005,0.001904
ES,ESRA_imiy,2006,0.002222
ES,ESRA_imiy,2007,0.001981
ES,ESRA_imiy,2008,0.002078
ES,ESRA_imiy,2009,0.001908
ES,ESRA_imiy,2010,0.001930
ES,ESRA_imiy,2011,0.001766
ES,ESRA_imiy,2012,0.001793
ES,ESRA_imiy,2013,0.001955
ES,ESRA_imiy,2014,0.002147
ES,ESRA_imiy,2015,0.002613
ES,ESRA_imiy,2016,0.002817
ES,ESRA_imiy,2017,0.003052
ES,ESRA_imiy,2018,0.003383
ES,ESRA_imiy,2019,0.003695
ES,ESRA_imiy,2020,0.004071
ES,ESRA_imiy,average,0.002139
ES,ESRU_imcgy,1995,0.000596
ES,ESRU_imcgy,1996,0.000619
ES,ESRU_imcgy,1997,0.000662
ES,ESRU_imcgy,1998,0.000661
ES,ESRU_imcgy,1999,0.000873
ES,ESRU_imcgy,2000,0.000761
ES,ESRU_imcgy,2001,0.000783
ES,ESRU_imcgy,2002,0.000845
ES,ESRU_imcgy,2003,0.000974
ES,ESRU_imcgy,2004,0.000873
ES,ESRU_imcgy,2005,0.000922
ES,ESRU_imcgy,2006,0.000940
ES,ESRU_imcgy,2007,0.001038
ES,ESRU_imcgy,2008,0.000938
ES,ESRU_imcgy,2009,0.000976
ES,ESRU_imcgy,2010,0.001137
ES,ESRU_imcgy,2011,0.001086
ES,ESRU_imcgy,2012,0.000976
ES,ESRU_imcgy,2013,0.001043
ES,ESRU_imcgy,2014,0.001293
ES,ESRU_imcgy,2015,0.001247
ES,ESRU_imcgy,2016,0.001303
ES,ESRU_imcgy,2017,0.001311
ES,ESRU_imcgy,2018,0.001104
ES,ESRU_imcgy,2019,0.001242
ES,ESRU_imcgy,2020,0.001397
ES,ESRU_imcgy,average,0.001033
ES,ESRU_imcy,1995,0.003968
ES,ESRU_imcy,1996,0.003909
ES,ESRU_imcy,1997,0.004033
ES,ESRU_imcy,1998,0.004228
ES,ESRU_imcy,1999,0.004954
ES,ESRU_imcy,2000,0.004764
ES,ESRU_imcy,2001,0.004767
ES,ESRU_imcy,2002,0.004949
ES,ESRU_imcy,2003,0.005089
ES,ESRU_imcy,2004,0.005507
ES,ESRU_imcy,2005,0.005632
ES,ESRU_imcy,2006,0.006017
ES,ESRU_imcy,2007,0.006234
ES,ESRU_imcy,2008,0.005588
ES,ESRU_imcy,2009,0.005634
ES,ESRU_imcy,2010,0.006006
ES,ESRU_imcy,2011,0.005687
ES,ESRU_imcy,2012,0.005538
ES,ESRU_imcy,2013,0.005794
ES,ESRU_imcy,2014,0.006441
ES,ESRU_imcy,2015,0.006876
ES,ESRU_imcy,2016,0.007274
ES,ESRU_imcy,2017,0.007592
ES,ESRU_imcy,2018,0.007475
ES,ESRU_imcy,2019,0.007551
ES,ESRU_imcy,2020,0.007319
ES,ESRU_imcy,average,0.005969
ES,ESRU_imigy,1995,0.000094
ES,ESRU_imigy,1996,0.000097
ES,ESRU_imigy,1997,0.000105
ES,ESRU_imigy,1998,0.000114
ES,ESRU_imigy,1999,0.000156
ES,ESRU_imigy,2000,0.000148
ES,ESRU_imigy,2001,0.000151
ES,ESRU_imigy,2002,0.000169
ES,ESRU_imigy,2003,0.000190
ES,ESRU_imigy,2004,0.000211
ES,ESRU_imigy,2005,0.000227
ES,ESRU_imigy,2006,0.000251
ES,ESRU_imigy,2007,0.000276
ES,ESRU_imigy,2008,0.000240
ES,ESRU_imigy,2009,0.000224
ES,ESRU_imigy,2010,0.000220
ES,ESRU_imigy,2011,0.000204
ES,ESRU_imigy,2012,0.000181
ES,ESRU_imigy,2013,0.000172
ES,ESRU_imigy,2014,0.000181
ES,ESRU_imigy,2015,0.000182
ES,ESRU_imigy,2016,0.000188
ES,ESRU_imigy,2017,0.000188
ES,ESRU_imigy,2018,0.000209
ES,ESRU_imigy,2019,0.000215
ES,ESRU_imigy,2020,0.000198
ES,ESRU_imigy,average,0.000197
ES,ESRU_imiy,1995,0.001870
ES,ESRU_imiy,1996,0.002033
ES,ESRU_imiy,1997,0.002211
ES,ESRU_imiy,1998,0.002477
ES,ESRU_imiy,1999,0.003219
ES,ESRU_imiy,2000,0.002988
ES,ESRU_imiy,2001,0.002711
ES,ESRU_imiy,2002,0.002774
ES,ESRU_imiy,2003,0.003090
ES,ESRU_imiy,2004,0.003380
ES,ESRU_imiy,2005,0.003612
ES,ESRU_imiy,2006,0.004014
ES,ESRU_imiy,2007,0.004608
ES,ESRU_imiy,2008,0.004161
ES,ESRU_imiy,2009,0.003316
ES,ESRU_imiy,2010,0.003739
ES,ESRU_imiy,2011,0.003713
ES,ESRU_imiy,2012,0.003413
ES,ESRU_imiy,2013,0.003638
ES,ESRU_imiy,2014,0.003858
ES,ESRU_imiy,2015,0.004234
ES,ESRU_imiy,2016,0.004201
ES,ESRU_imiy,2017,0.004232
ES,ESRU_imiy,2018,0.004675
ES,ESRU_imiy,2019,0.004466
ES,ESRU_imiy,2020,0.004557
ES,ESRU_imiy,average,0.003708
ES,ESRW_imcgy,1995,0.005068
ES,ESRW_imcgy,1996,0.005203
ES,ESRW_imcgy,1997,0.005346
ES,ESRW_imcgy,1998,0.005333
ES,ESRW_imcgy,1999,0.005672
ES,ESRW_imcgy,2000,0.006856
ES,ESRW_imcgy,2001,0.006927
ES,ESRW_imcgy,2002,0.006834
ES,ESRW_imcgy,2003,0.006696
ES,ESRW_imcgy,2004,0.007279
ES,ESRW_imcgy,2005,0.007958
ES,ESRW_imcgy,2006,0.008337
ES,ESRW_imcgy,2007,0.008210
ES,ESRW_imcgy,2008,0.008048
ES,ESRW_imcgy,2009,0.007504
ES,ESRW_imcgy,2010,0.008937
ES,ESRW_imcgy,2011,0.009706
ES,ESRW_imcgy,2012,0.009657
ES,ESRW_imcgy,2013,0.008973
ES,ESRW_imcgy,2014,0.009152
ES,ESRW_imcgy,2015,0.008016
ES,ESRW_imcgy,2016,0.008100
ES,ESRW_imcgy,2017,0.008113
ES,ESRW_imcgy,2018,0.008405
ES,ESRW_imcgy,2019,0.008887
ES,ESRW_imcgy,2020,0.009294
ES,ESRW_imcgy,average,0.008002
ES,ESRW_imcy,1995,0.043153
ES,ESRW_imcy,1996,0.044820
ES,ESRW_imcy,1997,0.048338
ES,ESRW_imcy,1998,0.046241
ES,ESRW_imcy,1999,0.050465
ES,ESRW_imcy,2000,0.058598
ES,ESRW_imcy,2001,0.056572
ES,ESRW_imcy,2002,0.053362
ES,ESRW_imcy,2003,0.050610
ES,ESRW_imcy,2004,0.053205
ES,ESRW_imcy,2005,0.058233
ES,ESRW_imcy,2006,0.061401
ES,ESRW_imcy,2007,0.060027
ES,ESRW_imcy,2008,0.060726
ES,ESRW_imcy,2009,0.052093
ES,ESRW_imcy,2010,0.060160
ES,ESRW_imcy,2011,0.065018
ES,ESRW_imcy,2012,0.067441
ES,ESRW_imcy,2013,0.065428
ES,ESRW_imcy,2014,0.065542
ES,ESRW_imcy,2015,0.062513
ES,ESRW_imcy,2016,0.061235
ES,ESRW_imcy,2017,0.065645
ES,ESRW_imcy,2018,0.067052
ES,ESRW_imcy,2019,0.064931
ES,ESRW_imcy,2020,0.057987
ES,ESRW_imcy,average,0.059345
ES,ESRW_imigy,1995,0.000702
ES,ESRW_imigy,1996,0.000698
ES,ESRW_imigy,1997,0.000775
ES,ESRW_imigy,1998,0.000792
ES,ESRW_imigy,1999,0.000902
ES,ESRW_imigy,2000,0.001056
ES,ESRW_imigy,2001,0.001143
ES,ESRW_imigy,2002,0.001170
ES,ESRW_imigy,2003,0.001174
ES,ESRW_imigy,2004,0.001291
ES,ESRW_imigy,2005,0.001456
ES,ESRW_imigy,2006,0.001544
ES,ESRW_imigy,2007,0.001503
ES,ESRW_imigy,2008,0.001395
ES,ESRW_imigy,2009,0.001070
ES,ESRW_imigy,2010,0.001145
ES,ESRW_imigy,2011,0.001045
ES,ESRW_imigy,2012,0.000995
ES,ESRW_imigy,2013,0.000841
ES,ESRW_imigy,2014,0.000876
ES,ESRW_imigy,2015,0.000863
ES,ESRW_imigy,2016,0.000854
ES,ESRW_imigy,2017,0.000903
ES,ESRW_imigy,2018,0.000952
ES,ESRW_imigy,2019,0.001078
ES,ESRW_imigy,2020,0.000979
ES,ESRW_imigy,average,0.001074
ES,ESRW_imiy,1995,0.014000
ES,ESRW_imiy,1996,0.014588
ES,ESRW_imiy,1997,0.016269
ES,ESRW_imiy,1998,0.017241
ES,ESRW_imiy,1999,0.018605
ES,ESRW_imiy,2000,0.021301
ES,ESRW_imiy,2001,0.020538
ES,ESRW_imiy,2002,0.019154
ES,ESRW_imiy,2003,0.019104
ES,ESRW_imiy,2004,0.020641
ES,ESRW_imiy,2005,0.023141
ES,ESRW_imiy,2006,0.024741
ES,ESRW_imiy,2007,0.025095
ES,ESRW_imiy,2008,0.024208
ES,ESRW_imiy,2009,0.015836
ES,ESRW_imiy,2010,0.019499
ES,ESRW_imiy,2011,0.019020
ES,ESRW_imiy,2012,0.018783
ES,ESRW_imiy,2013,0.017814
ES,ESRW_imiy,2014,0.018674
ES,ESRW_imiy,2015,0.020039
ES,ESRW_imiy,2016,0.019100
ES,ESRW_imiy,2017,0.020309
ES,ESRW_imiy,2018,0.021319
ES,ESRW_imiy,2019,0.022360
ES,ESRW_imiy,2020,0.022512
ES,ESRW_imiy,average,0.020206
ES,ESUS_imcgy,1995,0.001469
ES,ESUS_imcgy,1996,0.001337
ES,ESUS_imcgy,1997,0.001415
ES,ESUS_imcgy,1998,0.001442
ES,ESUS_imcgy,1999,0.001595
ES,ESUS_imcgy,2000,0.001680
ES,ESUS_imcgy,2001,0.001495
ES,ESUS_imcgy,2002,0.001457
ES,ESUS_imcgy,2003,0.001443
ES,ESUS_imcgy,2004,0.001618
ES,ESUS_imcgy,2005,0.001430
ES,ESUS_imcgy,2006,0.001414
ES,ESUS_imcgy,2007,0.001513
ES,ESUS_imcgy,2008,0.002056
ES,ESUS_imcgy,2009,0.002534
ES,ESUS_imcgy,2010,0.002561
ES,ESUS_imcgy,2011,0.002448
ES,ESUS_imcgy,2012,0.002356
ES,ESUS_imcgy,2013,0.002406
ES,ESUS_imcgy,2014,0.002311
ES,ESUS_imcgy,2015,0.003180
ES,ESUS_imcgy,2016,0.003050
ES,ESUS_imcgy,2017,0.002529
ES,ESUS_imcgy,2018,0.002299
ES,ESUS_imcgy,2019,0.002458
ES,ESUS_imcgy,2020,0.002417
ES,ESUS_imcgy,average,0.002102
ES,ESUS_imcy,1995,0.008586
ES,ESUS_imcy,1996,0.007918
ES,ESUS_imcy,1997,0.008917
ES,ESUS_imcy,1998,0.008703
ES,ESUS_imcy,1999,0.008296
ES,ESUS_imcy,2000,0.009048
ES,ESUS_imcy,2001,0.008196
ES,ESUS_imcy,2002,0.007430
ES,ESUS_imcy,2003,0.006575
ES,ESUS_imcy,2004,0.006446
ES,ESUS_imcy,2005,0.005939
ES,ESUS_imcy,2006,0.006067
ES,ESUS_imcy,2007,0.006264
ES,ESUS_imcy,2008,0.007000
ES,ESUS_imcy,2009,0.006050
ES,ESUS_imcy,2010,0.006944
ES,ESUS_imcy,2011,0.008023
ES,ESUS_imcy,2012,0.007109
ES,ESUS_imcy,2013,0.007335
ES,ESUS_imcy,2014,0.007587
ES,ESUS_imcy,2015,0.008608
ES,ESUS_imcy,2016,0.008280
ES,ESUS_imcy,2017,0.007843
ES,ESUS_imcy,2018,0.007456
ES,ESUS_imcy,2019,0.008035
ES,ESUS_imcy,2020,0.006648
ES,ESUS_imcy,average,0.007340
ES,ESUS_imigy,1995,0.000175
ES,ESUS_imigy,1996,0.000165
ES,ESUS_imigy,1997,0.000178
ES,ESUS_imigy,1998,0.000187
ES,ESUS_imigy,1999,0.000214
ES,ESUS_imigy,2000,0.000252
ES,ESUS_imigy,2001,0.000213
ES,ESUS_imigy,2002,0.000196
ES,ESUS_imigy,2003,0.000172
ES,ESUS_imigy,2004,0.000172
ES,ESUS_imigy,2005,0.000185
ES,ESUS_imigy,2006,0.000203
ES,ESUS_imigy,2007,0.000180
ES,ESUS_imigy,2008,0.000167
ES,ESUS_imigy,2009,0.000147
ES,ESUS_imigy,2010,0.000148
ES,ESUS_imigy,2011,0.000131
ES,ESUS_imigy,2012,0.000121
ES,ESUS_imigy,2013,0.000112
ES,ESUS_imigy,2014,0.000110
ES,ESUS_imigy,2015,0.000117
ES,ESUS_imigy,2016,0.000128
ES,ESUS_imigy,2017,0.000133
ES,ESUS_imigy,2018,0.000112
ES,ESUS_imigy,2019,0.000147
ES,ESUS_imigy,2020,0.000119
ES,ESUS_imigy,average,0.000154
ES,ESUS_imiy,1995,0.003490
ES,ESUS_imiy,1996,0.003453
ES,ESUS_imiy,1997,0.003736
ES,ESUS_imiy,1998,0.004078
ES,ESUS_imiy,1999,0.004425
ES,ESUS_imiy,2000,0.005089
ES,ESUS_imiy,2001,0.003819
ES,ESUS_imiy,2002,0.003211
ES,ESUS_imiy,2003,0.002801
ES,ESUS_imiy,2004,0.002753
ES,ESUS_imiy,2005,0.002948
ES,ESUS_imiy,2006,0.003244
ES,ESUS_imiy,2007,0.003006
ES,ESUS_imiy,2008,0.002894
ES,ESUS_imiy,2009,0.002175
ES,ESUS_imiy,2010,0.002516
ES,ESUS_imiy,2011,0.002391
ES,ESUS_imiy,2012,0.002276
ES,ESUS_imiy,2013,0.002377
ES,ESUS_imiy,2014,0.002340
ES,ESUS_imiy,2015,0.002725
ES,ESUS_imiy,2016,0.002861
ES,ESUS_imiy,2017,0.002985
ES,ESUS_imiy,2018,0.002508
ES,ESUS_imiy,2019,0.003054
ES,ESUS_imiy,2020,0.002743
ES,ESUS_imiy,average,0.002904
ES,debt,1995,2.4635
ES,debt,1996,2.6177
ES,debt,1997,2.5715
ES,debt,1998,2.4942
ES,debt,1999,2.4341
ES,debt,2000,2.3136
ES,debt,2001,2.1621
ES,debt,2002,2.0495
ES,debt,2003,1.9075
ES,debt,2004,1.8133
ES,debt,2005,1.6958
ES,debt,2006,1.5608
ES,debt,2007,1.4279
ES,debt,2008,1.5844
ES,debt,2009,2.1232
ES,debt,2010,2.4106
ES,debt,2011,2.7811
ES,debt,2012,3.5824
ES,debt,2013,4.0000
ES,debt,2014,4.1767
ES,debt,2015,4.0977
ES,debt,2016,4.0787
ES,debt,2017,4.0458
ES,debt,2018,3.9887
ES,debt,2019,3.9032
ES,debt,2020,4.7672
ES,debt,average,2.8097
ES,imcgy,1995,0.014141
ES,imcgy,1996,0.013934
ES,imcgy,1997,0.014789
ES,imcgy,1998,0.015041
ES,imcgy,1999,0.015927
ES,imcgy,2000,0.017481
ES,imcgy,2001,0.017546
ES,imcgy,2002,0.017728
ES,imcgy,2003,0.017668
ES,imcgy,2004,0.018871
ES,imcgy,2005,0.019421
ES,imcgy,2006,0.019420
ES,imcgy,2007,0.019753
ES,imcgy,2008,0.019440
ES,imcgy,2009,0.019837
ES,imcgy,2010,0.021341
ES,imcgy,2011,0.022192
ES,imcgy,2012,0.021584
ES,imcgy,2013,0.020874
ES,imcgy,2014,0.021559
ES,imcgy,2015,0.021186
ES,imcgy,2016,0.020936
ES,imcgy,2017,0.020623
ES,imcgy,2018,0.020582
ES,imcgy,2019,0.021763
ES,imcgy,2020,0.022379
ES,imcgy,average,0.019742
ES,imcy,1995,0.114601
ES,imcy,1996,0.114673
ES,imcy,1997,0.123017
ES,imcy,1998,0.125317
ES,imcy,1999,0.132089
ES,imcy,2000,0.140013
ES,imcy,2001,0.137085
ES,imcy,2002,0.131043
ES,imcy,2003,0.126472
ES,imcy,2004,0.130448
ES,imcy,2005,0.133146
ES,imcy,2006,0.135502
ES,imcy,2007,0.135085
ES,imcy,2008,0.128294
ES,imcy,2009,0.112062
ES,imcy,2010,0.122379
ES,imcy,2011,0.128745
ES,imcy,2012,0.129209
ES,imcy,2013,0.127932
ES,imcy,2014,0.131470
ES,imcy,2015,0.131269
ES,imcy,2016,0.130285
ES,imcy,2017,0.136179
ES,imcy,2018,0.137620
ES,imcy,2019,0.134519
ES,imcy,2020,0.119837
ES,imcy,average,0.128999
ES,imigy,1995,0.002283
ES,imigy,1996,0.002230
ES,imigy,1997,0.002463
ES,imigy,1998,0.002625
ES,imigy,1999,0.002960
ES,imigy,2000,0.003390
ES,imigy,2001,0.003527
ES,imigy,2002,0.003651
ES,imigy,2003,0.003721
ES,imigy,2004,0.003960
ES,imigy,2005,0.004175
ES,imigy,2006,0.004322
ES,imigy,2007,0.004311
ES,imigy,2008,0.003851
ES,imigy,2009,0.003044
ES,imigy,2010,0.002978
ES,imigy,2011,0.002795
ES,imigy,2012,0.002586
ES,imigy,2013,0.002293
ES,imigy,2014,0.002440
ES,imigy,2015,0.002401
ES,imigy,2016,0.002434
ES,imigy,2017,0.002509
ES,imigy,2018,0.002639
ES,imigy,2019,0.002887
ES,imigy,2020,0.002582
ES,imigy,average,0.003059
ES,imiy,1995,0.045553
ES,imiy,1996,0.046617
ES,imiy,1997,0.051720
ES,imiy,1998,0.057176
ES,imiy,1999,0.061067
ES,imiy,2000,0.068397
ES,imiy,2001,0.063352
ES,imiy,2002,0.059775
ES,imiy,2003,0.060562
ES,imiy,2004,0.063329
ES,imiy,2005,0.066382
ES,imiy,2006,0.069231
ES,imiy,2007,0.071991
ES,imiy,2008,0.066826
ES,imiy,2009,0.045042
ES,imiy,2010,0.050722
ES,imiy,2011,0.050852
ES,imiy,2012,0.048828
ES,imiy,2013,0.048589
ES,imiy,2014,0.051991
ES,imiy,2015,0.055756
ES,imiy,2016,0.054464
ES,imiy,2017,0.056457
ES,imiy,2018,0.059077
ES,imiy,2019,0.059855
ES,imiy,2020,0.059412
ES,imiy,average,0.057531
ES,imy,1995,0.176577
ES,imy,1996,0.177453
ES,imy,1997,0.191988
ES,imy,1998,0.200160
ES,imy,1999,0.212044
ES,imy,2000,0.229281
ES,imy,2001,0.221510
ES,imy,2002,0.212197
ES,imy,2003,0.208423
ES,imy,2004,0.216608
ES,imy,2005,0.223125
ES,imy,2006,0.228475
ES,imy,2007,0.231140
ES,imy,2008,0.218410
ES,imy,2009,0.179985
ES,imy,2010,0.197420
ES,imy,2011,0.204585
ES,imy,2012,0.202207
ES,imy,2013,0.199688
ES,imy,2014,0.207459
ES,imy,2015,0.210612
ES,imy,2016,0.208119
ES,imy,2017,0.215768
ES,imy,2018,0.219917
ES,imy,2019,0.219024
ES,imy,2020,0.204210
ES,imy,average,0.209331
ES,private_consumption,1995,0.5807
ES,private_consumption,1996,0.5775
ES,private_consumption,1997,0.5759
ES,private_consumption,1998,0.5686
ES,private_consumption,1999,0.5645
ES,private_consumption,2000,0.5579
ES,private_consumption,2001,0.5570
ES,private_consumption,2002,0.5536
ES,private_consumption,2003,0.5475
ES,private_consumption,2004,0.5466
ES,private_consumption,2005,0.5438
ES,private_consumption,2006,0.5374
ES,private_consumption,2007,0.5349
ES,private_consumption,2008,0.5280
ES,private_consumption,2009,0.5381
ES,private_consumption,2010,0.5475
ES,private_consumption,2011,0.5536
ES,private_consumption,2012,0.5659
ES,private_consumption,2013,0.5664
ES,private_consumption,2014,0.5685
ES,private_consumption,2015,0.5622
ES,private_consumption,2016,0.5611
ES,private_consumption,2017,0.5662
ES,private_consumption,2018,0.5572
ES,private_consumption,2019,0.5485
ES,private_consumption,2020,0.5377
ES,private_consumption,average,0.5530
ES,private_investment,1995,0.1775
ES,private_investment,1996,0.1766
ES,private_investment,1997,0.1801
ES,private_investment,1998,0.1893
ES,private_investment,1999,0.1989
ES,private_investment,2000,0.2072
ES,private_investment,2001,0.2079
ES,private_investment,2002,0.2106
ES,private_investment,2003,0.2174
ES,private_investment,2004,0.2204
ES,private_investment,2005,0.2289
ES,private_investment,2006,0.2349
ES,private_investment,2007,0.2351
ES,private_investment,2008,0.2256
ES,private_investment,2009,0.1924
ES,private_investment,2010,0.1808
ES,private_investment,2011,0.1662
ES,private_investment,2012,0.1556
ES,private_investment,2013,0.1473
ES,private_investment,2014,0.1508
ES,private_investment,2015,0.1532
ES,private_investment,2016,0.1537
ES,private_investment,2017,0.1556
ES,private_investment,2018,0.1644
ES,private_investment,2019,0.1700
ES,private_investment,2020,0.1713
ES,private_investment,average,0.1863
ES,public_consumption,1995,0.1793
ES,public_consumption,1996,0.1787
ES,public_consumption,1997,0.1731
ES,public_consumption,1998,0.1718
ES,public_consumption,1999,0.1698
ES,public_consumption,2000,0.1673
ES,public_consumption,2001,0.1661
ES,public_consumption,2002,0.1670
ES,public_consumption,2003,0.1690
ES,public_consumption,2004,0.1716
ES,public_consumption,2005,0.1729
ES,public_consumption,2006,0.1719
ES,public_consumption,2007,0.1747
ES,public_consumption,2008,0.1858
ES,public_consumption,2009,0.2083
ES,public_consumption,2010,0.2100
ES,public_consumption,2011,0.2100
ES,public_consumption,2012,0.2046
ES,public_consumption,2013,0.2071
ES,public_consumption,2014,0.2046
ES,public_consumption,2015,0.2045
ES,public_consumption,2016,0.2013
ES,public_consumption,2017,0.1944
ES,public_consumption,2018,0.1957
ES,public_consumption,2019,0.1969
ES,public_consumption,2020,0.2288
ES,public_consumption,average,0.1915
ES,public_investment,1995,0.0320
ES,public_investment,1996,0.0319
ES,public_investment,1997,0.0325
ES,public_investment,1998,0.0342
ES,public_investment,1999,0.0359
ES,public_investment,2000,0.0374
ES,public_investment,2001,0.0375
ES,public_investment,2002,0.0380
ES,public_investment,2003,0.0392
ES,public_investment,2004,0.0398
ES,public_investment,2005,0.0413
ES,public_investment,2006,0.0424
ES,public_investment,2007,0.0424
ES,public_investment,2008,0.0407
ES,public_investment,2009,0.0347
ES,public_investment,2010,0.0326
ES,public_investment,2011,0.0300
ES,public_investment,2012,0.0281
ES,public_investment,2013,0.0266
ES,public_investment,2014,0.0272
ES,public_investment,2015,0.0276
ES,public_investment,2016,0.0277
ES,public_investment,2017,0.0281
ES,public_investment,2018,0.0297
ES,public_investment,2019,0.0307
ES,public_investment,2020,0.0309
ES,public_investment,average,0.0336
ES,size,1995,0.020393
ES,size,1996,0.020689
ES,size,1997,0.019083
ES,size,1998,0.020136
ES,size,1999,0.019962
ES,size,2000,0.018403
ES,size,2001,0.019328
ES,size,2002,0.020992
ES,size,2003,0.023930
ES,size,2004,0.025225
ES,size,2005,0.025158
ES,size,2006,0.025551
ES,size,2007,0.026619
ES,size,2008,0.026882
ES,size,2009,0.025353
ES,size,2010,0.021889
ES,size,2011,0.020565
ES,size,2012,0.017870
ES,size,2013,0.017494
ES,size,2014,0.017261
ES,size,2015,0.015778
ES,size,2016,0.015937
ES,size,2017,0.016074
ES,size,2018,0.016340
ES,size,2019,0.015797
ES,size,2020,0.014889
ES,size,average,0.019705
ES,tax_SSC_firms,1995,0.2047
ES,tax_SSC_firms,1996,0.2002
ES,tax_SSC_firms,1997,0.2086
ES,tax_SSC_firms,1998,0.2124
ES,tax_SSC_firms,1999,0.2160
ES,tax_SSC_firms,2000,0.2206
ES,tax_SSC_firms,2001,0.2275
ES,tax_SSC_firms,2002,0.2293
ES,tax_SSC_firms,2003,0.2315
ES,tax_SSC_firms,2004,0.2340
ES,tax_SSC_firms,2005,0.2360
ES,tax_SSC_firms,2006,0.2379
ES,tax_SSC_firms,2007,0.2362
ES,tax_SSC_firms,2008,0.2264
ES,tax_SSC_firms,2009,0.2172
ES,tax_SSC_firms,2010,0.2174
ES,tax_SSC_firms,2011,0.2193
ES,tax_SSC_firms,2012,0.2213
ES,tax_SSC_firms,2013,0.2241
ES,tax_SSC_firms,2014,0.2290
ES,tax_SSC_firms,2015,0.2255
ES,tax_SSC_firms,2016,0.2303
ES,tax_SSC_firms,2017,0.2360
ES,tax_SSC_firms,2018,0.2402
ES,tax_SSC_firms,2019,0.2470
ES,tax_SSC_firms,2020,0.2609
ES,tax_SSC_firms,average,0.2265
ES,tax_SSC_households,1995,0.0475
ES,tax_SSC_households,1996,0.0468
ES,tax_SSC_households,1997,0.0465
ES,tax_SSC_households,1998,0.0469
ES,tax_SSC_households,1999,0.0468
ES,tax_SSC_households,2000,0.0476
ES,tax_SSC_households,2001,0.0485
ES,tax_SSC_households,2002,0.0488
ES,tax_SSC_households,2003,0.0490
ES,tax_SSC_households,2004,0.0492
ES,tax_SSC_households,2005,0.0495
ES,tax_SSC_households,2006,0.0503
ES,tax_SSC_households,2007,0.0497
ES,tax_SSC_households,2008,0.0479
ES,tax_SSC_households,2009,0.0466
ES,tax_SSC_households,2010,0.0471
ES,tax_SSC_households,2011,0.0492
ES,tax_SSC_households,2012,0.0487
ES,tax_SSC_households,2013,0.0453
ES,tax_SSC_households,2014,0.0490
ES,tax_SSC_households,2015,0.0481
ES,tax_SSC_households,2016,0.0493
ES,tax_SSC_households,2017,0.0499
ES,tax_SSC_households,2018,0.0503
ES,tax_SSC_households,2019,0.0512
ES,tax_SSC_households,2020,0.0516
ES,tax_SSC_households,average,0.0485
ES,tax_capital,1995,0.0414
ES,tax_capital,1996,0.0435
ES,tax_capital,1997,0.0579
ES,tax_capital,1998,0.0640
ES,tax_capital,1999,0.0611
ES,tax_capital,2000,0.0663
ES,tax_capital,2001,0.0602
ES,tax_capital,2002,0.0668
ES,tax_capital,2003,0.0648
ES,tax_capital,2004,0.0639
ES,tax_capital,2005,0.0882
ES,tax_capital,2006,0.0939
ES,tax_capital,2007,0.1028
ES,tax_capital,2008,0.0592
ES,tax_capital,2009,0.0437
ES,tax_capital,2010,0.0358
ES,tax_capital,2011,0.0344
ES,tax_capital,2012,0.0430
ES,tax_capital,2013,0.0405
ES,tax_capital,2014,0.0398
ES,tax_capital,2015,0.0447
ES,tax_capital,2016,0.0443
ES,tax_capital,2017,0.0438
ES,tax_capital,2018,0.0493
ES,tax_capital,2019,0.0418
ES,tax_capital,2020,0.0426
ES,tax_capital,average,0.0553
ES,tax_consumption,1995,0.1472
ES,tax_consumption,1996,0.1473
ES,tax_consumption,1997,0.1555
ES,tax_consumption,1998,0.1693
ES,tax_consumption,1999,0.1725
ES,tax_consumption,2000,0.1695
ES,tax_consumption,2001,0.1653
ES,tax_consumption,2002,0.1637
ES,tax_consumption,2003,0.1665
ES,tax_consumption,2004,0.1698
ES,tax_consumption,2005,0.1737
ES,tax_consumption,2006,0.1727
ES,tax_consumption,2007,0.1645
ES,tax_consumption,2008,0.1409
ES,tax_consumption,2009,0.1190
ES,tax_consumption,2010,0.1474
ES,tax_consumption,2011,0.1436
ES,tax_consumption,2012,0.1495
ES,tax_consumption,2013,0.1636
ES,tax_consumption,2014,0.1678
ES,tax_consumption,2015,0.1752
ES,tax_consumption,2016,0.1735
ES,tax_consumption,2017,0.1728
ES,tax_consumption,2018,0.1746
ES,tax_consumption,2019,0.1734
ES,tax_consumption,2020,0.1741
ES,tax_consumption,average,0.1620
ES,tax_income,1995,0.1704
ES,tax_income,1996,0.1725
ES,tax_income,1997,0.2023
ES,tax_income,1998,0.2088
ES,tax_income,1999,0.2139
ES,tax_income,2000,0.2868
ES,tax_income,2001,0.3075
ES,tax_income,2002,0.2925
ES,tax_income,2003,0.1957
ES,tax_income,2004,0.1704
ES,tax_income,2005,0.1845
ES,tax_income,2006,0.1931
ES,tax_income,2007,0.1761
ES,tax_income,2008,0.1190
ES,tax_income,2009,0.1173
ES,tax_income,2010,0.1304
ES,tax_income,2011,0.1225
ES,tax_income,2012,0.1595
ES,tax_income,2013,0.1516
ES,tax_income,2014,0.1536
ES,tax_income,2015,0.2149
ES,tax_income,2016,0.2171
ES,tax_income,2017,0.2138
ES,tax_income,2018,0.2049
ES,tax_income,2019,0.2190
ES,tax_income,2020,0.2153
ES,tax_income,average,0.1928
ES,tby,1995,-0.000462
ES,tby,1996,0.010170
ES,tby,1997,0.015344
ES,tby,1998,0.010007
ES,tby,1999,-0.002243
ES,tby,2000,-0.006966
ES,tby,2001,-0.003643
ES,tby,2002,-0.003099
ES,tby,2003,-0.006988
ES,tby,2004,-0.020782
ES,tby,2005,-0.031492
ES,tby,2006,-0.038397
ES,tby,2007,-0.037575
ES,tby,2008,-0.026306
ES,tby,2009,0.006662
ES,tby,2010,0.006582
ES,tby,2011,0.024777
ES,tby,2012,0.042824
ES,tby,2013,0.059613
ES,tby,2014,0.052097
ES,tby,2015,0.051389
ES,tby,2016,0.060646
ES,tby,2017,0.055104
ES,tby,2018,0.048689
ES,tby,2019,0.048353
ES,tby,2020,0.030481
ES,tby,average,0.014916
ES,trybar,1995,0.1520
ES,trybar,1996,0.1510
ES,trybar,1997,0.1460
ES,trybar,1998,0.1430
ES,trybar,1999,0.1410
ES,trybar,2000,0.1390
ES,trybar,2001,0.1370
ES,trybar,2002,0.1390
ES,trybar,2003,0.1380
ES,trybar,2004,0.1400
ES,trybar,2005,0.1390
ES,trybar,2006,0.1390
ES,trybar,2007,0.1380
ES,trybar,2008,0.1480
ES,trybar,2009,0.1730
ES,trybar,2010,0.1800
ES,trybar,2011,0.1810
ES,trybar,2012,0.1900
ES,trybar,2013,0.1940
ES,trybar,2014,0.1910
ES,trybar,2015,0.1830
ES,trybar,2016,0.1810
ES,trybar,2017,0.1770
ES,trybar,2018,0.1790
ES,trybar,2019,0.1830
ES,trybar,2020,0.2320
ES,trybar,average,0.1628
FI,FIAT_imcgy,1995,0.000251
FI,FIAT_imcgy,1996,0.000213
FI,FIAT_imcgy,1997,0.000241
FI,FIAT_imcgy,1998,0.000261
FI,FIAT_imcgy,1999,0.000232
FI,FIAT_imcgy,2000,0.000233
FI,FIAT_imcgy,2001,0.000230
FI,FIAT_imcgy,2002,0.000250
FI,FIAT_imcgy,2003,0.000227
FI,FIAT_imcgy,2004,0.000238
FI,FIAT_imcgy,2005,0.000234
FI,FIAT_imcgy,2006,0.000268
FI,FIAT_imcgy,2007,0.000275
FI,FIAT_imcgy,2008,0.000340
FI,FIAT_imcgy,2009,0.000347
FI,FIAT_imcgy,2010,0.000341
FI,FIAT_imcgy,2011,0.000325
FI,FIAT_imcgy,2012,0.000328
FI,FIAT_imcgy,2013,0.000343
FI,FIAT_imcgy,2014,0.000317
FI,FIAT_imcgy,2015,0.000397
FI,FIAT_imcgy,2016,0.000371
FI,FIAT_imcgy,2017,0.000345
FI,FIAT_imcgy,2018,0.000418
FI,FIAT_imcgy,2019,0.000397
FI,FIAT_imcgy,2020,0.000510
FI,FIAT_imcgy,average,0.000321
FI,FIAT_imcy,1995,0.001432
FI,FIAT_imcy,1996,0.001333
FI,FIAT_imcy,1997,0.001270
FI,FIAT_imcy,1998,0.001333
FI,FIAT_imcy,1999,0.001292
FI,FIAT_imcy,2000,0.001305
FI,FIAT_imcy,2001,0.001368
FI,FIAT_imcy,2002,0.001398
FI,FIAT_imcy,2003,0.001289
FI,FIAT_imcy,2004,0.001269
FI,FIAT_imcy,2005,0.001194
FI,FIAT_imcy,2006,0.001233
FI,FIAT_imcy,2007,0.001257
FI,FIAT_imcy,2008,0.001259
FI,FIAT_imcy,2009,0.001214
FI,FIAT_imcy,2010,0.001296
FI,FIAT_imcy,2011,0.001230
FI,FIAT_imcy,2012,0.001231
FI,FIAT_imcy,2013,0.001261
FI,FIAT_imcy,2014,0.001231
FI,FIAT_imcy,2015,0.001408
FI,FIAT_imcy,2016,0.001519
FI,FIAT_imcy,2017,0.001424
FI,FIAT_imcy,2018,0.001674
FI,FIAT_imcy,2019,0.001563
FI,FIAT_imcy,2020,0.001396
FI,FIAT_imcy,average,0.001335
FI,FIAT_imigy,1995,0.000043
FI,FIAT_imigy,1996,0.000038
FI,FIAT_imigy,1997,0.000040
FI,FIAT_imigy,1998,0.000042
FI,FIAT_imigy,1999,0.000044
FI,FIAT_imigy,2000,0.000046
FI,FIAT_imigy,2001,0.000055
FI,FIAT_imigy,2002,0.000058
FI,FIAT_imigy,2003,0.000042
FI,FIAT_imigy,2004,0.000047
FI,FIAT_imigy,2005,0.000048
FI,FIAT_imigy,2006,0.000048
FI,FIAT_imigy,2007,0.000049
FI,FIAT_imigy,2008,0.000060
FI,FIAT_imigy,2009,0.000053
FI,FIAT_imigy,2010,0.000058
FI,FIAT_imigy,2011,0.000062
FI,FIAT_imigy,2012,0.000061
FI,FIAT_imigy,2013,0.000056
FI,FIAT_imigy,2014,0.000052
FI,FIAT_imigy,2015,0.000061
FI,FIAT_imigy,2016,0.000064
FI,FIAT_imigy,2017,0.000068
FI,FIAT_imigy,2018,0.000074
FI,FIAT_imigy,2019,0.000070
FI,FIAT_imigy,2020,0.000078
FI,FIAT_imigy,average,0.000057
FI,FIAT_imiy,1995,0.001069
FI,FIAT_imiy,1996,0.000941
FI,FIAT_imiy,1997,0.000942
FI,FIAT_imiy,1998,0.000982
FI,FIAT_imiy,1999,0.000931
FI,FIAT_imiy,2000,0.000927
FI,FIAT_imiy,2001,0.001148
FI,FIAT_imiy,2002,0.001203
FI,FIAT_imiy,2003,0.000883
FI,FIAT_imiy,2004,0.000933
FI,FIAT_imiy,2005,0.000886
FI,FIAT_imiy,2006,0.000826
FI,FIAT_imiy,2007,0.000860
FI,FIAT_imiy,2008,0.001072
FI,FIAT_imiy,2009,0.000999
FI,FIAT_imiy,2010,0.000958
FI,FIAT_imiy,2011,0.001059
FI,FIAT_imiy,2012,0.001071
FI,FIAT_imiy,2013,0.000921
FI,FIAT_imiy,2014,0.000860
FI,FIAT_imiy,2015,0.000913
FI,FIAT_imiy,2016,0.000986
FI,FIAT_imiy,2017,0.001032
FI,FIAT_imiy,2018,0.001075
FI,FIAT_imiy,2019,0.001076
FI,FIAT_imiy,2020,0.001074
FI,FIAT_imiy,average,0.000985
FI,FIBE_imcgy,1995,0.000944
FI,FIBE_imcgy,1996,0.000929
FI,FIBE_imcgy,1997,0.000857
FI,FIBE_imcgy,1998,0.000729
FI,FIBE_imcgy,1999,0.000739
FI,FIBE_imcgy,2000,0.000786
FI,FIBE_imcgy,2001,0.000769
FI,FIBE_imcgy,2002,0.000705
FI,FIBE_imcgy,2003,0.000651
FI,FIBE_imcgy,2004,0.000730
FI,FIBE_imcgy,2005,0.000711
FI,FIBE_imcgy,2006,0.000684
FI,FIBE_imcgy,2007,0.000802
FI,FIBE_imcgy,2008,0.000978
FI,FIBE_imcgy,2009,0.000857
FI,FIBE_imcgy,2010,0.000915
FI,FIBE_imcgy,2011,0.001020
FI,FIBE_imcgy,2012,0.000850
FI,FIBE_imcgy,2013,0.000804
FI,FIBE_imcgy,2014,0.000798
FI,FIBE_imcgy,2015,0.000856
FI,FIBE_imcgy,2016,0.000899
FI,FIBE_imcgy,2017,0.000811
FI,FIBE_imcgy,2018,0.000825
FI,FIBE_imcgy,2019,0.000809
FI,FIBE_imcgy,2020,0.000827
FI,FIBE_imcgy,average,0.000828
FI,FIBE_imcy,1995,0.003247
FI,FIBE_imcy,1996,0.003492
FI,FIBE_imcy,1997,0.003007
FI,FIBE_imcy,1998,0.003050
FI,FIBE_imcy,1999,0.002904
FI,FIBE_imcy,2000,0.002991
FI,FIBE_imcy,2001,0.002814
FI,FIBE_imcy,2002,0.002842
FI,FIBE_imcy,2003,0.002935
FI,FIBE_imcy,2004,0.002960
FI,FIBE_imcy,2005,0.002714
FI,FIBE_imcy,2006,0.002573
FI,FIBE_imcy,2007,0.002791
FI,FIBE_imcy,2008,0.002910
FI,FIBE_imcy,2009,0.002580
FI,FIBE_imcy,2010,0.003177
FI,FIBE_imcy,2011,0.003531
FI,FIBE_imcy,2012,0.002790
FI,FIBE_imcy,2013,0.002706
FI,FIBE_imcy,2014,0.002607
FI,FIBE_imcy,2015,0.002691
FI,FIBE_imcy,2016,0.002840
FI,FIBE_imcy,2017,0.002615
FI,FIBE_imcy,2018,0.002704
FI,FIBE_imcy,2019,0.002676
FI,FIBE_imcy,2020,0.002308
FI,FIBE_imcy,average,0.002831
FI,FIBE_imigy,1995,0.000104
FI,FIBE_imigy,1996,0.000088
FI,FIBE_imigy,1997,0.000099
FI,FIBE_imigy,1998,0.000079
FI,FIBE_imigy,1999,0.000085
FI,FIBE_imigy,2000,0.000071
FI,FIBE_imigy,2001,0.000069
FI,FIBE_imigy,2002,0.000073
FI,FIBE_imigy,2003,0.000077
FI,FIBE_imigy,2004,0.000087
FI,FIBE_imigy,2005,0.000094
FI,FIBE_imigy,2006,0.000095
FI,FIBE_imigy,2007,0.000106
FI,FIBE_imigy,2008,0.000117
FI,FIBE_imigy,2009,0.000085
FI,FIBE_imigy,2010,0.000106
FI,FIBE_imigy,2011,0.000127
FI,FIBE_imigy,2012,0.000095
FI,FIBE_imigy,2013,0.000085
FI,FIBE_imigy,2014,0.000084
FI,FIBE_imigy,2015,0.000081
FI,FIBE_imigy,2016,0.000083
FI,FIBE_imigy,2017,0.000079
FI,FIBE_imigy,2018,0.000091
FI,FIBE_imigy,2019,0.000089
FI,FIBE_imigy,2020,0.000092
FI,FIBE_imigy,average,0.000094
FI,FIBE_imiy,1995,0.002564
FI,FIBE_imiy,1996,0.002172
FI,FIBE_imiy,1997,0.002369
FI,FIBE_imiy,1998,0.001839
FI,FIBE_imiy,1999,0.001818
FI,FIBE_imiy,2000,0.001441
FI,FIBE_imiy,2001,0.001434
FI,FIBE_imiy,2002,0.001519
FI,FIBE_imiy,2003,0.001595
FI,FIBE_imiy,2004,0.001741
FI,FIBE_imiy,2005,0.001732
FI,FIBE_imiy,2006,0.001635
FI,FIBE_imiy,2007,0.001857
FI,FIBE_imiy,2008,0.002079
FI,FIBE_imiy,2009,0.001591
FI,FIBE_imiy,2010,0.001766
FI,FIBE_imiy,2011,0.002178
FI,FIBE_imiy,2012,0.001661
FI,FIBE_imiy,2013,0.001383
FI,FIBE_imiy,2014,0.001386
FI,FIBE_imiy,2015,0.001218
FI,FIBE_imiy,2016,0.001277
FI,FIBE_imiy,2017,0.001198
FI,FIBE_imiy,2018,0.001322
FI,FIBE_imiy,2019,0.001375
FI,FIBE_imiy,2020,0.001275
FI,FIBE_imiy,average,0.001630
FI,FIDE_imcgy,1995,0.002803
FI,FIDE_imcgy,1996,0.002709
FI,FIDE_imcgy,1997,0.002623
FI,FIDE_imcgy,1998,0.002418
FI,FIDE_imcgy,1999,0.002731
FI,FIDE_imcgy,2000,0.002312
FI,FIDE_imcgy,2001,0.002158
FI,FIDE_imcgy,2002,0.002315
FI,FIDE_imcgy,2003,0.002623
FI,FIDE_imcgy,2004,0.002718
FI,FIDE_imcgy,2005,0.002805
FI,FIDE_imcgy,2006,0.002796
FI,FIDE_imcgy,2007,0.002745
FI,FIDE_imcgy,2008,0.003324
FI,FIDE_imcgy,2009,0.003687
FI,FIDE_imcgy,2010,0.003661
FI,FIDE_imcgy,2011,0.003764
FI,FIDE_imcgy,2012,0.003408
FI,FIDE_imcgy,2013,0.003422
FI,FIDE_imcgy,2014,0.003462
FI,FIDE_imcgy,2015,0.003725
FI,FIDE_imcgy,2016,0.003605
FI,FIDE_imcgy,2017,0.003605
FI,FIDE_imcgy,2018,0.003895
FI,FIDE_imcgy,2019,0.003691
FI,FIDE_imcgy,2020,0.003924
FI,FIDE_imcgy,average,0.003250
FI,FIDE_imcy,1995,0.013901
FI,FIDE_imcy,1996,0.013532
FI,FIDE_imcy,1997,0.013537
FI,FIDE_imcy,1998,0.014248
FI,FIDE_imcy,1999,0.014059
FI,FIDE_imcy,2000,0.013620
FI,FIDE_imcy,2001,0.012359
FI,FIDE_imcy,2002,0.013049
FI,FIDE_imcy,2003,0.014829
FI,FIDE_imcy,2004,0.014752
FI,FIDE_imcy,2005,0.015395
FI,FIDE_imcy,2006,0.014887
FI,FIDE_imcy,2007,0.014594
FI,FIDE_imcy,2008,0.015349
FI,FIDE_imcy,2009,0.014681
FI,FIDE_imcy,2010,0.015899
FI,FIDE_imcy,2011,0.018029
FI,FIDE_imcy,2012,0.015258
FI,FIDE_imcy,2013,0.015695
FI,FIDE_imcy,2014,0.016196
FI,FIDE_imcy,2015,0.016047
FI,FIDE_imcy,2016,0.015768
FI,FIDE_imcy,2017,0.015311
FI,FIDE_imcy,2018,0.015294
FI,FIDE_imcy,2019,0.014664
FI,FIDE_imcy,2020,0.012576
FI,FIDE_imcy,average,0.014980
FI,FIDE_imigy,1995,0.000437
FI,FIDE_imigy,1996,0.000482
FI,FIDE_imigy,1997,0.000452
FI,FIDE_imigy,1998,0.000475
FI,FIDE_imigy,1999,0.000550
FI,FIDE_imigy,2000,0.000564
FI,FIDE_imigy,2001,0.000544
FI,FIDE_imigy,2002,0.000531
FI,FIDE_imigy,2003,0.000562
FI,FIDE_imigy,2004,0.000576
FI,FIDE_imigy,2005,0.000600
FI,FIDE_imigy,2006,0.000591
FI,FIDE_imigy,2007,0.000619
FI,FIDE_imigy,2008,0.000758
FI,FIDE_imigy,2009,0.000663
FI,FIDE_imigy,2010,0.000686
FI,FIDE_imigy,2011,0.000740
FI,FIDE_imigy,2012,0.000662
FI,FIDE_imigy,2013,0.000661
FI,FIDE_imigy,2014,0.000630
FI,FIDE_imigy,2015,0.000699
FI,FIDE_imigy,2016,0.000739
FI,FIDE_imigy,2017,0.000747
FI,FIDE_imigy,2018,0.000801
FI,FIDE_imigy,2019,0.000756
FI,FIDE_imigy,2020,0.000781
FI,FIDE_imigy,average,0.000659
FI,FIDE_imiy,1995,0.010790
FI,FIDE_imiy,1996,0.011877
FI,FIDE_imiy,1997,0.010773
FI,FIDE_imiy,1998,0.011081
FI,FIDE_imiy,1999,0.011740
FI,FIDE_imiy,2000,0.011486
FI,FIDE_imiy,2001,0.011265
FI,FIDE_imiy,2002,0.011016
FI,FIDE_imiy,2003,0.011701
FI,FIDE_imiy,2004,0.011493
FI,FIDE_imiy,2005,0.011065
FI,FIDE_imiy,2006,0.010165
FI,FIDE_imiy,2007,0.010841
FI,FIDE_imiy,2008,0.013528
FI,FIDE_imiy,2009,0.012476
FI,FIDE_imiy,2010,0.011408
FI,FIDE_imiy,2011,0.012688
FI,FIDE_imiy,2012,0.011642
FI,FIDE_imiy,2013,0.010780
FI,FIDE_imiy,2014,0.010424
FI,FIDE_imiy,2015,0.010532
FI,FIDE_imiy,2016,0.011311
FI,FIDE_imiy,2017,0.011277
FI,FIDE_imiy,2018,0.011617
FI,FIDE_imiy,2019,0.011666
FI,FIDE_imiy,2020,0.010782
FI,FIDE_imiy,average,0.011401
FI,FIES_imcgy,1995,0.000316
FI,FIES_imcgy,1996,0.000343
FI,FIES_imcgy,1997,0.000351
FI,FIES_imcgy,1998,0.000373
FI,FIES_imcgy,1999,0.000327
FI,FIES_imcgy,2000,0.000333
FI,FIES_imcgy,2001,0.000340
FI,FIES_imcgy,2002,0.000367
FI,FIES_imcgy,2003,0.000389
FI,FIES_imcgy,2004,0.000431
FI,FIES_imcgy,2005,0.000469
FI,FIES_imcgy,2006,0.000519
FI,FIES_imcgy,2007,0.000469
FI,FIES_imcgy,2008,0.000436
FI,FIES_imcgy,2009,0.000414
FI,FIES_imcgy,2010,0.000425
FI,FIES_imcgy,2011,0.000414
FI,FIES_imcgy,2012,0.000479
FI,FIES_imcgy,2013,0.000548
FI,FIES_imcgy,2014,0.000531
FI,FIES_imcgy,2015,0.000608
FI,FIES_imcgy,2016,0.000653
FI,FIES_imcgy,2017,0.000629
FI,FIES_imcgy,2018,0.000611
FI,FIES_imcgy,2019,0.000581
FI,FIES_imcgy,2020,0.000622
FI,FIES_imcgy,average,0.000483
FI,FIES_imcy,1995,0.002879
FI,FIES_imcy,1996,0.002984
FI,FIES_imcy,1997,0.002829
FI,FIES_imcy,1998,0.003089
FI,FIES_imcy,1999,0.002928
FI,FIES_imcy,2000,0.002968
FI,FIES_imcy,2001,0.002746
FI,FIES_imcy,2002,0.002876
FI,FIES_imcy,2003,0.003194
FI,FIES_imcy,2004,0.003234
FI,FIES_imcy,2005,0.003153
FI,FIES_imcy,2006,0.003013
FI,FIES_imcy,2007,0.003240
FI,FIES_imcy,2008,0.002754
FI,FIES_imcy,2009,0.002768
FI,FIES_imcy,2010,0.002829
FI,FIES_imcy,2011,0.003193
FI,FIES_imcy,2012,0.003087
FI,FIES_imcy,2013,0.003486
FI,FIES_imcy,2014,0.003782
FI,FIES_imcy,2015,0.004031
FI,FIES_imcy,2016,0.004498
FI,FIES_imcy,2017,0.004023
FI,FIES_imcy,2018,0.004107
FI,FIES_imcy,2019,0.003903
FI,FIES_imcy,2020,0.002641
FI,FIES_imcy,average,0.003298
FI,FIES_imigy,1995,0.000035
FI,FIES_imigy,1996,0.000047
FI,FIES_imigy,1997,0.000045
FI,FIES_imigy,1998,0.000058
FI,FIES_imigy,1999,0.000050
FI,FIES_imigy,2000,0.000057
FI,FIES_imigy,2001,0.000052
FI,FIES_imigy,2002,0.000052
FI,FIES_imigy,2003,0.000052
FI,FIES_imigy,2004,0.000059
FI,FIES_imigy,2005,0.000065
FI,FIES_imigy,2006,0.000065
FI,FIES_imigy,2007,0.000079
FI,FIES_imigy,2008,0.000063
FI,FIES_imigy,2009,0.000050
FI,FIES_imigy,2010,0.000056
FI,FIES_imigy,2011,0.000064
FI,FIES_imigy,2012,0.000059
FI,FIES_imigy,2013,0.000059
FI,FIES_imigy,2014,0.000064
FI,FIES_imigy,2015,0.000089
FI,FIES_imigy,2016,0.000101
FI,FIES_imigy,2017,0.000078
FI,FIES_imigy,2018,0.000079
FI,FIES_imigy,2019,0.000072
FI,FIES_imigy,2020,0.000083
FI,FIES_imigy,average,0.000065
FI,FIES_imiy,1995,0.000872
FI,FIES_imiy,1996,0.001149
FI,FIES_imiy,1997,0.001065
FI,FIES_imiy,1998,0.001341
FI,FIES_imiy,1999,0.001067
FI,FIES_imiy,2000,0.001166
FI,FIES_imiy,2001,0.001073
FI,FIES_imiy,2002,0.001081
FI,FIES_imiy,2003,0.001084
FI,FIES_imiy,2004,0.001176
FI,FIES_imiy,2005,0.001191
FI,FIES_imiy,2006,0.001126
FI,FIES_imiy,2007,0.001391
FI,FIES_imiy,2008,0.001117
FI,FIES_imiy,2009,0.000949
FI,FIES_imiy,2010,0.000934
FI,FIES_imiy,2011,0.001097
FI,FIES_imiy,2012,0.001031
FI,FIES_imiy,2013,0.000967
FI,FIES_imiy,2014,0.001058
FI,FIES_imiy,2015,0.001335
FI,FIES_imiy,2016,0.001552
FI,FIES_imiy,2017,0.001173
FI,FIES_imiy,2018,0.001145
FI,FIES_imiy,2019,0.001114
FI,FIES_imiy,2020,0.001149
FI,FIES_imiy,average,0.001133
FI,FIFR_imcgy,1995,0.000950
FI,FIFR_imcgy,1996,0.001009
FI,FIFR_imcgy,1997,0.001154
FI,FIFR_imcgy,1998,0.001110
FI,FIFR_imcgy,1999,0.000940
FI,FIFR_imcgy,2000,0.000864
FI,FIFR_imcgy,2001,0.001128
FI,FIFR_imcgy,2002,0.001097
FI,FIFR_imcgy,2003,0.001388
FI,FIFR_imcgy,2004,0.001438
FI,FIFR_imcgy,2005,0.001098
FI,FIFR_imcgy,2006,0.001027
FI,FIFR_imcgy,2007,0.000955
FI,FIFR_imcgy,2008,0.001074
FI,FIFR_imcgy,2009,0.001323
FI,FIFR_imcgy,2010,0.001259
FI,FIFR_imcgy,2011,0.001012
FI,FIFR_imcgy,2012,0.001059
FI,FIFR_imcgy,2013,0.001189
FI,FIFR_imcgy,2014,0.001180
FI,FIFR_imcgy,2015,0.001336
FI,FIFR_imcgy,2016,0.001331
FI,FIFR_imcgy,2017,0.001369
FI,FIFR_imcgy,2018,0.001277
FI,FIFR_imcgy,2019,0.001116
FI,FIFR_imcgy,2020,0.001236
FI,FIFR_imcgy,average,0.001165
FI,FIFR_imcy,1995,0.005294
FI,FIFR_imcy,1996,0.006057
FI,FIFR_imcy,1997,0.006408
FI,FIFR_imcy,1998,0.006449
FI,FIFR_imcy,1999,0.005577
FI,FIFR_imcy,2000,0.005480
FI,FIFR_imcy,2001,0.005563
FI,FIFR_imcy,2002,0.005636
FI,FIFR_imcy,2003,0.006759
FI,FIFR_imcy,2004,0.006541
FI,FIFR_imcy,2005,0.005516
FI,FIFR_imcy,2006,0.004933
FI,FIFR_imcy,2007,0.005097
FI,FIFR_imcy,2008,0.005588
FI,FIFR_imcy,2009,0.005709
FI,FIFR_imcy,2010,0.006064
FI,FIFR_imcy,2011,0.005082
FI,FIFR_imcy,2012,0.005261
FI,FIFR_imcy,2013,0.005495
FI,FIFR_imcy,2014,0.005192
FI,FIFR_imcy,2015,0.005499
FI,FIFR_imcy,2016,0.005683
FI,FIFR_imcy,2017,0.005171
FI,FIFR_imcy,2018,0.004736
FI,FIFR_imcy,2019,0.004460
FI,FIFR_imcy,2020,0.003666
FI,FIFR_imcy,average,0.005396
FI,FIFR_imigy,1995,0.000107
FI,FIFR_imigy,1996,0.000132
FI,FIFR_imigy,1997,0.000163
FI,FIFR_imigy,1998,0.000164
FI,FIFR_imigy,1999,0.000138
FI,FIFR_imigy,2000,0.000161
FI,FIFR_imigy,2001,0.000182
FI,FIFR_imigy,2002,0.000145
FI,FIFR_imigy,2003,0.000168
FI,FIFR_imigy,2004,0.000174
FI,FIFR_imigy,2005,0.000159
FI,FIFR_imigy,2006,0.000142
FI,FIFR_imigy,2007,0.000171
FI,FIFR_imigy,2008,0.000174
FI,FIFR_imigy,2009,0.000177
FI,FIFR_imigy,2010,0.000190
FI,FIFR_imigy,2011,0.000141
FI,FIFR_imigy,2012,0.000152
FI,FIFR_imigy,2013,0.000168
FI,FIFR_imigy,2014,0.000148
FI,FIFR_imigy,2015,0.000170
FI,FIFR_imigy,2016,0.000193
FI,FIFR_imigy,2017,0.000208
FI,FIFR_imigy,2018,0.000178
FI,FIFR_imigy,2019,0.000168
FI,FIFR_imigy,2020,0.000169
FI,FIFR_imigy,average,0.000169
FI,FIFR_imiy,1995,0.002637
FI,FIFR_imiy,1996,0.003252
FI,FIFR_imiy,1997,0.003883
FI,FIFR_imiy,1998,0.003824
FI,FIFR_imiy,1999,0.002936
FI,FIFR_imiy,2000,0.003268
FI,FIFR_imiy,2001,0.003770
FI,FIFR_imiy,2002,0.003004
FI,FIFR_imiy,2003,0.003499
FI,FIFR_imiy,2004,0.003478
FI,FIFR_imiy,2005,0.002932
FI,FIFR_imiy,2006,0.002433
FI,FIFR_imiy,2007,0.002999
FI,FIFR_imiy,2008,0.003098
FI,FIFR_imiy,2009,0.003322
FI,FIFR_imiy,2010,0.003153
FI,FIFR_imiy,2011,0.002417
FI,FIFR_imiy,2012,0.002673
FI,FIFR_imiy,2013,0.002740
FI,FIFR_imiy,2014,0.002452
FI,FIFR_imiy,2015,0.002557
FI,FIFR_imiy,2016,0.002953
FI,FIFR_imiy,2017,0.003133
FI,FIFR_imiy,2018,0.002588
FI,FIFR_imiy,2019,0.002596
FI,FIFR_imiy,2020,0.002335
FI,FIFR_imiy,average,0.002917
FI,FIGR_imcgy,1995,0.000027
FI,FIGR_imcgy,1996,0.000030
FI,FIGR_imcgy,1997,0.000033
FI,FIGR_imcgy,1998,0.000027
FI,FIGR_imcgy,1999,0.000036
FI,FIGR_imcgy,2000,0.000046
FI,FIGR_imcgy,2001,0.000042
FI,FIGR_imcgy,2002,0.000052
FI,FIGR_imcgy,2003,0.000054
FI,FIGR_imcgy,2004,0.000054
FI,FIGR_imcgy,2005,0.000059
FI,FIGR_imcgy,2006,0.000057
FI,FIGR_imcgy,2007,0.000062
FI,FIGR_imcgy,2008,0.000063
FI,FIGR_imcgy,2009,0.000051
FI,FIGR_imcgy,2010,0.000064
FI,FIGR_imcgy,2011,0.000064
FI,FIGR_imcgy,2012,0.000040
FI,FIGR_imcgy,2013,0.000045
FI,FIGR_imcgy,2014,0.000047
FI,FIGR_imcgy,2015,0.000049
FI,FIGR_imcgy,2016,0.000053
FI,FIGR_imcgy,2017,0.000052
FI,FIGR_imcgy,2018,0.000057
FI,FIGR_imcgy,2019,0.000049
FI,FIGR_imcgy,2020,0.000042
FI,FIGR_imcgy,average,0.000050
FI,FIGR_imcy,1995,0.000607
FI,FIGR_imcy,1996,0.000627
FI,FIGR_imcy,1997,0.000631
FI,FIGR_imcy,1998,0.000550
FI,FIGR_imcy,1999,0.000656
FI,FIGR_imcy,2000,0.000677
FI,FIGR_imcy,2001,0.000689
FI,FIGR_imcy,2002,0.000674
FI,FIGR_imcy,2003,0.000797
FI,FIGR_imcy,2004,0.000738
FI,FIGR_imcy,2005,0.000695
FI,FIGR_imcy,2006,0.000644
FI,FIGR_imcy,2007,0.000696
FI,FIGR_imcy,2008,0.000698
FI,FIGR_imcy,2009,0.000615
FI,FIGR_imcy,2010,0.000581
FI,FIGR_imcy,2011,0.000608
FI,FIGR_imcy,2012,0.000501
FI,FIGR_imcy,2013,0.000555
FI,FIGR_imcy,2014,0.000710
FI,FIGR_imcy,2015,0.000793
FI,FIGR_imcy,2016,0.000669
FI,FIGR_imcy,2017,0.000708
FI,FIGR_imcy,2018,0.000648
FI,FIGR_imcy,2019,0.000703
FI,FIGR_imcy,2020,0.000218
FI,FIGR_imcy,average,0.000637
FI,FIGR_imigy,1995,0.000003
FI,FIGR_imigy,1996,0.000004
FI,FIGR_imigy,1997,0.000004
FI,FIGR_imigy,1998,0.000003
FI,FIGR_imigy,1999,0.000005
FI,FIGR_imigy,2000,0.000006
FI,FIGR_imigy,2001,0.000007
FI,FIGR_imigy,2002,0.000006
FI,FIGR_imigy,2003,0.000008
FI,FIGR_imigy,2004,0.000008
FI,FIGR_imigy,2005,0.000009
FI,FIGR_imigy,2006,0.000011
FI,FIGR_imigy,2007,0.000012
FI,FIGR_imigy,2008,0.000010
FI,FIGR_imigy,2009,0.000006
FI,FIGR_imigy,2010,0.000008
FI,FIGR_imigy,2011,0.000010
FI,FIGR_imigy,2012,0.000003
FI,FIGR_imigy,2013,0.000003
FI,FIGR_imigy,2014,0.000003
FI,FIGR_imigy,2015,0.000003
FI,FIGR_imigy,2016,0.000003
FI,FIGR_imigy,2017,0.000004
FI,FIGR_imigy,2018,0.000005
FI,FIGR_imigy,2019,0.000005
FI,FIGR_imigy,2020,0.000004
FI,FIGR_imigy,average,0.000006
FI,FIGR_imiy,1995,0.000080
FI,FIGR_imiy,1996,0.000092
FI,FIGR_imiy,1997,0.000107
FI,FIGR_imiy,1998,0.000082
FI,FIGR_imiy,1999,0.000113
FI,FIGR_imiy,2000,0.000131
FI,FIGR_imiy,2001,0.000136
FI,FIGR_imiy,2002,0.000134
FI,FIGR_imiy,2003,0.000177
FI,FIGR_imiy,2004,0.000153
FI,FIGR_imiy,2005,0.000160
FI,FIGR_imiy,2006,0.000183
FI,FIGR_imiy,2007,0.000205
FI,FIGR_imiy,2008,0.000170
FI,FIGR_imiy,2009,0.000114
FI,FIGR_imiy,2010,0.000138
FI,FIGR_imiy,2011,0.000174
FI,FIGR_imiy,2012,0.000049
FI,FIGR_imiy,2013,0.000044
FI,FIGR_imiy,2014,0.000051
FI,FIGR_imiy,2015,0.000043
FI,FIGR_imiy,2016,0.000053
FI,FIGR_imiy,2017,0.000055
FI,FIGR_imiy,2018,0.000068
FI,FIGR_imiy,2019,0.000078
FI,FIGR_imiy,2020,0.000051
FI,FIGR_imiy,average,0.000107
FI,FIIT_imcgy,1995,0.000808
FI,FIIT_imcgy,1996,0.000879
FI,FIIT_imcgy,1997,0.000882
FI,FIIT_imcgy,1998,0.000794
FI,FIIT_imcgy,1999,0.000648
FI,FIIT_imcgy,2000,0.000623
FI,FIIT_imcgy,2001,0.000654
FI,FIIT_imcgy,2002,0.000775
FI,FIIT_imcgy,2003,0.000758
FI,FIIT_imcgy,2004,0.000781
FI,FIIT_imcgy,2005,0.000747
FI,FIIT_imcgy,2006,0.000737
FI,FIIT_imcgy,2007,0.000840
FI,FIIT_imcgy,2008,0.000856
FI,FIIT_imcgy,2009,0.000908
FI,FIIT_imcgy,2010,0.000978
FI,FIIT_imcgy,2011,0.000819
FI,FIIT_imcgy,2012,0.000839
FI,FIIT_imcgy,2013,0.000789
FI,FIIT_imcgy,2014,0.000722
FI,FIIT_imcgy,2015,0.000764
FI,FIIT_imcgy,2016,0.000717
FI,FIIT_imcgy,2017,0.000653
FI,FIIT_imcgy,2018,0.000699
FI,FIIT_imcgy,2019,0.000625
FI,FIIT_imcgy,2020,0.000724
FI,FIIT_imcgy,average,0.000773
FI,FIIT_imcy,1995,0.005272
FI,FIIT_imcy,1996,0.005746
FI,FIIT_imcy,1997,0.005500
FI,FIIT_imcy,1998,0.005428
FI,FIIT_imcy,1999,0.004719
FI,FIIT_imcy,2000,0.004612
FI,FIIT_imcy,2001,0.004577
FI,FIIT_imcy,2002,0.004915
FI,FIIT_imcy,2003,0.005053
FI,FIIT_imcy,2004,0.005319
FI,FIIT_imcy,2005,0.004900
FI,FIIT_imcy,2006,0.004475
FI,FIIT_imcy,2007,0.004838
FI,FIIT_imcy,2008,0.004266
FI,FIIT_imcy,2009,0.003958
FI,FIIT_imcy,2010,0.004399
FI,FIIT_imcy,2011,0.004033
FI,FIIT_imcy,2012,0.003786
FI,FIIT_imcy,2013,0.003871
FI,FIIT_imcy,2014,0.003554
FI,FIIT_imcy,2015,0.003549
FI,FIIT_imcy,2016,0.003866
FI,FIIT_imcy,2017,0.003536
FI,FIIT_imcy,2018,0.003541
FI,FIIT_imcy,2019,0.003348
FI,FIIT_imcy,2020,0.002843
FI,FIIT_imcy,average,0.004211
FI,FIIT_imigy,1995,0.000126
FI,FIIT_imigy,1996,0.000145
FI,FIIT_imigy,1997,0.000144
FI,FIIT_imigy,1998,0.000156
FI,FIIT_imigy,1999,0.000142
FI,FIIT_imigy,2000,0.000155
FI,FIIT_imigy,2001,0.000163
FI,FIIT_imigy,2002,0.000162
FI,FIIT_imigy,2003,0.000160
FI,FIIT_imigy,2004,0.000174
FI,FIIT_imigy,2005,0.000165
FI,FIIT_imigy,2006,0.000173
FI,FIIT_imigy,2007,0.000201
FI,FIIT_imigy,2008,0.000195
FI,FIIT_imigy,2009,0.000159
FI,FIIT_imigy,2010,0.000168
FI,FIIT_imigy,2011,0.000154
FI,FIIT_imigy,2012,0.000160
FI,FIIT_imigy,2013,0.000168
FI,FIIT_imigy,2014,0.000144
FI,FIIT_imigy,2015,0.000151
FI,FIIT_imigy,2016,0.000180
FI,FIIT_imigy,2017,0.000162
FI,FIIT_imigy,2018,0.000175
FI,FIIT_imigy,2019,0.000158
FI,FIIT_imigy,2020,0.000175
FI,FIIT_imigy,average,0.000168
FI,FIIT_imiy,1995,0.003119
FI,FIIT_imiy,1996,0.003572
FI,FIIT_imiy,1997,0.003425
FI,FIIT_imiy,1998,0.003641
FI,FIIT_imiy,1999,0.003037
FI,FIIT_imiy,2000,0.003147
FI,FIIT_imiy,2001,0.003373
FI,FIIT_imiy,2002,0.003357
FI,FIIT_imiy,2003,0.003324
FI,FIIT_imiy,2004,0.003465
FI,FIIT_imiy,2005,0.003047
FI,FIIT_imiy,2006,0.002967
FI,FIIT_imiy,2007,0.003521
FI,FIIT_imiy,2008,0.003478
FI,FIIT_imiy,2009,0.002998
FI,FIIT_imiy,2010,0.002786
FI,FIIT_imiy,2011,0.002646
FI,FIIT_imiy,2012,0.002819
FI,FIIT_imiy,2013,0.002732
FI,FIIT_imiy,2014,0.002386
FI,FIIT_imiy,2015,0.002275
FI,FIIT_imiy,2016,0.002752
FI,FIIT_imiy,2017,0.002449
FI,FIIT_imiy,2018,0.002540
FI,FIIT_imiy,2019,0.002444
FI,FIIT_imiy,2020,0.002412
FI,FIIT_imiy,average,0.002909
FI,FINL_imcgy,1995,0.001207
FI,FINL_imcgy,1996,0.001228
FI,FINL_imcgy,1997,0.001097
FI,FINL_imcgy,1998,0.000966
FI,FINL_imcgy,1999,0.000983
FI,FINL_imcgy,2000,0.000941
FI,FINL_imcgy,2001,0.000975
FI,FINL_imcgy,2002,0.001108
FI,FINL_imcgy,2003,0.001220
FI,FINL_imcgy,2004,0.001196
FI,FINL_imcgy,2005,0.001239
FI,FINL_imcgy,2006,0.001040
FI,FINL_imcgy,2007,0.000947
FI,FINL_imcgy,2008,0.001070
FI,FINL_imcgy,2009,0.001192
FI,FINL_imcgy,2010,0.001355
FI,FINL_imcgy,2011,0.001651
FI,FINL_imcgy,2012,0.001297
FI,FINL_imcgy,2013,0.001362
FI,FINL_imcgy,2014,0.001419
FI,FINL_imcgy,2015,0.001660
FI,FINL_imcgy,2016,0.001544
FI,FINL_imcgy,2017,0.001431
FI,FINL_imcgy,2018,0.001609
FI,FINL_imcgy,2019,0.001410
FI,FINL_imcgy,2020,0.001598
FI,FINL_imcgy,average,0.001299
FI,FINL_imcy,1995,0.005027
FI,FINL_imcy,1996,0.005208
FI,FINL_imcy,1997,0.005028
FI,FINL_imcy,1998,0.004544
FI,FINL_imcy,1999,0.004503
FI,FINL_imcy,2000,0.004718
FI,FINL_imcy,2001,0.004639
FI,FINL_imcy,2002,0.004856
FI,FINL_imcy,2003,0.005386
FI,FINL_imcy,2004,0.005230
FI,FINL_imcy,2005,0.005320
FI,FINL_imcy,2006,0.004642
FI,FINL_imcy,2007,0.004434
FI,FINL_imcy,2008,0.004692
FI,FINL_imcy,2009,0.004834
FI,FINL_imcy,2010,0.005162
FI,FINL_imcy,2011,0.007347
FI,FINL_imcy,2012,0.005887
FI,FINL_imcy,2013,0.005684
FI,FINL_imcy,2014,0.006279
FI,FINL_imcy,2015,0.006600
FI,FINL_imcy,2016,0.006506
FI,FINL_imcy,2017,0.006149
FI,FINL_imcy,2018,0.006546
FI,FINL_imcy,2019,0.006288
FI,FINL_imcy,2020,0.006146
FI,FINL_imcy,average,0.005580
FI,FINL_imigy,1995,0.000091
FI,FINL_imigy,1996,0.000089
FI,FINL_imigy,1997,0.000109
FI,FINL_imigy,1998,0.000104
FI,FINL_imigy,1999,0.000121
FI,FINL_imigy,2000,0.000111
FI,FINL_imigy,2001,0.000108
FI,FINL_imigy,2002,0.000114
FI,FINL_imigy,2003,0.000126
FI,FINL_imigy,2004,0.000119
FI,FINL_imigy,2005,0.000135
FI,FINL_imigy,2006,0.000119
FI,FINL_imigy,2007,0.000111
FI,FINL_imigy,2008,0.000131
FI,FINL_imigy,2009,0.000124
FI,FINL_imigy,2010,0.000138
FI,FINL_imigy,2011,0.000194
FI,FINL_imigy,2012,0.000139
FI,FINL_imigy,2013,0.000149
FI,FINL_imigy,2014,0.000148
FI,FINL_imigy,2015,0.000168
FI,FINL_imigy,2016,0.000174
FI,FINL_imigy,2017,0.000176
FI,FINL_imigy,2018,0.000211
FI,FINL_imigy,2019,0.000171
FI,FINL_imigy,2020,0.000183
FI,FINL_imigy,average,0.000144
FI,FINL_imiy,1995,0.002253
FI,FINL_imiy,1996,0.002187
FI,FINL_imiy,1997,0.002602
FI,FINL_imiy,1998,0.002430
FI,FINL_imiy,1999,0.002580
FI,FINL_imiy,2000,0.002267
FI,FINL_imiy,2001,0.002239
FI,FINL_imiy,2002,0.002353
FI,FINL_imiy,2003,0.002612
FI,FINL_imiy,2004,0.002367
FI,FINL_imiy,2005,0.002488
FI,FINL_imiy,2006,0.002041
FI,FINL_imiy,2007,0.001945
FI,FINL_imiy,2008,0.002334
FI,FINL_imiy,2009,0.002331
FI,FINL_imiy,2010,0.002302
FI,FINL_imiy,2011,0.003325
FI,FINL_imiy,2012,0.002450
FI,FINL_imiy,2013,0.002424
FI,FINL_imiy,2014,0.002449
FI,FINL_imiy,2015,0.002527
FI,FINL_imiy,2016,0.002664
FI,FINL_imiy,2017,0.002654
FI,FINL_imiy,2018,0.003060
FI,FINL_imiy,2019,0.002648
FI,FINL_imiy,2020,0.002531
FI,FINL_imiy,average,0.002487
FI,FIPT_imcgy,1995,0.000121
FI,FIPT_imcgy,1996,0.000091
FI,FIPT_imcgy,1997,0.000106
FI,FIPT_imcgy,1998,0.000086
FI,FIPT_imcgy,1999,0.000088
FI,FIPT_imcgy,2000,0.000083
FI,FIPT_imcgy,2001,0.000082
FI,FIPT_imcgy,2002,0.000076
FI,FIPT_imcgy,2003,0.000081
FI,FIPT_imcgy,2004,0.000100
FI,FIPT_imcgy,2005,0.000082
FI,FIPT_imcgy,2006,0.000079
FI,FIPT_imcgy,2007,0.000070
FI,FIPT_imcgy,2008,0.000090
FI,FIPT_imcgy,2009,0.000099
FI,FIPT_imcgy,2010,0.000147
FI,FIPT_imcgy,2011,0.000123
FI,FIPT_imcgy,2012,0.000128
FI,FIPT_imcgy,2013,0.000124
FI,FIPT_imcgy,2014,0.000131
FI,FIPT_imcgy,2015,0.000142
FI,FIPT_imcgy,2016,0.000139
FI,FIPT_imcgy,2017,0.000162
FI,FIPT_imcgy,2018,0.000186
FI,FIPT_imcgy,2019,0.000149
FI,FIPT_imcgy,2020,0.000181
FI,FIPT_imcgy,average,0.000119
FI,FIPT_imcy,1995,0.001297
FI,FIPT_imcy,1996,0.001285
FI,FIPT_imcy,1997,0.001250
FI,FIPT_imcy,1998,0.001060
FI,FIPT_imcy,1999,0.000963
FI,FIPT_imcy,2000,0.000929
FI,FIPT_imcy,2001,0.000976
FI,FIPT_imcy,2002,0.000855
FI,FIPT_imcy,2003,0.000827
FI,FIPT_imcy,2004,0.000876
FI,FIPT_imcy,2005,0.000752
FI,FIPT_imcy,2006,0.000706
FI,FIPT_imcy,2007,0.000680
FI,FIPT_imcy,2008,0.000669
FI,FIPT_imcy,2009,0.000764
FI,FIPT_imcy,2010,0.000925
FI,FIPT_imcy,2011,0.000792
FI,FIPT_imcy,2012,0.000846
FI,FIPT_imcy,2013,0.000814
FI,FIPT_imcy,2014,0.000809
FI,FIPT_imcy,2015,0.000811
FI,FIPT_imcy,2016,0.000813
FI,FIPT_imcy,2017,0.000951
FI,FIPT_imcy,2018,0.001035
FI,FIPT_imcy,2019,0.001006
FI,FIPT_imcy,2020,0.000603
FI,FIPT_imcy,average,0.000864
FI,FIPT_imigy,1995,0.000010
FI,FIPT_imigy,1996,0.000009
FI,FIPT_imigy,1997,0.000011
FI,FIPT_imigy,1998,0.000010
FI,FIPT_imigy,1999,0.000010
FI,FIPT_imigy,2000,0.000011
FI,FIPT_imigy,2001,0.000011
FI,FIPT_imigy,2002,0.000010
FI,FIPT_imigy,2003,0.000009
FI,FIPT_imigy,2004,0.000010
FI,FIPT_imigy,2005,0.000012
FI,FIPT_imigy,2006,0.000013
FI,FIPT_imigy,2007,0.000011
FI,FIPT_imigy,2008,0.000014
FI,FIPT_imigy,2009,0.000013
FI,FIPT_imigy,2010,0.000017
FI,FIPT_imigy,2011,0.000014
FI,FIPT_imigy,2012,0.000014
FI,FIPT_imigy,2013,0.000015
FI,FIPT_imigy,2014,0.000017
FI,FIPT_imigy,2015,0.000017
FI,FIPT_imigy,2016,0.000018
FI,FIPT_imigy,2017,0.000019
FI,FIPT_imigy,2018,0.000023
FI,FIPT_imigy,2019,0.000024
FI,FIPT_imigy,2020,0.000025
FI,FIPT_imigy,average,0.000015
FI,FIPT_imiy,1995,0.000238
FI,FIPT_imiy,1996,0.000223
FI,FIPT_imiy,1997,0.000265
FI,FIPT_imiy,1998,0.000223
FI,FIPT_imiy,1999,0.000223
FI,FIPT_imiy,2000,0.000231
FI,FIPT_imiy,2001,0.000228
FI,FIPT_imiy,2002,0.000197
FI,FIPT_imiy,2003,0.000196
FI,FIPT_imiy,2004,0.000208
FI,FIPT_imiy,2005,0.000213
FI,FIPT_imiy,2006,0.000231
FI,FIPT_imiy,2007,0.000199
FI,FIPT_imiy,2008,0.000245
FI,FIPT_imiy,2009,0.000251
FI,FIPT_imiy,2010,0.000278
FI,FIPT_imiy,2011,0.000235
FI,FIPT_imiy,2012,0.000239
FI,FIPT_imiy,2013,0.000241
FI,FIPT_imiy,2014,0.000277
FI,FIPT_imiy,2015,0.000260
FI,FIPT_imiy,2016,0.000272
FI,FIPT_imiy,2017,0.000283
FI,FIPT_imiy,2018,0.000329
FI,FIPT_imiy,2019,0.000376
FI,FIPT_imiy,2020,0.000344
FI,FIPT_imiy,average,0.000257
FI,FIRA_imcgy,1995,0.000597
FI,FIRA_imcgy,1996,0.000558
FI,FIRA_imcgy,1997,0.000708
FI,FIRA_imcgy,1998,0.000847
FI,FIRA_imcgy,1999,0.000964
FI,FIRA_imcgy,2000,0.000938
FI,FIRA_imcgy,2001,0.000959
FI,FIRA_imcgy,2002,0.000985
FI,FIRA_imcgy,2003,0.001188
FI,FIRA_imcgy,2004,0.001252
FI,FIRA_imcgy,2005,0.001377
FI,FIRA_imcgy,2006,0.001331
FI,FIRA_imcgy,2007,0.001318
FI,FIRA_imcgy,2008,0.001647
FI,FIRA_imcgy,2009,0.001958
FI,FIRA_imcgy,2010,0.001940
FI,FIRA_imcgy,2011,0.001968
FI,FIRA_imcgy,2012,0.002312
FI,FIRA_imcgy,2013,0.002792
FI,FIRA_imcgy,2014,0.002750
FI,FIRA_imcgy,2015,0.003346
FI,FIRA_imcgy,2016,0.003182
FI,FIRA_imcgy,2017,0.003307
FI,FIRA_imcgy,2018,0.003704
FI,FIRA_imcgy,2019,0.003792
FI,FIRA_imcgy,2020,0.004819
FI,FIRA_imcgy,average,0.002192
FI,FIRA_imcy,1995,0.004041
FI,FIRA_imcy,1996,0.004507
FI,FIRA_imcy,1997,0.004996
FI,FIRA_imcy,1998,0.005331
FI,FIRA_imcy,1999,0.005395
FI,FIRA_imcy,2000,0.005424
FI,FIRA_imcy,2001,0.005491
FI,FIRA_imcy,2002,0.005696
FI,FIRA_imcy,2003,0.006608
FI,FIRA_imcy,2004,0.006754
FI,FIRA_imcy,2005,0.007217
FI,FIRA_imcy,2006,0.007495
FI,FIRA_imcy,2007,0.007604
FI,FIRA_imcy,2008,0.008943
FI,FIRA_imcy,2009,0.008830
FI,FIRA_imcy,2010,0.009521
FI,FIRA_imcy,2011,0.009856
FI,FIRA_imcy,2012,0.010259
FI,FIRA_imcy,2013,0.012237
FI,FIRA_imcy,2014,0.011664
FI,FIRA_imcy,2015,0.012214
FI,FIRA_imcy,2016,0.012166
FI,FIRA_imcy,2017,0.012095
FI,FIRA_imcy,2018,0.012700
FI,FIRA_imcy,2019,0.013485
FI,FIRA_imcy,2020,0.012369
FI,FIRA_imcy,average,0.009325
FI,FIRA_imigy,1995,0.000060
FI,FIRA_imigy,1996,0.000056
FI,FIRA_imigy,1997,0.000074
FI,FIRA_imigy,1998,0.000097
FI,FIRA_imigy,1999,0.000122
FI,FIRA_imigy,2000,0.000107
FI,FIRA_imigy,2001,0.000123
FI,FIRA_imigy,2002,0.000126
FI,FIRA_imigy,2003,0.000143
FI,FIRA_imigy,2004,0.000152
FI,FIRA_imigy,2005,0.000203
FI,FIRA_imigy,2006,0.000217
FI,FIRA_imigy,2007,0.000233
FI,FIRA_imigy,2008,0.000286
FI,FIRA_imigy,2009,0.000250
FI,FIRA_imigy,2010,0.000253
FI,FIRA_imigy,2011,0.000282
FI,FIRA_imigy,2012,0.000312
FI,FIRA_imigy,2013,0.000345
FI,FIRA_imigy,2014,0.000324
FI,FIRA_imigy,2015,0.000364
FI,FIRA_imigy,2016,0.000383
FI,FIRA_imigy,2017,0.000435
FI,FIRA_imigy,2018,0.000528
FI,FIRA_imigy,2019,0.000533
FI,FIRA_imigy,2020,0.000650
FI,FIRA_imigy,average,0.000280
FI,FIRA_imiy,1995,0.001471
FI,FIRA_imiy,1996,0.001378
FI,FIRA_imiy,1997,0.001760
FI,FIRA_imiy,1998,0.002251
FI,FIRA_imiy,1999,0.002609
FI,FIRA_imiy,2000,0.002172
FI,FIRA_imiy,2001,0.002546
FI,FIRA_imiy,2002,0.002604
FI,FIRA_imiy,2003,0.002978
FI,FIRA_imiy,2004,0.003029
FI,FIRA_imiy,2005,0.003749
FI,FIRA_imiy,2006,0.003723
FI,FIRA_imiy,2007,0.004082
FI,FIRA_imiy,2008,0.005103
FI,FIRA_imiy,2009,0.004703
FI,FIRA_imiy,2010,0.004200
FI,FIRA_imiy,2011,0.004838
FI,FIRA_imiy,2012,0.005483
FI,FIRA_imiy,2013,0.005619
FI,FIRA_imiy,2014,0.005358
FI,FIRA_imiy,2015,0.005487
FI,FIRA_imiy,2016,0.005861
FI,FIRA_imiy,2017,0.006570
FI,FIRA_imiy,2018,0.007668
FI,FIRA_imiy,2019,0.008226
FI,FIRA_imiy,2020,0.008965
FI,FIRA_imiy,average,0.004835
FI,FIRU_imcgy,1995,0.004507
FI,FIRU_imcgy,1996,0.004373
FI,FIRU_imcgy,1997,0.004560
FI,FIRU_imcgy,1998,0.004244
FI,FIRU_imcgy,1999,0.004142
FI,FIRU_imcgy,2000,0.004290
FI,FIRU_imcgy,2001,0.004175
FI,FIRU_imcgy,2002,0.004624
FI,FIRU_imcgy,2003,0.004763
FI,FIRU_imcgy,2004,0.004865
FI,FIRU_imcgy,2005,0.005402
FI,FIRU_imcgy,2006,0.005330
FI,FIRU_imcgy,2007,0.005287
FI,FIRU_imcgy,2008,0.005536
FI,FIRU_imcgy,2009,0.006050
FI,FIRU_imcgy,2010,0.006431
FI,FIRU_imcgy,2011,0.007240
FI,FIRU_imcgy,2012,0.007038
FI,FIRU_imcgy,2013,0.007852
FI,FIRU_imcgy,2014,0.007468
FI,FIRU_imcgy,2015,0.007950
FI,FIRU_imcgy,2016,0.007639
FI,FIRU_imcgy,2017,0.007348
FI,FIRU_imcgy,2018,0.007451
FI,FIRU_imcgy,2019,0.007340
FI,FIRU_imcgy,2020,0.008355
FI,FIRU_imcgy,average,0.006278
FI,FIRU_imcy,1995,0.022078
FI,FIRU_imcy,1996,0.022201
FI,FIRU_imcy,1997,0.022148
FI,FIRU_imcy,1998,0.022562
FI,FIRU_imcy,1999,0.022164
FI,FIRU_imcy,2000,0.023722
FI,FIRU_imcy,2001,0.021941
FI,FIRU_imcy,2002,0.023207
FI,FIRU_imcy,2003,0.023891
FI,FIRU_imcy,2004,0.023701
FI,FIRU_imcy,2005,0.024916
FI,FIRU_imcy,2006,0.023846
FI,FIRU_imcy,2007,0.022529
FI,FIRU_imcy,2008,0.022569
FI,FIRU_imcy,2009,0.023179
FI,FIRU_imcy,2010,0.024305
FI,FIRU_imcy,2011,0.029619
FI,FIRU_imcy,2012,0.026279
FI,FIRU_imcy,2013,0.030382
FI,FIRU_imcy,2014,0.030174
FI,FIRU_imcy,2015,0.029458
FI,FIRU_imcy,2016,0.029482
FI,FIRU_imcy,2017,0.028087
FI,FIRU_imcy,2018,0.028028
FI,FIRU_imcy,2019,0.028225
FI,FIRU_imcy,2020,0.026118
FI,FIRU_imcy,average,0.025749
FI,FIRU_imigy,1995,0.000488
FI,FIRU_imigy,1996,0.000514
FI,FIRU_imigy,1997,0.000542
FI,FIRU_imigy,1998,0.000592
FI,FIRU_imigy,1999,0.000601
FI,FIRU_imigy,2000,0.000679
FI,FIRU_imigy,2001,0.000654
FI,FIRU_imigy,2002,0.000671
FI,FIRU_imigy,2003,0.000685
FI,FIRU_imigy,2004,0.000705
FI,FIRU_imigy,2005,0.000826
FI,FIRU_imigy,2006,0.000821
FI,FIRU_imigy,2007,0.000888
FI,FIRU_imigy,2008,0.000949
FI,FIRU_imigy,2009,0.000808
FI,FIRU_imigy,2010,0.000863
FI,FIRU_imigy,2011,0.001003
FI,FIRU_imigy,2012,0.000915
FI,FIRU_imigy,2013,0.000910
FI,FIRU_imigy,2014,0.000854
FI,FIRU_imigy,2015,0.000924
FI,FIRU_imigy,2016,0.001026
FI,FIRU_imigy,2017,0.001023
FI,FIRU_imigy,2018,0.001095
FI,FIRU_imigy,2019,0.001053
FI,FIRU_imigy,2020,0.001188
FI,FIRU_imigy,average,0.000866
FI,FIRU_imiy,1995,0.012059
FI,FIRU_imiy,1996,0.012677
FI,FIRU_imiy,1997,0.012912
FI,FIRU_imiy,1998,0.013798
FI,FIRU_imiy,1999,0.012816
FI,FIRU_imiy,2000,0.013822
FI,FIRU_imiy,2001,0.013539
FI,FIRU_imiy,2002,0.013904
FI,FIRU_imiy,2003,0.014243
FI,FIRU_imiy,2004,0.014064
FI,FIRU_imiy,2005,0.015243
FI,FIRU_imiy,2006,0.014113
FI,FIRU_imiy,2007,0.015555
FI,FIRU_imiy,2008,0.016932
FI,FIRU_imiy,2009,0.015192
FI,FIRU_imiy,2010,0.014349
FI,FIRU_imiy,2011,0.017191
FI,FIRU_imiy,2012,0.016077
FI,FIRU_imiy,2013,0.014830
FI,FIRU_imiy,2014,0.014138
FI,FIRU_imiy,2015,0.013933
FI,FIRU_imiy,2016,0.015705
FI,FIRU_imiy,2017,0.015430
FI,FIRU_imiy,2018,0.015882
FI,FIRU_imiy,2019,0.016265
FI,FIRU_imiy,2020,0.016387
FI,FIRU_imiy,average,0.014981
FI,FIRW_imcgy,1995,0.008283
FI,FIRW_imcgy,1996,0.008570
FI,FIRW_imcgy,1997,0.008490
FI,FIRW_imcgy,1998,0.007651
FI,FIRW_imcgy,1999,0.007245
FI,FIRW_imcgy,2000,0.008131
FI,FIRW_imcgy,2001,0.007588
FI,FIRW_imcgy,2002,0.007632
FI,FIRW_imcgy,2003,0.008053
FI,FIRW_imcgy,2004,0.008437
FI,FIRW_imcgy,2005,0.010298
FI,FIRW_imcgy,2006,0.011089
FI,FIRW_imcgy,2007,0.010792
FI,FIRW_imcgy,2008,0.012244
FI,FIRW_imcgy,2009,0.011575
FI,FIRW_imcgy,2010,0.013855
FI,FIRW_imcgy,2011,0.013177
FI,FIRW_imcgy,2012,0.014661
FI,FIRW_imcgy,2013,0.014395
FI,FIRW_imcgy,2014,0.013779
FI,FIRW_imcgy,2015,0.013829
FI,FIRW_imcgy,2016,0.013220
FI,FIRW_imcgy,2017,0.013609
FI,FIRW_imcgy,2018,0.013849
FI,FIRW_imcgy,2019,0.012063
FI,FIRW_imcgy,2020,0.014691
FI,FIRW_imcgy,average,0.011742
FI,FIRW_imcy,1995,0.043997
FI,FIRW_imcy,1996,0.048582
FI,FIRW_imcy,1997,0.048009
FI,FIRW_imcy,1998,0.043187
FI,FIRW_imcy,1999,0.041515
FI,FIRW_imcy,2000,0.048261
FI,FIRW_imcy,2001,0.043572
FI,FIRW_imcy,2002,0.043359
FI,FIRW_imcy,2003,0.045970
FI,FIRW_imcy,2004,0.046972
FI,FIRW_imcy,2005,0.054474
FI,FIRW_imcy,2006,0.060291
FI,FIRW_imcy,2007,0.060481
FI,FIRW_imcy,2008,0.065242
FI,FIRW_imcy,2009,0.057119
FI,FIRW_imcy,2010,0.063472
FI,FIRW_imcy,2011,0.060905
FI,FIRW_imcy,2012,0.071587
FI,FIRW_imcy,2013,0.067441
FI,FIRW_imcy,2014,0.063684
FI,FIRW_imcy,2015,0.058823
FI,FIRW_imcy,2016,0.057835
FI,FIRW_imcy,2017,0.058913
FI,FIRW_imcy,2018,0.058282
FI,FIRW_imcy,2019,0.056166
FI,FIRW_imcy,2020,0.048300
FI,FIRW_imcy,average,0.056559
FI,FIRW_imigy,1995,0.001054
FI,FIRW_imigy,1996,0.001052
FI,FIRW_imigy,1997,0.001190
FI,FIRW_imigy,1998,0.001131
FI,FIRW_imigy,1999,0.001177
FI,FIRW_imigy,2000,0.001379
FI,FIRW_imigy,2001,0.001224
FI,FIRW_imigy,2002,0.001100
FI,FIRW_imigy,2003,0.001120
FI,FIRW_imigy,2004,0.001234
FI,FIRW_imigy,2005,0.001485
FI,FIRW_imigy,2006,0.001636
FI,FIRW_imigy,2007,0.001753
FI,FIRW_imigy,2008,0.001807
FI,FIRW_imigy,2009,0.001515
FI,FIRW_imigy,2010,0.001716
FI,FIRW_imigy,2011,0.001558
FI,FIRW_imigy,2012,0.001783
FI,FIRW_imigy,2013,0.001650
FI,FIRW_imigy,2014,0.001570
FI,FIRW_imigy,2015,0.001596
FI,FIRW_imigy,2016,0.001650
FI,FIRW_imigy,2017,0.001894
FI,FIRW_imigy,2018,0.002035
FI,FIRW_imigy,2019,0.001759
FI,FIRW_imigy,2020,0.002014
FI,FIRW_imigy,average,0.001587
FI,FIRW_imiy,1995,0.026055
FI,FIRW_imiy,1996,0.025936
FI,FIRW_imiy,1997,0.028325
FI,FIRW_imiy,1998,0.026363
FI,FIRW_imiy,1999,0.025120
FI,FIRW_imiy,2000,0.028061
FI,FIRW_imiy,2001,0.025352
FI,FIRW_imiy,2002,0.022801
FI,FIRW_imiy,2003,0.023311
FI,FIRW_imiy,2004,0.024620
FI,FIRW_imiy,2005,0.027391
FI,FIRW_imiy,2006,0.028134
FI,FIRW_imiy,2007,0.030690
FI,FIRW_imiy,2008,0.032242
FI,FIRW_imiy,2009,0.028486
FI,FIRW_imiy,2010,0.028527
FI,FIRW_imiy,2011,0.026717
FI,FIRW_imiy,2012,0.031329
FI,FIRW_imiy,2013,0.026901
FI,FIRW_imiy,2014,0.025981
FI,FIRW_imiy,2015,0.024061
FI,FIRW_imiy,2016,0.025259
FI,FIRW_imiy,2017,0.028579
FI,FIRW_imiy,2018,0.029530
FI,FIRW_imiy,2019,0.027158
FI,FIRW_imiy,2020,0.027798
FI,FIRW_imiy,average,0.027440
FI,FIUS_imcgy,1995,0.002649
FI,FIUS_imcgy,1996,0.002463
FI,FIUS_imcgy,1997,0.002163
FI,FIUS_imcgy,1998,0.002669
FI,FIUS_imcgy,1999,0.002969
FI,FIUS_imcgy,2000,0.003205
FI,FIUS_imcgy,2001,0.002784
FI,FIUS_imcgy,2002,0.002656
FI,FIUS_imcgy,2003,0.002053
FI,FIUS_imcgy,2004,0.002033
FI,FIUS_imcgy,2005,0.002089
FI,FIUS_imcgy,2006,0.002422
FI,FIUS_imcgy,2007,0.002091
FI,FIUS_imcgy,2008,0.002086
FI,FIUS_imcgy,2009,0.002394
FI,FIUS_imcgy,2010,0.002950
FI,FIUS_imcgy,2011,0.002140
FI,FIUS_imcgy,2012,0.003032
FI,FIUS_imcgy,2013,0.003045
FI,FIUS_imcgy,2014,0.003071
FI,FIUS_imcgy,2015,0.003402
FI,FIUS_imcgy,2016,0.003591
FI,FIUS_imcgy,2017,0.003154
FI,FIUS_imcgy,2018,0.003343
FI,FIUS_imcgy,2019,0.003687
FI,FIUS_imcgy,2020,0.003400
FI,FIUS_imcgy,average,0.002784
FI,FIUS_imcy,1995,0.010722
FI,FIUS_imcy,1996,0.011307
FI,FIUS_imcy,1997,0.009618
FI,FIUS_imcy,1998,0.009303
FI,FIUS_imcy,1999,0.010080
FI,FIUS_imcy,2000,0.012862
FI,FIUS_imcy,2001,0.011420
FI,FIUS_imcy,2002,0.010698
FI,FIUS_imcy,2003,0.008488
FI,FIUS_imcy,2004,0.008329
FI,FIUS_imcy,2005,0.008093
FI,FIUS_imcy,2006,0.009409
FI,FIUS_imcy,2007,0.008074
FI,FIUS_imcy,2008,0.007733
FI,FIUS_imcy,2009,0.007992
FI,FIUS_imcy,2010,0.008535
FI,FIUS_imcy,2011,0.006875
FI,FIUS_imcy,2012,0.008865
FI,FIUS_imcy,2013,0.009096
FI,FIUS_imcy,2014,0.009793
FI,FIUS_imcy,2015,0.009678
FI,FIUS_imcy,2016,0.009627
FI,FIUS_imcy,2017,0.008689
FI,FIUS_imcy,2018,0.009089
FI,FIUS_imcy,2019,0.009932
FI,FIUS_imcy,2020,0.008006
FI,FIUS_imcy,average,0.009061
FI,FIUS_imigy,1995,0.000297
FI,FIUS_imigy,1996,0.000341
FI,FIUS_imigy,1997,0.000369
FI,FIUS_imigy,1998,0.000428
FI,FIUS_imigy,1999,0.000448
FI,FIUS_imigy,2000,0.000468
FI,FIUS_imigy,2001,0.000428
FI,FIUS_imigy,2002,0.000358
FI,FIUS_imigy,2003,0.000267
FI,FIUS_imigy,2004,0.000268
FI,FIUS_imigy,2005,0.000270
FI,FIUS_imigy,2006,0.000305
FI,FIUS_imigy,2007,0.000286
FI,FIUS_imigy,2008,0.000278
FI,FIUS_imigy,2009,0.000263
FI,FIUS_imigy,2010,0.000322
FI,FIUS_imigy,2011,0.000281
FI,FIUS_imigy,2012,0.000363
FI,FIUS_imigy,2013,0.000337
FI,FIUS_imigy,2014,0.000322
FI,FIUS_imigy,2015,0.000333
FI,FIUS_imigy,2016,0.000354
FI,FIUS_imigy,2017,0.000336
FI,FIUS_imigy,2018,0.000389
FI,FIUS_imigy,2019,0.000400
FI,FIUS_imigy,2020,0.000346
FI,FIUS_imigy,average,0.000343
FI,FIUS_imiy,1995,0.007352
FI,FIUS_imiy,1996,0.008415
FI,FIUS_imiy,1997,0.008787
FI,FIUS_imiy,1998,0.009976
FI,FIUS_imiy,1999,0.009567
FI,FIUS_imiy,2000,0.009517
FI,FIUS_imiy,2001,0.008856
FI,FIUS_imiy,2002,0.007421
FI,FIUS_imiy,2003,0.005556
FI,FIUS_imiy,2004,0.005342
FI,FIUS_imiy,2005,0.004977
FI,FIUS_imiy,2006,0.005239
FI,FIUS_imiy,2007,0.005006
FI,FIUS_imiy,2008,0.004952
FI,FIUS_imiy,2009,0.004947
FI,FIUS_imiy,2010,0.005355
FI,FIUS_imiy,2011,0.004815
FI,FIUS_imiy,2012,0.006377
FI,FIUS_imiy,2013,0.005499
FI,FIUS_imiy,2014,0.005330
FI,FIUS_imiy,2015,0.005014
FI,FIUS_imiy,2016,0.005422
FI,FIUS_imiy,2017,0.005074
FI,FIUS_imiy,2018,0.005638
FI,FIUS_imiy,2019,0.006170
FI,FIUS_imiy,2020,0.004779
FI,FIUS_imiy,average,0.005932
FI,debt,1995,2.2082
FI,debt,1996,2.2145
FI,debt,1997,2.0894
FI,debt,1998,1.8737
FI,debt,1999,1.7608
FI,debt,2000,1.6979
FI,debt,2001,1.6359
FI,debt,2002,1.6051
FI,debt,2003,1.7079
FI,debt,2004,1.7031
FI,debt,2005,1.5948
FI,debt,2006,1.5202
FI,debt,2007,1.3563
FI,debt,2008,1.3025
FI,debt,2009,1.6614
FI,debt,2010,2.0045
FI,debt,2011,2.0810
FI,debt,2012,2.2754
FI,debt,2013,2.3945
FI,debt,2014,2.5913
FI,debt,2015,2.7488
FI,debt,2016,2.7436
FI,debt,2017,2.6605
FI,debt,2018,2.6111
FI,debt,2019,2.6097
FI,debt,2020,3.0104
FI,debt,average,2.0639
FI,imcgy,1995,0.023464
FI,imcgy,1996,0.023395
FI,imcgy,1997,0.023265
FI,imcgy,1998,0.022176
FI,imcgy,1999,0.022043
FI,imcgy,2000,0.022786
FI,imcgy,2001,0.021884
FI,imcgy,2002,0.022642
FI,imcgy,2003,0.023448
FI,imcgy,2004,0.024273
FI,imcgy,2005,0.026611
FI,imcgy,2006,0.027379
FI,imcgy,2007,0.026652
FI,imcgy,2008,0.029744
FI,imcgy,2009,0.030855
FI,imcgy,2010,0.034321
FI,imcgy,2011,0.033718
FI,imcgy,2012,0.035469
FI,imcgy,2013,0.036708
FI,imcgy,2014,0.035675
FI,imcgy,2015,0.038066
FI,imcgy,2016,0.036944
FI,imcgy,2017,0.036475
FI,imcgy,2018,0.037923
FI,imcgy,2019,0.035708
FI,imcgy,2020,0.040929
FI,imcgy,average,0.031284
FI,imcy,1995,0.119794
FI,imcy,1996,0.126861
FI,imcy,1997,0.124230
FI,imcy,1998,0.120132
FI,imcy,1999,0.116755
FI,imcy,2000,0.127569
FI,imcy,2001,0.118156
FI,imcy,2002,0.120061
FI,imcy,2003,0.126025
FI,imcy,2004,0.126673
FI,imcy,2005,0.134340
FI,imcy,2006,0.138148
FI,imcy,2007,0.136316
FI,imcy,2008,0.142671
FI,imcy,2009,0.134244
FI,imcy,2010,0.146167
FI,imcy,2011,0.151099
FI,imcy,2012,0.155637
FI,imcy,2013,0.158723
FI,imcy,2014,0.155674
FI,imcy,2015,0.151602
FI,imcy,2016,0.151271
FI,imcy,2017,0.147673
FI,imcy,2018,0.148382
FI,imcy,2019,0.146419
FI,imcy,2020,0.127190
FI,imcy,average,0.139825
FI,imigy,1995,0.002855
FI,imigy,1996,0.002997
FI,imigy,1997,0.003243
FI,imigy,1998,0.003338
FI,imigy,1999,0.003494
FI,imigy,2000,0.003815
FI,imigy,2001,0.003620
FI,imigy,2002,0.003406
FI,imigy,2003,0.003420
FI,imigy,2004,0.003613
FI,imigy,2005,0.004070
FI,imigy,2006,0.004235
FI,imigy,2007,0.004520
FI,imigy,2008,0.004840
FI,imigy,2009,0.004167
FI,imigy,2010,0.004582
FI,imigy,2011,0.004629
FI,imigy,2012,0.004717
FI,imigy,2013,0.004605
FI,imigy,2014,0.004359
FI,imigy,2015,0.004654
FI,imigy,2016,0.004969
FI,imigy,2017,0.005229
FI,imigy,2018,0.005683
FI,imigy,2019,0.005258
FI,imigy,2020,0.005789
FI,imigy,average,0.004453
FI,imiy,1995,0.070560
FI,imiy,1996,0.073872
FI,imiy,1997,0.077216
FI,imiy,1998,0.077830
FI,imiy,1999,0.074557
FI,imiy,2000,0.077637
FI,imiy,2001,0.074959
FI,imiy,2002,0.070594
FI,imiy,2003,0.071158
FI,imiy,2004,0.072068
FI,imiy,2005,0.075075
FI,imiy,2006,0.072816
FI,imiy,2007,0.079151
FI,imiy,2008,0.086351
FI,imiy,2009,0.078357
FI,imiy,2010,0.076153
FI,imiy,2011,0.079381
FI,imiy,2012,0.082901
FI,imiy,2013,0.075082
FI,imiy,2014,0.072149
FI,imiy,2015,0.070155
FI,imiy,2016,0.076069
FI,imiy,2017,0.078907
FI,imiy,2018,0.082462
FI,imiy,2019,0.081192
FI,imiy,2020,0.079881
FI,imiy,average,0.077014
FI,imy,1995,0.216672
FI,imy,1996,0.227125
FI,imy,1997,0.227953
FI,imy,1998,0.223476
FI,imy,1999,0.216849
FI,imy,2000,0.231806
FI,imy,2001,0.218619
FI,imy,2002,0.216702
FI,imy,2003,0.224050
FI,imy,2004,0.226627
FI,imy,2005,0.240095
FI,imy,2006,0.242577
FI,imy,2007,0.246639
FI,imy,2008,0.263606
FI,imy,2009,0.247623
FI,imy,2010,0.261223
FI,imy,2011,0.268828
FI,imy,2012,0.278724
FI,imy,2013,0.275117
FI,imy,2014,0.267859
FI,imy,2015,0.264478
FI,imy,2016,0.269252
FI,imy,2017,0.268284
FI,imy,2018,0.274449
FI,imy,2019,0.268577
FI,imy,2020,0.253790
FI,imy,average,0.252576
FI,private_consumption,1995,0.5117
FI,private_consumption,1996,0.5149
FI,private_consumption,1997,0.4971
FI,private_consumption,1998,0.4899
FI,private_consumption,1999,0.4902
FI,private_consumption,2000,0.4782
FI,private_consumption,2001,0.4771
FI,private_consumption,2002,0.4841
FI,private_consumption,2003,0.4944
FI,private_consumption,2004,0.4929
FI,private_consumption,2005,0.4830
FI,private_consumption,2006,0.4810
FI,private_consumption,2007,0.4714
FI,private_consumption,2008,0.4699
FI,private_consumption,2009,0.4967
FI,private_consumption,2010,0.4954
FI,private_consumption,2011,0.4918
FI,private_consumption,2012,0.4985
FI,private_consumption,2013,0.5036
FI,private_consumption,2014,0.5094
FI,private_consumption,2015,0.5118
FI,private_consumption,2016,0.5096
FI,private_consumption,2017,0.4989
FI,private_consumption,2018,0.4909
FI,private_consumption,2019,0.4940
FI,private_consumption,2020,0.4705
FI,private_consumption,average,0.4924
FI,private_investment,1995,0.1708
FI,private_investment,1996,0.1789
FI,private_investment,1997,0.1877
FI,private_investment,1998,0.1956
FI,private_investment,1999,0.1990
FI,private_investment,2000,0.2010
FI,private_investment,2001,0.2004
FI,private_investment,2002,0.1887
FI,private_investment,2003,0.1880
FI,private_investment,2004,0.1899
FI,private_investment,2005,0.1921
FI,private_investment,2006,0.1889
FI,private_investment,2007,0.2019
FI,private_investment,2008,0.2042
FI,private_investment,2009,0.1923
FI,private_investment,2010,0.1848
FI,private_investment,2011,0.1864
FI,private_investment,2012,0.1880
FI,private_investment,2013,0.1807
FI,private_investment,2014,0.1776
FI,private_investment,2015,0.1779
FI,private_investment,2016,0.1909
FI,private_investment,2017,0.1960
FI,private_investment,2018,0.2023
FI,private_investment,2019,0.1986
FI,private_investment,2020,0.2026
FI,private_investment,average,0.1913
FI,public_consumption,1995,0.2485
FI,public_consumption,1996,0.2484
FI,public_consumption,1997,0.2398
FI,public_consumption,1998,0.2333
FI,public_consumption,1999,0.2310
FI,public_consumption,2000,0.2228
FI,public_consumption,2001,0.2252
FI,public_consumption,2002,0.2326
FI,public_consumption,2003,0.2365
FI,public_consumption,2004,0.2356
FI,public_consumption,2005,0.2324
FI,public_consumption,2006,0.2294
FI,public_consumption,2007,0.2235
FI,public_consumption,2008,0.2307
FI,public_consumption,2009,0.2594
FI,public_consumption,2010,0.2582
FI,public_consumption,2011,0.2526
FI,public_consumption,2012,0.2595
FI,public_consumption,2013,0.2676
FI,public_consumption,2014,0.2686
FI,public_consumption,2015,0.2708
FI,public_consumption,2016,0.2625
FI,public_consumption,2017,0.2530
FI,public_consumption,2018,0.2517
FI,public_consumption,2019,0.2500
FI,public_consumption,2020,0.2684
FI,public_consumption,average,0.2483
FI,public_investment,1995,0.0369
FI,public_investment,1996,0.0386
FI,public_investment,1997,0.0405
FI,public_investment,1998,0.0422
FI,public_investment,1999,0.0430
FI,public_investment,2000,0.0434
FI,public_investment,2001,0.0433
FI,public_investment,2002,0.0407
FI,public_investment,2003,0.0406
FI,public_investment,2004,0.0410
FI,public_investment,2005,0.0415
FI,public_investment,2006,0.0408
FI,public_investment,2007,0.0436
FI,public_investment,2008,0.0441
FI,public_investment,2009,0.0415
FI,public_investment,2010,0.0399
FI,public_investment,2011,0.0403
FI,public_investment,2012,0.0406
FI,public_investment,2013,0.0390
FI,public_investment,2014,0.0383
FI,public_investment,2015,0.0384
FI,public_investment,2016,0.0412
FI,public_investment,2017,0.0423
FI,public_investment,2018,0.0437
FI,public_investment,2019,0.0429
FI,public_investment,2020,0.0437
FI,public_investment,average,0.0413
FI,size,1995,0.003930
FI,size,1996,0.003812
FI,size,1997,0.003682
FI,size,1998,0.003890
FI,size,1999,0.003751
FI,size,2000,0.003422
FI,size,2001,0.003524
FI,size,2002,0.003683
FI,size,2003,0.004042
FI,size,2004,0.004167
FI,size,2005,0.004084
FI,size,2006,0.004031
FI,size,2007,0.004224
FI,size,2008,0.004326
FI,size,2009,0.004014
FI,size,2010,0.003562
FI,size,2011,0.003570
FI,size,2012,0.003289
FI,size,2013,0.003315
FI,size,2014,0.003258
FI,size,2015,0.002902
FI,size,2016,0.002940
FI,size,2017,0.002930
FI,size,2018,0.003000
FI,size,2019,0.002938
FI,size,2020,0.002960
FI,size,average,0.003482
FI,tax_SSC_firms,1995,0.2464
FI,tax_SSC_firms,1996,0.2413
FI,tax_SSC_firms,1997,0.2364
FI,tax_SSC_firms,1998,0.2452
FI,tax_SSC_firms,1999,0.2413
FI,tax_SSC_firms,2000,0.2290
FI,tax_SSC_firms,2001,0.2351
FI,tax_SSC_firms,2002,0.2323
FI,tax_SSC_firms,2003,0.2271
FI,tax_SSC_firms,2004,0.2264
FI,tax_SSC_firms,2005,0.2271
FI,tax_SSC_firms,2006,0.2267
FI,tax_SSC_firms,2007,0.2273
FI,tax_SSC_firms,2008,0.2261
FI,tax_SSC_firms,2009,0.2223
FI,tax_SSC_firms,2010,0.2123
FI,tax_SSC_firms,2011,0.2144
FI,tax_SSC_firms,2012,0.2168
FI,tax_SSC_firms,2013,0.2177
FI,tax_SSC_firms,2014,0.2168
FI,tax_SSC_firms,2015,0.2187
FI,tax_SSC_firms,2016,0.2218
FI,tax_SSC_firms,2017,0.2031
FI,tax_SSC_firms,2018,0.1946
FI,tax_SSC_firms,2019,0.1894
FI,tax_SSC_firms,2020,0.1792
FI,tax_SSC_firms,average,0.2221
FI,tax_SSC_households,1995,0.0660
FI,tax_SSC_households,1996,0.0652
FI,tax_SSC_households,1997,0.0624
FI,tax_SSC_households,1998,0.0621
FI,tax_SSC_households,1999,0.0606
FI,tax_SSC_households,2000,0.0579
FI,tax_SSC_households,2001,0.0569
FI,tax_SSC_households,2002,0.0547
FI,tax_SSC_households,2003,0.0540
FI,tax_SSC_households,2004,0.0536
FI,tax_SSC_households,2005,0.0557
FI,tax_SSC_households,2006,0.0595
FI,tax_SSC_households,2007,0.0586
FI,tax_SSC_households,2008,0.0548
FI,tax_SSC_households,2009,0.0566
FI,tax_SSC_households,2010,0.0623
FI,tax_SSC_households,2011,0.0648
FI,tax_SSC_households,2012,0.0702
FI,tax_SSC_households,2013,0.0707
FI,tax_SSC_households,2014,0.0740
FI,tax_SSC_households,2015,0.0764
FI,tax_SSC_households,2016,0.0807
FI,tax_SSC_households,2017,0.0862
FI,tax_SSC_households,2018,0.0894
FI,tax_SSC_households,2019,0.0911
FI,tax_SSC_households,2020,0.0917
FI,tax_SSC_households,average,0.0668
FI,tax_capital,1995,0.0545
FI,tax_capital,1996,0.0679
FI,tax_capital,1997,0.0825
FI,tax_capital,1998,0.1010
FI,tax_capital,1999,0.1013
FI,tax_capital,2000,0.1356
FI,tax_capital,2001,0.0944
FI,tax_capital,2002,0.0957
FI,tax_capital,2003,0.0785
FI,tax_capital,2004,0.0801
FI,tax_capital,2005,0.0770
FI,tax_capital,2006,0.0785
FI,tax_capital,2007,0.0865
FI,tax_capital,2008,0.0792
FI,tax_capital,2009,0.0492
FI,tax_capital,2010,0.0621
FI,tax_capital,2011,0.0682
FI,tax_capital,2012,0.0569
FI,tax_capital,2013,0.0639
FI,tax_capital,2014,0.0515
FI,tax_capital,2015,0.0571
FI,tax_capital,2016,0.0586
FI,tax_capital,2017,0.0685
FI,tax_capital,2018,0.0652
FI,tax_capital,2019,0.0650
FI,tax_capital,2020,0.0535
FI,tax_capital,average,0.0743
FI,tax_consumption,1995,0.2568
FI,tax_consumption,1996,0.2604
FI,tax_consumption,1997,0.2810
FI,tax_consumption,1998,0.2841
FI,tax_consumption,1999,0.2832
FI,tax_consumption,2000,0.2794
FI,tax_consumption,2001,0.2705
FI,tax_consumption,2002,0.2731
FI,tax_consumption,2003,0.2744
FI,tax_consumption,2004,0.2707
FI,tax_consumption,2005,0.2683
FI,tax_consumption,2006,0.2663
FI,tax_consumption,2007,0.2600
FI,tax_consumption,2008,0.2537
FI,tax_consumption,2009,0.2487
FI,tax_consumption,2010,0.2485
FI,tax_consumption,2011,0.2627
FI,tax_consumption,2012,0.2632
FI,tax_consumption,2013,0.2694
FI,tax_consumption,2014,0.2659
FI,tax_consumption,2015,0.2625
FI,tax_consumption,2016,0.2701
FI,tax_consumption,2017,0.2719
FI,tax_consumption,2018,0.2766
FI,tax_consumption,2019,0.2788
FI,tax_consumption,2020,0.2837
FI,tax_consumption,average,0.2686
FI,tax_income,1995,0.3548
FI,tax_income,1996,0.3856
FI,tax_income,1997,0.3693
FI,tax_income,1998,0.3695
FI,tax_income,1999,0.3514
FI,tax_income,2000,0.3784
FI,tax_income,2001,0.3691
FI,tax_income,2002,0.3639
FI,tax_income,2003,0.3504
FI,tax_income,2004,0.3407
FI,tax_income,2005,0.3410
FI,tax_income,2006,0.3369
FI,tax_income,2007,0.3385
FI,tax_income,2008,0.3333
FI,tax_income,2009,0.3146
FI,tax_income,2010,0.2984
FI,tax_income,2011,0.3060
FI,tax_income,2012,0.3066
FI,tax_income,2013,0.3164
FI,tax_income,2014,0.3336
FI,tax_income,2015,0.3338
FI,tax_income,2016,0.3327
FI,tax_income,2017,0.3266
FI,tax_income,2018,0.3154
FI,tax_income,2019,0.3133
FI,tax_income,2020,0.3204
FI,tax_income,average,0.3385
FI,tby,1995,0.093766
FI,tby,1996,0.088576
FI,tby,1997,0.093789
FI,tby,1998,0.097951
FI,tby,1999,0.106975
FI,tby,2000,0.123559
FI,tby,2001,0.118584
FI,tby,2002,0.114818
FI,tby,2003,0.090285
FI,tby,2004,0.089236
FI,tby,2005,0.080462
FI,tby,2006,0.087950
FI,tby,2007,0.093121
FI,tby,2008,0.084422
FI,tby,2009,0.050780
FI,tby,2010,0.043279
FI,tby,2011,0.031050
FI,tby,2012,0.018661
FI,tby,2013,0.019911
FI,tby,2014,0.010231
FI,tby,2015,0.003588
FI,tby,2016,-0.005680
FI,tby,2017,0.014739
FI,tby,2018,0.008538
FI,tby,2019,0.025258
FI,tby,2020,0.017690
FI,tby,average,0.052310
FI,trybar,1995,0.2270
FI,trybar,1996,0.2230
FI,trybar,1997,0.2050
FI,trybar,1998,0.1920
FI,trybar,1999,0.1860
FI,trybar,2000,0.1720
FI,trybar,2001,0.1690
FI,trybar,2002,0.1760
FI,trybar,2003,0.1800
FI,trybar,2004,0.1790
FI,trybar,2005,0.1780
FI,trybar,2006,0.1740
FI,trybar,2007,0.1650
FI,trybar,2008,0.1690
FI,trybar,2009,0.1970
FI,trybar,2010,0.1990
FI,trybar,2011,0.1970
FI,trybar,2012,0.2060
FI,trybar,2013,0.2150
FI,trybar,2014,0.2220
FI,trybar,2015,0.2250
FI,trybar,2016,0.2240
FI,trybar,2017,0.2180
FI,trybar,2018,0.2140
FI,trybar,2019,0.2120
FI,trybar,2020,0.2270
FI,trybar,average,0.1981
FR,FRAT_imcgy,1995,0.000137
FR,FRAT_imcgy,1996,0.000138
FR,FRAT_imcgy,1997,0.000142
FR,FRAT_imcgy,1998,0.000135
FR,FRAT_imcgy,1999,0.000134
FR,FRAT_imcgy,2000,0.000159
FR,FRAT_imcgy,2001,0.000182
FR,FRAT_imcgy,2002,0.000203
FR,FRAT_imcgy,2003,0.000184
FR,FRAT_imcgy,2004,0.000160
FR,FRAT_imcgy,2005,0.000166
FR,FRAT_imcgy,2006,0.000156
FR,FRAT_imcgy,2007,0.000161
FR,FRAT_imcgy,2008,0.000157
FR,FRAT_imcgy,2009,0.000146
FR,FRAT_imcgy,2010,0.000199
FR,FRAT_imcgy,2011,0.000178
FR,FRAT_imcgy,2012,0.000207
FR,FRAT_imcgy,2013,0.000222
FR,FRAT_imcgy,2014,0.000275
FR,FRAT_imcgy,2015,0.000234
FR,FRAT_imcgy,2016,0.000203
FR,FRAT_imcgy,2017,0.000265
FR,FRAT_imcgy,2018,0.000227
FR,FRAT_imcgy,2019,0.000227
FR,FRAT_imcgy,2020,0.000290
FR,FRAT_imcgy,average,0.000194
FR,FRAT_imcy,1995,0.001025
FR,FRAT_imcy,1996,0.000996
FR,FRAT_imcy,1997,0.000983
FR,FRAT_imcy,1998,0.001035
FR,FRAT_imcy,1999,0.001066
FR,FRAT_imcy,2000,0.001120
FR,FRAT_imcy,2001,0.001237
FR,FRAT_imcy,2002,0.001271
FR,FRAT_imcy,2003,0.001180
FR,FRAT_imcy,2004,0.001128
FR,FRAT_imcy,2005,0.001116
FR,FRAT_imcy,2006,0.001040
FR,FRAT_imcy,2007,0.001033
FR,FRAT_imcy,2008,0.001007
FR,FRAT_imcy,2009,0.000921
FR,FRAT_imcy,2010,0.001155
FR,FRAT_imcy,2011,0.001216
FR,FRAT_imcy,2012,0.001222
FR,FRAT_imcy,2013,0.001241
FR,FRAT_imcy,2014,0.001226
FR,FRAT_imcy,2015,0.001127
FR,FRAT_imcy,2016,0.001154
FR,FRAT_imcy,2017,0.001183
FR,FRAT_imcy,2018,0.001152
FR,FRAT_imcy,2019,0.001170
FR,FRAT_imcy,2020,0.001230
FR,FRAT_imcy,average,0.001129
FR,FRAT_imigy,1995,0.000023
FR,FRAT_imigy,1996,0.000022
FR,FRAT_imigy,1997,0.000022
FR,FRAT_imigy,1998,0.000023
FR,FRAT_imigy,1999,0.000023
FR,FRAT_imigy,2000,0.000029
FR,FRAT_imigy,2001,0.000036
FR,FRAT_imigy,2002,0.000037
FR,FRAT_imigy,2003,0.000034
FR,FRAT_imigy,2004,0.000032
FR,FRAT_imigy,2005,0.000035
FR,FRAT_imigy,2006,0.000034
FR,FRAT_imigy,2007,0.000035
FR,FRAT_imigy,2008,0.000035
FR,FRAT_imigy,2009,0.000030
FR,FRAT_imigy,2010,0.000033
FR,FRAT_imigy,2011,0.000035
FR,FRAT_imigy,2012,0.000037
FR,FRAT_imigy,2013,0.000037
FR,FRAT_imigy,2014,0.000038
FR,FRAT_imigy,2015,0.000034
FR,FRAT_imigy,2016,0.000035
FR,FRAT_imigy,2017,0.000038
FR,FRAT_imigy,2018,0.000040
FR,FRAT_imigy,2019,0.000038
FR,FRAT_imigy,2020,0.000044
FR,FRAT_imigy,average,0.000034
FR,FRAT_imiy,1995,0.000435
FR,FRAT_imiy,1996,0.000437
FR,FRAT_imiy,1997,0.000408
FR,FRAT_imiy,1998,0.000462
FR,FRAT_imiy,1999,0.000470
FR,FRAT_imiy,2000,0.000573
FR,FRAT_imiy,2001,0.000658
FR,FRAT_imiy,2002,0.000642
FR,FRAT_imiy,2003,0.000579
FR,FRAT_imiy,2004,0.000528
FR,FRAT_imiy,2005,0.000576
FR,FRAT_imiy,2006,0.000535
FR,FRAT_imiy,2007,0.000566
FR,FRAT_imiy,2008,0.000643
FR,FRAT_imiy,2009,0.000513
FR,FRAT_imiy,2010,0.000598
FR,FRAT_imiy,2011,0.000641
FR,FRAT_imiy,2012,0.000668
FR,FRAT_imiy,2013,0.000676
FR,FRAT_imiy,2014,0.000670
FR,FRAT_imiy,2015,0.000628
FR,FRAT_imiy,2016,0.000667
FR,FRAT_imiy,2017,0.000714
FR,FRAT_imiy,2018,0.000763
FR,FRAT_imiy,2019,0.000755
FR,FRAT_imiy,2020,0.000773
FR,FRAT_imiy,average,0.000616
FR,FRBE_imcgy,1995,0.000915
FR,FRBE_imcgy,1996,0.000917
FR,FRBE_imcgy,1997,0.000929
FR,FRBE_imcgy,1998,0.000855
FR,FRBE_imcgy,1999,0.000834
FR,FRBE_imcgy,2000,0.000900
FR,FRBE_imcgy,2001,0.000846
FR,FRBE_imcgy,2002,0.000862
FR,FRBE_imcgy,2003,0.000897
FR,FRBE_imcgy,2004,0.000888
FR,FRBE_imcgy,2005,0.000902
FR,FRBE_imcgy,2006,0.000875
FR,FRBE_imcgy,2007,0.000906
FR,FRBE_imcgy,2008,0.000953
FR,FRBE_imcgy,2009,0.001000
FR,FRBE_imcgy,2010,0.001112
FR,FRBE_imcgy,2011,0.001037
FR,FRBE_imcgy,2012,0.001132
FR,FRBE_imcgy,2013,0.001222
FR,FRBE_imcgy,2014,0.001379
FR,FRBE_imcgy,2015,0.001199
FR,FRBE_imcgy,2016,0.001377
FR,FRBE_imcgy,2017,0.001374
FR,FRBE_imcgy,2018,0.001378
FR,FRBE_imcgy,2019,0.001236
FR,FRBE_imcgy,2020,0.001839
FR,FRBE_imcgy,average,0.001105
FR,FRBE_imcy,1995,0.007815
FR,FRBE_imcy,1996,0.007667
FR,FRBE_imcy,1997,0.007328
FR,FRBE_imcy,1998,0.007238
FR,FRBE_imcy,1999,0.007083
FR,FRBE_imcy,2000,0.007347
FR,FRBE_imcy,2001,0.006928
FR,FRBE_imcy,2002,0.006886
FR,FRBE_imcy,2003,0.006908
FR,FRBE_imcy,2004,0.006983
FR,FRBE_imcy,2005,0.007033
FR,FRBE_imcy,2006,0.007013
FR,FRBE_imcy,2007,0.006990
FR,FRBE_imcy,2008,0.007102
FR,FRBE_imcy,2009,0.006889
FR,FRBE_imcy,2010,0.007179
FR,FRBE_imcy,2011,0.006998
FR,FRBE_imcy,2012,0.006982
FR,FRBE_imcy,2013,0.007119
FR,FRBE_imcy,2014,0.007034
FR,FRBE_imcy,2015,0.006815
FR,FRBE_imcy,2016,0.006992
FR,FRBE_imcy,2017,0.007053
FR,FRBE_imcy,2018,0.007004
FR,FRBE_imcy,2019,0.006878
FR,FRBE_imcy,2020,0.008440
FR,FRBE_imcy,average,0.007126
FR,FRBE_imigy,1995,0.000127
FR,FRBE_imigy,1996,0.000122
FR,FRBE_imigy,1997,0.000121
FR,FRBE_imigy,1998,0.000113
FR,FRBE_imigy,1999,0.000107
FR,FRBE_imigy,2000,0.000130
FR,FRBE_imigy,2001,0.000124
FR,FRBE_imigy,2002,0.000132
FR,FRBE_imigy,2003,0.000133
FR,FRBE_imigy,2004,0.000145
FR,FRBE_imigy,2005,0.000156
FR,FRBE_imigy,2006,0.000173
FR,FRBE_imigy,2007,0.000176
FR,FRBE_imigy,2008,0.000174
FR,FRBE_imigy,2009,0.000157
FR,FRBE_imigy,2010,0.000154
FR,FRBE_imigy,2011,0.000151
FR,FRBE_imigy,2012,0.000160
FR,FRBE_imigy,2013,0.000163
FR,FRBE_imigy,2014,0.000171
FR,FRBE_imigy,2015,0.000159
FR,FRBE_imigy,2016,0.000154
FR,FRBE_imigy,2017,0.000159
FR,FRBE_imigy,2018,0.000163
FR,FRBE_imigy,2019,0.000160
FR,FRBE_imigy,2020,0.000199
FR,FRBE_imigy,average,0.000154
FR,FRBE_imiy,1995,0.002452
FR,FRBE_imiy,1996,0.002387
FR,FRBE_imiy,1997,0.002206
FR,FRBE_imiy,1998,0.002234
FR,FRBE_imiy,1999,0.002173
FR,FRBE_imiy,2000,0.002530
FR,FRBE_imiy,2001,0.002277
FR,FRBE_imiy,2002,0.002291
FR,FRBE_imiy,2003,0.002294
FR,FRBE_imiy,2004,0.002426
FR,FRBE_imiy,2005,0.002550
FR,FRBE_imiy,2006,0.002720
FR,FRBE_imiy,2007,0.002812
FR,FRBE_imiy,2008,0.003168
FR,FRBE_imiy,2009,0.002680
FR,FRBE_imiy,2010,0.002817
FR,FRBE_imiy,2011,0.002767
FR,FRBE_imiy,2012,0.002872
FR,FRBE_imiy,2013,0.002941
FR,FRBE_imiy,2014,0.003033
FR,FRBE_imiy,2015,0.002903
FR,FRBE_imiy,2016,0.002911
FR,FRBE_imiy,2017,0.002997
FR,FRBE_imiy,2018,0.003100
FR,FRBE_imiy,2019,0.003152
FR,FRBE_imiy,2020,0.003526
FR,FRBE_imiy,average,0.002778
FR,FRDE_imcgy,1995,0.002276
FR,FRDE_imcgy,1996,0.002203
FR,FRDE_imcgy,1997,0.002336
FR,FRDE_imcgy,1998,0.002080
FR,FRDE_imcgy,1999,0.001999
FR,FRDE_imcgy,2000,0.002157
FR,FRDE_imcgy,2001,0.002140
FR,FRDE_imcgy,2002,0.002265
FR,FRDE_imcgy,2003,0.002300
FR,FRDE_imcgy,2004,0.002387
FR,FRDE_imcgy,2005,0.002385
FR,FRDE_imcgy,2006,0.002370
FR,FRDE_imcgy,2007,0.002448
FR,FRDE_imcgy,2008,0.002386
FR,FRDE_imcgy,2009,0.002344
FR,FRDE_imcgy,2010,0.002489
FR,FRDE_imcgy,2011,0.002642
FR,FRDE_imcgy,2012,0.002731
FR,FRDE_imcgy,2013,0.002695
FR,FRDE_imcgy,2014,0.002921
FR,FRDE_imcgy,2015,0.002876
FR,FRDE_imcgy,2016,0.002703
FR,FRDE_imcgy,2017,0.002781
FR,FRDE_imcgy,2018,0.002819
FR,FRDE_imcgy,2019,0.002677
FR,FRDE_imcgy,2020,0.003378
FR,FRDE_imcgy,average,0.002549
FR,FRDE_imcy,1995,0.016165
FR,FRDE_imcy,1996,0.015387
FR,FRDE_imcy,1997,0.014792
FR,FRDE_imcy,1998,0.015856
FR,FRDE_imcy,1999,0.015732
FR,FRDE_imcy,2000,0.016076
FR,FRDE_imcy,2001,0.016475
FR,FRDE_imcy,2002,0.016773
FR,FRDE_imcy,2003,0.015978
FR,FRDE_imcy,2004,0.016296
FR,FRDE_imcy,2005,0.017138
FR,FRDE_imcy,2006,0.016888
FR,FRDE_imcy,2007,0.016953
FR,FRDE_imcy,2008,0.016579
FR,FRDE_imcy,2009,0.015642
FR,FRDE_imcy,2010,0.016984
FR,FRDE_imcy,2011,0.017486
FR,FRDE_imcy,2012,0.017216
FR,FRDE_imcy,2013,0.017125
FR,FRDE_imcy,2014,0.017640
FR,FRDE_imcy,2015,0.017068
FR,FRDE_imcy,2016,0.017066
FR,FRDE_imcy,2017,0.016866
FR,FRDE_imcy,2018,0.016612
FR,FRDE_imcy,2019,0.016219
FR,FRDE_imcy,2020,0.018243
FR,FRDE_imcy,average,0.016708
FR,FRDE_imigy,1995,0.000397
FR,FRDE_imigy,1996,0.000384
FR,FRDE_imigy,1997,0.000387
FR,FRDE_imigy,1998,0.000395
FR,FRDE_imigy,1999,0.000392
FR,FRDE_imigy,2000,0.000439
FR,FRDE_imigy,2001,0.000464
FR,FRDE_imigy,2002,0.000477
FR,FRDE_imigy,2003,0.000457
FR,FRDE_imigy,2004,0.000494
FR,FRDE_imigy,2005,0.000514
FR,FRDE_imigy,2006,0.000544
FR,FRDE_imigy,2007,0.000577
FR,FRDE_imigy,2008,0.000538
FR,FRDE_imigy,2009,0.000460
FR,FRDE_imigy,2010,0.000516
FR,FRDE_imigy,2011,0.000535
FR,FRDE_imigy,2012,0.000547
FR,FRDE_imigy,2013,0.000524
FR,FRDE_imigy,2014,0.000551
FR,FRDE_imigy,2015,0.000531
FR,FRDE_imigy,2016,0.000521
FR,FRDE_imigy,2017,0.000529
FR,FRDE_imigy,2018,0.000534
FR,FRDE_imigy,2019,0.000513
FR,FRDE_imigy,2020,0.000585
FR,FRDE_imigy,average,0.000504
FR,FRDE_imiy,1995,0.007660
FR,FRDE_imiy,1996,0.007504
FR,FRDE_imiy,1997,0.007074
FR,FRDE_imiy,1998,0.007823
FR,FRDE_imiy,1999,0.007953
FR,FRDE_imiy,2000,0.008538
FR,FRDE_imiy,2001,0.008517
FR,FRDE_imiy,2002,0.008289
FR,FRDE_imiy,2003,0.007888
FR,FRDE_imiy,2004,0.008239
FR,FRDE_imiy,2005,0.008416
FR,FRDE_imiy,2006,0.008585
FR,FRDE_imiy,2007,0.009205
FR,FRDE_imiy,2008,0.009778
FR,FRDE_imiy,2009,0.007848
FR,FRDE_imiy,2010,0.009445
FR,FRDE_imiy,2011,0.009799
FR,FRDE_imiy,2012,0.009839
FR,FRDE_imiy,2013,0.009458
FR,FRDE_imiy,2014,0.009755
FR,FRDE_imiy,2015,0.009691
FR,FRDE_imiy,2016,0.009847
FR,FRDE_imiy,2017,0.009985
FR,FRDE_imiy,2018,0.010146
FR,FRDE_imiy,2019,0.010105
FR,FRDE_imiy,2020,0.010374
FR,FRDE_imiy,average,0.009113
FR,FRES_imcgy,1995,0.000661
FR,FRES_imcgy,1996,0.000714
FR,FRES_imcgy,1997,0.000832
FR,FRES_imcgy,1998,0.000805
FR,FRES_imcgy,1999,0.000801
FR,FRES_imcgy,2000,0.000894
FR,FRES_imcgy,2001,0.000917
FR,FRES_imcgy,2002,0.000972
FR,FRES_imcgy,2003,0.001029
FR,FRES_imcgy,2004,0.001014
FR,FRES_imcgy,2005,0.001025
FR,FRES_imcgy,2006,0.001056
FR,FRES_imcgy,2007,0.001076
FR,FRES_imcgy,2008,0.001087
FR,FRES_imcgy,2009,0.001092
FR,FRES_imcgy,2010,0.001154
FR,FRES_imcgy,2011,0.001229
FR,FRES_imcgy,2012,0.001262
FR,FRES_imcgy,2013,0.001258
FR,FRES_imcgy,2014,0.001213
FR,FRES_imcgy,2015,0.001209
FR,FRES_imcgy,2016,0.001183
FR,FRES_imcgy,2017,0.001153
FR,FRES_imcgy,2018,0.001161
FR,FRES_imcgy,2019,0.001112
FR,FRES_imcgy,2020,0.001347
FR,FRES_imcgy,average,0.001087
FR,FRES_imcy,1995,0.008283
FR,FRES_imcy,1996,0.008874
FR,FRES_imcy,1997,0.009107
FR,FRES_imcy,1998,0.009978
FR,FRES_imcy,1999,0.010332
FR,FRES_imcy,2000,0.010952
FR,FRES_imcy,2001,0.010938
FR,FRES_imcy,2002,0.011290
FR,FRES_imcy,2003,0.011830
FR,FRES_imcy,2004,0.011646
FR,FRES_imcy,2005,0.011783
FR,FRES_imcy,2006,0.011444
FR,FRES_imcy,2007,0.011641
FR,FRES_imcy,2008,0.011359
FR,FRES_imcy,2009,0.010763
FR,FRES_imcy,2010,0.011024
FR,FRES_imcy,2011,0.011344
FR,FRES_imcy,2012,0.011492
FR,FRES_imcy,2013,0.011483
FR,FRES_imcy,2014,0.011378
FR,FRES_imcy,2015,0.011269
FR,FRES_imcy,2016,0.011516
FR,FRES_imcy,2017,0.011347
FR,FRES_imcy,2018,0.011937
FR,FRES_imcy,2019,0.011870
FR,FRES_imcy,2020,0.011085
FR,FRES_imcy,average,0.011140
FR,FRES_imigy,1995,0.000126
FR,FRES_imigy,1996,0.000136
FR,FRES_imigy,1997,0.000146
FR,FRES_imigy,1998,0.000156
FR,FRES_imigy,1999,0.000156
FR,FRES_imigy,2000,0.000186
FR,FRES_imigy,2001,0.000186
FR,FRES_imigy,2002,0.000192
FR,FRES_imigy,2003,0.000206
FR,FRES_imigy,2004,0.000209
FR,FRES_imigy,2005,0.000216
FR,FRES_imigy,2006,0.000229
FR,FRES_imigy,2007,0.000244
FR,FRES_imigy,2008,0.000224
FR,FRES_imigy,2009,0.000186
FR,FRES_imigy,2010,0.000188
FR,FRES_imigy,2011,0.000205
FR,FRES_imigy,2012,0.000204
FR,FRES_imigy,2013,0.000204
FR,FRES_imigy,2014,0.000204
FR,FRES_imigy,2015,0.000201
FR,FRES_imigy,2016,0.000203
FR,FRES_imigy,2017,0.000200
FR,FRES_imigy,2018,0.000211
FR,FRES_imigy,2019,0.000205
FR,FRES_imigy,2020,0.000225
FR,FRES_imigy,average,0.000198
FR,FRES_imiy,1995,0.002439
FR,FRES_imiy,1996,0.002654
FR,FRES_imiy,1997,0.002675
FR,FRES_imiy,1998,0.003084
FR,FRES_imiy,1999,0.003174
FR,FRES_imiy,2000,0.003628
FR,FRES_imiy,2001,0.003413
FR,FRES_imiy,2002,0.003332
FR,FRES_imiy,2003,0.003549
FR,FRES_imiy,2004,0.003483
FR,FRES_imiy,2005,0.003529
FR,FRES_imiy,2006,0.003605
FR,FRES_imiy,2007,0.003899
FR,FRES_imiy,2008,0.004071
FR,FRES_imiy,2009,0.003174
FR,FRES_imiy,2010,0.003441
FR,FRES_imiy,2011,0.003764
FR,FRES_imiy,2012,0.003666
FR,FRES_imiy,2013,0.003678
FR,FRES_imiy,2014,0.003621
FR,FRES_imiy,2015,0.003675
FR,FRES_imiy,2016,0.003846
FR,FRES_imiy,2017,0.003774
FR,FRES_imiy,2018,0.004014
FR,FRES_imiy,2019,0.004031
FR,FRES_imiy,2020,0.003999
FR,FRES_imiy,average,0.003585
FR,FRFI_imcgy,1995,0.000140
FR,FRFI_imcgy,1996,0.000121
FR,FRFI_imcgy,1997,0.000136
FR,FRFI_imcgy,1998,0.000140
FR,FRFI_imcgy,1999,0.000151
FR,FRFI_imcgy,2000,0.000183
FR,FRFI_imcgy,2001,0.000156
FR,FRFI_imcgy,2002,0.000182
FR,FRFI_imcgy,2003,0.000155
FR,FRFI_imcgy,2004,0.000128
FR,FRFI_imcgy,2005,0.000131
FR,FRFI_imcgy,2006,0.000164
FR,FRFI_imcgy,2007,0.000125
FR,FRFI_imcgy,2008,0.000106
FR,FRFI_imcgy,2009,0.000098
FR,FRFI_imcgy,2010,0.000122
FR,FRFI_imcgy,2011,0.000100
FR,FRFI_imcgy,2012,0.000093
FR,FRFI_imcgy,2013,0.000095
FR,FRFI_imcgy,2014,0.000083
FR,FRFI_imcgy,2015,0.000094
FR,FRFI_imcgy,2016,0.000099
FR,FRFI_imcgy,2017,0.000099
FR,FRFI_imcgy,2018,0.000100
FR,FRFI_imcgy,2019,0.000097
FR,FRFI_imcgy,2020,0.000102
FR,FRFI_imcgy,average,0.000117
FR,FRFI_imcy,1995,0.000749
FR,FRFI_imcy,1996,0.000664
FR,FRFI_imcy,1997,0.000698
FR,FRFI_imcy,1998,0.000747
FR,FRFI_imcy,1999,0.000789
FR,FRFI_imcy,2000,0.000911
FR,FRFI_imcy,2001,0.000785
FR,FRFI_imcy,2002,0.000848
FR,FRFI_imcy,2003,0.000748
FR,FRFI_imcy,2004,0.000672
FR,FRFI_imcy,2005,0.000642
FR,FRFI_imcy,2006,0.000752
FR,FRFI_imcy,2007,0.000657
FR,FRFI_imcy,2008,0.000639
FR,FRFI_imcy,2009,0.000510
FR,FRFI_imcy,2010,0.000603
FR,FRFI_imcy,2011,0.000523
FR,FRFI_imcy,2012,0.000482
FR,FRFI_imcy,2013,0.000497
FR,FRFI_imcy,2014,0.000436
FR,FRFI_imcy,2015,0.000454
FR,FRFI_imcy,2016,0.000471
FR,FRFI_imcy,2017,0.000492
FR,FRFI_imcy,2018,0.000504
FR,FRFI_imcy,2019,0.000540
FR,FRFI_imcy,2020,0.000442
FR,FRFI_imcy,average,0.000597
FR,FRFI_imigy,1995,0.000019
FR,FRFI_imigy,1996,0.000017
FR,FRFI_imigy,1997,0.000020
FR,FRFI_imigy,1998,0.000020
FR,FRFI_imigy,1999,0.000022
FR,FRFI_imigy,2000,0.000028
FR,FRFI_imigy,2001,0.000025
FR,FRFI_imigy,2002,0.000029
FR,FRFI_imigy,2003,0.000024
FR,FRFI_imigy,2004,0.000022
FR,FRFI_imigy,2005,0.000024
FR,FRFI_imigy,2006,0.000030
FR,FRFI_imigy,2007,0.000027
FR,FRFI_imigy,2008,0.000024
FR,FRFI_imigy,2009,0.000019
FR,FRFI_imigy,2010,0.000021
FR,FRFI_imigy,2011,0.000019
FR,FRFI_imigy,2012,0.000018
FR,FRFI_imigy,2013,0.000020
FR,FRFI_imigy,2014,0.000019
FR,FRFI_imigy,2015,0.000017
FR,FRFI_imigy,2016,0.000017
FR,FRFI_imigy,2017,0.000018
FR,FRFI_imigy,2018,0.000019
FR,FRFI_imigy,2019,0.000020
FR,FRFI_imigy,2020,0.000020
FR,FRFI_imigy,average,0.000021
FR,FRFI_imiy,1995,0.000364
FR,FRFI_imiy,1996,0.000327
FR,FRFI_imiy,1997,0.000365
FR,FRFI_imiy,1998,0.000405
FR,FRFI_imiy,1999,0.000452
FR,FRFI_imiy,2000,0.000544
FR,FRFI_imiy,2001,0.000457
FR,FRFI_imiy,2002,0.000503
FR,FRFI_imiy,2003,0.000415
FR,FRFI_imiy,2004,0.000369
FR,FRFI_imiy,2005,0.000396
FR,FRFI_imiy,2006,0.000476
FR,FRFI_imiy,2007,0.000424
FR,FRFI_imiy,2008,0.000432
FR,FRFI_imiy,2009,0.000318
FR,FRFI_imiy,2010,0.000383
FR,FRFI_imiy,2011,0.000341
FR,FRFI_imiy,2012,0.000331
FR,FRFI_imiy,2013,0.000357
FR,FRFI_imiy,2014,0.000329
FR,FRFI_imiy,2015,0.000313
FR,FRFI_imiy,2016,0.000329
FR,FRFI_imiy,2017,0.000346
FR,FRFI_imiy,2018,0.000359
FR,FRFI_imiy,2019,0.000388
FR,FRFI_imiy,2020,0.000354
FR,FRFI_imiy,average,0.000380
FR,FRGR_imcgy,1995,0.000027
FR,FRGR_imcgy,1996,0.000025
FR,FRGR_imcgy,1997,0.000028
FR,FRGR_imcgy,1998,0.000025
FR,FRGR_imcgy,1999,0.000028
FR,FRGR_imcgy,2000,0.000030
FR,FRGR_imcgy,2001,0.000035
FR,FRGR_imcgy,2002,0.000035
FR,FRGR_imcgy,2003,0.000026
FR,FRGR_imcgy,2004,0.000031
FR,FRGR_imcgy,2005,0.000030
FR,FRGR_imcgy,2006,0.000091
FR,FRGR_imcgy,2007,0.000037
FR,FRGR_imcgy,2008,0.000044
FR,FRGR_imcgy,2009,0.000040
FR,FRGR_imcgy,2010,0.000034
FR,FRGR_imcgy,2011,0.000033
FR,FRGR_imcgy,2012,0.000034
FR,FRGR_imcgy,2013,0.000036
FR,FRGR_imcgy,2014,0.000034
FR,FRGR_imcgy,2015,0.000029
FR,FRGR_imcgy,2016,0.000030
FR,FRGR_imcgy,2017,0.000034
FR,FRGR_imcgy,2018,0.000066
FR,FRGR_imcgy,2019,0.000053
FR,FRGR_imcgy,2020,0.000105
FR,FRGR_imcgy,average,0.000041
FR,FRGR_imcy,1995,0.000499
FR,FRGR_imcy,1996,0.000502
FR,FRGR_imcy,1997,0.000581
FR,FRGR_imcy,1998,0.000558
FR,FRGR_imcy,1999,0.000552
FR,FRGR_imcy,2000,0.000557
FR,FRGR_imcy,2001,0.000651
FR,FRGR_imcy,2002,0.000634
FR,FRGR_imcy,2003,0.000704
FR,FRGR_imcy,2004,0.000624
FR,FRGR_imcy,2005,0.000672
FR,FRGR_imcy,2006,0.000669
FR,FRGR_imcy,2007,0.000632
FR,FRGR_imcy,2008,0.000591
FR,FRGR_imcy,2009,0.000581
FR,FRGR_imcy,2010,0.000497
FR,FRGR_imcy,2011,0.000572
FR,FRGR_imcy,2012,0.000423
FR,FRGR_imcy,2013,0.000479
FR,FRGR_imcy,2014,0.000576
FR,FRGR_imcy,2015,0.000648
FR,FRGR_imcy,2016,0.000510
FR,FRGR_imcy,2017,0.000469
FR,FRGR_imcy,2018,0.000548
FR,FRGR_imcy,2019,0.000548
FR,FRGR_imcy,2020,0.000381
FR,FRGR_imcy,average,0.000559
FR,FRGR_imigy,1995,0.000003
FR,FRGR_imigy,1996,0.000002
FR,FRGR_imigy,1997,0.000002
FR,FRGR_imigy,1998,0.000002
FR,FRGR_imigy,1999,0.000002
FR,FRGR_imigy,2000,0.000003
FR,FRGR_imigy,2001,0.000003
FR,FRGR_imigy,2002,0.000004
FR,FRGR_imigy,2003,0.000003
FR,FRGR_imigy,2004,0.000004
FR,FRGR_imigy,2005,0.000003
FR,FRGR_imigy,2006,0.000004
FR,FRGR_imigy,2007,0.000004
FR,FRGR_imigy,2008,0.000004
FR,FRGR_imigy,2009,0.000004
FR,FRGR_imigy,2010,0.000003
FR,FRGR_imigy,2011,0.000004
FR,FRGR_imigy,2012,0.000003
FR,FRGR_imigy,2013,0.000003
FR,FRGR_imigy,2014,0.000004
FR,FRGR_imigy,2015,0.000003
FR,FRGR_imigy,2016,0.000003
FR,FRGR_imigy,2017,0.000003
FR,FRGR_imigy,2018,0.000003
FR,FRGR_imigy,2019,0.000003
FR,FRGR_imigy,2020,0.000004
FR,FRGR_imigy,average,0.000003
FR,FRGR_imiy,1995,0.000051
FR,FRGR_imiy,1996,0.000047
FR,FRGR_imiy,1997,0.000039
FR,FRGR_imiy,1998,0.000043
FR,FRGR_imiy,1999,0.000045
FR,FRGR_imiy,2000,0.000052
FR,FRGR_imiy,2001,0.000056
FR,FRGR_imiy,2002,0.000064
FR,FRGR_imiy,2003,0.000055
FR,FRGR_imiy,2004,0.000066
FR,FRGR_imiy,2005,0.000057
FR,FRGR_imiy,2006,0.000066
FR,FRGR_imiy,2007,0.000063
FR,FRGR_imiy,2008,0.000075
FR,FRGR_imiy,2009,0.000069
FR,FRGR_imiy,2010,0.000059
FR,FRGR_imiy,2011,0.000066
FR,FRGR_imiy,2012,0.000060
FR,FRGR_imiy,2013,0.000057
FR,FRGR_imiy,2014,0.000063
FR,FRGR_imiy,2015,0.000060
FR,FRGR_imiy,2016,0.000059
FR,FRGR_imiy,2017,0.000062
FR,FRGR_imiy,2018,0.000062
FR,FRGR_imiy,2019,0.000064
FR,FRGR_imiy,2020,0.000071
FR,FRGR_imiy,average,0.000061
FR,FRIT_imcgy,1995,0.001462
FR,FRIT_imcgy,1996,0.001587
FR,FRIT_imcgy,1997,0.001686
FR,FRIT_imcgy,1998,0.001544
FR,FRIT_imcgy,1999,0.001405
FR,FRIT_imcgy,2000,0.001393
FR,FRIT_imcgy,2001,0.001478
FR,FRIT_imcgy,2002,0.001543
FR,FRIT_imcgy,2003,0.001593
FR,FRIT_imcgy,2004,0.001664
FR,FRIT_imcgy,2005,0.001648
FR,FRIT_imcgy,2006,0.001600
FR,FRIT_imcgy,2007,0.001568
FR,FRIT_imcgy,2008,0.001422
FR,FRIT_imcgy,2009,0.001348
FR,FRIT_imcgy,2010,0.001284
FR,FRIT_imcgy,2011,0.001309
FR,FRIT_imcgy,2012,0.001263
FR,FRIT_imcgy,2013,0.001224
FR,FRIT_imcgy,2014,0.001274
FR,FRIT_imcgy,2015,0.001229
FR,FRIT_imcgy,2016,0.001196
FR,FRIT_imcgy,2017,0.001250
FR,FRIT_imcgy,2018,0.001282
FR,FRIT_imcgy,2019,0.001208
FR,FRIT_imcgy,2020,0.001590
FR,FRIT_imcgy,average,0.001402
FR,FRIT_imcy,1995,0.012201
FR,FRIT_imcy,1996,0.012617
FR,FRIT_imcy,1997,0.012544
FR,FRIT_imcy,1998,0.013066
FR,FRIT_imcy,1999,0.012688
FR,FRIT_imcy,2000,0.012812
FR,FRIT_imcy,2001,0.013282
FR,FRIT_imcy,2002,0.013311
FR,FRIT_imcy,2003,0.012877
FR,FRIT_imcy,2004,0.012880
FR,FRIT_imcy,2005,0.012512
FR,FRIT_imcy,2006,0.012260
FR,FRIT_imcy,2007,0.012086
FR,FRIT_imcy,2008,0.011806
FR,FRIT_imcy,2009,0.010527
FR,FRIT_imcy,2010,0.010379
FR,FRIT_imcy,2011,0.010231
FR,FRIT_imcy,2012,0.010070
FR,FRIT_imcy,2013,0.009967
FR,FRIT_imcy,2014,0.010259
FR,FRIT_imcy,2015,0.010242
FR,FRIT_imcy,2016,0.010243
FR,FRIT_imcy,2017,0.010503
FR,FRIT_imcy,2018,0.010540
FR,FRIT_imcy,2019,0.010470
FR,FRIT_imcy,2020,0.010394
FR,FRIT_imcy,average,0.011308
FR,FRIT_imigy,1995,0.000241
FR,FRIT_imigy,1996,0.000254
FR,FRIT_imigy,1997,0.000264
FR,FRIT_imigy,1998,0.000266
FR,FRIT_imigy,1999,0.000256
FR,FRIT_imigy,2000,0.000286
FR,FRIT_imigy,2001,0.000302
FR,FRIT_imigy,2002,0.000287
FR,FRIT_imigy,2003,0.000288
FR,FRIT_imigy,2004,0.000314
FR,FRIT_imigy,2005,0.000327
FR,FRIT_imigy,2006,0.000341
FR,FRIT_imigy,2007,0.000349
FR,FRIT_imigy,2008,0.000317
FR,FRIT_imigy,2009,0.000252
FR,FRIT_imigy,2010,0.000235
FR,FRIT_imigy,2011,0.000245
FR,FRIT_imigy,2012,0.000247
FR,FRIT_imigy,2013,0.000235
FR,FRIT_imigy,2014,0.000238
FR,FRIT_imigy,2015,0.000226
FR,FRIT_imigy,2016,0.000223
FR,FRIT_imigy,2017,0.000233
FR,FRIT_imigy,2018,0.000240
FR,FRIT_imigy,2019,0.000229
FR,FRIT_imigy,2020,0.000250
FR,FRIT_imigy,average,0.000264
FR,FRIT_imiy,1995,0.004658
FR,FRIT_imiy,1996,0.004970
FR,FRIT_imiy,1997,0.004823
FR,FRIT_imiy,1998,0.005269
FR,FRIT_imiy,1999,0.005200
FR,FRIT_imiy,2000,0.005560
FR,FRIT_imiy,2001,0.005535
FR,FRIT_imiy,2002,0.004990
FR,FRIT_imiy,2003,0.004980
FR,FRIT_imiy,2004,0.005228
FR,FRIT_imiy,2005,0.005354
FR,FRIT_imiy,2006,0.005374
FR,FRIT_imiy,2007,0.005573
FR,FRIT_imiy,2008,0.005760
FR,FRIT_imiy,2009,0.004302
FR,FRIT_imiy,2010,0.004303
FR,FRIT_imiy,2011,0.004496
FR,FRIT_imiy,2012,0.004447
FR,FRIT_imiy,2013,0.004233
FR,FRIT_imiy,2014,0.004219
FR,FRIT_imiy,2015,0.004136
FR,FRIT_imiy,2016,0.004222
FR,FRIT_imiy,2017,0.004396
FR,FRIT_imiy,2018,0.004554
FR,FRIT_imiy,2019,0.004507
FR,FRIT_imiy,2020,0.004443
FR,FRIT_imiy,average,0.004768
FR,FRNL_imcgy,1995,0.000741
FR,FRNL_imcgy,1996,0.000779
FR,FRNL_imcgy,1997,0.000695
FR,FRNL_imcgy,1998,0.000652
FR,FRNL_imcgy,1999,0.000679
FR,FRNL_imcgy,2000,0.000679
FR,FRNL_imcgy,2001,0.000649
FR,FRNL_imcgy,2002,0.000721
FR,FRNL_imcgy,2003,0.000713
FR,FRNL_imcgy,2004,0.000681
FR,FRNL_imcgy,2005,0.000652
FR,FRNL_imcgy,2006,0.000621
FR,FRNL_imcgy,2007,0.000648
FR,FRNL_imcgy,2008,0.000660
FR,FRNL_imcgy,2009,0.000656
FR,FRNL_imcgy,2010,0.000648
FR,FRNL_imcgy,2011,0.000657
FR,FRNL_imcgy,2012,0.000651
FR,FRNL_imcgy,2013,0.000682
FR,FRNL_imcgy,2014,0.000716
FR,FRNL_imcgy,2015,0.000823
FR,FRNL_imcgy,2016,0.000806
FR,FRNL_imcgy,2017,0.000851
FR,FRNL_imcgy,2018,0.000909
FR,FRNL_imcgy,2019,0.000831
FR,FRNL_imcgy,2020,0.001396
FR,FRNL_imcgy,average,0.000746
FR,FRNL_imcy,1995,0.006377
FR,FRNL_imcy,1996,0.006382
FR,FRNL_imcy,1997,0.005800
FR,FRNL_imcy,1998,0.005865
FR,FRNL_imcy,1999,0.005944
FR,FRNL_imcy,2000,0.005833
FR,FRNL_imcy,2001,0.005840
FR,FRNL_imcy,2002,0.006170
FR,FRNL_imcy,2003,0.005869
FR,FRNL_imcy,2004,0.005350
FR,FRNL_imcy,2005,0.005176
FR,FRNL_imcy,2006,0.004827
FR,FRNL_imcy,2007,0.004912
FR,FRNL_imcy,2008,0.004947
FR,FRNL_imcy,2009,0.004836
FR,FRNL_imcy,2010,0.004605
FR,FRNL_imcy,2011,0.004740
FR,FRNL_imcy,2012,0.004779
FR,FRNL_imcy,2013,0.004863
FR,FRNL_imcy,2014,0.004953
FR,FRNL_imcy,2015,0.005460
FR,FRNL_imcy,2016,0.005529
FR,FRNL_imcy,2017,0.005823
FR,FRNL_imcy,2018,0.005956
FR,FRNL_imcy,2019,0.005780
FR,FRNL_imcy,2020,0.007620
FR,FRNL_imcy,average,0.005463
FR,FRNL_imigy,1995,0.000078
FR,FRNL_imigy,1996,0.000078
FR,FRNL_imigy,1997,0.000079
FR,FRNL_imigy,1998,0.000074
FR,FRNL_imigy,1999,0.000076
FR,FRNL_imigy,2000,0.000084
FR,FRNL_imigy,2001,0.000084
FR,FRNL_imigy,2002,0.000092
FR,FRNL_imigy,2003,0.000092
FR,FRNL_imigy,2004,0.000093
FR,FRNL_imigy,2005,0.000093
FR,FRNL_imigy,2006,0.000097
FR,FRNL_imigy,2007,0.000099
FR,FRNL_imigy,2008,0.000096
FR,FRNL_imigy,2009,0.000090
FR,FRNL_imigy,2010,0.000080
FR,FRNL_imigy,2011,0.000086
FR,FRNL_imigy,2012,0.000086
FR,FRNL_imigy,2013,0.000087
FR,FRNL_imigy,2014,0.000094
FR,FRNL_imigy,2015,0.000102
FR,FRNL_imigy,2016,0.000101
FR,FRNL_imigy,2017,0.000109
FR,FRNL_imigy,2018,0.000116
FR,FRNL_imigy,2019,0.000109
FR,FRNL_imigy,2020,0.000167
FR,FRNL_imigy,average,0.000096
FR,FRNL_imiy,1995,0.001502
FR,FRNL_imiy,1996,0.001515
FR,FRNL_imiy,1997,0.001450
FR,FRNL_imiy,1998,0.001471
FR,FRNL_imiy,1999,0.001552
FR,FRNL_imiy,2000,0.001627
FR,FRNL_imiy,2001,0.001538
FR,FRNL_imiy,2002,0.001601
FR,FRNL_imiy,2003,0.001585
FR,FRNL_imiy,2004,0.001556
FR,FRNL_imiy,2005,0.001516
FR,FRNL_imiy,2006,0.001527
FR,FRNL_imiy,2007,0.001584
FR,FRNL_imiy,2008,0.001737
FR,FRNL_imiy,2009,0.001531
FR,FRNL_imiy,2010,0.001455
FR,FRNL_imiy,2011,0.001576
FR,FRNL_imiy,2012,0.001543
FR,FRNL_imiy,2013,0.001569
FR,FRNL_imiy,2014,0.001665
FR,FRNL_imiy,2015,0.001865
FR,FRNL_imiy,2016,0.001910
FR,FRNL_imiy,2017,0.002054
FR,FRNL_imiy,2018,0.002195
FR,FRNL_imiy,2019,0.002143
FR,FRNL_imiy,2020,0.002968
FR,FRNL_imiy,average,0.001733
FR,FRPT_imcgy,1995,0.000113
FR,FRPT_imcgy,1996,0.000120
FR,FRPT_imcgy,1997,0.000127
FR,FRPT_imcgy,1998,0.000117
FR,FRPT_imcgy,1999,0.000113
FR,FRPT_imcgy,2000,0.000118
FR,FRPT_imcgy,2001,0.000118
FR,FRPT_imcgy,2002,0.000129
FR,FRPT_imcgy,2003,0.000136
FR,FRPT_imcgy,2004,0.000144
FR,FRPT_imcgy,2005,0.000141
FR,FRPT_imcgy,2006,0.000146
FR,FRPT_imcgy,2007,0.000141
FR,FRPT_imcgy,2008,0.000148
FR,FRPT_imcgy,2009,0.000138
FR,FRPT_imcgy,2010,0.000152
FR,FRPT_imcgy,2011,0.000153
FR,FRPT_imcgy,2012,0.000154
FR,FRPT_imcgy,2013,0.000181
FR,FRPT_imcgy,2014,0.000183
FR,FRPT_imcgy,2015,0.000181
FR,FRPT_imcgy,2016,0.000191
FR,FRPT_imcgy,2017,0.000200
FR,FRPT_imcgy,2018,0.000210
FR,FRPT_imcgy,2019,0.000209
FR,FRPT_imcgy,2020,0.000238
FR,FRPT_imcgy,average,0.000160
FR,FRPT_imcy,1995,0.001740
FR,FRPT_imcy,1996,0.001855
FR,FRPT_imcy,1997,0.001897
FR,FRPT_imcy,1998,0.001960
FR,FRPT_imcy,1999,0.001921
FR,FRPT_imcy,2000,0.001829
FR,FRPT_imcy,2001,0.001820
FR,FRPT_imcy,2002,0.001842
FR,FRPT_imcy,2003,0.001920
FR,FRPT_imcy,2004,0.001786
FR,FRPT_imcy,2005,0.001738
FR,FRPT_imcy,2006,0.001775
FR,FRPT_imcy,2007,0.001778
FR,FRPT_imcy,2008,0.001749
FR,FRPT_imcy,2009,0.001656
FR,FRPT_imcy,2010,0.001792
FR,FRPT_imcy,2011,0.001862
FR,FRPT_imcy,2012,0.001815
FR,FRPT_imcy,2013,0.001970
FR,FRPT_imcy,2014,0.002020
FR,FRPT_imcy,2015,0.002012
FR,FRPT_imcy,2016,0.002134
FR,FRPT_imcy,2017,0.002201
FR,FRPT_imcy,2018,0.002539
FR,FRPT_imcy,2019,0.002586
FR,FRPT_imcy,2020,0.002198
FR,FRPT_imcy,average,0.001955
FR,FRPT_imigy,1995,0.000018
FR,FRPT_imigy,1996,0.000020
FR,FRPT_imigy,1997,0.000022
FR,FRPT_imigy,1998,0.000021
FR,FRPT_imigy,1999,0.000020
FR,FRPT_imigy,2000,0.000023
FR,FRPT_imigy,2001,0.000023
FR,FRPT_imigy,2002,0.000025
FR,FRPT_imigy,2003,0.000027
FR,FRPT_imigy,2004,0.000030
FR,FRPT_imigy,2005,0.000029
FR,FRPT_imigy,2006,0.000033
FR,FRPT_imigy,2007,0.000032
FR,FRPT_imigy,2008,0.000029
FR,FRPT_imigy,2009,0.000025
FR,FRPT_imigy,2010,0.000025
FR,FRPT_imigy,2011,0.000028
FR,FRPT_imigy,2012,0.000028
FR,FRPT_imigy,2013,0.000030
FR,FRPT_imigy,2014,0.000031
FR,FRPT_imigy,2015,0.000030
FR,FRPT_imigy,2016,0.000032
FR,FRPT_imigy,2017,0.000035
FR,FRPT_imigy,2018,0.000040
FR,FRPT_imigy,2019,0.000040
FR,FRPT_imigy,2020,0.000041
FR,FRPT_imigy,average,0.000029
FR,FRPT_imiy,1995,0.000357
FR,FRPT_imiy,1996,0.000386
FR,FRPT_imiy,1997,0.000393
FR,FRPT_imiy,1998,0.000421
FR,FRPT_imiy,1999,0.000413
FR,FRPT_imiy,2000,0.000444
FR,FRPT_imiy,2001,0.000422
FR,FRPT_imiy,2002,0.000437
FR,FRPT_imiy,2003,0.000459
FR,FRPT_imiy,2004,0.000493
FR,FRPT_imiy,2005,0.000476
FR,FRPT_imiy,2006,0.000516
FR,FRPT_imiy,2007,0.000508
FR,FRPT_imiy,2008,0.000536
FR,FRPT_imiy,2009,0.000422
FR,FRPT_imiy,2010,0.000463
FR,FRPT_imiy,2011,0.000516
FR,FRPT_imiy,2012,0.000505
FR,FRPT_imiy,2013,0.000538
FR,FRPT_imiy,2014,0.000547
FR,FRPT_imiy,2015,0.000554
FR,FRPT_imiy,2016,0.000611
FR,FRPT_imiy,2017,0.000661
FR,FRPT_imiy,2018,0.000761
FR,FRPT_imiy,2019,0.000779
FR,FRPT_imiy,2020,0.000736
FR,FRPT_imiy,average,0.000532
FR,FRRA_imcgy,1995,0.000435
FR,FRRA_imcgy,1996,0.000489
FR,FRRA_imcgy,1997,0.000569
FR,FRRA_imcgy,1998,0.000715
FR,FRRA_imcgy,1999,0.000727
FR,FRRA_imcgy,2000,0.000773
FR,FRRA_imcgy,2001,0.000786
FR,FRRA_imcgy,2002,0.000878
FR,FRRA_imcgy,2003,0.000836
FR,FRRA_imcgy,2004,0.000835
FR,FRRA_imcgy,2005,0.000959
FR,FRRA_imcgy,2006,0.001009
FR,FRRA_imcgy,2007,0.000954
FR,FRRA_imcgy,2008,0.000773
FR,FRRA_imcgy,2009,0.000890
FR,FRRA_imcgy,2010,0.000875
FR,FRRA_imcgy,2011,0.000891
FR,FRRA_imcgy,2012,0.000974
FR,FRRA_imcgy,2013,0.001091
FR,FRRA_imcgy,2014,0.001369
FR,FRRA_imcgy,2015,0.001396
FR,FRRA_imcgy,2016,0.001450
FR,FRRA_imcgy,2017,0.001408
FR,FRRA_imcgy,2018,0.001527
FR,FRRA_imcgy,2019,0.001542
FR,FRRA_imcgy,2020,0.002102
FR,FRRA_imcgy,average,0.001066
FR,FRRA_imcy,1995,0.003135
FR,FRRA_imcy,1996,0.003318
FR,FRRA_imcy,1997,0.003312
FR,FRRA_imcy,1998,0.003795
FR,FRRA_imcy,1999,0.003890
FR,FRRA_imcy,2000,0.004184
FR,FRRA_imcy,2001,0.004081
FR,FRRA_imcy,2002,0.003552
FR,FRRA_imcy,2003,0.003820
FR,FRRA_imcy,2004,0.004076
FR,FRRA_imcy,2005,0.004456
FR,FRRA_imcy,2006,0.004570
FR,FRRA_imcy,2007,0.005023
FR,FRRA_imcy,2008,0.005100
FR,FRRA_imcy,2009,0.005668
FR,FRRA_imcy,2010,0.005329
FR,FRRA_imcy,2011,0.005149
FR,FRRA_imcy,2012,0.005294
FR,FRRA_imcy,2013,0.005182
FR,FRRA_imcy,2014,0.005447
FR,FRRA_imcy,2015,0.005920
FR,FRRA_imcy,2016,0.006144
FR,FRRA_imcy,2017,0.006401
FR,FRRA_imcy,2018,0.006537
FR,FRRA_imcy,2019,0.006964
FR,FRRA_imcy,2020,0.007728
FR,FRRA_imcy,average,0.005162
FR,FRRA_imigy,1995,0.000043
FR,FRRA_imigy,1996,0.000050
FR,FRRA_imigy,1997,0.000061
FR,FRRA_imigy,1998,0.000072
FR,FRRA_imigy,1999,0.000074
FR,FRRA_imigy,2000,0.000087
FR,FRRA_imigy,2001,0.000091
FR,FRRA_imigy,2002,0.000085
FR,FRRA_imigy,2003,0.000087
FR,FRRA_imigy,2004,0.000089
FR,FRRA_imigy,2005,0.000101
FR,FRRA_imigy,2006,0.000110
FR,FRRA_imigy,2007,0.000127
FR,FRRA_imigy,2008,0.000115
FR,FRRA_imigy,2009,0.000112
FR,FRRA_imigy,2010,0.000102
FR,FRRA_imigy,2011,0.000114
FR,FRRA_imigy,2012,0.000118
FR,FRRA_imigy,2013,0.000127
FR,FRRA_imigy,2014,0.000139
FR,FRRA_imigy,2015,0.000152
FR,FRRA_imigy,2016,0.000155
FR,FRRA_imigy,2017,0.000182
FR,FRRA_imigy,2018,0.000195
FR,FRRA_imigy,2019,0.000216
FR,FRRA_imigy,2020,0.000270
FR,FRRA_imigy,average,0.000127
FR,FRRA_imiy,1995,0.000833
FR,FRRA_imiy,1996,0.000982
FR,FRRA_imiy,1997,0.001114
FR,FRRA_imiy,1998,0.001422
FR,FRRA_imiy,1999,0.001508
FR,FRRA_imiy,2000,0.001700
FR,FRRA_imiy,2001,0.001662
FR,FRRA_imiy,2002,0.001479
FR,FRRA_imiy,2003,0.001495
FR,FRRA_imiy,2004,0.001477
FR,FRRA_imiy,2005,0.001644
FR,FRRA_imiy,2006,0.001727
FR,FRRA_imiy,2007,0.002031
FR,FRRA_imiy,2008,0.002097
FR,FRRA_imiy,2009,0.001916
FR,FRRA_imiy,2010,0.001861
FR,FRRA_imiy,2011,0.002086
FR,FRRA_imiy,2012,0.002114
FR,FRRA_imiy,2013,0.002293
FR,FRRA_imiy,2014,0.002462
FR,FRRA_imiy,2015,0.002780
FR,FRRA_imiy,2016,0.002934
FR,FRRA_imiy,2017,0.003435
FR,FRRA_imiy,2018,0.003705
FR,FRRA_imiy,2019,0.004250
FR,FRRA_imiy,2020,0.004788
FR,FRRA_imiy,average,0.002297
FR,FRRU_imcgy,1995,0.000576
FR,FRRU_imcgy,1996,0.000602
FR,FRRU_imcgy,1997,0.000727
FR,FRRU_imcgy,1998,0.000682
FR,FRRU_imcgy,1999,0.000757
FR,FRRU_imcgy,2000,0.000802
FR,FRRU_imcgy,2001,0.000855
FR,FRRU_imcgy,2002,0.000925
FR,FRRU_imcgy,2003,0.000966
FR,FRRU_imcgy,2004,0.001012
FR,FRRU_imcgy,2005,0.001112
FR,FRRU_imcgy,2006,0.001153
FR,FRRU_imcgy,2007,0.001197
FR,FRRU_imcgy,2008,0.001163
FR,FRRU_imcgy,2009,0.001172
FR,FRRU_imcgy,2010,0.001277
FR,FRRU_imcgy,2011,0.001264
FR,FRRU_imcgy,2012,0.001278
FR,FRRU_imcgy,2013,0.001319
FR,FRRU_imcgy,2014,0.001434
FR,FRRU_imcgy,2015,0.001443
FR,FRRU_imcgy,2016,0.001486
FR,FRRU_imcgy,2017,0.001520
FR,FRRU_imcgy,2018,0.001524
FR,FRRU_imcgy,2019,0.001565
FR,FRRU_imcgy,2020,0.002100
FR,FRRU_imcgy,average,0.001222
FR,FRRU_imcy,1995,0.003657
FR,FRRU_imcy,1996,0.003664
FR,FRRU_imcy,1997,0.003839
FR,FRRU_imcy,1998,0.004038
FR,FRRU_imcy,1999,0.004196
FR,FRRU_imcy,2000,0.004509
FR,FRRU_imcy,2001,0.004640
FR,FRRU_imcy,2002,0.004819
FR,FRRU_imcy,2003,0.005177
FR,FRRU_imcy,2004,0.005504
FR,FRRU_imcy,2005,0.006345
FR,FRRU_imcy,2006,0.006941
FR,FRRU_imcy,2007,0.007278
FR,FRRU_imcy,2008,0.007695
FR,FRRU_imcy,2009,0.007350
FR,FRRU_imcy,2010,0.008093
FR,FRRU_imcy,2011,0.008387
FR,FRRU_imcy,2012,0.007914
FR,FRRU_imcy,2013,0.008212
FR,FRRU_imcy,2014,0.008466
FR,FRRU_imcy,2015,0.008630
FR,FRRU_imcy,2016,0.009071
FR,FRRU_imcy,2017,0.009283
FR,FRRU_imcy,2018,0.009599
FR,FRRU_imcy,2019,0.009915
FR,FRRU_imcy,2020,0.010256
FR,FRRU_imcy,average,0.007315
FR,FRRU_imigy,1995,0.000071
FR,FRRU_imigy,1996,0.000074
FR,FRRU_imigy,1997,0.000081
FR,FRRU_imigy,1998,0.000087
FR,FRRU_imigy,1999,0.000094
FR,FRRU_imigy,2000,0.000116
FR,FRRU_imigy,2001,0.000120
FR,FRRU_imigy,2002,0.000127
FR,FRRU_imigy,2003,0.000134
FR,FRRU_imigy,2004,0.000145
FR,FRRU_imigy,2005,0.000176
FR,FRRU_imigy,2006,0.000204
FR,FRRU_imigy,2007,0.000221
FR,FRRU_imigy,2008,0.000222
FR,FRRU_imigy,2009,0.000190
FR,FRRU_imigy,2010,0.000196
FR,FRRU_imigy,2011,0.000214
FR,FRRU_imigy,2012,0.000213
FR,FRRU_imigy,2013,0.000215
FR,FRRU_imigy,2014,0.000229
FR,FRRU_imigy,2015,0.000226
FR,FRRU_imigy,2016,0.000236
FR,FRRU_imigy,2017,0.000248
FR,FRRU_imigy,2018,0.000264
FR,FRRU_imigy,2019,0.000269
FR,FRRU_imigy,2020,0.000284
FR,FRRU_imigy,average,0.000193
FR,FRRU_imiy,1995,0.001378
FR,FRRU_imiy,1996,0.001438
FR,FRRU_imiy,1997,0.001483
FR,FRRU_imiy,1998,0.001724
FR,FRRU_imiy,1999,0.001905
FR,FRRU_imiy,2000,0.002254
FR,FRRU_imiy,2001,0.002211
FR,FRRU_imiy,2002,0.002203
FR,FRRU_imiy,2003,0.002321
FR,FRRU_imiy,2004,0.002411
FR,FRRU_imiy,2005,0.002884
FR,FRRU_imiy,2006,0.003215
FR,FRRU_imiy,2007,0.003530
FR,FRRU_imiy,2008,0.004032
FR,FRRU_imiy,2009,0.003239
FR,FRRU_imiy,2010,0.003584
FR,FRRU_imiy,2011,0.003925
FR,FRRU_imiy,2012,0.003833
FR,FRRU_imiy,2013,0.003880
FR,FRRU_imiy,2014,0.004049
FR,FRRU_imiy,2015,0.004134
FR,FRRU_imiy,2016,0.004460
FR,FRRU_imiy,2017,0.004680
FR,FRRU_imiy,2018,0.005014
FR,FRRU_imiy,2019,0.005297
FR,FRRU_imiy,2020,0.005039
FR,FRRU_imiy,average,0.003499
FR,FRRW_imcgy,1995,0.005491
FR,FRRW_imcgy,1996,0.005925
FR,FRRW_imcgy,1997,0.006583
FR,FRRW_imcgy,1998,0.006109
FR,FRRW_imcgy,1999,0.005986
FR,FRRW_imcgy,2000,0.006830
FR,FRRW_imcgy,2001,0.006805
FR,FRRW_imcgy,2002,0.006855
FR,FRRW_imcgy,2003,0.006905
FR,FRRW_imcgy,2004,0.007361
FR,FRRW_imcgy,2005,0.007839
FR,FRRW_imcgy,2006,0.008139
FR,FRRW_imcgy,2007,0.008054
FR,FRRW_imcgy,2008,0.007392
FR,FRRW_imcgy,2009,0.007382
FR,FRRW_imcgy,2010,0.007724
FR,FRRW_imcgy,2011,0.008497
FR,FRRW_imcgy,2012,0.008837
FR,FRRW_imcgy,2013,0.008993
FR,FRRW_imcgy,2014,0.009328
FR,FRRW_imcgy,2015,0.009191
FR,FRRW_imcgy,2016,0.008887
FR,FRRW_imcgy,2017,0.009150
FR,FRRW_imcgy,2018,0.009071
FR,FRRW_imcgy,2019,0.008594
FR,FRRW_imcgy,2020,0.008476
FR,FRRW_imcgy,average,0.007948
FR,FRRW_imcy,1995,0.039675
FR,FRRW_imcy,1996,0.042283
FR,FRRW_imcy,1997,0.043732
FR,FRRW_imcy,1998,0.043908
FR,FRRW_imcy,1999,0.043938
FR,FRRW_imcy,2000,0.050019
FR,FRRW_imcy,2001,0.048701
FR,FRRW_imcy,2002,0.046697
FR,FRRW_imcy,2003,0.047528
FR,FRRW_imcy,2004,0.048999
FR,FRRW_imcy,2005,0.054101
FR,FRRW_imcy,2006,0.056711
FR,FRRW_imcy,2007,0.056043
FR,FRRW_imcy,2008,0.059484
FR,FRRW_imcy,2009,0.055276
FR,FRRW_imcy,2010,0.059648
FR,FRRW_imcy,2011,0.064284
FR,FRRW_imcy,2012,0.063726
FR,FRRW_imcy,2013,0.063832
FR,FRRW_imcy,2014,0.062868
FR,FRRW_imcy,2015,0.061693
FR,FRRW_imcy,2016,0.059753
FR,FRRW_imcy,2017,0.061862
FR,FRRW_imcy,2018,0.063018
FR,FRRW_imcy,2019,0.062042
FR,FRRW_imcy,2020,0.047747
FR,FRRW_imcy,average,0.055886
FR,FRRW_imigy,1995,0.000619
FR,FRRW_imigy,1996,0.000646
FR,FRRW_imigy,1997,0.000716
FR,FRRW_imigy,1998,0.000690
FR,FRRW_imigy,1999,0.000711
FR,FRRW_imigy,2000,0.000877
FR,FRRW_imigy,2001,0.000861
FR,FRRW_imigy,2002,0.000826
FR,FRRW_imigy,2003,0.000818
FR,FRRW_imigy,2004,0.000887
FR,FRRW_imigy,2005,0.000974
FR,FRRW_imigy,2006,0.001048
FR,FRRW_imigy,2007,0.001067
FR,FRRW_imigy,2008,0.000994
FR,FRRW_imigy,2009,0.000915
FR,FRRW_imigy,2010,0.000970
FR,FRRW_imigy,2011,0.001062
FR,FRRW_imigy,2012,0.001094
FR,FRRW_imigy,2013,0.001088
FR,FRRW_imigy,2014,0.001137
FR,FRRW_imigy,2015,0.001142
FR,FRRW_imigy,2016,0.001095
FR,FRRW_imigy,2017,0.001168
FR,FRRW_imigy,2018,0.001197
FR,FRRW_imigy,2019,0.001176
FR,FRRW_imigy,2020,0.001050
FR,FRRW_imigy,average,0.000991
FR,FRRW_imiy,1995,0.011959
FR,FRRW_imiy,1996,0.012619
FR,FRRW_imiy,1997,0.013080
FR,FRRW_imiy,1998,0.013664
FR,FRRW_imiy,1999,0.014419
FR,FRRW_imiy,2000,0.017054
FR,FRRW_imiy,2001,0.015804
FR,FRRW_imiy,2002,0.014352
FR,FRRW_imiy,2003,0.014132
FR,FRRW_imiy,2004,0.014797
FR,FRRW_imiy,2005,0.015937
FR,FRRW_imiy,2006,0.016525
FR,FRRW_imiy,2007,0.017028
FR,FRRW_imiy,2008,0.018057
FR,FRRW_imiy,2009,0.015600
FR,FRRW_imiy,2010,0.017741
FR,FRRW_imiy,2011,0.019468
FR,FRRW_imiy,2012,0.019663
FR,FRRW_imiy,2013,0.019620
FR,FRRW_imiy,2014,0.020144
FR,FRRW_imiy,2015,0.020855
FR,FRRW_imiy,2016,0.020699
FR,FRRW_imiy,2017,0.022039
FR,FRRW_imiy,2018,0.022731
FR,FRRW_imiy,2019,0.023182
FR,FRRW_imiy,2020,0.018635
FR,FRRW_imiy,average,0.017915
FR,FRUS_imcgy,1995,0.002073
FR,FRUS_imcgy,1996,0.002237
FR,FRUS_imcgy,1997,0.002841
FR,FRUS_imcgy,1998,0.002666
FR,FRUS_imcgy,1999,0.002644
FR,FRUS_imcgy,2000,0.003017
FR,FRUS_imcgy,2001,0.003226
FR,FRUS_imcgy,2002,0.003041
FR,FRUS_imcgy,2003,0.002708
FR,FRUS_imcgy,2004,0.002805
FR,FRUS_imcgy,2005,0.002791
FR,FRUS_imcgy,2006,0.002898
FR,FRUS_imcgy,2007,0.002752
FR,FRUS_imcgy,2008,0.002252
FR,FRUS_imcgy,2009,0.002369
FR,FRUS_imcgy,2010,0.002152
FR,FRUS_imcgy,2011,0.002146
FR,FRUS_imcgy,2012,0.002465
FR,FRUS_imcgy,2013,0.002435
FR,FRUS_imcgy,2014,0.002447
FR,FRUS_imcgy,2015,0.003218
FR,FRUS_imcgy,2016,0.002881
FR,FRUS_imcgy,2017,0.002623
FR,FRUS_imcgy,2018,0.002408
FR,FRUS_imcgy,2019,0.002339
FR,FRUS_imcgy,2020,0.001947
FR,FRUS_imcgy,average,0.002551
FR,FRUS_imcy,1995,0.010048
FR,FRUS_imcy,1996,0.009997
FR,FRUS_imcy,1997,0.010515
FR,FRUS_imcy,1998,0.010948
FR,FRUS_imcy,1999,0.011084
FR,FRUS_imcy,2000,0.012491
FR,FRUS_imcy,2001,0.012303
FR,FRUS_imcy,2002,0.010879
FR,FRUS_imcy,2003,0.008202
FR,FRUS_imcy,2004,0.008108
FR,FRUS_imcy,2005,0.007912
FR,FRUS_imcy,2006,0.008324
FR,FRUS_imcy,2007,0.008137
FR,FRUS_imcy,2008,0.007874
FR,FRUS_imcy,2009,0.007890
FR,FRUS_imcy,2010,0.007892
FR,FRUS_imcy,2011,0.008327
FR,FRUS_imcy,2012,0.008980
FR,FRUS_imcy,2013,0.009106
FR,FRUS_imcy,2014,0.009173
FR,FRUS_imcy,2015,0.009613
FR,FRUS_imcy,2016,0.009264
FR,FRUS_imcy,2017,0.008871
FR,FRUS_imcy,2018,0.008557
FR,FRUS_imcy,2019,0.009160
FR,FRUS_imcy,2020,0.006726
FR,FRUS_imcy,average,0.008969
FR,FRUS_imigy,1995,0.000216
FR,FRUS_imigy,1996,0.000216
FR,FRUS_imigy,1997,0.000243
FR,FRUS_imigy,1998,0.000248
FR,FRUS_imigy,1999,0.000264
FR,FRUS_imigy,2000,0.000302
FR,FRUS_imigy,2001,0.000302
FR,FRUS_imigy,2002,0.000246
FR,FRUS_imigy,2003,0.000196
FR,FRUS_imigy,2004,0.000192
FR,FRUS_imigy,2005,0.000202
FR,FRUS_imigy,2006,0.000238
FR,FRUS_imigy,2007,0.000233
FR,FRUS_imigy,2008,0.000212
FR,FRUS_imigy,2009,0.000224
FR,FRUS_imigy,2010,0.000208
FR,FRUS_imigy,2011,0.000211
FR,FRUS_imigy,2012,0.000243
FR,FRUS_imigy,2013,0.000241
FR,FRUS_imigy,2014,0.000241
FR,FRUS_imigy,2015,0.000292
FR,FRUS_imigy,2016,0.000285
FR,FRUS_imigy,2017,0.000272
FR,FRUS_imigy,2018,0.000274
FR,FRUS_imigy,2019,0.000276
FR,FRUS_imigy,2020,0.000237
FR,FRUS_imigy,average,0.000242
FR,FRUS_imiy,1995,0.004180
FR,FRUS_imiy,1996,0.004218
FR,FRUS_imiy,1997,0.004442
FR,FRUS_imiy,1998,0.004906
FR,FRUS_imiy,1999,0.005361
FR,FRUS_imiy,2000,0.005872
FR,FRUS_imiy,2001,0.005549
FR,FRUS_imiy,2002,0.004273
FR,FRUS_imiy,2003,0.003385
FR,FRUS_imiy,2004,0.003209
FR,FRUS_imiy,2005,0.003312
FR,FRUS_imiy,2006,0.003749
FR,FRUS_imiy,2007,0.003718
FR,FRUS_imiy,2008,0.003844
FR,FRUS_imiy,2009,0.003812
FR,FRUS_imiy,2010,0.003809
FR,FRUS_imiy,2011,0.003864
FR,FRUS_imiy,2012,0.004374
FR,FRUS_imiy,2013,0.004342
FR,FRUS_imiy,2014,0.004272
FR,FRUS_imiy,2015,0.005328
FR,FRUS_imiy,2016,0.005395
FR,FRUS_imiy,2017,0.005131
FR,FRUS_imiy,2018,0.005200
FR,FRUS_imiy,2019,0.005439
FR,FRUS_imiy,2020,0.004206
FR,FRUS_imiy,average,0.004383
FR,debt,1995,2.3036
FR,debt,1996,2.4135
FR,debt,1997,2.4734
FR,debt,1998,2.4739
FR,debt,1999,2.4465
FR,debt,2000,2.3807
FR,debt,2001,2.3604
FR,debt,2002,2.4355
FR,debt,2003,2.6011
FR,debt,2004,2.6626
FR,debt,2005,2.7216
FR,debt,2006,2.6130
FR,debt,2007,2.6145
FR,debt,2008,2.7894
FR,debt,2009,3.3613
FR,debt,2010,3.4525
FR,debt,2011,3.5564
FR,debt,2012,3.6687
FR,debt,2013,3.7875
FR,debt,2014,3.8527
FR,debt,2015,3.8829
FR,debt,2016,3.9210
FR,debt,2017,3.9393
FR,debt,2018,3.9264
FR,debt,2019,3.9154
FR,debt,2020,4.5941
FR,debt,average,3.1211
FR,imcgy,1995,0.015047
FR,imcgy,1996,0.015858
FR,imcgy,1997,0.017632
FR,imcgy,1998,0.016526
FR,imcgy,1999,0.016257
FR,imcgy,2000,0.017933
FR,imcgy,2001,0.018193
FR,imcgy,2002,0.018611
FR,imcgy,2003,0.018446
FR,imcgy,2004,0.019110
FR,imcgy,2005,0.019782
FR,imcgy,2006,0.020279
FR,imcgy,2007,0.020066
FR,imcgy,2008,0.018541
FR,imcgy,2009,0.018675
FR,imcgy,2010,0.019223
FR,imcgy,2011,0.020136
FR,imcgy,2012,0.021081
FR,imcgy,2013,0.021454
FR,imcgy,2014,0.022655
FR,imcgy,2015,0.023123
FR,imcgy,2016,0.022492
FR,imcgy,2017,0.022708
FR,imcgy,2018,0.022681
FR,imcgy,2019,0.021692
FR,imcgy,2020,0.024910
FR,imcgy,average,0.020189
FR,imcy,1995,0.111369
FR,imcy,1996,0.114206
FR,imcy,1997,0.115129
FR,imcy,1998,0.118992
FR,imcy,1999,0.119216
FR,imcy,2000,0.128641
FR,imcy,2001,0.127682
FR,imcy,2002,0.124971
FR,imcy,2003,0.122740
FR,imcy,2004,0.124053
FR,imcy,2005,0.130625
FR,imcy,2006,0.133213
FR,imcy,2007,0.133163
FR,imcy,2008,0.135934
FR,imcy,2009,0.128507
FR,imcy,2010,0.135179
FR,imcy,2011,0.141117
FR,imcy,2012,0.140394
FR,imcy,2013,0.141076
FR,imcy,2014,0.141475
FR,imcy,2015,0.140952
FR,imcy,2016,0.139847
FR,imcy,2017,0.142354
FR,imcy,2018,0.144502
FR,imcy,2019,0.144143
FR,imcy,2020,0.132491
FR,imcy,average,0.133317
FR,imigy,1995,0.001982
FR,imigy,1996,0.002020
FR,imigy,1997,0.002165
FR,imigy,1998,0.002167
FR,imigy,1999,0.002200
FR,imigy,2000,0.002589
FR,imigy,2001,0.002621
FR,imigy,2002,0.002557
FR,imigy,2003,0.002498
FR,imigy,2004,0.002655
FR,imigy,2005,0.002851
FR,imigy,2006,0.003083
FR,imigy,2007,0.003191
FR,imigy,2008,0.002985
FR,imigy,2009,0.002663
FR,imigy,2010,0.002731
FR,imigy,2011,0.002910
FR,imigy,2012,0.003000
FR,imigy,2013,0.002974
FR,imigy,2014,0.003095
FR,imigy,2015,0.003117
FR,imigy,2016,0.003062
FR,imigy,2017,0.003195
FR,imigy,2018,0.003296
FR,imigy,2019,0.003252
FR,imigy,2020,0.003376
FR,imigy,average,0.002857
FR,imiy,1995,0.038267
FR,imiy,1996,0.039485
FR,imiy,1997,0.039553
FR,imiy,1998,0.042930
FR,imiy,1999,0.044626
FR,imiy,2000,0.050376
FR,imiy,2001,0.048098
FR,imiy,2002,0.044456
FR,imiy,2003,0.043137
FR,imiy,2004,0.044282
FR,imiy,2005,0.046645
FR,imiy,2006,0.048622
FR,imiy,2007,0.050941
FR,imiy,2008,0.054231
FR,imiy,2009,0.045426
FR,imiy,2010,0.049959
FR,imiy,2011,0.053311
FR,imiy,2012,0.053914
FR,imiy,2013,0.053643
FR,imiy,2014,0.054828
FR,imiy,2015,0.056920
FR,imiy,2016,0.057891
FR,imiy,2017,0.060274
FR,imiy,2018,0.062606
FR,imiy,2019,0.064092
FR,imiy,2020,0.059912
FR,imiy,average,0.051658
FR,imy,1995,0.166664
FR,imy,1996,0.171569
FR,imy,1997,0.174478
FR,imy,1998,0.180615
FR,imy,1999,0.182299
FR,imy,2000,0.199539
FR,imy,2001,0.196593
FR,imy,2002,0.190595
FR,imy,2003,0.186822
FR,imy,2004,0.190100
FR,imy,2005,0.199904
FR,imy,2006,0.205197
FR,imy,2007,0.207360
FR,imy,2008,0.211690
FR,imy,2009,0.195271
FR,imy,2010,0.207092
FR,imy,2011,0.217474
FR,imy,2012,0.218389
FR,imy,2013,0.219147
FR,imy,2014,0.222053
FR,imy,2015,0.224112
FR,imy,2016,0.223293
FR,imy,2017,0.228531
FR,imy,2018,0.233085
FR,imy,2019,0.233179
FR,imy,2020,0.220688
FR,imy,average,0.208021
FR,private_consumption,1995,0.5330
FR,private_consumption,1996,0.5385
FR,private_consumption,1997,0.5310
FR,private_consumption,1998,0.5299
FR,private_consumption,1999,0.5250
FR,private_consumption,2000,0.5225
FR,private_consumption,2001,0.5260
FR,private_consumption,2002,0.5264
FR,private_consumption,2003,0.5284
FR,private_consumption,2004,0.5262
FR,private_consumption,2005,0.5272
FR,private_consumption,2006,0.5233
FR,private_consumption,2007,0.5219
FR,private_consumption,2008,0.5196
FR,private_consumption,2009,0.5305
FR,private_consumption,2010,0.5258
FR,private_consumption,2011,0.5222
FR,private_consumption,2012,0.5199
FR,private_consumption,2013,0.5200
FR,private_consumption,2014,0.5189
FR,private_consumption,2015,0.5182
FR,private_consumption,2016,0.5190
FR,private_consumption,2017,0.5149
FR,private_consumption,2018,0.5144
FR,private_consumption,2019,0.5133
FR,private_consumption,2020,0.5079
FR,private_consumption,average,0.5222
FR,private_investment,1995,0.1621
FR,private_investment,1996,0.1607
FR,private_investment,1997,0.1559
FR,private_investment,1998,0.1617
FR,private_investment,1999,0.1666
FR,private_investment,2000,0.1738
FR,private_investment,2001,0.1710
FR,private_investment,2002,0.1666
FR,private_investment,2003,0.1660
FR,private_investment,2004,0.1688
FR,private_investment,2005,0.1738
FR,private_investment,2006,0.1789
FR,private_investment,2007,0.1848
FR,private_investment,2008,0.1893
FR,private_investment,2009,0.1773
FR,private_investment,2010,0.1758
FR,private_investment,2011,0.1782
FR,private_investment,2012,0.1776
FR,private_investment,2013,0.1755
FR,private_investment,2014,0.1747
FR,private_investment,2015,0.1736
FR,private_investment,2016,0.1761
FR,private_investment,2017,0.1804
FR,private_investment,2018,0.1841
FR,private_investment,2019,0.1889
FR,private_investment,2020,0.1847
FR,private_investment,average,0.1759
FR,public_consumption,1995,0.2466
FR,public_consumption,1996,0.2510
FR,public_consumption,1997,0.2518
FR,public_consumption,1998,0.2436
FR,public_consumption,1999,0.2431
FR,public_consumption,2000,0.2363
FR,public_consumption,2001,0.2340
FR,public_consumption,2002,0.2409
FR,public_consumption,2003,0.2447
FR,public_consumption,2004,0.2432
FR,public_consumption,2005,0.2419
FR,public_consumption,2006,0.2371
FR,public_consumption,2007,0.2333
FR,public_consumption,2008,0.2343
FR,public_consumption,2009,0.2512
FR,public_consumption,2010,0.2482
FR,public_consumption,2011,0.2457
FR,public_consumption,2012,0.2483
FR,public_consumption,2013,0.2508
FR,public_consumption,2014,0.2522
FR,public_consumption,2015,0.2506
FR,public_consumption,2016,0.2502
FR,public_consumption,2017,0.2479
FR,public_consumption,2018,0.2442
FR,public_consumption,2019,0.2421
FR,public_consumption,2020,0.2639
FR,public_consumption,average,0.2457
FR,public_investment,1995,0.0355
FR,public_investment,1996,0.0351
FR,public_investment,1997,0.0341
FR,public_investment,1998,0.0354
FR,public_investment,1999,0.0364
FR,public_investment,2000,0.0380
FR,public_investment,2001,0.0374
FR,public_investment,2002,0.0364
FR,public_investment,2003,0.0363
FR,public_investment,2004,0.0369
FR,public_investment,2005,0.0380
FR,public_investment,2006,0.0391
FR,public_investment,2007,0.0404
FR,public_investment,2008,0.0414
FR,public_investment,2009,0.0388
FR,public_investment,2010,0.0385
FR,public_investment,2011,0.0390
FR,public_investment,2012,0.0389
FR,public_investment,2013,0.0384
FR,public_investment,2014,0.0382
FR,public_investment,2015,0.0380
FR,public_investment,2016,0.0385
FR,public_investment,2017,0.0395
FR,public_investment,2018,0.0403
FR,public_investment,2019,0.0413
FR,public_investment,2020,0.0404
FR,public_investment,average,0.0385
FR,size,1995,0.050337
FR,size,1996,0.049032
FR,size,1997,0.044551
FR,size,1998,0.046373
FR,size,1999,0.044355
FR,size,2000,0.039870
FR,size,2001,0.040402
FR,size,2002,0.042314
FR,size,2003,0.046482
FR,size,2004,0.047493
FR,size,2005,0.045661
FR,size,2006,0.044765
FR,size,2007,0.045642
FR,size,2008,0.045851
FR,size,2009,0.044463
FR,size,2010,0.040186
FR,size,2011,0.039168
FR,size,2012,0.035856
FR,size,2013,0.036429
FR,size,2014,0.035943
FR,size,2015,0.032194
FR,size,2016,0.032146
FR,size,2017,0.031846
FR,size,2018,0.032160
FR,size,2019,0.030820
FR,size,2020,0.030466
FR,size,average,0.038760
FR,tax_SSC_firms,1995,0.3019
FR,tax_SSC_firms,1996,0.2976
FR,tax_SSC_firms,1997,0.3044
FR,tax_SSC_firms,1998,0.3021
FR,tax_SSC_firms,1999,0.2996
FR,tax_SSC_firms,2000,0.2915
FR,tax_SSC_firms,2001,0.2884
FR,tax_SSC_firms,2002,0.2868
FR,tax_SSC_firms,2003,0.2901
FR,tax_SSC_firms,2004,0.2881
FR,tax_SSC_firms,2005,0.2886
FR,tax_SSC_firms,2006,0.2915
FR,tax_SSC_firms,2007,0.2902
FR,tax_SSC_firms,2008,0.2897
FR,tax_SSC_firms,2009,0.2902
FR,tax_SSC_firms,2010,0.2884
FR,tax_SSC_firms,2011,0.2946
FR,tax_SSC_firms,2012,0.2962
FR,tax_SSC_firms,2013,0.2987
FR,tax_SSC_firms,2014,0.3023
FR,tax_SSC_firms,2015,0.3004
FR,tax_SSC_firms,2016,0.2970
FR,tax_SSC_firms,2017,0.2971
FR,tax_SSC_firms,2018,0.2965
FR,tax_SSC_firms,2019,0.2680
FR,tax_SSC_firms,2020,0.2642
FR,tax_SSC_firms,average,0.2925
FR,tax_SSC_households,1995,0.1550
FR,tax_SSC_households,1996,0.1548
FR,tax_SSC_households,1997,0.1476
FR,tax_SSC_households,1998,0.1070
FR,tax_SSC_households,1999,0.1066
FR,tax_SSC_households,2000,0.1055
FR,tax_SSC_households,2001,0.1048
FR,tax_SSC_households,2002,0.1054
FR,tax_SSC_households,2003,0.1068
FR,tax_SSC_households,2004,0.1060
FR,tax_SSC_households,2005,0.1054
FR,tax_SSC_households,2006,0.1067
FR,tax_SSC_households,2007,0.1062
FR,tax_SSC_households,2008,0.1039
FR,tax_SSC_households,2009,0.1033
FR,tax_SSC_households,2010,0.1020
FR,tax_SSC_households,2011,0.1030
FR,tax_SSC_households,2012,0.1045
FR,tax_SSC_households,2013,0.1086
FR,tax_SSC_households,2014,0.1110
FR,tax_SSC_households,2015,0.1128
FR,tax_SSC_households,2016,0.1138
FR,tax_SSC_households,2017,0.1149
FR,tax_SSC_households,2018,0.0990
FR,tax_SSC_households,2019,0.0947
FR,tax_SSC_households,2020,0.0936
FR,tax_SSC_households,average,0.1109
FR,tax_capital,1995,0.0543
FR,tax_capital,1996,0.0609
FR,tax_capital,1997,0.0686
FR,tax_capital,1998,0.0698
FR,tax_capital,1999,0.0799
FR,tax_capital,2000,0.0823
FR,tax_capital,2001,0.0893
FR,tax_capital,2002,0.0767
FR,tax_capital,2003,0.0667
FR,tax_capital,2004,0.0740
FR,tax_capital,2005,0.0640
FR,tax_capital,2006,0.0775
FR,tax_capital,2007,0.0761
FR,tax_capital,2008,0.0730
FR,tax_capital,2009,0.0414
FR,tax_capital,2010,0.0570
FR,tax_capital,2011,0.0639
FR,tax_capital,2012,0.0638
FR,tax_capital,2013,0.0668
FR,tax_capital,2014,0.0586
FR,tax_capital,2015,0.0556
FR,tax_capital,2016,0.0533
FR,tax_capital,2017,0.0644
FR,tax_capital,2018,0.0567
FR,tax_capital,2019,0.0608
FR,tax_capital,2020,0.0653
FR,tax_capital,average,0.0662
FR,tax_consumption,1995,0.2202
FR,tax_consumption,1996,0.2243
FR,tax_consumption,1997,0.2295
FR,tax_consumption,1998,0.2251
FR,tax_consumption,1999,0.2245
FR,tax_consumption,2000,0.2133
FR,tax_consumption,2001,0.2065
FR,tax_consumption,2002,0.2071
FR,tax_consumption,2003,0.2038
FR,tax_consumption,2004,0.2056
FR,tax_consumption,2005,0.2054
FR,tax_consumption,2006,0.2027
FR,tax_consumption,2007,0.1992
FR,tax_consumption,2008,0.1952
FR,tax_consumption,2009,0.1920
FR,tax_consumption,2010,0.2016
FR,tax_consumption,2011,0.2078
FR,tax_consumption,2012,0.2120
FR,tax_consumption,2013,0.2128
FR,tax_consumption,2014,0.2156
FR,tax_consumption,2015,0.2182
FR,tax_consumption,2016,0.2197
FR,tax_consumption,2017,0.2246
FR,tax_consumption,2018,0.2274
FR,tax_consumption,2019,0.2294
FR,tax_consumption,2020,0.2279
FR,tax_consumption,average,0.2135
FR,tax_income,1995,0.1356
FR,tax_income,1996,0.1419
FR,tax_income,1997,0.1533
FR,tax_income,1998,0.2113
FR,tax_income,1999,0.2128
FR,tax_income,2000,0.2143
FR,tax_income,2001,0.2124
FR,tax_income,2002,0.2015
FR,tax_income,2003,0.2019
FR,tax_income,2004,0.1995
FR,tax_income,2005,0.2131
FR,tax_income,2006,0.2108
FR,tax_income,2007,0.2073
FR,tax_income,2008,0.2125
FR,tax_income,2009,0.2017
FR,tax_income,2010,0.2001
FR,tax_income,2011,0.2083
FR,tax_income,2012,0.2237
FR,tax_income,2013,0.2311
FR,tax_income,2014,0.2318
FR,tax_income,2015,0.2333
FR,tax_income,2016,0.2303
FR,tax_income,2017,0.2290
FR,tax_income,2018,0.2527
FR,tax_income,2019,0.2489
FR,tax_income,2020,0.2499
FR,tax_income,average,0.2103
FR,tby,1995,0.014999
FR,tby,1996,0.014795
FR,tby,1997,0.030523
FR,tby,1998,0.029343
FR,tby,1999,0.027146
FR,tby,2000,0.022284
FR,tby,2001,0.026821
FR,tby,2002,0.026557
FR,tby,2003,0.018239
FR,tby,2004,0.014575
FR,tby,2005,0.006754
FR,tby,2006,0.004677
FR,tby,2007,-0.000237
FR,tby,2008,-0.006983
FR,tby,2009,-0.007518
FR,tby,2010,-0.011156
FR,tby,2011,-0.013384
FR,tby,2012,-0.005957
FR,tby,2013,-0.005089
FR,tby,2014,-0.004859
FR,tby,2015,0.001424
FR,tby,2016,0.000348
FR,tby,2017,-0.003408
FR,tby,2018,-0.004816
FR,tby,2019,-0.004346
FR,tby,2020,-0.015201
FR,tby,average,0.002473
FR,trybar,1995,0.2240
FR,trybar,1996,0.2260
FR,trybar,1997,0.2260
FR,trybar,1998,0.2230
FR,trybar,1999,0.2220
FR,trybar,2000,0.2170
FR,trybar,2001,0.2190
FR,trybar,2002,0.2240
FR,trybar,2003,0.2290
FR,trybar,2004,0.2290
FR,trybar,2005,0.2300
FR,trybar,2006,0.2310
FR,trybar,2007,0.2300
FR,trybar,2008,0.2320
FR,trybar,2009,0.2510
FR,trybar,2010,0.2510
FR,trybar,2011,0.2500
FR,trybar,2012,0.2550
FR,trybar,2013,0.2580
FR,trybar,2014,0.2600
FR,trybar,2015,0.2590
FR,trybar,2016,0.2600
FR,trybar,2017,0.2570
FR,trybar,2018,0.2550
FR,trybar,2019,0.2550
FR,trybar,2020,0.2880
FR,trybar,average,0.2408
GR,GRAT_imcgy,1995,0.000199
GR,GRAT_imcgy,1996,0.000245
GR,GRAT_imcgy,1997,0.000222
GR,GRAT_imcgy,1998,0.000246
GR,GRAT_imcgy,1999,0.000251
GR,GRAT_imcgy,2000,0.000277
GR,GRAT_imcgy,2001,0.000239
GR,GRAT_imcgy,2002,0.000326
GR,GRAT_imcgy,2003,0.000404
GR,GRAT_imcgy,2004,0.000275
GR,GRAT_imcgy,2005,0.000246
GR,GRAT_imcgy,2006,0.000279
GR,GRAT_imcgy,2007,0.000313
GR,GRAT_imcgy,2008,0.000282
GR,GRAT_imcgy,2009,0.000263
GR,GRAT_imcgy,2010,0.000247
GR,GRAT_imcgy,2011,0.000260
GR,GRAT_imcgy,2012,0.000259
GR,GRAT_imcgy,2013,0.000237
GR,GRAT_imcgy,2014,0.000238
GR,GRAT_imcgy,2015,0.000227
GR,GRAT_imcgy,2016,0.000281
GR,GRAT_imcgy,2017,0.000272
GR,GRAT_imcgy,2018,0.000232
GR,GRAT_imcgy,2019,0.000249
GR,GRAT_imcgy,2020,0.000315
GR,GRAT_imcgy,average,0.000267
GR,GRAT_imcy,1995,0.001250
GR,GRAT_imcy,1996,0.001337
GR,GRAT_imcy,1997,0.001238
GR,GRAT_imcy,1998,0.001410
GR,GRAT_imcy,1999,0.001538
GR,GRAT_imcy,2000,0.001682
GR,GRAT_imcy,2001,0.001625
GR,GRAT_imcy,2002,0.001434
GR,GRAT_imcy,2003,0.001698
GR,GRAT_imcy,2004,0.001425
GR,GRAT_imcy,2005,0.001472
GR,GRAT_imcy,2006,0.001578
GR,GRAT_imcy,2007,0.001695
GR,GRAT_imcy,2008,0.001802
GR,GRAT_imcy,2009,0.001544
GR,GRAT_imcy,2010,0.001780
GR,GRAT_imcy,2011,0.001818
GR,GRAT_imcy,2012,0.001873
GR,GRAT_imcy,2013,0.001937
GR,GRAT_imcy,2014,0.002071
GR,GRAT_imcy,2015,0.001882
GR,GRAT_imcy,2016,0.001915
GR,GRAT_imcy,2017,0.001874
GR,GRAT_imcy,2018,0.001862
GR,GRAT_imcy,2019,0.002082
GR,GRAT_imcy,2020,0.002188
GR,GRAT_imcy,average,0.001712
GR,GRAT_imigy,1995,0.000065
GR,GRAT_imigy,1996,0.000079
GR,GRAT_imigy,1997,0.000061
GR,GRAT_imigy,1998,0.000071
GR,GRAT_imigy,1999,0.000076
GR,GRAT_imigy,2000,0.000076
GR,GRAT_imigy,2001,0.000065
GR,GRAT_imigy,2002,0.000062
GR,GRAT_imigy,2003,0.000083
GR,GRAT_imigy,2004,0.000076
GR,GRAT_imigy,2005,0.000072
GR,GRAT_imigy,2006,0.000098
GR,GRAT_imigy,2007,0.000119
GR,GRAT_imigy,2008,0.000103
GR,GRAT_imigy,2009,0.000073
GR,GRAT_imigy,2010,0.000069
GR,GRAT_imigy,2011,0.000044
GR,GRAT_imigy,2012,0.000047
GR,GRAT_imigy,2013,0.000038
GR,GRAT_imigy,2014,0.000030
GR,GRAT_imigy,2015,0.000027
GR,GRAT_imigy,2016,0.000037
GR,GRAT_imigy,2017,0.000044
GR,GRAT_imigy,2018,0.000033
GR,GRAT_imigy,2019,0.000040
GR,GRAT_imigy,2020,0.000043
GR,GRAT_imigy,average,0.000065
GR,GRAT_imiy,1995,0.000516
GR,GRAT_imiy,1996,0.000639
GR,GRAT_imiy,1997,0.000506
GR,GRAT_imiy,1998,0.000637
GR,GRAT_imiy,1999,0.000663
GR,GRAT_imiy,2000,0.000705
GR,GRAT_imiy,2001,0.000621
GR,GRAT_imiy,2002,0.000625
GR,GRAT_imiy,2003,0.000774
GR,GRAT_imiy,2004,0.000702
GR,GRAT_imiy,2005,0.000763
GR,GRAT_imiy,2006,0.000846
GR,GRAT_imiy,2007,0.001336
GR,GRAT_imiy,2008,0.001352
GR,GRAT_imiy,2009,0.000890
GR,GRAT_imiy,2010,0.000859
GR,GRAT_imiy,2011,0.000699
GR,GRAT_imiy,2012,0.000564
GR,GRAT_imiy,2013,0.000536
GR,GRAT_imiy,2014,0.000564
GR,GRAT_imiy,2015,0.000561
GR,GRAT_imiy,2016,0.000703
GR,GRAT_imiy,2017,0.000758
GR,GRAT_imiy,2018,0.000649
GR,GRAT_imiy,2019,0.000780
GR,GRAT_imiy,2020,0.000824
GR,GRAT_imiy,average,0.000778
GR,GRBE_imcgy,1995,0.000695
GR,GRBE_imcgy,1996,0.000603
GR,GRBE_imcgy,1997,0.000655
GR,GRBE_imcgy,1998,0.000670
GR,GRBE_imcgy,1999,0.000800
GR,GRBE_imcgy,2000,0.000764
GR,GRBE_imcgy,2001,0.000729
GR,GRBE_imcgy,2002,0.000908
GR,GRBE_imcgy,2003,0.000874
GR,GRBE_imcgy,2004,0.000979
GR,GRBE_imcgy,2005,0.001043
GR,GRBE_imcgy,2006,0.000977
GR,GRBE_imcgy,2007,0.001179
GR,GRBE_imcgy,2008,0.001218
GR,GRBE_imcgy,2009,0.001083
GR,GRBE_imcgy,2010,0.001106
GR,GRBE_imcgy,2011,0.001248
GR,GRBE_imcgy,2012,0.000973
GR,GRBE_imcgy,2013,0.000765
GR,GRBE_imcgy,2014,0.000632
GR,GRBE_imcgy,2015,0.000649
GR,GRBE_imcgy,2016,0.001047
GR,GRBE_imcgy,2017,0.001457
GR,GRBE_imcgy,2018,0.001089
GR,GRBE_imcgy,2019,0.001082
GR,GRBE_imcgy,2020,0.001122
GR,GRBE_imcgy,average,0.000976
GR,GRBE_imcy,1995,0.003044
GR,GRBE_imcy,1996,0.002917
GR,GRBE_imcy,1997,0.003147
GR,GRBE_imcy,1998,0.003338
GR,GRBE_imcy,1999,0.003416
GR,GRBE_imcy,2000,0.003517
GR,GRBE_imcy,2001,0.003580
GR,GRBE_imcy,2002,0.004896
GR,GRBE_imcy,2003,0.004031
GR,GRBE_imcy,2004,0.003995
GR,GRBE_imcy,2005,0.003711
GR,GRBE_imcy,2006,0.003718
GR,GRBE_imcy,2007,0.004674
GR,GRBE_imcy,2008,0.004730
GR,GRBE_imcy,2009,0.004051
GR,GRBE_imcy,2010,0.003825
GR,GRBE_imcy,2011,0.003855
GR,GRBE_imcy,2012,0.003604
GR,GRBE_imcy,2013,0.003479
GR,GRBE_imcy,2014,0.003439
GR,GRBE_imcy,2015,0.003237
GR,GRBE_imcy,2016,0.003643
GR,GRBE_imcy,2017,0.004270
GR,GRBE_imcy,2018,0.003782
GR,GRBE_imcy,2019,0.003650
GR,GRBE_imcy,2020,0.003344
GR,GRBE_imcy,average,0.003810
GR,GRBE_imigy,1995,0.000121
GR,GRBE_imigy,1996,0.000112
GR,GRBE_imigy,1997,0.000115
GR,GRBE_imigy,1998,0.000124
GR,GRBE_imigy,1999,0.000140
GR,GRBE_imigy,2000,0.000140
GR,GRBE_imigy,2001,0.000132
GR,GRBE_imigy,2002,0.000158
GR,GRBE_imigy,2003,0.000125
GR,GRBE_imigy,2004,0.000142
GR,GRBE_imigy,2005,0.000108
GR,GRBE_imigy,2006,0.000123
GR,GRBE_imigy,2007,0.000143
GR,GRBE_imigy,2008,0.000121
GR,GRBE_imigy,2009,0.000103
GR,GRBE_imigy,2010,0.000075
GR,GRBE_imigy,2011,0.000046
GR,GRBE_imigy,2012,0.000051
GR,GRBE_imigy,2013,0.000039
GR,GRBE_imigy,2014,0.000033
GR,GRBE_imigy,2015,0.000028
GR,GRBE_imigy,2016,0.000039
GR,GRBE_imigy,2017,0.000060
GR,GRBE_imigy,2018,0.000049
GR,GRBE_imigy,2019,0.000051
GR,GRBE_imigy,2020,0.000049
GR,GRBE_imigy,average,0.000089
GR,GRBE_imiy,1995,0.000964
GR,GRBE_imiy,1996,0.000903
GR,GRBE_imiy,1997,0.000950
GR,GRBE_imiy,1998,0.001111
GR,GRBE_imiy,1999,0.001219
GR,GRBE_imiy,2000,0.001296
GR,GRBE_imiy,2001,0.001267
GR,GRBE_imiy,2002,0.001607
GR,GRBE_imiy,2003,0.001174
GR,GRBE_imiy,2004,0.001301
GR,GRBE_imiy,2005,0.001144
GR,GRBE_imiy,2006,0.001059
GR,GRBE_imiy,2007,0.001616
GR,GRBE_imiy,2008,0.001580
GR,GRBE_imiy,2009,0.001248
GR,GRBE_imiy,2010,0.000943
GR,GRBE_imiy,2011,0.000724
GR,GRBE_imiy,2012,0.000614
GR,GRBE_imiy,2013,0.000558
GR,GRBE_imiy,2014,0.000636
GR,GRBE_imiy,2015,0.000572
GR,GRBE_imiy,2016,0.000731
GR,GRBE_imiy,2017,0.001027
GR,GRBE_imiy,2018,0.000945
GR,GRBE_imiy,2019,0.000989
GR,GRBE_imiy,2020,0.000946
GR,GRBE_imiy,average,0.001061
GR,GRDE_imcgy,1995,0.003717
GR,GRDE_imcgy,1996,0.003678
GR,GRDE_imcgy,1997,0.003129
GR,GRDE_imcgy,1998,0.003419
GR,GRDE_imcgy,1999,0.003405
GR,GRDE_imcgy,2000,0.003629
GR,GRDE_imcgy,2001,0.003812
GR,GRDE_imcgy,2002,0.003308
GR,GRDE_imcgy,2003,0.003598
GR,GRDE_imcgy,2004,0.003647
GR,GRDE_imcgy,2005,0.003735
GR,GRDE_imcgy,2006,0.003523
GR,GRDE_imcgy,2007,0.003803
GR,GRDE_imcgy,2008,0.003782
GR,GRDE_imcgy,2009,0.003166
GR,GRDE_imcgy,2010,0.002515
GR,GRDE_imcgy,2011,0.003003
GR,GRDE_imcgy,2012,0.003481
GR,GRDE_imcgy,2013,0.002784
GR,GRDE_imcgy,2014,0.002763
GR,GRDE_imcgy,2015,0.002749
GR,GRDE_imcgy,2016,0.003032
GR,GRDE_imcgy,2017,0.003313
GR,GRDE_imcgy,2018,0.002975
GR,GRDE_imcgy,2019,0.003301
GR,GRDE_imcgy,2020,0.003433
GR,GRDE_imcgy,average,0.003325
GR,GRDE_imcy,1995,0.014247
GR,GRDE_imcy,1996,0.012508
GR,GRDE_imcy,1997,0.011891
GR,GRDE_imcy,1998,0.013691
GR,GRDE_imcy,1999,0.014313
GR,GRDE_imcy,2000,0.015529
GR,GRDE_imcy,2001,0.018991
GR,GRDE_imcy,2002,0.015120
GR,GRDE_imcy,2003,0.017000
GR,GRDE_imcy,2004,0.016172
GR,GRDE_imcy,2005,0.017779
GR,GRDE_imcy,2006,0.017725
GR,GRDE_imcy,2007,0.018492
GR,GRDE_imcy,2008,0.018654
GR,GRDE_imcy,2009,0.015052
GR,GRDE_imcy,2010,0.014249
GR,GRDE_imcy,2011,0.015114
GR,GRDE_imcy,2012,0.014949
GR,GRDE_imcy,2013,0.015443
GR,GRDE_imcy,2014,0.017258
GR,GRDE_imcy,2015,0.017200
GR,GRDE_imcy,2016,0.017648
GR,GRDE_imcy,2017,0.017471
GR,GRDE_imcy,2018,0.018238
GR,GRDE_imcy,2019,0.018847
GR,GRDE_imcy,2020,0.018451
GR,GRDE_imcy,average,0.016420
GR,GRDE_imigy,1995,0.000835
GR,GRDE_imigy,1996,0.000740
GR,GRDE_imigy,1997,0.000699
GR,GRDE_imigy,1998,0.000871
GR,GRDE_imigy,1999,0.000889
GR,GRDE_imigy,2000,0.000891
GR,GRDE_imigy,2001,0.001142
GR,GRDE_imigy,2002,0.000716
GR,GRDE_imigy,2003,0.000810
GR,GRDE_imigy,2004,0.000816
GR,GRDE_imigy,2005,0.000701
GR,GRDE_imigy,2006,0.000868
GR,GRDE_imigy,2007,0.000886
GR,GRDE_imigy,2008,0.000744
GR,GRDE_imigy,2009,0.000492
GR,GRDE_imigy,2010,0.000435
GR,GRDE_imigy,2011,0.000254
GR,GRDE_imigy,2012,0.000327
GR,GRDE_imigy,2013,0.000251
GR,GRDE_imigy,2014,0.000209
GR,GRDE_imigy,2015,0.000193
GR,GRDE_imigy,2016,0.000230
GR,GRDE_imigy,2017,0.000386
GR,GRDE_imigy,2018,0.000330
GR,GRDE_imigy,2019,0.000315
GR,GRDE_imigy,2020,0.000311
GR,GRDE_imigy,average,0.000551
GR,GRDE_imiy,1995,0.006671
GR,GRDE_imiy,1996,0.005976
GR,GRDE_imiy,1997,0.005751
GR,GRDE_imiy,1998,0.007804
GR,GRDE_imiy,1999,0.007730
GR,GRDE_imiy,2000,0.008269
GR,GRDE_imiy,2001,0.010978
GR,GRDE_imiy,2002,0.007256
GR,GRDE_imiy,2003,0.007572
GR,GRDE_imiy,2004,0.007493
GR,GRDE_imiy,2005,0.007451
GR,GRDE_imiy,2006,0.007502
GR,GRDE_imiy,2007,0.009985
GR,GRDE_imiy,2008,0.009727
GR,GRDE_imiy,2009,0.005971
GR,GRDE_imiy,2010,0.005433
GR,GRDE_imiy,2011,0.004009
GR,GRDE_imiy,2012,0.003966
GR,GRDE_imiy,2013,0.003546
GR,GRDE_imiy,2014,0.003979
GR,GRDE_imiy,2015,0.003971
GR,GRDE_imiy,2016,0.004371
GR,GRDE_imiy,2017,0.006631
GR,GRDE_imiy,2018,0.006425
GR,GRDE_imiy,2019,0.006082
GR,GRDE_imiy,2020,0.005984
GR,GRDE_imiy,average,0.006589
GR,GRES_imcgy,1995,0.000579
GR,GRES_imcgy,1996,0.000660
GR,GRES_imcgy,1997,0.000629
GR,GRES_imcgy,1998,0.000585
GR,GRES_imcgy,1999,0.000564
GR,GRES_imcgy,2000,0.000797
GR,GRES_imcgy,2001,0.000670
GR,GRES_imcgy,2002,0.000772
GR,GRES_imcgy,2003,0.000830
GR,GRES_imcgy,2004,0.000861
GR,GRES_imcgy,2005,0.000915
GR,GRES_imcgy,2006,0.000926
GR,GRES_imcgy,2007,0.000986
GR,GRES_imcgy,2008,0.001029
GR,GRES_imcgy,2009,0.000963
GR,GRES_imcgy,2010,0.000804
GR,GRES_imcgy,2011,0.000847
GR,GRES_imcgy,2012,0.000848
GR,GRES_imcgy,2013,0.000755
GR,GRES_imcgy,2014,0.000816
GR,GRES_imcgy,2015,0.000706
GR,GRES_imcgy,2016,0.000741
GR,GRES_imcgy,2017,0.000779
GR,GRES_imcgy,2018,0.000720
GR,GRES_imcgy,2019,0.000780
GR,GRES_imcgy,2020,0.000743
GR,GRES_imcgy,average,0.000813
GR,GRES_imcy,1995,0.003586
GR,GRES_imcy,1996,0.003974
GR,GRES_imcy,1997,0.004111
GR,GRES_imcy,1998,0.004492
GR,GRES_imcy,1999,0.004727
GR,GRES_imcy,2000,0.006037
GR,GRES_imcy,2001,0.006383
GR,GRES_imcy,2002,0.006650
GR,GRES_imcy,2003,0.006030
GR,GRES_imcy,2004,0.005826
GR,GRES_imcy,2005,0.006175
GR,GRES_imcy,2006,0.006114
GR,GRES_imcy,2007,0.006523
GR,GRES_imcy,2008,0.007219
GR,GRES_imcy,2009,0.006627
GR,GRES_imcy,2010,0.005918
GR,GRES_imcy,2011,0.005918
GR,GRES_imcy,2012,0.005196
GR,GRES_imcy,2013,0.005684
GR,GRES_imcy,2014,0.006663
GR,GRES_imcy,2015,0.005874
GR,GRES_imcy,2016,0.006377
GR,GRES_imcy,2017,0.007247
GR,GRES_imcy,2018,0.007860
GR,GRES_imcy,2019,0.006781
GR,GRES_imcy,2020,0.005690
GR,GRES_imcy,average,0.006054
GR,GRES_imigy,1995,0.000186
GR,GRES_imigy,1996,0.000234
GR,GRES_imigy,1997,0.000204
GR,GRES_imigy,1998,0.000217
GR,GRES_imigy,1999,0.000192
GR,GRES_imigy,2000,0.000246
GR,GRES_imigy,2001,0.000229
GR,GRES_imigy,2002,0.000231
GR,GRES_imigy,2003,0.000228
GR,GRES_imigy,2004,0.000242
GR,GRES_imigy,2005,0.000231
GR,GRES_imigy,2006,0.000277
GR,GRES_imigy,2007,0.000234
GR,GRES_imigy,2008,0.000206
GR,GRES_imigy,2009,0.000144
GR,GRES_imigy,2010,0.000095
GR,GRES_imigy,2011,0.000060
GR,GRES_imigy,2012,0.000061
GR,GRES_imigy,2013,0.000052
GR,GRES_imigy,2014,0.000043
GR,GRES_imigy,2015,0.000042
GR,GRES_imigy,2016,0.000051
GR,GRES_imigy,2017,0.000073
GR,GRES_imigy,2018,0.000069
GR,GRES_imigy,2019,0.000064
GR,GRES_imigy,2020,0.000064
GR,GRES_imigy,average,0.000142
GR,GRES_imiy,1995,0.001485
GR,GRES_imiy,1996,0.001893
GR,GRES_imiy,1997,0.001683
GR,GRES_imiy,1998,0.001946
GR,GRES_imiy,1999,0.001669
GR,GRES_imiy,2000,0.002281
GR,GRES_imiy,2001,0.002200
GR,GRES_imiy,2002,0.002338
GR,GRES_imiy,2003,0.002129
GR,GRES_imiy,2004,0.002225
GR,GRES_imiy,2005,0.002457
GR,GRES_imiy,2006,0.002390
GR,GRES_imiy,2007,0.002635
GR,GRES_imiy,2008,0.002688
GR,GRES_imiy,2009,0.001751
GR,GRES_imiy,2010,0.001184
GR,GRES_imiy,2011,0.000945
GR,GRES_imiy,2012,0.000734
GR,GRES_imiy,2013,0.000732
GR,GRES_imiy,2014,0.000821
GR,GRES_imiy,2015,0.000864
GR,GRES_imiy,2016,0.000976
GR,GRES_imiy,2017,0.001252
GR,GRES_imiy,2018,0.001350
GR,GRES_imiy,2019,0.001229
GR,GRES_imiy,2020,0.001238
GR,GRES_imiy,average,0.001691
GR,GRFI_imcgy,1995,0.000106
GR,GRFI_imcgy,1996,0.000195
GR,GRFI_imcgy,1997,0.000169
GR,GRFI_imcgy,1998,0.000293
GR,GRFI_imcgy,1999,0.000345
GR,GRFI_imcgy,2000,0.000555
GR,GRFI_imcgy,2001,0.000272
GR,GRFI_imcgy,2002,0.000323
GR,GRFI_imcgy,2003,0.000458
GR,GRFI_imcgy,2004,0.000326
GR,GRFI_imcgy,2005,0.000275
GR,GRFI_imcgy,2006,0.000262
GR,GRFI_imcgy,2007,0.000242
GR,GRFI_imcgy,2008,0.000202
GR,GRFI_imcgy,2009,0.000172
GR,GRFI_imcgy,2010,0.000099
GR,GRFI_imcgy,2011,0.000080
GR,GRFI_imcgy,2012,0.000052
GR,GRFI_imcgy,2013,0.000048
GR,GRFI_imcgy,2014,0.000046
GR,GRFI_imcgy,2015,0.000043
GR,GRFI_imcgy,2016,0.000054
GR,GRFI_imcgy,2017,0.000057
GR,GRFI_imcgy,2018,0.000052
GR,GRFI_imcgy,2019,0.000056
GR,GRFI_imcgy,2020,0.000066
GR,GRFI_imcgy,average,0.000179
GR,GRFI_imcy,1995,0.000715
GR,GRFI_imcy,1996,0.000809
GR,GRFI_imcy,1997,0.000851
GR,GRFI_imcy,1998,0.001256
GR,GRFI_imcy,1999,0.001263
GR,GRFI_imcy,2000,0.001828
GR,GRFI_imcy,2001,0.001361
GR,GRFI_imcy,2002,0.001244
GR,GRFI_imcy,2003,0.001717
GR,GRFI_imcy,2004,0.001256
GR,GRFI_imcy,2005,0.001111
GR,GRFI_imcy,2006,0.001197
GR,GRFI_imcy,2007,0.001116
GR,GRFI_imcy,2008,0.001064
GR,GRFI_imcy,2009,0.000915
GR,GRFI_imcy,2010,0.000805
GR,GRFI_imcy,2011,0.000646
GR,GRFI_imcy,2012,0.000525
GR,GRFI_imcy,2013,0.000512
GR,GRFI_imcy,2014,0.000408
GR,GRFI_imcy,2015,0.000376
GR,GRFI_imcy,2016,0.000377
GR,GRFI_imcy,2017,0.000443
GR,GRFI_imcy,2018,0.000477
GR,GRFI_imcy,2019,0.000473
GR,GRFI_imcy,2020,0.000456
GR,GRFI_imcy,average,0.000882
GR,GRFI_imigy,1995,0.000031
GR,GRFI_imigy,1996,0.000048
GR,GRFI_imigy,1997,0.000056
GR,GRFI_imigy,1998,0.000124
GR,GRFI_imigy,1999,0.000153
GR,GRFI_imigy,2000,0.000218
GR,GRFI_imigy,2001,0.000117
GR,GRFI_imigy,2002,0.000102
GR,GRFI_imigy,2003,0.000140
GR,GRFI_imigy,2004,0.000121
GR,GRFI_imigy,2005,0.000088
GR,GRFI_imigy,2006,0.000095
GR,GRFI_imigy,2007,0.000122
GR,GRFI_imigy,2008,0.000111
GR,GRFI_imigy,2009,0.000082
GR,GRFI_imigy,2010,0.000037
GR,GRFI_imigy,2011,0.000014
GR,GRFI_imigy,2012,0.000010
GR,GRFI_imigy,2013,0.000007
GR,GRFI_imigy,2014,0.000005
GR,GRFI_imigy,2015,0.000004
GR,GRFI_imigy,2016,0.000006
GR,GRFI_imigy,2017,0.000010
GR,GRFI_imigy,2018,0.000008
GR,GRFI_imigy,2019,0.000008
GR,GRFI_imigy,2020,0.000009
GR,GRFI_imigy,average,0.000058
GR,GRFI_imiy,1995,0.000250
GR,GRFI_imiy,1996,0.000384
GR,GRFI_imiy,1997,0.000462
GR,GRFI_imiy,1998,0.001113
GR,GRFI_imiy,1999,0.001332
GR,GRFI_imiy,2000,0.002018
GR,GRFI_imiy,2001,0.001128
GR,GRFI_imiy,2002,0.001033
GR,GRFI_imiy,2003,0.001306
GR,GRFI_imiy,2004,0.001106
GR,GRFI_imiy,2005,0.000933
GR,GRFI_imiy,2006,0.000817
GR,GRFI_imiy,2007,0.001378
GR,GRFI_imiy,2008,0.001450
GR,GRFI_imiy,2009,0.000994
GR,GRFI_imiy,2010,0.000458
GR,GRFI_imiy,2011,0.000223
GR,GRFI_imiy,2012,0.000123
GR,GRFI_imiy,2013,0.000106
GR,GRFI_imiy,2014,0.000102
GR,GRFI_imiy,2015,0.000088
GR,GRFI_imiy,2016,0.000122
GR,GRFI_imiy,2017,0.000171
GR,GRFI_imiy,2018,0.000153
GR,GRFI_imiy,2019,0.000148
GR,GRFI_imiy,2020,0.000167
GR,GRFI_imiy,average,0.000696
GR,GRFR_imcgy,1995,0.001980
GR,GRFR_imcgy,1996,0.002005
GR,GRFR_imcgy,1997,0.002446
GR,GRFR_imcgy,1998,0.002205
GR,GRFR_imcgy,1999,0.002468
GR,GRFR_imcgy,2000,0.002295
GR,GRFR_imcgy,2001,0.002092
GR,GRFR_imcgy,2002,0.001753
GR,GRFR_imcgy,2003,0.002276
GR,GRFR_imcgy,2004,0.002307
GR,GRFR_imcgy,2005,0.002155
GR,GRFR_imcgy,2006,0.002162
GR,GRFR_imcgy,2007,0.002074
GR,GRFR_imcgy,2008,0.001985
GR,GRFR_imcgy,2009,0.001805
GR,GRFR_imcgy,2010,0.001550
GR,GRFR_imcgy,2011,0.001629
GR,GRFR_imcgy,2012,0.001843
GR,GRFR_imcgy,2013,0.001541
GR,GRFR_imcgy,2014,0.001583
GR,GRFR_imcgy,2015,0.001479
GR,GRFR_imcgy,2016,0.001417
GR,GRFR_imcgy,2017,0.001419
GR,GRFR_imcgy,2018,0.001271
GR,GRFR_imcgy,2019,0.001500
GR,GRFR_imcgy,2020,0.001617
GR,GRFR_imcgy,average,0.001862
GR,GRFR_imcy,1995,0.009373
GR,GRFR_imcy,1996,0.009550
GR,GRFR_imcy,1997,0.010169
GR,GRFR_imcy,1998,0.011412
GR,GRFR_imcy,1999,0.012834
GR,GRFR_imcy,2000,0.013909
GR,GRFR_imcy,2001,0.012459
GR,GRFR_imcy,2002,0.010652
GR,GRFR_imcy,2003,0.011337
GR,GRFR_imcy,2004,0.010332
GR,GRFR_imcy,2005,0.010056
GR,GRFR_imcy,2006,0.011015
GR,GRFR_imcy,2007,0.010399
GR,GRFR_imcy,2008,0.010521
GR,GRFR_imcy,2009,0.008575
GR,GRFR_imcy,2010,0.007941
GR,GRFR_imcy,2011,0.009284
GR,GRFR_imcy,2012,0.007959
GR,GRFR_imcy,2013,0.008752
GR,GRFR_imcy,2014,0.009142
GR,GRFR_imcy,2015,0.007605
GR,GRFR_imcy,2016,0.007443
GR,GRFR_imcy,2017,0.007614
GR,GRFR_imcy,2018,0.007833
GR,GRFR_imcy,2019,0.008160
GR,GRFR_imcy,2020,0.007319
GR,GRFR_imcy,average,0.009550
GR,GRFR_imigy,1995,0.000325
GR,GRFR_imigy,1996,0.000405
GR,GRFR_imigy,1997,0.000395
GR,GRFR_imigy,1998,0.000469
GR,GRFR_imigy,1999,0.000498
GR,GRFR_imigy,2000,0.000469
GR,GRFR_imigy,2001,0.000394
GR,GRFR_imigy,2002,0.000324
GR,GRFR_imigy,2003,0.000358
GR,GRFR_imigy,2004,0.000384
GR,GRFR_imigy,2005,0.000260
GR,GRFR_imigy,2006,0.000323
GR,GRFR_imigy,2007,0.000313
GR,GRFR_imigy,2008,0.000260
GR,GRFR_imigy,2009,0.000196
GR,GRFR_imigy,2010,0.000138
GR,GRFR_imigy,2011,0.000261
GR,GRFR_imigy,2012,0.000125
GR,GRFR_imigy,2013,0.000147
GR,GRFR_imigy,2014,0.000183
GR,GRFR_imigy,2015,0.000104
GR,GRFR_imigy,2016,0.000127
GR,GRFR_imigy,2017,0.000111
GR,GRFR_imigy,2018,0.000097
GR,GRFR_imigy,2019,0.000092
GR,GRFR_imigy,2020,0.000092
GR,GRFR_imigy,average,0.000240
GR,GRFR_imiy,1995,0.002599
GR,GRFR_imiy,1996,0.003273
GR,GRFR_imiy,1997,0.003251
GR,GRFR_imiy,1998,0.004199
GR,GRFR_imiy,1999,0.004332
GR,GRFR_imiy,2000,0.004354
GR,GRFR_imiy,2001,0.003787
GR,GRFR_imiy,2002,0.003287
GR,GRFR_imiy,2003,0.003344
GR,GRFR_imiy,2004,0.003521
GR,GRFR_imiy,2005,0.002767
GR,GRFR_imiy,2006,0.002791
GR,GRFR_imiy,2007,0.003525
GR,GRFR_imiy,2008,0.003398
GR,GRFR_imiy,2009,0.002377
GR,GRFR_imiy,2010,0.001725
GR,GRFR_imiy,2011,0.004115
GR,GRFR_imiy,2012,0.001518
GR,GRFR_imiy,2013,0.002086
GR,GRFR_imiy,2014,0.003478
GR,GRFR_imiy,2015,0.002134
GR,GRFR_imiy,2016,0.002420
GR,GRFR_imiy,2017,0.001907
GR,GRFR_imiy,2018,0.001887
GR,GRFR_imiy,2019,0.001778
GR,GRFR_imiy,2020,0.001770
GR,GRFR_imiy,average,0.002868
GR,GRIT_imcgy,1995,0.005240
GR,GRIT_imcgy,1996,0.005152
GR,GRIT_imcgy,1997,0.004628
GR,GRIT_imcgy,1998,0.004383
GR,GRIT_imcgy,1999,0.004289
GR,GRIT_imcgy,2000,0.004349
GR,GRIT_imcgy,2001,0.004181
GR,GRIT_imcgy,2002,0.004415
GR,GRIT_imcgy,2003,0.004403
GR,GRIT_imcgy,2004,0.004472
GR,GRIT_imcgy,2005,0.003506
GR,GRIT_imcgy,2006,0.003179
GR,GRIT_imcgy,2007,0.003272
GR,GRIT_imcgy,2008,0.002964
GR,GRIT_imcgy,2009,0.002867
GR,GRIT_imcgy,2010,0.002487
GR,GRIT_imcgy,2011,0.002186
GR,GRIT_imcgy,2012,0.002040
GR,GRIT_imcgy,2013,0.001614
GR,GRIT_imcgy,2014,0.001594
GR,GRIT_imcgy,2015,0.001491
GR,GRIT_imcgy,2016,0.001848
GR,GRIT_imcgy,2017,0.001864
GR,GRIT_imcgy,2018,0.001545
GR,GRIT_imcgy,2019,0.001769
GR,GRIT_imcgy,2020,0.001933
GR,GRIT_imcgy,average,0.002995
GR,GRIT_imcy,1995,0.020097
GR,GRIT_imcy,1996,0.019571
GR,GRIT_imcy,1997,0.018758
GR,GRIT_imcy,1998,0.019765
GR,GRIT_imcy,1999,0.021745
GR,GRIT_imcy,2000,0.024483
GR,GRIT_imcy,2001,0.022902
GR,GRIT_imcy,2002,0.021451
GR,GRIT_imcy,2003,0.021422
GR,GRIT_imcy,2004,0.020136
GR,GRIT_imcy,2005,0.019666
GR,GRIT_imcy,2006,0.019001
GR,GRIT_imcy,2007,0.019616
GR,GRIT_imcy,2008,0.020714
GR,GRIT_imcy,2009,0.016988
GR,GRIT_imcy,2010,0.016087
GR,GRIT_imcy,2011,0.015485
GR,GRIT_imcy,2012,0.013992
GR,GRIT_imcy,2013,0.013924
GR,GRIT_imcy,2014,0.014192
GR,GRIT_imcy,2015,0.013168
GR,GRIT_imcy,2016,0.013388
GR,GRIT_imcy,2017,0.013339
GR,GRIT_imcy,2018,0.013267
GR,GRIT_imcy,2019,0.012937
GR,GRIT_imcy,2020,0.012377
GR,GRIT_imcy,average,0.017442
GR,GRIT_imigy,1995,0.001123
GR,GRIT_imigy,1996,0.001169
GR,GRIT_imigy,1997,0.001001
GR,GRIT_imigy,1998,0.001103
GR,GRIT_imigy,1999,0.001134
GR,GRIT_imigy,2000,0.001129
GR,GRIT_imigy,2001,0.001062
GR,GRIT_imigy,2002,0.000851
GR,GRIT_imigy,2003,0.000962
GR,GRIT_imigy,2004,0.001066
GR,GRIT_imigy,2005,0.000919
GR,GRIT_imigy,2006,0.001046
GR,GRIT_imigy,2007,0.001022
GR,GRIT_imigy,2008,0.000882
GR,GRIT_imigy,2009,0.000650
GR,GRIT_imigy,2010,0.000481
GR,GRIT_imigy,2011,0.000337
GR,GRIT_imigy,2012,0.000335
GR,GRIT_imigy,2013,0.000268
GR,GRIT_imigy,2014,0.000252
GR,GRIT_imigy,2015,0.000234
GR,GRIT_imigy,2016,0.000269
GR,GRIT_imigy,2017,0.000311
GR,GRIT_imigy,2018,0.000301
GR,GRIT_imigy,2019,0.000288
GR,GRIT_imigy,2020,0.000313
GR,GRIT_imigy,average,0.000650
GR,GRIT_imiy,1995,0.008977
GR,GRIT_imiy,1996,0.009434
GR,GRIT_imiy,1997,0.008241
GR,GRIT_imiy,1998,0.009882
GR,GRIT_imiy,1999,0.009863
GR,GRIT_imiy,2000,0.010477
GR,GRIT_imiy,2001,0.010209
GR,GRIT_imiy,2002,0.008629
GR,GRIT_imiy,2003,0.008993
GR,GRIT_imiy,2004,0.009781
GR,GRIT_imiy,2005,0.009767
GR,GRIT_imiy,2006,0.009032
GR,GRIT_imiy,2007,0.011513
GR,GRIT_imiy,2008,0.011537
GR,GRIT_imiy,2009,0.007898
GR,GRIT_imiy,2010,0.006013
GR,GRIT_imiy,2011,0.005320
GR,GRIT_imiy,2012,0.004056
GR,GRIT_imiy,2013,0.003791
GR,GRIT_imiy,2014,0.004797
GR,GRIT_imiy,2015,0.004810
GR,GRIT_imiy,2016,0.005104
GR,GRIT_imiy,2017,0.005348
GR,GRIT_imiy,2018,0.005849
GR,GRIT_imiy,2019,0.005567
GR,GRIT_imiy,2020,0.006012
GR,GRIT_imiy,average,0.007767
GR,GRNL_imcgy,1995,0.000839
GR,GRNL_imcgy,1996,0.000852
GR,GRNL_imcgy,1997,0.000657
GR,GRNL_imcgy,1998,0.000718
GR,GRNL_imcgy,1999,0.000825
GR,GRNL_imcgy,2000,0.000972
GR,GRNL_imcgy,2001,0.000840
GR,GRNL_imcgy,2002,0.000892
GR,GRNL_imcgy,2003,0.001028
GR,GRNL_imcgy,2004,0.001115
GR,GRNL_imcgy,2005,0.000944
GR,GRNL_imcgy,2006,0.000886
GR,GRNL_imcgy,2007,0.000851
GR,GRNL_imcgy,2008,0.000817
GR,GRNL_imcgy,2009,0.000803
GR,GRNL_imcgy,2010,0.000734
GR,GRNL_imcgy,2011,0.000699
GR,GRNL_imcgy,2012,0.000710
GR,GRNL_imcgy,2013,0.000577
GR,GRNL_imcgy,2014,0.000595
GR,GRNL_imcgy,2015,0.000635
GR,GRNL_imcgy,2016,0.000737
GR,GRNL_imcgy,2017,0.000782
GR,GRNL_imcgy,2018,0.000683
GR,GRNL_imcgy,2019,0.000740
GR,GRNL_imcgy,2020,0.000948
GR,GRNL_imcgy,average,0.000802
GR,GRNL_imcy,1995,0.006844
GR,GRNL_imcy,1996,0.006460
GR,GRNL_imcy,1997,0.005883
GR,GRNL_imcy,1998,0.006609
GR,GRNL_imcy,1999,0.007080
GR,GRNL_imcy,2000,0.008198
GR,GRNL_imcy,2001,0.007723
GR,GRNL_imcy,2002,0.007639
GR,GRNL_imcy,2003,0.007000
GR,GRNL_imcy,2004,0.007117
GR,GRNL_imcy,2005,0.006671
GR,GRNL_imcy,2006,0.006525
GR,GRNL_imcy,2007,0.006374
GR,GRNL_imcy,2008,0.006564
GR,GRNL_imcy,2009,0.005754
GR,GRNL_imcy,2010,0.005499
GR,GRNL_imcy,2011,0.005995
GR,GRNL_imcy,2012,0.005740
GR,GRNL_imcy,2013,0.005847
GR,GRNL_imcy,2014,0.006300
GR,GRNL_imcy,2015,0.006378
GR,GRNL_imcy,2016,0.006307
GR,GRNL_imcy,2017,0.006863
GR,GRNL_imcy,2018,0.006831
GR,GRNL_imcy,2019,0.006554
GR,GRNL_imcy,2020,0.007226
GR,GRNL_imcy,average,0.006515
GR,GRNL_imigy,1995,0.000167
GR,GRNL_imigy,1996,0.000167
GR,GRNL_imigy,1997,0.000150
GR,GRNL_imigy,1998,0.000166
GR,GRNL_imigy,1999,0.000209
GR,GRNL_imigy,2000,0.000217
GR,GRNL_imigy,2001,0.000187
GR,GRNL_imigy,2002,0.000158
GR,GRNL_imigy,2003,0.000185
GR,GRNL_imigy,2004,0.000203
GR,GRNL_imigy,2005,0.000179
GR,GRNL_imigy,2006,0.000204
GR,GRNL_imigy,2007,0.000217
GR,GRNL_imigy,2008,0.000180
GR,GRNL_imigy,2009,0.000157
GR,GRNL_imigy,2010,0.000133
GR,GRNL_imigy,2011,0.000080
GR,GRNL_imigy,2012,0.000083
GR,GRNL_imigy,2013,0.000063
GR,GRNL_imigy,2014,0.000057
GR,GRNL_imigy,2015,0.000060
GR,GRNL_imigy,2016,0.000067
GR,GRNL_imigy,2017,0.000103
GR,GRNL_imigy,2018,0.000091
GR,GRNL_imigy,2019,0.000091
GR,GRNL_imigy,2020,0.000098
GR,GRNL_imigy,average,0.000139
GR,GRNL_imiy,1995,0.001332
GR,GRNL_imiy,1996,0.001349
GR,GRNL_imiy,1997,0.001231
GR,GRNL_imiy,1998,0.001490
GR,GRNL_imiy,1999,0.001821
GR,GRNL_imiy,2000,0.002014
GR,GRNL_imiy,2001,0.001793
GR,GRNL_imiy,2002,0.001606
GR,GRNL_imiy,2003,0.001726
GR,GRNL_imiy,2004,0.001862
GR,GRNL_imiy,2005,0.001900
GR,GRNL_imiy,2006,0.001758
GR,GRNL_imiy,2007,0.002440
GR,GRNL_imiy,2008,0.002353
GR,GRNL_imiy,2009,0.001906
GR,GRNL_imiy,2010,0.001663
GR,GRNL_imiy,2011,0.001261
GR,GRNL_imiy,2012,0.001009
GR,GRNL_imiy,2013,0.000892
GR,GRNL_imiy,2014,0.001086
GR,GRNL_imiy,2015,0.001225
GR,GRNL_imiy,2016,0.001266
GR,GRNL_imiy,2017,0.001768
GR,GRNL_imiy,2018,0.001781
GR,GRNL_imiy,2019,0.001751
GR,GRNL_imiy,2020,0.001879
GR,GRNL_imiy,average,0.001664
GR,GRPT_imcgy,1995,0.000035
GR,GRPT_imcgy,1996,0.000043
GR,GRPT_imcgy,1997,0.000040
GR,GRPT_imcgy,1998,0.000044
GR,GRPT_imcgy,1999,0.000067
GR,GRPT_imcgy,2000,0.000055
GR,GRPT_imcgy,2001,0.000052
GR,GRPT_imcgy,2002,0.000041
GR,GRPT_imcgy,2003,0.000039
GR,GRPT_imcgy,2004,0.000040
GR,GRPT_imcgy,2005,0.000041
GR,GRPT_imcgy,2006,0.000046
GR,GRPT_imcgy,2007,0.000039
GR,GRPT_imcgy,2008,0.000046
GR,GRPT_imcgy,2009,0.000047
GR,GRPT_imcgy,2010,0.000049
GR,GRPT_imcgy,2011,0.000062
GR,GRPT_imcgy,2012,0.000130
GR,GRPT_imcgy,2013,0.000064
GR,GRPT_imcgy,2014,0.000065
GR,GRPT_imcgy,2015,0.000052
GR,GRPT_imcgy,2016,0.000047
GR,GRPT_imcgy,2017,0.000058
GR,GRPT_imcgy,2018,0.000066
GR,GRPT_imcgy,2019,0.000077
GR,GRPT_imcgy,2020,0.000066
GR,GRPT_imcgy,average,0.000054
GR,GRPT_imcy,1995,0.000352
GR,GRPT_imcy,1996,0.000475
GR,GRPT_imcy,1997,0.000399
GR,GRPT_imcy,1998,0.000399
GR,GRPT_imcy,1999,0.000487
GR,GRPT_imcy,2000,0.000564
GR,GRPT_imcy,2001,0.000523
GR,GRPT_imcy,2002,0.000460
GR,GRPT_imcy,2003,0.000449
GR,GRPT_imcy,2004,0.000486
GR,GRPT_imcy,2005,0.000458
GR,GRPT_imcy,2006,0.000409
GR,GRPT_imcy,2007,0.000414
GR,GRPT_imcy,2008,0.000476
GR,GRPT_imcy,2009,0.000419
GR,GRPT_imcy,2010,0.000437
GR,GRPT_imcy,2011,0.000560
GR,GRPT_imcy,2012,0.001222
GR,GRPT_imcy,2013,0.000591
GR,GRPT_imcy,2014,0.000603
GR,GRPT_imcy,2015,0.000514
GR,GRPT_imcy,2016,0.000449
GR,GRPT_imcy,2017,0.000539
GR,GRPT_imcy,2018,0.000638
GR,GRPT_imcy,2019,0.000737
GR,GRPT_imcy,2020,0.000442
GR,GRPT_imcy,average,0.000521
GR,GRPT_imigy,1995,0.000013
GR,GRPT_imigy,1996,0.000016
GR,GRPT_imigy,1997,0.000013
GR,GRPT_imigy,1998,0.000016
GR,GRPT_imigy,1999,0.000021
GR,GRPT_imigy,2000,0.000018
GR,GRPT_imigy,2001,0.000018
GR,GRPT_imigy,2002,0.000014
GR,GRPT_imigy,2003,0.000013
GR,GRPT_imigy,2004,0.000014
GR,GRPT_imigy,2005,0.000013
GR,GRPT_imigy,2006,0.000015
GR,GRPT_imigy,2007,0.000012
GR,GRPT_imigy,2008,0.000015
GR,GRPT_imigy,2009,0.000010
GR,GRPT_imigy,2010,0.000008
GR,GRPT_imigy,2011,0.000005
GR,GRPT_imigy,2012,0.000011
GR,GRPT_imigy,2013,0.000006
GR,GRPT_imigy,2014,0.000004
GR,GRPT_imigy,2015,0.000004
GR,GRPT_imigy,2016,0.000005
GR,GRPT_imigy,2017,0.000007
GR,GRPT_imigy,2018,0.000007
GR,GRPT_imigy,2019,0.000007
GR,GRPT_imigy,2020,0.000007
GR,GRPT_imigy,average,0.000011
GR,GRPT_imiy,1995,0.000107
GR,GRPT_imiy,1996,0.000132
GR,GRPT_imiy,1997,0.000109
GR,GRPT_imiy,1998,0.000142
GR,GRPT_imiy,1999,0.000185
GR,GRPT_imiy,2000,0.000164
GR,GRPT_imiy,2001,0.000175
GR,GRPT_imiy,2002,0.000138
GR,GRPT_imiy,2003,0.000120
GR,GRPT_imiy,2004,0.000128
GR,GRPT_imiy,2005,0.000135
GR,GRPT_imiy,2006,0.000132
GR,GRPT_imiy,2007,0.000135
GR,GRPT_imiy,2008,0.000195
GR,GRPT_imiy,2009,0.000117
GR,GRPT_imiy,2010,0.000096
GR,GRPT_imiy,2011,0.000074
GR,GRPT_imiy,2012,0.000138
GR,GRPT_imiy,2013,0.000079
GR,GRPT_imiy,2014,0.000084
GR,GRPT_imiy,2015,0.000081
GR,GRPT_imiy,2016,0.000087
GR,GRPT_imiy,2017,0.000126
GR,GRPT_imiy,2018,0.000135
GR,GRPT_imiy,2019,0.000136
GR,GRPT_imiy,2020,0.000137
GR,GRPT_imiy,average,0.000126
GR,GRRA_imcgy,1995,0.000342
GR,GRRA_imcgy,1996,0.000293
GR,GRRA_imcgy,1997,0.000447
GR,GRRA_imcgy,1998,0.000531
GR,GRRA_imcgy,1999,0.000500
GR,GRRA_imcgy,2000,0.000705
GR,GRRA_imcgy,2001,0.000606
GR,GRRA_imcgy,2002,0.000474
GR,GRRA_imcgy,2003,0.000581
GR,GRRA_imcgy,2004,0.000788
GR,GRRA_imcgy,2005,0.000897
GR,GRRA_imcgy,2006,0.001122
GR,GRRA_imcgy,2007,0.001243
GR,GRRA_imcgy,2008,0.001326
GR,GRRA_imcgy,2009,0.001448
GR,GRRA_imcgy,2010,0.001484
GR,GRRA_imcgy,2011,0.001407
GR,GRRA_imcgy,2012,0.001388
GR,GRRA_imcgy,2013,0.001380
GR,GRRA_imcgy,2014,0.001349
GR,GRRA_imcgy,2015,0.001710
GR,GRRA_imcgy,2016,0.001596
GR,GRRA_imcgy,2017,0.001667
GR,GRRA_imcgy,2018,0.002131
GR,GRRA_imcgy,2019,0.001651
GR,GRRA_imcgy,2020,0.002048
GR,GRRA_imcgy,average,0.001191
GR,GRRA_imcy,1995,0.001778
GR,GRRA_imcy,1996,0.001697
GR,GRRA_imcy,1997,0.001834
GR,GRRA_imcy,1998,0.001981
GR,GRRA_imcy,1999,0.002848
GR,GRRA_imcy,2000,0.003998
GR,GRRA_imcy,2001,0.003669
GR,GRRA_imcy,2002,0.003423
GR,GRRA_imcy,2003,0.002788
GR,GRRA_imcy,2004,0.003502
GR,GRRA_imcy,2005,0.003758
GR,GRRA_imcy,2006,0.004633
GR,GRRA_imcy,2007,0.004434
GR,GRRA_imcy,2008,0.004903
GR,GRRA_imcy,2009,0.005270
GR,GRRA_imcy,2010,0.004974
GR,GRRA_imcy,2011,0.005065
GR,GRRA_imcy,2012,0.004683
GR,GRRA_imcy,2013,0.004651
GR,GRRA_imcy,2014,0.005453
GR,GRRA_imcy,2015,0.006080
GR,GRRA_imcy,2016,0.005864
GR,GRRA_imcy,2017,0.006391
GR,GRRA_imcy,2018,0.007275
GR,GRRA_imcy,2019,0.007801
GR,GRRA_imcy,2020,0.009318
GR,GRRA_imcy,average,0.004700
GR,GRRA_imigy,1995,0.000075
GR,GRRA_imigy,1996,0.000047
GR,GRRA_imigy,1997,0.000050
GR,GRRA_imigy,1998,0.000062
GR,GRRA_imigy,1999,0.000087
GR,GRRA_imigy,2000,0.000111
GR,GRRA_imigy,2001,0.000115
GR,GRRA_imigy,2002,0.000098
GR,GRRA_imigy,2003,0.000119
GR,GRRA_imigy,2004,0.000150
GR,GRRA_imigy,2005,0.000142
GR,GRRA_imigy,2006,0.000204
GR,GRRA_imigy,2007,0.000202
GR,GRRA_imigy,2008,0.000158
GR,GRRA_imigy,2009,0.000131
GR,GRRA_imigy,2010,0.000104
GR,GRRA_imigy,2011,0.000062
GR,GRRA_imigy,2012,0.000072
GR,GRRA_imigy,2013,0.000055
GR,GRRA_imigy,2014,0.000049
GR,GRRA_imigy,2015,0.000049
GR,GRRA_imigy,2016,0.000073
GR,GRRA_imigy,2017,0.000101
GR,GRRA_imigy,2018,0.000088
GR,GRRA_imigy,2019,0.000093
GR,GRRA_imigy,2020,0.000121
GR,GRRA_imigy,average,0.000112
GR,GRRA_imiy,1995,0.000597
GR,GRRA_imiy,1996,0.000376
GR,GRRA_imiy,1997,0.000412
GR,GRRA_imiy,1998,0.000554
GR,GRRA_imiy,1999,0.000759
GR,GRRA_imiy,2000,0.001030
GR,GRRA_imiy,2001,0.001102
GR,GRRA_imiy,2002,0.000991
GR,GRRA_imiy,2003,0.001111
GR,GRRA_imiy,2004,0.001377
GR,GRRA_imiy,2005,0.001506
GR,GRRA_imiy,2006,0.001761
GR,GRRA_imiy,2007,0.002279
GR,GRRA_imiy,2008,0.002066
GR,GRRA_imiy,2009,0.001592
GR,GRRA_imiy,2010,0.001305
GR,GRRA_imiy,2011,0.000981
GR,GRRA_imiy,2012,0.000868
GR,GRRA_imiy,2013,0.000772
GR,GRRA_imiy,2014,0.000929
GR,GRRA_imiy,2015,0.001010
GR,GRRA_imiy,2016,0.001387
GR,GRRA_imiy,2017,0.001728
GR,GRRA_imiy,2018,0.001717
GR,GRRA_imiy,2019,0.001797
GR,GRRA_imiy,2020,0.002328
GR,GRRA_imiy,average,0.001333
GR,GRRU_imcgy,1995,0.001274
GR,GRRU_imcgy,1996,0.001244
GR,GRRU_imcgy,1997,0.001320
GR,GRRU_imcgy,1998,0.001355
GR,GRRU_imcgy,1999,0.001302
GR,GRRU_imcgy,2000,0.001402
GR,GRRU_imcgy,2001,0.001213
GR,GRRU_imcgy,2002,0.001070
GR,GRRU_imcgy,2003,0.001358
GR,GRRU_imcgy,2004,0.001361
GR,GRRU_imcgy,2005,0.001407
GR,GRRU_imcgy,2006,0.001621
GR,GRRU_imcgy,2007,0.001695
GR,GRRU_imcgy,2008,0.001818
GR,GRRU_imcgy,2009,0.001739
GR,GRRU_imcgy,2010,0.001938
GR,GRRU_imcgy,2011,0.001997
GR,GRRU_imcgy,2012,0.002023
GR,GRRU_imcgy,2013,0.001613
GR,GRRU_imcgy,2014,0.001769
GR,GRRU_imcgy,2015,0.001777
GR,GRRU_imcgy,2016,0.001993
GR,GRRU_imcgy,2017,0.002158
GR,GRRU_imcgy,2018,0.001919
GR,GRRU_imcgy,2019,0.002121
GR,GRRU_imcgy,2020,0.002495
GR,GRRU_imcgy,average,0.001693
GR,GRRU_imcy,1995,0.005914
GR,GRRU_imcy,1996,0.005612
GR,GRRU_imcy,1997,0.006417
GR,GRRU_imcy,1998,0.007609
GR,GRRU_imcy,1999,0.007754
GR,GRRU_imcy,2000,0.009836
GR,GRRU_imcy,2001,0.009218
GR,GRRU_imcy,2002,0.008946
GR,GRRU_imcy,2003,0.007601
GR,GRRU_imcy,2004,0.008772
GR,GRRU_imcy,2005,0.009685
GR,GRRU_imcy,2006,0.010681
GR,GRRU_imcy,2007,0.011532
GR,GRRU_imcy,2008,0.012529
GR,GRRU_imcy,2009,0.011391
GR,GRRU_imcy,2010,0.011861
GR,GRRU_imcy,2011,0.014402
GR,GRRU_imcy,2012,0.014704
GR,GRRU_imcy,2013,0.015049
GR,GRRU_imcy,2014,0.016113
GR,GRRU_imcy,2015,0.017239
GR,GRRU_imcy,2016,0.017709
GR,GRRU_imcy,2017,0.018788
GR,GRRU_imcy,2018,0.019033
GR,GRRU_imcy,2019,0.019678
GR,GRRU_imcy,2020,0.018937
GR,GRRU_imcy,average,0.012488
GR,GRRU_imigy,1995,0.000323
GR,GRRU_imigy,1996,0.000329
GR,GRRU_imigy,1997,0.000331
GR,GRRU_imigy,1998,0.000451
GR,GRRU_imigy,1999,0.000413
GR,GRRU_imigy,2000,0.000468
GR,GRRU_imigy,2001,0.000431
GR,GRRU_imigy,2002,0.000281
GR,GRRU_imigy,2003,0.000316
GR,GRRU_imigy,2004,0.000352
GR,GRRU_imigy,2005,0.000312
GR,GRRU_imigy,2006,0.000426
GR,GRRU_imigy,2007,0.000487
GR,GRRU_imigy,2008,0.000447
GR,GRRU_imigy,2009,0.000318
GR,GRRU_imigy,2010,0.000230
GR,GRRU_imigy,2011,0.000166
GR,GRRU_imigy,2012,0.000212
GR,GRRU_imigy,2013,0.000173
GR,GRRU_imigy,2014,0.000140
GR,GRRU_imigy,2015,0.000143
GR,GRRU_imigy,2016,0.000168
GR,GRRU_imigy,2017,0.000266
GR,GRRU_imigy,2018,0.000250
GR,GRRU_imigy,2019,0.000230
GR,GRRU_imigy,2020,0.000243
GR,GRRU_imigy,average,0.000306
GR,GRRU_imiy,1995,0.002581
GR,GRRU_imiy,1996,0.002658
GR,GRRU_imiy,1997,0.002724
GR,GRRU_imiy,1998,0.004043
GR,GRRU_imiy,1999,0.003591
GR,GRRU_imiy,2000,0.004343
GR,GRRU_imiy,2001,0.004146
GR,GRRU_imiy,2002,0.002854
GR,GRRU_imiy,2003,0.002953
GR,GRRU_imiy,2004,0.003229
GR,GRRU_imiy,2005,0.003319
GR,GRRU_imiy,2006,0.003684
GR,GRRU_imiy,2007,0.005481
GR,GRRU_imiy,2008,0.005840
GR,GRRU_imiy,2009,0.003865
GR,GRRU_imiy,2010,0.002869
GR,GRRU_imiy,2011,0.002619
GR,GRRU_imiy,2012,0.002574
GR,GRRU_imiy,2013,0.002452
GR,GRRU_imiy,2014,0.002672
GR,GRRU_imiy,2015,0.002952
GR,GRRU_imiy,2016,0.003200
GR,GRRU_imiy,2017,0.004566
GR,GRRU_imiy,2018,0.004867
GR,GRRU_imiy,2019,0.004448
GR,GRRU_imiy,2020,0.004668
GR,GRRU_imiy,average,0.003661
GR,GRRW_imcgy,1995,0.006639
GR,GRRW_imcgy,1996,0.007257
GR,GRRW_imcgy,1997,0.006790
GR,GRRW_imcgy,1998,0.007123
GR,GRRW_imcgy,1999,0.007886
GR,GRRW_imcgy,2000,0.009419
GR,GRRW_imcgy,2001,0.008990
GR,GRRW_imcgy,2002,0.008702
GR,GRRW_imcgy,2003,0.007937
GR,GRRW_imcgy,2004,0.008346
GR,GRRW_imcgy,2005,0.008250
GR,GRRW_imcgy,2006,0.008956
GR,GRRW_imcgy,2007,0.009838
GR,GRRW_imcgy,2008,0.010403
GR,GRRW_imcgy,2009,0.010521
GR,GRRW_imcgy,2010,0.011294
GR,GRRW_imcgy,2011,0.011450
GR,GRRW_imcgy,2012,0.012074
GR,GRRW_imcgy,2013,0.010187
GR,GRRW_imcgy,2014,0.010407
GR,GRRW_imcgy,2015,0.009457
GR,GRRW_imcgy,2016,0.009782
GR,GRRW_imcgy,2017,0.010336
GR,GRRW_imcgy,2018,0.009753
GR,GRRW_imcgy,2019,0.009779
GR,GRRW_imcgy,2020,0.011286
GR,GRRW_imcgy,average,0.009584
GR,GRRW_imcy,1995,0.038148
GR,GRRW_imcy,1996,0.041811
GR,GRRW_imcy,1997,0.043077
GR,GRRW_imcy,1998,0.044968
GR,GRRW_imcy,1999,0.052305
GR,GRRW_imcy,2000,0.065009
GR,GRRW_imcy,2001,0.059797
GR,GRRW_imcy,2002,0.057190
GR,GRRW_imcy,2003,0.051270
GR,GRRW_imcy,2004,0.053963
GR,GRRW_imcy,2005,0.061674
GR,GRRW_imcy,2006,0.066816
GR,GRRW_imcy,2007,0.069704
GR,GRRW_imcy,2008,0.073898
GR,GRRW_imcy,2009,0.067333
GR,GRRW_imcy,2010,0.068136
GR,GRRW_imcy,2011,0.081363
GR,GRRW_imcy,2012,0.085713
GR,GRRW_imcy,2013,0.084366
GR,GRRW_imcy,2014,0.084814
GR,GRRW_imcy,2015,0.082791
GR,GRRW_imcy,2016,0.081067
GR,GRRW_imcy,2017,0.083573
GR,GRRW_imcy,2018,0.087667
GR,GRRW_imcy,2019,0.088082
GR,GRRW_imcy,2020,0.083226
GR,GRRW_imcy,average,0.069407
GR,GRRW_imigy,1995,0.001798
GR,GRRW_imigy,1996,0.002075
GR,GRRW_imigy,1997,0.001928
GR,GRRW_imigy,1998,0.002147
GR,GRRW_imigy,1999,0.002356
GR,GRRW_imigy,2000,0.002765
GR,GRRW_imigy,2001,0.002646
GR,GRRW_imigy,2002,0.002384
GR,GRRW_imigy,2003,0.002414
GR,GRRW_imigy,2004,0.002453
GR,GRRW_imigy,2005,0.001845
GR,GRRW_imigy,2006,0.002567
GR,GRRW_imigy,2007,0.002706
GR,GRRW_imigy,2008,0.002275
GR,GRRW_imigy,2009,0.001882
GR,GRRW_imigy,2010,0.001422
GR,GRRW_imigy,2011,0.001233
GR,GRRW_imigy,2012,0.001143
GR,GRRW_imigy,2013,0.000981
GR,GRRW_imigy,2014,0.000733
GR,GRRW_imigy,2015,0.000804
GR,GRRW_imigy,2016,0.000839
GR,GRRW_imigy,2017,0.000937
GR,GRRW_imigy,2018,0.000842
GR,GRRW_imigy,2019,0.000808
GR,GRRW_imigy,2020,0.000964
GR,GRRW_imigy,average,0.001686
GR,GRRW_imiy,1995,0.014373
GR,GRRW_imiy,1996,0.016757
GR,GRRW_imiy,1997,0.015869
GR,GRRW_imiy,1998,0.019234
GR,GRRW_imiy,1999,0.020490
GR,GRRW_imiy,2000,0.025656
GR,GRRW_imiy,2001,0.025428
GR,GRRW_imiy,2002,0.024172
GR,GRRW_imiy,2003,0.022572
GR,GRRW_imiy,2004,0.022515
GR,GRRW_imiy,2005,0.019595
GR,GRRW_imiy,2006,0.022171
GR,GRRW_imiy,2007,0.030488
GR,GRRW_imiy,2008,0.029753
GR,GRRW_imiy,2009,0.022867
GR,GRRW_imiy,2010,0.017764
GR,GRRW_imiy,2011,0.019442
GR,GRRW_imiy,2012,0.013853
GR,GRRW_imiy,2013,0.013883
GR,GRRW_imiy,2014,0.013960
GR,GRRW_imiy,2015,0.016555
GR,GRRW_imiy,2016,0.015932
GR,GRRW_imiy,2017,0.016105
GR,GRRW_imiy,2018,0.016386
GR,GRRW_imiy,2019,0.015600
GR,GRRW_imiy,2020,0.018515
GR,GRRW_imiy,average,0.020148
GR,GRUS_imcgy,1995,0.001341
GR,GRUS_imcgy,1996,0.001260
GR,GRUS_imcgy,1997,0.001299
GR,GRUS_imcgy,1998,0.001673
GR,GRUS_imcgy,1999,0.002152
GR,GRUS_imcgy,2000,0.002429
GR,GRUS_imcgy,2001,0.002387
GR,GRUS_imcgy,2002,0.002429
GR,GRUS_imcgy,2003,0.001655
GR,GRUS_imcgy,2004,0.001390
GR,GRUS_imcgy,2005,0.001263
GR,GRUS_imcgy,2006,0.001265
GR,GRUS_imcgy,2007,0.001090
GR,GRUS_imcgy,2008,0.000947
GR,GRUS_imcgy,2009,0.001337
GR,GRUS_imcgy,2010,0.001082
GR,GRUS_imcgy,2011,0.001137
GR,GRUS_imcgy,2012,0.001096
GR,GRUS_imcgy,2013,0.000810
GR,GRUS_imcgy,2014,0.000862
GR,GRUS_imcgy,2015,0.001007
GR,GRUS_imcgy,2016,0.000959
GR,GRUS_imcgy,2017,0.001119
GR,GRUS_imcgy,2018,0.000978
GR,GRUS_imcgy,2019,0.001124
GR,GRUS_imcgy,2020,0.001366
GR,GRUS_imcgy,average,0.001289
GR,GRUS_imcy,1995,0.007669
GR,GRUS_imcy,1996,0.006515
GR,GRUS_imcy,1997,0.008065
GR,GRUS_imcy,1998,0.009076
GR,GRUS_imcy,1999,0.013676
GR,GRUS_imcy,2000,0.017593
GR,GRUS_imcy,2001,0.017697
GR,GRUS_imcy,2002,0.013319
GR,GRUS_imcy,2003,0.011453
GR,GRUS_imcy,2004,0.009074
GR,GRUS_imcy,2005,0.007666
GR,GRUS_imcy,2006,0.006546
GR,GRUS_imcy,2007,0.007097
GR,GRUS_imcy,2008,0.007397
GR,GRUS_imcy,2009,0.007855
GR,GRUS_imcy,2010,0.007759
GR,GRUS_imcy,2011,0.008470
GR,GRUS_imcy,2012,0.007505
GR,GRUS_imcy,2013,0.007179
GR,GRUS_imcy,2014,0.007518
GR,GRUS_imcy,2015,0.008038
GR,GRUS_imcy,2016,0.007759
GR,GRUS_imcy,2017,0.008580
GR,GRUS_imcy,2018,0.008539
GR,GRUS_imcy,2019,0.008983
GR,GRUS_imcy,2020,0.008533
GR,GRUS_imcy,average,0.008765
GR,GRUS_imigy,1995,0.000350
GR,GRUS_imigy,1996,0.000357
GR,GRUS_imigy,1997,0.000364
GR,GRUS_imigy,1998,0.000603
GR,GRUS_imigy,1999,0.000727
GR,GRUS_imigy,2000,0.000641
GR,GRUS_imigy,2001,0.000482
GR,GRUS_imigy,2002,0.000823
GR,GRUS_imigy,2003,0.001152
GR,GRUS_imigy,2004,0.000710
GR,GRUS_imigy,2005,0.000423
GR,GRUS_imigy,2006,0.000261
GR,GRUS_imigy,2007,0.000430
GR,GRUS_imigy,2008,0.000437
GR,GRUS_imigy,2009,0.000407
GR,GRUS_imigy,2010,0.000275
GR,GRUS_imigy,2011,0.000174
GR,GRUS_imigy,2012,0.000157
GR,GRUS_imigy,2013,0.000126
GR,GRUS_imigy,2014,0.000067
GR,GRUS_imigy,2015,0.000136
GR,GRUS_imigy,2016,0.000157
GR,GRUS_imigy,2017,0.000086
GR,GRUS_imigy,2018,0.000070
GR,GRUS_imigy,2019,0.000080
GR,GRUS_imigy,2020,0.000079
GR,GRUS_imigy,average,0.000328
GR,GRUS_imiy,1995,0.002796
GR,GRUS_imiy,1996,0.002882
GR,GRUS_imiy,1997,0.002992
GR,GRUS_imiy,1998,0.005402
GR,GRUS_imiy,1999,0.006319
GR,GRUS_imiy,2000,0.005947
GR,GRUS_imiy,2001,0.004636
GR,GRUS_imiy,2002,0.008345
GR,GRUS_imiy,2003,0.010772
GR,GRUS_imiy,2004,0.006512
GR,GRUS_imiy,2005,0.004493
GR,GRUS_imiy,2006,0.002256
GR,GRUS_imiy,2007,0.004846
GR,GRUS_imiy,2008,0.005719
GR,GRUS_imiy,2009,0.004944
GR,GRUS_imiy,2010,0.003438
GR,GRUS_imiy,2011,0.002740
GR,GRUS_imiy,2012,0.001897
GR,GRUS_imiy,2013,0.001785
GR,GRUS_imiy,2014,0.001285
GR,GRUS_imiy,2015,0.002809
GR,GRUS_imiy,2016,0.002983
GR,GRUS_imiy,2017,0.001475
GR,GRUS_imiy,2018,0.001356
GR,GRUS_imiy,2019,0.001553
GR,GRUS_imiy,2020,0.001525
GR,GRUS_imiy,average,0.003921
GR,debt,1995,3.9596
GR,debt,1996,4.0534
GR,debt,1997,3.9781
GR,debt,1998,3.8970
GR,debt,1999,3.9563
GR,debt,2000,4.1974
GR,debt,2001,4.2832
GR,debt,2002,4.1945
GR,debt,2003,4.0582
GR,debt,2004,4.1149
GR,debt,2005,4.2958
GR,debt,2006,4.1445
GR,debt,2007,4.1241
GR,debt,2008,4.3766
GR,debt,2009,5.0698
GR,debt,2010,5.8998
GR,debt,2011,7.0088
GR,debt,2012,6.4846
GR,debt,2013,7.1537
GR,debt,2014,7.2701
GR,debt,2015,7.1632
GR,debt,2016,7.3479
GR,debt,2017,7.3282
GR,debt,2018,7.6270
GR,debt,2019,7.4215
GR,debt,2020,8.5261
GR,debt,average,5.4590
GR,imcgy,1995,0.022985
GR,imcgy,1996,0.023486
GR,imcgy,1997,0.022432
GR,imcgy,1998,0.023245
GR,imcgy,1999,0.024853
GR,imcgy,2000,0.027646
GR,imcgy,2001,0.026082
GR,imcgy,2002,0.025414
GR,imcgy,2003,0.025440
GR,imcgy,2004,0.025906
GR,imcgy,2005,0.024678
GR,imcgy,2006,0.025204
GR,imcgy,2007,0.026626
GR,imcgy,2008,0.026820
GR,imcgy,2009,0.026213
GR,imcgy,2010,0.025388
GR,imcgy,2011,0.026006
GR,imcgy,2012,0.026916
GR,imcgy,2013,0.022374
GR,imcgy,2014,0.022720
GR,imcgy,2015,0.021983
GR,imcgy,2016,0.023533
GR,imcgy,2017,0.025281
GR,imcgy,2018,0.023413
GR,imcgy,2019,0.024227
GR,imcgy,2020,0.027437
GR,imcgy,average,0.025030
GR,imcy,1995,0.113016
GR,imcy,1996,0.113238
GR,imcy,1997,0.115840
GR,imcy,1998,0.126007
GR,imcy,1999,0.143988
GR,imcy,2000,0.172183
GR,imcy,2001,0.165929
GR,imcy,2002,0.152424
GR,imcy,2003,0.143797
GR,imcy,2004,0.142057
GR,imcy,2005,0.149881
GR,imcy,2006,0.155957
GR,imcy,2007,0.162070
GR,imcy,2008,0.170471
GR,imcy,2009,0.151774
GR,imcy,2010,0.149271
GR,imcy,2011,0.167973
GR,imcy,2012,0.167664
GR,imcy,2013,0.167414
GR,imcy,2014,0.173974
GR,imcy,2015,0.170381
GR,imcy,2016,0.169944
GR,imcy,2017,0.176992
GR,imcy,2018,0.183303
GR,imcy,2019,0.184763
GR,imcy,2020,0.177506
GR,imcy,average,0.158265
GR,imigy,1995,0.005411
GR,imigy,1996,0.005779
GR,imigy,1997,0.005368
GR,imigy,1998,0.006426
GR,imigy,1999,0.006897
GR,imigy,2000,0.007389
GR,imigy,2001,0.007021
GR,imigy,2002,0.006201
GR,imigy,2003,0.006902
GR,imigy,2004,0.006728
GR,imigy,2005,0.005293
GR,imigy,2006,0.006506
GR,imigy,2007,0.006894
GR,imigy,2008,0.005939
GR,imigy,2009,0.004644
GR,imigy,2010,0.003501
GR,imigy,2011,0.002738
GR,imigy,2012,0.002634
GR,imigy,2013,0.002206
GR,imigy,2014,0.001807
GR,imigy,2015,0.001827
GR,imigy,2016,0.002069
GR,imigy,2017,0.002493
GR,imigy,2018,0.002235
GR,imigy,2019,0.002168
GR,imigy,2020,0.002394
GR,imigy,average,0.004377
GR,imiy,1995,0.043247
GR,imiy,1996,0.046656
GR,imiy,1997,0.044181
GR,imiy,1998,0.057558
GR,imiy,1999,0.059973
GR,imiy,2000,0.068554
GR,imiy,2001,0.067471
GR,imiy,2002,0.062881
GR,imiy,2003,0.064547
GR,imiy,2004,0.061751
GR,imiy,2005,0.056229
GR,imiy,2006,0.056198
GR,imiy,2007,0.077657
GR,imiy,2008,0.077657
GR,imiy,2009,0.056420
GR,imiy,2010,0.043751
GR,imiy,2011,0.043153
GR,imiy,2012,0.031913
GR,imiy,2013,0.031219
GR,imiy,2014,0.034395
GR,imiy,2015,0.037632
GR,imiy,2016,0.039281
GR,imiy,2017,0.042861
GR,imiy,2018,0.043501
GR,imiy,2019,0.041859
GR,imiy,2020,0.045993
GR,imiy,average,0.052302
GR,imy,1995,0.184660
GR,imy,1996,0.189160
GR,imy,1997,0.187821
GR,imy,1998,0.213236
GR,imy,1999,0.235711
GR,imy,2000,0.275772
GR,imy,2001,0.266504
GR,imy,2002,0.246920
GR,imy,2003,0.240685
GR,imy,2004,0.236442
GR,imy,2005,0.236081
GR,imy,2006,0.243865
GR,imy,2007,0.273246
GR,imy,2008,0.280887
GR,imy,2009,0.239052
GR,imy,2010,0.221910
GR,imy,2011,0.239870
GR,imy,2012,0.229127
GR,imy,2013,0.223213
GR,imy,2014,0.232895
GR,imy,2015,0.231824
GR,imy,2016,0.234826
GR,imy,2017,0.247627
GR,imy,2018,0.252452
GR,imy,2019,0.253016
GR,imy,2020,0.253330
GR,imy,average,0.239974
GR,private_consumption,1995,0.6313
GR,private_consumption,1996,0.6295
GR,private_consumption,1997,0.6214
GR,private_consumption,1998,0.6185
GR,private_consumption,1999,0.6193
GR,private_consumption,2000,0.6140
GR,private_consumption,2001,0.6050
GR,private_consumption,2002,0.6105
GR,private_consumption,2003,0.5980
GR,private_consumption,2004,0.5958
GR,private_consumption,2005,0.6144
GR,private_consumption,2006,0.5868
GR,private_consumption,2007,0.5912
GR,private_consumption,2008,0.6207
GR,private_consumption,2009,0.6311
GR,private_consumption,2010,0.6294
GR,private_consumption,2011,0.6624
GR,private_consumption,2012,0.6545
GR,private_consumption,2013,0.6567
GR,private_consumption,2014,0.6616
GR,private_consumption,2015,0.6523
GR,private_consumption,2016,0.6486
GR,private_consumption,2017,0.6467
GR,private_consumption,2018,0.6402
GR,private_consumption,2019,0.6361
GR,private_consumption,2020,0.6514
GR,private_consumption,average,0.6276
GR,private_investment,1995,0.1419
GR,private_investment,1996,0.1478
GR,private_investment,1997,0.1448
GR,private_investment,1998,0.1676
GR,private_investment,1999,0.1746
GR,private_investment,2000,0.1734
GR,private_investment,2001,0.1764
GR,private_investment,2002,0.1662
GR,private_investment,2003,0.1780
GR,private_investment,2004,0.1737
GR,private_investment,2005,0.1496
GR,private_investment,2006,0.1696
GR,private_investment,2007,0.1839
GR,private_investment,2008,0.1668
GR,private_investment,2009,0.1447
GR,private_investment,2010,0.1137
GR,private_investment,2011,0.0926
GR,private_investment,2012,0.0788
GR,private_investment,2013,0.0758
GR,private_investment,2014,0.0681
GR,private_investment,2015,0.0728
GR,private_investment,2016,0.0770
GR,private_investment,2017,0.0839
GR,private_investment,2018,0.0798
GR,private_investment,2019,0.0755
GR,private_investment,2020,0.0837
GR,private_investment,average,0.1291
GR,public_consumption,1995,0.1760
GR,public_consumption,1996,0.1742
GR,public_consumption,1997,0.1767
GR,public_consumption,1998,0.1729
GR,public_consumption,1999,0.1792
GR,public_consumption,2000,0.1800
GR,public_consumption,2001,0.1842
GR,public_consumption,2002,0.1896
GR,public_consumption,2003,0.1865
GR,public_consumption,2004,0.1895
GR,public_consumption,2005,0.1980
GR,public_consumption,2006,0.1967
GR,public_consumption,2007,0.1997
GR,public_consumption,2008,0.2058
GR,public_consumption,2009,0.2336
GR,public_consumption,2010,0.2301
GR,public_consumption,2011,0.2294
GR,public_consumption,2012,0.2264
GR,public_consumption,2013,0.2114
GR,public_consumption,2014,0.2137
GR,public_consumption,2015,0.2141
GR,public_consumption,2016,0.2166
GR,public_consumption,2017,0.2127
GR,public_consumption,2018,0.2037
GR,public_consumption,2019,0.2055
GR,public_consumption,2020,0.2348
GR,public_consumption,average,0.2050
GR,public_investment,1995,0.0466
GR,public_investment,1996,0.0486
GR,public_investment,1997,0.0476
GR,public_investment,1998,0.0551
GR,public_investment,1999,0.0574
GR,public_investment,2000,0.0570
GR,public_investment,2001,0.0580
GR,public_investment,2002,0.0546
GR,public_investment,2003,0.0585
GR,public_investment,2004,0.0571
GR,public_investment,2005,0.0492
GR,public_investment,2006,0.0557
GR,public_investment,2007,0.0604
GR,public_investment,2008,0.0548
GR,public_investment,2009,0.0475
GR,public_investment,2010,0.0374
GR,public_investment,2011,0.0304
GR,public_investment,2012,0.0259
GR,public_investment,2013,0.0249
GR,public_investment,2014,0.0224
GR,public_investment,2015,0.0239
GR,public_investment,2016,0.0253
GR,public_investment,2017,0.0276
GR,public_investment,2018,0.0262
GR,public_investment,2019,0.0248
GR,public_investment,2020,0.0275
GR,public_investment,average,0.0424
GR,size,1995,0.004620
GR,size,1996,0.004792
GR,size,1997,0.004689
GR,size,1998,0.004830
GR,size,1999,0.004734
GR,size,2000,0.004098
GR,size,2001,0.004253
GR,size,2002,0.004645
GR,size,2003,0.005439
GR,size,2004,0.005718
GR,size,2005,0.005405
GR,size,2006,0.005557
GR,size,2007,0.005753
GR,size,2008,0.005766
GR,size,2009,0.005638
GR,size,2010,0.004532
GR,size,2011,0.003836
GR,size,2012,0.003278
GR,size,2013,0.003140
GR,size,2014,0.002971
GR,size,2015,0.002610
GR,size,2016,0.002495
GR,size,2017,0.002461
GR,size,2018,0.002473
GR,size,2019,0.002360
GR,size,2020,0.002212
GR,size,average,0.003861
GR,tax_SSC_firms,1995,0.1593
GR,tax_SSC_firms,1996,0.1645
GR,tax_SSC_firms,1997,0.1707
GR,tax_SSC_firms,1998,0.1834
GR,tax_SSC_firms,1999,0.1761
GR,tax_SSC_firms,2000,0.1964
GR,tax_SSC_firms,2001,0.1983
GR,tax_SSC_firms,2002,0.2081
GR,tax_SSC_firms,2003,0.2011
GR,tax_SSC_firms,2004,0.1891
GR,tax_SSC_firms,2005,0.1914
GR,tax_SSC_firms,2006,0.1780
GR,tax_SSC_firms,2007,0.1896
GR,tax_SSC_firms,2008,0.1927
GR,tax_SSC_firms,2009,0.1682
GR,tax_SSC_firms,2010,0.1815
GR,tax_SSC_firms,2011,0.1707
GR,tax_SSC_firms,2012,0.1777
GR,tax_SSC_firms,2013,0.1773
GR,tax_SSC_firms,2014,0.1642
GR,tax_SSC_firms,2015,0.1605
GR,tax_SSC_firms,2016,0.1567
GR,tax_SSC_firms,2017,0.1733
GR,tax_SSC_firms,2018,0.1877
GR,tax_SSC_firms,2019,0.1936
GR,tax_SSC_firms,2020,0.1924
GR,tax_SSC_firms,average,0.1809
GR,tax_SSC_households,1995,0.1907
GR,tax_SSC_households,1996,0.1962
GR,tax_SSC_households,1997,0.1950
GR,tax_SSC_households,1998,0.2117
GR,tax_SSC_households,1999,0.2093
GR,tax_SSC_households,2000,0.2251
GR,tax_SSC_households,2001,0.2311
GR,tax_SSC_households,2002,0.2314
GR,tax_SSC_households,2003,0.2305
GR,tax_SSC_households,2004,0.2226
GR,tax_SSC_households,2005,0.2130
GR,tax_SSC_households,2006,0.2131
GR,tax_SSC_households,2007,0.2207
GR,tax_SSC_households,2008,0.2173
GR,tax_SSC_households,2009,0.1994
GR,tax_SSC_households,2010,0.2106
GR,tax_SSC_households,2011,0.2099
GR,tax_SSC_households,2012,0.2235
GR,tax_SSC_households,2013,0.2277
GR,tax_SSC_households,2014,0.2178
GR,tax_SSC_households,2015,0.2309
GR,tax_SSC_households,2016,0.2355
GR,tax_SSC_households,2017,0.2473
GR,tax_SSC_households,2018,0.2328
GR,tax_SSC_households,2019,0.2290
GR,tax_SSC_households,2020,0.2299
GR,tax_SSC_households,average,0.2193
GR,tax_capital,1995,0.0367
GR,tax_capital,1996,0.0354
GR,tax_capital,1997,0.0381
GR,tax_capital,1998,0.0495
GR,tax_capital,1999,0.0534
GR,tax_capital,2000,0.0727
GR,tax_capital,2001,0.0584
GR,tax_capital,2002,0.0611
GR,tax_capital,2003,0.0503
GR,tax_capital,2004,0.0494
GR,tax_capital,2005,0.0605
GR,tax_capital,2006,0.0469
GR,tax_capital,2007,0.0422
GR,tax_capital,2008,0.0400
GR,tax_capital,2009,0.0471
GR,tax_capital,2010,0.0487
GR,tax_capital,2011,0.0409
GR,tax_capital,2012,0.0219
GR,tax_capital,2013,0.0220
GR,tax_capital,2014,0.0375
GR,tax_capital,2015,0.0428
GR,tax_capital,2016,0.0519
GR,tax_capital,2017,0.0405
GR,tax_capital,2018,0.0461
GR,tax_capital,2019,0.0389
GR,tax_capital,2020,0.0283
GR,tax_capital,average,0.0447
GR,tax_consumption,1995,0.1547
GR,tax_consumption,1996,0.1603
GR,tax_consumption,1997,0.1662
GR,tax_consumption,1998,0.1725
GR,tax_consumption,1999,0.1736
GR,tax_consumption,2000,0.1832
GR,tax_consumption,2001,0.1842
GR,tax_consumption,2002,0.1894
GR,tax_consumption,2003,0.1804
GR,tax_consumption,2004,0.1761
GR,tax_consumption,2005,0.1737
GR,tax_consumption,2006,0.1833
GR,tax_consumption,2007,0.1851
GR,tax_consumption,2008,0.1794
GR,tax_consumption,2009,0.1693
GR,tax_consumption,2010,0.1875
GR,tax_consumption,2011,0.1940
GR,tax_consumption,2012,0.2072
GR,tax_consumption,2013,0.2121
GR,tax_consumption,2014,0.2166
GR,tax_consumption,2015,0.2207
GR,tax_consumption,2016,0.2356
GR,tax_consumption,2017,0.2318
GR,tax_consumption,2018,0.2317
GR,tax_consumption,2019,0.2297
GR,tax_consumption,2020,0.2128
GR,tax_consumption,average,0.1927
GR,tax_income,1995,0.1251
GR,tax_income,1996,0.1254
GR,tax_income,1997,0.1454
GR,tax_income,1998,0.1809
GR,tax_income,1999,0.1817
GR,tax_income,2000,0.1801
GR,tax_income,2001,0.1681
GR,tax_income,2002,0.1686
GR,tax_income,2003,0.1598
GR,tax_income,2004,0.1600
GR,tax_income,2005,0.1644
GR,tax_income,2006,0.1653
GR,tax_income,2007,0.1727
GR,tax_income,2008,0.1735
GR,tax_income,2009,0.1608
GR,tax_income,2010,0.1418
GR,tax_income,2011,0.1689
GR,tax_income,2012,0.2538
GR,tax_income,2013,0.2239
GR,tax_income,2014,0.2167
GR,tax_income,2015,0.2091
GR,tax_income,2016,0.2095
GR,tax_income,2017,0.2257
GR,tax_income,2018,0.2240
GR,tax_income,2019,0.2061
GR,tax_income,2020,0.2049
GR,tax_income,average,0.1814
GR,tby,1995,-0.073015
GR,tby,1996,-0.078001
GR,tby,1997,-0.059703
GR,tby,1998,-0.085326
GR,tby,1999,-0.082326
GR,tby,2000,-0.088794
GR,tby,2001,-0.085594
GR,tby,2002,-0.086844
GR,tby,2003,-0.092273
GR,tby,2004,-0.071406
GR,tby,2005,-0.065768
GR,tby,2006,-0.081383
GR,tby,2007,-0.102044
GR,tby,2008,-0.102519
GR,tby,2009,-0.088783
GR,tby,2010,-0.049076
GR,tby,2011,-0.042388
GR,tby,2012,-0.008428
GR,tby,2013,0.012221
GR,tby,2014,0.024627
GR,tby,2015,0.020631
GR,tby,2016,0.010894
GR,tby,2017,0.021887
GR,tby,2018,0.042199
GR,tby,2019,0.051003
GR,tby,2020,-0.012595
GR,tby,average,-0.046603
GR,trybar,1995,0.1320
GR,trybar,1996,0.1330
GR,trybar,1997,0.1340
GR,trybar,1998,0.1380
GR,trybar,1999,0.1440
GR,trybar,2000,0.1510
GR,trybar,2001,0.1530
GR,trybar,2002,0.1540
GR,trybar,2003,0.1590
GR,trybar,2004,0.1550
GR,trybar,2005,0.1640
GR,trybar,2006,0.1680
GR,trybar,2007,0.1740
GR,trybar,2008,0.1920
GR,trybar,2009,0.2090
GR,trybar,2010,0.2120
GR,trybar,2011,0.2330
GR,trybar,2012,0.2400
GR,trybar,2013,0.2190
GR,trybar,2014,0.2220
GR,trybar,2015,0.2260
GR,trybar,2016,0.2260
GR,trybar,2017,0.2180
GR,trybar,2018,0.2140
GR,trybar,2019,0.2140
GR,trybar,2020,0.2360
GR,trybar,average,0.1854
IT,ITAT_imcgy,1995,0.000237
IT,ITAT_imcgy,1996,0.000212
IT,ITAT_imcgy,1997,0.000214
IT,ITAT_imcgy,1998,0.000239
IT,ITAT_imcgy,1999,0.000231
IT,ITAT_imcgy,2000,0.000256
IT,ITAT_imcgy,2001,0.000285
IT,ITAT_imcgy,2002,0.000301
IT,ITAT_imcgy,2003,0.000287
IT,ITAT_imcgy,2004,0.000301
IT,ITAT_imcgy,2005,0.000320
IT,ITAT_imcgy,2006,0.000344
IT,ITAT_imcgy,2007,0.000334
IT,ITAT_imcgy,2008,0.000294
IT,ITAT_imcgy,2009,0.000313
IT,ITAT_imcgy,2010,0.000310
IT,ITAT_imcgy,2011,0.000300
IT,ITAT_imcgy,2012,0.000297
IT,ITAT_imcgy,2013,0.000333
IT,ITAT_imcgy,2014,0.000324
IT,ITAT_imcgy,2015,0.000309
IT,ITAT_imcgy,2016,0.000358
IT,ITAT_imcgy,2017,0.000396
IT,ITAT_imcgy,2018,0.000455
IT,ITAT_imcgy,2019,0.000447
IT,ITAT_imcgy,2020,0.000441
IT,ITAT_imcgy,average,0.000321
IT,ITAT_imcy,1995,0.002887
IT,ITAT_imcy,1996,0.002548
IT,ITAT_imcy,1997,0.002658
IT,ITAT_imcy,1998,0.002987
IT,ITAT_imcy,1999,0.003049
IT,ITAT_imcy,2000,0.003170
IT,ITAT_imcy,2001,0.003293
IT,ITAT_imcy,2002,0.003630
IT,ITAT_imcy,2003,0.003482
IT,ITAT_imcy,2004,0.003344
IT,ITAT_imcy,2005,0.003329
IT,ITAT_imcy,2006,0.003527
IT,ITAT_imcy,2007,0.003280
IT,ITAT_imcy,2008,0.002929
IT,ITAT_imcy,2009,0.002884
IT,ITAT_imcy,2010,0.003058
IT,ITAT_imcy,2011,0.003063
IT,ITAT_imcy,2012,0.003121
IT,ITAT_imcy,2013,0.003191
IT,ITAT_imcy,2014,0.003064
IT,ITAT_imcy,2015,0.003025
IT,ITAT_imcy,2016,0.003101
IT,ITAT_imcy,2017,0.003247
IT,ITAT_imcy,2018,0.003416
IT,ITAT_imcy,2019,0.003584
IT,ITAT_imcy,2020,0.002978
IT,ITAT_imcy,average,0.003157
IT,ITAT_imigy,1995,0.000041
IT,ITAT_imigy,1996,0.000038
IT,ITAT_imigy,1997,0.000037
IT,ITAT_imigy,1998,0.000041
IT,ITAT_imigy,1999,0.000044
IT,ITAT_imigy,2000,0.000050
IT,ITAT_imigy,2001,0.000060
IT,ITAT_imigy,2002,0.000071
IT,ITAT_imigy,2003,0.000065
IT,ITAT_imigy,2004,0.000063
IT,ITAT_imigy,2005,0.000064
IT,ITAT_imigy,2006,0.000069
IT,ITAT_imigy,2007,0.000065
IT,ITAT_imigy,2008,0.000059
IT,ITAT_imigy,2009,0.000056
IT,ITAT_imigy,2010,0.000054
IT,ITAT_imigy,2011,0.000054
IT,ITAT_imigy,2012,0.000052
IT,ITAT_imigy,2013,0.000049
IT,ITAT_imigy,2014,0.000044
IT,ITAT_imigy,2015,0.000042
IT,ITAT_imigy,2016,0.000047
IT,ITAT_imigy,2017,0.000053
IT,ITAT_imigy,2018,0.000057
IT,ITAT_imigy,2019,0.000060
IT,ITAT_imigy,2020,0.000057
IT,ITAT_imigy,average,0.000055
IT,ITAT_imiy,1995,0.001259
IT,ITAT_imiy,1996,0.001158
IT,ITAT_imiy,1997,0.001170
IT,ITAT_imiy,1998,0.001296
IT,ITAT_imiy,1999,0.001335
IT,ITAT_imiy,2000,0.001490
IT,ITAT_imiy,2001,0.001519
IT,ITAT_imiy,2002,0.001692
IT,ITAT_imiy,2003,0.001542
IT,ITAT_imiy,2004,0.001551
IT,ITAT_imiy,2005,0.001563
IT,ITAT_imiy,2006,0.001665
IT,ITAT_imiy,2007,0.001586
IT,ITAT_imiy,2008,0.001401
IT,ITAT_imiy,2009,0.001254
IT,ITAT_imiy,2010,0.001337
IT,ITAT_imiy,2011,0.001300
IT,ITAT_imiy,2012,0.001207
IT,ITAT_imiy,2013,0.001150
IT,ITAT_imiy,2014,0.001106
IT,ITAT_imiy,2015,0.001108
IT,ITAT_imiy,2016,0.001179
IT,ITAT_imiy,2017,0.001297
IT,ITAT_imiy,2018,0.001369
IT,ITAT_imiy,2019,0.001428
IT,ITAT_imiy,2020,0.001264
IT,ITAT_imiy,average,0.001351
IT,ITBE_imcgy,1995,0.000416
IT,ITBE_imcgy,1996,0.000380
IT,ITBE_imcgy,1997,0.000383
IT,ITBE_imcgy,1998,0.000385
IT,ITBE_imcgy,1999,0.000392
IT,ITBE_imcgy,2000,0.000437
IT,ITBE_imcgy,2001,0.000571
IT,ITBE_imcgy,2002,0.000484
IT,ITBE_imcgy,2003,0.000485
IT,ITBE_imcgy,2004,0.000505
IT,ITBE_imcgy,2005,0.000521
IT,ITBE_imcgy,2006,0.000519
IT,ITBE_imcgy,2007,0.000571
IT,ITBE_imcgy,2008,0.000550
IT,ITBE_imcgy,2009,0.000585
IT,ITBE_imcgy,2010,0.000567
IT,ITBE_imcgy,2011,0.000550
IT,ITBE_imcgy,2012,0.000573
IT,ITBE_imcgy,2013,0.000641
IT,ITBE_imcgy,2014,0.000575
IT,ITBE_imcgy,2015,0.000559
IT,ITBE_imcgy,2016,0.000810
IT,ITBE_imcgy,2017,0.000892
IT,ITBE_imcgy,2018,0.000908
IT,ITBE_imcgy,2019,0.001009
IT,ITBE_imcgy,2020,0.001062
IT,ITBE_imcgy,average,0.000609
IT,ITBE_imcy,1995,0.004098
IT,ITBE_imcy,1996,0.003804
IT,ITBE_imcy,1997,0.003799
IT,ITBE_imcy,1998,0.003788
IT,ITBE_imcy,1999,0.003771
IT,ITBE_imcy,2000,0.003926
IT,ITBE_imcy,2001,0.003914
IT,ITBE_imcy,2002,0.003497
IT,ITBE_imcy,2003,0.003611
IT,ITBE_imcy,2004,0.003685
IT,ITBE_imcy,2005,0.003669
IT,ITBE_imcy,2006,0.003495
IT,ITBE_imcy,2007,0.003673
IT,ITBE_imcy,2008,0.003396
IT,ITBE_imcy,2009,0.003297
IT,ITBE_imcy,2010,0.003308
IT,ITBE_imcy,2011,0.003380
IT,ITBE_imcy,2012,0.003452
IT,ITBE_imcy,2013,0.003397
IT,ITBE_imcy,2014,0.003220
IT,ITBE_imcy,2015,0.003302
IT,ITBE_imcy,2016,0.003546
IT,ITBE_imcy,2017,0.003708
IT,ITBE_imcy,2018,0.003710
IT,ITBE_imcy,2019,0.003924
IT,ITBE_imcy,2020,0.003707
IT,ITBE_imcy,average,0.003582
IT,ITBE_imigy,1995,0.000056
IT,ITBE_imigy,1996,0.000050
IT,ITBE_imigy,1997,0.000048
IT,ITBE_imigy,1998,0.000049
IT,ITBE_imigy,1999,0.000049
IT,ITBE_imigy,2000,0.000055
IT,ITBE_imigy,2001,0.000068
IT,ITBE_imigy,2002,0.000067
IT,ITBE_imigy,2003,0.000067
IT,ITBE_imigy,2004,0.000069
IT,ITBE_imigy,2005,0.000069
IT,ITBE_imigy,2006,0.000066
IT,ITBE_imigy,2007,0.000070
IT,ITBE_imigy,2008,0.000062
IT,ITBE_imigy,2009,0.000055
IT,ITBE_imigy,2010,0.000048
IT,ITBE_imigy,2011,0.000051
IT,ITBE_imigy,2012,0.000049
IT,ITBE_imigy,2013,0.000044
IT,ITBE_imigy,2014,0.000042
IT,ITBE_imigy,2015,0.000038
IT,ITBE_imigy,2016,0.000042
IT,ITBE_imigy,2017,0.000044
IT,ITBE_imigy,2018,0.000048
IT,ITBE_imigy,2019,0.000051
IT,ITBE_imigy,2020,0.000049
IT,ITBE_imigy,average,0.000055
IT,ITBE_imiy,1995,0.001695
IT,ITBE_imiy,1996,0.001529
IT,ITBE_imiy,1997,0.001501
IT,ITBE_imiy,1998,0.001545
IT,ITBE_imiy,1999,0.001473
IT,ITBE_imiy,2000,0.001643
IT,ITBE_imiy,2001,0.001715
IT,ITBE_imiy,2002,0.001607
IT,ITBE_imiy,2003,0.001583
IT,ITBE_imiy,2004,0.001694
IT,ITBE_imiy,2005,0.001680
IT,ITBE_imiy,2006,0.001602
IT,ITBE_imiy,2007,0.001700
IT,ITBE_imiy,2008,0.001489
IT,ITBE_imiy,2009,0.001231
IT,ITBE_imiy,2010,0.001201
IT,ITBE_imiy,2011,0.001221
IT,ITBE_imiy,2012,0.001138
IT,ITBE_imiy,2013,0.001043
IT,ITBE_imiy,2014,0.001054
IT,ITBE_imiy,2015,0.001012
IT,ITBE_imiy,2016,0.001052
IT,ITBE_imiy,2017,0.001097
IT,ITBE_imiy,2018,0.001159
IT,ITBE_imiy,2019,0.001202
IT,ITBE_imiy,2020,0.001084
IT,ITBE_imiy,average,0.001352
IT,ITDE_imcgy,1995,0.001590
IT,ITDE_imcgy,1996,0.001322
IT,ITDE_imcgy,1997,0.001400
IT,ITDE_imcgy,1998,0.001483
IT,ITDE_imcgy,1999,0.001533
IT,ITDE_imcgy,2000,0.001633
IT,ITDE_imcgy,2001,0.002009
IT,ITDE_imcgy,2002,0.002028
IT,ITDE_imcgy,2003,0.002134
IT,ITDE_imcgy,2004,0.002005
IT,ITDE_imcgy,2005,0.001954
IT,ITDE_imcgy,2006,0.001980
IT,ITDE_imcgy,2007,0.002012
IT,ITDE_imcgy,2008,0.001666
IT,ITDE_imcgy,2009,0.001730
IT,ITDE_imcgy,2010,0.001674
IT,ITDE_imcgy,2011,0.001745
IT,ITDE_imcgy,2012,0.001640
IT,ITDE_imcgy,2013,0.001592
IT,ITDE_imcgy,2014,0.001646
IT,ITDE_imcgy,2015,0.001538
IT,ITDE_imcgy,2016,0.001688
IT,ITDE_imcgy,2017,0.001916
IT,ITDE_imcgy,2018,0.002046
IT,ITDE_imcgy,2019,0.002015
IT,ITDE_imcgy,2020,0.002335
IT,ITDE_imcgy,average,0.001795
IT,ITDE_imcy,1995,0.016533
IT,ITDE_imcy,1996,0.014241
IT,ITDE_imcy,1997,0.015966
IT,ITDE_imcy,1998,0.016812
IT,ITDE_imcy,1999,0.017296
IT,ITDE_imcy,2000,0.017847
IT,ITDE_imcy,2001,0.017033
IT,ITDE_imcy,2002,0.016326
IT,ITDE_imcy,2003,0.016687
IT,ITDE_imcy,2004,0.017306
IT,ITDE_imcy,2005,0.017015
IT,ITDE_imcy,2006,0.017197
IT,ITDE_imcy,2007,0.017724
IT,ITDE_imcy,2008,0.016280
IT,ITDE_imcy,2009,0.015388
IT,ITDE_imcy,2010,0.017394
IT,ITDE_imcy,2011,0.017293
IT,ITDE_imcy,2012,0.015944
IT,ITDE_imcy,2013,0.015531
IT,ITDE_imcy,2014,0.015737
IT,ITDE_imcy,2015,0.016049
IT,ITDE_imcy,2016,0.016595
IT,ITDE_imcy,2017,0.017542
IT,ITDE_imcy,2018,0.017792
IT,ITDE_imcy,2019,0.017334
IT,ITDE_imcy,2020,0.016436
IT,ITDE_imcy,average,0.016677
IT,ITDE_imigy,1995,0.000318
IT,ITDE_imigy,1996,0.000275
IT,ITDE_imigy,1997,0.000270
IT,ITDE_imigy,1998,0.000299
IT,ITDE_imigy,1999,0.000323
IT,ITDE_imigy,2000,0.000358
IT,ITDE_imigy,2001,0.000415
IT,ITDE_imigy,2002,0.000436
IT,ITDE_imigy,2003,0.000406
IT,ITDE_imigy,2004,0.000408
IT,ITDE_imigy,2005,0.000407
IT,ITDE_imigy,2006,0.000432
IT,ITDE_imigy,2007,0.000444
IT,ITDE_imigy,2008,0.000402
IT,ITDE_imigy,2009,0.000342
IT,ITDE_imigy,2010,0.000353
IT,ITDE_imigy,2011,0.000364
IT,ITDE_imigy,2012,0.000324
IT,ITDE_imigy,2013,0.000300
IT,ITDE_imigy,2014,0.000283
IT,ITDE_imigy,2015,0.000280
IT,ITDE_imigy,2016,0.000330
IT,ITDE_imigy,2017,0.000359
IT,ITDE_imigy,2018,0.000386
IT,ITDE_imigy,2019,0.000369
IT,ITDE_imigy,2020,0.000377
IT,ITDE_imigy,average,0.000363
IT,ITDE_imiy,1995,0.009707
IT,ITDE_imiy,1996,0.008464
IT,ITDE_imiy,1997,0.008525
IT,ITDE_imiy,1998,0.009438
IT,ITDE_imiy,1999,0.009810
IT,ITDE_imiy,2000,0.010610
IT,ITDE_imiy,2001,0.010553
IT,ITDE_imiy,2002,0.010432
IT,ITDE_imiy,2003,0.009638
IT,ITDE_imiy,2004,0.010094
IT,ITDE_imiy,2005,0.009939
IT,ITDE_imiy,2006,0.010415
IT,ITDE_imiy,2007,0.010855
IT,ITDE_imiy,2008,0.009629
IT,ITDE_imiy,2009,0.007601
IT,ITDE_imiy,2010,0.008757
IT,ITDE_imiy,2011,0.008812
IT,ITDE_imiy,2012,0.007481
IT,ITDE_imiy,2013,0.007047
IT,ITDE_imiy,2014,0.007169
IT,ITDE_imiy,2015,0.007448
IT,ITDE_imiy,2016,0.008241
IT,ITDE_imiy,2017,0.008870
IT,ITDE_imiy,2018,0.009293
IT,ITDE_imiy,2019,0.008751
IT,ITDE_imiy,2020,0.008425
IT,ITDE_imiy,average,0.008981
IT,ITES_imcgy,1995,0.000319
IT,ITES_imcgy,1996,0.000305
IT,ITES_imcgy,1997,0.000337
IT,ITES_imcgy,1998,0.000358
IT,ITES_imcgy,1999,0.000383
IT,ITES_imcgy,2000,0.000435
IT,ITES_imcgy,2001,0.000480
IT,ITES_imcgy,2002,0.000493
IT,ITES_imcgy,2003,0.000526
IT,ITES_imcgy,2004,0.000560
IT,ITES_imcgy,2005,0.000571
IT,ITES_imcgy,2006,0.000604
IT,ITES_imcgy,2007,0.000663
IT,ITES_imcgy,2008,0.000613
IT,ITES_imcgy,2009,0.000680
IT,ITES_imcgy,2010,0.000695
IT,ITES_imcgy,2011,0.000730
IT,ITES_imcgy,2012,0.000659
IT,ITES_imcgy,2013,0.000638
IT,ITES_imcgy,2014,0.000602
IT,ITES_imcgy,2015,0.000540
IT,ITES_imcgy,2016,0.000600
IT,ITES_imcgy,2017,0.000617
IT,ITES_imcgy,2018,0.000596
IT,ITES_imcgy,2019,0.000648
IT,ITES_imcgy,2020,0.000688
IT,ITES_imcgy,average,0.000577
IT,ITES_imcy,1995,0.004531
IT,ITES_imcy,1996,0.004686
IT,ITES_imcy,1997,0.005794
IT,ITES_imcy,1998,0.005750
IT,ITES_imcy,1999,0.005622
IT,ITES_imcy,2000,0.006271
IT,ITES_imcy,2001,0.006316
IT,ITES_imcy,2002,0.006602
IT,ITES_imcy,2003,0.006876
IT,ITES_imcy,2004,0.006591
IT,ITES_imcy,2005,0.006337
IT,ITES_imcy,2006,0.006409
IT,ITES_imcy,2007,0.006700
IT,ITES_imcy,2008,0.006427
IT,ITES_imcy,2009,0.006690
IT,ITES_imcy,2010,0.007343
IT,ITES_imcy,2011,0.007850
IT,ITES_imcy,2012,0.007206
IT,ITES_imcy,2013,0.007159
IT,ITES_imcy,2014,0.007401
IT,ITES_imcy,2015,0.007499
IT,ITES_imcy,2016,0.007970
IT,ITES_imcy,2017,0.008521
IT,ITES_imcy,2018,0.008159
IT,ITES_imcy,2019,0.008590
IT,ITES_imcy,2020,0.007196
IT,ITES_imcy,average,0.006933
IT,ITES_imigy,1995,0.000056
IT,ITES_imigy,1996,0.000056
IT,ITES_imigy,1997,0.000060
IT,ITES_imigy,1998,0.000065
IT,ITES_imigy,1999,0.000069
IT,ITES_imigy,2000,0.000083
IT,ITES_imigy,2001,0.000096
IT,ITES_imigy,2002,0.000104
IT,ITES_imigy,2003,0.000104
IT,ITES_imigy,2004,0.000099
IT,ITES_imigy,2005,0.000094
IT,ITES_imigy,2006,0.000101
IT,ITES_imigy,2007,0.000105
IT,ITES_imigy,2008,0.000091
IT,ITES_imigy,2009,0.000087
IT,ITES_imigy,2010,0.000086
IT,ITES_imigy,2011,0.000093
IT,ITES_imigy,2012,0.000079
IT,ITES_imigy,2013,0.000071
IT,ITES_imigy,2014,0.000066
IT,ITES_imigy,2015,0.000067
IT,ITES_imigy,2016,0.000080
IT,ITES_imigy,2017,0.000080
IT,ITES_imigy,2018,0.000084
IT,ITES_imigy,2019,0.000091
IT,ITES_imigy,2020,0.000087
IT,ITES_imigy,average,0.000085
IT,ITES_imiy,1995,0.001709
IT,ITES_imiy,1996,0.001720
IT,ITES_imiy,1997,0.001892
IT,ITES_imiy,1998,0.002050
IT,ITES_imiy,1999,0.002110
IT,ITES_imiy,2000,0.002474
IT,ITES_imiy,2001,0.002445
IT,ITES_imiy,2002,0.002484
IT,ITES_imiy,2003,0.002463
IT,ITES_imiy,2004,0.002437
IT,ITES_imiy,2005,0.002291
IT,ITES_imiy,2006,0.002429
IT,ITES_imiy,2007,0.002569
IT,ITES_imiy,2008,0.002169
IT,ITES_imiy,2009,0.001924
IT,ITES_imiy,2010,0.002144
IT,ITES_imiy,2011,0.002246
IT,ITES_imiy,2012,0.001829
IT,ITES_imiy,2013,0.001668
IT,ITES_imiy,2014,0.001672
IT,ITES_imiy,2015,0.001776
IT,ITES_imiy,2016,0.002011
IT,ITES_imiy,2017,0.001974
IT,ITES_imiy,2018,0.002029
IT,ITES_imiy,2019,0.002156
IT,ITES_imiy,2020,0.001946
IT,ITES_imiy,average,0.002096
IT,ITFI_imcgy,1995,0.000077
IT,ITFI_imcgy,1996,0.000054
IT,ITFI_imcgy,1997,0.000067
IT,ITFI_imcgy,1998,0.000087
IT,ITFI_imcgy,1999,0.000097
IT,ITFI_imcgy,2000,0.000173
IT,ITFI_imcgy,2001,0.000100
IT,ITFI_imcgy,2002,0.000102
IT,ITFI_imcgy,2003,0.000136
IT,ITFI_imcgy,2004,0.000087
IT,ITFI_imcgy,2005,0.000101
IT,ITFI_imcgy,2006,0.000101
IT,ITFI_imcgy,2007,0.000105
IT,ITFI_imcgy,2008,0.000089
IT,ITFI_imcgy,2009,0.000076
IT,ITFI_imcgy,2010,0.000055
IT,ITFI_imcgy,2011,0.000051
IT,ITFI_imcgy,2012,0.000048
IT,ITFI_imcgy,2013,0.000047
IT,ITFI_imcgy,2014,0.000048
IT,ITFI_imcgy,2015,0.000042
IT,ITFI_imcgy,2016,0.000048
IT,ITFI_imcgy,2017,0.000052
IT,ITFI_imcgy,2018,0.000053
IT,ITFI_imcgy,2019,0.000060
IT,ITFI_imcgy,2020,0.000062
IT,ITFI_imcgy,average,0.000075
IT,ITFI_imcy,1995,0.000630
IT,ITFI_imcy,1996,0.000503
IT,ITFI_imcy,1997,0.000584
IT,ITFI_imcy,1998,0.000729
IT,ITFI_imcy,1999,0.000773
IT,ITFI_imcy,2000,0.000976
IT,ITFI_imcy,2001,0.000672
IT,ITFI_imcy,2002,0.000667
IT,ITFI_imcy,2003,0.000760
IT,ITFI_imcy,2004,0.000568
IT,ITFI_imcy,2005,0.000626
IT,ITFI_imcy,2006,0.000614
IT,ITFI_imcy,2007,0.000619
IT,ITFI_imcy,2008,0.000672
IT,ITFI_imcy,2009,0.000525
IT,ITFI_imcy,2010,0.000447
IT,ITFI_imcy,2011,0.000411
IT,ITFI_imcy,2012,0.000386
IT,ITFI_imcy,2013,0.000384
IT,ITFI_imcy,2014,0.000387
IT,ITFI_imcy,2015,0.000347
IT,ITFI_imcy,2016,0.000351
IT,ITFI_imcy,2017,0.000379
IT,ITFI_imcy,2018,0.000387
IT,ITFI_imcy,2019,0.000546
IT,ITFI_imcy,2020,0.000375
IT,ITFI_imcy,average,0.000530
IT,ITFI_imigy,1995,0.000014
IT,ITFI_imigy,1996,0.000011
IT,ITFI_imigy,1997,0.000013
IT,ITFI_imigy,1998,0.000018
IT,ITFI_imigy,1999,0.000020
IT,ITFI_imigy,2000,0.000027
IT,ITFI_imigy,2001,0.000023
IT,ITFI_imigy,2002,0.000023
IT,ITFI_imigy,2003,0.000025
IT,ITFI_imigy,2004,0.000018
IT,ITFI_imigy,2005,0.000021
IT,ITFI_imigy,2006,0.000021
IT,ITFI_imigy,2007,0.000022
IT,ITFI_imigy,2008,0.000025
IT,ITFI_imigy,2009,0.000019
IT,ITFI_imigy,2010,0.000013
IT,ITFI_imigy,2011,0.000010
IT,ITFI_imigy,2012,0.000010
IT,ITFI_imigy,2013,0.000009
IT,ITFI_imigy,2014,0.000009
IT,ITFI_imigy,2015,0.000007
IT,ITFI_imigy,2016,0.000007
IT,ITFI_imigy,2017,0.000008
IT,ITFI_imigy,2018,0.000009
IT,ITFI_imigy,2019,0.000021
IT,ITFI_imigy,2020,0.000012
IT,ITFI_imigy,average,0.000016
IT,ITFI_imiy,1995,0.000422
IT,ITFI_imiy,1996,0.000324
IT,ITFI_imiy,1997,0.000407
IT,ITFI_imiy,1998,0.000582
IT,ITFI_imiy,1999,0.000610
IT,ITFI_imiy,2000,0.000813
IT,ITFI_imiy,2001,0.000574
IT,ITFI_imiy,2002,0.000558
IT,ITFI_imiy,2003,0.000589
IT,ITFI_imiy,2004,0.000443
IT,ITFI_imiy,2005,0.000509
IT,ITFI_imiy,2006,0.000515
IT,ITFI_imiy,2007,0.000542
IT,ITFI_imiy,2008,0.000598
IT,ITFI_imiy,2009,0.000413
IT,ITFI_imiy,2010,0.000316
IT,ITFI_imiy,2011,0.000250
IT,ITFI_imiy,2012,0.000240
IT,ITFI_imiy,2013,0.000200
IT,ITFI_imiy,2014,0.000215
IT,ITFI_imiy,2015,0.000180
IT,ITFI_imiy,2016,0.000182
IT,ITFI_imiy,2017,0.000207
IT,ITFI_imiy,2018,0.000217
IT,ITFI_imiy,2019,0.000496
IT,ITFI_imiy,2020,0.000262
IT,ITFI_imiy,average,0.000393
IT,ITFR_imcgy,1995,0.001390
IT,ITFR_imcgy,1996,0.001265
IT,ITFR_imcgy,1997,0.001290
IT,ITFR_imcgy,1998,0.001412
IT,ITFR_imcgy,1999,0.001363
IT,ITFR_imcgy,2000,0.001452
IT,ITFR_imcgy,2001,0.001657
IT,ITFR_imcgy,2002,0.001685
IT,ITFR_imcgy,2003,0.001621
IT,ITFR_imcgy,2004,0.001596
IT,ITFR_imcgy,2005,0.001597
IT,ITFR_imcgy,2006,0.001484
IT,ITFR_imcgy,2007,0.001455
IT,ITFR_imcgy,2008,0.001238
IT,ITFR_imcgy,2009,0.001310
IT,ITFR_imcgy,2010,0.001221
IT,ITFR_imcgy,2011,0.001328
IT,ITFR_imcgy,2012,0.001315
IT,ITFR_imcgy,2013,0.001341
IT,ITFR_imcgy,2014,0.001429
IT,ITFR_imcgy,2015,0.001297
IT,ITFR_imcgy,2016,0.001394
IT,ITFR_imcgy,2017,0.001465
IT,ITFR_imcgy,2018,0.001532
IT,ITFR_imcgy,2019,0.001546
IT,ITFR_imcgy,2020,0.001877
IT,ITFR_imcgy,average,0.001437
IT,ITFR_imcy,1995,0.016574
IT,ITFR_imcy,1996,0.015260
IT,ITFR_imcy,1997,0.015765
IT,ITFR_imcy,1998,0.016402
IT,ITFR_imcy,1999,0.015821
IT,ITFR_imcy,2000,0.015840
IT,ITFR_imcy,2001,0.014926
IT,ITFR_imcy,2002,0.014969
IT,ITFR_imcy,2003,0.014785
IT,ITFR_imcy,2004,0.014641
IT,ITFR_imcy,2005,0.014008
IT,ITFR_imcy,2006,0.013358
IT,ITFR_imcy,2007,0.013102
IT,ITFR_imcy,2008,0.012450
IT,ITFR_imcy,2009,0.011808
IT,ITFR_imcy,2010,0.012496
IT,ITFR_imcy,2011,0.012867
IT,ITFR_imcy,2012,0.012799
IT,ITFR_imcy,2013,0.012735
IT,ITFR_imcy,2014,0.012674
IT,ITFR_imcy,2015,0.012596
IT,ITFR_imcy,2016,0.012338
IT,ITFR_imcy,2017,0.012790
IT,ITFR_imcy,2018,0.013117
IT,ITFR_imcy,2019,0.012633
IT,ITFR_imcy,2020,0.011775
IT,ITFR_imcy,average,0.013492
IT,ITFR_imigy,1995,0.000213
IT,ITFR_imigy,1996,0.000198
IT,ITFR_imigy,1997,0.000197
IT,ITFR_imigy,1998,0.000211
IT,ITFR_imigy,1999,0.000212
IT,ITFR_imigy,2000,0.000228
IT,ITFR_imigy,2001,0.000263
IT,ITFR_imigy,2002,0.000275
IT,ITFR_imigy,2003,0.000253
IT,ITFR_imigy,2004,0.000241
IT,ITFR_imigy,2005,0.000233
IT,ITFR_imigy,2006,0.000230
IT,ITFR_imigy,2007,0.000221
IT,ITFR_imigy,2008,0.000197
IT,ITFR_imigy,2009,0.000168
IT,ITFR_imigy,2010,0.000163
IT,ITFR_imigy,2011,0.000170
IT,ITFR_imigy,2012,0.000166
IT,ITFR_imigy,2013,0.000157
IT,ITFR_imigy,2014,0.000147
IT,ITFR_imigy,2015,0.000144
IT,ITFR_imigy,2016,0.000158
IT,ITFR_imigy,2017,0.000166
IT,ITFR_imigy,2018,0.000173
IT,ITFR_imigy,2019,0.000171
IT,ITFR_imigy,2020,0.000173
IT,ITFR_imigy,average,0.000197
IT,ITFR_imiy,1995,0.006496
IT,ITFR_imiy,1996,0.006094
IT,ITFR_imiy,1997,0.006214
IT,ITFR_imiy,1998,0.006679
IT,ITFR_imiy,1999,0.006450
IT,ITFR_imiy,2000,0.006761
IT,ITFR_imiy,2001,0.006688
IT,ITFR_imiy,2002,0.006585
IT,ITFR_imiy,2003,0.006002
IT,ITFR_imiy,2004,0.005952
IT,ITFR_imiy,2005,0.005687
IT,ITFR_imiy,2006,0.005540
IT,ITFR_imiy,2007,0.005401
IT,ITFR_imiy,2008,0.004724
IT,ITFR_imiy,2009,0.003727
IT,ITFR_imiy,2010,0.004045
IT,ITFR_imiy,2011,0.004100
IT,ITFR_imiy,2012,0.003835
IT,ITFR_imiy,2013,0.003676
IT,ITFR_imiy,2014,0.003721
IT,ITFR_imiy,2015,0.003825
IT,ITFR_imiy,2016,0.003953
IT,ITFR_imiy,2017,0.004093
IT,ITFR_imiy,2018,0.004156
IT,ITFR_imiy,2019,0.004048
IT,ITFR_imiy,2020,0.003869
IT,ITFR_imiy,average,0.004868
IT,ITGR_imcgy,1995,0.000044
IT,ITGR_imcgy,1996,0.000042
IT,ITGR_imcgy,1997,0.000046
IT,ITGR_imcgy,1998,0.000039
IT,ITGR_imcgy,1999,0.000054
IT,ITGR_imcgy,2000,0.000052
IT,ITGR_imcgy,2001,0.000153
IT,ITGR_imcgy,2002,0.000362
IT,ITGR_imcgy,2003,0.000325
IT,ITGR_imcgy,2004,0.000096
IT,ITGR_imcgy,2005,0.000057
IT,ITGR_imcgy,2006,0.000065
IT,ITGR_imcgy,2007,0.000069
IT,ITGR_imcgy,2008,0.000087
IT,ITGR_imcgy,2009,0.000067
IT,ITGR_imcgy,2010,0.000073
IT,ITGR_imcgy,2011,0.000065
IT,ITGR_imcgy,2012,0.000061
IT,ITGR_imcgy,2013,0.000076
IT,ITGR_imcgy,2014,0.000077
IT,ITGR_imcgy,2015,0.000066
IT,ITGR_imcgy,2016,0.000069
IT,ITGR_imcgy,2017,0.000080
IT,ITGR_imcgy,2018,0.000081
IT,ITGR_imcgy,2019,0.000085
IT,ITGR_imcgy,2020,0.000078
IT,ITGR_imcgy,average,0.000088
IT,ITGR_imcy,1995,0.001176
IT,ITGR_imcy,1996,0.001158
IT,ITGR_imcy,1997,0.001334
IT,ITGR_imcy,1998,0.001141
IT,ITGR_imcy,1999,0.001477
IT,ITGR_imcy,2000,0.001363
IT,ITGR_imcy,2001,0.001259
IT,ITGR_imcy,2002,0.001425
IT,ITGR_imcy,2003,0.001536
IT,ITGR_imcy,2004,0.001949
IT,ITGR_imcy,2005,0.001652
IT,ITGR_imcy,2006,0.001556
IT,ITGR_imcy,2007,0.001684
IT,ITGR_imcy,2008,0.001448
IT,ITGR_imcy,2009,0.001139
IT,ITGR_imcy,2010,0.001312
IT,ITGR_imcy,2011,0.001158
IT,ITGR_imcy,2012,0.001037
IT,ITGR_imcy,2013,0.001246
IT,ITGR_imcy,2014,0.001269
IT,ITGR_imcy,2015,0.001400
IT,ITGR_imcy,2016,0.001338
IT,ITGR_imcy,2017,0.001464
IT,ITGR_imcy,2018,0.001562
IT,ITGR_imcy,2019,0.001593
IT,ITGR_imcy,2020,0.001082
IT,ITGR_imcy,average,0.001382
IT,ITGR_imigy,1995,0.000006
IT,ITGR_imigy,1996,0.000005
IT,ITGR_imigy,1997,0.000005
IT,ITGR_imigy,1998,0.000004
IT,ITGR_imigy,1999,0.000006
IT,ITGR_imigy,2000,0.000006
IT,ITGR_imigy,2001,0.000007
IT,ITGR_imigy,2002,0.000008
IT,ITGR_imigy,2003,0.000007
IT,ITGR_imigy,2004,0.000009
IT,ITGR_imigy,2005,0.000007
IT,ITGR_imigy,2006,0.000008
IT,ITGR_imigy,2007,0.000010
IT,ITGR_imigy,2008,0.000011
IT,ITGR_imigy,2009,0.000008
IT,ITGR_imigy,2010,0.000008
IT,ITGR_imigy,2011,0.000008
IT,ITGR_imigy,2012,0.000008
IT,ITGR_imigy,2013,0.000008
IT,ITGR_imigy,2014,0.000007
IT,ITGR_imigy,2015,0.000006
IT,ITGR_imigy,2016,0.000007
IT,ITGR_imigy,2017,0.000007
IT,ITGR_imigy,2018,0.000008
IT,ITGR_imigy,2019,0.000010
IT,ITGR_imigy,2020,0.000008
IT,ITGR_imigy,average,0.000008
IT,ITGR_imiy,1995,0.000168
IT,ITGR_imiy,1996,0.000140
IT,ITGR_imiy,1997,0.000145
IT,ITGR_imiy,1998,0.000139
IT,ITGR_imiy,1999,0.000192
IT,ITGR_imiy,2000,0.000182
IT,ITGR_imiy,2001,0.000185
IT,ITGR_imiy,2002,0.000191
IT,ITGR_imiy,2003,0.000166
IT,ITGR_imiy,2004,0.000221
IT,ITGR_imiy,2005,0.000164
IT,ITGR_imiy,2006,0.000204
IT,ITGR_imiy,2007,0.000234
IT,ITGR_imiy,2008,0.000261
IT,ITGR_imiy,2009,0.000173
IT,ITGR_imiy,2010,0.000193
IT,ITGR_imiy,2011,0.000199
IT,ITGR_imiy,2012,0.000175
IT,ITGR_imiy,2013,0.000177
IT,ITGR_imiy,2014,0.000186
IT,ITGR_imiy,2015,0.000168
IT,ITGR_imiy,2016,0.000173
IT,ITGR_imiy,2017,0.000184
IT,ITGR_imiy,2018,0.000200
IT,ITGR_imiy,2019,0.000227
IT,ITGR_imiy,2020,0.000180
IT,ITGR_imiy,average,0.000189
IT,ITNL_imcgy,1995,0.000442
IT,ITNL_imcgy,1996,0.000426
IT,ITNL_imcgy,1997,0.000401
IT,ITNL_imcgy,1998,0.000422
IT,ITNL_imcgy,1999,0.000438
IT,ITNL_imcgy,2000,0.000457
IT,ITNL_imcgy,2001,0.000506
IT,ITNL_imcgy,2002,0.000495
IT,ITNL_imcgy,2003,0.000541
IT,ITNL_imcgy,2004,0.000560
IT,ITNL_imcgy,2005,0.000566
IT,ITNL_imcgy,2006,0.000538
IT,ITNL_imcgy,2007,0.000561
IT,ITNL_imcgy,2008,0.000549
IT,ITNL_imcgy,2009,0.000531
IT,ITNL_imcgy,2010,0.000500
IT,ITNL_imcgy,2011,0.000527
IT,ITNL_imcgy,2012,0.000499
IT,ITNL_imcgy,2013,0.000511
IT,ITNL_imcgy,2014,0.000518
IT,ITNL_imcgy,2015,0.000508
IT,ITNL_imcgy,2016,0.000501
IT,ITNL_imcgy,2017,0.000565
IT,ITNL_imcgy,2018,0.000587
IT,ITNL_imcgy,2019,0.000576
IT,ITNL_imcgy,2020,0.000684
IT,ITNL_imcgy,average,0.000524
IT,ITNL_imcy,1995,0.005691
IT,ITNL_imcy,1996,0.005393
IT,ITNL_imcy,1997,0.005334
IT,ITNL_imcy,1998,0.005479
IT,ITNL_imcy,1999,0.005705
IT,ITNL_imcy,2000,0.005534
IT,ITNL_imcy,2001,0.005216
IT,ITNL_imcy,2002,0.004890
IT,ITNL_imcy,2003,0.005081
IT,ITNL_imcy,2004,0.004996
IT,ITNL_imcy,2005,0.004922
IT,ITNL_imcy,2006,0.004579
IT,ITNL_imcy,2007,0.004617
IT,ITNL_imcy,2008,0.004651
IT,ITNL_imcy,2009,0.004549
IT,ITNL_imcy,2010,0.004433
IT,ITNL_imcy,2011,0.004627
IT,ITNL_imcy,2012,0.004474
IT,ITNL_imcy,2013,0.004580
IT,ITNL_imcy,2014,0.004545
IT,ITNL_imcy,2015,0.004958
IT,ITNL_imcy,2016,0.004849
IT,ITNL_imcy,2017,0.005189
IT,ITNL_imcy,2018,0.005069
IT,ITNL_imcy,2019,0.004885
IT,ITNL_imcy,2020,0.004935
IT,ITNL_imcy,average,0.004894
IT,ITNL_imigy,1995,0.000057
IT,ITNL_imigy,1996,0.000051
IT,ITNL_imigy,1997,0.000056
IT,ITNL_imigy,1998,0.000056
IT,ITNL_imigy,1999,0.000065
IT,ITNL_imigy,2000,0.000071
IT,ITNL_imigy,2001,0.000078
IT,ITNL_imigy,2002,0.000077
IT,ITNL_imigy,2003,0.000080
IT,ITNL_imigy,2004,0.000077
IT,ITNL_imigy,2005,0.000080
IT,ITNL_imigy,2006,0.000082
IT,ITNL_imigy,2007,0.000080
IT,ITNL_imigy,2008,0.000081
IT,ITNL_imigy,2009,0.000080
IT,ITNL_imigy,2010,0.000071
IT,ITNL_imigy,2011,0.000073
IT,ITNL_imigy,2012,0.000069
IT,ITNL_imigy,2013,0.000064
IT,ITNL_imigy,2014,0.000062
IT,ITNL_imigy,2015,0.000067
IT,ITNL_imigy,2016,0.000074
IT,ITNL_imigy,2017,0.000083
IT,ITNL_imigy,2018,0.000082
IT,ITNL_imigy,2019,0.000078
IT,ITNL_imigy,2020,0.000083
IT,ITNL_imigy,average,0.000074
IT,ITNL_imiy,1995,0.001749
IT,ITNL_imiy,1996,0.001576
IT,ITNL_imiy,1997,0.001782
IT,ITNL_imiy,1998,0.001758
IT,ITNL_imiy,1999,0.001979
IT,ITNL_imiy,2000,0.002111
IT,ITNL_imiy,2001,0.001974
IT,ITNL_imiy,2002,0.001846
IT,ITNL_imiy,2003,0.001909
IT,ITNL_imiy,2004,0.001893
IT,ITNL_imiy,2005,0.001949
IT,ITNL_imiy,2006,0.001983
IT,ITNL_imiy,2007,0.001958
IT,ITNL_imiy,2008,0.001940
IT,ITNL_imiy,2009,0.001777
IT,ITNL_imiy,2010,0.001765
IT,ITNL_imiy,2011,0.001769
IT,ITNL_imiy,2012,0.001587
IT,ITNL_imiy,2013,0.001504
IT,ITNL_imiy,2014,0.001561
IT,ITNL_imiy,2015,0.001784
IT,ITNL_imiy,2016,0.001844
IT,ITNL_imiy,2017,0.002042
IT,ITNL_imiy,2018,0.001967
IT,ITNL_imiy,2019,0.001852
IT,ITNL_imiy,2020,0.001845
IT,ITNL_imiy,average,0.001829
IT,ITPT_imcgy,1995,0.000049
IT,ITPT_imcgy,1996,0.000043
IT,ITPT_imcgy,1997,0.000041
IT,ITPT_imcgy,1998,0.000065
IT,ITPT_imcgy,1999,0.000050
IT,ITPT_imcgy,2000,0.000054
IT,ITPT_imcgy,2001,0.000054
IT,ITPT_imcgy,2002,0.000060
IT,ITPT_imcgy,2003,0.000063
IT,ITPT_imcgy,2004,0.000068
IT,ITPT_imcgy,2005,0.000064
IT,ITPT_imcgy,2006,0.000070
IT,ITPT_imcgy,2007,0.000072
IT,ITPT_imcgy,2008,0.000063
IT,ITPT_imcgy,2009,0.000073
IT,ITPT_imcgy,2010,0.000083
IT,ITPT_imcgy,2011,0.000088
IT,ITPT_imcgy,2012,0.000060
IT,ITPT_imcgy,2013,0.000064
IT,ITPT_imcgy,2014,0.000059
IT,ITPT_imcgy,2015,0.000054
IT,ITPT_imcgy,2016,0.000061
IT,ITPT_imcgy,2017,0.000068
IT,ITPT_imcgy,2018,0.000068
IT,ITPT_imcgy,2019,0.000074
IT,ITPT_imcgy,2020,0.000081
IT,ITPT_imcgy,average,0.000065
IT,ITPT_imcy,1995,0.000666
IT,ITPT_imcy,1996,0.000653
IT,ITPT_imcy,1997,0.000664
IT,ITPT_imcy,1998,0.000767
IT,ITPT_imcy,1999,0.000721
IT,ITPT_imcy,2000,0.000710
IT,ITPT_imcy,2001,0.000752
IT,ITPT_imcy,2002,0.000770
IT,ITPT_imcy,2003,0.000740
IT,ITPT_imcy,2004,0.000732
IT,ITPT_imcy,2005,0.000677
IT,ITPT_imcy,2006,0.000713
IT,ITPT_imcy,2007,0.000715
IT,ITPT_imcy,2008,0.000636
IT,ITPT_imcy,2009,0.000649
IT,ITPT_imcy,2010,0.000754
IT,ITPT_imcy,2011,0.000800
IT,ITPT_imcy,2012,0.000681
IT,ITPT_imcy,2013,0.000690
IT,ITPT_imcy,2014,0.000687
IT,ITPT_imcy,2015,0.000678
IT,ITPT_imcy,2016,0.000746
IT,ITPT_imcy,2017,0.000859
IT,ITPT_imcy,2018,0.000940
IT,ITPT_imcy,2019,0.000956
IT,ITPT_imcy,2020,0.000885
IT,ITPT_imcy,average,0.000742
IT,ITPT_imigy,1995,0.000007
IT,ITPT_imigy,1996,0.000008
IT,ITPT_imigy,1997,0.000007
IT,ITPT_imigy,1998,0.000008
IT,ITPT_imigy,1999,0.000008
IT,ITPT_imigy,2000,0.000008
IT,ITPT_imigy,2001,0.000010
IT,ITPT_imigy,2002,0.000013
IT,ITPT_imigy,2003,0.000011
IT,ITPT_imigy,2004,0.000011
IT,ITPT_imigy,2005,0.000010
IT,ITPT_imigy,2006,0.000011
IT,ITPT_imigy,2007,0.000010
IT,ITPT_imigy,2008,0.000009
IT,ITPT_imigy,2009,0.000009
IT,ITPT_imigy,2010,0.000008
IT,ITPT_imigy,2011,0.000009
IT,ITPT_imigy,2012,0.000008
IT,ITPT_imigy,2013,0.000007
IT,ITPT_imigy,2014,0.000006
IT,ITPT_imigy,2015,0.000006
IT,ITPT_imigy,2016,0.000007
IT,ITPT_imigy,2017,0.000007
IT,ITPT_imigy,2018,0.000008
IT,ITPT_imigy,2019,0.000009
IT,ITPT_imigy,2020,0.000010
IT,ITPT_imigy,average,0.000009
IT,ITPT_imiy,1995,0.000207
IT,ITPT_imiy,1996,0.000235
IT,ITPT_imiy,1997,0.000227
IT,ITPT_imiy,1998,0.000257
IT,ITPT_imiy,1999,0.000241
IT,ITPT_imiy,2000,0.000243
IT,ITPT_imiy,2001,0.000261
IT,ITPT_imiy,2002,0.000306
IT,ITPT_imiy,2003,0.000271
IT,ITPT_imiy,2004,0.000270
IT,ITPT_imiy,2005,0.000244
IT,ITPT_imiy,2006,0.000266
IT,ITPT_imiy,2007,0.000255
IT,ITPT_imiy,2008,0.000213
IT,ITPT_imiy,2009,0.000190
IT,ITPT_imiy,2010,0.000206
IT,ITPT_imiy,2011,0.000228
IT,ITPT_imiy,2012,0.000184
IT,ITPT_imiy,2013,0.000176
IT,ITPT_imiy,2014,0.000163
IT,ITPT_imiy,2015,0.000163
IT,ITPT_imiy,2016,0.000170
IT,ITPT_imiy,2017,0.000185
IT,ITPT_imiy,2018,0.000198
IT,ITPT_imiy,2019,0.000214
IT,ITPT_imiy,2020,0.000229
IT,ITPT_imiy,average,0.000219
IT,ITRA_imcgy,1995,0.000288
IT,ITRA_imcgy,1996,0.000268
IT,ITRA_imcgy,1997,0.000279
IT,ITRA_imcgy,1998,0.000393
IT,ITRA_imcgy,1999,0.000522
IT,ITRA_imcgy,2000,0.000667
IT,ITRA_imcgy,2001,0.000718
IT,ITRA_imcgy,2002,0.000741
IT,ITRA_imcgy,2003,0.000842
IT,ITRA_imcgy,2004,0.000978
IT,ITRA_imcgy,2005,0.001008
IT,ITRA_imcgy,2006,0.000998
IT,ITRA_imcgy,2007,0.000978
IT,ITRA_imcgy,2008,0.001285
IT,ITRA_imcgy,2009,0.001584
IT,ITRA_imcgy,2010,0.001413
IT,ITRA_imcgy,2011,0.001302
IT,ITRA_imcgy,2012,0.001396
IT,ITRA_imcgy,2013,0.001632
IT,ITRA_imcgy,2014,0.001735
IT,ITRA_imcgy,2015,0.002113
IT,ITRA_imcgy,2016,0.001741
IT,ITRA_imcgy,2017,0.001826
IT,ITRA_imcgy,2018,0.001868
IT,ITRA_imcgy,2019,0.002090
IT,ITRA_imcgy,2020,0.002670
IT,ITRA_imcgy,average,0.001301
IT,ITRA_imcy,1995,0.003139
IT,ITRA_imcy,1996,0.003035
IT,ITRA_imcy,1997,0.003238
IT,ITRA_imcy,1998,0.003833
IT,ITRA_imcy,1999,0.004793
IT,ITRA_imcy,2000,0.005780
IT,ITRA_imcy,2001,0.005552
IT,ITRA_imcy,2002,0.005893
IT,ITRA_imcy,2003,0.006226
IT,ITRA_imcy,2004,0.006269
IT,ITRA_imcy,2005,0.006680
IT,ITRA_imcy,2006,0.007108
IT,ITRA_imcy,2007,0.007650
IT,ITRA_imcy,2008,0.008483
IT,ITRA_imcy,2009,0.008489
IT,ITRA_imcy,2010,0.008425
IT,ITRA_imcy,2011,0.008141
IT,ITRA_imcy,2012,0.008336
IT,ITRA_imcy,2013,0.008788
IT,ITRA_imcy,2014,0.009210
IT,ITRA_imcy,2015,0.010816
IT,ITRA_imcy,2016,0.010389
IT,ITRA_imcy,2017,0.011310
IT,ITRA_imcy,2018,0.011069
IT,ITRA_imcy,2019,0.012055
IT,ITRA_imcy,2020,0.012456
IT,ITRA_imcy,average,0.008014
IT,ITRA_imigy,1995,0.000039
IT,ITRA_imigy,1996,0.000036
IT,ITRA_imigy,1997,0.000036
IT,ITRA_imigy,1998,0.000043
IT,ITRA_imigy,1999,0.000057
IT,ITRA_imigy,2000,0.000073
IT,ITRA_imigy,2001,0.000084
IT,ITRA_imigy,2002,0.000092
IT,ITRA_imigy,2003,0.000095
IT,ITRA_imigy,2004,0.000095
IT,ITRA_imigy,2005,0.000102
IT,ITRA_imigy,2006,0.000109
IT,ITRA_imigy,2007,0.000112
IT,ITRA_imigy,2008,0.000125
IT,ITRA_imigy,2009,0.000131
IT,ITRA_imigy,2010,0.000124
IT,ITRA_imigy,2011,0.000115
IT,ITRA_imigy,2012,0.000126
IT,ITRA_imigy,2013,0.000129
IT,ITRA_imigy,2014,0.000128
IT,ITRA_imigy,2015,0.000138
IT,ITRA_imigy,2016,0.000147
IT,ITRA_imigy,2017,0.000167
IT,ITRA_imigy,2018,0.000171
IT,ITRA_imigy,2019,0.000184
IT,ITRA_imigy,2020,0.000204
IT,ITRA_imigy,average,0.000116
IT,ITRA_imiy,1995,0.001193
IT,ITRA_imiy,1996,0.001115
IT,ITRA_imiy,1997,0.001122
IT,ITRA_imiy,1998,0.001369
IT,ITRA_imiy,1999,0.001737
IT,ITRA_imiy,2000,0.002161
IT,ITRA_imiy,2001,0.002144
IT,ITRA_imiy,2002,0.002207
IT,ITRA_imiy,2003,0.002248
IT,ITRA_imiy,2004,0.002351
IT,ITRA_imiy,2005,0.002484
IT,ITRA_imiy,2006,0.002626
IT,ITRA_imiy,2007,0.002734
IT,ITRA_imiy,2008,0.002991
IT,ITRA_imiy,2009,0.002920
IT,ITRA_imiy,2010,0.003084
IT,ITRA_imiy,2011,0.002771
IT,ITRA_imiy,2012,0.002916
IT,ITRA_imiy,2013,0.003038
IT,ITRA_imiy,2014,0.003245
IT,ITRA_imiy,2015,0.003668
IT,ITRA_imiy,2016,0.003683
IT,ITRA_imiy,2017,0.004116
IT,ITRA_imiy,2018,0.004112
IT,ITRA_imiy,2019,0.004352
IT,ITRA_imiy,2020,0.004561
IT,ITRA_imiy,average,0.002876
IT,ITRU_imcgy,1995,0.000415
IT,ITRU_imcgy,1996,0.000395
IT,ITRU_imcgy,1997,0.000416
IT,ITRU_imcgy,1998,0.000511
IT,ITRU_imcgy,1999,0.000493
IT,ITRU_imcgy,2000,0.000499
IT,ITRU_imcgy,2001,0.000636
IT,ITRU_imcgy,2002,0.000690
IT,ITRU_imcgy,2003,0.000693
IT,ITRU_imcgy,2004,0.000727
IT,ITRU_imcgy,2005,0.000782
IT,ITRU_imcgy,2006,0.000845
IT,ITRU_imcgy,2007,0.000922
IT,ITRU_imcgy,2008,0.000805
IT,ITRU_imcgy,2009,0.000841
IT,ITRU_imcgy,2010,0.000899
IT,ITRU_imcgy,2011,0.000940
IT,ITRU_imcgy,2012,0.000911
IT,ITRU_imcgy,2013,0.000910
IT,ITRU_imcgy,2014,0.000945
IT,ITRU_imcgy,2015,0.000891
IT,ITRU_imcgy,2016,0.001012
IT,ITRU_imcgy,2017,0.001102
IT,ITRU_imcgy,2018,0.001099
IT,ITRU_imcgy,2019,0.001150
IT,ITRU_imcgy,2020,0.001375
IT,ITRU_imcgy,average,0.000845
IT,ITRU_imcy,1995,0.005412
IT,ITRU_imcy,1996,0.005338
IT,ITRU_imcy,1997,0.005832
IT,ITRU_imcy,1998,0.006509
IT,ITRU_imcy,1999,0.006180
IT,ITRU_imcy,2000,0.006256
IT,ITRU_imcy,2001,0.006425
IT,ITRU_imcy,2002,0.006548
IT,ITRU_imcy,2003,0.006743
IT,ITRU_imcy,2004,0.007435
IT,ITRU_imcy,2005,0.008324
IT,ITRU_imcy,2006,0.009134
IT,ITRU_imcy,2007,0.009912
IT,ITRU_imcy,2008,0.009826
IT,ITRU_imcy,2009,0.009378
IT,ITRU_imcy,2010,0.009865
IT,ITRU_imcy,2011,0.010033
IT,ITRU_imcy,2012,0.009377
IT,ITRU_imcy,2013,0.009610
IT,ITRU_imcy,2014,0.009852
IT,ITRU_imcy,2015,0.010359
IT,ITRU_imcy,2016,0.010688
IT,ITRU_imcy,2017,0.011323
IT,ITRU_imcy,2018,0.011409
IT,ITRU_imcy,2019,0.011636
IT,ITRU_imcy,2020,0.011510
IT,ITRU_imcy,average,0.009038
IT,ITRU_imigy,1995,0.000068
IT,ITRU_imigy,1996,0.000064
IT,ITRU_imigy,1997,0.000068
IT,ITRU_imigy,1998,0.000085
IT,ITRU_imigy,1999,0.000085
IT,ITRU_imigy,2000,0.000091
IT,ITRU_imigy,2001,0.000106
IT,ITRU_imigy,2002,0.000119
IT,ITRU_imigy,2003,0.000120
IT,ITRU_imigy,2004,0.000135
IT,ITRU_imigy,2005,0.000150
IT,ITRU_imigy,2006,0.000175
IT,ITRU_imigy,2007,0.000196
IT,ITRU_imigy,2008,0.000202
IT,ITRU_imigy,2009,0.000185
IT,ITRU_imigy,2010,0.000164
IT,ITRU_imigy,2011,0.000166
IT,ITRU_imigy,2012,0.000156
IT,ITRU_imigy,2013,0.000147
IT,ITRU_imigy,2014,0.000143
IT,ITRU_imigy,2015,0.000146
IT,ITRU_imigy,2016,0.000171
IT,ITRU_imigy,2017,0.000183
IT,ITRU_imigy,2018,0.000195
IT,ITRU_imigy,2019,0.000205
IT,ITRU_imigy,2020,0.000213
IT,ITRU_imigy,average,0.000152
IT,ITRU_imiy,1995,0.002084
IT,ITRU_imiy,1996,0.001980
IT,ITRU_imiy,1997,0.002162
IT,ITRU_imiy,1998,0.002685
IT,ITRU_imiy,1999,0.002595
IT,ITRU_imiy,2000,0.002701
IT,ITRU_imiy,2001,0.002692
IT,ITRU_imiy,2002,0.002843
IT,ITRU_imiy,2003,0.002842
IT,ITRU_imiy,2004,0.003336
IT,ITRU_imiy,2005,0.003664
IT,ITRU_imiy,2006,0.004213
IT,ITRU_imiy,2007,0.004790
IT,ITRU_imiy,2008,0.004824
IT,ITRU_imiy,2009,0.004106
IT,ITRU_imiy,2010,0.004068
IT,ITRU_imiy,2011,0.004005
IT,ITRU_imiy,2012,0.003595
IT,ITRU_imiy,2013,0.003464
IT,ITRU_imiy,2014,0.003610
IT,ITRU_imiy,2015,0.003892
IT,ITRU_imiy,2016,0.004268
IT,ITRU_imiy,2017,0.004515
IT,ITRU_imiy,2018,0.004685
IT,ITRU_imiy,2019,0.004846
IT,ITRU_imiy,2020,0.004750
IT,ITRU_imiy,average,0.003761
IT,ITRW_imcgy,1995,0.004189
IT,ITRW_imcgy,1996,0.004070
IT,ITRW_imcgy,1997,0.004059
IT,ITRW_imcgy,1998,0.004176
IT,ITRW_imcgy,1999,0.004427
IT,ITRW_imcgy,2000,0.005391
IT,ITRW_imcgy,2001,0.006653
IT,ITRW_imcgy,2002,0.006408
IT,ITRW_imcgy,2003,0.005916
IT,ITRW_imcgy,2004,0.005997
IT,ITRW_imcgy,2005,0.006591
IT,ITRW_imcgy,2006,0.007458
IT,ITRW_imcgy,2007,0.007245
IT,ITRW_imcgy,2008,0.007823
IT,ITRW_imcgy,2009,0.006884
IT,ITRW_imcgy,2010,0.007503
IT,ITRW_imcgy,2011,0.008246
IT,ITRW_imcgy,2012,0.008465
IT,ITRW_imcgy,2013,0.007704
IT,ITRW_imcgy,2014,0.006910
IT,ITRW_imcgy,2015,0.005970
IT,ITRW_imcgy,2016,0.006759
IT,ITRW_imcgy,2017,0.007058
IT,ITRW_imcgy,2018,0.007540
IT,ITRW_imcgy,2019,0.006828
IT,ITRW_imcgy,2020,0.007234
IT,ITRW_imcgy,average,0.006693
IT,ITRW_imcy,1995,0.043463
IT,ITRW_imcy,1996,0.042849
IT,ITRW_imcy,1997,0.045247
IT,ITRW_imcy,1998,0.043849
IT,ITRW_imcy,1999,0.044808
IT,ITRW_imcy,2000,0.053772
IT,ITRW_imcy,2001,0.051977
IT,ITRW_imcy,2002,0.049199
IT,ITRW_imcy,2003,0.047621
IT,ITRW_imcy,2004,0.048596
IT,ITRW_imcy,2005,0.054984
IT,ITRW_imcy,2006,0.061010
IT,ITRW_imcy,2007,0.059489
IT,ITRW_imcy,2008,0.063316
IT,ITRW_imcy,2009,0.054740
IT,ITRW_imcy,2010,0.062650
IT,ITRW_imcy,2011,0.066705
IT,ITRW_imcy,2012,0.066497
IT,ITRW_imcy,2013,0.061778
IT,ITRW_imcy,2014,0.059246
IT,ITRW_imcy,2015,0.058166
IT,ITRW_imcy,2016,0.055680
IT,ITRW_imcy,2017,0.058526
IT,ITRW_imcy,2018,0.061790
IT,ITRW_imcy,2019,0.058311
IT,ITRW_imcy,2020,0.051016
IT,ITRW_imcy,average,0.056211
IT,ITRW_imigy,1995,0.000474
IT,ITRW_imigy,1996,0.000443
IT,ITRW_imigy,1997,0.000450
IT,ITRW_imigy,1998,0.000467
IT,ITRW_imigy,1999,0.000499
IT,ITRW_imigy,2000,0.000614
IT,ITRW_imigy,2001,0.000714
IT,ITRW_imigy,2002,0.000721
IT,ITRW_imigy,2003,0.000658
IT,ITRW_imigy,2004,0.000666
IT,ITRW_imigy,2005,0.000722
IT,ITRW_imigy,2006,0.000812
IT,ITRW_imigy,2007,0.000807
IT,ITRW_imigy,2008,0.000808
IT,ITRW_imigy,2009,0.000688
IT,ITRW_imigy,2010,0.000758
IT,ITRW_imigy,2011,0.000836
IT,ITRW_imigy,2012,0.000791
IT,ITRW_imigy,2013,0.000689
IT,ITRW_imigy,2014,0.000631
IT,ITRW_imigy,2015,0.000594
IT,ITRW_imigy,2016,0.000607
IT,ITRW_imigy,2017,0.000649
IT,ITRW_imigy,2018,0.000699
IT,ITRW_imigy,2019,0.000686
IT,ITRW_imigy,2020,0.000701
IT,ITRW_imigy,average,0.000683
IT,ITRW_imiy,1995,0.014458
IT,ITRW_imiy,1996,0.013606
IT,ITRW_imiy,1997,0.014227
IT,ITRW_imiy,1998,0.014756
IT,ITRW_imiy,1999,0.015159
IT,ITRW_imiy,2000,0.018230
IT,ITRW_imiy,2001,0.018143
IT,ITRW_imiy,2002,0.017260
IT,ITRW_imiy,2003,0.015608
IT,ITRW_imiy,2004,0.016469
IT,ITRW_imiy,2005,0.017627
IT,ITRW_imiy,2006,0.019589
IT,ITRW_imiy,2007,0.019726
IT,ITRW_imiy,2008,0.019339
IT,ITRW_imiy,2009,0.015301
IT,ITRW_imiy,2010,0.018821
IT,ITRW_imiy,2011,0.020210
IT,ITRW_imiy,2012,0.018267
IT,ITRW_imiy,2013,0.016184
IT,ITRW_imiy,2014,0.015973
IT,ITRW_imiy,2015,0.015813
IT,ITRW_imiy,2016,0.015179
IT,ITRW_imiy,2017,0.016025
IT,ITRW_imiy,2018,0.016830
IT,ITRW_imiy,2019,0.016244
IT,ITRW_imiy,2020,0.015655
IT,ITRW_imiy,average,0.016930
IT,ITUS_imcgy,1995,0.000855
IT,ITUS_imcgy,1996,0.000804
IT,ITUS_imcgy,1997,0.000897
IT,ITUS_imcgy,1998,0.000897
IT,ITUS_imcgy,1999,0.001079
IT,ITUS_imcgy,2000,0.001379
IT,ITUS_imcgy,2001,0.001370
IT,ITUS_imcgy,2002,0.001369
IT,ITUS_imcgy,2003,0.001072
IT,ITUS_imcgy,2004,0.001022
IT,ITUS_imcgy,2005,0.001109
IT,ITUS_imcgy,2006,0.001018
IT,ITUS_imcgy,2007,0.000952
IT,ITUS_imcgy,2008,0.000935
IT,ITUS_imcgy,2009,0.000958
IT,ITUS_imcgy,2010,0.000911
IT,ITUS_imcgy,2011,0.000991
IT,ITUS_imcgy,2012,0.000919
IT,ITUS_imcgy,2013,0.000873
IT,ITUS_imcgy,2014,0.000928
IT,ITUS_imcgy,2015,0.001086
IT,ITUS_imcgy,2016,0.001302
IT,ITUS_imcgy,2017,0.001227
IT,ITUS_imcgy,2018,0.001204
IT,ITUS_imcgy,2019,0.001385
IT,ITUS_imcgy,2020,0.001452
IT,ITUS_imcgy,average,0.001068
IT,ITUS_imcy,1995,0.007273
IT,ITUS_imcy,1996,0.006403
IT,ITUS_imcy,1997,0.007606
IT,ITUS_imcy,1998,0.007127
IT,ITUS_imcy,1999,0.007166
IT,ITUS_imcy,2000,0.008549
IT,ITUS_imcy,2001,0.007437
IT,ITUS_imcy,2002,0.007114
IT,ITUS_imcy,2003,0.005995
IT,ITUS_imcy,2004,0.005229
IT,ITUS_imcy,2005,0.005693
IT,ITUS_imcy,2006,0.005552
IT,ITUS_imcy,2007,0.005442
IT,ITUS_imcy,2008,0.005364
IT,ITUS_imcy,2009,0.004949
IT,ITUS_imcy,2010,0.005420
IT,ITUS_imcy,2011,0.005862
IT,ITUS_imcy,2012,0.005676
IT,ITUS_imcy,2013,0.005320
IT,ITUS_imcy,2014,0.005815
IT,ITUS_imcy,2015,0.006525
IT,ITUS_imcy,2016,0.006394
IT,ITUS_imcy,2017,0.006565
IT,ITUS_imcy,2018,0.006548
IT,ITUS_imcy,2019,0.006882
IT,ITUS_imcy,2020,0.005509
IT,ITUS_imcy,average,0.006118
IT,ITUS_imigy,1995,0.000095
IT,ITUS_imigy,1996,0.000089
IT,ITUS_imigy,1997,0.000092
IT,ITUS_imigy,1998,0.000096
IT,ITUS_imigy,1999,0.000107
IT,ITUS_imigy,2000,0.000138
IT,ITUS_imigy,2001,0.000138
IT,ITUS_imigy,2002,0.000139
IT,ITUS_imigy,2003,0.000107
IT,ITUS_imigy,2004,0.000087
IT,ITUS_imigy,2005,0.000094
IT,ITUS_imigy,2006,0.000096
IT,ITUS_imigy,2007,0.000090
IT,ITUS_imigy,2008,0.000087
IT,ITUS_imigy,2009,0.000080
IT,ITUS_imigy,2010,0.000076
IT,ITUS_imigy,2011,0.000082
IT,ITUS_imigy,2012,0.000080
IT,ITUS_imigy,2013,0.000071
IT,ITUS_imigy,2014,0.000070
IT,ITUS_imigy,2015,0.000073
IT,ITUS_imigy,2016,0.000075
IT,ITUS_imigy,2017,0.000080
IT,ITUS_imigy,2018,0.000082
IT,ITUS_imigy,2019,0.000089
IT,ITUS_imigy,2020,0.000088
IT,ITUS_imigy,average,0.000091
IT,ITUS_imiy,1995,0.002892
IT,ITUS_imiy,1996,0.002726
IT,ITUS_imiy,1997,0.002917
IT,ITUS_imiy,1998,0.003024
IT,ITUS_imiy,1999,0.003243
IT,ITUS_imiy,2000,0.004104
IT,ITUS_imiy,2001,0.003517
IT,ITUS_imiy,2002,0.003338
IT,ITUS_imiy,2003,0.002530
IT,ITUS_imiy,2004,0.002158
IT,ITUS_imiy,2005,0.002299
IT,ITUS_imiy,2006,0.002307
IT,ITUS_imiy,2007,0.002207
IT,ITUS_imiy,2008,0.002085
IT,ITUS_imiy,2009,0.001768
IT,ITUS_imiy,2010,0.001893
IT,ITUS_imiy,2011,0.001973
IT,ITUS_imiy,2012,0.001842
IT,ITUS_imiy,2013,0.001677
IT,ITUS_imiy,2014,0.001781
IT,ITUS_imiy,2015,0.001943
IT,ITUS_imiy,2016,0.001880
IT,ITUS_imiy,2017,0.001985
IT,ITUS_imiy,2018,0.001984
IT,ITUS_imiy,2019,0.002116
IT,ITUS_imiy,2020,0.001975
IT,ITUS_imiy,average,0.002265
IT,debt,1995,4.7635
IT,debt,1996,4.7559
IT,debt,1997,4.6596
IT,debt,1998,4.5555
IT,debt,1999,4.5223
IT,debt,2000,4.3497
IT,debt,2001,4.3405
IT,debt,2002,4.2379
IT,debt,2003,4.2056
IT,debt,2004,4.1897
IT,debt,2005,4.2470
IT,debt,2006,4.2501
IT,debt,2007,4.1382
IT,debt,2008,4.2315
IT,debt,2009,4.6449
IT,debt,2010,4.7495
IT,debt,2011,4.7642
IT,debt,2012,5.0348
IT,debt,2013,5.2727
IT,debt,2014,5.3902
IT,debt,2015,5.3898
IT,debt,2016,5.3678
IT,debt,2017,5.3476
IT,debt,2018,5.3655
IT,debt,2019,5.3529
IT,debt,2020,6.1715
IT,debt,average,4.7807
IT,imcgy,1995,0.010314
IT,imcgy,1996,0.009586
IT,imcgy,1997,0.009832
IT,imcgy,1998,0.010466
IT,imcgy,1999,0.011061
IT,imcgy,2000,0.012886
IT,imcgy,2001,0.015193
IT,imcgy,2002,0.015217
IT,imcgy,2003,0.014641
IT,imcgy,2004,0.014501
IT,imcgy,2005,0.015241
IT,imcgy,2006,0.016025
IT,imcgy,2007,0.015938
IT,imcgy,2008,0.015998
IT,imcgy,2009,0.015632
IT,imcgy,2010,0.015903
IT,imcgy,2011,0.016862
IT,imcgy,2012,0.016844
IT,imcgy,2013,0.016363
IT,imcgy,2014,0.015797
IT,imcgy,2015,0.014972
IT,imcgy,2016,0.016344
IT,imcgy,2017,0.017263
IT,imcgy,2018,0.018038
IT,imcgy,2019,0.017914
IT,imcgy,2020,0.020040
IT,imcgy,average,0.015399
IT,imcy,1995,0.112072
IT,imcy,1996,0.105871
IT,imcy,1997,0.113822
IT,imcy,1998,0.115173
IT,imcy,1999,0.117182
IT,imcy,2000,0.129992
IT,imcy,2001,0.124773
IT,imcy,2002,0.121530
IT,imcy,2003,0.120140
IT,imcy,2004,0.121341
IT,imcy,2005,0.127917
IT,imcy,2006,0.134252
IT,imcy,2007,0.134606
IT,imcy,2008,0.135878
IT,imcy,2009,0.124487
IT,imcy,2010,0.136904
IT,imcy,2011,0.142190
IT,imcy,2012,0.138988
IT,imcy,2013,0.134410
IT,imcy,2014,0.133105
IT,imcy,2015,0.135719
IT,imcy,2016,0.133986
IT,imcy,2017,0.141421
IT,imcy,2018,0.144968
IT,imcy,2019,0.142929
IT,imcy,2020,0.129859
IT,imcy,average,0.130770
IT,imigy,1995,0.001443
IT,imigy,1996,0.001323
IT,imigy,1997,0.001338
IT,imigy,1998,0.001443
IT,imigy,1999,0.001546
IT,imigy,2000,0.001804
IT,imigy,2001,0.002063
IT,imigy,2002,0.002146
IT,imigy,2003,0.001996
IT,imigy,2004,0.001976
IT,imigy,2005,0.002053
IT,imigy,2006,0.002212
IT,imigy,2007,0.002231
IT,imigy,2008,0.002159
IT,imigy,2009,0.001907
IT,imigy,2010,0.001926
IT,imigy,2011,0.002030
IT,imigy,2012,0.001919
IT,imigy,2013,0.001746
IT,imigy,2014,0.001638
IT,imigy,2015,0.001607
IT,imigy,2016,0.001752
IT,imigy,2017,0.001886
IT,imigy,2018,0.002001
IT,imigy,2019,0.002023
IT,imigy,2020,0.002061
IT,imigy,average,0.001902
IT,imiy,1995,0.044041
IT,imiy,1996,0.040667
IT,imiy,1997,0.042290
IT,imiy,1998,0.045579
IT,imiy,1999,0.046935
IT,imiy,2000,0.053524
IT,imiy,2001,0.052409
IT,imiy,2002,0.051348
IT,imiy,2003,0.047390
IT,imiy,2004,0.048868
IT,imiy,2005,0.050100
IT,imiy,2006,0.053354
IT,imiy,2007,0.054556
IT,imiy,2008,0.051663
IT,imiy,2009,0.042386
IT,imiy,2010,0.047829
IT,imiy,2011,0.049085
IT,imiy,2012,0.044298
IT,imiy,2013,0.041005
IT,imiy,2014,0.041458
IT,imiy,2015,0.042780
IT,imiy,2016,0.043814
IT,imiy,2017,0.046590
IT,imiy,2018,0.048198
IT,imiy,2019,0.047932
IT,imiy,2020,0.046045
IT,imiy,average,0.047112
IT,imy,1995,0.167870
IT,imy,1996,0.157447
IT,imy,1997,0.167282
IT,imy,1998,0.172660
IT,imy,1999,0.176723
IT,imy,2000,0.198206
IT,imy,2001,0.194439
IT,imy,2002,0.190241
IT,imy,2003,0.184168
IT,imy,2004,0.186685
IT,imy,2005,0.195311
IT,imy,2006,0.205844
IT,imy,2007,0.207332
IT,imy,2008,0.205698
IT,imy,2009,0.184411
IT,imy,2010,0.202563
IT,imy,2011,0.210167
IT,imy,2012,0.202049
IT,imy,2013,0.193523
IT,imy,2014,0.191999
IT,imy,2015,0.195078
IT,imy,2016,0.195896
IT,imy,2017,0.207160
IT,imy,2018,0.213206
IT,imy,2019,0.210798
IT,imy,2020,0.198006
IT,imy,average,0.195182
IT,private_consumption,1995,0.5711
IT,private_consumption,1996,0.5725
IT,private_consumption,1997,0.5756
IT,private_consumption,1998,0.5795
IT,private_consumption,1999,0.5829
IT,private_consumption,2000,0.5783
IT,private_consumption,2001,0.5690
IT,private_consumption,2002,0.5663
IT,private_consumption,2003,0.5688
IT,private_consumption,2004,0.5649
IT,private_consumption,2005,0.5655
IT,private_consumption,2006,0.5596
IT,private_consumption,2007,0.5574
IT,private_consumption,2008,0.5580
IT,private_consumption,2009,0.5725
IT,private_consumption,2010,0.5690
IT,private_consumption,2011,0.5714
IT,private_consumption,2012,0.5772
IT,private_consumption,2013,0.5768
IT,private_consumption,2014,0.5761
IT,private_consumption,2015,0.5835
IT,private_consumption,2016,0.5813
IT,private_consumption,2017,0.5798
IT,private_consumption,2018,0.5778
IT,private_consumption,2019,0.5781
IT,private_consumption,2020,0.5665
IT,private_consumption,average,0.5718
IT,private_investment,1995,0.1676
IT,private_investment,1996,0.1674
IT,private_investment,1997,0.1666
IT,private_investment,1998,0.1690
IT,private_investment,1999,0.1716
IT,private_investment,2000,0.1751
IT,private_investment,2001,0.1749
IT,private_investment,2002,0.1805
IT,private_investment,2003,0.1763
IT,private_investment,2004,0.1778
IT,private_investment,2005,0.1784
IT,private_investment,2006,0.1793
IT,private_investment,2007,0.1792
IT,private_investment,2008,0.1774
IT,private_investment,2009,0.1695
IT,private_investment,2010,0.1665
IT,private_investment,2011,0.1624
IT,private_investment,2012,0.1541
IT,private_investment,2013,0.1460
IT,private_investment,2014,0.1425
IT,private_investment,2015,0.1451
IT,private_investment,2016,0.1482
IT,private_investment,2017,0.1500
IT,private_investment,2018,0.1523
IT,private_investment,2019,0.1539
IT,private_investment,2020,0.1551
IT,private_investment,average,0.1641
IT,public_consumption,1995,0.1791
IT,public_consumption,1996,0.1824
IT,public_consumption,1997,0.1831
IT,public_consumption,1998,0.1814
IT,public_consumption,1999,0.1811
IT,public_consumption,2000,0.1824
IT,public_consumption,2001,0.1888
IT,public_consumption,2002,0.1893
IT,public_consumption,2003,0.1933
IT,public_consumption,2004,0.1950
IT,public_consumption,2005,0.1984
IT,public_consumption,2006,0.1946
IT,public_consumption,2007,0.1912
IT,public_consumption,2008,0.1968
IT,public_consumption,2009,0.2111
IT,public_consumption,2010,0.2070
IT,public_consumption,2011,0.2020
IT,public_consumption,2012,0.2046
IT,public_consumption,2013,0.2067
IT,public_consumption,2014,0.2057
IT,public_consumption,2015,0.1998
IT,public_consumption,2016,0.2020
IT,public_consumption,2017,0.1988
IT,public_consumption,2018,0.1985
IT,public_consumption,2019,0.1973
IT,public_consumption,2020,0.2196
IT,public_consumption,average,0.1975
IT,public_investment,1995,0.0278
IT,public_investment,1996,0.0278
IT,public_investment,1997,0.0276
IT,public_investment,1998,0.0280
IT,public_investment,1999,0.0285
IT,public_investment,2000,0.0291
IT,public_investment,2001,0.0290
IT,public_investment,2002,0.0299
IT,public_investment,2003,0.0293
IT,public_investment,2004,0.0295
IT,public_investment,2005,0.0296
IT,public_investment,2006,0.0298
IT,public_investment,2007,0.0297
IT,public_investment,2008,0.0294
IT,public_investment,2009,0.0281
IT,public_investment,2010,0.0276
IT,public_investment,2011,0.0269
IT,public_investment,2012,0.0256
IT,public_investment,2013,0.0242
IT,public_investment,2014,0.0236
IT,public_investment,2015,0.0241
IT,public_investment,2016,0.0246
IT,public_investment,2017,0.0249
IT,public_investment,2018,0.0253
IT,public_investment,2019,0.0255
IT,public_investment,2020,0.0257
IT,public_investment,average,0.0272
IT,size,1995,0.037764
IT,size,1996,0.040814
IT,size,1997,0.038988
IT,size,1998,0.040164
IT,size,1999,0.038212
IT,size,2000,0.034243
IT,size,2001,0.035091
IT,size,2002,0.037017
IT,size,2003,0.040918
IT,size,2004,0.041526
IT,size,2005,0.039691
IT,size,2006,0.038807
IT,size,2007,0.039034
IT,size,2008,0.038783
IT,size,2009,0.036873
IT,size,2010,0.033009
IT,size,2011,0.031333
IT,size,2012,0.027606
IT,size,2013,0.027390
IT,size,2014,0.026837
IT,size,2015,0.024425
IT,size,2016,0.024218
IT,size,2017,0.023894
IT,size,2018,0.024046
IT,size,2019,0.022528
IT,size,2020,0.021736
IT,size,average,0.031210
IT,tax_SSC_firms,1995,0.3299
IT,tax_SSC_firms,1996,0.3619
IT,tax_SSC_firms,1997,0.3686
IT,tax_SSC_firms,1998,0.3104
IT,tax_SSC_firms,1999,0.3030
IT,tax_SSC_firms,2000,0.3025
IT,tax_SSC_firms,2001,0.2978
IT,tax_SSC_firms,2002,0.2992
IT,tax_SSC_firms,2003,0.3053
IT,tax_SSC_firms,2004,0.3060
IT,tax_SSC_firms,2005,0.3038
IT,tax_SSC_firms,2006,0.2964
IT,tax_SSC_firms,2007,0.3066
IT,tax_SSC_firms,2008,0.3097
IT,tax_SSC_firms,2009,0.3096
IT,tax_SSC_firms,2010,0.3094
IT,tax_SSC_firms,2011,0.3077
IT,tax_SSC_firms,2012,0.3068
IT,tax_SSC_firms,2013,0.3058
IT,tax_SSC_firms,2014,0.3032
IT,tax_SSC_firms,2015,0.3007
IT,tax_SSC_firms,2016,0.2936
IT,tax_SSC_firms,2017,0.2928
IT,tax_SSC_firms,2018,0.2979
IT,tax_SSC_firms,2019,0.3011
IT,tax_SSC_firms,2020,0.3026
IT,tax_SSC_firms,average,0.3089
IT,tax_SSC_households,1995,0.0953
IT,tax_SSC_households,1996,0.0923
IT,tax_SSC_households,1997,0.0930
IT,tax_SSC_households,1998,0.0875
IT,tax_SSC_households,1999,0.0839
IT,tax_SSC_households,2000,0.0828
IT,tax_SSC_households,2001,0.0827
IT,tax_SSC_households,2002,0.0821
IT,tax_SSC_households,2003,0.0803
IT,tax_SSC_households,2004,0.0786
IT,tax_SSC_households,2005,0.0777
IT,tax_SSC_households,2006,0.0768
IT,tax_SSC_households,2007,0.0794
IT,tax_SSC_households,2008,0.0825
IT,tax_SSC_households,2009,0.0821
IT,tax_SSC_households,2010,0.0806
IT,tax_SSC_households,2011,0.0795
IT,tax_SSC_households,2012,0.0785
IT,tax_SSC_households,2013,0.0848
IT,tax_SSC_households,2014,0.0830
IT,tax_SSC_households,2015,0.0835
IT,tax_SSC_households,2016,0.0815
IT,tax_SSC_households,2017,0.0812
IT,tax_SSC_households,2018,0.0827
IT,tax_SSC_households,2019,0.0844
IT,tax_SSC_households,2020,0.0834
IT,tax_SSC_households,average,0.0831
IT,tax_capital,1995,0.0642
IT,tax_capital,1996,0.0712
IT,tax_capital,1997,0.0769
IT,tax_capital,1998,0.0564
IT,tax_capital,1999,0.0630
IT,tax_capital,2000,0.0551
IT,tax_capital,2001,0.0656
IT,tax_capital,2002,0.0589
IT,tax_capital,2003,0.0523
IT,tax_capital,2004,0.0533
IT,tax_capital,2005,0.0450
IT,tax_capital,2006,0.0562
IT,tax_capital,2007,0.0636
IT,tax_capital,2008,0.0593
IT,tax_capital,2009,0.0490
IT,tax_capital,2010,0.0473
IT,tax_capital,2011,0.0447
IT,tax_capital,2012,0.0499
IT,tax_capital,2013,0.0531
IT,tax_capital,2014,0.0452
IT,tax_capital,2015,0.0423
IT,tax_capital,2016,0.0437
IT,tax_capital,2017,0.0430
IT,tax_capital,2018,0.0387
IT,tax_capital,2019,0.0411
IT,tax_capital,2020,0.0429
IT,tax_capital,average,0.0531
IT,tax_consumption,1995,0.1977
IT,tax_consumption,1996,0.1804
IT,tax_consumption,1997,0.1827
IT,tax_consumption,1998,0.1880
IT,tax_consumption,1999,0.1888
IT,tax_consumption,2000,0.1899
IT,tax_consumption,2001,0.1839
IT,tax_consumption,2002,0.1833
IT,tax_consumption,2003,0.1756
IT,tax_consumption,2004,0.1783
IT,tax_consumption,2005,0.1766
IT,tax_consumption,2006,0.1815
IT,tax_consumption,2007,0.1808
IT,tax_consumption,2008,0.1763
IT,tax_consumption,2009,0.1747
IT,tax_consumption,2010,0.1832
IT,tax_consumption,2011,0.1854
IT,tax_consumption,2012,0.1903
IT,tax_consumption,2013,0.1901
IT,tax_consumption,2014,0.1949
IT,tax_consumption,2015,0.1946
IT,tax_consumption,2016,0.2006
IT,tax_consumption,2017,0.2001
IT,tax_consumption,2018,0.1984
IT,tax_consumption,2019,0.1993
IT,tax_consumption,2020,0.1976
IT,tax_consumption,average,0.1874
IT,tax_income,1995,0.4050
IT,tax_income,1996,0.3750
IT,tax_income,1997,0.3865
IT,tax_income,1998,0.3760
IT,tax_income,1999,0.3990
IT,tax_income,2000,0.3762
IT,tax_income,2001,0.3817
IT,tax_income,2002,0.3726
IT,tax_income,2003,0.3702
IT,tax_income,2004,0.3690
IT,tax_income,2005,0.3595
IT,tax_income,2006,0.3665
IT,tax_income,2007,0.3826
IT,tax_income,2008,0.3923
IT,tax_income,2009,0.3810
IT,tax_income,2010,0.3870
IT,tax_income,2011,0.3822
IT,tax_income,2012,0.4017
IT,tax_income,2013,0.4016
IT,tax_income,2014,0.3912
IT,tax_income,2015,0.3874
IT,tax_income,2016,0.3747
IT,tax_income,2017,0.3735
IT,tax_income,2018,0.3676
IT,tax_income,2019,0.3726
IT,tax_income,2020,0.3822
IT,tax_income,average,0.3814
IT,tby,1995,0.048296
IT,tby,1996,0.052240
IT,tby,1997,0.043487
IT,tby,1998,0.035304
IT,tby,1999,0.022678
IT,tby,2000,0.015247
IT,tby,2001,0.019109
IT,tby,2002,0.013329
IT,tby,2003,0.009365
IT,tby,2004,0.010687
IT,tby,2005,0.004986
IT,tby,2006,0.003170
IT,tby,2007,0.009297
IT,tby,2008,0.006241
IT,tby,2009,0.002540
IT,tby,2010,-0.003031
IT,tby,2011,0.001328
IT,tby,2012,0.021342
IT,tby,2013,0.034540
IT,tby,2014,0.039321
IT,tby,2015,0.038954
IT,tby,2016,0.039484
IT,tby,2017,0.036155
IT,tby,2018,0.032587
IT,tby,2019,0.040315
IT,tby,2020,0.039743
IT,tby,average,0.022238
IT,trybar,1995,0.1740
IT,trybar,1996,0.1770
IT,trybar,1997,0.1810
IT,trybar,1998,0.1790
IT,trybar,1999,0.1820
IT,trybar,2000,0.1800
IT,trybar,2001,0.1800
IT,trybar,2002,0.1830
IT,trybar,2003,0.1860
IT,trybar,2004,0.1870
IT,trybar,2005,0.1890
IT,trybar,2006,0.1880
IT,trybar,2007,0.1890
IT,trybar,2008,0.1950
IT,trybar,2009,0.2130
IT,trybar,2010,0.2130
IT,trybar,2011,0.2110
IT,trybar,2012,0.2170
IT,trybar,2013,0.2240
IT,trybar,2014,0.2270
IT,trybar,2015,0.2270
IT,trybar,2016,0.2230
IT,trybar,2017,0.2220
IT,trybar,2018,0.2220
IT,trybar,2019,0.2260
IT,trybar,2020,0.2670
IT,trybar,average,0.2024
NL,NLAT_imcgy,1995,0.000374
NL,NLAT_imcgy,1996,0.000370
NL,NLAT_imcgy,1997,0.000288
NL,NLAT_imcgy,1998,0.000292
NL,NLAT_imcgy,1999,0.000273
NL,NLAT_imcgy,2000,0.000241
NL,NLAT_imcgy,2001,0.000250
NL,NLAT_imcgy,2002,0.000267
NL,NLAT_imcgy,2003,0.000306
NL,NLAT_imcgy,2004,0.000312
NL,NLAT_imcgy,2005,0.000281
NL,NLAT_imcgy,2006,0.000272
NL,NLAT_imcgy,2007,0.000280
NL,NLAT_imcgy,2008,0.000300
NL,NLAT_imcgy,2009,0.000356
NL,NLAT_imcgy,2010,0.000377
NL,NLAT_imcgy,2011,0.000390
NL,NLAT_imcgy,2012,0.000407
NL,NLAT_imcgy,2013,0.000441
NL,NLAT_imcgy,2014,0.000440
NL,NLAT_imcgy,2015,0.000452
NL,NLAT_imcgy,2016,0.000454
NL,NLAT_imcgy,2017,0.000476
NL,NLAT_imcgy,2018,0.000551
NL,NLAT_imcgy,2019,0.000508
NL,NLAT_imcgy,2020,0.000522
NL,NLAT_imcgy,average,0.000381
NL,NLAT_imcy,1995,0.002486
NL,NLAT_imcy,1996,0.002417
NL,NLAT_imcy,1997,0.002152
NL,NLAT_imcy,1998,0.002211
NL,NLAT_imcy,1999,0.002235
NL,NLAT_imcy,2000,0.002045
NL,NLAT_imcy,2001,0.002062
NL,NLAT_imcy,2002,0.002083
NL,NLAT_imcy,2003,0.002367
NL,NLAT_imcy,2004,0.002178
NL,NLAT_imcy,2005,0.002052
NL,NLAT_imcy,2006,0.001985
NL,NLAT_imcy,2007,0.001923
NL,NLAT_imcy,2008,0.002115
NL,NLAT_imcy,2009,0.002167
NL,NLAT_imcy,2010,0.002167
NL,NLAT_imcy,2011,0.002261
NL,NLAT_imcy,2012,0.002341
NL,NLAT_imcy,2013,0.002361
NL,NLAT_imcy,2014,0.002345
NL,NLAT_imcy,2015,0.002461
NL,NLAT_imcy,2016,0.002413
NL,NLAT_imcy,2017,0.002366
NL,NLAT_imcy,2018,0.002523
NL,NLAT_imcy,2019,0.002413
NL,NLAT_imcy,2020,0.002089
NL,NLAT_imcy,average,0.002245
NL,NLAT_imigy,1995,0.000037
NL,NLAT_imigy,1996,0.000040
NL,NLAT_imigy,1997,0.000031
NL,NLAT_imigy,1998,0.000035
NL,NLAT_imigy,1999,0.000037
NL,NLAT_imigy,2000,0.000033
NL,NLAT_imigy,2001,0.000035
NL,NLAT_imigy,2002,0.000032
NL,NLAT_imigy,2003,0.000034
NL,NLAT_imigy,2004,0.000038
NL,NLAT_imigy,2005,0.000040
NL,NLAT_imigy,2006,0.000040
NL,NLAT_imigy,2007,0.000041
NL,NLAT_imigy,2008,0.000042
NL,NLAT_imigy,2009,0.000043
NL,NLAT_imigy,2010,0.000040
NL,NLAT_imigy,2011,0.000041
NL,NLAT_imigy,2012,0.000040
NL,NLAT_imigy,2013,0.000043
NL,NLAT_imigy,2014,0.000041
NL,NLAT_imigy,2015,0.000045
NL,NLAT_imigy,2016,0.000047
NL,NLAT_imigy,2017,0.000053
NL,NLAT_imigy,2018,0.000064
NL,NLAT_imigy,2019,0.000061
NL,NLAT_imigy,2020,0.000058
NL,NLAT_imigy,average,0.000044
NL,NLAT_imiy,1995,0.000860
NL,NLAT_imiy,1996,0.000899
NL,NLAT_imiy,1997,0.000792
NL,NLAT_imiy,1998,0.000866
NL,NLAT_imiy,1999,0.000904
NL,NLAT_imiy,2000,0.000744
NL,NLAT_imiy,2001,0.000758
NL,NLAT_imiy,2002,0.000649
NL,NLAT_imiy,2003,0.000727
NL,NLAT_imiy,2004,0.000790
NL,NLAT_imiy,2005,0.000783
NL,NLAT_imiy,2006,0.000760
NL,NLAT_imiy,2007,0.000740
NL,NLAT_imiy,2008,0.000727
NL,NLAT_imiy,2009,0.000655
NL,NLAT_imiy,2010,0.000562
NL,NLAT_imiy,2011,0.000663
NL,NLAT_imiy,2012,0.000680
NL,NLAT_imiy,2013,0.000724
NL,NLAT_imiy,2014,0.000698
NL,NLAT_imiy,2015,0.001231
NL,NLAT_imiy,2016,0.000911
NL,NLAT_imiy,2017,0.001033
NL,NLAT_imiy,2018,0.001211
NL,NLAT_imiy,2019,0.001159
NL,NLAT_imiy,2020,0.001072
NL,NLAT_imiy,average,0.000837
NL,NLBE_imcgy,1995,0.002803
NL,NLBE_imcgy,1996,0.002539
NL,NLBE_imcgy,1997,0.002320
NL,NLBE_imcgy,1998,0.002309
NL,NLBE_imcgy,1999,0.002181
NL,NLBE_imcgy,2000,0.002321
NL,NLBE_imcgy,2001,0.002559
NL,NLBE_imcgy,2002,0.002698
NL,NLBE_imcgy,2003,0.002716
NL,NLBE_imcgy,2004,0.002637
NL,NLBE_imcgy,2005,0.002561
NL,NLBE_imcgy,2006,0.002618
NL,NLBE_imcgy,2007,0.002652
NL,NLBE_imcgy,2008,0.002370
NL,NLBE_imcgy,2009,0.002647
NL,NLBE_imcgy,2010,0.003001
NL,NLBE_imcgy,2011,0.003009
NL,NLBE_imcgy,2012,0.003021
NL,NLBE_imcgy,2013,0.003215
NL,NLBE_imcgy,2014,0.003199
NL,NLBE_imcgy,2015,0.003103
NL,NLBE_imcgy,2016,0.003018
NL,NLBE_imcgy,2017,0.003021
NL,NLBE_imcgy,2018,0.002846
NL,NLBE_imcgy,2019,0.002608
NL,NLBE_imcgy,2020,0.002571
NL,NLBE_imcgy,average,0.002756
NL,NLBE_imcy,1995,0.016812
NL,NLBE_imcy,1996,0.016450
NL,NLBE_imcy,1997,0.015080
NL,NLBE_imcy,1998,0.014685
NL,NLBE_imcy,1999,0.014250
NL,NLBE_imcy,2000,0.014383
NL,NLBE_imcy,2001,0.014136
NL,NLBE_imcy,2002,0.015494
NL,NLBE_imcy,2003,0.014689
NL,NLBE_imcy,2004,0.014456
NL,NLBE_imcy,2005,0.013696
NL,NLBE_imcy,2006,0.012989
NL,NLBE_imcy,2007,0.012292
NL,NLBE_imcy,2008,0.011645
NL,NLBE_imcy,2009,0.011190
NL,NLBE_imcy,2010,0.012688
NL,NLBE_imcy,2011,0.013367
NL,NLBE_imcy,2012,0.013183
NL,NLBE_imcy,2013,0.013740
NL,NLBE_imcy,2014,0.013310
NL,NLBE_imcy,2015,0.013619
NL,NLBE_imcy,2016,0.013063
NL,NLBE_imcy,2017,0.013343
NL,NLBE_imcy,2018,0.012843
NL,NLBE_imcy,2019,0.012364
NL,NLBE_imcy,2020,0.011583
NL,NLBE_imcy,average,0.013359
NL,NLBE_imigy,1995,0.000314
NL,NLBE_imigy,1996,0.000309
NL,NLBE_imigy,1997,0.000257
NL,NLBE_imigy,1998,0.000266
NL,NLBE_imigy,1999,0.000263
NL,NLBE_imigy,2000,0.000286
NL,NLBE_imigy,2001,0.000300
NL,NLBE_imigy,2002,0.000349
NL,NLBE_imigy,2003,0.000327
NL,NLBE_imigy,2004,0.000339
NL,NLBE_imigy,2005,0.000351
NL,NLBE_imigy,2006,0.000347
NL,NLBE_imigy,2007,0.000385
NL,NLBE_imigy,2008,0.000333
NL,NLBE_imigy,2009,0.000327
NL,NLBE_imigy,2010,0.000307
NL,NLBE_imigy,2011,0.000302
NL,NLBE_imigy,2012,0.000289
NL,NLBE_imigy,2013,0.000297
NL,NLBE_imigy,2014,0.000272
NL,NLBE_imigy,2015,0.000238
NL,NLBE_imigy,2016,0.000278
NL,NLBE_imigy,2017,0.000286
NL,NLBE_imigy,2018,0.000292
NL,NLBE_imigy,2019,0.000311
NL,NLBE_imigy,2020,0.000284
NL,NLBE_imigy,average,0.000308
NL,NLBE_imiy,1995,0.007352
NL,NLBE_imiy,1996,0.006975
NL,NLBE_imiy,1997,0.006544
NL,NLBE_imiy,1998,0.006597
NL,NLBE_imiy,1999,0.006462
NL,NLBE_imiy,2000,0.006431
NL,NLBE_imiy,2001,0.006583
NL,NLBE_imiy,2002,0.007154
NL,NLBE_imiy,2003,0.007058
NL,NLBE_imiy,2004,0.007077
NL,NLBE_imiy,2005,0.006925
NL,NLBE_imiy,2006,0.006661
NL,NLBE_imiy,2007,0.006942
NL,NLBE_imiy,2008,0.005717
NL,NLBE_imiy,2009,0.004938
NL,NLBE_imiy,2010,0.004345
NL,NLBE_imiy,2011,0.004876
NL,NLBE_imiy,2012,0.004868
NL,NLBE_imiy,2013,0.005064
NL,NLBE_imiy,2014,0.004572
NL,NLBE_imiy,2015,0.006484
NL,NLBE_imiy,2016,0.005367
NL,NLBE_imiy,2017,0.005558
NL,NLBE_imiy,2018,0.005518
NL,NLBE_imiy,2019,0.005946
NL,NLBE_imiy,2020,0.005246
NL,NLBE_imiy,average,0.005873
NL,NLDE_imcgy,1995,0.004598
NL,NLDE_imcgy,1996,0.004044
NL,NLDE_imcgy,1997,0.003480
NL,NLDE_imcgy,1998,0.003284
NL,NLDE_imcgy,1999,0.003111
NL,NLDE_imcgy,2000,0.003227
NL,NLDE_imcgy,2001,0.002945
NL,NLDE_imcgy,2002,0.003178
NL,NLDE_imcgy,2003,0.003427
NL,NLDE_imcgy,2004,0.003638
NL,NLDE_imcgy,2005,0.003838
NL,NLDE_imcgy,2006,0.003657
NL,NLDE_imcgy,2007,0.003748
NL,NLDE_imcgy,2008,0.003834
NL,NLDE_imcgy,2009,0.004509
NL,NLDE_imcgy,2010,0.004390
NL,NLDE_imcgy,2011,0.004160
NL,NLDE_imcgy,2012,0.004188
NL,NLDE_imcgy,2013,0.004332
NL,NLDE_imcgy,2014,0.004256
NL,NLDE_imcgy,2015,0.004637
NL,NLDE_imcgy,2016,0.004410
NL,NLDE_imcgy,2017,0.004425
NL,NLDE_imcgy,2018,0.004411
NL,NLDE_imcgy,2019,0.004222
NL,NLDE_imcgy,2020,0.004062
NL,NLDE_imcgy,average,0.004014
NL,NLDE_imcy,1995,0.026274
NL,NLDE_imcy,1996,0.025588
NL,NLDE_imcy,1997,0.024519
NL,NLDE_imcy,1998,0.024483
NL,NLDE_imcy,1999,0.023321
NL,NLDE_imcy,2000,0.023379
NL,NLDE_imcy,2001,0.021312
NL,NLDE_imcy,2002,0.022019
NL,NLDE_imcy,2003,0.021829
NL,NLDE_imcy,2004,0.022153
NL,NLDE_imcy,2005,0.022165
NL,NLDE_imcy,2006,0.020268
NL,NLDE_imcy,2007,0.019269
NL,NLDE_imcy,2008,0.019291
NL,NLDE_imcy,2009,0.017864
NL,NLDE_imcy,2010,0.019850
NL,NLDE_imcy,2011,0.021092
NL,NLDE_imcy,2012,0.021413
NL,NLDE_imcy,2013,0.022353
NL,NLDE_imcy,2014,0.022005
NL,NLDE_imcy,2015,0.024862
NL,NLDE_imcy,2016,0.023241
NL,NLDE_imcy,2017,0.022916
NL,NLDE_imcy,2018,0.022256
NL,NLDE_imcy,2019,0.021482
NL,NLDE_imcy,2020,0.020217
NL,NLDE_imcy,average,0.021791
NL,NLDE_imigy,1995,0.000777
NL,NLDE_imigy,1996,0.000808
NL,NLDE_imigy,1997,0.000625
NL,NLDE_imigy,1998,0.000619
NL,NLDE_imigy,1999,0.000629
NL,NLDE_imigy,2000,0.000622
NL,NLDE_imigy,2001,0.000628
NL,NLDE_imigy,2002,0.000627
NL,NLDE_imigy,2003,0.000609
NL,NLDE_imigy,2004,0.000634
NL,NLDE_imigy,2005,0.000666
NL,NLDE_imigy,2006,0.000691
NL,NLDE_imigy,2007,0.000791
NL,NLDE_imigy,2008,0.000747
NL,NLDE_imigy,2009,0.000678
NL,NLDE_imigy,2010,0.000657
NL,NLDE_imigy,2011,0.000682
NL,NLDE_imigy,2012,0.000623
NL,NLDE_imigy,2013,0.000611
NL,NLDE_imigy,2014,0.000582
NL,NLDE_imigy,2015,0.000568
NL,NLDE_imigy,2016,0.000726
NL,NLDE_imigy,2017,0.000723
NL,NLDE_imigy,2018,0.000755
NL,NLDE_imigy,2019,0.000774
NL,NLDE_imigy,2020,0.000762
NL,NLDE_imigy,average,0.000690
NL,NLDE_imiy,1995,0.018174
NL,NLDE_imiy,1996,0.018245
NL,NLDE_imiy,1997,0.015919
NL,NLDE_imiy,1998,0.015349
NL,NLDE_imiy,1999,0.015439
NL,NLDE_imiy,2000,0.013971
NL,NLDE_imiy,2001,0.013773
NL,NLDE_imiy,2002,0.012878
NL,NLDE_imiy,2003,0.013131
NL,NLDE_imiy,2004,0.013229
NL,NLDE_imiy,2005,0.013135
NL,NLDE_imiy,2006,0.013264
NL,NLDE_imiy,2007,0.014277
NL,NLDE_imiy,2008,0.012807
NL,NLDE_imiy,2009,0.010245
NL,NLDE_imiy,2010,0.009291
NL,NLDE_imiy,2011,0.011015
NL,NLDE_imiy,2012,0.010496
NL,NLDE_imiy,2013,0.010422
NL,NLDE_imiy,2014,0.009798
NL,NLDE_imiy,2015,0.015471
NL,NLDE_imiy,2016,0.014018
NL,NLDE_imiy,2017,0.014042
NL,NLDE_imiy,2018,0.014273
NL,NLDE_imiy,2019,0.014783
NL,NLDE_imiy,2020,0.014080
NL,NLDE_imiy,average,0.013164
NL,NLES_imcgy,1995,0.000505
NL,NLES_imcgy,1996,0.000535
NL,NLES_imcgy,1997,0.000482
NL,NLES_imcgy,1998,0.000493
NL,NLES_imcgy,1999,0.000490
NL,NLES_imcgy,2000,0.000525
NL,NLES_imcgy,2001,0.000524
NL,NLES_imcgy,2002,0.000592
NL,NLES_imcgy,2003,0.000665
NL,NLES_imcgy,2004,0.000611
NL,NLES_imcgy,2005,0.000615
NL,NLES_imcgy,2006,0.000689
NL,NLES_imcgy,2007,0.000776
NL,NLES_imcgy,2008,0.000694
NL,NLES_imcgy,2009,0.000757
NL,NLES_imcgy,2010,0.001029
NL,NLES_imcgy,2011,0.000784
NL,NLES_imcgy,2012,0.000734
NL,NLES_imcgy,2013,0.000770
NL,NLES_imcgy,2014,0.000775
NL,NLES_imcgy,2015,0.000789
NL,NLES_imcgy,2016,0.000757
NL,NLES_imcgy,2017,0.000766
NL,NLES_imcgy,2018,0.000768
NL,NLES_imcgy,2019,0.000749
NL,NLES_imcgy,2020,0.000682
NL,NLES_imcgy,average,0.000705
NL,NLES_imcy,1995,0.004369
NL,NLES_imcy,1996,0.004506
NL,NLES_imcy,1997,0.004866
NL,NLES_imcy,1998,0.004974
NL,NLES_imcy,1999,0.004772
NL,NLES_imcy,2000,0.005081
NL,NLES_imcy,2001,0.004805
NL,NLES_imcy,2002,0.004883
NL,NLES_imcy,2003,0.005052
NL,NLES_imcy,2004,0.004675
NL,NLES_imcy,2005,0.004531
NL,NLES_imcy,2006,0.004197
NL,NLES_imcy,2007,0.004378
NL,NLES_imcy,2008,0.004343
NL,NLES_imcy,2009,0.004140
NL,NLES_imcy,2010,0.004516
NL,NLES_imcy,2011,0.004611
NL,NLES_imcy,2012,0.004445
NL,NLES_imcy,2013,0.004556
NL,NLES_imcy,2014,0.004805
NL,NLES_imcy,2015,0.005442
NL,NLES_imcy,2016,0.005376
NL,NLES_imcy,2017,0.005505
NL,NLES_imcy,2018,0.005496
NL,NLES_imcy,2019,0.005234
NL,NLES_imcy,2020,0.003652
NL,NLES_imcy,average,0.004722
NL,NLES_imigy,1995,0.000069
NL,NLES_imigy,1996,0.000083
NL,NLES_imigy,1997,0.000086
NL,NLES_imigy,1998,0.000094
NL,NLES_imigy,1999,0.000094
NL,NLES_imigy,2000,0.000104
NL,NLES_imigy,2001,0.000105
NL,NLES_imigy,2002,0.000089
NL,NLES_imigy,2003,0.000082
NL,NLES_imigy,2004,0.000084
NL,NLES_imigy,2005,0.000086
NL,NLES_imigy,2006,0.000094
NL,NLES_imigy,2007,0.000119
NL,NLES_imigy,2008,0.000112
NL,NLES_imigy,2009,0.000100
NL,NLES_imigy,2010,0.000098
NL,NLES_imigy,2011,0.000106
NL,NLES_imigy,2012,0.000092
NL,NLES_imigy,2013,0.000088
NL,NLES_imigy,2014,0.000084
NL,NLES_imigy,2015,0.000074
NL,NLES_imigy,2016,0.000093
NL,NLES_imigy,2017,0.000091
NL,NLES_imigy,2018,0.000102
NL,NLES_imigy,2019,0.000102
NL,NLES_imigy,2020,0.000091
NL,NLES_imigy,average,0.000095
NL,NLES_imiy,1995,0.001610
NL,NLES_imiy,1996,0.001878
NL,NLES_imiy,1997,0.002188
NL,NLES_imiy,1998,0.002336
NL,NLES_imiy,1999,0.002315
NL,NLES_imiy,2000,0.002332
NL,NLES_imiy,2001,0.002292
NL,NLES_imiy,2002,0.001832
NL,NLES_imiy,2003,0.001776
NL,NLES_imiy,2004,0.001744
NL,NLES_imiy,2005,0.001691
NL,NLES_imiy,2006,0.001797
NL,NLES_imiy,2007,0.002152
NL,NLES_imiy,2008,0.001921
NL,NLES_imiy,2009,0.001515
NL,NLES_imiy,2010,0.001383
NL,NLES_imiy,2011,0.001713
NL,NLES_imiy,2012,0.001549
NL,NLES_imiy,2013,0.001496
NL,NLES_imiy,2014,0.001411
NL,NLES_imiy,2015,0.002028
NL,NLES_imiy,2016,0.001801
NL,NLES_imiy,2017,0.001765
NL,NLES_imiy,2018,0.001920
NL,NLES_imiy,2019,0.001948
NL,NLES_imiy,2020,0.001673
NL,NLES_imiy,average,0.001805
NL,NLFI_imcgy,1995,0.000394
NL,NLFI_imcgy,1996,0.000318
NL,NLFI_imcgy,1997,0.000331
NL,NLFI_imcgy,1998,0.000293
NL,NLFI_imcgy,1999,0.000319
NL,NLFI_imcgy,2000,0.000324
NL,NLFI_imcgy,2001,0.000279
NL,NLFI_imcgy,2002,0.000313
NL,NLFI_imcgy,2003,0.000286
NL,NLFI_imcgy,2004,0.000312
NL,NLFI_imcgy,2005,0.000293
NL,NLFI_imcgy,2006,0.000268
NL,NLFI_imcgy,2007,0.000243
NL,NLFI_imcgy,2008,0.000276
NL,NLFI_imcgy,2009,0.000266
NL,NLFI_imcgy,2010,0.000285
NL,NLFI_imcgy,2011,0.000265
NL,NLFI_imcgy,2012,0.000244
NL,NLFI_imcgy,2013,0.000249
NL,NLFI_imcgy,2014,0.000253
NL,NLFI_imcgy,2015,0.000283
NL,NLFI_imcgy,2016,0.000252
NL,NLFI_imcgy,2017,0.000250
NL,NLFI_imcgy,2018,0.000259
NL,NLFI_imcgy,2019,0.000227
NL,NLFI_imcgy,2020,0.000235
NL,NLFI_imcgy,average,0.000273
NL,NLFI_imcy,1995,0.001394
NL,NLFI_imcy,1996,0.001221
NL,NLFI_imcy,1997,0.001234
NL,NLFI_imcy,1998,0.001130
NL,NLFI_imcy,1999,0.001242
NL,NLFI_imcy,2000,0.001234
NL,NLFI_imcy,2001,0.001059
NL,NLFI_imcy,2002,0.001146
NL,NLFI_imcy,2003,0.001003
NL,NLFI_imcy,2004,0.001099
NL,NLFI_imcy,2005,0.001017
NL,NLFI_imcy,2006,0.000879
NL,NLFI_imcy,2007,0.000829
NL,NLFI_imcy,2008,0.000915
NL,NLFI_imcy,2009,0.000831
NL,NLFI_imcy,2010,0.000839
NL,NLFI_imcy,2011,0.000863
NL,NLFI_imcy,2012,0.000788
NL,NLFI_imcy,2013,0.000802
NL,NLFI_imcy,2014,0.000809
NL,NLFI_imcy,2015,0.000988
NL,NLFI_imcy,2016,0.000880
NL,NLFI_imcy,2017,0.000883
NL,NLFI_imcy,2018,0.000892
NL,NLFI_imcy,2019,0.000845
NL,NLFI_imcy,2020,0.000799
NL,NLFI_imcy,average,0.000943
NL,NLFI_imigy,1995,0.000037
NL,NLFI_imigy,1996,0.000034
NL,NLFI_imigy,1997,0.000032
NL,NLFI_imigy,1998,0.000030
NL,NLFI_imigy,1999,0.000036
NL,NLFI_imigy,2000,0.000039
NL,NLFI_imigy,2001,0.000034
NL,NLFI_imigy,2002,0.000033
NL,NLFI_imigy,2003,0.000029
NL,NLFI_imigy,2004,0.000036
NL,NLFI_imigy,2005,0.000036
NL,NLFI_imigy,2006,0.000038
NL,NLFI_imigy,2007,0.000041
NL,NLFI_imigy,2008,0.000045
NL,NLFI_imigy,2009,0.000043
NL,NLFI_imigy,2010,0.000046
NL,NLFI_imigy,2011,0.000041
NL,NLFI_imigy,2012,0.000035
NL,NLFI_imigy,2013,0.000034
NL,NLFI_imigy,2014,0.000032
NL,NLFI_imigy,2015,0.000035
NL,NLFI_imigy,2016,0.000035
NL,NLFI_imigy,2017,0.000036
NL,NLFI_imigy,2018,0.000036
NL,NLFI_imigy,2019,0.000035
NL,NLFI_imigy,2020,0.000038
NL,NLFI_imigy,average,0.000037
NL,NLFI_imiy,1995,0.000865
NL,NLFI_imiy,1996,0.000760
NL,NLFI_imiy,1997,0.000819
NL,NLFI_imiy,1998,0.000744
NL,NLFI_imiy,1999,0.000873
NL,NLFI_imiy,2000,0.000873
NL,NLFI_imiy,2001,0.000742
NL,NLFI_imiy,2002,0.000685
NL,NLFI_imiy,2003,0.000616
NL,NLFI_imiy,2004,0.000745
NL,NLFI_imiy,2005,0.000720
NL,NLFI_imiy,2006,0.000734
NL,NLFI_imiy,2007,0.000737
NL,NLFI_imiy,2008,0.000779
NL,NLFI_imiy,2009,0.000651
NL,NLFI_imiy,2010,0.000655
NL,NLFI_imiy,2011,0.000670
NL,NLFI_imiy,2012,0.000593
NL,NLFI_imiy,2013,0.000581
NL,NLFI_imiy,2014,0.000544
NL,NLFI_imiy,2015,0.000966
NL,NLFI_imiy,2016,0.000682
NL,NLFI_imiy,2017,0.000693
NL,NLFI_imiy,2018,0.000673
NL,NLFI_imiy,2019,0.000674
NL,NLFI_imiy,2020,0.000699
NL,NLFI_imiy,average,0.000708
NL,NLFR_imcgy,1995,0.002658
NL,NLFR_imcgy,1996,0.002499
NL,NLFR_imcgy,1997,0.002020
NL,NLFR_imcgy,1998,0.001958
NL,NLFR_imcgy,1999,0.001844
NL,NLFR_imcgy,2000,0.001727
NL,NLFR_imcgy,2001,0.001825
NL,NLFR_imcgy,2002,0.001998
NL,NLFR_imcgy,2003,0.002177
NL,NLFR_imcgy,2004,0.002048
NL,NLFR_imcgy,2005,0.001893
NL,NLFR_imcgy,2006,0.001884
NL,NLFR_imcgy,2007,0.001988
NL,NLFR_imcgy,2008,0.001616
NL,NLFR_imcgy,2009,0.001784
NL,NLFR_imcgy,2010,0.002042
NL,NLFR_imcgy,2011,0.001960
NL,NLFR_imcgy,2012,0.001848
NL,NLFR_imcgy,2013,0.001890
NL,NLFR_imcgy,2014,0.001880
NL,NLFR_imcgy,2015,0.001903
NL,NLFR_imcgy,2016,0.001794
NL,NLFR_imcgy,2017,0.001791
NL,NLFR_imcgy,2018,0.001942
NL,NLFR_imcgy,2019,0.001736
NL,NLFR_imcgy,2020,0.001668
NL,NLFR_imcgy,average,0.001909
NL,NLFR_imcy,1995,0.015812
NL,NLFR_imcy,1996,0.015681
NL,NLFR_imcy,1997,0.015251
NL,NLFR_imcy,1998,0.014938
NL,NLFR_imcy,1999,0.014824
NL,NLFR_imcy,2000,0.013992
NL,NLFR_imcy,2001,0.013728
NL,NLFR_imcy,2002,0.014039
NL,NLFR_imcy,2003,0.014215
NL,NLFR_imcy,2004,0.013294
NL,NLFR_imcy,2005,0.011928
NL,NLFR_imcy,2006,0.011210
NL,NLFR_imcy,2007,0.011293
NL,NLFR_imcy,2008,0.010461
NL,NLFR_imcy,2009,0.009949
NL,NLFR_imcy,2010,0.010409
NL,NLFR_imcy,2011,0.010825
NL,NLFR_imcy,2012,0.010458
NL,NLFR_imcy,2013,0.010251
NL,NLFR_imcy,2014,0.010471
NL,NLFR_imcy,2015,0.009939
NL,NLFR_imcy,2016,0.008715
NL,NLFR_imcy,2017,0.008800
NL,NLFR_imcy,2018,0.008899
NL,NLFR_imcy,2019,0.008321
NL,NLFR_imcy,2020,0.006971
NL,NLFR_imcy,average,0.011092
NL,NLFR_imigy,1995,0.000272
NL,NLFR_imigy,1996,0.000299
NL,NLFR_imigy,1997,0.000276
NL,NLFR_imigy,1998,0.000272
NL,NLFR_imigy,1999,0.000267
NL,NLFR_imigy,2000,0.000261
NL,NLFR_imigy,2001,0.000277
NL,NLFR_imigy,2002,0.000272
NL,NLFR_imigy,2003,0.000255
NL,NLFR_imigy,2004,0.000249
NL,NLFR_imigy,2005,0.000244
NL,NLFR_imigy,2006,0.000234
NL,NLFR_imigy,2007,0.000257
NL,NLFR_imigy,2008,0.000220
NL,NLFR_imigy,2009,0.000218
NL,NLFR_imigy,2010,0.000211
NL,NLFR_imigy,2011,0.000208
NL,NLFR_imigy,2012,0.000179
NL,NLFR_imigy,2013,0.000179
NL,NLFR_imigy,2014,0.000186
NL,NLFR_imigy,2015,0.000197
NL,NLFR_imigy,2016,0.000186
NL,NLFR_imigy,2017,0.000187
NL,NLFR_imigy,2018,0.000204
NL,NLFR_imigy,2019,0.000199
NL,NLFR_imigy,2020,0.000176
NL,NLFR_imigy,average,0.000227
NL,NLFR_imiy,1995,0.006368
NL,NLFR_imiy,1996,0.006760
NL,NLFR_imiy,1997,0.007034
NL,NLFR_imiy,1998,0.006733
NL,NLFR_imiy,1999,0.006551
NL,NLFR_imiy,2000,0.005863
NL,NLFR_imiy,2001,0.006077
NL,NLFR_imiy,2002,0.005580
NL,NLFR_imiy,2003,0.005493
NL,NLFR_imiy,2004,0.005209
NL,NLFR_imiy,2005,0.004812
NL,NLFR_imiy,2006,0.004491
NL,NLFR_imiy,2007,0.004635
NL,NLFR_imiy,2008,0.003772
NL,NLFR_imiy,2009,0.003303
NL,NLFR_imiy,2010,0.002989
NL,NLFR_imiy,2011,0.003353
NL,NLFR_imiy,2012,0.003021
NL,NLFR_imiy,2013,0.003056
NL,NLFR_imiy,2014,0.003126
NL,NLFR_imiy,2015,0.005373
NL,NLFR_imiy,2016,0.003590
NL,NLFR_imiy,2017,0.003634
NL,NLFR_imiy,2018,0.003847
NL,NLFR_imiy,2019,0.003798
NL,NLFR_imiy,2020,0.003246
NL,NLFR_imiy,average,0.004336
NL,NLGR_imcgy,1995,0.000037
NL,NLGR_imcgy,1996,0.000035
NL,NLGR_imcgy,1997,0.000024
NL,NLGR_imcgy,1998,0.000029
NL,NLGR_imcgy,1999,0.000029
NL,NLGR_imcgy,2000,0.000037
NL,NLGR_imcgy,2001,0.000037
NL,NLGR_imcgy,2002,0.000045
NL,NLGR_imcgy,2003,0.000043
NL,NLGR_imcgy,2004,0.000048
NL,NLGR_imcgy,2005,0.000063
NL,NLGR_imcgy,2006,0.000049
NL,NLGR_imcgy,2007,0.000054
NL,NLGR_imcgy,2008,0.000056
NL,NLGR_imcgy,2009,0.000063
NL,NLGR_imcgy,2010,0.000060
NL,NLGR_imcgy,2011,0.000063
NL,NLGR_imcgy,2012,0.000056
NL,NLGR_imcgy,2013,0.000058
NL,NLGR_imcgy,2014,0.000061
NL,NLGR_imcgy,2015,0.000051
NL,NLGR_imcgy,2016,0.000054
NL,NLGR_imcgy,2017,0.000056
NL,NLGR_imcgy,2018,0.000054
NL,NLGR_imcgy,2019,0.000049
NL,NLGR_imcgy,2020,0.000049
NL,NLGR_imcgy,average,0.000051
NL,NLGR_imcy,1995,0.000604
NL,NLGR_imcy,1996,0.000610
NL,NLGR_imcy,1997,0.000749
NL,NLGR_imcy,1998,0.000809
NL,NLGR_imcy,1999,0.000692
NL,NLGR_imcy,2000,0.000829
NL,NLGR_imcy,2001,0.000801
NL,NLGR_imcy,2002,0.000961
NL,NLGR_imcy,2003,0.000884
NL,NLGR_imcy,2004,0.000850
NL,NLGR_imcy,2005,0.000906
NL,NLGR_imcy,2006,0.000698
NL,NLGR_imcy,2007,0.000693
NL,NLGR_imcy,2008,0.000724
NL,NLGR_imcy,2009,0.000636
NL,NLGR_imcy,2010,0.000544
NL,NLGR_imcy,2011,0.000597
NL,NLGR_imcy,2012,0.000530
NL,NLGR_imcy,2013,0.000614
NL,NLGR_imcy,2014,0.000701
NL,NLGR_imcy,2015,0.000676
NL,NLGR_imcy,2016,0.000621
NL,NLGR_imcy,2017,0.000745
NL,NLGR_imcy,2018,0.000693
NL,NLGR_imcy,2019,0.000656
NL,NLGR_imcy,2020,0.000281
NL,NLGR_imcy,average,0.000678
NL,NLGR_imigy,1995,0.000002
NL,NLGR_imigy,1996,0.000003
NL,NLGR_imigy,1997,0.000002
NL,NLGR_imigy,1998,0.000002
NL,NLGR_imigy,1999,0.000002
NL,NLGR_imigy,2000,0.000003
NL,NLGR_imigy,2001,0.000002
NL,NLGR_imigy,2002,0.000003
NL,NLGR_imigy,2003,0.000003
NL,NLGR_imigy,2004,0.000003
NL,NLGR_imigy,2005,0.000004
NL,NLGR_imigy,2006,0.000004
NL,NLGR_imigy,2007,0.000004
NL,NLGR_imigy,2008,0.000004
NL,NLGR_imigy,2009,0.000004
NL,NLGR_imigy,2010,0.000005
NL,NLGR_imigy,2011,0.000005
NL,NLGR_imigy,2012,0.000004
NL,NLGR_imigy,2013,0.000004
NL,NLGR_imigy,2014,0.000004
NL,NLGR_imigy,2015,0.000003
NL,NLGR_imigy,2016,0.000005
NL,NLGR_imigy,2017,0.000005
NL,NLGR_imigy,2018,0.000005
NL,NLGR_imigy,2019,0.000005
NL,NLGR_imigy,2020,0.000005
NL,NLGR_imigy,average,0.000004
NL,NLGR_imiy,1995,0.000046
NL,NLGR_imiy,1996,0.000071
NL,NLGR_imiy,1997,0.000055
NL,NLGR_imiy,1998,0.000050
NL,NLGR_imiy,1999,0.000055
NL,NLGR_imiy,2000,0.000059
NL,NLGR_imiy,2001,0.000053
NL,NLGR_imiy,2002,0.000063
NL,NLGR_imiy,2003,0.000066
NL,NLGR_imiy,2004,0.000071
NL,NLGR_imiy,2005,0.000078
NL,NLGR_imiy,2006,0.000070
NL,NLGR_imiy,2007,0.000075
NL,NLGR_imiy,2008,0.000070
NL,NLGR_imiy,2009,0.000065
NL,NLGR_imiy,2010,0.000065
NL,NLGR_imiy,2011,0.000082
NL,NLGR_imiy,2012,0.000068
NL,NLGR_imiy,2013,0.000071
NL,NLGR_imiy,2014,0.000074
NL,NLGR_imiy,2015,0.000088
NL,NLGR_imiy,2016,0.000087
NL,NLGR_imiy,2017,0.000093
NL,NLGR_imiy,2018,0.000085
NL,NLGR_imiy,2019,0.000087
NL,NLGR_imiy,2020,0.000090
NL,NLGR_imiy,average,0.000073
NL,NLIT_imcgy,1995,0.001131
NL,NLIT_imcgy,1996,0.001163
NL,NLIT_imcgy,1997,0.000733
NL,NLIT_imcgy,1998,0.000656
NL,NLIT_imcgy,1999,0.000578
NL,NLIT_imcgy,2000,0.000549
NL,NLIT_imcgy,2001,0.000614
NL,NLIT_imcgy,2002,0.000616
NL,NLIT_imcgy,2003,0.000665
NL,NLIT_imcgy,2004,0.000655
NL,NLIT_imcgy,2005,0.000659
NL,NLIT_imcgy,2006,0.000774
NL,NLIT_imcgy,2007,0.000711
NL,NLIT_imcgy,2008,0.000710
NL,NLIT_imcgy,2009,0.000715
NL,NLIT_imcgy,2010,0.000739
NL,NLIT_imcgy,2011,0.000729
NL,NLIT_imcgy,2012,0.000685
NL,NLIT_imcgy,2013,0.000695
NL,NLIT_imcgy,2014,0.000694
NL,NLIT_imcgy,2015,0.000712
NL,NLIT_imcgy,2016,0.000680
NL,NLIT_imcgy,2017,0.000696
NL,NLIT_imcgy,2018,0.000757
NL,NLIT_imcgy,2019,0.000689
NL,NLIT_imcgy,2020,0.000682
NL,NLIT_imcgy,average,0.000714
NL,NLIT_imcy,1995,0.005780
NL,NLIT_imcy,1996,0.005830
NL,NLIT_imcy,1997,0.005600
NL,NLIT_imcy,1998,0.005518
NL,NLIT_imcy,1999,0.005154
NL,NLIT_imcy,2000,0.004929
NL,NLIT_imcy,2001,0.005146
NL,NLIT_imcy,2002,0.004952
NL,NLIT_imcy,2003,0.005047
NL,NLIT_imcy,2004,0.004721
NL,NLIT_imcy,2005,0.004462
NL,NLIT_imcy,2006,0.004479
NL,NLIT_imcy,2007,0.003999
NL,NLIT_imcy,2008,0.004396
NL,NLIT_imcy,2009,0.003850
NL,NLIT_imcy,2010,0.003906
NL,NLIT_imcy,2011,0.004253
NL,NLIT_imcy,2012,0.003964
NL,NLIT_imcy,2013,0.003970
NL,NLIT_imcy,2014,0.003939
NL,NLIT_imcy,2015,0.004318
NL,NLIT_imcy,2016,0.004069
NL,NLIT_imcy,2017,0.004132
NL,NLIT_imcy,2018,0.004207
NL,NLIT_imcy,2019,0.004076
NL,NLIT_imcy,2020,0.003448
NL,NLIT_imcy,average,0.004383
NL,NLIT_imigy,1995,0.000136
NL,NLIT_imigy,1996,0.000142
NL,NLIT_imigy,1997,0.000118
NL,NLIT_imigy,1998,0.000114
NL,NLIT_imigy,1999,0.000117
NL,NLIT_imigy,2000,0.000110
NL,NLIT_imigy,2001,0.000110
NL,NLIT_imigy,2002,0.000111
NL,NLIT_imigy,2003,0.000105
NL,NLIT_imigy,2004,0.000098
NL,NLIT_imigy,2005,0.000100
NL,NLIT_imigy,2006,0.000116
NL,NLIT_imigy,2007,0.000125
NL,NLIT_imigy,2008,0.000125
NL,NLIT_imigy,2009,0.000112
NL,NLIT_imigy,2010,0.000096
NL,NLIT_imigy,2011,0.000109
NL,NLIT_imigy,2012,0.000094
NL,NLIT_imigy,2013,0.000090
NL,NLIT_imigy,2014,0.000083
NL,NLIT_imigy,2015,0.000088
NL,NLIT_imigy,2016,0.000099
NL,NLIT_imigy,2017,0.000100
NL,NLIT_imigy,2018,0.000105
NL,NLIT_imigy,2019,0.000107
NL,NLIT_imigy,2020,0.000111
NL,NLIT_imigy,average,0.000109
NL,NLIT_imiy,1995,0.003171
NL,NLIT_imiy,1996,0.003199
NL,NLIT_imiy,1997,0.003015
NL,NLIT_imiy,1998,0.002827
NL,NLIT_imiy,1999,0.002871
NL,NLIT_imiy,2000,0.002478
NL,NLIT_imiy,2001,0.002407
NL,NLIT_imiy,2002,0.002288
NL,NLIT_imiy,2003,0.002259
NL,NLIT_imiy,2004,0.002041
NL,NLIT_imiy,2005,0.001975
NL,NLIT_imiy,2006,0.002230
NL,NLIT_imiy,2007,0.002256
NL,NLIT_imiy,2008,0.002140
NL,NLIT_imiy,2009,0.001693
NL,NLIT_imiy,2010,0.001365
NL,NLIT_imiy,2011,0.001754
NL,NLIT_imiy,2012,0.001576
NL,NLIT_imiy,2013,0.001539
NL,NLIT_imiy,2014,0.001404
NL,NLIT_imiy,2015,0.002402
NL,NLIT_imiy,2016,0.001906
NL,NLIT_imiy,2017,0.001938
NL,NLIT_imiy,2018,0.001981
NL,NLIT_imiy,2019,0.002039
NL,NLIT_imiy,2020,0.002051
NL,NLIT_imiy,average,0.002075
NL,NLPT_imcgy,1995,0.000142
NL,NLPT_imcgy,1996,0.000135
NL,NLPT_imcgy,1997,0.000132
NL,NLPT_imcgy,1998,0.000132
NL,NLPT_imcgy,1999,0.000106
NL,NLPT_imcgy,2000,0.000115
NL,NLPT_imcgy,2001,0.000083
NL,NLPT_imcgy,2002,0.000097
NL,NLPT_imcgy,2003,0.000120
NL,NLPT_imcgy,2004,0.000121
NL,NLPT_imcgy,2005,0.000118
NL,NLPT_imcgy,2006,0.000123
NL,NLPT_imcgy,2007,0.000127
NL,NLPT_imcgy,2008,0.000120
NL,NLPT_imcgy,2009,0.000132
NL,NLPT_imcgy,2010,0.000145
NL,NLPT_imcgy,2011,0.000157
NL,NLPT_imcgy,2012,0.000142
NL,NLPT_imcgy,2013,0.000149
NL,NLPT_imcgy,2014,0.000142
NL,NLPT_imcgy,2015,0.000149
NL,NLPT_imcgy,2016,0.000149
NL,NLPT_imcgy,2017,0.000158
NL,NLPT_imcgy,2018,0.000166
NL,NLPT_imcgy,2019,0.000161
NL,NLPT_imcgy,2020,0.000152
NL,NLPT_imcgy,average,0.000137
NL,NLPT_imcy,1995,0.001188
NL,NLPT_imcy,1996,0.001253
NL,NLPT_imcy,1997,0.001166
NL,NLPT_imcy,1998,0.001173
NL,NLPT_imcy,1999,0.001012
NL,NLPT_imcy,2000,0.001064
NL,NLPT_imcy,2001,0.001039
NL,NLPT_imcy,2002,0.001017
NL,NLPT_imcy,2003,0.001038
NL,NLPT_imcy,2004,0.000973
NL,NLPT_imcy,2005,0.000934
NL,NLPT_imcy,2006,0.000851
NL,NLPT_imcy,2007,0.000798
NL,NLPT_imcy,2008,0.000807
NL,NLPT_imcy,2009,0.000783
NL,NLPT_imcy,2010,0.000856
NL,NLPT_imcy,2011,0.000936
NL,NLPT_imcy,2012,0.000920
NL,NLPT_imcy,2013,0.000972
NL,NLPT_imcy,2014,0.000982
NL,NLPT_imcy,2015,0.001093
NL,NLPT_imcy,2016,0.001120
NL,NLPT_imcy,2017,0.001232
NL,NLPT_imcy,2018,0.001214
NL,NLPT_imcy,2019,0.001115
NL,NLPT_imcy,2020,0.000737
NL,NLPT_imcy,average,0.000991
NL,NLPT_imigy,1995,0.000012
NL,NLPT_imigy,1996,0.000013
NL,NLPT_imigy,1997,0.000011
NL,NLPT_imigy,1998,0.000012
NL,NLPT_imigy,1999,0.000011
NL,NLPT_imigy,2000,0.000011
NL,NLPT_imigy,2001,0.000011
NL,NLPT_imigy,2002,0.000011
NL,NLPT_imigy,2003,0.000011
NL,NLPT_imigy,2004,0.000011
NL,NLPT_imigy,2005,0.000010
NL,NLPT_imigy,2006,0.000011
NL,NLPT_imigy,2007,0.000011
NL,NLPT_imigy,2008,0.000011
NL,NLPT_imigy,2009,0.000012
NL,NLPT_imigy,2010,0.000011
NL,NLPT_imigy,2011,0.000012
NL,NLPT_imigy,2012,0.000012
NL,NLPT_imigy,2013,0.000012
NL,NLPT_imigy,2014,0.000011
NL,NLPT_imigy,2015,0.000010
NL,NLPT_imigy,2016,0.000013
NL,NLPT_imigy,2017,0.000014
NL,NLPT_imigy,2018,0.000015
NL,NLPT_imigy,2019,0.000016
NL,NLPT_imigy,2020,0.000016
NL,NLPT_imigy,average,0.000012
NL,NLPT_imiy,1995,0.000283
NL,NLPT_imiy,1996,0.000300
NL,NLPT_imiy,1997,0.000283
NL,NLPT_imiy,1998,0.000310
NL,NLPT_imiy,1999,0.000268
NL,NLPT_imiy,2000,0.000238
NL,NLPT_imiy,2001,0.000239
NL,NLPT_imiy,2002,0.000234
NL,NLPT_imiy,2003,0.000235
NL,NLPT_imiy,2004,0.000230
NL,NLPT_imiy,2005,0.000202
NL,NLPT_imiy,2006,0.000216
NL,NLPT_imiy,2007,0.000200
NL,NLPT_imiy,2008,0.000186
NL,NLPT_imiy,2009,0.000179
NL,NLPT_imiy,2010,0.000152
NL,NLPT_imiy,2011,0.000201
NL,NLPT_imiy,2012,0.000196
NL,NLPT_imiy,2013,0.000203
NL,NLPT_imiy,2014,0.000179
NL,NLPT_imiy,2015,0.000284
NL,NLPT_imiy,2016,0.000252
NL,NLPT_imiy,2017,0.000269
NL,NLPT_imiy,2018,0.000292
NL,NLPT_imiy,2019,0.000312
NL,NLPT_imiy,2020,0.000291
NL,NLPT_imiy,average,0.000235
NL,NLRA_imcgy,1995,0.000750
NL,NLRA_imcgy,1996,0.000605
NL,NLRA_imcgy,1997,0.000591
NL,NLRA_imcgy,1998,0.000648
NL,NLRA_imcgy,1999,0.000686
NL,NLRA_imcgy,2000,0.000760
NL,NLRA_imcgy,2001,0.000741
NL,NLRA_imcgy,2002,0.000782
NL,NLRA_imcgy,2003,0.000808
NL,NLRA_imcgy,2004,0.000740
NL,NLRA_imcgy,2005,0.000700
NL,NLRA_imcgy,2006,0.000703
NL,NLRA_imcgy,2007,0.000920
NL,NLRA_imcgy,2008,0.000786
NL,NLRA_imcgy,2009,0.001036
NL,NLRA_imcgy,2010,0.001433
NL,NLRA_imcgy,2011,0.001259
NL,NLRA_imcgy,2012,0.001361
NL,NLRA_imcgy,2013,0.001439
NL,NLRA_imcgy,2014,0.001552
NL,NLRA_imcgy,2015,0.002019
NL,NLRA_imcgy,2016,0.001799
NL,NLRA_imcgy,2017,0.001950
NL,NLRA_imcgy,2018,0.002197
NL,NLRA_imcgy,2019,0.002364
NL,NLRA_imcgy,2020,0.002653
NL,NLRA_imcgy,average,0.001317
NL,NLRA_imcy,1995,0.003688
NL,NLRA_imcy,1996,0.003175
NL,NLRA_imcy,1997,0.003691
NL,NLRA_imcy,1998,0.003936
NL,NLRA_imcy,1999,0.004347
NL,NLRA_imcy,2000,0.004458
NL,NLRA_imcy,2001,0.004366
NL,NLRA_imcy,2002,0.004143
NL,NLRA_imcy,2003,0.004185
NL,NLRA_imcy,2004,0.004090
NL,NLRA_imcy,2005,0.003633
NL,NLRA_imcy,2006,0.003558
NL,NLRA_imcy,2007,0.004230
NL,NLRA_imcy,2008,0.004060
NL,NLRA_imcy,2009,0.004570
NL,NLRA_imcy,2010,0.005966
NL,NLRA_imcy,2011,0.005341
NL,NLRA_imcy,2012,0.005683
NL,NLRA_imcy,2013,0.005813
NL,NLRA_imcy,2014,0.006325
NL,NLRA_imcy,2015,0.008369
NL,NLRA_imcy,2016,0.007623
NL,NLRA_imcy,2017,0.008114
NL,NLRA_imcy,2018,0.008417
NL,NLRA_imcy,2019,0.009297
NL,NLRA_imcy,2020,0.009517
NL,NLRA_imcy,average,0.005730
NL,NLRA_imigy,1995,0.000049
NL,NLRA_imigy,1996,0.000057
NL,NLRA_imigy,1997,0.000061
NL,NLRA_imigy,1998,0.000065
NL,NLRA_imigy,1999,0.000079
NL,NLRA_imigy,2000,0.000084
NL,NLRA_imigy,2001,0.000085
NL,NLRA_imigy,2002,0.000080
NL,NLRA_imigy,2003,0.000078
NL,NLRA_imigy,2004,0.000071
NL,NLRA_imigy,2005,0.000072
NL,NLRA_imigy,2006,0.000077
NL,NLRA_imigy,2007,0.000125
NL,NLRA_imigy,2008,0.000108
NL,NLRA_imigy,2009,0.000130
NL,NLRA_imigy,2010,0.000178
NL,NLRA_imigy,2011,0.000165
NL,NLRA_imigy,2012,0.000172
NL,NLRA_imigy,2013,0.000181
NL,NLRA_imigy,2014,0.000179
NL,NLRA_imigy,2015,0.000266
NL,NLRA_imigy,2016,0.000219
NL,NLRA_imigy,2017,0.000241
NL,NLRA_imigy,2018,0.000256
NL,NLRA_imigy,2019,0.000298
NL,NLRA_imigy,2020,0.000324
NL,NLRA_imigy,average,0.000158
NL,NLRA_imiy,1995,0.001157
NL,NLRA_imiy,1996,0.001285
NL,NLRA_imiy,1997,0.001548
NL,NLRA_imiy,1998,0.001618
NL,NLRA_imiy,1999,0.001937
NL,NLRA_imiy,2000,0.001892
NL,NLRA_imiy,2001,0.001856
NL,NLRA_imiy,2002,0.001651
NL,NLRA_imiy,2003,0.001680
NL,NLRA_imiy,2004,0.001473
NL,NLRA_imiy,2005,0.001420
NL,NLRA_imiy,2006,0.001485
NL,NLRA_imiy,2007,0.002261
NL,NLRA_imiy,2008,0.001848
NL,NLRA_imiy,2009,0.001960
NL,NLRA_imiy,2010,0.002524
NL,NLRA_imiy,2011,0.002670
NL,NLRA_imiy,2012,0.002895
NL,NLRA_imiy,2013,0.003078
NL,NLRA_imiy,2014,0.003018
NL,NLRA_imiy,2015,0.007246
NL,NLRA_imiy,2016,0.004239
NL,NLRA_imiy,2017,0.004685
NL,NLRA_imiy,2018,0.004841
NL,NLRA_imiy,2019,0.005688
NL,NLRA_imiy,2020,0.005993
NL,NLRA_imiy,average,0.003018
NL,NLRU_imcgy,1995,0.001619
NL,NLRU_imcgy,1996,0.001572
NL,NLRU_imcgy,1997,0.001320
NL,NLRU_imcgy,1998,0.001332
NL,NLRU_imcgy,1999,0.001328
NL,NLRU_imcgy,2000,0.001415
NL,NLRU_imcgy,2001,0.001411
NL,NLRU_imcgy,2002,0.001414
NL,NLRU_imcgy,2003,0.001483
NL,NLRU_imcgy,2004,0.001397
NL,NLRU_imcgy,2005,0.001407
NL,NLRU_imcgy,2006,0.001637
NL,NLRU_imcgy,2007,0.001676
NL,NLRU_imcgy,2008,0.001649
NL,NLRU_imcgy,2009,0.001786
NL,NLRU_imcgy,2010,0.002117
NL,NLRU_imcgy,2011,0.002150
NL,NLRU_imcgy,2012,0.002180
NL,NLRU_imcgy,2013,0.002351
NL,NLRU_imcgy,2014,0.002353
NL,NLRU_imcgy,2015,0.002658
NL,NLRU_imcgy,2016,0.002542
NL,NLRU_imcgy,2017,0.002530
NL,NLRU_imcgy,2018,0.002589
NL,NLRU_imcgy,2019,0.002540
NL,NLRU_imcgy,2020,0.002641
NL,NLRU_imcgy,average,0.001989
NL,NLRU_imcy,1995,0.007470
NL,NLRU_imcy,1996,0.007403
NL,NLRU_imcy,1997,0.007625
NL,NLRU_imcy,1998,0.008109
NL,NLRU_imcy,1999,0.008221
NL,NLRU_imcy,2000,0.008485
NL,NLRU_imcy,2001,0.008281
NL,NLRU_imcy,2002,0.008157
NL,NLRU_imcy,2003,0.008406
NL,NLRU_imcy,2004,0.007972
NL,NLRU_imcy,2005,0.007780
NL,NLRU_imcy,2006,0.008485
NL,NLRU_imcy,2007,0.008008
NL,NLRU_imcy,2008,0.008274
NL,NLRU_imcy,2009,0.007767
NL,NLRU_imcy,2010,0.009293
NL,NLRU_imcy,2011,0.009933
NL,NLRU_imcy,2012,0.009778
NL,NLRU_imcy,2013,0.010625
NL,NLRU_imcy,2014,0.010406
NL,NLRU_imcy,2015,0.012098
NL,NLRU_imcy,2016,0.011110
NL,NLRU_imcy,2017,0.011079
NL,NLRU_imcy,2018,0.011096
NL,NLRU_imcy,2019,0.010990
NL,NLRU_imcy,2020,0.011052
NL,NLRU_imcy,average,0.009395
NL,NLRU_imigy,1995,0.000225
NL,NLRU_imigy,1996,0.000227
NL,NLRU_imigy,1997,0.000216
NL,NLRU_imigy,1998,0.000224
NL,NLRU_imigy,1999,0.000237
NL,NLRU_imigy,2000,0.000248
NL,NLRU_imigy,2001,0.000237
NL,NLRU_imigy,2002,0.000239
NL,NLRU_imigy,2003,0.000249
NL,NLRU_imigy,2004,0.000235
NL,NLRU_imigy,2005,0.000245
NL,NLRU_imigy,2006,0.000282
NL,NLRU_imigy,2007,0.000340
NL,NLRU_imigy,2008,0.000327
NL,NLRU_imigy,2009,0.000307
NL,NLRU_imigy,2010,0.000312
NL,NLRU_imigy,2011,0.000333
NL,NLRU_imigy,2012,0.000306
NL,NLRU_imigy,2013,0.000303
NL,NLRU_imigy,2014,0.000286
NL,NLRU_imigy,2015,0.000318
NL,NLRU_imigy,2016,0.000349
NL,NLRU_imigy,2017,0.000350
NL,NLRU_imigy,2018,0.000367
NL,NLRU_imigy,2019,0.000384
NL,NLRU_imigy,2020,0.000386
NL,NLRU_imigy,average,0.000303
NL,NLRU_imiy,1995,0.005263
NL,NLRU_imiy,1996,0.005124
NL,NLRU_imiy,1997,0.005508
NL,NLRU_imiy,1998,0.005543
NL,NLRU_imiy,1999,0.005813
NL,NLRU_imiy,2000,0.005577
NL,NLRU_imiy,2001,0.005207
NL,NLRU_imiy,2002,0.004896
NL,NLRU_imiy,2003,0.005366
NL,NLRU_imiy,2004,0.004909
NL,NLRU_imiy,2005,0.004837
NL,NLRU_imiy,2006,0.005418
NL,NLRU_imiy,2007,0.006132
NL,NLRU_imiy,2008,0.005602
NL,NLRU_imiy,2009,0.004648
NL,NLRU_imiy,2010,0.004412
NL,NLRU_imiy,2011,0.005385
NL,NLRU_imiy,2012,0.005151
NL,NLRU_imiy,2013,0.005165
NL,NLRU_imiy,2014,0.004819
NL,NLRU_imiy,2015,0.008662
NL,NLRU_imiy,2016,0.006746
NL,NLRU_imiy,2017,0.006805
NL,NLRU_imiy,2018,0.006935
NL,NLRU_imiy,2019,0.007335
NL,NLRU_imiy,2020,0.007137
NL,NLRU_imiy,average,0.005784
NL,NLRW_imcgy,1995,0.009439
NL,NLRW_imcgy,1996,0.009239
NL,NLRW_imcgy,1997,0.008680
NL,NLRW_imcgy,1998,0.007896
NL,NLRW_imcgy,1999,0.008559
NL,NLRW_imcgy,2000,0.009489
NL,NLRW_imcgy,2001,0.009034
NL,NLRW_imcgy,2002,0.009156
NL,NLRW_imcgy,2003,0.009545
NL,NLRW_imcgy,2004,0.009752
NL,NLRW_imcgy,2005,0.010382
NL,NLRW_imcgy,2006,0.011634
NL,NLRW_imcgy,2007,0.012436
NL,NLRW_imcgy,2008,0.012455
NL,NLRW_imcgy,2009,0.013627
NL,NLRW_imcgy,2010,0.015682
NL,NLRW_imcgy,2011,0.016088
NL,NLRW_imcgy,2012,0.015815
NL,NLRW_imcgy,2013,0.015385
NL,NLRW_imcgy,2014,0.015566
NL,NLRW_imcgy,2015,0.015638
NL,NLRW_imcgy,2016,0.014439
NL,NLRW_imcgy,2017,0.014475
NL,NLRW_imcgy,2018,0.015300
NL,NLRW_imcgy,2019,0.015090
NL,NLRW_imcgy,2020,0.015453
NL,NLRW_imcgy,average,0.013030
NL,NLRW_imcy,1995,0.056942
NL,NLRW_imcy,1996,0.061882
NL,NLRW_imcy,1997,0.061897
NL,NLRW_imcy,1998,0.059202
NL,NLRW_imcy,1999,0.063764
NL,NLRW_imcy,2000,0.068063
NL,NLRW_imcy,2001,0.065994
NL,NLRW_imcy,2002,0.062584
NL,NLRW_imcy,2003,0.059641
NL,NLRW_imcy,2004,0.060697
NL,NLRW_imcy,2005,0.063932
NL,NLRW_imcy,2006,0.067933
NL,NLRW_imcy,2007,0.067853
NL,NLRW_imcy,2008,0.069183
NL,NLRW_imcy,2009,0.065693
NL,NLRW_imcy,2010,0.074675
NL,NLRW_imcy,2011,0.077016
NL,NLRW_imcy,2012,0.077678
NL,NLRW_imcy,2013,0.076166
NL,NLRW_imcy,2014,0.075052
NL,NLRW_imcy,2015,0.077103
NL,NLRW_imcy,2016,0.071617
NL,NLRW_imcy,2017,0.072684
NL,NLRW_imcy,2018,0.073891
NL,NLRW_imcy,2019,0.074380
NL,NLRW_imcy,2020,0.065812
NL,NLRW_imcy,average,0.069354
NL,NLRW_imigy,1995,0.001103
NL,NLRW_imigy,1996,0.001134
NL,NLRW_imigy,1997,0.001092
NL,NLRW_imigy,1998,0.001021
NL,NLRW_imigy,1999,0.001158
NL,NLRW_imigy,2000,0.001292
NL,NLRW_imigy,2001,0.001172
NL,NLRW_imigy,2002,0.001062
NL,NLRW_imigy,2003,0.001021
NL,NLRW_imigy,2004,0.001051
NL,NLRW_imigy,2005,0.001152
NL,NLRW_imigy,2006,0.001258
NL,NLRW_imigy,2007,0.001529
NL,NLRW_imigy,2008,0.001487
NL,NLRW_imigy,2009,0.001634
NL,NLRW_imigy,2010,0.001745
NL,NLRW_imigy,2011,0.001685
NL,NLRW_imigy,2012,0.001502
NL,NLRW_imigy,2013,0.001459
NL,NLRW_imigy,2014,0.001466
NL,NLRW_imigy,2015,0.001585
NL,NLRW_imigy,2016,0.001473
NL,NLRW_imigy,2017,0.001516
NL,NLRW_imigy,2018,0.001612
NL,NLRW_imigy,2019,0.001645
NL,NLRW_imigy,2020,0.001623
NL,NLRW_imigy,average,0.001418
NL,NLRW_imiy,1995,0.025800
NL,NLRW_imiy,1996,0.025610
NL,NLRW_imiy,1997,0.027828
NL,NLRW_imiy,1998,0.025317
NL,NLRW_imiy,1999,0.028436
NL,NLRW_imiy,2000,0.029011
NL,NLRW_imiy,2001,0.025696
NL,NLRW_imiy,2002,0.021798
NL,NLRW_imiy,2003,0.022004
NL,NLRW_imiy,2004,0.021947
NL,NLRW_imiy,2005,0.022734
NL,NLRW_imiy,2006,0.024147
NL,NLRW_imiy,2007,0.027593
NL,NLRW_imiy,2008,0.025499
NL,NLRW_imiy,2009,0.024706
NL,NLRW_imiy,2010,0.024693
NL,NLRW_imiy,2011,0.027222
NL,NLRW_imiy,2012,0.025294
NL,NLRW_imiy,2013,0.024870
NL,NLRW_imiy,2014,0.024676
NL,NLRW_imiy,2015,0.043153
NL,NLRW_imiy,2016,0.028454
NL,NLRW_imiy,2017,0.029453
NL,NLRW_imiy,2018,0.030453
NL,NLRW_imiy,2019,0.031407
NL,NLRW_imiy,2020,0.029982
NL,NLRW_imiy,average,0.027067
NL,NLUS_imcgy,1995,0.003295
NL,NLUS_imcgy,1996,0.003108
NL,NLUS_imcgy,1997,0.003425
NL,NLUS_imcgy,1998,0.003274
NL,NLUS_imcgy,1999,0.003942
NL,NLUS_imcgy,2000,0.004207
NL,NLUS_imcgy,2001,0.004289
NL,NLUS_imcgy,2002,0.004501
NL,NLUS_imcgy,2003,0.004549
NL,NLUS_imcgy,2004,0.004226
NL,NLUS_imcgy,2005,0.004506
NL,NLUS_imcgy,2006,0.004746
NL,NLUS_imcgy,2007,0.004871
NL,NLUS_imcgy,2008,0.005144
NL,NLUS_imcgy,2009,0.007009
NL,NLUS_imcgy,2010,0.005985
NL,NLUS_imcgy,2011,0.004881
NL,NLUS_imcgy,2012,0.004942
NL,NLUS_imcgy,2013,0.004979
NL,NLUS_imcgy,2014,0.005004
NL,NLUS_imcgy,2015,0.005499
NL,NLUS_imcgy,2016,0.004846
NL,NLUS_imcgy,2017,0.004794
NL,NLUS_imcgy,2018,0.004969
NL,NLUS_imcgy,2019,0.004527
NL,NLUS_imcgy,2020,0.004736
NL,NLUS_imcgy,average,0.004788
NL,NLUS_imcy,1995,0.016967
NL,NLUS_imcy,1996,0.017337
NL,NLUS_imcy,1997,0.020376
NL,NLUS_imcy,1998,0.019404
NL,NLUS_imcy,1999,0.022681
NL,NLUS_imcy,2000,0.024207
NL,NLUS_imcy,2001,0.023186
NL,NLUS_imcy,2002,0.022040
NL,NLUS_imcy,2003,0.020194
NL,NLUS_imcy,2004,0.018468
NL,NLUS_imcy,2005,0.018348
NL,NLUS_imcy,2006,0.017249
NL,NLUS_imcy,2007,0.017963
NL,NLUS_imcy,2008,0.018159
NL,NLUS_imcy,2009,0.017833
NL,NLUS_imcy,2010,0.016657
NL,NLUS_imcy,2011,0.016036
NL,NLUS_imcy,2012,0.016285
NL,NLUS_imcy,2013,0.016685
NL,NLUS_imcy,2014,0.016462
NL,NLUS_imcy,2015,0.019085
NL,NLUS_imcy,2016,0.016608
NL,NLUS_imcy,2017,0.016594
NL,NLUS_imcy,2018,0.016475
NL,NLUS_imcy,2019,0.015588
NL,NLUS_imcy,2020,0.014235
NL,NLUS_imcy,average,0.017762
NL,NLUS_imigy,1995,0.000393
NL,NLUS_imigy,1996,0.000406
NL,NLUS_imigy,1997,0.000440
NL,NLUS_imigy,1998,0.000435
NL,NLUS_imigy,1999,0.000536
NL,NLUS_imigy,2000,0.000586
NL,NLUS_imigy,2001,0.000548
NL,NLUS_imigy,2002,0.000496
NL,NLUS_imigy,2003,0.000473
NL,NLUS_imigy,2004,0.000435
NL,NLUS_imigy,2005,0.000455
NL,NLUS_imigy,2006,0.000463
NL,NLUS_imigy,2007,0.000520
NL,NLUS_imigy,2008,0.000496
NL,NLUS_imigy,2009,0.000571
NL,NLUS_imigy,2010,0.000509
NL,NLUS_imigy,2011,0.000468
NL,NLUS_imigy,2012,0.000448
NL,NLUS_imigy,2013,0.000462
NL,NLUS_imigy,2014,0.000427
NL,NLUS_imigy,2015,0.000606
NL,NLUS_imigy,2016,0.000485
NL,NLUS_imigy,2017,0.000481
NL,NLUS_imigy,2018,0.000467
NL,NLUS_imigy,2019,0.000453
NL,NLUS_imigy,2020,0.000422
NL,NLUS_imigy,average,0.000487
NL,NLUS_imiy,1995,0.009198
NL,NLUS_imiy,1996,0.009171
NL,NLUS_imiy,1997,0.011200
NL,NLUS_imiy,1998,0.010782
NL,NLUS_imiy,1999,0.013168
NL,NLUS_imiy,2000,0.013160
NL,NLUS_imiy,2001,0.012007
NL,NLUS_imiy,2002,0.010174
NL,NLUS_imiy,2003,0.010207
NL,NLUS_imiy,2004,0.009084
NL,NLUS_imiy,2005,0.008981
NL,NLUS_imiy,2006,0.008898
NL,NLUS_imiy,2007,0.009385
NL,NLUS_imiy,2008,0.008514
NL,NLUS_imiy,2009,0.008635
NL,NLUS_imiy,2010,0.007201
NL,NLUS_imiy,2011,0.007567
NL,NLUS_imiy,2012,0.007540
NL,NLUS_imiy,2013,0.007875
NL,NLUS_imiy,2014,0.007179
NL,NLUS_imiy,2015,0.016511
NL,NLUS_imiy,2016,0.009366
NL,NLUS_imiy,2017,0.009341
NL,NLUS_imiy,2018,0.008816
NL,NLUS_imiy,2019,0.008658
NL,NLUS_imiy,2020,0.007799
NL,NLUS_imiy,average,0.009304
NL,debt,1995,2.9212
NL,debt,1996,2.8498
NL,debt,1997,2.6279
NL,debt,1998,2.5072
NL,debt,1999,2.3440
NL,debt,2000,2.0862
NL,debt,2001,1.9766
NL,debt,2002,1.9477
NL,debt,2003,1.9922
NL,debt,2004,2.0038
NL,debt,2005,1.9832
NL,debt,2006,1.7984
NL,debt,2007,1.7096
NL,debt,2008,2.1741
NL,debt,2009,2.2516
NL,debt,2010,2.3559
NL,debt,2011,2.4467
NL,debt,2012,2.6276
NL,debt,2013,2.6864
NL,debt,2014,2.6866
NL,debt,2015,2.5520
NL,debt,2016,2.4353
NL,debt,2017,2.2394
NL,debt,2018,2.0623
NL,debt,2019,1.9033
NL,debt,2020,2.1335
NL,debt,average,2.2809
NL,imcgy,1995,0.027747
NL,imcgy,1996,0.026163
NL,imcgy,1997,0.023828
NL,imcgy,1998,0.022596
NL,imcgy,1999,0.023443
NL,imcgy,2000,0.024935
NL,imcgy,2001,0.024589
NL,imcgy,2002,0.025657
NL,imcgy,2003,0.026793
NL,imcgy,2004,0.026495
NL,imcgy,2005,0.027317
NL,imcgy,2006,0.029054
NL,imcgy,2007,0.030481
NL,imcgy,2008,0.030008
NL,imcgy,2009,0.034685
NL,imcgy,2010,0.037285
NL,imcgy,2011,0.035893
NL,imcgy,2012,0.035624
NL,imcgy,2013,0.035953
NL,imcgy,2014,0.036176
NL,imcgy,2015,0.037892
NL,imcgy,2016,0.035195
NL,imcgy,2017,0.035388
NL,imcgy,2018,0.036809
NL,imcgy,2019,0.035471
NL,imcgy,2020,0.036106
NL,imcgy,average,0.032064
NL,imcy,1995,0.159787
NL,imcy,1996,0.163353
NL,imcy,1997,0.164205
NL,imcy,1998,0.160572
NL,imcy,1999,0.166514
NL,imcy,2000,0.172149
NL,imcy,2001,0.165915
NL,imcy,2002,0.163519
NL,imcy,2003,0.158549
NL,imcy,2004,0.155627
NL,imcy,2005,0.155386
NL,imcy,2006,0.154780
NL,imcy,2007,0.153528
NL,imcy,2008,0.154372
NL,imcy,2009,0.147274
NL,imcy,2010,0.162365
NL,imcy,2011,0.167132
NL,imcy,2012,0.167466
NL,imcy,2013,0.168908
NL,imcy,2014,0.167611
NL,imcy,2015,0.180053
NL,imcy,2016,0.166454
NL,imcy,2017,0.168393
NL,imcy,2018,0.168901
NL,imcy,2019,0.166760
NL,imcy,2020,0.150394
NL,imcy,average,0.162445
NL,imigy,1995,0.003428
NL,imigy,1996,0.003556
NL,imigy,1997,0.003247
NL,imigy,1998,0.003189
NL,imigy,1999,0.003464
NL,imigy,2000,0.003679
NL,imigy,2001,0.003543
NL,imigy,2002,0.003405
NL,imigy,2003,0.003276
NL,imigy,2004,0.003283
NL,imigy,2005,0.003461
NL,imigy,2006,0.003655
NL,imigy,2007,0.004289
NL,imigy,2008,0.004057
NL,imigy,2009,0.004179
NL,imigy,2010,0.004215
NL,imigy,2011,0.004157
NL,imigy,2012,0.003795
NL,imigy,2013,0.003763
NL,imigy,2014,0.003654
NL,imigy,2015,0.004035
NL,imigy,2016,0.004008
NL,imigy,2017,0.004081
NL,imigy,2018,0.004279
NL,imigy,2019,0.004391
NL,imigy,2020,0.004297
NL,imigy,average,0.003892
NL,imiy,1995,0.080148
NL,imiy,1996,0.080277
NL,imiy,1997,0.082735
NL,imiy,1998,0.079071
NL,imiy,1999,0.085093
NL,imiy,2000,0.082630
NL,imiy,2001,0.077690
NL,imiy,2002,0.069882
NL,imiy,2003,0.070618
NL,imiy,2004,0.068548
NL,imiy,2005,0.068292
NL,imiy,2006,0.070172
NL,imiy,2007,0.077386
NL,imiy,2008,0.069582
NL,imiy,2009,0.063194
NL,imiy,2010,0.059636
NL,imiy,2011,0.067172
NL,imiy,2012,0.063927
NL,imiy,2013,0.064144
NL,imiy,2014,0.061497
NL,imiy,2015,0.109897
NL,imiy,2016,0.077419
NL,imiy,2017,0.079309
NL,imiy,2018,0.080845
NL,imiy,2019,0.083835
NL,imiy,2020,0.079360
NL,imiy,average,0.074279
NL,imy,1995,0.271110
NL,imy,1996,0.273349
NL,imy,1997,0.274014
NL,imy,1998,0.265429
NL,imy,1999,0.278515
NL,imy,2000,0.283393
NL,imy,2001,0.271737
NL,imy,2002,0.262463
NL,imy,2003,0.259237
NL,imy,2004,0.253953
NL,imy,2005,0.254456
NL,imy,2006,0.257661
NL,imy,2007,0.265684
NL,imy,2008,0.258020
NL,imy,2009,0.249332
NL,imy,2010,0.263501
NL,imy,2011,0.274355
NL,imy,2012,0.270813
NL,imy,2013,0.272768
NL,imy,2014,0.268939
NL,imy,2015,0.331878
NL,imy,2016,0.283076
NL,imy,2017,0.287171
NL,imy,2018,0.290833
NL,imy,2019,0.290456
NL,imy,2020,0.270157
NL,imy,average,0.272679
NL,private_consumption,1995,0.5047
NL,private_consumption,1996,0.5137
NL,private_consumption,1997,0.5098
NL,private_consumption,1998,0.5132
NL,private_consumption,1999,0.5186
NL,private_consumption,2000,0.5153
NL,private_consumption,2001,0.5119
NL,private_consumption,2002,0.5135
NL,private_consumption,2003,0.5117
NL,private_consumption,2004,0.5076
NL,private_consumption,2005,0.5020
NL,private_consumption,2006,0.4864
NL,private_consumption,2007,0.4726
NL,private_consumption,2008,0.4707
NL,private_consumption,2009,0.4662
NL,private_consumption,2010,0.4565
NL,private_consumption,2011,0.4560
NL,private_consumption,2012,0.4573
NL,private_consumption,2013,0.4576
NL,private_consumption,2014,0.4557
NL,private_consumption,2015,0.4533
NL,private_consumption,2016,0.4427
NL,private_consumption,2017,0.4402
NL,private_consumption,2018,0.4356
NL,private_consumption,2019,0.4313
NL,private_consumption,2020,0.4195
NL,private_consumption,average,0.4702
NL,private_investment,1995,0.1687
NL,private_investment,1996,0.1742
NL,private_investment,1997,0.1747
NL,private_investment,1998,0.1762
NL,private_investment,1999,0.1845
NL,private_investment,2000,0.1814
NL,private_investment,2001,0.1794
NL,private_investment,2002,0.1699
NL,private_investment,2003,0.1653
NL,private_investment,2004,0.1634
NL,private_investment,2005,0.1640
NL,private_investment,2006,0.1690
NL,private_investment,2007,0.1852
NL,private_investment,2008,0.1778
NL,private_investment,2009,0.1703
NL,private_investment,2010,0.1607
NL,private_investment,2011,0.1652
NL,private_investment,2012,0.1550
NL,private_investment,2013,0.1519
NL,private_investment,2014,0.1455
NL,private_investment,2015,0.1825
NL,private_investment,2016,0.1630
NL,private_investment,2017,0.1633
NL,private_investment,2018,0.1637
NL,private_investment,2019,0.1743
NL,private_investment,2020,0.1750
NL,private_investment,average,0.1684
NL,public_consumption,1995,0.2456
NL,public_consumption,1996,0.2345
NL,public_consumption,1997,0.2297
NL,public_consumption,1998,0.2282
NL,public_consumption,1999,0.2254
NL,public_consumption,2000,0.2246
NL,public_consumption,2001,0.2319
NL,public_consumption,2002,0.2440
NL,public_consumption,2003,0.2524
NL,public_consumption,2004,0.2493
NL,public_consumption,2005,0.2468
NL,public_consumption,2006,0.2572
NL,public_consumption,2007,0.2541
NL,public_consumption,2008,0.2602
NL,public_consumption,2009,0.2856
NL,public_consumption,2010,0.2917
NL,public_consumption,2011,0.2853
NL,public_consumption,2012,0.2891
NL,public_consumption,2013,0.2871
NL,public_consumption,2014,0.2870
NL,public_consumption,2015,0.2759
NL,public_consumption,2016,0.2739
NL,public_consumption,2017,0.2696
NL,public_consumption,2018,0.2681
NL,public_consumption,2019,0.2680
NL,public_consumption,2020,0.2834
NL,public_consumption,average,0.2648
NL,public_investment,1995,0.0393
NL,public_investment,1996,0.0406
NL,public_investment,1997,0.0407
NL,public_investment,1998,0.0411
NL,public_investment,1999,0.0430
NL,public_investment,2000,0.0423
NL,public_investment,2001,0.0418
NL,public_investment,2002,0.0396
NL,public_investment,2003,0.0385
NL,public_investment,2004,0.0381
NL,public_investment,2005,0.0382
NL,public_investment,2006,0.0394
NL,public_investment,2007,0.0432
NL,public_investment,2008,0.0415
NL,public_investment,2009,0.0397
NL,public_investment,2010,0.0375
NL,public_investment,2011,0.0385
NL,public_investment,2012,0.0361
NL,public_investment,2013,0.0354
NL,public_investment,2014,0.0339
NL,public_investment,2015,0.0425
NL,public_investment,2016,0.0380
NL,public_investment,2017,0.0381
NL,public_investment,2018,0.0382
NL,public_investment,2019,0.0406
NL,public_investment,2020,0.0408
NL,public_investment,average,0.0392
NL,size,1995,0.013820
NL,size,1996,0.013396
NL,size,1997,0.012519
NL,size,1998,0.013242
NL,size,1999,0.012975
NL,size,2000,0.011727
NL,size,2001,0.012062
NL,size,2002,0.012737
NL,size,2003,0.013966
NL,size,2004,0.014018
NL,size,2005,0.013482
NL,size,2006,0.013295
NL,size,2007,0.013821
NL,size,2008,0.013897
NL,size,2009,0.013524
NL,size,2010,0.011869
NL,size,2011,0.011477
NL,size,2012,0.010390
NL,size,2013,0.010534
NL,size,2014,0.010402
NL,size,2015,0.009551
NL,size,2016,0.009577
NL,size,2017,0.009562
NL,size,2018,0.009946
NL,size,2019,0.009893
NL,size,2020,0.010150
NL,size,average,0.011553
NL,tax_SSC_firms,1995,0.0407
NL,tax_SSC_firms,1996,0.0412
NL,tax_SSC_firms,1997,0.0391
NL,tax_SSC_firms,1998,0.1065
NL,tax_SSC_firms,1999,0.1028
NL,tax_SSC_firms,2000,0.1044
NL,tax_SSC_firms,2001,0.1015
NL,tax_SSC_firms,2002,0.1017
NL,tax_SSC_firms,2003,0.1015
NL,tax_SSC_firms,2004,0.1035
NL,tax_SSC_firms,2005,0.0985
NL,tax_SSC_firms,2006,0.1128
NL,tax_SSC_firms,2007,0.1117
NL,tax_SSC_firms,2008,0.1172
NL,tax_SSC_firms,2009,0.1146
NL,tax_SSC_firms,2010,0.1187
NL,tax_SSC_firms,2011,0.1197
NL,tax_SSC_firms,2012,0.1283
NL,tax_SSC_firms,2013,0.1239
NL,tax_SSC_firms,2014,0.1374
NL,tax_SSC_firms,2015,0.1330
NL,tax_SSC_firms,2016,0.1361
NL,tax_SSC_firms,2017,0.1357
NL,tax_SSC_firms,2018,0.1401
NL,tax_SSC_firms,2019,0.1435
NL,tax_SSC_firms,2020,0.1405
NL,tax_SSC_firms,average,0.1098
NL,tax_SSC_households,1995,0.2249
NL,tax_SSC_households,1996,0.2214
NL,tax_SSC_households,1997,0.2304
NL,tax_SSC_households,1998,0.1904
NL,tax_SSC_households,1999,0.1980
NL,tax_SSC_households,2000,0.1975
NL,tax_SSC_households,2001,0.1684
NL,tax_SSC_households,2002,0.1608
NL,tax_SSC_households,2003,0.1715
NL,tax_SSC_households,2004,0.1724
NL,tax_SSC_households,2005,0.1692
NL,tax_SSC_households,2006,0.1845
NL,tax_SSC_households,2007,0.1763
NL,tax_SSC_households,2008,0.1875
NL,tax_SSC_households,2009,0.1624
NL,tax_SSC_households,2010,0.1684
NL,tax_SSC_households,2011,0.1798
NL,tax_SSC_households,2012,0.1934
NL,tax_SSC_households,2013,0.1934
NL,tax_SSC_households,2014,0.1898
NL,tax_SSC_households,2015,0.1853
NL,tax_SSC_households,2016,0.1557
NL,tax_SSC_households,2017,0.1435
NL,tax_SSC_households,2018,0.1438
NL,tax_SSC_households,2019,0.1336
NL,tax_SSC_households,2020,0.1283
NL,tax_SSC_households,average,0.1781
NL,tax_capital,1995,0.0747
NL,tax_capital,1996,0.0932
NL,tax_capital,1997,0.1014
NL,tax_capital,1998,0.1000
NL,tax_capital,1999,0.1021
NL,tax_capital,2000,0.1004
NL,tax_capital,2001,0.0975
NL,tax_capital,2002,0.0829
NL,tax_capital,2003,0.0714
NL,tax_capital,2004,0.0761
NL,tax_capital,2005,0.0824
NL,tax_capital,2006,0.0803
NL,tax_capital,2007,0.0790
NL,tax_capital,2008,0.0770
NL,tax_capital,2009,0.0520
NL,tax_capital,2010,0.0546
NL,tax_capital,2011,0.0516
NL,tax_capital,2012,0.0507
NL,tax_capital,2013,0.0522
NL,tax_capital,2014,0.0615
NL,tax_capital,2015,0.0625
NL,tax_capital,2016,0.0790
NL,tax_capital,2017,0.0766
NL,tax_capital,2018,0.0825
NL,tax_capital,2019,0.0871
NL,tax_capital,2020,0.0725
NL,tax_capital,average,0.0770
NL,tax_consumption,1995,0.2073
NL,tax_consumption,1996,0.2125
NL,tax_consumption,1997,0.2200
NL,tax_consumption,1998,0.2194
NL,tax_consumption,1999,0.2204
NL,tax_consumption,2000,0.2196
NL,tax_consumption,2001,0.2272
NL,tax_consumption,2002,0.2203
NL,tax_consumption,2003,0.2231
NL,tax_consumption,2004,0.2286
NL,tax_consumption,2005,0.2322
NL,tax_consumption,2006,0.2435
NL,tax_consumption,2007,0.2452
NL,tax_consumption,2008,0.2451
NL,tax_consumption,2009,0.2390
NL,tax_consumption,2010,0.2471
NL,tax_consumption,2011,0.2373
NL,tax_consumption,2012,0.2361
NL,tax_consumption,2013,0.2389
NL,tax_consumption,2014,0.2443
NL,tax_consumption,2015,0.2459
NL,tax_consumption,2016,0.2559
NL,tax_consumption,2017,0.2540
NL,tax_consumption,2018,0.2570
NL,tax_consumption,2019,0.2690
NL,tax_consumption,2020,0.2783
NL,tax_consumption,average,0.2372
NL,tax_income,1995,0.1614
NL,tax_income,1996,0.1551
NL,tax_income,1997,0.1411
NL,tax_income,1998,0.1439
NL,tax_income,1999,0.1397
NL,tax_income,2000,0.1401
NL,tax_income,2001,0.1446
NL,tax_income,2002,0.1601
NL,tax_income,2003,0.1535
NL,tax_income,2004,0.1436
NL,tax_income,2005,0.1617
NL,tax_income,2006,0.1705
NL,tax_income,2007,0.1778
NL,tax_income,2008,0.1732
NL,tax_income,2009,0.1948
NL,tax_income,2010,0.1972
NL,tax_income,2011,0.1886
NL,tax_income,2012,0.1768
NL,tax_income,2013,0.1748
NL,tax_income,2014,0.1820
NL,tax_income,2015,0.2005
NL,tax_income,2016,0.1865
NL,tax_income,2017,0.2211
NL,tax_income,2018,0.2118
NL,tax_income,2019,0.2259
NL,tax_income,2020,0.2322
NL,tax_income,average,0.1753
NL,tby,1995,0.099840
NL,tby,1996,0.094161
NL,tby,1997,0.098359
NL,tby,1998,0.085552
NL,tby,1999,0.077561
NL,tby,2000,0.092003
NL,tby,2001,0.082245
NL,tby,2002,0.081671
NL,tby,2003,0.081358
NL,tby,2004,0.092628
NL,tby,2005,0.107144
NL,tby,2006,0.104824
NL,tby,2007,0.089796
NL,tby,2008,0.101392
NL,tby,2009,0.091778
NL,tby,2010,0.096870
NL,tby,2011,0.105072
NL,tby,2012,0.127533
NL,tby,2013,0.133738
NL,tby,2014,0.145972
NL,tby,2015,0.111943
NL,tby,2016,0.141970
NL,tby,2017,0.151562
NL,tby,2018,0.155558
NL,tby,2019,0.138786
NL,tby,2020,0.137324
NL,tby,average,0.113012
NL,trybar,1995,0.2170
NL,trybar,1996,0.2060
NL,trybar,1997,0.1970
NL,trybar,1998,0.1900
NL,trybar,1999,0.1840
NL,trybar,2000,0.1790
NL,trybar,2001,0.1790
NL,trybar,2002,0.1840
NL,trybar,2003,0.1920
NL,trybar,2004,0.1910
NL,trybar,2005,0.1860
NL,trybar,2006,0.1950
NL,trybar,2007,0.1910
NL,trybar,2008,0.1940
NL,trybar,2009,0.2140
NL,trybar,2010,0.2190
NL,trybar,2011,0.2200
NL,trybar,2012,0.2260
NL,trybar,2013,0.2290
NL,trybar,2014,0.2270
NL,trybar,2015,0.2220
NL,trybar,2016,0.2190
NL,trybar,2017,0.2140
NL,trybar,2018,0.2100
NL,trybar,2019,0.2080
NL,trybar,2020,0.2170
NL,trybar,average,0.2042
PT,PTAT_imcgy,1995,0.000089
PT,PTAT_imcgy,1996,0.000098
PT,PTAT_imcgy,1997,0.000114
PT,PTAT_imcgy,1998,0.000110
PT,PTAT_imcgy,1999,0.000111
PT,PTAT_imcgy,2000,0.000120
PT,PTAT_imcgy,2001,0.000118
PT,PTAT_imcgy,2002,0.000108
PT,PTAT_imcgy,2003,0.000099
PT,PTAT_imcgy,2004,0.000101
PT,PTAT_imcgy,2005,0.000102
PT,PTAT_imcgy,2006,0.000116
PT,PTAT_imcgy,2007,0.000108
PT,PTAT_imcgy,2008,0.000118
PT,PTAT_imcgy,2009,0.000120
PT,PTAT_imcgy,2010,0.000125
PT,PTAT_imcgy,2011,0.000118
PT,PTAT_imcgy,2012,0.000110
PT,PTAT_imcgy,2013,0.000111
PT,PTAT_imcgy,2014,0.000123
PT,PTAT_imcgy,2015,0.000112
PT,PTAT_imcgy,2016,0.000121
PT,PTAT_imcgy,2017,0.000119
PT,PTAT_imcgy,2018,0.000128
PT,PTAT_imcgy,2019,0.000122
PT,PTAT_imcgy,2020,0.000164
PT,PTAT_imcgy,average,0.000116
PT,PTAT_imcy,1995,0.001026
PT,PTAT_imcy,1996,0.000972
PT,PTAT_imcy,1997,0.000933
PT,PTAT_imcy,1998,0.000962
PT,PTAT_imcy,1999,0.000954
PT,PTAT_imcy,2000,0.001126
PT,PTAT_imcy,2001,0.001062
PT,PTAT_imcy,2002,0.001007
PT,PTAT_imcy,2003,0.001115
PT,PTAT_imcy,2004,0.000951
PT,PTAT_imcy,2005,0.000860
PT,PTAT_imcy,2006,0.000905
PT,PTAT_imcy,2007,0.000885
PT,PTAT_imcy,2008,0.000911
PT,PTAT_imcy,2009,0.000819
PT,PTAT_imcy,2010,0.000885
PT,PTAT_imcy,2011,0.000880
PT,PTAT_imcy,2012,0.000820
PT,PTAT_imcy,2013,0.000820
PT,PTAT_imcy,2014,0.000854
PT,PTAT_imcy,2015,0.000822
PT,PTAT_imcy,2016,0.000846
PT,PTAT_imcy,2017,0.000861
PT,PTAT_imcy,2018,0.000861
PT,PTAT_imcy,2019,0.000895
PT,PTAT_imcy,2020,0.000909
PT,PTAT_imcy,average,0.000905
PT,PTAT_imigy,1995,0.000018
PT,PTAT_imigy,1996,0.000018
PT,PTAT_imigy,1997,0.000016
PT,PTAT_imigy,1998,0.000017
PT,PTAT_imigy,1999,0.000021
PT,PTAT_imigy,2000,0.000023
PT,PTAT_imigy,2001,0.000027
PT,PTAT_imigy,2002,0.000024
PT,PTAT_imigy,2003,0.000025
PT,PTAT_imigy,2004,0.000025
PT,PTAT_imigy,2005,0.000024
PT,PTAT_imigy,2006,0.000024
PT,PTAT_imigy,2007,0.000031
PT,PTAT_imigy,2008,0.000025
PT,PTAT_imigy,2009,0.000028
PT,PTAT_imigy,2010,0.000022
PT,PTAT_imigy,2011,0.000021
PT,PTAT_imigy,2012,0.000019
PT,PTAT_imigy,2013,0.000017
PT,PTAT_imigy,2014,0.000018
PT,PTAT_imigy,2015,0.000017
PT,PTAT_imigy,2016,0.000019
PT,PTAT_imigy,2017,0.000024
PT,PTAT_imigy,2018,0.000022
PT,PTAT_imigy,2019,0.000025
PT,PTAT_imigy,2020,0.000030
PT,PTAT_imigy,average,0.000023
PT,PTAT_imiy,1995,0.000518
PT,PTAT_imiy,1996,0.000516
PT,PTAT_imiy,1997,0.000458
PT,PTAT_imiy,1998,0.000509
PT,PTAT_imiy,1999,0.000649
PT,PTAT_imiy,2000,0.000706
PT,PTAT_imiy,2001,0.000781
PT,PTAT_imiy,2002,0.000680
PT,PTAT_imiy,2003,0.000688
PT,PTAT_imiy,2004,0.000679
PT,PTAT_imiy,2005,0.000638
PT,PTAT_imiy,2006,0.000636
PT,PTAT_imiy,2007,0.000762
PT,PTAT_imiy,2008,0.000599
PT,PTAT_imiy,2009,0.000665
PT,PTAT_imiy,2010,0.000541
PT,PTAT_imiy,2011,0.000441
PT,PTAT_imiy,2012,0.000376
PT,PTAT_imiy,2013,0.000414
PT,PTAT_imiy,2014,0.000440
PT,PTAT_imiy,2015,0.000452
PT,PTAT_imiy,2016,0.000485
PT,PTAT_imiy,2017,0.000654
PT,PTAT_imiy,2018,0.000561
PT,PTAT_imiy,2019,0.000629
PT,PTAT_imiy,2020,0.000636
PT,PTAT_imiy,average,0.000578
PT,PTBE_imcgy,1995,0.000360
PT,PTBE_imcgy,1996,0.000402
PT,PTBE_imcgy,1997,0.000380
PT,PTBE_imcgy,1998,0.000405
PT,PTBE_imcgy,1999,0.000372
PT,PTBE_imcgy,2000,0.000394
PT,PTBE_imcgy,2001,0.000441
PT,PTBE_imcgy,2002,0.000461
PT,PTBE_imcgy,2003,0.000498
PT,PTBE_imcgy,2004,0.000534
PT,PTBE_imcgy,2005,0.000470
PT,PTBE_imcgy,2006,0.000493
PT,PTBE_imcgy,2007,0.000552
PT,PTBE_imcgy,2008,0.000682
PT,PTBE_imcgy,2009,0.000641
PT,PTBE_imcgy,2010,0.000715
PT,PTBE_imcgy,2011,0.000694
PT,PTBE_imcgy,2012,0.000745
PT,PTBE_imcgy,2013,0.000709
PT,PTBE_imcgy,2014,0.000767
PT,PTBE_imcgy,2015,0.000738
PT,PTBE_imcgy,2016,0.000952
PT,PTBE_imcgy,2017,0.001019
PT,PTBE_imcgy,2018,0.001109
PT,PTBE_imcgy,2019,0.001017
PT,PTBE_imcgy,2020,0.001037
PT,PTBE_imcgy,average,0.000678
PT,PTBE_imcy,1995,0.003697
PT,PTBE_imcy,1996,0.003568
PT,PTBE_imcy,1997,0.003327
PT,PTBE_imcy,1998,0.003618
PT,PTBE_imcy,1999,0.003483
PT,PTBE_imcy,2000,0.003496
PT,PTBE_imcy,2001,0.003261
PT,PTBE_imcy,2002,0.003800
PT,PTBE_imcy,2003,0.003791
PT,PTBE_imcy,2004,0.003803
PT,PTBE_imcy,2005,0.003805
PT,PTBE_imcy,2006,0.003672
PT,PTBE_imcy,2007,0.003852
PT,PTBE_imcy,2008,0.003891
PT,PTBE_imcy,2009,0.003256
PT,PTBE_imcy,2010,0.003607
PT,PTBE_imcy,2011,0.003383
PT,PTBE_imcy,2012,0.003544
PT,PTBE_imcy,2013,0.003518
PT,PTBE_imcy,2014,0.003676
PT,PTBE_imcy,2015,0.003760
PT,PTBE_imcy,2016,0.003960
PT,PTBE_imcy,2017,0.004190
PT,PTBE_imcy,2018,0.004234
PT,PTBE_imcy,2019,0.004299
PT,PTBE_imcy,2020,0.003993
PT,PTBE_imcy,average,0.003737
PT,PTBE_imigy,1995,0.000059
PT,PTBE_imigy,1996,0.000059
PT,PTBE_imigy,1997,0.000061
PT,PTBE_imigy,1998,0.000067
PT,PTBE_imigy,1999,0.000064
PT,PTBE_imigy,2000,0.000068
PT,PTBE_imigy,2001,0.000067
PT,PTBE_imigy,2002,0.000064
PT,PTBE_imigy,2003,0.000058
PT,PTBE_imigy,2004,0.000055
PT,PTBE_imigy,2005,0.000064
PT,PTBE_imigy,2006,0.000059
PT,PTBE_imigy,2007,0.000063
PT,PTBE_imigy,2008,0.000065
PT,PTBE_imigy,2009,0.000054
PT,PTBE_imigy,2010,0.000055
PT,PTBE_imigy,2011,0.000056
PT,PTBE_imigy,2012,0.000052
PT,PTBE_imigy,2013,0.000042
PT,PTBE_imigy,2014,0.000047
PT,PTBE_imigy,2015,0.000042
PT,PTBE_imigy,2016,0.000044
PT,PTBE_imigy,2017,0.000047
PT,PTBE_imigy,2018,0.000053
PT,PTBE_imigy,2019,0.000059
PT,PTBE_imigy,2020,0.000063
PT,PTBE_imigy,average,0.000058
PT,PTBE_imiy,1995,0.001678
PT,PTBE_imiy,1996,0.001655
PT,PTBE_imiy,1997,0.001808
PT,PTBE_imiy,1998,0.002058
PT,PTBE_imiy,1999,0.001967
PT,PTBE_imiy,2000,0.002083
PT,PTBE_imiy,2001,0.001945
PT,PTBE_imiy,2002,0.001801
PT,PTBE_imiy,2003,0.001619
PT,PTBE_imiy,2004,0.001534
PT,PTBE_imiy,2005,0.001703
PT,PTBE_imiy,2006,0.001526
PT,PTBE_imiy,2007,0.001571
PT,PTBE_imiy,2008,0.001561
PT,PTBE_imiy,2009,0.001300
PT,PTBE_imiy,2010,0.001381
PT,PTBE_imiy,2011,0.001183
PT,PTBE_imiy,2012,0.001043
PT,PTBE_imiy,2013,0.001043
PT,PTBE_imiy,2014,0.001140
PT,PTBE_imiy,2015,0.001105
PT,PTBE_imiy,2016,0.001136
PT,PTBE_imiy,2017,0.001293
PT,PTBE_imiy,2018,0.001358
PT,PTBE_imiy,2019,0.001458
PT,PTBE_imiy,2020,0.001344
PT,PTBE_imiy,average,0.001453
PT,PTDE_imcgy,1995,0.001674
PT,PTDE_imcgy,1996,0.001585
PT,PTDE_imcgy,1997,0.001525
PT,PTDE_imcgy,1998,0.001534
PT,PTDE_imcgy,1999,0.001597
PT,PTDE_imcgy,2000,0.001645
PT,PTDE_imcgy,2001,0.001611
PT,PTDE_imcgy,2002,0.001656
PT,PTDE_imcgy,2003,0.001752
PT,PTDE_imcgy,2004,0.001922
PT,PTDE_imcgy,2005,0.001976
PT,PTDE_imcgy,2006,0.001936
PT,PTDE_imcgy,2007,0.001808
PT,PTDE_imcgy,2008,0.002063
PT,PTDE_imcgy,2009,0.002099
PT,PTDE_imcgy,2010,0.001934
PT,PTDE_imcgy,2011,0.001958
PT,PTDE_imcgy,2012,0.001947
PT,PTDE_imcgy,2013,0.001827
PT,PTDE_imcgy,2014,0.002086
PT,PTDE_imcgy,2015,0.001928
PT,PTDE_imcgy,2016,0.001996
PT,PTDE_imcgy,2017,0.002059
PT,PTDE_imcgy,2018,0.002214
PT,PTDE_imcgy,2019,0.002236
PT,PTDE_imcgy,2020,0.002706
PT,PTDE_imcgy,average,0.001945
PT,PTDE_imcy,1995,0.018075
PT,PTDE_imcy,1996,0.019042
PT,PTDE_imcy,1997,0.018954
PT,PTDE_imcy,1998,0.020255
PT,PTDE_imcy,1999,0.019737
PT,PTDE_imcy,2000,0.019142
PT,PTDE_imcy,2001,0.018397
PT,PTDE_imcy,2002,0.018729
PT,PTDE_imcy,2003,0.018143
PT,PTDE_imcy,2004,0.018837
PT,PTDE_imcy,2005,0.019356
PT,PTDE_imcy,2006,0.019410
PT,PTDE_imcy,2007,0.018849
PT,PTDE_imcy,2008,0.018790
PT,PTDE_imcy,2009,0.016779
PT,PTDE_imcy,2010,0.019375
PT,PTDE_imcy,2011,0.018233
PT,PTDE_imcy,2012,0.016387
PT,PTDE_imcy,2013,0.016341
PT,PTDE_imcy,2014,0.018974
PT,PTDE_imcy,2015,0.019677
PT,PTDE_imcy,2016,0.020580
PT,PTDE_imcy,2017,0.021577
PT,PTDE_imcy,2018,0.021056
PT,PTDE_imcy,2019,0.020014
PT,PTDE_imcy,2020,0.019457
PT,PTDE_imcy,average,0.018991
PT,PTDE_imigy,1995,0.000430
PT,PTDE_imigy,1996,0.000411
PT,PTDE_imigy,1997,0.000434
PT,PTDE_imigy,1998,0.000446
PT,PTDE_imigy,1999,0.000438
PT,PTDE_imigy,2000,0.000447
PT,PTDE_imigy,2001,0.000450
PT,PTDE_imigy,2002,0.000482
PT,PTDE_imigy,2003,0.000444
PT,PTDE_imigy,2004,0.000477
PT,PTDE_imigy,2005,0.000475
PT,PTDE_imigy,2006,0.000503
PT,PTDE_imigy,2007,0.000503
PT,PTDE_imigy,2008,0.000483
PT,PTDE_imigy,2009,0.000366
PT,PTDE_imigy,2010,0.000459
PT,PTDE_imigy,2011,0.000397
PT,PTDE_imigy,2012,0.000359
PT,PTDE_imigy,2013,0.000302
PT,PTDE_imigy,2014,0.000345
PT,PTDE_imigy,2015,0.000339
PT,PTDE_imigy,2016,0.000383
PT,PTDE_imigy,2017,0.000421
PT,PTDE_imigy,2018,0.000447
PT,PTDE_imigy,2019,0.000441
PT,PTDE_imigy,2020,0.000496
PT,PTDE_imigy,average,0.000438
PT,PTDE_imiy,1995,0.012288
PT,PTDE_imiy,1996,0.011605
PT,PTDE_imiy,1997,0.012785
PT,PTDE_imiy,1998,0.013764
PT,PTDE_imiy,1999,0.013449
PT,PTDE_imiy,2000,0.013678
PT,PTDE_imiy,2001,0.013102
PT,PTDE_imiy,2002,0.013454
PT,PTDE_imiy,2003,0.012427
PT,PTDE_imiy,2004,0.013200
PT,PTDE_imiy,2005,0.012695
PT,PTDE_imiy,2006,0.013088
PT,PTDE_imiy,2007,0.012466
PT,PTDE_imiy,2008,0.011662
PT,PTDE_imiy,2009,0.008840
PT,PTDE_imiy,2010,0.011480
PT,PTDE_imiy,2011,0.008434
PT,PTDE_imiy,2012,0.007155
PT,PTDE_imiy,2013,0.007470
PT,PTDE_imiy,2014,0.008396
PT,PTDE_imiy,2015,0.008948
PT,PTDE_imiy,2016,0.009970
PT,PTDE_imiy,2017,0.011471
PT,PTDE_imiy,2018,0.011480
PT,PTDE_imiy,2019,0.010950
PT,PTDE_imiy,2020,0.010632
PT,PTDE_imiy,average,0.011043
PT,PTES_imcgy,1995,0.002296
PT,PTES_imcgy,1996,0.002629
PT,PTES_imcgy,1997,0.002790
PT,PTES_imcgy,1998,0.002805
PT,PTES_imcgy,1999,0.002965
PT,PTES_imcgy,2000,0.003356
PT,PTES_imcgy,2001,0.003544
PT,PTES_imcgy,2002,0.003630
PT,PTES_imcgy,2003,0.003743
PT,PTES_imcgy,2004,0.003967
PT,PTES_imcgy,2005,0.004235
PT,PTES_imcgy,2006,0.004352
PT,PTES_imcgy,2007,0.004492
PT,PTES_imcgy,2008,0.004843
PT,PTES_imcgy,2009,0.005235
PT,PTES_imcgy,2010,0.005220
PT,PTES_imcgy,2011,0.005631
PT,PTES_imcgy,2012,0.005199
PT,PTES_imcgy,2013,0.004894
PT,PTES_imcgy,2014,0.005239
PT,PTES_imcgy,2015,0.005018
PT,PTES_imcgy,2016,0.005374
PT,PTES_imcgy,2017,0.005091
PT,PTES_imcgy,2018,0.005323
PT,PTES_imcgy,2019,0.005406
PT,PTES_imcgy,2020,0.006391
PT,PTES_imcgy,average,0.004609
PT,PTES_imcy,1995,0.038772
PT,PTES_imcy,1996,0.041722
PT,PTES_imcy,1997,0.043466
PT,PTES_imcy,1998,0.045840
PT,PTES_imcy,1999,0.046827
PT,PTES_imcy,2000,0.050216
PT,PTES_imcy,2001,0.051318
PT,PTES_imcy,2002,0.051816
PT,PTES_imcy,2003,0.053323
PT,PTES_imcy,2004,0.054256
PT,PTES_imcy,2005,0.054600
PT,PTES_imcy,2006,0.054482
PT,PTES_imcy,2007,0.055305
PT,PTES_imcy,2008,0.056945
PT,PTES_imcy,2009,0.054181
PT,PTES_imcy,2010,0.057815
PT,PTES_imcy,2011,0.060022
PT,PTES_imcy,2012,0.057652
PT,PTES_imcy,2013,0.058913
PT,PTES_imcy,2014,0.060197
PT,PTES_imcy,2015,0.059760
PT,PTES_imcy,2016,0.061428
PT,PTES_imcy,2017,0.060849
PT,PTES_imcy,2018,0.061037
PT,PTES_imcy,2019,0.060249
PT,PTES_imcy,2020,0.056500
PT,PTES_imcy,average,0.055417
PT,PTES_imigy,1995,0.000495
PT,PTES_imigy,1996,0.000598
PT,PTES_imigy,1997,0.000667
PT,PTES_imigy,1998,0.000673
PT,PTES_imigy,1999,0.000737
PT,PTES_imigy,2000,0.000805
PT,PTES_imigy,2001,0.000850
PT,PTES_imigy,2002,0.000823
PT,PTES_imigy,2003,0.000770
PT,PTES_imigy,2004,0.000807
PT,PTES_imigy,2005,0.000802
PT,PTES_imigy,2006,0.000836
PT,PTES_imigy,2007,0.000877
PT,PTES_imigy,2008,0.000889
PT,PTES_imigy,2009,0.000847
PT,PTES_imigy,2010,0.000833
PT,PTES_imigy,2011,0.000879
PT,PTES_imigy,2012,0.000770
PT,PTES_imigy,2013,0.000627
PT,PTES_imigy,2014,0.000649
PT,PTES_imigy,2015,0.000610
PT,PTES_imigy,2016,0.000670
PT,PTES_imigy,2017,0.000685
PT,PTES_imigy,2018,0.000784
PT,PTES_imigy,2019,0.000812
PT,PTES_imigy,2020,0.000958
PT,PTES_imigy,average,0.000782
PT,PTES_imiy,1995,0.014166
PT,PTES_imiy,1996,0.016869
PT,PTES_imiy,1997,0.019658
PT,PTES_imiy,1998,0.020760
PT,PTES_imiy,1999,0.022627
PT,PTES_imiy,2000,0.024608
PT,PTES_imiy,2001,0.024766
PT,PTES_imiy,2002,0.022999
PT,PTES_imiy,2003,0.021578
PT,PTES_imiy,2004,0.022336
PT,PTES_imiy,2005,0.021450
PT,PTES_imiy,2006,0.021743
PT,PTES_imiy,2007,0.021732
PT,PTES_imiy,2008,0.021461
PT,PTES_imiy,2009,0.020468
PT,PTES_imiy,2010,0.020816
PT,PTES_imiy,2011,0.018680
PT,PTES_imiy,2012,0.015351
PT,PTES_imiy,2013,0.015508
PT,PTES_imiy,2014,0.015815
PT,PTES_imiy,2015,0.016099
PT,PTES_imiy,2016,0.017451
PT,PTES_imiy,2017,0.018646
PT,PTES_imiy,2018,0.020116
PT,PTES_imiy,2019,0.020159
PT,PTES_imiy,2020,0.020547
PT,PTES_imiy,average,0.019728
PT,PTFI_imcgy,1995,0.000100
PT,PTFI_imcgy,1996,0.000095
PT,PTFI_imcgy,1997,0.000104
PT,PTFI_imcgy,1998,0.000119
PT,PTFI_imcgy,1999,0.000126
PT,PTFI_imcgy,2000,0.000121
PT,PTFI_imcgy,2001,0.000123
PT,PTFI_imcgy,2002,0.000115
PT,PTFI_imcgy,2003,0.000110
PT,PTFI_imcgy,2004,0.000100
PT,PTFI_imcgy,2005,0.000105
PT,PTFI_imcgy,2006,0.000072
PT,PTFI_imcgy,2007,0.000065
PT,PTFI_imcgy,2008,0.000083
PT,PTFI_imcgy,2009,0.000087
PT,PTFI_imcgy,2010,0.000035
PT,PTFI_imcgy,2011,0.000047
PT,PTFI_imcgy,2012,0.000039
PT,PTFI_imcgy,2013,0.000036
PT,PTFI_imcgy,2014,0.000039
PT,PTFI_imcgy,2015,0.000044
PT,PTFI_imcgy,2016,0.000042
PT,PTFI_imcgy,2017,0.000044
PT,PTFI_imcgy,2018,0.000042
PT,PTFI_imcgy,2019,0.000043
PT,PTFI_imcgy,2020,0.000052
PT,PTFI_imcgy,average,0.000070
PT,PTFI_imcy,1995,0.000856
PT,PTFI_imcy,1996,0.000751
PT,PTFI_imcy,1997,0.000859
PT,PTFI_imcy,1998,0.001089
PT,PTFI_imcy,1999,0.001065
PT,PTFI_imcy,2000,0.000864
PT,PTFI_imcy,2001,0.000882
PT,PTFI_imcy,2002,0.000897
PT,PTFI_imcy,2003,0.000906
PT,PTFI_imcy,2004,0.000766
PT,PTFI_imcy,2005,0.000829
PT,PTFI_imcy,2006,0.000532
PT,PTFI_imcy,2007,0.000610
PT,PTFI_imcy,2008,0.000761
PT,PTFI_imcy,2009,0.000603
PT,PTFI_imcy,2010,0.000270
PT,PTFI_imcy,2011,0.000336
PT,PTFI_imcy,2012,0.000284
PT,PTFI_imcy,2013,0.000282
PT,PTFI_imcy,2014,0.000300
PT,PTFI_imcy,2015,0.000348
PT,PTFI_imcy,2016,0.000346
PT,PTFI_imcy,2017,0.000378
PT,PTFI_imcy,2018,0.000346
PT,PTFI_imcy,2019,0.000370
PT,PTFI_imcy,2020,0.000328
PT,PTFI_imcy,average,0.000560
PT,PTFI_imigy,1995,0.000019
PT,PTFI_imigy,1996,0.000020
PT,PTFI_imigy,1997,0.000023
PT,PTFI_imigy,1998,0.000035
PT,PTFI_imigy,1999,0.000035
PT,PTFI_imigy,2000,0.000023
PT,PTFI_imigy,2001,0.000021
PT,PTFI_imigy,2002,0.000030
PT,PTFI_imigy,2003,0.000031
PT,PTFI_imigy,2004,0.000027
PT,PTFI_imigy,2005,0.000032
PT,PTFI_imigy,2006,0.000021
PT,PTFI_imigy,2007,0.000029
PT,PTFI_imigy,2008,0.000038
PT,PTFI_imigy,2009,0.000051
PT,PTFI_imigy,2010,0.000011
PT,PTFI_imigy,2011,0.000011
PT,PTFI_imigy,2012,0.000012
PT,PTFI_imigy,2013,0.000008
PT,PTFI_imigy,2014,0.000009
PT,PTFI_imigy,2015,0.000009
PT,PTFI_imigy,2016,0.000008
PT,PTFI_imigy,2017,0.000010
PT,PTFI_imigy,2018,0.000010
PT,PTFI_imigy,2019,0.000011
PT,PTFI_imigy,2020,0.000012
PT,PTFI_imigy,average,0.000021
PT,PTFI_imiy,1995,0.000542
PT,PTFI_imiy,1996,0.000551
PT,PTFI_imiy,1997,0.000672
PT,PTFI_imiy,1998,0.001087
PT,PTFI_imiy,1999,0.001074
PT,PTFI_imiy,2000,0.000693
PT,PTFI_imiy,2001,0.000619
PT,PTFI_imiy,2002,0.000846
PT,PTFI_imiy,2003,0.000871
PT,PTFI_imiy,2004,0.000741
PT,PTFI_imiy,2005,0.000865
PT,PTFI_imiy,2006,0.000541
PT,PTFI_imiy,2007,0.000719
PT,PTFI_imiy,2008,0.000915
PT,PTFI_imiy,2009,0.001231
PT,PTFI_imiy,2010,0.000273
PT,PTFI_imiy,2011,0.000239
PT,PTFI_imiy,2012,0.000245
PT,PTFI_imiy,2013,0.000204
PT,PTFI_imiy,2014,0.000224
PT,PTFI_imiy,2015,0.000226
PT,PTFI_imiy,2016,0.000221
PT,PTFI_imiy,2017,0.000270
PT,PTFI_imiy,2018,0.000267
PT,PTFI_imiy,2019,0.000276
PT,PTFI_imiy,2020,0.000260
PT,PTFI_imiy,average,0.000535
PT,PTFR_imcgy,1995,0.001477
PT,PTFR_imcgy,1996,0.001532
PT,PTFR_imcgy,1997,0.001529
PT,PTFR_imcgy,1998,0.001585
PT,PTFR_imcgy,1999,0.001574
PT,PTFR_imcgy,2000,0.001532
PT,PTFR_imcgy,2001,0.001460
PT,PTFR_imcgy,2002,0.001611
PT,PTFR_imcgy,2003,0.001604
PT,PTFR_imcgy,2004,0.001695
PT,PTFR_imcgy,2005,0.001720
PT,PTFR_imcgy,2006,0.001891
PT,PTFR_imcgy,2007,0.001706
PT,PTFR_imcgy,2008,0.001734
PT,PTFR_imcgy,2009,0.001710
PT,PTFR_imcgy,2010,0.001501
PT,PTFR_imcgy,2011,0.001589
PT,PTFR_imcgy,2012,0.001719
PT,PTFR_imcgy,2013,0.001640
PT,PTFR_imcgy,2014,0.001932
PT,PTFR_imcgy,2015,0.001775
PT,PTFR_imcgy,2016,0.001753
PT,PTFR_imcgy,2017,0.001572
PT,PTFR_imcgy,2018,0.001573
PT,PTFR_imcgy,2019,0.001627
PT,PTFR_imcgy,2020,0.002004
PT,PTFR_imcgy,average,0.001672
PT,PTFR_imcy,1995,0.020616
PT,PTFR_imcy,1996,0.019911
PT,PTFR_imcy,1997,0.019607
PT,PTFR_imcy,1998,0.020791
PT,PTFR_imcy,1999,0.021041
PT,PTFR_imcy,2000,0.020589
PT,PTFR_imcy,2001,0.019305
PT,PTFR_imcy,2002,0.018998
PT,PTFR_imcy,2003,0.017885
PT,PTFR_imcy,2004,0.018044
PT,PTFR_imcy,2005,0.018242
PT,PTFR_imcy,2006,0.017458
PT,PTFR_imcy,2007,0.016876
PT,PTFR_imcy,2008,0.017168
PT,PTFR_imcy,2009,0.014785
PT,PTFR_imcy,2010,0.014090
PT,PTFR_imcy,2011,0.014254
PT,PTFR_imcy,2012,0.014476
PT,PTFR_imcy,2013,0.015176
PT,PTFR_imcy,2014,0.016218
PT,PTFR_imcy,2015,0.016477
PT,PTFR_imcy,2016,0.016752
PT,PTFR_imcy,2017,0.016114
PT,PTFR_imcy,2018,0.016827
PT,PTFR_imcy,2019,0.017235
PT,PTFR_imcy,2020,0.015931
PT,PTFR_imcy,average,0.017041
PT,PTFR_imigy,1995,0.000282
PT,PTFR_imigy,1996,0.000286
PT,PTFR_imigy,1997,0.000300
PT,PTFR_imigy,1998,0.000322
PT,PTFR_imigy,1999,0.000347
PT,PTFR_imigy,2000,0.000337
PT,PTFR_imigy,2001,0.000314
PT,PTFR_imigy,2002,0.000288
PT,PTFR_imigy,2003,0.000247
PT,PTFR_imigy,2004,0.000254
PT,PTFR_imigy,2005,0.000248
PT,PTFR_imigy,2006,0.000246
PT,PTFR_imigy,2007,0.000258
PT,PTFR_imigy,2008,0.000295
PT,PTFR_imigy,2009,0.000231
PT,PTFR_imigy,2010,0.000201
PT,PTFR_imigy,2011,0.000201
PT,PTFR_imigy,2012,0.000195
PT,PTFR_imigy,2013,0.000170
PT,PTFR_imigy,2014,0.000193
PT,PTFR_imigy,2015,0.000195
PT,PTFR_imigy,2016,0.000207
PT,PTFR_imigy,2017,0.000215
PT,PTFR_imigy,2018,0.000260
PT,PTFR_imigy,2019,0.000284
PT,PTFR_imigy,2020,0.000288
PT,PTFR_imigy,average,0.000256
PT,PTFR_imiy,1995,0.008057
PT,PTFR_imiy,1996,0.008074
PT,PTFR_imiy,1997,0.008846
PT,PTFR_imiy,1998,0.009946
PT,PTFR_imiy,1999,0.010674
PT,PTFR_imiy,2000,0.010296
PT,PTFR_imiy,2001,0.009150
PT,PTFR_imiy,2002,0.008034
PT,PTFR_imiy,2003,0.006926
PT,PTFR_imiy,2004,0.007028
PT,PTFR_imiy,2005,0.006627
PT,PTFR_imiy,2006,0.006401
PT,PTFR_imiy,2007,0.006396
PT,PTFR_imiy,2008,0.007118
PT,PTFR_imiy,2009,0.005587
PT,PTFR_imiy,2010,0.005030
PT,PTFR_imiy,2011,0.004280
PT,PTFR_imiy,2012,0.003884
PT,PTFR_imiy,2013,0.004216
PT,PTFR_imiy,2014,0.004707
PT,PTFR_imiy,2015,0.005155
PT,PTFR_imiy,2016,0.005397
PT,PTFR_imiy,2017,0.005848
PT,PTFR_imiy,2018,0.006665
PT,PTFR_imiy,2019,0.007058
PT,PTFR_imiy,2020,0.006168
PT,PTFR_imiy,average,0.006459
PT,PTGR_imcgy,1995,0.000014
PT,PTGR_imcgy,1996,0.000016
PT,PTGR_imcgy,1997,0.000015
PT,PTGR_imcgy,1998,0.000015
PT,PTGR_imcgy,1999,0.000019
PT,PTGR_imcgy,2000,0.000024
PT,PTGR_imcgy,2001,0.000036
PT,PTGR_imcgy,2002,0.000029
PT,PTGR_imcgy,2003,0.000027
PT,PTGR_imcgy,2004,0.000029
PT,PTGR_imcgy,2005,0.000025
PT,PTGR_imcgy,2006,0.000035
PT,PTGR_imcgy,2007,0.000049
PT,PTGR_imcgy,2008,0.000046
PT,PTGR_imcgy,2009,0.000047
PT,PTGR_imcgy,2010,0.000055
PT,PTGR_imcgy,2011,0.000062
PT,PTGR_imcgy,2012,0.000046
PT,PTGR_imcgy,2013,0.000043
PT,PTGR_imcgy,2014,0.000036
PT,PTGR_imcgy,2015,0.000034
PT,PTGR_imcgy,2016,0.000037
PT,PTGR_imcgy,2017,0.000035
PT,PTGR_imcgy,2018,0.000040
PT,PTGR_imcgy,2019,0.000034
PT,PTGR_imcgy,2020,0.000040
PT,PTGR_imcgy,average,0.000037
PT,PTGR_imcy,1995,0.000340
PT,PTGR_imcy,1996,0.000355
PT,PTGR_imcy,1997,0.000284
PT,PTGR_imcy,1998,0.000262
PT,PTGR_imcy,1999,0.000302
PT,PTGR_imcy,2000,0.000414
PT,PTGR_imcy,2001,0.000533
PT,PTGR_imcy,2002,0.000488
PT,PTGR_imcy,2003,0.000470
PT,PTGR_imcy,2004,0.000473
PT,PTGR_imcy,2005,0.000452
PT,PTGR_imcy,2006,0.000403
PT,PTGR_imcy,2007,0.000496
PT,PTGR_imcy,2008,0.000505
PT,PTGR_imcy,2009,0.000379
PT,PTGR_imcy,2010,0.000380
PT,PTGR_imcy,2011,0.000372
PT,PTGR_imcy,2012,0.000353
PT,PTGR_imcy,2013,0.000397
PT,PTGR_imcy,2014,0.000359
PT,PTGR_imcy,2015,0.000398
PT,PTGR_imcy,2016,0.000416
PT,PTGR_imcy,2017,0.000459
PT,PTGR_imcy,2018,0.000476
PT,PTGR_imcy,2019,0.000430
PT,PTGR_imcy,2020,0.000332
PT,PTGR_imcy,average,0.000410
PT,PTGR_imigy,1995,0.000002
PT,PTGR_imigy,1996,0.000002
PT,PTGR_imigy,1997,0.000002
PT,PTGR_imigy,1998,0.000003
PT,PTGR_imigy,1999,0.000003
PT,PTGR_imigy,2000,0.000005
PT,PTGR_imigy,2001,0.000005
PT,PTGR_imigy,2002,0.000005
PT,PTGR_imigy,2003,0.000003
PT,PTGR_imigy,2004,0.000003
PT,PTGR_imigy,2005,0.000003
PT,PTGR_imigy,2006,0.000003
PT,PTGR_imigy,2007,0.000003
PT,PTGR_imigy,2008,0.000004
PT,PTGR_imigy,2009,0.000004
PT,PTGR_imigy,2010,0.000003
PT,PTGR_imigy,2011,0.000003
PT,PTGR_imigy,2012,0.000003
PT,PTGR_imigy,2013,0.000003
PT,PTGR_imigy,2014,0.000003
PT,PTGR_imigy,2015,0.000003
PT,PTGR_imigy,2016,0.000003
PT,PTGR_imigy,2017,0.000002
PT,PTGR_imigy,2018,0.000003
PT,PTGR_imigy,2019,0.000003
PT,PTGR_imigy,2020,0.000003
PT,PTGR_imigy,average,0.000003
PT,PTGR_imiy,1995,0.000063
PT,PTGR_imiy,1996,0.000055
PT,PTGR_imiy,1997,0.000051
PT,PTGR_imiy,1998,0.000082
PT,PTGR_imiy,1999,0.000083
PT,PTGR_imiy,2000,0.000160
PT,PTGR_imiy,2001,0.000140
PT,PTGR_imiy,2002,0.000150
PT,PTGR_imiy,2003,0.000082
PT,PTGR_imiy,2004,0.000075
PT,PTGR_imiy,2005,0.000069
PT,PTGR_imiy,2006,0.000075
PT,PTGR_imiy,2007,0.000086
PT,PTGR_imiy,2008,0.000091
PT,PTGR_imiy,2009,0.000102
PT,PTGR_imiy,2010,0.000087
PT,PTGR_imiy,2011,0.000072
PT,PTGR_imiy,2012,0.000057
PT,PTGR_imiy,2013,0.000065
PT,PTGR_imiy,2014,0.000063
PT,PTGR_imiy,2015,0.000070
PT,PTGR_imiy,2016,0.000075
PT,PTGR_imiy,2017,0.000062
PT,PTGR_imiy,2018,0.000078
PT,PTGR_imiy,2019,0.000070
PT,PTGR_imiy,2020,0.000066
PT,PTGR_imiy,average,0.000080
PT,PTIT_imcgy,1995,0.000932
PT,PTIT_imcgy,1996,0.000962
PT,PTIT_imcgy,1997,0.000968
PT,PTIT_imcgy,1998,0.000899
PT,PTIT_imcgy,1999,0.000848
PT,PTIT_imcgy,2000,0.000803
PT,PTIT_imcgy,2001,0.000909
PT,PTIT_imcgy,2002,0.000927
PT,PTIT_imcgy,2003,0.000977
PT,PTIT_imcgy,2004,0.000970
PT,PTIT_imcgy,2005,0.000918
PT,PTIT_imcgy,2006,0.001002
PT,PTIT_imcgy,2007,0.000849
PT,PTIT_imcgy,2008,0.000890
PT,PTIT_imcgy,2009,0.000883
PT,PTIT_imcgy,2010,0.001014
PT,PTIT_imcgy,2011,0.001087
PT,PTIT_imcgy,2012,0.000967
PT,PTIT_imcgy,2013,0.000859
PT,PTIT_imcgy,2014,0.000970
PT,PTIT_imcgy,2015,0.000854
PT,PTIT_imcgy,2016,0.000801
PT,PTIT_imcgy,2017,0.000803
PT,PTIT_imcgy,2018,0.000848
PT,PTIT_imcgy,2019,0.000863
PT,PTIT_imcgy,2020,0.001110
PT,PTIT_imcgy,average,0.000922
PT,PTIT_imcy,1995,0.013058
PT,PTIT_imcy,1996,0.013052
PT,PTIT_imcy,1997,0.012439
PT,PTIT_imcy,1998,0.012546
PT,PTIT_imcy,1999,0.012118
PT,PTIT_imcy,2000,0.012058
PT,PTIT_imcy,2001,0.010960
PT,PTIT_imcy,2002,0.010743
PT,PTIT_imcy,2003,0.010254
PT,PTIT_imcy,2004,0.010193
PT,PTIT_imcy,2005,0.009273
PT,PTIT_imcy,2006,0.009970
PT,PTIT_imcy,2007,0.009335
PT,PTIT_imcy,2008,0.009420
PT,PTIT_imcy,2009,0.008252
PT,PTIT_imcy,2010,0.008709
PT,PTIT_imcy,2011,0.008984
PT,PTIT_imcy,2012,0.007724
PT,PTIT_imcy,2013,0.008002
PT,PTIT_imcy,2014,0.008164
PT,PTIT_imcy,2015,0.008563
PT,PTIT_imcy,2016,0.008527
PT,PTIT_imcy,2017,0.008601
PT,PTIT_imcy,2018,0.008389
PT,PTIT_imcy,2019,0.008268
PT,PTIT_imcy,2020,0.008461
PT,PTIT_imcy,average,0.009474
PT,PTIT_imigy,1995,0.000283
PT,PTIT_imigy,1996,0.000298
PT,PTIT_imigy,1997,0.000302
PT,PTIT_imigy,1998,0.000298
PT,PTIT_imigy,1999,0.000300
PT,PTIT_imigy,2000,0.000289
PT,PTIT_imigy,2001,0.000277
PT,PTIT_imigy,2002,0.000245
PT,PTIT_imigy,2003,0.000219
PT,PTIT_imigy,2004,0.000223
PT,PTIT_imigy,2005,0.000199
PT,PTIT_imigy,2006,0.000221
PT,PTIT_imigy,2007,0.000206
PT,PTIT_imigy,2008,0.000213
PT,PTIT_imigy,2009,0.000191
PT,PTIT_imigy,2010,0.000186
PT,PTIT_imigy,2011,0.000201
PT,PTIT_imigy,2012,0.000167
PT,PTIT_imigy,2013,0.000145
PT,PTIT_imigy,2014,0.000150
PT,PTIT_imigy,2015,0.000151
PT,PTIT_imigy,2016,0.000166
PT,PTIT_imigy,2017,0.000172
PT,PTIT_imigy,2018,0.000184
PT,PTIT_imigy,2019,0.000186
PT,PTIT_imigy,2020,0.000226
PT,PTIT_imigy,average,0.000216
PT,PTIT_imiy,1995,0.008090
PT,PTIT_imiy,1996,0.008425
PT,PTIT_imiy,1997,0.008905
PT,PTIT_imiy,1998,0.009207
PT,PTIT_imiy,1999,0.009216
PT,PTIT_imiy,2000,0.008844
PT,PTIT_imiy,2001,0.008058
PT,PTIT_imiy,2002,0.006836
PT,PTIT_imiy,2003,0.006148
PT,PTIT_imiy,2004,0.006177
PT,PTIT_imiy,2005,0.005311
PT,PTIT_imiy,2006,0.005752
PT,PTIT_imiy,2007,0.005103
PT,PTIT_imiy,2008,0.005140
PT,PTIT_imiy,2009,0.004613
PT,PTIT_imiy,2010,0.004636
PT,PTIT_imiy,2011,0.004267
PT,PTIT_imiy,2012,0.003321
PT,PTIT_imiy,2013,0.003586
PT,PTIT_imiy,2014,0.003661
PT,PTIT_imiy,2015,0.003994
PT,PTIT_imiy,2016,0.004325
PT,PTIT_imiy,2017,0.004682
PT,PTIT_imiy,2018,0.004717
PT,PTIT_imiy,2019,0.004607
PT,PTIT_imiy,2020,0.004846
PT,PTIT_imiy,average,0.005438
PT,PTNL_imcgy,1995,0.000703
PT,PTNL_imcgy,1996,0.000648
PT,PTNL_imcgy,1997,0.000564
PT,PTNL_imcgy,1998,0.000580
PT,PTNL_imcgy,1999,0.000606
PT,PTNL_imcgy,2000,0.000640
PT,PTNL_imcgy,2001,0.000597
PT,PTNL_imcgy,2002,0.000568
PT,PTNL_imcgy,2003,0.000632
PT,PTNL_imcgy,2004,0.000697
PT,PTNL_imcgy,2005,0.000618
PT,PTNL_imcgy,2006,0.000617
PT,PTNL_imcgy,2007,0.000609
PT,PTNL_imcgy,2008,0.000664
PT,PTNL_imcgy,2009,0.000717
PT,PTNL_imcgy,2010,0.000657
PT,PTNL_imcgy,2011,0.000658
PT,PTNL_imcgy,2012,0.000697
PT,PTNL_imcgy,2013,0.000663
PT,PTNL_imcgy,2014,0.000740
PT,PTNL_imcgy,2015,0.000758
PT,PTNL_imcgy,2016,0.000762
PT,PTNL_imcgy,2017,0.000786
PT,PTNL_imcgy,2018,0.000897
PT,PTNL_imcgy,2019,0.000879
PT,PTNL_imcgy,2020,0.001100
PT,PTNL_imcgy,average,0.000707
PT,PTNL_imcy,1995,0.006628
PT,PTNL_imcy,1996,0.005950
PT,PTNL_imcy,1997,0.006108
PT,PTNL_imcy,1998,0.006079
PT,PTNL_imcy,1999,0.006113
PT,PTNL_imcy,2000,0.006129
PT,PTNL_imcy,2001,0.005671
PT,PTNL_imcy,2002,0.005706
PT,PTNL_imcy,2003,0.006158
PT,PTNL_imcy,2004,0.006117
PT,PTNL_imcy,2005,0.005718
PT,PTNL_imcy,2006,0.005830
PT,PTNL_imcy,2007,0.005661
PT,PTNL_imcy,2008,0.005645
PT,PTNL_imcy,2009,0.005626
PT,PTNL_imcy,2010,0.005632
PT,PTNL_imcy,2011,0.005849
PT,PTNL_imcy,2012,0.005983
PT,PTNL_imcy,2013,0.005997
PT,PTNL_imcy,2014,0.006548
PT,PTNL_imcy,2015,0.006868
PT,PTNL_imcy,2016,0.006763
PT,PTNL_imcy,2017,0.007185
PT,PTNL_imcy,2018,0.007411
PT,PTNL_imcy,2019,0.007273
PT,PTNL_imcy,2020,0.007280
PT,PTNL_imcy,average,0.006244
PT,PTNL_imigy,1995,0.000101
PT,PTNL_imigy,1996,0.000095
PT,PTNL_imigy,1997,0.000105
PT,PTNL_imigy,1998,0.000100
PT,PTNL_imigy,1999,0.000105
PT,PTNL_imigy,2000,0.000102
PT,PTNL_imigy,2001,0.000101
PT,PTNL_imigy,2002,0.000092
PT,PTNL_imigy,2003,0.000092
PT,PTNL_imigy,2004,0.000096
PT,PTNL_imigy,2005,0.000097
PT,PTNL_imigy,2006,0.000103
PT,PTNL_imigy,2007,0.000105
PT,PTNL_imigy,2008,0.000115
PT,PTNL_imigy,2009,0.000156
PT,PTNL_imigy,2010,0.000101
PT,PTNL_imigy,2011,0.000097
PT,PTNL_imigy,2012,0.000087
PT,PTNL_imigy,2013,0.000075
PT,PTNL_imigy,2014,0.000093
PT,PTNL_imigy,2015,0.000085
PT,PTNL_imigy,2016,0.000087
PT,PTNL_imigy,2017,0.000097
PT,PTNL_imigy,2018,0.000107
PT,PTNL_imigy,2019,0.000108
PT,PTNL_imigy,2020,0.000128
PT,PTNL_imigy,average,0.000104
PT,PTNL_imiy,1995,0.002901
PT,PTNL_imiy,1996,0.002683
PT,PTNL_imiy,1997,0.003108
PT,PTNL_imiy,1998,0.003098
PT,PTNL_imiy,1999,0.003235
PT,PTNL_imiy,2000,0.003131
PT,PTNL_imiy,2001,0.002939
PT,PTNL_imiy,2002,0.002559
PT,PTNL_imiy,2003,0.002575
PT,PTNL_imiy,2004,0.002661
PT,PTNL_imiy,2005,0.002595
PT,PTNL_imiy,2006,0.002675
PT,PTNL_imiy,2007,0.002591
PT,PTNL_imiy,2008,0.002784
PT,PTNL_imiy,2009,0.003776
PT,PTNL_imiy,2010,0.002517
PT,PTNL_imiy,2011,0.002057
PT,PTNL_imiy,2012,0.001726
PT,PTNL_imiy,2013,0.001850
PT,PTNL_imiy,2014,0.002255
PT,PTNL_imiy,2015,0.002245
PT,PTNL_imiy,2016,0.002270
PT,PTNL_imiy,2017,0.002644
PT,PTNL_imiy,2018,0.002752
PT,PTNL_imiy,2019,0.002685
PT,PTNL_imiy,2020,0.002753
PT,PTNL_imiy,average,0.002617
PT,PTRA_imcgy,1995,0.000245
PT,PTRA_imcgy,1996,0.000239
PT,PTRA_imcgy,1997,0.000291
PT,PTRA_imcgy,1998,0.000431
PT,PTRA_imcgy,1999,0.000536
PT,PTRA_imcgy,2000,0.000505
PT,PTRA_imcgy,2001,0.000500
PT,PTRA_imcgy,2002,0.000472
PT,PTRA_imcgy,2003,0.000703
PT,PTRA_imcgy,2004,0.000831
PT,PTRA_imcgy,2005,0.000921
PT,PTRA_imcgy,2006,0.000866
PT,PTRA_imcgy,2007,0.000889
PT,PTRA_imcgy,2008,0.000893
PT,PTRA_imcgy,2009,0.001026
PT,PTRA_imcgy,2010,0.001230
PT,PTRA_imcgy,2011,0.001022
PT,PTRA_imcgy,2012,0.001027
PT,PTRA_imcgy,2013,0.001253
PT,PTRA_imcgy,2014,0.001370
PT,PTRA_imcgy,2015,0.001532
PT,PTRA_imcgy,2016,0.001442
PT,PTRA_imcgy,2017,0.001050
PT,PTRA_imcgy,2018,0.001123
PT,PTRA_imcgy,2019,0.001040
PT,PTRA_imcgy,2020,0.001465
PT,PTRA_imcgy,average,0.000955
PT,PTRA_imcy,1995,0.001315
PT,PTRA_imcy,1996,0.001382
PT,PTRA_imcy,1997,0.001625
PT,PTRA_imcy,1998,0.001944
PT,PTRA_imcy,1999,0.001957
PT,PTRA_imcy,2000,0.002147
PT,PTRA_imcy,2001,0.002121
PT,PTRA_imcy,2002,0.002079
PT,PTRA_imcy,2003,0.003181
PT,PTRA_imcy,2004,0.003318
PT,PTRA_imcy,2005,0.003546
PT,PTRA_imcy,2006,0.003529
PT,PTRA_imcy,2007,0.003577
PT,PTRA_imcy,2008,0.003623
PT,PTRA_imcy,2009,0.003844
PT,PTRA_imcy,2010,0.004477
PT,PTRA_imcy,2011,0.004048
PT,PTRA_imcy,2012,0.003934
PT,PTRA_imcy,2013,0.004225
PT,PTRA_imcy,2014,0.004776
PT,PTRA_imcy,2015,0.005397
PT,PTRA_imcy,2016,0.005444
PT,PTRA_imcy,2017,0.005210
PT,PTRA_imcy,2018,0.005209
PT,PTRA_imcy,2019,0.005440
PT,PTRA_imcy,2020,0.005806
PT,PTRA_imcy,average,0.003859
PT,PTRA_imigy,1995,0.000022
PT,PTRA_imigy,1996,0.000023
PT,PTRA_imigy,1997,0.000029
PT,PTRA_imigy,1998,0.000031
PT,PTRA_imigy,1999,0.000032
PT,PTRA_imigy,2000,0.000031
PT,PTRA_imigy,2001,0.000039
PT,PTRA_imigy,2002,0.000031
PT,PTRA_imigy,2003,0.000047
PT,PTRA_imigy,2004,0.000043
PT,PTRA_imigy,2005,0.000050
PT,PTRA_imigy,2006,0.000057
PT,PTRA_imigy,2007,0.000061
PT,PTRA_imigy,2008,0.000067
PT,PTRA_imigy,2009,0.000063
PT,PTRA_imigy,2010,0.000058
PT,PTRA_imigy,2011,0.000062
PT,PTRA_imigy,2012,0.000062
PT,PTRA_imigy,2013,0.000056
PT,PTRA_imigy,2014,0.000067
PT,PTRA_imigy,2015,0.000069
PT,PTRA_imigy,2016,0.000070
PT,PTRA_imigy,2017,0.000078
PT,PTRA_imigy,2018,0.000086
PT,PTRA_imigy,2019,0.000095
PT,PTRA_imigy,2020,0.000124
PT,PTRA_imigy,average,0.000060
PT,PTRA_imiy,1995,0.000633
PT,PTRA_imiy,1996,0.000655
PT,PTRA_imiy,1997,0.000868
PT,PTRA_imiy,1998,0.000951
PT,PTRA_imiy,1999,0.000978
PT,PTRA_imiy,2000,0.000961
PT,PTRA_imiy,2001,0.001146
PT,PTRA_imiy,2002,0.000859
PT,PTRA_imiy,2003,0.001310
PT,PTRA_imiy,2004,0.001198
PT,PTRA_imiy,2005,0.001340
PT,PTRA_imiy,2006,0.001487
PT,PTRA_imiy,2007,0.001521
PT,PTRA_imiy,2008,0.001607
PT,PTRA_imiy,2009,0.001512
PT,PTRA_imiy,2010,0.001453
PT,PTRA_imiy,2011,0.001321
PT,PTRA_imiy,2012,0.001245
PT,PTRA_imiy,2013,0.001390
PT,PTRA_imiy,2014,0.001628
PT,PTRA_imiy,2015,0.001831
PT,PTRA_imiy,2016,0.001829
PT,PTRA_imiy,2017,0.002113
PT,PTRA_imiy,2018,0.002217
PT,PTRA_imiy,2019,0.002362
PT,PTRA_imiy,2020,0.002651
PT,PTRA_imiy,average,0.001515
PT,PTRU_imcgy,1995,0.000427
PT,PTRU_imcgy,1996,0.000416
PT,PTRU_imcgy,1997,0.000403
PT,PTRU_imcgy,1998,0.000430
PT,PTRU_imcgy,1999,0.000364
PT,PTRU_imcgy,2000,0.000459
PT,PTRU_imcgy,2001,0.000369
PT,PTRU_imcgy,2002,0.000413
PT,PTRU_imcgy,2003,0.000383
PT,PTRU_imcgy,2004,0.000493
PT,PTRU_imcgy,2005,0.000553
PT,PTRU_imcgy,2006,0.000534
PT,PTRU_imcgy,2007,0.000563
PT,PTRU_imcgy,2008,0.000717
PT,PTRU_imcgy,2009,0.000714
PT,PTRU_imcgy,2010,0.000802
PT,PTRU_imcgy,2011,0.000747
PT,PTRU_imcgy,2012,0.000733
PT,PTRU_imcgy,2013,0.000730
PT,PTRU_imcgy,2014,0.000831
PT,PTRU_imcgy,2015,0.000784
PT,PTRU_imcgy,2016,0.000808
PT,PTRU_imcgy,2017,0.000813
PT,PTRU_imcgy,2018,0.000952
PT,PTRU_imcgy,2019,0.001058
PT,PTRU_imcgy,2020,0.001654
PT,PTRU_imcgy,average,0.000704
PT,PTRU_imcy,1995,0.004054
PT,PTRU_imcy,1996,0.003716
PT,PTRU_imcy,1997,0.003478
PT,PTRU_imcy,1998,0.004470
PT,PTRU_imcy,1999,0.004284
PT,PTRU_imcy,2000,0.005107
PT,PTRU_imcy,2001,0.004899
PT,PTRU_imcy,2002,0.005471
PT,PTRU_imcy,2003,0.004911
PT,PTRU_imcy,2004,0.005695
PT,PTRU_imcy,2005,0.005619
PT,PTRU_imcy,2006,0.005553
PT,PTRU_imcy,2007,0.005349
PT,PTRU_imcy,2008,0.006258
PT,PTRU_imcy,2009,0.005688
PT,PTRU_imcy,2010,0.006439
PT,PTRU_imcy,2011,0.006635
PT,PTRU_imcy,2012,0.006714
PT,PTRU_imcy,2013,0.006598
PT,PTRU_imcy,2014,0.007100
PT,PTRU_imcy,2015,0.007476
PT,PTRU_imcy,2016,0.007788
PT,PTRU_imcy,2017,0.007902
PT,PTRU_imcy,2018,0.007938
PT,PTRU_imcy,2019,0.008567
PT,PTRU_imcy,2020,0.009534
PT,PTRU_imcy,average,0.006313
PT,PTRU_imigy,1995,0.000066
PT,PTRU_imigy,1996,0.000069
PT,PTRU_imigy,1997,0.000071
PT,PTRU_imigy,1998,0.000112
PT,PTRU_imigy,1999,0.000100
PT,PTRU_imigy,2000,0.000109
PT,PTRU_imigy,2001,0.000102
PT,PTRU_imigy,2002,0.000107
PT,PTRU_imigy,2003,0.000094
PT,PTRU_imigy,2004,0.000103
PT,PTRU_imigy,2005,0.000110
PT,PTRU_imigy,2006,0.000114
PT,PTRU_imigy,2007,0.000116
PT,PTRU_imigy,2008,0.000161
PT,PTRU_imigy,2009,0.000122
PT,PTRU_imigy,2010,0.000111
PT,PTRU_imigy,2011,0.000125
PT,PTRU_imigy,2012,0.000106
PT,PTRU_imigy,2013,0.000086
PT,PTRU_imigy,2014,0.000099
PT,PTRU_imigy,2015,0.000096
PT,PTRU_imigy,2016,0.000109
PT,PTRU_imigy,2017,0.000109
PT,PTRU_imigy,2018,0.000126
PT,PTRU_imigy,2019,0.000141
PT,PTRU_imigy,2020,0.000165
PT,PTRU_imigy,average,0.000113
PT,PTRU_imiy,1995,0.001887
PT,PTRU_imiy,1996,0.001938
PT,PTRU_imiy,1997,0.002104
PT,PTRU_imiy,1998,0.003466
PT,PTRU_imiy,1999,0.003078
PT,PTRU_imiy,2000,0.003344
PT,PTRU_imiy,2001,0.002978
PT,PTRU_imiy,2002,0.002982
PT,PTRU_imiy,2003,0.002622
PT,PTRU_imiy,2004,0.002842
PT,PTRU_imiy,2005,0.002952
PT,PTRU_imiy,2006,0.002953
PT,PTRU_imiy,2007,0.002878
PT,PTRU_imiy,2008,0.003883
PT,PTRU_imiy,2009,0.002946
PT,PTRU_imiy,2010,0.002784
PT,PTRU_imiy,2011,0.002654
PT,PTRU_imiy,2012,0.002118
PT,PTRU_imiy,2013,0.002138
PT,PTRU_imiy,2014,0.002414
PT,PTRU_imiy,2015,0.002528
PT,PTRU_imiy,2016,0.002839
PT,PTRU_imiy,2017,0.002957
PT,PTRU_imiy,2018,0.003247
PT,PTRU_imiy,2019,0.003490
PT,PTRU_imiy,2020,0.003535
PT,PTRU_imiy,average,0.002862
PT,PTRW_imcgy,1995,0.004901
PT,PTRW_imcgy,1996,0.005155
PT,PTRW_imcgy,1997,0.004982
PT,PTRW_imcgy,1998,0.004774
PT,PTRW_imcgy,1999,0.005256
PT,PTRW_imcgy,2000,0.005821
PT,PTRW_imcgy,2001,0.005909
PT,PTRW_imcgy,2002,0.005735
PT,PTRW_imcgy,2003,0.005742
PT,PTRW_imcgy,2004,0.006454
PT,PTRW_imcgy,2005,0.007016
PT,PTRW_imcgy,2006,0.007747
PT,PTRW_imcgy,2007,0.007617
PT,PTRW_imcgy,2008,0.007610
PT,PTRW_imcgy,2009,0.006617
PT,PTRW_imcgy,2010,0.006846
PT,PTRW_imcgy,2011,0.007176
PT,PTRW_imcgy,2012,0.007179
PT,PTRW_imcgy,2013,0.006524
PT,PTRW_imcgy,2014,0.006986
PT,PTRW_imcgy,2015,0.006011
PT,PTRW_imcgy,2016,0.006017
PT,PTRW_imcgy,2017,0.005677
PT,PTRW_imcgy,2018,0.006083
PT,PTRW_imcgy,2019,0.005853
PT,PTRW_imcgy,2020,0.007075
PT,PTRW_imcgy,average,0.006431
PT,PTRW_imcy,1995,0.049663
PT,PTRW_imcy,1996,0.050984
PT,PTRW_imcy,1997,0.051455
PT,PTRW_imcy,1998,0.050598
PT,PTRW_imcy,1999,0.052329
PT,PTRW_imcy,2000,0.055806
PT,PTRW_imcy,2001,0.050672
PT,PTRW_imcy,2002,0.046915
PT,PTRW_imcy,2003,0.044943
PT,PTRW_imcy,2004,0.048040
PT,PTRW_imcy,2005,0.053757
PT,PTRW_imcy,2006,0.057675
PT,PTRW_imcy,2007,0.058235
PT,PTRW_imcy,2008,0.060901
PT,PTRW_imcy,2009,0.049853
PT,PTRW_imcy,2010,0.057435
PT,PTRW_imcy,2011,0.059362
PT,PTRW_imcy,2012,0.062234
PT,PTRW_imcy,2013,0.059676
PT,PTRW_imcy,2014,0.057386
PT,PTRW_imcy,2015,0.054520
PT,PTRW_imcy,2016,0.052382
PT,PTRW_imcy,2017,0.055320
PT,PTRW_imcy,2018,0.055303
PT,PTRW_imcy,2019,0.055328
PT,PTRW_imcy,2020,0.048532
PT,PTRW_imcy,average,0.054468
PT,PTRW_imigy,1995,0.000624
PT,PTRW_imigy,1996,0.000624
PT,PTRW_imigy,1997,0.000683
PT,PTRW_imigy,1998,0.000651
PT,PTRW_imigy,1999,0.000676
PT,PTRW_imigy,2000,0.000724
PT,PTRW_imigy,2001,0.000666
PT,PTRW_imigy,2002,0.000621
PT,PTRW_imigy,2003,0.000567
PT,PTRW_imigy,2004,0.000600
PT,PTRW_imigy,2005,0.000651
PT,PTRW_imigy,2006,0.000699
PT,PTRW_imigy,2007,0.000688
PT,PTRW_imigy,2008,0.000744
PT,PTRW_imigy,2009,0.000548
PT,PTRW_imigy,2010,0.000610
PT,PTRW_imigy,2011,0.000601
PT,PTRW_imigy,2012,0.000567
PT,PTRW_imigy,2013,0.000447
PT,PTRW_imigy,2014,0.000464
PT,PTRW_imigy,2015,0.000436
PT,PTRW_imigy,2016,0.000441
PT,PTRW_imigy,2017,0.000475
PT,PTRW_imigy,2018,0.000526
PT,PTRW_imigy,2019,0.000578
PT,PTRW_imigy,2020,0.000705
PT,PTRW_imigy,average,0.000607
PT,PTRW_imiy,1995,0.017828
PT,PTRW_imiy,1996,0.017625
PT,PTRW_imiy,1997,0.020125
PT,PTRW_imiy,1998,0.020100
PT,PTRW_imiy,1999,0.020774
PT,PTRW_imiy,2000,0.022144
PT,PTRW_imiy,2001,0.019420
PT,PTRW_imiy,2002,0.017361
PT,PTRW_imiy,2003,0.015884
PT,PTRW_imiy,2004,0.016594
PT,PTRW_imiy,2005,0.017405
PT,PTRW_imiy,2006,0.018182
PT,PTRW_imiy,2007,0.017035
PT,PTRW_imiy,2008,0.017961
PT,PTRW_imiy,2009,0.013248
PT,PTRW_imiy,2010,0.015236
PT,PTRW_imiy,2011,0.012767
PT,PTRW_imiy,2012,0.011311
PT,PTRW_imiy,2013,0.011056
PT,PTRW_imiy,2014,0.011302
PT,PTRW_imiy,2015,0.011502
PT,PTRW_imiy,2016,0.011469
PT,PTRW_imiy,2017,0.012935
PT,PTRW_imiy,2018,0.013503
PT,PTRW_imiy,2019,0.014346
PT,PTRW_imiy,2020,0.015120
PT,PTRW_imiy,average,0.015299
PT,PTUS_imcgy,1995,0.000950
PT,PTUS_imcgy,1996,0.000728
PT,PTUS_imcgy,1997,0.000747
PT,PTUS_imcgy,1998,0.000833
PT,PTUS_imcgy,1999,0.000915
PT,PTUS_imcgy,2000,0.000907
PT,PTUS_imcgy,2001,0.000977
PT,PTUS_imcgy,2002,0.000644
PT,PTUS_imcgy,2003,0.000508
PT,PTUS_imcgy,2004,0.000525
PT,PTUS_imcgy,2005,0.000515
PT,PTUS_imcgy,2006,0.000633
PT,PTUS_imcgy,2007,0.000649
PT,PTUS_imcgy,2008,0.000614
PT,PTUS_imcgy,2009,0.000661
PT,PTUS_imcgy,2010,0.000633
PT,PTUS_imcgy,2011,0.000682
PT,PTUS_imcgy,2012,0.000633
PT,PTUS_imcgy,2013,0.000542
PT,PTUS_imcgy,2014,0.000634
PT,PTUS_imcgy,2015,0.000602
PT,PTUS_imcgy,2016,0.000586
PT,PTUS_imcgy,2017,0.000566
PT,PTUS_imcgy,2018,0.000586
PT,PTUS_imcgy,2019,0.000641
PT,PTUS_imcgy,2020,0.000733
PT,PTUS_imcgy,average,0.000657
PT,PTUS_imcy,1995,0.007939
PT,PTUS_imcy,1996,0.007005
PT,PTUS_imcy,1997,0.007292
PT,PTUS_imcy,1998,0.006745
PT,PTUS_imcy,1999,0.006792
PT,PTUS_imcy,2000,0.007874
PT,PTUS_imcy,2001,0.007800
PT,PTUS_imcy,2002,0.005659
PT,PTUS_imcy,2003,0.004684
PT,PTUS_imcy,2004,0.004428
PT,PTUS_imcy,2005,0.004186
PT,PTUS_imcy,2006,0.004762
PT,PTUS_imcy,2007,0.005223
PT,PTUS_imcy,2008,0.005334
PT,PTUS_imcy,2009,0.004530
PT,PTUS_imcy,2010,0.005190
PT,PTUS_imcy,2011,0.005533
PT,PTUS_imcy,2012,0.004771
PT,PTUS_imcy,2013,0.004675
PT,PTUS_imcy,2014,0.005278
PT,PTUS_imcy,2015,0.005173
PT,PTUS_imcy,2016,0.004868
PT,PTUS_imcy,2017,0.004899
PT,PTUS_imcy,2018,0.005580
PT,PTUS_imcy,2019,0.005917
PT,PTUS_imcy,2020,0.004560
PT,PTUS_imcy,average,0.005430
PT,PTUS_imigy,1995,0.000111
PT,PTUS_imigy,1996,0.000100
PT,PTUS_imigy,1997,0.000117
PT,PTUS_imigy,1998,0.000132
PT,PTUS_imigy,1999,0.000136
PT,PTUS_imigy,2000,0.000144
PT,PTUS_imigy,2001,0.000167
PT,PTUS_imigy,2002,0.000087
PT,PTUS_imigy,2003,0.000063
PT,PTUS_imigy,2004,0.000065
PT,PTUS_imigy,2005,0.000057
PT,PTUS_imigy,2006,0.000070
PT,PTUS_imigy,2007,0.000088
PT,PTUS_imigy,2008,0.000098
PT,PTUS_imigy,2009,0.000084
PT,PTUS_imigy,2010,0.000093
PT,PTUS_imigy,2011,0.000083
PT,PTUS_imigy,2012,0.000077
PT,PTUS_imigy,2013,0.000061
PT,PTUS_imigy,2014,0.000065
PT,PTUS_imigy,2015,0.000070
PT,PTUS_imigy,2016,0.000068
PT,PTUS_imigy,2017,0.000065
PT,PTUS_imigy,2018,0.000081
PT,PTUS_imigy,2019,0.000066
PT,PTUS_imigy,2020,0.000071
PT,PTUS_imigy,average,0.000087
PT,PTUS_imiy,1995,0.003187
PT,PTUS_imiy,1996,0.002828
PT,PTUS_imiy,1997,0.003439
PT,PTUS_imiy,1998,0.004084
PT,PTUS_imiy,1999,0.004171
PT,PTUS_imiy,2000,0.004413
PT,PTUS_imiy,2001,0.004879
PT,PTUS_imiy,2002,0.002417
PT,PTUS_imiy,2003,0.001774
PT,PTUS_imiy,2004,0.001791
PT,PTUS_imiy,2005,0.001523
PT,PTUS_imiy,2006,0.001814
PT,PTUS_imiy,2007,0.002174
PT,PTUS_imiy,2008,0.002370
PT,PTUS_imiy,2009,0.002030
PT,PTUS_imiy,2010,0.002322
PT,PTUS_imiy,2011,0.001773
PT,PTUS_imiy,2012,0.001541
PT,PTUS_imiy,2013,0.001519
PT,PTUS_imiy,2014,0.001592
PT,PTUS_imiy,2015,0.001844
PT,PTUS_imiy,2016,0.001767
PT,PTUS_imiy,2017,0.001758
PT,PTUS_imiy,2018,0.002076
PT,PTUS_imiy,2019,0.001631
PT,PTUS_imiy,2020,0.001513
PT,PTUS_imiy,average,0.002204
PT,debt,1995,2.4886
PT,debt,1996,2.5325
PT,debt,1997,2.3486
PT,debt,1998,2.2246
PT,debt,1999,2.2162
PT,debt,2000,2.1677
PT,debt,2001,2.2952
PT,debt,2002,2.4017
PT,debt,2003,2.5559
PT,debt,2004,2.6840
PT,debt,2005,2.8900
PT,debt,2006,2.9472
PT,debt,2007,2.9091
PT,debt,2008,3.0257
PT,debt,2009,3.5120
PT,debt,2010,4.0086
PT,debt,2011,4.5761
PT,debt,2012,5.1614
PT,debt,2013,5.2572
PT,debt,2014,5.3176
PT,debt,2015,5.2472
PT,debt,2016,5.2602
PT,debt,2017,5.0457
PT,debt,2018,4.8593
PT,debt,2019,4.6643
PT,debt,2020,5.3959
PT,debt,average,3.6151
PT,imcgy,1995,0.014170
PT,imcgy,1996,0.014507
PT,imcgy,1997,0.014412
PT,imcgy,1998,0.014519
PT,imcgy,1999,0.015287
PT,imcgy,2000,0.016328
PT,imcgy,2001,0.016593
PT,imcgy,2002,0.016369
PT,imcgy,2003,0.016778
PT,imcgy,2004,0.018317
PT,imcgy,2005,0.019177
PT,imcgy,2006,0.020294
PT,imcgy,2007,0.019957
PT,imcgy,2008,0.020958
PT,imcgy,2009,0.020556
PT,imcgy,2010,0.020766
PT,imcgy,2011,0.021471
PT,imcgy,2012,0.021040
PT,imcgy,2013,0.019831
PT,imcgy,2014,0.021753
PT,imcgy,2015,0.020190
PT,imcgy,2016,0.020691
PT,imcgy,2017,0.019634
PT,imcgy,2018,0.020917
PT,imcgy,2019,0.020820
PT,imcgy,2020,0.025530
PT,imcgy,average,0.019504
PT,imcy,1995,0.166040
PT,imcy,1996,0.168411
PT,imcy,1997,0.169826
PT,imcy,1998,0.175198
PT,imcy,1999,0.177004
PT,imcy,2000,0.184969
PT,imcy,2001,0.176882
PT,imcy,2002,0.172309
PT,imcy,2003,0.169764
PT,imcy,2004,0.174921
PT,imcy,2005,0.180244
PT,imcy,2006,0.184182
PT,imcy,2007,0.184255
PT,imcy,2008,0.190152
PT,imcy,2009,0.168597
PT,imcy,2010,0.184304
PT,imcy,2011,0.187891
PT,imcy,2012,0.184877
PT,imcy,2013,0.184620
PT,imcy,2014,0.189830
PT,imcy,2015,0.189239
PT,imcy,2016,0.190100
PT,imcy,2017,0.193545
PT,imcy,2018,0.194666
PT,imcy,2019,0.194287
PT,imcy,2020,0.181623
PT,imcy,average,0.182847
PT,imigy,1995,0.002513
PT,imigy,1996,0.002603
PT,imigy,1997,0.002811
PT,imigy,1998,0.002888
PT,imigy,1999,0.002994
PT,imigy,2000,0.003109
PT,imigy,2001,0.003086
PT,imigy,2002,0.002898
PT,imigy,2003,0.002660
PT,imigy,2004,0.002777
PT,imigy,2005,0.002812
PT,imigy,2006,0.002955
PT,imigy,2007,0.003030
PT,imigy,2008,0.003197
PT,imigy,2009,0.002743
PT,imigy,2010,0.002743
PT,imigy,2011,0.002737
PT,imigy,2012,0.002476
PT,imigy,2013,0.002040
PT,imigy,2014,0.002203
PT,imigy,2015,0.002120
PT,imigy,2016,0.002276
PT,imigy,2017,0.002399
PT,imigy,2018,0.002689
PT,imigy,2019,0.002808
PT,imigy,2020,0.003269
PT,imigy,average,0.002768
PT,imiy,1995,0.071838
PT,imiy,1996,0.073478
PT,imiy,1997,0.082827
PT,imiy,1998,0.089113
PT,imiy,1999,0.091975
PT,imiy,2000,0.095060
PT,imiy,2001,0.089922
PT,imiy,2002,0.080979
PT,imiy,2003,0.074505
PT,imiy,2004,0.076856
PT,imiy,2005,0.075174
PT,imiy,2006,0.076874
PT,imiy,2007,0.075034
PT,imiy,2008,0.077154
PT,imiy,2009,0.066318
PT,imiy,2010,0.068555
PT,imiy,2011,0.058166
PT,imiy,2012,0.049373
PT,imiy,2013,0.050458
PT,imiy,2014,0.053636
PT,imiy,2015,0.055999
PT,imiy,2016,0.059235
PT,imiy,2017,0.065332
PT,imiy,2018,0.069037
PT,imiy,2019,0.069721
PT,imiy,2020,0.070071
PT,imiy,average,0.069811
PT,imy,1995,0.254560
PT,imy,1996,0.258998
PT,imy,1997,0.269876
PT,imy,1998,0.281719
PT,imy,1999,0.287260
PT,imy,2000,0.299466
PT,imy,2001,0.286484
PT,imy,2002,0.272555
PT,imy,2003,0.263707
PT,imy,2004,0.272870
PT,imy,2005,0.277406
PT,imy,2006,0.284305
PT,imy,2007,0.282276
PT,imy,2008,0.291461
PT,imy,2009,0.258214
PT,imy,2010,0.276368
PT,imy,2011,0.270266
PT,imy,2012,0.257767
PT,imy,2013,0.256949
PT,imy,2014,0.267422
PT,imy,2015,0.267547
PT,imy,2016,0.272302
PT,imy,2017,0.280910
PT,imy,2018,0.287309
PT,imy,2019,0.287636
PT,imy,2020,0.280493
PT,imy,average,0.274930
PT,private_consumption,1995,0.5863
PT,private_consumption,1996,0.5870
PT,private_consumption,1997,0.5747
PT,private_consumption,1998,0.5699
PT,private_consumption,1999,0.5749
PT,private_consumption,2000,0.5708
PT,private_consumption,2001,0.5653
PT,private_consumption,2002,0.5707
PT,private_consumption,2003,0.5817
PT,private_consumption,2004,0.5844
PT,private_consumption,2005,0.5894
PT,private_consumption,2006,0.5934
PT,private_consumption,2007,0.5969
PT,private_consumption,2008,0.6053
PT,private_consumption,2009,0.5980
PT,private_consumption,2010,0.6056
PT,private_consumption,2011,0.6068
PT,private_consumption,2012,0.6161
PT,private_consumption,2013,0.6143
PT,private_consumption,2014,0.6186
PT,private_consumption,2015,0.6183
PT,private_consumption,2016,0.6202
PT,private_consumption,2017,0.6073
PT,private_consumption,2018,0.6031
PT,private_consumption,2019,0.5984
PT,private_consumption,2020,0.5981
PT,private_consumption,average,0.5977
PT,private_investment,1995,0.1860
PT,private_investment,1996,0.1890
PT,private_investment,1997,0.2054
PT,private_investment,1998,0.2172
PT,private_investment,1999,0.2194
PT,private_investment,2000,0.2200
PT,private_investment,2001,0.2154
PT,private_investment,2002,0.2058
PT,private_investment,2003,0.1914
PT,private_investment,2004,0.1880
PT,private_investment,2005,0.1855
PT,private_investment,2006,0.1820
PT,private_investment,2007,0.1821
PT,private_investment,2008,0.1837
PT,private_investment,2009,0.1712
PT,private_investment,2010,0.1656
PT,private_investment,2011,0.1497
PT,private_investment,2012,0.1298
PT,private_investment,2013,0.1227
PT,private_investment,2014,0.1217
PT,private_investment,2015,0.1247
PT,private_investment,2016,0.1307
PT,private_investment,2017,0.1402
PT,private_investment,2018,0.1462
PT,private_investment,2019,0.1510
PT,private_investment,2020,0.1587
PT,private_investment,average,0.1670
PT,public_consumption,1995,0.1753
PT,public_consumption,1996,0.1763
PT,public_consumption,1997,0.1746
PT,public_consumption,1998,0.1780
PT,public_consumption,1999,0.1805
PT,public_consumption,2000,0.1871
PT,public_consumption,2001,0.1905
PT,public_consumption,2002,0.1958
PT,public_consumption,2003,0.2038
PT,public_consumption,2004,0.2061
PT,public_consumption,2005,0.2118
PT,public_consumption,2006,0.2064
PT,public_consumption,2007,0.1987
PT,public_consumption,2008,0.1984
PT,public_consumption,2009,0.2146
PT,public_consumption,2010,0.2074
PT,public_consumption,2011,0.1996
PT,public_consumption,2012,0.1869
PT,public_consumption,2013,0.1942
PT,public_consumption,2014,0.1898
PT,public_consumption,2015,0.1861
PT,public_consumption,2016,0.1845
PT,public_consumption,2017,0.1786
PT,public_consumption,2018,0.1762
PT,public_consumption,2019,0.1759
PT,public_consumption,2020,0.2012
PT,public_consumption,average,0.1929
PT,public_investment,1995,0.0369
PT,public_investment,1996,0.0375
PT,public_investment,1997,0.0408
PT,public_investment,1998,0.0431
PT,public_investment,1999,0.0435
PT,public_investment,2000,0.0437
PT,public_investment,2001,0.0428
PT,public_investment,2002,0.0409
PT,public_investment,2003,0.0380
PT,public_investment,2004,0.0373
PT,public_investment,2005,0.0368
PT,public_investment,2006,0.0361
PT,public_investment,2007,0.0361
PT,public_investment,2008,0.0365
PT,public_investment,2009,0.0340
PT,public_investment,2010,0.0329
PT,public_investment,2011,0.0297
PT,public_investment,2012,0.0258
PT,public_investment,2013,0.0244
PT,public_investment,2014,0.0242
PT,public_investment,2015,0.0248
PT,public_investment,2016,0.0259
PT,public_investment,2017,0.0278
PT,public_investment,2018,0.0290
PT,public_investment,2019,0.0300
PT,public_investment,2020,0.0315
PT,public_investment,average,0.0332
PT,size,1995,0.003963
PT,size,1996,0.004028
PT,size,1997,0.003891
PT,size,1998,0.004120
PT,size,1999,0.004051
PT,size,2000,0.003698
PT,size,2001,0.003812
PT,size,2002,0.004020
PT,size,2003,0.004346
PT,size,2004,0.004444
PT,size,2005,0.004263
PT,size,2006,0.004135
PT,size,2007,0.004233
PT,size,2008,0.004264
PT,size,2009,0.004161
PT,size,2010,0.003710
PT,size,2011,0.003419
PT,size,2012,0.002927
PT,size,2013,0.002951
PT,size,2014,0.002918
PT,size,2015,0.002643
PT,size,2016,0.002678
PT,size,2017,0.002721
PT,size,2018,0.002803
PT,size,2019,0.002737
PT,size,2020,0.002614
PT,size,average,0.003416
PT,tax_SSC_firms,1995,0.1116
PT,tax_SSC_firms,1996,0.1062
PT,tax_SSC_firms,1997,0.1107
PT,tax_SSC_firms,1998,0.1189
PT,tax_SSC_firms,1999,0.1169
PT,tax_SSC_firms,2000,0.1189
PT,tax_SSC_firms,2001,0.1211
PT,tax_SSC_firms,2002,0.1231
PT,tax_SSC_firms,2003,0.1132
PT,tax_SSC_firms,2004,0.1202
PT,tax_SSC_firms,2005,0.1233
PT,tax_SSC_firms,2006,0.1181
PT,tax_SSC_firms,2007,0.1252
PT,tax_SSC_firms,2008,0.1266
PT,tax_SSC_firms,2009,0.1265
PT,tax_SSC_firms,2010,0.1327
PT,tax_SSC_firms,2011,0.1416
PT,tax_SSC_firms,2012,0.1434
PT,tax_SSC_firms,2013,0.1480
PT,tax_SSC_firms,2014,0.1474
PT,tax_SSC_firms,2015,0.1502
PT,tax_SSC_firms,2016,0.1526
PT,tax_SSC_firms,2017,0.1542
PT,tax_SSC_firms,2018,0.1610
PT,tax_SSC_firms,2019,0.1652
PT,tax_SSC_firms,2020,0.1678
PT,tax_SSC_firms,average,0.1325
PT,tax_SSC_households,1995,0.0897
PT,tax_SSC_households,1996,0.0866
PT,tax_SSC_households,1997,0.0902
PT,tax_SSC_households,1998,0.0855
PT,tax_SSC_households,1999,0.0853
PT,tax_SSC_households,2000,0.0866
PT,tax_SSC_households,2001,0.0904
PT,tax_SSC_households,2002,0.0911
PT,tax_SSC_households,2003,0.1022
PT,tax_SSC_households,2004,0.0946
PT,tax_SSC_households,2005,0.0956
PT,tax_SSC_households,2006,0.1031
PT,tax_SSC_households,2007,0.0998
PT,tax_SSC_households,2008,0.1025
PT,tax_SSC_households,2009,0.1024
PT,tax_SSC_households,2010,0.1007
PT,tax_SSC_households,2011,0.1048
PT,tax_SSC_households,2012,0.1054
PT,tax_SSC_households,2013,0.1085
PT,tax_SSC_households,2014,0.1145
PT,tax_SSC_households,2015,0.1142
PT,tax_SSC_households,2016,0.1140
PT,tax_SSC_households,2017,0.1136
PT,tax_SSC_households,2018,0.1082
PT,tax_SSC_households,2019,0.1085
PT,tax_SSC_households,2020,0.1100
PT,tax_SSC_households,average,0.1003
PT,tax_capital,1995,0.0596
PT,tax_capital,1996,0.0701
PT,tax_capital,1997,0.0793
PT,tax_capital,1998,0.0798
PT,tax_capital,1999,0.0901
PT,tax_capital,2000,0.0965
PT,tax_capital,2001,0.0851
PT,tax_capital,2002,0.0866
PT,tax_capital,2003,0.0657
PT,tax_capital,2004,0.0742
PT,tax_capital,2005,0.0714
PT,tax_capital,2006,0.0776
PT,tax_capital,2007,0.0905
PT,tax_capital,2008,0.0902
PT,tax_capital,2009,0.0668
PT,tax_capital,2010,0.0692
PT,tax_capital,2011,0.0773
PT,tax_capital,2012,0.0674
PT,tax_capital,2013,0.0779
PT,tax_capital,2014,0.0678
PT,tax_capital,2015,0.0741
PT,tax_capital,2016,0.0721
PT,tax_capital,2017,0.0765
PT,tax_capital,2018,0.0811
PT,tax_capital,2019,0.0794
PT,tax_capital,2020,0.0715
PT,tax_capital,average,0.0768
PT,tax_consumption,1995,0.1959
PT,tax_consumption,1996,0.1963
PT,tax_consumption,1997,0.1979
PT,tax_consumption,1998,0.2090
PT,tax_consumption,1999,0.2084
PT,tax_consumption,2000,0.1998
PT,tax_consumption,2001,0.2024
PT,tax_consumption,2002,0.2090
PT,tax_consumption,2003,0.2071
PT,tax_consumption,2004,0.2049
PT,tax_consumption,2005,0.2123
PT,tax_consumption,2006,0.2151
PT,tax_consumption,2007,0.2063
PT,tax_consumption,2008,0.1967
PT,tax_consumption,2009,0.1801
PT,tax_consumption,2010,0.1877
PT,tax_consumption,2011,0.1972
PT,tax_consumption,2012,0.1969
PT,tax_consumption,2013,0.1966
PT,tax_consumption,2014,0.1998
PT,tax_consumption,2015,0.2060
PT,tax_consumption,2016,0.2100
PT,tax_consumption,2017,0.2154
PT,tax_consumption,2018,0.2175
PT,tax_consumption,2019,0.2172
PT,tax_consumption,2020,0.2085
PT,tax_consumption,average,0.2036
PT,tax_income,1995,0.1451
PT,tax_income,1996,0.1577
PT,tax_income,1997,0.1812
PT,tax_income,1998,0.1824
PT,tax_income,1999,0.1983
PT,tax_income,2000,0.2770
PT,tax_income,2001,0.2790
PT,tax_income,2002,0.2469
PT,tax_income,2003,0.1541
PT,tax_income,2004,0.1347
PT,tax_income,2005,0.1336
PT,tax_income,2006,0.1392
PT,tax_income,2007,0.1302
PT,tax_income,2008,0.1135
PT,tax_income,2009,0.1143
PT,tax_income,2010,0.1253
PT,tax_income,2011,0.1302
PT,tax_income,2012,0.1486
PT,tax_income,2013,0.1792
PT,tax_income,2014,0.1739
PT,tax_income,2015,0.2490
PT,tax_income,2016,0.2355
PT,tax_income,2017,0.2209
PT,tax_income,2018,0.2030
PT,tax_income,2019,0.2146
PT,tax_income,2020,0.1986
PT,tax_income,average,0.1795
PT,tby,1995,-0.041006
PT,tby,1996,-0.048142
PT,tby,1997,-0.056825
PT,tby,1998,-0.069851
PT,tby,1999,-0.082234
PT,tby,2000,-0.086721
PT,tby,2001,-0.079989
PT,tby,2002,-0.066622
PT,tby,2003,-0.054786
PT,tby,2004,-0.065122
PT,tby,2005,-0.075750
PT,tby,2006,-0.064402
PT,tby,2007,-0.062447
PT,tby,2008,-0.079453
PT,tby,2009,-0.057679
PT,tby,2010,-0.057236
PT,tby,2011,-0.020559
PT,tby,2012,0.025832
PT,tby,2013,0.041966
PT,tby,2014,0.037537
PT,tby,2015,0.040029
PT,tby,2016,0.035877
PT,tby,2017,0.041557
PT,tby,2018,0.038988
PT,tby,2019,0.039185
PT,tby,2020,0.000344
PT,tby,average,-0.024220
PT,trybar,1995,0.1230
PT,trybar,1996,0.1260
PT,trybar,1997,0.1240
PT,trybar,1998,0.1260
PT,trybar,1999,0.1270
PT,trybar,2000,0.1300
PT,trybar,2001,0.1340
PT,trybar,2002,0.1400
PT,trybar,2003,0.1530
PT,trybar,2004,0.1580
PT,trybar,2005,0.1640
PT,trybar,2006,0.1640
PT,trybar,2007,0.1630
PT,trybar,2008,0.1690
PT,trybar,2009,0.1890
PT,trybar,2010,0.1880
PT,trybar,2011,0.1910
PT,trybar,2012,0.1980
PT,trybar,2013,0.2060
PT,trybar,2014,0.1990
PT,trybar,2015,0.1960
PT,trybar,2016,0.1910
PT,trybar,2017,0.1850
PT,trybar,2018,0.1820
PT,trybar,2019,0.1820
PT,trybar,2020,0.2010
PT,trybar,average,0.1657
RA,RAAT_imcgy,1995,0.001184
RA,RAAT_imcgy,1996,0.001172
RA,RAAT_imcgy,1997,0.000953
RA,RAAT_imcgy,1998,0.000917
RA,RAAT_imcgy,1999,0.000826
RA,RAAT_imcgy,2000,0.000781
RA,RAAT_imcgy,2001,0.000826
RA,RAAT_imcgy,2002,0.000831
RA,RAAT_imcgy,2003,0.000767
RA,RAAT_imcgy,2004,0.000696
RA,RAAT_imcgy,2005,0.000667
RA,RAAT_imcgy,2006,0.000682
RA,RAAT_imcgy,2007,0.000644
RA,RAAT_imcgy,2008,0.000758
RA,RAAT_imcgy,2009,0.000820
RA,RAAT_imcgy,2010,0.000766
RA,RAAT_imcgy,2011,0.000755
RA,RAAT_imcgy,2012,0.000713
RA,RAAT_imcgy,2013,0.000800
RA,RAAT_imcgy,2014,0.000808
RA,RAAT_imcgy,2015,0.000738
RA,RAAT_imcgy,2016,0.000741
RA,RAAT_imcgy,2017,0.000765
RA,RAAT_imcgy,2018,0.000802
RA,RAAT_imcgy,2019,0.000880
RA,RAAT_imcgy,2020,0.000865
RA,RAAT_imcgy,average,0.000788
RA,RAAT_imcy,1995,0.006328
RA,RAAT_imcy,1996,0.005886
RA,RAAT_imcy,1997,0.005735
RA,RAAT_imcy,1998,0.005447
RA,RAAT_imcy,1999,0.005433
RA,RAAT_imcy,2000,0.005008
RA,RAAT_imcy,2001,0.005052
RA,RAAT_imcy,2002,0.005148
RA,RAAT_imcy,2003,0.005247
RA,RAAT_imcy,2004,0.005184
RA,RAAT_imcy,2005,0.004874
RA,RAAT_imcy,2006,0.004788
RA,RAAT_imcy,2007,0.004789
RA,RAAT_imcy,2008,0.005135
RA,RAAT_imcy,2009,0.005002
RA,RAAT_imcy,2010,0.004778
RA,RAAT_imcy,2011,0.004768
RA,RAAT_imcy,2012,0.004614
RA,RAAT_imcy,2013,0.005070
RA,RAAT_imcy,2014,0.004799
RA,RAAT_imcy,2015,0.004262
RA,RAAT_imcy,2016,0.004391
RA,RAAT_imcy,2017,0.004597
RA,RAAT_imcy,2018,0.004738
RA,RAAT_imcy,2019,0.004732
RA,RAAT_imcy,2020,0.004032
RA,RAAT_imcy,average,0.004822
RA,RAAT_imigy,1995,0.000122
RA,RAAT_imigy,1996,0.000134
RA,RAAT_imigy,1997,0.000134
RA,RAAT_imigy,1998,0.000122
RA,RAAT_imigy,1999,0.000119
RA,RAAT_imigy,2000,0.000116
RA,RAAT_imigy,2001,0.000118
RA,RAAT_imigy,2002,0.000123
RA,RAAT_imigy,2003,0.000130
RA,RAAT_imigy,2004,0.000131
RA,RAAT_imigy,2005,0.000131
RA,RAAT_imigy,2006,0.000136
RA,RAAT_imigy,2007,0.000133
RA,RAAT_imigy,2008,0.000134
RA,RAAT_imigy,2009,0.000103
RA,RAAT_imigy,2010,0.000084
RA,RAAT_imigy,2011,0.000083
RA,RAAT_imigy,2012,0.000075
RA,RAAT_imigy,2013,0.000094
RA,RAAT_imigy,2014,0.000092
RA,RAAT_imigy,2015,0.000094
RA,RAAT_imigy,2016,0.000077
RA,RAAT_imigy,2017,0.000070
RA,RAAT_imigy,2018,0.000077
RA,RAAT_imigy,2019,0.000089
RA,RAAT_imigy,2020,0.000079
RA,RAAT_imigy,average,0.000097
RA,RAAT_imiy,1995,0.003202
RA,RAAT_imiy,1996,0.003502
RA,RAAT_imiy,1997,0.003683
RA,RAAT_imiy,1998,0.003308
RA,RAAT_imiy,1999,0.003131
RA,RAAT_imiy,2000,0.002838
RA,RAAT_imiy,2001,0.002805
RA,RAAT_imiy,2002,0.002801
RA,RAAT_imiy,2003,0.002954
RA,RAAT_imiy,2004,0.002946
RA,RAAT_imiy,2005,0.002889
RA,RAAT_imiy,2006,0.002729
RA,RAAT_imiy,2007,0.002701
RA,RAAT_imiy,2008,0.002873
RA,RAAT_imiy,2009,0.002276
RA,RAAT_imiy,2010,0.001953
RA,RAAT_imiy,2011,0.001954
RA,RAAT_imiy,2012,0.001927
RA,RAAT_imiy,2013,0.002308
RA,RAAT_imiy,2014,0.002231
RA,RAAT_imiy,2015,0.002298
RA,RAAT_imiy,2016,0.002323
RA,RAAT_imiy,2017,0.002333
RA,RAAT_imiy,2018,0.002168
RA,RAAT_imiy,2019,0.002683
RA,RAAT_imiy,2020,0.002607
RA,RAAT_imiy,average,0.002521
RA,RABE_imcgy,1995,0.000838
RA,RABE_imcgy,1996,0.000879
RA,RABE_imcgy,1997,0.000811
RA,RABE_imcgy,1998,0.000871
RA,RABE_imcgy,1999,0.001367
RA,RABE_imcgy,2000,0.001405
RA,RABE_imcgy,2001,0.001334
RA,RABE_imcgy,2002,0.001398
RA,RABE_imcgy,2003,0.001294
RA,RABE_imcgy,2004,0.001223
RA,RABE_imcgy,2005,0.001281
RA,RABE_imcgy,2006,0.001128
RA,RABE_imcgy,2007,0.000963
RA,RABE_imcgy,2008,0.001112
RA,RABE_imcgy,2009,0.001089
RA,RABE_imcgy,2010,0.001367
RA,RABE_imcgy,2011,0.001467
RA,RABE_imcgy,2012,0.001428
RA,RABE_imcgy,2013,0.001396
RA,RABE_imcgy,2014,0.001449
RA,RABE_imcgy,2015,0.001331
RA,RABE_imcgy,2016,0.001357
RA,RABE_imcgy,2017,0.001485
RA,RABE_imcgy,2018,0.001640
RA,RABE_imcgy,2019,0.001772
RA,RABE_imcgy,2020,0.002029
RA,RABE_imcgy,average,0.001377
RA,RABE_imcy,1995,0.005394
RA,RABE_imcy,1996,0.005255
RA,RABE_imcy,1997,0.005338
RA,RABE_imcy,1998,0.005425
RA,RABE_imcy,1999,0.009682
RA,RABE_imcy,2000,0.010245
RA,RABE_imcy,2001,0.009529
RA,RABE_imcy,2002,0.009366
RA,RABE_imcy,2003,0.008799
RA,RABE_imcy,2004,0.008484
RA,RABE_imcy,2005,0.008950
RA,RABE_imcy,2006,0.007968
RA,RABE_imcy,2007,0.006826
RA,RABE_imcy,2008,0.006900
RA,RABE_imcy,2009,0.006386
RA,RABE_imcy,2010,0.006882
RA,RABE_imcy,2011,0.006948
RA,RABE_imcy,2012,0.006566
RA,RABE_imcy,2013,0.006366
RA,RABE_imcy,2014,0.006148
RA,RABE_imcy,2015,0.005826
RA,RABE_imcy,2016,0.005662
RA,RABE_imcy,2017,0.005930
RA,RABE_imcy,2018,0.005820
RA,RABE_imcy,2019,0.006096
RA,RABE_imcy,2020,0.006153
RA,RABE_imcy,average,0.006770
RA,RABE_imigy,1995,0.000088
RA,RABE_imigy,1996,0.000097
RA,RABE_imigy,1997,0.000104
RA,RABE_imigy,1998,0.000121
RA,RABE_imigy,1999,0.000161
RA,RABE_imigy,2000,0.000170
RA,RABE_imigy,2001,0.000157
RA,RABE_imigy,2002,0.000179
RA,RABE_imigy,2003,0.000188
RA,RABE_imigy,2004,0.000188
RA,RABE_imigy,2005,0.000210
RA,RABE_imigy,2006,0.000208
RA,RABE_imigy,2007,0.000160
RA,RABE_imigy,2008,0.000137
RA,RABE_imigy,2009,0.000106
RA,RABE_imigy,2010,0.000082
RA,RABE_imigy,2011,0.000090
RA,RABE_imigy,2012,0.000080
RA,RABE_imigy,2013,0.000084
RA,RABE_imigy,2014,0.000089
RA,RABE_imigy,2015,0.000108
RA,RABE_imigy,2016,0.000124
RA,RABE_imigy,2017,0.000129
RA,RABE_imigy,2018,0.000131
RA,RABE_imigy,2019,0.000204
RA,RABE_imigy,2020,0.000221
RA,RABE_imigy,average,0.000139
RA,RABE_imiy,1995,0.002312
RA,RABE_imiy,1996,0.002520
RA,RABE_imiy,1997,0.002842
RA,RABE_imiy,1998,0.003270
RA,RABE_imiy,1999,0.004252
RA,RABE_imiy,2000,0.004153
RA,RABE_imiy,2001,0.003751
RA,RABE_imiy,2002,0.004071
RA,RABE_imiy,2003,0.004256
RA,RABE_imiy,2004,0.004215
RA,RABE_imiy,2005,0.004633
RA,RABE_imiy,2006,0.004172
RA,RABE_imiy,2007,0.003267
RA,RABE_imiy,2008,0.002932
RA,RABE_imiy,2009,0.002346
RA,RABE_imiy,2010,0.001919
RA,RABE_imiy,2011,0.002110
RA,RABE_imiy,2012,0.002046
RA,RABE_imiy,2013,0.002048
RA,RABE_imiy,2014,0.002159
RA,RABE_imiy,2015,0.002635
RA,RABE_imiy,2016,0.003724
RA,RABE_imiy,2017,0.004310
RA,RABE_imiy,2018,0.003668
RA,RABE_imiy,2019,0.006162
RA,RABE_imiy,2020,0.007275
RA,RABE_imiy,average,0.003607
RA,RADE_imcgy,1995,0.003813
RA,RADE_imcgy,1996,0.003792
RA,RADE_imcgy,1997,0.003251
RA,RADE_imcgy,1998,0.003263
RA,RADE_imcgy,1999,0.002748
RA,RADE_imcgy,2000,0.002673
RA,RADE_imcgy,2001,0.002685
RA,RADE_imcgy,2002,0.002872
RA,RADE_imcgy,2003,0.002881
RA,RADE_imcgy,2004,0.002991
RA,RADE_imcgy,2005,0.002993
RA,RADE_imcgy,2006,0.003161
RA,RADE_imcgy,2007,0.002867
RA,RADE_imcgy,2008,0.003360
RA,RADE_imcgy,2009,0.003652
RA,RADE_imcgy,2010,0.003547
RA,RADE_imcgy,2011,0.003577
RA,RADE_imcgy,2012,0.003377
RA,RADE_imcgy,2013,0.003479
RA,RADE_imcgy,2014,0.003654
RA,RADE_imcgy,2015,0.003462
RA,RADE_imcgy,2016,0.003641
RA,RADE_imcgy,2017,0.003533
RA,RADE_imcgy,2018,0.003853
RA,RADE_imcgy,2019,0.003646
RA,RADE_imcgy,2020,0.003734
RA,RADE_imcgy,average,0.003415
RA,RADE_imcy,1995,0.020100
RA,RADE_imcy,1996,0.019693
RA,RADE_imcy,1997,0.019331
RA,RADE_imcy,1998,0.019290
RA,RADE_imcy,1999,0.018516
RA,RADE_imcy,2000,0.018528
RA,RADE_imcy,2001,0.018327
RA,RADE_imcy,2002,0.018866
RA,RADE_imcy,2003,0.019893
RA,RADE_imcy,2004,0.021149
RA,RADE_imcy,2005,0.021069
RA,RADE_imcy,2006,0.021878
RA,RADE_imcy,2007,0.021492
RA,RADE_imcy,2008,0.021320
RA,RADE_imcy,2009,0.020863
RA,RADE_imcy,2010,0.020876
RA,RADE_imcy,2011,0.020123
RA,RADE_imcy,2012,0.020143
RA,RADE_imcy,2013,0.020591
RA,RADE_imcy,2014,0.021354
RA,RADE_imcy,2015,0.020157
RA,RADE_imcy,2016,0.020021
RA,RADE_imcy,2017,0.019527
RA,RADE_imcy,2018,0.018785
RA,RADE_imcy,2019,0.017656
RA,RADE_imcy,2020,0.016880
RA,RADE_imcy,average,0.019902
RA,RADE_imigy,1995,0.000478
RA,RADE_imigy,1996,0.000551
RA,RADE_imigy,1997,0.000545
RA,RADE_imigy,1998,0.000617
RA,RADE_imigy,1999,0.000610
RA,RADE_imigy,2000,0.000595
RA,RADE_imigy,2001,0.000646
RA,RADE_imigy,2002,0.000659
RA,RADE_imigy,2003,0.000678
RA,RADE_imigy,2004,0.000733
RA,RADE_imigy,2005,0.000761
RA,RADE_imigy,2006,0.000878
RA,RADE_imigy,2007,0.000845
RA,RADE_imigy,2008,0.000765
RA,RADE_imigy,2009,0.000537
RA,RADE_imigy,2010,0.000524
RA,RADE_imigy,2011,0.000589
RA,RADE_imigy,2012,0.000505
RA,RADE_imigy,2013,0.000542
RA,RADE_imigy,2014,0.000546
RA,RADE_imigy,2015,0.000613
RA,RADE_imigy,2016,0.000624
RA,RADE_imigy,2017,0.000591
RA,RADE_imigy,2018,0.000593
RA,RADE_imigy,2019,0.000773
RA,RADE_imigy,2020,0.000675
RA,RADE_imigy,average,0.000631
RA,RADE_imiy,1995,0.012524
RA,RADE_imiy,1996,0.014352
RA,RADE_imiy,1997,0.014959
RA,RADE_imiy,1998,0.016698
RA,RADE_imiy,1999,0.016087
RA,RADE_imiy,2000,0.014543
RA,RADE_imiy,2001,0.015418
RA,RADE_imiy,2002,0.015021
RA,RADE_imiy,2003,0.015367
RA,RADE_imiy,2004,0.016474
RA,RADE_imiy,2005,0.016757
RA,RADE_imiy,2006,0.017630
RA,RADE_imiy,2007,0.017227
RA,RADE_imiy,2008,0.016393
RA,RADE_imiy,2009,0.011917
RA,RADE_imiy,2010,0.012226
RA,RADE_imiy,2011,0.013793
RA,RADE_imiy,2012,0.012984
RA,RADE_imiy,2013,0.013283
RA,RADE_imiy,2014,0.013188
RA,RADE_imiy,2015,0.014910
RA,RADE_imiy,2016,0.018785
RA,RADE_imiy,2017,0.019719
RA,RADE_imiy,2018,0.016649
RA,RADE_imiy,2019,0.023326
RA,RADE_imiy,2020,0.022273
RA,RADE_imiy,average,0.016399
RA,RAES_imcgy,1995,0.000435
RA,RAES_imcgy,1996,0.000481
RA,RAES_imcgy,1997,0.000490
RA,RAES_imcgy,1998,0.000566
RA,RAES_imcgy,1999,0.000523
RA,RAES_imcgy,2000,0.000581
RA,RAES_imcgy,2001,0.000576
RA,RAES_imcgy,2002,0.000648
RA,RAES_imcgy,2003,0.000666
RA,RAES_imcgy,2004,0.000632
RA,RAES_imcgy,2005,0.000576
RA,RAES_imcgy,2006,0.000584
RA,RAES_imcgy,2007,0.000605
RA,RAES_imcgy,2008,0.000684
RA,RAES_imcgy,2009,0.000728
RA,RAES_imcgy,2010,0.000775
RA,RAES_imcgy,2011,0.000756
RA,RAES_imcgy,2012,0.000639
RA,RAES_imcgy,2013,0.000630
RA,RAES_imcgy,2014,0.000635
RA,RAES_imcgy,2015,0.000599
RA,RAES_imcgy,2016,0.000627
RA,RAES_imcgy,2017,0.000624
RA,RAES_imcgy,2018,0.000959
RA,RAES_imcgy,2019,0.001245
RA,RAES_imcgy,2020,0.001156
RA,RAES_imcgy,average,0.000729
RA,RAES_imcy,1995,0.004574
RA,RAES_imcy,1996,0.004737
RA,RAES_imcy,1997,0.004735
RA,RAES_imcy,1998,0.005027
RA,RAES_imcy,1999,0.004762
RA,RAES_imcy,2000,0.005275
RA,RAES_imcy,2001,0.005058
RA,RAES_imcy,2002,0.005153
RA,RAES_imcy,2003,0.005820
RA,RAES_imcy,2004,0.006449
RA,RAES_imcy,2005,0.006174
RA,RAES_imcy,2006,0.006134
RA,RAES_imcy,2007,0.006229
RA,RAES_imcy,2008,0.006606
RA,RAES_imcy,2009,0.006465
RA,RAES_imcy,2010,0.006063
RA,RAES_imcy,2011,0.005885
RA,RAES_imcy,2012,0.005391
RA,RAES_imcy,2013,0.005474
RA,RAES_imcy,2014,0.005497
RA,RAES_imcy,2015,0.005243
RA,RAES_imcy,2016,0.005182
RA,RAES_imcy,2017,0.005585
RA,RAES_imcy,2018,0.005963
RA,RAES_imcy,2019,0.006070
RA,RAES_imcy,2020,0.004135
RA,RAES_imcy,average,0.005643
RA,RAES_imigy,1995,0.000078
RA,RAES_imigy,1996,0.000097
RA,RAES_imigy,1997,0.000100
RA,RAES_imigy,1998,0.000104
RA,RAES_imigy,1999,0.000093
RA,RAES_imigy,2000,0.000117
RA,RAES_imigy,2001,0.000112
RA,RAES_imigy,2002,0.000124
RA,RAES_imigy,2003,0.000118
RA,RAES_imigy,2004,0.000115
RA,RAES_imigy,2005,0.000131
RA,RAES_imigy,2006,0.000132
RA,RAES_imigy,2007,0.000125
RA,RAES_imigy,2008,0.000116
RA,RAES_imigy,2009,0.000085
RA,RAES_imigy,2010,0.000075
RA,RAES_imigy,2011,0.000072
RA,RAES_imigy,2012,0.000054
RA,RAES_imigy,2013,0.000060
RA,RAES_imigy,2014,0.000066
RA,RAES_imigy,2015,0.000075
RA,RAES_imigy,2016,0.000070
RA,RAES_imigy,2017,0.000067
RA,RAES_imigy,2018,0.000078
RA,RAES_imigy,2019,0.000141
RA,RAES_imigy,2020,0.000091
RA,RAES_imigy,average,0.000091
RA,RAES_imiy,1995,0.002056
RA,RAES_imiy,1996,0.002528
RA,RAES_imiy,1997,0.002737
RA,RAES_imiy,1998,0.002805
RA,RAES_imiy,1999,0.002445
RA,RAES_imiy,2000,0.002867
RA,RAES_imiy,2001,0.002675
RA,RAES_imiy,2002,0.002824
RA,RAES_imiy,2003,0.002673
RA,RAES_imiy,2004,0.002583
RA,RAES_imiy,2005,0.002893
RA,RAES_imiy,2006,0.002648
RA,RAES_imiy,2007,0.002555
RA,RAES_imiy,2008,0.002483
RA,RAES_imiy,2009,0.001881
RA,RAES_imiy,2010,0.001746
RA,RAES_imiy,2011,0.001681
RA,RAES_imiy,2012,0.001391
RA,RAES_imiy,2013,0.001475
RA,RAES_imiy,2014,0.001600
RA,RAES_imiy,2015,0.001822
RA,RAES_imiy,2016,0.002120
RA,RAES_imiy,2017,0.002238
RA,RAES_imiy,2018,0.002189
RA,RAES_imiy,2019,0.004241
RA,RAES_imiy,2020,0.002997
RA,RAES_imiy,average,0.002357
RA,RAFI_imcgy,1995,0.000487
RA,RAFI_imcgy,1996,0.000477
RA,RAFI_imcgy,1997,0.000417
RA,RAFI_imcgy,1998,0.000475
RA,RAFI_imcgy,1999,0.000386
RA,RAFI_imcgy,2000,0.000288
RA,RAFI_imcgy,2001,0.000282
RA,RAFI_imcgy,2002,0.000292
RA,RAFI_imcgy,2003,0.000278
RA,RAFI_imcgy,2004,0.000312
RA,RAFI_imcgy,2005,0.000277
RA,RAFI_imcgy,2006,0.000268
RA,RAFI_imcgy,2007,0.000261
RA,RAFI_imcgy,2008,0.000255
RA,RAFI_imcgy,2009,0.000256
RA,RAFI_imcgy,2010,0.000247
RA,RAFI_imcgy,2011,0.000277
RA,RAFI_imcgy,2012,0.000303
RA,RAFI_imcgy,2013,0.000281
RA,RAFI_imcgy,2014,0.000280
RA,RAFI_imcgy,2015,0.000263
RA,RAFI_imcgy,2016,0.000287
RA,RAFI_imcgy,2017,0.000283
RA,RAFI_imcgy,2018,0.000295
RA,RAFI_imcgy,2019,0.000303
RA,RAFI_imcgy,2020,0.000335
RA,RAFI_imcgy,average,0.000295
RA,RAFI_imcy,1995,0.002719
RA,RAFI_imcy,1996,0.002681
RA,RAFI_imcy,1997,0.002492
RA,RAFI_imcy,1998,0.002531
RA,RAFI_imcy,1999,0.002251
RA,RAFI_imcy,2000,0.001630
RA,RAFI_imcy,2001,0.001672
RA,RAFI_imcy,2002,0.001680
RA,RAFI_imcy,2003,0.001624
RA,RAFI_imcy,2004,0.001847
RA,RAFI_imcy,2005,0.001767
RA,RAFI_imcy,2006,0.001736
RA,RAFI_imcy,2007,0.001764
RA,RAFI_imcy,2008,0.001720
RA,RAFI_imcy,2009,0.001544
RA,RAFI_imcy,2010,0.001626
RA,RAFI_imcy,2011,0.001782
RA,RAFI_imcy,2012,0.001881
RA,RAFI_imcy,2013,0.001815
RA,RAFI_imcy,2014,0.001763
RA,RAFI_imcy,2015,0.001618
RA,RAFI_imcy,2016,0.001799
RA,RAFI_imcy,2017,0.001760
RA,RAFI_imcy,2018,0.001700
RA,RAFI_imcy,2019,0.001842
RA,RAFI_imcy,2020,0.001756
RA,RAFI_imcy,average,0.001798
RA,RAFI_imigy,1995,0.000084
RA,RAFI_imigy,1996,0.000093
RA,RAFI_imigy,1997,0.000085
RA,RAFI_imigy,1998,0.000099
RA,RAFI_imigy,1999,0.000079
RA,RAFI_imigy,2000,0.000066
RA,RAFI_imigy,2001,0.000064
RA,RAFI_imigy,2002,0.000067
RA,RAFI_imigy,2003,0.000073
RA,RAFI_imigy,2004,0.000079
RA,RAFI_imigy,2005,0.000075
RA,RAFI_imigy,2006,0.000084
RA,RAFI_imigy,2007,0.000084
RA,RAFI_imigy,2008,0.000073
RA,RAFI_imigy,2009,0.000051
RA,RAFI_imigy,2010,0.000042
RA,RAFI_imigy,2011,0.000048
RA,RAFI_imigy,2012,0.000048
RA,RAFI_imigy,2013,0.000045
RA,RAFI_imigy,2014,0.000045
RA,RAFI_imigy,2015,0.000049
RA,RAFI_imigy,2016,0.000046
RA,RAFI_imigy,2017,0.000046
RA,RAFI_imigy,2018,0.000046
RA,RAFI_imigy,2019,0.000081
RA,RAFI_imigy,2020,0.000063
RA,RAFI_imigy,average,0.000060
RA,RAFI_imiy,1995,0.002209
RA,RAFI_imiy,1996,0.002425
RA,RAFI_imiy,1997,0.002322
RA,RAFI_imiy,1998,0.002683
RA,RAFI_imiy,1999,0.002088
RA,RAFI_imiy,2000,0.001604
RA,RAFI_imiy,2001,0.001520
RA,RAFI_imiy,2002,0.001523
RA,RAFI_imiy,2003,0.001646
RA,RAFI_imiy,2004,0.001767
RA,RAFI_imiy,2005,0.001641
RA,RAFI_imiy,2006,0.001697
RA,RAFI_imiy,2007,0.001715
RA,RAFI_imiy,2008,0.001562
RA,RAFI_imiy,2009,0.001124
RA,RAFI_imiy,2010,0.000988
RA,RAFI_imiy,2011,0.001113
RA,RAFI_imiy,2012,0.001245
RA,RAFI_imiy,2013,0.001105
RA,RAFI_imiy,2014,0.001082
RA,RAFI_imiy,2015,0.001204
RA,RAFI_imiy,2016,0.001375
RA,RAFI_imiy,2017,0.001533
RA,RAFI_imiy,2018,0.001300
RA,RAFI_imiy,2019,0.002429
RA,RAFI_imiy,2020,0.002072
RA,RAFI_imiy,average,0.001560
RA,RAFR_imcgy,1995,0.001415
RA,RAFR_imcgy,1996,0.001433
RA,RAFR_imcgy,1997,0.001255
RA,RAFR_imcgy,1998,0.001527
RA,RAFR_imcgy,1999,0.001576
RA,RAFR_imcgy,2000,0.001808
RA,RAFR_imcgy,2001,0.001855
RA,RAFR_imcgy,2002,0.001966
RA,RAFR_imcgy,2003,0.002020
RA,RAFR_imcgy,2004,0.001818
RA,RAFR_imcgy,2005,0.001480
RA,RAFR_imcgy,2006,0.001613
RA,RAFR_imcgy,2007,0.001551
RA,RAFR_imcgy,2008,0.001736
RA,RAFR_imcgy,2009,0.001703
RA,RAFR_imcgy,2010,0.001880
RA,RAFR_imcgy,2011,0.002157
RA,RAFR_imcgy,2012,0.001847
RA,RAFR_imcgy,2013,0.001917
RA,RAFR_imcgy,2014,0.002023
RA,RAFR_imcgy,2015,0.001871
RA,RAFR_imcgy,2016,0.001970
RA,RAFR_imcgy,2017,0.001724
RA,RAFR_imcgy,2018,0.001891
RA,RAFR_imcgy,2019,0.001817
RA,RAFR_imcgy,2020,0.001973
RA,RAFR_imcgy,average,0.001813
RA,RAFR_imcy,1995,0.010744
RA,RAFR_imcy,1996,0.011001
RA,RAFR_imcy,1997,0.010254
RA,RAFR_imcy,1998,0.010859
RA,RAFR_imcy,1999,0.012463
RA,RAFR_imcy,2000,0.012510
RA,RAFR_imcy,2001,0.012589
RA,RAFR_imcy,2002,0.012332
RA,RAFR_imcy,2003,0.013260
RA,RAFR_imcy,2004,0.012965
RA,RAFR_imcy,2005,0.011452
RA,RAFR_imcy,2006,0.011214
RA,RAFR_imcy,2007,0.010918
RA,RAFR_imcy,2008,0.011555
RA,RAFR_imcy,2009,0.011106
RA,RAFR_imcy,2010,0.011134
RA,RAFR_imcy,2011,0.012104
RA,RAFR_imcy,2012,0.011110
RA,RAFR_imcy,2013,0.011592
RA,RAFR_imcy,2014,0.012148
RA,RAFR_imcy,2015,0.010546
RA,RAFR_imcy,2016,0.010852
RA,RAFR_imcy,2017,0.010195
RA,RAFR_imcy,2018,0.010377
RA,RAFR_imcy,2019,0.010537
RA,RAFR_imcy,2020,0.010298
RA,RAFR_imcy,average,0.011225
RA,RAFR_imigy,1995,0.000206
RA,RAFR_imigy,1996,0.000257
RA,RAFR_imigy,1997,0.000264
RA,RAFR_imigy,1998,0.000292
RA,RAFR_imigy,1999,0.000294
RA,RAFR_imigy,2000,0.000357
RA,RAFR_imigy,2001,0.000364
RA,RAFR_imigy,2002,0.000375
RA,RAFR_imigy,2003,0.000367
RA,RAFR_imigy,2004,0.000348
RA,RAFR_imigy,2005,0.000285
RA,RAFR_imigy,2006,0.000310
RA,RAFR_imigy,2007,0.000315
RA,RAFR_imigy,2008,0.000299
RA,RAFR_imigy,2009,0.000257
RA,RAFR_imigy,2010,0.000199
RA,RAFR_imigy,2011,0.000232
RA,RAFR_imigy,2012,0.000368
RA,RAFR_imigy,2013,0.000300
RA,RAFR_imigy,2014,0.000396
RA,RAFR_imigy,2015,0.000403
RA,RAFR_imigy,2016,0.000535
RA,RAFR_imigy,2017,0.000471
RA,RAFR_imigy,2018,0.000629
RA,RAFR_imigy,2019,0.000770
RA,RAFR_imigy,2020,0.000517
RA,RAFR_imigy,average,0.000406
RA,RAFR_imiy,1995,0.005392
RA,RAFR_imiy,1996,0.006703
RA,RAFR_imiy,1997,0.007250
RA,RAFR_imiy,1998,0.007914
RA,RAFR_imiy,1999,0.007760
RA,RAFR_imiy,2000,0.008721
RA,RAFR_imiy,2001,0.008689
RA,RAFR_imiy,2002,0.008559
RA,RAFR_imiy,2003,0.008331
RA,RAFR_imiy,2004,0.007818
RA,RAFR_imiy,2005,0.006289
RA,RAFR_imiy,2006,0.006221
RA,RAFR_imiy,2007,0.006429
RA,RAFR_imiy,2008,0.006409
RA,RAFR_imiy,2009,0.005698
RA,RAFR_imiy,2010,0.004634
RA,RAFR_imiy,2011,0.005435
RA,RAFR_imiy,2012,0.009459
RA,RAFR_imiy,2013,0.007369
RA,RAFR_imiy,2014,0.009582
RA,RAFR_imiy,2015,0.009815
RA,RAFR_imiy,2016,0.016128
RA,RAFR_imiy,2017,0.015726
RA,RAFR_imiy,2018,0.017640
RA,RAFR_imiy,2019,0.023229
RA,RAFR_imiy,2020,0.017040
RA,RAFR_imiy,average,0.010536
RA,RAGR_imcgy,1995,0.000136
RA,RAGR_imcgy,1996,0.000118
RA,RAGR_imcgy,1997,0.000123
RA,RAGR_imcgy,1998,0.000122
RA,RAGR_imcgy,1999,0.000141
RA,RAGR_imcgy,2000,0.000146
RA,RAGR_imcgy,2001,0.000158
RA,RAGR_imcgy,2002,0.000192
RA,RAGR_imcgy,2003,0.000183
RA,RAGR_imcgy,2004,0.000207
RA,RAGR_imcgy,2005,0.000208
RA,RAGR_imcgy,2006,0.000230
RA,RAGR_imcgy,2007,0.000242
RA,RAGR_imcgy,2008,0.000253
RA,RAGR_imcgy,2009,0.000254
RA,RAGR_imcgy,2010,0.000201
RA,RAGR_imcgy,2011,0.000206
RA,RAGR_imcgy,2012,0.000174
RA,RAGR_imcgy,2013,0.000180
RA,RAGR_imcgy,2014,0.000161
RA,RAGR_imcgy,2015,0.000135
RA,RAGR_imcgy,2016,0.000129
RA,RAGR_imcgy,2017,0.000140
RA,RAGR_imcgy,2018,0.000147
RA,RAGR_imcgy,2019,0.000167
RA,RAGR_imcgy,2020,0.000187
RA,RAGR_imcgy,average,0.000181
RA,RAGR_imcy,1995,0.001571
RA,RAGR_imcy,1996,0.001416
RA,RAGR_imcy,1997,0.001537
RA,RAGR_imcy,1998,0.001533
RA,RAGR_imcy,1999,0.001858
RA,RAGR_imcy,2000,0.001933
RA,RAGR_imcy,2001,0.001952
RA,RAGR_imcy,2002,0.002124
RA,RAGR_imcy,2003,0.002103
RA,RAGR_imcy,2004,0.002585
RA,RAGR_imcy,2005,0.002409
RA,RAGR_imcy,2006,0.002385
RA,RAGR_imcy,2007,0.002476
RA,RAGR_imcy,2008,0.003139
RA,RAGR_imcy,2009,0.002856
RA,RAGR_imcy,2010,0.002038
RA,RAGR_imcy,2011,0.001979
RA,RAGR_imcy,2012,0.001845
RA,RAGR_imcy,2013,0.001860
RA,RAGR_imcy,2014,0.001879
RA,RAGR_imcy,2015,0.001680
RA,RAGR_imcy,2016,0.001617
RA,RAGR_imcy,2017,0.001717
RA,RAGR_imcy,2018,0.001747
RA,RAGR_imcy,2019,0.002026
RA,RAGR_imcy,2020,0.001720
RA,RAGR_imcy,average,0.002040
RA,RAGR_imigy,1995,0.000021
RA,RAGR_imigy,1996,0.000017
RA,RAGR_imigy,1997,0.000019
RA,RAGR_imigy,1998,0.000015
RA,RAGR_imigy,1999,0.000019
RA,RAGR_imigy,2000,0.000021
RA,RAGR_imigy,2001,0.000021
RA,RAGR_imigy,2002,0.000024
RA,RAGR_imigy,2003,0.000023
RA,RAGR_imigy,2004,0.000030
RA,RAGR_imigy,2005,0.000026
RA,RAGR_imigy,2006,0.000032
RA,RAGR_imigy,2007,0.000035
RA,RAGR_imigy,2008,0.000032
RA,RAGR_imigy,2009,0.000023
RA,RAGR_imigy,2010,0.000017
RA,RAGR_imigy,2011,0.000018
RA,RAGR_imigy,2012,0.000013
RA,RAGR_imigy,2013,0.000013
RA,RAGR_imigy,2014,0.000012
RA,RAGR_imigy,2015,0.000012
RA,RAGR_imigy,2016,0.000010
RA,RAGR_imigy,2017,0.000011
RA,RAGR_imigy,2018,0.000013
RA,RAGR_imigy,2019,0.000017
RA,RAGR_imigy,2020,0.000015
RA,RAGR_imigy,average,0.000018
RA,RAGR_imiy,1995,0.000549
RA,RAGR_imiy,1996,0.000451
RA,RAGR_imiy,1997,0.000513
RA,RAGR_imiy,1998,0.000417
RA,RAGR_imiy,1999,0.000494
RA,RAGR_imiy,2000,0.000523
RA,RAGR_imiy,2001,0.000496
RA,RAGR_imiy,2002,0.000554
RA,RAGR_imiy,2003,0.000523
RA,RAGR_imiy,2004,0.000672
RA,RAGR_imiy,2005,0.000569
RA,RAGR_imiy,2006,0.000643
RA,RAGR_imiy,2007,0.000708
RA,RAGR_imiy,2008,0.000683
RA,RAGR_imiy,2009,0.000514
RA,RAGR_imiy,2010,0.000406
RA,RAGR_imiy,2011,0.000415
RA,RAGR_imiy,2012,0.000326
RA,RAGR_imiy,2013,0.000312
RA,RAGR_imiy,2014,0.000281
RA,RAGR_imiy,2015,0.000281
RA,RAGR_imiy,2016,0.000291
RA,RAGR_imiy,2017,0.000383
RA,RAGR_imiy,2018,0.000356
RA,RAGR_imiy,2019,0.000499
RA,RAGR_imiy,2020,0.000511
RA,RAGR_imiy,average,0.000462
RA,RAIT_imcgy,1995,0.002197
RA,RAIT_imcgy,1996,0.002219
RA,RAIT_imcgy,1997,0.001942
RA,RAIT_imcgy,1998,0.001891
RA,RAIT_imcgy,1999,0.001680
RA,RAIT_imcgy,2000,0.001759
RA,RAIT_imcgy,2001,0.001930
RA,RAIT_imcgy,2002,0.002196
RA,RAIT_imcgy,2003,0.002168
RA,RAIT_imcgy,2004,0.002001
RA,RAIT_imcgy,2005,0.001875
RA,RAIT_imcgy,2006,0.002033
RA,RAIT_imcgy,2007,0.001992
RA,RAIT_imcgy,2008,0.001687
RA,RAIT_imcgy,2009,0.001678
RA,RAIT_imcgy,2010,0.001733
RA,RAIT_imcgy,2011,0.001611
RA,RAIT_imcgy,2012,0.001524
RA,RAIT_imcgy,2013,0.001412
RA,RAIT_imcgy,2014,0.001406
RA,RAIT_imcgy,2015,0.001307
RA,RAIT_imcgy,2016,0.001341
RA,RAIT_imcgy,2017,0.001299
RA,RAIT_imcgy,2018,0.001434
RA,RAIT_imcgy,2019,0.001484
RA,RAIT_imcgy,2020,0.001528
RA,RAIT_imcgy,average,0.001646
RA,RAIT_imcy,1995,0.013911
RA,RAIT_imcy,1996,0.013766
RA,RAIT_imcy,1997,0.013266
RA,RAIT_imcy,1998,0.013182
RA,RAIT_imcy,1999,0.012638
RA,RAIT_imcy,2000,0.012984
RA,RAIT_imcy,2001,0.013282
RA,RAIT_imcy,2002,0.014187
RA,RAIT_imcy,2003,0.014954
RA,RAIT_imcy,2004,0.014311
RA,RAIT_imcy,2005,0.013342
RA,RAIT_imcy,2006,0.013239
RA,RAIT_imcy,2007,0.013077
RA,RAIT_imcy,2008,0.012573
RA,RAIT_imcy,2009,0.012420
RA,RAIT_imcy,2010,0.012118
RA,RAIT_imcy,2011,0.011655
RA,RAIT_imcy,2012,0.010879
RA,RAIT_imcy,2013,0.010590
RA,RAIT_imcy,2014,0.010004
RA,RAIT_imcy,2015,0.009261
RA,RAIT_imcy,2016,0.009288
RA,RAIT_imcy,2017,0.009376
RA,RAIT_imcy,2018,0.009346
RA,RAIT_imcy,2019,0.009440
RA,RAIT_imcy,2020,0.008536
RA,RAIT_imcy,average,0.011308
RA,RAIT_imigy,1995,0.000324
RA,RAIT_imigy,1996,0.000362
RA,RAIT_imigy,1997,0.000334
RA,RAIT_imigy,1998,0.000346
RA,RAIT_imigy,1999,0.000316
RA,RAIT_imigy,2000,0.000331
RA,RAIT_imigy,2001,0.000353
RA,RAIT_imigy,2002,0.000385
RA,RAIT_imigy,2003,0.000412
RA,RAIT_imigy,2004,0.000417
RA,RAIT_imigy,2005,0.000402
RA,RAIT_imigy,2006,0.000456
RA,RAIT_imigy,2007,0.000428
RA,RAIT_imigy,2008,0.000359
RA,RAIT_imigy,2009,0.000273
RA,RAIT_imigy,2010,0.000249
RA,RAIT_imigy,2011,0.000241
RA,RAIT_imigy,2012,0.000193
RA,RAIT_imigy,2013,0.000211
RA,RAIT_imigy,2014,0.000212
RA,RAIT_imigy,2015,0.000231
RA,RAIT_imigy,2016,0.000218
RA,RAIT_imigy,2017,0.000208
RA,RAIT_imigy,2018,0.000216
RA,RAIT_imigy,2019,0.000290
RA,RAIT_imigy,2020,0.000217
RA,RAIT_imigy,average,0.000276
RA,RAIT_imiy,1995,0.008495
RA,RAIT_imiy,1996,0.009422
RA,RAIT_imiy,1997,0.009151
RA,RAIT_imiy,1998,0.009357
RA,RAIT_imiy,1999,0.008349
RA,RAIT_imiy,2000,0.008093
RA,RAIT_imiy,2001,0.008417
RA,RAIT_imiy,2002,0.008779
RA,RAIT_imiy,2003,0.009342
RA,RAIT_imiy,2004,0.009369
RA,RAIT_imiy,2005,0.008853
RA,RAIT_imiy,2006,0.009164
RA,RAIT_imiy,2007,0.008721
RA,RAIT_imiy,2008,0.007702
RA,RAIT_imiy,2009,0.006050
RA,RAIT_imiy,2010,0.005811
RA,RAIT_imiy,2011,0.005632
RA,RAIT_imiy,2012,0.004952
RA,RAIT_imiy,2013,0.005169
RA,RAIT_imiy,2014,0.005115
RA,RAIT_imiy,2015,0.005632
RA,RAIT_imiy,2016,0.006562
RA,RAIT_imiy,2017,0.006941
RA,RAIT_imiy,2018,0.006059
RA,RAIT_imiy,2019,0.008758
RA,RAIT_imiy,2020,0.007170
RA,RAIT_imiy,average,0.007168
RA,RANL_imcgy,1995,0.000679
RA,RANL_imcgy,1996,0.000742
RA,RANL_imcgy,1997,0.000659
RA,RANL_imcgy,1998,0.000690
RA,RANL_imcgy,1999,0.000790
RA,RANL_imcgy,2000,0.000698
RA,RANL_imcgy,2001,0.000808
RA,RANL_imcgy,2002,0.000875
RA,RANL_imcgy,2003,0.000835
RA,RANL_imcgy,2004,0.000779
RA,RANL_imcgy,2005,0.000720
RA,RANL_imcgy,2006,0.000799
RA,RANL_imcgy,2007,0.000773
RA,RANL_imcgy,2008,0.000865
RA,RANL_imcgy,2009,0.001211
RA,RANL_imcgy,2010,0.001172
RA,RANL_imcgy,2011,0.001162
RA,RANL_imcgy,2012,0.001185
RA,RANL_imcgy,2013,0.001182
RA,RANL_imcgy,2014,0.001211
RA,RANL_imcgy,2015,0.001322
RA,RANL_imcgy,2016,0.001414
RA,RANL_imcgy,2017,0.001423
RA,RANL_imcgy,2018,0.001691
RA,RANL_imcgy,2019,0.002100
RA,RANL_imcgy,2020,0.002128
RA,RANL_imcgy,average,0.001225
RA,RANL_imcy,1995,0.005849
RA,RANL_imcy,1996,0.006034
RA,RANL_imcy,1997,0.005747
RA,RANL_imcy,1998,0.005833
RA,RANL_imcy,1999,0.006607
RA,RANL_imcy,2000,0.006069
RA,RANL_imcy,2001,0.006092
RA,RANL_imcy,2002,0.006406
RA,RANL_imcy,2003,0.006307
RA,RANL_imcy,2004,0.006278
RA,RANL_imcy,2005,0.005657
RA,RANL_imcy,2006,0.006229
RA,RANL_imcy,2007,0.005838
RA,RANL_imcy,2008,0.005578
RA,RANL_imcy,2009,0.006747
RA,RANL_imcy,2010,0.006633
RA,RANL_imcy,2011,0.006469
RA,RANL_imcy,2012,0.006698
RA,RANL_imcy,2013,0.006865
RA,RANL_imcy,2014,0.006606
RA,RANL_imcy,2015,0.006890
RA,RANL_imcy,2016,0.007696
RA,RANL_imcy,2017,0.007551
RA,RANL_imcy,2018,0.006981
RA,RANL_imcy,2019,0.008602
RA,RANL_imcy,2020,0.007603
RA,RANL_imcy,average,0.006744
RA,RANL_imigy,1995,0.000057
RA,RANL_imigy,1996,0.000066
RA,RANL_imigy,1997,0.000074
RA,RANL_imigy,1998,0.000071
RA,RANL_imigy,1999,0.000092
RA,RANL_imigy,2000,0.000084
RA,RANL_imigy,2001,0.000102
RA,RANL_imigy,2002,0.000114
RA,RANL_imigy,2003,0.000116
RA,RANL_imigy,2004,0.000110
RA,RANL_imigy,2005,0.000121
RA,RANL_imigy,2006,0.000172
RA,RANL_imigy,2007,0.000135
RA,RANL_imigy,2008,0.000106
RA,RANL_imigy,2009,0.000115
RA,RANL_imigy,2010,0.000089
RA,RANL_imigy,2011,0.000099
RA,RANL_imigy,2012,0.000095
RA,RANL_imigy,2013,0.000109
RA,RANL_imigy,2014,0.000121
RA,RANL_imigy,2015,0.000195
RA,RANL_imigy,2016,0.000176
RA,RANL_imigy,2017,0.000162
RA,RANL_imigy,2018,0.000170
RA,RANL_imigy,2019,0.000294
RA,RANL_imigy,2020,0.000220
RA,RANL_imigy,average,0.000146
RA,RANL_imiy,1995,0.001503
RA,RANL_imiy,1996,0.001717
RA,RANL_imiy,1997,0.002018
RA,RANL_imiy,1998,0.001914
RA,RANL_imiy,1999,0.002436
RA,RANL_imiy,2000,0.002055
RA,RANL_imiy,2001,0.002438
RA,RANL_imiy,2002,0.002592
RA,RANL_imiy,2003,0.002641
RA,RANL_imiy,2004,0.002479
RA,RANL_imiy,2005,0.002662
RA,RANL_imiy,2006,0.003459
RA,RANL_imiy,2007,0.002755
RA,RANL_imiy,2008,0.002263
RA,RANL_imiy,2009,0.002550
RA,RANL_imiy,2010,0.002088
RA,RANL_imiy,2011,0.002309
RA,RANL_imiy,2012,0.002437
RA,RANL_imiy,2013,0.002681
RA,RANL_imiy,2014,0.002935
RA,RANL_imiy,2015,0.004736
RA,RANL_imiy,2016,0.005304
RA,RANL_imiy,2017,0.005391
RA,RANL_imiy,2018,0.004768
RA,RANL_imiy,2019,0.008868
RA,RANL_imiy,2020,0.007248
RA,RANL_imiy,average,0.003785
RA,RAPT_imcgy,1995,0.000062
RA,RAPT_imcgy,1996,0.000066
RA,RAPT_imcgy,1997,0.000056
RA,RAPT_imcgy,1998,0.000072
RA,RAPT_imcgy,1999,0.000086
RA,RAPT_imcgy,2000,0.000119
RA,RAPT_imcgy,2001,0.000125
RA,RAPT_imcgy,2002,0.000098
RA,RAPT_imcgy,2003,0.000159
RA,RAPT_imcgy,2004,0.000114
RA,RAPT_imcgy,2005,0.000079
RA,RAPT_imcgy,2006,0.000096
RA,RAPT_imcgy,2007,0.000077
RA,RAPT_imcgy,2008,0.000107
RA,RAPT_imcgy,2009,0.000096
RA,RAPT_imcgy,2010,0.000106
RA,RAPT_imcgy,2011,0.000106
RA,RAPT_imcgy,2012,0.000087
RA,RAPT_imcgy,2013,0.000094
RA,RAPT_imcgy,2014,0.000090
RA,RAPT_imcgy,2015,0.000089
RA,RAPT_imcgy,2016,0.000099
RA,RAPT_imcgy,2017,0.000102
RA,RAPT_imcgy,2018,0.000147
RA,RAPT_imcgy,2019,0.000189
RA,RAPT_imcgy,2020,0.000184
RA,RAPT_imcgy,average,0.000112
RA,RAPT_imcy,1995,0.000680
RA,RAPT_imcy,1996,0.000743
RA,RAPT_imcy,1997,0.000663
RA,RAPT_imcy,1998,0.000733
RA,RAPT_imcy,1999,0.000827
RA,RAPT_imcy,2000,0.000912
RA,RAPT_imcy,2001,0.001019
RA,RAPT_imcy,2002,0.000979
RA,RAPT_imcy,2003,0.001806
RA,RAPT_imcy,2004,0.001367
RA,RAPT_imcy,2005,0.001223
RA,RAPT_imcy,2006,0.001275
RA,RAPT_imcy,2007,0.001150
RA,RAPT_imcy,2008,0.001330
RA,RAPT_imcy,2009,0.001237
RA,RAPT_imcy,2010,0.001272
RA,RAPT_imcy,2011,0.001202
RA,RAPT_imcy,2012,0.001212
RA,RAPT_imcy,2013,0.001257
RA,RAPT_imcy,2014,0.001246
RA,RAPT_imcy,2015,0.001221
RA,RAPT_imcy,2016,0.001374
RA,RAPT_imcy,2017,0.001526
RA,RAPT_imcy,2018,0.001538
RA,RAPT_imcy,2019,0.001516
RA,RAPT_imcy,2020,0.001047
RA,RAPT_imcy,average,0.001253
RA,RAPT_imigy,1995,0.000012
RA,RAPT_imigy,1996,0.000014
RA,RAPT_imigy,1997,0.000013
RA,RAPT_imigy,1998,0.000017
RA,RAPT_imigy,1999,0.000014
RA,RAPT_imigy,2000,0.000018
RA,RAPT_imigy,2001,0.000020
RA,RAPT_imigy,2002,0.000016
RA,RAPT_imigy,2003,0.000024
RA,RAPT_imigy,2004,0.000019
RA,RAPT_imigy,2005,0.000015
RA,RAPT_imigy,2006,0.000020
RA,RAPT_imigy,2007,0.000014
RA,RAPT_imigy,2008,0.000017
RA,RAPT_imigy,2009,0.000010
RA,RAPT_imigy,2010,0.000008
RA,RAPT_imigy,2011,0.000009
RA,RAPT_imigy,2012,0.000007
RA,RAPT_imigy,2013,0.000009
RA,RAPT_imigy,2014,0.000008
RA,RAPT_imigy,2015,0.000010
RA,RAPT_imigy,2016,0.000010
RA,RAPT_imigy,2017,0.000010
RA,RAPT_imigy,2018,0.000011
RA,RAPT_imigy,2019,0.000023
RA,RAPT_imigy,2020,0.000015
RA,RAPT_imigy,average,0.000013
RA,RAPT_imiy,1995,0.000307
RA,RAPT_imiy,1996,0.000372
RA,RAPT_imiy,1997,0.000364
RA,RAPT_imiy,1998,0.000454
RA,RAPT_imiy,1999,0.000359
RA,RAPT_imiy,2000,0.000450
RA,RAPT_imiy,2001,0.000475
RA,RAPT_imiy,2002,0.000368
RA,RAPT_imiy,2003,0.000545
RA,RAPT_imiy,2004,0.000421
RA,RAPT_imiy,2005,0.000320
RA,RAPT_imiy,2006,0.000392
RA,RAPT_imiy,2007,0.000280
RA,RAPT_imiy,2008,0.000361
RA,RAPT_imiy,2009,0.000213
RA,RAPT_imiy,2010,0.000192
RA,RAPT_imiy,2011,0.000217
RA,RAPT_imiy,2012,0.000168
RA,RAPT_imiy,2013,0.000210
RA,RAPT_imiy,2014,0.000191
RA,RAPT_imiy,2015,0.000238
RA,RAPT_imiy,2016,0.000295
RA,RAPT_imiy,2017,0.000335
RA,RAPT_imiy,2018,0.000309
RA,RAPT_imiy,2019,0.000703
RA,RAPT_imiy,2020,0.000511
RA,RAPT_imiy,average,0.000340
RA,RARU_imcgy,1995,0.002736
RA,RARU_imcgy,1996,0.002796
RA,RARU_imcgy,1997,0.002321
RA,RARU_imcgy,1998,0.002410
RA,RARU_imcgy,1999,0.002142
RA,RARU_imcgy,2000,0.002292
RA,RARU_imcgy,2001,0.002291
RA,RARU_imcgy,2002,0.002343
RA,RARU_imcgy,2003,0.002438
RA,RARU_imcgy,2004,0.002480
RA,RARU_imcgy,2005,0.002503
RA,RARU_imcgy,2006,0.002693
RA,RARU_imcgy,2007,0.002542
RA,RARU_imcgy,2008,0.003070
RA,RARU_imcgy,2009,0.003190
RA,RARU_imcgy,2010,0.003325
RA,RARU_imcgy,2011,0.003406
RA,RARU_imcgy,2012,0.003181
RA,RARU_imcgy,2013,0.003453
RA,RARU_imcgy,2014,0.003443
RA,RARU_imcgy,2015,0.003198
RA,RARU_imcgy,2016,0.003090
RA,RARU_imcgy,2017,0.003159
RA,RARU_imcgy,2018,0.003446
RA,RARU_imcgy,2019,0.003664
RA,RARU_imcgy,2020,0.003935
RA,RARU_imcgy,average,0.003098
RA,RARU_imcy,1995,0.016027
RA,RARU_imcy,1996,0.016643
RA,RARU_imcy,1997,0.016076
RA,RARU_imcy,1998,0.015943
RA,RARU_imcy,1999,0.014553
RA,RARU_imcy,2000,0.014018
RA,RARU_imcy,2001,0.014186
RA,RARU_imcy,2002,0.014136
RA,RARU_imcy,2003,0.014346
RA,RARU_imcy,2004,0.016621
RA,RARU_imcy,2005,0.017980
RA,RARU_imcy,2006,0.018846
RA,RARU_imcy,2007,0.019744
RA,RARU_imcy,2008,0.022389
RA,RARU_imcy,2009,0.021145
RA,RARU_imcy,2010,0.021920
RA,RARU_imcy,2011,0.022113
RA,RARU_imcy,2012,0.022060
RA,RARU_imcy,2013,0.023513
RA,RARU_imcy,2014,0.022696
RA,RARU_imcy,2015,0.021576
RA,RARU_imcy,2016,0.021462
RA,RARU_imcy,2017,0.021627
RA,RARU_imcy,2018,0.021290
RA,RARU_imcy,2019,0.020757
RA,RARU_imcy,2020,0.020316
RA,RARU_imcy,average,0.020166
RA,RARU_imigy,1995,0.000291
RA,RARU_imigy,1996,0.000326
RA,RARU_imigy,1997,0.000322
RA,RARU_imigy,1998,0.000342
RA,RARU_imigy,1999,0.000300
RA,RARU_imigy,2000,0.000302
RA,RARU_imigy,2001,0.000333
RA,RARU_imigy,2002,0.000348
RA,RARU_imigy,2003,0.000372
RA,RARU_imigy,2004,0.000438
RA,RARU_imigy,2005,0.000477
RA,RARU_imigy,2006,0.000574
RA,RARU_imigy,2007,0.000570
RA,RARU_imigy,2008,0.000555
RA,RARU_imigy,2009,0.000395
RA,RARU_imigy,2010,0.000343
RA,RARU_imigy,2011,0.000403
RA,RARU_imigy,2012,0.000342
RA,RARU_imigy,2013,0.000398
RA,RARU_imigy,2014,0.000385
RA,RARU_imigy,2015,0.000426
RA,RARU_imigy,2016,0.000365
RA,RARU_imigy,2017,0.000350
RA,RARU_imigy,2018,0.000392
RA,RARU_imigy,2019,0.000528
RA,RARU_imigy,2020,0.000437
RA,RARU_imigy,average,0.000409
RA,RARU_imiy,1995,0.007615
RA,RARU_imiy,1996,0.008487
RA,RARU_imiy,1997,0.008847
RA,RARU_imiy,1998,0.009241
RA,RARU_imiy,1999,0.007903
RA,RARU_imiy,2000,0.007382
RA,RARU_imiy,2001,0.007943
RA,RARU_imiy,2002,0.007941
RA,RARU_imiy,2003,0.008425
RA,RARU_imiy,2004,0.009832
RA,RARU_imiy,2005,0.010502
RA,RARU_imiy,2006,0.011528
RA,RARU_imiy,2007,0.011623
RA,RARU_imiy,2008,0.011890
RA,RARU_imiy,2009,0.008780
RA,RARU_imiy,2010,0.008005
RA,RARU_imiy,2011,0.009444
RA,RARU_imiy,2012,0.008789
RA,RARU_imiy,2013,0.009754
RA,RARU_imiy,2014,0.009308
RA,RARU_imiy,2015,0.010356
RA,RARU_imiy,2016,0.010999
RA,RARU_imiy,2017,0.011694
RA,RARU_imiy,2018,0.011007
RA,RARU_imiy,2019,0.015927
RA,RARU_imiy,2020,0.014417
RA,RARU_imiy,average,0.010612
RA,RARW_imcgy,1995,0.011182
RA,RARW_imcgy,1996,0.011071
RA,RARW_imcgy,1997,0.011160
RA,RARW_imcgy,1998,0.010834
RA,RARW_imcgy,1999,0.009623
RA,RARW_imcgy,2000,0.010770
RA,RARW_imcgy,2001,0.010925
RA,RARW_imcgy,2002,0.011310
RA,RARW_imcgy,2003,0.010724
RA,RARW_imcgy,2004,0.011276
RA,RARW_imcgy,2005,0.011150
RA,RARW_imcgy,2006,0.011559
RA,RARW_imcgy,2007,0.011540
RA,RARW_imcgy,2008,0.011760
RA,RARW_imcgy,2009,0.012283
RA,RARW_imcgy,2010,0.013289
RA,RARW_imcgy,2011,0.013259
RA,RARW_imcgy,2012,0.013530
RA,RARW_imcgy,2013,0.012474
RA,RARW_imcgy,2014,0.012428
RA,RARW_imcgy,2015,0.011598
RA,RARW_imcgy,2016,0.011870
RA,RARW_imcgy,2017,0.010986
RA,RARW_imcgy,2018,0.012162
RA,RARW_imcgy,2019,0.012117
RA,RARW_imcgy,2020,0.013879
RA,RARW_imcgy,average,0.012023
RA,RARW_imcy,1995,0.080805
RA,RARW_imcy,1996,0.083129
RA,RARW_imcy,1997,0.084526
RA,RARW_imcy,1998,0.079650
RA,RARW_imcy,1999,0.075100
RA,RARW_imcy,2000,0.079836
RA,RARW_imcy,2001,0.075706
RA,RARW_imcy,2002,0.074892
RA,RARW_imcy,2003,0.070378
RA,RARW_imcy,2004,0.072357
RA,RARW_imcy,2005,0.077517
RA,RARW_imcy,2006,0.078556
RA,RARW_imcy,2007,0.081613
RA,RARW_imcy,2008,0.084074
RA,RARW_imcy,2009,0.082600
RA,RARW_imcy,2010,0.086442
RA,RARW_imcy,2011,0.087333
RA,RARW_imcy,2012,0.090234
RA,RARW_imcy,2013,0.083185
RA,RARW_imcy,2014,0.079008
RA,RARW_imcy,2015,0.072582
RA,RARW_imcy,2016,0.069088
RA,RARW_imcy,2017,0.069587
RA,RARW_imcy,2018,0.069492
RA,RARW_imcy,2019,0.069872
RA,RARW_imcy,2020,0.064823
RA,RARW_imcy,average,0.077052
RA,RARW_imigy,1995,0.001261
RA,RARW_imigy,1996,0.001363
RA,RARW_imigy,1997,0.001430
RA,RARW_imigy,1998,0.001473
RA,RARW_imigy,1999,0.001313
RA,RARW_imigy,2000,0.001528
RA,RARW_imigy,2001,0.001554
RA,RARW_imigy,2002,0.001555
RA,RARW_imigy,2003,0.001587
RA,RARW_imigy,2004,0.001693
RA,RARW_imigy,2005,0.001840
RA,RARW_imigy,2006,0.002022
RA,RARW_imigy,2007,0.001932
RA,RARW_imigy,2008,0.001874
RA,RARW_imigy,2009,0.001428
RA,RARW_imigy,2010,0.001436
RA,RARW_imigy,2011,0.001474
RA,RARW_imigy,2012,0.001319
RA,RARW_imigy,2013,0.001351
RA,RARW_imigy,2014,0.001417
RA,RARW_imigy,2015,0.001603
RA,RARW_imigy,2016,0.001463
RA,RARW_imigy,2017,0.001427
RA,RARW_imigy,2018,0.001426
RA,RARW_imigy,2019,0.002324
RA,RARW_imigy,2020,0.001817
RA,RARW_imigy,average,0.001596
RA,RARW_imiy,1995,0.033020
RA,RARW_imiy,1996,0.035501
RA,RARW_imiy,1997,0.039219
RA,RARW_imiy,1998,0.039868
RA,RARW_imiy,1999,0.034643
RA,RARW_imiy,2000,0.037336
RA,RARW_imiy,2001,0.037071
RA,RARW_imiy,2002,0.035443
RA,RARW_imiy,2003,0.035989
RA,RARW_imiy,2004,0.038026
RA,RARW_imiy,2005,0.040524
RA,RARW_imiy,2006,0.040609
RA,RARW_imiy,2007,0.039382
RA,RARW_imiy,2008,0.040171
RA,RARW_imiy,2009,0.031700
RA,RARW_imiy,2010,0.033513
RA,RARW_imiy,2011,0.034516
RA,RARW_imiy,2012,0.033900
RA,RARW_imiy,2013,0.033132
RA,RARW_imiy,2014,0.034249
RA,RARW_imiy,2015,0.039016
RA,RARW_imiy,2016,0.044079
RA,RARW_imiy,2017,0.047611
RA,RARW_imiy,2018,0.040003
RA,RARW_imiy,2019,0.070085
RA,RARW_imiy,2020,0.059931
RA,RARW_imiy,average,0.041440
RA,RAUS_imcgy,1995,0.003488
RA,RAUS_imcgy,1996,0.003552
RA,RAUS_imcgy,1997,0.003660
RA,RAUS_imcgy,1998,0.004590
RA,RAUS_imcgy,1999,0.004273
RA,RAUS_imcgy,2000,0.003830
RA,RAUS_imcgy,2001,0.003893
RA,RAUS_imcgy,2002,0.004297
RA,RAUS_imcgy,2003,0.003830
RA,RAUS_imcgy,2004,0.003782
RA,RAUS_imcgy,2005,0.004747
RA,RAUS_imcgy,2006,0.004189
RA,RAUS_imcgy,2007,0.004565
RA,RAUS_imcgy,2008,0.003716
RA,RAUS_imcgy,2009,0.004612
RA,RAUS_imcgy,2010,0.004901
RA,RAUS_imcgy,2011,0.005200
RA,RAUS_imcgy,2012,0.004584
RA,RAUS_imcgy,2013,0.004184
RA,RAUS_imcgy,2014,0.004436
RA,RAUS_imcgy,2015,0.005216
RA,RAUS_imcgy,2016,0.006314
RA,RAUS_imcgy,2017,0.005605
RA,RAUS_imcgy,2018,0.004767
RA,RAUS_imcgy,2019,0.004887
RA,RAUS_imcgy,2020,0.005350
RA,RAUS_imcgy,average,0.004681
RA,RAUS_imcy,1995,0.022255
RA,RAUS_imcy,1996,0.022171
RA,RAUS_imcy,1997,0.023767
RA,RAUS_imcy,1998,0.025861
RA,RAUS_imcy,1999,0.022803
RA,RAUS_imcy,2000,0.025438
RA,RAUS_imcy,2001,0.023238
RA,RAUS_imcy,2002,0.022769
RA,RAUS_imcy,2003,0.021733
RA,RAUS_imcy,2004,0.022587
RA,RAUS_imcy,2005,0.024160
RA,RAUS_imcy,2006,0.021161
RA,RAUS_imcy,2007,0.020522
RA,RAUS_imcy,2008,0.016569
RA,RAUS_imcy,2009,0.022760
RA,RAUS_imcy,2010,0.021773
RA,RAUS_imcy,2011,0.022430
RA,RAUS_imcy,2012,0.020701
RA,RAUS_imcy,2013,0.020638
RA,RAUS_imcy,2014,0.021005
RA,RAUS_imcy,2015,0.022581
RA,RAUS_imcy,2016,0.026527
RA,RAUS_imcy,2017,0.021614
RA,RAUS_imcy,2018,0.019775
RA,RAUS_imcy,2019,0.023157
RA,RAUS_imcy,2020,0.019118
RA,RAUS_imcy,average,0.021743
RA,RAUS_imigy,1995,0.000370
RA,RAUS_imigy,1996,0.000394
RA,RAUS_imigy,1997,0.000444
RA,RAUS_imigy,1998,0.000549
RA,RAUS_imigy,1999,0.000740
RA,RAUS_imigy,2000,0.000553
RA,RAUS_imigy,2001,0.000601
RA,RAUS_imigy,2002,0.000666
RA,RAUS_imigy,2003,0.000546
RA,RAUS_imigy,2004,0.000636
RA,RAUS_imigy,2005,0.000881
RA,RAUS_imigy,2006,0.000817
RA,RAUS_imigy,2007,0.000864
RA,RAUS_imigy,2008,0.000648
RA,RAUS_imigy,2009,0.000788
RA,RAUS_imigy,2010,0.000721
RA,RAUS_imigy,2011,0.000611
RA,RAUS_imigy,2012,0.000737
RA,RAUS_imigy,2013,0.000619
RA,RAUS_imigy,2014,0.000704
RA,RAUS_imigy,2015,0.000919
RA,RAUS_imigy,2016,0.001463
RA,RAUS_imigy,2017,0.001145
RA,RAUS_imigy,2018,0.001134
RA,RAUS_imigy,2019,0.001684
RA,RAUS_imigy,2020,0.001385
RA,RAUS_imigy,average,0.000926
RA,RAUS_imiy,1995,0.009682
RA,RAUS_imiy,1996,0.010262
RA,RAUS_imiy,1997,0.012182
RA,RAUS_imiy,1998,0.014861
RA,RAUS_imiy,1999,0.019523
RA,RAUS_imiy,2000,0.013520
RA,RAUS_imiy,2001,0.014333
RA,RAUS_imiy,2002,0.015183
RA,RAUS_imiy,2003,0.012381
RA,RAUS_imiy,2004,0.014290
RA,RAUS_imiy,2005,0.019413
RA,RAUS_imiy,2006,0.016419
RA,RAUS_imiy,2007,0.017619
RA,RAUS_imiy,2008,0.013895
RA,RAUS_imiy,2009,0.017500
RA,RAUS_imiy,2010,0.016820
RA,RAUS_imiy,2011,0.014308
RA,RAUS_imiy,2012,0.018943
RA,RAUS_imiy,2013,0.015182
RA,RAUS_imiy,2014,0.017018
RA,RAUS_imiy,2015,0.022375
RA,RAUS_imiy,2016,0.044062
RA,RAUS_imiy,2017,0.038218
RA,RAUS_imiy,2018,0.031806
RA,RAUS_imiy,2019,0.050793
RA,RAUS_imiy,2020,0.045691
RA,RAUS_imiy,average,0.024047
RA,debt,1995,1.8643
RA,debt,1996,1.7704
RA,debt,1997,1.6406
RA,debt,1998,1.4223
RA,debt,1999,1.4601
RA,debt,2000,1.3264
RA,debt,2001,1.2934
RA,debt,2002,1.2196
RA,debt,2003,1.1952
RA,debt,2004,1.1654
RA,debt,2005,1.0878
RA,debt,2006,1.0055
RA,debt,2007,0.9723
RA,debt,2008,1.3087
RA,debt,2009,1.8314
RA,debt,2010,2.3625
RA,debt,2011,2.8365
RA,debt,2012,3.1176
RA,debt,2013,3.2362
RA,debt,2014,3.0072
RA,debt,2015,2.5240
RA,debt,2016,2.4652
RA,debt,2017,2.2961
RA,debt,2018,2.1808
RA,debt,2019,2.0556
RA,debt,2020,2.3258
RA,debt,average,1.8880
RA,imcgy,1995,0.028652
RA,imcgy,1996,0.028797
RA,imcgy,1997,0.027100
RA,imcgy,1998,0.028227
RA,imcgy,1999,0.026160
RA,imcgy,2000,0.027150
RA,imcgy,2001,0.027688
RA,imcgy,2002,0.029318
RA,imcgy,2003,0.028243
RA,imcgy,2004,0.028311
RA,imcgy,2005,0.028555
RA,imcgy,2006,0.029034
RA,imcgy,2007,0.028623
RA,imcgy,2008,0.029364
RA,imcgy,2009,0.031574
RA,imcgy,2010,0.033309
RA,imcgy,2011,0.033939
RA,imcgy,2012,0.032571
RA,imcgy,2013,0.031483
RA,imcgy,2014,0.032024
RA,imcgy,2015,0.031130
RA,imcgy,2016,0.032880
RA,imcgy,2017,0.031129
RA,imcgy,2018,0.033234
RA,imcgy,2019,0.034271
RA,imcgy,2020,0.037285
RA,imcgy,average,0.031381
RA,imcy,1995,0.190958
RA,imcy,1996,0.193153
RA,imcy,1997,0.193467
RA,imcy,1998,0.191314
RA,imcy,1999,0.187493
RA,imcy,2000,0.194385
RA,imcy,2001,0.187703
RA,imcy,2002,0.188038
RA,imcy,2003,0.186268
RA,imcy,2004,0.192184
RA,imcy,2005,0.196571
RA,imcy,2006,0.195408
RA,imcy,2007,0.196438
RA,imcy,2008,0.198888
RA,imcy,2009,0.201132
RA,imcy,2010,0.203555
RA,imcy,2011,0.204790
RA,imcy,2012,0.203334
RA,imcy,2013,0.198816
RA,imcy,2014,0.194154
RA,imcy,2015,0.183443
RA,imcy,2016,0.184960
RA,imcy,2017,0.180592
RA,imcy,2018,0.177553
RA,imcy,2019,0.182302
RA,imcy,2020,0.166417
RA,imcy,average,0.190466
RA,imigy,1995,0.003393
RA,imigy,1996,0.003773
RA,imigy,1997,0.003867
RA,imigy,1998,0.004169
RA,imigy,1999,0.004149
RA,imigy,2000,0.004260
RA,imigy,2001,0.004444
RA,imigy,2002,0.004635
RA,imigy,2003,0.004633
RA,imigy,2004,0.004937
RA,imigy,2005,0.005354
RA,imigy,2006,0.005840
RA,imigy,2007,0.005641
RA,imigy,2008,0.005114
RA,imigy,2009,0.004169
RA,imigy,2010,0.003869
RA,imigy,2011,0.003970
RA,imigy,2012,0.003835
RA,imigy,2013,0.003834
RA,imigy,2014,0.004093
RA,imigy,2015,0.004739
RA,imigy,2016,0.005181
RA,imigy,2017,0.004689
RA,imigy,2018,0.004916
RA,imigy,2019,0.007219
RA,imigy,2020,0.005752
RA,imigy,average,0.004807
RA,imiy,1995,0.088865
RA,imiy,1996,0.098243
RA,imiy,1997,0.106089
RA,imiy,1998,0.112789
RA,imiy,1999,0.109471
RA,imiy,2000,0.104085
RA,imiy,2001,0.106028
RA,imiy,2002,0.105659
RA,imiy,2003,0.105072
RA,imiy,2004,0.110893
RA,imiy,2005,0.117945
RA,imiy,2006,0.117310
RA,imiy,2007,0.114981
RA,imiy,2008,0.109617
RA,imiy,2009,0.092549
RA,imiy,2010,0.090300
RA,imiy,2011,0.092928
RA,imiy,2012,0.098566
RA,imiy,2013,0.094028
RA,imiy,2014,0.098937
RA,imiy,2015,0.115318
RA,imiy,2016,0.156048
RA,imiy,2017,0.156432
RA,imiy,2018,0.137924
RA,imiy,2019,0.217702
RA,imiy,2020,0.189744
RA,imiy,average,0.124834
RA,imy,1995,0.311868
RA,imy,1996,0.323966
RA,imy,1997,0.330522
RA,imy,1998,0.336500
RA,imy,1999,0.327274
RA,imy,2000,0.329880
RA,imy,2001,0.325864
RA,imy,2002,0.327651
RA,imy,2003,0.324217
RA,imy,2004,0.336325
RA,imy,2005,0.348425
RA,imy,2006,0.347592
RA,imy,2007,0.345682
RA,imy,2008,0.342984
RA,imy,2009,0.329424
RA,imy,2010,0.331032
RA,imy,2011,0.335628
RA,imy,2012,0.338306
RA,imy,2013,0.328161
RA,imy,2014,0.329208
RA,imy,2015,0.334629
RA,imy,2016,0.379068
RA,imy,2017,0.372841
RA,imy,2018,0.353627
RA,imy,2019,0.441495
RA,imy,2020,0.399198
RA,imy,average,0.351488
RA,private_consumption,1995,0.5259
RA,private_consumption,1996,0.5222
RA,private_consumption,1997,0.5084
RA,private_consumption,1998,0.4966
RA,private_consumption,1999,0.4924
RA,private_consumption,2000,0.4852
RA,private_consumption,2001,0.4721
RA,private_consumption,2002,0.4720
RA,private_consumption,2003,0.4718
RA,private_consumption,2004,0.4675
RA,private_consumption,2005,0.4590
RA,private_consumption,2006,0.4453
RA,private_consumption,2007,0.4465
RA,private_consumption,2008,0.4578
RA,private_consumption,2009,0.4739
RA,private_consumption,2010,0.4664
RA,private_consumption,2011,0.4574
RA,private_consumption,2012,0.4554
RA,private_consumption,2013,0.4520
RA,private_consumption,2014,0.4369
RA,private_consumption,2015,0.4023
RA,private_consumption,2016,0.4018
RA,private_consumption,2017,0.3953
RA,private_consumption,2018,0.3894
RA,private_consumption,2019,0.3728
RA,private_consumption,2020,0.3625
RA,private_consumption,average,0.4366
RA,private_investment,1995,0.1653
RA,private_investment,1996,0.1800
RA,private_investment,1997,0.1914
RA,private_investment,1998,0.1997
RA,private_investment,1999,0.2021
RA,private_investment,2000,0.1903
RA,private_investment,2001,0.1906
RA,private_investment,2002,0.1911
RA,private_investment,2003,0.1968
RA,private_investment,2004,0.2061
RA,private_investment,2005,0.2175
RA,private_investment,2006,0.2205
RA,private_investment,2007,0.2146
RA,private_investment,2008,0.2025
RA,private_investment,2009,0.1711
RA,private_investment,2010,0.1518
RA,private_investment,2011,0.1541
RA,private_investment,2012,0.1568
RA,private_investment,2013,0.1525
RA,private_investment,2014,0.1572
RA,private_investment,2015,0.1758
RA,private_investment,2016,0.2119
RA,private_investment,2017,0.2093
RA,private_investment,2018,0.1925
RA,private_investment,2019,0.2859
RA,private_investment,2020,0.2456
RA,private_investment,average,0.1968
RA,public_consumption,1995,0.2010
RA,public_consumption,1996,0.1959
RA,public_consumption,1997,0.1892
RA,public_consumption,1998,0.1899
RA,public_consumption,1999,0.1854
RA,public_consumption,2000,0.1780
RA,public_consumption,2001,0.1749
RA,public_consumption,2002,0.1796
RA,public_consumption,2003,0.1819
RA,public_consumption,2004,0.1793
RA,public_consumption,2005,0.1753
RA,public_consumption,2006,0.1699
RA,public_consumption,2007,0.1680
RA,public_consumption,2008,0.1788
RA,public_consumption,2009,0.1998
RA,public_consumption,2010,0.1897
RA,public_consumption,2011,0.1904
RA,public_consumption,2012,0.1836
RA,public_consumption,2013,0.1773
RA,public_consumption,2014,0.1729
RA,public_consumption,2015,0.1578
RA,public_consumption,2016,0.1559
RA,public_consumption,2017,0.1551
RA,public_consumption,2018,0.1545
RA,public_consumption,2019,0.1514
RA,public_consumption,2020,0.1692
RA,public_consumption,average,0.1732
RA,public_investment,1995,0.0322
RA,public_investment,1996,0.0350
RA,public_investment,1997,0.0372
RA,public_investment,1998,0.0388
RA,public_investment,1999,0.0393
RA,public_investment,2000,0.0370
RA,public_investment,2001,0.0371
RA,public_investment,2002,0.0372
RA,public_investment,2003,0.0383
RA,public_investment,2004,0.0401
RA,public_investment,2005,0.0423
RA,public_investment,2006,0.0429
RA,public_investment,2007,0.0418
RA,public_investment,2008,0.0394
RA,public_investment,2009,0.0333
RA,public_investment,2010,0.0295
RA,public_investment,2011,0.0300
RA,public_investment,2012,0.0305
RA,public_investment,2013,0.0297
RA,public_investment,2014,0.0306
RA,public_investment,2015,0.0342
RA,public_investment,2016,0.0412
RA,public_investment,2017,0.0407
RA,public_investment,2018,0.0375
RA,public_investment,2019,0.0556
RA,public_investment,2020,0.0478
RA,public_investment,average,0.0383
RA,size,1995,0.005848
RA,size,1996,0.006165
RA,size,1997,0.006470
RA,size,1998,0.007007
RA,size,1999,0.006865
RA,size,2000,0.006615
RA,size,2001,0.007219
RA,size,2002,0.007915
RA,size,2003,0.009066
RA,size,2004,0.009628
RA,size,2005,0.009868
RA,size,2006,0.010503
RA,size,2007,0.011458
RA,size,2008,0.011585
RA,size,2009,0.010373
RA,size,2010,0.009298
RA,size,2011,0.009095
RA,size,2012,0.008462
RA,size,2013,0.008753
RA,size,2014,0.009010
RA,size,2015,0.009012
RA,size,2016,0.009286
RA,size,2017,0.009425
RA,size,2018,0.009883
RA,size,2019,0.010277
RA,size,2020,0.010483
RA,size,average,0.009203
RA,tax_SSC_firms,1995,0.1514
RA,tax_SSC_firms,1996,0.1481
RA,tax_SSC_firms,1997,0.1439
RA,tax_SSC_firms,1998,0.1459
RA,tax_SSC_firms,1999,0.1428
RA,tax_SSC_firms,2000,0.1435
RA,tax_SSC_firms,2001,0.1436
RA,tax_SSC_firms,2002,0.1423
RA,tax_SSC_firms,2003,0.1398
RA,tax_SSC_firms,2004,0.1376
RA,tax_SSC_firms,2005,0.1340
RA,tax_SSC_firms,2006,0.1334
RA,tax_SSC_firms,2007,0.1349
RA,tax_SSC_firms,2008,0.1363
RA,tax_SSC_firms,2009,0.1379
RA,tax_SSC_firms,2010,0.1392
RA,tax_SSC_firms,2011,0.1407
RA,tax_SSC_firms,2012,0.1393
RA,tax_SSC_firms,2013,0.1440
RA,tax_SSC_firms,2014,0.1468
RA,tax_SSC_firms,2015,0.1483
RA,tax_SSC_firms,2016,0.1464
RA,tax_SSC_firms,2017,0.1477
RA,tax_SSC_firms,2018,0.1483
RA,tax_SSC_firms,2019,0.1308
RA,tax_SSC_firms,2020,0.1264
RA,tax_SSC_firms,average,0.1413
RA,tax_SSC_households,1995,0.0767
RA,tax_SSC_households,1996,0.0775
RA,tax_SSC_households,1997,0.0746
RA,tax_SSC_households,1998,0.0727
RA,tax_SSC_households,1999,0.0738
RA,tax_SSC_households,2000,0.0753
RA,tax_SSC_households,2001,0.0758
RA,tax_SSC_households,2002,0.0758
RA,tax_SSC_households,2003,0.0747
RA,tax_SSC_households,2004,0.0758
RA,tax_SSC_households,2005,0.0742
RA,tax_SSC_households,2006,0.0708
RA,tax_SSC_households,2007,0.0704
RA,tax_SSC_households,2008,0.0711
RA,tax_SSC_households,2009,0.0863
RA,tax_SSC_households,2010,0.0895
RA,tax_SSC_households,2011,0.0882
RA,tax_SSC_households,2012,0.0880
RA,tax_SSC_households,2013,0.0874
RA,tax_SSC_households,2014,0.0870
RA,tax_SSC_households,2015,0.0856
RA,tax_SSC_households,2016,0.0830
RA,tax_SSC_households,2017,0.0834
RA,tax_SSC_households,2018,0.0845
RA,tax_SSC_households,2019,0.0919
RA,tax_SSC_households,2020,0.0924
RA,tax_SSC_households,average,0.0802
RA,tax_capital,1995,0.0711
RA,tax_capital,1996,0.0693
RA,tax_capital,1997,0.0685
RA,tax_capital,1998,0.0691
RA,tax_capital,1999,0.0709
RA,tax_capital,2000,0.0660
RA,tax_capital,2001,0.0637
RA,tax_capital,2002,0.0673
RA,tax_capital,2003,0.0685
RA,tax_capital,2004,0.0643
RA,tax_capital,2005,0.0663
RA,tax_capital,2006,0.0711
RA,tax_capital,2007,0.0698
RA,tax_capital,2008,0.0662
RA,tax_capital,2009,0.0576
RA,tax_capital,2010,0.0525
RA,tax_capital,2011,0.0493
RA,tax_capital,2012,0.0494
RA,tax_capital,2013,0.0511
RA,tax_capital,2014,0.0505
RA,tax_capital,2015,0.0496
RA,tax_capital,2016,0.0528
RA,tax_capital,2017,0.0533
RA,tax_capital,2018,0.0584
RA,tax_capital,2019,0.0559
RA,tax_capital,2020,0.0534
RA,tax_capital,average,0.0610
RA,tax_consumption,1995,0.2422
RA,tax_consumption,1996,0.2394
RA,tax_consumption,1997,0.2372
RA,tax_consumption,1998,0.2527
RA,tax_consumption,1999,0.2563
RA,tax_consumption,2000,0.2558
RA,tax_consumption,2001,0.2415
RA,tax_consumption,2002,0.2465
RA,tax_consumption,2003,0.2484
RA,tax_consumption,2004,0.2530
RA,tax_consumption,2005,0.2579
RA,tax_consumption,2006,0.2540
RA,tax_consumption,2007,0.2482
RA,tax_consumption,2008,0.2297
RA,tax_consumption,2009,0.2208
RA,tax_consumption,2010,0.2232
RA,tax_consumption,2011,0.2264
RA,tax_consumption,2012,0.2278
RA,tax_consumption,2013,0.2337
RA,tax_consumption,2014,0.2430
RA,tax_consumption,2015,0.2439
RA,tax_consumption,2016,0.2448
RA,tax_consumption,2017,0.2465
RA,tax_consumption,2018,0.2436
RA,tax_consumption,2019,0.2473
RA,tax_consumption,2020,0.2413
RA,tax_consumption,average,0.2425
RA,tax_income,1995,0.1982
RA,tax_income,1996,0.2000
RA,tax_income,1997,0.1978
RA,tax_income,1998,0.2021
RA,tax_income,1999,0.2049
RA,tax_income,2000,0.2019
RA,tax_income,2001,0.1913
RA,tax_income,2002,0.1863
RA,tax_income,2003,0.1828
RA,tax_income,2004,0.1910
RA,tax_income,2005,0.1867
RA,tax_income,2006,0.1865
RA,tax_income,2007,0.1811
RA,tax_income,2008,0.1752
RA,tax_income,2009,0.1677
RA,tax_income,2010,0.1693
RA,tax_income,2011,0.1757
RA,tax_income,2012,0.1845
RA,tax_income,2013,0.1861
RA,tax_income,2014,0.1900
RA,tax_income,2015,0.1919
RA,tax_income,2016,0.1902
RA,tax_income,2017,0.1854
RA,tax_income,2018,0.1855
RA,tax_income,2019,0.1891
RA,tax_income,2020,0.1868
RA,tax_income,average,0.1880
RA,tby,1995,0.132233
RA,tby,1996,0.121216
RA,tby,1997,0.130523
RA,tby,1998,0.142384
RA,tby,1999,0.166507
RA,tby,2000,0.203685
RA,tby,2001,0.226077
RA,tby,2002,0.216879
RA,tby,2003,0.200741
RA,tby,2004,0.196872
RA,tby,2005,0.192234
RA,tby,2006,0.192195
RA,tby,2007,0.189070
RA,tby,2008,0.194604
RA,tby,2009,0.242810
RA,tby,2010,0.283331
RA,tby,2011,0.302122
RA,tby,2012,0.325296
RA,tby,2013,0.342277
RA,tby,2014,0.362128
RA,tby,2015,0.421423
RA,tby,2016,0.368989
RA,tby,2017,0.394506
RA,tby,2018,0.435667
RA,tby,2019,0.334889
RA,tby,2020,0.428727
RA,tby,average,0.295845
RA,trybar,1995,0.1376
RA,trybar,1996,0.1406
RA,trybar,1997,0.1386
RA,trybar,1998,0.1347
RA,trybar,1999,0.1308
RA,trybar,2000,0.1229
RA,trybar,2001,0.1246
RA,trybar,2002,0.1282
RA,trybar,2003,0.1266
RA,trybar,2004,0.1278
RA,trybar,2005,0.1306
RA,trybar,2006,0.1290
RA,trybar,2007,0.1292
RA,trybar,2008,0.1426
RA,trybar,2009,0.1718
RA,trybar,2010,0.1695
RA,trybar,2011,0.1641
RA,trybar,2012,0.1634
RA,trybar,2013,0.1597
RA,trybar,2014,0.1526
RA,trybar,2015,0.1337
RA,trybar,2016,0.1324
RA,trybar,2017,0.1263
RA,trybar,2018,0.1231
RA,trybar,2019,0.1222
RA,trybar,2020,0.1368
RA,trybar,average,0.1387
RU,RUAT_imcgy,1995,0.000741
RU,RUAT_imcgy,1996,0.000696
RU,RUAT_imcgy,1997,0.000744
RU,RUAT_imcgy,1998,0.000754
RU,RUAT_imcgy,1999,0.000751
RU,RUAT_imcgy,2000,0.000737
RU,RUAT_imcgy,2001,0.000767
RU,RUAT_imcgy,2002,0.000793
RU,RUAT_imcgy,2003,0.000811
RU,RUAT_imcgy,2004,0.000807
RU,RUAT_imcgy,2005,0.000768
RU,RUAT_imcgy,2006,0.000773
RU,RUAT_imcgy,2007,0.000825
RU,RUAT_imcgy,2008,0.000916
RU,RUAT_imcgy,2009,0.000943
RU,RUAT_imcgy,2010,0.000926
RU,RUAT_imcgy,2011,0.000926
RU,RUAT_imcgy,2012,0.000891
RU,RUAT_imcgy,2013,0.000883
RU,RUAT_imcgy,2014,0.000944
RU,RUAT_imcgy,2015,0.000887
RU,RUAT_imcgy,2016,0.000870
RU,RUAT_imcgy,2017,0.000840
RU,RUAT_imcgy,2018,0.000939
RU,RUAT_imcgy,2019,0.000958
RU,RUAT_imcgy,2020,0.000912
RU,RUAT_imcgy,average,0.000865
RU,RUAT_imcy,1995,0.004279
RU,RUAT_imcy,1996,0.004030
RU,RUAT_imcy,1997,0.004278
RU,RUAT_imcy,1998,0.004324
RU,RUAT_imcy,1999,0.004305
RU,RUAT_imcy,2000,0.004301
RU,RUAT_imcy,2001,0.004501
RU,RUAT_imcy,2002,0.004747
RU,RUAT_imcy,2003,0.004840
RU,RUAT_imcy,2004,0.004831
RU,RUAT_imcy,2005,0.004495
RU,RUAT_imcy,2006,0.004326
RU,RUAT_imcy,2007,0.004599
RU,RUAT_imcy,2008,0.004949
RU,RUAT_imcy,2009,0.004771
RU,RUAT_imcy,2010,0.005105
RU,RUAT_imcy,2011,0.005090
RU,RUAT_imcy,2012,0.005028
RU,RUAT_imcy,2013,0.004868
RU,RUAT_imcy,2014,0.004974
RU,RUAT_imcy,2015,0.004832
RU,RUAT_imcy,2016,0.004899
RU,RUAT_imcy,2017,0.004926
RU,RUAT_imcy,2018,0.005482
RU,RUAT_imcy,2019,0.005385
RU,RUAT_imcy,2020,0.004757
RU,RUAT_imcy,average,0.004834
RU,RUAT_imigy,1995,0.000097
RU,RUAT_imigy,1996,0.000095
RU,RUAT_imigy,1997,0.000108
RU,RUAT_imigy,1998,0.000112
RU,RUAT_imigy,1999,0.000104
RU,RUAT_imigy,2000,0.000104
RU,RUAT_imigy,2001,0.000109
RU,RUAT_imigy,2002,0.000105
RU,RUAT_imigy,2003,0.000102
RU,RUAT_imigy,2004,0.000113
RU,RUAT_imigy,2005,0.000115
RU,RUAT_imigy,2006,0.000125
RU,RUAT_imigy,2007,0.000148
RU,RUAT_imigy,2008,0.000167
RU,RUAT_imigy,2009,0.000135
RU,RUAT_imigy,2010,0.000127
RU,RUAT_imigy,2011,0.000133
RU,RUAT_imigy,2012,0.000133
RU,RUAT_imigy,2013,0.000126
RU,RUAT_imigy,2014,0.000133
RU,RUAT_imigy,2015,0.000130
RU,RUAT_imigy,2016,0.000124
RU,RUAT_imigy,2017,0.000126
RU,RUAT_imigy,2018,0.000129
RU,RUAT_imigy,2019,0.000131
RU,RUAT_imigy,2020,0.000121
RU,RUAT_imigy,average,0.000125
RU,RUAT_imiy,1995,0.002580
RU,RUAT_imiy,1996,0.002471
RU,RUAT_imiy,1997,0.002858
RU,RUAT_imiy,1998,0.002951
RU,RUAT_imiy,1999,0.002722
RU,RUAT_imiy,2000,0.002693
RU,RUAT_imiy,2001,0.002636
RU,RUAT_imiy,2002,0.002542
RU,RUAT_imiy,2003,0.002432
RU,RUAT_imiy,2004,0.002676
RU,RUAT_imiy,2005,0.002503
RU,RUAT_imiy,2006,0.002603
RU,RUAT_imiy,2007,0.003013
RU,RUAT_imiy,2008,0.003200
RU,RUAT_imiy,2009,0.002505
RU,RUAT_imiy,2010,0.002573
RU,RUAT_imiy,2011,0.002632
RU,RUAT_imiy,2012,0.002652
RU,RUAT_imiy,2013,0.002615
RU,RUAT_imiy,2014,0.002760
RU,RUAT_imiy,2015,0.002742
RU,RUAT_imiy,2016,0.002604
RU,RUAT_imiy,2017,0.002661
RU,RUAT_imiy,2018,0.002743
RU,RUAT_imiy,2019,0.002765
RU,RUAT_imiy,2020,0.002481
RU,RUAT_imiy,average,0.002688
RU,RUBE_imcgy,1995,0.000861
RU,RUBE_imcgy,1996,0.000786
RU,RUBE_imcgy,1997,0.000816
RU,RUBE_imcgy,1998,0.000784
RU,RUBE_imcgy,1999,0.000788
RU,RUBE_imcgy,2000,0.000814
RU,RUBE_imcgy,2001,0.000797
RU,RUBE_imcgy,2002,0.000793
RU,RUBE_imcgy,2003,0.000822
RU,RUBE_imcgy,2004,0.000839
RU,RUBE_imcgy,2005,0.000850
RU,RUBE_imcgy,2006,0.000834
RU,RUBE_imcgy,2007,0.000871
RU,RUBE_imcgy,2008,0.001084
RU,RUBE_imcgy,2009,0.001064
RU,RUBE_imcgy,2010,0.000998
RU,RUBE_imcgy,2011,0.000976
RU,RUBE_imcgy,2012,0.001045
RU,RUBE_imcgy,2013,0.001015
RU,RUBE_imcgy,2014,0.000999
RU,RUBE_imcgy,2015,0.000947
RU,RUBE_imcgy,2016,0.001118
RU,RUBE_imcgy,2017,0.001158
RU,RUBE_imcgy,2018,0.001112
RU,RUBE_imcgy,2019,0.000973
RU,RUBE_imcgy,2020,0.000920
RU,RUBE_imcgy,average,0.000962
RU,RUBE_imcy,1995,0.003720
RU,RUBE_imcy,1996,0.003472
RU,RUBE_imcy,1997,0.003642
RU,RUBE_imcy,1998,0.003726
RU,RUBE_imcy,1999,0.003630
RU,RUBE_imcy,2000,0.003851
RU,RUBE_imcy,2001,0.003602
RU,RUBE_imcy,2002,0.003882
RU,RUBE_imcy,2003,0.004047
RU,RUBE_imcy,2004,0.004099
RU,RUBE_imcy,2005,0.003884
RU,RUBE_imcy,2006,0.003818
RU,RUBE_imcy,2007,0.003908
RU,RUBE_imcy,2008,0.004132
RU,RUBE_imcy,2009,0.003928
RU,RUBE_imcy,2010,0.003903
RU,RUBE_imcy,2011,0.003848
RU,RUBE_imcy,2012,0.003973
RU,RUBE_imcy,2013,0.003885
RU,RUBE_imcy,2014,0.003892
RU,RUBE_imcy,2015,0.003767
RU,RUBE_imcy,2016,0.004058
RU,RUBE_imcy,2017,0.004198
RU,RUBE_imcy,2018,0.004010
RU,RUBE_imcy,2019,0.003841
RU,RUBE_imcy,2020,0.003740
RU,RUBE_imcy,average,0.003898
RU,RUBE_imigy,1995,0.000075
RU,RUBE_imigy,1996,0.000073
RU,RUBE_imigy,1997,0.000074
RU,RUBE_imigy,1998,0.000077
RU,RUBE_imigy,1999,0.000078
RU,RUBE_imigy,2000,0.000084
RU,RUBE_imigy,2001,0.000081
RU,RUBE_imigy,2002,0.000080
RU,RUBE_imigy,2003,0.000086
RU,RUBE_imigy,2004,0.000088
RU,RUBE_imigy,2005,0.000095
RU,RUBE_imigy,2006,0.000108
RU,RUBE_imigy,2007,0.000113
RU,RUBE_imigy,2008,0.000126
RU,RUBE_imigy,2009,0.000105
RU,RUBE_imigy,2010,0.000087
RU,RUBE_imigy,2011,0.000090
RU,RUBE_imigy,2012,0.000090
RU,RUBE_imigy,2013,0.000083
RU,RUBE_imigy,2014,0.000089
RU,RUBE_imigy,2015,0.000082
RU,RUBE_imigy,2016,0.000083
RU,RUBE_imigy,2017,0.000082
RU,RUBE_imigy,2018,0.000079
RU,RUBE_imigy,2019,0.000081
RU,RUBE_imigy,2020,0.000077
RU,RUBE_imigy,average,0.000089
RU,RUBE_imiy,1995,0.001997
RU,RUBE_imiy,1996,0.001885
RU,RUBE_imiy,1997,0.001965
RU,RUBE_imiy,1998,0.002039
RU,RUBE_imiy,1999,0.002026
RU,RUBE_imiy,2000,0.002182
RU,RUBE_imiy,2001,0.001951
RU,RUBE_imiy,2002,0.001942
RU,RUBE_imiy,2003,0.002046
RU,RUBE_imiy,2004,0.002083
RU,RUBE_imiy,2005,0.002060
RU,RUBE_imiy,2006,0.002246
RU,RUBE_imiy,2007,0.002315
RU,RUBE_imiy,2008,0.002420
RU,RUBE_imiy,2009,0.001954
RU,RUBE_imiy,2010,0.001775
RU,RUBE_imiy,2011,0.001774
RU,RUBE_imiy,2012,0.001795
RU,RUBE_imiy,2013,0.001717
RU,RUBE_imiy,2014,0.001830
RU,RUBE_imiy,2015,0.001733
RU,RUBE_imiy,2016,0.001741
RU,RUBE_imiy,2017,0.001734
RU,RUBE_imiy,2018,0.001681
RU,RUBE_imiy,2019,0.001715
RU,RUBE_imiy,2020,0.001589
RU,RUBE_imiy,average,0.001899
RU,RUDE_imcgy,1995,0.003637
RU,RUDE_imcgy,1996,0.003545
RU,RUDE_imcgy,1997,0.003595
RU,RUDE_imcgy,1998,0.003743
RU,RUDE_imcgy,1999,0.003783
RU,RUDE_imcgy,2000,0.003808
RU,RUDE_imcgy,2001,0.003917
RU,RUDE_imcgy,2002,0.003949
RU,RUDE_imcgy,2003,0.004268
RU,RUDE_imcgy,2004,0.004377
RU,RUDE_imcgy,2005,0.004478
RU,RUDE_imcgy,2006,0.004702
RU,RUDE_imcgy,2007,0.004707
RU,RUDE_imcgy,2008,0.004884
RU,RUDE_imcgy,2009,0.004796
RU,RUDE_imcgy,2010,0.004421
RU,RUDE_imcgy,2011,0.004520
RU,RUDE_imcgy,2012,0.004533
RU,RUDE_imcgy,2013,0.004442
RU,RUDE_imcgy,2014,0.004628
RU,RUDE_imcgy,2015,0.004510
RU,RUDE_imcgy,2016,0.004635
RU,RUDE_imcgy,2017,0.004591
RU,RUDE_imcgy,2018,0.004661
RU,RUDE_imcgy,2019,0.004544
RU,RUDE_imcgy,2020,0.004579
RU,RUDE_imcgy,average,0.004451
RU,RUDE_imcy,1995,0.020151
RU,RUDE_imcy,1996,0.020101
RU,RUDE_imcy,1997,0.021263
RU,RUDE_imcy,1998,0.023090
RU,RUDE_imcy,1999,0.022331
RU,RUDE_imcy,2000,0.023477
RU,RUDE_imcy,2001,0.023371
RU,RUDE_imcy,2002,0.024044
RU,RUDE_imcy,2003,0.024832
RU,RUDE_imcy,2004,0.026922
RU,RUDE_imcy,2005,0.027539
RU,RUDE_imcy,2006,0.027465
RU,RUDE_imcy,2007,0.027779
RU,RUDE_imcy,2008,0.027503
RU,RUDE_imcy,2009,0.026553
RU,RUDE_imcy,2010,0.027378
RU,RUDE_imcy,2011,0.027934
RU,RUDE_imcy,2012,0.028160
RU,RUDE_imcy,2013,0.028131
RU,RUDE_imcy,2014,0.029063
RU,RUDE_imcy,2015,0.029126
RU,RUDE_imcy,2016,0.030172
RU,RUDE_imcy,2017,0.030821
RU,RUDE_imcy,2018,0.030918
RU,RUDE_imcy,2019,0.029684
RU,RUDE_imcy,2020,0.028951
RU,RUDE_imcy,average,0.027478
RU,RUDE_imigy,1995,0.000659
RU,RUDE_imigy,1996,0.000665
RU,RUDE_imigy,1997,0.000689
RU,RUDE_imigy,1998,0.000771
RU,RUDE_imigy,1999,0.000740
RU,RUDE_imigy,2000,0.000776
RU,RUDE_imigy,2001,0.000821
RU,RUDE_imigy,2002,0.000810
RU,RUDE_imigy,2003,0.000833
RU,RUDE_imigy,2004,0.000889
RU,RUDE_imigy,2005,0.000971
RU,RUDE_imigy,2006,0.001074
RU,RUDE_imigy,2007,0.001197
RU,RUDE_imigy,2008,0.001248
RU,RUDE_imigy,2009,0.000978
RU,RUDE_imigy,2010,0.000936
RU,RUDE_imigy,2011,0.001007
RU,RUDE_imigy,2012,0.000999
RU,RUDE_imigy,2013,0.000936
RU,RUDE_imigy,2014,0.000985
RU,RUDE_imigy,2015,0.000988
RU,RUDE_imigy,2016,0.000988
RU,RUDE_imigy,2017,0.000983
RU,RUDE_imigy,2018,0.000977
RU,RUDE_imigy,2019,0.000954
RU,RUDE_imigy,2020,0.000902
RU,RUDE_imigy,average,0.000951
RU,RUDE_imiy,1995,0.017588
RU,RUDE_imiy,1996,0.017247
RU,RUDE_imiy,1997,0.018234
RU,RUDE_imiy,1998,0.020399
RU,RUDE_imiy,1999,0.019316
RU,RUDE_imiy,2000,0.020178
RU,RUDE_imiy,2001,0.019766
RU,RUDE_imiy,2002,0.019593
RU,RUDE_imiy,2003,0.019922
RU,RUDE_imiy,2004,0.021056
RU,RUDE_imiy,2005,0.021044
RU,RUDE_imiy,2006,0.022346
RU,RUDE_imiy,2007,0.024441
RU,RUDE_imiy,2008,0.023927
RU,RUDE_imiy,2009,0.018155
RU,RUDE_imiy,2010,0.019009
RU,RUDE_imiy,2011,0.019919
RU,RUDE_imiy,2012,0.019926
RU,RUDE_imiy,2013,0.019405
RU,RUDE_imiy,2014,0.020369
RU,RUDE_imiy,2015,0.020848
RU,RUDE_imiy,2016,0.020813
RU,RUDE_imiy,2017,0.020820
RU,RUDE_imiy,2018,0.020816
RU,RUDE_imiy,2019,0.020140
RU,RUDE_imiy,2020,0.018567
RU,RUDE_imiy,average,0.020370
RU,RUES_imcgy,1995,0.000413
RU,RUES_imcgy,1996,0.000406
RU,RUES_imcgy,1997,0.000444
RU,RUES_imcgy,1998,0.000500
RU,RUES_imcgy,1999,0.000560
RU,RUES_imcgy,2000,0.000585
RU,RUES_imcgy,2001,0.000626
RU,RUES_imcgy,2002,0.000666
RU,RUES_imcgy,2003,0.000708
RU,RUES_imcgy,2004,0.000661
RU,RUES_imcgy,2005,0.000665
RU,RUES_imcgy,2006,0.000666
RU,RUES_imcgy,2007,0.000712
RU,RUES_imcgy,2008,0.000728
RU,RUES_imcgy,2009,0.000715
RU,RUES_imcgy,2010,0.000726
RU,RUES_imcgy,2011,0.000712
RU,RUES_imcgy,2012,0.000713
RU,RUES_imcgy,2013,0.000715
RU,RUES_imcgy,2014,0.000709
RU,RUES_imcgy,2015,0.000677
RU,RUES_imcgy,2016,0.000709
RU,RUES_imcgy,2017,0.000729
RU,RUES_imcgy,2018,0.000715
RU,RUES_imcgy,2019,0.000707
RU,RUES_imcgy,2020,0.000659
RU,RUES_imcgy,average,0.000675
RU,RUES_imcy,1995,0.002485
RU,RUES_imcy,1996,0.002778
RU,RUES_imcy,1997,0.003131
RU,RUES_imcy,1998,0.003455
RU,RUES_imcy,1999,0.003570
RU,RUES_imcy,2000,0.003960
RU,RUES_imcy,2001,0.004187
RU,RUES_imcy,2002,0.004337
RU,RUES_imcy,2003,0.004524
RU,RUES_imcy,2004,0.004436
RU,RUES_imcy,2005,0.004489
RU,RUES_imcy,2006,0.004190
RU,RUES_imcy,2007,0.004290
RU,RUES_imcy,2008,0.004396
RU,RUES_imcy,2009,0.004344
RU,RUES_imcy,2010,0.004312
RU,RUES_imcy,2011,0.004443
RU,RUES_imcy,2012,0.004527
RU,RUES_imcy,2013,0.004708
RU,RUES_imcy,2014,0.004663
RU,RUES_imcy,2015,0.004795
RU,RUES_imcy,2016,0.005176
RU,RUES_imcy,2017,0.005470
RU,RUES_imcy,2018,0.005569
RU,RUES_imcy,2019,0.005409
RU,RUES_imcy,2020,0.004196
RU,RUES_imcy,average,0.004503
RU,RUES_imigy,1995,0.000038
RU,RUES_imigy,1996,0.000050
RU,RUES_imigy,1997,0.000056
RU,RUES_imigy,1998,0.000067
RU,RUES_imigy,1999,0.000069
RU,RUES_imigy,2000,0.000075
RU,RUES_imigy,2001,0.000079
RU,RUES_imigy,2002,0.000074
RU,RUES_imigy,2003,0.000080
RU,RUES_imigy,2004,0.000091
RU,RUES_imigy,2005,0.000086
RU,RUES_imigy,2006,0.000089
RU,RUES_imigy,2007,0.000105
RU,RUES_imigy,2008,0.000113
RU,RUES_imigy,2009,0.000093
RU,RUES_imigy,2010,0.000086
RU,RUES_imigy,2011,0.000091
RU,RUES_imigy,2012,0.000087
RU,RUES_imigy,2013,0.000087
RU,RUES_imigy,2014,0.000091
RU,RUES_imigy,2015,0.000094
RU,RUES_imigy,2016,0.000092
RU,RUES_imigy,2017,0.000088
RU,RUES_imigy,2018,0.000093
RU,RUES_imigy,2019,0.000095
RU,RUES_imigy,2020,0.000085
RU,RUES_imigy,average,0.000087
RU,RUES_imiy,1995,0.001024
RU,RUES_imiy,1996,0.001302
RU,RUES_imiy,1997,0.001492
RU,RUES_imiy,1998,0.001764
RU,RUES_imiy,1999,0.001809
RU,RUES_imiy,2000,0.001951
RU,RUES_imiy,2001,0.001903
RU,RUES_imiy,2002,0.001790
RU,RUES_imiy,2003,0.001909
RU,RUES_imiy,2004,0.002151
RU,RUES_imiy,2005,0.001864
RU,RUES_imiy,2006,0.001855
RU,RUES_imiy,2007,0.002138
RU,RUES_imiy,2008,0.002157
RU,RUES_imiy,2009,0.001720
RU,RUES_imiy,2010,0.001736
RU,RUES_imiy,2011,0.001796
RU,RUES_imiy,2012,0.001742
RU,RUES_imiy,2013,0.001805
RU,RUES_imiy,2014,0.001885
RU,RUES_imiy,2015,0.001976
RU,RUES_imiy,2016,0.001937
RU,RUES_imiy,2017,0.001873
RU,RUES_imiy,2018,0.001990
RU,RUES_imiy,2019,0.002002
RU,RUES_imiy,2020,0.001753
RU,RUES_imiy,average,0.001860
RU,RUFI_imcgy,1995,0.000826
RU,RUFI_imcgy,1996,0.000722
RU,RUFI_imcgy,1997,0.000691
RU,RUFI_imcgy,1998,0.000726
RU,RUFI_imcgy,1999,0.000805
RU,RUFI_imcgy,2000,0.000739
RU,RUFI_imcgy,2001,0.000689
RU,RUFI_imcgy,2002,0.000654
RU,RUFI_imcgy,2003,0.000664
RU,RUFI_imcgy,2004,0.000676
RU,RUFI_imcgy,2005,0.000645
RU,RUFI_imcgy,2006,0.000615
RU,RUFI_imcgy,2007,0.000622
RU,RUFI_imcgy,2008,0.000965
RU,RUFI_imcgy,2009,0.000624
RU,RUFI_imcgy,2010,0.000551
RU,RUFI_imcgy,2011,0.000596
RU,RUFI_imcgy,2012,0.000601
RU,RUFI_imcgy,2013,0.000601
RU,RUFI_imcgy,2014,0.000563
RU,RUFI_imcgy,2015,0.000543
RU,RUFI_imcgy,2016,0.000533
RU,RUFI_imcgy,2017,0.000518
RU,RUFI_imcgy,2018,0.000507
RU,RUFI_imcgy,2019,0.000517
RU,RUFI_imcgy,2020,0.000519
RU,RUFI_imcgy,average,0.000620
RU,RUFI_imcy,1995,0.004012
RU,RUFI_imcy,1996,0.003356
RU,RUFI_imcy,1997,0.003503
RU,RUFI_imcy,1998,0.003706
RU,RUFI_imcy,1999,0.003651
RU,RUFI_imcy,2000,0.003570
RU,RUFI_imcy,2001,0.003658
RU,RUFI_imcy,2002,0.003248
RU,RUFI_imcy,2003,0.003168
RU,RUFI_imcy,2004,0.003288
RU,RUFI_imcy,2005,0.003037
RU,RUFI_imcy,2006,0.002894
RU,RUFI_imcy,2007,0.002975
RU,RUFI_imcy,2008,0.003012
RU,RUFI_imcy,2009,0.002623
RU,RUFI_imcy,2010,0.002471
RU,RUFI_imcy,2011,0.002691
RU,RUFI_imcy,2012,0.002660
RU,RUFI_imcy,2013,0.002678
RU,RUFI_imcy,2014,0.002464
RU,RUFI_imcy,2015,0.002239
RU,RUFI_imcy,2016,0.002234
RU,RUFI_imcy,2017,0.002251
RU,RUFI_imcy,2018,0.002253
RU,RUFI_imcy,2019,0.002292
RU,RUFI_imcy,2020,0.002051
RU,RUFI_imcy,average,0.002739
RU,RUFI_imigy,1995,0.000111
RU,RUFI_imigy,1996,0.000108
RU,RUFI_imigy,1997,0.000109
RU,RUFI_imigy,1998,0.000116
RU,RUFI_imigy,1999,0.000139
RU,RUFI_imigy,2000,0.000131
RU,RUFI_imigy,2001,0.000122
RU,RUFI_imigy,2002,0.000106
RU,RUFI_imigy,2003,0.000105
RU,RUFI_imigy,2004,0.000109
RU,RUFI_imigy,2005,0.000121
RU,RUFI_imigy,2006,0.000120
RU,RUFI_imigy,2007,0.000133
RU,RUFI_imigy,2008,0.000130
RU,RUFI_imigy,2009,0.000112
RU,RUFI_imigy,2010,0.000093
RU,RUFI_imigy,2011,0.000097
RU,RUFI_imigy,2012,0.000091
RU,RUFI_imigy,2013,0.000089
RU,RUFI_imigy,2014,0.000083
RU,RUFI_imigy,2015,0.000076
RU,RUFI_imigy,2016,0.000071
RU,RUFI_imigy,2017,0.000072
RU,RUFI_imigy,2018,0.000069
RU,RUFI_imigy,2019,0.000074
RU,RUFI_imigy,2020,0.000076
RU,RUFI_imigy,average,0.000099
RU,RUFI_imiy,1995,0.002957
RU,RUFI_imiy,1996,0.002811
RU,RUFI_imiy,1997,0.002877
RU,RUFI_imiy,1998,0.003079
RU,RUFI_imiy,1999,0.003621
RU,RUFI_imiy,2000,0.003420
RU,RUFI_imiy,2001,0.002947
RU,RUFI_imiy,2002,0.002558
RU,RUFI_imiy,2003,0.002516
RU,RUFI_imiy,2004,0.002590
RU,RUFI_imiy,2005,0.002629
RU,RUFI_imiy,2006,0.002493
RU,RUFI_imiy,2007,0.002709
RU,RUFI_imiy,2008,0.002492
RU,RUFI_imiy,2009,0.002075
RU,RUFI_imiy,2010,0.001880
RU,RUFI_imiy,2011,0.001924
RU,RUFI_imiy,2012,0.001822
RU,RUFI_imiy,2013,0.001844
RU,RUFI_imiy,2014,0.001710
RU,RUFI_imiy,2015,0.001605
RU,RUFI_imiy,2016,0.001499
RU,RUFI_imiy,2017,0.001531
RU,RUFI_imiy,2018,0.001461
RU,RUFI_imiy,2019,0.001571
RU,RUFI_imiy,2020,0.001571
RU,RUFI_imiy,average,0.002112
RU,RUFR_imcgy,1995,0.001295
RU,RUFR_imcgy,1996,0.001353
RU,RUFR_imcgy,1997,0.001429
RU,RUFR_imcgy,1998,0.001581
RU,RUFR_imcgy,1999,0.001657
RU,RUFR_imcgy,2000,0.001620
RU,RUFR_imcgy,2001,0.001726
RU,RUFR_imcgy,2002,0.001722
RU,RUFR_imcgy,2003,0.001748
RU,RUFR_imcgy,2004,0.001810
RU,RUFR_imcgy,2005,0.001876
RU,RUFR_imcgy,2006,0.001945
RU,RUFR_imcgy,2007,0.001886
RU,RUFR_imcgy,2008,0.001917
RU,RUFR_imcgy,2009,0.001800
RU,RUFR_imcgy,2010,0.001535
RU,RUFR_imcgy,2011,0.001574
RU,RUFR_imcgy,2012,0.001512
RU,RUFR_imcgy,2013,0.001467
RU,RUFR_imcgy,2014,0.001633
RU,RUFR_imcgy,2015,0.001573
RU,RUFR_imcgy,2016,0.001544
RU,RUFR_imcgy,2017,0.001453
RU,RUFR_imcgy,2018,0.001454
RU,RUFR_imcgy,2019,0.001427
RU,RUFR_imcgy,2020,0.001420
RU,RUFR_imcgy,average,0.001611
RU,RUFR_imcy,1995,0.006401
RU,RUFR_imcy,1996,0.006849
RU,RUFR_imcy,1997,0.007290
RU,RUFR_imcy,1998,0.008122
RU,RUFR_imcy,1999,0.008298
RU,RUFR_imcy,2000,0.008671
RU,RUFR_imcy,2001,0.008703
RU,RUFR_imcy,2002,0.008929
RU,RUFR_imcy,2003,0.008878
RU,RUFR_imcy,2004,0.009080
RU,RUFR_imcy,2005,0.009080
RU,RUFR_imcy,2006,0.008794
RU,RUFR_imcy,2007,0.008572
RU,RUFR_imcy,2008,0.008543
RU,RUFR_imcy,2009,0.007754
RU,RUFR_imcy,2010,0.007500
RU,RUFR_imcy,2011,0.007600
RU,RUFR_imcy,2012,0.007495
RU,RUFR_imcy,2013,0.007666
RU,RUFR_imcy,2014,0.008119
RU,RUFR_imcy,2015,0.007941
RU,RUFR_imcy,2016,0.007660
RU,RUFR_imcy,2017,0.007761
RU,RUFR_imcy,2018,0.008071
RU,RUFR_imcy,2019,0.007851
RU,RUFR_imcy,2020,0.007282
RU,RUFR_imcy,average,0.008000
RU,RUFR_imigy,1995,0.000150
RU,RUFR_imigy,1996,0.000171
RU,RUFR_imigy,1997,0.000187
RU,RUFR_imigy,1998,0.000213
RU,RUFR_imigy,1999,0.000228
RU,RUFR_imigy,2000,0.000247
RU,RUFR_imigy,2001,0.000261
RU,RUFR_imigy,2002,0.000242
RU,RUFR_imigy,2003,0.000230
RU,RUFR_imigy,2004,0.000227
RU,RUFR_imigy,2005,0.000255
RU,RUFR_imigy,2006,0.000272
RU,RUFR_imigy,2007,0.000288
RU,RUFR_imigy,2008,0.000289
RU,RUFR_imigy,2009,0.000219
RU,RUFR_imigy,2010,0.000187
RU,RUFR_imigy,2011,0.000210
RU,RUFR_imigy,2012,0.000199
RU,RUFR_imigy,2013,0.000198
RU,RUFR_imigy,2014,0.000216
RU,RUFR_imigy,2015,0.000216
RU,RUFR_imigy,2016,0.000197
RU,RUFR_imigy,2017,0.000194
RU,RUFR_imigy,2018,0.000197
RU,RUFR_imigy,2019,0.000189
RU,RUFR_imigy,2020,0.000174
RU,RUFR_imigy,average,0.000217
RU,RUFR_imiy,1995,0.004001
RU,RUFR_imiy,1996,0.004440
RU,RUFR_imiy,1997,0.004958
RU,RUFR_imiy,1998,0.005629
RU,RUFR_imiy,1999,0.005944
RU,RUFR_imiy,2000,0.006430
RU,RUFR_imiy,2001,0.006280
RU,RUFR_imiy,2002,0.005856
RU,RUFR_imiy,2003,0.005497
RU,RUFR_imiy,2004,0.005381
RU,RUFR_imiy,2005,0.005522
RU,RUFR_imiy,2006,0.005663
RU,RUFR_imiy,2007,0.005875
RU,RUFR_imiy,2008,0.005535
RU,RUFR_imiy,2009,0.004071
RU,RUFR_imiy,2010,0.003806
RU,RUFR_imiy,2011,0.004158
RU,RUFR_imiy,2012,0.003981
RU,RUFR_imiy,2013,0.004106
RU,RUFR_imiy,2014,0.004467
RU,RUFR_imiy,2015,0.004567
RU,RUFR_imiy,2016,0.004150
RU,RUFR_imiy,2017,0.004100
RU,RUFR_imiy,2018,0.004206
RU,RUFR_imiy,2019,0.003988
RU,RUFR_imiy,2020,0.003586
RU,RUFR_imiy,average,0.004655
RU,RUGR_imcgy,1995,0.000059
RU,RUGR_imcgy,1996,0.000078
RU,RUGR_imcgy,1997,0.000080
RU,RUGR_imcgy,1998,0.000088
RU,RUGR_imcgy,1999,0.000126
RU,RUGR_imcgy,2000,0.000148
RU,RUGR_imcgy,2001,0.000143
RU,RUGR_imcgy,2002,0.000133
RU,RUGR_imcgy,2003,0.000165
RU,RUGR_imcgy,2004,0.000188
RU,RUGR_imcgy,2005,0.000217
RU,RUGR_imcgy,2006,0.000207
RU,RUGR_imcgy,2007,0.000238
RU,RUGR_imcgy,2008,0.000267
RU,RUGR_imcgy,2009,0.000206
RU,RUGR_imcgy,2010,0.000195
RU,RUGR_imcgy,2011,0.000156
RU,RUGR_imcgy,2012,0.000153
RU,RUGR_imcgy,2013,0.000149
RU,RUGR_imcgy,2014,0.000155
RU,RUGR_imcgy,2015,0.000144
RU,RUGR_imcgy,2016,0.000134
RU,RUGR_imcgy,2017,0.000131
RU,RUGR_imcgy,2018,0.000133
RU,RUGR_imcgy,2019,0.000131
RU,RUGR_imcgy,2020,0.000137
RU,RUGR_imcgy,average,0.000160
RU,RUGR_imcy,1995,0.000798
RU,RUGR_imcy,1996,0.000822
RU,RUGR_imcy,1997,0.001032
RU,RUGR_imcy,1998,0.001176
RU,RUGR_imcy,1999,0.001238
RU,RUGR_imcy,2000,0.001546
RU,RUGR_imcy,2001,0.001480
RU,RUGR_imcy,2002,0.001661
RU,RUGR_imcy,2003,0.001574
RU,RUGR_imcy,2004,0.001663
RU,RUGR_imcy,2005,0.001530
RU,RUGR_imcy,2006,0.001517
RU,RUGR_imcy,2007,0.001610
RU,RUGR_imcy,2008,0.001703
RU,RUGR_imcy,2009,0.001423
RU,RUGR_imcy,2010,0.001353
RU,RUGR_imcy,2011,0.001236
RU,RUGR_imcy,2012,0.001288
RU,RUGR_imcy,2013,0.001363
RU,RUGR_imcy,2014,0.001369
RU,RUGR_imcy,2015,0.001430
RU,RUGR_imcy,2016,0.001442
RU,RUGR_imcy,2017,0.001455
RU,RUGR_imcy,2018,0.001559
RU,RUGR_imcy,2019,0.001517
RU,RUGR_imcy,2020,0.001094
RU,RUGR_imcy,average,0.001405
RU,RUGR_imigy,1995,0.000005
RU,RUGR_imigy,1996,0.000008
RU,RUGR_imigy,1997,0.000005
RU,RUGR_imigy,1998,0.000007
RU,RUGR_imigy,1999,0.000009
RU,RUGR_imigy,2000,0.000011
RU,RUGR_imigy,2001,0.000010
RU,RUGR_imigy,2002,0.000009
RU,RUGR_imigy,2003,0.000010
RU,RUGR_imigy,2004,0.000010
RU,RUGR_imigy,2005,0.000012
RU,RUGR_imigy,2006,0.000015
RU,RUGR_imigy,2007,0.000020
RU,RUGR_imigy,2008,0.000026
RU,RUGR_imigy,2009,0.000017
RU,RUGR_imigy,2010,0.000016
RU,RUGR_imigy,2011,0.000015
RU,RUGR_imigy,2012,0.000015
RU,RUGR_imigy,2013,0.000013
RU,RUGR_imigy,2014,0.000014
RU,RUGR_imigy,2015,0.000014
RU,RUGR_imigy,2016,0.000013
RU,RUGR_imigy,2017,0.000014
RU,RUGR_imigy,2018,0.000015
RU,RUGR_imigy,2019,0.000014
RU,RUGR_imigy,2020,0.000015
RU,RUGR_imigy,average,0.000014
RU,RUGR_imiy,1995,0.000135
RU,RUGR_imiy,1996,0.000209
RU,RUGR_imiy,1997,0.000138
RU,RUGR_imiy,1998,0.000176
RU,RUGR_imiy,1999,0.000235
RU,RUGR_imiy,2000,0.000292
RU,RUGR_imiy,2001,0.000251
RU,RUGR_imiy,2002,0.000214
RU,RUGR_imiy,2003,0.000234
RU,RUGR_imiy,2004,0.000234
RU,RUGR_imiy,2005,0.000263
RU,RUGR_imiy,2006,0.000310
RU,RUGR_imiy,2007,0.000412
RU,RUGR_imiy,2008,0.000497
RU,RUGR_imiy,2009,0.000324
RU,RUGR_imiy,2010,0.000323
RU,RUGR_imiy,2011,0.000305
RU,RUGR_imiy,2012,0.000300
RU,RUGR_imiy,2013,0.000275
RU,RUGR_imiy,2014,0.000288
RU,RUGR_imiy,2015,0.000299
RU,RUGR_imiy,2016,0.000273
RU,RUGR_imiy,2017,0.000293
RU,RUGR_imiy,2018,0.000310
RU,RUGR_imiy,2019,0.000301
RU,RUGR_imiy,2020,0.000319
RU,RUGR_imiy,average,0.000297
RU,RUIT_imcgy,1995,0.001119
RU,RUIT_imcgy,1996,0.001276
RU,RUIT_imcgy,1997,0.001361
RU,RUIT_imcgy,1998,0.001426
RU,RUIT_imcgy,1999,0.001427
RU,RUIT_imcgy,2000,0.001379
RU,RUIT_imcgy,2001,0.001461
RU,RUIT_imcgy,2002,0.001546
RU,RUIT_imcgy,2003,0.001598
RU,RUIT_imcgy,2004,0.001468
RU,RUIT_imcgy,2005,0.001494
RU,RUIT_imcgy,2006,0.001537
RU,RUIT_imcgy,2007,0.001512
RU,RUIT_imcgy,2008,0.001494
RU,RUIT_imcgy,2009,0.001349
RU,RUIT_imcgy,2010,0.001337
RU,RUIT_imcgy,2011,0.001296
RU,RUIT_imcgy,2012,0.001176
RU,RUIT_imcgy,2013,0.001166
RU,RUIT_imcgy,2014,0.001251
RU,RUIT_imcgy,2015,0.001192
RU,RUIT_imcgy,2016,0.001129
RU,RUIT_imcgy,2017,0.001112
RU,RUIT_imcgy,2018,0.001107
RU,RUIT_imcgy,2019,0.001080
RU,RUIT_imcgy,2020,0.001132
RU,RUIT_imcgy,average,0.001294
RU,RUIT_imcy,1995,0.006746
RU,RUIT_imcy,1996,0.007883
RU,RUIT_imcy,1997,0.008220
RU,RUIT_imcy,1998,0.008704
RU,RUIT_imcy,1999,0.008476
RU,RUIT_imcy,2000,0.008853
RU,RUIT_imcy,2001,0.009207
RU,RUIT_imcy,2002,0.009853
RU,RUIT_imcy,2003,0.009964
RU,RUIT_imcy,2004,0.009945
RU,RUIT_imcy,2005,0.009488
RU,RUIT_imcy,2006,0.009774
RU,RUIT_imcy,2007,0.009512
RU,RUIT_imcy,2008,0.009342
RU,RUIT_imcy,2009,0.008390
RU,RUIT_imcy,2010,0.008605
RU,RUIT_imcy,2011,0.008330
RU,RUIT_imcy,2012,0.007946
RU,RUIT_imcy,2013,0.007963
RU,RUIT_imcy,2014,0.007977
RU,RUIT_imcy,2015,0.008124
RU,RUIT_imcy,2016,0.008194
RU,RUIT_imcy,2017,0.008409
RU,RUIT_imcy,2018,0.008618
RU,RUIT_imcy,2019,0.008367
RU,RUIT_imcy,2020,0.007834
RU,RUIT_imcy,average,0.008594
RU,RUIT_imigy,1995,0.000185
RU,RUIT_imigy,1996,0.000217
RU,RUIT_imigy,1997,0.000215
RU,RUIT_imigy,1998,0.000226
RU,RUIT_imigy,1999,0.000229
RU,RUIT_imigy,2000,0.000237
RU,RUIT_imigy,2001,0.000254
RU,RUIT_imigy,2002,0.000252
RU,RUIT_imigy,2003,0.000254
RU,RUIT_imigy,2004,0.000251
RU,RUIT_imigy,2005,0.000266
RU,RUIT_imigy,2006,0.000303
RU,RUIT_imigy,2007,0.000344
RU,RUIT_imigy,2008,0.000377
RU,RUIT_imigy,2009,0.000288
RU,RUIT_imigy,2010,0.000247
RU,RUIT_imigy,2011,0.000261
RU,RUIT_imigy,2012,0.000250
RU,RUIT_imigy,2013,0.000243
RU,RUIT_imigy,2014,0.000247
RU,RUIT_imigy,2015,0.000246
RU,RUIT_imigy,2016,0.000234
RU,RUIT_imigy,2017,0.000234
RU,RUIT_imigy,2018,0.000242
RU,RUIT_imigy,2019,0.000237
RU,RUIT_imigy,2020,0.000231
RU,RUIT_imigy,average,0.000257
RU,RUIT_imiy,1995,0.004928
RU,RUIT_imiy,1996,0.005624
RU,RUIT_imiy,1997,0.005699
RU,RUIT_imiy,1998,0.005963
RU,RUIT_imiy,1999,0.005986
RU,RUIT_imiy,2000,0.006154
RU,RUIT_imiy,2001,0.006128
RU,RUIT_imiy,2002,0.006084
RU,RUIT_imiy,2003,0.006079
RU,RUIT_imiy,2004,0.005933
RU,RUIT_imiy,2005,0.005762
RU,RUIT_imiy,2006,0.006301
RU,RUIT_imiy,2007,0.007029
RU,RUIT_imiy,2008,0.007228
RU,RUIT_imiy,2009,0.005349
RU,RUIT_imiy,2010,0.005019
RU,RUIT_imiy,2011,0.005160
RU,RUIT_imiy,2012,0.004991
RU,RUIT_imiy,2013,0.005041
RU,RUIT_imiy,2014,0.005097
RU,RUIT_imiy,2015,0.005183
RU,RUIT_imiy,2016,0.004929
RU,RUIT_imiy,2017,0.004958
RU,RUIT_imiy,2018,0.005169
RU,RUIT_imiy,2019,0.004994
RU,RUIT_imiy,2020,0.004749
RU,RUIT_imiy,average,0.005509
RU,RUNL_imcgy,1995,0.001317
RU,RUNL_imcgy,1996,0.001274
RU,RUNL_imcgy,1997,0.001177
RU,RUNL_imcgy,1998,0.001137
RU,RUNL_imcgy,1999,0.001236
RU,RUNL_imcgy,2000,0.001219
RU,RUNL_imcgy,2001,0.001199
RU,RUNL_imcgy,2002,0.001286
RU,RUNL_imcgy,2003,0.001396
RU,RUNL_imcgy,2004,0.001353
RU,RUNL_imcgy,2005,0.001392
RU,RUNL_imcgy,2006,0.001310
RU,RUNL_imcgy,2007,0.001333
RU,RUNL_imcgy,2008,0.001367
RU,RUNL_imcgy,2009,0.001461
RU,RUNL_imcgy,2010,0.001168
RU,RUNL_imcgy,2011,0.001120
RU,RUNL_imcgy,2012,0.001155
RU,RUNL_imcgy,2013,0.001138
RU,RUNL_imcgy,2014,0.001197
RU,RUNL_imcgy,2015,0.001281
RU,RUNL_imcgy,2016,0.001236
RU,RUNL_imcgy,2017,0.001195
RU,RUNL_imcgy,2018,0.001263
RU,RUNL_imcgy,2019,0.001268
RU,RUNL_imcgy,2020,0.001291
RU,RUNL_imcgy,average,0.001259
RU,RUNL_imcy,1995,0.006779
RU,RUNL_imcy,1996,0.006632
RU,RUNL_imcy,1997,0.006795
RU,RUNL_imcy,1998,0.006749
RU,RUNL_imcy,1999,0.007197
RU,RUNL_imcy,2000,0.007042
RU,RUNL_imcy,2001,0.006779
RU,RUNL_imcy,2002,0.007113
RU,RUNL_imcy,2003,0.007258
RU,RUNL_imcy,2004,0.007440
RU,RUNL_imcy,2005,0.007440
RU,RUNL_imcy,2006,0.006854
RU,RUNL_imcy,2007,0.007095
RU,RUNL_imcy,2008,0.007098
RU,RUNL_imcy,2009,0.007113
RU,RUNL_imcy,2010,0.006405
RU,RUNL_imcy,2011,0.006345
RU,RUNL_imcy,2012,0.006580
RU,RUNL_imcy,2013,0.006600
RU,RUNL_imcy,2014,0.006806
RU,RUNL_imcy,2015,0.007510
RU,RUNL_imcy,2016,0.007612
RU,RUNL_imcy,2017,0.007780
RU,RUNL_imcy,2018,0.008071
RU,RUNL_imcy,2019,0.007910
RU,RUNL_imcy,2020,0.007641
RU,RUNL_imcy,average,0.007151
RU,RUNL_imigy,1995,0.000125
RU,RUNL_imigy,1996,0.000119
RU,RUNL_imigy,1997,0.000128
RU,RUNL_imigy,1998,0.000122
RU,RUNL_imigy,1999,0.000140
RU,RUNL_imigy,2000,0.000140
RU,RUNL_imigy,2001,0.000133
RU,RUNL_imigy,2002,0.000125
RU,RUNL_imigy,2003,0.000133
RU,RUNL_imigy,2004,0.000138
RU,RUNL_imigy,2005,0.000155
RU,RUNL_imigy,2006,0.000157
RU,RUNL_imigy,2007,0.000168
RU,RUNL_imigy,2008,0.000182
RU,RUNL_imigy,2009,0.000166
RU,RUNL_imigy,2010,0.000122
RU,RUNL_imigy,2011,0.000132
RU,RUNL_imigy,2012,0.000135
RU,RUNL_imigy,2013,0.000128
RU,RUNL_imigy,2014,0.000134
RU,RUNL_imigy,2015,0.000152
RU,RUNL_imigy,2016,0.000145
RU,RUNL_imigy,2017,0.000149
RU,RUNL_imigy,2018,0.000157
RU,RUNL_imigy,2019,0.000158
RU,RUNL_imigy,2020,0.000143
RU,RUNL_imigy,average,0.000145
RU,RUNL_imiy,1995,0.003328
RU,RUNL_imiy,1996,0.003076
RU,RUNL_imiy,1997,0.003397
RU,RUNL_imiy,1998,0.003224
RU,RUNL_imiy,1999,0.003652
RU,RUNL_imiy,2000,0.003640
RU,RUNL_imiy,2001,0.003208
RU,RUNL_imiy,2002,0.003017
RU,RUNL_imiy,2003,0.003187
RU,RUNL_imiy,2004,0.003273
RU,RUNL_imiy,2005,0.003354
RU,RUNL_imiy,2006,0.003262
RU,RUNL_imiy,2007,0.003437
RU,RUNL_imiy,2008,0.003485
RU,RUNL_imiy,2009,0.003082
RU,RUNL_imiy,2010,0.002484
RU,RUNL_imiy,2011,0.002614
RU,RUNL_imiy,2012,0.002693
RU,RUNL_imiy,2013,0.002662
RU,RUNL_imiy,2014,0.002775
RU,RUNL_imiy,2015,0.003201
RU,RUNL_imiy,2016,0.003061
RU,RUNL_imiy,2017,0.003153
RU,RUNL_imiy,2018,0.003352
RU,RUNL_imiy,2019,0.003339
RU,RUNL_imiy,2020,0.002934
RU,RUNL_imiy,average,0.003101
RU,RUPT_imcgy,1995,0.000115
RU,RUPT_imcgy,1996,0.000103
RU,RUPT_imcgy,1997,0.000103
RU,RUPT_imcgy,1998,0.000113
RU,RUPT_imcgy,1999,0.000110
RU,RUPT_imcgy,2000,0.000110
RU,RUPT_imcgy,2001,0.000109
RU,RUPT_imcgy,2002,0.000101
RU,RUPT_imcgy,2003,0.000100
RU,RUPT_imcgy,2004,0.000084
RU,RUPT_imcgy,2005,0.000083
RU,RUPT_imcgy,2006,0.000096
RU,RUPT_imcgy,2007,0.000099
RU,RUPT_imcgy,2008,0.000110
RU,RUPT_imcgy,2009,0.000106
RU,RUPT_imcgy,2010,0.000107
RU,RUPT_imcgy,2011,0.000108
RU,RUPT_imcgy,2012,0.000114
RU,RUPT_imcgy,2013,0.000117
RU,RUPT_imcgy,2014,0.000118
RU,RUPT_imcgy,2015,0.000102
RU,RUPT_imcgy,2016,0.000105
RU,RUPT_imcgy,2017,0.000108
RU,RUPT_imcgy,2018,0.000113
RU,RUPT_imcgy,2019,0.000116
RU,RUPT_imcgy,2020,0.000117
RU,RUPT_imcgy,average,0.000107
RU,RUPT_imcy,1995,0.001094
RU,RUPT_imcy,1996,0.001015
RU,RUPT_imcy,1997,0.001013
RU,RUPT_imcy,1998,0.000966
RU,RUPT_imcy,1999,0.000906
RU,RUPT_imcy,2000,0.000900
RU,RUPT_imcy,2001,0.000828
RU,RUPT_imcy,2002,0.000773
RU,RUPT_imcy,2003,0.000738
RU,RUPT_imcy,2004,0.000706
RU,RUPT_imcy,2005,0.000624
RU,RUPT_imcy,2006,0.000637
RU,RUPT_imcy,2007,0.000616
RU,RUPT_imcy,2008,0.000663
RU,RUPT_imcy,2009,0.000607
RU,RUPT_imcy,2010,0.000637
RU,RUPT_imcy,2011,0.000638
RU,RUPT_imcy,2012,0.000705
RU,RUPT_imcy,2013,0.000721
RU,RUPT_imcy,2014,0.000677
RU,RUPT_imcy,2015,0.000673
RU,RUPT_imcy,2016,0.000722
RU,RUPT_imcy,2017,0.000779
RU,RUPT_imcy,2018,0.000855
RU,RUPT_imcy,2019,0.000824
RU,RUPT_imcy,2020,0.000694
RU,RUPT_imcy,average,0.000736
RU,RUPT_imigy,1995,0.000008
RU,RUPT_imigy,1996,0.000008
RU,RUPT_imigy,1997,0.000009
RU,RUPT_imigy,1998,0.000009
RU,RUPT_imigy,1999,0.000010
RU,RUPT_imigy,2000,0.000010
RU,RUPT_imigy,2001,0.000011
RU,RUPT_imigy,2002,0.000011
RU,RUPT_imigy,2003,0.000011
RU,RUPT_imigy,2004,0.000010
RU,RUPT_imigy,2005,0.000010
RU,RUPT_imigy,2006,0.000013
RU,RUPT_imigy,2007,0.000014
RU,RUPT_imigy,2008,0.000017
RU,RUPT_imigy,2009,0.000013
RU,RUPT_imigy,2010,0.000011
RU,RUPT_imigy,2011,0.000013
RU,RUPT_imigy,2012,0.000012
RU,RUPT_imigy,2013,0.000012
RU,RUPT_imigy,2014,0.000012
RU,RUPT_imigy,2015,0.000012
RU,RUPT_imigy,2016,0.000012
RU,RUPT_imigy,2017,0.000012
RU,RUPT_imigy,2018,0.000014
RU,RUPT_imigy,2019,0.000014
RU,RUPT_imigy,2020,0.000013
RU,RUPT_imigy,average,0.000012
RU,RUPT_imiy,1995,0.000218
RU,RUPT_imiy,1996,0.000209
RU,RUPT_imiy,1997,0.000229
RU,RUPT_imiy,1998,0.000234
RU,RUPT_imiy,1999,0.000252
RU,RUPT_imiy,2000,0.000269
RU,RUPT_imiy,2001,0.000268
RU,RUPT_imiy,2002,0.000260
RU,RUPT_imiy,2003,0.000271
RU,RUPT_imiy,2004,0.000234
RU,RUPT_imiy,2005,0.000221
RU,RUPT_imiy,2006,0.000274
RU,RUPT_imiy,2007,0.000283
RU,RUPT_imiy,2008,0.000323
RU,RUPT_imiy,2009,0.000237
RU,RUPT_imiy,2010,0.000219
RU,RUPT_imiy,2011,0.000250
RU,RUPT_imiy,2012,0.000248
RU,RUPT_imiy,2013,0.000256
RU,RUPT_imiy,2014,0.000251
RU,RUPT_imiy,2015,0.000243
RU,RUPT_imiy,2016,0.000253
RU,RUPT_imiy,2017,0.000255
RU,RUPT_imiy,2018,0.000294
RU,RUPT_imiy,2019,0.000298
RU,RUPT_imiy,2020,0.000275
RU,RUPT_imiy,average,0.000259
RU,RURA_imcgy,1995,0.001109
RU,RURA_imcgy,1996,0.001032
RU,RURA_imcgy,1997,0.001125
RU,RURA_imcgy,1998,0.001219
RU,RURA_imcgy,1999,0.001333
RU,RURA_imcgy,2000,0.001376
RU,RURA_imcgy,2001,0.001431
RU,RURA_imcgy,2002,0.001490
RU,RURA_imcgy,2003,0.001568
RU,RURA_imcgy,2004,0.001562
RU,RURA_imcgy,2005,0.001615
RU,RURA_imcgy,2006,0.001771
RU,RURA_imcgy,2007,0.001816
RU,RURA_imcgy,2008,0.001925
RU,RURA_imcgy,2009,0.002020
RU,RURA_imcgy,2010,0.001955
RU,RURA_imcgy,2011,0.002053
RU,RURA_imcgy,2012,0.002164
RU,RURA_imcgy,2013,0.002366
RU,RURA_imcgy,2014,0.002455
RU,RURA_imcgy,2015,0.002591
RU,RURA_imcgy,2016,0.002627
RU,RURA_imcgy,2017,0.002578
RU,RURA_imcgy,2018,0.002631
RU,RURA_imcgy,2019,0.002614
RU,RURA_imcgy,2020,0.002848
RU,RURA_imcgy,average,0.002080
RU,RURA_imcy,1995,0.005328
RU,RURA_imcy,1996,0.005416
RU,RURA_imcy,1997,0.005675
RU,RURA_imcy,1998,0.005730
RU,RURA_imcy,1999,0.005879
RU,RURA_imcy,2000,0.006747
RU,RURA_imcy,2001,0.006832
RU,RURA_imcy,2002,0.007063
RU,RURA_imcy,2003,0.007215
RU,RURA_imcy,2004,0.007619
RU,RURA_imcy,2005,0.008150
RU,RURA_imcy,2006,0.008741
RU,RURA_imcy,2007,0.009049
RU,RURA_imcy,2008,0.009706
RU,RURA_imcy,2009,0.009443
RU,RURA_imcy,2010,0.009840
RU,RURA_imcy,2011,0.010373
RU,RURA_imcy,2012,0.011108
RU,RURA_imcy,2013,0.011410
RU,RURA_imcy,2014,0.011624
RU,RURA_imcy,2015,0.012280
RU,RURA_imcy,2016,0.012318
RU,RURA_imcy,2017,0.012863
RU,RURA_imcy,2018,0.012926
RU,RURA_imcy,2019,0.012863
RU,RURA_imcy,2020,0.012448
RU,RURA_imcy,average,0.010082
RU,RURA_imigy,1995,0.000097
RU,RURA_imigy,1996,0.000095
RU,RURA_imigy,1997,0.000099
RU,RURA_imigy,1998,0.000112
RU,RURA_imigy,1999,0.000117
RU,RURA_imigy,2000,0.000130
RU,RURA_imigy,2001,0.000144
RU,RURA_imigy,2002,0.000144
RU,RURA_imigy,2003,0.000145
RU,RURA_imigy,2004,0.000152
RU,RURA_imigy,2005,0.000171
RU,RURA_imigy,2006,0.000207
RU,RURA_imigy,2007,0.000235
RU,RURA_imigy,2008,0.000267
RU,RURA_imigy,2009,0.000231
RU,RURA_imigy,2010,0.000204
RU,RURA_imigy,2011,0.000234
RU,RURA_imigy,2012,0.000245
RU,RURA_imigy,2013,0.000242
RU,RURA_imigy,2014,0.000249
RU,RURA_imigy,2015,0.000276
RU,RURA_imigy,2016,0.000271
RU,RURA_imigy,2017,0.000284
RU,RURA_imigy,2018,0.000287
RU,RURA_imigy,2019,0.000297
RU,RURA_imigy,2020,0.000312
RU,RURA_imigy,average,0.000223
RU,RURA_imiy,1995,0.002581
RU,RURA_imiy,1996,0.002453
RU,RURA_imiy,1997,0.002609
RU,RURA_imiy,1998,0.002968
RU,RURA_imiy,1999,0.003046
RU,RURA_imiy,2000,0.003386
RU,RURA_imiy,2001,0.003475
RU,RURA_imiy,2002,0.003479
RU,RURA_imiy,2003,0.003468
RU,RURA_imiy,2004,0.003592
RU,RURA_imiy,2005,0.003706
RU,RURA_imiy,2006,0.004302
RU,RURA_imiy,2007,0.004805
RU,RURA_imiy,2008,0.005115
RU,RURA_imiy,2009,0.004286
RU,RURA_imiy,2010,0.004140
RU,RURA_imiy,2011,0.004626
RU,RURA_imiy,2012,0.004882
RU,RURA_imiy,2013,0.005014
RU,RURA_imiy,2014,0.005146
RU,RURA_imiy,2015,0.005820
RU,RURA_imiy,2016,0.005706
RU,RURA_imiy,2017,0.006006
RU,RURA_imiy,2018,0.006108
RU,RURA_imiy,2019,0.006266
RU,RURA_imiy,2020,0.006422
RU,RURA_imiy,average,0.004773
RU,RURW_imcgy,1995,0.007861
RU,RURW_imcgy,1996,0.008234
RU,RURW_imcgy,1997,0.008248
RU,RURW_imcgy,1998,0.008239
RU,RURW_imcgy,1999,0.008695
RU,RURW_imcgy,2000,0.009353
RU,RURW_imcgy,2001,0.009352
RU,RURW_imcgy,2002,0.009271
RU,RURW_imcgy,2003,0.009482
RU,RURW_imcgy,2004,0.009396
RU,RURW_imcgy,2005,0.010096
RU,RURW_imcgy,2006,0.010805
RU,RURW_imcgy,2007,0.010483
RU,RURW_imcgy,2008,0.011006
RU,RURW_imcgy,2009,0.010800
RU,RURW_imcgy,2010,0.010526
RU,RURW_imcgy,2011,0.011020
RU,RURW_imcgy,2012,0.011434
RU,RURW_imcgy,2013,0.010911
RU,RURW_imcgy,2014,0.010925
RU,RURW_imcgy,2015,0.010434
RU,RURW_imcgy,2016,0.010095
RU,RURW_imcgy,2017,0.010169
RU,RURW_imcgy,2018,0.010232
RU,RURW_imcgy,2019,0.011081
RU,RURW_imcgy,2020,0.011438
RU,RURW_imcgy,average,0.010334
RU,RURW_imcy,1995,0.042816
RU,RURW_imcy,1996,0.046199
RU,RURW_imcy,1997,0.048157
RU,RURW_imcy,1998,0.047415
RU,RURW_imcy,1999,0.049149
RU,RURW_imcy,2000,0.053454
RU,RURW_imcy,2001,0.051878
RU,RURW_imcy,2002,0.051372
RU,RURW_imcy,2003,0.050971
RU,RURW_imcy,2004,0.051461
RU,RURW_imcy,2005,0.055081
RU,RURW_imcy,2006,0.057343
RU,RURW_imcy,2007,0.056131
RU,RURW_imcy,2008,0.058613
RU,RURW_imcy,2009,0.055233
RU,RURW_imcy,2010,0.058057
RU,RURW_imcy,2011,0.061300
RU,RURW_imcy,2012,0.064094
RU,RURW_imcy,2013,0.062750
RU,RURW_imcy,2014,0.062421
RU,RURW_imcy,2015,0.061798
RU,RURW_imcy,2016,0.060818
RU,RURW_imcy,2017,0.064239
RU,RURW_imcy,2018,0.066130
RU,RURW_imcy,2019,0.066726
RU,RURW_imcy,2020,0.063283
RU,RURW_imcy,average,0.058675
RU,RURW_imigy,1995,0.000809
RU,RURW_imigy,1996,0.000874
RU,RURW_imigy,1997,0.000940
RU,RURW_imigy,1998,0.000957
RU,RURW_imigy,1999,0.000999
RU,RURW_imigy,2000,0.001080
RU,RURW_imigy,2001,0.001078
RU,RURW_imigy,2002,0.001016
RU,RURW_imigy,2003,0.001030
RU,RURW_imigy,2004,0.001027
RU,RURW_imigy,2005,0.001171
RU,RURW_imigy,2006,0.001345
RU,RURW_imigy,2007,0.001493
RU,RURW_imigy,2008,0.001672
RU,RURW_imigy,2009,0.001451
RU,RURW_imigy,2010,0.001319
RU,RURW_imigy,2011,0.001383
RU,RURW_imigy,2012,0.001394
RU,RURW_imigy,2013,0.001283
RU,RURW_imigy,2014,0.001336
RU,RURW_imigy,2015,0.001371
RU,RURW_imigy,2016,0.001276
RU,RURW_imigy,2017,0.001314
RU,RURW_imigy,2018,0.001377
RU,RURW_imigy,2019,0.001493
RU,RURW_imigy,2020,0.001493
RU,RURW_imigy,average,0.001294
RU,RURW_imiy,1995,0.021588
RU,RURW_imiy,1996,0.022647
RU,RURW_imiy,1997,0.024875
RU,RURW_imiy,1998,0.025309
RU,RURW_imiy,1999,0.026068
RU,RURW_imiy,2000,0.028084
RU,RURW_imiy,2001,0.025949
RU,RURW_imiy,2002,0.024564
RU,RURW_imiy,2003,0.024647
RU,RURW_imiy,2004,0.024305
RU,RURW_imiy,2005,0.025386
RU,RURW_imiy,2006,0.027969
RU,RURW_imiy,2007,0.030488
RU,RURW_imiy,2008,0.032043
RU,RURW_imiy,2009,0.026933
RU,RURW_imiy,2010,0.026774
RU,RURW_imiy,2011,0.027354
RU,RURW_imiy,2012,0.027809
RU,RURW_imiy,2013,0.026601
RU,RURW_imiy,2014,0.027636
RU,RURW_imiy,2015,0.028932
RU,RURW_imiy,2016,0.026902
RU,RURW_imiy,2017,0.027828
RU,RURW_imiy,2018,0.029360
RU,RURW_imiy,2019,0.031524
RU,RURW_imiy,2020,0.030740
RU,RURW_imiy,average,0.027722
RU,RUUS_imcgy,1995,0.001686
RU,RUUS_imcgy,1996,0.001738
RU,RUUS_imcgy,1997,0.001826
RU,RUUS_imcgy,1998,0.001896
RU,RUUS_imcgy,1999,0.001971
RU,RUUS_imcgy,2000,0.002373
RU,RUUS_imcgy,2001,0.002187
RU,RUUS_imcgy,2002,0.002084
RU,RUUS_imcgy,2003,0.001966
RU,RUUS_imcgy,2004,0.001744
RU,RUUS_imcgy,2005,0.001688
RU,RUUS_imcgy,2006,0.001794
RU,RUUS_imcgy,2007,0.001694
RU,RUUS_imcgy,2008,0.001739
RU,RUUS_imcgy,2009,0.001918
RU,RUUS_imcgy,2010,0.001781
RU,RUUS_imcgy,2011,0.001625
RU,RUUS_imcgy,2012,0.001754
RU,RUUS_imcgy,2013,0.001627
RU,RUUS_imcgy,2014,0.001702
RU,RUUS_imcgy,2015,0.001861
RU,RUUS_imcgy,2016,0.001929
RU,RUUS_imcgy,2017,0.001814
RU,RUUS_imcgy,2018,0.001743
RU,RUUS_imcgy,2019,0.001802
RU,RUUS_imcgy,2020,0.001920
RU,RUUS_imcgy,average,0.001810
RU,RUUS_imcy,1995,0.007323
RU,RUUS_imcy,1996,0.007585
RU,RUUS_imcy,1997,0.008365
RU,RUUS_imcy,1998,0.008387
RU,RUUS_imcy,1999,0.008327
RU,RUUS_imcy,2000,0.010099
RU,RUUS_imcy,2001,0.009358
RU,RUUS_imcy,2002,0.008852
RU,RUUS_imcy,2003,0.008041
RU,RUUS_imcy,2004,0.007606
RU,RUUS_imcy,2005,0.007137
RU,RUUS_imcy,2006,0.007502
RU,RUUS_imcy,2007,0.006930
RU,RUUS_imcy,2008,0.006853
RU,RUUS_imcy,2009,0.007021
RU,RUUS_imcy,2010,0.007269
RU,RUUS_imcy,2011,0.006659
RU,RUUS_imcy,2012,0.007101
RU,RUUS_imcy,2013,0.006891
RU,RUUS_imcy,2014,0.007482
RU,RUUS_imcy,2015,0.008156
RU,RUUS_imcy,2016,0.007957
RU,RUUS_imcy,2017,0.007993
RU,RUUS_imcy,2018,0.007532
RU,RUUS_imcy,2019,0.007632
RU,RUUS_imcy,2020,0.006822
RU,RUUS_imcy,average,0.007529
RU,RUUS_imigy,1995,0.000192
RU,RUUS_imigy,1996,0.000204
RU,RUUS_imigy,1997,0.000221
RU,RUUS_imigy,1998,0.000240
RU,RUUS_imigy,1999,0.000244
RU,RUUS_imigy,2000,0.000300
RU,RUUS_imigy,2001,0.000262
RU,RUUS_imigy,2002,0.000224
RU,RUUS_imigy,2003,0.000192
RU,RUUS_imigy,2004,0.000181
RU,RUUS_imigy,2005,0.000182
RU,RUUS_imigy,2006,0.000213
RU,RUUS_imigy,2007,0.000220
RU,RUUS_imigy,2008,0.000211
RU,RUUS_imigy,2009,0.000233
RU,RUUS_imigy,2010,0.000202
RU,RUUS_imigy,2011,0.000182
RU,RUUS_imigy,2012,0.000195
RU,RUUS_imigy,2013,0.000181
RU,RUUS_imigy,2014,0.000202
RU,RUUS_imigy,2015,0.000201
RU,RUUS_imigy,2016,0.000194
RU,RUUS_imigy,2017,0.000197
RU,RUUS_imigy,2018,0.000193
RU,RUUS_imigy,2019,0.000205
RU,RUUS_imigy,2020,0.000178
RU,RUUS_imigy,average,0.000206
RU,RUUS_imiy,1995,0.005122
RU,RUUS_imiy,1996,0.005298
RU,RUUS_imiy,1997,0.005859
RU,RUUS_imiy,1998,0.006345
RU,RUUS_imiy,1999,0.006363
RU,RUUS_imiy,2000,0.007801
RU,RUUS_imiy,2001,0.006310
RU,RUUS_imiy,2002,0.005414
RU,RUUS_imiy,2003,0.004587
RU,RUUS_imiy,2004,0.004280
RU,RUUS_imiy,2005,0.003944
RU,RUUS_imiy,2006,0.004424
RU,RUUS_imiy,2007,0.004483
RU,RUUS_imiy,2008,0.004052
RU,RUUS_imiy,2009,0.004316
RU,RUUS_imiy,2010,0.004102
RU,RUUS_imiy,2011,0.003604
RU,RUUS_imiy,2012,0.003891
RU,RUUS_imiy,2013,0.003758
RU,RUUS_imiy,2014,0.004187
RU,RUUS_imiy,2015,0.004243
RU,RUUS_imiy,2016,0.004083
RU,RUUS_imiy,2017,0.004171
RU,RUUS_imiy,2018,0.004114
RU,RUUS_imiy,2019,0.004329
RU,RUUS_imiy,2020,0.003673
RU,RUUS_imiy,average,0.004409
RU,debt,1995,2.1471
RU,debt,1996,2.0389
RU,debt,1997,2.0293
RU,debt,1998,1.9112
RU,debt,1999,1.8666
RU,debt,2000,1.6877
RU,debt,2001,1.7040
RU,debt,2002,1.7334
RU,debt,2003,1.7557
RU,debt,2004,1.7016
RU,debt,2005,1.6539
RU,debt,2006,1.5576
RU,debt,2007,1.4446
RU,debt,2008,1.5107
RU,debt,2009,1.7028
RU,debt,2010,1.7788
RU,debt,2011,1.8279
RU,debt,2012,1.8442
RU,debt,2013,1.8964
RU,debt,2014,1.8992
RU,debt,2015,1.8342
RU,debt,2016,1.8162
RU,debt,2017,1.7245
RU,debt,2018,1.6494
RU,debt,2019,1.5557
RU,debt,2020,1.8985
RU,debt,average,1.7747
RU,imcgy,1995,0.021040
RU,imcgy,1996,0.021244
RU,imcgy,1997,0.021640
RU,imcgy,1998,0.022205
RU,imcgy,1999,0.023241
RU,imcgy,2000,0.024260
RU,imcgy,2001,0.024404
RU,imcgy,2002,0.024489
RU,imcgy,2003,0.025296
RU,imcgy,2004,0.024966
RU,imcgy,2005,0.025868
RU,imcgy,2006,0.027055
RU,imcgy,2007,0.026798
RU,imcgy,2008,0.028401
RU,imcgy,2009,0.027802
RU,imcgy,2010,0.026224
RU,imcgy,2011,0.026681
RU,imcgy,2012,0.027244
RU,imcgy,2013,0.026598
RU,imcgy,2014,0.027277
RU,imcgy,2015,0.026742
RU,imcgy,2016,0.026664
RU,imcgy,2017,0.026396
RU,imcgy,2018,0.026610
RU,imcgy,2019,0.027217
RU,imcgy,2020,0.027893
RU,imcgy,average,0.026230
RU,imcy,1995,0.111933
RU,imcy,1996,0.116137
RU,imcy,1997,0.122364
RU,imcy,1998,0.125550
RU,imcy,1999,0.126956
RU,imcy,2000,0.136471
RU,imcy,2001,0.134384
RU,imcy,2002,0.135873
RU,imcy,2003,0.136049
RU,imcy,2004,0.139096
RU,imcy,2005,0.141973
RU,imcy,2006,0.143853
RU,imcy,2007,0.143067
RU,imcy,2008,0.146514
RU,imcy,2009,0.139204
RU,imcy,2010,0.142835
RU,imcy,2011,0.146487
RU,imcy,2012,0.150666
RU,imcy,2013,0.149636
RU,imcy,2014,0.151528
RU,imcy,2015,0.152671
RU,imcy,2016,0.153261
RU,imcy,2017,0.158945
RU,imcy,2018,0.161993
RU,imcy,2019,0.160302
RU,imcy,2020,0.150794
RU,imcy,average,0.145624
RU,imigy,1995,0.002549
RU,imigy,1996,0.002688
RU,imigy,1997,0.002840
RU,imigy,1998,0.003028
RU,imigy,1999,0.003107
RU,imigy,2000,0.003325
RU,imigy,2001,0.003367
RU,imigy,2002,0.003197
RU,imigy,2003,0.003210
RU,imigy,2004,0.003285
RU,imigy,2005,0.003609
RU,imigy,2006,0.004041
RU,imigy,2007,0.004478
RU,imigy,2008,0.004825
RU,imigy,2009,0.004041
RU,imigy,2010,0.003638
RU,imigy,2011,0.003848
RU,imigy,2012,0.003845
RU,imigy,2013,0.003622
RU,imigy,2014,0.003792
RU,imigy,2015,0.003856
RU,imigy,2016,0.003699
RU,imigy,2017,0.003749
RU,imigy,2018,0.003828
RU,imigy,2019,0.003942
RU,imigy,2020,0.003821
RU,imigy,average,0.003719
RU,imiy,1995,0.068047
RU,imiy,1996,0.069672
RU,imiy,1997,0.075188
RU,imiy,1998,0.080079
RU,imiy,1999,0.081041
RU,imiy,2000,0.086478
RU,imiy,2001,0.081073
RU,imiy,2002,0.077315
RU,imiy,2003,0.076795
RU,imiy,2004,0.077788
RU,imiy,2005,0.078257
RU,imiy,2006,0.084049
RU,imiy,2007,0.091428
RU,imiy,2008,0.092472
RU,imiy,2009,0.075008
RU,imiy,2010,0.073841
RU,imiy,2011,0.076115
RU,imiy,2012,0.076732
RU,imiy,2013,0.075099
RU,imiy,2014,0.078401
RU,imiy,2015,0.081393
RU,imiy,2016,0.077950
RU,imiy,2017,0.079385
RU,imiy,2018,0.081603
RU,imiy,2019,0.083232
RU,imiy,2020,0.078659
RU,imiy,average,0.079652
RU,imy,1995,0.203570
RU,imy,1996,0.209740
RU,imy,1997,0.222032
RU,imy,1998,0.230862
RU,imy,1999,0.234345
RU,imy,2000,0.250534
RU,imy,2001,0.243227
RU,imy,2002,0.240874
RU,imy,2003,0.241350
RU,imy,2004,0.245136
RU,imy,2005,0.249708
RU,imy,2006,0.258998
RU,imy,2007,0.265771
RU,imy,2008,0.272212
RU,imy,2009,0.246055
RU,imy,2010,0.246537
RU,imy,2011,0.253132
RU,imy,2012,0.258487
RU,imy,2013,0.254954
RU,imy,2014,0.260997
RU,imy,2015,0.264661
RU,imy,2016,0.261574
RU,imy,2017,0.268476
RU,imy,2018,0.274034
RU,imy,2019,0.274693
RU,imy,2020,0.261166
RU,imy,average,0.255225
RU,private_consumption,1995,0.5080
RU,private_consumption,1996,0.5120
RU,private_consumption,1997,0.5104
RU,private_consumption,1998,0.5101
RU,private_consumption,1999,0.5066
RU,private_consumption,2000,0.5095
RU,private_consumption,2001,0.5115
RU,private_consumption,2002,0.5158
RU,private_consumption,2003,0.5093
RU,private_consumption,2004,0.5084
RU,private_consumption,2005,0.5055
RU,private_consumption,2006,0.4933
RU,private_consumption,2007,0.4891
RU,private_consumption,2008,0.4933
RU,private_consumption,2009,0.5060
RU,private_consumption,2010,0.4986
RU,private_consumption,2011,0.4971
RU,private_consumption,2012,0.5004
RU,private_consumption,2013,0.4998
RU,private_consumption,2014,0.4970
RU,private_consumption,2015,0.4908
RU,private_consumption,2016,0.4915
RU,private_consumption,2017,0.4915
RU,private_consumption,2018,0.4917
RU,private_consumption,2019,0.4893
RU,private_consumption,2020,0.4846
RU,private_consumption,average,0.4980
RU,private_investment,1995,0.1680
RU,private_investment,1996,0.1734
RU,private_investment,1997,0.1779
RU,private_investment,1998,0.1847
RU,private_investment,1999,0.1861
RU,private_investment,2000,0.1882
RU,private_investment,2001,0.1839
RU,private_investment,2002,0.1781
RU,private_investment,2003,0.1765
RU,private_investment,2004,0.1771
RU,private_investment,2005,0.1809
RU,private_investment,2006,0.1891
RU,private_investment,2007,0.2039
RU,private_investment,2008,0.2078
RU,private_investment,2009,0.1865
RU,private_investment,2010,0.1764
RU,private_investment,2011,0.1783
RU,private_investment,2012,0.1777
RU,private_investment,2013,0.1749
RU,private_investment,2014,0.1786
RU,private_investment,2015,0.1839
RU,private_investment,2016,0.1788
RU,private_investment,2017,0.1798
RU,private_investment,2018,0.1822
RU,private_investment,2019,0.1847
RU,private_investment,2020,0.1826
RU,private_investment,average,0.1830
RU,public_consumption,1995,0.2426
RU,public_consumption,1996,0.2408
RU,public_consumption,1997,0.2344
RU,public_consumption,1998,0.2324
RU,public_consumption,1999,0.2391
RU,public_consumption,2000,0.2323
RU,public_consumption,2001,0.2318
RU,public_consumption,2002,0.2379
RU,public_consumption,2003,0.2436
RU,public_consumption,2004,0.2358
RU,public_consumption,2005,0.2311
RU,public_consumption,2006,0.2256
RU,public_consumption,2007,0.2174
RU,public_consumption,2008,0.2197
RU,public_consumption,2009,0.2354
RU,public_consumption,2010,0.2323
RU,public_consumption,2011,0.2251
RU,public_consumption,2012,0.2278
RU,public_consumption,2013,0.2311
RU,public_consumption,2014,0.2296
RU,public_consumption,2015,0.2271
RU,public_consumption,2016,0.2292
RU,public_consumption,2017,0.2250
RU,public_consumption,2018,0.2242
RU,public_consumption,2019,0.2248
RU,public_consumption,2020,0.2378
RU,public_consumption,average,0.2297
RU,public_investment,1995,0.0366
RU,public_investment,1996,0.0378
RU,public_investment,1997,0.0388
RU,public_investment,1998,0.0402
RU,public_investment,1999,0.0405
RU,public_investment,2000,0.0410
RU,public_investment,2001,0.0401
RU,public_investment,2002,0.0388
RU,public_investment,2003,0.0385
RU,public_investment,2004,0.0386
RU,public_investment,2005,0.0394
RU,public_investment,2006,0.0412
RU,public_investment,2007,0.0444
RU,public_investment,2008,0.0453
RU,public_investment,2009,0.0406
RU,public_investment,2010,0.0384
RU,public_investment,2011,0.0388
RU,public_investment,2012,0.0387
RU,public_investment,2013,0.0381
RU,public_investment,2014,0.0389
RU,public_investment,2015,0.0401
RU,public_investment,2016,0.0389
RU,public_investment,2017,0.0392
RU,public_investment,2018,0.0397
RU,public_investment,2019,0.0402
RU,public_investment,2020,0.0398
RU,public_investment,average,0.0399
RU,size,1995,0.023500
RU,size,1996,0.024376
RU,size,1997,0.023323
RU,size,1998,0.024686
RU,size,1999,0.023371
RU,size,2000,0.022041
RU,size,2001,0.022618
RU,size,2002,0.024004
RU,size,2003,0.025885
RU,size,2004,0.027036
RU,size,2005,0.027567
RU,size,2006,0.028360
RU,size,2007,0.030601
RU,size,2008,0.032313
RU,size,2009,0.028572
RU,size,2010,0.027552
RU,size,2011,0.027483
RU,size,2012,0.025293
RU,size,2013,0.025710
RU,size,2014,0.025557
RU,size,2015,0.023501
RU,size,2016,0.023641
RU,size,2017,0.024275
RU,size,2018,0.025012
RU,size,2019,0.024485
RU,size,2020,0.025112
RU,size,average,0.025804
RU,tax_SSC_firms,1995,0.1706
RU,tax_SSC_firms,1996,0.1740
RU,tax_SSC_firms,1997,0.1728
RU,tax_SSC_firms,1998,0.1666
RU,tax_SSC_firms,1999,0.1503
RU,tax_SSC_firms,2000,0.1634
RU,tax_SSC_firms,2001,0.1608
RU,tax_SSC_firms,2002,0.1624
RU,tax_SSC_firms,2003,0.1590
RU,tax_SSC_firms,2004,0.1596
RU,tax_SSC_firms,2005,0.1594
RU,tax_SSC_firms,2006,0.1529
RU,tax_SSC_firms,2007,0.1557
RU,tax_SSC_firms,2008,0.1407
RU,tax_SSC_firms,2009,0.1330
RU,tax_SSC_firms,2010,0.1363
RU,tax_SSC_firms,2011,0.1304
RU,tax_SSC_firms,2012,0.1333
RU,tax_SSC_firms,2013,0.1324
RU,tax_SSC_firms,2014,0.1315
RU,tax_SSC_firms,2015,0.1310
RU,tax_SSC_firms,2016,0.1328
RU,tax_SSC_firms,2017,0.1274
RU,tax_SSC_firms,2018,0.1109
RU,tax_SSC_firms,2019,0.1070
RU,tax_SSC_firms,2020,0.1032
RU,tax_SSC_firms,average,0.1445
RU,tax_SSC_households,1995,0.0483
RU,tax_SSC_households,1996,0.0533
RU,tax_SSC_households,1997,0.0592
RU,tax_SSC_households,1998,0.0637
RU,tax_SSC_households,1999,0.0767
RU,tax_SSC_households,2000,0.0741
RU,tax_SSC_households,2001,0.0774
RU,tax_SSC_households,2002,0.0726
RU,tax_SSC_households,2003,0.0691
RU,tax_SSC_households,2004,0.0690
RU,tax_SSC_households,2005,0.0710
RU,tax_SSC_households,2006,0.0731
RU,tax_SSC_households,2007,0.0728
RU,tax_SSC_households,2008,0.0710
RU,tax_SSC_households,2009,0.0695
RU,tax_SSC_households,2010,0.0710
RU,tax_SSC_households,2011,0.0767
RU,tax_SSC_households,2012,0.0782
RU,tax_SSC_households,2013,0.0812
RU,tax_SSC_households,2014,0.0808
RU,tax_SSC_households,2015,0.0828
RU,tax_SSC_households,2016,0.0822
RU,tax_SSC_households,2017,0.0861
RU,tax_SSC_households,2018,0.1059
RU,tax_SSC_households,2019,0.1085
RU,tax_SSC_households,2020,0.1089
RU,tax_SSC_households,average,0.0763
RU,tax_capital,1995,0.0523
RU,tax_capital,1996,0.0505
RU,tax_capital,1997,0.0519
RU,tax_capital,1998,0.0553
RU,tax_capital,1999,0.0572
RU,tax_capital,2000,0.0621
RU,tax_capital,2001,0.0583
RU,tax_capital,2002,0.0555
RU,tax_capital,2003,0.0561
RU,tax_capital,2004,0.0565
RU,tax_capital,2005,0.0577
RU,tax_capital,2006,0.0608
RU,tax_capital,2007,0.0706
RU,tax_capital,2008,0.0648
RU,tax_capital,2009,0.0558
RU,tax_capital,2010,0.0374
RU,tax_capital,2011,0.0363
RU,tax_capital,2012,0.0382
RU,tax_capital,2013,0.0389
RU,tax_capital,2014,0.0429
RU,tax_capital,2015,0.0457
RU,tax_capital,2016,0.0562
RU,tax_capital,2017,0.0512
RU,tax_capital,2018,0.0377
RU,tax_capital,2019,0.0367
RU,tax_capital,2020,0.0367
RU,tax_capital,average,0.0509
RU,tax_consumption,1995,0.2524
RU,tax_consumption,1996,0.2481
RU,tax_consumption,1997,0.2447
RU,tax_consumption,1998,0.2451
RU,tax_consumption,1999,0.2500
RU,tax_consumption,2000,0.2428
RU,tax_consumption,2001,0.2372
RU,tax_consumption,2002,0.2389
RU,tax_consumption,2003,0.2440
RU,tax_consumption,2004,0.2447
RU,tax_consumption,2005,0.2475
RU,tax_consumption,2006,0.2497
RU,tax_consumption,2007,0.2516
RU,tax_consumption,2008,0.2461
RU,tax_consumption,2009,0.2366
RU,tax_consumption,2010,0.2433
RU,tax_consumption,2011,0.2445
RU,tax_consumption,2012,0.2406
RU,tax_consumption,2013,0.2421
RU,tax_consumption,2014,0.2426
RU,tax_consumption,2015,0.2469
RU,tax_consumption,2016,0.2490
RU,tax_consumption,2017,0.2448
RU,tax_consumption,2018,0.2454
RU,tax_consumption,2019,0.2446
RU,tax_consumption,2020,0.2491
RU,tax_consumption,average,0.2451
RU,tax_income,1995,0.4303
RU,tax_income,1996,0.4335
RU,tax_income,1997,0.4364
RU,tax_income,1998,0.4213
RU,tax_income,1999,0.4353
RU,tax_income,2000,0.4228
RU,tax_income,2001,0.3984
RU,tax_income,2002,0.3814
RU,tax_income,2003,0.3837
RU,tax_income,2004,0.3817
RU,tax_income,2005,0.3734
RU,tax_income,2006,0.3600
RU,tax_income,2007,0.3484
RU,tax_income,2008,0.3350
RU,tax_income,2009,0.3344
RU,tax_income,2010,0.3181
RU,tax_income,2011,0.3089
RU,tax_income,2012,0.3116
RU,tax_income,2013,0.3232
RU,tax_income,2014,0.3286
RU,tax_income,2015,0.3231
RU,tax_income,2016,0.3170
RU,tax_income,2017,0.3121
RU,tax_income,2018,0.2952
RU,tax_income,2019,0.2869
RU,tax_income,2020,0.2934
RU,tax_income,average,0.3575
RU,tby,1995,0.048942
RU,tby,1996,0.040390
RU,tby,1997,0.039932
RU,tby,1998,0.031532
RU,tby,1999,0.033446
RU,tby,2000,0.034286
RU,tby,2001,0.037770
RU,tby,2002,0.034417
RU,tby,2003,0.036084
RU,tby,2004,0.042116
RU,tby,2005,0.046450
RU,tby,2006,0.047652
RU,tby,2007,0.036369
RU,tby,2008,0.027433
RU,tby,2009,0.051326
RU,tby,2010,0.059695
RU,tby,2011,0.064855
RU,tby,2012,0.072750
RU,tby,2013,0.077098
RU,tby,2014,0.075565
RU,tby,2015,0.076472
RU,tby,2016,0.082843
RU,tby,2017,0.078964
RU,tby,2018,0.072535
RU,tby,2019,0.079413
RU,tby,2020,0.082735
RU,tby,average,0.059499
RU,trybar,1995,0.1804
RU,trybar,1996,0.1763
RU,trybar,1997,0.1712
RU,trybar,1998,0.1682
RU,trybar,1999,0.1701
RU,trybar,2000,0.1657
RU,trybar,2001,0.1688
RU,trybar,2002,0.1703
RU,trybar,2003,0.1736
RU,trybar,2004,0.1685
RU,trybar,2005,0.1650
RU,trybar,2006,0.1602
RU,trybar,2007,0.1537
RU,trybar,2008,0.1544
RU,trybar,2009,0.1681
RU,trybar,2010,0.1679
RU,trybar,2011,0.1630
RU,trybar,2012,0.1646
RU,trybar,2013,0.1678
RU,trybar,2014,0.1647
RU,trybar,2015,0.1608
RU,trybar,2016,0.1625
RU,trybar,2017,0.1585
RU,trybar,2018,0.1547
RU,trybar,2019,0.1546
RU,trybar,2020,0.1662
RU,trybar,average,0.1640
RW,RWAT_imcgy,1995,0.000072
RW,RWAT_imcgy,1996,0.000077
RW,RWAT_imcgy,1997,0.000077
RW,RWAT_imcgy,1998,0.000084
RW,RWAT_imcgy,1999,0.000078
RW,RWAT_imcgy,2000,0.000078
RW,RWAT_imcgy,2001,0.000083
RW,RWAT_imcgy,2002,0.000098
RW,RWAT_imcgy,2003,0.000106
RW,RWAT_imcgy,2004,0.000105
RW,RWAT_imcgy,2005,0.000103
RW,RWAT_imcgy,2006,0.000101
RW,RWAT_imcgy,2007,0.000105
RW,RWAT_imcgy,2008,0.000115
RW,RWAT_imcgy,2009,0.000108
RW,RWAT_imcgy,2010,0.000103
RW,RWAT_imcgy,2011,0.000102
RW,RWAT_imcgy,2012,0.000097
RW,RWAT_imcgy,2013,0.000097
RW,RWAT_imcgy,2014,0.000100
RW,RWAT_imcgy,2015,0.000090
RW,RWAT_imcgy,2016,0.000088
RW,RWAT_imcgy,2017,0.000085
RW,RWAT_imcgy,2018,0.000093
RW,RWAT_imcgy,2019,0.000093
RW,RWAT_imcgy,2020,0.000098
RW,RWAT_imcgy,average,0.000095
RW,RWAT_imcy,1995,0.000712
RW,RWAT_imcy,1996,0.000737
RW,RWAT_imcy,1997,0.000711
RW,RWAT_imcy,1998,0.000728
RW,RWAT_imcy,1999,0.000696
RW,RWAT_imcy,2000,0.000633
RW,RWAT_imcy,2001,0.000650
RW,RWAT_imcy,2002,0.000723
RW,RWAT_imcy,2003,0.000769
RW,RWAT_imcy,2004,0.000808
RW,RWAT_imcy,2005,0.000839
RW,RWAT_imcy,2006,0.000878
RW,RWAT_imcy,2007,0.000892
RW,RWAT_imcy,2008,0.000913
RW,RWAT_imcy,2009,0.000796
RW,RWAT_imcy,2010,0.000775
RW,RWAT_imcy,2011,0.000763
RW,RWAT_imcy,2012,0.000732
RW,RWAT_imcy,2013,0.000748
RW,RWAT_imcy,2014,0.000756
RW,RWAT_imcy,2015,0.000660
RW,RWAT_imcy,2016,0.000676
RW,RWAT_imcy,2017,0.000661
RW,RWAT_imcy,2018,0.000688
RW,RWAT_imcy,2019,0.000660
RW,RWAT_imcy,2020,0.000608
RW,RWAT_imcy,average,0.000732
RW,RWAT_imigy,1995,0.000038
RW,RWAT_imigy,1996,0.000039
RW,RWAT_imigy,1997,0.000037
RW,RWAT_imigy,1998,0.000038
RW,RWAT_imigy,1999,0.000038
RW,RWAT_imigy,2000,0.000037
RW,RWAT_imigy,2001,0.000039
RW,RWAT_imigy,2002,0.000044
RW,RWAT_imigy,2003,0.000047
RW,RWAT_imigy,2004,0.000051
RW,RWAT_imigy,2005,0.000052
RW,RWAT_imigy,2006,0.000050
RW,RWAT_imigy,2007,0.000055
RW,RWAT_imigy,2008,0.000060
RW,RWAT_imigy,2009,0.000056
RW,RWAT_imigy,2010,0.000053
RW,RWAT_imigy,2011,0.000054
RW,RWAT_imigy,2012,0.000053
RW,RWAT_imigy,2013,0.000057
RW,RWAT_imigy,2014,0.000059
RW,RWAT_imigy,2015,0.000054
RW,RWAT_imigy,2016,0.000053
RW,RWAT_imigy,2017,0.000055
RW,RWAT_imigy,2018,0.000058
RW,RWAT_imigy,2019,0.000060
RW,RWAT_imigy,2020,0.000063
RW,RWAT_imigy,average,0.000053
RW,RWAT_imiy,1995,0.000427
RW,RWAT_imiy,1996,0.000451
RW,RWAT_imiy,1997,0.000438
RW,RWAT_imiy,1998,0.000437
RW,RWAT_imiy,1999,0.000422
RW,RWAT_imiy,2000,0.000404
RW,RWAT_imiy,2001,0.000413
RW,RWAT_imiy,2002,0.000446
RW,RWAT_imiy,2003,0.000474
RW,RWAT_imiy,2004,0.000506
RW,RWAT_imiy,2005,0.000513
RW,RWAT_imiy,2006,0.000507
RW,RWAT_imiy,2007,0.000555
RW,RWAT_imiy,2008,0.000592
RW,RWAT_imiy,2009,0.000515
RW,RWAT_imiy,2010,0.000490
RW,RWAT_imiy,2011,0.000498
RW,RWAT_imiy,2012,0.000484
RW,RWAT_imiy,2013,0.000496
RW,RWAT_imiy,2014,0.000493
RW,RWAT_imiy,2015,0.000440
RW,RWAT_imiy,2016,0.000443
RW,RWAT_imiy,2017,0.000460
RW,RWAT_imiy,2018,0.000476
RW,RWAT_imiy,2019,0.000483
RW,RWAT_imiy,2020,0.000475
RW,RWAT_imiy,average,0.000481
RW,RWBE_imcgy,1995,0.000161
RW,RWBE_imcgy,1996,0.000159
RW,RWBE_imcgy,1997,0.000153
RW,RWBE_imcgy,1998,0.000170
RW,RWBE_imcgy,1999,0.000160
RW,RWBE_imcgy,2000,0.000158
RW,RWBE_imcgy,2001,0.000168
RW,RWBE_imcgy,2002,0.000172
RW,RWBE_imcgy,2003,0.000186
RW,RWBE_imcgy,2004,0.000207
RW,RWBE_imcgy,2005,0.000199
RW,RWBE_imcgy,2006,0.000178
RW,RWBE_imcgy,2007,0.000203
RW,RWBE_imcgy,2008,0.000221
RW,RWBE_imcgy,2009,0.000211
RW,RWBE_imcgy,2010,0.000190
RW,RWBE_imcgy,2011,0.000202
RW,RWBE_imcgy,2012,0.000196
RW,RWBE_imcgy,2013,0.000196
RW,RWBE_imcgy,2014,0.000202
RW,RWBE_imcgy,2015,0.000181
RW,RWBE_imcgy,2016,0.000204
RW,RWBE_imcgy,2017,0.000214
RW,RWBE_imcgy,2018,0.000207
RW,RWBE_imcgy,2019,0.000194
RW,RWBE_imcgy,2020,0.000192
RW,RWBE_imcgy,average,0.000194
RW,RWBE_imcy,1995,0.001453
RW,RWBE_imcy,1996,0.001400
RW,RWBE_imcy,1997,0.001412
RW,RWBE_imcy,1998,0.001466
RW,RWBE_imcy,1999,0.001316
RW,RWBE_imcy,2000,0.001232
RW,RWBE_imcy,2001,0.001289
RW,RWBE_imcy,2002,0.001322
RW,RWBE_imcy,2003,0.001396
RW,RWBE_imcy,2004,0.001450
RW,RWBE_imcy,2005,0.001422
RW,RWBE_imcy,2006,0.001366
RW,RWBE_imcy,2007,0.001504
RW,RWBE_imcy,2008,0.001511
RW,RWBE_imcy,2009,0.001308
RW,RWBE_imcy,2010,0.001245
RW,RWBE_imcy,2011,0.001275
RW,RWBE_imcy,2012,0.001201
RW,RWBE_imcy,2013,0.001201
RW,RWBE_imcy,2014,0.001212
RW,RWBE_imcy,2015,0.001074
RW,RWBE_imcy,2016,0.001107
RW,RWBE_imcy,2017,0.001146
RW,RWBE_imcy,2018,0.001109
RW,RWBE_imcy,2019,0.001030
RW,RWBE_imcy,2020,0.000994
RW,RWBE_imcy,average,0.001237
RW,RWBE_imigy,1995,0.000061
RW,RWBE_imigy,1996,0.000058
RW,RWBE_imigy,1997,0.000053
RW,RWBE_imigy,1998,0.000056
RW,RWBE_imigy,1999,0.000052
RW,RWBE_imigy,2000,0.000052
RW,RWBE_imigy,2001,0.000054
RW,RWBE_imigy,2002,0.000058
RW,RWBE_imigy,2003,0.000063
RW,RWBE_imigy,2004,0.000067
RW,RWBE_imigy,2005,0.000071
RW,RWBE_imigy,2006,0.000066
RW,RWBE_imigy,2007,0.000074
RW,RWBE_imigy,2008,0.000076
RW,RWBE_imigy,2009,0.000074
RW,RWBE_imigy,2010,0.000063
RW,RWBE_imigy,2011,0.000065
RW,RWBE_imigy,2012,0.000064
RW,RWBE_imigy,2013,0.000063
RW,RWBE_imigy,2014,0.000065
RW,RWBE_imigy,2015,0.000057
RW,RWBE_imigy,2016,0.000055
RW,RWBE_imigy,2017,0.000056
RW,RWBE_imigy,2018,0.000058
RW,RWBE_imigy,2019,0.000059
RW,RWBE_imigy,2020,0.000060
RW,RWBE_imigy,average,0.000062
RW,RWBE_imiy,1995,0.000680
RW,RWBE_imiy,1996,0.000673
RW,RWBE_imiy,1997,0.000623
RW,RWBE_imiy,1998,0.000639
RW,RWBE_imiy,1999,0.000572
RW,RWBE_imiy,2000,0.000562
RW,RWBE_imiy,2001,0.000571
RW,RWBE_imiy,2002,0.000594
RW,RWBE_imiy,2003,0.000629
RW,RWBE_imiy,2004,0.000664
RW,RWBE_imiy,2005,0.000701
RW,RWBE_imiy,2006,0.000668
RW,RWBE_imiy,2007,0.000744
RW,RWBE_imiy,2008,0.000759
RW,RWBE_imiy,2009,0.000676
RW,RWBE_imiy,2010,0.000584
RW,RWBE_imiy,2011,0.000595
RW,RWBE_imiy,2012,0.000580
RW,RWBE_imiy,2013,0.000554
RW,RWBE_imiy,2014,0.000542
RW,RWBE_imiy,2015,0.000459
RW,RWBE_imiy,2016,0.000456
RW,RWBE_imiy,2017,0.000469
RW,RWBE_imiy,2018,0.000478
RW,RWBE_imiy,2019,0.000482
RW,RWBE_imiy,2020,0.000454
RW,RWBE_imiy,average,0.000568
RW,RWDE_imcgy,1995,0.000751
RW,RWDE_imcgy,1996,0.000724
RW,RWDE_imcgy,1997,0.000708
RW,RWDE_imcgy,1998,0.000766
RW,RWDE_imcgy,1999,0.000723
RW,RWDE_imcgy,2000,0.000725
RW,RWDE_imcgy,2001,0.000816
RW,RWDE_imcgy,2002,0.000906
RW,RWDE_imcgy,2003,0.000976
RW,RWDE_imcgy,2004,0.001049
RW,RWDE_imcgy,2005,0.001026
RW,RWDE_imcgy,2006,0.001010
RW,RWDE_imcgy,2007,0.001048
RW,RWDE_imcgy,2008,0.001090
RW,RWDE_imcgy,2009,0.001043
RW,RWDE_imcgy,2010,0.000982
RW,RWDE_imcgy,2011,0.001018
RW,RWDE_imcgy,2012,0.000981
RW,RWDE_imcgy,2013,0.001005
RW,RWDE_imcgy,2014,0.001045
RW,RWDE_imcgy,2015,0.000956
RW,RWDE_imcgy,2016,0.000946
RW,RWDE_imcgy,2017,0.000947
RW,RWDE_imcgy,2018,0.000958
RW,RWDE_imcgy,2019,0.000937
RW,RWDE_imcgy,2020,0.000969
RW,RWDE_imcgy,average,0.000958
RW,RWDE_imcy,1995,0.006158
RW,RWDE_imcy,1996,0.006090
RW,RWDE_imcy,1997,0.006118
RW,RWDE_imcy,1998,0.006334
RW,RWDE_imcy,1999,0.005780
RW,RWDE_imcy,2000,0.005489
RW,RWDE_imcy,2001,0.005917
RW,RWDE_imcy,2002,0.006364
RW,RWDE_imcy,2003,0.006687
RW,RWDE_imcy,2004,0.007122
RW,RWDE_imcy,2005,0.007118
RW,RWDE_imcy,2006,0.007447
RW,RWDE_imcy,2007,0.007734
RW,RWDE_imcy,2008,0.007618
RW,RWDE_imcy,2009,0.006683
RW,RWDE_imcy,2010,0.006914
RW,RWDE_imcy,2011,0.006907
RW,RWDE_imcy,2012,0.006681
RW,RWDE_imcy,2013,0.006879
RW,RWDE_imcy,2014,0.007076
RW,RWDE_imcy,2015,0.006443
RW,RWDE_imcy,2016,0.006402
RW,RWDE_imcy,2017,0.006376
RW,RWDE_imcy,2018,0.006225
RW,RWDE_imcy,2019,0.005815
RW,RWDE_imcy,2020,0.005534
RW,RWDE_imcy,average,0.006559
RW,RWDE_imigy,1995,0.000446
RW,RWDE_imigy,1996,0.000448
RW,RWDE_imigy,1997,0.000401
RW,RWDE_imigy,1998,0.000414
RW,RWDE_imigy,1999,0.000381
RW,RWDE_imigy,2000,0.000372
RW,RWDE_imigy,2001,0.000420
RW,RWDE_imigy,2002,0.000463
RW,RWDE_imigy,2003,0.000515
RW,RWDE_imigy,2004,0.000567
RW,RWDE_imigy,2005,0.000568
RW,RWDE_imigy,2006,0.000574
RW,RWDE_imigy,2007,0.000619
RW,RWDE_imigy,2008,0.000637
RW,RWDE_imigy,2009,0.000580
RW,RWDE_imigy,2010,0.000593
RW,RWDE_imigy,2011,0.000632
RW,RWDE_imigy,2012,0.000604
RW,RWDE_imigy,2013,0.000626
RW,RWDE_imigy,2014,0.000641
RW,RWDE_imigy,2015,0.000595
RW,RWDE_imigy,2016,0.000566
RW,RWDE_imigy,2017,0.000572
RW,RWDE_imigy,2018,0.000595
RW,RWDE_imigy,2019,0.000576
RW,RWDE_imigy,2020,0.000583
RW,RWDE_imigy,average,0.000567
RW,RWDE_imiy,1995,0.004961
RW,RWDE_imiy,1996,0.005237
RW,RWDE_imiy,1997,0.004723
RW,RWDE_imiy,1998,0.004741
RW,RWDE_imiy,1999,0.004217
RW,RWDE_imiy,2000,0.004054
RW,RWDE_imiy,2001,0.004426
RW,RWDE_imiy,2002,0.004744
RW,RWDE_imiy,2003,0.005150
RW,RWDE_imiy,2004,0.005585
RW,RWDE_imiy,2005,0.005574
RW,RWDE_imiy,2006,0.005800
RW,RWDE_imiy,2007,0.006223
RW,RWDE_imiy,2008,0.006325
RW,RWDE_imiy,2009,0.005322
RW,RWDE_imiy,2010,0.005518
RW,RWDE_imiy,2011,0.005810
RW,RWDE_imiy,2012,0.005489
RW,RWDE_imiy,2013,0.005473
RW,RWDE_imiy,2014,0.005380
RW,RWDE_imiy,2015,0.004831
RW,RWDE_imiy,2016,0.004709
RW,RWDE_imiy,2017,0.004812
RW,RWDE_imiy,2018,0.004881
RW,RWDE_imiy,2019,0.004667
RW,RWDE_imiy,2020,0.004426
RW,RWDE_imiy,average,0.005156
RW,RWES_imcgy,1995,0.000144
RW,RWES_imcgy,1996,0.000162
RW,RWES_imcgy,1997,0.000169
RW,RWES_imcgy,1998,0.000195
RW,RWES_imcgy,1999,0.000195
RW,RWES_imcgy,2000,0.000195
RW,RWES_imcgy,2001,0.000221
RW,RWES_imcgy,2002,0.000261
RW,RWES_imcgy,2003,0.000274
RW,RWES_imcgy,2004,0.000278
RW,RWES_imcgy,2005,0.000275
RW,RWES_imcgy,2006,0.000269
RW,RWES_imcgy,2007,0.000288
RW,RWES_imcgy,2008,0.000297
RW,RWES_imcgy,2009,0.000294
RW,RWES_imcgy,2010,0.000255
RW,RWES_imcgy,2011,0.000283
RW,RWES_imcgy,2012,0.000266
RW,RWES_imcgy,2013,0.000281
RW,RWES_imcgy,2014,0.000280
RW,RWES_imcgy,2015,0.000259
RW,RWES_imcgy,2016,0.000263
RW,RWES_imcgy,2017,0.000259
RW,RWES_imcgy,2018,0.000249
RW,RWES_imcgy,2019,0.000251
RW,RWES_imcgy,2020,0.000238
RW,RWES_imcgy,average,0.000256
RW,RWES_imcy,1995,0.001976
RW,RWES_imcy,1996,0.002177
RW,RWES_imcy,1997,0.002277
RW,RWES_imcy,1998,0.002499
RW,RWES_imcy,1999,0.002515
RW,RWES_imcy,2000,0.002326
RW,RWES_imcy,2001,0.002623
RW,RWES_imcy,2002,0.002757
RW,RWES_imcy,2003,0.002988
RW,RWES_imcy,2004,0.003062
RW,RWES_imcy,2005,0.002965
RW,RWES_imcy,2006,0.003065
RW,RWES_imcy,2007,0.003160
RW,RWES_imcy,2008,0.003023
RW,RWES_imcy,2009,0.002734
RW,RWES_imcy,2010,0.002493
RW,RWES_imcy,2011,0.002602
RW,RWES_imcy,2012,0.002458
RW,RWES_imcy,2013,0.002579
RW,RWES_imcy,2014,0.002514
RW,RWES_imcy,2015,0.002307
RW,RWES_imcy,2016,0.002427
RW,RWES_imcy,2017,0.002445
RW,RWES_imcy,2018,0.002384
RW,RWES_imcy,2019,0.002239
RW,RWES_imcy,2020,0.001684
RW,RWES_imcy,average,0.002509
RW,RWES_imigy,1995,0.000064
RW,RWES_imigy,1996,0.000071
RW,RWES_imigy,1997,0.000068
RW,RWES_imigy,1998,0.000076
RW,RWES_imigy,1999,0.000072
RW,RWES_imigy,2000,0.000070
RW,RWES_imigy,2001,0.000075
RW,RWES_imigy,2002,0.000085
RW,RWES_imigy,2003,0.000092
RW,RWES_imigy,2004,0.000102
RW,RWES_imigy,2005,0.000099
RW,RWES_imigy,2006,0.000095
RW,RWES_imigy,2007,0.000107
RW,RWES_imigy,2008,0.000108
RW,RWES_imigy,2009,0.000107
RW,RWES_imigy,2010,0.000094
RW,RWES_imigy,2011,0.000106
RW,RWES_imigy,2012,0.000105
RW,RWES_imigy,2013,0.000118
RW,RWES_imigy,2014,0.000117
RW,RWES_imigy,2015,0.000113
RW,RWES_imigy,2016,0.000112
RW,RWES_imigy,2017,0.000110
RW,RWES_imigy,2018,0.000112
RW,RWES_imigy,2019,0.000106
RW,RWES_imigy,2020,0.000100
RW,RWES_imigy,average,0.000101
RW,RWES_imiy,1995,0.000709
RW,RWES_imiy,1996,0.000827
RW,RWES_imiy,1997,0.000803
RW,RWES_imiy,1998,0.000867
RW,RWES_imiy,1999,0.000799
RW,RWES_imiy,2000,0.000766
RW,RWES_imiy,2001,0.000793
RW,RWES_imiy,2002,0.000868
RW,RWES_imiy,2003,0.000923
RW,RWES_imiy,2004,0.001002
RW,RWES_imiy,2005,0.000975
RW,RWES_imiy,2006,0.000963
RW,RWES_imiy,2007,0.001071
RW,RWES_imiy,2008,0.001075
RW,RWES_imiy,2009,0.000978
RW,RWES_imiy,2010,0.000872
RW,RWES_imiy,2011,0.000978
RW,RWES_imiy,2012,0.000959
RW,RWES_imiy,2013,0.001033
RW,RWES_imiy,2014,0.000985
RW,RWES_imiy,2015,0.000914
RW,RWES_imiy,2016,0.000930
RW,RWES_imiy,2017,0.000927
RW,RWES_imiy,2018,0.000922
RW,RWES_imiy,2019,0.000861
RW,RWES_imiy,2020,0.000763
RW,RWES_imiy,average,0.000922
RW,RWFI_imcgy,1995,0.000088
RW,RWFI_imcgy,1996,0.000091
RW,RWFI_imcgy,1997,0.000083
RW,RWFI_imcgy,1998,0.000092
RW,RWFI_imcgy,1999,0.000088
RW,RWFI_imcgy,2000,0.000092
RW,RWFI_imcgy,2001,0.000102
RW,RWFI_imcgy,2002,0.000113
RW,RWFI_imcgy,2003,0.000115
RW,RWFI_imcgy,2004,0.000116
RW,RWFI_imcgy,2005,0.000109
RW,RWFI_imcgy,2006,0.000111
RW,RWFI_imcgy,2007,0.000118
RW,RWFI_imcgy,2008,0.000124
RW,RWFI_imcgy,2009,0.000108
RW,RWFI_imcgy,2010,0.000094
RW,RWFI_imcgy,2011,0.000089
RW,RWFI_imcgy,2012,0.000079
RW,RWFI_imcgy,2013,0.000079
RW,RWFI_imcgy,2014,0.000073
RW,RWFI_imcgy,2015,0.000065
RW,RWFI_imcgy,2016,0.000065
RW,RWFI_imcgy,2017,0.000067
RW,RWFI_imcgy,2018,0.000072
RW,RWFI_imcgy,2019,0.000070
RW,RWFI_imcgy,2020,0.000072
RW,RWFI_imcgy,average,0.000086
RW,RWFI_imcy,1995,0.000561
RW,RWFI_imcy,1996,0.000613
RW,RWFI_imcy,1997,0.000623
RW,RWFI_imcy,1998,0.000622
RW,RWFI_imcy,1999,0.000563
RW,RWFI_imcy,2000,0.000558
RW,RWFI_imcy,2001,0.000586
RW,RWFI_imcy,2002,0.000613
RW,RWFI_imcy,2003,0.000643
RW,RWFI_imcy,2004,0.000674
RW,RWFI_imcy,2005,0.000645
RW,RWFI_imcy,2006,0.000675
RW,RWFI_imcy,2007,0.000713
RW,RWFI_imcy,2008,0.000711
RW,RWFI_imcy,2009,0.000618
RW,RWFI_imcy,2010,0.000558
RW,RWFI_imcy,2011,0.000537
RW,RWFI_imcy,2012,0.000495
RW,RWFI_imcy,2013,0.000504
RW,RWFI_imcy,2014,0.000464
RW,RWFI_imcy,2015,0.000377
RW,RWFI_imcy,2016,0.000379
RW,RWFI_imcy,2017,0.000405
RW,RWFI_imcy,2018,0.000412
RW,RWFI_imcy,2019,0.000390
RW,RWFI_imcy,2020,0.000361
RW,RWFI_imcy,average,0.000514
RW,RWFI_imigy,1995,0.000036
RW,RWFI_imigy,1996,0.000039
RW,RWFI_imigy,1997,0.000037
RW,RWFI_imigy,1998,0.000039
RW,RWFI_imigy,1999,0.000037
RW,RWFI_imigy,2000,0.000039
RW,RWFI_imigy,2001,0.000042
RW,RWFI_imigy,2002,0.000044
RW,RWFI_imigy,2003,0.000049
RW,RWFI_imigy,2004,0.000056
RW,RWFI_imigy,2005,0.000056
RW,RWFI_imigy,2006,0.000058
RW,RWFI_imigy,2007,0.000065
RW,RWFI_imigy,2008,0.000069
RW,RWFI_imigy,2009,0.000057
RW,RWFI_imigy,2010,0.000048
RW,RWFI_imigy,2011,0.000046
RW,RWFI_imigy,2012,0.000041
RW,RWFI_imigy,2013,0.000042
RW,RWFI_imigy,2014,0.000039
RW,RWFI_imigy,2015,0.000033
RW,RWFI_imigy,2016,0.000032
RW,RWFI_imigy,2017,0.000035
RW,RWFI_imigy,2018,0.000036
RW,RWFI_imigy,2019,0.000037
RW,RWFI_imigy,2020,0.000040
RW,RWFI_imigy,average,0.000044
RW,RWFI_imiy,1995,0.000405
RW,RWFI_imiy,1996,0.000453
RW,RWFI_imiy,1997,0.000431
RW,RWFI_imiy,1998,0.000446
RW,RWFI_imiy,1999,0.000405
RW,RWFI_imiy,2000,0.000423
RW,RWFI_imiy,2001,0.000441
RW,RWFI_imiy,2002,0.000453
RW,RWFI_imiy,2003,0.000492
RW,RWFI_imiy,2004,0.000553
RW,RWFI_imiy,2005,0.000553
RW,RWFI_imiy,2006,0.000582
RW,RWFI_imiy,2007,0.000649
RW,RWFI_imiy,2008,0.000681
RW,RWFI_imiy,2009,0.000526
RW,RWFI_imiy,2010,0.000448
RW,RWFI_imiy,2011,0.000423
RW,RWFI_imiy,2012,0.000370
RW,RWFI_imiy,2013,0.000368
RW,RWFI_imiy,2014,0.000328
RW,RWFI_imiy,2015,0.000266
RW,RWFI_imiy,2016,0.000266
RW,RWFI_imiy,2017,0.000291
RW,RWFI_imiy,2018,0.000296
RW,RWFI_imiy,2019,0.000297
RW,RWFI_imiy,2020,0.000300
RW,RWFI_imiy,average,0.000401
RW,RWFR_imcgy,1995,0.000533
RW,RWFR_imcgy,1996,0.000552
RW,RWFR_imcgy,1997,0.000564
RW,RWFR_imcgy,1998,0.000631
RW,RWFR_imcgy,1999,0.000588
RW,RWFR_imcgy,2000,0.000555
RW,RWFR_imcgy,2001,0.000611
RW,RWFR_imcgy,2002,0.000655
RW,RWFR_imcgy,2003,0.000687
RW,RWFR_imcgy,2004,0.000713
RW,RWFR_imcgy,2005,0.000678
RW,RWFR_imcgy,2006,0.000668
RW,RWFR_imcgy,2007,0.000650
RW,RWFR_imcgy,2008,0.000659
RW,RWFR_imcgy,2009,0.000677
RW,RWFR_imcgy,2010,0.000573
RW,RWFR_imcgy,2011,0.000596
RW,RWFR_imcgy,2012,0.000581
RW,RWFR_imcgy,2013,0.000608
RW,RWFR_imcgy,2014,0.000640
RW,RWFR_imcgy,2015,0.000600
RW,RWFR_imcgy,2016,0.000591
RW,RWFR_imcgy,2017,0.000556
RW,RWFR_imcgy,2018,0.000566
RW,RWFR_imcgy,2019,0.000563
RW,RWFR_imcgy,2020,0.000578
RW,RWFR_imcgy,average,0.000605
RW,RWFR_imcy,1995,0.005124
RW,RWFR_imcy,1996,0.005145
RW,RWFR_imcy,1997,0.005262
RW,RWFR_imcy,1998,0.005661
RW,RWFR_imcy,1999,0.005358
RW,RWFR_imcy,2000,0.004856
RW,RWFR_imcy,2001,0.005075
RW,RWFR_imcy,2002,0.005423
RW,RWFR_imcy,2003,0.005567
RW,RWFR_imcy,2004,0.005698
RW,RWFR_imcy,2005,0.005514
RW,RWFR_imcy,2006,0.005620
RW,RWFR_imcy,2007,0.005589
RW,RWFR_imcy,2008,0.005473
RW,RWFR_imcy,2009,0.004929
RW,RWFR_imcy,2010,0.004524
RW,RWFR_imcy,2011,0.004497
RW,RWFR_imcy,2012,0.004306
RW,RWFR_imcy,2013,0.004480
RW,RWFR_imcy,2014,0.004405
RW,RWFR_imcy,2015,0.004097
RW,RWFR_imcy,2016,0.003991
RW,RWFR_imcy,2017,0.003950
RW,RWFR_imcy,2018,0.003934
RW,RWFR_imcy,2019,0.003621
RW,RWFR_imcy,2020,0.003204
RW,RWFR_imcy,average,0.004554
RW,RWFR_imigy,1995,0.000215
RW,RWFR_imigy,1996,0.000214
RW,RWFR_imigy,1997,0.000210
RW,RWFR_imigy,1998,0.000228
RW,RWFR_imigy,1999,0.000213
RW,RWFR_imigy,2000,0.000197
RW,RWFR_imigy,2001,0.000222
RW,RWFR_imigy,2002,0.000232
RW,RWFR_imigy,2003,0.000250
RW,RWFR_imigy,2004,0.000262
RW,RWFR_imigy,2005,0.000258
RW,RWFR_imigy,2006,0.000258
RW,RWFR_imigy,2007,0.000255
RW,RWFR_imigy,2008,0.000257
RW,RWFR_imigy,2009,0.000255
RW,RWFR_imigy,2010,0.000221
RW,RWFR_imigy,2011,0.000222
RW,RWFR_imigy,2012,0.000219
RW,RWFR_imigy,2013,0.000232
RW,RWFR_imigy,2014,0.000240
RW,RWFR_imigy,2015,0.000233
RW,RWFR_imigy,2016,0.000229
RW,RWFR_imigy,2017,0.000227
RW,RWFR_imigy,2018,0.000239
RW,RWFR_imigy,2019,0.000235
RW,RWFR_imigy,2020,0.000220
RW,RWFR_imigy,average,0.000235
RW,RWFR_imiy,1995,0.002398
RW,RWFR_imiy,1996,0.002498
RW,RWFR_imiy,1997,0.002481
RW,RWFR_imiy,1998,0.002606
RW,RWFR_imiy,1999,0.002357
RW,RWFR_imiy,2000,0.002151
RW,RWFR_imiy,2001,0.002347
RW,RWFR_imiy,2002,0.002371
RW,RWFR_imiy,2003,0.002504
RW,RWFR_imiy,2004,0.002586
RW,RWFR_imiy,2005,0.002534
RW,RWFR_imiy,2006,0.002607
RW,RWFR_imiy,2007,0.002561
RW,RWFR_imiy,2008,0.002558
RW,RWFR_imiy,2009,0.002339
RW,RWFR_imiy,2010,0.002059
RW,RWFR_imiy,2011,0.002040
RW,RWFR_imiy,2012,0.001989
RW,RWFR_imiy,2013,0.002030
RW,RWFR_imiy,2014,0.002013
RW,RWFR_imiy,2015,0.001894
RW,RWFR_imiy,2016,0.001908
RW,RWFR_imiy,2017,0.001910
RW,RWFR_imiy,2018,0.001965
RW,RWFR_imiy,2019,0.001900
RW,RWFR_imiy,2020,0.001675
RW,RWFR_imiy,average,0.002137
RW,RWGR_imcgy,1995,0.000019
RW,RWGR_imcgy,1996,0.000020
RW,RWGR_imcgy,1997,0.000022
RW,RWGR_imcgy,1998,0.000027
RW,RWGR_imcgy,1999,0.000031
RW,RWGR_imcgy,2000,0.000034
RW,RWGR_imcgy,2001,0.000036
RW,RWGR_imcgy,2002,0.000036
RW,RWGR_imcgy,2003,0.000044
RW,RWGR_imcgy,2004,0.000055
RW,RWGR_imcgy,2005,0.000055
RW,RWGR_imcgy,2006,0.000046
RW,RWGR_imcgy,2007,0.000055
RW,RWGR_imcgy,2008,0.000064
RW,RWGR_imcgy,2009,0.000053
RW,RWGR_imcgy,2010,0.000051
RW,RWGR_imcgy,2011,0.000051
RW,RWGR_imcgy,2012,0.000052
RW,RWGR_imcgy,2013,0.000050
RW,RWGR_imcgy,2014,0.000055
RW,RWGR_imcgy,2015,0.000042
RW,RWGR_imcgy,2016,0.000038
RW,RWGR_imcgy,2017,0.000042
RW,RWGR_imcgy,2018,0.000047
RW,RWGR_imcgy,2019,0.000045
RW,RWGR_imcgy,2020,0.000044
RW,RWGR_imcgy,average,0.000046
RW,RWGR_imcy,1995,0.000325
RW,RWGR_imcy,1996,0.000346
RW,RWGR_imcy,1997,0.000416
RW,RWGR_imcy,1998,0.000462
RW,RWGR_imcy,1999,0.000513
RW,RWGR_imcy,2000,0.000519
RW,RWGR_imcy,2001,0.000524
RW,RWGR_imcy,2002,0.000570
RW,RWGR_imcy,2003,0.000578
RW,RWGR_imcy,2004,0.000675
RW,RWGR_imcy,2005,0.000673
RW,RWGR_imcy,2006,0.000657
RW,RWGR_imcy,2007,0.000691
RW,RWGR_imcy,2008,0.000723
RW,RWGR_imcy,2009,0.000619
RW,RWGR_imcy,2010,0.000550
RW,RWGR_imcy,2011,0.000531
RW,RWGR_imcy,2012,0.000537
RW,RWGR_imcy,2013,0.000562
RW,RWGR_imcy,2014,0.000587
RW,RWGR_imcy,2015,0.000471
RW,RWGR_imcy,2016,0.000438
RW,RWGR_imcy,2017,0.000472
RW,RWGR_imcy,2018,0.000521
RW,RWGR_imcy,2019,0.000507
RW,RWGR_imcy,2020,0.000358
RW,RWGR_imcy,average,0.000531
RW,RWGR_imigy,1995,0.000005
RW,RWGR_imigy,1996,0.000006
RW,RWGR_imigy,1997,0.000006
RW,RWGR_imigy,1998,0.000008
RW,RWGR_imigy,1999,0.000008
RW,RWGR_imigy,2000,0.000009
RW,RWGR_imigy,2001,0.000010
RW,RWGR_imigy,2002,0.000009
RW,RWGR_imigy,2003,0.000011
RW,RWGR_imigy,2004,0.000014
RW,RWGR_imigy,2005,0.000014
RW,RWGR_imigy,2006,0.000014
RW,RWGR_imigy,2007,0.000016
RW,RWGR_imigy,2008,0.000019
RW,RWGR_imigy,2009,0.000018
RW,RWGR_imigy,2010,0.000016
RW,RWGR_imigy,2011,0.000016
RW,RWGR_imigy,2012,0.000016
RW,RWGR_imigy,2013,0.000016
RW,RWGR_imigy,2014,0.000017
RW,RWGR_imigy,2015,0.000014
RW,RWGR_imigy,2016,0.000012
RW,RWGR_imigy,2017,0.000014
RW,RWGR_imigy,2018,0.000016
RW,RWGR_imigy,2019,0.000015
RW,RWGR_imigy,2020,0.000015
RW,RWGR_imigy,average,0.000014
RW,RWGR_imiy,1995,0.000060
RW,RWGR_imiy,1996,0.000068
RW,RWGR_imiy,1997,0.000076
RW,RWGR_imiy,1998,0.000087
RW,RWGR_imiy,1999,0.000089
RW,RWGR_imiy,2000,0.000099
RW,RWGR_imiy,2001,0.000101
RW,RWGR_imiy,2002,0.000094
RW,RWGR_imiy,2003,0.000108
RW,RWGR_imiy,2004,0.000135
RW,RWGR_imiy,2005,0.000138
RW,RWGR_imiy,2006,0.000143
RW,RWGR_imiy,2007,0.000163
RW,RWGR_imiy,2008,0.000187
RW,RWGR_imiy,2009,0.000163
RW,RWGR_imiy,2010,0.000147
RW,RWGR_imiy,2011,0.000147
RW,RWGR_imiy,2012,0.000144
RW,RWGR_imiy,2013,0.000140
RW,RWGR_imiy,2014,0.000146
RW,RWGR_imiy,2015,0.000111
RW,RWGR_imiy,2016,0.000102
RW,RWGR_imiy,2017,0.000119
RW,RWGR_imiy,2018,0.000132
RW,RWGR_imiy,2019,0.000123
RW,RWGR_imiy,2020,0.000113
RW,RWGR_imiy,average,0.000128
RW,RWIT_imcgy,1995,0.000387
RW,RWIT_imcgy,1996,0.000412
RW,RWIT_imcgy,1997,0.000392
RW,RWIT_imcgy,1998,0.000415
RW,RWIT_imcgy,1999,0.000375
RW,RWIT_imcgy,2000,0.000355
RW,RWIT_imcgy,2001,0.000406
RW,RWIT_imcgy,2002,0.000461
RW,RWIT_imcgy,2003,0.000489
RW,RWIT_imcgy,2004,0.000514
RW,RWIT_imcgy,2005,0.000500
RW,RWIT_imcgy,2006,0.000481
RW,RWIT_imcgy,2007,0.000499
RW,RWIT_imcgy,2008,0.000469
RW,RWIT_imcgy,2009,0.000425
RW,RWIT_imcgy,2010,0.000424
RW,RWIT_imcgy,2011,0.000434
RW,RWIT_imcgy,2012,0.000400
RW,RWIT_imcgy,2013,0.000402
RW,RWIT_imcgy,2014,0.000394
RW,RWIT_imcgy,2015,0.000341
RW,RWIT_imcgy,2016,0.000326
RW,RWIT_imcgy,2017,0.000326
RW,RWIT_imcgy,2018,0.000340
RW,RWIT_imcgy,2019,0.000326
RW,RWIT_imcgy,2020,0.000343
RW,RWIT_imcgy,average,0.000397
RW,RWIT_imcy,1995,0.004224
RW,RWIT_imcy,1996,0.004743
RW,RWIT_imcy,1997,0.004652
RW,RWIT_imcy,1998,0.004596
RW,RWIT_imcy,1999,0.004026
RW,RWIT_imcy,2000,0.003720
RW,RWIT_imcy,2001,0.003879
RW,RWIT_imcy,2002,0.004004
RW,RWIT_imcy,2003,0.004178
RW,RWIT_imcy,2004,0.004368
RW,RWIT_imcy,2005,0.004212
RW,RWIT_imcy,2006,0.004363
RW,RWIT_imcy,2007,0.004454
RW,RWIT_imcy,2008,0.004159
RW,RWIT_imcy,2009,0.003582
RW,RWIT_imcy,2010,0.003413
RW,RWIT_imcy,2011,0.003321
RW,RWIT_imcy,2012,0.003114
RW,RWIT_imcy,2013,0.003241
RW,RWIT_imcy,2014,0.003214
RW,RWIT_imcy,2015,0.002834
RW,RWIT_imcy,2016,0.002842
RW,RWIT_imcy,2017,0.002886
RW,RWIT_imcy,2018,0.002863
RW,RWIT_imcy,2019,0.002674
RW,RWIT_imcy,2020,0.002424
RW,RWIT_imcy,average,0.003425
RW,RWIT_imigy,1995,0.000205
RW,RWIT_imigy,1996,0.000220
RW,RWIT_imigy,1997,0.000205
RW,RWIT_imigy,1998,0.000209
RW,RWIT_imigy,1999,0.000186
RW,RWIT_imigy,2000,0.000179
RW,RWIT_imigy,2001,0.000199
RW,RWIT_imigy,2002,0.000211
RW,RWIT_imigy,2003,0.000228
RW,RWIT_imigy,2004,0.000245
RW,RWIT_imigy,2005,0.000244
RW,RWIT_imigy,2006,0.000246
RW,RWIT_imigy,2007,0.000273
RW,RWIT_imigy,2008,0.000277
RW,RWIT_imigy,2009,0.000247
RW,RWIT_imigy,2010,0.000225
RW,RWIT_imigy,2011,0.000233
RW,RWIT_imigy,2012,0.000220
RW,RWIT_imigy,2013,0.000234
RW,RWIT_imigy,2014,0.000235
RW,RWIT_imigy,2015,0.000221
RW,RWIT_imigy,2016,0.000215
RW,RWIT_imigy,2017,0.000214
RW,RWIT_imigy,2018,0.000218
RW,RWIT_imigy,2019,0.000207
RW,RWIT_imigy,2020,0.000208
RW,RWIT_imigy,average,0.000227
RW,RWIT_imiy,1995,0.002283
RW,RWIT_imiy,1996,0.002574
RW,RWIT_imiy,1997,0.002419
RW,RWIT_imiy,1998,0.002390
RW,RWIT_imiy,1999,0.002058
RW,RWIT_imiy,2000,0.001949
RW,RWIT_imiy,2001,0.002100
RW,RWIT_imiy,2002,0.002159
RW,RWIT_imiy,2003,0.002283
RW,RWIT_imiy,2004,0.002415
RW,RWIT_imiy,2005,0.002398
RW,RWIT_imiy,2006,0.002486
RW,RWIT_imiy,2007,0.002739
RW,RWIT_imiy,2008,0.002755
RW,RWIT_imiy,2009,0.002264
RW,RWIT_imiy,2010,0.002096
RW,RWIT_imiy,2011,0.002144
RW,RWIT_imiy,2012,0.001999
RW,RWIT_imiy,2013,0.002049
RW,RWIT_imiy,2014,0.001975
RW,RWIT_imiy,2015,0.001796
RW,RWIT_imiy,2016,0.001788
RW,RWIT_imiy,2017,0.001800
RW,RWIT_imiy,2018,0.001792
RW,RWIT_imiy,2019,0.001678
RW,RWIT_imiy,2020,0.001579
RW,RWIT_imiy,average,0.002064
RW,RWNL_imcgy,1995,0.000297
RW,RWNL_imcgy,1996,0.000292
RW,RWNL_imcgy,1997,0.000281
RW,RWNL_imcgy,1998,0.000299
RW,RWNL_imcgy,1999,0.000296
RW,RWNL_imcgy,2000,0.000283
RW,RWNL_imcgy,2001,0.000288
RW,RWNL_imcgy,2002,0.000309
RW,RWNL_imcgy,2003,0.000347
RW,RWNL_imcgy,2004,0.000366
RW,RWNL_imcgy,2005,0.000377
RW,RWNL_imcgy,2006,0.000349
RW,RWNL_imcgy,2007,0.000362
RW,RWNL_imcgy,2008,0.000370
RW,RWNL_imcgy,2009,0.000358
RW,RWNL_imcgy,2010,0.000313
RW,RWNL_imcgy,2011,0.000319
RW,RWNL_imcgy,2012,0.000306
RW,RWNL_imcgy,2013,0.000323
RW,RWNL_imcgy,2014,0.000338
RW,RWNL_imcgy,2015,0.000340
RW,RWNL_imcgy,2016,0.000310
RW,RWNL_imcgy,2017,0.000306
RW,RWNL_imcgy,2018,0.000326
RW,RWNL_imcgy,2019,0.000305
RW,RWNL_imcgy,2020,0.000312
RW,RWNL_imcgy,average,0.000324
RW,RWNL_imcy,1995,0.002508
RW,RWNL_imcy,1996,0.002466
RW,RWNL_imcy,1997,0.002426
RW,RWNL_imcy,1998,0.002478
RW,RWNL_imcy,1999,0.002351
RW,RWNL_imcy,2000,0.002211
RW,RWNL_imcy,2001,0.002253
RW,RWNL_imcy,2002,0.002366
RW,RWNL_imcy,2003,0.002566
RW,RWNL_imcy,2004,0.002623
RW,RWNL_imcy,2005,0.002640
RW,RWNL_imcy,2006,0.002519
RW,RWNL_imcy,2007,0.002596
RW,RWNL_imcy,2008,0.002545
RW,RWNL_imcy,2009,0.002261
RW,RWNL_imcy,2010,0.002105
RW,RWNL_imcy,2011,0.002093
RW,RWNL_imcy,2012,0.001980
RW,RWNL_imcy,2013,0.002102
RW,RWNL_imcy,2014,0.002136
RW,RWNL_imcy,2015,0.002075
RW,RWNL_imcy,2016,0.001966
RW,RWNL_imcy,2017,0.002007
RW,RWNL_imcy,2018,0.002104
RW,RWNL_imcy,2019,0.001881
RW,RWNL_imcy,2020,0.001801
RW,RWNL_imcy,average,0.002186
RW,RWNL_imigy,1995,0.000088
RW,RWNL_imigy,1996,0.000083
RW,RWNL_imigy,1997,0.000080
RW,RWNL_imigy,1998,0.000082
RW,RWNL_imigy,1999,0.000081
RW,RWNL_imigy,2000,0.000078
RW,RWNL_imigy,2001,0.000080
RW,RWNL_imigy,2002,0.000084
RW,RWNL_imigy,2003,0.000097
RW,RWNL_imigy,2004,0.000101
RW,RWNL_imigy,2005,0.000105
RW,RWNL_imigy,2006,0.000101
RW,RWNL_imigy,2007,0.000110
RW,RWNL_imigy,2008,0.000110
RW,RWNL_imigy,2009,0.000106
RW,RWNL_imigy,2010,0.000093
RW,RWNL_imigy,2011,0.000099
RW,RWNL_imigy,2012,0.000096
RW,RWNL_imigy,2013,0.000105
RW,RWNL_imigy,2014,0.000108
RW,RWNL_imigy,2015,0.000114
RW,RWNL_imigy,2016,0.000103
RW,RWNL_imigy,2017,0.000107
RW,RWNL_imigy,2018,0.000120
RW,RWNL_imigy,2019,0.000117
RW,RWNL_imigy,2020,0.000119
RW,RWNL_imigy,average,0.000103
RW,RWNL_imiy,1995,0.000974
RW,RWNL_imiy,1996,0.000967
RW,RWNL_imiy,1997,0.000940
RW,RWNL_imiy,1998,0.000936
RW,RWNL_imiy,1999,0.000898
RW,RWNL_imiy,2000,0.000848
RW,RWNL_imiy,2001,0.000847
RW,RWNL_imiy,2002,0.000856
RW,RWNL_imiy,2003,0.000966
RW,RWNL_imiy,2004,0.000999
RW,RWNL_imiy,2005,0.001034
RW,RWNL_imiy,2006,0.001017
RW,RWNL_imiy,2007,0.001105
RW,RWNL_imiy,2008,0.001097
RW,RWNL_imiy,2009,0.000970
RW,RWNL_imiy,2010,0.000866
RW,RWNL_imiy,2011,0.000907
RW,RWNL_imiy,2012,0.000876
RW,RWNL_imiy,2013,0.000920
RW,RWNL_imiy,2014,0.000908
RW,RWNL_imiy,2015,0.000930
RW,RWNL_imiy,2016,0.000858
RW,RWNL_imiy,2017,0.000898
RW,RWNL_imiy,2018,0.000987
RW,RWNL_imiy,2019,0.000947
RW,RWNL_imiy,2020,0.000901
RW,RWNL_imiy,average,0.000938
RW,RWPT_imcgy,1995,0.000031
RW,RWPT_imcgy,1996,0.000030
RW,RWPT_imcgy,1997,0.000029
RW,RWPT_imcgy,1998,0.000034
RW,RWPT_imcgy,1999,0.000030
RW,RWPT_imcgy,2000,0.000031
RW,RWPT_imcgy,2001,0.000032
RW,RWPT_imcgy,2002,0.000033
RW,RWPT_imcgy,2003,0.000036
RW,RWPT_imcgy,2004,0.000037
RW,RWPT_imcgy,2005,0.000037
RW,RWPT_imcgy,2006,0.000040
RW,RWPT_imcgy,2007,0.000043
RW,RWPT_imcgy,2008,0.000043
RW,RWPT_imcgy,2009,0.000045
RW,RWPT_imcgy,2010,0.000040
RW,RWPT_imcgy,2011,0.000043
RW,RWPT_imcgy,2012,0.000046
RW,RWPT_imcgy,2013,0.000052
RW,RWPT_imcgy,2014,0.000051
RW,RWPT_imcgy,2015,0.000044
RW,RWPT_imcgy,2016,0.000040
RW,RWPT_imcgy,2017,0.000042
RW,RWPT_imcgy,2018,0.000042
RW,RWPT_imcgy,2019,0.000042
RW,RWPT_imcgy,2020,0.000041
RW,RWPT_imcgy,average,0.000041
RW,RWPT_imcy,1995,0.000423
RW,RWPT_imcy,1996,0.000427
RW,RWPT_imcy,1997,0.000440
RW,RWPT_imcy,1998,0.000462
RW,RWPT_imcy,1999,0.000436
RW,RWPT_imcy,2000,0.000393
RW,RWPT_imcy,2001,0.000408
RW,RWPT_imcy,2002,0.000433
RW,RWPT_imcy,2003,0.000451
RW,RWPT_imcy,2004,0.000461
RW,RWPT_imcy,2005,0.000422
RW,RWPT_imcy,2006,0.000449
RW,RWPT_imcy,2007,0.000457
RW,RWPT_imcy,2008,0.000418
RW,RWPT_imcy,2009,0.000411
RW,RWPT_imcy,2010,0.000405
RW,RWPT_imcy,2011,0.000408
RW,RWPT_imcy,2012,0.000432
RW,RWPT_imcy,2013,0.000467
RW,RWPT_imcy,2014,0.000482
RW,RWPT_imcy,2015,0.000439
RW,RWPT_imcy,2016,0.000442
RW,RWPT_imcy,2017,0.000477
RW,RWPT_imcy,2018,0.000468
RW,RWPT_imcy,2019,0.000443
RW,RWPT_imcy,2020,0.000332
RW,RWPT_imcy,average,0.000435
RW,RWPT_imigy,1995,0.000010
RW,RWPT_imigy,1996,0.000010
RW,RWPT_imigy,1997,0.000010
RW,RWPT_imigy,1998,0.000010
RW,RWPT_imigy,1999,0.000010
RW,RWPT_imigy,2000,0.000009
RW,RWPT_imigy,2001,0.000010
RW,RWPT_imigy,2002,0.000011
RW,RWPT_imigy,2003,0.000012
RW,RWPT_imigy,2004,0.000013
RW,RWPT_imigy,2005,0.000013
RW,RWPT_imigy,2006,0.000014
RW,RWPT_imigy,2007,0.000016
RW,RWPT_imigy,2008,0.000014
RW,RWPT_imigy,2009,0.000019
RW,RWPT_imigy,2010,0.000015
RW,RWPT_imigy,2011,0.000016
RW,RWPT_imigy,2012,0.000019
RW,RWPT_imigy,2013,0.000020
RW,RWPT_imigy,2014,0.000021
RW,RWPT_imigy,2015,0.000019
RW,RWPT_imigy,2016,0.000017
RW,RWPT_imigy,2017,0.000018
RW,RWPT_imigy,2018,0.000018
RW,RWPT_imigy,2019,0.000018
RW,RWPT_imigy,2020,0.000018
RW,RWPT_imigy,average,0.000016
RW,RWPT_imiy,1995,0.000112
RW,RWPT_imiy,1996,0.000116
RW,RWPT_imiy,1997,0.000118
RW,RWPT_imiy,1998,0.000117
RW,RWPT_imiy,1999,0.000109
RW,RWPT_imiy,2000,0.000102
RW,RWPT_imiy,2001,0.000101
RW,RWPT_imiy,2002,0.000115
RW,RWPT_imiy,2003,0.000123
RW,RWPT_imiy,2004,0.000124
RW,RWPT_imiy,2005,0.000125
RW,RWPT_imiy,2006,0.000137
RW,RWPT_imiy,2007,0.000160
RW,RWPT_imiy,2008,0.000143
RW,RWPT_imiy,2009,0.000172
RW,RWPT_imiy,2010,0.000136
RW,RWPT_imiy,2011,0.000145
RW,RWPT_imiy,2012,0.000169
RW,RWPT_imiy,2013,0.000172
RW,RWPT_imiy,2014,0.000175
RW,RWPT_imiy,2015,0.000153
RW,RWPT_imiy,2016,0.000142
RW,RWPT_imiy,2017,0.000149
RW,RWPT_imiy,2018,0.000148
RW,RWPT_imiy,2019,0.000145
RW,RWPT_imiy,2020,0.000134
RW,RWPT_imiy,average,0.000144
RW,RWRA_imcgy,1995,0.000150
RW,RWRA_imcgy,1996,0.000165
RW,RWRA_imcgy,1997,0.000201
RW,RWRA_imcgy,1998,0.000262
RW,RWRA_imcgy,1999,0.000276
RW,RWRA_imcgy,2000,0.000280
RW,RWRA_imcgy,2001,0.000329
RW,RWRA_imcgy,2002,0.000373
RW,RWRA_imcgy,2003,0.000415
RW,RWRA_imcgy,2004,0.000460
RW,RWRA_imcgy,2005,0.000481
RW,RWRA_imcgy,2006,0.000472
RW,RWRA_imcgy,2007,0.000492
RW,RWRA_imcgy,2008,0.000496
RW,RWRA_imcgy,2009,0.000508
RW,RWRA_imcgy,2010,0.000443
RW,RWRA_imcgy,2011,0.000449
RW,RWRA_imcgy,2012,0.000430
RW,RWRA_imcgy,2013,0.000487
RW,RWRA_imcgy,2014,0.000547
RW,RWRA_imcgy,2015,0.000658
RW,RWRA_imcgy,2016,0.000642
RW,RWRA_imcgy,2017,0.000599
RW,RWRA_imcgy,2018,0.000653
RW,RWRA_imcgy,2019,0.000690
RW,RWRA_imcgy,2020,0.000797
RW,RWRA_imcgy,average,0.000513
RW,RWRA_imcy,1995,0.001351
RW,RWRA_imcy,1996,0.001501
RW,RWRA_imcy,1997,0.001732
RW,RWRA_imcy,1998,0.001901
RW,RWRA_imcy,1999,0.001872
RW,RWRA_imcy,2000,0.001859
RW,RWRA_imcy,2001,0.002060
RW,RWRA_imcy,2002,0.002169
RW,RWRA_imcy,2003,0.002411
RW,RWRA_imcy,2004,0.002735
RW,RWRA_imcy,2005,0.003070
RW,RWRA_imcy,2006,0.003369
RW,RWRA_imcy,2007,0.003846
RW,RWRA_imcy,2008,0.003632
RW,RWRA_imcy,2009,0.003210
RW,RWRA_imcy,2010,0.003155
RW,RWRA_imcy,2011,0.003219
RW,RWRA_imcy,2012,0.003139
RW,RWRA_imcy,2013,0.003372
RW,RWRA_imcy,2014,0.003664
RW,RWRA_imcy,2015,0.003844
RW,RWRA_imcy,2016,0.003993
RW,RWRA_imcy,2017,0.004033
RW,RWRA_imcy,2018,0.004552
RW,RWRA_imcy,2019,0.004419
RW,RWRA_imcy,2020,0.004957
RW,RWRA_imcy,average,0.003430
RW,RWRA_imigy,1995,0.000043
RW,RWRA_imigy,1996,0.000047
RW,RWRA_imigy,1997,0.000053
RW,RWRA_imigy,1998,0.000058
RW,RWRA_imigy,1999,0.000060
RW,RWRA_imigy,2000,0.000065
RW,RWRA_imigy,2001,0.000076
RW,RWRA_imigy,2002,0.000079
RW,RWRA_imigy,2003,0.000086
RW,RWRA_imigy,2004,0.000097
RW,RWRA_imigy,2005,0.000103
RW,RWRA_imigy,2006,0.000105
RW,RWRA_imigy,2007,0.000106
RW,RWRA_imigy,2008,0.000118
RW,RWRA_imigy,2009,0.000119
RW,RWRA_imigy,2010,0.000103
RW,RWRA_imigy,2011,0.000111
RW,RWRA_imigy,2012,0.000113
RW,RWRA_imigy,2013,0.000123
RW,RWRA_imigy,2014,0.000137
RW,RWRA_imigy,2015,0.000152
RW,RWRA_imigy,2016,0.000149
RW,RWRA_imigy,2017,0.000161
RW,RWRA_imigy,2018,0.000179
RW,RWRA_imigy,2019,0.000197
RW,RWRA_imigy,2020,0.000228
RW,RWRA_imigy,average,0.000125
RW,RWRA_imiy,1995,0.000473
RW,RWRA_imiy,1996,0.000548
RW,RWRA_imiy,1997,0.000627
RW,RWRA_imiy,1998,0.000660
RW,RWRA_imiy,1999,0.000662
RW,RWRA_imiy,2000,0.000705
RW,RWRA_imiy,2001,0.000801
RW,RWRA_imiy,2002,0.000811
RW,RWRA_imiy,2003,0.000861
RW,RWRA_imiy,2004,0.000959
RW,RWRA_imiy,2005,0.001008
RW,RWRA_imiy,2006,0.001062
RW,RWRA_imiy,2007,0.001062
RW,RWRA_imiy,2008,0.001171
RW,RWRA_imiy,2009,0.001093
RW,RWRA_imiy,2010,0.000957
RW,RWRA_imiy,2011,0.001016
RW,RWRA_imiy,2012,0.001023
RW,RWRA_imiy,2013,0.001076
RW,RWRA_imiy,2014,0.001153
RW,RWRA_imiy,2015,0.001231
RW,RWRA_imiy,2016,0.001242
RW,RWRA_imiy,2017,0.001353
RW,RWRA_imiy,2018,0.001470
RW,RWRA_imiy,2019,0.001595
RW,RWRA_imiy,2020,0.001733
RW,RWRA_imiy,average,0.001135
RW,RWRU_imcgy,1995,0.000377
RW,RWRU_imcgy,1996,0.000407
RW,RWRU_imcgy,1997,0.000414
RW,RWRU_imcgy,1998,0.000452
RW,RWRU_imcgy,1999,0.000438
RW,RWRU_imcgy,2000,0.000436
RW,RWRU_imcgy,2001,0.000471
RW,RWRU_imcgy,2002,0.000509
RW,RWRU_imcgy,2003,0.000537
RW,RWRU_imcgy,2004,0.000588
RW,RWRU_imcgy,2005,0.000594
RW,RWRU_imcgy,2006,0.000618
RW,RWRU_imcgy,2007,0.000660
RW,RWRU_imcgy,2008,0.000701
RW,RWRU_imcgy,2009,0.000659
RW,RWRU_imcgy,2010,0.000612
RW,RWRU_imcgy,2011,0.000628
RW,RWRU_imcgy,2012,0.000619
RW,RWRU_imcgy,2013,0.000614
RW,RWRU_imcgy,2014,0.000632
RW,RWRU_imcgy,2015,0.000567
RW,RWRU_imcgy,2016,0.000542
RW,RWRU_imcgy,2017,0.000559
RW,RWRU_imcgy,2018,0.000575
RW,RWRU_imcgy,2019,0.000601
RW,RWRU_imcgy,2020,0.000659
RW,RWRU_imcgy,average,0.000583
RW,RWRU_imcy,1995,0.003114
RW,RWRU_imcy,1996,0.003376
RW,RWRU_imcy,1997,0.003426
RW,RWRU_imcy,1998,0.003548
RW,RWRU_imcy,1999,0.003287
RW,RWRU_imcy,2000,0.003226
RW,RWRU_imcy,2001,0.003419
RW,RWRU_imcy,2002,0.003613
RW,RWRU_imcy,2003,0.003778
RW,RWRU_imcy,2004,0.004112
RW,RWRU_imcy,2005,0.004242
RW,RWRU_imcy,2006,0.004680
RW,RWRU_imcy,2007,0.004888
RW,RWRU_imcy,2008,0.005000
RW,RWRU_imcy,2009,0.004280
RW,RWRU_imcy,2010,0.004240
RW,RWRU_imcy,2011,0.004222
RW,RWRU_imcy,2012,0.004226
RW,RWRU_imcy,2013,0.004308
RW,RWRU_imcy,2014,0.004326
RW,RWRU_imcy,2015,0.003893
RW,RWRU_imcy,2016,0.003934
RW,RWRU_imcy,2017,0.004035
RW,RWRU_imcy,2018,0.004095
RW,RWRU_imcy,2019,0.003914
RW,RWRU_imcy,2020,0.003905
RW,RWRU_imcy,average,0.004072
RW,RWRU_imigy,1995,0.000154
RW,RWRU_imigy,1996,0.000163
RW,RWRU_imigy,1997,0.000158
RW,RWRU_imigy,1998,0.000164
RW,RWRU_imigy,1999,0.000156
RW,RWRU_imigy,2000,0.000157
RW,RWRU_imigy,2001,0.000163
RW,RWRU_imigy,2002,0.000176
RW,RWRU_imigy,2003,0.000194
RW,RWRU_imigy,2004,0.000221
RW,RWRU_imigy,2005,0.000238
RW,RWRU_imigy,2006,0.000250
RW,RWRU_imigy,2007,0.000277
RW,RWRU_imigy,2008,0.000303
RW,RWRU_imigy,2009,0.000272
RW,RWRU_imigy,2010,0.000252
RW,RWRU_imigy,2011,0.000268
RW,RWRU_imigy,2012,0.000262
RW,RWRU_imigy,2013,0.000270
RW,RWRU_imigy,2014,0.000275
RW,RWRU_imigy,2015,0.000257
RW,RWRU_imigy,2016,0.000253
RW,RWRU_imigy,2017,0.000265
RW,RWRU_imigy,2018,0.000281
RW,RWRU_imigy,2019,0.000287
RW,RWRU_imigy,2020,0.000306
RW,RWRU_imigy,average,0.000249
RW,RWRU_imiy,1995,0.001712
RW,RWRU_imiy,1996,0.001906
RW,RWRU_imiy,1997,0.001867
RW,RWRU_imiy,1998,0.001881
RW,RWRU_imiy,1999,0.001722
RW,RWRU_imiy,2000,0.001715
RW,RWRU_imiy,2001,0.001718
RW,RWRU_imiy,2002,0.001805
RW,RWRU_imiy,2003,0.001943
RW,RWRU_imiy,2004,0.002179
RW,RWRU_imiy,2005,0.002341
RW,RWRU_imiy,2006,0.002526
RW,RWRU_imiy,2007,0.002783
RW,RWRU_imiy,2008,0.003012
RW,RWRU_imiy,2009,0.002497
RW,RWRU_imiy,2010,0.002343
RW,RWRU_imiy,2011,0.002461
RW,RWRU_imiy,2012,0.002379
RW,RWRU_imiy,2013,0.002357
RW,RWRU_imiy,2014,0.002312
RW,RWRU_imiy,2015,0.002085
RW,RWRU_imiy,2016,0.002104
RW,RWRU_imiy,2017,0.002229
RW,RWRU_imiy,2018,0.002305
RW,RWRU_imiy,2019,0.002328
RW,RWRU_imiy,2020,0.002327
RW,RWRU_imiy,average,0.002271
RW,RWUS_imcgy,1995,0.002405
RW,RWUS_imcgy,1996,0.002468
RW,RWUS_imcgy,1997,0.002659
RW,RWUS_imcgy,1998,0.002994
RW,RWUS_imcgy,1999,0.003068
RW,RWUS_imcgy,2000,0.003183
RW,RWUS_imcgy,2001,0.003321
RW,RWUS_imcgy,2002,0.003290
RW,RWUS_imcgy,2003,0.003097
RW,RWUS_imcgy,2004,0.003041
RW,RWUS_imcgy,2005,0.002989
RW,RWUS_imcgy,2006,0.002995
RW,RWUS_imcgy,2007,0.002897
RW,RWUS_imcgy,2008,0.002757
RW,RWUS_imcgy,2009,0.002726
RW,RWUS_imcgy,2010,0.002632
RW,RWUS_imcgy,2011,0.002596
RW,RWUS_imcgy,2012,0.002643
RW,RWUS_imcgy,2013,0.002669
RW,RWUS_imcgy,2014,0.002696
RW,RWUS_imcgy,2015,0.002752
RW,RWUS_imcgy,2016,0.002578
RW,RWUS_imcgy,2017,0.002523
RW,RWUS_imcgy,2018,0.002579
RW,RWUS_imcgy,2019,0.002557
RW,RWUS_imcgy,2020,0.002545
RW,RWUS_imcgy,average,0.002725
RW,RWUS_imcy,1995,0.022819
RW,RWUS_imcy,1996,0.023991
RW,RWUS_imcy,1997,0.026193
RW,RWUS_imcy,1998,0.026965
RW,RWUS_imcy,1999,0.027279
RW,RWUS_imcy,2000,0.028045
RW,RWUS_imcy,2001,0.027327
RW,RWUS_imcy,2002,0.026469
RW,RWUS_imcy,2003,0.024220
RW,RWUS_imcy,2004,0.023277
RW,RWUS_imcy,2005,0.022959
RW,RWUS_imcy,2006,0.023621
RW,RWUS_imcy,2007,0.023173
RW,RWUS_imcy,2008,0.022707
RW,RWUS_imcy,2009,0.020927
RW,RWUS_imcy,2010,0.021381
RW,RWUS_imcy,2011,0.020927
RW,RWUS_imcy,2012,0.021256
RW,RWUS_imcy,2013,0.021509
RW,RWUS_imcy,2014,0.021921
RW,RWUS_imcy,2015,0.021828
RW,RWUS_imcy,2016,0.021234
RW,RWUS_imcy,2017,0.021077
RW,RWUS_imcy,2018,0.020820
RW,RWUS_imcy,2019,0.019808
RW,RWUS_imcy,2020,0.016873
RW,RWUS_imcy,average,0.022029
RW,RWUS_imigy,1995,0.001079
RW,RWUS_imigy,1996,0.001132
RW,RWUS_imigy,1997,0.001202
RW,RWUS_imigy,1998,0.001279
RW,RWUS_imigy,1999,0.001293
RW,RWUS_imigy,2000,0.001338
RW,RWUS_imigy,2001,0.001300
RW,RWUS_imigy,2002,0.001243
RW,RWUS_imigy,2003,0.001143
RW,RWUS_imigy,2004,0.001156
RW,RWUS_imigy,2005,0.001180
RW,RWUS_imigy,2006,0.001211
RW,RWUS_imigy,2007,0.001177
RW,RWUS_imigy,2008,0.001165
RW,RWUS_imigy,2009,0.001119
RW,RWUS_imigy,2010,0.001104
RW,RWUS_imigy,2011,0.001098
RW,RWUS_imigy,2012,0.001154
RW,RWUS_imigy,2013,0.001198
RW,RWUS_imigy,2014,0.001254
RW,RWUS_imigy,2015,0.001297
RW,RWUS_imigy,2016,0.001196
RW,RWUS_imigy,2017,0.001161
RW,RWUS_imigy,2018,0.001204
RW,RWUS_imigy,2019,0.001182
RW,RWUS_imigy,2020,0.001092
RW,RWUS_imigy,average,0.001192
RW,RWUS_imiy,1995,0.012016
RW,RWUS_imiy,1996,0.013219
RW,RWUS_imiy,1997,0.014167
RW,RWUS_imiy,1998,0.014644
RW,RWUS_imiy,1999,0.014296
RW,RWUS_imiy,2000,0.014574
RW,RWUS_imiy,2001,0.013708
RW,RWUS_imiy,2002,0.012729
RW,RWUS_imiy,2003,0.011434
RW,RWUS_imiy,2004,0.011393
RW,RWUS_imiy,2005,0.011590
RW,RWUS_imiy,2006,0.012243
RW,RWUS_imiy,2007,0.011829
RW,RWUS_imiy,2008,0.011577
RW,RWUS_imiy,2009,0.010273
RW,RWUS_imiy,2010,0.010269
RW,RWUS_imiy,2011,0.010090
RW,RWUS_imiy,2012,0.010497
RW,RWUS_imiy,2013,0.010466
RW,RWUS_imiy,2014,0.010527
RW,RWUS_imiy,2015,0.010533
RW,RWUS_imiy,2016,0.009947
RW,RWUS_imiy,2017,0.009775
RW,RWUS_imiy,2018,0.009882
RW,RWUS_imiy,2019,0.009576
RW,RWUS_imiy,2020,0.008294
RW,RWUS_imiy,average,0.010849
RW,debt,1995,2.1245
RW,debt,1996,2.1295
RW,debt,1997,2.1472
RW,debt,1998,2.4073
RW,debt,1999,2.4350
RW,debt,2000,2.4161
RW,debt,2001,2.5122
RW,debt,2002,2.6110
RW,debt,2003,2.6389
RW,debt,2004,2.6698
RW,debt,2005,2.6469
RW,debt,2006,2.5876
RW,debt,2007,2.5729
RW,debt,2008,2.6357
RW,debt,2009,2.9573
RW,debt,2010,3.0368
RW,debt,2011,3.1355
RW,debt,2012,3.2215
RW,debt,2013,3.2917
RW,debt,2014,3.3685
RW,debt,2015,3.4193
RW,debt,2016,3.5587
RW,debt,2017,3.5957
RW,debt,2018,3.6445
RW,debt,2019,3.8353
RW,debt,2020,4.4089
RW,debt,average,2.8879
RW,imcgy,1995,0.005414
RW,imcgy,1996,0.005560
RW,imcgy,1997,0.005752
RW,imcgy,1998,0.006420
RW,imcgy,1999,0.006346
RW,imcgy,2000,0.006404
RW,imcgy,2001,0.006884
RW,imcgy,2002,0.007216
RW,imcgy,2003,0.007310
RW,imcgy,2004,0.007527
RW,imcgy,2005,0.007422
RW,imcgy,2006,0.007340
RW,imcgy,2007,0.007420
RW,imcgy,2008,0.007405
RW,imcgy,2009,0.007216
RW,imcgy,2010,0.006713
RW,imcgy,2011,0.006811
RW,imcgy,2012,0.006695
RW,imcgy,2013,0.006865
RW,imcgy,2014,0.007053
RW,imcgy,2015,0.006895
RW,imcgy,2016,0.006632
RW,imcgy,2017,0.006525
RW,imcgy,2018,0.006706
RW,imcgy,2019,0.006674
RW,imcgy,2020,0.006889
RW,imcgy,average,0.006823
RW,imcy,1995,0.050748
RW,imcy,1996,0.053012
RW,imcy,1997,0.055689
RW,imcy,1998,0.057724
RW,imcy,1999,0.055993
RW,imcy,2000,0.055066
RW,imcy,2001,0.056010
RW,imcy,2002,0.056825
RW,imcy,2003,0.056232
RW,imcy,2004,0.057064
RW,imcy,2005,0.056718
RW,imcy,2006,0.058708
RW,imcy,2007,0.059698
RW,imcy,2008,0.058433
RW,imcy,2009,0.052357
RW,imcy,2010,0.051758
RW,imcy,2011,0.051303
RW,imcy,2012,0.050557
RW,imcy,2013,0.051951
RW,imcy,2014,0.052757
RW,imcy,2015,0.050342
RW,imcy,2016,0.049831
RW,imcy,2017,0.049968
RW,imcy,2018,0.050176
RW,imcy,2019,0.047400
RW,imcy,2020,0.043035
RW,imcy,average,0.052214
RW,imigy,1995,0.002444
RW,imigy,1996,0.002529
RW,imigy,1997,0.002521
RW,imigy,1998,0.002660
RW,imigy,1999,0.002587
RW,imigy,2000,0.002603
RW,imigy,2001,0.002690
RW,imigy,2002,0.002740
RW,imigy,2003,0.002789
RW,imigy,2004,0.002954
RW,imigy,2005,0.003003
RW,imigy,2006,0.003040
RW,imigy,2007,0.003149
RW,imigy,2008,0.003214
RW,imigy,2009,0.003026
RW,imigy,2010,0.002880
RW,imigy,2011,0.002965
RW,imigy,2012,0.002965
RW,imigy,2013,0.003105
RW,imigy,2014,0.003209
RW,imigy,2015,0.003158
RW,imigy,2016,0.002993
RW,imigy,2017,0.002993
RW,imigy,2018,0.003135
RW,imigy,2019,0.003096
RW,imigy,2020,0.003051
RW,imigy,average,0.002988
RW,imiy,1995,0.027211
RW,imiy,1996,0.029538
RW,imiy,1997,0.029714
RW,imiy,1998,0.030450
RW,imiy,1999,0.028606
RW,imiy,2000,0.028351
RW,imiy,2001,0.028368
RW,imiy,2002,0.028047
RW,imiy,2003,0.027891
RW,imiy,2004,0.029098
RW,imiy,2005,0.029483
RW,imiy,2006,0.030741
RW,imiy,2007,0.031644
RW,imiy,2008,0.031933
RW,imiy,2009,0.027787
RW,imiy,2010,0.026784
RW,imiy,2011,0.027255
RW,imiy,2012,0.026958
RW,imiy,2013,0.027132
RW,imiy,2014,0.026935
RW,imiy,2015,0.025643
RW,imiy,2016,0.024896
RW,imiy,2017,0.025192
RW,imiy,2018,0.025733
RW,imiy,2019,0.025081
RW,imiy,2020,0.023173
RW,imiy,average,0.027193
RW,imy,1995,0.085817
RW,imy,1996,0.090639
RW,imy,1997,0.093675
RW,imy,1998,0.097253
RW,imy,1999,0.093533
RW,imy,2000,0.092424
RW,imy,2001,0.093952
RW,imy,2002,0.094828
RW,imy,2003,0.094222
RW,imy,2004,0.096643
RW,imy,2005,0.096625
RW,imy,2006,0.099829
RW,imy,2007,0.101911
RW,imy,2008,0.100985
RW,imy,2009,0.090386
RW,imy,2010,0.088135
RW,imy,2011,0.088334
RW,imy,2012,0.087175
RW,imy,2013,0.089053
RW,imy,2014,0.089954
RW,imy,2015,0.086039
RW,imy,2016,0.084352
RW,imy,2017,0.084677
RW,imy,2018,0.085750
RW,imy,2019,0.082252
RW,imy,2020,0.076149
RW,imy,average,0.089218
RW,private_consumption,1995,0.5693
RW,private_consumption,1996,0.5709
RW,private_consumption,1997,0.5784
RW,private_consumption,1998,0.5824
RW,private_consumption,1999,0.5820
RW,private_consumption,2000,0.5753
RW,private_consumption,2001,0.5765
RW,private_consumption,2002,0.5776
RW,private_consumption,2003,0.5728
RW,private_consumption,2004,0.5661
RW,private_consumption,2005,0.5630
RW,private_consumption,2006,0.5604
RW,private_consumption,2007,0.5572
RW,private_consumption,2008,0.5486
RW,private_consumption,2009,0.5521
RW,private_consumption,2010,0.5444
RW,private_consumption,2011,0.5370
RW,private_consumption,2012,0.5374
RW,private_consumption,2013,0.5380
RW,private_consumption,2014,0.5379
RW,private_consumption,2015,0.5363
RW,private_consumption,2016,0.5397
RW,private_consumption,2017,0.5346
RW,private_consumption,2018,0.5283
RW,private_consumption,2019,0.5263
RW,private_consumption,2020,0.5192
RW,private_consumption,average,0.5459
RW,private_investment,1995,0.1885
RW,private_investment,1996,0.1889
RW,private_investment,1997,0.1831
RW,private_investment,1998,0.1785
RW,private_investment,1999,0.1759
RW,private_investment,2000,0.1760
RW,private_investment,2001,0.1733
RW,private_investment,2002,0.1710
RW,private_investment,2003,0.1725
RW,private_investment,2004,0.1761
RW,private_investment,2005,0.1799
RW,private_investment,2006,0.1831
RW,private_investment,2007,0.1862
RW,private_investment,2008,0.1910
RW,private_investment,2009,0.1933
RW,private_investment,2010,0.1922
RW,private_investment,2011,0.1956
RW,private_investment,2012,0.1992
RW,private_investment,2013,0.2021
RW,private_investment,2014,0.2029
RW,private_investment,2015,0.2037
RW,private_investment,2016,0.2012
RW,private_investment,2017,0.2020
RW,private_investment,2018,0.2060
RW,private_investment,2019,0.2068
RW,private_investment,2020,0.2082
RW,private_investment,average,0.1948
RW,public_consumption,1995,0.1576
RW,public_consumption,1996,0.1560
RW,public_consumption,1997,0.1566
RW,public_consumption,1998,0.1609
RW,public_consumption,1999,0.1620
RW,public_consumption,2000,0.1629
RW,public_consumption,2001,0.1666
RW,public_consumption,2002,0.1692
RW,public_consumption,2003,0.1701
RW,public_consumption,2004,0.1686
RW,public_consumption,2005,0.1672
RW,public_consumption,2006,0.1660
RW,public_consumption,2007,0.1646
RW,public_consumption,2008,0.1655
RW,public_consumption,2009,0.1751
RW,public_consumption,2010,0.1704
RW,public_consumption,2011,0.1712
RW,public_consumption,2012,0.1717
RW,public_consumption,2013,0.1707
RW,public_consumption,2014,0.1705
RW,public_consumption,2015,0.1705
RW,public_consumption,2016,0.1708
RW,public_consumption,2017,0.1690
RW,public_consumption,2018,0.1691
RW,public_consumption,2019,0.1713
RW,public_consumption,2020,0.1814
RW,public_consumption,average,0.1693
RW,public_investment,1995,0.0751
RW,public_investment,1996,0.0753
RW,public_investment,1997,0.0730
RW,public_investment,1998,0.0712
RW,public_investment,1999,0.0701
RW,public_investment,2000,0.0702
RW,public_investment,2001,0.0691
RW,public_investment,2002,0.0682
RW,public_investment,2003,0.0688
RW,public_investment,2004,0.0702
RW,public_investment,2005,0.0717
RW,public_investment,2006,0.0730
RW,public_investment,2007,0.0742
RW,public_investment,2008,0.0761
RW,public_investment,2009,0.0771
RW,public_investment,2010,0.0766
RW,public_investment,2011,0.0780
RW,public_investment,2012,0.0794
RW,public_investment,2013,0.0806
RW,public_investment,2014,0.0809
RW,public_investment,2015,0.0812
RW,public_investment,2016,0.0802
RW,public_investment,2017,0.0806
RW,public_investment,2018,0.0821
RW,public_investment,2019,0.0825
RW,public_investment,2020,0.0830
RW,public_investment,average,0.0777
RW,size,1995,0.486494
RW,size,1996,0.481087
RW,size,1997,0.485286
RW,size,1998,0.458281
RW,size,1999,0.459328
RW,size,2000,0.472763
RW,size,2001,0.457881
RW,size,2002,0.448957
RW,size,2003,0.446755
RW,size,2004,0.456081
RW,size,2005,0.467569
RW,size,2006,0.475601
RW,size,2007,0.488664
RW,size,2008,0.503771
RW,size,2009,0.513659
RW,size,2010,0.547596
RW,size,2011,0.568477
RW,size,2012,0.585058
RW,size,2013,0.582156
RW,size,2014,0.579626
RW,size,2015,0.576245
RW,size,2016,0.572179
RW,size,2017,0.577065
RW,size,2018,0.575655
RW,size,2019,0.576387
RW,size,2020,0.573591
RW,size,average,0.533315
RW,tax_SSC_firms,1995,0.0806
RW,tax_SSC_firms,1996,0.0813
RW,tax_SSC_firms,1997,0.0814
RW,tax_SSC_firms,1998,0.0858
RW,tax_SSC_firms,1999,0.0856
RW,tax_SSC_firms,2000,0.0813
RW,tax_SSC_firms,2001,0.0847
RW,tax_SSC_firms,2002,0.0924
RW,tax_SSC_firms,2003,0.0934
RW,tax_SSC_firms,2004,0.0932
RW,tax_SSC_firms,2005,0.0941
RW,tax_SSC_firms,2006,0.0953
RW,tax_SSC_firms,2007,0.0980
RW,tax_SSC_firms,2008,0.1022
RW,tax_SSC_firms,2009,0.1034
RW,tax_SSC_firms,2010,0.1087
RW,tax_SSC_firms,2011,0.1118
RW,tax_SSC_firms,2012,0.1100
RW,tax_SSC_firms,2013,0.1111
RW,tax_SSC_firms,2014,0.1099
RW,tax_SSC_firms,2015,0.1112
RW,tax_SSC_firms,2016,0.1128
RW,tax_SSC_firms,2017,0.1150
RW,tax_SSC_firms,2018,0.1136
RW,tax_SSC_firms,2019,0.1145
RW,tax_SSC_firms,2020,0.1131
RW,tax_SSC_firms,average,0.0994
RW,tax_SSC_households,1995,0.0669
RW,tax_SSC_households,1996,0.0672
RW,tax_SSC_households,1997,0.0677
RW,tax_SSC_households,1998,0.0716
RW,tax_SSC_households,1999,0.0710
RW,tax_SSC_households,2000,0.0656
RW,tax_SSC_households,2001,0.0681
RW,tax_SSC_households,2002,0.0727
RW,tax_SSC_households,2003,0.0735
RW,tax_SSC_households,2004,0.0731
RW,tax_SSC_households,2005,0.0725
RW,tax_SSC_households,2006,0.0723
RW,tax_SSC_households,2007,0.0717
RW,tax_SSC_households,2008,0.0736
RW,tax_SSC_households,2009,0.0756
RW,tax_SSC_households,2010,0.0784
RW,tax_SSC_households,2011,0.0798
RW,tax_SSC_households,2012,0.0790
RW,tax_SSC_households,2013,0.0786
RW,tax_SSC_households,2014,0.0779
RW,tax_SSC_households,2015,0.0814
RW,tax_SSC_households,2016,0.0835
RW,tax_SSC_households,2017,0.0842
RW,tax_SSC_households,2018,0.0842
RW,tax_SSC_households,2019,0.0860
RW,tax_SSC_households,2020,0.0877
RW,tax_SSC_households,average,0.0756
RW,tax_capital,1995,0.0710
RW,tax_capital,1996,0.0736
RW,tax_capital,1997,0.0647
RW,tax_capital,1998,0.0604
RW,tax_capital,1999,0.0517
RW,tax_capital,2000,0.0627
RW,tax_capital,2001,0.0604
RW,tax_capital,2002,0.0581
RW,tax_capital,2003,0.0661
RW,tax_capital,2004,0.0659
RW,tax_capital,2005,0.0742
RW,tax_capital,2006,0.0770
RW,tax_capital,2007,0.0812
RW,tax_capital,2008,0.0766
RW,tax_capital,2009,0.0680
RW,tax_capital,2010,0.0646
RW,tax_capital,2011,0.0733
RW,tax_capital,2012,0.0798
RW,tax_capital,2013,0.0782
RW,tax_capital,2014,0.0764
RW,tax_capital,2015,0.0768
RW,tax_capital,2016,0.0778
RW,tax_capital,2017,0.0803
RW,tax_capital,2018,0.0894
RW,tax_capital,2019,0.0906
RW,tax_capital,2020,0.0804
RW,tax_capital,average,0.0723
RW,tax_consumption,1995,0.1055
RW,tax_consumption,1996,0.1072
RW,tax_consumption,1997,0.1107
RW,tax_consumption,1998,0.1162
RW,tax_consumption,1999,0.1144
RW,tax_consumption,2000,0.1123
RW,tax_consumption,2001,0.1125
RW,tax_consumption,2002,0.1148
RW,tax_consumption,2003,0.1173
RW,tax_consumption,2004,0.1184
RW,tax_consumption,2005,0.1184
RW,tax_consumption,2006,0.1195
RW,tax_consumption,2007,0.1535
RW,tax_consumption,2008,0.1562
RW,tax_consumption,2009,0.1559
RW,tax_consumption,2010,0.1677
RW,tax_consumption,2011,0.1725
RW,tax_consumption,2012,0.1731
RW,tax_consumption,2013,0.1767
RW,tax_consumption,2014,0.1779
RW,tax_consumption,2015,0.1795
RW,tax_consumption,2016,0.1729
RW,tax_consumption,2017,0.1750
RW,tax_consumption,2018,0.1723
RW,tax_consumption,2019,0.1673
RW,tax_consumption,2020,0.1675
RW,tax_consumption,average,0.1437
RW,tax_income,1995,0.1545
RW,tax_income,1996,0.1534
RW,tax_income,1997,0.1556
RW,tax_income,1998,0.1663
RW,tax_income,1999,0.1592
RW,tax_income,2000,0.1542
RW,tax_income,2001,0.1594
RW,tax_income,2002,0.1569
RW,tax_income,2003,0.1549
RW,tax_income,2004,0.1574
RW,tax_income,2005,0.1604
RW,tax_income,2006,0.1633
RW,tax_income,2007,0.1711
RW,tax_income,2008,0.1639
RW,tax_income,2009,0.1548
RW,tax_income,2010,0.1531
RW,tax_income,2011,0.1539
RW,tax_income,2012,0.1534
RW,tax_income,2013,0.1592
RW,tax_income,2014,0.1601
RW,tax_income,2015,0.1692
RW,tax_income,2016,0.1654
RW,tax_income,2017,0.1682
RW,tax_income,2018,0.1709
RW,tax_income,2019,0.1688
RW,tax_income,2020,0.1737
RW,tax_income,average,0.1608
RW,tby,1995,-0.008760
RW,tby,1996,-0.009389
RW,tby,1997,-0.009782
RW,tby,1998,-0.004898
RW,tby,1999,0.003156
RW,tby,2000,0.010092
RW,tby,2001,0.008537
RW,tby,2002,0.007672
RW,tby,2003,0.010305
RW,tby,2004,0.010139
RW,tby,2005,0.013462
RW,tby,2006,0.012047
RW,tby,2007,0.005368
RW,tby,2008,0.003781
RW,tby,2009,-0.004005
RW,tby,2010,-0.004484
RW,tby,2011,-0.006536
RW,tby,2012,-0.010397
RW,tby,2013,-0.014210
RW,tby,2014,-0.014675
RW,tby,2015,-0.012641
RW,tby,2016,-0.012514
RW,tby,2017,-0.012145
RW,tby,2018,-0.011935
RW,tby,2019,-0.010244
RW,tby,2020,-0.008927
RW,tby,average,-0.005446
RW,trybar,2000,0.0352
RW,trybar,2001,0.0381
RW,trybar,2002,0.0406
RW,trybar,2003,0.0447
RW,trybar,2004,0.0460
RW,trybar,2005,0.0857
RW,trybar,2006,0.0845
RW,trybar,2007,0.0847
RW,trybar,2008,0.0885
RW,trybar,2009,0.1036
RW,trybar,2010,0.1021
RW,trybar,2011,0.1026
RW,trybar,2012,0.1030
RW,trybar,2013,0.1005
RW,trybar,2014,0.0989
RW,trybar,2015,0.0990
RW,trybar,2016,0.0998
RW,trybar,2017,0.0970
RW,trybar,2018,0.0968
RW,trybar,2019,0.0988
RW,trybar,2020,0.1131
RW,trybar,average,0.0990
US,USAT_imcgy,1995,0.000022
US,USAT_imcgy,1996,0.000021
US,USAT_imcgy,1997,0.000021
US,USAT_imcgy,1998,0.000022
US,USAT_imcgy,1999,0.000023
US,USAT_imcgy,2000,0.000025
US,USAT_imcgy,2001,0.000025
US,USAT_imcgy,2002,0.000027
US,USAT_imcgy,2003,0.000027
US,USAT_imcgy,2004,0.000027
US,USAT_imcgy,2005,0.000026
US,USAT_imcgy,2006,0.000028
US,USAT_imcgy,2007,0.000030
US,USAT_imcgy,2008,0.000032
US,USAT_imcgy,2009,0.000031
US,USAT_imcgy,2010,0.000032
US,USAT_imcgy,2011,0.000034
US,USAT_imcgy,2012,0.000031
US,USAT_imcgy,2013,0.000030
US,USAT_imcgy,2014,0.000029
US,USAT_imcgy,2015,0.000028
US,USAT_imcgy,2016,0.000027
US,USAT_imcgy,2017,0.000029
US,USAT_imcgy,2018,0.000031
US,USAT_imcgy,2019,0.000027
US,USAT_imcgy,2020,0.000027
US,USAT_imcgy,average,0.000028
US,USAT_imcy,1995,0.000247
US,USAT_imcy,1996,0.000257
US,USAT_imcy,1997,0.000244
US,USAT_imcy,1998,0.000256
US,USAT_imcy,1999,0.000276
US,USAT_imcy,2000,0.000315
US,USAT_imcy,2001,0.000347
US,USAT_imcy,2002,0.000324
US,USAT_imcy,2003,0.000336
US,USAT_imcy,2004,0.000389
US,USAT_imcy,2005,0.000335
US,USAT_imcy,2006,0.000406
US,USAT_imcy,2007,0.000457
US,USAT_imcy,2008,0.000379
US,USAT_imcy,2009,0.000346
US,USAT_imcy,2010,0.000342
US,USAT_imcy,2011,0.000376
US,USAT_imcy,2012,0.000338
US,USAT_imcy,2013,0.000328
US,USAT_imcy,2014,0.000323
US,USAT_imcy,2015,0.000332
US,USAT_imcy,2016,0.000329
US,USAT_imcy,2017,0.000334
US,USAT_imcy,2018,0.000365
US,USAT_imcy,2019,0.000339
US,USAT_imcy,2020,0.000295
US,USAT_imcy,average,0.000337
US,USAT_imigy,1995,0.000006
US,USAT_imigy,1996,0.000006
US,USAT_imigy,1997,0.000007
US,USAT_imigy,1998,0.000007
US,USAT_imigy,1999,0.000007
US,USAT_imigy,2000,0.000008
US,USAT_imigy,2001,0.000009
US,USAT_imigy,2002,0.000008
US,USAT_imigy,2003,0.000009
US,USAT_imigy,2004,0.000011
US,USAT_imigy,2005,0.000012
US,USAT_imigy,2006,0.000014
US,USAT_imigy,2007,0.000016
US,USAT_imigy,2008,0.000014
US,USAT_imigy,2009,0.000009
US,USAT_imigy,2010,0.000010
US,USAT_imigy,2011,0.000012
US,USAT_imigy,2012,0.000012
US,USAT_imigy,2013,0.000011
US,USAT_imigy,2014,0.000012
US,USAT_imigy,2015,0.000010
US,USAT_imigy,2016,0.000010
US,USAT_imigy,2017,0.000011
US,USAT_imigy,2018,0.000012
US,USAT_imigy,2019,0.000012
US,USAT_imigy,2020,0.000011
US,USAT_imigy,average,0.000011
US,USAT_imiy,1995,0.000132
US,USAT_imiy,1996,0.000138
US,USAT_imiy,1997,0.000135
US,USAT_imiy,1998,0.000155
US,USAT_imiy,1999,0.000162
US,USAT_imiy,2000,0.000163
US,USAT_imiy,2001,0.000177
US,USAT_imiy,2002,0.000156
US,USAT_imiy,2003,0.000153
US,USAT_imiy,2004,0.000186
US,USAT_imiy,2005,0.000180
US,USAT_imiy,2006,0.000210
US,USAT_imiy,2007,0.000234
US,USAT_imiy,2008,0.000192
US,USAT_imiy,2009,0.000132
US,USAT_imiy,2010,0.000140
US,USAT_imiy,2011,0.000188
US,USAT_imiy,2012,0.000190
US,USAT_imiy,2013,0.000191
US,USAT_imiy,2014,0.000216
US,USAT_imiy,2015,0.000212
US,USAT_imiy,2016,0.000205
US,USAT_imiy,2017,0.000205
US,USAT_imiy,2018,0.000212
US,USAT_imiy,2019,0.000206
US,USAT_imiy,2020,0.000182
US,USAT_imiy,average,0.000185
US,USBE_imcgy,1995,0.000072
US,USBE_imcgy,1996,0.000064
US,USBE_imcgy,1997,0.000071
US,USBE_imcgy,1998,0.000069
US,USBE_imcgy,1999,0.000067
US,USBE_imcgy,2000,0.000077
US,USBE_imcgy,2001,0.000078
US,USBE_imcgy,2002,0.000078
US,USBE_imcgy,2003,0.000083
US,USBE_imcgy,2004,0.000082
US,USBE_imcgy,2005,0.000077
US,USBE_imcgy,2006,0.000081
US,USBE_imcgy,2007,0.000080
US,USBE_imcgy,2008,0.000105
US,USBE_imcgy,2009,0.000116
US,USBE_imcgy,2010,0.000103
US,USBE_imcgy,2011,0.000099
US,USBE_imcgy,2012,0.000087
US,USBE_imcgy,2013,0.000088
US,USBE_imcgy,2014,0.000083
US,USBE_imcgy,2015,0.000077
US,USBE_imcgy,2016,0.000073
US,USBE_imcgy,2017,0.000068
US,USBE_imcgy,2018,0.000071
US,USBE_imcgy,2019,0.000078
US,USBE_imcgy,2020,0.000080
US,USBE_imcgy,average,0.000082
US,USBE_imcy,1995,0.000701
US,USBE_imcy,1996,0.000677
US,USBE_imcy,1997,0.000724
US,USBE_imcy,1998,0.000732
US,USBE_imcy,1999,0.000741
US,USBE_imcy,2000,0.000783
US,USBE_imcy,2001,0.000790
US,USBE_imcy,2002,0.000704
US,USBE_imcy,2003,0.000725
US,USBE_imcy,2004,0.000725
US,USBE_imcy,2005,0.000665
US,USBE_imcy,2006,0.000679
US,USBE_imcy,2007,0.000653
US,USBE_imcy,2008,0.000778
US,USBE_imcy,2009,0.000835
US,USBE_imcy,2010,0.000759
US,USBE_imcy,2011,0.000770
US,USBE_imcy,2012,0.000737
US,USBE_imcy,2013,0.000764
US,USBE_imcy,2014,0.000729
US,USBE_imcy,2015,0.000736
US,USBE_imcy,2016,0.000753
US,USBE_imcy,2017,0.000697
US,USBE_imcy,2018,0.000761
US,USBE_imcy,2019,0.000858
US,USBE_imcy,2020,0.000866
US,USBE_imcy,average,0.000750
US,USBE_imigy,1995,0.000014
US,USBE_imigy,1996,0.000014
US,USBE_imigy,1997,0.000014
US,USBE_imigy,1998,0.000013
US,USBE_imigy,1999,0.000013
US,USBE_imigy,2000,0.000015
US,USBE_imigy,2001,0.000014
US,USBE_imigy,2002,0.000013
US,USBE_imigy,2003,0.000015
US,USBE_imigy,2004,0.000017
US,USBE_imigy,2005,0.000017
US,USBE_imigy,2006,0.000018
US,USBE_imigy,2007,0.000017
US,USBE_imigy,2008,0.000020
US,USBE_imigy,2009,0.000019
US,USBE_imigy,2010,0.000016
US,USBE_imigy,2011,0.000016
US,USBE_imigy,2012,0.000015
US,USBE_imigy,2013,0.000014
US,USBE_imigy,2014,0.000013
US,USBE_imigy,2015,0.000011
US,USBE_imigy,2016,0.000011
US,USBE_imigy,2017,0.000011
US,USBE_imigy,2018,0.000012
US,USBE_imigy,2019,0.000013
US,USBE_imigy,2020,0.000013
US,USBE_imigy,average,0.000015
US,USBE_imiy,1995,0.000299
US,USBE_imiy,1996,0.000292
US,USBE_imiy,1997,0.000283
US,USBE_imiy,1998,0.000282
US,USBE_imiy,1999,0.000279
US,USBE_imiy,2000,0.000288
US,USBE_imiy,2001,0.000265
US,USBE_imiy,2002,0.000248
US,USBE_imiy,2003,0.000258
US,USBE_imiy,2004,0.000275
US,USBE_imiy,2005,0.000266
US,USBE_imiy,2006,0.000272
US,USBE_imiy,2007,0.000249
US,USBE_imiy,2008,0.000261
US,USBE_imiy,2009,0.000263
US,USBE_imiy,2010,0.000229
US,USBE_imiy,2011,0.000249
US,USBE_imiy,2012,0.000250
US,USBE_imiy,2013,0.000242
US,USBE_imiy,2014,0.000244
US,USBE_imiy,2015,0.000226
US,USBE_imiy,2016,0.000239
US,USBE_imiy,2017,0.000209
US,USBE_imiy,2018,0.000216
US,USBE_imiy,2019,0.000229
US,USBE_imiy,2020,0.000208
US,USBE_imiy,average,0.000248
US,USDE_imcgy,1995,0.000300
US,USDE_imcgy,1996,0.000268
US,USDE_imcgy,1997,0.000286
US,USDE_imcgy,1998,0.000318
US,USDE_imcgy,1999,0.000306
US,USDE_imcgy,2000,0.000297
US,USDE_imcgy,2001,0.000295
US,USDE_imcgy,2002,0.000318
US,USDE_imcgy,2003,0.000340
US,USDE_imcgy,2004,0.000361
US,USDE_imcgy,2005,0.000355
US,USDE_imcgy,2006,0.000369
US,USDE_imcgy,2007,0.000377
US,USDE_imcgy,2008,0.000439
US,USDE_imcgy,2009,0.000400
US,USDE_imcgy,2010,0.000389
US,USDE_imcgy,2011,0.000386
US,USDE_imcgy,2012,0.000370
US,USDE_imcgy,2013,0.000348
US,USDE_imcgy,2014,0.000338
US,USDE_imcgy,2015,0.000333
US,USDE_imcgy,2016,0.000311
US,USDE_imcgy,2017,0.000322
US,USDE_imcgy,2018,0.000316
US,USDE_imcgy,2019,0.000309
US,USDE_imcgy,2020,0.000307
US,USDE_imcgy,average,0.000340
US,USDE_imcy,1995,0.002781
US,USDE_imcy,1996,0.002876
US,USDE_imcy,1997,0.003179
US,USDE_imcy,1998,0.003478
US,USDE_imcy,1999,0.003567
US,USDE_imcy,2000,0.003627
US,USDE_imcy,2001,0.003620
US,USDE_imcy,2002,0.003823
US,USDE_imcy,2003,0.003985
US,USDE_imcy,2004,0.004097
US,USDE_imcy,2005,0.003864
US,USDE_imcy,2006,0.003919
US,USDE_imcy,2007,0.003956
US,USDE_imcy,2008,0.004310
US,USDE_imcy,2009,0.003700
US,USDE_imcy,2010,0.003717
US,USDE_imcy,2011,0.003867
US,USDE_imcy,2012,0.004099
US,USDE_imcy,2013,0.004051
US,USDE_imcy,2014,0.003993
US,USDE_imcy,2015,0.004064
US,USDE_imcy,2016,0.003809
US,USDE_imcy,2017,0.003739
US,USDE_imcy,2018,0.003626
US,USDE_imcy,2019,0.003426
US,USDE_imcy,2020,0.003059
US,USDE_imcy,average,0.003738
US,USDE_imigy,1995,0.000102
US,USDE_imigy,1996,0.000105
US,USDE_imigy,1997,0.000102
US,USDE_imigy,1998,0.000106
US,USDE_imigy,1999,0.000105
US,USDE_imigy,2000,0.000111
US,USDE_imigy,2001,0.000108
US,USDE_imigy,2002,0.000109
US,USDE_imigy,2003,0.000122
US,USDE_imigy,2004,0.000136
US,USDE_imigy,2005,0.000147
US,USDE_imigy,2006,0.000157
US,USDE_imigy,2007,0.000152
US,USDE_imigy,2008,0.000159
US,USDE_imigy,2009,0.000106
US,USDE_imigy,2010,0.000121
US,USDE_imigy,2011,0.000137
US,USDE_imigy,2012,0.000136
US,USDE_imigy,2013,0.000133
US,USDE_imigy,2014,0.000134
US,USDE_imigy,2015,0.000120
US,USDE_imigy,2016,0.000111
US,USDE_imigy,2017,0.000117
US,USDE_imigy,2018,0.000119
US,USDE_imigy,2019,0.000117
US,USDE_imigy,2020,0.000102
US,USDE_imigy,average,0.000126
US,USDE_imiy,1995,0.002214
US,USDE_imiy,1996,0.002257
US,USDE_imiy,1997,0.002076
US,USDE_imiy,1998,0.002221
US,USDE_imiy,1999,0.002282
US,USDE_imiy,2000,0.002180
US,USDE_imiy,2001,0.002106
US,USDE_imiy,2002,0.002057
US,USDE_imiy,2003,0.002081
US,USDE_imiy,2004,0.002243
US,USDE_imiy,2005,0.002263
US,USDE_imiy,2006,0.002371
US,USDE_imiy,2007,0.002243
US,USDE_imiy,2008,0.002109
US,USDE_imiy,2009,0.001473
US,USDE_imiy,2010,0.001768
US,USDE_imiy,2011,0.002072
US,USDE_imiy,2012,0.002199
US,USDE_imiy,2013,0.002279
US,USDE_imiy,2014,0.002468
US,USDE_imiy,2015,0.002451
US,USDE_imiy,2016,0.002339
US,USDE_imiy,2017,0.002229
US,USDE_imiy,2018,0.002130
US,USDE_imiy,2019,0.002027
US,USDE_imiy,2020,0.001677
US,USDE_imiy,average,0.002138
US,USES_imcgy,1995,0.000059
US,USES_imcgy,1996,0.000054
US,USES_imcgy,1997,0.000056
US,USES_imcgy,1998,0.000053
US,USES_imcgy,1999,0.000053
US,USES_imcgy,2000,0.000064
US,USES_imcgy,2001,0.000063
US,USES_imcgy,2002,0.000064
US,USES_imcgy,2003,0.000070
US,USES_imcgy,2004,0.000071
US,USES_imcgy,2005,0.000079
US,USES_imcgy,2006,0.000099
US,USES_imcgy,2007,0.000113
US,USES_imcgy,2008,0.000124
US,USES_imcgy,2009,0.000104
US,USES_imcgy,2010,0.000100
US,USES_imcgy,2011,0.000132
US,USES_imcgy,2012,0.000096
US,USES_imcgy,2013,0.000088
US,USES_imcgy,2014,0.000089
US,USES_imcgy,2015,0.000073
US,USES_imcgy,2016,0.000068
US,USES_imcgy,2017,0.000074
US,USES_imcgy,2018,0.000078
US,USES_imcgy,2019,0.000077
US,USES_imcgy,2020,0.000062
US,USES_imcgy,average,0.000082
US,USES_imcy,1995,0.000600
US,USES_imcy,1996,0.000638
US,USES_imcy,1997,0.000655
US,USES_imcy,1998,0.000647
US,USES_imcy,1999,0.000654
US,USES_imcy,2000,0.000746
US,USES_imcy,2001,0.000725
US,USES_imcy,2002,0.000727
US,USES_imcy,2003,0.000773
US,USES_imcy,2004,0.000768
US,USES_imcy,2005,0.000784
US,USES_imcy,2006,0.000840
US,USES_imcy,2007,0.000917
US,USES_imcy,2008,0.000954
US,USES_imcy,2009,0.000817
US,USES_imcy,2010,0.000775
US,USES_imcy,2011,0.000946
US,USES_imcy,2012,0.000845
US,USES_imcy,2013,0.000822
US,USES_imcy,2014,0.000896
US,USES_imcy,2015,0.000840
US,USES_imcy,2016,0.000808
US,USES_imcy,2017,0.000867
US,USES_imcy,2018,0.000898
US,USES_imcy,2019,0.000867
US,USES_imcy,2020,0.000605
US,USES_imcy,average,0.000803
US,USES_imigy,1995,0.000011
US,USES_imigy,1996,0.000012
US,USES_imigy,1997,0.000013
US,USES_imigy,1998,0.000012
US,USES_imigy,1999,0.000012
US,USES_imigy,2000,0.000014
US,USES_imigy,2001,0.000013
US,USES_imigy,2002,0.000012
US,USES_imigy,2003,0.000015
US,USES_imigy,2004,0.000016
US,USES_imigy,2005,0.000017
US,USES_imigy,2006,0.000019
US,USES_imigy,2007,0.000020
US,USES_imigy,2008,0.000020
US,USES_imigy,2009,0.000014
US,USES_imigy,2010,0.000013
US,USES_imigy,2011,0.000015
US,USES_imigy,2012,0.000014
US,USES_imigy,2013,0.000014
US,USES_imigy,2014,0.000015
US,USES_imigy,2015,0.000013
US,USES_imigy,2016,0.000013
US,USES_imigy,2017,0.000015
US,USES_imigy,2018,0.000016
US,USES_imigy,2019,0.000016
US,USES_imigy,2020,0.000015
US,USES_imigy,average,0.000015
US,USES_imiy,1995,0.000245
US,USES_imiy,1996,0.000254
US,USES_imiy,1997,0.000256
US,USES_imiy,1998,0.000257
US,USES_imiy,1999,0.000266
US,USES_imiy,2000,0.000278
US,USES_imiy,2001,0.000255
US,USES_imiy,2002,0.000234
US,USES_imiy,2003,0.000253
US,USES_imiy,2004,0.000262
US,USES_imiy,2005,0.000255
US,USES_imiy,2006,0.000284
US,USES_imiy,2007,0.000292
US,USES_imiy,2008,0.000271
US,USES_imiy,2009,0.000195
US,USES_imiy,2010,0.000192
US,USES_imiy,2011,0.000234
US,USES_imiy,2012,0.000231
US,USES_imiy,2013,0.000241
US,USES_imiy,2014,0.000271
US,USES_imiy,2015,0.000263
US,USES_imiy,2016,0.000270
US,USES_imiy,2017,0.000277
US,USES_imiy,2018,0.000278
US,USES_imiy,2019,0.000276
US,USES_imiy,2020,0.000241
US,USES_imiy,average,0.000255
US,USFI_imcgy,1995,0.000034
US,USFI_imcgy,1996,0.000029
US,USFI_imcgy,1997,0.000027
US,USFI_imcgy,1998,0.000028
US,USFI_imcgy,1999,0.000024
US,USFI_imcgy,2000,0.000025
US,USFI_imcgy,2001,0.000024
US,USFI_imcgy,2002,0.000029
US,USFI_imcgy,2003,0.000031
US,USFI_imcgy,2004,0.000030
US,USFI_imcgy,2005,0.000026
US,USFI_imcgy,2006,0.000029
US,USFI_imcgy,2007,0.000031
US,USFI_imcgy,2008,0.000040
US,USFI_imcgy,2009,0.000033
US,USFI_imcgy,2010,0.000026
US,USFI_imcgy,2011,0.000027
US,USFI_imcgy,2012,0.000026
US,USFI_imcgy,2013,0.000023
US,USFI_imcgy,2014,0.000022
US,USFI_imcgy,2015,0.000017
US,USFI_imcgy,2016,0.000017
US,USFI_imcgy,2017,0.000018
US,USFI_imcgy,2018,0.000019
US,USFI_imcgy,2019,0.000020
US,USFI_imcgy,2020,0.000016
US,USFI_imcgy,average,0.000025
US,USFI_imcy,1995,0.000237
US,USFI_imcy,1996,0.000232
US,USFI_imcy,1997,0.000218
US,USFI_imcy,1998,0.000209
US,USFI_imcy,1999,0.000208
US,USFI_imcy,2000,0.000210
US,USFI_imcy,2001,0.000201
US,USFI_imcy,2002,0.000217
US,USFI_imcy,2003,0.000226
US,USFI_imcy,2004,0.000225
US,USFI_imcy,2005,0.000208
US,USFI_imcy,2006,0.000217
US,USFI_imcy,2007,0.000223
US,USFI_imcy,2008,0.000264
US,USFI_imcy,2009,0.000219
US,USFI_imcy,2010,0.000181
US,USFI_imcy,2011,0.000187
US,USFI_imcy,2012,0.000185
US,USFI_imcy,2013,0.000170
US,USFI_imcy,2014,0.000163
US,USFI_imcy,2015,0.000138
US,USFI_imcy,2016,0.000141
US,USFI_imcy,2017,0.000169
US,USFI_imcy,2018,0.000179
US,USFI_imcy,2019,0.000164
US,USFI_imcy,2020,0.000127
US,USFI_imcy,average,0.000190
US,USFI_imigy,1995,0.000006
US,USFI_imigy,1996,0.000006
US,USFI_imigy,1997,0.000006
US,USFI_imigy,1998,0.000007
US,USFI_imigy,1999,0.000006
US,USFI_imigy,2000,0.000007
US,USFI_imigy,2001,0.000007
US,USFI_imigy,2002,0.000008
US,USFI_imigy,2003,0.000009
US,USFI_imigy,2004,0.000008
US,USFI_imigy,2005,0.000008
US,USFI_imigy,2006,0.000008
US,USFI_imigy,2007,0.000008
US,USFI_imigy,2008,0.000010
US,USFI_imigy,2009,0.000007
US,USFI_imigy,2010,0.000006
US,USFI_imigy,2011,0.000006
US,USFI_imigy,2012,0.000006
US,USFI_imigy,2013,0.000005
US,USFI_imigy,2014,0.000004
US,USFI_imigy,2015,0.000003
US,USFI_imigy,2016,0.000003
US,USFI_imigy,2017,0.000004
US,USFI_imigy,2018,0.000005
US,USFI_imigy,2019,0.000005
US,USFI_imigy,2020,0.000004
US,USFI_imigy,average,0.000006
US,USFI_imiy,1995,0.000135
US,USFI_imiy,1996,0.000136
US,USFI_imiy,1997,0.000128
US,USFI_imiy,1998,0.000146
US,USFI_imiy,1999,0.000128
US,USFI_imiy,2000,0.000129
US,USFI_imiy,2001,0.000140
US,USFI_imiy,2002,0.000150
US,USFI_imiy,2003,0.000147
US,USFI_imiy,2004,0.000130
US,USFI_imiy,2005,0.000130
US,USFI_imiy,2006,0.000127
US,USFI_imiy,2007,0.000123
US,USFI_imiy,2008,0.000138
US,USFI_imiy,2009,0.000095
US,USFI_imiy,2010,0.000083
US,USFI_imiy,2011,0.000087
US,USFI_imiy,2012,0.000091
US,USFI_imiy,2013,0.000087
US,USFI_imiy,2014,0.000081
US,USFI_imiy,2015,0.000068
US,USFI_imiy,2016,0.000068
US,USFI_imiy,2017,0.000081
US,USFI_imiy,2018,0.000088
US,USFI_imiy,2019,0.000082
US,USFI_imiy,2020,0.000070
US,USFI_imiy,average,0.000103
US,USFR_imcgy,1995,0.000207
US,USFR_imcgy,1996,0.000191
US,USFR_imcgy,1997,0.000197
US,USFR_imcgy,1998,0.000226
US,USFR_imcgy,1999,0.000204
US,USFR_imcgy,2000,0.000235
US,USFR_imcgy,2001,0.000244
US,USFR_imcgy,2002,0.000258
US,USFR_imcgy,2003,0.000258
US,USFR_imcgy,2004,0.000251
US,USFR_imcgy,2005,0.000235
US,USFR_imcgy,2006,0.000228
US,USFR_imcgy,2007,0.000237
US,USFR_imcgy,2008,0.000271
US,USFR_imcgy,2009,0.000256
US,USFR_imcgy,2010,0.000230
US,USFR_imcgy,2011,0.000216
US,USFR_imcgy,2012,0.000184
US,USFR_imcgy,2013,0.000196
US,USFR_imcgy,2014,0.000172
US,USFR_imcgy,2015,0.000165
US,USFR_imcgy,2016,0.000165
US,USFR_imcgy,2017,0.000170
US,USFR_imcgy,2018,0.000168
US,USFR_imcgy,2019,0.000166
US,USFR_imcgy,2020,0.000189
US,USFR_imcgy,average,0.000207
US,USFR_imcy,1995,0.001982
US,USFR_imcy,1996,0.001937
US,USFR_imcy,1997,0.002072
US,USFR_imcy,1998,0.002243
US,USFR_imcy,1999,0.002224
US,USFR_imcy,2000,0.002531
US,USFR_imcy,2001,0.002604
US,USFR_imcy,2002,0.002622
US,USFR_imcy,2003,0.002599
US,USFR_imcy,2004,0.002468
US,USFR_imcy,2005,0.002460
US,USFR_imcy,2006,0.002403
US,USFR_imcy,2007,0.002374
US,USFR_imcy,2008,0.002541
US,USFR_imcy,2009,0.002200
US,USFR_imcy,2010,0.002011
US,USFR_imcy,2011,0.001984
US,USFR_imcy,2012,0.001896
US,USFR_imcy,2013,0.001904
US,USFR_imcy,2014,0.001825
US,USFR_imcy,2015,0.001818
US,USFR_imcy,2016,0.001769
US,USFR_imcy,2017,0.001747
US,USFR_imcy,2018,0.001797
US,USFR_imcy,2019,0.001771
US,USFR_imcy,2020,0.001361
US,USFR_imcy,average,0.002061
US,USFR_imigy,1995,0.000043
US,USFR_imigy,1996,0.000044
US,USFR_imigy,1997,0.000046
US,USFR_imigy,1998,0.000053
US,USFR_imigy,1999,0.000050
US,USFR_imigy,2000,0.000059
US,USFR_imigy,2001,0.000059
US,USFR_imigy,2002,0.000056
US,USFR_imigy,2003,0.000054
US,USFR_imigy,2004,0.000053
US,USFR_imigy,2005,0.000056
US,USFR_imigy,2006,0.000055
US,USFR_imigy,2007,0.000057
US,USFR_imigy,2008,0.000063
US,USFR_imigy,2009,0.000053
US,USFR_imigy,2010,0.000044
US,USFR_imigy,2011,0.000043
US,USFR_imigy,2012,0.000040
US,USFR_imigy,2013,0.000042
US,USFR_imigy,2014,0.000040
US,USFR_imigy,2015,0.000035
US,USFR_imigy,2016,0.000033
US,USFR_imigy,2017,0.000037
US,USFR_imigy,2018,0.000037
US,USFR_imigy,2019,0.000034
US,USFR_imigy,2020,0.000031
US,USFR_imigy,average,0.000046
US,USFR_imiy,1995,0.000921
US,USFR_imiy,1996,0.000937
US,USFR_imiy,1997,0.000939
US,USFR_imiy,1998,0.001122
US,USFR_imiy,1999,0.001076
US,USFR_imiy,2000,0.001161
US,USFR_imiy,2001,0.001149
US,USFR_imiy,2002,0.001055
US,USFR_imiy,2003,0.000923
US,USFR_imiy,2004,0.000869
US,USFR_imiy,2005,0.000870
US,USFR_imiy,2006,0.000834
US,USFR_imiy,2007,0.000846
US,USFR_imiy,2008,0.000840
US,USFR_imiy,2009,0.000737
US,USFR_imiy,2010,0.000641
US,USFR_imiy,2011,0.000654
US,USFR_imiy,2012,0.000654
US,USFR_imiy,2013,0.000726
US,USFR_imiy,2014,0.000730
US,USFR_imiy,2015,0.000724
US,USFR_imiy,2016,0.000696
US,USFR_imiy,2017,0.000702
US,USFR_imiy,2018,0.000655
US,USFR_imiy,2019,0.000589
US,USFR_imiy,2020,0.000514
US,USFR_imiy,average,0.000785
US,USGR_imcgy,1995,0.000007
US,USGR_imcgy,1996,0.000011
US,USGR_imcgy,1997,0.000010
US,USGR_imcgy,1998,0.000011
US,USGR_imcgy,1999,0.000025
US,USGR_imcgy,2000,0.000035
US,USGR_imcgy,2001,0.000032
US,USGR_imcgy,2002,0.000027
US,USGR_imcgy,2003,0.000039
US,USGR_imcgy,2004,0.000067
US,USGR_imcgy,2005,0.000066
US,USGR_imcgy,2006,0.000056
US,USGR_imcgy,2007,0.000062
US,USGR_imcgy,2008,0.000068
US,USGR_imcgy,2009,0.000043
US,USGR_imcgy,2010,0.000038
US,USGR_imcgy,2011,0.000029
US,USGR_imcgy,2012,0.000021
US,USGR_imcgy,2013,0.000017
US,USGR_imcgy,2014,0.000016
US,USGR_imcgy,2015,0.000015
US,USGR_imcgy,2016,0.000013
US,USGR_imcgy,2017,0.000014
US,USGR_imcgy,2018,0.000016
US,USGR_imcgy,2019,0.000016
US,USGR_imcgy,2020,0.000020
US,USGR_imcgy,average,0.000029
US,USGR_imcy,1995,0.000225
US,USGR_imcy,1996,0.000256
US,USGR_imcy,1997,0.000286
US,USGR_imcy,1998,0.000267
US,USGR_imcy,1999,0.000416
US,USGR_imcy,2000,0.000490
US,USGR_imcy,2001,0.000495
US,USGR_imcy,2002,0.000301
US,USGR_imcy,2003,0.000374
US,USGR_imcy,2004,0.000515
US,USGR_imcy,2005,0.000524
US,USGR_imcy,2006,0.000506
US,USGR_imcy,2007,0.000570
US,USGR_imcy,2008,0.000590
US,USGR_imcy,2009,0.000460
US,USGR_imcy,2010,0.000453
US,USGR_imcy,2011,0.000407
US,USGR_imcy,2012,0.000340
US,USGR_imcy,2013,0.000305
US,USGR_imcy,2014,0.000318
US,USGR_imcy,2015,0.000301
US,USGR_imcy,2016,0.000269
US,USGR_imcy,2017,0.000292
US,USGR_imcy,2018,0.000315
US,USGR_imcy,2019,0.000323
US,USGR_imcy,2020,0.000196
US,USGR_imcy,average,0.000372
US,USGR_imigy,1995,0.000001
US,USGR_imigy,1996,0.000001
US,USGR_imigy,1997,0.000001
US,USGR_imigy,1998,0.000001
US,USGR_imigy,1999,0.000001
US,USGR_imigy,2000,0.000002
US,USGR_imigy,2001,0.000001
US,USGR_imigy,2002,0.000001
US,USGR_imigy,2003,0.000001
US,USGR_imigy,2004,0.000002
US,USGR_imigy,2005,0.000002
US,USGR_imigy,2006,0.000002
US,USGR_imigy,2007,0.000003
US,USGR_imigy,2008,0.000003
US,USGR_imigy,2009,0.000002
US,USGR_imigy,2010,0.000001
US,USGR_imigy,2011,0.000001
US,USGR_imigy,2012,0.000001
US,USGR_imigy,2013,0.000001
US,USGR_imigy,2014,0.000001
US,USGR_imigy,2015,0.000001
US,USGR_imigy,2016,0.000001
US,USGR_imigy,2017,0.000001
US,USGR_imigy,2018,0.000002
US,USGR_imigy,2019,0.000002
US,USGR_imigy,2020,0.000001
US,USGR_imigy,average,0.000002
US,USGR_imiy,1995,0.000019
US,USGR_imiy,1996,0.000022
US,USGR_imiy,1997,0.000020
US,USGR_imiy,1998,0.000020
US,USGR_imiy,1999,0.000026
US,USGR_imiy,2000,0.000031
US,USGR_imiy,2001,0.000025
US,USGR_imiy,2002,0.000022
US,USGR_imiy,2003,0.000024
US,USGR_imiy,2004,0.000033
US,USGR_imiy,2005,0.000032
US,USGR_imiy,2006,0.000034
US,USGR_imiy,2007,0.000041
US,USGR_imiy,2008,0.000040
US,USGR_imiy,2009,0.000025
US,USGR_imiy,2010,0.000019
US,USGR_imiy,2011,0.000020
US,USGR_imiy,2012,0.000022
US,USGR_imiy,2013,0.000021
US,USGR_imiy,2014,0.000021
US,USGR_imiy,2015,0.000026
US,USGR_imiy,2016,0.000025
US,USGR_imiy,2017,0.000024
US,USGR_imiy,2018,0.000031
US,USGR_imiy,2019,0.000027
US,USGR_imiy,2020,0.000021
US,USGR_imiy,average,0.000026
US,USIT_imcgy,1995,0.000174
US,USIT_imcgy,1996,0.000161
US,USIT_imcgy,1997,0.000158
US,USIT_imcgy,1998,0.000151
US,USIT_imcgy,1999,0.000144
US,USIT_imcgy,2000,0.000158
US,USIT_imcgy,2001,0.000147
US,USIT_imcgy,2002,0.000151
US,USIT_imcgy,2003,0.000145
US,USIT_imcgy,2004,0.000142
US,USIT_imcgy,2005,0.000144
US,USIT_imcgy,2006,0.000145
US,USIT_imcgy,2007,0.000149
US,USIT_imcgy,2008,0.000162
US,USIT_imcgy,2009,0.000132
US,USIT_imcgy,2010,0.000126
US,USIT_imcgy,2011,0.000135
US,USIT_imcgy,2012,0.000118
US,USIT_imcgy,2013,0.000112
US,USIT_imcgy,2014,0.000108
US,USIT_imcgy,2015,0.000109
US,USIT_imcgy,2016,0.000103
US,USIT_imcgy,2017,0.000108
US,USIT_imcgy,2018,0.000119
US,USIT_imcgy,2019,0.000121
US,USIT_imcgy,2020,0.000107
US,USIT_imcgy,average,0.000131
US,USIT_imcy,1995,0.002711
US,USIT_imcy,1996,0.002552
US,USIT_imcy,1997,0.002530
US,USIT_imcy,1998,0.002543
US,USIT_imcy,1999,0.002481
US,USIT_imcy,2000,0.002580
US,USIT_imcy,2001,0.002575
US,USIT_imcy,2002,0.002442
US,USIT_imcy,2003,0.002349
US,USIT_imcy,2004,0.002390
US,USIT_imcy,2005,0.002380
US,USIT_imcy,2006,0.002336
US,USIT_imcy,2007,0.002303
US,USIT_imcy,2008,0.002227
US,USIT_imcy,2009,0.001816
US,USIT_imcy,2010,0.001723
US,USIT_imcy,2011,0.001844
US,USIT_imcy,2012,0.001746
US,USIT_imcy,2013,0.001739
US,USIT_imcy,2014,0.001763
US,USIT_imcy,2015,0.001833
US,USIT_imcy,2016,0.001794
US,USIT_imcy,2017,0.001831
US,USIT_imcy,2018,0.001927
US,USIT_imcy,2019,0.001955
US,USIT_imcy,2020,0.001365
US,USIT_imcy,average,0.002052
US,USIT_imigy,1995,0.000046
US,USIT_imigy,1996,0.000046
US,USIT_imigy,1997,0.000046
US,USIT_imigy,1998,0.000046
US,USIT_imigy,1999,0.000045
US,USIT_imigy,2000,0.000051
US,USIT_imigy,2001,0.000049
US,USIT_imigy,2002,0.000048
US,USIT_imigy,2003,0.000052
US,USIT_imigy,2004,0.000055
US,USIT_imigy,2005,0.000058
US,USIT_imigy,2006,0.000060
US,USIT_imigy,2007,0.000059
US,USIT_imigy,2008,0.000060
US,USIT_imigy,2009,0.000042
US,USIT_imigy,2010,0.000035
US,USIT_imigy,2011,0.000041
US,USIT_imigy,2012,0.000041
US,USIT_imigy,2013,0.000039
US,USIT_imigy,2014,0.000042
US,USIT_imigy,2015,0.000038
US,USIT_imigy,2016,0.000036
US,USIT_imigy,2017,0.000040
US,USIT_imigy,2018,0.000044
US,USIT_imigy,2019,0.000043
US,USIT_imigy,2020,0.000039
US,USIT_imigy,average,0.000046
US,USIT_imiy,1995,0.000993
US,USIT_imiy,1996,0.000993
US,USIT_imiy,1997,0.000942
US,USIT_imiy,1998,0.000972
US,USIT_imiy,1999,0.000988
US,USIT_imiy,2000,0.000998
US,USIT_imiy,2001,0.000952
US,USIT_imiy,2002,0.000910
US,USIT_imiy,2003,0.000883
US,USIT_imiy,2004,0.000908
US,USIT_imiy,2005,0.000889
US,USIT_imiy,2006,0.000906
US,USIT_imiy,2007,0.000867
US,USIT_imiy,2008,0.000793
US,USIT_imiy,2009,0.000579
US,USIT_imiy,2010,0.000513
US,USIT_imiy,2011,0.000616
US,USIT_imiy,2012,0.000664
US,USIT_imiy,2013,0.000676
US,USIT_imiy,2014,0.000766
US,USIT_imiy,2015,0.000767
US,USIT_imiy,2016,0.000748
US,USIT_imiy,2017,0.000758
US,USIT_imiy,2018,0.000790
US,USIT_imiy,2019,0.000750
US,USIT_imiy,2020,0.000634
US,USIT_imiy,average,0.000788
US,USNL_imcgy,1995,0.000092
US,USNL_imcgy,1996,0.000085
US,USNL_imcgy,1997,0.000077
US,USNL_imcgy,1998,0.000074
US,USNL_imcgy,1999,0.000080
US,USNL_imcgy,2000,0.000084
US,USNL_imcgy,2001,0.000080
US,USNL_imcgy,2002,0.000084
US,USNL_imcgy,2003,0.000104
US,USNL_imcgy,2004,0.000104
US,USNL_imcgy,2005,0.000108
US,USNL_imcgy,2006,0.000109
US,USNL_imcgy,2007,0.000107
US,USNL_imcgy,2008,0.000126
US,USNL_imcgy,2009,0.000109
US,USNL_imcgy,2010,0.000098
US,USNL_imcgy,2011,0.000104
US,USNL_imcgy,2012,0.000084
US,USNL_imcgy,2013,0.000076
US,USNL_imcgy,2014,0.000076
US,USNL_imcgy,2015,0.000068
US,USNL_imcgy,2016,0.000060
US,USNL_imcgy,2017,0.000063
US,USNL_imcgy,2018,0.000070
US,USNL_imcgy,2019,0.000074
US,USNL_imcgy,2020,0.000069
US,USNL_imcgy,average,0.000086
US,USNL_imcy,1995,0.000892
US,USNL_imcy,1996,0.000911
US,USNL_imcy,1997,0.000835
US,USNL_imcy,1998,0.000841
US,USNL_imcy,1999,0.000945
US,USNL_imcy,2000,0.000968
US,USNL_imcy,2001,0.000881
US,USNL_imcy,2002,0.000884
US,USNL_imcy,2003,0.000935
US,USNL_imcy,2004,0.000912
US,USNL_imcy,2005,0.000940
US,USNL_imcy,2006,0.000919
US,USNL_imcy,2007,0.000931
US,USNL_imcy,2008,0.000989
US,USNL_imcy,2009,0.000819
US,USNL_imcy,2010,0.000758
US,USNL_imcy,2011,0.000800
US,USNL_imcy,2012,0.000724
US,USNL_imcy,2013,0.000699
US,USNL_imcy,2014,0.000716
US,USNL_imcy,2015,0.000691
US,USNL_imcy,2016,0.000630
US,USNL_imcy,2017,0.000664
US,USNL_imcy,2018,0.000736
US,USNL_imcy,2019,0.000750
US,USNL_imcy,2020,0.000652
US,USNL_imcy,average,0.000801
US,USNL_imigy,1995,0.000015
US,USNL_imigy,1996,0.000015
US,USNL_imigy,1997,0.000014
US,USNL_imigy,1998,0.000014
US,USNL_imigy,1999,0.000015
US,USNL_imigy,2000,0.000017
US,USNL_imigy,2001,0.000016
US,USNL_imigy,2002,0.000015
US,USNL_imigy,2003,0.000020
US,USNL_imigy,2004,0.000020
US,USNL_imigy,2005,0.000022
US,USNL_imigy,2006,0.000022
US,USNL_imigy,2007,0.000025
US,USNL_imigy,2008,0.000025
US,USNL_imigy,2009,0.000019
US,USNL_imigy,2010,0.000016
US,USNL_imigy,2011,0.000019
US,USNL_imigy,2012,0.000017
US,USNL_imigy,2013,0.000015
US,USNL_imigy,2014,0.000017
US,USNL_imigy,2015,0.000014
US,USNL_imigy,2016,0.000013
US,USNL_imigy,2017,0.000015
US,USNL_imigy,2018,0.000017
US,USNL_imigy,2019,0.000018
US,USNL_imigy,2020,0.000016
US,USNL_imigy,average,0.000018
US,USNL_imiy,1995,0.000316
US,USNL_imiy,1996,0.000315
US,USNL_imiy,1997,0.000291
US,USNL_imiy,1998,0.000292
US,USNL_imiy,1999,0.000316
US,USNL_imiy,2000,0.000333
US,USNL_imiy,2001,0.000310
US,USNL_imiy,2002,0.000288
US,USNL_imiy,2003,0.000339
US,USNL_imiy,2004,0.000336
US,USNL_imiy,2005,0.000339
US,USNL_imiy,2006,0.000340
US,USNL_imiy,2007,0.000362
US,USNL_imiy,2008,0.000328
US,USNL_imiy,2009,0.000264
US,USNL_imiy,2010,0.000240
US,USNL_imiy,2011,0.000294
US,USNL_imiy,2012,0.000271
US,USNL_imiy,2013,0.000254
US,USNL_imiy,2014,0.000314
US,USNL_imiy,2015,0.000294
US,USNL_imiy,2016,0.000264
US,USNL_imiy,2017,0.000278
US,USNL_imiy,2018,0.000310
US,USNL_imiy,2019,0.000312
US,USNL_imiy,2020,0.000264
US,USNL_imiy,average,0.000299
US,USPT_imcgy,1995,0.000015
US,USPT_imcgy,1996,0.000011
US,USPT_imcgy,1997,0.000012
US,USPT_imcgy,1998,0.000013
US,USPT_imcgy,1999,0.000011
US,USPT_imcgy,2000,0.000012
US,USPT_imcgy,2001,0.000011
US,USPT_imcgy,2002,0.000012
US,USPT_imcgy,2003,0.000013
US,USPT_imcgy,2004,0.000013
US,USPT_imcgy,2005,0.000013
US,USPT_imcgy,2006,0.000019
US,USPT_imcgy,2007,0.000020
US,USPT_imcgy,2008,0.000019
US,USPT_imcgy,2009,0.000018
US,USPT_imcgy,2010,0.000021
US,USPT_imcgy,2011,0.000024
US,USPT_imcgy,2012,0.000020
US,USPT_imcgy,2013,0.000018
US,USPT_imcgy,2014,0.000018
US,USPT_imcgy,2015,0.000015
US,USPT_imcgy,2016,0.000014
US,USPT_imcgy,2017,0.000015
US,USPT_imcgy,2018,0.000016
US,USPT_imcgy,2019,0.000016
US,USPT_imcgy,2020,0.000013
US,USPT_imcgy,average,0.000016
US,USPT_imcy,1995,0.000234
US,USPT_imcy,1996,0.000180
US,USPT_imcy,1997,0.000186
US,USPT_imcy,1998,0.000210
US,USPT_imcy,1999,0.000194
US,USPT_imcy,2000,0.000206
US,USPT_imcy,2001,0.000190
US,USPT_imcy,2002,0.000191
US,USPT_imcy,2003,0.000195
US,USPT_imcy,2004,0.000207
US,USPT_imcy,2005,0.000165
US,USPT_imcy,2006,0.000195
US,USPT_imcy,2007,0.000205
US,USPT_imcy,2008,0.000198
US,USPT_imcy,2009,0.000162
US,USPT_imcy,2010,0.000180
US,USPT_imcy,2011,0.000209
US,USPT_imcy,2012,0.000194
US,USPT_imcy,2013,0.000195
US,USPT_imcy,2014,0.000210
US,USPT_imcy,2015,0.000199
US,USPT_imcy,2016,0.000206
US,USPT_imcy,2017,0.000228
US,USPT_imcy,2018,0.000245
US,USPT_imcy,2019,0.000259
US,USPT_imcy,2020,0.000166
US,USPT_imcy,average,0.000202
US,USPT_imigy,1995,0.000002
US,USPT_imigy,1996,0.000002
US,USPT_imigy,1997,0.000002
US,USPT_imigy,1998,0.000003
US,USPT_imigy,1999,0.000002
US,USPT_imigy,2000,0.000003
US,USPT_imigy,2001,0.000003
US,USPT_imigy,2002,0.000003
US,USPT_imigy,2003,0.000004
US,USPT_imigy,2004,0.000004
US,USPT_imigy,2005,0.000004
US,USPT_imigy,2006,0.000005
US,USPT_imigy,2007,0.000004
US,USPT_imigy,2008,0.000004
US,USPT_imigy,2009,0.000002
US,USPT_imigy,2010,0.000002
US,USPT_imigy,2011,0.000003
US,USPT_imigy,2012,0.000002
US,USPT_imigy,2013,0.000002
US,USPT_imigy,2014,0.000002
US,USPT_imigy,2015,0.000002
US,USPT_imigy,2016,0.000002
US,USPT_imigy,2017,0.000002
US,USPT_imigy,2018,0.000003
US,USPT_imigy,2019,0.000003
US,USPT_imigy,2020,0.000003
US,USPT_imigy,average,0.000003
US,USPT_imiy,1995,0.000052
US,USPT_imiy,1996,0.000048
US,USPT_imiy,1997,0.000046
US,USPT_imiy,1998,0.000055
US,USPT_imiy,1999,0.000052
US,USPT_imiy,2000,0.000055
US,USPT_imiy,2001,0.000055
US,USPT_imiy,2002,0.000059
US,USPT_imiy,2003,0.000061
US,USPT_imiy,2004,0.000065
US,USPT_imiy,2005,0.000066
US,USPT_imiy,2006,0.000080
US,USPT_imiy,2007,0.000066
US,USPT_imiy,2008,0.000057
US,USPT_imiy,2009,0.000033
US,USPT_imiy,2010,0.000034
US,USPT_imiy,2011,0.000039
US,USPT_imiy,2012,0.000036
US,USPT_imiy,2013,0.000038
US,USPT_imiy,2014,0.000041
US,USPT_imiy,2015,0.000042
US,USPT_imiy,2016,0.000039
US,USPT_imiy,2017,0.000043
US,USPT_imiy,2018,0.000045
US,USPT_imiy,2019,0.000044
US,USPT_imiy,2020,0.000043
US,USPT_imiy,average,0.000048
US,USRA_imcgy,1995,0.000040
US,USRA_imcgy,1996,0.000044
US,USRA_imcgy,1997,0.000051
US,USRA_imcgy,1998,0.000055
US,USRA_imcgy,1999,0.000057
US,USRA_imcgy,2000,0.000063
US,USRA_imcgy,2001,0.000099
US,USRA_imcgy,2002,0.000146
US,USRA_imcgy,2003,0.000163
US,USRA_imcgy,2004,0.000170
US,USRA_imcgy,2005,0.000160
US,USRA_imcgy,2006,0.000159
US,USRA_imcgy,2007,0.000170
US,USRA_imcgy,2008,0.000205
US,USRA_imcgy,2009,0.000218
US,USRA_imcgy,2010,0.000217
US,USRA_imcgy,2011,0.000224
US,USRA_imcgy,2012,0.000187
US,USRA_imcgy,2013,0.000163
US,USRA_imcgy,2014,0.000168
US,USRA_imcgy,2015,0.000228
US,USRA_imcgy,2016,0.000222
US,USRA_imcgy,2017,0.000224
US,USRA_imcgy,2018,0.000237
US,USRA_imcgy,2019,0.000250
US,USRA_imcgy,2020,0.000279
US,USRA_imcgy,average,0.000180
US,USRA_imcy,1995,0.000592
US,USRA_imcy,1996,0.000702
US,USRA_imcy,1997,0.000711
US,USRA_imcy,1998,0.000823
US,USRA_imcy,1999,0.000794
US,USRA_imcy,2000,0.000850
US,USRA_imcy,2001,0.001391
US,USRA_imcy,2002,0.001822
US,USRA_imcy,2003,0.002013
US,USRA_imcy,2004,0.002086
US,USRA_imcy,2005,0.001909
US,USRA_imcy,2006,0.001978
US,USRA_imcy,2007,0.002218
US,USRA_imcy,2008,0.002349
US,USRA_imcy,2009,0.002303
US,USRA_imcy,2010,0.002480
US,USRA_imcy,2011,0.002650
US,USRA_imcy,2012,0.002253
US,USRA_imcy,2013,0.001949
US,USRA_imcy,2014,0.002091
US,USRA_imcy,2015,0.002936
US,USRA_imcy,2016,0.002997
US,USRA_imcy,2017,0.003254
US,USRA_imcy,2018,0.003473
US,USRA_imcy,2019,0.003505
US,USRA_imcy,2020,0.003655
US,USRA_imcy,average,0.002316
US,USRA_imigy,1995,0.000009
US,USRA_imigy,1996,0.000009
US,USRA_imigy,1997,0.000010
US,USRA_imigy,1998,0.000014
US,USRA_imigy,1999,0.000015
US,USRA_imigy,2000,0.000016
US,USRA_imigy,2001,0.000019
US,USRA_imigy,2002,0.000022
US,USRA_imigy,2003,0.000025
US,USRA_imigy,2004,0.000027
US,USRA_imigy,2005,0.000029
US,USRA_imigy,2006,0.000030
US,USRA_imigy,2007,0.000030
US,USRA_imigy,2008,0.000032
US,USRA_imigy,2009,0.000027
US,USRA_imigy,2010,0.000023
US,USRA_imigy,2011,0.000023
US,USRA_imigy,2012,0.000023
US,USRA_imigy,2013,0.000021
US,USRA_imigy,2014,0.000022
US,USRA_imigy,2015,0.000025
US,USRA_imigy,2016,0.000028
US,USRA_imigy,2017,0.000030
US,USRA_imigy,2018,0.000032
US,USRA_imigy,2019,0.000036
US,USRA_imigy,2020,0.000039
US,USRA_imigy,average,0.000026
US,USRA_imiy,1995,0.000202
US,USRA_imiy,1996,0.000186
US,USRA_imiy,1997,0.000211
US,USRA_imiy,1998,0.000304
US,USRA_imiy,1999,0.000320
US,USRA_imiy,2000,0.000320
US,USRA_imiy,2001,0.000372
US,USRA_imiy,2002,0.000413
US,USRA_imiy,2003,0.000434
US,USRA_imiy,2004,0.000438
US,USRA_imiy,2005,0.000449
US,USRA_imiy,2006,0.000454
US,USRA_imiy,2007,0.000435
US,USRA_imiy,2008,0.000430
US,USRA_imiy,2009,0.000381
US,USRA_imiy,2010,0.000336
US,USRA_imiy,2011,0.000353
US,USRA_imiy,2012,0.000364
US,USRA_imiy,2013,0.000357
US,USRA_imiy,2014,0.000395
US,USRA_imiy,2015,0.000505
US,USRA_imiy,2016,0.000599
US,USRA_imiy,2017,0.000568
US,USRA_imiy,2018,0.000579
US,USRA_imiy,2019,0.000619
US,USRA_imiy,2020,0.000638
US,USRA_imiy,average,0.000439
US,USRU_imcgy,1995,0.000106
US,USRU_imcgy,1996,0.000099
US,USRU_imcgy,1997,0.000103
US,USRU_imcgy,1998,0.000112
US,USRU_imcgy,1999,0.000111
US,USRU_imcgy,2000,0.000133
US,USRU_imcgy,2001,0.000125
US,USRU_imcgy,2002,0.000135
US,USRU_imcgy,2003,0.000154
US,USRU_imcgy,2004,0.000166
US,USRU_imcgy,2005,0.000177
US,USRU_imcgy,2006,0.000182
US,USRU_imcgy,2007,0.000172
US,USRU_imcgy,2008,0.000188
US,USRU_imcgy,2009,0.000171
US,USRU_imcgy,2010,0.000174
US,USRU_imcgy,2011,0.000173
US,USRU_imcgy,2012,0.000151
US,USRU_imcgy,2013,0.000140
US,USRU_imcgy,2014,0.000134
US,USRU_imcgy,2015,0.000132
US,USRU_imcgy,2016,0.000129
US,USRU_imcgy,2017,0.000136
US,USRU_imcgy,2018,0.000140
US,USRU_imcgy,2019,0.000150
US,USRU_imcgy,2020,0.000165
US,USRU_imcgy,average,0.000148
US,USRU_imcy,1995,0.001186
US,USRU_imcy,1996,0.001197
US,USRU_imcy,1997,0.001230
US,USRU_imcy,1998,0.001317
US,USRU_imcy,1999,0.001378
US,USRU_imcy,2000,0.001559
US,USRU_imcy,2001,0.001541
US,USRU_imcy,2002,0.001570
US,USRU_imcy,2003,0.001774
US,USRU_imcy,2004,0.001842
US,USRU_imcy,2005,0.001906
US,USRU_imcy,2006,0.001934
US,USRU_imcy,2007,0.001790
US,USRU_imcy,2008,0.001762
US,USRU_imcy,2009,0.001565
US,USRU_imcy,2010,0.001625
US,USRU_imcy,2011,0.001632
US,USRU_imcy,2012,0.001552
US,USRU_imcy,2013,0.001496
US,USRU_imcy,2014,0.001514
US,USRU_imcy,2015,0.001619
US,USRU_imcy,2016,0.001620
US,USRU_imcy,2017,0.001663
US,USRU_imcy,2018,0.001704
US,USRU_imcy,2019,0.001821
US,USRU_imcy,2020,0.001734
US,USRU_imcy,average,0.001630
US,USRU_imigy,1995,0.000029
US,USRU_imigy,1996,0.000029
US,USRU_imigy,1997,0.000031
US,USRU_imigy,1998,0.000032
US,USRU_imigy,1999,0.000032
US,USRU_imigy,2000,0.000038
US,USRU_imigy,2001,0.000035
US,USRU_imigy,2002,0.000036
US,USRU_imigy,2003,0.000041
US,USRU_imigy,2004,0.000045
US,USRU_imigy,2005,0.000052
US,USRU_imigy,2006,0.000052
US,USRU_imigy,2007,0.000052
US,USRU_imigy,2008,0.000054
US,USRU_imigy,2009,0.000038
US,USRU_imigy,2010,0.000037
US,USRU_imigy,2011,0.000041
US,USRU_imigy,2012,0.000041
US,USRU_imigy,2013,0.000037
US,USRU_imigy,2014,0.000038
US,USRU_imigy,2015,0.000035
US,USRU_imigy,2016,0.000034
US,USRU_imigy,2017,0.000038
US,USRU_imigy,2018,0.000041
US,USRU_imigy,2019,0.000043
US,USRU_imigy,2020,0.000043
US,USRU_imigy,average,0.000041
US,USRU_imiy,1995,0.000625
US,USRU_imiy,1996,0.000633
US,USRU_imiy,1997,0.000624
US,USRU_imiy,1998,0.000679
US,USRU_imiy,1999,0.000694
US,USRU_imiy,2000,0.000752
US,USRU_imiy,2001,0.000684
US,USRU_imiy,2002,0.000672
US,USRU_imiy,2003,0.000692
US,USRU_imiy,2004,0.000742
US,USRU_imiy,2005,0.000796
US,USRU_imiy,2006,0.000785
US,USRU_imiy,2007,0.000771
US,USRU_imiy,2008,0.000720
US,USRU_imiy,2009,0.000522
US,USRU_imiy,2010,0.000544
US,USRU_imiy,2011,0.000627
US,USRU_imiy,2012,0.000656
US,USRU_imiy,2013,0.000634
US,USRU_imiy,2014,0.000703
US,USRU_imiy,2015,0.000708
US,USRU_imiy,2016,0.000724
US,USRU_imiy,2017,0.000721
US,USRU_imiy,2018,0.000723
US,USRU_imiy,2019,0.000742
US,USRU_imiy,2020,0.000710
US,USRU_imiy,average,0.000691
US,USRW_imcgy,1995,0.005044
US,USRW_imcgy,1996,0.004697
US,USRW_imcgy,1997,0.004762
US,USRW_imcgy,1998,0.004436
US,USRW_imcgy,1999,0.004446
US,USRW_imcgy,2000,0.005192
US,USRW_imcgy,2001,0.004910
US,USRW_imcgy,2002,0.005110
US,USRW_imcgy,2003,0.005645
US,USRW_imcgy,2004,0.006361
US,USRW_imcgy,2005,0.006964
US,USRW_imcgy,2006,0.007457
US,USRW_imcgy,2007,0.007921
US,USRW_imcgy,2008,0.009417
US,USRW_imcgy,2009,0.008032
US,USRW_imcgy,2010,0.009176
US,USRW_imcgy,2011,0.009345
US,USRW_imcgy,2012,0.008437
US,USRW_imcgy,2013,0.007565
US,USRW_imcgy,2014,0.007036
US,USRW_imcgy,2015,0.005758
US,USRW_imcgy,2016,0.005328
US,USRW_imcgy,2017,0.005774
US,USRW_imcgy,2018,0.006069
US,USRW_imcgy,2019,0.005845
US,USRW_imcgy,2020,0.005825
US,USRW_imcgy,average,0.006579
US,USRW_imcy,1995,0.046356
US,USRW_imcy,1996,0.048568
US,USRW_imcy,1997,0.051069
US,USRW_imcy,1998,0.050120
US,USRW_imcy,1999,0.052867
US,USRW_imcy,2000,0.058827
US,USRW_imcy,2001,0.055891
US,USRW_imcy,2002,0.055877
US,USRW_imcy,2003,0.058308
US,USRW_imcy,2004,0.062647
US,USRW_imcy,2005,0.066546
US,USRW_imcy,2006,0.068807
US,USRW_imcy,2007,0.070311
US,USRW_imcy,2008,0.074018
US,USRW_imcy,2009,0.062407
US,USRW_imcy,2010,0.068929
US,USRW_imcy,2011,0.073674
US,USRW_imcy,2012,0.072474
US,USRW_imcy,2013,0.069411
US,USRW_imcy,2014,0.068496
US,USRW_imcy,2015,0.063265
US,USRW_imcy,2016,0.061017
US,USRW_imcy,2017,0.062868
US,USRW_imcy,2018,0.063116
US,USRW_imcy,2019,0.060270
US,USRW_imcy,2020,0.055474
US,USRW_imcy,average,0.062867
US,USRW_imigy,1995,0.001235
US,USRW_imigy,1996,0.001209
US,USRW_imigy,1997,0.001289
US,USRW_imigy,1998,0.001271
US,USRW_imigy,1999,0.001303
US,USRW_imigy,2000,0.001533
US,USRW_imigy,2001,0.001365
US,USRW_imigy,2002,0.001314
US,USRW_imigy,2003,0.001431
US,USRW_imigy,2004,0.001647
US,USRW_imigy,2005,0.001867
US,USRW_imigy,2006,0.001998
US,USRW_imigy,2007,0.002020
US,USRW_imigy,2008,0.002178
US,USRW_imigy,2009,0.001595
US,USRW_imigy,2010,0.001740
US,USRW_imigy,2011,0.001850
US,USRW_imigy,2012,0.001798
US,USRW_imigy,2013,0.001685
US,USRW_imigy,2014,0.001655
US,USRW_imigy,2015,0.001434
US,USRW_imigy,2016,0.001333
US,USRW_imigy,2017,0.001491
US,USRW_imigy,2018,0.001592
US,USRW_imigy,2019,0.001537
US,USRW_imigy,2020,0.001510
US,USRW_imigy,average,0.001617
US,USRW_imiy,1995,0.026689
US,USRW_imiy,1996,0.026018
US,USRW_imiy,1997,0.026318
US,USRW_imiy,1998,0.026727
US,USRW_imiy,1999,0.028324
US,USRW_imiy,2000,0.030065
US,USRW_imiy,2001,0.026501
US,USRW_imiy,2002,0.024714
US,USRW_imiy,2003,0.024399
US,USRW_imiy,2004,0.027054
US,USRW_imiy,2005,0.028798
US,USRW_imiy,2006,0.030211
US,USRW_imiy,2007,0.029742
US,USRW_imiy,2008,0.028918
US,USRW_imiy,2009,0.022111
US,USRW_imiy,2010,0.025431
US,USRW_imiy,2011,0.027988
US,USRW_imiy,2012,0.029086
US,USRW_imiy,2013,0.028850
US,USRW_imiy,2014,0.030387
US,USRW_imiy,2015,0.029277
US,USRW_imiy,2016,0.028053
US,USRW_imiy,2017,0.028380
US,USRW_imiy,2018,0.028421
US,USRW_imiy,2019,0.026641
US,USRW_imiy,2020,0.024766
US,USRW_imiy,average,0.027555
US,debt,1995,2.8191
US,debt,1996,2.7796
US,debt,1997,2.6914
US,debt,1998,2.5771
US,debt,1999,2.4301
US,debt,2000,2.1857
US,debt,2001,2.1811
US,debt,2002,2.2777
US,debt,2003,2.3971
US,debt,2004,2.6967
US,debt,2005,2.6903
US,debt,2006,2.6421
US,debt,2007,2.6643
US,debt,2008,3.0047
US,debt,2009,3.5230
US,debt,2010,3.8577
US,debt,2011,4.0189
US,debt,2012,4.1625
US,debt,2013,4.2022
US,debt,2014,4.1960
US,debt,2015,4.2027
US,debt,2016,4.2864
US,debt,2017,4.2399
US,debt,2018,4.2866
US,debt,2019,4.3381
US,debt,2020,5.3024
US,debt,average,3.3328
US,imcgy,1995,0.006170
US,imcgy,1996,0.005734
US,imcgy,1997,0.005832
US,imcgy,1998,0.005568
US,imcgy,1999,0.005552
US,imcgy,2000,0.006399
US,imcgy,2001,0.006133
US,imcgy,2002,0.006438
US,imcgy,2003,0.007073
US,imcgy,2004,0.007845
US,imcgy,2005,0.008430
US,imcgy,2006,0.008958
US,imcgy,2007,0.009470
US,imcgy,2008,0.011195
US,imcgy,2009,0.009663
US,imcgy,2010,0.010731
US,imcgy,2011,0.010929
US,imcgy,2012,0.009812
US,imcgy,2013,0.008864
US,imcgy,2014,0.008290
US,imcgy,2015,0.007017
US,imcgy,2016,0.006532
US,imcgy,2017,0.007013
US,imcgy,2018,0.007350
US,imcgy,2019,0.007150
US,imcgy,2020,0.007158
US,imcgy,average,0.007932
US,imcy,1995,0.058743
US,imcy,1996,0.060983
US,imcy,1997,0.063939
US,imcy,1998,0.063685
US,imcy,1999,0.066744
US,imcy,2000,0.073691
US,imcy,2001,0.071252
US,imcy,2002,0.071502
US,imcy,2003,0.074591
US,imcy,2004,0.079270
US,imcy,2005,0.082686
US,imcy,2006,0.085138
US,imcy,2007,0.086908
US,imcy,2008,0.091359
US,imcy,2009,0.077647
US,imcy,2010,0.083933
US,imcy,2011,0.089344
US,imcy,2012,0.087382
US,imcy,2013,0.083833
US,imcy,2014,0.083037
US,imcy,2015,0.078772
US,imcy,2016,0.076144
US,imcy,2017,0.078354
US,imcy,2018,0.079141
US,imcy,2019,0.076307
US,imcy,2020,0.069553
US,imcy,average,0.078121
US,imigy,1995,0.001519
US,imigy,1996,0.001498
US,imigy,1997,0.001580
US,imigy,1998,0.001581
US,imigy,1999,0.001606
US,imigy,2000,0.001873
US,imigy,2001,0.001699
US,imigy,2002,0.001647
US,imigy,2003,0.001797
US,imigy,2004,0.002041
US,imigy,2005,0.002291
US,imigy,2006,0.002441
US,imigy,2007,0.002464
US,imigy,2008,0.002644
US,imigy,2009,0.001934
US,imigy,2010,0.002064
US,imigy,2011,0.002209
US,imigy,2012,0.002146
US,imigy,2013,0.002021
US,imigy,2014,0.001995
US,imigy,2015,0.001742
US,imigy,2016,0.001629
US,imigy,2017,0.001811
US,imigy,2018,0.001931
US,imigy,2019,0.001878
US,imigy,2020,0.001827
US,imigy,average,0.001970
US,imiy,1995,0.032843
US,imiy,1996,0.032227
US,imiy,1997,0.032268
US,imiy,1998,0.033232
US,imiy,1999,0.034913
US,imiy,2000,0.036754
US,imiy,2001,0.032990
US,imiy,2002,0.030978
US,imiy,2003,0.030647
US,imiy,2004,0.033541
US,imiy,2005,0.035332
US,imiy,2006,0.036909
US,imiy,2007,0.036270
US,imiy,2008,0.035096
US,imiy,2009,0.026810
US,imiy,2010,0.030169
US,imiy,2011,0.033421
US,imiy,2012,0.034716
US,imiy,2013,0.034597
US,imiy,2014,0.036636
US,imiy,2015,0.035564
US,imiy,2016,0.034269
US,imiy,2017,0.034475
US,imiy,2018,0.034476
US,imiy,2019,0.032542
US,imiy,2020,0.029967
US,imiy,average,0.033562
US,imy,1995,0.099276
US,imy,1996,0.100442
US,imy,1997,0.103619
US,imy,1998,0.104065
US,imy,1999,0.108815
US,imy,2000,0.118719
US,imy,2001,0.112074
US,imy,2002,0.110565
US,imy,2003,0.114108
US,imy,2004,0.122698
US,imy,2005,0.128738
US,imy,2006,0.133446
US,imy,2007,0.135113
US,imy,2008,0.140293
US,imy,2009,0.116054
US,imy,2010,0.126897
US,imy,2011,0.135902
US,imy,2012,0.134056
US,imy,2013,0.129315
US,imy,2014,0.129958
US,imy,2015,0.123095
US,imy,2016,0.118574
US,imy,2017,0.121653
US,imy,2018,0.122898
US,imy,2019,0.117877
US,imy,2020,0.108505
US,imy,average,0.121584
US,private_consumption,1995,0.6257
US,private_consumption,1996,0.6255
US,private_consumption,1997,0.6211
US,private_consumption,1998,0.6223
US,private_consumption,1999,0.6257
US,private_consumption,2000,0.6293
US,private_consumption,2001,0.6378
US,private_consumption,2002,0.6392
US,private_consumption,2003,0.6407
US,private_consumption,2004,0.6370
US,private_consumption,2005,0.6337
US,private_consumption,2006,0.6310
US,private_consumption,2007,0.6344
US,private_consumption,2008,0.6369
US,private_consumption,2009,0.6498
US,private_consumption,2010,0.6468
US,private_consumption,2011,0.6491
US,private_consumption,2012,0.6444
US,private_consumption,2013,0.6426
US,private_consumption,2014,0.6428
US,private_consumption,2015,0.6451
US,private_consumption,2016,0.6498
US,private_consumption,2017,0.6504
US,private_consumption,2018,0.6474
US,private_consumption,2019,0.6459
US,private_consumption,2020,0.6394
US,private_consumption,average,0.6403
US,private_investment,1995,0.1684
US,private_investment,1996,0.1724
US,private_investment,1997,0.1759
US,private_investment,1998,0.1814
US,private_investment,1999,0.1840
US,private_investment,2000,0.1859
US,private_investment,2001,0.1814
US,private_investment,2002,0.1733
US,private_investment,2003,0.1735
US,private_investment,2004,0.1768
US,private_investment,2005,0.1823
US,private_investment,2006,0.1830
US,private_investment,2007,0.1777
US,private_investment,2008,0.1682
US,private_investment,2009,0.1516
US,private_investment,2010,0.1469
US,private_investment,2011,0.1499
US,private_investment,2012,0.1567
US,private_investment,2013,0.1591
US,private_investment,2014,0.1637
US,private_investment,2015,0.1658
US,private_investment,2016,0.1653
US,private_investment,2017,0.1675
US,private_investment,2018,0.1695
US,private_investment,2019,0.1703
US,private_investment,2020,0.1728
US,private_investment,average,0.1688
US,public_consumption,1995,0.1523
US,public_consumption,1996,0.1480
US,public_consumption,1997,0.1463
US,public_consumption,1998,0.1436
US,public_consumption,1999,0.1423
US,public_consumption,2000,0.1415
US,public_consumption,2001,0.1469
US,public_consumption,2002,0.1521
US,public_consumption,2003,0.1535
US,public_consumption,2004,0.1520
US,public_consumption,2005,0.1501
US,public_consumption,2006,0.1497
US,public_consumption,2007,0.1517
US,public_consumption,2008,0.1584
US,public_consumption,2009,0.1699
US,public_consumption,2010,0.1682
US,public_consumption,2011,0.1619
US,public_consumption,2012,0.1562
US,public_consumption,2013,0.1526
US,public_consumption,2014,0.1484
US,public_consumption,2015,0.1462
US,public_consumption,2016,0.1454
US,public_consumption,2017,0.1429
US,public_consumption,2018,0.1425
US,public_consumption,2019,0.1439
US,public_consumption,2020,0.1520
US,public_consumption,average,0.1508
US,public_investment,1995,0.0411
US,public_investment,1996,0.0421
US,public_investment,1997,0.0429
US,public_investment,1998,0.0443
US,public_investment,1999,0.0449
US,public_investment,2000,0.0454
US,public_investment,2001,0.0443
US,public_investment,2002,0.0423
US,public_investment,2003,0.0423
US,public_investment,2004,0.0431
US,public_investment,2005,0.0445
US,public_investment,2006,0.0447
US,public_investment,2007,0.0434
US,public_investment,2008,0.0411
US,public_investment,2009,0.0370
US,public_investment,2010,0.0359
US,public_investment,2011,0.0366
US,public_investment,2012,0.0382
US,public_investment,2013,0.0388
US,public_investment,2014,0.0400
US,public_investment,2015,0.0405
US,public_investment,2016,0.0403
US,public_investment,2017,0.0409
US,public_investment,2018,0.0414
US,public_investment,2019,0.0415
US,public_investment,2020,0.0422
US,public_investment,average,0.0412
US,size,1995,0.252341
US,size,1996,0.259983
US,size,1997,0.275699
US,size,1998,0.293750
US,size,1999,0.303473
US,size,2000,0.314649
US,size,2001,0.325382
US,size,2002,0.324007
US,size,2003,0.303957
US,size,2004,0.289264
US,size,2005,0.286231
US,size,2006,0.280081
US,size,2007,0.259994
US,size,2008,0.242565
US,size,2009,0.246302
US,size,2010,0.235129
US,size,2011,0.219986
US,size,2012,0.223386
US,size,2013,0.224001
US,size,2014,0.227698
US,size,2015,0.248101
US,size,2016,0.251062
US,size,2017,0.245777
US,size,2018,0.243574
US,size,2019,0.248732
US,size,2020,0.251562
US,size,average,0.255838
US,tax_SSC_firms,1995,0.0765
US,tax_SSC_firms,1996,0.0753
US,tax_SSC_firms,1997,0.0741
US,tax_SSC_firms,1998,0.0729
US,tax_SSC_firms,1999,0.0720
US,tax_SSC_firms,2000,0.0710
US,tax_SSC_firms,2001,0.0717
US,tax_SSC_firms,2002,0.0726
US,tax_SSC_firms,2003,0.0737
US,tax_SSC_firms,2004,0.0746
US,tax_SSC_firms,2005,0.0743
US,tax_SSC_firms,2006,0.0729
US,tax_SSC_firms,2007,0.0713
US,tax_SSC_firms,2008,0.0712
US,tax_SSC_firms,2009,0.0721
US,tax_SSC_firms,2010,0.0724
US,tax_SSC_firms,2011,0.0731
US,tax_SSC_firms,2012,0.0729
US,tax_SSC_firms,2013,0.0729
US,tax_SSC_firms,2014,0.0720
US,tax_SSC_firms,2015,0.0714
US,tax_SSC_firms,2016,0.0709
US,tax_SSC_firms,2017,0.0705
US,tax_SSC_firms,2018,0.0694
US,tax_SSC_firms,2019,0.0690
US,tax_SSC_firms,2020,0.0689
US,tax_SSC_firms,average,0.0723
US,tax_SSC_households,1995,0.0648
US,tax_SSC_households,1996,0.0644
US,tax_SSC_households,1997,0.0641
US,tax_SSC_households,1998,0.0638
US,tax_SSC_households,1999,0.0637
US,tax_SSC_households,2000,0.0632
US,tax_SSC_households,2001,0.0638
US,tax_SSC_households,2002,0.0646
US,tax_SSC_households,2003,0.0642
US,tax_SSC_households,2004,0.0640
US,tax_SSC_households,2005,0.0636
US,tax_SSC_households,2006,0.0631
US,tax_SSC_households,2007,0.0626
US,tax_SSC_households,2008,0.0632
US,tax_SSC_households,2009,0.0641
US,tax_SSC_households,2010,0.0637
US,tax_SSC_households,2011,0.0476
US,tax_SSC_households,2012,0.0473
US,tax_SSC_households,2013,0.0641
US,tax_SSC_households,2014,0.0640
US,tax_SSC_households,2015,0.0638
US,tax_SSC_households,2016,0.0638
US,tax_SSC_households,2017,0.0641
US,tax_SSC_households,2018,0.0641
US,tax_SSC_households,2019,0.0641
US,tax_SSC_households,2020,0.0640
US,tax_SSC_households,average,0.0626
US,tax_capital,1995,0.0665
US,tax_capital,1996,0.0668
US,tax_capital,1997,0.0661
US,tax_capital,1998,0.0618
US,tax_capital,1999,0.0617
US,tax_capital,2000,0.0599
US,tax_capital,2001,0.0418
US,tax_capital,2002,0.0378
US,tax_capital,2003,0.0481
US,tax_capital,2004,0.0584
US,tax_capital,2005,0.0730
US,tax_capital,2006,0.0762
US,tax_capital,2007,0.0692
US,tax_capital,2008,0.0453
US,tax_capital,2009,0.0356
US,tax_capital,2010,0.0441
US,tax_capital,2011,0.0430
US,tax_capital,2012,0.0479
US,tax_capital,2013,0.0504
US,tax_capital,2014,0.0538
US,tax_capital,2015,0.0513
US,tax_capital,2016,0.0483
US,tax_capital,2017,0.0363
US,tax_capital,2018,0.0344
US,tax_capital,2019,0.0331
US,tax_capital,2020,0.0335
US,tax_capital,average,0.0517
US,tax_consumption,1995,0.0736
US,tax_consumption,1996,0.0719
US,tax_consumption,1997,0.0719
US,tax_consumption,1998,0.0711
US,tax_consumption,1999,0.0701
US,tax_consumption,2000,0.0686
US,tax_consumption,2001,0.0664
US,tax_consumption,2002,0.0652
US,tax_consumption,2003,0.0648
US,tax_consumption,2004,0.0659
US,tax_consumption,2005,0.0668
US,tax_consumption,2006,0.0667
US,tax_consumption,2007,0.0649
US,tax_consumption,2008,0.0635
US,tax_consumption,2009,0.0606
US,tax_consumption,2010,0.0619
US,tax_consumption,2011,0.0632
US,tax_consumption,2012,0.0636
US,tax_consumption,2013,0.0650
US,tax_consumption,2014,0.0651
US,tax_consumption,2015,0.0644
US,tax_consumption,2016,0.0634
US,tax_consumption,2017,0.0630
US,tax_consumption,2018,0.0654
US,tax_consumption,2019,0.0661
US,tax_consumption,2020,0.0647
US,tax_consumption,average,0.0661
US,tax_income,1995,0.2012
US,tax_income,1996,0.2082
US,tax_income,1997,0.2151
US,tax_income,1998,0.2202
US,tax_income,1999,0.2212
US,tax_income,2000,0.2253
US,tax_income,2001,0.2329
US,tax_income,2002,0.1966
US,tax_income,2003,0.1815
US,tax_income,2004,0.1750
US,tax_income,2005,0.1896
US,tax_income,2006,0.1994
US,tax_income,2007,0.2071
US,tax_income,2008,0.2170
US,tax_income,2009,0.1761
US,tax_income,2010,0.1824
US,tax_income,2011,0.2075
US,tax_income,2012,0.2006
US,tax_income,2013,0.2186
US,tax_income,2014,0.2160
US,tax_income,2015,0.2230
US,tax_income,2016,0.2220
US,tax_income,2017,0.2177
US,tax_income,2018,0.2090
US,tax_income,2019,0.2141
US,tax_income,2020,0.2131
US,tax_income,average,0.2073
US,tby,1995,-0.009849
US,tby,1996,-0.009777
US,tby,1997,-0.010983
US,tby,1998,-0.017322
US,tby,1999,-0.024243
US,tby,2000,-0.033385
US,tby,2001,-0.034413
US,tby,2002,-0.037248
US,tby,2003,-0.042226
US,tby,2004,-0.047850
US,tby,2005,-0.051946
US,tby,2006,-0.051416
US,tby,2007,-0.046370
US,tby,2008,-0.044936
US,tby,2009,-0.027854
US,tby,2010,-0.030110
US,tby,2011,-0.031231
US,tby,2012,-0.026893
US,tby,2013,-0.022253
US,tby,2014,-0.023462
US,tby,2015,-0.025010
US,tby,2016,-0.024912
US,tby,2017,-0.026891
US,tby,2018,-0.027926
US,tby,2019,-0.026814
US,tby,2020,-0.030326
US,tby,average,-0.030758
US,trybar,2000,0.1028
US,trybar,2001,0.1092
US,trybar,2002,0.1154
US,trybar,2003,0.1162
US,trybar,2004,0.1159
US,trybar,2005,0.1152
US,trybar,2006,0.1162
US,trybar,2007,0.1182
US,trybar,2008,0.1310
US,trybar,2009,0.1467
US,trybar,2010,0.1527
US,trybar,2011,0.1492
US,trybar,2012,0.1440
US,trybar,2013,0.1425
US,trybar,2014,0.1430
US,trybar,2015,0.1452
US,trybar,2016,0.1456
US,trybar,2017,0.1443
US,trybar,2018,0.1428
US,trybar,2019,0.1446
US,trybar,2020,0.1974
US,trybar,average,0.1351
