STRUCTURE,STRUCTURE_ID,STRUCTURE_NAME,ACTION,FREQ,Frequency of observation,REF_AREA,Reference area,SECTOR,Institutional sector,COUNTERPART_SECTOR,Counterpart institutional sector,TRANSACTION,Transaction,INSTR_ASSET,Financial instruments and non-financial assets,ACTIVITY,Economic activity,EXPENDITURE,Expenditure,UNIT_MEASURE,Unit of measure,PRICE_BASE,Price base,TRANSFORMATION,Transformation,TABLE_IDENTIFIER,Table identifier,TIME_PERIOD,Time period,OBS_VALUE,Observation value,REF_YEAR_PRICE,Price reference year,CONF_STATUS,Confidentiality status,DECIMALS,Decimals,OBS_STATUS,Observation status,UNIT_MULT,Unit multiplier,CURRENCY,Currency
DATAFLOW,OECD.SDD.NAD:DSD_NAMAIN10@DF_TABLE1_EXPENDITURE(2.0),Annual GDP and components - expenditure approach,I,A,Annual,MLT,Malta,S1M,Households and non-profit institutions serving households (NPISH),S1,Total economy,P3,Final consumption expenditure,_Z,Not applicable,_Z,Not applicable,_T,Total,USD_EXC,"US dollars, exchange rate converted",V,Current prices,N,Non transformed data,T0102,Table 0102 - GDP identity from the expenditure side,2005,,4120.085,,,,F,Free (free for publication),1,One,A,Normal value,6,Millions,_Z,Not applicable
DATAFLOW,OECD.SDD.NAD:DSD_NAMAIN10@DF_TABLE1_EXPENDITURE(2.0),Annual GDP and components - expenditure approach,I,A,Annual,CHL,Chile,S1M,Households and non-profit institutions serving households (NPISH),S1,Total economy,P3,Final consumption expenditure,_Z,Not applicable,_Z,Not applicable,_T,Total,USD_EXC,"US dollars, exchange rate converted",V,Current prices,N,Non transformed data,T0102,Table 0102 - GDP identity from the expenditure side,2002,,42959.124,,,,F,Free (free for publication),1,One,A,Normal value,6,Millions,_Z,Not applicable
DATAFLOW,OECD.SDD.NAD:DSD_NAMAIN10@DF_TABLE1_EXPENDITURE(2.0),Annual GDP and components - expenditure approach,I,A,Annual,CHL,Chile,S1M,Households and non-profit institutions serving households (NPISH),S1,Total economy,P3,Final consumption expenditure,_Z,Not applicable,_Z,Not applicable,_T,Total,USD_EXC,"US dollars, exchange rate converted",V,Current prices,N,Non transformed data,T0102,Table 0102 - GDP identity from the expenditure side,2003,,45900.234,,,,F,Free (free for publication),1,One,A,Normal value,6,Millions,_Z,Not applicable
DATAFLOW,OECD.SDD.NAD:DSD_NAMAIN10@DF_TABLE1_EXPENDITURE(2.0),Annual GDP and components - expenditure approach,I,A,Annual,ZMB,Zambia,S1M,Households and non-profit institutions serving households (NPISH),S1,Total economy,P3,Final consumption expenditure,_Z,Not applicable,_Z,Not applicable,_T,Total,USD_EXC,"US dollars, exchange rate converted",V,Current prices,N,Non transformed data,T0102,Table 0102 - GDP identity from the expenditure side,2016,,10778.507,,,,F,Free (free for publication),1,One,A,Normal value,6,Millions,_Z,Not applicable
DATAFLOW,OECD.SDD.NAD:DSD_NAMAIN10@DF_TABLE1_EXPENDITURE(2.0),Annual GDP and components - expenditure approach,I,A,Annual,CHL,Chile,S1M,Households and non-profit institutions serving households (NPISH),S1,Total economy,P3,Final consumption expenditure,_Z,Not applicable,_Z,Not applicable,_T,Total,USD_EXC,"US dollars, exchange rate converted",V,Current prices,N,Non transformed data,T0102,Table 0102 - GDP identity from the expenditure side,2005,,70318.943,,,,F,Free (free for publication),1,One,A,Normal value,6,Millions,_Z,Not applicable
DATAFLOW,OECD.SDD.NAD:DSD_NAMAIN10@DF_TABLE1_EXPENDITURE(2.0),Annual GDP and components - expenditure approach,I,A,Annual,CHL,Chile,S1M,Households and non-profit institutions serving households (NPISH),S1,Total economy,P3,Final consumption expenditure,_Z,Not applicable,_Z,Not applicable,_T,Total,USD_EXC,"US dollars, exchange rate converted",V,Current prices,N,Non transformed data,T0102,Table 0102 - GDP identity from the expenditure side,2019,,171551.838,,,,F,Free (free for publication),1,One,A,Normal value,6,Millions,_Z,Not applicable
DATAFLOW,OECD.SDD.NAD:DSD_NAMAIN10@DF_TABLE1_EXPENDITURE(2.0),Annual GDP and components - expenditure approach,I,A,Annual,CHL,Chile,S1M,Households and non-profit institutions serving households (NPISH),S1,Total economy,P3,Final consumption expenditure,_Z,Not applicable,_Z,Not applicable,_T,Total,USD_EXC,"US dollars, exchange rate converted",V,Current prices,N,Non transformed data,T0102,Table 0102 - GDP identity from the expenditure side,2020,,148361.28,,,,F,Free (free for publication),1,One,A,Normal value,6,Millions,_Z,Not applicable
DATAFLOW,OECD.SDD.NAD:DSD_NAMAIN10@DF_TABLE1_EXPENDITURE(2.0),Annual GDP and components - expenditure approach,I,A,Annual,CHL,Chile,S1M,Households and non-profit institutions serving households (NPISH),S1,Total economy,P3,Final consumption expenditure,_Z,Not applicable,_Z,Not applicable,_T,Total,USD_EXC,"US dollars, exchange rate converted",V,Current prices,N,Non transformed data,T0102,Table 0102 - GDP identity from the expenditure side,1995,,43667.631,,,,F,Free (free for publication),1,One,E,Estimated value,6,Millions,_Z,Not applicable
DATAFLOW,OECD.SDD.NAD:DSD_NAMAIN10@DF_TABLE1_EXPENDITURE(2.0),Annual GDP and components - expenditure approach,I,A,Annual,CHL,Chile,S1M,Households and non-profit institutions serving households (NPISH),S1,Total economy,P3,Final consumption expenditure,_Z,Not applicable,_Z,Not applicable,_T,Total,USD_EXC,"US dollars, exchange rate converted",V,Current prices,N,Non transformed data,T0102,Table 0102 - GDP identity from the expenditure side,1996,,47800.646,,,,F,Free (free for publication),1,One,A,Normal value,6,Millions,_Z,Not applicable
DATAFLOW,OECD.SDD.NAD:DSD_NAMAIN10@DF_TABLE1_EXPENDITURE(2.0),Annual GDP and components - expenditure approach,I,A,Annual,CHL,Chile,S1M,Households and non-profit institutions serving households (NPISH),S1,Total economy,P3,Final consumption expenditure,_Z,Not applicable,_Z,Not applicable,_T,Total,USD_EXC,"US dollars, exchange rate converted",V,Current prices,N,Non transformed data,T0102,Table 0102 - GDP identity from the expenditure side,1997,,52336.262,,,,F,Free (free for publication),1,One,A,Normal value,6,Millions,_Z,Not applicable
DATAFLOW,OECD.SDD.NAD:DSD_NAMAIN10@DF_TABLE1_EXPENDITURE(2.0),Annual GDP and components - expenditure approach,I,A,Annual,CHL,Chile,S1M,Households and non-profit institutions serving households (NPISH),S1,Total economy,P3,Final consumption expenditure,_Z,Not applicable,_Z,Not applicable,_T,Total,USD_EXC,"US dollars, exchange rate converted",V,Current prices,N,Non transformed data,T0102,Table 0102 - GDP identity from the expenditure side,1998,,51757.966,,,,F,Free (free for publication),1,One,A,Normal value,6,Millions,_Z,Not applicable
DATAFLOW,OECD.SDD.NAD:DSD_NAMAIN10@DF_TABLE1_EXPENDITURE(2.0),Annual GDP and components - expenditure approach,I,A,Annual,CHL,Chile,S1M,Households and non-profit institutions serving households (NPISH),S1,Total economy,P3,Final consumption expenditure,_Z,Not applicable,_Z,Not applicable,_T,Total,USD_EXC,"US dollars, exchange rate converted",V,Current prices,N,Non transformed data,T0102,Table 0102 - GDP identity from the expenditure side,1999,,47531.137,,,,F,Free (free for publication),1,One,A,Normal value,6,Millions,_Z,Not applicable
DATAFLOW,OECD.SDD.NAD:DSD_NAMAIN10@DF_TABLE1_EXPENDITURE(2.0),Annual GDP and components - expenditure approach,I,A,Annual,USA,United States,S1M,Households and non-profit institutions serving households (NPISH),S1,Total economy,P3,Final consumption expenditure,_Z,Not applicable,_Z,Not applicable,_T,Total,USD_EXC,"US dollars, exchange rate converted",V,Current prices,N,Non transformed data,T0102,Table 0102 - GDP identity from the expenditure side,2002,,7348941,,,,F,Free (free for publication),1,One,A,Normal value,6,Millions,_Z,Not applicable
DATAFLOW,OECD.SDD.NAD:DSD_NAMAIN10@DF_TABLE1_EXPENDITURE(2.0),Annual GDP and components - expenditure approach,I,A,Annual,FRA,France,S1M,Households and non-profit institutions serving households (NPISH),S1,Total economy,P3,Final consumption expenditure,_Z,Not applicable,_Z,Not applicable,_T,Total,USD_EXC,"US dollars, exchange rate converted",V,Current prices,N,Non transformed data,T0102,Table 0102 - GDP identity from the expenditure side,2016,,1349546.901,,,,F,Free (free for publication),1,One,A,Normal value,6,Millions,_Z,Not applicable
DATAFLOW,OECD.SDD.NAD:DSD_NAMAIN10@DF_TABLE1_EXPENDITURE(2.0),Annual GDP and components - expenditure approach,I,A,Annual,FRA,France,S1M,Households and non-profit institutions serving households (NPISH),S1,Total economy,P3,Final consumption expenditure,_Z,Not applicable,_Z,Not applicable,_T,Total,USD_EXC,"US dollars, exchange rate converted",V,Current prices,N,Non transformed data,T0102,Table 0102 - GDP identity from the expenditure side,2015,,1327030.23,,,,F,Free (free for publication),1,One,A,Normal value,6,Millions,_Z,Not applicable
DATAFLOW,OECD.SDD.NAD:DSD_NAMAIN10@DF_TABLE1_EXPENDITURE(2.0),Annual GDP and components - expenditure approach,I,A,Annual,FRA,France,S1M,Households and non-profit institutions serving households (NPISH),S1,Total economy,P3,Final consumption expenditure,_Z,Not applicable,_Z,Not applicable,_T,Total,USD_EXC,"US dollars, exchange rate converted",V,Current prices,N,Non transformed data,T0102,Table 0102 - GDP identity from the expenditure side,2014,,1559776.829,,,,F,Free (free for publication),1,One,A,Normal value,6,Millions,_Z,Not applicable
DATAFLOW,OECD.SDD.NAD:DSD_NAMAIN10@DF_TABLE1_EXPENDITURE(2.0),Annual GDP and components - expenditure approach,I,A,Annual,FRA,France,S1M,Households and non-profit institutions serving households (NPISH),S1,Total economy,P3,Final consumption expenditure,_Z,Not applicable,_Z,Not applicable,_T,Total,USD_EXC,"US dollars, exchange rate converted",V,Current prices,N,Non transformed data,T0102,Table 0102 - GDP identity from the expenditure side,2001,,742012.405,,,,F,Free (free for publication),1,One,A,Normal value,6,Millions,_Z,Not applicable
DATAFLOW,OECD.SDD.NAD:DSD_NAMAIN10@DF_TABLE1_EXPENDITURE(2.0),Annual GDP and components - expenditure approach,I,A,Annual,FRA,France,S1M,Households and non-profit institutions serving households (NPISH),S1,Total economy,P3,Final consumption expenditure,_Z,Not applicable,_Z,Not applicable,_T,Total,USD_EXC,"US dollars, exchange rate converted",V,Current prices,N,Non transformed data,T0102,Table 0102 - GDP identity from the expenditure side,2000,,732807.035,,,,F,Free (free for publication),1,One,A,Normal value,6,Millions,_Z,Not applicable
DATAFLOW,OECD.SDD.NAD:DSD_NAMAIN10@DF_TABLE1_EXPENDITURE(2.0),Annual GDP and components - expenditure approach,I,A,Annual,FRA,France,S1M,Households and non-profit institutions serving households (NPISH),S1,Total economy,P3,Final consumption expenditure,_Z,Not applicable,_Z,Not applicable,_T,Total,USD_EXC,"US dollars, exchange rate converted",V,Current prices,N,Non transformed data,T0102,Table 0102 - GDP identity from the expenditure side,1999,,797738.787,,,,F,Free (free for publication),1,One,A,Normal value,6,Millions,_Z,Not applicable
DATAFLOW,OECD.SDD.NAD:DSD_NAMAIN10@DF_TABLE1_EXPENDITURE(2.0),Annual GDP and components - expenditure approach,I,A,Annual,FRA,France,S1M,Households and non-profit institutions serving households (NPISH),S1,Total economy,P3,Final consumption expenditure,_Z,Not applicable,_Z,Not applicable,_T,Total,USD_EXC,"US dollars, exchange rate converted",V,Current prices,N,Non transformed data,T0102,Table 0102 - GDP identity from the expenditure side,1998,,806951.166,,,,F,Free (free for publication),1,One,A,Normal value,6,Millions,_Z,Not applicable
DATAFLOW,OECD.SDD.NAD:DSD_NAMAIN10@DF_TABLE1_EXPENDITURE(2.0),Annual GDP and components - expenditure approach,I,A,Annual,FRA,France,S1M,Households and non-profit institutions serving households (NPISH),S1,Total economy,P3,Final consumption expenditure,_Z,Not applicable,_Z,Not applicable,_T,Total,USD_EXC,"US dollars, exchange rate converted",V,Current prices,N,Non transformed data,T0102,Table 0102 - GDP identity from the expenditure side,2013,,1541555.507,,,,F,Free (free for publication),1,One,A,Normal value,6,Millions,_Z,Not applicable
DATAFLOW,OECD.SDD.NAD:DSD_NAMAIN10@DF_TABLE1_EXPENDITURE(2.0),Annual GDP and components - expenditure approach,I,A,Annual,CHL,Chile,S1M,Households and non-profit institutions serving households (NPISH),S1,Total economy,P3,Final consumption expenditure,_Z,Not applicable,_Z,Not applicable,_T,Total,USD_EXC,"US dollars, exchange rate converted",V,Current prices,N,Non transformed data,T0102,Table 0102 - GDP identity from the expenditure side,2007,,92880.716,,,,F,Free (free for publication),1,One,A,Normal value,6,Millions,_Z,Not applicable
DATAFLOW,OECD.SDD.NAD:DSD_NAMAIN10@DF_TABLE1_EXPENDITURE(2.0),Annual GDP and components - expenditure approach,I,A,Annual,CHL,Chile,S1M,Households and non-profit institutions serving households (NPISH),S1,Total economy,P3,Final consumption expenditure,_Z,Not applicable,_Z,Not applicable,_T,Total,USD_EXC,"US dollars, exchange rate converted",V,Current prices,N,Non transformed data,T0102,Table 0102 - GDP identity from the expenditure side,2008,,104545.468,,,,F,Free (free for publication),1,One,A,Normal value,6,Millions,_Z,Not applicable
DATAFLOW,OECD.SDD.NAD:DSD_NAMAIN10@DF_TABLE1_EXPENDITURE(2.0),Annual GDP and components - expenditure approach,I,A,Annual,CHL,Chile,S1M,Households and non-profit institutions serving households (NPISH),S1,Total economy,P3,Final consumption expenditure,_Z,Not applicable,_Z,Not applicable,_T,Total,USD_EXC,"US dollars, exchange rate converted",V,Current prices,N,Non transformed data,T0102,Table 0102 - GDP identity from the expenditure side,2009,,97133.075,,,,F,Free (free for publication),1,One,A,Normal value,6,Millions,_Z,Not applicable
DATAFLOW,OECD.SDD.NAD:DSD_NAMAIN10@DF_TABLE1_EXPENDITURE(2.0),Annual GDP and components - expenditure approach,I,A,Annual,CHL,Chile,S1M,Households and non-profit institutions serving households (NPISH),S1,Total economy,P3,Final consumption expenditure,_Z,Not applicable,_Z,Not applicable,_T,Total,USD_EXC,"US dollars, exchange rate converted",V,Current prices,N,Non transformed data,T0102,Table 0102 - GDP identity from the expenditure side,2010,,122855.725,,,,F,Free (free for publication),1,One,A,Normal value,6,Millions,_Z,Not applicable
DATAFLOW,OECD.SDD.NAD:DSD_NAMAIN10@DF_TABLE1_EXPENDITURE(2.0),Annual GDP and components - expenditure approach,I,A,Annual,CHL,Chile,S1M,Households and non-profit institutions serving households (NPISH),S1,Total economy,P3,Final consumption expenditure,_Z,Not applicable,_Z,Not applicable,_T,Total,USD_EXC,"US dollars, exchange rate converted",V,Current prices,N,Non transformed data,T0102,Table 0102 - GDP identity from the expenditure side,2011,,146073.675,,,,F,Free (free for publication),1,One,A,Normal value,6,Millions,_Z,Not applicable
DATAFLOW,OECD.SDD.NAD:DSD_NAMAIN10@DF_TABLE1_EXPENDITURE(2.0),Annual GDP and components - expenditure approach,I,A,Annual,CHL,Chile,S1M,Households and non-profit institutions serving households (NPISH),S1,Total economy,P3,Final consumption expenditure,_Z,Not applicable,_Z,Not applicable,_T,Total,USD_EXC,"US dollars, exchange rate converted",V,Current prices,N,Non transformed data,T0102,Table 0102 - GDP identity from the expenditure side,2012,,158562.683,,,,F,Free (free for publication),1,One,A,Normal value,6,Millions,_Z,Not applicable
DATAFLOW,OECD.SDD.NAD:DSD_NAMAIN10@DF_TABLE1_EXPENDITURE(2.0),Annual GDP and components - expenditure approach,I,A,Annual,CHL,Chile,S1M,Households and non-profit institutions serving households (NPISH),S1,Total economy,P3,Final consumption expenditure,_Z,Not applicable,_Z,Not applicable,_T,Total,USD_EXC,"US dollars, exchange rate converted",V,Current prices,N,Non transformed data,T0102,Table 0102 - GDP identity from the expenditure side,2013,,168245.042,,,,F,Free (free for publication),1,One,A,Normal value,6,Millions,_Z,Not applicable
DATAFLOW,OECD.SDD.NAD:DSD_NAMAIN10@DF_TABLE1_EXPENDITURE(2.0),Annual GDP and components - expenditure approach,I,A,Annual,CHL,Chile,S1M,Households and non-profit institutions serving households (NPISH),S1,Total economy,P3,Final consumption expenditure,_Z,Not applicable,_Z,Not applicable,_T,Total,USD_EXC,"US dollars, exchange rate converted",V,Current prices,N,Non transformed data,T0102,Table 0102 - GDP identity from the expenditure side,2014,,158865.974,,,,F,Free (free for publication),1,One,A,Normal value,6,Millions,_Z,Not applicable
DATAFLOW,OECD.SDD.NAD:DSD_NAMAIN10@DF_TABLE1_EXPENDITURE(2.0),Annual GDP and components - expenditure approach,I,A,Annual,CHL,Chile,S1M,Households and non-profit institutions serving households (NPISH),S1,Total economy,P3,Final consumption expenditure,_Z,Not applicable,_Z,Not applicable,_T,Total,USD_EXC,"US dollars, exchange rate converted",V,Current prices,N,Non transformed data,T0102,Table 0102 - GDP identity from the expenditure side,2015,,149803.269,,,,F,Free (free for publication),1,One,A,Normal value,6,Millions,_Z,Not applicable
DATAFLOW,OECD.SDD.NAD:DSD_NAMAIN10@DF_TABLE1_EXPENDITURE(2.0),Annual GDP and components - expenditure approach,I,A,Annual,CHL,Chile,S1M,Households and non-profit institutions serving households (NPISH),S1,Total economy,P3,Final consumption expenditure,_Z,Not applicable,_Z,Not applicable,_T,Total,USD_EXC,"US dollars, exchange rate converted",V,Current prices,N,Non transformed data,T0102,Table 0102 - GDP identity from the expenditure side,2016,,154964.293,,,,F,Free (free for publication),1,One,A,Normal value,6,Millions,_Z,Not applicable
DATAFLOW,OECD.SDD.NAD:DSD_NAMAIN10@DF_TABLE1_EXPENDITURE(2.0),Annual GDP and components - expenditure approach,I,A,Annual,CHL,Chile,S1M,Households and non-profit institutions serving households (NPISH),S1,Total economy,P3,Final consumption expenditure,_Z,Not applicable,_Z,Not applicable,_T,Total,USD_EXC,"US dollars, exchange rate converted",V,Current prices,N,Non transformed data,T0102,Table 0102 - GDP identity from the expenditure side,2004,,57311.889,,,,F,Free (free for publication),1,One,A,Normal value,6,Millions,_Z,Not applicable
DATAFLOW,OECD.SDD.NAD:DSD_NAMAIN10@DF_TABLE1_EXPENDITURE(2.0),Annual GDP and components - expenditure approach,I,A,Annual,EU27_2020,European Union (27 countries from 01/02/2020),S1M,Households and non-profit institutions serving households (NPISH),S1,Total economy,P3,Final consumption expenditure,_Z,Not applicable,_Z,Not applicable,_T,Total,USD_EXC,"US dollars, exchange rate converted",V,Current prices,N,Non transformed data,T0102,Table 0102 - GDP identity from the expenditure side,1998,,4435672.209,,,,F,Free (free for publication),1,One,A,Normal value,6,Millions,_Z,Not applicable
DATAFLOW,OECD.SDD.NAD:DSD_NAMAIN10@DF_TABLE1_EXPENDITURE(2.0),Annual GDP and components - expenditure approach,I,A,Annual,EU27_2020,European Union (27 countries from 01/02/2020),S1M,Households and non-profit institutions serving households (NPISH),S1,Total economy,P3,Final consumption expenditure,_Z,Not applicable,_Z,Not applicable,_T,Total,USD_EXC,"US dollars, exchange rate converted",V,Current prices,N,Non transformed data,T0102,Table 0102 - GDP identity from the expenditure side,1997,,4314650.436,,,,F,Free (free for publication),1,One,A,Normal value,6,Millions,_Z,Not applicable
DATAFLOW,OECD.SDD.NAD:DSD_NAMAIN10@DF_TABLE1_EXPENDITURE(2.0),Annual GDP and components - expenditure approach,I,A,Annual,EU27_2020,European Union (27 countries from 01/02/2020),S1M,Households and non-profit institutions serving households (NPISH),S1,Total economy,P3,Final consumption expenditure,_Z,Not applicable,_Z,Not applicable,_T,Total,USD_EXC,"US dollars, exchange rate converted",V,Current prices,N,Non transformed data,T0102,Table 0102 - GDP identity from the expenditure side,2020,,8032806.959,,,,F,Free (free for publication),1,One,A,Normal value,6,Millions,_Z,Not applicable
DATAFLOW,OECD.SDD.NAD:DSD_NAMAIN10@DF_TABLE1_EXPENDITURE(2.0),Annual GDP and components - expenditure approach,I,A,Annual,EU27_2020,European Union (27 countries from 01/02/2020),S1M,Households and non-profit institutions serving households (NPISH),S1,Total economy,P3,Final consumption expenditure,_Z,Not applicable,_Z,Not applicable,_T,Total,USD_EXC,"US dollars, exchange rate converted",V,Current prices,N,Non transformed data,T0102,Table 0102 - GDP identity from the expenditure side,2019,,8435983.158,,,,F,Free (free for publication),1,One,A,Normal value,6,Millions,_Z,Not applicable
DATAFLOW,OECD.SDD.NAD:DSD_NAMAIN10@DF_TABLE1_EXPENDITURE(2.0),Annual GDP and components - expenditure approach,I,A,Annual,EU27_2020,European Union (27 countries from 01/02/2020),S1M,Households and non-profit institutions serving households (NPISH),S1,Total economy,P3,Final consumption expenditure,_Z,Not applicable,_Z,Not applicable,_T,Total,USD_EXC,"US dollars, exchange rate converted",V,Current prices,N,Non transformed data,T0102,Table 0102 - GDP identity from the expenditure side,2018,,8659815.774,,,,F,Free (free for publication),1,One,A,Normal value,6,Millions,_Z,Not applicable
DATAFLOW,OECD.SDD.NAD:DSD_NAMAIN10@DF_TABLE1_EXPENDITURE(2.0),Annual GDP and components - expenditure approach,I,A,Annual,EU27_2020,European Union (27 countries from 01/02/2020),S1M,Households and non-profit institutions serving households (NPISH),S1,Total economy,P3,Final consumption expenditure,_Z,Not applicable,_Z,Not applicable,_T,Total,USD_EXC,"US dollars, exchange rate converted",V,Current prices,N,Non transformed data,T0102,Table 0102 - GDP identity from the expenditure side,2017,,8013201.18,,,,F,Free (free for publication),1,One,A,Normal value,6,Millions,_Z,Not applicable
DATAFLOW,OECD.SDD.NAD:DSD_NAMAIN10@DF_TABLE1_EXPENDITURE(2.0),Annual GDP and components - expenditure approach,I,A,Annual,EU27_2020,European Union (27 countries from 01/02/2020),S1M,Households and non-profit institutions serving households (NPISH),S1,Total economy,P3,Final consumption expenditure,_Z,Not applicable,_Z,Not applicable,_T,Total,USD_EXC,"US dollars, exchange rate converted",V,Current prices,N,Non transformed data,T0102,Table 0102 - GDP identity from the expenditure side,2016,,7564005.199,,,,F,Free (free for publication),1,One,A,Normal value,6,Millions,_Z,Not applicable
DATAFLOW,OECD.SDD.NAD:DSD_NAMAIN10@DF_TABLE1_EXPENDITURE(2.0),Annual GDP and components - expenditure approach,I,A,Annual,EU27_2020,European Union (27 countries from 01/02/2020),S1M,Households and non-profit institutions serving households (NPISH),S1,Total economy,P3,Final consumption expenditure,_Z,Not applicable,_Z,Not applicable,_T,Total,USD_EXC,"US dollars, exchange rate converted",V,Current prices,N,Non transformed data,T0102,Table 0102 - GDP identity from the expenditure side,2015,,7405914.811,,,,F,Free (free for publication),1,One,A,Normal value,6,Millions,_Z,Not applicable
DATAFLOW,OECD.SDD.NAD:DSD_NAMAIN10@DF_TABLE1_EXPENDITURE(2.0),Annual GDP and components - expenditure approach,I,A,Annual,EU27_2020,European Union (27 countries from 01/02/2020),S1M,Households and non-profit institutions serving households (NPISH),S1,Total economy,P3,Final consumption expenditure,_Z,Not applicable,_Z,Not applicable,_T,Total,USD_EXC,"US dollars, exchange rate converted",V,Current prices,N,Non transformed data,T0102,Table 0102 - GDP identity from the expenditure side,2014,,8650431.666,,,,F,Free (free for publication),1,One,A,Normal value,6,Millions,_Z,Not applicable
DATAFLOW,OECD.SDD.NAD:DSD_NAMAIN10@DF_TABLE1_EXPENDITURE(2.0),Annual GDP and components - expenditure approach,I,A,Annual,EU27_2020,European Union (27 countries from 01/02/2020),S1M,Households and non-profit institutions serving households (NPISH),S1,Total economy,P3,Final consumption expenditure,_Z,Not applicable,_Z,Not applicable,_T,Total,USD_EXC,"US dollars, exchange rate converted",V,Current prices,N,Non transformed data,T0102,Table 0102 - GDP identity from the expenditure side,2013,,8528765.068,,,,F,Free (free for publication),1,One,A,Normal value,6,Millions,_Z,Not applicable
DATAFLOW,OECD.SDD.NAD:DSD_NAMAIN10@DF_TABLE1_EXPENDITURE(2.0),Annual GDP and components - expenditure approach,I,A,Annual,EU27_2020,European Union (27 countries from 01/02/2020),S1M,Households and non-profit institutions serving households (NPISH),S1,Total economy,P3,Final consumption expenditure,_Z,Not applicable,_Z,Not applicable,_T,Total,USD_EXC,"US dollars, exchange rate converted",V,Current prices,N,Non transformed data,T0102,Table 0102 - GDP identity from the expenditure side,2008,,9003097.359,,,,F,Free (free for publication),1,One,A,Normal value,6,Millions,_Z,Not applicable
DATAFLOW,OECD.SDD.NAD:DSD_NAMAIN10@DF_TABLE1_EXPENDITURE(2.0),Annual GDP and components - expenditure approach,I,A,Annual,EU27_2020,European Union (27 countries from 01/02/2020),S1M,Households and non-profit institutions serving households (NPISH),S1,Total economy,P3,Final consumption expenditure,_Z,Not applicable,_Z,Not applicable,_T,Total,USD_EXC,"US dollars, exchange rate converted",V,Current prices,N,Non transformed data,T0102,Table 0102 - GDP identity from the expenditure side,2012,,8213706.163,,,,F,Free (free for publication),1,One,A,Normal value,6,Millions,_Z,Not applicable
DATAFLOW,OECD.SDD.NAD:DSD_NAMAIN10@DF_TABLE1_EXPENDITURE(2.0),Annual GDP and components - expenditure approach,I,A,Annual,EU27_2020,European Union (27 countries from 01/02/2020),S1M,Households and non-profit institutions serving households (NPISH),S1,Total economy,P3,Final consumption expenditure,_Z,Not applicable,_Z,Not applicable,_T,Total,USD_EXC,"US dollars, exchange rate converted",V,Current prices,N,Non transformed data,T0102,Table 0102 - GDP identity from the expenditure side,2011,,8816518.576,,,,F,Free (free for publication),1,One,A,Normal value,6,Millions,_Z,Not applicable
DATAFLOW,OECD.SDD.NAD:DSD_NAMAIN10@DF_TABLE1_EXPENDITURE(2.0),Annual GDP and components - expenditure approach,I,A,Annual,EU27_2020,European Union (27 countries from 01/02/2020),S1M,Households and non-profit institutions serving households (NPISH),S1,Total economy,P3,Final consumption expenditure,_Z,Not applicable,_Z,Not applicable,_T,Total,USD_EXC,"US dollars, exchange rate converted",V,Current prices,N,Non transformed data,T0102,Table 0102 - GDP identity from the expenditure side,2007,,8078088.475,,,,F,Free (free for publication),1,One,A,Normal value,6,Millions,_Z,Not applicable
DATAFLOW,OECD.SDD.NAD:DSD_NAMAIN10@DF_TABLE1_EXPENDITURE(2.0),Annual GDP and components - expenditure approach,I,A,Annual,EU27_2020,European Union (27 countries from 01/02/2020),S1M,Households and non-profit institutions serving households (NPISH),S1,Total economy,P3,Final consumption expenditure,_Z,Not applicable,_Z,Not applicable,_T,Total,USD_EXC,"US dollars, exchange rate converted",V,Current prices,N,Non transformed data,T0102,Table 0102 - GDP identity from the expenditure side,2006,,7046170.125,,,,F,Free (free for publication),1,One,A,Normal value,6,Millions,_Z,Not applicable
DATAFLOW,OECD.SDD.NAD:DSD_NAMAIN10@DF_TABLE1_EXPENDITURE(2.0),Annual GDP and components - expenditure approach,I,A,Annual,EU27_2020,European Union (27 countries from 01/02/2020),S1M,Households and non-profit institutions serving households (NPISH),S1,Total economy,P3,Final consumption expenditure,_Z,Not applicable,_Z,Not applicable,_T,Total,USD_EXC,"US dollars, exchange rate converted",V,Current prices,N,Non transformed data,T0102,Table 0102 - GDP identity from the expenditure side,2005,,6658652.732,,,,F,Free (free for publication),1,One,A,Normal value,6,Millions,_Z,Not applicable
DATAFLOW,OECD.SDD.NAD:DSD_NAMAIN10@DF_TABLE1_EXPENDITURE(2.0),Annual GDP and components - expenditure approach,I,A,Annual,EU27_2020,European Union (27 countries from 01/02/2020),S1M,Households and non-profit institutions serving households (NPISH),S1,Total economy,P3,Final consumption expenditure,_Z,Not applicable,_Z,Not applicable,_T,Total,USD_EXC,"US dollars, exchange rate converted",V,Current prices,N,Non transformed data,T0102,Table 0102 - GDP identity from the expenditure side,2004,,6353799.294,,,,F,Free (free for publication),1,One,A,Normal value,6,Millions,_Z,Not applicable
DATAFLOW,OECD.SDD.NAD:DSD_NAMAIN10@DF_TABLE1_EXPENDITURE(2.0),Annual GDP and components - expenditure approach,I,A,Annual,EU27_2020,European Union (27 countries from 01/02/2020),S1M,Households and non-profit institutions serving households (NPISH),S1,Total economy,P3,Final consumption expenditure,_Z,Not applicable,_Z,Not applicable,_T,Total,USD_EXC,"US dollars, exchange rate converted",V,Current prices,N,Non transformed data,T0102,Table 0102 - GDP identity from the expenditure side,2003,,5550421.84,,,,F,Free (free for publication),1,One,A,Normal value,6,Millions,_Z,Not applicable
DATAFLOW,OECD.SDD.NAD:DSD_NAMAIN10@DF_TABLE1_EXPENDITURE(2.0),Annual GDP and components - expenditure approach,I,A,Annual,EU27_2020,European Union (27 countries from 01/02/2020),S1M,Households and non-profit institutions serving households (NPISH),S1,Total economy,P3,Final consumption expenditure,_Z,Not applicable,_Z,Not applicable,_T,Total,USD_EXC,"US dollars, exchange rate converted",V,Current prices,N,Non transformed data,T0102,Table 0102 - GDP identity from the expenditure side,2002,,4496560.667,,,,F,Free (free for publication),1,One,A,Normal value,6,Millions,_Z,Not applicable
DATAFLOW,OECD.SDD.NAD:DSD_NAMAIN10@DF_TABLE1_EXPENDITURE(2.0),Annual GDP and components - expenditure approach,I,A,Annual,EU27_2020,European Union (27 countries from 01/02/2020),S1M,Households and non-profit institutions serving households (NPISH),S1,Total economy,P3,Final consumption expenditure,_Z,Not applicable,_Z,Not applicable,_T,Total,USD_EXC,"US dollars, exchange rate converted",V,Current prices,N,Non transformed data,T0102,Table 0102 - GDP identity from the expenditure side,2001,,4121999.076,,,,F,Free (free for publication),1,One,A,Normal value,6,Millions,_Z,Not applicable
DATAFLOW,OECD.SDD.NAD:DSD_NAMAIN10@DF_TABLE1_EXPENDITURE(2.0),Annual GDP and components - expenditure approach,I,A,Annual,EU27_2020,European Union (27 countries from 01/02/2020),S1M,Households and non-profit institutions serving households (NPISH),S1,Total economy,P3,Final consumption expenditure,_Z,Not applicable,_Z,Not applicable,_T,Total,USD_EXC,"US dollars, exchange rate converted",V,Current prices,N,Non transformed data,T0102,Table 0102 - GDP identity from the expenditure side,1996,,4719287.539,,,,F,Free (free for publication),1,One,A,Normal value,6,Millions,_Z,Not applicable
DATAFLOW,OECD.SDD.NAD:DSD_NAMAIN10@DF_TABLE1_EXPENDITURE(2.0),Annual GDP and components - expenditure approach,I,A,Annual,EU27_2020,European Union (27 countries from 01/02/2020),S1M,Households and non-profit institutions serving households (NPISH),S1,Total economy,P3,Final consumption expenditure,_Z,Not applicable,_Z,Not applicable,_T,Total,USD_EXC,"US dollars, exchange rate converted",V,Current prices,N,Non transformed data,T0102,Table 0102 - GDP identity from the expenditure side,1995,,4612820.611,,,,F,Free (free for publication),1,One,A,Normal value,6,Millions,_Z,Not applicable
DATAFLOW,OECD.SDD.NAD:DSD_NAMAIN10@DF_TABLE1_EXPENDITURE(2.0),Annual GDP and components - expenditure approach,I,A,Annual,EU27_2020,European Union (27 countries from 01/02/2020),S1M,Households and non-profit institutions serving households (NPISH),S1,Total economy,P3,Final consumption expenditure,_Z,Not applicable,_Z,Not applicable,_T,Total,USD_EXC,"US dollars, exchange rate converted",V,Current prices,N,Non transformed data,T0102,Table 0102 - GDP identity from the expenditure side,2010,,8171078.924,,,,F,Free (free for publication),1,One,A,Normal value,6,Millions,_Z,Not applicable
DATAFLOW,OECD.SDD.NAD:DSD_NAMAIN10@DF_TABLE1_EXPENDITURE(2.0),Annual GDP and components - expenditure approach,I,A,Annual,EU27_2020,European Union (27 countries from 01/02/2020),S1M,Households and non-profit institutions serving households (NPISH),S1,Total economy,P3,Final consumption expenditure,_Z,Not applicable,_Z,Not applicable,_T,Total,USD_EXC,"US dollars, exchange rate converted",V,Current prices,N,Non transformed data,T0102,Table 0102 - GDP identity from the expenditure side,2009,,8314174.653,,,,F,Free (free for publication),1,One,A,Normal value,6,Millions,_Z,Not applicable
DATAFLOW,OECD.SDD.NAD:DSD_NAMAIN10@DF_TABLE1_EXPENDITURE(2.0),Annual GDP and components - expenditure approach,I,A,Annual,EU27_2020,European Union (27 countries from 01/02/2020),S1M,Households and non-profit institutions serving households (NPISH),S1,Total economy,P3,Final consumption expenditure,_Z,Not applicable,_Z,Not applicable,_T,Total,USD_EXC,"US dollars, exchange rate converted",V,Current prices,N,Non transformed data,T0102,Table 0102 - GDP identity from the expenditure side,2000,,4068015.661,,,,F,Free (free for publication),1,One,A,Normal value,6,Millions,_Z,Not applicable
DATAFLOW,OECD.SDD.NAD:DSD_NAMAIN10@DF_TABLE1_EXPENDITURE(2.0),Annual GDP and components - expenditure approach,I,A,Annual,FRA,France,S1M,Households and non-profit institutions serving households (NPISH),S1,Total economy,P3,Final consumption expenditure,_Z,Not applicable,_Z,Not applicable,_T,Total,USD_EXC,"US dollars, exchange rate converted",V,Current prices,N,Non transformed data,T0102,Table 0102 - GDP identity from the expenditure side,2011,,1580467.057,,,,F,Free (free for publication),1,One,A,Normal value,6,Millions,_Z,Not applicable
DATAFLOW,OECD.SDD.NAD:DSD_NAMAIN10@DF_TABLE1_EXPENDITURE(2.0),Annual GDP and components - expenditure approach,I,A,Annual,FRA,France,S1M,Households and non-profit institutions serving households (NPISH),S1,Total economy,P3,Final consumption expenditure,_Z,Not applicable,_Z,Not applicable,_T,Total,USD_EXC,"US dollars, exchange rate converted",V,Current prices,N,Non transformed data,T0102,Table 0102 - GDP identity from the expenditure side,2010,,1466769.208,,,,F,Free (free for publication),1,One,A,Normal value,6,Millions,_Z,Not applicable
DATAFLOW,OECD.SDD.NAD:DSD_NAMAIN10@DF_TABLE1_EXPENDITURE(2.0),Annual GDP and components - expenditure approach,I,A,Annual,FRA,France,S1M,Households and non-profit institutions serving households (NPISH),S1,Total economy,P3,Final consumption expenditure,_Z,Not applicable,_Z,Not applicable,_T,Total,USD_EXC,"US dollars, exchange rate converted",V,Current prices,N,Non transformed data,T0102,Table 0102 - GDP identity from the expenditure side,2009,,1496361.218,,,,F,Free (free for publication),1,One,A,Normal value,6,Millions,_Z,Not applicable
DATAFLOW,OECD.SDD.NAD:DSD_NAMAIN10@DF_TABLE1_EXPENDITURE(2.0),Annual GDP and components - expenditure approach,I,A,Annual,FRA,France,S1M,Households and non-profit institutions serving households (NPISH),S1,Total economy,P3,Final consumption expenditure,_Z,Not applicable,_Z,Not applicable,_T,Total,USD_EXC,"US dollars, exchange rate converted",V,Current prices,N,Non transformed data,T0102,Table 0102 - GDP identity from the expenditure side,2008,,1598396.453,,,,F,Free (free for publication),1,One,A,Normal value,6,Millions,_Z,Not applicable
DATAFLOW,OECD.SDD.NAD:DSD_NAMAIN10@DF_TABLE1_EXPENDITURE(2.0),Annual GDP and components - expenditure approach,I,A,Annual,FRA,France,S1M,Households and non-profit institutions serving households (NPISH),S1,Total economy,P3,Final consumption expenditure,_Z,Not applicable,_Z,Not applicable,_T,Total,USD_EXC,"US dollars, exchange rate converted",V,Current prices,N,Non transformed data,T0102,Table 0102 - GDP identity from the expenditure side,2007,,1441133.446,,,,F,Free (free for publication),1,One,A,Normal value,6,Millions,_Z,Not applicable
DATAFLOW,OECD.SDD.NAD:DSD_NAMAIN10@DF_TABLE1_EXPENDITURE(2.0),Annual GDP and components - expenditure approach,I,A,Annual,FRA,France,S1M,Households and non-profit institutions serving households (NPISH),S1,Total economy,P3,Final consumption expenditure,_Z,Not applicable,_Z,Not applicable,_T,Total,USD_EXC,"US dollars, exchange rate converted",V,Current prices,N,Non transformed data,T0102,Table 0102 - GDP identity from the expenditure side,2006,,1261011.333,,,,F,Free (free for publication),1,One,A,Normal value,6,Millions,_Z,Not applicable
DATAFLOW,OECD.SDD.NAD:DSD_NAMAIN10@DF_TABLE1_EXPENDITURE(2.0),Annual GDP and components - expenditure approach,I,A,Annual,FRA,France,S1M,Households and non-profit institutions serving households (NPISH),S1,Total economy,P3,Final consumption expenditure,_Z,Not applicable,_Z,Not applicable,_T,Total,USD_EXC,"US dollars, exchange rate converted",V,Current prices,N,Non transformed data,T0102,Table 0102 - GDP identity from the expenditure side,2005,,1190702.751,,,,F,Free (free for publication),1,One,A,Normal value,6,Millions,_Z,Not applicable
DATAFLOW,OECD.SDD.NAD:DSD_NAMAIN10@DF_TABLE1_EXPENDITURE(2.0),Annual GDP and components - expenditure approach,I,A,Annual,FRA,France,S1M,Households and non-profit institutions serving households (NPISH),S1,Total economy,P3,Final consumption expenditure,_Z,Not applicable,_Z,Not applicable,_T,Total,USD_EXC,"US dollars, exchange rate converted",V,Current prices,N,Non transformed data,T0102,Table 0102 - GDP identity from the expenditure side,2004,,1140566.5,,,,F,Free (free for publication),1,One,A,Normal value,6,Millions,_Z,Not applicable
DATAFLOW,OECD.SDD.NAD:DSD_NAMAIN10@DF_TABLE1_EXPENDITURE(2.0),Annual GDP and components - expenditure approach,I,A,Annual,FRA,France,S1M,Households and non-profit institutions serving households (NPISH),S1,Total economy,P3,Final consumption expenditure,_Z,Not applicable,_Z,Not applicable,_T,Total,USD_EXC,"US dollars, exchange rate converted",V,Current prices,N,Non transformed data,T0102,Table 0102 - GDP identity from the expenditure side,2003,,996088.077,,,,F,Free (free for publication),1,One,A,Normal value,6,Millions,_Z,Not applicable
DATAFLOW,OECD.SDD.NAD:DSD_NAMAIN10@DF_TABLE1_EXPENDITURE(2.0),Annual GDP and components - expenditure approach,I,A,Annual,FRA,France,S1M,Households and non-profit institutions serving households (NPISH),S1,Total economy,P3,Final consumption expenditure,_Z,Not applicable,_Z,Not applicable,_T,Total,USD_EXC,"US dollars, exchange rate converted",V,Current prices,N,Non transformed data,T0102,Table 0102 - GDP identity from the expenditure side,2002,,806574.955,,,,F,Free (free for publication),1,One,A,Normal value,6,Millions,_Z,Not applicable
DATAFLOW,OECD.SDD.NAD:DSD_NAMAIN10@DF_TABLE1_EXPENDITURE(2.0),Annual GDP and components - expenditure approach,I,A,Annual,FRA,France,S1M,Households and non-profit institutions serving households (NPISH),S1,Total economy,P3,Final consumption expenditure,_Z,Not applicable,_Z,Not applicable,_T,Total,USD_EXC,"US dollars, exchange rate converted",V,Current prices,N,Non transformed data,T0102,Table 0102 - GDP identity from the expenditure side,1997,,781939.24,,,,F,Free (free for publication),1,One,A,Normal value,6,Millions,_Z,Not applicable
DATAFLOW,OECD.SDD.NAD:DSD_NAMAIN10@DF_TABLE1_EXPENDITURE(2.0),Annual GDP and components - expenditure approach,I,A,Annual,FRA,France,S1M,Households and non-profit institutions serving households (NPISH),S1,Total economy,P3,Final consumption expenditure,_Z,Not applicable,_Z,Not applicable,_T,Total,USD_EXC,"US dollars, exchange rate converted",V,Current prices,N,Non transformed data,T0102,Table 0102 - GDP identity from the expenditure side,1996,,877886.39,,,,F,Free (free for publication),1,One,A,Normal value,6,Millions,_Z,Not applicable
DATAFLOW,OECD.SDD.NAD:DSD_NAMAIN10@DF_TABLE1_EXPENDITURE(2.0),Annual GDP and components - expenditure approach,I,A,Annual,FRA,France,S1M,Households and non-profit institutions serving households (NPISH),S1,Total economy,P3,Final consumption expenditure,_Z,Not applicable,_Z,Not applicable,_T,Total,USD_EXC,"US dollars, exchange rate converted",V,Current prices,N,Non transformed data,T0102,Table 0102 - GDP identity from the expenditure side,1995,,867770.746,,,,F,Free (free for publication),1,One,A,Normal value,6,Millions,_Z,Not applicable
DATAFLOW,OECD.SDD.NAD:DSD_NAMAIN10@DF_TABLE1_EXPENDITURE(2.0),Annual GDP and components - expenditure approach,I,A,Annual,CHL,Chile,S1M,Households and non-profit institutions serving households (NPISH),S1,Total economy,P3,Final consumption expenditure,_Z,Not applicable,_Z,Not applicable,_T,Total,USD_EXC,"US dollars, exchange rate converted",V,Current prices,N,Non transformed data,T0102,Table 0102 - GDP identity from the expenditure side,2000,,48602.184,,,,F,Free (free for publication),1,One,A,Normal value,6,Millions,_Z,Not applicable
DATAFLOW,OECD.SDD.NAD:DSD_NAMAIN10@DF_TABLE1_EXPENDITURE(2.0),Annual GDP and components - expenditure approach,I,A,Annual,CHL,Chile,S1M,Households and non-profit institutions serving households (NPISH),S1,Total economy,P3,Final consumption expenditure,_Z,Not applicable,_Z,Not applicable,_T,Total,USD_EXC,"US dollars, exchange rate converted",V,Current prices,N,Non transformed data,T0102,Table 0102 - GDP identity from the expenditure side,2001,,44137.477,,,,F,Free (free for publication),1,One,A,Normal value,6,Millions,_Z,Not applicable
DATAFLOW,OECD.SDD.NAD:DSD_NAMAIN10@DF_TABLE1_EXPENDITURE(2.0),Annual GDP and components - expenditure approach,I,A,Annual,ALB,Albania,S1M,Households and non-profit institutions serving households (NPISH),S1,Total economy,P3,Final consumption expenditure,_Z,Not applicable,_Z,Not applicable,_T,Total,USD_EXC,"US dollars, exchange rate converted",V,Current prices,N,Non transformed data,T0102,Table 0102 - GDP identity from the expenditure side,2011,,10093.392,,,,F,Free (free for publication),1,One,A,Normal value,6,Millions,_Z,Not applicable
DATAFLOW,OECD.SDD.NAD:DSD_NAMAIN10@DF_TABLE1_EXPENDITURE(2.0),Annual GDP and components - expenditure approach,I,A,Annual,ALB,Albania,S1M,Households and non-profit institutions serving households (NPISH),S1,Total economy,P3,Final consumption expenditure,_Z,Not applicable,_Z,Not applicable,_T,Total,USD_EXC,"US dollars, exchange rate converted",V,Current prices,N,Non transformed data,T0102,Table 0102 - GDP identity from the expenditure side,2010,,9316.043,,,,F,Free (free for publication),1,One,A,Normal value,6,Millions,_Z,Not applicable
DATAFLOW,OECD.SDD.NAD:DSD_NAMAIN10@DF_TABLE1_EXPENDITURE(2.0),Annual GDP and components - expenditure approach,I,A,Annual,ALB,Albania,S1M,Households and non-profit institutions serving households (NPISH),S1,Total economy,P3,Final consumption expenditure,_Z,Not applicable,_Z,Not applicable,_T,Total,USD_EXC,"US dollars, exchange rate converted",V,Current prices,N,Non transformed data,T0102,Table 0102 - GDP identity from the expenditure side,2009,,9734.056,,,,F,Free (free for publication),1,One,A,Normal value,6,Millions,_Z,Not applicable
DATAFLOW,OECD.SDD.NAD:DSD_NAMAIN10@DF_TABLE1_EXPENDITURE(2.0),Annual GDP and components - expenditure approach,I,A,Annual,ALB,Albania,S1M,Households and non-profit institutions serving households (NPISH),S1,Total economy,P3,Final consumption expenditure,_Z,Not applicable,_Z,Not applicable,_T,Total,USD_EXC,"US dollars, exchange rate converted",V,Current prices,N,Non transformed data,T0102,Table 0102 - GDP identity from the expenditure side,2008,,10703.597,,,,F,Free (free for publication),1,One,A,Normal value,6,Millions,_Z,Not applicable
DATAFLOW,OECD.SDD.NAD:DSD_NAMAIN10@DF_TABLE1_EXPENDITURE(2.0),Annual GDP and components - expenditure approach,I,A,Annual,ALB,Albania,S1M,Households and non-profit institutions serving households (NPISH),S1,Total economy,P3,Final consumption expenditure,_Z,Not applicable,_Z,Not applicable,_T,Total,USD_EXC,"US dollars, exchange rate converted",V,Current prices,N,Non transformed data,T0102,Table 0102 - GDP identity from the expenditure side,2007,,8730.519,,,,F,Free (free for publication),1,One,A,Normal value,6,Millions,_Z,Not applicable
DATAFLOW,OECD.SDD.NAD:DSD_NAMAIN10@DF_TABLE1_EXPENDITURE(2.0),Annual GDP and components - expenditure approach,I,A,Annual,ALB,Albania,S1M,Households and non-profit institutions serving households (NPISH),S1,Total economy,P3,Final consumption expenditure,_Z,Not applicable,_Z,Not applicable,_T,Total,USD_EXC,"US dollars, exchange rate converted",V,Current prices,N,Non transformed data,T0102,Table 0102 - GDP identity from the expenditure side,2006,,6905.407,,,,F,Free (free for publication),1,One,A,Normal value,6,Millions,_Z,Not applicable
DATAFLOW,OECD.SDD.NAD:DSD_NAMAIN10@DF_TABLE1_EXPENDITURE(2.0),Annual GDP and components - expenditure approach,I,A,Annual,ALB,Albania,S1M,Households and non-profit institutions serving households (NPISH),S1,Total economy,P3,Final consumption expenditure,_Z,Not applicable,_Z,Not applicable,_T,Total,USD_EXC,"US dollars, exchange rate converted",V,Current prices,N,Non transformed data,T0102,Table 0102 - GDP identity from the expenditure side,2005,,6195.707,,,,F,Free (free for publication),1,One,A,Normal value,6,Millions,_Z,Not applicable
DATAFLOW,OECD.SDD.NAD:DSD_NAMAIN10@DF_TABLE1_EXPENDITURE(2.0),Annual GDP and components - expenditure approach,I,A,Annual,ALB,Albania,S1M,Households and non-profit institutions serving households (NPISH),S1,Total economy,P3,Final consumption expenditure,_Z,Not applicable,_Z,Not applicable,_T,Total,USD_EXC,"US dollars, exchange rate converted",V,Current prices,N,Non transformed data,T0102,Table 0102 - GDP identity from the expenditure side,2019,,12321.491,,,,F,Free (free for publication),1,One,A,Normal value,6,Millions,_Z,Not applicable
DATAFLOW,OECD.SDD.NAD:DSD_NAMAIN10@DF_TABLE1_EXPENDITURE(2.0),Annual GDP and components - expenditure approach,I,A,Annual,ALB,Albania,S1M,Households and non-profit institutions serving households (NPISH),S1,Total economy,P3,Final consumption expenditure,_Z,Not applicable,_Z,Not applicable,_T,Total,USD_EXC,"US dollars, exchange rate converted",V,Current prices,N,Non transformed data,T0102,Table 0102 - GDP identity from the expenditure side,2018,,11989.9,,,,F,Free (free for publication),1,One,A,Normal value,6,Millions,_Z,Not applicable
DATAFLOW,OECD.SDD.NAD:DSD_NAMAIN10@DF_TABLE1_EXPENDITURE(2.0),Annual GDP and components - expenditure approach,I,A,Annual,ALB,Albania,S1M,Households and non-profit institutions serving households (NPISH),S1,Total economy,P3,Final consumption expenditure,_Z,Not applicable,_Z,Not applicable,_T,Total,USD_EXC,"US dollars, exchange rate converted",V,Current prices,N,Non transformed data,T0102,Table 0102 - GDP identity from the expenditure side,2017,,10364.722,,,,F,Free (free for publication),1,One,A,Normal value,6,Millions,_Z,Not applicable
DATAFLOW,OECD.SDD.NAD:DSD_NAMAIN10@DF_TABLE1_EXPENDITURE(2.0),Annual GDP and components - expenditure approach,I,A,Annual,ALB,Albania,S1M,Households and non-profit institutions serving households (NPISH),S1,Total economy,P3,Final consumption expenditure,_Z,Not applicable,_Z,Not applicable,_T,Total,USD_EXC,"US dollars, exchange rate converted",V,Current prices,N,Non transformed data,T0102,Table 0102 - GDP identity from the expenditure side,2016,,9602.953,,,,F,Free (free for publication),1,One,A,Normal value,6,Millions,_Z,Not applicable
DATAFLOW,OECD.SDD.NAD:DSD_NAMAIN10@DF_TABLE1_EXPENDITURE(2.0),Annual GDP and components - expenditure approach,I,A,Annual,ALB,Albania,S1M,Households and non-profit institutions serving households (NPISH),S1,Total economy,P3,Final consumption expenditure,_Z,Not applicable,_Z,Not applicable,_T,Total,USD_EXC,"US dollars, exchange rate converted",V,Current prices,N,Non transformed data,T0102,Table 0102 - GDP identity from the expenditure side,2004,,5541.345,,,,F,Free (free for publication),1,One,A,Normal value,6,Millions,_Z,Not applicable
DATAFLOW,OECD.SDD.NAD:DSD_NAMAIN10@DF_TABLE1_EXPENDITURE(2.0),Annual GDP and components - expenditure approach,I,A,Annual,AUS,Australia,S1M,Households and non-profit institutions serving households (NPISH),S1,Total economy,P3,Final consumption expenditure,_Z,Not applicable,_Z,Not applicable,_T,Total,USD_EXC,"US dollars, exchange rate converted",V,Current prices,N,Non transformed data,T0102,Table 0102 - GDP identity from the expenditure side,2004,,387078.531,,,,F,Free (free for publication),1,One,A,Normal value,6,Millions,_Z,Not applicable
DATAFLOW,OECD.SDD.NAD:DSD_NAMAIN10@DF_TABLE1_EXPENDITURE(2.0),Annual GDP and components - expenditure approach,I,A,Annual,AUS,Australia,S1M,Households and non-profit institutions serving households (NPISH),S1,Total economy,P3,Final consumption expenditure,_Z,Not applicable,_Z,Not applicable,_T,Total,USD_EXC,"US dollars, exchange rate converted",V,Current prices,N,Non transformed data,T0102,Table 0102 - GDP identity from the expenditure side,2003,,321213.729,,,,F,Free (free for publication),1,One,A,Normal value,6,Millions,_Z,Not applicable
DATAFLOW,OECD.SDD.NAD:DSD_NAMAIN10@DF_TABLE1_EXPENDITURE(2.0),Annual GDP and components - expenditure approach,I,A,Annual,AUS,Australia,S1M,Households and non-profit institutions serving households (NPISH),S1,Total economy,P3,Final consumption expenditure,_Z,Not applicable,_Z,Not applicable,_T,Total,USD_EXC,"US dollars, exchange rate converted",V,Current prices,N,Non transformed data,T0102,Table 0102 - GDP identity from the expenditure side,2002,,251938.742,,,,F,Free (free for publication),1,One,A,Normal value,6,Millions,_Z,Not applicable
DATAFLOW,OECD.SDD.NAD:DSD_NAMAIN10@DF_TABLE1_EXPENDITURE(2.0),Annual GDP and components - expenditure approach,I,A,Annual,AUS,Australia,S1M,Households and non-profit institutions serving households (NPISH),S1,Total economy,P3,Final consumption expenditure,_Z,Not applicable,_Z,Not applicable,_T,Total,USD_EXC,"US dollars, exchange rate converted",V,Current prices,N,Non transformed data,T0102,Table 0102 - GDP identity from the expenditure side,2001,,223947.182,,,,F,Free (free for publication),1,One,A,Normal value,6,Millions,_Z,Not applicable
DATAFLOW,OECD.SDD.NAD:DSD_NAMAIN10@DF_TABLE1_EXPENDITURE(2.0),Annual GDP and components - expenditure approach,I,A,Annual,AUS,Australia,S1M,Households and non-profit institutions serving households (NPISH),S1,Total economy,P3,Final consumption expenditure,_Z,Not applicable,_Z,Not applicable,_T,Total,USD_EXC,"US dollars, exchange rate converted",V,Current prices,N,Non transformed data,T0102,Table 0102 - GDP identity from the expenditure side,2000,,237786.212,,,,F,Free (free for publication),1,One,A,Normal value,6,Millions,_Z,Not applicable
DATAFLOW,OECD.SDD.NAD:DSD_NAMAIN10@DF_TABLE1_EXPENDITURE(2.0),Annual GDP and components - expenditure approach,I,A,Annual,AUS,Australia,S1M,Households and non-profit institutions serving households (NPISH),S1,Total economy,P3,Final consumption expenditure,_Z,Not applicable,_Z,Not applicable,_T,Total,USD_EXC,"US dollars, exchange rate converted",V,Current prices,N,Non transformed data,T0102,Table 0102 - GDP identity from the expenditure side,1999,,245266.622,,,,F,Free (free for publication),1,One,A,Normal value,6,Millions,_Z,Not applicable
DATAFLOW,OECD.SDD.NAD:DSD_NAMAIN10@DF_TABLE1_EXPENDITURE(2.0),Annual GDP and components - expenditure approach,I,A,Annual,AUS,Australia,S1M,Households and non-profit institutions serving households (NPISH),S1,Total economy,P3,Final consumption expenditure,_Z,Not applicable,_Z,Not applicable,_T,Total,USD_EXC,"US dollars, exchange rate converted",V,Current prices,N,Non transformed data,T0102,Table 0102 - GDP identity from the expenditure side,1998,,224857.789,,,,F,Free (free for publication),1,One,A,Normal value,6,Millions,_Z,Not applicable
DATAFLOW,OECD.SDD.NAD:DSD_NAMAIN10@DF_TABLE1_EXPENDITURE(2.0),Annual GDP and components - expenditure approach,I,A,Annual,AUS,Australia,S1M,Households and non-profit institutions serving households (NPISH),S1,Total economy,P3,Final consumption expenditure,_Z,Not applicable,_Z,Not applicable,_T,Total,USD_EXC,"US dollars, exchange rate converted",V,Current prices,N,Non transformed data,T0102,Table 0102 - GDP identity from the expenditure side,1997,,249147.976,,,,F,Free (free for publication),1,One,A,Normal value,6,Millions,_Z,Not applicable
DATAFLOW,OECD.SDD.NAD:DSD_NAMAIN10@DF_TABLE1_EXPENDITURE(2.0),Annual GDP and components - expenditure approach,I,A,Annual,AUS,Australia,S1M,Households and non-profit institutions serving households (NPISH),S1,Total economy,P3,Final consumption expenditure,_Z,Not applicable,_Z,Not applicable,_T,Total,USD_EXC,"US dollars, exchange rate converted",V,Current prices,N,Non transformed data,T0102,Table 0102 - GDP identity from the expenditure side,1996,,246559.23,,,,F,Free (free for publication),1,One,A,Normal value,6,Millions,_Z,Not applicable
DATAFLOW,OECD.SDD.NAD:DSD_NAMAIN10@DF_TABLE1_EXPENDITURE(2.0),Annual GDP and components - expenditure approach,I,A,Annual,AUS,Australia,S1M,Households and non-profit institutions serving households (NPISH),S1,Total economy,P3,Final consumption expenditure,_Z,Not applicable,_Z,Not applicable,_T,Total,USD_EXC,"US dollars, exchange rate converted",V,Current prices,N,Non transformed data,T0102,Table 0102 - GDP identity from the expenditure side,1995,,223814.474,,,,F,Free (free for publication),1,One,A,Normal value,6,Millions,_Z,Not applicable
DATAFLOW,OECD.SDD.NAD:DSD_NAMAIN10@DF_TABLE1_EXPENDITURE(2.0),Annual GDP and components - expenditure approach,I,A,Annual,AUS,Australia,S1M,Households and non-profit institutions serving households (NPISH),S1,Total economy,P3,Final consumption expenditure,_Z,Not applicable,_Z,Not applicable,_T,Total,USD_EXC,"US dollars, exchange rate converted",V,Current prices,N,Non transformed data,T0102,Table 0102 - GDP identity from the expenditure side,2016,,726022.044,,,,F,Free (free for publication),1,One,A,Normal value,6,Millions,_Z,Not applicable
DATAFLOW,OECD.SDD.NAD:DSD_NAMAIN10@DF_TABLE1_EXPENDITURE(2.0),Annual GDP and components - expenditure approach,I,A,Annual,AUS,Australia,S1M,Households and non-profit institutions serving households (NPISH),S1,Total economy,P3,Final consumption expenditure,_Z,Not applicable,_Z,Not applicable,_T,Total,USD_EXC,"US dollars, exchange rate converted",V,Current prices,N,Non transformed data,T0102,Table 0102 - GDP identity from the expenditure side,2015,,709887.997,,,,F,Free (free for publication),1,One,A,Normal value,6,Millions,_Z,Not applicable
DATAFLOW,OECD.SDD.NAD:DSD_NAMAIN10@DF_TABLE1_EXPENDITURE(2.0),Annual GDP and components - expenditure approach,I,A,Annual,AUS,Australia,S1M,Households and non-profit institutions serving households (NPISH),S1,Total economy,P3,Final consumption expenditure,_Z,Not applicable,_Z,Not applicable,_T,Total,USD_EXC,"US dollars, exchange rate converted",V,Current prices,N,Non transformed data,T0102,Table 0102 - GDP identity from the expenditure side,2014,,820881.677,,,,F,Free (free for publication),1,One,A,Normal value,6,Millions,_Z,Not applicable
DATAFLOW,OECD.SDD.NAD:DSD_NAMAIN10@DF_TABLE1_EXPENDITURE(2.0),Annual GDP and components - expenditure approach,I,A,Annual,AUS,Australia,S1M,Households and non-profit institutions serving households (NPISH),S1,Total economy,P3,Final consumption expenditure,_Z,Not applicable,_Z,Not applicable,_T,Total,USD_EXC,"US dollars, exchange rate converted",V,Current prices,N,Non transformed data,T0102,Table 0102 - GDP identity from the expenditure side,2013,,846166.763,,,,F,Free (free for publication),1,One,A,Normal value,6,Millions,_Z,Not applicable
DATAFLOW,OECD.SDD.NAD:DSD_NAMAIN10@DF_TABLE1_EXPENDITURE(2.0),Annual GDP and components - expenditure approach,I,A,Annual,AUS,Australia,S1M,Households and non-profit institutions serving households (NPISH),S1,Total economy,P3,Final consumption expenditure,_Z,Not applicable,_Z,Not applicable,_T,Total,USD_EXC,"US dollars, exchange rate converted",V,Current prices,N,Non transformed data,T0102,Table 0102 - GDP identity from the expenditure side,2012,,868948.13,,,,F,Free (free for publication),1,One,A,Normal value,6,Millions,_Z,Not applicable
DATAFLOW,OECD.SDD.NAD:DSD_NAMAIN10@DF_TABLE1_EXPENDITURE(2.0),Annual GDP and components - expenditure approach,I,A,Annual,AUS,Australia,S1M,Households and non-profit institutions serving households (NPISH),S1,Total economy,P3,Final consumption expenditure,_Z,Not applicable,_Z,Not applicable,_T,Total,USD_EXC,"US dollars, exchange rate converted",V,Current prices,N,Non transformed data,T0102,Table 0102 - GDP identity from the expenditure side,2011,,829167.109,,,,F,Free (free for publication),1,One,A,Normal value,6,Millions,_Z,Not applicable
DATAFLOW,OECD.SDD.NAD:DSD_NAMAIN10@DF_TABLE1_EXPENDITURE(2.0),Annual GDP and components - expenditure approach,I,A,Annual,AUS,Australia,S1M,Households and non-profit institutions serving households (NPISH),S1,Total economy,P3,Final consumption expenditure,_Z,Not applicable,_Z,Not applicable,_T,Total,USD_EXC,"US dollars, exchange rate converted",V,Current prices,N,Non transformed data,T0102,Table 0102 - GDP identity from the expenditure side,2010,,700675.46,,,,F,Free (free for publication),1,One,A,Normal value,6,Millions,_Z,Not applicable
DATAFLOW,OECD.SDD.NAD:DSD_NAMAIN10@DF_TABLE1_EXPENDITURE(2.0),Annual GDP and components - expenditure approach,I,A,Annual,AUS,Australia,S1M,Households and non-profit institutions serving households (NPISH),S1,Total economy,P3,Final consumption expenditure,_Z,Not applicable,_Z,Not applicable,_T,Total,USD_EXC,"US dollars, exchange rate converted",V,Current prices,N,Non transformed data,T0102,Table 0102 - GDP identity from the expenditure side,2009,,562636.325,,,,F,Free (free for publication),1,One,A,Normal value,6,Millions,_Z,Not applicable
DATAFLOW,OECD.SDD.NAD:DSD_NAMAIN10@DF_TABLE1_EXPENDITURE(2.0),Annual GDP and components - expenditure approach,I,A,Annual,AUS,Australia,S1M,Households and non-profit institutions serving households (NPISH),S1,Total economy,P3,Final consumption expenditure,_Z,Not applicable,_Z,Not applicable,_T,Total,USD_EXC,"US dollars, exchange rate converted",V,Current prices,N,Non transformed data,T0102,Table 0102 - GDP identity from the expenditure side,2008,,570566.484,,,,F,Free (free for publication),1,One,A,Normal value,6,Millions,_Z,Not applicable
DATAFLOW,OECD.SDD.NAD:DSD_NAMAIN10@DF_TABLE1_EXPENDITURE(2.0),Annual GDP and components - expenditure approach,I,A,Annual,AUS,Australia,S1M,Households and non-profit institutions serving households (NPISH),S1,Total economy,P3,Final consumption expenditure,_Z,Not applicable,_Z,Not applicable,_T,Total,USD_EXC,"US dollars, exchange rate converted",V,Current prices,N,Non transformed data,T0102,Table 0102 - GDP identity from the expenditure side,2007,,551302.118,,,,F,Free (free for publication),1,One,A,Normal value,6,Millions,_Z,Not applicable
DATAFLOW,OECD.SDD.NAD:DSD_NAMAIN10@DF_TABLE1_EXPENDITURE(2.0),Annual GDP and components - expenditure approach,I,A,Annual,AUS,Australia,S1M,Households and non-profit institutions serving households (NPISH),S1,Total economy,P3,Final consumption expenditure,_Z,Not applicable,_Z,Not applicable,_T,Total,USD_EXC,"US dollars, exchange rate converted",V,Current prices,N,Non transformed data,T0102,Table 0102 - GDP identity from the expenditure side,2020,,729623.466,,,,F,Free (free for publication),1,One,A,Normal value,6,Millions,_Z,Not applicable
DATAFLOW,OECD.SDD.NAD:DSD_NAMAIN10@DF_TABLE1_EXPENDITURE(2.0),Annual GDP and components - expenditure approach,I,A,Annual,AUS,Australia,S1M,Households and non-profit institutions serving households (NPISH),S1,Total economy,P3,Final consumption expenditure,_Z,Not applicable,_Z,Not applicable,_T,Total,USD_EXC,"US dollars, exchange rate converted",V,Current prices,N,Non transformed data,T0102,Table 0102 - GDP identity from the expenditure side,2019,,720319.281,,,,F,Free (free for publication),1,One,A,Normal value,6,Millions,_Z,Not applicable
DATAFLOW,OECD.SDD.NAD:DSD_NAMAIN10@DF_TABLE1_EXPENDITURE(2.0),Annual GDP and components - expenditure approach,I,A,Annual,AUS,Australia,S1M,Households and non-profit institutions serving households (NPISH),S1,Total economy,P3,Final consumption expenditure,_Z,Not applicable,_Z,Not applicable,_T,Total,USD_EXC,"US dollars, exchange rate converted",V,Current prices,N,Non transformed data,T0102,Table 0102 - GDP identity from the expenditure side,2018,,787207.44,,,,F,Free (free for publication),1,One,A,Normal value,6,Millions,_Z,Not applicable
DATAFLOW,OECD.SDD.NAD:DSD_NAMAIN10@DF_TABLE1_EXPENDITURE(2.0),Annual GDP and components - expenditure approach,I,A,Annual,AUS,Australia,S1M,Households and non-profit institutions serving households (NPISH),S1,Total economy,P3,Final consumption expenditure,_Z,Not applicable,_Z,Not applicable,_T,Total,USD_EXC,"US dollars, exchange rate converted",V,Current prices,N,Non transformed data,T0102,Table 0102 - GDP identity from the expenditure side,2017,,780505.611,,,,F,Free (free for publication),1,One,A,Normal value,6,Millions,_Z,Not applicable
DATAFLOW,OECD.SDD.NAD:DSD_NAMAIN10@DF_TABLE1_EXPENDITURE(2.0),Annual GDP and components - expenditure approach,I,A,Annual,AUS,Australia,S1M,Households and non-profit institutions serving households (NPISH),S1,Total economy,P3,Final consumption expenditure,_Z,Not applicable,_Z,Not applicable,_T,Total,USD_EXC,"US dollars, exchange rate converted",V,Current prices,N,Non transformed data,T0102,Table 0102 - GDP identity from the expenditure side,2006,,458963.245,,,,F,Free (free for publication),1,One,A,Normal value,6,Millions,_Z,Not applicable
DATAFLOW,OECD.SDD.NAD:DSD_NAMAIN10@DF_TABLE1_EXPENDITURE(2.0),Annual GDP and components - expenditure approach,I,A,Annual,GRC,Greece,S1M,Households and non-profit institutions serving households (NPISH),S1,Total economy,P3,Final consumption expenditure,_Z,Not applicable,_Z,Not applicable,_T,Total,USD_EXC,"US dollars, exchange rate converted",V,Current prices,N,Non transformed data,T0102,Table 0102 - GDP identity from the expenditure side,2004,,149878.075,,,,F,Free (free for publication),1,One,A,Normal value,6,Millions,_Z,Not applicable
DATAFLOW,OECD.SDD.NAD:DSD_NAMAIN10@DF_TABLE1_EXPENDITURE(2.0),Annual GDP and components - expenditure approach,I,A,Annual,GRC,Greece,S1M,Households and non-profit institutions serving households (NPISH),S1,Total economy,P3,Final consumption expenditure,_Z,Not applicable,_Z,Not applicable,_T,Total,USD_EXC,"US dollars, exchange rate converted",V,Current prices,N,Non transformed data,T0102,Table 0102 - GDP identity from the expenditure side,2003,,127072.957,,,,F,Free (free for publication),1,One,A,Normal value,6,Millions,_Z,Not applicable
DATAFLOW,OECD.SDD.NAD:DSD_NAMAIN10@DF_TABLE1_EXPENDITURE(2.0),Annual GDP and components - expenditure approach,I,A,Annual,GRC,Greece,S1M,Households and non-profit institutions serving households (NPISH),S1,Total economy,P3,Final consumption expenditure,_Z,Not applicable,_Z,Not applicable,_T,Total,USD_EXC,"US dollars, exchange rate converted",V,Current prices,N,Non transformed data,T0102,Table 0102 - GDP identity from the expenditure side,2002,,98912.953,,,,F,Free (free for publication),1,One,A,Normal value,6,Millions,_Z,Not applicable
DATAFLOW,OECD.SDD.NAD:DSD_NAMAIN10@DF_TABLE1_EXPENDITURE(2.0),Annual GDP and components - expenditure approach,I,A,Annual,GRC,Greece,S1M,Households and non-profit institutions serving households (NPISH),S1,Total economy,P3,Final consumption expenditure,_Z,Not applicable,_Z,Not applicable,_T,Total,USD_EXC,"US dollars, exchange rate converted",V,Current prices,N,Non transformed data,T0102,Table 0102 - GDP identity from the expenditure side,2001,,87253.969,,,,F,Free (free for publication),1,One,A,Normal value,6,Millions,_Z,Not applicable
DATAFLOW,OECD.SDD.NAD:DSD_NAMAIN10@DF_TABLE1_EXPENDITURE(2.0),Annual GDP and components - expenditure approach,I,A,Annual,GRC,Greece,S1M,Households and non-profit institutions serving households (NPISH),S1,Total economy,P3,Final consumption expenditure,_Z,Not applicable,_Z,Not applicable,_T,Total,USD_EXC,"US dollars, exchange rate converted",V,Current prices,N,Non transformed data,T0102,Table 0102 - GDP identity from the expenditure side,2000,,83849.248,,,,F,Free (free for publication),1,One,A,Normal value,6,Millions,_Z,Not applicable
DATAFLOW,OECD.SDD.NAD:DSD_NAMAIN10@DF_TABLE1_EXPENDITURE(2.0),Annual GDP and components - expenditure approach,I,A,Annual,GRC,Greece,S1M,Households and non-profit institutions serving households (NPISH),S1,Total economy,P3,Final consumption expenditure,_Z,Not applicable,_Z,Not applicable,_T,Total,USD_EXC,"US dollars, exchange rate converted",V,Current prices,N,Non transformed data,T0102,Table 0102 - GDP identity from the expenditure side,1999,,96698.862,,,,F,Free (free for publication),1,One,A,Normal value,6,Millions,_Z,Not applicable
DATAFLOW,OECD.SDD.NAD:DSD_NAMAIN10@DF_TABLE1_EXPENDITURE(2.0),Annual GDP and components - expenditure approach,I,A,Annual,GRC,Greece,S1M,Households and non-profit institutions serving households (NPISH),S1,Total economy,P3,Final consumption expenditure,_Z,Not applicable,_Z,Not applicable,_T,Total,USD_EXC,"US dollars, exchange rate converted",V,Current prices,N,Non transformed data,T0102,Table 0102 - GDP identity from the expenditure side,1998,,94491.307,,,,F,Free (free for publication),1,One,A,Normal value,6,Millions,_Z,Not applicable
DATAFLOW,OECD.SDD.NAD:DSD_NAMAIN10@DF_TABLE1_EXPENDITURE(2.0),Annual GDP and components - expenditure approach,I,A,Annual,GRC,Greece,S1M,Households and non-profit institutions serving households (NPISH),S1,Total economy,P3,Final consumption expenditure,_Z,Not applicable,_Z,Not applicable,_T,Total,USD_EXC,"US dollars, exchange rate converted",V,Current prices,N,Non transformed data,T0102,Table 0102 - GDP identity from the expenditure side,1997,,93415.324,,,,F,Free (free for publication),1,One,A,Normal value,6,Millions,_Z,Not applicable
DATAFLOW,OECD.SDD.NAD:DSD_NAMAIN10@DF_TABLE1_EXPENDITURE(2.0),Annual GDP and components - expenditure approach,I,A,Annual,GRC,Greece,S1M,Households and non-profit institutions serving households (NPISH),S1,Total economy,P3,Final consumption expenditure,_Z,Not applicable,_Z,Not applicable,_T,Total,USD_EXC,"US dollars, exchange rate converted",V,Current prices,N,Non transformed data,T0102,Table 0102 - GDP identity from the expenditure side,1996,,97486.552,,,,F,Free (free for publication),1,One,A,Normal value,6,Millions,_Z,Not applicable
DATAFLOW,OECD.SDD.NAD:DSD_NAMAIN10@DF_TABLE1_EXPENDITURE(2.0),Annual GDP and components - expenditure approach,I,A,Annual,GRC,Greece,S1M,Households and non-profit institutions serving households (NPISH),S1,Total economy,P3,Final consumption expenditure,_Z,Not applicable,_Z,Not applicable,_T,Total,USD_EXC,"US dollars, exchange rate converted",V,Current prices,N,Non transformed data,T0102,Table 0102 - GDP identity from the expenditure side,1995,,92599.604,,,,F,Free (free for publication),1,One,A,Normal value,6,Millions,_Z,Not applicable
DATAFLOW,OECD.SDD.NAD:DSD_NAMAIN10@DF_TABLE1_EXPENDITURE(2.0),Annual GDP and components - expenditure approach,I,A,Annual,GRC,Greece,S1M,Households and non-profit institutions serving households (NPISH),S1,Total economy,P3,Final consumption expenditure,_Z,Not applicable,_Z,Not applicable,_T,Total,USD_EXC,"US dollars, exchange rate converted",V,Current prices,N,Non transformed data,T0102,Table 0102 - GDP identity from the expenditure side,2016,,131484.633,,,,F,Free (free for publication),1,One,A,Normal value,6,Millions,_Z,Not applicable
DATAFLOW,OECD.SDD.NAD:DSD_NAMAIN10@DF_TABLE1_EXPENDITURE(2.0),Annual GDP and components - expenditure approach,I,A,Annual,GRC,Greece,S1M,Households and non-profit institutions serving households (NPISH),S1,Total economy,P3,Final consumption expenditure,_Z,Not applicable,_Z,Not applicable,_T,Total,USD_EXC,"US dollars, exchange rate converted",V,Current prices,N,Non transformed data,T0102,Table 0102 - GDP identity from the expenditure side,2015,,132472.583,,,,F,Free (free for publication),1,One,A,Normal value,6,Millions,_Z,Not applicable
DATAFLOW,OECD.SDD.NAD:DSD_NAMAIN10@DF_TABLE1_EXPENDITURE(2.0),Annual GDP and components - expenditure approach,I,A,Annual,GRC,Greece,S1M,Households and non-profit institutions serving households (NPISH),S1,Total economy,P3,Final consumption expenditure,_Z,Not applicable,_Z,Not applicable,_T,Total,USD_EXC,"US dollars, exchange rate converted",V,Current prices,N,Non transformed data,T0102,Table 0102 - GDP identity from the expenditure side,2014,,160091.574,,,,F,Free (free for publication),1,One,A,Normal value,6,Millions,_Z,Not applicable
DATAFLOW,OECD.SDD.NAD:DSD_NAMAIN10@DF_TABLE1_EXPENDITURE(2.0),Annual GDP and components - expenditure approach,I,A,Annual,GRC,Greece,S1M,Households and non-profit institutions serving households (NPISH),S1,Total economy,P3,Final consumption expenditure,_Z,Not applicable,_Z,Not applicable,_T,Total,USD_EXC,"US dollars, exchange rate converted",V,Current prices,N,Non transformed data,T0102,Table 0102 - GDP identity from the expenditure side,2013,,163718.98,,,,F,Free (free for publication),1,One,A,Normal value,6,Millions,_Z,Not applicable
DATAFLOW,OECD.SDD.NAD:DSD_NAMAIN10@DF_TABLE1_EXPENDITURE(2.0),Annual GDP and components - expenditure approach,I,A,Annual,GRC,Greece,S1M,Households and non-profit institutions serving households (NPISH),S1,Total economy,P3,Final consumption expenditure,_Z,Not applicable,_Z,Not applicable,_T,Total,USD_EXC,"US dollars, exchange rate converted",V,Current prices,N,Non transformed data,T0102,Table 0102 - GDP identity from the expenditure side,2012,,166244.819,,,,F,Free (free for publication),1,One,A,Normal value,6,Millions,_Z,Not applicable
DATAFLOW,OECD.SDD.NAD:DSD_NAMAIN10@DF_TABLE1_EXPENDITURE(2.0),Annual GDP and components - expenditure approach,I,A,Annual,GRC,Greece,S1M,Households and non-profit institutions serving households (NPISH),S1,Total economy,P3,Final consumption expenditure,_Z,Not applicable,_Z,Not applicable,_T,Total,USD_EXC,"US dollars, exchange rate converted",V,Current prices,N,Non transformed data,T0102,Table 0102 - GDP identity from the expenditure side,2011,,196805.648,,,,F,Free (free for publication),1,One,A,Normal value,6,Millions,_Z,Not applicable
DATAFLOW,OECD.SDD.NAD:DSD_NAMAIN10@DF_TABLE1_EXPENDITURE(2.0),Annual GDP and components - expenditure approach,I,A,Annual,GRC,Greece,S1M,Households and non-profit institutions serving households (NPISH),S1,Total economy,P3,Final consumption expenditure,_Z,Not applicable,_Z,Not applicable,_T,Total,USD_EXC,"US dollars, exchange rate converted",V,Current prices,N,Non transformed data,T0102,Table 0102 - GDP identity from the expenditure side,2010,,197810.983,,,,F,Free (free for publication),1,One,A,Normal value,6,Millions,_Z,Not applicable
DATAFLOW,OECD.SDD.NAD:DSD_NAMAIN10@DF_TABLE1_EXPENDITURE(2.0),Annual GDP and components - expenditure approach,I,A,Annual,GRC,Greece,S1M,Households and non-profit institutions serving households (NPISH),S1,Total economy,P3,Final consumption expenditure,_Z,Not applicable,_Z,Not applicable,_T,Total,USD_EXC,"US dollars, exchange rate converted",V,Current prices,N,Non transformed data,T0102,Table 0102 - GDP identity from the expenditure side,2009,,216646.304,,,,F,Free (free for publication),1,One,A,Normal value,6,Millions,_Z,Not applicable
DATAFLOW,OECD.SDD.NAD:DSD_NAMAIN10@DF_TABLE1_EXPENDITURE(2.0),Annual GDP and components - expenditure approach,I,A,Annual,GRC,Greece,S1M,Households and non-profit institutions serving households (NPISH),S1,Total economy,P3,Final consumption expenditure,_Z,Not applicable,_Z,Not applicable,_T,Total,USD_EXC,"US dollars, exchange rate converted",V,Current prices,N,Non transformed data,T0102,Table 0102 - GDP identity from the expenditure side,2008,,230570.276,,,,F,Free (free for publication),1,One,A,Normal value,6,Millions,_Z,Not applicable
DATAFLOW,OECD.SDD.NAD:DSD_NAMAIN10@DF_TABLE1_EXPENDITURE(2.0),Annual GDP and components - expenditure approach,I,A,Annual,GRC,Greece,S1M,Households and non-profit institutions serving households (NPISH),S1,Total economy,P3,Final consumption expenditure,_Z,Not applicable,_Z,Not applicable,_T,Total,USD_EXC,"US dollars, exchange rate converted",V,Current prices,N,Non transformed data,T0102,Table 0102 - GDP identity from the expenditure side,2007,,199637.143,,,,F,Free (free for publication),1,One,A,Normal value,6,Millions,_Z,Not applicable
DATAFLOW,OECD.SDD.NAD:DSD_NAMAIN10@DF_TABLE1_EXPENDITURE(2.0),Annual GDP and components - expenditure approach,I,A,Annual,GRC,Greece,S1M,Households and non-profit institutions serving households (NPISH),S1,Total economy,P3,Final consumption expenditure,_Z,Not applicable,_Z,Not applicable,_T,Total,USD_EXC,"US dollars, exchange rate converted",V,Current prices,N,Non transformed data,T0102,Table 0102 - GDP identity from the expenditure side,2020,,135984.596,,,,F,Free (free for publication),1,One,A,Normal value,6,Millions,_Z,Not applicable
DATAFLOW,OECD.SDD.NAD:DSD_NAMAIN10@DF_TABLE1_EXPENDITURE(2.0),Annual GDP and components - expenditure approach,I,A,Annual,GRC,Greece,S1M,Households and non-profit institutions serving households (NPISH),S1,Total economy,P3,Final consumption expenditure,_Z,Not applicable,_Z,Not applicable,_T,Total,USD_EXC,"US dollars, exchange rate converted",V,Current prices,N,Non transformed data,T0102,Table 0102 - GDP identity from the expenditure side,2019,,143751.683,,,,F,Free (free for publication),1,One,A,Normal value,6,Millions,_Z,Not applicable
DATAFLOW,OECD.SDD.NAD:DSD_NAMAIN10@DF_TABLE1_EXPENDITURE(2.0),Annual GDP and components - expenditure approach,I,A,Annual,GRC,Greece,S1M,Households and non-profit institutions serving households (NPISH),S1,Total economy,P3,Final consumption expenditure,_Z,Not applicable,_Z,Not applicable,_T,Total,USD_EXC,"US dollars, exchange rate converted",V,Current prices,N,Non transformed data,T0102,Table 0102 - GDP identity from the expenditure side,2018,,147685.453,,,,F,Free (free for publication),1,One,A,Normal value,6,Millions,_Z,Not applicable
DATAFLOW,OECD.SDD.NAD:DSD_NAMAIN10@DF_TABLE1_EXPENDITURE(2.0),Annual GDP and components - expenditure approach,I,A,Annual,GRC,Greece,S1M,Households and non-profit institutions serving households (NPISH),S1,Total economy,P3,Final consumption expenditure,_Z,Not applicable,_Z,Not applicable,_T,Total,USD_EXC,"US dollars, exchange rate converted",V,Current prices,N,Non transformed data,T0102,Table 0102 - GDP identity from the expenditure side,2017,,138042.79,,,,F,Free (free for publication),1,One,A,Normal value,6,Millions,_Z,Not applicable
DATAFLOW,OECD.SDD.NAD:DSD_NAMAIN10@DF_TABLE1_EXPENDITURE(2.0),Annual GDP and components - expenditure approach,I,A,Annual,GRC,Greece,S1M,Households and non-profit institutions serving households (NPISH),S1,Total economy,P3,Final consumption expenditure,_Z,Not applicable,_Z,Not applicable,_T,Total,USD_EXC,"US dollars, exchange rate converted",V,Current prices,N,Non transformed data,T0102,Table 0102 - GDP identity from the expenditure side,2006,,168908.187,,,,F,Free (free for publication),1,One,A,Normal value,6,Millions,_Z,Not applicable
DATAFLOW,OECD.SDD.NAD:DSD_NAMAIN10@DF_TABLE1_EXPENDITURE(2.0),Annual GDP and components - expenditure approach,I,A,Annual,TUR,Türkiye,S1M,Households and non-profit institutions serving households (NPISH),S1,Total economy,P3,Final consumption expenditure,_Z,Not applicable,_Z,Not applicable,_T,Total,USD_EXC,"US dollars, exchange rate converted",V,Current prices,N,Non transformed data,T0102,Table 0102 - GDP identity from the expenditure side,2004,,262816.266,,,,F,Free (free for publication),1,One,A,Normal value,6,Millions,_Z,Not applicable
DATAFLOW,OECD.SDD.NAD:DSD_NAMAIN10@DF_TABLE1_EXPENDITURE(2.0),Annual GDP and components - expenditure approach,I,A,Annual,TUR,Türkiye,S1M,Households and non-profit institutions serving households (NPISH),S1,Total economy,P3,Final consumption expenditure,_Z,Not applicable,_Z,Not applicable,_T,Total,USD_EXC,"US dollars, exchange rate converted",V,Current prices,N,Non transformed data,T0102,Table 0102 - GDP identity from the expenditure side,2003,,205473.978,,,,F,Free (free for publication),1,One,A,Normal value,6,Millions,_Z,Not applicable
DATAFLOW,OECD.SDD.NAD:DSD_NAMAIN10@DF_TABLE1_EXPENDITURE(2.0),Annual GDP and components - expenditure approach,I,A,Annual,TUR,Türkiye,S1M,Households and non-profit institutions serving households (NPISH),S1,Total economy,P3,Final consumption expenditure,_Z,Not applicable,_Z,Not applicable,_T,Total,USD_EXC,"US dollars, exchange rate converted",V,Current prices,N,Non transformed data,T0102,Table 0102 - GDP identity from the expenditure side,2002,,153348.298,,,,F,Free (free for publication),1,One,A,Normal value,6,Millions,_Z,Not applicable
DATAFLOW,OECD.SDD.NAD:DSD_NAMAIN10@DF_TABLE1_EXPENDITURE(2.0),Annual GDP and components - expenditure approach,I,A,Annual,TUR,Türkiye,S1M,Households and non-profit institutions serving households (NPISH),S1,Total economy,P3,Final consumption expenditure,_Z,Not applicable,_Z,Not applicable,_T,Total,USD_EXC,"US dollars, exchange rate converted",V,Current prices,N,Non transformed data,T0102,Table 0102 - GDP identity from the expenditure side,2001,,130809.124,,,,F,Free (free for publication),1,One,A,Normal value,6,Millions,_Z,Not applicable
DATAFLOW,OECD.SDD.NAD:DSD_NAMAIN10@DF_TABLE1_EXPENDITURE(2.0),Annual GDP and components - expenditure approach,I,A,Annual,TUR,Türkiye,S1M,Households and non-profit institutions serving households (NPISH),S1,Total economy,P3,Final consumption expenditure,_Z,Not applicable,_Z,Not applicable,_T,Total,USD_EXC,"US dollars, exchange rate converted",V,Current prices,N,Non transformed data,T0102,Table 0102 - GDP identity from the expenditure side,2000,,183627.169,,,,F,Free (free for publication),1,One,A,Normal value,6,Millions,_Z,Not applicable
DATAFLOW,OECD.SDD.NAD:DSD_NAMAIN10@DF_TABLE1_EXPENDITURE(2.0),Annual GDP and components - expenditure approach,I,A,Annual,TUR,Türkiye,S1M,Households and non-profit institutions serving households (NPISH),S1,Total economy,P3,Final consumption expenditure,_Z,Not applicable,_Z,Not applicable,_T,Total,USD_EXC,"US dollars, exchange rate converted",V,Current prices,N,Non transformed data,T0102,Table 0102 - GDP identity from the expenditure side,1999,,169312.692,,,,F,Free (free for publication),1,One,A,Normal value,6,Millions,_Z,Not applicable
DATAFLOW,OECD.SDD.NAD:DSD_NAMAIN10@DF_TABLE1_EXPENDITURE(2.0),Annual GDP and components - expenditure approach,I,A,Annual,TUR,Türkiye,S1M,Households and non-profit institutions serving households (NPISH),S1,Total economy,P3,Final consumption expenditure,_Z,Not applicable,_Z,Not applicable,_T,Total,USD_EXC,"US dollars, exchange rate converted",V,Current prices,N,Non transformed data,T0102,Table 0102 - GDP identity from the expenditure side,1998,,178172.471,,,,F,Free (free for publication),1,One,A,Normal value,6,Millions,_Z,Not applicable
DATAFLOW,OECD.SDD.NAD:DSD_NAMAIN10@DF_TABLE1_EXPENDITURE(2.0),Annual GDP and components - expenditure approach,I,A,Annual,TUR,Türkiye,S1M,Households and non-profit institutions serving households (NPISH),S1,Total economy,P3,Final consumption expenditure,_Z,Not applicable,_Z,Not applicable,_T,Total,USD_EXC,"US dollars, exchange rate converted",V,Current prices,N,Non transformed data,T0102,Table 0102 - GDP identity from the expenditure side,1997,,166136.428,,,,F,Free (free for publication),1,One,E,Estimated value,6,Millions,_Z,Not applicable
DATAFLOW,OECD.SDD.NAD:DSD_NAMAIN10@DF_TABLE1_EXPENDITURE(2.0),Annual GDP and components - expenditure approach,I,A,Annual,TUR,Türkiye,S1M,Households and non-profit institutions serving households (NPISH),S1,Total economy,P3,Final consumption expenditure,_Z,Not applicable,_Z,Not applicable,_T,Total,USD_EXC,"US dollars, exchange rate converted",V,Current prices,N,Non transformed data,T0102,Table 0102 - GDP identity from the expenditure side,1996,,156992.469,,,,F,Free (free for publication),1,One,E,Estimated value,6,Millions,_Z,Not applicable
DATAFLOW,OECD.SDD.NAD:DSD_NAMAIN10@DF_TABLE1_EXPENDITURE(2.0),Annual GDP and components - expenditure approach,I,A,Annual,TUR,Türkiye,S1M,Households and non-profit institutions serving households (NPISH),S1,Total economy,P3,Final consumption expenditure,_Z,Not applicable,_Z,Not applicable,_T,Total,USD_EXC,"US dollars, exchange rate converted",V,Current prices,N,Non transformed data,T0102,Table 0102 - GDP identity from the expenditure side,1995,,153100.569,,,,F,Free (free for publication),1,One,E,Estimated value,6,Millions,_Z,Not applicable
DATAFLOW,OECD.SDD.NAD:DSD_NAMAIN10@DF_TABLE1_EXPENDITURE(2.0),Annual GDP and components - expenditure approach,I,A,Annual,TUR,Türkiye,S1M,Households and non-profit institutions serving households (NPISH),S1,Total economy,P3,Final consumption expenditure,_Z,Not applicable,_Z,Not applicable,_T,Total,USD_EXC,"US dollars, exchange rate converted",V,Current prices,N,Non transformed data,T0102,Table 0102 - GDP identity from the expenditure side,2016,,516664.305,,,,F,Free (free for publication),1,One,A,Normal value,6,Millions,_Z,Not applicable
DATAFLOW,OECD.SDD.NAD:DSD_NAMAIN10@DF_TABLE1_EXPENDITURE(2.0),Annual GDP and components - expenditure approach,I,A,Annual,TUR,Türkiye,S1M,Households and non-profit institutions serving households (NPISH),S1,Total economy,P3,Final consumption expenditure,_Z,Not applicable,_Z,Not applicable,_T,Total,USD_EXC,"US dollars, exchange rate converted",V,Current prices,N,Non transformed data,T0102,Table 0102 - GDP identity from the expenditure side,2015,,518775.192,,,,F,Free (free for publication),1,One,A,Normal value,6,Millions,_Z,Not applicable
DATAFLOW,OECD.SDD.NAD:DSD_NAMAIN10@DF_TABLE1_EXPENDITURE(2.0),Annual GDP and components - expenditure approach,I,A,Annual,TUR,Türkiye,S1M,Households and non-profit institutions serving households (NPISH),S1,Total economy,P3,Final consumption expenditure,_Z,Not applicable,_Z,Not applicable,_T,Total,USD_EXC,"US dollars, exchange rate converted",V,Current prices,N,Non transformed data,T0102,Table 0102 - GDP identity from the expenditure side,2014,,566813.821,,,,F,Free (free for publication),1,One,A,Normal value,6,Millions,_Z,Not applicable
DATAFLOW,OECD.SDD.NAD:DSD_NAMAIN10@DF_TABLE1_EXPENDITURE(2.0),Annual GDP and components - expenditure approach,I,A,Annual,TUR,Türkiye,S1M,Households and non-profit institutions serving households (NPISH),S1,Total economy,P3,Final consumption expenditure,_Z,Not applicable,_Z,Not applicable,_T,Total,USD_EXC,"US dollars, exchange rate converted",V,Current prices,N,Non transformed data,T0102,Table 0102 - GDP identity from the expenditure side,2013,,587163.679,,,,F,Free (free for publication),1,One,A,Normal value,6,Millions,_Z,Not applicable
DATAFLOW,OECD.SDD.NAD:DSD_NAMAIN10@DF_TABLE1_EXPENDITURE(2.0),Annual GDP and components - expenditure approach,I,A,Annual,TUR,Türkiye,S1M,Households and non-profit institutions serving households (NPISH),S1,Total economy,P3,Final consumption expenditure,_Z,Not applicable,_Z,Not applicable,_T,Total,USD_EXC,"US dollars, exchange rate converted",V,Current prices,N,Non transformed data,T0102,Table 0102 - GDP identity from the expenditure side,2012,,545152.773,,,,F,Free (free for publication),1,One,A,Normal value,6,Millions,_Z,Not applicable
DATAFLOW,OECD.SDD.NAD:DSD_NAMAIN10@DF_TABLE1_EXPENDITURE(2.0),Annual GDP and components - expenditure approach,I,A,Annual,TUR,Türkiye,S1M,Households and non-profit institutions serving households (NPISH),S1,Total economy,P3,Final consumption expenditure,_Z,Not applicable,_Z,Not applicable,_T,Total,USD_EXC,"US dollars, exchange rate converted",V,Current prices,N,Non transformed data,T0102,Table 0102 - GDP identity from the expenditure side,2011,,526028.293,,,,F,Free (free for publication),1,One,A,Normal value,6,Millions,_Z,Not applicable
DATAFLOW,OECD.SDD.NAD:DSD_NAMAIN10@DF_TABLE1_EXPENDITURE(2.0),Annual GDP and components - expenditure approach,I,A,Annual,TUR,Türkiye,S1M,Households and non-profit institutions serving households (NPISH),S1,Total economy,P3,Final consumption expenditure,_Z,Not applicable,_Z,Not applicable,_T,Total,USD_EXC,"US dollars, exchange rate converted",V,Current prices,N,Non transformed data,T0102,Table 0102 - GDP identity from the expenditure side,2010,,486996.417,,,,F,Free (free for publication),1,One,A,Normal value,6,Millions,_Z,Not applicable
DATAFLOW,OECD.SDD.NAD:DSD_NAMAIN10@DF_TABLE1_EXPENDITURE(2.0),Annual GDP and components - expenditure approach,I,A,Annual,CHL,Chile,S1M,Households and non-profit institutions serving households (NPISH),S1,Total economy,P3,Final consumption expenditure,_Z,Not applicable,_Z,Not applicable,_T,Total,USD_EXC,"US dollars, exchange rate converted",V,Current prices,N,Non transformed data,T0102,Table 0102 - GDP identity from the expenditure side,2017,,171561.887,,,,F,Free (free for publication),1,One,A,Normal value,6,Millions,_Z,Not applicable
DATAFLOW,OECD.SDD.NAD:DSD_NAMAIN10@DF_TABLE1_EXPENDITURE(2.0),Annual GDP and components - expenditure approach,I,A,Annual,CHL,Chile,S1M,Households and non-profit institutions serving households (NPISH),S1,Total economy,P3,Final consumption expenditure,_Z,Not applicable,_Z,Not applicable,_T,Total,USD_EXC,"US dollars, exchange rate converted",V,Current prices,N,Non transformed data,T0102,Table 0102 - GDP identity from the expenditure side,2018,,183325.136,,,,F,Free (free for publication),1,One,A,Normal value,6,Millions,_Z,Not applicable
DATAFLOW,OECD.SDD.NAD:DSD_NAMAIN10@DF_TABLE1_EXPENDITURE(2.0),Annual GDP and components - expenditure approach,I,A,Annual,TUR,Türkiye,S1M,Households and non-profit institutions serving households (NPISH),S1,Total economy,P3,Final consumption expenditure,_Z,Not applicable,_Z,Not applicable,_T,Total,USD_EXC,"US dollars, exchange rate converted",V,Current prices,N,Non transformed data,T0102,Table 0102 - GDP identity from the expenditure side,2006,,343810.478,,,,F,Free (free for publication),1,One,A,Normal value,6,Millions,_Z,Not applicable
DATAFLOW,OECD.SDD.NAD:DSD_NAMAIN10@DF_TABLE1_EXPENDITURE(2.0),Annual GDP and components - expenditure approach,I,A,Annual,IND,India,S1M,Households and non-profit institutions serving households (NPISH),S1,Total economy,P3,Final consumption expenditure,_Z,Not applicable,_Z,Not applicable,_T,Total,USD_EXC,"US dollars, exchange rate converted",V,Current prices,N,Non transformed data,T0102,Table 0102 - GDP identity from the expenditure side,1999,,291126.34,,,,F,Free (free for publication),1,One,E,Estimated value,6,Millions,_Z,Not applicable
DATAFLOW,OECD.SDD.NAD:DSD_NAMAIN10@DF_TABLE1_EXPENDITURE(2.0),Annual GDP and components - expenditure approach,I,A,Annual,IND,India,S1M,Households and non-profit institutions serving households (NPISH),S1,Total economy,P3,Final consumption expenditure,_Z,Not applicable,_Z,Not applicable,_T,Total,USD_EXC,"US dollars, exchange rate converted",V,Current prices,N,Non transformed data,T0102,Table 0102 - GDP identity from the expenditure side,1998,,269951.438,,,,F,Free (free for publication),1,One,E,Estimated value,6,Millions,_Z,Not applicable
DATAFLOW,OECD.SDD.NAD:DSD_NAMAIN10@DF_TABLE1_EXPENDITURE(2.0),Annual GDP and components - expenditure approach,I,A,Annual,IND,India,S1M,Households and non-profit institutions serving households (NPISH),S1,Total economy,P3,Final consumption expenditure,_Z,Not applicable,_Z,Not applicable,_T,Total,USD_EXC,"US dollars, exchange rate converted",V,Current prices,N,Non transformed data,T0102,Table 0102 - GDP identity from the expenditure side,1997,,267866.471,,,,F,Free (free for publication),1,One,E,Estimated value,6,Millions,_Z,Not applicable
DATAFLOW,OECD.SDD.NAD:DSD_NAMAIN10@DF_TABLE1_EXPENDITURE(2.0),Annual GDP and components - expenditure approach,I,A,Annual,IND,India,S1M,Households and non-profit institutions serving households (NPISH),S1,Total economy,P3,Final consumption expenditure,_Z,Not applicable,_Z,Not applicable,_T,Total,USD_EXC,"US dollars, exchange rate converted",V,Current prices,N,Non transformed data,T0102,Table 0102 - GDP identity from the expenditure side,1996,,250282.088,,,,F,Free (free for publication),1,One,E,Estimated value,6,Millions,_Z,Not applicable
DATAFLOW,OECD.SDD.NAD:DSD_NAMAIN10@DF_TABLE1_EXPENDITURE(2.0),Annual GDP and components - expenditure approach,I,A,Annual,IND,India,S1M,Households and non-profit institutions serving households (NPISH),S1,Total economy,P3,Final consumption expenditure,_Z,Not applicable,_Z,Not applicable,_T,Total,USD_EXC,"US dollars, exchange rate converted",V,Current prices,N,Non transformed data,T0102,Table 0102 - GDP identity from the expenditure side,1995,,233250.899,,,,F,Free (free for publication),1,One,E,Estimated value,6,Millions,_Z,Not applicable
DATAFLOW,OECD.SDD.NAD:DSD_NAMAIN10@DF_TABLE1_EXPENDITURE(2.0),Annual GDP and components - expenditure approach,I,A,Annual,IND,India,S1M,Households and non-profit institutions serving households (NPISH),S1,Total economy,P3,Final consumption expenditure,_Z,Not applicable,_Z,Not applicable,_T,Total,USD_EXC,"US dollars, exchange rate converted",V,Current prices,N,Non transformed data,T0102,Table 0102 - GDP identity from the expenditure side,2016,,1358209.829,,,,F,Free (free for publication),1,One,A,Normal value,6,Millions,_Z,Not applicable
DATAFLOW,OECD.SDD.NAD:DSD_NAMAIN10@DF_TABLE1_EXPENDITURE(2.0),Annual GDP and components - expenditure approach,I,A,Annual,IND,India,S1M,Households and non-profit institutions serving households (NPISH),S1,Total economy,P3,Final consumption expenditure,_Z,Not applicable,_Z,Not applicable,_T,Total,USD_EXC,"US dollars, exchange rate converted",V,Current prices,N,Non transformed data,T0102,Table 0102 - GDP identity from the expenditure side,2015,,1266743.884,,,,F,Free (free for publication),1,One,A,Normal value,6,Millions,_Z,Not applicable
DATAFLOW,OECD.SDD.NAD:DSD_NAMAIN10@DF_TABLE1_EXPENDITURE(2.0),Annual GDP and components - expenditure approach,I,A,Annual,IND,India,S1M,Households and non-profit institutions serving households (NPISH),S1,Total economy,P3,Final consumption expenditure,_Z,Not applicable,_Z,Not applicable,_T,Total,USD_EXC,"US dollars, exchange rate converted",V,Current prices,N,Non transformed data,T0102,Table 0102 - GDP identity from the expenditure side,2014,,1187513.971,,,,F,Free (free for publication),1,One,A,Normal value,6,Millions,_Z,Not applicable
DATAFLOW,OECD.SDD.NAD:DSD_NAMAIN10@DF_TABLE1_EXPENDITURE(2.0),Annual GDP and components - expenditure approach,I,A,Annual,IND,India,S1M,Households and non-profit institutions serving households (NPISH),S1,Total economy,P3,Final consumption expenditure,_Z,Not applicable,_Z,Not applicable,_T,Total,USD_EXC,"US dollars, exchange rate converted",V,Current prices,N,Non transformed data,T0102,Table 0102 - GDP identity from the expenditure side,2013,,1105100.254,,,,F,Free (free for publication),1,One,A,Normal value,6,Millions,_Z,Not applicable
DATAFLOW,OECD.SDD.NAD:DSD_NAMAIN10@DF_TABLE1_EXPENDITURE(2.0),Annual GDP and components - expenditure approach,I,A,Annual,IND,India,S1M,Households and non-profit institutions serving households (NPISH),S1,Total economy,P3,Final consumption expenditure,_Z,Not applicable,_Z,Not applicable,_T,Total,USD_EXC,"US dollars, exchange rate converted",V,Current prices,N,Non transformed data,T0102,Table 0102 - GDP identity from the expenditure side,2012,,1050669.005,,,,F,Free (free for publication),1,One,A,Normal value,6,Millions,_Z,Not applicable
DATAFLOW,OECD.SDD.NAD:DSD_NAMAIN10@DF_TABLE1_EXPENDITURE(2.0),Annual GDP and components - expenditure approach,I,A,Annual,IND,India,S1M,Households and non-profit institutions serving households (NPISH),S1,Total economy,P3,Final consumption expenditure,_Z,Not applicable,_Z,Not applicable,_T,Total,USD_EXC,"US dollars, exchange rate converted",V,Current prices,N,Non transformed data,T0102,Table 0102 - GDP identity from the expenditure side,2011,,1052153.026,,,,F,Free (free for publication),1,One,A,Normal value,6,Millions,_Z,Not applicable
DATAFLOW,OECD.SDD.NAD:DSD_NAMAIN10@DF_TABLE1_EXPENDITURE(2.0),Annual GDP and components - expenditure approach,I,A,Annual,IND,India,S1M,Households and non-profit institutions serving households (NPISH),S1,Total economy,P3,Final consumption expenditure,_Z,Not applicable,_Z,Not applicable,_T,Total,USD_EXC,"US dollars, exchange rate converted",V,Current prices,N,Non transformed data,T0102,Table 0102 - GDP identity from the expenditure side,2010,,910657.351,,,,F,Free (free for publication),1,One,E,Estimated value,6,Millions,_Z,Not applicable
DATAFLOW,OECD.SDD.NAD:DSD_NAMAIN10@DF_TABLE1_EXPENDITURE(2.0),Annual GDP and components - expenditure approach,I,A,Annual,IND,India,S1M,Households and non-profit institutions serving households (NPISH),S1,Total economy,P3,Final consumption expenditure,_Z,Not applicable,_Z,Not applicable,_T,Total,USD_EXC,"US dollars, exchange rate converted",V,Current prices,N,Non transformed data,T0102,Table 0102 - GDP identity from the expenditure side,2009,,731465.82,,,,F,Free (free for publication),1,One,E,Estimated value,6,Millions,_Z,Not applicable
DATAFLOW,OECD.SDD.NAD:DSD_NAMAIN10@DF_TABLE1_EXPENDITURE(2.0),Annual GDP and components - expenditure approach,I,A,Annual,IND,India,S1M,Households and non-profit institutions serving households (NPISH),S1,Total economy,P3,Final consumption expenditure,_Z,Not applicable,_Z,Not applicable,_T,Total,USD_EXC,"US dollars, exchange rate converted",V,Current prices,N,Non transformed data,T0102,Table 0102 - GDP identity from the expenditure side,2008,,713254.356,,,,F,Free (free for publication),1,One,E,Estimated value,6,Millions,_Z,Not applicable
DATAFLOW,OECD.SDD.NAD:DSD_NAMAIN10@DF_TABLE1_EXPENDITURE(2.0),Annual GDP and components - expenditure approach,I,A,Annual,IND,India,S1M,Households and non-profit institutions serving households (NPISH),S1,Total economy,P3,Final consumption expenditure,_Z,Not applicable,_Z,Not applicable,_T,Total,USD_EXC,"US dollars, exchange rate converted",V,Current prices,N,Non transformed data,T0102,Table 0102 - GDP identity from the expenditure side,2007,,656095.642,,,,F,Free (free for publication),1,One,E,Estimated value,6,Millions,_Z,Not applicable
DATAFLOW,OECD.SDD.NAD:DSD_NAMAIN10@DF_TABLE1_EXPENDITURE(2.0),Annual GDP and components - expenditure approach,I,A,Annual,IND,India,S1M,Households and non-profit institutions serving households (NPISH),S1,Total economy,P3,Final consumption expenditure,_Z,Not applicable,_Z,Not applicable,_T,Total,USD_EXC,"US dollars, exchange rate converted",V,Current prices,N,Non transformed data,T0102,Table 0102 - GDP identity from the expenditure side,2020,,1637051.557,,,,F,Free (free for publication),1,One,A,Normal value,6,Millions,_Z,Not applicable
DATAFLOW,OECD.SDD.NAD:DSD_NAMAIN10@DF_TABLE1_EXPENDITURE(2.0),Annual GDP and components - expenditure approach,I,A,Annual,IND,India,S1M,Households and non-profit institutions serving households (NPISH),S1,Total economy,P3,Final consumption expenditure,_Z,Not applicable,_Z,Not applicable,_T,Total,USD_EXC,"US dollars, exchange rate converted",V,Current prices,N,Non transformed data,T0102,Table 0102 - GDP identity from the expenditure side,2019,,1738894.924,,,,F,Free (free for publication),1,One,A,Normal value,6,Millions,_Z,Not applicable
DATAFLOW,OECD.SDD.NAD:DSD_NAMAIN10@DF_TABLE1_EXPENDITURE(2.0),Annual GDP and components - expenditure approach,I,A,Annual,IND,India,S1M,Households and non-profit institutions serving households (NPISH),S1,Total economy,P3,Final consumption expenditure,_Z,Not applicable,_Z,Not applicable,_T,Total,USD_EXC,"US dollars, exchange rate converted",V,Current prices,N,Non transformed data,T0102,Table 0102 - GDP identity from the expenditure side,2018,,1638453.539,,,,F,Free (free for publication),1,One,A,Normal value,6,Millions,_Z,Not applicable
DATAFLOW,OECD.SDD.NAD:DSD_NAMAIN10@DF_TABLE1_EXPENDITURE(2.0),Annual GDP and components - expenditure approach,I,A,Annual,IND,India,S1M,Households and non-profit institutions serving households (NPISH),S1,Total economy,P3,Final consumption expenditure,_Z,Not applicable,_Z,Not applicable,_T,Total,USD_EXC,"US dollars, exchange rate converted",V,Current prices,N,Non transformed data,T0102,Table 0102 - GDP identity from the expenditure side,2017,,1541141.156,,,,F,Free (free for publication),1,One,A,Normal value,6,Millions,_Z,Not applicable
DATAFLOW,OECD.SDD.NAD:DSD_NAMAIN10@DF_TABLE1_EXPENDITURE(2.0),Annual GDP and components - expenditure approach,I,A,Annual,IND,India,S1M,Households and non-profit institutions serving households (NPISH),S1,Total economy,P3,Final consumption expenditure,_Z,Not applicable,_Z,Not applicable,_T,Total,USD_EXC,"US dollars, exchange rate converted",V,Current prices,N,Non transformed data,T0102,Table 0102 - GDP identity from the expenditure side,2006,,522035.449,,,,F,Free (free for publication),1,One,E,Estimated value,6,Millions,_Z,Not applicable
DATAFLOW,OECD.SDD.NAD:DSD_NAMAIN10@DF_TABLE1_EXPENDITURE(2.0),Annual GDP and components - expenditure approach,I,A,Annual,CMR,Cameroon,S1M,Households and non-profit institutions serving households (NPISH),S1,Total economy,P3,Final consumption expenditure,_Z,Not applicable,_Z,Not applicable,_T,Total,USD_EXC,"US dollars, exchange rate converted",V,Current prices,N,Non transformed data,T0102,Table 0102 - GDP identity from the expenditure side,2004,,13343.898,,,,F,Free (free for publication),1,One,A,Normal value,6,Millions,_Z,Not applicable
DATAFLOW,OECD.SDD.NAD:DSD_NAMAIN10@DF_TABLE1_EXPENDITURE(2.0),Annual GDP and components - expenditure approach,I,A,Annual,CMR,Cameroon,S1M,Households and non-profit institutions serving households (NPISH),S1,Total economy,P3,Final consumption expenditure,_Z,Not applicable,_Z,Not applicable,_T,Total,USD_EXC,"US dollars, exchange rate converted",V,Current prices,N,Non transformed data,T0102,Table 0102 - GDP identity from the expenditure side,2003,,11511.468,,,,F,Free (free for publication),1,One,A,Normal value,6,Millions,_Z,Not applicable
DATAFLOW,OECD.SDD.NAD:DSD_NAMAIN10@DF_TABLE1_EXPENDITURE(2.0),Annual GDP and components - expenditure approach,I,A,Annual,CMR,Cameroon,S1M,Households and non-profit institutions serving households (NPISH),S1,Total economy,P3,Final consumption expenditure,_Z,Not applicable,_Z,Not applicable,_T,Total,USD_EXC,"US dollars, exchange rate converted",V,Current prices,N,Non transformed data,T0102,Table 0102 - GDP identity from the expenditure side,2002,,8928.905,,,,F,Free (free for publication),1,One,A,Normal value,6,Millions,_Z,Not applicable
DATAFLOW,OECD.SDD.NAD:DSD_NAMAIN10@DF_TABLE1_EXPENDITURE(2.0),Annual GDP and components - expenditure approach,I,A,Annual,CMR,Cameroon,S1M,Households and non-profit institutions serving households (NPISH),S1,Total economy,P3,Final consumption expenditure,_Z,Not applicable,_Z,Not applicable,_T,Total,USD_EXC,"US dollars, exchange rate converted",V,Current prices,N,Non transformed data,T0102,Table 0102 - GDP identity from the expenditure side,2001,,7733.665,,,,F,Free (free for publication),1,One,A,Normal value,6,Millions,_Z,Not applicable
DATAFLOW,OECD.SDD.NAD:DSD_NAMAIN10@DF_TABLE1_EXPENDITURE(2.0),Annual GDP and components - expenditure approach,I,A,Annual,CMR,Cameroon,S1M,Households and non-profit institutions serving households (NPISH),S1,Total economy,P3,Final consumption expenditure,_Z,Not applicable,_Z,Not applicable,_T,Total,USD_EXC,"US dollars, exchange rate converted",V,Current prices,N,Non transformed data,T0102,Table 0102 - GDP identity from the expenditure side,2000,,7420.895,,,,F,Free (free for publication),1,One,A,Normal value,6,Millions,_Z,Not applicable
DATAFLOW,OECD.SDD.NAD:DSD_NAMAIN10@DF_TABLE1_EXPENDITURE(2.0),Annual GDP and components - expenditure approach,I,A,Annual,CMR,Cameroon,S1M,Households and non-profit institutions serving households (NPISH),S1,Total economy,P3,Final consumption expenditure,_Z,Not applicable,_Z,Not applicable,_T,Total,USD_EXC,"US dollars, exchange rate converted",V,Current prices,N,Non transformed data,T0102,Table 0102 - GDP identity from the expenditure side,1999,,8055.26,,,,F,Free (free for publication),1,One,A,Normal value,6,Millions,_Z,Not applicable
DATAFLOW,OECD.SDD.NAD:DSD_NAMAIN10@DF_TABLE1_EXPENDITURE(2.0),Annual GDP and components - expenditure approach,I,A,Annual,CMR,Cameroon,S1M,Households and non-profit institutions serving households (NPISH),S1,Total economy,P3,Final consumption expenditure,_Z,Not applicable,_Z,Not applicable,_T,Total,USD_EXC,"US dollars, exchange rate converted",V,Current prices,N,Non transformed data,T0102,Table 0102 - GDP identity from the expenditure side,1998,,7832.462,,,,F,Free (free for publication),1,One,A,Normal value,6,Millions,_Z,Not applicable
DATAFLOW,OECD.SDD.NAD:DSD_NAMAIN10@DF_TABLE1_EXPENDITURE(2.0),Annual GDP and components - expenditure approach,I,A,Annual,CMR,Cameroon,S1M,Households and non-profit institutions serving households (NPISH),S1,Total economy,P3,Final consumption expenditure,_Z,Not applicable,_Z,Not applicable,_T,Total,USD_EXC,"US dollars, exchange rate converted",V,Current prices,N,Non transformed data,T0102,Table 0102 - GDP identity from the expenditure side,1997,,7189.544,,,,F,Free (free for publication),1,One,A,Normal value,6,Millions,_Z,Not applicable
DATAFLOW,OECD.SDD.NAD:DSD_NAMAIN10@DF_TABLE1_EXPENDITURE(2.0),Annual GDP and components - expenditure approach,I,A,Annual,CMR,Cameroon,S1M,Households and non-profit institutions serving households (NPISH),S1,Total economy,P3,Final consumption expenditure,_Z,Not applicable,_Z,Not applicable,_T,Total,USD_EXC,"US dollars, exchange rate converted",V,Current prices,N,Non transformed data,T0102,Table 0102 - GDP identity from the expenditure side,1996,,7510.09,,,,F,Free (free for publication),1,One,A,Normal value,6,Millions,_Z,Not applicable
DATAFLOW,OECD.SDD.NAD:DSD_NAMAIN10@DF_TABLE1_EXPENDITURE(2.0),Annual GDP and components - expenditure approach,I,A,Annual,CMR,Cameroon,S1M,Households and non-profit institutions serving households (NPISH),S1,Total economy,P3,Final consumption expenditure,_Z,Not applicable,_Z,Not applicable,_T,Total,USD_EXC,"US dollars, exchange rate converted",V,Current prices,N,Non transformed data,T0102,Table 0102 - GDP identity from the expenditure side,1995,,7071.828,,,,F,Free (free for publication),1,One,A,Normal value,6,Millions,_Z,Not applicable
DATAFLOW,OECD.SDD.NAD:DSD_NAMAIN10@DF_TABLE1_EXPENDITURE(2.0),Annual GDP and components - expenditure approach,I,A,Annual,CMR,Cameroon,S1M,Households and non-profit institutions serving households (NPISH),S1,Total economy,P3,Final consumption expenditure,_Z,Not applicable,_Z,Not applicable,_T,Total,USD_EXC,"US dollars, exchange rate converted",V,Current prices,N,Non transformed data,T0102,Table 0102 - GDP identity from the expenditure side,2016,,23939.291,,,,F,Free (free for publication),1,One,A,Normal value,6,Millions,_Z,Not applicable
DATAFLOW,OECD.SDD.NAD:DSD_NAMAIN10@DF_TABLE1_EXPENDITURE(2.0),Annual GDP and components - expenditure approach,I,A,Annual,CMR,Cameroon,S1M,Households and non-profit institutions serving households (NPISH),S1,Total economy,P3,Final consumption expenditure,_Z,Not applicable,_Z,Not applicable,_T,Total,USD_EXC,"US dollars, exchange rate converted",V,Current prices,N,Non transformed data,T0102,Table 0102 - GDP identity from the expenditure side,2015,,23532.186,,,,F,Free (free for publication),1,One,A,Normal value,6,Millions,_Z,Not applicable
DATAFLOW,OECD.SDD.NAD:DSD_NAMAIN10@DF_TABLE1_EXPENDITURE(2.0),Annual GDP and components - expenditure approach,I,A,Annual,CMR,Cameroon,S1M,Households and non-profit institutions serving households (NPISH),S1,Total economy,P3,Final consumption expenditure,_Z,Not applicable,_Z,Not applicable,_T,Total,USD_EXC,"US dollars, exchange rate converted",V,Current prices,N,Non transformed data,T0102,Table 0102 - GDP identity from the expenditure side,2014,,26134.88,,,,F,Free (free for publication),1,One,A,Normal value,6,Millions,_Z,Not applicable
DATAFLOW,OECD.SDD.NAD:DSD_NAMAIN10@DF_TABLE1_EXPENDITURE(2.0),Annual GDP and components - expenditure approach,I,A,Annual,CMR,Cameroon,S1M,Households and non-profit institutions serving households (NPISH),S1,Total economy,P3,Final consumption expenditure,_Z,Not applicable,_Z,Not applicable,_T,Total,USD_EXC,"US dollars, exchange rate converted",V,Current prices,N,Non transformed data,T0102,Table 0102 - GDP identity from the expenditure side,2013,,24109.342,,,,F,Free (free for publication),1,One,A,Normal value,6,Millions,_Z,Not applicable
DATAFLOW,OECD.SDD.NAD:DSD_NAMAIN10@DF_TABLE1_EXPENDITURE(2.0),Annual GDP and components - expenditure approach,I,A,Annual,CMR,Cameroon,S1M,Households and non-profit institutions serving households (NPISH),S1,Total economy,P3,Final consumption expenditure,_Z,Not applicable,_Z,Not applicable,_T,Total,USD_EXC,"US dollars, exchange rate converted",V,Current prices,N,Non transformed data,T0102,Table 0102 - GDP identity from the expenditure side,2012,,21718.844,,,,F,Free (free for publication),1,One,A,Normal value,6,Millions,_Z,Not applicable
DATAFLOW,OECD.SDD.NAD:DSD_NAMAIN10@DF_TABLE1_EXPENDITURE(2.0),Annual GDP and components - expenditure approach,I,A,Annual,CMR,Cameroon,S1M,Households and non-profit institutions serving households (NPISH),S1,Total economy,P3,Final consumption expenditure,_Z,Not applicable,_Z,Not applicable,_T,Total,USD_EXC,"US dollars, exchange rate converted",V,Current prices,N,Non transformed data,T0102,Table 0102 - GDP identity from the expenditure side,2011,,22138.646,,,,F,Free (free for publication),1,One,A,Normal value,6,Millions,_Z,Not applicable
DATAFLOW,OECD.SDD.NAD:DSD_NAMAIN10@DF_TABLE1_EXPENDITURE(2.0),Annual GDP and components - expenditure approach,I,A,Annual,CMR,Cameroon,S1M,Households and non-profit institutions serving households (NPISH),S1,Total economy,P3,Final consumption expenditure,_Z,Not applicable,_Z,Not applicable,_T,Total,USD_EXC,"US dollars, exchange rate converted",V,Current prices,N,Non transformed data,T0102,Table 0102 - GDP identity from the expenditure side,2010,,20041.774,,,,F,Free (free for publication),1,One,A,Normal value,6,Millions,_Z,Not applicable
DATAFLOW,OECD.SDD.NAD:DSD_NAMAIN10@DF_TABLE1_EXPENDITURE(2.0),Annual GDP and components - expenditure approach,I,A,Annual,CMR,Cameroon,S1M,Households and non-profit institutions serving households (NPISH),S1,Total economy,P3,Final consumption expenditure,_Z,Not applicable,_Z,Not applicable,_T,Total,USD_EXC,"US dollars, exchange rate converted",V,Current prices,N,Non transformed data,T0102,Table 0102 - GDP identity from the expenditure side,2009,,20444.399,,,,F,Free (free for publication),1,One,A,Normal value,6,Millions,_Z,Not applicable
DATAFLOW,OECD.SDD.NAD:DSD_NAMAIN10@DF_TABLE1_EXPENDITURE(2.0),Annual GDP and components - expenditure approach,I,A,Annual,CMR,Cameroon,S1M,Households and non-profit institutions serving households (NPISH),S1,Total economy,P3,Final consumption expenditure,_Z,Not applicable,_Z,Not applicable,_T,Total,USD_EXC,"US dollars, exchange rate converted",V,Current prices,N,Non transformed data,T0102,Table 0102 - GDP identity from the expenditure side,2008,,19986.093,,,,F,Free (free for publication),1,One,A,Normal value,6,Millions,_Z,Not applicable
DATAFLOW,OECD.SDD.NAD:DSD_NAMAIN10@DF_TABLE1_EXPENDITURE(2.0),Annual GDP and components - expenditure approach,I,A,Annual,CMR,Cameroon,S1M,Households and non-profit institutions serving households (NPISH),S1,Total economy,P3,Final consumption expenditure,_Z,Not applicable,_Z,Not applicable,_T,Total,USD_EXC,"US dollars, exchange rate converted",V,Current prices,N,Non transformed data,T0102,Table 0102 - GDP identity from the expenditure side,2007,,16943.447,,,,F,Free (free for publication),1,One,A,Normal value,6,Millions,_Z,Not applicable
DATAFLOW,OECD.SDD.NAD:DSD_NAMAIN10@DF_TABLE1_EXPENDITURE(2.0),Annual GDP and components - expenditure approach,I,A,Annual,CMR,Cameroon,S1M,Households and non-profit institutions serving households (NPISH),S1,Total economy,P3,Final consumption expenditure,_Z,Not applicable,_Z,Not applicable,_T,Total,USD_EXC,"US dollars, exchange rate converted",V,Current prices,N,Non transformed data,T0102,Table 0102 - GDP identity from the expenditure side,2020,,29901.717,,,,F,Free (free for publication),1,One,A,Normal value,6,Millions,_Z,Not applicable
DATAFLOW,OECD.SDD.NAD:DSD_NAMAIN10@DF_TABLE1_EXPENDITURE(2.0),Annual GDP and components - expenditure approach,I,A,Annual,CMR,Cameroon,S1M,Households and non-profit institutions serving households (NPISH),S1,Total economy,P3,Final consumption expenditure,_Z,Not applicable,_Z,Not applicable,_T,Total,USD_EXC,"US dollars, exchange rate converted",V,Current prices,N,Non transformed data,T0102,Table 0102 - GDP identity from the expenditure side,2019,,28819.907,,,,F,Free (free for publication),1,One,A,Normal value,6,Millions,_Z,Not applicable
DATAFLOW,OECD.SDD.NAD:DSD_NAMAIN10@DF_TABLE1_EXPENDITURE(2.0),Annual GDP and components - expenditure approach,I,A,Annual,CMR,Cameroon,S1M,Households and non-profit institutions serving households (NPISH),S1,Total economy,P3,Final consumption expenditure,_Z,Not applicable,_Z,Not applicable,_T,Total,USD_EXC,"US dollars, exchange rate converted",V,Current prices,N,Non transformed data,T0102,Table 0102 - GDP identity from the expenditure side,2018,,28644.075,,,,F,Free (free for publication),1,One,A,Normal value,6,Millions,_Z,Not applicable
DATAFLOW,OECD.SDD.NAD:DSD_NAMAIN10@DF_TABLE1_EXPENDITURE(2.0),Annual GDP and components - expenditure approach,I,A,Annual,CMR,Cameroon,S1M,Households and non-profit institutions serving households (NPISH),S1,Total economy,P3,Final consumption expenditure,_Z,Not applicable,_Z,Not applicable,_T,Total,USD_EXC,"US dollars, exchange rate converted",V,Current prices,N,Non transformed data,T0102,Table 0102 - GDP identity from the expenditure side,2017,,25763.989,,,,F,Free (free for publication),1,One,A,Normal value,6,Millions,_Z,Not applicable
DATAFLOW,OECD.SDD.NAD:DSD_NAMAIN10@DF_TABLE1_EXPENDITURE(2.0),Annual GDP and components - expenditure approach,I,A,Annual,CMR,Cameroon,S1M,Households and non-profit institutions serving households (NPISH),S1,Total economy,P3,Final consumption expenditure,_Z,Not applicable,_Z,Not applicable,_T,Total,USD_EXC,"US dollars, exchange rate converted",V,Current prices,N,Non transformed data,T0102,Table 0102 - GDP identity from the expenditure side,2006,,14856.753,,,,F,Free (free for publication),1,One,A,Normal value,6,Millions,_Z,Not applicable
DATAFLOW,OECD.SDD.NAD:DSD_NAMAIN10@DF_TABLE1_EXPENDITURE(2.0),Annual GDP and components - expenditure approach,I,A,Annual,IDN,Indonesia,S1M,Households and non-profit institutions serving households (NPISH),S1,Total economy,P3,Final consumption expenditure,_Z,Not applicable,_Z,Not applicable,_T,Total,USD_EXC,"US dollars, exchange rate converted",V,Current prices,N,Non transformed data,T0102,Table 0102 - GDP identity from the expenditure side,2004,,176946.053,,,,F,Free (free for publication),1,One,E,Estimated value,6,Millions,_Z,Not applicable
DATAFLOW,OECD.SDD.NAD:DSD_NAMAIN10@DF_TABLE1_EXPENDITURE(2.0),Annual GDP and components - expenditure approach,I,A,Annual,IDN,Indonesia,S1M,Households and non-profit institutions serving households (NPISH),S1,Total economy,P3,Final consumption expenditure,_Z,Not applicable,_Z,Not applicable,_T,Total,USD_EXC,"US dollars, exchange rate converted",V,Current prices,N,Non transformed data,T0102,Table 0102 - GDP identity from the expenditure side,2003,,165062.591,,,,F,Free (free for publication),1,One,E,Estimated value,6,Millions,_Z,Not applicable
DATAFLOW,OECD.SDD.NAD:DSD_NAMAIN10@DF_TABLE1_EXPENDITURE(2.0),Annual GDP and components - expenditure approach,I,A,Annual,IDN,Indonesia,S1M,Households and non-profit institutions serving households (NPISH),S1,Total economy,P3,Final consumption expenditure,_Z,Not applicable,_Z,Not applicable,_T,Total,USD_EXC,"US dollars, exchange rate converted",V,Current prices,N,Non transformed data,T0102,Table 0102 - GDP identity from the expenditure side,2002,,136522.724,,,,F,Free (free for publication),1,One,E,Estimated value,6,Millions,_Z,Not applicable
DATAFLOW,OECD.SDD.NAD:DSD_NAMAIN10@DF_TABLE1_EXPENDITURE(2.0),Annual GDP and components - expenditure approach,I,A,Annual,IDN,Indonesia,S1M,Households and non-profit institutions serving households (NPISH),S1,Total economy,P3,Final consumption expenditure,_Z,Not applicable,_Z,Not applicable,_T,Total,USD_EXC,"US dollars, exchange rate converted",V,Current prices,N,Non transformed data,T0102,Table 0102 - GDP identity from the expenditure side,2001,,104548.529,,,,F,Free (free for publication),1,One,E,Estimated value,6,Millions,_Z,Not applicable
DATAFLOW,OECD.SDD.NAD:DSD_NAMAIN10@DF_TABLE1_EXPENDITURE(2.0),Annual GDP and components - expenditure approach,I,A,Annual,IDN,Indonesia,S1M,Households and non-profit institutions serving households (NPISH),S1,Total economy,P3,Final consumption expenditure,_Z,Not applicable,_Z,Not applicable,_T,Total,USD_EXC,"US dollars, exchange rate converted",V,Current prices,N,Non transformed data,T0102,Table 0102 - GDP identity from the expenditure side,2000,,104975.265,,,,F,Free (free for publication),1,One,E,Estimated value,6,Millions,_Z,Not applicable
DATAFLOW,OECD.SDD.NAD:DSD_NAMAIN10@DF_TABLE1_EXPENDITURE(2.0),Annual GDP and components - expenditure approach,I,A,Annual,IDN,Indonesia,S1M,Households and non-profit institutions serving households (NPISH),S1,Total economy,P3,Final consumption expenditure,_Z,Not applicable,_Z,Not applicable,_T,Total,USD_EXC,"US dollars, exchange rate converted",V,Current prices,N,Non transformed data,T0102,Table 0102 - GDP identity from the expenditure side,1999,,107569.105,,,,F,Free (free for publication),1,One,E,Estimated value,6,Millions,_Z,Not applicable
DATAFLOW,OECD.SDD.NAD:DSD_NAMAIN10@DF_TABLE1_EXPENDITURE(2.0),Annual GDP and components - expenditure approach,I,A,Annual,IDN,Indonesia,S1M,Households and non-profit institutions serving households (NPISH),S1,Total economy,P3,Final consumption expenditure,_Z,Not applicable,_Z,Not applicable,_T,Total,USD_EXC,"US dollars, exchange rate converted",V,Current prices,N,Non transformed data,T0102,Table 0102 - GDP identity from the expenditure side,1998,,67223.193,,,,F,Free (free for publication),1,One,E,Estimated value,6,Millions,_Z,Not applicable
DATAFLOW,OECD.SDD.NAD:DSD_NAMAIN10@DF_TABLE1_EXPENDITURE(2.0),Annual GDP and components - expenditure approach,I,A,Annual,IDN,Indonesia,S1M,Households and non-profit institutions serving households (NPISH),S1,Total economy,P3,Final consumption expenditure,_Z,Not applicable,_Z,Not applicable,_T,Total,USD_EXC,"US dollars, exchange rate converted",V,Current prices,N,Non transformed data,T0102,Table 0102 - GDP identity from the expenditure side,1997,,138278.807,,,,F,Free (free for publication),1,One,E,Estimated value,6,Millions,_Z,Not applicable
DATAFLOW,OECD.SDD.NAD:DSD_NAMAIN10@DF_TABLE1_EXPENDITURE(2.0),Annual GDP and components - expenditure approach,I,A,Annual,IDN,Indonesia,S1M,Households and non-profit institutions serving households (NPISH),S1,Total economy,P3,Final consumption expenditure,_Z,Not applicable,_Z,Not applicable,_T,Total,USD_EXC,"US dollars, exchange rate converted",V,Current prices,N,Non transformed data,T0102,Table 0102 - GDP identity from the expenditure side,1996,,147323.935,,,,F,Free (free for publication),1,One,E,Estimated value,6,Millions,_Z,Not applicable
DATAFLOW,OECD.SDD.NAD:DSD_NAMAIN10@DF_TABLE1_EXPENDITURE(2.0),Annual GDP and components - expenditure approach,I,A,Annual,IDN,Indonesia,S1M,Households and non-profit institutions serving households (NPISH),S1,Total economy,P3,Final consumption expenditure,_Z,Not applicable,_Z,Not applicable,_T,Total,USD_EXC,"US dollars, exchange rate converted",V,Current prices,N,Non transformed data,T0102,Table 0102 - GDP identity from the expenditure side,1995,,129332.038,,,,F,Free (free for publication),1,One,E,Estimated value,6,Millions,_Z,Not applicable
DATAFLOW,OECD.SDD.NAD:DSD_NAMAIN10@DF_TABLE1_EXPENDITURE(2.0),Annual GDP and components - expenditure approach,I,A,Annual,IDN,Indonesia,S1M,Households and non-profit institutions serving households (NPISH),S1,Total economy,P3,Final consumption expenditure,_Z,Not applicable,_Z,Not applicable,_T,Total,USD_EXC,"US dollars, exchange rate converted",V,Current prices,N,Non transformed data,T0102,Table 0102 - GDP identity from the expenditure side,2015,,494560.911,,,,F,Free (free for publication),1,One,A,Normal value,6,Millions,_Z,Not applicable
DATAFLOW,OECD.SDD.NAD:DSD_NAMAIN10@DF_TABLE1_EXPENDITURE(2.0),Annual GDP and components - expenditure approach,I,A,Annual,IDN,Indonesia,S1M,Households and non-profit institutions serving households (NPISH),S1,Total economy,P3,Final consumption expenditure,_Z,Not applicable,_Z,Not applicable,_T,Total,USD_EXC,"US dollars, exchange rate converted",V,Current prices,N,Non transformed data,T0102,Table 0102 - GDP identity from the expenditure side,2014,,509003.682,,,,F,Free (free for publication),1,One,A,Normal value,6,Millions,_Z,Not applicable
DATAFLOW,OECD.SDD.NAD:DSD_NAMAIN10@DF_TABLE1_EXPENDITURE(2.0),Annual GDP and components - expenditure approach,I,A,Annual,IDN,Indonesia,S1M,Households and non-profit institutions serving households (NPISH),S1,Total economy,P3,Final consumption expenditure,_Z,Not applicable,_Z,Not applicable,_T,Total,USD_EXC,"US dollars, exchange rate converted",V,Current prices,N,Non transformed data,T0102,Table 0102 - GDP identity from the expenditure side,2013,,518582.561,,,,F,Free (free for publication),1,One,A,Normal value,6,Millions,_Z,Not applicable
DATAFLOW,OECD.SDD.NAD:DSD_NAMAIN10@DF_TABLE1_EXPENDITURE(2.0),Annual GDP and components - expenditure approach,I,A,Annual,IDN,Indonesia,S1M,Households and non-profit institutions serving households (NPISH),S1,Total economy,P3,Final consumption expenditure,_Z,Not applicable,_Z,Not applicable,_T,Total,USD_EXC,"US dollars, exchange rate converted",V,Current prices,N,Non transformed data,T0102,Table 0102 - GDP identity from the expenditure side,2012,,517579.928,,,,F,Free (free for publication),1,One,A,Normal value,6,Millions,_Z,Not applicable
DATAFLOW,OECD.SDD.NAD:DSD_NAMAIN10@DF_TABLE1_EXPENDITURE(2.0),Annual GDP and components - expenditure approach,I,A,Annual,IDN,Indonesia,S1M,Households and non-profit institutions serving households (NPISH),S1,Total economy,P3,Final consumption expenditure,_Z,Not applicable,_Z,Not applicable,_T,Total,USD_EXC,"US dollars, exchange rate converted",V,Current prices,N,Non transformed data,T0102,Table 0102 - GDP identity from the expenditure side,2011,,494913.451,,,,F,Free (free for publication),1,One,A,Normal value,6,Millions,_Z,Not applicable
DATAFLOW,OECD.SDD.NAD:DSD_NAMAIN10@DF_TABLE1_EXPENDITURE(2.0),Annual GDP and components - expenditure approach,I,A,Annual,IDN,Indonesia,S1M,Households and non-profit institutions serving households (NPISH),S1,Total economy,P3,Final consumption expenditure,_Z,Not applicable,_Z,Not applicable,_T,Total,USD_EXC,"US dollars, exchange rate converted",V,Current prices,N,Non transformed data,T0102,Table 0102 - GDP identity from the expenditure side,2020,,624142.24,,,,F,Free (free for publication),1,One,A,Normal value,6,Millions,_Z,Not applicable
DATAFLOW,OECD.SDD.NAD:DSD_NAMAIN10@DF_TABLE1_EXPENDITURE(2.0),Annual GDP and components - expenditure approach,I,A,Annual,IDN,Indonesia,S1M,Households and non-profit institutions serving households (NPISH),S1,Total economy,P3,Final consumption expenditure,_Z,Not applicable,_Z,Not applicable,_T,Total,USD_EXC,"US dollars, exchange rate converted",V,Current prices,N,Non transformed data,T0102,Table 0102 - GDP identity from the expenditure side,2019,,648299.755,,,,F,Free (free for publication),1,One,A,Normal value,6,Millions,_Z,Not applicable
DATAFLOW,OECD.SDD.NAD:DSD_NAMAIN10@DF_TABLE1_EXPENDITURE(2.0),Annual GDP and components - expenditure approach,I,A,Annual,IDN,Indonesia,S1M,Households and non-profit institutions serving households (NPISH),S1,Total economy,P3,Final consumption expenditure,_Z,Not applicable,_Z,Not applicable,_T,Total,USD_EXC,"US dollars, exchange rate converted",V,Current prices,N,Non transformed data,T0102,Table 0102 - GDP identity from the expenditure side,2018,,593885.232,,,,F,Free (free for publication),1,One,A,Normal value,6,Millions,_Z,Not applicable
DATAFLOW,OECD.SDD.NAD:DSD_NAMAIN10@DF_TABLE1_EXPENDITURE(2.0),Annual GDP and components - expenditure approach,I,A,Annual,IDN,Indonesia,S1M,Households and non-profit institutions serving households (NPISH),S1,Total economy,P3,Final consumption expenditure,_Z,Not applicable,_Z,Not applicable,_T,Total,USD_EXC,"US dollars, exchange rate converted",V,Current prices,N,Non transformed data,T0102,Table 0102 - GDP identity from the expenditure side,2017,,581701.455,,,,F,Free (free for publication),1,One,A,Normal value,6,Millions,_Z,Not applicable
DATAFLOW,OECD.SDD.NAD:DSD_NAMAIN10@DF_TABLE1_EXPENDITURE(2.0),Annual GDP and components - expenditure approach,I,A,Annual,IDN,Indonesia,S1M,Households and non-profit institutions serving households (NPISH),S1,Total economy,P3,Final consumption expenditure,_Z,Not applicable,_Z,Not applicable,_T,Total,USD_EXC,"US dollars, exchange rate converted",V,Current prices,N,Non transformed data,T0102,Table 0102 - GDP identity from the expenditure side,2007,,283386.523,,,,F,Free (free for publication),1,One,E,Estimated value,6,Millions,_Z,Not applicable
DATAFLOW,OECD.SDD.NAD:DSD_NAMAIN10@DF_TABLE1_EXPENDITURE(2.0),Annual GDP and components - expenditure approach,I,A,Annual,IDN,Indonesia,S1M,Households and non-profit institutions serving households (NPISH),S1,Total economy,P3,Final consumption expenditure,_Z,Not applicable,_Z,Not applicable,_T,Total,USD_EXC,"US dollars, exchange rate converted",V,Current prices,N,Non transformed data,T0102,Table 0102 - GDP identity from the expenditure side,2010,,424492.61,,,,F,Free (free for publication),1,One,A,Normal value,6,Millions,_Z,Not applicable
DATAFLOW,OECD.SDD.NAD:DSD_NAMAIN10@DF_TABLE1_EXPENDITURE(2.0),Annual GDP and components - expenditure approach,I,A,Annual,IDN,Indonesia,S1M,Households and non-profit institutions serving households (NPISH),S1,Total economy,P3,Final consumption expenditure,_Z,Not applicable,_Z,Not applicable,_T,Total,USD_EXC,"US dollars, exchange rate converted",V,Current prices,N,Non transformed data,T0102,Table 0102 - GDP identity from the expenditure side,2009,,330668.62,,,,F,Free (free for publication),1,One,A,Normal value,6,Millions,_Z,Not applicable
DATAFLOW,OECD.SDD.NAD:DSD_NAMAIN10@DF_TABLE1_EXPENDITURE(2.0),Annual GDP and components - expenditure approach,I,A,Annual,IDN,Indonesia,S1M,Households and non-profit institutions serving households (NPISH),S1,Total economy,P3,Final consumption expenditure,_Z,Not applicable,_Z,Not applicable,_T,Total,USD_EXC,"US dollars, exchange rate converted",V,Current prices,N,Non transformed data,T0102,Table 0102 - GDP identity from the expenditure side,2008,,319155.075,,,,F,Free (free for publication),1,One,A,Normal value,6,Millions,_Z,Not applicable
DATAFLOW,OECD.SDD.NAD:DSD_NAMAIN10@DF_TABLE1_EXPENDITURE(2.0),Annual GDP and components - expenditure approach,I,A,Annual,IDN,Indonesia,S1M,Households and non-profit institutions serving households (NPISH),S1,Total economy,P3,Final consumption expenditure,_Z,Not applicable,_Z,Not applicable,_T,Total,USD_EXC,"US dollars, exchange rate converted",V,Current prices,N,Non transformed data,T0102,Table 0102 - GDP identity from the expenditure side,2016,,538874.867,,,,F,Free (free for publication),1,One,A,Normal value,6,Millions,_Z,Not applicable
DATAFLOW,OECD.SDD.NAD:DSD_NAMAIN10@DF_TABLE1_EXPENDITURE(2.0),Annual GDP and components - expenditure approach,I,A,Annual,IDN,Indonesia,S1M,Households and non-profit institutions serving households (NPISH),S1,Total economy,P3,Final consumption expenditure,_Z,Not applicable,_Z,Not applicable,_T,Total,USD_EXC,"US dollars, exchange rate converted",V,Current prices,N,Non transformed data,T0102,Table 0102 - GDP identity from the expenditure side,2006,,235747.299,,,,F,Free (free for publication),1,One,E,Estimated value,6,Millions,_Z,Not applicable
DATAFLOW,OECD.SDD.NAD:DSD_NAMAIN10@DF_TABLE1_EXPENDITURE(2.0),Annual GDP and components - expenditure approach,I,A,Annual,MAR,Morocco,S1M,Households and non-profit institutions serving households (NPISH),S1,Total economy,P3,Final consumption expenditure,_Z,Not applicable,_Z,Not applicable,_T,Total,USD_EXC,"US dollars, exchange rate converted",V,Current prices,N,Non transformed data,T0102,Table 0102 - GDP identity from the expenditure side,2014,,73561.174,,,,F,Free (free for publication),1,One,A,Normal value,6,Millions,_Z,Not applicable
DATAFLOW,OECD.SDD.NAD:DSD_NAMAIN10@DF_TABLE1_EXPENDITURE(2.0),Annual GDP and components - expenditure approach,I,A,Annual,MAR,Morocco,S1M,Households and non-profit institutions serving households (NPISH),S1,Total economy,P3,Final consumption expenditure,_Z,Not applicable,_Z,Not applicable,_T,Total,USD_EXC,"US dollars, exchange rate converted",V,Current prices,N,Non transformed data,T0102,Table 0102 - GDP identity from the expenditure side,2012,,66056.495,,,,F,Free (free for publication),1,One,E,Estimated value,6,Millions,_Z,Not applicable
DATAFLOW,OECD.SDD.NAD:DSD_NAMAIN10@DF_TABLE1_EXPENDITURE(2.0),Annual GDP and components - expenditure approach,I,A,Annual,MAR,Morocco,S1M,Households and non-profit institutions serving households (NPISH),S1,Total economy,P3,Final consumption expenditure,_Z,Not applicable,_Z,Not applicable,_T,Total,USD_EXC,"US dollars, exchange rate converted",V,Current prices,N,Non transformed data,T0102,Table 0102 - GDP identity from the expenditure side,2011,,67172.287,,,,F,Free (free for publication),1,One,E,Estimated value,6,Millions,_Z,Not applicable
DATAFLOW,OECD.SDD.NAD:DSD_NAMAIN10@DF_TABLE1_EXPENDITURE(2.0),Annual GDP and components - expenditure approach,I,A,Annual,MAR,Morocco,S1M,Households and non-profit institutions serving households (NPISH),S1,Total economy,P3,Final consumption expenditure,_Z,Not applicable,_Z,Not applicable,_T,Total,USD_EXC,"US dollars, exchange rate converted",V,Current prices,N,Non transformed data,T0102,Table 0102 - GDP identity from the expenditure side,2010,,60950.271,,,,F,Free (free for publication),1,One,E,Estimated value,6,Millions,_Z,Not applicable
DATAFLOW,OECD.SDD.NAD:DSD_NAMAIN10@DF_TABLE1_EXPENDITURE(2.0),Annual GDP and components - expenditure approach,I,A,Annual,MAR,Morocco,S1M,Households and non-profit institutions serving households (NPISH),S1,Total economy,P3,Final consumption expenditure,_Z,Not applicable,_Z,Not applicable,_T,Total,USD_EXC,"US dollars, exchange rate converted",V,Current prices,N,Non transformed data,T0102,Table 0102 - GDP identity from the expenditure side,2009,,60599.856,,,,F,Free (free for publication),1,One,E,Estimated value,6,Millions,_Z,Not applicable
DATAFLOW,OECD.SDD.NAD:DSD_NAMAIN10@DF_TABLE1_EXPENDITURE(2.0),Annual GDP and components - expenditure approach,I,A,Annual,MAR,Morocco,S1M,Households and non-profit institutions serving households (NPISH),S1,Total economy,P3,Final consumption expenditure,_Z,Not applicable,_Z,Not applicable,_T,Total,USD_EXC,"US dollars, exchange rate converted",V,Current prices,N,Non transformed data,T0102,Table 0102 - GDP identity from the expenditure side,2008,,60045.743,,,,F,Free (free for publication),1,One,E,Estimated value,6,Millions,_Z,Not applicable
DATAFLOW,OECD.SDD.NAD:DSD_NAMAIN10@DF_TABLE1_EXPENDITURE(2.0),Annual GDP and components - expenditure approach,I,A,Annual,MAR,Morocco,S1M,Households and non-profit institutions serving households (NPISH),S1,Total economy,P3,Final consumption expenditure,_Z,Not applicable,_Z,Not applicable,_T,Total,USD_EXC,"US dollars, exchange rate converted",V,Current prices,N,Non transformed data,T0102,Table 0102 - GDP identity from the expenditure side,2007,,50963.868,,,,F,Free (free for publication),1,One,E,Estimated value,6,Millions,_Z,Not applicable
DATAFLOW,OECD.SDD.NAD:DSD_NAMAIN10@DF_TABLE1_EXPENDITURE(2.0),Annual GDP and components - expenditure approach,I,A,Annual,MAR,Morocco,S1M,Households and non-profit institutions serving households (NPISH),S1,Total economy,P3,Final consumption expenditure,_Z,Not applicable,_Z,Not applicable,_T,Total,USD_EXC,"US dollars, exchange rate converted",V,Current prices,N,Non transformed data,T0102,Table 0102 - GDP identity from the expenditure side,2013,,71242.326,,,,F,Free (free for publication),1,One,E,Estimated value,6,Millions,_Z,Not applicable
DATAFLOW,OECD.SDD.NAD:DSD_NAMAIN10@DF_TABLE1_EXPENDITURE(2.0),Annual GDP and components - expenditure approach,I,A,Annual,MAR,Morocco,S1M,Households and non-profit institutions serving households (NPISH),S1,Total economy,P3,Final consumption expenditure,_Z,Not applicable,_Z,Not applicable,_T,Total,USD_EXC,"US dollars, exchange rate converted",V,Current prices,N,Non transformed data,T0102,Table 0102 - GDP identity from the expenditure side,2020,,71688.001,,,,F,Free (free for publication),1,One,A,Normal value,6,Millions,_Z,Not applicable
DATAFLOW,OECD.SDD.NAD:DSD_NAMAIN10@DF_TABLE1_EXPENDITURE(2.0),Annual GDP and components - expenditure approach,I,A,Annual,MAR,Morocco,S1M,Households and non-profit institutions serving households (NPISH),S1,Total economy,P3,Final consumption expenditure,_Z,Not applicable,_Z,Not applicable,_T,Total,USD_EXC,"US dollars, exchange rate converted",V,Current prices,N,Non transformed data,T0102,Table 0102 - GDP identity from the expenditure side,2019,,76112.115,,,,F,Free (free for publication),1,One,A,Normal value,6,Millions,_Z,Not applicable
DATAFLOW,OECD.SDD.NAD:DSD_NAMAIN10@DF_TABLE1_EXPENDITURE(2.0),Annual GDP and components - expenditure approach,I,A,Annual,MAR,Morocco,S1M,Households and non-profit institutions serving households (NPISH),S1,Total economy,P3,Final consumption expenditure,_Z,Not applicable,_Z,Not applicable,_T,Total,USD_EXC,"US dollars, exchange rate converted",V,Current prices,N,Non transformed data,T0102,Table 0102 - GDP identity from the expenditure side,2018,,75720.461,,,,F,Free (free for publication),1,One,A,Normal value,6,Millions,_Z,Not applicable
DATAFLOW,OECD.SDD.NAD:DSD_NAMAIN10@DF_TABLE1_EXPENDITURE(2.0),Annual GDP and components - expenditure approach,I,A,Annual,MAR,Morocco,S1M,Households and non-profit institutions serving households (NPISH),S1,Total economy,P3,Final consumption expenditure,_Z,Not applicable,_Z,Not applicable,_T,Total,USD_EXC,"US dollars, exchange rate converted",V,Current prices,N,Non transformed data,T0102,Table 0102 - GDP identity from the expenditure side,2017,,70318.732,,,,F,Free (free for publication),1,One,A,Normal value,6,Millions,_Z,Not applicable
DATAFLOW,OECD.SDD.NAD:DSD_NAMAIN10@DF_TABLE1_EXPENDITURE(2.0),Annual GDP and components - expenditure approach,I,A,Annual,MAR,Morocco,S1M,Households and non-profit institutions serving households (NPISH),S1,Total economy,P3,Final consumption expenditure,_Z,Not applicable,_Z,Not applicable,_T,Total,USD_EXC,"US dollars, exchange rate converted",V,Current prices,N,Non transformed data,T0102,Table 0102 - GDP identity from the expenditure side,2016,,66200.417,,,,F,Free (free for publication),1,One,A,Normal value,6,Millions,_Z,Not applicable
DATAFLOW,OECD.SDD.NAD:DSD_NAMAIN10@DF_TABLE1_EXPENDITURE(2.0),Annual GDP and components - expenditure approach,I,A,Annual,FRA,France,S1M,Households and non-profit institutions serving households (NPISH),S1,Total economy,P3,Final consumption expenditure,_Z,Not applicable,_Z,Not applicable,_T,Total,USD_EXC,"US dollars, exchange rate converted",V,Current prices,N,Non transformed data,T0102,Table 0102 - GDP identity from the expenditure side,2020,,1418763.82,,,,F,Free (free for publication),1,One,A,Normal value,6,Millions,_Z,Not applicable
DATAFLOW,OECD.SDD.NAD:DSD_NAMAIN10@DF_TABLE1_EXPENDITURE(2.0),Annual GDP and components - expenditure approach,I,A,Annual,FRA,France,S1M,Households and non-profit institutions serving households (NPISH),S1,Total economy,P3,Final consumption expenditure,_Z,Not applicable,_Z,Not applicable,_T,Total,USD_EXC,"US dollars, exchange rate converted",V,Current prices,N,Non transformed data,T0102,Table 0102 - GDP identity from the expenditure side,2019,,1473206.513,,,,F,Free (free for publication),1,One,A,Normal value,6,Millions,_Z,Not applicable
DATAFLOW,OECD.SDD.NAD:DSD_NAMAIN10@DF_TABLE1_EXPENDITURE(2.0),Annual GDP and components - expenditure approach,I,A,Annual,FRA,France,S1M,Households and non-profit institutions serving households (NPISH),S1,Total economy,P3,Final consumption expenditure,_Z,Not applicable,_Z,Not applicable,_T,Total,USD_EXC,"US dollars, exchange rate converted",V,Current prices,N,Non transformed data,T0102,Table 0102 - GDP identity from the expenditure side,2018,,1516239.541,,,,F,Free (free for publication),1,One,A,Normal value,6,Millions,_Z,Not applicable
DATAFLOW,OECD.SDD.NAD:DSD_NAMAIN10@DF_TABLE1_EXPENDITURE(2.0),Annual GDP and components - expenditure approach,I,A,Annual,FRA,France,S1M,Households and non-profit institutions serving households (NPISH),S1,Total economy,P3,Final consumption expenditure,_Z,Not applicable,_Z,Not applicable,_T,Total,USD_EXC,"US dollars, exchange rate converted",V,Current prices,N,Non transformed data,T0102,Table 0102 - GDP identity from the expenditure side,2017,,1408313.311,,,,F,Free (free for publication),1,One,A,Normal value,6,Millions,_Z,Not applicable
DATAFLOW,OECD.SDD.NAD:DSD_NAMAIN10@DF_TABLE1_EXPENDITURE(2.0),Annual GDP and components - expenditure approach,I,A,Annual,ALB,Albania,S1M,Households and non-profit institutions serving households (NPISH),S1,Total economy,P3,Final consumption expenditure,_Z,Not applicable,_Z,Not applicable,_T,Total,USD_EXC,"US dollars, exchange rate converted",V,Current prices,N,Non transformed data,T0102,Table 0102 - GDP identity from the expenditure side,2014,,10686.67,,,,F,Free (free for publication),1,One,A,Normal value,6,Millions,_Z,Not applicable
DATAFLOW,OECD.SDD.NAD:DSD_NAMAIN10@DF_TABLE1_EXPENDITURE(2.0),Annual GDP and components - expenditure approach,I,A,Annual,ALB,Albania,S1M,Households and non-profit institutions serving households (NPISH),S1,Total economy,P3,Final consumption expenditure,_Z,Not applicable,_Z,Not applicable,_T,Total,USD_EXC,"US dollars, exchange rate converted",V,Current prices,N,Non transformed data,T0102,Table 0102 - GDP identity from the expenditure side,2012,,9605.39,,,,F,Free (free for publication),1,One,A,Normal value,6,Millions,_Z,Not applicable
DATAFLOW,OECD.SDD.NAD:DSD_NAMAIN10@DF_TABLE1_EXPENDITURE(2.0),Annual GDP and components - expenditure approach,I,A,Annual,LUX,Luxembourg,S1M,Households and non-profit institutions serving households (NPISH),S1,Total economy,P3,Final consumption expenditure,_Z,Not applicable,_Z,Not applicable,_T,Total,USD_EXC,"US dollars, exchange rate converted",V,Current prices,N,Non transformed data,T0102,Table 0102 - GDP identity from the expenditure side,2001,,8730.134,,,,F,Free (free for publication),1,One,A,Normal value,6,Millions,_Z,Not applicable
DATAFLOW,OECD.SDD.NAD:DSD_NAMAIN10@DF_TABLE1_EXPENDITURE(2.0),Annual GDP and components - expenditure approach,I,A,Annual,LUX,Luxembourg,S1M,Households and non-profit institutions serving households (NPISH),S1,Total economy,P3,Final consumption expenditure,_Z,Not applicable,_Z,Not applicable,_T,Total,USD_EXC,"US dollars, exchange rate converted",V,Current prices,N,Non transformed data,T0102,Table 0102 - GDP identity from the expenditure side,2000,,8506.496,,,,F,Free (free for publication),1,One,A,Normal value,6,Millions,_Z,Not applicable
DATAFLOW,OECD.SDD.NAD:DSD_NAMAIN10@DF_TABLE1_EXPENDITURE(2.0),Annual GDP and components - expenditure approach,I,A,Annual,LUX,Luxembourg,S1M,Households and non-profit institutions serving households (NPISH),S1,Total economy,P3,Final consumption expenditure,_Z,Not applicable,_Z,Not applicable,_T,Total,USD_EXC,"US dollars, exchange rate converted",V,Current prices,N,Non transformed data,T0102,Table 0102 - GDP identity from the expenditure side,1999,,9060.421,,,,F,Free (free for publication),1,One,A,Normal value,6,Millions,_Z,Not applicable
DATAFLOW,OECD.SDD.NAD:DSD_NAMAIN10@DF_TABLE1_EXPENDITURE(2.0),Annual GDP and components - expenditure approach,I,A,Annual,LUX,Luxembourg,S1M,Households and non-profit institutions serving households (NPISH),S1,Total economy,P3,Final consumption expenditure,_Z,Not applicable,_Z,Not applicable,_T,Total,USD_EXC,"US dollars, exchange rate converted",V,Current prices,N,Non transformed data,T0102,Table 0102 - GDP identity from the expenditure side,1998,,8782.311,,,,F,Free (free for publication),1,One,A,Normal value,6,Millions,_Z,Not applicable
DATAFLOW,OECD.SDD.NAD:DSD_NAMAIN10@DF_TABLE1_EXPENDITURE(2.0),Annual GDP and components - expenditure approach,I,A,Annual,LUX,Luxembourg,S1M,Households and non-profit institutions serving households (NPISH),S1,Total economy,P3,Final consumption expenditure,_Z,Not applicable,_Z,Not applicable,_T,Total,USD_EXC,"US dollars, exchange rate converted",V,Current prices,N,Non transformed data,T0102,Table 0102 - GDP identity from the expenditure side,1997,,8328.166,,,,F,Free (free for publication),1,One,A,Normal value,6,Millions,_Z,Not applicable
DATAFLOW,OECD.SDD.NAD:DSD_NAMAIN10@DF_TABLE1_EXPENDITURE(2.0),Annual GDP and components - expenditure approach,I,A,Annual,LUX,Luxembourg,S1M,Households and non-profit institutions serving households (NPISH),S1,Total economy,P3,Final consumption expenditure,_Z,Not applicable,_Z,Not applicable,_T,Total,USD_EXC,"US dollars, exchange rate converted",V,Current prices,N,Non transformed data,T0102,Table 0102 - GDP identity from the expenditure side,1996,,9184.867,,,,F,Free (free for publication),1,One,A,Normal value,6,Millions,_Z,Not applicable
DATAFLOW,OECD.SDD.NAD:DSD_NAMAIN10@DF_TABLE1_EXPENDITURE(2.0),Annual GDP and components - expenditure approach,I,A,Annual,LUX,Luxembourg,S1M,Households and non-profit institutions serving households (NPISH),S1,Total economy,P3,Final consumption expenditure,_Z,Not applicable,_Z,Not applicable,_T,Total,USD_EXC,"US dollars, exchange rate converted",V,Current prices,N,Non transformed data,T0102,Table 0102 - GDP identity from the expenditure side,1995,,9266.588,,,,F,Free (free for publication),1,One,A,Normal value,6,Millions,_Z,Not applicable
DATAFLOW,OECD.SDD.NAD:DSD_NAMAIN10@DF_TABLE1_EXPENDITURE(2.0),Annual GDP and components - expenditure approach,I,A,Annual,LUX,Luxembourg,S1M,Households and non-profit institutions serving households (NPISH),S1,Total economy,P3,Final consumption expenditure,_Z,Not applicable,_Z,Not applicable,_T,Total,USD_EXC,"US dollars, exchange rate converted",V,Current prices,N,Non transformed data,T0102,Table 0102 - GDP identity from the expenditure side,2020,,22358.246,,,,F,Free (free for publication),1,One,A,Normal value,6,Millions,_Z,Not applicable
DATAFLOW,OECD.SDD.NAD:DSD_NAMAIN10@DF_TABLE1_EXPENDITURE(2.0),Annual GDP and components - expenditure approach,I,A,Annual,LUX,Luxembourg,S1M,Households and non-profit institutions serving households (NPISH),S1,Total economy,P3,Final consumption expenditure,_Z,Not applicable,_Z,Not applicable,_T,Total,USD_EXC,"US dollars, exchange rate converted",V,Current prices,N,Non transformed data,T0102,Table 0102 - GDP identity from the expenditure side,2019,,23501.747,,,,F,Free (free for publication),1,One,A,Normal value,6,Millions,_Z,Not applicable
DATAFLOW,OECD.SDD.NAD:DSD_NAMAIN10@DF_TABLE1_EXPENDITURE(2.0),Annual GDP and components - expenditure approach,I,A,Annual,LUX,Luxembourg,S1M,Households and non-profit institutions serving households (NPISH),S1,Total economy,P3,Final consumption expenditure,_Z,Not applicable,_Z,Not applicable,_T,Total,USD_EXC,"US dollars, exchange rate converted",V,Current prices,N,Non transformed data,T0102,Table 0102 - GDP identity from the expenditure side,2018,,23925.869,,,,F,Free (free for publication),1,One,A,Normal value,6,Millions,_Z,Not applicable
DATAFLOW,OECD.SDD.NAD:DSD_NAMAIN10@DF_TABLE1_EXPENDITURE(2.0),Annual GDP and components - expenditure approach,I,A,Annual,LUX,Luxembourg,S1M,Households and non-profit institutions serving households (NPISH),S1,Total economy,P3,Final consumption expenditure,_Z,Not applicable,_Z,Not applicable,_T,Total,USD_EXC,"US dollars, exchange rate converted",V,Current prices,N,Non transformed data,T0102,Table 0102 - GDP identity from the expenditure side,2005,,14442.067,,,,F,Free (free for publication),1,One,A,Normal value,6,Millions,_Z,Not applicable
DATAFLOW,OECD.SDD.NAD:DSD_NAMAIN10@DF_TABLE1_EXPENDITURE(2.0),Annual GDP and components - expenditure approach,I,A,Annual,LUX,Luxembourg,S1M,Households and non-profit institutions serving households (NPISH),S1,Total economy,P3,Final consumption expenditure,_Z,Not applicable,_Z,Not applicable,_T,Total,USD_EXC,"US dollars, exchange rate converted",V,Current prices,N,Non transformed data,T0102,Table 0102 - GDP identity from the expenditure side,2004,,14053.02,,,,F,Free (free for publication),1,One,A,Normal value,6,Millions,_Z,Not applicable
DATAFLOW,OECD.SDD.NAD:DSD_NAMAIN10@DF_TABLE1_EXPENDITURE(2.0),Annual GDP and components - expenditure approach,I,A,Annual,LUX,Luxembourg,S1M,Households and non-profit institutions serving households (NPISH),S1,Total economy,P3,Final consumption expenditure,_Z,Not applicable,_Z,Not applicable,_T,Total,USD_EXC,"US dollars, exchange rate converted",V,Current prices,N,Non transformed data,T0102,Table 0102 - GDP identity from the expenditure side,2003,,12342.447,,,,F,Free (free for publication),1,One,A,Normal value,6,Millions,_Z,Not applicable
DATAFLOW,OECD.SDD.NAD:DSD_NAMAIN10@DF_TABLE1_EXPENDITURE(2.0),Annual GDP and components - expenditure approach,I,A,Annual,LUX,Luxembourg,S1M,Households and non-profit institutions serving households (NPISH),S1,Total economy,P3,Final consumption expenditure,_Z,Not applicable,_Z,Not applicable,_T,Total,USD_EXC,"US dollars, exchange rate converted",V,Current prices,N,Non transformed data,T0102,Table 0102 - GDP identity from the expenditure side,2002,,9834.088,,,,F,Free (free for publication),1,One,A,Normal value,6,Millions,_Z,Not applicable
DATAFLOW,OECD.SDD.NAD:DSD_NAMAIN10@DF_TABLE1_EXPENDITURE(2.0),Annual GDP and components - expenditure approach,I,A,Annual,LUX,Luxembourg,S1M,Households and non-profit institutions serving households (NPISH),S1,Total economy,P3,Final consumption expenditure,_Z,Not applicable,_Z,Not applicable,_T,Total,USD_EXC,"US dollars, exchange rate converted",V,Current prices,N,Non transformed data,T0102,Table 0102 - GDP identity from the expenditure side,2017,,21809.811,,,,F,Free (free for publication),1,One,A,Normal value,6,Millions,_Z,Not applicable
DATAFLOW,OECD.SDD.NAD:DSD_NAMAIN10@DF_TABLE1_EXPENDITURE(2.0),Annual GDP and components - expenditure approach,I,A,Annual,SGP,Singapore,S1M,Households and non-profit institutions serving households (NPISH),S1,Total economy,P3,Final consumption expenditure,_Z,Not applicable,_Z,Not applicable,_T,Total,USD_EXC,"US dollars, exchange rate converted",V,Current prices,N,Non transformed data,T0102,Table 0102 - GDP identity from the expenditure side,2019,,133263.856,,,,F,Free (free for publication),1,One,A,Normal value,6,Millions,_Z,Not applicable
DATAFLOW,OECD.SDD.NAD:DSD_NAMAIN10@DF_TABLE1_EXPENDITURE(2.0),Annual GDP and components - expenditure approach,I,A,Annual,SGP,Singapore,S1M,Households and non-profit institutions serving households (NPISH),S1,Total economy,P3,Final consumption expenditure,_Z,Not applicable,_Z,Not applicable,_T,Total,USD_EXC,"US dollars, exchange rate converted",V,Current prices,N,Non transformed data,T0102,Table 0102 - GDP identity from the expenditure side,2020,,111687.937,,,,F,Free (free for publication),1,One,A,Normal value,6,Millions,_Z,Not applicable
DATAFLOW,OECD.SDD.NAD:DSD_NAMAIN10@DF_TABLE1_EXPENDITURE(2.0),Annual GDP and components - expenditure approach,I,A,Annual,SGP,Singapore,S1M,Households and non-profit institutions serving households (NPISH),S1,Total economy,P3,Final consumption expenditure,_Z,Not applicable,_Z,Not applicable,_T,Total,USD_EXC,"US dollars, exchange rate converted",V,Current prices,N,Non transformed data,T0102,Table 0102 - GDP identity from the expenditure side,2018,,130221.808,,,,F,Free (free for publication),1,One,A,Normal value,6,Millions,_Z,Not applicable
DATAFLOW,OECD.SDD.NAD:DSD_NAMAIN10@DF_TABLE1_EXPENDITURE(2.0),Annual GDP and components - expenditure approach,I,A,Annual,SGP,Singapore,S1M,Households and non-profit institutions serving households (NPISH),S1,Total economy,P3,Final consumption expenditure,_Z,Not applicable,_Z,Not applicable,_T,Total,USD_EXC,"US dollars, exchange rate converted",V,Current prices,N,Non transformed data,T0102,Table 0102 - GDP identity from the expenditure side,2017,,120830.023,,,,F,Free (free for publication),1,One,A,Normal value,6,Millions,_Z,Not applicable
DATAFLOW,OECD.SDD.NAD:DSD_NAMAIN10@DF_TABLE1_EXPENDITURE(2.0),Annual GDP and components - expenditure approach,I,A,Annual,SGP,Singapore,S1M,Households and non-profit institutions serving households (NPISH),S1,Total economy,P3,Final consumption expenditure,_Z,Not applicable,_Z,Not applicable,_T,Total,USD_EXC,"US dollars, exchange rate converted",V,Current prices,N,Non transformed data,T0102,Table 0102 - GDP identity from the expenditure side,2016,,116329.574,,,,F,Free (free for publication),1,One,A,Normal value,6,Millions,_Z,Not applicable
DATAFLOW,OECD.SDD.NAD:DSD_NAMAIN10@DF_TABLE1_EXPENDITURE(2.0),Annual GDP and components - expenditure approach,I,A,Annual,SGP,Singapore,S1M,Households and non-profit institutions serving households (NPISH),S1,Total economy,P3,Final consumption expenditure,_Z,Not applicable,_Z,Not applicable,_T,Total,USD_EXC,"US dollars, exchange rate converted",V,Current prices,N,Non transformed data,T0102,Table 0102 - GDP identity from the expenditure side,2015,,114446.348,,,,F,Free (free for publication),1,One,A,Normal value,6,Millions,_Z,Not applicable
DATAFLOW,OECD.SDD.NAD:DSD_NAMAIN10@DF_TABLE1_EXPENDITURE(2.0),Annual GDP and components - expenditure approach,I,A,Annual,SGP,Singapore,S1M,Households and non-profit institutions serving households (NPISH),S1,Total economy,P3,Final consumption expenditure,_Z,Not applicable,_Z,Not applicable,_T,Total,USD_EXC,"US dollars, exchange rate converted",V,Current prices,N,Non transformed data,T0102,Table 0102 - GDP identity from the expenditure side,2014,,118339.529,,,,F,Free (free for publication),1,One,A,Normal value,6,Millions,_Z,Not applicable
DATAFLOW,OECD.SDD.NAD:DSD_NAMAIN10@DF_TABLE1_EXPENDITURE(2.0),Annual GDP and components - expenditure approach,I,A,Annual,SGP,Singapore,S1M,Households and non-profit institutions serving households (NPISH),S1,Total economy,P3,Final consumption expenditure,_Z,Not applicable,_Z,Not applicable,_T,Total,USD_EXC,"US dollars, exchange rate converted",V,Current prices,N,Non transformed data,T0102,Table 0102 - GDP identity from the expenditure side,2013,,114828.898,,,,F,Free (free for publication),1,One,A,Normal value,6,Millions,_Z,Not applicable
DATAFLOW,OECD.SDD.NAD:DSD_NAMAIN10@DF_TABLE1_EXPENDITURE(2.0),Annual GDP and components - expenditure approach,I,A,Annual,SGP,Singapore,S1M,Households and non-profit institutions serving households (NPISH),S1,Total economy,P3,Final consumption expenditure,_Z,Not applicable,_Z,Not applicable,_T,Total,USD_EXC,"US dollars, exchange rate converted",V,Current prices,N,Non transformed data,T0102,Table 0102 - GDP identity from the expenditure side,2012,,110087.477,,,,F,Free (free for publication),1,One,A,Normal value,6,Millions,_Z,Not applicable
DATAFLOW,OECD.SDD.NAD:DSD_NAMAIN10@DF_TABLE1_EXPENDITURE(2.0),Annual GDP and components - expenditure approach,I,A,Annual,SGP,Singapore,S1M,Households and non-profit institutions serving households (NPISH),S1,Total economy,P3,Final consumption expenditure,_Z,Not applicable,_Z,Not applicable,_T,Total,USD_EXC,"US dollars, exchange rate converted",V,Current prices,N,Non transformed data,T0102,Table 0102 - GDP identity from the expenditure side,2011,,102288.096,,,,F,Free (free for publication),1,One,A,Normal value,6,Millions,_Z,Not applicable
DATAFLOW,OECD.SDD.NAD:DSD_NAMAIN10@DF_TABLE1_EXPENDITURE(2.0),Annual GDP and components - expenditure approach,I,A,Annual,SGP,Singapore,S1M,Households and non-profit institutions serving households (NPISH),S1,Total economy,P3,Final consumption expenditure,_Z,Not applicable,_Z,Not applicable,_T,Total,USD_EXC,"US dollars, exchange rate converted",V,Current prices,N,Non transformed data,T0102,Table 0102 - GDP identity from the expenditure side,2006,,56636.045,,,,F,Free (free for publication),1,One,A,Normal value,6,Millions,_Z,Not applicable
DATAFLOW,OECD.SDD.NAD:DSD_NAMAIN10@DF_TABLE1_EXPENDITURE(2.0),Annual GDP and components - expenditure approach,I,A,Annual,SGP,Singapore,S1M,Households and non-profit institutions serving households (NPISH),S1,Total economy,P3,Final consumption expenditure,_Z,Not applicable,_Z,Not applicable,_T,Total,USD_EXC,"US dollars, exchange rate converted",V,Current prices,N,Non transformed data,T0102,Table 0102 - GDP identity from the expenditure side,2005,,50928.699,,,,F,Free (free for publication),1,One,A,Normal value,6,Millions,_Z,Not applicable
DATAFLOW,OECD.SDD.NAD:DSD_NAMAIN10@DF_TABLE1_EXPENDITURE(2.0),Annual GDP and components - expenditure approach,I,A,Annual,SGP,Singapore,S1M,Households and non-profit institutions serving households (NPISH),S1,Total economy,P3,Final consumption expenditure,_Z,Not applicable,_Z,Not applicable,_T,Total,USD_EXC,"US dollars, exchange rate converted",V,Current prices,N,Non transformed data,T0102,Table 0102 - GDP identity from the expenditure side,2004,,48312.289,,,,F,Free (free for publication),1,One,A,Normal value,6,Millions,_Z,Not applicable
DATAFLOW,OECD.SDD.NAD:DSD_NAMAIN10@DF_TABLE1_EXPENDITURE(2.0),Annual GDP and components - expenditure approach,I,A,Annual,SGP,Singapore,S1M,Households and non-profit institutions serving households (NPISH),S1,Total economy,P3,Final consumption expenditure,_Z,Not applicable,_Z,Not applicable,_T,Total,USD_EXC,"US dollars, exchange rate converted",V,Current prices,N,Non transformed data,T0102,Table 0102 - GDP identity from the expenditure side,2003,,44463.633,,,,F,Free (free for publication),1,One,A,Normal value,6,Millions,_Z,Not applicable
DATAFLOW,OECD.SDD.NAD:DSD_NAMAIN10@DF_TABLE1_EXPENDITURE(2.0),Annual GDP and components - expenditure approach,I,A,Annual,SGP,Singapore,S1M,Households and non-profit institutions serving households (NPISH),S1,Total economy,P3,Final consumption expenditure,_Z,Not applicable,_Z,Not applicable,_T,Total,USD_EXC,"US dollars, exchange rate converted",V,Current prices,N,Non transformed data,T0102,Table 0102 - GDP identity from the expenditure side,2002,,42736.512,,,,F,Free (free for publication),1,One,A,Normal value,6,Millions,_Z,Not applicable
DATAFLOW,OECD.SDD.NAD:DSD_NAMAIN10@DF_TABLE1_EXPENDITURE(2.0),Annual GDP and components - expenditure approach,I,A,Annual,SGP,Singapore,S1M,Households and non-profit institutions serving households (NPISH),S1,Total economy,P3,Final consumption expenditure,_Z,Not applicable,_Z,Not applicable,_T,Total,USD_EXC,"US dollars, exchange rate converted",V,Current prices,N,Non transformed data,T0102,Table 0102 - GDP identity from the expenditure side,2001,,41525.125,,,,F,Free (free for publication),1,One,A,Normal value,6,Millions,_Z,Not applicable
DATAFLOW,OECD.SDD.NAD:DSD_NAMAIN10@DF_TABLE1_EXPENDITURE(2.0),Annual GDP and components - expenditure approach,I,A,Annual,SGP,Singapore,S1M,Households and non-profit institutions serving households (NPISH),S1,Total economy,P3,Final consumption expenditure,_Z,Not applicable,_Z,Not applicable,_T,Total,USD_EXC,"US dollars, exchange rate converted",V,Current prices,N,Non transformed data,T0102,Table 0102 - GDP identity from the expenditure side,2000,,40213.036,,,,F,Free (free for publication),1,One,A,Normal value,6,Millions,_Z,Not applicable
DATAFLOW,OECD.SDD.NAD:DSD_NAMAIN10@DF_TABLE1_EXPENDITURE(2.0),Annual GDP and components - expenditure approach,I,A,Annual,SGP,Singapore,S1M,Households and non-profit institutions serving households (NPISH),S1,Total economy,P3,Final consumption expenditure,_Z,Not applicable,_Z,Not applicable,_T,Total,USD_EXC,"US dollars, exchange rate converted",V,Current prices,N,Non transformed data,T0102,Table 0102 - GDP identity from the expenditure side,1999,,36153.904,,,,F,Free (free for publication),1,One,A,Normal value,6,Millions,_Z,Not applicable
DATAFLOW,OECD.SDD.NAD:DSD_NAMAIN10@DF_TABLE1_EXPENDITURE(2.0),Annual GDP and components - expenditure approach,I,A,Annual,SGP,Singapore,S1M,Households and non-profit institutions serving households (NPISH),S1,Total economy,P3,Final consumption expenditure,_Z,Not applicable,_Z,Not applicable,_T,Total,USD_EXC,"US dollars, exchange rate converted",V,Current prices,N,Non transformed data,T0102,Table 0102 - GDP identity from the expenditure side,1998,,33821.847,,,,F,Free (free for publication),1,One,A,Normal value,6,Millions,_Z,Not applicable
DATAFLOW,OECD.SDD.NAD:DSD_NAMAIN10@DF_TABLE1_EXPENDITURE(2.0),Annual GDP and components - expenditure approach,I,A,Annual,SGP,Singapore,S1M,Households and non-profit institutions serving households (NPISH),S1,Total economy,P3,Final consumption expenditure,_Z,Not applicable,_Z,Not applicable,_T,Total,USD_EXC,"US dollars, exchange rate converted",V,Current prices,N,Non transformed data,T0102,Table 0102 - GDP identity from the expenditure side,1997,,39829.383,,,,F,Free (free for publication),1,One,A,Normal value,6,Millions,_Z,Not applicable
DATAFLOW,OECD.SDD.NAD:DSD_NAMAIN10@DF_TABLE1_EXPENDITURE(2.0),Annual GDP and components - expenditure approach,I,A,Annual,SGP,Singapore,S1M,Households and non-profit institutions serving households (NPISH),S1,Total economy,P3,Final consumption expenditure,_Z,Not applicable,_Z,Not applicable,_T,Total,USD_EXC,"US dollars, exchange rate converted",V,Current prices,N,Non transformed data,T0102,Table 0102 - GDP identity from the expenditure side,2010,,87141.015,,,,F,Free (free for publication),1,One,A,Normal value,6,Millions,_Z,Not applicable
DATAFLOW,OECD.SDD.NAD:DSD_NAMAIN10@DF_TABLE1_EXPENDITURE(2.0),Annual GDP and components - expenditure approach,I,A,Annual,SGP,Singapore,S1M,Households and non-profit institutions serving households (NPISH),S1,Total economy,P3,Final consumption expenditure,_Z,Not applicable,_Z,Not applicable,_T,Total,USD_EXC,"US dollars, exchange rate converted",V,Current prices,N,Non transformed data,T0102,Table 0102 - GDP identity from the expenditure side,2009,,75918.448,,,,F,Free (free for publication),1,One,A,Normal value,6,Millions,_Z,Not applicable
DATAFLOW,OECD.SDD.NAD:DSD_NAMAIN10@DF_TABLE1_EXPENDITURE(2.0),Annual GDP and components - expenditure approach,I,A,Annual,SGP,Singapore,S1M,Households and non-profit institutions serving households (NPISH),S1,Total economy,P3,Final consumption expenditure,_Z,Not applicable,_Z,Not applicable,_T,Total,USD_EXC,"US dollars, exchange rate converted",V,Current prices,N,Non transformed data,T0102,Table 0102 - GDP identity from the expenditure side,2008,,77351.919,,,,F,Free (free for publication),1,One,A,Normal value,6,Millions,_Z,Not applicable
DATAFLOW,OECD.SDD.NAD:DSD_NAMAIN10@DF_TABLE1_EXPENDITURE(2.0),Annual GDP and components - expenditure approach,I,A,Annual,SGP,Singapore,S1M,Households and non-profit institutions serving households (NPISH),S1,Total economy,P3,Final consumption expenditure,_Z,Not applicable,_Z,Not applicable,_T,Total,USD_EXC,"US dollars, exchange rate converted",V,Current prices,N,Non transformed data,T0102,Table 0102 - GDP identity from the expenditure side,2007,,66524.975,,,,F,Free (free for publication),1,One,A,Normal value,6,Millions,_Z,Not applicable
DATAFLOW,OECD.SDD.NAD:DSD_NAMAIN10@DF_TABLE1_EXPENDITURE(2.0),Annual GDP and components - expenditure approach,I,A,Annual,SGP,Singapore,S1M,Households and non-profit institutions serving households (NPISH),S1,Total economy,P3,Final consumption expenditure,_Z,Not applicable,_Z,Not applicable,_T,Total,USD_EXC,"US dollars, exchange rate converted",V,Current prices,N,Non transformed data,T0102,Table 0102 - GDP identity from the expenditure side,1996,,38923.27,,,,F,Free (free for publication),1,One,A,Normal value,6,Millions,_Z,Not applicable
DATAFLOW,OECD.SDD.NAD:DSD_NAMAIN10@DF_TABLE1_EXPENDITURE(2.0),Annual GDP and components - expenditure approach,I,A,Annual,LTU,Lithuania,S1M,Households and non-profit institutions serving households (NPISH),S1,Total economy,P3,Final consumption expenditure,_Z,Not applicable,_Z,Not applicable,_T,Total,USD_EXC,"US dollars, exchange rate converted",V,Current prices,N,Non transformed data,T0102,Table 0102 - GDP identity from the expenditure side,2020,,32173.934,,,,F,Free (free for publication),1,One,A,Normal value,6,Millions,_Z,Not applicable
DATAFLOW,OECD.SDD.NAD:DSD_NAMAIN10@DF_TABLE1_EXPENDITURE(2.0),Annual GDP and components - expenditure approach,I,A,Annual,LTU,Lithuania,S1M,Households and non-profit institutions serving households (NPISH),S1,Total economy,P3,Final consumption expenditure,_Z,Not applicable,_Z,Not applicable,_T,Total,USD_EXC,"US dollars, exchange rate converted",V,Current prices,N,Non transformed data,T0102,Table 0102 - GDP identity from the expenditure side,2019,,32186.449,,,,F,Free (free for publication),1,One,A,Normal value,6,Millions,_Z,Not applicable
DATAFLOW,OECD.SDD.NAD:DSD_NAMAIN10@DF_TABLE1_EXPENDITURE(2.0),Annual GDP and components - expenditure approach,I,A,Annual,LTU,Lithuania,S1M,Households and non-profit institutions serving households (NPISH),S1,Total economy,P3,Final consumption expenditure,_Z,Not applicable,_Z,Not applicable,_T,Total,USD_EXC,"US dollars, exchange rate converted",V,Current prices,N,Non transformed data,T0102,Table 0102 - GDP identity from the expenditure side,2018,,32319.093,,,,F,Free (free for publication),1,One,A,Normal value,6,Millions,_Z,Not applicable
DATAFLOW,OECD.SDD.NAD:DSD_NAMAIN10@DF_TABLE1_EXPENDITURE(2.0),Annual GDP and components - expenditure approach,I,A,Annual,LTU,Lithuania,S1M,Households and non-profit institutions serving households (NPISH),S1,Total economy,P3,Final consumption expenditure,_Z,Not applicable,_Z,Not applicable,_T,Total,USD_EXC,"US dollars, exchange rate converted",V,Current prices,N,Non transformed data,T0102,Table 0102 - GDP identity from the expenditure side,1999,,7188.587,,,,F,Free (free for publication),1,One,A,Normal value,6,Millions,_Z,Not applicable
DATAFLOW,OECD.SDD.NAD:DSD_NAMAIN10@DF_TABLE1_EXPENDITURE(2.0),Annual GDP and components - expenditure approach,I,A,Annual,LTU,Lithuania,S1M,Households and non-profit institutions serving households (NPISH),S1,Total economy,P3,Final consumption expenditure,_Z,Not applicable,_Z,Not applicable,_T,Total,USD_EXC,"US dollars, exchange rate converted",V,Current prices,N,Non transformed data,T0102,Table 0102 - GDP identity from the expenditure side,1998,,6936.201,,,,F,Free (free for publication),1,One,A,Normal value,6,Millions,_Z,Not applicable
DATAFLOW,OECD.SDD.NAD:DSD_NAMAIN10@DF_TABLE1_EXPENDITURE(2.0),Annual GDP and components - expenditure approach,I,A,Annual,LTU,Lithuania,S1M,Households and non-profit institutions serving households (NPISH),S1,Total economy,P3,Final consumption expenditure,_Z,Not applicable,_Z,Not applicable,_T,Total,USD_EXC,"US dollars, exchange rate converted",V,Current prices,N,Non transformed data,T0102,Table 0102 - GDP identity from the expenditure side,1997,,6267.168,,,,F,Free (free for publication),1,One,A,Normal value,6,Millions,_Z,Not applicable
DATAFLOW,OECD.SDD.NAD:DSD_NAMAIN10@DF_TABLE1_EXPENDITURE(2.0),Annual GDP and components - expenditure approach,I,A,Annual,LTU,Lithuania,S1M,Households and non-profit institutions serving households (NPISH),S1,Total economy,P3,Final consumption expenditure,_Z,Not applicable,_Z,Not applicable,_T,Total,USD_EXC,"US dollars, exchange rate converted",V,Current prices,N,Non transformed data,T0102,Table 0102 - GDP identity from the expenditure side,1996,,5437.212,,,,F,Free (free for publication),1,One,A,Normal value,6,Millions,_Z,Not applicable
DATAFLOW,OECD.SDD.NAD:DSD_NAMAIN10@DF_TABLE1_EXPENDITURE(2.0),Annual GDP and components - expenditure approach,I,A,Annual,LTU,Lithuania,S1M,Households and non-profit institutions serving households (NPISH),S1,Total economy,P3,Final consumption expenditure,_Z,Not applicable,_Z,Not applicable,_T,Total,USD_EXC,"US dollars, exchange rate converted",V,Current prices,N,Non transformed data,T0102,Table 0102 - GDP identity from the expenditure side,1995,,4339.48,,,,F,Free (free for publication),1,One,A,Normal value,6,Millions,_Z,Not applicable
DATAFLOW,OECD.SDD.NAD:DSD_NAMAIN10@DF_TABLE1_EXPENDITURE(2.0),Annual GDP and components - expenditure approach,I,A,Annual,LTU,Lithuania,S1M,Households and non-profit institutions serving households (NPISH),S1,Total economy,P3,Final consumption expenditure,_Z,Not applicable,_Z,Not applicable,_T,Total,USD_EXC,"US dollars, exchange rate converted",V,Current prices,N,Non transformed data,T0102,Table 0102 - GDP identity from the expenditure side,2017,,29108.606,,,,F,Free (free for publication),1,One,A,Normal value,6,Millions,_Z,Not applicable
DATAFLOW,OECD.SDD.NAD:DSD_NAMAIN10@DF_TABLE1_EXPENDITURE(2.0),Annual GDP and components - expenditure approach,I,A,Annual,LTU,Lithuania,S1M,Households and non-profit institutions serving households (NPISH),S1,Total economy,P3,Final consumption expenditure,_Z,Not applicable,_Z,Not applicable,_T,Total,USD_EXC,"US dollars, exchange rate converted",V,Current prices,N,Non transformed data,T0102,Table 0102 - GDP identity from the expenditure side,2016,,26652.244,,,,F,Free (free for publication),1,One,A,Normal value,6,Millions,_Z,Not applicable
DATAFLOW,OECD.SDD.NAD:DSD_NAMAIN10@DF_TABLE1_EXPENDITURE(2.0),Annual GDP and components - expenditure approach,I,A,Annual,LTU,Lithuania,S1M,Households and non-profit institutions serving households (NPISH),S1,Total economy,P3,Final consumption expenditure,_Z,Not applicable,_Z,Not applicable,_T,Total,USD_EXC,"US dollars, exchange rate converted",V,Current prices,N,Non transformed data,T0102,Table 0102 - GDP identity from the expenditure side,2015,,25457.404,,,,F,Free (free for publication),1,One,A,Normal value,6,Millions,_Z,Not applicable
DATAFLOW,OECD.SDD.NAD:DSD_NAMAIN10@DF_TABLE1_EXPENDITURE(2.0),Annual GDP and components - expenditure approach,I,A,Annual,LTU,Lithuania,S1M,Households and non-profit institutions serving households (NPISH),S1,Total economy,P3,Final consumption expenditure,_Z,Not applicable,_Z,Not applicable,_T,Total,USD_EXC,"US dollars, exchange rate converted",V,Current prices,N,Non transformed data,T0102,Table 0102 - GDP identity from the expenditure side,2014,,29545.982,,,,F,Free (free for publication),1,One,A,Normal value,6,Millions,_Z,Not applicable
DATAFLOW,OECD.SDD.NAD:DSD_NAMAIN10@DF_TABLE1_EXPENDITURE(2.0),Annual GDP and components - expenditure approach,I,A,Annual,LTU,Lithuania,S1M,Households and non-profit institutions serving households (NPISH),S1,Total economy,P3,Final consumption expenditure,_Z,Not applicable,_Z,Not applicable,_T,Total,USD_EXC,"US dollars, exchange rate converted",V,Current prices,N,Non transformed data,T0102,Table 0102 - GDP identity from the expenditure side,2013,,28387.516,,,,F,Free (free for publication),1,One,A,Normal value,6,Millions,_Z,Not applicable
DATAFLOW,OECD.SDD.NAD:DSD_NAMAIN10@DF_TABLE1_EXPENDITURE(2.0),Annual GDP and components - expenditure approach,I,A,Annual,LTU,Lithuania,S1M,Households and non-profit institutions serving households (NPISH),S1,Total economy,P3,Final consumption expenditure,_Z,Not applicable,_Z,Not applicable,_T,Total,USD_EXC,"US dollars, exchange rate converted",V,Current prices,N,Non transformed data,T0102,Table 0102 - GDP identity from the expenditure side,2012,,26278.166,,,,F,Free (free for publication),1,One,A,Normal value,6,Millions,_Z,Not applicable
DATAFLOW,OECD.SDD.NAD:DSD_NAMAIN10@DF_TABLE1_EXPENDITURE(2.0),Annual GDP and components - expenditure approach,I,A,Annual,LTU,Lithuania,S1M,Households and non-profit institutions serving households (NPISH),S1,Total economy,P3,Final consumption expenditure,_Z,Not applicable,_Z,Not applicable,_T,Total,USD_EXC,"US dollars, exchange rate converted",V,Current prices,N,Non transformed data,T0102,Table 0102 - GDP identity from the expenditure side,2011,,26720.152,,,,F,Free (free for publication),1,One,A,Normal value,6,Millions,_Z,Not applicable
DATAFLOW,OECD.SDD.NAD:DSD_NAMAIN10@DF_TABLE1_EXPENDITURE(2.0),Annual GDP and components - expenditure approach,I,A,Annual,LTU,Lithuania,S1M,Households and non-profit institutions serving households (NPISH),S1,Total economy,P3,Final consumption expenditure,_Z,Not applicable,_Z,Not applicable,_T,Total,USD_EXC,"US dollars, exchange rate converted",V,Current prices,N,Non transformed data,T0102,Table 0102 - GDP identity from the expenditure side,2010,,23451.994,,,,F,Free (free for publication),1,One,A,Normal value,6,Millions,_Z,Not applicable
DATAFLOW,OECD.SDD.NAD:DSD_NAMAIN10@DF_TABLE1_EXPENDITURE(2.0),Annual GDP and components - expenditure approach,I,A,Annual,LTU,Lithuania,S1M,Households and non-profit institutions serving households (NPISH),S1,Total economy,P3,Final consumption expenditure,_Z,Not applicable,_Z,Not applicable,_T,Total,USD_EXC,"US dollars, exchange rate converted",V,Current prices,N,Non transformed data,T0102,Table 0102 - GDP identity from the expenditure side,2009,,25334.02,,,,F,Free (free for publication),1,One,A,Normal value,6,Millions,_Z,Not applicable
DATAFLOW,OECD.SDD.NAD:DSD_NAMAIN10@DF_TABLE1_EXPENDITURE(2.0),Annual GDP and components - expenditure approach,I,A,Annual,LTU,Lithuania,S1M,Households and non-profit institutions serving households (NPISH),S1,Total economy,P3,Final consumption expenditure,_Z,Not applicable,_Z,Not applicable,_T,Total,USD_EXC,"US dollars, exchange rate converted",V,Current prices,N,Non transformed data,T0102,Table 0102 - GDP identity from the expenditure side,2008,,30969.099,,,,F,Free (free for publication),1,One,A,Normal value,6,Millions,_Z,Not applicable
DATAFLOW,OECD.SDD.NAD:DSD_NAMAIN10@DF_TABLE1_EXPENDITURE(2.0),Annual GDP and components - expenditure approach,I,A,Annual,LTU,Lithuania,S1M,Households and non-profit institutions serving households (NPISH),S1,Total economy,P3,Final consumption expenditure,_Z,Not applicable,_Z,Not applicable,_T,Total,USD_EXC,"US dollars, exchange rate converted",V,Current prices,N,Non transformed data,T0102,Table 0102 - GDP identity from the expenditure side,2007,,25106.104,,,,F,Free (free for publication),1,One,A,Normal value,6,Millions,_Z,Not applicable
DATAFLOW,OECD.SDD.NAD:DSD_NAMAIN10@DF_TABLE1_EXPENDITURE(2.0),Annual GDP and components - expenditure approach,I,A,Annual,LTU,Lithuania,S1M,Households and non-profit institutions serving households (NPISH),S1,Total economy,P3,Final consumption expenditure,_Z,Not applicable,_Z,Not applicable,_T,Total,USD_EXC,"US dollars, exchange rate converted",V,Current prices,N,Non transformed data,T0102,Table 0102 - GDP identity from the expenditure side,2006,,19333.763,,,,F,Free (free for publication),1,One,A,Normal value,6,Millions,_Z,Not applicable
DATAFLOW,OECD.SDD.NAD:DSD_NAMAIN10@DF_TABLE1_EXPENDITURE(2.0),Annual GDP and components - expenditure approach,I,A,Annual,LTU,Lithuania,S1M,Households and non-profit institutions serving households (NPISH),S1,Total economy,P3,Final consumption expenditure,_Z,Not applicable,_Z,Not applicable,_T,Total,USD_EXC,"US dollars, exchange rate converted",V,Current prices,N,Non transformed data,T0102,Table 0102 - GDP identity from the expenditure side,2005,,16794.381,,,,F,Free (free for publication),1,One,A,Normal value,6,Millions,_Z,Not applicable
DATAFLOW,OECD.SDD.NAD:DSD_NAMAIN10@DF_TABLE1_EXPENDITURE(2.0),Annual GDP and components - expenditure approach,I,A,Annual,LTU,Lithuania,S1M,Households and non-profit institutions serving households (NPISH),S1,Total economy,P3,Final consumption expenditure,_Z,Not applicable,_Z,Not applicable,_T,Total,USD_EXC,"US dollars, exchange rate converted",V,Current prices,N,Non transformed data,T0102,Table 0102 - GDP identity from the expenditure side,2004,,14666.507,,,,F,Free (free for publication),1,One,A,Normal value,6,Millions,_Z,Not applicable
DATAFLOW,OECD.SDD.NAD:DSD_NAMAIN10@DF_TABLE1_EXPENDITURE(2.0),Annual GDP and components - expenditure approach,I,A,Annual,LTU,Lithuania,S1M,Households and non-profit institutions serving households (NPISH),S1,Total economy,P3,Final consumption expenditure,_Z,Not applicable,_Z,Not applicable,_T,Total,USD_EXC,"US dollars, exchange rate converted",V,Current prices,N,Non transformed data,T0102,Table 0102 - GDP identity from the expenditure side,2003,,12039.373,,,,F,Free (free for publication),1,One,A,Normal value,6,Millions,_Z,Not applicable
DATAFLOW,OECD.SDD.NAD:DSD_NAMAIN10@DF_TABLE1_EXPENDITURE(2.0),Annual GDP and components - expenditure approach,I,A,Annual,LTU,Lithuania,S1M,Households and non-profit institutions serving households (NPISH),S1,Total economy,P3,Final consumption expenditure,_Z,Not applicable,_Z,Not applicable,_T,Total,USD_EXC,"US dollars, exchange rate converted",V,Current prices,N,Non transformed data,T0102,Table 0102 - GDP identity from the expenditure side,2002,,9146.341,,,,F,Free (free for publication),1,One,A,Normal value,6,Millions,_Z,Not applicable
DATAFLOW,OECD.SDD.NAD:DSD_NAMAIN10@DF_TABLE1_EXPENDITURE(2.0),Annual GDP and components - expenditure approach,I,A,Annual,LTU,Lithuania,S1M,Households and non-profit institutions serving households (NPISH),S1,Total economy,P3,Final consumption expenditure,_Z,Not applicable,_Z,Not applicable,_T,Total,USD_EXC,"US dollars, exchange rate converted",V,Current prices,N,Non transformed data,T0102,Table 0102 - GDP identity from the expenditure side,2001,,7964.208,,,,F,Free (free for publication),1,One,A,Normal value,6,Millions,_Z,Not applicable
DATAFLOW,OECD.SDD.NAD:DSD_NAMAIN10@DF_TABLE1_EXPENDITURE(2.0),Annual GDP and components - expenditure approach,I,A,Annual,MLT,Malta,S1M,Households and non-profit institutions serving households (NPISH),S1,Total economy,P3,Final consumption expenditure,_Z,Not applicable,_Z,Not applicable,_T,Total,USD_EXC,"US dollars, exchange rate converted",V,Current prices,N,Non transformed data,T0102,Table 0102 - GDP identity from the expenditure side,2004,,3853.808,,,,F,Free (free for publication),1,One,A,Normal value,6,Millions,_Z,Not applicable
DATAFLOW,OECD.SDD.NAD:DSD_NAMAIN10@DF_TABLE1_EXPENDITURE(2.0),Annual GDP and components - expenditure approach,I,A,Annual,MLT,Malta,S1M,Households and non-profit institutions serving households (NPISH),S1,Total economy,P3,Final consumption expenditure,_Z,Not applicable,_Z,Not applicable,_T,Total,USD_EXC,"US dollars, exchange rate converted",V,Current prices,N,Non transformed data,T0102,Table 0102 - GDP identity from the expenditure side,2003,,3325.446,,,,F,Free (free for publication),1,One,A,Normal value,6,Millions,_Z,Not applicable
DATAFLOW,OECD.SDD.NAD:DSD_NAMAIN10@DF_TABLE1_EXPENDITURE(2.0),Annual GDP and components - expenditure approach,I,A,Annual,MLT,Malta,S1M,Households and non-profit institutions serving households (NPISH),S1,Total economy,P3,Final consumption expenditure,_Z,Not applicable,_Z,Not applicable,_T,Total,USD_EXC,"US dollars, exchange rate converted",V,Current prices,N,Non transformed data,T0102,Table 0102 - GDP identity from the expenditure side,2002,,2717.263,,,,F,Free (free for publication),1,One,A,Normal value,6,Millions,_Z,Not applicable
DATAFLOW,OECD.SDD.NAD:DSD_NAMAIN10@DF_TABLE1_EXPENDITURE(2.0),Annual GDP and components - expenditure approach,I,A,Annual,MLT,Malta,S1M,Households and non-profit institutions serving households (NPISH),S1,Total economy,P3,Final consumption expenditure,_Z,Not applicable,_Z,Not applicable,_T,Total,USD_EXC,"US dollars, exchange rate converted",V,Current prices,N,Non transformed data,T0102,Table 0102 - GDP identity from the expenditure side,2001,,2633.032,,,,F,Free (free for publication),1,One,A,Normal value,6,Millions,_Z,Not applicable
DATAFLOW,OECD.SDD.NAD:DSD_NAMAIN10@DF_TABLE1_EXPENDITURE(2.0),Annual GDP and components - expenditure approach,I,A,Annual,MLT,Malta,S1M,Households and non-profit institutions serving households (NPISH),S1,Total economy,P3,Final consumption expenditure,_Z,Not applicable,_Z,Not applicable,_T,Total,USD_EXC,"US dollars, exchange rate converted",V,Current prices,N,Non transformed data,T0102,Table 0102 - GDP identity from the expenditure side,2000,,2580.359,,,,F,Free (free for publication),1,One,A,Normal value,6,Millions,_Z,Not applicable
DATAFLOW,OECD.SDD.NAD:DSD_NAMAIN10@DF_TABLE1_EXPENDITURE(2.0),Annual GDP and components - expenditure approach,I,A,Annual,MLT,Malta,S1M,Households and non-profit institutions serving households (NPISH),S1,Total economy,P3,Final consumption expenditure,_Z,Not applicable,_Z,Not applicable,_T,Total,USD_EXC,"US dollars, exchange rate converted",V,Current prices,N,Non transformed data,T0102,Table 0102 - GDP identity from the expenditure side,1999,,2612.441,,,,F,Free (free for publication),1,One,A,Normal value,6,Millions,_Z,Not applicable
DATAFLOW,OECD.SDD.NAD:DSD_NAMAIN10@DF_TABLE1_EXPENDITURE(2.0),Annual GDP and components - expenditure approach,I,A,Annual,MLT,Malta,S1M,Households and non-profit institutions serving households (NPISH),S1,Total economy,P3,Final consumption expenditure,_Z,Not applicable,_Z,Not applicable,_T,Total,USD_EXC,"US dollars, exchange rate converted",V,Current prices,N,Non transformed data,T0102,Table 0102 - GDP identity from the expenditure side,1998,,2504.226,,,,F,Free (free for publication),1,One,A,Normal value,6,Millions,_Z,Not applicable
DATAFLOW,OECD.SDD.NAD:DSD_NAMAIN10@DF_TABLE1_EXPENDITURE(2.0),Annual GDP and components - expenditure approach,I,A,Annual,MLT,Malta,S1M,Households and non-profit institutions serving households (NPISH),S1,Total economy,P3,Final consumption expenditure,_Z,Not applicable,_Z,Not applicable,_T,Total,USD_EXC,"US dollars, exchange rate converted",V,Current prices,N,Non transformed data,T0102,Table 0102 - GDP identity from the expenditure side,1997,,2389.55,,,,F,Free (free for publication),1,One,A,Normal value,6,Millions,_Z,Not applicable
DATAFLOW,OECD.SDD.NAD:DSD_NAMAIN10@DF_TABLE1_EXPENDITURE(2.0),Annual GDP and components - expenditure approach,I,A,Annual,MLT,Malta,S1M,Households and non-profit institutions serving households (NPISH),S1,Total economy,P3,Final consumption expenditure,_Z,Not applicable,_Z,Not applicable,_T,Total,USD_EXC,"US dollars, exchange rate converted",V,Current prices,N,Non transformed data,T0102,Table 0102 - GDP identity from the expenditure side,1996,,2440.954,,,,F,Free (free for publication),1,One,A,Normal value,6,Millions,_Z,Not applicable
DATAFLOW,OECD.SDD.NAD:DSD_NAMAIN10@DF_TABLE1_EXPENDITURE(2.0),Annual GDP and components - expenditure approach,I,A,Annual,MLT,Malta,S1M,Households and non-profit institutions serving households (NPISH),S1,Total economy,P3,Final consumption expenditure,_Z,Not applicable,_Z,Not applicable,_T,Total,USD_EXC,"US dollars, exchange rate converted",V,Current prices,N,Non transformed data,T0102,Table 0102 - GDP identity from the expenditure side,1995,,2288.744,,,,F,Free (free for publication),1,One,A,Normal value,6,Millions,_Z,Not applicable
DATAFLOW,OECD.SDD.NAD:DSD_NAMAIN10@DF_TABLE1_EXPENDITURE(2.0),Annual GDP and components - expenditure approach,I,A,Annual,MLT,Malta,S1M,Households and non-profit institutions serving households (NPISH),S1,Total economy,P3,Final consumption expenditure,_Z,Not applicable,_Z,Not applicable,_T,Total,USD_EXC,"US dollars, exchange rate converted",V,Current prices,N,Non transformed data,T0102,Table 0102 - GDP identity from the expenditure side,2018,,7110.496,,,,F,Free (free for publication),1,One,A,Normal value,6,Millions,_Z,Not applicable
DATAFLOW,OECD.SDD.NAD:DSD_NAMAIN10@DF_TABLE1_EXPENDITURE(2.0),Annual GDP and components - expenditure approach,I,A,Annual,MLT,Malta,S1M,Households and non-profit institutions serving households (NPISH),S1,Total economy,P3,Final consumption expenditure,_Z,Not applicable,_Z,Not applicable,_T,Total,USD_EXC,"US dollars, exchange rate converted",V,Current prices,N,Non transformed data,T0102,Table 0102 - GDP identity from the expenditure side,2017,,6137.568,,,,F,Free (free for publication),1,One,A,Normal value,6,Millions,_Z,Not applicable
DATAFLOW,OECD.SDD.NAD:DSD_NAMAIN10@DF_TABLE1_EXPENDITURE(2.0),Annual GDP and components - expenditure approach,I,A,Annual,MLT,Malta,S1M,Households and non-profit institutions serving households (NPISH),S1,Total economy,P3,Final consumption expenditure,_Z,Not applicable,_Z,Not applicable,_T,Total,USD_EXC,"US dollars, exchange rate converted",V,Current prices,N,Non transformed data,T0102,Table 0102 - GDP identity from the expenditure side,2016,,5638.345,,,,F,Free (free for publication),1,One,A,Normal value,6,Millions,_Z,Not applicable
DATAFLOW,OECD.SDD.NAD:DSD_NAMAIN10@DF_TABLE1_EXPENDITURE(2.0),Annual GDP and components - expenditure approach,I,A,Annual,MLT,Malta,S1M,Households and non-profit institutions serving households (NPISH),S1,Total economy,P3,Final consumption expenditure,_Z,Not applicable,_Z,Not applicable,_T,Total,USD_EXC,"US dollars, exchange rate converted",V,Current prices,N,Non transformed data,T0102,Table 0102 - GDP identity from the expenditure side,2015,,5435.456,,,,F,Free (free for publication),1,One,A,Normal value,6,Millions,_Z,Not applicable
DATAFLOW,OECD.SDD.NAD:DSD_NAMAIN10@DF_TABLE1_EXPENDITURE(2.0),Annual GDP and components - expenditure approach,I,A,Annual,MLT,Malta,S1M,Households and non-profit institutions serving households (NPISH),S1,Total economy,P3,Final consumption expenditure,_Z,Not applicable,_Z,Not applicable,_T,Total,USD_EXC,"US dollars, exchange rate converted",V,Current prices,N,Non transformed data,T0102,Table 0102 - GDP identity from the expenditure side,2014,,6259.414,,,,F,Free (free for publication),1,One,A,Normal value,6,Millions,_Z,Not applicable
DATAFLOW,OECD.SDD.NAD:DSD_NAMAIN10@DF_TABLE1_EXPENDITURE(2.0),Annual GDP and components - expenditure approach,I,A,Annual,TUR,Türkiye,S1M,Households and non-profit institutions serving households (NPISH),S1,Total economy,P3,Final consumption expenditure,_Z,Not applicable,_Z,Not applicable,_T,Total,USD_EXC,"US dollars, exchange rate converted",V,Current prices,N,Non transformed data,T0102,Table 0102 - GDP identity from the expenditure side,2009,,399783.5,,,,F,Free (free for publication),1,One,A,Normal value,6,Millions,_Z,Not applicable
DATAFLOW,OECD.SDD.NAD:DSD_NAMAIN10@DF_TABLE1_EXPENDITURE(2.0),Annual GDP and components - expenditure approach,I,A,Annual,TUR,Türkiye,S1M,Households and non-profit institutions serving households (NPISH),S1,Total economy,P3,Final consumption expenditure,_Z,Not applicable,_Z,Not applicable,_T,Total,USD_EXC,"US dollars, exchange rate converted",V,Current prices,N,Non transformed data,T0102,Table 0102 - GDP identity from the expenditure side,2008,,470593.256,,,,F,Free (free for publication),1,One,A,Normal value,6,Millions,_Z,Not applicable
DATAFLOW,OECD.SDD.NAD:DSD_NAMAIN10@DF_TABLE1_EXPENDITURE(2.0),Annual GDP and components - expenditure approach,I,A,Annual,TUR,Türkiye,S1M,Households and non-profit institutions serving households (NPISH),S1,Total economy,P3,Final consumption expenditure,_Z,Not applicable,_Z,Not applicable,_T,Total,USD_EXC,"US dollars, exchange rate converted",V,Current prices,N,Non transformed data,T0102,Table 0102 - GDP identity from the expenditure side,2007,,422968.117,,,,F,Free (free for publication),1,One,A,Normal value,6,Millions,_Z,Not applicable
DATAFLOW,OECD.SDD.NAD:DSD_NAMAIN10@DF_TABLE1_EXPENDITURE(2.0),Annual GDP and components - expenditure approach,I,A,Annual,TUR,Türkiye,S1M,Households and non-profit institutions serving households (NPISH),S1,Total economy,P3,Final consumption expenditure,_Z,Not applicable,_Z,Not applicable,_T,Total,USD_EXC,"US dollars, exchange rate converted",V,Current prices,N,Non transformed data,T0102,Table 0102 - GDP identity from the expenditure side,2020,,408922.115,,,,F,Free (free for publication),1,One,A,Normal value,6,Millions,_Z,Not applicable
DATAFLOW,OECD.SDD.NAD:DSD_NAMAIN10@DF_TABLE1_EXPENDITURE(2.0),Annual GDP and components - expenditure approach,I,A,Annual,TUR,Türkiye,S1M,Households and non-profit institutions serving households (NPISH),S1,Total economy,P3,Final consumption expenditure,_Z,Not applicable,_Z,Not applicable,_T,Total,USD_EXC,"US dollars, exchange rate converted",V,Current prices,N,Non transformed data,T0102,Table 0102 - GDP identity from the expenditure side,2019,,432980.673,,,,F,Free (free for publication),1,One,A,Normal value,6,Millions,_Z,Not applicable
DATAFLOW,OECD.SDD.NAD:DSD_NAMAIN10@DF_TABLE1_EXPENDITURE(2.0),Annual GDP and components - expenditure approach,I,A,Annual,TUR,Türkiye,S1M,Households and non-profit institutions serving households (NPISH),S1,Total economy,P3,Final consumption expenditure,_Z,Not applicable,_Z,Not applicable,_T,Total,USD_EXC,"US dollars, exchange rate converted",V,Current prices,N,Non transformed data,T0102,Table 0102 - GDP identity from the expenditure side,2018,,437639.742,,,,F,Free (free for publication),1,One,A,Normal value,6,Millions,_Z,Not applicable
DATAFLOW,OECD.SDD.NAD:DSD_NAMAIN10@DF_TABLE1_EXPENDITURE(2.0),Annual GDP and components - expenditure approach,I,A,Annual,TUR,Türkiye,S1M,Households and non-profit institutions serving households (NPISH),S1,Total economy,P3,Final consumption expenditure,_Z,Not applicable,_Z,Not applicable,_T,Total,USD_EXC,"US dollars, exchange rate converted",V,Current prices,N,Non transformed data,T0102,Table 0102 - GDP identity from the expenditure side,2017,,503443.332,,,,F,Free (free for publication),1,One,A,Normal value,6,Millions,_Z,Not applicable
DATAFLOW,OECD.SDD.NAD:DSD_NAMAIN10@DF_TABLE1_EXPENDITURE(2.0),Annual GDP and components - expenditure approach,I,A,Annual,IND,India,S1M,Households and non-profit institutions serving households (NPISH),S1,Total economy,P3,Final consumption expenditure,_Z,Not applicable,_Z,Not applicable,_T,Total,USD_EXC,"US dollars, exchange rate converted",V,Current prices,N,Non transformed data,T0102,Table 0102 - GDP identity from the expenditure side,2001,,309989.179,,,,F,Free (free for publication),1,One,E,Estimated value,6,Millions,_Z,Not applicable
DATAFLOW,OECD.SDD.NAD:DSD_NAMAIN10@DF_TABLE1_EXPENDITURE(2.0),Annual GDP and components - expenditure approach,I,A,Annual,IND,India,S1M,Households and non-profit institutions serving households (NPISH),S1,Total economy,P3,Final consumption expenditure,_Z,Not applicable,_Z,Not applicable,_T,Total,USD_EXC,"US dollars, exchange rate converted",V,Current prices,N,Non transformed data,T0102,Table 0102 - GDP identity from the expenditure side,2000,,298908.775,,,,F,Free (free for publication),1,One,E,Estimated value,6,Millions,_Z,Not applicable
DATAFLOW,OECD.SDD.NAD:DSD_NAMAIN10@DF_TABLE1_EXPENDITURE(2.0),Annual GDP and components - expenditure approach,I,A,Annual,PRT,Portugal,S1M,Households and non-profit institutions serving households (NPISH),S1,Total economy,P3,Final consumption expenditure,_Z,Not applicable,_Z,Not applicable,_T,Total,USD_EXC,"US dollars, exchange rate converted",V,Current prices,N,Non transformed data,T0102,Table 0102 - GDP identity from the expenditure side,2011,,161576.906,,,,F,Free (free for publication),1,One,A,Normal value,6,Millions,_Z,Not applicable
DATAFLOW,OECD.SDD.NAD:DSD_NAMAIN10@DF_TABLE1_EXPENDITURE(2.0),Annual GDP and components - expenditure approach,I,A,Annual,PRT,Portugal,S1M,Households and non-profit institutions serving households (NPISH),S1,Total economy,P3,Final consumption expenditure,_Z,Not applicable,_Z,Not applicable,_T,Total,USD_EXC,"US dollars, exchange rate converted",V,Current prices,N,Non transformed data,T0102,Table 0102 - GDP identity from the expenditure side,2010,,157031.468,,,,F,Free (free for publication),1,One,A,Normal value,6,Millions,_Z,Not applicable
DATAFLOW,OECD.SDD.NAD:DSD_NAMAIN10@DF_TABLE1_EXPENDITURE(2.0),Annual GDP and components - expenditure approach,I,A,Annual,PRT,Portugal,S1M,Households and non-profit institutions serving households (NPISH),S1,Total economy,P3,Final consumption expenditure,_Z,Not applicable,_Z,Not applicable,_T,Total,USD_EXC,"US dollars, exchange rate converted",V,Current prices,N,Non transformed data,T0102,Table 0102 - GDP identity from the expenditure side,2009,,158558.338,,,,F,Free (free for publication),1,One,A,Normal value,6,Millions,_Z,Not applicable
DATAFLOW,OECD.SDD.NAD:DSD_NAMAIN10@DF_TABLE1_EXPENDITURE(2.0),Annual GDP and components - expenditure approach,I,A,Annual,PRT,Portugal,S1M,Households and non-profit institutions serving households (NPISH),S1,Total economy,P3,Final consumption expenditure,_Z,Not applicable,_Z,Not applicable,_T,Total,USD_EXC,"US dollars, exchange rate converted",V,Current prices,N,Non transformed data,T0102,Table 0102 - GDP identity from the expenditure side,2008,,174624.968,,,,F,Free (free for publication),1,One,A,Normal value,6,Millions,_Z,Not applicable
DATAFLOW,OECD.SDD.NAD:DSD_NAMAIN10@DF_TABLE1_EXPENDITURE(2.0),Annual GDP and components - expenditure approach,I,A,Annual,PRT,Portugal,S1M,Households and non-profit institutions serving households (NPISH),S1,Total economy,P3,Final consumption expenditure,_Z,Not applicable,_Z,Not applicable,_T,Total,USD_EXC,"US dollars, exchange rate converted",V,Current prices,N,Non transformed data,T0102,Table 0102 - GDP identity from the expenditure side,2007,,156109.773,,,,F,Free (free for publication),1,One,A,Normal value,6,Millions,_Z,Not applicable
DATAFLOW,OECD.SDD.NAD:DSD_NAMAIN10@DF_TABLE1_EXPENDITURE(2.0),Annual GDP and components - expenditure approach,I,A,Annual,PRT,Portugal,S1M,Households and non-profit institutions serving households (NPISH),S1,Total economy,P3,Final consumption expenditure,_Z,Not applicable,_Z,Not applicable,_T,Total,USD_EXC,"US dollars, exchange rate converted",V,Current prices,N,Non transformed data,T0102,Table 0102 - GDP identity from the expenditure side,2020,,146254.864,,,,F,Free (free for publication),1,One,A,Normal value,6,Millions,_Z,Not applicable
DATAFLOW,OECD.SDD.NAD:DSD_NAMAIN10@DF_TABLE1_EXPENDITURE(2.0),Annual GDP and components - expenditure approach,I,A,Annual,PRT,Portugal,S1M,Households and non-profit institutions serving households (NPISH),S1,Total economy,P3,Final consumption expenditure,_Z,Not applicable,_Z,Not applicable,_T,Total,USD_EXC,"US dollars, exchange rate converted",V,Current prices,N,Non transformed data,T0102,Table 0102 - GDP identity from the expenditure side,2019,,153074.44,,,,F,Free (free for publication),1,One,A,Normal value,6,Millions,_Z,Not applicable
DATAFLOW,OECD.SDD.NAD:DSD_NAMAIN10@DF_TABLE1_EXPENDITURE(2.0),Annual GDP and components - expenditure approach,I,A,Annual,PRT,Portugal,S1M,Households and non-profit institutions serving households (NPISH),S1,Total economy,P3,Final consumption expenditure,_Z,Not applicable,_Z,Not applicable,_T,Total,USD_EXC,"US dollars, exchange rate converted",V,Current prices,N,Non transformed data,T0102,Table 0102 - GDP identity from the expenditure side,2018,,154685.642,,,,F,Free (free for publication),1,One,A,Normal value,6,Millions,_Z,Not applicable
DATAFLOW,OECD.SDD.NAD:DSD_NAMAIN10@DF_TABLE1_EXPENDITURE(2.0),Annual GDP and components - expenditure approach,I,A,Annual,PRT,Portugal,S1M,Households and non-profit institutions serving households (NPISH),S1,Total economy,P3,Final consumption expenditure,_Z,Not applicable,_Z,Not applicable,_T,Total,USD_EXC,"US dollars, exchange rate converted",V,Current prices,N,Non transformed data,T0102,Table 0102 - GDP identity from the expenditure side,2017,,141955.006,,,,F,Free (free for publication),1,One,A,Normal value,6,Millions,_Z,Not applicable
DATAFLOW,OECD.SDD.NAD:DSD_NAMAIN10@DF_TABLE1_EXPENDITURE(2.0),Annual GDP and components - expenditure approach,I,A,Annual,PRT,Portugal,S1M,Households and non-profit institutions serving households (NPISH),S1,Total economy,P3,Final consumption expenditure,_Z,Not applicable,_Z,Not applicable,_T,Total,USD_EXC,"US dollars, exchange rate converted",V,Current prices,N,Non transformed data,T0102,Table 0102 - GDP identity from the expenditure side,2006,,134958.817,,,,F,Free (free for publication),1,One,A,Normal value,6,Millions,_Z,Not applicable
DATAFLOW,OECD.SDD.NAD:DSD_NAMAIN10@DF_TABLE1_EXPENDITURE(2.0),Annual GDP and components - expenditure approach,I,A,Annual,AUT,Austria,S1M,Households and non-profit institutions serving households (NPISH),S1,Total economy,P3,Final consumption expenditure,_Z,Not applicable,_Z,Not applicable,_T,Total,USD_EXC,"US dollars, exchange rate converted",V,Current prices,N,Non transformed data,T0102,Table 0102 - GDP identity from the expenditure side,2013,,227025.839,,,,F,Free (free for publication),1,One,A,Normal value,6,Millions,_Z,Not applicable
DATAFLOW,OECD.SDD.NAD:DSD_NAMAIN10@DF_TABLE1_EXPENDITURE(2.0),Annual GDP and components - expenditure approach,I,A,Annual,AUT,Austria,S1M,Households and non-profit institutions serving households (NPISH),S1,Total economy,P3,Final consumption expenditure,_Z,Not applicable,_Z,Not applicable,_T,Total,USD_EXC,"US dollars, exchange rate converted",V,Current prices,N,Non transformed data,T0102,Table 0102 - GDP identity from the expenditure side,2012,,215891.394,,,,F,Free (free for publication),1,One,A,Normal value,6,Millions,_Z,Not applicable
DATAFLOW,OECD.SDD.NAD:DSD_NAMAIN10@DF_TABLE1_EXPENDITURE(2.0),Annual GDP and components - expenditure approach,I,A,Annual,AUT,Austria,S1M,Households and non-profit institutions serving households (NPISH),S1,Total economy,P3,Final consumption expenditure,_Z,Not applicable,_Z,Not applicable,_T,Total,USD_EXC,"US dollars, exchange rate converted",V,Current prices,N,Non transformed data,T0102,Table 0102 - GDP identity from the expenditure side,2011,,227123.31,,,,F,Free (free for publication),1,One,A,Normal value,6,Millions,_Z,Not applicable
DATAFLOW,OECD.SDD.NAD:DSD_NAMAIN10@DF_TABLE1_EXPENDITURE(2.0),Annual GDP and components - expenditure approach,I,A,Annual,AUT,Austria,S1M,Households and non-profit institutions serving households (NPISH),S1,Total economy,P3,Final consumption expenditure,_Z,Not applicable,_Z,Not applicable,_T,Total,USD_EXC,"US dollars, exchange rate converted",V,Current prices,N,Non transformed data,T0102,Table 0102 - GDP identity from the expenditure side,2010,,207446.337,,,,F,Free (free for publication),1,One,A,Normal value,6,Millions,_Z,Not applicable
DATAFLOW,OECD.SDD.NAD:DSD_NAMAIN10@DF_TABLE1_EXPENDITURE(2.0),Annual GDP and components - expenditure approach,I,A,Annual,AUT,Austria,S1M,Households and non-profit institutions serving households (NPISH),S1,Total economy,P3,Final consumption expenditure,_Z,Not applicable,_Z,Not applicable,_T,Total,USD_EXC,"US dollars, exchange rate converted",V,Current prices,N,Non transformed data,T0102,Table 0102 - GDP identity from the expenditure side,2009,,211845.41,,,,F,Free (free for publication),1,One,A,Normal value,6,Millions,_Z,Not applicable
DATAFLOW,OECD.SDD.NAD:DSD_NAMAIN10@DF_TABLE1_EXPENDITURE(2.0),Annual GDP and components - expenditure approach,I,A,Annual,AUT,Austria,S1M,Households and non-profit institutions serving households (NPISH),S1,Total economy,P3,Final consumption expenditure,_Z,Not applicable,_Z,Not applicable,_T,Total,USD_EXC,"US dollars, exchange rate converted",V,Current prices,N,Non transformed data,T0102,Table 0102 - GDP identity from the expenditure side,2008,,220793.426,,,,F,Free (free for publication),1,One,A,Normal value,6,Millions,_Z,Not applicable
DATAFLOW,OECD.SDD.NAD:DSD_NAMAIN10@DF_TABLE1_EXPENDITURE(2.0),Annual GDP and components - expenditure approach,I,A,Annual,AUT,Austria,S1M,Households and non-profit institutions serving households (NPISH),S1,Total economy,P3,Final consumption expenditure,_Z,Not applicable,_Z,Not applicable,_T,Total,USD_EXC,"US dollars, exchange rate converted",V,Current prices,N,Non transformed data,T0102,Table 0102 - GDP identity from the expenditure side,2007,,199551.425,,,,F,Free (free for publication),1,One,A,Normal value,6,Millions,_Z,Not applicable
DATAFLOW,OECD.SDD.NAD:DSD_NAMAIN10@DF_TABLE1_EXPENDITURE(2.0),Annual GDP and components - expenditure approach,I,A,Annual,AUT,Austria,S1M,Households and non-profit institutions serving households (NPISH),S1,Total economy,P3,Final consumption expenditure,_Z,Not applicable,_Z,Not applicable,_T,Total,USD_EXC,"US dollars, exchange rate converted",V,Current prices,N,Non transformed data,T0102,Table 0102 - GDP identity from the expenditure side,2006,,176240.784,,,,F,Free (free for publication),1,One,A,Normal value,6,Millions,_Z,Not applicable
DATAFLOW,OECD.SDD.NAD:DSD_NAMAIN10@DF_TABLE1_EXPENDITURE(2.0),Annual GDP and components - expenditure approach,I,A,Annual,AUT,Austria,S1M,Households and non-profit institutions serving households (NPISH),S1,Total economy,P3,Final consumption expenditure,_Z,Not applicable,_Z,Not applicable,_T,Total,USD_EXC,"US dollars, exchange rate converted",V,Current prices,N,Non transformed data,T0102,Table 0102 - GDP identity from the expenditure side,2005,,167730.945,,,,F,Free (free for publication),1,One,A,Normal value,6,Millions,_Z,Not applicable
DATAFLOW,OECD.SDD.NAD:DSD_NAMAIN10@DF_TABLE1_EXPENDITURE(2.0),Annual GDP and components - expenditure approach,I,A,Annual,AUT,Austria,S1M,Households and non-profit institutions serving households (NPISH),S1,Total economy,P3,Final consumption expenditure,_Z,Not applicable,_Z,Not applicable,_T,Total,USD_EXC,"US dollars, exchange rate converted",V,Current prices,N,Non transformed data,T0102,Table 0102 - GDP identity from the expenditure side,2004,,160271.435,,,,F,Free (free for publication),1,One,A,Normal value,6,Millions,_Z,Not applicable
DATAFLOW,OECD.SDD.NAD:DSD_NAMAIN10@DF_TABLE1_EXPENDITURE(2.0),Annual GDP and components - expenditure approach,I,A,Annual,AUT,Austria,S1M,Households and non-profit institutions serving households (NPISH),S1,Total economy,P3,Final consumption expenditure,_Z,Not applicable,_Z,Not applicable,_T,Total,USD_EXC,"US dollars, exchange rate converted",V,Current prices,N,Non transformed data,T0102,Table 0102 - GDP identity from the expenditure side,1999,,114737.082,,,,F,Free (free for publication),1,One,A,Normal value,6,Millions,_Z,Not applicable
DATAFLOW,OECD.SDD.NAD:DSD_NAMAIN10@DF_TABLE1_EXPENDITURE(2.0),Annual GDP and components - expenditure approach,I,A,Annual,AUT,Austria,S1M,Households and non-profit institutions serving households (NPISH),S1,Total economy,P3,Final consumption expenditure,_Z,Not applicable,_Z,Not applicable,_T,Total,USD_EXC,"US dollars, exchange rate converted",V,Current prices,N,Non transformed data,T0102,Table 0102 - GDP identity from the expenditure side,1998,,116780.681,,,,F,Free (free for publication),1,One,A,Normal value,6,Millions,_Z,Not applicable
DATAFLOW,OECD.SDD.NAD:DSD_NAMAIN10@DF_TABLE1_EXPENDITURE(2.0),Annual GDP and components - expenditure approach,I,A,Annual,AUT,Austria,S1M,Households and non-profit institutions serving households (NPISH),S1,Total economy,P3,Final consumption expenditure,_Z,Not applicable,_Z,Not applicable,_T,Total,USD_EXC,"US dollars, exchange rate converted",V,Current prices,N,Non transformed data,T0102,Table 0102 - GDP identity from the expenditure side,1997,,114829.65,,,,F,Free (free for publication),1,One,A,Normal value,6,Millions,_Z,Not applicable
DATAFLOW,OECD.SDD.NAD:DSD_NAMAIN10@DF_TABLE1_EXPENDITURE(2.0),Annual GDP and components - expenditure approach,I,A,Annual,AUT,Austria,S1M,Households and non-profit institutions serving households (NPISH),S1,Total economy,P3,Final consumption expenditure,_Z,Not applicable,_Z,Not applicable,_T,Total,USD_EXC,"US dollars, exchange rate converted",V,Current prices,N,Non transformed data,T0102,Table 0102 - GDP identity from the expenditure side,1996,,129817.452,,,,F,Free (free for publication),1,One,A,Normal value,6,Millions,_Z,Not applicable
DATAFLOW,OECD.SDD.NAD:DSD_NAMAIN10@DF_TABLE1_EXPENDITURE(2.0),Annual GDP and components - expenditure approach,I,A,Annual,AUT,Austria,S1M,Households and non-profit institutions serving households (NPISH),S1,Total economy,P3,Final consumption expenditure,_Z,Not applicable,_Z,Not applicable,_T,Total,USD_EXC,"US dollars, exchange rate converted",V,Current prices,N,Non transformed data,T0102,Table 0102 - GDP identity from the expenditure side,1995,,130561.507,,,,F,Free (free for publication),1,One,A,Normal value,6,Millions,_Z,Not applicable
DATAFLOW,OECD.SDD.NAD:DSD_NAMAIN10@DF_TABLE1_EXPENDITURE(2.0),Annual GDP and components - expenditure approach,I,A,Annual,AUT,Austria,S1M,Households and non-profit institutions serving households (NPISH),S1,Total economy,P3,Final consumption expenditure,_Z,Not applicable,_Z,Not applicable,_T,Total,USD_EXC,"US dollars, exchange rate converted",V,Current prices,N,Non transformed data,T0102,Table 0102 - GDP identity from the expenditure side,2020,,215417.863,,,,F,Free (free for publication),1,One,A,Normal value,6,Millions,_Z,Not applicable
DATAFLOW,OECD.SDD.NAD:DSD_NAMAIN10@DF_TABLE1_EXPENDITURE(2.0),Annual GDP and components - expenditure approach,I,A,Annual,AUT,Austria,S1M,Households and non-profit institutions serving households (NPISH),S1,Total economy,P3,Final consumption expenditure,_Z,Not applicable,_Z,Not applicable,_T,Total,USD_EXC,"US dollars, exchange rate converted",V,Current prices,N,Non transformed data,T0102,Table 0102 - GDP identity from the expenditure side,2019,,226116.477,,,,F,Free (free for publication),1,One,A,Normal value,6,Millions,_Z,Not applicable
DATAFLOW,OECD.SDD.NAD:DSD_NAMAIN10@DF_TABLE1_EXPENDITURE(2.0),Annual GDP and components - expenditure approach,I,A,Annual,AUT,Austria,S1M,Households and non-profit institutions serving households (NPISH),S1,Total economy,P3,Final consumption expenditure,_Z,Not applicable,_Z,Not applicable,_T,Total,USD_EXC,"US dollars, exchange rate converted",V,Current prices,N,Non transformed data,T0102,Table 0102 - GDP identity from the expenditure side,2018,,232823.004,,,,F,Free (free for publication),1,One,A,Normal value,6,Millions,_Z,Not applicable
DATAFLOW,OECD.SDD.NAD:DSD_NAMAIN10@DF_TABLE1_EXPENDITURE(2.0),Annual GDP and components - expenditure approach,I,A,Annual,AUT,Austria,S1M,Households and non-profit institutions serving households (NPISH),S1,Total economy,P3,Final consumption expenditure,_Z,Not applicable,_Z,Not applicable,_T,Total,USD_EXC,"US dollars, exchange rate converted",V,Current prices,N,Non transformed data,T0102,Table 0102 - GDP identity from the expenditure side,2017,,216188.127,,,,F,Free (free for publication),1,One,A,Normal value,6,Millions,_Z,Not applicable
DATAFLOW,OECD.SDD.NAD:DSD_NAMAIN10@DF_TABLE1_EXPENDITURE(2.0),Annual GDP and components - expenditure approach,I,A,Annual,AUT,Austria,S1M,Households and non-profit institutions serving households (NPISH),S1,Total economy,P3,Final consumption expenditure,_Z,Not applicable,_Z,Not applicable,_T,Total,USD_EXC,"US dollars, exchange rate converted",V,Current prices,N,Non transformed data,T0102,Table 0102 - GDP identity from the expenditure side,2016,,204060.352,,,,F,Free (free for publication),1,One,A,Normal value,6,Millions,_Z,Not applicable
DATAFLOW,OECD.SDD.NAD:DSD_NAMAIN10@DF_TABLE1_EXPENDITURE(2.0),Annual GDP and components - expenditure approach,I,A,Annual,AUT,Austria,S1M,Households and non-profit institutions serving households (NPISH),S1,Total economy,P3,Final consumption expenditure,_Z,Not applicable,_Z,Not applicable,_T,Total,USD_EXC,"US dollars, exchange rate converted",V,Current prices,N,Non transformed data,T0102,Table 0102 - GDP identity from the expenditure side,2003,,140409.816,,,,F,Free (free for publication),1,One,A,Normal value,6,Millions,_Z,Not applicable
DATAFLOW,OECD.SDD.NAD:DSD_NAMAIN10@DF_TABLE1_EXPENDITURE(2.0),Annual GDP and components - expenditure approach,I,A,Annual,AUT,Austria,S1M,Households and non-profit institutions serving households (NPISH),S1,Total economy,P3,Final consumption expenditure,_Z,Not applicable,_Z,Not applicable,_T,Total,USD_EXC,"US dollars, exchange rate converted",V,Current prices,N,Non transformed data,T0102,Table 0102 - GDP identity from the expenditure side,2002,,113077.207,,,,F,Free (free for publication),1,One,A,Normal value,6,Millions,_Z,Not applicable
DATAFLOW,OECD.SDD.NAD:DSD_NAMAIN10@DF_TABLE1_EXPENDITURE(2.0),Annual GDP and components - expenditure approach,I,A,Annual,AUT,Austria,S1M,Households and non-profit institutions serving households (NPISH),S1,Total economy,P3,Final consumption expenditure,_Z,Not applicable,_Z,Not applicable,_T,Total,USD_EXC,"US dollars, exchange rate converted",V,Current prices,N,Non transformed data,T0102,Table 0102 - GDP identity from the expenditure side,2001,,105552.266,,,,F,Free (free for publication),1,One,A,Normal value,6,Millions,_Z,Not applicable
DATAFLOW,OECD.SDD.NAD:DSD_NAMAIN10@DF_TABLE1_EXPENDITURE(2.0),Annual GDP and components - expenditure approach,I,A,Annual,AUT,Austria,S1M,Households and non-profit institutions serving households (NPISH),S1,Total economy,P3,Final consumption expenditure,_Z,Not applicable,_Z,Not applicable,_T,Total,USD_EXC,"US dollars, exchange rate converted",V,Current prices,N,Non transformed data,T0102,Table 0102 - GDP identity from the expenditure side,2000,,104691.689,,,,F,Free (free for publication),1,One,A,Normal value,6,Millions,_Z,Not applicable
DATAFLOW,OECD.SDD.NAD:DSD_NAMAIN10@DF_TABLE1_EXPENDITURE(2.0),Annual GDP and components - expenditure approach,I,A,Annual,AUT,Austria,S1M,Households and non-profit institutions serving households (NPISH),S1,Total economy,P3,Final consumption expenditure,_Z,Not applicable,_Z,Not applicable,_T,Total,USD_EXC,"US dollars, exchange rate converted",V,Current prices,N,Non transformed data,T0102,Table 0102 - GDP identity from the expenditure side,2015,,198182.326,,,,F,Free (free for publication),1,One,A,Normal value,6,Millions,_Z,Not applicable
DATAFLOW,OECD.SDD.NAD:DSD_NAMAIN10@DF_TABLE1_EXPENDITURE(2.0),Annual GDP and components - expenditure approach,I,A,Annual,EST,Estonia,S1M,Households and non-profit institutions serving households (NPISH),S1,Total economy,P3,Final consumption expenditure,_Z,Not applicable,_Z,Not applicable,_T,Total,USD_EXC,"US dollars, exchange rate converted",V,Current prices,N,Non transformed data,T0102,Table 0102 - GDP identity from the expenditure side,1996,,2771.403,,,,F,Free (free for publication),1,One,A,Normal value,6,Millions,_Z,Not applicable
DATAFLOW,OECD.SDD.NAD:DSD_NAMAIN10@DF_TABLE1_EXPENDITURE(2.0),Annual GDP and components - expenditure approach,I,A,Annual,EST,Estonia,S1M,Households and non-profit institutions serving households (NPISH),S1,Total economy,P3,Final consumption expenditure,_Z,Not applicable,_Z,Not applicable,_T,Total,USD_EXC,"US dollars, exchange rate converted",V,Current prices,N,Non transformed data,T0102,Table 0102 - GDP identity from the expenditure side,1995,,2183.572,,,,F,Free (free for publication),1,One,A,Normal value,6,Millions,_Z,Not applicable
DATAFLOW,OECD.SDD.NAD:DSD_NAMAIN10@DF_TABLE1_EXPENDITURE(2.0),Annual GDP and components - expenditure approach,I,A,Annual,EST,Estonia,S1M,Households and non-profit institutions serving households (NPISH),S1,Total economy,P3,Final consumption expenditure,_Z,Not applicable,_Z,Not applicable,_T,Total,USD_EXC,"US dollars, exchange rate converted",V,Current prices,N,Non transformed data,T0102,Table 0102 - GDP identity from the expenditure side,2020,,16169.296,,,,F,Free (free for publication),1,One,A,Normal value,6,Millions,_Z,Not applicable
DATAFLOW,OECD.SDD.NAD:DSD_NAMAIN10@DF_TABLE1_EXPENDITURE(2.0),Annual GDP and components - expenditure approach,I,A,Annual,EST,Estonia,S1M,Households and non-profit institutions serving households (NPISH),S1,Total economy,P3,Final consumption expenditure,_Z,Not applicable,_Z,Not applicable,_T,Total,USD_EXC,"US dollars, exchange rate converted",V,Current prices,N,Non transformed data,T0102,Table 0102 - GDP identity from the expenditure side,2019,,16204.97,,,,F,Free (free for publication),1,One,A,Normal value,6,Millions,_Z,Not applicable
DATAFLOW,OECD.SDD.NAD:DSD_NAMAIN10@DF_TABLE1_EXPENDITURE(2.0),Annual GDP and components - expenditure approach,I,A,Annual,EST,Estonia,S1M,Households and non-profit institutions serving households (NPISH),S1,Total economy,P3,Final consumption expenditure,_Z,Not applicable,_Z,Not applicable,_T,Total,USD_EXC,"US dollars, exchange rate converted",V,Current prices,N,Non transformed data,T0102,Table 0102 - GDP identity from the expenditure side,2018,,15941.572,,,,F,Free (free for publication),1,One,A,Normal value,6,Millions,_Z,Not applicable
DATAFLOW,OECD.SDD.NAD:DSD_NAMAIN10@DF_TABLE1_EXPENDITURE(2.0),Annual GDP and components - expenditure approach,I,A,Annual,EST,Estonia,S1M,Households and non-profit institutions serving households (NPISH),S1,Total economy,P3,Final consumption expenditure,_Z,Not applicable,_Z,Not applicable,_T,Total,USD_EXC,"US dollars, exchange rate converted",V,Current prices,N,Non transformed data,T0102,Table 0102 - GDP identity from the expenditure side,2017,,14063.921,,,,F,Free (free for publication),1,One,A,Normal value,6,Millions,_Z,Not applicable
DATAFLOW,OECD.SDD.NAD:DSD_NAMAIN10@DF_TABLE1_EXPENDITURE(2.0),Annual GDP and components - expenditure approach,I,A,Annual,EST,Estonia,S1M,Households and non-profit institutions serving households (NPISH),S1,Total economy,P3,Final consumption expenditure,_Z,Not applicable,_Z,Not applicable,_T,Total,USD_EXC,"US dollars, exchange rate converted",V,Current prices,N,Non transformed data,T0102,Table 0102 - GDP identity from the expenditure side,2016,,12874.621,,,,F,Free (free for publication),1,One,A,Normal value,6,Millions,_Z,Not applicable
DATAFLOW,OECD.SDD.NAD:DSD_NAMAIN10@DF_TABLE1_EXPENDITURE(2.0),Annual GDP and components - expenditure approach,I,A,Annual,EST,Estonia,S1M,Households and non-profit institutions serving households (NPISH),S1,Total economy,P3,Final consumption expenditure,_Z,Not applicable,_Z,Not applicable,_T,Total,USD_EXC,"US dollars, exchange rate converted",V,Current prices,N,Non transformed data,T0102,Table 0102 - GDP identity from the expenditure side,2015,,12183.287,,,,F,Free (free for publication),1,One,A,Normal value,6,Millions,_Z,Not applicable
DATAFLOW,OECD.SDD.NAD:DSD_NAMAIN10@DF_TABLE1_EXPENDITURE(2.0),Annual GDP and components - expenditure approach,I,A,Annual,EST,Estonia,S1M,Households and non-profit institutions serving households (NPISH),S1,Total economy,P3,Final consumption expenditure,_Z,Not applicable,_Z,Not applicable,_T,Total,USD_EXC,"US dollars, exchange rate converted",V,Current prices,N,Non transformed data,T0102,Table 0102 - GDP identity from the expenditure side,2014,,13903.94,,,,F,Free (free for publication),1,One,A,Normal value,6,Millions,_Z,Not applicable
DATAFLOW,OECD.SDD.NAD:DSD_NAMAIN10@DF_TABLE1_EXPENDITURE(2.0),Annual GDP and components - expenditure approach,I,A,Annual,EST,Estonia,S1M,Households and non-profit institutions serving households (NPISH),S1,Total economy,P3,Final consumption expenditure,_Z,Not applicable,_Z,Not applicable,_T,Total,USD_EXC,"US dollars, exchange rate converted",V,Current prices,N,Non transformed data,T0102,Table 0102 - GDP identity from the expenditure side,2013,,13253.761,,,,F,Free (free for publication),1,One,A,Normal value,6,Millions,_Z,Not applicable
DATAFLOW,OECD.SDD.NAD:DSD_NAMAIN10@DF_TABLE1_EXPENDITURE(2.0),Annual GDP and components - expenditure approach,I,A,Annual,EST,Estonia,S1M,Households and non-profit institutions serving households (NPISH),S1,Total economy,P3,Final consumption expenditure,_Z,Not applicable,_Z,Not applicable,_T,Total,USD_EXC,"US dollars, exchange rate converted",V,Current prices,N,Non transformed data,T0102,Table 0102 - GDP identity from the expenditure side,2008,,12961.539,,,,F,Free (free for publication),1,One,A,Normal value,6,Millions,_Z,Not applicable
DATAFLOW,OECD.SDD.NAD:DSD_NAMAIN10@DF_TABLE1_EXPENDITURE(2.0),Annual GDP and components - expenditure approach,I,A,Annual,EST,Estonia,S1M,Households and non-profit institutions serving households (NPISH),S1,Total economy,P3,Final consumption expenditure,_Z,Not applicable,_Z,Not applicable,_T,Total,USD_EXC,"US dollars, exchange rate converted",V,Current prices,N,Non transformed data,T0102,Table 0102 - GDP identity from the expenditure side,2007,,11762.005,,,,F,Free (free for publication),1,One,A,Normal value,6,Millions,_Z,Not applicable
DATAFLOW,OECD.SDD.NAD:DSD_NAMAIN10@DF_TABLE1_EXPENDITURE(2.0),Annual GDP and components - expenditure approach,I,A,Annual,EST,Estonia,S1M,Households and non-profit institutions serving households (NPISH),S1,Total economy,P3,Final consumption expenditure,_Z,Not applicable,_Z,Not applicable,_T,Total,USD_EXC,"US dollars, exchange rate converted",V,Current prices,N,Non transformed data,T0102,Table 0102 - GDP identity from the expenditure side,2006,,9220.495,,,,F,Free (free for publication),1,One,A,Normal value,6,Millions,_Z,Not applicable
DATAFLOW,OECD.SDD.NAD:DSD_NAMAIN10@DF_TABLE1_EXPENDITURE(2.0),Annual GDP and components - expenditure approach,I,A,Annual,EST,Estonia,S1M,Households and non-profit institutions serving households (NPISH),S1,Total economy,P3,Final consumption expenditure,_Z,Not applicable,_Z,Not applicable,_T,Total,USD_EXC,"US dollars, exchange rate converted",V,Current prices,N,Non transformed data,T0102,Table 0102 - GDP identity from the expenditure side,2005,,7667.15,,,,F,Free (free for publication),1,One,A,Normal value,6,Millions,_Z,Not applicable
DATAFLOW,OECD.SDD.NAD:DSD_NAMAIN10@DF_TABLE1_EXPENDITURE(2.0),Annual GDP and components - expenditure approach,I,A,Annual,EST,Estonia,S1M,Households and non-profit institutions serving households (NPISH),S1,Total economy,P3,Final consumption expenditure,_Z,Not applicable,_Z,Not applicable,_T,Total,USD_EXC,"US dollars, exchange rate converted",V,Current prices,N,Non transformed data,T0102,Table 0102 - GDP identity from the expenditure side,2004,,6731.637,,,,F,Free (free for publication),1,One,A,Normal value,6,Millions,_Z,Not applicable
DATAFLOW,OECD.SDD.NAD:DSD_NAMAIN10@DF_TABLE1_EXPENDITURE(2.0),Annual GDP and components - expenditure approach,I,A,Annual,EST,Estonia,S1M,Households and non-profit institutions serving households (NPISH),S1,Total economy,P3,Final consumption expenditure,_Z,Not applicable,_Z,Not applicable,_T,Total,USD_EXC,"US dollars, exchange rate converted",V,Current prices,N,Non transformed data,T0102,Table 0102 - GDP identity from the expenditure side,2003,,5457.542,,,,F,Free (free for publication),1,One,A,Normal value,6,Millions,_Z,Not applicable
DATAFLOW,OECD.SDD.NAD:DSD_NAMAIN10@DF_TABLE1_EXPENDITURE(2.0),Annual GDP and components - expenditure approach,I,A,Annual,EST,Estonia,S1M,Households and non-profit institutions serving households (NPISH),S1,Total economy,P3,Final consumption expenditure,_Z,Not applicable,_Z,Not applicable,_T,Total,USD_EXC,"US dollars, exchange rate converted",V,Current prices,N,Non transformed data,T0102,Table 0102 - GDP identity from the expenditure side,2002,,4084.119,,,,F,Free (free for publication),1,One,A,Normal value,6,Millions,_Z,Not applicable
DATAFLOW,OECD.SDD.NAD:DSD_NAMAIN10@DF_TABLE1_EXPENDITURE(2.0),Annual GDP and components - expenditure approach,I,A,Annual,EST,Estonia,S1M,Households and non-profit institutions serving households (NPISH),S1,Total economy,P3,Final consumption expenditure,_Z,Not applicable,_Z,Not applicable,_T,Total,USD_EXC,"US dollars, exchange rate converted",V,Current prices,N,Non transformed data,T0102,Table 0102 - GDP identity from the expenditure side,2001,,3426.587,,,,F,Free (free for publication),1,One,A,Normal value,6,Millions,_Z,Not applicable
DATAFLOW,OECD.SDD.NAD:DSD_NAMAIN10@DF_TABLE1_EXPENDITURE(2.0),Annual GDP and components - expenditure approach,I,A,Annual,EST,Estonia,S1M,Households and non-profit institutions serving households (NPISH),S1,Total economy,P3,Final consumption expenditure,_Z,Not applicable,_Z,Not applicable,_T,Total,USD_EXC,"US dollars, exchange rate converted",V,Current prices,N,Non transformed data,T0102,Table 0102 - GDP identity from the expenditure side,2000,,3095.779,,,,F,Free (free for publication),1,One,A,Normal value,6,Millions,_Z,Not applicable
DATAFLOW,OECD.SDD.NAD:DSD_NAMAIN10@DF_TABLE1_EXPENDITURE(2.0),Annual GDP and components - expenditure approach,I,A,Annual,EST,Estonia,S1M,Households and non-profit institutions serving households (NPISH),S1,Total economy,P3,Final consumption expenditure,_Z,Not applicable,_Z,Not applicable,_T,Total,USD_EXC,"US dollars, exchange rate converted",V,Current prices,N,Non transformed data,T0102,Table 0102 - GDP identity from the expenditure side,1999,,3238.157,,,,F,Free (free for publication),1,One,A,Normal value,6,Millions,_Z,Not applicable
DATAFLOW,OECD.SDD.NAD:DSD_NAMAIN10@DF_TABLE1_EXPENDITURE(2.0),Annual GDP and components - expenditure approach,I,A,Annual,EST,Estonia,S1M,Households and non-profit institutions serving households (NPISH),S1,Total economy,P3,Final consumption expenditure,_Z,Not applicable,_Z,Not applicable,_T,Total,USD_EXC,"US dollars, exchange rate converted",V,Current prices,N,Non transformed data,T0102,Table 0102 - GDP identity from the expenditure side,2012,,11909.037,,,,F,Free (free for publication),1,One,A,Normal value,6,Millions,_Z,Not applicable
DATAFLOW,OECD.SDD.NAD:DSD_NAMAIN10@DF_TABLE1_EXPENDITURE(2.0),Annual GDP and components - expenditure approach,I,A,Annual,EST,Estonia,S1M,Households and non-profit institutions serving households (NPISH),S1,Total economy,P3,Final consumption expenditure,_Z,Not applicable,_Z,Not applicable,_T,Total,USD_EXC,"US dollars, exchange rate converted",V,Current prices,N,Non transformed data,T0102,Table 0102 - GDP identity from the expenditure side,2011,,11754.204,,,,F,Free (free for publication),1,One,A,Normal value,6,Millions,_Z,Not applicable
DATAFLOW,OECD.SDD.NAD:DSD_NAMAIN10@DF_TABLE1_EXPENDITURE(2.0),Annual GDP and components - expenditure approach,I,A,Annual,EST,Estonia,S1M,Households and non-profit institutions serving households (NPISH),S1,Total economy,P3,Final consumption expenditure,_Z,Not applicable,_Z,Not applicable,_T,Total,USD_EXC,"US dollars, exchange rate converted",V,Current prices,N,Non transformed data,T0102,Table 0102 - GDP identity from the expenditure side,2010,,10241.95,,,,F,Free (free for publication),1,One,A,Normal value,6,Millions,_Z,Not applicable
DATAFLOW,OECD.SDD.NAD:DSD_NAMAIN10@DF_TABLE1_EXPENDITURE(2.0),Annual GDP and components - expenditure approach,I,A,Annual,EST,Estonia,S1M,Households and non-profit institutions serving households (NPISH),S1,Total economy,P3,Final consumption expenditure,_Z,Not applicable,_Z,Not applicable,_T,Total,USD_EXC,"US dollars, exchange rate converted",V,Current prices,N,Non transformed data,T0102,Table 0102 - GDP identity from the expenditure side,2009,,10477.28,,,,F,Free (free for publication),1,One,A,Normal value,6,Millions,_Z,Not applicable
DATAFLOW,OECD.SDD.NAD:DSD_NAMAIN10@DF_TABLE1_EXPENDITURE(2.0),Annual GDP and components - expenditure approach,I,A,Annual,EST,Estonia,S1M,Households and non-profit institutions serving households (NPISH),S1,Total economy,P3,Final consumption expenditure,_Z,Not applicable,_Z,Not applicable,_T,Total,USD_EXC,"US dollars, exchange rate converted",V,Current prices,N,Non transformed data,T0102,Table 0102 - GDP identity from the expenditure side,1998,,3253.594,,,,F,Free (free for publication),1,One,A,Normal value,6,Millions,_Z,Not applicable
DATAFLOW,OECD.SDD.NAD:DSD_NAMAIN10@DF_TABLE1_EXPENDITURE(2.0),Annual GDP and components - expenditure approach,I,A,Annual,CYP,Cyprus,S1M,Households and non-profit institutions serving households (NPISH),S1,Total economy,P3,Final consumption expenditure,_Z,Not applicable,_Z,Not applicable,_T,Total,USD_EXC,"US dollars, exchange rate converted",V,Current prices,N,Non transformed data,T0102,Table 0102 - GDP identity from the expenditure side,2004,,10639.335,,,,F,Free (free for publication),1,One,A,Normal value,6,Millions,_Z,Not applicable
DATAFLOW,OECD.SDD.NAD:DSD_NAMAIN10@DF_TABLE1_EXPENDITURE(2.0),Annual GDP and components - expenditure approach,I,A,Annual,CYP,Cyprus,S1M,Households and non-profit institutions serving households (NPISH),S1,Total economy,P3,Final consumption expenditure,_Z,Not applicable,_Z,Not applicable,_T,Total,USD_EXC,"US dollars, exchange rate converted",V,Current prices,N,Non transformed data,T0102,Table 0102 - GDP identity from the expenditure side,2003,,8847.259,,,,F,Free (free for publication),1,One,A,Normal value,6,Millions,_Z,Not applicable
DATAFLOW,OECD.SDD.NAD:DSD_NAMAIN10@DF_TABLE1_EXPENDITURE(2.0),Annual GDP and components - expenditure approach,I,A,Annual,CYP,Cyprus,S1M,Households and non-profit institutions serving households (NPISH),S1,Total economy,P3,Final consumption expenditure,_Z,Not applicable,_Z,Not applicable,_T,Total,USD_EXC,"US dollars, exchange rate converted",V,Current prices,N,Non transformed data,T0102,Table 0102 - GDP identity from the expenditure side,2002,,7030.361,,,,F,Free (free for publication),1,One,A,Normal value,6,Millions,_Z,Not applicable
DATAFLOW,OECD.SDD.NAD:DSD_NAMAIN10@DF_TABLE1_EXPENDITURE(2.0),Annual GDP and components - expenditure approach,I,A,Annual,CYP,Cyprus,S1M,Households and non-profit institutions serving households (NPISH),S1,Total economy,P3,Final consumption expenditure,_Z,Not applicable,_Z,Not applicable,_T,Total,USD_EXC,"US dollars, exchange rate converted",V,Current prices,N,Non transformed data,T0102,Table 0102 - GDP identity from the expenditure side,2001,,6400.449,,,,F,Free (free for publication),1,One,A,Normal value,6,Millions,_Z,Not applicable
DATAFLOW,OECD.SDD.NAD:DSD_NAMAIN10@DF_TABLE1_EXPENDITURE(2.0),Annual GDP and components - expenditure approach,I,A,Annual,CYP,Cyprus,S1M,Households and non-profit institutions serving households (NPISH),S1,Total economy,P3,Final consumption expenditure,_Z,Not applicable,_Z,Not applicable,_T,Total,USD_EXC,"US dollars, exchange rate converted",V,Current prices,N,Non transformed data,T0102,Table 0102 - GDP identity from the expenditure side,2000,,6167.385,,,,F,Free (free for publication),1,One,A,Normal value,6,Millions,_Z,Not applicable
DATAFLOW,OECD.SDD.NAD:DSD_NAMAIN10@DF_TABLE1_EXPENDITURE(2.0),Annual GDP and components - expenditure approach,I,A,Annual,CYP,Cyprus,S1M,Households and non-profit institutions serving households (NPISH),S1,Total economy,P3,Final consumption expenditure,_Z,Not applicable,_Z,Not applicable,_T,Total,USD_EXC,"US dollars, exchange rate converted",V,Current prices,N,Non transformed data,T0102,Table 0102 - GDP identity from the expenditure side,1999,,6436.154,,,,F,Free (free for publication),1,One,A,Normal value,6,Millions,_Z,Not applicable
DATAFLOW,OECD.SDD.NAD:DSD_NAMAIN10@DF_TABLE1_EXPENDITURE(2.0),Annual GDP and components - expenditure approach,I,A,Annual,CYP,Cyprus,S1M,Households and non-profit institutions serving households (NPISH),S1,Total economy,P3,Final consumption expenditure,_Z,Not applicable,_Z,Not applicable,_T,Total,USD_EXC,"US dollars, exchange rate converted",V,Current prices,N,Non transformed data,T0102,Table 0102 - GDP identity from the expenditure side,1998,,6386.608,,,,F,Free (free for publication),1,One,A,Normal value,6,Millions,_Z,Not applicable
DATAFLOW,OECD.SDD.NAD:DSD_NAMAIN10@DF_TABLE1_EXPENDITURE(2.0),Annual GDP and components - expenditure approach,I,A,Annual,CYP,Cyprus,S1M,Households and non-profit institutions serving households (NPISH),S1,Total economy,P3,Final consumption expenditure,_Z,Not applicable,_Z,Not applicable,_T,Total,USD_EXC,"US dollars, exchange rate converted",V,Current prices,N,Non transformed data,T0102,Table 0102 - GDP identity from the expenditure side,1997,,5961.649,,,,F,Free (free for publication),1,One,A,Normal value,6,Millions,_Z,Not applicable
DATAFLOW,OECD.SDD.NAD:DSD_NAMAIN10@DF_TABLE1_EXPENDITURE(2.0),Annual GDP and components - expenditure approach,I,A,Annual,CYP,Cyprus,S1M,Households and non-profit institutions serving households (NPISH),S1,Total economy,P3,Final consumption expenditure,_Z,Not applicable,_Z,Not applicable,_T,Total,USD_EXC,"US dollars, exchange rate converted",V,Current prices,N,Non transformed data,T0102,Table 0102 - GDP identity from the expenditure side,1996,,6311.971,,,,F,Free (free for publication),1,One,A,Normal value,6,Millions,_Z,Not applicable
DATAFLOW,OECD.SDD.NAD:DSD_NAMAIN10@DF_TABLE1_EXPENDITURE(2.0),Annual GDP and components - expenditure approach,I,A,Annual,CYP,Cyprus,S1M,Households and non-profit institutions serving households (NPISH),S1,Total economy,P3,Final consumption expenditure,_Z,Not applicable,_Z,Not applicable,_T,Total,USD_EXC,"US dollars, exchange rate converted",V,Current prices,N,Non transformed data,T0102,Table 0102 - GDP identity from the expenditure side,1995,,6144.456,,,,F,Free (free for publication),1,One,A,Normal value,6,Millions,_Z,Not applicable
DATAFLOW,OECD.SDD.NAD:DSD_NAMAIN10@DF_TABLE1_EXPENDITURE(2.0),Annual GDP and components - expenditure approach,I,A,Annual,CYP,Cyprus,S1M,Households and non-profit institutions serving households (NPISH),S1,Total economy,P3,Final consumption expenditure,_Z,Not applicable,_Z,Not applicable,_T,Total,USD_EXC,"US dollars, exchange rate converted",V,Current prices,N,Non transformed data,T0102,Table 0102 - GDP identity from the expenditure side,2016,,13788.139,,,,F,Free (free for publication),1,One,A,Normal value,6,Millions,_Z,Not applicable
DATAFLOW,OECD.SDD.NAD:DSD_NAMAIN10@DF_TABLE1_EXPENDITURE(2.0),Annual GDP and components - expenditure approach,I,A,Annual,CYP,Cyprus,S1M,Households and non-profit institutions serving households (NPISH),S1,Total economy,P3,Final consumption expenditure,_Z,Not applicable,_Z,Not applicable,_T,Total,USD_EXC,"US dollars, exchange rate converted",V,Current prices,N,Non transformed data,T0102,Table 0102 - GDP identity from the expenditure side,2015,,13400.919,,,,F,Free (free for publication),1,One,A,Normal value,6,Millions,_Z,Not applicable
DATAFLOW,OECD.SDD.NAD:DSD_NAMAIN10@DF_TABLE1_EXPENDITURE(2.0),Annual GDP and components - expenditure approach,I,A,Annual,CYP,Cyprus,S1M,Households and non-profit institutions serving households (NPISH),S1,Total economy,P3,Final consumption expenditure,_Z,Not applicable,_Z,Not applicable,_T,Total,USD_EXC,"US dollars, exchange rate converted",V,Current prices,N,Non transformed data,T0102,Table 0102 - GDP identity from the expenditure side,2014,,15951.707,,,,F,Free (free for publication),1,One,A,Normal value,6,Millions,_Z,Not applicable
DATAFLOW,OECD.SDD.NAD:DSD_NAMAIN10@DF_TABLE1_EXPENDITURE(2.0),Annual GDP and components - expenditure approach,I,A,Annual,CYP,Cyprus,S1M,Households and non-profit institutions serving households (NPISH),S1,Total economy,P3,Final consumption expenditure,_Z,Not applicable,_Z,Not applicable,_T,Total,USD_EXC,"US dollars, exchange rate converted",V,Current prices,N,Non transformed data,T0102,Table 0102 - GDP identity from the expenditure side,2013,,16061.197,,,,F,Free (free for publication),1,One,A,Normal value,6,Millions,_Z,Not applicable
DATAFLOW,OECD.SDD.NAD:DSD_NAMAIN10@DF_TABLE1_EXPENDITURE(2.0),Annual GDP and components - expenditure approach,I,A,Annual,CYP,Cyprus,S1M,Households and non-profit institutions serving households (NPISH),S1,Total economy,P3,Final consumption expenditure,_Z,Not applicable,_Z,Not applicable,_T,Total,USD_EXC,"US dollars, exchange rate converted",V,Current prices,N,Non transformed data,T0102,Table 0102 - GDP identity from the expenditure side,2012,,16748.762,,,,F,Free (free for publication),1,One,A,Normal value,6,Millions,_Z,Not applicable
DATAFLOW,OECD.SDD.NAD:DSD_NAMAIN10@DF_TABLE1_EXPENDITURE(2.0),Annual GDP and components - expenditure approach,I,A,Annual,CYP,Cyprus,S1M,Households and non-profit institutions serving households (NPISH),S1,Total economy,P3,Final consumption expenditure,_Z,Not applicable,_Z,Not applicable,_T,Total,USD_EXC,"US dollars, exchange rate converted",V,Current prices,N,Non transformed data,T0102,Table 0102 - GDP identity from the expenditure side,2011,,18188.123,,,,F,Free (free for publication),1,One,A,Normal value,6,Millions,_Z,Not applicable
DATAFLOW,OECD.SDD.NAD:DSD_NAMAIN10@DF_TABLE1_EXPENDITURE(2.0),Annual GDP and components - expenditure approach,I,A,Annual,CYP,Cyprus,S1M,Households and non-profit institutions serving households (NPISH),S1,Total economy,P3,Final consumption expenditure,_Z,Not applicable,_Z,Not applicable,_T,Total,USD_EXC,"US dollars, exchange rate converted",V,Current prices,N,Non transformed data,T0102,Table 0102 - GDP identity from the expenditure side,2010,,16976.067,,,,F,Free (free for publication),1,One,A,Normal value,6,Millions,_Z,Not applicable
DATAFLOW,OECD.SDD.NAD:DSD_NAMAIN10@DF_TABLE1_EXPENDITURE(2.0),Annual GDP and components - expenditure approach,I,A,Annual,ALB,Albania,S1M,Households and non-profit institutions serving households (NPISH),S1,Total economy,P3,Final consumption expenditure,_Z,Not applicable,_Z,Not applicable,_T,Total,USD_EXC,"US dollars, exchange rate converted",V,Current prices,N,Non transformed data,T0102,Table 0102 - GDP identity from the expenditure side,2002,,3486.202,,,,F,Free (free for publication),1,One,A,Normal value,6,Millions,_Z,Not applicable
DATAFLOW,OECD.SDD.NAD:DSD_NAMAIN10@DF_TABLE1_EXPENDITURE(2.0),Annual GDP and components - expenditure approach,I,A,Annual,ALB,Albania,S1M,Households and non-profit institutions serving households (NPISH),S1,Total economy,P3,Final consumption expenditure,_Z,Not applicable,_Z,Not applicable,_T,Total,USD_EXC,"US dollars, exchange rate converted",V,Current prices,N,Non transformed data,T0102,Table 0102 - GDP identity from the expenditure side,2001,,3071.202,,,,F,Free (free for publication),1,One,A,Normal value,6,Millions,_Z,Not applicable
DATAFLOW,OECD.SDD.NAD:DSD_NAMAIN10@DF_TABLE1_EXPENDITURE(2.0),Annual GDP and components - expenditure approach,I,A,Annual,ALB,Albania,S1M,Households and non-profit institutions serving households (NPISH),S1,Total economy,P3,Final consumption expenditure,_Z,Not applicable,_Z,Not applicable,_T,Total,USD_EXC,"US dollars, exchange rate converted",V,Current prices,N,Non transformed data,T0102,Table 0102 - GDP identity from the expenditure side,2000,,2885.447,,,,F,Free (free for publication),1,One,A,Normal value,6,Millions,_Z,Not applicable
DATAFLOW,OECD.SDD.NAD:DSD_NAMAIN10@DF_TABLE1_EXPENDITURE(2.0),Annual GDP and components - expenditure approach,I,A,Annual,ALB,Albania,S1M,Households and non-profit institutions serving households (NPISH),S1,Total economy,P3,Final consumption expenditure,_Z,Not applicable,_Z,Not applicable,_T,Total,USD_EXC,"US dollars, exchange rate converted",V,Current prices,N,Non transformed data,T0102,Table 0102 - GDP identity from the expenditure side,1999,,2787.944,,,,F,Free (free for publication),1,One,A,Normal value,6,Millions,_Z,Not applicable
DATAFLOW,OECD.SDD.NAD:DSD_NAMAIN10@DF_TABLE1_EXPENDITURE(2.0),Annual GDP and components - expenditure approach,I,A,Annual,ALB,Albania,S1M,Households and non-profit institutions serving households (NPISH),S1,Total economy,P3,Final consumption expenditure,_Z,Not applicable,_Z,Not applicable,_T,Total,USD_EXC,"US dollars, exchange rate converted",V,Current prices,N,Non transformed data,T0102,Table 0102 - GDP identity from the expenditure side,1998,,2417.32,,,,F,Free (free for publication),1,One,A,Normal value,6,Millions,_Z,Not applicable
DATAFLOW,OECD.SDD.NAD:DSD_NAMAIN10@DF_TABLE1_EXPENDITURE(2.0),Annual GDP and components - expenditure approach,I,A,Annual,ALB,Albania,S1M,Households and non-profit institutions serving households (NPISH),S1,Total economy,P3,Final consumption expenditure,_Z,Not applicable,_Z,Not applicable,_T,Total,USD_EXC,"US dollars, exchange rate converted",V,Current prices,N,Non transformed data,T0102,Table 0102 - GDP identity from the expenditure side,1997,,2178.466,,,,F,Free (free for publication),1,One,A,Normal value,6,Millions,_Z,Not applicable
DATAFLOW,OECD.SDD.NAD:DSD_NAMAIN10@DF_TABLE1_EXPENDITURE(2.0),Annual GDP and components - expenditure approach,I,A,Annual,ALB,Albania,S1M,Households and non-profit institutions serving households (NPISH),S1,Total economy,P3,Final consumption expenditure,_Z,Not applicable,_Z,Not applicable,_T,Total,USD_EXC,"US dollars, exchange rate converted",V,Current prices,N,Non transformed data,T0102,Table 0102 - GDP identity from the expenditure side,1996,,3012.059,,,,F,Free (free for publication),1,One,A,Normal value,6,Millions,_Z,Not applicable
DATAFLOW,OECD.SDD.NAD:DSD_NAMAIN10@DF_TABLE1_EXPENDITURE(2.0),Annual GDP and components - expenditure approach,I,A,Annual,ALB,Albania,S1M,Households and non-profit institutions serving households (NPISH),S1,Total economy,P3,Final consumption expenditure,_Z,Not applicable,_Z,Not applicable,_T,Total,USD_EXC,"US dollars, exchange rate converted",V,Current prices,N,Non transformed data,T0102,Table 0102 - GDP identity from the expenditure side,2013,,10224.733,,,,F,Free (free for publication),1,One,D,Definition differs,6,Millions,_Z,Not applicable
DATAFLOW,OECD.SDD.NAD:DSD_NAMAIN10@DF_TABLE1_EXPENDITURE(2.0),Annual GDP and components - expenditure approach,I,A,Annual,ALB,Albania,S1M,Households and non-profit institutions serving households (NPISH),S1,Total economy,P3,Final consumption expenditure,_Z,Not applicable,_Z,Not applicable,_T,Total,USD_EXC,"US dollars, exchange rate converted",V,Current prices,N,Non transformed data,T0102,Table 0102 - GDP identity from the expenditure side,2020,,12187.946,,,,F,Free (free for publication),1,One,P,Provisional value,6,Millions,_Z,Not applicable
DATAFLOW,OECD.SDD.NAD:DSD_NAMAIN10@DF_TABLE1_EXPENDITURE(2.0),Annual GDP and components - expenditure approach,I,A,Annual,ALB,Albania,S1M,Households and non-profit institutions serving households (NPISH),S1,Total economy,P3,Final consumption expenditure,_Z,Not applicable,_Z,Not applicable,_T,Total,USD_EXC,"US dollars, exchange rate converted",V,Current prices,N,Non transformed data,T0102,Table 0102 - GDP identity from the expenditure side,2015,,9188.594,,,,F,Free (free for publication),1,One,A,Normal value,6,Millions,_Z,Not applicable
DATAFLOW,OECD.SDD.NAD:DSD_NAMAIN10@DF_TABLE1_EXPENDITURE(2.0),Annual GDP and components - expenditure approach,I,A,Annual,LUX,Luxembourg,S1M,Households and non-profit institutions serving households (NPISH),S1,Total economy,P3,Final consumption expenditure,_Z,Not applicable,_Z,Not applicable,_T,Total,USD_EXC,"US dollars, exchange rate converted",V,Current prices,N,Non transformed data,T0102,Table 0102 - GDP identity from the expenditure side,2007,,17740.607,,,,F,Free (free for publication),1,One,A,Normal value,6,Millions,_Z,Not applicable
DATAFLOW,OECD.SDD.NAD:DSD_NAMAIN10@DF_TABLE1_EXPENDITURE(2.0),Annual GDP and components - expenditure approach,I,A,Annual,LUX,Luxembourg,S1M,Households and non-profit institutions serving households (NPISH),S1,Total economy,P3,Final consumption expenditure,_Z,Not applicable,_Z,Not applicable,_T,Total,USD_EXC,"US dollars, exchange rate converted",V,Current prices,N,Non transformed data,T0102,Table 0102 - GDP identity from the expenditure side,2006,,15543.634,,,,F,Free (free for publication),1,One,A,Normal value,6,Millions,_Z,Not applicable
DATAFLOW,OECD.SDD.NAD:DSD_NAMAIN10@DF_TABLE1_EXPENDITURE(2.0),Annual GDP and components - expenditure approach,I,A,Annual,COL,Colombia,S1M,Households and non-profit institutions serving households (NPISH),S1,Total economy,P3,Final consumption expenditure,_Z,Not applicable,_Z,Not applicable,_T,Total,USD_EXC,"US dollars, exchange rate converted",V,Current prices,N,Non transformed data,T0102,Table 0102 - GDP identity from the expenditure side,2018,,227650.335,,,,F,Free (free for publication),1,One,A,Normal value,6,Millions,_Z,Not applicable
DATAFLOW,OECD.SDD.NAD:DSD_NAMAIN10@DF_TABLE1_EXPENDITURE(2.0),Annual GDP and components - expenditure approach,I,A,Annual,COL,Colombia,S1M,Households and non-profit institutions serving households (NPISH),S1,Total economy,P3,Final consumption expenditure,_Z,Not applicable,_Z,Not applicable,_T,Total,USD_EXC,"US dollars, exchange rate converted",V,Current prices,N,Non transformed data,T0102,Table 0102 - GDP identity from the expenditure side,2009,,154627.483,,,,F,Free (free for publication),1,One,A,Normal value,6,Millions,_Z,Not applicable
DATAFLOW,OECD.SDD.NAD:DSD_NAMAIN10@DF_TABLE1_EXPENDITURE(2.0),Annual GDP and components - expenditure approach,I,A,Annual,COL,Colombia,S1M,Households and non-profit institutions serving households (NPISH),S1,Total economy,P3,Final consumption expenditure,_Z,Not applicable,_Z,Not applicable,_T,Total,USD_EXC,"US dollars, exchange rate converted",V,Current prices,N,Non transformed data,T0102,Table 0102 - GDP identity from the expenditure side,2005,,98816.454,,,,F,Free (free for publication),1,One,A,Normal value,6,Millions,_Z,Not applicable
DATAFLOW,OECD.SDD.NAD:DSD_NAMAIN10@DF_TABLE1_EXPENDITURE(2.0),Annual GDP and components - expenditure approach,I,A,Annual,COL,Colombia,S1M,Households and non-profit institutions serving households (NPISH),S1,Total economy,P3,Final consumption expenditure,_Z,Not applicable,_Z,Not applicable,_T,Total,USD_EXC,"US dollars, exchange rate converted",V,Current prices,N,Non transformed data,T0102,Table 0102 - GDP identity from the expenditure side,2006,,108991.176,,,,F,Free (free for publication),1,One,A,Normal value,6,Millions,_Z,Not applicable
DATAFLOW,OECD.SDD.NAD:DSD_NAMAIN10@DF_TABLE1_EXPENDITURE(2.0),Annual GDP and components - expenditure approach,I,A,Annual,COL,Colombia,S1M,Households and non-profit institutions serving households (NPISH),S1,Total economy,P3,Final consumption expenditure,_Z,Not applicable,_Z,Not applicable,_T,Total,USD_EXC,"US dollars, exchange rate converted",V,Current prices,N,Non transformed data,T0102,Table 0102 - GDP identity from the expenditure side,2007,,138273.407,,,,F,Free (free for publication),1,One,A,Normal value,6,Millions,_Z,Not applicable
DATAFLOW,OECD.SDD.NAD:DSD_NAMAIN10@DF_TABLE1_EXPENDITURE(2.0),Annual GDP and components - expenditure approach,I,A,Annual,COL,Colombia,S1M,Households and non-profit institutions serving households (NPISH),S1,Total economy,P3,Final consumption expenditure,_Z,Not applicable,_Z,Not applicable,_T,Total,USD_EXC,"US dollars, exchange rate converted",V,Current prices,N,Non transformed data,T0102,Table 0102 - GDP identity from the expenditure side,2019,,221821.391,,,,F,Free (free for publication),1,One,A,Normal value,6,Millions,_Z,Not applicable
DATAFLOW,OECD.SDD.NAD:DSD_NAMAIN10@DF_TABLE1_EXPENDITURE(2.0),Annual GDP and components - expenditure approach,I,A,Annual,BRA,Brazil,S1M,Households and non-profit institutions serving households (NPISH),S1,Total economy,P3,Final consumption expenditure,_Z,Not applicable,_Z,Not applicable,_T,Total,USD_EXC,"US dollars, exchange rate converted",V,Current prices,N,Non transformed data,T0102,Table 0102 - GDP identity from the expenditure side,2003,,345237.696,,,,F,Free (free for publication),1,One,A,Normal value,6,Millions,_Z,Not applicable
DATAFLOW,OECD.SDD.NAD:DSD_NAMAIN10@DF_TABLE1_EXPENDITURE(2.0),Annual GDP and components - expenditure approach,I,A,Annual,BRA,Brazil,S1M,Households and non-profit institutions serving households (NPISH),S1,Total economy,P3,Final consumption expenditure,_Z,Not applicable,_Z,Not applicable,_T,Total,USD_EXC,"US dollars, exchange rate converted",V,Current prices,N,Non transformed data,T0102,Table 0102 - GDP identity from the expenditure side,2009,,1032811.892,,,,F,Free (free for publication),1,One,A,Normal value,6,Millions,_Z,Not applicable
DATAFLOW,OECD.SDD.NAD:DSD_NAMAIN10@DF_TABLE1_EXPENDITURE(2.0),Annual GDP and components - expenditure approach,I,A,Annual,BRA,Brazil,S1M,Households and non-profit institutions serving households (NPISH),S1,Total economy,P3,Final consumption expenditure,_Z,Not applicable,_Z,Not applicable,_T,Total,USD_EXC,"US dollars, exchange rate converted",V,Current prices,N,Non transformed data,T0102,Table 0102 - GDP identity from the expenditure side,2008,,1012947.868,,,,F,Free (free for publication),1,One,A,Normal value,6,Millions,_Z,Not applicable
DATAFLOW,OECD.SDD.NAD:DSD_NAMAIN10@DF_TABLE1_EXPENDITURE(2.0),Annual GDP and components - expenditure approach,I,A,Annual,BRA,Brazil,S1M,Households and non-profit institutions serving households (NPISH),S1,Total economy,P3,Final consumption expenditure,_Z,Not applicable,_Z,Not applicable,_T,Total,USD_EXC,"US dollars, exchange rate converted",V,Current prices,N,Non transformed data,T0102,Table 0102 - GDP identity from the expenditure side,2007,,836521.424,,,,F,Free (free for publication),1,One,A,Normal value,6,Millions,_Z,Not applicable
DATAFLOW,OECD.SDD.NAD:DSD_NAMAIN10@DF_TABLE1_EXPENDITURE(2.0),Annual GDP and components - expenditure approach,I,A,Annual,BRA,Brazil,S1M,Households and non-profit institutions serving households (NPISH),S1,Total economy,P3,Final consumption expenditure,_Z,Not applicable,_Z,Not applicable,_T,Total,USD_EXC,"US dollars, exchange rate converted",V,Current prices,N,Non transformed data,T0102,Table 0102 - GDP identity from the expenditure side,2006,,669423.849,,,,F,Free (free for publication),1,One,A,Normal value,6,Millions,_Z,Not applicable
DATAFLOW,OECD.SDD.NAD:DSD_NAMAIN10@DF_TABLE1_EXPENDITURE(2.0),Annual GDP and components - expenditure approach,I,A,Annual,BRA,Brazil,S1M,Households and non-profit institutions serving households (NPISH),S1,Total economy,P3,Final consumption expenditure,_Z,Not applicable,_Z,Not applicable,_T,Total,USD_EXC,"US dollars, exchange rate converted",V,Current prices,N,Non transformed data,T0102,Table 0102 - GDP identity from the expenditure side,2000,,423371.682,,,,F,Free (free for publication),1,One,A,Normal value,6,Millions,_Z,Not applicable
DATAFLOW,OECD.SDD.NAD:DSD_NAMAIN10@DF_TABLE1_EXPENDITURE(2.0),Annual GDP and components - expenditure approach,I,A,Annual,BRA,Brazil,S1M,Households and non-profit institutions serving households (NPISH),S1,Total economy,P3,Final consumption expenditure,_Z,Not applicable,_Z,Not applicable,_T,Total,USD_EXC,"US dollars, exchange rate converted",V,Current prices,N,Non transformed data,T0102,Table 0102 - GDP identity from the expenditure side,1999,,387849.21,,,,F,Free (free for publication),1,One,A,Normal value,6,Millions,_Z,Not applicable
DATAFLOW,OECD.SDD.NAD:DSD_NAMAIN10@DF_TABLE1_EXPENDITURE(2.0),Annual GDP and components - expenditure approach,I,A,Annual,BRA,Brazil,S1M,Households and non-profit institutions serving households (NPISH),S1,Total economy,P3,Final consumption expenditure,_Z,Not applicable,_Z,Not applicable,_T,Total,USD_EXC,"US dollars, exchange rate converted",V,Current prices,N,Non transformed data,T0102,Table 0102 - GDP identity from the expenditure side,1998,,554004.112,,,,F,Free (free for publication),1,One,A,Normal value,6,Millions,_Z,Not applicable
DATAFLOW,OECD.SDD.NAD:DSD_NAMAIN10@DF_TABLE1_EXPENDITURE(2.0),Annual GDP and components - expenditure approach,I,A,Annual,BRA,Brazil,S1M,Households and non-profit institutions serving households (NPISH),S1,Total economy,P3,Final consumption expenditure,_Z,Not applicable,_Z,Not applicable,_T,Total,USD_EXC,"US dollars, exchange rate converted",V,Current prices,N,Non transformed data,T0102,Table 0102 - GDP identity from the expenditure side,2002,,315555.295,,,,F,Free (free for publication),1,One,A,Normal value,6,Millions,_Z,Not applicable
DATAFLOW,OECD.SDD.NAD:DSD_NAMAIN10@DF_TABLE1_EXPENDITURE(2.0),Annual GDP and components - expenditure approach,I,A,Annual,BRA,Brazil,S1M,Households and non-profit institutions serving households (NPISH),S1,Total economy,P3,Final consumption expenditure,_Z,Not applicable,_Z,Not applicable,_T,Total,USD_EXC,"US dollars, exchange rate converted",V,Current prices,N,Non transformed data,T0102,Table 0102 - GDP identity from the expenditure side,2001,,358992.721,,,,F,Free (free for publication),1,One,A,Normal value,6,Millions,_Z,Not applicable
DATAFLOW,OECD.SDD.NAD:DSD_NAMAIN10@DF_TABLE1_EXPENDITURE(2.0),Annual GDP and components - expenditure approach,I,A,Annual,BRA,Brazil,S1M,Households and non-profit institutions serving households (NPISH),S1,Total economy,P3,Final consumption expenditure,_Z,Not applicable,_Z,Not applicable,_T,Total,USD_EXC,"US dollars, exchange rate converted",V,Current prices,N,Non transformed data,T0102,Table 0102 - GDP identity from the expenditure side,2013,,1526106.654,,,,F,Free (free for publication),1,One,A,Normal value,6,Millions,_Z,Not applicable
DATAFLOW,OECD.SDD.NAD:DSD_NAMAIN10@DF_TABLE1_EXPENDITURE(2.0),Annual GDP and components - expenditure approach,I,A,Annual,BRA,Brazil,S1M,Households and non-profit institutions serving households (NPISH),S1,Total economy,P3,Final consumption expenditure,_Z,Not applicable,_Z,Not applicable,_T,Total,USD_EXC,"US dollars, exchange rate converted",V,Current prices,N,Non transformed data,T0102,Table 0102 - GDP identity from the expenditure side,2012,,1513942.717,,,,F,Free (free for publication),1,One,A,Normal value,6,Millions,_Z,Not applicable
DATAFLOW,OECD.SDD.NAD:DSD_NAMAIN10@DF_TABLE1_EXPENDITURE(2.0),Annual GDP and components - expenditure approach,I,A,Annual,BRA,Brazil,S1M,Households and non-profit institutions serving households (NPISH),S1,Total economy,P3,Final consumption expenditure,_Z,Not applicable,_Z,Not applicable,_T,Total,USD_EXC,"US dollars, exchange rate converted",V,Current prices,N,Non transformed data,T0102,Table 0102 - GDP identity from the expenditure side,2011,,1576858.355,,,,F,Free (free for publication),1,One,A,Normal value,6,Millions,_Z,Not applicable
DATAFLOW,OECD.SDD.NAD:DSD_NAMAIN10@DF_TABLE1_EXPENDITURE(2.0),Annual GDP and components - expenditure approach,I,A,Annual,BRA,Brazil,S1M,Households and non-profit institutions serving households (NPISH),S1,Total economy,P3,Final consumption expenditure,_Z,Not applicable,_Z,Not applicable,_T,Total,USD_EXC,"US dollars, exchange rate converted",V,Current prices,N,Non transformed data,T0102,Table 0102 - GDP identity from the expenditure side,2010,,1330224.8,,,,F,Free (free for publication),1,One,A,Normal value,6,Millions,_Z,Not applicable
DATAFLOW,OECD.SDD.NAD:DSD_NAMAIN10@DF_TABLE1_EXPENDITURE(2.0),Annual GDP and components - expenditure approach,I,A,Annual,BRA,Brazil,S1M,Households and non-profit institutions serving households (NPISH),S1,Total economy,P3,Final consumption expenditure,_Z,Not applicable,_Z,Not applicable,_T,Total,USD_EXC,"US dollars, exchange rate converted",V,Current prices,N,Non transformed data,T0102,Table 0102 - GDP identity from the expenditure side,1997,,576818.864,,,,F,Free (free for publication),1,One,A,Normal value,6,Millions,_Z,Not applicable
DATAFLOW,OECD.SDD.NAD:DSD_NAMAIN10@DF_TABLE1_EXPENDITURE(2.0),Annual GDP and components - expenditure approach,I,A,Annual,BRA,Brazil,S1M,Households and non-profit institutions serving households (NPISH),S1,Total economy,P3,Final consumption expenditure,_Z,Not applicable,_Z,Not applicable,_T,Total,USD_EXC,"US dollars, exchange rate converted",V,Current prices,N,Non transformed data,T0102,Table 0102 - GDP identity from the expenditure side,1996,,554115.746,,,,F,Free (free for publication),1,One,A,Normal value,6,Millions,_Z,Not applicable
DATAFLOW,OECD.SDD.NAD:DSD_NAMAIN10@DF_TABLE1_EXPENDITURE(2.0),Annual GDP and components - expenditure approach,I,A,Annual,BRA,Brazil,S1M,Households and non-profit institutions serving households (NPISH),S1,Total economy,P3,Final consumption expenditure,_Z,Not applicable,_Z,Not applicable,_T,Total,USD_EXC,"US dollars, exchange rate converted",V,Current prices,N,Non transformed data,T0102,Table 0102 - GDP identity from the expenditure side,1995,,490114.867,,,,F,Free (free for publication),1,One,A,Normal value,6,Millions,_Z,Not applicable
DATAFLOW,OECD.SDD.NAD:DSD_NAMAIN10@DF_TABLE1_EXPENDITURE(2.0),Annual GDP and components - expenditure approach,I,A,Annual,BRA,Brazil,S1M,Households and non-profit institutions serving households (NPISH),S1,Total economy,P3,Final consumption expenditure,_Z,Not applicable,_Z,Not applicable,_T,Total,USD_EXC,"US dollars, exchange rate converted",V,Current prices,N,Non transformed data,T0102,Table 0102 - GDP identity from the expenditure side,2020,,932073.202,,,,F,Free (free for publication),1,One,A,Normal value,6,Millions,_Z,Not applicable
DATAFLOW,OECD.SDD.NAD:DSD_NAMAIN10@DF_TABLE1_EXPENDITURE(2.0),Annual GDP and components - expenditure approach,I,A,Annual,BRA,Brazil,S1M,Households and non-profit institutions serving households (NPISH),S1,Total economy,P3,Final consumption expenditure,_Z,Not applicable,_Z,Not applicable,_T,Total,USD_EXC,"US dollars, exchange rate converted",V,Current prices,N,Non transformed data,T0102,Table 0102 - GDP identity from the expenditure side,2019,,1220335.726,,,,F,Free (free for publication),1,One,A,Normal value,6,Millions,_Z,Not applicable
DATAFLOW,OECD.SDD.NAD:DSD_NAMAIN10@DF_TABLE1_EXPENDITURE(2.0),Annual GDP and components - expenditure approach,I,A,Annual,BRA,Brazil,S1M,Households and non-profit institutions serving households (NPISH),S1,Total economy,P3,Final consumption expenditure,_Z,Not applicable,_Z,Not applicable,_T,Total,USD_EXC,"US dollars, exchange rate converted",V,Current prices,N,Non transformed data,T0102,Table 0102 - GDP identity from the expenditure side,2018,,1238647.322,,,,F,Free (free for publication),1,One,A,Normal value,6,Millions,_Z,Not applicable
DATAFLOW,OECD.SDD.NAD:DSD_NAMAIN10@DF_TABLE1_EXPENDITURE(2.0),Annual GDP and components - expenditure approach,I,A,Annual,BRA,Brazil,S1M,Households and non-profit institutions serving households (NPISH),S1,Total economy,P3,Final consumption expenditure,_Z,Not applicable,_Z,Not applicable,_T,Total,USD_EXC,"US dollars, exchange rate converted",V,Current prices,N,Non transformed data,T0102,Table 0102 - GDP identity from the expenditure side,2017,,1330172.663,,,,F,Free (free for publication),1,One,A,Normal value,6,Millions,_Z,Not applicable
DATAFLOW,OECD.SDD.NAD:DSD_NAMAIN10@DF_TABLE1_EXPENDITURE(2.0),Annual GDP and components - expenditure approach,I,A,Annual,BRA,Brazil,S1M,Households and non-profit institutions serving households (NPISH),S1,Total economy,P3,Final consumption expenditure,_Z,Not applicable,_Z,Not applicable,_T,Total,USD_EXC,"US dollars, exchange rate converted",V,Current prices,N,Non transformed data,T0102,Table 0102 - GDP identity from the expenditure side,2016,,1153759.492,,,,F,Free (free for publication),1,One,A,Normal value,6,Millions,_Z,Not applicable
DATAFLOW,OECD.SDD.NAD:DSD_NAMAIN10@DF_TABLE1_EXPENDITURE(2.0),Annual GDP and components - expenditure approach,I,A,Annual,BRA,Brazil,S1M,Households and non-profit institutions serving households (NPISH),S1,Total economy,P3,Final consumption expenditure,_Z,Not applicable,_Z,Not applicable,_T,Total,USD_EXC,"US dollars, exchange rate converted",V,Current prices,N,Non transformed data,T0102,Table 0102 - GDP identity from the expenditure side,2015,,1152781.252,,,,F,Free (free for publication),1,One,A,Normal value,6,Millions,_Z,Not applicable
DATAFLOW,OECD.SDD.NAD:DSD_NAMAIN10@DF_TABLE1_EXPENDITURE(2.0),Annual GDP and components - expenditure approach,I,A,Annual,BRA,Brazil,S1M,Households and non-profit institutions serving households (NPISH),S1,Total economy,P3,Final consumption expenditure,_Z,Not applicable,_Z,Not applicable,_T,Total,USD_EXC,"US dollars, exchange rate converted",V,Current prices,N,Non transformed data,T0102,Table 0102 - GDP identity from the expenditure side,2014,,1546314.611,,,,F,Free (free for publication),1,One,A,Normal value,6,Millions,_Z,Not applicable
DATAFLOW,OECD.SDD.NAD:DSD_NAMAIN10@DF_TABLE1_EXPENDITURE(2.0),Annual GDP and components - expenditure approach,I,A,Annual,BRA,Brazil,S1M,Households and non-profit institutions serving households (NPISH),S1,Total economy,P3,Final consumption expenditure,_Z,Not applicable,_Z,Not applicable,_T,Total,USD_EXC,"US dollars, exchange rate converted",V,Current prices,N,Non transformed data,T0102,Table 0102 - GDP identity from the expenditure side,2005,,539476.375,,,,F,Free (free for publication),1,One,A,Normal value,6,Millions,_Z,Not applicable
DATAFLOW,OECD.SDD.NAD:DSD_NAMAIN10@DF_TABLE1_EXPENDITURE(2.0),Annual GDP and components - expenditure approach,I,A,Annual,BEL,Belgium,S1M,Households and non-profit institutions serving households (NPISH),S1,Total economy,P3,Final consumption expenditure,_Z,Not applicable,_Z,Not applicable,_T,Total,USD_EXC,"US dollars, exchange rate converted",V,Current prices,N,Non transformed data,T0102,Table 0102 - GDP identity from the expenditure side,2018,,285472.842,,,,F,Free (free for publication),1,One,A,Normal value,6,Millions,_Z,Not applicable
DATAFLOW,OECD.SDD.NAD:DSD_NAMAIN10@DF_TABLE1_EXPENDITURE(2.0),Annual GDP and components - expenditure approach,I,A,Annual,BEL,Belgium,S1M,Households and non-profit institutions serving households (NPISH),S1,Total economy,P3,Final consumption expenditure,_Z,Not applicable,_Z,Not applicable,_T,Total,USD_EXC,"US dollars, exchange rate converted",V,Current prices,N,Non transformed data,T0102,Table 0102 - GDP identity from the expenditure side,2017,,263313.77,,,,F,Free (free for publication),1,One,A,Normal value,6,Millions,_Z,Not applicable
DATAFLOW,OECD.SDD.NAD:DSD_NAMAIN10@DF_TABLE1_EXPENDITURE(2.0),Annual GDP and components - expenditure approach,I,A,Annual,BEL,Belgium,S1M,Households and non-profit institutions serving households (NPISH),S1,Total economy,P3,Final consumption expenditure,_Z,Not applicable,_Z,Not applicable,_T,Total,USD_EXC,"US dollars, exchange rate converted",V,Current prices,N,Non transformed data,T0102,Table 0102 - GDP identity from the expenditure side,2016,,248143.769,,,,F,Free (free for publication),1,One,A,Normal value,6,Millions,_Z,Not applicable
DATAFLOW,OECD.SDD.NAD:DSD_NAMAIN10@DF_TABLE1_EXPENDITURE(2.0),Annual GDP and components - expenditure approach,I,A,Annual,BEL,Belgium,S1M,Households and non-profit institutions serving households (NPISH),S1,Total economy,P3,Final consumption expenditure,_Z,Not applicable,_Z,Not applicable,_T,Total,USD_EXC,"US dollars, exchange rate converted",V,Current prices,N,Non transformed data,T0102,Table 0102 - GDP identity from the expenditure side,2015,,241206.549,,,,F,Free (free for publication),1,One,A,Normal value,6,Millions,_Z,Not applicable
DATAFLOW,OECD.SDD.NAD:DSD_NAMAIN10@DF_TABLE1_EXPENDITURE(2.0),Annual GDP and components - expenditure approach,I,A,Annual,BEL,Belgium,S1M,Households and non-profit institutions serving households (NPISH),S1,Total economy,P3,Final consumption expenditure,_Z,Not applicable,_Z,Not applicable,_T,Total,USD_EXC,"US dollars, exchange rate converted",V,Current prices,N,Non transformed data,T0102,Table 0102 - GDP identity from the expenditure side,2014,,281973.362,,,,F,Free (free for publication),1,One,A,Normal value,6,Millions,_Z,Not applicable
DATAFLOW,OECD.SDD.NAD:DSD_NAMAIN10@DF_TABLE1_EXPENDITURE(2.0),Annual GDP and components - expenditure approach,I,A,Annual,BEL,Belgium,S1M,Households and non-profit institutions serving households (NPISH),S1,Total economy,P3,Final consumption expenditure,_Z,Not applicable,_Z,Not applicable,_T,Total,USD_EXC,"US dollars, exchange rate converted",V,Current prices,N,Non transformed data,T0102,Table 0102 - GDP identity from the expenditure side,2013,,276918.721,,,,F,Free (free for publication),1,One,A,Normal value,6,Millions,_Z,Not applicable
DATAFLOW,OECD.SDD.NAD:DSD_NAMAIN10@DF_TABLE1_EXPENDITURE(2.0),Annual GDP and components - expenditure approach,I,A,Annual,BEL,Belgium,S1M,Households and non-profit institutions serving households (NPISH),S1,Total economy,P3,Final consumption expenditure,_Z,Not applicable,_Z,Not applicable,_T,Total,USD_EXC,"US dollars, exchange rate converted",V,Current prices,N,Non transformed data,T0102,Table 0102 - GDP identity from the expenditure side,2012,,261742.544,,,,F,Free (free for publication),1,One,A,Normal value,6,Millions,_Z,Not applicable
DATAFLOW,OECD.SDD.NAD:DSD_NAMAIN10@DF_TABLE1_EXPENDITURE(2.0),Annual GDP and components - expenditure approach,I,A,Annual,BEL,Belgium,S1M,Households and non-profit institutions serving households (NPISH),S1,Total economy,P3,Final consumption expenditure,_Z,Not applicable,_Z,Not applicable,_T,Total,USD_EXC,"US dollars, exchange rate converted",V,Current prices,N,Non transformed data,T0102,Table 0102 - GDP identity from the expenditure side,2011,,273490.533,,,,F,Free (free for publication),1,One,A,Normal value,6,Millions,_Z,Not applicable
DATAFLOW,OECD.SDD.NAD:DSD_NAMAIN10@DF_TABLE1_EXPENDITURE(2.0),Annual GDP and components - expenditure approach,I,A,Annual,BEL,Belgium,S1M,Households and non-profit institutions serving households (NPISH),S1,Total economy,P3,Final consumption expenditure,_Z,Not applicable,_Z,Not applicable,_T,Total,USD_EXC,"US dollars, exchange rate converted",V,Current prices,N,Non transformed data,T0102,Table 0102 - GDP identity from the expenditure side,2010,,252188.695,,,,F,Free (free for publication),1,One,A,Normal value,6,Millions,_Z,Not applicable
DATAFLOW,OECD.SDD.NAD:DSD_NAMAIN10@DF_TABLE1_EXPENDITURE(2.0),Annual GDP and components - expenditure approach,I,A,Annual,BEL,Belgium,S1M,Households and non-profit institutions serving households (NPISH),S1,Total economy,P3,Final consumption expenditure,_Z,Not applicable,_Z,Not applicable,_T,Total,USD_EXC,"US dollars, exchange rate converted",V,Current prices,N,Non transformed data,T0102,Table 0102 - GDP identity from the expenditure side,2009,,251199.617,,,,F,Free (free for publication),1,One,B,Time series break,6,Millions,_Z,Not applicable
DATAFLOW,OECD.SDD.NAD:DSD_NAMAIN10@DF_TABLE1_EXPENDITURE(2.0),Annual GDP and components - expenditure approach,I,A,Annual,BEL,Belgium,S1M,Households and non-profit institutions serving households (NPISH),S1,Total economy,P3,Final consumption expenditure,_Z,Not applicable,_Z,Not applicable,_T,Total,USD_EXC,"US dollars, exchange rate converted",V,Current prices,N,Non transformed data,T0102,Table 0102 - GDP identity from the expenditure side,2004,,185499.296,,,,F,Free (free for publication),1,One,A,Normal value,6,Millions,_Z,Not applicable
DATAFLOW,OECD.SDD.NAD:DSD_NAMAIN10@DF_TABLE1_EXPENDITURE(2.0),Annual GDP and components - expenditure approach,I,A,Annual,BEL,Belgium,S1M,Households and non-profit institutions serving households (NPISH),S1,Total economy,P3,Final consumption expenditure,_Z,Not applicable,_Z,Not applicable,_T,Total,USD_EXC,"US dollars, exchange rate converted",V,Current prices,N,Non transformed data,T0102,Table 0102 - GDP identity from the expenditure side,2003,,162837.439,,,,F,Free (free for publication),1,One,A,Normal value,6,Millions,_Z,Not applicable
DATAFLOW,OECD.SDD.NAD:DSD_NAMAIN10@DF_TABLE1_EXPENDITURE(2.0),Annual GDP and components - expenditure approach,I,A,Annual,BEL,Belgium,S1M,Households and non-profit institutions serving households (NPISH),S1,Total economy,P3,Final consumption expenditure,_Z,Not applicable,_Z,Not applicable,_T,Total,USD_EXC,"US dollars, exchange rate converted",V,Current prices,N,Non transformed data,T0102,Table 0102 - GDP identity from the expenditure side,2002,,133161.271,,,,F,Free (free for publication),1,One,A,Normal value,6,Millions,_Z,Not applicable
DATAFLOW,OECD.SDD.NAD:DSD_NAMAIN10@DF_TABLE1_EXPENDITURE(2.0),Annual GDP and components - expenditure approach,I,A,Annual,BEL,Belgium,S1M,Households and non-profit institutions serving households (NPISH),S1,Total economy,P3,Final consumption expenditure,_Z,Not applicable,_Z,Not applicable,_T,Total,USD_EXC,"US dollars, exchange rate converted",V,Current prices,N,Non transformed data,T0102,Table 0102 - GDP identity from the expenditure side,2001,,124067.976,,,,F,Free (free for publication),1,One,A,Normal value,6,Millions,_Z,Not applicable
DATAFLOW,OECD.SDD.NAD:DSD_NAMAIN10@DF_TABLE1_EXPENDITURE(2.0),Annual GDP and components - expenditure approach,I,A,Annual,BEL,Belgium,S1M,Households and non-profit institutions serving households (NPISH),S1,Total economy,P3,Final consumption expenditure,_Z,Not applicable,_Z,Not applicable,_T,Total,USD_EXC,"US dollars, exchange rate converted",V,Current prices,N,Non transformed data,T0102,Table 0102 - GDP identity from the expenditure side,2000,,123871.313,,,,F,Free (free for publication),1,One,A,Normal value,6,Millions,_Z,Not applicable
DATAFLOW,OECD.SDD.NAD:DSD_NAMAIN10@DF_TABLE1_EXPENDITURE(2.0),Annual GDP and components - expenditure approach,I,A,Annual,BEL,Belgium,S1M,Households and non-profit institutions serving households (NPISH),S1,Total economy,P3,Final consumption expenditure,_Z,Not applicable,_Z,Not applicable,_T,Total,USD_EXC,"US dollars, exchange rate converted",V,Current prices,N,Non transformed data,T0102,Table 0102 - GDP identity from the expenditure side,1999,,134475.835,,,,F,Free (free for publication),1,One,A,Normal value,6,Millions,_Z,Not applicable
DATAFLOW,OECD.SDD.NAD:DSD_NAMAIN10@DF_TABLE1_EXPENDITURE(2.0),Annual GDP and components - expenditure approach,I,A,Annual,BEL,Belgium,S1M,Households and non-profit institutions serving households (NPISH),S1,Total economy,P3,Final consumption expenditure,_Z,Not applicable,_Z,Not applicable,_T,Total,USD_EXC,"US dollars, exchange rate converted",V,Current prices,N,Non transformed data,T0102,Table 0102 - GDP identity from the expenditure side,1998,,136802.057,,,,F,Free (free for publication),1,One,A,Normal value,6,Millions,_Z,Not applicable
DATAFLOW,OECD.SDD.NAD:DSD_NAMAIN10@DF_TABLE1_EXPENDITURE(2.0),Annual GDP and components - expenditure approach,I,A,Annual,BEL,Belgium,S1M,Households and non-profit institutions serving households (NPISH),S1,Total economy,P3,Final consumption expenditure,_Z,Not applicable,_Z,Not applicable,_T,Total,USD_EXC,"US dollars, exchange rate converted",V,Current prices,N,Non transformed data,T0102,Table 0102 - GDP identity from the expenditure side,1997,,133084.526,,,,F,Free (free for publication),1,One,A,Normal value,6,Millions,_Z,Not applicable
DATAFLOW,OECD.SDD.NAD:DSD_NAMAIN10@DF_TABLE1_EXPENDITURE(2.0),Annual GDP and components - expenditure approach,I,A,Annual,BEL,Belgium,S1M,Households and non-profit institutions serving households (NPISH),S1,Total economy,P3,Final consumption expenditure,_Z,Not applicable,_Z,Not applicable,_T,Total,USD_EXC,"US dollars, exchange rate converted",V,Current prices,N,Non transformed data,T0102,Table 0102 - GDP identity from the expenditure side,1996,,149310.659,,,,F,Free (free for publication),1,One,A,Normal value,6,Millions,_Z,Not applicable
DATAFLOW,OECD.SDD.NAD:DSD_NAMAIN10@DF_TABLE1_EXPENDITURE(2.0),Annual GDP and components - expenditure approach,I,A,Annual,BEL,Belgium,S1M,Households and non-profit institutions serving households (NPISH),S1,Total economy,P3,Final consumption expenditure,_Z,Not applicable,_Z,Not applicable,_T,Total,USD_EXC,"US dollars, exchange rate converted",V,Current prices,N,Non transformed data,T0102,Table 0102 - GDP identity from the expenditure side,1995,,152828.61,,,,F,Free (free for publication),1,One,A,Normal value,6,Millions,_Z,Not applicable
DATAFLOW,OECD.SDD.NAD:DSD_NAMAIN10@DF_TABLE1_EXPENDITURE(2.0),Annual GDP and components - expenditure approach,I,A,Annual,BEL,Belgium,S1M,Households and non-profit institutions serving households (NPISH),S1,Total economy,P3,Final consumption expenditure,_Z,Not applicable,_Z,Not applicable,_T,Total,USD_EXC,"US dollars, exchange rate converted",V,Current prices,N,Non transformed data,T0102,Table 0102 - GDP identity from the expenditure side,2008,,262411.014,,,,F,Free (free for publication),1,One,A,Normal value,6,Millions,_Z,Not applicable
DATAFLOW,OECD.SDD.NAD:DSD_NAMAIN10@DF_TABLE1_EXPENDITURE(2.0),Annual GDP and components - expenditure approach,I,A,Annual,BEL,Belgium,S1M,Households and non-profit institutions serving households (NPISH),S1,Total economy,P3,Final consumption expenditure,_Z,Not applicable,_Z,Not applicable,_T,Total,USD_EXC,"US dollars, exchange rate converted",V,Current prices,N,Non transformed data,T0102,Table 0102 - GDP identity from the expenditure side,2007,,233792.453,,,,F,Free (free for publication),1,One,A,Normal value,6,Millions,_Z,Not applicable
DATAFLOW,OECD.SDD.NAD:DSD_NAMAIN10@DF_TABLE1_EXPENDITURE(2.0),Annual GDP and components - expenditure approach,I,A,Annual,BEL,Belgium,S1M,Households and non-profit institutions serving households (NPISH),S1,Total economy,P3,Final consumption expenditure,_Z,Not applicable,_Z,Not applicable,_T,Total,USD_EXC,"US dollars, exchange rate converted",V,Current prices,N,Non transformed data,T0102,Table 0102 - GDP identity from the expenditure side,2006,,204326.61,,,,F,Free (free for publication),1,One,A,Normal value,6,Millions,_Z,Not applicable
DATAFLOW,OECD.SDD.NAD:DSD_NAMAIN10@DF_TABLE1_EXPENDITURE(2.0),Annual GDP and components - expenditure approach,I,A,Annual,BEL,Belgium,S1M,Households and non-profit institutions serving households (NPISH),S1,Total economy,P3,Final consumption expenditure,_Z,Not applicable,_Z,Not applicable,_T,Total,USD_EXC,"US dollars, exchange rate converted",V,Current prices,N,Non transformed data,T0102,Table 0102 - GDP identity from the expenditure side,2005,,193583.805,,,,F,Free (free for publication),1,One,A,Normal value,6,Millions,_Z,Not applicable
DATAFLOW,OECD.SDD.NAD:DSD_NAMAIN10@DF_TABLE1_EXPENDITURE(2.0),Annual GDP and components - expenditure approach,I,A,Annual,BEL,Belgium,S1M,Households and non-profit institutions serving households (NPISH),S1,Total economy,P3,Final consumption expenditure,_Z,Not applicable,_Z,Not applicable,_T,Total,USD_EXC,"US dollars, exchange rate converted",V,Current prices,N,Non transformed data,T0102,Table 0102 - GDP identity from the expenditure side,2020,,266176.239,,,,F,Free (free for publication),1,One,A,Normal value,6,Millions,_Z,Not applicable
DATAFLOW,OECD.SDD.NAD:DSD_NAMAIN10@DF_TABLE1_EXPENDITURE(2.0),Annual GDP and components - expenditure approach,I,A,Annual,SVN,Slovenia,S1M,Households and non-profit institutions serving households (NPISH),S1,Total economy,P3,Final consumption expenditure,_Z,Not applicable,_Z,Not applicable,_T,Total,USD_EXC,"US dollars, exchange rate converted",V,Current prices,N,Non transformed data,T0102,Table 0102 - GDP identity from the expenditure side,2013,,26629.117,,,,F,Free (free for publication),1,One,A,Normal value,6,Millions,_Z,Not applicable
DATAFLOW,OECD.SDD.NAD:DSD_NAMAIN10@DF_TABLE1_EXPENDITURE(2.0),Annual GDP and components - expenditure approach,I,A,Annual,SVN,Slovenia,S1M,Households and non-profit institutions serving households (NPISH),S1,Total economy,P3,Final consumption expenditure,_Z,Not applicable,_Z,Not applicable,_T,Total,USD_EXC,"US dollars, exchange rate converted",V,Current prices,N,Non transformed data,T0102,Table 0102 - GDP identity from the expenditure side,2012,,26412.711,,,,F,Free (free for publication),1,One,A,Normal value,6,Millions,_Z,Not applicable
DATAFLOW,OECD.SDD.NAD:DSD_NAMAIN10@DF_TABLE1_EXPENDITURE(2.0),Annual GDP and components - expenditure approach,I,A,Annual,SVN,Slovenia,S1M,Households and non-profit institutions serving households (NPISH),S1,Total economy,P3,Final consumption expenditure,_Z,Not applicable,_Z,Not applicable,_T,Total,USD_EXC,"US dollars, exchange rate converted",V,Current prices,N,Non transformed data,T0102,Table 0102 - GDP identity from the expenditure side,2011,,28755.77,,,,F,Free (free for publication),1,One,A,Normal value,6,Millions,_Z,Not applicable
DATAFLOW,OECD.SDD.NAD:DSD_NAMAIN10@DF_TABLE1_EXPENDITURE(2.0),Annual GDP and components - expenditure approach,I,A,Annual,SVN,Slovenia,S1M,Households and non-profit institutions serving households (NPISH),S1,Total economy,P3,Final consumption expenditure,_Z,Not applicable,_Z,Not applicable,_T,Total,USD_EXC,"US dollars, exchange rate converted",V,Current prices,N,Non transformed data,T0102,Table 0102 - GDP identity from the expenditure side,2010,,26651.291,,,,F,Free (free for publication),1,One,A,Normal value,6,Millions,_Z,Not applicable
DATAFLOW,OECD.SDD.NAD:DSD_NAMAIN10@DF_TABLE1_EXPENDITURE(2.0),Annual GDP and components - expenditure approach,I,A,Annual,SVN,Slovenia,S1M,Households and non-profit institutions serving households (NPISH),S1,Total economy,P3,Final consumption expenditure,_Z,Not applicable,_Z,Not applicable,_T,Total,USD_EXC,"US dollars, exchange rate converted",V,Current prices,N,Non transformed data,T0102,Table 0102 - GDP identity from the expenditure side,2009,,27189.432,,,,F,Free (free for publication),1,One,A,Normal value,6,Millions,_Z,Not applicable
DATAFLOW,OECD.SDD.NAD:DSD_NAMAIN10@DF_TABLE1_EXPENDITURE(2.0),Annual GDP and components - expenditure approach,I,A,Annual,SVN,Slovenia,S1M,Households and non-profit institutions serving households (NPISH),S1,Total economy,P3,Final consumption expenditure,_Z,Not applicable,_Z,Not applicable,_T,Total,USD_EXC,"US dollars, exchange rate converted",V,Current prices,N,Non transformed data,T0102,Table 0102 - GDP identity from the expenditure side,2008,,28143.939,,,,F,Free (free for publication),1,One,A,Normal value,6,Millions,_Z,Not applicable
DATAFLOW,OECD.SDD.NAD:DSD_NAMAIN10@DF_TABLE1_EXPENDITURE(2.0),Annual GDP and components - expenditure approach,I,A,Annual,SVN,Slovenia,S1M,Households and non-profit institutions serving households (NPISH),S1,Total economy,P3,Final consumption expenditure,_Z,Not applicable,_Z,Not applicable,_T,Total,USD_EXC,"US dollars, exchange rate converted",V,Current prices,N,Non transformed data,T0102,Table 0102 - GDP identity from the expenditure side,2007,,24184.276,,,,F,Free (free for publication),1,One,A,Normal value,6,Millions,_Z,Not applicable
DATAFLOW,OECD.SDD.NAD:DSD_NAMAIN10@DF_TABLE1_EXPENDITURE(2.0),Annual GDP and components - expenditure approach,I,A,Annual,SVN,Slovenia,S1M,Households and non-profit institutions serving households (NPISH),S1,Total economy,P3,Final consumption expenditure,_Z,Not applicable,_Z,Not applicable,_T,Total,USD_EXC,"US dollars, exchange rate converted",V,Current prices,N,Non transformed data,T0102,Table 0102 - GDP identity from the expenditure side,2006,,19915.456,,,,F,Free (free for publication),1,One,A,Normal value,6,Millions,_Z,Not applicable
DATAFLOW,OECD.SDD.NAD:DSD_NAMAIN10@DF_TABLE1_EXPENDITURE(2.0),Annual GDP and components - expenditure approach,I,A,Annual,SVN,Slovenia,S1M,Households and non-profit institutions serving households (NPISH),S1,Total economy,P3,Final consumption expenditure,_Z,Not applicable,_Z,Not applicable,_T,Total,USD_EXC,"US dollars, exchange rate converted",V,Current prices,N,Non transformed data,T0102,Table 0102 - GDP identity from the expenditure side,2005,,19016.87,,,,F,Free (free for publication),1,One,A,Normal value,6,Millions,_Z,Not applicable
DATAFLOW,OECD.SDD.NAD:DSD_NAMAIN10@DF_TABLE1_EXPENDITURE(2.0),Annual GDP and components - expenditure approach,I,A,Annual,SVN,Slovenia,S1M,Households and non-profit institutions serving households (NPISH),S1,Total economy,P3,Final consumption expenditure,_Z,Not applicable,_Z,Not applicable,_T,Total,USD_EXC,"US dollars, exchange rate converted",V,Current prices,N,Non transformed data,T0102,Table 0102 - GDP identity from the expenditure side,2004,,18258.438,,,,F,Free (free for publication),1,One,A,Normal value,6,Millions,_Z,Not applicable
DATAFLOW,OECD.SDD.NAD:DSD_NAMAIN10@DF_TABLE1_EXPENDITURE(2.0),Annual GDP and components - expenditure approach,I,A,Annual,SVN,Slovenia,S1M,Households and non-profit institutions serving households (NPISH),S1,Total economy,P3,Final consumption expenditure,_Z,Not applicable,_Z,Not applicable,_T,Total,USD_EXC,"US dollars, exchange rate converted",V,Current prices,N,Non transformed data,T0102,Table 0102 - GDP identity from the expenditure side,1999,,12967.333,,,,F,Free (free for publication),1,One,A,Normal value,6,Millions,_Z,Not applicable
DATAFLOW,OECD.SDD.NAD:DSD_NAMAIN10@DF_TABLE1_EXPENDITURE(2.0),Annual GDP and components - expenditure approach,I,A,Annual,SVN,Slovenia,S1M,Households and non-profit institutions serving households (NPISH),S1,Total economy,P3,Final consumption expenditure,_Z,Not applicable,_Z,Not applicable,_T,Total,USD_EXC,"US dollars, exchange rate converted",V,Current prices,N,Non transformed data,T0102,Table 0102 - GDP identity from the expenditure side,1998,,12535.543,,,,F,Free (free for publication),1,One,A,Normal value,6,Millions,_Z,Not applicable
DATAFLOW,OECD.SDD.NAD:DSD_NAMAIN10@DF_TABLE1_EXPENDITURE(2.0),Annual GDP and components - expenditure approach,I,A,Annual,SVN,Slovenia,S1M,Households and non-profit institutions serving households (NPISH),S1,Total economy,P3,Final consumption expenditure,_Z,Not applicable,_Z,Not applicable,_T,Total,USD_EXC,"US dollars, exchange rate converted",V,Current prices,N,Non transformed data,T0102,Table 0102 - GDP identity from the expenditure side,1997,,11879.121,,,,F,Free (free for publication),1,One,A,Normal value,6,Millions,_Z,Not applicable
DATAFLOW,OECD.SDD.NAD:DSD_NAMAIN10@DF_TABLE1_EXPENDITURE(2.0),Annual GDP and components - expenditure approach,I,A,Annual,SVN,Slovenia,S1M,Households and non-profit institutions serving households (NPISH),S1,Total economy,P3,Final consumption expenditure,_Z,Not applicable,_Z,Not applicable,_T,Total,USD_EXC,"US dollars, exchange rate converted",V,Current prices,N,Non transformed data,T0102,Table 0102 - GDP identity from the expenditure side,1996,,12545.144,,,,F,Free (free for publication),1,One,A,Normal value,6,Millions,_Z,Not applicable
DATAFLOW,OECD.SDD.NAD:DSD_NAMAIN10@DF_TABLE1_EXPENDITURE(2.0),Annual GDP and components - expenditure approach,I,A,Annual,SVN,Slovenia,S1M,Households and non-profit institutions serving households (NPISH),S1,Total economy,P3,Final consumption expenditure,_Z,Not applicable,_Z,Not applicable,_T,Total,USD_EXC,"US dollars, exchange rate converted",V,Current prices,N,Non transformed data,T0102,Table 0102 - GDP identity from the expenditure side,1995,,12630.545,,,,F,Free (free for publication),1,One,A,Normal value,6,Millions,_Z,Not applicable
DATAFLOW,OECD.SDD.NAD:DSD_NAMAIN10@DF_TABLE1_EXPENDITURE(2.0),Annual GDP and components - expenditure approach,I,A,Annual,SVN,Slovenia,S1M,Households and non-profit institutions serving households (NPISH),S1,Total economy,P3,Final consumption expenditure,_Z,Not applicable,_Z,Not applicable,_T,Total,USD_EXC,"US dollars, exchange rate converted",V,Current prices,N,Non transformed data,T0102,Table 0102 - GDP identity from the expenditure side,2020,,26744.115,,,,F,Free (free for publication),1,One,A,Normal value,6,Millions,_Z,Not applicable
DATAFLOW,OECD.SDD.NAD:DSD_NAMAIN10@DF_TABLE1_EXPENDITURE(2.0),Annual GDP and components - expenditure approach,I,A,Annual,SVN,Slovenia,S1M,Households and non-profit institutions serving households (NPISH),S1,Total economy,P3,Final consumption expenditure,_Z,Not applicable,_Z,Not applicable,_T,Total,USD_EXC,"US dollars, exchange rate converted",V,Current prices,N,Non transformed data,T0102,Table 0102 - GDP identity from the expenditure side,2019,,28041.751,,,,F,Free (free for publication),1,One,A,Normal value,6,Millions,_Z,Not applicable
DATAFLOW,OECD.SDD.NAD:DSD_NAMAIN10@DF_TABLE1_EXPENDITURE(2.0),Annual GDP and components - expenditure approach,I,A,Annual,SVN,Slovenia,S1M,Households and non-profit institutions serving households (NPISH),S1,Total economy,P3,Final consumption expenditure,_Z,Not applicable,_Z,Not applicable,_T,Total,USD_EXC,"US dollars, exchange rate converted",V,Current prices,N,Non transformed data,T0102,Table 0102 - GDP identity from the expenditure side,2018,,27653.403,,,,F,Free (free for publication),1,One,A,Normal value,6,Millions,_Z,Not applicable
DATAFLOW,OECD.SDD.NAD:DSD_NAMAIN10@DF_TABLE1_EXPENDITURE(2.0),Annual GDP and components - expenditure approach,I,A,Annual,MLT,Malta,S1M,Households and non-profit institutions serving households (NPISH),S1,Total economy,P3,Final consumption expenditure,_Z,Not applicable,_Z,Not applicable,_T,Total,USD_EXC,"US dollars, exchange rate converted",V,Current prices,N,Non transformed data,T0102,Table 0102 - GDP identity from the expenditure side,2013,,6061.26,,,,F,Free (free for publication),1,One,A,Normal value,6,Millions,_Z,Not applicable
DATAFLOW,OECD.SDD.NAD:DSD_NAMAIN10@DF_TABLE1_EXPENDITURE(2.0),Annual GDP and components - expenditure approach,I,A,Annual,MLT,Malta,S1M,Households and non-profit institutions serving households (NPISH),S1,Total economy,P3,Final consumption expenditure,_Z,Not applicable,_Z,Not applicable,_T,Total,USD_EXC,"US dollars, exchange rate converted",V,Current prices,N,Non transformed data,T0102,Table 0102 - GDP identity from the expenditure side,2012,,5624.854,,,,F,Free (free for publication),1,One,A,Normal value,6,Millions,_Z,Not applicable
DATAFLOW,OECD.SDD.NAD:DSD_NAMAIN10@DF_TABLE1_EXPENDITURE(2.0),Annual GDP and components - expenditure approach,I,A,Annual,MLT,Malta,S1M,Households and non-profit institutions serving households (NPISH),S1,Total economy,P3,Final consumption expenditure,_Z,Not applicable,_Z,Not applicable,_T,Total,USD_EXC,"US dollars, exchange rate converted",V,Current prices,N,Non transformed data,T0102,Table 0102 - GDP identity from the expenditure side,2011,,5903.49,,,,F,Free (free for publication),1,One,A,Normal value,6,Millions,_Z,Not applicable
DATAFLOW,OECD.SDD.NAD:DSD_NAMAIN10@DF_TABLE1_EXPENDITURE(2.0),Annual GDP and components - expenditure approach,I,A,Annual,MLT,Malta,S1M,Households and non-profit institutions serving households (NPISH),S1,Total economy,P3,Final consumption expenditure,_Z,Not applicable,_Z,Not applicable,_T,Total,USD_EXC,"US dollars, exchange rate converted",V,Current prices,N,Non transformed data,T0102,Table 0102 - GDP identity from the expenditure side,2010,,5295.274,,,,F,Free (free for publication),1,One,A,Normal value,6,Millions,_Z,Not applicable
DATAFLOW,OECD.SDD.NAD:DSD_NAMAIN10@DF_TABLE1_EXPENDITURE(2.0),Annual GDP and components - expenditure approach,I,A,Annual,MLT,Malta,S1M,Households and non-profit institutions serving households (NPISH),S1,Total economy,P3,Final consumption expenditure,_Z,Not applicable,_Z,Not applicable,_T,Total,USD_EXC,"US dollars, exchange rate converted",V,Current prices,N,Non transformed data,T0102,Table 0102 - GDP identity from the expenditure side,2007,,4950.713,,,,F,Free (free for publication),1,One,A,Normal value,6,Millions,_Z,Not applicable
DATAFLOW,OECD.SDD.NAD:DSD_NAMAIN10@DF_TABLE1_EXPENDITURE(2.0),Annual GDP and components - expenditure approach,I,A,Annual,MLT,Malta,S1M,Households and non-profit institutions serving households (NPISH),S1,Total economy,P3,Final consumption expenditure,_Z,Not applicable,_Z,Not applicable,_T,Total,USD_EXC,"US dollars, exchange rate converted",V,Current prices,N,Non transformed data,T0102,Table 0102 - GDP identity from the expenditure side,2009,,5342.824,,,,F,Free (free for publication),1,One,A,Normal value,6,Millions,_Z,Not applicable
DATAFLOW,OECD.SDD.NAD:DSD_NAMAIN10@DF_TABLE1_EXPENDITURE(2.0),Annual GDP and components - expenditure approach,I,A,Annual,MLT,Malta,S1M,Households and non-profit institutions serving households (NPISH),S1,Total economy,P3,Final consumption expenditure,_Z,Not applicable,_Z,Not applicable,_T,Total,USD_EXC,"US dollars, exchange rate converted",V,Current prices,N,Non transformed data,T0102,Table 0102 - GDP identity from the expenditure side,2008,,5465.105,,,,F,Free (free for publication),1,One,A,Normal value,6,Millions,_Z,Not applicable
DATAFLOW,OECD.SDD.NAD:DSD_NAMAIN10@DF_TABLE1_EXPENDITURE(2.0),Annual GDP and components - expenditure approach,I,A,Annual,MLT,Malta,S1M,Households and non-profit institutions serving households (NPISH),S1,Total economy,P3,Final consumption expenditure,_Z,Not applicable,_Z,Not applicable,_T,Total,USD_EXC,"US dollars, exchange rate converted",V,Current prices,N,Non transformed data,T0102,Table 0102 - GDP identity from the expenditure side,2020,,6593.366,,,,F,Free (free for publication),1,One,A,Normal value,6,Millions,_Z,Not applicable
DATAFLOW,OECD.SDD.NAD:DSD_NAMAIN10@DF_TABLE1_EXPENDITURE(2.0),Annual GDP and components - expenditure approach,I,A,Annual,MLT,Malta,S1M,Households and non-profit institutions serving households (NPISH),S1,Total economy,P3,Final consumption expenditure,_Z,Not applicable,_Z,Not applicable,_T,Total,USD_EXC,"US dollars, exchange rate converted",V,Current prices,N,Non transformed data,T0102,Table 0102 - GDP identity from the expenditure side,2019,,7143.454,,,,F,Free (free for publication),1,One,A,Normal value,6,Millions,_Z,Not applicable
DATAFLOW,OECD.SDD.NAD:DSD_NAMAIN10@DF_TABLE1_EXPENDITURE(2.0),Annual GDP and components - expenditure approach,I,A,Annual,MLT,Malta,S1M,Households and non-profit institutions serving households (NPISH),S1,Total economy,P3,Final consumption expenditure,_Z,Not applicable,_Z,Not applicable,_T,Total,USD_EXC,"US dollars, exchange rate converted",V,Current prices,N,Non transformed data,T0102,Table 0102 - GDP identity from the expenditure side,2006,,4396.447,,,,F,Free (free for publication),1,One,A,Normal value,6,Millions,_Z,Not applicable
DATAFLOW,OECD.SDD.NAD:DSD_NAMAIN10@DF_TABLE1_EXPENDITURE(2.0),Annual GDP and components - expenditure approach,I,A,Annual,IND,India,S1M,Households and non-profit institutions serving households (NPISH),S1,Total economy,P3,Final consumption expenditure,_Z,Not applicable,_Z,Not applicable,_T,Total,USD_EXC,"US dollars, exchange rate converted",V,Current prices,N,Non transformed data,T0102,Table 0102 - GDP identity from the expenditure side,2004,,404090.749,,,,F,Free (free for publication),1,One,E,Estimated value,6,Millions,_Z,Not applicable
DATAFLOW,OECD.SDD.NAD:DSD_NAMAIN10@DF_TABLE1_EXPENDITURE(2.0),Annual GDP and components - expenditure approach,I,A,Annual,IND,India,S1M,Households and non-profit institutions serving households (NPISH),S1,Total economy,P3,Final consumption expenditure,_Z,Not applicable,_Z,Not applicable,_T,Total,USD_EXC,"US dollars, exchange rate converted",V,Current prices,N,Non transformed data,T0102,Table 0102 - GDP identity from the expenditure side,2003,,363129.029,,,,F,Free (free for publication),1,One,E,Estimated value,6,Millions,_Z,Not applicable
DATAFLOW,OECD.SDD.NAD:DSD_NAMAIN10@DF_TABLE1_EXPENDITURE(2.0),Annual GDP and components - expenditure approach,I,A,Annual,IND,India,S1M,Households and non-profit institutions serving households (NPISH),S1,Total economy,P3,Final consumption expenditure,_Z,Not applicable,_Z,Not applicable,_T,Total,USD_EXC,"US dollars, exchange rate converted",V,Current prices,N,Non transformed data,T0102,Table 0102 - GDP identity from the expenditure side,2002,,318319.281,,,,F,Free (free for publication),1,One,E,Estimated value,6,Millions,_Z,Not applicable
DATAFLOW,OECD.SDD.NAD:DSD_NAMAIN10@DF_TABLE1_EXPENDITURE(2.0),Annual GDP and components - expenditure approach,I,A,Annual,PRT,Portugal,S1M,Households and non-profit institutions serving households (NPISH),S1,Total economy,P3,Final consumption expenditure,_Z,Not applicable,_Z,Not applicable,_T,Total,USD_EXC,"US dollars, exchange rate converted",V,Current prices,N,Non transformed data,T0102,Table 0102 - GDP identity from the expenditure side,2013,,148280.217,,,,F,Free (free for publication),1,One,A,Normal value,6,Millions,_Z,Not applicable
DATAFLOW,OECD.SDD.NAD:DSD_NAMAIN10@DF_TABLE1_EXPENDITURE(2.0),Annual GDP and components - expenditure approach,I,A,Annual,PRT,Portugal,S1M,Households and non-profit institutions serving households (NPISH),S1,Total economy,P3,Final consumption expenditure,_Z,Not applicable,_Z,Not applicable,_T,Total,USD_EXC,"US dollars, exchange rate converted",V,Current prices,N,Non transformed data,T0102,Table 0102 - GDP identity from the expenditure side,2012,,143849.293,,,,F,Free (free for publication),1,One,A,Normal value,6,Millions,_Z,Not applicable
DATAFLOW,OECD.SDD.NAD:DSD_NAMAIN10@DF_TABLE1_EXPENDITURE(2.0),Annual GDP and components - expenditure approach,I,A,Annual,RUS,Russia,S1M,Households and non-profit institutions serving households (NPISH),S1,Total economy,P3,Final consumption expenditure,_Z,Not applicable,_Z,Not applicable,_T,Total,USD_EXC,"US dollars, exchange rate converted",V,Current prices,N,Non transformed data,T0102,Table 0102 - GDP identity from the expenditure side,2001,,167524.048,,,,F,Free (free for publication),1,One,E,Estimated value,6,Millions,_Z,Not applicable
DATAFLOW,OECD.SDD.NAD:DSD_NAMAIN10@DF_TABLE1_EXPENDITURE(2.0),Annual GDP and components - expenditure approach,I,A,Annual,RUS,Russia,S1M,Households and non-profit institutions serving households (NPISH),S1,Total economy,P3,Final consumption expenditure,_Z,Not applicable,_Z,Not applicable,_T,Total,USD_EXC,"US dollars, exchange rate converted",V,Current prices,N,Non transformed data,T0102,Table 0102 - GDP identity from the expenditure side,2016,,679861.449,,,,F,Free (free for publication),1,One,A,Normal value,6,Millions,_Z,Not applicable
DATAFLOW,OECD.SDD.NAD:DSD_NAMAIN10@DF_TABLE1_EXPENDITURE(2.0),Annual GDP and components - expenditure approach,I,A,Annual,RUS,Russia,S1M,Households and non-profit institutions serving households (NPISH),S1,Total economy,P3,Final consumption expenditure,_Z,Not applicable,_Z,Not applicable,_T,Total,USD_EXC,"US dollars, exchange rate converted",V,Current prices,N,Non transformed data,T0102,Table 0102 - GDP identity from the expenditure side,2015,,718279.527,,,,F,Free (free for publication),1,One,A,Normal value,6,Millions,_Z,Not applicable
DATAFLOW,OECD.SDD.NAD:DSD_NAMAIN10@DF_TABLE1_EXPENDITURE(2.0),Annual GDP and components - expenditure approach,I,A,Annual,RUS,Russia,S1M,Households and non-profit institutions serving households (NPISH),S1,Total economy,P3,Final consumption expenditure,_Z,Not applicable,_Z,Not applicable,_T,Total,USD_EXC,"US dollars, exchange rate converted",V,Current prices,N,Non transformed data,T0102,Table 0102 - GDP identity from the expenditure side,2014,,1107108.924,,,,F,Free (free for publication),1,One,A,Normal value,6,Millions,_Z,Not applicable
DATAFLOW,OECD.SDD.NAD:DSD_NAMAIN10@DF_TABLE1_EXPENDITURE(2.0),Annual GDP and components - expenditure approach,I,A,Annual,RUS,Russia,S1M,Households and non-profit institutions serving households (NPISH),S1,Total economy,P3,Final consumption expenditure,_Z,Not applicable,_Z,Not applicable,_T,Total,USD_EXC,"US dollars, exchange rate converted",V,Current prices,N,Non transformed data,T0102,Table 0102 - GDP identity from the expenditure side,2013,,1218806.12,,,,F,Free (free for publication),1,One,A,Normal value,6,Millions,_Z,Not applicable
DATAFLOW,OECD.SDD.NAD:DSD_NAMAIN10@DF_TABLE1_EXPENDITURE(2.0),Annual GDP and components - expenditure approach,I,A,Annual,RUS,Russia,S1M,Households and non-profit institutions serving households (NPISH),S1,Total economy,P3,Final consumption expenditure,_Z,Not applicable,_Z,Not applicable,_T,Total,USD_EXC,"US dollars, exchange rate converted",V,Current prices,N,Non transformed data,T0102,Table 0102 - GDP identity from the expenditure side,2011,,1030838.275,,,,F,Free (free for publication),1,One,A,Normal value,6,Millions,_Z,Not applicable
DATAFLOW,OECD.SDD.NAD:DSD_NAMAIN10@DF_TABLE1_EXPENDITURE(2.0),Annual GDP and components - expenditure approach,I,A,Annual,RUS,Russia,S1M,Households and non-profit institutions serving households (NPISH),S1,Total economy,P3,Final consumption expenditure,_Z,Not applicable,_Z,Not applicable,_T,Total,USD_EXC,"US dollars, exchange rate converted",V,Current prices,N,Non transformed data,T0102,Table 0102 - GDP identity from the expenditure side,2012,,1136099.491,,,,F,Free (free for publication),1,One,A,Normal value,6,Millions,_Z,Not applicable
DATAFLOW,OECD.SDD.NAD:DSD_NAMAIN10@DF_TABLE1_EXPENDITURE(2.0),Annual GDP and components - expenditure approach,I,A,Annual,RUS,Russia,S1M,Households and non-profit institutions serving households (NPISH),S1,Total economy,P3,Final consumption expenditure,_Z,Not applicable,_Z,Not applicable,_T,Total,USD_EXC,"US dollars, exchange rate converted",V,Current prices,N,Non transformed data,T0102,Table 0102 - GDP identity from the expenditure side,1995,,180558.104,,,,F,Free (free for publication),1,One,E,Estimated value,6,Millions,_Z,Not applicable
DATAFLOW,OECD.SDD.NAD:DSD_NAMAIN10@DF_TABLE1_EXPENDITURE(2.0),Annual GDP and components - expenditure approach,I,A,Annual,RUS,Russia,S1M,Households and non-profit institutions serving households (NPISH),S1,Total economy,P3,Final consumption expenditure,_Z,Not applicable,_Z,Not applicable,_T,Total,USD_EXC,"US dollars, exchange rate converted",V,Current prices,N,Non transformed data,T0102,Table 0102 - GDP identity from the expenditure side,2000,,132711.181,,,,F,Free (free for publication),1,One,E,Estimated value,6,Millions,_Z,Not applicable
DATAFLOW,OECD.SDD.NAD:DSD_NAMAIN10@DF_TABLE1_EXPENDITURE(2.0),Annual GDP and components - expenditure approach,I,A,Annual,RUS,Russia,S1M,Households and non-profit institutions serving households (NPISH),S1,Total economy,P3,Final consumption expenditure,_Z,Not applicable,_Z,Not applicable,_T,Total,USD_EXC,"US dollars, exchange rate converted",V,Current prices,N,Non transformed data,T0102,Table 0102 - GDP identity from the expenditure side,1999,,116043.975,,,,F,Free (free for publication),1,One,E,Estimated value,6,Millions,_Z,Not applicable
DATAFLOW,OECD.SDD.NAD:DSD_NAMAIN10@DF_TABLE1_EXPENDITURE(2.0),Annual GDP and components - expenditure approach,I,A,Annual,RUS,Russia,S1M,Households and non-profit institutions serving households (NPISH),S1,Total economy,P3,Final consumption expenditure,_Z,Not applicable,_Z,Not applicable,_T,Total,USD_EXC,"US dollars, exchange rate converted",V,Current prices,N,Non transformed data,T0102,Table 0102 - GDP identity from the expenditure side,1998,,172261.282,,,,F,Free (free for publication),1,One,E,Estimated value,6,Millions,_Z,Not applicable
DATAFLOW,OECD.SDD.NAD:DSD_NAMAIN10@DF_TABLE1_EXPENDITURE(2.0),Annual GDP and components - expenditure approach,I,A,Annual,RUS,Russia,S1M,Households and non-profit institutions serving households (NPISH),S1,Total economy,P3,Final consumption expenditure,_Z,Not applicable,_Z,Not applicable,_T,Total,USD_EXC,"US dollars, exchange rate converted",V,Current prices,N,Non transformed data,T0102,Table 0102 - GDP identity from the expenditure side,2020,,733850.703,,,,F,Free (free for publication),1,One,A,Normal value,6,Millions,_Z,Not applicable
DATAFLOW,OECD.SDD.NAD:DSD_NAMAIN10@DF_TABLE1_EXPENDITURE(2.0),Annual GDP and components - expenditure approach,I,A,Annual,RUS,Russia,S1M,Households and non-profit institutions serving households (NPISH),S1,Total economy,P3,Final consumption expenditure,_Z,Not applicable,_Z,Not applicable,_T,Total,USD_EXC,"US dollars, exchange rate converted",V,Current prices,N,Non transformed data,T0102,Table 0102 - GDP identity from the expenditure side,2019,,863408.181,,,,F,Free (free for publication),1,One,A,Normal value,6,Millions,_Z,Not applicable
DATAFLOW,OECD.SDD.NAD:DSD_NAMAIN10@DF_TABLE1_EXPENDITURE(2.0),Annual GDP and components - expenditure approach,I,A,Annual,RUS,Russia,S1M,Households and non-profit institutions serving households (NPISH),S1,Total economy,P3,Final consumption expenditure,_Z,Not applicable,_Z,Not applicable,_T,Total,USD_EXC,"US dollars, exchange rate converted",V,Current prices,N,Non transformed data,T0102,Table 0102 - GDP identity from the expenditure side,2018,,834728.691,,,,F,Free (free for publication),1,One,A,Normal value,6,Millions,_Z,Not applicable
DATAFLOW,OECD.SDD.NAD:DSD_NAMAIN10@DF_TABLE1_EXPENDITURE(2.0),Annual GDP and components - expenditure approach,I,A,Annual,LVA,Latvia,S1M,Households and non-profit institutions serving households (NPISH),S1,Total economy,P3,Final consumption expenditure,_Z,Not applicable,_Z,Not applicable,_T,Total,USD_EXC,"US dollars, exchange rate converted",V,Current prices,N,Non transformed data,T0102,Table 0102 - GDP identity from the expenditure side,1998,,4495.234,,,,F,Free (free for publication),1,One,A,Normal value,6,Millions,_Z,Not applicable
DATAFLOW,OECD.SDD.NAD:DSD_NAMAIN10@DF_TABLE1_EXPENDITURE(2.0),Annual GDP and components - expenditure approach,I,A,Annual,LVA,Latvia,S1M,Households and non-profit institutions serving households (NPISH),S1,Total economy,P3,Final consumption expenditure,_Z,Not applicable,_Z,Not applicable,_T,Total,USD_EXC,"US dollars, exchange rate converted",V,Current prices,N,Non transformed data,T0102,Table 0102 - GDP identity from the expenditure side,1997,,4304.628,,,,F,Free (free for publication),1,One,A,Normal value,6,Millions,_Z,Not applicable
DATAFLOW,OECD.SDD.NAD:DSD_NAMAIN10@DF_TABLE1_EXPENDITURE(2.0),Annual GDP and components - expenditure approach,I,A,Annual,LVA,Latvia,S1M,Households and non-profit institutions serving households (NPISH),S1,Total economy,P3,Final consumption expenditure,_Z,Not applicable,_Z,Not applicable,_T,Total,USD_EXC,"US dollars, exchange rate converted",V,Current prices,N,Non transformed data,T0102,Table 0102 - GDP identity from the expenditure side,1996,,3981.421,,,,F,Free (free for publication),1,One,A,Normal value,6,Millions,_Z,Not applicable
DATAFLOW,OECD.SDD.NAD:DSD_NAMAIN10@DF_TABLE1_EXPENDITURE(2.0),Annual GDP and components - expenditure approach,I,A,Annual,LVA,Latvia,S1M,Households and non-profit institutions serving households (NPISH),S1,Total economy,P3,Final consumption expenditure,_Z,Not applicable,_Z,Not applicable,_T,Total,USD_EXC,"US dollars, exchange rate converted",V,Current prices,N,Non transformed data,T0102,Table 0102 - GDP identity from the expenditure side,1995,,3477.867,,,,F,Free (free for publication),1,One,A,Normal value,6,Millions,_Z,Not applicable
DATAFLOW,OECD.SDD.NAD:DSD_NAMAIN10@DF_TABLE1_EXPENDITURE(2.0),Annual GDP and components - expenditure approach,I,A,Annual,LVA,Latvia,S1M,Households and non-profit institutions serving households (NPISH),S1,Total economy,P3,Final consumption expenditure,_Z,Not applicable,_Z,Not applicable,_T,Total,USD_EXC,"US dollars, exchange rate converted",V,Current prices,N,Non transformed data,T0102,Table 0102 - GDP identity from the expenditure side,2020,,18505.079,,,,F,Free (free for publication),1,One,A,Normal value,6,Millions,_Z,Not applicable
DATAFLOW,OECD.SDD.NAD:DSD_NAMAIN10@DF_TABLE1_EXPENDITURE(2.0),Annual GDP and components - expenditure approach,I,A,Annual,LVA,Latvia,S1M,Households and non-profit institutions serving households (NPISH),S1,Total economy,P3,Final consumption expenditure,_Z,Not applicable,_Z,Not applicable,_T,Total,USD_EXC,"US dollars, exchange rate converted",V,Current prices,N,Non transformed data,T0102,Table 0102 - GDP identity from the expenditure side,2018,,19423.843,,,,F,Free (free for publication),1,One,A,Normal value,6,Millions,_Z,Not applicable
DATAFLOW,OECD.SDD.NAD:DSD_NAMAIN10@DF_TABLE1_EXPENDITURE(2.0),Annual GDP and components - expenditure approach,I,A,Annual,LVA,Latvia,S1M,Households and non-profit institutions serving households (NPISH),S1,Total economy,P3,Final consumption expenditure,_Z,Not applicable,_Z,Not applicable,_T,Total,USD_EXC,"US dollars, exchange rate converted",V,Current prices,N,Non transformed data,T0102,Table 0102 - GDP identity from the expenditure side,2017,,17468.222,,,,F,Free (free for publication),1,One,A,Normal value,6,Millions,_Z,Not applicable
DATAFLOW,OECD.SDD.NAD:DSD_NAMAIN10@DF_TABLE1_EXPENDITURE(2.0),Annual GDP and components - expenditure approach,I,A,Annual,LVA,Latvia,S1M,Households and non-profit institutions serving households (NPISH),S1,Total economy,P3,Final consumption expenditure,_Z,Not applicable,_Z,Not applicable,_T,Total,USD_EXC,"US dollars, exchange rate converted",V,Current prices,N,Non transformed data,T0102,Table 0102 - GDP identity from the expenditure side,2016,,16186.349,,,,F,Free (free for publication),1,One,A,Normal value,6,Millions,_Z,Not applicable
DATAFLOW,OECD.SDD.NAD:DSD_NAMAIN10@DF_TABLE1_EXPENDITURE(2.0),Annual GDP and components - expenditure approach,I,A,Annual,LVA,Latvia,S1M,Households and non-profit institutions serving households (NPISH),S1,Total economy,P3,Final consumption expenditure,_Z,Not applicable,_Z,Not applicable,_T,Total,USD_EXC,"US dollars, exchange rate converted",V,Current prices,N,Non transformed data,T0102,Table 0102 - GDP identity from the expenditure side,2015,,15506.713,,,,F,Free (free for publication),1,One,A,Normal value,6,Millions,_Z,Not applicable
DATAFLOW,OECD.SDD.NAD:DSD_NAMAIN10@DF_TABLE1_EXPENDITURE(2.0),Annual GDP and components - expenditure approach,I,A,Annual,LVA,Latvia,S1M,Households and non-profit institutions serving households (NPISH),S1,Total economy,P3,Final consumption expenditure,_Z,Not applicable,_Z,Not applicable,_T,Total,USD_EXC,"US dollars, exchange rate converted",V,Current prices,N,Non transformed data,T0102,Table 0102 - GDP identity from the expenditure side,2019,,18999.589,,,,F,Free (free for publication),1,One,A,Normal value,6,Millions,_Z,Not applicable
DATAFLOW,OECD.SDD.NAD:DSD_NAMAIN10@DF_TABLE1_EXPENDITURE(2.0),Annual GDP and components - expenditure approach,I,A,Annual,LVA,Latvia,S1M,Households and non-profit institutions serving households (NPISH),S1,Total economy,P3,Final consumption expenditure,_Z,Not applicable,_Z,Not applicable,_T,Total,USD_EXC,"US dollars, exchange rate converted",V,Current prices,N,Non transformed data,T0102,Table 0102 - GDP identity from the expenditure side,2010,,14708.822,,,,F,Free (free for publication),1,One,A,Normal value,6,Millions,_Z,Not applicable
DATAFLOW,OECD.SDD.NAD:DSD_NAMAIN10@DF_TABLE1_EXPENDITURE(2.0),Annual GDP and components - expenditure approach,I,A,Annual,LVA,Latvia,S1M,Households and non-profit institutions serving households (NPISH),S1,Total economy,P3,Final consumption expenditure,_Z,Not applicable,_Z,Not applicable,_T,Total,USD_EXC,"US dollars, exchange rate converted",V,Current prices,N,Non transformed data,T0102,Table 0102 - GDP identity from the expenditure side,2009,,15232.456,,,,F,Free (free for publication),1,One,A,Normal value,6,Millions,_Z,Not applicable
DATAFLOW,OECD.SDD.NAD:DSD_NAMAIN10@DF_TABLE1_EXPENDITURE(2.0),Annual GDP and components - expenditure approach,I,A,Annual,LVA,Latvia,S1M,Households and non-profit institutions serving households (NPISH),S1,Total economy,P3,Final consumption expenditure,_Z,Not applicable,_Z,Not applicable,_T,Total,USD_EXC,"US dollars, exchange rate converted",V,Current prices,N,Non transformed data,T0102,Table 0102 - GDP identity from the expenditure side,2008,,19273.159,,,,F,Free (free for publication),1,One,A,Normal value,6,Millions,_Z,Not applicable
DATAFLOW,OECD.SDD.NAD:DSD_NAMAIN10@DF_TABLE1_EXPENDITURE(2.0),Annual GDP and components - expenditure approach,I,A,Annual,LVA,Latvia,S1M,Households and non-profit institutions serving households (NPISH),S1,Total economy,P3,Final consumption expenditure,_Z,Not applicable,_Z,Not applicable,_T,Total,USD_EXC,"US dollars, exchange rate converted",V,Current prices,N,Non transformed data,T0102,Table 0102 - GDP identity from the expenditure side,2007,,17344.636,,,,F,Free (free for publication),1,One,A,Normal value,6,Millions,_Z,Not applicable
DATAFLOW,OECD.SDD.NAD:DSD_NAMAIN10@DF_TABLE1_EXPENDITURE(2.0),Annual GDP and components - expenditure approach,I,A,Annual,LVA,Latvia,S1M,Households and non-profit institutions serving households (NPISH),S1,Total economy,P3,Final consumption expenditure,_Z,Not applicable,_Z,Not applicable,_T,Total,USD_EXC,"US dollars, exchange rate converted",V,Current prices,N,Non transformed data,T0102,Table 0102 - GDP identity from the expenditure side,2006,,12888.164,,,,F,Free (free for publication),1,One,A,Normal value,6,Millions,_Z,Not applicable
DATAFLOW,OECD.SDD.NAD:DSD_NAMAIN10@DF_TABLE1_EXPENDITURE(2.0),Annual GDP and components - expenditure approach,I,A,Annual,LVA,Latvia,S1M,Households and non-profit institutions serving households (NPISH),S1,Total economy,P3,Final consumption expenditure,_Z,Not applicable,_Z,Not applicable,_T,Total,USD_EXC,"US dollars, exchange rate converted",V,Current prices,N,Non transformed data,T0102,Table 0102 - GDP identity from the expenditure side,2005,,9960.959,,,,F,Free (free for publication),1,One,A,Normal value,6,Millions,_Z,Not applicable
DATAFLOW,OECD.SDD.NAD:DSD_NAMAIN10@DF_TABLE1_EXPENDITURE(2.0),Annual GDP and components - expenditure approach,I,A,Annual,LVA,Latvia,S1M,Households and non-profit institutions serving households (NPISH),S1,Total economy,P3,Final consumption expenditure,_Z,Not applicable,_Z,Not applicable,_T,Total,USD_EXC,"US dollars, exchange rate converted",V,Current prices,N,Non transformed data,T0102,Table 0102 - GDP identity from the expenditure side,2004,,8614.924,,,,F,Free (free for publication),1,One,A,Normal value,6,Millions,_Z,Not applicable
DATAFLOW,OECD.SDD.NAD:DSD_NAMAIN10@DF_TABLE1_EXPENDITURE(2.0),Annual GDP and components - expenditure approach,I,A,Annual,LVA,Latvia,S1M,Households and non-profit institutions serving households (NPISH),S1,Total economy,P3,Final consumption expenditure,_Z,Not applicable,_Z,Not applicable,_T,Total,USD_EXC,"US dollars, exchange rate converted",V,Current prices,N,Non transformed data,T0102,Table 0102 - GDP identity from the expenditure side,2003,,6888.996,,,,F,Free (free for publication),1,One,A,Normal value,6,Millions,_Z,Not applicable
DATAFLOW,OECD.SDD.NAD:DSD_NAMAIN10@DF_TABLE1_EXPENDITURE(2.0),Annual GDP and components - expenditure approach,I,A,Annual,LVA,Latvia,S1M,Households and non-profit institutions serving households (NPISH),S1,Total economy,P3,Final consumption expenditure,_Z,Not applicable,_Z,Not applicable,_T,Total,USD_EXC,"US dollars, exchange rate converted",V,Current prices,N,Non transformed data,T0102,Table 0102 - GDP identity from the expenditure side,2002,,5675.692,,,,F,Free (free for publication),1,One,A,Normal value,6,Millions,_Z,Not applicable
DATAFLOW,OECD.SDD.NAD:DSD_NAMAIN10@DF_TABLE1_EXPENDITURE(2.0),Annual GDP and components - expenditure approach,I,A,Annual,LVA,Latvia,S1M,Households and non-profit institutions serving households (NPISH),S1,Total economy,P3,Final consumption expenditure,_Z,Not applicable,_Z,Not applicable,_T,Total,USD_EXC,"US dollars, exchange rate converted",V,Current prices,N,Non transformed data,T0102,Table 0102 - GDP identity from the expenditure side,2001,,5101.586,,,,F,Free (free for publication),1,One,A,Normal value,6,Millions,_Z,Not applicable
DATAFLOW,OECD.SDD.NAD:DSD_NAMAIN10@DF_TABLE1_EXPENDITURE(2.0),Annual GDP and components - expenditure approach,I,A,Annual,LVA,Latvia,S1M,Households and non-profit institutions serving households (NPISH),S1,Total economy,P3,Final consumption expenditure,_Z,Not applicable,_Z,Not applicable,_T,Total,USD_EXC,"US dollars, exchange rate converted",V,Current prices,N,Non transformed data,T0102,Table 0102 - GDP identity from the expenditure side,2014,,18211.012,,,,F,Free (free for publication),1,One,A,Normal value,6,Millions,_Z,Not applicable
DATAFLOW,OECD.SDD.NAD:DSD_NAMAIN10@DF_TABLE1_EXPENDITURE(2.0),Annual GDP and components - expenditure approach,I,A,Annual,LVA,Latvia,S1M,Households and non-profit institutions serving households (NPISH),S1,Total economy,P3,Final consumption expenditure,_Z,Not applicable,_Z,Not applicable,_T,Total,USD_EXC,"US dollars, exchange rate converted",V,Current prices,N,Non transformed data,T0102,Table 0102 - GDP identity from the expenditure side,2013,,17895.683,,,,F,Free (free for publication),1,One,A,Normal value,6,Millions,_Z,Not applicable
DATAFLOW,OECD.SDD.NAD:DSD_NAMAIN10@DF_TABLE1_EXPENDITURE(2.0),Annual GDP and components - expenditure approach,I,A,Annual,LVA,Latvia,S1M,Households and non-profit institutions serving households (NPISH),S1,Total economy,P3,Final consumption expenditure,_Z,Not applicable,_Z,Not applicable,_T,Total,USD_EXC,"US dollars, exchange rate converted",V,Current prices,N,Non transformed data,T0102,Table 0102 - GDP identity from the expenditure side,2012,,16198.478,,,,F,Free (free for publication),1,One,A,Normal value,6,Millions,_Z,Not applicable
DATAFLOW,OECD.SDD.NAD:DSD_NAMAIN10@DF_TABLE1_EXPENDITURE(2.0),Annual GDP and components - expenditure approach,I,A,Annual,LVA,Latvia,S1M,Households and non-profit institutions serving households (NPISH),S1,Total economy,P3,Final consumption expenditure,_Z,Not applicable,_Z,Not applicable,_T,Total,USD_EXC,"US dollars, exchange rate converted",V,Current prices,N,Non transformed data,T0102,Table 0102 - GDP identity from the expenditure side,2011,,16317.763,,,,F,Free (free for publication),1,One,A,Normal value,6,Millions,_Z,Not applicable
DATAFLOW,OECD.SDD.NAD:DSD_NAMAIN10@DF_TABLE1_EXPENDITURE(2.0),Annual GDP and components - expenditure approach,I,A,Annual,LVA,Latvia,S1M,Households and non-profit institutions serving households (NPISH),S1,Total economy,P3,Final consumption expenditure,_Z,Not applicable,_Z,Not applicable,_T,Total,USD_EXC,"US dollars, exchange rate converted",V,Current prices,N,Non transformed data,T0102,Table 0102 - GDP identity from the expenditure side,2000,,4892.314,,,,F,Free (free for publication),1,One,A,Normal value,6,Millions,_Z,Not applicable
DATAFLOW,OECD.SDD.NAD:DSD_NAMAIN10@DF_TABLE1_EXPENDITURE(2.0),Annual GDP and components - expenditure approach,I,A,Annual,ZMB,Zambia,S1M,Households and non-profit institutions serving households (NPISH),S1,Total economy,P3,Final consumption expenditure,_Z,Not applicable,_Z,Not applicable,_T,Total,USD_EXC,"US dollars, exchange rate converted",V,Current prices,N,Non transformed data,T0102,Table 0102 - GDP identity from the expenditure side,2015,,10761.58,,,,F,Free (free for publication),1,One,A,Normal value,6,Millions,_Z,Not applicable
DATAFLOW,OECD.SDD.NAD:DSD_NAMAIN10@DF_TABLE1_EXPENDITURE(2.0),Annual GDP and components - expenditure approach,I,A,Annual,ZMB,Zambia,S1M,Households and non-profit institutions serving households (NPISH),S1,Total economy,P3,Final consumption expenditure,_Z,Not applicable,_Z,Not applicable,_T,Total,USD_EXC,"US dollars, exchange rate converted",V,Current prices,N,Non transformed data,T0102,Table 0102 - GDP identity from the expenditure side,2014,,14160.528,,,,F,Free (free for publication),1,One,A,Normal value,6,Millions,_Z,Not applicable
DATAFLOW,OECD.SDD.NAD:DSD_NAMAIN10@DF_TABLE1_EXPENDITURE(2.0),Annual GDP and components - expenditure approach,I,A,Annual,ZMB,Zambia,S1M,Households and non-profit institutions serving households (NPISH),S1,Total economy,P3,Final consumption expenditure,_Z,Not applicable,_Z,Not applicable,_T,Total,USD_EXC,"US dollars, exchange rate converted",V,Current prices,N,Non transformed data,T0102,Table 0102 - GDP identity from the expenditure side,2013,,14638.622,,,,F,Free (free for publication),1,One,A,Normal value,6,Millions,_Z,Not applicable
DATAFLOW,OECD.SDD.NAD:DSD_NAMAIN10@DF_TABLE1_EXPENDITURE(2.0),Annual GDP and components - expenditure approach,I,A,Annual,ZMB,Zambia,S1M,Households and non-profit institutions serving households (NPISH),S1,Total economy,P3,Final consumption expenditure,_Z,Not applicable,_Z,Not applicable,_T,Total,USD_EXC,"US dollars, exchange rate converted",V,Current prices,N,Non transformed data,T0102,Table 0102 - GDP identity from the expenditure side,2012,,13443.116,,,,F,Free (free for publication),1,One,A,Normal value,6,Millions,_Z,Not applicable
DATAFLOW,OECD.SDD.NAD:DSD_NAMAIN10@DF_TABLE1_EXPENDITURE(2.0),Annual GDP and components - expenditure approach,I,A,Annual,ZMB,Zambia,S1M,Households and non-profit institutions serving households (NPISH),S1,Total economy,P3,Final consumption expenditure,_Z,Not applicable,_Z,Not applicable,_T,Total,USD_EXC,"US dollars, exchange rate converted",V,Current prices,N,Non transformed data,T0102,Table 0102 - GDP identity from the expenditure side,2011,,13079.227,,,,F,Free (free for publication),1,One,A,Normal value,6,Millions,_Z,Not applicable
DATAFLOW,OECD.SDD.NAD:DSD_NAMAIN10@DF_TABLE1_EXPENDITURE(2.0),Annual GDP and components - expenditure approach,I,A,Annual,ZMB,Zambia,S1M,Households and non-profit institutions serving households (NPISH),S1,Total economy,P3,Final consumption expenditure,_Z,Not applicable,_Z,Not applicable,_T,Total,USD_EXC,"US dollars, exchange rate converted",V,Current prices,N,Non transformed data,T0102,Table 0102 - GDP identity from the expenditure side,2010,,11062.416,,,,F,Free (free for publication),1,One,A,Normal value,6,Millions,_Z,Not applicable
DATAFLOW,OECD.SDD.NAD:DSD_NAMAIN10@DF_TABLE1_EXPENDITURE(2.0),Annual GDP and components - expenditure approach,I,A,Annual,ZMB,Zambia,S1M,Households and non-profit institutions serving households (NPISH),S1,Total economy,P3,Final consumption expenditure,_Z,Not applicable,_Z,Not applicable,_T,Total,USD_EXC,"US dollars, exchange rate converted",V,Current prices,N,Non transformed data,T0102,Table 0102 - GDP identity from the expenditure side,2009,,8404.959,,,,F,Free (free for publication),1,One,A,Normal value,6,Millions,_Z,Not applicable
DATAFLOW,OECD.SDD.NAD:DSD_NAMAIN10@DF_TABLE1_EXPENDITURE(2.0),Annual GDP and components - expenditure approach,I,A,Annual,ZMB,Zambia,S1M,Households and non-profit institutions serving households (NPISH),S1,Total economy,P3,Final consumption expenditure,_Z,Not applicable,_Z,Not applicable,_T,Total,USD_EXC,"US dollars, exchange rate converted",V,Current prices,N,Non transformed data,T0102,Table 0102 - GDP identity from the expenditure side,2008,,9838.291,,,,F,Free (free for publication),1,One,A,Normal value,6,Millions,_Z,Not applicable
DATAFLOW,OECD.SDD.NAD:DSD_NAMAIN10@DF_TABLE1_EXPENDITURE(2.0),Annual GDP and components - expenditure approach,I,A,Annual,ZMB,Zambia,S1M,Households and non-profit institutions serving households (NPISH),S1,Total economy,P3,Final consumption expenditure,_Z,Not applicable,_Z,Not applicable,_T,Total,USD_EXC,"US dollars, exchange rate converted",V,Current prices,N,Non transformed data,T0102,Table 0102 - GDP identity from the expenditure side,2007,,8229.381,,,,F,Free (free for publication),1,One,A,Normal value,6,Millions,_Z,Not applicable
DATAFLOW,OECD.SDD.NAD:DSD_NAMAIN10@DF_TABLE1_EXPENDITURE(2.0),Annual GDP and components - expenditure approach,I,A,Annual,ZMB,Zambia,S1M,Households and non-profit institutions serving households (NPISH),S1,Total economy,P3,Final consumption expenditure,_Z,Not applicable,_Z,Not applicable,_T,Total,USD_EXC,"US dollars, exchange rate converted",V,Current prices,N,Non transformed data,T0102,Table 0102 - GDP identity from the expenditure side,2020,,6969.267,,,,F,Free (free for publication),1,One,A,Normal value,6,Millions,_Z,Not applicable
DATAFLOW,OECD.SDD.NAD:DSD_NAMAIN10@DF_TABLE1_EXPENDITURE(2.0),Annual GDP and components - expenditure approach,I,A,Annual,ZMB,Zambia,S1M,Households and non-profit institutions serving households (NPISH),S1,Total economy,P3,Final consumption expenditure,_Z,Not applicable,_Z,Not applicable,_T,Total,USD_EXC,"US dollars, exchange rate converted",V,Current prices,N,Non transformed data,T0102,Table 0102 - GDP identity from the expenditure side,2019,,9847.667,,,,F,Free (free for publication),1,One,A,Normal value,6,Millions,_Z,Not applicable
DATAFLOW,OECD.SDD.NAD:DSD_NAMAIN10@DF_TABLE1_EXPENDITURE(2.0),Annual GDP and components - expenditure approach,I,A,Annual,ZMB,Zambia,S1M,Households and non-profit institutions serving households (NPISH),S1,Total economy,P3,Final consumption expenditure,_Z,Not applicable,_Z,Not applicable,_T,Total,USD_EXC,"US dollars, exchange rate converted",V,Current prices,N,Non transformed data,T0102,Table 0102 - GDP identity from the expenditure side,2018,,11831.786,,,,F,Free (free for publication),1,One,A,Normal value,6,Millions,_Z,Not applicable
DATAFLOW,OECD.SDD.NAD:DSD_NAMAIN10@DF_TABLE1_EXPENDITURE(2.0),Annual GDP and components - expenditure approach,I,A,Annual,ZMB,Zambia,S1M,Households and non-profit institutions serving households (NPISH),S1,Total economy,P3,Final consumption expenditure,_Z,Not applicable,_Z,Not applicable,_T,Total,USD_EXC,"US dollars, exchange rate converted",V,Current prices,N,Non transformed data,T0102,Table 0102 - GDP identity from the expenditure side,2017,,12155.642,,,,F,Free (free for publication),1,One,A,Normal value,6,Millions,_Z,Not applicable
DATAFLOW,OECD.SDD.NAD:DSD_NAMAIN10@DF_TABLE1_EXPENDITURE(2.0),Annual GDP and components - expenditure approach,I,A,Annual,ZMB,Zambia,S1M,Households and non-profit institutions serving households (NPISH),S1,Total economy,P3,Final consumption expenditure,_Z,Not applicable,_Z,Not applicable,_T,Total,USD_EXC,"US dollars, exchange rate converted",V,Current prices,N,Non transformed data,T0102,Table 0102 - GDP identity from the expenditure side,2006,,7476.13,,,,F,Free (free for publication),1,One,A,Normal value,6,Millions,_Z,Not applicable
DATAFLOW,OECD.SDD.NAD:DSD_NAMAIN10@DF_TABLE1_EXPENDITURE(2.0),Annual GDP and components - expenditure approach,I,A,Annual,MEX,Mexico,S1M,Households and non-profit institutions serving households (NPISH),S1,Total economy,P3,Final consumption expenditure,_Z,Not applicable,_Z,Not applicable,_T,Total,USD_EXC,"US dollars, exchange rate converted",V,Current prices,N,Non transformed data,T0102,Table 0102 - GDP identity from the expenditure side,2002,,564703.632,,,,F,Free (free for publication),1,One,A,Normal value,6,Millions,_Z,Not applicable
DATAFLOW,OECD.SDD.NAD:DSD_NAMAIN10@DF_TABLE1_EXPENDITURE(2.0),Annual GDP and components - expenditure approach,I,A,Annual,MEX,Mexico,S1M,Households and non-profit institutions serving households (NPISH),S1,Total economy,P3,Final consumption expenditure,_Z,Not applicable,_Z,Not applicable,_T,Total,USD_EXC,"US dollars, exchange rate converted",V,Current prices,N,Non transformed data,T0102,Table 0102 - GDP identity from the expenditure side,2001,,551330.508,,,,F,Free (free for publication),1,One,A,Normal value,6,Millions,_Z,Not applicable
DATAFLOW,OECD.SDD.NAD:DSD_NAMAIN10@DF_TABLE1_EXPENDITURE(2.0),Annual GDP and components - expenditure approach,I,A,Annual,MEX,Mexico,S1M,Households and non-profit institutions serving households (NPISH),S1,Total economy,P3,Final consumption expenditure,_Z,Not applicable,_Z,Not applicable,_T,Total,USD_EXC,"US dollars, exchange rate converted",V,Current prices,N,Non transformed data,T0102,Table 0102 - GDP identity from the expenditure side,2000,,512090.499,,,,F,Free (free for publication),1,One,A,Normal value,6,Millions,_Z,Not applicable
DATAFLOW,OECD.SDD.NAD:DSD_NAMAIN10@DF_TABLE1_EXPENDITURE(2.0),Annual GDP and components - expenditure approach,I,A,Annual,MEX,Mexico,S1M,Households and non-profit institutions serving households (NPISH),S1,Total economy,P3,Final consumption expenditure,_Z,Not applicable,_Z,Not applicable,_T,Total,USD_EXC,"US dollars, exchange rate converted",V,Current prices,N,Non transformed data,T0102,Table 0102 - GDP identity from the expenditure side,1999,,427689.925,,,,F,Free (free for publication),1,One,A,Normal value,6,Millions,_Z,Not applicable
DATAFLOW,OECD.SDD.NAD:DSD_NAMAIN10@DF_TABLE1_EXPENDITURE(2.0),Annual GDP and components - expenditure approach,I,A,Annual,MEX,Mexico,S1M,Households and non-profit institutions serving households (NPISH),S1,Total economy,P3,Final consumption expenditure,_Z,Not applicable,_Z,Not applicable,_T,Total,USD_EXC,"US dollars, exchange rate converted",V,Current prices,N,Non transformed data,T0102,Table 0102 - GDP identity from the expenditure side,1998,,379460.954,,,,F,Free (free for publication),1,One,A,Normal value,6,Millions,_Z,Not applicable
DATAFLOW,OECD.SDD.NAD:DSD_NAMAIN10@DF_TABLE1_EXPENDITURE(2.0),Annual GDP and components - expenditure approach,I,A,Annual,MEX,Mexico,S1M,Households and non-profit institutions serving households (NPISH),S1,Total economy,P3,Final consumption expenditure,_Z,Not applicable,_Z,Not applicable,_T,Total,USD_EXC,"US dollars, exchange rate converted",V,Current prices,N,Non transformed data,T0102,Table 0102 - GDP identity from the expenditure side,1997,,360560.622,,,,F,Free (free for publication),1,One,A,Normal value,6,Millions,_Z,Not applicable
DATAFLOW,OECD.SDD.NAD:DSD_NAMAIN10@DF_TABLE1_EXPENDITURE(2.0),Annual GDP and components - expenditure approach,I,A,Annual,MEX,Mexico,S1M,Households and non-profit institutions serving households (NPISH),S1,Total economy,P3,Final consumption expenditure,_Z,Not applicable,_Z,Not applicable,_T,Total,USD_EXC,"US dollars, exchange rate converted",V,Current prices,N,Non transformed data,T0102,Table 0102 - GDP identity from the expenditure side,1996,,297531.358,,,,F,Free (free for publication),1,One,A,Normal value,6,Millions,_Z,Not applicable
DATAFLOW,OECD.SDD.NAD:DSD_NAMAIN10@DF_TABLE1_EXPENDITURE(2.0),Annual GDP and components - expenditure approach,I,A,Annual,MEX,Mexico,S1M,Households and non-profit institutions serving households (NPISH),S1,Total economy,P3,Final consumption expenditure,_Z,Not applicable,_Z,Not applicable,_T,Total,USD_EXC,"US dollars, exchange rate converted",V,Current prices,N,Non transformed data,T0102,Table 0102 - GDP identity from the expenditure side,1995,,261548.29,,,,F,Free (free for publication),1,One,A,Normal value,6,Millions,_Z,Not applicable
DATAFLOW,OECD.SDD.NAD:DSD_NAMAIN10@DF_TABLE1_EXPENDITURE(2.0),Annual GDP and components - expenditure approach,I,A,Annual,MEX,Mexico,S1M,Households and non-profit institutions serving households (NPISH),S1,Total economy,P3,Final consumption expenditure,_Z,Not applicable,_Z,Not applicable,_T,Total,USD_EXC,"US dollars, exchange rate converted",V,Current prices,N,Non transformed data,T0102,Table 0102 - GDP identity from the expenditure side,2020,,741637.404,,,,F,Free (free for publication),1,One,A,Normal value,6,Millions,_Z,Not applicable
DATAFLOW,OECD.SDD.NAD:DSD_NAMAIN10@DF_TABLE1_EXPENDITURE(2.0),Annual GDP and components - expenditure approach,I,A,Annual,MEX,Mexico,S1M,Households and non-profit institutions serving households (NPISH),S1,Total economy,P3,Final consumption expenditure,_Z,Not applicable,_Z,Not applicable,_T,Total,USD_EXC,"US dollars, exchange rate converted",V,Current prices,N,Non transformed data,T0102,Table 0102 - GDP identity from the expenditure side,2019,,875343.159,,,,F,Free (free for publication),1,One,A,Normal value,6,Millions,_Z,Not applicable
DATAFLOW,OECD.SDD.NAD:DSD_NAMAIN10@DF_TABLE1_EXPENDITURE(2.0),Annual GDP and components - expenditure approach,I,A,Annual,MEX,Mexico,S1M,Households and non-profit institutions serving households (NPISH),S1,Total economy,P3,Final consumption expenditure,_Z,Not applicable,_Z,Not applicable,_T,Total,USD_EXC,"US dollars, exchange rate converted",V,Current prices,N,Non transformed data,T0102,Table 0102 - GDP identity from the expenditure side,2014,,966186.181,,,,F,Free (free for publication),1,One,A,Normal value,6,Millions,_Z,Not applicable
DATAFLOW,OECD.SDD.NAD:DSD_NAMAIN10@DF_TABLE1_EXPENDITURE(2.0),Annual GDP and components - expenditure approach,I,A,Annual,MEX,Mexico,S1M,Households and non-profit institutions serving households (NPISH),S1,Total economy,P3,Final consumption expenditure,_Z,Not applicable,_Z,Not applicable,_T,Total,USD_EXC,"US dollars, exchange rate converted",V,Current prices,N,Non transformed data,T0102,Table 0102 - GDP identity from the expenditure side,2013,,939133.051,,,,F,Free (free for publication),1,One,A,Normal value,6,Millions,_Z,Not applicable
DATAFLOW,OECD.SDD.NAD:DSD_NAMAIN10@DF_TABLE1_EXPENDITURE(2.0),Annual GDP and components - expenditure approach,I,A,Annual,MEX,Mexico,S1M,Households and non-profit institutions serving households (NPISH),S1,Total economy,P3,Final consumption expenditure,_Z,Not applicable,_Z,Not applicable,_T,Total,USD_EXC,"US dollars, exchange rate converted",V,Current prices,N,Non transformed data,T0102,Table 0102 - GDP identity from the expenditure side,2012,,868071.978,,,,F,Free (free for publication),1,One,A,Normal value,6,Millions,_Z,Not applicable
DATAFLOW,OECD.SDD.NAD:DSD_NAMAIN10@DF_TABLE1_EXPENDITURE(2.0),Annual GDP and components - expenditure approach,I,A,Annual,MEX,Mexico,S1M,Households and non-profit institutions serving households (NPISH),S1,Total economy,P3,Final consumption expenditure,_Z,Not applicable,_Z,Not applicable,_T,Total,USD_EXC,"US dollars, exchange rate converted",V,Current prices,N,Non transformed data,T0102,Table 0102 - GDP identity from the expenditure side,2011,,859111.262,,,,F,Free (free for publication),1,One,A,Normal value,6,Millions,_Z,Not applicable
DATAFLOW,OECD.SDD.NAD:DSD_NAMAIN10@DF_TABLE1_EXPENDITURE(2.0),Annual GDP and components - expenditure approach,I,A,Annual,MEX,Mexico,S1M,Households and non-profit institutions serving households (NPISH),S1,Total economy,P3,Final consumption expenditure,_Z,Not applicable,_Z,Not applicable,_T,Total,USD_EXC,"US dollars, exchange rate converted",V,Current prices,N,Non transformed data,T0102,Table 0102 - GDP identity from the expenditure side,2010,,779798.798,,,,F,Free (free for publication),1,One,A,Normal value,6,Millions,_Z,Not applicable
DATAFLOW,OECD.SDD.NAD:DSD_NAMAIN10@DF_TABLE1_EXPENDITURE(2.0),Annual GDP and components - expenditure approach,I,A,Annual,MEX,Mexico,S1M,Households and non-profit institutions serving households (NPISH),S1,Total economy,P3,Final consumption expenditure,_Z,Not applicable,_Z,Not applicable,_T,Total,USD_EXC,"US dollars, exchange rate converted",V,Current prices,N,Non transformed data,T0102,Table 0102 - GDP identity from the expenditure side,2009,,652096.646,,,,F,Free (free for publication),1,One,A,Normal value,6,Millions,_Z,Not applicable
DATAFLOW,OECD.SDD.NAD:DSD_NAMAIN10@DF_TABLE1_EXPENDITURE(2.0),Annual GDP and components - expenditure approach,I,A,Annual,MEX,Mexico,S1M,Households and non-profit institutions serving households (NPISH),S1,Total economy,P3,Final consumption expenditure,_Z,Not applicable,_Z,Not applicable,_T,Total,USD_EXC,"US dollars, exchange rate converted",V,Current prices,N,Non transformed data,T0102,Table 0102 - GDP identity from the expenditure side,2008,,816278.223,,,,F,Free (free for publication),1,One,A,Normal value,6,Millions,_Z,Not applicable
DATAFLOW,OECD.SDD.NAD:DSD_NAMAIN10@DF_TABLE1_EXPENDITURE(2.0),Annual GDP and components - expenditure approach,I,A,Annual,MEX,Mexico,S1M,Households and non-profit institutions serving households (NPISH),S1,Total economy,P3,Final consumption expenditure,_Z,Not applicable,_Z,Not applicable,_T,Total,USD_EXC,"US dollars, exchange rate converted",V,Current prices,N,Non transformed data,T0102,Table 0102 - GDP identity from the expenditure side,2007,,764185.573,,,,F,Free (free for publication),1,One,A,Normal value,6,Millions,_Z,Not applicable
DATAFLOW,OECD.SDD.NAD:DSD_NAMAIN10@DF_TABLE1_EXPENDITURE(2.0),Annual GDP and components - expenditure approach,I,A,Annual,CYP,Cyprus,S1M,Households and non-profit institutions serving households (NPISH),S1,Total economy,P3,Final consumption expenditure,_Z,Not applicable,_Z,Not applicable,_T,Total,USD_EXC,"US dollars, exchange rate converted",V,Current prices,N,Non transformed data,T0102,Table 0102 - GDP identity from the expenditure side,2009,,16591.495,,,,F,Free (free for publication),1,One,A,Normal value,6,Millions,_Z,Not applicable
DATAFLOW,OECD.SDD.NAD:DSD_NAMAIN10@DF_TABLE1_EXPENDITURE(2.0),Annual GDP and components - expenditure approach,I,A,Annual,CYP,Cyprus,S1M,Households and non-profit institutions serving households (NPISH),S1,Total economy,P3,Final consumption expenditure,_Z,Not applicable,_Z,Not applicable,_T,Total,USD_EXC,"US dollars, exchange rate converted",V,Current prices,N,Non transformed data,T0102,Table 0102 - GDP identity from the expenditure side,2008,,18663.593,,,,F,Free (free for publication),1,One,A,Normal value,6,Millions,_Z,Not applicable
DATAFLOW,OECD.SDD.NAD:DSD_NAMAIN10@DF_TABLE1_EXPENDITURE(2.0),Annual GDP and components - expenditure approach,I,A,Annual,CYP,Cyprus,S1M,Households and non-profit institutions serving households (NPISH),S1,Total economy,P3,Final consumption expenditure,_Z,Not applicable,_Z,Not applicable,_T,Total,USD_EXC,"US dollars, exchange rate converted",V,Current prices,N,Non transformed data,T0102,Table 0102 - GDP identity from the expenditure side,2007,,15376.654,,,,F,Free (free for publication),1,One,A,Normal value,6,Millions,_Z,Not applicable
DATAFLOW,OECD.SDD.NAD:DSD_NAMAIN10@DF_TABLE1_EXPENDITURE(2.0),Annual GDP and components - expenditure approach,I,A,Annual,CYP,Cyprus,S1M,Households and non-profit institutions serving households (NPISH),S1,Total economy,P3,Final consumption expenditure,_Z,Not applicable,_Z,Not applicable,_T,Total,USD_EXC,"US dollars, exchange rate converted",V,Current prices,N,Non transformed data,T0102,Table 0102 - GDP identity from the expenditure side,2020,,15419.533,,,,F,Free (free for publication),1,One,A,Normal value,6,Millions,_Z,Not applicable
DATAFLOW,OECD.SDD.NAD:DSD_NAMAIN10@DF_TABLE1_EXPENDITURE(2.0),Annual GDP and components - expenditure approach,I,A,Annual,CYP,Cyprus,S1M,Households and non-profit institutions serving households (NPISH),S1,Total economy,P3,Final consumption expenditure,_Z,Not applicable,_Z,Not applicable,_T,Total,USD_EXC,"US dollars, exchange rate converted",V,Current prices,N,Non transformed data,T0102,Table 0102 - GDP identity from the expenditure side,2019,,16369.516,,,,F,Free (free for publication),1,One,A,Normal value,6,Millions,_Z,Not applicable
DATAFLOW,OECD.SDD.NAD:DSD_NAMAIN10@DF_TABLE1_EXPENDITURE(2.0),Annual GDP and components - expenditure approach,I,A,Annual,CYP,Cyprus,S1M,Households and non-profit institutions serving households (NPISH),S1,Total economy,P3,Final consumption expenditure,_Z,Not applicable,_Z,Not applicable,_T,Total,USD_EXC,"US dollars, exchange rate converted",V,Current prices,N,Non transformed data,T0102,Table 0102 - GDP identity from the expenditure side,2018,,16579.893,,,,F,Free (free for publication),1,One,A,Normal value,6,Millions,_Z,Not applicable
DATAFLOW,OECD.SDD.NAD:DSD_NAMAIN10@DF_TABLE1_EXPENDITURE(2.0),Annual GDP and components - expenditure approach,I,A,Annual,CYP,Cyprus,S1M,Households and non-profit institutions serving households (NPISH),S1,Total economy,P3,Final consumption expenditure,_Z,Not applicable,_Z,Not applicable,_T,Total,USD_EXC,"US dollars, exchange rate converted",V,Current prices,N,Non transformed data,T0102,Table 0102 - GDP identity from the expenditure side,2017,,14897.896,,,,F,Free (free for publication),1,One,A,Normal value,6,Millions,_Z,Not applicable
DATAFLOW,OECD.SDD.NAD:DSD_NAMAIN10@DF_TABLE1_EXPENDITURE(2.0),Annual GDP and components - expenditure approach,I,A,Annual,CYP,Cyprus,S1M,Households and non-profit institutions serving households (NPISH),S1,Total economy,P3,Final consumption expenditure,_Z,Not applicable,_Z,Not applicable,_T,Total,USD_EXC,"US dollars, exchange rate converted",V,Current prices,N,Non transformed data,T0102,Table 0102 - GDP identity from the expenditure side,2006,,12535.447,,,,F,Free (free for publication),1,One,A,Normal value,6,Millions,_Z,Not applicable
DATAFLOW,OECD.SDD.NAD:DSD_NAMAIN10@DF_TABLE1_EXPENDITURE(2.0),Annual GDP and components - expenditure approach,I,A,Annual,LUX,Luxembourg,S1M,Households and non-profit institutions serving households (NPISH),S1,Total economy,P3,Final consumption expenditure,_Z,Not applicable,_Z,Not applicable,_T,Total,USD_EXC,"US dollars, exchange rate converted",V,Current prices,N,Non transformed data,T0102,Table 0102 - GDP identity from the expenditure side,2015,,19543.946,,,,F,Free (free for publication),1,One,A,Normal value,6,Millions,_Z,Not applicable
DATAFLOW,OECD.SDD.NAD:DSD_NAMAIN10@DF_TABLE1_EXPENDITURE(2.0),Annual GDP and components - expenditure approach,I,A,Annual,LUX,Luxembourg,S1M,Households and non-profit institutions serving households (NPISH),S1,Total economy,P3,Final consumption expenditure,_Z,Not applicable,_Z,Not applicable,_T,Total,USD_EXC,"US dollars, exchange rate converted",V,Current prices,N,Non transformed data,T0102,Table 0102 - GDP identity from the expenditure side,2014,,22511.99,,,,F,Free (free for publication),1,One,A,Normal value,6,Millions,_Z,Not applicable
DATAFLOW,OECD.SDD.NAD:DSD_NAMAIN10@DF_TABLE1_EXPENDITURE(2.0),Annual GDP and components - expenditure approach,I,A,Annual,LUX,Luxembourg,S1M,Households and non-profit institutions serving households (NPISH),S1,Total economy,P3,Final consumption expenditure,_Z,Not applicable,_Z,Not applicable,_T,Total,USD_EXC,"US dollars, exchange rate converted",V,Current prices,N,Non transformed data,T0102,Table 0102 - GDP identity from the expenditure side,2013,,21693.867,,,,F,Free (free for publication),1,One,A,Normal value,6,Millions,_Z,Not applicable
DATAFLOW,OECD.SDD.NAD:DSD_NAMAIN10@DF_TABLE1_EXPENDITURE(2.0),Annual GDP and components - expenditure approach,I,A,Annual,LUX,Luxembourg,S1M,Households and non-profit institutions serving households (NPISH),S1,Total economy,P3,Final consumption expenditure,_Z,Not applicable,_Z,Not applicable,_T,Total,USD_EXC,"US dollars, exchange rate converted",V,Current prices,N,Non transformed data,T0102,Table 0102 - GDP identity from the expenditure side,2012,,20507.402,,,,F,Free (free for publication),1,One,A,Normal value,6,Millions,_Z,Not applicable
DATAFLOW,OECD.SDD.NAD:DSD_NAMAIN10@DF_TABLE1_EXPENDITURE(2.0),Annual GDP and components - expenditure approach,I,A,Annual,LUX,Luxembourg,S1M,Households and non-profit institutions serving households (NPISH),S1,Total economy,P3,Final consumption expenditure,_Z,Not applicable,_Z,Not applicable,_T,Total,USD_EXC,"US dollars, exchange rate converted",V,Current prices,N,Non transformed data,T0102,Table 0102 - GDP identity from the expenditure side,2011,,21237.477,,,,F,Free (free for publication),1,One,A,Normal value,6,Millions,_Z,Not applicable
DATAFLOW,OECD.SDD.NAD:DSD_NAMAIN10@DF_TABLE1_EXPENDITURE(2.0),Annual GDP and components - expenditure approach,I,A,Annual,LUX,Luxembourg,S1M,Households and non-profit institutions serving households (NPISH),S1,Total economy,P3,Final consumption expenditure,_Z,Not applicable,_Z,Not applicable,_T,Total,USD_EXC,"US dollars, exchange rate converted",V,Current prices,N,Non transformed data,T0102,Table 0102 - GDP identity from the expenditure side,2010,,19328.148,,,,F,Free (free for publication),1,One,A,Normal value,6,Millions,_Z,Not applicable
DATAFLOW,OECD.SDD.NAD:DSD_NAMAIN10@DF_TABLE1_EXPENDITURE(2.0),Annual GDP and components - expenditure approach,I,A,Annual,LUX,Luxembourg,S1M,Households and non-profit institutions serving households (NPISH),S1,Total economy,P3,Final consumption expenditure,_Z,Not applicable,_Z,Not applicable,_T,Total,USD_EXC,"US dollars, exchange rate converted",V,Current prices,N,Non transformed data,T0102,Table 0102 - GDP identity from the expenditure side,2009,,19291.566,,,,F,Free (free for publication),1,One,A,Normal value,6,Millions,_Z,Not applicable
DATAFLOW,OECD.SDD.NAD:DSD_NAMAIN10@DF_TABLE1_EXPENDITURE(2.0),Annual GDP and components - expenditure approach,I,A,Annual,LUX,Luxembourg,S1M,Households and non-profit institutions serving households (NPISH),S1,Total economy,P3,Final consumption expenditure,_Z,Not applicable,_Z,Not applicable,_T,Total,USD_EXC,"US dollars, exchange rate converted",V,Current prices,N,Non transformed data,T0102,Table 0102 - GDP identity from the expenditure side,2008,,20098.324,,,,F,Free (free for publication),1,One,A,Normal value,6,Millions,_Z,Not applicable
DATAFLOW,OECD.SDD.NAD:DSD_NAMAIN10@DF_TABLE1_EXPENDITURE(2.0),Annual GDP and components - expenditure approach,I,A,Annual,COL,Colombia,S1M,Households and non-profit institutions serving households (NPISH),S1,Total economy,P3,Final consumption expenditure,_Z,Not applicable,_Z,Not applicable,_T,Total,USD_EXC,"US dollars, exchange rate converted",V,Current prices,N,Non transformed data,T0102,Table 0102 - GDP identity from the expenditure side,2016,,195245.569,,,,F,Free (free for publication),1,One,A,Normal value,6,Millions,_Z,Not applicable
DATAFLOW,OECD.SDD.NAD:DSD_NAMAIN10@DF_TABLE1_EXPENDITURE(2.0),Annual GDP and components - expenditure approach,I,A,Annual,COL,Colombia,S1M,Households and non-profit institutions serving households (NPISH),S1,Total economy,P3,Final consumption expenditure,_Z,Not applicable,_Z,Not applicable,_T,Total,USD_EXC,"US dollars, exchange rate converted",V,Current prices,N,Non transformed data,T0102,Table 0102 - GDP identity from the expenditure side,2017,,213667.219,,,,F,Free (free for publication),1,One,A,Normal value,6,Millions,_Z,Not applicable
DATAFLOW,OECD.SDD.NAD:DSD_NAMAIN10@DF_TABLE1_EXPENDITURE(2.0),Annual GDP and components - expenditure approach,I,A,Annual,DNK,Denmark,S1M,Households and non-profit institutions serving households (NPISH),S1,Total economy,P3,Final consumption expenditure,_Z,Not applicable,_Z,Not applicable,_T,Total,USD_EXC,"US dollars, exchange rate converted",V,Current prices,N,Non transformed data,T0102,Table 0102 - GDP identity from the expenditure side,2001,,77160.475,,,,F,Free (free for publication),1,One,A,Normal value,6,Millions,_Z,Not applicable
DATAFLOW,OECD.SDD.NAD:DSD_NAMAIN10@DF_TABLE1_EXPENDITURE(2.0),Annual GDP and components - expenditure approach,I,A,Annual,DNK,Denmark,S1M,Households and non-profit institutions serving households (NPISH),S1,Total economy,P3,Final consumption expenditure,_Z,Not applicable,_Z,Not applicable,_T,Total,USD_EXC,"US dollars, exchange rate converted",V,Current prices,N,Non transformed data,T0102,Table 0102 - GDP identity from the expenditure side,2000,,77257.265,,,,F,Free (free for publication),1,One,A,Normal value,6,Millions,_Z,Not applicable
DATAFLOW,OECD.SDD.NAD:DSD_NAMAIN10@DF_TABLE1_EXPENDITURE(2.0),Annual GDP and components - expenditure approach,I,A,Annual,DNK,Denmark,S1M,Households and non-profit institutions serving households (NPISH),S1,Total economy,P3,Final consumption expenditure,_Z,Not applicable,_Z,Not applicable,_T,Total,USD_EXC,"US dollars, exchange rate converted",V,Current prices,N,Non transformed data,T0102,Table 0102 - GDP identity from the expenditure side,1999,,86776.224,,,,F,Free (free for publication),1,One,A,Normal value,6,Millions,_Z,Not applicable
DATAFLOW,OECD.SDD.NAD:DSD_NAMAIN10@DF_TABLE1_EXPENDITURE(2.0),Annual GDP and components - expenditure approach,I,A,Annual,DNK,Denmark,S1M,Households and non-profit institutions serving households (NPISH),S1,Total economy,P3,Final consumption expenditure,_Z,Not applicable,_Z,Not applicable,_T,Total,USD_EXC,"US dollars, exchange rate converted",V,Current prices,N,Non transformed data,T0102,Table 0102 - GDP identity from the expenditure side,1998,,88749.133,,,,F,Free (free for publication),1,One,A,Normal value,6,Millions,_Z,Not applicable
DATAFLOW,OECD.SDD.NAD:DSD_NAMAIN10@DF_TABLE1_EXPENDITURE(2.0),Annual GDP and components - expenditure approach,I,A,Annual,DNK,Denmark,S1M,Households and non-profit institutions serving households (NPISH),S1,Total economy,P3,Final consumption expenditure,_Z,Not applicable,_Z,Not applicable,_T,Total,USD_EXC,"US dollars, exchange rate converted",V,Current prices,N,Non transformed data,T0102,Table 0102 - GDP identity from the expenditure side,1997,,86512.978,,,,F,Free (free for publication),1,One,A,Normal value,6,Millions,_Z,Not applicable
DATAFLOW,OECD.SDD.NAD:DSD_NAMAIN10@DF_TABLE1_EXPENDITURE(2.0),Annual GDP and components - expenditure approach,I,A,Annual,DNK,Denmark,S1M,Households and non-profit institutions serving households (NPISH),S1,Total economy,P3,Final consumption expenditure,_Z,Not applicable,_Z,Not applicable,_T,Total,USD_EXC,"US dollars, exchange rate converted",V,Current prices,N,Non transformed data,T0102,Table 0102 - GDP identity from the expenditure side,1996,,94087.698,,,,F,Free (free for publication),1,One,A,Normal value,6,Millions,_Z,Not applicable
DATAFLOW,OECD.SDD.NAD:DSD_NAMAIN10@DF_TABLE1_EXPENDITURE(2.0),Annual GDP and components - expenditure approach,I,A,Annual,DNK,Denmark,S1M,Households and non-profit institutions serving households (NPISH),S1,Total economy,P3,Final consumption expenditure,_Z,Not applicable,_Z,Not applicable,_T,Total,USD_EXC,"US dollars, exchange rate converted",V,Current prices,N,Non transformed data,T0102,Table 0102 - GDP identity from the expenditure side,1995,,93472.768,,,,F,Free (free for publication),1,One,A,Normal value,6,Millions,_Z,Not applicable
DATAFLOW,OECD.SDD.NAD:DSD_NAMAIN10@DF_TABLE1_EXPENDITURE(2.0),Annual GDP and components - expenditure approach,I,A,Annual,DNK,Denmark,S1M,Households and non-profit institutions serving households (NPISH),S1,Total economy,P3,Final consumption expenditure,_Z,Not applicable,_Z,Not applicable,_T,Total,USD_EXC,"US dollars, exchange rate converted",V,Current prices,N,Non transformed data,T0102,Table 0102 - GDP identity from the expenditure side,2016,,147538.46,,,,F,Free (free for publication),1,One,A,Normal value,6,Millions,_Z,Not applicable
DATAFLOW,OECD.SDD.NAD:DSD_NAMAIN10@DF_TABLE1_EXPENDITURE(2.0),Annual GDP and components - expenditure approach,I,A,Annual,DNK,Denmark,S1M,Households and non-profit institutions serving households (NPISH),S1,Total economy,P3,Final consumption expenditure,_Z,Not applicable,_Z,Not applicable,_T,Total,USD_EXC,"US dollars, exchange rate converted",V,Current prices,N,Non transformed data,T0102,Table 0102 - GDP identity from the expenditure side,2015,,142828.306,,,,F,Free (free for publication),1,One,A,Normal value,6,Millions,_Z,Not applicable
DATAFLOW,OECD.SDD.NAD:DSD_NAMAIN10@DF_TABLE1_EXPENDITURE(2.0),Annual GDP and components - expenditure approach,I,A,Annual,DNK,Denmark,S1M,Households and non-profit institutions serving households (NPISH),S1,Total economy,P3,Final consumption expenditure,_Z,Not applicable,_Z,Not applicable,_T,Total,USD_EXC,"US dollars, exchange rate converted",V,Current prices,N,Non transformed data,T0102,Table 0102 - GDP identity from the expenditure side,2014,,167612.186,,,,F,Free (free for publication),1,One,A,Normal value,6,Millions,_Z,Not applicable
DATAFLOW,OECD.SDD.NAD:DSD_NAMAIN10@DF_TABLE1_EXPENDITURE(2.0),Annual GDP and components - expenditure approach,I,A,Annual,DNK,Denmark,S1M,Households and non-profit institutions serving households (NPISH),S1,Total economy,P3,Final consumption expenditure,_Z,Not applicable,_Z,Not applicable,_T,Total,USD_EXC,"US dollars, exchange rate converted",V,Current prices,N,Non transformed data,T0102,Table 0102 - GDP identity from the expenditure side,2013,,166853.158,,,,F,Free (free for publication),1,One,A,Normal value,6,Millions,_Z,Not applicable
DATAFLOW,OECD.SDD.NAD:DSD_NAMAIN10@DF_TABLE1_EXPENDITURE(2.0),Annual GDP and components - expenditure approach,I,A,Annual,DNK,Denmark,S1M,Households and non-profit institutions serving households (NPISH),S1,Total economy,P3,Final consumption expenditure,_Z,Not applicable,_Z,Not applicable,_T,Total,USD_EXC,"US dollars, exchange rate converted",V,Current prices,N,Non transformed data,T0102,Table 0102 - GDP identity from the expenditure side,2012,,158202.974,,,,F,Free (free for publication),1,One,A,Normal value,6,Millions,_Z,Not applicable
DATAFLOW,OECD.SDD.NAD:DSD_NAMAIN10@DF_TABLE1_EXPENDITURE(2.0),Annual GDP and components - expenditure approach,I,A,Annual,DNK,Denmark,S1M,Households and non-profit institutions serving households (NPISH),S1,Total economy,P3,Final consumption expenditure,_Z,Not applicable,_Z,Not applicable,_T,Total,USD_EXC,"US dollars, exchange rate converted",V,Current prices,N,Non transformed data,T0102,Table 0102 - GDP identity from the expenditure side,2011,,166213.543,,,,F,Free (free for publication),1,One,A,Normal value,6,Millions,_Z,Not applicable
DATAFLOW,OECD.SDD.NAD:DSD_NAMAIN10@DF_TABLE1_EXPENDITURE(2.0),Annual GDP and components - expenditure approach,I,A,Annual,DNK,Denmark,S1M,Households and non-profit institutions serving households (NPISH),S1,Total economy,P3,Final consumption expenditure,_Z,Not applicable,_Z,Not applicable,_T,Total,USD_EXC,"US dollars, exchange rate converted",V,Current prices,N,Non transformed data,T0102,Table 0102 - GDP identity from the expenditure side,2010,,154738.373,,,,F,Free (free for publication),1,One,A,Normal value,6,Millions,_Z,Not applicable
DATAFLOW,OECD.SDD.NAD:DSD_NAMAIN10@DF_TABLE1_EXPENDITURE(2.0),Annual GDP and components - expenditure approach,I,A,Annual,DNK,Denmark,S1M,Households and non-profit institutions serving households (NPISH),S1,Total economy,P3,Final consumption expenditure,_Z,Not applicable,_Z,Not applicable,_T,Total,USD_EXC,"US dollars, exchange rate converted",V,Current prices,N,Non transformed data,T0102,Table 0102 - GDP identity from the expenditure side,2009,,156478.054,,,,F,Free (free for publication),1,One,A,Normal value,6,Millions,_Z,Not applicable
DATAFLOW,OECD.SDD.NAD:DSD_NAMAIN10@DF_TABLE1_EXPENDITURE(2.0),Annual GDP and components - expenditure approach,I,A,Annual,DNK,Denmark,S1M,Households and non-profit institutions serving households (NPISH),S1,Total economy,P3,Final consumption expenditure,_Z,Not applicable,_Z,Not applicable,_T,Total,USD_EXC,"US dollars, exchange rate converted",V,Current prices,N,Non transformed data,T0102,Table 0102 - GDP identity from the expenditure side,2008,,168474.999,,,,F,Free (free for publication),1,One,A,Normal value,6,Millions,_Z,Not applicable
DATAFLOW,OECD.SDD.NAD:DSD_NAMAIN10@DF_TABLE1_EXPENDITURE(2.0),Annual GDP and components - expenditure approach,I,A,Annual,DNK,Denmark,S1M,Households and non-profit institutions serving households (NPISH),S1,Total economy,P3,Final consumption expenditure,_Z,Not applicable,_Z,Not applicable,_T,Total,USD_EXC,"US dollars, exchange rate converted",V,Current prices,N,Non transformed data,T0102,Table 0102 - GDP identity from the expenditure side,2007,,152728.219,,,,F,Free (free for publication),1,One,A,Normal value,6,Millions,_Z,Not applicable
DATAFLOW,OECD.SDD.NAD:DSD_NAMAIN10@DF_TABLE1_EXPENDITURE(2.0),Annual GDP and components - expenditure approach,I,A,Annual,DNK,Denmark,S1M,Households and non-profit institutions serving households (NPISH),S1,Total economy,P3,Final consumption expenditure,_Z,Not applicable,_Z,Not applicable,_T,Total,USD_EXC,"US dollars, exchange rate converted",V,Current prices,N,Non transformed data,T0102,Table 0102 - GDP identity from the expenditure side,2020,,166560.942,,,,F,Free (free for publication),1,One,A,Normal value,6,Millions,_Z,Not applicable
DATAFLOW,OECD.SDD.NAD:DSD_NAMAIN10@DF_TABLE1_EXPENDITURE(2.0),Annual GDP and components - expenditure approach,I,A,Annual,DNK,Denmark,S1M,Households and non-profit institutions serving households (NPISH),S1,Total economy,P3,Final consumption expenditure,_Z,Not applicable,_Z,Not applicable,_T,Total,USD_EXC,"US dollars, exchange rate converted",V,Current prices,N,Non transformed data,T0102,Table 0102 - GDP identity from the expenditure side,2019,,165202.848,,,,F,Free (free for publication),1,One,A,Normal value,6,Millions,_Z,Not applicable
DATAFLOW,OECD.SDD.NAD:DSD_NAMAIN10@DF_TABLE1_EXPENDITURE(2.0),Annual GDP and components - expenditure approach,I,A,Annual,DNK,Denmark,S1M,Households and non-profit institutions serving households (NPISH),S1,Total economy,P3,Final consumption expenditure,_Z,Not applicable,_Z,Not applicable,_T,Total,USD_EXC,"US dollars, exchange rate converted",V,Current prices,N,Non transformed data,T0102,Table 0102 - GDP identity from the expenditure side,2018,,170040.572,,,,F,Free (free for publication),1,One,A,Normal value,6,Millions,_Z,Not applicable
DATAFLOW,OECD.SDD.NAD:DSD_NAMAIN10@DF_TABLE1_EXPENDITURE(2.0),Annual GDP and components - expenditure approach,I,A,Annual,DNK,Denmark,S1M,Households and non-profit institutions serving households (NPISH),S1,Total economy,P3,Final consumption expenditure,_Z,Not applicable,_Z,Not applicable,_T,Total,USD_EXC,"US dollars, exchange rate converted",V,Current prices,N,Non transformed data,T0102,Table 0102 - GDP identity from the expenditure side,2017,,155983.008,,,,F,Free (free for publication),1,One,A,Normal value,6,Millions,_Z,Not applicable
DATAFLOW,OECD.SDD.NAD:DSD_NAMAIN10@DF_TABLE1_EXPENDITURE(2.0),Annual GDP and components - expenditure approach,I,A,Annual,DNK,Denmark,S1M,Households and non-profit institutions serving households (NPISH),S1,Total economy,P3,Final consumption expenditure,_Z,Not applicable,_Z,Not applicable,_T,Total,USD_EXC,"US dollars, exchange rate converted",V,Current prices,N,Non transformed data,T0102,Table 0102 - GDP identity from the expenditure side,2006,,134854.488,,,,F,Free (free for publication),1,One,A,Normal value,6,Millions,_Z,Not applicable
DATAFLOW,OECD.SDD.NAD:DSD_NAMAIN10@DF_TABLE1_EXPENDITURE(2.0),Annual GDP and components - expenditure approach,I,A,Annual,HKG,Hong Kong (China),S1M,Households and non-profit institutions serving households (NPISH),S1,Total economy,P3,Final consumption expenditure,_Z,Not applicable,_Z,Not applicable,_T,Total,USD_EXC,"US dollars, exchange rate converted",V,Current prices,N,Non transformed data,T0102,Table 0102 - GDP identity from the expenditure side,2004,,99055.342,,,,F,Free (free for publication),1,One,A,Normal value,6,Millions,_Z,Not applicable
DATAFLOW,OECD.SDD.NAD:DSD_NAMAIN10@DF_TABLE1_EXPENDITURE(2.0),Annual GDP and components - expenditure approach,I,A,Annual,HKG,Hong Kong (China),S1M,Households and non-profit institutions serving households (NPISH),S1,Total economy,P3,Final consumption expenditure,_Z,Not applicable,_Z,Not applicable,_T,Total,USD_EXC,"US dollars, exchange rate converted",V,Current prices,N,Non transformed data,T0102,Table 0102 - GDP identity from the expenditure side,2005,,104361.478,,,,F,Free (free for publication),1,One,A,Normal value,6,Millions,_Z,Not applicable
DATAFLOW,OECD.SDD.NAD:DSD_NAMAIN10@DF_TABLE1_EXPENDITURE(2.0),Annual GDP and components - expenditure approach,I,A,Annual,HKG,Hong Kong (China),S1M,Households and non-profit institutions serving households (NPISH),S1,Total economy,P3,Final consumption expenditure,_Z,Not applicable,_Z,Not applicable,_T,Total,USD_EXC,"US dollars, exchange rate converted",V,Current prices,N,Non transformed data,T0102,Table 0102 - GDP identity from the expenditure side,2006,,111831.828,,,,F,Free (free for publication),1,One,A,Normal value,6,Millions,_Z,Not applicable
DATAFLOW,OECD.SDD.NAD:DSD_NAMAIN10@DF_TABLE1_EXPENDITURE(2.0),Annual GDP and components - expenditure approach,I,A,Annual,HKG,Hong Kong (China),S1M,Households and non-profit institutions serving households (NPISH),S1,Total economy,P3,Final consumption expenditure,_Z,Not applicable,_Z,Not applicable,_T,Total,USD_EXC,"US dollars, exchange rate converted",V,Current prices,N,Non transformed data,T0102,Table 0102 - GDP identity from the expenditure side,2007,,125921.745,,,,F,Free (free for publication),1,One,A,Normal value,6,Millions,_Z,Not applicable
DATAFLOW,OECD.SDD.NAD:DSD_NAMAIN10@DF_TABLE1_EXPENDITURE(2.0),Annual GDP and components - expenditure approach,I,A,Annual,HKG,Hong Kong (China),S1M,Households and non-profit institutions serving households (NPISH),S1,Total economy,P3,Final consumption expenditure,_Z,Not applicable,_Z,Not applicable,_T,Total,USD_EXC,"US dollars, exchange rate converted",V,Current prices,N,Non transformed data,T0102,Table 0102 - GDP identity from the expenditure side,2008,,131822.778,,,,F,Free (free for publication),1,One,A,Normal value,6,Millions,_Z,Not applicable
DATAFLOW,OECD.SDD.NAD:DSD_NAMAIN10@DF_TABLE1_EXPENDITURE(2.0),Annual GDP and components - expenditure approach,I,A,Annual,HKG,Hong Kong (China),S1M,Households and non-profit institutions serving households (NPISH),S1,Total economy,P3,Final consumption expenditure,_Z,Not applicable,_Z,Not applicable,_T,Total,USD_EXC,"US dollars, exchange rate converted",V,Current prices,N,Non transformed data,T0102,Table 0102 - GDP identity from the expenditure side,2009,,130759.506,,,,F,Free (free for publication),1,One,A,Normal value,6,Millions,_Z,Not applicable
DATAFLOW,OECD.SDD.NAD:DSD_NAMAIN10@DF_TABLE1_EXPENDITURE(2.0),Annual GDP and components - expenditure approach,I,A,Annual,HKG,Hong Kong (China),S1M,Households and non-profit institutions serving households (NPISH),S1,Total economy,P3,Final consumption expenditure,_Z,Not applicable,_Z,Not applicable,_T,Total,USD_EXC,"US dollars, exchange rate converted",V,Current prices,N,Non transformed data,T0102,Table 0102 - GDP identity from the expenditure side,2010,,140328.306,,,,F,Free (free for publication),1,One,A,Normal value,6,Millions,_Z,Not applicable
DATAFLOW,OECD.SDD.NAD:DSD_NAMAIN10@DF_TABLE1_EXPENDITURE(2.0),Annual GDP and components - expenditure approach,I,A,Annual,HKG,Hong Kong (China),S1M,Households and non-profit institutions serving households (NPISH),S1,Total economy,P3,Final consumption expenditure,_Z,Not applicable,_Z,Not applicable,_T,Total,USD_EXC,"US dollars, exchange rate converted",V,Current prices,N,Non transformed data,T0102,Table 0102 - GDP identity from the expenditure side,2011,,157297.276,,,,F,Free (free for publication),1,One,A,Normal value,6,Millions,_Z,Not applicable
DATAFLOW,OECD.SDD.NAD:DSD_NAMAIN10@DF_TABLE1_EXPENDITURE(2.0),Annual GDP and components - expenditure approach,I,A,Annual,HKG,Hong Kong (China),S1M,Households and non-profit institutions serving households (NPISH),S1,Total economy,P3,Final consumption expenditure,_Z,Not applicable,_Z,Not applicable,_T,Total,USD_EXC,"US dollars, exchange rate converted",V,Current prices,N,Non transformed data,T0102,Table 0102 - GDP identity from the expenditure side,2012,,169533.053,,,,F,Free (free for publication),1,One,A,Normal value,6,Millions,_Z,Not applicable
DATAFLOW,OECD.SDD.NAD:DSD_NAMAIN10@DF_TABLE1_EXPENDITURE(2.0),Annual GDP and components - expenditure approach,I,A,Annual,HKG,Hong Kong (China),S1M,Households and non-profit institutions serving households (NPISH),S1,Total economy,P3,Final consumption expenditure,_Z,Not applicable,_Z,Not applicable,_T,Total,USD_EXC,"US dollars, exchange rate converted",V,Current prices,N,Non transformed data,T0102,Table 0102 - GDP identity from the expenditure side,2013,,182189.015,,,,F,Free (free for publication),1,One,A,Normal value,6,Millions,_Z,Not applicable
DATAFLOW,OECD.SDD.NAD:DSD_NAMAIN10@DF_TABLE1_EXPENDITURE(2.0),Annual GDP and components - expenditure approach,I,A,Annual,HKG,Hong Kong (China),S1M,Households and non-profit institutions serving households (NPISH),S1,Total economy,P3,Final consumption expenditure,_Z,Not applicable,_Z,Not applicable,_T,Total,USD_EXC,"US dollars, exchange rate converted",V,Current prices,N,Non transformed data,T0102,Table 0102 - GDP identity from the expenditure side,2018,,247040.505,,,,F,Free (free for publication),1,One,A,Normal value,6,Millions,_Z,Not applicable
DATAFLOW,OECD.SDD.NAD:DSD_NAMAIN10@DF_TABLE1_EXPENDITURE(2.0),Annual GDP and components - expenditure approach,I,A,Annual,HKG,Hong Kong (China),S1M,Households and non-profit institutions serving households (NPISH),S1,Total economy,P3,Final consumption expenditure,_Z,Not applicable,_Z,Not applicable,_T,Total,USD_EXC,"US dollars, exchange rate converted",V,Current prices,N,Non transformed data,T0102,Table 0102 - GDP identity from the expenditure side,2019,,251881.188,,,,F,Free (free for publication),1,One,A,Normal value,6,Millions,_Z,Not applicable
DATAFLOW,OECD.SDD.NAD:DSD_NAMAIN10@DF_TABLE1_EXPENDITURE(2.0),Annual GDP and components - expenditure approach,I,A,Annual,HKG,Hong Kong (China),S1M,Households and non-profit institutions serving households (NPISH),S1,Total economy,P3,Final consumption expenditure,_Z,Not applicable,_Z,Not applicable,_T,Total,USD_EXC,"US dollars, exchange rate converted",V,Current prices,N,Non transformed data,T0102,Table 0102 - GDP identity from the expenditure side,2020,,228844.242,,,,F,Free (free for publication),1,One,A,Normal value,6,Millions,_Z,Not applicable
DATAFLOW,OECD.SDD.NAD:DSD_NAMAIN10@DF_TABLE1_EXPENDITURE(2.0),Annual GDP and components - expenditure approach,I,A,Annual,HKG,Hong Kong (China),S1M,Households and non-profit institutions serving households (NPISH),S1,Total economy,P3,Final consumption expenditure,_Z,Not applicable,_Z,Not applicable,_T,Total,USD_EXC,"US dollars, exchange rate converted",V,Current prices,N,Non transformed data,T0102,Table 0102 - GDP identity from the expenditure side,1995,,89920.758,,,,F,Free (free for publication),1,One,A,Normal value,6,Millions,_Z,Not applicable
DATAFLOW,OECD.SDD.NAD:DSD_NAMAIN10@DF_TABLE1_EXPENDITURE(2.0),Annual GDP and components - expenditure approach,I,A,Annual,HKG,Hong Kong (China),S1M,Households and non-profit institutions serving households (NPISH),S1,Total economy,P3,Final consumption expenditure,_Z,Not applicable,_Z,Not applicable,_T,Total,USD_EXC,"US dollars, exchange rate converted",V,Current prices,N,Non transformed data,T0102,Table 0102 - GDP identity from the expenditure side,1996,,98290.667,,,,F,Free (free for publication),1,One,A,Normal value,6,Millions,_Z,Not applicable
DATAFLOW,OECD.SDD.NAD:DSD_NAMAIN10@DF_TABLE1_EXPENDITURE(2.0),Annual GDP and components - expenditure approach,I,A,Annual,HKG,Hong Kong (China),S1M,Households and non-profit institutions serving households (NPISH),S1,Total economy,P3,Final consumption expenditure,_Z,Not applicable,_Z,Not applicable,_T,Total,USD_EXC,"US dollars, exchange rate converted",V,Current prices,N,Non transformed data,T0102,Table 0102 - GDP identity from the expenditure side,1997,,108386.33,,,,F,Free (free for publication),1,One,A,Normal value,6,Millions,_Z,Not applicable
DATAFLOW,OECD.SDD.NAD:DSD_NAMAIN10@DF_TABLE1_EXPENDITURE(2.0),Annual GDP and components - expenditure approach,I,A,Annual,HKG,Hong Kong (China),S1M,Households and non-profit institutions serving households (NPISH),S1,Total economy,P3,Final consumption expenditure,_Z,Not applicable,_Z,Not applicable,_T,Total,USD_EXC,"US dollars, exchange rate converted",V,Current prices,N,Non transformed data,T0102,Table 0102 - GDP identity from the expenditure side,1998,,103755.25,,,,F,Free (free for publication),1,One,A,Normal value,6,Millions,_Z,Not applicable
DATAFLOW,OECD.SDD.NAD:DSD_NAMAIN10@DF_TABLE1_EXPENDITURE(2.0),Annual GDP and components - expenditure approach,I,A,Annual,HKG,Hong Kong (China),S1M,Households and non-profit institutions serving households (NPISH),S1,Total economy,P3,Final consumption expenditure,_Z,Not applicable,_Z,Not applicable,_T,Total,USD_EXC,"US dollars, exchange rate converted",V,Current prices,N,Non transformed data,T0102,Table 0102 - GDP identity from the expenditure side,1999,,99864.776,,,,F,Free (free for publication),1,One,A,Normal value,6,Millions,_Z,Not applicable
DATAFLOW,OECD.SDD.NAD:DSD_NAMAIN10@DF_TABLE1_EXPENDITURE(2.0),Annual GDP and components - expenditure approach,I,A,Annual,HKG,Hong Kong (China),S1M,Households and non-profit institutions serving households (NPISH),S1,Total economy,P3,Final consumption expenditure,_Z,Not applicable,_Z,Not applicable,_T,Total,USD_EXC,"US dollars, exchange rate converted",V,Current prices,N,Non transformed data,T0102,Table 0102 - GDP identity from the expenditure side,2000,,100668.235,,,,F,Free (free for publication),1,One,A,Normal value,6,Millions,_Z,Not applicable
DATAFLOW,OECD.SDD.NAD:DSD_NAMAIN10@DF_TABLE1_EXPENDITURE(2.0),Annual GDP and components - expenditure approach,I,A,Annual,HKG,Hong Kong (China),S1M,Households and non-profit institutions serving households (NPISH),S1,Total economy,P3,Final consumption expenditure,_Z,Not applicable,_Z,Not applicable,_T,Total,USD_EXC,"US dollars, exchange rate converted",V,Current prices,N,Non transformed data,T0102,Table 0102 - GDP identity from the expenditure side,2001,,100989.774,,,,F,Free (free for publication),1,One,A,Normal value,6,Millions,_Z,Not applicable
DATAFLOW,OECD.SDD.NAD:DSD_NAMAIN10@DF_TABLE1_EXPENDITURE(2.0),Annual GDP and components - expenditure approach,I,A,Annual,HKG,Hong Kong (China),S1M,Households and non-profit institutions serving households (NPISH),S1,Total economy,P3,Final consumption expenditure,_Z,Not applicable,_Z,Not applicable,_T,Total,USD_EXC,"US dollars, exchange rate converted",V,Current prices,N,Non transformed data,T0102,Table 0102 - GDP identity from the expenditure side,2014,,193803.437,,,,F,Free (free for publication),1,One,A,Normal value,6,Millions,_Z,Not applicable
DATAFLOW,OECD.SDD.NAD:DSD_NAMAIN10@DF_TABLE1_EXPENDITURE(2.0),Annual GDP and components - expenditure approach,I,A,Annual,HKG,Hong Kong (China),S1M,Households and non-profit institutions serving households (NPISH),S1,Total economy,P3,Final consumption expenditure,_Z,Not applicable,_Z,Not applicable,_T,Total,USD_EXC,"US dollars, exchange rate converted",V,Current prices,N,Non transformed data,T0102,Table 0102 - GDP identity from the expenditure side,2015,,205513.723,,,,F,Free (free for publication),1,One,A,Normal value,6,Millions,_Z,Not applicable
DATAFLOW,OECD.SDD.NAD:DSD_NAMAIN10@DF_TABLE1_EXPENDITURE(2.0),Annual GDP and components - expenditure approach,I,A,Annual,HKG,Hong Kong (China),S1M,Households and non-profit institutions serving households (NPISH),S1,Total economy,P3,Final consumption expenditure,_Z,Not applicable,_Z,Not applicable,_T,Total,USD_EXC,"US dollars, exchange rate converted",V,Current prices,N,Non transformed data,T0102,Table 0102 - GDP identity from the expenditure side,2016,,212580.244,,,,F,Free (free for publication),1,One,A,Normal value,6,Millions,_Z,Not applicable
DATAFLOW,OECD.SDD.NAD:DSD_NAMAIN10@DF_TABLE1_EXPENDITURE(2.0),Annual GDP and components - expenditure approach,I,A,Annual,HKG,Hong Kong (China),S1M,Households and non-profit institutions serving households (NPISH),S1,Total economy,P3,Final consumption expenditure,_Z,Not applicable,_Z,Not applicable,_T,Total,USD_EXC,"US dollars, exchange rate converted",V,Current prices,N,Non transformed data,T0102,Table 0102 - GDP identity from the expenditure side,2017,,228964.168,,,,F,Free (free for publication),1,One,A,Normal value,6,Millions,_Z,Not applicable
DATAFLOW,OECD.SDD.NAD:DSD_NAMAIN10@DF_TABLE1_EXPENDITURE(2.0),Annual GDP and components - expenditure approach,I,A,Annual,HKG,Hong Kong (China),S1M,Households and non-profit institutions serving households (NPISH),S1,Total economy,P3,Final consumption expenditure,_Z,Not applicable,_Z,Not applicable,_T,Total,USD_EXC,"US dollars, exchange rate converted",V,Current prices,N,Non transformed data,T0102,Table 0102 - GDP identity from the expenditure side,2002,,96526.355,,,,F,Free (free for publication),1,One,A,Normal value,6,Millions,_Z,Not applicable
DATAFLOW,OECD.SDD.NAD:DSD_NAMAIN10@DF_TABLE1_EXPENDITURE(2.0),Annual GDP and components - expenditure approach,I,A,Annual,MDG,Madagascar,S1M,Households and non-profit institutions serving households (NPISH),S1,Total economy,P3,Final consumption expenditure,_Z,Not applicable,_Z,Not applicable,_T,Total,USD_EXC,"US dollars, exchange rate converted",V,Current prices,N,Non transformed data,T0102,Table 0102 - GDP identity from the expenditure side,2019,,10107.945,,,,F,Free (free for publication),1,One,E,Estimated value,6,Millions,_Z,Not applicable
DATAFLOW,OECD.SDD.NAD:DSD_NAMAIN10@DF_TABLE1_EXPENDITURE(2.0),Annual GDP and components - expenditure approach,I,A,Annual,MDG,Madagascar,S1M,Households and non-profit institutions serving households (NPISH),S1,Total economy,P3,Final consumption expenditure,_Z,Not applicable,_Z,Not applicable,_T,Total,USD_EXC,"US dollars, exchange rate converted",V,Current prices,N,Non transformed data,T0102,Table 0102 - GDP identity from the expenditure side,2018,,10007.778,,,,F,Free (free for publication),1,One,E,Estimated value,6,Millions,_Z,Not applicable
DATAFLOW,OECD.SDD.NAD:DSD_NAMAIN10@DF_TABLE1_EXPENDITURE(2.0),Annual GDP and components - expenditure approach,I,A,Annual,MDG,Madagascar,S1M,Households and non-profit institutions serving households (NPISH),S1,Total economy,P3,Final consumption expenditure,_Z,Not applicable,_Z,Not applicable,_T,Total,USD_EXC,"US dollars, exchange rate converted",V,Current prices,N,Non transformed data,T0102,Table 0102 - GDP identity from the expenditure side,2017,,9551.714,,,,F,Free (free for publication),1,One,E,Estimated value,6,Millions,_Z,Not applicable
DATAFLOW,OECD.SDD.NAD:DSD_NAMAIN10@DF_TABLE1_EXPENDITURE(2.0),Annual GDP and components - expenditure approach,I,A,Annual,MDG,Madagascar,S1M,Households and non-profit institutions serving households (NPISH),S1,Total economy,P3,Final consumption expenditure,_Z,Not applicable,_Z,Not applicable,_T,Total,USD_EXC,"US dollars, exchange rate converted",V,Current prices,N,Non transformed data,T0102,Table 0102 - GDP identity from the expenditure side,2016,,8581.1,,,,F,Free (free for publication),1,One,E,Estimated value,6,Millions,_Z,Not applicable
DATAFLOW,OECD.SDD.NAD:DSD_NAMAIN10@DF_TABLE1_EXPENDITURE(2.0),Annual GDP and components - expenditure approach,I,A,Annual,MDG,Madagascar,S1M,Households and non-profit institutions serving households (NPISH),S1,Total economy,P3,Final consumption expenditure,_Z,Not applicable,_Z,Not applicable,_T,Total,USD_EXC,"US dollars, exchange rate converted",V,Current prices,N,Non transformed data,T0102,Table 0102 - GDP identity from the expenditure side,2015,,8394.379,,,,F,Free (free for publication),1,One,E,Estimated value,6,Millions,_Z,Not applicable
DATAFLOW,OECD.SDD.NAD:DSD_NAMAIN10@DF_TABLE1_EXPENDITURE(2.0),Annual GDP and components - expenditure approach,I,A,Annual,MDG,Madagascar,S1M,Households and non-profit institutions serving households (NPISH),S1,Total economy,P3,Final consumption expenditure,_Z,Not applicable,_Z,Not applicable,_T,Total,USD_EXC,"US dollars, exchange rate converted",V,Current prices,N,Non transformed data,T0102,Table 0102 - GDP identity from the expenditure side,2014,,9271.315,,,,F,Free (free for publication),1,One,E,Estimated value,6,Millions,_Z,Not applicable
DATAFLOW,OECD.SDD.NAD:DSD_NAMAIN10@DF_TABLE1_EXPENDITURE(2.0),Annual GDP and components - expenditure approach,I,A,Annual,MDG,Madagascar,S1M,Households and non-profit institutions serving households (NPISH),S1,Total economy,P3,Final consumption expenditure,_Z,Not applicable,_Z,Not applicable,_T,Total,USD_EXC,"US dollars, exchange rate converted",V,Current prices,N,Non transformed data,T0102,Table 0102 - GDP identity from the expenditure side,2013,,9768.169,,,,F,Free (free for publication),1,One,E,Estimated value,6,Millions,_Z,Not applicable
DATAFLOW,OECD.SDD.NAD:DSD_NAMAIN10@DF_TABLE1_EXPENDITURE(2.0),Annual GDP and components - expenditure approach,I,A,Annual,MDG,Madagascar,S1M,Households and non-profit institutions serving households (NPISH),S1,Total economy,P3,Final consumption expenditure,_Z,Not applicable,_Z,Not applicable,_T,Total,USD_EXC,"US dollars, exchange rate converted",V,Current prices,N,Non transformed data,T0102,Table 0102 - GDP identity from the expenditure side,2012,,8671.608,,,,F,Free (free for publication),1,One,E,Estimated value,6,Millions,_Z,Not applicable
DATAFLOW,OECD.SDD.NAD:DSD_NAMAIN10@DF_TABLE1_EXPENDITURE(2.0),Annual GDP and components - expenditure approach,I,A,Annual,MDG,Madagascar,S1M,Households and non-profit institutions serving households (NPISH),S1,Total economy,P3,Final consumption expenditure,_Z,Not applicable,_Z,Not applicable,_T,Total,USD_EXC,"US dollars, exchange rate converted",V,Current prices,N,Non transformed data,T0102,Table 0102 - GDP identity from the expenditure side,2011,,8609.189,,,,F,Free (free for publication),1,One,E,Estimated value,6,Millions,_Z,Not applicable
DATAFLOW,OECD.SDD.NAD:DSD_NAMAIN10@DF_TABLE1_EXPENDITURE(2.0),Annual GDP and components - expenditure approach,I,A,Annual,MDG,Madagascar,S1M,Households and non-profit institutions serving households (NPISH),S1,Total economy,P3,Final consumption expenditure,_Z,Not applicable,_Z,Not applicable,_T,Total,USD_EXC,"US dollars, exchange rate converted",V,Current prices,N,Non transformed data,T0102,Table 0102 - GDP identity from the expenditure side,2010,,7475.217,,,,F,Free (free for publication),1,One,E,Estimated value,6,Millions,_Z,Not applicable
DATAFLOW,OECD.SDD.NAD:DSD_NAMAIN10@DF_TABLE1_EXPENDITURE(2.0),Annual GDP and components - expenditure approach,I,A,Annual,MDG,Madagascar,S1M,Households and non-profit institutions serving households (NPISH),S1,Total economy,P3,Final consumption expenditure,_Z,Not applicable,_Z,Not applicable,_T,Total,USD_EXC,"US dollars, exchange rate converted",V,Current prices,N,Non transformed data,T0102,Table 0102 - GDP identity from the expenditure side,2009,,7003.092,,,,F,Free (free for publication),1,One,E,Estimated value,6,Millions,_Z,Not applicable
DATAFLOW,OECD.SDD.NAD:DSD_NAMAIN10@DF_TABLE1_EXPENDITURE(2.0),Annual GDP and components - expenditure approach,I,A,Annual,MDG,Madagascar,S1M,Households and non-profit institutions serving households (NPISH),S1,Total economy,P3,Final consumption expenditure,_Z,Not applicable,_Z,Not applicable,_T,Total,USD_EXC,"US dollars, exchange rate converted",V,Current prices,N,Non transformed data,T0102,Table 0102 - GDP identity from the expenditure side,2008,,7190.365,,,,F,Free (free for publication),1,One,E,Estimated value,6,Millions,_Z,Not applicable
DATAFLOW,OECD.SDD.NAD:DSD_NAMAIN10@DF_TABLE1_EXPENDITURE(2.0),Annual GDP and components - expenditure approach,I,A,Annual,MDG,Madagascar,S1M,Households and non-profit institutions serving households (NPISH),S1,Total economy,P3,Final consumption expenditure,_Z,Not applicable,_Z,Not applicable,_T,Total,USD_EXC,"US dollars, exchange rate converted",V,Current prices,N,Non transformed data,T0102,Table 0102 - GDP identity from the expenditure side,2007,,5641.455,,,,F,Free (free for publication),1,One,E,Estimated value,6,Millions,_Z,Not applicable
DATAFLOW,OECD.SDD.NAD:DSD_NAMAIN10@DF_TABLE1_EXPENDITURE(2.0),Annual GDP and components - expenditure approach,I,A,Annual,CZE,Czechia,S1M,Households and non-profit institutions serving households (NPISH),S1,Total economy,P3,Final consumption expenditure,_Z,Not applicable,_Z,Not applicable,_T,Total,USD_EXC,"US dollars, exchange rate converted",V,Current prices,N,Non transformed data,T0102,Table 0102 - GDP identity from the expenditure side,2002,,41090.284,,,,F,Free (free for publication),1,One,A,Normal value,6,Millions,_Z,Not applicable
DATAFLOW,OECD.SDD.NAD:DSD_NAMAIN10@DF_TABLE1_EXPENDITURE(2.0),Annual GDP and components - expenditure approach,I,A,Annual,CZE,Czechia,S1M,Households and non-profit institutions serving households (NPISH),S1,Total economy,P3,Final consumption expenditure,_Z,Not applicable,_Z,Not applicable,_T,Total,USD_EXC,"US dollars, exchange rate converted",V,Current prices,N,Non transformed data,T0102,Table 0102 - GDP identity from the expenditure side,2001,,33840.065,,,,F,Free (free for publication),1,One,A,Normal value,6,Millions,_Z,Not applicable
DATAFLOW,OECD.SDD.NAD:DSD_NAMAIN10@DF_TABLE1_EXPENDITURE(2.0),Annual GDP and components - expenditure approach,I,A,Annual,CZE,Czechia,S1M,Households and non-profit institutions serving households (NPISH),S1,Total economy,P3,Final consumption expenditure,_Z,Not applicable,_Z,Not applicable,_T,Total,USD_EXC,"US dollars, exchange rate converted",V,Current prices,N,Non transformed data,T0102,Table 0102 - GDP identity from the expenditure side,2000,,31306.984,,,,F,Free (free for publication),1,One,A,Normal value,6,Millions,_Z,Not applicable
DATAFLOW,OECD.SDD.NAD:DSD_NAMAIN10@DF_TABLE1_EXPENDITURE(2.0),Annual GDP and components - expenditure approach,I,A,Annual,CZE,Czechia,S1M,Households and non-profit institutions serving households (NPISH),S1,Total economy,P3,Final consumption expenditure,_Z,Not applicable,_Z,Not applicable,_T,Total,USD_EXC,"US dollars, exchange rate converted",V,Current prices,N,Non transformed data,T0102,Table 0102 - GDP identity from the expenditure side,1999,,33253.773,,,,F,Free (free for publication),1,One,A,Normal value,6,Millions,_Z,Not applicable
DATAFLOW,OECD.SDD.NAD:DSD_NAMAIN10@DF_TABLE1_EXPENDITURE(2.0),Annual GDP and components - expenditure approach,I,A,Annual,CZE,Czechia,S1M,Households and non-profit institutions serving households (NPISH),S1,Total economy,P3,Final consumption expenditure,_Z,Not applicable,_Z,Not applicable,_T,Total,USD_EXC,"US dollars, exchange rate converted",V,Current prices,N,Non transformed data,T0102,Table 0102 - GDP identity from the expenditure side,1998,,33862.964,,,,F,Free (free for publication),1,One,A,Normal value,6,Millions,_Z,Not applicable
DATAFLOW,OECD.SDD.NAD:DSD_NAMAIN10@DF_TABLE1_EXPENDITURE(2.0),Annual GDP and components - expenditure approach,I,A,Annual,CZE,Czechia,S1M,Households and non-profit institutions serving households (NPISH),S1,Total economy,P3,Final consumption expenditure,_Z,Not applicable,_Z,Not applicable,_T,Total,USD_EXC,"US dollars, exchange rate converted",V,Current prices,N,Non transformed data,T0102,Table 0102 - GDP identity from the expenditure side,1997,,32033.493,,,,F,Free (free for publication),1,One,A,Normal value,6,Millions,_Z,Not applicable
DATAFLOW,OECD.SDD.NAD:DSD_NAMAIN10@DF_TABLE1_EXPENDITURE(2.0),Annual GDP and components - expenditure approach,I,A,Annual,CZE,Czechia,S1M,Households and non-profit institutions serving households (NPISH),S1,Total economy,P3,Final consumption expenditure,_Z,Not applicable,_Z,Not applicable,_T,Total,USD_EXC,"US dollars, exchange rate converted",V,Current prices,N,Non transformed data,T0102,Table 0102 - GDP identity from the expenditure side,1996,,33494.706,,,,F,Free (free for publication),1,One,A,Normal value,6,Millions,_Z,Not applicable
DATAFLOW,OECD.SDD.NAD:DSD_NAMAIN10@DF_TABLE1_EXPENDITURE(2.0),Annual GDP and components - expenditure approach,I,A,Annual,CZE,Czechia,S1M,Households and non-profit institutions serving households (NPISH),S1,Total economy,P3,Final consumption expenditure,_Z,Not applicable,_Z,Not applicable,_T,Total,USD_EXC,"US dollars, exchange rate converted",V,Current prices,N,Non transformed data,T0102,Table 0102 - GDP identity from the expenditure side,1995,,29615.797,,,,F,Free (free for publication),1,One,A,Normal value,6,Millions,_Z,Not applicable
DATAFLOW,OECD.SDD.NAD:DSD_NAMAIN10@DF_TABLE1_EXPENDITURE(2.0),Annual GDP and components - expenditure approach,I,A,Annual,SVN,Slovenia,S1M,Households and non-profit institutions serving households (NPISH),S1,Total economy,P3,Final consumption expenditure,_Z,Not applicable,_Z,Not applicable,_T,Total,USD_EXC,"US dollars, exchange rate converted",V,Current prices,N,Non transformed data,T0102,Table 0102 - GDP identity from the expenditure side,2017,,25075.509,,,,F,Free (free for publication),1,One,A,Normal value,6,Millions,_Z,Not applicable
DATAFLOW,OECD.SDD.NAD:DSD_NAMAIN10@DF_TABLE1_EXPENDITURE(2.0),Annual GDP and components - expenditure approach,I,A,Annual,SVN,Slovenia,S1M,Households and non-profit institutions serving households (NPISH),S1,Total economy,P3,Final consumption expenditure,_Z,Not applicable,_Z,Not applicable,_T,Total,USD_EXC,"US dollars, exchange rate converted",V,Current prices,N,Non transformed data,T0102,Table 0102 - GDP identity from the expenditure side,2016,,23605.085,,,,F,Free (free for publication),1,One,A,Normal value,6,Millions,_Z,Not applicable
DATAFLOW,OECD.SDD.NAD:DSD_NAMAIN10@DF_TABLE1_EXPENDITURE(2.0),Annual GDP and components - expenditure approach,I,A,Annual,SVN,Slovenia,S1M,Households and non-profit institutions serving households (NPISH),S1,Total economy,P3,Final consumption expenditure,_Z,Not applicable,_Z,Not applicable,_T,Total,USD_EXC,"US dollars, exchange rate converted",V,Current prices,N,Non transformed data,T0102,Table 0102 - GDP identity from the expenditure side,2002,,12635.492,,,,F,Free (free for publication),1,One,A,Normal value,6,Millions,_Z,Not applicable
DATAFLOW,OECD.SDD.NAD:DSD_NAMAIN10@DF_TABLE1_EXPENDITURE(2.0),Annual GDP and components - expenditure approach,I,A,Annual,SVN,Slovenia,S1M,Households and non-profit institutions serving households (NPISH),S1,Total economy,P3,Final consumption expenditure,_Z,Not applicable,_Z,Not applicable,_T,Total,USD_EXC,"US dollars, exchange rate converted",V,Current prices,N,Non transformed data,T0102,Table 0102 - GDP identity from the expenditure side,2001,,11399.752,,,,F,Free (free for publication),1,One,A,Normal value,6,Millions,_Z,Not applicable
DATAFLOW,OECD.SDD.NAD:DSD_NAMAIN10@DF_TABLE1_EXPENDITURE(2.0),Annual GDP and components - expenditure approach,I,A,Annual,SVN,Slovenia,S1M,Households and non-profit institutions serving households (NPISH),S1,Total economy,P3,Final consumption expenditure,_Z,Not applicable,_Z,Not applicable,_T,Total,USD_EXC,"US dollars, exchange rate converted",V,Current prices,N,Non transformed data,T0102,Table 0102 - GDP identity from the expenditure side,2003,,16018.82,,,,F,Free (free for publication),1,One,A,Normal value,6,Millions,_Z,Not applicable
DATAFLOW,OECD.SDD.NAD:DSD_NAMAIN10@DF_TABLE1_EXPENDITURE(2.0),Annual GDP and components - expenditure approach,I,A,Annual,SVN,Slovenia,S1M,Households and non-profit institutions serving households (NPISH),S1,Total economy,P3,Final consumption expenditure,_Z,Not applicable,_Z,Not applicable,_T,Total,USD_EXC,"US dollars, exchange rate converted",V,Current prices,N,Non transformed data,T0102,Table 0102 - GDP identity from the expenditure side,2000,,11302.249,,,,F,Free (free for publication),1,One,A,Normal value,6,Millions,_Z,Not applicable
DATAFLOW,OECD.SDD.NAD:DSD_NAMAIN10@DF_TABLE1_EXPENDITURE(2.0),Annual GDP and components - expenditure approach,I,A,Annual,SVN,Slovenia,S1M,Households and non-profit institutions serving households (NPISH),S1,Total economy,P3,Final consumption expenditure,_Z,Not applicable,_Z,Not applicable,_T,Total,USD_EXC,"US dollars, exchange rate converted",V,Current prices,N,Non transformed data,T0102,Table 0102 - GDP identity from the expenditure side,2015,,22836.399,,,,F,Free (free for publication),1,One,A,Normal value,6,Millions,_Z,Not applicable
DATAFLOW,OECD.SDD.NAD:DSD_NAMAIN10@DF_TABLE1_EXPENDITURE(2.0),Annual GDP and components - expenditure approach,I,A,Annual,PRT,Portugal,S1M,Households and non-profit institutions serving households (NPISH),S1,Total economy,P3,Final consumption expenditure,_Z,Not applicable,_Z,Not applicable,_T,Total,USD_EXC,"US dollars, exchange rate converted",V,Current prices,N,Non transformed data,T0102,Table 0102 - GDP identity from the expenditure side,2004,,120607.722,,,,F,Free (free for publication),1,One,A,Normal value,6,Millions,_Z,Not applicable
DATAFLOW,OECD.SDD.NAD:DSD_NAMAIN10@DF_TABLE1_EXPENDITURE(2.0),Annual GDP and components - expenditure approach,I,A,Annual,PRT,Portugal,S1M,Households and non-profit institutions serving households (NPISH),S1,Total economy,P3,Final consumption expenditure,_Z,Not applicable,_Z,Not applicable,_T,Total,USD_EXC,"US dollars, exchange rate converted",V,Current prices,N,Non transformed data,T0102,Table 0102 - GDP identity from the expenditure side,2003,,104495.981,,,,F,Free (free for publication),1,One,A,Normal value,6,Millions,_Z,Not applicable
DATAFLOW,OECD.SDD.NAD:DSD_NAMAIN10@DF_TABLE1_EXPENDITURE(2.0),Annual GDP and components - expenditure approach,I,A,Annual,PRT,Portugal,S1M,Households and non-profit institutions serving households (NPISH),S1,Total economy,P3,Final consumption expenditure,_Z,Not applicable,_Z,Not applicable,_T,Total,USD_EXC,"US dollars, exchange rate converted",V,Current prices,N,Non transformed data,T0102,Table 0102 - GDP identity from the expenditure side,2002,,84603.899,,,,F,Free (free for publication),1,One,A,Normal value,6,Millions,_Z,Not applicable
DATAFLOW,OECD.SDD.NAD:DSD_NAMAIN10@DF_TABLE1_EXPENDITURE(2.0),Annual GDP and components - expenditure approach,I,A,Annual,PRT,Portugal,S1M,Households and non-profit institutions serving households (NPISH),S1,Total economy,P3,Final consumption expenditure,_Z,Not applicable,_Z,Not applicable,_T,Total,USD_EXC,"US dollars, exchange rate converted",V,Current prices,N,Non transformed data,T0102,Table 0102 - GDP identity from the expenditure side,2001,,76453.813,,,,F,Free (free for publication),1,One,A,Normal value,6,Millions,_Z,Not applicable
DATAFLOW,OECD.SDD.NAD:DSD_NAMAIN10@DF_TABLE1_EXPENDITURE(2.0),Annual GDP and components - expenditure approach,I,A,Annual,PRT,Portugal,S1M,Households and non-profit institutions serving households (NPISH),S1,Total economy,P3,Final consumption expenditure,_Z,Not applicable,_Z,Not applicable,_T,Total,USD_EXC,"US dollars, exchange rate converted",V,Current prices,N,Non transformed data,T0102,Table 0102 - GDP identity from the expenditure side,2000,,75273.042,,,,F,Free (free for publication),1,One,A,Normal value,6,Millions,_Z,Not applicable
DATAFLOW,OECD.SDD.NAD:DSD_NAMAIN10@DF_TABLE1_EXPENDITURE(2.0),Annual GDP and components - expenditure approach,I,A,Annual,PRT,Portugal,S1M,Households and non-profit institutions serving households (NPISH),S1,Total economy,P3,Final consumption expenditure,_Z,Not applicable,_Z,Not applicable,_T,Total,USD_EXC,"US dollars, exchange rate converted",V,Current prices,N,Non transformed data,T0102,Table 0102 - GDP identity from the expenditure side,1999,,80708.573,,,,F,Free (free for publication),1,One,A,Normal value,6,Millions,_Z,Not applicable
DATAFLOW,OECD.SDD.NAD:DSD_NAMAIN10@DF_TABLE1_EXPENDITURE(2.0),Annual GDP and components - expenditure approach,I,A,Annual,PRT,Portugal,S1M,Households and non-profit institutions serving households (NPISH),S1,Total economy,P3,Final consumption expenditure,_Z,Not applicable,_Z,Not applicable,_T,Total,USD_EXC,"US dollars, exchange rate converted",V,Current prices,N,Non transformed data,T0102,Table 0102 - GDP identity from the expenditure side,1998,,78150.285,,,,F,Free (free for publication),1,One,A,Normal value,6,Millions,_Z,Not applicable
DATAFLOW,OECD.SDD.NAD:DSD_NAMAIN10@DF_TABLE1_EXPENDITURE(2.0),Annual GDP and components - expenditure approach,I,A,Annual,PRT,Portugal,S1M,Households and non-profit institutions serving households (NPISH),S1,Total economy,P3,Final consumption expenditure,_Z,Not applicable,_Z,Not applicable,_T,Total,USD_EXC,"US dollars, exchange rate converted",V,Current prices,N,Non transformed data,T0102,Table 0102 - GDP identity from the expenditure side,1997,,74746.644,,,,F,Free (free for publication),1,One,A,Normal value,6,Millions,_Z,Not applicable
DATAFLOW,OECD.SDD.NAD:DSD_NAMAIN10@DF_TABLE1_EXPENDITURE(2.0),Annual GDP and components - expenditure approach,I,A,Annual,PRT,Portugal,S1M,Households and non-profit institutions serving households (NPISH),S1,Total economy,P3,Final consumption expenditure,_Z,Not applicable,_Z,Not applicable,_T,Total,USD_EXC,"US dollars, exchange rate converted",V,Current prices,N,Non transformed data,T0102,Table 0102 - GDP identity from the expenditure side,1996,,79745.181,,,,F,Free (free for publication),1,One,A,Normal value,6,Millions,_Z,Not applicable
DATAFLOW,OECD.SDD.NAD:DSD_NAMAIN10@DF_TABLE1_EXPENDITURE(2.0),Annual GDP and components - expenditure approach,I,A,Annual,PRT,Portugal,S1M,Households and non-profit institutions serving households (NPISH),S1,Total economy,P3,Final consumption expenditure,_Z,Not applicable,_Z,Not applicable,_T,Total,USD_EXC,"US dollars, exchange rate converted",V,Current prices,N,Non transformed data,T0102,Table 0102 - GDP identity from the expenditure side,1995,,76447.187,,,,F,Free (free for publication),1,One,A,Normal value,6,Millions,_Z,Not applicable
DATAFLOW,OECD.SDD.NAD:DSD_NAMAIN10@DF_TABLE1_EXPENDITURE(2.0),Annual GDP and components - expenditure approach,I,A,Annual,PRT,Portugal,S1M,Households and non-profit institutions serving households (NPISH),S1,Total economy,P3,Final consumption expenditure,_Z,Not applicable,_Z,Not applicable,_T,Total,USD_EXC,"US dollars, exchange rate converted",V,Current prices,N,Non transformed data,T0102,Table 0102 - GDP identity from the expenditure side,2016,,134497.74,,,,F,Free (free for publication),1,One,A,Normal value,6,Millions,_Z,Not applicable
DATAFLOW,OECD.SDD.NAD:DSD_NAMAIN10@DF_TABLE1_EXPENDITURE(2.0),Annual GDP and components - expenditure approach,I,A,Annual,PRT,Portugal,S1M,Households and non-profit institutions serving households (NPISH),S1,Total economy,P3,Final consumption expenditure,_Z,Not applicable,_Z,Not applicable,_T,Total,USD_EXC,"US dollars, exchange rate converted",V,Current prices,N,Non transformed data,T0102,Table 0102 - GDP identity from the expenditure side,2015,,130312.428,,,,F,Free (free for publication),1,One,A,Normal value,6,Millions,_Z,Not applicable
DATAFLOW,OECD.SDD.NAD:DSD_NAMAIN10@DF_TABLE1_EXPENDITURE(2.0),Annual GDP and components - expenditure approach,I,A,Annual,PRT,Portugal,S1M,Households and non-profit institutions serving households (NPISH),S1,Total economy,P3,Final consumption expenditure,_Z,Not applicable,_Z,Not applicable,_T,Total,USD_EXC,"US dollars, exchange rate converted",V,Current prices,N,Non transformed data,T0102,Table 0102 - GDP identity from the expenditure side,2014,,152158.853,,,,F,Free (free for publication),1,One,A,Normal value,6,Millions,_Z,Not applicable
DATAFLOW,OECD.SDD.NAD:DSD_NAMAIN10@DF_TABLE1_EXPENDITURE(2.0),Annual GDP and components - expenditure approach,I,A,Annual,RUS,Russia,S1M,Households and non-profit institutions serving households (NPISH),S1,Total economy,P3,Final consumption expenditure,_Z,Not applicable,_Z,Not applicable,_T,Total,USD_EXC,"US dollars, exchange rate converted",V,Current prices,N,Non transformed data,T0102,Table 0102 - GDP identity from the expenditure side,2002,,195222.01,,,,F,Free (free for publication),1,One,E,Estimated value,6,Millions,_Z,Not applicable
DATAFLOW,OECD.SDD.NAD:DSD_NAMAIN10@DF_TABLE1_EXPENDITURE(2.0),Annual GDP and components - expenditure approach,I,A,Annual,KOR,Korea,S1M,Households and non-profit institutions serving households (NPISH),S1,Total economy,P3,Final consumption expenditure,_Z,Not applicable,_Z,Not applicable,_T,Total,USD_EXC,"US dollars, exchange rate converted",V,Current prices,N,Non transformed data,T0102,Table 0102 - GDP identity from the expenditure side,1998,,200124.591,,,,F,Free (free for publication),1,One,E,Estimated value,6,Millions,_Z,Not applicable
DATAFLOW,OECD.SDD.NAD:DSD_NAMAIN10@DF_TABLE1_EXPENDITURE(2.0),Annual GDP and components - expenditure approach,I,A,Annual,KOR,Korea,S1M,Households and non-profit institutions serving households (NPISH),S1,Total economy,P3,Final consumption expenditure,_Z,Not applicable,_Z,Not applicable,_T,Total,USD_EXC,"US dollars, exchange rate converted",V,Current prices,N,Non transformed data,T0102,Table 0102 - GDP identity from the expenditure side,1997,,316545.076,,,,F,Free (free for publication),1,One,E,Estimated value,6,Millions,_Z,Not applicable
DATAFLOW,OECD.SDD.NAD:DSD_NAMAIN10@DF_TABLE1_EXPENDITURE(2.0),Annual GDP and components - expenditure approach,I,A,Annual,KOR,Korea,S1M,Households and non-profit institutions serving households (NPISH),S1,Total economy,P3,Final consumption expenditure,_Z,Not applicable,_Z,Not applicable,_T,Total,USD_EXC,"US dollars, exchange rate converted",V,Current prices,N,Non transformed data,T0102,Table 0102 - GDP identity from the expenditure side,1996,,337548.709,,,,F,Free (free for publication),1,One,E,Estimated value,6,Millions,_Z,Not applicable
DATAFLOW,OECD.SDD.NAD:DSD_NAMAIN10@DF_TABLE1_EXPENDITURE(2.0),Annual GDP and components - expenditure approach,I,A,Annual,KOR,Korea,S1M,Households and non-profit institutions serving households (NPISH),S1,Total economy,P3,Final consumption expenditure,_Z,Not applicable,_Z,Not applicable,_T,Total,USD_EXC,"US dollars, exchange rate converted",V,Current prices,N,Non transformed data,T0102,Table 0102 - GDP identity from the expenditure side,1995,,305867.946,,,,F,Free (free for publication),1,One,E,Estimated value,6,Millions,_Z,Not applicable
DATAFLOW,OECD.SDD.NAD:DSD_NAMAIN10@DF_TABLE1_EXPENDITURE(2.0),Annual GDP and components - expenditure approach,I,A,Annual,KOR,Korea,S1M,Households and non-profit institutions serving households (NPISH),S1,Total economy,P3,Final consumption expenditure,_Z,Not applicable,_Z,Not applicable,_T,Total,USD_EXC,"US dollars, exchange rate converted",V,Current prices,N,Non transformed data,T0102,Table 0102 - GDP identity from the expenditure side,2010,,610738.374,,,,F,Free (free for publication),1,One,A,Normal value,6,Millions,_Z,Not applicable
DATAFLOW,OECD.SDD.NAD:DSD_NAMAIN10@DF_TABLE1_EXPENDITURE(2.0),Annual GDP and components - expenditure approach,I,A,Annual,KOR,Korea,S1M,Households and non-profit institutions serving households (NPISH),S1,Total economy,P3,Final consumption expenditure,_Z,Not applicable,_Z,Not applicable,_T,Total,USD_EXC,"US dollars, exchange rate converted",V,Current prices,N,Non transformed data,T0102,Table 0102 - GDP identity from the expenditure side,2009,,516391.506,,,,F,Free (free for publication),1,One,A,Normal value,6,Millions,_Z,Not applicable
DATAFLOW,OECD.SDD.NAD:DSD_NAMAIN10@DF_TABLE1_EXPENDITURE(2.0),Annual GDP and components - expenditure approach,I,A,Annual,KOR,Korea,S1M,Households and non-profit institutions serving households (NPISH),S1,Total economy,P3,Final consumption expenditure,_Z,Not applicable,_Z,Not applicable,_T,Total,USD_EXC,"US dollars, exchange rate converted",V,Current prices,N,Non transformed data,T0102,Table 0102 - GDP identity from the expenditure side,2008,,582743.065,,,,F,Free (free for publication),1,One,A,Normal value,6,Millions,_Z,Not applicable
DATAFLOW,OECD.SDD.NAD:DSD_NAMAIN10@DF_TABLE1_EXPENDITURE(2.0),Annual GDP and components - expenditure approach,I,A,Annual,KOR,Korea,S1M,Households and non-profit institutions serving households (NPISH),S1,Total economy,P3,Final consumption expenditure,_Z,Not applicable,_Z,Not applicable,_T,Total,USD_EXC,"US dollars, exchange rate converted",V,Current prices,N,Non transformed data,T0102,Table 0102 - GDP identity from the expenditure side,2007,,648713.769,,,,F,Free (free for publication),1,One,A,Normal value,6,Millions,_Z,Not applicable
DATAFLOW,OECD.SDD.NAD:DSD_NAMAIN10@DF_TABLE1_EXPENDITURE(2.0),Annual GDP and components - expenditure approach,I,A,Annual,KOR,Korea,S1M,Households and non-profit institutions serving households (NPISH),S1,Total economy,P3,Final consumption expenditure,_Z,Not applicable,_Z,Not applicable,_T,Total,USD_EXC,"US dollars, exchange rate converted",V,Current prices,N,Non transformed data,T0102,Table 0102 - GDP identity from the expenditure side,2006,,586909.907,,,,F,Free (free for publication),1,One,A,Normal value,6,Millions,_Z,Not applicable
DATAFLOW,OECD.SDD.NAD:DSD_NAMAIN10@DF_TABLE1_EXPENDITURE(2.0),Annual GDP and components - expenditure approach,I,A,Annual,KOR,Korea,S1M,Households and non-profit institutions serving households (NPISH),S1,Total economy,P3,Final consumption expenditure,_Z,Not applicable,_Z,Not applicable,_T,Total,USD_EXC,"US dollars, exchange rate converted",V,Current prices,N,Non transformed data,T0102,Table 0102 - GDP identity from the expenditure side,2005,,513073.185,,,,F,Free (free for publication),1,One,A,Normal value,6,Millions,_Z,Not applicable
DATAFLOW,OECD.SDD.NAD:DSD_NAMAIN10@DF_TABLE1_EXPENDITURE(2.0),Annual GDP and components - expenditure approach,I,A,Annual,KOR,Korea,S1M,Households and non-profit institutions serving households (NPISH),S1,Total economy,P3,Final consumption expenditure,_Z,Not applicable,_Z,Not applicable,_T,Total,USD_EXC,"US dollars, exchange rate converted",V,Current prices,N,Non transformed data,T0102,Table 0102 - GDP identity from the expenditure side,2004,,428178.283,,,,F,Free (free for publication),1,One,A,Normal value,6,Millions,_Z,Not applicable
DATAFLOW,OECD.SDD.NAD:DSD_NAMAIN10@DF_TABLE1_EXPENDITURE(2.0),Annual GDP and components - expenditure approach,I,A,Annual,KOR,Korea,S1M,Households and non-profit institutions serving households (NPISH),S1,Total economy,P3,Final consumption expenditure,_Z,Not applicable,_Z,Not applicable,_T,Total,USD_EXC,"US dollars, exchange rate converted",V,Current prices,N,Non transformed data,T0102,Table 0102 - GDP identity from the expenditure side,2003,,396669.956,,,,F,Free (free for publication),1,One,A,Normal value,6,Millions,_Z,Not applicable
DATAFLOW,OECD.SDD.NAD:DSD_NAMAIN10@DF_TABLE1_EXPENDITURE(2.0),Annual GDP and components - expenditure approach,I,A,Annual,KOR,Korea,S1M,Households and non-profit institutions serving households (NPISH),S1,Total economy,P3,Final consumption expenditure,_Z,Not applicable,_Z,Not applicable,_T,Total,USD_EXC,"US dollars, exchange rate converted",V,Current prices,N,Non transformed data,T0102,Table 0102 - GDP identity from the expenditure side,2002,,365656.988,,,,F,Free (free for publication),1,One,A,Normal value,6,Millions,_Z,Not applicable
DATAFLOW,OECD.SDD.NAD:DSD_NAMAIN10@DF_TABLE1_EXPENDITURE(2.0),Annual GDP and components - expenditure approach,I,A,Annual,KOR,Korea,S1M,Households and non-profit institutions serving households (NPISH),S1,Total economy,P3,Final consumption expenditure,_Z,Not applicable,_Z,Not applicable,_T,Total,USD_EXC,"US dollars, exchange rate converted",V,Current prices,N,Non transformed data,T0102,Table 0102 - GDP identity from the expenditure side,2001,,314862.449,,,,F,Free (free for publication),1,One,A,Normal value,6,Millions,_Z,Not applicable
DATAFLOW,OECD.SDD.NAD:DSD_NAMAIN10@DF_TABLE1_EXPENDITURE(2.0),Annual GDP and components - expenditure approach,I,A,Annual,KOR,Korea,S1M,Households and non-profit institutions serving households (NPISH),S1,Total economy,P3,Final consumption expenditure,_Z,Not applicable,_Z,Not applicable,_T,Total,USD_EXC,"US dollars, exchange rate converted",V,Current prices,N,Non transformed data,T0102,Table 0102 - GDP identity from the expenditure side,2014,,794974.07,,,,F,Free (free for publication),1,One,A,Normal value,6,Millions,_Z,Not applicable
DATAFLOW,OECD.SDD.NAD:DSD_NAMAIN10@DF_TABLE1_EXPENDITURE(2.0),Annual GDP and components - expenditure approach,I,A,Annual,KOR,Korea,S1M,Households and non-profit institutions serving households (NPISH),S1,Total economy,P3,Final consumption expenditure,_Z,Not applicable,_Z,Not applicable,_T,Total,USD_EXC,"US dollars, exchange rate converted",V,Current prices,N,Non transformed data,T0102,Table 0102 - GDP identity from the expenditure side,2013,,739444.329,,,,F,Free (free for publication),1,One,A,Normal value,6,Millions,_Z,Not applicable
DATAFLOW,OECD.SDD.NAD:DSD_NAMAIN10@DF_TABLE1_EXPENDITURE(2.0),Annual GDP and components - expenditure approach,I,A,Annual,KOR,Korea,S1M,Households and non-profit institutions serving households (NPISH),S1,Total economy,P3,Final consumption expenditure,_Z,Not applicable,_Z,Not applicable,_T,Total,USD_EXC,"US dollars, exchange rate converted",V,Current prices,N,Non transformed data,T0102,Table 0102 - GDP identity from the expenditure side,2012,,697751.995,,,,F,Free (free for publication),1,One,A,Normal value,6,Millions,_Z,Not applicable
DATAFLOW,OECD.SDD.NAD:DSD_NAMAIN10@DF_TABLE1_EXPENDITURE(2.0),Annual GDP and components - expenditure approach,I,A,Annual,KOR,Korea,S1M,Households and non-profit institutions serving households (NPISH),S1,Total economy,P3,Final consumption expenditure,_Z,Not applicable,_Z,Not applicable,_T,Total,USD_EXC,"US dollars, exchange rate converted",V,Current prices,N,Non transformed data,T0102,Table 0102 - GDP identity from the expenditure side,2011,,681630.914,,,,F,Free (free for publication),1,One,A,Normal value,6,Millions,_Z,Not applicable
DATAFLOW,OECD.SDD.NAD:DSD_NAMAIN10@DF_TABLE1_EXPENDITURE(2.0),Annual GDP and components - expenditure approach,I,A,Annual,KOR,Korea,S1M,Households and non-profit institutions serving households (NPISH),S1,Total economy,P3,Final consumption expenditure,_Z,Not applicable,_Z,Not applicable,_T,Total,USD_EXC,"US dollars, exchange rate converted",V,Current prices,N,Non transformed data,T0102,Table 0102 - GDP identity from the expenditure side,2000,,326404.583,,,,F,Free (free for publication),1,One,A,Normal value,6,Millions,_Z,Not applicable
DATAFLOW,OECD.SDD.NAD:DSD_NAMAIN10@DF_TABLE1_EXPENDITURE(2.0),Annual GDP and components - expenditure approach,I,A,Annual,SWE,Sweden,S1M,Households and non-profit institutions serving households (NPISH),S1,Total economy,P3,Final consumption expenditure,_Z,Not applicable,_Z,Not applicable,_T,Total,USD_EXC,"US dollars, exchange rate converted",V,Current prices,N,Non transformed data,T0102,Table 0102 - GDP identity from the expenditure side,2004,,181218.334,,,,F,Free (free for publication),1,One,A,Normal value,6,Millions,_Z,Not applicable
DATAFLOW,OECD.SDD.NAD:DSD_NAMAIN10@DF_TABLE1_EXPENDITURE(2.0),Annual GDP and components - expenditure approach,I,A,Annual,SWE,Sweden,S1M,Households and non-profit institutions serving households (NPISH),S1,Total economy,P3,Final consumption expenditure,_Z,Not applicable,_Z,Not applicable,_T,Total,USD_EXC,"US dollars, exchange rate converted",V,Current prices,N,Non transformed data,T0102,Table 0102 - GDP identity from the expenditure side,2003,,159399.149,,,,F,Free (free for publication),1,One,A,Normal value,6,Millions,_Z,Not applicable
DATAFLOW,OECD.SDD.NAD:DSD_NAMAIN10@DF_TABLE1_EXPENDITURE(2.0),Annual GDP and components - expenditure approach,I,A,Annual,SWE,Sweden,S1M,Households and non-profit institutions serving households (NPISH),S1,Total economy,P3,Final consumption expenditure,_Z,Not applicable,_Z,Not applicable,_T,Total,USD_EXC,"US dollars, exchange rate converted",V,Current prices,N,Non transformed data,T0102,Table 0102 - GDP identity from the expenditure side,2002,,127808.076,,,,F,Free (free for publication),1,One,A,Normal value,6,Millions,_Z,Not applicable
DATAFLOW,OECD.SDD.NAD:DSD_NAMAIN10@DF_TABLE1_EXPENDITURE(2.0),Annual GDP and components - expenditure approach,I,A,Annual,SWE,Sweden,S1M,Households and non-profit institutions serving households (NPISH),S1,Total economy,P3,Final consumption expenditure,_Z,Not applicable,_Z,Not applicable,_T,Total,USD_EXC,"US dollars, exchange rate converted",V,Current prices,N,Non transformed data,T0102,Table 0102 - GDP identity from the expenditure side,2001,,115890.237,,,,F,Free (free for publication),1,One,A,Normal value,6,Millions,_Z,Not applicable
DATAFLOW,OECD.SDD.NAD:DSD_NAMAIN10@DF_TABLE1_EXPENDITURE(2.0),Annual GDP and components - expenditure approach,I,A,Annual,SWE,Sweden,S1M,Households and non-profit institutions serving households (NPISH),S1,Total economy,P3,Final consumption expenditure,_Z,Not applicable,_Z,Not applicable,_T,Total,USD_EXC,"US dollars, exchange rate converted",V,Current prices,N,Non transformed data,T0102,Table 0102 - GDP identity from the expenditure side,2000,,126912.902,,,,F,Free (free for publication),1,One,A,Normal value,6,Millions,_Z,Not applicable
DATAFLOW,OECD.SDD.NAD:DSD_NAMAIN10@DF_TABLE1_EXPENDITURE(2.0),Annual GDP and components - expenditure approach,I,A,Annual,SWE,Sweden,S1M,Households and non-profit institutions serving households (NPISH),S1,Total economy,P3,Final consumption expenditure,_Z,Not applicable,_Z,Not applicable,_T,Total,USD_EXC,"US dollars, exchange rate converted",V,Current prices,N,Non transformed data,T0102,Table 0102 - GDP identity from the expenditure side,1999,,131482.532,,,,F,Free (free for publication),1,One,A,Normal value,6,Millions,_Z,Not applicable
DATAFLOW,OECD.SDD.NAD:DSD_NAMAIN10@DF_TABLE1_EXPENDITURE(2.0),Annual GDP and components - expenditure approach,I,A,Annual,SWE,Sweden,S1M,Households and non-profit institutions serving households (NPISH),S1,Total economy,P3,Final consumption expenditure,_Z,Not applicable,_Z,Not applicable,_T,Total,USD_EXC,"US dollars, exchange rate converted",V,Current prices,N,Non transformed data,T0102,Table 0102 - GDP identity from the expenditure side,1998,,129023.146,,,,F,Free (free for publication),1,One,A,Normal value,6,Millions,_Z,Not applicable
DATAFLOW,OECD.SDD.NAD:DSD_NAMAIN10@DF_TABLE1_EXPENDITURE(2.0),Annual GDP and components - expenditure approach,I,A,Annual,SWE,Sweden,S1M,Households and non-profit institutions serving households (NPISH),S1,Total economy,P3,Final consumption expenditure,_Z,Not applicable,_Z,Not applicable,_T,Total,USD_EXC,"US dollars, exchange rate converted",V,Current prices,N,Non transformed data,T0102,Table 0102 - GDP identity from the expenditure side,1997,,129491.513,,,,F,Free (free for publication),1,One,A,Normal value,6,Millions,_Z,Not applicable
DATAFLOW,OECD.SDD.NAD:DSD_NAMAIN10@DF_TABLE1_EXPENDITURE(2.0),Annual GDP and components - expenditure approach,I,A,Annual,SWE,Sweden,S1M,Households and non-profit institutions serving households (NPISH),S1,Total economy,P3,Final consumption expenditure,_Z,Not applicable,_Z,Not applicable,_T,Total,USD_EXC,"US dollars, exchange rate converted",V,Current prices,N,Non transformed data,T0102,Table 0102 - GDP identity from the expenditure side,1996,,140909.816,,,,F,Free (free for publication),1,One,A,Normal value,6,Millions,_Z,Not applicable
DATAFLOW,OECD.SDD.NAD:DSD_NAMAIN10@DF_TABLE1_EXPENDITURE(2.0),Annual GDP and components - expenditure approach,I,A,Annual,SWE,Sweden,S1M,Households and non-profit institutions serving households (NPISH),S1,Total economy,P3,Final consumption expenditure,_Z,Not applicable,_Z,Not applicable,_T,Total,USD_EXC,"US dollars, exchange rate converted",V,Current prices,N,Non transformed data,T0102,Table 0102 - GDP identity from the expenditure side,1995,,128354.067,,,,F,Free (free for publication),1,One,A,Normal value,6,Millions,_Z,Not applicable
DATAFLOW,OECD.SDD.NAD:DSD_NAMAIN10@DF_TABLE1_EXPENDITURE(2.0),Annual GDP and components - expenditure approach,I,A,Annual,SWE,Sweden,S1M,Households and non-profit institutions serving households (NPISH),S1,Total economy,P3,Final consumption expenditure,_Z,Not applicable,_Z,Not applicable,_T,Total,USD_EXC,"US dollars, exchange rate converted",V,Current prices,N,Non transformed data,T0102,Table 0102 - GDP identity from the expenditure side,2016,,240001.635,,,,F,Free (free for publication),1,One,A,Normal value,6,Millions,_Z,Not applicable
DATAFLOW,OECD.SDD.NAD:DSD_NAMAIN10@DF_TABLE1_EXPENDITURE(2.0),Annual GDP and components - expenditure approach,I,A,Annual,SWE,Sweden,S1M,Households and non-profit institutions serving households (NPISH),S1,Total economy,P3,Final consumption expenditure,_Z,Not applicable,_Z,Not applicable,_T,Total,USD_EXC,"US dollars, exchange rate converted",V,Current prices,N,Non transformed data,T0102,Table 0102 - GDP identity from the expenditure side,2015,,236109.375,,,,F,Free (free for publication),1,One,A,Normal value,6,Millions,_Z,Not applicable
DATAFLOW,OECD.SDD.NAD:DSD_NAMAIN10@DF_TABLE1_EXPENDITURE(2.0),Annual GDP and components - expenditure approach,I,A,Annual,SWE,Sweden,S1M,Households and non-profit institutions serving households (NPISH),S1,Total economy,P3,Final consumption expenditure,_Z,Not applicable,_Z,Not applicable,_T,Total,USD_EXC,"US dollars, exchange rate converted",V,Current prices,N,Non transformed data,T0102,Table 0102 - GDP identity from the expenditure side,2014,,275785.205,,,,F,Free (free for publication),1,One,A,Normal value,6,Millions,_Z,Not applicable
DATAFLOW,OECD.SDD.NAD:DSD_NAMAIN10@DF_TABLE1_EXPENDITURE(2.0),Annual GDP and components - expenditure approach,I,A,Annual,SWE,Sweden,S1M,Households and non-profit institutions serving households (NPISH),S1,Total economy,P3,Final consumption expenditure,_Z,Not applicable,_Z,Not applicable,_T,Total,USD_EXC,"US dollars, exchange rate converted",V,Current prices,N,Non transformed data,T0102,Table 0102 - GDP identity from the expenditure side,2013,,279964.988,,,,F,Free (free for publication),1,One,A,Normal value,6,Millions,_Z,Not applicable
DATAFLOW,OECD.SDD.NAD:DSD_NAMAIN10@DF_TABLE1_EXPENDITURE(2.0),Annual GDP and components - expenditure approach,I,A,Annual,SWE,Sweden,S1M,Households and non-profit institutions serving households (NPISH),S1,Total economy,P3,Final consumption expenditure,_Z,Not applicable,_Z,Not applicable,_T,Total,USD_EXC,"US dollars, exchange rate converted",V,Current prices,N,Non transformed data,T0102,Table 0102 - GDP identity from the expenditure side,2012,,262839.533,,,,F,Free (free for publication),1,One,A,Normal value,6,Millions,_Z,Not applicable
DATAFLOW,OECD.SDD.NAD:DSD_NAMAIN10@DF_TABLE1_EXPENDITURE(2.0),Annual GDP and components - expenditure approach,I,A,Annual,SWE,Sweden,S1M,Households and non-profit institutions serving households (NPISH),S1,Total economy,P3,Final consumption expenditure,_Z,Not applicable,_Z,Not applicable,_T,Total,USD_EXC,"US dollars, exchange rate converted",V,Current prices,N,Non transformed data,T0102,Table 0102 - GDP identity from the expenditure side,2011,,269844.661,,,,F,Free (free for publication),1,One,A,Normal value,6,Millions,_Z,Not applicable
DATAFLOW,OECD.SDD.NAD:DSD_NAMAIN10@DF_TABLE1_EXPENDITURE(2.0),Annual GDP and components - expenditure approach,I,A,Annual,SWE,Sweden,S1M,Households and non-profit institutions serving households (NPISH),S1,Total economy,P3,Final consumption expenditure,_Z,Not applicable,_Z,Not applicable,_T,Total,USD_EXC,"US dollars, exchange rate converted",V,Current prices,N,Non transformed data,T0102,Table 0102 - GDP identity from the expenditure side,2010,,235421.618,,,,F,Free (free for publication),1,One,A,Normal value,6,Millions,_Z,Not applicable
DATAFLOW,OECD.SDD.NAD:DSD_NAMAIN10@DF_TABLE1_EXPENDITURE(2.0),Annual GDP and components - expenditure approach,I,A,Annual,SWE,Sweden,S1M,Households and non-profit institutions serving households (NPISH),S1,Total economy,P3,Final consumption expenditure,_Z,Not applicable,_Z,Not applicable,_T,Total,USD_EXC,"US dollars, exchange rate converted",V,Current prices,N,Non transformed data,T0102,Table 0102 - GDP identity from the expenditure side,2009,,210652.481,,,,F,Free (free for publication),1,One,A,Normal value,6,Millions,_Z,Not applicable
DATAFLOW,OECD.SDD.NAD:DSD_NAMAIN10@DF_TABLE1_EXPENDITURE(2.0),Annual GDP and components - expenditure approach,I,A,Annual,SWE,Sweden,S1M,Households and non-profit institutions serving households (NPISH),S1,Total economy,P3,Final consumption expenditure,_Z,Not applicable,_Z,Not applicable,_T,Total,USD_EXC,"US dollars, exchange rate converted",V,Current prices,N,Non transformed data,T0102,Table 0102 - GDP identity from the expenditure side,2008,,237175.767,,,,F,Free (free for publication),1,One,A,Normal value,6,Millions,_Z,Not applicable
DATAFLOW,OECD.SDD.NAD:DSD_NAMAIN10@DF_TABLE1_EXPENDITURE(2.0),Annual GDP and components - expenditure approach,I,A,Annual,SWE,Sweden,S1M,Households and non-profit institutions serving households (NPISH),S1,Total economy,P3,Final consumption expenditure,_Z,Not applicable,_Z,Not applicable,_T,Total,USD_EXC,"US dollars, exchange rate converted",V,Current prices,N,Non transformed data,T0102,Table 0102 - GDP identity from the expenditure side,2007,,224776.845,,,,F,Free (free for publication),1,One,A,Normal value,6,Millions,_Z,Not applicable
DATAFLOW,OECD.SDD.NAD:DSD_NAMAIN10@DF_TABLE1_EXPENDITURE(2.0),Annual GDP and components - expenditure approach,I,A,Annual,SWE,Sweden,S1M,Households and non-profit institutions serving households (NPISH),S1,Total economy,P3,Final consumption expenditure,_Z,Not applicable,_Z,Not applicable,_T,Total,USD_EXC,"US dollars, exchange rate converted",V,Current prices,N,Non transformed data,T0102,Table 0102 - GDP identity from the expenditure side,2020,,244441.31,,,,F,Free (free for publication),1,One,A,Normal value,6,Millions,_Z,Not applicable
DATAFLOW,OECD.SDD.NAD:DSD_NAMAIN10@DF_TABLE1_EXPENDITURE(2.0),Annual GDP and components - expenditure approach,I,A,Annual,SWE,Sweden,S1M,Households and non-profit institutions serving households (NPISH),S1,Total economy,P3,Final consumption expenditure,_Z,Not applicable,_Z,Not applicable,_T,Total,USD_EXC,"US dollars, exchange rate converted",V,Current prices,N,Non transformed data,T0102,Table 0102 - GDP identity from the expenditure side,2019,,243492.914,,,,F,Free (free for publication),1,One,A,Normal value,6,Millions,_Z,Not applicable
DATAFLOW,OECD.SDD.NAD:DSD_NAMAIN10@DF_TABLE1_EXPENDITURE(2.0),Annual GDP and components - expenditure approach,I,A,Annual,SWE,Sweden,S1M,Households and non-profit institutions serving households (NPISH),S1,Total economy,P3,Final consumption expenditure,_Z,Not applicable,_Z,Not applicable,_T,Total,USD_EXC,"US dollars, exchange rate converted",V,Current prices,N,Non transformed data,T0102,Table 0102 - GDP identity from the expenditure side,2018,,257618.554,,,,F,Free (free for publication),1,One,A,Normal value,6,Millions,_Z,Not applicable
DATAFLOW,OECD.SDD.NAD:DSD_NAMAIN10@DF_TABLE1_EXPENDITURE(2.0),Annual GDP and components - expenditure approach,I,A,Annual,SWE,Sweden,S1M,Households and non-profit institutions serving households (NPISH),S1,Total economy,P3,Final consumption expenditure,_Z,Not applicable,_Z,Not applicable,_T,Total,USD_EXC,"US dollars, exchange rate converted",V,Current prices,N,Non transformed data,T0102,Table 0102 - GDP identity from the expenditure side,2017,,250595.961,,,,F,Free (free for publication),1,One,A,Normal value,6,Millions,_Z,Not applicable
DATAFLOW,OECD.SDD.NAD:DSD_NAMAIN10@DF_TABLE1_EXPENDITURE(2.0),Annual GDP and components - expenditure approach,I,A,Annual,SWE,Sweden,S1M,Households and non-profit institutions serving households (NPISH),S1,Total economy,P3,Final consumption expenditure,_Z,Not applicable,_Z,Not applicable,_T,Total,USD_EXC,"US dollars, exchange rate converted",V,Current prices,N,Non transformed data,T0102,Table 0102 - GDP identity from the expenditure side,2006,,194728.176,,,,F,Free (free for publication),1,One,A,Normal value,6,Millions,_Z,Not applicable
DATAFLOW,OECD.SDD.NAD:DSD_NAMAIN10@DF_TABLE1_EXPENDITURE(2.0),Annual GDP and components - expenditure approach,I,A,Annual,ZAF,South Africa,S1M,Households and non-profit institutions serving households (NPISH),S1,Total economy,P3,Final consumption expenditure,_Z,Not applicable,_Z,Not applicable,_T,Total,USD_EXC,"US dollars, exchange rate converted",V,Current prices,N,Non transformed data,T0102,Table 0102 - GDP identity from the expenditure side,2011,,288357.657,,,,F,Free (free for publication),1,One,A,Normal value,6,Millions,_Z,Not applicable
DATAFLOW,OECD.SDD.NAD:DSD_NAMAIN10@DF_TABLE1_EXPENDITURE(2.0),Annual GDP and components - expenditure approach,I,A,Annual,ZAF,South Africa,S1M,Households and non-profit institutions serving households (NPISH),S1,Total economy,P3,Final consumption expenditure,_Z,Not applicable,_Z,Not applicable,_T,Total,USD_EXC,"US dollars, exchange rate converted",V,Current prices,N,Non transformed data,T0102,Table 0102 - GDP identity from the expenditure side,1999,,100072.48,,,,F,Free (free for publication),1,One,A,Normal value,6,Millions,_Z,Not applicable
DATAFLOW,OECD.SDD.NAD:DSD_NAMAIN10@DF_TABLE1_EXPENDITURE(2.0),Annual GDP and components - expenditure approach,I,A,Annual,ZAF,South Africa,S1M,Households and non-profit institutions serving households (NPISH),S1,Total economy,P3,Final consumption expenditure,_Z,Not applicable,_Z,Not applicable,_T,Total,USD_EXC,"US dollars, exchange rate converted",V,Current prices,N,Non transformed data,T0102,Table 0102 - GDP identity from the expenditure side,1996,,105351.376,,,,F,Free (free for publication),1,One,A,Normal value,6,Millions,_Z,Not applicable
DATAFLOW,OECD.SDD.NAD:DSD_NAMAIN10@DF_TABLE1_EXPENDITURE(2.0),Annual GDP and components - expenditure approach,I,A,Annual,ZAF,South Africa,S1M,Households and non-profit institutions serving households (NPISH),S1,Total economy,P3,Final consumption expenditure,_Z,Not applicable,_Z,Not applicable,_T,Total,USD_EXC,"US dollars, exchange rate converted",V,Current prices,N,Non transformed data,T0102,Table 0102 - GDP identity from the expenditure side,2015,,220646.259,,,,F,Free (free for publication),1,One,A,Normal value,6,Millions,_Z,Not applicable
DATAFLOW,OECD.SDD.NAD:DSD_NAMAIN10@DF_TABLE1_EXPENDITURE(2.0),Annual GDP and components - expenditure approach,I,A,Annual,ZAF,South Africa,S1M,Households and non-profit institutions serving households (NPISH),S1,Total economy,P3,Final consumption expenditure,_Z,Not applicable,_Z,Not applicable,_T,Total,USD_EXC,"US dollars, exchange rate converted",V,Current prices,N,Non transformed data,T0102,Table 0102 - GDP identity from the expenditure side,2014,,242624.91,,,,F,Free (free for publication),1,One,A,Normal value,6,Millions,_Z,Not applicable
DATAFLOW,OECD.SDD.NAD:DSD_NAMAIN10@DF_TABLE1_EXPENDITURE(2.0),Annual GDP and components - expenditure approach,I,A,Annual,ZAF,South Africa,S1M,Households and non-profit institutions serving households (NPISH),S1,Total economy,P3,Final consumption expenditure,_Z,Not applicable,_Z,Not applicable,_T,Total,USD_EXC,"US dollars, exchange rate converted",V,Current prices,N,Non transformed data,T0102,Table 0102 - GDP identity from the expenditure side,2013,,255902.425,,,,F,Free (free for publication),1,One,A,Normal value,6,Millions,_Z,Not applicable
DATAFLOW,OECD.SDD.NAD:DSD_NAMAIN10@DF_TABLE1_EXPENDITURE(2.0),Annual GDP and components - expenditure approach,I,A,Annual,ZAF,South Africa,S1M,Households and non-profit institutions serving households (NPISH),S1,Total economy,P3,Final consumption expenditure,_Z,Not applicable,_Z,Not applicable,_T,Total,USD_EXC,"US dollars, exchange rate converted",V,Current prices,N,Non transformed data,T0102,Table 0102 - GDP identity from the expenditure side,2012,,279323.849,,,,F,Free (free for publication),1,One,A,Normal value,6,Millions,_Z,Not applicable
DATAFLOW,OECD.SDD.NAD:DSD_NAMAIN10@DF_TABLE1_EXPENDITURE(2.0),Annual GDP and components - expenditure approach,I,A,Annual,ZAF,South Africa,S1M,Households and non-profit institutions serving households (NPISH),S1,Total economy,P3,Final consumption expenditure,_Z,Not applicable,_Z,Not applicable,_T,Total,USD_EXC,"US dollars, exchange rate converted",V,Current prices,N,Non transformed data,T0102,Table 0102 - GDP identity from the expenditure side,2002,,80914.208,,,,F,Free (free for publication),1,One,A,Normal value,6,Millions,_Z,Not applicable
DATAFLOW,OECD.SDD.NAD:DSD_NAMAIN10@DF_TABLE1_EXPENDITURE(2.0),Annual GDP and components - expenditure approach,I,A,Annual,ZAF,South Africa,S1M,Households and non-profit institutions serving households (NPISH),S1,Total economy,P3,Final consumption expenditure,_Z,Not applicable,_Z,Not applicable,_T,Total,USD_EXC,"US dollars, exchange rate converted",V,Current prices,N,Non transformed data,T0102,Table 0102 - GDP identity from the expenditure side,2001,,88453.781,,,,F,Free (free for publication),1,One,A,Normal value,6,Millions,_Z,Not applicable
DATAFLOW,OECD.SDD.NAD:DSD_NAMAIN10@DF_TABLE1_EXPENDITURE(2.0),Annual GDP and components - expenditure approach,I,A,Annual,ZAF,South Africa,S1M,Households and non-profit institutions serving households (NPISH),S1,Total economy,P3,Final consumption expenditure,_Z,Not applicable,_Z,Not applicable,_T,Total,USD_EXC,"US dollars, exchange rate converted",V,Current prices,N,Non transformed data,T0102,Table 0102 - GDP identity from the expenditure side,2000,,99585.994,,,,F,Free (free for publication),1,One,A,Normal value,6,Millions,_Z,Not applicable
DATAFLOW,OECD.SDD.NAD:DSD_NAMAIN10@DF_TABLE1_EXPENDITURE(2.0),Annual GDP and components - expenditure approach,I,A,Annual,ZAF,South Africa,S1M,Households and non-profit institutions serving households (NPISH),S1,Total economy,P3,Final consumption expenditure,_Z,Not applicable,_Z,Not applicable,_T,Total,USD_EXC,"US dollars, exchange rate converted",V,Current prices,N,Non transformed data,T0102,Table 0102 - GDP identity from the expenditure side,2007,,211397.379,,,,F,Free (free for publication),1,One,A,Normal value,6,Millions,_Z,Not applicable
DATAFLOW,OECD.SDD.NAD:DSD_NAMAIN10@DF_TABLE1_EXPENDITURE(2.0),Annual GDP and components - expenditure approach,I,A,Annual,ZAF,South Africa,S1M,Households and non-profit institutions serving households (NPISH),S1,Total economy,P3,Final consumption expenditure,_Z,Not applicable,_Z,Not applicable,_T,Total,USD_EXC,"US dollars, exchange rate converted",V,Current prices,N,Non transformed data,T0102,Table 0102 - GDP identity from the expenditure side,2006,,193148.077,,,,F,Free (free for publication),1,One,A,Normal value,6,Millions,_Z,Not applicable
DATAFLOW,OECD.SDD.NAD:DSD_NAMAIN10@DF_TABLE1_EXPENDITURE(2.0),Annual GDP and components - expenditure approach,I,A,Annual,ZAF,South Africa,S1M,Households and non-profit institutions serving households (NPISH),S1,Total economy,P3,Final consumption expenditure,_Z,Not applicable,_Z,Not applicable,_T,Total,USD_EXC,"US dollars, exchange rate converted",V,Current prices,N,Non transformed data,T0102,Table 0102 - GDP identity from the expenditure side,2005,,183699.694,,,,F,Free (free for publication),1,One,A,Normal value,6,Millions,_Z,Not applicable
DATAFLOW,OECD.SDD.NAD:DSD_NAMAIN10@DF_TABLE1_EXPENDITURE(2.0),Annual GDP and components - expenditure approach,I,A,Annual,ZAF,South Africa,S1M,Households and non-profit institutions serving households (NPISH),S1,Total economy,P3,Final consumption expenditure,_Z,Not applicable,_Z,Not applicable,_T,Total,USD_EXC,"US dollars, exchange rate converted",V,Current prices,N,Non transformed data,T0102,Table 0102 - GDP identity from the expenditure side,2004,,162872.283,,,,F,Free (free for publication),1,One,A,Normal value,6,Millions,_Z,Not applicable
DATAFLOW,OECD.SDD.NAD:DSD_NAMAIN10@DF_TABLE1_EXPENDITURE(2.0),Annual GDP and components - expenditure approach,I,A,Annual,ZAF,South Africa,S1M,Households and non-profit institutions serving households (NPISH),S1,Total economy,P3,Final consumption expenditure,_Z,Not applicable,_Z,Not applicable,_T,Total,USD_EXC,"US dollars, exchange rate converted",V,Current prices,N,Non transformed data,T0102,Table 0102 - GDP identity from the expenditure side,2003,,121960.707,,,,F,Free (free for publication),1,One,A,Normal value,6,Millions,_Z,Not applicable
DATAFLOW,OECD.SDD.NAD:DSD_NAMAIN10@DF_TABLE1_EXPENDITURE(2.0),Annual GDP and components - expenditure approach,I,A,Annual,ZAF,South Africa,S1M,Households and non-profit institutions serving households (NPISH),S1,Total economy,P3,Final consumption expenditure,_Z,Not applicable,_Z,Not applicable,_T,Total,USD_EXC,"US dollars, exchange rate converted",V,Current prices,N,Non transformed data,T0102,Table 0102 - GDP identity from the expenditure side,2020,,211713.912,,,,F,Free (free for publication),1,One,A,Normal value,6,Millions,_Z,Not applicable
DATAFLOW,OECD.SDD.NAD:DSD_NAMAIN10@DF_TABLE1_EXPENDITURE(2.0),Annual GDP and components - expenditure approach,I,A,Annual,ZAF,South Africa,S1M,Households and non-profit institutions serving households (NPISH),S1,Total economy,P3,Final consumption expenditure,_Z,Not applicable,_Z,Not applicable,_T,Total,USD_EXC,"US dollars, exchange rate converted",V,Current prices,N,Non transformed data,T0102,Table 0102 - GDP identity from the expenditure side,2019,,249532.768,,,,F,Free (free for publication),1,One,A,Normal value,6,Millions,_Z,Not applicable
DATAFLOW,OECD.SDD.NAD:DSD_NAMAIN10@DF_TABLE1_EXPENDITURE(2.0),Annual GDP and components - expenditure approach,I,A,Annual,ZAF,South Africa,S1M,Households and non-profit institutions serving households (NPISH),S1,Total economy,P3,Final consumption expenditure,_Z,Not applicable,_Z,Not applicable,_T,Total,USD_EXC,"US dollars, exchange rate converted",V,Current prices,N,Non transformed data,T0102,Table 0102 - GDP identity from the expenditure side,2018,,259239.854,,,,F,Free (free for publication),1,One,A,Normal value,6,Millions,_Z,Not applicable
DATAFLOW,OECD.SDD.NAD:DSD_NAMAIN10@DF_TABLE1_EXPENDITURE(2.0),Annual GDP and components - expenditure approach,I,A,Annual,ZAF,South Africa,S1M,Households and non-profit institutions serving households (NPISH),S1,Total economy,P3,Final consumption expenditure,_Z,Not applicable,_Z,Not applicable,_T,Total,USD_EXC,"US dollars, exchange rate converted",V,Current prices,N,Non transformed data,T0102,Table 0102 - GDP identity from the expenditure side,2017,,240150.322,,,,F,Free (free for publication),1,One,A,Normal value,6,Millions,_Z,Not applicable
DATAFLOW,OECD.SDD.NAD:DSD_NAMAIN10@DF_TABLE1_EXPENDITURE(2.0),Annual GDP and components - expenditure approach,I,A,Annual,ZAF,South Africa,S1M,Households and non-profit institutions serving households (NPISH),S1,Total economy,P3,Final consumption expenditure,_Z,Not applicable,_Z,Not applicable,_T,Total,USD_EXC,"US dollars, exchange rate converted",V,Current prices,N,Non transformed data,T0102,Table 0102 - GDP identity from the expenditure side,2016,,204757.081,,,,F,Free (free for publication),1,One,A,Normal value,6,Millions,_Z,Not applicable
DATAFLOW,OECD.SDD.NAD:DSD_NAMAIN10@DF_TABLE1_EXPENDITURE(2.0),Annual GDP and components - expenditure approach,I,A,Annual,ZAF,South Africa,S1M,Households and non-profit institutions serving households (NPISH),S1,Total economy,P3,Final consumption expenditure,_Z,Not applicable,_Z,Not applicable,_T,Total,USD_EXC,"US dollars, exchange rate converted",V,Current prices,N,Non transformed data,T0102,Table 0102 - GDP identity from the expenditure side,1998,,100319.041,,,,F,Free (free for publication),1,One,A,Normal value,6,Millions,_Z,Not applicable
DATAFLOW,OECD.SDD.NAD:DSD_NAMAIN10@DF_TABLE1_EXPENDITURE(2.0),Annual GDP and components - expenditure approach,I,A,Annual,MEX,Mexico,S1M,Households and non-profit institutions serving households (NPISH),S1,Total economy,P3,Final consumption expenditure,_Z,Not applicable,_Z,Not applicable,_T,Total,USD_EXC,"US dollars, exchange rate converted",V,Current prices,N,Non transformed data,T0102,Table 0102 - GDP identity from the expenditure side,2006,,706781.305,,,,F,Free (free for publication),1,One,A,Normal value,6,Millions,_Z,Not applicable
DATAFLOW,OECD.SDD.NAD:DSD_NAMAIN10@DF_TABLE1_EXPENDITURE(2.0),Annual GDP and components - expenditure approach,I,A,Annual,MEX,Mexico,S1M,Households and non-profit institutions serving households (NPISH),S1,Total economy,P3,Final consumption expenditure,_Z,Not applicable,_Z,Not applicable,_T,Total,USD_EXC,"US dollars, exchange rate converted",V,Current prices,N,Non transformed data,T0102,Table 0102 - GDP identity from the expenditure side,2005,,653556.571,,,,F,Free (free for publication),1,One,A,Normal value,6,Millions,_Z,Not applicable
DATAFLOW,OECD.SDD.NAD:DSD_NAMAIN10@DF_TABLE1_EXPENDITURE(2.0),Annual GDP and components - expenditure approach,I,A,Annual,MEX,Mexico,S1M,Households and non-profit institutions serving households (NPISH),S1,Total economy,P3,Final consumption expenditure,_Z,Not applicable,_Z,Not applicable,_T,Total,USD_EXC,"US dollars, exchange rate converted",V,Current prices,N,Non transformed data,T0102,Table 0102 - GDP identity from the expenditure side,2018,,846633.409,,,,F,Free (free for publication),1,One,A,Normal value,6,Millions,_Z,Not applicable
DATAFLOW,OECD.SDD.NAD:DSD_NAMAIN10@DF_TABLE1_EXPENDITURE(2.0),Annual GDP and components - expenditure approach,I,A,Annual,MEX,Mexico,S1M,Households and non-profit institutions serving households (NPISH),S1,Total economy,P3,Final consumption expenditure,_Z,Not applicable,_Z,Not applicable,_T,Total,USD_EXC,"US dollars, exchange rate converted",V,Current prices,N,Non transformed data,T0102,Table 0102 - GDP identity from the expenditure side,2017,,812497.154,,,,F,Free (free for publication),1,One,A,Normal value,6,Millions,_Z,Not applicable
DATAFLOW,OECD.SDD.NAD:DSD_NAMAIN10@DF_TABLE1_EXPENDITURE(2.0),Annual GDP and components - expenditure approach,I,A,Annual,MEX,Mexico,S1M,Households and non-profit institutions serving households (NPISH),S1,Total economy,P3,Final consumption expenditure,_Z,Not applicable,_Z,Not applicable,_T,Total,USD_EXC,"US dollars, exchange rate converted",V,Current prices,N,Non transformed data,T0102,Table 0102 - GDP identity from the expenditure side,2016,,766668.936,,,,F,Free (free for publication),1,One,A,Normal value,6,Millions,_Z,Not applicable
DATAFLOW,OECD.SDD.NAD:DSD_NAMAIN10@DF_TABLE1_EXPENDITURE(2.0),Annual GDP and components - expenditure approach,I,A,Annual,MEX,Mexico,S1M,Households and non-profit institutions serving households (NPISH),S1,Total economy,P3,Final consumption expenditure,_Z,Not applicable,_Z,Not applicable,_T,Total,USD_EXC,"US dollars, exchange rate converted",V,Current prices,N,Non transformed data,T0102,Table 0102 - GDP identity from the expenditure side,2015,,838984.093,,,,F,Free (free for publication),1,One,A,Normal value,6,Millions,_Z,Not applicable
DATAFLOW,OECD.SDD.NAD:DSD_NAMAIN10@DF_TABLE1_EXPENDITURE(2.0),Annual GDP and components - expenditure approach,I,A,Annual,MEX,Mexico,S1M,Households and non-profit institutions serving households (NPISH),S1,Total economy,P3,Final consumption expenditure,_Z,Not applicable,_Z,Not applicable,_T,Total,USD_EXC,"US dollars, exchange rate converted",V,Current prices,N,Non transformed data,T0102,Table 0102 - GDP identity from the expenditure side,2004,,572956.704,,,,F,Free (free for publication),1,One,A,Normal value,6,Millions,_Z,Not applicable
DATAFLOW,OECD.SDD.NAD:DSD_NAMAIN10@DF_TABLE1_EXPENDITURE(2.0),Annual GDP and components - expenditure approach,I,A,Annual,COL,Colombia,S1M,Households and non-profit institutions serving households (NPISH),S1,Total economy,P3,Final consumption expenditure,_Z,Not applicable,_Z,Not applicable,_T,Total,USD_EXC,"US dollars, exchange rate converted",V,Current prices,N,Non transformed data,T0102,Table 0102 - GDP identity from the expenditure side,1999,,69397.251,,,,F,Free (free for publication),1,One,E,Estimated value,6,Millions,_Z,Not applicable
DATAFLOW,OECD.SDD.NAD:DSD_NAMAIN10@DF_TABLE1_EXPENDITURE(2.0),Annual GDP and components - expenditure approach,I,A,Annual,COL,Colombia,S1M,Households and non-profit institutions serving households (NPISH),S1,Total economy,P3,Final consumption expenditure,_Z,Not applicable,_Z,Not applicable,_T,Total,USD_EXC,"US dollars, exchange rate converted",V,Current prices,N,Non transformed data,T0102,Table 0102 - GDP identity from the expenditure side,2000,,66585.534,,,,F,Free (free for publication),1,One,E,Estimated value,6,Millions,_Z,Not applicable
DATAFLOW,OECD.SDD.NAD:DSD_NAMAIN10@DF_TABLE1_EXPENDITURE(2.0),Annual GDP and components - expenditure approach,I,A,Annual,COL,Colombia,S1M,Households and non-profit institutions serving households (NPISH),S1,Total economy,P3,Final consumption expenditure,_Z,Not applicable,_Z,Not applicable,_T,Total,USD_EXC,"US dollars, exchange rate converted",V,Current prices,N,Non transformed data,T0102,Table 0102 - GDP identity from the expenditure side,2001,,67093.283,,,,F,Free (free for publication),1,One,E,Estimated value,6,Millions,_Z,Not applicable
DATAFLOW,OECD.SDD.NAD:DSD_NAMAIN10@DF_TABLE1_EXPENDITURE(2.0),Annual GDP and components - expenditure approach,I,A,Annual,COL,Colombia,S1M,Households and non-profit institutions serving households (NPISH),S1,Total economy,P3,Final consumption expenditure,_Z,Not applicable,_Z,Not applicable,_T,Total,USD_EXC,"US dollars, exchange rate converted",V,Current prices,N,Non transformed data,T0102,Table 0102 - GDP identity from the expenditure side,2002,,67729.802,,,,F,Free (free for publication),1,One,E,Estimated value,6,Millions,_Z,Not applicable
DATAFLOW,OECD.SDD.NAD:DSD_NAMAIN10@DF_TABLE1_EXPENDITURE(2.0),Annual GDP and components - expenditure approach,I,A,Annual,COL,Colombia,S1M,Households and non-profit institutions serving households (NPISH),S1,Total economy,P3,Final consumption expenditure,_Z,Not applicable,_Z,Not applicable,_T,Total,USD_EXC,"US dollars, exchange rate converted",V,Current prices,N,Non transformed data,T0102,Table 0102 - GDP identity from the expenditure side,2003,,65549.571,,,,F,Free (free for publication),1,One,E,Estimated value,6,Millions,_Z,Not applicable
DATAFLOW,OECD.SDD.NAD:DSD_NAMAIN10@DF_TABLE1_EXPENDITURE(2.0),Annual GDP and components - expenditure approach,I,A,Annual,COL,Colombia,S1M,Households and non-profit institutions serving households (NPISH),S1,Total economy,P3,Final consumption expenditure,_Z,Not applicable,_Z,Not applicable,_T,Total,USD_EXC,"US dollars, exchange rate converted",V,Current prices,N,Non transformed data,T0102,Table 0102 - GDP identity from the expenditure side,2004,,79057.776,,,,F,Free (free for publication),1,One,E,Estimated value,6,Millions,_Z,Not applicable
DATAFLOW,OECD.SDD.NAD:DSD_NAMAIN10@DF_TABLE1_EXPENDITURE(2.0),Annual GDP and components - expenditure approach,I,A,Annual,COL,Colombia,S1M,Households and non-profit institutions serving households (NPISH),S1,Total economy,P3,Final consumption expenditure,_Z,Not applicable,_Z,Not applicable,_T,Total,USD_EXC,"US dollars, exchange rate converted",V,Current prices,N,Non transformed data,T0102,Table 0102 - GDP identity from the expenditure side,1995,,64286.087,,,,F,Free (free for publication),1,One,E,Estimated value,6,Millions,_Z,Not applicable
DATAFLOW,OECD.SDD.NAD:DSD_NAMAIN10@DF_TABLE1_EXPENDITURE(2.0),Annual GDP and components - expenditure approach,I,A,Annual,COL,Colombia,S1M,Households and non-profit institutions serving households (NPISH),S1,Total economy,P3,Final consumption expenditure,_Z,Not applicable,_Z,Not applicable,_T,Total,USD_EXC,"US dollars, exchange rate converted",V,Current prices,N,Non transformed data,T0102,Table 0102 - GDP identity from the expenditure side,1996,,71117.611,,,,F,Free (free for publication),1,One,E,Estimated value,6,Millions,_Z,Not applicable
DATAFLOW,OECD.SDD.NAD:DSD_NAMAIN10@DF_TABLE1_EXPENDITURE(2.0),Annual GDP and components - expenditure approach,I,A,Annual,COL,Colombia,S1M,Households and non-profit institutions serving households (NPISH),S1,Total economy,P3,Final consumption expenditure,_Z,Not applicable,_Z,Not applicable,_T,Total,USD_EXC,"US dollars, exchange rate converted",V,Current prices,N,Non transformed data,T0102,Table 0102 - GDP identity from the expenditure side,1997,,80691.683,,,,F,Free (free for publication),1,One,E,Estimated value,6,Millions,_Z,Not applicable
DATAFLOW,OECD.SDD.NAD:DSD_NAMAIN10@DF_TABLE1_EXPENDITURE(2.0),Annual GDP and components - expenditure approach,I,A,Annual,COL,Colombia,S1M,Households and non-profit institutions serving households (NPISH),S1,Total economy,P3,Final consumption expenditure,_Z,Not applicable,_Z,Not applicable,_T,Total,USD_EXC,"US dollars, exchange rate converted",V,Current prices,N,Non transformed data,T0102,Table 0102 - GDP identity from the expenditure side,1998,,76855.357,,,,F,Free (free for publication),1,One,E,Estimated value,6,Millions,_Z,Not applicable
DATAFLOW,OECD.SDD.NAD:DSD_NAMAIN10@DF_TABLE1_EXPENDITURE(2.0),Annual GDP and components - expenditure approach,I,A,Annual,COL,Colombia,S1M,Households and non-profit institutions serving households (NPISH),S1,Total economy,P3,Final consumption expenditure,_Z,Not applicable,_Z,Not applicable,_T,Total,USD_EXC,"US dollars, exchange rate converted",V,Current prices,N,Non transformed data,T0102,Table 0102 - GDP identity from the expenditure side,2008,,160255.453,,,,F,Free (free for publication),1,One,A,Normal value,6,Millions,_Z,Not applicable
DATAFLOW,OECD.SDD.NAD:DSD_NAMAIN10@DF_TABLE1_EXPENDITURE(2.0),Annual GDP and components - expenditure approach,I,A,Annual,COL,Colombia,S1M,Households and non-profit institutions serving households (NPISH),S1,Total economy,P3,Final consumption expenditure,_Z,Not applicable,_Z,Not applicable,_T,Total,USD_EXC,"US dollars, exchange rate converted",V,Current prices,N,Non transformed data,T0102,Table 0102 - GDP identity from the expenditure side,2010,,188899.669,,,,F,Free (free for publication),1,One,A,Normal value,6,Millions,_Z,Not applicable
DATAFLOW,OECD.SDD.NAD:DSD_NAMAIN10@DF_TABLE1_EXPENDITURE(2.0),Annual GDP and components - expenditure approach,I,A,Annual,COL,Colombia,S1M,Households and non-profit institutions serving households (NPISH),S1,Total economy,P3,Final consumption expenditure,_Z,Not applicable,_Z,Not applicable,_T,Total,USD_EXC,"US dollars, exchange rate converted",V,Current prices,N,Non transformed data,T0102,Table 0102 - GDP identity from the expenditure side,2011,,216296.209,,,,F,Free (free for publication),1,One,A,Normal value,6,Millions,_Z,Not applicable
DATAFLOW,OECD.SDD.NAD:DSD_NAMAIN10@DF_TABLE1_EXPENDITURE(2.0),Annual GDP and components - expenditure approach,I,A,Annual,COL,Colombia,S1M,Households and non-profit institutions serving households (NPISH),S1,Total economy,P3,Final consumption expenditure,_Z,Not applicable,_Z,Not applicable,_T,Total,USD_EXC,"US dollars, exchange rate converted",V,Current prices,N,Non transformed data,T0102,Table 0102 - GDP identity from the expenditure side,2012,,243294.306,,,,F,Free (free for publication),1,One,A,Normal value,6,Millions,_Z,Not applicable
DATAFLOW,OECD.SDD.NAD:DSD_NAMAIN10@DF_TABLE1_EXPENDITURE(2.0),Annual GDP and components - expenditure approach,I,A,Annual,COL,Colombia,S1M,Households and non-profit institutions serving households (NPISH),S1,Total economy,P3,Final consumption expenditure,_Z,Not applicable,_Z,Not applicable,_T,Total,USD_EXC,"US dollars, exchange rate converted",V,Current prices,N,Non transformed data,T0102,Table 0102 - GDP identity from the expenditure side,2013,,250400.905,,,,F,Free (free for publication),1,One,A,Normal value,6,Millions,_Z,Not applicable
DATAFLOW,OECD.SDD.NAD:DSD_NAMAIN10@DF_TABLE1_EXPENDITURE(2.0),Annual GDP and components - expenditure approach,I,A,Annual,COL,Colombia,S1M,Households and non-profit institutions serving households (NPISH),S1,Total economy,P3,Final consumption expenditure,_Z,Not applicable,_Z,Not applicable,_T,Total,USD_EXC,"US dollars, exchange rate converted",V,Current prices,N,Non transformed data,T0102,Table 0102 - GDP identity from the expenditure side,2014,,251508.042,,,,F,Free (free for publication),1,One,A,Normal value,6,Millions,_Z,Not applicable
DATAFLOW,OECD.SDD.NAD:DSD_NAMAIN10@DF_TABLE1_EXPENDITURE(2.0),Annual GDP and components - expenditure approach,I,A,Annual,COL,Colombia,S1M,Households and non-profit institutions serving households (NPISH),S1,Total economy,P3,Final consumption expenditure,_Z,Not applicable,_Z,Not applicable,_T,Total,USD_EXC,"US dollars, exchange rate converted",V,Current prices,N,Non transformed data,T0102,Table 0102 - GDP identity from the expenditure side,2015,,200968.956,,,,F,Free (free for publication),1,One,A,Normal value,6,Millions,_Z,Not applicable
DATAFLOW,OECD.SDD.NAD:DSD_NAMAIN10@DF_TABLE1_EXPENDITURE(2.0),Annual GDP and components - expenditure approach,I,A,Annual,FIN,Finland,S1M,Households and non-profit institutions serving households (NPISH),S1,Total economy,P3,Final consumption expenditure,_Z,Not applicable,_Z,Not applicable,_T,Total,USD_EXC,"US dollars, exchange rate converted",V,Current prices,N,Non transformed data,T0102,Table 0102 - GDP identity from the expenditure side,2015,,126371.299,,,,F,Free (free for publication),1,One,A,Normal value,6,Millions,_Z,Not applicable
DATAFLOW,OECD.SDD.NAD:DSD_NAMAIN10@DF_TABLE1_EXPENDITURE(2.0),Annual GDP and components - expenditure approach,I,A,Annual,FIN,Finland,S1M,Households and non-profit institutions serving households (NPISH),S1,Total economy,P3,Final consumption expenditure,_Z,Not applicable,_Z,Not applicable,_T,Total,USD_EXC,"US dollars, exchange rate converted",V,Current prices,N,Non transformed data,T0102,Table 0102 - GDP identity from the expenditure side,2014,,148591.484,,,,F,Free (free for publication),1,One,A,Normal value,6,Millions,_Z,Not applicable
DATAFLOW,OECD.SDD.NAD:DSD_NAMAIN10@DF_TABLE1_EXPENDITURE(2.0),Annual GDP and components - expenditure approach,I,A,Annual,FIN,Finland,S1M,Households and non-profit institutions serving households (NPISH),S1,Total economy,P3,Final consumption expenditure,_Z,Not applicable,_Z,Not applicable,_T,Total,USD_EXC,"US dollars, exchange rate converted",V,Current prices,N,Non transformed data,T0102,Table 0102 - GDP identity from the expenditure side,2013,,145884.47,,,,F,Free (free for publication),1,One,A,Normal value,6,Millions,_Z,Not applicable
DATAFLOW,OECD.SDD.NAD:DSD_NAMAIN10@DF_TABLE1_EXPENDITURE(2.0),Annual GDP and components - expenditure approach,I,A,Annual,FIN,Finland,S1M,Households and non-profit institutions serving households (NPISH),S1,Total economy,P3,Final consumption expenditure,_Z,Not applicable,_Z,Not applicable,_T,Total,USD_EXC,"US dollars, exchange rate converted",V,Current prices,N,Non transformed data,T0102,Table 0102 - GDP identity from the expenditure side,2012,,138471.953,,,,F,Free (free for publication),1,One,A,Normal value,6,Millions,_Z,Not applicable
DATAFLOW,OECD.SDD.NAD:DSD_NAMAIN10@DF_TABLE1_EXPENDITURE(2.0),Annual GDP and components - expenditure approach,I,A,Annual,FIN,Finland,S1M,Households and non-profit institutions serving households (NPISH),S1,Total economy,P3,Final consumption expenditure,_Z,Not applicable,_Z,Not applicable,_T,Total,USD_EXC,"US dollars, exchange rate converted",V,Current prices,N,Non transformed data,T0102,Table 0102 - GDP identity from the expenditure side,2011,,145345.184,,,,F,Free (free for publication),1,One,A,Normal value,6,Millions,_Z,Not applicable
DATAFLOW,OECD.SDD.NAD:DSD_NAMAIN10@DF_TABLE1_EXPENDITURE(2.0),Annual GDP and components - expenditure approach,I,A,Annual,FIN,Finland,S1M,Households and non-profit institutions serving households (NPISH),S1,Total economy,P3,Final consumption expenditure,_Z,Not applicable,_Z,Not applicable,_T,Total,USD_EXC,"US dollars, exchange rate converted",V,Current prices,N,Non transformed data,T0102,Table 0102 - GDP identity from the expenditure side,2010,,130222.497,,,,F,Free (free for publication),1,One,A,Normal value,6,Millions,_Z,Not applicable
DATAFLOW,OECD.SDD.NAD:DSD_NAMAIN10@DF_TABLE1_EXPENDITURE(2.0),Annual GDP and components - expenditure approach,I,A,Annual,FIN,Finland,S1M,Households and non-profit institutions serving households (NPISH),S1,Total economy,P3,Final consumption expenditure,_Z,Not applicable,_Z,Not applicable,_T,Total,USD_EXC,"US dollars, exchange rate converted",V,Current prices,N,Non transformed data,T0102,Table 0102 - GDP identity from the expenditure side,2009,,132177.951,,,,F,Free (free for publication),1,One,A,Normal value,6,Millions,_Z,Not applicable
DATAFLOW,OECD.SDD.NAD:DSD_NAMAIN10@DF_TABLE1_EXPENDITURE(2.0),Annual GDP and components - expenditure approach,I,A,Annual,FIN,Finland,S1M,Households and non-profit institutions serving households (NPISH),S1,Total economy,P3,Final consumption expenditure,_Z,Not applicable,_Z,Not applicable,_T,Total,USD_EXC,"US dollars, exchange rate converted",V,Current prices,N,Non transformed data,T0102,Table 0102 - GDP identity from the expenditure side,2008,,140910.14,,,,F,Free (free for publication),1,One,A,Normal value,6,Millions,_Z,Not applicable
DATAFLOW,OECD.SDD.NAD:DSD_NAMAIN10@DF_TABLE1_EXPENDITURE(2.0),Annual GDP and components - expenditure approach,I,A,Annual,FIN,Finland,S1M,Households and non-profit institutions serving households (NPISH),S1,Total economy,P3,Final consumption expenditure,_Z,Not applicable,_Z,Not applicable,_T,Total,USD_EXC,"US dollars, exchange rate converted",V,Current prices,N,Non transformed data,T0102,Table 0102 - GDP identity from the expenditure side,2007,,124527.117,,,,F,Free (free for publication),1,One,A,Normal value,6,Millions,_Z,Not applicable
DATAFLOW,OECD.SDD.NAD:DSD_NAMAIN10@DF_TABLE1_EXPENDITURE(2.0),Annual GDP and components - expenditure approach,I,A,Annual,FIN,Finland,S1M,Households and non-profit institutions serving households (NPISH),S1,Total economy,P3,Final consumption expenditure,_Z,Not applicable,_Z,Not applicable,_T,Total,USD_EXC,"US dollars, exchange rate converted",V,Current prices,N,Non transformed data,T0102,Table 0102 - GDP identity from the expenditure side,2020,,135604.949,,,,F,Free (free for publication),1,One,A,Normal value,6,Millions,_Z,Not applicable
DATAFLOW,OECD.SDD.NAD:DSD_NAMAIN10@DF_TABLE1_EXPENDITURE(2.0),Annual GDP and components - expenditure approach,I,A,Annual,FIN,Finland,S1M,Households and non-profit institutions serving households (NPISH),S1,Total economy,P3,Final consumption expenditure,_Z,Not applicable,_Z,Not applicable,_T,Total,USD_EXC,"US dollars, exchange rate converted",V,Current prices,N,Non transformed data,T0102,Table 0102 - GDP identity from the expenditure side,2019,,137110.999,,,,F,Free (free for publication),1,One,A,Normal value,6,Millions,_Z,Not applicable
DATAFLOW,OECD.SDD.NAD:DSD_NAMAIN10@DF_TABLE1_EXPENDITURE(2.0),Annual GDP and components - expenditure approach,I,A,Annual,FIN,Finland,S1M,Households and non-profit institutions serving households (NPISH),S1,Total economy,P3,Final consumption expenditure,_Z,Not applicable,_Z,Not applicable,_T,Total,USD_EXC,"US dollars, exchange rate converted",V,Current prices,N,Non transformed data,T0102,Table 0102 - GDP identity from the expenditure side,2018,,142643.952,,,,F,Free (free for publication),1,One,A,Normal value,6,Millions,_Z,Not applicable
DATAFLOW,OECD.SDD.NAD:DSD_NAMAIN10@DF_TABLE1_EXPENDITURE(2.0),Annual GDP and components - expenditure approach,I,A,Annual,FIN,Finland,S1M,Households and non-profit institutions serving households (NPISH),S1,Total economy,P3,Final consumption expenditure,_Z,Not applicable,_Z,Not applicable,_T,Total,USD_EXC,"US dollars, exchange rate converted",V,Current prices,N,Non transformed data,T0102,Table 0102 - GDP identity from the expenditure side,2017,,133189.411,,,,F,Free (free for publication),1,One,A,Normal value,6,Millions,_Z,Not applicable
DATAFLOW,OECD.SDD.NAD:DSD_NAMAIN10@DF_TABLE1_EXPENDITURE(2.0),Annual GDP and components - expenditure approach,I,A,Annual,FIN,Finland,S1M,Households and non-profit institutions serving households (NPISH),S1,Total economy,P3,Final consumption expenditure,_Z,Not applicable,_Z,Not applicable,_T,Total,USD_EXC,"US dollars, exchange rate converted",V,Current prices,N,Non transformed data,T0102,Table 0102 - GDP identity from the expenditure side,2006,,108139.704,,,,F,Free (free for publication),1,One,A,Normal value,6,Millions,_Z,Not applicable
DATAFLOW,OECD.SDD.NAD:DSD_NAMAIN10@DF_TABLE1_EXPENDITURE(2.0),Annual GDP and components - expenditure approach,I,A,Annual,GBR,United Kingdom,S1M,Households and non-profit institutions serving households (NPISH),S1,Total economy,P3,Final consumption expenditure,_Z,Not applicable,_Z,Not applicable,_T,Total,USD_EXC,"US dollars, exchange rate converted",V,Current prices,N,Non transformed data,T0102,Table 0102 - GDP identity from the expenditure side,2006,,1725654.11,,,,F,Free (free for publication),1,One,A,Normal value,6,Millions,_Z,Not applicable
DATAFLOW,OECD.SDD.NAD:DSD_NAMAIN10@DF_TABLE1_EXPENDITURE(2.0),Annual GDP and components - expenditure approach,I,A,Annual,GBR,United Kingdom,S1M,Households and non-profit institutions serving households (NPISH),S1,Total economy,P3,Final consumption expenditure,_Z,Not applicable,_Z,Not applicable,_T,Total,USD_EXC,"US dollars, exchange rate converted",V,Current prices,N,Non transformed data,T0102,Table 0102 - GDP identity from the expenditure side,2005,,1641504.974,,,,F,Free (free for publication),1,One,A,Normal value,6,Millions,_Z,Not applicable
DATAFLOW,OECD.SDD.NAD:DSD_NAMAIN10@DF_TABLE1_EXPENDITURE(2.0),Annual GDP and components - expenditure approach,I,A,Annual,GBR,United Kingdom,S1M,Households and non-profit institutions serving households (NPISH),S1,Total economy,P3,Final consumption expenditure,_Z,Not applicable,_Z,Not applicable,_T,Total,USD_EXC,"US dollars, exchange rate converted",V,Current prices,N,Non transformed data,T0102,Table 0102 - GDP identity from the expenditure side,2004,,1577265.737,,,,F,Free (free for publication),1,One,A,Normal value,6,Millions,_Z,Not applicable
DATAFLOW,OECD.SDD.NAD:DSD_NAMAIN10@DF_TABLE1_EXPENDITURE(2.0),Annual GDP and components - expenditure approach,I,A,Annual,GBR,United Kingdom,S1M,Households and non-profit institutions serving households (NPISH),S1,Total economy,P3,Final consumption expenditure,_Z,Not applicable,_Z,Not applicable,_T,Total,USD_EXC,"US dollars, exchange rate converted",V,Current prices,N,Non transformed data,T0102,Table 0102 - GDP identity from the expenditure side,2003,,1342618.648,,,,F,Free (free for publication),1,One,A,Normal value,6,Millions,_Z,Not applicable
DATAFLOW,OECD.SDD.NAD:DSD_NAMAIN10@DF_TABLE1_EXPENDITURE(2.0),Annual GDP and components - expenditure approach,I,A,Annual,GBR,United Kingdom,S1M,Households and non-profit institutions serving households (NPISH),S1,Total economy,P3,Final consumption expenditure,_Z,Not applicable,_Z,Not applicable,_T,Total,USD_EXC,"US dollars, exchange rate converted",V,Current prices,N,Non transformed data,T0102,Table 0102 - GDP identity from the expenditure side,2002,,1176175.893,,,,F,Free (free for publication),1,One,A,Normal value,6,Millions,_Z,Not applicable
DATAFLOW,OECD.SDD.NAD:DSD_NAMAIN10@DF_TABLE1_EXPENDITURE(2.0),Annual GDP and components - expenditure approach,I,A,Annual,GBR,United Kingdom,S1M,Households and non-profit institutions serving households (NPISH),S1,Total economy,P3,Final consumption expenditure,_Z,Not applicable,_Z,Not applicable,_T,Total,USD_EXC,"US dollars, exchange rate converted",V,Current prices,N,Non transformed data,T0102,Table 0102 - GDP identity from the expenditure side,2001,,1091703.076,,,,F,Free (free for publication),1,One,A,Normal value,6,Millions,_Z,Not applicable
DATAFLOW,OECD.SDD.NAD:DSD_NAMAIN10@DF_TABLE1_EXPENDITURE(2.0),Annual GDP and components - expenditure approach,I,A,Annual,GBR,United Kingdom,S1M,Households and non-profit institutions serving households (NPISH),S1,Total economy,P3,Final consumption expenditure,_Z,Not applicable,_Z,Not applicable,_T,Total,USD_EXC,"US dollars, exchange rate converted",V,Current prices,N,Non transformed data,T0102,Table 0102 - GDP identity from the expenditure side,2000,,1101575.177,,,,F,Free (free for publication),1,One,A,Normal value,6,Millions,_Z,Not applicable
DATAFLOW,OECD.SDD.NAD:DSD_NAMAIN10@DF_TABLE1_EXPENDITURE(2.0),Annual GDP and components - expenditure approach,I,A,Annual,GBR,United Kingdom,S1M,Households and non-profit institutions serving households (NPISH),S1,Total economy,P3,Final consumption expenditure,_Z,Not applicable,_Z,Not applicable,_T,Total,USD_EXC,"US dollars, exchange rate converted",V,Current prices,N,Non transformed data,T0102,Table 0102 - GDP identity from the expenditure side,1999,,1122446.917,,,,F,Free (free for publication),1,One,A,Normal value,6,Millions,_Z,Not applicable
DATAFLOW,OECD.SDD.NAD:DSD_NAMAIN10@DF_TABLE1_EXPENDITURE(2.0),Annual GDP and components - expenditure approach,I,A,Annual,GBR,United Kingdom,S1M,Households and non-profit institutions serving households (NPISH),S1,Total economy,P3,Final consumption expenditure,_Z,Not applicable,_Z,Not applicable,_T,Total,USD_EXC,"US dollars, exchange rate converted",V,Current prices,N,Non transformed data,T0102,Table 0102 - GDP identity from the expenditure side,1998,,1094359.357,,,,F,Free (free for publication),1,One,A,Normal value,6,Millions,_Z,Not applicable
DATAFLOW,OECD.SDD.NAD:DSD_NAMAIN10@DF_TABLE1_EXPENDITURE(2.0),Annual GDP and components - expenditure approach,I,A,Annual,GBR,United Kingdom,S1M,Households and non-profit institutions serving households (NPISH),S1,Total economy,P3,Final consumption expenditure,_Z,Not applicable,_Z,Not applicable,_T,Total,USD_EXC,"US dollars, exchange rate converted",V,Current prices,N,Non transformed data,T0102,Table 0102 - GDP identity from the expenditure side,1997,,1024774.052,,,,F,Free (free for publication),1,One,A,Normal value,6,Millions,_Z,Not applicable
DATAFLOW,OECD.SDD.NAD:DSD_NAMAIN10@DF_TABLE1_EXPENDITURE(2.0),Annual GDP and components - expenditure approach,I,A,Annual,GBR,United Kingdom,S1M,Households and non-profit institutions serving households (NPISH),S1,Total economy,P3,Final consumption expenditure,_Z,Not applicable,_Z,Not applicable,_T,Total,USD_EXC,"US dollars, exchange rate converted",V,Current prices,N,Non transformed data,T0102,Table 0102 - GDP identity from the expenditure side,1996,,909246.422,,,,F,Free (free for publication),1,One,A,Normal value,6,Millions,_Z,Not applicable
DATAFLOW,OECD.SDD.NAD:DSD_NAMAIN10@DF_TABLE1_EXPENDITURE(2.0),Annual GDP and components - expenditure approach,I,A,Annual,GBR,United Kingdom,S1M,Households and non-profit institutions serving households (NPISH),S1,Total economy,P3,Final consumption expenditure,_Z,Not applicable,_Z,Not applicable,_T,Total,USD_EXC,"US dollars, exchange rate converted",V,Current prices,N,Non transformed data,T0102,Table 0102 - GDP identity from the expenditure side,1995,,856412.028,,,,F,Free (free for publication),1,One,A,Normal value,6,Millions,_Z,Not applicable
DATAFLOW,OECD.SDD.NAD:DSD_NAMAIN10@DF_TABLE1_EXPENDITURE(2.0),Annual GDP and components - expenditure approach,I,A,Annual,GBR,United Kingdom,S1M,Households and non-profit institutions serving households (NPISH),S1,Total economy,P3,Final consumption expenditure,_Z,Not applicable,_Z,Not applicable,_T,Total,USD_EXC,"US dollars, exchange rate converted",V,Current prices,N,Non transformed data,T0102,Table 0102 - GDP identity from the expenditure side,2016,,1741000.538,,,,F,Free (free for publication),1,One,A,Normal value,6,Millions,_Z,Not applicable
DATAFLOW,OECD.SDD.NAD:DSD_NAMAIN10@DF_TABLE1_EXPENDITURE(2.0),Annual GDP and components - expenditure approach,I,A,Annual,GBR,United Kingdom,S1M,Households and non-profit institutions serving households (NPISH),S1,Total economy,P3,Final consumption expenditure,_Z,Not applicable,_Z,Not applicable,_T,Total,USD_EXC,"US dollars, exchange rate converted",V,Current prices,N,Non transformed data,T0102,Table 0102 - GDP identity from the expenditure side,2015,,1876607.569,,,,F,Free (free for publication),1,One,A,Normal value,6,Millions,_Z,Not applicable
DATAFLOW,OECD.SDD.NAD:DSD_NAMAIN10@DF_TABLE1_EXPENDITURE(2.0),Annual GDP and components - expenditure approach,I,A,Annual,GBR,United Kingdom,S1M,Households and non-profit institutions serving households (NPISH),S1,Total economy,P3,Final consumption expenditure,_Z,Not applicable,_Z,Not applicable,_T,Total,USD_EXC,"US dollars, exchange rate converted",V,Current prices,N,Non transformed data,T0102,Table 0102 - GDP identity from the expenditure side,2014,,1972398.493,,,,F,Free (free for publication),1,One,A,Normal value,6,Millions,_Z,Not applicable
DATAFLOW,OECD.SDD.NAD:DSD_NAMAIN10@DF_TABLE1_EXPENDITURE(2.0),Annual GDP and components - expenditure approach,I,A,Annual,GBR,United Kingdom,S1M,Households and non-profit institutions serving households (NPISH),S1,Total economy,P3,Final consumption expenditure,_Z,Not applicable,_Z,Not applicable,_T,Total,USD_EXC,"US dollars, exchange rate converted",V,Current prices,N,Non transformed data,T0102,Table 0102 - GDP identity from the expenditure side,2013,,1802662.287,,,,F,Free (free for publication),1,One,A,Normal value,6,Millions,_Z,Not applicable
DATAFLOW,OECD.SDD.NAD:DSD_NAMAIN10@DF_TABLE1_EXPENDITURE(2.0),Annual GDP and components - expenditure approach,I,A,Annual,GBR,United Kingdom,S1M,Households and non-profit institutions serving households (NPISH),S1,Total economy,P3,Final consumption expenditure,_Z,Not applicable,_Z,Not applicable,_T,Total,USD_EXC,"US dollars, exchange rate converted",V,Current prices,N,Non transformed data,T0102,Table 0102 - GDP identity from the expenditure side,2012,,1737708.289,,,,F,Free (free for publication),1,One,A,Normal value,6,Millions,_Z,Not applicable
DATAFLOW,OECD.SDD.NAD:DSD_NAMAIN10@DF_TABLE1_EXPENDITURE(2.0),Annual GDP and components - expenditure approach,I,A,Annual,GBR,United Kingdom,S1M,Households and non-profit institutions serving households (NPISH),S1,Total economy,P3,Final consumption expenditure,_Z,Not applicable,_Z,Not applicable,_T,Total,USD_EXC,"US dollars, exchange rate converted",V,Current prices,N,Non transformed data,T0102,Table 0102 - GDP identity from the expenditure side,2011,,1703887.871,,,,F,Free (free for publication),1,One,A,Normal value,6,Millions,_Z,Not applicable
DATAFLOW,OECD.SDD.NAD:DSD_NAMAIN10@DF_TABLE1_EXPENDITURE(2.0),Annual GDP and components - expenditure approach,I,A,Annual,GBR,United Kingdom,S1M,Households and non-profit institutions serving households (NPISH),S1,Total economy,P3,Final consumption expenditure,_Z,Not applicable,_Z,Not applicable,_T,Total,USD_EXC,"US dollars, exchange rate converted",V,Current prices,N,Non transformed data,T0102,Table 0102 - GDP identity from the expenditure side,2010,,1587065.482,,,,F,Free (free for publication),1,One,A,Normal value,6,Millions,_Z,Not applicable
DATAFLOW,OECD.SDD.NAD:DSD_NAMAIN10@DF_TABLE1_EXPENDITURE(2.0),Annual GDP and components - expenditure approach,I,A,Annual,GBR,United Kingdom,S1M,Households and non-profit institutions serving households (NPISH),S1,Total economy,P3,Final consumption expenditure,_Z,Not applicable,_Z,Not applicable,_T,Total,USD_EXC,"US dollars, exchange rate converted",V,Current prices,N,Non transformed data,T0102,Table 0102 - GDP identity from the expenditure side,2009,,1551073.564,,,,F,Free (free for publication),1,One,A,Normal value,6,Millions,_Z,Not applicable
DATAFLOW,OECD.SDD.NAD:DSD_NAMAIN10@DF_TABLE1_EXPENDITURE(2.0),Annual GDP and components - expenditure approach,I,A,Annual,GBR,United Kingdom,S1M,Households and non-profit institutions serving households (NPISH),S1,Total economy,P3,Final consumption expenditure,_Z,Not applicable,_Z,Not applicable,_T,Total,USD_EXC,"US dollars, exchange rate converted",V,Current prices,N,Non transformed data,T0102,Table 0102 - GDP identity from the expenditure side,2008,,1866516.535,,,,F,Free (free for publication),1,One,A,Normal value,6,Millions,_Z,Not applicable
DATAFLOW,OECD.SDD.NAD:DSD_NAMAIN10@DF_TABLE1_EXPENDITURE(2.0),Annual GDP and components - expenditure approach,I,A,Annual,GBR,United Kingdom,S1M,Households and non-profit institutions serving households (NPISH),S1,Total economy,P3,Final consumption expenditure,_Z,Not applicable,_Z,Not applicable,_T,Total,USD_EXC,"US dollars, exchange rate converted",V,Current prices,N,Non transformed data,T0102,Table 0102 - GDP identity from the expenditure side,2007,,1966095.85,,,,F,Free (free for publication),1,One,A,Normal value,6,Millions,_Z,Not applicable
DATAFLOW,OECD.SDD.NAD:DSD_NAMAIN10@DF_TABLE1_EXPENDITURE(2.0),Annual GDP and components - expenditure approach,I,A,Annual,GBR,United Kingdom,S1M,Households and non-profit institutions serving households (NPISH),S1,Total economy,P3,Final consumption expenditure,_Z,Not applicable,_Z,Not applicable,_T,Total,USD_EXC,"US dollars, exchange rate converted",V,Current prices,N,Non transformed data,T0102,Table 0102 - GDP identity from the expenditure side,2020,,1597767.534,,,,F,Free (free for publication),1,One,A,Normal value,6,Millions,_Z,Not applicable
DATAFLOW,OECD.SDD.NAD:DSD_NAMAIN10@DF_TABLE1_EXPENDITURE(2.0),Annual GDP and components - expenditure approach,I,A,Annual,GBR,United Kingdom,S1M,Households and non-profit institutions serving households (NPISH),S1,Total economy,P3,Final consumption expenditure,_Z,Not applicable,_Z,Not applicable,_T,Total,USD_EXC,"US dollars, exchange rate converted",V,Current prices,N,Non transformed data,T0102,Table 0102 - GDP identity from the expenditure side,2019,,1822642.048,,,,F,Free (free for publication),1,One,A,Normal value,6,Millions,_Z,Not applicable
DATAFLOW,OECD.SDD.NAD:DSD_NAMAIN10@DF_TABLE1_EXPENDITURE(2.0),Annual GDP and components - expenditure approach,I,A,Annual,GBR,United Kingdom,S1M,Households and non-profit institutions serving households (NPISH),S1,Total economy,P3,Final consumption expenditure,_Z,Not applicable,_Z,Not applicable,_T,Total,USD_EXC,"US dollars, exchange rate converted",V,Current prices,N,Non transformed data,T0102,Table 0102 - GDP identity from the expenditure side,2018,,1856723.734,,,,F,Free (free for publication),1,One,A,Normal value,6,Millions,_Z,Not applicable
DATAFLOW,OECD.SDD.NAD:DSD_NAMAIN10@DF_TABLE1_EXPENDITURE(2.0),Annual GDP and components - expenditure approach,I,A,Annual,CRI,Costa Rica,S1M,Households and non-profit institutions serving households (NPISH),S1,Total economy,P3,Final consumption expenditure,_Z,Not applicable,_Z,Not applicable,_T,Total,USD_EXC,"US dollars, exchange rate converted",V,Current prices,N,Non transformed data,T0102,Table 0102 - GDP identity from the expenditure side,2018,,40512.389,,,,F,Free (free for publication),1,One,A,Normal value,6,Millions,_Z,Not applicable
DATAFLOW,OECD.SDD.NAD:DSD_NAMAIN10@DF_TABLE1_EXPENDITURE(2.0),Annual GDP and components - expenditure approach,I,A,Annual,CRI,Costa Rica,S1M,Households and non-profit institutions serving households (NPISH),S1,Total economy,P3,Final consumption expenditure,_Z,Not applicable,_Z,Not applicable,_T,Total,USD_EXC,"US dollars, exchange rate converted",V,Current prices,N,Non transformed data,T0102,Table 0102 - GDP identity from the expenditure side,2017,,39410.19,,,,F,Free (free for publication),1,One,A,Normal value,6,Millions,_Z,Not applicable
DATAFLOW,OECD.SDD.NAD:DSD_NAMAIN10@DF_TABLE1_EXPENDITURE(2.0),Annual GDP and components - expenditure approach,I,A,Annual,CRI,Costa Rica,S1M,Households and non-profit institutions serving households (NPISH),S1,Total economy,P3,Final consumption expenditure,_Z,Not applicable,_Z,Not applicable,_T,Total,USD_EXC,"US dollars, exchange rate converted",V,Current prices,N,Non transformed data,T0102,Table 0102 - GDP identity from the expenditure side,2016,,37697.792,,,,F,Free (free for publication),1,One,A,Normal value,6,Millions,_Z,Not applicable
DATAFLOW,OECD.SDD.NAD:DSD_NAMAIN10@DF_TABLE1_EXPENDITURE(2.0),Annual GDP and components - expenditure approach,I,A,Annual,CRI,Costa Rica,S1M,Households and non-profit institutions serving households (NPISH),S1,Total economy,P3,Final consumption expenditure,_Z,Not applicable,_Z,Not applicable,_T,Total,USD_EXC,"US dollars, exchange rate converted",V,Current prices,N,Non transformed data,T0102,Table 0102 - GDP identity from the expenditure side,2015,,36658.056,,,,F,Free (free for publication),1,One,A,Normal value,6,Millions,_Z,Not applicable
DATAFLOW,OECD.SDD.NAD:DSD_NAMAIN10@DF_TABLE1_EXPENDITURE(2.0),Annual GDP and components - expenditure approach,I,A,Annual,CRI,Costa Rica,S1M,Households and non-profit institutions serving households (NPISH),S1,Total economy,P3,Final consumption expenditure,_Z,Not applicable,_Z,Not applicable,_T,Total,USD_EXC,"US dollars, exchange rate converted",V,Current prices,N,Non transformed data,T0102,Table 0102 - GDP identity from the expenditure side,2014,,34450.964,,,,F,Free (free for publication),1,One,A,Normal value,6,Millions,_Z,Not applicable
DATAFLOW,OECD.SDD.NAD:DSD_NAMAIN10@DF_TABLE1_EXPENDITURE(2.0),Annual GDP and components - expenditure approach,I,A,Annual,CRI,Costa Rica,S1M,Households and non-profit institutions serving households (NPISH),S1,Total economy,P3,Final consumption expenditure,_Z,Not applicable,_Z,Not applicable,_T,Total,USD_EXC,"US dollars, exchange rate converted",V,Current prices,N,Non transformed data,T0102,Table 0102 - GDP identity from the expenditure side,2013,,33709.556,,,,F,Free (free for publication),1,One,A,Normal value,6,Millions,_Z,Not applicable
DATAFLOW,OECD.SDD.NAD:DSD_NAMAIN10@DF_TABLE1_EXPENDITURE(2.0),Annual GDP and components - expenditure approach,I,A,Annual,CRI,Costa Rica,S1M,Households and non-profit institutions serving households (NPISH),S1,Total economy,P3,Final consumption expenditure,_Z,Not applicable,_Z,Not applicable,_T,Total,USD_EXC,"US dollars, exchange rate converted",V,Current prices,N,Non transformed data,T0102,Table 0102 - GDP identity from the expenditure side,2012,,31693.226,,,,F,Free (free for publication),1,One,A,Normal value,6,Millions,_Z,Not applicable
DATAFLOW,OECD.SDD.NAD:DSD_NAMAIN10@DF_TABLE1_EXPENDITURE(2.0),Annual GDP and components - expenditure approach,I,A,Annual,CRI,Costa Rica,S1M,Households and non-profit institutions serving households (NPISH),S1,Total economy,P3,Final consumption expenditure,_Z,Not applicable,_Z,Not applicable,_T,Total,USD_EXC,"US dollars, exchange rate converted",V,Current prices,N,Non transformed data,T0102,Table 0102 - GDP identity from the expenditure side,2011,,28515.902,,,,F,Free (free for publication),1,One,A,Normal value,6,Millions,_Z,Not applicable
DATAFLOW,OECD.SDD.NAD:DSD_NAMAIN10@DF_TABLE1_EXPENDITURE(2.0),Annual GDP and components - expenditure approach,I,A,Annual,CRI,Costa Rica,S1M,Households and non-profit institutions serving households (NPISH),S1,Total economy,P3,Final consumption expenditure,_Z,Not applicable,_Z,Not applicable,_T,Total,USD_EXC,"US dollars, exchange rate converted",V,Current prices,N,Non transformed data,T0102,Table 0102 - GDP identity from the expenditure side,2010,,24628.235,,,,F,Free (free for publication),1,One,A,Normal value,6,Millions,_Z,Not applicable
DATAFLOW,OECD.SDD.NAD:DSD_NAMAIN10@DF_TABLE1_EXPENDITURE(2.0),Annual GDP and components - expenditure approach,I,A,Annual,CRI,Costa Rica,S1M,Households and non-profit institutions serving households (NPISH),S1,Total economy,P3,Final consumption expenditure,_Z,Not applicable,_Z,Not applicable,_T,Total,USD_EXC,"US dollars, exchange rate converted",V,Current prices,N,Non transformed data,T0102,Table 0102 - GDP identity from the expenditure side,2009,,20382.461,,,,F,Free (free for publication),1,One,A,Normal value,6,Millions,_Z,Not applicable
DATAFLOW,OECD.SDD.NAD:DSD_NAMAIN10@DF_TABLE1_EXPENDITURE(2.0),Annual GDP and components - expenditure approach,I,A,Annual,CRI,Costa Rica,S1M,Households and non-profit institutions serving households (NPISH),S1,Total economy,P3,Final consumption expenditure,_Z,Not applicable,_Z,Not applicable,_T,Total,USD_EXC,"US dollars, exchange rate converted",V,Current prices,N,Non transformed data,T0102,Table 0102 - GDP identity from the expenditure side,2004,,12642.925,,,,F,Free (free for publication),1,One,A,Normal value,6,Millions,_Z,Not applicable
DATAFLOW,OECD.SDD.NAD:DSD_NAMAIN10@DF_TABLE1_EXPENDITURE(2.0),Annual GDP and components - expenditure approach,I,A,Annual,CRI,Costa Rica,S1M,Households and non-profit institutions serving households (NPISH),S1,Total economy,P3,Final consumption expenditure,_Z,Not applicable,_Z,Not applicable,_T,Total,USD_EXC,"US dollars, exchange rate converted",V,Current prices,N,Non transformed data,T0102,Table 0102 - GDP identity from the expenditure side,2003,,11834.849,,,,F,Free (free for publication),1,One,A,Normal value,6,Millions,_Z,Not applicable
DATAFLOW,OECD.SDD.NAD:DSD_NAMAIN10@DF_TABLE1_EXPENDITURE(2.0),Annual GDP and components - expenditure approach,I,A,Annual,CRI,Costa Rica,S1M,Households and non-profit institutions serving households (NPISH),S1,Total economy,P3,Final consumption expenditure,_Z,Not applicable,_Z,Not applicable,_T,Total,USD_EXC,"US dollars, exchange rate converted",V,Current prices,N,Non transformed data,T0102,Table 0102 - GDP identity from the expenditure side,2002,,11172.46,,,,F,Free (free for publication),1,One,A,Normal value,6,Millions,_Z,Not applicable
DATAFLOW,OECD.SDD.NAD:DSD_NAMAIN10@DF_TABLE1_EXPENDITURE(2.0),Annual GDP and components - expenditure approach,I,A,Annual,CRI,Costa Rica,S1M,Households and non-profit institutions serving households (NPISH),S1,Total economy,P3,Final consumption expenditure,_Z,Not applicable,_Z,Not applicable,_T,Total,USD_EXC,"US dollars, exchange rate converted",V,Current prices,N,Non transformed data,T0102,Table 0102 - GDP identity from the expenditure side,2001,,10452.196,,,,F,Free (free for publication),1,One,A,Normal value,6,Millions,_Z,Not applicable
DATAFLOW,OECD.SDD.NAD:DSD_NAMAIN10@DF_TABLE1_EXPENDITURE(2.0),Annual GDP and components - expenditure approach,I,A,Annual,CRI,Costa Rica,S1M,Households and non-profit institutions serving households (NPISH),S1,Total economy,P3,Final consumption expenditure,_Z,Not applicable,_Z,Not applicable,_T,Total,USD_EXC,"US dollars, exchange rate converted",V,Current prices,N,Non transformed data,T0102,Table 0102 - GDP identity from the expenditure side,2000,,9946.602,,,,F,Free (free for publication),1,One,A,Normal value,6,Millions,_Z,Not applicable
DATAFLOW,OECD.SDD.NAD:DSD_NAMAIN10@DF_TABLE1_EXPENDITURE(2.0),Annual GDP and components - expenditure approach,I,A,Annual,CRI,Costa Rica,S1M,Households and non-profit institutions serving households (NPISH),S1,Total economy,P3,Final consumption expenditure,_Z,Not applicable,_Z,Not applicable,_T,Total,USD_EXC,"US dollars, exchange rate converted",V,Current prices,N,Non transformed data,T0102,Table 0102 - GDP identity from the expenditure side,1999,,9701.129,,,,F,Free (free for publication),1,One,A,Normal value,6,Millions,_Z,Not applicable
DATAFLOW,OECD.SDD.NAD:DSD_NAMAIN10@DF_TABLE1_EXPENDITURE(2.0),Annual GDP and components - expenditure approach,I,A,Annual,CRI,Costa Rica,S1M,Households and non-profit institutions serving households (NPISH),S1,Total economy,P3,Final consumption expenditure,_Z,Not applicable,_Z,Not applicable,_T,Total,USD_EXC,"US dollars, exchange rate converted",V,Current prices,N,Non transformed data,T0102,Table 0102 - GDP identity from the expenditure side,1998,,9402.432,,,,F,Free (free for publication),1,One,A,Normal value,6,Millions,_Z,Not applicable
DATAFLOW,OECD.SDD.NAD:DSD_NAMAIN10@DF_TABLE1_EXPENDITURE(2.0),Annual GDP and components - expenditure approach,I,A,Annual,CRI,Costa Rica,S1M,Households and non-profit institutions serving households (NPISH),S1,Total economy,P3,Final consumption expenditure,_Z,Not applicable,_Z,Not applicable,_T,Total,USD_EXC,"US dollars, exchange rate converted",V,Current prices,N,Non transformed data,T0102,Table 0102 - GDP identity from the expenditure side,1997,,9046.867,,,,F,Free (free for publication),1,One,A,Normal value,6,Millions,_Z,Not applicable
DATAFLOW,OECD.SDD.NAD:DSD_NAMAIN10@DF_TABLE1_EXPENDITURE(2.0),Annual GDP and components - expenditure approach,I,A,Annual,CRI,Costa Rica,S1M,Households and non-profit institutions serving households (NPISH),S1,Total economy,P3,Final consumption expenditure,_Z,Not applicable,_Z,Not applicable,_T,Total,USD_EXC,"US dollars, exchange rate converted",V,Current prices,N,Non transformed data,T0102,Table 0102 - GDP identity from the expenditure side,1996,,8551.773,,,,F,Free (free for publication),1,One,A,Normal value,6,Millions,_Z,Not applicable
DATAFLOW,OECD.SDD.NAD:DSD_NAMAIN10@DF_TABLE1_EXPENDITURE(2.0),Annual GDP and components - expenditure approach,I,A,Annual,CRI,Costa Rica,S1M,Households and non-profit institutions serving households (NPISH),S1,Total economy,P3,Final consumption expenditure,_Z,Not applicable,_Z,Not applicable,_T,Total,USD_EXC,"US dollars, exchange rate converted",V,Current prices,N,Non transformed data,T0102,Table 0102 - GDP identity from the expenditure side,1995,,8221.753,,,,F,Free (free for publication),1,One,A,Normal value,6,Millions,_Z,Not applicable
DATAFLOW,OECD.SDD.NAD:DSD_NAMAIN10@DF_TABLE1_EXPENDITURE(2.0),Annual GDP and components - expenditure approach,I,A,Annual,CRI,Costa Rica,S1M,Households and non-profit institutions serving households (NPISH),S1,Total economy,P3,Final consumption expenditure,_Z,Not applicable,_Z,Not applicable,_T,Total,USD_EXC,"US dollars, exchange rate converted",V,Current prices,N,Non transformed data,T0102,Table 0102 - GDP identity from the expenditure side,2008,,21746.151,,,,F,Free (free for publication),1,One,A,Normal value,6,Millions,_Z,Not applicable
DATAFLOW,OECD.SDD.NAD:DSD_NAMAIN10@DF_TABLE1_EXPENDITURE(2.0),Annual GDP and components - expenditure approach,I,A,Annual,CRI,Costa Rica,S1M,Households and non-profit institutions serving households (NPISH),S1,Total economy,P3,Final consumption expenditure,_Z,Not applicable,_Z,Not applicable,_T,Total,USD_EXC,"US dollars, exchange rate converted",V,Current prices,N,Non transformed data,T0102,Table 0102 - GDP identity from the expenditure side,2007,,18604.221,,,,F,Free (free for publication),1,One,A,Normal value,6,Millions,_Z,Not applicable
DATAFLOW,OECD.SDD.NAD:DSD_NAMAIN10@DF_TABLE1_EXPENDITURE(2.0),Annual GDP and components - expenditure approach,I,A,Annual,CRI,Costa Rica,S1M,Households and non-profit institutions serving households (NPISH),S1,Total economy,P3,Final consumption expenditure,_Z,Not applicable,_Z,Not applicable,_T,Total,USD_EXC,"US dollars, exchange rate converted",V,Current prices,N,Non transformed data,T0102,Table 0102 - GDP identity from the expenditure side,2006,,15657.553,,,,F,Free (free for publication),1,One,A,Normal value,6,Millions,_Z,Not applicable
DATAFLOW,OECD.SDD.NAD:DSD_NAMAIN10@DF_TABLE1_EXPENDITURE(2.0),Annual GDP and components - expenditure approach,I,A,Annual,CZE,Czechia,S1M,Households and non-profit institutions serving households (NPISH),S1,Total economy,P3,Final consumption expenditure,_Z,Not applicable,_Z,Not applicable,_T,Total,USD_EXC,"US dollars, exchange rate converted",V,Current prices,N,Non transformed data,T0102,Table 0102 - GDP identity from the expenditure side,2020,,118246.723,,,,F,Free (free for publication),1,One,A,Normal value,6,Millions,_Z,Not applicable
DATAFLOW,OECD.SDD.NAD:DSD_NAMAIN10@DF_TABLE1_EXPENDITURE(2.0),Annual GDP and components - expenditure approach,I,A,Annual,CZE,Czechia,S1M,Households and non-profit institutions serving households (NPISH),S1,Total economy,P3,Final consumption expenditure,_Z,Not applicable,_Z,Not applicable,_T,Total,USD_EXC,"US dollars, exchange rate converted",V,Current prices,N,Non transformed data,T0102,Table 0102 - GDP identity from the expenditure side,2019,,124196.797,,,,F,Free (free for publication),1,One,A,Normal value,6,Millions,_Z,Not applicable
DATAFLOW,OECD.SDD.NAD:DSD_NAMAIN10@DF_TABLE1_EXPENDITURE(2.0),Annual GDP and components - expenditure approach,I,A,Annual,CZE,Czechia,S1M,Households and non-profit institutions serving households (NPISH),S1,Total economy,P3,Final consumption expenditure,_Z,Not applicable,_Z,Not applicable,_T,Total,USD_EXC,"US dollars, exchange rate converted",V,Current prices,N,Non transformed data,T0102,Table 0102 - GDP identity from the expenditure side,2014,,103451.283,,,,F,Free (free for publication),1,One,A,Normal value,6,Millions,_Z,Not applicable
DATAFLOW,OECD.SDD.NAD:DSD_NAMAIN10@DF_TABLE1_EXPENDITURE(2.0),Annual GDP and components - expenditure approach,I,A,Annual,CZE,Czechia,S1M,Households and non-profit institutions serving households (NPISH),S1,Total economy,P3,Final consumption expenditure,_Z,Not applicable,_Z,Not applicable,_T,Total,USD_EXC,"US dollars, exchange rate converted",V,Current prices,N,Non transformed data,T0102,Table 0102 - GDP identity from the expenditure side,2013,,107022.308,,,,F,Free (free for publication),1,One,A,Normal value,6,Millions,_Z,Not applicable
DATAFLOW,OECD.SDD.NAD:DSD_NAMAIN10@DF_TABLE1_EXPENDITURE(2.0),Annual GDP and components - expenditure approach,I,A,Annual,CZE,Czechia,S1M,Households and non-profit institutions serving households (NPISH),S1,Total economy,P3,Final consumption expenditure,_Z,Not applicable,_Z,Not applicable,_T,Total,USD_EXC,"US dollars, exchange rate converted",V,Current prices,N,Non transformed data,T0102,Table 0102 - GDP identity from the expenditure side,2012,,105486.4,,,,F,Free (free for publication),1,One,A,Normal value,6,Millions,_Z,Not applicable
DATAFLOW,OECD.SDD.NAD:DSD_NAMAIN10@DF_TABLE1_EXPENDITURE(2.0),Annual GDP and components - expenditure approach,I,A,Annual,CZE,Czechia,S1M,Households and non-profit institutions serving households (NPISH),S1,Total economy,P3,Final consumption expenditure,_Z,Not applicable,_Z,Not applicable,_T,Total,USD_EXC,"US dollars, exchange rate converted",V,Current prices,N,Non transformed data,T0102,Table 0102 - GDP identity from the expenditure side,2011,,115368.819,,,,F,Free (free for publication),1,One,A,Normal value,6,Millions,_Z,Not applicable
DATAFLOW,OECD.SDD.NAD:DSD_NAMAIN10@DF_TABLE1_EXPENDITURE(2.0),Annual GDP and components - expenditure approach,I,A,Annual,CZE,Czechia,S1M,Households and non-profit institutions serving households (NPISH),S1,Total economy,P3,Final consumption expenditure,_Z,Not applicable,_Z,Not applicable,_T,Total,USD_EXC,"US dollars, exchange rate converted",V,Current prices,N,Non transformed data,T0102,Table 0102 - GDP identity from the expenditure side,2010,,105017.214,,,,F,Free (free for publication),1,One,A,Normal value,6,Millions,_Z,Not applicable
DATAFLOW,OECD.SDD.NAD:DSD_NAMAIN10@DF_TABLE1_EXPENDITURE(2.0),Annual GDP and components - expenditure approach,I,A,Annual,CZE,Czechia,S1M,Households and non-profit institutions serving households (NPISH),S1,Total economy,P3,Final consumption expenditure,_Z,Not applicable,_Z,Not applicable,_T,Total,USD_EXC,"US dollars, exchange rate converted",V,Current prices,N,Non transformed data,T0102,Table 0102 - GDP identity from the expenditure side,2009,,100979.227,,,,F,Free (free for publication),1,One,A,Normal value,6,Millions,_Z,Not applicable
DATAFLOW,OECD.SDD.NAD:DSD_NAMAIN10@DF_TABLE1_EXPENDITURE(2.0),Annual GDP and components - expenditure approach,I,A,Annual,CZE,Czechia,S1M,Households and non-profit institutions serving households (NPISH),S1,Total economy,P3,Final consumption expenditure,_Z,Not applicable,_Z,Not applicable,_T,Total,USD_EXC,"US dollars, exchange rate converted",V,Current prices,N,Non transformed data,T0102,Table 0102 - GDP identity from the expenditure side,2008,,112268.242,,,,F,Free (free for publication),1,One,A,Normal value,6,Millions,_Z,Not applicable
DATAFLOW,OECD.SDD.NAD:DSD_NAMAIN10@DF_TABLE1_EXPENDITURE(2.0),Annual GDP and components - expenditure approach,I,A,Annual,CZE,Czechia,S1M,Households and non-profit institutions serving households (NPISH),S1,Total economy,P3,Final consumption expenditure,_Z,Not applicable,_Z,Not applicable,_T,Total,USD_EXC,"US dollars, exchange rate converted",V,Current prices,N,Non transformed data,T0102,Table 0102 - GDP identity from the expenditure side,2007,,87648.232,,,,F,Free (free for publication),1,One,A,Normal value,6,Millions,_Z,Not applicable
DATAFLOW,OECD.SDD.NAD:DSD_NAMAIN10@DF_TABLE1_EXPENDITURE(2.0),Annual GDP and components - expenditure approach,I,A,Annual,CZE,Czechia,S1M,Households and non-profit institutions serving households (NPISH),S1,Total economy,P3,Final consumption expenditure,_Z,Not applicable,_Z,Not applicable,_T,Total,USD_EXC,"US dollars, exchange rate converted",V,Current prices,N,Non transformed data,T0102,Table 0102 - GDP identity from the expenditure side,2006,,73513.924,,,,F,Free (free for publication),1,One,A,Normal value,6,Millions,_Z,Not applicable
DATAFLOW,OECD.SDD.NAD:DSD_NAMAIN10@DF_TABLE1_EXPENDITURE(2.0),Annual GDP and components - expenditure approach,I,A,Annual,CZE,Czechia,S1M,Households and non-profit institutions serving households (NPISH),S1,Total economy,P3,Final consumption expenditure,_Z,Not applicable,_Z,Not applicable,_T,Total,USD_EXC,"US dollars, exchange rate converted",V,Current prices,N,Non transformed data,T0102,Table 0102 - GDP identity from the expenditure side,2005,,65701.157,,,,F,Free (free for publication),1,One,A,Normal value,6,Millions,_Z,Not applicable
DATAFLOW,OECD.SDD.NAD:DSD_NAMAIN10@DF_TABLE1_EXPENDITURE(2.0),Annual GDP and components - expenditure approach,I,A,Annual,CZE,Czechia,S1M,Households and non-profit institutions serving households (NPISH),S1,Total economy,P3,Final consumption expenditure,_Z,Not applicable,_Z,Not applicable,_T,Total,USD_EXC,"US dollars, exchange rate converted",V,Current prices,N,Non transformed data,T0102,Table 0102 - GDP identity from the expenditure side,2018,,123550.773,,,,F,Free (free for publication),1,One,A,Normal value,6,Millions,_Z,Not applicable
DATAFLOW,OECD.SDD.NAD:DSD_NAMAIN10@DF_TABLE1_EXPENDITURE(2.0),Annual GDP and components - expenditure approach,I,A,Annual,CZE,Czechia,S1M,Households and non-profit institutions serving households (NPISH),S1,Total economy,P3,Final consumption expenditure,_Z,Not applicable,_Z,Not applicable,_T,Total,USD_EXC,"US dollars, exchange rate converted",V,Current prices,N,Non transformed data,T0102,Table 0102 - GDP identity from the expenditure side,2017,,107816.053,,,,F,Free (free for publication),1,One,A,Normal value,6,Millions,_Z,Not applicable
DATAFLOW,OECD.SDD.NAD:DSD_NAMAIN10@DF_TABLE1_EXPENDITURE(2.0),Annual GDP and components - expenditure approach,I,A,Annual,CZE,Czechia,S1M,Households and non-profit institutions serving households (NPISH),S1,Total economy,P3,Final consumption expenditure,_Z,Not applicable,_Z,Not applicable,_T,Total,USD_EXC,"US dollars, exchange rate converted",V,Current prices,N,Non transformed data,T0102,Table 0102 - GDP identity from the expenditure side,2016,,95834.697,,,,F,Free (free for publication),1,One,A,Normal value,6,Millions,_Z,Not applicable
DATAFLOW,OECD.SDD.NAD:DSD_NAMAIN10@DF_TABLE1_EXPENDITURE(2.0),Annual GDP and components - expenditure approach,I,A,Annual,CZE,Czechia,S1M,Households and non-profit institutions serving households (NPISH),S1,Total economy,P3,Final consumption expenditure,_Z,Not applicable,_Z,Not applicable,_T,Total,USD_EXC,"US dollars, exchange rate converted",V,Current prices,N,Non transformed data,T0102,Table 0102 - GDP identity from the expenditure side,2015,,90967.834,,,,F,Free (free for publication),1,One,A,Normal value,6,Millions,_Z,Not applicable
DATAFLOW,OECD.SDD.NAD:DSD_NAMAIN10@DF_TABLE1_EXPENDITURE(2.0),Annual GDP and components - expenditure approach,I,A,Annual,CZE,Czechia,S1M,Households and non-profit institutions serving households (NPISH),S1,Total economy,P3,Final consumption expenditure,_Z,Not applicable,_Z,Not applicable,_T,Total,USD_EXC,"US dollars, exchange rate converted",V,Current prices,N,Non transformed data,T0102,Table 0102 - GDP identity from the expenditure side,2004,,58531.309,,,,F,Free (free for publication),1,One,A,Normal value,6,Millions,_Z,Not applicable
DATAFLOW,OECD.SDD.NAD:DSD_NAMAIN10@DF_TABLE1_EXPENDITURE(2.0),Annual GDP and components - expenditure approach,I,A,Annual,RUS,Russia,S1M,Households and non-profit institutions serving households (NPISH),S1,Total economy,P3,Final consumption expenditure,_Z,Not applicable,_Z,Not applicable,_T,Total,USD_EXC,"US dollars, exchange rate converted",V,Current prices,N,Non transformed data,T0102,Table 0102 - GDP identity from the expenditure side,1997,,245279.918,,,,F,Free (free for publication),1,One,E,Estimated value,6,Millions,_Z,Not applicable
DATAFLOW,OECD.SDD.NAD:DSD_NAMAIN10@DF_TABLE1_EXPENDITURE(2.0),Annual GDP and components - expenditure approach,I,A,Annual,RUS,Russia,S1M,Households and non-profit institutions serving households (NPISH),S1,Total economy,P3,Final consumption expenditure,_Z,Not applicable,_Z,Not applicable,_T,Total,USD_EXC,"US dollars, exchange rate converted",V,Current prices,N,Non transformed data,T0102,Table 0102 - GDP identity from the expenditure side,1996,,225650.752,,,,F,Free (free for publication),1,One,E,Estimated value,6,Millions,_Z,Not applicable
DATAFLOW,OECD.SDD.NAD:DSD_NAMAIN10@DF_TABLE1_EXPENDITURE(2.0),Annual GDP and components - expenditure approach,I,A,Annual,RUS,Russia,S1M,Households and non-profit institutions serving households (NPISH),S1,Total economy,P3,Final consumption expenditure,_Z,Not applicable,_Z,Not applicable,_T,Total,USD_EXC,"US dollars, exchange rate converted",V,Current prices,N,Non transformed data,T0102,Table 0102 - GDP identity from the expenditure side,2010,,867074.966,,,,F,Free (free for publication),1,One,E,Estimated value,6,Millions,_Z,Not applicable
DATAFLOW,OECD.SDD.NAD:DSD_NAMAIN10@DF_TABLE1_EXPENDITURE(2.0),Annual GDP and components - expenditure approach,I,A,Annual,RUS,Russia,S1M,Households and non-profit institutions serving households (NPISH),S1,Total economy,P3,Final consumption expenditure,_Z,Not applicable,_Z,Not applicable,_T,Total,USD_EXC,"US dollars, exchange rate converted",V,Current prices,N,Non transformed data,T0102,Table 0102 - GDP identity from the expenditure side,2009,,737714.752,,,,F,Free (free for publication),1,One,E,Estimated value,6,Millions,_Z,Not applicable
DATAFLOW,OECD.SDD.NAD:DSD_NAMAIN10@DF_TABLE1_EXPENDITURE(2.0),Annual GDP and components - expenditure approach,I,A,Annual,RUS,Russia,S1M,Households and non-profit institutions serving households (NPISH),S1,Total economy,P3,Final consumption expenditure,_Z,Not applicable,_Z,Not applicable,_T,Total,USD_EXC,"US dollars, exchange rate converted",V,Current prices,N,Non transformed data,T0102,Table 0102 - GDP identity from the expenditure side,2008,,896866.504,,,,F,Free (free for publication),1,One,E,Estimated value,6,Millions,_Z,Not applicable
DATAFLOW,OECD.SDD.NAD:DSD_NAMAIN10@DF_TABLE1_EXPENDITURE(2.0),Annual GDP and components - expenditure approach,I,A,Annual,RUS,Russia,S1M,Households and non-profit institutions serving households (NPISH),S1,Total economy,P3,Final consumption expenditure,_Z,Not applicable,_Z,Not applicable,_T,Total,USD_EXC,"US dollars, exchange rate converted",V,Current prices,N,Non transformed data,T0102,Table 0102 - GDP identity from the expenditure side,2007,,700126.422,,,,F,Free (free for publication),1,One,E,Estimated value,6,Millions,_Z,Not applicable
DATAFLOW,OECD.SDD.NAD:DSD_NAMAIN10@DF_TABLE1_EXPENDITURE(2.0),Annual GDP and components - expenditure approach,I,A,Annual,RUS,Russia,S1M,Households and non-profit institutions serving households (NPISH),S1,Total economy,P3,Final consumption expenditure,_Z,Not applicable,_Z,Not applicable,_T,Total,USD_EXC,"US dollars, exchange rate converted",V,Current prices,N,Non transformed data,T0102,Table 0102 - GDP identity from the expenditure side,2006,,533239.664,,,,F,Free (free for publication),1,One,E,Estimated value,6,Millions,_Z,Not applicable
DATAFLOW,OECD.SDD.NAD:DSD_NAMAIN10@DF_TABLE1_EXPENDITURE(2.0),Annual GDP and components - expenditure approach,I,A,Annual,RUS,Russia,S1M,Households and non-profit institutions serving households (NPISH),S1,Total economy,P3,Final consumption expenditure,_Z,Not applicable,_Z,Not applicable,_T,Total,USD_EXC,"US dollars, exchange rate converted",V,Current prices,N,Non transformed data,T0102,Table 0102 - GDP identity from the expenditure side,2005,,421374.231,,,,F,Free (free for publication),1,One,E,Estimated value,6,Millions,_Z,Not applicable
DATAFLOW,OECD.SDD.NAD:DSD_NAMAIN10@DF_TABLE1_EXPENDITURE(2.0),Annual GDP and components - expenditure approach,I,A,Annual,RUS,Russia,S1M,Households and non-profit institutions serving households (NPISH),S1,Total economy,P3,Final consumption expenditure,_Z,Not applicable,_Z,Not applicable,_T,Total,USD_EXC,"US dollars, exchange rate converted",V,Current prices,N,Non transformed data,T0102,Table 0102 - GDP identity from the expenditure side,2004,,329153.529,,,,F,Free (free for publication),1,One,E,Estimated value,6,Millions,_Z,Not applicable
DATAFLOW,OECD.SDD.NAD:DSD_NAMAIN10@DF_TABLE1_EXPENDITURE(2.0),Annual GDP and components - expenditure approach,I,A,Annual,RUS,Russia,S1M,Households and non-profit institutions serving households (NPISH),S1,Total economy,P3,Final consumption expenditure,_Z,Not applicable,_Z,Not applicable,_T,Total,USD_EXC,"US dollars, exchange rate converted",V,Current prices,N,Non transformed data,T0102,Table 0102 - GDP identity from the expenditure side,2003,,240799.426,,,,F,Free (free for publication),1,One,E,Estimated value,6,Millions,_Z,Not applicable
DATAFLOW,OECD.SDD.NAD:DSD_NAMAIN10@DF_TABLE1_EXPENDITURE(2.0),Annual GDP and components - expenditure approach,I,A,Annual,CPV,Cabo Verde,S1M,Households and non-profit institutions serving households (NPISH),S1,Total economy,P3,Final consumption expenditure,_Z,Not applicable,_Z,Not applicable,_T,Total,USD_EXC,"US dollars, exchange rate converted",V,Current prices,N,Non transformed data,T0102,Table 0102 - GDP identity from the expenditure side,2014,,1266.376,,,,F,Free (free for publication),1,One,A,Normal value,6,Millions,_Z,Not applicable
DATAFLOW,OECD.SDD.NAD:DSD_NAMAIN10@DF_TABLE1_EXPENDITURE(2.0),Annual GDP and components - expenditure approach,I,A,Annual,CPV,Cabo Verde,S1M,Households and non-profit institutions serving households (NPISH),S1,Total economy,P3,Final consumption expenditure,_Z,Not applicable,_Z,Not applicable,_T,Total,USD_EXC,"US dollars, exchange rate converted",V,Current prices,N,Non transformed data,T0102,Table 0102 - GDP identity from the expenditure side,2013,,1265.998,,,,F,Free (free for publication),1,One,A,Normal value,6,Millions,_Z,Not applicable
DATAFLOW,OECD.SDD.NAD:DSD_NAMAIN10@DF_TABLE1_EXPENDITURE(2.0),Annual GDP and components - expenditure approach,I,A,Annual,CPV,Cabo Verde,S1M,Households and non-profit institutions serving households (NPISH),S1,Total economy,P3,Final consumption expenditure,_Z,Not applicable,_Z,Not applicable,_T,Total,USD_EXC,"US dollars, exchange rate converted",V,Current prices,N,Non transformed data,T0102,Table 0102 - GDP identity from the expenditure side,2012,,1186.189,,,,F,Free (free for publication),1,One,A,Normal value,6,Millions,_Z,Not applicable
DATAFLOW,OECD.SDD.NAD:DSD_NAMAIN10@DF_TABLE1_EXPENDITURE(2.0),Annual GDP and components - expenditure approach,I,A,Annual,CPV,Cabo Verde,S1M,Households and non-profit institutions serving households (NPISH),S1,Total economy,P3,Final consumption expenditure,_Z,Not applicable,_Z,Not applicable,_T,Total,USD_EXC,"US dollars, exchange rate converted",V,Current prices,N,Non transformed data,T0102,Table 0102 - GDP identity from the expenditure side,2011,,1228.295,,,,F,Free (free for publication),1,One,A,Normal value,6,Millions,_Z,Not applicable
DATAFLOW,OECD.SDD.NAD:DSD_NAMAIN10@DF_TABLE1_EXPENDITURE(2.0),Annual GDP and components - expenditure approach,I,A,Annual,CPV,Cabo Verde,S1M,Households and non-profit institutions serving households (NPISH),S1,Total economy,P3,Final consumption expenditure,_Z,Not applicable,_Z,Not applicable,_T,Total,USD_EXC,"US dollars, exchange rate converted",V,Current prices,N,Non transformed data,T0102,Table 0102 - GDP identity from the expenditure side,2010,,1099.13,,,,F,Free (free for publication),1,One,A,Normal value,6,Millions,_Z,Not applicable
DATAFLOW,OECD.SDD.NAD:DSD_NAMAIN10@DF_TABLE1_EXPENDITURE(2.0),Annual GDP and components - expenditure approach,I,A,Annual,CPV,Cabo Verde,S1M,Households and non-profit institutions serving households (NPISH),S1,Total economy,P3,Final consumption expenditure,_Z,Not applicable,_Z,Not applicable,_T,Total,USD_EXC,"US dollars, exchange rate converted",V,Current prices,N,Non transformed data,T0102,Table 0102 - GDP identity from the expenditure side,2009,,1137.295,,,,F,Free (free for publication),1,One,A,Normal value,6,Millions,_Z,Not applicable
DATAFLOW,OECD.SDD.NAD:DSD_NAMAIN10@DF_TABLE1_EXPENDITURE(2.0),Annual GDP and components - expenditure approach,I,A,Annual,CPV,Cabo Verde,S1M,Households and non-profit institutions serving households (NPISH),S1,Total economy,P3,Final consumption expenditure,_Z,Not applicable,_Z,Not applicable,_T,Total,USD_EXC,"US dollars, exchange rate converted",V,Current prices,N,Non transformed data,T0102,Table 0102 - GDP identity from the expenditure side,2008,,1140.707,,,,F,Free (free for publication),1,One,A,Normal value,6,Millions,_Z,Not applicable
DATAFLOW,OECD.SDD.NAD:DSD_NAMAIN10@DF_TABLE1_EXPENDITURE(2.0),Annual GDP and components - expenditure approach,I,A,Annual,CPV,Cabo Verde,S1M,Households and non-profit institutions serving households (NPISH),S1,Total economy,P3,Final consumption expenditure,_Z,Not applicable,_Z,Not applicable,_T,Total,USD_EXC,"US dollars, exchange rate converted",V,Current prices,N,Non transformed data,T0102,Table 0102 - GDP identity from the expenditure side,2007,,999.407,,,,F,Free (free for publication),1,One,A,Normal value,6,Millions,_Z,Not applicable
DATAFLOW,OECD.SDD.NAD:DSD_NAMAIN10@DF_TABLE1_EXPENDITURE(2.0),Annual GDP and components - expenditure approach,I,A,Annual,CPV,Cabo Verde,S1M,Households and non-profit institutions serving households (NPISH),S1,Total economy,P3,Final consumption expenditure,_Z,Not applicable,_Z,Not applicable,_T,Total,USD_EXC,"US dollars, exchange rate converted",V,Current prices,N,Non transformed data,T0102,Table 0102 - GDP identity from the expenditure side,2020,,1331.846,,,,F,Free (free for publication),1,One,A,Normal value,6,Millions,_Z,Not applicable
DATAFLOW,OECD.SDD.NAD:DSD_NAMAIN10@DF_TABLE1_EXPENDITURE(2.0),Annual GDP and components - expenditure approach,I,A,Annual,CPV,Cabo Verde,S1M,Households and non-profit institutions serving households (NPISH),S1,Total economy,P3,Final consumption expenditure,_Z,Not applicable,_Z,Not applicable,_T,Total,USD_EXC,"US dollars, exchange rate converted",V,Current prices,N,Non transformed data,T0102,Table 0102 - GDP identity from the expenditure side,2019,,1507.746,,,,F,Free (free for publication),1,One,A,Normal value,6,Millions,_Z,Not applicable
DATAFLOW,OECD.SDD.NAD:DSD_NAMAIN10@DF_TABLE1_EXPENDITURE(2.0),Annual GDP and components - expenditure approach,I,A,Annual,CPV,Cabo Verde,S1M,Households and non-profit institutions serving households (NPISH),S1,Total economy,P3,Final consumption expenditure,_Z,Not applicable,_Z,Not applicable,_T,Total,USD_EXC,"US dollars, exchange rate converted",V,Current prices,N,Non transformed data,T0102,Table 0102 - GDP identity from the expenditure side,2018,,1510.94,,,,F,Free (free for publication),1,One,A,Normal value,6,Millions,_Z,Not applicable
DATAFLOW,OECD.SDD.NAD:DSD_NAMAIN10@DF_TABLE1_EXPENDITURE(2.0),Annual GDP and components - expenditure approach,I,A,Annual,CPV,Cabo Verde,S1M,Households and non-profit institutions serving households (NPISH),S1,Total economy,P3,Final consumption expenditure,_Z,Not applicable,_Z,Not applicable,_T,Total,USD_EXC,"US dollars, exchange rate converted",V,Current prices,N,Non transformed data,T0102,Table 0102 - GDP identity from the expenditure side,2017,,1375.026,,,,F,Free (free for publication),1,One,A,Normal value,6,Millions,_Z,Not applicable
DATAFLOW,OECD.SDD.NAD:DSD_NAMAIN10@DF_TABLE1_EXPENDITURE(2.0),Annual GDP and components - expenditure approach,I,A,Annual,CPV,Cabo Verde,S1M,Households and non-profit institutions serving households (NPISH),S1,Total economy,P3,Final consumption expenditure,_Z,Not applicable,_Z,Not applicable,_T,Total,USD_EXC,"US dollars, exchange rate converted",V,Current prices,N,Non transformed data,T0102,Table 0102 - GDP identity from the expenditure side,2016,,1184.702,,,,F,Free (free for publication),1,One,A,Normal value,6,Millions,_Z,Not applicable
DATAFLOW,OECD.SDD.NAD:DSD_NAMAIN10@DF_TABLE1_EXPENDITURE(2.0),Annual GDP and components - expenditure approach,I,A,Annual,SEN,Senegal,S1M,Households and non-profit institutions serving households (NPISH),S1,Total economy,P3,Final consumption expenditure,_Z,Not applicable,_Z,Not applicable,_T,Total,USD_EXC,"US dollars, exchange rate converted",V,Current prices,N,Non transformed data,T0102,Table 0102 - GDP identity from the expenditure side,2007,,9917.81,,,,F,Free (free for publication),1,One,A,Normal value,6,Millions,_Z,Not applicable
DATAFLOW,OECD.SDD.NAD:DSD_NAMAIN10@DF_TABLE1_EXPENDITURE(2.0),Annual GDP and components - expenditure approach,I,A,Annual,SEN,Senegal,S1M,Households and non-profit institutions serving households (NPISH),S1,Total economy,P3,Final consumption expenditure,_Z,Not applicable,_Z,Not applicable,_T,Total,USD_EXC,"US dollars, exchange rate converted",V,Current prices,N,Non transformed data,T0102,Table 0102 - GDP identity from the expenditure side,2006,,8302.433,,,,F,Free (free for publication),1,One,A,Normal value,6,Millions,_Z,Not applicable
DATAFLOW,OECD.SDD.NAD:DSD_NAMAIN10@DF_TABLE1_EXPENDITURE(2.0),Annual GDP and components - expenditure approach,I,A,Annual,SEN,Senegal,S1M,Households and non-profit institutions serving households (NPISH),S1,Total economy,P3,Final consumption expenditure,_Z,Not applicable,_Z,Not applicable,_T,Total,USD_EXC,"US dollars, exchange rate converted",V,Current prices,N,Non transformed data,T0102,Table 0102 - GDP identity from the expenditure side,2002,,4823.096,,,,F,Free (free for publication),1,One,A,Normal value,6,Millions,_Z,Not applicable
DATAFLOW,OECD.SDD.NAD:DSD_NAMAIN10@DF_TABLE1_EXPENDITURE(2.0),Annual GDP and components - expenditure approach,I,A,Annual,SEN,Senegal,S1M,Households and non-profit institutions serving households (NPISH),S1,Total economy,P3,Final consumption expenditure,_Z,Not applicable,_Z,Not applicable,_T,Total,USD_EXC,"US dollars, exchange rate converted",V,Current prices,N,Non transformed data,T0102,Table 0102 - GDP identity from the expenditure side,2001,,4343.839,,,,F,Free (free for publication),1,One,A,Normal value,6,Millions,_Z,Not applicable
DATAFLOW,OECD.SDD.NAD:DSD_NAMAIN10@DF_TABLE1_EXPENDITURE(2.0),Annual GDP and components - expenditure approach,I,A,Annual,SEN,Senegal,S1M,Households and non-profit institutions serving households (NPISH),S1,Total economy,P3,Final consumption expenditure,_Z,Not applicable,_Z,Not applicable,_T,Total,USD_EXC,"US dollars, exchange rate converted",V,Current prices,N,Non transformed data,T0102,Table 0102 - GDP identity from the expenditure side,2000,,4059.738,,,,F,Free (free for publication),1,One,A,Normal value,6,Millions,_Z,Not applicable
DATAFLOW,OECD.SDD.NAD:DSD_NAMAIN10@DF_TABLE1_EXPENDITURE(2.0),Annual GDP and components - expenditure approach,I,A,Annual,SEN,Senegal,S1M,Households and non-profit institutions serving households (NPISH),S1,Total economy,P3,Final consumption expenditure,_Z,Not applicable,_Z,Not applicable,_T,Total,USD_EXC,"US dollars, exchange rate converted",V,Current prices,N,Non transformed data,T0102,Table 0102 - GDP identity from the expenditure side,1999,,4373.21,,,,F,Free (free for publication),1,One,A,Normal value,6,Millions,_Z,Not applicable
DATAFLOW,OECD.SDD.NAD:DSD_NAMAIN10@DF_TABLE1_EXPENDITURE(2.0),Annual GDP and components - expenditure approach,I,A,Annual,SEN,Senegal,S1M,Households and non-profit institutions serving households (NPISH),S1,Total economy,P3,Final consumption expenditure,_Z,Not applicable,_Z,Not applicable,_T,Total,USD_EXC,"US dollars, exchange rate converted",V,Current prices,N,Non transformed data,T0102,Table 0102 - GDP identity from the expenditure side,2019,,15984.151,,,,F,Free (free for publication),1,One,A,Normal value,6,Millions,_Z,Not applicable
DATAFLOW,OECD.SDD.NAD:DSD_NAMAIN10@DF_TABLE1_EXPENDITURE(2.0),Annual GDP and components - expenditure approach,I,A,Annual,SEN,Senegal,S1M,Households and non-profit institutions serving households (NPISH),S1,Total economy,P3,Final consumption expenditure,_Z,Not applicable,_Z,Not applicable,_T,Total,USD_EXC,"US dollars, exchange rate converted",V,Current prices,N,Non transformed data,T0102,Table 0102 - GDP identity from the expenditure side,2018,,16056.649,,,,F,Free (free for publication),1,One,A,Normal value,6,Millions,_Z,Not applicable
DATAFLOW,OECD.SDD.NAD:DSD_NAMAIN10@DF_TABLE1_EXPENDITURE(2.0),Annual GDP and components - expenditure approach,I,A,Annual,SEN,Senegal,S1M,Households and non-profit institutions serving households (NPISH),S1,Total economy,P3,Final consumption expenditure,_Z,Not applicable,_Z,Not applicable,_T,Total,USD_EXC,"US dollars, exchange rate converted",V,Current prices,N,Non transformed data,T0102,Table 0102 - GDP identity from the expenditure side,2017,,14780.65,,,,F,Free (free for publication),1,One,A,Normal value,6,Millions,_Z,Not applicable
DATAFLOW,OECD.SDD.NAD:DSD_NAMAIN10@DF_TABLE1_EXPENDITURE(2.0),Annual GDP and components - expenditure approach,I,A,Annual,SEN,Senegal,S1M,Households and non-profit institutions serving households (NPISH),S1,Total economy,P3,Final consumption expenditure,_Z,Not applicable,_Z,Not applicable,_T,Total,USD_EXC,"US dollars, exchange rate converted",V,Current prices,N,Non transformed data,T0102,Table 0102 - GDP identity from the expenditure side,2016,,13631.626,,,,F,Free (free for publication),1,One,A,Normal value,6,Millions,_Z,Not applicable
DATAFLOW,OECD.SDD.NAD:DSD_NAMAIN10@DF_TABLE1_EXPENDITURE(2.0),Annual GDP and components - expenditure approach,I,A,Annual,SEN,Senegal,S1M,Households and non-profit institutions serving households (NPISH),S1,Total economy,P3,Final consumption expenditure,_Z,Not applicable,_Z,Not applicable,_T,Total,USD_EXC,"US dollars, exchange rate converted",V,Current prices,N,Non transformed data,T0102,Table 0102 - GDP identity from the expenditure side,2015,,12908.633,,,,F,Free (free for publication),1,One,A,Normal value,6,Millions,_Z,Not applicable
DATAFLOW,OECD.SDD.NAD:DSD_NAMAIN10@DF_TABLE1_EXPENDITURE(2.0),Annual GDP and components - expenditure approach,I,A,Annual,SEN,Senegal,S1M,Households and non-profit institutions serving households (NPISH),S1,Total economy,P3,Final consumption expenditure,_Z,Not applicable,_Z,Not applicable,_T,Total,USD_EXC,"US dollars, exchange rate converted",V,Current prices,N,Non transformed data,T0102,Table 0102 - GDP identity from the expenditure side,2014,,14703.525,,,,F,Free (free for publication),1,One,A,Normal value,6,Millions,_Z,Not applicable
DATAFLOW,OECD.SDD.NAD:DSD_NAMAIN10@DF_TABLE1_EXPENDITURE(2.0),Annual GDP and components - expenditure approach,I,A,Annual,SEN,Senegal,S1M,Households and non-profit institutions serving households (NPISH),S1,Total economy,P3,Final consumption expenditure,_Z,Not applicable,_Z,Not applicable,_T,Total,USD_EXC,"US dollars, exchange rate converted",V,Current prices,N,Non transformed data,T0102,Table 0102 - GDP identity from the expenditure side,2013,,12838.149,,,,F,Free (free for publication),1,One,A,Normal value,6,Millions,_Z,Not applicable
DATAFLOW,OECD.SDD.NAD:DSD_NAMAIN10@DF_TABLE1_EXPENDITURE(2.0),Annual GDP and components - expenditure approach,I,A,Annual,SEN,Senegal,S1M,Households and non-profit institutions serving households (NPISH),S1,Total economy,P3,Final consumption expenditure,_Z,Not applicable,_Z,Not applicable,_T,Total,USD_EXC,"US dollars, exchange rate converted",V,Current prices,N,Non transformed data,T0102,Table 0102 - GDP identity from the expenditure side,2012,,12109.342,,,,F,Free (free for publication),1,One,A,Normal value,6,Millions,_Z,Not applicable
DATAFLOW,OECD.SDD.NAD:DSD_NAMAIN10@DF_TABLE1_EXPENDITURE(2.0),Annual GDP and components - expenditure approach,I,A,Annual,SEN,Senegal,S1M,Households and non-profit institutions serving households (NPISH),S1,Total economy,P3,Final consumption expenditure,_Z,Not applicable,_Z,Not applicable,_T,Total,USD_EXC,"US dollars, exchange rate converted",V,Current prices,N,Non transformed data,T0102,Table 0102 - GDP identity from the expenditure side,2011,,12345.193,,,,F,Free (free for publication),1,One,A,Normal value,6,Millions,_Z,Not applicable
DATAFLOW,OECD.SDD.NAD:DSD_NAMAIN10@DF_TABLE1_EXPENDITURE(2.0),Annual GDP and components - expenditure approach,I,A,Annual,SEN,Senegal,S1M,Households and non-profit institutions serving households (NPISH),S1,Total economy,P3,Final consumption expenditure,_Z,Not applicable,_Z,Not applicable,_T,Total,USD_EXC,"US dollars, exchange rate converted",V,Current prices,N,Non transformed data,T0102,Table 0102 - GDP identity from the expenditure side,2010,,10981.473,,,,F,Free (free for publication),1,One,A,Normal value,6,Millions,_Z,Not applicable
DATAFLOW,OECD.SDD.NAD:DSD_NAMAIN10@DF_TABLE1_EXPENDITURE(2.0),Annual GDP and components - expenditure approach,I,A,Annual,SEN,Senegal,S1M,Households and non-profit institutions serving households (NPISH),S1,Total economy,P3,Final consumption expenditure,_Z,Not applicable,_Z,Not applicable,_T,Total,USD_EXC,"US dollars, exchange rate converted",V,Current prices,N,Non transformed data,T0102,Table 0102 - GDP identity from the expenditure side,2005,,7671.07,,,,F,Free (free for publication),1,One,A,Normal value,6,Millions,_Z,Not applicable
DATAFLOW,OECD.SDD.NAD:DSD_NAMAIN10@DF_TABLE1_EXPENDITURE(2.0),Annual GDP and components - expenditure approach,I,A,Annual,SEN,Senegal,S1M,Households and non-profit institutions serving households (NPISH),S1,Total economy,P3,Final consumption expenditure,_Z,Not applicable,_Z,Not applicable,_T,Total,USD_EXC,"US dollars, exchange rate converted",V,Current prices,N,Non transformed data,T0102,Table 0102 - GDP identity from the expenditure side,2004,,7057.925,,,,F,Free (free for publication),1,One,A,Normal value,6,Millions,_Z,Not applicable
DATAFLOW,OECD.SDD.NAD:DSD_NAMAIN10@DF_TABLE1_EXPENDITURE(2.0),Annual GDP and components - expenditure approach,I,A,Annual,SEN,Senegal,S1M,Households and non-profit institutions serving households (NPISH),S1,Total economy,P3,Final consumption expenditure,_Z,Not applicable,_Z,Not applicable,_T,Total,USD_EXC,"US dollars, exchange rate converted",V,Current prices,N,Non transformed data,T0102,Table 0102 - GDP identity from the expenditure side,2003,,6031.621,,,,F,Free (free for publication),1,One,A,Normal value,6,Millions,_Z,Not applicable
DATAFLOW,OECD.SDD.NAD:DSD_NAMAIN10@DF_TABLE1_EXPENDITURE(2.0),Annual GDP and components - expenditure approach,I,A,Annual,SEN,Senegal,S1M,Households and non-profit institutions serving households (NPISH),S1,Total economy,P3,Final consumption expenditure,_Z,Not applicable,_Z,Not applicable,_T,Total,USD_EXC,"US dollars, exchange rate converted",V,Current prices,N,Non transformed data,T0102,Table 0102 - GDP identity from the expenditure side,2020,,16860.45,,,,F,Free (free for publication),1,One,A,Normal value,6,Millions,_Z,Not applicable
DATAFLOW,OECD.SDD.NAD:DSD_NAMAIN10@DF_TABLE1_EXPENDITURE(2.0),Annual GDP and components - expenditure approach,I,A,Annual,SEN,Senegal,S1M,Households and non-profit institutions serving households (NPISH),S1,Total economy,P3,Final consumption expenditure,_Z,Not applicable,_Z,Not applicable,_T,Total,USD_EXC,"US dollars, exchange rate converted",V,Current prices,N,Non transformed data,T0102,Table 0102 - GDP identity from the expenditure side,2009,,11134.884,,,,F,Free (free for publication),1,One,A,Normal value,6,Millions,_Z,Not applicable
DATAFLOW,OECD.SDD.NAD:DSD_NAMAIN10@DF_TABLE1_EXPENDITURE(2.0),Annual GDP and components - expenditure approach,I,A,Annual,SAU,Saudi Arabia,S1M,Households and non-profit institutions serving households (NPISH),S1,Total economy,P3,Final consumption expenditure,_Z,Not applicable,_Z,Not applicable,_T,Total,USD_EXC,"US dollars, exchange rate converted",V,Current prices,N,Non transformed data,T0102,Table 0102 - GDP identity from the expenditure side,1995,,66741.333,,,,F,Free (free for publication),1,One,A,Normal value,6,Millions,_Z,Not applicable
DATAFLOW,OECD.SDD.NAD:DSD_NAMAIN10@DF_TABLE1_EXPENDITURE(2.0),Annual GDP and components - expenditure approach,I,A,Annual,SAU,Saudi Arabia,S1M,Households and non-profit institutions serving households (NPISH),S1,Total economy,P3,Final consumption expenditure,_Z,Not applicable,_Z,Not applicable,_T,Total,USD_EXC,"US dollars, exchange rate converted",V,Current prices,N,Non transformed data,T0102,Table 0102 - GDP identity from the expenditure side,2020,,324987.231,,,,F,Free (free for publication),1,One,A,Normal value,6,Millions,_Z,Not applicable
DATAFLOW,OECD.SDD.NAD:DSD_NAMAIN10@DF_TABLE1_EXPENDITURE(2.0),Annual GDP and components - expenditure approach,I,A,Annual,SAU,Saudi Arabia,S1M,Households and non-profit institutions serving households (NPISH),S1,Total economy,P3,Final consumption expenditure,_Z,Not applicable,_Z,Not applicable,_T,Total,USD_EXC,"US dollars, exchange rate converted",V,Current prices,N,Non transformed data,T0102,Table 0102 - GDP identity from the expenditure side,2007,,115783.203,,,,F,Free (free for publication),1,One,A,Normal value,6,Millions,_Z,Not applicable
DATAFLOW,OECD.SDD.NAD:DSD_NAMAIN10@DF_TABLE1_EXPENDITURE(2.0),Annual GDP and components - expenditure approach,I,A,Annual,SAU,Saudi Arabia,S1M,Households and non-profit institutions serving households (NPISH),S1,Total economy,P3,Final consumption expenditure,_Z,Not applicable,_Z,Not applicable,_T,Total,USD_EXC,"US dollars, exchange rate converted",V,Current prices,N,Non transformed data,T0102,Table 0102 - GDP identity from the expenditure side,2006,,97962.643,,,,F,Free (free for publication),1,One,A,Normal value,6,Millions,_Z,Not applicable
DATAFLOW,OECD.SDD.NAD:DSD_NAMAIN10@DF_TABLE1_EXPENDITURE(2.0),Annual GDP and components - expenditure approach,I,A,Annual,SAU,Saudi Arabia,S1M,Households and non-profit institutions serving households (NPISH),S1,Total economy,P3,Final consumption expenditure,_Z,Not applicable,_Z,Not applicable,_T,Total,USD_EXC,"US dollars, exchange rate converted",V,Current prices,N,Non transformed data,T0102,Table 0102 - GDP identity from the expenditure side,2005,,86441.081,,,,F,Free (free for publication),1,One,A,Normal value,6,Millions,_Z,Not applicable
DATAFLOW,OECD.SDD.NAD:DSD_NAMAIN10@DF_TABLE1_EXPENDITURE(2.0),Annual GDP and components - expenditure approach,I,A,Annual,SAU,Saudi Arabia,S1M,Households and non-profit institutions serving households (NPISH),S1,Total economy,P3,Final consumption expenditure,_Z,Not applicable,_Z,Not applicable,_T,Total,USD_EXC,"US dollars, exchange rate converted",V,Current prices,N,Non transformed data,T0102,Table 0102 - GDP identity from the expenditure side,2004,,78627.811,,,,F,Free (free for publication),1,One,A,Normal value,6,Millions,_Z,Not applicable
DATAFLOW,OECD.SDD.NAD:DSD_NAMAIN10@DF_TABLE1_EXPENDITURE(2.0),Annual GDP and components - expenditure approach,I,A,Annual,SAU,Saudi Arabia,S1M,Households and non-profit institutions serving households (NPISH),S1,Total economy,P3,Final consumption expenditure,_Z,Not applicable,_Z,Not applicable,_T,Total,USD_EXC,"US dollars, exchange rate converted",V,Current prices,N,Non transformed data,T0102,Table 0102 - GDP identity from the expenditure side,2003,,73689.41,,,,F,Free (free for publication),1,One,A,Normal value,6,Millions,_Z,Not applicable
DATAFLOW,OECD.SDD.NAD:DSD_NAMAIN10@DF_TABLE1_EXPENDITURE(2.0),Annual GDP and components - expenditure approach,I,A,Annual,SAU,Saudi Arabia,S1M,Households and non-profit institutions serving households (NPISH),S1,Total economy,P3,Final consumption expenditure,_Z,Not applicable,_Z,Not applicable,_T,Total,USD_EXC,"US dollars, exchange rate converted",V,Current prices,N,Non transformed data,T0102,Table 0102 - GDP identity from the expenditure side,2002,,70250.693,,,,F,Free (free for publication),1,One,A,Normal value,6,Millions,_Z,Not applicable
DATAFLOW,OECD.SDD.NAD:DSD_NAMAIN10@DF_TABLE1_EXPENDITURE(2.0),Annual GDP and components - expenditure approach,I,A,Annual,SAU,Saudi Arabia,S1M,Households and non-profit institutions serving households (NPISH),S1,Total economy,P3,Final consumption expenditure,_Z,Not applicable,_Z,Not applicable,_T,Total,USD_EXC,"US dollars, exchange rate converted",V,Current prices,N,Non transformed data,T0102,Table 0102 - GDP identity from the expenditure side,2001,,68763.169,,,,F,Free (free for publication),1,One,A,Normal value,6,Millions,_Z,Not applicable
DATAFLOW,OECD.SDD.NAD:DSD_NAMAIN10@DF_TABLE1_EXPENDITURE(2.0),Annual GDP and components - expenditure approach,I,A,Annual,SAU,Saudi Arabia,S1M,Households and non-profit institutions serving households (NPISH),S1,Total economy,P3,Final consumption expenditure,_Z,Not applicable,_Z,Not applicable,_T,Total,USD_EXC,"US dollars, exchange rate converted",V,Current prices,N,Non transformed data,T0102,Table 0102 - GDP identity from the expenditure side,2000,,68558.579,,,,F,Free (free for publication),1,One,A,Normal value,6,Millions,_Z,Not applicable
DATAFLOW,OECD.SDD.NAD:DSD_NAMAIN10@DF_TABLE1_EXPENDITURE(2.0),Annual GDP and components - expenditure approach,I,A,Annual,SAU,Saudi Arabia,S1M,Households and non-profit institutions serving households (NPISH),S1,Total economy,P3,Final consumption expenditure,_Z,Not applicable,_Z,Not applicable,_T,Total,USD_EXC,"US dollars, exchange rate converted",V,Current prices,N,Non transformed data,T0102,Table 0102 - GDP identity from the expenditure side,2015,,273356.437,,,,F,Free (free for publication),1,One,A,Normal value,6,Millions,_Z,Not applicable
DATAFLOW,OECD.SDD.NAD:DSD_NAMAIN10@DF_TABLE1_EXPENDITURE(2.0),Annual GDP and components - expenditure approach,I,A,Annual,SAU,Saudi Arabia,S1M,Households and non-profit institutions serving households (NPISH),S1,Total economy,P3,Final consumption expenditure,_Z,Not applicable,_Z,Not applicable,_T,Total,USD_EXC,"US dollars, exchange rate converted",V,Current prices,N,Non transformed data,T0102,Table 0102 - GDP identity from the expenditure side,2014,,247885.621,,,,F,Free (free for publication),1,One,A,Normal value,6,Millions,_Z,Not applicable
DATAFLOW,OECD.SDD.NAD:DSD_NAMAIN10@DF_TABLE1_EXPENDITURE(2.0),Annual GDP and components - expenditure approach,I,A,Annual,SAU,Saudi Arabia,S1M,Households and non-profit institutions serving households (NPISH),S1,Total economy,P3,Final consumption expenditure,_Z,Not applicable,_Z,Not applicable,_T,Total,USD_EXC,"US dollars, exchange rate converted",V,Current prices,N,Non transformed data,T0102,Table 0102 - GDP identity from the expenditure side,2013,,225801.132,,,,F,Free (free for publication),1,One,A,Normal value,6,Millions,_Z,Not applicable
DATAFLOW,OECD.SDD.NAD:DSD_NAMAIN10@DF_TABLE1_EXPENDITURE(2.0),Annual GDP and components - expenditure approach,I,A,Annual,SAU,Saudi Arabia,S1M,Households and non-profit institutions serving households (NPISH),S1,Total economy,P3,Final consumption expenditure,_Z,Not applicable,_Z,Not applicable,_T,Total,USD_EXC,"US dollars, exchange rate converted",V,Current prices,N,Non transformed data,T0102,Table 0102 - GDP identity from the expenditure side,2012,,210012.009,,,,F,Free (free for publication),1,One,A,Normal value,6,Millions,_Z,Not applicable
DATAFLOW,OECD.SDD.NAD:DSD_NAMAIN10@DF_TABLE1_EXPENDITURE(2.0),Annual GDP and components - expenditure approach,I,A,Annual,SAU,Saudi Arabia,S1M,Households and non-profit institutions serving households (NPISH),S1,Total economy,P3,Final consumption expenditure,_Z,Not applicable,_Z,Not applicable,_T,Total,USD_EXC,"US dollars, exchange rate converted",V,Current prices,N,Non transformed data,T0102,Table 0102 - GDP identity from the expenditure side,2011,,181885.151,,,,F,Free (free for publication),1,One,A,Normal value,6,Millions,_Z,Not applicable
DATAFLOW,OECD.SDD.NAD:DSD_NAMAIN10@DF_TABLE1_EXPENDITURE(2.0),Annual GDP and components - expenditure approach,I,A,Annual,SAU,Saudi Arabia,S1M,Households and non-profit institutions serving households (NPISH),S1,Total economy,P3,Final consumption expenditure,_Z,Not applicable,_Z,Not applicable,_T,Total,USD_EXC,"US dollars, exchange rate converted",V,Current prices,N,Non transformed data,T0102,Table 0102 - GDP identity from the expenditure side,2010,,170511.304,,,,F,Free (free for publication),1,One,A,Normal value,6,Millions,_Z,Not applicable
DATAFLOW,OECD.SDD.NAD:DSD_NAMAIN10@DF_TABLE1_EXPENDITURE(2.0),Annual GDP and components - expenditure approach,I,A,Annual,SAU,Saudi Arabia,S1M,Households and non-profit institutions serving households (NPISH),S1,Total economy,P3,Final consumption expenditure,_Z,Not applicable,_Z,Not applicable,_T,Total,USD_EXC,"US dollars, exchange rate converted",V,Current prices,N,Non transformed data,T0102,Table 0102 - GDP identity from the expenditure side,2009,,157817.067,,,,F,Free (free for publication),1,One,A,Normal value,6,Millions,_Z,Not applicable
DATAFLOW,OECD.SDD.NAD:DSD_NAMAIN10@DF_TABLE1_EXPENDITURE(2.0),Annual GDP and components - expenditure approach,I,A,Annual,SAU,Saudi Arabia,S1M,Households and non-profit institutions serving households (NPISH),S1,Total economy,P3,Final consumption expenditure,_Z,Not applicable,_Z,Not applicable,_T,Total,USD_EXC,"US dollars, exchange rate converted",V,Current prices,N,Non transformed data,T0102,Table 0102 - GDP identity from the expenditure side,2008,,139719.2,,,,F,Free (free for publication),1,One,A,Normal value,6,Millions,_Z,Not applicable
DATAFLOW,OECD.SDD.NAD:DSD_NAMAIN10@DF_TABLE1_EXPENDITURE(2.0),Annual GDP and components - expenditure approach,I,A,Annual,SAU,Saudi Arabia,S1M,Households and non-profit institutions serving households (NPISH),S1,Total economy,P3,Final consumption expenditure,_Z,Not applicable,_Z,Not applicable,_T,Total,USD_EXC,"US dollars, exchange rate converted",V,Current prices,N,Non transformed data,T0102,Table 0102 - GDP identity from the expenditure side,1999,,67257.6,,,,F,Free (free for publication),1,One,A,Normal value,6,Millions,_Z,Not applicable
DATAFLOW,OECD.SDD.NAD:DSD_NAMAIN10@DF_TABLE1_EXPENDITURE(2.0),Annual GDP and components - expenditure approach,I,A,Annual,SAU,Saudi Arabia,S1M,Households and non-profit institutions serving households (NPISH),S1,Total economy,P3,Final consumption expenditure,_Z,Not applicable,_Z,Not applicable,_T,Total,USD_EXC,"US dollars, exchange rate converted",V,Current prices,N,Non transformed data,T0102,Table 0102 - GDP identity from the expenditure side,1998,,67044.8,,,,F,Free (free for publication),1,One,A,Normal value,6,Millions,_Z,Not applicable
DATAFLOW,OECD.SDD.NAD:DSD_NAMAIN10@DF_TABLE1_EXPENDITURE(2.0),Annual GDP and components - expenditure approach,I,A,Annual,SAU,Saudi Arabia,S1M,Households and non-profit institutions serving households (NPISH),S1,Total economy,P3,Final consumption expenditure,_Z,Not applicable,_Z,Not applicable,_T,Total,USD_EXC,"US dollars, exchange rate converted",V,Current prices,N,Non transformed data,T0102,Table 0102 - GDP identity from the expenditure side,2019,,338110.682,,,,F,Free (free for publication),1,One,A,Normal value,6,Millions,_Z,Not applicable
DATAFLOW,OECD.SDD.NAD:DSD_NAMAIN10@DF_TABLE1_EXPENDITURE(2.0),Annual GDP and components - expenditure approach,I,A,Annual,SAU,Saudi Arabia,S1M,Households and non-profit institutions serving households (NPISH),S1,Total economy,P3,Final consumption expenditure,_Z,Not applicable,_Z,Not applicable,_T,Total,USD_EXC,"US dollars, exchange rate converted",V,Current prices,N,Non transformed data,T0102,Table 0102 - GDP identity from the expenditure side,2018,,320304.491,,,,F,Free (free for publication),1,One,A,Normal value,6,Millions,_Z,Not applicable
DATAFLOW,OECD.SDD.NAD:DSD_NAMAIN10@DF_TABLE1_EXPENDITURE(2.0),Annual GDP and components - expenditure approach,I,A,Annual,SAU,Saudi Arabia,S1M,Households and non-profit institutions serving households (NPISH),S1,Total economy,P3,Final consumption expenditure,_Z,Not applicable,_Z,Not applicable,_T,Total,USD_EXC,"US dollars, exchange rate converted",V,Current prices,N,Non transformed data,T0102,Table 0102 - GDP identity from the expenditure side,2017,,302825.407,,,,F,Free (free for publication),1,One,A,Normal value,6,Millions,_Z,Not applicable
DATAFLOW,OECD.SDD.NAD:DSD_NAMAIN10@DF_TABLE1_EXPENDITURE(2.0),Annual GDP and components - expenditure approach,I,A,Annual,SAU,Saudi Arabia,S1M,Households and non-profit institutions serving households (NPISH),S1,Total economy,P3,Final consumption expenditure,_Z,Not applicable,_Z,Not applicable,_T,Total,USD_EXC,"US dollars, exchange rate converted",V,Current prices,N,Non transformed data,T0102,Table 0102 - GDP identity from the expenditure side,2016,,290903.725,,,,F,Free (free for publication),1,One,A,Normal value,6,Millions,_Z,Not applicable
DATAFLOW,OECD.SDD.NAD:DSD_NAMAIN10@DF_TABLE1_EXPENDITURE(2.0),Annual GDP and components - expenditure approach,I,A,Annual,SAU,Saudi Arabia,S1M,Households and non-profit institutions serving households (NPISH),S1,Total economy,P3,Final consumption expenditure,_Z,Not applicable,_Z,Not applicable,_T,Total,USD_EXC,"US dollars, exchange rate converted",V,Current prices,N,Non transformed data,T0102,Table 0102 - GDP identity from the expenditure side,1997,,69714.133,,,,F,Free (free for publication),1,One,A,Normal value,6,Millions,_Z,Not applicable
DATAFLOW,OECD.SDD.NAD:DSD_NAMAIN10@DF_TABLE1_EXPENDITURE(2.0),Annual GDP and components - expenditure approach,I,A,Annual,ZAF,South Africa,S1M,Households and non-profit institutions serving households (NPISH),S1,Total economy,P3,Final consumption expenditure,_Z,Not applicable,_Z,Not applicable,_T,Total,USD_EXC,"US dollars, exchange rate converted",V,Current prices,N,Non transformed data,T0102,Table 0102 - GDP identity from the expenditure side,1997,,110344.587,,,,F,Free (free for publication),1,One,A,Normal value,6,Millions,_Z,Not applicable
DATAFLOW,OECD.SDD.NAD:DSD_NAMAIN10@DF_TABLE1_EXPENDITURE(2.0),Annual GDP and components - expenditure approach,I,A,Annual,ZAF,South Africa,S1M,Households and non-profit institutions serving households (NPISH),S1,Total economy,P3,Final consumption expenditure,_Z,Not applicable,_Z,Not applicable,_T,Total,USD_EXC,"US dollars, exchange rate converted",V,Current prices,N,Non transformed data,T0102,Table 0102 - GDP identity from the expenditure side,2009,,204464.145,,,,F,Free (free for publication),1,One,A,Normal value,6,Millions,_Z,Not applicable
DATAFLOW,OECD.SDD.NAD:DSD_NAMAIN10@DF_TABLE1_EXPENDITURE(2.0),Annual GDP and components - expenditure approach,I,A,Annual,ZAF,South Africa,S1M,Households and non-profit institutions serving households (NPISH),S1,Total economy,P3,Final consumption expenditure,_Z,Not applicable,_Z,Not applicable,_T,Total,USD_EXC,"US dollars, exchange rate converted",V,Current prices,N,Non transformed data,T0102,Table 0102 - GDP identity from the expenditure side,2008,,199280.526,,,,F,Free (free for publication),1,One,A,Normal value,6,Millions,_Z,Not applicable
DATAFLOW,OECD.SDD.NAD:DSD_NAMAIN10@DF_TABLE1_EXPENDITURE(2.0),Annual GDP and components - expenditure approach,I,A,Annual,ZAF,South Africa,S1M,Households and non-profit institutions serving households (NPISH),S1,Total economy,P3,Final consumption expenditure,_Z,Not applicable,_Z,Not applicable,_T,Total,USD_EXC,"US dollars, exchange rate converted",V,Current prices,N,Non transformed data,T0102,Table 0102 - GDP identity from the expenditure side,2010,,260299.34,,,,F,Free (free for publication),1,One,A,Normal value,6,Millions,_Z,Not applicable
DATAFLOW,OECD.SDD.NAD:DSD_NAMAIN10@DF_TABLE1_EXPENDITURE(2.0),Annual GDP and components - expenditure approach,I,A,Annual,SRB,Serbia,S1M,Households and non-profit institutions serving households (NPISH),S1,Total economy,P3,Final consumption expenditure,_Z,Not applicable,_Z,Not applicable,_T,Total,USD_EXC,"US dollars, exchange rate converted",V,Current prices,N,Non transformed data,T0102,Table 0102 - GDP identity from the expenditure side,2004,,19651.957,,,,F,Free (free for publication),1,One,A,Normal value,6,Millions,_Z,Not applicable
DATAFLOW,OECD.SDD.NAD:DSD_NAMAIN10@DF_TABLE1_EXPENDITURE(2.0),Annual GDP and components - expenditure approach,I,A,Annual,SRB,Serbia,S1M,Households and non-profit institutions serving households (NPISH),S1,Total economy,P3,Final consumption expenditure,_Z,Not applicable,_Z,Not applicable,_T,Total,USD_EXC,"US dollars, exchange rate converted",V,Current prices,N,Non transformed data,T0102,Table 0102 - GDP identity from the expenditure side,2003,,15914.859,,,,F,Free (free for publication),1,One,A,Normal value,6,Millions,_Z,Not applicable
DATAFLOW,OECD.SDD.NAD:DSD_NAMAIN10@DF_TABLE1_EXPENDITURE(2.0),Annual GDP and components - expenditure approach,I,A,Annual,SRB,Serbia,S1M,Households and non-profit institutions serving households (NPISH),S1,Total economy,P3,Final consumption expenditure,_Z,Not applicable,_Z,Not applicable,_T,Total,USD_EXC,"US dollars, exchange rate converted",V,Current prices,N,Non transformed data,T0102,Table 0102 - GDP identity from the expenditure side,2002,,12616.419,,,,F,Free (free for publication),1,One,A,Normal value,6,Millions,_Z,Not applicable
DATAFLOW,OECD.SDD.NAD:DSD_NAMAIN10@DF_TABLE1_EXPENDITURE(2.0),Annual GDP and components - expenditure approach,I,A,Annual,SRB,Serbia,S1M,Households and non-profit institutions serving households (NPISH),S1,Total economy,P3,Final consumption expenditure,_Z,Not applicable,_Z,Not applicable,_T,Total,USD_EXC,"US dollars, exchange rate converted",V,Current prices,N,Non transformed data,T0102,Table 0102 - GDP identity from the expenditure side,2001,,9897.806,,,,F,Free (free for publication),1,One,A,Normal value,6,Millions,_Z,Not applicable
DATAFLOW,OECD.SDD.NAD:DSD_NAMAIN10@DF_TABLE1_EXPENDITURE(2.0),Annual GDP and components - expenditure approach,I,A,Annual,SRB,Serbia,S1M,Households and non-profit institutions serving households (NPISH),S1,Total economy,P3,Final consumption expenditure,_Z,Not applicable,_Z,Not applicable,_T,Total,USD_EXC,"US dollars, exchange rate converted",V,Current prices,N,Non transformed data,T0102,Table 0102 - GDP identity from the expenditure side,2000,,5254.413,,,,F,Free (free for publication),1,One,A,Normal value,6,Millions,_Z,Not applicable
DATAFLOW,OECD.SDD.NAD:DSD_NAMAIN10@DF_TABLE1_EXPENDITURE(2.0),Annual GDP and components - expenditure approach,I,A,Annual,SRB,Serbia,S1M,Households and non-profit institutions serving households (NPISH),S1,Total economy,P3,Final consumption expenditure,_Z,Not applicable,_Z,Not applicable,_T,Total,USD_EXC,"US dollars, exchange rate converted",V,Current prices,N,Non transformed data,T0102,Table 0102 - GDP identity from the expenditure side,1999,,15226.942,,,,F,Free (free for publication),1,One,A,Normal value,6,Millions,_Z,Not applicable
DATAFLOW,OECD.SDD.NAD:DSD_NAMAIN10@DF_TABLE1_EXPENDITURE(2.0),Annual GDP and components - expenditure approach,I,A,Annual,SRB,Serbia,S1M,Households and non-profit institutions serving households (NPISH),S1,Total economy,P3,Final consumption expenditure,_Z,Not applicable,_Z,Not applicable,_T,Total,USD_EXC,"US dollars, exchange rate converted",V,Current prices,N,Non transformed data,T0102,Table 0102 - GDP identity from the expenditure side,1998,,14810.628,,,,F,Free (free for publication),1,One,A,Normal value,6,Millions,_Z,Not applicable
DATAFLOW,OECD.SDD.NAD:DSD_NAMAIN10@DF_TABLE1_EXPENDITURE(2.0),Annual GDP and components - expenditure approach,I,A,Annual,SRB,Serbia,S1M,Households and non-profit institutions serving households (NPISH),S1,Total economy,P3,Final consumption expenditure,_Z,Not applicable,_Z,Not applicable,_T,Total,USD_EXC,"US dollars, exchange rate converted",V,Current prices,N,Non transformed data,T0102,Table 0102 - GDP identity from the expenditure side,1997,,18320.242,,,,F,Free (free for publication),1,One,A,Normal value,6,Millions,_Z,Not applicable
DATAFLOW,OECD.SDD.NAD:DSD_NAMAIN10@DF_TABLE1_EXPENDITURE(2.0),Annual GDP and components - expenditure approach,I,A,Annual,SRB,Serbia,S1M,Households and non-profit institutions serving households (NPISH),S1,Total economy,P3,Final consumption expenditure,_Z,Not applicable,_Z,Not applicable,_T,Total,USD_EXC,"US dollars, exchange rate converted",V,Current prices,N,Non transformed data,T0102,Table 0102 - GDP identity from the expenditure side,2016,,28790.078,,,,F,Free (free for publication),1,One,A,Normal value,6,Millions,_Z,Not applicable
DATAFLOW,OECD.SDD.NAD:DSD_NAMAIN10@DF_TABLE1_EXPENDITURE(2.0),Annual GDP and components - expenditure approach,I,A,Annual,SRB,Serbia,S1M,Households and non-profit institutions serving households (NPISH),S1,Total economy,P3,Final consumption expenditure,_Z,Not applicable,_Z,Not applicable,_T,Total,USD_EXC,"US dollars, exchange rate converted",V,Current prices,N,Non transformed data,T0102,Table 0102 - GDP identity from the expenditure side,2015,,28531.96,,,,F,Free (free for publication),1,One,A,Normal value,6,Millions,_Z,Not applicable
DATAFLOW,OECD.SDD.NAD:DSD_NAMAIN10@DF_TABLE1_EXPENDITURE(2.0),Annual GDP and components - expenditure approach,I,A,Annual,SRB,Serbia,S1M,Households and non-profit institutions serving households (NPISH),S1,Total economy,P3,Final consumption expenditure,_Z,Not applicable,_Z,Not applicable,_T,Total,USD_EXC,"US dollars, exchange rate converted",V,Current prices,N,Non transformed data,T0102,Table 0102 - GDP identity from the expenditure side,2014,,34590.913,,,,F,Free (free for publication),1,One,A,Normal value,6,Millions,_Z,Not applicable
DATAFLOW,OECD.SDD.NAD:DSD_NAMAIN10@DF_TABLE1_EXPENDITURE(2.0),Annual GDP and components - expenditure approach,I,A,Annual,SRB,Serbia,S1M,Households and non-profit institutions serving households (NPISH),S1,Total economy,P3,Final consumption expenditure,_Z,Not applicable,_Z,Not applicable,_T,Total,USD_EXC,"US dollars, exchange rate converted",V,Current prices,N,Non transformed data,T0102,Table 0102 - GDP identity from the expenditure side,2013,,35299.35,,,,F,Free (free for publication),1,One,A,Normal value,6,Millions,_Z,Not applicable
DATAFLOW,OECD.SDD.NAD:DSD_NAMAIN10@DF_TABLE1_EXPENDITURE(2.0),Annual GDP and components - expenditure approach,I,A,Annual,SRB,Serbia,S1M,Households and non-profit institutions serving households (NPISH),S1,Total economy,P3,Final consumption expenditure,_Z,Not applicable,_Z,Not applicable,_T,Total,USD_EXC,"US dollars, exchange rate converted",V,Current prices,N,Non transformed data,T0102,Table 0102 - GDP identity from the expenditure side,2012,,32720.288,,,,F,Free (free for publication),1,One,A,Normal value,6,Millions,_Z,Not applicable
DATAFLOW,OECD.SDD.NAD:DSD_NAMAIN10@DF_TABLE1_EXPENDITURE(2.0),Annual GDP and components - expenditure approach,I,A,Annual,SRB,Serbia,S1M,Households and non-profit institutions serving households (NPISH),S1,Total economy,P3,Final consumption expenditure,_Z,Not applicable,_Z,Not applicable,_T,Total,USD_EXC,"US dollars, exchange rate converted",V,Current prices,N,Non transformed data,T0102,Table 0102 - GDP identity from the expenditure side,2011,,37195.717,,,,F,Free (free for publication),1,One,A,Normal value,6,Millions,_Z,Not applicable
DATAFLOW,OECD.SDD.NAD:DSD_NAMAIN10@DF_TABLE1_EXPENDITURE(2.0),Annual GDP and components - expenditure approach,I,A,Annual,SRB,Serbia,S1M,Households and non-profit institutions serving households (NPISH),S1,Total economy,P3,Final consumption expenditure,_Z,Not applicable,_Z,Not applicable,_T,Total,USD_EXC,"US dollars, exchange rate converted",V,Current prices,N,Non transformed data,T0102,Table 0102 - GDP identity from the expenditure side,2010,,31568.256,,,,F,Free (free for publication),1,One,A,Normal value,6,Millions,_Z,Not applicable
DATAFLOW,OECD.SDD.NAD:DSD_NAMAIN10@DF_TABLE1_EXPENDITURE(2.0),Annual GDP and components - expenditure approach,I,A,Annual,SRB,Serbia,S1M,Households and non-profit institutions serving households (NPISH),S1,Total economy,P3,Final consumption expenditure,_Z,Not applicable,_Z,Not applicable,_T,Total,USD_EXC,"US dollars, exchange rate converted",V,Current prices,N,Non transformed data,T0102,Table 0102 - GDP identity from the expenditure side,2009,,33930.282,,,,F,Free (free for publication),1,One,A,Normal value,6,Millions,_Z,Not applicable
DATAFLOW,OECD.SDD.NAD:DSD_NAMAIN10@DF_TABLE1_EXPENDITURE(2.0),Annual GDP and components - expenditure approach,I,A,Annual,SRB,Serbia,S1M,Households and non-profit institutions serving households (NPISH),S1,Total economy,P3,Final consumption expenditure,_Z,Not applicable,_Z,Not applicable,_T,Total,USD_EXC,"US dollars, exchange rate converted",V,Current prices,N,Non transformed data,T0102,Table 0102 - GDP identity from the expenditure side,2008,,39271.064,,,,F,Free (free for publication),1,One,A,Normal value,6,Millions,_Z,Not applicable
DATAFLOW,OECD.SDD.NAD:DSD_NAMAIN10@DF_TABLE1_EXPENDITURE(2.0),Annual GDP and components - expenditure approach,I,A,Annual,SRB,Serbia,S1M,Households and non-profit institutions serving households (NPISH),S1,Total economy,P3,Final consumption expenditure,_Z,Not applicable,_Z,Not applicable,_T,Total,USD_EXC,"US dollars, exchange rate converted",V,Current prices,N,Non transformed data,T0102,Table 0102 - GDP identity from the expenditure side,2007,,32510.579,,,,F,Free (free for publication),1,One,A,Normal value,6,Millions,_Z,Not applicable
DATAFLOW,OECD.SDD.NAD:DSD_NAMAIN10@DF_TABLE1_EXPENDITURE(2.0),Annual GDP and components - expenditure approach,I,A,Annual,SRB,Serbia,S1M,Households and non-profit institutions serving households (NPISH),S1,Total economy,P3,Final consumption expenditure,_Z,Not applicable,_Z,Not applicable,_T,Total,USD_EXC,"US dollars, exchange rate converted",V,Current prices,N,Non transformed data,T0102,Table 0102 - GDP identity from the expenditure side,2020,,35541.898,,,,F,Free (free for publication),1,One,A,Normal value,6,Millions,_Z,Not applicable
DATAFLOW,OECD.SDD.NAD:DSD_NAMAIN10@DF_TABLE1_EXPENDITURE(2.0),Annual GDP and components - expenditure approach,I,A,Annual,SRB,Serbia,S1M,Households and non-profit institutions serving households (NPISH),S1,Total economy,P3,Final consumption expenditure,_Z,Not applicable,_Z,Not applicable,_T,Total,USD_EXC,"US dollars, exchange rate converted",V,Current prices,N,Non transformed data,T0102,Table 0102 - GDP identity from the expenditure side,2019,,35145.619,,,,F,Free (free for publication),1,One,A,Normal value,6,Millions,_Z,Not applicable
DATAFLOW,OECD.SDD.NAD:DSD_NAMAIN10@DF_TABLE1_EXPENDITURE(2.0),Annual GDP and components - expenditure approach,I,A,Annual,SRB,Serbia,S1M,Households and non-profit institutions serving households (NPISH),S1,Total economy,P3,Final consumption expenditure,_Z,Not applicable,_Z,Not applicable,_T,Total,USD_EXC,"US dollars, exchange rate converted",V,Current prices,N,Non transformed data,T0102,Table 0102 - GDP identity from the expenditure side,2018,,35160.381,,,,F,Free (free for publication),1,One,A,Normal value,6,Millions,_Z,Not applicable
DATAFLOW,OECD.SDD.NAD:DSD_NAMAIN10@DF_TABLE1_EXPENDITURE(2.0),Annual GDP and components - expenditure approach,I,A,Annual,SRB,Serbia,S1M,Households and non-profit institutions serving households (NPISH),S1,Total economy,P3,Final consumption expenditure,_Z,Not applicable,_Z,Not applicable,_T,Total,USD_EXC,"US dollars, exchange rate converted",V,Current prices,N,Non transformed data,T0102,Table 0102 - GDP identity from the expenditure side,2017,,31309.208,,,,F,Free (free for publication),1,One,A,Normal value,6,Millions,_Z,Not applicable
DATAFLOW,OECD.SDD.NAD:DSD_NAMAIN10@DF_TABLE1_EXPENDITURE(2.0),Annual GDP and components - expenditure approach,I,A,Annual,SRB,Serbia,S1M,Households and non-profit institutions serving households (NPISH),S1,Total economy,P3,Final consumption expenditure,_Z,Not applicable,_Z,Not applicable,_T,Total,USD_EXC,"US dollars, exchange rate converted",V,Current prices,N,Non transformed data,T0102,Table 0102 - GDP identity from the expenditure side,2006,,24650.198,,,,F,Free (free for publication),1,One,A,Normal value,6,Millions,_Z,Not applicable
DATAFLOW,OECD.SDD.NAD:DSD_NAMAIN10@DF_TABLE1_EXPENDITURE(2.0),Annual GDP and components - expenditure approach,I,A,Annual,DNK,Denmark,S1M,Households and non-profit institutions serving households (NPISH),S1,Total economy,P3,Final consumption expenditure,_Z,Not applicable,_Z,Not applicable,_T,Total,USD_EXC,"US dollars, exchange rate converted",V,Current prices,N,Non transformed data,T0102,Table 0102 - GDP identity from the expenditure side,2004,,120555.09,,,,F,Free (free for publication),1,One,A,Normal value,6,Millions,_Z,Not applicable
DATAFLOW,OECD.SDD.NAD:DSD_NAMAIN10@DF_TABLE1_EXPENDITURE(2.0),Annual GDP and components - expenditure approach,I,A,Annual,DNK,Denmark,S1M,Households and non-profit institutions serving households (NPISH),S1,Total economy,P3,Final consumption expenditure,_Z,Not applicable,_Z,Not applicable,_T,Total,USD_EXC,"US dollars, exchange rate converted",V,Current prices,N,Non transformed data,T0102,Table 0102 - GDP identity from the expenditure side,2003,,103366.926,,,,F,Free (free for publication),1,One,A,Normal value,6,Millions,_Z,Not applicable
DATAFLOW,OECD.SDD.NAD:DSD_NAMAIN10@DF_TABLE1_EXPENDITURE(2.0),Annual GDP and components - expenditure approach,I,A,Annual,DNK,Denmark,S1M,Households and non-profit institutions serving households (NPISH),S1,Total economy,P3,Final consumption expenditure,_Z,Not applicable,_Z,Not applicable,_T,Total,USD_EXC,"US dollars, exchange rate converted",V,Current prices,N,Non transformed data,T0102,Table 0102 - GDP identity from the expenditure side,2002,,84111.433,,,,F,Free (free for publication),1,One,A,Normal value,6,Millions,_Z,Not applicable
DATAFLOW,OECD.SDD.NAD:DSD_NAMAIN10@DF_TABLE1_EXPENDITURE(2.0),Annual GDP and components - expenditure approach,I,A,Annual,HUN,Hungary,S1M,Households and non-profit institutions serving households (NPISH),S1,Total economy,P3,Final consumption expenditure,_Z,Not applicable,_Z,Not applicable,_T,Total,USD_EXC,"US dollars, exchange rate converted",V,Current prices,N,Non transformed data,T0102,Table 0102 - GDP identity from the expenditure side,1999,,26652.971,,,,F,Free (free for publication),1,One,A,Normal value,6,Millions,_Z,Not applicable
DATAFLOW,OECD.SDD.NAD:DSD_NAMAIN10@DF_TABLE1_EXPENDITURE(2.0),Annual GDP and components - expenditure approach,I,A,Annual,HUN,Hungary,S1M,Households and non-profit institutions serving households (NPISH),S1,Total economy,P3,Final consumption expenditure,_Z,Not applicable,_Z,Not applicable,_T,Total,USD_EXC,"US dollars, exchange rate converted",V,Current prices,N,Non transformed data,T0102,Table 0102 - GDP identity from the expenditure side,1998,,25292.075,,,,F,Free (free for publication),1,One,A,Normal value,6,Millions,_Z,Not applicable
DATAFLOW,OECD.SDD.NAD:DSD_NAMAIN10@DF_TABLE1_EXPENDITURE(2.0),Annual GDP and components - expenditure approach,I,A,Annual,HUN,Hungary,S1M,Households and non-profit institutions serving households (NPISH),S1,Total economy,P3,Final consumption expenditure,_Z,Not applicable,_Z,Not applicable,_T,Total,USD_EXC,"US dollars, exchange rate converted",V,Current prices,N,Non transformed data,T0102,Table 0102 - GDP identity from the expenditure side,1997,,24339.334,,,,F,Free (free for publication),1,One,A,Normal value,6,Millions,_Z,Not applicable
DATAFLOW,OECD.SDD.NAD:DSD_NAMAIN10@DF_TABLE1_EXPENDITURE(2.0),Annual GDP and components - expenditure approach,I,A,Annual,HUN,Hungary,S1M,Households and non-profit institutions serving households (NPISH),S1,Total economy,P3,Final consumption expenditure,_Z,Not applicable,_Z,Not applicable,_T,Total,USD_EXC,"US dollars, exchange rate converted",V,Current prices,N,Non transformed data,T0102,Table 0102 - GDP identity from the expenditure side,1996,,24737.311,,,,F,Free (free for publication),1,One,A,Normal value,6,Millions,_Z,Not applicable
DATAFLOW,OECD.SDD.NAD:DSD_NAMAIN10@DF_TABLE1_EXPENDITURE(2.0),Annual GDP and components - expenditure approach,I,A,Annual,HUN,Hungary,S1M,Households and non-profit institutions serving households (NPISH),S1,Total economy,P3,Final consumption expenditure,_Z,Not applicable,_Z,Not applicable,_T,Total,USD_EXC,"US dollars, exchange rate converted",V,Current prices,N,Non transformed data,T0102,Table 0102 - GDP identity from the expenditure side,1995,,25037.749,,,,F,Free (free for publication),1,One,A,Normal value,6,Millions,_Z,Not applicable
DATAFLOW,OECD.SDD.NAD:DSD_NAMAIN10@DF_TABLE1_EXPENDITURE(2.0),Annual GDP and components - expenditure approach,I,A,Annual,HUN,Hungary,S1M,Households and non-profit institutions serving households (NPISH),S1,Total economy,P3,Final consumption expenditure,_Z,Not applicable,_Z,Not applicable,_T,Total,USD_EXC,"US dollars, exchange rate converted",V,Current prices,N,Non transformed data,T0102,Table 0102 - GDP identity from the expenditure side,2006,,61575.821,,,,F,Free (free for publication),1,One,A,Normal value,6,Millions,_Z,Not applicable
DATAFLOW,OECD.SDD.NAD:DSD_NAMAIN10@DF_TABLE1_EXPENDITURE(2.0),Annual GDP and components - expenditure approach,I,A,Annual,HUN,Hungary,S1M,Households and non-profit institutions serving households (NPISH),S1,Total economy,P3,Final consumption expenditure,_Z,Not applicable,_Z,Not applicable,_T,Total,USD_EXC,"US dollars, exchange rate converted",V,Current prices,N,Non transformed data,T0102,Table 0102 - GDP identity from the expenditure side,2005,,61811.466,,,,F,Free (free for publication),1,One,A,Normal value,6,Millions,_Z,Not applicable
DATAFLOW,OECD.SDD.NAD:DSD_NAMAIN10@DF_TABLE1_EXPENDITURE(2.0),Annual GDP and components - expenditure approach,I,A,Annual,HUN,Hungary,S1M,Households and non-profit institutions serving households (NPISH),S1,Total economy,P3,Final consumption expenditure,_Z,Not applicable,_Z,Not applicable,_T,Total,USD_EXC,"US dollars, exchange rate converted",V,Current prices,N,Non transformed data,T0102,Table 0102 - GDP identity from the expenditure side,2004,,57147.103,,,,F,Free (free for publication),1,One,A,Normal value,6,Millions,_Z,Not applicable
DATAFLOW,OECD.SDD.NAD:DSD_NAMAIN10@DF_TABLE1_EXPENDITURE(2.0),Annual GDP and components - expenditure approach,I,A,Annual,HUN,Hungary,S1M,Households and non-profit institutions serving households (NPISH),S1,Total economy,P3,Final consumption expenditure,_Z,Not applicable,_Z,Not applicable,_T,Total,USD_EXC,"US dollars, exchange rate converted",V,Current prices,N,Non transformed data,T0102,Table 0102 - GDP identity from the expenditure side,2003,,48006.05,,,,F,Free (free for publication),1,One,A,Normal value,6,Millions,_Z,Not applicable
DATAFLOW,OECD.SDD.NAD:DSD_NAMAIN10@DF_TABLE1_EXPENDITURE(2.0),Annual GDP and components - expenditure approach,I,A,Annual,HUN,Hungary,S1M,Households and non-profit institutions serving households (NPISH),S1,Total economy,P3,Final consumption expenditure,_Z,Not applicable,_Z,Not applicable,_T,Total,USD_EXC,"US dollars, exchange rate converted",V,Current prices,N,Non transformed data,T0102,Table 0102 - GDP identity from the expenditure side,2002,,36880.34,,,,F,Free (free for publication),1,One,A,Normal value,6,Millions,_Z,Not applicable
DATAFLOW,OECD.SDD.NAD:DSD_NAMAIN10@DF_TABLE1_EXPENDITURE(2.0),Annual GDP and components - expenditure approach,I,A,Annual,HUN,Hungary,S1M,Households and non-profit institutions serving households (NPISH),S1,Total economy,P3,Final consumption expenditure,_Z,Not applicable,_Z,Not applicable,_T,Total,USD_EXC,"US dollars, exchange rate converted",V,Current prices,N,Non transformed data,T0102,Table 0102 - GDP identity from the expenditure side,2016,,64272.612,,,,F,Free (free for publication),1,One,A,Normal value,6,Millions,_Z,Not applicable
DATAFLOW,OECD.SDD.NAD:DSD_NAMAIN10@DF_TABLE1_EXPENDITURE(2.0),Annual GDP and components - expenditure approach,I,A,Annual,HUN,Hungary,S1M,Households and non-profit institutions serving households (NPISH),S1,Total economy,P3,Final consumption expenditure,_Z,Not applicable,_Z,Not applicable,_T,Total,USD_EXC,"US dollars, exchange rate converted",V,Current prices,N,Non transformed data,T0102,Table 0102 - GDP identity from the expenditure side,2015,,61204.436,,,,F,Free (free for publication),1,One,A,Normal value,6,Millions,_Z,Not applicable
DATAFLOW,OECD.SDD.NAD:DSD_NAMAIN10@DF_TABLE1_EXPENDITURE(2.0),Annual GDP and components - expenditure approach,I,A,Annual,HUN,Hungary,S1M,Households and non-profit institutions serving households (NPISH),S1,Total economy,P3,Final consumption expenditure,_Z,Not applicable,_Z,Not applicable,_T,Total,USD_EXC,"US dollars, exchange rate converted",V,Current prices,N,Non transformed data,T0102,Table 0102 - GDP identity from the expenditure side,2014,,70408.971,,,,F,Free (free for publication),1,One,A,Normal value,6,Millions,_Z,Not applicable
DATAFLOW,OECD.SDD.NAD:DSD_NAMAIN10@DF_TABLE1_EXPENDITURE(2.0),Annual GDP and components - expenditure approach,I,A,Annual,HUN,Hungary,S1M,Households and non-profit institutions serving households (NPISH),S1,Total economy,P3,Final consumption expenditure,_Z,Not applicable,_Z,Not applicable,_T,Total,USD_EXC,"US dollars, exchange rate converted",V,Current prices,N,Non transformed data,T0102,Table 0102 - GDP identity from the expenditure side,2013,,70628.977,,,,F,Free (free for publication),1,One,A,Normal value,6,Millions,_Z,Not applicable
DATAFLOW,OECD.SDD.NAD:DSD_NAMAIN10@DF_TABLE1_EXPENDITURE(2.0),Annual GDP and components - expenditure approach,I,A,Annual,HUN,Hungary,S1M,Households and non-profit institutions serving households (NPISH),S1,Total economy,P3,Final consumption expenditure,_Z,Not applicable,_Z,Not applicable,_T,Total,USD_EXC,"US dollars, exchange rate converted",V,Current prices,N,Non transformed data,T0102,Table 0102 - GDP identity from the expenditure side,2012,,68994.338,,,,F,Free (free for publication),1,One,A,Normal value,6,Millions,_Z,Not applicable
DATAFLOW,OECD.SDD.NAD:DSD_NAMAIN10@DF_TABLE1_EXPENDITURE(2.0),Annual GDP and components - expenditure approach,I,A,Annual,HUN,Hungary,S1M,Households and non-profit institutions serving households (NPISH),S1,Total economy,P3,Final consumption expenditure,_Z,Not applicable,_Z,Not applicable,_T,Total,USD_EXC,"US dollars, exchange rate converted",V,Current prices,N,Non transformed data,T0102,Table 0102 - GDP identity from the expenditure side,2011,,74687.742,,,,F,Free (free for publication),1,One,A,Normal value,6,Millions,_Z,Not applicable
DATAFLOW,OECD.SDD.NAD:DSD_NAMAIN10@DF_TABLE1_EXPENDITURE(2.0),Annual GDP and components - expenditure approach,I,A,Annual,HUN,Hungary,S1M,Households and non-profit institutions serving households (NPISH),S1,Total economy,P3,Final consumption expenditure,_Z,Not applicable,_Z,Not applicable,_T,Total,USD_EXC,"US dollars, exchange rate converted",V,Current prices,N,Non transformed data,T0102,Table 0102 - GDP identity from the expenditure side,2010,,69507.201,,,,F,Free (free for publication),1,One,A,Normal value,6,Millions,_Z,Not applicable
DATAFLOW,OECD.SDD.NAD:DSD_NAMAIN10@DF_TABLE1_EXPENDITURE(2.0),Annual GDP and components - expenditure approach,I,A,Annual,HUN,Hungary,S1M,Households and non-profit institutions serving households (NPISH),S1,Total economy,P3,Final consumption expenditure,_Z,Not applicable,_Z,Not applicable,_T,Total,USD_EXC,"US dollars, exchange rate converted",V,Current prices,N,Non transformed data,T0102,Table 0102 - GDP identity from the expenditure side,2009,,70034.27,,,,F,Free (free for publication),1,One,A,Normal value,6,Millions,_Z,Not applicable
DATAFLOW,OECD.SDD.NAD:DSD_NAMAIN10@DF_TABLE1_EXPENDITURE(2.0),Annual GDP and components - expenditure approach,I,A,Annual,HUN,Hungary,S1M,Households and non-profit institutions serving households (NPISH),S1,Total economy,P3,Final consumption expenditure,_Z,Not applicable,_Z,Not applicable,_T,Total,USD_EXC,"US dollars, exchange rate converted",V,Current prices,N,Non transformed data,T0102,Table 0102 - GDP identity from the expenditure side,2008,,84677.652,,,,F,Free (free for publication),1,One,A,Normal value,6,Millions,_Z,Not applicable
DATAFLOW,OECD.SDD.NAD:DSD_NAMAIN10@DF_TABLE1_EXPENDITURE(2.0),Annual GDP and components - expenditure approach,I,A,Annual,HUN,Hungary,S1M,Households and non-profit institutions serving households (NPISH),S1,Total economy,P3,Final consumption expenditure,_Z,Not applicable,_Z,Not applicable,_T,Total,USD_EXC,"US dollars, exchange rate converted",V,Current prices,N,Non transformed data,T0102,Table 0102 - GDP identity from the expenditure side,2007,,76047.083,,,,F,Free (free for publication),1,One,A,Normal value,6,Millions,_Z,Not applicable
DATAFLOW,OECD.SDD.NAD:DSD_NAMAIN10@DF_TABLE1_EXPENDITURE(2.0),Annual GDP and components - expenditure approach,I,A,Annual,HUN,Hungary,S1M,Households and non-profit institutions serving households (NPISH),S1,Total economy,P3,Final consumption expenditure,_Z,Not applicable,_Z,Not applicable,_T,Total,USD_EXC,"US dollars, exchange rate converted",V,Current prices,N,Non transformed data,T0102,Table 0102 - GDP identity from the expenditure side,2020,,78085.384,,,,F,Free (free for publication),1,One,A,Normal value,6,Millions,_Z,Not applicable
DATAFLOW,OECD.SDD.NAD:DSD_NAMAIN10@DF_TABLE1_EXPENDITURE(2.0),Annual GDP and components - expenditure approach,I,A,Annual,HUN,Hungary,S1M,Households and non-profit institutions serving households (NPISH),S1,Total economy,P3,Final consumption expenditure,_Z,Not applicable,_Z,Not applicable,_T,Total,USD_EXC,"US dollars, exchange rate converted",V,Current prices,N,Non transformed data,T0102,Table 0102 - GDP identity from the expenditure side,2019,,81028.411,,,,F,Free (free for publication),1,One,A,Normal value,6,Millions,_Z,Not applicable
DATAFLOW,OECD.SDD.NAD:DSD_NAMAIN10@DF_TABLE1_EXPENDITURE(2.0),Annual GDP and components - expenditure approach,I,A,Annual,HUN,Hungary,S1M,Households and non-profit institutions serving households (NPISH),S1,Total economy,P3,Final consumption expenditure,_Z,Not applicable,_Z,Not applicable,_T,Total,USD_EXC,"US dollars, exchange rate converted",V,Current prices,N,Non transformed data,T0102,Table 0102 - GDP identity from the expenditure side,2018,,79316.498,,,,F,Free (free for publication),1,One,A,Normal value,6,Millions,_Z,Not applicable
DATAFLOW,OECD.SDD.NAD:DSD_NAMAIN10@DF_TABLE1_EXPENDITURE(2.0),Annual GDP and components - expenditure approach,I,A,Annual,HUN,Hungary,S1M,Households and non-profit institutions serving households (NPISH),S1,Total economy,P3,Final consumption expenditure,_Z,Not applicable,_Z,Not applicable,_T,Total,USD_EXC,"US dollars, exchange rate converted",V,Current prices,N,Non transformed data,T0102,Table 0102 - GDP identity from the expenditure side,2017,,71843.295,,,,F,Free (free for publication),1,One,A,Normal value,6,Millions,_Z,Not applicable
DATAFLOW,OECD.SDD.NAD:DSD_NAMAIN10@DF_TABLE1_EXPENDITURE(2.0),Annual GDP and components - expenditure approach,I,A,Annual,HUN,Hungary,S1M,Households and non-profit institutions serving households (NPISH),S1,Total economy,P3,Final consumption expenditure,_Z,Not applicable,_Z,Not applicable,_T,Total,USD_EXC,"US dollars, exchange rate converted",V,Current prices,N,Non transformed data,T0102,Table 0102 - GDP identity from the expenditure side,2001,,28994.317,,,,F,Free (free for publication),1,One,A,Normal value,6,Millions,_Z,Not applicable
DATAFLOW,OECD.SDD.NAD:DSD_NAMAIN10@DF_TABLE1_EXPENDITURE(2.0),Annual GDP and components - expenditure approach,I,A,Annual,CHN,China (People’s Republic of),S1M,Households and non-profit institutions serving households (NPISH),S1,Total economy,P3,Final consumption expenditure,_Z,Not applicable,_Z,Not applicable,_T,Total,USD_EXC,"US dollars, exchange rate converted",V,Current prices,N,Non transformed data,T0102,Table 0102 - GDP identity from the expenditure side,2013,,3520087.257,,,,F,Free (free for publication),1,One,A,Normal value,6,Millions,_Z,Not applicable
DATAFLOW,OECD.SDD.NAD:DSD_NAMAIN10@DF_TABLE1_EXPENDITURE(2.0),Annual GDP and components - expenditure approach,I,A,Annual,CHN,China (People’s Republic of),S1M,Households and non-profit institutions serving households (NPISH),S1,Total economy,P3,Final consumption expenditure,_Z,Not applicable,_Z,Not applicable,_T,Total,USD_EXC,"US dollars, exchange rate converted",V,Current prices,N,Non transformed data,T0102,Table 0102 - GDP identity from the expenditure side,2012,,3097428.563,,,,F,Free (free for publication),1,One,A,Normal value,6,Millions,_Z,Not applicable
DATAFLOW,OECD.SDD.NAD:DSD_NAMAIN10@DF_TABLE1_EXPENDITURE(2.0),Annual GDP and components - expenditure approach,I,A,Annual,CHN,China (People’s Republic of),S1M,Households and non-profit institutions serving households (NPISH),S1,Total economy,P3,Final consumption expenditure,_Z,Not applicable,_Z,Not applicable,_T,Total,USD_EXC,"US dollars, exchange rate converted",V,Current prices,N,Non transformed data,T0102,Table 0102 - GDP identity from the expenditure side,2011,,2704258.235,,,,F,Free (free for publication),1,One,A,Normal value,6,Millions,_Z,Not applicable
DATAFLOW,OECD.SDD.NAD:DSD_NAMAIN10@DF_TABLE1_EXPENDITURE(2.0),Annual GDP and components - expenditure approach,I,A,Annual,CHN,China (People’s Republic of),S1M,Households and non-profit institutions serving households (NPISH),S1,Total economy,P3,Final consumption expenditure,_Z,Not applicable,_Z,Not applicable,_T,Total,USD_EXC,"US dollars, exchange rate converted",V,Current prices,N,Non transformed data,T0102,Table 0102 - GDP identity from the expenditure side,2010,,2142817.359,,,,F,Free (free for publication),1,One,A,Normal value,6,Millions,_Z,Not applicable
DATAFLOW,OECD.SDD.NAD:DSD_NAMAIN10@DF_TABLE1_EXPENDITURE(2.0),Annual GDP and components - expenditure approach,I,A,Annual,CHN,China (People’s Republic of),S1M,Households and non-profit institutions serving households (NPISH),S1,Total economy,P3,Final consumption expenditure,_Z,Not applicable,_Z,Not applicable,_T,Total,USD_EXC,"US dollars, exchange rate converted",V,Current prices,N,Non transformed data,T0102,Table 0102 - GDP identity from the expenditure side,2009,,1846393.179,,,,F,Free (free for publication),1,One,A,Normal value,6,Millions,_Z,Not applicable
DATAFLOW,OECD.SDD.NAD:DSD_NAMAIN10@DF_TABLE1_EXPENDITURE(2.0),Annual GDP and components - expenditure approach,I,A,Annual,CHN,China (People’s Republic of),S1M,Households and non-profit institutions serving households (NPISH),S1,Total economy,P3,Final consumption expenditure,_Z,Not applicable,_Z,Not applicable,_T,Total,USD_EXC,"US dollars, exchange rate converted",V,Current prices,N,Non transformed data,T0102,Table 0102 - GDP identity from the expenditure side,2008,,1658876.43,,,,F,Free (free for publication),1,One,A,Normal value,6,Millions,_Z,Not applicable
DATAFLOW,OECD.SDD.NAD:DSD_NAMAIN10@DF_TABLE1_EXPENDITURE(2.0),Annual GDP and components - expenditure approach,I,A,Annual,CHN,China (People’s Republic of),S1M,Households and non-profit institutions serving households (NPISH),S1,Total economy,P3,Final consumption expenditure,_Z,Not applicable,_Z,Not applicable,_T,Total,USD_EXC,"US dollars, exchange rate converted",V,Current prices,N,Non transformed data,T0102,Table 0102 - GDP identity from the expenditure side,2007,,1319743.294,,,,F,Free (free for publication),1,One,A,Normal value,6,Millions,_Z,Not applicable
DATAFLOW,OECD.SDD.NAD:DSD_NAMAIN10@DF_TABLE1_EXPENDITURE(2.0),Annual GDP and components - expenditure approach,I,A,Annual,CHN,China (People’s Republic of),S1M,Households and non-profit institutions serving households (NPISH),S1,Total economy,P3,Final consumption expenditure,_Z,Not applicable,_Z,Not applicable,_T,Total,USD_EXC,"US dollars, exchange rate converted",V,Current prices,N,Non transformed data,T0102,Table 0102 - GDP identity from the expenditure side,2006,,1060790.796,,,,F,Free (free for publication),1,One,A,Normal value,6,Millions,_Z,Not applicable
DATAFLOW,OECD.SDD.NAD:DSD_NAMAIN10@DF_TABLE1_EXPENDITURE(2.0),Annual GDP and components - expenditure approach,I,A,Annual,CHN,China (People’s Republic of),S1M,Households and non-profit institutions serving households (NPISH),S1,Total economy,P3,Final consumption expenditure,_Z,Not applicable,_Z,Not applicable,_T,Total,USD_EXC,"US dollars, exchange rate converted",V,Current prices,N,Non transformed data,T0102,Table 0102 - GDP identity from the expenditure side,2005,,922685.845,,,,F,Free (free for publication),1,One,A,Normal value,6,Millions,_Z,Not applicable
DATAFLOW,OECD.SDD.NAD:DSD_NAMAIN10@DF_TABLE1_EXPENDITURE(2.0),Annual GDP and components - expenditure approach,I,A,Annual,CHN,China (People’s Republic of),S1M,Households and non-profit institutions serving households (NPISH),S1,Total economy,P3,Final consumption expenditure,_Z,Not applicable,_Z,Not applicable,_T,Total,USD_EXC,"US dollars, exchange rate converted",V,Current prices,N,Non transformed data,T0102,Table 0102 - GDP identity from the expenditure side,2004,,808499.58,,,,F,Free (free for publication),1,One,A,Normal value,6,Millions,_Z,Not applicable
DATAFLOW,OECD.SDD.NAD:DSD_NAMAIN10@DF_TABLE1_EXPENDITURE(2.0),Annual GDP and components - expenditure approach,I,A,Annual,CHN,China (People’s Republic of),S1M,Households and non-profit institutions serving households (NPISH),S1,Total economy,P3,Final consumption expenditure,_Z,Not applicable,_Z,Not applicable,_T,Total,USD_EXC,"US dollars, exchange rate converted",V,Current prices,N,Non transformed data,T0102,Table 0102 - GDP identity from the expenditure side,1997,,444599.7,,,,F,Free (free for publication),1,One,A,Normal value,6,Millions,_Z,Not applicable
DATAFLOW,OECD.SDD.NAD:DSD_NAMAIN10@DF_TABLE1_EXPENDITURE(2.0),Annual GDP and components - expenditure approach,I,A,Annual,CHN,China (People’s Republic of),S1M,Households and non-profit institutions serving households (NPISH),S1,Total economy,P3,Final consumption expenditure,_Z,Not applicable,_Z,Not applicable,_T,Total,USD_EXC,"US dollars, exchange rate converted",V,Current prices,N,Non transformed data,T0102,Table 0102 - GDP identity from the expenditure side,1996,,407218.996,,,,F,Free (free for publication),1,One,A,Normal value,6,Millions,_Z,Not applicable
DATAFLOW,OECD.SDD.NAD:DSD_NAMAIN10@DF_TABLE1_EXPENDITURE(2.0),Annual GDP and components - expenditure approach,I,A,Annual,CHN,China (People’s Republic of),S1M,Households and non-profit institutions serving households (NPISH),S1,Total economy,P3,Final consumption expenditure,_Z,Not applicable,_Z,Not applicable,_T,Total,USD_EXC,"US dollars, exchange rate converted",V,Current prices,N,Non transformed data,T0102,Table 0102 - GDP identity from the expenditure side,1995,,337822.924,,,,F,Free (free for publication),1,One,A,Normal value,6,Millions,_Z,Not applicable
DATAFLOW,OECD.SDD.NAD:DSD_NAMAIN10@DF_TABLE1_EXPENDITURE(2.0),Annual GDP and components - expenditure approach,I,A,Annual,CHN,China (People’s Republic of),S1M,Households and non-profit institutions serving households (NPISH),S1,Total economy,P3,Final consumption expenditure,_Z,Not applicable,_Z,Not applicable,_T,Total,USD_EXC,"US dollars, exchange rate converted",V,Current prices,N,Non transformed data,T0102,Table 0102 - GDP identity from the expenditure side,2020,,5723905.539,,,,F,Free (free for publication),1,One,A,Normal value,6,Millions,_Z,Not applicable
DATAFLOW,OECD.SDD.NAD:DSD_NAMAIN10@DF_TABLE1_EXPENDITURE(2.0),Annual GDP and components - expenditure approach,I,A,Annual,CHN,China (People’s Republic of),S1M,Households and non-profit institutions serving households (NPISH),S1,Total economy,P3,Final consumption expenditure,_Z,Not applicable,_Z,Not applicable,_T,Total,USD_EXC,"US dollars, exchange rate converted",V,Current prices,N,Non transformed data,T0102,Table 0102 - GDP identity from the expenditure side,2019,,5729716.85,,,,F,Free (free for publication),1,One,A,Normal value,6,Millions,_Z,Not applicable
DATAFLOW,OECD.SDD.NAD:DSD_NAMAIN10@DF_TABLE1_EXPENDITURE(2.0),Annual GDP and components - expenditure approach,I,A,Annual,CHN,China (People’s Republic of),S1M,Households and non-profit institutions serving households (NPISH),S1,Total economy,P3,Final consumption expenditure,_Z,Not applicable,_Z,Not applicable,_T,Total,USD_EXC,"US dollars, exchange rate converted",V,Current prices,N,Non transformed data,T0102,Table 0102 - GDP identity from the expenditure side,2002,,670183.458,,,,F,Free (free for publication),1,One,A,Normal value,6,Millions,_Z,Not applicable
DATAFLOW,OECD.SDD.NAD:DSD_NAMAIN10@DF_TABLE1_EXPENDITURE(2.0),Annual GDP and components - expenditure approach,I,A,Annual,CHN,China (People’s Republic of),S1M,Households and non-profit institutions serving households (NPISH),S1,Total economy,P3,Final consumption expenditure,_Z,Not applicable,_Z,Not applicable,_T,Total,USD_EXC,"US dollars, exchange rate converted",V,Current prices,N,Non transformed data,T0102,Table 0102 - GDP identity from the expenditure side,2003,,720800.238,,,,F,Free (free for publication),1,One,A,Normal value,6,Millions,_Z,Not applicable
DATAFLOW,OECD.SDD.NAD:DSD_NAMAIN10@DF_TABLE1_EXPENDITURE(2.0),Annual GDP and components - expenditure approach,I,A,Annual,CHN,China (People’s Republic of),S1M,Households and non-profit institutions serving households (NPISH),S1,Total economy,P3,Final consumption expenditure,_Z,Not applicable,_Z,Not applicable,_T,Total,USD_EXC,"US dollars, exchange rate converted",V,Current prices,N,Non transformed data,T0102,Table 0102 - GDP identity from the expenditure side,2018,,5509633.606,,,,F,Free (free for publication),1,One,A,Normal value,6,Millions,_Z,Not applicable
DATAFLOW,OECD.SDD.NAD:DSD_NAMAIN10@DF_TABLE1_EXPENDITURE(2.0),Annual GDP and components - expenditure approach,I,A,Annual,CHN,China (People’s Republic of),S1M,Households and non-profit institutions serving households (NPISH),S1,Total economy,P3,Final consumption expenditure,_Z,Not applicable,_Z,Not applicable,_T,Total,USD_EXC,"US dollars, exchange rate converted",V,Current prices,N,Non transformed data,T0102,Table 0102 - GDP identity from the expenditure side,2017,,4883976.35,,,,F,Free (free for publication),1,One,A,Normal value,6,Millions,_Z,Not applicable
DATAFLOW,OECD.SDD.NAD:DSD_NAMAIN10@DF_TABLE1_EXPENDITURE(2.0),Annual GDP and components - expenditure approach,I,A,Annual,CHN,China (People’s Republic of),S1M,Households and non-profit institutions serving households (NPISH),S1,Total economy,P3,Final consumption expenditure,_Z,Not applicable,_Z,Not applicable,_T,Total,USD_EXC,"US dollars, exchange rate converted",V,Current prices,N,Non transformed data,T0102,Table 0102 - GDP identity from the expenditure side,2016,,4486448.863,,,,F,Free (free for publication),1,One,A,Normal value,6,Millions,_Z,Not applicable
DATAFLOW,OECD.SDD.NAD:DSD_NAMAIN10@DF_TABLE1_EXPENDITURE(2.0),Annual GDP and components - expenditure approach,I,A,Annual,CHN,China (People’s Republic of),S1M,Households and non-profit institutions serving households (NPISH),S1,Total economy,P3,Final consumption expenditure,_Z,Not applicable,_Z,Not applicable,_T,Total,USD_EXC,"US dollars, exchange rate converted",V,Current prices,N,Non transformed data,T0102,Table 0102 - GDP identity from the expenditure side,2001,,617471.041,,,,F,Free (free for publication),1,One,A,Normal value,6,Millions,_Z,Not applicable
DATAFLOW,OECD.SDD.NAD:DSD_NAMAIN10@DF_TABLE1_EXPENDITURE(2.0),Annual GDP and components - expenditure approach,I,A,Annual,CHN,China (People’s Republic of),S1M,Households and non-profit institutions serving households (NPISH),S1,Total economy,P3,Final consumption expenditure,_Z,Not applicable,_Z,Not applicable,_T,Total,USD_EXC,"US dollars, exchange rate converted",V,Current prices,N,Non transformed data,T0102,Table 0102 - GDP identity from the expenditure side,2000,,572121.473,,,,F,Free (free for publication),1,One,A,Normal value,6,Millions,_Z,Not applicable
DATAFLOW,OECD.SDD.NAD:DSD_NAMAIN10@DF_TABLE1_EXPENDITURE(2.0),Annual GDP and components - expenditure approach,I,A,Annual,CHN,China (People’s Republic of),S1M,Households and non-profit institutions serving households (NPISH),S1,Total economy,P3,Final consumption expenditure,_Z,Not applicable,_Z,Not applicable,_T,Total,USD_EXC,"US dollars, exchange rate converted",V,Current prices,N,Non transformed data,T0102,Table 0102 - GDP identity from the expenditure side,1999,,510328.874,,,,F,Free (free for publication),1,One,A,Normal value,6,Millions,_Z,Not applicable
DATAFLOW,OECD.SDD.NAD:DSD_NAMAIN10@DF_TABLE1_EXPENDITURE(2.0),Annual GDP and components - expenditure approach,I,A,Annual,CHN,China (People’s Republic of),S1M,Households and non-profit institutions serving households (NPISH),S1,Total economy,P3,Final consumption expenditure,_Z,Not applicable,_Z,Not applicable,_T,Total,USD_EXC,"US dollars, exchange rate converted",V,Current prices,N,Non transformed data,T0102,Table 0102 - GDP identity from the expenditure side,1998,,472249.025,,,,F,Free (free for publication),1,One,A,Normal value,6,Millions,_Z,Not applicable
DATAFLOW,OECD.SDD.NAD:DSD_NAMAIN10@DF_TABLE1_EXPENDITURE(2.0),Annual GDP and components - expenditure approach,I,A,Annual,CHN,China (People’s Republic of),S1M,Households and non-profit institutions serving households (NPISH),S1,Total economy,P3,Final consumption expenditure,_Z,Not applicable,_Z,Not applicable,_T,Total,USD_EXC,"US dollars, exchange rate converted",V,Current prices,N,Non transformed data,T0102,Table 0102 - GDP identity from the expenditure side,2015,,4293541.33,,,,F,Free (free for publication),1,One,A,Normal value,6,Millions,_Z,Not applicable
DATAFLOW,OECD.SDD.NAD:DSD_NAMAIN10@DF_TABLE1_EXPENDITURE(2.0),Annual GDP and components - expenditure approach,I,A,Annual,MKD,North Macedonia,S1M,Households and non-profit institutions serving households (NPISH),S1,Total economy,P3,Final consumption expenditure,_Z,Not applicable,_Z,Not applicable,_T,Total,USD_EXC,"US dollars, exchange rate converted",V,Current prices,N,Non transformed data,T0102,Table 0102 - GDP identity from the expenditure side,2004,,4603.699,,,,F,Free (free for publication),1,One,A,Normal value,6,Millions,_Z,Not applicable
DATAFLOW,OECD.SDD.NAD:DSD_NAMAIN10@DF_TABLE1_EXPENDITURE(2.0),Annual GDP and components - expenditure approach,I,A,Annual,MKD,North Macedonia,S1M,Households and non-profit institutions serving households (NPISH),S1,Total economy,P3,Final consumption expenditure,_Z,Not applicable,_Z,Not applicable,_T,Total,USD_EXC,"US dollars, exchange rate converted",V,Current prices,N,Non transformed data,T0102,Table 0102 - GDP identity from the expenditure side,2003,,3944.572,,,,F,Free (free for publication),1,One,A,Normal value,6,Millions,_Z,Not applicable
DATAFLOW,OECD.SDD.NAD:DSD_NAMAIN10@DF_TABLE1_EXPENDITURE(2.0),Annual GDP and components - expenditure approach,I,A,Annual,MKD,North Macedonia,S1M,Households and non-profit institutions serving households (NPISH),S1,Total economy,P3,Final consumption expenditure,_Z,Not applicable,_Z,Not applicable,_T,Total,USD_EXC,"US dollars, exchange rate converted",V,Current prices,N,Non transformed data,T0102,Table 0102 - GDP identity from the expenditure side,2002,,3108.167,,,,F,Free (free for publication),1,One,A,Normal value,6,Millions,_Z,Not applicable
DATAFLOW,OECD.SDD.NAD:DSD_NAMAIN10@DF_TABLE1_EXPENDITURE(2.0),Annual GDP and components - expenditure approach,I,A,Annual,MKD,North Macedonia,S1M,Households and non-profit institutions serving households (NPISH),S1,Total economy,P3,Final consumption expenditure,_Z,Not applicable,_Z,Not applicable,_T,Total,USD_EXC,"US dollars, exchange rate converted",V,Current prices,N,Non transformed data,T0102,Table 0102 - GDP identity from the expenditure side,2001,,2667.003,,,,F,Free (free for publication),1,One,A,Normal value,6,Millions,_Z,Not applicable
DATAFLOW,OECD.SDD.NAD:DSD_NAMAIN10@DF_TABLE1_EXPENDITURE(2.0),Annual GDP and components - expenditure approach,I,A,Annual,MKD,North Macedonia,S1M,Households and non-profit institutions serving households (NPISH),S1,Total economy,P3,Final consumption expenditure,_Z,Not applicable,_Z,Not applicable,_T,Total,USD_EXC,"US dollars, exchange rate converted",V,Current prices,N,Non transformed data,T0102,Table 0102 - GDP identity from the expenditure side,2000,,2846.86,,,,F,Free (free for publication),1,One,A,Normal value,6,Millions,_Z,Not applicable
DATAFLOW,OECD.SDD.NAD:DSD_NAMAIN10@DF_TABLE1_EXPENDITURE(2.0),Annual GDP and components - expenditure approach,I,A,Annual,MKD,North Macedonia,S1M,Households and non-profit institutions serving households (NPISH),S1,Total economy,P3,Final consumption expenditure,_Z,Not applicable,_Z,Not applicable,_T,Total,USD_EXC,"US dollars, exchange rate converted",V,Current prices,N,Non transformed data,T0102,Table 0102 - GDP identity from the expenditure side,2016,,7141.818,,,,F,Free (free for publication),1,One,A,Normal value,6,Millions,_Z,Not applicable
DATAFLOW,OECD.SDD.NAD:DSD_NAMAIN10@DF_TABLE1_EXPENDITURE(2.0),Annual GDP and components - expenditure approach,I,A,Annual,CRI,Costa Rica,S1M,Households and non-profit institutions serving households (NPISH),S1,Total economy,P3,Final consumption expenditure,_Z,Not applicable,_Z,Not applicable,_T,Total,USD_EXC,"US dollars, exchange rate converted",V,Current prices,N,Non transformed data,T0102,Table 0102 - GDP identity from the expenditure side,2005,,13994.425,,,,F,Free (free for publication),1,One,A,Normal value,6,Millions,_Z,Not applicable
DATAFLOW,OECD.SDD.NAD:DSD_NAMAIN10@DF_TABLE1_EXPENDITURE(2.0),Annual GDP and components - expenditure approach,I,A,Annual,CRI,Costa Rica,S1M,Households and non-profit institutions serving households (NPISH),S1,Total economy,P3,Final consumption expenditure,_Z,Not applicable,_Z,Not applicable,_T,Total,USD_EXC,"US dollars, exchange rate converted",V,Current prices,N,Non transformed data,T0102,Table 0102 - GDP identity from the expenditure side,2020,,38971.74,,,,F,Free (free for publication),1,One,A,Normal value,6,Millions,_Z,Not applicable
DATAFLOW,OECD.SDD.NAD:DSD_NAMAIN10@DF_TABLE1_EXPENDITURE(2.0),Annual GDP and components - expenditure approach,I,A,Annual,CHE,Switzerland,S1M,Households and non-profit institutions serving households (NPISH),S1,Total economy,P3,Final consumption expenditure,_Z,Not applicable,_Z,Not applicable,_T,Total,USD_EXC,"US dollars, exchange rate converted",V,Current prices,N,Non transformed data,T0102,Table 0102 - GDP identity from the expenditure side,2008,,298026.163,,,,F,Free (free for publication),1,One,A,Normal value,6,Millions,_Z,Not applicable
DATAFLOW,OECD.SDD.NAD:DSD_NAMAIN10@DF_TABLE1_EXPENDITURE(2.0),Annual GDP and components - expenditure approach,I,A,Annual,CHE,Switzerland,S1M,Households and non-profit institutions serving households (NPISH),S1,Total economy,P3,Final consumption expenditure,_Z,Not applicable,_Z,Not applicable,_T,Total,USD_EXC,"US dollars, exchange rate converted",V,Current prices,N,Non transformed data,T0102,Table 0102 - GDP identity from the expenditure side,2007,,260163.801,,,,F,Free (free for publication),1,One,A,Normal value,6,Millions,_Z,Not applicable
DATAFLOW,OECD.SDD.NAD:DSD_NAMAIN10@DF_TABLE1_EXPENDITURE(2.0),Annual GDP and components - expenditure approach,I,A,Annual,CHE,Switzerland,S1M,Households and non-profit institutions serving households (NPISH),S1,Total economy,P3,Final consumption expenditure,_Z,Not applicable,_Z,Not applicable,_T,Total,USD_EXC,"US dollars, exchange rate converted",V,Current prices,N,Non transformed data,T0102,Table 0102 - GDP identity from the expenditure side,2006,,240086.768,,,,F,Free (free for publication),1,One,A,Normal value,6,Millions,_Z,Not applicable
DATAFLOW,OECD.SDD.NAD:DSD_NAMAIN10@DF_TABLE1_EXPENDITURE(2.0),Annual GDP and components - expenditure approach,I,A,Annual,CHE,Switzerland,S1M,Households and non-profit institutions serving households (NPISH),S1,Total economy,P3,Final consumption expenditure,_Z,Not applicable,_Z,Not applicable,_T,Total,USD_EXC,"US dollars, exchange rate converted",V,Current prices,N,Non transformed data,T0102,Table 0102 - GDP identity from the expenditure side,2005,,234726.429,,,,F,Free (free for publication),1,One,A,Normal value,6,Millions,_Z,Not applicable
DATAFLOW,OECD.SDD.NAD:DSD_NAMAIN10@DF_TABLE1_EXPENDITURE(2.0),Annual GDP and components - expenditure approach,I,A,Annual,CHE,Switzerland,S1M,Households and non-profit institutions serving households (NPISH),S1,Total economy,P3,Final consumption expenditure,_Z,Not applicable,_Z,Not applicable,_T,Total,USD_EXC,"US dollars, exchange rate converted",V,Current prices,N,Non transformed data,T0102,Table 0102 - GDP identity from the expenditure side,2004,,229640.395,,,,F,Free (free for publication),1,One,A,Normal value,6,Millions,_Z,Not applicable
DATAFLOW,OECD.SDD.NAD:DSD_NAMAIN10@DF_TABLE1_EXPENDITURE(2.0),Annual GDP and components - expenditure approach,I,A,Annual,CHE,Switzerland,S1M,Households and non-profit institutions serving households (NPISH),S1,Total economy,P3,Final consumption expenditure,_Z,Not applicable,_Z,Not applicable,_T,Total,USD_EXC,"US dollars, exchange rate converted",V,Current prices,N,Non transformed data,T0102,Table 0102 - GDP identity from the expenditure side,2003,,207023.075,,,,F,Free (free for publication),1,One,A,Normal value,6,Millions,_Z,Not applicable
DATAFLOW,OECD.SDD.NAD:DSD_NAMAIN10@DF_TABLE1_EXPENDITURE(2.0),Annual GDP and components - expenditure approach,I,A,Annual,CHE,Switzerland,S1M,Households and non-profit institutions serving households (NPISH),S1,Total economy,P3,Final consumption expenditure,_Z,Not applicable,_Z,Not applicable,_T,Total,USD_EXC,"US dollars, exchange rate converted",V,Current prices,N,Non transformed data,T0102,Table 0102 - GDP identity from the expenditure side,2002,,176006.294,,,,F,Free (free for publication),1,One,A,Normal value,6,Millions,_Z,Not applicable
DATAFLOW,OECD.SDD.NAD:DSD_NAMAIN10@DF_TABLE1_EXPENDITURE(2.0),Annual GDP and components - expenditure approach,I,A,Annual,CHE,Switzerland,S1M,Households and non-profit institutions serving households (NPISH),S1,Total economy,P3,Final consumption expenditure,_Z,Not applicable,_Z,Not applicable,_T,Total,USD_EXC,"US dollars, exchange rate converted",V,Current prices,N,Non transformed data,T0102,Table 0102 - GDP identity from the expenditure side,2001,,162707.415,,,,F,Free (free for publication),1,One,A,Normal value,6,Millions,_Z,Not applicable
DATAFLOW,OECD.SDD.NAD:DSD_NAMAIN10@DF_TABLE1_EXPENDITURE(2.0),Annual GDP and components - expenditure approach,I,A,Annual,CHE,Switzerland,S1M,Households and non-profit institutions serving households (NPISH),S1,Total economy,P3,Final consumption expenditure,_Z,Not applicable,_Z,Not applicable,_T,Total,USD_EXC,"US dollars, exchange rate converted",V,Current prices,N,Non transformed data,T0102,Table 0102 - GDP identity from the expenditure side,2000,,158220.285,,,,F,Free (free for publication),1,One,A,Normal value,6,Millions,_Z,Not applicable
DATAFLOW,OECD.SDD.NAD:DSD_NAMAIN10@DF_TABLE1_EXPENDITURE(2.0),Annual GDP and components - expenditure approach,I,A,Annual,CHE,Switzerland,S1M,Households and non-profit institutions serving households (NPISH),S1,Total economy,P3,Final consumption expenditure,_Z,Not applicable,_Z,Not applicable,_T,Total,USD_EXC,"US dollars, exchange rate converted",V,Current prices,N,Non transformed data,T0102,Table 0102 - GDP identity from the expenditure side,1999,,172243.778,,,,F,Free (free for publication),1,One,A,Normal value,6,Millions,_Z,Not applicable
DATAFLOW,OECD.SDD.NAD:DSD_NAMAIN10@DF_TABLE1_EXPENDITURE(2.0),Annual GDP and components - expenditure approach,I,A,Annual,CHE,Switzerland,S1M,Households and non-profit institutions serving households (NPISH),S1,Total economy,P3,Final consumption expenditure,_Z,Not applicable,_Z,Not applicable,_T,Total,USD_EXC,"US dollars, exchange rate converted",V,Current prices,N,Non transformed data,T0102,Table 0102 - GDP identity from the expenditure side,2012,,363280.749,,,,F,Free (free for publication),1,One,A,Normal value,6,Millions,_Z,Not applicable
DATAFLOW,OECD.SDD.NAD:DSD_NAMAIN10@DF_TABLE1_EXPENDITURE(2.0),Annual GDP and components - expenditure approach,I,A,Annual,CHE,Switzerland,S1M,Households and non-profit institutions serving households (NPISH),S1,Total economy,P3,Final consumption expenditure,_Z,Not applicable,_Z,Not applicable,_T,Total,USD_EXC,"US dollars, exchange rate converted",V,Current prices,N,Non transformed data,T0102,Table 0102 - GDP identity from the expenditure side,2020,,384970.391,,,,F,Free (free for publication),1,One,A,Normal value,6,Millions,_Z,Not applicable
DATAFLOW,OECD.SDD.NAD:DSD_NAMAIN10@DF_TABLE1_EXPENDITURE(2.0),Annual GDP and components - expenditure approach,I,A,Annual,CHE,Switzerland,S1M,Households and non-profit institutions serving households (NPISH),S1,Total economy,P3,Final consumption expenditure,_Z,Not applicable,_Z,Not applicable,_T,Total,USD_EXC,"US dollars, exchange rate converted",V,Current prices,N,Non transformed data,T0102,Table 0102 - GDP identity from the expenditure side,2019,,378052.238,,,,F,Free (free for publication),1,One,A,Normal value,6,Millions,_Z,Not applicable
DATAFLOW,OECD.SDD.NAD:DSD_NAMAIN10@DF_TABLE1_EXPENDITURE(2.0),Annual GDP and components - expenditure approach,I,A,Annual,CHE,Switzerland,S1M,Households and non-profit institutions serving households (NPISH),S1,Total economy,P3,Final consumption expenditure,_Z,Not applicable,_Z,Not applicable,_T,Total,USD_EXC,"US dollars, exchange rate converted",V,Current prices,N,Non transformed data,T0102,Table 0102 - GDP identity from the expenditure side,2018,,380722.674,,,,F,Free (free for publication),1,One,A,Normal value,6,Millions,_Z,Not applicable
DATAFLOW,OECD.SDD.NAD:DSD_NAMAIN10@DF_TABLE1_EXPENDITURE(2.0),Annual GDP and components - expenditure approach,I,A,Annual,CHE,Switzerland,S1M,Households and non-profit institutions serving households (NPISH),S1,Total economy,P3,Final consumption expenditure,_Z,Not applicable,_Z,Not applicable,_T,Total,USD_EXC,"US dollars, exchange rate converted",V,Current prices,N,Non transformed data,T0102,Table 0102 - GDP identity from the expenditure side,2017,,371036.479,,,,F,Free (free for publication),1,One,A,Normal value,6,Millions,_Z,Not applicable
DATAFLOW,OECD.SDD.NAD:DSD_NAMAIN10@DF_TABLE1_EXPENDITURE(2.0),Annual GDP and components - expenditure approach,I,A,Annual,CHE,Switzerland,S1M,Households and non-profit institutions serving households (NPISH),S1,Total economy,P3,Final consumption expenditure,_Z,Not applicable,_Z,Not applicable,_T,Total,USD_EXC,"US dollars, exchange rate converted",V,Current prices,N,Non transformed data,T0102,Table 0102 - GDP identity from the expenditure side,1998,,174423.162,,,,F,Free (free for publication),1,One,A,Normal value,6,Millions,_Z,Not applicable
DATAFLOW,OECD.SDD.NAD:DSD_NAMAIN10@DF_TABLE1_EXPENDITURE(2.0),Annual GDP and components - expenditure approach,I,A,Annual,CHE,Switzerland,S1M,Households and non-profit institutions serving households (NPISH),S1,Total economy,P3,Final consumption expenditure,_Z,Not applicable,_Z,Not applicable,_T,Total,USD_EXC,"US dollars, exchange rate converted",V,Current prices,N,Non transformed data,T0102,Table 0102 - GDP identity from the expenditure side,1997,,170270.39,,,,F,Free (free for publication),1,One,A,Normal value,6,Millions,_Z,Not applicable
DATAFLOW,OECD.SDD.NAD:DSD_NAMAIN10@DF_TABLE1_EXPENDITURE(2.0),Annual GDP and components - expenditure approach,I,A,Annual,CHE,Switzerland,S1M,Households and non-profit institutions serving households (NPISH),S1,Total economy,P3,Final consumption expenditure,_Z,Not applicable,_Z,Not applicable,_T,Total,USD_EXC,"US dollars, exchange rate converted",V,Current prices,N,Non transformed data,T0102,Table 0102 - GDP identity from the expenditure side,1996,,194513.47,,,,F,Free (free for publication),1,One,A,Normal value,6,Millions,_Z,Not applicable
DATAFLOW,OECD.SDD.NAD:DSD_NAMAIN10@DF_TABLE1_EXPENDITURE(2.0),Annual GDP and components - expenditure approach,I,A,Annual,CHE,Switzerland,S1M,Households and non-profit institutions serving households (NPISH),S1,Total economy,P3,Final consumption expenditure,_Z,Not applicable,_Z,Not applicable,_T,Total,USD_EXC,"US dollars, exchange rate converted",V,Current prices,N,Non transformed data,T0102,Table 0102 - GDP identity from the expenditure side,1995,,198795.93,,,,F,Free (free for publication),1,One,A,Normal value,6,Millions,_Z,Not applicable
DATAFLOW,OECD.SDD.NAD:DSD_NAMAIN10@DF_TABLE1_EXPENDITURE(2.0),Annual GDP and components - expenditure approach,I,A,Annual,CHE,Switzerland,S1M,Households and non-profit institutions serving households (NPISH),S1,Total economy,P3,Final consumption expenditure,_Z,Not applicable,_Z,Not applicable,_T,Total,USD_EXC,"US dollars, exchange rate converted",V,Current prices,N,Non transformed data,T0102,Table 0102 - GDP identity from the expenditure side,2011,,378622.031,,,,F,Free (free for publication),1,One,A,Normal value,6,Millions,_Z,Not applicable
DATAFLOW,OECD.SDD.NAD:DSD_NAMAIN10@DF_TABLE1_EXPENDITURE(2.0),Annual GDP and components - expenditure approach,I,A,Annual,CHE,Switzerland,S1M,Households and non-profit institutions serving households (NPISH),S1,Total economy,P3,Final consumption expenditure,_Z,Not applicable,_Z,Not applicable,_T,Total,USD_EXC,"US dollars, exchange rate converted",V,Current prices,N,Non transformed data,T0102,Table 0102 - GDP identity from the expenditure side,2016,,363577.395,,,,F,Free (free for publication),1,One,A,Normal value,6,Millions,_Z,Not applicable
DATAFLOW,OECD.SDD.NAD:DSD_NAMAIN10@DF_TABLE1_EXPENDITURE(2.0),Annual GDP and components - expenditure approach,I,A,Annual,CHE,Switzerland,S1M,Households and non-profit institutions serving households (NPISH),S1,Total economy,P3,Final consumption expenditure,_Z,Not applicable,_Z,Not applicable,_T,Total,USD_EXC,"US dollars, exchange rate converted",V,Current prices,N,Non transformed data,T0102,Table 0102 - GDP identity from the expenditure side,2015,,366967.377,,,,F,Free (free for publication),1,One,A,Normal value,6,Millions,_Z,Not applicable
DATAFLOW,OECD.SDD.NAD:DSD_NAMAIN10@DF_TABLE1_EXPENDITURE(2.0),Annual GDP and components - expenditure approach,I,A,Annual,CHE,Switzerland,S1M,Households and non-profit institutions serving households (NPISH),S1,Total economy,P3,Final consumption expenditure,_Z,Not applicable,_Z,Not applicable,_T,Total,USD_EXC,"US dollars, exchange rate converted",V,Current prices,N,Non transformed data,T0102,Table 0102 - GDP identity from the expenditure side,2014,,381461.779,,,,F,Free (free for publication),1,One,A,Normal value,6,Millions,_Z,Not applicable
DATAFLOW,OECD.SDD.NAD:DSD_NAMAIN10@DF_TABLE1_EXPENDITURE(2.0),Annual GDP and components - expenditure approach,I,A,Annual,CHE,Switzerland,S1M,Households and non-profit institutions serving households (NPISH),S1,Total economy,P3,Final consumption expenditure,_Z,Not applicable,_Z,Not applicable,_T,Total,USD_EXC,"US dollars, exchange rate converted",V,Current prices,N,Non transformed data,T0102,Table 0102 - GDP identity from the expenditure side,2013,,374232.255,,,,F,Free (free for publication),1,One,A,Normal value,6,Millions,_Z,Not applicable
DATAFLOW,OECD.SDD.NAD:DSD_NAMAIN10@DF_TABLE1_EXPENDITURE(2.0),Annual GDP and components - expenditure approach,I,A,Annual,CHE,Switzerland,S1M,Households and non-profit institutions serving households (NPISH),S1,Total economy,P3,Final consumption expenditure,_Z,Not applicable,_Z,Not applicable,_T,Total,USD_EXC,"US dollars, exchange rate converted",V,Current prices,N,Non transformed data,T0102,Table 0102 - GDP identity from the expenditure side,2010,,319251.65,,,,F,Free (free for publication),1,One,A,Normal value,6,Millions,_Z,Not applicable
DATAFLOW,OECD.SDD.NAD:DSD_NAMAIN10@DF_TABLE1_EXPENDITURE(2.0),Annual GDP and components - expenditure approach,I,A,Annual,KOR,Korea,S1M,Households and non-profit institutions serving households (NPISH),S1,Total economy,P3,Final consumption expenditure,_Z,Not applicable,_Z,Not applicable,_T,Total,USD_EXC,"US dollars, exchange rate converted",V,Current prices,N,Non transformed data,T0102,Table 0102 - GDP identity from the expenditure side,2019,,877375.998,,,,F,Free (free for publication),1,One,A,Normal value,6,Millions,_Z,Not applicable
DATAFLOW,OECD.SDD.NAD:DSD_NAMAIN10@DF_TABLE1_EXPENDITURE(2.0),Annual GDP and components - expenditure approach,I,A,Annual,KOR,Korea,S1M,Households and non-profit institutions serving households (NPISH),S1,Total economy,P3,Final consumption expenditure,_Z,Not applicable,_Z,Not applicable,_T,Total,USD_EXC,"US dollars, exchange rate converted",V,Current prices,N,Non transformed data,T0102,Table 0102 - GDP identity from the expenditure side,2018,,901433.696,,,,F,Free (free for publication),1,One,A,Normal value,6,Millions,_Z,Not applicable
DATAFLOW,OECD.SDD.NAD:DSD_NAMAIN10@DF_TABLE1_EXPENDITURE(2.0),Annual GDP and components - expenditure approach,I,A,Annual,KOR,Korea,S1M,Households and non-profit institutions serving households (NPISH),S1,Total economy,P3,Final consumption expenditure,_Z,Not applicable,_Z,Not applicable,_T,Total,USD_EXC,"US dollars, exchange rate converted",V,Current prices,N,Non transformed data,T0102,Table 0102 - GDP identity from the expenditure side,2017,,837224.405,,,,F,Free (free for publication),1,One,A,Normal value,6,Millions,_Z,Not applicable
DATAFLOW,OECD.SDD.NAD:DSD_NAMAIN10@DF_TABLE1_EXPENDITURE(2.0),Annual GDP and components - expenditure approach,I,A,Annual,KOR,Korea,S1M,Households and non-profit institutions serving households (NPISH),S1,Total economy,P3,Final consumption expenditure,_Z,Not applicable,_Z,Not applicable,_T,Total,USD_EXC,"US dollars, exchange rate converted",V,Current prices,N,Non transformed data,T0102,Table 0102 - GDP identity from the expenditure side,2016,,777728.873,,,,F,Free (free for publication),1,One,A,Normal value,6,Millions,_Z,Not applicable
DATAFLOW,OECD.SDD.NAD:DSD_NAMAIN10@DF_TABLE1_EXPENDITURE(2.0),Annual GDP and components - expenditure approach,I,A,Annual,KOR,Korea,S1M,Households and non-profit institutions serving households (NPISH),S1,Total economy,P3,Final consumption expenditure,_Z,Not applicable,_Z,Not applicable,_T,Total,USD_EXC,"US dollars, exchange rate converted",V,Current prices,N,Non transformed data,T0102,Table 0102 - GDP identity from the expenditure side,2015,,766423.7,,,,F,Free (free for publication),1,One,A,Normal value,6,Millions,_Z,Not applicable
DATAFLOW,OECD.SDD.NAD:DSD_NAMAIN10@DF_TABLE1_EXPENDITURE(2.0),Annual GDP and components - expenditure approach,I,A,Annual,KOR,Korea,S1M,Households and non-profit institutions serving households (NPISH),S1,Total economy,P3,Final consumption expenditure,_Z,Not applicable,_Z,Not applicable,_T,Total,USD_EXC,"US dollars, exchange rate converted",V,Current prices,N,Non transformed data,T0102,Table 0102 - GDP identity from the expenditure side,1999,,271792.708,,,,F,Free (free for publication),1,One,E,Estimated value,6,Millions,_Z,Not applicable
DATAFLOW,OECD.SDD.NAD:DSD_NAMAIN10@DF_TABLE1_EXPENDITURE(2.0),Annual GDP and components - expenditure approach,I,A,Annual,CAN,Canada,S1M,Households and non-profit institutions serving households (NPISH),S1,Total economy,P3,Final consumption expenditure,_Z,Not applicable,_Z,Not applicable,_T,Total,USD_EXC,"US dollars, exchange rate converted",V,Current prices,N,Non transformed data,T0102,Table 0102 - GDP identity from the expenditure side,1999,,381591.278,,,,F,Free (free for publication),1,One,A,Normal value,6,Millions,_Z,Not applicable
DATAFLOW,OECD.SDD.NAD:DSD_NAMAIN10@DF_TABLE1_EXPENDITURE(2.0),Annual GDP and components - expenditure approach,I,A,Annual,CAN,Canada,S1M,Households and non-profit institutions serving households (NPISH),S1,Total economy,P3,Final consumption expenditure,_Z,Not applicable,_Z,Not applicable,_T,Total,USD_EXC,"US dollars, exchange rate converted",V,Current prices,N,Non transformed data,T0102,Table 0102 - GDP identity from the expenditure side,1998,,361907.032,,,,F,Free (free for publication),1,One,A,Normal value,6,Millions,_Z,Not applicable
DATAFLOW,OECD.SDD.NAD:DSD_NAMAIN10@DF_TABLE1_EXPENDITURE(2.0),Annual GDP and components - expenditure approach,I,A,Annual,CAN,Canada,S1M,Households and non-profit institutions serving households (NPISH),S1,Total economy,P3,Final consumption expenditure,_Z,Not applicable,_Z,Not applicable,_T,Total,USD_EXC,"US dollars, exchange rate converted",V,Current prices,N,Non transformed data,T0102,Table 0102 - GDP identity from the expenditure side,1997,,372534.114,,,,F,Free (free for publication),1,One,A,Normal value,6,Millions,_Z,Not applicable
DATAFLOW,OECD.SDD.NAD:DSD_NAMAIN10@DF_TABLE1_EXPENDITURE(2.0),Annual GDP and components - expenditure approach,I,A,Annual,CAN,Canada,S1M,Households and non-profit institutions serving households (NPISH),S1,Total economy,P3,Final consumption expenditure,_Z,Not applicable,_Z,Not applicable,_T,Total,USD_EXC,"US dollars, exchange rate converted",V,Current prices,N,Non transformed data,T0102,Table 0102 - GDP identity from the expenditure side,1996,,355810.269,,,,F,Free (free for publication),1,One,A,Normal value,6,Millions,_Z,Not applicable
DATAFLOW,OECD.SDD.NAD:DSD_NAMAIN10@DF_TABLE1_EXPENDITURE(2.0),Annual GDP and components - expenditure approach,I,A,Annual,CAN,Canada,S1M,Households and non-profit institutions serving households (NPISH),S1,Total economy,P3,Final consumption expenditure,_Z,Not applicable,_Z,Not applicable,_T,Total,USD_EXC,"US dollars, exchange rate converted",V,Current prices,N,Non transformed data,T0102,Table 0102 - GDP identity from the expenditure side,1995,,338275.748,,,,F,Free (free for publication),1,One,A,Normal value,6,Millions,_Z,Not applicable
DATAFLOW,OECD.SDD.NAD:DSD_NAMAIN10@DF_TABLE1_EXPENDITURE(2.0),Annual GDP and components - expenditure approach,I,A,Annual,CAN,Canada,S1M,Households and non-profit institutions serving households (NPISH),S1,Total economy,P3,Final consumption expenditure,_Z,Not applicable,_Z,Not applicable,_T,Total,USD_EXC,"US dollars, exchange rate converted",V,Current prices,N,Non transformed data,T0102,Table 0102 - GDP identity from the expenditure side,2016,,893637.182,,,,F,Free (free for publication),1,One,A,Normal value,6,Millions,_Z,Not applicable
DATAFLOW,OECD.SDD.NAD:DSD_NAMAIN10@DF_TABLE1_EXPENDITURE(2.0),Annual GDP and components - expenditure approach,I,A,Annual,CAN,Canada,S1M,Households and non-profit institutions serving households (NPISH),S1,Total economy,P3,Final consumption expenditure,_Z,Not applicable,_Z,Not applicable,_T,Total,USD_EXC,"US dollars, exchange rate converted",V,Current prices,N,Non transformed data,T0102,Table 0102 - GDP identity from the expenditure side,2015,,899801.7,,,,F,Free (free for publication),1,One,A,Normal value,6,Millions,_Z,Not applicable
DATAFLOW,OECD.SDD.NAD:DSD_NAMAIN10@DF_TABLE1_EXPENDITURE(2.0),Annual GDP and components - expenditure approach,I,A,Annual,CAN,Canada,S1M,Households and non-profit institutions serving households (NPISH),S1,Total economy,P3,Final consumption expenditure,_Z,Not applicable,_Z,Not applicable,_T,Total,USD_EXC,"US dollars, exchange rate converted",V,Current prices,N,Non transformed data,T0102,Table 0102 - GDP identity from the expenditure side,2014,,1007541.878,,,,F,Free (free for publication),1,One,A,Normal value,6,Millions,_Z,Not applicable
DATAFLOW,OECD.SDD.NAD:DSD_NAMAIN10@DF_TABLE1_EXPENDITURE(2.0),Annual GDP and components - expenditure approach,I,A,Annual,CAN,Canada,S1M,Households and non-profit institutions serving households (NPISH),S1,Total economy,P3,Final consumption expenditure,_Z,Not applicable,_Z,Not applicable,_T,Total,USD_EXC,"US dollars, exchange rate converted",V,Current prices,N,Non transformed data,T0102,Table 0102 - GDP identity from the expenditure side,2013,,1033371.895,,,,F,Free (free for publication),1,One,A,Normal value,6,Millions,_Z,Not applicable
DATAFLOW,OECD.SDD.NAD:DSD_NAMAIN10@DF_TABLE1_EXPENDITURE(2.0),Annual GDP and components - expenditure approach,I,A,Annual,CAN,Canada,S1M,Households and non-profit institutions serving households (NPISH),S1,Total economy,P3,Final consumption expenditure,_Z,Not applicable,_Z,Not applicable,_T,Total,USD_EXC,"US dollars, exchange rate converted",V,Current prices,N,Non transformed data,T0102,Table 0102 - GDP identity from the expenditure side,2012,,1024256.666,,,,F,Free (free for publication),1,One,A,Normal value,6,Millions,_Z,Not applicable
DATAFLOW,OECD.SDD.NAD:DSD_NAMAIN10@DF_TABLE1_EXPENDITURE(2.0),Annual GDP and components - expenditure approach,I,A,Annual,CAN,Canada,S1M,Households and non-profit institutions serving households (NPISH),S1,Total economy,P3,Final consumption expenditure,_Z,Not applicable,_Z,Not applicable,_T,Total,USD_EXC,"US dollars, exchange rate converted",V,Current prices,N,Non transformed data,T0102,Table 0102 - GDP identity from the expenditure side,2011,,1002518.899,,,,F,Free (free for publication),1,One,A,Normal value,6,Millions,_Z,Not applicable
DATAFLOW,OECD.SDD.NAD:DSD_NAMAIN10@DF_TABLE1_EXPENDITURE(2.0),Annual GDP and components - expenditure approach,I,A,Annual,CAN,Canada,S1M,Households and non-profit institutions serving households (NPISH),S1,Total economy,P3,Final consumption expenditure,_Z,Not applicable,_Z,Not applicable,_T,Total,USD_EXC,"US dollars, exchange rate converted",V,Current prices,N,Non transformed data,T0102,Table 0102 - GDP identity from the expenditure side,2010,,921859.295,,,,F,Free (free for publication),1,One,A,Normal value,6,Millions,_Z,Not applicable
DATAFLOW,OECD.SDD.NAD:DSD_NAMAIN10@DF_TABLE1_EXPENDITURE(2.0),Annual GDP and components - expenditure approach,I,A,Annual,CAN,Canada,S1M,Households and non-profit institutions serving households (NPISH),S1,Total economy,P3,Final consumption expenditure,_Z,Not applicable,_Z,Not applicable,_T,Total,USD_EXC,"US dollars, exchange rate converted",V,Current prices,N,Non transformed data,T0102,Table 0102 - GDP identity from the expenditure side,2009,,792496.663,,,,F,Free (free for publication),1,One,A,Normal value,6,Millions,_Z,Not applicable
DATAFLOW,OECD.SDD.NAD:DSD_NAMAIN10@DF_TABLE1_EXPENDITURE(2.0),Annual GDP and components - expenditure approach,I,A,Annual,CAN,Canada,S1M,Households and non-profit institutions serving households (NPISH),S1,Total economy,P3,Final consumption expenditure,_Z,Not applicable,_Z,Not applicable,_T,Total,USD_EXC,"US dollars, exchange rate converted",V,Current prices,N,Non transformed data,T0102,Table 0102 - GDP identity from the expenditure side,2008,,845709.927,,,,F,Free (free for publication),1,One,A,Normal value,6,Millions,_Z,Not applicable
DATAFLOW,OECD.SDD.NAD:DSD_NAMAIN10@DF_TABLE1_EXPENDITURE(2.0),Annual GDP and components - expenditure approach,I,A,Annual,CAN,Canada,S1M,Households and non-profit institutions serving households (NPISH),S1,Total economy,P3,Final consumption expenditure,_Z,Not applicable,_Z,Not applicable,_T,Total,USD_EXC,"US dollars, exchange rate converted",V,Current prices,N,Non transformed data,T0102,Table 0102 - GDP identity from the expenditure side,2007,,803898.813,,,,F,Free (free for publication),1,One,A,Normal value,6,Millions,_Z,Not applicable
DATAFLOW,OECD.SDD.NAD:DSD_NAMAIN10@DF_TABLE1_EXPENDITURE(2.0),Annual GDP and components - expenditure approach,I,A,Annual,CAN,Canada,S1M,Households and non-profit institutions serving households (NPISH),S1,Total economy,P3,Final consumption expenditure,_Z,Not applicable,_Z,Not applicable,_T,Total,USD_EXC,"US dollars, exchange rate converted",V,Current prices,N,Non transformed data,T0102,Table 0102 - GDP identity from the expenditure side,2020,,940822.791,,,,F,Free (free for publication),1,One,A,Normal value,6,Millions,_Z,Not applicable
DATAFLOW,OECD.SDD.NAD:DSD_NAMAIN10@DF_TABLE1_EXPENDITURE(2.0),Annual GDP and components - expenditure approach,I,A,Annual,CAN,Canada,S1M,Households and non-profit institutions serving households (NPISH),S1,Total economy,P3,Final consumption expenditure,_Z,Not applicable,_Z,Not applicable,_T,Total,USD_EXC,"US dollars, exchange rate converted",V,Current prices,N,Non transformed data,T0102,Table 0102 - GDP identity from the expenditure side,2019,,1007080.709,,,,F,Free (free for publication),1,One,A,Normal value,6,Millions,_Z,Not applicable
DATAFLOW,OECD.SDD.NAD:DSD_NAMAIN10@DF_TABLE1_EXPENDITURE(2.0),Annual GDP and components - expenditure approach,I,A,Annual,CAN,Canada,S1M,Households and non-profit institutions serving households (NPISH),S1,Total economy,P3,Final consumption expenditure,_Z,Not applicable,_Z,Not applicable,_T,Total,USD_EXC,"US dollars, exchange rate converted",V,Current prices,N,Non transformed data,T0102,Table 0102 - GDP identity from the expenditure side,2018,,998722.098,,,,F,Free (free for publication),1,One,A,Normal value,6,Millions,_Z,Not applicable
DATAFLOW,OECD.SDD.NAD:DSD_NAMAIN10@DF_TABLE1_EXPENDITURE(2.0),Annual GDP and components - expenditure approach,I,A,Annual,CAN,Canada,S1M,Households and non-profit institutions serving households (NPISH),S1,Total economy,P3,Final consumption expenditure,_Z,Not applicable,_Z,Not applicable,_T,Total,USD_EXC,"US dollars, exchange rate converted",V,Current prices,N,Non transformed data,T0102,Table 0102 - GDP identity from the expenditure side,2017,,956182.082,,,,F,Free (free for publication),1,One,A,Normal value,6,Millions,_Z,Not applicable
DATAFLOW,OECD.SDD.NAD:DSD_NAMAIN10@DF_TABLE1_EXPENDITURE(2.0),Annual GDP and components - expenditure approach,I,A,Annual,CAN,Canada,S1M,Households and non-profit institutions serving households (NPISH),S1,Total economy,P3,Final consumption expenditure,_Z,Not applicable,_Z,Not applicable,_T,Total,USD_EXC,"US dollars, exchange rate converted",V,Current prices,N,Non transformed data,T0102,Table 0102 - GDP identity from the expenditure side,2006,,717966.048,,,,F,Free (free for publication),1,One,A,Normal value,6,Millions,_Z,Not applicable
DATAFLOW,OECD.SDD.NAD:DSD_NAMAIN10@DF_TABLE1_EXPENDITURE(2.0),Annual GDP and components - expenditure approach,I,A,Annual,IRL,Ireland,S1M,Households and non-profit institutions serving households (NPISH),S1,Total economy,P3,Final consumption expenditure,_Z,Not applicable,_Z,Not applicable,_T,Total,USD_EXC,"US dollars, exchange rate converted",V,Current prices,N,Non transformed data,T0102,Table 0102 - GDP identity from the expenditure side,2004,,85067.084,,,,F,Free (free for publication),1,One,A,Normal value,6,Millions,_Z,Not applicable
DATAFLOW,OECD.SDD.NAD:DSD_NAMAIN10@DF_TABLE1_EXPENDITURE(2.0),Annual GDP and components - expenditure approach,I,A,Annual,IRL,Ireland,S1M,Households and non-profit institutions serving households (NPISH),S1,Total economy,P3,Final consumption expenditure,_Z,Not applicable,_Z,Not applicable,_T,Total,USD_EXC,"US dollars, exchange rate converted",V,Current prices,N,Non transformed data,T0102,Table 0102 - GDP identity from the expenditure side,2003,,73220.296,,,,F,Free (free for publication),1,One,A,Normal value,6,Millions,_Z,Not applicable
DATAFLOW,OECD.SDD.NAD:DSD_NAMAIN10@DF_TABLE1_EXPENDITURE(2.0),Annual GDP and components - expenditure approach,I,A,Annual,IRL,Ireland,S1M,Households and non-profit institutions serving households (NPISH),S1,Total economy,P3,Final consumption expenditure,_Z,Not applicable,_Z,Not applicable,_T,Total,USD_EXC,"US dollars, exchange rate converted",V,Current prices,N,Non transformed data,T0102,Table 0102 - GDP identity from the expenditure side,2002,,57304.026,,,,F,Free (free for publication),1,One,A,Normal value,6,Millions,_Z,Not applicable
DATAFLOW,OECD.SDD.NAD:DSD_NAMAIN10@DF_TABLE1_EXPENDITURE(2.0),Annual GDP and components - expenditure approach,I,A,Annual,IRL,Ireland,S1M,Households and non-profit institutions serving households (NPISH),S1,Total economy,P3,Final consumption expenditure,_Z,Not applicable,_Z,Not applicable,_T,Total,USD_EXC,"US dollars, exchange rate converted",V,Current prices,N,Non transformed data,T0102,Table 0102 - GDP identity from the expenditure side,2001,,49832.282,,,,F,Free (free for publication),1,One,A,Normal value,6,Millions,_Z,Not applicable
DATAFLOW,OECD.SDD.NAD:DSD_NAMAIN10@DF_TABLE1_EXPENDITURE(2.0),Annual GDP and components - expenditure approach,I,A,Annual,IRL,Ireland,S1M,Households and non-profit institutions serving households (NPISH),S1,Total economy,P3,Final consumption expenditure,_Z,Not applicable,_Z,Not applicable,_T,Total,USD_EXC,"US dollars, exchange rate converted",V,Current prices,N,Non transformed data,T0102,Table 0102 - GDP identity from the expenditure side,2000,,47020.844,,,,F,Free (free for publication),1,One,A,Normal value,6,Millions,_Z,Not applicable
DATAFLOW,OECD.SDD.NAD:DSD_NAMAIN10@DF_TABLE1_EXPENDITURE(2.0),Annual GDP and components - expenditure approach,I,A,Annual,IRL,Ireland,S1M,Households and non-profit institutions serving households (NPISH),S1,Total economy,P3,Final consumption expenditure,_Z,Not applicable,_Z,Not applicable,_T,Total,USD_EXC,"US dollars, exchange rate converted",V,Current prices,N,Non transformed data,T0102,Table 0102 - GDP identity from the expenditure side,1999,,46927.119,,,,F,Free (free for publication),1,One,A,Normal value,6,Millions,_Z,Not applicable
DATAFLOW,OECD.SDD.NAD:DSD_NAMAIN10@DF_TABLE1_EXPENDITURE(2.0),Annual GDP and components - expenditure approach,I,A,Annual,IRL,Ireland,S1M,Households and non-profit institutions serving households (NPISH),S1,Total economy,P3,Final consumption expenditure,_Z,Not applicable,_Z,Not applicable,_T,Total,USD_EXC,"US dollars, exchange rate converted",V,Current prices,N,Non transformed data,T0102,Table 0102 - GDP identity from the expenditure side,1998,,43809.672,,,,F,Free (free for publication),1,One,A,Normal value,6,Millions,_Z,Not applicable
DATAFLOW,OECD.SDD.NAD:DSD_NAMAIN10@DF_TABLE1_EXPENDITURE(2.0),Annual GDP and components - expenditure approach,I,A,Annual,IRL,Ireland,S1M,Households and non-profit institutions serving households (NPISH),S1,Total economy,P3,Final consumption expenditure,_Z,Not applicable,_Z,Not applicable,_T,Total,USD_EXC,"US dollars, exchange rate converted",V,Current prices,N,Non transformed data,T0102,Table 0102 - GDP identity from the expenditure side,1997,,41591.129,,,,F,Free (free for publication),1,One,A,Normal value,6,Millions,_Z,Not applicable
DATAFLOW,OECD.SDD.NAD:DSD_NAMAIN10@DF_TABLE1_EXPENDITURE(2.0),Annual GDP and components - expenditure approach,I,A,Annual,IRL,Ireland,S1M,Households and non-profit institutions serving households (NPISH),S1,Total economy,P3,Final consumption expenditure,_Z,Not applicable,_Z,Not applicable,_T,Total,USD_EXC,"US dollars, exchange rate converted",V,Current prices,N,Non transformed data,T0102,Table 0102 - GDP identity from the expenditure side,1996,,39964.79,,,,F,Free (free for publication),1,One,A,Normal value,6,Millions,_Z,Not applicable
DATAFLOW,OECD.SDD.NAD:DSD_NAMAIN10@DF_TABLE1_EXPENDITURE(2.0),Annual GDP and components - expenditure approach,I,A,Annual,IRL,Ireland,S1M,Households and non-profit institutions serving households (NPISH),S1,Total economy,P3,Final consumption expenditure,_Z,Not applicable,_Z,Not applicable,_T,Total,USD_EXC,"US dollars, exchange rate converted",V,Current prices,N,Non transformed data,T0102,Table 0102 - GDP identity from the expenditure side,1995,,36236.313,,,,F,Free (free for publication),1,One,A,Normal value,6,Millions,_Z,Not applicable
DATAFLOW,OECD.SDD.NAD:DSD_NAMAIN10@DF_TABLE1_EXPENDITURE(2.0),Annual GDP and components - expenditure approach,I,A,Annual,IRL,Ireland,S1M,Households and non-profit institutions serving households (NPISH),S1,Total economy,P3,Final consumption expenditure,_Z,Not applicable,_Z,Not applicable,_T,Total,USD_EXC,"US dollars, exchange rate converted",V,Current prices,N,Non transformed data,T0102,Table 0102 - GDP identity from the expenditure side,2016,,100731.808,,,,F,Free (free for publication),1,One,A,Normal value,6,Millions,_Z,Not applicable
DATAFLOW,OECD.SDD.NAD:DSD_NAMAIN10@DF_TABLE1_EXPENDITURE(2.0),Annual GDP and components - expenditure approach,I,A,Annual,IRL,Ireland,S1M,Households and non-profit institutions serving households (NPISH),S1,Total economy,P3,Final consumption expenditure,_Z,Not applicable,_Z,Not applicable,_T,Total,USD_EXC,"US dollars, exchange rate converted",V,Current prices,N,Non transformed data,T0102,Table 0102 - GDP identity from the expenditure side,2015,,96352.683,,,,F,Free (free for publication),1,One,A,Normal value,6,Millions,_Z,Not applicable
DATAFLOW,OECD.SDD.NAD:DSD_NAMAIN10@DF_TABLE1_EXPENDITURE(2.0),Annual GDP and components - expenditure approach,I,A,Annual,IRL,Ireland,S1M,Households and non-profit institutions serving households (NPISH),S1,Total economy,P3,Final consumption expenditure,_Z,Not applicable,_Z,Not applicable,_T,Total,USD_EXC,"US dollars, exchange rate converted",V,Current prices,N,Non transformed data,T0102,Table 0102 - GDP identity from the expenditure side,2014,,111186.561,,,,F,Free (free for publication),1,One,A,Normal value,6,Millions,_Z,Not applicable
DATAFLOW,OECD.SDD.NAD:DSD_NAMAIN10@DF_TABLE1_EXPENDITURE(2.0),Annual GDP and components - expenditure approach,I,A,Annual,IRL,Ireland,S1M,Households and non-profit institutions serving households (NPISH),S1,Total economy,P3,Final consumption expenditure,_Z,Not applicable,_Z,Not applicable,_T,Total,USD_EXC,"US dollars, exchange rate converted",V,Current prices,N,Non transformed data,T0102,Table 0102 - GDP identity from the expenditure side,2013,,107352.529,,,,F,Free (free for publication),1,One,A,Normal value,6,Millions,_Z,Not applicable
DATAFLOW,OECD.SDD.NAD:DSD_NAMAIN10@DF_TABLE1_EXPENDITURE(2.0),Annual GDP and components - expenditure approach,I,A,Annual,IRL,Ireland,S1M,Households and non-profit institutions serving households (NPISH),S1,Total economy,P3,Final consumption expenditure,_Z,Not applicable,_Z,Not applicable,_T,Total,USD_EXC,"US dollars, exchange rate converted",V,Current prices,N,Non transformed data,T0102,Table 0102 - GDP identity from the expenditure side,2012,,102109.497,,,,F,Free (free for publication),1,One,A,Normal value,6,Millions,_Z,Not applicable
DATAFLOW,OECD.SDD.NAD:DSD_NAMAIN10@DF_TABLE1_EXPENDITURE(2.0),Annual GDP and components - expenditure approach,I,A,Annual,IRL,Ireland,S1M,Households and non-profit institutions serving households (NPISH),S1,Total economy,P3,Final consumption expenditure,_Z,Not applicable,_Z,Not applicable,_T,Total,USD_EXC,"US dollars, exchange rate converted",V,Current prices,N,Non transformed data,T0102,Table 0102 - GDP identity from the expenditure side,2011,,110168.43,,,,F,Free (free for publication),1,One,A,Normal value,6,Millions,_Z,Not applicable
DATAFLOW,OECD.SDD.NAD:DSD_NAMAIN10@DF_TABLE1_EXPENDITURE(2.0),Annual GDP and components - expenditure approach,I,A,Annual,IRL,Ireland,S1M,Households and non-profit institutions serving households (NPISH),S1,Total economy,P3,Final consumption expenditure,_Z,Not applicable,_Z,Not applicable,_T,Total,USD_EXC,"US dollars, exchange rate converted",V,Current prices,N,Non transformed data,T0102,Table 0102 - GDP identity from the expenditure side,2010,,105373.329,,,,F,Free (free for publication),1,One,A,Normal value,6,Millions,_Z,Not applicable
DATAFLOW,OECD.SDD.NAD:DSD_NAMAIN10@DF_TABLE1_EXPENDITURE(2.0),Annual GDP and components - expenditure approach,I,A,Annual,IRL,Ireland,S1M,Households and non-profit institutions serving households (NPISH),S1,Total economy,P3,Final consumption expenditure,_Z,Not applicable,_Z,Not applicable,_T,Total,USD_EXC,"US dollars, exchange rate converted",V,Current prices,N,Non transformed data,T0102,Table 0102 - GDP identity from the expenditure side,2009,,111779.881,,,,F,Free (free for publication),1,One,A,Normal value,6,Millions,_Z,Not applicable
DATAFLOW,OECD.SDD.NAD:DSD_NAMAIN10@DF_TABLE1_EXPENDITURE(2.0),Annual GDP and components - expenditure approach,I,A,Annual,IRL,Ireland,S1M,Households and non-profit institutions serving households (NPISH),S1,Total economy,P3,Final consumption expenditure,_Z,Not applicable,_Z,Not applicable,_T,Total,USD_EXC,"US dollars, exchange rate converted",V,Current prices,N,Non transformed data,T0102,Table 0102 - GDP identity from the expenditure side,2008,,133265.821,,,,F,Free (free for publication),1,One,A,Normal value,6,Millions,_Z,Not applicable
DATAFLOW,OECD.SDD.NAD:DSD_NAMAIN10@DF_TABLE1_EXPENDITURE(2.0),Annual GDP and components - expenditure approach,I,A,Annual,IRL,Ireland,S1M,Households and non-profit institutions serving households (NPISH),S1,Total economy,P3,Final consumption expenditure,_Z,Not applicable,_Z,Not applicable,_T,Total,USD_EXC,"US dollars, exchange rate converted",V,Current prices,N,Non transformed data,T0102,Table 0102 - GDP identity from the expenditure side,2007,,122049.1,,,,F,Free (free for publication),1,One,A,Normal value,6,Millions,_Z,Not applicable
DATAFLOW,OECD.SDD.NAD:DSD_NAMAIN10@DF_TABLE1_EXPENDITURE(2.0),Annual GDP and components - expenditure approach,I,A,Annual,IRL,Ireland,S1M,Households and non-profit institutions serving households (NPISH),S1,Total economy,P3,Final consumption expenditure,_Z,Not applicable,_Z,Not applicable,_T,Total,USD_EXC,"US dollars, exchange rate converted",V,Current prices,N,Non transformed data,T0102,Table 0102 - GDP identity from the expenditure side,2020,,107916.568,,,,F,Free (free for publication),1,One,A,Normal value,6,Millions,_Z,Not applicable
DATAFLOW,OECD.SDD.NAD:DSD_NAMAIN10@DF_TABLE1_EXPENDITURE(2.0),Annual GDP and components - expenditure approach,I,A,Annual,IRL,Ireland,S1M,Households and non-profit institutions serving households (NPISH),S1,Total economy,P3,Final consumption expenditure,_Z,Not applicable,_Z,Not applicable,_T,Total,USD_EXC,"US dollars, exchange rate converted",V,Current prices,N,Non transformed data,T0102,Table 0102 - GDP identity from the expenditure side,2019,,118003.069,,,,F,Free (free for publication),1,One,A,Normal value,6,Millions,_Z,Not applicable
DATAFLOW,OECD.SDD.NAD:DSD_NAMAIN10@DF_TABLE1_EXPENDITURE(2.0),Annual GDP and components - expenditure approach,I,A,Annual,IRL,Ireland,S1M,Households and non-profit institutions serving households (NPISH),S1,Total economy,P3,Final consumption expenditure,_Z,Not applicable,_Z,Not applicable,_T,Total,USD_EXC,"US dollars, exchange rate converted",V,Current prices,N,Non transformed data,T0102,Table 0102 - GDP identity from the expenditure side,2018,,119190.942,,,,F,Free (free for publication),1,One,A,Normal value,6,Millions,_Z,Not applicable
DATAFLOW,OECD.SDD.NAD:DSD_NAMAIN10@DF_TABLE1_EXPENDITURE(2.0),Annual GDP and components - expenditure approach,I,A,Annual,IRL,Ireland,S1M,Households and non-profit institutions serving households (NPISH),S1,Total economy,P3,Final consumption expenditure,_Z,Not applicable,_Z,Not applicable,_T,Total,USD_EXC,"US dollars, exchange rate converted",V,Current prices,N,Non transformed data,T0102,Table 0102 - GDP identity from the expenditure side,2017,,107033.147,,,,F,Free (free for publication),1,One,A,Normal value,6,Millions,_Z,Not applicable
DATAFLOW,OECD.SDD.NAD:DSD_NAMAIN10@DF_TABLE1_EXPENDITURE(2.0),Annual GDP and components - expenditure approach,I,A,Annual,IRL,Ireland,S1M,Households and non-profit institutions serving households (NPISH),S1,Total economy,P3,Final consumption expenditure,_Z,Not applicable,_Z,Not applicable,_T,Total,USD_EXC,"US dollars, exchange rate converted",V,Current prices,N,Non transformed data,T0102,Table 0102 - GDP identity from the expenditure side,2006,,101740.198,,,,F,Free (free for publication),1,One,A,Normal value,6,Millions,_Z,Not applicable
DATAFLOW,OECD.SDD.NAD:DSD_NAMAIN10@DF_TABLE1_EXPENDITURE(2.0),Annual GDP and components - expenditure approach,I,A,Annual,NZL,New Zealand,S1M,Households and non-profit institutions serving households (NPISH),S1,Total economy,P3,Final consumption expenditure,_Z,Not applicable,_Z,Not applicable,_T,Total,USD_EXC,"US dollars, exchange rate converted",V,Current prices,N,Non transformed data,T0102,Table 0102 - GDP identity from the expenditure side,2004,,58763.903,,,,F,Free (free for publication),1,One,A,Normal value,6,Millions,_Z,Not applicable
DATAFLOW,OECD.SDD.NAD:DSD_NAMAIN10@DF_TABLE1_EXPENDITURE(2.0),Annual GDP and components - expenditure approach,I,A,Annual,NZL,New Zealand,S1M,Households and non-profit institutions serving households (NPISH),S1,Total economy,P3,Final consumption expenditure,_Z,Not applicable,_Z,Not applicable,_T,Total,USD_EXC,"US dollars, exchange rate converted",V,Current prices,N,Non transformed data,T0102,Table 0102 - GDP identity from the expenditure side,2003,,48079.113,,,,F,Free (free for publication),1,One,A,Normal value,6,Millions,_Z,Not applicable
DATAFLOW,OECD.SDD.NAD:DSD_NAMAIN10@DF_TABLE1_EXPENDITURE(2.0),Annual GDP and components - expenditure approach,I,A,Annual,NZL,New Zealand,S1M,Households and non-profit institutions serving households (NPISH),S1,Total economy,P3,Final consumption expenditure,_Z,Not applicable,_Z,Not applicable,_T,Total,USD_EXC,"US dollars, exchange rate converted",V,Current prices,N,Non transformed data,T0102,Table 0102 - GDP identity from the expenditure side,2002,,35922.361,,,,F,Free (free for publication),1,One,A,Normal value,6,Millions,_Z,Not applicable
DATAFLOW,OECD.SDD.NAD:DSD_NAMAIN10@DF_TABLE1_EXPENDITURE(2.0),Annual GDP and components - expenditure approach,I,A,Annual,NZL,New Zealand,S1M,Households and non-profit institutions serving households (NPISH),S1,Total economy,P3,Final consumption expenditure,_Z,Not applicable,_Z,Not applicable,_T,Total,USD_EXC,"US dollars, exchange rate converted",V,Current prices,N,Non transformed data,T0102,Table 0102 - GDP identity from the expenditure side,2001,,30583.699,,,,F,Free (free for publication),1,One,A,Normal value,6,Millions,_Z,Not applicable
DATAFLOW,OECD.SDD.NAD:DSD_NAMAIN10@DF_TABLE1_EXPENDITURE(2.0),Annual GDP and components - expenditure approach,I,A,Annual,NZL,New Zealand,S1M,Households and non-profit institutions serving households (NPISH),S1,Total economy,P3,Final consumption expenditure,_Z,Not applicable,_Z,Not applicable,_T,Total,USD_EXC,"US dollars, exchange rate converted",V,Current prices,N,Non transformed data,T0102,Table 0102 - GDP identity from the expenditure side,2000,,31523.988,,,,F,Free (free for publication),1,One,A,Normal value,6,Millions,_Z,Not applicable
DATAFLOW,OECD.SDD.NAD:DSD_NAMAIN10@DF_TABLE1_EXPENDITURE(2.0),Annual GDP and components - expenditure approach,I,A,Annual,NZL,New Zealand,S1M,Households and non-profit institutions serving households (NPISH),S1,Total economy,P3,Final consumption expenditure,_Z,Not applicable,_Z,Not applicable,_T,Total,USD_EXC,"US dollars, exchange rate converted",V,Current prices,N,Non transformed data,T0102,Table 0102 - GDP identity from the expenditure side,1999,,35347.962,,,,F,Free (free for publication),1,One,A,Normal value,6,Millions,_Z,Not applicable
DATAFLOW,OECD.SDD.NAD:DSD_NAMAIN10@DF_TABLE1_EXPENDITURE(2.0),Annual GDP and components - expenditure approach,I,A,Annual,NZL,New Zealand,S1M,Households and non-profit institutions serving households (NPISH),S1,Total economy,P3,Final consumption expenditure,_Z,Not applicable,_Z,Not applicable,_T,Total,USD_EXC,"US dollars, exchange rate converted",V,Current prices,N,Non transformed data,T0102,Table 0102 - GDP identity from the expenditure side,1998,,34481.482,,,,F,Free (free for publication),1,One,A,Normal value,6,Millions,_Z,Not applicable
DATAFLOW,OECD.SDD.NAD:DSD_NAMAIN10@DF_TABLE1_EXPENDITURE(2.0),Annual GDP and components - expenditure approach,I,A,Annual,NZL,New Zealand,S1M,Households and non-profit institutions serving households (NPISH),S1,Total economy,P3,Final consumption expenditure,_Z,Not applicable,_Z,Not applicable,_T,Total,USD_EXC,"US dollars, exchange rate converted",V,Current prices,N,Non transformed data,T0102,Table 0102 - GDP identity from the expenditure side,1997,,40778.994,,,,F,Free (free for publication),1,One,A,Normal value,6,Millions,_Z,Not applicable
DATAFLOW,OECD.SDD.NAD:DSD_NAMAIN10@DF_TABLE1_EXPENDITURE(2.0),Annual GDP and components - expenditure approach,I,A,Annual,ISR,Israel,S1M,Households and non-profit institutions serving households (NPISH),S1,Total economy,P3,Final consumption expenditure,_Z,Not applicable,_Z,Not applicable,_T,Total,USD_EXC,"US dollars, exchange rate converted",V,Current prices,N,Non transformed data,T0102,Table 0102 - GDP identity from the expenditure side,2004,,75999.204,,,,F,Free (free for publication),1,One,A,Normal value,6,Millions,_Z,Not applicable
DATAFLOW,OECD.SDD.NAD:DSD_NAMAIN10@DF_TABLE1_EXPENDITURE(2.0),Annual GDP and components - expenditure approach,I,A,Annual,ISR,Israel,S1M,Households and non-profit institutions serving households (NPISH),S1,Total economy,P3,Final consumption expenditure,_Z,Not applicable,_Z,Not applicable,_T,Total,USD_EXC,"US dollars, exchange rate converted",V,Current prices,N,Non transformed data,T0102,Table 0102 - GDP identity from the expenditure side,2003,,70923.285,,,,F,Free (free for publication),1,One,A,Normal value,6,Millions,_Z,Not applicable
DATAFLOW,OECD.SDD.NAD:DSD_NAMAIN10@DF_TABLE1_EXPENDITURE(2.0),Annual GDP and components - expenditure approach,I,A,Annual,ISR,Israel,S1M,Households and non-profit institutions serving households (NPISH),S1,Total economy,P3,Final consumption expenditure,_Z,Not applicable,_Z,Not applicable,_T,Total,USD_EXC,"US dollars, exchange rate converted",V,Current prices,N,Non transformed data,T0102,Table 0102 - GDP identity from the expenditure side,2002,,67963.292,,,,F,Free (free for publication),1,One,A,Normal value,6,Millions,_Z,Not applicable
DATAFLOW,OECD.SDD.NAD:DSD_NAMAIN10@DF_TABLE1_EXPENDITURE(2.0),Annual GDP and components - expenditure approach,I,A,Annual,ISR,Israel,S1M,Households and non-profit institutions serving households (NPISH),S1,Total economy,P3,Final consumption expenditure,_Z,Not applicable,_Z,Not applicable,_T,Total,USD_EXC,"US dollars, exchange rate converted",V,Current prices,N,Non transformed data,T0102,Table 0102 - GDP identity from the expenditure side,2001,,72029.751,,,,F,Free (free for publication),1,One,A,Normal value,6,Millions,_Z,Not applicable
DATAFLOW,OECD.SDD.NAD:DSD_NAMAIN10@DF_TABLE1_EXPENDITURE(2.0),Annual GDP and components - expenditure approach,I,A,Annual,ISR,Israel,S1M,Households and non-profit institutions serving households (NPISH),S1,Total economy,P3,Final consumption expenditure,_Z,Not applicable,_Z,Not applicable,_T,Total,USD_EXC,"US dollars, exchange rate converted",V,Current prices,N,Non transformed data,T0102,Table 0102 - GDP identity from the expenditure side,2000,,70822.165,,,,F,Free (free for publication),1,One,A,Normal value,6,Millions,_Z,Not applicable
DATAFLOW,OECD.SDD.NAD:DSD_NAMAIN10@DF_TABLE1_EXPENDITURE(2.0),Annual GDP and components - expenditure approach,I,A,Annual,ISR,Israel,S1M,Households and non-profit institutions serving households (NPISH),S1,Total economy,P3,Final consumption expenditure,_Z,Not applicable,_Z,Not applicable,_T,Total,USD_EXC,"US dollars, exchange rate converted",V,Current prices,N,Non transformed data,T0102,Table 0102 - GDP identity from the expenditure side,1999,,63229.809,,,,F,Free (free for publication),1,One,A,Normal value,6,Millions,_Z,Not applicable
DATAFLOW,OECD.SDD.NAD:DSD_NAMAIN10@DF_TABLE1_EXPENDITURE(2.0),Annual GDP and components - expenditure approach,I,A,Annual,ISR,Israel,S1M,Households and non-profit institutions serving households (NPISH),S1,Total economy,P3,Final consumption expenditure,_Z,Not applicable,_Z,Not applicable,_T,Total,USD_EXC,"US dollars, exchange rate converted",V,Current prices,N,Non transformed data,T0102,Table 0102 - GDP identity from the expenditure side,1998,,62456.449,,,,F,Free (free for publication),1,One,A,Normal value,6,Millions,_Z,Not applicable
DATAFLOW,OECD.SDD.NAD:DSD_NAMAIN10@DF_TABLE1_EXPENDITURE(2.0),Annual GDP and components - expenditure approach,I,A,Annual,ISR,Israel,S1M,Households and non-profit institutions serving households (NPISH),S1,Total economy,P3,Final consumption expenditure,_Z,Not applicable,_Z,Not applicable,_T,Total,USD_EXC,"US dollars, exchange rate converted",V,Current prices,N,Non transformed data,T0102,Table 0102 - GDP identity from the expenditure side,1997,,61536.688,,,,F,Free (free for publication),1,One,A,Normal value,6,Millions,_Z,Not applicable
DATAFLOW,OECD.SDD.NAD:DSD_NAMAIN10@DF_TABLE1_EXPENDITURE(2.0),Annual GDP and components - expenditure approach,I,A,Annual,ISR,Israel,S1M,Households and non-profit institutions serving households (NPISH),S1,Total economy,P3,Final consumption expenditure,_Z,Not applicable,_Z,Not applicable,_T,Total,USD_EXC,"US dollars, exchange rate converted",V,Current prices,N,Non transformed data,T0102,Table 0102 - GDP identity from the expenditure side,1996,,60000.099,,,,F,Free (free for publication),1,One,A,Normal value,6,Millions,_Z,Not applicable
DATAFLOW,OECD.SDD.NAD:DSD_NAMAIN10@DF_TABLE1_EXPENDITURE(2.0),Annual GDP and components - expenditure approach,I,A,Annual,ISR,Israel,S1M,Households and non-profit institutions serving households (NPISH),S1,Total economy,P3,Final consumption expenditure,_Z,Not applicable,_Z,Not applicable,_T,Total,USD_EXC,"US dollars, exchange rate converted",V,Current prices,N,Non transformed data,T0102,Table 0102 - GDP identity from the expenditure side,1995,,55808.287,,,,F,Free (free for publication),1,One,A,Normal value,6,Millions,_Z,Not applicable
DATAFLOW,OECD.SDD.NAD:DSD_NAMAIN10@DF_TABLE1_EXPENDITURE(2.0),Annual GDP and components - expenditure approach,I,A,Annual,ISR,Israel,S1M,Households and non-profit institutions serving households (NPISH),S1,Total economy,P3,Final consumption expenditure,_Z,Not applicable,_Z,Not applicable,_T,Total,USD_EXC,"US dollars, exchange rate converted",V,Current prices,N,Non transformed data,T0102,Table 0102 - GDP identity from the expenditure side,2016,,171946.36,,,,F,Free (free for publication),1,One,A,Normal value,6,Millions,_Z,Not applicable
DATAFLOW,OECD.SDD.NAD:DSD_NAMAIN10@DF_TABLE1_EXPENDITURE(2.0),Annual GDP and components - expenditure approach,I,A,Annual,ISR,Israel,S1M,Households and non-profit institutions serving households (NPISH),S1,Total economy,P3,Final consumption expenditure,_Z,Not applicable,_Z,Not applicable,_T,Total,USD_EXC,"US dollars, exchange rate converted",V,Current prices,N,Non transformed data,T0102,Table 0102 - GDP identity from the expenditure side,2015,,161274.147,,,,F,Free (free for publication),1,One,A,Normal value,6,Millions,_Z,Not applicable
DATAFLOW,OECD.SDD.NAD:DSD_NAMAIN10@DF_TABLE1_EXPENDITURE(2.0),Annual GDP and components - expenditure approach,I,A,Annual,ISR,Israel,S1M,Households and non-profit institutions serving households (NPISH),S1,Total economy,P3,Final consumption expenditure,_Z,Not applicable,_Z,Not applicable,_T,Total,USD_EXC,"US dollars, exchange rate converted",V,Current prices,N,Non transformed data,T0102,Table 0102 - GDP identity from the expenditure side,2014,,169819.912,,,,F,Free (free for publication),1,One,A,Normal value,6,Millions,_Z,Not applicable
DATAFLOW,OECD.SDD.NAD:DSD_NAMAIN10@DF_TABLE1_EXPENDITURE(2.0),Annual GDP and components - expenditure approach,I,A,Annual,ISR,Israel,S1M,Households and non-profit institutions serving households (NPISH),S1,Total economy,P3,Final consumption expenditure,_Z,Not applicable,_Z,Not applicable,_T,Total,USD_EXC,"US dollars, exchange rate converted",V,Current prices,N,Non transformed data,T0102,Table 0102 - GDP identity from the expenditure side,2013,,161521.651,,,,F,Free (free for publication),1,One,A,Normal value,6,Millions,_Z,Not applicable
DATAFLOW,OECD.SDD.NAD:DSD_NAMAIN10@DF_TABLE1_EXPENDITURE(2.0),Annual GDP and components - expenditure approach,I,A,Annual,ISR,Israel,S1M,Households and non-profit institutions serving households (NPISH),S1,Total economy,P3,Final consumption expenditure,_Z,Not applicable,_Z,Not applicable,_T,Total,USD_EXC,"US dollars, exchange rate converted",V,Current prices,N,Non transformed data,T0102,Table 0102 - GDP identity from the expenditure side,2012,,143899.515,,,,F,Free (free for publication),1,One,A,Normal value,6,Millions,_Z,Not applicable
DATAFLOW,OECD.SDD.NAD:DSD_NAMAIN10@DF_TABLE1_EXPENDITURE(2.0),Annual GDP and components - expenditure approach,I,A,Annual,ISR,Israel,S1M,Households and non-profit institutions serving households (NPISH),S1,Total economy,P3,Final consumption expenditure,_Z,Not applicable,_Z,Not applicable,_T,Total,USD_EXC,"US dollars, exchange rate converted",V,Current prices,N,Non transformed data,T0102,Table 0102 - GDP identity from the expenditure side,2011,,148284.345,,,,F,Free (free for publication),1,One,A,Normal value,6,Millions,_Z,Not applicable
DATAFLOW,OECD.SDD.NAD:DSD_NAMAIN10@DF_TABLE1_EXPENDITURE(2.0),Annual GDP and components - expenditure approach,I,A,Annual,ISR,Israel,S1M,Households and non-profit institutions serving households (NPISH),S1,Total economy,P3,Final consumption expenditure,_Z,Not applicable,_Z,Not applicable,_T,Total,USD_EXC,"US dollars, exchange rate converted",V,Current prices,N,Non transformed data,T0102,Table 0102 - GDP identity from the expenditure side,2010,,132132.756,,,,F,Free (free for publication),1,One,A,Normal value,6,Millions,_Z,Not applicable
DATAFLOW,OECD.SDD.NAD:DSD_NAMAIN10@DF_TABLE1_EXPENDITURE(2.0),Annual GDP and components - expenditure approach,I,A,Annual,ISR,Israel,S1M,Households and non-profit institutions serving households (NPISH),S1,Total economy,P3,Final consumption expenditure,_Z,Not applicable,_Z,Not applicable,_T,Total,USD_EXC,"US dollars, exchange rate converted",V,Current prices,N,Non transformed data,T0102,Table 0102 - GDP identity from the expenditure side,2009,,117056.061,,,,F,Free (free for publication),1,One,A,Normal value,6,Millions,_Z,Not applicable
DATAFLOW,OECD.SDD.NAD:DSD_NAMAIN10@DF_TABLE1_EXPENDITURE(2.0),Annual GDP and components - expenditure approach,I,A,Annual,ISR,Israel,S1M,Households and non-profit institutions serving households (NPISH),S1,Total economy,P3,Final consumption expenditure,_Z,Not applicable,_Z,Not applicable,_T,Total,USD_EXC,"US dollars, exchange rate converted",V,Current prices,N,Non transformed data,T0102,Table 0102 - GDP identity from the expenditure side,2008,,123857.807,,,,F,Free (free for publication),1,One,A,Normal value,6,Millions,_Z,Not applicable
DATAFLOW,OECD.SDD.NAD:DSD_NAMAIN10@DF_TABLE1_EXPENDITURE(2.0),Annual GDP and components - expenditure approach,I,A,Annual,ISR,Israel,S1M,Households and non-profit institutions serving households (NPISH),S1,Total economy,P3,Final consumption expenditure,_Z,Not applicable,_Z,Not applicable,_T,Total,USD_EXC,"US dollars, exchange rate converted",V,Current prices,N,Non transformed data,T0102,Table 0102 - GDP identity from the expenditure side,2007,,101765.7,,,,F,Free (free for publication),1,One,A,Normal value,6,Millions,_Z,Not applicable
DATAFLOW,OECD.SDD.NAD:DSD_NAMAIN10@DF_TABLE1_EXPENDITURE(2.0),Annual GDP and components - expenditure approach,I,A,Annual,ISR,Israel,S1M,Households and non-profit institutions serving households (NPISH),S1,Total economy,P3,Final consumption expenditure,_Z,Not applicable,_Z,Not applicable,_T,Total,USD_EXC,"US dollars, exchange rate converted",V,Current prices,N,Non transformed data,T0102,Table 0102 - GDP identity from the expenditure side,2020,,200468.793,,,,F,Free (free for publication),1,One,A,Normal value,6,Millions,_Z,Not applicable
DATAFLOW,OECD.SDD.NAD:DSD_NAMAIN10@DF_TABLE1_EXPENDITURE(2.0),Annual GDP and components - expenditure approach,I,A,Annual,ISR,Israel,S1M,Households and non-profit institutions serving households (NPISH),S1,Total economy,P3,Final consumption expenditure,_Z,Not applicable,_Z,Not applicable,_T,Total,USD_EXC,"US dollars, exchange rate converted",V,Current prices,N,Non transformed data,T0102,Table 0102 - GDP identity from the expenditure side,2019,,209691.701,,,,F,Free (free for publication),1,One,A,Normal value,6,Millions,_Z,Not applicable
DATAFLOW,OECD.SDD.NAD:DSD_NAMAIN10@DF_TABLE1_EXPENDITURE(2.0),Annual GDP and components - expenditure approach,I,A,Annual,ISR,Israel,S1M,Households and non-profit institutions serving households (NPISH),S1,Total economy,P3,Final consumption expenditure,_Z,Not applicable,_Z,Not applicable,_T,Total,USD_EXC,"US dollars, exchange rate converted",V,Current prices,N,Non transformed data,T0102,Table 0102 - GDP identity from the expenditure side,2018,,198820.023,,,,F,Free (free for publication),1,One,A,Normal value,6,Millions,_Z,Not applicable
DATAFLOW,OECD.SDD.NAD:DSD_NAMAIN10@DF_TABLE1_EXPENDITURE(2.0),Annual GDP and components - expenditure approach,I,A,Annual,ISR,Israel,S1M,Households and non-profit institutions serving households (NPISH),S1,Total economy,P3,Final consumption expenditure,_Z,Not applicable,_Z,Not applicable,_T,Total,USD_EXC,"US dollars, exchange rate converted",V,Current prices,N,Non transformed data,T0102,Table 0102 - GDP identity from the expenditure side,2017,,190186.753,,,,F,Free (free for publication),1,One,A,Normal value,6,Millions,_Z,Not applicable
DATAFLOW,OECD.SDD.NAD:DSD_NAMAIN10@DF_TABLE1_EXPENDITURE(2.0),Annual GDP and components - expenditure approach,I,A,Annual,ISR,Israel,S1M,Households and non-profit institutions serving households (NPISH),S1,Total economy,P3,Final consumption expenditure,_Z,Not applicable,_Z,Not applicable,_T,Total,USD_EXC,"US dollars, exchange rate converted",V,Current prices,N,Non transformed data,T0102,Table 0102 - GDP identity from the expenditure side,2006,,86184.11,,,,F,Free (free for publication),1,One,A,Normal value,6,Millions,_Z,Not applicable
DATAFLOW,OECD.SDD.NAD:DSD_NAMAIN10@DF_TABLE1_EXPENDITURE(2.0),Annual GDP and components - expenditure approach,I,A,Annual,FIN,Finland,S1M,Households and non-profit institutions serving households (NPISH),S1,Total economy,P3,Final consumption expenditure,_Z,Not applicable,_Z,Not applicable,_T,Total,USD_EXC,"US dollars, exchange rate converted",V,Current prices,N,Non transformed data,T0102,Table 0102 - GDP identity from the expenditure side,2004,,97503.283,,,,F,Free (free for publication),1,One,A,Normal value,6,Millions,_Z,Not applicable
DATAFLOW,OECD.SDD.NAD:DSD_NAMAIN10@DF_TABLE1_EXPENDITURE(2.0),Annual GDP and components - expenditure approach,I,A,Annual,FIN,Finland,S1M,Households and non-profit institutions serving households (NPISH),S1,Total economy,P3,Final consumption expenditure,_Z,Not applicable,_Z,Not applicable,_T,Total,USD_EXC,"US dollars, exchange rate converted",V,Current prices,N,Non transformed data,T0102,Table 0102 - GDP identity from the expenditure side,2003,,85220.493,,,,F,Free (free for publication),1,One,A,Normal value,6,Millions,_Z,Not applicable
DATAFLOW,OECD.SDD.NAD:DSD_NAMAIN10@DF_TABLE1_EXPENDITURE(2.0),Annual GDP and components - expenditure approach,I,A,Annual,FIN,Finland,S1M,Households and non-profit institutions serving households (NPISH),S1,Total economy,P3,Final consumption expenditure,_Z,Not applicable,_Z,Not applicable,_T,Total,USD_EXC,"US dollars, exchange rate converted",V,Current prices,N,Non transformed data,T0102,Table 0102 - GDP identity from the expenditure side,2002,,67739.956,,,,F,Free (free for publication),1,One,A,Normal value,6,Millions,_Z,Not applicable
DATAFLOW,OECD.SDD.NAD:DSD_NAMAIN10@DF_TABLE1_EXPENDITURE(2.0),Annual GDP and components - expenditure approach,I,A,Annual,FIN,Finland,S1M,Households and non-profit institutions serving households (NPISH),S1,Total economy,P3,Final consumption expenditure,_Z,Not applicable,_Z,Not applicable,_T,Total,USD_EXC,"US dollars, exchange rate converted",V,Current prices,N,Non transformed data,T0102,Table 0102 - GDP identity from the expenditure side,2001,,61586.173,,,,F,Free (free for publication),1,One,A,Normal value,6,Millions,_Z,Not applicable
DATAFLOW,OECD.SDD.NAD:DSD_NAMAIN10@DF_TABLE1_EXPENDITURE(2.0),Annual GDP and components - expenditure approach,I,A,Annual,FIN,Finland,S1M,Households and non-profit institutions serving households (NPISH),S1,Total economy,P3,Final consumption expenditure,_Z,Not applicable,_Z,Not applicable,_T,Total,USD_EXC,"US dollars, exchange rate converted",V,Current prices,N,Non transformed data,T0102,Table 0102 - GDP identity from the expenditure side,2000,,60226.927,,,,F,Free (free for publication),1,One,A,Normal value,6,Millions,_Z,Not applicable
DATAFLOW,OECD.SDD.NAD:DSD_NAMAIN10@DF_TABLE1_EXPENDITURE(2.0),Annual GDP and components - expenditure approach,I,A,Annual,FIN,Finland,S1M,Households and non-profit institutions serving households (NPISH),S1,Total economy,P3,Final consumption expenditure,_Z,Not applicable,_Z,Not applicable,_T,Total,USD_EXC,"US dollars, exchange rate converted",V,Current prices,N,Non transformed data,T0102,Table 0102 - GDP identity from the expenditure side,1999,,66061.087,,,,F,Free (free for publication),1,One,A,Normal value,6,Millions,_Z,Not applicable
DATAFLOW,OECD.SDD.NAD:DSD_NAMAIN10@DF_TABLE1_EXPENDITURE(2.0),Annual GDP and components - expenditure approach,I,A,Annual,FIN,Finland,S1M,Households and non-profit institutions serving households (NPISH),S1,Total economy,P3,Final consumption expenditure,_Z,Not applicable,_Z,Not applicable,_T,Total,USD_EXC,"US dollars, exchange rate converted",V,Current prices,N,Non transformed data,T0102,Table 0102 - GDP identity from the expenditure side,1998,,65790.517,,,,F,Free (free for publication),1,One,A,Normal value,6,Millions,_Z,Not applicable
DATAFLOW,OECD.SDD.NAD:DSD_NAMAIN10@DF_TABLE1_EXPENDITURE(2.0),Annual GDP and components - expenditure approach,I,A,Annual,FIN,Finland,S1M,Households and non-profit institutions serving households (NPISH),S1,Total economy,P3,Final consumption expenditure,_Z,Not applicable,_Z,Not applicable,_T,Total,USD_EXC,"US dollars, exchange rate converted",V,Current prices,N,Non transformed data,T0102,Table 0102 - GDP identity from the expenditure side,1997,,63567.367,,,,F,Free (free for publication),1,One,A,Normal value,6,Millions,_Z,Not applicable
DATAFLOW,OECD.SDD.NAD:DSD_NAMAIN10@DF_TABLE1_EXPENDITURE(2.0),Annual GDP and components - expenditure approach,I,A,Annual,FIN,Finland,S1M,Households and non-profit institutions serving households (NPISH),S1,Total economy,P3,Final consumption expenditure,_Z,Not applicable,_Z,Not applicable,_T,Total,USD_EXC,"US dollars, exchange rate converted",V,Current prices,N,Non transformed data,T0102,Table 0102 - GDP identity from the expenditure side,1996,,68103.011,,,,F,Free (free for publication),1,One,A,Normal value,6,Millions,_Z,Not applicable
DATAFLOW,OECD.SDD.NAD:DSD_NAMAIN10@DF_TABLE1_EXPENDITURE(2.0),Annual GDP and components - expenditure approach,I,A,Annual,FIN,Finland,S1M,Households and non-profit institutions serving households (NPISH),S1,Total economy,P3,Final consumption expenditure,_Z,Not applicable,_Z,Not applicable,_T,Total,USD_EXC,"US dollars, exchange rate converted",V,Current prices,N,Non transformed data,T0102,Table 0102 - GDP identity from the expenditure side,1995,,68373.626,,,,F,Free (free for publication),1,One,A,Normal value,6,Millions,_Z,Not applicable
DATAFLOW,OECD.SDD.NAD:DSD_NAMAIN10@DF_TABLE1_EXPENDITURE(2.0),Annual GDP and components - expenditure approach,I,A,Annual,FIN,Finland,S1M,Households and non-profit institutions serving households (NPISH),S1,Total economy,P3,Final consumption expenditure,_Z,Not applicable,_Z,Not applicable,_T,Total,USD_EXC,"US dollars, exchange rate converted",V,Current prices,N,Non transformed data,T0102,Table 0102 - GDP identity from the expenditure side,2016,,128601.111,,,,F,Free (free for publication),1,One,A,Normal value,6,Millions,_Z,Not applicable
DATAFLOW,OECD.SDD.NAD:DSD_NAMAIN10@DF_TABLE1_EXPENDITURE(2.0),Annual GDP and components - expenditure approach,I,A,Annual,JPN,Japan,S1M,Households and non-profit institutions serving households (NPISH),S1,Total economy,P3,Final consumption expenditure,_Z,Not applicable,_Z,Not applicable,_T,Total,USD_EXC,"US dollars, exchange rate converted",V,Current prices,N,Non transformed data,T0102,Table 0102 - GDP identity from the expenditure side,2016,,2737086.702,,,,F,Free (free for publication),1,One,A,Normal value,6,Millions,_Z,Not applicable
DATAFLOW,OECD.SDD.NAD:DSD_NAMAIN10@DF_TABLE1_EXPENDITURE(2.0),Annual GDP and components - expenditure approach,I,A,Annual,JPN,Japan,S1M,Households and non-profit institutions serving households (NPISH),S1,Total economy,P3,Final consumption expenditure,_Z,Not applicable,_Z,Not applicable,_T,Total,USD_EXC,"US dollars, exchange rate converted",V,Current prices,N,Non transformed data,T0102,Table 0102 - GDP identity from the expenditure side,2008,,2847678.415,,,,F,Free (free for publication),1,One,A,Normal value,6,Millions,_Z,Not applicable
DATAFLOW,OECD.SDD.NAD:DSD_NAMAIN10@DF_TABLE1_EXPENDITURE(2.0),Annual GDP and components - expenditure approach,I,A,Annual,JPN,Japan,S1M,Households and non-profit institutions serving households (NPISH),S1,Total economy,P3,Final consumption expenditure,_Z,Not applicable,_Z,Not applicable,_T,Total,USD_EXC,"US dollars, exchange rate converted",V,Current prices,N,Non transformed data,T0102,Table 0102 - GDP identity from the expenditure side,2007,,2511319.211,,,,F,Free (free for publication),1,One,A,Normal value,6,Millions,_Z,Not applicable
DATAFLOW,OECD.SDD.NAD:DSD_NAMAIN10@DF_TABLE1_EXPENDITURE(2.0),Annual GDP and components - expenditure approach,I,A,Annual,JPN,Japan,S1M,Households and non-profit institutions serving households (NPISH),S1,Total economy,P3,Final consumption expenditure,_Z,Not applicable,_Z,Not applicable,_T,Total,USD_EXC,"US dollars, exchange rate converted",V,Current prices,N,Non transformed data,T0102,Table 0102 - GDP identity from the expenditure side,2006,,2532249.725,,,,F,Free (free for publication),1,One,A,Normal value,6,Millions,_Z,Not applicable
DATAFLOW,OECD.SDD.NAD:DSD_NAMAIN10@DF_TABLE1_EXPENDITURE(2.0),Annual GDP and components - expenditure approach,I,A,Annual,JPN,Japan,S1M,Households and non-profit institutions serving households (NPISH),S1,Total economy,P3,Final consumption expenditure,_Z,Not applicable,_Z,Not applicable,_T,Total,USD_EXC,"US dollars, exchange rate converted",V,Current prices,N,Non transformed data,T0102,Table 0102 - GDP identity from the expenditure side,2005,,2647737.571,,,,F,Free (free for publication),1,One,A,Normal value,6,Millions,_Z,Not applicable
DATAFLOW,OECD.SDD.NAD:DSD_NAMAIN10@DF_TABLE1_EXPENDITURE(2.0),Annual GDP and components - expenditure approach,I,A,Annual,JPN,Japan,S1M,Households and non-profit institutions serving households (NPISH),S1,Total economy,P3,Final consumption expenditure,_Z,Not applicable,_Z,Not applicable,_T,Total,USD_EXC,"US dollars, exchange rate converted",V,Current prices,N,Non transformed data,T0102,Table 0102 - GDP identity from the expenditure side,2004,,2678025.878,,,,F,Free (free for publication),1,One,A,Normal value,6,Millions,_Z,Not applicable
DATAFLOW,OECD.SDD.NAD:DSD_NAMAIN10@DF_TABLE1_EXPENDITURE(2.0),Annual GDP and components - expenditure approach,I,A,Annual,JPN,Japan,S1M,Households and non-profit institutions serving households (NPISH),S1,Total economy,P3,Final consumption expenditure,_Z,Not applicable,_Z,Not applicable,_T,Total,USD_EXC,"US dollars, exchange rate converted",V,Current prices,N,Non transformed data,T0102,Table 0102 - GDP identity from the expenditure side,2015,,2478973.236,,,,F,Free (free for publication),1,One,A,Normal value,6,Millions,_Z,Not applicable
DATAFLOW,OECD.SDD.NAD:DSD_NAMAIN10@DF_TABLE1_EXPENDITURE(2.0),Annual GDP and components - expenditure approach,I,A,Annual,JPN,Japan,S1M,Households and non-profit institutions serving households (NPISH),S1,Total economy,P3,Final consumption expenditure,_Z,Not applicable,_Z,Not applicable,_T,Total,USD_EXC,"US dollars, exchange rate converted",V,Current prices,N,Non transformed data,T0102,Table 0102 - GDP identity from the expenditure side,2014,,2822215.47,,,,F,Free (free for publication),1,One,A,Normal value,6,Millions,_Z,Not applicable
DATAFLOW,OECD.SDD.NAD:DSD_NAMAIN10@DF_TABLE1_EXPENDITURE(2.0),Annual GDP and components - expenditure approach,I,A,Annual,JPN,Japan,S1M,Households and non-profit institutions serving households (NPISH),S1,Total economy,P3,Final consumption expenditure,_Z,Not applicable,_Z,Not applicable,_T,Total,USD_EXC,"US dollars, exchange rate converted",V,Current prices,N,Non transformed data,T0102,Table 0102 - GDP identity from the expenditure side,2013,,3030367.387,,,,F,Free (free for publication),1,One,A,Normal value,6,Millions,_Z,Not applicable
DATAFLOW,OECD.SDD.NAD:DSD_NAMAIN10@DF_TABLE1_EXPENDITURE(2.0),Annual GDP and components - expenditure approach,I,A,Annual,JPN,Japan,S1M,Households and non-profit institutions serving households (NPISH),S1,Total economy,P3,Final consumption expenditure,_Z,Not applicable,_Z,Not applicable,_T,Total,USD_EXC,"US dollars, exchange rate converted",V,Current prices,N,Non transformed data,T0102,Table 0102 - GDP identity from the expenditure side,2003,,2481110.196,,,,F,Free (free for publication),1,One,A,Normal value,6,Millions,_Z,Not applicable
DATAFLOW,OECD.SDD.NAD:DSD_NAMAIN10@DF_TABLE1_EXPENDITURE(2.0),Annual GDP and components - expenditure approach,I,A,Annual,JPN,Japan,S1M,Households and non-profit institutions serving households (NPISH),S1,Total economy,P3,Final consumption expenditure,_Z,Not applicable,_Z,Not applicable,_T,Total,USD_EXC,"US dollars, exchange rate converted",V,Current prices,N,Non transformed data,T0102,Table 0102 - GDP identity from the expenditure side,2002,,2303177.783,,,,F,Free (free for publication),1,One,A,Normal value,6,Millions,_Z,Not applicable
DATAFLOW,OECD.SDD.NAD:DSD_NAMAIN10@DF_TABLE1_EXPENDITURE(2.0),Annual GDP and components - expenditure approach,I,A,Annual,JPN,Japan,S1M,Households and non-profit institutions serving households (NPISH),S1,Total economy,P3,Final consumption expenditure,_Z,Not applicable,_Z,Not applicable,_T,Total,USD_EXC,"US dollars, exchange rate converted",V,Current prices,N,Non transformed data,T0102,Table 0102 - GDP identity from the expenditure side,2012,,3617843.744,,,,F,Free (free for publication),1,One,A,Normal value,6,Millions,_Z,Not applicable
DATAFLOW,OECD.SDD.NAD:DSD_NAMAIN10@DF_TABLE1_EXPENDITURE(2.0),Annual GDP and components - expenditure approach,I,A,Annual,JPN,Japan,S1M,Households and non-profit institutions serving households (NPISH),S1,Total economy,P3,Final consumption expenditure,_Z,Not applicable,_Z,Not applicable,_T,Total,USD_EXC,"US dollars, exchange rate converted",V,Current prices,N,Non transformed data,T0102,Table 0102 - GDP identity from the expenditure side,2011,,3566611.065,,,,F,Free (free for publication),1,One,A,Normal value,6,Millions,_Z,Not applicable
DATAFLOW,OECD.SDD.NAD:DSD_NAMAIN10@DF_TABLE1_EXPENDITURE(2.0),Annual GDP and components - expenditure approach,I,A,Annual,JPN,Japan,S1M,Households and non-profit institutions serving households (NPISH),S1,Total economy,P3,Final consumption expenditure,_Z,Not applicable,_Z,Not applicable,_T,Total,USD_EXC,"US dollars, exchange rate converted",V,Current prices,N,Non transformed data,T0102,Table 0102 - GDP identity from the expenditure side,2010,,3275101.497,,,,F,Free (free for publication),1,One,A,Normal value,6,Millions,_Z,Not applicable
DATAFLOW,OECD.SDD.NAD:DSD_NAMAIN10@DF_TABLE1_EXPENDITURE(2.0),Annual GDP and components - expenditure approach,I,A,Annual,JPN,Japan,S1M,Households and non-profit institutions serving households (NPISH),S1,Total economy,P3,Final consumption expenditure,_Z,Not applicable,_Z,Not applicable,_T,Total,USD_EXC,"US dollars, exchange rate converted",V,Current prices,N,Non transformed data,T0102,Table 0102 - GDP identity from the expenditure side,2009,,3047495.228,,,,F,Free (free for publication),1,One,A,Normal value,6,Millions,_Z,Not applicable
DATAFLOW,OECD.SDD.NAD:DSD_NAMAIN10@DF_TABLE1_EXPENDITURE(2.0),Annual GDP and components - expenditure approach,I,A,Annual,JPN,Japan,S1M,Households and non-profit institutions serving households (NPISH),S1,Total economy,P3,Final consumption expenditure,_Z,Not applicable,_Z,Not applicable,_T,Total,USD_EXC,"US dollars, exchange rate converted",V,Current prices,N,Non transformed data,T0102,Table 0102 - GDP identity from the expenditure side,2001,,2380807.256,,,,F,Free (free for publication),1,One,A,Normal value,6,Millions,_Z,Not applicable
DATAFLOW,OECD.SDD.NAD:DSD_NAMAIN10@DF_TABLE1_EXPENDITURE(2.0),Annual GDP and components - expenditure approach,I,A,Annual,ISL,Iceland,S1M,Households and non-profit institutions serving households (NPISH),S1,Total economy,P3,Final consumption expenditure,_Z,Not applicable,_Z,Not applicable,_T,Total,USD_EXC,"US dollars, exchange rate converted",V,Current prices,N,Non transformed data,T0102,Table 0102 - GDP identity from the expenditure side,2019,,12383.921,,,,F,Free (free for publication),1,One,A,Normal value,6,Millions,_Z,Not applicable
DATAFLOW,OECD.SDD.NAD:DSD_NAMAIN10@DF_TABLE1_EXPENDITURE(2.0),Annual GDP and components - expenditure approach,I,A,Annual,ISL,Iceland,S1M,Households and non-profit institutions serving households (NPISH),S1,Total economy,P3,Final consumption expenditure,_Z,Not applicable,_Z,Not applicable,_T,Total,USD_EXC,"US dollars, exchange rate converted",V,Current prices,N,Non transformed data,T0102,Table 0102 - GDP identity from the expenditure side,2018,,13205.731,,,,F,Free (free for publication),1,One,A,Normal value,6,Millions,_Z,Not applicable
DATAFLOW,OECD.SDD.NAD:DSD_NAMAIN10@DF_TABLE1_EXPENDITURE(2.0),Annual GDP and components - expenditure approach,I,A,Annual,ISL,Iceland,S1M,Households and non-profit institutions serving households (NPISH),S1,Total economy,P3,Final consumption expenditure,_Z,Not applicable,_Z,Not applicable,_T,Total,USD_EXC,"US dollars, exchange rate converted",V,Current prices,N,Non transformed data,T0102,Table 0102 - GDP identity from the expenditure side,2017,,12387.823,,,,F,Free (free for publication),1,One,A,Normal value,6,Millions,_Z,Not applicable
DATAFLOW,OECD.SDD.NAD:DSD_NAMAIN10@DF_TABLE1_EXPENDITURE(2.0),Annual GDP and components - expenditure approach,I,A,Annual,ISL,Iceland,S1M,Households and non-profit institutions serving households (NPISH),S1,Total economy,P3,Final consumption expenditure,_Z,Not applicable,_Z,Not applicable,_T,Total,USD_EXC,"US dollars, exchange rate converted",V,Current prices,N,Non transformed data,T0102,Table 0102 - GDP identity from the expenditure side,2003,,6447.084,,,,F,Free (free for publication),1,One,A,Normal value,6,Millions,_Z,Not applicable
DATAFLOW,OECD.SDD.NAD:DSD_NAMAIN10@DF_TABLE1_EXPENDITURE(2.0),Annual GDP and components - expenditure approach,I,A,Annual,ISL,Iceland,S1M,Households and non-profit institutions serving households (NPISH),S1,Total economy,P3,Final consumption expenditure,_Z,Not applicable,_Z,Not applicable,_T,Total,USD_EXC,"US dollars, exchange rate converted",V,Current prices,N,Non transformed data,T0102,Table 0102 - GDP identity from the expenditure side,2002,,5038.725,,,,F,Free (free for publication),1,One,A,Normal value,6,Millions,_Z,Not applicable
DATAFLOW,OECD.SDD.NAD:DSD_NAMAIN10@DF_TABLE1_EXPENDITURE(2.0),Annual GDP and components - expenditure approach,I,A,Annual,ISL,Iceland,S1M,Households and non-profit institutions serving households (NPISH),S1,Total economy,P3,Final consumption expenditure,_Z,Not applicable,_Z,Not applicable,_T,Total,USD_EXC,"US dollars, exchange rate converted",V,Current prices,N,Non transformed data,T0102,Table 0102 - GDP identity from the expenditure side,2001,,4529.194,,,,F,Free (free for publication),1,One,A,Normal value,6,Millions,_Z,Not applicable
DATAFLOW,OECD.SDD.NAD:DSD_NAMAIN10@DF_TABLE1_EXPENDITURE(2.0),Annual GDP and components - expenditure approach,I,A,Annual,ISL,Iceland,S1M,Households and non-profit institutions serving households (NPISH),S1,Total economy,P3,Final consumption expenditure,_Z,Not applicable,_Z,Not applicable,_T,Total,USD_EXC,"US dollars, exchange rate converted",V,Current prices,N,Non transformed data,T0102,Table 0102 - GDP identity from the expenditure side,2000,,5345.931,,,,F,Free (free for publication),1,One,A,Normal value,6,Millions,_Z,Not applicable
DATAFLOW,OECD.SDD.NAD:DSD_NAMAIN10@DF_TABLE1_EXPENDITURE(2.0),Annual GDP and components - expenditure approach,I,A,Annual,ISL,Iceland,S1M,Households and non-profit institutions serving households (NPISH),S1,Total economy,P3,Final consumption expenditure,_Z,Not applicable,_Z,Not applicable,_T,Total,USD_EXC,"US dollars, exchange rate converted",V,Current prices,N,Non transformed data,T0102,Table 0102 - GDP identity from the expenditure side,1999,,5286.418,,,,F,Free (free for publication),1,One,A,Normal value,6,Millions,_Z,Not applicable
DATAFLOW,OECD.SDD.NAD:DSD_NAMAIN10@DF_TABLE1_EXPENDITURE(2.0),Annual GDP and components - expenditure approach,I,A,Annual,ISL,Iceland,S1M,Households and non-profit institutions serving households (NPISH),S1,Total economy,P3,Final consumption expenditure,_Z,Not applicable,_Z,Not applicable,_T,Total,USD_EXC,"US dollars, exchange rate converted",V,Current prices,N,Non transformed data,T0102,Table 0102 - GDP identity from the expenditure side,1998,,4866.066,,,,F,Free (free for publication),1,One,A,Normal value,6,Millions,_Z,Not applicable
DATAFLOW,OECD.SDD.NAD:DSD_NAMAIN10@DF_TABLE1_EXPENDITURE(2.0),Annual GDP and components - expenditure approach,I,A,Annual,ISL,Iceland,S1M,Households and non-profit institutions serving households (NPISH),S1,Total economy,P3,Final consumption expenditure,_Z,Not applicable,_Z,Not applicable,_T,Total,USD_EXC,"US dollars, exchange rate converted",V,Current prices,N,Non transformed data,T0102,Table 0102 - GDP identity from the expenditure side,1995,,4068.578,,,,F,Free (free for publication),1,One,A,Normal value,6,Millions,_Z,Not applicable
DATAFLOW,OECD.SDD.NAD:DSD_NAMAIN10@DF_TABLE1_EXPENDITURE(2.0),Annual GDP and components - expenditure approach,I,A,Annual,ISL,Iceland,S1M,Households and non-profit institutions serving households (NPISH),S1,Total economy,P3,Final consumption expenditure,_Z,Not applicable,_Z,Not applicable,_T,Total,USD_EXC,"US dollars, exchange rate converted",V,Current prices,N,Non transformed data,T0102,Table 0102 - GDP identity from the expenditure side,1997,,4312.629,,,,F,Free (free for publication),1,One,A,Normal value,6,Millions,_Z,Not applicable
DATAFLOW,OECD.SDD.NAD:DSD_NAMAIN10@DF_TABLE1_EXPENDITURE(2.0),Annual GDP and components - expenditure approach,I,A,Annual,ISL,Iceland,S1M,Households and non-profit institutions serving households (NPISH),S1,Total economy,P3,Final consumption expenditure,_Z,Not applicable,_Z,Not applicable,_T,Total,USD_EXC,"US dollars, exchange rate converted",V,Current prices,N,Non transformed data,T0102,Table 0102 - GDP identity from the expenditure side,1996,,4276.733,,,,F,Free (free for publication),1,One,A,Normal value,6,Millions,_Z,Not applicable
DATAFLOW,OECD.SDD.NAD:DSD_NAMAIN10@DF_TABLE1_EXPENDITURE(2.0),Annual GDP and components - expenditure approach,I,A,Annual,ISL,Iceland,S1M,Households and non-profit institutions serving households (NPISH),S1,Total economy,P3,Final consumption expenditure,_Z,Not applicable,_Z,Not applicable,_T,Total,USD_EXC,"US dollars, exchange rate converted",V,Current prices,N,Non transformed data,T0102,Table 0102 - GDP identity from the expenditure side,2012,,7886.355,,,,F,Free (free for publication),1,One,A,Normal value,6,Millions,_Z,Not applicable
DATAFLOW,OECD.SDD.NAD:DSD_NAMAIN10@DF_TABLE1_EXPENDITURE(2.0),Annual GDP and components - expenditure approach,I,A,Annual,ISL,Iceland,S1M,Households and non-profit institutions serving households (NPISH),S1,Total economy,P3,Final consumption expenditure,_Z,Not applicable,_Z,Not applicable,_T,Total,USD_EXC,"US dollars, exchange rate converted",V,Current prices,N,Non transformed data,T0102,Table 0102 - GDP identity from the expenditure side,2011,,7893.763,,,,F,Free (free for publication),1,One,A,Normal value,6,Millions,_Z,Not applicable
DATAFLOW,OECD.SDD.NAD:DSD_NAMAIN10@DF_TABLE1_EXPENDITURE(2.0),Annual GDP and components - expenditure approach,I,A,Annual,ISL,Iceland,S1M,Households and non-profit institutions serving households (NPISH),S1,Total economy,P3,Final consumption expenditure,_Z,Not applicable,_Z,Not applicable,_T,Total,USD_EXC,"US dollars, exchange rate converted",V,Current prices,N,Non transformed data,T0102,Table 0102 - GDP identity from the expenditure side,2010,,7071.365,,,,F,Free (free for publication),1,One,A,Normal value,6,Millions,_Z,Not applicable
DATAFLOW,OECD.SDD.NAD:DSD_NAMAIN10@DF_TABLE1_EXPENDITURE(2.0),Annual GDP and components - expenditure approach,I,A,Annual,ISL,Iceland,S1M,Households and non-profit institutions serving households (NPISH),S1,Total economy,P3,Final consumption expenditure,_Z,Not applicable,_Z,Not applicable,_T,Total,USD_EXC,"US dollars, exchange rate converted",V,Current prices,N,Non transformed data,T0102,Table 0102 - GDP identity from the expenditure side,2009,,6751.931,,,,F,Free (free for publication),1,One,A,Normal value,6,Millions,_Z,Not applicable
DATAFLOW,OECD.SDD.NAD:DSD_NAMAIN10@DF_TABLE1_EXPENDITURE(2.0),Annual GDP and components - expenditure approach,I,A,Annual,ISL,Iceland,S1M,Households and non-profit institutions serving households (NPISH),S1,Total economy,P3,Final consumption expenditure,_Z,Not applicable,_Z,Not applicable,_T,Total,USD_EXC,"US dollars, exchange rate converted",V,Current prices,N,Non transformed data,T0102,Table 0102 - GDP identity from the expenditure side,2008,,9363.416,,,,F,Free (free for publication),1,One,A,Normal value,6,Millions,_Z,Not applicable
DATAFLOW,OECD.SDD.NAD:DSD_NAMAIN10@DF_TABLE1_EXPENDITURE(2.0),Annual GDP and components - expenditure approach,I,A,Annual,ISL,Iceland,S1M,Households and non-profit institutions serving households (NPISH),S1,Total economy,P3,Final consumption expenditure,_Z,Not applicable,_Z,Not applicable,_T,Total,USD_EXC,"US dollars, exchange rate converted",V,Current prices,N,Non transformed data,T0102,Table 0102 - GDP identity from the expenditure side,2007,,12041.207,,,,F,Free (free for publication),1,One,A,Normal value,6,Millions,_Z,Not applicable
DATAFLOW,OECD.SDD.NAD:DSD_NAMAIN10@DF_TABLE1_EXPENDITURE(2.0),Annual GDP and components - expenditure approach,I,A,Annual,ISL,Iceland,S1M,Households and non-profit institutions serving households (NPISH),S1,Total economy,P3,Final consumption expenditure,_Z,Not applicable,_Z,Not applicable,_T,Total,USD_EXC,"US dollars, exchange rate converted",V,Current prices,N,Non transformed data,T0102,Table 0102 - GDP identity from the expenditure side,2006,,9841.049,,,,F,Free (free for publication),1,One,A,Normal value,6,Millions,_Z,Not applicable
DATAFLOW,OECD.SDD.NAD:DSD_NAMAIN10@DF_TABLE1_EXPENDITURE(2.0),Annual GDP and components - expenditure approach,I,A,Annual,ISL,Iceland,S1M,Households and non-profit institutions serving households (NPISH),S1,Total economy,P3,Final consumption expenditure,_Z,Not applicable,_Z,Not applicable,_T,Total,USD_EXC,"US dollars, exchange rate converted",V,Current prices,N,Non transformed data,T0102,Table 0102 - GDP identity from the expenditure side,2005,,9843.359,,,,F,Free (free for publication),1,One,A,Normal value,6,Millions,_Z,Not applicable
DATAFLOW,OECD.SDD.NAD:DSD_NAMAIN10@DF_TABLE1_EXPENDITURE(2.0),Annual GDP and components - expenditure approach,I,A,Annual,ISL,Iceland,S1M,Households and non-profit institutions serving households (NPISH),S1,Total economy,P3,Final consumption expenditure,_Z,Not applicable,_Z,Not applicable,_T,Total,USD_EXC,"US dollars, exchange rate converted",V,Current prices,N,Non transformed data,T0102,Table 0102 - GDP identity from the expenditure side,2004,,7807.241,,,,F,Free (free for publication),1,One,A,Normal value,6,Millions,_Z,Not applicable
DATAFLOW,OECD.SDD.NAD:DSD_NAMAIN10@DF_TABLE1_EXPENDITURE(2.0),Annual GDP and components - expenditure approach,I,A,Annual,ISL,Iceland,S1M,Households and non-profit institutions serving households (NPISH),S1,Total economy,P3,Final consumption expenditure,_Z,Not applicable,_Z,Not applicable,_T,Total,USD_EXC,"US dollars, exchange rate converted",V,Current prices,N,Non transformed data,T0102,Table 0102 - GDP identity from the expenditure side,2020,,11238.666,,,,F,Free (free for publication),1,One,A,Normal value,6,Millions,_Z,Not applicable
DATAFLOW,OECD.SDD.NAD:DSD_NAMAIN10@DF_TABLE1_EXPENDITURE(2.0),Annual GDP and components - expenditure approach,I,A,Annual,ISL,Iceland,S1M,Households and non-profit institutions serving households (NPISH),S1,Total economy,P3,Final consumption expenditure,_Z,Not applicable,_Z,Not applicable,_T,Total,USD_EXC,"US dollars, exchange rate converted",V,Current prices,N,Non transformed data,T0102,Table 0102 - GDP identity from the expenditure side,2016,,10245.067,,,,F,Free (free for publication),1,One,A,Normal value,6,Millions,_Z,Not applicable
DATAFLOW,OECD.SDD.NAD:DSD_NAMAIN10@DF_TABLE1_EXPENDITURE(2.0),Annual GDP and components - expenditure approach,I,A,Annual,ISL,Iceland,S1M,Households and non-profit institutions serving households (NPISH),S1,Total economy,P3,Final consumption expenditure,_Z,Not applicable,_Z,Not applicable,_T,Total,USD_EXC,"US dollars, exchange rate converted",V,Current prices,N,Non transformed data,T0102,Table 0102 - GDP identity from the expenditure side,2015,,8703.213,,,,F,Free (free for publication),1,One,A,Normal value,6,Millions,_Z,Not applicable
DATAFLOW,OECD.SDD.NAD:DSD_NAMAIN10@DF_TABLE1_EXPENDITURE(2.0),Annual GDP and components - expenditure approach,I,A,Annual,ISL,Iceland,S1M,Households and non-profit institutions serving households (NPISH),S1,Total economy,P3,Final consumption expenditure,_Z,Not applicable,_Z,Not applicable,_T,Total,USD_EXC,"US dollars, exchange rate converted",V,Current prices,N,Non transformed data,T0102,Table 0102 - GDP identity from the expenditure side,2014,,9341.184,,,,F,Free (free for publication),1,One,A,Normal value,6,Millions,_Z,Not applicable
DATAFLOW,OECD.SDD.NAD:DSD_NAMAIN10@DF_TABLE1_EXPENDITURE(2.0),Annual GDP and components - expenditure approach,I,A,Annual,ROU,Romania,S1M,Households and non-profit institutions serving households (NPISH),S1,Total economy,P3,Final consumption expenditure,_Z,Not applicable,_Z,Not applicable,_T,Total,USD_EXC,"US dollars, exchange rate converted",V,Current prices,N,Non transformed data,T0102,Table 0102 - GDP identity from the expenditure side,2006,,83892.452,,,,F,Free (free for publication),1,One,A,Normal value,6,Millions,_Z,Not applicable
DATAFLOW,OECD.SDD.NAD:DSD_NAMAIN10@DF_TABLE1_EXPENDITURE(2.0),Annual GDP and components - expenditure approach,I,A,Annual,ROU,Romania,S1M,Households and non-profit institutions serving households (NPISH),S1,Total economy,P3,Final consumption expenditure,_Z,Not applicable,_Z,Not applicable,_T,Total,USD_EXC,"US dollars, exchange rate converted",V,Current prices,N,Non transformed data,T0102,Table 0102 - GDP identity from the expenditure side,2001,,27938.847,,,,F,Free (free for publication),1,One,A,Normal value,6,Millions,_Z,Not applicable
DATAFLOW,OECD.SDD.NAD:DSD_NAMAIN10@DF_TABLE1_EXPENDITURE(2.0),Annual GDP and components - expenditure approach,I,A,Annual,ROU,Romania,S1M,Households and non-profit institutions serving households (NPISH),S1,Total economy,P3,Final consumption expenditure,_Z,Not applicable,_Z,Not applicable,_T,Total,USD_EXC,"US dollars, exchange rate converted",V,Current prices,N,Non transformed data,T0102,Table 0102 - GDP identity from the expenditure side,2000,,25636.149,,,,F,Free (free for publication),1,One,A,Normal value,6,Millions,_Z,Not applicable
DATAFLOW,OECD.SDD.NAD:DSD_NAMAIN10@DF_TABLE1_EXPENDITURE(2.0),Annual GDP and components - expenditure approach,I,A,Annual,ROU,Romania,S1M,Households and non-profit institutions serving households (NPISH),S1,Total economy,P3,Final consumption expenditure,_Z,Not applicable,_Z,Not applicable,_T,Total,USD_EXC,"US dollars, exchange rate converted",V,Current prices,N,Non transformed data,T0102,Table 0102 - GDP identity from the expenditure side,1999,,25987.753,,,,F,Free (free for publication),1,One,A,Normal value,6,Millions,_Z,Not applicable
DATAFLOW,OECD.SDD.NAD:DSD_NAMAIN10@DF_TABLE1_EXPENDITURE(2.0),Annual GDP and components - expenditure approach,I,A,Annual,ROU,Romania,S1M,Households and non-profit institutions serving households (NPISH),S1,Total economy,P3,Final consumption expenditure,_Z,Not applicable,_Z,Not applicable,_T,Total,USD_EXC,"US dollars, exchange rate converted",V,Current prices,N,Non transformed data,T0102,Table 0102 - GDP identity from the expenditure side,1998,,32327.931,,,,F,Free (free for publication),1,One,A,Normal value,6,Millions,_Z,Not applicable
DATAFLOW,OECD.SDD.NAD:DSD_NAMAIN10@DF_TABLE1_EXPENDITURE(2.0),Annual GDP and components - expenditure approach,I,A,Annual,ROU,Romania,S1M,Households and non-profit institutions serving households (NPISH),S1,Total economy,P3,Final consumption expenditure,_Z,Not applicable,_Z,Not applicable,_T,Total,USD_EXC,"US dollars, exchange rate converted",V,Current prices,N,Non transformed data,T0102,Table 0102 - GDP identity from the expenditure side,1997,,25906.036,,,,F,Free (free for publication),1,One,A,Normal value,6,Millions,_Z,Not applicable
DATAFLOW,OECD.SDD.NAD:DSD_NAMAIN10@DF_TABLE1_EXPENDITURE(2.0),Annual GDP and components - expenditure approach,I,A,Annual,ROU,Romania,S1M,Households and non-profit institutions serving households (NPISH),S1,Total economy,P3,Final consumption expenditure,_Z,Not applicable,_Z,Not applicable,_T,Total,USD_EXC,"US dollars, exchange rate converted",V,Current prices,N,Non transformed data,T0102,Table 0102 - GDP identity from the expenditure side,1996,,26989.666,,,,F,Free (free for publication),1,One,A,Normal value,6,Millions,_Z,Not applicable
DATAFLOW,OECD.SDD.NAD:DSD_NAMAIN10@DF_TABLE1_EXPENDITURE(2.0),Annual GDP and components - expenditure approach,I,A,Annual,ROU,Romania,S1M,Households and non-profit institutions serving households (NPISH),S1,Total economy,P3,Final consumption expenditure,_Z,Not applicable,_Z,Not applicable,_T,Total,USD_EXC,"US dollars, exchange rate converted",V,Current prices,N,Non transformed data,T0102,Table 0102 - GDP identity from the expenditure side,1995,,26001.391,,,,F,Free (free for publication),1,One,A,Normal value,6,Millions,_Z,Not applicable
DATAFLOW,OECD.SDD.NAD:DSD_NAMAIN10@DF_TABLE1_EXPENDITURE(2.0),Annual GDP and components - expenditure approach,I,A,Annual,ROU,Romania,S1M,Households and non-profit institutions serving households (NPISH),S1,Total economy,P3,Final consumption expenditure,_Z,Not applicable,_Z,Not applicable,_T,Total,USD_EXC,"US dollars, exchange rate converted",V,Current prices,N,Non transformed data,T0102,Table 0102 - GDP identity from the expenditure side,2020,,154476.34,,,,F,Free (free for publication),1,One,A,Normal value,6,Millions,_Z,Not applicable
DATAFLOW,OECD.SDD.NAD:DSD_NAMAIN10@DF_TABLE1_EXPENDITURE(2.0),Annual GDP and components - expenditure approach,I,A,Annual,MKD,North Macedonia,S1M,Households and non-profit institutions serving households (NPISH),S1,Total economy,P3,Final consumption expenditure,_Z,Not applicable,_Z,Not applicable,_T,Total,USD_EXC,"US dollars, exchange rate converted",V,Current prices,N,Non transformed data,T0102,Table 0102 - GDP identity from the expenditure side,2015,,6928.669,,,,F,Free (free for publication),1,One,A,Normal value,6,Millions,_Z,Not applicable
DATAFLOW,OECD.SDD.NAD:DSD_NAMAIN10@DF_TABLE1_EXPENDITURE(2.0),Annual GDP and components - expenditure approach,I,A,Annual,MKD,North Macedonia,S1M,Households and non-profit institutions serving households (NPISH),S1,Total economy,P3,Final consumption expenditure,_Z,Not applicable,_Z,Not applicable,_T,Total,USD_EXC,"US dollars, exchange rate converted",V,Current prices,N,Non transformed data,T0102,Table 0102 - GDP identity from the expenditure side,2014,,7931.39,,,,F,Free (free for publication),1,One,A,Normal value,6,Millions,_Z,Not applicable
DATAFLOW,OECD.SDD.NAD:DSD_NAMAIN10@DF_TABLE1_EXPENDITURE(2.0),Annual GDP and components - expenditure approach,I,A,Annual,MKD,North Macedonia,S1M,Households and non-profit institutions serving households (NPISH),S1,Total economy,P3,Final consumption expenditure,_Z,Not applicable,_Z,Not applicable,_T,Total,USD_EXC,"US dollars, exchange rate converted",V,Current prices,N,Non transformed data,T0102,Table 0102 - GDP identity from the expenditure side,2013,,7761.878,,,,F,Free (free for publication),1,One,A,Normal value,6,Millions,_Z,Not applicable
DATAFLOW,OECD.SDD.NAD:DSD_NAMAIN10@DF_TABLE1_EXPENDITURE(2.0),Annual GDP and components - expenditure approach,I,A,Annual,MKD,North Macedonia,S1M,Households and non-profit institutions serving households (NPISH),S1,Total economy,P3,Final consumption expenditure,_Z,Not applicable,_Z,Not applicable,_T,Total,USD_EXC,"US dollars, exchange rate converted",V,Current prices,N,Non transformed data,T0102,Table 0102 - GDP identity from the expenditure side,2012,,7200.887,,,,F,Free (free for publication),1,One,A,Normal value,6,Millions,_Z,Not applicable
DATAFLOW,OECD.SDD.NAD:DSD_NAMAIN10@DF_TABLE1_EXPENDITURE(2.0),Annual GDP and components - expenditure approach,I,A,Annual,MKD,North Macedonia,S1M,Households and non-profit institutions serving households (NPISH),S1,Total economy,P3,Final consumption expenditure,_Z,Not applicable,_Z,Not applicable,_T,Total,USD_EXC,"US dollars, exchange rate converted",V,Current prices,N,Non transformed data,T0102,Table 0102 - GDP identity from the expenditure side,2011,,7756.585,,,,F,Free (free for publication),1,One,A,Normal value,6,Millions,_Z,Not applicable
DATAFLOW,OECD.SDD.NAD:DSD_NAMAIN10@DF_TABLE1_EXPENDITURE(2.0),Annual GDP and components - expenditure approach,I,A,Annual,MKD,North Macedonia,S1M,Households and non-profit institutions serving households (NPISH),S1,Total economy,P3,Final consumption expenditure,_Z,Not applicable,_Z,Not applicable,_T,Total,USD_EXC,"US dollars, exchange rate converted",V,Current prices,N,Non transformed data,T0102,Table 0102 - GDP identity from the expenditure side,2010,,7106.41,,,,F,Free (free for publication),1,One,A,Normal value,6,Millions,_Z,Not applicable
DATAFLOW,OECD.SDD.NAD:DSD_NAMAIN10@DF_TABLE1_EXPENDITURE(2.0),Annual GDP and components - expenditure approach,I,A,Annual,MKD,North Macedonia,S1M,Households and non-profit institutions serving households (NPISH),S1,Total economy,P3,Final consumption expenditure,_Z,Not applicable,_Z,Not applicable,_T,Total,USD_EXC,"US dollars, exchange rate converted",V,Current prices,N,Non transformed data,T0102,Table 0102 - GDP identity from the expenditure side,2009,,7215.616,,,,F,Free (free for publication),1,One,A,Normal value,6,Millions,_Z,Not applicable
DATAFLOW,OECD.SDD.NAD:DSD_NAMAIN10@DF_TABLE1_EXPENDITURE(2.0),Annual GDP and components - expenditure approach,I,A,Annual,MKD,North Macedonia,S1M,Households and non-profit institutions serving households (NPISH),S1,Total economy,P3,Final consumption expenditure,_Z,Not applicable,_Z,Not applicable,_T,Total,USD_EXC,"US dollars, exchange rate converted",V,Current prices,N,Non transformed data,T0102,Table 0102 - GDP identity from the expenditure side,2008,,7789.414,,,,F,Free (free for publication),1,One,A,Normal value,6,Millions,_Z,Not applicable
DATAFLOW,OECD.SDD.NAD:DSD_NAMAIN10@DF_TABLE1_EXPENDITURE(2.0),Annual GDP and components - expenditure approach,I,A,Annual,MKD,North Macedonia,S1M,Households and non-profit institutions serving households (NPISH),S1,Total economy,P3,Final consumption expenditure,_Z,Not applicable,_Z,Not applicable,_T,Total,USD_EXC,"US dollars, exchange rate converted",V,Current prices,N,Non transformed data,T0102,Table 0102 - GDP identity from the expenditure side,2007,,6447.777,,,,F,Free (free for publication),1,One,A,Normal value,6,Millions,_Z,Not applicable
DATAFLOW,OECD.SDD.NAD:DSD_NAMAIN10@DF_TABLE1_EXPENDITURE(2.0),Annual GDP and components - expenditure approach,I,A,Annual,MKD,North Macedonia,S1M,Households and non-profit institutions serving households (NPISH),S1,Total economy,P3,Final consumption expenditure,_Z,Not applicable,_Z,Not applicable,_T,Total,USD_EXC,"US dollars, exchange rate converted",V,Current prices,N,Non transformed data,T0102,Table 0102 - GDP identity from the expenditure side,2020,,8163.483,,,,F,Free (free for publication),1,One,A,Normal value,6,Millions,_Z,Not applicable
DATAFLOW,OECD.SDD.NAD:DSD_NAMAIN10@DF_TABLE1_EXPENDITURE(2.0),Annual GDP and components - expenditure approach,I,A,Annual,MKD,North Macedonia,S1M,Households and non-profit institutions serving households (NPISH),S1,Total economy,P3,Final consumption expenditure,_Z,Not applicable,_Z,Not applicable,_T,Total,USD_EXC,"US dollars, exchange rate converted",V,Current prices,N,Non transformed data,T0102,Table 0102 - GDP identity from the expenditure side,2019,,8257.484,,,,F,Free (free for publication),1,One,A,Normal value,6,Millions,_Z,Not applicable
DATAFLOW,OECD.SDD.NAD:DSD_NAMAIN10@DF_TABLE1_EXPENDITURE(2.0),Annual GDP and components - expenditure approach,I,A,Annual,MKD,North Macedonia,S1M,Households and non-profit institutions serving households (NPISH),S1,Total economy,P3,Final consumption expenditure,_Z,Not applicable,_Z,Not applicable,_T,Total,USD_EXC,"US dollars, exchange rate converted",V,Current prices,N,Non transformed data,T0102,Table 0102 - GDP identity from the expenditure side,2018,,8352.119,,,,F,Free (free for publication),1,One,A,Normal value,6,Millions,_Z,Not applicable
DATAFLOW,OECD.SDD.NAD:DSD_NAMAIN10@DF_TABLE1_EXPENDITURE(2.0),Annual GDP and components - expenditure approach,I,A,Annual,MKD,North Macedonia,S1M,Households and non-profit institutions serving households (NPISH),S1,Total economy,P3,Final consumption expenditure,_Z,Not applicable,_Z,Not applicable,_T,Total,USD_EXC,"US dollars, exchange rate converted",V,Current prices,N,Non transformed data,T0102,Table 0102 - GDP identity from the expenditure side,2017,,7536.402,,,,F,Free (free for publication),1,One,A,Normal value,6,Millions,_Z,Not applicable
DATAFLOW,OECD.SDD.NAD:DSD_NAMAIN10@DF_TABLE1_EXPENDITURE(2.0),Annual GDP and components - expenditure approach,I,A,Annual,MKD,North Macedonia,S1M,Households and non-profit institutions serving households (NPISH),S1,Total economy,P3,Final consumption expenditure,_Z,Not applicable,_Z,Not applicable,_T,Total,USD_EXC,"US dollars, exchange rate converted",V,Current prices,N,Non transformed data,T0102,Table 0102 - GDP identity from the expenditure side,2006,,5423.776,,,,F,Free (free for publication),1,One,A,Normal value,6,Millions,_Z,Not applicable
DATAFLOW,OECD.SDD.NAD:DSD_NAMAIN10@DF_TABLE1_EXPENDITURE(2.0),Annual GDP and components - expenditure approach,I,A,Annual,HRV,Croatia,S1M,Households and non-profit institutions serving households (NPISH),S1,Total economy,P3,Final consumption expenditure,_Z,Not applicable,_Z,Not applicable,_T,Total,USD_EXC,"US dollars, exchange rate converted",V,Current prices,N,Non transformed data,T0102,Table 0102 - GDP identity from the expenditure side,2008,,42673.889,,,,F,Free (free for publication),1,One,A,Normal value,6,Millions,_Z,Not applicable
DATAFLOW,OECD.SDD.NAD:DSD_NAMAIN10@DF_TABLE1_EXPENDITURE(2.0),Annual GDP and components - expenditure approach,I,A,Annual,HRV,Croatia,S1M,Households and non-profit institutions serving households (NPISH),S1,Total economy,P3,Final consumption expenditure,_Z,Not applicable,_Z,Not applicable,_T,Total,USD_EXC,"US dollars, exchange rate converted",V,Current prices,N,Non transformed data,T0102,Table 0102 - GDP identity from the expenditure side,2007,,36139.129,,,,F,Free (free for publication),1,One,A,Normal value,6,Millions,_Z,Not applicable
DATAFLOW,OECD.SDD.NAD:DSD_NAMAIN10@DF_TABLE1_EXPENDITURE(2.0),Annual GDP and components - expenditure approach,I,A,Annual,HRV,Croatia,S1M,Households and non-profit institutions serving households (NPISH),S1,Total economy,P3,Final consumption expenditure,_Z,Not applicable,_Z,Not applicable,_T,Total,USD_EXC,"US dollars, exchange rate converted",V,Current prices,N,Non transformed data,T0102,Table 0102 - GDP identity from the expenditure side,2009,,37457.841,,,,F,Free (free for publication),1,One,A,Normal value,6,Millions,_Z,Not applicable
DATAFLOW,OECD.SDD.NAD:DSD_NAMAIN10@DF_TABLE1_EXPENDITURE(2.0),Annual GDP and components - expenditure approach,I,A,Annual,HRV,Croatia,S1M,Households and non-profit institutions serving households (NPISH),S1,Total economy,P3,Final consumption expenditure,_Z,Not applicable,_Z,Not applicable,_T,Total,USD_EXC,"US dollars, exchange rate converted",V,Current prices,N,Non transformed data,T0102,Table 0102 - GDP identity from the expenditure side,2016,,30036.149,,,,F,Free (free for publication),1,One,A,Normal value,6,Millions,_Z,Not applicable
DATAFLOW,OECD.SDD.NAD:DSD_NAMAIN10@DF_TABLE1_EXPENDITURE(2.0),Annual GDP and components - expenditure approach,I,A,Annual,HRV,Croatia,S1M,Households and non-profit institutions serving households (NPISH),S1,Total economy,P3,Final consumption expenditure,_Z,Not applicable,_Z,Not applicable,_T,Total,USD_EXC,"US dollars, exchange rate converted",V,Current prices,N,Non transformed data,T0102,Table 0102 - GDP identity from the expenditure side,2010,,35956.215,,,,F,Free (free for publication),1,One,A,Normal value,6,Millions,_Z,Not applicable
DATAFLOW,OECD.SDD.NAD:DSD_NAMAIN10@DF_TABLE1_EXPENDITURE(2.0),Annual GDP and components - expenditure approach,I,A,Annual,HRV,Croatia,S1M,Households and non-profit institutions serving households (NPISH),S1,Total economy,P3,Final consumption expenditure,_Z,Not applicable,_Z,Not applicable,_T,Total,USD_EXC,"US dollars, exchange rate converted",V,Current prices,N,Non transformed data,T0102,Table 0102 - GDP identity from the expenditure side,2015,,29215.475,,,,F,Free (free for publication),1,One,A,Normal value,6,Millions,_Z,Not applicable
DATAFLOW,OECD.SDD.NAD:DSD_NAMAIN10@DF_TABLE1_EXPENDITURE(2.0),Annual GDP and components - expenditure approach,I,A,Annual,HRV,Croatia,S1M,Households and non-profit institutions serving households (NPISH),S1,Total economy,P3,Final consumption expenditure,_Z,Not applicable,_Z,Not applicable,_T,Total,USD_EXC,"US dollars, exchange rate converted",V,Current prices,N,Non transformed data,T0102,Table 0102 - GDP identity from the expenditure side,2014,,34837.833,,,,F,Free (free for publication),1,One,A,Normal value,6,Millions,_Z,Not applicable
DATAFLOW,OECD.SDD.NAD:DSD_NAMAIN10@DF_TABLE1_EXPENDITURE(2.0),Annual GDP and components - expenditure approach,I,A,Annual,HRV,Croatia,S1M,Households and non-profit institutions serving households (NPISH),S1,Total economy,P3,Final consumption expenditure,_Z,Not applicable,_Z,Not applicable,_T,Total,USD_EXC,"US dollars, exchange rate converted",V,Current prices,N,Non transformed data,T0102,Table 0102 - GDP identity from the expenditure side,2013,,36112.948,,,,F,Free (free for publication),1,One,A,Normal value,6,Millions,_Z,Not applicable
DATAFLOW,OECD.SDD.NAD:DSD_NAMAIN10@DF_TABLE1_EXPENDITURE(2.0),Annual GDP and components - expenditure approach,I,A,Annual,HRV,Croatia,S1M,Households and non-profit institutions serving households (NPISH),S1,Total economy,P3,Final consumption expenditure,_Z,Not applicable,_Z,Not applicable,_T,Total,USD_EXC,"US dollars, exchange rate converted",V,Current prices,N,Non transformed data,T0102,Table 0102 - GDP identity from the expenditure side,2012,,35111.235,,,,F,Free (free for publication),1,One,A,Normal value,6,Millions,_Z,Not applicable
DATAFLOW,OECD.SDD.NAD:DSD_NAMAIN10@DF_TABLE1_EXPENDITURE(2.0),Annual GDP and components - expenditure approach,I,A,Annual,HRV,Croatia,S1M,Households and non-profit institutions serving households (NPISH),S1,Total economy,P3,Final consumption expenditure,_Z,Not applicable,_Z,Not applicable,_T,Total,USD_EXC,"US dollars, exchange rate converted",V,Current prices,N,Non transformed data,T0102,Table 0102 - GDP identity from the expenditure side,2011,,38170.595,,,,F,Free (free for publication),1,One,A,Normal value,6,Millions,_Z,Not applicable
DATAFLOW,OECD.SDD.NAD:DSD_NAMAIN10@DF_TABLE1_EXPENDITURE(2.0),Annual GDP and components - expenditure approach,I,A,Annual,HRV,Croatia,S1M,Households and non-profit institutions serving households (NPISH),S1,Total economy,P3,Final consumption expenditure,_Z,Not applicable,_Z,Not applicable,_T,Total,USD_EXC,"US dollars, exchange rate converted",V,Current prices,N,Non transformed data,T0102,Table 0102 - GDP identity from the expenditure side,2002,,17618.188,,,,F,Free (free for publication),1,One,A,Normal value,6,Millions,_Z,Not applicable
DATAFLOW,OECD.SDD.NAD:DSD_NAMAIN10@DF_TABLE1_EXPENDITURE(2.0),Annual GDP and components - expenditure approach,I,A,Annual,HRV,Croatia,S1M,Households and non-profit institutions serving households (NPISH),S1,Total economy,P3,Final consumption expenditure,_Z,Not applicable,_Z,Not applicable,_T,Total,USD_EXC,"US dollars, exchange rate converted",V,Current prices,N,Non transformed data,T0102,Table 0102 - GDP identity from the expenditure side,2001,,14845.781,,,,F,Free (free for publication),1,One,A,Normal value,6,Millions,_Z,Not applicable
DATAFLOW,OECD.SDD.NAD:DSD_NAMAIN10@DF_TABLE1_EXPENDITURE(2.0),Annual GDP and components - expenditure approach,I,A,Annual,HRV,Croatia,S1M,Households and non-profit institutions serving households (NPISH),S1,Total economy,P3,Final consumption expenditure,_Z,Not applicable,_Z,Not applicable,_T,Total,USD_EXC,"US dollars, exchange rate converted",V,Current prices,N,Non transformed data,T0102,Table 0102 - GDP identity from the expenditure side,2000,,13571.213,,,,F,Free (free for publication),1,One,A,Normal value,6,Millions,_Z,Not applicable
DATAFLOW,OECD.SDD.NAD:DSD_NAMAIN10@DF_TABLE1_EXPENDITURE(2.0),Annual GDP and components - expenditure approach,I,A,Annual,HRV,Croatia,S1M,Households and non-profit institutions serving households (NPISH),S1,Total economy,P3,Final consumption expenditure,_Z,Not applicable,_Z,Not applicable,_T,Total,USD_EXC,"US dollars, exchange rate converted",V,Current prices,N,Non transformed data,T0102,Table 0102 - GDP identity from the expenditure side,1999,,14337.27,,,,F,Free (free for publication),1,One,A,Normal value,6,Millions,_Z,Not applicable
DATAFLOW,OECD.SDD.NAD:DSD_NAMAIN10@DF_TABLE1_EXPENDITURE(2.0),Annual GDP and components - expenditure approach,I,A,Annual,HRV,Croatia,S1M,Households and non-profit institutions serving households (NPISH),S1,Total economy,P3,Final consumption expenditure,_Z,Not applicable,_Z,Not applicable,_T,Total,USD_EXC,"US dollars, exchange rate converted",V,Current prices,N,Non transformed data,T0102,Table 0102 - GDP identity from the expenditure side,1998,,15900.363,,,,F,Free (free for publication),1,One,A,Normal value,6,Millions,_Z,Not applicable
DATAFLOW,OECD.SDD.NAD:DSD_NAMAIN10@DF_TABLE1_EXPENDITURE(2.0),Annual GDP and components - expenditure approach,I,A,Annual,HRV,Croatia,S1M,Households and non-profit institutions serving households (NPISH),S1,Total economy,P3,Final consumption expenditure,_Z,Not applicable,_Z,Not applicable,_T,Total,USD_EXC,"US dollars, exchange rate converted",V,Current prices,N,Non transformed data,T0102,Table 0102 - GDP identity from the expenditure side,1997,,15641.54,,,,F,Free (free for publication),1,One,A,Normal value,6,Millions,_Z,Not applicable
DATAFLOW,OECD.SDD.NAD:DSD_NAMAIN10@DF_TABLE1_EXPENDITURE(2.0),Annual GDP and components - expenditure approach,I,A,Annual,HRV,Croatia,S1M,Households and non-profit institutions serving households (NPISH),S1,Total economy,P3,Final consumption expenditure,_Z,Not applicable,_Z,Not applicable,_T,Total,USD_EXC,"US dollars, exchange rate converted",V,Current prices,N,Non transformed data,T0102,Table 0102 - GDP identity from the expenditure side,1996,,15145.363,,,,F,Free (free for publication),1,One,A,Normal value,6,Millions,_Z,Not applicable
DATAFLOW,OECD.SDD.NAD:DSD_NAMAIN10@DF_TABLE1_EXPENDITURE(2.0),Annual GDP and components - expenditure approach,I,A,Annual,HRV,Croatia,S1M,Households and non-profit institutions serving households (NPISH),S1,Total economy,P3,Final consumption expenditure,_Z,Not applicable,_Z,Not applicable,_T,Total,USD_EXC,"US dollars, exchange rate converted",V,Current prices,N,Non transformed data,T0102,Table 0102 - GDP identity from the expenditure side,1995,,14893.605,,,,F,Free (free for publication),1,One,A,Normal value,6,Millions,_Z,Not applicable
DATAFLOW,OECD.SDD.NAD:DSD_NAMAIN10@DF_TABLE1_EXPENDITURE(2.0),Annual GDP and components - expenditure approach,I,A,Annual,HRV,Croatia,S1M,Households and non-profit institutions serving households (NPISH),S1,Total economy,P3,Final consumption expenditure,_Z,Not applicable,_Z,Not applicable,_T,Total,USD_EXC,"US dollars, exchange rate converted",V,Current prices,N,Non transformed data,T0102,Table 0102 - GDP identity from the expenditure side,2020,,33848.445,,,,F,Free (free for publication),1,One,A,Normal value,6,Millions,_Z,Not applicable
DATAFLOW,OECD.SDD.NAD:DSD_NAMAIN10@DF_TABLE1_EXPENDITURE(2.0),Annual GDP and components - expenditure approach,I,A,Annual,HRV,Croatia,S1M,Households and non-profit institutions serving households (NPISH),S1,Total economy,P3,Final consumption expenditure,_Z,Not applicable,_Z,Not applicable,_T,Total,USD_EXC,"US dollars, exchange rate converted",V,Current prices,N,Non transformed data,T0102,Table 0102 - GDP identity from the expenditure side,2019,,35448.54,,,,F,Free (free for publication),1,One,A,Normal value,6,Millions,_Z,Not applicable
DATAFLOW,OECD.SDD.NAD:DSD_NAMAIN10@DF_TABLE1_EXPENDITURE(2.0),Annual GDP and components - expenditure approach,I,A,Annual,HRV,Croatia,S1M,Households and non-profit institutions serving households (NPISH),S1,Total economy,P3,Final consumption expenditure,_Z,Not applicable,_Z,Not applicable,_T,Total,USD_EXC,"US dollars, exchange rate converted",V,Current prices,N,Non transformed data,T0102,Table 0102 - GDP identity from the expenditure side,2006,,30733.738,,,,F,Free (free for publication),1,One,A,Normal value,6,Millions,_Z,Not applicable
DATAFLOW,OECD.SDD.NAD:DSD_NAMAIN10@DF_TABLE1_EXPENDITURE(2.0),Annual GDP and components - expenditure approach,I,A,Annual,HRV,Croatia,S1M,Households and non-profit institutions serving households (NPISH),S1,Total economy,P3,Final consumption expenditure,_Z,Not applicable,_Z,Not applicable,_T,Total,USD_EXC,"US dollars, exchange rate converted",V,Current prices,N,Non transformed data,T0102,Table 0102 - GDP identity from the expenditure side,2005,,28728.11,,,,F,Free (free for publication),1,One,A,Normal value,6,Millions,_Z,Not applicable
DATAFLOW,OECD.SDD.NAD:DSD_NAMAIN10@DF_TABLE1_EXPENDITURE(2.0),Annual GDP and components - expenditure approach,I,A,Annual,HRV,Croatia,S1M,Households and non-profit institutions serving households (NPISH),S1,Total economy,P3,Final consumption expenditure,_Z,Not applicable,_Z,Not applicable,_T,Total,USD_EXC,"US dollars, exchange rate converted",V,Current prices,N,Non transformed data,T0102,Table 0102 - GDP identity from the expenditure side,2004,,26244.909,,,,F,Free (free for publication),1,One,A,Normal value,6,Millions,_Z,Not applicable
DATAFLOW,OECD.SDD.NAD:DSD_NAMAIN10@DF_TABLE1_EXPENDITURE(2.0),Annual GDP and components - expenditure approach,I,A,Annual,HRV,Croatia,S1M,Households and non-profit institutions serving households (NPISH),S1,Total economy,P3,Final consumption expenditure,_Z,Not applicable,_Z,Not applicable,_T,Total,USD_EXC,"US dollars, exchange rate converted",V,Current prices,N,Non transformed data,T0102,Table 0102 - GDP identity from the expenditure side,2003,,22117.097,,,,F,Free (free for publication),1,One,A,Normal value,6,Millions,_Z,Not applicable
DATAFLOW,OECD.SDD.NAD:DSD_NAMAIN10@DF_TABLE1_EXPENDITURE(2.0),Annual GDP and components - expenditure approach,I,A,Annual,HRV,Croatia,S1M,Households and non-profit institutions serving households (NPISH),S1,Total economy,P3,Final consumption expenditure,_Z,Not applicable,_Z,Not applicable,_T,Total,USD_EXC,"US dollars, exchange rate converted",V,Current prices,N,Non transformed data,T0102,Table 0102 - GDP identity from the expenditure side,2018,,35526.038,,,,F,Free (free for publication),1,One,A,Normal value,6,Millions,_Z,Not applicable
DATAFLOW,OECD.SDD.NAD:DSD_NAMAIN10@DF_TABLE1_EXPENDITURE(2.0),Annual GDP and components - expenditure approach,I,A,Annual,CAN,Canada,S1M,Households and non-profit institutions serving households (NPISH),S1,Total economy,P3,Final consumption expenditure,_Z,Not applicable,_Z,Not applicable,_T,Total,USD_EXC,"US dollars, exchange rate converted",V,Current prices,N,Non transformed data,T0102,Table 0102 - GDP identity from the expenditure side,2000,,406078.765,,,,F,Free (free for publication),1,One,A,Normal value,6,Millions,_Z,Not applicable
DATAFLOW,OECD.SDD.NAD:DSD_NAMAIN10@DF_TABLE1_EXPENDITURE(2.0),Annual GDP and components - expenditure approach,I,A,Annual,ESP,Spain,S1M,Households and non-profit institutions serving households (NPISH),S1,Total economy,P3,Final consumption expenditure,_Z,Not applicable,_Z,Not applicable,_T,Total,USD_EXC,"US dollars, exchange rate converted",V,Current prices,N,Non transformed data,T0102,Table 0102 - GDP identity from the expenditure side,2000,,356693.625,,,,F,Free (free for publication),1,One,A,Normal value,6,Millions,_Z,Not applicable
DATAFLOW,OECD.SDD.NAD:DSD_NAMAIN10@DF_TABLE1_EXPENDITURE(2.0),Annual GDP and components - expenditure approach,I,A,Annual,ESP,Spain,S1M,Households and non-profit institutions serving households (NPISH),S1,Total economy,P3,Final consumption expenditure,_Z,Not applicable,_Z,Not applicable,_T,Total,USD_EXC,"US dollars, exchange rate converted",V,Current prices,N,Non transformed data,T0102,Table 0102 - GDP identity from the expenditure side,2013,,803676.1,,,,F,Free (free for publication),1,One,A,Normal value,6,Millions,_Z,Not applicable
DATAFLOW,OECD.SDD.NAD:DSD_NAMAIN10@DF_TABLE1_EXPENDITURE(2.0),Annual GDP and components - expenditure approach,I,A,Annual,POL,Poland,S1M,Households and non-profit institutions serving households (NPISH),S1,Total economy,P3,Final consumption expenditure,_Z,Not applicable,_Z,Not applicable,_T,Total,USD_EXC,"US dollars, exchange rate converted",V,Current prices,N,Non transformed data,T0102,Table 0102 - GDP identity from the expenditure side,2008,,331301.343,,,,F,Free (free for publication),1,One,A,Normal value,6,Millions,_Z,Not applicable
DATAFLOW,OECD.SDD.NAD:DSD_NAMAIN10@DF_TABLE1_EXPENDITURE(2.0),Annual GDP and components - expenditure approach,I,A,Annual,POL,Poland,S1M,Households and non-profit institutions serving households (NPISH),S1,Total economy,P3,Final consumption expenditure,_Z,Not applicable,_Z,Not applicable,_T,Total,USD_EXC,"US dollars, exchange rate converted",V,Current prices,N,Non transformed data,T0102,Table 0102 - GDP identity from the expenditure side,2007,,258765.151,,,,F,Free (free for publication),1,One,A,Normal value,6,Millions,_Z,Not applicable
DATAFLOW,OECD.SDD.NAD:DSD_NAMAIN10@DF_TABLE1_EXPENDITURE(2.0),Annual GDP and components - expenditure approach,I,A,Annual,POL,Poland,S1M,Households and non-profit institutions serving households (NPISH),S1,Total economy,P3,Final consumption expenditure,_Z,Not applicable,_Z,Not applicable,_T,Total,USD_EXC,"US dollars, exchange rate converted",V,Current prices,N,Non transformed data,T0102,Table 0102 - GDP identity from the expenditure side,2006,,214308.755,,,,F,Free (free for publication),1,One,A,Normal value,6,Millions,_Z,Not applicable
DATAFLOW,OECD.SDD.NAD:DSD_NAMAIN10@DF_TABLE1_EXPENDITURE(2.0),Annual GDP and components - expenditure approach,I,A,Annual,POL,Poland,S1M,Households and non-profit institutions serving households (NPISH),S1,Total economy,P3,Final consumption expenditure,_Z,Not applicable,_Z,Not applicable,_T,Total,USD_EXC,"US dollars, exchange rate converted",V,Current prices,N,Non transformed data,T0102,Table 0102 - GDP identity from the expenditure side,2005,,193007.948,,,,F,Free (free for publication),1,One,A,Normal value,6,Millions,_Z,Not applicable
DATAFLOW,OECD.SDD.NAD:DSD_NAMAIN10@DF_TABLE1_EXPENDITURE(2.0),Annual GDP and components - expenditure approach,I,A,Annual,POL,Poland,S1M,Households and non-profit institutions serving households (NPISH),S1,Total economy,P3,Final consumption expenditure,_Z,Not applicable,_Z,Not applicable,_T,Total,USD_EXC,"US dollars, exchange rate converted",V,Current prices,N,Non transformed data,T0102,Table 0102 - GDP identity from the expenditure side,2004,,164354.81,,,,F,Free (free for publication),1,One,A,Normal value,6,Millions,_Z,Not applicable
DATAFLOW,OECD.SDD.NAD:DSD_NAMAIN10@DF_TABLE1_EXPENDITURE(2.0),Annual GDP and components - expenditure approach,I,A,Annual,POL,Poland,S1M,Households and non-profit institutions serving households (NPISH),S1,Total economy,P3,Final consumption expenditure,_Z,Not applicable,_Z,Not applicable,_T,Total,USD_EXC,"US dollars, exchange rate converted",V,Current prices,N,Non transformed data,T0102,Table 0102 - GDP identity from the expenditure side,2003,,142020.66,,,,F,Free (free for publication),1,One,A,Normal value,6,Millions,_Z,Not applicable
DATAFLOW,OECD.SDD.NAD:DSD_NAMAIN10@DF_TABLE1_EXPENDITURE(2.0),Annual GDP and components - expenditure approach,I,A,Annual,POL,Poland,S1M,Households and non-profit institutions serving households (NPISH),S1,Total economy,P3,Final consumption expenditure,_Z,Not applicable,_Z,Not applicable,_T,Total,USD_EXC,"US dollars, exchange rate converted",V,Current prices,N,Non transformed data,T0102,Table 0102 - GDP identity from the expenditure side,2002,,132681.269,,,,F,Free (free for publication),1,One,A,Normal value,6,Millions,_Z,Not applicable
DATAFLOW,OECD.SDD.NAD:DSD_NAMAIN10@DF_TABLE1_EXPENDITURE(2.0),Annual GDP and components - expenditure approach,I,A,Annual,POL,Poland,S1M,Households and non-profit institutions serving households (NPISH),S1,Total economy,P3,Final consumption expenditure,_Z,Not applicable,_Z,Not applicable,_T,Total,USD_EXC,"US dollars, exchange rate converted",V,Current prices,N,Non transformed data,T0102,Table 0102 - GDP identity from the expenditure side,2001,,123863.309,,,,F,Free (free for publication),1,One,A,Normal value,6,Millions,_Z,Not applicable
DATAFLOW,OECD.SDD.NAD:DSD_NAMAIN10@DF_TABLE1_EXPENDITURE(2.0),Annual GDP and components - expenditure approach,I,A,Annual,POL,Poland,S1M,Households and non-profit institutions serving households (NPISH),S1,Total economy,P3,Final consumption expenditure,_Z,Not applicable,_Z,Not applicable,_T,Total,USD_EXC,"US dollars, exchange rate converted",V,Current prices,N,Non transformed data,T0102,Table 0102 - GDP identity from the expenditure side,2000,,110304.355,,,,F,Free (free for publication),1,One,A,Normal value,6,Millions,_Z,Not applicable
DATAFLOW,OECD.SDD.NAD:DSD_NAMAIN10@DF_TABLE1_EXPENDITURE(2.0),Annual GDP and components - expenditure approach,I,A,Annual,POL,Poland,S1M,Households and non-profit institutions serving households (NPISH),S1,Total economy,P3,Final consumption expenditure,_Z,Not applicable,_Z,Not applicable,_T,Total,USD_EXC,"US dollars, exchange rate converted",V,Current prices,N,Non transformed data,T0102,Table 0102 - GDP identity from the expenditure side,1999,,106857.43,,,,F,Free (free for publication),1,One,A,Normal value,6,Millions,_Z,Not applicable
DATAFLOW,OECD.SDD.NAD:DSD_NAMAIN10@DF_TABLE1_EXPENDITURE(2.0),Annual GDP and components - expenditure approach,I,A,Annual,POL,Poland,S1M,Households and non-profit institutions serving households (NPISH),S1,Total economy,P3,Final consumption expenditure,_Z,Not applicable,_Z,Not applicable,_T,Total,USD_EXC,"US dollars, exchange rate converted",V,Current prices,N,Non transformed data,T0102,Table 0102 - GDP identity from the expenditure side,2020,,343642.763,,,,F,Free (free for publication),1,One,A,Normal value,6,Millions,_Z,Not applicable
DATAFLOW,OECD.SDD.NAD:DSD_NAMAIN10@DF_TABLE1_EXPENDITURE(2.0),Annual GDP and components - expenditure approach,I,A,Annual,POL,Poland,S1M,Households and non-profit institutions serving households (NPISH),S1,Total economy,P3,Final consumption expenditure,_Z,Not applicable,_Z,Not applicable,_T,Total,USD_EXC,"US dollars, exchange rate converted",V,Current prices,N,Non transformed data,T0102,Table 0102 - GDP identity from the expenditure side,2019,,348527.56,,,,F,Free (free for publication),1,One,A,Normal value,6,Millions,_Z,Not applicable
DATAFLOW,OECD.SDD.NAD:DSD_NAMAIN10@DF_TABLE1_EXPENDITURE(2.0),Annual GDP and components - expenditure approach,I,A,Annual,POL,Poland,S1M,Households and non-profit institutions serving households (NPISH),S1,Total economy,P3,Final consumption expenditure,_Z,Not applicable,_Z,Not applicable,_T,Total,USD_EXC,"US dollars, exchange rate converted",V,Current prices,N,Non transformed data,T0102,Table 0102 - GDP identity from the expenditure side,2018,,351203.075,,,,F,Free (free for publication),1,One,A,Normal value,6,Millions,_Z,Not applicable
DATAFLOW,OECD.SDD.NAD:DSD_NAMAIN10@DF_TABLE1_EXPENDITURE(2.0),Annual GDP and components - expenditure approach,I,A,Annual,POL,Poland,S1M,Households and non-profit institutions serving households (NPISH),S1,Total economy,P3,Final consumption expenditure,_Z,Not applicable,_Z,Not applicable,_T,Total,USD_EXC,"US dollars, exchange rate converted",V,Current prices,N,Non transformed data,T0102,Table 0102 - GDP identity from the expenditure side,2017,,315459.869,,,,F,Free (free for publication),1,One,A,Normal value,6,Millions,_Z,Not applicable
DATAFLOW,OECD.SDD.NAD:DSD_NAMAIN10@DF_TABLE1_EXPENDITURE(2.0),Annual GDP and components - expenditure approach,I,A,Annual,POL,Poland,S1M,Households and non-profit institutions serving households (NPISH),S1,Total economy,P3,Final consumption expenditure,_Z,Not applicable,_Z,Not applicable,_T,Total,USD_EXC,"US dollars, exchange rate converted",V,Current prices,N,Non transformed data,T0102,Table 0102 - GDP identity from the expenditure side,2016,,279905.566,,,,F,Free (free for publication),1,One,A,Normal value,6,Millions,_Z,Not applicable
DATAFLOW,OECD.SDD.NAD:DSD_NAMAIN10@DF_TABLE1_EXPENDITURE(2.0),Annual GDP and components - expenditure approach,I,A,Annual,POL,Poland,S1M,Households and non-profit institutions serving households (NPISH),S1,Total economy,P3,Final consumption expenditure,_Z,Not applicable,_Z,Not applicable,_T,Total,USD_EXC,"US dollars, exchange rate converted",V,Current prices,N,Non transformed data,T0102,Table 0102 - GDP identity from the expenditure side,2015,,284314.1,,,,F,Free (free for publication),1,One,A,Normal value,6,Millions,_Z,Not applicable
DATAFLOW,OECD.SDD.NAD:DSD_NAMAIN10@DF_TABLE1_EXPENDITURE(2.0),Annual GDP and components - expenditure approach,I,A,Annual,POL,Poland,S1M,Households and non-profit institutions serving households (NPISH),S1,Total economy,P3,Final consumption expenditure,_Z,Not applicable,_Z,Not applicable,_T,Total,USD_EXC,"US dollars, exchange rate converted",V,Current prices,N,Non transformed data,T0102,Table 0102 - GDP identity from the expenditure side,2014,,328139.587,,,,F,Free (free for publication),1,One,A,Normal value,6,Millions,_Z,Not applicable
DATAFLOW,OECD.SDD.NAD:DSD_NAMAIN10@DF_TABLE1_EXPENDITURE(2.0),Annual GDP and components - expenditure approach,I,A,Annual,POL,Poland,S1M,Households and non-profit institutions serving households (NPISH),S1,Total economy,P3,Final consumption expenditure,_Z,Not applicable,_Z,Not applicable,_T,Total,USD_EXC,"US dollars, exchange rate converted",V,Current prices,N,Non transformed data,T0102,Table 0102 - GDP identity from the expenditure side,2013,,318287.254,,,,F,Free (free for publication),1,One,A,Normal value,6,Millions,_Z,Not applicable
DATAFLOW,OECD.SDD.NAD:DSD_NAMAIN10@DF_TABLE1_EXPENDITURE(2.0),Annual GDP and components - expenditure approach,I,A,Annual,POL,Poland,S1M,Households and non-profit institutions serving households (NPISH),S1,Total economy,P3,Final consumption expenditure,_Z,Not applicable,_Z,Not applicable,_T,Total,USD_EXC,"US dollars, exchange rate converted",V,Current prices,N,Non transformed data,T0102,Table 0102 - GDP identity from the expenditure side,2012,,308720.14,,,,F,Free (free for publication),1,One,A,Normal value,6,Millions,_Z,Not applicable
DATAFLOW,OECD.SDD.NAD:DSD_NAMAIN10@DF_TABLE1_EXPENDITURE(2.0),Annual GDP and components - expenditure approach,I,A,Annual,POL,Poland,S1M,Households and non-profit institutions serving households (NPISH),S1,Total economy,P3,Final consumption expenditure,_Z,Not applicable,_Z,Not applicable,_T,Total,USD_EXC,"US dollars, exchange rate converted",V,Current prices,N,Non transformed data,T0102,Table 0102 - GDP identity from the expenditure side,2011,,326550.357,,,,F,Free (free for publication),1,One,A,Normal value,6,Millions,_Z,Not applicable
DATAFLOW,OECD.SDD.NAD:DSD_NAMAIN10@DF_TABLE1_EXPENDITURE(2.0),Annual GDP and components - expenditure approach,I,A,Annual,POL,Poland,S1M,Households and non-profit institutions serving households (NPISH),S1,Total economy,P3,Final consumption expenditure,_Z,Not applicable,_Z,Not applicable,_T,Total,USD_EXC,"US dollars, exchange rate converted",V,Current prices,N,Non transformed data,T0102,Table 0102 - GDP identity from the expenditure side,1998,,108615.699,,,,F,Free (free for publication),1,One,A,Normal value,6,Millions,_Z,Not applicable
DATAFLOW,OECD.SDD.NAD:DSD_NAMAIN10@DF_TABLE1_EXPENDITURE(2.0),Annual GDP and components - expenditure approach,I,A,Annual,POL,Poland,S1M,Households and non-profit institutions serving households (NPISH),S1,Total economy,P3,Final consumption expenditure,_Z,Not applicable,_Z,Not applicable,_T,Total,USD_EXC,"US dollars, exchange rate converted",V,Current prices,N,Non transformed data,T0102,Table 0102 - GDP identity from the expenditure side,1997,,99229.661,,,,F,Free (free for publication),1,One,A,Normal value,6,Millions,_Z,Not applicable
DATAFLOW,OECD.SDD.NAD:DSD_NAMAIN10@DF_TABLE1_EXPENDITURE(2.0),Annual GDP and components - expenditure approach,I,A,Annual,POL,Poland,S1M,Households and non-profit institutions serving households (NPISH),S1,Total economy,P3,Final consumption expenditure,_Z,Not applicable,_Z,Not applicable,_T,Total,USD_EXC,"US dollars, exchange rate converted",V,Current prices,N,Non transformed data,T0102,Table 0102 - GDP identity from the expenditure side,1996,,98275.287,,,,F,Free (free for publication),1,One,A,Normal value,6,Millions,_Z,Not applicable
DATAFLOW,OECD.SDD.NAD:DSD_NAMAIN10@DF_TABLE1_EXPENDITURE(2.0),Annual GDP and components - expenditure approach,I,A,Annual,POL,Poland,S1M,Households and non-profit institutions serving households (NPISH),S1,Total economy,P3,Final consumption expenditure,_Z,Not applicable,_Z,Not applicable,_T,Total,USD_EXC,"US dollars, exchange rate converted",V,Current prices,N,Non transformed data,T0102,Table 0102 - GDP identity from the expenditure side,1995,,84511.096,,,,F,Free (free for publication),1,One,A,Normal value,6,Millions,_Z,Not applicable
DATAFLOW,OECD.SDD.NAD:DSD_NAMAIN10@DF_TABLE1_EXPENDITURE(2.0),Annual GDP and components - expenditure approach,I,A,Annual,POL,Poland,S1M,Households and non-profit institutions serving households (NPISH),S1,Total economy,P3,Final consumption expenditure,_Z,Not applicable,_Z,Not applicable,_T,Total,USD_EXC,"US dollars, exchange rate converted",V,Current prices,N,Non transformed data,T0102,Table 0102 - GDP identity from the expenditure side,2010,,298501.973,,,,F,Free (free for publication),1,One,A,Normal value,6,Millions,_Z,Not applicable
DATAFLOW,OECD.SDD.NAD:DSD_NAMAIN10@DF_TABLE1_EXPENDITURE(2.0),Annual GDP and components - expenditure approach,I,A,Annual,BGR,Bulgaria,S1M,Households and non-profit institutions serving households (NPISH),S1,Total economy,P3,Final consumption expenditure,_Z,Not applicable,_Z,Not applicable,_T,Total,USD_EXC,"US dollars, exchange rate converted",V,Current prices,N,Non transformed data,T0102,Table 0102 - GDP identity from the expenditure side,2017,,35649.572,,,,F,Free (free for publication),1,One,A,Normal value,6,Millions,_Z,Not applicable
DATAFLOW,OECD.SDD.NAD:DSD_NAMAIN10@DF_TABLE1_EXPENDITURE(2.0),Annual GDP and components - expenditure approach,I,A,Annual,BGR,Bulgaria,S1M,Households and non-profit institutions serving households (NPISH),S1,Total economy,P3,Final consumption expenditure,_Z,Not applicable,_Z,Not applicable,_T,Total,USD_EXC,"US dollars, exchange rate converted",V,Current prices,N,Non transformed data,T0102,Table 0102 - GDP identity from the expenditure side,2016,,32644.741,,,,F,Free (free for publication),1,One,A,Normal value,6,Millions,_Z,Not applicable
DATAFLOW,OECD.SDD.NAD:DSD_NAMAIN10@DF_TABLE1_EXPENDITURE(2.0),Annual GDP and components - expenditure approach,I,A,Annual,BGR,Bulgaria,S1M,Households and non-profit institutions serving households (NPISH),S1,Total economy,P3,Final consumption expenditure,_Z,Not applicable,_Z,Not applicable,_T,Total,USD_EXC,"US dollars, exchange rate converted",V,Current prices,N,Non transformed data,T0102,Table 0102 - GDP identity from the expenditure side,2015,,31512.81,,,,F,Free (free for publication),1,One,A,Normal value,6,Millions,_Z,Not applicable
DATAFLOW,OECD.SDD.NAD:DSD_NAMAIN10@DF_TABLE1_EXPENDITURE(2.0),Annual GDP and components - expenditure approach,I,A,Annual,BGR,Bulgaria,S1M,Households and non-profit institutions serving households (NPISH),S1,Total economy,P3,Final consumption expenditure,_Z,Not applicable,_Z,Not applicable,_T,Total,USD_EXC,"US dollars, exchange rate converted",V,Current prices,N,Non transformed data,T0102,Table 0102 - GDP identity from the expenditure side,2014,,35850.131,,,,F,Free (free for publication),1,One,A,Normal value,6,Millions,_Z,Not applicable
DATAFLOW,OECD.SDD.NAD:DSD_NAMAIN10@DF_TABLE1_EXPENDITURE(2.0),Annual GDP and components - expenditure approach,I,A,Annual,BGR,Bulgaria,S1M,Households and non-profit institutions serving households (NPISH),S1,Total economy,P3,Final consumption expenditure,_Z,Not applicable,_Z,Not applicable,_T,Total,USD_EXC,"US dollars, exchange rate converted",V,Current prices,N,Non transformed data,T0102,Table 0102 - GDP identity from the expenditure side,2013,,34870.361,,,,F,Free (free for publication),1,One,A,Normal value,6,Millions,_Z,Not applicable
DATAFLOW,OECD.SDD.NAD:DSD_NAMAIN10@DF_TABLE1_EXPENDITURE(2.0),Annual GDP and components - expenditure approach,I,A,Annual,BGR,Bulgaria,S1M,Households and non-profit institutions serving households (NPISH),S1,Total economy,P3,Final consumption expenditure,_Z,Not applicable,_Z,Not applicable,_T,Total,USD_EXC,"US dollars, exchange rate converted",V,Current prices,N,Non transformed data,T0102,Table 0102 - GDP identity from the expenditure side,2012,,35619.26,,,,F,Free (free for publication),1,One,A,Normal value,6,Millions,_Z,Not applicable
DATAFLOW,OECD.SDD.NAD:DSD_NAMAIN10@DF_TABLE1_EXPENDITURE(2.0),Annual GDP and components - expenditure approach,I,A,Annual,BGR,Bulgaria,S1M,Households and non-profit institutions serving households (NPISH),S1,Total economy,P3,Final consumption expenditure,_Z,Not applicable,_Z,Not applicable,_T,Total,USD_EXC,"US dollars, exchange rate converted",V,Current prices,N,Non transformed data,T0102,Table 0102 - GDP identity from the expenditure side,2011,,36127.815,,,,F,Free (free for publication),1,One,A,Normal value,6,Millions,_Z,Not applicable
DATAFLOW,OECD.SDD.NAD:DSD_NAMAIN10@DF_TABLE1_EXPENDITURE(2.0),Annual GDP and components - expenditure approach,I,A,Annual,BGR,Bulgaria,S1M,Households and non-profit institutions serving households (NPISH),S1,Total economy,P3,Final consumption expenditure,_Z,Not applicable,_Z,Not applicable,_T,Total,USD_EXC,"US dollars, exchange rate converted",V,Current prices,N,Non transformed data,T0102,Table 0102 - GDP identity from the expenditure side,2010,,32524.143,,,,F,Free (free for publication),1,One,A,Normal value,6,Millions,_Z,Not applicable
DATAFLOW,OECD.SDD.NAD:DSD_NAMAIN10@DF_TABLE1_EXPENDITURE(2.0),Annual GDP and components - expenditure approach,I,A,Annual,BGR,Bulgaria,S1M,Households and non-profit institutions serving households (NPISH),S1,Total economy,P3,Final consumption expenditure,_Z,Not applicable,_Z,Not applicable,_T,Total,USD_EXC,"US dollars, exchange rate converted",V,Current prices,N,Non transformed data,T0102,Table 0102 - GDP identity from the expenditure side,2009,,32763.228,,,,F,Free (free for publication),1,One,A,Normal value,6,Millions,_Z,Not applicable
DATAFLOW,OECD.SDD.NAD:DSD_NAMAIN10@DF_TABLE1_EXPENDITURE(2.0),Annual GDP and components - expenditure approach,I,A,Annual,BGR,Bulgaria,S1M,Households and non-profit institutions serving households (NPISH),S1,Total economy,P3,Final consumption expenditure,_Z,Not applicable,_Z,Not applicable,_T,Total,USD_EXC,"US dollars, exchange rate converted",V,Current prices,N,Non transformed data,T0102,Table 0102 - GDP identity from the expenditure side,2008,,35771.517,,,,F,Free (free for publication),1,One,A,Normal value,6,Millions,_Z,Not applicable
DATAFLOW,OECD.SDD.NAD:DSD_NAMAIN10@DF_TABLE1_EXPENDITURE(2.0),Annual GDP and components - expenditure approach,I,A,Annual,BGR,Bulgaria,S1M,Households and non-profit institutions serving households (NPISH),S1,Total economy,P3,Final consumption expenditure,_Z,Not applicable,_Z,Not applicable,_T,Total,USD_EXC,"US dollars, exchange rate converted",V,Current prices,N,Non transformed data,T0102,Table 0102 - GDP identity from the expenditure side,2003,,14377.566,,,,F,Free (free for publication),1,One,A,Normal value,6,Millions,_Z,Not applicable
DATAFLOW,OECD.SDD.NAD:DSD_NAMAIN10@DF_TABLE1_EXPENDITURE(2.0),Annual GDP and components - expenditure approach,I,A,Annual,BGR,Bulgaria,S1M,Households and non-profit institutions serving households (NPISH),S1,Total economy,P3,Final consumption expenditure,_Z,Not applicable,_Z,Not applicable,_T,Total,USD_EXC,"US dollars, exchange rate converted",V,Current prices,N,Non transformed data,T0102,Table 0102 - GDP identity from the expenditure side,2002,,11198.002,,,,F,Free (free for publication),1,One,A,Normal value,6,Millions,_Z,Not applicable
DATAFLOW,OECD.SDD.NAD:DSD_NAMAIN10@DF_TABLE1_EXPENDITURE(2.0),Annual GDP and components - expenditure approach,I,A,Annual,BGR,Bulgaria,S1M,Households and non-profit institutions serving households (NPISH),S1,Total economy,P3,Final consumption expenditure,_Z,Not applicable,_Z,Not applicable,_T,Total,USD_EXC,"US dollars, exchange rate converted",V,Current prices,N,Non transformed data,T0102,Table 0102 - GDP identity from the expenditure side,2001,,9729.73,,,,F,Free (free for publication),1,One,A,Normal value,6,Millions,_Z,Not applicable
DATAFLOW,OECD.SDD.NAD:DSD_NAMAIN10@DF_TABLE1_EXPENDITURE(2.0),Annual GDP and components - expenditure approach,I,A,Annual,BGR,Bulgaria,S1M,Households and non-profit institutions serving households (NPISH),S1,Total economy,P3,Final consumption expenditure,_Z,Not applicable,_Z,Not applicable,_T,Total,USD_EXC,"US dollars, exchange rate converted",V,Current prices,N,Non transformed data,T0102,Table 0102 - GDP identity from the expenditure side,2000,,8805.502,,,,F,Free (free for publication),1,One,A,Normal value,6,Millions,_Z,Not applicable
DATAFLOW,OECD.SDD.NAD:DSD_NAMAIN10@DF_TABLE1_EXPENDITURE(2.0),Annual GDP and components - expenditure approach,I,A,Annual,BGR,Bulgaria,S1M,Households and non-profit institutions serving households (NPISH),S1,Total economy,P3,Final consumption expenditure,_Z,Not applicable,_Z,Not applicable,_T,Total,USD_EXC,"US dollars, exchange rate converted",V,Current prices,N,Non transformed data,T0102,Table 0102 - GDP identity from the expenditure side,1999,,8881.184,,,,F,Free (free for publication),1,One,A,Normal value,6,Millions,_Z,Not applicable
DATAFLOW,OECD.SDD.NAD:DSD_NAMAIN10@DF_TABLE1_EXPENDITURE(2.0),Annual GDP and components - expenditure approach,I,A,Annual,BGR,Bulgaria,S1M,Households and non-profit institutions serving households (NPISH),S1,Total economy,P3,Final consumption expenditure,_Z,Not applicable,_Z,Not applicable,_T,Total,USD_EXC,"US dollars, exchange rate converted",V,Current prices,N,Non transformed data,T0102,Table 0102 - GDP identity from the expenditure side,1998,,8433.72,,,,F,Free (free for publication),1,One,A,Normal value,6,Millions,_Z,Not applicable
DATAFLOW,OECD.SDD.NAD:DSD_NAMAIN10@DF_TABLE1_EXPENDITURE(2.0),Annual GDP and components - expenditure approach,I,A,Annual,BGR,Bulgaria,S1M,Households and non-profit institutions serving households (NPISH),S1,Total economy,P3,Final consumption expenditure,_Z,Not applicable,_Z,Not applicable,_T,Total,USD_EXC,"US dollars, exchange rate converted",V,Current prices,N,Non transformed data,T0102,Table 0102 - GDP identity from the expenditure side,1997,,7405.365,,,,F,Free (free for publication),1,One,A,Normal value,6,Millions,_Z,Not applicable
DATAFLOW,OECD.SDD.NAD:DSD_NAMAIN10@DF_TABLE1_EXPENDITURE(2.0),Annual GDP and components - expenditure approach,I,A,Annual,BGR,Bulgaria,S1M,Households and non-profit institutions serving households (NPISH),S1,Total economy,P3,Final consumption expenditure,_Z,Not applicable,_Z,Not applicable,_T,Total,USD_EXC,"US dollars, exchange rate converted",V,Current prices,N,Non transformed data,T0102,Table 0102 - GDP identity from the expenditure side,1996,,9076.205,,,,F,Free (free for publication),1,One,A,Normal value,6,Millions,_Z,Not applicable
DATAFLOW,OECD.SDD.NAD:DSD_NAMAIN10@DF_TABLE1_EXPENDITURE(2.0),Annual GDP and components - expenditure approach,I,A,Annual,BGR,Bulgaria,S1M,Households and non-profit institutions serving households (NPISH),S1,Total economy,P3,Final consumption expenditure,_Z,Not applicable,_Z,Not applicable,_T,Total,USD_EXC,"US dollars, exchange rate converted",V,Current prices,N,Non transformed data,T0102,Table 0102 - GDP identity from the expenditure side,1995,,10921.407,,,,F,Free (free for publication),1,One,A,Normal value,6,Millions,_Z,Not applicable
DATAFLOW,OECD.SDD.NAD:DSD_NAMAIN10@DF_TABLE1_EXPENDITURE(2.0),Annual GDP and components - expenditure approach,I,A,Annual,NZL,New Zealand,S1M,Households and non-profit institutions serving households (NPISH),S1,Total economy,P3,Final consumption expenditure,_Z,Not applicable,_Z,Not applicable,_T,Total,USD_EXC,"US dollars, exchange rate converted",V,Current prices,N,Non transformed data,T0102,Table 0102 - GDP identity from the expenditure side,1996,,40750.663,,,,F,Free (free for publication),1,One,A,Normal value,6,Millions,_Z,Not applicable
DATAFLOW,OECD.SDD.NAD:DSD_NAMAIN10@DF_TABLE1_EXPENDITURE(2.0),Annual GDP and components - expenditure approach,I,A,Annual,NZL,New Zealand,S1M,Households and non-profit institutions serving households (NPISH),S1,Total economy,P3,Final consumption expenditure,_Z,Not applicable,_Z,Not applicable,_T,Total,USD_EXC,"US dollars, exchange rate converted",V,Current prices,N,Non transformed data,T0102,Table 0102 - GDP identity from the expenditure side,1995,,36420.926,,,,F,Free (free for publication),1,One,A,Normal value,6,Millions,_Z,Not applicable
DATAFLOW,OECD.SDD.NAD:DSD_NAMAIN10@DF_TABLE1_EXPENDITURE(2.0),Annual GDP and components - expenditure approach,I,A,Annual,NZL,New Zealand,S1M,Households and non-profit institutions serving households (NPISH),S1,Total economy,P3,Final consumption expenditure,_Z,Not applicable,_Z,Not applicable,_T,Total,USD_EXC,"US dollars, exchange rate converted",V,Current prices,N,Non transformed data,T0102,Table 0102 - GDP identity from the expenditure side,2016,,109478.081,,,,F,Free (free for publication),1,One,A,Normal value,6,Millions,_Z,Not applicable
DATAFLOW,OECD.SDD.NAD:DSD_NAMAIN10@DF_TABLE1_EXPENDITURE(2.0),Annual GDP and components - expenditure approach,I,A,Annual,NZL,New Zealand,S1M,Households and non-profit institutions serving households (NPISH),S1,Total economy,P3,Final consumption expenditure,_Z,Not applicable,_Z,Not applicable,_T,Total,USD_EXC,"US dollars, exchange rate converted",V,Current prices,N,Non transformed data,T0102,Table 0102 - GDP identity from the expenditure side,2015,,102134.277,,,,F,Free (free for publication),1,One,A,Normal value,6,Millions,_Z,Not applicable
DATAFLOW,OECD.SDD.NAD:DSD_NAMAIN10@DF_TABLE1_EXPENDITURE(2.0),Annual GDP and components - expenditure approach,I,A,Annual,NZL,New Zealand,S1M,Households and non-profit institutions serving households (NPISH),S1,Total economy,P3,Final consumption expenditure,_Z,Not applicable,_Z,Not applicable,_T,Total,USD_EXC,"US dollars, exchange rate converted",V,Current prices,N,Non transformed data,T0102,Table 0102 - GDP identity from the expenditure side,2014,,115619.003,,,,F,Free (free for publication),1,One,A,Normal value,6,Millions,_Z,Not applicable
DATAFLOW,OECD.SDD.NAD:DSD_NAMAIN10@DF_TABLE1_EXPENDITURE(2.0),Annual GDP and components - expenditure approach,I,A,Annual,NZL,New Zealand,S1M,Households and non-profit institutions serving households (NPISH),S1,Total economy,P3,Final consumption expenditure,_Z,Not applicable,_Z,Not applicable,_T,Total,USD_EXC,"US dollars, exchange rate converted",V,Current prices,N,Non transformed data,T0102,Table 0102 - GDP identity from the expenditure side,2013,,109793.443,,,,F,Free (free for publication),1,One,A,Normal value,6,Millions,_Z,Not applicable
DATAFLOW,OECD.SDD.NAD:DSD_NAMAIN10@DF_TABLE1_EXPENDITURE(2.0),Annual GDP and components - expenditure approach,I,A,Annual,NZL,New Zealand,S1M,Households and non-profit institutions serving households (NPISH),S1,Total economy,P3,Final consumption expenditure,_Z,Not applicable,_Z,Not applicable,_T,Total,USD_EXC,"US dollars, exchange rate converted",V,Current prices,N,Non transformed data,T0102,Table 0102 - GDP identity from the expenditure side,2012,,103614.756,,,,F,Free (free for publication),1,One,A,Normal value,6,Millions,_Z,Not applicable
DATAFLOW,OECD.SDD.NAD:DSD_NAMAIN10@DF_TABLE1_EXPENDITURE(2.0),Annual GDP and components - expenditure approach,I,A,Annual,NZL,New Zealand,S1M,Households and non-profit institutions serving households (NPISH),S1,Total economy,P3,Final consumption expenditure,_Z,Not applicable,_Z,Not applicable,_T,Total,USD_EXC,"US dollars, exchange rate converted",V,Current prices,N,Non transformed data,T0102,Table 0102 - GDP identity from the expenditure side,2011,,98129.207,,,,F,Free (free for publication),1,One,A,Normal value,6,Millions,_Z,Not applicable
DATAFLOW,OECD.SDD.NAD:DSD_NAMAIN10@DF_TABLE1_EXPENDITURE(2.0),Annual GDP and components - expenditure approach,I,A,Annual,NZL,New Zealand,S1M,Households and non-profit institutions serving households (NPISH),S1,Total economy,P3,Final consumption expenditure,_Z,Not applicable,_Z,Not applicable,_T,Total,USD_EXC,"US dollars, exchange rate converted",V,Current prices,N,Non transformed data,T0102,Table 0102 - GDP identity from the expenditure side,2010,,84728.443,,,,F,Free (free for publication),1,One,A,Normal value,6,Millions,_Z,Not applicable
DATAFLOW,OECD.SDD.NAD:DSD_NAMAIN10@DF_TABLE1_EXPENDITURE(2.0),Annual GDP and components - expenditure approach,I,A,Annual,NZL,New Zealand,S1M,Households and non-profit institutions serving households (NPISH),S1,Total economy,P3,Final consumption expenditure,_Z,Not applicable,_Z,Not applicable,_T,Total,USD_EXC,"US dollars, exchange rate converted",V,Current prices,N,Non transformed data,T0102,Table 0102 - GDP identity from the expenditure side,2009,,70595.667,,,,F,Free (free for publication),1,One,A,Normal value,6,Millions,_Z,Not applicable
DATAFLOW,OECD.SDD.NAD:DSD_NAMAIN10@DF_TABLE1_EXPENDITURE(2.0),Annual GDP and components - expenditure approach,I,A,Annual,NZL,New Zealand,S1M,Households and non-profit institutions serving households (NPISH),S1,Total economy,P3,Final consumption expenditure,_Z,Not applicable,_Z,Not applicable,_T,Total,USD_EXC,"US dollars, exchange rate converted",V,Current prices,N,Non transformed data,T0102,Table 0102 - GDP identity from the expenditure side,2008,,76864.37,,,,F,Free (free for publication),1,One,A,Normal value,6,Millions,_Z,Not applicable
DATAFLOW,OECD.SDD.NAD:DSD_NAMAIN10@DF_TABLE1_EXPENDITURE(2.0),Annual GDP and components - expenditure approach,I,A,Annual,NZL,New Zealand,S1M,Households and non-profit institutions serving households (NPISH),S1,Total economy,P3,Final consumption expenditure,_Z,Not applicable,_Z,Not applicable,_T,Total,USD_EXC,"US dollars, exchange rate converted",V,Current prices,N,Non transformed data,T0102,Table 0102 - GDP identity from the expenditure side,2007,,77753.308,,,,F,Free (free for publication),1,One,A,Normal value,6,Millions,_Z,Not applicable
DATAFLOW,OECD.SDD.NAD:DSD_NAMAIN10@DF_TABLE1_EXPENDITURE(2.0),Annual GDP and components - expenditure approach,I,A,Annual,NZL,New Zealand,S1M,Households and non-profit institutions serving households (NPISH),S1,Total economy,P3,Final consumption expenditure,_Z,Not applicable,_Z,Not applicable,_T,Total,USD_EXC,"US dollars, exchange rate converted",V,Current prices,N,Non transformed data,T0102,Table 0102 - GDP identity from the expenditure side,2020,,121498.646,,,,F,Free (free for publication),1,One,A,Normal value,6,Millions,_Z,Not applicable
DATAFLOW,OECD.SDD.NAD:DSD_NAMAIN10@DF_TABLE1_EXPENDITURE(2.0),Annual GDP and components - expenditure approach,I,A,Annual,NZL,New Zealand,S1M,Households and non-profit institutions serving households (NPISH),S1,Total economy,P3,Final consumption expenditure,_Z,Not applicable,_Z,Not applicable,_T,Total,USD_EXC,"US dollars, exchange rate converted",V,Current prices,N,Non transformed data,T0102,Table 0102 - GDP identity from the expenditure side,2019,,121786.05,,,,F,Free (free for publication),1,One,A,Normal value,6,Millions,_Z,Not applicable
DATAFLOW,OECD.SDD.NAD:DSD_NAMAIN10@DF_TABLE1_EXPENDITURE(2.0),Annual GDP and components - expenditure approach,I,A,Annual,NZL,New Zealand,S1M,Households and non-profit institutions serving households (NPISH),S1,Total economy,P3,Final consumption expenditure,_Z,Not applicable,_Z,Not applicable,_T,Total,USD_EXC,"US dollars, exchange rate converted",V,Current prices,N,Non transformed data,T0102,Table 0102 - GDP identity from the expenditure side,2018,,122586.389,,,,F,Free (free for publication),1,One,A,Normal value,6,Millions,_Z,Not applicable
DATAFLOW,OECD.SDD.NAD:DSD_NAMAIN10@DF_TABLE1_EXPENDITURE(2.0),Annual GDP and components - expenditure approach,I,A,Annual,NZL,New Zealand,S1M,Households and non-profit institutions serving households (NPISH),S1,Total economy,P3,Final consumption expenditure,_Z,Not applicable,_Z,Not applicable,_T,Total,USD_EXC,"US dollars, exchange rate converted",V,Current prices,N,Non transformed data,T0102,Table 0102 - GDP identity from the expenditure side,2017,,118689.08,,,,F,Free (free for publication),1,One,A,Normal value,6,Millions,_Z,Not applicable
DATAFLOW,OECD.SDD.NAD:DSD_NAMAIN10@DF_TABLE1_EXPENDITURE(2.0),Annual GDP and components - expenditure approach,I,A,Annual,NZL,New Zealand,S1M,Households and non-profit institutions serving households (NPISH),S1,Total economy,P3,Final consumption expenditure,_Z,Not applicable,_Z,Not applicable,_T,Total,USD_EXC,"US dollars, exchange rate converted",V,Current prices,N,Non transformed data,T0102,Table 0102 - GDP identity from the expenditure side,2006,,64989.868,,,,F,Free (free for publication),1,One,A,Normal value,6,Millions,_Z,Not applicable
DATAFLOW,OECD.SDD.NAD:DSD_NAMAIN10@DF_TABLE1_EXPENDITURE(2.0),Annual GDP and components - expenditure approach,I,A,Annual,NLD,Netherlands,S1M,Households and non-profit institutions serving households (NPISH),S1,Total economy,P3,Final consumption expenditure,_Z,Not applicable,_Z,Not applicable,_T,Total,USD_EXC,"US dollars, exchange rate converted",V,Current prices,N,Non transformed data,T0102,Table 0102 - GDP identity from the expenditure side,2000,,208077.9,,,,F,Free (free for publication),1,One,A,Normal value,6,Millions,_Z,Not applicable
DATAFLOW,OECD.SDD.NAD:DSD_NAMAIN10@DF_TABLE1_EXPENDITURE(2.0),Annual GDP and components - expenditure approach,I,A,Annual,NLD,Netherlands,S1M,Households and non-profit institutions serving households (NPISH),S1,Total economy,P3,Final consumption expenditure,_Z,Not applicable,_Z,Not applicable,_T,Total,USD_EXC,"US dollars, exchange rate converted",V,Current prices,N,Non transformed data,T0102,Table 0102 - GDP identity from the expenditure side,1999,,225095.183,,,,F,Free (free for publication),1,One,A,Normal value,6,Millions,_Z,Not applicable
DATAFLOW,OECD.SDD.NAD:DSD_NAMAIN10@DF_TABLE1_EXPENDITURE(2.0),Annual GDP and components - expenditure approach,I,A,Annual,NLD,Netherlands,S1M,Households and non-profit institutions serving households (NPISH),S1,Total economy,P3,Final consumption expenditure,_Z,Not applicable,_Z,Not applicable,_T,Total,USD_EXC,"US dollars, exchange rate converted",V,Current prices,N,Non transformed data,T0102,Table 0102 - GDP identity from the expenditure side,1998,,217524.565,,,,F,Free (free for publication),1,One,A,Normal value,6,Millions,_Z,Not applicable
DATAFLOW,OECD.SDD.NAD:DSD_NAMAIN10@DF_TABLE1_EXPENDITURE(2.0),Annual GDP and components - expenditure approach,I,A,Annual,NLD,Netherlands,S1M,Households and non-profit institutions serving households (NPISH),S1,Total economy,P3,Final consumption expenditure,_Z,Not applicable,_Z,Not applicable,_T,Total,USD_EXC,"US dollars, exchange rate converted",V,Current prices,N,Non transformed data,T0102,Table 0102 - GDP identity from the expenditure side,1997,,205925.21,,,,F,Free (free for publication),1,One,A,Normal value,6,Millions,_Z,Not applicable
DATAFLOW,OECD.SDD.NAD:DSD_NAMAIN10@DF_TABLE1_EXPENDITURE(2.0),Annual GDP and components - expenditure approach,I,A,Annual,NLD,Netherlands,S1M,Households and non-profit institutions serving households (NPISH),S1,Total economy,P3,Final consumption expenditure,_Z,Not applicable,_Z,Not applicable,_T,Total,USD_EXC,"US dollars, exchange rate converted",V,Current prices,N,Non transformed data,T0102,Table 0102 - GDP identity from the expenditure side,1996,,223732.092,,,,F,Free (free for publication),1,One,A,Normal value,6,Millions,_Z,Not applicable
DATAFLOW,OECD.SDD.NAD:DSD_NAMAIN10@DF_TABLE1_EXPENDITURE(2.0),Annual GDP and components - expenditure approach,I,A,Annual,NLD,Netherlands,S1M,Households and non-profit institutions serving households (NPISH),S1,Total economy,P3,Final consumption expenditure,_Z,Not applicable,_Z,Not applicable,_T,Total,USD_EXC,"US dollars, exchange rate converted",V,Current prices,N,Non transformed data,T0102,Table 0102 - GDP identity from the expenditure side,1995,,221108.658,,,,F,Free (free for publication),1,One,A,Normal value,6,Millions,_Z,Not applicable
DATAFLOW,OECD.SDD.NAD:DSD_NAMAIN10@DF_TABLE1_EXPENDITURE(2.0),Annual GDP and components - expenditure approach,I,A,Annual,NLD,Netherlands,S1M,Households and non-profit institutions serving households (NPISH),S1,Total economy,P3,Final consumption expenditure,_Z,Not applicable,_Z,Not applicable,_T,Total,USD_EXC,"US dollars, exchange rate converted",V,Current prices,N,Non transformed data,T0102,Table 0102 - GDP identity from the expenditure side,2020,,398287.21,,,,F,Free (free for publication),1,One,A,Normal value,6,Millions,_Z,Not applicable
DATAFLOW,OECD.SDD.NAD:DSD_NAMAIN10@DF_TABLE1_EXPENDITURE(2.0),Annual GDP and components - expenditure approach,I,A,Annual,NLD,Netherlands,S1M,Households and non-profit institutions serving households (NPISH),S1,Total economy,P3,Final consumption expenditure,_Z,Not applicable,_Z,Not applicable,_T,Total,USD_EXC,"US dollars, exchange rate converted",V,Current prices,N,Non transformed data,T0102,Table 0102 - GDP identity from the expenditure side,2019,,407797.697,,,,F,Free (free for publication),1,One,A,Normal value,6,Millions,_Z,Not applicable
DATAFLOW,OECD.SDD.NAD:DSD_NAMAIN10@DF_TABLE1_EXPENDITURE(2.0),Annual GDP and components - expenditure approach,I,A,Annual,NLD,Netherlands,S1M,Households and non-profit institutions serving households (NPISH),S1,Total economy,P3,Final consumption expenditure,_Z,Not applicable,_Z,Not applicable,_T,Total,USD_EXC,"US dollars, exchange rate converted",V,Current prices,N,Non transformed data,T0102,Table 0102 - GDP identity from the expenditure side,2018,,416050.274,,,,F,Free (free for publication),1,One,A,Normal value,6,Millions,_Z,Not applicable
DATAFLOW,OECD.SDD.NAD:DSD_NAMAIN10@DF_TABLE1_EXPENDITURE(2.0),Annual GDP and components - expenditure approach,I,A,Annual,NLD,Netherlands,S1M,Households and non-profit institutions serving households (NPISH),S1,Total economy,P3,Final consumption expenditure,_Z,Not applicable,_Z,Not applicable,_T,Total,USD_EXC,"US dollars, exchange rate converted",V,Current prices,N,Non transformed data,T0102,Table 0102 - GDP identity from the expenditure side,2017,,380886.695,,,,F,Free (free for publication),1,One,A,Normal value,6,Millions,_Z,Not applicable
DATAFLOW,OECD.SDD.NAD:DSD_NAMAIN10@DF_TABLE1_EXPENDITURE(2.0),Annual GDP and components - expenditure approach,I,A,Annual,NLD,Netherlands,S1M,Households and non-profit institutions serving households (NPISH),S1,Total economy,P3,Final consumption expenditure,_Z,Not applicable,_Z,Not applicable,_T,Total,USD_EXC,"US dollars, exchange rate converted",V,Current prices,N,Non transformed data,T0102,Table 0102 - GDP identity from the expenditure side,2012,,386287.132,,,,F,Free (free for publication),1,One,A,Normal value,6,Millions,_Z,Not applicable
DATAFLOW,OECD.SDD.NAD:DSD_NAMAIN10@DF_TABLE1_EXPENDITURE(2.0),Annual GDP and components - expenditure approach,I,A,Annual,NLD,Netherlands,S1M,Households and non-profit institutions serving households (NPISH),S1,Total economy,P3,Final consumption expenditure,_Z,Not applicable,_Z,Not applicable,_T,Total,USD_EXC,"US dollars, exchange rate converted",V,Current prices,N,Non transformed data,T0102,Table 0102 - GDP identity from the expenditure side,2011,,417851.047,,,,F,Free (free for publication),1,One,A,Normal value,6,Millions,_Z,Not applicable
DATAFLOW,OECD.SDD.NAD:DSD_NAMAIN10@DF_TABLE1_EXPENDITURE(2.0),Annual GDP and components - expenditure approach,I,A,Annual,NLD,Netherlands,S1M,Households and non-profit institutions serving households (NPISH),S1,Total economy,P3,Final consumption expenditure,_Z,Not applicable,_Z,Not applicable,_T,Total,USD_EXC,"US dollars, exchange rate converted",V,Current prices,N,Non transformed data,T0102,Table 0102 - GDP identity from the expenditure side,2010,,385593.973,,,,F,Free (free for publication),1,One,A,Normal value,6,Millions,_Z,Not applicable
DATAFLOW,OECD.SDD.NAD:DSD_NAMAIN10@DF_TABLE1_EXPENDITURE(2.0),Annual GDP and components - expenditure approach,I,A,Annual,NLD,Netherlands,S1M,Households and non-profit institutions serving households (NPISH),S1,Total economy,P3,Final consumption expenditure,_Z,Not applicable,_Z,Not applicable,_T,Total,USD_EXC,"US dollars, exchange rate converted",V,Current prices,N,Non transformed data,T0102,Table 0102 - GDP identity from the expenditure side,2009,,398805.954,,,,F,Free (free for publication),1,One,A,Normal value,6,Millions,_Z,Not applicable
DATAFLOW,OECD.SDD.NAD:DSD_NAMAIN10@DF_TABLE1_EXPENDITURE(2.0),Annual GDP and components - expenditure approach,I,A,Annual,NLD,Netherlands,S1M,Households and non-profit institutions serving households (NPISH),S1,Total economy,P3,Final consumption expenditure,_Z,Not applicable,_Z,Not applicable,_T,Total,USD_EXC,"US dollars, exchange rate converted",V,Current prices,N,Non transformed data,T0102,Table 0102 - GDP identity from the expenditure side,2008,,433731.671,,,,F,Free (free for publication),1,One,A,Normal value,6,Millions,_Z,Not applicable
DATAFLOW,OECD.SDD.NAD:DSD_NAMAIN10@DF_TABLE1_EXPENDITURE(2.0),Annual GDP and components - expenditure approach,I,A,Annual,NLD,Netherlands,S1M,Households and non-profit institutions serving households (NPISH),S1,Total economy,P3,Final consumption expenditure,_Z,Not applicable,_Z,Not applicable,_T,Total,USD_EXC,"US dollars, exchange rate converted",V,Current prices,N,Non transformed data,T0102,Table 0102 - GDP identity from the expenditure side,2007,,391782.669,,,,F,Free (free for publication),1,One,A,Normal value,6,Millions,_Z,Not applicable
DATAFLOW,OECD.SDD.NAD:DSD_NAMAIN10@DF_TABLE1_EXPENDITURE(2.0),Annual GDP and components - expenditure approach,I,A,Annual,NLD,Netherlands,S1M,Households and non-profit institutions serving households (NPISH),S1,Total economy,P3,Final consumption expenditure,_Z,Not applicable,_Z,Not applicable,_T,Total,USD_EXC,"US dollars, exchange rate converted",V,Current prices,N,Non transformed data,T0102,Table 0102 - GDP identity from the expenditure side,2006,,344928.064,,,,F,Free (free for publication),1,One,A,Normal value,6,Millions,_Z,Not applicable
DATAFLOW,OECD.SDD.NAD:DSD_NAMAIN10@DF_TABLE1_EXPENDITURE(2.0),Annual GDP and components - expenditure approach,I,A,Annual,NLD,Netherlands,S1M,Households and non-profit institutions serving households (NPISH),S1,Total economy,P3,Final consumption expenditure,_Z,Not applicable,_Z,Not applicable,_T,Total,USD_EXC,"US dollars, exchange rate converted",V,Current prices,N,Non transformed data,T0102,Table 0102 - GDP identity from the expenditure side,2005,,332938.462,,,,F,Free (free for publication),1,One,A,Normal value,6,Millions,_Z,Not applicable
DATAFLOW,OECD.SDD.NAD:DSD_NAMAIN10@DF_TABLE1_EXPENDITURE(2.0),Annual GDP and components - expenditure approach,I,A,Annual,NLD,Netherlands,S1M,Households and non-profit institutions serving households (NPISH),S1,Total economy,P3,Final consumption expenditure,_Z,Not applicable,_Z,Not applicable,_T,Total,USD_EXC,"US dollars, exchange rate converted",V,Current prices,N,Non transformed data,T0102,Table 0102 - GDP identity from the expenditure side,2004,,324108.7,,,,F,Free (free for publication),1,One,A,Normal value,6,Millions,_Z,Not applicable
DATAFLOW,OECD.SDD.NAD:DSD_NAMAIN10@DF_TABLE1_EXPENDITURE(2.0),Annual GDP and components - expenditure approach,I,A,Annual,NLD,Netherlands,S1M,Households and non-profit institutions serving households (NPISH),S1,Total economy,P3,Final consumption expenditure,_Z,Not applicable,_Z,Not applicable,_T,Total,USD_EXC,"US dollars, exchange rate converted",V,Current prices,N,Non transformed data,T0102,Table 0102 - GDP identity from the expenditure side,2003,,288669.87,,,,F,Free (free for publication),1,One,A,Normal value,6,Millions,_Z,Not applicable
DATAFLOW,OECD.SDD.NAD:DSD_NAMAIN10@DF_TABLE1_EXPENDITURE(2.0),Annual GDP and components - expenditure approach,I,A,Annual,NLD,Netherlands,S1M,Households and non-profit institutions serving households (NPISH),S1,Total economy,P3,Final consumption expenditure,_Z,Not applicable,_Z,Not applicable,_T,Total,USD_EXC,"US dollars, exchange rate converted",V,Current prices,N,Non transformed data,T0102,Table 0102 - GDP identity from the expenditure side,2016,,357637.075,,,,F,Free (free for publication),1,One,A,Normal value,6,Millions,_Z,Not applicable
DATAFLOW,OECD.SDD.NAD:DSD_NAMAIN10@DF_TABLE1_EXPENDITURE(2.0),Annual GDP and components - expenditure approach,I,A,Annual,NLD,Netherlands,S1M,Households and non-profit institutions serving households (NPISH),S1,Total economy,P3,Final consumption expenditure,_Z,Not applicable,_Z,Not applicable,_T,Total,USD_EXC,"US dollars, exchange rate converted",V,Current prices,N,Non transformed data,T0102,Table 0102 - GDP identity from the expenditure side,2015,,351510.326,,,,F,Free (free for publication),1,One,A,Normal value,6,Millions,_Z,Not applicable
DATAFLOW,OECD.SDD.NAD:DSD_NAMAIN10@DF_TABLE1_EXPENDITURE(2.0),Annual GDP and components - expenditure approach,I,A,Annual,NLD,Netherlands,S1M,Households and non-profit institutions serving households (NPISH),S1,Total economy,P3,Final consumption expenditure,_Z,Not applicable,_Z,Not applicable,_T,Total,USD_EXC,"US dollars, exchange rate converted",V,Current prices,N,Non transformed data,T0102,Table 0102 - GDP identity from the expenditure side,2014,,411383.553,,,,F,Free (free for publication),1,One,A,Normal value,6,Millions,_Z,Not applicable
DATAFLOW,OECD.SDD.NAD:DSD_NAMAIN10@DF_TABLE1_EXPENDITURE(2.0),Annual GDP and components - expenditure approach,I,A,Annual,NLD,Netherlands,S1M,Households and non-profit institutions serving households (NPISH),S1,Total economy,P3,Final consumption expenditure,_Z,Not applicable,_Z,Not applicable,_T,Total,USD_EXC,"US dollars, exchange rate converted",V,Current prices,N,Non transformed data,T0102,Table 0102 - GDP identity from the expenditure side,2013,,404860.847,,,,F,Free (free for publication),1,One,A,Normal value,6,Millions,_Z,Not applicable
DATAFLOW,OECD.SDD.NAD:DSD_NAMAIN10@DF_TABLE1_EXPENDITURE(2.0),Annual GDP and components - expenditure approach,I,A,Annual,NLD,Netherlands,S1M,Households and non-profit institutions serving households (NPISH),S1,Total economy,P3,Final consumption expenditure,_Z,Not applicable,_Z,Not applicable,_T,Total,USD_EXC,"US dollars, exchange rate converted",V,Current prices,N,Non transformed data,T0102,Table 0102 - GDP identity from the expenditure side,2002,,235650.21,,,,F,Free (free for publication),1,One,A,Normal value,6,Millions,_Z,Not applicable
DATAFLOW,OECD.SDD.NAD:DSD_NAMAIN10@DF_TABLE1_EXPENDITURE(2.0),Annual GDP and components - expenditure approach,I,A,Annual,JPN,Japan,S1M,Households and non-profit institutions serving households (NPISH),S1,Total economy,P3,Final consumption expenditure,_Z,Not applicable,_Z,Not applicable,_T,Total,USD_EXC,"US dollars, exchange rate converted",V,Current prices,N,Non transformed data,T0102,Table 0102 - GDP identity from the expenditure side,2018,,2761125.896,,,,F,Free (free for publication),1,One,A,Normal value,6,Millions,_Z,Not applicable
DATAFLOW,OECD.SDD.NAD:DSD_NAMAIN10@DF_TABLE1_EXPENDITURE(2.0),Annual GDP and components - expenditure approach,I,A,Annual,JPN,Japan,S1M,Households and non-profit institutions serving households (NPISH),S1,Total economy,P3,Final consumption expenditure,_Z,Not applicable,_Z,Not applicable,_T,Total,USD_EXC,"US dollars, exchange rate converted",V,Current prices,N,Non transformed data,T0102,Table 0102 - GDP identity from the expenditure side,2017,,2692912.47,,,,F,Free (free for publication),1,One,A,Normal value,6,Millions,_Z,Not applicable
DATAFLOW,OECD.SDD.NAD:DSD_NAMAIN10@DF_TABLE1_EXPENDITURE(2.0),Annual GDP and components - expenditure approach,I,A,Annual,USA,United States,S1M,Households and non-profit institutions serving households (NPISH),S1,Total economy,P3,Final consumption expenditure,_Z,Not applicable,_Z,Not applicable,_T,Total,USD_EXC,"US dollars, exchange rate converted",V,Current prices,N,Non transformed data,T0102,Table 0102 - GDP identity from the expenditure side,2001,,7073801,,,,F,Free (free for publication),1,One,A,Normal value,6,Millions,_Z,Not applicable
DATAFLOW,OECD.SDD.NAD:DSD_NAMAIN10@DF_TABLE1_EXPENDITURE(2.0),Annual GDP and components - expenditure approach,I,A,Annual,USA,United States,S1M,Households and non-profit institutions serving households (NPISH),S1,Total economy,P3,Final consumption expenditure,_Z,Not applicable,_Z,Not applicable,_T,Total,USD_EXC,"US dollars, exchange rate converted",V,Current prices,N,Non transformed data,T0102,Table 0102 - GDP identity from the expenditure side,2000,,6767179,,,,F,Free (free for publication),1,One,A,Normal value,6,Millions,_Z,Not applicable
DATAFLOW,OECD.SDD.NAD:DSD_NAMAIN10@DF_TABLE1_EXPENDITURE(2.0),Annual GDP and components - expenditure approach,I,A,Annual,USA,United States,S1M,Households and non-profit institutions serving households (NPISH),S1,Total economy,P3,Final consumption expenditure,_Z,Not applicable,_Z,Not applicable,_T,Total,USD_EXC,"US dollars, exchange rate converted",V,Current prices,N,Non transformed data,T0102,Table 0102 - GDP identity from the expenditure side,1999,,6283758,,,,F,Free (free for publication),1,One,A,Normal value,6,Millions,_Z,Not applicable
DATAFLOW,OECD.SDD.NAD:DSD_NAMAIN10@DF_TABLE1_EXPENDITURE(2.0),Annual GDP and components - expenditure approach,I,A,Annual,USA,United States,S1M,Households and non-profit institutions serving households (NPISH),S1,Total economy,P3,Final consumption expenditure,_Z,Not applicable,_Z,Not applicable,_T,Total,USD_EXC,"US dollars, exchange rate converted",V,Current prices,N,Non transformed data,T0102,Table 0102 - GDP identity from the expenditure side,1998,,5877248,,,,F,Free (free for publication),1,One,A,Normal value,6,Millions,_Z,Not applicable
DATAFLOW,OECD.SDD.NAD:DSD_NAMAIN10@DF_TABLE1_EXPENDITURE(2.0),Annual GDP and components - expenditure approach,I,A,Annual,USA,United States,S1M,Households and non-profit institutions serving households (NPISH),S1,Total economy,P3,Final consumption expenditure,_Z,Not applicable,_Z,Not applicable,_T,Total,USD_EXC,"US dollars, exchange rate converted",V,Current prices,N,Non transformed data,T0102,Table 0102 - GDP identity from the expenditure side,1997,,5536790,,,,F,Free (free for publication),1,One,A,Normal value,6,Millions,_Z,Not applicable
DATAFLOW,OECD.SDD.NAD:DSD_NAMAIN10@DF_TABLE1_EXPENDITURE(2.0),Annual GDP and components - expenditure approach,I,A,Annual,USA,United States,S1M,Households and non-profit institutions serving households (NPISH),S1,Total economy,P3,Final consumption expenditure,_Z,Not applicable,_Z,Not applicable,_T,Total,USD_EXC,"US dollars, exchange rate converted",V,Current prices,N,Non transformed data,T0102,Table 0102 - GDP identity from the expenditure side,1996,,5244596,,,,F,Free (free for publication),1,One,A,Normal value,6,Millions,_Z,Not applicable
DATAFLOW,OECD.SDD.NAD:DSD_NAMAIN10@DF_TABLE1_EXPENDITURE(2.0),Annual GDP and components - expenditure approach,I,A,Annual,USA,United States,S1M,Households and non-profit institutions serving households (NPISH),S1,Total economy,P3,Final consumption expenditure,_Z,Not applicable,_Z,Not applicable,_T,Total,USD_EXC,"US dollars, exchange rate converted",V,Current prices,N,Non transformed data,T0102,Table 0102 - GDP identity from the expenditure side,1995,,4962590,,,,F,Free (free for publication),1,One,A,Normal value,6,Millions,_Z,Not applicable
DATAFLOW,OECD.SDD.NAD:DSD_NAMAIN10@DF_TABLE1_EXPENDITURE(2.0),Annual GDP and components - expenditure approach,I,A,Annual,USA,United States,S1M,Households and non-profit institutions serving households (NPISH),S1,Total economy,P3,Final consumption expenditure,_Z,Not applicable,_Z,Not applicable,_T,Total,USD_EXC,"US dollars, exchange rate converted",V,Current prices,N,Non transformed data,T0102,Table 0102 - GDP identity from the expenditure side,2016,,12726849,,,,F,Free (free for publication),1,One,A,Normal value,6,Millions,_Z,Not applicable
DATAFLOW,OECD.SDD.NAD:DSD_NAMAIN10@DF_TABLE1_EXPENDITURE(2.0),Annual GDP and components - expenditure approach,I,A,Annual,USA,United States,S1M,Households and non-profit institutions serving households (NPISH),S1,Total economy,P3,Final consumption expenditure,_Z,Not applicable,_Z,Not applicable,_T,Total,USD_EXC,"US dollars, exchange rate converted",V,Current prices,N,Non transformed data,T0102,Table 0102 - GDP identity from the expenditure side,2015,,12297438,,,,F,Free (free for publication),1,One,A,Normal value,6,Millions,_Z,Not applicable
DATAFLOW,OECD.SDD.NAD:DSD_NAMAIN10@DF_TABLE1_EXPENDITURE(2.0),Annual GDP and components - expenditure approach,I,A,Annual,USA,United States,S1M,Households and non-profit institutions serving households (NPISH),S1,Total economy,P3,Final consumption expenditure,_Z,Not applicable,_Z,Not applicable,_T,Total,USD_EXC,"US dollars, exchange rate converted",V,Current prices,N,Non transformed data,T0102,Table 0102 - GDP identity from the expenditure side,2014,,11874450,,,,F,Free (free for publication),1,One,A,Normal value,6,Millions,_Z,Not applicable
DATAFLOW,OECD.SDD.NAD:DSD_NAMAIN10@DF_TABLE1_EXPENDITURE(2.0),Annual GDP and components - expenditure approach,I,A,Annual,USA,United States,S1M,Households and non-profit institutions serving households (NPISH),S1,Total economy,P3,Final consumption expenditure,_Z,Not applicable,_Z,Not applicable,_T,Total,USD_EXC,"US dollars, exchange rate converted",V,Current prices,N,Non transformed data,T0102,Table 0102 - GDP identity from the expenditure side,2013,,11388233,,,,F,Free (free for publication),1,One,A,Normal value,6,Millions,_Z,Not applicable
DATAFLOW,OECD.SDD.NAD:DSD_NAMAIN10@DF_TABLE1_EXPENDITURE(2.0),Annual GDP and components - expenditure approach,I,A,Annual,USA,United States,S1M,Households and non-profit institutions serving households (NPISH),S1,Total economy,P3,Final consumption expenditure,_Z,Not applicable,_Z,Not applicable,_T,Total,USD_EXC,"US dollars, exchange rate converted",V,Current prices,N,Non transformed data,T0102,Table 0102 - GDP identity from the expenditure side,2012,,11047363,,,,F,Free (free for publication),1,One,A,Normal value,6,Millions,_Z,Not applicable
DATAFLOW,OECD.SDD.NAD:DSD_NAMAIN10@DF_TABLE1_EXPENDITURE(2.0),Annual GDP and components - expenditure approach,I,A,Annual,USA,United States,S1M,Households and non-profit institutions serving households (NPISH),S1,Total economy,P3,Final consumption expenditure,_Z,Not applicable,_Z,Not applicable,_T,Total,USD_EXC,"US dollars, exchange rate converted",V,Current prices,N,Non transformed data,T0102,Table 0102 - GDP identity from the expenditure side,2011,,10698857,,,,F,Free (free for publication),1,One,A,Normal value,6,Millions,_Z,Not applicable
DATAFLOW,OECD.SDD.NAD:DSD_NAMAIN10@DF_TABLE1_EXPENDITURE(2.0),Annual GDP and components - expenditure approach,I,A,Annual,USA,United States,S1M,Households and non-profit institutions serving households (NPISH),S1,Total economy,P3,Final consumption expenditure,_Z,Not applicable,_Z,Not applicable,_T,Total,USD_EXC,"US dollars, exchange rate converted",V,Current prices,N,Non transformed data,T0102,Table 0102 - GDP identity from the expenditure side,2010,,10260256,,,,F,Free (free for publication),1,One,A,Normal value,6,Millions,_Z,Not applicable
DATAFLOW,OECD.SDD.NAD:DSD_NAMAIN10@DF_TABLE1_EXPENDITURE(2.0),Annual GDP and components - expenditure approach,I,A,Annual,USA,United States,S1M,Households and non-profit institutions serving households (NPISH),S1,Total economy,P3,Final consumption expenditure,_Z,Not applicable,_Z,Not applicable,_T,Total,USD_EXC,"US dollars, exchange rate converted",V,Current prices,N,Non transformed data,T0102,Table 0102 - GDP identity from the expenditure side,2009,,9891218,,,,F,Free (free for publication),1,One,A,Normal value,6,Millions,_Z,Not applicable
DATAFLOW,OECD.SDD.NAD:DSD_NAMAIN10@DF_TABLE1_EXPENDITURE(2.0),Annual GDP and components - expenditure approach,I,A,Annual,USA,United States,S1M,Households and non-profit institutions serving households (NPISH),S1,Total economy,P3,Final consumption expenditure,_Z,Not applicable,_Z,Not applicable,_T,Total,USD_EXC,"US dollars, exchange rate converted",V,Current prices,N,Non transformed data,T0102,Table 0102 - GDP identity from the expenditure side,2008,,10050083,,,,F,Free (free for publication),1,One,A,Normal value,6,Millions,_Z,Not applicable
DATAFLOW,OECD.SDD.NAD:DSD_NAMAIN10@DF_TABLE1_EXPENDITURE(2.0),Annual GDP and components - expenditure approach,I,A,Annual,USA,United States,S1M,Households and non-profit institutions serving households (NPISH),S1,Total economy,P3,Final consumption expenditure,_Z,Not applicable,_Z,Not applicable,_T,Total,USD_EXC,"US dollars, exchange rate converted",V,Current prices,N,Non transformed data,T0102,Table 0102 - GDP identity from the expenditure side,2007,,9746594,,,,F,Free (free for publication),1,One,A,Normal value,6,Millions,_Z,Not applicable
DATAFLOW,OECD.SDD.NAD:DSD_NAMAIN10@DF_TABLE1_EXPENDITURE(2.0),Annual GDP and components - expenditure approach,I,A,Annual,USA,United States,S1M,Households and non-profit institutions serving households (NPISH),S1,Total economy,P3,Final consumption expenditure,_Z,Not applicable,_Z,Not applicable,_T,Total,USD_EXC,"US dollars, exchange rate converted",V,Current prices,N,Non transformed data,T0102,Table 0102 - GDP identity from the expenditure side,2020,,14225657,,,,F,Free (free for publication),1,One,A,Normal value,6,Millions,_Z,Not applicable
DATAFLOW,OECD.SDD.NAD:DSD_NAMAIN10@DF_TABLE1_EXPENDITURE(2.0),Annual GDP and components - expenditure approach,I,A,Annual,USA,United States,S1M,Households and non-profit institutions serving households (NPISH),S1,Total economy,P3,Final consumption expenditure,_Z,Not applicable,_Z,Not applicable,_T,Total,USD_EXC,"US dollars, exchange rate converted",V,Current prices,N,Non transformed data,T0102,Table 0102 - GDP identity from the expenditure side,2019,,14437543,,,,F,Free (free for publication),1,One,A,Normal value,6,Millions,_Z,Not applicable
DATAFLOW,OECD.SDD.NAD:DSD_NAMAIN10@DF_TABLE1_EXPENDITURE(2.0),Annual GDP and components - expenditure approach,I,A,Annual,USA,United States,S1M,Households and non-profit institutions serving households (NPISH),S1,Total economy,P3,Final consumption expenditure,_Z,Not applicable,_Z,Not applicable,_T,Total,USD_EXC,"US dollars, exchange rate converted",V,Current prices,N,Non transformed data,T0102,Table 0102 - GDP identity from the expenditure side,2018,,13934442,,,,F,Free (free for publication),1,One,A,Normal value,6,Millions,_Z,Not applicable
DATAFLOW,OECD.SDD.NAD:DSD_NAMAIN10@DF_TABLE1_EXPENDITURE(2.0),Annual GDP and components - expenditure approach,I,A,Annual,USA,United States,S1M,Households and non-profit institutions serving households (NPISH),S1,Total economy,P3,Final consumption expenditure,_Z,Not applicable,_Z,Not applicable,_T,Total,USD_EXC,"US dollars, exchange rate converted",V,Current prices,N,Non transformed data,T0102,Table 0102 - GDP identity from the expenditure side,2017,,13290626,,,,F,Free (free for publication),1,One,A,Normal value,6,Millions,_Z,Not applicable
DATAFLOW,OECD.SDD.NAD:DSD_NAMAIN10@DF_TABLE1_EXPENDITURE(2.0),Annual GDP and components - expenditure approach,I,A,Annual,USA,United States,S1M,Households and non-profit institutions serving households (NPISH),S1,Total economy,P3,Final consumption expenditure,_Z,Not applicable,_Z,Not applicable,_T,Total,USD_EXC,"US dollars, exchange rate converted",V,Current prices,N,Non transformed data,T0102,Table 0102 - GDP identity from the expenditure side,2006,,9277236,,,,F,Free (free for publication),1,One,A,Normal value,6,Millions,_Z,Not applicable
DATAFLOW,OECD.SDD.NAD:DSD_NAMAIN10@DF_TABLE1_EXPENDITURE(2.0),Annual GDP and components - expenditure approach,I,A,Annual,SVK,Slovak Republic,S1M,Households and non-profit institutions serving households (NPISH),S1,Total economy,P3,Final consumption expenditure,_Z,Not applicable,_Z,Not applicable,_T,Total,USD_EXC,"US dollars, exchange rate converted",V,Current prices,N,Non transformed data,T0102,Table 0102 - GDP identity from the expenditure side,2002,,13626.523,,,,F,Free (free for publication),1,One,A,Normal value,6,Millions,_Z,Not applicable
DATAFLOW,OECD.SDD.NAD:DSD_NAMAIN10@DF_TABLE1_EXPENDITURE(2.0),Annual GDP and components - expenditure approach,I,A,Annual,SVK,Slovak Republic,S1M,Households and non-profit institutions serving households (NPISH),S1,Total economy,P3,Final consumption expenditure,_Z,Not applicable,_Z,Not applicable,_T,Total,USD_EXC,"US dollars, exchange rate converted",V,Current prices,N,Non transformed data,T0102,Table 0102 - GDP identity from the expenditure side,2001,,11732.152,,,,F,Free (free for publication),1,One,A,Normal value,6,Millions,_Z,Not applicable
DATAFLOW,OECD.SDD.NAD:DSD_NAMAIN10@DF_TABLE1_EXPENDITURE(2.0),Annual GDP and components - expenditure approach,I,A,Annual,SVK,Slovak Republic,S1M,Households and non-profit institutions serving households (NPISH),S1,Total economy,P3,Final consumption expenditure,_Z,Not applicable,_Z,Not applicable,_T,Total,USD_EXC,"US dollars, exchange rate converted",V,Current prices,N,Non transformed data,T0102,Table 0102 - GDP identity from the expenditure side,2007,,40925.105,,,,F,Free (free for publication),1,One,A,Normal value,6,Millions,_Z,Not applicable
DATAFLOW,OECD.SDD.NAD:DSD_NAMAIN10@DF_TABLE1_EXPENDITURE(2.0),Annual GDP and components - expenditure approach,I,A,Annual,SVK,Slovak Republic,S1M,Households and non-profit institutions serving households (NPISH),S1,Total economy,P3,Final consumption expenditure,_Z,Not applicable,_Z,Not applicable,_T,Total,USD_EXC,"US dollars, exchange rate converted",V,Current prices,N,Non transformed data,T0102,Table 0102 - GDP identity from the expenditure side,2006,,30740.796,,,,F,Free (free for publication),1,One,A,Normal value,6,Millions,_Z,Not applicable
DATAFLOW,OECD.SDD.NAD:DSD_NAMAIN10@DF_TABLE1_EXPENDITURE(2.0),Annual GDP and components - expenditure approach,I,A,Annual,SVK,Slovak Republic,S1M,Households and non-profit institutions serving households (NPISH),S1,Total economy,P3,Final consumption expenditure,_Z,Not applicable,_Z,Not applicable,_T,Total,USD_EXC,"US dollars, exchange rate converted",V,Current prices,N,Non transformed data,T0102,Table 0102 - GDP identity from the expenditure side,2000,,11092.259,,,,F,Free (free for publication),1,One,A,Normal value,6,Millions,_Z,Not applicable
DATAFLOW,OECD.SDD.NAD:DSD_NAMAIN10@DF_TABLE1_EXPENDITURE(2.0),Annual GDP and components - expenditure approach,I,A,Annual,SVK,Slovak Republic,S1M,Households and non-profit institutions serving households (NPISH),S1,Total economy,P3,Final consumption expenditure,_Z,Not applicable,_Z,Not applicable,_T,Total,USD_EXC,"US dollars, exchange rate converted",V,Current prices,N,Non transformed data,T0102,Table 0102 - GDP identity from the expenditure side,1999,,11119.668,,,,F,Free (free for publication),1,One,A,Normal value,6,Millions,_Z,Not applicable
DATAFLOW,OECD.SDD.NAD:DSD_NAMAIN10@DF_TABLE1_EXPENDITURE(2.0),Annual GDP and components - expenditure approach,I,A,Annual,SVK,Slovak Republic,S1M,Households and non-profit institutions serving households (NPISH),S1,Total economy,P3,Final consumption expenditure,_Z,Not applicable,_Z,Not applicable,_T,Total,USD_EXC,"US dollars, exchange rate converted",V,Current prices,N,Non transformed data,T0102,Table 0102 - GDP identity from the expenditure side,1998,,11960.141,,,,F,Free (free for publication),1,One,A,Normal value,6,Millions,_Z,Not applicable
DATAFLOW,OECD.SDD.NAD:DSD_NAMAIN10@DF_TABLE1_EXPENDITURE(2.0),Annual GDP and components - expenditure approach,I,A,Annual,SVK,Slovak Republic,S1M,Households and non-profit institutions serving households (NPISH),S1,Total economy,P3,Final consumption expenditure,_Z,Not applicable,_Z,Not applicable,_T,Total,USD_EXC,"US dollars, exchange rate converted",V,Current prices,N,Non transformed data,T0102,Table 0102 - GDP identity from the expenditure side,1997,,11277.329,,,,F,Free (free for publication),1,One,A,Normal value,6,Millions,_Z,Not applicable
DATAFLOW,OECD.SDD.NAD:DSD_NAMAIN10@DF_TABLE1_EXPENDITURE(2.0),Annual GDP and components - expenditure approach,I,A,Annual,SVK,Slovak Republic,S1M,Households and non-profit institutions serving households (NPISH),S1,Total economy,P3,Final consumption expenditure,_Z,Not applicable,_Z,Not applicable,_T,Total,USD_EXC,"US dollars, exchange rate converted",V,Current prices,N,Non transformed data,T0102,Table 0102 - GDP identity from the expenditure side,1996,,11432.379,,,,F,Free (free for publication),1,One,A,Normal value,6,Millions,_Z,Not applicable
DATAFLOW,OECD.SDD.NAD:DSD_NAMAIN10@DF_TABLE1_EXPENDITURE(2.0),Annual GDP and components - expenditure approach,I,A,Annual,SVK,Slovak Republic,S1M,Households and non-profit institutions serving households (NPISH),S1,Total economy,P3,Final consumption expenditure,_Z,Not applicable,_Z,Not applicable,_T,Total,USD_EXC,"US dollars, exchange rate converted",V,Current prices,N,Non transformed data,T0102,Table 0102 - GDP identity from the expenditure side,1995,,10485.235,,,,F,Free (free for publication),1,One,A,Normal value,6,Millions,_Z,Not applicable
DATAFLOW,OECD.SDD.NAD:DSD_NAMAIN10@DF_TABLE1_EXPENDITURE(2.0),Annual GDP and components - expenditure approach,I,A,Annual,SVK,Slovak Republic,S1M,Households and non-profit institutions serving households (NPISH),S1,Total economy,P3,Final consumption expenditure,_Z,Not applicable,_Z,Not applicable,_T,Total,USD_EXC,"US dollars, exchange rate converted",V,Current prices,N,Non transformed data,T0102,Table 0102 - GDP identity from the expenditure side,2016,,48956.638,,,,F,Free (free for publication),1,One,A,Normal value,6,Millions,_Z,Not applicable
DATAFLOW,OECD.SDD.NAD:DSD_NAMAIN10@DF_TABLE1_EXPENDITURE(2.0),Annual GDP and components - expenditure approach,I,A,Annual,SVK,Slovak Republic,S1M,Households and non-profit institutions serving households (NPISH),S1,Total economy,P3,Final consumption expenditure,_Z,Not applicable,_Z,Not applicable,_T,Total,USD_EXC,"US dollars, exchange rate converted",V,Current prices,N,Non transformed data,T0102,Table 0102 - GDP identity from the expenditure side,2015,,47494.208,,,,F,Free (free for publication),1,One,A,Normal value,6,Millions,_Z,Not applicable
DATAFLOW,OECD.SDD.NAD:DSD_NAMAIN10@DF_TABLE1_EXPENDITURE(2.0),Annual GDP and components - expenditure approach,I,A,Annual,SVK,Slovak Republic,S1M,Households and non-profit institutions serving households (NPISH),S1,Total economy,P3,Final consumption expenditure,_Z,Not applicable,_Z,Not applicable,_T,Total,USD_EXC,"US dollars, exchange rate converted",V,Current prices,N,Non transformed data,T0102,Table 0102 - GDP identity from the expenditure side,2014,,55176.057,,,,F,Free (free for publication),1,One,A,Normal value,6,Millions,_Z,Not applicable
DATAFLOW,OECD.SDD.NAD:DSD_NAMAIN10@DF_TABLE1_EXPENDITURE(2.0),Annual GDP and components - expenditure approach,I,A,Annual,SVK,Slovak Republic,S1M,Households and non-profit institutions serving households (NPISH),S1,Total economy,P3,Final consumption expenditure,_Z,Not applicable,_Z,Not applicable,_T,Total,USD_EXC,"US dollars, exchange rate converted",V,Current prices,N,Non transformed data,T0102,Table 0102 - GDP identity from the expenditure side,2013,,53874.07,,,,F,Free (free for publication),1,One,A,Normal value,6,Millions,_Z,Not applicable
DATAFLOW,OECD.SDD.NAD:DSD_NAMAIN10@DF_TABLE1_EXPENDITURE(2.0),Annual GDP and components - expenditure approach,I,A,Annual,SVK,Slovak Republic,S1M,Households and non-profit institutions serving households (NPISH),S1,Total economy,P3,Final consumption expenditure,_Z,Not applicable,_Z,Not applicable,_T,Total,USD_EXC,"US dollars, exchange rate converted",V,Current prices,N,Non transformed data,T0102,Table 0102 - GDP identity from the expenditure side,2012,,52284.697,,,,F,Free (free for publication),1,One,A,Normal value,6,Millions,_Z,Not applicable
DATAFLOW,OECD.SDD.NAD:DSD_NAMAIN10@DF_TABLE1_EXPENDITURE(2.0),Annual GDP and components - expenditure approach,I,A,Annual,SVK,Slovak Republic,S1M,Households and non-profit institutions serving households (NPISH),S1,Total economy,P3,Final consumption expenditure,_Z,Not applicable,_Z,Not applicable,_T,Total,USD_EXC,"US dollars, exchange rate converted",V,Current prices,N,Non transformed data,T0102,Table 0102 - GDP identity from the expenditure side,2011,,54474.29,,,,F,Free (free for publication),1,One,A,Normal value,6,Millions,_Z,Not applicable
DATAFLOW,OECD.SDD.NAD:DSD_NAMAIN10@DF_TABLE1_EXPENDITURE(2.0),Annual GDP and components - expenditure approach,I,A,Annual,SVK,Slovak Republic,S1M,Households and non-profit institutions serving households (NPISH),S1,Total economy,P3,Final consumption expenditure,_Z,Not applicable,_Z,Not applicable,_T,Total,USD_EXC,"US dollars, exchange rate converted",V,Current prices,N,Non transformed data,T0102,Table 0102 - GDP identity from the expenditure side,2010,,50857.661,,,,F,Free (free for publication),1,One,A,Normal value,6,Millions,_Z,Not applicable
DATAFLOW,OECD.SDD.NAD:DSD_NAMAIN10@DF_TABLE1_EXPENDITURE(2.0),Annual GDP and components - expenditure approach,I,A,Annual,SVK,Slovak Republic,S1M,Households and non-profit institutions serving households (NPISH),S1,Total economy,P3,Final consumption expenditure,_Z,Not applicable,_Z,Not applicable,_T,Total,USD_EXC,"US dollars, exchange rate converted",V,Current prices,N,Non transformed data,T0102,Table 0102 - GDP identity from the expenditure side,2009,,52322.338,,,,F,Free (free for publication),1,One,A,Normal value,6,Millions,_Z,Not applicable
DATAFLOW,OECD.SDD.NAD:DSD_NAMAIN10@DF_TABLE1_EXPENDITURE(2.0),Annual GDP and components - expenditure approach,I,A,Annual,SVK,Slovak Republic,S1M,Households and non-profit institutions serving households (NPISH),S1,Total economy,P3,Final consumption expenditure,_Z,Not applicable,_Z,Not applicable,_T,Total,USD_EXC,"US dollars, exchange rate converted",V,Current prices,N,Non transformed data,T0102,Table 0102 - GDP identity from the expenditure side,2008,,52874.339,,,,F,Free (free for publication),1,One,A,Normal value,6,Millions,_Z,Not applicable
DATAFLOW,OECD.SDD.NAD:DSD_NAMAIN10@DF_TABLE1_EXPENDITURE(2.0),Annual GDP and components - expenditure approach,I,A,Annual,SVK,Slovak Republic,S1M,Households and non-profit institutions serving households (NPISH),S1,Total economy,P3,Final consumption expenditure,_Z,Not applicable,_Z,Not applicable,_T,Total,USD_EXC,"US dollars, exchange rate converted",V,Current prices,N,Non transformed data,T0102,Table 0102 - GDP identity from the expenditure side,2005,,26359.792,,,,F,Free (free for publication),1,One,A,Normal value,6,Millions,_Z,Not applicable
DATAFLOW,OECD.SDD.NAD:DSD_NAMAIN10@DF_TABLE1_EXPENDITURE(2.0),Annual GDP and components - expenditure approach,I,A,Annual,ROU,Romania,S1M,Households and non-profit institutions serving households (NPISH),S1,Total economy,P3,Final consumption expenditure,_Z,Not applicable,_Z,Not applicable,_T,Total,USD_EXC,"US dollars, exchange rate converted",V,Current prices,N,Non transformed data,T0102,Table 0102 - GDP identity from the expenditure side,2019,,157033.053,,,,F,Free (free for publication),1,One,A,Normal value,6,Millions,_Z,Not applicable
DATAFLOW,OECD.SDD.NAD:DSD_NAMAIN10@DF_TABLE1_EXPENDITURE(2.0),Annual GDP and components - expenditure approach,I,A,Annual,ROU,Romania,S1M,Households and non-profit institutions serving households (NPISH),S1,Total economy,P3,Final consumption expenditure,_Z,Not applicable,_Z,Not applicable,_T,Total,USD_EXC,"US dollars, exchange rate converted",V,Current prices,N,Non transformed data,T0102,Table 0102 - GDP identity from the expenditure side,2004,,52627.347,,,,F,Free (free for publication),1,One,A,Normal value,6,Millions,_Z,Not applicable
DATAFLOW,OECD.SDD.NAD:DSD_NAMAIN10@DF_TABLE1_EXPENDITURE(2.0),Annual GDP and components - expenditure approach,I,A,Annual,ROU,Romania,S1M,Households and non-profit institutions serving households (NPISH),S1,Total economy,P3,Final consumption expenditure,_Z,Not applicable,_Z,Not applicable,_T,Total,USD_EXC,"US dollars, exchange rate converted",V,Current prices,N,Non transformed data,T0102,Table 0102 - GDP identity from the expenditure side,2017,,131979.346,,,,F,Free (free for publication),1,One,A,Normal value,6,Millions,_Z,Not applicable
DATAFLOW,OECD.SDD.NAD:DSD_NAMAIN10@DF_TABLE1_EXPENDITURE(2.0),Annual GDP and components - expenditure approach,I,A,Annual,ROU,Romania,S1M,Households and non-profit institutions serving households (NPISH),S1,Total economy,P3,Final consumption expenditure,_Z,Not applicable,_Z,Not applicable,_T,Total,USD_EXC,"US dollars, exchange rate converted",V,Current prices,N,Non transformed data,T0102,Table 0102 - GDP identity from the expenditure side,2016,,115040.037,,,,F,Free (free for publication),1,One,A,Normal value,6,Millions,_Z,Not applicable
DATAFLOW,OECD.SDD.NAD:DSD_NAMAIN10@DF_TABLE1_EXPENDITURE(2.0),Annual GDP and components - expenditure approach,I,A,Annual,ROU,Romania,S1M,Households and non-profit institutions serving households (NPISH),S1,Total economy,P3,Final consumption expenditure,_Z,Not applicable,_Z,Not applicable,_T,Total,USD_EXC,"US dollars, exchange rate converted",V,Current prices,N,Non transformed data,T0102,Table 0102 - GDP identity from the expenditure side,2015,,109194.408,,,,F,Free (free for publication),1,One,A,Normal value,6,Millions,_Z,Not applicable
DATAFLOW,OECD.SDD.NAD:DSD_NAMAIN10@DF_TABLE1_EXPENDITURE(2.0),Annual GDP and components - expenditure approach,I,A,Annual,ROU,Romania,S1M,Households and non-profit institutions serving households (NPISH),S1,Total economy,P3,Final consumption expenditure,_Z,Not applicable,_Z,Not applicable,_T,Total,USD_EXC,"US dollars, exchange rate converted",V,Current prices,N,Non transformed data,T0102,Table 0102 - GDP identity from the expenditure side,2014,,121865.892,,,,F,Free (free for publication),1,One,A,Normal value,6,Millions,_Z,Not applicable
DATAFLOW,OECD.SDD.NAD:DSD_NAMAIN10@DF_TABLE1_EXPENDITURE(2.0),Annual GDP and components - expenditure approach,I,A,Annual,ROU,Romania,S1M,Households and non-profit institutions serving households (NPISH),S1,Total economy,P3,Final consumption expenditure,_Z,Not applicable,_Z,Not applicable,_T,Total,USD_EXC,"US dollars, exchange rate converted",V,Current prices,N,Non transformed data,T0102,Table 0102 - GDP identity from the expenditure side,2013,,116484.197,,,,F,Free (free for publication),1,One,A,Normal value,6,Millions,_Z,Not applicable
DATAFLOW,OECD.SDD.NAD:DSD_NAMAIN10@DF_TABLE1_EXPENDITURE(2.0),Annual GDP and components - expenditure approach,I,A,Annual,ROU,Romania,S1M,Households and non-profit institutions serving households (NPISH),S1,Total economy,P3,Final consumption expenditure,_Z,Not applicable,_Z,Not applicable,_T,Total,USD_EXC,"US dollars, exchange rate converted",V,Current prices,N,Non transformed data,T0102,Table 0102 - GDP identity from the expenditure side,2012,,115862.465,,,,F,Free (free for publication),1,One,A,Normal value,6,Millions,_Z,Not applicable
DATAFLOW,OECD.SDD.NAD:DSD_NAMAIN10@DF_TABLE1_EXPENDITURE(2.0),Annual GDP and components - expenditure approach,I,A,Annual,ROU,Romania,S1M,Households and non-profit institutions serving households (NPISH),S1,Total economy,P3,Final consumption expenditure,_Z,Not applicable,_Z,Not applicable,_T,Total,USD_EXC,"US dollars, exchange rate converted",V,Current prices,N,Non transformed data,T0102,Table 0102 - GDP identity from the expenditure side,2011,,124169.509,,,,F,Free (free for publication),1,One,A,Normal value,6,Millions,_Z,Not applicable
DATAFLOW,OECD.SDD.NAD:DSD_NAMAIN10@DF_TABLE1_EXPENDITURE(2.0),Annual GDP and components - expenditure approach,I,A,Annual,ROU,Romania,S1M,Households and non-profit institutions serving households (NPISH),S1,Total economy,P3,Final consumption expenditure,_Z,Not applicable,_Z,Not applicable,_T,Total,USD_EXC,"US dollars, exchange rate converted",V,Current prices,N,Non transformed data,T0102,Table 0102 - GDP identity from the expenditure side,2010,,109624.06,,,,F,Free (free for publication),1,One,A,Normal value,6,Millions,_Z,Not applicable
DATAFLOW,OECD.SDD.NAD:DSD_NAMAIN10@DF_TABLE1_EXPENDITURE(2.0),Annual GDP and components - expenditure approach,I,A,Annual,ROU,Romania,S1M,Households and non-profit institutions serving households (NPISH),S1,Total economy,P3,Final consumption expenditure,_Z,Not applicable,_Z,Not applicable,_T,Total,USD_EXC,"US dollars, exchange rate converted",V,Current prices,N,Non transformed data,T0102,Table 0102 - GDP identity from the expenditure side,2009,,109901.732,,,,F,Free (free for publication),1,One,A,Normal value,6,Millions,_Z,Not applicable
DATAFLOW,OECD.SDD.NAD:DSD_NAMAIN10@DF_TABLE1_EXPENDITURE(2.0),Annual GDP and components - expenditure approach,I,A,Annual,ROU,Romania,S1M,Households and non-profit institutions serving households (NPISH),S1,Total economy,P3,Final consumption expenditure,_Z,Not applicable,_Z,Not applicable,_T,Total,USD_EXC,"US dollars, exchange rate converted",V,Current prices,N,Non transformed data,T0102,Table 0102 - GDP identity from the expenditure side,2018,,155412.094,,,,F,Free (free for publication),1,One,A,Normal value,6,Millions,_Z,Not applicable
DATAFLOW,OECD.SDD.NAD:DSD_NAMAIN10@DF_TABLE1_EXPENDITURE(2.0),Annual GDP and components - expenditure approach,I,A,Annual,ROU,Romania,S1M,Households and non-profit institutions serving households (NPISH),S1,Total economy,P3,Final consumption expenditure,_Z,Not applicable,_Z,Not applicable,_T,Total,USD_EXC,"US dollars, exchange rate converted",V,Current prices,N,Non transformed data,T0102,Table 0102 - GDP identity from the expenditure side,2005,,70020.208,,,,F,Free (free for publication),1,One,A,Normal value,6,Millions,_Z,Not applicable
DATAFLOW,OECD.SDD.NAD:DSD_NAMAIN10@DF_TABLE1_EXPENDITURE(2.0),Annual GDP and components - expenditure approach,I,A,Annual,ROU,Romania,S1M,Households and non-profit institutions serving households (NPISH),S1,Total economy,P3,Final consumption expenditure,_Z,Not applicable,_Z,Not applicable,_T,Total,USD_EXC,"US dollars, exchange rate converted",V,Current prices,N,Non transformed data,T0102,Table 0102 - GDP identity from the expenditure side,2003,,39605.428,,,,F,Free (free for publication),1,One,A,Normal value,6,Millions,_Z,Not applicable
DATAFLOW,OECD.SDD.NAD:DSD_NAMAIN10@DF_TABLE1_EXPENDITURE(2.0),Annual GDP and components - expenditure approach,I,A,Annual,ROU,Romania,S1M,Households and non-profit institutions serving households (NPISH),S1,Total economy,P3,Final consumption expenditure,_Z,Not applicable,_Z,Not applicable,_T,Total,USD_EXC,"US dollars, exchange rate converted",V,Current prices,N,Non transformed data,T0102,Table 0102 - GDP identity from the expenditure side,2002,,31641.095,,,,F,Free (free for publication),1,One,A,Normal value,6,Millions,_Z,Not applicable
DATAFLOW,OECD.SDD.NAD:DSD_NAMAIN10@DF_TABLE1_EXPENDITURE(2.0),Annual GDP and components - expenditure approach,I,A,Annual,ROU,Romania,S1M,Households and non-profit institutions serving households (NPISH),S1,Total economy,P3,Final consumption expenditure,_Z,Not applicable,_Z,Not applicable,_T,Total,USD_EXC,"US dollars, exchange rate converted",V,Current prices,N,Non transformed data,T0102,Table 0102 - GDP identity from the expenditure side,2008,,136926.915,,,,F,Free (free for publication),1,One,A,Normal value,6,Millions,_Z,Not applicable
DATAFLOW,OECD.SDD.NAD:DSD_NAMAIN10@DF_TABLE1_EXPENDITURE(2.0),Annual GDP and components - expenditure approach,I,A,Annual,ITA,Italy,S1M,Households and non-profit institutions serving households (NPISH),S1,Total economy,P3,Final consumption expenditure,_Z,Not applicable,_Z,Not applicable,_T,Total,USD_EXC,"US dollars, exchange rate converted",V,Current prices,N,Non transformed data,T0102,Table 0102 - GDP identity from the expenditure side,2009,,1327102.418,,,,F,Free (free for publication),1,One,A,Normal value,6,Millions,_Z,Not applicable
DATAFLOW,OECD.SDD.NAD:DSD_NAMAIN10@DF_TABLE1_EXPENDITURE(2.0),Annual GDP and components - expenditure approach,I,A,Annual,ITA,Italy,S1M,Households and non-profit institutions serving households (NPISH),S1,Total economy,P3,Final consumption expenditure,_Z,Not applicable,_Z,Not applicable,_T,Total,USD_EXC,"US dollars, exchange rate converted",V,Current prices,N,Non transformed data,T0102,Table 0102 - GDP identity from the expenditure side,2007,,1302659.796,,,,F,Free (free for publication),1,One,A,Normal value,6,Millions,_Z,Not applicable
DATAFLOW,OECD.SDD.NAD:DSD_NAMAIN10@DF_TABLE1_EXPENDITURE(2.0),Annual GDP and components - expenditure approach,I,A,Annual,ITA,Italy,S1M,Households and non-profit institutions serving households (NPISH),S1,Total economy,P3,Final consumption expenditure,_Z,Not applicable,_Z,Not applicable,_T,Total,USD_EXC,"US dollars, exchange rate converted",V,Current prices,N,Non transformed data,T0102,Table 0102 - GDP identity from the expenditure side,2006,,1153727.571,,,,F,Free (free for publication),1,One,A,Normal value,6,Millions,_Z,Not applicable
DATAFLOW,OECD.SDD.NAD:DSD_NAMAIN10@DF_TABLE1_EXPENDITURE(2.0),Annual GDP and components - expenditure approach,I,A,Annual,ITA,Italy,S1M,Households and non-profit institutions serving households (NPISH),S1,Total economy,P3,Final consumption expenditure,_Z,Not applicable,_Z,Not applicable,_T,Total,USD_EXC,"US dollars, exchange rate converted",V,Current prices,N,Non transformed data,T0102,Table 0102 - GDP identity from the expenditure side,2005,,1097966.271,,,,F,Free (free for publication),1,One,A,Normal value,6,Millions,_Z,Not applicable
DATAFLOW,OECD.SDD.NAD:DSD_NAMAIN10@DF_TABLE1_EXPENDITURE(2.0),Annual GDP and components - expenditure approach,I,A,Annual,ITA,Italy,S1M,Households and non-profit institutions serving households (NPISH),S1,Total economy,P3,Final consumption expenditure,_Z,Not applicable,_Z,Not applicable,_T,Total,USD_EXC,"US dollars, exchange rate converted",V,Current prices,N,Non transformed data,T0102,Table 0102 - GDP identity from the expenditure side,2004,,1060688.318,,,,F,Free (free for publication),1,One,A,Normal value,6,Millions,_Z,Not applicable
DATAFLOW,OECD.SDD.NAD:DSD_NAMAIN10@DF_TABLE1_EXPENDITURE(2.0),Annual GDP and components - expenditure approach,I,A,Annual,ITA,Italy,S1M,Households and non-profit institutions serving households (NPISH),S1,Total economy,P3,Final consumption expenditure,_Z,Not applicable,_Z,Not applicable,_T,Total,USD_EXC,"US dollars, exchange rate converted",V,Current prices,N,Non transformed data,T0102,Table 0102 - GDP identity from the expenditure side,2003,,932356.125,,,,F,Free (free for publication),1,One,A,Normal value,6,Millions,_Z,Not applicable
DATAFLOW,OECD.SDD.NAD:DSD_NAMAIN10@DF_TABLE1_EXPENDITURE(2.0),Annual GDP and components - expenditure approach,I,A,Annual,ITA,Italy,S1M,Households and non-profit institutions serving households (NPISH),S1,Total economy,P3,Final consumption expenditure,_Z,Not applicable,_Z,Not applicable,_T,Total,USD_EXC,"US dollars, exchange rate converted",V,Current prices,N,Non transformed data,T0102,Table 0102 - GDP identity from the expenditure side,2002,,750839.058,,,,F,Free (free for publication),1,One,A,Normal value,6,Millions,_Z,Not applicable
DATAFLOW,OECD.SDD.NAD:DSD_NAMAIN10@DF_TABLE1_EXPENDITURE(2.0),Annual GDP and components - expenditure approach,I,A,Annual,ITA,Italy,S1M,Households and non-profit institutions serving households (NPISH),S1,Total economy,P3,Final consumption expenditure,_Z,Not applicable,_Z,Not applicable,_T,Total,USD_EXC,"US dollars, exchange rate converted",V,Current prices,N,Non transformed data,T0102,Table 0102 - GDP identity from the expenditure side,2001,,691044.457,,,,F,Free (free for publication),1,One,A,Normal value,6,Millions,_Z,Not applicable
DATAFLOW,OECD.SDD.NAD:DSD_NAMAIN10@DF_TABLE1_EXPENDITURE(2.0),Annual GDP and components - expenditure approach,I,A,Annual,ITA,Italy,S1M,Households and non-profit institutions serving households (NPISH),S1,Total economy,P3,Final consumption expenditure,_Z,Not applicable,_Z,Not applicable,_T,Total,USD_EXC,"US dollars, exchange rate converted",V,Current prices,N,Non transformed data,T0102,Table 0102 - GDP identity from the expenditure side,2000,,689858.866,,,,F,Free (free for publication),1,One,A,Normal value,6,Millions,_Z,Not applicable
DATAFLOW,OECD.SDD.NAD:DSD_NAMAIN10@DF_TABLE1_EXPENDITURE(2.0),Annual GDP and components - expenditure approach,I,A,Annual,ITA,Italy,S1M,Households and non-profit institutions serving households (NPISH),S1,Total economy,P3,Final consumption expenditure,_Z,Not applicable,_Z,Not applicable,_T,Total,USD_EXC,"US dollars, exchange rate converted",V,Current prices,N,Non transformed data,T0102,Table 0102 - GDP identity from the expenditure side,1999,,751831.213,,,,F,Free (free for publication),1,One,A,Normal value,6,Millions,_Z,Not applicable
DATAFLOW,OECD.SDD.NAD:DSD_NAMAIN10@DF_TABLE1_EXPENDITURE(2.0),Annual GDP and components - expenditure approach,I,A,Annual,ITA,Italy,S1M,Households and non-profit institutions serving households (NPISH),S1,Total economy,P3,Final consumption expenditure,_Z,Not applicable,_Z,Not applicable,_T,Total,USD_EXC,"US dollars, exchange rate converted",V,Current prices,N,Non transformed data,T0102,Table 0102 - GDP identity from the expenditure side,2020,,1103612.839,,,,F,Free (free for publication),1,One,A,Normal value,6,Millions,_Z,Not applicable
DATAFLOW,OECD.SDD.NAD:DSD_NAMAIN10@DF_TABLE1_EXPENDITURE(2.0),Annual GDP and components - expenditure approach,I,A,Annual,ITA,Italy,S1M,Households and non-profit institutions serving households (NPISH),S1,Total economy,P3,Final consumption expenditure,_Z,Not applicable,_Z,Not applicable,_T,Total,USD_EXC,"US dollars, exchange rate converted",V,Current prices,N,Non transformed data,T0102,Table 0102 - GDP identity from the expenditure side,2019,,1206570.858,,,,F,Free (free for publication),1,One,A,Normal value,6,Millions,_Z,Not applicable
DATAFLOW,OECD.SDD.NAD:DSD_NAMAIN10@DF_TABLE1_EXPENDITURE(2.0),Annual GDP and components - expenditure approach,I,A,Annual,ITA,Italy,S1M,Households and non-profit institutions serving households (NPISH),S1,Total economy,P3,Final consumption expenditure,_Z,Not applicable,_Z,Not applicable,_T,Total,USD_EXC,"US dollars, exchange rate converted",V,Current prices,N,Non transformed data,T0102,Table 0102 - GDP identity from the expenditure side,2018,,1261807.143,,,,F,Free (free for publication),1,One,A,Normal value,6,Millions,_Z,Not applicable
DATAFLOW,OECD.SDD.NAD:DSD_NAMAIN10@DF_TABLE1_EXPENDITURE(2.0),Annual GDP and components - expenditure approach,I,A,Annual,ITA,Italy,S1M,Households and non-profit institutions serving households (NPISH),S1,Total economy,P3,Final consumption expenditure,_Z,Not applicable,_Z,Not applicable,_T,Total,USD_EXC,"US dollars, exchange rate converted",V,Current prices,N,Non transformed data,T0102,Table 0102 - GDP identity from the expenditure side,2017,,1185113.163,,,,F,Free (free for publication),1,One,A,Normal value,6,Millions,_Z,Not applicable
DATAFLOW,OECD.SDD.NAD:DSD_NAMAIN10@DF_TABLE1_EXPENDITURE(2.0),Annual GDP and components - expenditure approach,I,A,Annual,ITA,Italy,S1M,Households and non-profit institutions serving households (NPISH),S1,Total economy,P3,Final consumption expenditure,_Z,Not applicable,_Z,Not applicable,_T,Total,USD_EXC,"US dollars, exchange rate converted",V,Current prices,N,Non transformed data,T0102,Table 0102 - GDP identity from the expenditure side,2016,,1131976.904,,,,F,Free (free for publication),1,One,A,Normal value,6,Millions,_Z,Not applicable
DATAFLOW,OECD.SDD.NAD:DSD_NAMAIN10@DF_TABLE1_EXPENDITURE(2.0),Annual GDP and components - expenditure approach,I,A,Annual,ITA,Italy,S1M,Households and non-profit institutions serving households (NPISH),S1,Total economy,P3,Final consumption expenditure,_Z,Not applicable,_Z,Not applicable,_T,Total,USD_EXC,"US dollars, exchange rate converted",V,Current prices,N,Non transformed data,T0102,Table 0102 - GDP identity from the expenditure side,2015,,1120057.479,,,,F,Free (free for publication),1,One,A,Normal value,6,Millions,_Z,Not applicable
DATAFLOW,OECD.SDD.NAD:DSD_NAMAIN10@DF_TABLE1_EXPENDITURE(2.0),Annual GDP and components - expenditure approach,I,A,Annual,ITA,Italy,S1M,Households and non-profit institutions serving households (NPISH),S1,Total economy,P3,Final consumption expenditure,_Z,Not applicable,_Z,Not applicable,_T,Total,USD_EXC,"US dollars, exchange rate converted",V,Current prices,N,Non transformed data,T0102,Table 0102 - GDP identity from the expenditure side,2014,,1314992.588,,,,F,Free (free for publication),1,One,A,Normal value,6,Millions,_Z,Not applicable
DATAFLOW,OECD.SDD.NAD:DSD_NAMAIN10@DF_TABLE1_EXPENDITURE(2.0),Annual GDP and components - expenditure approach,I,A,Annual,ITA,Italy,S1M,Households and non-profit institutions serving households (NPISH),S1,Total economy,P3,Final consumption expenditure,_Z,Not applicable,_Z,Not applicable,_T,Total,USD_EXC,"US dollars, exchange rate converted",V,Current prices,N,Non transformed data,T0102,Table 0102 - GDP identity from the expenditure side,2013,,1307621.061,,,,F,Free (free for publication),1,One,A,Normal value,6,Millions,_Z,Not applicable
DATAFLOW,OECD.SDD.NAD:DSD_NAMAIN10@DF_TABLE1_EXPENDITURE(2.0),Annual GDP and components - expenditure approach,I,A,Annual,ITA,Italy,S1M,Households and non-profit institutions serving households (NPISH),S1,Total economy,P3,Final consumption expenditure,_Z,Not applicable,_Z,Not applicable,_T,Total,USD_EXC,"US dollars, exchange rate converted",V,Current prices,N,Non transformed data,T0102,Table 0102 - GDP identity from the expenditure side,2012,,1279919.965,,,,F,Free (free for publication),1,One,A,Normal value,6,Millions,_Z,Not applicable
DATAFLOW,OECD.SDD.NAD:DSD_NAMAIN10@DF_TABLE1_EXPENDITURE(2.0),Annual GDP and components - expenditure approach,I,A,Annual,ITA,Italy,S1M,Households and non-profit institutions serving households (NPISH),S1,Total economy,P3,Final consumption expenditure,_Z,Not applicable,_Z,Not applicable,_T,Total,USD_EXC,"US dollars, exchange rate converted",V,Current prices,N,Non transformed data,T0102,Table 0102 - GDP identity from the expenditure side,2011,,1400909.005,,,,F,Free (free for publication),1,One,A,Normal value,6,Millions,_Z,Not applicable
DATAFLOW,OECD.SDD.NAD:DSD_NAMAIN10@DF_TABLE1_EXPENDITURE(2.0),Annual GDP and components - expenditure approach,I,A,Annual,ITA,Italy,S1M,Households and non-profit institutions serving households (NPISH),S1,Total economy,P3,Final consumption expenditure,_Z,Not applicable,_Z,Not applicable,_T,Total,USD_EXC,"US dollars, exchange rate converted",V,Current prices,N,Non transformed data,T0102,Table 0102 - GDP identity from the expenditure side,1998,,752844.493,,,,F,Free (free for publication),1,One,A,Normal value,6,Millions,_Z,Not applicable
DATAFLOW,OECD.SDD.NAD:DSD_NAMAIN10@DF_TABLE1_EXPENDITURE(2.0),Annual GDP and components - expenditure approach,I,A,Annual,ITA,Italy,S1M,Households and non-profit institutions serving households (NPISH),S1,Total economy,P3,Final consumption expenditure,_Z,Not applicable,_Z,Not applicable,_T,Total,USD_EXC,"US dollars, exchange rate converted",V,Current prices,N,Non transformed data,T0102,Table 0102 - GDP identity from the expenditure side,1997,,728962.582,,,,F,Free (free for publication),1,One,A,Normal value,6,Millions,_Z,Not applicable
DATAFLOW,OECD.SDD.NAD:DSD_NAMAIN10@DF_TABLE1_EXPENDITURE(2.0),Annual GDP and components - expenditure approach,I,A,Annual,ITA,Italy,S1M,Households and non-profit institutions serving households (NPISH),S1,Total economy,P3,Final consumption expenditure,_Z,Not applicable,_Z,Not applicable,_T,Total,USD_EXC,"US dollars, exchange rate converted",V,Current prices,N,Non transformed data,T0102,Table 0102 - GDP identity from the expenditure side,1996,,762200.044,,,,F,Free (free for publication),1,One,A,Normal value,6,Millions,_Z,Not applicable
DATAFLOW,OECD.SDD.NAD:DSD_NAMAIN10@DF_TABLE1_EXPENDITURE(2.0),Annual GDP and components - expenditure approach,I,A,Annual,ITA,Italy,S1M,Households and non-profit institutions serving households (NPISH),S1,Total economy,P3,Final consumption expenditure,_Z,Not applicable,_Z,Not applicable,_T,Total,USD_EXC,"US dollars, exchange rate converted",V,Current prices,N,Non transformed data,T0102,Table 0102 - GDP identity from the expenditure side,1995,,686230.478,,,,F,Free (free for publication),1,One,A,Normal value,6,Millions,_Z,Not applicable
DATAFLOW,OECD.SDD.NAD:DSD_NAMAIN10@DF_TABLE1_EXPENDITURE(2.0),Annual GDP and components - expenditure approach,I,A,Annual,ITA,Italy,S1M,Households and non-profit institutions serving households (NPISH),S1,Total economy,P3,Final consumption expenditure,_Z,Not applicable,_Z,Not applicable,_T,Total,USD_EXC,"US dollars, exchange rate converted",V,Current prices,N,Non transformed data,T0102,Table 0102 - GDP identity from the expenditure side,2010,,1294256.88,,,,F,Free (free for publication),1,One,A,Normal value,6,Millions,_Z,Not applicable
DATAFLOW,OECD.SDD.NAD:DSD_NAMAIN10@DF_TABLE1_EXPENDITURE(2.0),Annual GDP and components - expenditure approach,I,A,Annual,CAN,Canada,S1M,Households and non-profit institutions serving households (NPISH),S1,Total economy,P3,Final consumption expenditure,_Z,Not applicable,_Z,Not applicable,_T,Total,USD_EXC,"US dollars, exchange rate converted",V,Current prices,N,Non transformed data,T0102,Table 0102 - GDP identity from the expenditure side,2004,,561666.286,,,,F,Free (free for publication),1,One,A,Normal value,6,Millions,_Z,Not applicable
DATAFLOW,OECD.SDD.NAD:DSD_NAMAIN10@DF_TABLE1_EXPENDITURE(2.0),Annual GDP and components - expenditure approach,I,A,Annual,CAN,Canada,S1M,Households and non-profit institutions serving households (NPISH),S1,Total economy,P3,Final consumption expenditure,_Z,Not applicable,_Z,Not applicable,_T,Total,USD_EXC,"US dollars, exchange rate converted",V,Current prices,N,Non transformed data,T0102,Table 0102 - GDP identity from the expenditure side,2003,,498627.942,,,,F,Free (free for publication),1,One,A,Normal value,6,Millions,_Z,Not applicable
DATAFLOW,OECD.SDD.NAD:DSD_NAMAIN10@DF_TABLE1_EXPENDITURE(2.0),Annual GDP and components - expenditure approach,I,A,Annual,CAN,Canada,S1M,Households and non-profit institutions serving households (NPISH),S1,Total economy,P3,Final consumption expenditure,_Z,Not applicable,_Z,Not applicable,_T,Total,USD_EXC,"US dollars, exchange rate converted",V,Current prices,N,Non transformed data,T0102,Table 0102 - GDP identity from the expenditure side,2002,,425768.81,,,,F,Free (free for publication),1,One,A,Normal value,6,Millions,_Z,Not applicable
DATAFLOW,OECD.SDD.NAD:DSD_NAMAIN10@DF_TABLE1_EXPENDITURE(2.0),Annual GDP and components - expenditure approach,I,A,Annual,CAN,Canada,S1M,Households and non-profit institutions serving households (NPISH),S1,Total economy,P3,Final consumption expenditure,_Z,Not applicable,_Z,Not applicable,_T,Total,USD_EXC,"US dollars, exchange rate converted",V,Current prices,N,Non transformed data,T0102,Table 0102 - GDP identity from the expenditure side,2001,,407125.344,,,,F,Free (free for publication),1,One,A,Normal value,6,Millions,_Z,Not applicable
DATAFLOW,OECD.SDD.NAD:DSD_NAMAIN10@DF_TABLE1_EXPENDITURE(2.0),Annual GDP and components - expenditure approach,I,A,Annual,ESP,Spain,S1M,Households and non-profit institutions serving households (NPISH),S1,Total economy,P3,Final consumption expenditure,_Z,Not applicable,_Z,Not applicable,_T,Total,USD_EXC,"US dollars, exchange rate converted",V,Current prices,N,Non transformed data,T0102,Table 0102 - GDP identity from the expenditure side,1995,,374671.077,,,,F,Free (free for publication),1,One,A,Normal value,6,Millions,_Z,Not applicable
DATAFLOW,OECD.SDD.NAD:DSD_NAMAIN10@DF_TABLE1_EXPENDITURE(2.0),Annual GDP and components - expenditure approach,I,A,Annual,ESP,Spain,S1M,Households and non-profit institutions serving households (NPISH),S1,Total economy,P3,Final consumption expenditure,_Z,Not applicable,_Z,Not applicable,_T,Total,USD_EXC,"US dollars, exchange rate converted",V,Current prices,N,Non transformed data,T0102,Table 0102 - GDP identity from the expenditure side,2001,,372302.447,,,,F,Free (free for publication),1,One,A,Normal value,6,Millions,_Z,Not applicable
DATAFLOW,OECD.SDD.NAD:DSD_NAMAIN10@DF_TABLE1_EXPENDITURE(2.0),Annual GDP and components - expenditure approach,I,A,Annual,NOR,Norway,S1M,Households and non-profit institutions serving households (NPISH),S1,Total economy,P3,Final consumption expenditure,_Z,Not applicable,_Z,Not applicable,_T,Total,USD_EXC,"US dollars, exchange rate converted",V,Current prices,N,Non transformed data,T0102,Table 0102 - GDP identity from the expenditure side,2015,,167936.509,,,,F,Free (free for publication),1,One,A,Normal value,6,Millions,_Z,Not applicable
DATAFLOW,OECD.SDD.NAD:DSD_NAMAIN10@DF_TABLE1_EXPENDITURE(2.0),Annual GDP and components - expenditure approach,I,A,Annual,USA,United States,S1M,Households and non-profit institutions serving households (NPISH),S1,Total economy,P3,Final consumption expenditure,_Z,Not applicable,_Z,Not applicable,_T,Total,USD_EXC,"US dollars, exchange rate converted",V,Current prices,N,Non transformed data,T0102,Table 0102 - GDP identity from the expenditure side,2005,,8769066,,,,F,Free (free for publication),1,One,A,Normal value,6,Millions,_Z,Not applicable
DATAFLOW,OECD.SDD.NAD:DSD_NAMAIN10@DF_TABLE1_EXPENDITURE(2.0),Annual GDP and components - expenditure approach,I,A,Annual,SVK,Slovak Republic,S1M,Households and non-profit institutions serving households (NPISH),S1,Total economy,P3,Final consumption expenditure,_Z,Not applicable,_Z,Not applicable,_T,Total,USD_EXC,"US dollars, exchange rate converted",V,Current prices,N,Non transformed data,T0102,Table 0102 - GDP identity from the expenditure side,2003,,18020.026,,,,F,Free (free for publication),1,One,A,Normal value,6,Millions,_Z,Not applicable
DATAFLOW,OECD.SDD.NAD:DSD_NAMAIN10@DF_TABLE1_EXPENDITURE(2.0),Annual GDP and components - expenditure approach,I,A,Annual,EA20,Euro area (20 countries),S1M,Households and non-profit institutions serving households (NPISH),S1,Total economy,P3,Final consumption expenditure,_Z,Not applicable,_Z,Not applicable,_T,Total,USD_EXC,"US dollars, exchange rate converted",V,Current prices,N,Non transformed data,T0102,Table 0102 - GDP identity from the expenditure side,2014,,7545865.503,,,,F,Free (free for publication),1,One,A,Normal value,6,Millions,_Z,Not applicable
DATAFLOW,OECD.SDD.NAD:DSD_NAMAIN10@DF_TABLE1_EXPENDITURE(2.0),Annual GDP and components - expenditure approach,I,A,Annual,ESP,Spain,S1M,Households and non-profit institutions serving households (NPISH),S1,Total economy,P3,Final consumption expenditure,_Z,Not applicable,_Z,Not applicable,_T,Total,USD_EXC,"US dollars, exchange rate converted",V,Current prices,N,Non transformed data,T0102,Table 0102 - GDP identity from the expenditure side,2012,,792913.753,,,,F,Free (free for publication),1,One,A,Normal value,6,Millions,_Z,Not applicable
DATAFLOW,OECD.SDD.NAD:DSD_NAMAIN10@DF_TABLE1_EXPENDITURE(2.0),Annual GDP and components - expenditure approach,I,A,Annual,POL,Poland,S1M,Households and non-profit institutions serving households (NPISH),S1,Total economy,P3,Final consumption expenditure,_Z,Not applicable,_Z,Not applicable,_T,Total,USD_EXC,"US dollars, exchange rate converted",V,Current prices,N,Non transformed data,T0102,Table 0102 - GDP identity from the expenditure side,2009,,271125.51,,,,F,Free (free for publication),1,One,A,Normal value,6,Millions,_Z,Not applicable
DATAFLOW,OECD.SDD.NAD:DSD_NAMAIN10@DF_TABLE1_EXPENDITURE(2.0),Annual GDP and components - expenditure approach,I,A,Annual,BGR,Bulgaria,S1M,Households and non-profit institutions serving households (NPISH),S1,Total economy,P3,Final consumption expenditure,_Z,Not applicable,_Z,Not applicable,_T,Total,USD_EXC,"US dollars, exchange rate converted",V,Current prices,N,Non transformed data,T0102,Table 0102 - GDP identity from the expenditure side,2018,,39603.255,,,,F,Free (free for publication),1,One,A,Normal value,6,Millions,_Z,Not applicable
DATAFLOW,OECD.SDD.NAD:DSD_NAMAIN10@DF_TABLE1_EXPENDITURE(2.0),Annual GDP and components - expenditure approach,I,A,Annual,DEU,Germany,S1M,Households and non-profit institutions serving households (NPISH),S1,Total economy,P3,Final consumption expenditure,_Z,Not applicable,_Z,Not applicable,_T,Total,USD_EXC,"US dollars, exchange rate converted",V,Current prices,N,Non transformed data,T0102,Table 0102 - GDP identity from the expenditure side,2011,,2096231.717,,,,F,Free (free for publication),1,One,A,Normal value,6,Millions,_Z,Not applicable
DATAFLOW,OECD.SDD.NAD:DSD_NAMAIN10@DF_TABLE1_EXPENDITURE(2.0),Annual GDP and components - expenditure approach,I,A,Annual,GEO,Georgia,S1M,Households and non-profit institutions serving households (NPISH),S1,Total economy,P3,Final consumption expenditure,_Z,Not applicable,_Z,Not applicable,_T,Total,USD_EXC,"US dollars, exchange rate converted",V,Current prices,N,Non transformed data,T0102,Table 0102 - GDP identity from the expenditure side,2015,,11456.74,,,,F,Free (free for publication),1,One,A,Normal value,6,Millions,_Z,Not applicable
DATAFLOW,OECD.SDD.NAD:DSD_NAMAIN10@DF_TABLE1_EXPENDITURE(2.0),Annual GDP and components - expenditure approach,I,A,Annual,JPN,Japan,S1M,Households and non-profit institutions serving households (NPISH),S1,Total economy,P3,Final consumption expenditure,_Z,Not applicable,_Z,Not applicable,_T,Total,USD_EXC,"US dollars, exchange rate converted",V,Current prices,N,Non transformed data,T0102,Table 0102 - GDP identity from the expenditure side,2000,,2666457.303,,,,F,Free (free for publication),1,One,A,Normal value,6,Millions,_Z,Not applicable
DATAFLOW,OECD.SDD.NAD:DSD_NAMAIN10@DF_TABLE1_EXPENDITURE(2.0),Annual GDP and components - expenditure approach,I,A,Annual,ISL,Iceland,S1M,Households and non-profit institutions serving households (NPISH),S1,Total economy,P3,Final consumption expenditure,_Z,Not applicable,_Z,Not applicable,_T,Total,USD_EXC,"US dollars, exchange rate converted",V,Current prices,N,Non transformed data,T0102,Table 0102 - GDP identity from the expenditure side,2013,,8461.508,,,,F,Free (free for publication),1,One,A,Normal value,6,Millions,_Z,Not applicable
DATAFLOW,OECD.SDD.NAD:DSD_NAMAIN10@DF_TABLE1_EXPENDITURE(2.0),Annual GDP and components - expenditure approach,I,A,Annual,ROU,Romania,S1M,Households and non-profit institutions serving households (NPISH),S1,Total economy,P3,Final consumption expenditure,_Z,Not applicable,_Z,Not applicable,_T,Total,USD_EXC,"US dollars, exchange rate converted",V,Current prices,N,Non transformed data,T0102,Table 0102 - GDP identity from the expenditure side,2007,,117595.899,,,,F,Free (free for publication),1,One,A,Normal value,6,Millions,_Z,Not applicable
DATAFLOW,OECD.SDD.NAD:DSD_NAMAIN10@DF_TABLE1_EXPENDITURE(2.0),Annual GDP and components - expenditure approach,I,A,Annual,ITA,Italy,S1M,Households and non-profit institutions serving households (NPISH),S1,Total economy,P3,Final consumption expenditure,_Z,Not applicable,_Z,Not applicable,_T,Total,USD_EXC,"US dollars, exchange rate converted",V,Current prices,N,Non transformed data,T0102,Table 0102 - GDP identity from the expenditure side,2008,,1426763.114,,,,F,Free (free for publication),1,One,A,Normal value,6,Millions,_Z,Not applicable
DATAFLOW,OECD.SDD.NAD:DSD_NAMAIN10@DF_TABLE1_EXPENDITURE(2.0),Annual GDP and components - expenditure approach,I,A,Annual,CAN,Canada,S1M,Households and non-profit institutions serving households (NPISH),S1,Total economy,P3,Final consumption expenditure,_Z,Not applicable,_Z,Not applicable,_T,Total,USD_EXC,"US dollars, exchange rate converted",V,Current prices,N,Non transformed data,T0102,Table 0102 - GDP identity from the expenditure side,2005,,637276.48,,,,F,Free (free for publication),1,One,A,Normal value,6,Millions,_Z,Not applicable
DATAFLOW,OECD.SDD.NAD:DSD_NAMAIN10@DF_TABLE1_EXPENDITURE(2.0),Annual GDP and components - expenditure approach,I,A,Annual,IRL,Ireland,S1M,Households and non-profit institutions serving households (NPISH),S1,Total economy,P3,Final consumption expenditure,_Z,Not applicable,_Z,Not applicable,_T,Total,USD_EXC,"US dollars, exchange rate converted",V,Current prices,N,Non transformed data,T0102,Table 0102 - GDP identity from the expenditure side,2005,,92451.766,,,,F,Free (free for publication),1,One,A,Normal value,6,Millions,_Z,Not applicable
DATAFLOW,OECD.SDD.NAD:DSD_NAMAIN10@DF_TABLE1_EXPENDITURE(2.0),Annual GDP and components - expenditure approach,I,A,Annual,NZL,New Zealand,S1M,Households and non-profit institutions serving households (NPISH),S1,Total economy,P3,Final consumption expenditure,_Z,Not applicable,_Z,Not applicable,_T,Total,USD_EXC,"US dollars, exchange rate converted",V,Current prices,N,Non transformed data,T0102,Table 0102 - GDP identity from the expenditure side,2005,,66632.239,,,,F,Free (free for publication),1,One,A,Normal value,6,Millions,_Z,Not applicable
DATAFLOW,OECD.SDD.NAD:DSD_NAMAIN10@DF_TABLE1_EXPENDITURE(2.0),Annual GDP and components - expenditure approach,I,A,Annual,NLD,Netherlands,S1M,Households and non-profit institutions serving households (NPISH),S1,Total economy,P3,Final consumption expenditure,_Z,Not applicable,_Z,Not applicable,_T,Total,USD_EXC,"US dollars, exchange rate converted",V,Current prices,N,Non transformed data,T0102,Table 0102 - GDP identity from the expenditure side,2001,,212926.068,,,,F,Free (free for publication),1,One,A,Normal value,6,Millions,_Z,Not applicable
DATAFLOW,OECD.SDD.NAD:DSD_NAMAIN10@DF_TABLE1_EXPENDITURE(2.0),Annual GDP and components - expenditure approach,I,A,Annual,HUN,Hungary,S1M,Households and non-profit institutions serving households (NPISH),S1,Total economy,P3,Final consumption expenditure,_Z,Not applicable,_Z,Not applicable,_T,Total,USD_EXC,"US dollars, exchange rate converted",V,Current prices,N,Non transformed data,T0102,Table 0102 - GDP identity from the expenditure side,2000,,25684.912,,,,F,Free (free for publication),1,One,A,Normal value,6,Millions,_Z,Not applicable
DATAFLOW,OECD.SDD.NAD:DSD_NAMAIN10@DF_TABLE1_EXPENDITURE(2.0),Annual GDP and components - expenditure approach,I,A,Annual,CHN,China (People’s Republic of),S1M,Households and non-profit institutions serving households (NPISH),S1,Total economy,P3,Final consumption expenditure,_Z,Not applicable,_Z,Not applicable,_T,Total,USD_EXC,"US dollars, exchange rate converted",V,Current prices,N,Non transformed data,T0102,Table 0102 - GDP identity from the expenditure side,2014,,3948106.161,,,,F,Free (free for publication),1,One,A,Normal value,6,Millions,_Z,Not applicable
DATAFLOW,OECD.SDD.NAD:DSD_NAMAIN10@DF_TABLE1_EXPENDITURE(2.0),Annual GDP and components - expenditure approach,I,A,Annual,MKD,North Macedonia,S1M,Households and non-profit institutions serving households (NPISH),S1,Total economy,P3,Final consumption expenditure,_Z,Not applicable,_Z,Not applicable,_T,Total,USD_EXC,"US dollars, exchange rate converted",V,Current prices,N,Non transformed data,T0102,Table 0102 - GDP identity from the expenditure side,2005,,5019.106,,,,F,Free (free for publication),1,One,A,Normal value,6,Millions,_Z,Not applicable
DATAFLOW,OECD.SDD.NAD:DSD_NAMAIN10@DF_TABLE1_EXPENDITURE(2.0),Annual GDP and components - expenditure approach,I,A,Annual,HRV,Croatia,S1M,Households and non-profit institutions serving households (NPISH),S1,Total economy,P3,Final consumption expenditure,_Z,Not applicable,_Z,Not applicable,_T,Total,USD_EXC,"US dollars, exchange rate converted",V,Current prices,N,Non transformed data,T0102,Table 0102 - GDP identity from the expenditure side,2017,,32118.051,,,,F,Free (free for publication),1,One,A,Normal value,6,Millions,_Z,Not applicable
DATAFLOW,OECD.SDD.NAD:DSD_NAMAIN10@DF_TABLE1_EXPENDITURE(2.0),Annual GDP and components - expenditure approach,I,A,Annual,CPV,Cabo Verde,S1M,Households and non-profit institutions serving households (NPISH),S1,Total economy,P3,Final consumption expenditure,_Z,Not applicable,_Z,Not applicable,_T,Total,USD_EXC,"US dollars, exchange rate converted",V,Current prices,N,Non transformed data,T0102,Table 0102 - GDP identity from the expenditure side,2015,,1080.847,,,,F,Free (free for publication),1,One,A,Normal value,6,Millions,_Z,Not applicable
DATAFLOW,OECD.SDD.NAD:DSD_NAMAIN10@DF_TABLE1_EXPENDITURE(2.0),Annual GDP and components - expenditure approach,I,A,Annual,SEN,Senegal,S1M,Households and non-profit institutions serving households (NPISH),S1,Total economy,P3,Final consumption expenditure,_Z,Not applicable,_Z,Not applicable,_T,Total,USD_EXC,"US dollars, exchange rate converted",V,Current prices,N,Non transformed data,T0102,Table 0102 - GDP identity from the expenditure side,2008,,12149.42,,,,F,Free (free for publication),1,One,A,Normal value,6,Millions,_Z,Not applicable
DATAFLOW,OECD.SDD.NAD:DSD_NAMAIN10@DF_TABLE1_EXPENDITURE(2.0),Annual GDP and components - expenditure approach,I,A,Annual,SAU,Saudi Arabia,S1M,Households and non-profit institutions serving households (NPISH),S1,Total economy,P3,Final consumption expenditure,_Z,Not applicable,_Z,Not applicable,_T,Total,USD_EXC,"US dollars, exchange rate converted",V,Current prices,N,Non transformed data,T0102,Table 0102 - GDP identity from the expenditure side,1996,,69196.267,,,,F,Free (free for publication),1,One,A,Normal value,6,Millions,_Z,Not applicable
DATAFLOW,OECD.SDD.NAD:DSD_NAMAIN10@DF_TABLE1_EXPENDITURE(2.0),Annual GDP and components - expenditure approach,I,A,Annual,ISR,Israel,S1M,Households and non-profit institutions serving households (NPISH),S1,Total economy,P3,Final consumption expenditure,_Z,Not applicable,_Z,Not applicable,_T,Total,USD_EXC,"US dollars, exchange rate converted",V,Current prices,N,Non transformed data,T0102,Table 0102 - GDP identity from the expenditure side,2005,,79650.384,,,,F,Free (free for publication),1,One,A,Normal value,6,Millions,_Z,Not applicable
DATAFLOW,OECD.SDD.NAD:DSD_NAMAIN10@DF_TABLE1_EXPENDITURE(2.0),Annual GDP and components - expenditure approach,I,A,Annual,FIN,Finland,S1M,Households and non-profit institutions serving households (NPISH),S1,Total economy,P3,Final consumption expenditure,_Z,Not applicable,_Z,Not applicable,_T,Total,USD_EXC,"US dollars, exchange rate converted",V,Current prices,N,Non transformed data,T0102,Table 0102 - GDP identity from the expenditure side,2005,,101688.207,,,,F,Free (free for publication),1,One,A,Normal value,6,Millions,_Z,Not applicable
DATAFLOW,OECD.SDD.NAD:DSD_NAMAIN10@DF_TABLE1_EXPENDITURE(2.0),Annual GDP and components - expenditure approach,I,A,Annual,GBR,United Kingdom,S1M,Households and non-profit institutions serving households (NPISH),S1,Total economy,P3,Final consumption expenditure,_Z,Not applicable,_Z,Not applicable,_T,Total,USD_EXC,"US dollars, exchange rate converted",V,Current prices,N,Non transformed data,T0102,Table 0102 - GDP identity from the expenditure side,2017,,1720670.685,,,,F,Free (free for publication),1,One,A,Normal value,6,Millions,_Z,Not applicable
DATAFLOW,OECD.SDD.NAD:DSD_NAMAIN10@DF_TABLE1_EXPENDITURE(2.0),Annual GDP and components - expenditure approach,I,A,Annual,CRI,Costa Rica,S1M,Households and non-profit institutions serving households (NPISH),S1,Total economy,P3,Final consumption expenditure,_Z,Not applicable,_Z,Not applicable,_T,Total,USD_EXC,"US dollars, exchange rate converted",V,Current prices,N,Non transformed data,T0102,Table 0102 - GDP identity from the expenditure side,2019,,41417.084,,,,F,Free (free for publication),1,One,A,Normal value,6,Millions,_Z,Not applicable
DATAFLOW,OECD.SDD.NAD:DSD_NAMAIN10@DF_TABLE1_EXPENDITURE(2.0),Annual GDP and components - expenditure approach,I,A,Annual,CHE,Switzerland,S1M,Households and non-profit institutions serving households (NPISH),S1,Total economy,P3,Final consumption expenditure,_Z,Not applicable,_Z,Not applicable,_T,Total,USD_EXC,"US dollars, exchange rate converted",V,Current prices,N,Non transformed data,T0102,Table 0102 - GDP identity from the expenditure side,2009,,299429.944,,,,F,Free (free for publication),1,One,A,Normal value,6,Millions,_Z,Not applicable
DATAFLOW,OECD.SDD.NAD:DSD_NAMAIN10@DF_TABLE1_EXPENDITURE(2.0),Annual GDP and components - expenditure approach,I,A,Annual,KOR,Korea,S1M,Households and non-profit institutions serving households (NPISH),S1,Total economy,P3,Final consumption expenditure,_Z,Not applicable,_Z,Not applicable,_T,Total,USD_EXC,"US dollars, exchange rate converted",V,Current prices,N,Non transformed data,T0102,Table 0102 - GDP identity from the expenditure side,2020,,833785.044,,,,F,Free (free for publication),1,One,A,Normal value,6,Millions,_Z,Not applicable
DATAFLOW,OECD.SDD.NAD:DSD_NAMAIN10@DF_TABLE1_EXPENDITURE(2.0),Annual GDP and components - expenditure approach,I,A,Annual,SWE,Sweden,S1M,Households and non-profit institutions serving households (NPISH),S1,Total economy,P3,Final consumption expenditure,_Z,Not applicable,_Z,Not applicable,_T,Total,USD_EXC,"US dollars, exchange rate converted",V,Current prices,N,Non transformed data,T0102,Table 0102 - GDP identity from the expenditure side,2005,,185450.504,,,,F,Free (free for publication),1,One,A,Normal value,6,Millions,_Z,Not applicable
DATAFLOW,OECD.SDD.NAD:DSD_NAMAIN10@DF_TABLE1_EXPENDITURE(2.0),Annual GDP and components - expenditure approach,I,A,Annual,ZAF,South Africa,S1M,Households and non-profit institutions serving households (NPISH),S1,Total economy,P3,Final consumption expenditure,_Z,Not applicable,_Z,Not applicable,_T,Total,USD_EXC,"US dollars, exchange rate converted",V,Current prices,N,Non transformed data,T0102,Table 0102 - GDP identity from the expenditure side,1995,,111113.75,,,,F,Free (free for publication),1,One,A,Normal value,6,Millions,_Z,Not applicable
DATAFLOW,OECD.SDD.NAD:DSD_NAMAIN10@DF_TABLE1_EXPENDITURE(2.0),Annual GDP and components - expenditure approach,I,A,Annual,SRB,Serbia,S1M,Households and non-profit institutions serving households (NPISH),S1,Total economy,P3,Final consumption expenditure,_Z,Not applicable,_Z,Not applicable,_T,Total,USD_EXC,"US dollars, exchange rate converted",V,Current prices,N,Non transformed data,T0102,Table 0102 - GDP identity from the expenditure side,2005,,20724.15,,,,F,Free (free for publication),1,One,A,Normal value,6,Millions,_Z,Not applicable
DATAFLOW,OECD.SDD.NAD:DSD_NAMAIN10@DF_TABLE1_EXPENDITURE(2.0),Annual GDP and components - expenditure approach,I,A,Annual,DNK,Denmark,S1M,Households and non-profit institutions serving households (NPISH),S1,Total economy,P3,Final consumption expenditure,_Z,Not applicable,_Z,Not applicable,_T,Total,USD_EXC,"US dollars, exchange rate converted",V,Current prices,N,Non transformed data,T0102,Table 0102 - GDP identity from the expenditure side,2005,,127276.818,,,,F,Free (free for publication),1,One,A,Normal value,6,Millions,_Z,Not applicable
DATAFLOW,OECD.SDD.NAD:DSD_NAMAIN10@DF_TABLE1_EXPENDITURE(2.0),Annual GDP and components - expenditure approach,I,A,Annual,HKG,Hong Kong (China),S1M,Households and non-profit institutions serving households (NPISH),S1,Total economy,P3,Final consumption expenditure,_Z,Not applicable,_Z,Not applicable,_T,Total,USD_EXC,"US dollars, exchange rate converted",V,Current prices,N,Non transformed data,T0102,Table 0102 - GDP identity from the expenditure side,2003,,92845.025,,,,F,Free (free for publication),1,One,A,Normal value,6,Millions,_Z,Not applicable
DATAFLOW,OECD.SDD.NAD:DSD_NAMAIN10@DF_TABLE1_EXPENDITURE(2.0),Annual GDP and components - expenditure approach,I,A,Annual,MDG,Madagascar,S1M,Households and non-profit institutions serving households (NPISH),S1,Total economy,P3,Final consumption expenditure,_Z,Not applicable,_Z,Not applicable,_T,Total,USD_EXC,"US dollars, exchange rate converted",V,Current prices,N,Non transformed data,T0102,Table 0102 - GDP identity from the expenditure side,2020,,10176.64,,,,F,Free (free for publication),1,One,E,Estimated value,6,Millions,_Z,Not applicable
DATAFLOW,OECD.SDD.NAD:DSD_NAMAIN10@DF_TABLE1_EXPENDITURE(2.0),Annual GDP and components - expenditure approach,I,A,Annual,CZE,Czechia,S1M,Households and non-profit institutions serving households (NPISH),S1,Total economy,P3,Final consumption expenditure,_Z,Not applicable,_Z,Not applicable,_T,Total,USD_EXC,"US dollars, exchange rate converted",V,Current prices,N,Non transformed data,T0102,Table 0102 - GDP identity from the expenditure side,2003,,50083.2,,,,F,Free (free for publication),1,One,A,Normal value,6,Millions,_Z,Not applicable
DATAFLOW,OECD.SDD.NAD:DSD_NAMAIN10@DF_TABLE1_EXPENDITURE(2.0),Annual GDP and components - expenditure approach,I,A,Annual,RUS,Russia,S1M,Households and non-profit institutions serving households (NPISH),S1,Total economy,P3,Final consumption expenditure,_Z,Not applicable,_Z,Not applicable,_T,Total,USD_EXC,"US dollars, exchange rate converted",V,Current prices,N,Non transformed data,T0102,Table 0102 - GDP identity from the expenditure side,2017,,832298.205,,,,F,Free (free for publication),1,One,A,Normal value,6,Millions,_Z,Not applicable
DATAFLOW,OECD.SDD.NAD:DSD_NAMAIN10@DF_TABLE1_EXPENDITURE(2.0),Annual GDP and components - expenditure approach,I,A,Annual,LVA,Latvia,S1M,Households and non-profit institutions serving households (NPISH),S1,Total economy,P3,Final consumption expenditure,_Z,Not applicable,_Z,Not applicable,_T,Total,USD_EXC,"US dollars, exchange rate converted",V,Current prices,N,Non transformed data,T0102,Table 0102 - GDP identity from the expenditure side,1999,,4817.628,,,,F,Free (free for publication),1,One,A,Normal value,6,Millions,_Z,Not applicable
DATAFLOW,OECD.SDD.NAD:DSD_NAMAIN10@DF_TABLE1_EXPENDITURE(2.0),Annual GDP and components - expenditure approach,I,A,Annual,BGR,Bulgaria,S1M,Households and non-profit institutions serving households (NPISH),S1,Total economy,P3,Final consumption expenditure,_Z,Not applicable,_Z,Not applicable,_T,Total,USD_EXC,"US dollars, exchange rate converted",V,Current prices,N,Non transformed data,T0102,Table 0102 - GDP identity from the expenditure side,2020,,40943.773,,,,F,Free (free for publication),1,One,A,Normal value,6,Millions,_Z,Not applicable
DATAFLOW,OECD.SDD.NAD:DSD_NAMAIN10@DF_TABLE1_EXPENDITURE(2.0),Annual GDP and components - expenditure approach,I,A,Annual,BGR,Bulgaria,S1M,Households and non-profit institutions serving households (NPISH),S1,Total economy,P3,Final consumption expenditure,_Z,Not applicable,_Z,Not applicable,_T,Total,USD_EXC,"US dollars, exchange rate converted",V,Current prices,N,Non transformed data,T0102,Table 0102 - GDP identity from the expenditure side,2007,,30447.821,,,,F,Free (free for publication),1,One,A,Normal value,6,Millions,_Z,Not applicable
DATAFLOW,OECD.SDD.NAD:DSD_NAMAIN10@DF_TABLE1_EXPENDITURE(2.0),Annual GDP and components - expenditure approach,I,A,Annual,BGR,Bulgaria,S1M,Households and non-profit institutions serving households (NPISH),S1,Total economy,P3,Final consumption expenditure,_Z,Not applicable,_Z,Not applicable,_T,Total,USD_EXC,"US dollars, exchange rate converted",V,Current prices,N,Non transformed data,T0102,Table 0102 - GDP identity from the expenditure side,2006,,22996.606,,,,F,Free (free for publication),1,One,A,Normal value,6,Millions,_Z,Not applicable
DATAFLOW,OECD.SDD.NAD:DSD_NAMAIN10@DF_TABLE1_EXPENDITURE(2.0),Annual GDP and components - expenditure approach,I,A,Annual,BGR,Bulgaria,S1M,Households and non-profit institutions serving households (NPISH),S1,Total economy,P3,Final consumption expenditure,_Z,Not applicable,_Z,Not applicable,_T,Total,USD_EXC,"US dollars, exchange rate converted",V,Current prices,N,Non transformed data,T0102,Table 0102 - GDP identity from the expenditure side,2005,,20538.235,,,,F,Free (free for publication),1,One,A,Normal value,6,Millions,_Z,Not applicable
DATAFLOW,OECD.SDD.NAD:DSD_NAMAIN10@DF_TABLE1_EXPENDITURE(2.0),Annual GDP and components - expenditure approach,I,A,Annual,BGR,Bulgaria,S1M,Households and non-profit institutions serving households (NPISH),S1,Total economy,P3,Final consumption expenditure,_Z,Not applicable,_Z,Not applicable,_T,Total,USD_EXC,"US dollars, exchange rate converted",V,Current prices,N,Non transformed data,T0102,Table 0102 - GDP identity from the expenditure side,2004,,17880.219,,,,F,Free (free for publication),1,One,A,Normal value,6,Millions,_Z,Not applicable
DATAFLOW,OECD.SDD.NAD:DSD_NAMAIN10@DF_TABLE1_EXPENDITURE(2.0),Annual GDP and components - expenditure approach,I,A,Annual,BGR,Bulgaria,S1M,Households and non-profit institutions serving households (NPISH),S1,Total economy,P3,Final consumption expenditure,_Z,Not applicable,_Z,Not applicable,_T,Total,USD_EXC,"US dollars, exchange rate converted",V,Current prices,N,Non transformed data,T0102,Table 0102 - GDP identity from the expenditure side,2019,,40628.975,,,,F,Free (free for publication),1,One,A,Normal value,6,Millions,_Z,Not applicable
DATAFLOW,OECD.SDD.NAD:DSD_NAMAIN10@DF_TABLE1_EXPENDITURE(2.0),Annual GDP and components - expenditure approach,I,A,Annual,DEU,Germany,S1M,Households and non-profit institutions serving households (NPISH),S1,Total economy,P3,Final consumption expenditure,_Z,Not applicable,_Z,Not applicable,_T,Total,USD_EXC,"US dollars, exchange rate converted",V,Current prices,N,Non transformed data,T0102,Table 0102 - GDP identity from the expenditure side,2010,,1934126.491,,,,F,Free (free for publication),1,One,A,Normal value,6,Millions,_Z,Not applicable
DATAFLOW,OECD.SDD.NAD:DSD_NAMAIN10@DF_TABLE1_EXPENDITURE(2.0),Annual GDP and components - expenditure approach,I,A,Annual,DEU,Germany,S1M,Households and non-profit institutions serving households (NPISH),S1,Total economy,P3,Final consumption expenditure,_Z,Not applicable,_Z,Not applicable,_T,Total,USD_EXC,"US dollars, exchange rate converted",V,Current prices,N,Non transformed data,T0102,Table 0102 - GDP identity from the expenditure side,2009,,1990556.759,,,,F,Free (free for publication),1,One,A,Normal value,6,Millions,_Z,Not applicable
DATAFLOW,OECD.SDD.NAD:DSD_NAMAIN10@DF_TABLE1_EXPENDITURE(2.0),Annual GDP and components - expenditure approach,I,A,Annual,DEU,Germany,S1M,Households and non-profit institutions serving households (NPISH),S1,Total economy,P3,Final consumption expenditure,_Z,Not applicable,_Z,Not applicable,_T,Total,USD_EXC,"US dollars, exchange rate converted",V,Current prices,N,Non transformed data,T0102,Table 0102 - GDP identity from the expenditure side,2008,,2093573.346,,,,F,Free (free for publication),1,One,A,Normal value,6,Millions,_Z,Not applicable
DATAFLOW,OECD.SDD.NAD:DSD_NAMAIN10@DF_TABLE1_EXPENDITURE(2.0),Annual GDP and components - expenditure approach,I,A,Annual,DEU,Germany,S1M,Households and non-profit institutions serving households (NPISH),S1,Total economy,P3,Final consumption expenditure,_Z,Not applicable,_Z,Not applicable,_T,Total,USD_EXC,"US dollars, exchange rate converted",V,Current prices,N,Non transformed data,T0102,Table 0102 - GDP identity from the expenditure side,2007,,1910947.982,,,,F,Free (free for publication),1,One,A,Normal value,6,Millions,_Z,Not applicable
DATAFLOW,OECD.SDD.NAD:DSD_NAMAIN10@DF_TABLE1_EXPENDITURE(2.0),Annual GDP and components - expenditure approach,I,A,Annual,DEU,Germany,S1M,Households and non-profit institutions serving households (NPISH),S1,Total economy,P3,Final consumption expenditure,_Z,Not applicable,_Z,Not applicable,_T,Total,USD_EXC,"US dollars, exchange rate converted",V,Current prices,N,Non transformed data,T0102,Table 0102 - GDP identity from the expenditure side,2006,,1720169.133,,,,F,Free (free for publication),1,One,A,Normal value,6,Millions,_Z,Not applicable
DATAFLOW,OECD.SDD.NAD:DSD_NAMAIN10@DF_TABLE1_EXPENDITURE(2.0),Annual GDP and components - expenditure approach,I,A,Annual,DEU,Germany,S1M,Households and non-profit institutions serving households (NPISH),S1,Total economy,P3,Final consumption expenditure,_Z,Not applicable,_Z,Not applicable,_T,Total,USD_EXC,"US dollars, exchange rate converted",V,Current prices,N,Non transformed data,T0102,Table 0102 - GDP identity from the expenditure side,2005,,1660179.996,,,,F,Free (free for publication),1,One,A,Normal value,6,Millions,_Z,Not applicable
DATAFLOW,OECD.SDD.NAD:DSD_NAMAIN10@DF_TABLE1_EXPENDITURE(2.0),Annual GDP and components - expenditure approach,I,A,Annual,DEU,Germany,S1M,Households and non-profit institutions serving households (NPISH),S1,Total economy,P3,Final consumption expenditure,_Z,Not applicable,_Z,Not applicable,_T,Total,USD_EXC,"US dollars, exchange rate converted",V,Current prices,N,Non transformed data,T0102,Table 0102 - GDP identity from the expenditure side,2004,,1624811.328,,,,F,Free (free for publication),1,One,A,Normal value,6,Millions,_Z,Not applicable
DATAFLOW,OECD.SDD.NAD:DSD_NAMAIN10@DF_TABLE1_EXPENDITURE(2.0),Annual GDP and components - expenditure approach,I,A,Annual,DEU,Germany,S1M,Households and non-profit institutions serving households (NPISH),S1,Total economy,P3,Final consumption expenditure,_Z,Not applicable,_Z,Not applicable,_T,Total,USD_EXC,"US dollars, exchange rate converted",V,Current prices,N,Non transformed data,T0102,Table 0102 - GDP identity from the expenditure side,2003,,1450627.235,,,,F,Free (free for publication),1,One,A,Normal value,6,Millions,_Z,Not applicable
DATAFLOW,OECD.SDD.NAD:DSD_NAMAIN10@DF_TABLE1_EXPENDITURE(2.0),Annual GDP and components - expenditure approach,I,A,Annual,DEU,Germany,S1M,Households and non-profit institutions serving households (NPISH),S1,Total economy,P3,Final consumption expenditure,_Z,Not applicable,_Z,Not applicable,_T,Total,USD_EXC,"US dollars, exchange rate converted",V,Current prices,N,Non transformed data,T0102,Table 0102 - GDP identity from the expenditure side,2002,,1182855.051,,,,F,Free (free for publication),1,One,A,Normal value,6,Millions,_Z,Not applicable
DATAFLOW,OECD.SDD.NAD:DSD_NAMAIN10@DF_TABLE1_EXPENDITURE(2.0),Annual GDP and components - expenditure approach,I,A,Annual,DEU,Germany,S1M,Households and non-profit institutions serving households (NPISH),S1,Total economy,P3,Final consumption expenditure,_Z,Not applicable,_Z,Not applicable,_T,Total,USD_EXC,"US dollars, exchange rate converted",V,Current prices,N,Non transformed data,T0102,Table 0102 - GDP identity from the expenditure side,2001,,1109497.798,,,,F,Free (free for publication),1,One,A,Normal value,6,Millions,_Z,Not applicable
DATAFLOW,OECD.SDD.NAD:DSD_NAMAIN10@DF_TABLE1_EXPENDITURE(2.0),Annual GDP and components - expenditure approach,I,A,Annual,DEU,Germany,S1M,Households and non-profit institutions serving households (NPISH),S1,Total economy,P3,Final consumption expenditure,_Z,Not applicable,_Z,Not applicable,_T,Total,USD_EXC,"US dollars, exchange rate converted",V,Current prices,N,Non transformed data,T0102,Table 0102 - GDP identity from the expenditure side,2000,,1110010.492,,,,F,Free (free for publication),1,One,A,Normal value,6,Millions,_Z,Not applicable
DATAFLOW,OECD.SDD.NAD:DSD_NAMAIN10@DF_TABLE1_EXPENDITURE(2.0),Annual GDP and components - expenditure approach,I,A,Annual,DEU,Germany,S1M,Households and non-profit institutions serving households (NPISH),S1,Total economy,P3,Final consumption expenditure,_Z,Not applicable,_Z,Not applicable,_T,Total,USD_EXC,"US dollars, exchange rate converted",V,Current prices,N,Non transformed data,T0102,Table 0102 - GDP identity from the expenditure side,1999,,1241521.918,,,,F,Free (free for publication),1,One,A,Normal value,6,Millions,_Z,Not applicable
DATAFLOW,OECD.SDD.NAD:DSD_NAMAIN10@DF_TABLE1_EXPENDITURE(2.0),Annual GDP and components - expenditure approach,I,A,Annual,DEU,Germany,S1M,Households and non-profit institutions serving households (NPISH),S1,Total economy,P3,Final consumption expenditure,_Z,Not applicable,_Z,Not applicable,_T,Total,USD_EXC,"US dollars, exchange rate converted",V,Current prices,N,Non transformed data,T0102,Table 0102 - GDP identity from the expenditure side,2020,,1997437.147,,,,F,Free (free for publication),1,One,A,Normal value,6,Millions,_Z,Not applicable
DATAFLOW,OECD.SDD.NAD:DSD_NAMAIN10@DF_TABLE1_EXPENDITURE(2.0),Annual GDP and components - expenditure approach,I,A,Annual,DEU,Germany,S1M,Households and non-profit institutions serving households (NPISH),S1,Total economy,P3,Final consumption expenditure,_Z,Not applicable,_Z,Not applicable,_T,Total,USD_EXC,"US dollars, exchange rate converted",V,Current prices,N,Non transformed data,T0102,Table 0102 - GDP identity from the expenditure side,2019,,2087948.7,,,,F,Free (free for publication),1,One,A,Normal value,6,Millions,_Z,Not applicable
DATAFLOW,OECD.SDD.NAD:DSD_NAMAIN10@DF_TABLE1_EXPENDITURE(2.0),Annual GDP and components - expenditure approach,I,A,Annual,DEU,Germany,S1M,Households and non-profit institutions serving households (NPISH),S1,Total economy,P3,Final consumption expenditure,_Z,Not applicable,_Z,Not applicable,_T,Total,USD_EXC,"US dollars, exchange rate converted",V,Current prices,N,Non transformed data,T0102,Table 0102 - GDP identity from the expenditure side,2018,,2135752.688,,,,F,Free (free for publication),1,One,A,Normal value,6,Millions,_Z,Not applicable
DATAFLOW,OECD.SDD.NAD:DSD_NAMAIN10@DF_TABLE1_EXPENDITURE(2.0),Annual GDP and components - expenditure approach,I,A,Annual,DEU,Germany,S1M,Households and non-profit institutions serving households (NPISH),S1,Total economy,P3,Final consumption expenditure,_Z,Not applicable,_Z,Not applicable,_T,Total,USD_EXC,"US dollars, exchange rate converted",V,Current prices,N,Non transformed data,T0102,Table 0102 - GDP identity from the expenditure side,2017,,1981212.254,,,,F,Free (free for publication),1,One,A,Normal value,6,Millions,_Z,Not applicable
DATAFLOW,OECD.SDD.NAD:DSD_NAMAIN10@DF_TABLE1_EXPENDITURE(2.0),Annual GDP and components - expenditure approach,I,A,Annual,DEU,Germany,S1M,Households and non-profit institutions serving households (NPISH),S1,Total economy,P3,Final consumption expenditure,_Z,Not applicable,_Z,Not applicable,_T,Total,USD_EXC,"US dollars, exchange rate converted",V,Current prices,N,Non transformed data,T0102,Table 0102 - GDP identity from the expenditure side,2016,,1881000.308,,,,F,Free (free for publication),1,One,A,Normal value,6,Millions,_Z,Not applicable
DATAFLOW,OECD.SDD.NAD:DSD_NAMAIN10@DF_TABLE1_EXPENDITURE(2.0),Annual GDP and components - expenditure approach,I,A,Annual,DEU,Germany,S1M,Households and non-profit institutions serving households (NPISH),S1,Total economy,P3,Final consumption expenditure,_Z,Not applicable,_Z,Not applicable,_T,Total,USD_EXC,"US dollars, exchange rate converted",V,Current prices,N,Non transformed data,T0102,Table 0102 - GDP identity from the expenditure side,2015,,1831035.78,,,,F,Free (free for publication),1,One,A,Normal value,6,Millions,_Z,Not applicable
DATAFLOW,OECD.SDD.NAD:DSD_NAMAIN10@DF_TABLE1_EXPENDITURE(2.0),Annual GDP and components - expenditure approach,I,A,Annual,DEU,Germany,S1M,Households and non-profit institutions serving households (NPISH),S1,Total economy,P3,Final consumption expenditure,_Z,Not applicable,_Z,Not applicable,_T,Total,USD_EXC,"US dollars, exchange rate converted",V,Current prices,N,Non transformed data,T0102,Table 0102 - GDP identity from the expenditure side,2014,,2131893.035,,,,F,Free (free for publication),1,One,A,Normal value,6,Millions,_Z,Not applicable
DATAFLOW,OECD.SDD.NAD:DSD_NAMAIN10@DF_TABLE1_EXPENDITURE(2.0),Annual GDP and components - expenditure approach,I,A,Annual,DEU,Germany,S1M,Households and non-profit institutions serving households (NPISH),S1,Total economy,P3,Final consumption expenditure,_Z,Not applicable,_Z,Not applicable,_T,Total,USD_EXC,"US dollars, exchange rate converted",V,Current prices,N,Non transformed data,T0102,Table 0102 - GDP identity from the expenditure side,2013,,2087468.2,,,,F,Free (free for publication),1,One,A,Normal value,6,Millions,_Z,Not applicable
DATAFLOW,OECD.SDD.NAD:DSD_NAMAIN10@DF_TABLE1_EXPENDITURE(2.0),Annual GDP and components - expenditure approach,I,A,Annual,DEU,Germany,S1M,Households and non-profit institutions serving households (NPISH),S1,Total economy,P3,Final consumption expenditure,_Z,Not applicable,_Z,Not applicable,_T,Total,USD_EXC,"US dollars, exchange rate converted",V,Current prices,N,Non transformed data,T0102,Table 0102 - GDP identity from the expenditure side,1998,,1247591.766,,,,F,Free (free for publication),1,One,A,Normal value,6,Millions,_Z,Not applicable
DATAFLOW,OECD.SDD.NAD:DSD_NAMAIN10@DF_TABLE1_EXPENDITURE(2.0),Annual GDP and components - expenditure approach,I,A,Annual,DEU,Germany,S1M,Households and non-profit institutions serving households (NPISH),S1,Total economy,P3,Final consumption expenditure,_Z,Not applicable,_Z,Not applicable,_T,Total,USD_EXC,"US dollars, exchange rate converted",V,Current prices,N,Non transformed data,T0102,Table 0102 - GDP identity from the expenditure side,1997,,1242999.351,,,,F,Free (free for publication),1,One,A,Normal value,6,Millions,_Z,Not applicable
DATAFLOW,OECD.SDD.NAD:DSD_NAMAIN10@DF_TABLE1_EXPENDITURE(2.0),Annual GDP and components - expenditure approach,I,A,Annual,DEU,Germany,S1M,Households and non-profit institutions serving households (NPISH),S1,Total economy,P3,Final consumption expenditure,_Z,Not applicable,_Z,Not applicable,_T,Total,USD_EXC,"US dollars, exchange rate converted",V,Current prices,N,Non transformed data,T0102,Table 0102 - GDP identity from the expenditure side,1996,,1403554.374,,,,F,Free (free for publication),1,One,A,Normal value,6,Millions,_Z,Not applicable
DATAFLOW,OECD.SDD.NAD:DSD_NAMAIN10@DF_TABLE1_EXPENDITURE(2.0),Annual GDP and components - expenditure approach,I,A,Annual,DEU,Germany,S1M,Households and non-profit institutions serving households (NPISH),S1,Total economy,P3,Final consumption expenditure,_Z,Not applicable,_Z,Not applicable,_T,Total,USD_EXC,"US dollars, exchange rate converted",V,Current prices,N,Non transformed data,T0102,Table 0102 - GDP identity from the expenditure side,1995,,1439798.598,,,,F,Free (free for publication),1,One,A,Normal value,6,Millions,_Z,Not applicable
DATAFLOW,OECD.SDD.NAD:DSD_NAMAIN10@DF_TABLE1_EXPENDITURE(2.0),Annual GDP and components - expenditure approach,I,A,Annual,DEU,Germany,S1M,Households and non-profit institutions serving households (NPISH),S1,Total economy,P3,Final consumption expenditure,_Z,Not applicable,_Z,Not applicable,_T,Total,USD_EXC,"US dollars, exchange rate converted",V,Current prices,N,Non transformed data,T0102,Table 0102 - GDP identity from the expenditure side,2012,,1986614.762,,,,F,Free (free for publication),1,One,A,Normal value,6,Millions,_Z,Not applicable
DATAFLOW,OECD.SDD.NAD:DSD_NAMAIN10@DF_TABLE1_EXPENDITURE(2.0),Annual GDP and components - expenditure approach,I,A,Annual,GEO,Georgia,S1M,Households and non-profit institutions serving households (NPISH),S1,Total economy,P3,Final consumption expenditure,_Z,Not applicable,_Z,Not applicable,_T,Total,USD_EXC,"US dollars, exchange rate converted",V,Current prices,N,Non transformed data,T0102,Table 0102 - GDP identity from the expenditure side,2014,,13640.176,,,,F,Free (free for publication),1,One,A,Normal value,6,Millions,_Z,Not applicable
DATAFLOW,OECD.SDD.NAD:DSD_NAMAIN10@DF_TABLE1_EXPENDITURE(2.0),Annual GDP and components - expenditure approach,I,A,Annual,GEO,Georgia,S1M,Households and non-profit institutions serving households (NPISH),S1,Total economy,P3,Final consumption expenditure,_Z,Not applicable,_Z,Not applicable,_T,Total,USD_EXC,"US dollars, exchange rate converted",V,Current prices,N,Non transformed data,T0102,Table 0102 - GDP identity from the expenditure side,2013,,13241.212,,,,F,Free (free for publication),1,One,A,Normal value,6,Millions,_Z,Not applicable
DATAFLOW,OECD.SDD.NAD:DSD_NAMAIN10@DF_TABLE1_EXPENDITURE(2.0),Annual GDP and components - expenditure approach,I,A,Annual,GEO,Georgia,S1M,Households and non-profit institutions serving households (NPISH),S1,Total economy,P3,Final consumption expenditure,_Z,Not applicable,_Z,Not applicable,_T,Total,USD_EXC,"US dollars, exchange rate converted",V,Current prices,N,Non transformed data,T0102,Table 0102 - GDP identity from the expenditure side,2012,,13234.543,,,,F,Free (free for publication),1,One,A,Normal value,6,Millions,_Z,Not applicable
DATAFLOW,OECD.SDD.NAD:DSD_NAMAIN10@DF_TABLE1_EXPENDITURE(2.0),Annual GDP and components - expenditure approach,I,A,Annual,GEO,Georgia,S1M,Households and non-profit institutions serving households (NPISH),S1,Total economy,P3,Final consumption expenditure,_Z,Not applicable,_Z,Not applicable,_T,Total,USD_EXC,"US dollars, exchange rate converted",V,Current prices,N,Non transformed data,T0102,Table 0102 - GDP identity from the expenditure side,2011,,12238.586,,,,F,Free (free for publication),1,One,A,Normal value,6,Millions,_Z,Not applicable
DATAFLOW,OECD.SDD.NAD:DSD_NAMAIN10@DF_TABLE1_EXPENDITURE(2.0),Annual GDP and components - expenditure approach,I,A,Annual,GEO,Georgia,S1M,Households and non-profit institutions serving households (NPISH),S1,Total economy,P3,Final consumption expenditure,_Z,Not applicable,_Z,Not applicable,_T,Total,USD_EXC,"US dollars, exchange rate converted",V,Current prices,N,Non transformed data,T0102,Table 0102 - GDP identity from the expenditure side,2010,,9755.78,,,,F,Free (free for publication),1,One,A,Normal value,6,Millions,_Z,Not applicable
DATAFLOW,OECD.SDD.NAD:DSD_NAMAIN10@DF_TABLE1_EXPENDITURE(2.0),Annual GDP and components - expenditure approach,I,A,Annual,GEO,Georgia,S1M,Households and non-profit institutions serving households (NPISH),S1,Total economy,P3,Final consumption expenditure,_Z,Not applicable,_Z,Not applicable,_T,Total,USD_EXC,"US dollars, exchange rate converted",V,Current prices,N,Non transformed data,T0102,Table 0102 - GDP identity from the expenditure side,2020,,12791.069,,,,F,Free (free for publication),1,One,A,Normal value,6,Millions,_Z,Not applicable
DATAFLOW,OECD.SDD.NAD:DSD_NAMAIN10@DF_TABLE1_EXPENDITURE(2.0),Annual GDP and components - expenditure approach,I,A,Annual,GEO,Georgia,S1M,Households and non-profit institutions serving households (NPISH),S1,Total economy,P3,Final consumption expenditure,_Z,Not applicable,_Z,Not applicable,_T,Total,USD_EXC,"US dollars, exchange rate converted",V,Current prices,N,Non transformed data,T0102,Table 0102 - GDP identity from the expenditure side,2019,,12155.515,,,,F,Free (free for publication),1,One,A,Normal value,6,Millions,_Z,Not applicable
DATAFLOW,OECD.SDD.NAD:DSD_NAMAIN10@DF_TABLE1_EXPENDITURE(2.0),Annual GDP and components - expenditure approach,I,A,Annual,GEO,Georgia,S1M,Households and non-profit institutions serving households (NPISH),S1,Total economy,P3,Final consumption expenditure,_Z,Not applicable,_Z,Not applicable,_T,Total,USD_EXC,"US dollars, exchange rate converted",V,Current prices,N,Non transformed data,T0102,Table 0102 - GDP identity from the expenditure side,2018,,12398.066,,,,F,Free (free for publication),1,One,A,Normal value,6,Millions,_Z,Not applicable
DATAFLOW,OECD.SDD.NAD:DSD_NAMAIN10@DF_TABLE1_EXPENDITURE(2.0),Annual GDP and components - expenditure approach,I,A,Annual,GEO,Georgia,S1M,Households and non-profit institutions serving households (NPISH),S1,Total economy,P3,Final consumption expenditure,_Z,Not applicable,_Z,Not applicable,_T,Total,USD_EXC,"US dollars, exchange rate converted",V,Current prices,N,Non transformed data,T0102,Table 0102 - GDP identity from the expenditure side,2017,,11830.104,,,,F,Free (free for publication),1,One,A,Normal value,6,Millions,_Z,Not applicable
DATAFLOW,OECD.SDD.NAD:DSD_NAMAIN10@DF_TABLE1_EXPENDITURE(2.0),Annual GDP and components - expenditure approach,I,A,Annual,GEO,Georgia,S1M,Households and non-profit institutions serving households (NPISH),S1,Total economy,P3,Final consumption expenditure,_Z,Not applicable,_Z,Not applicable,_T,Total,USD_EXC,"US dollars, exchange rate converted",V,Current prices,N,Non transformed data,T0102,Table 0102 - GDP identity from the expenditure side,2016,,10940.857,,,,F,Free (free for publication),1,One,A,Normal value,6,Millions,_Z,Not applicable
DATAFLOW,OECD.SDD.NAD:DSD_NAMAIN10@DF_TABLE1_EXPENDITURE(2.0),Annual GDP and components - expenditure approach,I,A,Annual,JPN,Japan,S1M,Households and non-profit institutions serving households (NPISH),S1,Total economy,P3,Final consumption expenditure,_Z,Not applicable,_Z,Not applicable,_T,Total,USD_EXC,"US dollars, exchange rate converted",V,Current prices,N,Non transformed data,T0102,Table 0102 - GDP identity from the expenditure side,1999,,2507944.104,,,,F,Free (free for publication),1,One,A,Normal value,6,Millions,_Z,Not applicable
DATAFLOW,OECD.SDD.NAD:DSD_NAMAIN10@DF_TABLE1_EXPENDITURE(2.0),Annual GDP and components - expenditure approach,I,A,Annual,JPN,Japan,S1M,Households and non-profit institutions serving households (NPISH),S1,Total economy,P3,Final consumption expenditure,_Z,Not applicable,_Z,Not applicable,_T,Total,USD_EXC,"US dollars, exchange rate converted",V,Current prices,N,Non transformed data,T0102,Table 0102 - GDP identity from the expenditure side,1998,,2172104.556,,,,F,Free (free for publication),1,One,A,Normal value,6,Millions,_Z,Not applicable
DATAFLOW,OECD.SDD.NAD:DSD_NAMAIN10@DF_TABLE1_EXPENDITURE(2.0),Annual GDP and components - expenditure approach,I,A,Annual,JPN,Japan,S1M,Households and non-profit institutions serving households (NPISH),S1,Total economy,P3,Final consumption expenditure,_Z,Not applicable,_Z,Not applicable,_T,Total,USD_EXC,"US dollars, exchange rate converted",V,Current prices,N,Non transformed data,T0102,Table 0102 - GDP identity from the expenditure side,1997,,2363199.948,,,,F,Free (free for publication),1,One,A,Normal value,6,Millions,_Z,Not applicable
DATAFLOW,OECD.SDD.NAD:DSD_NAMAIN10@DF_TABLE1_EXPENDITURE(2.0),Annual GDP and components - expenditure approach,I,A,Annual,JPN,Japan,S1M,Households and non-profit institutions serving households (NPISH),S1,Total economy,P3,Final consumption expenditure,_Z,Not applicable,_Z,Not applicable,_T,Total,USD_EXC,"US dollars, exchange rate converted",V,Current prices,N,Non transformed data,T0102,Table 0102 - GDP identity from the expenditure side,1996,,2582295.789,,,,F,Free (free for publication),1,One,A,Normal value,6,Millions,_Z,Not applicable
DATAFLOW,OECD.SDD.NAD:DSD_NAMAIN10@DF_TABLE1_EXPENDITURE(2.0),Annual GDP and components - expenditure approach,I,A,Annual,JPN,Japan,S1M,Households and non-profit institutions serving households (NPISH),S1,Total economy,P3,Final consumption expenditure,_Z,Not applicable,_Z,Not applicable,_T,Total,USD_EXC,"US dollars, exchange rate converted",V,Current prices,N,Non transformed data,T0102,Table 0102 - GDP identity from the expenditure side,1995,,2924942.918,,,,F,Free (free for publication),1,One,A,Normal value,6,Millions,_Z,Not applicable
DATAFLOW,OECD.SDD.NAD:DSD_NAMAIN10@DF_TABLE1_EXPENDITURE(2.0),Annual GDP and components - expenditure approach,I,A,Annual,JPN,Japan,S1M,Households and non-profit institutions serving households (NPISH),S1,Total economy,P3,Final consumption expenditure,_Z,Not applicable,_Z,Not applicable,_T,Total,USD_EXC,"US dollars, exchange rate converted",V,Current prices,N,Non transformed data,T0102,Table 0102 - GDP identity from the expenditure side,2020,,2732712.166,,,,F,Free (free for publication),1,One,A,Normal value,6,Millions,_Z,Not applicable
DATAFLOW,OECD.SDD.NAD:DSD_NAMAIN10@DF_TABLE1_EXPENDITURE(2.0),Annual GDP and components - expenditure approach,I,A,Annual,JPN,Japan,S1M,Households and non-profit institutions serving households (NPISH),S1,Total economy,P3,Final consumption expenditure,_Z,Not applicable,_Z,Not applicable,_T,Total,USD_EXC,"US dollars, exchange rate converted",V,Current prices,N,Non transformed data,T0102,Table 0102 - GDP identity from the expenditure side,2019,,2792100.109,,,,F,Free (free for publication),1,One,A,Normal value,6,Millions,_Z,Not applicable
DATAFLOW,OECD.SDD.NAD:DSD_NAMAIN10@DF_TABLE1_EXPENDITURE(2.0),Annual GDP and components - expenditure approach,I,A,Annual,IND,India,S1M,Households and non-profit institutions serving households (NPISH),S1,Total economy,P3,Final consumption expenditure,_Z,Not applicable,_Z,Not applicable,_T,Total,USD_EXC,"US dollars, exchange rate converted",V,Current prices,N,Non transformed data,T0102,Table 0102 - GDP identity from the expenditure side,2005,,466168.941,,,,F,Free (free for publication),1,One,E,Estimated value,6,Millions,_Z,Not applicable
DATAFLOW,OECD.SDD.NAD:DSD_NAMAIN10@DF_TABLE1_EXPENDITURE(2.0),Annual GDP and components - expenditure approach,I,A,Annual,CMR,Cameroon,S1M,Households and non-profit institutions serving households (NPISH),S1,Total economy,P3,Final consumption expenditure,_Z,Not applicable,_Z,Not applicable,_T,Total,USD_EXC,"US dollars, exchange rate converted",V,Current prices,N,Non transformed data,T0102,Table 0102 - GDP identity from the expenditure side,2005,,13880.419,,,,F,Free (free for publication),1,One,A,Normal value,6,Millions,_Z,Not applicable
DATAFLOW,OECD.SDD.NAD:DSD_NAMAIN10@DF_TABLE1_EXPENDITURE(2.0),Annual GDP and components - expenditure approach,I,A,Annual,IDN,Indonesia,S1M,Households and non-profit institutions serving households (NPISH),S1,Total economy,P3,Final consumption expenditure,_Z,Not applicable,_Z,Not applicable,_T,Total,USD_EXC,"US dollars, exchange rate converted",V,Current prices,N,Non transformed data,T0102,Table 0102 - GDP identity from the expenditure side,2005,,189850.323,,,,F,Free (free for publication),1,One,E,Estimated value,6,Millions,_Z,Not applicable
DATAFLOW,OECD.SDD.NAD:DSD_NAMAIN10@DF_TABLE1_EXPENDITURE(2.0),Annual GDP and components - expenditure approach,I,A,Annual,MAR,Morocco,S1M,Households and non-profit institutions serving households (NPISH),S1,Total economy,P3,Final consumption expenditure,_Z,Not applicable,_Z,Not applicable,_T,Total,USD_EXC,"US dollars, exchange rate converted",V,Current prices,N,Non transformed data,T0102,Table 0102 - GDP identity from the expenditure side,2015,,65103.679,,,,F,Free (free for publication),1,One,A,Normal value,6,Millions,_Z,Not applicable
DATAFLOW,OECD.SDD.NAD:DSD_NAMAIN10@DF_TABLE1_EXPENDITURE(2.0),Annual GDP and components - expenditure approach,I,A,Annual,ALB,Albania,S1M,Households and non-profit institutions serving households (NPISH),S1,Total economy,P3,Final consumption expenditure,_Z,Not applicable,_Z,Not applicable,_T,Total,USD_EXC,"US dollars, exchange rate converted",V,Current prices,N,Non transformed data,T0102,Table 0102 - GDP identity from the expenditure side,2003,,4467.548,,,,F,Free (free for publication),1,One,A,Normal value,6,Millions,_Z,Not applicable
DATAFLOW,OECD.SDD.NAD:DSD_NAMAIN10@DF_TABLE1_EXPENDITURE(2.0),Annual GDP and components - expenditure approach,I,A,Annual,AUS,Australia,S1M,Households and non-profit institutions serving households (NPISH),S1,Total economy,P3,Final consumption expenditure,_Z,Not applicable,_Z,Not applicable,_T,Total,USD_EXC,"US dollars, exchange rate converted",V,Current prices,N,Non transformed data,T0102,Table 0102 - GDP identity from the expenditure side,2005,,427781.907,,,,F,Free (free for publication),1,One,A,Normal value,6,Millions,_Z,Not applicable
DATAFLOW,OECD.SDD.NAD:DSD_NAMAIN10@DF_TABLE1_EXPENDITURE(2.0),Annual GDP and components - expenditure approach,I,A,Annual,GRC,Greece,S1M,Households and non-profit institutions serving households (NPISH),S1,Total economy,P3,Final consumption expenditure,_Z,Not applicable,_Z,Not applicable,_T,Total,USD_EXC,"US dollars, exchange rate converted",V,Current prices,N,Non transformed data,T0102,Table 0102 - GDP identity from the expenditure side,2005,,159256.664,,,,F,Free (free for publication),1,One,A,Normal value,6,Millions,_Z,Not applicable
DATAFLOW,OECD.SDD.NAD:DSD_NAMAIN10@DF_TABLE1_EXPENDITURE(2.0),Annual GDP and components - expenditure approach,I,A,Annual,TUR,Türkiye,S1M,Households and non-profit institutions serving households (NPISH),S1,Total economy,P3,Final consumption expenditure,_Z,Not applicable,_Z,Not applicable,_T,Total,USD_EXC,"US dollars, exchange rate converted",V,Current prices,N,Non transformed data,T0102,Table 0102 - GDP identity from the expenditure side,2005,,321004.684,,,,F,Free (free for publication),1,One,A,Normal value,6,Millions,_Z,Not applicable
DATAFLOW,OECD.SDD.NAD:DSD_NAMAIN10@DF_TABLE1_EXPENDITURE(2.0),Annual GDP and components - expenditure approach,I,A,Annual,EU27_2020,European Union (27 countries from 01/02/2020),S1M,Households and non-profit institutions serving households (NPISH),S1,Total economy,P3,Final consumption expenditure,_Z,Not applicable,_Z,Not applicable,_T,Total,USD_EXC,"US dollars, exchange rate converted",V,Current prices,N,Non transformed data,T0102,Table 0102 - GDP identity from the expenditure side,1999,,4425712.528,,,,F,Free (free for publication),1,One,A,Normal value,6,Millions,_Z,Not applicable
DATAFLOW,OECD.SDD.NAD:DSD_NAMAIN10@DF_TABLE1_EXPENDITURE(2.0),Annual GDP and components - expenditure approach,I,A,Annual,FRA,France,S1M,Households and non-profit institutions serving households (NPISH),S1,Total economy,P3,Final consumption expenditure,_Z,Not applicable,_Z,Not applicable,_T,Total,USD_EXC,"US dollars, exchange rate converted",V,Current prices,N,Non transformed data,T0102,Table 0102 - GDP identity from the expenditure side,2012,,1472873.382,,,,F,Free (free for publication),1,One,A,Normal value,6,Millions,_Z,Not applicable
DATAFLOW,OECD.SDD.NAD:DSD_NAMAIN10@DF_TABLE1_EXPENDITURE(2.0),Annual GDP and components - expenditure approach,I,A,Annual,CHL,Chile,S1M,Households and non-profit institutions serving households (NPISH),S1,Total economy,P3,Final consumption expenditure,_Z,Not applicable,_Z,Not applicable,_T,Total,USD_EXC,"US dollars, exchange rate converted",V,Current prices,N,Non transformed data,T0102,Table 0102 - GDP identity from the expenditure side,2006,,82299.583,,,,F,Free (free for publication),1,One,A,Normal value,6,Millions,_Z,Not applicable
DATAFLOW,OECD.SDD.NAD:DSD_NAMAIN10@DF_TABLE1_EXPENDITURE(2.0),Annual GDP and components - expenditure approach,I,A,Annual,NOR,Norway,S1M,Households and non-profit institutions serving households (NPISH),S1,Total economy,P3,Final consumption expenditure,_Z,Not applicable,_Z,Not applicable,_T,Total,USD_EXC,"US dollars, exchange rate converted",V,Current prices,N,Non transformed data,T0102,Table 0102 - GDP identity from the expenditure side,2016,,168025.952,,,,F,Free (free for publication),1,One,A,Normal value,6,Millions,_Z,Not applicable
DATAFLOW,OECD.SDD.NAD:DSD_NAMAIN10@DF_TABLE1_EXPENDITURE(2.0),Annual GDP and components - expenditure approach,I,A,Annual,NOR,Norway,S1M,Households and non-profit institutions serving households (NPISH),S1,Total economy,P3,Final consumption expenditure,_Z,Not applicable,_Z,Not applicable,_T,Total,USD_EXC,"US dollars, exchange rate converted",V,Current prices,N,Non transformed data,T0102,Table 0102 - GDP identity from the expenditure side,2017,,177915.414,,,,F,Free (free for publication),1,One,A,Normal value,6,Millions,_Z,Not applicable
DATAFLOW,OECD.SDD.NAD:DSD_NAMAIN10@DF_TABLE1_EXPENDITURE(2.0),Annual GDP and components - expenditure approach,I,A,Annual,NOR,Norway,S1M,Households and non-profit institutions serving households (NPISH),S1,Total economy,P3,Final consumption expenditure,_Z,Not applicable,_Z,Not applicable,_T,Total,USD_EXC,"US dollars, exchange rate converted",V,Current prices,N,Non transformed data,T0102,Table 0102 - GDP identity from the expenditure side,2018,,187883.431,,,,F,Free (free for publication),1,One,A,Normal value,6,Millions,_Z,Not applicable
DATAFLOW,OECD.SDD.NAD:DSD_NAMAIN10@DF_TABLE1_EXPENDITURE(2.0),Annual GDP and components - expenditure approach,I,A,Annual,NOR,Norway,S1M,Households and non-profit institutions serving households (NPISH),S1,Total economy,P3,Final consumption expenditure,_Z,Not applicable,_Z,Not applicable,_T,Total,USD_EXC,"US dollars, exchange rate converted",V,Current prices,N,Non transformed data,T0102,Table 0102 - GDP identity from the expenditure side,2019,,179433.977,,,,F,Free (free for publication),1,One,A,Normal value,6,Millions,_Z,Not applicable
DATAFLOW,OECD.SDD.NAD:DSD_NAMAIN10@DF_TABLE1_EXPENDITURE(2.0),Annual GDP and components - expenditure approach,I,A,Annual,NOR,Norway,S1M,Households and non-profit institutions serving households (NPISH),S1,Total economy,P3,Final consumption expenditure,_Z,Not applicable,_Z,Not applicable,_T,Total,USD_EXC,"US dollars, exchange rate converted",V,Current prices,N,Non transformed data,T0102,Table 0102 - GDP identity from the expenditure side,2020,,159726.064,,,,F,Free (free for publication),1,One,A,Normal value,6,Millions,_Z,Not applicable
DATAFLOW,OECD.SDD.NAD:DSD_NAMAIN10@DF_TABLE1_EXPENDITURE(2.0),Annual GDP and components - expenditure approach,I,A,Annual,NOR,Norway,S1M,Households and non-profit institutions serving households (NPISH),S1,Total economy,P3,Final consumption expenditure,_Z,Not applicable,_Z,Not applicable,_T,Total,USD_EXC,"US dollars, exchange rate converted",V,Current prices,N,Non transformed data,T0102,Table 0102 - GDP identity from the expenditure side,1995,,74333.126,,,,F,Free (free for publication),1,One,A,Normal value,6,Millions,_Z,Not applicable
DATAFLOW,OECD.SDD.NAD:DSD_NAMAIN10@DF_TABLE1_EXPENDITURE(2.0),Annual GDP and components - expenditure approach,I,A,Annual,NOR,Norway,S1M,Households and non-profit institutions serving households (NPISH),S1,Total economy,P3,Final consumption expenditure,_Z,Not applicable,_Z,Not applicable,_T,Total,USD_EXC,"US dollars, exchange rate converted",V,Current prices,N,Non transformed data,T0102,Table 0102 - GDP identity from the expenditure side,1996,,78605.437,,,,F,Free (free for publication),1,One,A,Normal value,6,Millions,_Z,Not applicable
DATAFLOW,OECD.SDD.NAD:DSD_NAMAIN10@DF_TABLE1_EXPENDITURE(2.0),Annual GDP and components - expenditure approach,I,A,Annual,NOR,Norway,S1M,Households and non-profit institutions serving households (NPISH),S1,Total economy,P3,Final consumption expenditure,_Z,Not applicable,_Z,Not applicable,_T,Total,USD_EXC,"US dollars, exchange rate converted",V,Current prices,N,Non transformed data,T0102,Table 0102 - GDP identity from the expenditure side,1997,,75683.821,,,,F,Free (free for publication),1,One,A,Normal value,6,Millions,_Z,Not applicable
DATAFLOW,OECD.SDD.NAD:DSD_NAMAIN10@DF_TABLE1_EXPENDITURE(2.0),Annual GDP and components - expenditure approach,I,A,Annual,NOR,Norway,S1M,Households and non-profit institutions serving households (NPISH),S1,Total economy,P3,Final consumption expenditure,_Z,Not applicable,_Z,Not applicable,_T,Total,USD_EXC,"US dollars, exchange rate converted",V,Current prices,N,Non transformed data,T0102,Table 0102 - GDP identity from the expenditure side,1998,,74808.709,,,,F,Free (free for publication),1,One,A,Normal value,6,Millions,_Z,Not applicable
DATAFLOW,OECD.SDD.NAD:DSD_NAMAIN10@DF_TABLE1_EXPENDITURE(2.0),Annual GDP and components - expenditure approach,I,A,Annual,NOR,Norway,S1M,Households and non-profit institutions serving households (NPISH),S1,Total economy,P3,Final consumption expenditure,_Z,Not applicable,_Z,Not applicable,_T,Total,USD_EXC,"US dollars, exchange rate converted",V,Current prices,N,Non transformed data,T0102,Table 0102 - GDP identity from the expenditure side,1999,,76551.976,,,,F,Free (free for publication),1,One,A,Normal value,6,Millions,_Z,Not applicable
DATAFLOW,OECD.SDD.NAD:DSD_NAMAIN10@DF_TABLE1_EXPENDITURE(2.0),Annual GDP and components - expenditure approach,I,A,Annual,NOR,Norway,S1M,Households and non-profit institutions serving households (NPISH),S1,Total economy,P3,Final consumption expenditure,_Z,Not applicable,_Z,Not applicable,_T,Total,USD_EXC,"US dollars, exchange rate converted",V,Current prices,N,Non transformed data,T0102,Table 0102 - GDP identity from the expenditure side,2004,,117243.368,,,,F,Free (free for publication),1,One,A,Normal value,6,Millions,_Z,Not applicable
DATAFLOW,OECD.SDD.NAD:DSD_NAMAIN10@DF_TABLE1_EXPENDITURE(2.0),Annual GDP and components - expenditure approach,I,A,Annual,NOR,Norway,S1M,Households and non-profit institutions serving households (NPISH),S1,Total economy,P3,Final consumption expenditure,_Z,Not applicable,_Z,Not applicable,_T,Total,USD_EXC,"US dollars, exchange rate converted",V,Current prices,N,Non transformed data,T0102,Table 0102 - GDP identity from the expenditure side,2005,,129538.844,,,,F,Free (free for publication),1,One,A,Normal value,6,Millions,_Z,Not applicable
DATAFLOW,OECD.SDD.NAD:DSD_NAMAIN10@DF_TABLE1_EXPENDITURE(2.0),Annual GDP and components - expenditure approach,I,A,Annual,NOR,Norway,S1M,Households and non-profit institutions serving households (NPISH),S1,Total economy,P3,Final consumption expenditure,_Z,Not applicable,_Z,Not applicable,_T,Total,USD_EXC,"US dollars, exchange rate converted",V,Current prices,N,Non transformed data,T0102,Table 0102 - GDP identity from the expenditure side,2006,,139071.518,,,,F,Free (free for publication),1,One,A,Normal value,6,Millions,_Z,Not applicable
DATAFLOW,OECD.SDD.NAD:DSD_NAMAIN10@DF_TABLE1_EXPENDITURE(2.0),Annual GDP and components - expenditure approach,I,A,Annual,NOR,Norway,S1M,Households and non-profit institutions serving households (NPISH),S1,Total economy,P3,Final consumption expenditure,_Z,Not applicable,_Z,Not applicable,_T,Total,USD_EXC,"US dollars, exchange rate converted",V,Current prices,N,Non transformed data,T0102,Table 0102 - GDP identity from the expenditure side,2007,,162277.054,,,,F,Free (free for publication),1,One,A,Normal value,6,Millions,_Z,Not applicable
DATAFLOW,OECD.SDD.NAD:DSD_NAMAIN10@DF_TABLE1_EXPENDITURE(2.0),Annual GDP and components - expenditure approach,I,A,Annual,NOR,Norway,S1M,Households and non-profit institutions serving households (NPISH),S1,Total economy,P3,Final consumption expenditure,_Z,Not applicable,_Z,Not applicable,_T,Total,USD_EXC,"US dollars, exchange rate converted",V,Current prices,N,Non transformed data,T0102,Table 0102 - GDP identity from the expenditure side,2008,,177438.298,,,,F,Free (free for publication),1,One,A,Normal value,6,Millions,_Z,Not applicable
DATAFLOW,OECD.SDD.NAD:DSD_NAMAIN10@DF_TABLE1_EXPENDITURE(2.0),Annual GDP and components - expenditure approach,I,A,Annual,NOR,Norway,S1M,Households and non-profit institutions serving households (NPISH),S1,Total economy,P3,Final consumption expenditure,_Z,Not applicable,_Z,Not applicable,_T,Total,USD_EXC,"US dollars, exchange rate converted",V,Current prices,N,Non transformed data,T0102,Table 0102 - GDP identity from the expenditure side,2009,,163141.002,,,,F,Free (free for publication),1,One,A,Normal value,6,Millions,_Z,Not applicable
DATAFLOW,OECD.SDD.NAD:DSD_NAMAIN10@DF_TABLE1_EXPENDITURE(2.0),Annual GDP and components - expenditure approach,I,A,Annual,NOR,Norway,S1M,Households and non-profit institutions serving households (NPISH),S1,Total economy,P3,Final consumption expenditure,_Z,Not applicable,_Z,Not applicable,_T,Total,USD_EXC,"US dollars, exchange rate converted",V,Current prices,N,Non transformed data,T0102,Table 0102 - GDP identity from the expenditure side,2010,,179851.096,,,,F,Free (free for publication),1,One,A,Normal value,6,Millions,_Z,Not applicable
DATAFLOW,OECD.SDD.NAD:DSD_NAMAIN10@DF_TABLE1_EXPENDITURE(2.0),Annual GDP and components - expenditure approach,I,A,Annual,NOR,Norway,S1M,Households and non-profit institutions serving households (NPISH),S1,Total economy,P3,Final consumption expenditure,_Z,Not applicable,_Z,Not applicable,_T,Total,USD_EXC,"US dollars, exchange rate converted",V,Current prices,N,Non transformed data,T0102,Table 0102 - GDP identity from the expenditure side,2011,,200743.592,,,,F,Free (free for publication),1,One,A,Normal value,6,Millions,_Z,Not applicable
DATAFLOW,OECD.SDD.NAD:DSD_NAMAIN10@DF_TABLE1_EXPENDITURE(2.0),Annual GDP and components - expenditure approach,I,A,Annual,NOR,Norway,S1M,Households and non-profit institutions serving households (NPISH),S1,Total economy,P3,Final consumption expenditure,_Z,Not applicable,_Z,Not applicable,_T,Total,USD_EXC,"US dollars, exchange rate converted",V,Current prices,N,Non transformed data,T0102,Table 0102 - GDP identity from the expenditure side,2012,,202252.686,,,,F,Free (free for publication),1,One,A,Normal value,6,Millions,_Z,Not applicable
DATAFLOW,OECD.SDD.NAD:DSD_NAMAIN10@DF_TABLE1_EXPENDITURE(2.0),Annual GDP and components - expenditure approach,I,A,Annual,NOR,Norway,S1M,Households and non-profit institutions serving households (NPISH),S1,Total economy,P3,Final consumption expenditure,_Z,Not applicable,_Z,Not applicable,_T,Total,USD_EXC,"US dollars, exchange rate converted",V,Current prices,N,Non transformed data,T0102,Table 0102 - GDP identity from the expenditure side,2013,,210108.596,,,,F,Free (free for publication),1,One,A,Normal value,6,Millions,_Z,Not applicable
DATAFLOW,OECD.SDD.NAD:DSD_NAMAIN10@DF_TABLE1_EXPENDITURE(2.0),Annual GDP and components - expenditure approach,I,A,Annual,NOR,Norway,S1M,Households and non-profit institutions serving households (NPISH),S1,Total economy,P3,Final consumption expenditure,_Z,Not applicable,_Z,Not applicable,_T,Total,USD_EXC,"US dollars, exchange rate converted",V,Current prices,N,Non transformed data,T0102,Table 0102 - GDP identity from the expenditure side,2000,,72706.375,,,,F,Free (free for publication),1,One,A,Normal value,6,Millions,_Z,Not applicable
DATAFLOW,OECD.SDD.NAD:DSD_NAMAIN10@DF_TABLE1_EXPENDITURE(2.0),Annual GDP and components - expenditure approach,I,A,Annual,NOR,Norway,S1M,Households and non-profit institutions serving households (NPISH),S1,Total economy,P3,Final consumption expenditure,_Z,Not applicable,_Z,Not applicable,_T,Total,USD_EXC,"US dollars, exchange rate converted",V,Current prices,N,Non transformed data,T0102,Table 0102 - GDP identity from the expenditure side,2001,,74236.618,,,,F,Free (free for publication),1,One,A,Normal value,6,Millions,_Z,Not applicable
DATAFLOW,OECD.SDD.NAD:DSD_NAMAIN10@DF_TABLE1_EXPENDITURE(2.0),Annual GDP and components - expenditure approach,I,A,Annual,NOR,Norway,S1M,Households and non-profit institutions serving households (NPISH),S1,Total economy,P3,Final consumption expenditure,_Z,Not applicable,_Z,Not applicable,_T,Total,USD_EXC,"US dollars, exchange rate converted",V,Current prices,N,Non transformed data,T0102,Table 0102 - GDP identity from the expenditure side,2002,,87422.762,,,,F,Free (free for publication),1,One,A,Normal value,6,Millions,_Z,Not applicable
DATAFLOW,OECD.SDD.NAD:DSD_NAMAIN10@DF_TABLE1_EXPENDITURE(2.0),Annual GDP and components - expenditure approach,I,A,Annual,NOR,Norway,S1M,Households and non-profit institutions serving households (NPISH),S1,Total economy,P3,Final consumption expenditure,_Z,Not applicable,_Z,Not applicable,_T,Total,USD_EXC,"US dollars, exchange rate converted",V,Current prices,N,Non transformed data,T0102,Table 0102 - GDP identity from the expenditure side,2003,,104614.313,,,,F,Free (free for publication),1,One,A,Normal value,6,Millions,_Z,Not applicable
DATAFLOW,OECD.SDD.NAD:DSD_NAMAIN10@DF_TABLE1_EXPENDITURE(2.0),Annual GDP and components - expenditure approach,I,A,Annual,NOR,Norway,S1M,Households and non-profit institutions serving households (NPISH),S1,Total economy,P3,Final consumption expenditure,_Z,Not applicable,_Z,Not applicable,_T,Total,USD_EXC,"US dollars, exchange rate converted",V,Current prices,N,Non transformed data,T0102,Table 0102 - GDP identity from the expenditure side,2014,,204454.166,,,,F,Free (free for publication),1,One,A,Normal value,6,Millions,_Z,Not applicable
DATAFLOW,OECD.SDD.NAD:DSD_NAMAIN10@DF_TABLE1_EXPENDITURE(2.0),Annual GDP and components - expenditure approach,I,A,Annual,USA,United States,S1M,Households and non-profit institutions serving households (NPISH),S1,Total economy,P3,Final consumption expenditure,_Z,Not applicable,_Z,Not applicable,_T,Total,USD_EXC,"US dollars, exchange rate converted",V,Current prices,N,Non transformed data,T0102,Table 0102 - GDP identity from the expenditure side,2004,,8231960,,,,F,Free (free for publication),1,One,A,Normal value,6,Millions,_Z,Not applicable
DATAFLOW,OECD.SDD.NAD:DSD_NAMAIN10@DF_TABLE1_EXPENDITURE(2.0),Annual GDP and components - expenditure approach,I,A,Annual,USA,United States,S1M,Households and non-profit institutions serving households (NPISH),S1,Total economy,P3,Final consumption expenditure,_Z,Not applicable,_Z,Not applicable,_T,Total,USD_EXC,"US dollars, exchange rate converted",V,Current prices,N,Non transformed data,T0102,Table 0102 - GDP identity from the expenditure side,2003,,7740749,,,,F,Free (free for publication),1,One,A,Normal value,6,Millions,_Z,Not applicable
DATAFLOW,OECD.SDD.NAD:DSD_NAMAIN10@DF_TABLE1_EXPENDITURE(2.0),Annual GDP and components - expenditure approach,I,A,Annual,SVK,Slovak Republic,S1M,Households and non-profit institutions serving households (NPISH),S1,Total economy,P3,Final consumption expenditure,_Z,Not applicable,_Z,Not applicable,_T,Total,USD_EXC,"US dollars, exchange rate converted",V,Current prices,N,Non transformed data,T0102,Table 0102 - GDP identity from the expenditure side,2020,,61912.953,,,,F,Free (free for publication),1,One,A,Normal value,6,Millions,_Z,Not applicable
DATAFLOW,OECD.SDD.NAD:DSD_NAMAIN10@DF_TABLE1_EXPENDITURE(2.0),Annual GDP and components - expenditure approach,I,A,Annual,SVK,Slovak Republic,S1M,Households and non-profit institutions serving households (NPISH),S1,Total economy,P3,Final consumption expenditure,_Z,Not applicable,_Z,Not applicable,_T,Total,USD_EXC,"US dollars, exchange rate converted",V,Current prices,N,Non transformed data,T0102,Table 0102 - GDP identity from the expenditure side,2019,,59158.16,,,,F,Free (free for publication),1,One,A,Normal value,6,Millions,_Z,Not applicable
DATAFLOW,OECD.SDD.NAD:DSD_NAMAIN10@DF_TABLE1_EXPENDITURE(2.0),Annual GDP and components - expenditure approach,I,A,Annual,SVK,Slovak Republic,S1M,Households and non-profit institutions serving households (NPISH),S1,Total economy,P3,Final consumption expenditure,_Z,Not applicable,_Z,Not applicable,_T,Total,USD_EXC,"US dollars, exchange rate converted",V,Current prices,N,Non transformed data,T0102,Table 0102 - GDP identity from the expenditure side,2018,,59332.741,,,,F,Free (free for publication),1,One,A,Normal value,6,Millions,_Z,Not applicable
DATAFLOW,OECD.SDD.NAD:DSD_NAMAIN10@DF_TABLE1_EXPENDITURE(2.0),Annual GDP and components - expenditure approach,I,A,Annual,SVK,Slovak Republic,S1M,Households and non-profit institutions serving households (NPISH),S1,Total economy,P3,Final consumption expenditure,_Z,Not applicable,_Z,Not applicable,_T,Total,USD_EXC,"US dollars, exchange rate converted",V,Current prices,N,Non transformed data,T0102,Table 0102 - GDP identity from the expenditure side,2017,,53502.708,,,,F,Free (free for publication),1,One,A,Normal value,6,Millions,_Z,Not applicable
DATAFLOW,OECD.SDD.NAD:DSD_NAMAIN10@DF_TABLE1_EXPENDITURE(2.0),Annual GDP and components - expenditure approach,I,A,Annual,SVK,Slovak Republic,S1M,Households and non-profit institutions serving households (NPISH),S1,Total economy,P3,Final consumption expenditure,_Z,Not applicable,_Z,Not applicable,_T,Total,USD_EXC,"US dollars, exchange rate converted",V,Current prices,N,Non transformed data,T0102,Table 0102 - GDP identity from the expenditure side,2004,,23532.713,,,,F,Free (free for publication),1,One,A,Normal value,6,Millions,_Z,Not applicable
DATAFLOW,OECD.SDD.NAD:DSD_NAMAIN10@DF_TABLE1_EXPENDITURE(2.0),Annual GDP and components - expenditure approach,I,A,Annual,EA20,Euro area (20 countries),S1M,Households and non-profit institutions serving households (NPISH),S1,Total economy,P3,Final consumption expenditure,_Z,Not applicable,_Z,Not applicable,_T,Total,USD_EXC,"US dollars, exchange rate converted",V,Current prices,N,Non transformed data,T0102,Table 0102 - GDP identity from the expenditure side,2013,,7434470.855,,,,F,Free (free for publication),1,One,A,Normal value,6,Millions,_Z,Not applicable
DATAFLOW,OECD.SDD.NAD:DSD_NAMAIN10@DF_TABLE1_EXPENDITURE(2.0),Annual GDP and components - expenditure approach,I,A,Annual,EA20,Euro area (20 countries),S1M,Households and non-profit institutions serving households (NPISH),S1,Total economy,P3,Final consumption expenditure,_Z,Not applicable,_Z,Not applicable,_T,Total,USD_EXC,"US dollars, exchange rate converted",V,Current prices,N,Non transformed data,T0102,Table 0102 - GDP identity from the expenditure side,2012,,7158144.078,,,,F,Free (free for publication),1,One,A,Normal value,6,Millions,_Z,Not applicable
DATAFLOW,OECD.SDD.NAD:DSD_NAMAIN10@DF_TABLE1_EXPENDITURE(2.0),Annual GDP and components - expenditure approach,I,A,Annual,EA20,Euro area (20 countries),S1M,Households and non-profit institutions serving households (NPISH),S1,Total economy,P3,Final consumption expenditure,_Z,Not applicable,_Z,Not applicable,_T,Total,USD_EXC,"US dollars, exchange rate converted",V,Current prices,N,Non transformed data,T0102,Table 0102 - GDP identity from the expenditure side,2011,,7702015.378,,,,F,Free (free for publication),1,One,A,Normal value,6,Millions,_Z,Not applicable
DATAFLOW,OECD.SDD.NAD:DSD_NAMAIN10@DF_TABLE1_EXPENDITURE(2.0),Annual GDP and components - expenditure approach,I,A,Annual,EA20,Euro area (20 countries),S1M,Households and non-profit institutions serving households (NPISH),S1,Total economy,P3,Final consumption expenditure,_Z,Not applicable,_Z,Not applicable,_T,Total,USD_EXC,"US dollars, exchange rate converted",V,Current prices,N,Non transformed data,T0102,Table 0102 - GDP identity from the expenditure side,2010,,7164659.194,,,,F,Free (free for publication),1,One,A,Normal value,6,Millions,_Z,Not applicable
DATAFLOW,OECD.SDD.NAD:DSD_NAMAIN10@DF_TABLE1_EXPENDITURE(2.0),Annual GDP and components - expenditure approach,I,A,Annual,EA20,Euro area (20 countries),S1M,Households and non-profit institutions serving households (NPISH),S1,Total economy,P3,Final consumption expenditure,_Z,Not applicable,_Z,Not applicable,_T,Total,USD_EXC,"US dollars, exchange rate converted",V,Current prices,N,Non transformed data,T0102,Table 0102 - GDP identity from the expenditure side,2009,,7357439.401,,,,F,Free (free for publication),1,One,A,Normal value,6,Millions,_Z,Not applicable
DATAFLOW,OECD.SDD.NAD:DSD_NAMAIN10@DF_TABLE1_EXPENDITURE(2.0),Annual GDP and components - expenditure approach,I,A,Annual,EA20,Euro area (20 countries),S1M,Households and non-profit institutions serving households (NPISH),S1,Total economy,P3,Final consumption expenditure,_Z,Not applicable,_Z,Not applicable,_T,Total,USD_EXC,"US dollars, exchange rate converted",V,Current prices,N,Non transformed data,T0102,Table 0102 - GDP identity from the expenditure side,2008,,7888361.55,,,,F,Free (free for publication),1,One,A,Normal value,6,Millions,_Z,Not applicable
DATAFLOW,OECD.SDD.NAD:DSD_NAMAIN10@DF_TABLE1_EXPENDITURE(2.0),Annual GDP and components - expenditure approach,I,A,Annual,EA20,Euro area (20 countries),S1M,Households and non-profit institutions serving households (NPISH),S1,Total economy,P3,Final consumption expenditure,_Z,Not applicable,_Z,Not applicable,_T,Total,USD_EXC,"US dollars, exchange rate converted",V,Current prices,N,Non transformed data,T0102,Table 0102 - GDP identity from the expenditure side,2020,,6883524.332,,,,F,Free (free for publication),1,One,A,Normal value,6,Millions,_Z,Not applicable
DATAFLOW,OECD.SDD.NAD:DSD_NAMAIN10@DF_TABLE1_EXPENDITURE(2.0),Annual GDP and components - expenditure approach,I,A,Annual,EA20,Euro area (20 countries),S1M,Households and non-profit institutions serving households (NPISH),S1,Total economy,P3,Final consumption expenditure,_Z,Not applicable,_Z,Not applicable,_T,Total,USD_EXC,"US dollars, exchange rate converted",V,Current prices,N,Non transformed data,T0102,Table 0102 - GDP identity from the expenditure side,2019,,7275850.013,,,,F,Free (free for publication),1,One,A,Normal value,6,Millions,_Z,Not applicable
DATAFLOW,OECD.SDD.NAD:DSD_NAMAIN10@DF_TABLE1_EXPENDITURE(2.0),Annual GDP and components - expenditure approach,I,A,Annual,EA20,Euro area (20 countries),S1M,Households and non-profit institutions serving households (NPISH),S1,Total economy,P3,Final consumption expenditure,_Z,Not applicable,_Z,Not applicable,_T,Total,USD_EXC,"US dollars, exchange rate converted",V,Current prices,N,Non transformed data,T0102,Table 0102 - GDP identity from the expenditure side,2018,,7482309.195,,,,F,Free (free for publication),1,One,A,Normal value,6,Millions,_Z,Not applicable
DATAFLOW,OECD.SDD.NAD:DSD_NAMAIN10@DF_TABLE1_EXPENDITURE(2.0),Annual GDP and components - expenditure approach,I,A,Annual,EA20,Euro area (20 countries),S1M,Households and non-profit institutions serving households (NPISH),S1,Total economy,P3,Final consumption expenditure,_Z,Not applicable,_Z,Not applicable,_T,Total,USD_EXC,"US dollars, exchange rate converted",V,Current prices,N,Non transformed data,T0102,Table 0102 - GDP identity from the expenditure side,2017,,6941057.85,,,,F,Free (free for publication),1,One,A,Normal value,6,Millions,_Z,Not applicable
DATAFLOW,OECD.SDD.NAD:DSD_NAMAIN10@DF_TABLE1_EXPENDITURE(2.0),Annual GDP and components - expenditure approach,I,A,Annual,EA20,Euro area (20 countries),S1M,Households and non-profit institutions serving households (NPISH),S1,Total economy,P3,Final consumption expenditure,_Z,Not applicable,_Z,Not applicable,_T,Total,USD_EXC,"US dollars, exchange rate converted",V,Current prices,N,Non transformed data,T0102,Table 0102 - GDP identity from the expenditure side,2003,,4992683.968,,,,F,Free (free for publication),1,One,A,Normal value,6,Millions,_Z,Not applicable
DATAFLOW,OECD.SDD.NAD:DSD_NAMAIN10@DF_TABLE1_EXPENDITURE(2.0),Annual GDP and components - expenditure approach,I,A,Annual,EA20,Euro area (20 countries),S1M,Households and non-profit institutions serving households (NPISH),S1,Total economy,P3,Final consumption expenditure,_Z,Not applicable,_Z,Not applicable,_T,Total,USD_EXC,"US dollars, exchange rate converted",V,Current prices,N,Non transformed data,T0102,Table 0102 - GDP identity from the expenditure side,2002,,4029687.141,,,,F,Free (free for publication),1,One,A,Normal value,6,Millions,_Z,Not applicable
DATAFLOW,OECD.SDD.NAD:DSD_NAMAIN10@DF_TABLE1_EXPENDITURE(2.0),Annual GDP and components - expenditure approach,I,A,Annual,EA20,Euro area (20 countries),S1M,Households and non-profit institutions serving households (NPISH),S1,Total economy,P3,Final consumption expenditure,_Z,Not applicable,_Z,Not applicable,_T,Total,USD_EXC,"US dollars, exchange rate converted",V,Current prices,N,Non transformed data,T0102,Table 0102 - GDP identity from the expenditure side,2001,,3704730.707,,,,F,Free (free for publication),1,One,A,Normal value,6,Millions,_Z,Not applicable
DATAFLOW,OECD.SDD.NAD:DSD_NAMAIN10@DF_TABLE1_EXPENDITURE(2.0),Annual GDP and components - expenditure approach,I,A,Annual,EA20,Euro area (20 countries),S1M,Households and non-profit institutions serving households (NPISH),S1,Total economy,P3,Final consumption expenditure,_Z,Not applicable,_Z,Not applicable,_T,Total,USD_EXC,"US dollars, exchange rate converted",V,Current prices,N,Non transformed data,T0102,Table 0102 - GDP identity from the expenditure side,2000,,3661235.976,,,,F,Free (free for publication),1,One,A,Normal value,6,Millions,_Z,Not applicable
DATAFLOW,OECD.SDD.NAD:DSD_NAMAIN10@DF_TABLE1_EXPENDITURE(2.0),Annual GDP and components - expenditure approach,I,A,Annual,EA20,Euro area (20 countries),S1M,Households and non-profit institutions serving households (NPISH),S1,Total economy,P3,Final consumption expenditure,_Z,Not applicable,_Z,Not applicable,_T,Total,USD_EXC,"US dollars, exchange rate converted",V,Current prices,N,Non transformed data,T0102,Table 0102 - GDP identity from the expenditure side,1999,,4005871.698,,,,F,Free (free for publication),1,One,A,Normal value,6,Millions,_Z,Not applicable
DATAFLOW,OECD.SDD.NAD:DSD_NAMAIN10@DF_TABLE1_EXPENDITURE(2.0),Annual GDP and components - expenditure approach,I,A,Annual,EA20,Euro area (20 countries),S1M,Households and non-profit institutions serving households (NPISH),S1,Total economy,P3,Final consumption expenditure,_Z,Not applicable,_Z,Not applicable,_T,Total,USD_EXC,"US dollars, exchange rate converted",V,Current prices,N,Non transformed data,T0102,Table 0102 - GDP identity from the expenditure side,1998,,4009807.964,,,,F,Free (free for publication),1,One,A,Normal value,6,Millions,_Z,Not applicable
DATAFLOW,OECD.SDD.NAD:DSD_NAMAIN10@DF_TABLE1_EXPENDITURE(2.0),Annual GDP and components - expenditure approach,I,A,Annual,EA20,Euro area (20 countries),S1M,Households and non-profit institutions serving households (NPISH),S1,Total economy,P3,Final consumption expenditure,_Z,Not applicable,_Z,Not applicable,_T,Total,USD_EXC,"US dollars, exchange rate converted",V,Current prices,N,Non transformed data,T0102,Table 0102 - GDP identity from the expenditure side,1997,,3909300.142,,,,F,Free (free for publication),1,One,A,Normal value,6,Millions,_Z,Not applicable
DATAFLOW,OECD.SDD.NAD:DSD_NAMAIN10@DF_TABLE1_EXPENDITURE(2.0),Annual GDP and components - expenditure approach,I,A,Annual,EA20,Euro area (20 countries),S1M,Households and non-profit institutions serving households (NPISH),S1,Total economy,P3,Final consumption expenditure,_Z,Not applicable,_Z,Not applicable,_T,Total,USD_EXC,"US dollars, exchange rate converted",V,Current prices,N,Non transformed data,T0102,Table 0102 - GDP identity from the expenditure side,1996,,4291521.731,,,,F,Free (free for publication),1,One,A,Normal value,6,Millions,_Z,Not applicable
DATAFLOW,OECD.SDD.NAD:DSD_NAMAIN10@DF_TABLE1_EXPENDITURE(2.0),Annual GDP and components - expenditure approach,I,A,Annual,EA20,Euro area (20 countries),S1M,Households and non-profit institutions serving households (NPISH),S1,Total economy,P3,Final consumption expenditure,_Z,Not applicable,_Z,Not applicable,_T,Total,USD_EXC,"US dollars, exchange rate converted",V,Current prices,N,Non transformed data,T0102,Table 0102 - GDP identity from the expenditure side,1995,,4214926.671,,,,F,Free (free for publication),1,One,A,Normal value,6,Millions,_Z,Not applicable
DATAFLOW,OECD.SDD.NAD:DSD_NAMAIN10@DF_TABLE1_EXPENDITURE(2.0),Annual GDP and components - expenditure approach,I,A,Annual,EA20,Euro area (20 countries),S1M,Households and non-profit institutions serving households (NPISH),S1,Total economy,P3,Final consumption expenditure,_Z,Not applicable,_Z,Not applicable,_T,Total,USD_EXC,"US dollars, exchange rate converted",V,Current prices,N,Non transformed data,T0102,Table 0102 - GDP identity from the expenditure side,2016,,6588169.778,,,,F,Free (free for publication),1,One,A,Normal value,6,Millions,_Z,Not applicable
DATAFLOW,OECD.SDD.NAD:DSD_NAMAIN10@DF_TABLE1_EXPENDITURE(2.0),Annual GDP and components - expenditure approach,I,A,Annual,EA20,Euro area (20 countries),S1M,Households and non-profit institutions serving households (NPISH),S1,Total economy,P3,Final consumption expenditure,_Z,Not applicable,_Z,Not applicable,_T,Total,USD_EXC,"US dollars, exchange rate converted",V,Current prices,N,Non transformed data,T0102,Table 0102 - GDP identity from the expenditure side,2007,,7128404.814,,,,F,Free (free for publication),1,One,A,Normal value,6,Millions,_Z,Not applicable
DATAFLOW,OECD.SDD.NAD:DSD_NAMAIN10@DF_TABLE1_EXPENDITURE(2.0),Annual GDP and components - expenditure approach,I,A,Annual,EA20,Euro area (20 countries),S1M,Households and non-profit institutions serving households (NPISH),S1,Total economy,P3,Final consumption expenditure,_Z,Not applicable,_Z,Not applicable,_T,Total,USD_EXC,"US dollars, exchange rate converted",V,Current prices,N,Non transformed data,T0102,Table 0102 - GDP identity from the expenditure side,2006,,6259829.179,,,,F,Free (free for publication),1,One,A,Normal value,6,Millions,_Z,Not applicable
DATAFLOW,OECD.SDD.NAD:DSD_NAMAIN10@DF_TABLE1_EXPENDITURE(2.0),Annual GDP and components - expenditure approach,I,A,Annual,EA20,Euro area (20 countries),S1M,Households and non-profit institutions serving households (NPISH),S1,Total economy,P3,Final consumption expenditure,_Z,Not applicable,_Z,Not applicable,_T,Total,USD_EXC,"US dollars, exchange rate converted",V,Current prices,N,Non transformed data,T0102,Table 0102 - GDP identity from the expenditure side,2005,,5934071.284,,,,F,Free (free for publication),1,One,A,Normal value,6,Millions,_Z,Not applicable
DATAFLOW,OECD.SDD.NAD:DSD_NAMAIN10@DF_TABLE1_EXPENDITURE(2.0),Annual GDP and components - expenditure approach,I,A,Annual,EA20,Euro area (20 countries),S1M,Households and non-profit institutions serving households (NPISH),S1,Total economy,P3,Final consumption expenditure,_Z,Not applicable,_Z,Not applicable,_T,Total,USD_EXC,"US dollars, exchange rate converted",V,Current prices,N,Non transformed data,T0102,Table 0102 - GDP identity from the expenditure side,2004,,5699683.144,,,,F,Free (free for publication),1,One,A,Normal value,6,Millions,_Z,Not applicable
DATAFLOW,OECD.SDD.NAD:DSD_NAMAIN10@DF_TABLE1_EXPENDITURE(2.0),Annual GDP and components - expenditure approach,I,A,Annual,EA20,Euro area (20 countries),S1M,Households and non-profit institutions serving households (NPISH),S1,Total economy,P3,Final consumption expenditure,_Z,Not applicable,_Z,Not applicable,_T,Total,USD_EXC,"US dollars, exchange rate converted",V,Current prices,N,Non transformed data,T0102,Table 0102 - GDP identity from the expenditure side,2015,,6449628.941,,,,F,Free (free for publication),1,One,A,Normal value,6,Millions,_Z,Not applicable
DATAFLOW,OECD.SDD.NAD:DSD_NAMAIN10@DF_TABLE1_EXPENDITURE(2.0),Annual GDP and components - expenditure approach,I,A,Annual,ESP,Spain,S1M,Households and non-profit institutions serving households (NPISH),S1,Total economy,P3,Final consumption expenditure,_Z,Not applicable,_Z,Not applicable,_T,Total,USD_EXC,"US dollars, exchange rate converted",V,Current prices,N,Non transformed data,T0102,Table 0102 - GDP identity from the expenditure side,2011,,870679.146,,,,F,Free (free for publication),1,One,A,Normal value,6,Millions,_Z,Not applicable
DATAFLOW,OECD.SDD.NAD:DSD_NAMAIN10@DF_TABLE1_EXPENDITURE(2.0),Annual GDP and components - expenditure approach,I,A,Annual,ESP,Spain,S1M,Households and non-profit institutions serving households (NPISH),S1,Total economy,P3,Final consumption expenditure,_Z,Not applicable,_Z,Not applicable,_T,Total,USD_EXC,"US dollars, exchange rate converted",V,Current prices,N,Non transformed data,T0102,Table 0102 - GDP identity from the expenditure side,2010,,830435.549,,,,F,Free (free for publication),1,One,A,Normal value,6,Millions,_Z,Not applicable
DATAFLOW,OECD.SDD.NAD:DSD_NAMAIN10@DF_TABLE1_EXPENDITURE(2.0),Annual GDP and components - expenditure approach,I,A,Annual,ESP,Spain,S1M,Households and non-profit institutions serving households (NPISH),S1,Total economy,P3,Final consumption expenditure,_Z,Not applicable,_Z,Not applicable,_T,Total,USD_EXC,"US dollars, exchange rate converted",V,Current prices,N,Non transformed data,T0102,Table 0102 - GDP identity from the expenditure side,2009,,852898.293,,,,F,Free (free for publication),1,One,A,Normal value,6,Millions,_Z,Not applicable
DATAFLOW,OECD.SDD.NAD:DSD_NAMAIN10@DF_TABLE1_EXPENDITURE(2.0),Annual GDP and components - expenditure approach,I,A,Annual,ESP,Spain,S1M,Households and non-profit institutions serving households (NPISH),S1,Total economy,P3,Final consumption expenditure,_Z,Not applicable,_Z,Not applicable,_T,Total,USD_EXC,"US dollars, exchange rate converted",V,Current prices,N,Non transformed data,T0102,Table 0102 - GDP identity from the expenditure side,2008,,941274.675,,,,F,Free (free for publication),1,One,A,Normal value,6,Millions,_Z,Not applicable
DATAFLOW,OECD.SDD.NAD:DSD_NAMAIN10@DF_TABLE1_EXPENDITURE(2.0),Annual GDP and components - expenditure approach,I,A,Annual,ESP,Spain,S1M,Households and non-profit institutions serving households (NPISH),S1,Total economy,P3,Final consumption expenditure,_Z,Not applicable,_Z,Not applicable,_T,Total,USD_EXC,"US dollars, exchange rate converted",V,Current prices,N,Non transformed data,T0102,Table 0102 - GDP identity from the expenditure side,2007,,852319.479,,,,F,Free (free for publication),1,One,A,Normal value,6,Millions,_Z,Not applicable
DATAFLOW,OECD.SDD.NAD:DSD_NAMAIN10@DF_TABLE1_EXPENDITURE(2.0),Annual GDP and components - expenditure approach,I,A,Annual,ESP,Spain,S1M,Households and non-profit institutions serving households (NPISH),S1,Total economy,P3,Final consumption expenditure,_Z,Not applicable,_Z,Not applicable,_T,Total,USD_EXC,"US dollars, exchange rate converted",V,Current prices,N,Non transformed data,T0102,Table 0102 - GDP identity from the expenditure side,2006,,730143.272,,,,F,Free (free for publication),1,One,A,Normal value,6,Millions,_Z,Not applicable
DATAFLOW,OECD.SDD.NAD:DSD_NAMAIN10@DF_TABLE1_EXPENDITURE(2.0),Annual GDP and components - expenditure approach,I,A,Annual,ESP,Spain,S1M,Households and non-profit institutions serving households (NPISH),S1,Total economy,P3,Final consumption expenditure,_Z,Not applicable,_Z,Not applicable,_T,Total,USD_EXC,"US dollars, exchange rate converted",V,Current prices,N,Non transformed data,T0102,Table 0102 - GDP identity from the expenditure side,2005,,671668.165,,,,F,Free (free for publication),1,One,A,Normal value,6,Millions,_Z,Not applicable
DATAFLOW,OECD.SDD.NAD:DSD_NAMAIN10@DF_TABLE1_EXPENDITURE(2.0),Annual GDP and components - expenditure approach,I,A,Annual,ESP,Spain,S1M,Households and non-profit institutions serving households (NPISH),S1,Total economy,P3,Final consumption expenditure,_Z,Not applicable,_Z,Not applicable,_T,Total,USD_EXC,"US dollars, exchange rate converted",V,Current prices,N,Non transformed data,T0102,Table 0102 - GDP identity from the expenditure side,2004,,623820.743,,,,F,Free (free for publication),1,One,A,Normal value,6,Millions,_Z,Not applicable
DATAFLOW,OECD.SDD.NAD:DSD_NAMAIN10@DF_TABLE1_EXPENDITURE(2.0),Annual GDP and components - expenditure approach,I,A,Annual,ESP,Spain,S1M,Households and non-profit institutions serving households (NPISH),S1,Total economy,P3,Final consumption expenditure,_Z,Not applicable,_Z,Not applicable,_T,Total,USD_EXC,"US dollars, exchange rate converted",V,Current prices,N,Non transformed data,T0102,Table 0102 - GDP identity from the expenditure side,2003,,526353.816,,,,F,Free (free for publication),1,One,A,Normal value,6,Millions,_Z,Not applicable
DATAFLOW,OECD.SDD.NAD:DSD_NAMAIN10@DF_TABLE1_EXPENDITURE(2.0),Annual GDP and components - expenditure approach,I,A,Annual,ESP,Spain,S1M,Households and non-profit institutions serving households (NPISH),S1,Total economy,P3,Final consumption expenditure,_Z,Not applicable,_Z,Not applicable,_T,Total,USD_EXC,"US dollars, exchange rate converted",V,Current prices,N,Non transformed data,T0102,Table 0102 - GDP identity from the expenditure side,2002,,416268.976,,,,F,Free (free for publication),1,One,A,Normal value,6,Millions,_Z,Not applicable
DATAFLOW,OECD.SDD.NAD:DSD_NAMAIN10@DF_TABLE1_EXPENDITURE(2.0),Annual GDP and components - expenditure approach,I,A,Annual,ESP,Spain,S1M,Households and non-profit institutions serving households (NPISH),S1,Total economy,P3,Final consumption expenditure,_Z,Not applicable,_Z,Not applicable,_T,Total,USD_EXC,"US dollars, exchange rate converted",V,Current prices,N,Non transformed data,T0102,Table 0102 - GDP identity from the expenditure side,1999,,378381.547,,,,F,Free (free for publication),1,One,A,Normal value,6,Millions,_Z,Not applicable
DATAFLOW,OECD.SDD.NAD:DSD_NAMAIN10@DF_TABLE1_EXPENDITURE(2.0),Annual GDP and components - expenditure approach,I,A,Annual,ESP,Spain,S1M,Households and non-profit institutions serving households (NPISH),S1,Total economy,P3,Final consumption expenditure,_Z,Not applicable,_Z,Not applicable,_T,Total,USD_EXC,"US dollars, exchange rate converted",V,Current prices,N,Non transformed data,T0102,Table 0102 - GDP identity from the expenditure side,1998,,369444.149,,,,F,Free (free for publication),1,One,A,Normal value,6,Millions,_Z,Not applicable
DATAFLOW,OECD.SDD.NAD:DSD_NAMAIN10@DF_TABLE1_EXPENDITURE(2.0),Annual GDP and components - expenditure approach,I,A,Annual,ESP,Spain,S1M,Households and non-profit institutions serving households (NPISH),S1,Total economy,P3,Final consumption expenditure,_Z,Not applicable,_Z,Not applicable,_T,Total,USD_EXC,"US dollars, exchange rate converted",V,Current prices,N,Non transformed data,T0102,Table 0102 - GDP identity from the expenditure side,1997,,355198.772,,,,F,Free (free for publication),1,One,A,Normal value,6,Millions,_Z,Not applicable
DATAFLOW,OECD.SDD.NAD:DSD_NAMAIN10@DF_TABLE1_EXPENDITURE(2.0),Annual GDP and components - expenditure approach,I,A,Annual,ESP,Spain,S1M,Households and non-profit institutions serving households (NPISH),S1,Total economy,P3,Final consumption expenditure,_Z,Not applicable,_Z,Not applicable,_T,Total,USD_EXC,"US dollars, exchange rate converted",V,Current prices,N,Non transformed data,T0102,Table 0102 - GDP identity from the expenditure side,2020,,723722.867,,,,F,Free (free for publication),1,One,A,Normal value,6,Millions,_Z,Not applicable
DATAFLOW,OECD.SDD.NAD:DSD_NAMAIN10@DF_TABLE1_EXPENDITURE(2.0),Annual GDP and components - expenditure approach,I,A,Annual,ESP,Spain,S1M,Households and non-profit institutions serving households (NPISH),S1,Total economy,P3,Final consumption expenditure,_Z,Not applicable,_Z,Not applicable,_T,Total,USD_EXC,"US dollars, exchange rate converted",V,Current prices,N,Non transformed data,T0102,Table 0102 - GDP identity from the expenditure side,2019,,806049.634,,,,F,Free (free for publication),1,One,A,Normal value,6,Millions,_Z,Not applicable
DATAFLOW,OECD.SDD.NAD:DSD_NAMAIN10@DF_TABLE1_EXPENDITURE(2.0),Annual GDP and components - expenditure approach,I,A,Annual,ESP,Spain,S1M,Households and non-profit institutions serving households (NPISH),S1,Total economy,P3,Final consumption expenditure,_Z,Not applicable,_Z,Not applicable,_T,Total,USD_EXC,"US dollars, exchange rate converted",V,Current prices,N,Non transformed data,T0102,Table 0102 - GDP identity from the expenditure side,2018,,831826.566,,,,F,Free (free for publication),1,One,A,Normal value,6,Millions,_Z,Not applicable
DATAFLOW,OECD.SDD.NAD:DSD_NAMAIN10@DF_TABLE1_EXPENDITURE(2.0),Annual GDP and components - expenditure approach,I,A,Annual,ESP,Spain,S1M,Households and non-profit institutions serving households (NPISH),S1,Total economy,P3,Final consumption expenditure,_Z,Not applicable,_Z,Not applicable,_T,Total,USD_EXC,"US dollars, exchange rate converted",V,Current prices,N,Non transformed data,T0102,Table 0102 - GDP identity from the expenditure side,2017,,771337.27,,,,F,Free (free for publication),1,One,A,Normal value,6,Millions,_Z,Not applicable
DATAFLOW,OECD.SDD.NAD:DSD_NAMAIN10@DF_TABLE1_EXPENDITURE(2.0),Annual GDP and components - expenditure approach,I,A,Annual,ESP,Spain,S1M,Households and non-profit institutions serving households (NPISH),S1,Total economy,P3,Final consumption expenditure,_Z,Not applicable,_Z,Not applicable,_T,Total,USD_EXC,"US dollars, exchange rate converted",V,Current prices,N,Non transformed data,T0102,Table 0102 - GDP identity from the expenditure side,2016,,722295.237,,,,F,Free (free for publication),1,One,A,Normal value,6,Millions,_Z,Not applicable
DATAFLOW,OECD.SDD.NAD:DSD_NAMAIN10@DF_TABLE1_EXPENDITURE(2.0),Annual GDP and components - expenditure approach,I,A,Annual,ESP,Spain,S1M,Households and non-profit institutions serving households (NPISH),S1,Total economy,P3,Final consumption expenditure,_Z,Not applicable,_Z,Not applicable,_T,Total,USD_EXC,"US dollars, exchange rate converted",V,Current prices,N,Non transformed data,T0102,Table 0102 - GDP identity from the expenditure side,2015,,703879.416,,,,F,Free (free for publication),1,One,A,Normal value,6,Millions,_Z,Not applicable
DATAFLOW,OECD.SDD.NAD:DSD_NAMAIN10@DF_TABLE1_EXPENDITURE(2.0),Annual GDP and components - expenditure approach,I,A,Annual,ESP,Spain,S1M,Households and non-profit institutions serving households (NPISH),S1,Total economy,P3,Final consumption expenditure,_Z,Not applicable,_Z,Not applicable,_T,Total,USD_EXC,"US dollars, exchange rate converted",V,Current prices,N,Non transformed data,T0102,Table 0102 - GDP identity from the expenditure side,2014,,818910.468,,,,F,Free (free for publication),1,One,A,Normal value,6,Millions,_Z,Not applicable
DATAFLOW,OECD.SDD.NAD:DSD_NAMAIN10@DF_TABLE1_EXPENDITURE(2.0),Annual GDP and components - expenditure approach,I,A,Annual,ESP,Spain,S1M,Households and non-profit institutions serving households (NPISH),S1,Total economy,P3,Final consumption expenditure,_Z,Not applicable,_Z,Not applicable,_T,Total,USD_EXC,"US dollars, exchange rate converted",V,Current prices,N,Non transformed data,T0102,Table 0102 - GDP identity from the expenditure side,1996,,388443.268,,,,F,Free (free for publication),1,One,A,Normal value,6,Millions,_Z,Not applicable
DATAFLOW,OECD.SDD.NAD:DSD_NAMAIN10@DF_TABLE1_EXPENDITURE(2.0),Annual GDP and components - expenditure approach,I,A,Annual,MEX,Mexico,S1M,Households and non-profit institutions serving households (NPISH),S1,Total economy,P3,Final consumption expenditure,_Z,Not applicable,_Z,Not applicable,_T,Total,USD_EXC,"US dollars, exchange rate converted",V,Current prices,N,Non transformed data,T0102,Table 0102 - GDP identity from the expenditure side,2003,,540857.32,,,,F,Free (free for publication),1,One,A,Normal value,6,Millions,_Z,Not applicable
DATAFLOW,OECD.SDD.NAD:DSD_NAMAIN10@DF_TABLE1_EXPENDITURE(2.0),Annual GDP and components - expenditure approach,I,A,Annual,COL,Colombia,S1M,Households and non-profit institutions serving households (NPISH),S1,Total economy,P3,Final consumption expenditure,_Z,Not applicable,_Z,Not applicable,_T,Total,USD_EXC,"US dollars, exchange rate converted",V,Current prices,N,Non transformed data,T0102,Table 0102 - GDP identity from the expenditure side,2020,,191201.262,,,,F,Free (free for publication),1,One,A,Normal value,6,Millions,_Z,Not applicable
DATAFLOW,OECD.SDD.NAD:DSD_NAMAIN10@DF_TABLE1_EXPENDITURE(2.0),Annual GDP and components - expenditure approach,I,A,Annual,BRA,Brazil,S1M,Households and non-profit institutions serving households (NPISH),S1,Total economy,P3,Final consumption expenditure,_Z,Not applicable,_Z,Not applicable,_T,Total,USD_EXC,"US dollars, exchange rate converted",V,Current prices,N,Non transformed data,T0102,Table 0102 - GDP identity from the expenditure side,2004,,402956.194,,,,F,Free (free for publication),1,One,A,Normal value,6,Millions,_Z,Not applicable
DATAFLOW,OECD.SDD.NAD:DSD_NAMAIN10@DF_TABLE1_EXPENDITURE(2.0),Annual GDP and components - expenditure approach,I,A,Annual,BEL,Belgium,S1M,Households and non-profit institutions serving households (NPISH),S1,Total economy,P3,Final consumption expenditure,_Z,Not applicable,_Z,Not applicable,_T,Total,USD_EXC,"US dollars, exchange rate converted",V,Current prices,N,Non transformed data,T0102,Table 0102 - GDP identity from the expenditure side,2019,,278553.917,,,,F,Free (free for publication),1,One,A,Normal value,6,Millions,_Z,Not applicable
DATAFLOW,OECD.SDD.NAD:DSD_NAMAIN10@DF_TABLE1_EXPENDITURE(2.0),Annual GDP and components - expenditure approach,I,A,Annual,SVN,Slovenia,S1M,Households and non-profit institutions serving households (NPISH),S1,Total economy,P3,Final consumption expenditure,_Z,Not applicable,_Z,Not applicable,_T,Total,USD_EXC,"US dollars, exchange rate converted",V,Current prices,N,Non transformed data,T0102,Table 0102 - GDP identity from the expenditure side,2014,,26921.904,,,,F,Free (free for publication),1,One,A,Normal value,6,Millions,_Z,Not applicable
DATAFLOW,OECD.SDD.NAD:DSD_NAMAIN10@DF_TABLE1_EXPENDITURE(2.0),Annual GDP and components - expenditure approach,I,A,Annual,PRT,Portugal,S1M,Households and non-profit institutions serving households (NPISH),S1,Total economy,P3,Final consumption expenditure,_Z,Not applicable,_Z,Not applicable,_T,Total,USD_EXC,"US dollars, exchange rate converted",V,Current prices,N,Non transformed data,T0102,Table 0102 - GDP identity from the expenditure side,2005,,127221.782,,,,F,Free (free for publication),1,One,A,Normal value,6,Millions,_Z,Not applicable
DATAFLOW,OECD.SDD.NAD:DSD_NAMAIN10@DF_TABLE1_EXPENDITURE(2.0),Annual GDP and components - expenditure approach,I,A,Annual,AUT,Austria,S1M,Households and non-profit institutions serving households (NPISH),S1,Total economy,P3,Final consumption expenditure,_Z,Not applicable,_Z,Not applicable,_T,Total,USD_EXC,"US dollars, exchange rate converted",V,Current prices,N,Non transformed data,T0102,Table 0102 - GDP identity from the expenditure side,2014,,231442.197,,,,F,Free (free for publication),1,One,A,Normal value,6,Millions,_Z,Not applicable
DATAFLOW,OECD.SDD.NAD:DSD_NAMAIN10@DF_TABLE1_EXPENDITURE(2.0),Annual GDP and components - expenditure approach,I,A,Annual,EST,Estonia,S1M,Households and non-profit institutions serving households (NPISH),S1,Total economy,P3,Final consumption expenditure,_Z,Not applicable,_Z,Not applicable,_T,Total,USD_EXC,"US dollars, exchange rate converted",V,Current prices,N,Non transformed data,T0102,Table 0102 - GDP identity from the expenditure side,1997,,2988.609,,,,F,Free (free for publication),1,One,A,Normal value,6,Millions,_Z,Not applicable
DATAFLOW,OECD.SDD.NAD:DSD_NAMAIN10@DF_TABLE1_EXPENDITURE(2.0),Annual GDP and components - expenditure approach,I,A,Annual,CYP,Cyprus,S1M,Households and non-profit institutions serving households (NPISH),S1,Total economy,P3,Final consumption expenditure,_Z,Not applicable,_Z,Not applicable,_T,Total,USD_EXC,"US dollars, exchange rate converted",V,Current prices,N,Non transformed data,T0102,Table 0102 - GDP identity from the expenditure side,2005,,11509.733,,,,F,Free (free for publication),1,One,A,Normal value,6,Millions,_Z,Not applicable
DATAFLOW,OECD.SDD.NAD:DSD_NAMAIN10@DF_TABLE1_EXPENDITURE(2.0),Annual GDP and components - expenditure approach,I,A,Annual,LUX,Luxembourg,S1M,Households and non-profit institutions serving households (NPISH),S1,Total economy,P3,Final consumption expenditure,_Z,Not applicable,_Z,Not applicable,_T,Total,USD_EXC,"US dollars, exchange rate converted",V,Current prices,N,Non transformed data,T0102,Table 0102 - GDP identity from the expenditure side,2016,,20303.865,,,,F,Free (free for publication),1,One,A,Normal value,6,Millions,_Z,Not applicable
DATAFLOW,OECD.SDD.NAD:DSD_NAMAIN10@DF_TABLE1_EXPENDITURE(2.0),Annual GDP and components - expenditure approach,I,A,Annual,SGP,Singapore,S1M,Households and non-profit institutions serving households (NPISH),S1,Total economy,P3,Final consumption expenditure,_Z,Not applicable,_Z,Not applicable,_T,Total,USD_EXC,"US dollars, exchange rate converted",V,Current prices,N,Non transformed data,T0102,Table 0102 - GDP identity from the expenditure side,1995,,35887.891,,,,F,Free (free for publication),1,One,A,Normal value,6,Millions,_Z,Not applicable
DATAFLOW,OECD.SDD.NAD:DSD_NAMAIN10@DF_TABLE1_EXPENDITURE(2.0),Annual GDP and components - expenditure approach,I,A,Annual,LTU,Lithuania,S1M,Households and non-profit institutions serving households (NPISH),S1,Total economy,P3,Final consumption expenditure,_Z,Not applicable,_Z,Not applicable,_T,Total,USD_EXC,"US dollars, exchange rate converted",V,Current prices,N,Non transformed data,T0102,Table 0102 - GDP identity from the expenditure side,2000,,7467.602,,,,F,Free (free for publication),1,One,A,Normal value,6,Millions,_Z,Not applicable
