STRUCTURE,STRUCTURE_ID,STRUCTURE_NAME,ACTION,FREQ,Frequency of observation,REF_AREA,Reference area,SECTOR,Institutional sector,COUNTERPART_SECTOR,Counterpart institutional sector,TRANSACTION,Transaction,INSTR_ASSET,Financial instruments and non-financial assets,ACTIVITY,Economic activity,EXPENDITURE,Expenditure,UNIT_MEASURE,Unit of measure,PRICE_BASE,Price base,TRANSFORMATION,Transformation,TABLE_IDENTIFIER,Table identifier,TIME_PERIOD,Time period,OBS_VALUE,Observation value,REF_YEAR_PRICE,Price reference year,CONF_STATUS,Confidentiality status,DECIMALS,Decimals,OBS_STATUS,Observation status,UNIT_MULT,Unit multiplier,CURRENCY,Currency
DATAFLOW,OECD.SDD.NAD:DSD_NAMAIN10@DF_TABLE1_INCOME(2.0),Annual GDP and components - income approach,I,A,Annual,KAZ,Kazakhstan,S1,Total economy,S1,Total economy,B2A3G,"Operating surplus and mixed income, gross",_Z,Not applicable,_T,Total - all activities,_Z,Not applicable,XDC,National currency,V,Current prices,N,Non transformed data,T0103,Table 0103 - GDP identity from the income side,2010,,12871558.5,,,,F,Free (free for publication),1,One,A,Normal value,6,Millions,_Z,Not applicable
DATAFLOW,OECD.SDD.NAD:DSD_NAMAIN10@DF_TABLE1_INCOME(2.0),Annual GDP and components - income approach,I,A,Annual,KAZ,Kazakhstan,S1,Total economy,S1,Total economy,B2A3G,"Operating surplus and mixed income, gross",_Z,Not applicable,_T,Total - all activities,_Z,Not applicable,XDC,National currency,V,Current prices,N,Non transformed data,T0103,Table 0103 - GDP identity from the income side,2011,,16229763.4,,,,F,Free (free for publication),1,One,A,Normal value,6,Millions,_Z,Not applicable
DATAFLOW,OECD.SDD.NAD:DSD_NAMAIN10@DF_TABLE1_INCOME(2.0),Annual GDP and components - income approach,I,A,Annual,KAZ,Kazakhstan,S1,Total economy,S1,Total economy,B2A3G,"Operating surplus and mixed income, gross",_Z,Not applicable,_T,Total - all activities,_Z,Not applicable,XDC,National currency,V,Current prices,N,Non transformed data,T0103,Table 0103 - GDP identity from the income side,2012,,18067149.3,,,,F,Free (free for publication),1,One,A,Normal value,6,Millions,_Z,Not applicable
DATAFLOW,OECD.SDD.NAD:DSD_NAMAIN10@DF_TABLE1_INCOME(2.0),Annual GDP and components - income approach,I,A,Annual,KAZ,Kazakhstan,S1,Total economy,S1,Total economy,B2A3G,"Operating surplus and mixed income, gross",_Z,Not applicable,_T,Total - all activities,_Z,Not applicable,XDC,National currency,V,Current prices,N,Non transformed data,T0103,Table 0103 - GDP identity from the income side,2013,,21421614.4,,,,F,Free (free for publication),1,One,A,Normal value,6,Millions,_Z,Not applicable
DATAFLOW,OECD.SDD.NAD:DSD_NAMAIN10@DF_TABLE1_INCOME(2.0),Annual GDP and components - income approach,I,A,Annual,KAZ,Kazakhstan,S1,Total economy,S1,Total economy,B2A3G,"Operating surplus and mixed income, gross",_Z,Not applicable,_T,Total - all activities,_Z,Not applicable,XDC,National currency,V,Current prices,N,Non transformed data,T0103,Table 0103 - GDP identity from the income side,2014,,23720002.5,,,,F,Free (free for publication),1,One,A,Normal value,6,Millions,_Z,Not applicable
DATAFLOW,OECD.SDD.NAD:DSD_NAMAIN10@DF_TABLE1_INCOME(2.0),Annual GDP and components - income approach,I,A,Annual,KAZ,Kazakhstan,S1,Total economy,S1,Total economy,B2A3G,"Operating surplus and mixed income, gross",_Z,Not applicable,_T,Total - all activities,_Z,Not applicable,XDC,National currency,V,Current prices,N,Non transformed data,T0103,Table 0103 - GDP identity from the income side,2015,,25159999.2,,,,F,Free (free for publication),1,One,A,Normal value,6,Millions,_Z,Not applicable
DATAFLOW,OECD.SDD.NAD:DSD_NAMAIN10@DF_TABLE1_INCOME(2.0),Annual GDP and components - income approach,I,A,Annual,KAZ,Kazakhstan,S1,Total economy,S1,Total economy,B2A3G,"Operating surplus and mixed income, gross",_Z,Not applicable,_T,Total - all activities,_Z,Not applicable,XDC,National currency,V,Current prices,N,Non transformed data,T0103,Table 0103 - GDP identity from the income side,2016,,29394888.6,,,,F,Free (free for publication),1,One,A,Normal value,6,Millions,_Z,Not applicable
DATAFLOW,OECD.SDD.NAD:DSD_NAMAIN10@DF_TABLE1_INCOME(2.0),Annual GDP and components - income approach,I,A,Annual,KAZ,Kazakhstan,S1,Total economy,S1,Total economy,B2A3G,"Operating surplus and mixed income, gross",_Z,Not applicable,_T,Total - all activities,_Z,Not applicable,XDC,National currency,V,Current prices,N,Non transformed data,T0103,Table 0103 - GDP identity from the income side,2017,,33983957.5,,,,F,Free (free for publication),1,One,A,Normal value,6,Millions,_Z,Not applicable
DATAFLOW,OECD.SDD.NAD:DSD_NAMAIN10@DF_TABLE1_INCOME(2.0),Annual GDP and components - income approach,I,A,Annual,KAZ,Kazakhstan,S1,Total economy,S1,Total economy,B2A3G,"Operating surplus and mixed income, gross",_Z,Not applicable,_T,Total - all activities,_Z,Not applicable,XDC,National currency,V,Current prices,N,Non transformed data,T0103,Table 0103 - GDP identity from the income side,2018,,38267484.4,,,,F,Free (free for publication),1,One,A,Normal value,6,Millions,_Z,Not applicable
DATAFLOW,OECD.SDD.NAD:DSD_NAMAIN10@DF_TABLE1_INCOME(2.0),Annual GDP and components - income approach,I,A,Annual,KAZ,Kazakhstan,S1,Total economy,S1,Total economy,B2A3G,"Operating surplus and mixed income, gross",_Z,Not applicable,_T,Total - all activities,_Z,Not applicable,XDC,National currency,V,Current prices,N,Non transformed data,T0103,Table 0103 - GDP identity from the income side,2019,,42761290.5,,,,F,Free (free for publication),1,One,A,Normal value,6,Millions,_Z,Not applicable
DATAFLOW,OECD.SDD.NAD:DSD_NAMAIN10@DF_TABLE1_INCOME(2.0),Annual GDP and components - income approach,I,A,Annual,KAZ,Kazakhstan,S1,Total economy,S1,Total economy,B2A3G,"Operating surplus and mixed income, gross",_Z,Not applicable,_T,Total - all activities,_Z,Not applicable,XDC,National currency,V,Current prices,N,Non transformed data,T0103,Table 0103 - GDP identity from the income side,2020,,43469005.6,,,,F,Free (free for publication),1,One,A,Normal value,6,Millions,_Z,Not applicable
DATAFLOW,OECD.SDD.NAD:DSD_NAMAIN10@DF_TABLE1_INCOME(2.0),Annual GDP and components - income approach,I,A,Annual,BEL,Belgium,S1,Total economy,S1,Total economy,B2A3G,"Operating surplus and mixed income, gross",_Z,Not applicable,_T,Total - all activities,_Z,Not applicable,XDC,National currency,V,Current prices,N,Non transformed data,T0103,Table 0103 - GDP identity from the income side,1996,,82241.7,,,,F,Free (free for publication),1,One,A,Normal value,6,Millions,EUR,Euro
DATAFLOW,OECD.SDD.NAD:DSD_NAMAIN10@DF_TABLE1_INCOME(2.0),Annual GDP and components - income approach,I,A,Annual,BEL,Belgium,S1,Total economy,S1,Total economy,B2A3G,"Operating surplus and mixed income, gross",_Z,Not applicable,_T,Total - all activities,_Z,Not applicable,XDC,National currency,V,Current prices,N,Non transformed data,T0103,Table 0103 - GDP identity from the income side,1997,,85756,,,,F,Free (free for publication),1,One,A,Normal value,6,Millions,EUR,Euro
DATAFLOW,OECD.SDD.NAD:DSD_NAMAIN10@DF_TABLE1_INCOME(2.0),Annual GDP and components - income approach,I,A,Annual,BEL,Belgium,S1,Total economy,S1,Total economy,B2A3G,"Operating surplus and mixed income, gross",_Z,Not applicable,_T,Total - all activities,_Z,Not applicable,XDC,National currency,V,Current prices,N,Non transformed data,T0103,Table 0103 - GDP identity from the income side,1998,,89328.4,,,,F,Free (free for publication),1,One,A,Normal value,6,Millions,EUR,Euro
DATAFLOW,OECD.SDD.NAD:DSD_NAMAIN10@DF_TABLE1_INCOME(2.0),Annual GDP and components - income approach,I,A,Annual,BEL,Belgium,S1,Total economy,S1,Total economy,B2A3G,"Operating surplus and mixed income, gross",_Z,Not applicable,_T,Total - all activities,_Z,Not applicable,XDC,National currency,V,Current prices,N,Non transformed data,T0103,Table 0103 - GDP identity from the income side,1999,,91230,,,,F,Free (free for publication),1,One,A,Normal value,6,Millions,EUR,Euro
DATAFLOW,OECD.SDD.NAD:DSD_NAMAIN10@DF_TABLE1_INCOME(2.0),Annual GDP and components - income approach,I,A,Annual,BEL,Belgium,S1,Total economy,S1,Total economy,B2A3G,"Operating surplus and mixed income, gross",_Z,Not applicable,_T,Total - all activities,_Z,Not applicable,XDC,National currency,V,Current prices,N,Non transformed data,T0103,Table 0103 - GDP identity from the income side,2001,,99064.2,,,,F,Free (free for publication),1,One,A,Normal value,6,Millions,EUR,Euro
DATAFLOW,OECD.SDD.NAD:DSD_NAMAIN10@DF_TABLE1_INCOME(2.0),Annual GDP and components - income approach,I,A,Annual,BEL,Belgium,S1,Total economy,S1,Total economy,B2A3G,"Operating surplus and mixed income, gross",_Z,Not applicable,_T,Total - all activities,_Z,Not applicable,XDC,National currency,V,Current prices,N,Non transformed data,T0103,Table 0103 - GDP identity from the income side,2005,,122267.1,,,,F,Free (free for publication),1,One,A,Normal value,6,Millions,EUR,Euro
DATAFLOW,OECD.SDD.NAD:DSD_NAMAIN10@DF_TABLE1_INCOME(2.0),Annual GDP and components - income approach,I,A,Annual,BEL,Belgium,S1,Total economy,S1,Total economy,B2A3G,"Operating surplus and mixed income, gross",_Z,Not applicable,_T,Total - all activities,_Z,Not applicable,XDC,National currency,V,Current prices,N,Non transformed data,T0103,Table 0103 - GDP identity from the income side,2008,,136570,,,,F,Free (free for publication),1,One,A,Normal value,6,Millions,EUR,Euro
DATAFLOW,OECD.SDD.NAD:DSD_NAMAIN10@DF_TABLE1_INCOME(2.0),Annual GDP and components - income approach,I,A,Annual,DEU,Germany,S1,Total economy,S1,Total economy,B2A3G,"Operating surplus and mixed income, gross",_Z,Not applicable,_T,Total - all activities,_Z,Not applicable,XDC,National currency,V,Current prices,N,Non transformed data,T0103,Table 0103 - GDP identity from the income side,2008,,1063819,,,,F,Free (free for publication),1,One,A,Normal value,6,Millions,EUR,Euro
DATAFLOW,OECD.SDD.NAD:DSD_NAMAIN10@DF_TABLE1_INCOME(2.0),Annual GDP and components - income approach,I,A,Annual,DEU,Germany,S1,Total economy,S1,Total economy,B2A3G,"Operating surplus and mixed income, gross",_Z,Not applicable,_T,Total - all activities,_Z,Not applicable,XDC,National currency,V,Current prices,N,Non transformed data,T0103,Table 0103 - GDP identity from the income side,2009,,968290,,,,F,Free (free for publication),1,One,A,Normal value,6,Millions,EUR,Euro
DATAFLOW,OECD.SDD.NAD:DSD_NAMAIN10@DF_TABLE1_INCOME(2.0),Annual GDP and components - income approach,I,A,Annual,BEL,Belgium,S1,Total economy,S1,Total economy,B2A3G,"Operating surplus and mixed income, gross",_Z,Not applicable,_T,Total - all activities,_Z,Not applicable,XDC,National currency,V,Current prices,N,Non transformed data,T0103,Table 0103 - GDP identity from the income side,2010,,143270.7,,,,F,Free (free for publication),1,One,A,Normal value,6,Millions,EUR,Euro
DATAFLOW,OECD.SDD.NAD:DSD_NAMAIN10@DF_TABLE1_INCOME(2.0),Annual GDP and components - income approach,I,A,Annual,DEU,Germany,S1,Total economy,S1,Total economy,B2A3G,"Operating surplus and mixed income, gross",_Z,Not applicable,_T,Total - all activities,_Z,Not applicable,XDC,National currency,V,Current prices,N,Non transformed data,T0103,Table 0103 - GDP identity from the income side,2010,,1046061,,,,F,Free (free for publication),1,One,A,Normal value,6,Millions,EUR,Euro
DATAFLOW,OECD.SDD.NAD:DSD_NAMAIN10@DF_TABLE1_INCOME(2.0),Annual GDP and components - income approach,I,A,Annual,BEL,Belgium,S1,Total economy,S1,Total economy,B2A3G,"Operating surplus and mixed income, gross",_Z,Not applicable,_T,Total - all activities,_Z,Not applicable,XDC,National currency,V,Current prices,N,Non transformed data,T0103,Table 0103 - GDP identity from the income side,2011,,149506.8,,,,F,Free (free for publication),1,One,A,Normal value,6,Millions,EUR,Euro
DATAFLOW,OECD.SDD.NAD:DSD_NAMAIN10@DF_TABLE1_INCOME(2.0),Annual GDP and components - income approach,I,A,Annual,DEU,Germany,S1,Total economy,S1,Total economy,B2A3G,"Operating surplus and mixed income, gross",_Z,Not applicable,_T,Total - all activities,_Z,Not applicable,XDC,National currency,V,Current prices,N,Non transformed data,T0103,Table 0103 - GDP identity from the income side,2011,,1099202,,,,F,Free (free for publication),1,One,A,Normal value,6,Millions,EUR,Euro
DATAFLOW,OECD.SDD.NAD:DSD_NAMAIN10@DF_TABLE1_INCOME(2.0),Annual GDP and components - income approach,I,A,Annual,BEL,Belgium,S1,Total economy,S1,Total economy,B2A3G,"Operating surplus and mixed income, gross",_Z,Not applicable,_T,Total - all activities,_Z,Not applicable,XDC,National currency,V,Current prices,N,Non transformed data,T0103,Table 0103 - GDP identity from the income side,2012,,149793.9,,,,F,Free (free for publication),1,One,A,Normal value,6,Millions,EUR,Euro
DATAFLOW,OECD.SDD.NAD:DSD_NAMAIN10@DF_TABLE1_INCOME(2.0),Annual GDP and components - income approach,I,A,Annual,DEU,Germany,S1,Total economy,S1,Total economy,B2A3G,"Operating surplus and mixed income, gross",_Z,Not applicable,_T,Total - all activities,_Z,Not applicable,XDC,National currency,V,Current prices,N,Non transformed data,T0103,Table 0103 - GDP identity from the income side,2012,,1091092,,,,F,Free (free for publication),1,One,A,Normal value,6,Millions,EUR,Euro
DATAFLOW,OECD.SDD.NAD:DSD_NAMAIN10@DF_TABLE1_INCOME(2.0),Annual GDP and components - income approach,I,A,Annual,BEL,Belgium,S1,Total economy,S1,Total economy,B2A3G,"Operating surplus and mixed income, gross",_Z,Not applicable,_T,Total - all activities,_Z,Not applicable,XDC,National currency,V,Current prices,N,Non transformed data,T0103,Table 0103 - GDP identity from the income side,2013,,152388.1,,,,F,Free (free for publication),1,One,A,Normal value,6,Millions,EUR,Euro
DATAFLOW,OECD.SDD.NAD:DSD_NAMAIN10@DF_TABLE1_INCOME(2.0),Annual GDP and components - income approach,I,A,Annual,DEU,Germany,S1,Total economy,S1,Total economy,B2A3G,"Operating surplus and mixed income, gross",_Z,Not applicable,_T,Total - all activities,_Z,Not applicable,XDC,National currency,V,Current prices,N,Non transformed data,T0103,Table 0103 - GDP identity from the income side,2013,,1107815,,,,F,Free (free for publication),1,One,A,Normal value,6,Millions,EUR,Euro
DATAFLOW,OECD.SDD.NAD:DSD_NAMAIN10@DF_TABLE1_INCOME(2.0),Annual GDP and components - income approach,I,A,Annual,BEL,Belgium,S1,Total economy,S1,Total economy,B2A3G,"Operating surplus and mixed income, gross",_Z,Not applicable,_T,Total - all activities,_Z,Not applicable,XDC,National currency,V,Current prices,N,Non transformed data,T0103,Table 0103 - GDP identity from the income side,2014,,159626.6,,,,F,Free (free for publication),1,One,A,Normal value,6,Millions,EUR,Euro
DATAFLOW,OECD.SDD.NAD:DSD_NAMAIN10@DF_TABLE1_INCOME(2.0),Annual GDP and components - income approach,I,A,Annual,DEU,Germany,S1,Total economy,S1,Total economy,B2A3G,"Operating surplus and mixed income, gross",_Z,Not applicable,_T,Total - all activities,_Z,Not applicable,XDC,National currency,V,Current prices,N,Non transformed data,T0103,Table 0103 - GDP identity from the income side,2014,,1156053,,,,F,Free (free for publication),1,One,A,Normal value,6,Millions,EUR,Euro
DATAFLOW,OECD.SDD.NAD:DSD_NAMAIN10@DF_TABLE1_INCOME(2.0),Annual GDP and components - income approach,I,A,Annual,PRT,Portugal,S1,Total economy,S1,Total economy,B2A3G,"Operating surplus and mixed income, gross",_Z,Not applicable,_T,Total - all activities,_Z,Not applicable,XDC,National currency,V,Current prices,N,Non transformed data,T0103,Table 0103 - GDP identity from the income side,2014,,74374.304,,,,F,Free (free for publication),1,One,A,Normal value,6,Millions,EUR,Euro
DATAFLOW,OECD.SDD.NAD:DSD_NAMAIN10@DF_TABLE1_INCOME(2.0),Annual GDP and components - income approach,I,A,Annual,BEL,Belgium,S1,Total economy,S1,Total economy,B2A3G,"Operating surplus and mixed income, gross",_Z,Not applicable,_T,Total - all activities,_Z,Not applicable,XDC,National currency,V,Current prices,N,Non transformed data,T0103,Table 0103 - GDP identity from the income side,2015,,167329.3,,,,F,Free (free for publication),1,One,A,Normal value,6,Millions,EUR,Euro
DATAFLOW,OECD.SDD.NAD:DSD_NAMAIN10@DF_TABLE1_INCOME(2.0),Annual GDP and components - income approach,I,A,Annual,DEU,Germany,S1,Total economy,S1,Total economy,B2A3G,"Operating surplus and mixed income, gross",_Z,Not applicable,_T,Total - all activities,_Z,Not applicable,XDC,National currency,V,Current prices,N,Non transformed data,T0103,Table 0103 - GDP identity from the income side,2015,,1184283,,,,F,Free (free for publication),1,One,A,Normal value,6,Millions,EUR,Euro
DATAFLOW,OECD.SDD.NAD:DSD_NAMAIN10@DF_TABLE1_INCOME(2.0),Annual GDP and components - income approach,I,A,Annual,PRT,Portugal,S1,Total economy,S1,Total economy,B2A3G,"Operating surplus and mixed income, gross",_Z,Not applicable,_T,Total - all activities,_Z,Not applicable,XDC,National currency,V,Current prices,N,Non transformed data,T0103,Table 0103 - GDP identity from the income side,2015,,76749.15,,,,F,Free (free for publication),1,One,A,Normal value,6,Millions,EUR,Euro
DATAFLOW,OECD.SDD.NAD:DSD_NAMAIN10@DF_TABLE1_INCOME(2.0),Annual GDP and components - income approach,I,A,Annual,BEL,Belgium,S1,Total economy,S1,Total economy,B2A3G,"Operating surplus and mixed income, gross",_Z,Not applicable,_T,Total - all activities,_Z,Not applicable,XDC,National currency,V,Current prices,N,Non transformed data,T0103,Table 0103 - GDP identity from the income side,2016,,173309.5,,,,F,Free (free for publication),1,One,A,Normal value,6,Millions,EUR,Euro
DATAFLOW,OECD.SDD.NAD:DSD_NAMAIN10@DF_TABLE1_INCOME(2.0),Annual GDP and components - income approach,I,A,Annual,DEU,Germany,S1,Total economy,S1,Total economy,B2A3G,"Operating surplus and mixed income, gross",_Z,Not applicable,_T,Total - all activities,_Z,Not applicable,XDC,National currency,V,Current prices,N,Non transformed data,T0103,Table 0103 - GDP identity from the income side,2016,,1220760,,,,F,Free (free for publication),1,One,A,Normal value,6,Millions,EUR,Euro
DATAFLOW,OECD.SDD.NAD:DSD_NAMAIN10@DF_TABLE1_INCOME(2.0),Annual GDP and components - income approach,I,A,Annual,PRT,Portugal,S1,Total economy,S1,Total economy,B2A3G,"Operating surplus and mixed income, gross",_Z,Not applicable,_T,Total - all activities,_Z,Not applicable,XDC,National currency,V,Current prices,N,Non transformed data,T0103,Table 0103 - GDP identity from the income side,2016,,79943.089,,,,F,Free (free for publication),1,One,A,Normal value,6,Millions,EUR,Euro
DATAFLOW,OECD.SDD.NAD:DSD_NAMAIN10@DF_TABLE1_INCOME(2.0),Annual GDP and components - income approach,I,A,Annual,BEL,Belgium,S1,Total economy,S1,Total economy,B2A3G,"Operating surplus and mixed income, gross",_Z,Not applicable,_T,Total - all activities,_Z,Not applicable,XDC,National currency,V,Current prices,N,Non transformed data,T0103,Table 0103 - GDP identity from the income side,2017,,179484.4,,,,F,Free (free for publication),1,One,A,Normal value,6,Millions,EUR,Euro
DATAFLOW,OECD.SDD.NAD:DSD_NAMAIN10@DF_TABLE1_INCOME(2.0),Annual GDP and components - income approach,I,A,Annual,DEU,Germany,S1,Total economy,S1,Total economy,B2A3G,"Operating surplus and mixed income, gross",_Z,Not applicable,_T,Total - all activities,_Z,Not applicable,XDC,National currency,V,Current prices,N,Non transformed data,T0103,Table 0103 - GDP identity from the income side,2017,,1271446,,,,F,Free (free for publication),1,One,A,Normal value,6,Millions,EUR,Euro
DATAFLOW,OECD.SDD.NAD:DSD_NAMAIN10@DF_TABLE1_INCOME(2.0),Annual GDP and components - income approach,I,A,Annual,BEL,Belgium,S1,Total economy,S1,Total economy,B2A3G,"Operating surplus and mixed income, gross",_Z,Not applicable,_T,Total - all activities,_Z,Not applicable,XDC,National currency,V,Current prices,N,Non transformed data,T0103,Table 0103 - GDP identity from the income side,2018,,186999.8,,,,F,Free (free for publication),1,One,A,Normal value,6,Millions,EUR,Euro
DATAFLOW,OECD.SDD.NAD:DSD_NAMAIN10@DF_TABLE1_INCOME(2.0),Annual GDP and components - income approach,I,A,Annual,DEU,Germany,S1,Total economy,S1,Total economy,B2A3G,"Operating surplus and mixed income, gross",_Z,Not applicable,_T,Total - all activities,_Z,Not applicable,XDC,National currency,V,Current prices,N,Non transformed data,T0103,Table 0103 - GDP identity from the income side,2018,,1278667,,,,F,Free (free for publication),1,One,A,Normal value,6,Millions,EUR,Euro
DATAFLOW,OECD.SDD.NAD:DSD_NAMAIN10@DF_TABLE1_INCOME(2.0),Annual GDP and components - income approach,I,A,Annual,DEU,Germany,S1,Total economy,S1,Total economy,B2A3G,"Operating surplus and mixed income, gross",_Z,Not applicable,_T,Total - all activities,_Z,Not applicable,XDC,National currency,V,Current prices,N,Non transformed data,T0103,Table 0103 - GDP identity from the income side,2019,,1290878,,,,F,Free (free for publication),1,One,A,Normal value,6,Millions,EUR,Euro
DATAFLOW,OECD.SDD.NAD:DSD_NAMAIN10@DF_TABLE1_INCOME(2.0),Annual GDP and components - income approach,I,A,Annual,PRT,Portugal,S1,Total economy,S1,Total economy,B2A3G,"Operating surplus and mixed income, gross",_Z,Not applicable,_T,Total - all activities,_Z,Not applicable,XDC,National currency,V,Current prices,N,Non transformed data,T0103,Table 0103 - GDP identity from the income side,2019,,87478.333,,,,F,Free (free for publication),1,One,A,Normal value,6,Millions,EUR,Euro
DATAFLOW,OECD.SDD.NAD:DSD_NAMAIN10@DF_TABLE1_INCOME(2.0),Annual GDP and components - income approach,I,A,Annual,DEU,Germany,S1,Total economy,S1,Total economy,B2A3G,"Operating surplus and mixed income, gross",_Z,Not applicable,_T,Total - all activities,_Z,Not applicable,XDC,National currency,V,Current prices,N,Non transformed data,T0103,Table 0103 - GDP identity from the income side,2020,,1277168,,,,F,Free (free for publication),1,One,A,Normal value,6,Millions,EUR,Euro
DATAFLOW,OECD.SDD.NAD:DSD_NAMAIN10@DF_TABLE1_INCOME(2.0),Annual GDP and components - income approach,I,A,Annual,LUX,Luxembourg,S1,Total economy,S1,Total economy,B2A3G,"Operating surplus and mixed income, gross",_Z,Not applicable,_T,Total - all activities,_Z,Not applicable,XDC,National currency,V,Current prices,N,Non transformed data,T0103,Table 0103 - GDP identity from the income side,2018,,24036.721,,,,F,Free (free for publication),1,One,A,Normal value,6,Millions,EUR,Euro
DATAFLOW,OECD.SDD.NAD:DSD_NAMAIN10@DF_TABLE1_INCOME(2.0),Annual GDP and components - income approach,I,A,Annual,LUX,Luxembourg,S1,Total economy,S1,Total economy,B2A3G,"Operating surplus and mixed income, gross",_Z,Not applicable,_T,Total - all activities,_Z,Not applicable,XDC,National currency,V,Current prices,N,Non transformed data,T0103,Table 0103 - GDP identity from the income side,2019,,24280.42,,,,F,Free (free for publication),1,One,A,Normal value,6,Millions,EUR,Euro
DATAFLOW,OECD.SDD.NAD:DSD_NAMAIN10@DF_TABLE1_INCOME(2.0),Annual GDP and components - income approach,I,A,Annual,LUX,Luxembourg,S1,Total economy,S1,Total economy,B2A3G,"Operating surplus and mixed income, gross",_Z,Not applicable,_T,Total - all activities,_Z,Not applicable,XDC,National currency,V,Current prices,N,Non transformed data,T0103,Table 0103 - GDP identity from the income side,2020,,25534.483,,,,F,Free (free for publication),1,One,A,Normal value,6,Millions,EUR,Euro
DATAFLOW,OECD.SDD.NAD:DSD_NAMAIN10@DF_TABLE1_INCOME(2.0),Annual GDP and components - income approach,I,A,Annual,EA20,Euro area (20 countries),S1,Total economy,S1,Total economy,B2A3G,"Operating surplus and mixed income, gross",_Z,Not applicable,_T,Total - all activities,_Z,Not applicable,XDC,National currency,V,Current prices,N,Non transformed data,T0103,Table 0103 - GDP identity from the income side,2008,,4107333.667,,,,F,Free (free for publication),1,One,A,Normal value,6,Millions,EUR,Euro
DATAFLOW,OECD.SDD.NAD:DSD_NAMAIN10@DF_TABLE1_INCOME(2.0),Annual GDP and components - income approach,I,A,Annual,EA20,Euro area (20 countries),S1,Total economy,S1,Total economy,B2A3G,"Operating surplus and mixed income, gross",_Z,Not applicable,_T,Total - all activities,_Z,Not applicable,XDC,National currency,V,Current prices,N,Non transformed data,T0103,Table 0103 - GDP identity from the income side,2009,,3851451.544,,,,F,Free (free for publication),1,One,A,Normal value,6,Millions,EUR,Euro
DATAFLOW,OECD.SDD.NAD:DSD_NAMAIN10@DF_TABLE1_INCOME(2.0),Annual GDP and components - income approach,I,A,Annual,EA20,Euro area (20 countries),S1,Total economy,S1,Total economy,B2A3G,"Operating surplus and mixed income, gross",_Z,Not applicable,_T,Total - all activities,_Z,Not applicable,XDC,National currency,V,Current prices,N,Non transformed data,T0103,Table 0103 - GDP identity from the income side,2010,,3993050.294,,,,F,Free (free for publication),1,One,A,Normal value,6,Millions,EUR,Euro
DATAFLOW,OECD.SDD.NAD:DSD_NAMAIN10@DF_TABLE1_INCOME(2.0),Annual GDP and components - income approach,I,A,Annual,EA20,Euro area (20 countries),S1,Total economy,S1,Total economy,B2A3G,"Operating surplus and mixed income, gross",_Z,Not applicable,_T,Total - all activities,_Z,Not applicable,XDC,National currency,V,Current prices,N,Non transformed data,T0103,Table 0103 - GDP identity from the income side,2011,,4110151.843,,,,F,Free (free for publication),1,One,A,Normal value,6,Millions,EUR,Euro
DATAFLOW,OECD.SDD.NAD:DSD_NAMAIN10@DF_TABLE1_INCOME(2.0),Annual GDP and components - income approach,I,A,Annual,EA20,Euro area (20 countries),S1,Total economy,S1,Total economy,B2A3G,"Operating surplus and mixed income, gross",_Z,Not applicable,_T,Total - all activities,_Z,Not applicable,XDC,National currency,V,Current prices,N,Non transformed data,T0103,Table 0103 - GDP identity from the income side,2012,,4057128.723,,,,F,Free (free for publication),1,One,A,Normal value,6,Millions,EUR,Euro
DATAFLOW,OECD.SDD.NAD:DSD_NAMAIN10@DF_TABLE1_INCOME(2.0),Annual GDP and components - income approach,I,A,Annual,EA20,Euro area (20 countries),S1,Total economy,S1,Total economy,B2A3G,"Operating surplus and mixed income, gross",_Z,Not applicable,_T,Total - all activities,_Z,Not applicable,XDC,National currency,V,Current prices,N,Non transformed data,T0103,Table 0103 - GDP identity from the income side,2013,,4100751.816,,,,F,Free (free for publication),1,One,A,Normal value,6,Millions,EUR,Euro
DATAFLOW,OECD.SDD.NAD:DSD_NAMAIN10@DF_TABLE1_INCOME(2.0),Annual GDP and components - income approach,I,A,Annual,EA20,Euro area (20 countries),S1,Total economy,S1,Total economy,B2A3G,"Operating surplus and mixed income, gross",_Z,Not applicable,_T,Total - all activities,_Z,Not applicable,XDC,National currency,V,Current prices,N,Non transformed data,T0103,Table 0103 - GDP identity from the income side,2014,,4198779.743,,,,F,Free (free for publication),1,One,A,Normal value,6,Millions,EUR,Euro
DATAFLOW,OECD.SDD.NAD:DSD_NAMAIN10@DF_TABLE1_INCOME(2.0),Annual GDP and components - income approach,I,A,Annual,EA20,Euro area (20 countries),S1,Total economy,S1,Total economy,B2A3G,"Operating surplus and mixed income, gross",_Z,Not applicable,_T,Total - all activities,_Z,Not applicable,XDC,National currency,V,Current prices,N,Non transformed data,T0103,Table 0103 - GDP identity from the income side,2015,,4383086.688,,,,F,Free (free for publication),1,One,A,Normal value,6,Millions,EUR,Euro
DATAFLOW,OECD.SDD.NAD:DSD_NAMAIN10@DF_TABLE1_INCOME(2.0),Annual GDP and components - income approach,I,A,Annual,EA20,Euro area (20 countries),S1,Total economy,S1,Total economy,B2A3G,"Operating surplus and mixed income, gross",_Z,Not applicable,_T,Total - all activities,_Z,Not applicable,XDC,National currency,V,Current prices,N,Non transformed data,T0103,Table 0103 - GDP identity from the income side,2016,,4493392.935,,,,F,Free (free for publication),1,One,A,Normal value,6,Millions,EUR,Euro
DATAFLOW,OECD.SDD.NAD:DSD_NAMAIN10@DF_TABLE1_INCOME(2.0),Annual GDP and components - income approach,I,A,Annual,EA20,Euro area (20 countries),S1,Total economy,S1,Total economy,B2A3G,"Operating surplus and mixed income, gross",_Z,Not applicable,_T,Total - all activities,_Z,Not applicable,XDC,National currency,V,Current prices,N,Non transformed data,T0103,Table 0103 - GDP identity from the income side,2017,,4659451.402,,,,F,Free (free for publication),1,One,A,Normal value,6,Millions,EUR,Euro
DATAFLOW,OECD.SDD.NAD:DSD_NAMAIN10@DF_TABLE1_INCOME(2.0),Annual GDP and components - income approach,I,A,Annual,EA20,Euro area (20 countries),S1,Total economy,S1,Total economy,B2A3G,"Operating surplus and mixed income, gross",_Z,Not applicable,_T,Total - all activities,_Z,Not applicable,XDC,National currency,V,Current prices,N,Non transformed data,T0103,Table 0103 - GDP identity from the income side,2018,,4761861.995,,,,F,Free (free for publication),1,One,A,Normal value,6,Millions,EUR,Euro
DATAFLOW,OECD.SDD.NAD:DSD_NAMAIN10@DF_TABLE1_INCOME(2.0),Annual GDP and components - income approach,I,A,Annual,EA20,Euro area (20 countries),S1,Total economy,S1,Total economy,B2A3G,"Operating surplus and mixed income, gross",_Z,Not applicable,_T,Total - all activities,_Z,Not applicable,XDC,National currency,V,Current prices,N,Non transformed data,T0103,Table 0103 - GDP identity from the income side,2019,,4877340.623,,,,F,Free (free for publication),1,One,A,Normal value,6,Millions,EUR,Euro
DATAFLOW,OECD.SDD.NAD:DSD_NAMAIN10@DF_TABLE1_INCOME(2.0),Annual GDP and components - income approach,I,A,Annual,EA20,Euro area (20 countries),S1,Total economy,S1,Total economy,B2A3G,"Operating surplus and mixed income, gross",_Z,Not applicable,_T,Total - all activities,_Z,Not applicable,XDC,National currency,V,Current prices,N,Non transformed data,T0103,Table 0103 - GDP identity from the income side,2020,,4720620.593,,,,F,Free (free for publication),1,One,A,Normal value,6,Millions,EUR,Euro
DATAFLOW,OECD.SDD.NAD:DSD_NAMAIN10@DF_TABLE1_INCOME(2.0),Annual GDP and components - income approach,I,A,Annual,EU27_2020,European Union (27 countries from 01/02/2020),S1,Total economy,S1,Total economy,B2A3G,"Operating surplus and mixed income, gross",_Z,Not applicable,_T,Total - all activities,_Z,Not applicable,XDC,National currency,V,Current prices,N,Non transformed data,T0103,Table 0103 - GDP identity from the income side,1997,,2814566.315,,,,F,Free (free for publication),1,One,A,Normal value,6,Millions,EUR,Euro
DATAFLOW,OECD.SDD.NAD:DSD_NAMAIN10@DF_TABLE1_INCOME(2.0),Annual GDP and components - income approach,I,A,Annual,EU27_2020,European Union (27 countries from 01/02/2020),S1,Total economy,S1,Total economy,B2A3G,"Operating surplus and mixed income, gross",_Z,Not applicable,_T,Total - all activities,_Z,Not applicable,XDC,National currency,V,Current prices,N,Non transformed data,T0103,Table 0103 - GDP identity from the income side,1999,,3025821.16,,,,F,Free (free for publication),1,One,A,Normal value,6,Millions,EUR,Euro
DATAFLOW,OECD.SDD.NAD:DSD_NAMAIN10@DF_TABLE1_INCOME(2.0),Annual GDP and components - income approach,I,A,Annual,EU27_2020,European Union (27 countries from 01/02/2020),S1,Total economy,S1,Total economy,B2A3G,"Operating surplus and mixed income, gross",_Z,Not applicable,_T,Total - all activities,_Z,Not applicable,XDC,National currency,V,Current prices,N,Non transformed data,T0103,Table 0103 - GDP identity from the income side,2003,,3624961.545,,,,F,Free (free for publication),1,One,A,Normal value,6,Millions,EUR,Euro
DATAFLOW,OECD.SDD.NAD:DSD_NAMAIN10@DF_TABLE1_INCOME(2.0),Annual GDP and components - income approach,I,A,Annual,EU27_2020,European Union (27 countries from 01/02/2020),S1,Total economy,S1,Total economy,B2A3G,"Operating surplus and mixed income, gross",_Z,Not applicable,_T,Total - all activities,_Z,Not applicable,XDC,National currency,V,Current prices,N,Non transformed data,T0103,Table 0103 - GDP identity from the income side,2004,,3843612.138,,,,F,Free (free for publication),1,One,A,Normal value,6,Millions,EUR,Euro
DATAFLOW,OECD.SDD.NAD:DSD_NAMAIN10@DF_TABLE1_INCOME(2.0),Annual GDP and components - income approach,I,A,Annual,EU27_2020,European Union (27 countries from 01/02/2020),S1,Total economy,S1,Total economy,B2A3G,"Operating surplus and mixed income, gross",_Z,Not applicable,_T,Total - all activities,_Z,Not applicable,XDC,National currency,V,Current prices,N,Non transformed data,T0103,Table 0103 - GDP identity from the income side,2005,,4018549.571,,,,F,Free (free for publication),1,One,A,Normal value,6,Millions,EUR,Euro
DATAFLOW,OECD.SDD.NAD:DSD_NAMAIN10@DF_TABLE1_INCOME(2.0),Annual GDP and components - income approach,I,A,Annual,EU27_2020,European Union (27 countries from 01/02/2020),S1,Total economy,S1,Total economy,B2A3G,"Operating surplus and mixed income, gross",_Z,Not applicable,_T,Total - all activities,_Z,Not applicable,XDC,National currency,V,Current prices,N,Non transformed data,T0103,Table 0103 - GDP identity from the income side,2006,,4298935.976,,,,F,Free (free for publication),1,One,A,Normal value,6,Millions,EUR,Euro
DATAFLOW,OECD.SDD.NAD:DSD_NAMAIN10@DF_TABLE1_INCOME(2.0),Annual GDP and components - income approach,I,A,Annual,EU27_2020,European Union (27 countries from 01/02/2020),S1,Total economy,S1,Total economy,B2A3G,"Operating surplus and mixed income, gross",_Z,Not applicable,_T,Total - all activities,_Z,Not applicable,XDC,National currency,V,Current prices,N,Non transformed data,T0103,Table 0103 - GDP identity from the income side,2008,,4704894.133,,,,F,Free (free for publication),1,One,A,Normal value,6,Millions,EUR,Euro
DATAFLOW,OECD.SDD.NAD:DSD_NAMAIN10@DF_TABLE1_INCOME(2.0),Annual GDP and components - income approach,I,A,Annual,EU27_2020,European Union (27 countries from 01/02/2020),S1,Total economy,S1,Total economy,B2A3G,"Operating surplus and mixed income, gross",_Z,Not applicable,_T,Total - all activities,_Z,Not applicable,XDC,National currency,V,Current prices,N,Non transformed data,T0103,Table 0103 - GDP identity from the income side,2009,,4391340.897,,,,F,Free (free for publication),1,One,A,Normal value,6,Millions,EUR,Euro
DATAFLOW,OECD.SDD.NAD:DSD_NAMAIN10@DF_TABLE1_INCOME(2.0),Annual GDP and components - income approach,I,A,Annual,EU27_2020,European Union (27 countries from 01/02/2020),S1,Total economy,S1,Total economy,B2A3G,"Operating surplus and mixed income, gross",_Z,Not applicable,_T,Total - all activities,_Z,Not applicable,XDC,National currency,V,Current prices,N,Non transformed data,T0103,Table 0103 - GDP identity from the income side,2010,,4592706.125,,,,F,Free (free for publication),1,One,A,Normal value,6,Millions,EUR,Euro
DATAFLOW,OECD.SDD.NAD:DSD_NAMAIN10@DF_TABLE1_INCOME(2.0),Annual GDP and components - income approach,I,A,Annual,EU27_2020,European Union (27 countries from 01/02/2020),S1,Total economy,S1,Total economy,B2A3G,"Operating surplus and mixed income, gross",_Z,Not applicable,_T,Total - all activities,_Z,Not applicable,XDC,National currency,V,Current prices,N,Non transformed data,T0103,Table 0103 - GDP identity from the income side,2011,,4749068.431,,,,F,Free (free for publication),1,One,A,Normal value,6,Millions,EUR,Euro
DATAFLOW,OECD.SDD.NAD:DSD_NAMAIN10@DF_TABLE1_INCOME(2.0),Annual GDP and components - income approach,I,A,Annual,EU27_2020,European Union (27 countries from 01/02/2020),S1,Total economy,S1,Total economy,B2A3G,"Operating surplus and mixed income, gross",_Z,Not applicable,_T,Total - all activities,_Z,Not applicable,XDC,National currency,V,Current prices,N,Non transformed data,T0103,Table 0103 - GDP identity from the income side,2012,,4698812.139,,,,F,Free (free for publication),1,One,A,Normal value,6,Millions,EUR,Euro
DATAFLOW,OECD.SDD.NAD:DSD_NAMAIN10@DF_TABLE1_INCOME(2.0),Annual GDP and components - income approach,I,A,Annual,EU27_2020,European Union (27 countries from 01/02/2020),S1,Total economy,S1,Total economy,B2A3G,"Operating surplus and mixed income, gross",_Z,Not applicable,_T,Total - all activities,_Z,Not applicable,XDC,National currency,V,Current prices,N,Non transformed data,T0103,Table 0103 - GDP identity from the income side,2013,,4746626.533,,,,F,Free (free for publication),1,One,A,Normal value,6,Millions,EUR,Euro
DATAFLOW,OECD.SDD.NAD:DSD_NAMAIN10@DF_TABLE1_INCOME(2.0),Annual GDP and components - income approach,I,A,Annual,EU27_2020,European Union (27 countries from 01/02/2020),S1,Total economy,S1,Total economy,B2A3G,"Operating surplus and mixed income, gross",_Z,Not applicable,_T,Total - all activities,_Z,Not applicable,XDC,National currency,V,Current prices,N,Non transformed data,T0103,Table 0103 - GDP identity from the income side,2014,,4864349.673,,,,F,Free (free for publication),1,One,A,Normal value,6,Millions,EUR,Euro
DATAFLOW,OECD.SDD.NAD:DSD_NAMAIN10@DF_TABLE1_INCOME(2.0),Annual GDP and components - income approach,I,A,Annual,EU27_2020,European Union (27 countries from 01/02/2020),S1,Total economy,S1,Total economy,B2A3G,"Operating surplus and mixed income, gross",_Z,Not applicable,_T,Total - all activities,_Z,Not applicable,XDC,National currency,V,Current prices,N,Non transformed data,T0103,Table 0103 - GDP identity from the income side,2015,,5088950.203,,,,F,Free (free for publication),1,One,A,Normal value,6,Millions,EUR,Euro
DATAFLOW,OECD.SDD.NAD:DSD_NAMAIN10@DF_TABLE1_INCOME(2.0),Annual GDP and components - income approach,I,A,Annual,EU27_2020,European Union (27 countries from 01/02/2020),S1,Total economy,S1,Total economy,B2A3G,"Operating surplus and mixed income, gross",_Z,Not applicable,_T,Total - all activities,_Z,Not applicable,XDC,National currency,V,Current prices,N,Non transformed data,T0103,Table 0103 - GDP identity from the income side,2016,,5198118.493,,,,F,Free (free for publication),1,One,A,Normal value,6,Millions,EUR,Euro
DATAFLOW,OECD.SDD.NAD:DSD_NAMAIN10@DF_TABLE1_INCOME(2.0),Annual GDP and components - income approach,I,A,Annual,EU27_2020,European Union (27 countries from 01/02/2020),S1,Total economy,S1,Total economy,B2A3G,"Operating surplus and mixed income, gross",_Z,Not applicable,_T,Total - all activities,_Z,Not applicable,XDC,National currency,V,Current prices,N,Non transformed data,T0103,Table 0103 - GDP identity from the income side,2017,,5409296.248,,,,F,Free (free for publication),1,One,A,Normal value,6,Millions,EUR,Euro
DATAFLOW,OECD.SDD.NAD:DSD_NAMAIN10@DF_TABLE1_INCOME(2.0),Annual GDP and components - income approach,I,A,Annual,EU27_2020,European Union (27 countries from 01/02/2020),S1,Total economy,S1,Total economy,B2A3G,"Operating surplus and mixed income, gross",_Z,Not applicable,_T,Total - all activities,_Z,Not applicable,XDC,National currency,V,Current prices,N,Non transformed data,T0103,Table 0103 - GDP identity from the income side,2018,,5541276.965,,,,F,Free (free for publication),1,One,A,Normal value,6,Millions,EUR,Euro
DATAFLOW,OECD.SDD.NAD:DSD_NAMAIN10@DF_TABLE1_INCOME(2.0),Annual GDP and components - income approach,I,A,Annual,EU27_2020,European Union (27 countries from 01/02/2020),S1,Total economy,S1,Total economy,B2A3G,"Operating surplus and mixed income, gross",_Z,Not applicable,_T,Total - all activities,_Z,Not applicable,XDC,National currency,V,Current prices,N,Non transformed data,T0103,Table 0103 - GDP identity from the income side,2019,,5704529.349,,,,F,Free (free for publication),1,One,A,Normal value,6,Millions,EUR,Euro
DATAFLOW,OECD.SDD.NAD:DSD_NAMAIN10@DF_TABLE1_INCOME(2.0),Annual GDP and components - income approach,I,A,Annual,EU27_2020,European Union (27 countries from 01/02/2020),S1,Total economy,S1,Total economy,B2A3G,"Operating surplus and mixed income, gross",_Z,Not applicable,_T,Total - all activities,_Z,Not applicable,XDC,National currency,V,Current prices,N,Non transformed data,T0103,Table 0103 - GDP identity from the income side,2020,,5557775.739,,,,F,Free (free for publication),1,One,A,Normal value,6,Millions,EUR,Euro
DATAFLOW,OECD.SDD.NAD:DSD_NAMAIN10@DF_TABLE1_INCOME(2.0),Annual GDP and components - income approach,I,A,Annual,HRV,Croatia,S1,Total economy,S1,Total economy,B2A3G,"Operating surplus and mixed income, gross",_Z,Not applicable,_T,Total - all activities,_Z,Not applicable,XDC,National currency,V,Current prices,N,Non transformed data,T0103,Table 0103 - GDP identity from the income side,2006,,14556.606,,,,F,Free (free for publication),1,One,A,Normal value,6,Millions,EUR,Euro
DATAFLOW,OECD.SDD.NAD:DSD_NAMAIN10@DF_TABLE1_INCOME(2.0),Annual GDP and components - income approach,I,A,Annual,HRV,Croatia,S1,Total economy,S1,Total economy,B2A3G,"Operating surplus and mixed income, gross",_Z,Not applicable,_T,Total - all activities,_Z,Not applicable,XDC,National currency,V,Current prices,N,Non transformed data,T0103,Table 0103 - GDP identity from the income side,2007,,16015.794,,,,F,Free (free for publication),1,One,A,Normal value,6,Millions,EUR,Euro
DATAFLOW,OECD.SDD.NAD:DSD_NAMAIN10@DF_TABLE1_INCOME(2.0),Annual GDP and components - income approach,I,A,Annual,HRV,Croatia,S1,Total economy,S1,Total economy,B2A3G,"Operating surplus and mixed income, gross",_Z,Not applicable,_T,Total - all activities,_Z,Not applicable,XDC,National currency,V,Current prices,N,Non transformed data,T0103,Table 0103 - GDP identity from the income side,2008,,17234.194,,,,F,Free (free for publication),1,One,A,Normal value,6,Millions,EUR,Euro
DATAFLOW,OECD.SDD.NAD:DSD_NAMAIN10@DF_TABLE1_INCOME(2.0),Annual GDP and components - income approach,I,A,Annual,HRV,Croatia,S1,Total economy,S1,Total economy,B2A3G,"Operating surplus and mixed income, gross",_Z,Not applicable,_T,Total - all activities,_Z,Not applicable,XDC,National currency,V,Current prices,N,Non transformed data,T0103,Table 0103 - GDP identity from the income side,2009,,16237.684,,,,F,Free (free for publication),1,One,A,Normal value,6,Millions,EUR,Euro
DATAFLOW,OECD.SDD.NAD:DSD_NAMAIN10@DF_TABLE1_INCOME(2.0),Annual GDP and components - income approach,I,A,Annual,HRV,Croatia,S1,Total economy,S1,Total economy,B2A3G,"Operating surplus and mixed income, gross",_Z,Not applicable,_T,Total - all activities,_Z,Not applicable,XDC,National currency,V,Current prices,N,Non transformed data,T0103,Table 0103 - GDP identity from the income side,2010,,16504.3,,,,F,Free (free for publication),1,One,A,Normal value,6,Millions,EUR,Euro
DATAFLOW,OECD.SDD.NAD:DSD_NAMAIN10@DF_TABLE1_INCOME(2.0),Annual GDP and components - income approach,I,A,Annual,HRV,Croatia,S1,Total economy,S1,Total economy,B2A3G,"Operating surplus and mixed income, gross",_Z,Not applicable,_T,Total - all activities,_Z,Not applicable,XDC,National currency,V,Current prices,N,Non transformed data,T0103,Table 0103 - GDP identity from the income side,2011,,17283.668,,,,F,Free (free for publication),1,One,A,Normal value,6,Millions,EUR,Euro
DATAFLOW,OECD.SDD.NAD:DSD_NAMAIN10@DF_TABLE1_INCOME(2.0),Annual GDP and components - income approach,I,A,Annual,HRV,Croatia,S1,Total economy,S1,Total economy,B2A3G,"Operating surplus and mixed income, gross",_Z,Not applicable,_T,Total - all activities,_Z,Not applicable,XDC,National currency,V,Current prices,N,Non transformed data,T0103,Table 0103 - GDP identity from the income side,2012,,16684.983,,,,F,Free (free for publication),1,One,A,Normal value,6,Millions,EUR,Euro
DATAFLOW,OECD.SDD.NAD:DSD_NAMAIN10@DF_TABLE1_INCOME(2.0),Annual GDP and components - income approach,I,A,Annual,HRV,Croatia,S1,Total economy,S1,Total economy,B2A3G,"Operating surplus and mixed income, gross",_Z,Not applicable,_T,Total - all activities,_Z,Not applicable,XDC,National currency,V,Current prices,N,Non transformed data,T0103,Table 0103 - GDP identity from the income side,2013,,16795.177,,,,F,Free (free for publication),1,One,A,Normal value,6,Millions,EUR,Euro
DATAFLOW,OECD.SDD.NAD:DSD_NAMAIN10@DF_TABLE1_INCOME(2.0),Annual GDP and components - income approach,I,A,Annual,HRV,Croatia,S1,Total economy,S1,Total economy,B2A3G,"Operating surplus and mixed income, gross",_Z,Not applicable,_T,Total - all activities,_Z,Not applicable,XDC,National currency,V,Current prices,N,Non transformed data,T0103,Table 0103 - GDP identity from the income side,2014,,16468.372,,,,F,Free (free for publication),1,One,A,Normal value,6,Millions,EUR,Euro
DATAFLOW,OECD.SDD.NAD:DSD_NAMAIN10@DF_TABLE1_INCOME(2.0),Annual GDP and components - income approach,I,A,Annual,HRV,Croatia,S1,Total economy,S1,Total economy,B2A3G,"Operating surplus and mixed income, gross",_Z,Not applicable,_T,Total - all activities,_Z,Not applicable,XDC,National currency,V,Current prices,N,Non transformed data,T0103,Table 0103 - GDP identity from the income side,2015,,16901.488,,,,F,Free (free for publication),1,One,A,Normal value,6,Millions,EUR,Euro
DATAFLOW,OECD.SDD.NAD:DSD_NAMAIN10@DF_TABLE1_INCOME(2.0),Annual GDP and components - income approach,I,A,Annual,HRV,Croatia,S1,Total economy,S1,Total economy,B2A3G,"Operating surplus and mixed income, gross",_Z,Not applicable,_T,Total - all activities,_Z,Not applicable,XDC,National currency,V,Current prices,N,Non transformed data,T0103,Table 0103 - GDP identity from the income side,2016,,17539.018,,,,F,Free (free for publication),1,One,A,Normal value,6,Millions,EUR,Euro
DATAFLOW,OECD.SDD.NAD:DSD_NAMAIN10@DF_TABLE1_INCOME(2.0),Annual GDP and components - income approach,I,A,Annual,HRV,Croatia,S1,Total economy,S1,Total economy,B2A3G,"Operating surplus and mixed income, gross",_Z,Not applicable,_T,Total - all activities,_Z,Not applicable,XDC,National currency,V,Current prices,N,Non transformed data,T0103,Table 0103 - GDP identity from the income side,2017,,18249.114,,,,F,Free (free for publication),1,One,A,Normal value,6,Millions,EUR,Euro
DATAFLOW,OECD.SDD.NAD:DSD_NAMAIN10@DF_TABLE1_INCOME(2.0),Annual GDP and components - income approach,I,A,Annual,HRV,Croatia,S1,Total economy,S1,Total economy,B2A3G,"Operating surplus and mixed income, gross",_Z,Not applicable,_T,Total - all activities,_Z,Not applicable,XDC,National currency,V,Current prices,N,Non transformed data,T0103,Table 0103 - GDP identity from the income side,2018,,18423.118,,,,F,Free (free for publication),1,One,A,Normal value,6,Millions,EUR,Euro
DATAFLOW,OECD.SDD.NAD:DSD_NAMAIN10@DF_TABLE1_INCOME(2.0),Annual GDP and components - income approach,I,A,Annual,HRV,Croatia,S1,Total economy,S1,Total economy,B2A3G,"Operating surplus and mixed income, gross",_Z,Not applicable,_T,Total - all activities,_Z,Not applicable,XDC,National currency,V,Current prices,N,Non transformed data,T0103,Table 0103 - GDP identity from the income side,2019,,19778.422,,,,F,Free (free for publication),1,One,A,Normal value,6,Millions,EUR,Euro
DATAFLOW,OECD.SDD.NAD:DSD_NAMAIN10@DF_TABLE1_INCOME(2.0),Annual GDP and components - income approach,I,A,Annual,HRV,Croatia,S1,Total economy,S1,Total economy,B2A3G,"Operating surplus and mixed income, gross",_Z,Not applicable,_T,Total - all activities,_Z,Not applicable,XDC,National currency,V,Current prices,N,Non transformed data,T0103,Table 0103 - GDP identity from the income side,2020,,18226.619,,,,F,Free (free for publication),1,One,A,Normal value,6,Millions,EUR,Euro
DATAFLOW,OECD.SDD.NAD:DSD_NAMAIN10@DF_TABLE1_INCOME(2.0),Annual GDP and components - income approach,I,A,Annual,IRL,Ireland,S1,Total economy,S1,Total economy,B2A3G,"Operating surplus and mixed income, gross",_Z,Not applicable,_T,Total - all activities,_Z,Not applicable,XDC,National currency,V,Current prices,N,Non transformed data,T0103,Table 0103 - GDP identity from the income side,1996,,27481.395,,,,F,Free (free for publication),1,One,A,Normal value,6,Millions,EUR,Euro
DATAFLOW,OECD.SDD.NAD:DSD_NAMAIN10@DF_TABLE1_INCOME(2.0),Annual GDP and components - income approach,I,A,Annual,IRL,Ireland,S1,Total economy,S1,Total economy,B2A3G,"Operating surplus and mixed income, gross",_Z,Not applicable,_T,Total - all activities,_Z,Not applicable,XDC,National currency,V,Current prices,N,Non transformed data,T0103,Table 0103 - GDP identity from the income side,1997,,32872.961,,,,F,Free (free for publication),1,One,A,Normal value,6,Millions,EUR,Euro
DATAFLOW,OECD.SDD.NAD:DSD_NAMAIN10@DF_TABLE1_INCOME(2.0),Annual GDP and components - income approach,I,A,Annual,IRL,Ireland,S1,Total economy,S1,Total economy,B2A3G,"Operating surplus and mixed income, gross",_Z,Not applicable,_T,Total - all activities,_Z,Not applicable,XDC,National currency,V,Current prices,N,Non transformed data,T0103,Table 0103 - GDP identity from the income side,2001,,62357.023,,,,F,Free (free for publication),1,One,A,Normal value,6,Millions,EUR,Euro
DATAFLOW,OECD.SDD.NAD:DSD_NAMAIN10@DF_TABLE1_INCOME(2.0),Annual GDP and components - income approach,I,A,Annual,IRL,Ireland,S1,Total economy,S1,Total economy,B2A3G,"Operating surplus and mixed income, gross",_Z,Not applicable,_T,Total - all activities,_Z,Not applicable,XDC,National currency,V,Current prices,N,Non transformed data,T0103,Table 0103 - GDP identity from the income side,2002,,70553.946,,,,F,Free (free for publication),1,One,A,Normal value,6,Millions,EUR,Euro
DATAFLOW,OECD.SDD.NAD:DSD_NAMAIN10@DF_TABLE1_INCOME(2.0),Annual GDP and components - income approach,I,A,Annual,IRL,Ireland,S1,Total economy,S1,Total economy,B2A3G,"Operating surplus and mixed income, gross",_Z,Not applicable,_T,Total - all activities,_Z,Not applicable,XDC,National currency,V,Current prices,N,Non transformed data,T0103,Table 0103 - GDP identity from the income side,2003,,74370.551,,,,F,Free (free for publication),1,One,A,Normal value,6,Millions,EUR,Euro
DATAFLOW,OECD.SDD.NAD:DSD_NAMAIN10@DF_TABLE1_INCOME(2.0),Annual GDP and components - income approach,I,A,Annual,IRL,Ireland,S1,Total economy,S1,Total economy,B2A3G,"Operating surplus and mixed income, gross",_Z,Not applicable,_T,Total - all activities,_Z,Not applicable,XDC,National currency,V,Current prices,N,Non transformed data,T0103,Table 0103 - GDP identity from the income side,2008,,85762.745,,,,F,Free (free for publication),1,One,A,Normal value,6,Millions,EUR,Euro
DATAFLOW,OECD.SDD.NAD:DSD_NAMAIN10@DF_TABLE1_INCOME(2.0),Annual GDP and components - income approach,I,A,Annual,IRL,Ireland,S1,Total economy,S1,Total economy,B2A3G,"Operating surplus and mixed income, gross",_Z,Not applicable,_T,Total - all activities,_Z,Not applicable,XDC,National currency,V,Current prices,N,Non transformed data,T0103,Table 0103 - GDP identity from the income side,2016,,169935.981,,,,F,Free (free for publication),1,One,A,Normal value,6,Millions,EUR,Euro
DATAFLOW,OECD.SDD.NAD:DSD_NAMAIN10@DF_TABLE1_INCOME(2.0),Annual GDP and components - income approach,I,A,Annual,IRL,Ireland,S1,Total economy,S1,Total economy,B2A3G,"Operating surplus and mixed income, gross",_Z,Not applicable,_T,Total - all activities,_Z,Not applicable,XDC,National currency,V,Current prices,N,Non transformed data,T0103,Table 0103 - GDP identity from the income side,2019,,235247.087,,,,F,Free (free for publication),1,One,A,Normal value,6,Millions,EUR,Euro
DATAFLOW,OECD.SDD.NAD:DSD_NAMAIN10@DF_TABLE1_INCOME(2.0),Annual GDP and components - income approach,I,A,Annual,IRL,Ireland,S1,Total economy,S1,Total economy,B2A3G,"Operating surplus and mixed income, gross",_Z,Not applicable,_T,Total - all activities,_Z,Not applicable,XDC,National currency,V,Current prices,N,Non transformed data,T0103,Table 0103 - GDP identity from the income side,2020,,255933.69,,,,F,Free (free for publication),1,One,A,Normal value,6,Millions,EUR,Euro
DATAFLOW,OECD.SDD.NAD:DSD_NAMAIN10@DF_TABLE1_INCOME(2.0),Annual GDP and components - income approach,I,A,Annual,EU27_2020,European Union (27 countries from 01/02/2020),S1,Total economy,S1,Total economy,B2A3G,"Operating surplus and mixed income, gross",_Z,Not applicable,_T,Total - all activities,_Z,Not applicable,XDC,National currency,V,Current prices,N,Non transformed data,T0103,Table 0103 - GDP identity from the income side,1995,,2597585.678,,,,F,Free (free for publication),1,One,A,Normal value,6,Millions,EUR,Euro
DATAFLOW,OECD.SDD.NAD:DSD_NAMAIN10@DF_TABLE1_INCOME(2.0),Annual GDP and components - income approach,I,A,Annual,EU27_2020,European Union (27 countries from 01/02/2020),S1,Total economy,S1,Total economy,B2A3G,"Operating surplus and mixed income, gross",_Z,Not applicable,_T,Total - all activities,_Z,Not applicable,XDC,National currency,V,Current prices,N,Non transformed data,T0103,Table 0103 - GDP identity from the income side,1996,,2724927.217,,,,F,Free (free for publication),1,One,A,Normal value,6,Millions,EUR,Euro
DATAFLOW,OECD.SDD.NAD:DSD_NAMAIN10@DF_TABLE1_INCOME(2.0),Annual GDP and components - income approach,I,A,Annual,EU27_2020,European Union (27 countries from 01/02/2020),S1,Total economy,S1,Total economy,B2A3G,"Operating surplus and mixed income, gross",_Z,Not applicable,_T,Total - all activities,_Z,Not applicable,XDC,National currency,V,Current prices,N,Non transformed data,T0103,Table 0103 - GDP identity from the income side,1998,,2922575.886,,,,F,Free (free for publication),1,One,A,Normal value,6,Millions,EUR,Euro
DATAFLOW,OECD.SDD.NAD:DSD_NAMAIN10@DF_TABLE1_INCOME(2.0),Annual GDP and components - income approach,I,A,Annual,EU27_2020,European Union (27 countries from 01/02/2020),S1,Total economy,S1,Total economy,B2A3G,"Operating surplus and mixed income, gross",_Z,Not applicable,_T,Total - all activities,_Z,Not applicable,XDC,National currency,V,Current prices,N,Non transformed data,T0103,Table 0103 - GDP identity from the income side,2000,,3215616.673,,,,F,Free (free for publication),1,One,A,Normal value,6,Millions,EUR,Euro
DATAFLOW,OECD.SDD.NAD:DSD_NAMAIN10@DF_TABLE1_INCOME(2.0),Annual GDP and components - income approach,I,A,Annual,EU27_2020,European Union (27 countries from 01/02/2020),S1,Total economy,S1,Total economy,B2A3G,"Operating surplus and mixed income, gross",_Z,Not applicable,_T,Total - all activities,_Z,Not applicable,XDC,National currency,V,Current prices,N,Non transformed data,T0103,Table 0103 - GDP identity from the income side,2001,,3405654.039,,,,F,Free (free for publication),1,One,A,Normal value,6,Millions,EUR,Euro
DATAFLOW,OECD.SDD.NAD:DSD_NAMAIN10@DF_TABLE1_INCOME(2.0),Annual GDP and components - income approach,I,A,Annual,EU27_2020,European Union (27 countries from 01/02/2020),S1,Total economy,S1,Total economy,B2A3G,"Operating surplus and mixed income, gross",_Z,Not applicable,_T,Total - all activities,_Z,Not applicable,XDC,National currency,V,Current prices,N,Non transformed data,T0103,Table 0103 - GDP identity from the income side,2002,,3527173.087,,,,F,Free (free for publication),1,One,A,Normal value,6,Millions,EUR,Euro
DATAFLOW,OECD.SDD.NAD:DSD_NAMAIN10@DF_TABLE1_INCOME(2.0),Annual GDP and components - income approach,I,A,Annual,EU27_2020,European Union (27 countries from 01/02/2020),S1,Total economy,S1,Total economy,B2A3G,"Operating surplus and mixed income, gross",_Z,Not applicable,_T,Total - all activities,_Z,Not applicable,XDC,National currency,V,Current prices,N,Non transformed data,T0103,Table 0103 - GDP identity from the income side,2007,,4604046.862,,,,F,Free (free for publication),1,One,A,Normal value,6,Millions,EUR,Euro
DATAFLOW,OECD.SDD.NAD:DSD_NAMAIN10@DF_TABLE1_INCOME(2.0),Annual GDP and components - income approach,I,A,Annual,EA20,Euro area (20 countries),S1,Total economy,S1,Total economy,B2A3G,"Operating surplus and mixed income, gross",_Z,Not applicable,_T,Total - all activities,_Z,Not applicable,XDC,National currency,V,Current prices,N,Non transformed data,T0103,Table 0103 - GDP identity from the income side,1995,,2351936.773,,,,F,Free (free for publication),1,One,A,Normal value,6,Millions,EUR,Euro
DATAFLOW,OECD.SDD.NAD:DSD_NAMAIN10@DF_TABLE1_INCOME(2.0),Annual GDP and components - income approach,I,A,Annual,EA20,Euro area (20 countries),S1,Total economy,S1,Total economy,B2A3G,"Operating surplus and mixed income, gross",_Z,Not applicable,_T,Total - all activities,_Z,Not applicable,XDC,National currency,V,Current prices,N,Non transformed data,T0103,Table 0103 - GDP identity from the income side,1996,,2465867.317,,,,F,Free (free for publication),1,One,A,Normal value,6,Millions,EUR,Euro
DATAFLOW,OECD.SDD.NAD:DSD_NAMAIN10@DF_TABLE1_INCOME(2.0),Annual GDP and components - income approach,I,A,Annual,EA20,Euro area (20 countries),S1,Total economy,S1,Total economy,B2A3G,"Operating surplus and mixed income, gross",_Z,Not applicable,_T,Total - all activities,_Z,Not applicable,XDC,National currency,V,Current prices,N,Non transformed data,T0103,Table 0103 - GDP identity from the income side,1997,,2539953.713,,,,F,Free (free for publication),1,One,A,Normal value,6,Millions,EUR,Euro
DATAFLOW,OECD.SDD.NAD:DSD_NAMAIN10@DF_TABLE1_INCOME(2.0),Annual GDP and components - income approach,I,A,Annual,EA20,Euro area (20 countries),S1,Total economy,S1,Total economy,B2A3G,"Operating surplus and mixed income, gross",_Z,Not applicable,_T,Total - all activities,_Z,Not applicable,XDC,National currency,V,Current prices,N,Non transformed data,T0103,Table 0103 - GDP identity from the income side,1998,,2636992.118,,,,F,Free (free for publication),1,One,A,Normal value,6,Millions,EUR,Euro
DATAFLOW,OECD.SDD.NAD:DSD_NAMAIN10@DF_TABLE1_INCOME(2.0),Annual GDP and components - income approach,I,A,Annual,EA20,Euro area (20 countries),S1,Total economy,S1,Total economy,B2A3G,"Operating surplus and mixed income, gross",_Z,Not applicable,_T,Total - all activities,_Z,Not applicable,XDC,National currency,V,Current prices,N,Non transformed data,T0103,Table 0103 - GDP identity from the income side,2000,,2881270.161,,,,F,Free (free for publication),1,One,A,Normal value,6,Millions,EUR,Euro
DATAFLOW,OECD.SDD.NAD:DSD_NAMAIN10@DF_TABLE1_INCOME(2.0),Annual GDP and components - income approach,I,A,Annual,EA20,Euro area (20 countries),S1,Total economy,S1,Total economy,B2A3G,"Operating surplus and mixed income, gross",_Z,Not applicable,_T,Total - all activities,_Z,Not applicable,XDC,National currency,V,Current prices,N,Non transformed data,T0103,Table 0103 - GDP identity from the income side,2001,,3058759.9,,,,F,Free (free for publication),1,One,A,Normal value,6,Millions,EUR,Euro
DATAFLOW,OECD.SDD.NAD:DSD_NAMAIN10@DF_TABLE1_INCOME(2.0),Annual GDP and components - income approach,I,A,Annual,EA20,Euro area (20 countries),S1,Total economy,S1,Total economy,B2A3G,"Operating surplus and mixed income, gross",_Z,Not applicable,_T,Total - all activities,_Z,Not applicable,XDC,National currency,V,Current prices,N,Non transformed data,T0103,Table 0103 - GDP identity from the income side,2002,,3158784.471,,,,F,Free (free for publication),1,One,A,Normal value,6,Millions,EUR,Euro
DATAFLOW,OECD.SDD.NAD:DSD_NAMAIN10@DF_TABLE1_INCOME(2.0),Annual GDP and components - income approach,I,A,Annual,EA20,Euro area (20 countries),S1,Total economy,S1,Total economy,B2A3G,"Operating surplus and mixed income, gross",_Z,Not applicable,_T,Total - all activities,_Z,Not applicable,XDC,National currency,V,Current prices,N,Non transformed data,T0103,Table 0103 - GDP identity from the income side,2003,,3255823.71,,,,F,Free (free for publication),1,One,A,Normal value,6,Millions,EUR,Euro
DATAFLOW,OECD.SDD.NAD:DSD_NAMAIN10@DF_TABLE1_INCOME(2.0),Annual GDP and components - income approach,I,A,Annual,EA20,Euro area (20 countries),S1,Total economy,S1,Total economy,B2A3G,"Operating surplus and mixed income, gross",_Z,Not applicable,_T,Total - all activities,_Z,Not applicable,XDC,National currency,V,Current prices,N,Non transformed data,T0103,Table 0103 - GDP identity from the income side,2007,,4046598.573,,,,F,Free (free for publication),1,One,A,Normal value,6,Millions,EUR,Euro
DATAFLOW,OECD.SDD.NAD:DSD_NAMAIN10@DF_TABLE1_INCOME(2.0),Annual GDP and components - income approach,I,A,Annual,ZAF,South Africa,S1,Total economy,S1,Total economy,B2A3G,"Operating surplus and mixed income, gross",_Z,Not applicable,_T,Total - all activities,_Z,Not applicable,XDC,National currency,V,Current prices,N,Non transformed data,T0103,Table 0103 - GDP identity from the income side,1995,,258649.57,,,,F,Free (free for publication),1,One,E,Estimated value,6,Millions,ZAR,Rand
DATAFLOW,OECD.SDD.NAD:DSD_NAMAIN10@DF_TABLE1_INCOME(2.0),Annual GDP and components - income approach,I,A,Annual,ZAF,South Africa,S1,Total economy,S1,Total economy,B2A3G,"Operating surplus and mixed income, gross",_Z,Not applicable,_T,Total - all activities,_Z,Not applicable,XDC,National currency,V,Current prices,N,Non transformed data,T0103,Table 0103 - GDP identity from the income side,1996,,295299.79,,,,F,Free (free for publication),1,One,E,Estimated value,6,Millions,ZAR,Rand
DATAFLOW,OECD.SDD.NAD:DSD_NAMAIN10@DF_TABLE1_INCOME(2.0),Annual GDP and components - income approach,I,A,Annual,ZAF,South Africa,S1,Total economy,S1,Total economy,B2A3G,"Operating surplus and mixed income, gross",_Z,Not applicable,_T,Total - all activities,_Z,Not applicable,XDC,National currency,V,Current prices,N,Non transformed data,T0103,Table 0103 - GDP identity from the income side,1997,,324790.71,,,,F,Free (free for publication),1,One,E,Estimated value,6,Millions,ZAR,Rand
DATAFLOW,OECD.SDD.NAD:DSD_NAMAIN10@DF_TABLE1_INCOME(2.0),Annual GDP and components - income approach,I,A,Annual,ZAF,South Africa,S1,Total economy,S1,Total economy,B2A3G,"Operating surplus and mixed income, gross",_Z,Not applicable,_T,Total - all activities,_Z,Not applicable,XDC,National currency,V,Current prices,N,Non transformed data,T0103,Table 0103 - GDP identity from the income side,1998,,341013.85,,,,F,Free (free for publication),1,One,E,Estimated value,6,Millions,ZAR,Rand
DATAFLOW,OECD.SDD.NAD:DSD_NAMAIN10@DF_TABLE1_INCOME(2.0),Annual GDP and components - income approach,I,A,Annual,ZAF,South Africa,S1,Total economy,S1,Total economy,B2A3G,"Operating surplus and mixed income, gross",_Z,Not applicable,_T,Total - all activities,_Z,Not applicable,XDC,National currency,V,Current prices,N,Non transformed data,T0103,Table 0103 - GDP identity from the income side,1999,,373252.43,,,,F,Free (free for publication),1,One,E,Estimated value,6,Millions,ZAR,Rand
DATAFLOW,OECD.SDD.NAD:DSD_NAMAIN10@DF_TABLE1_INCOME(2.0),Annual GDP and components - income approach,I,A,Annual,ZAF,South Africa,S1,Total economy,S1,Total economy,B2A3G,"Operating surplus and mixed income, gross",_Z,Not applicable,_T,Total - all activities,_Z,Not applicable,XDC,National currency,V,Current prices,N,Non transformed data,T0103,Table 0103 - GDP identity from the income side,2000,,444575.58,,,,F,Free (free for publication),1,One,E,Estimated value,6,Millions,ZAR,Rand
DATAFLOW,OECD.SDD.NAD:DSD_NAMAIN10@DF_TABLE1_INCOME(2.0),Annual GDP and components - income approach,I,A,Annual,ZAF,South Africa,S1,Total economy,S1,Total economy,B2A3G,"Operating surplus and mixed income, gross",_Z,Not applicable,_T,Total - all activities,_Z,Not applicable,XDC,National currency,V,Current prices,N,Non transformed data,T0103,Table 0103 - GDP identity from the income side,2001,,512165.42,,,,F,Free (free for publication),1,One,E,Estimated value,6,Millions,ZAR,Rand
DATAFLOW,OECD.SDD.NAD:DSD_NAMAIN10@DF_TABLE1_INCOME(2.0),Annual GDP and components - income approach,I,A,Annual,ZAF,South Africa,S1,Total economy,S1,Total economy,B2A3G,"Operating surplus and mixed income, gross",_Z,Not applicable,_T,Total - all activities,_Z,Not applicable,XDC,National currency,V,Current prices,N,Non transformed data,T0103,Table 0103 - GDP identity from the income side,2002,,630805.39,,,,F,Free (free for publication),1,One,E,Estimated value,6,Millions,ZAR,Rand
DATAFLOW,OECD.SDD.NAD:DSD_NAMAIN10@DF_TABLE1_INCOME(2.0),Annual GDP and components - income approach,I,A,Annual,ZAF,South Africa,S1,Total economy,S1,Total economy,B2A3G,"Operating surplus and mixed income, gross",_Z,Not applicable,_T,Total - all activities,_Z,Not applicable,XDC,National currency,V,Current prices,N,Non transformed data,T0103,Table 0103 - GDP identity from the income side,2003,,683241.12,,,,F,Free (free for publication),1,One,E,Estimated value,6,Millions,ZAR,Rand
DATAFLOW,OECD.SDD.NAD:DSD_NAMAIN10@DF_TABLE1_INCOME(2.0),Annual GDP and components - income approach,I,A,Annual,ZAF,South Africa,S1,Total economy,S1,Total economy,B2A3G,"Operating surplus and mixed income, gross",_Z,Not applicable,_T,Total - all activities,_Z,Not applicable,XDC,National currency,V,Current prices,N,Non transformed data,T0103,Table 0103 - GDP identity from the income side,2004,,744610.68,,,,F,Free (free for publication),1,One,E,Estimated value,6,Millions,ZAR,Rand
DATAFLOW,OECD.SDD.NAD:DSD_NAMAIN10@DF_TABLE1_INCOME(2.0),Annual GDP and components - income approach,I,A,Annual,ZAF,South Africa,S1,Total economy,S1,Total economy,B2A3G,"Operating surplus and mixed income, gross",_Z,Not applicable,_T,Total - all activities,_Z,Not applicable,XDC,National currency,V,Current prices,N,Non transformed data,T0103,Table 0103 - GDP identity from the income side,2005,,829011.5,,,,F,Free (free for publication),1,One,E,Estimated value,6,Millions,ZAR,Rand
DATAFLOW,OECD.SDD.NAD:DSD_NAMAIN10@DF_TABLE1_INCOME(2.0),Annual GDP and components - income approach,I,A,Annual,ZAF,South Africa,S1,Total economy,S1,Total economy,B2A3G,"Operating surplus and mixed income, gross",_Z,Not applicable,_T,Total - all activities,_Z,Not applicable,XDC,National currency,V,Current prices,N,Non transformed data,T0103,Table 0103 - GDP identity from the income side,2006,,928302.07,,,,F,Free (free for publication),1,One,E,Estimated value,6,Millions,ZAR,Rand
DATAFLOW,OECD.SDD.NAD:DSD_NAMAIN10@DF_TABLE1_INCOME(2.0),Annual GDP and components - income approach,I,A,Annual,CPV,Cabo Verde,S1,Total economy,S1,Total economy,B2A3G,"Operating surplus and mixed income, gross",_Z,Not applicable,_T,Total - all activities,_Z,Not applicable,XDC,National currency,V,Current prices,N,Non transformed data,T0103,Table 0103 - GDP identity from the income side,2007,,76403.94,,,,F,Free (free for publication),1,One,E,Estimated value,6,Millions,CVE,Cape Verde escudo
DATAFLOW,OECD.SDD.NAD:DSD_NAMAIN10@DF_TABLE1_INCOME(2.0),Annual GDP and components - income approach,I,A,Annual,ZAF,South Africa,S1,Total economy,S1,Total economy,B2A3G,"Operating surplus and mixed income, gross",_Z,Not applicable,_T,Total - all activities,_Z,Not applicable,XDC,National currency,V,Current prices,N,Non transformed data,T0103,Table 0103 - GDP identity from the income side,2007,,1068395.04,,,,F,Free (free for publication),1,One,E,Estimated value,6,Millions,ZAR,Rand
DATAFLOW,OECD.SDD.NAD:DSD_NAMAIN10@DF_TABLE1_INCOME(2.0),Annual GDP and components - income approach,I,A,Annual,CPV,Cabo Verde,S1,Total economy,S1,Total economy,B2A3G,"Operating surplus and mixed income, gross",_Z,Not applicable,_T,Total - all activities,_Z,Not applicable,XDC,National currency,V,Current prices,N,Non transformed data,T0103,Table 0103 - GDP identity from the income side,2008,,84107.976,,,,F,Free (free for publication),1,One,E,Estimated value,6,Millions,CVE,Cape Verde escudo
DATAFLOW,OECD.SDD.NAD:DSD_NAMAIN10@DF_TABLE1_INCOME(2.0),Annual GDP and components - income approach,I,A,Annual,ZAF,South Africa,S1,Total economy,S1,Total economy,B2A3G,"Operating surplus and mixed income, gross",_Z,Not applicable,_T,Total - all activities,_Z,Not applicable,XDC,National currency,V,Current prices,N,Non transformed data,T0103,Table 0103 - GDP identity from the income side,2008,,1183184.18,,,,F,Free (free for publication),1,One,E,Estimated value,6,Millions,ZAR,Rand
DATAFLOW,OECD.SDD.NAD:DSD_NAMAIN10@DF_TABLE1_INCOME(2.0),Annual GDP and components - income approach,I,A,Annual,CPV,Cabo Verde,S1,Total economy,S1,Total economy,B2A3G,"Operating surplus and mixed income, gross",_Z,Not applicable,_T,Total - all activities,_Z,Not applicable,XDC,National currency,V,Current prices,N,Non transformed data,T0103,Table 0103 - GDP identity from the income side,2009,,85355.459,,,,F,Free (free for publication),1,One,E,Estimated value,6,Millions,CVE,Cape Verde escudo
DATAFLOW,OECD.SDD.NAD:DSD_NAMAIN10@DF_TABLE1_INCOME(2.0),Annual GDP and components - income approach,I,A,Annual,ZAF,South Africa,S1,Total economy,S1,Total economy,B2A3G,"Operating surplus and mixed income, gross",_Z,Not applicable,_T,Total - all activities,_Z,Not applicable,XDC,National currency,V,Current prices,N,Non transformed data,T0103,Table 0103 - GDP identity from the income side,2009,,1267506.16,,,,F,Free (free for publication),1,One,E,Estimated value,6,Millions,ZAR,Rand
DATAFLOW,OECD.SDD.NAD:DSD_NAMAIN10@DF_TABLE1_INCOME(2.0),Annual GDP and components - income approach,I,A,Annual,CPV,Cabo Verde,S1,Total economy,S1,Total economy,B2A3G,"Operating surplus and mixed income, gross",_Z,Not applicable,_T,Total - all activities,_Z,Not applicable,XDC,National currency,V,Current prices,N,Non transformed data,T0103,Table 0103 - GDP identity from the income side,2010,,82821.356,,,,F,Free (free for publication),1,One,E,Estimated value,6,Millions,CVE,Cape Verde escudo
DATAFLOW,OECD.SDD.NAD:DSD_NAMAIN10@DF_TABLE1_INCOME(2.0),Annual GDP and components - income approach,I,A,Annual,ZAF,South Africa,S1,Total economy,S1,Total economy,B2A3G,"Operating surplus and mixed income, gross",_Z,Not applicable,_T,Total - all activities,_Z,Not applicable,XDC,National currency,V,Current prices,N,Non transformed data,T0103,Table 0103 - GDP identity from the income side,2010,,1358821.67,,,,F,Free (free for publication),1,One,E,Estimated value,6,Millions,ZAR,Rand
DATAFLOW,OECD.SDD.NAD:DSD_NAMAIN10@DF_TABLE1_INCOME(2.0),Annual GDP and components - income approach,I,A,Annual,CPV,Cabo Verde,S1,Total economy,S1,Total economy,B2A3G,"Operating surplus and mixed income, gross",_Z,Not applicable,_T,Total - all activities,_Z,Not applicable,XDC,National currency,V,Current prices,N,Non transformed data,T0103,Table 0103 - GDP identity from the income side,2011,,87399.73,,,,F,Free (free for publication),1,One,E,Estimated value,6,Millions,CVE,Cape Verde escudo
DATAFLOW,OECD.SDD.NAD:DSD_NAMAIN10@DF_TABLE1_INCOME(2.0),Annual GDP and components - income approach,I,A,Annual,ZAF,South Africa,S1,Total economy,S1,Total economy,B2A3G,"Operating surplus and mixed income, gross",_Z,Not applicable,_T,Total - all activities,_Z,Not applicable,XDC,National currency,V,Current prices,N,Non transformed data,T0103,Table 0103 - GDP identity from the income side,2011,,1440699.83,,,,F,Free (free for publication),1,One,E,Estimated value,6,Millions,ZAR,Rand
DATAFLOW,OECD.SDD.NAD:DSD_NAMAIN10@DF_TABLE1_INCOME(2.0),Annual GDP and components - income approach,I,A,Annual,CPV,Cabo Verde,S1,Total economy,S1,Total economy,B2A3G,"Operating surplus and mixed income, gross",_Z,Not applicable,_T,Total - all activities,_Z,Not applicable,XDC,National currency,V,Current prices,N,Non transformed data,T0103,Table 0103 - GDP identity from the income side,2012,,87071.506,,,,F,Free (free for publication),1,One,E,Estimated value,6,Millions,CVE,Cape Verde escudo
DATAFLOW,OECD.SDD.NAD:DSD_NAMAIN10@DF_TABLE1_INCOME(2.0),Annual GDP and components - income approach,I,A,Annual,ZAF,South Africa,S1,Total economy,S1,Total economy,B2A3G,"Operating surplus and mixed income, gross",_Z,Not applicable,_T,Total - all activities,_Z,Not applicable,XDC,National currency,V,Current prices,N,Non transformed data,T0103,Table 0103 - GDP identity from the income side,2012,,1494119.61,,,,F,Free (free for publication),1,One,E,Estimated value,6,Millions,ZAR,Rand
DATAFLOW,OECD.SDD.NAD:DSD_NAMAIN10@DF_TABLE1_INCOME(2.0),Annual GDP and components - income approach,I,A,Annual,CPV,Cabo Verde,S1,Total economy,S1,Total economy,B2A3G,"Operating surplus and mixed income, gross",_Z,Not applicable,_T,Total - all activities,_Z,Not applicable,XDC,National currency,V,Current prices,N,Non transformed data,T0103,Table 0103 - GDP identity from the income side,2013,,91465.922,,,,F,Free (free for publication),1,One,E,Estimated value,6,Millions,CVE,Cape Verde escudo
DATAFLOW,OECD.SDD.NAD:DSD_NAMAIN10@DF_TABLE1_INCOME(2.0),Annual GDP and components - income approach,I,A,Annual,ZAF,South Africa,S1,Total economy,S1,Total economy,B2A3G,"Operating surplus and mixed income, gross",_Z,Not applicable,_T,Total - all activities,_Z,Not applicable,XDC,National currency,V,Current prices,N,Non transformed data,T0103,Table 0103 - GDP identity from the income side,2013,,1583702.48,,,,F,Free (free for publication),1,One,E,Estimated value,6,Millions,ZAR,Rand
DATAFLOW,OECD.SDD.NAD:DSD_NAMAIN10@DF_TABLE1_INCOME(2.0),Annual GDP and components - income approach,I,A,Annual,CPV,Cabo Verde,S1,Total economy,S1,Total economy,B2A3G,"Operating surplus and mixed income, gross",_Z,Not applicable,_T,Total - all activities,_Z,Not applicable,XDC,National currency,V,Current prices,N,Non transformed data,T0103,Table 0103 - GDP identity from the income side,2014,,88909.161,,,,F,Free (free for publication),1,One,E,Estimated value,6,Millions,CVE,Cape Verde escudo
DATAFLOW,OECD.SDD.NAD:DSD_NAMAIN10@DF_TABLE1_INCOME(2.0),Annual GDP and components - income approach,I,A,Annual,ZAF,South Africa,S1,Total economy,S1,Total economy,B2A3G,"Operating surplus and mixed income, gross",_Z,Not applicable,_T,Total - all activities,_Z,Not applicable,XDC,National currency,V,Current prices,N,Non transformed data,T0103,Table 0103 - GDP identity from the income side,2014,,1662467.28,,,,F,Free (free for publication),1,One,E,Estimated value,6,Millions,ZAR,Rand
DATAFLOW,OECD.SDD.NAD:DSD_NAMAIN10@DF_TABLE1_INCOME(2.0),Annual GDP and components - income approach,I,A,Annual,ZAF,South Africa,S1,Total economy,S1,Total economy,B2A3G,"Operating surplus and mixed income, gross",_Z,Not applicable,_T,Total - all activities,_Z,Not applicable,XDC,National currency,V,Current prices,N,Non transformed data,T0103,Table 0103 - GDP identity from the income side,2015,,1729670.57,,,,F,Free (free for publication),1,One,E,Estimated value,6,Millions,ZAR,Rand
DATAFLOW,OECD.SDD.NAD:DSD_NAMAIN10@DF_TABLE1_INCOME(2.0),Annual GDP and components - income approach,I,A,Annual,ZAF,South Africa,S1,Total economy,S1,Total economy,B2A3G,"Operating surplus and mixed income, gross",_Z,Not applicable,_T,Total - all activities,_Z,Not applicable,XDC,National currency,V,Current prices,N,Non transformed data,T0103,Table 0103 - GDP identity from the income side,2016,,1870423.75,,,,F,Free (free for publication),1,One,E,Estimated value,6,Millions,ZAR,Rand
DATAFLOW,OECD.SDD.NAD:DSD_NAMAIN10@DF_TABLE1_INCOME(2.0),Annual GDP and components - income approach,I,A,Annual,ZAF,South Africa,S1,Total economy,S1,Total economy,B2A3G,"Operating surplus and mixed income, gross",_Z,Not applicable,_T,Total - all activities,_Z,Not applicable,XDC,National currency,V,Current prices,N,Non transformed data,T0103,Table 0103 - GDP identity from the income side,2017,,2005476.92,,,,F,Free (free for publication),1,One,E,Estimated value,6,Millions,ZAR,Rand
DATAFLOW,OECD.SDD.NAD:DSD_NAMAIN10@DF_TABLE1_INCOME(2.0),Annual GDP and components - income approach,I,A,Annual,ZAF,South Africa,S1,Total economy,S1,Total economy,B2A3G,"Operating surplus and mixed income, gross",_Z,Not applicable,_T,Total - all activities,_Z,Not applicable,XDC,National currency,V,Current prices,N,Non transformed data,T0103,Table 0103 - GDP identity from the income side,2018,,2102313.7,,,,F,Free (free for publication),1,One,E,Estimated value,6,Millions,ZAR,Rand
DATAFLOW,OECD.SDD.NAD:DSD_NAMAIN10@DF_TABLE1_INCOME(2.0),Annual GDP and components - income approach,I,A,Annual,ZAF,South Africa,S1,Total economy,S1,Total economy,B2A3G,"Operating surplus and mixed income, gross",_Z,Not applicable,_T,Total - all activities,_Z,Not applicable,XDC,National currency,V,Current prices,N,Non transformed data,T0103,Table 0103 - GDP identity from the income side,2019,,2209155.88,,,,F,Free (free for publication),1,One,E,Estimated value,6,Millions,ZAR,Rand
DATAFLOW,OECD.SDD.NAD:DSD_NAMAIN10@DF_TABLE1_INCOME(2.0),Annual GDP and components - income approach,I,A,Annual,ZAF,South Africa,S1,Total economy,S1,Total economy,B2A3G,"Operating surplus and mixed income, gross",_Z,Not applicable,_T,Total - all activities,_Z,Not applicable,XDC,National currency,V,Current prices,N,Non transformed data,T0103,Table 0103 - GDP identity from the income side,2020,,2235648.07,,,,F,Free (free for publication),1,One,E,Estimated value,6,Millions,ZAR,Rand
DATAFLOW,OECD.SDD.NAD:DSD_NAMAIN10@DF_TABLE1_INCOME(2.0),Annual GDP and components - income approach,I,A,Annual,SWE,Sweden,S1,Total economy,S1,Total economy,B2A3G,"Operating surplus and mixed income, gross",_Z,Not applicable,_T,Total - all activities,_Z,Not applicable,XDC,National currency,V,Current prices,N,Non transformed data,T0103,Table 0103 - GDP identity from the income side,1995,,730509,,,,F,Free (free for publication),1,One,A,Normal value,6,Millions,SEK,Swedish krona
DATAFLOW,OECD.SDD.NAD:DSD_NAMAIN10@DF_TABLE1_INCOME(2.0),Annual GDP and components - income approach,I,A,Annual,SWE,Sweden,S1,Total economy,S1,Total economy,B2A3G,"Operating surplus and mixed income, gross",_Z,Not applicable,_T,Total - all activities,_Z,Not applicable,XDC,National currency,V,Current prices,N,Non transformed data,T0103,Table 0103 - GDP identity from the income side,1996,,700914,,,,F,Free (free for publication),1,One,A,Normal value,6,Millions,SEK,Swedish krona
DATAFLOW,OECD.SDD.NAD:DSD_NAMAIN10@DF_TABLE1_INCOME(2.0),Annual GDP and components - income approach,I,A,Annual,SWE,Sweden,S1,Total economy,S1,Total economy,B2A3G,"Operating surplus and mixed income, gross",_Z,Not applicable,_T,Total - all activities,_Z,Not applicable,XDC,National currency,V,Current prices,N,Non transformed data,T0103,Table 0103 - GDP identity from the income side,1997,,733546,,,,F,Free (free for publication),1,One,A,Normal value,6,Millions,SEK,Swedish krona
DATAFLOW,OECD.SDD.NAD:DSD_NAMAIN10@DF_TABLE1_INCOME(2.0),Annual GDP and components - income approach,I,A,Annual,SWE,Sweden,S1,Total economy,S1,Total economy,B2A3G,"Operating surplus and mixed income, gross",_Z,Not applicable,_T,Total - all activities,_Z,Not applicable,XDC,National currency,V,Current prices,N,Non transformed data,T0103,Table 0103 - GDP identity from the income side,1998,,756010,,,,F,Free (free for publication),1,One,A,Normal value,6,Millions,SEK,Swedish krona
DATAFLOW,OECD.SDD.NAD:DSD_NAMAIN10@DF_TABLE1_INCOME(2.0),Annual GDP and components - income approach,I,A,Annual,SWE,Sweden,S1,Total economy,S1,Total economy,B2A3G,"Operating surplus and mixed income, gross",_Z,Not applicable,_T,Total - all activities,_Z,Not applicable,XDC,National currency,V,Current prices,N,Non transformed data,T0103,Table 0103 - GDP identity from the income side,1999,,788271,,,,F,Free (free for publication),1,One,A,Normal value,6,Millions,SEK,Swedish krona
DATAFLOW,OECD.SDD.NAD:DSD_NAMAIN10@DF_TABLE1_INCOME(2.0),Annual GDP and components - income approach,I,A,Annual,SWE,Sweden,S1,Total economy,S1,Total economy,B2A3G,"Operating surplus and mixed income, gross",_Z,Not applicable,_T,Total - all activities,_Z,Not applicable,XDC,National currency,V,Current prices,N,Non transformed data,T0103,Table 0103 - GDP identity from the income side,2000,,826108,,,,F,Free (free for publication),1,One,A,Normal value,6,Millions,SEK,Swedish krona
DATAFLOW,OECD.SDD.NAD:DSD_NAMAIN10@DF_TABLE1_INCOME(2.0),Annual GDP and components - income approach,I,A,Annual,SWE,Sweden,S1,Total economy,S1,Total economy,B2A3G,"Operating surplus and mixed income, gross",_Z,Not applicable,_T,Total - all activities,_Z,Not applicable,XDC,National currency,V,Current prices,N,Non transformed data,T0103,Table 0103 - GDP identity from the income side,2001,,820875,,,,F,Free (free for publication),1,One,A,Normal value,6,Millions,SEK,Swedish krona
DATAFLOW,OECD.SDD.NAD:DSD_NAMAIN10@DF_TABLE1_INCOME(2.0),Annual GDP and components - income approach,I,A,Annual,SWE,Sweden,S1,Total economy,S1,Total economy,B2A3G,"Operating surplus and mixed income, gross",_Z,Not applicable,_T,Total - all activities,_Z,Not applicable,XDC,National currency,V,Current prices,N,Non transformed data,T0103,Table 0103 - GDP identity from the income side,2002,,857195,,,,F,Free (free for publication),1,One,A,Normal value,6,Millions,SEK,Swedish krona
DATAFLOW,OECD.SDD.NAD:DSD_NAMAIN10@DF_TABLE1_INCOME(2.0),Annual GDP and components - income approach,I,A,Annual,SWE,Sweden,S1,Total economy,S1,Total economy,B2A3G,"Operating surplus and mixed income, gross",_Z,Not applicable,_T,Total - all activities,_Z,Not applicable,XDC,National currency,V,Current prices,N,Non transformed data,T0103,Table 0103 - GDP identity from the income side,2003,,895183,,,,F,Free (free for publication),1,One,A,Normal value,6,Millions,SEK,Swedish krona
DATAFLOW,OECD.SDD.NAD:DSD_NAMAIN10@DF_TABLE1_INCOME(2.0),Annual GDP and components - income approach,I,A,Annual,SWE,Sweden,S1,Total economy,S1,Total economy,B2A3G,"Operating surplus and mixed income, gross",_Z,Not applicable,_T,Total - all activities,_Z,Not applicable,XDC,National currency,V,Current prices,N,Non transformed data,T0103,Table 0103 - GDP identity from the income side,2004,,961881,,,,F,Free (free for publication),1,One,A,Normal value,6,Millions,SEK,Swedish krona
DATAFLOW,OECD.SDD.NAD:DSD_NAMAIN10@DF_TABLE1_INCOME(2.0),Annual GDP and components - income approach,I,A,Annual,SWE,Sweden,S1,Total economy,S1,Total economy,B2A3G,"Operating surplus and mixed income, gross",_Z,Not applicable,_T,Total - all activities,_Z,Not applicable,XDC,National currency,V,Current prices,N,Non transformed data,T0103,Table 0103 - GDP identity from the income side,2005,,994174,,,,F,Free (free for publication),1,One,A,Normal value,6,Millions,SEK,Swedish krona
DATAFLOW,OECD.SDD.NAD:DSD_NAMAIN10@DF_TABLE1_INCOME(2.0),Annual GDP and components - income approach,I,A,Annual,SWE,Sweden,S1,Total economy,S1,Total economy,B2A3G,"Operating surplus and mixed income, gross",_Z,Not applicable,_T,Total - all activities,_Z,Not applicable,XDC,National currency,V,Current prices,N,Non transformed data,T0103,Table 0103 - GDP identity from the income side,2006,,1093489,,,,F,Free (free for publication),1,One,A,Normal value,6,Millions,SEK,Swedish krona
DATAFLOW,OECD.SDD.NAD:DSD_NAMAIN10@DF_TABLE1_INCOME(2.0),Annual GDP and components - income approach,I,A,Annual,CHE,Switzerland,S1,Total economy,S1,Total economy,B2A3G,"Operating surplus and mixed income, gross",_Z,Not applicable,_T,Total - all activities,_Z,Not applicable,XDC,National currency,V,Current prices,N,Non transformed data,T0103,Table 0103 - GDP identity from the income side,2006,,235882.948,,,,F,Free (free for publication),1,One,A,Normal value,6,Millions,CHF,Swiss franc
DATAFLOW,OECD.SDD.NAD:DSD_NAMAIN10@DF_TABLE1_INCOME(2.0),Annual GDP and components - income approach,I,A,Annual,SWE,Sweden,S1,Total economy,S1,Total economy,B2A3G,"Operating surplus and mixed income, gross",_Z,Not applicable,_T,Total - all activities,_Z,Not applicable,XDC,National currency,V,Current prices,N,Non transformed data,T0103,Table 0103 - GDP identity from the income side,2007,,1136027,,,,F,Free (free for publication),1,One,A,Normal value,6,Millions,SEK,Swedish krona
DATAFLOW,OECD.SDD.NAD:DSD_NAMAIN10@DF_TABLE1_INCOME(2.0),Annual GDP and components - income approach,I,A,Annual,CHE,Switzerland,S1,Total economy,S1,Total economy,B2A3G,"Operating surplus and mixed income, gross",_Z,Not applicable,_T,Total - all activities,_Z,Not applicable,XDC,National currency,V,Current prices,N,Non transformed data,T0103,Table 0103 - GDP identity from the income side,2007,,252388.716,,,,F,Free (free for publication),1,One,A,Normal value,6,Millions,CHF,Swiss franc
DATAFLOW,OECD.SDD.NAD:DSD_NAMAIN10@DF_TABLE1_INCOME(2.0),Annual GDP and components - income approach,I,A,Annual,NZL,New Zealand,S1,Total economy,S1,Total economy,B2A3G,"Operating surplus and mixed income, gross",_Z,Not applicable,_T,Total - all activities,_Z,Not applicable,XDC,National currency,V,Current prices,N,Non transformed data,T0103,Table 0103 - GDP identity from the income side,2008,,82500,,,,F,Free (free for publication),1,One,A,Normal value,6,Millions,NZD,New Zealand dollar
DATAFLOW,OECD.SDD.NAD:DSD_NAMAIN10@DF_TABLE1_INCOME(2.0),Annual GDP and components - income approach,I,A,Annual,SWE,Sweden,S1,Total economy,S1,Total economy,B2A3G,"Operating surplus and mixed income, gross",_Z,Not applicable,_T,Total - all activities,_Z,Not applicable,XDC,National currency,V,Current prices,N,Non transformed data,T0103,Table 0103 - GDP identity from the income side,2008,,1108984,,,,F,Free (free for publication),1,One,A,Normal value,6,Millions,SEK,Swedish krona
DATAFLOW,OECD.SDD.NAD:DSD_NAMAIN10@DF_TABLE1_INCOME(2.0),Annual GDP and components - income approach,I,A,Annual,AUS,Australia,S1,Total economy,S1,Total economy,B2A3G,"Operating surplus and mixed income, gross",_Z,Not applicable,_T,Total - all activities,_Z,Not applicable,XDC,National currency,V,Current prices,N,Non transformed data,T0103,Table 0103 - GDP identity from the income side,2009,,561649,,,,F,Free (free for publication),1,One,A,Normal value,6,Millions,AUD,Australian dollar
DATAFLOW,OECD.SDD.NAD:DSD_NAMAIN10@DF_TABLE1_INCOME(2.0),Annual GDP and components - income approach,I,A,Annual,NZL,New Zealand,S1,Total economy,S1,Total economy,B2A3G,"Operating surplus and mixed income, gross",_Z,Not applicable,_T,Total - all activities,_Z,Not applicable,XDC,National currency,V,Current prices,N,Non transformed data,T0103,Table 0103 - GDP identity from the income side,2009,,86012,,,,F,Free (free for publication),1,One,A,Normal value,6,Millions,NZD,New Zealand dollar
DATAFLOW,OECD.SDD.NAD:DSD_NAMAIN10@DF_TABLE1_INCOME(2.0),Annual GDP and components - income approach,I,A,Annual,SWE,Sweden,S1,Total economy,S1,Total economy,B2A3G,"Operating surplus and mixed income, gross",_Z,Not applicable,_T,Total - all activities,_Z,Not applicable,XDC,National currency,V,Current prices,N,Non transformed data,T0103,Table 0103 - GDP identity from the income side,2009,,1056792,,,,F,Free (free for publication),1,One,A,Normal value,6,Millions,SEK,Swedish krona
DATAFLOW,OECD.SDD.NAD:DSD_NAMAIN10@DF_TABLE1_INCOME(2.0),Annual GDP and components - income approach,I,A,Annual,AUS,Australia,S1,Total economy,S1,Total economy,B2A3G,"Operating surplus and mixed income, gross",_Z,Not applicable,_T,Total - all activities,_Z,Not applicable,XDC,National currency,V,Current prices,N,Non transformed data,T0103,Table 0103 - GDP identity from the income side,2010,,613664,,,,F,Free (free for publication),1,One,A,Normal value,6,Millions,AUD,Australian dollar
DATAFLOW,OECD.SDD.NAD:DSD_NAMAIN10@DF_TABLE1_INCOME(2.0),Annual GDP and components - income approach,I,A,Annual,NZL,New Zealand,S1,Total economy,S1,Total economy,B2A3G,"Operating surplus and mixed income, gross",_Z,Not applicable,_T,Total - all activities,_Z,Not applicable,XDC,National currency,V,Current prices,N,Non transformed data,T0103,Table 0103 - GDP identity from the income side,2010,,90195,,,,F,Free (free for publication),1,One,A,Normal value,6,Millions,NZD,New Zealand dollar
DATAFLOW,OECD.SDD.NAD:DSD_NAMAIN10@DF_TABLE1_INCOME(2.0),Annual GDP and components - income approach,I,A,Annual,SWE,Sweden,S1,Total economy,S1,Total economy,B2A3G,"Operating surplus and mixed income, gross",_Z,Not applicable,_T,Total - all activities,_Z,Not applicable,XDC,National currency,V,Current prices,N,Non transformed data,T0103,Table 0103 - GDP identity from the income side,2010,,1200654,,,,F,Free (free for publication),1,One,A,Normal value,6,Millions,SEK,Swedish krona
DATAFLOW,OECD.SDD.NAD:DSD_NAMAIN10@DF_TABLE1_INCOME(2.0),Annual GDP and components - income approach,I,A,Annual,GEO,Georgia,S1,Total economy,S1,Total economy,B2A3G,"Operating surplus and mixed income, gross",_Z,Not applicable,_T,Total - all activities,_Z,Not applicable,XDC,National currency,V,Current prices,N,Non transformed data,T0103,Table 0103 - GDP identity from the income side,2010,,14327.025,,,,F,Free (free for publication),1,One,A,Normal value,6,Millions,GEL,Lari
DATAFLOW,OECD.SDD.NAD:DSD_NAMAIN10@DF_TABLE1_INCOME(2.0),Annual GDP and components - income approach,I,A,Annual,AUS,Australia,S1,Total economy,S1,Total economy,B2A3G,"Operating surplus and mixed income, gross",_Z,Not applicable,_T,Total - all activities,_Z,Not applicable,XDC,National currency,V,Current prices,N,Non transformed data,T0103,Table 0103 - GDP identity from the income side,2011,,647086,,,,F,Free (free for publication),1,One,A,Normal value,6,Millions,AUD,Australian dollar
DATAFLOW,OECD.SDD.NAD:DSD_NAMAIN10@DF_TABLE1_INCOME(2.0),Annual GDP and components - income approach,I,A,Annual,NZL,New Zealand,S1,Total economy,S1,Total economy,B2A3G,"Operating surplus and mixed income, gross",_Z,Not applicable,_T,Total - all activities,_Z,Not applicable,XDC,National currency,V,Current prices,N,Non transformed data,T0103,Table 0103 - GDP identity from the income side,2011,,93745,,,,F,Free (free for publication),1,One,A,Normal value,6,Millions,NZD,New Zealand dollar
DATAFLOW,OECD.SDD.NAD:DSD_NAMAIN10@DF_TABLE1_INCOME(2.0),Annual GDP and components - income approach,I,A,Annual,SWE,Sweden,S1,Total economy,S1,Total economy,B2A3G,"Operating surplus and mixed income, gross",_Z,Not applicable,_T,Total - all activities,_Z,Not applicable,XDC,National currency,V,Current prices,N,Non transformed data,T0103,Table 0103 - GDP identity from the income side,2011,,1242371,,,,F,Free (free for publication),1,One,A,Normal value,6,Millions,SEK,Swedish krona
DATAFLOW,OECD.SDD.NAD:DSD_NAMAIN10@DF_TABLE1_INCOME(2.0),Annual GDP and components - income approach,I,A,Annual,GEO,Georgia,S1,Total economy,S1,Total economy,B2A3G,"Operating surplus and mixed income, gross",_Z,Not applicable,_T,Total - all activities,_Z,Not applicable,XDC,National currency,V,Current prices,N,Non transformed data,T0103,Table 0103 - GDP identity from the income side,2011,,16668.977,,,,F,Free (free for publication),1,One,A,Normal value,6,Millions,GEL,Lari
DATAFLOW,OECD.SDD.NAD:DSD_NAMAIN10@DF_TABLE1_INCOME(2.0),Annual GDP and components - income approach,I,A,Annual,AUS,Australia,S1,Total economy,S1,Total economy,B2A3G,"Operating surplus and mixed income, gross",_Z,Not applicable,_T,Total - all activities,_Z,Not applicable,XDC,National currency,V,Current prices,N,Non transformed data,T0103,Table 0103 - GDP identity from the income side,2012,,649624,,,,F,Free (free for publication),1,One,A,Normal value,6,Millions,AUD,Australian dollar
DATAFLOW,OECD.SDD.NAD:DSD_NAMAIN10@DF_TABLE1_INCOME(2.0),Annual GDP and components - income approach,I,A,Annual,NZL,New Zealand,S1,Total economy,S1,Total economy,B2A3G,"Operating surplus and mixed income, gross",_Z,Not applicable,_T,Total - all activities,_Z,Not applicable,XDC,National currency,V,Current prices,N,Non transformed data,T0103,Table 0103 - GDP identity from the income side,2012,,94434,,,,F,Free (free for publication),1,One,A,Normal value,6,Millions,NZD,New Zealand dollar
DATAFLOW,OECD.SDD.NAD:DSD_NAMAIN10@DF_TABLE1_INCOME(2.0),Annual GDP and components - income approach,I,A,Annual,SWE,Sweden,S1,Total economy,S1,Total economy,B2A3G,"Operating surplus and mixed income, gross",_Z,Not applicable,_T,Total - all activities,_Z,Not applicable,XDC,National currency,V,Current prices,N,Non transformed data,T0103,Table 0103 - GDP identity from the income side,2012,,1178932,,,,F,Free (free for publication),1,One,A,Normal value,6,Millions,SEK,Swedish krona
DATAFLOW,OECD.SDD.NAD:DSD_NAMAIN10@DF_TABLE1_INCOME(2.0),Annual GDP and components - income approach,I,A,Annual,GEO,Georgia,S1,Total economy,S1,Total economy,B2A3G,"Operating surplus and mixed income, gross",_Z,Not applicable,_T,Total - all activities,_Z,Not applicable,XDC,National currency,V,Current prices,N,Non transformed data,T0103,Table 0103 - GDP identity from the income side,2012,,17430.533,,,,F,Free (free for publication),1,One,A,Normal value,6,Millions,GEL,Lari
DATAFLOW,OECD.SDD.NAD:DSD_NAMAIN10@DF_TABLE1_INCOME(2.0),Annual GDP and components - income approach,I,A,Annual,AUS,Australia,S1,Total economy,S1,Total economy,B2A3G,"Operating surplus and mixed income, gross",_Z,Not applicable,_T,Total - all activities,_Z,Not applicable,XDC,National currency,V,Current prices,N,Non transformed data,T0103,Table 0103 - GDP identity from the income side,2013,,675502,,,,F,Free (free for publication),1,One,A,Normal value,6,Millions,AUD,Australian dollar
DATAFLOW,OECD.SDD.NAD:DSD_NAMAIN10@DF_TABLE1_INCOME(2.0),Annual GDP and components - income approach,I,A,Annual,NZL,New Zealand,S1,Total economy,S1,Total economy,B2A3G,"Operating surplus and mixed income, gross",_Z,Not applicable,_T,Total - all activities,_Z,Not applicable,XDC,National currency,V,Current prices,N,Non transformed data,T0103,Table 0103 - GDP identity from the income side,2013,,104191,,,,F,Free (free for publication),1,One,A,Normal value,6,Millions,NZD,New Zealand dollar
DATAFLOW,OECD.SDD.NAD:DSD_NAMAIN10@DF_TABLE1_INCOME(2.0),Annual GDP and components - income approach,I,A,Annual,SWE,Sweden,S1,Total economy,S1,Total economy,B2A3G,"Operating surplus and mixed income, gross",_Z,Not applicable,_T,Total - all activities,_Z,Not applicable,XDC,National currency,V,Current prices,N,Non transformed data,T0103,Table 0103 - GDP identity from the income side,2013,,1184902,,,,F,Free (free for publication),1,One,A,Normal value,6,Millions,SEK,Swedish krona
DATAFLOW,OECD.SDD.NAD:DSD_NAMAIN10@DF_TABLE1_INCOME(2.0),Annual GDP and components - income approach,I,A,Annual,GEO,Georgia,S1,Total economy,S1,Total economy,B2A3G,"Operating surplus and mixed income, gross",_Z,Not applicable,_T,Total - all activities,_Z,Not applicable,XDC,National currency,V,Current prices,N,Non transformed data,T0103,Table 0103 - GDP identity from the income side,2013,,17824.577,,,,F,Free (free for publication),1,One,A,Normal value,6,Millions,GEL,Lari
DATAFLOW,OECD.SDD.NAD:DSD_NAMAIN10@DF_TABLE1_INCOME(2.0),Annual GDP and components - income approach,I,A,Annual,AUS,Australia,S1,Total economy,S1,Total economy,B2A3G,"Operating surplus and mixed income, gross",_Z,Not applicable,_T,Total - all activities,_Z,Not applicable,XDC,National currency,V,Current prices,N,Non transformed data,T0103,Table 0103 - GDP identity from the income side,2014,,675464,,,,F,Free (free for publication),1,One,A,Normal value,6,Millions,AUD,Australian dollar
DATAFLOW,OECD.SDD.NAD:DSD_NAMAIN10@DF_TABLE1_INCOME(2.0),Annual GDP and components - income approach,I,A,Annual,NZL,New Zealand,S1,Total economy,S1,Total economy,B2A3G,"Operating surplus and mixed income, gross",_Z,Not applicable,_T,Total - all activities,_Z,Not applicable,XDC,National currency,V,Current prices,N,Non transformed data,T0103,Table 0103 - GDP identity from the income side,2014,,106964,,,,F,Free (free for publication),1,One,A,Normal value,6,Millions,NZD,New Zealand dollar
DATAFLOW,OECD.SDD.NAD:DSD_NAMAIN10@DF_TABLE1_INCOME(2.0),Annual GDP and components - income approach,I,A,Annual,SWE,Sweden,S1,Total economy,S1,Total economy,B2A3G,"Operating surplus and mixed income, gross",_Z,Not applicable,_T,Total - all activities,_Z,Not applicable,XDC,National currency,V,Current prices,N,Non transformed data,T0103,Table 0103 - GDP identity from the income side,2014,,1250142,,,,F,Free (free for publication),1,One,A,Normal value,6,Millions,SEK,Swedish krona
DATAFLOW,OECD.SDD.NAD:DSD_NAMAIN10@DF_TABLE1_INCOME(2.0),Annual GDP and components - income approach,I,A,Annual,GEO,Georgia,S1,Total economy,S1,Total economy,B2A3G,"Operating surplus and mixed income, gross",_Z,Not applicable,_T,Total - all activities,_Z,Not applicable,XDC,National currency,V,Current prices,N,Non transformed data,T0103,Table 0103 - GDP identity from the income side,2014,,19190.252,,,,F,Free (free for publication),1,One,A,Normal value,6,Millions,GEL,Lari
DATAFLOW,OECD.SDD.NAD:DSD_NAMAIN10@DF_TABLE1_INCOME(2.0),Annual GDP and components - income approach,I,A,Annual,AUS,Australia,S1,Total economy,S1,Total economy,B2A3G,"Operating surplus and mixed income, gross",_Z,Not applicable,_T,Total - all activities,_Z,Not applicable,XDC,National currency,V,Current prices,N,Non transformed data,T0103,Table 0103 - GDP identity from the income side,2015,,672938,,,,F,Free (free for publication),1,One,A,Normal value,6,Millions,AUD,Australian dollar
DATAFLOW,OECD.SDD.NAD:DSD_NAMAIN10@DF_TABLE1_INCOME(2.0),Annual GDP and components - income approach,I,A,Annual,NZL,New Zealand,S1,Total economy,S1,Total economy,B2A3G,"Operating surplus and mixed income, gross",_Z,Not applicable,_T,Total - all activities,_Z,Not applicable,XDC,National currency,V,Current prices,N,Non transformed data,T0103,Table 0103 - GDP identity from the income side,2015,,111958,,,,F,Free (free for publication),1,One,A,Normal value,6,Millions,NZD,New Zealand dollar
DATAFLOW,OECD.SDD.NAD:DSD_NAMAIN10@DF_TABLE1_INCOME(2.0),Annual GDP and components - income approach,I,A,Annual,POL,Poland,S1,Total economy,S1,Total economy,B2A3G,"Operating surplus and mixed income, gross",_Z,Not applicable,_T,Total - all activities,_Z,Not applicable,XDC,National currency,V,Current prices,N,Non transformed data,T0103,Table 0103 - GDP identity from the income side,2015,,923842,,,,F,Free (free for publication),1,One,A,Normal value,6,Millions,PLN,Zloty
DATAFLOW,OECD.SDD.NAD:DSD_NAMAIN10@DF_TABLE1_INCOME(2.0),Annual GDP and components - income approach,I,A,Annual,SWE,Sweden,S1,Total economy,S1,Total economy,B2A3G,"Operating surplus and mixed income, gross",_Z,Not applicable,_T,Total - all activities,_Z,Not applicable,XDC,National currency,V,Current prices,N,Non transformed data,T0103,Table 0103 - GDP identity from the income side,2015,,1375678,,,,F,Free (free for publication),1,One,A,Normal value,6,Millions,SEK,Swedish krona
DATAFLOW,OECD.SDD.NAD:DSD_NAMAIN10@DF_TABLE1_INCOME(2.0),Annual GDP and components - income approach,I,A,Annual,CPV,Cabo Verde,S1,Total economy,S1,Total economy,B2A3G,"Operating surplus and mixed income, gross",_Z,Not applicable,_T,Total - all activities,_Z,Not applicable,XDC,National currency,V,Current prices,N,Non transformed data,T0103,Table 0103 - GDP identity from the income side,2015,,88598.551,,,,F,Free (free for publication),1,One,A,Normal value,6,Millions,CVE,Cape Verde escudo
DATAFLOW,OECD.SDD.NAD:DSD_NAMAIN10@DF_TABLE1_INCOME(2.0),Annual GDP and components - income approach,I,A,Annual,GEO,Georgia,S1,Total economy,S1,Total economy,B2A3G,"Operating surplus and mixed income, gross",_Z,Not applicable,_T,Total - all activities,_Z,Not applicable,XDC,National currency,V,Current prices,N,Non transformed data,T0103,Table 0103 - GDP identity from the income side,2015,,20580.333,,,,F,Free (free for publication),1,One,A,Normal value,6,Millions,GEL,Lari
DATAFLOW,OECD.SDD.NAD:DSD_NAMAIN10@DF_TABLE1_INCOME(2.0),Annual GDP and components - income approach,I,A,Annual,AUS,Australia,S1,Total economy,S1,Total economy,B2A3G,"Operating surplus and mixed income, gross",_Z,Not applicable,_T,Total - all activities,_Z,Not applicable,XDC,National currency,V,Current prices,N,Non transformed data,T0103,Table 0103 - GDP identity from the income side,2016,,744814,,,,F,Free (free for publication),1,One,A,Normal value,6,Millions,AUD,Australian dollar
DATAFLOW,OECD.SDD.NAD:DSD_NAMAIN10@DF_TABLE1_INCOME(2.0),Annual GDP and components - income approach,I,A,Annual,COL,Colombia,S1,Total economy,S1,Total economy,B2A3G,"Operating surplus and mixed income, gross",_Z,Not applicable,_T,Total - all activities,_Z,Not applicable,XDC,National currency,V,Current prices,N,Non transformed data,T0103,Table 0103 - GDP identity from the income side,2016,,473453000,,,,F,Free (free for publication),1,One,A,Normal value,6,Millions,COP,Colombian peso
DATAFLOW,OECD.SDD.NAD:DSD_NAMAIN10@DF_TABLE1_INCOME(2.0),Annual GDP and components - income approach,I,A,Annual,NZL,New Zealand,S1,Total economy,S1,Total economy,B2A3G,"Operating surplus and mixed income, gross",_Z,Not applicable,_T,Total - all activities,_Z,Not applicable,XDC,National currency,V,Current prices,N,Non transformed data,T0103,Table 0103 - GDP identity from the income side,2016,,119883,,,,F,Free (free for publication),1,One,A,Normal value,6,Millions,NZD,New Zealand dollar
DATAFLOW,OECD.SDD.NAD:DSD_NAMAIN10@DF_TABLE1_INCOME(2.0),Annual GDP and components - income approach,I,A,Annual,SWE,Sweden,S1,Total economy,S1,Total economy,B2A3G,"Operating surplus and mixed income, gross",_Z,Not applicable,_T,Total - all activities,_Z,Not applicable,XDC,National currency,V,Current prices,N,Non transformed data,T0103,Table 0103 - GDP identity from the income side,2016,,1370023,,,,F,Free (free for publication),1,One,A,Normal value,6,Millions,SEK,Swedish krona
DATAFLOW,OECD.SDD.NAD:DSD_NAMAIN10@DF_TABLE1_INCOME(2.0),Annual GDP and components - income approach,I,A,Annual,CPV,Cabo Verde,S1,Total economy,S1,Total economy,B2A3G,"Operating surplus and mixed income, gross",_Z,Not applicable,_T,Total - all activities,_Z,Not applicable,XDC,National currency,V,Current prices,N,Non transformed data,T0103,Table 0103 - GDP identity from the income side,2016,,95633.952,,,,F,Free (free for publication),1,One,A,Normal value,6,Millions,CVE,Cape Verde escudo
DATAFLOW,OECD.SDD.NAD:DSD_NAMAIN10@DF_TABLE1_INCOME(2.0),Annual GDP and components - income approach,I,A,Annual,GEO,Georgia,S1,Total economy,S1,Total economy,B2A3G,"Operating surplus and mixed income, gross",_Z,Not applicable,_T,Total - all activities,_Z,Not applicable,XDC,National currency,V,Current prices,N,Non transformed data,T0103,Table 0103 - GDP identity from the income side,2016,,20650.711,,,,F,Free (free for publication),1,One,A,Normal value,6,Millions,GEL,Lari
DATAFLOW,OECD.SDD.NAD:DSD_NAMAIN10@DF_TABLE1_INCOME(2.0),Annual GDP and components - income approach,I,A,Annual,SGP,Singapore,S1,Total economy,S1,Total economy,B2A3G,"Operating surplus and mixed income, gross",_Z,Not applicable,_T,Total - all activities,_Z,Not applicable,XDC,National currency,V,Current prices,N,Non transformed data,T0103,Table 0103 - GDP identity from the income side,2016,,221466.1,,,,F,Free (free for publication),1,One,A,Normal value,6,Millions,SGD,Singapore dollar
DATAFLOW,OECD.SDD.NAD:DSD_NAMAIN10@DF_TABLE1_INCOME(2.0),Annual GDP and components - income approach,I,A,Annual,AUS,Australia,S1,Total economy,S1,Total economy,B2A3G,"Operating surplus and mixed income, gross",_Z,Not applicable,_T,Total - all activities,_Z,Not applicable,XDC,National currency,V,Current prices,N,Non transformed data,T0103,Table 0103 - GDP identity from the income side,2017,,778318,,,,F,Free (free for publication),1,One,A,Normal value,6,Millions,AUD,Australian dollar
DATAFLOW,OECD.SDD.NAD:DSD_NAMAIN10@DF_TABLE1_INCOME(2.0),Annual GDP and components - income approach,I,A,Annual,NZL,New Zealand,S1,Total economy,S1,Total economy,B2A3G,"Operating surplus and mixed income, gross",_Z,Not applicable,_T,Total - all activities,_Z,Not applicable,XDC,National currency,V,Current prices,N,Non transformed data,T0103,Table 0103 - GDP identity from the income side,2017,,130234,,,,F,Free (free for publication),1,One,A,Normal value,6,Millions,NZD,New Zealand dollar
DATAFLOW,OECD.SDD.NAD:DSD_NAMAIN10@DF_TABLE1_INCOME(2.0),Annual GDP and components - income approach,I,A,Annual,SWE,Sweden,S1,Total economy,S1,Total economy,B2A3G,"Operating surplus and mixed income, gross",_Z,Not applicable,_T,Total - all activities,_Z,Not applicable,XDC,National currency,V,Current prices,N,Non transformed data,T0103,Table 0103 - GDP identity from the income side,2017,,1409205,,,,F,Free (free for publication),1,One,A,Normal value,6,Millions,SEK,Swedish krona
DATAFLOW,OECD.SDD.NAD:DSD_NAMAIN10@DF_TABLE1_INCOME(2.0),Annual GDP and components - income approach,I,A,Annual,CPV,Cabo Verde,S1,Total economy,S1,Total economy,B2A3G,"Operating surplus and mixed income, gross",_Z,Not applicable,_T,Total - all activities,_Z,Not applicable,XDC,National currency,V,Current prices,N,Non transformed data,T0103,Table 0103 - GDP identity from the income side,2017,,100007.82,,,,F,Free (free for publication),1,One,A,Normal value,6,Millions,CVE,Cape Verde escudo
DATAFLOW,OECD.SDD.NAD:DSD_NAMAIN10@DF_TABLE1_INCOME(2.0),Annual GDP and components - income approach,I,A,Annual,GEO,Georgia,S1,Total economy,S1,Total economy,B2A3G,"Operating surplus and mixed income, gross",_Z,Not applicable,_T,Total - all activities,_Z,Not applicable,XDC,National currency,V,Current prices,N,Non transformed data,T0103,Table 0103 - GDP identity from the income side,2017,,22740.658,,,,F,Free (free for publication),1,One,A,Normal value,6,Millions,GEL,Lari
DATAFLOW,OECD.SDD.NAD:DSD_NAMAIN10@DF_TABLE1_INCOME(2.0),Annual GDP and components - income approach,I,A,Annual,SGP,Singapore,S1,Total economy,S1,Total economy,B2A3G,"Operating surplus and mixed income, gross",_Z,Not applicable,_T,Total - all activities,_Z,Not applicable,XDC,National currency,V,Current prices,N,Non transformed data,T0103,Table 0103 - GDP identity from the income side,2017,,245035.7,,,,F,Free (free for publication),1,One,A,Normal value,6,Millions,SGD,Singapore dollar
DATAFLOW,OECD.SDD.NAD:DSD_NAMAIN10@DF_TABLE1_INCOME(2.0),Annual GDP and components - income approach,I,A,Annual,AUS,Australia,S1,Total economy,S1,Total economy,B2A3G,"Operating surplus and mixed income, gross",_Z,Not applicable,_T,Total - all activities,_Z,Not applicable,XDC,National currency,V,Current prices,N,Non transformed data,T0103,Table 0103 - GDP identity from the income side,2018,,831067,,,,F,Free (free for publication),1,One,A,Normal value,6,Millions,AUD,Australian dollar
DATAFLOW,OECD.SDD.NAD:DSD_NAMAIN10@DF_TABLE1_INCOME(2.0),Annual GDP and components - income approach,I,A,Annual,NZL,New Zealand,S1,Total economy,S1,Total economy,B2A3G,"Operating surplus and mixed income, gross",_Z,Not applicable,_T,Total - all activities,_Z,Not applicable,XDC,National currency,V,Current prices,N,Non transformed data,T0103,Table 0103 - GDP identity from the income side,2018,,135764,,,,F,Free (free for publication),1,One,A,Normal value,6,Millions,NZD,New Zealand dollar
DATAFLOW,OECD.SDD.NAD:DSD_NAMAIN10@DF_TABLE1_INCOME(2.0),Annual GDP and components - income approach,I,A,Annual,SWE,Sweden,S1,Total economy,S1,Total economy,B2A3G,"Operating surplus and mixed income, gross",_Z,Not applicable,_T,Total - all activities,_Z,Not applicable,XDC,National currency,V,Current prices,N,Non transformed data,T0103,Table 0103 - GDP identity from the income side,2018,,1444042,,,,F,Free (free for publication),1,One,A,Normal value,6,Millions,SEK,Swedish krona
DATAFLOW,OECD.SDD.NAD:DSD_NAMAIN10@DF_TABLE1_INCOME(2.0),Annual GDP and components - income approach,I,A,Annual,GEO,Georgia,S1,Total economy,S1,Total economy,B2A3G,"Operating surplus and mixed income, gross",_Z,Not applicable,_T,Total - all activities,_Z,Not applicable,XDC,National currency,V,Current prices,N,Non transformed data,T0103,Table 0103 - GDP identity from the income side,2018,,24755.629,,,,F,Free (free for publication),1,One,A,Normal value,6,Millions,GEL,Lari
DATAFLOW,OECD.SDD.NAD:DSD_NAMAIN10@DF_TABLE1_INCOME(2.0),Annual GDP and components - income approach,I,A,Annual,ROU,Romania,S1,Total economy,S1,Total economy,B2A3G,"Operating surplus and mixed income, gross",_Z,Not applicable,_T,Total - all activities,_Z,Not applicable,XDC,National currency,V,Current prices,N,Non transformed data,T0103,Table 0103 - GDP identity from the income side,2018,,502420.5,,,,F,Free (free for publication),1,One,A,Normal value,6,Millions,RON,Romanian leu
DATAFLOW,OECD.SDD.NAD:DSD_NAMAIN10@DF_TABLE1_INCOME(2.0),Annual GDP and components - income approach,I,A,Annual,SGP,Singapore,S1,Total economy,S1,Total economy,B2A3G,"Operating surplus and mixed income, gross",_Z,Not applicable,_T,Total - all activities,_Z,Not applicable,XDC,National currency,V,Current prices,N,Non transformed data,T0103,Table 0103 - GDP identity from the income side,2018,,276581.9,,,,F,Free (free for publication),1,One,A,Normal value,6,Millions,SGD,Singapore dollar
DATAFLOW,OECD.SDD.NAD:DSD_NAMAIN10@DF_TABLE1_INCOME(2.0),Annual GDP and components - income approach,I,A,Annual,AUS,Australia,S1,Total economy,S1,Total economy,B2A3G,"Operating surplus and mixed income, gross",_Z,Not applicable,_T,Total - all activities,_Z,Not applicable,XDC,National currency,V,Current prices,N,Non transformed data,T0103,Table 0103 - GDP identity from the income side,2019,,881621,,,,F,Free (free for publication),1,One,A,Normal value,6,Millions,AUD,Australian dollar
DATAFLOW,OECD.SDD.NAD:DSD_NAMAIN10@DF_TABLE1_INCOME(2.0),Annual GDP and components - income approach,I,A,Annual,NZL,New Zealand,S1,Total economy,S1,Total economy,B2A3G,"Operating surplus and mixed income, gross",_Z,Not applicable,_T,Total - all activities,_Z,Not applicable,XDC,National currency,V,Current prices,N,Non transformed data,T0103,Table 0103 - GDP identity from the income side,2019,,145121,,,,F,Free (free for publication),1,One,A,Normal value,6,Millions,NZD,New Zealand dollar
DATAFLOW,OECD.SDD.NAD:DSD_NAMAIN10@DF_TABLE1_INCOME(2.0),Annual GDP and components - income approach,I,A,Annual,SWE,Sweden,S1,Total economy,S1,Total economy,B2A3G,"Operating surplus and mixed income, gross",_Z,Not applicable,_T,Total - all activities,_Z,Not applicable,XDC,National currency,V,Current prices,N,Non transformed data,T0103,Table 0103 - GDP identity from the income side,2019,,1575629,,,,F,Free (free for publication),1,One,A,Normal value,6,Millions,SEK,Swedish krona
DATAFLOW,OECD.SDD.NAD:DSD_NAMAIN10@DF_TABLE1_INCOME(2.0),Annual GDP and components - income approach,I,A,Annual,CPV,Cabo Verde,S1,Total economy,S1,Total economy,B2A3G,"Operating surplus and mixed income, gross",_Z,Not applicable,_T,Total - all activities,_Z,Not applicable,XDC,National currency,V,Current prices,N,Non transformed data,T0103,Table 0103 - GDP identity from the income side,2019,,113468.901,,,,F,Free (free for publication),1,One,A,Normal value,6,Millions,CVE,Cape Verde escudo
DATAFLOW,OECD.SDD.NAD:DSD_NAMAIN10@DF_TABLE1_INCOME(2.0),Annual GDP and components - income approach,I,A,Annual,GEO,Georgia,S1,Total economy,S1,Total economy,B2A3G,"Operating surplus and mixed income, gross",_Z,Not applicable,_T,Total - all activities,_Z,Not applicable,XDC,National currency,V,Current prices,N,Non transformed data,T0103,Table 0103 - GDP identity from the income side,2019,,26778.962,,,,F,Free (free for publication),1,One,A,Normal value,6,Millions,GEL,Lari
DATAFLOW,OECD.SDD.NAD:DSD_NAMAIN10@DF_TABLE1_INCOME(2.0),Annual GDP and components - income approach,I,A,Annual,ROU,Romania,S1,Total economy,S1,Total economy,B2A3G,"Operating surplus and mixed income, gross",_Z,Not applicable,_T,Total - all activities,_Z,Not applicable,XDC,National currency,V,Current prices,N,Non transformed data,T0103,Table 0103 - GDP identity from the income side,2019,,551683.5,,,,F,Free (free for publication),1,One,A,Normal value,6,Millions,RON,Romanian leu
DATAFLOW,OECD.SDD.NAD:DSD_NAMAIN10@DF_TABLE1_INCOME(2.0),Annual GDP and components - income approach,I,A,Annual,SGP,Singapore,S1,Total economy,S1,Total economy,B2A3G,"Operating surplus and mixed income, gross",_Z,Not applicable,_T,Total - all activities,_Z,Not applicable,XDC,National currency,V,Current prices,N,Non transformed data,T0103,Table 0103 - GDP identity from the income side,2019,,271785.2,,,,F,Free (free for publication),1,One,A,Normal value,6,Millions,SGD,Singapore dollar
DATAFLOW,OECD.SDD.NAD:DSD_NAMAIN10@DF_TABLE1_INCOME(2.0),Annual GDP and components - income approach,I,A,Annual,AUS,Australia,S1,Total economy,S1,Total economy,B2A3G,"Operating surplus and mixed income, gross",_Z,Not applicable,_T,Total - all activities,_Z,Not applicable,XDC,National currency,V,Current prices,N,Non transformed data,T0103,Table 0103 - GDP identity from the income side,2020,,959955,,,,F,Free (free for publication),1,One,A,Normal value,6,Millions,AUD,Australian dollar
DATAFLOW,OECD.SDD.NAD:DSD_NAMAIN10@DF_TABLE1_INCOME(2.0),Annual GDP and components - income approach,I,A,Annual,JPN,Japan,S1,Total economy,S1,Total economy,B2A3G,"Operating surplus and mixed income, gross",_Z,Not applicable,_T,Total - all activities,_Z,Not applicable,XDC,National currency,V,Current prices,N,Non transformed data,T0103,Table 0103 - GDP identity from the income side,2020,,211506500,,,,F,Free (free for publication),1,One,A,Normal value,6,Millions,JPY,Yen
DATAFLOW,OECD.SDD.NAD:DSD_NAMAIN10@DF_TABLE1_INCOME(2.0),Annual GDP and components - income approach,I,A,Annual,NZL,New Zealand,S1,Total economy,S1,Total economy,B2A3G,"Operating surplus and mixed income, gross",_Z,Not applicable,_T,Total - all activities,_Z,Not applicable,XDC,National currency,V,Current prices,N,Non transformed data,T0103,Table 0103 - GDP identity from the income side,2020,,153921,,,,F,Free (free for publication),1,One,A,Normal value,6,Millions,NZD,New Zealand dollar
DATAFLOW,OECD.SDD.NAD:DSD_NAMAIN10@DF_TABLE1_INCOME(2.0),Annual GDP and components - income approach,I,A,Annual,SWE,Sweden,S1,Total economy,S1,Total economy,B2A3G,"Operating surplus and mixed income, gross",_Z,Not applicable,_T,Total - all activities,_Z,Not applicable,XDC,National currency,V,Current prices,N,Non transformed data,T0103,Table 0103 - GDP identity from the income side,2020,,1626748,,,,F,Free (free for publication),1,One,A,Normal value,6,Millions,SEK,Swedish krona
DATAFLOW,OECD.SDD.NAD:DSD_NAMAIN10@DF_TABLE1_INCOME(2.0),Annual GDP and components - income approach,I,A,Annual,CMR,Cameroon,S1,Total economy,S1,Total economy,B2A3G,"Operating surplus and mixed income, gross",_Z,Not applicable,_T,Total - all activities,_Z,Not applicable,XDC,National currency,V,Current prices,N,Non transformed data,T0103,Table 0103 - GDP identity from the income side,2020,,16050794,,,,F,Free (free for publication),1,One,A,Normal value,6,Millions,XAF,CFA franc - BEAC
DATAFLOW,OECD.SDD.NAD:DSD_NAMAIN10@DF_TABLE1_INCOME(2.0),Annual GDP and components - income approach,I,A,Annual,GEO,Georgia,S1,Total economy,S1,Total economy,B2A3G,"Operating surplus and mixed income, gross",_Z,Not applicable,_T,Total - all activities,_Z,Not applicable,XDC,National currency,V,Current prices,N,Non transformed data,T0103,Table 0103 - GDP identity from the income side,2020,,26999.687,,,,F,Free (free for publication),1,One,A,Normal value,6,Millions,GEL,Lari
DATAFLOW,OECD.SDD.NAD:DSD_NAMAIN10@DF_TABLE1_INCOME(2.0),Annual GDP and components - income approach,I,A,Annual,ROU,Romania,S1,Total economy,S1,Total economy,B2A3G,"Operating surplus and mixed income, gross",_Z,Not applicable,_T,Total - all activities,_Z,Not applicable,XDC,National currency,V,Current prices,N,Non transformed data,T0103,Table 0103 - GDP identity from the income side,2020,,553995.5,,,,F,Free (free for publication),1,One,A,Normal value,6,Millions,RON,Romanian leu
DATAFLOW,OECD.SDD.NAD:DSD_NAMAIN10@DF_TABLE1_INCOME(2.0),Annual GDP and components - income approach,I,A,Annual,SGP,Singapore,S1,Total economy,S1,Total economy,B2A3G,"Operating surplus and mixed income, gross",_Z,Not applicable,_T,Total - all activities,_Z,Not applicable,XDC,National currency,V,Current prices,N,Non transformed data,T0103,Table 0103 - GDP identity from the income side,2020,,272404.6,,,,F,Free (free for publication),1,One,A,Normal value,6,Millions,SGD,Singapore dollar
DATAFLOW,OECD.SDD.NAD:DSD_NAMAIN10@DF_TABLE1_INCOME(2.0),Annual GDP and components - income approach,I,A,Annual,ISL,Iceland,S1,Total economy,S1,Total economy,B2A3G,"Operating surplus and mixed income, gross",_Z,Not applicable,_T,Total - all activities,_Z,Not applicable,XDC,National currency,V,Current prices,N,Non transformed data,T0103,Table 0103 - GDP identity from the income side,1995,,180744.877,,,,F,Free (free for publication),1,One,A,Normal value,6,Millions,ISK,Iceland krona
DATAFLOW,OECD.SDD.NAD:DSD_NAMAIN10@DF_TABLE1_INCOME(2.0),Annual GDP and components - income approach,I,A,Annual,ISL,Iceland,S1,Total economy,S1,Total economy,B2A3G,"Operating surplus and mixed income, gross",_Z,Not applicable,_T,Total - all activities,_Z,Not applicable,XDC,National currency,V,Current prices,N,Non transformed data,T0103,Table 0103 - GDP identity from the income side,1996,,184624.979,,,,F,Free (free for publication),1,One,A,Normal value,6,Millions,ISK,Iceland krona
DATAFLOW,OECD.SDD.NAD:DSD_NAMAIN10@DF_TABLE1_INCOME(2.0),Annual GDP and components - income approach,I,A,Annual,ISL,Iceland,S1,Total economy,S1,Total economy,B2A3G,"Operating surplus and mixed income, gross",_Z,Not applicable,_T,Total - all activities,_Z,Not applicable,XDC,National currency,V,Current prices,N,Non transformed data,T0103,Table 0103 - GDP identity from the income side,1997,,203936.243,,,,F,Free (free for publication),1,One,A,Normal value,6,Millions,ISK,Iceland krona
DATAFLOW,OECD.SDD.NAD:DSD_NAMAIN10@DF_TABLE1_INCOME(2.0),Annual GDP and components - income approach,I,A,Annual,ISL,Iceland,S1,Total economy,S1,Total economy,B2A3G,"Operating surplus and mixed income, gross",_Z,Not applicable,_T,Total - all activities,_Z,Not applicable,XDC,National currency,V,Current prices,N,Non transformed data,T0103,Table 0103 - GDP identity from the income side,1998,,220818.593,,,,F,Free (free for publication),1,One,A,Normal value,6,Millions,ISK,Iceland krona
DATAFLOW,OECD.SDD.NAD:DSD_NAMAIN10@DF_TABLE1_INCOME(2.0),Annual GDP and components - income approach,I,A,Annual,ISL,Iceland,S1,Total economy,S1,Total economy,B2A3G,"Operating surplus and mixed income, gross",_Z,Not applicable,_T,Total - all activities,_Z,Not applicable,XDC,National currency,V,Current prices,N,Non transformed data,T0103,Table 0103 - GDP identity from the income side,1999,,215854.486,,,,F,Free (free for publication),1,One,A,Normal value,6,Millions,ISK,Iceland krona
DATAFLOW,OECD.SDD.NAD:DSD_NAMAIN10@DF_TABLE1_INCOME(2.0),Annual GDP and components - income approach,I,A,Annual,ISL,Iceland,S1,Total economy,S1,Total economy,B2A3G,"Operating surplus and mixed income, gross",_Z,Not applicable,_T,Total - all activities,_Z,Not applicable,XDC,National currency,V,Current prices,N,Non transformed data,T0103,Table 0103 - GDP identity from the income side,2000,,234614.472,,,,F,Free (free for publication),1,One,A,Normal value,6,Millions,ISK,Iceland krona
DATAFLOW,OECD.SDD.NAD:DSD_NAMAIN10@DF_TABLE1_INCOME(2.0),Annual GDP and components - income approach,I,A,Annual,ISL,Iceland,S1,Total economy,S1,Total economy,B2A3G,"Operating surplus and mixed income, gross",_Z,Not applicable,_T,Total - all activities,_Z,Not applicable,XDC,National currency,V,Current prices,N,Non transformed data,T0103,Table 0103 - GDP identity from the income side,2001,,288872.703,,,,F,Free (free for publication),1,One,A,Normal value,6,Millions,ISK,Iceland krona
DATAFLOW,OECD.SDD.NAD:DSD_NAMAIN10@DF_TABLE1_INCOME(2.0),Annual GDP and components - income approach,I,A,Annual,ISL,Iceland,S1,Total economy,S1,Total economy,B2A3G,"Operating surplus and mixed income, gross",_Z,Not applicable,_T,Total - all activities,_Z,Not applicable,XDC,National currency,V,Current prices,N,Non transformed data,T0103,Table 0103 - GDP identity from the income side,2002,,305344.213,,,,F,Free (free for publication),1,One,A,Normal value,6,Millions,ISK,Iceland krona
DATAFLOW,OECD.SDD.NAD:DSD_NAMAIN10@DF_TABLE1_INCOME(2.0),Annual GDP and components - income approach,I,A,Annual,ISL,Iceland,S1,Total economy,S1,Total economy,B2A3G,"Operating surplus and mixed income, gross",_Z,Not applicable,_T,Total - all activities,_Z,Not applicable,XDC,National currency,V,Current prices,N,Non transformed data,T0103,Table 0103 - GDP identity from the income side,2003,,292465.002,,,,F,Free (free for publication),1,One,A,Normal value,6,Millions,ISK,Iceland krona
DATAFLOW,OECD.SDD.NAD:DSD_NAMAIN10@DF_TABLE1_INCOME(2.0),Annual GDP and components - income approach,I,A,Annual,ISL,Iceland,S1,Total economy,S1,Total economy,B2A3G,"Operating surplus and mixed income, gross",_Z,Not applicable,_T,Total - all activities,_Z,Not applicable,XDC,National currency,V,Current prices,N,Non transformed data,T0103,Table 0103 - GDP identity from the income side,2004,,318691.079,,,,F,Free (free for publication),1,One,A,Normal value,6,Millions,ISK,Iceland krona
DATAFLOW,OECD.SDD.NAD:DSD_NAMAIN10@DF_TABLE1_INCOME(2.0),Annual GDP and components - income approach,I,A,Annual,ISL,Iceland,S1,Total economy,S1,Total economy,B2A3G,"Operating surplus and mixed income, gross",_Z,Not applicable,_T,Total - all activities,_Z,Not applicable,XDC,National currency,V,Current prices,N,Non transformed data,T0103,Table 0103 - GDP identity from the income side,2005,,330473.22,,,,F,Free (free for publication),1,One,A,Normal value,6,Millions,ISK,Iceland krona
DATAFLOW,OECD.SDD.NAD:DSD_NAMAIN10@DF_TABLE1_INCOME(2.0),Annual GDP and components - income approach,I,A,Annual,ISL,Iceland,S1,Total economy,S1,Total economy,B2A3G,"Operating surplus and mixed income, gross",_Z,Not applicable,_T,Total - all activities,_Z,Not applicable,XDC,National currency,V,Current prices,N,Non transformed data,T0103,Table 0103 - GDP identity from the income side,2006,,367322.181,,,,F,Free (free for publication),1,One,A,Normal value,6,Millions,ISK,Iceland krona
DATAFLOW,OECD.SDD.NAD:DSD_NAMAIN10@DF_TABLE1_INCOME(2.0),Annual GDP and components - income approach,I,A,Annual,ISL,Iceland,S1,Total economy,S1,Total economy,B2A3G,"Operating surplus and mixed income, gross",_Z,Not applicable,_T,Total - all activities,_Z,Not applicable,XDC,National currency,V,Current prices,N,Non transformed data,T0103,Table 0103 - GDP identity from the income side,2007,,422249.154,,,,F,Free (free for publication),1,One,A,Normal value,6,Millions,ISK,Iceland krona
DATAFLOW,OECD.SDD.NAD:DSD_NAMAIN10@DF_TABLE1_INCOME(2.0),Annual GDP and components - income approach,I,A,Annual,ISL,Iceland,S1,Total economy,S1,Total economy,B2A3G,"Operating surplus and mixed income, gross",_Z,Not applicable,_T,Total - all activities,_Z,Not applicable,XDC,National currency,V,Current prices,N,Non transformed data,T0103,Table 0103 - GDP identity from the income side,2008,,600127.998,,,,F,Free (free for publication),1,One,A,Normal value,6,Millions,ISK,Iceland krona
DATAFLOW,OECD.SDD.NAD:DSD_NAMAIN10@DF_TABLE1_INCOME(2.0),Annual GDP and components - income approach,I,A,Annual,ISL,Iceland,S1,Total economy,S1,Total economy,B2A3G,"Operating surplus and mixed income, gross",_Z,Not applicable,_T,Total - all activities,_Z,Not applicable,XDC,National currency,V,Current prices,N,Non transformed data,T0103,Table 0103 - GDP identity from the income side,2009,,715266.301,,,,F,Free (free for publication),1,One,A,Normal value,6,Millions,ISK,Iceland krona
DATAFLOW,OECD.SDD.NAD:DSD_NAMAIN10@DF_TABLE1_INCOME(2.0),Annual GDP and components - income approach,I,A,Annual,ISL,Iceland,S1,Total economy,S1,Total economy,B2A3G,"Operating surplus and mixed income, gross",_Z,Not applicable,_T,Total - all activities,_Z,Not applicable,XDC,National currency,V,Current prices,N,Non transformed data,T0103,Table 0103 - GDP identity from the income side,2010,,734037.425,,,,F,Free (free for publication),1,One,A,Normal value,6,Millions,ISK,Iceland krona
DATAFLOW,OECD.SDD.NAD:DSD_NAMAIN10@DF_TABLE1_INCOME(2.0),Annual GDP and components - income approach,I,A,Annual,ISL,Iceland,S1,Total economy,S1,Total economy,B2A3G,"Operating surplus and mixed income, gross",_Z,Not applicable,_T,Total - all activities,_Z,Not applicable,XDC,National currency,V,Current prices,N,Non transformed data,T0103,Table 0103 - GDP identity from the income side,2011,,730533.646,,,,F,Free (free for publication),1,One,A,Normal value,6,Millions,ISK,Iceland krona
DATAFLOW,OECD.SDD.NAD:DSD_NAMAIN10@DF_TABLE1_INCOME(2.0),Annual GDP and components - income approach,I,A,Annual,ISL,Iceland,S1,Total economy,S1,Total economy,B2A3G,"Operating surplus and mixed income, gross",_Z,Not applicable,_T,Total - all activities,_Z,Not applicable,XDC,National currency,V,Current prices,N,Non transformed data,T0103,Table 0103 - GDP identity from the income side,2012,,738303.689,,,,F,Free (free for publication),1,One,A,Normal value,6,Millions,ISK,Iceland krona
DATAFLOW,OECD.SDD.NAD:DSD_NAMAIN10@DF_TABLE1_INCOME(2.0),Annual GDP and components - income approach,I,A,Annual,ISL,Iceland,S1,Total economy,S1,Total economy,B2A3G,"Operating surplus and mixed income, gross",_Z,Not applicable,_T,Total - all activities,_Z,Not applicable,XDC,National currency,V,Current prices,N,Non transformed data,T0103,Table 0103 - GDP identity from the income side,2013,,767143.008,,,,F,Free (free for publication),1,One,A,Normal value,6,Millions,ISK,Iceland krona
DATAFLOW,OECD.SDD.NAD:DSD_NAMAIN10@DF_TABLE1_INCOME(2.0),Annual GDP and components - income approach,I,A,Annual,ISL,Iceland,S1,Total economy,S1,Total economy,B2A3G,"Operating surplus and mixed income, gross",_Z,Not applicable,_T,Total - all activities,_Z,Not applicable,XDC,National currency,V,Current prices,N,Non transformed data,T0103,Table 0103 - GDP identity from the income side,2014,,777307.064,,,,F,Free (free for publication),1,One,A,Normal value,6,Millions,ISK,Iceland krona
DATAFLOW,OECD.SDD.NAD:DSD_NAMAIN10@DF_TABLE1_INCOME(2.0),Annual GDP and components - income approach,I,A,Annual,ISL,Iceland,S1,Total economy,S1,Total economy,B2A3G,"Operating surplus and mixed income, gross",_Z,Not applicable,_T,Total - all activities,_Z,Not applicable,XDC,National currency,V,Current prices,N,Non transformed data,T0103,Table 0103 - GDP identity from the income side,2015,,869145.19,,,,F,Free (free for publication),1,One,A,Normal value,6,Millions,ISK,Iceland krona
DATAFLOW,OECD.SDD.NAD:DSD_NAMAIN10@DF_TABLE1_INCOME(2.0),Annual GDP and components - income approach,I,A,Annual,ISL,Iceland,S1,Total economy,S1,Total economy,B2A3G,"Operating surplus and mixed income, gross",_Z,Not applicable,_T,Total - all activities,_Z,Not applicable,XDC,National currency,V,Current prices,N,Non transformed data,T0103,Table 0103 - GDP identity from the income side,2016,,936220.941,,,,F,Free (free for publication),1,One,A,Normal value,6,Millions,ISK,Iceland krona
DATAFLOW,OECD.SDD.NAD:DSD_NAMAIN10@DF_TABLE1_INCOME(2.0),Annual GDP and components - income approach,I,A,Annual,ISL,Iceland,S1,Total economy,S1,Total economy,B2A3G,"Operating surplus and mixed income, gross",_Z,Not applicable,_T,Total - all activities,_Z,Not applicable,XDC,National currency,V,Current prices,N,Non transformed data,T0103,Table 0103 - GDP identity from the income side,2017,,893805.839,,,,F,Free (free for publication),1,One,A,Normal value,6,Millions,ISK,Iceland krona
DATAFLOW,OECD.SDD.NAD:DSD_NAMAIN10@DF_TABLE1_INCOME(2.0),Annual GDP and components - income approach,I,A,Annual,ISL,Iceland,S1,Total economy,S1,Total economy,B2A3G,"Operating surplus and mixed income, gross",_Z,Not applicable,_T,Total - all activities,_Z,Not applicable,XDC,National currency,V,Current prices,N,Non transformed data,T0103,Table 0103 - GDP identity from the income side,2018,,930569.838,,,,F,Free (free for publication),1,One,A,Normal value,6,Millions,ISK,Iceland krona
DATAFLOW,OECD.SDD.NAD:DSD_NAMAIN10@DF_TABLE1_INCOME(2.0),Annual GDP and components - income approach,I,A,Annual,ISL,Iceland,S1,Total economy,S1,Total economy,B2A3G,"Operating surplus and mixed income, gross",_Z,Not applicable,_T,Total - all activities,_Z,Not applicable,XDC,National currency,V,Current prices,N,Non transformed data,T0103,Table 0103 - GDP identity from the income side,2019,,1055893.504,,,,F,Free (free for publication),1,One,A,Normal value,6,Millions,ISK,Iceland krona
DATAFLOW,OECD.SDD.NAD:DSD_NAMAIN10@DF_TABLE1_INCOME(2.0),Annual GDP and components - income approach,I,A,Annual,ISL,Iceland,S1,Total economy,S1,Total economy,B2A3G,"Operating surplus and mixed income, gross",_Z,Not applicable,_T,Total - all activities,_Z,Not applicable,XDC,National currency,V,Current prices,N,Non transformed data,T0103,Table 0103 - GDP identity from the income side,2020,,1048786.652,,,,F,Free (free for publication),1,One,A,Normal value,6,Millions,ISK,Iceland krona
DATAFLOW,OECD.SDD.NAD:DSD_NAMAIN10@DF_TABLE1_INCOME(2.0),Annual GDP and components - income approach,I,A,Annual,BGR,Bulgaria,S1,Total economy,S1,Total economy,B2A3G,"Operating surplus and mixed income, gross",_Z,Not applicable,_T,Total - all activities,_Z,Not applicable,XDC,National currency,V,Current prices,N,Non transformed data,T0103,Table 0103 - GDP identity from the income side,2018,,49227.885,,,,F,Free (free for publication),1,One,A,Normal value,6,Millions,BGN,Bulgarian lev
DATAFLOW,OECD.SDD.NAD:DSD_NAMAIN10@DF_TABLE1_INCOME(2.0),Annual GDP and components - income approach,I,A,Annual,BGR,Bulgaria,S1,Total economy,S1,Total economy,B2A3G,"Operating surplus and mixed income, gross",_Z,Not applicable,_T,Total - all activities,_Z,Not applicable,XDC,National currency,V,Current prices,N,Non transformed data,T0103,Table 0103 - GDP identity from the income side,2019,,53642.601,,,,F,Free (free for publication),1,One,A,Normal value,6,Millions,BGN,Bulgarian lev
DATAFLOW,OECD.SDD.NAD:DSD_NAMAIN10@DF_TABLE1_INCOME(2.0),Annual GDP and components - income approach,I,A,Annual,BGR,Bulgaria,S1,Total economy,S1,Total economy,B2A3G,"Operating surplus and mixed income, gross",_Z,Not applicable,_T,Total - all activities,_Z,Not applicable,XDC,National currency,V,Current prices,N,Non transformed data,T0103,Table 0103 - GDP identity from the income side,2020,,53940.97,,,,F,Free (free for publication),1,One,A,Normal value,6,Millions,BGN,Bulgarian lev
DATAFLOW,OECD.SDD.NAD:DSD_NAMAIN10@DF_TABLE1_INCOME(2.0),Annual GDP and components - income approach,I,A,Annual,GBR,United Kingdom,S1,Total economy,S1,Total economy,B2A3G,"Operating surplus and mixed income, gross",_Z,Not applicable,_T,Total - all activities,_Z,Not applicable,XDC,National currency,V,Current prices,N,Non transformed data,T0103,Table 0103 - GDP identity from the income side,1995,,377270,,,,F,Free (free for publication),1,One,A,Normal value,6,Millions,GBP,Pound sterling
DATAFLOW,OECD.SDD.NAD:DSD_NAMAIN10@DF_TABLE1_INCOME(2.0),Annual GDP and components - income approach,I,A,Annual,GBR,United Kingdom,S1,Total economy,S1,Total economy,B2A3G,"Operating surplus and mixed income, gross",_Z,Not applicable,_T,Total - all activities,_Z,Not applicable,XDC,National currency,V,Current prices,N,Non transformed data,T0103,Table 0103 - GDP identity from the income side,1996,,413328,,,,F,Free (free for publication),1,One,A,Normal value,6,Millions,GBP,Pound sterling
DATAFLOW,OECD.SDD.NAD:DSD_NAMAIN10@DF_TABLE1_INCOME(2.0),Annual GDP and components - income approach,I,A,Annual,GBR,United Kingdom,S1,Total economy,S1,Total economy,B2A3G,"Operating surplus and mixed income, gross",_Z,Not applicable,_T,Total - all activities,_Z,Not applicable,XDC,National currency,V,Current prices,N,Non transformed data,T0103,Table 0103 - GDP identity from the income side,1997,,416135,,,,F,Free (free for publication),1,One,A,Normal value,6,Millions,GBP,Pound sterling
DATAFLOW,OECD.SDD.NAD:DSD_NAMAIN10@DF_TABLE1_INCOME(2.0),Annual GDP and components - income approach,I,A,Annual,GBR,United Kingdom,S1,Total economy,S1,Total economy,B2A3G,"Operating surplus and mixed income, gross",_Z,Not applicable,_T,Total - all activities,_Z,Not applicable,XDC,National currency,V,Current prices,N,Non transformed data,T0103,Table 0103 - GDP identity from the income side,1998,,431048,,,,F,Free (free for publication),1,One,A,Normal value,6,Millions,GBP,Pound sterling
DATAFLOW,OECD.SDD.NAD:DSD_NAMAIN10@DF_TABLE1_INCOME(2.0),Annual GDP and components - income approach,I,A,Annual,GBR,United Kingdom,S1,Total economy,S1,Total economy,B2A3G,"Operating surplus and mixed income, gross",_Z,Not applicable,_T,Total - all activities,_Z,Not applicable,XDC,National currency,V,Current prices,N,Non transformed data,T0103,Table 0103 - GDP identity from the income side,1999,,428628,,,,F,Free (free for publication),1,One,A,Normal value,6,Millions,GBP,Pound sterling
DATAFLOW,OECD.SDD.NAD:DSD_NAMAIN10@DF_TABLE1_INCOME(2.0),Annual GDP and components - income approach,I,A,Annual,GBR,United Kingdom,S1,Total economy,S1,Total economy,B2A3G,"Operating surplus and mixed income, gross",_Z,Not applicable,_T,Total - all activities,_Z,Not applicable,XDC,National currency,V,Current prices,N,Non transformed data,T0103,Table 0103 - GDP identity from the income side,2000,,442035,,,,F,Free (free for publication),1,One,A,Normal value,6,Millions,GBP,Pound sterling
DATAFLOW,OECD.SDD.NAD:DSD_NAMAIN10@DF_TABLE1_INCOME(2.0),Annual GDP and components - income approach,I,A,Annual,GBR,United Kingdom,S1,Total economy,S1,Total economy,B2A3G,"Operating surplus and mixed income, gross",_Z,Not applicable,_T,Total - all activities,_Z,Not applicable,XDC,National currency,V,Current prices,N,Non transformed data,T0103,Table 0103 - GDP identity from the income side,2001,,450515,,,,F,Free (free for publication),1,One,A,Normal value,6,Millions,GBP,Pound sterling
DATAFLOW,OECD.SDD.NAD:DSD_NAMAIN10@DF_TABLE1_INCOME(2.0),Annual GDP and components - income approach,I,A,Annual,GBR,United Kingdom,S1,Total economy,S1,Total economy,B2A3G,"Operating surplus and mixed income, gross",_Z,Not applicable,_T,Total - all activities,_Z,Not applicable,XDC,National currency,V,Current prices,N,Non transformed data,T0103,Table 0103 - GDP identity from the income side,2002,,476250,,,,F,Free (free for publication),1,One,A,Normal value,6,Millions,GBP,Pound sterling
DATAFLOW,OECD.SDD.NAD:DSD_NAMAIN10@DF_TABLE1_INCOME(2.0),Annual GDP and components - income approach,I,A,Annual,GBR,United Kingdom,S1,Total economy,S1,Total economy,B2A3G,"Operating surplus and mixed income, gross",_Z,Not applicable,_T,Total - all activities,_Z,Not applicable,XDC,National currency,V,Current prices,N,Non transformed data,T0103,Table 0103 - GDP identity from the income side,2003,,507068,,,,F,Free (free for publication),1,One,A,Normal value,6,Millions,GBP,Pound sterling
DATAFLOW,OECD.SDD.NAD:DSD_NAMAIN10@DF_TABLE1_INCOME(2.0),Annual GDP and components - income approach,I,A,Annual,GBR,United Kingdom,S1,Total economy,S1,Total economy,B2A3G,"Operating surplus and mixed income, gross",_Z,Not applicable,_T,Total - all activities,_Z,Not applicable,XDC,National currency,V,Current prices,N,Non transformed data,T0103,Table 0103 - GDP identity from the income side,2004,,521287,,,,F,Free (free for publication),1,One,A,Normal value,6,Millions,GBP,Pound sterling
DATAFLOW,OECD.SDD.NAD:DSD_NAMAIN10@DF_TABLE1_INCOME(2.0),Annual GDP and components - income approach,I,A,Annual,GBR,United Kingdom,S1,Total economy,S1,Total economy,B2A3G,"Operating surplus and mixed income, gross",_Z,Not applicable,_T,Total - all activities,_Z,Not applicable,XDC,National currency,V,Current prices,N,Non transformed data,T0103,Table 0103 - GDP identity from the income side,2005,,556066,,,,F,Free (free for publication),1,One,A,Normal value,6,Millions,GBP,Pound sterling
DATAFLOW,OECD.SDD.NAD:DSD_NAMAIN10@DF_TABLE1_INCOME(2.0),Annual GDP and components - income approach,I,A,Annual,GBR,United Kingdom,S1,Total economy,S1,Total economy,B2A3G,"Operating surplus and mixed income, gross",_Z,Not applicable,_T,Total - all activities,_Z,Not applicable,XDC,National currency,V,Current prices,N,Non transformed data,T0103,Table 0103 - GDP identity from the income side,2006,,582453,,,,F,Free (free for publication),1,One,A,Normal value,6,Millions,GBP,Pound sterling
DATAFLOW,OECD.SDD.NAD:DSD_NAMAIN10@DF_TABLE1_INCOME(2.0),Annual GDP and components - income approach,I,A,Annual,GBR,United Kingdom,S1,Total economy,S1,Total economy,B2A3G,"Operating surplus and mixed income, gross",_Z,Not applicable,_T,Total - all activities,_Z,Not applicable,XDC,National currency,V,Current prices,N,Non transformed data,T0103,Table 0103 - GDP identity from the income side,2007,,596617,,,,F,Free (free for publication),1,One,A,Normal value,6,Millions,GBP,Pound sterling
DATAFLOW,OECD.SDD.NAD:DSD_NAMAIN10@DF_TABLE1_INCOME(2.0),Annual GDP and components - income approach,I,A,Annual,GBR,United Kingdom,S1,Total economy,S1,Total economy,B2A3G,"Operating surplus and mixed income, gross",_Z,Not applicable,_T,Total - all activities,_Z,Not applicable,XDC,National currency,V,Current prices,N,Non transformed data,T0103,Table 0103 - GDP identity from the income side,2008,,633122,,,,F,Free (free for publication),1,One,A,Normal value,6,Millions,GBP,Pound sterling
DATAFLOW,OECD.SDD.NAD:DSD_NAMAIN10@DF_TABLE1_INCOME(2.0),Annual GDP and components - income approach,I,A,Annual,GBR,United Kingdom,S1,Total economy,S1,Total economy,B2A3G,"Operating surplus and mixed income, gross",_Z,Not applicable,_T,Total - all activities,_Z,Not applicable,XDC,National currency,V,Current prices,N,Non transformed data,T0103,Table 0103 - GDP identity from the income side,2009,,611149,,,,F,Free (free for publication),1,One,A,Normal value,6,Millions,GBP,Pound sterling
DATAFLOW,OECD.SDD.NAD:DSD_NAMAIN10@DF_TABLE1_INCOME(2.0),Annual GDP and components - income approach,I,A,Annual,GBR,United Kingdom,S1,Total economy,S1,Total economy,B2A3G,"Operating surplus and mixed income, gross",_Z,Not applicable,_T,Total - all activities,_Z,Not applicable,XDC,National currency,V,Current prices,N,Non transformed data,T0103,Table 0103 - GDP identity from the income side,2010,,622210,,,,F,Free (free for publication),1,One,A,Normal value,6,Millions,GBP,Pound sterling
DATAFLOW,OECD.SDD.NAD:DSD_NAMAIN10@DF_TABLE1_INCOME(2.0),Annual GDP and components - income approach,I,A,Annual,GBR,United Kingdom,S1,Total economy,S1,Total economy,B2A3G,"Operating surplus and mixed income, gross",_Z,Not applicable,_T,Total - all activities,_Z,Not applicable,XDC,National currency,V,Current prices,N,Non transformed data,T0103,Table 0103 - GDP identity from the income side,2011,,642972,,,,F,Free (free for publication),1,One,A,Normal value,6,Millions,GBP,Pound sterling
DATAFLOW,OECD.SDD.NAD:DSD_NAMAIN10@DF_TABLE1_INCOME(2.0),Annual GDP and components - income approach,I,A,Annual,GBR,United Kingdom,S1,Total economy,S1,Total economy,B2A3G,"Operating surplus and mixed income, gross",_Z,Not applicable,_T,Total - all activities,_Z,Not applicable,XDC,National currency,V,Current prices,N,Non transformed data,T0103,Table 0103 - GDP identity from the income side,2012,,673413,,,,F,Free (free for publication),1,One,A,Normal value,6,Millions,GBP,Pound sterling
DATAFLOW,OECD.SDD.NAD:DSD_NAMAIN10@DF_TABLE1_INCOME(2.0),Annual GDP and components - income approach,I,A,Annual,GBR,United Kingdom,S1,Total economy,S1,Total economy,B2A3G,"Operating surplus and mixed income, gross",_Z,Not applicable,_T,Total - all activities,_Z,Not applicable,XDC,National currency,V,Current prices,N,Non transformed data,T0103,Table 0103 - GDP identity from the income side,2013,,697492,,,,F,Free (free for publication),1,One,A,Normal value,6,Millions,GBP,Pound sterling
DATAFLOW,OECD.SDD.NAD:DSD_NAMAIN10@DF_TABLE1_INCOME(2.0),Annual GDP and components - income approach,I,A,Annual,GBR,United Kingdom,S1,Total economy,S1,Total economy,B2A3G,"Operating surplus and mixed income, gross",_Z,Not applicable,_T,Total - all activities,_Z,Not applicable,XDC,National currency,V,Current prices,N,Non transformed data,T0103,Table 0103 - GDP identity from the income side,2014,,750273,,,,F,Free (free for publication),1,One,A,Normal value,6,Millions,GBP,Pound sterling
DATAFLOW,OECD.SDD.NAD:DSD_NAMAIN10@DF_TABLE1_INCOME(2.0),Annual GDP and components - income approach,I,A,Annual,GBR,United Kingdom,S1,Total economy,S1,Total economy,B2A3G,"Operating surplus and mixed income, gross",_Z,Not applicable,_T,Total - all activities,_Z,Not applicable,XDC,National currency,V,Current prices,N,Non transformed data,T0103,Table 0103 - GDP identity from the income side,2015,,768038,,,,F,Free (free for publication),1,One,A,Normal value,6,Millions,GBP,Pound sterling
DATAFLOW,OECD.SDD.NAD:DSD_NAMAIN10@DF_TABLE1_INCOME(2.0),Annual GDP and components - income approach,I,A,Annual,GBR,United Kingdom,S1,Total economy,S1,Total economy,B2A3G,"Operating surplus and mixed income, gross",_Z,Not applicable,_T,Total - all activities,_Z,Not applicable,XDC,National currency,V,Current prices,N,Non transformed data,T0103,Table 0103 - GDP identity from the income side,2016,,798970,,,,F,Free (free for publication),1,One,A,Normal value,6,Millions,GBP,Pound sterling
DATAFLOW,OECD.SDD.NAD:DSD_NAMAIN10@DF_TABLE1_INCOME(2.0),Annual GDP and components - income approach,I,A,Annual,GBR,United Kingdom,S1,Total economy,S1,Total economy,B2A3G,"Operating surplus and mixed income, gross",_Z,Not applicable,_T,Total - all activities,_Z,Not applicable,XDC,National currency,V,Current prices,N,Non transformed data,T0103,Table 0103 - GDP identity from the income side,2017,,843340,,,,F,Free (free for publication),1,One,A,Normal value,6,Millions,GBP,Pound sterling
DATAFLOW,OECD.SDD.NAD:DSD_NAMAIN10@DF_TABLE1_INCOME(2.0),Annual GDP and components - income approach,I,A,Annual,GBR,United Kingdom,S1,Total economy,S1,Total economy,B2A3G,"Operating surplus and mixed income, gross",_Z,Not applicable,_T,Total - all activities,_Z,Not applicable,XDC,National currency,V,Current prices,N,Non transformed data,T0103,Table 0103 - GDP identity from the income side,2018,,869968,,,,F,Free (free for publication),1,One,A,Normal value,6,Millions,GBP,Pound sterling
DATAFLOW,OECD.SDD.NAD:DSD_NAMAIN10@DF_TABLE1_INCOME(2.0),Annual GDP and components - income approach,I,A,Annual,GBR,United Kingdom,S1,Total economy,S1,Total economy,B2A3G,"Operating surplus and mixed income, gross",_Z,Not applicable,_T,Total - all activities,_Z,Not applicable,XDC,National currency,V,Current prices,N,Non transformed data,T0103,Table 0103 - GDP identity from the income side,2019,,896342,,,,F,Free (free for publication),1,One,A,Normal value,6,Millions,GBP,Pound sterling
DATAFLOW,OECD.SDD.NAD:DSD_NAMAIN10@DF_TABLE1_INCOME(2.0),Annual GDP and components - income approach,I,A,Annual,GBR,United Kingdom,S1,Total economy,S1,Total economy,B2A3G,"Operating surplus and mixed income, gross",_Z,Not applicable,_T,Total - all activities,_Z,Not applicable,XDC,National currency,V,Current prices,N,Non transformed data,T0103,Table 0103 - GDP identity from the income side,2020,,897175,,,,F,Free (free for publication),1,One,A,Normal value,6,Millions,GBP,Pound sterling
DATAFLOW,OECD.SDD.NAD:DSD_NAMAIN10@DF_TABLE1_INCOME(2.0),Annual GDP and components - income approach,I,A,Annual,ISR,Israel,S1,Total economy,S1,Total economy,B2A3G,"Operating surplus and mixed income, gross",_Z,Not applicable,_T,Total - all activities,_Z,Not applicable,XDC,National currency,V,Current prices,N,Non transformed data,T0103,Table 0103 - GDP identity from the income side,1995,,131201.477,,,,F,Free (free for publication),1,One,A,Normal value,6,Millions,ILS,New Israeli sheqel
DATAFLOW,OECD.SDD.NAD:DSD_NAMAIN10@DF_TABLE1_INCOME(2.0),Annual GDP and components - income approach,I,A,Annual,ISR,Israel,S1,Total economy,S1,Total economy,B2A3G,"Operating surplus and mixed income, gross",_Z,Not applicable,_T,Total - all activities,_Z,Not applicable,XDC,National currency,V,Current prices,N,Non transformed data,T0103,Table 0103 - GDP identity from the income side,1996,,146590.679,,,,F,Free (free for publication),1,One,A,Normal value,6,Millions,ILS,New Israeli sheqel
DATAFLOW,OECD.SDD.NAD:DSD_NAMAIN10@DF_TABLE1_INCOME(2.0),Annual GDP and components - income approach,I,A,Annual,ISR,Israel,S1,Total economy,S1,Total economy,B2A3G,"Operating surplus and mixed income, gross",_Z,Not applicable,_T,Total - all activities,_Z,Not applicable,XDC,National currency,V,Current prices,N,Non transformed data,T0103,Table 0103 - GDP identity from the income side,1997,,164578.804,,,,F,Free (free for publication),1,One,A,Normal value,6,Millions,ILS,New Israeli sheqel
DATAFLOW,OECD.SDD.NAD:DSD_NAMAIN10@DF_TABLE1_INCOME(2.0),Annual GDP and components - income approach,I,A,Annual,ISR,Israel,S1,Total economy,S1,Total economy,B2A3G,"Operating surplus and mixed income, gross",_Z,Not applicable,_T,Total - all activities,_Z,Not applicable,XDC,National currency,V,Current prices,N,Non transformed data,T0103,Table 0103 - GDP identity from the income side,1998,,185970.643,,,,F,Free (free for publication),1,One,A,Normal value,6,Millions,ILS,New Israeli sheqel
DATAFLOW,OECD.SDD.NAD:DSD_NAMAIN10@DF_TABLE1_INCOME(2.0),Annual GDP and components - income approach,I,A,Annual,ISR,Israel,S1,Total economy,S1,Total economy,B2A3G,"Operating surplus and mixed income, gross",_Z,Not applicable,_T,Total - all activities,_Z,Not applicable,XDC,National currency,V,Current prices,N,Non transformed data,T0103,Table 0103 - GDP identity from the income side,1999,,203094.386,,,,F,Free (free for publication),1,One,A,Normal value,6,Millions,ILS,New Israeli sheqel
DATAFLOW,OECD.SDD.NAD:DSD_NAMAIN10@DF_TABLE1_INCOME(2.0),Annual GDP and components - income approach,I,A,Annual,ISR,Israel,S1,Total economy,S1,Total economy,B2A3G,"Operating surplus and mixed income, gross",_Z,Not applicable,_T,Total - all activities,_Z,Not applicable,XDC,National currency,V,Current prices,N,Non transformed data,T0103,Table 0103 - GDP identity from the income side,2000,,229379.974,,,,F,Free (free for publication),1,One,A,Normal value,6,Millions,ILS,New Israeli sheqel
DATAFLOW,OECD.SDD.NAD:DSD_NAMAIN10@DF_TABLE1_INCOME(2.0),Annual GDP and components - income approach,I,A,Annual,ISR,Israel,S1,Total economy,S1,Total economy,B2A3G,"Operating surplus and mixed income, gross",_Z,Not applicable,_T,Total - all activities,_Z,Not applicable,XDC,National currency,V,Current prices,N,Non transformed data,T0103,Table 0103 - GDP identity from the income side,2001,,224877.265,,,,F,Free (free for publication),1,One,A,Normal value,6,Millions,ILS,New Israeli sheqel
DATAFLOW,OECD.SDD.NAD:DSD_NAMAIN10@DF_TABLE1_INCOME(2.0),Annual GDP and components - income approach,I,A,Annual,ISR,Israel,S1,Total economy,S1,Total economy,B2A3G,"Operating surplus and mixed income, gross",_Z,Not applicable,_T,Total - all activities,_Z,Not applicable,XDC,National currency,V,Current prices,N,Non transformed data,T0103,Table 0103 - GDP identity from the income side,2002,,239858.4,,,,F,Free (free for publication),1,One,A,Normal value,6,Millions,ILS,New Israeli sheqel
DATAFLOW,OECD.SDD.NAD:DSD_NAMAIN10@DF_TABLE1_INCOME(2.0),Annual GDP and components - income approach,I,A,Annual,ISR,Israel,S1,Total economy,S1,Total economy,B2A3G,"Operating surplus and mixed income, gross",_Z,Not applicable,_T,Total - all activities,_Z,Not applicable,XDC,National currency,V,Current prices,N,Non transformed data,T0103,Table 0103 - GDP identity from the income side,2003,,247508.962,,,,F,Free (free for publication),1,One,A,Normal value,6,Millions,ILS,New Israeli sheqel
DATAFLOW,OECD.SDD.NAD:DSD_NAMAIN10@DF_TABLE1_INCOME(2.0),Annual GDP and components - income approach,I,A,Annual,ISR,Israel,S1,Total economy,S1,Total economy,B2A3G,"Operating surplus and mixed income, gross",_Z,Not applicable,_T,Total - all activities,_Z,Not applicable,XDC,National currency,V,Current prices,N,Non transformed data,T0103,Table 0103 - GDP identity from the income side,2004,,264632.231,,,,F,Free (free for publication),1,One,A,Normal value,6,Millions,ILS,New Israeli sheqel
DATAFLOW,OECD.SDD.NAD:DSD_NAMAIN10@DF_TABLE1_INCOME(2.0),Annual GDP and components - income approach,I,A,Annual,ISR,Israel,S1,Total economy,S1,Total economy,B2A3G,"Operating surplus and mixed income, gross",_Z,Not applicable,_T,Total - all activities,_Z,Not applicable,XDC,National currency,V,Current prices,N,Non transformed data,T0103,Table 0103 - GDP identity from the income side,2005,,279740.76,,,,F,Free (free for publication),1,One,A,Normal value,6,Millions,ILS,New Israeli sheqel
DATAFLOW,OECD.SDD.NAD:DSD_NAMAIN10@DF_TABLE1_INCOME(2.0),Annual GDP and components - income approach,I,A,Annual,ISR,Israel,S1,Total economy,S1,Total economy,B2A3G,"Operating surplus and mixed income, gross",_Z,Not applicable,_T,Total - all activities,_Z,Not applicable,XDC,National currency,V,Current prices,N,Non transformed data,T0103,Table 0103 - GDP identity from the income side,2006,,298516.265,,,,F,Free (free for publication),1,One,A,Normal value,6,Millions,ILS,New Israeli sheqel
DATAFLOW,OECD.SDD.NAD:DSD_NAMAIN10@DF_TABLE1_INCOME(2.0),Annual GDP and components - income approach,I,A,Annual,ISR,Israel,S1,Total economy,S1,Total economy,B2A3G,"Operating surplus and mixed income, gross",_Z,Not applicable,_T,Total - all activities,_Z,Not applicable,XDC,National currency,V,Current prices,N,Non transformed data,T0103,Table 0103 - GDP identity from the income side,2007,,318464.6,,,,F,Free (free for publication),1,One,A,Normal value,6,Millions,ILS,New Israeli sheqel
DATAFLOW,OECD.SDD.NAD:DSD_NAMAIN10@DF_TABLE1_INCOME(2.0),Annual GDP and components - income approach,I,A,Annual,ISR,Israel,S1,Total economy,S1,Total economy,B2A3G,"Operating surplus and mixed income, gross",_Z,Not applicable,_T,Total - all activities,_Z,Not applicable,XDC,National currency,V,Current prices,N,Non transformed data,T0103,Table 0103 - GDP identity from the income side,2008,,328307.202,,,,F,Free (free for publication),1,One,A,Normal value,6,Millions,ILS,New Israeli sheqel
DATAFLOW,OECD.SDD.NAD:DSD_NAMAIN10@DF_TABLE1_INCOME(2.0),Annual GDP and components - income approach,I,A,Annual,ISR,Israel,S1,Total economy,S1,Total economy,B2A3G,"Operating surplus and mixed income, gross",_Z,Not applicable,_T,Total - all activities,_Z,Not applicable,XDC,National currency,V,Current prices,N,Non transformed data,T0103,Table 0103 - GDP identity from the income side,2009,,363928.321,,,,F,Free (free for publication),1,One,A,Normal value,6,Millions,ILS,New Israeli sheqel
DATAFLOW,OECD.SDD.NAD:DSD_NAMAIN10@DF_TABLE1_INCOME(2.0),Annual GDP and components - income approach,I,A,Annual,ISR,Israel,S1,Total economy,S1,Total economy,B2A3G,"Operating surplus and mixed income, gross",_Z,Not applicable,_T,Total - all activities,_Z,Not applicable,XDC,National currency,V,Current prices,N,Non transformed data,T0103,Table 0103 - GDP identity from the income side,2010,,383943.955,,,,F,Free (free for publication),1,One,A,Normal value,6,Millions,ILS,New Israeli sheqel
DATAFLOW,OECD.SDD.NAD:DSD_NAMAIN10@DF_TABLE1_INCOME(2.0),Annual GDP and components - income approach,I,A,Annual,ISR,Israel,S1,Total economy,S1,Total economy,B2A3G,"Operating surplus and mixed income, gross",_Z,Not applicable,_T,Total - all activities,_Z,Not applicable,XDC,National currency,V,Current prices,N,Non transformed data,T0103,Table 0103 - GDP identity from the income side,2011,,409723.621,,,,F,Free (free for publication),1,One,A,Normal value,6,Millions,ILS,New Israeli sheqel
DATAFLOW,OECD.SDD.NAD:DSD_NAMAIN10@DF_TABLE1_INCOME(2.0),Annual GDP and components - income approach,I,A,Annual,ISR,Israel,S1,Total economy,S1,Total economy,B2A3G,"Operating surplus and mixed income, gross",_Z,Not applicable,_T,Total - all activities,_Z,Not applicable,XDC,National currency,V,Current prices,N,Non transformed data,T0103,Table 0103 - GDP identity from the income side,2012,,439882.855,,,,F,Free (free for publication),1,One,A,Normal value,6,Millions,ILS,New Israeli sheqel
DATAFLOW,OECD.SDD.NAD:DSD_NAMAIN10@DF_TABLE1_INCOME(2.0),Annual GDP and components - income approach,I,A,Annual,ISR,Israel,S1,Total economy,S1,Total economy,B2A3G,"Operating surplus and mixed income, gross",_Z,Not applicable,_T,Total - all activities,_Z,Not applicable,XDC,National currency,V,Current prices,N,Non transformed data,T0103,Table 0103 - GDP identity from the income side,2013,,465788.617,,,,F,Free (free for publication),1,One,A,Normal value,6,Millions,ILS,New Israeli sheqel
DATAFLOW,OECD.SDD.NAD:DSD_NAMAIN10@DF_TABLE1_INCOME(2.0),Annual GDP and components - income approach,I,A,Annual,ISR,Israel,S1,Total economy,S1,Total economy,B2A3G,"Operating surplus and mixed income, gross",_Z,Not applicable,_T,Total - all activities,_Z,Not applicable,XDC,National currency,V,Current prices,N,Non transformed data,T0103,Table 0103 - GDP identity from the income side,2014,,482466.272,,,,F,Free (free for publication),1,One,A,Normal value,6,Millions,ILS,New Israeli sheqel
DATAFLOW,OECD.SDD.NAD:DSD_NAMAIN10@DF_TABLE1_INCOME(2.0),Annual GDP and components - income approach,I,A,Annual,ISR,Israel,S1,Total economy,S1,Total economy,B2A3G,"Operating surplus and mixed income, gross",_Z,Not applicable,_T,Total - all activities,_Z,Not applicable,XDC,National currency,V,Current prices,N,Non transformed data,T0103,Table 0103 - GDP identity from the income side,2015,,505490.953,,,,F,Free (free for publication),1,One,A,Normal value,6,Millions,ILS,New Israeli sheqel
DATAFLOW,OECD.SDD.NAD:DSD_NAMAIN10@DF_TABLE1_INCOME(2.0),Annual GDP and components - income approach,I,A,Annual,ISR,Israel,S1,Total economy,S1,Total economy,B2A3G,"Operating surplus and mixed income, gross",_Z,Not applicable,_T,Total - all activities,_Z,Not applicable,XDC,National currency,V,Current prices,N,Non transformed data,T0103,Table 0103 - GDP identity from the income side,2016,,523909.351,,,,F,Free (free for publication),1,One,A,Normal value,6,Millions,ILS,New Israeli sheqel
DATAFLOW,OECD.SDD.NAD:DSD_NAMAIN10@DF_TABLE1_INCOME(2.0),Annual GDP and components - income approach,I,A,Annual,ISR,Israel,S1,Total economy,S1,Total economy,B2A3G,"Operating surplus and mixed income, gross",_Z,Not applicable,_T,Total - all activities,_Z,Not applicable,XDC,National currency,V,Current prices,N,Non transformed data,T0103,Table 0103 - GDP identity from the income side,2017,,544234.5,,,,F,Free (free for publication),1,One,A,Normal value,6,Millions,ILS,New Israeli sheqel
DATAFLOW,OECD.SDD.NAD:DSD_NAMAIN10@DF_TABLE1_INCOME(2.0),Annual GDP and components - income approach,I,A,Annual,ISR,Israel,S1,Total economy,S1,Total economy,B2A3G,"Operating surplus and mixed income, gross",_Z,Not applicable,_T,Total - all activities,_Z,Not applicable,XDC,National currency,V,Current prices,N,Non transformed data,T0103,Table 0103 - GDP identity from the income side,2018,,564562.768,,,,F,Free (free for publication),1,One,A,Normal value,6,Millions,ILS,New Israeli sheqel
DATAFLOW,OECD.SDD.NAD:DSD_NAMAIN10@DF_TABLE1_INCOME(2.0),Annual GDP and components - income approach,I,A,Annual,ISR,Israel,S1,Total economy,S1,Total economy,B2A3G,"Operating surplus and mixed income, gross",_Z,Not applicable,_T,Total - all activities,_Z,Not applicable,XDC,National currency,V,Current prices,N,Non transformed data,T0103,Table 0103 - GDP identity from the income side,2019,,609085.875,,,,F,Free (free for publication),1,One,A,Normal value,6,Millions,ILS,New Israeli sheqel
DATAFLOW,OECD.SDD.NAD:DSD_NAMAIN10@DF_TABLE1_INCOME(2.0),Annual GDP and components - income approach,I,A,Annual,ISR,Israel,S1,Total economy,S1,Total economy,B2A3G,"Operating surplus and mixed income, gross",_Z,Not applicable,_T,Total - all activities,_Z,Not applicable,XDC,National currency,V,Current prices,N,Non transformed data,T0103,Table 0103 - GDP identity from the income side,2020,,651736.517,,,,F,Free (free for publication),1,One,A,Normal value,6,Millions,ILS,New Israeli sheqel
DATAFLOW,OECD.SDD.NAD:DSD_NAMAIN10@DF_TABLE1_INCOME(2.0),Annual GDP and components - income approach,I,A,Annual,TUR,Türkiye,S1,Total economy,S1,Total economy,B2A3G,"Operating surplus and mixed income, gross",_Z,Not applicable,_T,Total - all activities,_Z,Not applicable,XDC,National currency,V,Current prices,N,Non transformed data,T0103,Table 0103 - GDP identity from the income side,1998,,47074.424,,,,F,Free (free for publication),1,One,A,Normal value,6,Millions,TRY,Turkish lira
DATAFLOW,OECD.SDD.NAD:DSD_NAMAIN10@DF_TABLE1_INCOME(2.0),Annual GDP and components - income approach,I,A,Annual,TUR,Türkiye,S1,Total economy,S1,Total economy,B2A3G,"Operating surplus and mixed income, gross",_Z,Not applicable,_T,Total - all activities,_Z,Not applicable,XDC,National currency,V,Current prices,N,Non transformed data,T0103,Table 0103 - GDP identity from the income side,1999,,68125.633,,,,F,Free (free for publication),1,One,A,Normal value,6,Millions,TRY,Turkish lira
DATAFLOW,OECD.SDD.NAD:DSD_NAMAIN10@DF_TABLE1_INCOME(2.0),Annual GDP and components - income approach,I,A,Annual,TUR,Türkiye,S1,Total economy,S1,Total economy,B2A3G,"Operating surplus and mixed income, gross",_Z,Not applicable,_T,Total - all activities,_Z,Not applicable,XDC,National currency,V,Current prices,N,Non transformed data,T0103,Table 0103 - GDP identity from the income side,2005,,426965.139,,,,F,Free (free for publication),1,One,A,Normal value,6,Millions,TRY,Turkish lira
DATAFLOW,OECD.SDD.NAD:DSD_NAMAIN10@DF_TABLE1_INCOME(2.0),Annual GDP and components - income approach,I,A,Annual,TUR,Türkiye,S1,Total economy,S1,Total economy,B2A3G,"Operating surplus and mixed income, gross",_Z,Not applicable,_T,Total - all activities,_Z,Not applicable,XDC,National currency,V,Current prices,N,Non transformed data,T0103,Table 0103 - GDP identity from the income side,2008,,637465.744,,,,F,Free (free for publication),1,One,A,Normal value,6,Millions,TRY,Turkish lira
DATAFLOW,OECD.SDD.NAD:DSD_NAMAIN10@DF_TABLE1_INCOME(2.0),Annual GDP and components - income approach,I,A,Annual,TUR,Türkiye,S1,Total economy,S1,Total economy,B2A3G,"Operating surplus and mixed income, gross",_Z,Not applicable,_T,Total - all activities,_Z,Not applicable,XDC,National currency,V,Current prices,N,Non transformed data,T0103,Table 0103 - GDP identity from the income side,2012,,953755.477,,,,F,Free (free for publication),1,One,A,Normal value,6,Millions,TRY,Turkish lira
DATAFLOW,OECD.SDD.NAD:DSD_NAMAIN10@DF_TABLE1_INCOME(2.0),Annual GDP and components - income approach,I,A,Annual,ROU,Romania,S1,Total economy,S1,Total economy,B2A3G,"Operating surplus and mixed income, gross",_Z,Not applicable,_T,Total - all activities,_Z,Not applicable,XDC,National currency,V,Current prices,N,Non transformed data,T0103,Table 0103 - GDP identity from the income side,1995,,4463.5,,,,F,Free (free for publication),1,One,D,Definition differs,6,Millions,RON,Romanian leu
DATAFLOW,OECD.SDD.NAD:DSD_NAMAIN10@DF_TABLE1_INCOME(2.0),Annual GDP and components - income approach,I,A,Annual,ROU,Romania,S1,Total economy,S1,Total economy,B2A3G,"Operating surplus and mixed income, gross",_Z,Not applicable,_T,Total - all activities,_Z,Not applicable,XDC,National currency,V,Current prices,N,Non transformed data,T0103,Table 0103 - GDP identity from the income side,1996,,6745.5,,,,F,Free (free for publication),1,One,D,Definition differs,6,Millions,RON,Romanian leu
DATAFLOW,OECD.SDD.NAD:DSD_NAMAIN10@DF_TABLE1_INCOME(2.0),Annual GDP and components - income approach,I,A,Annual,ROU,Romania,S1,Total economy,S1,Total economy,B2A3G,"Operating surplus and mixed income, gross",_Z,Not applicable,_T,Total - all activities,_Z,Not applicable,XDC,National currency,V,Current prices,N,Non transformed data,T0103,Table 0103 - GDP identity from the income side,1997,,16101.8,,,,F,Free (free for publication),1,One,D,Definition differs,6,Millions,RON,Romanian leu
DATAFLOW,OECD.SDD.NAD:DSD_NAMAIN10@DF_TABLE1_INCOME(2.0),Annual GDP and components - income approach,I,A,Annual,ROU,Romania,S1,Total economy,S1,Total economy,B2A3G,"Operating surplus and mixed income, gross",_Z,Not applicable,_T,Total - all activities,_Z,Not applicable,XDC,National currency,V,Current prices,N,Non transformed data,T0103,Table 0103 - GDP identity from the income side,1998,,19442.3,,,,F,Free (free for publication),1,One,D,Definition differs,6,Millions,RON,Romanian leu
DATAFLOW,OECD.SDD.NAD:DSD_NAMAIN10@DF_TABLE1_INCOME(2.0),Annual GDP and components - income approach,I,A,Annual,ROU,Romania,S1,Total economy,S1,Total economy,B2A3G,"Operating surplus and mixed income, gross",_Z,Not applicable,_T,Total - all activities,_Z,Not applicable,XDC,National currency,V,Current prices,N,Non transformed data,T0103,Table 0103 - GDP identity from the income side,1999,,30638,,,,F,Free (free for publication),1,One,D,Definition differs,6,Millions,RON,Romanian leu
DATAFLOW,OECD.SDD.NAD:DSD_NAMAIN10@DF_TABLE1_INCOME(2.0),Annual GDP and components - income approach,I,A,Annual,ROU,Romania,S1,Total economy,S1,Total economy,B2A3G,"Operating surplus and mixed income, gross",_Z,Not applicable,_T,Total - all activities,_Z,Not applicable,XDC,National currency,V,Current prices,N,Non transformed data,T0103,Table 0103 - GDP identity from the income side,2000,,41200.8,,,,F,Free (free for publication),1,One,D,Definition differs,6,Millions,RON,Romanian leu
DATAFLOW,OECD.SDD.NAD:DSD_NAMAIN10@DF_TABLE1_INCOME(2.0),Annual GDP and components - income approach,I,A,Annual,ROU,Romania,S1,Total economy,S1,Total economy,B2A3G,"Operating surplus and mixed income, gross",_Z,Not applicable,_T,Total - all activities,_Z,Not applicable,XDC,National currency,V,Current prices,N,Non transformed data,T0103,Table 0103 - GDP identity from the income side,2001,,57340.7,,,,F,Free (free for publication),1,One,D,Definition differs,6,Millions,RON,Romanian leu
DATAFLOW,OECD.SDD.NAD:DSD_NAMAIN10@DF_TABLE1_INCOME(2.0),Annual GDP and components - income approach,I,A,Annual,ROU,Romania,S1,Total economy,S1,Total economy,B2A3G,"Operating surplus and mixed income, gross",_Z,Not applicable,_T,Total - all activities,_Z,Not applicable,XDC,National currency,V,Current prices,N,Non transformed data,T0103,Table 0103 - GDP identity from the income side,2002,,76782.5,,,,F,Free (free for publication),1,One,D,Definition differs,6,Millions,RON,Romanian leu
DATAFLOW,OECD.SDD.NAD:DSD_NAMAIN10@DF_TABLE1_INCOME(2.0),Annual GDP and components - income approach,I,A,Annual,ROU,Romania,S1,Total economy,S1,Total economy,B2A3G,"Operating surplus and mixed income, gross",_Z,Not applicable,_T,Total - all activities,_Z,Not applicable,XDC,National currency,V,Current prices,N,Non transformed data,T0103,Table 0103 - GDP identity from the income side,2003,,97889.7,,,,F,Free (free for publication),1,One,D,Definition differs,6,Millions,RON,Romanian leu
DATAFLOW,OECD.SDD.NAD:DSD_NAMAIN10@DF_TABLE1_INCOME(2.0),Annual GDP and components - income approach,I,A,Annual,ROU,Romania,S1,Total economy,S1,Total economy,B2A3G,"Operating surplus and mixed income, gross",_Z,Not applicable,_T,Total - all activities,_Z,Not applicable,XDC,National currency,V,Current prices,N,Non transformed data,T0103,Table 0103 - GDP identity from the income side,2004,,129589.3,,,,F,Free (free for publication),1,One,D,Definition differs,6,Millions,RON,Romanian leu
DATAFLOW,OECD.SDD.NAD:DSD_NAMAIN10@DF_TABLE1_INCOME(2.0),Annual GDP and components - income approach,I,A,Annual,ROU,Romania,S1,Total economy,S1,Total economy,B2A3G,"Operating surplus and mixed income, gross",_Z,Not applicable,_T,Total - all activities,_Z,Not applicable,XDC,National currency,V,Current prices,N,Non transformed data,T0103,Table 0103 - GDP identity from the income side,2005,,141571.4,,,,F,Free (free for publication),1,One,D,Definition differs,6,Millions,RON,Romanian leu
DATAFLOW,OECD.SDD.NAD:DSD_NAMAIN10@DF_TABLE1_INCOME(2.0),Annual GDP and components - income approach,I,A,Annual,ROU,Romania,S1,Total economy,S1,Total economy,B2A3G,"Operating surplus and mixed income, gross",_Z,Not applicable,_T,Total - all activities,_Z,Not applicable,XDC,National currency,V,Current prices,N,Non transformed data,T0103,Table 0103 - GDP identity from the income side,2006,,172919,,,,F,Free (free for publication),1,One,D,Definition differs,6,Millions,RON,Romanian leu
DATAFLOW,OECD.SDD.NAD:DSD_NAMAIN10@DF_TABLE1_INCOME(2.0),Annual GDP and components - income approach,I,A,Annual,MAR,Morocco,S1,Total economy,S1,Total economy,B2A3G,"Operating surplus and mixed income, gross",_Z,Not applicable,_T,Total - all activities,_Z,Not applicable,XDC,National currency,V,Current prices,N,Non transformed data,T0103,Table 0103 - GDP identity from the income side,2007,,391753.828,,,,F,Free (free for publication),1,One,E,Estimated value,6,Millions,MAD,Moroccan dirham
DATAFLOW,OECD.SDD.NAD:DSD_NAMAIN10@DF_TABLE1_INCOME(2.0),Annual GDP and components - income approach,I,A,Annual,MAR,Morocco,S1,Total economy,S1,Total economy,B2A3G,"Operating surplus and mixed income, gross",_Z,Not applicable,_T,Total - all activities,_Z,Not applicable,XDC,National currency,V,Current prices,N,Non transformed data,T0103,Table 0103 - GDP identity from the income side,2008,,447909.817,,,,F,Free (free for publication),1,One,E,Estimated value,6,Millions,MAD,Moroccan dirham
DATAFLOW,OECD.SDD.NAD:DSD_NAMAIN10@DF_TABLE1_INCOME(2.0),Annual GDP and components - income approach,I,A,Annual,MAR,Morocco,S1,Total economy,S1,Total economy,B2A3G,"Operating surplus and mixed income, gross",_Z,Not applicable,_T,Total - all activities,_Z,Not applicable,XDC,National currency,V,Current prices,N,Non transformed data,T0103,Table 0103 - GDP identity from the income side,2009,,453060.622,,,,F,Free (free for publication),1,One,E,Estimated value,6,Millions,MAD,Moroccan dirham
DATAFLOW,OECD.SDD.NAD:DSD_NAMAIN10@DF_TABLE1_INCOME(2.0),Annual GDP and components - income approach,I,A,Annual,MAR,Morocco,S1,Total economy,S1,Total economy,B2A3G,"Operating surplus and mixed income, gross",_Z,Not applicable,_T,Total - all activities,_Z,Not applicable,XDC,National currency,V,Current prices,N,Non transformed data,T0103,Table 0103 - GDP identity from the income side,2010,,483916.126,,,,F,Free (free for publication),1,One,E,Estimated value,6,Millions,MAD,Moroccan dirham
DATAFLOW,OECD.SDD.NAD:DSD_NAMAIN10@DF_TABLE1_INCOME(2.0),Annual GDP and components - income approach,I,A,Annual,MAR,Morocco,S1,Total economy,S1,Total economy,B2A3G,"Operating surplus and mixed income, gross",_Z,Not applicable,_T,Total - all activities,_Z,Not applicable,XDC,National currency,V,Current prices,N,Non transformed data,T0103,Table 0103 - GDP identity from the income side,2011,,516167.623,,,,F,Free (free for publication),1,One,E,Estimated value,6,Millions,MAD,Moroccan dirham
DATAFLOW,OECD.SDD.NAD:DSD_NAMAIN10@DF_TABLE1_INCOME(2.0),Annual GDP and components - income approach,I,A,Annual,MAR,Morocco,S1,Total economy,S1,Total economy,B2A3G,"Operating surplus and mixed income, gross",_Z,Not applicable,_T,Total - all activities,_Z,Not applicable,XDC,National currency,V,Current prices,N,Non transformed data,T0103,Table 0103 - GDP identity from the income side,2012,,525762.658,,,,F,Free (free for publication),1,One,E,Estimated value,6,Millions,MAD,Moroccan dirham
DATAFLOW,OECD.SDD.NAD:DSD_NAMAIN10@DF_TABLE1_INCOME(2.0),Annual GDP and components - income approach,I,A,Annual,MAR,Morocco,S1,Total economy,S1,Total economy,B2A3G,"Operating surplus and mixed income, gross",_Z,Not applicable,_T,Total - all activities,_Z,Not applicable,XDC,National currency,V,Current prices,N,Non transformed data,T0103,Table 0103 - GDP identity from the income side,2013,,551021.327,,,,F,Free (free for publication),1,One,E,Estimated value,6,Millions,MAD,Moroccan dirham
DATAFLOW,OECD.SDD.NAD:DSD_NAMAIN10@DF_TABLE1_INCOME(2.0),Annual GDP and components - income approach,I,A,Annual,SRB,Serbia,S1,Total economy,S1,Total economy,B2A3G,"Operating surplus and mixed income, gross",_Z,Not applicable,_T,Total - all activities,_Z,Not applicable,XDC,National currency,V,Current prices,N,Non transformed data,T0103,Table 0103 - GDP identity from the income side,1995,,37535.728,,,,F,Free (free for publication),1,One,P,Provisional value,6,Millions,RSD,Serbian dinar
DATAFLOW,OECD.SDD.NAD:DSD_NAMAIN10@DF_TABLE1_INCOME(2.0),Annual GDP and components - income approach,I,A,Annual,SRB,Serbia,S1,Total economy,S1,Total economy,B2A3G,"Operating surplus and mixed income, gross",_Z,Not applicable,_T,Total - all activities,_Z,Not applicable,XDC,National currency,V,Current prices,N,Non transformed data,T0103,Table 0103 - GDP identity from the income side,1996,,73640.301,,,,F,Free (free for publication),1,One,P,Provisional value,6,Millions,RSD,Serbian dinar
DATAFLOW,OECD.SDD.NAD:DSD_NAMAIN10@DF_TABLE1_INCOME(2.0),Annual GDP and components - income approach,I,A,Annual,SRB,Serbia,S1,Total economy,S1,Total economy,B2A3G,"Operating surplus and mixed income, gross",_Z,Not applicable,_T,Total - all activities,_Z,Not applicable,XDC,National currency,V,Current prices,N,Non transformed data,T0103,Table 0103 - GDP identity from the income side,1997,,101451.719,,,,F,Free (free for publication),1,One,P,Provisional value,6,Millions,RSD,Serbian dinar
DATAFLOW,OECD.SDD.NAD:DSD_NAMAIN10@DF_TABLE1_INCOME(2.0),Annual GDP and components - income approach,I,A,Annual,SRB,Serbia,S1,Total economy,S1,Total economy,B2A3G,"Operating surplus and mixed income, gross",_Z,Not applicable,_T,Total - all activities,_Z,Not applicable,XDC,National currency,V,Current prices,N,Non transformed data,T0103,Table 0103 - GDP identity from the income side,1998,,128418.934,,,,F,Free (free for publication),1,One,P,Provisional value,6,Millions,RSD,Serbian dinar
DATAFLOW,OECD.SDD.NAD:DSD_NAMAIN10@DF_TABLE1_INCOME(2.0),Annual GDP and components - income approach,I,A,Annual,SRB,Serbia,S1,Total economy,S1,Total economy,B2A3G,"Operating surplus and mixed income, gross",_Z,Not applicable,_T,Total - all activities,_Z,Not applicable,XDC,National currency,V,Current prices,N,Non transformed data,T0103,Table 0103 - GDP identity from the income side,1999,,150846.485,,,,F,Free (free for publication),1,One,P,Provisional value,6,Millions,RSD,Serbian dinar
DATAFLOW,OECD.SDD.NAD:DSD_NAMAIN10@DF_TABLE1_INCOME(2.0),Annual GDP and components - income approach,I,A,Annual,SRB,Serbia,S1,Total economy,S1,Total economy,B2A3G,"Operating surplus and mixed income, gross",_Z,Not applicable,_T,Total - all activities,_Z,Not applicable,XDC,National currency,V,Current prices,N,Non transformed data,T0103,Table 0103 - GDP identity from the income side,2000,,286150.173,,,,F,Free (free for publication),1,One,P,Provisional value,6,Millions,RSD,Serbian dinar
DATAFLOW,OECD.SDD.NAD:DSD_NAMAIN10@DF_TABLE1_INCOME(2.0),Annual GDP and components - income approach,I,A,Annual,SRB,Serbia,S1,Total economy,S1,Total economy,B2A3G,"Operating surplus and mixed income, gross",_Z,Not applicable,_T,Total - all activities,_Z,Not applicable,XDC,National currency,V,Current prices,N,Non transformed data,T0103,Table 0103 - GDP identity from the income side,2001,,507127.165,,,,F,Free (free for publication),1,One,P,Provisional value,6,Millions,RSD,Serbian dinar
DATAFLOW,OECD.SDD.NAD:DSD_NAMAIN10@DF_TABLE1_INCOME(2.0),Annual GDP and components - income approach,I,A,Annual,SRB,Serbia,S1,Total economy,S1,Total economy,B2A3G,"Operating surplus and mixed income, gross",_Z,Not applicable,_T,Total - all activities,_Z,Not applicable,XDC,National currency,V,Current prices,N,Non transformed data,T0103,Table 0103 - GDP identity from the income side,2002,,539121.157,,,,F,Free (free for publication),1,One,P,Provisional value,6,Millions,RSD,Serbian dinar
DATAFLOW,OECD.SDD.NAD:DSD_NAMAIN10@DF_TABLE1_INCOME(2.0),Annual GDP and components - income approach,I,A,Annual,SRB,Serbia,S1,Total economy,S1,Total economy,B2A3G,"Operating surplus and mixed income, gross",_Z,Not applicable,_T,Total - all activities,_Z,Not applicable,XDC,National currency,V,Current prices,N,Non transformed data,T0103,Table 0103 - GDP identity from the income side,2003,,611527.518,,,,F,Free (free for publication),1,One,P,Provisional value,6,Millions,RSD,Serbian dinar
DATAFLOW,OECD.SDD.NAD:DSD_NAMAIN10@DF_TABLE1_INCOME(2.0),Annual GDP and components - income approach,I,A,Annual,SRB,Serbia,S1,Total economy,S1,Total economy,B2A3G,"Operating surplus and mixed income, gross",_Z,Not applicable,_T,Total - all activities,_Z,Not applicable,XDC,National currency,V,Current prices,N,Non transformed data,T0103,Table 0103 - GDP identity from the income side,2004,,700171.943,,,,F,Free (free for publication),1,One,P,Provisional value,6,Millions,RSD,Serbian dinar
DATAFLOW,OECD.SDD.NAD:DSD_NAMAIN10@DF_TABLE1_INCOME(2.0),Annual GDP and components - income approach,I,A,Annual,SRB,Serbia,S1,Total economy,S1,Total economy,B2A3G,"Operating surplus and mixed income, gross",_Z,Not applicable,_T,Total - all activities,_Z,Not applicable,XDC,National currency,V,Current prices,N,Non transformed data,T0103,Table 0103 - GDP identity from the income side,2005,,819489.366,,,,F,Free (free for publication),1,One,P,Provisional value,6,Millions,RSD,Serbian dinar
DATAFLOW,OECD.SDD.NAD:DSD_NAMAIN10@DF_TABLE1_INCOME(2.0),Annual GDP and components - income approach,I,A,Annual,SRB,Serbia,S1,Total economy,S1,Total economy,B2A3G,"Operating surplus and mixed income, gross",_Z,Not applicable,_T,Total - all activities,_Z,Not applicable,XDC,National currency,V,Current prices,N,Non transformed data,T0103,Table 0103 - GDP identity from the income side,2006,,961321.354,,,,F,Free (free for publication),1,One,P,Provisional value,6,Millions,RSD,Serbian dinar
DATAFLOW,OECD.SDD.NAD:DSD_NAMAIN10@DF_TABLE1_INCOME(2.0),Annual GDP and components - income approach,I,A,Annual,MEX,Mexico,S1,Total economy,S1,Total economy,B2A3G,"Operating surplus and mixed income, gross",_Z,Not applicable,_T,Total - all activities,_Z,Not applicable,XDC,National currency,V,Current prices,N,Non transformed data,T0103,Table 0103 - GDP identity from the income side,1995,,1738467.585,,,,F,Free (free for publication),1,One,A,Normal value,6,Millions,MXN,Mexican peso
DATAFLOW,OECD.SDD.NAD:DSD_NAMAIN10@DF_TABLE1_INCOME(2.0),Annual GDP and components - income approach,I,A,Annual,NZL,New Zealand,S1,Total economy,S1,Total economy,B2A3G,"Operating surplus and mixed income, gross",_Z,Not applicable,_T,Total - all activities,_Z,Not applicable,XDC,National currency,V,Current prices,N,Non transformed data,T0103,Table 0103 - GDP identity from the income side,1995,,44506,,,,F,Free (free for publication),1,One,A,Normal value,6,Millions,NZD,New Zealand dollar
DATAFLOW,OECD.SDD.NAD:DSD_NAMAIN10@DF_TABLE1_INCOME(2.0),Annual GDP and components - income approach,I,A,Annual,POL,Poland,S1,Total economy,S1,Total economy,B2A3G,"Operating surplus and mixed income, gross",_Z,Not applicable,_T,Total - all activities,_Z,Not applicable,XDC,National currency,V,Current prices,N,Non transformed data,T0103,Table 0103 - GDP identity from the income side,1995,,163445,,,,F,Free (free for publication),1,One,A,Normal value,6,Millions,PLN,Zloty
DATAFLOW,OECD.SDD.NAD:DSD_NAMAIN10@DF_TABLE1_INCOME(2.0),Annual GDP and components - income approach,I,A,Annual,USA,United States,S1,Total economy,S1,Total economy,B2A3G,"Operating surplus and mixed income, gross",_Z,Not applicable,_T,Total - all activities,_Z,Not applicable,XDC,National currency,V,Current prices,N,Non transformed data,T0103,Table 0103 - GDP identity from the income side,1995,,2821471.587,,,,F,Free (free for publication),1,One,A,Normal value,6,Millions,USD,US dollar
DATAFLOW,OECD.SDD.NAD:DSD_NAMAIN10@DF_TABLE1_INCOME(2.0),Annual GDP and components - income approach,I,A,Annual,SGP,Singapore,S1,Total economy,S1,Total economy,B2A3G,"Operating surplus and mixed income, gross",_Z,Not applicable,_T,Total - all activities,_Z,Not applicable,XDC,National currency,V,Current prices,N,Non transformed data,T0103,Table 0103 - GDP identity from the income side,1995,,61206.4,,,,F,Free (free for publication),1,One,A,Normal value,6,Millions,SGD,Singapore dollar
DATAFLOW,OECD.SDD.NAD:DSD_NAMAIN10@DF_TABLE1_INCOME(2.0),Annual GDP and components - income approach,I,A,Annual,MEX,Mexico,S1,Total economy,S1,Total economy,B2A3G,"Operating surplus and mixed income, gross",_Z,Not applicable,_T,Total - all activities,_Z,Not applicable,XDC,National currency,V,Current prices,N,Non transformed data,T0103,Table 0103 - GDP identity from the income side,1996,,2375253.894,,,,F,Free (free for publication),1,One,A,Normal value,6,Millions,MXN,Mexican peso
DATAFLOW,OECD.SDD.NAD:DSD_NAMAIN10@DF_TABLE1_INCOME(2.0),Annual GDP and components - income approach,I,A,Annual,NZL,New Zealand,S1,Total economy,S1,Total economy,B2A3G,"Operating surplus and mixed income, gross",_Z,Not applicable,_T,Total - all activities,_Z,Not applicable,XDC,National currency,V,Current prices,N,Non transformed data,T0103,Table 0103 - GDP identity from the income side,1996,,46200,,,,F,Free (free for publication),1,One,A,Normal value,6,Millions,NZD,New Zealand dollar
DATAFLOW,OECD.SDD.NAD:DSD_NAMAIN10@DF_TABLE1_INCOME(2.0),Annual GDP and components - income approach,I,A,Annual,POL,Poland,S1,Total economy,S1,Total economy,B2A3G,"Operating surplus and mixed income, gross",_Z,Not applicable,_T,Total - all activities,_Z,Not applicable,XDC,National currency,V,Current prices,N,Non transformed data,T0103,Table 0103 - GDP identity from the income side,1996,,198600,,,,F,Free (free for publication),1,One,A,Normal value,6,Millions,PLN,Zloty
DATAFLOW,OECD.SDD.NAD:DSD_NAMAIN10@DF_TABLE1_INCOME(2.0),Annual GDP and components - income approach,I,A,Annual,USA,United States,S1,Total economy,S1,Total economy,B2A3G,"Operating surplus and mixed income, gross",_Z,Not applicable,_T,Total - all activities,_Z,Not applicable,XDC,National currency,V,Current prices,N,Non transformed data,T0103,Table 0103 - GDP identity from the income side,1996,,3048453.267,,,,F,Free (free for publication),1,One,A,Normal value,6,Millions,USD,US dollar
DATAFLOW,OECD.SDD.NAD:DSD_NAMAIN10@DF_TABLE1_INCOME(2.0),Annual GDP and components - income approach,I,A,Annual,SGP,Singapore,S1,Total economy,S1,Total economy,B2A3G,"Operating surplus and mixed income, gross",_Z,Not applicable,_T,Total - all activities,_Z,Not applicable,XDC,National currency,V,Current prices,N,Non transformed data,T0103,Table 0103 - GDP identity from the income side,1996,,67124.6,,,,F,Free (free for publication),1,One,A,Normal value,6,Millions,SGD,Singapore dollar
DATAFLOW,OECD.SDD.NAD:DSD_NAMAIN10@DF_TABLE1_INCOME(2.0),Annual GDP and components - income approach,I,A,Annual,MEX,Mexico,S1,Total economy,S1,Total economy,B2A3G,"Operating surplus and mixed income, gross",_Z,Not applicable,_T,Total - all activities,_Z,Not applicable,XDC,National currency,V,Current prices,N,Non transformed data,T0103,Table 0103 - GDP identity from the income side,1997,,2954917.437,,,,F,Free (free for publication),1,One,A,Normal value,6,Millions,MXN,Mexican peso
DATAFLOW,OECD.SDD.NAD:DSD_NAMAIN10@DF_TABLE1_INCOME(2.0),Annual GDP and components - income approach,I,A,Annual,NZL,New Zealand,S1,Total economy,S1,Total economy,B2A3G,"Operating surplus and mixed income, gross",_Z,Not applicable,_T,Total - all activities,_Z,Not applicable,XDC,National currency,V,Current prices,N,Non transformed data,T0103,Table 0103 - GDP identity from the income side,1997,,47799,,,,F,Free (free for publication),1,One,A,Normal value,6,Millions,NZD,New Zealand dollar
DATAFLOW,OECD.SDD.NAD:DSD_NAMAIN10@DF_TABLE1_INCOME(2.0),Annual GDP and components - income approach,I,A,Annual,POL,Poland,S1,Total economy,S1,Total economy,B2A3G,"Operating surplus and mixed income, gross",_Z,Not applicable,_T,Total - all activities,_Z,Not applicable,XDC,National currency,V,Current prices,N,Non transformed data,T0103,Table 0103 - GDP identity from the income side,1997,,235757,,,,F,Free (free for publication),1,One,A,Normal value,6,Millions,PLN,Zloty
DATAFLOW,OECD.SDD.NAD:DSD_NAMAIN10@DF_TABLE1_INCOME(2.0),Annual GDP and components - income approach,I,A,Annual,USA,United States,S1,Total economy,S1,Total economy,B2A3G,"Operating surplus and mixed income, gross",_Z,Not applicable,_T,Total - all activities,_Z,Not applicable,XDC,National currency,V,Current prices,N,Non transformed data,T0103,Table 0103 - GDP identity from the income side,1997,,3274941.077,,,,F,Free (free for publication),1,One,A,Normal value,6,Millions,USD,US dollar
DATAFLOW,OECD.SDD.NAD:DSD_NAMAIN10@DF_TABLE1_INCOME(2.0),Annual GDP and components - income approach,I,A,Annual,SGP,Singapore,S1,Total economy,S1,Total economy,B2A3G,"Operating surplus and mixed income, gross",_Z,Not applicable,_T,Total - all activities,_Z,Not applicable,XDC,National currency,V,Current prices,N,Non transformed data,T0103,Table 0103 - GDP identity from the income side,1997,,73811.4,,,,F,Free (free for publication),1,One,A,Normal value,6,Millions,SGD,Singapore dollar
DATAFLOW,OECD.SDD.NAD:DSD_NAMAIN10@DF_TABLE1_INCOME(2.0),Annual GDP and components - income approach,I,A,Annual,MEX,Mexico,S1,Total economy,S1,Total economy,B2A3G,"Operating surplus and mixed income, gross",_Z,Not applicable,_T,Total - all activities,_Z,Not applicable,XDC,National currency,V,Current prices,N,Non transformed data,T0103,Table 0103 - GDP identity from the income side,1998,,3587495.136,,,,F,Free (free for publication),1,One,A,Normal value,6,Millions,MXN,Mexican peso
DATAFLOW,OECD.SDD.NAD:DSD_NAMAIN10@DF_TABLE1_INCOME(2.0),Annual GDP and components - income approach,I,A,Annual,NZL,New Zealand,S1,Total economy,S1,Total economy,B2A3G,"Operating surplus and mixed income, gross",_Z,Not applicable,_T,Total - all activities,_Z,Not applicable,XDC,National currency,V,Current prices,N,Non transformed data,T0103,Table 0103 - GDP identity from the income side,1998,,48793,,,,F,Free (free for publication),1,One,A,Normal value,6,Millions,NZD,New Zealand dollar
DATAFLOW,OECD.SDD.NAD:DSD_NAMAIN10@DF_TABLE1_INCOME(2.0),Annual GDP and components - income approach,I,A,Annual,POL,Poland,S1,Total economy,S1,Total economy,B2A3G,"Operating surplus and mixed income, gross",_Z,Not applicable,_T,Total - all activities,_Z,Not applicable,XDC,National currency,V,Current prices,N,Non transformed data,T0103,Table 0103 - GDP identity from the income side,1998,,275230,,,,F,Free (free for publication),1,One,A,Normal value,6,Millions,PLN,Zloty
DATAFLOW,OECD.SDD.NAD:DSD_NAMAIN10@DF_TABLE1_INCOME(2.0),Annual GDP and components - income approach,I,A,Annual,USA,United States,S1,Total economy,S1,Total economy,B2A3G,"Operating surplus and mixed income, gross",_Z,Not applicable,_T,Total - all activities,_Z,Not applicable,XDC,National currency,V,Current prices,N,Non transformed data,T0103,Table 0103 - GDP identity from the income side,1998,,3439248.885,,,,F,Free (free for publication),1,One,A,Normal value,6,Millions,USD,US dollar
DATAFLOW,OECD.SDD.NAD:DSD_NAMAIN10@DF_TABLE1_INCOME(2.0),Annual GDP and components - income approach,I,A,Annual,SGP,Singapore,S1,Total economy,S1,Total economy,B2A3G,"Operating surplus and mixed income, gross",_Z,Not applicable,_T,Total - all activities,_Z,Not applicable,XDC,National currency,V,Current prices,N,Non transformed data,T0103,Table 0103 - GDP identity from the income side,1998,,68547.1,,,,F,Free (free for publication),1,One,A,Normal value,6,Millions,SGD,Singapore dollar
DATAFLOW,OECD.SDD.NAD:DSD_NAMAIN10@DF_TABLE1_INCOME(2.0),Annual GDP and components - income approach,I,A,Annual,MEX,Mexico,S1,Total economy,S1,Total economy,B2A3G,"Operating surplus and mixed income, gross",_Z,Not applicable,_T,Total - all activities,_Z,Not applicable,XDC,National currency,V,Current prices,N,Non transformed data,T0103,Table 0103 - GDP identity from the income side,1999,,4199769.143,,,,F,Free (free for publication),1,One,A,Normal value,6,Millions,MXN,Mexican peso
DATAFLOW,OECD.SDD.NAD:DSD_NAMAIN10@DF_TABLE1_INCOME(2.0),Annual GDP and components - income approach,I,A,Annual,NZL,New Zealand,S1,Total economy,S1,Total economy,B2A3G,"Operating surplus and mixed income, gross",_Z,Not applicable,_T,Total - all activities,_Z,Not applicable,XDC,National currency,V,Current prices,N,Non transformed data,T0103,Table 0103 - GDP identity from the income side,1999,,53467,,,,F,Free (free for publication),1,One,A,Normal value,6,Millions,NZD,New Zealand dollar
DATAFLOW,OECD.SDD.NAD:DSD_NAMAIN10@DF_TABLE1_INCOME(2.0),Annual GDP and components - income approach,I,A,Annual,POL,Poland,S1,Total economy,S1,Total economy,B2A3G,"Operating surplus and mixed income, gross",_Z,Not applicable,_T,Total - all activities,_Z,Not applicable,XDC,National currency,V,Current prices,N,Non transformed data,T0103,Table 0103 - GDP identity from the income side,1999,,305567,,,,F,Free (free for publication),1,One,A,Normal value,6,Millions,PLN,Zloty
DATAFLOW,OECD.SDD.NAD:DSD_NAMAIN10@DF_TABLE1_INCOME(2.0),Annual GDP and components - income approach,I,A,Annual,USA,United States,S1,Total economy,S1,Total economy,B2A3G,"Operating surplus and mixed income, gross",_Z,Not applicable,_T,Total - all activities,_Z,Not applicable,XDC,National currency,V,Current prices,N,Non transformed data,T0103,Table 0103 - GDP identity from the income side,1999,,3621173.2,,,,F,Free (free for publication),1,One,A,Normal value,6,Millions,USD,US dollar
DATAFLOW,OECD.SDD.NAD:DSD_NAMAIN10@DF_TABLE1_INCOME(2.0),Annual GDP and components - income approach,I,A,Annual,SGP,Singapore,S1,Total economy,S1,Total economy,B2A3G,"Operating surplus and mixed income, gross",_Z,Not applicable,_T,Total - all activities,_Z,Not applicable,XDC,National currency,V,Current prices,N,Non transformed data,T0103,Table 0103 - GDP identity from the income side,1999,,72585.3,,,,F,Free (free for publication),1,One,A,Normal value,6,Millions,SGD,Singapore dollar
DATAFLOW,OECD.SDD.NAD:DSD_NAMAIN10@DF_TABLE1_INCOME(2.0),Annual GDP and components - income approach,I,A,Annual,MEX,Mexico,S1,Total economy,S1,Total economy,B2A3G,"Operating surplus and mixed income, gross",_Z,Not applicable,_T,Total - all activities,_Z,Not applicable,XDC,National currency,V,Current prices,N,Non transformed data,T0103,Table 0103 - GDP identity from the income side,2000,,4867720.661,,,,F,Free (free for publication),1,One,A,Normal value,6,Millions,MXN,Mexican peso
DATAFLOW,OECD.SDD.NAD:DSD_NAMAIN10@DF_TABLE1_INCOME(2.0),Annual GDP and components - income approach,I,A,Annual,NZL,New Zealand,S1,Total economy,S1,Total economy,B2A3G,"Operating surplus and mixed income, gross",_Z,Not applicable,_T,Total - all activities,_Z,Not applicable,XDC,National currency,V,Current prices,N,Non transformed data,T0103,Table 0103 - GDP identity from the income side,2000,,57293,,,,F,Free (free for publication),1,One,A,Normal value,6,Millions,NZD,New Zealand dollar
DATAFLOW,OECD.SDD.NAD:DSD_NAMAIN10@DF_TABLE1_INCOME(2.0),Annual GDP and components - income approach,I,A,Annual,POL,Poland,S1,Total economy,S1,Total economy,B2A3G,"Operating surplus and mixed income, gross",_Z,Not applicable,_T,Total - all activities,_Z,Not applicable,XDC,National currency,V,Current prices,N,Non transformed data,T0103,Table 0103 - GDP identity from the income side,2000,,353003,,,,F,Free (free for publication),1,One,A,Normal value,6,Millions,PLN,Zloty
DATAFLOW,OECD.SDD.NAD:DSD_NAMAIN10@DF_TABLE1_INCOME(2.0),Annual GDP and components - income approach,I,A,Annual,TUR,Türkiye,S1,Total economy,S1,Total economy,B2A3G,"Operating surplus and mixed income, gross",_Z,Not applicable,_T,Total - all activities,_Z,Not applicable,XDC,National currency,V,Current prices,N,Non transformed data,T0103,Table 0103 - GDP identity from the income side,2000,,107508.481,,,,F,Free (free for publication),1,One,A,Normal value,6,Millions,TRY,Turkish lira
DATAFLOW,OECD.SDD.NAD:DSD_NAMAIN10@DF_TABLE1_INCOME(2.0),Annual GDP and components - income approach,I,A,Annual,USA,United States,S1,Total economy,S1,Total economy,B2A3G,"Operating surplus and mixed income, gross",_Z,Not applicable,_T,Total - all activities,_Z,Not applicable,XDC,National currency,V,Current prices,N,Non transformed data,T0103,Table 0103 - GDP identity from the income side,2000,,3827838.61,,,,F,Free (free for publication),1,One,A,Normal value,6,Millions,USD,US dollar
DATAFLOW,OECD.SDD.NAD:DSD_NAMAIN10@DF_TABLE1_INCOME(2.0),Annual GDP and components - income approach,I,A,Annual,MKD,North Macedonia,S1,Total economy,S1,Total economy,B2A3G,"Operating surplus and mixed income, gross",_Z,Not applicable,_T,Total - all activities,_Z,Not applicable,XDC,National currency,V,Current prices,N,Non transformed data,T0103,Table 0103 - GDP identity from the income side,2000,,102442,,,,F,Free (free for publication),1,One,A,Normal value,6,Millions,MKD,Denar
DATAFLOW,OECD.SDD.NAD:DSD_NAMAIN10@DF_TABLE1_INCOME(2.0),Annual GDP and components - income approach,I,A,Annual,SGP,Singapore,S1,Total economy,S1,Total economy,B2A3G,"Operating surplus and mixed income, gross",_Z,Not applicable,_T,Total - all activities,_Z,Not applicable,XDC,National currency,V,Current prices,N,Non transformed data,T0103,Table 0103 - GDP identity from the income side,2000,,81485.5,,,,F,Free (free for publication),1,One,A,Normal value,6,Millions,SGD,Singapore dollar
DATAFLOW,OECD.SDD.NAD:DSD_NAMAIN10@DF_TABLE1_INCOME(2.0),Annual GDP and components - income approach,I,A,Annual,MEX,Mexico,S1,Total economy,S1,Total economy,B2A3G,"Operating surplus and mixed income, gross",_Z,Not applicable,_T,Total - all activities,_Z,Not applicable,XDC,National currency,V,Current prices,N,Non transformed data,T0103,Table 0103 - GDP identity from the income side,2001,,5063136.905,,,,F,Free (free for publication),1,One,A,Normal value,6,Millions,MXN,Mexican peso
DATAFLOW,OECD.SDD.NAD:DSD_NAMAIN10@DF_TABLE1_INCOME(2.0),Annual GDP and components - income approach,I,A,Annual,NZL,New Zealand,S1,Total economy,S1,Total economy,B2A3G,"Operating surplus and mixed income, gross",_Z,Not applicable,_T,Total - all activities,_Z,Not applicable,XDC,National currency,V,Current prices,N,Non transformed data,T0103,Table 0103 - GDP identity from the income side,2001,,61818,,,,F,Free (free for publication),1,One,A,Normal value,6,Millions,NZD,New Zealand dollar
DATAFLOW,OECD.SDD.NAD:DSD_NAMAIN10@DF_TABLE1_INCOME(2.0),Annual GDP and components - income approach,I,A,Annual,POL,Poland,S1,Total economy,S1,Total economy,B2A3G,"Operating surplus and mixed income, gross",_Z,Not applicable,_T,Total - all activities,_Z,Not applicable,XDC,National currency,V,Current prices,N,Non transformed data,T0103,Table 0103 - GDP identity from the income side,2001,,361051,,,,F,Free (free for publication),1,One,A,Normal value,6,Millions,PLN,Zloty
DATAFLOW,OECD.SDD.NAD:DSD_NAMAIN10@DF_TABLE1_INCOME(2.0),Annual GDP and components - income approach,I,A,Annual,TUR,Türkiye,S1,Total economy,S1,Total economy,B2A3G,"Operating surplus and mixed income, gross",_Z,Not applicable,_T,Total - all activities,_Z,Not applicable,XDC,National currency,V,Current prices,N,Non transformed data,T0103,Table 0103 - GDP identity from the income side,2001,,158838.71,,,,F,Free (free for publication),1,One,A,Normal value,6,Millions,TRY,Turkish lira
DATAFLOW,OECD.SDD.NAD:DSD_NAMAIN10@DF_TABLE1_INCOME(2.0),Annual GDP and components - income approach,I,A,Annual,USA,United States,S1,Total economy,S1,Total economy,B2A3G,"Operating surplus and mixed income, gross",_Z,Not applicable,_T,Total - all activities,_Z,Not applicable,XDC,National currency,V,Current prices,N,Non transformed data,T0103,Table 0103 - GDP identity from the income side,2001,,3980381.89,,,,F,Free (free for publication),1,One,A,Normal value,6,Millions,USD,US dollar
DATAFLOW,OECD.SDD.NAD:DSD_NAMAIN10@DF_TABLE1_INCOME(2.0),Annual GDP and components - income approach,I,A,Annual,MKD,North Macedonia,S1,Total economy,S1,Total economy,B2A3G,"Operating surplus and mixed income, gross",_Z,Not applicable,_T,Total - all activities,_Z,Not applicable,XDC,National currency,V,Current prices,N,Non transformed data,T0103,Table 0103 - GDP identity from the income side,2001,,109185,,,,F,Free (free for publication),1,One,A,Normal value,6,Millions,MKD,Denar
DATAFLOW,OECD.SDD.NAD:DSD_NAMAIN10@DF_TABLE1_INCOME(2.0),Annual GDP and components - income approach,I,A,Annual,SGP,Singapore,S1,Total economy,S1,Total economy,B2A3G,"Operating surplus and mixed income, gross",_Z,Not applicable,_T,Total - all activities,_Z,Not applicable,XDC,National currency,V,Current prices,N,Non transformed data,T0103,Table 0103 - GDP identity from the income side,2001,,75173.2,,,,F,Free (free for publication),1,One,A,Normal value,6,Millions,SGD,Singapore dollar
DATAFLOW,OECD.SDD.NAD:DSD_NAMAIN10@DF_TABLE1_INCOME(2.0),Annual GDP and components - income approach,I,A,Annual,MEX,Mexico,S1,Total economy,S1,Total economy,B2A3G,"Operating surplus and mixed income, gross",_Z,Not applicable,_T,Total - all activities,_Z,Not applicable,XDC,National currency,V,Current prices,N,Non transformed data,T0103,Table 0103 - GDP identity from the income side,2002,,5269845.347,,,,F,Free (free for publication),1,One,A,Normal value,6,Millions,MXN,Mexican peso
DATAFLOW,OECD.SDD.NAD:DSD_NAMAIN10@DF_TABLE1_INCOME(2.0),Annual GDP and components - income approach,I,A,Annual,NZL,New Zealand,S1,Total economy,S1,Total economy,B2A3G,"Operating surplus and mixed income, gross",_Z,Not applicable,_T,Total - all activities,_Z,Not applicable,XDC,National currency,V,Current prices,N,Non transformed data,T0103,Table 0103 - GDP identity from the income side,2002,,63531,,,,F,Free (free for publication),1,One,A,Normal value,6,Millions,NZD,New Zealand dollar
DATAFLOW,OECD.SDD.NAD:DSD_NAMAIN10@DF_TABLE1_INCOME(2.0),Annual GDP and components - income approach,I,A,Annual,POL,Poland,S1,Total economy,S1,Total economy,B2A3G,"Operating surplus and mixed income, gross",_Z,Not applicable,_T,Total - all activities,_Z,Not applicable,XDC,National currency,V,Current prices,N,Non transformed data,T0103,Table 0103 - GDP identity from the income side,2002,,383591,,,,F,Free (free for publication),1,One,A,Normal value,6,Millions,PLN,Zloty
DATAFLOW,OECD.SDD.NAD:DSD_NAMAIN10@DF_TABLE1_INCOME(2.0),Annual GDP and components - income approach,I,A,Annual,TUR,Türkiye,S1,Total economy,S1,Total economy,B2A3G,"Operating surplus and mixed income, gross",_Z,Not applicable,_T,Total - all activities,_Z,Not applicable,XDC,National currency,V,Current prices,N,Non transformed data,T0103,Table 0103 - GDP identity from the income side,2002,,229729.371,,,,F,Free (free for publication),1,One,A,Normal value,6,Millions,TRY,Turkish lira
DATAFLOW,OECD.SDD.NAD:DSD_NAMAIN10@DF_TABLE1_INCOME(2.0),Annual GDP and components - income approach,I,A,Annual,USA,United States,S1,Total economy,S1,Total economy,B2A3G,"Operating surplus and mixed income, gross",_Z,Not applicable,_T,Total - all activities,_Z,Not applicable,XDC,National currency,V,Current prices,N,Non transformed data,T0103,Table 0103 - GDP identity from the income side,2002,,4144427.79,,,,F,Free (free for publication),1,One,A,Normal value,6,Millions,USD,US dollar
DATAFLOW,OECD.SDD.NAD:DSD_NAMAIN10@DF_TABLE1_INCOME(2.0),Annual GDP and components - income approach,I,A,Annual,MKD,North Macedonia,S1,Total economy,S1,Total economy,B2A3G,"Operating surplus and mixed income, gross",_Z,Not applicable,_T,Total - all activities,_Z,Not applicable,XDC,National currency,V,Current prices,N,Non transformed data,T0103,Table 0103 - GDP identity from the income side,2002,,108398,,,,F,Free (free for publication),1,One,A,Normal value,6,Millions,MKD,Denar
DATAFLOW,OECD.SDD.NAD:DSD_NAMAIN10@DF_TABLE1_INCOME(2.0),Annual GDP and components - income approach,I,A,Annual,SGP,Singapore,S1,Total economy,S1,Total economy,B2A3G,"Operating surplus and mixed income, gross",_Z,Not applicable,_T,Total - all activities,_Z,Not applicable,XDC,National currency,V,Current prices,N,Non transformed data,T0103,Table 0103 - GDP identity from the income side,2002,,81151.8,,,,F,Free (free for publication),1,One,A,Normal value,6,Millions,SGD,Singapore dollar
DATAFLOW,OECD.SDD.NAD:DSD_NAMAIN10@DF_TABLE1_INCOME(2.0),Annual GDP and components - income approach,I,A,Annual,MEX,Mexico,S1,Total economy,S1,Total economy,B2A3G,"Operating surplus and mixed income, gross",_Z,Not applicable,_T,Total - all activities,_Z,Not applicable,XDC,National currency,V,Current prices,N,Non transformed data,T0103,Table 0103 - GDP identity from the income side,2003,,5526977.879,,,,F,Free (free for publication),1,One,A,Normal value,6,Millions,MXN,Mexican peso
DATAFLOW,OECD.SDD.NAD:DSD_NAMAIN10@DF_TABLE1_INCOME(2.0),Annual GDP and components - income approach,I,A,Annual,NZL,New Zealand,S1,Total economy,S1,Total economy,B2A3G,"Operating surplus and mixed income, gross",_Z,Not applicable,_T,Total - all activities,_Z,Not applicable,XDC,National currency,V,Current prices,N,Non transformed data,T0103,Table 0103 - GDP identity from the income side,2003,,67540,,,,F,Free (free for publication),1,One,A,Normal value,6,Millions,NZD,New Zealand dollar
DATAFLOW,OECD.SDD.NAD:DSD_NAMAIN10@DF_TABLE1_INCOME(2.0),Annual GDP and components - income approach,I,A,Annual,POL,Poland,S1,Total economy,S1,Total economy,B2A3G,"Operating surplus and mixed income, gross",_Z,Not applicable,_T,Total - all activities,_Z,Not applicable,XDC,National currency,V,Current prices,N,Non transformed data,T0103,Table 0103 - GDP identity from the income side,2003,,408410,,,,F,Free (free for publication),1,One,A,Normal value,6,Millions,PLN,Zloty
DATAFLOW,OECD.SDD.NAD:DSD_NAMAIN10@DF_TABLE1_INCOME(2.0),Annual GDP and components - income approach,I,A,Annual,TUR,Türkiye,S1,Total economy,S1,Total economy,B2A3G,"Operating surplus and mixed income, gross",_Z,Not applicable,_T,Total - all activities,_Z,Not applicable,XDC,National currency,V,Current prices,N,Non transformed data,T0103,Table 0103 - GDP identity from the income side,2003,,295397.468,,,,F,Free (free for publication),1,One,A,Normal value,6,Millions,TRY,Turkish lira
DATAFLOW,OECD.SDD.NAD:DSD_NAMAIN10@DF_TABLE1_INCOME(2.0),Annual GDP and components - income approach,I,A,Annual,USA,United States,S1,Total economy,S1,Total economy,B2A3G,"Operating surplus and mixed income, gross",_Z,Not applicable,_T,Total - all activities,_Z,Not applicable,XDC,National currency,V,Current prices,N,Non transformed data,T0103,Table 0103 - GDP identity from the income side,2003,,4357495.13,,,,F,Free (free for publication),1,One,A,Normal value,6,Millions,USD,US dollar
DATAFLOW,OECD.SDD.NAD:DSD_NAMAIN10@DF_TABLE1_INCOME(2.0),Annual GDP and components - income approach,I,A,Annual,MKD,North Macedonia,S1,Total economy,S1,Total economy,B2A3G,"Operating surplus and mixed income, gross",_Z,Not applicable,_T,Total - all activities,_Z,Not applicable,XDC,National currency,V,Current prices,N,Non transformed data,T0103,Table 0103 - GDP identity from the income side,2003,,121910,,,,F,Free (free for publication),1,One,A,Normal value,6,Millions,MKD,Denar
DATAFLOW,OECD.SDD.NAD:DSD_NAMAIN10@DF_TABLE1_INCOME(2.0),Annual GDP and components - income approach,I,A,Annual,SGP,Singapore,S1,Total economy,S1,Total economy,B2A3G,"Operating surplus and mixed income, gross",_Z,Not applicable,_T,Total - all activities,_Z,Not applicable,XDC,National currency,V,Current prices,N,Non transformed data,T0103,Table 0103 - GDP identity from the income side,2003,,83803.1,,,,F,Free (free for publication),1,One,A,Normal value,6,Millions,SGD,Singapore dollar
DATAFLOW,OECD.SDD.NAD:DSD_NAMAIN10@DF_TABLE1_INCOME(2.0),Annual GDP and components - income approach,I,A,Annual,MEX,Mexico,S1,Total economy,S1,Total economy,B2A3G,"Operating surplus and mixed income, gross",_Z,Not applicable,_T,Total - all activities,_Z,Not applicable,XDC,National currency,V,Current prices,N,Non transformed data,T0103,Table 0103 - GDP identity from the income side,2004,,6354467.694,,,,F,Free (free for publication),1,One,A,Normal value,6,Millions,MXN,Mexican peso
DATAFLOW,OECD.SDD.NAD:DSD_NAMAIN10@DF_TABLE1_INCOME(2.0),Annual GDP and components - income approach,I,A,Annual,NZL,New Zealand,S1,Total economy,S1,Total economy,B2A3G,"Operating surplus and mixed income, gross",_Z,Not applicable,_T,Total - all activities,_Z,Not applicable,XDC,National currency,V,Current prices,N,Non transformed data,T0103,Table 0103 - GDP identity from the income side,2004,,71410,,,,F,Free (free for publication),1,One,A,Normal value,6,Millions,NZD,New Zealand dollar
DATAFLOW,OECD.SDD.NAD:DSD_NAMAIN10@DF_TABLE1_INCOME(2.0),Annual GDP and components - income approach,I,A,Annual,POL,Poland,S1,Total economy,S1,Total economy,B2A3G,"Operating surplus and mixed income, gross",_Z,Not applicable,_T,Total - all activities,_Z,Not applicable,XDC,National currency,V,Current prices,N,Non transformed data,T0103,Table 0103 - GDP identity from the income side,2004,,473882,,,,F,Free (free for publication),1,One,A,Normal value,6,Millions,PLN,Zloty
DATAFLOW,OECD.SDD.NAD:DSD_NAMAIN10@DF_TABLE1_INCOME(2.0),Annual GDP and components - income approach,I,A,Annual,TUR,Türkiye,S1,Total economy,S1,Total economy,B2A3G,"Operating surplus and mixed income, gross",_Z,Not applicable,_T,Total - all activities,_Z,Not applicable,XDC,National currency,V,Current prices,N,Non transformed data,T0103,Table 0103 - GDP identity from the income side,2004,,366729.527,,,,F,Free (free for publication),1,One,A,Normal value,6,Millions,TRY,Turkish lira
DATAFLOW,OECD.SDD.NAD:DSD_NAMAIN10@DF_TABLE1_INCOME(2.0),Annual GDP and components - income approach,I,A,Annual,USA,United States,S1,Total economy,S1,Total economy,B2A3G,"Operating surplus and mixed income, gross",_Z,Not applicable,_T,Total - all activities,_Z,Not applicable,XDC,National currency,V,Current prices,N,Non transformed data,T0103,Table 0103 - GDP identity from the income side,2004,,4689918.29,,,,F,Free (free for publication),1,One,A,Normal value,6,Millions,USD,US dollar
DATAFLOW,OECD.SDD.NAD:DSD_NAMAIN10@DF_TABLE1_INCOME(2.0),Annual GDP and components - income approach,I,A,Annual,MKD,North Macedonia,S1,Total economy,S1,Total economy,B2A3G,"Operating surplus and mixed income, gross",_Z,Not applicable,_T,Total - all activities,_Z,Not applicable,XDC,National currency,V,Current prices,N,Non transformed data,T0103,Table 0103 - GDP identity from the income side,2004,,135793,,,,F,Free (free for publication),1,One,A,Normal value,6,Millions,MKD,Denar
DATAFLOW,OECD.SDD.NAD:DSD_NAMAIN10@DF_TABLE1_INCOME(2.0),Annual GDP and components - income approach,I,A,Annual,SGP,Singapore,S1,Total economy,S1,Total economy,B2A3G,"Operating surplus and mixed income, gross",_Z,Not applicable,_T,Total - all activities,_Z,Not applicable,XDC,National currency,V,Current prices,N,Non transformed data,T0103,Table 0103 - GDP identity from the income side,2004,,103239.9,,,,F,Free (free for publication),1,One,A,Normal value,6,Millions,SGD,Singapore dollar
DATAFLOW,OECD.SDD.NAD:DSD_NAMAIN10@DF_TABLE1_INCOME(2.0),Annual GDP and components - income approach,I,A,Annual,MEX,Mexico,S1,Total economy,S1,Total economy,B2A3G,"Operating surplus and mixed income, gross",_Z,Not applicable,_T,Total - all activities,_Z,Not applicable,XDC,National currency,V,Current prices,N,Non transformed data,T0103,Table 0103 - GDP identity from the income side,2005,,6908846.722,,,,F,Free (free for publication),1,One,A,Normal value,6,Millions,MXN,Mexican peso
DATAFLOW,OECD.SDD.NAD:DSD_NAMAIN10@DF_TABLE1_INCOME(2.0),Annual GDP and components - income approach,I,A,Annual,NZL,New Zealand,S1,Total economy,S1,Total economy,B2A3G,"Operating surplus and mixed income, gross",_Z,Not applicable,_T,Total - all activities,_Z,Not applicable,XDC,National currency,V,Current prices,N,Non transformed data,T0103,Table 0103 - GDP identity from the income side,2005,,73353,,,,F,Free (free for publication),1,One,A,Normal value,6,Millions,NZD,New Zealand dollar
DATAFLOW,OECD.SDD.NAD:DSD_NAMAIN10@DF_TABLE1_INCOME(2.0),Annual GDP and components - income approach,I,A,Annual,POL,Poland,S1,Total economy,S1,Total economy,B2A3G,"Operating surplus and mixed income, gross",_Z,Not applicable,_T,Total - all activities,_Z,Not applicable,XDC,National currency,V,Current prices,N,Non transformed data,T0103,Table 0103 - GDP identity from the income side,2005,,502016,,,,F,Free (free for publication),1,One,A,Normal value,6,Millions,PLN,Zloty
DATAFLOW,OECD.SDD.NAD:DSD_NAMAIN10@DF_TABLE1_INCOME(2.0),Annual GDP and components - income approach,I,A,Annual,USA,United States,S1,Total economy,S1,Total economy,B2A3G,"Operating surplus and mixed income, gross",_Z,Not applicable,_T,Total - all activities,_Z,Not applicable,XDC,National currency,V,Current prices,N,Non transformed data,T0103,Table 0103 - GDP identity from the income side,2005,,5132468.48,,,,F,Free (free for publication),1,One,A,Normal value,6,Millions,USD,US dollar
DATAFLOW,OECD.SDD.NAD:DSD_NAMAIN10@DF_TABLE1_INCOME(2.0),Annual GDP and components - income approach,I,A,Annual,MKD,North Macedonia,S1,Total economy,S1,Total economy,B2A3G,"Operating surplus and mixed income, gross",_Z,Not applicable,_T,Total - all activities,_Z,Not applicable,XDC,National currency,V,Current prices,N,Non transformed data,T0103,Table 0103 - GDP identity from the income side,2005,,158628,,,,F,Free (free for publication),1,One,A,Normal value,6,Millions,MKD,Denar
DATAFLOW,OECD.SDD.NAD:DSD_NAMAIN10@DF_TABLE1_INCOME(2.0),Annual GDP and components - income approach,I,A,Annual,SGP,Singapore,S1,Total economy,S1,Total economy,B2A3G,"Operating surplus and mixed income, gross",_Z,Not applicable,_T,Total - all activities,_Z,Not applicable,XDC,National currency,V,Current prices,N,Non transformed data,T0103,Table 0103 - GDP identity from the income side,2005,,115026,,,,F,Free (free for publication),1,One,A,Normal value,6,Millions,SGD,Singapore dollar
DATAFLOW,OECD.SDD.NAD:DSD_NAMAIN10@DF_TABLE1_INCOME(2.0),Annual GDP and components - income approach,I,A,Annual,MEX,Mexico,S1,Total economy,S1,Total economy,B2A3G,"Operating surplus and mixed income, gross",_Z,Not applicable,_T,Total - all activities,_Z,Not applicable,XDC,National currency,V,Current prices,N,Non transformed data,T0103,Table 0103 - GDP identity from the income side,2006,,7786905.58,,,,F,Free (free for publication),1,One,A,Normal value,6,Millions,MXN,Mexican peso
DATAFLOW,OECD.SDD.NAD:DSD_NAMAIN10@DF_TABLE1_INCOME(2.0),Annual GDP and components - income approach,I,A,Annual,NZL,New Zealand,S1,Total economy,S1,Total economy,B2A3G,"Operating surplus and mixed income, gross",_Z,Not applicable,_T,Total - all activities,_Z,Not applicable,XDC,National currency,V,Current prices,N,Non transformed data,T0103,Table 0103 - GDP identity from the income side,2006,,76398,,,,F,Free (free for publication),1,One,A,Normal value,6,Millions,NZD,New Zealand dollar
DATAFLOW,OECD.SDD.NAD:DSD_NAMAIN10@DF_TABLE1_INCOME(2.0),Annual GDP and components - income approach,I,A,Annual,POL,Poland,S1,Total economy,S1,Total economy,B2A3G,"Operating surplus and mixed income, gross",_Z,Not applicable,_T,Total - all activities,_Z,Not applicable,XDC,National currency,V,Current prices,N,Non transformed data,T0103,Table 0103 - GDP identity from the income side,2006,,544574,,,,F,Free (free for publication),1,One,A,Normal value,6,Millions,PLN,Zloty
DATAFLOW,OECD.SDD.NAD:DSD_NAMAIN10@DF_TABLE1_INCOME(2.0),Annual GDP and components - income approach,I,A,Annual,TUR,Türkiye,S1,Total economy,S1,Total economy,B2A3G,"Operating surplus and mixed income, gross",_Z,Not applicable,_T,Total - all activities,_Z,Not applicable,XDC,National currency,V,Current prices,N,Non transformed data,T0103,Table 0103 - GDP identity from the income side,2006,,500856.592,,,,F,Free (free for publication),1,One,A,Normal value,6,Millions,TRY,Turkish lira
DATAFLOW,OECD.SDD.NAD:DSD_NAMAIN10@DF_TABLE1_INCOME(2.0),Annual GDP and components - income approach,I,A,Annual,USA,United States,S1,Total economy,S1,Total economy,B2A3G,"Operating surplus and mixed income, gross",_Z,Not applicable,_T,Total - all activities,_Z,Not applicable,XDC,National currency,V,Current prices,N,Non transformed data,T0103,Table 0103 - GDP identity from the income side,2006,,5583096.3,,,,F,Free (free for publication),1,One,A,Normal value,6,Millions,USD,US dollar
DATAFLOW,OECD.SDD.NAD:DSD_NAMAIN10@DF_TABLE1_INCOME(2.0),Annual GDP and components - income approach,I,A,Annual,MKD,North Macedonia,S1,Total economy,S1,Total economy,B2A3G,"Operating surplus and mixed income, gross",_Z,Not applicable,_T,Total - all activities,_Z,Not applicable,XDC,National currency,V,Current prices,N,Non transformed data,T0103,Table 0103 - GDP identity from the income side,2006,,172847,,,,F,Free (free for publication),1,One,A,Normal value,6,Millions,MKD,Denar
DATAFLOW,OECD.SDD.NAD:DSD_NAMAIN10@DF_TABLE1_INCOME(2.0),Annual GDP and components - income approach,I,A,Annual,SGP,Singapore,S1,Total economy,S1,Total economy,B2A3G,"Operating surplus and mixed income, gross",_Z,Not applicable,_T,Total - all activities,_Z,Not applicable,XDC,National currency,V,Current prices,N,Non transformed data,T0103,Table 0103 - GDP identity from the income side,2006,,128684.8,,,,F,Free (free for publication),1,One,A,Normal value,6,Millions,SGD,Singapore dollar
DATAFLOW,OECD.SDD.NAD:DSD_NAMAIN10@DF_TABLE1_INCOME(2.0),Annual GDP and components - income approach,I,A,Annual,MEX,Mexico,S1,Total economy,S1,Total economy,B2A3G,"Operating surplus and mixed income, gross",_Z,Not applicable,_T,Total - all activities,_Z,Not applicable,XDC,National currency,V,Current prices,N,Non transformed data,T0103,Table 0103 - GDP identity from the income side,2007,,8460548.889,,,,F,Free (free for publication),1,One,A,Normal value,6,Millions,MXN,Mexican peso
DATAFLOW,OECD.SDD.NAD:DSD_NAMAIN10@DF_TABLE1_INCOME(2.0),Annual GDP and components - income approach,I,A,Annual,NZL,New Zealand,S1,Total economy,S1,Total economy,B2A3G,"Operating surplus and mixed income, gross",_Z,Not applicable,_T,Total - all activities,_Z,Not applicable,XDC,National currency,V,Current prices,N,Non transformed data,T0103,Table 0103 - GDP identity from the income side,2007,,83641,,,,F,Free (free for publication),1,One,A,Normal value,6,Millions,NZD,New Zealand dollar
DATAFLOW,OECD.SDD.NAD:DSD_NAMAIN10@DF_TABLE1_INCOME(2.0),Annual GDP and components - income approach,I,A,Annual,POL,Poland,S1,Total economy,S1,Total economy,B2A3G,"Operating surplus and mixed income, gross",_Z,Not applicable,_T,Total - all activities,_Z,Not applicable,XDC,National currency,V,Current prices,N,Non transformed data,T0103,Table 0103 - GDP identity from the income side,2007,,593807,,,,F,Free (free for publication),1,One,A,Normal value,6,Millions,PLN,Zloty
DATAFLOW,OECD.SDD.NAD:DSD_NAMAIN10@DF_TABLE1_INCOME(2.0),Annual GDP and components - income approach,I,A,Annual,TUR,Türkiye,S1,Total economy,S1,Total economy,B2A3G,"Operating surplus and mixed income, gross",_Z,Not applicable,_T,Total - all activities,_Z,Not applicable,XDC,National currency,V,Current prices,N,Non transformed data,T0103,Table 0103 - GDP identity from the income side,2007,,561552.762,,,,F,Free (free for publication),1,One,A,Normal value,6,Millions,TRY,Turkish lira
DATAFLOW,OECD.SDD.NAD:DSD_NAMAIN10@DF_TABLE1_INCOME(2.0),Annual GDP and components - income approach,I,A,Annual,USA,United States,S1,Total economy,S1,Total economy,B2A3G,"Operating surplus and mixed income, gross",_Z,Not applicable,_T,Total - all activities,_Z,Not applicable,XDC,National currency,V,Current prices,N,Non transformed data,T0103,Table 0103 - GDP identity from the income side,2007,,5582824.61,,,,F,Free (free for publication),1,One,A,Normal value,6,Millions,USD,US dollar
DATAFLOW,OECD.SDD.NAD:DSD_NAMAIN10@DF_TABLE1_INCOME(2.0),Annual GDP and components - income approach,I,A,Annual,MKD,North Macedonia,S1,Total economy,S1,Total economy,B2A3G,"Operating surplus and mixed income, gross",_Z,Not applicable,_T,Total - all activities,_Z,Not applicable,XDC,National currency,V,Current prices,N,Non transformed data,T0103,Table 0103 - GDP identity from the income side,2007,,202224,,,,F,Free (free for publication),1,One,A,Normal value,6,Millions,MKD,Denar
DATAFLOW,OECD.SDD.NAD:DSD_NAMAIN10@DF_TABLE1_INCOME(2.0),Annual GDP and components - income approach,I,A,Annual,ROU,Romania,S1,Total economy,S1,Total economy,B2A3G,"Operating surplus and mixed income, gross",_Z,Not applicable,_T,Total - all activities,_Z,Not applicable,XDC,National currency,V,Current prices,N,Non transformed data,T0103,Table 0103 - GDP identity from the income side,2007,,235611.5,,,,F,Free (free for publication),1,One,A,Normal value,6,Millions,RON,Romanian leu
DATAFLOW,OECD.SDD.NAD:DSD_NAMAIN10@DF_TABLE1_INCOME(2.0),Annual GDP and components - income approach,I,A,Annual,SRB,Serbia,S1,Total economy,S1,Total economy,B2A3G,"Operating surplus and mixed income, gross",_Z,Not applicable,_T,Total - all activities,_Z,Not applicable,XDC,National currency,V,Current prices,N,Non transformed data,T0103,Table 0103 - GDP identity from the income side,2007,,1071770.3,,,,F,Free (free for publication),1,One,A,Normal value,6,Millions,RSD,Serbian dinar
DATAFLOW,OECD.SDD.NAD:DSD_NAMAIN10@DF_TABLE1_INCOME(2.0),Annual GDP and components - income approach,I,A,Annual,SGP,Singapore,S1,Total economy,S1,Total economy,B2A3G,"Operating surplus and mixed income, gross",_Z,Not applicable,_T,Total - all activities,_Z,Not applicable,XDC,National currency,V,Current prices,N,Non transformed data,T0103,Table 0103 - GDP identity from the income side,2007,,148042.1,,,,F,Free (free for publication),1,One,A,Normal value,6,Millions,SGD,Singapore dollar
DATAFLOW,OECD.SDD.NAD:DSD_NAMAIN10@DF_TABLE1_INCOME(2.0),Annual GDP and components - income approach,I,A,Annual,MEX,Mexico,S1,Total economy,S1,Total economy,B2A3G,"Operating surplus and mixed income, gross",_Z,Not applicable,_T,Total - all activities,_Z,Not applicable,XDC,National currency,V,Current prices,N,Non transformed data,T0103,Table 0103 - GDP identity from the income side,2008,,9217327.831,,,,F,Free (free for publication),1,One,A,Normal value,6,Millions,MXN,Mexican peso
DATAFLOW,OECD.SDD.NAD:DSD_NAMAIN10@DF_TABLE1_INCOME(2.0),Annual GDP and components - income approach,I,A,Annual,POL,Poland,S1,Total economy,S1,Total economy,B2A3G,"Operating surplus and mixed income, gross",_Z,Not applicable,_T,Total - all activities,_Z,Not applicable,XDC,National currency,V,Current prices,N,Non transformed data,T0103,Table 0103 - GDP identity from the income side,2008,,626086,,,,F,Free (free for publication),1,One,A,Normal value,6,Millions,PLN,Zloty
DATAFLOW,OECD.SDD.NAD:DSD_NAMAIN10@DF_TABLE1_INCOME(2.0),Annual GDP and components - income approach,I,A,Annual,USA,United States,S1,Total economy,S1,Total economy,B2A3G,"Operating surplus and mixed income, gross",_Z,Not applicable,_T,Total - all activities,_Z,Not applicable,XDC,National currency,V,Current prices,N,Non transformed data,T0103,Table 0103 - GDP identity from the income side,2008,,5507034.25,,,,F,Free (free for publication),1,One,A,Normal value,6,Millions,USD,US dollar
DATAFLOW,OECD.SDD.NAD:DSD_NAMAIN10@DF_TABLE1_INCOME(2.0),Annual GDP and components - income approach,I,A,Annual,MKD,North Macedonia,S1,Total economy,S1,Total economy,B2A3G,"Operating surplus and mixed income, gross",_Z,Not applicable,_T,Total - all activities,_Z,Not applicable,XDC,National currency,V,Current prices,N,Non transformed data,T0103,Table 0103 - GDP identity from the income side,2008,,219104,,,,F,Free (free for publication),1,One,A,Normal value,6,Millions,MKD,Denar
DATAFLOW,OECD.SDD.NAD:DSD_NAMAIN10@DF_TABLE1_INCOME(2.0),Annual GDP and components - income approach,I,A,Annual,ROU,Romania,S1,Total economy,S1,Total economy,B2A3G,"Operating surplus and mixed income, gross",_Z,Not applicable,_T,Total - all activities,_Z,Not applicable,XDC,National currency,V,Current prices,N,Non transformed data,T0103,Table 0103 - GDP identity from the income side,2008,,290055.4,,,,F,Free (free for publication),1,One,A,Normal value,6,Millions,RON,Romanian leu
DATAFLOW,OECD.SDD.NAD:DSD_NAMAIN10@DF_TABLE1_INCOME(2.0),Annual GDP and components - income approach,I,A,Annual,SRB,Serbia,S1,Total economy,S1,Total economy,B2A3G,"Operating surplus and mixed income, gross",_Z,Not applicable,_T,Total - all activities,_Z,Not applicable,XDC,National currency,V,Current prices,N,Non transformed data,T0103,Table 0103 - GDP identity from the income side,2008,,1239209.906,,,,F,Free (free for publication),1,One,A,Normal value,6,Millions,RSD,Serbian dinar
DATAFLOW,OECD.SDD.NAD:DSD_NAMAIN10@DF_TABLE1_INCOME(2.0),Annual GDP and components - income approach,I,A,Annual,SGP,Singapore,S1,Total economy,S1,Total economy,B2A3G,"Operating surplus and mixed income, gross",_Z,Not applicable,_T,Total - all activities,_Z,Not applicable,XDC,National currency,V,Current prices,N,Non transformed data,T0103,Table 0103 - GDP identity from the income side,2008,,142287.7,,,,F,Free (free for publication),1,One,A,Normal value,6,Millions,SGD,Singapore dollar
DATAFLOW,OECD.SDD.NAD:DSD_NAMAIN10@DF_TABLE1_INCOME(2.0),Annual GDP and components - income approach,I,A,Annual,MEX,Mexico,S1,Total economy,S1,Total economy,B2A3G,"Operating surplus and mixed income, gross",_Z,Not applicable,_T,Total - all activities,_Z,Not applicable,XDC,National currency,V,Current prices,N,Non transformed data,T0103,Table 0103 - GDP identity from the income side,2009,,8752590.098,,,,F,Free (free for publication),1,One,A,Normal value,6,Millions,MXN,Mexican peso
DATAFLOW,OECD.SDD.NAD:DSD_NAMAIN10@DF_TABLE1_INCOME(2.0),Annual GDP and components - income approach,I,A,Annual,POL,Poland,S1,Total economy,S1,Total economy,B2A3G,"Operating surplus and mixed income, gross",_Z,Not applicable,_T,Total - all activities,_Z,Not applicable,XDC,National currency,V,Current prices,N,Non transformed data,T0103,Table 0103 - GDP identity from the income side,2009,,701923,,,,F,Free (free for publication),1,One,A,Normal value,6,Millions,PLN,Zloty
DATAFLOW,OECD.SDD.NAD:DSD_NAMAIN10@DF_TABLE1_INCOME(2.0),Annual GDP and components - income approach,I,A,Annual,TUR,Türkiye,S1,Total economy,S1,Total economy,B2A3G,"Operating surplus and mixed income, gross",_Z,Not applicable,_T,Total - all activities,_Z,Not applicable,XDC,National currency,V,Current prices,N,Non transformed data,T0103,Table 0103 - GDP identity from the income side,2009,,628253.023,,,,F,Free (free for publication),1,One,A,Normal value,6,Millions,TRY,Turkish lira
DATAFLOW,OECD.SDD.NAD:DSD_NAMAIN10@DF_TABLE1_INCOME(2.0),Annual GDP and components - income approach,I,A,Annual,USA,United States,S1,Total economy,S1,Total economy,B2A3G,"Operating surplus and mixed income, gross",_Z,Not applicable,_T,Total - all activities,_Z,Not applicable,XDC,National currency,V,Current prices,N,Non transformed data,T0103,Table 0103 - GDP identity from the income side,2009,,5540365.63,,,,F,Free (free for publication),1,One,A,Normal value,6,Millions,USD,US dollar
DATAFLOW,OECD.SDD.NAD:DSD_NAMAIN10@DF_TABLE1_INCOME(2.0),Annual GDP and components - income approach,I,A,Annual,MKD,North Macedonia,S1,Total economy,S1,Total economy,B2A3G,"Operating surplus and mixed income, gross",_Z,Not applicable,_T,Total - all activities,_Z,Not applicable,XDC,National currency,V,Current prices,N,Non transformed data,T0103,Table 0103 - GDP identity from the income side,2009,,211447,,,,F,Free (free for publication),1,One,A,Normal value,6,Millions,MKD,Denar
DATAFLOW,OECD.SDD.NAD:DSD_NAMAIN10@DF_TABLE1_INCOME(2.0),Annual GDP and components - income approach,I,A,Annual,ROU,Romania,S1,Total economy,S1,Total economy,B2A3G,"Operating surplus and mixed income, gross",_Z,Not applicable,_T,Total - all activities,_Z,Not applicable,XDC,National currency,V,Current prices,N,Non transformed data,T0103,Table 0103 - GDP identity from the income side,2009,,302499.3,,,,F,Free (free for publication),1,One,A,Normal value,6,Millions,RON,Romanian leu
DATAFLOW,OECD.SDD.NAD:DSD_NAMAIN10@DF_TABLE1_INCOME(2.0),Annual GDP and components - income approach,I,A,Annual,SRB,Serbia,S1,Total economy,S1,Total economy,B2A3G,"Operating surplus and mixed income, gross",_Z,Not applicable,_T,Total - all activities,_Z,Not applicable,XDC,National currency,V,Current prices,N,Non transformed data,T0103,Table 0103 - GDP identity from the income side,2009,,1305685.516,,,,F,Free (free for publication),1,One,A,Normal value,6,Millions,RSD,Serbian dinar
DATAFLOW,OECD.SDD.NAD:DSD_NAMAIN10@DF_TABLE1_INCOME(2.0),Annual GDP and components - income approach,I,A,Annual,SGP,Singapore,S1,Total economy,S1,Total economy,B2A3G,"Operating surplus and mixed income, gross",_Z,Not applicable,_T,Total - all activities,_Z,Not applicable,XDC,National currency,V,Current prices,N,Non transformed data,T0103,Table 0103 - GDP identity from the income side,2009,,149755.6,,,,F,Free (free for publication),1,One,A,Normal value,6,Millions,SGD,Singapore dollar
DATAFLOW,OECD.SDD.NAD:DSD_NAMAIN10@DF_TABLE1_INCOME(2.0),Annual GDP and components - income approach,I,A,Annual,MEX,Mexico,S1,Total economy,S1,Total economy,B2A3G,"Operating surplus and mixed income, gross",_Z,Not applicable,_T,Total - all activities,_Z,Not applicable,XDC,National currency,V,Current prices,N,Non transformed data,T0103,Table 0103 - GDP identity from the income side,2010,,9725264.233,,,,F,Free (free for publication),1,One,A,Normal value,6,Millions,MXN,Mexican peso
DATAFLOW,OECD.SDD.NAD:DSD_NAMAIN10@DF_TABLE1_INCOME(2.0),Annual GDP and components - income approach,I,A,Annual,POL,Poland,S1,Total economy,S1,Total economy,B2A3G,"Operating surplus and mixed income, gross",_Z,Not applicable,_T,Total - all activities,_Z,Not applicable,XDC,National currency,V,Current prices,N,Non transformed data,T0103,Table 0103 - GDP identity from the income side,2010,,712929,,,,F,Free (free for publication),1,One,A,Normal value,6,Millions,PLN,Zloty
DATAFLOW,OECD.SDD.NAD:DSD_NAMAIN10@DF_TABLE1_INCOME(2.0),Annual GDP and components - income approach,I,A,Annual,TUR,Türkiye,S1,Total economy,S1,Total economy,B2A3G,"Operating surplus and mixed income, gross",_Z,Not applicable,_T,Total - all activities,_Z,Not applicable,XDC,National currency,V,Current prices,N,Non transformed data,T0103,Table 0103 - GDP identity from the income side,2010,,709459.982,,,,F,Free (free for publication),1,One,A,Normal value,6,Millions,TRY,Turkish lira
DATAFLOW,OECD.SDD.NAD:DSD_NAMAIN10@DF_TABLE1_INCOME(2.0),Annual GDP and components - income approach,I,A,Annual,USA,United States,S1,Total economy,S1,Total economy,B2A3G,"Operating surplus and mixed income, gross",_Z,Not applicable,_T,Total - all activities,_Z,Not applicable,XDC,National currency,V,Current prices,N,Non transformed data,T0103,Table 0103 - GDP identity from the income side,2010,,6026204.19,,,,F,Free (free for publication),1,One,A,Normal value,6,Millions,USD,US dollar
DATAFLOW,OECD.SDD.NAD:DSD_NAMAIN10@DF_TABLE1_INCOME(2.0),Annual GDP and components - income approach,I,A,Annual,MKD,North Macedonia,S1,Total economy,S1,Total economy,B2A3G,"Operating surplus and mixed income, gross",_Z,Not applicable,_T,Total - all activities,_Z,Not applicable,XDC,National currency,V,Current prices,N,Non transformed data,T0103,Table 0103 - GDP identity from the income side,2010,,222208,,,,F,Free (free for publication),1,One,A,Normal value,6,Millions,MKD,Denar
DATAFLOW,OECD.SDD.NAD:DSD_NAMAIN10@DF_TABLE1_INCOME(2.0),Annual GDP and components - income approach,I,A,Annual,ROU,Romania,S1,Total economy,S1,Total economy,B2A3G,"Operating surplus and mixed income, gross",_Z,Not applicable,_T,Total - all activities,_Z,Not applicable,XDC,National currency,V,Current prices,N,Non transformed data,T0103,Table 0103 - GDP identity from the income side,2010,,304505,,,,F,Free (free for publication),1,One,A,Normal value,6,Millions,RON,Romanian leu
DATAFLOW,OECD.SDD.NAD:DSD_NAMAIN10@DF_TABLE1_INCOME(2.0),Annual GDP and components - income approach,I,A,Annual,SRB,Serbia,S1,Total economy,S1,Total economy,B2A3G,"Operating surplus and mixed income, gross",_Z,Not applicable,_T,Total - all activities,_Z,Not applicable,XDC,National currency,V,Current prices,N,Non transformed data,T0103,Table 0103 - GDP identity from the income side,2010,,1423035.548,,,,F,Free (free for publication),1,One,A,Normal value,6,Millions,RSD,Serbian dinar
DATAFLOW,OECD.SDD.NAD:DSD_NAMAIN10@DF_TABLE1_INCOME(2.0),Annual GDP and components - income approach,I,A,Annual,SGP,Singapore,S1,Total economy,S1,Total economy,B2A3G,"Operating surplus and mixed income, gross",_Z,Not applicable,_T,Total - all activities,_Z,Not applicable,XDC,National currency,V,Current prices,N,Non transformed data,T0103,Table 0103 - GDP identity from the income side,2010,,178286.2,,,,F,Free (free for publication),1,One,A,Normal value,6,Millions,SGD,Singapore dollar
DATAFLOW,OECD.SDD.NAD:DSD_NAMAIN10@DF_TABLE1_INCOME(2.0),Annual GDP and components - income approach,I,A,Annual,ZMB,Zambia,S1,Total economy,S1,Total economy,B2A3G,"Operating surplus and mixed income, gross",_Z,Not applicable,_T,Total - all activities,_Z,Not applicable,XDC,National currency,V,Current prices,N,Non transformed data,T0103,Table 0103 - GDP identity from the income side,2010,,61841.8,,,,F,Free (free for publication),1,One,A,Normal value,6,Millions,ZMW,Kwacha
DATAFLOW,OECD.SDD.NAD:DSD_NAMAIN10@DF_TABLE1_INCOME(2.0),Annual GDP and components - income approach,I,A,Annual,MEX,Mexico,S1,Total economy,S1,Total economy,B2A3G,"Operating surplus and mixed income, gross",_Z,Not applicable,_T,Total - all activities,_Z,Not applicable,XDC,National currency,V,Current prices,N,Non transformed data,T0103,Table 0103 - GDP identity from the income side,2011,,10791952.56,,,,F,Free (free for publication),1,One,A,Normal value,6,Millions,MXN,Mexican peso
DATAFLOW,OECD.SDD.NAD:DSD_NAMAIN10@DF_TABLE1_INCOME(2.0),Annual GDP and components - income approach,I,A,Annual,POL,Poland,S1,Total economy,S1,Total economy,B2A3G,"Operating surplus and mixed income, gross",_Z,Not applicable,_T,Total - all activities,_Z,Not applicable,XDC,National currency,V,Current prices,N,Non transformed data,T0103,Table 0103 - GDP identity from the income side,2011,,785220,,,,F,Free (free for publication),1,One,A,Normal value,6,Millions,PLN,Zloty
DATAFLOW,OECD.SDD.NAD:DSD_NAMAIN10@DF_TABLE1_INCOME(2.0),Annual GDP and components - income approach,I,A,Annual,TUR,Türkiye,S1,Total economy,S1,Total economy,B2A3G,"Operating surplus and mixed income, gross",_Z,Not applicable,_T,Total - all activities,_Z,Not applicable,XDC,National currency,V,Current prices,N,Non transformed data,T0103,Table 0103 - GDP identity from the income side,2011,,861666.208,,,,F,Free (free for publication),1,One,A,Normal value,6,Millions,TRY,Turkish lira
DATAFLOW,OECD.SDD.NAD:DSD_NAMAIN10@DF_TABLE1_INCOME(2.0),Annual GDP and components - income approach,I,A,Annual,USA,United States,S1,Total economy,S1,Total economy,B2A3G,"Operating surplus and mixed income, gross",_Z,Not applicable,_T,Total - all activities,_Z,Not applicable,XDC,National currency,V,Current prices,N,Non transformed data,T0103,Table 0103 - GDP identity from the income side,2011,,6334318.46,,,,F,Free (free for publication),1,One,A,Normal value,6,Millions,USD,US dollar
DATAFLOW,OECD.SDD.NAD:DSD_NAMAIN10@DF_TABLE1_INCOME(2.0),Annual GDP and components - income approach,I,A,Annual,MKD,North Macedonia,S1,Total economy,S1,Total economy,B2A3G,"Operating surplus and mixed income, gross",_Z,Not applicable,_T,Total - all activities,_Z,Not applicable,XDC,National currency,V,Current prices,N,Non transformed data,T0103,Table 0103 - GDP identity from the income side,2011,,238310,,,,F,Free (free for publication),1,One,A,Normal value,6,Millions,MKD,Denar
DATAFLOW,OECD.SDD.NAD:DSD_NAMAIN10@DF_TABLE1_INCOME(2.0),Annual GDP and components - income approach,I,A,Annual,ROU,Romania,S1,Total economy,S1,Total economy,B2A3G,"Operating surplus and mixed income, gross",_Z,Not applicable,_T,Total - all activities,_Z,Not applicable,XDC,National currency,V,Current prices,N,Non transformed data,T0103,Table 0103 - GDP identity from the income side,2011,,337147.9,,,,F,Free (free for publication),1,One,A,Normal value,6,Millions,RON,Romanian leu
DATAFLOW,OECD.SDD.NAD:DSD_NAMAIN10@DF_TABLE1_INCOME(2.0),Annual GDP and components - income approach,I,A,Annual,RUS,Russia,S1,Total economy,S1,Total economy,B2A3G,"Operating surplus and mixed income, gross",_Z,Not applicable,_T,Total - all activities,_Z,Not applicable,XDC,National currency,V,Current prices,N,Non transformed data,T0103,Table 0103 - GDP identity from the income side,2011,,24984268.58,,,,F,Free (free for publication),1,One,A,Normal value,6,Millions,RUB,Russian ruble
DATAFLOW,OECD.SDD.NAD:DSD_NAMAIN10@DF_TABLE1_INCOME(2.0),Annual GDP and components - income approach,I,A,Annual,SRB,Serbia,S1,Total economy,S1,Total economy,B2A3G,"Operating surplus and mixed income, gross",_Z,Not applicable,_T,Total - all activities,_Z,Not applicable,XDC,National currency,V,Current prices,N,Non transformed data,T0103,Table 0103 - GDP identity from the income side,2011,,1685052.125,,,,F,Free (free for publication),1,One,A,Normal value,6,Millions,RSD,Serbian dinar
DATAFLOW,OECD.SDD.NAD:DSD_NAMAIN10@DF_TABLE1_INCOME(2.0),Annual GDP and components - income approach,I,A,Annual,SGP,Singapore,S1,Total economy,S1,Total economy,B2A3G,"Operating surplus and mixed income, gross",_Z,Not applicable,_T,Total - all activities,_Z,Not applicable,XDC,National currency,V,Current prices,N,Non transformed data,T0103,Table 0103 - GDP identity from the income side,2011,,188560.1,,,,F,Free (free for publication),1,One,A,Normal value,6,Millions,SGD,Singapore dollar
DATAFLOW,OECD.SDD.NAD:DSD_NAMAIN10@DF_TABLE1_INCOME(2.0),Annual GDP and components - income approach,I,A,Annual,ZMB,Zambia,S1,Total economy,S1,Total economy,B2A3G,"Operating surplus and mixed income, gross",_Z,Not applicable,_T,Total - all activities,_Z,Not applicable,XDC,National currency,V,Current prices,N,Non transformed data,T0103,Table 0103 - GDP identity from the income side,2011,,74659.1,,,,F,Free (free for publication),1,One,A,Normal value,6,Millions,ZMW,Kwacha
DATAFLOW,OECD.SDD.NAD:DSD_NAMAIN10@DF_TABLE1_INCOME(2.0),Annual GDP and components - income approach,I,A,Annual,MEX,Mexico,S1,Total economy,S1,Total economy,B2A3G,"Operating surplus and mixed income, gross",_Z,Not applicable,_T,Total - all activities,_Z,Not applicable,XDC,National currency,V,Current prices,N,Non transformed data,T0103,Table 0103 - GDP identity from the income side,2012,,11759586.034,,,,F,Free (free for publication),1,One,A,Normal value,6,Millions,MXN,Mexican peso
DATAFLOW,OECD.SDD.NAD:DSD_NAMAIN10@DF_TABLE1_INCOME(2.0),Annual GDP and components - income approach,I,A,Annual,POL,Poland,S1,Total economy,S1,Total economy,B2A3G,"Operating surplus and mixed income, gross",_Z,Not applicable,_T,Total - all activities,_Z,Not applicable,XDC,National currency,V,Current prices,N,Non transformed data,T0103,Table 0103 - GDP identity from the income side,2012,,822154,,,,F,Free (free for publication),1,One,A,Normal value,6,Millions,PLN,Zloty
DATAFLOW,OECD.SDD.NAD:DSD_NAMAIN10@DF_TABLE1_INCOME(2.0),Annual GDP and components - income approach,I,A,Annual,USA,United States,S1,Total economy,S1,Total economy,B2A3G,"Operating surplus and mixed income, gross",_Z,Not applicable,_T,Total - all activities,_Z,Not applicable,XDC,National currency,V,Current prices,N,Non transformed data,T0103,Table 0103 - GDP identity from the income side,2012,,6789388.24,,,,F,Free (free for publication),1,One,A,Normal value,6,Millions,USD,US dollar
DATAFLOW,OECD.SDD.NAD:DSD_NAMAIN10@DF_TABLE1_INCOME(2.0),Annual GDP and components - income approach,I,A,Annual,MKD,North Macedonia,S1,Total economy,S1,Total economy,B2A3G,"Operating surplus and mixed income, gross",_Z,Not applicable,_T,Total - all activities,_Z,Not applicable,XDC,National currency,V,Current prices,N,Non transformed data,T0103,Table 0103 - GDP identity from the income side,2012,,242584,,,,F,Free (free for publication),1,One,A,Normal value,6,Millions,MKD,Denar
DATAFLOW,OECD.SDD.NAD:DSD_NAMAIN10@DF_TABLE1_INCOME(2.0),Annual GDP and components - income approach,I,A,Annual,ROU,Romania,S1,Total economy,S1,Total economy,B2A3G,"Operating surplus and mixed income, gross",_Z,Not applicable,_T,Total - all activities,_Z,Not applicable,XDC,National currency,V,Current prices,N,Non transformed data,T0103,Table 0103 - GDP identity from the income side,2012,,357938.4,,,,F,Free (free for publication),1,One,A,Normal value,6,Millions,RON,Romanian leu
DATAFLOW,OECD.SDD.NAD:DSD_NAMAIN10@DF_TABLE1_INCOME(2.0),Annual GDP and components - income approach,I,A,Annual,RUS,Russia,S1,Total economy,S1,Total economy,B2A3G,"Operating surplus and mixed income, gross",_Z,Not applicable,_T,Total - all activities,_Z,Not applicable,XDC,National currency,V,Current prices,N,Non transformed data,T0103,Table 0103 - GDP identity from the income side,2012,,28086301.2,,,,F,Free (free for publication),1,One,A,Normal value,6,Millions,RUB,Russian ruble
DATAFLOW,OECD.SDD.NAD:DSD_NAMAIN10@DF_TABLE1_INCOME(2.0),Annual GDP and components - income approach,I,A,Annual,SRB,Serbia,S1,Total economy,S1,Total economy,B2A3G,"Operating surplus and mixed income, gross",_Z,Not applicable,_T,Total - all activities,_Z,Not applicable,XDC,National currency,V,Current prices,N,Non transformed data,T0103,Table 0103 - GDP identity from the income side,2012,,1753757.303,,,,F,Free (free for publication),1,One,A,Normal value,6,Millions,RSD,Serbian dinar
DATAFLOW,OECD.SDD.NAD:DSD_NAMAIN10@DF_TABLE1_INCOME(2.0),Annual GDP and components - income approach,I,A,Annual,SGP,Singapore,S1,Total economy,S1,Total economy,B2A3G,"Operating surplus and mixed income, gross",_Z,Not applicable,_T,Total - all activities,_Z,Not applicable,XDC,National currency,V,Current prices,N,Non transformed data,T0103,Table 0103 - GDP identity from the income side,2012,,196270.3,,,,F,Free (free for publication),1,One,A,Normal value,6,Millions,SGD,Singapore dollar
DATAFLOW,OECD.SDD.NAD:DSD_NAMAIN10@DF_TABLE1_INCOME(2.0),Annual GDP and components - income approach,I,A,Annual,ZMB,Zambia,S1,Total economy,S1,Total economy,B2A3G,"Operating surplus and mixed income, gross",_Z,Not applicable,_T,Total - all activities,_Z,Not applicable,XDC,National currency,V,Current prices,N,Non transformed data,T0103,Table 0103 - GDP identity from the income side,2012,,80588.5,,,,F,Free (free for publication),1,One,A,Normal value,6,Millions,ZMW,Kwacha
DATAFLOW,OECD.SDD.NAD:DSD_NAMAIN10@DF_TABLE1_INCOME(2.0),Annual GDP and components - income approach,I,A,Annual,MEX,Mexico,S1,Total economy,S1,Total economy,B2A3G,"Operating surplus and mixed income, gross",_Z,Not applicable,_T,Total - all activities,_Z,Not applicable,XDC,National currency,V,Current prices,N,Non transformed data,T0103,Table 0103 - GDP identity from the income side,2013,,11782762.2,,,,F,Free (free for publication),1,One,A,Normal value,6,Millions,MXN,Mexican peso
DATAFLOW,OECD.SDD.NAD:DSD_NAMAIN10@DF_TABLE1_INCOME(2.0),Annual GDP and components - income approach,I,A,Annual,POL,Poland,S1,Total economy,S1,Total economy,B2A3G,"Operating surplus and mixed income, gross",_Z,Not applicable,_T,Total - all activities,_Z,Not applicable,XDC,National currency,V,Current prices,N,Non transformed data,T0103,Table 0103 - GDP identity from the income side,2013,,829656,,,,F,Free (free for publication),1,One,A,Normal value,6,Millions,PLN,Zloty
DATAFLOW,OECD.SDD.NAD:DSD_NAMAIN10@DF_TABLE1_INCOME(2.0),Annual GDP and components - income approach,I,A,Annual,TUR,Türkiye,S1,Total economy,S1,Total economy,B2A3G,"Operating surplus and mixed income, gross",_Z,Not applicable,_T,Total - all activities,_Z,Not applicable,XDC,National currency,V,Current prices,N,Non transformed data,T0103,Table 0103 - GDP identity from the income side,2013,,1087472.169,,,,F,Free (free for publication),1,One,A,Normal value,6,Millions,TRY,Turkish lira
DATAFLOW,OECD.SDD.NAD:DSD_NAMAIN10@DF_TABLE1_INCOME(2.0),Annual GDP and components - income approach,I,A,Annual,USA,United States,S1,Total economy,S1,Total economy,B2A3G,"Operating surplus and mixed income, gross",_Z,Not applicable,_T,Total - all activities,_Z,Not applicable,XDC,National currency,V,Current prices,N,Non transformed data,T0103,Table 0103 - GDP identity from the income side,2013,,6985452.65,,,,F,Free (free for publication),1,One,A,Normal value,6,Millions,USD,US dollar
DATAFLOW,OECD.SDD.NAD:DSD_NAMAIN10@DF_TABLE1_INCOME(2.0),Annual GDP and components - income approach,I,A,Annual,MKD,North Macedonia,S1,Total economy,S1,Total economy,B2A3G,"Operating surplus and mixed income, gross",_Z,Not applicable,_T,Total - all activities,_Z,Not applicable,XDC,National currency,V,Current prices,N,Non transformed data,T0103,Table 0103 - GDP identity from the income side,2013,,280019,,,,F,Free (free for publication),1,One,A,Normal value,6,Millions,MKD,Denar
DATAFLOW,OECD.SDD.NAD:DSD_NAMAIN10@DF_TABLE1_INCOME(2.0),Annual GDP and components - income approach,I,A,Annual,ROU,Romania,S1,Total economy,S1,Total economy,B2A3G,"Operating surplus and mixed income, gross",_Z,Not applicable,_T,Total - all activities,_Z,Not applicable,XDC,National currency,V,Current prices,N,Non transformed data,T0103,Table 0103 - GDP identity from the income side,2013,,356930.3,,,,F,Free (free for publication),1,One,A,Normal value,6,Millions,RON,Romanian leu
DATAFLOW,OECD.SDD.NAD:DSD_NAMAIN10@DF_TABLE1_INCOME(2.0),Annual GDP and components - income approach,I,A,Annual,RUS,Russia,S1,Total economy,S1,Total economy,B2A3G,"Operating surplus and mixed income, gross",_Z,Not applicable,_T,Total - all activities,_Z,Not applicable,XDC,National currency,V,Current prices,N,Non transformed data,T0103,Table 0103 - GDP identity from the income side,2013,,29127029.7,,,,F,Free (free for publication),1,One,A,Normal value,6,Millions,RUB,Russian ruble
DATAFLOW,OECD.SDD.NAD:DSD_NAMAIN10@DF_TABLE1_INCOME(2.0),Annual GDP and components - income approach,I,A,Annual,SRB,Serbia,S1,Total economy,S1,Total economy,B2A3G,"Operating surplus and mixed income, gross",_Z,Not applicable,_T,Total - all activities,_Z,Not applicable,XDC,National currency,V,Current prices,N,Non transformed data,T0103,Table 0103 - GDP identity from the income side,2013,,1892155.253,,,,F,Free (free for publication),1,One,A,Normal value,6,Millions,RSD,Serbian dinar
DATAFLOW,OECD.SDD.NAD:DSD_NAMAIN10@DF_TABLE1_INCOME(2.0),Annual GDP and components - income approach,I,A,Annual,SGP,Singapore,S1,Total economy,S1,Total economy,B2A3G,"Operating surplus and mixed income, gross",_Z,Not applicable,_T,Total - all activities,_Z,Not applicable,XDC,National currency,V,Current prices,N,Non transformed data,T0103,Table 0103 - GDP identity from the income side,2013,,199586.5,,,,F,Free (free for publication),1,One,A,Normal value,6,Millions,SGD,Singapore dollar
DATAFLOW,OECD.SDD.NAD:DSD_NAMAIN10@DF_TABLE1_INCOME(2.0),Annual GDP and components - income approach,I,A,Annual,ZMB,Zambia,S1,Total economy,S1,Total economy,B2A3G,"Operating surplus and mixed income, gross",_Z,Not applicable,_T,Total - all activities,_Z,Not applicable,XDC,National currency,V,Current prices,N,Non transformed data,T0103,Table 0103 - GDP identity from the income side,2013,,97724.9,,,,F,Free (free for publication),1,One,A,Normal value,6,Millions,ZMW,Kwacha
DATAFLOW,OECD.SDD.NAD:DSD_NAMAIN10@DF_TABLE1_INCOME(2.0),Annual GDP and components - income approach,I,A,Annual,MEX,Mexico,S1,Total economy,S1,Total economy,B2A3G,"Operating surplus and mixed income, gross",_Z,Not applicable,_T,Total - all activities,_Z,Not applicable,XDC,National currency,V,Current prices,N,Non transformed data,T0103,Table 0103 - GDP identity from the income side,2014,,12435552.507,,,,F,Free (free for publication),1,One,A,Normal value,6,Millions,MXN,Mexican peso
DATAFLOW,OECD.SDD.NAD:DSD_NAMAIN10@DF_TABLE1_INCOME(2.0),Annual GDP and components - income approach,I,A,Annual,POL,Poland,S1,Total economy,S1,Total economy,B2A3G,"Operating surplus and mixed income, gross",_Z,Not applicable,_T,Total - all activities,_Z,Not applicable,XDC,National currency,V,Current prices,N,Non transformed data,T0103,Table 0103 - GDP identity from the income side,2014,,865201,,,,F,Free (free for publication),1,One,A,Normal value,6,Millions,PLN,Zloty
DATAFLOW,OECD.SDD.NAD:DSD_NAMAIN10@DF_TABLE1_INCOME(2.0),Annual GDP and components - income approach,I,A,Annual,TUR,Türkiye,S1,Total economy,S1,Total economy,B2A3G,"Operating surplus and mixed income, gross",_Z,Not applicable,_T,Total - all activities,_Z,Not applicable,XDC,National currency,V,Current prices,N,Non transformed data,T0103,Table 0103 - GDP identity from the income side,2014,,1230938.591,,,,F,Free (free for publication),1,One,A,Normal value,6,Millions,TRY,Turkish lira
DATAFLOW,OECD.SDD.NAD:DSD_NAMAIN10@DF_TABLE1_INCOME(2.0),Annual GDP and components - income approach,I,A,Annual,USA,United States,S1,Total economy,S1,Total economy,B2A3G,"Operating surplus and mixed income, gross",_Z,Not applicable,_T,Total - all activities,_Z,Not applicable,XDC,National currency,V,Current prices,N,Non transformed data,T0103,Table 0103 - GDP identity from the income side,2014,,7365468.42,,,,F,Free (free for publication),1,One,A,Normal value,6,Millions,USD,US dollar
DATAFLOW,OECD.SDD.NAD:DSD_NAMAIN10@DF_TABLE1_INCOME(2.0),Annual GDP and components - income approach,I,A,Annual,MAR,Morocco,S1,Total economy,S1,Total economy,B2A3G,"Operating surplus and mixed income, gross",_Z,Not applicable,_T,Total - all activities,_Z,Not applicable,XDC,National currency,V,Current prices,N,Non transformed data,T0103,Table 0103 - GDP identity from the income side,2014,,552873,,,,F,Free (free for publication),1,One,A,Normal value,6,Millions,MAD,Moroccan dirham
DATAFLOW,OECD.SDD.NAD:DSD_NAMAIN10@DF_TABLE1_INCOME(2.0),Annual GDP and components - income approach,I,A,Annual,MKD,North Macedonia,S1,Total economy,S1,Total economy,B2A3G,"Operating surplus and mixed income, gross",_Z,Not applicable,_T,Total - all activities,_Z,Not applicable,XDC,National currency,V,Current prices,N,Non transformed data,T0103,Table 0103 - GDP identity from the income side,2014,,285859,,,,F,Free (free for publication),1,One,A,Normal value,6,Millions,MKD,Denar
DATAFLOW,OECD.SDD.NAD:DSD_NAMAIN10@DF_TABLE1_INCOME(2.0),Annual GDP and components - income approach,I,A,Annual,ROU,Romania,S1,Total economy,S1,Total economy,B2A3G,"Operating surplus and mixed income, gross",_Z,Not applicable,_T,Total - all activities,_Z,Not applicable,XDC,National currency,V,Current prices,N,Non transformed data,T0103,Table 0103 - GDP identity from the income side,2014,,373782.9,,,,F,Free (free for publication),1,One,A,Normal value,6,Millions,RON,Romanian leu
DATAFLOW,OECD.SDD.NAD:DSD_NAMAIN10@DF_TABLE1_INCOME(2.0),Annual GDP and components - income approach,I,A,Annual,RUS,Russia,S1,Total economy,S1,Total economy,B2A3G,"Operating surplus and mixed income, gross",_Z,Not applicable,_T,Total - all activities,_Z,Not applicable,XDC,National currency,V,Current prices,N,Non transformed data,T0103,Table 0103 - GDP identity from the income side,2014,,30592603.5,,,,F,Free (free for publication),1,One,A,Normal value,6,Millions,RUB,Russian ruble
DATAFLOW,OECD.SDD.NAD:DSD_NAMAIN10@DF_TABLE1_INCOME(2.0),Annual GDP and components - income approach,I,A,Annual,SEN,Senegal,S1,Total economy,S1,Total economy,B2A3G,"Operating surplus and mixed income, gross",_Z,Not applicable,_T,Total - all activities,_Z,Not applicable,XDC,National currency,V,Current prices,N,Non transformed data,T0103,Table 0103 - GDP identity from the income side,2014,,6505954,,,,F,Free (free for publication),1,One,A,Normal value,6,Millions,XOF,CFA Franc - BCEAO
DATAFLOW,OECD.SDD.NAD:DSD_NAMAIN10@DF_TABLE1_INCOME(2.0),Annual GDP and components - income approach,I,A,Annual,SRB,Serbia,S1,Total economy,S1,Total economy,B2A3G,"Operating surplus and mixed income, gross",_Z,Not applicable,_T,Total - all activities,_Z,Not applicable,XDC,National currency,V,Current prices,N,Non transformed data,T0103,Table 0103 - GDP identity from the income side,2014,,1838258.696,,,,F,Free (free for publication),1,One,A,Normal value,6,Millions,RSD,Serbian dinar
DATAFLOW,OECD.SDD.NAD:DSD_NAMAIN10@DF_TABLE1_INCOME(2.0),Annual GDP and components - income approach,I,A,Annual,SGP,Singapore,S1,Total economy,S1,Total economy,B2A3G,"Operating surplus and mixed income, gross",_Z,Not applicable,_T,Total - all activities,_Z,Not applicable,XDC,National currency,V,Current prices,N,Non transformed data,T0103,Table 0103 - GDP identity from the income side,2014,,201053.2,,,,F,Free (free for publication),1,One,A,Normal value,6,Millions,SGD,Singapore dollar
DATAFLOW,OECD.SDD.NAD:DSD_NAMAIN10@DF_TABLE1_INCOME(2.0),Annual GDP and components - income approach,I,A,Annual,ZMB,Zambia,S1,Total economy,S1,Total economy,B2A3G,"Operating surplus and mixed income, gross",_Z,Not applicable,_T,Total - all activities,_Z,Not applicable,XDC,National currency,V,Current prices,N,Non transformed data,T0103,Table 0103 - GDP identity from the income side,2014,,104060.5,,,,F,Free (free for publication),1,One,A,Normal value,6,Millions,ZMW,Kwacha
DATAFLOW,OECD.SDD.NAD:DSD_NAMAIN10@DF_TABLE1_INCOME(2.0),Annual GDP and components - income approach,I,A,Annual,MEX,Mexico,S1,Total economy,S1,Total economy,B2A3G,"Operating surplus and mixed income, gross",_Z,Not applicable,_T,Total - all activities,_Z,Not applicable,XDC,National currency,V,Current prices,N,Non transformed data,T0103,Table 0103 - GDP identity from the income side,2015,,13086152.048,,,,F,Free (free for publication),1,One,A,Normal value,6,Millions,MXN,Mexican peso
DATAFLOW,OECD.SDD.NAD:DSD_NAMAIN10@DF_TABLE1_INCOME(2.0),Annual GDP and components - income approach,I,A,Annual,TUR,Türkiye,S1,Total economy,S1,Total economy,B2A3G,"Operating surplus and mixed income, gross",_Z,Not applicable,_T,Total - all activities,_Z,Not applicable,XDC,National currency,V,Current prices,N,Non transformed data,T0103,Table 0103 - GDP identity from the income side,2015,,1394281.562,,,,F,Free (free for publication),1,One,A,Normal value,6,Millions,TRY,Turkish lira
DATAFLOW,OECD.SDD.NAD:DSD_NAMAIN10@DF_TABLE1_INCOME(2.0),Annual GDP and components - income approach,I,A,Annual,USA,United States,S1,Total economy,S1,Total economy,B2A3G,"Operating surplus and mixed income, gross",_Z,Not applicable,_T,Total - all activities,_Z,Not applicable,XDC,National currency,V,Current prices,N,Non transformed data,T0103,Table 0103 - GDP identity from the income side,2015,,7513029.84,,,,F,Free (free for publication),1,One,A,Normal value,6,Millions,USD,US dollar
DATAFLOW,OECD.SDD.NAD:DSD_NAMAIN10@DF_TABLE1_INCOME(2.0),Annual GDP and components - income approach,I,A,Annual,MAR,Morocco,S1,Total economy,S1,Total economy,B2A3G,"Operating surplus and mixed income, gross",_Z,Not applicable,_T,Total - all activities,_Z,Not applicable,XDC,National currency,V,Current prices,N,Non transformed data,T0103,Table 0103 - GDP identity from the income side,2015,,599725,,,,F,Free (free for publication),1,One,A,Normal value,6,Millions,MAD,Moroccan dirham
DATAFLOW,OECD.SDD.NAD:DSD_NAMAIN10@DF_TABLE1_INCOME(2.0),Annual GDP and components - income approach,I,A,Annual,MKD,North Macedonia,S1,Total economy,S1,Total economy,B2A3G,"Operating surplus and mixed income, gross",_Z,Not applicable,_T,Total - all activities,_Z,Not applicable,XDC,National currency,V,Current prices,N,Non transformed data,T0103,Table 0103 - GDP identity from the income side,2015,,307255,,,,F,Free (free for publication),1,One,A,Normal value,6,Millions,MKD,Denar
DATAFLOW,OECD.SDD.NAD:DSD_NAMAIN10@DF_TABLE1_INCOME(2.0),Annual GDP and components - income approach,I,A,Annual,ROU,Romania,S1,Total economy,S1,Total economy,B2A3G,"Operating surplus and mixed income, gross",_Z,Not applicable,_T,Total - all activities,_Z,Not applicable,XDC,National currency,V,Current prices,N,Non transformed data,T0103,Table 0103 - GDP identity from the income side,2015,,398131.2,,,,F,Free (free for publication),1,One,A,Normal value,6,Millions,RON,Romanian leu
DATAFLOW,OECD.SDD.NAD:DSD_NAMAIN10@DF_TABLE1_INCOME(2.0),Annual GDP and components - income approach,I,A,Annual,RUS,Russia,S1,Total economy,S1,Total economy,B2A3G,"Operating surplus and mixed income, gross",_Z,Not applicable,_T,Total - all activities,_Z,Not applicable,XDC,National currency,V,Current prices,N,Non transformed data,T0103,Table 0103 - GDP identity from the income side,2015,,34074663.5,,,,F,Free (free for publication),1,One,A,Normal value,6,Millions,RUB,Russian ruble
DATAFLOW,OECD.SDD.NAD:DSD_NAMAIN10@DF_TABLE1_INCOME(2.0),Annual GDP and components - income approach,I,A,Annual,SEN,Senegal,S1,Total economy,S1,Total economy,B2A3G,"Operating surplus and mixed income, gross",_Z,Not applicable,_T,Total - all activities,_Z,Not applicable,XDC,National currency,V,Current prices,N,Non transformed data,T0103,Table 0103 - GDP identity from the income side,2015,,6949592,,,,F,Free (free for publication),1,One,A,Normal value,6,Millions,XOF,CFA Franc - BCEAO
DATAFLOW,OECD.SDD.NAD:DSD_NAMAIN10@DF_TABLE1_INCOME(2.0),Annual GDP and components - income approach,I,A,Annual,SRB,Serbia,S1,Total economy,S1,Total economy,B2A3G,"Operating surplus and mixed income, gross",_Z,Not applicable,_T,Total - all activities,_Z,Not applicable,XDC,National currency,V,Current prices,N,Non transformed data,T0103,Table 0103 - GDP identity from the income side,2015,,1899515.137,,,,F,Free (free for publication),1,One,A,Normal value,6,Millions,RSD,Serbian dinar
DATAFLOW,OECD.SDD.NAD:DSD_NAMAIN10@DF_TABLE1_INCOME(2.0),Annual GDP and components - income approach,I,A,Annual,SGP,Singapore,S1,Total economy,S1,Total economy,B2A3G,"Operating surplus and mixed income, gross",_Z,Not applicable,_T,Total - all activities,_Z,Not applicable,XDC,National currency,V,Current prices,N,Non transformed data,T0103,Table 0103 - GDP identity from the income side,2015,,214469,,,,F,Free (free for publication),1,One,A,Normal value,6,Millions,SGD,Singapore dollar
DATAFLOW,OECD.SDD.NAD:DSD_NAMAIN10@DF_TABLE1_INCOME(2.0),Annual GDP and components - income approach,I,A,Annual,ZMB,Zambia,S1,Total economy,S1,Total economy,B2A3G,"Operating surplus and mixed income, gross",_Z,Not applicable,_T,Total - all activities,_Z,Not applicable,XDC,National currency,V,Current prices,N,Non transformed data,T0103,Table 0103 - GDP identity from the income side,2015,,119308.1,,,,F,Free (free for publication),1,One,A,Normal value,6,Millions,ZMW,Kwacha
DATAFLOW,OECD.SDD.NAD:DSD_NAMAIN10@DF_TABLE1_INCOME(2.0),Annual GDP and components - income approach,I,A,Annual,MEX,Mexico,S1,Total economy,S1,Total economy,B2A3G,"Operating surplus and mixed income, gross",_Z,Not applicable,_T,Total - all activities,_Z,Not applicable,XDC,National currency,V,Current prices,N,Non transformed data,T0103,Table 0103 - GDP identity from the income side,2016,,14174467.364,,,,F,Free (free for publication),1,One,A,Normal value,6,Millions,MXN,Mexican peso
DATAFLOW,OECD.SDD.NAD:DSD_NAMAIN10@DF_TABLE1_INCOME(2.0),Annual GDP and components - income approach,I,A,Annual,POL,Poland,S1,Total economy,S1,Total economy,B2A3G,"Operating surplus and mixed income, gross",_Z,Not applicable,_T,Total - all activities,_Z,Not applicable,XDC,National currency,V,Current prices,N,Non transformed data,T0103,Table 0103 - GDP identity from the income side,2016,,927425,,,,F,Free (free for publication),1,One,A,Normal value,6,Millions,PLN,Zloty
DATAFLOW,OECD.SDD.NAD:DSD_NAMAIN10@DF_TABLE1_INCOME(2.0),Annual GDP and components - income approach,I,A,Annual,TUR,Türkiye,S1,Total economy,S1,Total economy,B2A3G,"Operating surplus and mixed income, gross",_Z,Not applicable,_T,Total - all activities,_Z,Not applicable,XDC,National currency,V,Current prices,N,Non transformed data,T0103,Table 0103 - GDP identity from the income side,2016,,1492615.107,,,,F,Free (free for publication),1,One,A,Normal value,6,Millions,TRY,Turkish lira
DATAFLOW,OECD.SDD.NAD:DSD_NAMAIN10@DF_TABLE1_INCOME(2.0),Annual GDP and components - income approach,I,A,Annual,USA,United States,S1,Total economy,S1,Total economy,B2A3G,"Operating surplus and mixed income, gross",_Z,Not applicable,_T,Total - all activities,_Z,Not applicable,XDC,National currency,V,Current prices,N,Non transformed data,T0103,Table 0103 - GDP identity from the income side,2016,,7561551.09,,,,F,Free (free for publication),1,One,A,Normal value,6,Millions,USD,US dollar
DATAFLOW,OECD.SDD.NAD:DSD_NAMAIN10@DF_TABLE1_INCOME(2.0),Annual GDP and components - income approach,I,A,Annual,MAR,Morocco,S1,Total economy,S1,Total economy,B2A3G,"Operating surplus and mixed income, gross",_Z,Not applicable,_T,Total - all activities,_Z,Not applicable,XDC,National currency,V,Current prices,N,Non transformed data,T0103,Table 0103 - GDP identity from the income side,2016,,601131,,,,F,Free (free for publication),1,One,A,Normal value,6,Millions,MAD,Moroccan dirham
DATAFLOW,OECD.SDD.NAD:DSD_NAMAIN10@DF_TABLE1_INCOME(2.0),Annual GDP and components - income approach,I,A,Annual,MKD,North Macedonia,S1,Total economy,S1,Total economy,B2A3G,"Operating surplus and mixed income, gross",_Z,Not applicable,_T,Total - all activities,_Z,Not applicable,XDC,National currency,V,Current prices,N,Non transformed data,T0103,Table 0103 - GDP identity from the income side,2016,,316876.92,,,,F,Free (free for publication),1,One,A,Normal value,6,Millions,MKD,Denar
DATAFLOW,OECD.SDD.NAD:DSD_NAMAIN10@DF_TABLE1_INCOME(2.0),Annual GDP and components - income approach,I,A,Annual,ROU,Romania,S1,Total economy,S1,Total economy,B2A3G,"Operating surplus and mixed income, gross",_Z,Not applicable,_T,Total - all activities,_Z,Not applicable,XDC,National currency,V,Current prices,N,Non transformed data,T0103,Table 0103 - GDP identity from the income side,2016,,405233.3,,,,F,Free (free for publication),1,One,A,Normal value,6,Millions,RON,Romanian leu
DATAFLOW,OECD.SDD.NAD:DSD_NAMAIN10@DF_TABLE1_INCOME(2.0),Annual GDP and components - income approach,I,A,Annual,RUS,Russia,S1,Total economy,S1,Total economy,B2A3G,"Operating surplus and mixed income, gross",_Z,Not applicable,_T,Total - all activities,_Z,Not applicable,XDC,National currency,V,Current prices,N,Non transformed data,T0103,Table 0103 - GDP identity from the income side,2016,,34973590.8,,,,F,Free (free for publication),1,One,A,Normal value,6,Millions,RUB,Russian ruble
DATAFLOW,OECD.SDD.NAD:DSD_NAMAIN10@DF_TABLE1_INCOME(2.0),Annual GDP and components - income approach,I,A,Annual,SEN,Senegal,S1,Total economy,S1,Total economy,B2A3G,"Operating surplus and mixed income, gross",_Z,Not applicable,_T,Total - all activities,_Z,Not applicable,XDC,National currency,V,Current prices,N,Non transformed data,T0103,Table 0103 - GDP identity from the income side,2016,,7541100,,,,F,Free (free for publication),1,One,A,Normal value,6,Millions,XOF,CFA Franc - BCEAO
DATAFLOW,OECD.SDD.NAD:DSD_NAMAIN10@DF_TABLE1_INCOME(2.0),Annual GDP and components - income approach,I,A,Annual,SRB,Serbia,S1,Total economy,S1,Total economy,B2A3G,"Operating surplus and mixed income, gross",_Z,Not applicable,_T,Total - all activities,_Z,Not applicable,XDC,National currency,V,Current prices,N,Non transformed data,T0103,Table 0103 - GDP identity from the income side,2016,,2003119.951,,,,F,Free (free for publication),1,One,A,Normal value,6,Millions,RSD,Serbian dinar
DATAFLOW,OECD.SDD.NAD:DSD_NAMAIN10@DF_TABLE1_INCOME(2.0),Annual GDP and components - income approach,I,A,Annual,ZMB,Zambia,S1,Total economy,S1,Total economy,B2A3G,"Operating surplus and mixed income, gross",_Z,Not applicable,_T,Total - all activities,_Z,Not applicable,XDC,National currency,V,Current prices,N,Non transformed data,T0103,Table 0103 - GDP identity from the income side,2016,,144516.47,,,,F,Free (free for publication),1,One,A,Normal value,6,Millions,ZMW,Kwacha
DATAFLOW,OECD.SDD.NAD:DSD_NAMAIN10@DF_TABLE1_INCOME(2.0),Annual GDP and components - income approach,I,A,Annual,MEX,Mexico,S1,Total economy,S1,Total economy,B2A3G,"Operating surplus and mixed income, gross",_Z,Not applicable,_T,Total - all activities,_Z,Not applicable,XDC,National currency,V,Current prices,N,Non transformed data,T0103,Table 0103 - GDP identity from the income side,2017,,15650945.073,,,,F,Free (free for publication),1,One,A,Normal value,6,Millions,MXN,Mexican peso
DATAFLOW,OECD.SDD.NAD:DSD_NAMAIN10@DF_TABLE1_INCOME(2.0),Annual GDP and components - income approach,I,A,Annual,POL,Poland,S1,Total economy,S1,Total economy,B2A3G,"Operating surplus and mixed income, gross",_Z,Not applicable,_T,Total - all activities,_Z,Not applicable,XDC,National currency,V,Current prices,N,Non transformed data,T0103,Table 0103 - GDP identity from the income side,2017,,972158,,,,F,Free (free for publication),1,One,A,Normal value,6,Millions,PLN,Zloty
DATAFLOW,OECD.SDD.NAD:DSD_NAMAIN10@DF_TABLE1_INCOME(2.0),Annual GDP and components - income approach,I,A,Annual,TUR,Türkiye,S1,Total economy,S1,Total economy,B2A3G,"Operating surplus and mixed income, gross",_Z,Not applicable,_T,Total - all activities,_Z,Not applicable,XDC,National currency,V,Current prices,N,Non transformed data,T0103,Table 0103 - GDP identity from the income side,2017,,1858354.13,,,,F,Free (free for publication),1,One,A,Normal value,6,Millions,TRY,Turkish lira
DATAFLOW,OECD.SDD.NAD:DSD_NAMAIN10@DF_TABLE1_INCOME(2.0),Annual GDP and components - income approach,I,A,Annual,USA,United States,S1,Total economy,S1,Total economy,B2A3G,"Operating surplus and mixed income, gross",_Z,Not applicable,_T,Total - all activities,_Z,Not applicable,XDC,National currency,V,Current prices,N,Non transformed data,T0103,Table 0103 - GDP identity from the income side,2017,,7850050.3,,,,F,Free (free for publication),1,One,A,Normal value,6,Millions,USD,US dollar
DATAFLOW,OECD.SDD.NAD:DSD_NAMAIN10@DF_TABLE1_INCOME(2.0),Annual GDP and components - income approach,I,A,Annual,MAR,Morocco,S1,Total economy,S1,Total economy,B2A3G,"Operating surplus and mixed income, gross",_Z,Not applicable,_T,Total - all activities,_Z,Not applicable,XDC,National currency,V,Current prices,N,Non transformed data,T0103,Table 0103 - GDP identity from the income side,2017,,641378,,,,F,Free (free for publication),1,One,A,Normal value,6,Millions,MAD,Moroccan dirham
DATAFLOW,OECD.SDD.NAD:DSD_NAMAIN10@DF_TABLE1_INCOME(2.0),Annual GDP and components - income approach,I,A,Annual,MKD,North Macedonia,S1,Total economy,S1,Total economy,B2A3G,"Operating surplus and mixed income, gross",_Z,Not applicable,_T,Total - all activities,_Z,Not applicable,XDC,National currency,V,Current prices,N,Non transformed data,T0103,Table 0103 - GDP identity from the income side,2017,,323599.28,,,,F,Free (free for publication),1,One,A,Normal value,6,Millions,MKD,Denar
DATAFLOW,OECD.SDD.NAD:DSD_NAMAIN10@DF_TABLE1_INCOME(2.0),Annual GDP and components - income approach,I,A,Annual,ROU,Romania,S1,Total economy,S1,Total economy,B2A3G,"Operating surplus and mixed income, gross",_Z,Not applicable,_T,Total - all activities,_Z,Not applicable,XDC,National currency,V,Current prices,N,Non transformed data,T0103,Table 0103 - GDP identity from the income side,2017,,455977.5,,,,F,Free (free for publication),1,One,A,Normal value,6,Millions,RON,Romanian leu
DATAFLOW,OECD.SDD.NAD:DSD_NAMAIN10@DF_TABLE1_INCOME(2.0),Annual GDP and components - income approach,I,A,Annual,RUS,Russia,S1,Total economy,S1,Total economy,B2A3G,"Operating surplus and mixed income, gross",_Z,Not applicable,_T,Total - all activities,_Z,Not applicable,XDC,National currency,V,Current prices,N,Non transformed data,T0103,Table 0103 - GDP identity from the income side,2017,,37972555.6,,,,F,Free (free for publication),1,One,A,Normal value,6,Millions,RUB,Russian ruble
DATAFLOW,OECD.SDD.NAD:DSD_NAMAIN10@DF_TABLE1_INCOME(2.0),Annual GDP and components - income approach,I,A,Annual,SEN,Senegal,S1,Total economy,S1,Total economy,B2A3G,"Operating surplus and mixed income, gross",_Z,Not applicable,_T,Total - all activities,_Z,Not applicable,XDC,National currency,V,Current prices,N,Non transformed data,T0103,Table 0103 - GDP identity from the income side,2017,,8101270,,,,F,Free (free for publication),1,One,A,Normal value,6,Millions,XOF,CFA Franc - BCEAO
DATAFLOW,OECD.SDD.NAD:DSD_NAMAIN10@DF_TABLE1_INCOME(2.0),Annual GDP and components - income approach,I,A,Annual,SRB,Serbia,S1,Total economy,S1,Total economy,B2A3G,"Operating surplus and mixed income, gross",_Z,Not applicable,_T,Total - all activities,_Z,Not applicable,XDC,National currency,V,Current prices,N,Non transformed data,T0103,Table 0103 - GDP identity from the income side,2017,,2063335.486,,,,F,Free (free for publication),1,One,A,Normal value,6,Millions,RSD,Serbian dinar
DATAFLOW,OECD.SDD.NAD:DSD_NAMAIN10@DF_TABLE1_INCOME(2.0),Annual GDP and components - income approach,I,A,Annual,MEX,Mexico,S1,Total economy,S1,Total economy,B2A3G,"Operating surplus and mixed income, gross",_Z,Not applicable,_T,Total - all activities,_Z,Not applicable,XDC,National currency,V,Current prices,N,Non transformed data,T0103,Table 0103 - GDP identity from the income side,2018,,16768395.564,,,,F,Free (free for publication),1,One,A,Normal value,6,Millions,MXN,Mexican peso
DATAFLOW,OECD.SDD.NAD:DSD_NAMAIN10@DF_TABLE1_INCOME(2.0),Annual GDP and components - income approach,I,A,Annual,POL,Poland,S1,Total economy,S1,Total economy,B2A3G,"Operating surplus and mixed income, gross",_Z,Not applicable,_T,Total - all activities,_Z,Not applicable,XDC,National currency,V,Current prices,N,Non transformed data,T0103,Table 0103 - GDP identity from the income side,2018,,1032586,,,,F,Free (free for publication),1,One,A,Normal value,6,Millions,PLN,Zloty
DATAFLOW,OECD.SDD.NAD:DSD_NAMAIN10@DF_TABLE1_INCOME(2.0),Annual GDP and components - income approach,I,A,Annual,TUR,Türkiye,S1,Total economy,S1,Total economy,B2A3G,"Operating surplus and mixed income, gross",_Z,Not applicable,_T,Total - all activities,_Z,Not applicable,XDC,National currency,V,Current prices,N,Non transformed data,T0103,Table 0103 - GDP identity from the income side,2018,,2276775.804,,,,F,Free (free for publication),1,One,A,Normal value,6,Millions,TRY,Turkish lira
DATAFLOW,OECD.SDD.NAD:DSD_NAMAIN10@DF_TABLE1_INCOME(2.0),Annual GDP and components - income approach,I,A,Annual,USA,United States,S1,Total economy,S1,Total economy,B2A3G,"Operating surplus and mixed income, gross",_Z,Not applicable,_T,Total - all activities,_Z,Not applicable,XDC,National currency,V,Current prices,N,Non transformed data,T0103,Table 0103 - GDP identity from the income side,2018,,8280754.3,,,,F,Free (free for publication),1,One,A,Normal value,6,Millions,USD,US dollar
DATAFLOW,OECD.SDD.NAD:DSD_NAMAIN10@DF_TABLE1_INCOME(2.0),Annual GDP and components - income approach,I,A,Annual,MAR,Morocco,S1,Total economy,S1,Total economy,B2A3G,"Operating surplus and mixed income, gross",_Z,Not applicable,_T,Total - all activities,_Z,Not applicable,XDC,National currency,V,Current prices,N,Non transformed data,T0103,Table 0103 - GDP identity from the income side,2018,,670983,,,,F,Free (free for publication),1,One,A,Normal value,6,Millions,MAD,Moroccan dirham
DATAFLOW,OECD.SDD.NAD:DSD_NAMAIN10@DF_TABLE1_INCOME(2.0),Annual GDP and components - income approach,I,A,Annual,MKD,North Macedonia,S1,Total economy,S1,Total economy,B2A3G,"Operating surplus and mixed income, gross",_Z,Not applicable,_T,Total - all activities,_Z,Not applicable,XDC,National currency,V,Current prices,N,Non transformed data,T0103,Table 0103 - GDP identity from the income side,2018,,350710.53,,,,F,Free (free for publication),1,One,A,Normal value,6,Millions,MKD,Denar
DATAFLOW,OECD.SDD.NAD:DSD_NAMAIN10@DF_TABLE1_INCOME(2.0),Annual GDP and components - income approach,I,A,Annual,RUS,Russia,S1,Total economy,S1,Total economy,B2A3G,"Operating surplus and mixed income, gross",_Z,Not applicable,_T,Total - all activities,_Z,Not applicable,XDC,National currency,V,Current prices,N,Non transformed data,T0103,Table 0103 - GDP identity from the income side,2018,,45255691.2,,,,F,Free (free for publication),1,One,A,Normal value,6,Millions,RUB,Russian ruble
DATAFLOW,OECD.SDD.NAD:DSD_NAMAIN10@DF_TABLE1_INCOME(2.0),Annual GDP and components - income approach,I,A,Annual,SEN,Senegal,S1,Total economy,S1,Total economy,B2A3G,"Operating surplus and mixed income, gross",_Z,Not applicable,_T,Total - all activities,_Z,Not applicable,XDC,National currency,V,Current prices,N,Non transformed data,T0103,Table 0103 - GDP identity from the income side,2018,,8614892,,,,F,Free (free for publication),1,One,A,Normal value,6,Millions,XOF,CFA Franc - BCEAO
DATAFLOW,OECD.SDD.NAD:DSD_NAMAIN10@DF_TABLE1_INCOME(2.0),Annual GDP and components - income approach,I,A,Annual,SRB,Serbia,S1,Total economy,S1,Total economy,B2A3G,"Operating surplus and mixed income, gross",_Z,Not applicable,_T,Total - all activities,_Z,Not applicable,XDC,National currency,V,Current prices,N,Non transformed data,T0103,Table 0103 - GDP identity from the income side,2018,,2118584.211,,,,F,Free (free for publication),1,One,A,Normal value,6,Millions,RSD,Serbian dinar
DATAFLOW,OECD.SDD.NAD:DSD_NAMAIN10@DF_TABLE1_INCOME(2.0),Annual GDP and components - income approach,I,A,Annual,MEX,Mexico,S1,Total economy,S1,Total economy,B2A3G,"Operating surplus and mixed income, gross",_Z,Not applicable,_T,Total - all activities,_Z,Not applicable,XDC,National currency,V,Current prices,N,Non transformed data,T0103,Table 0103 - GDP identity from the income side,2019,,17192577.525,,,,F,Free (free for publication),1,One,A,Normal value,6,Millions,MXN,Mexican peso
DATAFLOW,OECD.SDD.NAD:DSD_NAMAIN10@DF_TABLE1_INCOME(2.0),Annual GDP and components - income approach,I,A,Annual,POL,Poland,S1,Total economy,S1,Total economy,B2A3G,"Operating surplus and mixed income, gross",_Z,Not applicable,_T,Total - all activities,_Z,Not applicable,XDC,National currency,V,Current prices,N,Non transformed data,T0103,Table 0103 - GDP identity from the income side,2019,,1107246,,,,F,Free (free for publication),1,One,A,Normal value,6,Millions,PLN,Zloty
DATAFLOW,OECD.SDD.NAD:DSD_NAMAIN10@DF_TABLE1_INCOME(2.0),Annual GDP and components - income approach,I,A,Annual,TUR,Türkiye,S1,Total economy,S1,Total economy,B2A3G,"Operating surplus and mixed income, gross",_Z,Not applicable,_T,Total - all activities,_Z,Not applicable,XDC,National currency,V,Current prices,N,Non transformed data,T0103,Table 0103 - GDP identity from the income side,2019,,2574691.658,,,,F,Free (free for publication),1,One,A,Normal value,6,Millions,TRY,Turkish lira
DATAFLOW,OECD.SDD.NAD:DSD_NAMAIN10@DF_TABLE1_INCOME(2.0),Annual GDP and components - income approach,I,A,Annual,USA,United States,S1,Total economy,S1,Total economy,B2A3G,"Operating surplus and mixed income, gross",_Z,Not applicable,_T,Total - all activities,_Z,Not applicable,XDC,National currency,V,Current prices,N,Non transformed data,T0103,Table 0103 - GDP identity from the income side,2019,,8569434,,,,F,Free (free for publication),1,One,A,Normal value,6,Millions,USD,US dollar
DATAFLOW,OECD.SDD.NAD:DSD_NAMAIN10@DF_TABLE1_INCOME(2.0),Annual GDP and components - income approach,I,A,Annual,MAR,Morocco,S1,Total economy,S1,Total economy,B2A3G,"Operating surplus and mixed income, gross",_Z,Not applicable,_T,Total - all activities,_Z,Not applicable,XDC,National currency,V,Current prices,N,Non transformed data,T0103,Table 0103 - GDP identity from the income side,2019,,692083,,,,F,Free (free for publication),1,One,A,Normal value,6,Millions,MAD,Moroccan dirham
DATAFLOW,OECD.SDD.NAD:DSD_NAMAIN10@DF_TABLE1_INCOME(2.0),Annual GDP and components - income approach,I,A,Annual,MKD,North Macedonia,S1,Total economy,S1,Total economy,B2A3G,"Operating surplus and mixed income, gross",_Z,Not applicable,_T,Total - all activities,_Z,Not applicable,XDC,National currency,V,Current prices,N,Non transformed data,T0103,Table 0103 - GDP identity from the income side,2019,,361667.989,,,,F,Free (free for publication),1,One,A,Normal value,6,Millions,MKD,Denar
DATAFLOW,OECD.SDD.NAD:DSD_NAMAIN10@DF_TABLE1_INCOME(2.0),Annual GDP and components - income approach,I,A,Annual,RUS,Russia,S1,Total economy,S1,Total economy,B2A3G,"Operating surplus and mixed income, gross",_Z,Not applicable,_T,Total - all activities,_Z,Not applicable,XDC,National currency,V,Current prices,N,Non transformed data,T0103,Table 0103 - GDP identity from the income side,2019,,48781519.1,,,,F,Free (free for publication),1,One,A,Normal value,6,Millions,RUB,Russian ruble
DATAFLOW,OECD.SDD.NAD:DSD_NAMAIN10@DF_TABLE1_INCOME(2.0),Annual GDP and components - income approach,I,A,Annual,SEN,Senegal,S1,Total economy,S1,Total economy,B2A3G,"Operating surplus and mixed income, gross",_Z,Not applicable,_T,Total - all activities,_Z,Not applicable,XDC,National currency,V,Current prices,N,Non transformed data,T0103,Table 0103 - GDP identity from the income side,2019,,8898898,,,,F,Free (free for publication),1,One,A,Normal value,6,Millions,XOF,CFA Franc - BCEAO
DATAFLOW,OECD.SDD.NAD:DSD_NAMAIN10@DF_TABLE1_INCOME(2.0),Annual GDP and components - income approach,I,A,Annual,SRB,Serbia,S1,Total economy,S1,Total economy,B2A3G,"Operating surplus and mixed income, gross",_Z,Not applicable,_T,Total - all activities,_Z,Not applicable,XDC,National currency,V,Current prices,N,Non transformed data,T0103,Table 0103 - GDP identity from the income side,2019,,2205575.456,,,,F,Free (free for publication),1,One,A,Normal value,6,Millions,RSD,Serbian dinar
DATAFLOW,OECD.SDD.NAD:DSD_NAMAIN10@DF_TABLE1_INCOME(2.0),Annual GDP and components - income approach,I,A,Annual,MEX,Mexico,S1,Total economy,S1,Total economy,B2A3G,"Operating surplus and mixed income, gross",_Z,Not applicable,_T,Total - all activities,_Z,Not applicable,XDC,National currency,V,Current prices,N,Non transformed data,T0103,Table 0103 - GDP identity from the income side,2020,,15910883.376,,,,F,Free (free for publication),1,One,A,Normal value,6,Millions,MXN,Mexican peso
DATAFLOW,OECD.SDD.NAD:DSD_NAMAIN10@DF_TABLE1_INCOME(2.0),Annual GDP and components - income approach,I,A,Annual,POL,Poland,S1,Total economy,S1,Total economy,B2A3G,"Operating surplus and mixed income, gross",_Z,Not applicable,_T,Total - all activities,_Z,Not applicable,XDC,National currency,V,Current prices,N,Non transformed data,T0103,Table 0103 - GDP identity from the income side,2020,,1178119,,,,F,Free (free for publication),1,One,A,Normal value,6,Millions,PLN,Zloty
DATAFLOW,OECD.SDD.NAD:DSD_NAMAIN10@DF_TABLE1_INCOME(2.0),Annual GDP and components - income approach,I,A,Annual,TUR,Türkiye,S1,Total economy,S1,Total economy,B2A3G,"Operating surplus and mixed income, gross",_Z,Not applicable,_T,Total - all activities,_Z,Not applicable,XDC,National currency,V,Current prices,N,Non transformed data,T0103,Table 0103 - GDP identity from the income side,2020,,3079903.917,,,,F,Free (free for publication),1,One,A,Normal value,6,Millions,TRY,Turkish lira
DATAFLOW,OECD.SDD.NAD:DSD_NAMAIN10@DF_TABLE1_INCOME(2.0),Annual GDP and components - income approach,I,A,Annual,USA,United States,S1,Total economy,S1,Total economy,B2A3G,"Operating surplus and mixed income, gross",_Z,Not applicable,_T,Total - all activities,_Z,Not applicable,XDC,National currency,V,Current prices,N,Non transformed data,T0103,Table 0103 - GDP identity from the income side,2020,,8805814.1,,,,F,Free (free for publication),1,One,A,Normal value,6,Millions,USD,US dollar
DATAFLOW,OECD.SDD.NAD:DSD_NAMAIN10@DF_TABLE1_INCOME(2.0),Annual GDP and components - income approach,I,A,Annual,MAR,Morocco,S1,Total economy,S1,Total economy,B2A3G,"Operating surplus and mixed income, gross",_Z,Not applicable,_T,Total - all activities,_Z,Not applicable,XDC,National currency,V,Current prices,N,Non transformed data,T0103,Table 0103 - GDP identity from the income side,2020,,644852,,,,F,Free (free for publication),1,One,A,Normal value,6,Millions,MAD,Moroccan dirham
DATAFLOW,OECD.SDD.NAD:DSD_NAMAIN10@DF_TABLE1_INCOME(2.0),Annual GDP and components - income approach,I,A,Annual,MKD,North Macedonia,S1,Total economy,S1,Total economy,B2A3G,"Operating surplus and mixed income, gross",_Z,Not applicable,_T,Total - all activities,_Z,Not applicable,XDC,National currency,V,Current prices,N,Non transformed data,T0103,Table 0103 - GDP identity from the income side,2020,,333964.553,,,,F,Free (free for publication),1,One,A,Normal value,6,Millions,MKD,Denar
DATAFLOW,OECD.SDD.NAD:DSD_NAMAIN10@DF_TABLE1_INCOME(2.0),Annual GDP and components - income approach,I,A,Annual,RUS,Russia,S1,Total economy,S1,Total economy,B2A3G,"Operating surplus and mixed income, gross",_Z,Not applicable,_T,Total - all activities,_Z,Not applicable,XDC,National currency,V,Current prices,N,Non transformed data,T0103,Table 0103 - GDP identity from the income side,2020,,44934727.8,,,,F,Free (free for publication),1,One,A,Normal value,6,Millions,RUB,Russian ruble
DATAFLOW,OECD.SDD.NAD:DSD_NAMAIN10@DF_TABLE1_INCOME(2.0),Annual GDP and components - income approach,I,A,Annual,SEN,Senegal,S1,Total economy,S1,Total economy,B2A3G,"Operating surplus and mixed income, gross",_Z,Not applicable,_T,Total - all activities,_Z,Not applicable,XDC,National currency,V,Current prices,N,Non transformed data,T0103,Table 0103 - GDP identity from the income side,2020,,9173805,,,,F,Free (free for publication),1,One,A,Normal value,6,Millions,XOF,CFA Franc - BCEAO
DATAFLOW,OECD.SDD.NAD:DSD_NAMAIN10@DF_TABLE1_INCOME(2.0),Annual GDP and components - income approach,I,A,Annual,SRB,Serbia,S1,Total economy,S1,Total economy,B2A3G,"Operating surplus and mixed income, gross",_Z,Not applicable,_T,Total - all activities,_Z,Not applicable,XDC,National currency,V,Current prices,N,Non transformed data,T0103,Table 0103 - GDP identity from the income side,2020,,2225449.008,,,,F,Free (free for publication),1,One,A,Normal value,6,Millions,RSD,Serbian dinar
DATAFLOW,OECD.SDD.NAD:DSD_NAMAIN10@DF_TABLE1_INCOME(2.0),Annual GDP and components - income approach,I,A,Annual,NOR,Norway,S1,Total economy,S1,Total economy,B2A3G,"Operating surplus and mixed income, gross",_Z,Not applicable,_T,Total - all activities,_Z,Not applicable,XDC,National currency,V,Current prices,N,Non transformed data,T0103,Table 0103 - GDP identity from the income side,1995,,411991,,,,F,Free (free for publication),1,One,A,Normal value,6,Millions,NOK,Norwegian krone
DATAFLOW,OECD.SDD.NAD:DSD_NAMAIN10@DF_TABLE1_INCOME(2.0),Annual GDP and components - income approach,I,A,Annual,NOR,Norway,S1,Total economy,S1,Total economy,B2A3G,"Operating surplus and mixed income, gross",_Z,Not applicable,_T,Total - all activities,_Z,Not applicable,XDC,National currency,V,Current prices,N,Non transformed data,T0103,Table 0103 - GDP identity from the income side,1996,,460158,,,,F,Free (free for publication),1,One,A,Normal value,6,Millions,NOK,Norwegian krone
DATAFLOW,OECD.SDD.NAD:DSD_NAMAIN10@DF_TABLE1_INCOME(2.0),Annual GDP and components - income approach,I,A,Annual,NOR,Norway,S1,Total economy,S1,Total economy,B2A3G,"Operating surplus and mixed income, gross",_Z,Not applicable,_T,Total - all activities,_Z,Not applicable,XDC,National currency,V,Current prices,N,Non transformed data,T0103,Table 0103 - GDP identity from the income side,1997,,491258,,,,F,Free (free for publication),1,One,A,Normal value,6,Millions,NOK,Norwegian krone
DATAFLOW,OECD.SDD.NAD:DSD_NAMAIN10@DF_TABLE1_INCOME(2.0),Annual GDP and components - income approach,I,A,Annual,NOR,Norway,S1,Total economy,S1,Total economy,B2A3G,"Operating surplus and mixed income, gross",_Z,Not applicable,_T,Total - all activities,_Z,Not applicable,XDC,National currency,V,Current prices,N,Non transformed data,T0103,Table 0103 - GDP identity from the income side,1998,,455453,,,,F,Free (free for publication),1,One,A,Normal value,6,Millions,NOK,Norwegian krone
DATAFLOW,OECD.SDD.NAD:DSD_NAMAIN10@DF_TABLE1_INCOME(2.0),Annual GDP and components - income approach,I,A,Annual,NOR,Norway,S1,Total economy,S1,Total economy,B2A3G,"Operating surplus and mixed income, gross",_Z,Not applicable,_T,Total - all activities,_Z,Not applicable,XDC,National currency,V,Current prices,N,Non transformed data,T0103,Table 0103 - GDP identity from the income side,1999,,508601,,,,F,Free (free for publication),1,One,A,Normal value,6,Millions,NOK,Norwegian krone
DATAFLOW,OECD.SDD.NAD:DSD_NAMAIN10@DF_TABLE1_INCOME(2.0),Annual GDP and components - income approach,I,A,Annual,NOR,Norway,S1,Total economy,S1,Total economy,B2A3G,"Operating surplus and mixed income, gross",_Z,Not applicable,_T,Total - all activities,_Z,Not applicable,XDC,National currency,V,Current prices,N,Non transformed data,T0103,Table 0103 - GDP identity from the income side,2000,,705012,,,,F,Free (free for publication),1,One,A,Normal value,6,Millions,NOK,Norwegian krone
DATAFLOW,OECD.SDD.NAD:DSD_NAMAIN10@DF_TABLE1_INCOME(2.0),Annual GDP and components - income approach,I,A,Annual,NOR,Norway,S1,Total economy,S1,Total economy,B2A3G,"Operating surplus and mixed income, gross",_Z,Not applicable,_T,Total - all activities,_Z,Not applicable,XDC,National currency,V,Current prices,N,Non transformed data,T0103,Table 0103 - GDP identity from the income side,2001,,721223,,,,F,Free (free for publication),1,One,A,Normal value,6,Millions,NOK,Norwegian krone
DATAFLOW,OECD.SDD.NAD:DSD_NAMAIN10@DF_TABLE1_INCOME(2.0),Annual GDP and components - income approach,I,A,Annual,NOR,Norway,S1,Total economy,S1,Total economy,B2A3G,"Operating surplus and mixed income, gross",_Z,Not applicable,_T,Total - all activities,_Z,Not applicable,XDC,National currency,V,Current prices,N,Non transformed data,T0103,Table 0103 - GDP identity from the income side,2002,,683021,,,,F,Free (free for publication),1,One,A,Normal value,6,Millions,NOK,Norwegian krone
DATAFLOW,OECD.SDD.NAD:DSD_NAMAIN10@DF_TABLE1_INCOME(2.0),Annual GDP and components - income approach,I,A,Annual,NOR,Norway,S1,Total economy,S1,Total economy,B2A3G,"Operating surplus and mixed income, gross",_Z,Not applicable,_T,Total - all activities,_Z,Not applicable,XDC,National currency,V,Current prices,N,Non transformed data,T0103,Table 0103 - GDP identity from the income side,2003,,723329,,,,F,Free (free for publication),1,One,A,Normal value,6,Millions,NOK,Norwegian krone
DATAFLOW,OECD.SDD.NAD:DSD_NAMAIN10@DF_TABLE1_INCOME(2.0),Annual GDP and components - income approach,I,A,Annual,NOR,Norway,S1,Total economy,S1,Total economy,B2A3G,"Operating surplus and mixed income, gross",_Z,Not applicable,_T,Total - all activities,_Z,Not applicable,XDC,National currency,V,Current prices,N,Non transformed data,T0103,Table 0103 - GDP identity from the income side,2004,,836198,,,,F,Free (free for publication),1,One,A,Normal value,6,Millions,NOK,Norwegian krone
DATAFLOW,OECD.SDD.NAD:DSD_NAMAIN10@DF_TABLE1_INCOME(2.0),Annual GDP and components - income approach,I,A,Annual,NOR,Norway,S1,Total economy,S1,Total economy,B2A3G,"Operating surplus and mixed income, gross",_Z,Not applicable,_T,Total - all activities,_Z,Not applicable,XDC,National currency,V,Current prices,N,Non transformed data,T0103,Table 0103 - GDP identity from the income side,2005,,981004,,,,F,Free (free for publication),1,One,A,Normal value,6,Millions,NOK,Norwegian krone
DATAFLOW,OECD.SDD.NAD:DSD_NAMAIN10@DF_TABLE1_INCOME(2.0),Annual GDP and components - income approach,I,A,Annual,NOR,Norway,S1,Total economy,S1,Total economy,B2A3G,"Operating surplus and mixed income, gross",_Z,Not applicable,_T,Total - all activities,_Z,Not applicable,XDC,National currency,V,Current prices,N,Non transformed data,T0103,Table 0103 - GDP identity from the income side,2006,,1108725,,,,F,Free (free for publication),1,One,A,Normal value,6,Millions,NOK,Norwegian krone
DATAFLOW,OECD.SDD.NAD:DSD_NAMAIN10@DF_TABLE1_INCOME(2.0),Annual GDP and components - income approach,I,A,Annual,NOR,Norway,S1,Total economy,S1,Total economy,B2A3G,"Operating surplus and mixed income, gross",_Z,Not applicable,_T,Total - all activities,_Z,Not applicable,XDC,National currency,V,Current prices,N,Non transformed data,T0103,Table 0103 - GDP identity from the income side,2007,,1123593,,,,F,Free (free for publication),1,One,A,Normal value,6,Millions,NOK,Norwegian krone
DATAFLOW,OECD.SDD.NAD:DSD_NAMAIN10@DF_TABLE1_INCOME(2.0),Annual GDP and components - income approach,I,A,Annual,NOR,Norway,S1,Total economy,S1,Total economy,B2A3G,"Operating surplus and mixed income, gross",_Z,Not applicable,_T,Total - all activities,_Z,Not applicable,XDC,National currency,V,Current prices,N,Non transformed data,T0103,Table 0103 - GDP identity from the income side,2008,,1293692,,,,F,Free (free for publication),1,One,A,Normal value,6,Millions,NOK,Norwegian krone
DATAFLOW,OECD.SDD.NAD:DSD_NAMAIN10@DF_TABLE1_INCOME(2.0),Annual GDP and components - income approach,I,A,Annual,NOR,Norway,S1,Total economy,S1,Total economy,B2A3G,"Operating surplus and mixed income, gross",_Z,Not applicable,_T,Total - all activities,_Z,Not applicable,XDC,National currency,V,Current prices,N,Non transformed data,T0103,Table 0103 - GDP identity from the income side,2009,,1083572,,,,F,Free (free for publication),1,One,A,Normal value,6,Millions,NOK,Norwegian krone
DATAFLOW,OECD.SDD.NAD:DSD_NAMAIN10@DF_TABLE1_INCOME(2.0),Annual GDP and components - income approach,I,A,Annual,NOR,Norway,S1,Total economy,S1,Total economy,B2A3G,"Operating surplus and mixed income, gross",_Z,Not applicable,_T,Total - all activities,_Z,Not applicable,XDC,National currency,V,Current prices,N,Non transformed data,T0103,Table 0103 - GDP identity from the income side,2010,,1194998,,,,F,Free (free for publication),1,One,A,Normal value,6,Millions,NOK,Norwegian krone
DATAFLOW,OECD.SDD.NAD:DSD_NAMAIN10@DF_TABLE1_INCOME(2.0),Annual GDP and components - income approach,I,A,Annual,NOR,Norway,S1,Total economy,S1,Total economy,B2A3G,"Operating surplus and mixed income, gross",_Z,Not applicable,_T,Total - all activities,_Z,Not applicable,XDC,National currency,V,Current prices,N,Non transformed data,T0103,Table 0103 - GDP identity from the income side,2011,,1314399,,,,F,Free (free for publication),1,One,A,Normal value,6,Millions,NOK,Norwegian krone
DATAFLOW,OECD.SDD.NAD:DSD_NAMAIN10@DF_TABLE1_INCOME(2.0),Annual GDP and components - income approach,I,A,Annual,NOR,Norway,S1,Total economy,S1,Total economy,B2A3G,"Operating surplus and mixed income, gross",_Z,Not applicable,_T,Total - all activities,_Z,Not applicable,XDC,National currency,V,Current prices,N,Non transformed data,T0103,Table 0103 - GDP identity from the income side,2012,,1392542,,,,F,Free (free for publication),1,One,A,Normal value,6,Millions,NOK,Norwegian krone
DATAFLOW,OECD.SDD.NAD:DSD_NAMAIN10@DF_TABLE1_INCOME(2.0),Annual GDP and components - income approach,I,A,Annual,NOR,Norway,S1,Total economy,S1,Total economy,B2A3G,"Operating surplus and mixed income, gross",_Z,Not applicable,_T,Total - all activities,_Z,Not applicable,XDC,National currency,V,Current prices,N,Non transformed data,T0103,Table 0103 - GDP identity from the income side,2013,,1411087,,,,F,Free (free for publication),1,One,A,Normal value,6,Millions,NOK,Norwegian krone
DATAFLOW,OECD.SDD.NAD:DSD_NAMAIN10@DF_TABLE1_INCOME(2.0),Annual GDP and components - income approach,I,A,Annual,NOR,Norway,S1,Total economy,S1,Total economy,B2A3G,"Operating surplus and mixed income, gross",_Z,Not applicable,_T,Total - all activities,_Z,Not applicable,XDC,National currency,V,Current prices,N,Non transformed data,T0103,Table 0103 - GDP identity from the income side,2014,,1411793,,,,F,Free (free for publication),1,One,A,Normal value,6,Millions,NOK,Norwegian krone
DATAFLOW,OECD.SDD.NAD:DSD_NAMAIN10@DF_TABLE1_INCOME(2.0),Annual GDP and components - income approach,I,A,Annual,NOR,Norway,S1,Total economy,S1,Total economy,B2A3G,"Operating surplus and mixed income, gross",_Z,Not applicable,_T,Total - all activities,_Z,Not applicable,XDC,National currency,V,Current prices,N,Non transformed data,T0103,Table 0103 - GDP identity from the income side,2015,,1327348,,,,F,Free (free for publication),1,One,A,Normal value,6,Millions,NOK,Norwegian krone
DATAFLOW,OECD.SDD.NAD:DSD_NAMAIN10@DF_TABLE1_INCOME(2.0),Annual GDP and components - income approach,I,A,Annual,NOR,Norway,S1,Total economy,S1,Total economy,B2A3G,"Operating surplus and mixed income, gross",_Z,Not applicable,_T,Total - all activities,_Z,Not applicable,XDC,National currency,V,Current prices,N,Non transformed data,T0103,Table 0103 - GDP identity from the income side,2016,,1273702,,,,F,Free (free for publication),1,One,A,Normal value,6,Millions,NOK,Norwegian krone
DATAFLOW,OECD.SDD.NAD:DSD_NAMAIN10@DF_TABLE1_INCOME(2.0),Annual GDP and components - income approach,I,A,Annual,NOR,Norway,S1,Total economy,S1,Total economy,B2A3G,"Operating surplus and mixed income, gross",_Z,Not applicable,_T,Total - all activities,_Z,Not applicable,XDC,National currency,V,Current prices,N,Non transformed data,T0103,Table 0103 - GDP identity from the income side,2017,,1411451,,,,F,Free (free for publication),1,One,A,Normal value,6,Millions,NOK,Norwegian krone
DATAFLOW,OECD.SDD.NAD:DSD_NAMAIN10@DF_TABLE1_INCOME(2.0),Annual GDP and components - income approach,I,A,Annual,NOR,Norway,S1,Total economy,S1,Total economy,B2A3G,"Operating surplus and mixed income, gross",_Z,Not applicable,_T,Total - all activities,_Z,Not applicable,XDC,National currency,V,Current prices,N,Non transformed data,T0103,Table 0103 - GDP identity from the income side,2018,,1569986,,,,F,Free (free for publication),1,One,A,Normal value,6,Millions,NOK,Norwegian krone
DATAFLOW,OECD.SDD.NAD:DSD_NAMAIN10@DF_TABLE1_INCOME(2.0),Annual GDP and components - income approach,I,A,Annual,NOR,Norway,S1,Total economy,S1,Total economy,B2A3G,"Operating surplus and mixed income, gross",_Z,Not applicable,_T,Total - all activities,_Z,Not applicable,XDC,National currency,V,Current prices,N,Non transformed data,T0103,Table 0103 - GDP identity from the income side,2019,,1490819,,,,F,Free (free for publication),1,One,A,Normal value,6,Millions,NOK,Norwegian krone
DATAFLOW,OECD.SDD.NAD:DSD_NAMAIN10@DF_TABLE1_INCOME(2.0),Annual GDP and components - income approach,I,A,Annual,NOR,Norway,S1,Total economy,S1,Total economy,B2A3G,"Operating surplus and mixed income, gross",_Z,Not applicable,_T,Total - all activities,_Z,Not applicable,XDC,National currency,V,Current prices,N,Non transformed data,T0103,Table 0103 - GDP identity from the income side,2020,,1370817,,,,F,Free (free for publication),1,One,A,Normal value,6,Millions,NOK,Norwegian krone
DATAFLOW,OECD.SDD.NAD:DSD_NAMAIN10@DF_TABLE1_INCOME(2.0),Annual GDP and components - income approach,I,A,Annual,LVA,Latvia,S1,Total economy,S1,Total economy,B2A3G,"Operating surplus and mixed income, gross",_Z,Not applicable,_T,Total - all activities,_Z,Not applicable,XDC,National currency,V,Current prices,N,Non transformed data,T0103,Table 0103 - GDP identity from the income side,1995,,1780.833,,,,F,Free (free for publication),1,One,A,Normal value,6,Millions,EUR,Euro
DATAFLOW,OECD.SDD.NAD:DSD_NAMAIN10@DF_TABLE1_INCOME(2.0),Annual GDP and components - income approach,I,A,Annual,LUX,Luxembourg,S1,Total economy,S1,Total economy,B2A3G,"Operating surplus and mixed income, gross",_Z,Not applicable,_T,Total - all activities,_Z,Not applicable,XDC,National currency,V,Current prices,N,Non transformed data,T0103,Table 0103 - GDP identity from the income side,1995,,6292.793,,,,F,Free (free for publication),1,One,A,Normal value,6,Millions,EUR,Euro
DATAFLOW,OECD.SDD.NAD:DSD_NAMAIN10@DF_TABLE1_INCOME(2.0),Annual GDP and components - income approach,I,A,Annual,NLD,Netherlands,S1,Total economy,S1,Total economy,B2A3G,"Operating surplus and mixed income, gross",_Z,Not applicable,_T,Total - all activities,_Z,Not applicable,XDC,National currency,V,Current prices,N,Non transformed data,T0103,Table 0103 - GDP identity from the income side,1995,,133337,,,,F,Free (free for publication),1,One,A,Normal value,6,Millions,EUR,Euro
DATAFLOW,OECD.SDD.NAD:DSD_NAMAIN10@DF_TABLE1_INCOME(2.0),Annual GDP and components - income approach,I,A,Annual,PRT,Portugal,S1,Total economy,S1,Total economy,B2A3G,"Operating surplus and mixed income, gross",_Z,Not applicable,_T,Total - all activities,_Z,Not applicable,XDC,National currency,V,Current prices,N,Non transformed data,T0103,Table 0103 - GDP identity from the income side,1995,,37291.867,,,,F,Free (free for publication),1,One,A,Normal value,6,Millions,EUR,Euro
DATAFLOW,OECD.SDD.NAD:DSD_NAMAIN10@DF_TABLE1_INCOME(2.0),Annual GDP and components - income approach,I,A,Annual,SVK,Slovak Republic,S1,Total economy,S1,Total economy,B2A3G,"Operating surplus and mixed income, gross",_Z,Not applicable,_T,Total - all activities,_Z,Not applicable,XDC,National currency,V,Current prices,N,Non transformed data,T0103,Table 0103 - GDP identity from the income side,1995,,10227.681,,,,F,Free (free for publication),1,One,A,Normal value,6,Millions,EUR,Euro
DATAFLOW,OECD.SDD.NAD:DSD_NAMAIN10@DF_TABLE1_INCOME(2.0),Annual GDP and components - income approach,I,A,Annual,SVN,Slovenia,S1,Total economy,S1,Total economy,B2A3G,"Operating surplus and mixed income, gross",_Z,Not applicable,_T,Total - all activities,_Z,Not applicable,XDC,National currency,V,Current prices,N,Non transformed data,T0103,Table 0103 - GDP identity from the income side,1995,,3531.469,,,,F,Free (free for publication),1,One,A,Normal value,6,Millions,EUR,Euro
DATAFLOW,OECD.SDD.NAD:DSD_NAMAIN10@DF_TABLE1_INCOME(2.0),Annual GDP and components - income approach,I,A,Annual,MLT,Malta,S1,Total economy,S1,Total economy,B2A3G,"Operating surplus and mixed income, gross",_Z,Not applicable,_T,Total - all activities,_Z,Not applicable,XDC,National currency,V,Current prices,N,Non transformed data,T0103,Table 0103 - GDP identity from the income side,1995,,1355.235,,,,F,Free (free for publication),1,One,A,Normal value,6,Millions,EUR,Euro
DATAFLOW,OECD.SDD.NAD:DSD_NAMAIN10@DF_TABLE1_INCOME(2.0),Annual GDP and components - income approach,I,A,Annual,LVA,Latvia,S1,Total economy,S1,Total economy,B2A3G,"Operating surplus and mixed income, gross",_Z,Not applicable,_T,Total - all activities,_Z,Not applicable,XDC,National currency,V,Current prices,N,Non transformed data,T0103,Table 0103 - GDP identity from the income side,1996,,1911.379,,,,F,Free (free for publication),1,One,A,Normal value,6,Millions,EUR,Euro
DATAFLOW,OECD.SDD.NAD:DSD_NAMAIN10@DF_TABLE1_INCOME(2.0),Annual GDP and components - income approach,I,A,Annual,LUX,Luxembourg,S1,Total economy,S1,Total economy,B2A3G,"Operating surplus and mixed income, gross",_Z,Not applicable,_T,Total - all activities,_Z,Not applicable,XDC,National currency,V,Current prices,N,Non transformed data,T0103,Table 0103 - GDP identity from the income side,1996,,6641.352,,,,F,Free (free for publication),1,One,A,Normal value,6,Millions,EUR,Euro
DATAFLOW,OECD.SDD.NAD:DSD_NAMAIN10@DF_TABLE1_INCOME(2.0),Annual GDP and components - income approach,I,A,Annual,NLD,Netherlands,S1,Total economy,S1,Total economy,B2A3G,"Operating surplus and mixed income, gross",_Z,Not applicable,_T,Total - all activities,_Z,Not applicable,XDC,National currency,V,Current prices,N,Non transformed data,T0103,Table 0103 - GDP identity from the income side,1996,,139952,,,,F,Free (free for publication),1,One,A,Normal value,6,Millions,EUR,Euro
DATAFLOW,OECD.SDD.NAD:DSD_NAMAIN10@DF_TABLE1_INCOME(2.0),Annual GDP and components - income approach,I,A,Annual,PRT,Portugal,S1,Total economy,S1,Total economy,B2A3G,"Operating surplus and mixed income, gross",_Z,Not applicable,_T,Total - all activities,_Z,Not applicable,XDC,National currency,V,Current prices,N,Non transformed data,T0103,Table 0103 - GDP identity from the income side,1996,,38984.052,,,,F,Free (free for publication),1,One,A,Normal value,6,Millions,EUR,Euro
DATAFLOW,OECD.SDD.NAD:DSD_NAMAIN10@DF_TABLE1_INCOME(2.0),Annual GDP and components - income approach,I,A,Annual,SVK,Slovak Republic,S1,Total economy,S1,Total economy,B2A3G,"Operating surplus and mixed income, gross",_Z,Not applicable,_T,Total - all activities,_Z,Not applicable,XDC,National currency,V,Current prices,N,Non transformed data,T0103,Table 0103 - GDP identity from the income side,1996,,11008.242,,,,F,Free (free for publication),1,One,A,Normal value,6,Millions,EUR,Euro
DATAFLOW,OECD.SDD.NAD:DSD_NAMAIN10@DF_TABLE1_INCOME(2.0),Annual GDP and components - income approach,I,A,Annual,SVN,Slovenia,S1,Total economy,S1,Total economy,B2A3G,"Operating surplus and mixed income, gross",_Z,Not applicable,_T,Total - all activities,_Z,Not applicable,XDC,National currency,V,Current prices,N,Non transformed data,T0103,Table 0103 - GDP identity from the income side,1996,,4150.307,,,,F,Free (free for publication),1,One,A,Normal value,6,Millions,EUR,Euro
DATAFLOW,OECD.SDD.NAD:DSD_NAMAIN10@DF_TABLE1_INCOME(2.0),Annual GDP and components - income approach,I,A,Annual,MLT,Malta,S1,Total economy,S1,Total economy,B2A3G,"Operating surplus and mixed income, gross",_Z,Not applicable,_T,Total - all activities,_Z,Not applicable,XDC,National currency,V,Current prices,N,Non transformed data,T0103,Table 0103 - GDP identity from the income side,1996,,1419.927,,,,F,Free (free for publication),1,One,A,Normal value,6,Millions,EUR,Euro
DATAFLOW,OECD.SDD.NAD:DSD_NAMAIN10@DF_TABLE1_INCOME(2.0),Annual GDP and components - income approach,I,A,Annual,LVA,Latvia,S1,Total economy,S1,Total economy,B2A3G,"Operating surplus and mixed income, gross",_Z,Not applicable,_T,Total - all activities,_Z,Not applicable,XDC,National currency,V,Current prices,N,Non transformed data,T0103,Table 0103 - GDP identity from the income side,1997,,2262.139,,,,F,Free (free for publication),1,One,A,Normal value,6,Millions,EUR,Euro
DATAFLOW,OECD.SDD.NAD:DSD_NAMAIN10@DF_TABLE1_INCOME(2.0),Annual GDP and components - income approach,I,A,Annual,LUX,Luxembourg,S1,Total economy,S1,Total economy,B2A3G,"Operating surplus and mixed income, gross",_Z,Not applicable,_T,Total - all activities,_Z,Not applicable,XDC,National currency,V,Current prices,N,Non transformed data,T0103,Table 0103 - GDP identity from the income side,1997,,7284.015,,,,F,Free (free for publication),1,One,A,Normal value,6,Millions,EUR,Euro
DATAFLOW,OECD.SDD.NAD:DSD_NAMAIN10@DF_TABLE1_INCOME(2.0),Annual GDP and components - income approach,I,A,Annual,NLD,Netherlands,S1,Total economy,S1,Total economy,B2A3G,"Operating surplus and mixed income, gross",_Z,Not applicable,_T,Total - all activities,_Z,Not applicable,XDC,National currency,V,Current prices,N,Non transformed data,T0103,Table 0103 - GDP identity from the income side,1997,,152477,,,,F,Free (free for publication),1,One,A,Normal value,6,Millions,EUR,Euro
DATAFLOW,OECD.SDD.NAD:DSD_NAMAIN10@DF_TABLE1_INCOME(2.0),Annual GDP and components - income approach,I,A,Annual,PRT,Portugal,S1,Total economy,S1,Total economy,B2A3G,"Operating surplus and mixed income, gross",_Z,Not applicable,_T,Total - all activities,_Z,Not applicable,XDC,National currency,V,Current prices,N,Non transformed data,T0103,Table 0103 - GDP identity from the income side,1997,,42264.939,,,,F,Free (free for publication),1,One,A,Normal value,6,Millions,EUR,Euro
DATAFLOW,OECD.SDD.NAD:DSD_NAMAIN10@DF_TABLE1_INCOME(2.0),Annual GDP and components - income approach,I,A,Annual,SVK,Slovak Republic,S1,Total economy,S1,Total economy,B2A3G,"Operating surplus and mixed income, gross",_Z,Not applicable,_T,Total - all activities,_Z,Not applicable,XDC,National currency,V,Current prices,N,Non transformed data,T0103,Table 0103 - GDP identity from the income side,1997,,12020.662,,,,F,Free (free for publication),1,One,A,Normal value,6,Millions,EUR,Euro
DATAFLOW,OECD.SDD.NAD:DSD_NAMAIN10@DF_TABLE1_INCOME(2.0),Annual GDP and components - income approach,I,A,Annual,SVN,Slovenia,S1,Total economy,S1,Total economy,B2A3G,"Operating surplus and mixed income, gross",_Z,Not applicable,_T,Total - all activities,_Z,Not applicable,XDC,National currency,V,Current prices,N,Non transformed data,T0103,Table 0103 - GDP identity from the income side,1997,,5043.396,,,,F,Free (free for publication),1,One,A,Normal value,6,Millions,EUR,Euro
DATAFLOW,OECD.SDD.NAD:DSD_NAMAIN10@DF_TABLE1_INCOME(2.0),Annual GDP and components - income approach,I,A,Annual,MLT,Malta,S1,Total economy,S1,Total economy,B2A3G,"Operating surplus and mixed income, gross",_Z,Not applicable,_T,Total - all activities,_Z,Not applicable,XDC,National currency,V,Current prices,N,Non transformed data,T0103,Table 0103 - GDP identity from the income side,1997,,1524.382,,,,F,Free (free for publication),1,One,A,Normal value,6,Millions,EUR,Euro
DATAFLOW,OECD.SDD.NAD:DSD_NAMAIN10@DF_TABLE1_INCOME(2.0),Annual GDP and components - income approach,I,A,Annual,LVA,Latvia,S1,Total economy,S1,Total economy,B2A3G,"Operating surplus and mixed income, gross",_Z,Not applicable,_T,Total - all activities,_Z,Not applicable,XDC,National currency,V,Current prices,N,Non transformed data,T0103,Table 0103 - GDP identity from the income side,1998,,2547.742,,,,F,Free (free for publication),1,One,A,Normal value,6,Millions,EUR,Euro
DATAFLOW,OECD.SDD.NAD:DSD_NAMAIN10@DF_TABLE1_INCOME(2.0),Annual GDP and components - income approach,I,A,Annual,LUX,Luxembourg,S1,Total economy,S1,Total economy,B2A3G,"Operating surplus and mixed income, gross",_Z,Not applicable,_T,Total - all activities,_Z,Not applicable,XDC,National currency,V,Current prices,N,Non transformed data,T0103,Table 0103 - GDP identity from the income side,1998,,7390.004,,,,F,Free (free for publication),1,One,A,Normal value,6,Millions,EUR,Euro
DATAFLOW,OECD.SDD.NAD:DSD_NAMAIN10@DF_TABLE1_INCOME(2.0),Annual GDP and components - income approach,I,A,Annual,NLD,Netherlands,S1,Total economy,S1,Total economy,B2A3G,"Operating surplus and mixed income, gross",_Z,Not applicable,_T,Total - all activities,_Z,Not applicable,XDC,National currency,V,Current prices,N,Non transformed data,T0103,Table 0103 - GDP identity from the income side,1998,,162448,,,,F,Free (free for publication),1,One,A,Normal value,6,Millions,EUR,Euro
DATAFLOW,OECD.SDD.NAD:DSD_NAMAIN10@DF_TABLE1_INCOME(2.0),Annual GDP and components - income approach,I,A,Annual,PRT,Portugal,S1,Total economy,S1,Total economy,B2A3G,"Operating surplus and mixed income, gross",_Z,Not applicable,_T,Total - all activities,_Z,Not applicable,XDC,National currency,V,Current prices,N,Non transformed data,T0103,Table 0103 - GDP identity from the income side,1998,,45315.978,,,,F,Free (free for publication),1,One,A,Normal value,6,Millions,EUR,Euro
DATAFLOW,OECD.SDD.NAD:DSD_NAMAIN10@DF_TABLE1_INCOME(2.0),Annual GDP and components - income approach,I,A,Annual,SVK,Slovak Republic,S1,Total economy,S1,Total economy,B2A3G,"Operating surplus and mixed income, gross",_Z,Not applicable,_T,Total - all activities,_Z,Not applicable,XDC,National currency,V,Current prices,N,Non transformed data,T0103,Table 0103 - GDP identity from the income side,1998,,12824.03,,,,F,Free (free for publication),1,One,A,Normal value,6,Millions,EUR,Euro
DATAFLOW,OECD.SDD.NAD:DSD_NAMAIN10@DF_TABLE1_INCOME(2.0),Annual GDP and components - income approach,I,A,Annual,SVN,Slovenia,S1,Total economy,S1,Total economy,B2A3G,"Operating surplus and mixed income, gross",_Z,Not applicable,_T,Total - all activities,_Z,Not applicable,XDC,National currency,V,Current prices,N,Non transformed data,T0103,Table 0103 - GDP identity from the income side,1998,,5625.687,,,,F,Free (free for publication),1,One,A,Normal value,6,Millions,EUR,Euro
DATAFLOW,OECD.SDD.NAD:DSD_NAMAIN10@DF_TABLE1_INCOME(2.0),Annual GDP and components - income approach,I,A,Annual,MLT,Malta,S1,Total economy,S1,Total economy,B2A3G,"Operating surplus and mixed income, gross",_Z,Not applicable,_T,Total - all activities,_Z,Not applicable,XDC,National currency,V,Current prices,N,Non transformed data,T0103,Table 0103 - GDP identity from the income side,1998,,1666.243,,,,F,Free (free for publication),1,One,A,Normal value,6,Millions,EUR,Euro
DATAFLOW,OECD.SDD.NAD:DSD_NAMAIN10@DF_TABLE1_INCOME(2.0),Annual GDP and components - income approach,I,A,Annual,LVA,Latvia,S1,Total economy,S1,Total economy,B2A3G,"Operating surplus and mixed income, gross",_Z,Not applicable,_T,Total - all activities,_Z,Not applicable,XDC,National currency,V,Current prices,N,Non transformed data,T0103,Table 0103 - GDP identity from the income side,1999,,2661.128,,,,F,Free (free for publication),1,One,A,Normal value,6,Millions,EUR,Euro
DATAFLOW,OECD.SDD.NAD:DSD_NAMAIN10@DF_TABLE1_INCOME(2.0),Annual GDP and components - income approach,I,A,Annual,LUX,Luxembourg,S1,Total economy,S1,Total economy,B2A3G,"Operating surplus and mixed income, gross",_Z,Not applicable,_T,Total - all activities,_Z,Not applicable,XDC,National currency,V,Current prices,N,Non transformed data,T0103,Table 0103 - GDP identity from the income side,1999,,8556.45,,,,F,Free (free for publication),1,One,A,Normal value,6,Millions,EUR,Euro
DATAFLOW,OECD.SDD.NAD:DSD_NAMAIN10@DF_TABLE1_INCOME(2.0),Annual GDP and components - income approach,I,A,Annual,NLD,Netherlands,S1,Total economy,S1,Total economy,B2A3G,"Operating surplus and mixed income, gross",_Z,Not applicable,_T,Total - all activities,_Z,Not applicable,XDC,National currency,V,Current prices,N,Non transformed data,T0103,Table 0103 - GDP identity from the income side,1999,,168589,,,,F,Free (free for publication),1,One,A,Normal value,6,Millions,EUR,Euro
DATAFLOW,OECD.SDD.NAD:DSD_NAMAIN10@DF_TABLE1_INCOME(2.0),Annual GDP and components - income approach,I,A,Annual,PRT,Portugal,S1,Total economy,S1,Total economy,B2A3G,"Operating surplus and mixed income, gross",_Z,Not applicable,_T,Total - all activities,_Z,Not applicable,XDC,National currency,V,Current prices,N,Non transformed data,T0103,Table 0103 - GDP identity from the income side,1999,,48497.742,,,,F,Free (free for publication),1,One,A,Normal value,6,Millions,EUR,Euro
DATAFLOW,OECD.SDD.NAD:DSD_NAMAIN10@DF_TABLE1_INCOME(2.0),Annual GDP and components - income approach,I,A,Annual,SVK,Slovak Republic,S1,Total economy,S1,Total economy,B2A3G,"Operating surplus and mixed income, gross",_Z,Not applicable,_T,Total - all activities,_Z,Not applicable,XDC,National currency,V,Current prices,N,Non transformed data,T0103,Table 0103 - GDP identity from the income side,1999,,14210.197,,,,F,Free (free for publication),1,One,A,Normal value,6,Millions,EUR,Euro
DATAFLOW,OECD.SDD.NAD:DSD_NAMAIN10@DF_TABLE1_INCOME(2.0),Annual GDP and components - income approach,I,A,Annual,SVN,Slovenia,S1,Total economy,S1,Total economy,B2A3G,"Operating surplus and mixed income, gross",_Z,Not applicable,_T,Total - all activities,_Z,Not applicable,XDC,National currency,V,Current prices,N,Non transformed data,T0103,Table 0103 - GDP identity from the income side,1999,,6350.565,,,,F,Free (free for publication),1,One,A,Normal value,6,Millions,EUR,Euro
DATAFLOW,OECD.SDD.NAD:DSD_NAMAIN10@DF_TABLE1_INCOME(2.0),Annual GDP and components - income approach,I,A,Annual,MLT,Malta,S1,Total economy,S1,Total economy,B2A3G,"Operating surplus and mixed income, gross",_Z,Not applicable,_T,Total - all activities,_Z,Not applicable,XDC,National currency,V,Current prices,N,Non transformed data,T0103,Table 0103 - GDP identity from the income side,1999,,1718.349,,,,F,Free (free for publication),1,One,A,Normal value,6,Millions,EUR,Euro
DATAFLOW,OECD.SDD.NAD:DSD_NAMAIN10@DF_TABLE1_INCOME(2.0),Annual GDP and components - income approach,I,A,Annual,LVA,Latvia,S1,Total economy,S1,Total economy,B2A3G,"Operating surplus and mixed income, gross",_Z,Not applicable,_T,Total - all activities,_Z,Not applicable,XDC,National currency,V,Current prices,N,Non transformed data,T0103,Table 0103 - GDP identity from the income side,2000,,3080.988,,,,F,Free (free for publication),1,One,A,Normal value,6,Millions,EUR,Euro
DATAFLOW,OECD.SDD.NAD:DSD_NAMAIN10@DF_TABLE1_INCOME(2.0),Annual GDP and components - income approach,I,A,Annual,LUX,Luxembourg,S1,Total economy,S1,Total economy,B2A3G,"Operating surplus and mixed income, gross",_Z,Not applicable,_T,Total - all activities,_Z,Not applicable,XDC,National currency,V,Current prices,N,Non transformed data,T0103,Table 0103 - GDP identity from the income side,2000,,9507.039,,,,F,Free (free for publication),1,One,A,Normal value,6,Millions,EUR,Euro
DATAFLOW,OECD.SDD.NAD:DSD_NAMAIN10@DF_TABLE1_INCOME(2.0),Annual GDP and components - income approach,I,A,Annual,NLD,Netherlands,S1,Total economy,S1,Total economy,B2A3G,"Operating surplus and mixed income, gross",_Z,Not applicable,_T,Total - all activities,_Z,Not applicable,XDC,National currency,V,Current prices,N,Non transformed data,T0103,Table 0103 - GDP identity from the income side,2000,,180662,,,,F,Free (free for publication),1,One,A,Normal value,6,Millions,EUR,Euro
DATAFLOW,OECD.SDD.NAD:DSD_NAMAIN10@DF_TABLE1_INCOME(2.0),Annual GDP and components - income approach,I,A,Annual,PRT,Portugal,S1,Total economy,S1,Total economy,B2A3G,"Operating surplus and mixed income, gross",_Z,Not applicable,_T,Total - all activities,_Z,Not applicable,XDC,National currency,V,Current prices,N,Non transformed data,T0103,Table 0103 - GDP identity from the income side,2000,,51548.713,,,,F,Free (free for publication),1,One,A,Normal value,6,Millions,EUR,Euro
DATAFLOW,OECD.SDD.NAD:DSD_NAMAIN10@DF_TABLE1_INCOME(2.0),Annual GDP and components - income approach,I,A,Annual,SVK,Slovak Republic,S1,Total economy,S1,Total economy,B2A3G,"Operating surplus and mixed income, gross",_Z,Not applicable,_T,Total - all activities,_Z,Not applicable,XDC,National currency,V,Current prices,N,Non transformed data,T0103,Table 0103 - GDP identity from the income side,2000,,15547.264,,,,F,Free (free for publication),1,One,A,Normal value,6,Millions,EUR,Euro
DATAFLOW,OECD.SDD.NAD:DSD_NAMAIN10@DF_TABLE1_INCOME(2.0),Annual GDP and components - income approach,I,A,Annual,SVN,Slovenia,S1,Total economy,S1,Total economy,B2A3G,"Operating surplus and mixed income, gross",_Z,Not applicable,_T,Total - all activities,_Z,Not applicable,XDC,National currency,V,Current prices,N,Non transformed data,T0103,Table 0103 - GDP identity from the income side,2000,,6766.819,,,,F,Free (free for publication),1,One,A,Normal value,6,Millions,EUR,Euro
DATAFLOW,OECD.SDD.NAD:DSD_NAMAIN10@DF_TABLE1_INCOME(2.0),Annual GDP and components - income approach,I,A,Annual,MLT,Malta,S1,Total economy,S1,Total economy,B2A3G,"Operating surplus and mixed income, gross",_Z,Not applicable,_T,Total - all activities,_Z,Not applicable,XDC,National currency,V,Current prices,N,Non transformed data,T0103,Table 0103 - GDP identity from the income side,2000,,1914.276,,,,F,Free (free for publication),1,One,A,Normal value,6,Millions,EUR,Euro
DATAFLOW,OECD.SDD.NAD:DSD_NAMAIN10@DF_TABLE1_INCOME(2.0),Annual GDP and components - income approach,I,A,Annual,LVA,Latvia,S1,Total economy,S1,Total economy,B2A3G,"Operating surplus and mixed income, gross",_Z,Not applicable,_T,Total - all activities,_Z,Not applicable,XDC,National currency,V,Current prices,N,Non transformed data,T0103,Table 0103 - GDP identity from the income side,2001,,3476.069,,,,F,Free (free for publication),1,One,A,Normal value,6,Millions,EUR,Euro
DATAFLOW,OECD.SDD.NAD:DSD_NAMAIN10@DF_TABLE1_INCOME(2.0),Annual GDP and components - income approach,I,A,Annual,LUX,Luxembourg,S1,Total economy,S1,Total economy,B2A3G,"Operating surplus and mixed income, gross",_Z,Not applicable,_T,Total - all activities,_Z,Not applicable,XDC,National currency,V,Current prices,N,Non transformed data,T0103,Table 0103 - GDP identity from the income side,2001,,9429.472,,,,F,Free (free for publication),1,One,A,Normal value,6,Millions,EUR,Euro
DATAFLOW,OECD.SDD.NAD:DSD_NAMAIN10@DF_TABLE1_INCOME(2.0),Annual GDP and components - income approach,I,A,Annual,NLD,Netherlands,S1,Total economy,S1,Total economy,B2A3G,"Operating surplus and mixed income, gross",_Z,Not applicable,_T,Total - all activities,_Z,Not applicable,XDC,National currency,V,Current prices,N,Non transformed data,T0103,Table 0103 - GDP identity from the income side,2001,,192894,,,,F,Free (free for publication),1,One,A,Normal value,6,Millions,EUR,Euro
DATAFLOW,OECD.SDD.NAD:DSD_NAMAIN10@DF_TABLE1_INCOME(2.0),Annual GDP and components - income approach,I,A,Annual,PRT,Portugal,S1,Total economy,S1,Total economy,B2A3G,"Operating surplus and mixed income, gross",_Z,Not applicable,_T,Total - all activities,_Z,Not applicable,XDC,National currency,V,Current prices,N,Non transformed data,T0103,Table 0103 - GDP identity from the income side,2001,,54659.541,,,,F,Free (free for publication),1,One,A,Normal value,6,Millions,EUR,Euro
DATAFLOW,OECD.SDD.NAD:DSD_NAMAIN10@DF_TABLE1_INCOME(2.0),Annual GDP and components - income approach,I,A,Annual,SVK,Slovak Republic,S1,Total economy,S1,Total economy,B2A3G,"Operating surplus and mixed income, gross",_Z,Not applicable,_T,Total - all activities,_Z,Not applicable,XDC,National currency,V,Current prices,N,Non transformed data,T0103,Table 0103 - GDP identity from the income side,2001,,17485.031,,,,F,Free (free for publication),1,One,A,Normal value,6,Millions,EUR,Euro
DATAFLOW,OECD.SDD.NAD:DSD_NAMAIN10@DF_TABLE1_INCOME(2.0),Annual GDP and components - income approach,I,A,Annual,SVN,Slovenia,S1,Total economy,S1,Total economy,B2A3G,"Operating surplus and mixed income, gross",_Z,Not applicable,_T,Total - all activities,_Z,Not applicable,XDC,National currency,V,Current prices,N,Non transformed data,T0103,Table 0103 - GDP identity from the income side,2001,,7497.06,,,,F,Free (free for publication),1,One,A,Normal value,6,Millions,EUR,Euro
DATAFLOW,OECD.SDD.NAD:DSD_NAMAIN10@DF_TABLE1_INCOME(2.0),Annual GDP and components - income approach,I,A,Annual,MLT,Malta,S1,Total economy,S1,Total economy,B2A3G,"Operating surplus and mixed income, gross",_Z,Not applicable,_T,Total - all activities,_Z,Not applicable,XDC,National currency,V,Current prices,N,Non transformed data,T0103,Table 0103 - GDP identity from the income side,2001,,1864.654,,,,F,Free (free for publication),1,One,A,Normal value,6,Millions,EUR,Euro
DATAFLOW,OECD.SDD.NAD:DSD_NAMAIN10@DF_TABLE1_INCOME(2.0),Annual GDP and components - income approach,I,A,Annual,LVA,Latvia,S1,Total economy,S1,Total economy,B2A3G,"Operating surplus and mixed income, gross",_Z,Not applicable,_T,Total - all activities,_Z,Not applicable,XDC,National currency,V,Current prices,N,Non transformed data,T0103,Table 0103 - GDP identity from the income side,2002,,4039.66,,,,F,Free (free for publication),1,One,A,Normal value,6,Millions,EUR,Euro
DATAFLOW,OECD.SDD.NAD:DSD_NAMAIN10@DF_TABLE1_INCOME(2.0),Annual GDP and components - income approach,I,A,Annual,LUX,Luxembourg,S1,Total economy,S1,Total economy,B2A3G,"Operating surplus and mixed income, gross",_Z,Not applicable,_T,Total - all activities,_Z,Not applicable,XDC,National currency,V,Current prices,N,Non transformed data,T0103,Table 0103 - GDP identity from the income side,2002,,9721.651,,,,F,Free (free for publication),1,One,A,Normal value,6,Millions,EUR,Euro
DATAFLOW,OECD.SDD.NAD:DSD_NAMAIN10@DF_TABLE1_INCOME(2.0),Annual GDP and components - income approach,I,A,Annual,NLD,Netherlands,S1,Total economy,S1,Total economy,B2A3G,"Operating surplus and mixed income, gross",_Z,Not applicable,_T,Total - all activities,_Z,Not applicable,XDC,National currency,V,Current prices,N,Non transformed data,T0103,Table 0103 - GDP identity from the income side,2002,,199433,,,,F,Free (free for publication),1,One,A,Normal value,6,Millions,EUR,Euro
DATAFLOW,OECD.SDD.NAD:DSD_NAMAIN10@DF_TABLE1_INCOME(2.0),Annual GDP and components - income approach,I,A,Annual,PRT,Portugal,S1,Total economy,S1,Total economy,B2A3G,"Operating surplus and mixed income, gross",_Z,Not applicable,_T,Total - all activities,_Z,Not applicable,XDC,National currency,V,Current prices,N,Non transformed data,T0103,Table 0103 - GDP identity from the income side,2002,,56969.138,,,,F,Free (free for publication),1,One,A,Normal value,6,Millions,EUR,Euro
DATAFLOW,OECD.SDD.NAD:DSD_NAMAIN10@DF_TABLE1_INCOME(2.0),Annual GDP and components - income approach,I,A,Annual,SVK,Slovak Republic,S1,Total economy,S1,Total economy,B2A3G,"Operating surplus and mixed income, gross",_Z,Not applicable,_T,Total - all activities,_Z,Not applicable,XDC,National currency,V,Current prices,N,Non transformed data,T0103,Table 0103 - GDP identity from the income side,2002,,18750.739,,,,F,Free (free for publication),1,One,A,Normal value,6,Millions,EUR,Euro
DATAFLOW,OECD.SDD.NAD:DSD_NAMAIN10@DF_TABLE1_INCOME(2.0),Annual GDP and components - income approach,I,A,Annual,SVN,Slovenia,S1,Total economy,S1,Total economy,B2A3G,"Operating surplus and mixed income, gross",_Z,Not applicable,_T,Total - all activities,_Z,Not applicable,XDC,National currency,V,Current prices,N,Non transformed data,T0103,Table 0103 - GDP identity from the income side,2002,,8385.091,,,,F,Free (free for publication),1,One,A,Normal value,6,Millions,EUR,Euro
DATAFLOW,OECD.SDD.NAD:DSD_NAMAIN10@DF_TABLE1_INCOME(2.0),Annual GDP and components - income approach,I,A,Annual,MLT,Malta,S1,Total economy,S1,Total economy,B2A3G,"Operating surplus and mixed income, gross",_Z,Not applicable,_T,Total - all activities,_Z,Not applicable,XDC,National currency,V,Current prices,N,Non transformed data,T0103,Table 0103 - GDP identity from the income side,2002,,2022.846,,,,F,Free (free for publication),1,One,A,Normal value,6,Millions,EUR,Euro
DATAFLOW,OECD.SDD.NAD:DSD_NAMAIN10@DF_TABLE1_INCOME(2.0),Annual GDP and components - income approach,I,A,Annual,LVA,Latvia,S1,Total economy,S1,Total economy,B2A3G,"Operating surplus and mixed income, gross",_Z,Not applicable,_T,Total - all activities,_Z,Not applicable,XDC,National currency,V,Current prices,N,Non transformed data,T0103,Table 0103 - GDP identity from the income side,2003,,4414.309,,,,F,Free (free for publication),1,One,A,Normal value,6,Millions,EUR,Euro
DATAFLOW,OECD.SDD.NAD:DSD_NAMAIN10@DF_TABLE1_INCOME(2.0),Annual GDP and components - income approach,I,A,Annual,LUX,Luxembourg,S1,Total economy,S1,Total economy,B2A3G,"Operating surplus and mixed income, gross",_Z,Not applicable,_T,Total - all activities,_Z,Not applicable,XDC,National currency,V,Current prices,N,Non transformed data,T0103,Table 0103 - GDP identity from the income side,2003,,10414.614,,,,F,Free (free for publication),1,One,A,Normal value,6,Millions,EUR,Euro
DATAFLOW,OECD.SDD.NAD:DSD_NAMAIN10@DF_TABLE1_INCOME(2.0),Annual GDP and components - income approach,I,A,Annual,NLD,Netherlands,S1,Total economy,S1,Total economy,B2A3G,"Operating surplus and mixed income, gross",_Z,Not applicable,_T,Total - all activities,_Z,Not applicable,XDC,National currency,V,Current prices,N,Non transformed data,T0103,Table 0103 - GDP identity from the income side,2003,,203038,,,,F,Free (free for publication),1,One,A,Normal value,6,Millions,EUR,Euro
DATAFLOW,OECD.SDD.NAD:DSD_NAMAIN10@DF_TABLE1_INCOME(2.0),Annual GDP and components - income approach,I,A,Annual,PRT,Portugal,S1,Total economy,S1,Total economy,B2A3G,"Operating surplus and mixed income, gross",_Z,Not applicable,_T,Total - all activities,_Z,Not applicable,XDC,National currency,V,Current prices,N,Non transformed data,T0103,Table 0103 - GDP identity from the income side,2003,,58820.428,,,,F,Free (free for publication),1,One,A,Normal value,6,Millions,EUR,Euro
DATAFLOW,OECD.SDD.NAD:DSD_NAMAIN10@DF_TABLE1_INCOME(2.0),Annual GDP and components - income approach,I,A,Annual,SVK,Slovak Republic,S1,Total economy,S1,Total economy,B2A3G,"Operating surplus and mixed income, gross",_Z,Not applicable,_T,Total - all activities,_Z,Not applicable,XDC,National currency,V,Current prices,N,Non transformed data,T0103,Table 0103 - GDP identity from the income side,2003,,20947.698,,,,F,Free (free for publication),1,One,A,Normal value,6,Millions,EUR,Euro
DATAFLOW,OECD.SDD.NAD:DSD_NAMAIN10@DF_TABLE1_INCOME(2.0),Annual GDP and components - income approach,I,A,Annual,SVN,Slovenia,S1,Total economy,S1,Total economy,B2A3G,"Operating surplus and mixed income, gross",_Z,Not applicable,_T,Total - all activities,_Z,Not applicable,XDC,National currency,V,Current prices,N,Non transformed data,T0103,Table 0103 - GDP identity from the income side,2003,,9268.33,,,,F,Free (free for publication),1,One,A,Normal value,6,Millions,EUR,Euro
DATAFLOW,OECD.SDD.NAD:DSD_NAMAIN10@DF_TABLE1_INCOME(2.0),Annual GDP and components - income approach,I,A,Annual,MLT,Malta,S1,Total economy,S1,Total economy,B2A3G,"Operating surplus and mixed income, gross",_Z,Not applicable,_T,Total - all activities,_Z,Not applicable,XDC,National currency,V,Current prices,N,Non transformed data,T0103,Table 0103 - GDP identity from the income side,2003,,2149.296,,,,F,Free (free for publication),1,One,A,Normal value,6,Millions,EUR,Euro
DATAFLOW,OECD.SDD.NAD:DSD_NAMAIN10@DF_TABLE1_INCOME(2.0),Annual GDP and components - income approach,I,A,Annual,LVA,Latvia,S1,Total economy,S1,Total economy,B2A3G,"Operating surplus and mixed income, gross",_Z,Not applicable,_T,Total - all activities,_Z,Not applicable,XDC,National currency,V,Current prices,N,Non transformed data,T0103,Table 0103 - GDP identity from the income side,2004,,5186.912,,,,F,Free (free for publication),1,One,A,Normal value,6,Millions,EUR,Euro
DATAFLOW,OECD.SDD.NAD:DSD_NAMAIN10@DF_TABLE1_INCOME(2.0),Annual GDP and components - income approach,I,A,Annual,LUX,Luxembourg,S1,Total economy,S1,Total economy,B2A3G,"Operating surplus and mixed income, gross",_Z,Not applicable,_T,Total - all activities,_Z,Not applicable,XDC,National currency,V,Current prices,N,Non transformed data,T0103,Table 0103 - GDP identity from the income side,2004,,11231.358,,,,F,Free (free for publication),1,One,A,Normal value,6,Millions,EUR,Euro
DATAFLOW,OECD.SDD.NAD:DSD_NAMAIN10@DF_TABLE1_INCOME(2.0),Annual GDP and components - income approach,I,A,Annual,NLD,Netherlands,S1,Total economy,S1,Total economy,B2A3G,"Operating surplus and mixed income, gross",_Z,Not applicable,_T,Total - all activities,_Z,Not applicable,XDC,National currency,V,Current prices,N,Non transformed data,T0103,Table 0103 - GDP identity from the income side,2004,,213726,,,,F,Free (free for publication),1,One,A,Normal value,6,Millions,EUR,Euro
DATAFLOW,OECD.SDD.NAD:DSD_NAMAIN10@DF_TABLE1_INCOME(2.0),Annual GDP and components - income approach,I,A,Annual,PRT,Portugal,S1,Total economy,S1,Total economy,B2A3G,"Operating surplus and mixed income, gross",_Z,Not applicable,_T,Total - all activities,_Z,Not applicable,XDC,National currency,V,Current prices,N,Non transformed data,T0103,Table 0103 - GDP identity from the income side,2004,,61460.824,,,,F,Free (free for publication),1,One,A,Normal value,6,Millions,EUR,Euro
DATAFLOW,OECD.SDD.NAD:DSD_NAMAIN10@DF_TABLE1_INCOME(2.0),Annual GDP and components - income approach,I,A,Annual,SVK,Slovak Republic,S1,Total economy,S1,Total economy,B2A3G,"Operating surplus and mixed income, gross",_Z,Not applicable,_T,Total - all activities,_Z,Not applicable,XDC,National currency,V,Current prices,N,Non transformed data,T0103,Table 0103 - GDP identity from the income side,2004,,24595.78,,,,F,Free (free for publication),1,One,A,Normal value,6,Millions,EUR,Euro
DATAFLOW,OECD.SDD.NAD:DSD_NAMAIN10@DF_TABLE1_INCOME(2.0),Annual GDP and components - income approach,I,A,Annual,SVN,Slovenia,S1,Total economy,S1,Total economy,B2A3G,"Operating surplus and mixed income, gross",_Z,Not applicable,_T,Total - all activities,_Z,Not applicable,XDC,National currency,V,Current prices,N,Non transformed data,T0103,Table 0103 - GDP identity from the income side,2004,,9978.045,,,,F,Free (free for publication),1,One,A,Normal value,6,Millions,EUR,Euro
DATAFLOW,OECD.SDD.NAD:DSD_NAMAIN10@DF_TABLE1_INCOME(2.0),Annual GDP and components - income approach,I,A,Annual,MLT,Malta,S1,Total economy,S1,Total economy,B2A3G,"Operating surplus and mixed income, gross",_Z,Not applicable,_T,Total - all activities,_Z,Not applicable,XDC,National currency,V,Current prices,N,Non transformed data,T0103,Table 0103 - GDP identity from the income side,2004,,2141.088,,,,F,Free (free for publication),1,One,A,Normal value,6,Millions,EUR,Euro
DATAFLOW,OECD.SDD.NAD:DSD_NAMAIN10@DF_TABLE1_INCOME(2.0),Annual GDP and components - income approach,I,A,Annual,LVA,Latvia,S1,Total economy,S1,Total economy,B2A3G,"Operating surplus and mixed income, gross",_Z,Not applicable,_T,Total - all activities,_Z,Not applicable,XDC,National currency,V,Current prices,N,Non transformed data,T0103,Table 0103 - GDP identity from the income side,2005,,6112.336,,,,F,Free (free for publication),1,One,A,Normal value,6,Millions,EUR,Euro
DATAFLOW,OECD.SDD.NAD:DSD_NAMAIN10@DF_TABLE1_INCOME(2.0),Annual GDP and components - income approach,I,A,Annual,LUX,Luxembourg,S1,Total economy,S1,Total economy,B2A3G,"Operating surplus and mixed income, gross",_Z,Not applicable,_T,Total - all activities,_Z,Not applicable,XDC,National currency,V,Current prices,N,Non transformed data,T0103,Table 0103 - GDP identity from the income side,2005,,11976.986,,,,F,Free (free for publication),1,One,A,Normal value,6,Millions,EUR,Euro
DATAFLOW,OECD.SDD.NAD:DSD_NAMAIN10@DF_TABLE1_INCOME(2.0),Annual GDP and components - income approach,I,A,Annual,NLD,Netherlands,S1,Total economy,S1,Total economy,B2A3G,"Operating surplus and mixed income, gross",_Z,Not applicable,_T,Total - all activities,_Z,Not applicable,XDC,National currency,V,Current prices,N,Non transformed data,T0103,Table 0103 - GDP identity from the income side,2005,,227405,,,,F,Free (free for publication),1,One,A,Normal value,6,Millions,EUR,Euro
DATAFLOW,OECD.SDD.NAD:DSD_NAMAIN10@DF_TABLE1_INCOME(2.0),Annual GDP and components - income approach,I,A,Annual,PRT,Portugal,S1,Total economy,S1,Total economy,B2A3G,"Operating surplus and mixed income, gross",_Z,Not applicable,_T,Total - all activities,_Z,Not applicable,XDC,National currency,V,Current prices,N,Non transformed data,T0103,Table 0103 - GDP identity from the income side,2005,,62470.449,,,,F,Free (free for publication),1,One,A,Normal value,6,Millions,EUR,Euro
DATAFLOW,OECD.SDD.NAD:DSD_NAMAIN10@DF_TABLE1_INCOME(2.0),Annual GDP and components - income approach,I,A,Annual,SVK,Slovak Republic,S1,Total economy,S1,Total economy,B2A3G,"Operating surplus and mixed income, gross",_Z,Not applicable,_T,Total - all activities,_Z,Not applicable,XDC,National currency,V,Current prices,N,Non transformed data,T0103,Table 0103 - GDP identity from the income side,2005,,26289.204,,,,F,Free (free for publication),1,One,A,Normal value,6,Millions,EUR,Euro
DATAFLOW,OECD.SDD.NAD:DSD_NAMAIN10@DF_TABLE1_INCOME(2.0),Annual GDP and components - income approach,I,A,Annual,SVN,Slovenia,S1,Total economy,S1,Total economy,B2A3G,"Operating surplus and mixed income, gross",_Z,Not applicable,_T,Total - all activities,_Z,Not applicable,XDC,National currency,V,Current prices,N,Non transformed data,T0103,Table 0103 - GDP identity from the income side,2005,,10501.526,,,,F,Free (free for publication),1,One,A,Normal value,6,Millions,EUR,Euro
DATAFLOW,OECD.SDD.NAD:DSD_NAMAIN10@DF_TABLE1_INCOME(2.0),Annual GDP and components - income approach,I,A,Annual,MLT,Malta,S1,Total economy,S1,Total economy,B2A3G,"Operating surplus and mixed income, gross",_Z,Not applicable,_T,Total - all activities,_Z,Not applicable,XDC,National currency,V,Current prices,N,Non transformed data,T0103,Table 0103 - GDP identity from the income side,2005,,2270.847,,,,F,Free (free for publication),1,One,A,Normal value,6,Millions,EUR,Euro
DATAFLOW,OECD.SDD.NAD:DSD_NAMAIN10@DF_TABLE1_INCOME(2.0),Annual GDP and components - income approach,I,A,Annual,LVA,Latvia,S1,Total economy,S1,Total economy,B2A3G,"Operating surplus and mixed income, gross",_Z,Not applicable,_T,Total - all activities,_Z,Not applicable,XDC,National currency,V,Current prices,N,Non transformed data,T0103,Table 0103 - GDP identity from the income side,2006,,7273.838,,,,F,Free (free for publication),1,One,A,Normal value,6,Millions,EUR,Euro
DATAFLOW,OECD.SDD.NAD:DSD_NAMAIN10@DF_TABLE1_INCOME(2.0),Annual GDP and components - income approach,I,A,Annual,LUX,Luxembourg,S1,Total economy,S1,Total economy,B2A3G,"Operating surplus and mixed income, gross",_Z,Not applicable,_T,Total - all activities,_Z,Not applicable,XDC,National currency,V,Current prices,N,Non transformed data,T0103,Table 0103 - GDP identity from the income side,2006,,14429.071,,,,F,Free (free for publication),1,One,A,Normal value,6,Millions,EUR,Euro
DATAFLOW,OECD.SDD.NAD:DSD_NAMAIN10@DF_TABLE1_INCOME(2.0),Annual GDP and components - income approach,I,A,Annual,NLD,Netherlands,S1,Total economy,S1,Total economy,B2A3G,"Operating surplus and mixed income, gross",_Z,Not applicable,_T,Total - all activities,_Z,Not applicable,XDC,National currency,V,Current prices,N,Non transformed data,T0103,Table 0103 - GDP identity from the income side,2006,,248667,,,,F,Free (free for publication),1,One,A,Normal value,6,Millions,EUR,Euro
DATAFLOW,OECD.SDD.NAD:DSD_NAMAIN10@DF_TABLE1_INCOME(2.0),Annual GDP and components - income approach,I,A,Annual,PRT,Portugal,S1,Total economy,S1,Total economy,B2A3G,"Operating surplus and mixed income, gross",_Z,Not applicable,_T,Total - all activities,_Z,Not applicable,XDC,National currency,V,Current prices,N,Non transformed data,T0103,Table 0103 - GDP identity from the income side,2006,,66235.319,,,,F,Free (free for publication),1,One,A,Normal value,6,Millions,EUR,Euro
DATAFLOW,OECD.SDD.NAD:DSD_NAMAIN10@DF_TABLE1_INCOME(2.0),Annual GDP and components - income approach,I,A,Annual,SVK,Slovak Republic,S1,Total economy,S1,Total economy,B2A3G,"Operating surplus and mixed income, gross",_Z,Not applicable,_T,Total - all activities,_Z,Not applicable,XDC,National currency,V,Current prices,N,Non transformed data,T0103,Table 0103 - GDP identity from the income side,2006,,30616.168,,,,F,Free (free for publication),1,One,A,Normal value,6,Millions,EUR,Euro
DATAFLOW,OECD.SDD.NAD:DSD_NAMAIN10@DF_TABLE1_INCOME(2.0),Annual GDP and components - income approach,I,A,Annual,SVN,Slovenia,S1,Total economy,S1,Total economy,B2A3G,"Operating surplus and mixed income, gross",_Z,Not applicable,_T,Total - all activities,_Z,Not applicable,XDC,National currency,V,Current prices,N,Non transformed data,T0103,Table 0103 - GDP identity from the income side,2006,,11740.674,,,,F,Free (free for publication),1,One,A,Normal value,6,Millions,EUR,Euro
DATAFLOW,OECD.SDD.NAD:DSD_NAMAIN10@DF_TABLE1_INCOME(2.0),Annual GDP and components - income approach,I,A,Annual,MLT,Malta,S1,Total economy,S1,Total economy,B2A3G,"Operating surplus and mixed income, gross",_Z,Not applicable,_T,Total - all activities,_Z,Not applicable,XDC,National currency,V,Current prices,N,Non transformed data,T0103,Table 0103 - GDP identity from the income side,2006,,2334.784,,,,F,Free (free for publication),1,One,A,Normal value,6,Millions,EUR,Euro
DATAFLOW,OECD.SDD.NAD:DSD_NAMAIN10@DF_TABLE1_INCOME(2.0),Annual GDP and components - income approach,I,A,Annual,LVA,Latvia,S1,Total economy,S1,Total economy,B2A3G,"Operating surplus and mixed income, gross",_Z,Not applicable,_T,Total - all activities,_Z,Not applicable,XDC,National currency,V,Current prices,N,Non transformed data,T0103,Table 0103 - GDP identity from the income side,2007,,9121.22,,,,F,Free (free for publication),1,One,A,Normal value,6,Millions,EUR,Euro
DATAFLOW,OECD.SDD.NAD:DSD_NAMAIN10@DF_TABLE1_INCOME(2.0),Annual GDP and components - income approach,I,A,Annual,LUX,Luxembourg,S1,Total economy,S1,Total economy,B2A3G,"Operating surplus and mixed income, gross",_Z,Not applicable,_T,Total - all activities,_Z,Not applicable,XDC,National currency,V,Current prices,N,Non transformed data,T0103,Table 0103 - GDP identity from the income side,2007,,15967.541,,,,F,Free (free for publication),1,One,A,Normal value,6,Millions,EUR,Euro
DATAFLOW,OECD.SDD.NAD:DSD_NAMAIN10@DF_TABLE1_INCOME(2.0),Annual GDP and components - income approach,I,A,Annual,NLD,Netherlands,S1,Total economy,S1,Total economy,B2A3G,"Operating surplus and mixed income, gross",_Z,Not applicable,_T,Total - all activities,_Z,Not applicable,XDC,National currency,V,Current prices,N,Non transformed data,T0103,Table 0103 - GDP identity from the income side,2007,,266336,,,,F,Free (free for publication),1,One,A,Normal value,6,Millions,EUR,Euro
DATAFLOW,OECD.SDD.NAD:DSD_NAMAIN10@DF_TABLE1_INCOME(2.0),Annual GDP and components - income approach,I,A,Annual,PRT,Portugal,S1,Total economy,S1,Total economy,B2A3G,"Operating surplus and mixed income, gross",_Z,Not applicable,_T,Total - all activities,_Z,Not applicable,XDC,National currency,V,Current prices,N,Non transformed data,T0103,Table 0103 - GDP identity from the income side,2007,,71598.551,,,,F,Free (free for publication),1,One,A,Normal value,6,Millions,EUR,Euro
DATAFLOW,OECD.SDD.NAD:DSD_NAMAIN10@DF_TABLE1_INCOME(2.0),Annual GDP and components - income approach,I,A,Annual,SVK,Slovak Republic,S1,Total economy,S1,Total economy,B2A3G,"Operating surplus and mixed income, gross",_Z,Not applicable,_T,Total - all activities,_Z,Not applicable,XDC,National currency,V,Current prices,N,Non transformed data,T0103,Table 0103 - GDP identity from the income side,2007,,34640.32,,,,F,Free (free for publication),1,One,A,Normal value,6,Millions,EUR,Euro
DATAFLOW,OECD.SDD.NAD:DSD_NAMAIN10@DF_TABLE1_INCOME(2.0),Annual GDP and components - income approach,I,A,Annual,SVN,Slovenia,S1,Total economy,S1,Total economy,B2A3G,"Operating surplus and mixed income, gross",_Z,Not applicable,_T,Total - all activities,_Z,Not applicable,XDC,National currency,V,Current prices,N,Non transformed data,T0103,Table 0103 - GDP identity from the income side,2007,,13477.618,,,,F,Free (free for publication),1,One,A,Normal value,6,Millions,EUR,Euro
DATAFLOW,OECD.SDD.NAD:DSD_NAMAIN10@DF_TABLE1_INCOME(2.0),Annual GDP and components - income approach,I,A,Annual,MLT,Malta,S1,Total economy,S1,Total economy,B2A3G,"Operating surplus and mixed income, gross",_Z,Not applicable,_T,Total - all activities,_Z,Not applicable,XDC,National currency,V,Current prices,N,Non transformed data,T0103,Table 0103 - GDP identity from the income side,2007,,2554.129,,,,F,Free (free for publication),1,One,A,Normal value,6,Millions,EUR,Euro
DATAFLOW,OECD.SDD.NAD:DSD_NAMAIN10@DF_TABLE1_INCOME(2.0),Annual GDP and components - income approach,I,A,Annual,LVA,Latvia,S1,Total economy,S1,Total economy,B2A3G,"Operating surplus and mixed income, gross",_Z,Not applicable,_T,Total - all activities,_Z,Not applicable,XDC,National currency,V,Current prices,N,Non transformed data,T0103,Table 0103 - GDP identity from the income side,2008,,9468.398,,,,F,Free (free for publication),1,One,A,Normal value,6,Millions,EUR,Euro
DATAFLOW,OECD.SDD.NAD:DSD_NAMAIN10@DF_TABLE1_INCOME(2.0),Annual GDP and components - income approach,I,A,Annual,LUX,Luxembourg,S1,Total economy,S1,Total economy,B2A3G,"Operating surplus and mixed income, gross",_Z,Not applicable,_T,Total - all activities,_Z,Not applicable,XDC,National currency,V,Current prices,N,Non transformed data,T0103,Table 0103 - GDP identity from the income side,2008,,17129.046,,,,F,Free (free for publication),1,One,A,Normal value,6,Millions,EUR,Euro
DATAFLOW,OECD.SDD.NAD:DSD_NAMAIN10@DF_TABLE1_INCOME(2.0),Annual GDP and components - income approach,I,A,Annual,NLD,Netherlands,S1,Total economy,S1,Total economy,B2A3G,"Operating surplus and mixed income, gross",_Z,Not applicable,_T,Total - all activities,_Z,Not applicable,XDC,National currency,V,Current prices,N,Non transformed data,T0103,Table 0103 - GDP identity from the income side,2008,,274955,,,,F,Free (free for publication),1,One,A,Normal value,6,Millions,EUR,Euro
DATAFLOW,OECD.SDD.NAD:DSD_NAMAIN10@DF_TABLE1_INCOME(2.0),Annual GDP and components - income approach,I,A,Annual,PRT,Portugal,S1,Total economy,S1,Total economy,B2A3G,"Operating surplus and mixed income, gross",_Z,Not applicable,_T,Total - all activities,_Z,Not applicable,XDC,National currency,V,Current prices,N,Non transformed data,T0103,Table 0103 - GDP identity from the income side,2008,,72704.597,,,,F,Free (free for publication),1,One,A,Normal value,6,Millions,EUR,Euro
DATAFLOW,OECD.SDD.NAD:DSD_NAMAIN10@DF_TABLE1_INCOME(2.0),Annual GDP and components - income approach,I,A,Annual,SVK,Slovak Republic,S1,Total economy,S1,Total economy,B2A3G,"Operating surplus and mixed income, gross",_Z,Not applicable,_T,Total - all activities,_Z,Not applicable,XDC,National currency,V,Current prices,N,Non transformed data,T0103,Table 0103 - GDP identity from the income side,2008,,38265.874,,,,F,Free (free for publication),1,One,A,Normal value,6,Millions,EUR,Euro
DATAFLOW,OECD.SDD.NAD:DSD_NAMAIN10@DF_TABLE1_INCOME(2.0),Annual GDP and components - income approach,I,A,Annual,SVN,Slovenia,S1,Total economy,S1,Total economy,B2A3G,"Operating surplus and mixed income, gross",_Z,Not applicable,_T,Total - all activities,_Z,Not applicable,XDC,National currency,V,Current prices,N,Non transformed data,T0103,Table 0103 - GDP identity from the income side,2008,,14451.061,,,,F,Free (free for publication),1,One,A,Normal value,6,Millions,EUR,Euro
DATAFLOW,OECD.SDD.NAD:DSD_NAMAIN10@DF_TABLE1_INCOME(2.0),Annual GDP and components - income approach,I,A,Annual,MLT,Malta,S1,Total economy,S1,Total economy,B2A3G,"Operating surplus and mixed income, gross",_Z,Not applicable,_T,Total - all activities,_Z,Not applicable,XDC,National currency,V,Current prices,N,Non transformed data,T0103,Table 0103 - GDP identity from the income side,2008,,2791.781,,,,F,Free (free for publication),1,One,A,Normal value,6,Millions,EUR,Euro
DATAFLOW,OECD.SDD.NAD:DSD_NAMAIN10@DF_TABLE1_INCOME(2.0),Annual GDP and components - income approach,I,A,Annual,LVA,Latvia,S1,Total economy,S1,Total economy,B2A3G,"Operating surplus and mixed income, gross",_Z,Not applicable,_T,Total - all activities,_Z,Not applicable,XDC,National currency,V,Current prices,N,Non transformed data,T0103,Table 0103 - GDP identity from the income side,2009,,8019.221,,,,F,Free (free for publication),1,One,A,Normal value,6,Millions,EUR,Euro
DATAFLOW,OECD.SDD.NAD:DSD_NAMAIN10@DF_TABLE1_INCOME(2.0),Annual GDP and components - income approach,I,A,Annual,LUX,Luxembourg,S1,Total economy,S1,Total economy,B2A3G,"Operating surplus and mixed income, gross",_Z,Not applicable,_T,Total - all activities,_Z,Not applicable,XDC,National currency,V,Current prices,N,Non transformed data,T0103,Table 0103 - GDP identity from the income side,2009,,15836.056,,,,F,Free (free for publication),1,One,A,Normal value,6,Millions,EUR,Euro
DATAFLOW,OECD.SDD.NAD:DSD_NAMAIN10@DF_TABLE1_INCOME(2.0),Annual GDP and components - income approach,I,A,Annual,NLD,Netherlands,S1,Total economy,S1,Total economy,B2A3G,"Operating surplus and mixed income, gross",_Z,Not applicable,_T,Total - all activities,_Z,Not applicable,XDC,National currency,V,Current prices,N,Non transformed data,T0103,Table 0103 - GDP identity from the income side,2009,,255419,,,,F,Free (free for publication),1,One,A,Normal value,6,Millions,EUR,Euro
DATAFLOW,OECD.SDD.NAD:DSD_NAMAIN10@DF_TABLE1_INCOME(2.0),Annual GDP and components - income approach,I,A,Annual,PRT,Portugal,S1,Total economy,S1,Total economy,B2A3G,"Operating surplus and mixed income, gross",_Z,Not applicable,_T,Total - all activities,_Z,Not applicable,XDC,National currency,V,Current prices,N,Non transformed data,T0103,Table 0103 - GDP identity from the income side,2009,,72359.019,,,,F,Free (free for publication),1,One,A,Normal value,6,Millions,EUR,Euro
DATAFLOW,OECD.SDD.NAD:DSD_NAMAIN10@DF_TABLE1_INCOME(2.0),Annual GDP and components - income approach,I,A,Annual,SVK,Slovak Republic,S1,Total economy,S1,Total economy,B2A3G,"Operating surplus and mixed income, gross",_Z,Not applicable,_T,Total - all activities,_Z,Not applicable,XDC,National currency,V,Current prices,N,Non transformed data,T0103,Table 0103 - GDP identity from the income side,2009,,34319.168,,,,F,Free (free for publication),1,One,A,Normal value,6,Millions,EUR,Euro
DATAFLOW,OECD.SDD.NAD:DSD_NAMAIN10@DF_TABLE1_INCOME(2.0),Annual GDP and components - income approach,I,A,Annual,SVN,Slovenia,S1,Total economy,S1,Total economy,B2A3G,"Operating surplus and mixed income, gross",_Z,Not applicable,_T,Total - all activities,_Z,Not applicable,XDC,National currency,V,Current prices,N,Non transformed data,T0103,Table 0103 - GDP identity from the income side,2009,,13188.869,,,,F,Free (free for publication),1,One,A,Normal value,6,Millions,EUR,Euro
DATAFLOW,OECD.SDD.NAD:DSD_NAMAIN10@DF_TABLE1_INCOME(2.0),Annual GDP and components - income approach,I,A,Annual,MLT,Malta,S1,Total economy,S1,Total economy,B2A3G,"Operating surplus and mixed income, gross",_Z,Not applicable,_T,Total - all activities,_Z,Not applicable,XDC,National currency,V,Current prices,N,Non transformed data,T0103,Table 0103 - GDP identity from the income side,2009,,2748.434,,,,F,Free (free for publication),1,One,A,Normal value,6,Millions,EUR,Euro
DATAFLOW,OECD.SDD.NAD:DSD_NAMAIN10@DF_TABLE1_INCOME(2.0),Annual GDP and components - income approach,I,A,Annual,LVA,Latvia,S1,Total economy,S1,Total economy,B2A3G,"Operating surplus and mixed income, gross",_Z,Not applicable,_T,Total - all activities,_Z,Not applicable,XDC,National currency,V,Current prices,N,Non transformed data,T0103,Table 0103 - GDP identity from the income side,2010,,8292.427,,,,F,Free (free for publication),1,One,A,Normal value,6,Millions,EUR,Euro
DATAFLOW,OECD.SDD.NAD:DSD_NAMAIN10@DF_TABLE1_INCOME(2.0),Annual GDP and components - income approach,I,A,Annual,LUX,Luxembourg,S1,Total economy,S1,Total economy,B2A3G,"Operating surplus and mixed income, gross",_Z,Not applicable,_T,Total - all activities,_Z,Not applicable,XDC,National currency,V,Current prices,N,Non transformed data,T0103,Table 0103 - GDP identity from the income side,2010,,18150.822,,,,F,Free (free for publication),1,One,A,Normal value,6,Millions,EUR,Euro
DATAFLOW,OECD.SDD.NAD:DSD_NAMAIN10@DF_TABLE1_INCOME(2.0),Annual GDP and components - income approach,I,A,Annual,NLD,Netherlands,S1,Total economy,S1,Total economy,B2A3G,"Operating surplus and mixed income, gross",_Z,Not applicable,_T,Total - all activities,_Z,Not applicable,XDC,National currency,V,Current prices,N,Non transformed data,T0103,Table 0103 - GDP identity from the income side,2010,,267402,,,,F,Free (free for publication),1,One,A,Normal value,6,Millions,EUR,Euro
DATAFLOW,OECD.SDD.NAD:DSD_NAMAIN10@DF_TABLE1_INCOME(2.0),Annual GDP and components - income approach,I,A,Annual,PRT,Portugal,S1,Total economy,S1,Total economy,B2A3G,"Operating surplus and mixed income, gross",_Z,Not applicable,_T,Total - all activities,_Z,Not applicable,XDC,National currency,V,Current prices,N,Non transformed data,T0103,Table 0103 - GDP identity from the income side,2010,,73764.092,,,,F,Free (free for publication),1,One,A,Normal value,6,Millions,EUR,Euro
DATAFLOW,OECD.SDD.NAD:DSD_NAMAIN10@DF_TABLE1_INCOME(2.0),Annual GDP and components - income approach,I,A,Annual,SVK,Slovak Republic,S1,Total economy,S1,Total economy,B2A3G,"Operating surplus and mixed income, gross",_Z,Not applicable,_T,Total - all activities,_Z,Not applicable,XDC,National currency,V,Current prices,N,Non transformed data,T0103,Table 0103 - GDP identity from the income side,2010,,37745.371,,,,F,Free (free for publication),1,One,A,Normal value,6,Millions,EUR,Euro
DATAFLOW,OECD.SDD.NAD:DSD_NAMAIN10@DF_TABLE1_INCOME(2.0),Annual GDP and components - income approach,I,A,Annual,SVN,Slovenia,S1,Total economy,S1,Total economy,B2A3G,"Operating surplus and mixed income, gross",_Z,Not applicable,_T,Total - all activities,_Z,Not applicable,XDC,National currency,V,Current prices,N,Non transformed data,T0103,Table 0103 - GDP identity from the income side,2010,,12964.097,,,,F,Free (free for publication),1,One,A,Normal value,6,Millions,EUR,Euro
DATAFLOW,OECD.SDD.NAD:DSD_NAMAIN10@DF_TABLE1_INCOME(2.0),Annual GDP and components - income approach,I,A,Annual,MLT,Malta,S1,Total economy,S1,Total economy,B2A3G,"Operating surplus and mixed income, gross",_Z,Not applicable,_T,Total - all activities,_Z,Not applicable,XDC,National currency,V,Current prices,N,Non transformed data,T0103,Table 0103 - GDP identity from the income side,2010,,3104.396,,,,F,Free (free for publication),1,One,A,Normal value,6,Millions,EUR,Euro
DATAFLOW,OECD.SDD.NAD:DSD_NAMAIN10@DF_TABLE1_INCOME(2.0),Annual GDP and components - income approach,I,A,Annual,LVA,Latvia,S1,Total economy,S1,Total economy,B2A3G,"Operating surplus and mixed income, gross",_Z,Not applicable,_T,Total - all activities,_Z,Not applicable,XDC,National currency,V,Current prices,N,Non transformed data,T0103,Table 0103 - GDP identity from the income side,2011,,9025.937,,,,F,Free (free for publication),1,One,A,Normal value,6,Millions,EUR,Euro
DATAFLOW,OECD.SDD.NAD:DSD_NAMAIN10@DF_TABLE1_INCOME(2.0),Annual GDP and components - income approach,I,A,Annual,LUX,Luxembourg,S1,Total economy,S1,Total economy,B2A3G,"Operating surplus and mixed income, gross",_Z,Not applicable,_T,Total - all activities,_Z,Not applicable,XDC,National currency,V,Current prices,N,Non transformed data,T0103,Table 0103 - GDP identity from the income side,2011,,18366.179,,,,F,Free (free for publication),1,One,A,Normal value,6,Millions,EUR,Euro
DATAFLOW,OECD.SDD.NAD:DSD_NAMAIN10@DF_TABLE1_INCOME(2.0),Annual GDP and components - income approach,I,A,Annual,NLD,Netherlands,S1,Total economy,S1,Total economy,B2A3G,"Operating surplus and mixed income, gross",_Z,Not applicable,_T,Total - all activities,_Z,Not applicable,XDC,National currency,V,Current prices,N,Non transformed data,T0103,Table 0103 - GDP identity from the income side,2011,,271950,,,,F,Free (free for publication),1,One,A,Normal value,6,Millions,EUR,Euro
DATAFLOW,OECD.SDD.NAD:DSD_NAMAIN10@DF_TABLE1_INCOME(2.0),Annual GDP and components - income approach,I,A,Annual,PRT,Portugal,S1,Total economy,S1,Total economy,B2A3G,"Operating surplus and mixed income, gross",_Z,Not applicable,_T,Total - all activities,_Z,Not applicable,XDC,National currency,V,Current prices,N,Non transformed data,T0103,Table 0103 - GDP identity from the income side,2011,,72955.984,,,,F,Free (free for publication),1,One,A,Normal value,6,Millions,EUR,Euro
DATAFLOW,OECD.SDD.NAD:DSD_NAMAIN10@DF_TABLE1_INCOME(2.0),Annual GDP and components - income approach,I,A,Annual,SVK,Slovak Republic,S1,Total economy,S1,Total economy,B2A3G,"Operating surplus and mixed income, gross",_Z,Not applicable,_T,Total - all activities,_Z,Not applicable,XDC,National currency,V,Current prices,N,Non transformed data,T0103,Table 0103 - GDP identity from the income side,2011,,38674.945,,,,F,Free (free for publication),1,One,A,Normal value,6,Millions,EUR,Euro
DATAFLOW,OECD.SDD.NAD:DSD_NAMAIN10@DF_TABLE1_INCOME(2.0),Annual GDP and components - income approach,I,A,Annual,SVN,Slovenia,S1,Total economy,S1,Total economy,B2A3G,"Operating surplus and mixed income, gross",_Z,Not applicable,_T,Total - all activities,_Z,Not applicable,XDC,National currency,V,Current prices,N,Non transformed data,T0103,Table 0103 - GDP identity from the income side,2011,,13447.205,,,,F,Free (free for publication),1,One,A,Normal value,6,Millions,EUR,Euro
DATAFLOW,OECD.SDD.NAD:DSD_NAMAIN10@DF_TABLE1_INCOME(2.0),Annual GDP and components - income approach,I,A,Annual,MLT,Malta,S1,Total economy,S1,Total economy,B2A3G,"Operating surplus and mixed income, gross",_Z,Not applicable,_T,Total - all activities,_Z,Not applicable,XDC,National currency,V,Current prices,N,Non transformed data,T0103,Table 0103 - GDP identity from the income side,2011,,2983.881,,,,F,Free (free for publication),1,One,A,Normal value,6,Millions,EUR,Euro
DATAFLOW,OECD.SDD.NAD:DSD_NAMAIN10@DF_TABLE1_INCOME(2.0),Annual GDP and components - income approach,I,A,Annual,LVA,Latvia,S1,Total economy,S1,Total economy,B2A3G,"Operating surplus and mixed income, gross",_Z,Not applicable,_T,Total - all activities,_Z,Not applicable,XDC,National currency,V,Current prices,N,Non transformed data,T0103,Table 0103 - GDP identity from the income side,2012,,10131.707,,,,F,Free (free for publication),1,One,A,Normal value,6,Millions,EUR,Euro
DATAFLOW,OECD.SDD.NAD:DSD_NAMAIN10@DF_TABLE1_INCOME(2.0),Annual GDP and components - income approach,I,A,Annual,LUX,Luxembourg,S1,Total economy,S1,Total economy,B2A3G,"Operating surplus and mixed income, gross",_Z,Not applicable,_T,Total - all activities,_Z,Not applicable,XDC,National currency,V,Current prices,N,Non transformed data,T0103,Table 0103 - GDP identity from the income side,2012,,19477.149,,,,F,Free (free for publication),1,One,A,Normal value,6,Millions,EUR,Euro
DATAFLOW,OECD.SDD.NAD:DSD_NAMAIN10@DF_TABLE1_INCOME(2.0),Annual GDP and components - income approach,I,A,Annual,NLD,Netherlands,S1,Total economy,S1,Total economy,B2A3G,"Operating surplus and mixed income, gross",_Z,Not applicable,_T,Total - all activities,_Z,Not applicable,XDC,National currency,V,Current prices,N,Non transformed data,T0103,Table 0103 - GDP identity from the income side,2012,,270385,,,,F,Free (free for publication),1,One,A,Normal value,6,Millions,EUR,Euro
DATAFLOW,OECD.SDD.NAD:DSD_NAMAIN10@DF_TABLE1_INCOME(2.0),Annual GDP and components - income approach,I,A,Annual,PRT,Portugal,S1,Total economy,S1,Total economy,B2A3G,"Operating surplus and mixed income, gross",_Z,Not applicable,_T,Total - all activities,_Z,Not applicable,XDC,National currency,V,Current prices,N,Non transformed data,T0103,Table 0103 - GDP identity from the income side,2012,,72282.431,,,,F,Free (free for publication),1,One,A,Normal value,6,Millions,EUR,Euro
DATAFLOW,OECD.SDD.NAD:DSD_NAMAIN10@DF_TABLE1_INCOME(2.0),Annual GDP and components - income approach,I,A,Annual,SVK,Slovak Republic,S1,Total economy,S1,Total economy,B2A3G,"Operating surplus and mixed income, gross",_Z,Not applicable,_T,Total - all activities,_Z,Not applicable,XDC,National currency,V,Current prices,N,Non transformed data,T0103,Table 0103 - GDP identity from the income side,2012,,40154.962,,,,F,Free (free for publication),1,One,A,Normal value,6,Millions,EUR,Euro
DATAFLOW,OECD.SDD.NAD:DSD_NAMAIN10@DF_TABLE1_INCOME(2.0),Annual GDP and components - income approach,I,A,Annual,SVN,Slovenia,S1,Total economy,S1,Total economy,B2A3G,"Operating surplus and mixed income, gross",_Z,Not applicable,_T,Total - all activities,_Z,Not applicable,XDC,National currency,V,Current prices,N,Non transformed data,T0103,Table 0103 - GDP identity from the income side,2012,,13040.043,,,,F,Free (free for publication),1,One,A,Normal value,6,Millions,EUR,Euro
DATAFLOW,OECD.SDD.NAD:DSD_NAMAIN10@DF_TABLE1_INCOME(2.0),Annual GDP and components - income approach,I,A,Annual,MLT,Malta,S1,Total economy,S1,Total economy,B2A3G,"Operating surplus and mixed income, gross",_Z,Not applicable,_T,Total - all activities,_Z,Not applicable,XDC,National currency,V,Current prices,N,Non transformed data,T0103,Table 0103 - GDP identity from the income side,2012,,3252.92,,,,F,Free (free for publication),1,One,A,Normal value,6,Millions,EUR,Euro
DATAFLOW,OECD.SDD.NAD:DSD_NAMAIN10@DF_TABLE1_INCOME(2.0),Annual GDP and components - income approach,I,A,Annual,LVA,Latvia,S1,Total economy,S1,Total economy,B2A3G,"Operating surplus and mixed income, gross",_Z,Not applicable,_T,Total - all activities,_Z,Not applicable,XDC,National currency,V,Current prices,N,Non transformed data,T0103,Table 0103 - GDP identity from the income side,2013,,10120.226,,,,F,Free (free for publication),1,One,A,Normal value,6,Millions,EUR,Euro
DATAFLOW,OECD.SDD.NAD:DSD_NAMAIN10@DF_TABLE1_INCOME(2.0),Annual GDP and components - income approach,I,A,Annual,LUX,Luxembourg,S1,Total economy,S1,Total economy,B2A3G,"Operating surplus and mixed income, gross",_Z,Not applicable,_T,Total - all activities,_Z,Not applicable,XDC,National currency,V,Current prices,N,Non transformed data,T0103,Table 0103 - GDP identity from the income side,2013,,20721.659,,,,F,Free (free for publication),1,One,A,Normal value,6,Millions,EUR,Euro
DATAFLOW,OECD.SDD.NAD:DSD_NAMAIN10@DF_TABLE1_INCOME(2.0),Annual GDP and components - income approach,I,A,Annual,NLD,Netherlands,S1,Total economy,S1,Total economy,B2A3G,"Operating surplus and mixed income, gross",_Z,Not applicable,_T,Total - all activities,_Z,Not applicable,XDC,National currency,V,Current prices,N,Non transformed data,T0103,Table 0103 - GDP identity from the income side,2013,,273266,,,,F,Free (free for publication),1,One,A,Normal value,6,Millions,EUR,Euro
DATAFLOW,OECD.SDD.NAD:DSD_NAMAIN10@DF_TABLE1_INCOME(2.0),Annual GDP and components - income approach,I,A,Annual,PRT,Portugal,S1,Total economy,S1,Total economy,B2A3G,"Operating surplus and mixed income, gross",_Z,Not applicable,_T,Total - all activities,_Z,Not applicable,XDC,National currency,V,Current prices,N,Non transformed data,T0103,Table 0103 - GDP identity from the income side,2013,,73356.494,,,,F,Free (free for publication),1,One,A,Normal value,6,Millions,EUR,Euro
DATAFLOW,OECD.SDD.NAD:DSD_NAMAIN10@DF_TABLE1_INCOME(2.0),Annual GDP and components - income approach,I,A,Annual,SVK,Slovak Republic,S1,Total economy,S1,Total economy,B2A3G,"Operating surplus and mixed income, gross",_Z,Not applicable,_T,Total - all activities,_Z,Not applicable,XDC,National currency,V,Current prices,N,Non transformed data,T0103,Table 0103 - GDP identity from the income side,2013,,40199.512,,,,F,Free (free for publication),1,One,A,Normal value,6,Millions,EUR,Euro
DATAFLOW,OECD.SDD.NAD:DSD_NAMAIN10@DF_TABLE1_INCOME(2.0),Annual GDP and components - income approach,I,A,Annual,SVN,Slovenia,S1,Total economy,S1,Total economy,B2A3G,"Operating surplus and mixed income, gross",_Z,Not applicable,_T,Total - all activities,_Z,Not applicable,XDC,National currency,V,Current prices,N,Non transformed data,T0103,Table 0103 - GDP identity from the income side,2013,,13381.955,,,,F,Free (free for publication),1,One,A,Normal value,6,Millions,EUR,Euro
DATAFLOW,OECD.SDD.NAD:DSD_NAMAIN10@DF_TABLE1_INCOME(2.0),Annual GDP and components - income approach,I,A,Annual,MLT,Malta,S1,Total economy,S1,Total economy,B2A3G,"Operating surplus and mixed income, gross",_Z,Not applicable,_T,Total - all activities,_Z,Not applicable,XDC,National currency,V,Current prices,N,Non transformed data,T0103,Table 0103 - GDP identity from the income side,2013,,3582.205,,,,F,Free (free for publication),1,One,A,Normal value,6,Millions,EUR,Euro
DATAFLOW,OECD.SDD.NAD:DSD_NAMAIN10@DF_TABLE1_INCOME(2.0),Annual GDP and components - income approach,I,A,Annual,LVA,Latvia,S1,Total economy,S1,Total economy,B2A3G,"Operating surplus and mixed income, gross",_Z,Not applicable,_T,Total - all activities,_Z,Not applicable,XDC,National currency,V,Current prices,N,Non transformed data,T0103,Table 0103 - GDP identity from the income side,2014,,10138.576,,,,F,Free (free for publication),1,One,A,Normal value,6,Millions,EUR,Euro
DATAFLOW,OECD.SDD.NAD:DSD_NAMAIN10@DF_TABLE1_INCOME(2.0),Annual GDP and components - income approach,I,A,Annual,LUX,Luxembourg,S1,Total economy,S1,Total economy,B2A3G,"Operating surplus and mixed income, gross",_Z,Not applicable,_T,Total - all activities,_Z,Not applicable,XDC,National currency,V,Current prices,N,Non transformed data,T0103,Table 0103 - GDP identity from the income side,2014,,21824.532,,,,F,Free (free for publication),1,One,A,Normal value,6,Millions,EUR,Euro
DATAFLOW,OECD.SDD.NAD:DSD_NAMAIN10@DF_TABLE1_INCOME(2.0),Annual GDP and components - income approach,I,A,Annual,NLD,Netherlands,S1,Total economy,S1,Total economy,B2A3G,"Operating surplus and mixed income, gross",_Z,Not applicable,_T,Total - all activities,_Z,Not applicable,XDC,National currency,V,Current prices,N,Non transformed data,T0103,Table 0103 - GDP identity from the income side,2014,,277894,,,,F,Free (free for publication),1,One,A,Normal value,6,Millions,EUR,Euro
DATAFLOW,OECD.SDD.NAD:DSD_NAMAIN10@DF_TABLE1_INCOME(2.0),Annual GDP and components - income approach,I,A,Annual,SVK,Slovak Republic,S1,Total economy,S1,Total economy,B2A3G,"Operating surplus and mixed income, gross",_Z,Not applicable,_T,Total - all activities,_Z,Not applicable,XDC,National currency,V,Current prices,N,Non transformed data,T0103,Table 0103 - GDP identity from the income side,2014,,40534.99,,,,F,Free (free for publication),1,One,A,Normal value,6,Millions,EUR,Euro
DATAFLOW,OECD.SDD.NAD:DSD_NAMAIN10@DF_TABLE1_INCOME(2.0),Annual GDP and components - income approach,I,A,Annual,SVN,Slovenia,S1,Total economy,S1,Total economy,B2A3G,"Operating surplus and mixed income, gross",_Z,Not applicable,_T,Total - all activities,_Z,Not applicable,XDC,National currency,V,Current prices,N,Non transformed data,T0103,Table 0103 - GDP identity from the income side,2014,,14018.363,,,,F,Free (free for publication),1,One,A,Normal value,6,Millions,EUR,Euro
DATAFLOW,OECD.SDD.NAD:DSD_NAMAIN10@DF_TABLE1_INCOME(2.0),Annual GDP and components - income approach,I,A,Annual,MLT,Malta,S1,Total economy,S1,Total economy,B2A3G,"Operating surplus and mixed income, gross",_Z,Not applicable,_T,Total - all activities,_Z,Not applicable,XDC,National currency,V,Current prices,N,Non transformed data,T0103,Table 0103 - GDP identity from the income side,2014,,4034.05,,,,F,Free (free for publication),1,One,A,Normal value,6,Millions,EUR,Euro
DATAFLOW,OECD.SDD.NAD:DSD_NAMAIN10@DF_TABLE1_INCOME(2.0),Annual GDP and components - income approach,I,A,Annual,LVA,Latvia,S1,Total economy,S1,Total economy,B2A3G,"Operating surplus and mixed income, gross",_Z,Not applicable,_T,Total - all activities,_Z,Not applicable,XDC,National currency,V,Current prices,N,Non transformed data,T0103,Table 0103 - GDP identity from the income side,2015,,10009.495,,,,F,Free (free for publication),1,One,A,Normal value,6,Millions,EUR,Euro
DATAFLOW,OECD.SDD.NAD:DSD_NAMAIN10@DF_TABLE1_INCOME(2.0),Annual GDP and components - income approach,I,A,Annual,LUX,Luxembourg,S1,Total economy,S1,Total economy,B2A3G,"Operating surplus and mixed income, gross",_Z,Not applicable,_T,Total - all activities,_Z,Not applicable,XDC,National currency,V,Current prices,N,Non transformed data,T0103,Table 0103 - GDP identity from the income side,2015,,23934.797,,,,F,Free (free for publication),1,One,A,Normal value,6,Millions,EUR,Euro
DATAFLOW,OECD.SDD.NAD:DSD_NAMAIN10@DF_TABLE1_INCOME(2.0),Annual GDP and components - income approach,I,A,Annual,NLD,Netherlands,S1,Total economy,S1,Total economy,B2A3G,"Operating surplus and mixed income, gross",_Z,Not applicable,_T,Total - all activities,_Z,Not applicable,XDC,National currency,V,Current prices,N,Non transformed data,T0103,Table 0103 - GDP identity from the income side,2015,,295263,,,,F,Free (free for publication),1,One,A,Normal value,6,Millions,EUR,Euro
DATAFLOW,OECD.SDD.NAD:DSD_NAMAIN10@DF_TABLE1_INCOME(2.0),Annual GDP and components - income approach,I,A,Annual,SVK,Slovak Republic,S1,Total economy,S1,Total economy,B2A3G,"Operating surplus and mixed income, gross",_Z,Not applicable,_T,Total - all activities,_Z,Not applicable,XDC,National currency,V,Current prices,N,Non transformed data,T0103,Table 0103 - GDP identity from the income side,2015,,42066.256,,,,F,Free (free for publication),1,One,A,Normal value,6,Millions,EUR,Euro
DATAFLOW,OECD.SDD.NAD:DSD_NAMAIN10@DF_TABLE1_INCOME(2.0),Annual GDP and components - income approach,I,A,Annual,SVN,Slovenia,S1,Total economy,S1,Total economy,B2A3G,"Operating surplus and mixed income, gross",_Z,Not applicable,_T,Total - all activities,_Z,Not applicable,XDC,National currency,V,Current prices,N,Non transformed data,T0103,Table 0103 - GDP identity from the income side,2015,,14472.721,,,,F,Free (free for publication),1,One,A,Normal value,6,Millions,EUR,Euro
DATAFLOW,OECD.SDD.NAD:DSD_NAMAIN10@DF_TABLE1_INCOME(2.0),Annual GDP and components - income approach,I,A,Annual,MLT,Malta,S1,Total economy,S1,Total economy,B2A3G,"Operating surplus and mixed income, gross",_Z,Not applicable,_T,Total - all activities,_Z,Not applicable,XDC,National currency,V,Current prices,N,Non transformed data,T0103,Table 0103 - GDP identity from the income side,2015,,4830.625,,,,F,Free (free for publication),1,One,A,Normal value,6,Millions,EUR,Euro
DATAFLOW,OECD.SDD.NAD:DSD_NAMAIN10@DF_TABLE1_INCOME(2.0),Annual GDP and components - income approach,I,A,Annual,LVA,Latvia,S1,Total economy,S1,Total economy,B2A3G,"Operating surplus and mixed income, gross",_Z,Not applicable,_T,Total - all activities,_Z,Not applicable,XDC,National currency,V,Current prices,N,Non transformed data,T0103,Table 0103 - GDP identity from the income side,2016,,9965.898,,,,F,Free (free for publication),1,One,A,Normal value,6,Millions,EUR,Euro
DATAFLOW,OECD.SDD.NAD:DSD_NAMAIN10@DF_TABLE1_INCOME(2.0),Annual GDP and components - income approach,I,A,Annual,LUX,Luxembourg,S1,Total economy,S1,Total economy,B2A3G,"Operating surplus and mixed income, gross",_Z,Not applicable,_T,Total - all activities,_Z,Not applicable,XDC,National currency,V,Current prices,N,Non transformed data,T0103,Table 0103 - GDP identity from the income side,2016,,24690.307,,,,F,Free (free for publication),1,One,A,Normal value,6,Millions,EUR,Euro
DATAFLOW,OECD.SDD.NAD:DSD_NAMAIN10@DF_TABLE1_INCOME(2.0),Annual GDP and components - income approach,I,A,Annual,NLD,Netherlands,S1,Total economy,S1,Total economy,B2A3G,"Operating surplus and mixed income, gross",_Z,Not applicable,_T,Total - all activities,_Z,Not applicable,XDC,National currency,V,Current prices,N,Non transformed data,T0103,Table 0103 - GDP identity from the income side,2016,,299861,,,,F,Free (free for publication),1,One,A,Normal value,6,Millions,EUR,Euro
DATAFLOW,OECD.SDD.NAD:DSD_NAMAIN10@DF_TABLE1_INCOME(2.0),Annual GDP and components - income approach,I,A,Annual,SVK,Slovak Republic,S1,Total economy,S1,Total economy,B2A3G,"Operating surplus and mixed income, gross",_Z,Not applicable,_T,Total - all activities,_Z,Not applicable,XDC,National currency,V,Current prices,N,Non transformed data,T0103,Table 0103 - GDP identity from the income side,2016,,41568.883,,,,F,Free (free for publication),1,One,A,Normal value,6,Millions,EUR,Euro
DATAFLOW,OECD.SDD.NAD:DSD_NAMAIN10@DF_TABLE1_INCOME(2.0),Annual GDP and components - income approach,I,A,Annual,SVN,Slovenia,S1,Total economy,S1,Total economy,B2A3G,"Operating surplus and mixed income, gross",_Z,Not applicable,_T,Total - all activities,_Z,Not applicable,XDC,National currency,V,Current prices,N,Non transformed data,T0103,Table 0103 - GDP identity from the income side,2016,,14836.771,,,,F,Free (free for publication),1,One,A,Normal value,6,Millions,EUR,Euro
DATAFLOW,OECD.SDD.NAD:DSD_NAMAIN10@DF_TABLE1_INCOME(2.0),Annual GDP and components - income approach,I,A,Annual,MLT,Malta,S1,Total economy,S1,Total economy,B2A3G,"Operating surplus and mixed income, gross",_Z,Not applicable,_T,Total - all activities,_Z,Not applicable,XDC,National currency,V,Current prices,N,Non transformed data,T0103,Table 0103 - GDP identity from the income side,2016,,4895.078,,,,F,Free (free for publication),1,One,A,Normal value,6,Millions,EUR,Euro
DATAFLOW,OECD.SDD.NAD:DSD_NAMAIN10@DF_TABLE1_INCOME(2.0),Annual GDP and components - income approach,I,A,Annual,LVA,Latvia,S1,Total economy,S1,Total economy,B2A3G,"Operating surplus and mixed income, gross",_Z,Not applicable,_T,Total - all activities,_Z,Not applicable,XDC,National currency,V,Current prices,N,Non transformed data,T0103,Table 0103 - GDP identity from the income side,2017,,10441.376,,,,F,Free (free for publication),1,One,A,Normal value,6,Millions,EUR,Euro
DATAFLOW,OECD.SDD.NAD:DSD_NAMAIN10@DF_TABLE1_INCOME(2.0),Annual GDP and components - income approach,I,A,Annual,LUX,Luxembourg,S1,Total economy,S1,Total economy,B2A3G,"Operating surplus and mixed income, gross",_Z,Not applicable,_T,Total - all activities,_Z,Not applicable,XDC,National currency,V,Current prices,N,Non transformed data,T0103,Table 0103 - GDP identity from the income side,2017,,24448.433,,,,F,Free (free for publication),1,One,A,Normal value,6,Millions,EUR,Euro
DATAFLOW,OECD.SDD.NAD:DSD_NAMAIN10@DF_TABLE1_INCOME(2.0),Annual GDP and components - income approach,I,A,Annual,NLD,Netherlands,S1,Total economy,S1,Total economy,B2A3G,"Operating surplus and mixed income, gross",_Z,Not applicable,_T,Total - all activities,_Z,Not applicable,XDC,National currency,V,Current prices,N,Non transformed data,T0103,Table 0103 - GDP identity from the income side,2017,,315751,,,,F,Free (free for publication),1,One,A,Normal value,6,Millions,EUR,Euro
DATAFLOW,OECD.SDD.NAD:DSD_NAMAIN10@DF_TABLE1_INCOME(2.0),Annual GDP and components - income approach,I,A,Annual,PRT,Portugal,S1,Total economy,S1,Total economy,B2A3G,"Operating surplus and mixed income, gross",_Z,Not applicable,_T,Total - all activities,_Z,Not applicable,XDC,National currency,V,Current prices,N,Non transformed data,T0103,Table 0103 - GDP identity from the income side,2017,,82369.204,,,,F,Free (free for publication),1,One,A,Normal value,6,Millions,EUR,Euro
DATAFLOW,OECD.SDD.NAD:DSD_NAMAIN10@DF_TABLE1_INCOME(2.0),Annual GDP and components - income approach,I,A,Annual,SVK,Slovak Republic,S1,Total economy,S1,Total economy,B2A3G,"Operating surplus and mixed income, gross",_Z,Not applicable,_T,Total - all activities,_Z,Not applicable,XDC,National currency,V,Current prices,N,Non transformed data,T0103,Table 0103 - GDP identity from the income side,2017,,41707.602,,,,F,Free (free for publication),1,One,A,Normal value,6,Millions,EUR,Euro
DATAFLOW,OECD.SDD.NAD:DSD_NAMAIN10@DF_TABLE1_INCOME(2.0),Annual GDP and components - income approach,I,A,Annual,SVN,Slovenia,S1,Total economy,S1,Total economy,B2A3G,"Operating surplus and mixed income, gross",_Z,Not applicable,_T,Total - all activities,_Z,Not applicable,XDC,National currency,V,Current prices,N,Non transformed data,T0103,Table 0103 - GDP identity from the income side,2017,,15924.211,,,,F,Free (free for publication),1,One,A,Normal value,6,Millions,EUR,Euro
DATAFLOW,OECD.SDD.NAD:DSD_NAMAIN10@DF_TABLE1_INCOME(2.0),Annual GDP and components - income approach,I,A,Annual,MLT,Malta,S1,Total economy,S1,Total economy,B2A3G,"Operating surplus and mixed income, gross",_Z,Not applicable,_T,Total - all activities,_Z,Not applicable,XDC,National currency,V,Current prices,N,Non transformed data,T0103,Table 0103 - GDP identity from the income side,2017,,5682.956,,,,F,Free (free for publication),1,One,A,Normal value,6,Millions,EUR,Euro
DATAFLOW,OECD.SDD.NAD:DSD_NAMAIN10@DF_TABLE1_INCOME(2.0),Annual GDP and components - income approach,I,A,Annual,LVA,Latvia,S1,Total economy,S1,Total economy,B2A3G,"Operating surplus and mixed income, gross",_Z,Not applicable,_T,Total - all activities,_Z,Not applicable,XDC,National currency,V,Current prices,N,Non transformed data,T0103,Table 0103 - GDP identity from the income side,2018,,10735.555,,,,F,Free (free for publication),1,One,A,Normal value,6,Millions,EUR,Euro
DATAFLOW,OECD.SDD.NAD:DSD_NAMAIN10@DF_TABLE1_INCOME(2.0),Annual GDP and components - income approach,I,A,Annual,NLD,Netherlands,S1,Total economy,S1,Total economy,B2A3G,"Operating surplus and mixed income, gross",_Z,Not applicable,_T,Total - all activities,_Z,Not applicable,XDC,National currency,V,Current prices,N,Non transformed data,T0103,Table 0103 - GDP identity from the income side,2018,,328764,,,,F,Free (free for publication),1,One,A,Normal value,6,Millions,EUR,Euro
DATAFLOW,OECD.SDD.NAD:DSD_NAMAIN10@DF_TABLE1_INCOME(2.0),Annual GDP and components - income approach,I,A,Annual,PRT,Portugal,S1,Total economy,S1,Total economy,B2A3G,"Operating surplus and mixed income, gross",_Z,Not applicable,_T,Total - all activities,_Z,Not applicable,XDC,National currency,V,Current prices,N,Non transformed data,T0103,Table 0103 - GDP identity from the income side,2018,,84623.773,,,,F,Free (free for publication),1,One,A,Normal value,6,Millions,EUR,Euro
DATAFLOW,OECD.SDD.NAD:DSD_NAMAIN10@DF_TABLE1_INCOME(2.0),Annual GDP and components - income approach,I,A,Annual,SVK,Slovak Republic,S1,Total economy,S1,Total economy,B2A3G,"Operating surplus and mixed income, gross",_Z,Not applicable,_T,Total - all activities,_Z,Not applicable,XDC,National currency,V,Current prices,N,Non transformed data,T0103,Table 0103 - GDP identity from the income side,2018,,43600.647,,,,F,Free (free for publication),1,One,A,Normal value,6,Millions,EUR,Euro
DATAFLOW,OECD.SDD.NAD:DSD_NAMAIN10@DF_TABLE1_INCOME(2.0),Annual GDP and components - income approach,I,A,Annual,SVN,Slovenia,S1,Total economy,S1,Total economy,B2A3G,"Operating surplus and mixed income, gross",_Z,Not applicable,_T,Total - all activities,_Z,Not applicable,XDC,National currency,V,Current prices,N,Non transformed data,T0103,Table 0103 - GDP identity from the income side,2018,,16893.544,,,,F,Free (free for publication),1,One,A,Normal value,6,Millions,EUR,Euro
DATAFLOW,OECD.SDD.NAD:DSD_NAMAIN10@DF_TABLE1_INCOME(2.0),Annual GDP and components - income approach,I,A,Annual,MLT,Malta,S1,Total economy,S1,Total economy,B2A3G,"Operating surplus and mixed income, gross",_Z,Not applicable,_T,Total - all activities,_Z,Not applicable,XDC,National currency,V,Current prices,N,Non transformed data,T0103,Table 0103 - GDP identity from the income side,2018,,5927.739,,,,F,Free (free for publication),1,One,A,Normal value,6,Millions,EUR,Euro
DATAFLOW,OECD.SDD.NAD:DSD_NAMAIN10@DF_TABLE1_INCOME(2.0),Annual GDP and components - income approach,I,A,Annual,LVA,Latvia,S1,Total economy,S1,Total economy,B2A3G,"Operating surplus and mixed income, gross",_Z,Not applicable,_T,Total - all activities,_Z,Not applicable,XDC,National currency,V,Current prices,N,Non transformed data,T0103,Table 0103 - GDP identity from the income side,2019,,10902.411,,,,F,Free (free for publication),1,One,A,Normal value,6,Millions,EUR,Euro
DATAFLOW,OECD.SDD.NAD:DSD_NAMAIN10@DF_TABLE1_INCOME(2.0),Annual GDP and components - income approach,I,A,Annual,NLD,Netherlands,S1,Total economy,S1,Total economy,B2A3G,"Operating surplus and mixed income, gross",_Z,Not applicable,_T,Total - all activities,_Z,Not applicable,XDC,National currency,V,Current prices,N,Non transformed data,T0103,Table 0103 - GDP identity from the income side,2019,,344713,,,,F,Free (free for publication),1,One,A,Normal value,6,Millions,EUR,Euro
DATAFLOW,OECD.SDD.NAD:DSD_NAMAIN10@DF_TABLE1_INCOME(2.0),Annual GDP and components - income approach,I,A,Annual,SVK,Slovak Republic,S1,Total economy,S1,Total economy,B2A3G,"Operating surplus and mixed income, gross",_Z,Not applicable,_T,Total - all activities,_Z,Not applicable,XDC,National currency,V,Current prices,N,Non transformed data,T0103,Table 0103 - GDP identity from the income side,2019,,44314.34,,,,F,Free (free for publication),1,One,A,Normal value,6,Millions,EUR,Euro
DATAFLOW,OECD.SDD.NAD:DSD_NAMAIN10@DF_TABLE1_INCOME(2.0),Annual GDP and components - income approach,I,A,Annual,SVN,Slovenia,S1,Total economy,S1,Total economy,B2A3G,"Operating surplus and mixed income, gross",_Z,Not applicable,_T,Total - all activities,_Z,Not applicable,XDC,National currency,V,Current prices,N,Non transformed data,T0103,Table 0103 - GDP identity from the income side,2019,,17521.792,,,,F,Free (free for publication),1,One,A,Normal value,6,Millions,EUR,Euro
DATAFLOW,OECD.SDD.NAD:DSD_NAMAIN10@DF_TABLE1_INCOME(2.0),Annual GDP and components - income approach,I,A,Annual,MLT,Malta,S1,Total economy,S1,Total economy,B2A3G,"Operating surplus and mixed income, gross",_Z,Not applicable,_T,Total - all activities,_Z,Not applicable,XDC,National currency,V,Current prices,N,Non transformed data,T0103,Table 0103 - GDP identity from the income side,2019,,6533.795,,,,F,Free (free for publication),1,One,A,Normal value,6,Millions,EUR,Euro
DATAFLOW,OECD.SDD.NAD:DSD_NAMAIN10@DF_TABLE1_INCOME(2.0),Annual GDP and components - income approach,I,A,Annual,LVA,Latvia,S1,Total economy,S1,Total economy,B2A3G,"Operating surplus and mixed income, gross",_Z,Not applicable,_T,Total - all activities,_Z,Not applicable,XDC,National currency,V,Current prices,N,Non transformed data,T0103,Table 0103 - GDP identity from the income side,2020,,10759.727,,,,F,Free (free for publication),1,One,A,Normal value,6,Millions,EUR,Euro
DATAFLOW,OECD.SDD.NAD:DSD_NAMAIN10@DF_TABLE1_INCOME(2.0),Annual GDP and components - income approach,I,A,Annual,NLD,Netherlands,S1,Total economy,S1,Total economy,B2A3G,"Operating surplus and mixed income, gross",_Z,Not applicable,_T,Total - all activities,_Z,Not applicable,XDC,National currency,V,Current prices,N,Non transformed data,T0103,Table 0103 - GDP identity from the income side,2020,,340593,,,,F,Free (free for publication),1,One,A,Normal value,6,Millions,EUR,Euro
DATAFLOW,OECD.SDD.NAD:DSD_NAMAIN10@DF_TABLE1_INCOME(2.0),Annual GDP and components - income approach,I,A,Annual,PRT,Portugal,S1,Total economy,S1,Total economy,B2A3G,"Operating surplus and mixed income, gross",_Z,Not applicable,_T,Total - all activities,_Z,Not applicable,XDC,National currency,V,Current prices,N,Non transformed data,T0103,Table 0103 - GDP identity from the income side,2020,,79913.108,,,,F,Free (free for publication),1,One,A,Normal value,6,Millions,EUR,Euro
DATAFLOW,OECD.SDD.NAD:DSD_NAMAIN10@DF_TABLE1_INCOME(2.0),Annual GDP and components - income approach,I,A,Annual,SVK,Slovak Republic,S1,Total economy,S1,Total economy,B2A3G,"Operating surplus and mixed income, gross",_Z,Not applicable,_T,Total - all activities,_Z,Not applicable,XDC,National currency,V,Current prices,N,Non transformed data,T0103,Table 0103 - GDP identity from the income side,2020,,43804.372,,,,F,Free (free for publication),1,One,A,Normal value,6,Millions,EUR,Euro
DATAFLOW,OECD.SDD.NAD:DSD_NAMAIN10@DF_TABLE1_INCOME(2.0),Annual GDP and components - income approach,I,A,Annual,SVN,Slovenia,S1,Total economy,S1,Total economy,B2A3G,"Operating surplus and mixed income, gross",_Z,Not applicable,_T,Total - all activities,_Z,Not applicable,XDC,National currency,V,Current prices,N,Non transformed data,T0103,Table 0103 - GDP identity from the income side,2020,,17626.946,,,,F,Free (free for publication),1,One,A,Normal value,6,Millions,EUR,Euro
DATAFLOW,OECD.SDD.NAD:DSD_NAMAIN10@DF_TABLE1_INCOME(2.0),Annual GDP and components - income approach,I,A,Annual,MLT,Malta,S1,Total economy,S1,Total economy,B2A3G,"Operating surplus and mixed income, gross",_Z,Not applicable,_T,Total - all activities,_Z,Not applicable,XDC,National currency,V,Current prices,N,Non transformed data,T0103,Table 0103 - GDP identity from the income side,2020,,6101.227,,,,F,Free (free for publication),1,One,A,Normal value,6,Millions,EUR,Euro
DATAFLOW,OECD.SDD.NAD:DSD_NAMAIN10@DF_TABLE1_INCOME(2.0),Annual GDP and components - income approach,I,A,Annual,AUS,Australia,S1,Total economy,S1,Total economy,B2A3G,"Operating surplus and mixed income, gross",_Z,Not applicable,_T,Total - all activities,_Z,Not applicable,XDC,National currency,V,Current prices,N,Non transformed data,T0103,Table 0103 - GDP identity from the income side,1995,,212962,,,,F,Free (free for publication),1,One,A,Normal value,6,Millions,AUD,Australian dollar
DATAFLOW,OECD.SDD.NAD:DSD_NAMAIN10@DF_TABLE1_INCOME(2.0),Annual GDP and components - income approach,I,A,Annual,CAN,Canada,S1,Total economy,S1,Total economy,B2A3G,"Operating surplus and mixed income, gross",_Z,Not applicable,_T,Total - all activities,_Z,Not applicable,XDC,National currency,V,Current prices,N,Non transformed data,T0103,Table 0103 - GDP identity from the income side,1995,,305335,,,,F,Free (free for publication),1,One,A,Normal value,6,Millions,CAD,Canadian dollar
DATAFLOW,OECD.SDD.NAD:DSD_NAMAIN10@DF_TABLE1_INCOME(2.0),Annual GDP and components - income approach,I,A,Annual,CRI,Costa Rica,S1,Total economy,S1,Total economy,B2A3G,"Operating surplus and mixed income, gross",_Z,Not applicable,_T,Total - all activities,_Z,Not applicable,XDC,National currency,V,Current prices,N,Non transformed data,T0103,Table 0103 - GDP identity from the income side,1995,,932348.682,,,,F,Free (free for publication),1,One,A,Normal value,6,Millions,CRC,Costa Rican colon
DATAFLOW,OECD.SDD.NAD:DSD_NAMAIN10@DF_TABLE1_INCOME(2.0),Annual GDP and components - income approach,I,A,Annual,CZE,Czechia,S1,Total economy,S1,Total economy,B2A3G,"Operating surplus and mixed income, gross",_Z,Not applicable,_T,Total - all activities,_Z,Not applicable,XDC,National currency,V,Current prices,N,Non transformed data,T0103,Table 0103 - GDP identity from the income side,1995,,832187,,,,F,Free (free for publication),1,One,A,Normal value,6,Millions,CZK,Czech koruna
DATAFLOW,OECD.SDD.NAD:DSD_NAMAIN10@DF_TABLE1_INCOME(2.0),Annual GDP and components - income approach,I,A,Annual,DNK,Denmark,S1,Total economy,S1,Total economy,B2A3G,"Operating surplus and mixed income, gross",_Z,Not applicable,_T,Total - all activities,_Z,Not applicable,XDC,National currency,V,Current prices,N,Non transformed data,T0103,Table 0103 - GDP identity from the income side,1995,,379202.102,,,,F,Free (free for publication),1,One,A,Normal value,6,Millions,DKK,Danish krone
DATAFLOW,OECD.SDD.NAD:DSD_NAMAIN10@DF_TABLE1_INCOME(2.0),Annual GDP and components - income approach,I,A,Annual,HUN,Hungary,S1,Total economy,S1,Total economy,B2A3G,"Operating surplus and mixed income, gross",_Z,Not applicable,_T,Total - all activities,_Z,Not applicable,XDC,National currency,V,Current prices,N,Non transformed data,T0103,Table 0103 - GDP identity from the income side,1995,,2341522,,,,F,Free (free for publication),1,One,A,Normal value,6,Millions,HUF,Forint
DATAFLOW,OECD.SDD.NAD:DSD_NAMAIN10@DF_TABLE1_INCOME(2.0),Annual GDP and components - income approach,I,A,Annual,JPN,Japan,S1,Total economy,S1,Total economy,B2A3G,"Operating surplus and mixed income, gross",_Z,Not applicable,_T,Total - all activities,_Z,Not applicable,XDC,National currency,V,Current prices,N,Non transformed data,T0103,Table 0103 - GDP identity from the income side,1995,,222319800,,,,F,Free (free for publication),1,One,A,Normal value,6,Millions,JPY,Yen
DATAFLOW,OECD.SDD.NAD:DSD_NAMAIN10@DF_TABLE1_INCOME(2.0),Annual GDP and components - income approach,I,A,Annual,CHE,Switzerland,S1,Total economy,S1,Total economy,B2A3G,"Operating surplus and mixed income, gross",_Z,Not applicable,_T,Total - all activities,_Z,Not applicable,XDC,National currency,V,Current prices,N,Non transformed data,T0103,Table 0103 - GDP identity from the income side,1995,,174387.589,,,,F,Free (free for publication),1,One,A,Normal value,6,Millions,CHF,Swiss franc
DATAFLOW,OECD.SDD.NAD:DSD_NAMAIN10@DF_TABLE1_INCOME(2.0),Annual GDP and components - income approach,I,A,Annual,BGR,Bulgaria,S1,Total economy,S1,Total economy,B2A3G,"Operating surplus and mixed income, gross",_Z,Not applicable,_T,Total - all activities,_Z,Not applicable,XDC,National currency,V,Current prices,N,Non transformed data,T0103,Table 0103 - GDP identity from the income side,1995,,798.732,,,,F,Free (free for publication),1,One,A,Normal value,6,Millions,BGN,Bulgarian lev
DATAFLOW,OECD.SDD.NAD:DSD_NAMAIN10@DF_TABLE1_INCOME(2.0),Annual GDP and components - income approach,I,A,Annual,CMR,Cameroon,S1,Total economy,S1,Total economy,B2A3G,"Operating surplus and mixed income, gross",_Z,Not applicable,_T,Total - all activities,_Z,Not applicable,XDC,National currency,V,Current prices,N,Non transformed data,T0103,Table 0103 - GDP identity from the income side,1995,,3566104.598,,,,F,Free (free for publication),1,One,A,Normal value,6,Millions,XAF,CFA franc - BEAC
DATAFLOW,OECD.SDD.NAD:DSD_NAMAIN10@DF_TABLE1_INCOME(2.0),Annual GDP and components - income approach,I,A,Annual,CHN,China (People’s Republic of),S1,Total economy,S1,Total economy,B2A3G,"Operating surplus and mixed income, gross",_Z,Not applicable,_T,Total - all activities,_Z,Not applicable,XDC,National currency,V,Current prices,N,Non transformed data,T0103,Table 0103 - GDP identity from the income side,1995,,2434834.772,,,,F,Free (free for publication),1,One,A,Normal value,6,Millions,CNY,Chinese yuan renminbi
DATAFLOW,OECD.SDD.NAD:DSD_NAMAIN10@DF_TABLE1_INCOME(2.0),Annual GDP and components - income approach,I,A,Annual,AUS,Australia,S1,Total economy,S1,Total economy,B2A3G,"Operating surplus and mixed income, gross",_Z,Not applicable,_T,Total - all activities,_Z,Not applicable,XDC,National currency,V,Current prices,N,Non transformed data,T0103,Table 0103 - GDP identity from the income side,1996,,219552,,,,F,Free (free for publication),1,One,A,Normal value,6,Millions,AUD,Australian dollar
DATAFLOW,OECD.SDD.NAD:DSD_NAMAIN10@DF_TABLE1_INCOME(2.0),Annual GDP and components - income approach,I,A,Annual,CAN,Canada,S1,Total economy,S1,Total economy,B2A3G,"Operating surplus and mixed income, gross",_Z,Not applicable,_T,Total - all activities,_Z,Not applicable,XDC,National currency,V,Current prices,N,Non transformed data,T0103,Table 0103 - GDP identity from the income side,1996,,320346,,,,F,Free (free for publication),1,One,A,Normal value,6,Millions,CAD,Canadian dollar
DATAFLOW,OECD.SDD.NAD:DSD_NAMAIN10@DF_TABLE1_INCOME(2.0),Annual GDP and components - income approach,I,A,Annual,CRI,Costa Rica,S1,Total economy,S1,Total economy,B2A3G,"Operating surplus and mixed income, gross",_Z,Not applicable,_T,Total - all activities,_Z,Not applicable,XDC,National currency,V,Current prices,N,Non transformed data,T0103,Table 0103 - GDP identity from the income side,1996,,1078018.653,,,,F,Free (free for publication),1,One,A,Normal value,6,Millions,CRC,Costa Rican colon
DATAFLOW,OECD.SDD.NAD:DSD_NAMAIN10@DF_TABLE1_INCOME(2.0),Annual GDP and components - income approach,I,A,Annual,CZE,Czechia,S1,Total economy,S1,Total economy,B2A3G,"Operating surplus and mixed income, gross",_Z,Not applicable,_T,Total - all activities,_Z,Not applicable,XDC,National currency,V,Current prices,N,Non transformed data,T0103,Table 0103 - GDP identity from the income side,1996,,929994,,,,F,Free (free for publication),1,One,A,Normal value,6,Millions,CZK,Czech koruna
DATAFLOW,OECD.SDD.NAD:DSD_NAMAIN10@DF_TABLE1_INCOME(2.0),Annual GDP and components - income approach,I,A,Annual,DNK,Denmark,S1,Total economy,S1,Total economy,B2A3G,"Operating surplus and mixed income, gross",_Z,Not applicable,_T,Total - all activities,_Z,Not applicable,XDC,National currency,V,Current prices,N,Non transformed data,T0103,Table 0103 - GDP identity from the income side,1996,,392123.576,,,,F,Free (free for publication),1,One,A,Normal value,6,Millions,DKK,Danish krone
DATAFLOW,OECD.SDD.NAD:DSD_NAMAIN10@DF_TABLE1_INCOME(2.0),Annual GDP and components - income approach,I,A,Annual,HUN,Hungary,S1,Total economy,S1,Total economy,B2A3G,"Operating surplus and mixed income, gross",_Z,Not applicable,_T,Total - all activities,_Z,Not applicable,XDC,National currency,V,Current prices,N,Non transformed data,T0103,Table 0103 - GDP identity from the income side,1996,,2941507,,,,F,Free (free for publication),1,One,A,Normal value,6,Millions,HUF,Forint
DATAFLOW,OECD.SDD.NAD:DSD_NAMAIN10@DF_TABLE1_INCOME(2.0),Annual GDP and components - income approach,I,A,Annual,JPN,Japan,S1,Total economy,S1,Total economy,B2A3G,"Operating surplus and mixed income, gross",_Z,Not applicable,_T,Total - all activities,_Z,Not applicable,XDC,National currency,V,Current prices,N,Non transformed data,T0103,Table 0103 - GDP identity from the income side,1996,,230204000,,,,F,Free (free for publication),1,One,A,Normal value,6,Millions,JPY,Yen
DATAFLOW,OECD.SDD.NAD:DSD_NAMAIN10@DF_TABLE1_INCOME(2.0),Annual GDP and components - income approach,I,A,Annual,CHE,Switzerland,S1,Total economy,S1,Total economy,B2A3G,"Operating surplus and mixed income, gross",_Z,Not applicable,_T,Total - all activities,_Z,Not applicable,XDC,National currency,V,Current prices,N,Non transformed data,T0103,Table 0103 - GDP identity from the income side,1996,,177798.36,,,,F,Free (free for publication),1,One,A,Normal value,6,Millions,CHF,Swiss franc
DATAFLOW,OECD.SDD.NAD:DSD_NAMAIN10@DF_TABLE1_INCOME(2.0),Annual GDP and components - income approach,I,A,Annual,BGR,Bulgaria,S1,Total economy,S1,Total economy,B2A3G,"Operating surplus and mixed income, gross",_Z,Not applicable,_T,Total - all activities,_Z,Not applicable,XDC,National currency,V,Current prices,N,Non transformed data,T0103,Table 0103 - GDP identity from the income side,1996,,1347.817,,,,F,Free (free for publication),1,One,A,Normal value,6,Millions,BGN,Bulgarian lev
DATAFLOW,OECD.SDD.NAD:DSD_NAMAIN10@DF_TABLE1_INCOME(2.0),Annual GDP and components - income approach,I,A,Annual,CMR,Cameroon,S1,Total economy,S1,Total economy,B2A3G,"Operating surplus and mixed income, gross",_Z,Not applicable,_T,Total - all activities,_Z,Not applicable,XDC,National currency,V,Current prices,N,Non transformed data,T0103,Table 0103 - GDP identity from the income side,1996,,3631165.937,,,,F,Free (free for publication),1,One,A,Normal value,6,Millions,XAF,CFA franc - BEAC
DATAFLOW,OECD.SDD.NAD:DSD_NAMAIN10@DF_TABLE1_INCOME(2.0),Annual GDP and components - income approach,I,A,Annual,CHN,China (People’s Republic of),S1,Total economy,S1,Total economy,B2A3G,"Operating surplus and mixed income, gross",_Z,Not applicable,_T,Total - all activities,_Z,Not applicable,XDC,National currency,V,Current prices,N,Non transformed data,T0103,Table 0103 - GDP identity from the income side,1996,,2678766.772,,,,F,Free (free for publication),1,One,A,Normal value,6,Millions,CNY,Chinese yuan renminbi
DATAFLOW,OECD.SDD.NAD:DSD_NAMAIN10@DF_TABLE1_INCOME(2.0),Annual GDP and components - income approach,I,A,Annual,AUS,Australia,S1,Total economy,S1,Total economy,B2A3G,"Operating surplus and mixed income, gross",_Z,Not applicable,_T,Total - all activities,_Z,Not applicable,XDC,National currency,V,Current prices,N,Non transformed data,T0103,Table 0103 - GDP identity from the income side,1997,,237305,,,,F,Free (free for publication),1,One,A,Normal value,6,Millions,AUD,Australian dollar
DATAFLOW,OECD.SDD.NAD:DSD_NAMAIN10@DF_TABLE1_INCOME(2.0),Annual GDP and components - income approach,I,A,Annual,CAN,Canada,S1,Total economy,S1,Total economy,B2A3G,"Operating surplus and mixed income, gross",_Z,Not applicable,_T,Total - all activities,_Z,Not applicable,XDC,National currency,V,Current prices,N,Non transformed data,T0103,Table 0103 - GDP identity from the income side,1997,,337892,,,,F,Free (free for publication),1,One,A,Normal value,6,Millions,CAD,Canadian dollar
DATAFLOW,OECD.SDD.NAD:DSD_NAMAIN10@DF_TABLE1_INCOME(2.0),Annual GDP and components - income approach,I,A,Annual,CRI,Costa Rica,S1,Total economy,S1,Total economy,B2A3G,"Operating surplus and mixed income, gross",_Z,Not applicable,_T,Total - all activities,_Z,Not applicable,XDC,National currency,V,Current prices,N,Non transformed data,T0103,Table 0103 - GDP identity from the income side,1997,,1333166.468,,,,F,Free (free for publication),1,One,A,Normal value,6,Millions,CRC,Costa Rican colon
DATAFLOW,OECD.SDD.NAD:DSD_NAMAIN10@DF_TABLE1_INCOME(2.0),Annual GDP and components - income approach,I,A,Annual,CZE,Czechia,S1,Total economy,S1,Total economy,B2A3G,"Operating surplus and mixed income, gross",_Z,Not applicable,_T,Total - all activities,_Z,Not applicable,XDC,National currency,V,Current prices,N,Non transformed data,T0103,Table 0103 - GDP identity from the income side,1997,,1004029,,,,F,Free (free for publication),1,One,A,Normal value,6,Millions,CZK,Czech koruna
DATAFLOW,OECD.SDD.NAD:DSD_NAMAIN10@DF_TABLE1_INCOME(2.0),Annual GDP and components - income approach,I,A,Annual,DNK,Denmark,S1,Total economy,S1,Total economy,B2A3G,"Operating surplus and mixed income, gross",_Z,Not applicable,_T,Total - all activities,_Z,Not applicable,XDC,National currency,V,Current prices,N,Non transformed data,T0103,Table 0103 - GDP identity from the income side,1997,,410233.831,,,,F,Free (free for publication),1,One,A,Normal value,6,Millions,DKK,Danish krone
DATAFLOW,OECD.SDD.NAD:DSD_NAMAIN10@DF_TABLE1_INCOME(2.0),Annual GDP and components - income approach,I,A,Annual,HUN,Hungary,S1,Total economy,S1,Total economy,B2A3G,"Operating surplus and mixed income, gross",_Z,Not applicable,_T,Total - all activities,_Z,Not applicable,XDC,National currency,V,Current prices,N,Non transformed data,T0103,Table 0103 - GDP identity from the income side,1997,,3746747,,,,F,Free (free for publication),1,One,A,Normal value,6,Millions,HUF,Forint
DATAFLOW,OECD.SDD.NAD:DSD_NAMAIN10@DF_TABLE1_INCOME(2.0),Annual GDP and components - income approach,I,A,Annual,JPN,Japan,S1,Total economy,S1,Total economy,B2A3G,"Operating surplus and mixed income, gross",_Z,Not applicable,_T,Total - all activities,_Z,Not applicable,XDC,National currency,V,Current prices,N,Non transformed data,T0103,Table 0103 - GDP identity from the income side,1997,,230557900,,,,F,Free (free for publication),1,One,A,Normal value,6,Millions,JPY,Yen
DATAFLOW,OECD.SDD.NAD:DSD_NAMAIN10@DF_TABLE1_INCOME(2.0),Annual GDP and components - income approach,I,A,Annual,CHE,Switzerland,S1,Total economy,S1,Total economy,B2A3G,"Operating surplus and mixed income, gross",_Z,Not applicable,_T,Total - all activities,_Z,Not applicable,XDC,National currency,V,Current prices,N,Non transformed data,T0103,Table 0103 - GDP identity from the income side,1997,,181855.083,,,,F,Free (free for publication),1,One,A,Normal value,6,Millions,CHF,Swiss franc
DATAFLOW,OECD.SDD.NAD:DSD_NAMAIN10@DF_TABLE1_INCOME(2.0),Annual GDP and components - income approach,I,A,Annual,BGR,Bulgaria,S1,Total economy,S1,Total economy,B2A3G,"Operating surplus and mixed income, gross",_Z,Not applicable,_T,Total - all activities,_Z,Not applicable,XDC,National currency,V,Current prices,N,Non transformed data,T0103,Table 0103 - GDP identity from the income side,1997,,11432.248,,,,F,Free (free for publication),1,One,A,Normal value,6,Millions,BGN,Bulgarian lev
DATAFLOW,OECD.SDD.NAD:DSD_NAMAIN10@DF_TABLE1_INCOME(2.0),Annual GDP and components - income approach,I,A,Annual,CMR,Cameroon,S1,Total economy,S1,Total economy,B2A3G,"Operating surplus and mixed income, gross",_Z,Not applicable,_T,Total - all activities,_Z,Not applicable,XDC,National currency,V,Current prices,N,Non transformed data,T0103,Table 0103 - GDP identity from the income side,1997,,4096185.759,,,,F,Free (free for publication),1,One,A,Normal value,6,Millions,XAF,CFA franc - BEAC
DATAFLOW,OECD.SDD.NAD:DSD_NAMAIN10@DF_TABLE1_INCOME(2.0),Annual GDP and components - income approach,I,A,Annual,CHN,China (People’s Republic of),S1,Total economy,S1,Total economy,B2A3G,"Operating surplus and mixed income, gross",_Z,Not applicable,_T,Total - all activities,_Z,Not applicable,XDC,National currency,V,Current prices,N,Non transformed data,T0103,Table 0103 - GDP identity from the income side,1997,,2953563.371,,,,F,Free (free for publication),1,One,A,Normal value,6,Millions,CNY,Chinese yuan renminbi
DATAFLOW,OECD.SDD.NAD:DSD_NAMAIN10@DF_TABLE1_INCOME(2.0),Annual GDP and components - income approach,I,A,Annual,AUS,Australia,S1,Total economy,S1,Total economy,B2A3G,"Operating surplus and mixed income, gross",_Z,Not applicable,_T,Total - all activities,_Z,Not applicable,XDC,National currency,V,Current prices,N,Non transformed data,T0103,Table 0103 - GDP identity from the income side,1998,,247064,,,,F,Free (free for publication),1,One,A,Normal value,6,Millions,AUD,Australian dollar
DATAFLOW,OECD.SDD.NAD:DSD_NAMAIN10@DF_TABLE1_INCOME(2.0),Annual GDP and components - income approach,I,A,Annual,CAN,Canada,S1,Total economy,S1,Total economy,B2A3G,"Operating surplus and mixed income, gross",_Z,Not applicable,_T,Total - all activities,_Z,Not applicable,XDC,National currency,V,Current prices,N,Non transformed data,T0103,Table 0103 - GDP identity from the income side,1998,,342481,,,,F,Free (free for publication),1,One,A,Normal value,6,Millions,CAD,Canadian dollar
DATAFLOW,OECD.SDD.NAD:DSD_NAMAIN10@DF_TABLE1_INCOME(2.0),Annual GDP and components - income approach,I,A,Annual,CRI,Costa Rica,S1,Total economy,S1,Total economy,B2A3G,"Operating surplus and mixed income, gross",_Z,Not applicable,_T,Total - all activities,_Z,Not applicable,XDC,National currency,V,Current prices,N,Non transformed data,T0103,Table 0103 - GDP identity from the income side,1998,,1606868.911,,,,F,Free (free for publication),1,One,A,Normal value,6,Millions,CRC,Costa Rican colon
DATAFLOW,OECD.SDD.NAD:DSD_NAMAIN10@DF_TABLE1_INCOME(2.0),Annual GDP and components - income approach,I,A,Annual,CZE,Czechia,S1,Total economy,S1,Total economy,B2A3G,"Operating surplus and mixed income, gross",_Z,Not applicable,_T,Total - all activities,_Z,Not applicable,XDC,National currency,V,Current prices,N,Non transformed data,T0103,Table 0103 - GDP identity from the income side,1998,,1147614,,,,F,Free (free for publication),1,One,A,Normal value,6,Millions,CZK,Czech koruna
DATAFLOW,OECD.SDD.NAD:DSD_NAMAIN10@DF_TABLE1_INCOME(2.0),Annual GDP and components - income approach,I,A,Annual,DNK,Denmark,S1,Total economy,S1,Total economy,B2A3G,"Operating surplus and mixed income, gross",_Z,Not applicable,_T,Total - all activities,_Z,Not applicable,XDC,National currency,V,Current prices,N,Non transformed data,T0103,Table 0103 - GDP identity from the income side,1998,,401387.019,,,,F,Free (free for publication),1,One,A,Normal value,6,Millions,DKK,Danish krone
DATAFLOW,OECD.SDD.NAD:DSD_NAMAIN10@DF_TABLE1_INCOME(2.0),Annual GDP and components - income approach,I,A,Annual,HUN,Hungary,S1,Total economy,S1,Total economy,B2A3G,"Operating surplus and mixed income, gross",_Z,Not applicable,_T,Total - all activities,_Z,Not applicable,XDC,National currency,V,Current prices,N,Non transformed data,T0103,Table 0103 - GDP identity from the income side,1998,,4425359,,,,F,Free (free for publication),1,One,A,Normal value,6,Millions,HUF,Forint
DATAFLOW,OECD.SDD.NAD:DSD_NAMAIN10@DF_TABLE1_INCOME(2.0),Annual GDP and components - income approach,I,A,Annual,JPN,Japan,S1,Total economy,S1,Total economy,B2A3G,"Operating surplus and mixed income, gross",_Z,Not applicable,_T,Total - all activities,_Z,Not applicable,XDC,National currency,V,Current prices,N,Non transformed data,T0103,Table 0103 - GDP identity from the income side,1998,,226459500,,,,F,Free (free for publication),1,One,A,Normal value,6,Millions,JPY,Yen
DATAFLOW,OECD.SDD.NAD:DSD_NAMAIN10@DF_TABLE1_INCOME(2.0),Annual GDP and components - income approach,I,A,Annual,CHE,Switzerland,S1,Total economy,S1,Total economy,B2A3G,"Operating surplus and mixed income, gross",_Z,Not applicable,_T,Total - all activities,_Z,Not applicable,XDC,National currency,V,Current prices,N,Non transformed data,T0103,Table 0103 - GDP identity from the income side,1998,,188824.188,,,,F,Free (free for publication),1,One,A,Normal value,6,Millions,CHF,Swiss franc
DATAFLOW,OECD.SDD.NAD:DSD_NAMAIN10@DF_TABLE1_INCOME(2.0),Annual GDP and components - income approach,I,A,Annual,BGR,Bulgaria,S1,Total economy,S1,Total economy,B2A3G,"Operating surplus and mixed income, gross",_Z,Not applicable,_T,Total - all activities,_Z,Not applicable,XDC,National currency,V,Current prices,N,Non transformed data,T0103,Table 0103 - GDP identity from the income side,1998,,14356.539,,,,F,Free (free for publication),1,One,A,Normal value,6,Millions,BGN,Bulgarian lev
DATAFLOW,OECD.SDD.NAD:DSD_NAMAIN10@DF_TABLE1_INCOME(2.0),Annual GDP and components - income approach,I,A,Annual,CMR,Cameroon,S1,Total economy,S1,Total economy,B2A3G,"Operating surplus and mixed income, gross",_Z,Not applicable,_T,Total - all activities,_Z,Not applicable,XDC,National currency,V,Current prices,N,Non transformed data,T0103,Table 0103 - GDP identity from the income side,1998,,4293473.016,,,,F,Free (free for publication),1,One,A,Normal value,6,Millions,XAF,CFA franc - BEAC
DATAFLOW,OECD.SDD.NAD:DSD_NAMAIN10@DF_TABLE1_INCOME(2.0),Annual GDP and components - income approach,I,A,Annual,CHN,China (People’s Republic of),S1,Total economy,S1,Total economy,B2A3G,"Operating surplus and mixed income, gross",_Z,Not applicable,_T,Total - all activities,_Z,Not applicable,XDC,National currency,V,Current prices,N,Non transformed data,T0103,Table 0103 - GDP identity from the income side,1998,,3107496.498,,,,F,Free (free for publication),1,One,A,Normal value,6,Millions,CNY,Chinese yuan renminbi
DATAFLOW,OECD.SDD.NAD:DSD_NAMAIN10@DF_TABLE1_INCOME(2.0),Annual GDP and components - income approach,I,A,Annual,AUS,Australia,S1,Total economy,S1,Total economy,B2A3G,"Operating surplus and mixed income, gross",_Z,Not applicable,_T,Total - all activities,_Z,Not applicable,XDC,National currency,V,Current prices,N,Non transformed data,T0103,Table 0103 - GDP identity from the income side,1999,,266337,,,,F,Free (free for publication),1,One,A,Normal value,6,Millions,AUD,Australian dollar
DATAFLOW,OECD.SDD.NAD:DSD_NAMAIN10@DF_TABLE1_INCOME(2.0),Annual GDP and components - income approach,I,A,Annual,CAN,Canada,S1,Total economy,S1,Total economy,B2A3G,"Operating surplus and mixed income, gross",_Z,Not applicable,_T,Total - all activities,_Z,Not applicable,XDC,National currency,V,Current prices,N,Non transformed data,T0103,Table 0103 - GDP identity from the income side,1999,,377502,,,,F,Free (free for publication),1,One,A,Normal value,6,Millions,CAD,Canadian dollar
DATAFLOW,OECD.SDD.NAD:DSD_NAMAIN10@DF_TABLE1_INCOME(2.0),Annual GDP and components - income approach,I,A,Annual,CRI,Costa Rica,S1,Total economy,S1,Total economy,B2A3G,"Operating surplus and mixed income, gross",_Z,Not applicable,_T,Total - all activities,_Z,Not applicable,XDC,National currency,V,Current prices,N,Non transformed data,T0103,Table 0103 - GDP identity from the income side,1999,,1796135.087,,,,F,Free (free for publication),1,One,A,Normal value,6,Millions,CRC,Costa Rican colon
DATAFLOW,OECD.SDD.NAD:DSD_NAMAIN10@DF_TABLE1_INCOME(2.0),Annual GDP and components - income approach,I,A,Annual,CZE,Czechia,S1,Total economy,S1,Total economy,B2A3G,"Operating surplus and mixed income, gross",_Z,Not applicable,_T,Total - all activities,_Z,Not applicable,XDC,National currency,V,Current prices,N,Non transformed data,T0103,Table 0103 - GDP identity from the income side,1999,,1199832,,,,F,Free (free for publication),1,One,A,Normal value,6,Millions,CZK,Czech koruna
DATAFLOW,OECD.SDD.NAD:DSD_NAMAIN10@DF_TABLE1_INCOME(2.0),Annual GDP and components - income approach,I,A,Annual,DNK,Denmark,S1,Total economy,S1,Total economy,B2A3G,"Operating surplus and mixed income, gross",_Z,Not applicable,_T,Total - all activities,_Z,Not applicable,XDC,National currency,V,Current prices,N,Non transformed data,T0103,Table 0103 - GDP identity from the income side,1999,,419734.113,,,,F,Free (free for publication),1,One,A,Normal value,6,Millions,DKK,Danish krone
DATAFLOW,OECD.SDD.NAD:DSD_NAMAIN10@DF_TABLE1_INCOME(2.0),Annual GDP and components - income approach,I,A,Annual,HUN,Hungary,S1,Total economy,S1,Total economy,B2A3G,"Operating surplus and mixed income, gross",_Z,Not applicable,_T,Total - all activities,_Z,Not applicable,XDC,National currency,V,Current prices,N,Non transformed data,T0103,Table 0103 - GDP identity from the income side,1999,,4970622,,,,F,Free (free for publication),1,One,A,Normal value,6,Millions,HUF,Forint
DATAFLOW,OECD.SDD.NAD:DSD_NAMAIN10@DF_TABLE1_INCOME(2.0),Annual GDP and components - income approach,I,A,Annual,JPN,Japan,S1,Total economy,S1,Total economy,B2A3G,"Operating surplus and mixed income, gross",_Z,Not applicable,_T,Total - all activities,_Z,Not applicable,XDC,National currency,V,Current prices,N,Non transformed data,T0103,Table 0103 - GDP identity from the income side,1999,,225452200,,,,F,Free (free for publication),1,One,A,Normal value,6,Millions,JPY,Yen
DATAFLOW,OECD.SDD.NAD:DSD_NAMAIN10@DF_TABLE1_INCOME(2.0),Annual GDP and components - income approach,I,A,Annual,CHE,Switzerland,S1,Total economy,S1,Total economy,B2A3G,"Operating surplus and mixed income, gross",_Z,Not applicable,_T,Total - all activities,_Z,Not applicable,XDC,National currency,V,Current prices,N,Non transformed data,T0103,Table 0103 - GDP identity from the income side,1999,,187743.787,,,,F,Free (free for publication),1,One,A,Normal value,6,Millions,CHF,Swiss franc
DATAFLOW,OECD.SDD.NAD:DSD_NAMAIN10@DF_TABLE1_INCOME(2.0),Annual GDP and components - income approach,I,A,Annual,BGR,Bulgaria,S1,Total economy,S1,Total economy,B2A3G,"Operating surplus and mixed income, gross",_Z,Not applicable,_T,Total - all activities,_Z,Not applicable,XDC,National currency,V,Current prices,N,Non transformed data,T0103,Table 0103 - GDP identity from the income side,1999,,12816.364,,,,F,Free (free for publication),1,One,A,Normal value,6,Millions,BGN,Bulgarian lev
DATAFLOW,OECD.SDD.NAD:DSD_NAMAIN10@DF_TABLE1_INCOME(2.0),Annual GDP and components - income approach,I,A,Annual,CMR,Cameroon,S1,Total economy,S1,Total economy,B2A3G,"Operating surplus and mixed income, gross",_Z,Not applicable,_T,Total - all activities,_Z,Not applicable,XDC,National currency,V,Current prices,N,Non transformed data,T0103,Table 0103 - GDP identity from the income side,1999,,4592301.295,,,,F,Free (free for publication),1,One,A,Normal value,6,Millions,XAF,CFA franc - BEAC
DATAFLOW,OECD.SDD.NAD:DSD_NAMAIN10@DF_TABLE1_INCOME(2.0),Annual GDP and components - income approach,I,A,Annual,CHN,China (People’s Republic of),S1,Total economy,S1,Total economy,B2A3G,"Operating surplus and mixed income, gross",_Z,Not applicable,_T,Total - all activities,_Z,Not applicable,XDC,National currency,V,Current prices,N,Non transformed data,T0103,Table 0103 - GDP identity from the income side,1999,,3167788.736,,,,F,Free (free for publication),1,One,A,Normal value,6,Millions,CNY,Chinese yuan renminbi
DATAFLOW,OECD.SDD.NAD:DSD_NAMAIN10@DF_TABLE1_INCOME(2.0),Annual GDP and components - income approach,I,A,Annual,AUS,Australia,S1,Total economy,S1,Total economy,B2A3G,"Operating surplus and mixed income, gross",_Z,Not applicable,_T,Total - all activities,_Z,Not applicable,XDC,National currency,V,Current prices,N,Non transformed data,T0103,Table 0103 - GDP identity from the income side,2000,,279449,,,,F,Free (free for publication),1,One,A,Normal value,6,Millions,AUD,Australian dollar
DATAFLOW,OECD.SDD.NAD:DSD_NAMAIN10@DF_TABLE1_INCOME(2.0),Annual GDP and components - income approach,I,A,Annual,CAN,Canada,S1,Total economy,S1,Total economy,B2A3G,"Operating surplus and mixed income, gross",_Z,Not applicable,_T,Total - all activities,_Z,Not applicable,XDC,National currency,V,Current prices,N,Non transformed data,T0103,Table 0103 - GDP identity from the income side,2000,,425420,,,,F,Free (free for publication),1,One,A,Normal value,6,Millions,CAD,Canadian dollar
DATAFLOW,OECD.SDD.NAD:DSD_NAMAIN10@DF_TABLE1_INCOME(2.0),Annual GDP and components - income approach,I,A,Annual,CRI,Costa Rica,S1,Total economy,S1,Total economy,B2A3G,"Operating surplus and mixed income, gross",_Z,Not applicable,_T,Total - all activities,_Z,Not applicable,XDC,National currency,V,Current prices,N,Non transformed data,T0103,Table 0103 - GDP identity from the income side,2000,,2013325.298,,,,F,Free (free for publication),1,One,A,Normal value,6,Millions,CRC,Costa Rican colon
DATAFLOW,OECD.SDD.NAD:DSD_NAMAIN10@DF_TABLE1_INCOME(2.0),Annual GDP and components - income approach,I,A,Annual,CZE,Czechia,S1,Total economy,S1,Total economy,B2A3G,"Operating surplus and mixed income, gross",_Z,Not applicable,_T,Total - all activities,_Z,Not applicable,XDC,National currency,V,Current prices,N,Non transformed data,T0103,Table 0103 - GDP identity from the income side,2000,,1265821,,,,F,Free (free for publication),1,One,A,Normal value,6,Millions,CZK,Czech koruna
DATAFLOW,OECD.SDD.NAD:DSD_NAMAIN10@DF_TABLE1_INCOME(2.0),Annual GDP and components - income approach,I,A,Annual,DNK,Denmark,S1,Total economy,S1,Total economy,B2A3G,"Operating surplus and mixed income, gross",_Z,Not applicable,_T,Total - all activities,_Z,Not applicable,XDC,National currency,V,Current prices,N,Non transformed data,T0103,Table 0103 - GDP identity from the income side,2000,,475362.736,,,,F,Free (free for publication),1,One,A,Normal value,6,Millions,DKK,Danish krone
DATAFLOW,OECD.SDD.NAD:DSD_NAMAIN10@DF_TABLE1_INCOME(2.0),Annual GDP and components - income approach,I,A,Annual,HUN,Hungary,S1,Total economy,S1,Total economy,B2A3G,"Operating surplus and mixed income, gross",_Z,Not applicable,_T,Total - all activities,_Z,Not applicable,XDC,National currency,V,Current prices,N,Non transformed data,T0103,Table 0103 - GDP identity from the income side,2000,,5447087,,,,F,Free (free for publication),1,One,A,Normal value,6,Millions,HUF,Forint
DATAFLOW,OECD.SDD.NAD:DSD_NAMAIN10@DF_TABLE1_INCOME(2.0),Annual GDP and components - income approach,I,A,Annual,JPN,Japan,S1,Total economy,S1,Total economy,B2A3G,"Operating surplus and mixed income, gross",_Z,Not applicable,_T,Total - all activities,_Z,Not applicable,XDC,National currency,V,Current prices,N,Non transformed data,T0103,Table 0103 - GDP identity from the income side,2000,,232214600,,,,F,Free (free for publication),1,One,A,Normal value,6,Millions,JPY,Yen
DATAFLOW,OECD.SDD.NAD:DSD_NAMAIN10@DF_TABLE1_INCOME(2.0),Annual GDP and components - income approach,I,A,Annual,KOR,Korea,S1,Total economy,S1,Total economy,B2A3G,"Operating surplus and mixed income, gross",_Z,Not applicable,_T,Total - all activities,_Z,Not applicable,XDC,National currency,V,Current prices,N,Non transformed data,T0103,Table 0103 - GDP identity from the income side,2000,,325848300,,,,F,Free (free for publication),1,One,A,Normal value,6,Millions,KRW,Won
DATAFLOW,OECD.SDD.NAD:DSD_NAMAIN10@DF_TABLE1_INCOME(2.0),Annual GDP and components - income approach,I,A,Annual,CHE,Switzerland,S1,Total economy,S1,Total economy,B2A3G,"Operating surplus and mixed income, gross",_Z,Not applicable,_T,Total - all activities,_Z,Not applicable,XDC,National currency,V,Current prices,N,Non transformed data,T0103,Table 0103 - GDP identity from the income side,2000,,199217.742,,,,F,Free (free for publication),1,One,A,Normal value,6,Millions,CHF,Swiss franc
DATAFLOW,OECD.SDD.NAD:DSD_NAMAIN10@DF_TABLE1_INCOME(2.0),Annual GDP and components - income approach,I,A,Annual,BRA,Brazil,S1,Total economy,S1,Total economy,B2A3G,"Operating surplus and mixed income, gross",_Z,Not applicable,_T,Total - all activities,_Z,Not applicable,XDC,National currency,V,Current prices,N,Non transformed data,T0103,Table 0103 - GDP identity from the income side,2000,,552241.147,,,,F,Free (free for publication),1,One,A,Normal value,6,Millions,BRL,Brazilian real
DATAFLOW,OECD.SDD.NAD:DSD_NAMAIN10@DF_TABLE1_INCOME(2.0),Annual GDP and components - income approach,I,A,Annual,BGR,Bulgaria,S1,Total economy,S1,Total economy,B2A3G,"Operating surplus and mixed income, gross",_Z,Not applicable,_T,Total - all activities,_Z,Not applicable,XDC,National currency,V,Current prices,N,Non transformed data,T0103,Table 0103 - GDP identity from the income side,2000,,14599.946,,,,F,Free (free for publication),1,One,A,Normal value,6,Millions,BGN,Bulgarian lev
DATAFLOW,OECD.SDD.NAD:DSD_NAMAIN10@DF_TABLE1_INCOME(2.0),Annual GDP and components - income approach,I,A,Annual,CMR,Cameroon,S1,Total economy,S1,Total economy,B2A3G,"Operating surplus and mixed income, gross",_Z,Not applicable,_T,Total - all activities,_Z,Not applicable,XDC,National currency,V,Current prices,N,Non transformed data,T0103,Table 0103 - GDP identity from the income side,2000,,4855284.594,,,,F,Free (free for publication),1,One,A,Normal value,6,Millions,XAF,CFA franc - BEAC
DATAFLOW,OECD.SDD.NAD:DSD_NAMAIN10@DF_TABLE1_INCOME(2.0),Annual GDP and components - income approach,I,A,Annual,CHN,China (People’s Republic of),S1,Total economy,S1,Total economy,B2A3G,"Operating surplus and mixed income, gross",_Z,Not applicable,_T,Total - all activities,_Z,Not applicable,XDC,National currency,V,Current prices,N,Non transformed data,T0103,Table 0103 - GDP identity from the income side,2000,,3623278.628,,,,F,Free (free for publication),1,One,A,Normal value,6,Millions,CNY,Chinese yuan renminbi
DATAFLOW,OECD.SDD.NAD:DSD_NAMAIN10@DF_TABLE1_INCOME(2.0),Annual GDP and components - income approach,I,A,Annual,HKG,Hong Kong (China),S1,Total economy,S1,Total economy,B2A3G,"Operating surplus and mixed income, gross",_Z,Not applicable,_T,Total - all activities,_Z,Not applicable,XDC,National currency,V,Current prices,N,Non transformed data,T0103,Table 0103 - GDP identity from the income side,2000,,594456,,,,F,Free (free for publication),1,One,A,Normal value,6,Millions,HKD,Hong Kong dollar
DATAFLOW,OECD.SDD.NAD:DSD_NAMAIN10@DF_TABLE1_INCOME(2.0),Annual GDP and components - income approach,I,A,Annual,AUS,Australia,S1,Total economy,S1,Total economy,B2A3G,"Operating surplus and mixed income, gross",_Z,Not applicable,_T,Total - all activities,_Z,Not applicable,XDC,National currency,V,Current prices,N,Non transformed data,T0103,Table 0103 - GDP identity from the income side,2001,,306764,,,,F,Free (free for publication),1,One,A,Normal value,6,Millions,AUD,Australian dollar
DATAFLOW,OECD.SDD.NAD:DSD_NAMAIN10@DF_TABLE1_INCOME(2.0),Annual GDP and components - income approach,I,A,Annual,CAN,Canada,S1,Total economy,S1,Total economy,B2A3G,"Operating surplus and mixed income, gross",_Z,Not applicable,_T,Total - all activities,_Z,Not applicable,XDC,National currency,V,Current prices,N,Non transformed data,T0103,Table 0103 - GDP identity from the income side,2001,,439674,,,,F,Free (free for publication),1,One,A,Normal value,6,Millions,CAD,Canadian dollar
DATAFLOW,OECD.SDD.NAD:DSD_NAMAIN10@DF_TABLE1_INCOME(2.0),Annual GDP and components - income approach,I,A,Annual,CRI,Costa Rica,S1,Total economy,S1,Total economy,B2A3G,"Operating surplus and mixed income, gross",_Z,Not applicable,_T,Total - all activities,_Z,Not applicable,XDC,National currency,V,Current prices,N,Non transformed data,T0103,Table 0103 - GDP identity from the income side,2001,,2232825.842,,,,F,Free (free for publication),1,One,A,Normal value,6,Millions,CRC,Costa Rican colon
DATAFLOW,OECD.SDD.NAD:DSD_NAMAIN10@DF_TABLE1_INCOME(2.0),Annual GDP and components - income approach,I,A,Annual,CZE,Czechia,S1,Total economy,S1,Total economy,B2A3G,"Operating surplus and mixed income, gross",_Z,Not applicable,_T,Total - all activities,_Z,Not applicable,XDC,National currency,V,Current prices,N,Non transformed data,T0103,Table 0103 - GDP identity from the income side,2001,,1376244,,,,F,Free (free for publication),1,One,A,Normal value,6,Millions,CZK,Czech koruna
DATAFLOW,OECD.SDD.NAD:DSD_NAMAIN10@DF_TABLE1_INCOME(2.0),Annual GDP and components - income approach,I,A,Annual,DNK,Denmark,S1,Total economy,S1,Total economy,B2A3G,"Operating surplus and mixed income, gross",_Z,Not applicable,_T,Total - all activities,_Z,Not applicable,XDC,National currency,V,Current prices,N,Non transformed data,T0103,Table 0103 - GDP identity from the income side,2001,,478394.983,,,,F,Free (free for publication),1,One,A,Normal value,6,Millions,DKK,Danish krone
DATAFLOW,OECD.SDD.NAD:DSD_NAMAIN10@DF_TABLE1_INCOME(2.0),Annual GDP and components - income approach,I,A,Annual,HUN,Hungary,S1,Total economy,S1,Total economy,B2A3G,"Operating surplus and mixed income, gross",_Z,Not applicable,_T,Total - all activities,_Z,Not applicable,XDC,National currency,V,Current prices,N,Non transformed data,T0103,Table 0103 - GDP identity from the income side,2001,,6398790,,,,F,Free (free for publication),1,One,A,Normal value,6,Millions,HUF,Forint
DATAFLOW,OECD.SDD.NAD:DSD_NAMAIN10@DF_TABLE1_INCOME(2.0),Annual GDP and components - income approach,I,A,Annual,JPN,Japan,S1,Total economy,S1,Total economy,B2A3G,"Operating surplus and mixed income, gross",_Z,Not applicable,_T,Total - all activities,_Z,Not applicable,XDC,National currency,V,Current prices,N,Non transformed data,T0103,Table 0103 - GDP identity from the income side,2001,,228341200,,,,F,Free (free for publication),1,One,A,Normal value,6,Millions,JPY,Yen
DATAFLOW,OECD.SDD.NAD:DSD_NAMAIN10@DF_TABLE1_INCOME(2.0),Annual GDP and components - income approach,I,A,Annual,KOR,Korea,S1,Total economy,S1,Total economy,B2A3G,"Operating surplus and mixed income, gross",_Z,Not applicable,_T,Total - all activities,_Z,Not applicable,XDC,National currency,V,Current prices,N,Non transformed data,T0103,Table 0103 - GDP identity from the income side,2001,,345811400,,,,F,Free (free for publication),1,One,A,Normal value,6,Millions,KRW,Won
DATAFLOW,OECD.SDD.NAD:DSD_NAMAIN10@DF_TABLE1_INCOME(2.0),Annual GDP and components - income approach,I,A,Annual,CHE,Switzerland,S1,Total economy,S1,Total economy,B2A3G,"Operating surplus and mixed income, gross",_Z,Not applicable,_T,Total - all activities,_Z,Not applicable,XDC,National currency,V,Current prices,N,Non transformed data,T0103,Table 0103 - GDP identity from the income side,2001,,197917.185,,,,F,Free (free for publication),1,One,A,Normal value,6,Millions,CHF,Swiss franc
DATAFLOW,OECD.SDD.NAD:DSD_NAMAIN10@DF_TABLE1_INCOME(2.0),Annual GDP and components - income approach,I,A,Annual,BRA,Brazil,S1,Total economy,S1,Total economy,B2A3G,"Operating surplus and mixed income, gross",_Z,Not applicable,_T,Total - all activities,_Z,Not applicable,XDC,National currency,V,Current prices,N,Non transformed data,T0103,Table 0103 - GDP identity from the income side,2001,,588708.93,,,,F,Free (free for publication),1,One,A,Normal value,6,Millions,BRL,Brazilian real
DATAFLOW,OECD.SDD.NAD:DSD_NAMAIN10@DF_TABLE1_INCOME(2.0),Annual GDP and components - income approach,I,A,Annual,BGR,Bulgaria,S1,Total economy,S1,Total economy,B2A3G,"Operating surplus and mixed income, gross",_Z,Not applicable,_T,Total - all activities,_Z,Not applicable,XDC,National currency,V,Current prices,N,Non transformed data,T0103,Table 0103 - GDP identity from the income side,2001,,16161.39,,,,F,Free (free for publication),1,One,A,Normal value,6,Millions,BGN,Bulgarian lev
DATAFLOW,OECD.SDD.NAD:DSD_NAMAIN10@DF_TABLE1_INCOME(2.0),Annual GDP and components - income approach,I,A,Annual,CMR,Cameroon,S1,Total economy,S1,Total economy,B2A3G,"Operating surplus and mixed income, gross",_Z,Not applicable,_T,Total - all activities,_Z,Not applicable,XDC,National currency,V,Current prices,N,Non transformed data,T0103,Table 0103 - GDP identity from the income side,2001,,5145746.822,,,,F,Free (free for publication),1,One,A,Normal value,6,Millions,XAF,CFA franc - BEAC
DATAFLOW,OECD.SDD.NAD:DSD_NAMAIN10@DF_TABLE1_INCOME(2.0),Annual GDP and components - income approach,I,A,Annual,CHN,China (People’s Republic of),S1,Total economy,S1,Total economy,B2A3G,"Operating surplus and mixed income, gross",_Z,Not applicable,_T,Total - all activities,_Z,Not applicable,XDC,National currency,V,Current prices,N,Non transformed data,T0103,Table 0103 - GDP identity from the income side,2001,,4046734.963,,,,F,Free (free for publication),1,One,A,Normal value,6,Millions,CNY,Chinese yuan renminbi
DATAFLOW,OECD.SDD.NAD:DSD_NAMAIN10@DF_TABLE1_INCOME(2.0),Annual GDP and components - income approach,I,A,Annual,HKG,Hong Kong (China),S1,Total economy,S1,Total economy,B2A3G,"Operating surplus and mixed income, gross",_Z,Not applicable,_T,Total - all activities,_Z,Not applicable,XDC,National currency,V,Current prices,N,Non transformed data,T0103,Table 0103 - GDP identity from the income side,2001,,575033,,,,F,Free (free for publication),1,One,A,Normal value,6,Millions,HKD,Hong Kong dollar
DATAFLOW,OECD.SDD.NAD:DSD_NAMAIN10@DF_TABLE1_INCOME(2.0),Annual GDP and components - income approach,I,A,Annual,AUS,Australia,S1,Total economy,S1,Total economy,B2A3G,"Operating surplus and mixed income, gross",_Z,Not applicable,_T,Total - all activities,_Z,Not applicable,XDC,National currency,V,Current prices,N,Non transformed data,T0103,Table 0103 - GDP identity from the income side,2002,,322869,,,,F,Free (free for publication),1,One,A,Normal value,6,Millions,AUD,Australian dollar
DATAFLOW,OECD.SDD.NAD:DSD_NAMAIN10@DF_TABLE1_INCOME(2.0),Annual GDP and components - income approach,I,A,Annual,CAN,Canada,S1,Total economy,S1,Total economy,B2A3G,"Operating surplus and mixed income, gross",_Z,Not applicable,_T,Total - all activities,_Z,Not applicable,XDC,National currency,V,Current prices,N,Non transformed data,T0103,Table 0103 - GDP identity from the income side,2002,,457074,,,,F,Free (free for publication),1,One,A,Normal value,6,Millions,CAD,Canadian dollar
DATAFLOW,OECD.SDD.NAD:DSD_NAMAIN10@DF_TABLE1_INCOME(2.0),Annual GDP and components - income approach,I,A,Annual,CRI,Costa Rica,S1,Total economy,S1,Total economy,B2A3G,"Operating surplus and mixed income, gross",_Z,Not applicable,_T,Total - all activities,_Z,Not applicable,XDC,National currency,V,Current prices,N,Non transformed data,T0103,Table 0103 - GDP identity from the income side,2002,,2554003.509,,,,F,Free (free for publication),1,One,A,Normal value,6,Millions,CRC,Costa Rican colon
DATAFLOW,OECD.SDD.NAD:DSD_NAMAIN10@DF_TABLE1_INCOME(2.0),Annual GDP and components - income approach,I,A,Annual,CZE,Czechia,S1,Total economy,S1,Total economy,B2A3G,"Operating surplus and mixed income, gross",_Z,Not applicable,_T,Total - all activities,_Z,Not applicable,XDC,National currency,V,Current prices,N,Non transformed data,T0103,Table 0103 - GDP identity from the income side,2002,,1398282,,,,F,Free (free for publication),1,One,A,Normal value,6,Millions,CZK,Czech koruna
DATAFLOW,OECD.SDD.NAD:DSD_NAMAIN10@DF_TABLE1_INCOME(2.0),Annual GDP and components - income approach,I,A,Annual,DNK,Denmark,S1,Total economy,S1,Total economy,B2A3G,"Operating surplus and mixed income, gross",_Z,Not applicable,_T,Total - all activities,_Z,Not applicable,XDC,National currency,V,Current prices,N,Non transformed data,T0103,Table 0103 - GDP identity from the income side,2002,,485412.496,,,,F,Free (free for publication),1,One,A,Normal value,6,Millions,DKK,Danish krone
DATAFLOW,OECD.SDD.NAD:DSD_NAMAIN10@DF_TABLE1_INCOME(2.0),Annual GDP and components - income approach,I,A,Annual,HUN,Hungary,S1,Total economy,S1,Total economy,B2A3G,"Operating surplus and mixed income, gross",_Z,Not applicable,_T,Total - all activities,_Z,Not applicable,XDC,National currency,V,Current prices,N,Non transformed data,T0103,Table 0103 - GDP identity from the income side,2002,,7449952,,,,F,Free (free for publication),1,One,A,Normal value,6,Millions,HUF,Forint
DATAFLOW,OECD.SDD.NAD:DSD_NAMAIN10@DF_TABLE1_INCOME(2.0),Annual GDP and components - income approach,I,A,Annual,JPN,Japan,S1,Total economy,S1,Total economy,B2A3G,"Operating surplus and mixed income, gross",_Z,Not applicable,_T,Total - all activities,_Z,Not applicable,XDC,National currency,V,Current prices,N,Non transformed data,T0103,Table 0103 - GDP identity from the income side,2002,,233592200,,,,F,Free (free for publication),1,One,A,Normal value,6,Millions,JPY,Yen
DATAFLOW,OECD.SDD.NAD:DSD_NAMAIN10@DF_TABLE1_INCOME(2.0),Annual GDP and components - income approach,I,A,Annual,KOR,Korea,S1,Total economy,S1,Total economy,B2A3G,"Operating surplus and mixed income, gross",_Z,Not applicable,_T,Total - all activities,_Z,Not applicable,XDC,National currency,V,Current prices,N,Non transformed data,T0103,Table 0103 - GDP identity from the income side,2002,,384038800,,,,F,Free (free for publication),1,One,A,Normal value,6,Millions,KRW,Won
DATAFLOW,OECD.SDD.NAD:DSD_NAMAIN10@DF_TABLE1_INCOME(2.0),Annual GDP and components - income approach,I,A,Annual,CHE,Switzerland,S1,Total economy,S1,Total economy,B2A3G,"Operating surplus and mixed income, gross",_Z,Not applicable,_T,Total - all activities,_Z,Not applicable,XDC,National currency,V,Current prices,N,Non transformed data,T0103,Table 0103 - GDP identity from the income side,2002,,190342.169,,,,F,Free (free for publication),1,One,A,Normal value,6,Millions,CHF,Swiss franc
DATAFLOW,OECD.SDD.NAD:DSD_NAMAIN10@DF_TABLE1_INCOME(2.0),Annual GDP and components - income approach,I,A,Annual,BRA,Brazil,S1,Total economy,S1,Total economy,B2A3G,"Operating surplus and mixed income, gross",_Z,Not applicable,_T,Total - all activities,_Z,Not applicable,XDC,National currency,V,Current prices,N,Non transformed data,T0103,Table 0103 - GDP identity from the income side,2002,,675601.969,,,,F,Free (free for publication),1,One,A,Normal value,6,Millions,BRL,Brazilian real
DATAFLOW,OECD.SDD.NAD:DSD_NAMAIN10@DF_TABLE1_INCOME(2.0),Annual GDP and components - income approach,I,A,Annual,BGR,Bulgaria,S1,Total economy,S1,Total economy,B2A3G,"Operating surplus and mixed income, gross",_Z,Not applicable,_T,Total - all activities,_Z,Not applicable,XDC,National currency,V,Current prices,N,Non transformed data,T0103,Table 0103 - GDP identity from the income side,2002,,18398.208,,,,F,Free (free for publication),1,One,A,Normal value,6,Millions,BGN,Bulgarian lev
DATAFLOW,OECD.SDD.NAD:DSD_NAMAIN10@DF_TABLE1_INCOME(2.0),Annual GDP and components - income approach,I,A,Annual,CMR,Cameroon,S1,Total economy,S1,Total economy,B2A3G,"Operating surplus and mixed income, gross",_Z,Not applicable,_T,Total - all activities,_Z,Not applicable,XDC,National currency,V,Current prices,N,Non transformed data,T0103,Table 0103 - GDP identity from the income side,2002,,5664664.277,,,,F,Free (free for publication),1,One,A,Normal value,6,Millions,XAF,CFA franc - BEAC
DATAFLOW,OECD.SDD.NAD:DSD_NAMAIN10@DF_TABLE1_INCOME(2.0),Annual GDP and components - income approach,I,A,Annual,CHN,China (People’s Republic of),S1,Total economy,S1,Total economy,B2A3G,"Operating surplus and mixed income, gross",_Z,Not applicable,_T,Total - all activities,_Z,Not applicable,XDC,National currency,V,Current prices,N,Non transformed data,T0103,Table 0103 - GDP identity from the income side,2002,,4246818.638,,,,F,Free (free for publication),1,One,A,Normal value,6,Millions,CNY,Chinese yuan renminbi
DATAFLOW,OECD.SDD.NAD:DSD_NAMAIN10@DF_TABLE1_INCOME(2.0),Annual GDP and components - income approach,I,A,Annual,HKG,Hong Kong (China),S1,Total economy,S1,Total economy,B2A3G,"Operating surplus and mixed income, gross",_Z,Not applicable,_T,Total - all activities,_Z,Not applicable,XDC,National currency,V,Current prices,N,Non transformed data,T0103,Table 0103 - GDP identity from the income side,2002,,578109,,,,F,Free (free for publication),1,One,A,Normal value,6,Millions,HKD,Hong Kong dollar
DATAFLOW,OECD.SDD.NAD:DSD_NAMAIN10@DF_TABLE1_INCOME(2.0),Annual GDP and components - income approach,I,A,Annual,AUS,Australia,S1,Total economy,S1,Total economy,B2A3G,"Operating surplus and mixed income, gross",_Z,Not applicable,_T,Total - all activities,_Z,Not applicable,XDC,National currency,V,Current prices,N,Non transformed data,T0103,Table 0103 - GDP identity from the income side,2003,,351000,,,,F,Free (free for publication),1,One,A,Normal value,6,Millions,AUD,Australian dollar
DATAFLOW,OECD.SDD.NAD:DSD_NAMAIN10@DF_TABLE1_INCOME(2.0),Annual GDP and components - income approach,I,A,Annual,CAN,Canada,S1,Total economy,S1,Total economy,B2A3G,"Operating surplus and mixed income, gross",_Z,Not applicable,_T,Total - all activities,_Z,Not applicable,XDC,National currency,V,Current prices,N,Non transformed data,T0103,Table 0103 - GDP identity from the income side,2003,,491865,,,,F,Free (free for publication),1,One,A,Normal value,6,Millions,CAD,Canadian dollar
DATAFLOW,OECD.SDD.NAD:DSD_NAMAIN10@DF_TABLE1_INCOME(2.0),Annual GDP and components - income approach,I,A,Annual,CRI,Costa Rica,S1,Total economy,S1,Total economy,B2A3G,"Operating surplus and mixed income, gross",_Z,Not applicable,_T,Total - all activities,_Z,Not applicable,XDC,National currency,V,Current prices,N,Non transformed data,T0103,Table 0103 - GDP identity from the income side,2003,,3031128.64,,,,F,Free (free for publication),1,One,A,Normal value,6,Millions,CRC,Costa Rican colon
DATAFLOW,OECD.SDD.NAD:DSD_NAMAIN10@DF_TABLE1_INCOME(2.0),Annual GDP and components - income approach,I,A,Annual,CZE,Czechia,S1,Total economy,S1,Total economy,B2A3G,"Operating surplus and mixed income, gross",_Z,Not applicable,_T,Total - all activities,_Z,Not applicable,XDC,National currency,V,Current prices,N,Non transformed data,T0103,Table 0103 - GDP identity from the income side,2003,,1459518,,,,F,Free (free for publication),1,One,A,Normal value,6,Millions,CZK,Czech koruna
DATAFLOW,OECD.SDD.NAD:DSD_NAMAIN10@DF_TABLE1_INCOME(2.0),Annual GDP and components - income approach,I,A,Annual,DNK,Denmark,S1,Total economy,S1,Total economy,B2A3G,"Operating surplus and mixed income, gross",_Z,Not applicable,_T,Total - all activities,_Z,Not applicable,XDC,National currency,V,Current prices,N,Non transformed data,T0103,Table 0103 - GDP identity from the income side,2003,,491031.654,,,,F,Free (free for publication),1,One,A,Normal value,6,Millions,DKK,Danish krone
DATAFLOW,OECD.SDD.NAD:DSD_NAMAIN10@DF_TABLE1_INCOME(2.0),Annual GDP and components - income approach,I,A,Annual,HUN,Hungary,S1,Total economy,S1,Total economy,B2A3G,"Operating surplus and mixed income, gross",_Z,Not applicable,_T,Total - all activities,_Z,Not applicable,XDC,National currency,V,Current prices,N,Non transformed data,T0103,Table 0103 - GDP identity from the income side,2003,,7710415,,,,F,Free (free for publication),1,One,A,Normal value,6,Millions,HUF,Forint
DATAFLOW,OECD.SDD.NAD:DSD_NAMAIN10@DF_TABLE1_INCOME(2.0),Annual GDP and components - income approach,I,A,Annual,JPN,Japan,S1,Total economy,S1,Total economy,B2A3G,"Operating surplus and mixed income, gross",_Z,Not applicable,_T,Total - all activities,_Z,Not applicable,XDC,National currency,V,Current prices,N,Non transformed data,T0103,Table 0103 - GDP identity from the income side,2003,,237354300,,,,F,Free (free for publication),1,One,A,Normal value,6,Millions,JPY,Yen
DATAFLOW,OECD.SDD.NAD:DSD_NAMAIN10@DF_TABLE1_INCOME(2.0),Annual GDP and components - income approach,I,A,Annual,KOR,Korea,S1,Total economy,S1,Total economy,B2A3G,"Operating surplus and mixed income, gross",_Z,Not applicable,_T,Total - all activities,_Z,Not applicable,XDC,National currency,V,Current prices,N,Non transformed data,T0103,Table 0103 - GDP identity from the income side,2003,,404896800,,,,F,Free (free for publication),1,One,A,Normal value,6,Millions,KRW,Won
DATAFLOW,OECD.SDD.NAD:DSD_NAMAIN10@DF_TABLE1_INCOME(2.0),Annual GDP and components - income approach,I,A,Annual,CHE,Switzerland,S1,Total economy,S1,Total economy,B2A3G,"Operating surplus and mixed income, gross",_Z,Not applicable,_T,Total - all activities,_Z,Not applicable,XDC,National currency,V,Current prices,N,Non transformed data,T0103,Table 0103 - GDP identity from the income side,2003,,194891.327,,,,F,Free (free for publication),1,One,A,Normal value,6,Millions,CHF,Swiss franc
DATAFLOW,OECD.SDD.NAD:DSD_NAMAIN10@DF_TABLE1_INCOME(2.0),Annual GDP and components - income approach,I,A,Annual,BRA,Brazil,S1,Total economy,S1,Total economy,B2A3G,"Operating surplus and mixed income, gross",_Z,Not applicable,_T,Total - all activities,_Z,Not applicable,XDC,National currency,V,Current prices,N,Non transformed data,T0103,Table 0103 - GDP identity from the income side,2003,,791059.204,,,,F,Free (free for publication),1,One,A,Normal value,6,Millions,BRL,Brazilian real
DATAFLOW,OECD.SDD.NAD:DSD_NAMAIN10@DF_TABLE1_INCOME(2.0),Annual GDP and components - income approach,I,A,Annual,BGR,Bulgaria,S1,Total economy,S1,Total economy,B2A3G,"Operating surplus and mixed income, gross",_Z,Not applicable,_T,Total - all activities,_Z,Not applicable,XDC,National currency,V,Current prices,N,Non transformed data,T0103,Table 0103 - GDP identity from the income side,2003,,19131.778,,,,F,Free (free for publication),1,One,A,Normal value,6,Millions,BGN,Bulgarian lev
DATAFLOW,OECD.SDD.NAD:DSD_NAMAIN10@DF_TABLE1_INCOME(2.0),Annual GDP and components - income approach,I,A,Annual,CMR,Cameroon,S1,Total economy,S1,Total economy,B2A3G,"Operating surplus and mixed income, gross",_Z,Not applicable,_T,Total - all activities,_Z,Not applicable,XDC,National currency,V,Current prices,N,Non transformed data,T0103,Table 0103 - GDP identity from the income side,2003,,6100471.558,,,,F,Free (free for publication),1,One,A,Normal value,6,Millions,XAF,CFA franc - BEAC
DATAFLOW,OECD.SDD.NAD:DSD_NAMAIN10@DF_TABLE1_INCOME(2.0),Annual GDP and components - income approach,I,A,Annual,CHN,China (People’s Republic of),S1,Total economy,S1,Total economy,B2A3G,"Operating surplus and mixed income, gross",_Z,Not applicable,_T,Total - all activities,_Z,Not applicable,XDC,National currency,V,Current prices,N,Non transformed data,T0103,Table 0103 - GDP identity from the income side,2003,,4817822.785,,,,F,Free (free for publication),1,One,A,Normal value,6,Millions,CNY,Chinese yuan renminbi
DATAFLOW,OECD.SDD.NAD:DSD_NAMAIN10@DF_TABLE1_INCOME(2.0),Annual GDP and components - income approach,I,A,Annual,HKG,Hong Kong (China),S1,Total economy,S1,Total economy,B2A3G,"Operating surplus and mixed income, gross",_Z,Not applicable,_T,Total - all activities,_Z,Not applicable,XDC,National currency,V,Current prices,N,Non transformed data,T0103,Table 0103 - GDP identity from the income side,2003,,570649,,,,F,Free (free for publication),1,One,A,Normal value,6,Millions,HKD,Hong Kong dollar
DATAFLOW,OECD.SDD.NAD:DSD_NAMAIN10@DF_TABLE1_INCOME(2.0),Annual GDP and components - income approach,I,A,Annual,AUS,Australia,S1,Total economy,S1,Total economy,B2A3G,"Operating surplus and mixed income, gross",_Z,Not applicable,_T,Total - all activities,_Z,Not applicable,XDC,National currency,V,Current prices,N,Non transformed data,T0103,Table 0103 - GDP identity from the income side,2004,,378854,,,,F,Free (free for publication),1,One,A,Normal value,6,Millions,AUD,Australian dollar
DATAFLOW,OECD.SDD.NAD:DSD_NAMAIN10@DF_TABLE1_INCOME(2.0),Annual GDP and components - income approach,I,A,Annual,CAN,Canada,S1,Total economy,S1,Total economy,B2A3G,"Operating surplus and mixed income, gross",_Z,Not applicable,_T,Total - all activities,_Z,Not applicable,XDC,National currency,V,Current prices,N,Non transformed data,T0103,Table 0103 - GDP identity from the income side,2004,,528530,,,,F,Free (free for publication),1,One,A,Normal value,6,Millions,CAD,Canadian dollar
DATAFLOW,OECD.SDD.NAD:DSD_NAMAIN10@DF_TABLE1_INCOME(2.0),Annual GDP and components - income approach,I,A,Annual,CRI,Costa Rica,S1,Total economy,S1,Total economy,B2A3G,"Operating surplus and mixed income, gross",_Z,Not applicable,_T,Total - all activities,_Z,Not applicable,XDC,National currency,V,Current prices,N,Non transformed data,T0103,Table 0103 - GDP identity from the income side,2004,,3736208.17,,,,F,Free (free for publication),1,One,A,Normal value,6,Millions,CRC,Costa Rican colon
DATAFLOW,OECD.SDD.NAD:DSD_NAMAIN10@DF_TABLE1_INCOME(2.0),Annual GDP and components - income approach,I,A,Annual,CZE,Czechia,S1,Total economy,S1,Total economy,B2A3G,"Operating surplus and mixed income, gross",_Z,Not applicable,_T,Total - all activities,_Z,Not applicable,XDC,National currency,V,Current prices,N,Non transformed data,T0103,Table 0103 - GDP identity from the income side,2004,,1566426,,,,F,Free (free for publication),1,One,A,Normal value,6,Millions,CZK,Czech koruna
DATAFLOW,OECD.SDD.NAD:DSD_NAMAIN10@DF_TABLE1_INCOME(2.0),Annual GDP and components - income approach,I,A,Annual,DNK,Denmark,S1,Total economy,S1,Total economy,B2A3G,"Operating surplus and mixed income, gross",_Z,Not applicable,_T,Total - all activities,_Z,Not applicable,XDC,National currency,V,Current prices,N,Non transformed data,T0103,Table 0103 - GDP identity from the income side,2004,,525589.839,,,,F,Free (free for publication),1,One,A,Normal value,6,Millions,DKK,Danish krone
DATAFLOW,OECD.SDD.NAD:DSD_NAMAIN10@DF_TABLE1_INCOME(2.0),Annual GDP and components - income approach,I,A,Annual,HUN,Hungary,S1,Total economy,S1,Total economy,B2A3G,"Operating surplus and mixed income, gross",_Z,Not applicable,_T,Total - all activities,_Z,Not applicable,XDC,National currency,V,Current prices,N,Non transformed data,T0103,Table 0103 - GDP identity from the income side,2004,,8527731,,,,F,Free (free for publication),1,One,A,Normal value,6,Millions,HUF,Forint
DATAFLOW,OECD.SDD.NAD:DSD_NAMAIN10@DF_TABLE1_INCOME(2.0),Annual GDP and components - income approach,I,A,Annual,JPN,Japan,S1,Total economy,S1,Total economy,B2A3G,"Operating surplus and mixed income, gross",_Z,Not applicable,_T,Total - all activities,_Z,Not applicable,XDC,National currency,V,Current prices,N,Non transformed data,T0103,Table 0103 - GDP identity from the income side,2004,,241516200,,,,F,Free (free for publication),1,One,A,Normal value,6,Millions,JPY,Yen
DATAFLOW,OECD.SDD.NAD:DSD_NAMAIN10@DF_TABLE1_INCOME(2.0),Annual GDP and components - income approach,I,A,Annual,KOR,Korea,S1,Total economy,S1,Total economy,B2A3G,"Operating surplus and mixed income, gross",_Z,Not applicable,_T,Total - all activities,_Z,Not applicable,XDC,National currency,V,Current prices,N,Non transformed data,T0103,Table 0103 - GDP identity from the income side,2004,,447490000,,,,F,Free (free for publication),1,One,A,Normal value,6,Millions,KRW,Won
DATAFLOW,OECD.SDD.NAD:DSD_NAMAIN10@DF_TABLE1_INCOME(2.0),Annual GDP and components - income approach,I,A,Annual,CHE,Switzerland,S1,Total economy,S1,Total economy,B2A3G,"Operating surplus and mixed income, gross",_Z,Not applicable,_T,Total - all activities,_Z,Not applicable,XDC,National currency,V,Current prices,N,Non transformed data,T0103,Table 0103 - GDP identity from the income side,2004,,206003.275,,,,F,Free (free for publication),1,One,A,Normal value,6,Millions,CHF,Swiss franc
DATAFLOW,OECD.SDD.NAD:DSD_NAMAIN10@DF_TABLE1_INCOME(2.0),Annual GDP and components - income approach,I,A,Annual,BRA,Brazil,S1,Total economy,S1,Total economy,B2A3G,"Operating surplus and mixed income, gross",_Z,Not applicable,_T,Total - all activities,_Z,Not applicable,XDC,National currency,V,Current prices,N,Non transformed data,T0103,Table 0103 - GDP identity from the income side,2004,,888724.993,,,,F,Free (free for publication),1,One,A,Normal value,6,Millions,BRL,Brazilian real
DATAFLOW,OECD.SDD.NAD:DSD_NAMAIN10@DF_TABLE1_INCOME(2.0),Annual GDP and components - income approach,I,A,Annual,BGR,Bulgaria,S1,Total economy,S1,Total economy,B2A3G,"Operating surplus and mixed income, gross",_Z,Not applicable,_T,Total - all activities,_Z,Not applicable,XDC,National currency,V,Current prices,N,Non transformed data,T0103,Table 0103 - GDP identity from the income side,2004,,21265.41,,,,F,Free (free for publication),1,One,A,Normal value,6,Millions,BGN,Bulgarian lev
DATAFLOW,OECD.SDD.NAD:DSD_NAMAIN10@DF_TABLE1_INCOME(2.0),Annual GDP and components - income approach,I,A,Annual,CMR,Cameroon,S1,Total economy,S1,Total economy,B2A3G,"Operating surplus and mixed income, gross",_Z,Not applicable,_T,Total - all activities,_Z,Not applicable,XDC,National currency,V,Current prices,N,Non transformed data,T0103,Table 0103 - GDP identity from the income side,2004,,6686298.408,,,,F,Free (free for publication),1,One,A,Normal value,6,Millions,XAF,CFA franc - BEAC
DATAFLOW,OECD.SDD.NAD:DSD_NAMAIN10@DF_TABLE1_INCOME(2.0),Annual GDP and components - income approach,I,A,Annual,CHN,China (People’s Republic of),S1,Total economy,S1,Total economy,B2A3G,"Operating surplus and mixed income, gross",_Z,Not applicable,_T,Total - all activities,_Z,Not applicable,XDC,National currency,V,Current prices,N,Non transformed data,T0103,Table 0103 - GDP identity from the income side,2004,,5982545.54,,,,F,Free (free for publication),1,One,A,Normal value,6,Millions,CNY,Chinese yuan renminbi
DATAFLOW,OECD.SDD.NAD:DSD_NAMAIN10@DF_TABLE1_INCOME(2.0),Annual GDP and components - income approach,I,A,Annual,HKG,Hong Kong (China),S1,Total economy,S1,Total economy,B2A3G,"Operating surplus and mixed income, gross",_Z,Not applicable,_T,Total - all activities,_Z,Not applicable,XDC,National currency,V,Current prices,N,Non transformed data,T0103,Table 0103 - GDP identity from the income side,2004,,618269,,,,F,Free (free for publication),1,One,A,Normal value,6,Millions,HKD,Hong Kong dollar
DATAFLOW,OECD.SDD.NAD:DSD_NAMAIN10@DF_TABLE1_INCOME(2.0),Annual GDP and components - income approach,I,A,Annual,AUS,Australia,S1,Total economy,S1,Total economy,B2A3G,"Operating surplus and mixed income, gross",_Z,Not applicable,_T,Total - all activities,_Z,Not applicable,XDC,National currency,V,Current prices,N,Non transformed data,T0103,Table 0103 - GDP identity from the income side,2005,,414458,,,,F,Free (free for publication),1,One,A,Normal value,6,Millions,AUD,Australian dollar
DATAFLOW,OECD.SDD.NAD:DSD_NAMAIN10@DF_TABLE1_INCOME(2.0),Annual GDP and components - income approach,I,A,Annual,CAN,Canada,S1,Total economy,S1,Total economy,B2A3G,"Operating surplus and mixed income, gross",_Z,Not applicable,_T,Total - all activities,_Z,Not applicable,XDC,National currency,V,Current prices,N,Non transformed data,T0103,Table 0103 - GDP identity from the income side,2005,,571168,,,,F,Free (free for publication),1,One,A,Normal value,6,Millions,CAD,Canadian dollar
DATAFLOW,OECD.SDD.NAD:DSD_NAMAIN10@DF_TABLE1_INCOME(2.0),Annual GDP and components - income approach,I,A,Annual,COL,Colombia,S1,Total economy,S1,Total economy,B2A3G,"Operating surplus and mixed income, gross",_Z,Not applicable,_T,Total - all activities,_Z,Not applicable,XDC,National currency,V,Current prices,N,Non transformed data,T0103,Table 0103 - GDP identity from the income side,2005,,189472000,,,,F,Free (free for publication),1,One,A,Normal value,6,Millions,COP,Colombian peso
DATAFLOW,OECD.SDD.NAD:DSD_NAMAIN10@DF_TABLE1_INCOME(2.0),Annual GDP and components - income approach,I,A,Annual,CRI,Costa Rica,S1,Total economy,S1,Total economy,B2A3G,"Operating surplus and mixed income, gross",_Z,Not applicable,_T,Total - all activities,_Z,Not applicable,XDC,National currency,V,Current prices,N,Non transformed data,T0103,Table 0103 - GDP identity from the income side,2005,,4388633.772,,,,F,Free (free for publication),1,One,A,Normal value,6,Millions,CRC,Costa Rican colon
DATAFLOW,OECD.SDD.NAD:DSD_NAMAIN10@DF_TABLE1_INCOME(2.0),Annual GDP and components - income approach,I,A,Annual,CZE,Czechia,S1,Total economy,S1,Total economy,B2A3G,"Operating surplus and mixed income, gross",_Z,Not applicable,_T,Total - all activities,_Z,Not applicable,XDC,National currency,V,Current prices,N,Non transformed data,T0103,Table 0103 - GDP identity from the income side,2005,,1665977,,,,F,Free (free for publication),1,One,A,Normal value,6,Millions,CZK,Czech koruna
DATAFLOW,OECD.SDD.NAD:DSD_NAMAIN10@DF_TABLE1_INCOME(2.0),Annual GDP and components - income approach,I,A,Annual,DNK,Denmark,S1,Total economy,S1,Total economy,B2A3G,"Operating surplus and mixed income, gross",_Z,Not applicable,_T,Total - all activities,_Z,Not applicable,XDC,National currency,V,Current prices,N,Non transformed data,T0103,Table 0103 - GDP identity from the income side,2005,,549220.766,,,,F,Free (free for publication),1,One,A,Normal value,6,Millions,DKK,Danish krone
DATAFLOW,OECD.SDD.NAD:DSD_NAMAIN10@DF_TABLE1_INCOME(2.0),Annual GDP and components - income approach,I,A,Annual,HUN,Hungary,S1,Total economy,S1,Total economy,B2A3G,"Operating surplus and mixed income, gross",_Z,Not applicable,_T,Total - all activities,_Z,Not applicable,XDC,National currency,V,Current prices,N,Non transformed data,T0103,Table 0103 - GDP identity from the income side,2005,,9102201,,,,F,Free (free for publication),1,One,A,Normal value,6,Millions,HUF,Forint
DATAFLOW,OECD.SDD.NAD:DSD_NAMAIN10@DF_TABLE1_INCOME(2.0),Annual GDP and components - income approach,I,A,Annual,JPN,Japan,S1,Total economy,S1,Total economy,B2A3G,"Operating surplus and mixed income, gross",_Z,Not applicable,_T,Total - all activities,_Z,Not applicable,XDC,National currency,V,Current prices,N,Non transformed data,T0103,Table 0103 - GDP identity from the income side,2005,,241358400,,,,F,Free (free for publication),1,One,A,Normal value,6,Millions,JPY,Yen
DATAFLOW,OECD.SDD.NAD:DSD_NAMAIN10@DF_TABLE1_INCOME(2.0),Annual GDP and components - income approach,I,A,Annual,KOR,Korea,S1,Total economy,S1,Total economy,B2A3G,"Operating surplus and mixed income, gross",_Z,Not applicable,_T,Total - all activities,_Z,Not applicable,XDC,National currency,V,Current prices,N,Non transformed data,T0103,Table 0103 - GDP identity from the income side,2005,,463929500,,,,F,Free (free for publication),1,One,A,Normal value,6,Millions,KRW,Won
DATAFLOW,OECD.SDD.NAD:DSD_NAMAIN10@DF_TABLE1_INCOME(2.0),Annual GDP and components - income approach,I,A,Annual,CHE,Switzerland,S1,Total economy,S1,Total economy,B2A3G,"Operating surplus and mixed income, gross",_Z,Not applicable,_T,Total - all activities,_Z,Not applicable,XDC,National currency,V,Current prices,N,Non transformed data,T0103,Table 0103 - GDP identity from the income side,2005,,215802.668,,,,F,Free (free for publication),1,One,A,Normal value,6,Millions,CHF,Swiss franc
DATAFLOW,OECD.SDD.NAD:DSD_NAMAIN10@DF_TABLE1_INCOME(2.0),Annual GDP and components - income approach,I,A,Annual,BRA,Brazil,S1,Total economy,S1,Total economy,B2A3G,"Operating surplus and mixed income, gross",_Z,Not applicable,_T,Total - all activities,_Z,Not applicable,XDC,National currency,V,Current prices,N,Non transformed data,T0103,Table 0103 - GDP identity from the income side,2005,,965694.34,,,,F,Free (free for publication),1,One,A,Normal value,6,Millions,BRL,Brazilian real
DATAFLOW,OECD.SDD.NAD:DSD_NAMAIN10@DF_TABLE1_INCOME(2.0),Annual GDP and components - income approach,I,A,Annual,BGR,Bulgaria,S1,Total economy,S1,Total economy,B2A3G,"Operating surplus and mixed income, gross",_Z,Not applicable,_T,Total - all activities,_Z,Not applicable,XDC,National currency,V,Current prices,N,Non transformed data,T0103,Table 0103 - GDP identity from the income side,2005,,24107.81,,,,F,Free (free for publication),1,One,A,Normal value,6,Millions,BGN,Bulgarian lev
DATAFLOW,OECD.SDD.NAD:DSD_NAMAIN10@DF_TABLE1_INCOME(2.0),Annual GDP and components - income approach,I,A,Annual,CMR,Cameroon,S1,Total economy,S1,Total economy,B2A3G,"Operating surplus and mixed income, gross",_Z,Not applicable,_T,Total - all activities,_Z,Not applicable,XDC,National currency,V,Current prices,N,Non transformed data,T0103,Table 0103 - GDP identity from the income side,2005,,6757286.711,,,,F,Free (free for publication),1,One,A,Normal value,6,Millions,XAF,CFA franc - BEAC
DATAFLOW,OECD.SDD.NAD:DSD_NAMAIN10@DF_TABLE1_INCOME(2.0),Annual GDP and components - income approach,I,A,Annual,CHN,China (People’s Republic of),S1,Total economy,S1,Total economy,B2A3G,"Operating surplus and mixed income, gross",_Z,Not applicable,_T,Total - all activities,_Z,Not applicable,XDC,National currency,V,Current prices,N,Non transformed data,T0103,Table 0103 - GDP identity from the income side,2005,,7030762.506,,,,F,Free (free for publication),1,One,A,Normal value,6,Millions,CNY,Chinese yuan renminbi
DATAFLOW,OECD.SDD.NAD:DSD_NAMAIN10@DF_TABLE1_INCOME(2.0),Annual GDP and components - income approach,I,A,Annual,HKG,Hong Kong (China),S1,Total economy,S1,Total economy,B2A3G,"Operating surplus and mixed income, gross",_Z,Not applicable,_T,Total - all activities,_Z,Not applicable,XDC,National currency,V,Current prices,N,Non transformed data,T0103,Table 0103 - GDP identity from the income side,2005,,678399,,,,F,Free (free for publication),1,One,A,Normal value,6,Millions,HKD,Hong Kong dollar
DATAFLOW,OECD.SDD.NAD:DSD_NAMAIN10@DF_TABLE1_INCOME(2.0),Annual GDP and components - income approach,I,A,Annual,AUS,Australia,S1,Total economy,S1,Total economy,B2A3G,"Operating surplus and mixed income, gross",_Z,Not applicable,_T,Total - all activities,_Z,Not applicable,XDC,National currency,V,Current prices,N,Non transformed data,T0103,Table 0103 - GDP identity from the income side,2006,,451706,,,,F,Free (free for publication),1,One,A,Normal value,6,Millions,AUD,Australian dollar
DATAFLOW,OECD.SDD.NAD:DSD_NAMAIN10@DF_TABLE1_INCOME(2.0),Annual GDP and components - income approach,I,A,Annual,CAN,Canada,S1,Total economy,S1,Total economy,B2A3G,"Operating surplus and mixed income, gross",_Z,Not applicable,_T,Total - all activities,_Z,Not applicable,XDC,National currency,V,Current prices,N,Non transformed data,T0103,Table 0103 - GDP identity from the income side,2006,,595243,,,,F,Free (free for publication),1,One,A,Normal value,6,Millions,CAD,Canadian dollar
DATAFLOW,OECD.SDD.NAD:DSD_NAMAIN10@DF_TABLE1_INCOME(2.0),Annual GDP and components - income approach,I,A,Annual,COL,Colombia,S1,Total economy,S1,Total economy,B2A3G,"Operating surplus and mixed income, gross",_Z,Not applicable,_T,Total - all activities,_Z,Not applicable,XDC,National currency,V,Current prices,N,Non transformed data,T0103,Table 0103 - GDP identity from the income side,2006,,212023000,,,,F,Free (free for publication),1,One,A,Normal value,6,Millions,COP,Colombian peso
DATAFLOW,OECD.SDD.NAD:DSD_NAMAIN10@DF_TABLE1_INCOME(2.0),Annual GDP and components - income approach,I,A,Annual,CRI,Costa Rica,S1,Total economy,S1,Total economy,B2A3G,"Operating surplus and mixed income, gross",_Z,Not applicable,_T,Total - all activities,_Z,Not applicable,XDC,National currency,V,Current prices,N,Non transformed data,T0103,Table 0103 - GDP identity from the income side,2006,,5340402.543,,,,F,Free (free for publication),1,One,A,Normal value,6,Millions,CRC,Costa Rican colon
DATAFLOW,OECD.SDD.NAD:DSD_NAMAIN10@DF_TABLE1_INCOME(2.0),Annual GDP and components - income approach,I,A,Annual,CZE,Czechia,S1,Total economy,S1,Total economy,B2A3G,"Operating surplus and mixed income, gross",_Z,Not applicable,_T,Total - all activities,_Z,Not applicable,XDC,National currency,V,Current prices,N,Non transformed data,T0103,Table 0103 - GDP identity from the income side,2006,,1805435,,,,F,Free (free for publication),1,One,A,Normal value,6,Millions,CZK,Czech koruna
DATAFLOW,OECD.SDD.NAD:DSD_NAMAIN10@DF_TABLE1_INCOME(2.0),Annual GDP and components - income approach,I,A,Annual,DNK,Denmark,S1,Total economy,S1,Total economy,B2A3G,"Operating surplus and mixed income, gross",_Z,Not applicable,_T,Total - all activities,_Z,Not applicable,XDC,National currency,V,Current prices,N,Non transformed data,T0103,Table 0103 - GDP identity from the income side,2006,,581995.365,,,,F,Free (free for publication),1,One,A,Normal value,6,Millions,DKK,Danish krone
DATAFLOW,OECD.SDD.NAD:DSD_NAMAIN10@DF_TABLE1_INCOME(2.0),Annual GDP and components - income approach,I,A,Annual,HUN,Hungary,S1,Total economy,S1,Total economy,B2A3G,"Operating surplus and mixed income, gross",_Z,Not applicable,_T,Total - all activities,_Z,Not applicable,XDC,National currency,V,Current prices,N,Non transformed data,T0103,Table 0103 - GDP identity from the income side,2006,,10123945,,,,F,Free (free for publication),1,One,A,Normal value,6,Millions,HUF,Forint
DATAFLOW,OECD.SDD.NAD:DSD_NAMAIN10@DF_TABLE1_INCOME(2.0),Annual GDP and components - income approach,I,A,Annual,JPN,Japan,S1,Total economy,S1,Total economy,B2A3G,"Operating surplus and mixed income, gross",_Z,Not applicable,_T,Total - all activities,_Z,Not applicable,XDC,National currency,V,Current prices,N,Non transformed data,T0103,Table 0103 - GDP identity from the income side,2006,,238411100,,,,F,Free (free for publication),1,One,A,Normal value,6,Millions,JPY,Yen
DATAFLOW,OECD.SDD.NAD:DSD_NAMAIN10@DF_TABLE1_INCOME(2.0),Annual GDP and components - income approach,I,A,Annual,KOR,Korea,S1,Total economy,S1,Total economy,B2A3G,"Operating surplus and mixed income, gross",_Z,Not applicable,_T,Total - all activities,_Z,Not applicable,XDC,National currency,V,Current prices,N,Non transformed data,T0103,Table 0103 - GDP identity from the income side,2006,,479352900,,,,F,Free (free for publication),1,One,A,Normal value,6,Millions,KRW,Won
DATAFLOW,OECD.SDD.NAD:DSD_NAMAIN10@DF_TABLE1_INCOME(2.0),Annual GDP and components - income approach,I,A,Annual,BRA,Brazil,S1,Total economy,S1,Total economy,B2A3G,"Operating surplus and mixed income, gross",_Z,Not applicable,_T,Total - all activities,_Z,Not applicable,XDC,National currency,V,Current prices,N,Non transformed data,T0103,Table 0103 - GDP identity from the income side,2006,,1058893.715,,,,F,Free (free for publication),1,One,A,Normal value,6,Millions,BRL,Brazilian real
DATAFLOW,OECD.SDD.NAD:DSD_NAMAIN10@DF_TABLE1_INCOME(2.0),Annual GDP and components - income approach,I,A,Annual,BGR,Bulgaria,S1,Total economy,S1,Total economy,B2A3G,"Operating surplus and mixed income, gross",_Z,Not applicable,_T,Total - all activities,_Z,Not applicable,XDC,National currency,V,Current prices,N,Non transformed data,T0103,Table 0103 - GDP identity from the income side,2006,,27668.88,,,,F,Free (free for publication),1,One,A,Normal value,6,Millions,BGN,Bulgarian lev
DATAFLOW,OECD.SDD.NAD:DSD_NAMAIN10@DF_TABLE1_INCOME(2.0),Annual GDP and components - income approach,I,A,Annual,CMR,Cameroon,S1,Total economy,S1,Total economy,B2A3G,"Operating surplus and mixed income, gross",_Z,Not applicable,_T,Total - all activities,_Z,Not applicable,XDC,National currency,V,Current prices,N,Non transformed data,T0103,Table 0103 - GDP identity from the income side,2006,,7112436.757,,,,F,Free (free for publication),1,One,A,Normal value,6,Millions,XAF,CFA franc - BEAC
DATAFLOW,OECD.SDD.NAD:DSD_NAMAIN10@DF_TABLE1_INCOME(2.0),Annual GDP and components - income approach,I,A,Annual,CHN,China (People’s Republic of),S1,Total economy,S1,Total economy,B2A3G,"Operating surplus and mixed income, gross",_Z,Not applicable,_T,Total - all activities,_Z,Not applicable,XDC,National currency,V,Current prices,N,Non transformed data,T0103,Table 0103 - GDP identity from the income side,2006,,8391289.986,,,,F,Free (free for publication),1,One,A,Normal value,6,Millions,CNY,Chinese yuan renminbi
DATAFLOW,OECD.SDD.NAD:DSD_NAMAIN10@DF_TABLE1_INCOME(2.0),Annual GDP and components - income approach,I,A,Annual,HKG,Hong Kong (China),S1,Total economy,S1,Total economy,B2A3G,"Operating surplus and mixed income, gross",_Z,Not applicable,_T,Total - all activities,_Z,Not applicable,XDC,National currency,V,Current prices,N,Non transformed data,T0103,Table 0103 - GDP identity from the income side,2006,,732751,,,,F,Free (free for publication),1,One,A,Normal value,6,Millions,HKD,Hong Kong dollar
DATAFLOW,OECD.SDD.NAD:DSD_NAMAIN10@DF_TABLE1_INCOME(2.0),Annual GDP and components - income approach,I,A,Annual,AUS,Australia,S1,Total economy,S1,Total economy,B2A3G,"Operating surplus and mixed income, gross",_Z,Not applicable,_T,Total - all activities,_Z,Not applicable,XDC,National currency,V,Current prices,N,Non transformed data,T0103,Table 0103 - GDP identity from the income side,2007,,488648,,,,F,Free (free for publication),1,One,A,Normal value,6,Millions,AUD,Australian dollar
DATAFLOW,OECD.SDD.NAD:DSD_NAMAIN10@DF_TABLE1_INCOME(2.0),Annual GDP and components - income approach,I,A,Annual,CAN,Canada,S1,Total economy,S1,Total economy,B2A3G,"Operating surplus and mixed income, gross",_Z,Not applicable,_T,Total - all activities,_Z,Not applicable,XDC,National currency,V,Current prices,N,Non transformed data,T0103,Table 0103 - GDP identity from the income side,2007,,622254,,,,F,Free (free for publication),1,One,A,Normal value,6,Millions,CAD,Canadian dollar
DATAFLOW,OECD.SDD.NAD:DSD_NAMAIN10@DF_TABLE1_INCOME(2.0),Annual GDP and components - income approach,I,A,Annual,COL,Colombia,S1,Total economy,S1,Total economy,B2A3G,"Operating surplus and mixed income, gross",_Z,Not applicable,_T,Total - all activities,_Z,Not applicable,XDC,National currency,V,Current prices,N,Non transformed data,T0103,Table 0103 - GDP identity from the income side,2007,,236993000,,,,F,Free (free for publication),1,One,A,Normal value,6,Millions,COP,Colombian peso
DATAFLOW,OECD.SDD.NAD:DSD_NAMAIN10@DF_TABLE1_INCOME(2.0),Annual GDP and components - income approach,I,A,Annual,CRI,Costa Rica,S1,Total economy,S1,Total economy,B2A3G,"Operating surplus and mixed income, gross",_Z,Not applicable,_T,Total - all activities,_Z,Not applicable,XDC,National currency,V,Current prices,N,Non transformed data,T0103,Table 0103 - GDP identity from the income side,2007,,6350545.144,,,,F,Free (free for publication),1,One,A,Normal value,6,Millions,CRC,Costa Rican colon
DATAFLOW,OECD.SDD.NAD:DSD_NAMAIN10@DF_TABLE1_INCOME(2.0),Annual GDP and components - income approach,I,A,Annual,CZE,Czechia,S1,Total economy,S1,Total economy,B2A3G,"Operating surplus and mixed income, gross",_Z,Not applicable,_T,Total - all activities,_Z,Not applicable,XDC,National currency,V,Current prices,N,Non transformed data,T0103,Table 0103 - GDP identity from the income side,2007,,1968775,,,,F,Free (free for publication),1,One,A,Normal value,6,Millions,CZK,Czech koruna
DATAFLOW,OECD.SDD.NAD:DSD_NAMAIN10@DF_TABLE1_INCOME(2.0),Annual GDP and components - income approach,I,A,Annual,DNK,Denmark,S1,Total economy,S1,Total economy,B2A3G,"Operating surplus and mixed income, gross",_Z,Not applicable,_T,Total - all activities,_Z,Not applicable,XDC,National currency,V,Current prices,N,Non transformed data,T0103,Table 0103 - GDP identity from the income side,2007,,575317.713,,,,F,Free (free for publication),1,One,A,Normal value,6,Millions,DKK,Danish krone
DATAFLOW,OECD.SDD.NAD:DSD_NAMAIN10@DF_TABLE1_INCOME(2.0),Annual GDP and components - income approach,I,A,Annual,HUN,Hungary,S1,Total economy,S1,Total economy,B2A3G,"Operating surplus and mixed income, gross",_Z,Not applicable,_T,Total - all activities,_Z,Not applicable,XDC,National currency,V,Current prices,N,Non transformed data,T0103,Table 0103 - GDP identity from the income side,2007,,10472905,,,,F,Free (free for publication),1,One,A,Normal value,6,Millions,HUF,Forint
DATAFLOW,OECD.SDD.NAD:DSD_NAMAIN10@DF_TABLE1_INCOME(2.0),Annual GDP and components - income approach,I,A,Annual,JPN,Japan,S1,Total economy,S1,Total economy,B2A3G,"Operating surplus and mixed income, gross",_Z,Not applicable,_T,Total - all activities,_Z,Not applicable,XDC,National currency,V,Current prices,N,Non transformed data,T0103,Table 0103 - GDP identity from the income side,2007,,241342100,,,,F,Free (free for publication),1,One,A,Normal value,6,Millions,JPY,Yen
DATAFLOW,OECD.SDD.NAD:DSD_NAMAIN10@DF_TABLE1_INCOME(2.0),Annual GDP and components - income approach,I,A,Annual,KOR,Korea,S1,Total economy,S1,Total economy,B2A3G,"Operating surplus and mixed income, gross",_Z,Not applicable,_T,Total - all activities,_Z,Not applicable,XDC,National currency,V,Current prices,N,Non transformed data,T0103,Table 0103 - GDP identity from the income side,2007,,522131400,,,,F,Free (free for publication),1,One,A,Normal value,6,Millions,KRW,Won
DATAFLOW,OECD.SDD.NAD:DSD_NAMAIN10@DF_TABLE1_INCOME(2.0),Annual GDP and components - income approach,I,A,Annual,BRA,Brazil,S1,Total economy,S1,Total economy,B2A3G,"Operating surplus and mixed income, gross",_Z,Not applicable,_T,Total - all activities,_Z,Not applicable,XDC,National currency,V,Current prices,N,Non transformed data,T0103,Table 0103 - GDP identity from the income side,2007,,1192649.594,,,,F,Free (free for publication),1,One,A,Normal value,6,Millions,BRL,Brazilian real
DATAFLOW,OECD.SDD.NAD:DSD_NAMAIN10@DF_TABLE1_INCOME(2.0),Annual GDP and components - income approach,I,A,Annual,BGR,Bulgaria,S1,Total economy,S1,Total economy,B2A3G,"Operating surplus and mixed income, gross",_Z,Not applicable,_T,Total - all activities,_Z,Not applicable,XDC,National currency,V,Current prices,N,Non transformed data,T0103,Table 0103 - GDP identity from the income side,2007,,33768.283,,,,F,Free (free for publication),1,One,A,Normal value,6,Millions,BGN,Bulgarian lev
DATAFLOW,OECD.SDD.NAD:DSD_NAMAIN10@DF_TABLE1_INCOME(2.0),Annual GDP and components - income approach,I,A,Annual,CMR,Cameroon,S1,Total economy,S1,Total economy,B2A3G,"Operating surplus and mixed income, gross",_Z,Not applicable,_T,Total - all activities,_Z,Not applicable,XDC,National currency,V,Current prices,N,Non transformed data,T0103,Table 0103 - GDP identity from the income side,2007,,7415248.669,,,,F,Free (free for publication),1,One,A,Normal value,6,Millions,XAF,CFA franc - BEAC
DATAFLOW,OECD.SDD.NAD:DSD_NAMAIN10@DF_TABLE1_INCOME(2.0),Annual GDP and components - income approach,I,A,Annual,CHN,China (People’s Republic of),S1,Total economy,S1,Total economy,B2A3G,"Operating surplus and mixed income, gross",_Z,Not applicable,_T,Total - all activities,_Z,Not applicable,XDC,National currency,V,Current prices,N,Non transformed data,T0103,Table 0103 - GDP identity from the income side,2007,,10286419.196,,,,F,Free (free for publication),1,One,A,Normal value,6,Millions,CNY,Chinese yuan renminbi
DATAFLOW,OECD.SDD.NAD:DSD_NAMAIN10@DF_TABLE1_INCOME(2.0),Annual GDP and components - income approach,I,A,Annual,HKG,Hong Kong (China),S1,Total economy,S1,Total economy,B2A3G,"Operating surplus and mixed income, gross",_Z,Not applicable,_T,Total - all activities,_Z,Not applicable,XDC,National currency,V,Current prices,N,Non transformed data,T0103,Table 0103 - GDP identity from the income side,2007,,797588,,,,F,Free (free for publication),1,One,A,Normal value,6,Millions,HKD,Hong Kong dollar
DATAFLOW,OECD.SDD.NAD:DSD_NAMAIN10@DF_TABLE1_INCOME(2.0),Annual GDP and components - income approach,I,A,Annual,AUS,Australia,S1,Total economy,S1,Total economy,B2A3G,"Operating surplus and mixed income, gross",_Z,Not applicable,_T,Total - all activities,_Z,Not applicable,XDC,National currency,V,Current prices,N,Non transformed data,T0103,Table 0103 - GDP identity from the income side,2008,,551282,,,,F,Free (free for publication),1,One,A,Normal value,6,Millions,AUD,Australian dollar
DATAFLOW,OECD.SDD.NAD:DSD_NAMAIN10@DF_TABLE1_INCOME(2.0),Annual GDP and components - income approach,I,A,Annual,CAN,Canada,S1,Total economy,S1,Total economy,B2A3G,"Operating surplus and mixed income, gross",_Z,Not applicable,_T,Total - all activities,_Z,Not applicable,XDC,National currency,V,Current prices,N,Non transformed data,T0103,Table 0103 - GDP identity from the income side,2008,,667449,,,,F,Free (free for publication),1,One,A,Normal value,6,Millions,CAD,Canadian dollar
DATAFLOW,OECD.SDD.NAD:DSD_NAMAIN10@DF_TABLE1_INCOME(2.0),Annual GDP and components - income approach,I,A,Annual,COL,Colombia,S1,Total economy,S1,Total economy,B2A3G,"Operating surplus and mixed income, gross",_Z,Not applicable,_T,Total - all activities,_Z,Not applicable,XDC,National currency,V,Current prices,N,Non transformed data,T0103,Table 0103 - GDP identity from the income side,2008,,267398000,,,,F,Free (free for publication),1,One,A,Normal value,6,Millions,COP,Colombian peso
DATAFLOW,OECD.SDD.NAD:DSD_NAMAIN10@DF_TABLE1_INCOME(2.0),Annual GDP and components - income approach,I,A,Annual,CRI,Costa Rica,S1,Total economy,S1,Total economy,B2A3G,"Operating surplus and mixed income, gross",_Z,Not applicable,_T,Total - all activities,_Z,Not applicable,XDC,National currency,V,Current prices,N,Non transformed data,T0103,Table 0103 - GDP identity from the income side,2008,,7354570.917,,,,F,Free (free for publication),1,One,A,Normal value,6,Millions,CRC,Costa Rican colon
DATAFLOW,OECD.SDD.NAD:DSD_NAMAIN10@DF_TABLE1_INCOME(2.0),Annual GDP and components - income approach,I,A,Annual,CZE,Czechia,S1,Total economy,S1,Total economy,B2A3G,"Operating surplus and mixed income, gross",_Z,Not applicable,_T,Total - all activities,_Z,Not applicable,XDC,National currency,V,Current prices,N,Non transformed data,T0103,Table 0103 - GDP identity from the income side,2008,,2029574,,,,F,Free (free for publication),1,One,A,Normal value,6,Millions,CZK,Czech koruna
DATAFLOW,OECD.SDD.NAD:DSD_NAMAIN10@DF_TABLE1_INCOME(2.0),Annual GDP and components - income approach,I,A,Annual,DNK,Denmark,S1,Total economy,S1,Total economy,B2A3G,"Operating surplus and mixed income, gross",_Z,Not applicable,_T,Total - all activities,_Z,Not applicable,XDC,National currency,V,Current prices,N,Non transformed data,T0103,Table 0103 - GDP identity from the income side,2008,,599270.442,,,,F,Free (free for publication),1,One,A,Normal value,6,Millions,DKK,Danish krone
DATAFLOW,OECD.SDD.NAD:DSD_NAMAIN10@DF_TABLE1_INCOME(2.0),Annual GDP and components - income approach,I,A,Annual,HUN,Hungary,S1,Total economy,S1,Total economy,B2A3G,"Operating surplus and mixed income, gross",_Z,Not applicable,_T,Total - all activities,_Z,Not applicable,XDC,National currency,V,Current prices,N,Non transformed data,T0103,Table 0103 - GDP identity from the income side,2008,,11157828,,,,F,Free (free for publication),1,One,A,Normal value,6,Millions,HUF,Forint
DATAFLOW,OECD.SDD.NAD:DSD_NAMAIN10@DF_TABLE1_INCOME(2.0),Annual GDP and components - income approach,I,A,Annual,JPN,Japan,S1,Total economy,S1,Total economy,B2A3G,"Operating surplus and mixed income, gross",_Z,Not applicable,_T,Total - all activities,_Z,Not applicable,XDC,National currency,V,Current prices,N,Non transformed data,T0103,Table 0103 - GDP identity from the income side,2008,,229977300,,,,F,Free (free for publication),1,One,A,Normal value,6,Millions,JPY,Yen
DATAFLOW,OECD.SDD.NAD:DSD_NAMAIN10@DF_TABLE1_INCOME(2.0),Annual GDP and components - income approach,I,A,Annual,KOR,Korea,S1,Total economy,S1,Total economy,B2A3G,"Operating surplus and mixed income, gross",_Z,Not applicable,_T,Total - all activities,_Z,Not applicable,XDC,National currency,V,Current prices,N,Non transformed data,T0103,Table 0103 - GDP identity from the income side,2008,,553098400,,,,F,Free (free for publication),1,One,A,Normal value,6,Millions,KRW,Won
DATAFLOW,OECD.SDD.NAD:DSD_NAMAIN10@DF_TABLE1_INCOME(2.0),Annual GDP and components - income approach,I,A,Annual,CHE,Switzerland,S1,Total economy,S1,Total economy,B2A3G,"Operating surplus and mixed income, gross",_Z,Not applicable,_T,Total - all activities,_Z,Not applicable,XDC,National currency,V,Current prices,N,Non transformed data,T0103,Table 0103 - GDP identity from the income side,2008,,261066.316,,,,F,Free (free for publication),1,One,A,Normal value,6,Millions,CHF,Swiss franc
DATAFLOW,OECD.SDD.NAD:DSD_NAMAIN10@DF_TABLE1_INCOME(2.0),Annual GDP and components - income approach,I,A,Annual,BRA,Brazil,S1,Total economy,S1,Total economy,B2A3G,"Operating surplus and mixed income, gross",_Z,Not applicable,_T,Total - all activities,_Z,Not applicable,XDC,National currency,V,Current prices,N,Non transformed data,T0103,Table 0103 - GDP identity from the income side,2008,,1325386.978,,,,F,Free (free for publication),1,One,A,Normal value,6,Millions,BRL,Brazilian real
DATAFLOW,OECD.SDD.NAD:DSD_NAMAIN10@DF_TABLE1_INCOME(2.0),Annual GDP and components - income approach,I,A,Annual,BGR,Bulgaria,S1,Total economy,S1,Total economy,B2A3G,"Operating surplus and mixed income, gross",_Z,Not applicable,_T,Total - all activities,_Z,Not applicable,XDC,National currency,V,Current prices,N,Non transformed data,T0103,Table 0103 - GDP identity from the income side,2008,,37352.708,,,,F,Free (free for publication),1,One,A,Normal value,6,Millions,BGN,Bulgarian lev
DATAFLOW,OECD.SDD.NAD:DSD_NAMAIN10@DF_TABLE1_INCOME(2.0),Annual GDP and components - income approach,I,A,Annual,CMR,Cameroon,S1,Total economy,S1,Total economy,B2A3G,"Operating surplus and mixed income, gross",_Z,Not applicable,_T,Total - all activities,_Z,Not applicable,XDC,National currency,V,Current prices,N,Non transformed data,T0103,Table 0103 - GDP identity from the income side,2008,,8167560.257,,,,F,Free (free for publication),1,One,A,Normal value,6,Millions,XAF,CFA franc - BEAC
DATAFLOW,OECD.SDD.NAD:DSD_NAMAIN10@DF_TABLE1_INCOME(2.0),Annual GDP and components - income approach,I,A,Annual,CHN,China (People’s Republic of),S1,Total economy,S1,Total economy,B2A3G,"Operating surplus and mixed income, gross",_Z,Not applicable,_T,Total - all activities,_Z,Not applicable,XDC,National currency,V,Current prices,N,Non transformed data,T0103,Table 0103 - GDP identity from the income side,2008,,12172964.401,,,,F,Free (free for publication),1,One,A,Normal value,6,Millions,CNY,Chinese yuan renminbi
DATAFLOW,OECD.SDD.NAD:DSD_NAMAIN10@DF_TABLE1_INCOME(2.0),Annual GDP and components - income approach,I,A,Annual,HKG,Hong Kong (China),S1,Total economy,S1,Total economy,B2A3G,"Operating surplus and mixed income, gross",_Z,Not applicable,_T,Total - all activities,_Z,Not applicable,XDC,National currency,V,Current prices,N,Non transformed data,T0103,Table 0103 - GDP identity from the income side,2008,,793760,,,,F,Free (free for publication),1,One,A,Normal value,6,Millions,HKD,Hong Kong dollar
DATAFLOW,OECD.SDD.NAD:DSD_NAMAIN10@DF_TABLE1_INCOME(2.0),Annual GDP and components - income approach,I,A,Annual,CAN,Canada,S1,Total economy,S1,Total economy,B2A3G,"Operating surplus and mixed income, gross",_Z,Not applicable,_T,Total - all activities,_Z,Not applicable,XDC,National currency,V,Current prices,N,Non transformed data,T0103,Table 0103 - GDP identity from the income side,2009,,586539,,,,F,Free (free for publication),1,One,A,Normal value,6,Millions,CAD,Canadian dollar
DATAFLOW,OECD.SDD.NAD:DSD_NAMAIN10@DF_TABLE1_INCOME(2.0),Annual GDP and components - income approach,I,A,Annual,COL,Colombia,S1,Total economy,S1,Total economy,B2A3G,"Operating surplus and mixed income, gross",_Z,Not applicable,_T,Total - all activities,_Z,Not applicable,XDC,National currency,V,Current prices,N,Non transformed data,T0103,Table 0103 - GDP identity from the income side,2009,,278256000,,,,F,Free (free for publication),1,One,A,Normal value,6,Millions,COP,Colombian peso
DATAFLOW,OECD.SDD.NAD:DSD_NAMAIN10@DF_TABLE1_INCOME(2.0),Annual GDP and components - income approach,I,A,Annual,CRI,Costa Rica,S1,Total economy,S1,Total economy,B2A3G,"Operating surplus and mixed income, gross",_Z,Not applicable,_T,Total - all activities,_Z,Not applicable,XDC,National currency,V,Current prices,N,Non transformed data,T0103,Table 0103 - GDP identity from the income side,2009,,7943670.121,,,,F,Free (free for publication),1,One,A,Normal value,6,Millions,CRC,Costa Rican colon
DATAFLOW,OECD.SDD.NAD:DSD_NAMAIN10@DF_TABLE1_INCOME(2.0),Annual GDP and components - income approach,I,A,Annual,CZE,Czechia,S1,Total economy,S1,Total economy,B2A3G,"Operating surplus and mixed income, gross",_Z,Not applicable,_T,Total - all activities,_Z,Not applicable,XDC,National currency,V,Current prices,N,Non transformed data,T0103,Table 0103 - GDP identity from the income side,2009,,1997423,,,,F,Free (free for publication),1,One,A,Normal value,6,Millions,CZK,Czech koruna
DATAFLOW,OECD.SDD.NAD:DSD_NAMAIN10@DF_TABLE1_INCOME(2.0),Annual GDP and components - income approach,I,A,Annual,DNK,Denmark,S1,Total economy,S1,Total economy,B2A3G,"Operating surplus and mixed income, gross",_Z,Not applicable,_T,Total - all activities,_Z,Not applicable,XDC,National currency,V,Current prices,N,Non transformed data,T0103,Table 0103 - GDP identity from the income side,2009,,544905.301,,,,F,Free (free for publication),1,One,A,Normal value,6,Millions,DKK,Danish krone
DATAFLOW,OECD.SDD.NAD:DSD_NAMAIN10@DF_TABLE1_INCOME(2.0),Annual GDP and components - income approach,I,A,Annual,HUN,Hungary,S1,Total economy,S1,Total economy,B2A3G,"Operating surplus and mixed income, gross",_Z,Not applicable,_T,Total - all activities,_Z,Not applicable,XDC,National currency,V,Current prices,N,Non transformed data,T0103,Table 0103 - GDP identity from the income side,2009,,10797391,,,,F,Free (free for publication),1,One,A,Normal value,6,Millions,HUF,Forint
DATAFLOW,OECD.SDD.NAD:DSD_NAMAIN10@DF_TABLE1_INCOME(2.0),Annual GDP and components - income approach,I,A,Annual,JPN,Japan,S1,Total economy,S1,Total economy,B2A3G,"Operating surplus and mixed income, gross",_Z,Not applicable,_T,Total - all activities,_Z,Not applicable,XDC,National currency,V,Current prices,N,Non transformed data,T0103,Table 0103 - GDP identity from the income side,2009,,211547000,,,,F,Free (free for publication),1,One,A,Normal value,6,Millions,JPY,Yen
DATAFLOW,OECD.SDD.NAD:DSD_NAMAIN10@DF_TABLE1_INCOME(2.0),Annual GDP and components - income approach,I,A,Annual,KOR,Korea,S1,Total economy,S1,Total economy,B2A3G,"Operating surplus and mixed income, gross",_Z,Not applicable,_T,Total - all activities,_Z,Not applicable,XDC,National currency,V,Current prices,N,Non transformed data,T0103,Table 0103 - GDP identity from the income side,2009,,585582800,,,,F,Free (free for publication),1,One,A,Normal value,6,Millions,KRW,Won
DATAFLOW,OECD.SDD.NAD:DSD_NAMAIN10@DF_TABLE1_INCOME(2.0),Annual GDP and components - income approach,I,A,Annual,CHE,Switzerland,S1,Total economy,S1,Total economy,B2A3G,"Operating surplus and mixed income, gross",_Z,Not applicable,_T,Total - all activities,_Z,Not applicable,XDC,National currency,V,Current prices,N,Non transformed data,T0103,Table 0103 - GDP identity from the income side,2009,,243718.53,,,,F,Free (free for publication),1,One,A,Normal value,6,Millions,CHF,Swiss franc
DATAFLOW,OECD.SDD.NAD:DSD_NAMAIN10@DF_TABLE1_INCOME(2.0),Annual GDP and components - income approach,I,A,Annual,BRA,Brazil,S1,Total economy,S1,Total economy,B2A3G,"Operating surplus and mixed income, gross",_Z,Not applicable,_T,Total - all activities,_Z,Not applicable,XDC,National currency,V,Current prices,N,Non transformed data,T0103,Table 0103 - GDP identity from the income side,2009,,1391477.657,,,,F,Free (free for publication),1,One,A,Normal value,6,Millions,BRL,Brazilian real
DATAFLOW,OECD.SDD.NAD:DSD_NAMAIN10@DF_TABLE1_INCOME(2.0),Annual GDP and components - income approach,I,A,Annual,BGR,Bulgaria,S1,Total economy,S1,Total economy,B2A3G,"Operating surplus and mixed income, gross",_Z,Not applicable,_T,Total - all activities,_Z,Not applicable,XDC,National currency,V,Current prices,N,Non transformed data,T0103,Table 0103 - GDP identity from the income side,2009,,38281.16,,,,F,Free (free for publication),1,One,A,Normal value,6,Millions,BGN,Bulgarian lev
DATAFLOW,OECD.SDD.NAD:DSD_NAMAIN10@DF_TABLE1_INCOME(2.0),Annual GDP and components - income approach,I,A,Annual,CMR,Cameroon,S1,Total economy,S1,Total economy,B2A3G,"Operating surplus and mixed income, gross",_Z,Not applicable,_T,Total - all activities,_Z,Not applicable,XDC,National currency,V,Current prices,N,Non transformed data,T0103,Table 0103 - GDP identity from the income side,2009,,8800416.7,,,,F,Free (free for publication),1,One,A,Normal value,6,Millions,XAF,CFA franc - BEAC
DATAFLOW,OECD.SDD.NAD:DSD_NAMAIN10@DF_TABLE1_INCOME(2.0),Annual GDP and components - income approach,I,A,Annual,CHN,China (People’s Republic of),S1,Total economy,S1,Total economy,B2A3G,"Operating surplus and mixed income, gross",_Z,Not applicable,_T,Total - all activities,_Z,Not applicable,XDC,National currency,V,Current prices,N,Non transformed data,T0103,Table 0103 - GDP identity from the income side,2009,,13332144.182,,,,F,Free (free for publication),1,One,A,Normal value,6,Millions,CNY,Chinese yuan renminbi
DATAFLOW,OECD.SDD.NAD:DSD_NAMAIN10@DF_TABLE1_INCOME(2.0),Annual GDP and components - income approach,I,A,Annual,HKG,Hong Kong (China),S1,Total economy,S1,Total economy,B2A3G,"Operating surplus and mixed income, gross",_Z,Not applicable,_T,Total - all activities,_Z,Not applicable,XDC,National currency,V,Current prices,N,Non transformed data,T0103,Table 0103 - GDP identity from the income side,2009,,738521,,,,F,Free (free for publication),1,One,A,Normal value,6,Millions,HKD,Hong Kong dollar
DATAFLOW,OECD.SDD.NAD:DSD_NAMAIN10@DF_TABLE1_INCOME(2.0),Annual GDP and components - income approach,I,A,Annual,CAN,Canada,S1,Total economy,S1,Total economy,B2A3G,"Operating surplus and mixed income, gross",_Z,Not applicable,_T,Total - all activities,_Z,Not applicable,XDC,National currency,V,Current prices,N,Non transformed data,T0103,Table 0103 - GDP identity from the income side,2010,,648029,,,,F,Free (free for publication),1,One,A,Normal value,6,Millions,CAD,Canadian dollar
DATAFLOW,OECD.SDD.NAD:DSD_NAMAIN10@DF_TABLE1_INCOME(2.0),Annual GDP and components - income approach,I,A,Annual,COL,Colombia,S1,Total economy,S1,Total economy,B2A3G,"Operating surplus and mixed income, gross",_Z,Not applicable,_T,Total - all activities,_Z,Not applicable,XDC,National currency,V,Current prices,N,Non transformed data,T0103,Table 0103 - GDP identity from the income side,2010,,301749000,,,,F,Free (free for publication),1,One,A,Normal value,6,Millions,COP,Colombian peso
DATAFLOW,OECD.SDD.NAD:DSD_NAMAIN10@DF_TABLE1_INCOME(2.0),Annual GDP and components - income approach,I,A,Annual,CRI,Costa Rica,S1,Total economy,S1,Total economy,B2A3G,"Operating surplus and mixed income, gross",_Z,Not applicable,_T,Total - all activities,_Z,Not applicable,XDC,National currency,V,Current prices,N,Non transformed data,T0103,Table 0103 - GDP identity from the income side,2010,,8795178.809,,,,F,Free (free for publication),1,One,A,Normal value,6,Millions,CRC,Costa Rican colon
DATAFLOW,OECD.SDD.NAD:DSD_NAMAIN10@DF_TABLE1_INCOME(2.0),Annual GDP and components - income approach,I,A,Annual,CZE,Czechia,S1,Total economy,S1,Total economy,B2A3G,"Operating surplus and mixed income, gross",_Z,Not applicable,_T,Total - all activities,_Z,Not applicable,XDC,National currency,V,Current prices,N,Non transformed data,T0103,Table 0103 - GDP identity from the income side,2010,,2042795,,,,F,Free (free for publication),1,One,A,Normal value,6,Millions,CZK,Czech koruna
DATAFLOW,OECD.SDD.NAD:DSD_NAMAIN10@DF_TABLE1_INCOME(2.0),Annual GDP and components - income approach,I,A,Annual,DNK,Denmark,S1,Total economy,S1,Total economy,B2A3G,"Operating surplus and mixed income, gross",_Z,Not applicable,_T,Total - all activities,_Z,Not applicable,XDC,National currency,V,Current prices,N,Non transformed data,T0103,Table 0103 - GDP identity from the income side,2010,,607013.367,,,,F,Free (free for publication),1,One,A,Normal value,6,Millions,DKK,Danish krone
DATAFLOW,OECD.SDD.NAD:DSD_NAMAIN10@DF_TABLE1_INCOME(2.0),Annual GDP and components - income approach,I,A,Annual,HUN,Hungary,S1,Total economy,S1,Total economy,B2A3G,"Operating surplus and mixed income, gross",_Z,Not applicable,_T,Total - all activities,_Z,Not applicable,XDC,National currency,V,Current prices,N,Non transformed data,T0103,Table 0103 - GDP identity from the income side,2010,,11258057,,,,F,Free (free for publication),1,One,A,Normal value,6,Millions,HUF,Forint
DATAFLOW,OECD.SDD.NAD:DSD_NAMAIN10@DF_TABLE1_INCOME(2.0),Annual GDP and components - income approach,I,A,Annual,JPN,Japan,S1,Total economy,S1,Total economy,B2A3G,"Operating surplus and mixed income, gross",_Z,Not applicable,_T,Total - all activities,_Z,Not applicable,XDC,National currency,V,Current prices,N,Non transformed data,T0103,Table 0103 - GDP identity from the income side,2010,,223982000,,,,F,Free (free for publication),1,One,A,Normal value,6,Millions,JPY,Yen
DATAFLOW,OECD.SDD.NAD:DSD_NAMAIN10@DF_TABLE1_INCOME(2.0),Annual GDP and components - income approach,I,A,Annual,KOR,Korea,S1,Total economy,S1,Total economy,B2A3G,"Operating surplus and mixed income, gross",_Z,Not applicable,_T,Total - all activities,_Z,Not applicable,XDC,National currency,V,Current prices,N,Non transformed data,T0103,Table 0103 - GDP identity from the income side,2010,,656431800,,,,F,Free (free for publication),1,One,A,Normal value,6,Millions,KRW,Won
DATAFLOW,OECD.SDD.NAD:DSD_NAMAIN10@DF_TABLE1_INCOME(2.0),Annual GDP and components - income approach,I,A,Annual,CHE,Switzerland,S1,Total economy,S1,Total economy,B2A3G,"Operating surplus and mixed income, gross",_Z,Not applicable,_T,Total - all activities,_Z,Not applicable,XDC,National currency,V,Current prices,N,Non transformed data,T0103,Table 0103 - GDP identity from the income side,2010,,260688.527,,,,F,Free (free for publication),1,One,A,Normal value,6,Millions,CHF,Swiss franc
DATAFLOW,OECD.SDD.NAD:DSD_NAMAIN10@DF_TABLE1_INCOME(2.0),Annual GDP and components - income approach,I,A,Annual,BRA,Brazil,S1,Total economy,S1,Total economy,B2A3G,"Operating surplus and mixed income, gross",_Z,Not applicable,_T,Total - all activities,_Z,Not applicable,XDC,National currency,V,Current prices,N,Non transformed data,T0103,Table 0103 - GDP identity from the income side,2010,,1641762,,,,F,Free (free for publication),1,One,A,Normal value,6,Millions,BRL,Brazilian real
DATAFLOW,OECD.SDD.NAD:DSD_NAMAIN10@DF_TABLE1_INCOME(2.0),Annual GDP and components - income approach,I,A,Annual,BGR,Bulgaria,S1,Total economy,S1,Total economy,B2A3G,"Operating surplus and mixed income, gross",_Z,Not applicable,_T,Total - all activities,_Z,Not applicable,XDC,National currency,V,Current prices,N,Non transformed data,T0103,Table 0103 - GDP identity from the income side,2010,,38796.578,,,,F,Free (free for publication),1,One,A,Normal value,6,Millions,BGN,Bulgarian lev
DATAFLOW,OECD.SDD.NAD:DSD_NAMAIN10@DF_TABLE1_INCOME(2.0),Annual GDP and components - income approach,I,A,Annual,CMR,Cameroon,S1,Total economy,S1,Total economy,B2A3G,"Operating surplus and mixed income, gross",_Z,Not applicable,_T,Total - all activities,_Z,Not applicable,XDC,National currency,V,Current prices,N,Non transformed data,T0103,Table 0103 - GDP identity from the income side,2010,,9086876.623,,,,F,Free (free for publication),1,One,A,Normal value,6,Millions,XAF,CFA franc - BEAC
DATAFLOW,OECD.SDD.NAD:DSD_NAMAIN10@DF_TABLE1_INCOME(2.0),Annual GDP and components - income approach,I,A,Annual,CHN,China (People’s Republic of),S1,Total economy,S1,Total economy,B2A3G,"Operating surplus and mixed income, gross",_Z,Not applicable,_T,Total - all activities,_Z,Not applicable,XDC,National currency,V,Current prices,N,Non transformed data,T0103,Table 0103 - GDP identity from the income side,2010,,15828525.172,,,,F,Free (free for publication),1,One,A,Normal value,6,Millions,CNY,Chinese yuan renminbi
DATAFLOW,OECD.SDD.NAD:DSD_NAMAIN10@DF_TABLE1_INCOME(2.0),Annual GDP and components - income approach,I,A,Annual,HKG,Hong Kong (China),S1,Total economy,S1,Total economy,B2A3G,"Operating surplus and mixed income, gross",_Z,Not applicable,_T,Total - all activities,_Z,Not applicable,XDC,National currency,V,Current prices,N,Non transformed data,T0103,Table 0103 - GDP identity from the income side,2010,,830331,,,,F,Free (free for publication),1,One,A,Normal value,6,Millions,HKD,Hong Kong dollar
DATAFLOW,OECD.SDD.NAD:DSD_NAMAIN10@DF_TABLE1_INCOME(2.0),Annual GDP and components - income approach,I,A,Annual,CAN,Canada,S1,Total economy,S1,Total economy,B2A3G,"Operating surplus and mixed income, gross",_Z,Not applicable,_T,Total - all activities,_Z,Not applicable,XDC,National currency,V,Current prices,N,Non transformed data,T0103,Table 0103 - GDP identity from the income side,2011,,704297,,,,F,Free (free for publication),1,One,A,Normal value,6,Millions,CAD,Canadian dollar
DATAFLOW,OECD.SDD.NAD:DSD_NAMAIN10@DF_TABLE1_INCOME(2.0),Annual GDP and components - income approach,I,A,Annual,COL,Colombia,S1,Total economy,S1,Total economy,B2A3G,"Operating surplus and mixed income, gross",_Z,Not applicable,_T,Total - all activities,_Z,Not applicable,XDC,National currency,V,Current prices,N,Non transformed data,T0103,Table 0103 - GDP identity from the income side,2011,,352001000,,,,F,Free (free for publication),1,One,A,Normal value,6,Millions,COP,Colombian peso
DATAFLOW,OECD.SDD.NAD:DSD_NAMAIN10@DF_TABLE1_INCOME(2.0),Annual GDP and components - income approach,I,A,Annual,CRI,Costa Rica,S1,Total economy,S1,Total economy,B2A3G,"Operating surplus and mixed income, gross",_Z,Not applicable,_T,Total - all activities,_Z,Not applicable,XDC,National currency,V,Current prices,N,Non transformed data,T0103,Table 0103 - GDP identity from the income side,2011,,9389914.358,,,,F,Free (free for publication),1,One,A,Normal value,6,Millions,CRC,Costa Rican colon
DATAFLOW,OECD.SDD.NAD:DSD_NAMAIN10@DF_TABLE1_INCOME(2.0),Annual GDP and components - income approach,I,A,Annual,CZE,Czechia,S1,Total economy,S1,Total economy,B2A3G,"Operating surplus and mixed income, gross",_Z,Not applicable,_T,Total - all activities,_Z,Not applicable,XDC,National currency,V,Current prices,N,Non transformed data,T0103,Table 0103 - GDP identity from the income side,2011,,2048862,,,,F,Free (free for publication),1,One,A,Normal value,6,Millions,CZK,Czech koruna
DATAFLOW,OECD.SDD.NAD:DSD_NAMAIN10@DF_TABLE1_INCOME(2.0),Annual GDP and components - income approach,I,A,Annual,DNK,Denmark,S1,Total economy,S1,Total economy,B2A3G,"Operating surplus and mixed income, gross",_Z,Not applicable,_T,Total - all activities,_Z,Not applicable,XDC,National currency,V,Current prices,N,Non transformed data,T0103,Table 0103 - GDP identity from the income side,2011,,623387.927,,,,F,Free (free for publication),1,One,A,Normal value,6,Millions,DKK,Danish krone
DATAFLOW,OECD.SDD.NAD:DSD_NAMAIN10@DF_TABLE1_INCOME(2.0),Annual GDP and components - income approach,I,A,Annual,HUN,Hungary,S1,Total economy,S1,Total economy,B2A3G,"Operating surplus and mixed income, gross",_Z,Not applicable,_T,Total - all activities,_Z,Not applicable,XDC,National currency,V,Current prices,N,Non transformed data,T0103,Table 0103 - GDP identity from the income side,2011,,11834375,,,,F,Free (free for publication),1,One,A,Normal value,6,Millions,HUF,Forint
DATAFLOW,OECD.SDD.NAD:DSD_NAMAIN10@DF_TABLE1_INCOME(2.0),Annual GDP and components - income approach,I,A,Annual,JPN,Japan,S1,Total economy,S1,Total economy,B2A3G,"Operating surplus and mixed income, gross",_Z,Not applicable,_T,Total - all activities,_Z,Not applicable,XDC,National currency,V,Current prices,N,Non transformed data,T0103,Table 0103 - GDP identity from the income side,2011,,213777600,,,,F,Free (free for publication),1,One,A,Normal value,6,Millions,JPY,Yen
DATAFLOW,OECD.SDD.NAD:DSD_NAMAIN10@DF_TABLE1_INCOME(2.0),Annual GDP and components - income approach,I,A,Annual,KOR,Korea,S1,Total economy,S1,Total economy,B2A3G,"Operating surplus and mixed income, gross",_Z,Not applicable,_T,Total - all activities,_Z,Not applicable,XDC,National currency,V,Current prices,N,Non transformed data,T0103,Table 0103 - GDP identity from the income side,2011,,680106700,,,,F,Free (free for publication),1,One,A,Normal value,6,Millions,KRW,Won
DATAFLOW,OECD.SDD.NAD:DSD_NAMAIN10@DF_TABLE1_INCOME(2.0),Annual GDP and components - income approach,I,A,Annual,CHE,Switzerland,S1,Total economy,S1,Total economy,B2A3G,"Operating surplus and mixed income, gross",_Z,Not applicable,_T,Total - all activities,_Z,Not applicable,XDC,National currency,V,Current prices,N,Non transformed data,T0103,Table 0103 - GDP identity from the income side,2011,,259208.325,,,,F,Free (free for publication),1,One,A,Normal value,6,Millions,CHF,Swiss franc
DATAFLOW,OECD.SDD.NAD:DSD_NAMAIN10@DF_TABLE1_INCOME(2.0),Annual GDP and components - income approach,I,A,Annual,BRA,Brazil,S1,Total economy,S1,Total economy,B2A3G,"Operating surplus and mixed income, gross",_Z,Not applicable,_T,Total - all activities,_Z,Not applicable,XDC,National currency,V,Current prices,N,Non transformed data,T0103,Table 0103 - GDP identity from the income side,2011,,1832261,,,,F,Free (free for publication),1,One,A,Normal value,6,Millions,BRL,Brazilian real
DATAFLOW,OECD.SDD.NAD:DSD_NAMAIN10@DF_TABLE1_INCOME(2.0),Annual GDP and components - income approach,I,A,Annual,BGR,Bulgaria,S1,Total economy,S1,Total economy,B2A3G,"Operating surplus and mixed income, gross",_Z,Not applicable,_T,Total - all activities,_Z,Not applicable,XDC,National currency,V,Current prices,N,Non transformed data,T0103,Table 0103 - GDP identity from the income side,2011,,42806.655,,,,F,Free (free for publication),1,One,A,Normal value,6,Millions,BGN,Bulgarian lev
DATAFLOW,OECD.SDD.NAD:DSD_NAMAIN10@DF_TABLE1_INCOME(2.0),Annual GDP and components - income approach,I,A,Annual,CMR,Cameroon,S1,Total economy,S1,Total economy,B2A3G,"Operating surplus and mixed income, gross",_Z,Not applicable,_T,Total - all activities,_Z,Not applicable,XDC,National currency,V,Current prices,N,Non transformed data,T0103,Table 0103 - GDP identity from the income side,2011,,9728303.424,,,,F,Free (free for publication),1,One,A,Normal value,6,Millions,XAF,CFA franc - BEAC
DATAFLOW,OECD.SDD.NAD:DSD_NAMAIN10@DF_TABLE1_INCOME(2.0),Annual GDP and components - income approach,I,A,Annual,CHN,China (People’s Republic of),S1,Total economy,S1,Total economy,B2A3G,"Operating surplus and mixed income, gross",_Z,Not applicable,_T,Total - all activities,_Z,Not applicable,XDC,National currency,V,Current prices,N,Non transformed data,T0103,Table 0103 - GDP identity from the income side,2011,,18621144.181,,,,F,Free (free for publication),1,One,A,Normal value,6,Millions,CNY,Chinese yuan renminbi
DATAFLOW,OECD.SDD.NAD:DSD_NAMAIN10@DF_TABLE1_INCOME(2.0),Annual GDP and components - income approach,I,A,Annual,HKG,Hong Kong (China),S1,Total economy,S1,Total economy,B2A3G,"Operating surplus and mixed income, gross",_Z,Not applicable,_T,Total - all activities,_Z,Not applicable,XDC,National currency,V,Current prices,N,Non transformed data,T0103,Table 0103 - GDP identity from the income side,2011,,912347,,,,F,Free (free for publication),1,One,A,Normal value,6,Millions,HKD,Hong Kong dollar
DATAFLOW,OECD.SDD.NAD:DSD_NAMAIN10@DF_TABLE1_INCOME(2.0),Annual GDP and components - income approach,I,A,Annual,CAN,Canada,S1,Total economy,S1,Total economy,B2A3G,"Operating surplus and mixed income, gross",_Z,Not applicable,_T,Total - all activities,_Z,Not applicable,XDC,National currency,V,Current prices,N,Non transformed data,T0103,Table 0103 - GDP identity from the income side,2012,,709581,,,,F,Free (free for publication),1,One,A,Normal value,6,Millions,CAD,Canadian dollar
DATAFLOW,OECD.SDD.NAD:DSD_NAMAIN10@DF_TABLE1_INCOME(2.0),Annual GDP and components - income approach,I,A,Annual,COL,Colombia,S1,Total economy,S1,Total economy,B2A3G,"Operating surplus and mixed income, gross",_Z,Not applicable,_T,Total - all activities,_Z,Not applicable,XDC,National currency,V,Current prices,N,Non transformed data,T0103,Table 0103 - GDP identity from the income side,2012,,374647000,,,,F,Free (free for publication),1,One,A,Normal value,6,Millions,COP,Colombian peso
DATAFLOW,OECD.SDD.NAD:DSD_NAMAIN10@DF_TABLE1_INCOME(2.0),Annual GDP and components - income approach,I,A,Annual,CRI,Costa Rica,S1,Total economy,S1,Total economy,B2A3G,"Operating surplus and mixed income, gross",_Z,Not applicable,_T,Total - all activities,_Z,Not applicable,XDC,National currency,V,Current prices,N,Non transformed data,T0103,Table 0103 - GDP identity from the income side,2012,,10185357.582,,,,F,Free (free for publication),1,One,A,Normal value,6,Millions,CRC,Costa Rican colon
DATAFLOW,OECD.SDD.NAD:DSD_NAMAIN10@DF_TABLE1_INCOME(2.0),Annual GDP and components - income approach,I,A,Annual,CZE,Czechia,S1,Total economy,S1,Total economy,B2A3G,"Operating surplus and mixed income, gross",_Z,Not applicable,_T,Total - all activities,_Z,Not applicable,XDC,National currency,V,Current prices,N,Non transformed data,T0103,Table 0103 - GDP identity from the income side,2012,,2015651,,,,F,Free (free for publication),1,One,A,Normal value,6,Millions,CZK,Czech koruna
DATAFLOW,OECD.SDD.NAD:DSD_NAMAIN10@DF_TABLE1_INCOME(2.0),Annual GDP and components - income approach,I,A,Annual,DNK,Denmark,S1,Total economy,S1,Total economy,B2A3G,"Operating surplus and mixed income, gross",_Z,Not applicable,_T,Total - all activities,_Z,Not applicable,XDC,National currency,V,Current prices,N,Non transformed data,T0103,Table 0103 - GDP identity from the income side,2012,,651111.577,,,,F,Free (free for publication),1,One,A,Normal value,6,Millions,DKK,Danish krone
DATAFLOW,OECD.SDD.NAD:DSD_NAMAIN10@DF_TABLE1_INCOME(2.0),Annual GDP and components - income approach,I,A,Annual,HUN,Hungary,S1,Total economy,S1,Total economy,B2A3G,"Operating surplus and mixed income, gross",_Z,Not applicable,_T,Total - all activities,_Z,Not applicable,XDC,National currency,V,Current prices,N,Non transformed data,T0103,Table 0103 - GDP identity from the income side,2012,,11631876,,,,F,Free (free for publication),1,One,A,Normal value,6,Millions,HUF,Forint
DATAFLOW,OECD.SDD.NAD:DSD_NAMAIN10@DF_TABLE1_INCOME(2.0),Annual GDP and components - income approach,I,A,Annual,JPN,Japan,S1,Total economy,S1,Total economy,B2A3G,"Operating surplus and mixed income, gross",_Z,Not applicable,_T,Total - all activities,_Z,Not applicable,XDC,National currency,V,Current prices,N,Non transformed data,T0103,Table 0103 - GDP identity from the income side,2012,,216015800,,,,F,Free (free for publication),1,One,A,Normal value,6,Millions,JPY,Yen
DATAFLOW,OECD.SDD.NAD:DSD_NAMAIN10@DF_TABLE1_INCOME(2.0),Annual GDP and components - income approach,I,A,Annual,KOR,Korea,S1,Total economy,S1,Total economy,B2A3G,"Operating surplus and mixed income, gross",_Z,Not applicable,_T,Total - all activities,_Z,Not applicable,XDC,National currency,V,Current prices,N,Non transformed data,T0103,Table 0103 - GDP identity from the income side,2012,,703144900,,,,F,Free (free for publication),1,One,A,Normal value,6,Millions,KRW,Won
DATAFLOW,OECD.SDD.NAD:DSD_NAMAIN10@DF_TABLE1_INCOME(2.0),Annual GDP and components - income approach,I,A,Annual,CHE,Switzerland,S1,Total economy,S1,Total economy,B2A3G,"Operating surplus and mixed income, gross",_Z,Not applicable,_T,Total - all activities,_Z,Not applicable,XDC,National currency,V,Current prices,N,Non transformed data,T0103,Table 0103 - GDP identity from the income side,2012,,259279.907,,,,F,Free (free for publication),1,One,A,Normal value,6,Millions,CHF,Swiss franc
DATAFLOW,OECD.SDD.NAD:DSD_NAMAIN10@DF_TABLE1_INCOME(2.0),Annual GDP and components - income approach,I,A,Annual,BRA,Brazil,S1,Total economy,S1,Total economy,B2A3G,"Operating surplus and mixed income, gross",_Z,Not applicable,_T,Total - all activities,_Z,Not applicable,XDC,National currency,V,Current prices,N,Non transformed data,T0103,Table 0103 - GDP identity from the income side,2012,,1990402,,,,F,Free (free for publication),1,One,A,Normal value,6,Millions,BRL,Brazilian real
DATAFLOW,OECD.SDD.NAD:DSD_NAMAIN10@DF_TABLE1_INCOME(2.0),Annual GDP and components - income approach,I,A,Annual,BGR,Bulgaria,S1,Total economy,S1,Total economy,B2A3G,"Operating surplus and mixed income, gross",_Z,Not applicable,_T,Total - all activities,_Z,Not applicable,XDC,National currency,V,Current prices,N,Non transformed data,T0103,Table 0103 - GDP identity from the income side,2012,,42381.312,,,,F,Free (free for publication),1,One,A,Normal value,6,Millions,BGN,Bulgarian lev
DATAFLOW,OECD.SDD.NAD:DSD_NAMAIN10@DF_TABLE1_INCOME(2.0),Annual GDP and components - income approach,I,A,Annual,CMR,Cameroon,S1,Total economy,S1,Total economy,B2A3G,"Operating surplus and mixed income, gross",_Z,Not applicable,_T,Total - all activities,_Z,Not applicable,XDC,National currency,V,Current prices,N,Non transformed data,T0103,Table 0103 - GDP identity from the income side,2012,,10440440.238,,,,F,Free (free for publication),1,One,A,Normal value,6,Millions,XAF,CFA franc - BEAC
DATAFLOW,OECD.SDD.NAD:DSD_NAMAIN10@DF_TABLE1_INCOME(2.0),Annual GDP and components - income approach,I,A,Annual,CHN,China (People’s Republic of),S1,Total economy,S1,Total economy,B2A3G,"Operating surplus and mixed income, gross",_Z,Not applicable,_T,Total - all activities,_Z,Not applicable,XDC,National currency,V,Current prices,N,Non transformed data,T0103,Table 0103 - GDP identity from the income side,2012,,20149316.23,,,,F,Free (free for publication),1,One,A,Normal value,6,Millions,CNY,Chinese yuan renminbi
DATAFLOW,OECD.SDD.NAD:DSD_NAMAIN10@DF_TABLE1_INCOME(2.0),Annual GDP and components - income approach,I,A,Annual,HKG,Hong Kong (China),S1,Total economy,S1,Total economy,B2A3G,"Operating surplus and mixed income, gross",_Z,Not applicable,_T,Total - all activities,_Z,Not applicable,XDC,National currency,V,Current prices,N,Non transformed data,T0103,Table 0103 - GDP identity from the income side,2012,,956639,,,,F,Free (free for publication),1,One,A,Normal value,6,Millions,HKD,Hong Kong dollar
DATAFLOW,OECD.SDD.NAD:DSD_NAMAIN10@DF_TABLE1_INCOME(2.0),Annual GDP and components - income approach,I,A,Annual,CAN,Canada,S1,Total economy,S1,Total economy,B2A3G,"Operating surplus and mixed income, gross",_Z,Not applicable,_T,Total - all activities,_Z,Not applicable,XDC,National currency,V,Current prices,N,Non transformed data,T0103,Table 0103 - GDP identity from the income side,2013,,739338,,,,F,Free (free for publication),1,One,A,Normal value,6,Millions,CAD,Canadian dollar
DATAFLOW,OECD.SDD.NAD:DSD_NAMAIN10@DF_TABLE1_INCOME(2.0),Annual GDP and components - income approach,I,A,Annual,COL,Colombia,S1,Total economy,S1,Total economy,B2A3G,"Operating surplus and mixed income, gross",_Z,Not applicable,_T,Total - all activities,_Z,Not applicable,XDC,National currency,V,Current prices,N,Non transformed data,T0103,Table 0103 - GDP identity from the income side,2013,,403721000,,,,F,Free (free for publication),1,One,A,Normal value,6,Millions,COP,Colombian peso
DATAFLOW,OECD.SDD.NAD:DSD_NAMAIN10@DF_TABLE1_INCOME(2.0),Annual GDP and components - income approach,I,A,Annual,CRI,Costa Rica,S1,Total economy,S1,Total economy,B2A3G,"Operating surplus and mixed income, gross",_Z,Not applicable,_T,Total - all activities,_Z,Not applicable,XDC,National currency,V,Current prices,N,Non transformed data,T0103,Table 0103 - GDP identity from the income side,2013,,10823120.571,,,,F,Free (free for publication),1,One,A,Normal value,6,Millions,CRC,Costa Rican colon
DATAFLOW,OECD.SDD.NAD:DSD_NAMAIN10@DF_TABLE1_INCOME(2.0),Annual GDP and components - income approach,I,A,Annual,CZE,Czechia,S1,Total economy,S1,Total economy,B2A3G,"Operating surplus and mixed income, gross",_Z,Not applicable,_T,Total - all activities,_Z,Not applicable,XDC,National currency,V,Current prices,N,Non transformed data,T0103,Table 0103 - GDP identity from the income side,2013,,2035299,,,,F,Free (free for publication),1,One,A,Normal value,6,Millions,CZK,Czech koruna
DATAFLOW,OECD.SDD.NAD:DSD_NAMAIN10@DF_TABLE1_INCOME(2.0),Annual GDP and components - income approach,I,A,Annual,DNK,Denmark,S1,Total economy,S1,Total economy,B2A3G,"Operating surplus and mixed income, gross",_Z,Not applicable,_T,Total - all activities,_Z,Not applicable,XDC,National currency,V,Current prices,N,Non transformed data,T0103,Table 0103 - GDP identity from the income side,2013,,670466.429,,,,F,Free (free for publication),1,One,A,Normal value,6,Millions,DKK,Danish krone
DATAFLOW,OECD.SDD.NAD:DSD_NAMAIN10@DF_TABLE1_INCOME(2.0),Annual GDP and components - income approach,I,A,Annual,HUN,Hungary,S1,Total economy,S1,Total economy,B2A3G,"Operating surplus and mixed income, gross",_Z,Not applicable,_T,Total - all activities,_Z,Not applicable,XDC,National currency,V,Current prices,N,Non transformed data,T0103,Table 0103 - GDP identity from the income side,2013,,12454111,,,,F,Free (free for publication),1,One,A,Normal value,6,Millions,HUF,Forint
DATAFLOW,OECD.SDD.NAD:DSD_NAMAIN10@DF_TABLE1_INCOME(2.0),Annual GDP and components - income approach,I,A,Annual,JPN,Japan,S1,Total economy,S1,Total economy,B2A3G,"Operating surplus and mixed income, gross",_Z,Not applicable,_T,Total - all activities,_Z,Not applicable,XDC,National currency,V,Current prices,N,Non transformed data,T0103,Table 0103 - GDP identity from the income side,2013,,222513100,,,,F,Free (free for publication),1,One,A,Normal value,6,Millions,JPY,Yen
DATAFLOW,OECD.SDD.NAD:DSD_NAMAIN10@DF_TABLE1_INCOME(2.0),Annual GDP and components - income approach,I,A,Annual,KOR,Korea,S1,Total economy,S1,Total economy,B2A3G,"Operating surplus and mixed income, gross",_Z,Not applicable,_T,Total - all activities,_Z,Not applicable,XDC,National currency,V,Current prices,N,Non transformed data,T0103,Table 0103 - GDP identity from the income side,2013,,733086900,,,,F,Free (free for publication),1,One,A,Normal value,6,Millions,KRW,Won
DATAFLOW,OECD.SDD.NAD:DSD_NAMAIN10@DF_TABLE1_INCOME(2.0),Annual GDP and components - income approach,I,A,Annual,CHE,Switzerland,S1,Total economy,S1,Total economy,B2A3G,"Operating surplus and mixed income, gross",_Z,Not applicable,_T,Total - all activities,_Z,Not applicable,XDC,National currency,V,Current prices,N,Non transformed data,T0103,Table 0103 - GDP identity from the income side,2013,,261413.098,,,,F,Free (free for publication),1,One,A,Normal value,6,Millions,CHF,Swiss franc
DATAFLOW,OECD.SDD.NAD:DSD_NAMAIN10@DF_TABLE1_INCOME(2.0),Annual GDP and components - income approach,I,A,Annual,ALB,Albania,S1,Total economy,S1,Total economy,B2A3G,"Operating surplus and mixed income, gross",_Z,Not applicable,_T,Total - all activities,_Z,Not applicable,XDC,National currency,V,Current prices,N,Non transformed data,T0103,Table 0103 - GDP identity from the income side,2013,,442736.068,,,,F,Free (free for publication),1,One,A,Normal value,6,Millions,ALL,Lek
DATAFLOW,OECD.SDD.NAD:DSD_NAMAIN10@DF_TABLE1_INCOME(2.0),Annual GDP and components - income approach,I,A,Annual,BRA,Brazil,S1,Total economy,S1,Total economy,B2A3G,"Operating surplus and mixed income, gross",_Z,Not applicable,_T,Total - all activities,_Z,Not applicable,XDC,National currency,V,Current prices,N,Non transformed data,T0103,Table 0103 - GDP identity from the income side,2013,,2198001,,,,F,Free (free for publication),1,One,A,Normal value,6,Millions,BRL,Brazilian real
DATAFLOW,OECD.SDD.NAD:DSD_NAMAIN10@DF_TABLE1_INCOME(2.0),Annual GDP and components - income approach,I,A,Annual,BGR,Bulgaria,S1,Total economy,S1,Total economy,B2A3G,"Operating surplus and mixed income, gross",_Z,Not applicable,_T,Total - all activities,_Z,Not applicable,XDC,National currency,V,Current prices,N,Non transformed data,T0103,Table 0103 - GDP identity from the income side,2013,,39695.883,,,,F,Free (free for publication),1,One,A,Normal value,6,Millions,BGN,Bulgarian lev
DATAFLOW,OECD.SDD.NAD:DSD_NAMAIN10@DF_TABLE1_INCOME(2.0),Annual GDP and components - income approach,I,A,Annual,CMR,Cameroon,S1,Total economy,S1,Total economy,B2A3G,"Operating surplus and mixed income, gross",_Z,Not applicable,_T,Total - all activities,_Z,Not applicable,XDC,National currency,V,Current prices,N,Non transformed data,T0103,Table 0103 - GDP identity from the income side,2013,,11212794.744,,,,F,Free (free for publication),1,One,A,Normal value,6,Millions,XAF,CFA franc - BEAC
DATAFLOW,OECD.SDD.NAD:DSD_NAMAIN10@DF_TABLE1_INCOME(2.0),Annual GDP and components - income approach,I,A,Annual,CHN,China (People’s Republic of),S1,Total economy,S1,Total economy,B2A3G,"Operating surplus and mixed income, gross",_Z,Not applicable,_T,Total - all activities,_Z,Not applicable,XDC,National currency,V,Current prices,N,Non transformed data,T0103,Table 0103 - GDP identity from the income side,2013,,21819632.547,,,,F,Free (free for publication),1,One,A,Normal value,6,Millions,CNY,Chinese yuan renminbi
DATAFLOW,OECD.SDD.NAD:DSD_NAMAIN10@DF_TABLE1_INCOME(2.0),Annual GDP and components - income approach,I,A,Annual,HKG,Hong Kong (China),S1,Total economy,S1,Total economy,B2A3G,"Operating surplus and mixed income, gross",_Z,Not applicable,_T,Total - all activities,_Z,Not applicable,XDC,National currency,V,Current prices,N,Non transformed data,T0103,Table 0103 - GDP identity from the income side,2013,,997132,,,,F,Free (free for publication),1,One,A,Normal value,6,Millions,HKD,Hong Kong dollar
DATAFLOW,OECD.SDD.NAD:DSD_NAMAIN10@DF_TABLE1_INCOME(2.0),Annual GDP and components - income approach,I,A,Annual,CAN,Canada,S1,Total economy,S1,Total economy,B2A3G,"Operating surplus and mixed income, gross",_Z,Not applicable,_T,Total - all activities,_Z,Not applicable,XDC,National currency,V,Current prices,N,Non transformed data,T0103,Table 0103 - GDP identity from the income side,2014,,784410,,,,F,Free (free for publication),1,One,A,Normal value,6,Millions,CAD,Canadian dollar
DATAFLOW,OECD.SDD.NAD:DSD_NAMAIN10@DF_TABLE1_INCOME(2.0),Annual GDP and components - income approach,I,A,Annual,COL,Colombia,S1,Total economy,S1,Total economy,B2A3G,"Operating surplus and mixed income, gross",_Z,Not applicable,_T,Total - all activities,_Z,Not applicable,XDC,National currency,V,Current prices,N,Non transformed data,T0103,Table 0103 - GDP identity from the income side,2014,,425120000,,,,F,Free (free for publication),1,One,A,Normal value,6,Millions,COP,Colombian peso
DATAFLOW,OECD.SDD.NAD:DSD_NAMAIN10@DF_TABLE1_INCOME(2.0),Annual GDP and components - income approach,I,A,Annual,CRI,Costa Rica,S1,Total economy,S1,Total economy,B2A3G,"Operating surplus and mixed income, gross",_Z,Not applicable,_T,Total - all activities,_Z,Not applicable,XDC,National currency,V,Current prices,N,Non transformed data,T0103,Table 0103 - GDP identity from the income side,2014,,12046036.718,,,,F,Free (free for publication),1,One,A,Normal value,6,Millions,CRC,Costa Rican colon
DATAFLOW,OECD.SDD.NAD:DSD_NAMAIN10@DF_TABLE1_INCOME(2.0),Annual GDP and components - income approach,I,A,Annual,CZE,Czechia,S1,Total economy,S1,Total economy,B2A3G,"Operating surplus and mixed income, gross",_Z,Not applicable,_T,Total - all activities,_Z,Not applicable,XDC,National currency,V,Current prices,N,Non transformed data,T0103,Table 0103 - GDP identity from the income side,2014,,2197973,,,,F,Free (free for publication),1,One,A,Normal value,6,Millions,CZK,Czech koruna
DATAFLOW,OECD.SDD.NAD:DSD_NAMAIN10@DF_TABLE1_INCOME(2.0),Annual GDP and components - income approach,I,A,Annual,DNK,Denmark,S1,Total economy,S1,Total economy,B2A3G,"Operating surplus and mixed income, gross",_Z,Not applicable,_T,Total - all activities,_Z,Not applicable,XDC,National currency,V,Current prices,N,Non transformed data,T0103,Table 0103 - GDP identity from the income side,2014,,687403.88,,,,F,Free (free for publication),1,One,A,Normal value,6,Millions,DKK,Danish krone
DATAFLOW,OECD.SDD.NAD:DSD_NAMAIN10@DF_TABLE1_INCOME(2.0),Annual GDP and components - income approach,I,A,Annual,HUN,Hungary,S1,Total economy,S1,Total economy,B2A3G,"Operating surplus and mixed income, gross",_Z,Not applicable,_T,Total - all activities,_Z,Not applicable,XDC,National currency,V,Current prices,N,Non transformed data,T0103,Table 0103 - GDP identity from the income side,2014,,13831357,,,,F,Free (free for publication),1,One,A,Normal value,6,Millions,HUF,Forint
DATAFLOW,OECD.SDD.NAD:DSD_NAMAIN10@DF_TABLE1_INCOME(2.0),Annual GDP and components - income approach,I,A,Annual,JPN,Japan,S1,Total economy,S1,Total economy,B2A3G,"Operating surplus and mixed income, gross",_Z,Not applicable,_T,Total - all activities,_Z,Not applicable,XDC,National currency,V,Current prices,N,Non transformed data,T0103,Table 0103 - GDP identity from the income side,2014,,223500200,,,,F,Free (free for publication),1,One,A,Normal value,6,Millions,JPY,Yen
DATAFLOW,OECD.SDD.NAD:DSD_NAMAIN10@DF_TABLE1_INCOME(2.0),Annual GDP and components - income approach,I,A,Annual,KOR,Korea,S1,Total economy,S1,Total economy,B2A3G,"Operating surplus and mixed income, gross",_Z,Not applicable,_T,Total - all activities,_Z,Not applicable,XDC,National currency,V,Current prices,N,Non transformed data,T0103,Table 0103 - GDP identity from the income side,2014,,753085600,,,,F,Free (free for publication),1,One,A,Normal value,6,Millions,KRW,Won
DATAFLOW,OECD.SDD.NAD:DSD_NAMAIN10@DF_TABLE1_INCOME(2.0),Annual GDP and components - income approach,I,A,Annual,CHE,Switzerland,S1,Total economy,S1,Total economy,B2A3G,"Operating surplus and mixed income, gross",_Z,Not applicable,_T,Total - all activities,_Z,Not applicable,XDC,National currency,V,Current prices,N,Non transformed data,T0103,Table 0103 - GDP identity from the income side,2014,,266346.746,,,,F,Free (free for publication),1,One,A,Normal value,6,Millions,CHF,Swiss franc
DATAFLOW,OECD.SDD.NAD:DSD_NAMAIN10@DF_TABLE1_INCOME(2.0),Annual GDP and components - income approach,I,A,Annual,ALB,Albania,S1,Total economy,S1,Total economy,B2A3G,"Operating surplus and mixed income, gross",_Z,Not applicable,_T,Total - all activities,_Z,Not applicable,XDC,National currency,V,Current prices,N,Non transformed data,T0103,Table 0103 - GDP identity from the income side,2014,,486287.426,,,,F,Free (free for publication),1,One,A,Normal value,6,Millions,ALL,Lek
DATAFLOW,OECD.SDD.NAD:DSD_NAMAIN10@DF_TABLE1_INCOME(2.0),Annual GDP and components - income approach,I,A,Annual,BRA,Brazil,S1,Total economy,S1,Total economy,B2A3G,"Operating surplus and mixed income, gross",_Z,Not applicable,_T,Total - all activities,_Z,Not applicable,XDC,National currency,V,Current prices,N,Non transformed data,T0103,Table 0103 - GDP identity from the income side,2014,,2401241,,,,F,Free (free for publication),1,One,A,Normal value,6,Millions,BRL,Brazilian real
DATAFLOW,OECD.SDD.NAD:DSD_NAMAIN10@DF_TABLE1_INCOME(2.0),Annual GDP and components - income approach,I,A,Annual,BGR,Bulgaria,S1,Total economy,S1,Total economy,B2A3G,"Operating surplus and mixed income, gross",_Z,Not applicable,_T,Total - all activities,_Z,Not applicable,XDC,National currency,V,Current prices,N,Non transformed data,T0103,Table 0103 - GDP identity from the income side,2014,,39987.382,,,,F,Free (free for publication),1,One,A,Normal value,6,Millions,BGN,Bulgarian lev
DATAFLOW,OECD.SDD.NAD:DSD_NAMAIN10@DF_TABLE1_INCOME(2.0),Annual GDP and components - income approach,I,A,Annual,CMR,Cameroon,S1,Total economy,S1,Total economy,B2A3G,"Operating surplus and mixed income, gross",_Z,Not applicable,_T,Total - all activities,_Z,Not applicable,XDC,National currency,V,Current prices,N,Non transformed data,T0103,Table 0103 - GDP identity from the income side,2014,,11931855.397,,,,F,Free (free for publication),1,One,A,Normal value,6,Millions,XAF,CFA franc - BEAC
DATAFLOW,OECD.SDD.NAD:DSD_NAMAIN10@DF_TABLE1_INCOME(2.0),Annual GDP and components - income approach,I,A,Annual,CHN,China (People’s Republic of),S1,Total economy,S1,Total economy,B2A3G,"Operating surplus and mixed income, gross",_Z,Not applicable,_T,Total - all activities,_Z,Not applicable,XDC,National currency,V,Current prices,N,Non transformed data,T0103,Table 0103 - GDP identity from the income side,2014,,23603598.56,,,,F,Free (free for publication),1,One,A,Normal value,6,Millions,CNY,Chinese yuan renminbi
DATAFLOW,OECD.SDD.NAD:DSD_NAMAIN10@DF_TABLE1_INCOME(2.0),Annual GDP and components - income approach,I,A,Annual,HKG,Hong Kong (China),S1,Total economy,S1,Total economy,B2A3G,"Operating surplus and mixed income, gross",_Z,Not applicable,_T,Total - all activities,_Z,Not applicable,XDC,National currency,V,Current prices,N,Non transformed data,T0103,Table 0103 - GDP identity from the income side,2014,,1033518,,,,F,Free (free for publication),1,One,A,Normal value,6,Millions,HKD,Hong Kong dollar
DATAFLOW,OECD.SDD.NAD:DSD_NAMAIN10@DF_TABLE1_INCOME(2.0),Annual GDP and components - income approach,I,A,Annual,CAN,Canada,S1,Total economy,S1,Total economy,B2A3G,"Operating surplus and mixed income, gross",_Z,Not applicable,_T,Total - all activities,_Z,Not applicable,XDC,National currency,V,Current prices,N,Non transformed data,T0103,Table 0103 - GDP identity from the income side,2015,,740532,,,,F,Free (free for publication),1,One,A,Normal value,6,Millions,CAD,Canadian dollar
DATAFLOW,OECD.SDD.NAD:DSD_NAMAIN10@DF_TABLE1_INCOME(2.0),Annual GDP and components - income approach,I,A,Annual,COL,Colombia,S1,Total economy,S1,Total economy,B2A3G,"Operating surplus and mixed income, gross",_Z,Not applicable,_T,Total - all activities,_Z,Not applicable,XDC,National currency,V,Current prices,N,Non transformed data,T0103,Table 0103 - GDP identity from the income side,2015,,434752000,,,,F,Free (free for publication),1,One,A,Normal value,6,Millions,COP,Colombian peso
DATAFLOW,OECD.SDD.NAD:DSD_NAMAIN10@DF_TABLE1_INCOME(2.0),Annual GDP and components - income approach,I,A,Annual,CRI,Costa Rica,S1,Total economy,S1,Total economy,B2A3G,"Operating surplus and mixed income, gross",_Z,Not applicable,_T,Total - all activities,_Z,Not applicable,XDC,National currency,V,Current prices,N,Non transformed data,T0103,Table 0103 - GDP identity from the income side,2015,,12993526.111,,,,F,Free (free for publication),1,One,A,Normal value,6,Millions,CRC,Costa Rican colon
DATAFLOW,OECD.SDD.NAD:DSD_NAMAIN10@DF_TABLE1_INCOME(2.0),Annual GDP and components - income approach,I,A,Annual,CZE,Czechia,S1,Total economy,S1,Total economy,B2A3G,"Operating surplus and mixed income, gross",_Z,Not applicable,_T,Total - all activities,_Z,Not applicable,XDC,National currency,V,Current prices,N,Non transformed data,T0103,Table 0103 - GDP identity from the income side,2015,,2329559,,,,F,Free (free for publication),1,One,A,Normal value,6,Millions,CZK,Czech koruna
DATAFLOW,OECD.SDD.NAD:DSD_NAMAIN10@DF_TABLE1_INCOME(2.0),Annual GDP and components - income approach,I,A,Annual,DNK,Denmark,S1,Total economy,S1,Total economy,B2A3G,"Operating surplus and mixed income, gross",_Z,Not applicable,_T,Total - all activities,_Z,Not applicable,XDC,National currency,V,Current prices,N,Non transformed data,T0103,Table 0103 - GDP identity from the income side,2015,,696703.819,,,,F,Free (free for publication),1,One,A,Normal value,6,Millions,DKK,Danish krone
DATAFLOW,OECD.SDD.NAD:DSD_NAMAIN10@DF_TABLE1_INCOME(2.0),Annual GDP and components - income approach,I,A,Annual,HUN,Hungary,S1,Total economy,S1,Total economy,B2A3G,"Operating surplus and mixed income, gross",_Z,Not applicable,_T,Total - all activities,_Z,Not applicable,XDC,National currency,V,Current prices,N,Non transformed data,T0103,Table 0103 - GDP identity from the income side,2015,,14899101,,,,F,Free (free for publication),1,One,A,Normal value,6,Millions,HUF,Forint
DATAFLOW,OECD.SDD.NAD:DSD_NAMAIN10@DF_TABLE1_INCOME(2.0),Annual GDP and components - income approach,I,A,Annual,JPN,Japan,S1,Total economy,S1,Total economy,B2A3G,"Operating surplus and mixed income, gross",_Z,Not applicable,_T,Total - all activities,_Z,Not applicable,XDC,National currency,V,Current prices,N,Non transformed data,T0103,Table 0103 - GDP identity from the income side,2015,,235912500,,,,F,Free (free for publication),1,One,A,Normal value,6,Millions,JPY,Yen
DATAFLOW,OECD.SDD.NAD:DSD_NAMAIN10@DF_TABLE1_INCOME(2.0),Annual GDP and components - income approach,I,A,Annual,KOR,Korea,S1,Total economy,S1,Total economy,B2A3G,"Operating surplus and mixed income, gross",_Z,Not applicable,_T,Total - all activities,_Z,Not applicable,XDC,National currency,V,Current prices,N,Non transformed data,T0103,Table 0103 - GDP identity from the income side,2015,,795737300,,,,F,Free (free for publication),1,One,A,Normal value,6,Millions,KRW,Won
DATAFLOW,OECD.SDD.NAD:DSD_NAMAIN10@DF_TABLE1_INCOME(2.0),Annual GDP and components - income approach,I,A,Annual,CHE,Switzerland,S1,Total economy,S1,Total economy,B2A3G,"Operating surplus and mixed income, gross",_Z,Not applicable,_T,Total - all activities,_Z,Not applicable,XDC,National currency,V,Current prices,N,Non transformed data,T0103,Table 0103 - GDP identity from the income side,2015,,261908.821,,,,F,Free (free for publication),1,One,A,Normal value,6,Millions,CHF,Swiss franc
DATAFLOW,OECD.SDD.NAD:DSD_NAMAIN10@DF_TABLE1_INCOME(2.0),Annual GDP and components - income approach,I,A,Annual,ALB,Albania,S1,Total economy,S1,Total economy,B2A3G,"Operating surplus and mixed income, gross",_Z,Not applicable,_T,Total - all activities,_Z,Not applicable,XDC,National currency,V,Current prices,N,Non transformed data,T0103,Table 0103 - GDP identity from the income side,2015,,427742.928,,,,F,Free (free for publication),1,One,A,Normal value,6,Millions,ALL,Lek
DATAFLOW,OECD.SDD.NAD:DSD_NAMAIN10@DF_TABLE1_INCOME(2.0),Annual GDP and components - income approach,I,A,Annual,BRA,Brazil,S1,Total economy,S1,Total economy,B2A3G,"Operating surplus and mixed income, gross",_Z,Not applicable,_T,Total - all activities,_Z,Not applicable,XDC,National currency,V,Current prices,N,Non transformed data,T0103,Table 0103 - GDP identity from the income side,2015,,2424832,,,,F,Free (free for publication),1,One,A,Normal value,6,Millions,BRL,Brazilian real
DATAFLOW,OECD.SDD.NAD:DSD_NAMAIN10@DF_TABLE1_INCOME(2.0),Annual GDP and components - income approach,I,A,Annual,BGR,Bulgaria,S1,Total economy,S1,Total economy,B2A3G,"Operating surplus and mixed income, gross",_Z,Not applicable,_T,Total - all activities,_Z,Not applicable,XDC,National currency,V,Current prices,N,Non transformed data,T0103,Table 0103 - GDP identity from the income side,2015,,42169.707,,,,F,Free (free for publication),1,One,A,Normal value,6,Millions,BGN,Bulgarian lev
DATAFLOW,OECD.SDD.NAD:DSD_NAMAIN10@DF_TABLE1_INCOME(2.0),Annual GDP and components - income approach,I,A,Annual,CMR,Cameroon,S1,Total economy,S1,Total economy,B2A3G,"Operating surplus and mixed income, gross",_Z,Not applicable,_T,Total - all activities,_Z,Not applicable,XDC,National currency,V,Current prices,N,Non transformed data,T0103,Table 0103 - GDP identity from the income side,2015,,12539021.95,,,,F,Free (free for publication),1,One,A,Normal value,6,Millions,XAF,CFA franc - BEAC
DATAFLOW,OECD.SDD.NAD:DSD_NAMAIN10@DF_TABLE1_INCOME(2.0),Annual GDP and components - income approach,I,A,Annual,CHN,China (People’s Republic of),S1,Total economy,S1,Total economy,B2A3G,"Operating surplus and mixed income, gross",_Z,Not applicable,_T,Total - all activities,_Z,Not applicable,XDC,National currency,V,Current prices,N,Non transformed data,T0103,Table 0103 - GDP identity from the income side,2015,,25457474.36,,,,F,Free (free for publication),1,One,A,Normal value,6,Millions,CNY,Chinese yuan renminbi
DATAFLOW,OECD.SDD.NAD:DSD_NAMAIN10@DF_TABLE1_INCOME(2.0),Annual GDP and components - income approach,I,A,Annual,HKG,Hong Kong (China),S1,Total economy,S1,Total economy,B2A3G,"Operating surplus and mixed income, gross",_Z,Not applicable,_T,Total - all activities,_Z,Not applicable,XDC,National currency,V,Current prices,N,Non transformed data,T0103,Table 0103 - GDP identity from the income side,2015,,1095610,,,,F,Free (free for publication),1,One,A,Normal value,6,Millions,HKD,Hong Kong dollar
DATAFLOW,OECD.SDD.NAD:DSD_NAMAIN10@DF_TABLE1_INCOME(2.0),Annual GDP and components - income approach,I,A,Annual,CAN,Canada,S1,Total economy,S1,Total economy,B2A3G,"Operating surplus and mixed income, gross",_Z,Not applicable,_T,Total - all activities,_Z,Not applicable,XDC,National currency,V,Current prices,N,Non transformed data,T0103,Table 0103 - GDP identity from the income side,2016,,770427,,,,F,Free (free for publication),1,One,A,Normal value,6,Millions,CAD,Canadian dollar
DATAFLOW,OECD.SDD.NAD:DSD_NAMAIN10@DF_TABLE1_INCOME(2.0),Annual GDP and components - income approach,I,A,Annual,CRI,Costa Rica,S1,Total economy,S1,Total economy,B2A3G,"Operating surplus and mixed income, gross",_Z,Not applicable,_T,Total - all activities,_Z,Not applicable,XDC,National currency,V,Current prices,N,Non transformed data,T0103,Table 0103 - GDP identity from the income side,2016,,14014462.661,,,,F,Free (free for publication),1,One,A,Normal value,6,Millions,CRC,Costa Rican colon
DATAFLOW,OECD.SDD.NAD:DSD_NAMAIN10@DF_TABLE1_INCOME(2.0),Annual GDP and components - income approach,I,A,Annual,CZE,Czechia,S1,Total economy,S1,Total economy,B2A3G,"Operating surplus and mixed income, gross",_Z,Not applicable,_T,Total - all activities,_Z,Not applicable,XDC,National currency,V,Current prices,N,Non transformed data,T0103,Table 0103 - GDP identity from the income side,2016,,2389522,,,,F,Free (free for publication),1,One,A,Normal value,6,Millions,CZK,Czech koruna
DATAFLOW,OECD.SDD.NAD:DSD_NAMAIN10@DF_TABLE1_INCOME(2.0),Annual GDP and components - income approach,I,A,Annual,DNK,Denmark,S1,Total economy,S1,Total economy,B2A3G,"Operating surplus and mixed income, gross",_Z,Not applicable,_T,Total - all activities,_Z,Not applicable,XDC,National currency,V,Current prices,N,Non transformed data,T0103,Table 0103 - GDP identity from the income side,2016,,721920.91,,,,F,Free (free for publication),1,One,A,Normal value,6,Millions,DKK,Danish krone
DATAFLOW,OECD.SDD.NAD:DSD_NAMAIN10@DF_TABLE1_INCOME(2.0),Annual GDP and components - income approach,I,A,Annual,HUN,Hungary,S1,Total economy,S1,Total economy,B2A3G,"Operating surplus and mixed income, gross",_Z,Not applicable,_T,Total - all activities,_Z,Not applicable,XDC,National currency,V,Current prices,N,Non transformed data,T0103,Table 0103 - GDP identity from the income side,2016,,15303472,,,,F,Free (free for publication),1,One,A,Normal value,6,Millions,HUF,Forint
DATAFLOW,OECD.SDD.NAD:DSD_NAMAIN10@DF_TABLE1_INCOME(2.0),Annual GDP and components - income approach,I,A,Annual,JPN,Japan,S1,Total economy,S1,Total economy,B2A3G,"Operating surplus and mixed income, gross",_Z,Not applicable,_T,Total - all activities,_Z,Not applicable,XDC,National currency,V,Current prices,N,Non transformed data,T0103,Table 0103 - GDP identity from the income side,2016,,235158400,,,,F,Free (free for publication),1,One,A,Normal value,6,Millions,JPY,Yen
DATAFLOW,OECD.SDD.NAD:DSD_NAMAIN10@DF_TABLE1_INCOME(2.0),Annual GDP and components - income approach,I,A,Annual,KOR,Korea,S1,Total economy,S1,Total economy,B2A3G,"Operating surplus and mixed income, gross",_Z,Not applicable,_T,Total - all activities,_Z,Not applicable,XDC,National currency,V,Current prices,N,Non transformed data,T0103,Table 0103 - GDP identity from the income side,2016,,838828300,,,,F,Free (free for publication),1,One,A,Normal value,6,Millions,KRW,Won
DATAFLOW,OECD.SDD.NAD:DSD_NAMAIN10@DF_TABLE1_INCOME(2.0),Annual GDP and components - income approach,I,A,Annual,CHE,Switzerland,S1,Total economy,S1,Total economy,B2A3G,"Operating surplus and mixed income, gross",_Z,Not applicable,_T,Total - all activities,_Z,Not applicable,XDC,National currency,V,Current prices,N,Non transformed data,T0103,Table 0103 - GDP identity from the income side,2016,,267397.824,,,,F,Free (free for publication),1,One,A,Normal value,6,Millions,CHF,Swiss franc
DATAFLOW,OECD.SDD.NAD:DSD_NAMAIN10@DF_TABLE1_INCOME(2.0),Annual GDP and components - income approach,I,A,Annual,ALB,Albania,S1,Total economy,S1,Total economy,B2A3G,"Operating surplus and mixed income, gross",_Z,Not applicable,_T,Total - all activities,_Z,Not applicable,XDC,National currency,V,Current prices,N,Non transformed data,T0103,Table 0103 - GDP identity from the income side,2016,,397849.603,,,,F,Free (free for publication),1,One,A,Normal value,6,Millions,ALL,Lek
DATAFLOW,OECD.SDD.NAD:DSD_NAMAIN10@DF_TABLE1_INCOME(2.0),Annual GDP and components - income approach,I,A,Annual,BRA,Brazil,S1,Total economy,S1,Total economy,B2A3G,"Operating surplus and mixed income, gross",_Z,Not applicable,_T,Total - all activities,_Z,Not applicable,XDC,National currency,V,Current prices,N,Non transformed data,T0103,Table 0103 - GDP identity from the income side,2016,,2556522,,,,F,Free (free for publication),1,One,A,Normal value,6,Millions,BRL,Brazilian real
DATAFLOW,OECD.SDD.NAD:DSD_NAMAIN10@DF_TABLE1_INCOME(2.0),Annual GDP and components - income approach,I,A,Annual,BGR,Bulgaria,S1,Total economy,S1,Total economy,B2A3G,"Operating surplus and mixed income, gross",_Z,Not applicable,_T,Total - all activities,_Z,Not applicable,XDC,National currency,V,Current prices,N,Non transformed data,T0103,Table 0103 - GDP identity from the income side,2016,,44487.664,,,,F,Free (free for publication),1,One,A,Normal value,6,Millions,BGN,Bulgarian lev
DATAFLOW,OECD.SDD.NAD:DSD_NAMAIN10@DF_TABLE1_INCOME(2.0),Annual GDP and components - income approach,I,A,Annual,CMR,Cameroon,S1,Total economy,S1,Total economy,B2A3G,"Operating surplus and mixed income, gross",_Z,Not applicable,_T,Total - all activities,_Z,Not applicable,XDC,National currency,V,Current prices,N,Non transformed data,T0103,Table 0103 - GDP identity from the income side,2016,,13394887,,,,F,Free (free for publication),1,One,A,Normal value,6,Millions,XAF,CFA franc - BEAC
DATAFLOW,OECD.SDD.NAD:DSD_NAMAIN10@DF_TABLE1_INCOME(2.0),Annual GDP and components - income approach,I,A,Annual,CHN,China (People’s Republic of),S1,Total economy,S1,Total economy,B2A3G,"Operating surplus and mixed income, gross",_Z,Not applicable,_T,Total - all activities,_Z,Not applicable,XDC,National currency,V,Current prices,N,Non transformed data,T0103,Table 0103 - GDP identity from the income side,2016,,27727276.892,,,,F,Free (free for publication),1,One,A,Normal value,6,Millions,CNY,Chinese yuan renminbi
DATAFLOW,OECD.SDD.NAD:DSD_NAMAIN10@DF_TABLE1_INCOME(2.0),Annual GDP and components - income approach,I,A,Annual,HKG,Hong Kong (China),S1,Total economy,S1,Total economy,B2A3G,"Operating surplus and mixed income, gross",_Z,Not applicable,_T,Total - all activities,_Z,Not applicable,XDC,National currency,V,Current prices,N,Non transformed data,T0103,Table 0103 - GDP identity from the income side,2016,,1123186,,,,F,Free (free for publication),1,One,A,Normal value,6,Millions,HKD,Hong Kong dollar
DATAFLOW,OECD.SDD.NAD:DSD_NAMAIN10@DF_TABLE1_INCOME(2.0),Annual GDP and components - income approach,I,A,Annual,CAN,Canada,S1,Total economy,S1,Total economy,B2A3G,"Operating surplus and mixed income, gross",_Z,Not applicable,_T,Total - all activities,_Z,Not applicable,XDC,National currency,V,Current prices,N,Non transformed data,T0103,Table 0103 - GDP identity from the income side,2017,,824399,,,,F,Free (free for publication),1,One,A,Normal value,6,Millions,CAD,Canadian dollar
DATAFLOW,OECD.SDD.NAD:DSD_NAMAIN10@DF_TABLE1_INCOME(2.0),Annual GDP and components - income approach,I,A,Annual,COL,Colombia,S1,Total economy,S1,Total economy,B2A3G,"Operating surplus and mixed income, gross",_Z,Not applicable,_T,Total - all activities,_Z,Not applicable,XDC,National currency,V,Current prices,N,Non transformed data,T0103,Table 0103 - GDP identity from the income side,2017,,498875000,,,,F,Free (free for publication),1,One,A,Normal value,6,Millions,COP,Colombian peso
DATAFLOW,OECD.SDD.NAD:DSD_NAMAIN10@DF_TABLE1_INCOME(2.0),Annual GDP and components - income approach,I,A,Annual,CRI,Costa Rica,S1,Total economy,S1,Total economy,B2A3G,"Operating surplus and mixed income, gross",_Z,Not applicable,_T,Total - all activities,_Z,Not applicable,XDC,National currency,V,Current prices,N,Non transformed data,T0103,Table 0103 - GDP identity from the income side,2017,,15531225.271,,,,F,Free (free for publication),1,One,A,Normal value,6,Millions,CRC,Costa Rican colon
DATAFLOW,OECD.SDD.NAD:DSD_NAMAIN10@DF_TABLE1_INCOME(2.0),Annual GDP and components - income approach,I,A,Annual,CZE,Czechia,S1,Total economy,S1,Total economy,B2A3G,"Operating surplus and mixed income, gross",_Z,Not applicable,_T,Total - all activities,_Z,Not applicable,XDC,National currency,V,Current prices,N,Non transformed data,T0103,Table 0103 - GDP identity from the income side,2017,,2505535,,,,F,Free (free for publication),1,One,A,Normal value,6,Millions,CZK,Czech koruna
DATAFLOW,OECD.SDD.NAD:DSD_NAMAIN10@DF_TABLE1_INCOME(2.0),Annual GDP and components - income approach,I,A,Annual,DNK,Denmark,S1,Total economy,S1,Total economy,B2A3G,"Operating surplus and mixed income, gross",_Z,Not applicable,_T,Total - all activities,_Z,Not applicable,XDC,National currency,V,Current prices,N,Non transformed data,T0103,Table 0103 - GDP identity from the income side,2017,,766773.498,,,,F,Free (free for publication),1,One,A,Normal value,6,Millions,DKK,Danish krone
DATAFLOW,OECD.SDD.NAD:DSD_NAMAIN10@DF_TABLE1_INCOME(2.0),Annual GDP and components - income approach,I,A,Annual,HUN,Hungary,S1,Total economy,S1,Total economy,B2A3G,"Operating surplus and mixed income, gross",_Z,Not applicable,_T,Total - all activities,_Z,Not applicable,XDC,National currency,V,Current prices,N,Non transformed data,T0103,Table 0103 - GDP identity from the income side,2017,,16500028,,,,F,Free (free for publication),1,One,A,Normal value,6,Millions,HUF,Forint
DATAFLOW,OECD.SDD.NAD:DSD_NAMAIN10@DF_TABLE1_INCOME(2.0),Annual GDP and components - income approach,I,A,Annual,JPN,Japan,S1,Total economy,S1,Total economy,B2A3G,"Operating surplus and mixed income, gross",_Z,Not applicable,_T,Total - all activities,_Z,Not applicable,XDC,National currency,V,Current prices,N,Non transformed data,T0103,Table 0103 - GDP identity from the income side,2017,,238695000,,,,F,Free (free for publication),1,One,A,Normal value,6,Millions,JPY,Yen
DATAFLOW,OECD.SDD.NAD:DSD_NAMAIN10@DF_TABLE1_INCOME(2.0),Annual GDP and components - income approach,I,A,Annual,KOR,Korea,S1,Total economy,S1,Total economy,B2A3G,"Operating surplus and mixed income, gross",_Z,Not applicable,_T,Total - all activities,_Z,Not applicable,XDC,National currency,V,Current prices,N,Non transformed data,T0103,Table 0103 - GDP identity from the income side,2017,,890704800,,,,F,Free (free for publication),1,One,A,Normal value,6,Millions,KRW,Won
DATAFLOW,OECD.SDD.NAD:DSD_NAMAIN10@DF_TABLE1_INCOME(2.0),Annual GDP and components - income approach,I,A,Annual,CHE,Switzerland,S1,Total economy,S1,Total economy,B2A3G,"Operating surplus and mixed income, gross",_Z,Not applicable,_T,Total - all activities,_Z,Not applicable,XDC,National currency,V,Current prices,N,Non transformed data,T0103,Table 0103 - GDP identity from the income side,2017,,268043.382,,,,F,Free (free for publication),1,One,A,Normal value,6,Millions,CHF,Swiss franc
DATAFLOW,OECD.SDD.NAD:DSD_NAMAIN10@DF_TABLE1_INCOME(2.0),Annual GDP and components - income approach,I,A,Annual,BRA,Brazil,S1,Total economy,S1,Total economy,B2A3G,"Operating surplus and mixed income, gross",_Z,Not applicable,_T,Total - all activities,_Z,Not applicable,XDC,National currency,V,Current prices,N,Non transformed data,T0103,Table 0103 - GDP identity from the income side,2017,,2679458,,,,F,Free (free for publication),1,One,A,Normal value,6,Millions,BRL,Brazilian real
DATAFLOW,OECD.SDD.NAD:DSD_NAMAIN10@DF_TABLE1_INCOME(2.0),Annual GDP and components - income approach,I,A,Annual,BGR,Bulgaria,S1,Total economy,S1,Total economy,B2A3G,"Operating surplus and mixed income, gross",_Z,Not applicable,_T,Total - all activities,_Z,Not applicable,XDC,National currency,V,Current prices,N,Non transformed data,T0103,Table 0103 - GDP identity from the income side,2017,,46545.954,,,,F,Free (free for publication),1,One,A,Normal value,6,Millions,BGN,Bulgarian lev
DATAFLOW,OECD.SDD.NAD:DSD_NAMAIN10@DF_TABLE1_INCOME(2.0),Annual GDP and components - income approach,I,A,Annual,CMR,Cameroon,S1,Total economy,S1,Total economy,B2A3G,"Operating surplus and mixed income, gross",_Z,Not applicable,_T,Total - all activities,_Z,Not applicable,XDC,National currency,V,Current prices,N,Non transformed data,T0103,Table 0103 - GDP identity from the income side,2017,,13960065,,,,F,Free (free for publication),1,One,A,Normal value,6,Millions,XAF,CFA franc - BEAC
DATAFLOW,OECD.SDD.NAD:DSD_NAMAIN10@DF_TABLE1_INCOME(2.0),Annual GDP and components - income approach,I,A,Annual,CHN,China (People’s Republic of),S1,Total economy,S1,Total economy,B2A3G,"Operating surplus and mixed income, gross",_Z,Not applicable,_T,Total - all activities,_Z,Not applicable,XDC,National currency,V,Current prices,N,Non transformed data,T0103,Table 0103 - GDP identity from the income side,2017,,31140334.202,,,,F,Free (free for publication),1,One,A,Normal value,6,Millions,CNY,Chinese yuan renminbi
DATAFLOW,OECD.SDD.NAD:DSD_NAMAIN10@DF_TABLE1_INCOME(2.0),Annual GDP and components - income approach,I,A,Annual,HKG,Hong Kong (China),S1,Total economy,S1,Total economy,B2A3G,"Operating surplus and mixed income, gross",_Z,Not applicable,_T,Total - all activities,_Z,Not applicable,XDC,National currency,V,Current prices,N,Non transformed data,T0103,Table 0103 - GDP identity from the income side,2017,,1186967,,,,F,Free (free for publication),1,One,A,Normal value,6,Millions,HKD,Hong Kong dollar
DATAFLOW,OECD.SDD.NAD:DSD_NAMAIN10@DF_TABLE1_INCOME(2.0),Annual GDP and components - income approach,I,A,Annual,CAN,Canada,S1,Total economy,S1,Total economy,B2A3G,"Operating surplus and mixed income, gross",_Z,Not applicable,_T,Total - all activities,_Z,Not applicable,XDC,National currency,V,Current prices,N,Non transformed data,T0103,Table 0103 - GDP identity from the income side,2018,,857169,,,,F,Free (free for publication),1,One,A,Normal value,6,Millions,CAD,Canadian dollar
DATAFLOW,OECD.SDD.NAD:DSD_NAMAIN10@DF_TABLE1_INCOME(2.0),Annual GDP and components - income approach,I,A,Annual,CHL,Chile,S1,Total economy,S1,Total economy,B2A3G,"Operating surplus and mixed income, gross",_Z,Not applicable,_T,Total - all activities,_Z,Not applicable,XDC,National currency,V,Current prices,N,Non transformed data,T0103,Table 0103 - GDP identity from the income side,2018,,92085107.179,,,,F,Free (free for publication),1,One,A,Normal value,6,Millions,CLP,Chilean peso
DATAFLOW,OECD.SDD.NAD:DSD_NAMAIN10@DF_TABLE1_INCOME(2.0),Annual GDP and components - income approach,I,A,Annual,COL,Colombia,S1,Total economy,S1,Total economy,B2A3G,"Operating surplus and mixed income, gross",_Z,Not applicable,_T,Total - all activities,_Z,Not applicable,XDC,National currency,V,Current prices,N,Non transformed data,T0103,Table 0103 - GDP identity from the income side,2018,,533581000,,,,F,Free (free for publication),1,One,A,Normal value,6,Millions,COP,Colombian peso
DATAFLOW,OECD.SDD.NAD:DSD_NAMAIN10@DF_TABLE1_INCOME(2.0),Annual GDP and components - income approach,I,A,Annual,CRI,Costa Rica,S1,Total economy,S1,Total economy,B2A3G,"Operating surplus and mixed income, gross",_Z,Not applicable,_T,Total - all activities,_Z,Not applicable,XDC,National currency,V,Current prices,N,Non transformed data,T0103,Table 0103 - GDP identity from the income side,2018,,16166010.425,,,,F,Free (free for publication),1,One,A,Normal value,6,Millions,CRC,Costa Rican colon
DATAFLOW,OECD.SDD.NAD:DSD_NAMAIN10@DF_TABLE1_INCOME(2.0),Annual GDP and components - income approach,I,A,Annual,CZE,Czechia,S1,Total economy,S1,Total economy,B2A3G,"Operating surplus and mixed income, gross",_Z,Not applicable,_T,Total - all activities,_Z,Not applicable,XDC,National currency,V,Current prices,N,Non transformed data,T0103,Table 0103 - GDP identity from the income side,2018,,2578610,,,,F,Free (free for publication),1,One,A,Normal value,6,Millions,CZK,Czech koruna
DATAFLOW,OECD.SDD.NAD:DSD_NAMAIN10@DF_TABLE1_INCOME(2.0),Annual GDP and components - income approach,I,A,Annual,DNK,Denmark,S1,Total economy,S1,Total economy,B2A3G,"Operating surplus and mixed income, gross",_Z,Not applicable,_T,Total - all activities,_Z,Not applicable,XDC,National currency,V,Current prices,N,Non transformed data,T0103,Table 0103 - GDP identity from the income side,2018,,771160.87,,,,F,Free (free for publication),1,One,A,Normal value,6,Millions,DKK,Danish krone
DATAFLOW,OECD.SDD.NAD:DSD_NAMAIN10@DF_TABLE1_INCOME(2.0),Annual GDP and components - income approach,I,A,Annual,HUN,Hungary,S1,Total economy,S1,Total economy,B2A3G,"Operating surplus and mixed income, gross",_Z,Not applicable,_T,Total - all activities,_Z,Not applicable,XDC,National currency,V,Current prices,N,Non transformed data,T0103,Table 0103 - GDP identity from the income side,2018,,18385777,,,,F,Free (free for publication),1,One,A,Normal value,6,Millions,HUF,Forint
DATAFLOW,OECD.SDD.NAD:DSD_NAMAIN10@DF_TABLE1_INCOME(2.0),Annual GDP and components - income approach,I,A,Annual,JPN,Japan,S1,Total economy,S1,Total economy,B2A3G,"Operating surplus and mixed income, gross",_Z,Not applicable,_T,Total - all activities,_Z,Not applicable,XDC,National currency,V,Current prices,N,Non transformed data,T0103,Table 0103 - GDP identity from the income side,2018,,232354700,,,,F,Free (free for publication),1,One,A,Normal value,6,Millions,JPY,Yen
DATAFLOW,OECD.SDD.NAD:DSD_NAMAIN10@DF_TABLE1_INCOME(2.0),Annual GDP and components - income approach,I,A,Annual,KOR,Korea,S1,Total economy,S1,Total economy,B2A3G,"Operating surplus and mixed income, gross",_Z,Not applicable,_T,Total - all activities,_Z,Not applicable,XDC,National currency,V,Current prices,N,Non transformed data,T0103,Table 0103 - GDP identity from the income side,2018,,911489900,,,,F,Free (free for publication),1,One,A,Normal value,6,Millions,KRW,Won
DATAFLOW,OECD.SDD.NAD:DSD_NAMAIN10@DF_TABLE1_INCOME(2.0),Annual GDP and components - income approach,I,A,Annual,CHE,Switzerland,S1,Total economy,S1,Total economy,B2A3G,"Operating surplus and mixed income, gross",_Z,Not applicable,_T,Total - all activities,_Z,Not applicable,XDC,National currency,V,Current prices,N,Non transformed data,T0103,Table 0103 - GDP identity from the income side,2018,,284756.698,,,,F,Free (free for publication),1,One,A,Normal value,6,Millions,CHF,Swiss franc
DATAFLOW,OECD.SDD.NAD:DSD_NAMAIN10@DF_TABLE1_INCOME(2.0),Annual GDP and components - income approach,I,A,Annual,BRA,Brazil,S1,Total economy,S1,Total economy,B2A3G,"Operating surplus and mixed income, gross",_Z,Not applicable,_T,Total - all activities,_Z,Not applicable,XDC,National currency,V,Current prices,N,Non transformed data,T0103,Table 0103 - GDP identity from the income side,2018,,2871210,,,,F,Free (free for publication),1,One,A,Normal value,6,Millions,BRL,Brazilian real
DATAFLOW,OECD.SDD.NAD:DSD_NAMAIN10@DF_TABLE1_INCOME(2.0),Annual GDP and components - income approach,I,A,Annual,CPV,Cabo Verde,S1,Total economy,S1,Total economy,B2A3G,"Operating surplus and mixed income, gross",_Z,Not applicable,_T,Total - all activities,_Z,Not applicable,XDC,National currency,V,Current prices,N,Non transformed data,T0103,Table 0103 - GDP identity from the income side,2018,,102607.831,,,,F,Free (free for publication),1,One,A,Normal value,6,Millions,CVE,Cape Verde escudo
DATAFLOW,OECD.SDD.NAD:DSD_NAMAIN10@DF_TABLE1_INCOME(2.0),Annual GDP and components - income approach,I,A,Annual,CMR,Cameroon,S1,Total economy,S1,Total economy,B2A3G,"Operating surplus and mixed income, gross",_Z,Not applicable,_T,Total - all activities,_Z,Not applicable,XDC,National currency,V,Current prices,N,Non transformed data,T0103,Table 0103 - GDP identity from the income side,2018,,15009443,,,,F,Free (free for publication),1,One,A,Normal value,6,Millions,XAF,CFA franc - BEAC
DATAFLOW,OECD.SDD.NAD:DSD_NAMAIN10@DF_TABLE1_INCOME(2.0),Annual GDP and components - income approach,I,A,Annual,CHN,China (People’s Republic of),S1,Total economy,S1,Total economy,B2A3G,"Operating surplus and mixed income, gross",_Z,Not applicable,_T,Total - all activities,_Z,Not applicable,XDC,National currency,V,Current prices,N,Non transformed data,T0103,Table 0103 - GDP identity from the income side,2018,,34816462.4,,,,F,Free (free for publication),1,One,A,Normal value,6,Millions,CNY,Chinese yuan renminbi
DATAFLOW,OECD.SDD.NAD:DSD_NAMAIN10@DF_TABLE1_INCOME(2.0),Annual GDP and components - income approach,I,A,Annual,HKG,Hong Kong (China),S1,Total economy,S1,Total economy,B2A3G,"Operating surplus and mixed income, gross",_Z,Not applicable,_T,Total - all activities,_Z,Not applicable,XDC,National currency,V,Current prices,N,Non transformed data,T0103,Table 0103 - GDP identity from the income side,2018,,1278200,,,,F,Free (free for publication),1,One,A,Normal value,6,Millions,HKD,Hong Kong dollar
DATAFLOW,OECD.SDD.NAD:DSD_NAMAIN10@DF_TABLE1_INCOME(2.0),Annual GDP and components - income approach,I,A,Annual,CAN,Canada,S1,Total economy,S1,Total economy,B2A3G,"Operating surplus and mixed income, gross",_Z,Not applicable,_T,Total - all activities,_Z,Not applicable,XDC,National currency,V,Current prices,N,Non transformed data,T0103,Table 0103 - GDP identity from the income side,2019,,884254,,,,F,Free (free for publication),1,One,A,Normal value,6,Millions,CAD,Canadian dollar
DATAFLOW,OECD.SDD.NAD:DSD_NAMAIN10@DF_TABLE1_INCOME(2.0),Annual GDP and components - income approach,I,A,Annual,CHL,Chile,S1,Total economy,S1,Total economy,B2A3G,"Operating surplus and mixed income, gross",_Z,Not applicable,_T,Total - all activities,_Z,Not applicable,XDC,National currency,V,Current prices,N,Non transformed data,T0103,Table 0103 - GDP identity from the income side,2019,,93347584.116,,,,F,Free (free for publication),1,One,A,Normal value,6,Millions,CLP,Chilean peso
DATAFLOW,OECD.SDD.NAD:DSD_NAMAIN10@DF_TABLE1_INCOME(2.0),Annual GDP and components - income approach,I,A,Annual,COL,Colombia,S1,Total economy,S1,Total economy,B2A3G,"Operating surplus and mixed income, gross",_Z,Not applicable,_T,Total - all activities,_Z,Not applicable,XDC,National currency,V,Current prices,N,Non transformed data,T0103,Table 0103 - GDP identity from the income side,2019,,565347000,,,,F,Free (free for publication),1,One,A,Normal value,6,Millions,COP,Colombian peso
DATAFLOW,OECD.SDD.NAD:DSD_NAMAIN10@DF_TABLE1_INCOME(2.0),Annual GDP and components - income approach,I,A,Annual,CRI,Costa Rica,S1,Total economy,S1,Total economy,B2A3G,"Operating surplus and mixed income, gross",_Z,Not applicable,_T,Total - all activities,_Z,Not applicable,XDC,National currency,V,Current prices,N,Non transformed data,T0103,Table 0103 - GDP identity from the income side,2019,,16926735.965,,,,F,Free (free for publication),1,One,A,Normal value,6,Millions,CRC,Costa Rican colon
DATAFLOW,OECD.SDD.NAD:DSD_NAMAIN10@DF_TABLE1_INCOME(2.0),Annual GDP and components - income approach,I,A,Annual,CZE,Czechia,S1,Total economy,S1,Total economy,B2A3G,"Operating surplus and mixed income, gross",_Z,Not applicable,_T,Total - all activities,_Z,Not applicable,XDC,National currency,V,Current prices,N,Non transformed data,T0103,Table 0103 - GDP identity from the income side,2019,,2774897,,,,F,Free (free for publication),1,One,A,Normal value,6,Millions,CZK,Czech koruna
DATAFLOW,OECD.SDD.NAD:DSD_NAMAIN10@DF_TABLE1_INCOME(2.0),Annual GDP and components - income approach,I,A,Annual,DNK,Denmark,S1,Total economy,S1,Total economy,B2A3G,"Operating surplus and mixed income, gross",_Z,Not applicable,_T,Total - all activities,_Z,Not applicable,XDC,National currency,V,Current prices,N,Non transformed data,T0103,Table 0103 - GDP identity from the income side,2019,,786904.687,,,,F,Free (free for publication),1,One,A,Normal value,6,Millions,DKK,Danish krone
DATAFLOW,OECD.SDD.NAD:DSD_NAMAIN10@DF_TABLE1_INCOME(2.0),Annual GDP and components - income approach,I,A,Annual,HUN,Hungary,S1,Total economy,S1,Total economy,B2A3G,"Operating surplus and mixed income, gross",_Z,Not applicable,_T,Total - all activities,_Z,Not applicable,XDC,National currency,V,Current prices,N,Non transformed data,T0103,Table 0103 - GDP identity from the income side,2019,,20150164,,,,F,Free (free for publication),1,One,A,Normal value,6,Millions,HUF,Forint
DATAFLOW,OECD.SDD.NAD:DSD_NAMAIN10@DF_TABLE1_INCOME(2.0),Annual GDP and components - income approach,I,A,Annual,JPN,Japan,S1,Total economy,S1,Total economy,B2A3G,"Operating surplus and mixed income, gross",_Z,Not applicable,_T,Total - all activities,_Z,Not applicable,XDC,National currency,V,Current prices,N,Non transformed data,T0103,Table 0103 - GDP identity from the income side,2019,,227235200,,,,F,Free (free for publication),1,One,A,Normal value,6,Millions,JPY,Yen
DATAFLOW,OECD.SDD.NAD:DSD_NAMAIN10@DF_TABLE1_INCOME(2.0),Annual GDP and components - income approach,I,A,Annual,KOR,Korea,S1,Total economy,S1,Total economy,B2A3G,"Operating surplus and mixed income, gross",_Z,Not applicable,_T,Total - all activities,_Z,Not applicable,XDC,National currency,V,Current prices,N,Non transformed data,T0103,Table 0103 - GDP identity from the income side,2019,,894219800,,,,F,Free (free for publication),1,One,A,Normal value,6,Millions,KRW,Won
DATAFLOW,OECD.SDD.NAD:DSD_NAMAIN10@DF_TABLE1_INCOME(2.0),Annual GDP and components - income approach,I,A,Annual,CHE,Switzerland,S1,Total economy,S1,Total economy,B2A3G,"Operating surplus and mixed income, gross",_Z,Not applicable,_T,Total - all activities,_Z,Not applicable,XDC,National currency,V,Current prices,N,Non transformed data,T0103,Table 0103 - GDP identity from the income side,2019,,280248.537,,,,F,Free (free for publication),1,One,A,Normal value,6,Millions,CHF,Swiss franc
DATAFLOW,OECD.SDD.NAD:DSD_NAMAIN10@DF_TABLE1_INCOME(2.0),Annual GDP and components - income approach,I,A,Annual,BRA,Brazil,S1,Total economy,S1,Total economy,B2A3G,"Operating surplus and mixed income, gross",_Z,Not applicable,_T,Total - all activities,_Z,Not applicable,XDC,National currency,V,Current prices,N,Non transformed data,T0103,Table 0103 - GDP identity from the income side,2019,,3047933,,,,F,Free (free for publication),1,One,A,Normal value,6,Millions,BRL,Brazilian real
DATAFLOW,OECD.SDD.NAD:DSD_NAMAIN10@DF_TABLE1_INCOME(2.0),Annual GDP and components - income approach,I,A,Annual,CMR,Cameroon,S1,Total economy,S1,Total economy,B2A3G,"Operating surplus and mixed income, gross",_Z,Not applicable,_T,Total - all activities,_Z,Not applicable,XDC,National currency,V,Current prices,N,Non transformed data,T0103,Table 0103 - GDP identity from the income side,2019,,15748686,,,,F,Free (free for publication),1,One,A,Normal value,6,Millions,XAF,CFA franc - BEAC
DATAFLOW,OECD.SDD.NAD:DSD_NAMAIN10@DF_TABLE1_INCOME(2.0),Annual GDP and components - income approach,I,A,Annual,CHN,China (People’s Republic of),S1,Total economy,S1,Total economy,B2A3G,"Operating surplus and mixed income, gross",_Z,Not applicable,_T,Total - all activities,_Z,Not applicable,XDC,National currency,V,Current prices,N,Non transformed data,T0103,Table 0103 - GDP identity from the income side,2019,,37511072.133,,,,F,Free (free for publication),1,One,A,Normal value,6,Millions,CNY,Chinese yuan renminbi
DATAFLOW,OECD.SDD.NAD:DSD_NAMAIN10@DF_TABLE1_INCOME(2.0),Annual GDP and components - income approach,I,A,Annual,HKG,Hong Kong (China),S1,Total economy,S1,Total economy,B2A3G,"Operating surplus and mixed income, gross",_Z,Not applicable,_T,Total - all activities,_Z,Not applicable,XDC,National currency,V,Current prices,N,Non transformed data,T0103,Table 0103 - GDP identity from the income side,2019,,1286401,,,,F,Free (free for publication),1,One,A,Normal value,6,Millions,HKD,Hong Kong dollar
DATAFLOW,OECD.SDD.NAD:DSD_NAMAIN10@DF_TABLE1_INCOME(2.0),Annual GDP and components - income approach,I,A,Annual,CAN,Canada,S1,Total economy,S1,Total economy,B2A3G,"Operating surplus and mixed income, gross",_Z,Not applicable,_T,Total - all activities,_Z,Not applicable,XDC,National currency,V,Current prices,N,Non transformed data,T0103,Table 0103 - GDP identity from the income side,2020,,895950,,,,F,Free (free for publication),1,One,A,Normal value,6,Millions,CAD,Canadian dollar
DATAFLOW,OECD.SDD.NAD:DSD_NAMAIN10@DF_TABLE1_INCOME(2.0),Annual GDP and components - income approach,I,A,Annual,CHL,Chile,S1,Total economy,S1,Total economy,B2A3G,"Operating surplus and mixed income, gross",_Z,Not applicable,_T,Total - all activities,_Z,Not applicable,XDC,National currency,V,Current prices,N,Non transformed data,T0103,Table 0103 - GDP identity from the income side,2020,,100573498.537,,,,F,Free (free for publication),1,One,A,Normal value,6,Millions,CLP,Chilean peso
DATAFLOW,OECD.SDD.NAD:DSD_NAMAIN10@DF_TABLE1_INCOME(2.0),Annual GDP and components - income approach,I,A,Annual,COL,Colombia,S1,Total economy,S1,Total economy,B2A3G,"Operating surplus and mixed income, gross",_Z,Not applicable,_T,Total - all activities,_Z,Not applicable,XDC,National currency,V,Current prices,N,Non transformed data,T0103,Table 0103 - GDP identity from the income side,2020,,513374000,,,,F,Free (free for publication),1,One,A,Normal value,6,Millions,COP,Colombian peso
DATAFLOW,OECD.SDD.NAD:DSD_NAMAIN10@DF_TABLE1_INCOME(2.0),Annual GDP and components - income approach,I,A,Annual,CRI,Costa Rica,S1,Total economy,S1,Total economy,B2A3G,"Operating surplus and mixed income, gross",_Z,Not applicable,_T,Total - all activities,_Z,Not applicable,XDC,National currency,V,Current prices,N,Non transformed data,T0103,Table 0103 - GDP identity from the income side,2020,,16042801.716,,,,F,Free (free for publication),1,One,A,Normal value,6,Millions,CRC,Costa Rican colon
DATAFLOW,OECD.SDD.NAD:DSD_NAMAIN10@DF_TABLE1_INCOME(2.0),Annual GDP and components - income approach,I,A,Annual,CZE,Czechia,S1,Total economy,S1,Total economy,B2A3G,"Operating surplus and mixed income, gross",_Z,Not applicable,_T,Total - all activities,_Z,Not applicable,XDC,National currency,V,Current prices,N,Non transformed data,T0103,Table 0103 - GDP identity from the income side,2020,,2755514,,,,F,Free (free for publication),1,One,A,Normal value,6,Millions,CZK,Czech koruna
DATAFLOW,OECD.SDD.NAD:DSD_NAMAIN10@DF_TABLE1_INCOME(2.0),Annual GDP and components - income approach,I,A,Annual,DNK,Denmark,S1,Total economy,S1,Total economy,B2A3G,"Operating surplus and mixed income, gross",_Z,Not applicable,_T,Total - all activities,_Z,Not applicable,XDC,National currency,V,Current prices,N,Non transformed data,T0103,Table 0103 - GDP identity from the income side,2020,,824014.784,,,,F,Free (free for publication),1,One,A,Normal value,6,Millions,DKK,Danish krone
DATAFLOW,OECD.SDD.NAD:DSD_NAMAIN10@DF_TABLE1_INCOME(2.0),Annual GDP and components - income approach,I,A,Annual,HUN,Hungary,S1,Total economy,S1,Total economy,B2A3G,"Operating surplus and mixed income, gross",_Z,Not applicable,_T,Total - all activities,_Z,Not applicable,XDC,National currency,V,Current prices,N,Non transformed data,T0103,Table 0103 - GDP identity from the income side,2020,,20640579,,,,F,Free (free for publication),1,One,A,Normal value,6,Millions,HUF,Forint
DATAFLOW,OECD.SDD.NAD:DSD_NAMAIN10@DF_TABLE1_INCOME(2.0),Annual GDP and components - income approach,I,A,Annual,KOR,Korea,S1,Total economy,S1,Total economy,B2A3G,"Operating surplus and mixed income, gross",_Z,Not applicable,_T,Total - all activities,_Z,Not applicable,XDC,National currency,V,Current prices,N,Non transformed data,T0103,Table 0103 - GDP identity from the income side,2020,,881748200,,,,F,Free (free for publication),1,One,A,Normal value,6,Millions,KRW,Won
DATAFLOW,OECD.SDD.NAD:DSD_NAMAIN10@DF_TABLE1_INCOME(2.0),Annual GDP and components - income approach,I,A,Annual,CHE,Switzerland,S1,Total economy,S1,Total economy,B2A3G,"Operating surplus and mixed income, gross",_Z,Not applicable,_T,Total - all activities,_Z,Not applicable,XDC,National currency,V,Current prices,N,Non transformed data,T0103,Table 0103 - GDP identity from the income side,2020,,266680.834,,,,F,Free (free for publication),1,One,A,Normal value,6,Millions,CHF,Swiss franc
DATAFLOW,OECD.SDD.NAD:DSD_NAMAIN10@DF_TABLE1_INCOME(2.0),Annual GDP and components - income approach,I,A,Annual,BRA,Brazil,S1,Total economy,S1,Total economy,B2A3G,"Operating surplus and mixed income, gross",_Z,Not applicable,_T,Total - all activities,_Z,Not applicable,XDC,National currency,V,Current prices,N,Non transformed data,T0103,Table 0103 - GDP identity from the income side,2020,,3316203,,,,F,Free (free for publication),1,One,A,Normal value,6,Millions,BRL,Brazilian real
DATAFLOW,OECD.SDD.NAD:DSD_NAMAIN10@DF_TABLE1_INCOME(2.0),Annual GDP and components - income approach,I,A,Annual,CPV,Cabo Verde,S1,Total economy,S1,Total economy,B2A3G,"Operating surplus and mixed income, gross",_Z,Not applicable,_T,Total - all activities,_Z,Not applicable,XDC,National currency,V,Current prices,N,Non transformed data,T0103,Table 0103 - GDP identity from the income side,2020,,79065.706,,,,F,Free (free for publication),1,One,A,Normal value,6,Millions,CVE,Cape Verde escudo
DATAFLOW,OECD.SDD.NAD:DSD_NAMAIN10@DF_TABLE1_INCOME(2.0),Annual GDP and components - income approach,I,A,Annual,CHN,China (People’s Republic of),S1,Total economy,S1,Total economy,B2A3G,"Operating surplus and mixed income, gross",_Z,Not applicable,_T,Total - all activities,_Z,Not applicable,XDC,National currency,V,Current prices,N,Non transformed data,T0103,Table 0103 - GDP identity from the income side,2020,,39543972.253,,,,F,Free (free for publication),1,One,A,Normal value,6,Millions,CNY,Chinese yuan renminbi
DATAFLOW,OECD.SDD.NAD:DSD_NAMAIN10@DF_TABLE1_INCOME(2.0),Annual GDP and components - income approach,I,A,Annual,HKG,Hong Kong (China),S1,Total economy,S1,Total economy,B2A3G,"Operating surplus and mixed income, gross",_Z,Not applicable,_T,Total - all activities,_Z,Not applicable,XDC,National currency,V,Current prices,N,Non transformed data,T0103,Table 0103 - GDP identity from the income side,2020,,1269701,,,,F,Free (free for publication),1,One,A,Normal value,6,Millions,HKD,Hong Kong dollar
DATAFLOW,OECD.SDD.NAD:DSD_NAMAIN10@DF_TABLE1_INCOME(2.0),Annual GDP and components - income approach,I,A,Annual,KOR,Korea,S1,Total economy,S1,Total economy,B2A3G,"Operating surplus and mixed income, gross",_Z,Not applicable,_T,Total - all activities,_Z,Not applicable,XDC,National currency,V,Current prices,N,Non transformed data,T0103,Table 0103 - GDP identity from the income side,1995,,202876566.861,,,,F,Free (free for publication),1,One,E,Estimated value,6,Millions,KRW,Won
DATAFLOW,OECD.SDD.NAD:DSD_NAMAIN10@DF_TABLE1_INCOME(2.0),Annual GDP and components - income approach,I,A,Annual,KOR,Korea,S1,Total economy,S1,Total economy,B2A3G,"Operating surplus and mixed income, gross",_Z,Not applicable,_T,Total - all activities,_Z,Not applicable,XDC,National currency,V,Current prices,N,Non transformed data,T0103,Table 0103 - GDP identity from the income side,1996,,220794969.798,,,,F,Free (free for publication),1,One,E,Estimated value,6,Millions,KRW,Won
DATAFLOW,OECD.SDD.NAD:DSD_NAMAIN10@DF_TABLE1_INCOME(2.0),Annual GDP and components - income approach,I,A,Annual,KOR,Korea,S1,Total economy,S1,Total economy,B2A3G,"Operating surplus and mixed income, gross",_Z,Not applicable,_T,Total - all activities,_Z,Not applicable,XDC,National currency,V,Current prices,N,Non transformed data,T0103,Table 0103 - GDP identity from the income side,1997,,254381011.758,,,,F,Free (free for publication),1,One,E,Estimated value,6,Millions,KRW,Won
DATAFLOW,OECD.SDD.NAD:DSD_NAMAIN10@DF_TABLE1_INCOME(2.0),Annual GDP and components - income approach,I,A,Annual,KOR,Korea,S1,Total economy,S1,Total economy,B2A3G,"Operating surplus and mixed income, gross",_Z,Not applicable,_T,Total - all activities,_Z,Not applicable,XDC,National currency,V,Current prices,N,Non transformed data,T0103,Table 0103 - GDP identity from the income side,1998,,268287487.535,,,,F,Free (free for publication),1,One,E,Estimated value,6,Millions,KRW,Won
DATAFLOW,OECD.SDD.NAD:DSD_NAMAIN10@DF_TABLE1_INCOME(2.0),Annual GDP and components - income approach,I,A,Annual,KOR,Korea,S1,Total economy,S1,Total economy,B2A3G,"Operating surplus and mixed income, gross",_Z,Not applicable,_T,Total - all activities,_Z,Not applicable,XDC,National currency,V,Current prices,N,Non transformed data,T0103,Table 0103 - GDP identity from the income side,1999,,296566337.613,,,,F,Free (free for publication),1,One,E,Estimated value,6,Millions,KRW,Won
DATAFLOW,OECD.SDD.NAD:DSD_NAMAIN10@DF_TABLE1_INCOME(2.0),Annual GDP and components - income approach,I,A,Annual,COL,Colombia,S1,Total economy,S1,Total economy,B2A3G,"Operating surplus and mixed income, gross",_Z,Not applicable,_T,Total - all activities,_Z,Not applicable,XDC,National currency,V,Current prices,N,Non transformed data,T0103,Table 0103 - GDP identity from the income side,2000,,117303341.217,,,,F,Free (free for publication),1,One,E,Estimated value,6,Millions,COP,Colombian peso
DATAFLOW,OECD.SDD.NAD:DSD_NAMAIN10@DF_TABLE1_INCOME(2.0),Annual GDP and components - income approach,I,A,Annual,COL,Colombia,S1,Total economy,S1,Total economy,B2A3G,"Operating surplus and mixed income, gross",_Z,Not applicable,_T,Total - all activities,_Z,Not applicable,XDC,National currency,V,Current prices,N,Non transformed data,T0103,Table 0103 - GDP identity from the income side,2001,,126189972.698,,,,F,Free (free for publication),1,One,E,Estimated value,6,Millions,COP,Colombian peso
DATAFLOW,OECD.SDD.NAD:DSD_NAMAIN10@DF_TABLE1_INCOME(2.0),Annual GDP and components - income approach,I,A,Annual,COL,Colombia,S1,Total economy,S1,Total economy,B2A3G,"Operating surplus and mixed income, gross",_Z,Not applicable,_T,Total - all activities,_Z,Not applicable,XDC,National currency,V,Current prices,N,Non transformed data,T0103,Table 0103 - GDP identity from the income side,2002,,135665418.816,,,,F,Free (free for publication),1,One,E,Estimated value,6,Millions,COP,Colombian peso
DATAFLOW,OECD.SDD.NAD:DSD_NAMAIN10@DF_TABLE1_INCOME(2.0),Annual GDP and components - income approach,I,A,Annual,COL,Colombia,S1,Total economy,S1,Total economy,B2A3G,"Operating surplus and mixed income, gross",_Z,Not applicable,_T,Total - all activities,_Z,Not applicable,XDC,National currency,V,Current prices,N,Non transformed data,T0103,Table 0103 - GDP identity from the income side,2003,,151173785.869,,,,F,Free (free for publication),1,One,E,Estimated value,6,Millions,COP,Colombian peso
DATAFLOW,OECD.SDD.NAD:DSD_NAMAIN10@DF_TABLE1_INCOME(2.0),Annual GDP and components - income approach,I,A,Annual,COL,Colombia,S1,Total economy,S1,Total economy,B2A3G,"Operating surplus and mixed income, gross",_Z,Not applicable,_T,Total - all activities,_Z,Not applicable,XDC,National currency,V,Current prices,N,Non transformed data,T0103,Table 0103 - GDP identity from the income side,2004,,172030066.728,,,,F,Free (free for publication),1,One,E,Estimated value,6,Millions,COP,Colombian peso
DATAFLOW,OECD.SDD.NAD:DSD_NAMAIN10@DF_TABLE1_INCOME(2.0),Annual GDP and components - income approach,I,A,Annual,IRL,Ireland,S1,Total economy,S1,Total economy,B2A3G,"Operating surplus and mixed income, gross",_Z,Not applicable,_T,Total - all activities,_Z,Not applicable,XDC,National currency,V,Current prices,N,Non transformed data,T0103,Table 0103 - GDP identity from the income side,2011,,87091.591,,,,F,Free (free for publication),1,One,B,Time series break,6,Millions,EUR,Euro
DATAFLOW,OECD.SDD.NAD:DSD_NAMAIN10@DF_TABLE1_INCOME(2.0),Annual GDP and components - income approach,I,A,Annual,BEL,Belgium,S1,Total economy,S1,Total economy,B2A3G,"Operating surplus and mixed income, gross",_Z,Not applicable,_T,Total - all activities,_Z,Not applicable,XDC,National currency,V,Current prices,N,Non transformed data,T0103,Table 0103 - GDP identity from the income side,2009,,132497.2,,,,F,Free (free for publication),1,One,B,Time series break,6,Millions,EUR,Euro
DATAFLOW,OECD.SDD.NAD:DSD_NAMAIN10@DF_TABLE1_INCOME(2.0),Annual GDP and components - income approach,I,A,Annual,AUT,Austria,S1,Total economy,S1,Total economy,B2A3G,"Operating surplus and mixed income, gross",_Z,Not applicable,_T,Total - all activities,_Z,Not applicable,XDC,National currency,V,Current prices,N,Non transformed data,T0103,Table 0103 - GDP identity from the income side,1995,,64909.722,,,,F,Free (free for publication),1,One,A,Normal value,6,Millions,EUR,Euro
DATAFLOW,OECD.SDD.NAD:DSD_NAMAIN10@DF_TABLE1_INCOME(2.0),Annual GDP and components - income approach,I,A,Annual,BEL,Belgium,S1,Total economy,S1,Total economy,B2A3G,"Operating surplus and mixed income, gross",_Z,Not applicable,_T,Total - all activities,_Z,Not applicable,XDC,National currency,V,Current prices,N,Non transformed data,T0103,Table 0103 - GDP identity from the income side,1995,,81749.4,,,,F,Free (free for publication),1,One,A,Normal value,6,Millions,EUR,Euro
DATAFLOW,OECD.SDD.NAD:DSD_NAMAIN10@DF_TABLE1_INCOME(2.0),Annual GDP and components - income approach,I,A,Annual,EST,Estonia,S1,Total economy,S1,Total economy,B2A3G,"Operating surplus and mixed income, gross",_Z,Not applicable,_T,Total - all activities,_Z,Not applicable,XDC,National currency,V,Current prices,N,Non transformed data,T0103,Table 0103 - GDP identity from the income side,1995,,1074.974,,,,F,Free (free for publication),1,One,A,Normal value,6,Millions,EUR,Euro
DATAFLOW,OECD.SDD.NAD:DSD_NAMAIN10@DF_TABLE1_INCOME(2.0),Annual GDP and components - income approach,I,A,Annual,FIN,Finland,S1,Total economy,S1,Total economy,B2A3G,"Operating surplus and mixed income, gross",_Z,Not applicable,_T,Total - all activities,_Z,Not applicable,XDC,National currency,V,Current prices,N,Non transformed data,T0103,Table 0103 - GDP identity from the income side,1995,,40608,,,,F,Free (free for publication),1,One,A,Normal value,6,Millions,EUR,Euro
DATAFLOW,OECD.SDD.NAD:DSD_NAMAIN10@DF_TABLE1_INCOME(2.0),Annual GDP and components - income approach,I,A,Annual,FRA,France,S1,Total economy,S1,Total economy,B2A3G,"Operating surplus and mixed income, gross",_Z,Not applicable,_T,Total - all activities,_Z,Not applicable,XDC,National currency,V,Current prices,N,Non transformed data,T0103,Table 0103 - GDP identity from the income side,1995,,428246.6,,,,F,Free (free for publication),1,One,A,Normal value,6,Millions,EUR,Euro
DATAFLOW,OECD.SDD.NAD:DSD_NAMAIN10@DF_TABLE1_INCOME(2.0),Annual GDP and components - income approach,I,A,Annual,DEU,Germany,S1,Total economy,S1,Total economy,B2A3G,"Operating surplus and mixed income, gross",_Z,Not applicable,_T,Total - all activities,_Z,Not applicable,XDC,National currency,V,Current prices,N,Non transformed data,T0103,Table 0103 - GDP identity from the income side,1995,,717202,,,,F,Free (free for publication),1,One,A,Normal value,6,Millions,EUR,Euro
DATAFLOW,OECD.SDD.NAD:DSD_NAMAIN10@DF_TABLE1_INCOME(2.0),Annual GDP and components - income approach,I,A,Annual,GRC,Greece,S1,Total economy,S1,Total economy,B2A3G,"Operating surplus and mixed income, gross",_Z,Not applicable,_T,Total - all activities,_Z,Not applicable,XDC,National currency,V,Current prices,N,Non transformed data,T0103,Table 0103 - GDP identity from the income side,1995,,56247.056,,,,F,Free (free for publication),1,One,A,Normal value,6,Millions,EUR,Euro
DATAFLOW,OECD.SDD.NAD:DSD_NAMAIN10@DF_TABLE1_INCOME(2.0),Annual GDP and components - income approach,I,A,Annual,IRL,Ireland,S1,Total economy,S1,Total economy,B2A3G,"Operating surplus and mixed income, gross",_Z,Not applicable,_T,Total - all activities,_Z,Not applicable,XDC,National currency,V,Current prices,N,Non transformed data,T0103,Table 0103 - GDP identity from the income side,1995,,25327.048,,,,F,Free (free for publication),1,One,A,Normal value,6,Millions,EUR,Euro
DATAFLOW,OECD.SDD.NAD:DSD_NAMAIN10@DF_TABLE1_INCOME(2.0),Annual GDP and components - income approach,I,A,Annual,ITA,Italy,S1,Total economy,S1,Total economy,B2A3G,"Operating surplus and mixed income, gross",_Z,Not applicable,_T,Total - all activities,_Z,Not applicable,XDC,National currency,V,Current prices,N,Non transformed data,T0103,Table 0103 - GDP identity from the income side,1995,,513884.7,,,,F,Free (free for publication),1,One,A,Normal value,6,Millions,EUR,Euro
DATAFLOW,OECD.SDD.NAD:DSD_NAMAIN10@DF_TABLE1_INCOME(2.0),Annual GDP and components - income approach,I,A,Annual,LTU,Lithuania,S1,Total economy,S1,Total economy,B2A3G,"Operating surplus and mixed income, gross",_Z,Not applicable,_T,Total - all activities,_Z,Not applicable,XDC,National currency,V,Current prices,N,Non transformed data,T0103,Table 0103 - GDP identity from the income side,1995,,4057.824,,,,F,Free (free for publication),1,One,A,Normal value,6,Millions,EUR,Euro
DATAFLOW,OECD.SDD.NAD:DSD_NAMAIN10@DF_TABLE1_INCOME(2.0),Annual GDP and components - income approach,I,A,Annual,ESP,Spain,S1,Total economy,S1,Total economy,B2A3G,"Operating surplus and mixed income, gross",_Z,Not applicable,_T,Total - all activities,_Z,Not applicable,XDC,National currency,V,Current prices,N,Non transformed data,T0103,Table 0103 - GDP identity from the income side,1995,,203286,,,,F,Free (free for publication),1,One,A,Normal value,6,Millions,EUR,Euro
DATAFLOW,OECD.SDD.NAD:DSD_NAMAIN10@DF_TABLE1_INCOME(2.0),Annual GDP and components - income approach,I,A,Annual,HRV,Croatia,S1,Total economy,S1,Total economy,B2A3G,"Operating surplus and mixed income, gross",_Z,Not applicable,_T,Total - all activities,_Z,Not applicable,XDC,National currency,V,Current prices,N,Non transformed data,T0103,Table 0103 - GDP identity from the income side,1995,,5821.25,,,,F,Free (free for publication),1,One,A,Normal value,6,Millions,EUR,Euro
DATAFLOW,OECD.SDD.NAD:DSD_NAMAIN10@DF_TABLE1_INCOME(2.0),Annual GDP and components - income approach,I,A,Annual,CYP,Cyprus,S1,Total economy,S1,Total economy,B2A3G,"Operating surplus and mixed income, gross",_Z,Not applicable,_T,Total - all activities,_Z,Not applicable,XDC,National currency,V,Current prices,N,Non transformed data,T0103,Table 0103 - GDP identity from the income side,1995,,3810.043,,,,F,Free (free for publication),1,One,A,Normal value,6,Millions,EUR,Euro
DATAFLOW,OECD.SDD.NAD:DSD_NAMAIN10@DF_TABLE1_INCOME(2.0),Annual GDP and components - income approach,I,A,Annual,AUT,Austria,S1,Total economy,S1,Total economy,B2A3G,"Operating surplus and mixed income, gross",_Z,Not applicable,_T,Total - all activities,_Z,Not applicable,XDC,National currency,V,Current prices,N,Non transformed data,T0103,Table 0103 - GDP identity from the income side,1996,,67419.595,,,,F,Free (free for publication),1,One,A,Normal value,6,Millions,EUR,Euro
DATAFLOW,OECD.SDD.NAD:DSD_NAMAIN10@DF_TABLE1_INCOME(2.0),Annual GDP and components - income approach,I,A,Annual,EST,Estonia,S1,Total economy,S1,Total economy,B2A3G,"Operating surplus and mixed income, gross",_Z,Not applicable,_T,Total - all activities,_Z,Not applicable,XDC,National currency,V,Current prices,N,Non transformed data,T0103,Table 0103 - GDP identity from the income side,1996,,1417.224,,,,F,Free (free for publication),1,One,A,Normal value,6,Millions,EUR,Euro
DATAFLOW,OECD.SDD.NAD:DSD_NAMAIN10@DF_TABLE1_INCOME(2.0),Annual GDP and components - income approach,I,A,Annual,FIN,Finland,S1,Total economy,S1,Total economy,B2A3G,"Operating surplus and mixed income, gross",_Z,Not applicable,_T,Total - all activities,_Z,Not applicable,XDC,National currency,V,Current prices,N,Non transformed data,T0103,Table 0103 - GDP identity from the income side,1996,,41031,,,,F,Free (free for publication),1,One,A,Normal value,6,Millions,EUR,Euro
DATAFLOW,OECD.SDD.NAD:DSD_NAMAIN10@DF_TABLE1_INCOME(2.0),Annual GDP and components - income approach,I,A,Annual,FRA,France,S1,Total economy,S1,Total economy,B2A3G,"Operating surplus and mixed income, gross",_Z,Not applicable,_T,Total - all activities,_Z,Not applicable,XDC,National currency,V,Current prices,N,Non transformed data,T0103,Table 0103 - GDP identity from the income side,1996,,433271.3,,,,F,Free (free for publication),1,One,A,Normal value,6,Millions,EUR,Euro
DATAFLOW,OECD.SDD.NAD:DSD_NAMAIN10@DF_TABLE1_INCOME(2.0),Annual GDP and components - income approach,I,A,Annual,DEU,Germany,S1,Total economy,S1,Total economy,B2A3G,"Operating surplus and mixed income, gross",_Z,Not applicable,_T,Total - all activities,_Z,Not applicable,XDC,National currency,V,Current prices,N,Non transformed data,T0103,Table 0103 - GDP identity from the income side,1996,,735830,,,,F,Free (free for publication),1,One,A,Normal value,6,Millions,EUR,Euro
DATAFLOW,OECD.SDD.NAD:DSD_NAMAIN10@DF_TABLE1_INCOME(2.0),Annual GDP and components - income approach,I,A,Annual,GRC,Greece,S1,Total economy,S1,Total economy,B2A3G,"Operating surplus and mixed income, gross",_Z,Not applicable,_T,Total - all activities,_Z,Not applicable,XDC,National currency,V,Current prices,N,Non transformed data,T0103,Table 0103 - GDP identity from the income side,1996,,61132.834,,,,F,Free (free for publication),1,One,A,Normal value,6,Millions,EUR,Euro
DATAFLOW,OECD.SDD.NAD:DSD_NAMAIN10@DF_TABLE1_INCOME(2.0),Annual GDP and components - income approach,I,A,Annual,ITA,Italy,S1,Total economy,S1,Total economy,B2A3G,"Operating surplus and mixed income, gross",_Z,Not applicable,_T,Total - all activities,_Z,Not applicable,XDC,National currency,V,Current prices,N,Non transformed data,T0103,Table 0103 - GDP identity from the income side,1996,,541363.9,,,,F,Free (free for publication),1,One,A,Normal value,6,Millions,EUR,Euro
DATAFLOW,OECD.SDD.NAD:DSD_NAMAIN10@DF_TABLE1_INCOME(2.0),Annual GDP and components - income approach,I,A,Annual,LTU,Lithuania,S1,Total economy,S1,Total economy,B2A3G,"Operating surplus and mixed income, gross",_Z,Not applicable,_T,Total - all activities,_Z,Not applicable,XDC,National currency,V,Current prices,N,Non transformed data,T0103,Table 0103 - GDP identity from the income side,1996,,5066.827,,,,F,Free (free for publication),1,One,A,Normal value,6,Millions,EUR,Euro
DATAFLOW,OECD.SDD.NAD:DSD_NAMAIN10@DF_TABLE1_INCOME(2.0),Annual GDP and components - income approach,I,A,Annual,ESP,Spain,S1,Total economy,S1,Total economy,B2A3G,"Operating surplus and mixed income, gross",_Z,Not applicable,_T,Total - all activities,_Z,Not applicable,XDC,National currency,V,Current prices,N,Non transformed data,T0103,Table 0103 - GDP identity from the income side,1996,,216380,,,,F,Free (free for publication),1,One,A,Normal value,6,Millions,EUR,Euro
DATAFLOW,OECD.SDD.NAD:DSD_NAMAIN10@DF_TABLE1_INCOME(2.0),Annual GDP and components - income approach,I,A,Annual,HRV,Croatia,S1,Total economy,S1,Total economy,B2A3G,"Operating surplus and mixed income, gross",_Z,Not applicable,_T,Total - all activities,_Z,Not applicable,XDC,National currency,V,Current prices,N,Non transformed data,T0103,Table 0103 - GDP identity from the income side,1996,,6304.748,,,,F,Free (free for publication),1,One,A,Normal value,6,Millions,EUR,Euro
DATAFLOW,OECD.SDD.NAD:DSD_NAMAIN10@DF_TABLE1_INCOME(2.0),Annual GDP and components - income approach,I,A,Annual,CYP,Cyprus,S1,Total economy,S1,Total economy,B2A3G,"Operating surplus and mixed income, gross",_Z,Not applicable,_T,Total - all activities,_Z,Not applicable,XDC,National currency,V,Current prices,N,Non transformed data,T0103,Table 0103 - GDP identity from the income side,1996,,3939.485,,,,F,Free (free for publication),1,One,A,Normal value,6,Millions,EUR,Euro
DATAFLOW,OECD.SDD.NAD:DSD_NAMAIN10@DF_TABLE1_INCOME(2.0),Annual GDP and components - income approach,I,A,Annual,AUT,Austria,S1,Total economy,S1,Total economy,B2A3G,"Operating surplus and mixed income, gross",_Z,Not applicable,_T,Total - all activities,_Z,Not applicable,XDC,National currency,V,Current prices,N,Non transformed data,T0103,Table 0103 - GDP identity from the income side,1997,,70482.223,,,,F,Free (free for publication),1,One,A,Normal value,6,Millions,EUR,Euro
DATAFLOW,OECD.SDD.NAD:DSD_NAMAIN10@DF_TABLE1_INCOME(2.0),Annual GDP and components - income approach,I,A,Annual,EST,Estonia,S1,Total economy,S1,Total economy,B2A3G,"Operating surplus and mixed income, gross",_Z,Not applicable,_T,Total - all activities,_Z,Not applicable,XDC,National currency,V,Current prices,N,Non transformed data,T0103,Table 0103 - GDP identity from the income side,1997,,1831.712,,,,F,Free (free for publication),1,One,A,Normal value,6,Millions,EUR,Euro
DATAFLOW,OECD.SDD.NAD:DSD_NAMAIN10@DF_TABLE1_INCOME(2.0),Annual GDP and components - income approach,I,A,Annual,FIN,Finland,S1,Total economy,S1,Total economy,B2A3G,"Operating surplus and mixed income, gross",_Z,Not applicable,_T,Total - all activities,_Z,Not applicable,XDC,National currency,V,Current prices,N,Non transformed data,T0103,Table 0103 - GDP identity from the income side,1997,,45350,,,,F,Free (free for publication),1,One,A,Normal value,6,Millions,EUR,Euro
DATAFLOW,OECD.SDD.NAD:DSD_NAMAIN10@DF_TABLE1_INCOME(2.0),Annual GDP and components - income approach,I,A,Annual,FRA,France,S1,Total economy,S1,Total economy,B2A3G,"Operating surplus and mixed income, gross",_Z,Not applicable,_T,Total - all activities,_Z,Not applicable,XDC,National currency,V,Current prices,N,Non transformed data,T0103,Table 0103 - GDP identity from the income side,1997,,451870,,,,F,Free (free for publication),1,One,A,Normal value,6,Millions,EUR,Euro
DATAFLOW,OECD.SDD.NAD:DSD_NAMAIN10@DF_TABLE1_INCOME(2.0),Annual GDP and components - income approach,I,A,Annual,DEU,Germany,S1,Total economy,S1,Total economy,B2A3G,"Operating surplus and mixed income, gross",_Z,Not applicable,_T,Total - all activities,_Z,Not applicable,XDC,National currency,V,Current prices,N,Non transformed data,T0103,Table 0103 - GDP identity from the income side,1997,,763551,,,,F,Free (free for publication),1,One,A,Normal value,6,Millions,EUR,Euro
DATAFLOW,OECD.SDD.NAD:DSD_NAMAIN10@DF_TABLE1_INCOME(2.0),Annual GDP and components - income approach,I,A,Annual,GRC,Greece,S1,Total economy,S1,Total economy,B2A3G,"Operating surplus and mixed income, gross",_Z,Not applicable,_T,Total - all activities,_Z,Not applicable,XDC,National currency,V,Current prices,N,Non transformed data,T0103,Table 0103 - GDP identity from the income side,1997,,66035.244,,,,F,Free (free for publication),1,One,A,Normal value,6,Millions,EUR,Euro
DATAFLOW,OECD.SDD.NAD:DSD_NAMAIN10@DF_TABLE1_INCOME(2.0),Annual GDP and components - income approach,I,A,Annual,ITA,Italy,S1,Total economy,S1,Total economy,B2A3G,"Operating surplus and mixed income, gross",_Z,Not applicable,_T,Total - all activities,_Z,Not applicable,XDC,National currency,V,Current prices,N,Non transformed data,T0103,Table 0103 - GDP identity from the income side,1997,,557059.3,,,,F,Free (free for publication),1,One,A,Normal value,6,Millions,EUR,Euro
DATAFLOW,OECD.SDD.NAD:DSD_NAMAIN10@DF_TABLE1_INCOME(2.0),Annual GDP and components - income approach,I,A,Annual,LTU,Lithuania,S1,Total economy,S1,Total economy,B2A3G,"Operating surplus and mixed income, gross",_Z,Not applicable,_T,Total - all activities,_Z,Not applicable,XDC,National currency,V,Current prices,N,Non transformed data,T0103,Table 0103 - GDP identity from the income side,1997,,5759.031,,,,F,Free (free for publication),1,One,A,Normal value,6,Millions,EUR,Euro
DATAFLOW,OECD.SDD.NAD:DSD_NAMAIN10@DF_TABLE1_INCOME(2.0),Annual GDP and components - income approach,I,A,Annual,ESP,Spain,S1,Total economy,S1,Total economy,B2A3G,"Operating surplus and mixed income, gross",_Z,Not applicable,_T,Total - all activities,_Z,Not applicable,XDC,National currency,V,Current prices,N,Non transformed data,T0103,Table 0103 - GDP identity from the income side,1997,,222697,,,,F,Free (free for publication),1,One,A,Normal value,6,Millions,EUR,Euro
DATAFLOW,OECD.SDD.NAD:DSD_NAMAIN10@DF_TABLE1_INCOME(2.0),Annual GDP and components - income approach,I,A,Annual,HRV,Croatia,S1,Total economy,S1,Total economy,B2A3G,"Operating surplus and mixed income, gross",_Z,Not applicable,_T,Total - all activities,_Z,Not applicable,XDC,National currency,V,Current prices,N,Non transformed data,T0103,Table 0103 - GDP identity from the income side,1997,,7075.257,,,,F,Free (free for publication),1,One,A,Normal value,6,Millions,EUR,Euro
DATAFLOW,OECD.SDD.NAD:DSD_NAMAIN10@DF_TABLE1_INCOME(2.0),Annual GDP and components - income approach,I,A,Annual,CYP,Cyprus,S1,Total economy,S1,Total economy,B2A3G,"Operating surplus and mixed income, gross",_Z,Not applicable,_T,Total - all activities,_Z,Not applicable,XDC,National currency,V,Current prices,N,Non transformed data,T0103,Table 0103 - GDP identity from the income side,1997,,4118.392,,,,F,Free (free for publication),1,One,A,Normal value,6,Millions,EUR,Euro
DATAFLOW,OECD.SDD.NAD:DSD_NAMAIN10@DF_TABLE1_INCOME(2.0),Annual GDP and components - income approach,I,A,Annual,AUT,Austria,S1,Total economy,S1,Total economy,B2A3G,"Operating surplus and mixed income, gross",_Z,Not applicable,_T,Total - all activities,_Z,Not applicable,XDC,National currency,V,Current prices,N,Non transformed data,T0103,Table 0103 - GDP identity from the income side,1998,,74084.32,,,,F,Free (free for publication),1,One,A,Normal value,6,Millions,EUR,Euro
DATAFLOW,OECD.SDD.NAD:DSD_NAMAIN10@DF_TABLE1_INCOME(2.0),Annual GDP and components - income approach,I,A,Annual,EST,Estonia,S1,Total economy,S1,Total economy,B2A3G,"Operating surplus and mixed income, gross",_Z,Not applicable,_T,Total - all activities,_Z,Not applicable,XDC,National currency,V,Current prices,N,Non transformed data,T0103,Table 0103 - GDP identity from the income side,1998,,2144.171,,,,F,Free (free for publication),1,One,A,Normal value,6,Millions,EUR,Euro
DATAFLOW,OECD.SDD.NAD:DSD_NAMAIN10@DF_TABLE1_INCOME(2.0),Annual GDP and components - income approach,I,A,Annual,FIN,Finland,S1,Total economy,S1,Total economy,B2A3G,"Operating surplus and mixed income, gross",_Z,Not applicable,_T,Total - all activities,_Z,Not applicable,XDC,National currency,V,Current prices,N,Non transformed data,T0103,Table 0103 - GDP identity from the income side,1998,,49947,,,,F,Free (free for publication),1,One,A,Normal value,6,Millions,EUR,Euro
DATAFLOW,OECD.SDD.NAD:DSD_NAMAIN10@DF_TABLE1_INCOME(2.0),Annual GDP and components - income approach,I,A,Annual,FRA,France,S1,Total economy,S1,Total economy,B2A3G,"Operating surplus and mixed income, gross",_Z,Not applicable,_T,Total - all activities,_Z,Not applicable,XDC,National currency,V,Current prices,N,Non transformed data,T0103,Table 0103 - GDP identity from the income side,1998,,477576.2,,,,F,Free (free for publication),1,One,A,Normal value,6,Millions,EUR,Euro
DATAFLOW,OECD.SDD.NAD:DSD_NAMAIN10@DF_TABLE1_INCOME(2.0),Annual GDP and components - income approach,I,A,Annual,DEU,Germany,S1,Total economy,S1,Total economy,B2A3G,"Operating surplus and mixed income, gross",_Z,Not applicable,_T,Total - all activities,_Z,Not applicable,XDC,National currency,V,Current prices,N,Non transformed data,T0103,Table 0103 - GDP identity from the income side,1998,,790522,,,,F,Free (free for publication),1,One,A,Normal value,6,Millions,EUR,Euro
DATAFLOW,OECD.SDD.NAD:DSD_NAMAIN10@DF_TABLE1_INCOME(2.0),Annual GDP and components - income approach,I,A,Annual,GRC,Greece,S1,Total economy,S1,Total economy,B2A3G,"Operating surplus and mixed income, gross",_Z,Not applicable,_T,Total - all activities,_Z,Not applicable,XDC,National currency,V,Current prices,N,Non transformed data,T0103,Table 0103 - GDP identity from the income side,1998,,71586.066,,,,F,Free (free for publication),1,One,A,Normal value,6,Millions,EUR,Euro
DATAFLOW,OECD.SDD.NAD:DSD_NAMAIN10@DF_TABLE1_INCOME(2.0),Annual GDP and components - income approach,I,A,Annual,IRL,Ireland,S1,Total economy,S1,Total economy,B2A3G,"Operating surplus and mixed income, gross",_Z,Not applicable,_T,Total - all activities,_Z,Not applicable,XDC,National currency,V,Current prices,N,Non transformed data,T0103,Table 0103 - GDP identity from the income side,1998,,39991.026,,,,F,Free (free for publication),1,One,A,Normal value,6,Millions,EUR,Euro
DATAFLOW,OECD.SDD.NAD:DSD_NAMAIN10@DF_TABLE1_INCOME(2.0),Annual GDP and components - income approach,I,A,Annual,ITA,Italy,S1,Total economy,S1,Total economy,B2A3G,"Operating surplus and mixed income, gross",_Z,Not applicable,_T,Total - all activities,_Z,Not applicable,XDC,National currency,V,Current prices,N,Non transformed data,T0103,Table 0103 - GDP identity from the income side,1998,,566905.1,,,,F,Free (free for publication),1,One,A,Normal value,6,Millions,EUR,Euro
DATAFLOW,OECD.SDD.NAD:DSD_NAMAIN10@DF_TABLE1_INCOME(2.0),Annual GDP and components - income approach,I,A,Annual,LTU,Lithuania,S1,Total economy,S1,Total economy,B2A3G,"Operating surplus and mixed income, gross",_Z,Not applicable,_T,Total - all activities,_Z,Not applicable,XDC,National currency,V,Current prices,N,Non transformed data,T0103,Table 0103 - GDP identity from the income side,1998,,6004.687,,,,F,Free (free for publication),1,One,A,Normal value,6,Millions,EUR,Euro
DATAFLOW,OECD.SDD.NAD:DSD_NAMAIN10@DF_TABLE1_INCOME(2.0),Annual GDP and components - income approach,I,A,Annual,ESP,Spain,S1,Total economy,S1,Total economy,B2A3G,"Operating surplus and mixed income, gross",_Z,Not applicable,_T,Total - all activities,_Z,Not applicable,XDC,National currency,V,Current prices,N,Non transformed data,T0103,Table 0103 - GDP identity from the income side,1998,,234575,,,,F,Free (free for publication),1,One,A,Normal value,6,Millions,EUR,Euro
DATAFLOW,OECD.SDD.NAD:DSD_NAMAIN10@DF_TABLE1_INCOME(2.0),Annual GDP and components - income approach,I,A,Annual,HRV,Croatia,S1,Total economy,S1,Total economy,B2A3G,"Operating surplus and mixed income, gross",_Z,Not applicable,_T,Total - all activities,_Z,Not applicable,XDC,National currency,V,Current prices,N,Non transformed data,T0103,Table 0103 - GDP identity from the income side,1998,,7293.279,,,,F,Free (free for publication),1,One,A,Normal value,6,Millions,EUR,Euro
DATAFLOW,OECD.SDD.NAD:DSD_NAMAIN10@DF_TABLE1_INCOME(2.0),Annual GDP and components - income approach,I,A,Annual,CYP,Cyprus,S1,Total economy,S1,Total economy,B2A3G,"Operating surplus and mixed income, gross",_Z,Not applicable,_T,Total - all activities,_Z,Not applicable,XDC,National currency,V,Current prices,N,Non transformed data,T0103,Table 0103 - GDP identity from the income side,1998,,4558.753,,,,F,Free (free for publication),1,One,A,Normal value,6,Millions,EUR,Euro
DATAFLOW,OECD.SDD.NAD:DSD_NAMAIN10@DF_TABLE1_INCOME(2.0),Annual GDP and components - income approach,I,A,Annual,AUT,Austria,S1,Total economy,S1,Total economy,B2A3G,"Operating surplus and mixed income, gross",_Z,Not applicable,_T,Total - all activities,_Z,Not applicable,XDC,National currency,V,Current prices,N,Non transformed data,T0103,Table 0103 - GDP identity from the income side,1999,,76836.264,,,,F,Free (free for publication),1,One,A,Normal value,6,Millions,EUR,Euro
DATAFLOW,OECD.SDD.NAD:DSD_NAMAIN10@DF_TABLE1_INCOME(2.0),Annual GDP and components - income approach,I,A,Annual,EST,Estonia,S1,Total economy,S1,Total economy,B2A3G,"Operating surplus and mixed income, gross",_Z,Not applicable,_T,Total - all activities,_Z,Not applicable,XDC,National currency,V,Current prices,N,Non transformed data,T0103,Table 0103 - GDP identity from the income side,1999,,2366.533,,,,F,Free (free for publication),1,One,A,Normal value,6,Millions,EUR,Euro
DATAFLOW,OECD.SDD.NAD:DSD_NAMAIN10@DF_TABLE1_INCOME(2.0),Annual GDP and components - income approach,I,A,Annual,FIN,Finland,S1,Total economy,S1,Total economy,B2A3G,"Operating surplus and mixed income, gross",_Z,Not applicable,_T,Total - all activities,_Z,Not applicable,XDC,National currency,V,Current prices,N,Non transformed data,T0103,Table 0103 - GDP identity from the income side,1999,,52270,,,,F,Free (free for publication),1,One,A,Normal value,6,Millions,EUR,Euro
DATAFLOW,OECD.SDD.NAD:DSD_NAMAIN10@DF_TABLE1_INCOME(2.0),Annual GDP and components - income approach,I,A,Annual,FRA,France,S1,Total economy,S1,Total economy,B2A3G,"Operating surplus and mixed income, gross",_Z,Not applicable,_T,Total - all activities,_Z,Not applicable,XDC,National currency,V,Current prices,N,Non transformed data,T0103,Table 0103 - GDP identity from the income side,1999,,488945,,,,F,Free (free for publication),1,One,A,Normal value,6,Millions,EUR,Euro
DATAFLOW,OECD.SDD.NAD:DSD_NAMAIN10@DF_TABLE1_INCOME(2.0),Annual GDP and components - income approach,I,A,Annual,DEU,Germany,S1,Total economy,S1,Total economy,B2A3G,"Operating surplus and mixed income, gross",_Z,Not applicable,_T,Total - all activities,_Z,Not applicable,XDC,National currency,V,Current prices,N,Non transformed data,T0103,Table 0103 - GDP identity from the income side,1999,,795641,,,,F,Free (free for publication),1,One,A,Normal value,6,Millions,EUR,Euro
DATAFLOW,OECD.SDD.NAD:DSD_NAMAIN10@DF_TABLE1_INCOME(2.0),Annual GDP and components - income approach,I,A,Annual,GRC,Greece,S1,Total economy,S1,Total economy,B2A3G,"Operating surplus and mixed income, gross",_Z,Not applicable,_T,Total - all activities,_Z,Not applicable,XDC,National currency,V,Current prices,N,Non transformed data,T0103,Table 0103 - GDP identity from the income side,1999,,73754.857,,,,F,Free (free for publication),1,One,A,Normal value,6,Millions,EUR,Euro
DATAFLOW,OECD.SDD.NAD:DSD_NAMAIN10@DF_TABLE1_INCOME(2.0),Annual GDP and components - income approach,I,A,Annual,IRL,Ireland,S1,Total economy,S1,Total economy,B2A3G,"Operating surplus and mixed income, gross",_Z,Not applicable,_T,Total - all activities,_Z,Not applicable,XDC,National currency,V,Current prices,N,Non transformed data,T0103,Table 0103 - GDP identity from the income side,1999,,46054.678,,,,F,Free (free for publication),1,One,A,Normal value,6,Millions,EUR,Euro
DATAFLOW,OECD.SDD.NAD:DSD_NAMAIN10@DF_TABLE1_INCOME(2.0),Annual GDP and components - income approach,I,A,Annual,ITA,Italy,S1,Total economy,S1,Total economy,B2A3G,"Operating surplus and mixed income, gross",_Z,Not applicable,_T,Total - all activities,_Z,Not applicable,XDC,National currency,V,Current prices,N,Non transformed data,T0103,Table 0103 - GDP identity from the income side,1999,,586025.1,,,,F,Free (free for publication),1,One,A,Normal value,6,Millions,EUR,Euro
DATAFLOW,OECD.SDD.NAD:DSD_NAMAIN10@DF_TABLE1_INCOME(2.0),Annual GDP and components - income approach,I,A,Annual,LTU,Lithuania,S1,Total economy,S1,Total economy,B2A3G,"Operating surplus and mixed income, gross",_Z,Not applicable,_T,Total - all activities,_Z,Not applicable,XDC,National currency,V,Current prices,N,Non transformed data,T0103,Table 0103 - GDP identity from the income side,1999,,5704.144,,,,F,Free (free for publication),1,One,A,Normal value,6,Millions,EUR,Euro
DATAFLOW,OECD.SDD.NAD:DSD_NAMAIN10@DF_TABLE1_INCOME(2.0),Annual GDP and components - income approach,I,A,Annual,ESP,Spain,S1,Total economy,S1,Total economy,B2A3G,"Operating surplus and mixed income, gross",_Z,Not applicable,_T,Total - all activities,_Z,Not applicable,XDC,National currency,V,Current prices,N,Non transformed data,T0103,Table 0103 - GDP identity from the income side,1999,,248897,,,,F,Free (free for publication),1,One,A,Normal value,6,Millions,EUR,Euro
DATAFLOW,OECD.SDD.NAD:DSD_NAMAIN10@DF_TABLE1_INCOME(2.0),Annual GDP and components - income approach,I,A,Annual,EA20,Euro area (20 countries),S1,Total economy,S1,Total economy,B2A3G,"Operating surplus and mixed income, gross",_Z,Not applicable,_T,Total - all activities,_Z,Not applicable,XDC,National currency,V,Current prices,N,Non transformed data,T0103,Table 0103 - GDP identity from the income side,1999,,2730096.624,,,,F,Free (free for publication),1,One,A,Normal value,6,Millions,EUR,Euro
DATAFLOW,OECD.SDD.NAD:DSD_NAMAIN10@DF_TABLE1_INCOME(2.0),Annual GDP and components - income approach,I,A,Annual,HRV,Croatia,S1,Total economy,S1,Total economy,B2A3G,"Operating surplus and mixed income, gross",_Z,Not applicable,_T,Total - all activities,_Z,Not applicable,XDC,National currency,V,Current prices,N,Non transformed data,T0103,Table 0103 - GDP identity from the income side,1999,,7140.259,,,,F,Free (free for publication),1,One,A,Normal value,6,Millions,EUR,Euro
DATAFLOW,OECD.SDD.NAD:DSD_NAMAIN10@DF_TABLE1_INCOME(2.0),Annual GDP and components - income approach,I,A,Annual,CYP,Cyprus,S1,Total economy,S1,Total economy,B2A3G,"Operating surplus and mixed income, gross",_Z,Not applicable,_T,Total - all activities,_Z,Not applicable,XDC,National currency,V,Current prices,N,Non transformed data,T0103,Table 0103 - GDP identity from the income side,1999,,4927.932,,,,F,Free (free for publication),1,One,A,Normal value,6,Millions,EUR,Euro
DATAFLOW,OECD.SDD.NAD:DSD_NAMAIN10@DF_TABLE1_INCOME(2.0),Annual GDP and components - income approach,I,A,Annual,AUT,Austria,S1,Total economy,S1,Total economy,B2A3G,"Operating surplus and mixed income, gross",_Z,Not applicable,_T,Total - all activities,_Z,Not applicable,XDC,National currency,V,Current prices,N,Non transformed data,T0103,Table 0103 - GDP identity from the income side,2000,,82079.692,,,,F,Free (free for publication),1,One,A,Normal value,6,Millions,EUR,Euro
DATAFLOW,OECD.SDD.NAD:DSD_NAMAIN10@DF_TABLE1_INCOME(2.0),Annual GDP and components - income approach,I,A,Annual,BEL,Belgium,S1,Total economy,S1,Total economy,B2A3G,"Operating surplus and mixed income, gross",_Z,Not applicable,_T,Total - all activities,_Z,Not applicable,XDC,National currency,V,Current prices,N,Non transformed data,T0103,Table 0103 - GDP identity from the income side,2000,,98101,,,,F,Free (free for publication),1,One,A,Normal value,6,Millions,EUR,Euro
DATAFLOW,OECD.SDD.NAD:DSD_NAMAIN10@DF_TABLE1_INCOME(2.0),Annual GDP and components - income approach,I,A,Annual,EST,Estonia,S1,Total economy,S1,Total economy,B2A3G,"Operating surplus and mixed income, gross",_Z,Not applicable,_T,Total - all activities,_Z,Not applicable,XDC,National currency,V,Current prices,N,Non transformed data,T0103,Table 0103 - GDP identity from the income side,2000,,2687.244,,,,F,Free (free for publication),1,One,A,Normal value,6,Millions,EUR,Euro
DATAFLOW,OECD.SDD.NAD:DSD_NAMAIN10@DF_TABLE1_INCOME(2.0),Annual GDP and components - income approach,I,A,Annual,FIN,Finland,S1,Total economy,S1,Total economy,B2A3G,"Operating surplus and mixed income, gross",_Z,Not applicable,_T,Total - all activities,_Z,Not applicable,XDC,National currency,V,Current prices,N,Non transformed data,T0103,Table 0103 - GDP identity from the income side,2000,,57470,,,,F,Free (free for publication),1,One,A,Normal value,6,Millions,EUR,Euro
DATAFLOW,OECD.SDD.NAD:DSD_NAMAIN10@DF_TABLE1_INCOME(2.0),Annual GDP and components - income approach,I,A,Annual,FRA,France,S1,Total economy,S1,Total economy,B2A3G,"Operating surplus and mixed income, gross",_Z,Not applicable,_T,Total - all activities,_Z,Not applicable,XDC,National currency,V,Current prices,N,Non transformed data,T0103,Table 0103 - GDP identity from the income side,2000,,523852.4,,,,F,Free (free for publication),1,One,A,Normal value,6,Millions,EUR,Euro
DATAFLOW,OECD.SDD.NAD:DSD_NAMAIN10@DF_TABLE1_INCOME(2.0),Annual GDP and components - income approach,I,A,Annual,DEU,Germany,S1,Total economy,S1,Total economy,B2A3G,"Operating surplus and mixed income, gross",_Z,Not applicable,_T,Total - all activities,_Z,Not applicable,XDC,National currency,V,Current prices,N,Non transformed data,T0103,Table 0103 - GDP identity from the income side,2000,,798219,,,,F,Free (free for publication),1,One,A,Normal value,6,Millions,EUR,Euro
DATAFLOW,OECD.SDD.NAD:DSD_NAMAIN10@DF_TABLE1_INCOME(2.0),Annual GDP and components - income approach,I,A,Annual,GRC,Greece,S1,Total economy,S1,Total economy,B2A3G,"Operating surplus and mixed income, gross",_Z,Not applicable,_T,Total - all activities,_Z,Not applicable,XDC,National currency,V,Current prices,N,Non transformed data,T0103,Table 0103 - GDP identity from the income side,2000,,77372.599,,,,F,Free (free for publication),1,One,A,Normal value,6,Millions,EUR,Euro
DATAFLOW,OECD.SDD.NAD:DSD_NAMAIN10@DF_TABLE1_INCOME(2.0),Annual GDP and components - income approach,I,A,Annual,IRL,Ireland,S1,Total economy,S1,Total economy,B2A3G,"Operating surplus and mixed income, gross",_Z,Not applicable,_T,Total - all activities,_Z,Not applicable,XDC,National currency,V,Current prices,N,Non transformed data,T0103,Table 0103 - GDP identity from the income side,2000,,55050.249,,,,F,Free (free for publication),1,One,A,Normal value,6,Millions,EUR,Euro
DATAFLOW,OECD.SDD.NAD:DSD_NAMAIN10@DF_TABLE1_INCOME(2.0),Annual GDP and components - income approach,I,A,Annual,ITA,Italy,S1,Total economy,S1,Total economy,B2A3G,"Operating surplus and mixed income, gross",_Z,Not applicable,_T,Total - all activities,_Z,Not applicable,XDC,National currency,V,Current prices,N,Non transformed data,T0103,Table 0103 - GDP identity from the income side,2000,,629710.6,,,,F,Free (free for publication),1,One,A,Normal value,6,Millions,EUR,Euro
DATAFLOW,OECD.SDD.NAD:DSD_NAMAIN10@DF_TABLE1_INCOME(2.0),Annual GDP and components - income approach,I,A,Annual,LTU,Lithuania,S1,Total economy,S1,Total economy,B2A3G,"Operating surplus and mixed income, gross",_Z,Not applicable,_T,Total - all activities,_Z,Not applicable,XDC,National currency,V,Current prices,N,Non transformed data,T0103,Table 0103 - GDP identity from the income side,2000,,6590.668,,,,F,Free (free for publication),1,One,A,Normal value,6,Millions,EUR,Euro
DATAFLOW,OECD.SDD.NAD:DSD_NAMAIN10@DF_TABLE1_INCOME(2.0),Annual GDP and components - income approach,I,A,Annual,ESP,Spain,S1,Total economy,S1,Total economy,B2A3G,"Operating surplus and mixed income, gross",_Z,Not applicable,_T,Total - all activities,_Z,Not applicable,XDC,National currency,V,Current prices,N,Non transformed data,T0103,Table 0103 - GDP identity from the income side,2000,,270350,,,,F,Free (free for publication),1,One,A,Normal value,6,Millions,EUR,Euro
DATAFLOW,OECD.SDD.NAD:DSD_NAMAIN10@DF_TABLE1_INCOME(2.0),Annual GDP and components - income approach,I,A,Annual,HRV,Croatia,S1,Total economy,S1,Total economy,B2A3G,"Operating surplus and mixed income, gross",_Z,Not applicable,_T,Total - all activities,_Z,Not applicable,XDC,National currency,V,Current prices,N,Non transformed data,T0103,Table 0103 - GDP identity from the income side,2000,,7588.14,,,,F,Free (free for publication),1,One,A,Normal value,6,Millions,EUR,Euro
DATAFLOW,OECD.SDD.NAD:DSD_NAMAIN10@DF_TABLE1_INCOME(2.0),Annual GDP and components - income approach,I,A,Annual,CYP,Cyprus,S1,Total economy,S1,Total economy,B2A3G,"Operating surplus and mixed income, gross",_Z,Not applicable,_T,Total - all activities,_Z,Not applicable,XDC,National currency,V,Current prices,N,Non transformed data,T0103,Table 0103 - GDP identity from the income side,2000,,5304.48,,,,F,Free (free for publication),1,One,A,Normal value,6,Millions,EUR,Euro
DATAFLOW,OECD.SDD.NAD:DSD_NAMAIN10@DF_TABLE1_INCOME(2.0),Annual GDP and components - income approach,I,A,Annual,AUT,Austria,S1,Total economy,S1,Total economy,B2A3G,"Operating surplus and mixed income, gross",_Z,Not applicable,_T,Total - all activities,_Z,Not applicable,XDC,National currency,V,Current prices,N,Non transformed data,T0103,Table 0103 - GDP identity from the income side,2001,,85805.474,,,,F,Free (free for publication),1,One,A,Normal value,6,Millions,EUR,Euro
DATAFLOW,OECD.SDD.NAD:DSD_NAMAIN10@DF_TABLE1_INCOME(2.0),Annual GDP and components - income approach,I,A,Annual,EST,Estonia,S1,Total economy,S1,Total economy,B2A3G,"Operating surplus and mixed income, gross",_Z,Not applicable,_T,Total - all activities,_Z,Not applicable,XDC,National currency,V,Current prices,N,Non transformed data,T0103,Table 0103 - GDP identity from the income side,2001,,3079.708,,,,F,Free (free for publication),1,One,A,Normal value,6,Millions,EUR,Euro
DATAFLOW,OECD.SDD.NAD:DSD_NAMAIN10@DF_TABLE1_INCOME(2.0),Annual GDP and components - income approach,I,A,Annual,FIN,Finland,S1,Total economy,S1,Total economy,B2A3G,"Operating surplus and mixed income, gross",_Z,Not applicable,_T,Total - all activities,_Z,Not applicable,XDC,National currency,V,Current prices,N,Non transformed data,T0103,Table 0103 - GDP identity from the income side,2001,,61795,,,,F,Free (free for publication),1,One,A,Normal value,6,Millions,EUR,Euro
DATAFLOW,OECD.SDD.NAD:DSD_NAMAIN10@DF_TABLE1_INCOME(2.0),Annual GDP and components - income approach,I,A,Annual,FRA,France,S1,Total economy,S1,Total economy,B2A3G,"Operating surplus and mixed income, gross",_Z,Not applicable,_T,Total - all activities,_Z,Not applicable,XDC,National currency,V,Current prices,N,Non transformed data,T0103,Table 0103 - GDP identity from the income side,2001,,547020.3,,,,F,Free (free for publication),1,One,A,Normal value,6,Millions,EUR,Euro
DATAFLOW,OECD.SDD.NAD:DSD_NAMAIN10@DF_TABLE1_INCOME(2.0),Annual GDP and components - income approach,I,A,Annual,DEU,Germany,S1,Total economy,S1,Total economy,B2A3G,"Operating surplus and mixed income, gross",_Z,Not applicable,_T,Total - all activities,_Z,Not applicable,XDC,National currency,V,Current prices,N,Non transformed data,T0103,Table 0103 - GDP identity from the income side,2001,,842341,,,,F,Free (free for publication),1,One,A,Normal value,6,Millions,EUR,Euro
DATAFLOW,OECD.SDD.NAD:DSD_NAMAIN10@DF_TABLE1_INCOME(2.0),Annual GDP and components - income approach,I,A,Annual,GRC,Greece,S1,Total economy,S1,Total economy,B2A3G,"Operating surplus and mixed income, gross",_Z,Not applicable,_T,Total - all activities,_Z,Not applicable,XDC,National currency,V,Current prices,N,Non transformed data,T0103,Table 0103 - GDP identity from the income side,2001,,83895.616,,,,F,Free (free for publication),1,One,A,Normal value,6,Millions,EUR,Euro
DATAFLOW,OECD.SDD.NAD:DSD_NAMAIN10@DF_TABLE1_INCOME(2.0),Annual GDP and components - income approach,I,A,Annual,ITA,Italy,S1,Total economy,S1,Total economy,B2A3G,"Operating surplus and mixed income, gross",_Z,Not applicable,_T,Total - all activities,_Z,Not applicable,XDC,National currency,V,Current prices,N,Non transformed data,T0103,Table 0103 - GDP identity from the income side,2001,,667587.9,,,,F,Free (free for publication),1,One,A,Normal value,6,Millions,EUR,Euro
DATAFLOW,OECD.SDD.NAD:DSD_NAMAIN10@DF_TABLE1_INCOME(2.0),Annual GDP and components - income approach,I,A,Annual,LTU,Lithuania,S1,Total economy,S1,Total economy,B2A3G,"Operating surplus and mixed income, gross",_Z,Not applicable,_T,Total - all activities,_Z,Not applicable,XDC,National currency,V,Current prices,N,Non transformed data,T0103,Table 0103 - GDP identity from the income side,2001,,7228.738,,,,F,Free (free for publication),1,One,A,Normal value,6,Millions,EUR,Euro
DATAFLOW,OECD.SDD.NAD:DSD_NAMAIN10@DF_TABLE1_INCOME(2.0),Annual GDP and components - income approach,I,A,Annual,ESP,Spain,S1,Total economy,S1,Total economy,B2A3G,"Operating surplus and mixed income, gross",_Z,Not applicable,_T,Total - all activities,_Z,Not applicable,XDC,National currency,V,Current prices,N,Non transformed data,T0103,Table 0103 - GDP identity from the income side,2001,,299403,,,,F,Free (free for publication),1,One,A,Normal value,6,Millions,EUR,Euro
DATAFLOW,OECD.SDD.NAD:DSD_NAMAIN10@DF_TABLE1_INCOME(2.0),Annual GDP and components - income approach,I,A,Annual,HRV,Croatia,S1,Total economy,S1,Total economy,B2A3G,"Operating surplus and mixed income, gross",_Z,Not applicable,_T,Total - all activities,_Z,Not applicable,XDC,National currency,V,Current prices,N,Non transformed data,T0103,Table 0103 - GDP identity from the income side,2001,,8877.282,,,,F,Free (free for publication),1,One,A,Normal value,6,Millions,EUR,Euro
DATAFLOW,OECD.SDD.NAD:DSD_NAMAIN10@DF_TABLE1_INCOME(2.0),Annual GDP and components - income approach,I,A,Annual,CYP,Cyprus,S1,Total economy,S1,Total economy,B2A3G,"Operating surplus and mixed income, gross",_Z,Not applicable,_T,Total - all activities,_Z,Not applicable,XDC,National currency,V,Current prices,N,Non transformed data,T0103,Table 0103 - GDP identity from the income side,2001,,5720.352,,,,F,Free (free for publication),1,One,A,Normal value,6,Millions,EUR,Euro
DATAFLOW,OECD.SDD.NAD:DSD_NAMAIN10@DF_TABLE1_INCOME(2.0),Annual GDP and components - income approach,I,A,Annual,AUT,Austria,S1,Total economy,S1,Total economy,B2A3G,"Operating surplus and mixed income, gross",_Z,Not applicable,_T,Total - all activities,_Z,Not applicable,XDC,National currency,V,Current prices,N,Non transformed data,T0103,Table 0103 - GDP identity from the income side,2002,,88407.622,,,,F,Free (free for publication),1,One,A,Normal value,6,Millions,EUR,Euro
DATAFLOW,OECD.SDD.NAD:DSD_NAMAIN10@DF_TABLE1_INCOME(2.0),Annual GDP and components - income approach,I,A,Annual,BEL,Belgium,S1,Total economy,S1,Total economy,B2A3G,"Operating surplus and mixed income, gross",_Z,Not applicable,_T,Total - all activities,_Z,Not applicable,XDC,National currency,V,Current prices,N,Non transformed data,T0103,Table 0103 - GDP identity from the income side,2002,,100628,,,,F,Free (free for publication),1,One,A,Normal value,6,Millions,EUR,Euro
DATAFLOW,OECD.SDD.NAD:DSD_NAMAIN10@DF_TABLE1_INCOME(2.0),Annual GDP and components - income approach,I,A,Annual,EST,Estonia,S1,Total economy,S1,Total economy,B2A3G,"Operating surplus and mixed income, gross",_Z,Not applicable,_T,Total - all activities,_Z,Not applicable,XDC,National currency,V,Current prices,N,Non transformed data,T0103,Table 0103 - GDP identity from the income side,2002,,3492.488,,,,F,Free (free for publication),1,One,A,Normal value,6,Millions,EUR,Euro
DATAFLOW,OECD.SDD.NAD:DSD_NAMAIN10@DF_TABLE1_INCOME(2.0),Annual GDP and components - income approach,I,A,Annual,FIN,Finland,S1,Total economy,S1,Total economy,B2A3G,"Operating surplus and mixed income, gross",_Z,Not applicable,_T,Total - all activities,_Z,Not applicable,XDC,National currency,V,Current prices,N,Non transformed data,T0103,Table 0103 - GDP identity from the income side,2002,,62549,,,,F,Free (free for publication),1,One,A,Normal value,6,Millions,EUR,Euro
DATAFLOW,OECD.SDD.NAD:DSD_NAMAIN10@DF_TABLE1_INCOME(2.0),Annual GDP and components - income approach,I,A,Annual,FRA,France,S1,Total economy,S1,Total economy,B2A3G,"Operating surplus and mixed income, gross",_Z,Not applicable,_T,Total - all activities,_Z,Not applicable,XDC,National currency,V,Current prices,N,Non transformed data,T0103,Table 0103 - GDP identity from the income side,2002,,558187.3,,,,F,Free (free for publication),1,One,A,Normal value,6,Millions,EUR,Euro
DATAFLOW,OECD.SDD.NAD:DSD_NAMAIN10@DF_TABLE1_INCOME(2.0),Annual GDP and components - income approach,I,A,Annual,DEU,Germany,S1,Total economy,S1,Total economy,B2A3G,"Operating surplus and mixed income, gross",_Z,Not applicable,_T,Total - all activities,_Z,Not applicable,XDC,National currency,V,Current prices,N,Non transformed data,T0103,Table 0103 - GDP identity from the income side,2002,,859088,,,,F,Free (free for publication),1,One,A,Normal value,6,Millions,EUR,Euro
DATAFLOW,OECD.SDD.NAD:DSD_NAMAIN10@DF_TABLE1_INCOME(2.0),Annual GDP and components - income approach,I,A,Annual,GRC,Greece,S1,Total economy,S1,Total economy,B2A3G,"Operating surplus and mixed income, gross",_Z,Not applicable,_T,Total - all activities,_Z,Not applicable,XDC,National currency,V,Current prices,N,Non transformed data,T0103,Table 0103 - GDP identity from the income side,2002,,87708.903,,,,F,Free (free for publication),1,One,A,Normal value,6,Millions,EUR,Euro
DATAFLOW,OECD.SDD.NAD:DSD_NAMAIN10@DF_TABLE1_INCOME(2.0),Annual GDP and components - income approach,I,A,Annual,ITA,Italy,S1,Total economy,S1,Total economy,B2A3G,"Operating surplus and mixed income, gross",_Z,Not applicable,_T,Total - all activities,_Z,Not applicable,XDC,National currency,V,Current prices,N,Non transformed data,T0103,Table 0103 - GDP identity from the income side,2002,,685349.4,,,,F,Free (free for publication),1,One,A,Normal value,6,Millions,EUR,Euro
DATAFLOW,OECD.SDD.NAD:DSD_NAMAIN10@DF_TABLE1_INCOME(2.0),Annual GDP and components - income approach,I,A,Annual,LTU,Lithuania,S1,Total economy,S1,Total economy,B2A3G,"Operating surplus and mixed income, gross",_Z,Not applicable,_T,Total - all activities,_Z,Not applicable,XDC,National currency,V,Current prices,N,Non transformed data,T0103,Table 0103 - GDP identity from the income side,2002,,7632.445,,,,F,Free (free for publication),1,One,A,Normal value,6,Millions,EUR,Euro
DATAFLOW,OECD.SDD.NAD:DSD_NAMAIN10@DF_TABLE1_INCOME(2.0),Annual GDP and components - income approach,I,A,Annual,ESP,Spain,S1,Total economy,S1,Total economy,B2A3G,"Operating surplus and mixed income, gross",_Z,Not applicable,_T,Total - all activities,_Z,Not applicable,XDC,National currency,V,Current prices,N,Non transformed data,T0103,Table 0103 - GDP identity from the income side,2002,,322291,,,,F,Free (free for publication),1,One,A,Normal value,6,Millions,EUR,Euro
DATAFLOW,OECD.SDD.NAD:DSD_NAMAIN10@DF_TABLE1_INCOME(2.0),Annual GDP and components - income approach,I,A,Annual,HRV,Croatia,S1,Total economy,S1,Total economy,B2A3G,"Operating surplus and mixed income, gross",_Z,Not applicable,_T,Total - all activities,_Z,Not applicable,XDC,National currency,V,Current prices,N,Non transformed data,T0103,Table 0103 - GDP identity from the income side,2002,,9538.187,,,,F,Free (free for publication),1,One,A,Normal value,6,Millions,EUR,Euro
DATAFLOW,OECD.SDD.NAD:DSD_NAMAIN10@DF_TABLE1_INCOME(2.0),Annual GDP and components - income approach,I,A,Annual,CYP,Cyprus,S1,Total economy,S1,Total economy,B2A3G,"Operating surplus and mixed income, gross",_Z,Not applicable,_T,Total - all activities,_Z,Not applicable,XDC,National currency,V,Current prices,N,Non transformed data,T0103,Table 0103 - GDP identity from the income side,2002,,5722.529,,,,F,Free (free for publication),1,One,A,Normal value,6,Millions,EUR,Euro
DATAFLOW,OECD.SDD.NAD:DSD_NAMAIN10@DF_TABLE1_INCOME(2.0),Annual GDP and components - income approach,I,A,Annual,AUT,Austria,S1,Total economy,S1,Total economy,B2A3G,"Operating surplus and mixed income, gross",_Z,Not applicable,_T,Total - all activities,_Z,Not applicable,XDC,National currency,V,Current prices,N,Non transformed data,T0103,Table 0103 - GDP identity from the income side,2003,,91528.453,,,,F,Free (free for publication),1,One,A,Normal value,6,Millions,EUR,Euro
DATAFLOW,OECD.SDD.NAD:DSD_NAMAIN10@DF_TABLE1_INCOME(2.0),Annual GDP and components - income approach,I,A,Annual,BEL,Belgium,S1,Total economy,S1,Total economy,B2A3G,"Operating surplus and mixed income, gross",_Z,Not applicable,_T,Total - all activities,_Z,Not applicable,XDC,National currency,V,Current prices,N,Non transformed data,T0103,Table 0103 - GDP identity from the income side,2003,,105158.4,,,,F,Free (free for publication),1,One,A,Normal value,6,Millions,EUR,Euro
DATAFLOW,OECD.SDD.NAD:DSD_NAMAIN10@DF_TABLE1_INCOME(2.0),Annual GDP and components - income approach,I,A,Annual,EST,Estonia,S1,Total economy,S1,Total economy,B2A3G,"Operating surplus and mixed income, gross",_Z,Not applicable,_T,Total - all activities,_Z,Not applicable,XDC,National currency,V,Current prices,N,Non transformed data,T0103,Table 0103 - GDP identity from the income side,2003,,3904.666,,,,F,Free (free for publication),1,One,A,Normal value,6,Millions,EUR,Euro
DATAFLOW,OECD.SDD.NAD:DSD_NAMAIN10@DF_TABLE1_INCOME(2.0),Annual GDP and components - income approach,I,A,Annual,FIN,Finland,S1,Total economy,S1,Total economy,B2A3G,"Operating surplus and mixed income, gross",_Z,Not applicable,_T,Total - all activities,_Z,Not applicable,XDC,National currency,V,Current prices,N,Non transformed data,T0103,Table 0103 - GDP identity from the income side,2003,,63080,,,,F,Free (free for publication),1,One,A,Normal value,6,Millions,EUR,Euro
DATAFLOW,OECD.SDD.NAD:DSD_NAMAIN10@DF_TABLE1_INCOME(2.0),Annual GDP and components - income approach,I,A,Annual,FRA,France,S1,Total economy,S1,Total economy,B2A3G,"Operating surplus and mixed income, gross",_Z,Not applicable,_T,Total - all activities,_Z,Not applicable,XDC,National currency,V,Current prices,N,Non transformed data,T0103,Table 0103 - GDP identity from the income side,2003,,572960.9,,,,F,Free (free for publication),1,One,A,Normal value,6,Millions,EUR,Euro
DATAFLOW,OECD.SDD.NAD:DSD_NAMAIN10@DF_TABLE1_INCOME(2.0),Annual GDP and components - income approach,I,A,Annual,DEU,Germany,S1,Total economy,S1,Total economy,B2A3G,"Operating surplus and mixed income, gross",_Z,Not applicable,_T,Total - all activities,_Z,Not applicable,XDC,National currency,V,Current prices,N,Non transformed data,T0103,Table 0103 - GDP identity from the income side,2003,,863698,,,,F,Free (free for publication),1,One,A,Normal value,6,Millions,EUR,Euro
DATAFLOW,OECD.SDD.NAD:DSD_NAMAIN10@DF_TABLE1_INCOME(2.0),Annual GDP and components - income approach,I,A,Annual,GRC,Greece,S1,Total economy,S1,Total economy,B2A3G,"Operating surplus and mixed income, gross",_Z,Not applicable,_T,Total - all activities,_Z,Not applicable,XDC,National currency,V,Current prices,N,Non transformed data,T0103,Table 0103 - GDP identity from the income side,2003,,97124.211,,,,F,Free (free for publication),1,One,A,Normal value,6,Millions,EUR,Euro
DATAFLOW,OECD.SDD.NAD:DSD_NAMAIN10@DF_TABLE1_INCOME(2.0),Annual GDP and components - income approach,I,A,Annual,ITA,Italy,S1,Total economy,S1,Total economy,B2A3G,"Operating surplus and mixed income, gross",_Z,Not applicable,_T,Total - all activities,_Z,Not applicable,XDC,National currency,V,Current prices,N,Non transformed data,T0103,Table 0103 - GDP identity from the income side,2003,,707001.9,,,,F,Free (free for publication),1,One,A,Normal value,6,Millions,EUR,Euro
DATAFLOW,OECD.SDD.NAD:DSD_NAMAIN10@DF_TABLE1_INCOME(2.0),Annual GDP and components - income approach,I,A,Annual,LTU,Lithuania,S1,Total economy,S1,Total economy,B2A3G,"Operating surplus and mixed income, gross",_Z,Not applicable,_T,Total - all activities,_Z,Not applicable,XDC,National currency,V,Current prices,N,Non transformed data,T0103,Table 0103 - GDP identity from the income side,2003,,8420.121,,,,F,Free (free for publication),1,One,A,Normal value,6,Millions,EUR,Euro
DATAFLOW,OECD.SDD.NAD:DSD_NAMAIN10@DF_TABLE1_INCOME(2.0),Annual GDP and components - income approach,I,A,Annual,ESP,Spain,S1,Total economy,S1,Total economy,B2A3G,"Operating surplus and mixed income, gross",_Z,Not applicable,_T,Total - all activities,_Z,Not applicable,XDC,National currency,V,Current prices,N,Non transformed data,T0103,Table 0103 - GDP identity from the income side,2003,,346292,,,,F,Free (free for publication),1,One,A,Normal value,6,Millions,EUR,Euro
DATAFLOW,OECD.SDD.NAD:DSD_NAMAIN10@DF_TABLE1_INCOME(2.0),Annual GDP and components - income approach,I,A,Annual,HRV,Croatia,S1,Total economy,S1,Total economy,B2A3G,"Operating surplus and mixed income, gross",_Z,Not applicable,_T,Total - all activities,_Z,Not applicable,XDC,National currency,V,Current prices,N,Non transformed data,T0103,Table 0103 - GDP identity from the income side,2003,,10559.775,,,,F,Free (free for publication),1,One,A,Normal value,6,Millions,EUR,Euro
DATAFLOW,OECD.SDD.NAD:DSD_NAMAIN10@DF_TABLE1_INCOME(2.0),Annual GDP and components - income approach,I,A,Annual,CYP,Cyprus,S1,Total economy,S1,Total economy,B2A3G,"Operating surplus and mixed income, gross",_Z,Not applicable,_T,Total - all activities,_Z,Not applicable,XDC,National currency,V,Current prices,N,Non transformed data,T0103,Table 0103 - GDP identity from the income side,2003,,5788.641,,,,F,Free (free for publication),1,One,A,Normal value,6,Millions,EUR,Euro
DATAFLOW,OECD.SDD.NAD:DSD_NAMAIN10@DF_TABLE1_INCOME(2.0),Annual GDP and components - income approach,I,A,Annual,AUT,Austria,S1,Total economy,S1,Total economy,B2A3G,"Operating surplus and mixed income, gross",_Z,Not applicable,_T,Total - all activities,_Z,Not applicable,XDC,National currency,V,Current prices,N,Non transformed data,T0103,Table 0103 - GDP identity from the income side,2004,,97622.476,,,,F,Free (free for publication),1,One,A,Normal value,6,Millions,EUR,Euro
DATAFLOW,OECD.SDD.NAD:DSD_NAMAIN10@DF_TABLE1_INCOME(2.0),Annual GDP and components - income approach,I,A,Annual,BEL,Belgium,S1,Total economy,S1,Total economy,B2A3G,"Operating surplus and mixed income, gross",_Z,Not applicable,_T,Total - all activities,_Z,Not applicable,XDC,National currency,V,Current prices,N,Non transformed data,T0103,Table 0103 - GDP identity from the income side,2004,,114275.9,,,,F,Free (free for publication),1,One,A,Normal value,6,Millions,EUR,Euro
DATAFLOW,OECD.SDD.NAD:DSD_NAMAIN10@DF_TABLE1_INCOME(2.0),Annual GDP and components - income approach,I,A,Annual,EST,Estonia,S1,Total economy,S1,Total economy,B2A3G,"Operating surplus and mixed income, gross",_Z,Not applicable,_T,Total - all activities,_Z,Not applicable,XDC,National currency,V,Current prices,N,Non transformed data,T0103,Table 0103 - GDP identity from the income side,2004,,4390.363,,,,F,Free (free for publication),1,One,A,Normal value,6,Millions,EUR,Euro
DATAFLOW,OECD.SDD.NAD:DSD_NAMAIN10@DF_TABLE1_INCOME(2.0),Annual GDP and components - income approach,I,A,Annual,FIN,Finland,S1,Total economy,S1,Total economy,B2A3G,"Operating surplus and mixed income, gross",_Z,Not applicable,_T,Total - all activities,_Z,Not applicable,XDC,National currency,V,Current prices,N,Non transformed data,T0103,Table 0103 - GDP identity from the income side,2004,,66905,,,,F,Free (free for publication),1,One,A,Normal value,6,Millions,EUR,Euro
DATAFLOW,OECD.SDD.NAD:DSD_NAMAIN10@DF_TABLE1_INCOME(2.0),Annual GDP and components - income approach,I,A,Annual,FRA,France,S1,Total economy,S1,Total economy,B2A3G,"Operating surplus and mixed income, gross",_Z,Not applicable,_T,Total - all activities,_Z,Not applicable,XDC,National currency,V,Current prices,N,Non transformed data,T0103,Table 0103 - GDP identity from the income side,2004,,602623.2,,,,F,Free (free for publication),1,One,A,Normal value,6,Millions,EUR,Euro
DATAFLOW,OECD.SDD.NAD:DSD_NAMAIN10@DF_TABLE1_INCOME(2.0),Annual GDP and components - income approach,I,A,Annual,DEU,Germany,S1,Total economy,S1,Total economy,B2A3G,"Operating surplus and mixed income, gross",_Z,Not applicable,_T,Total - all activities,_Z,Not applicable,XDC,National currency,V,Current prices,N,Non transformed data,T0103,Table 0103 - GDP identity from the income side,2004,,911077,,,,F,Free (free for publication),1,One,A,Normal value,6,Millions,EUR,Euro
DATAFLOW,OECD.SDD.NAD:DSD_NAMAIN10@DF_TABLE1_INCOME(2.0),Annual GDP and components - income approach,I,A,Annual,GRC,Greece,S1,Total economy,S1,Total economy,B2A3G,"Operating surplus and mixed income, gross",_Z,Not applicable,_T,Total - all activities,_Z,Not applicable,XDC,National currency,V,Current prices,N,Non transformed data,T0103,Table 0103 - GDP identity from the income side,2004,,106540.37,,,,F,Free (free for publication),1,One,A,Normal value,6,Millions,EUR,Euro
DATAFLOW,OECD.SDD.NAD:DSD_NAMAIN10@DF_TABLE1_INCOME(2.0),Annual GDP and components - income approach,I,A,Annual,IRL,Ireland,S1,Total economy,S1,Total economy,B2A3G,"Operating surplus and mixed income, gross",_Z,Not applicable,_T,Total - all activities,_Z,Not applicable,XDC,National currency,V,Current prices,N,Non transformed data,T0103,Table 0103 - GDP identity from the income side,2004,,77956.135,,,,F,Free (free for publication),1,One,A,Normal value,6,Millions,EUR,Euro
DATAFLOW,OECD.SDD.NAD:DSD_NAMAIN10@DF_TABLE1_INCOME(2.0),Annual GDP and components - income approach,I,A,Annual,ITA,Italy,S1,Total economy,S1,Total economy,B2A3G,"Operating surplus and mixed income, gross",_Z,Not applicable,_T,Total - all activities,_Z,Not applicable,XDC,National currency,V,Current prices,N,Non transformed data,T0103,Table 0103 - GDP identity from the income side,2004,,735577.3,,,,F,Free (free for publication),1,One,A,Normal value,6,Millions,EUR,Euro
DATAFLOW,OECD.SDD.NAD:DSD_NAMAIN10@DF_TABLE1_INCOME(2.0),Annual GDP and components - income approach,I,A,Annual,LTU,Lithuania,S1,Total economy,S1,Total economy,B2A3G,"Operating surplus and mixed income, gross",_Z,Not applicable,_T,Total - all activities,_Z,Not applicable,XDC,National currency,V,Current prices,N,Non transformed data,T0103,Table 0103 - GDP identity from the income side,2004,,9192.514,,,,F,Free (free for publication),1,One,A,Normal value,6,Millions,EUR,Euro
DATAFLOW,OECD.SDD.NAD:DSD_NAMAIN10@DF_TABLE1_INCOME(2.0),Annual GDP and components - income approach,I,A,Annual,ESP,Spain,S1,Total economy,S1,Total economy,B2A3G,"Operating surplus and mixed income, gross",_Z,Not applicable,_T,Total - all activities,_Z,Not applicable,XDC,National currency,V,Current prices,N,Non transformed data,T0103,Table 0103 - GDP identity from the income side,2004,,367730,,,,F,Free (free for publication),1,One,A,Normal value,6,Millions,EUR,Euro
DATAFLOW,OECD.SDD.NAD:DSD_NAMAIN10@DF_TABLE1_INCOME(2.0),Annual GDP and components - income approach,I,A,Annual,EA20,Euro area (20 countries),S1,Total economy,S1,Total economy,B2A3G,"Operating surplus and mixed income, gross",_Z,Not applicable,_T,Total - all activities,_Z,Not applicable,XDC,National currency,V,Current prices,N,Non transformed data,T0103,Table 0103 - GDP identity from the income side,2004,,3436983.611,,,,F,Free (free for publication),1,One,A,Normal value,6,Millions,EUR,Euro
DATAFLOW,OECD.SDD.NAD:DSD_NAMAIN10@DF_TABLE1_INCOME(2.0),Annual GDP and components - income approach,I,A,Annual,HRV,Croatia,S1,Total economy,S1,Total economy,B2A3G,"Operating surplus and mixed income, gross",_Z,Not applicable,_T,Total - all activities,_Z,Not applicable,XDC,National currency,V,Current prices,N,Non transformed data,T0103,Table 0103 - GDP identity from the income side,2004,,11930.68,,,,F,Free (free for publication),1,One,A,Normal value,6,Millions,EUR,Euro
DATAFLOW,OECD.SDD.NAD:DSD_NAMAIN10@DF_TABLE1_INCOME(2.0),Annual GDP and components - income approach,I,A,Annual,CYP,Cyprus,S1,Total economy,S1,Total economy,B2A3G,"Operating surplus and mixed income, gross",_Z,Not applicable,_T,Total - all activities,_Z,Not applicable,XDC,National currency,V,Current prices,N,Non transformed data,T0103,Table 0103 - GDP identity from the income side,2004,,6199.301,,,,F,Free (free for publication),1,One,A,Normal value,6,Millions,EUR,Euro
DATAFLOW,OECD.SDD.NAD:DSD_NAMAIN10@DF_TABLE1_INCOME(2.0),Annual GDP and components - income approach,I,A,Annual,AUT,Austria,S1,Total economy,S1,Total economy,B2A3G,"Operating surplus and mixed income, gross",_Z,Not applicable,_T,Total - all activities,_Z,Not applicable,XDC,National currency,V,Current prices,N,Non transformed data,T0103,Table 0103 - GDP identity from the income side,2005,,104529.043,,,,F,Free (free for publication),1,One,A,Normal value,6,Millions,EUR,Euro
DATAFLOW,OECD.SDD.NAD:DSD_NAMAIN10@DF_TABLE1_INCOME(2.0),Annual GDP and components - income approach,I,A,Annual,EST,Estonia,S1,Total economy,S1,Total economy,B2A3G,"Operating surplus and mixed income, gross",_Z,Not applicable,_T,Total - all activities,_Z,Not applicable,XDC,National currency,V,Current prices,N,Non transformed data,T0103,Table 0103 - GDP identity from the income side,2005,,5129.953,,,,F,Free (free for publication),1,One,A,Normal value,6,Millions,EUR,Euro
DATAFLOW,OECD.SDD.NAD:DSD_NAMAIN10@DF_TABLE1_INCOME(2.0),Annual GDP and components - income approach,I,A,Annual,FIN,Finland,S1,Total economy,S1,Total economy,B2A3G,"Operating surplus and mixed income, gross",_Z,Not applicable,_T,Total - all activities,_Z,Not applicable,XDC,National currency,V,Current prices,N,Non transformed data,T0103,Table 0103 - GDP identity from the income side,2005,,68160,,,,F,Free (free for publication),1,One,A,Normal value,6,Millions,EUR,Euro
DATAFLOW,OECD.SDD.NAD:DSD_NAMAIN10@DF_TABLE1_INCOME(2.0),Annual GDP and components - income approach,I,A,Annual,FRA,France,S1,Total economy,S1,Total economy,B2A3G,"Operating surplus and mixed income, gross",_Z,Not applicable,_T,Total - all activities,_Z,Not applicable,XDC,National currency,V,Current prices,N,Non transformed data,T0103,Table 0103 - GDP identity from the income side,2005,,623747.8,,,,F,Free (free for publication),1,One,A,Normal value,6,Millions,EUR,Euro
DATAFLOW,OECD.SDD.NAD:DSD_NAMAIN10@DF_TABLE1_INCOME(2.0),Annual GDP and components - income approach,I,A,Annual,DEU,Germany,S1,Total economy,S1,Total economy,B2A3G,"Operating surplus and mixed income, gross",_Z,Not applicable,_T,Total - all activities,_Z,Not applicable,XDC,National currency,V,Current prices,N,Non transformed data,T0103,Table 0103 - GDP identity from the income side,2005,,942433,,,,F,Free (free for publication),1,One,A,Normal value,6,Millions,EUR,Euro
DATAFLOW,OECD.SDD.NAD:DSD_NAMAIN10@DF_TABLE1_INCOME(2.0),Annual GDP and components - income approach,I,A,Annual,GRC,Greece,S1,Total economy,S1,Total economy,B2A3G,"Operating surplus and mixed income, gross",_Z,Not applicable,_T,Total - all activities,_Z,Not applicable,XDC,National currency,V,Current prices,N,Non transformed data,T0103,Table 0103 - GDP identity from the income side,2005,,107167.491,,,,F,Free (free for publication),1,One,A,Normal value,6,Millions,EUR,Euro
DATAFLOW,OECD.SDD.NAD:DSD_NAMAIN10@DF_TABLE1_INCOME(2.0),Annual GDP and components - income approach,I,A,Annual,IRL,Ireland,S1,Total economy,S1,Total economy,B2A3G,"Operating surplus and mixed income, gross",_Z,Not applicable,_T,Total - all activities,_Z,Not applicable,XDC,National currency,V,Current prices,N,Non transformed data,T0103,Table 0103 - GDP identity from the income side,2005,,84042.745,,,,F,Free (free for publication),1,One,A,Normal value,6,Millions,EUR,Euro
DATAFLOW,OECD.SDD.NAD:DSD_NAMAIN10@DF_TABLE1_INCOME(2.0),Annual GDP and components - income approach,I,A,Annual,ITA,Italy,S1,Total economy,S1,Total economy,B2A3G,"Operating surplus and mixed income, gross",_Z,Not applicable,_T,Total - all activities,_Z,Not applicable,XDC,National currency,V,Current prices,N,Non transformed data,T0103,Table 0103 - GDP identity from the income side,2005,,743944,,,,F,Free (free for publication),1,One,A,Normal value,6,Millions,EUR,Euro
DATAFLOW,OECD.SDD.NAD:DSD_NAMAIN10@DF_TABLE1_INCOME(2.0),Annual GDP and components - income approach,I,A,Annual,LTU,Lithuania,S1,Total economy,S1,Total economy,B2A3G,"Operating surplus and mixed income, gross",_Z,Not applicable,_T,Total - all activities,_Z,Not applicable,XDC,National currency,V,Current prices,N,Non transformed data,T0103,Table 0103 - GDP identity from the income side,2005,,10456.089,,,,F,Free (free for publication),1,One,A,Normal value,6,Millions,EUR,Euro
DATAFLOW,OECD.SDD.NAD:DSD_NAMAIN10@DF_TABLE1_INCOME(2.0),Annual GDP and components - income approach,I,A,Annual,ESP,Spain,S1,Total economy,S1,Total economy,B2A3G,"Operating surplus and mixed income, gross",_Z,Not applicable,_T,Total - all activities,_Z,Not applicable,XDC,National currency,V,Current prices,N,Non transformed data,T0103,Table 0103 - GDP identity from the income side,2005,,394545,,,,F,Free (free for publication),1,One,A,Normal value,6,Millions,EUR,Euro
DATAFLOW,OECD.SDD.NAD:DSD_NAMAIN10@DF_TABLE1_INCOME(2.0),Annual GDP and components - income approach,I,A,Annual,EA20,Euro area (20 countries),S1,Total economy,S1,Total economy,B2A3G,"Operating surplus and mixed income, gross",_Z,Not applicable,_T,Total - all activities,_Z,Not applicable,XDC,National currency,V,Current prices,N,Non transformed data,T0103,Table 0103 - GDP identity from the income side,2005,,3568895.765,,,,F,Free (free for publication),1,One,A,Normal value,6,Millions,EUR,Euro
DATAFLOW,OECD.SDD.NAD:DSD_NAMAIN10@DF_TABLE1_INCOME(2.0),Annual GDP and components - income approach,I,A,Annual,HRV,Croatia,S1,Total economy,S1,Total economy,B2A3G,"Operating surplus and mixed income, gross",_Z,Not applicable,_T,Total - all activities,_Z,Not applicable,XDC,National currency,V,Current prices,N,Non transformed data,T0103,Table 0103 - GDP identity from the income side,2005,,13118.427,,,,F,Free (free for publication),1,One,A,Normal value,6,Millions,EUR,Euro
DATAFLOW,OECD.SDD.NAD:DSD_NAMAIN10@DF_TABLE1_INCOME(2.0),Annual GDP and components - income approach,I,A,Annual,CYP,Cyprus,S1,Total economy,S1,Total economy,B2A3G,"Operating surplus and mixed income, gross",_Z,Not applicable,_T,Total - all activities,_Z,Not applicable,XDC,National currency,V,Current prices,N,Non transformed data,T0103,Table 0103 - GDP identity from the income side,2005,,6292.636,,,,F,Free (free for publication),1,One,A,Normal value,6,Millions,EUR,Euro
DATAFLOW,OECD.SDD.NAD:DSD_NAMAIN10@DF_TABLE1_INCOME(2.0),Annual GDP and components - income approach,I,A,Annual,AUT,Austria,S1,Total economy,S1,Total economy,B2A3G,"Operating surplus and mixed income, gross",_Z,Not applicable,_T,Total - all activities,_Z,Not applicable,XDC,National currency,V,Current prices,N,Non transformed data,T0103,Table 0103 - GDP identity from the income side,2006,,111690.633,,,,F,Free (free for publication),1,One,A,Normal value,6,Millions,EUR,Euro
DATAFLOW,OECD.SDD.NAD:DSD_NAMAIN10@DF_TABLE1_INCOME(2.0),Annual GDP and components - income approach,I,A,Annual,BEL,Belgium,S1,Total economy,S1,Total economy,B2A3G,"Operating surplus and mixed income, gross",_Z,Not applicable,_T,Total - all activities,_Z,Not applicable,XDC,National currency,V,Current prices,N,Non transformed data,T0103,Table 0103 - GDP identity from the income side,2006,,129199.6,,,,F,Free (free for publication),1,One,A,Normal value,6,Millions,EUR,Euro
DATAFLOW,OECD.SDD.NAD:DSD_NAMAIN10@DF_TABLE1_INCOME(2.0),Annual GDP and components - income approach,I,A,Annual,EST,Estonia,S1,Total economy,S1,Total economy,B2A3G,"Operating surplus and mixed income, gross",_Z,Not applicable,_T,Total - all activities,_Z,Not applicable,XDC,National currency,V,Current prices,N,Non transformed data,T0103,Table 0103 - GDP identity from the income side,2006,,6028.72,,,,F,Free (free for publication),1,One,A,Normal value,6,Millions,EUR,Euro
DATAFLOW,OECD.SDD.NAD:DSD_NAMAIN10@DF_TABLE1_INCOME(2.0),Annual GDP and components - income approach,I,A,Annual,FIN,Finland,S1,Total economy,S1,Total economy,B2A3G,"Operating surplus and mixed income, gross",_Z,Not applicable,_T,Total - all activities,_Z,Not applicable,XDC,National currency,V,Current prices,N,Non transformed data,T0103,Table 0103 - GDP identity from the income side,2006,,71571,,,,F,Free (free for publication),1,One,A,Normal value,6,Millions,EUR,Euro
DATAFLOW,OECD.SDD.NAD:DSD_NAMAIN10@DF_TABLE1_INCOME(2.0),Annual GDP and components - income approach,I,A,Annual,FRA,France,S1,Total economy,S1,Total economy,B2A3G,"Operating surplus and mixed income, gross",_Z,Not applicable,_T,Total - all activities,_Z,Not applicable,XDC,National currency,V,Current prices,N,Non transformed data,T0103,Table 0103 - GDP identity from the income side,2006,,660339.6,,,,F,Free (free for publication),1,One,A,Normal value,6,Millions,EUR,Euro
DATAFLOW,OECD.SDD.NAD:DSD_NAMAIN10@DF_TABLE1_INCOME(2.0),Annual GDP and components - income approach,I,A,Annual,DEU,Germany,S1,Total economy,S1,Total economy,B2A3G,"Operating surplus and mixed income, gross",_Z,Not applicable,_T,Total - all activities,_Z,Not applicable,XDC,National currency,V,Current prices,N,Non transformed data,T0103,Table 0103 - GDP identity from the income side,2006,,1013066,,,,F,Free (free for publication),1,One,A,Normal value,6,Millions,EUR,Euro
DATAFLOW,OECD.SDD.NAD:DSD_NAMAIN10@DF_TABLE1_INCOME(2.0),Annual GDP and components - income approach,I,A,Annual,GRC,Greece,S1,Total economy,S1,Total economy,B2A3G,"Operating surplus and mixed income, gross",_Z,Not applicable,_T,Total - all activities,_Z,Not applicable,XDC,National currency,V,Current prices,N,Non transformed data,T0103,Table 0103 - GDP identity from the income side,2006,,118406.469,,,,F,Free (free for publication),1,One,A,Normal value,6,Millions,EUR,Euro
DATAFLOW,OECD.SDD.NAD:DSD_NAMAIN10@DF_TABLE1_INCOME(2.0),Annual GDP and components - income approach,I,A,Annual,IRL,Ireland,S1,Total economy,S1,Total economy,B2A3G,"Operating surplus and mixed income, gross",_Z,Not applicable,_T,Total - all activities,_Z,Not applicable,XDC,National currency,V,Current prices,N,Non transformed data,T0103,Table 0103 - GDP identity from the income side,2006,,90213.079,,,,F,Free (free for publication),1,One,A,Normal value,6,Millions,EUR,Euro
DATAFLOW,OECD.SDD.NAD:DSD_NAMAIN10@DF_TABLE1_INCOME(2.0),Annual GDP and components - income approach,I,A,Annual,ITA,Italy,S1,Total economy,S1,Total economy,B2A3G,"Operating surplus and mixed income, gross",_Z,Not applicable,_T,Total - all activities,_Z,Not applicable,XDC,National currency,V,Current prices,N,Non transformed data,T0103,Table 0103 - GDP identity from the income side,2006,,763565.9,,,,F,Free (free for publication),1,One,A,Normal value,6,Millions,EUR,Euro
DATAFLOW,OECD.SDD.NAD:DSD_NAMAIN10@DF_TABLE1_INCOME(2.0),Annual GDP and components - income approach,I,A,Annual,LTU,Lithuania,S1,Total economy,S1,Total economy,B2A3G,"Operating surplus and mixed income, gross",_Z,Not applicable,_T,Total - all activities,_Z,Not applicable,XDC,National currency,V,Current prices,N,Non transformed data,T0103,Table 0103 - GDP identity from the income side,2006,,11426.763,,,,F,Free (free for publication),1,One,A,Normal value,6,Millions,EUR,Euro
DATAFLOW,OECD.SDD.NAD:DSD_NAMAIN10@DF_TABLE1_INCOME(2.0),Annual GDP and components - income approach,I,A,Annual,ESP,Spain,S1,Total economy,S1,Total economy,B2A3G,"Operating surplus and mixed income, gross",_Z,Not applicable,_T,Total - all activities,_Z,Not applicable,XDC,National currency,V,Current prices,N,Non transformed data,T0103,Table 0103 - GDP identity from the income side,2006,,425106,,,,F,Free (free for publication),1,One,A,Normal value,6,Millions,EUR,Euro
DATAFLOW,OECD.SDD.NAD:DSD_NAMAIN10@DF_TABLE1_INCOME(2.0),Annual GDP and components - income approach,I,A,Annual,EA20,Euro area (20 countries),S1,Total economy,S1,Total economy,B2A3G,"Operating surplus and mixed income, gross",_Z,Not applicable,_T,Total - all activities,_Z,Not applicable,XDC,National currency,V,Current prices,N,Non transformed data,T0103,Table 0103 - GDP identity from the income side,2006,,3797767.676,,,,F,Free (free for publication),1,One,A,Normal value,6,Millions,EUR,Euro
DATAFLOW,OECD.SDD.NAD:DSD_NAMAIN10@DF_TABLE1_INCOME(2.0),Annual GDP and components - income approach,I,A,Annual,CYP,Cyprus,S1,Total economy,S1,Total economy,B2A3G,"Operating surplus and mixed income, gross",_Z,Not applicable,_T,Total - all activities,_Z,Not applicable,XDC,National currency,V,Current prices,N,Non transformed data,T0103,Table 0103 - GDP identity from the income side,2006,,6650.417,,,,F,Free (free for publication),1,One,A,Normal value,6,Millions,EUR,Euro
DATAFLOW,OECD.SDD.NAD:DSD_NAMAIN10@DF_TABLE1_INCOME(2.0),Annual GDP and components - income approach,I,A,Annual,AUT,Austria,S1,Total economy,S1,Total economy,B2A3G,"Operating surplus and mixed income, gross",_Z,Not applicable,_T,Total - all activities,_Z,Not applicable,XDC,National currency,V,Current prices,N,Non transformed data,T0103,Table 0103 - GDP identity from the income side,2007,,119571.221,,,,F,Free (free for publication),1,One,A,Normal value,6,Millions,EUR,Euro
DATAFLOW,OECD.SDD.NAD:DSD_NAMAIN10@DF_TABLE1_INCOME(2.0),Annual GDP and components - income approach,I,A,Annual,BEL,Belgium,S1,Total economy,S1,Total economy,B2A3G,"Operating surplus and mixed income, gross",_Z,Not applicable,_T,Total - all activities,_Z,Not applicable,XDC,National currency,V,Current prices,N,Non transformed data,T0103,Table 0103 - GDP identity from the income side,2007,,138076.7,,,,F,Free (free for publication),1,One,A,Normal value,6,Millions,EUR,Euro
DATAFLOW,OECD.SDD.NAD:DSD_NAMAIN10@DF_TABLE1_INCOME(2.0),Annual GDP and components - income approach,I,A,Annual,EST,Estonia,S1,Total economy,S1,Total economy,B2A3G,"Operating surplus and mixed income, gross",_Z,Not applicable,_T,Total - all activities,_Z,Not applicable,XDC,National currency,V,Current prices,N,Non transformed data,T0103,Table 0103 - GDP identity from the income side,2007,,7080.519,,,,F,Free (free for publication),1,One,A,Normal value,6,Millions,EUR,Euro
DATAFLOW,OECD.SDD.NAD:DSD_NAMAIN10@DF_TABLE1_INCOME(2.0),Annual GDP and components - income approach,I,A,Annual,FIN,Finland,S1,Total economy,S1,Total economy,B2A3G,"Operating surplus and mixed income, gross",_Z,Not applicable,_T,Total - all activities,_Z,Not applicable,XDC,National currency,V,Current prices,N,Non transformed data,T0103,Table 0103 - GDP identity from the income side,2007,,80457,,,,F,Free (free for publication),1,One,A,Normal value,6,Millions,EUR,Euro
DATAFLOW,OECD.SDD.NAD:DSD_NAMAIN10@DF_TABLE1_INCOME(2.0),Annual GDP and components - income approach,I,A,Annual,FRA,France,S1,Total economy,S1,Total economy,B2A3G,"Operating surplus and mixed income, gross",_Z,Not applicable,_T,Total - all activities,_Z,Not applicable,XDC,National currency,V,Current prices,N,Non transformed data,T0103,Table 0103 - GDP identity from the income side,2007,,707669.7,,,,F,Free (free for publication),1,One,A,Normal value,6,Millions,EUR,Euro
DATAFLOW,OECD.SDD.NAD:DSD_NAMAIN10@DF_TABLE1_INCOME(2.0),Annual GDP and components - income approach,I,A,Annual,DEU,Germany,S1,Total economy,S1,Total economy,B2A3G,"Operating surplus and mixed income, gross",_Z,Not applicable,_T,Total - all activities,_Z,Not applicable,XDC,National currency,V,Current prices,N,Non transformed data,T0103,Table 0103 - GDP identity from the income side,2007,,1069210,,,,F,Free (free for publication),1,One,A,Normal value,6,Millions,EUR,Euro
DATAFLOW,OECD.SDD.NAD:DSD_NAMAIN10@DF_TABLE1_INCOME(2.0),Annual GDP and components - income approach,I,A,Annual,GRC,Greece,S1,Total economy,S1,Total economy,B2A3G,"Operating surplus and mixed income, gross",_Z,Not applicable,_T,Total - all activities,_Z,Not applicable,XDC,National currency,V,Current prices,N,Non transformed data,T0103,Table 0103 - GDP identity from the income side,2007,,125828.217,,,,F,Free (free for publication),1,One,A,Normal value,6,Millions,EUR,Euro
DATAFLOW,OECD.SDD.NAD:DSD_NAMAIN10@DF_TABLE1_INCOME(2.0),Annual GDP and components - income approach,I,A,Annual,IRL,Ireland,S1,Total economy,S1,Total economy,B2A3G,"Operating surplus and mixed income, gross",_Z,Not applicable,_T,Total - all activities,_Z,Not applicable,XDC,National currency,V,Current prices,N,Non transformed data,T0103,Table 0103 - GDP identity from the income side,2007,,95550.353,,,,F,Free (free for publication),1,One,A,Normal value,6,Millions,EUR,Euro
DATAFLOW,OECD.SDD.NAD:DSD_NAMAIN10@DF_TABLE1_INCOME(2.0),Annual GDP and components - income approach,I,A,Annual,ITA,Italy,S1,Total economy,S1,Total economy,B2A3G,"Operating surplus and mixed income, gross",_Z,Not applicable,_T,Total - all activities,_Z,Not applicable,XDC,National currency,V,Current prices,N,Non transformed data,T0103,Table 0103 - GDP identity from the income side,2007,,794820.1,,,,F,Free (free for publication),1,One,A,Normal value,6,Millions,EUR,Euro
DATAFLOW,OECD.SDD.NAD:DSD_NAMAIN10@DF_TABLE1_INCOME(2.0),Annual GDP and components - income approach,I,A,Annual,LTU,Lithuania,S1,Total economy,S1,Total economy,B2A3G,"Operating surplus and mixed income, gross",_Z,Not applicable,_T,Total - all activities,_Z,Not applicable,XDC,National currency,V,Current prices,N,Non transformed data,T0103,Table 0103 - GDP identity from the income side,2007,,13784.821,,,,F,Free (free for publication),1,One,A,Normal value,6,Millions,EUR,Euro
DATAFLOW,OECD.SDD.NAD:DSD_NAMAIN10@DF_TABLE1_INCOME(2.0),Annual GDP and components - income approach,I,A,Annual,ESP,Spain,S1,Total economy,S1,Total economy,B2A3G,"Operating surplus and mixed income, gross",_Z,Not applicable,_T,Total - all activities,_Z,Not applicable,XDC,National currency,V,Current prices,N,Non transformed data,T0103,Table 0103 - GDP identity from the income side,2007,,462068,,,,F,Free (free for publication),1,One,A,Normal value,6,Millions,EUR,Euro
DATAFLOW,OECD.SDD.NAD:DSD_NAMAIN10@DF_TABLE1_INCOME(2.0),Annual GDP and components - income approach,I,A,Annual,CYP,Cyprus,S1,Total economy,S1,Total economy,B2A3G,"Operating surplus and mixed income, gross",_Z,Not applicable,_T,Total - all activities,_Z,Not applicable,XDC,National currency,V,Current prices,N,Non transformed data,T0103,Table 0103 - GDP identity from the income side,2007,,6945.867,,,,F,Free (free for publication),1,One,A,Normal value,6,Millions,EUR,Euro
DATAFLOW,OECD.SDD.NAD:DSD_NAMAIN10@DF_TABLE1_INCOME(2.0),Annual GDP and components - income approach,I,A,Annual,AUT,Austria,S1,Total economy,S1,Total economy,B2A3G,"Operating surplus and mixed income, gross",_Z,Not applicable,_T,Total - all activities,_Z,Not applicable,XDC,National currency,V,Current prices,N,Non transformed data,T0103,Table 0103 - GDP identity from the income side,2008,,120714.202,,,,F,Free (free for publication),1,One,A,Normal value,6,Millions,EUR,Euro
DATAFLOW,OECD.SDD.NAD:DSD_NAMAIN10@DF_TABLE1_INCOME(2.0),Annual GDP and components - income approach,I,A,Annual,EST,Estonia,S1,Total economy,S1,Total economy,B2A3G,"Operating surplus and mixed income, gross",_Z,Not applicable,_T,Total - all activities,_Z,Not applicable,XDC,National currency,V,Current prices,N,Non transformed data,T0103,Table 0103 - GDP identity from the income side,2008,,6650.4,,,,F,Free (free for publication),1,One,A,Normal value,6,Millions,EUR,Euro
DATAFLOW,OECD.SDD.NAD:DSD_NAMAIN10@DF_TABLE1_INCOME(2.0),Annual GDP and components - income approach,I,A,Annual,FIN,Finland,S1,Total economy,S1,Total economy,B2A3G,"Operating surplus and mixed income, gross",_Z,Not applicable,_T,Total - all activities,_Z,Not applicable,XDC,National currency,V,Current prices,N,Non transformed data,T0103,Table 0103 - GDP identity from the income side,2008,,81714,,,,F,Free (free for publication),1,One,A,Normal value,6,Millions,EUR,Euro
DATAFLOW,OECD.SDD.NAD:DSD_NAMAIN10@DF_TABLE1_INCOME(2.0),Annual GDP and components - income approach,I,A,Annual,FRA,France,S1,Total economy,S1,Total economy,B2A3G,"Operating surplus and mixed income, gross",_Z,Not applicable,_T,Total - all activities,_Z,Not applicable,XDC,National currency,V,Current prices,N,Non transformed data,T0103,Table 0103 - GDP identity from the income side,2008,,727831.8,,,,F,Free (free for publication),1,One,A,Normal value,6,Millions,EUR,Euro
DATAFLOW,OECD.SDD.NAD:DSD_NAMAIN10@DF_TABLE1_INCOME(2.0),Annual GDP and components - income approach,I,A,Annual,GRC,Greece,S1,Total economy,S1,Total economy,B2A3G,"Operating surplus and mixed income, gross",_Z,Not applicable,_T,Total - all activities,_Z,Not applicable,XDC,National currency,V,Current prices,N,Non transformed data,T0103,Table 0103 - GDP identity from the income side,2008,,129811.882,,,,F,Free (free for publication),1,One,A,Normal value,6,Millions,EUR,Euro
DATAFLOW,OECD.SDD.NAD:DSD_NAMAIN10@DF_TABLE1_INCOME(2.0),Annual GDP and components - income approach,I,A,Annual,ITA,Italy,S1,Total economy,S1,Total economy,B2A3G,"Operating surplus and mixed income, gross",_Z,Not applicable,_T,Total - all activities,_Z,Not applicable,XDC,National currency,V,Current prices,N,Non transformed data,T0103,Table 0103 - GDP identity from the income side,2008,,805411,,,,F,Free (free for publication),1,One,A,Normal value,6,Millions,EUR,Euro
DATAFLOW,OECD.SDD.NAD:DSD_NAMAIN10@DF_TABLE1_INCOME(2.0),Annual GDP and components - income approach,I,A,Annual,LTU,Lithuania,S1,Total economy,S1,Total economy,B2A3G,"Operating surplus and mixed income, gross",_Z,Not applicable,_T,Total - all activities,_Z,Not applicable,XDC,National currency,V,Current prices,N,Non transformed data,T0103,Table 0103 - GDP identity from the income side,2008,,14954.752,,,,F,Free (free for publication),1,One,A,Normal value,6,Millions,EUR,Euro
DATAFLOW,OECD.SDD.NAD:DSD_NAMAIN10@DF_TABLE1_INCOME(2.0),Annual GDP and components - income approach,I,A,Annual,ESP,Spain,S1,Total economy,S1,Total economy,B2A3G,"Operating surplus and mixed income, gross",_Z,Not applicable,_T,Total - all activities,_Z,Not applicable,XDC,National currency,V,Current prices,N,Non transformed data,T0103,Table 0103 - GDP identity from the income side,2008,,479591,,,,F,Free (free for publication),1,One,A,Normal value,6,Millions,EUR,Euro
DATAFLOW,OECD.SDD.NAD:DSD_NAMAIN10@DF_TABLE1_INCOME(2.0),Annual GDP and components - income approach,I,A,Annual,CYP,Cyprus,S1,Total economy,S1,Total economy,B2A3G,"Operating surplus and mixed income, gross",_Z,Not applicable,_T,Total - all activities,_Z,Not applicable,XDC,National currency,V,Current prices,N,Non transformed data,T0103,Table 0103 - GDP identity from the income side,2008,,7581.393,,,,F,Free (free for publication),1,One,A,Normal value,6,Millions,EUR,Euro
DATAFLOW,OECD.SDD.NAD:DSD_NAMAIN10@DF_TABLE1_INCOME(2.0),Annual GDP and components - income approach,I,A,Annual,AUT,Austria,S1,Total economy,S1,Total economy,B2A3G,"Operating surplus and mixed income, gross",_Z,Not applicable,_T,Total - all activities,_Z,Not applicable,XDC,National currency,V,Current prices,N,Non transformed data,T0103,Table 0103 - GDP identity from the income side,2009,,114229.764,,,,F,Free (free for publication),1,One,A,Normal value,6,Millions,EUR,Euro
DATAFLOW,OECD.SDD.NAD:DSD_NAMAIN10@DF_TABLE1_INCOME(2.0),Annual GDP and components - income approach,I,A,Annual,EST,Estonia,S1,Total economy,S1,Total economy,B2A3G,"Operating surplus and mixed income, gross",_Z,Not applicable,_T,Total - all activities,_Z,Not applicable,XDC,National currency,V,Current prices,N,Non transformed data,T0103,Table 0103 - GDP identity from the income side,2009,,5259.132,,,,F,Free (free for publication),1,One,A,Normal value,6,Millions,EUR,Euro
DATAFLOW,OECD.SDD.NAD:DSD_NAMAIN10@DF_TABLE1_INCOME(2.0),Annual GDP and components - income approach,I,A,Annual,FIN,Finland,S1,Total economy,S1,Total economy,B2A3G,"Operating surplus and mixed income, gross",_Z,Not applicable,_T,Total - all activities,_Z,Not applicable,XDC,National currency,V,Current prices,N,Non transformed data,T0103,Table 0103 - GDP identity from the income side,2009,,71005,,,,F,Free (free for publication),1,One,A,Normal value,6,Millions,EUR,Euro
DATAFLOW,OECD.SDD.NAD:DSD_NAMAIN10@DF_TABLE1_INCOME(2.0),Annual GDP and components - income approach,I,A,Annual,FRA,France,S1,Total economy,S1,Total economy,B2A3G,"Operating surplus and mixed income, gross",_Z,Not applicable,_T,Total - all activities,_Z,Not applicable,XDC,National currency,V,Current prices,N,Non transformed data,T0103,Table 0103 - GDP identity from the income side,2009,,678801.3,,,,F,Free (free for publication),1,One,A,Normal value,6,Millions,EUR,Euro
DATAFLOW,OECD.SDD.NAD:DSD_NAMAIN10@DF_TABLE1_INCOME(2.0),Annual GDP and components - income approach,I,A,Annual,GRC,Greece,S1,Total economy,S1,Total economy,B2A3G,"Operating surplus and mixed income, gross",_Z,Not applicable,_T,Total - all activities,_Z,Not applicable,XDC,National currency,V,Current prices,N,Non transformed data,T0103,Table 0103 - GDP identity from the income side,2009,,126498.628,,,,F,Free (free for publication),1,One,A,Normal value,6,Millions,EUR,Euro
DATAFLOW,OECD.SDD.NAD:DSD_NAMAIN10@DF_TABLE1_INCOME(2.0),Annual GDP and components - income approach,I,A,Annual,IRL,Ireland,S1,Total economy,S1,Total economy,B2A3G,"Operating surplus and mixed income, gross",_Z,Not applicable,_T,Total - all activities,_Z,Not applicable,XDC,National currency,V,Current prices,N,Non transformed data,T0103,Table 0103 - GDP identity from the income side,2009,,78219.776,,,,F,Free (free for publication),1,One,A,Normal value,6,Millions,EUR,Euro
DATAFLOW,OECD.SDD.NAD:DSD_NAMAIN10@DF_TABLE1_INCOME(2.0),Annual GDP and components - income approach,I,A,Annual,ITA,Italy,S1,Total economy,S1,Total economy,B2A3G,"Operating surplus and mixed income, gross",_Z,Not applicable,_T,Total - all activities,_Z,Not applicable,XDC,National currency,V,Current prices,N,Non transformed data,T0103,Table 0103 - GDP identity from the income side,2009,,764070.3,,,,F,Free (free for publication),1,One,A,Normal value,6,Millions,EUR,Euro
DATAFLOW,OECD.SDD.NAD:DSD_NAMAIN10@DF_TABLE1_INCOME(2.0),Annual GDP and components - income approach,I,A,Annual,LTU,Lithuania,S1,Total economy,S1,Total economy,B2A3G,"Operating surplus and mixed income, gross",_Z,Not applicable,_T,Total - all activities,_Z,Not applicable,XDC,National currency,V,Current prices,N,Non transformed data,T0103,Table 0103 - GDP identity from the income side,2009,,12361.791,,,,F,Free (free for publication),1,One,A,Normal value,6,Millions,EUR,Euro
DATAFLOW,OECD.SDD.NAD:DSD_NAMAIN10@DF_TABLE1_INCOME(2.0),Annual GDP and components - income approach,I,A,Annual,ESP,Spain,S1,Total economy,S1,Total economy,B2A3G,"Operating surplus and mixed income, gross",_Z,Not applicable,_T,Total - all activities,_Z,Not applicable,XDC,National currency,V,Current prices,N,Non transformed data,T0103,Table 0103 - GDP identity from the income side,2009,,472637,,,,F,Free (free for publication),1,One,A,Normal value,6,Millions,EUR,Euro
DATAFLOW,OECD.SDD.NAD:DSD_NAMAIN10@DF_TABLE1_INCOME(2.0),Annual GDP and components - income approach,I,A,Annual,CYP,Cyprus,S1,Total economy,S1,Total economy,B2A3G,"Operating surplus and mixed income, gross",_Z,Not applicable,_T,Total - all activities,_Z,Not applicable,XDC,National currency,V,Current prices,N,Non transformed data,T0103,Table 0103 - GDP identity from the income side,2009,,7164.281,,,,F,Free (free for publication),1,One,A,Normal value,6,Millions,EUR,Euro
DATAFLOW,OECD.SDD.NAD:DSD_NAMAIN10@DF_TABLE1_INCOME(2.0),Annual GDP and components - income approach,I,A,Annual,AUT,Austria,S1,Total economy,S1,Total economy,B2A3G,"Operating surplus and mixed income, gross",_Z,Not applicable,_T,Total - all activities,_Z,Not applicable,XDC,National currency,V,Current prices,N,Non transformed data,T0103,Table 0103 - GDP identity from the income side,2010,,117887.003,,,,F,Free (free for publication),1,One,A,Normal value,6,Millions,EUR,Euro
DATAFLOW,OECD.SDD.NAD:DSD_NAMAIN10@DF_TABLE1_INCOME(2.0),Annual GDP and components - income approach,I,A,Annual,EST,Estonia,S1,Total economy,S1,Total economy,B2A3G,"Operating surplus and mixed income, gross",_Z,Not applicable,_T,Total - all activities,_Z,Not applicable,XDC,National currency,V,Current prices,N,Non transformed data,T0103,Table 0103 - GDP identity from the income side,2010,,6143.557,,,,F,Free (free for publication),1,One,A,Normal value,6,Millions,EUR,Euro
DATAFLOW,OECD.SDD.NAD:DSD_NAMAIN10@DF_TABLE1_INCOME(2.0),Annual GDP and components - income approach,I,A,Annual,FIN,Finland,S1,Total economy,S1,Total economy,B2A3G,"Operating surplus and mixed income, gross",_Z,Not applicable,_T,Total - all activities,_Z,Not applicable,XDC,National currency,V,Current prices,N,Non transformed data,T0103,Table 0103 - GDP identity from the income side,2010,,73437,,,,F,Free (free for publication),1,One,A,Normal value,6,Millions,EUR,Euro
DATAFLOW,OECD.SDD.NAD:DSD_NAMAIN10@DF_TABLE1_INCOME(2.0),Annual GDP and components - income approach,I,A,Annual,FRA,France,S1,Total economy,S1,Total economy,B2A3G,"Operating surplus and mixed income, gross",_Z,Not applicable,_T,Total - all activities,_Z,Not applicable,XDC,National currency,V,Current prices,N,Non transformed data,T0103,Table 0103 - GDP identity from the income side,2010,,710422.8,,,,F,Free (free for publication),1,One,A,Normal value,6,Millions,EUR,Euro
DATAFLOW,OECD.SDD.NAD:DSD_NAMAIN10@DF_TABLE1_INCOME(2.0),Annual GDP and components - income approach,I,A,Annual,GRC,Greece,S1,Total economy,S1,Total economy,B2A3G,"Operating surplus and mixed income, gross",_Z,Not applicable,_T,Total - all activities,_Z,Not applicable,XDC,National currency,V,Current prices,N,Non transformed data,T0103,Table 0103 - GDP identity from the income side,2010,,117292.937,,,,F,Free (free for publication),1,One,A,Normal value,6,Millions,EUR,Euro
DATAFLOW,OECD.SDD.NAD:DSD_NAMAIN10@DF_TABLE1_INCOME(2.0),Annual GDP and components - income approach,I,A,Annual,IRL,Ireland,S1,Total economy,S1,Total economy,B2A3G,"Operating surplus and mixed income, gross",_Z,Not applicable,_T,Total - all activities,_Z,Not applicable,XDC,National currency,V,Current prices,N,Non transformed data,T0103,Table 0103 - GDP identity from the income side,2010,,82893.208,,,,F,Free (free for publication),1,One,A,Normal value,6,Millions,EUR,Euro
DATAFLOW,OECD.SDD.NAD:DSD_NAMAIN10@DF_TABLE1_INCOME(2.0),Annual GDP and components - income approach,I,A,Annual,ITA,Italy,S1,Total economy,S1,Total economy,B2A3G,"Operating surplus and mixed income, gross",_Z,Not applicable,_T,Total - all activities,_Z,Not applicable,XDC,National currency,V,Current prices,N,Non transformed data,T0103,Table 0103 - GDP identity from the income side,2010,,777557.1,,,,F,Free (free for publication),1,One,A,Normal value,6,Millions,EUR,Euro
DATAFLOW,OECD.SDD.NAD:DSD_NAMAIN10@DF_TABLE1_INCOME(2.0),Annual GDP and components - income approach,I,A,Annual,LTU,Lithuania,S1,Total economy,S1,Total economy,B2A3G,"Operating surplus and mixed income, gross",_Z,Not applicable,_T,Total - all activities,_Z,Not applicable,XDC,National currency,V,Current prices,N,Non transformed data,T0103,Table 0103 - GDP identity from the income side,2010,,13398.202,,,,F,Free (free for publication),1,One,A,Normal value,6,Millions,EUR,Euro
DATAFLOW,OECD.SDD.NAD:DSD_NAMAIN10@DF_TABLE1_INCOME(2.0),Annual GDP and components - income approach,I,A,Annual,ESP,Spain,S1,Total economy,S1,Total economy,B2A3G,"Operating surplus and mixed income, gross",_Z,Not applicable,_T,Total - all activities,_Z,Not applicable,XDC,National currency,V,Current prices,N,Non transformed data,T0103,Table 0103 - GDP identity from the income side,2010,,459052,,,,F,Free (free for publication),1,One,A,Normal value,6,Millions,EUR,Euro
DATAFLOW,OECD.SDD.NAD:DSD_NAMAIN10@DF_TABLE1_INCOME(2.0),Annual GDP and components - income approach,I,A,Annual,CYP,Cyprus,S1,Total economy,S1,Total economy,B2A3G,"Operating surplus and mixed income, gross",_Z,Not applicable,_T,Total - all activities,_Z,Not applicable,XDC,National currency,V,Current prices,N,Non transformed data,T0103,Table 0103 - GDP identity from the income side,2010,,7528.79,,,,F,Free (free for publication),1,One,A,Normal value,6,Millions,EUR,Euro
DATAFLOW,OECD.SDD.NAD:DSD_NAMAIN10@DF_TABLE1_INCOME(2.0),Annual GDP and components - income approach,I,A,Annual,AUT,Austria,S1,Total economy,S1,Total economy,B2A3G,"Operating surplus and mixed income, gross",_Z,Not applicable,_T,Total - all activities,_Z,Not applicable,XDC,National currency,V,Current prices,N,Non transformed data,T0103,Table 0103 - GDP identity from the income side,2011,,124080.591,,,,F,Free (free for publication),1,One,A,Normal value,6,Millions,EUR,Euro
DATAFLOW,OECD.SDD.NAD:DSD_NAMAIN10@DF_TABLE1_INCOME(2.0),Annual GDP and components - income approach,I,A,Annual,EST,Estonia,S1,Total economy,S1,Total economy,B2A3G,"Operating surplus and mixed income, gross",_Z,Not applicable,_T,Total - all activities,_Z,Not applicable,XDC,National currency,V,Current prices,N,Non transformed data,T0103,Table 0103 - GDP identity from the income side,2011,,7344.357,,,,F,Free (free for publication),1,One,A,Normal value,6,Millions,EUR,Euro
DATAFLOW,OECD.SDD.NAD:DSD_NAMAIN10@DF_TABLE1_INCOME(2.0),Annual GDP and components - income approach,I,A,Annual,FIN,Finland,S1,Total economy,S1,Total economy,B2A3G,"Operating surplus and mixed income, gross",_Z,Not applicable,_T,Total - all activities,_Z,Not applicable,XDC,National currency,V,Current prices,N,Non transformed data,T0103,Table 0103 - GDP identity from the income side,2011,,75504,,,,F,Free (free for publication),1,One,A,Normal value,6,Millions,EUR,Euro
DATAFLOW,OECD.SDD.NAD:DSD_NAMAIN10@DF_TABLE1_INCOME(2.0),Annual GDP and components - income approach,I,A,Annual,FRA,France,S1,Total economy,S1,Total economy,B2A3G,"Operating surplus and mixed income, gross",_Z,Not applicable,_T,Total - all activities,_Z,Not applicable,XDC,National currency,V,Current prices,N,Non transformed data,T0103,Table 0103 - GDP identity from the income side,2011,,725939.1,,,,F,Free (free for publication),1,One,A,Normal value,6,Millions,EUR,Euro
DATAFLOW,OECD.SDD.NAD:DSD_NAMAIN10@DF_TABLE1_INCOME(2.0),Annual GDP and components - income approach,I,A,Annual,GRC,Greece,S1,Total economy,S1,Total economy,B2A3G,"Operating surplus and mixed income, gross",_Z,Not applicable,_T,Total - all activities,_Z,Not applicable,XDC,National currency,V,Current prices,N,Non transformed data,T0103,Table 0103 - GDP identity from the income side,2011,,104722.833,,,,F,Free (free for publication),1,One,A,Normal value,6,Millions,EUR,Euro
DATAFLOW,OECD.SDD.NAD:DSD_NAMAIN10@DF_TABLE1_INCOME(2.0),Annual GDP and components - income approach,I,A,Annual,ITA,Italy,S1,Total economy,S1,Total economy,B2A3G,"Operating surplus and mixed income, gross",_Z,Not applicable,_T,Total - all activities,_Z,Not applicable,XDC,National currency,V,Current prices,N,Non transformed data,T0103,Table 0103 - GDP identity from the income side,2011,,801653,,,,F,Free (free for publication),1,One,A,Normal value,6,Millions,EUR,Euro
DATAFLOW,OECD.SDD.NAD:DSD_NAMAIN10@DF_TABLE1_INCOME(2.0),Annual GDP and components - income approach,I,A,Annual,LTU,Lithuania,S1,Total economy,S1,Total economy,B2A3G,"Operating surplus and mixed income, gross",_Z,Not applicable,_T,Total - all activities,_Z,Not applicable,XDC,National currency,V,Current prices,N,Non transformed data,T0103,Table 0103 - GDP identity from the income side,2011,,15658.409,,,,F,Free (free for publication),1,One,A,Normal value,6,Millions,EUR,Euro
DATAFLOW,OECD.SDD.NAD:DSD_NAMAIN10@DF_TABLE1_INCOME(2.0),Annual GDP and components - income approach,I,A,Annual,ESP,Spain,S1,Total economy,S1,Total economy,B2A3G,"Operating surplus and mixed income, gross",_Z,Not applicable,_T,Total - all activities,_Z,Not applicable,XDC,National currency,V,Current prices,N,Non transformed data,T0103,Table 0103 - GDP identity from the income side,2011,,466833,,,,F,Free (free for publication),1,One,A,Normal value,6,Millions,EUR,Euro
DATAFLOW,OECD.SDD.NAD:DSD_NAMAIN10@DF_TABLE1_INCOME(2.0),Annual GDP and components - income approach,I,A,Annual,CYP,Cyprus,S1,Total economy,S1,Total economy,B2A3G,"Operating surplus and mixed income, gross",_Z,Not applicable,_T,Total - all activities,_Z,Not applicable,XDC,National currency,V,Current prices,N,Non transformed data,T0103,Table 0103 - GDP identity from the income side,2011,,7733.428,,,,F,Free (free for publication),1,One,A,Normal value,6,Millions,EUR,Euro
DATAFLOW,OECD.SDD.NAD:DSD_NAMAIN10@DF_TABLE1_INCOME(2.0),Annual GDP and components - income approach,I,A,Annual,AUT,Austria,S1,Total economy,S1,Total economy,B2A3G,"Operating surplus and mixed income, gross",_Z,Not applicable,_T,Total - all activities,_Z,Not applicable,XDC,National currency,V,Current prices,N,Non transformed data,T0103,Table 0103 - GDP identity from the income side,2012,,125123.978,,,,F,Free (free for publication),1,One,A,Normal value,6,Millions,EUR,Euro
DATAFLOW,OECD.SDD.NAD:DSD_NAMAIN10@DF_TABLE1_INCOME(2.0),Annual GDP and components - income approach,I,A,Annual,EST,Estonia,S1,Total economy,S1,Total economy,B2A3G,"Operating surplus and mixed income, gross",_Z,Not applicable,_T,Total - all activities,_Z,Not applicable,XDC,National currency,V,Current prices,N,Non transformed data,T0103,Table 0103 - GDP identity from the income side,2012,,7939.181,,,,F,Free (free for publication),1,One,A,Normal value,6,Millions,EUR,Euro
DATAFLOW,OECD.SDD.NAD:DSD_NAMAIN10@DF_TABLE1_INCOME(2.0),Annual GDP and components - income approach,I,A,Annual,FIN,Finland,S1,Total economy,S1,Total economy,B2A3G,"Operating surplus and mixed income, gross",_Z,Not applicable,_T,Total - all activities,_Z,Not applicable,XDC,National currency,V,Current prices,N,Non transformed data,T0103,Table 0103 - GDP identity from the income side,2012,,74046,,,,F,Free (free for publication),1,One,A,Normal value,6,Millions,EUR,Euro
DATAFLOW,OECD.SDD.NAD:DSD_NAMAIN10@DF_TABLE1_INCOME(2.0),Annual GDP and components - income approach,I,A,Annual,FRA,France,S1,Total economy,S1,Total economy,B2A3G,"Operating surplus and mixed income, gross",_Z,Not applicable,_T,Total - all activities,_Z,Not applicable,XDC,National currency,V,Current prices,N,Non transformed data,T0103,Table 0103 - GDP identity from the income side,2012,,719868,,,,F,Free (free for publication),1,One,A,Normal value,6,Millions,EUR,Euro
DATAFLOW,OECD.SDD.NAD:DSD_NAMAIN10@DF_TABLE1_INCOME(2.0),Annual GDP and components - income approach,I,A,Annual,GRC,Greece,S1,Total economy,S1,Total economy,B2A3G,"Operating surplus and mixed income, gross",_Z,Not applicable,_T,Total - all activities,_Z,Not applicable,XDC,National currency,V,Current prices,N,Non transformed data,T0103,Table 0103 - GDP identity from the income side,2012,,95343.417,,,,F,Free (free for publication),1,One,A,Normal value,6,Millions,EUR,Euro
DATAFLOW,OECD.SDD.NAD:DSD_NAMAIN10@DF_TABLE1_INCOME(2.0),Annual GDP and components - income approach,I,A,Annual,IRL,Ireland,S1,Total economy,S1,Total economy,B2A3G,"Operating surplus and mixed income, gross",_Z,Not applicable,_T,Total - all activities,_Z,Not applicable,XDC,National currency,V,Current prices,N,Non transformed data,T0103,Table 0103 - GDP identity from the income side,2012,,89436.538,,,,F,Free (free for publication),1,One,A,Normal value,6,Millions,EUR,Euro
DATAFLOW,OECD.SDD.NAD:DSD_NAMAIN10@DF_TABLE1_INCOME(2.0),Annual GDP and components - income approach,I,A,Annual,ITA,Italy,S1,Total economy,S1,Total economy,B2A3G,"Operating surplus and mixed income, gross",_Z,Not applicable,_T,Total - all activities,_Z,Not applicable,XDC,National currency,V,Current prices,N,Non transformed data,T0103,Table 0103 - GDP identity from the income side,2012,,773657.8,,,,F,Free (free for publication),1,One,A,Normal value,6,Millions,EUR,Euro
DATAFLOW,OECD.SDD.NAD:DSD_NAMAIN10@DF_TABLE1_INCOME(2.0),Annual GDP and components - income approach,I,A,Annual,LTU,Lithuania,S1,Total economy,S1,Total economy,B2A3G,"Operating surplus and mixed income, gross",_Z,Not applicable,_T,Total - all activities,_Z,Not applicable,XDC,National currency,V,Current prices,N,Non transformed data,T0103,Table 0103 - GDP identity from the income side,2012,,17016.509,,,,F,Free (free for publication),1,One,A,Normal value,6,Millions,EUR,Euro
DATAFLOW,OECD.SDD.NAD:DSD_NAMAIN10@DF_TABLE1_INCOME(2.0),Annual GDP and components - income approach,I,A,Annual,ESP,Spain,S1,Total economy,S1,Total economy,B2A3G,"Operating surplus and mixed income, gross",_Z,Not applicable,_T,Total - all activities,_Z,Not applicable,XDC,National currency,V,Current prices,N,Non transformed data,T0103,Table 0103 - GDP identity from the income side,2012,,460791,,,,F,Free (free for publication),1,One,A,Normal value,6,Millions,EUR,Euro
DATAFLOW,OECD.SDD.NAD:DSD_NAMAIN10@DF_TABLE1_INCOME(2.0),Annual GDP and components - income approach,I,A,Annual,CYP,Cyprus,S1,Total economy,S1,Total economy,B2A3G,"Operating surplus and mixed income, gross",_Z,Not applicable,_T,Total - all activities,_Z,Not applicable,XDC,National currency,V,Current prices,N,Non transformed data,T0103,Table 0103 - GDP identity from the income side,2012,,7525.118,,,,F,Free (free for publication),1,One,A,Normal value,6,Millions,EUR,Euro
DATAFLOW,OECD.SDD.NAD:DSD_NAMAIN10@DF_TABLE1_INCOME(2.0),Annual GDP and components - income approach,I,A,Annual,AUT,Austria,S1,Total economy,S1,Total economy,B2A3G,"Operating surplus and mixed income, gross",_Z,Not applicable,_T,Total - all activities,_Z,Not applicable,XDC,National currency,V,Current prices,N,Non transformed data,T0103,Table 0103 - GDP identity from the income side,2013,,124846.452,,,,F,Free (free for publication),1,One,A,Normal value,6,Millions,EUR,Euro
DATAFLOW,OECD.SDD.NAD:DSD_NAMAIN10@DF_TABLE1_INCOME(2.0),Annual GDP and components - income approach,I,A,Annual,EST,Estonia,S1,Total economy,S1,Total economy,B2A3G,"Operating surplus and mixed income, gross",_Z,Not applicable,_T,Total - all activities,_Z,Not applicable,XDC,National currency,V,Current prices,N,Non transformed data,T0103,Table 0103 - GDP identity from the income side,2013,,8393.203,,,,F,Free (free for publication),1,One,A,Normal value,6,Millions,EUR,Euro
DATAFLOW,OECD.SDD.NAD:DSD_NAMAIN10@DF_TABLE1_INCOME(2.0),Annual GDP and components - income approach,I,A,Annual,FIN,Finland,S1,Total economy,S1,Total economy,B2A3G,"Operating surplus and mixed income, gross",_Z,Not applicable,_T,Total - all activities,_Z,Not applicable,XDC,National currency,V,Current prices,N,Non transformed data,T0103,Table 0103 - GDP identity from the income side,2013,,75046,,,,F,Free (free for publication),1,One,A,Normal value,6,Millions,EUR,Euro
DATAFLOW,OECD.SDD.NAD:DSD_NAMAIN10@DF_TABLE1_INCOME(2.0),Annual GDP and components - income approach,I,A,Annual,FRA,France,S1,Total economy,S1,Total economy,B2A3G,"Operating surplus and mixed income, gross",_Z,Not applicable,_T,Total - all activities,_Z,Not applicable,XDC,National currency,V,Current prices,N,Non transformed data,T0103,Table 0103 - GDP identity from the income side,2013,,734922.1,,,,F,Free (free for publication),1,One,A,Normal value,6,Millions,EUR,Euro
DATAFLOW,OECD.SDD.NAD:DSD_NAMAIN10@DF_TABLE1_INCOME(2.0),Annual GDP and components - income approach,I,A,Annual,GRC,Greece,S1,Total economy,S1,Total economy,B2A3G,"Operating surplus and mixed income, gross",_Z,Not applicable,_T,Total - all activities,_Z,Not applicable,XDC,National currency,V,Current prices,N,Non transformed data,T0103,Table 0103 - GDP identity from the income side,2013,,94219.262,,,,F,Free (free for publication),1,One,A,Normal value,6,Millions,EUR,Euro
DATAFLOW,OECD.SDD.NAD:DSD_NAMAIN10@DF_TABLE1_INCOME(2.0),Annual GDP and components - income approach,I,A,Annual,IRL,Ireland,S1,Total economy,S1,Total economy,B2A3G,"Operating surplus and mixed income, gross",_Z,Not applicable,_T,Total - all activities,_Z,Not applicable,XDC,National currency,V,Current prices,N,Non transformed data,T0103,Table 0103 - GDP identity from the income side,2013,,95591.167,,,,F,Free (free for publication),1,One,A,Normal value,6,Millions,EUR,Euro
DATAFLOW,OECD.SDD.NAD:DSD_NAMAIN10@DF_TABLE1_INCOME(2.0),Annual GDP and components - income approach,I,A,Annual,ITA,Italy,S1,Total economy,S1,Total economy,B2A3G,"Operating surplus and mixed income, gross",_Z,Not applicable,_T,Total - all activities,_Z,Not applicable,XDC,National currency,V,Current prices,N,Non transformed data,T0103,Table 0103 - GDP identity from the income side,2013,,775473,,,,F,Free (free for publication),1,One,A,Normal value,6,Millions,EUR,Euro
DATAFLOW,OECD.SDD.NAD:DSD_NAMAIN10@DF_TABLE1_INCOME(2.0),Annual GDP and components - income approach,I,A,Annual,LTU,Lithuania,S1,Total economy,S1,Total economy,B2A3G,"Operating surplus and mixed income, gross",_Z,Not applicable,_T,Total - all activities,_Z,Not applicable,XDC,National currency,V,Current prices,N,Non transformed data,T0103,Table 0103 - GDP identity from the income side,2013,,17808.475,,,,F,Free (free for publication),1,One,A,Normal value,6,Millions,EUR,Euro
DATAFLOW,OECD.SDD.NAD:DSD_NAMAIN10@DF_TABLE1_INCOME(2.0),Annual GDP and components - income approach,I,A,Annual,ESP,Spain,S1,Total economy,S1,Total economy,B2A3G,"Operating surplus and mixed income, gross",_Z,Not applicable,_T,Total - all activities,_Z,Not applicable,XDC,National currency,V,Current prices,N,Non transformed data,T0103,Table 0103 - GDP identity from the income side,2013,,457563,,,,F,Free (free for publication),1,One,A,Normal value,6,Millions,EUR,Euro
DATAFLOW,OECD.SDD.NAD:DSD_NAMAIN10@DF_TABLE1_INCOME(2.0),Annual GDP and components - income approach,I,A,Annual,CYP,Cyprus,S1,Total economy,S1,Total economy,B2A3G,"Operating surplus and mixed income, gross",_Z,Not applicable,_T,Total - all activities,_Z,Not applicable,XDC,National currency,V,Current prices,N,Non transformed data,T0103,Table 0103 - GDP identity from the income side,2013,,7359.716,,,,F,Free (free for publication),1,One,A,Normal value,6,Millions,EUR,Euro
DATAFLOW,OECD.SDD.NAD:DSD_NAMAIN10@DF_TABLE1_INCOME(2.0),Annual GDP and components - income approach,I,A,Annual,AUT,Austria,S1,Total economy,S1,Total economy,B2A3G,"Operating surplus and mixed income, gross",_Z,Not applicable,_T,Total - all activities,_Z,Not applicable,XDC,National currency,V,Current prices,N,Non transformed data,T0103,Table 0103 - GDP identity from the income side,2014,,128752.026,,,,F,Free (free for publication),1,One,A,Normal value,6,Millions,EUR,Euro
DATAFLOW,OECD.SDD.NAD:DSD_NAMAIN10@DF_TABLE1_INCOME(2.0),Annual GDP and components - income approach,I,A,Annual,EST,Estonia,S1,Total economy,S1,Total economy,B2A3G,"Operating surplus and mixed income, gross",_Z,Not applicable,_T,Total - all activities,_Z,Not applicable,XDC,National currency,V,Current prices,N,Non transformed data,T0103,Table 0103 - GDP identity from the income side,2014,,8681.887,,,,F,Free (free for publication),1,One,A,Normal value,6,Millions,EUR,Euro
DATAFLOW,OECD.SDD.NAD:DSD_NAMAIN10@DF_TABLE1_INCOME(2.0),Annual GDP and components - income approach,I,A,Annual,FIN,Finland,S1,Total economy,S1,Total economy,B2A3G,"Operating surplus and mixed income, gross",_Z,Not applicable,_T,Total - all activities,_Z,Not applicable,XDC,National currency,V,Current prices,N,Non transformed data,T0103,Table 0103 - GDP identity from the income side,2014,,76787,,,,F,Free (free for publication),1,One,A,Normal value,6,Millions,EUR,Euro
DATAFLOW,OECD.SDD.NAD:DSD_NAMAIN10@DF_TABLE1_INCOME(2.0),Annual GDP and components - income approach,I,A,Annual,FRA,France,S1,Total economy,S1,Total economy,B2A3G,"Operating surplus and mixed income, gross",_Z,Not applicable,_T,Total - all activities,_Z,Not applicable,XDC,National currency,V,Current prices,N,Non transformed data,T0103,Table 0103 - GDP identity from the income side,2014,,747795.8,,,,F,Free (free for publication),1,One,A,Normal value,6,Millions,EUR,Euro
DATAFLOW,OECD.SDD.NAD:DSD_NAMAIN10@DF_TABLE1_INCOME(2.0),Annual GDP and components - income approach,I,A,Annual,GRC,Greece,S1,Total economy,S1,Total economy,B2A3G,"Operating surplus and mixed income, gross",_Z,Not applicable,_T,Total - all activities,_Z,Not applicable,XDC,National currency,V,Current prices,N,Non transformed data,T0103,Table 0103 - GDP identity from the income side,2014,,89213.864,,,,F,Free (free for publication),1,One,A,Normal value,6,Millions,EUR,Euro
DATAFLOW,OECD.SDD.NAD:DSD_NAMAIN10@DF_TABLE1_INCOME(2.0),Annual GDP and components - income approach,I,A,Annual,IRL,Ireland,S1,Total economy,S1,Total economy,B2A3G,"Operating surplus and mixed income, gross",_Z,Not applicable,_T,Total - all activities,_Z,Not applicable,XDC,National currency,V,Current prices,N,Non transformed data,T0103,Table 0103 - GDP identity from the income side,2014,,109168.278,,,,F,Free (free for publication),1,One,A,Normal value,6,Millions,EUR,Euro
DATAFLOW,OECD.SDD.NAD:DSD_NAMAIN10@DF_TABLE1_INCOME(2.0),Annual GDP and components - income approach,I,A,Annual,ITA,Italy,S1,Total economy,S1,Total economy,B2A3G,"Operating surplus and mixed income, gross",_Z,Not applicable,_T,Total - all activities,_Z,Not applicable,XDC,National currency,V,Current prices,N,Non transformed data,T0103,Table 0103 - GDP identity from the income side,2014,,782009.8,,,,F,Free (free for publication),1,One,A,Normal value,6,Millions,EUR,Euro
DATAFLOW,OECD.SDD.NAD:DSD_NAMAIN10@DF_TABLE1_INCOME(2.0),Annual GDP and components - income approach,I,A,Annual,LTU,Lithuania,S1,Total economy,S1,Total economy,B2A3G,"Operating surplus and mixed income, gross",_Z,Not applicable,_T,Total - all activities,_Z,Not applicable,XDC,National currency,V,Current prices,N,Non transformed data,T0103,Table 0103 - GDP identity from the income side,2014,,18242.582,,,,F,Free (free for publication),1,One,A,Normal value,6,Millions,EUR,Euro
DATAFLOW,OECD.SDD.NAD:DSD_NAMAIN10@DF_TABLE1_INCOME(2.0),Annual GDP and components - income approach,I,A,Annual,ESP,Spain,S1,Total economy,S1,Total economy,B2A3G,"Operating surplus and mixed income, gross",_Z,Not applicable,_T,Total - all activities,_Z,Not applicable,XDC,National currency,V,Current prices,N,Non transformed data,T0103,Table 0103 - GDP identity from the income side,2014,,459281,,,,F,Free (free for publication),1,One,A,Normal value,6,Millions,EUR,Euro
DATAFLOW,OECD.SDD.NAD:DSD_NAMAIN10@DF_TABLE1_INCOME(2.0),Annual GDP and components - income approach,I,A,Annual,CYP,Cyprus,S1,Total economy,S1,Total economy,B2A3G,"Operating surplus and mixed income, gross",_Z,Not applicable,_T,Total - all activities,_Z,Not applicable,XDC,National currency,V,Current prices,N,Non transformed data,T0103,Table 0103 - GDP identity from the income side,2014,,7111.985,,,,F,Free (free for publication),1,One,A,Normal value,6,Millions,EUR,Euro
DATAFLOW,OECD.SDD.NAD:DSD_NAMAIN10@DF_TABLE1_INCOME(2.0),Annual GDP and components - income approach,I,A,Annual,AUT,Austria,S1,Total economy,S1,Total economy,B2A3G,"Operating surplus and mixed income, gross",_Z,Not applicable,_T,Total - all activities,_Z,Not applicable,XDC,National currency,V,Current prices,N,Non transformed data,T0103,Table 0103 - GDP identity from the income side,2015,,133494.666,,,,F,Free (free for publication),1,One,A,Normal value,6,Millions,EUR,Euro
DATAFLOW,OECD.SDD.NAD:DSD_NAMAIN10@DF_TABLE1_INCOME(2.0),Annual GDP and components - income approach,I,A,Annual,EST,Estonia,S1,Total economy,S1,Total economy,B2A3G,"Operating surplus and mixed income, gross",_Z,Not applicable,_T,Total - all activities,_Z,Not applicable,XDC,National currency,V,Current prices,N,Non transformed data,T0103,Table 0103 - GDP identity from the income side,2015,,8540.938,,,,F,Free (free for publication),1,One,A,Normal value,6,Millions,EUR,Euro
DATAFLOW,OECD.SDD.NAD:DSD_NAMAIN10@DF_TABLE1_INCOME(2.0),Annual GDP and components - income approach,I,A,Annual,FIN,Finland,S1,Total economy,S1,Total economy,B2A3G,"Operating surplus and mixed income, gross",_Z,Not applicable,_T,Total - all activities,_Z,Not applicable,XDC,National currency,V,Current prices,N,Non transformed data,T0103,Table 0103 - GDP identity from the income side,2015,,79685,,,,F,Free (free for publication),1,One,A,Normal value,6,Millions,EUR,Euro
DATAFLOW,OECD.SDD.NAD:DSD_NAMAIN10@DF_TABLE1_INCOME(2.0),Annual GDP and components - income approach,I,A,Annual,FRA,France,S1,Total economy,S1,Total economy,B2A3G,"Operating surplus and mixed income, gross",_Z,Not applicable,_T,Total - all activities,_Z,Not applicable,XDC,National currency,V,Current prices,N,Non transformed data,T0103,Table 0103 - GDP identity from the income side,2015,,769191.6,,,,F,Free (free for publication),1,One,A,Normal value,6,Millions,EUR,Euro
DATAFLOW,OECD.SDD.NAD:DSD_NAMAIN10@DF_TABLE1_INCOME(2.0),Annual GDP and components - income approach,I,A,Annual,GRC,Greece,S1,Total economy,S1,Total economy,B2A3G,"Operating surplus and mixed income, gross",_Z,Not applicable,_T,Total - all activities,_Z,Not applicable,XDC,National currency,V,Current prices,N,Non transformed data,T0103,Table 0103 - GDP identity from the income side,2015,,88691.872,,,,F,Free (free for publication),1,One,A,Normal value,6,Millions,EUR,Euro
DATAFLOW,OECD.SDD.NAD:DSD_NAMAIN10@DF_TABLE1_INCOME(2.0),Annual GDP and components - income approach,I,A,Annual,IRL,Ireland,S1,Total economy,S1,Total economy,B2A3G,"Operating surplus and mixed income, gross",_Z,Not applicable,_T,Total - all activities,_Z,Not applicable,XDC,National currency,V,Current prices,N,Non transformed data,T0103,Table 0103 - GDP identity from the income side,2015,,172997.342,,,,F,Free (free for publication),1,One,A,Normal value,6,Millions,EUR,Euro
DATAFLOW,OECD.SDD.NAD:DSD_NAMAIN10@DF_TABLE1_INCOME(2.0),Annual GDP and components - income approach,I,A,Annual,ITA,Italy,S1,Total economy,S1,Total economy,B2A3G,"Operating surplus and mixed income, gross",_Z,Not applicable,_T,Total - all activities,_Z,Not applicable,XDC,National currency,V,Current prices,N,Non transformed data,T0103,Table 0103 - GDP identity from the income side,2015,,792385.2,,,,F,Free (free for publication),1,One,A,Normal value,6,Millions,EUR,Euro
DATAFLOW,OECD.SDD.NAD:DSD_NAMAIN10@DF_TABLE1_INCOME(2.0),Annual GDP and components - income approach,I,A,Annual,LTU,Lithuania,S1,Total economy,S1,Total economy,B2A3G,"Operating surplus and mixed income, gross",_Z,Not applicable,_T,Total - all activities,_Z,Not applicable,XDC,National currency,V,Current prices,N,Non transformed data,T0103,Table 0103 - GDP identity from the income side,2015,,18028.278,,,,F,Free (free for publication),1,One,A,Normal value,6,Millions,EUR,Euro
DATAFLOW,OECD.SDD.NAD:DSD_NAMAIN10@DF_TABLE1_INCOME(2.0),Annual GDP and components - income approach,I,A,Annual,ESP,Spain,S1,Total economy,S1,Total economy,B2A3G,"Operating surplus and mixed income, gross",_Z,Not applicable,_T,Total - all activities,_Z,Not applicable,XDC,National currency,V,Current prices,N,Non transformed data,T0103,Table 0103 - GDP identity from the income side,2015,,477904,,,,F,Free (free for publication),1,One,A,Normal value,6,Millions,EUR,Euro
DATAFLOW,OECD.SDD.NAD:DSD_NAMAIN10@DF_TABLE1_INCOME(2.0),Annual GDP and components - income approach,I,A,Annual,CYP,Cyprus,S1,Total economy,S1,Total economy,B2A3G,"Operating surplus and mixed income, gross",_Z,Not applicable,_T,Total - all activities,_Z,Not applicable,XDC,National currency,V,Current prices,N,Non transformed data,T0103,Table 0103 - GDP identity from the income side,2015,,7513.852,,,,F,Free (free for publication),1,One,A,Normal value,6,Millions,EUR,Euro
DATAFLOW,OECD.SDD.NAD:DSD_NAMAIN10@DF_TABLE1_INCOME(2.0),Annual GDP and components - income approach,I,A,Annual,AUT,Austria,S1,Total economy,S1,Total economy,B2A3G,"Operating surplus and mixed income, gross",_Z,Not applicable,_T,Total - all activities,_Z,Not applicable,XDC,National currency,V,Current prices,N,Non transformed data,T0103,Table 0103 - GDP identity from the income side,2016,,139853.509,,,,F,Free (free for publication),1,One,A,Normal value,6,Millions,EUR,Euro
DATAFLOW,OECD.SDD.NAD:DSD_NAMAIN10@DF_TABLE1_INCOME(2.0),Annual GDP and components - income approach,I,A,Annual,EST,Estonia,S1,Total economy,S1,Total economy,B2A3G,"Operating surplus and mixed income, gross",_Z,Not applicable,_T,Total - all activities,_Z,Not applicable,XDC,National currency,V,Current prices,N,Non transformed data,T0103,Table 0103 - GDP identity from the income side,2016,,8849.824,,,,F,Free (free for publication),1,One,A,Normal value,6,Millions,EUR,Euro
DATAFLOW,OECD.SDD.NAD:DSD_NAMAIN10@DF_TABLE1_INCOME(2.0),Annual GDP and components - income approach,I,A,Annual,FIN,Finland,S1,Total economy,S1,Total economy,B2A3G,"Operating surplus and mixed income, gross",_Z,Not applicable,_T,Total - all activities,_Z,Not applicable,XDC,National currency,V,Current prices,N,Non transformed data,T0103,Table 0103 - GDP identity from the income side,2016,,81909,,,,F,Free (free for publication),1,One,A,Normal value,6,Millions,EUR,Euro
DATAFLOW,OECD.SDD.NAD:DSD_NAMAIN10@DF_TABLE1_INCOME(2.0),Annual GDP and components - income approach,I,A,Annual,FRA,France,S1,Total economy,S1,Total economy,B2A3G,"Operating surplus and mixed income, gross",_Z,Not applicable,_T,Total - all activities,_Z,Not applicable,XDC,National currency,V,Current prices,N,Non transformed data,T0103,Table 0103 - GDP identity from the income side,2016,,767959.6,,,,F,Free (free for publication),1,One,A,Normal value,6,Millions,EUR,Euro
DATAFLOW,OECD.SDD.NAD:DSD_NAMAIN10@DF_TABLE1_INCOME(2.0),Annual GDP and components - income approach,I,A,Annual,GRC,Greece,S1,Total economy,S1,Total economy,B2A3G,"Operating surplus and mixed income, gross",_Z,Not applicable,_T,Total - all activities,_Z,Not applicable,XDC,National currency,V,Current prices,N,Non transformed data,T0103,Table 0103 - GDP identity from the income side,2016,,84612.234,,,,F,Free (free for publication),1,One,A,Normal value,6,Millions,EUR,Euro
DATAFLOW,OECD.SDD.NAD:DSD_NAMAIN10@DF_TABLE1_INCOME(2.0),Annual GDP and components - income approach,I,A,Annual,ITA,Italy,S1,Total economy,S1,Total economy,B2A3G,"Operating surplus and mixed income, gross",_Z,Not applicable,_T,Total - all activities,_Z,Not applicable,XDC,National currency,V,Current prices,N,Non transformed data,T0103,Table 0103 - GDP identity from the income side,2016,,827592.2,,,,F,Free (free for publication),1,One,A,Normal value,6,Millions,EUR,Euro
DATAFLOW,OECD.SDD.NAD:DSD_NAMAIN10@DF_TABLE1_INCOME(2.0),Annual GDP and components - income approach,I,A,Annual,LTU,Lithuania,S1,Total economy,S1,Total economy,B2A3G,"Operating surplus and mixed income, gross",_Z,Not applicable,_T,Total - all activities,_Z,Not applicable,XDC,National currency,V,Current prices,N,Non transformed data,T0103,Table 0103 - GDP identity from the income side,2016,,17858.657,,,,F,Free (free for publication),1,One,A,Normal value,6,Millions,EUR,Euro
DATAFLOW,OECD.SDD.NAD:DSD_NAMAIN10@DF_TABLE1_INCOME(2.0),Annual GDP and components - income approach,I,A,Annual,ESP,Spain,S1,Total economy,S1,Total economy,B2A3G,"Operating surplus and mixed income, gross",_Z,Not applicable,_T,Total - all activities,_Z,Not applicable,XDC,National currency,V,Current prices,N,Non transformed data,T0103,Table 0103 - GDP identity from the income side,2016,,500166,,,,F,Free (free for publication),1,One,A,Normal value,6,Millions,EUR,Euro
DATAFLOW,OECD.SDD.NAD:DSD_NAMAIN10@DF_TABLE1_INCOME(2.0),Annual GDP and components - income approach,I,A,Annual,CYP,Cyprus,S1,Total economy,S1,Total economy,B2A3G,"Operating surplus and mixed income, gross",_Z,Not applicable,_T,Total - all activities,_Z,Not applicable,XDC,National currency,V,Current prices,N,Non transformed data,T0103,Table 0103 - GDP identity from the income side,2016,,8130.206,,,,F,Free (free for publication),1,One,A,Normal value,6,Millions,EUR,Euro
DATAFLOW,OECD.SDD.NAD:DSD_NAMAIN10@DF_TABLE1_INCOME(2.0),Annual GDP and components - income approach,I,A,Annual,AUT,Austria,S1,Total economy,S1,Total economy,B2A3G,"Operating surplus and mixed income, gross",_Z,Not applicable,_T,Total - all activities,_Z,Not applicable,XDC,National currency,V,Current prices,N,Non transformed data,T0103,Table 0103 - GDP identity from the income side,2017,,144584.622,,,,F,Free (free for publication),1,One,A,Normal value,6,Millions,EUR,Euro
DATAFLOW,OECD.SDD.NAD:DSD_NAMAIN10@DF_TABLE1_INCOME(2.0),Annual GDP and components - income approach,I,A,Annual,EST,Estonia,S1,Total economy,S1,Total economy,B2A3G,"Operating surplus and mixed income, gross",_Z,Not applicable,_T,Total - all activities,_Z,Not applicable,XDC,National currency,V,Current prices,N,Non transformed data,T0103,Table 0103 - GDP identity from the income side,2017,,9896.798,,,,F,Free (free for publication),1,One,A,Normal value,6,Millions,EUR,Euro
DATAFLOW,OECD.SDD.NAD:DSD_NAMAIN10@DF_TABLE1_INCOME(2.0),Annual GDP and components - income approach,I,A,Annual,FIN,Finland,S1,Total economy,S1,Total economy,B2A3G,"Operating surplus and mixed income, gross",_Z,Not applicable,_T,Total - all activities,_Z,Not applicable,XDC,National currency,V,Current prices,N,Non transformed data,T0103,Table 0103 - GDP identity from the income side,2017,,89477,,,,F,Free (free for publication),1,One,A,Normal value,6,Millions,EUR,Euro
DATAFLOW,OECD.SDD.NAD:DSD_NAMAIN10@DF_TABLE1_INCOME(2.0),Annual GDP and components - income approach,I,A,Annual,FRA,France,S1,Total economy,S1,Total economy,B2A3G,"Operating surplus and mixed income, gross",_Z,Not applicable,_T,Total - all activities,_Z,Not applicable,XDC,National currency,V,Current prices,N,Non transformed data,T0103,Table 0103 - GDP identity from the income side,2017,,778745.8,,,,F,Free (free for publication),1,One,A,Normal value,6,Millions,EUR,Euro
DATAFLOW,OECD.SDD.NAD:DSD_NAMAIN10@DF_TABLE1_INCOME(2.0),Annual GDP and components - income approach,I,A,Annual,GRC,Greece,S1,Total economy,S1,Total economy,B2A3G,"Operating surplus and mixed income, gross",_Z,Not applicable,_T,Total - all activities,_Z,Not applicable,XDC,National currency,V,Current prices,N,Non transformed data,T0103,Table 0103 - GDP identity from the income side,2017,,86700.821,,,,F,Free (free for publication),1,One,A,Normal value,6,Millions,EUR,Euro
DATAFLOW,OECD.SDD.NAD:DSD_NAMAIN10@DF_TABLE1_INCOME(2.0),Annual GDP and components - income approach,I,A,Annual,IRL,Ireland,S1,Total economy,S1,Total economy,B2A3G,"Operating surplus and mixed income, gross",_Z,Not applicable,_T,Total - all activities,_Z,Not applicable,XDC,National currency,V,Current prices,N,Non transformed data,T0103,Table 0103 - GDP identity from the income side,2017,,193328.838,,,,F,Free (free for publication),1,One,A,Normal value,6,Millions,EUR,Euro
DATAFLOW,OECD.SDD.NAD:DSD_NAMAIN10@DF_TABLE1_INCOME(2.0),Annual GDP and components - income approach,I,A,Annual,ITA,Italy,S1,Total economy,S1,Total economy,B2A3G,"Operating surplus and mixed income, gross",_Z,Not applicable,_T,Total - all activities,_Z,Not applicable,XDC,National currency,V,Current prices,N,Non transformed data,T0103,Table 0103 - GDP identity from the income side,2017,,839763.2,,,,F,Free (free for publication),1,One,A,Normal value,6,Millions,EUR,Euro
DATAFLOW,OECD.SDD.NAD:DSD_NAMAIN10@DF_TABLE1_INCOME(2.0),Annual GDP and components - income approach,I,A,Annual,LTU,Lithuania,S1,Total economy,S1,Total economy,B2A3G,"Operating surplus and mixed income, gross",_Z,Not applicable,_T,Total - all activities,_Z,Not applicable,XDC,National currency,V,Current prices,N,Non transformed data,T0103,Table 0103 - GDP identity from the income side,2017,,19405.225,,,,F,Free (free for publication),1,One,A,Normal value,6,Millions,EUR,Euro
DATAFLOW,OECD.SDD.NAD:DSD_NAMAIN10@DF_TABLE1_INCOME(2.0),Annual GDP and components - income approach,I,A,Annual,ESP,Spain,S1,Total economy,S1,Total economy,B2A3G,"Operating surplus and mixed income, gross",_Z,Not applicable,_T,Total - all activities,_Z,Not applicable,XDC,National currency,V,Current prices,N,Non transformed data,T0103,Table 0103 - GDP identity from the income side,2017,,521853,,,,F,Free (free for publication),1,One,A,Normal value,6,Millions,EUR,Euro
DATAFLOW,OECD.SDD.NAD:DSD_NAMAIN10@DF_TABLE1_INCOME(2.0),Annual GDP and components - income approach,I,A,Annual,CYP,Cyprus,S1,Total economy,S1,Total economy,B2A3G,"Operating surplus and mixed income, gross",_Z,Not applicable,_T,Total - all activities,_Z,Not applicable,XDC,National currency,V,Current prices,N,Non transformed data,T0103,Table 0103 - GDP identity from the income side,2017,,8567.14,,,,F,Free (free for publication),1,One,A,Normal value,6,Millions,EUR,Euro
DATAFLOW,OECD.SDD.NAD:DSD_NAMAIN10@DF_TABLE1_INCOME(2.0),Annual GDP and components - income approach,I,A,Annual,AUT,Austria,S1,Total economy,S1,Total economy,B2A3G,"Operating surplus and mixed income, gross",_Z,Not applicable,_T,Total - all activities,_Z,Not applicable,XDC,National currency,V,Current prices,N,Non transformed data,T0103,Table 0103 - GDP identity from the income side,2018,,150966.659,,,,F,Free (free for publication),1,One,A,Normal value,6,Millions,EUR,Euro
DATAFLOW,OECD.SDD.NAD:DSD_NAMAIN10@DF_TABLE1_INCOME(2.0),Annual GDP and components - income approach,I,A,Annual,EST,Estonia,S1,Total economy,S1,Total economy,B2A3G,"Operating surplus and mixed income, gross",_Z,Not applicable,_T,Total - all activities,_Z,Not applicable,XDC,National currency,V,Current prices,N,Non transformed data,T0103,Table 0103 - GDP identity from the income side,2018,,10660.523,,,,F,Free (free for publication),1,One,A,Normal value,6,Millions,EUR,Euro
DATAFLOW,OECD.SDD.NAD:DSD_NAMAIN10@DF_TABLE1_INCOME(2.0),Annual GDP and components - income approach,I,A,Annual,FIN,Finland,S1,Total economy,S1,Total economy,B2A3G,"Operating surplus and mixed income, gross",_Z,Not applicable,_T,Total - all activities,_Z,Not applicable,XDC,National currency,V,Current prices,N,Non transformed data,T0103,Table 0103 - GDP identity from the income side,2018,,91049,,,,F,Free (free for publication),1,One,A,Normal value,6,Millions,EUR,Euro
DATAFLOW,OECD.SDD.NAD:DSD_NAMAIN10@DF_TABLE1_INCOME(2.0),Annual GDP and components - income approach,I,A,Annual,FRA,France,S1,Total economy,S1,Total economy,B2A3G,"Operating surplus and mixed income, gross",_Z,Not applicable,_T,Total - all activities,_Z,Not applicable,XDC,National currency,V,Current prices,N,Non transformed data,T0103,Table 0103 - GDP identity from the income side,2018,,793185.5,,,,F,Free (free for publication),1,One,A,Normal value,6,Millions,EUR,Euro
DATAFLOW,OECD.SDD.NAD:DSD_NAMAIN10@DF_TABLE1_INCOME(2.0),Annual GDP and components - income approach,I,A,Annual,GRC,Greece,S1,Total economy,S1,Total economy,B2A3G,"Operating surplus and mixed income, gross",_Z,Not applicable,_T,Total - all activities,_Z,Not applicable,XDC,National currency,V,Current prices,N,Non transformed data,T0103,Table 0103 - GDP identity from the income side,2018,,86761.632,,,,F,Free (free for publication),1,One,A,Normal value,6,Millions,EUR,Euro
DATAFLOW,OECD.SDD.NAD:DSD_NAMAIN10@DF_TABLE1_INCOME(2.0),Annual GDP and components - income approach,I,A,Annual,IRL,Ireland,S1,Total economy,S1,Total economy,B2A3G,"Operating surplus and mixed income, gross",_Z,Not applicable,_T,Total - all activities,_Z,Not applicable,XDC,National currency,V,Current prices,N,Non transformed data,T0103,Table 0103 - GDP identity from the income side,2018,,215237.192,,,,F,Free (free for publication),1,One,A,Normal value,6,Millions,EUR,Euro
DATAFLOW,OECD.SDD.NAD:DSD_NAMAIN10@DF_TABLE1_INCOME(2.0),Annual GDP and components - income approach,I,A,Annual,ITA,Italy,S1,Total economy,S1,Total economy,B2A3G,"Operating surplus and mixed income, gross",_Z,Not applicable,_T,Total - all activities,_Z,Not applicable,XDC,National currency,V,Current prices,N,Non transformed data,T0103,Table 0103 - GDP identity from the income side,2018,,850330,,,,F,Free (free for publication),1,One,A,Normal value,6,Millions,EUR,Euro
DATAFLOW,OECD.SDD.NAD:DSD_NAMAIN10@DF_TABLE1_INCOME(2.0),Annual GDP and components - income approach,I,A,Annual,LTU,Lithuania,S1,Total economy,S1,Total economy,B2A3G,"Operating surplus and mixed income, gross",_Z,Not applicable,_T,Total - all activities,_Z,Not applicable,XDC,National currency,V,Current prices,N,Non transformed data,T0103,Table 0103 - GDP identity from the income side,2018,,20987.152,,,,F,Free (free for publication),1,One,A,Normal value,6,Millions,EUR,Euro
DATAFLOW,OECD.SDD.NAD:DSD_NAMAIN10@DF_TABLE1_INCOME(2.0),Annual GDP and components - income approach,I,A,Annual,ESP,Spain,S1,Total economy,S1,Total economy,B2A3G,"Operating surplus and mixed income, gross",_Z,Not applicable,_T,Total - all activities,_Z,Not applicable,XDC,National currency,V,Current prices,N,Non transformed data,T0103,Table 0103 - GDP identity from the income side,2018,,535316,,,,F,Free (free for publication),1,One,A,Normal value,6,Millions,EUR,Euro
DATAFLOW,OECD.SDD.NAD:DSD_NAMAIN10@DF_TABLE1_INCOME(2.0),Annual GDP and components - income approach,I,A,Annual,CYP,Cyprus,S1,Total economy,S1,Total economy,B2A3G,"Operating surplus and mixed income, gross",_Z,Not applicable,_T,Total - all activities,_Z,Not applicable,XDC,National currency,V,Current prices,N,Non transformed data,T0103,Table 0103 - GDP identity from the income side,2018,,9062.709,,,,F,Free (free for publication),1,One,A,Normal value,6,Millions,EUR,Euro
DATAFLOW,OECD.SDD.NAD:DSD_NAMAIN10@DF_TABLE1_INCOME(2.0),Annual GDP and components - income approach,I,A,Annual,AUT,Austria,S1,Total economy,S1,Total economy,B2A3G,"Operating surplus and mixed income, gross",_Z,Not applicable,_T,Total - all activities,_Z,Not applicable,XDC,National currency,V,Current prices,N,Non transformed data,T0103,Table 0103 - GDP identity from the income side,2019,,154206.264,,,,F,Free (free for publication),1,One,A,Normal value,6,Millions,EUR,Euro
DATAFLOW,OECD.SDD.NAD:DSD_NAMAIN10@DF_TABLE1_INCOME(2.0),Annual GDP and components - income approach,I,A,Annual,BEL,Belgium,S1,Total economy,S1,Total economy,B2A3G,"Operating surplus and mixed income, gross",_Z,Not applicable,_T,Total - all activities,_Z,Not applicable,XDC,National currency,V,Current prices,N,Non transformed data,T0103,Table 0103 - GDP identity from the income side,2019,,197551.1,,,,F,Free (free for publication),1,One,A,Normal value,6,Millions,EUR,Euro
DATAFLOW,OECD.SDD.NAD:DSD_NAMAIN10@DF_TABLE1_INCOME(2.0),Annual GDP and components - income approach,I,A,Annual,EST,Estonia,S1,Total economy,S1,Total economy,B2A3G,"Operating surplus and mixed income, gross",_Z,Not applicable,_T,Total - all activities,_Z,Not applicable,XDC,National currency,V,Current prices,N,Non transformed data,T0103,Table 0103 - GDP identity from the income side,2019,,11215.366,,,,F,Free (free for publication),1,One,A,Normal value,6,Millions,EUR,Euro
DATAFLOW,OECD.SDD.NAD:DSD_NAMAIN10@DF_TABLE1_INCOME(2.0),Annual GDP and components - income approach,I,A,Annual,FIN,Finland,S1,Total economy,S1,Total economy,B2A3G,"Operating surplus and mixed income, gross",_Z,Not applicable,_T,Total - all activities,_Z,Not applicable,XDC,National currency,V,Current prices,N,Non transformed data,T0103,Table 0103 - GDP identity from the income side,2019,,93349,,,,F,Free (free for publication),1,One,A,Normal value,6,Millions,EUR,Euro
DATAFLOW,OECD.SDD.NAD:DSD_NAMAIN10@DF_TABLE1_INCOME(2.0),Annual GDP and components - income approach,I,A,Annual,FRA,France,S1,Total economy,S1,Total economy,B2A3G,"Operating surplus and mixed income, gross",_Z,Not applicable,_T,Total - all activities,_Z,Not applicable,XDC,National currency,V,Current prices,N,Non transformed data,T0103,Table 0103 - GDP identity from the income side,2019,,824339.7,,,,F,Free (free for publication),1,One,A,Normal value,6,Millions,EUR,Euro
DATAFLOW,OECD.SDD.NAD:DSD_NAMAIN10@DF_TABLE1_INCOME(2.0),Annual GDP and components - income approach,I,A,Annual,GRC,Greece,S1,Total economy,S1,Total economy,B2A3G,"Operating surplus and mixed income, gross",_Z,Not applicable,_T,Total - all activities,_Z,Not applicable,XDC,National currency,V,Current prices,N,Non transformed data,T0103,Table 0103 - GDP identity from the income side,2019,,89508.078,,,,F,Free (free for publication),1,One,A,Normal value,6,Millions,EUR,Euro
DATAFLOW,OECD.SDD.NAD:DSD_NAMAIN10@DF_TABLE1_INCOME(2.0),Annual GDP and components - income approach,I,A,Annual,ITA,Italy,S1,Total economy,S1,Total economy,B2A3G,"Operating surplus and mixed income, gross",_Z,Not applicable,_T,Total - all activities,_Z,Not applicable,XDC,National currency,V,Current prices,N,Non transformed data,T0103,Table 0103 - GDP identity from the income side,2019,,855691.9,,,,F,Free (free for publication),1,One,A,Normal value,6,Millions,EUR,Euro
DATAFLOW,OECD.SDD.NAD:DSD_NAMAIN10@DF_TABLE1_INCOME(2.0),Annual GDP and components - income approach,I,A,Annual,LTU,Lithuania,S1,Total economy,S1,Total economy,B2A3G,"Operating surplus and mixed income, gross",_Z,Not applicable,_T,Total - all activities,_Z,Not applicable,XDC,National currency,V,Current prices,N,Non transformed data,T0103,Table 0103 - GDP identity from the income side,2019,,21636.548,,,,F,Free (free for publication),1,One,A,Normal value,6,Millions,EUR,Euro
DATAFLOW,OECD.SDD.NAD:DSD_NAMAIN10@DF_TABLE1_INCOME(2.0),Annual GDP and components - income approach,I,A,Annual,ESP,Spain,S1,Total economy,S1,Total economy,B2A3G,"Operating surplus and mixed income, gross",_Z,Not applicable,_T,Total - all activities,_Z,Not applicable,XDC,National currency,V,Current prices,N,Non transformed data,T0103,Table 0103 - GDP identity from the income side,2019,,540378,,,,F,Free (free for publication),1,One,A,Normal value,6,Millions,EUR,Euro
DATAFLOW,OECD.SDD.NAD:DSD_NAMAIN10@DF_TABLE1_INCOME(2.0),Annual GDP and components - income approach,I,A,Annual,CYP,Cyprus,S1,Total economy,S1,Total economy,B2A3G,"Operating surplus and mixed income, gross",_Z,Not applicable,_T,Total - all activities,_Z,Not applicable,XDC,National currency,V,Current prices,N,Non transformed data,T0103,Table 0103 - GDP identity from the income side,2019,,9636.715,,,,F,Free (free for publication),1,One,A,Normal value,6,Millions,EUR,Euro
DATAFLOW,OECD.SDD.NAD:DSD_NAMAIN10@DF_TABLE1_INCOME(2.0),Annual GDP and components - income approach,I,A,Annual,AUT,Austria,S1,Total economy,S1,Total economy,B2A3G,"Operating surplus and mixed income, gross",_Z,Not applicable,_T,Total - all activities,_Z,Not applicable,XDC,National currency,V,Current prices,N,Non transformed data,T0103,Table 0103 - GDP identity from the income side,2020,,156017.42,,,,F,Free (free for publication),1,One,A,Normal value,6,Millions,EUR,Euro
DATAFLOW,OECD.SDD.NAD:DSD_NAMAIN10@DF_TABLE1_INCOME(2.0),Annual GDP and components - income approach,I,A,Annual,BEL,Belgium,S1,Total economy,S1,Total economy,B2A3G,"Operating surplus and mixed income, gross",_Z,Not applicable,_T,Total - all activities,_Z,Not applicable,XDC,National currency,V,Current prices,N,Non transformed data,T0103,Table 0103 - GDP identity from the income side,2020,,195318.2,,,,F,Free (free for publication),1,One,A,Normal value,6,Millions,EUR,Euro
DATAFLOW,OECD.SDD.NAD:DSD_NAMAIN10@DF_TABLE1_INCOME(2.0),Annual GDP and components - income approach,I,A,Annual,EST,Estonia,S1,Total economy,S1,Total economy,B2A3G,"Operating surplus and mixed income, gross",_Z,Not applicable,_T,Total - all activities,_Z,Not applicable,XDC,National currency,V,Current prices,N,Non transformed data,T0103,Table 0103 - GDP identity from the income side,2020,,11028.564,,,,F,Free (free for publication),1,One,A,Normal value,6,Millions,EUR,Euro
DATAFLOW,OECD.SDD.NAD:DSD_NAMAIN10@DF_TABLE1_INCOME(2.0),Annual GDP and components - income approach,I,A,Annual,FIN,Finland,S1,Total economy,S1,Total economy,B2A3G,"Operating surplus and mixed income, gross",_Z,Not applicable,_T,Total - all activities,_Z,Not applicable,XDC,National currency,V,Current prices,N,Non transformed data,T0103,Table 0103 - GDP identity from the income side,2020,,95130,,,,F,Free (free for publication),1,One,A,Normal value,6,Millions,EUR,Euro
DATAFLOW,OECD.SDD.NAD:DSD_NAMAIN10@DF_TABLE1_INCOME(2.0),Annual GDP and components - income approach,I,A,Annual,FRA,France,S1,Total economy,S1,Total economy,B2A3G,"Operating surplus and mixed income, gross",_Z,Not applicable,_T,Total - all activities,_Z,Not applicable,XDC,National currency,V,Current prices,N,Non transformed data,T0103,Table 0103 - GDP identity from the income side,2020,,806201.7,,,,F,Free (free for publication),1,One,A,Normal value,6,Millions,EUR,Euro
DATAFLOW,OECD.SDD.NAD:DSD_NAMAIN10@DF_TABLE1_INCOME(2.0),Annual GDP and components - income approach,I,A,Annual,GRC,Greece,S1,Total economy,S1,Total economy,B2A3G,"Operating surplus and mixed income, gross",_Z,Not applicable,_T,Total - all activities,_Z,Not applicable,XDC,National currency,V,Current prices,N,Non transformed data,T0103,Table 0103 - GDP identity from the income side,2020,,83101.366,,,,F,Free (free for publication),1,One,A,Normal value,6,Millions,EUR,Euro
DATAFLOW,OECD.SDD.NAD:DSD_NAMAIN10@DF_TABLE1_INCOME(2.0),Annual GDP and components - income approach,I,A,Annual,ITA,Italy,S1,Total economy,S1,Total economy,B2A3G,"Operating surplus and mixed income, gross",_Z,Not applicable,_T,Total - all activities,_Z,Not applicable,XDC,National currency,V,Current prices,N,Non transformed data,T0103,Table 0103 - GDP identity from the income side,2020,,797080.7,,,,F,Free (free for publication),1,One,A,Normal value,6,Millions,EUR,Euro
DATAFLOW,OECD.SDD.NAD:DSD_NAMAIN10@DF_TABLE1_INCOME(2.0),Annual GDP and components - income approach,I,A,Annual,LTU,Lithuania,S1,Total economy,S1,Total economy,B2A3G,"Operating surplus and mixed income, gross",_Z,Not applicable,_T,Total - all activities,_Z,Not applicable,XDC,National currency,V,Current prices,N,Non transformed data,T0103,Table 0103 - GDP identity from the income side,2020,,22186.96,,,,F,Free (free for publication),1,One,A,Normal value,6,Millions,EUR,Euro
DATAFLOW,OECD.SDD.NAD:DSD_NAMAIN10@DF_TABLE1_INCOME(2.0),Annual GDP and components - income approach,I,A,Annual,ESP,Spain,S1,Total economy,S1,Total economy,B2A3G,"Operating surplus and mixed income, gross",_Z,Not applicable,_T,Total - all activities,_Z,Not applicable,XDC,National currency,V,Current prices,N,Non transformed data,T0103,Table 0103 - GDP identity from the income side,2020,,465129,,,,F,Free (free for publication),1,One,A,Normal value,6,Millions,EUR,Euro
DATAFLOW,OECD.SDD.NAD:DSD_NAMAIN10@DF_TABLE1_INCOME(2.0),Annual GDP and components - income approach,I,A,Annual,CYP,Cyprus,S1,Total economy,S1,Total economy,B2A3G,"Operating surplus and mixed income, gross",_Z,Not applicable,_T,Total - all activities,_Z,Not applicable,XDC,National currency,V,Current prices,N,Non transformed data,T0103,Table 0103 - GDP identity from the income side,2020,,9487.556,,,,F,Free (free for publication),1,One,A,Normal value,6,Millions,EUR,Euro
