STRUCTURE,STRUCTURE_ID,STRUCTURE_NAME,ACTION,FREQ,Frequency of observation,REF_AREA,Reference area,MEASURE,Measure,EXPENDITURE,Expenditure,UNIT_MEASURE,Unit of measure,CHAPTER,Chapter,TIME_PERIOD,Time period,OBS_VALUE,Observation value,ADJUSTMENT,Adjustment,COUNTERPART_AREA,Counterpart area,SECTOR,Institutional sector,COUNTERPART_SECTOR,Counterpart institutional sector,CONSOLIDATION,Consolidation status,ACCOUNTING_ENTRY,Accounting entry,TRANSACTION,Transaction,INSTR_ASSET,Instruments and assets,MATURITY,Original and residual maturity,PRODUCT,Product,PENSION_FUNDTYPE,Pension fund type,CURRENCY_DENOM,Currency of denomination,VALUATION,Valuation,PRICE_BASE,Price base,TRANSFORMATION,Transformation,TABLE_IDENTIFIER,Table identifier,REF_YEAR_PRICE,Price reference year,BASE_PER,Base period,CONF_STATUS,Confidentiality status,DECIMALS,Decimals,OBS_STATUS,Observation status,UNIT_MULT,Unit multiplier,CURRENCY,Currency
DATAFLOW,OECD.SDD.NAD:DSD_NAAG_VI@DF_NAAG_EXP(1.0),NAAG Chapter 6: Government,I,A,Annual,FIN,Finland,D62S13,Social benefits other than social transfers in kind,_T,Total,PT_B1GQ,Percentage of GDP,NAAG_VI,Part VI: General Government,2022,,17.6684765250719,,N,Neither seasonally adjusted nor calendar adjusted,_Z,Not applicable,S13,General government,_Z,Not applicable,N,Non-consolidated,D,Expenditure,D62,Social benefits other than social transfers in kind,_Z,Not applicable,,,,,,,,,,,V,Current prices,N,Non transformed data,,,,,,,F,Free (free for publication),2,Two,A,Normal value,0,Units,_Z,Not applicable
DATAFLOW,OECD.SDD.NAD:DSD_NAAG_VI@DF_NAAG_EXP(1.0),NAAG Chapter 6: Government,I,A,Annual,FIN,Finland,D62S13,Social benefits other than social transfers in kind,_T,Total,PT_B1GQ,Percentage of GDP,NAAG_VI,Part VI: General Government,2021,,18.7334180186844,,N,Neither seasonally adjusted nor calendar adjusted,_Z,Not applicable,S13,General government,_Z,Not applicable,N,Non-consolidated,D,Expenditure,D62,Social benefits other than social transfers in kind,_Z,Not applicable,,,,,,,,,,,V,Current prices,N,Non transformed data,,,,,,,F,Free (free for publication),2,Two,A,Normal value,0,Units,_Z,Not applicable
DATAFLOW,OECD.SDD.NAD:DSD_NAAG_VI@DF_NAAG_EXP(1.0),NAAG Chapter 6: Government,I,A,Annual,FIN,Finland,D62S13,Social benefits other than social transfers in kind,_T,Total,PT_B1GQ,Percentage of GDP,NAAG_VI,Part VI: General Government,2005,,15.7221284296698,,N,Neither seasonally adjusted nor calendar adjusted,_Z,Not applicable,S13,General government,_Z,Not applicable,N,Non-consolidated,D,Expenditure,D62,Social benefits other than social transfers in kind,_Z,Not applicable,,,,,,,,,,,V,Current prices,N,Non transformed data,,,,,,,F,Free (free for publication),2,Two,A,Normal value,0,Units,_Z,Not applicable
DATAFLOW,OECD.SDD.NAD:DSD_NAAG_VI@DF_NAAG_EXP(1.0),NAAG Chapter 6: Government,I,A,Annual,FIN,Finland,D62S13,Social benefits other than social transfers in kind,_T,Total,PT_B1GQ,Percentage of GDP,NAAG_VI,Part VI: General Government,2004,,15.8698760874632,,N,Neither seasonally adjusted nor calendar adjusted,_Z,Not applicable,S13,General government,_Z,Not applicable,N,Non-consolidated,D,Expenditure,D62,Social benefits other than social transfers in kind,_Z,Not applicable,,,,,,,,,,,V,Current prices,N,Non transformed data,,,,,,,F,Free (free for publication),2,Two,A,Normal value,0,Units,_Z,Not applicable
DATAFLOW,OECD.SDD.NAD:DSD_NAAG_VI@DF_NAAG_EXP(1.0),NAAG Chapter 6: Government,I,A,Annual,FIN,Finland,D62S13,Social benefits other than social transfers in kind,_T,Total,PT_B1GQ,Percentage of GDP,NAAG_VI,Part VI: General Government,2003,,16.0367533648839,,N,Neither seasonally adjusted nor calendar adjusted,_Z,Not applicable,S13,General government,_Z,Not applicable,N,Non-consolidated,D,Expenditure,D62,Social benefits other than social transfers in kind,_Z,Not applicable,,,,,,,,,,,V,Current prices,N,Non transformed data,,,,,,,F,Free (free for publication),2,Two,A,Normal value,0,Units,_Z,Not applicable
DATAFLOW,OECD.SDD.NAD:DSD_NAAG_VI@DF_NAAG_EXP(1.0),NAAG Chapter 6: Government,I,A,Annual,FIN,Finland,D62S13,Social benefits other than social transfers in kind,_T,Total,PT_B1GQ,Percentage of GDP,NAAG_VI,Part VI: General Government,2002,,15.7700080840744,,N,Neither seasonally adjusted nor calendar adjusted,_Z,Not applicable,S13,General government,_Z,Not applicable,N,Non-consolidated,D,Expenditure,D62,Social benefits other than social transfers in kind,_Z,Not applicable,,,,,,,,,,,V,Current prices,N,Non transformed data,,,,,,,F,Free (free for publication),2,Two,A,Normal value,0,Units,_Z,Not applicable
DATAFLOW,OECD.SDD.NAD:DSD_NAAG_VI@DF_NAAG_EXP(1.0),NAAG Chapter 6: Government,I,A,Annual,FIN,Finland,D62S13,Social benefits other than social transfers in kind,_T,Total,PT_B1GQ,Percentage of GDP,NAAG_VI,Part VI: General Government,2001,,15.2634963661635,,N,Neither seasonally adjusted nor calendar adjusted,_Z,Not applicable,S13,General government,_Z,Not applicable,N,Non-consolidated,D,Expenditure,D62,Social benefits other than social transfers in kind,_Z,Not applicable,,,,,,,,,,,V,Current prices,N,Non transformed data,,,,,,,F,Free (free for publication),2,Two,A,Normal value,0,Units,_Z,Not applicable
DATAFLOW,OECD.SDD.NAD:DSD_NAAG_VI@DF_NAAG_EXP(1.0),NAAG Chapter 6: Government,I,A,Annual,FIN,Finland,D62S13,Social benefits other than social transfers in kind,_T,Total,PT_B1GQ,Percentage of GDP,NAAG_VI,Part VI: General Government,2000,,15.6467672635021,,N,Neither seasonally adjusted nor calendar adjusted,_Z,Not applicable,S13,General government,_Z,Not applicable,N,Non-consolidated,D,Expenditure,D62,Social benefits other than social transfers in kind,_Z,Not applicable,,,,,,,,,,,V,Current prices,N,Non transformed data,,,,,,,F,Free (free for publication),2,Two,A,Normal value,0,Units,_Z,Not applicable
DATAFLOW,OECD.SDD.NAD:DSD_NAAG_VI@DF_NAAG_EXP(1.0),NAAG Chapter 6: Government,I,A,Annual,FIN,Finland,D62S13,Social benefits other than social transfers in kind,_T,Total,PT_B1GQ,Percentage of GDP,NAAG_VI,Part VI: General Government,2020,,19.5848333453193,,N,Neither seasonally adjusted nor calendar adjusted,_Z,Not applicable,S13,General government,_Z,Not applicable,N,Non-consolidated,D,Expenditure,D62,Social benefits other than social transfers in kind,_Z,Not applicable,,,,,,,,,,,V,Current prices,N,Non transformed data,,,,,,,F,Free (free for publication),2,Two,A,Normal value,0,Units,_Z,Not applicable
DATAFLOW,OECD.SDD.NAD:DSD_NAAG_VI@DF_NAAG_EXP(1.0),NAAG Chapter 6: Government,I,A,Annual,FIN,Finland,D62S13,Social benefits other than social transfers in kind,_T,Total,PT_B1GQ,Percentage of GDP,NAAG_VI,Part VI: General Government,2019,,18.2837353994248,,N,Neither seasonally adjusted nor calendar adjusted,_Z,Not applicable,S13,General government,_Z,Not applicable,N,Non-consolidated,D,Expenditure,D62,Social benefits other than social transfers in kind,_Z,Not applicable,,,,,,,,,,,V,Current prices,N,Non transformed data,,,,,,,F,Free (free for publication),2,Two,A,Normal value,0,Units,_Z,Not applicable
DATAFLOW,OECD.SDD.NAD:DSD_NAAG_VI@DF_NAAG_EXP(1.0),NAAG Chapter 6: Government,I,A,Annual,FIN,Finland,D62S13,Social benefits other than social transfers in kind,_T,Total,PT_B1GQ,Percentage of GDP,NAAG_VI,Part VI: General Government,2018,,18.4894676699511,,N,Neither seasonally adjusted nor calendar adjusted,_Z,Not applicable,S13,General government,_Z,Not applicable,N,Non-consolidated,D,Expenditure,D62,Social benefits other than social transfers in kind,_Z,Not applicable,,,,,,,,,,,V,Current prices,N,Non transformed data,,,,,,,F,Free (free for publication),2,Two,A,Normal value,0,Units,_Z,Not applicable
DATAFLOW,OECD.SDD.NAD:DSD_NAAG_VI@DF_NAAG_EXP(1.0),NAAG Chapter 6: Government,I,A,Annual,FIN,Finland,D62S13,Social benefits other than social transfers in kind,_T,Total,PT_B1GQ,Percentage of GDP,NAAG_VI,Part VI: General Government,2017,,18.9256183635506,,N,Neither seasonally adjusted nor calendar adjusted,_Z,Not applicable,S13,General government,_Z,Not applicable,N,Non-consolidated,D,Expenditure,D62,Social benefits other than social transfers in kind,_Z,Not applicable,,,,,,,,,,,V,Current prices,N,Non transformed data,,,,,,,F,Free (free for publication),2,Two,A,Normal value,0,Units,_Z,Not applicable
DATAFLOW,OECD.SDD.NAD:DSD_NAAG_VI@DF_NAAG_EXP(1.0),NAAG Chapter 6: Government,I,A,Annual,FIN,Finland,D62S13,Social benefits other than social transfers in kind,_T,Total,PT_B1GQ,Percentage of GDP,NAAG_VI,Part VI: General Government,2016,,19.5283635503924,,N,Neither seasonally adjusted nor calendar adjusted,_Z,Not applicable,S13,General government,_Z,Not applicable,N,Non-consolidated,D,Expenditure,D62,Social benefits other than social transfers in kind,_Z,Not applicable,,,,,,,,,,,V,Current prices,N,Non transformed data,,,,,,,F,Free (free for publication),2,Two,A,Normal value,0,Units,_Z,Not applicable
DATAFLOW,OECD.SDD.NAD:DSD_NAAG_VI@DF_NAAG_EXP(1.0),NAAG Chapter 6: Government,I,A,Annual,FIN,Finland,D62S13,Social benefits other than social transfers in kind,_T,Total,PT_B1GQ,Percentage of GDP,NAAG_VI,Part VI: General Government,2015,,19.7148321534597,,N,Neither seasonally adjusted nor calendar adjusted,_Z,Not applicable,S13,General government,_Z,Not applicable,N,Non-consolidated,D,Expenditure,D62,Social benefits other than social transfers in kind,_Z,Not applicable,,,,,,,,,,,V,Current prices,N,Non transformed data,,,,,,,F,Free (free for publication),2,Two,A,Normal value,0,Units,_Z,Not applicable
DATAFLOW,OECD.SDD.NAD:DSD_NAAG_VI@DF_NAAG_EXP(1.0),NAAG Chapter 6: Government,I,A,Annual,FIN,Finland,D62S13,Social benefits other than social transfers in kind,_T,Total,PT_B1GQ,Percentage of GDP,NAAG_VI,Part VI: General Government,2014,,19.5030482621263,,N,Neither seasonally adjusted nor calendar adjusted,_Z,Not applicable,S13,General government,_Z,Not applicable,N,Non-consolidated,D,Expenditure,D62,Social benefits other than social transfers in kind,_Z,Not applicable,,,,,,,,,,,V,Current prices,N,Non transformed data,,,,,,,F,Free (free for publication),2,Two,A,Normal value,0,Units,_Z,Not applicable
DATAFLOW,OECD.SDD.NAD:DSD_NAAG_VI@DF_NAAG_EXP(1.0),NAAG Chapter 6: Government,I,A,Annual,FIN,Finland,D62S13,Social benefits other than social transfers in kind,_T,Total,PT_B1GQ,Percentage of GDP,NAAG_VI,Part VI: General Government,2013,,18.8336928799933,,N,Neither seasonally adjusted nor calendar adjusted,_Z,Not applicable,S13,General government,_Z,Not applicable,N,Non-consolidated,D,Expenditure,D62,Social benefits other than social transfers in kind,_Z,Not applicable,,,,,,,,,,,V,Current prices,N,Non transformed data,,,,,,,F,Free (free for publication),2,Two,A,Normal value,0,Units,_Z,Not applicable
DATAFLOW,OECD.SDD.NAD:DSD_NAAG_VI@DF_NAAG_EXP(1.0),NAAG Chapter 6: Government,I,A,Annual,FIN,Finland,D62S13,Social benefits other than social transfers in kind,_T,Total,PT_B1GQ,Percentage of GDP,NAAG_VI,Part VI: General Government,2012,,17.9475790755472,,N,Neither seasonally adjusted nor calendar adjusted,_Z,Not applicable,S13,General government,_Z,Not applicable,N,Non-consolidated,D,Expenditure,D62,Social benefits other than social transfers in kind,_Z,Not applicable,,,,,,,,,,,V,Current prices,N,Non transformed data,,,,,,,F,Free (free for publication),2,Two,A,Normal value,0,Units,_Z,Not applicable
DATAFLOW,OECD.SDD.NAD:DSD_NAAG_VI@DF_NAAG_EXP(1.0),NAAG Chapter 6: Government,I,A,Annual,FIN,Finland,D62S13,Social benefits other than social transfers in kind,_T,Total,PT_B1GQ,Percentage of GDP,NAAG_VI,Part VI: General Government,2011,,17.0843135766867,,N,Neither seasonally adjusted nor calendar adjusted,_Z,Not applicable,S13,General government,_Z,Not applicable,N,Non-consolidated,D,Expenditure,D62,Social benefits other than social transfers in kind,_Z,Not applicable,,,,,,,,,,,V,Current prices,N,Non transformed data,,,,,,,F,Free (free for publication),2,Two,A,Normal value,0,Units,_Z,Not applicable
DATAFLOW,OECD.SDD.NAD:DSD_NAAG_VI@DF_NAAG_EXP(1.0),NAAG Chapter 6: Government,I,A,Annual,FIN,Finland,D62S13,Social benefits other than social transfers in kind,_T,Total,PT_B1GQ,Percentage of GDP,NAAG_VI,Part VI: General Government,2010,,17.3141214050716,,N,Neither seasonally adjusted nor calendar adjusted,_Z,Not applicable,S13,General government,_Z,Not applicable,N,Non-consolidated,D,Expenditure,D62,Social benefits other than social transfers in kind,_Z,Not applicable,,,,,,,,,,,V,Current prices,N,Non transformed data,,,,,,,F,Free (free for publication),2,Two,A,Normal value,0,Units,_Z,Not applicable
DATAFLOW,OECD.SDD.NAD:DSD_NAAG_VI@DF_NAAG_EXP(1.0),NAAG Chapter 6: Government,I,A,Annual,FIN,Finland,D62S13,Social benefits other than social transfers in kind,_T,Total,PT_B1GQ,Percentage of GDP,NAAG_VI,Part VI: General Government,2009,,17.183261342064,,N,Neither seasonally adjusted nor calendar adjusted,_Z,Not applicable,S13,General government,_Z,Not applicable,N,Non-consolidated,D,Expenditure,D62,Social benefits other than social transfers in kind,_Z,Not applicable,,,,,,,,,,,V,Current prices,N,Non transformed data,,,,,,,F,Free (free for publication),2,Two,A,Normal value,0,Units,_Z,Not applicable
DATAFLOW,OECD.SDD.NAD:DSD_NAAG_VI@DF_NAAG_EXP(1.0),NAAG Chapter 6: Government,I,A,Annual,FIN,Finland,D62S13,Social benefits other than social transfers in kind,_T,Total,PT_B1GQ,Percentage of GDP,NAAG_VI,Part VI: General Government,2008,,14.6309194709992,,N,Neither seasonally adjusted nor calendar adjusted,_Z,Not applicable,S13,General government,_Z,Not applicable,N,Non-consolidated,D,Expenditure,D62,Social benefits other than social transfers in kind,_Z,Not applicable,,,,,,,,,,,V,Current prices,N,Non transformed data,,,,,,,F,Free (free for publication),2,Two,A,Normal value,0,Units,_Z,Not applicable
DATAFLOW,OECD.SDD.NAD:DSD_NAAG_VI@DF_NAAG_EXP(1.0),NAAG Chapter 6: Government,I,A,Annual,FIN,Finland,D62S13,Social benefits other than social transfers in kind,_T,Total,PT_B1GQ,Percentage of GDP,NAAG_VI,Part VI: General Government,2007,,14.4767159024693,,N,Neither seasonally adjusted nor calendar adjusted,_Z,Not applicable,S13,General government,_Z,Not applicable,N,Non-consolidated,D,Expenditure,D62,Social benefits other than social transfers in kind,_Z,Not applicable,,,,,,,,,,,V,Current prices,N,Non transformed data,,,,,,,F,Free (free for publication),2,Two,A,Normal value,0,Units,_Z,Not applicable
DATAFLOW,OECD.SDD.NAD:DSD_NAAG_VI@DF_NAAG_EXP(1.0),NAAG Chapter 6: Government,I,A,Annual,FIN,Finland,D62S13,Social benefits other than social transfers in kind,_T,Total,PT_B1GQ,Percentage of GDP,NAAG_VI,Part VI: General Government,2006,,15.3070964532196,,N,Neither seasonally adjusted nor calendar adjusted,_Z,Not applicable,S13,General government,_Z,Not applicable,N,Non-consolidated,D,Expenditure,D62,Social benefits other than social transfers in kind,_Z,Not applicable,,,,,,,,,,,V,Current prices,N,Non transformed data,,,,,,,F,Free (free for publication),2,Two,A,Normal value,0,Units,_Z,Not applicable
DATAFLOW,OECD.SDD.NAD:DSD_NAAG_VI@DF_NAAG_EXP(1.0),NAAG Chapter 6: Government,I,A,Annual,FIN,Finland,D62S13,Social benefits other than social transfers in kind,_T,Total,PT_B1GQ,Percentage of GDP,NAAG_VI,Part VI: General Government,2024,,18.8354421240727,,N,Neither seasonally adjusted nor calendar adjusted,_Z,Not applicable,S13,General government,_Z,Not applicable,N,Non-consolidated,D,Expenditure,D62,Social benefits other than social transfers in kind,_Z,Not applicable,,,,,,,,,,,V,Current prices,N,Non transformed data,,,,,,,F,Free (free for publication),2,Two,A,Normal value,0,Units,_Z,Not applicable
DATAFLOW,OECD.SDD.NAD:DSD_NAAG_VI@DF_NAAG_EXP(1.0),NAAG Chapter 6: Government,I,A,Annual,FRA,France,D62S13,Social benefits other than social transfers in kind,_T,Total,PT_B1GQ,Percentage of GDP,NAAG_VI,Part VI: General Government,2022,,19.2071732126751,,N,Neither seasonally adjusted nor calendar adjusted,_Z,Not applicable,S13,General government,_Z,Not applicable,N,Non-consolidated,D,Expenditure,D62,Social benefits other than social transfers in kind,_Z,Not applicable,,,,,,,,,,,V,Current prices,N,Non transformed data,,,,,,,F,Free (free for publication),2,Two,A,Normal value,0,Units,_Z,Not applicable
DATAFLOW,OECD.SDD.NAD:DSD_NAAG_VI@DF_NAAG_EXP(1.0),NAAG Chapter 6: Government,I,A,Annual,FRA,France,D62S13,Social benefits other than social transfers in kind,_T,Total,PT_B1GQ,Percentage of GDP,NAAG_VI,Part VI: General Government,2021,,20.171629362965,,N,Neither seasonally adjusted nor calendar adjusted,_Z,Not applicable,S13,General government,_Z,Not applicable,N,Non-consolidated,D,Expenditure,D62,Social benefits other than social transfers in kind,_Z,Not applicable,,,,,,,,,,,V,Current prices,N,Non transformed data,,,,,,,F,Free (free for publication),2,Two,A,Normal value,0,Units,_Z,Not applicable
DATAFLOW,OECD.SDD.NAD:DSD_NAAG_VI@DF_NAAG_EXP(1.0),NAAG Chapter 6: Government,I,A,Annual,FRA,France,D62S13,Social benefits other than social transfers in kind,_T,Total,PT_B1GQ,Percentage of GDP,NAAG_VI,Part VI: General Government,2005,,17.5207685921329,,N,Neither seasonally adjusted nor calendar adjusted,_Z,Not applicable,S13,General government,_Z,Not applicable,N,Non-consolidated,D,Expenditure,D62,Social benefits other than social transfers in kind,_Z,Not applicable,,,,,,,,,,,V,Current prices,N,Non transformed data,,,,,,,F,Free (free for publication),2,Two,A,Normal value,0,Units,_Z,Not applicable
DATAFLOW,OECD.SDD.NAD:DSD_NAAG_VI@DF_NAAG_EXP(1.0),NAAG Chapter 6: Government,I,A,Annual,FRA,France,D62S13,Social benefits other than social transfers in kind,_T,Total,PT_B1GQ,Percentage of GDP,NAAG_VI,Part VI: General Government,2004,,17.423068122384,,N,Neither seasonally adjusted nor calendar adjusted,_Z,Not applicable,S13,General government,_Z,Not applicable,N,Non-consolidated,D,Expenditure,D62,Social benefits other than social transfers in kind,_Z,Not applicable,,,,,,,,,,,V,Current prices,N,Non transformed data,,,,,,,F,Free (free for publication),2,Two,A,Normal value,0,Units,_Z,Not applicable
DATAFLOW,OECD.SDD.NAD:DSD_NAAG_VI@DF_NAAG_EXP(1.0),NAAG Chapter 6: Government,I,A,Annual,FRA,France,D62S13,Social benefits other than social transfers in kind,_T,Total,PT_B1GQ,Percentage of GDP,NAAG_VI,Part VI: General Government,2003,,17.4318910631784,,N,Neither seasonally adjusted nor calendar adjusted,_Z,Not applicable,S13,General government,_Z,Not applicable,N,Non-consolidated,D,Expenditure,D62,Social benefits other than social transfers in kind,_Z,Not applicable,,,,,,,,,,,V,Current prices,N,Non transformed data,,,,,,,F,Free (free for publication),2,Two,A,Normal value,0,Units,_Z,Not applicable
DATAFLOW,OECD.SDD.NAD:DSD_NAAG_VI@DF_NAAG_EXP(1.0),NAAG Chapter 6: Government,I,A,Annual,FRA,France,D62S13,Social benefits other than social transfers in kind,_T,Total,PT_B1GQ,Percentage of GDP,NAAG_VI,Part VI: General Government,2002,,17.2180742384484,,N,Neither seasonally adjusted nor calendar adjusted,_Z,Not applicable,S13,General government,_Z,Not applicable,N,Non-consolidated,D,Expenditure,D62,Social benefits other than social transfers in kind,_Z,Not applicable,,,,,,,,,,,V,Current prices,N,Non transformed data,,,,,,,F,Free (free for publication),2,Two,A,Normal value,0,Units,_Z,Not applicable
DATAFLOW,OECD.SDD.NAD:DSD_NAAG_VI@DF_NAAG_EXP(1.0),NAAG Chapter 6: Government,I,A,Annual,FRA,France,D62S13,Social benefits other than social transfers in kind,_T,Total,PT_B1GQ,Percentage of GDP,NAAG_VI,Part VI: General Government,2001,,16.9221373989924,,N,Neither seasonally adjusted nor calendar adjusted,_Z,Not applicable,S13,General government,_Z,Not applicable,N,Non-consolidated,D,Expenditure,D62,Social benefits other than social transfers in kind,_Z,Not applicable,,,,,,,,,,,V,Current prices,N,Non transformed data,,,,,,,F,Free (free for publication),2,Two,A,Normal value,0,Units,_Z,Not applicable
DATAFLOW,OECD.SDD.NAD:DSD_NAAG_VI@DF_NAAG_EXP(1.0),NAAG Chapter 6: Government,I,A,Annual,FRA,France,D62S13,Social benefits other than social transfers in kind,_T,Total,PT_B1GQ,Percentage of GDP,NAAG_VI,Part VI: General Government,2000,,16.8068471269391,,N,Neither seasonally adjusted nor calendar adjusted,_Z,Not applicable,S13,General government,_Z,Not applicable,N,Non-consolidated,D,Expenditure,D62,Social benefits other than social transfers in kind,_Z,Not applicable,,,,,,,,,,,V,Current prices,N,Non transformed data,,,,,,,F,Free (free for publication),2,Two,A,Normal value,0,Units,_Z,Not applicable
DATAFLOW,OECD.SDD.NAD:DSD_NAAG_VI@DF_NAAG_EXP(1.0),NAAG Chapter 6: Government,I,A,Annual,FRA,France,D62S13,Social benefits other than social transfers in kind,_T,Total,PT_B1GQ,Percentage of GDP,NAAG_VI,Part VI: General Government,2020,,22.337178805528,,N,Neither seasonally adjusted nor calendar adjusted,_Z,Not applicable,S13,General government,_Z,Not applicable,N,Non-consolidated,D,Expenditure,D62,Social benefits other than social transfers in kind,_Z,Not applicable,,,,,,,,,,,V,Current prices,N,Non transformed data,,,,,,,F,Free (free for publication),2,Two,A,Normal value,0,Units,_Z,Not applicable
DATAFLOW,OECD.SDD.NAD:DSD_NAAG_VI@DF_NAAG_EXP(1.0),NAAG Chapter 6: Government,I,A,Annual,FRA,France,D62S13,Social benefits other than social transfers in kind,_T,Total,PT_B1GQ,Percentage of GDP,NAAG_VI,Part VI: General Government,2019,,19.3470555217591,,N,Neither seasonally adjusted nor calendar adjusted,_Z,Not applicable,S13,General government,_Z,Not applicable,N,Non-consolidated,D,Expenditure,D62,Social benefits other than social transfers in kind,_Z,Not applicable,,,,,,,,,,,V,Current prices,N,Non transformed data,,,,,,,F,Free (free for publication),2,Two,A,Normal value,0,Units,_Z,Not applicable
DATAFLOW,OECD.SDD.NAD:DSD_NAAG_VI@DF_NAAG_EXP(1.0),NAAG Chapter 6: Government,I,A,Annual,FRA,France,D62S13,Social benefits other than social transfers in kind,_T,Total,PT_B1GQ,Percentage of GDP,NAAG_VI,Part VI: General Government,2018,,19.4091245730806,,N,Neither seasonally adjusted nor calendar adjusted,_Z,Not applicable,S13,General government,_Z,Not applicable,N,Non-consolidated,D,Expenditure,D62,Social benefits other than social transfers in kind,_Z,Not applicable,,,,,,,,,,,V,Current prices,N,Non transformed data,,,,,,,F,Free (free for publication),2,Two,A,Normal value,0,Units,_Z,Not applicable
DATAFLOW,OECD.SDD.NAD:DSD_NAAG_VI@DF_NAAG_EXP(1.0),NAAG Chapter 6: Government,I,A,Annual,FRA,France,D62S13,Social benefits other than social transfers in kind,_T,Total,PT_B1GQ,Percentage of GDP,NAAG_VI,Part VI: General Government,2017,,19.5361918906235,,N,Neither seasonally adjusted nor calendar adjusted,_Z,Not applicable,S13,General government,_Z,Not applicable,N,Non-consolidated,D,Expenditure,D62,Social benefits other than social transfers in kind,_Z,Not applicable,,,,,,,,,,,V,Current prices,N,Non transformed data,,,,,,,F,Free (free for publication),2,Two,A,Normal value,0,Units,_Z,Not applicable
DATAFLOW,OECD.SDD.NAD:DSD_NAAG_VI@DF_NAAG_EXP(1.0),NAAG Chapter 6: Government,I,A,Annual,FRA,France,D62S13,Social benefits other than social transfers in kind,_T,Total,PT_B1GQ,Percentage of GDP,NAAG_VI,Part VI: General Government,2016,,19.7380280624882,,N,Neither seasonally adjusted nor calendar adjusted,_Z,Not applicable,S13,General government,_Z,Not applicable,N,Non-consolidated,D,Expenditure,D62,Social benefits other than social transfers in kind,_Z,Not applicable,,,,,,,,,,,V,Current prices,N,Non transformed data,,,,,,,F,Free (free for publication),2,Two,A,Normal value,0,Units,_Z,Not applicable
DATAFLOW,OECD.SDD.NAD:DSD_NAAG_VI@DF_NAAG_EXP(1.0),NAAG Chapter 6: Government,I,A,Annual,FRA,France,D62S13,Social benefits other than social transfers in kind,_T,Total,PT_B1GQ,Percentage of GDP,NAAG_VI,Part VI: General Government,2015,,19.7090299198474,,N,Neither seasonally adjusted nor calendar adjusted,_Z,Not applicable,S13,General government,_Z,Not applicable,N,Non-consolidated,D,Expenditure,D62,Social benefits other than social transfers in kind,_Z,Not applicable,,,,,,,,,,,V,Current prices,N,Non transformed data,,,,,,,F,Free (free for publication),2,Two,A,Normal value,0,Units,_Z,Not applicable
DATAFLOW,OECD.SDD.NAD:DSD_NAAG_VI@DF_NAAG_EXP(1.0),NAAG Chapter 6: Government,I,A,Annual,FRA,France,D62S13,Social benefits other than social transfers in kind,_T,Total,PT_B1GQ,Percentage of GDP,NAAG_VI,Part VI: General Government,2014,,19.827312864347,,N,Neither seasonally adjusted nor calendar adjusted,_Z,Not applicable,S13,General government,_Z,Not applicable,N,Non-consolidated,D,Expenditure,D62,Social benefits other than social transfers in kind,_Z,Not applicable,,,,,,,,,,,V,Current prices,N,Non transformed data,,,,,,,F,Free (free for publication),2,Two,A,Normal value,0,Units,_Z,Not applicable
DATAFLOW,OECD.SDD.NAD:DSD_NAAG_VI@DF_NAAG_EXP(1.0),NAAG Chapter 6: Government,I,A,Annual,FRA,France,D62S13,Social benefits other than social transfers in kind,_T,Total,PT_B1GQ,Percentage of GDP,NAAG_VI,Part VI: General Government,2013,,19.7422654230178,,N,Neither seasonally adjusted nor calendar adjusted,_Z,Not applicable,S13,General government,_Z,Not applicable,N,Non-consolidated,D,Expenditure,D62,Social benefits other than social transfers in kind,_Z,Not applicable,,,,,,,,,,,V,Current prices,N,Non transformed data,,,,,,,F,Free (free for publication),2,Two,A,Normal value,0,Units,_Z,Not applicable
DATAFLOW,OECD.SDD.NAD:DSD_NAAG_VI@DF_NAAG_EXP(1.0),NAAG Chapter 6: Government,I,A,Annual,FRA,France,D62S13,Social benefits other than social transfers in kind,_T,Total,PT_B1GQ,Percentage of GDP,NAAG_VI,Part VI: General Government,2012,,19.4651673067687,,N,Neither seasonally adjusted nor calendar adjusted,_Z,Not applicable,S13,General government,_Z,Not applicable,N,Non-consolidated,D,Expenditure,D62,Social benefits other than social transfers in kind,_Z,Not applicable,,,,,,,,,,,V,Current prices,N,Non transformed data,,,,,,,F,Free (free for publication),2,Two,A,Normal value,0,Units,_Z,Not applicable
DATAFLOW,OECD.SDD.NAD:DSD_NAAG_VI@DF_NAAG_EXP(1.0),NAAG Chapter 6: Government,I,A,Annual,FRA,France,D62S13,Social benefits other than social transfers in kind,_T,Total,PT_B1GQ,Percentage of GDP,NAAG_VI,Part VI: General Government,2011,,19.0339226980264,,N,Neither seasonally adjusted nor calendar adjusted,_Z,Not applicable,S13,General government,_Z,Not applicable,N,Non-consolidated,D,Expenditure,D62,Social benefits other than social transfers in kind,_Z,Not applicable,,,,,,,,,,,V,Current prices,N,Non transformed data,,,,,,,F,Free (free for publication),2,Two,A,Normal value,0,Units,_Z,Not applicable
DATAFLOW,OECD.SDD.NAD:DSD_NAAG_VI@DF_NAAG_EXP(1.0),NAAG Chapter 6: Government,I,A,Annual,FRA,France,D62S13,Social benefits other than social transfers in kind,_T,Total,PT_B1GQ,Percentage of GDP,NAAG_VI,Part VI: General Government,2010,,19.0908047497812,,N,Neither seasonally adjusted nor calendar adjusted,_Z,Not applicable,S13,General government,_Z,Not applicable,N,Non-consolidated,D,Expenditure,D62,Social benefits other than social transfers in kind,_Z,Not applicable,,,,,,,,,,,V,Current prices,N,Non transformed data,,,,,,,F,Free (free for publication),2,Two,A,Normal value,0,Units,_Z,Not applicable
DATAFLOW,OECD.SDD.NAD:DSD_NAAG_VI@DF_NAAG_EXP(1.0),NAAG Chapter 6: Government,I,A,Annual,FRA,France,D62S13,Social benefits other than social transfers in kind,_T,Total,PT_B1GQ,Percentage of GDP,NAAG_VI,Part VI: General Government,2009,,19.094256850333,,N,Neither seasonally adjusted nor calendar adjusted,_Z,Not applicable,S13,General government,_Z,Not applicable,N,Non-consolidated,D,Expenditure,D62,Social benefits other than social transfers in kind,_Z,Not applicable,,,,,,,,,,,V,Current prices,N,Non transformed data,,,,,,,F,Free (free for publication),2,Two,A,Normal value,0,Units,_Z,Not applicable
DATAFLOW,OECD.SDD.NAD:DSD_NAAG_VI@DF_NAAG_EXP(1.0),NAAG Chapter 6: Government,I,A,Annual,FRA,France,D62S13,Social benefits other than social transfers in kind,_T,Total,PT_B1GQ,Percentage of GDP,NAAG_VI,Part VI: General Government,2008,,17.57383179505,,N,Neither seasonally adjusted nor calendar adjusted,_Z,Not applicable,S13,General government,_Z,Not applicable,N,Non-consolidated,D,Expenditure,D62,Social benefits other than social transfers in kind,_Z,Not applicable,,,,,,,,,,,V,Current prices,N,Non transformed data,,,,,,,F,Free (free for publication),2,Two,A,Normal value,0,Units,_Z,Not applicable
DATAFLOW,OECD.SDD.NAD:DSD_NAAG_VI@DF_NAAG_EXP(1.0),NAAG Chapter 6: Government,I,A,Annual,FRA,France,D62S13,Social benefits other than social transfers in kind,_T,Total,PT_B1GQ,Percentage of GDP,NAAG_VI,Part VI: General Government,2007,,17.448384089325,,N,Neither seasonally adjusted nor calendar adjusted,_Z,Not applicable,S13,General government,_Z,Not applicable,N,Non-consolidated,D,Expenditure,D62,Social benefits other than social transfers in kind,_Z,Not applicable,,,,,,,,,,,V,Current prices,N,Non transformed data,,,,,,,F,Free (free for publication),2,Two,A,Normal value,0,Units,_Z,Not applicable
DATAFLOW,OECD.SDD.NAD:DSD_NAAG_VI@DF_NAAG_EXP(1.0),NAAG Chapter 6: Government,I,A,Annual,FRA,France,D62S13,Social benefits other than social transfers in kind,_T,Total,PT_B1GQ,Percentage of GDP,NAAG_VI,Part VI: General Government,2006,,17.5488488537074,,N,Neither seasonally adjusted nor calendar adjusted,_Z,Not applicable,S13,General government,_Z,Not applicable,N,Non-consolidated,D,Expenditure,D62,Social benefits other than social transfers in kind,_Z,Not applicable,,,,,,,,,,,V,Current prices,N,Non transformed data,,,,,,,F,Free (free for publication),2,Two,A,Normal value,0,Units,_Z,Not applicable
DATAFLOW,OECD.SDD.NAD:DSD_NAAG_VI@DF_NAAG_EXP(1.0),NAAG Chapter 6: Government,I,A,Annual,FRA,France,D62S13,Social benefits other than social transfers in kind,_T,Total,PT_B1GQ,Percentage of GDP,NAAG_VI,Part VI: General Government,2024,,19.23042140105,,N,Neither seasonally adjusted nor calendar adjusted,_Z,Not applicable,S13,General government,_Z,Not applicable,N,Non-consolidated,D,Expenditure,D62,Social benefits other than social transfers in kind,_Z,Not applicable,,,,,,,,,,,V,Current prices,N,Non transformed data,,,,,,,F,Free (free for publication),2,Two,A,Normal value,0,Units,_Z,Not applicable
DATAFLOW,OECD.SDD.NAD:DSD_NAAG_VI@DF_NAAG_EXP(1.0),NAAG Chapter 6: Government,I,A,Annual,MEX,Mexico,D62S13,Social benefits other than social transfers in kind,_T,Total,PT_B1GQ,Percentage of GDP,NAAG_VI,Part VI: General Government,2009,,1.90031813559376,,N,Neither seasonally adjusted nor calendar adjusted,_Z,Not applicable,S13,General government,_Z,Not applicable,N,Non-consolidated,D,Expenditure,D62,Social benefits other than social transfers in kind,_Z,Not applicable,,,,,,,,,,,V,Current prices,N,Non transformed data,,,,,,,F,Free (free for publication),2,Two,A,Normal value,0,Units,_Z,Not applicable
DATAFLOW,OECD.SDD.NAD:DSD_NAAG_VI@DF_NAAG_EXP(1.0),NAAG Chapter 6: Government,I,A,Annual,MEX,Mexico,D62S13,Social benefits other than social transfers in kind,_T,Total,PT_B1GQ,Percentage of GDP,NAAG_VI,Part VI: General Government,2023,,3.98736593786476,,N,Neither seasonally adjusted nor calendar adjusted,_Z,Not applicable,S13,General government,_Z,Not applicable,N,Non-consolidated,D,Expenditure,D62,Social benefits other than social transfers in kind,_Z,Not applicable,,,,,,,,,,,V,Current prices,N,Non transformed data,,,,,,,F,Free (free for publication),2,Two,A,Normal value,0,Units,_Z,Not applicable
DATAFLOW,OECD.SDD.NAD:DSD_NAAG_VI@DF_NAAG_EXP(1.0),NAAG Chapter 6: Government,I,A,Annual,MEX,Mexico,D62S13,Social benefits other than social transfers in kind,_T,Total,PT_B1GQ,Percentage of GDP,NAAG_VI,Part VI: General Government,2008,,1.60883772048877,,N,Neither seasonally adjusted nor calendar adjusted,_Z,Not applicable,S13,General government,_Z,Not applicable,N,Non-consolidated,D,Expenditure,D62,Social benefits other than social transfers in kind,_Z,Not applicable,,,,,,,,,,,V,Current prices,N,Non transformed data,,,,,,,F,Free (free for publication),2,Two,A,Normal value,0,Units,_Z,Not applicable
DATAFLOW,OECD.SDD.NAD:DSD_NAAG_VI@DF_NAAG_EXP(1.0),NAAG Chapter 6: Government,I,A,Annual,MEX,Mexico,D62S13,Social benefits other than social transfers in kind,_T,Total,PT_B1GQ,Percentage of GDP,NAAG_VI,Part VI: General Government,2007,,1.54928716117629,,N,Neither seasonally adjusted nor calendar adjusted,_Z,Not applicable,S13,General government,_Z,Not applicable,N,Non-consolidated,D,Expenditure,D62,Social benefits other than social transfers in kind,_Z,Not applicable,,,,,,,,,,,V,Current prices,N,Non transformed data,,,,,,,F,Free (free for publication),2,Two,A,Normal value,0,Units,_Z,Not applicable
DATAFLOW,OECD.SDD.NAD:DSD_NAAG_VI@DF_NAAG_EXP(1.0),NAAG Chapter 6: Government,I,A,Annual,MEX,Mexico,D62S13,Social benefits other than social transfers in kind,_T,Total,PT_B1GQ,Percentage of GDP,NAAG_VI,Part VI: General Government,2006,,1.43321979102022,,N,Neither seasonally adjusted nor calendar adjusted,_Z,Not applicable,S13,General government,_Z,Not applicable,N,Non-consolidated,D,Expenditure,D62,Social benefits other than social transfers in kind,_Z,Not applicable,,,,,,,,,,,V,Current prices,N,Non transformed data,,,,,,,F,Free (free for publication),2,Two,A,Normal value,0,Units,_Z,Not applicable
DATAFLOW,OECD.SDD.NAD:DSD_NAAG_VI@DF_NAAG_EXP(1.0),NAAG Chapter 6: Government,I,A,Annual,MEX,Mexico,D62S13,Social benefits other than social transfers in kind,_T,Total,PT_B1GQ,Percentage of GDP,NAAG_VI,Part VI: General Government,2005,,1.43884570318031,,N,Neither seasonally adjusted nor calendar adjusted,_Z,Not applicable,S13,General government,_Z,Not applicable,N,Non-consolidated,D,Expenditure,D62,Social benefits other than social transfers in kind,_Z,Not applicable,,,,,,,,,,,V,Current prices,N,Non transformed data,,,,,,,F,Free (free for publication),2,Two,A,Normal value,0,Units,_Z,Not applicable
DATAFLOW,OECD.SDD.NAD:DSD_NAAG_VI@DF_NAAG_EXP(1.0),NAAG Chapter 6: Government,I,A,Annual,MEX,Mexico,D62S13,Social benefits other than social transfers in kind,_T,Total,PT_B1GQ,Percentage of GDP,NAAG_VI,Part VI: General Government,2004,,1.3820449050238,,N,Neither seasonally adjusted nor calendar adjusted,_Z,Not applicable,S13,General government,_Z,Not applicable,N,Non-consolidated,D,Expenditure,D62,Social benefits other than social transfers in kind,_Z,Not applicable,,,,,,,,,,,V,Current prices,N,Non transformed data,,,,,,,F,Free (free for publication),2,Two,A,Normal value,0,Units,_Z,Not applicable
DATAFLOW,OECD.SDD.NAD:DSD_NAAG_VI@DF_NAAG_EXP(1.0),NAAG Chapter 6: Government,I,A,Annual,MEX,Mexico,D62S13,Social benefits other than social transfers in kind,_T,Total,PT_B1GQ,Percentage of GDP,NAAG_VI,Part VI: General Government,2003,,1.4791731908525,,N,Neither seasonally adjusted nor calendar adjusted,_Z,Not applicable,S13,General government,_Z,Not applicable,N,Non-consolidated,D,Expenditure,D62,Social benefits other than social transfers in kind,_Z,Not applicable,,,,,,,,,,,V,Current prices,N,Non transformed data,,,,,,,F,Free (free for publication),2,Two,A,Normal value,0,Units,_Z,Not applicable
DATAFLOW,OECD.SDD.NAD:DSD_NAAG_VI@DF_NAAG_EXP(1.0),NAAG Chapter 6: Government,I,A,Annual,MEX,Mexico,D62S13,Social benefits other than social transfers in kind,_T,Total,PT_B1GQ,Percentage of GDP,NAAG_VI,Part VI: General Government,2022,,3.82147988137412,,N,Neither seasonally adjusted nor calendar adjusted,_Z,Not applicable,S13,General government,_Z,Not applicable,N,Non-consolidated,D,Expenditure,D62,Social benefits other than social transfers in kind,_Z,Not applicable,,,,,,,,,,,V,Current prices,N,Non transformed data,,,,,,,F,Free (free for publication),2,Two,A,Normal value,0,Units,_Z,Not applicable
DATAFLOW,OECD.SDD.NAD:DSD_NAAG_VI@DF_NAAG_EXP(1.0),NAAG Chapter 6: Government,I,A,Annual,MEX,Mexico,D62S13,Social benefits other than social transfers in kind,_T,Total,PT_B1GQ,Percentage of GDP,NAAG_VI,Part VI: General Government,2021,,3.76594358364975,,N,Neither seasonally adjusted nor calendar adjusted,_Z,Not applicable,S13,General government,_Z,Not applicable,N,Non-consolidated,D,Expenditure,D62,Social benefits other than social transfers in kind,_Z,Not applicable,,,,,,,,,,,V,Current prices,N,Non transformed data,,,,,,,F,Free (free for publication),2,Two,A,Normal value,0,Units,_Z,Not applicable
DATAFLOW,OECD.SDD.NAD:DSD_NAAG_VI@DF_NAAG_EXP(1.0),NAAG Chapter 6: Government,I,A,Annual,MEX,Mexico,D62S13,Social benefits other than social transfers in kind,_T,Total,PT_B1GQ,Percentage of GDP,NAAG_VI,Part VI: General Government,2020,,3.74301221867133,,N,Neither seasonally adjusted nor calendar adjusted,_Z,Not applicable,S13,General government,_Z,Not applicable,N,Non-consolidated,D,Expenditure,D62,Social benefits other than social transfers in kind,_Z,Not applicable,,,,,,,,,,,V,Current prices,N,Non transformed data,,,,,,,F,Free (free for publication),2,Two,A,Normal value,0,Units,_Z,Not applicable
DATAFLOW,OECD.SDD.NAD:DSD_NAAG_VI@DF_NAAG_EXP(1.0),NAAG Chapter 6: Government,I,A,Annual,MEX,Mexico,D62S13,Social benefits other than social transfers in kind,_T,Total,PT_B1GQ,Percentage of GDP,NAAG_VI,Part VI: General Government,2019,,3.33730155578769,,N,Neither seasonally adjusted nor calendar adjusted,_Z,Not applicable,S13,General government,_Z,Not applicable,N,Non-consolidated,D,Expenditure,D62,Social benefits other than social transfers in kind,_Z,Not applicable,,,,,,,,,,,V,Current prices,N,Non transformed data,,,,,,,F,Free (free for publication),2,Two,A,Normal value,0,Units,_Z,Not applicable
DATAFLOW,OECD.SDD.NAD:DSD_NAAG_VI@DF_NAAG_EXP(1.0),NAAG Chapter 6: Government,I,A,Annual,MEX,Mexico,D62S13,Social benefits other than social transfers in kind,_T,Total,PT_B1GQ,Percentage of GDP,NAAG_VI,Part VI: General Government,2018,,3.08635055388955,,N,Neither seasonally adjusted nor calendar adjusted,_Z,Not applicable,S13,General government,_Z,Not applicable,N,Non-consolidated,D,Expenditure,D62,Social benefits other than social transfers in kind,_Z,Not applicable,,,,,,,,,,,V,Current prices,N,Non transformed data,,,,,,,F,Free (free for publication),2,Two,A,Normal value,0,Units,_Z,Not applicable
DATAFLOW,OECD.SDD.NAD:DSD_NAAG_VI@DF_NAAG_EXP(1.0),NAAG Chapter 6: Government,I,A,Annual,MEX,Mexico,D62S13,Social benefits other than social transfers in kind,_T,Total,PT_B1GQ,Percentage of GDP,NAAG_VI,Part VI: General Government,2017,,2.83563382104079,,N,Neither seasonally adjusted nor calendar adjusted,_Z,Not applicable,S13,General government,_Z,Not applicable,N,Non-consolidated,D,Expenditure,D62,Social benefits other than social transfers in kind,_Z,Not applicable,,,,,,,,,,,V,Current prices,N,Non transformed data,,,,,,,F,Free (free for publication),2,Two,A,Normal value,0,Units,_Z,Not applicable
DATAFLOW,OECD.SDD.NAD:DSD_NAAG_VI@DF_NAAG_EXP(1.0),NAAG Chapter 6: Government,I,A,Annual,MEX,Mexico,D62S13,Social benefits other than social transfers in kind,_T,Total,PT_B1GQ,Percentage of GDP,NAAG_VI,Part VI: General Government,2016,,2.65715577138548,,N,Neither seasonally adjusted nor calendar adjusted,_Z,Not applicable,S13,General government,_Z,Not applicable,N,Non-consolidated,D,Expenditure,D62,Social benefits other than social transfers in kind,_Z,Not applicable,,,,,,,,,,,V,Current prices,N,Non transformed data,,,,,,,F,Free (free for publication),2,Two,A,Normal value,0,Units,_Z,Not applicable
DATAFLOW,OECD.SDD.NAD:DSD_NAAG_VI@DF_NAAG_EXP(1.0),NAAG Chapter 6: Government,I,A,Annual,MEX,Mexico,D62S13,Social benefits other than social transfers in kind,_T,Total,PT_B1GQ,Percentage of GDP,NAAG_VI,Part VI: General Government,2015,,2.5868056978258,,N,Neither seasonally adjusted nor calendar adjusted,_Z,Not applicable,S13,General government,_Z,Not applicable,N,Non-consolidated,D,Expenditure,D62,Social benefits other than social transfers in kind,_Z,Not applicable,,,,,,,,,,,V,Current prices,N,Non transformed data,,,,,,,F,Free (free for publication),2,Two,A,Normal value,0,Units,_Z,Not applicable
DATAFLOW,OECD.SDD.NAD:DSD_NAAG_VI@DF_NAAG_EXP(1.0),NAAG Chapter 6: Government,I,A,Annual,MEX,Mexico,D62S13,Social benefits other than social transfers in kind,_T,Total,PT_B1GQ,Percentage of GDP,NAAG_VI,Part VI: General Government,2014,,2.51505781968996,,N,Neither seasonally adjusted nor calendar adjusted,_Z,Not applicable,S13,General government,_Z,Not applicable,N,Non-consolidated,D,Expenditure,D62,Social benefits other than social transfers in kind,_Z,Not applicable,,,,,,,,,,,V,Current prices,N,Non transformed data,,,,,,,F,Free (free for publication),2,Two,A,Normal value,0,Units,_Z,Not applicable
DATAFLOW,OECD.SDD.NAD:DSD_NAAG_VI@DF_NAAG_EXP(1.0),NAAG Chapter 6: Government,I,A,Annual,MEX,Mexico,D62S13,Social benefits other than social transfers in kind,_T,Total,PT_B1GQ,Percentage of GDP,NAAG_VI,Part VI: General Government,2013,,2.25186606166101,,N,Neither seasonally adjusted nor calendar adjusted,_Z,Not applicable,S13,General government,_Z,Not applicable,N,Non-consolidated,D,Expenditure,D62,Social benefits other than social transfers in kind,_Z,Not applicable,,,,,,,,,,,V,Current prices,N,Non transformed data,,,,,,,F,Free (free for publication),2,Two,A,Normal value,0,Units,_Z,Not applicable
DATAFLOW,OECD.SDD.NAD:DSD_NAAG_VI@DF_NAAG_EXP(1.0),NAAG Chapter 6: Government,I,A,Annual,MEX,Mexico,D62S13,Social benefits other than social transfers in kind,_T,Total,PT_B1GQ,Percentage of GDP,NAAG_VI,Part VI: General Government,2012,,2.13685189527156,,N,Neither seasonally adjusted nor calendar adjusted,_Z,Not applicable,S13,General government,_Z,Not applicable,N,Non-consolidated,D,Expenditure,D62,Social benefits other than social transfers in kind,_Z,Not applicable,,,,,,,,,,,V,Current prices,N,Non transformed data,,,,,,,F,Free (free for publication),2,Two,A,Normal value,0,Units,_Z,Not applicable
DATAFLOW,OECD.SDD.NAD:DSD_NAAG_VI@DF_NAAG_EXP(1.0),NAAG Chapter 6: Government,I,A,Annual,MEX,Mexico,D62S13,Social benefits other than social transfers in kind,_T,Total,PT_B1GQ,Percentage of GDP,NAAG_VI,Part VI: General Government,2011,,2.0656567982606,,N,Neither seasonally adjusted nor calendar adjusted,_Z,Not applicable,S13,General government,_Z,Not applicable,N,Non-consolidated,D,Expenditure,D62,Social benefits other than social transfers in kind,_Z,Not applicable,,,,,,,,,,,V,Current prices,N,Non transformed data,,,,,,,F,Free (free for publication),2,Two,A,Normal value,0,Units,_Z,Not applicable
DATAFLOW,OECD.SDD.NAD:DSD_NAAG_VI@DF_NAAG_EXP(1.0),NAAG Chapter 6: Government,I,A,Annual,NLD,Netherlands,D62S13,Social benefits other than social transfers in kind,_T,Total,PT_B1GQ,Percentage of GDP,NAAG_VI,Part VI: General Government,2021,,10.4943076664236,,N,Neither seasonally adjusted nor calendar adjusted,_Z,Not applicable,S13,General government,_Z,Not applicable,N,Non-consolidated,D,Expenditure,D62,Social benefits other than social transfers in kind,_Z,Not applicable,,,,,,,,,,,V,Current prices,N,Non transformed data,,,,,,,F,Free (free for publication),2,Two,A,Normal value,0,Units,_Z,Not applicable
DATAFLOW,OECD.SDD.NAD:DSD_NAAG_VI@DF_NAAG_EXP(1.0),NAAG Chapter 6: Government,I,A,Annual,NLD,Netherlands,D62S13,Social benefits other than social transfers in kind,_T,Total,PT_B1GQ,Percentage of GDP,NAAG_VI,Part VI: General Government,2020,,11.1796860359869,,N,Neither seasonally adjusted nor calendar adjusted,_Z,Not applicable,S13,General government,_Z,Not applicable,N,Non-consolidated,D,Expenditure,D62,Social benefits other than social transfers in kind,_Z,Not applicable,,,,,,,,,,,V,Current prices,N,Non transformed data,,,,,,,F,Free (free for publication),2,Two,A,Normal value,0,Units,_Z,Not applicable
DATAFLOW,OECD.SDD.NAD:DSD_NAAG_VI@DF_NAAG_EXP(1.0),NAAG Chapter 6: Government,I,A,Annual,NLD,Netherlands,D62S13,Social benefits other than social transfers in kind,_T,Total,PT_B1GQ,Percentage of GDP,NAAG_VI,Part VI: General Government,2005,,10.7883974963932,,N,Neither seasonally adjusted nor calendar adjusted,_Z,Not applicable,S13,General government,_Z,Not applicable,N,Non-consolidated,D,Expenditure,D62,Social benefits other than social transfers in kind,_Z,Not applicable,,,,,,,,,,,V,Current prices,N,Non transformed data,,,,,,,F,Free (free for publication),2,Two,A,Normal value,0,Units,_Z,Not applicable
DATAFLOW,OECD.SDD.NAD:DSD_NAAG_VI@DF_NAAG_EXP(1.0),NAAG Chapter 6: Government,I,A,Annual,NLD,Netherlands,D62S13,Social benefits other than social transfers in kind,_T,Total,PT_B1GQ,Percentage of GDP,NAAG_VI,Part VI: General Government,2004,,11.2048580345503,,N,Neither seasonally adjusted nor calendar adjusted,_Z,Not applicable,S13,General government,_Z,Not applicable,N,Non-consolidated,D,Expenditure,D62,Social benefits other than social transfers in kind,_Z,Not applicable,,,,,,,,,,,V,Current prices,N,Non transformed data,,,,,,,F,Free (free for publication),2,Two,A,Normal value,0,Units,_Z,Not applicable
DATAFLOW,OECD.SDD.NAD:DSD_NAAG_VI@DF_NAAG_EXP(1.0),NAAG Chapter 6: Government,I,A,Annual,NLD,Netherlands,D62S13,Social benefits other than social transfers in kind,_T,Total,PT_B1GQ,Percentage of GDP,NAAG_VI,Part VI: General Government,2003,,11.3116890431364,,N,Neither seasonally adjusted nor calendar adjusted,_Z,Not applicable,S13,General government,_Z,Not applicable,N,Non-consolidated,D,Expenditure,D62,Social benefits other than social transfers in kind,_Z,Not applicable,,,,,,,,,,,V,Current prices,N,Non transformed data,,,,,,,F,Free (free for publication),2,Two,A,Normal value,0,Units,_Z,Not applicable
DATAFLOW,OECD.SDD.NAD:DSD_NAAG_VI@DF_NAAG_EXP(1.0),NAAG Chapter 6: Government,I,A,Annual,NLD,Netherlands,D62S13,Social benefits other than social transfers in kind,_T,Total,PT_B1GQ,Percentage of GDP,NAAG_VI,Part VI: General Government,2002,,10.8528318694932,,N,Neither seasonally adjusted nor calendar adjusted,_Z,Not applicable,S13,General government,_Z,Not applicable,N,Non-consolidated,D,Expenditure,D62,Social benefits other than social transfers in kind,_Z,Not applicable,,,,,,,,,,,V,Current prices,N,Non transformed data,,,,,,,F,Free (free for publication),2,Two,A,Normal value,0,Units,_Z,Not applicable
DATAFLOW,OECD.SDD.NAD:DSD_NAAG_VI@DF_NAAG_EXP(1.0),NAAG Chapter 6: Government,I,A,Annual,NLD,Netherlands,D62S13,Social benefits other than social transfers in kind,_T,Total,PT_B1GQ,Percentage of GDP,NAAG_VI,Part VI: General Government,2001,,10.8247177191417,,N,Neither seasonally adjusted nor calendar adjusted,_Z,Not applicable,S13,General government,_Z,Not applicable,N,Non-consolidated,D,Expenditure,D62,Social benefits other than social transfers in kind,_Z,Not applicable,,,,,,,,,,,V,Current prices,N,Non transformed data,,,,,,,F,Free (free for publication),2,Two,A,Normal value,0,Units,_Z,Not applicable
DATAFLOW,OECD.SDD.NAD:DSD_NAAG_VI@DF_NAAG_EXP(1.0),NAAG Chapter 6: Government,I,A,Annual,NLD,Netherlands,D62S13,Social benefits other than social transfers in kind,_T,Total,PT_B1GQ,Percentage of GDP,NAAG_VI,Part VI: General Government,2000,,11.0267563927632,,N,Neither seasonally adjusted nor calendar adjusted,_Z,Not applicable,S13,General government,_Z,Not applicable,N,Non-consolidated,D,Expenditure,D62,Social benefits other than social transfers in kind,_Z,Not applicable,,,,,,,,,,,V,Current prices,N,Non transformed data,,,,,,,F,Free (free for publication),2,Two,A,Normal value,0,Units,_Z,Not applicable
DATAFLOW,OECD.SDD.NAD:DSD_NAAG_VI@DF_NAAG_EXP(1.0),NAAG Chapter 6: Government,I,A,Annual,NLD,Netherlands,D62S13,Social benefits other than social transfers in kind,_T,Total,PT_B1GQ,Percentage of GDP,NAAG_VI,Part VI: General Government,2019,,10.5181334037145,,N,Neither seasonally adjusted nor calendar adjusted,_Z,Not applicable,S13,General government,_Z,Not applicable,N,Non-consolidated,D,Expenditure,D62,Social benefits other than social transfers in kind,_Z,Not applicable,,,,,,,,,,,V,Current prices,N,Non transformed data,,,,,,,F,Free (free for publication),2,Two,A,Normal value,0,Units,_Z,Not applicable
DATAFLOW,OECD.SDD.NAD:DSD_NAAG_VI@DF_NAAG_EXP(1.0),NAAG Chapter 6: Government,I,A,Annual,NLD,Netherlands,D62S13,Social benefits other than social transfers in kind,_T,Total,PT_B1GQ,Percentage of GDP,NAAG_VI,Part VI: General Government,2018,,10.8498576732595,,N,Neither seasonally adjusted nor calendar adjusted,_Z,Not applicable,S13,General government,_Z,Not applicable,N,Non-consolidated,D,Expenditure,D62,Social benefits other than social transfers in kind,_Z,Not applicable,,,,,,,,,,,V,Current prices,N,Non transformed data,,,,,,,F,Free (free for publication),2,Two,A,Normal value,0,Units,_Z,Not applicable
DATAFLOW,OECD.SDD.NAD:DSD_NAAG_VI@DF_NAAG_EXP(1.0),NAAG Chapter 6: Government,I,A,Annual,NLD,Netherlands,D62S13,Social benefits other than social transfers in kind,_T,Total,PT_B1GQ,Percentage of GDP,NAAG_VI,Part VI: General Government,2017,,11.2604063868013,,N,Neither seasonally adjusted nor calendar adjusted,_Z,Not applicable,S13,General government,_Z,Not applicable,N,Non-consolidated,D,Expenditure,D62,Social benefits other than social transfers in kind,_Z,Not applicable,,,,,,,,,,,V,Current prices,N,Non transformed data,,,,,,,F,Free (free for publication),2,Two,A,Normal value,0,Units,_Z,Not applicable
DATAFLOW,OECD.SDD.NAD:DSD_NAAG_VI@DF_NAAG_EXP(1.0),NAAG Chapter 6: Government,I,A,Annual,NLD,Netherlands,D62S13,Social benefits other than social transfers in kind,_T,Total,PT_B1GQ,Percentage of GDP,NAAG_VI,Part VI: General Government,2016,,11.7177075016489,,N,Neither seasonally adjusted nor calendar adjusted,_Z,Not applicable,S13,General government,_Z,Not applicable,N,Non-consolidated,D,Expenditure,D62,Social benefits other than social transfers in kind,_Z,Not applicable,,,,,,,,,,,V,Current prices,N,Non transformed data,,,,,,,F,Free (free for publication),2,Two,A,Normal value,0,Units,_Z,Not applicable
DATAFLOW,OECD.SDD.NAD:DSD_NAAG_VI@DF_NAAG_EXP(1.0),NAAG Chapter 6: Government,I,A,Annual,NLD,Netherlands,D62S13,Social benefits other than social transfers in kind,_T,Total,PT_B1GQ,Percentage of GDP,NAAG_VI,Part VI: General Government,2015,,11.9086065720313,,N,Neither seasonally adjusted nor calendar adjusted,_Z,Not applicable,S13,General government,_Z,Not applicable,N,Non-consolidated,D,Expenditure,D62,Social benefits other than social transfers in kind,_Z,Not applicable,,,,,,,,,,,V,Current prices,N,Non transformed data,,,,,,,F,Free (free for publication),2,Two,A,Normal value,0,Units,_Z,Not applicable
DATAFLOW,OECD.SDD.NAD:DSD_NAAG_VI@DF_NAAG_EXP(1.0),NAAG Chapter 6: Government,I,A,Annual,NLD,Netherlands,D62S13,Social benefits other than social transfers in kind,_T,Total,PT_B1GQ,Percentage of GDP,NAAG_VI,Part VI: General Government,2014,,12.183423294387,,N,Neither seasonally adjusted nor calendar adjusted,_Z,Not applicable,S13,General government,_Z,Not applicable,N,Non-consolidated,D,Expenditure,D62,Social benefits other than social transfers in kind,_Z,Not applicable,,,,,,,,,,,V,Current prices,N,Non transformed data,,,,,,,F,Free (free for publication),2,Two,A,Normal value,0,Units,_Z,Not applicable
DATAFLOW,OECD.SDD.NAD:DSD_NAAG_VI@DF_NAAG_EXP(1.0),NAAG Chapter 6: Government,I,A,Annual,NLD,Netherlands,D62S13,Social benefits other than social transfers in kind,_T,Total,PT_B1GQ,Percentage of GDP,NAAG_VI,Part VI: General Government,2013,,12.2729943041046,,N,Neither seasonally adjusted nor calendar adjusted,_Z,Not applicable,S13,General government,_Z,Not applicable,N,Non-consolidated,D,Expenditure,D62,Social benefits other than social transfers in kind,_Z,Not applicable,,,,,,,,,,,V,Current prices,N,Non transformed data,,,,,,,F,Free (free for publication),2,Two,A,Normal value,0,Units,_Z,Not applicable
DATAFLOW,OECD.SDD.NAD:DSD_NAAG_VI@DF_NAAG_EXP(1.0),NAAG Chapter 6: Government,I,A,Annual,NLD,Netherlands,D62S13,Social benefits other than social transfers in kind,_T,Total,PT_B1GQ,Percentage of GDP,NAAG_VI,Part VI: General Government,2012,,11.8295676904192,,N,Neither seasonally adjusted nor calendar adjusted,_Z,Not applicable,S13,General government,_Z,Not applicable,N,Non-consolidated,D,Expenditure,D62,Social benefits other than social transfers in kind,_Z,Not applicable,,,,,,,,,,,V,Current prices,N,Non transformed data,,,,,,,F,Free (free for publication),2,Two,A,Normal value,0,Units,_Z,Not applicable
DATAFLOW,OECD.SDD.NAD:DSD_NAAG_VI@DF_NAAG_EXP(1.0),NAAG Chapter 6: Government,I,A,Annual,NLD,Netherlands,D62S13,Social benefits other than social transfers in kind,_T,Total,PT_B1GQ,Percentage of GDP,NAAG_VI,Part VI: General Government,2011,,11.5080036523666,,N,Neither seasonally adjusted nor calendar adjusted,_Z,Not applicable,S13,General government,_Z,Not applicable,N,Non-consolidated,D,Expenditure,D62,Social benefits other than social transfers in kind,_Z,Not applicable,,,,,,,,,,,V,Current prices,N,Non transformed data,,,,,,,F,Free (free for publication),2,Two,A,Normal value,0,Units,_Z,Not applicable
DATAFLOW,OECD.SDD.NAD:DSD_NAAG_VI@DF_NAAG_EXP(1.0),NAAG Chapter 6: Government,I,A,Annual,NLD,Netherlands,D62S13,Social benefits other than social transfers in kind,_T,Total,PT_B1GQ,Percentage of GDP,NAAG_VI,Part VI: General Government,2010,,11.3593314070125,,N,Neither seasonally adjusted nor calendar adjusted,_Z,Not applicable,S13,General government,_Z,Not applicable,N,Non-consolidated,D,Expenditure,D62,Social benefits other than social transfers in kind,_Z,Not applicable,,,,,,,,,,,V,Current prices,N,Non transformed data,,,,,,,F,Free (free for publication),2,Two,A,Normal value,0,Units,_Z,Not applicable
DATAFLOW,OECD.SDD.NAD:DSD_NAAG_VI@DF_NAAG_EXP(1.0),NAAG Chapter 6: Government,I,A,Annual,NLD,Netherlands,D62S13,Social benefits other than social transfers in kind,_T,Total,PT_B1GQ,Percentage of GDP,NAAG_VI,Part VI: General Government,2009,,11.0347476010556,,N,Neither seasonally adjusted nor calendar adjusted,_Z,Not applicable,S13,General government,_Z,Not applicable,N,Non-consolidated,D,Expenditure,D62,Social benefits other than social transfers in kind,_Z,Not applicable,,,,,,,,,,,V,Current prices,N,Non transformed data,,,,,,,F,Free (free for publication),2,Two,A,Normal value,0,Units,_Z,Not applicable
DATAFLOW,OECD.SDD.NAD:DSD_NAAG_VI@DF_NAAG_EXP(1.0),NAAG Chapter 6: Government,I,A,Annual,NLD,Netherlands,D62S13,Social benefits other than social transfers in kind,_T,Total,PT_B1GQ,Percentage of GDP,NAAG_VI,Part VI: General Government,2008,,10.1084141078061,,N,Neither seasonally adjusted nor calendar adjusted,_Z,Not applicable,S13,General government,_Z,Not applicable,N,Non-consolidated,D,Expenditure,D62,Social benefits other than social transfers in kind,_Z,Not applicable,,,,,,,,,,,V,Current prices,N,Non transformed data,,,,,,,F,Free (free for publication),2,Two,A,Normal value,0,Units,_Z,Not applicable
DATAFLOW,OECD.SDD.NAD:DSD_NAAG_VI@DF_NAAG_EXP(1.0),NAAG Chapter 6: Government,I,A,Annual,NLD,Netherlands,D62S13,Social benefits other than social transfers in kind,_T,Total,PT_B1GQ,Percentage of GDP,NAAG_VI,Part VI: General Government,2007,,10.0159768776846,,N,Neither seasonally adjusted nor calendar adjusted,_Z,Not applicable,S13,General government,_Z,Not applicable,N,Non-consolidated,D,Expenditure,D62,Social benefits other than social transfers in kind,_Z,Not applicable,,,,,,,,,,,V,Current prices,N,Non transformed data,,,,,,,F,Free (free for publication),2,Two,A,Normal value,0,Units,_Z,Not applicable
DATAFLOW,OECD.SDD.NAD:DSD_NAAG_VI@DF_NAAG_EXP(1.0),NAAG Chapter 6: Government,I,A,Annual,NLD,Netherlands,D62S13,Social benefits other than social transfers in kind,_T,Total,PT_B1GQ,Percentage of GDP,NAAG_VI,Part VI: General Government,2006,,10.4078005733312,,N,Neither seasonally adjusted nor calendar adjusted,_Z,Not applicable,S13,General government,_Z,Not applicable,N,Non-consolidated,D,Expenditure,D62,Social benefits other than social transfers in kind,_Z,Not applicable,,,,,,,,,,,V,Current prices,N,Non transformed data,,,,,,,F,Free (free for publication),2,Two,A,Normal value,0,Units,_Z,Not applicable
DATAFLOW,OECD.SDD.NAD:DSD_NAAG_VI@DF_NAAG_EXP(1.0),NAAG Chapter 6: Government,I,A,Annual,NLD,Netherlands,D62S13,Social benefits other than social transfers in kind,_T,Total,PT_B1GQ,Percentage of GDP,NAAG_VI,Part VI: General Government,2024,,10.4211654020977,,N,Neither seasonally adjusted nor calendar adjusted,_Z,Not applicable,S13,General government,_Z,Not applicable,N,Non-consolidated,D,Expenditure,D62,Social benefits other than social transfers in kind,_Z,Not applicable,,,,,,,,,,,V,Current prices,N,Non transformed data,,,,,,,F,Free (free for publication),2,Two,A,Normal value,0,Units,_Z,Not applicable
DATAFLOW,OECD.SDD.NAD:DSD_NAAG_VI@DF_NAAG_EXP(1.0),NAAG Chapter 6: Government,I,A,Annual,NLD,Netherlands,D62S13,Social benefits other than social transfers in kind,_T,Total,PT_B1GQ,Percentage of GDP,NAAG_VI,Part VI: General Government,2023,,10.297780346366,,N,Neither seasonally adjusted nor calendar adjusted,_Z,Not applicable,S13,General government,_Z,Not applicable,N,Non-consolidated,D,Expenditure,D62,Social benefits other than social transfers in kind,_Z,Not applicable,,,,,,,,,,,V,Current prices,N,Non transformed data,,,,,,,F,Free (free for publication),2,Two,A,Normal value,0,Units,_Z,Not applicable
DATAFLOW,OECD.SDD.NAD:DSD_NAAG_VI@DF_NAAG_EXP(1.0),NAAG Chapter 6: Government,I,A,Annual,DNK,Denmark,D62S13,Social benefits other than social transfers in kind,_T,Total,PT_B1GQ,Percentage of GDP,NAAG_VI,Part VI: General Government,2021,,15.1342153951315,,N,Neither seasonally adjusted nor calendar adjusted,_Z,Not applicable,S13,General government,_Z,Not applicable,N,Non-consolidated,D,Expenditure,D62,Social benefits other than social transfers in kind,_Z,Not applicable,,,,,,,,,,,V,Current prices,N,Non transformed data,,,,,,,F,Free (free for publication),2,Two,A,Normal value,0,Units,_Z,Not applicable
DATAFLOW,OECD.SDD.NAD:DSD_NAAG_VI@DF_NAAG_EXP(1.0),NAAG Chapter 6: Government,I,A,Annual,DNK,Denmark,D62S13,Social benefits other than social transfers in kind,_T,Total,PT_B1GQ,Percentage of GDP,NAAG_VI,Part VI: General Government,2020,,16.6116772723367,,N,Neither seasonally adjusted nor calendar adjusted,_Z,Not applicable,S13,General government,_Z,Not applicable,N,Non-consolidated,D,Expenditure,D62,Social benefits other than social transfers in kind,_Z,Not applicable,,,,,,,,,,,V,Current prices,N,Non transformed data,,,,,,,F,Free (free for publication),2,Two,A,Normal value,0,Units,_Z,Not applicable
DATAFLOW,OECD.SDD.NAD:DSD_NAAG_VI@DF_NAAG_EXP(1.0),NAAG Chapter 6: Government,I,A,Annual,DNK,Denmark,D62S13,Social benefits other than social transfers in kind,_T,Total,PT_B1GQ,Percentage of GDP,NAAG_VI,Part VI: General Government,2005,,16.1688866390546,,N,Neither seasonally adjusted nor calendar adjusted,_Z,Not applicable,S13,General government,_Z,Not applicable,N,Non-consolidated,D,Expenditure,D62,Social benefits other than social transfers in kind,_Z,Not applicable,,,,,,,,,,,V,Current prices,N,Non transformed data,,,,,,,F,Free (free for publication),2,Two,A,Normal value,0,Units,_Z,Not applicable
DATAFLOW,OECD.SDD.NAD:DSD_NAAG_VI@DF_NAAG_EXP(1.0),NAAG Chapter 6: Government,I,A,Annual,DNK,Denmark,D62S13,Social benefits other than social transfers in kind,_T,Total,PT_B1GQ,Percentage of GDP,NAAG_VI,Part VI: General Government,2004,,16.8203172851745,,N,Neither seasonally adjusted nor calendar adjusted,_Z,Not applicable,S13,General government,_Z,Not applicable,N,Non-consolidated,D,Expenditure,D62,Social benefits other than social transfers in kind,_Z,Not applicable,,,,,,,,,,,V,Current prices,N,Non transformed data,,,,,,,F,Free (free for publication),2,Two,A,Normal value,0,Units,_Z,Not applicable
DATAFLOW,OECD.SDD.NAD:DSD_NAAG_VI@DF_NAAG_EXP(1.0),NAAG Chapter 6: Government,I,A,Annual,DNK,Denmark,D62S13,Social benefits other than social transfers in kind,_T,Total,PT_B1GQ,Percentage of GDP,NAAG_VI,Part VI: General Government,2003,,17.1458857085397,,N,Neither seasonally adjusted nor calendar adjusted,_Z,Not applicable,S13,General government,_Z,Not applicable,N,Non-consolidated,D,Expenditure,D62,Social benefits other than social transfers in kind,_Z,Not applicable,,,,,,,,,,,V,Current prices,N,Non transformed data,,,,,,,F,Free (free for publication),2,Two,A,Normal value,0,Units,_Z,Not applicable
DATAFLOW,OECD.SDD.NAD:DSD_NAAG_VI@DF_NAAG_EXP(1.0),NAAG Chapter 6: Government,I,A,Annual,DNK,Denmark,D62S13,Social benefits other than social transfers in kind,_T,Total,PT_B1GQ,Percentage of GDP,NAAG_VI,Part VI: General Government,2002,,16.4737097897373,,N,Neither seasonally adjusted nor calendar adjusted,_Z,Not applicable,S13,General government,_Z,Not applicable,N,Non-consolidated,D,Expenditure,D62,Social benefits other than social transfers in kind,_Z,Not applicable,,,,,,,,,,,V,Current prices,N,Non transformed data,,,,,,,F,Free (free for publication),2,Two,A,Normal value,0,Units,_Z,Not applicable
DATAFLOW,OECD.SDD.NAD:DSD_NAAG_VI@DF_NAAG_EXP(1.0),NAAG Chapter 6: Government,I,A,Annual,DNK,Denmark,D62S13,Social benefits other than social transfers in kind,_T,Total,PT_B1GQ,Percentage of GDP,NAAG_VI,Part VI: General Government,2001,,16.3493286113424,,N,Neither seasonally adjusted nor calendar adjusted,_Z,Not applicable,S13,General government,_Z,Not applicable,N,Non-consolidated,D,Expenditure,D62,Social benefits other than social transfers in kind,_Z,Not applicable,,,,,,,,,,,V,Current prices,N,Non transformed data,,,,,,,F,Free (free for publication),2,Two,A,Normal value,0,Units,_Z,Not applicable
DATAFLOW,OECD.SDD.NAD:DSD_NAAG_VI@DF_NAAG_EXP(1.0),NAAG Chapter 6: Government,I,A,Annual,DNK,Denmark,D62S13,Social benefits other than social transfers in kind,_T,Total,PT_B1GQ,Percentage of GDP,NAAG_VI,Part VI: General Government,2000,,16.2812093777893,,N,Neither seasonally adjusted nor calendar adjusted,_Z,Not applicable,S13,General government,_Z,Not applicable,N,Non-consolidated,D,Expenditure,D62,Social benefits other than social transfers in kind,_Z,Not applicable,,,,,,,,,,,V,Current prices,N,Non transformed data,,,,,,,F,Free (free for publication),2,Two,A,Normal value,0,Units,_Z,Not applicable
DATAFLOW,OECD.SDD.NAD:DSD_NAAG_VI@DF_NAAG_EXP(1.0),NAAG Chapter 6: Government,I,A,Annual,DNK,Denmark,D62S13,Social benefits other than social transfers in kind,_T,Total,PT_B1GQ,Percentage of GDP,NAAG_VI,Part VI: General Government,2019,,15.8796307760657,,N,Neither seasonally adjusted nor calendar adjusted,_Z,Not applicable,S13,General government,_Z,Not applicable,N,Non-consolidated,D,Expenditure,D62,Social benefits other than social transfers in kind,_Z,Not applicable,,,,,,,,,,,V,Current prices,N,Non transformed data,,,,,,,F,Free (free for publication),2,Two,A,Normal value,0,Units,_Z,Not applicable
DATAFLOW,OECD.SDD.NAD:DSD_NAAG_VI@DF_NAAG_EXP(1.0),NAAG Chapter 6: Government,I,A,Annual,DNK,Denmark,D62S13,Social benefits other than social transfers in kind,_T,Total,PT_B1GQ,Percentage of GDP,NAAG_VI,Part VI: General Government,2018,,15.9071666589809,,N,Neither seasonally adjusted nor calendar adjusted,_Z,Not applicable,S13,General government,_Z,Not applicable,N,Non-consolidated,D,Expenditure,D62,Social benefits other than social transfers in kind,_Z,Not applicable,,,,,,,,,,,V,Current prices,N,Non transformed data,,,,,,,F,Free (free for publication),2,Two,A,Normal value,0,Units,_Z,Not applicable
DATAFLOW,OECD.SDD.NAD:DSD_NAAG_VI@DF_NAAG_EXP(1.0),NAAG Chapter 6: Government,I,A,Annual,DNK,Denmark,D62S13,Social benefits other than social transfers in kind,_T,Total,PT_B1GQ,Percentage of GDP,NAAG_VI,Part VI: General Government,2017,,16.1570473497135,,N,Neither seasonally adjusted nor calendar adjusted,_Z,Not applicable,S13,General government,_Z,Not applicable,N,Non-consolidated,D,Expenditure,D62,Social benefits other than social transfers in kind,_Z,Not applicable,,,,,,,,,,,V,Current prices,N,Non transformed data,,,,,,,F,Free (free for publication),2,Two,A,Normal value,0,Units,_Z,Not applicable
DATAFLOW,OECD.SDD.NAD:DSD_NAAG_VI@DF_NAAG_EXP(1.0),NAAG Chapter 6: Government,I,A,Annual,DNK,Denmark,D62S13,Social benefits other than social transfers in kind,_T,Total,PT_B1GQ,Percentage of GDP,NAAG_VI,Part VI: General Government,2016,,16.5984124668834,,N,Neither seasonally adjusted nor calendar adjusted,_Z,Not applicable,S13,General government,_Z,Not applicable,N,Non-consolidated,D,Expenditure,D62,Social benefits other than social transfers in kind,_Z,Not applicable,,,,,,,,,,,V,Current prices,N,Non transformed data,,,,,,,F,Free (free for publication),2,Two,A,Normal value,0,Units,_Z,Not applicable
DATAFLOW,OECD.SDD.NAD:DSD_NAAG_VI@DF_NAAG_EXP(1.0),NAAG Chapter 6: Government,I,A,Annual,DNK,Denmark,D62S13,Social benefits other than social transfers in kind,_T,Total,PT_B1GQ,Percentage of GDP,NAAG_VI,Part VI: General Government,2015,,17.067480566374,,N,Neither seasonally adjusted nor calendar adjusted,_Z,Not applicable,S13,General government,_Z,Not applicable,N,Non-consolidated,D,Expenditure,D62,Social benefits other than social transfers in kind,_Z,Not applicable,,,,,,,,,,,V,Current prices,N,Non transformed data,,,,,,,F,Free (free for publication),2,Two,A,Normal value,0,Units,_Z,Not applicable
DATAFLOW,OECD.SDD.NAD:DSD_NAAG_VI@DF_NAAG_EXP(1.0),NAAG Chapter 6: Government,I,A,Annual,DNK,Denmark,D62S13,Social benefits other than social transfers in kind,_T,Total,PT_B1GQ,Percentage of GDP,NAAG_VI,Part VI: General Government,2014,,17.274337187974,,N,Neither seasonally adjusted nor calendar adjusted,_Z,Not applicable,S13,General government,_Z,Not applicable,N,Non-consolidated,D,Expenditure,D62,Social benefits other than social transfers in kind,_Z,Not applicable,,,,,,,,,,,V,Current prices,N,Non transformed data,,,,,,,F,Free (free for publication),2,Two,A,Normal value,0,Units,_Z,Not applicable
DATAFLOW,OECD.SDD.NAD:DSD_NAAG_VI@DF_NAAG_EXP(1.0),NAAG Chapter 6: Government,I,A,Annual,DNK,Denmark,D62S13,Social benefits other than social transfers in kind,_T,Total,PT_B1GQ,Percentage of GDP,NAAG_VI,Part VI: General Government,2013,,17.3802844067468,,N,Neither seasonally adjusted nor calendar adjusted,_Z,Not applicable,S13,General government,_Z,Not applicable,N,Non-consolidated,D,Expenditure,D62,Social benefits other than social transfers in kind,_Z,Not applicable,,,,,,,,,,,V,Current prices,N,Non transformed data,,,,,,,F,Free (free for publication),2,Two,A,Normal value,0,Units,_Z,Not applicable
DATAFLOW,OECD.SDD.NAD:DSD_NAAG_VI@DF_NAAG_EXP(1.0),NAAG Chapter 6: Government,I,A,Annual,DNK,Denmark,D62S13,Social benefits other than social transfers in kind,_T,Total,PT_B1GQ,Percentage of GDP,NAAG_VI,Part VI: General Government,2012,,17.3487457797297,,N,Neither seasonally adjusted nor calendar adjusted,_Z,Not applicable,S13,General government,_Z,Not applicable,N,Non-consolidated,D,Expenditure,D62,Social benefits other than social transfers in kind,_Z,Not applicable,,,,,,,,,,,V,Current prices,N,Non transformed data,,,,,,,F,Free (free for publication),2,Two,A,Normal value,0,Units,_Z,Not applicable
DATAFLOW,OECD.SDD.NAD:DSD_NAAG_VI@DF_NAAG_EXP(1.0),NAAG Chapter 6: Government,I,A,Annual,DNK,Denmark,D62S13,Social benefits other than social transfers in kind,_T,Total,PT_B1GQ,Percentage of GDP,NAAG_VI,Part VI: General Government,2011,,17.259379548402,,N,Neither seasonally adjusted nor calendar adjusted,_Z,Not applicable,S13,General government,_Z,Not applicable,N,Non-consolidated,D,Expenditure,D62,Social benefits other than social transfers in kind,_Z,Not applicable,,,,,,,,,,,V,Current prices,N,Non transformed data,,,,,,,F,Free (free for publication),2,Two,A,Normal value,0,Units,_Z,Not applicable
DATAFLOW,OECD.SDD.NAD:DSD_NAAG_VI@DF_NAAG_EXP(1.0),NAAG Chapter 6: Government,I,A,Annual,DNK,Denmark,D62S13,Social benefits other than social transfers in kind,_T,Total,PT_B1GQ,Percentage of GDP,NAAG_VI,Part VI: General Government,2010,,17.1464350303196,,N,Neither seasonally adjusted nor calendar adjusted,_Z,Not applicable,S13,General government,_Z,Not applicable,N,Non-consolidated,D,Expenditure,D62,Social benefits other than social transfers in kind,_Z,Not applicable,,,,,,,,,,,V,Current prices,N,Non transformed data,,,,,,,F,Free (free for publication),2,Two,A,Normal value,0,Units,_Z,Not applicable
DATAFLOW,OECD.SDD.NAD:DSD_NAAG_VI@DF_NAAG_EXP(1.0),NAAG Chapter 6: Government,I,A,Annual,DNK,Denmark,D62S13,Social benefits other than social transfers in kind,_T,Total,PT_B1GQ,Percentage of GDP,NAAG_VI,Part VI: General Government,2009,,16.5379127988066,,N,Neither seasonally adjusted nor calendar adjusted,_Z,Not applicable,S13,General government,_Z,Not applicable,N,Non-consolidated,D,Expenditure,D62,Social benefits other than social transfers in kind,_Z,Not applicable,,,,,,,,,,,V,Current prices,N,Non transformed data,,,,,,,F,Free (free for publication),2,Two,A,Normal value,0,Units,_Z,Not applicable
DATAFLOW,OECD.SDD.NAD:DSD_NAAG_VI@DF_NAAG_EXP(1.0),NAAG Chapter 6: Government,I,A,Annual,DNK,Denmark,D62S13,Social benefits other than social transfers in kind,_T,Total,PT_B1GQ,Percentage of GDP,NAAG_VI,Part VI: General Government,2008,,14.5958422584253,,N,Neither seasonally adjusted nor calendar adjusted,_Z,Not applicable,S13,General government,_Z,Not applicable,N,Non-consolidated,D,Expenditure,D62,Social benefits other than social transfers in kind,_Z,Not applicable,,,,,,,,,,,V,Current prices,N,Non transformed data,,,,,,,F,Free (free for publication),2,Two,A,Normal value,0,Units,_Z,Not applicable
DATAFLOW,OECD.SDD.NAD:DSD_NAAG_VI@DF_NAAG_EXP(1.0),NAAG Chapter 6: Government,I,A,Annual,DNK,Denmark,D62S13,Social benefits other than social transfers in kind,_T,Total,PT_B1GQ,Percentage of GDP,NAAG_VI,Part VI: General Government,2007,,14.8127145999105,,N,Neither seasonally adjusted nor calendar adjusted,_Z,Not applicable,S13,General government,_Z,Not applicable,N,Non-consolidated,D,Expenditure,D62,Social benefits other than social transfers in kind,_Z,Not applicable,,,,,,,,,,,V,Current prices,N,Non transformed data,,,,,,,F,Free (free for publication),2,Two,A,Normal value,0,Units,_Z,Not applicable
DATAFLOW,OECD.SDD.NAD:DSD_NAAG_VI@DF_NAAG_EXP(1.0),NAAG Chapter 6: Government,I,A,Annual,DNK,Denmark,D62S13,Social benefits other than social transfers in kind,_T,Total,PT_B1GQ,Percentage of GDP,NAAG_VI,Part VI: General Government,2006,,15.2137311874166,,N,Neither seasonally adjusted nor calendar adjusted,_Z,Not applicable,S13,General government,_Z,Not applicable,N,Non-consolidated,D,Expenditure,D62,Social benefits other than social transfers in kind,_Z,Not applicable,,,,,,,,,,,V,Current prices,N,Non transformed data,,,,,,,F,Free (free for publication),2,Two,A,Normal value,0,Units,_Z,Not applicable
DATAFLOW,OECD.SDD.NAD:DSD_NAAG_VI@DF_NAAG_EXP(1.0),NAAG Chapter 6: Government,I,A,Annual,DNK,Denmark,D62S13,Social benefits other than social transfers in kind,_T,Total,PT_B1GQ,Percentage of GDP,NAAG_VI,Part VI: General Government,2024,,14.1215169451562,,N,Neither seasonally adjusted nor calendar adjusted,_Z,Not applicable,S13,General government,_Z,Not applicable,N,Non-consolidated,D,Expenditure,D62,Social benefits other than social transfers in kind,_Z,Not applicable,,,,,,,,,,,V,Current prices,N,Non transformed data,,,,,,,F,Free (free for publication),2,Two,A,Normal value,0,Units,_Z,Not applicable
DATAFLOW,OECD.SDD.NAD:DSD_NAAG_VI@DF_NAAG_EXP(1.0),NAAG Chapter 6: Government,I,A,Annual,DNK,Denmark,D62S13,Social benefits other than social transfers in kind,_T,Total,PT_B1GQ,Percentage of GDP,NAAG_VI,Part VI: General Government,2023,,14.2552849248334,,N,Neither seasonally adjusted nor calendar adjusted,_Z,Not applicable,S13,General government,_Z,Not applicable,N,Non-consolidated,D,Expenditure,D62,Social benefits other than social transfers in kind,_Z,Not applicable,,,,,,,,,,,V,Current prices,N,Non transformed data,,,,,,,F,Free (free for publication),2,Two,A,Normal value,0,Units,_Z,Not applicable
DATAFLOW,OECD.SDD.NAD:DSD_NAAG_VI@DF_NAAG_EXP(1.0),NAAG Chapter 6: Government,I,A,Annual,LTU,Lithuania,D62S13,Social benefits other than social transfers in kind,_T,Total,PT_B1GQ,Percentage of GDP,NAAG_VI,Part VI: General Government,2021,,12.9026881607904,,N,Neither seasonally adjusted nor calendar adjusted,_Z,Not applicable,S13,General government,_Z,Not applicable,N,Non-consolidated,D,Expenditure,D62,Social benefits other than social transfers in kind,_Z,Not applicable,,,,,,,,,,,V,Current prices,N,Non transformed data,,,,,,,F,Free (free for publication),2,Two,A,Normal value,0,Units,_Z,Not applicable
DATAFLOW,OECD.SDD.NAD:DSD_NAAG_VI@DF_NAAG_EXP(1.0),NAAG Chapter 6: Government,I,A,Annual,LTU,Lithuania,D62S13,Social benefits other than social transfers in kind,_T,Total,PT_B1GQ,Percentage of GDP,NAAG_VI,Part VI: General Government,2020,,14.320613298654,,N,Neither seasonally adjusted nor calendar adjusted,_Z,Not applicable,S13,General government,_Z,Not applicable,N,Non-consolidated,D,Expenditure,D62,Social benefits other than social transfers in kind,_Z,Not applicable,,,,,,,,,,,V,Current prices,N,Non transformed data,,,,,,,F,Free (free for publication),2,Two,A,Normal value,0,Units,_Z,Not applicable
DATAFLOW,OECD.SDD.NAD:DSD_NAAG_VI@DF_NAAG_EXP(1.0),NAAG Chapter 6: Government,I,A,Annual,LTU,Lithuania,D62S13,Social benefits other than social transfers in kind,_T,Total,PT_B1GQ,Percentage of GDP,NAAG_VI,Part VI: General Government,2005,,9.32908716901829,,N,Neither seasonally adjusted nor calendar adjusted,_Z,Not applicable,S13,General government,_Z,Not applicable,N,Non-consolidated,D,Expenditure,D62,Social benefits other than social transfers in kind,_Z,Not applicable,,,,,,,,,,,V,Current prices,N,Non transformed data,,,,,,,F,Free (free for publication),2,Two,A,Normal value,0,Units,_Z,Not applicable
DATAFLOW,OECD.SDD.NAD:DSD_NAAG_VI@DF_NAAG_EXP(1.0),NAAG Chapter 6: Government,I,A,Annual,LTU,Lithuania,D62S13,Social benefits other than social transfers in kind,_T,Total,PT_B1GQ,Percentage of GDP,NAAG_VI,Part VI: General Government,2004,,9.71015039172065,,N,Neither seasonally adjusted nor calendar adjusted,_Z,Not applicable,S13,General government,_Z,Not applicable,N,Non-consolidated,D,Expenditure,D62,Social benefits other than social transfers in kind,_Z,Not applicable,,,,,,,,,,,V,Current prices,N,Non transformed data,,,,,,,F,Free (free for publication),2,Two,A,Normal value,0,Units,_Z,Not applicable
DATAFLOW,OECD.SDD.NAD:DSD_NAAG_VI@DF_NAAG_EXP(1.0),NAAG Chapter 6: Government,I,A,Annual,LTU,Lithuania,D62S13,Social benefits other than social transfers in kind,_T,Total,PT_B1GQ,Percentage of GDP,NAAG_VI,Part VI: General Government,2003,,9.77069340582417,,N,Neither seasonally adjusted nor calendar adjusted,_Z,Not applicable,S13,General government,_Z,Not applicable,N,Non-consolidated,D,Expenditure,D62,Social benefits other than social transfers in kind,_Z,Not applicable,,,,,,,,,,,V,Current prices,N,Non transformed data,,,,,,,F,Free (free for publication),2,Two,A,Normal value,0,Units,_Z,Not applicable
DATAFLOW,OECD.SDD.NAD:DSD_NAAG_VI@DF_NAAG_EXP(1.0),NAAG Chapter 6: Government,I,A,Annual,LTU,Lithuania,D62S13,Social benefits other than social transfers in kind,_T,Total,PT_B1GQ,Percentage of GDP,NAAG_VI,Part VI: General Government,2002,,9.98661291053958,,N,Neither seasonally adjusted nor calendar adjusted,_Z,Not applicable,S13,General government,_Z,Not applicable,N,Non-consolidated,D,Expenditure,D62,Social benefits other than social transfers in kind,_Z,Not applicable,,,,,,,,,,,V,Current prices,N,Non transformed data,,,,,,,F,Free (free for publication),2,Two,A,Normal value,0,Units,_Z,Not applicable
DATAFLOW,OECD.SDD.NAD:DSD_NAAG_VI@DF_NAAG_EXP(1.0),NAAG Chapter 6: Government,I,A,Annual,LTU,Lithuania,D62S13,Social benefits other than social transfers in kind,_T,Total,PT_B1GQ,Percentage of GDP,NAAG_VI,Part VI: General Government,2001,,11.2784399962556,,N,Neither seasonally adjusted nor calendar adjusted,_Z,Not applicable,S13,General government,_Z,Not applicable,N,Non-consolidated,D,Expenditure,D62,Social benefits other than social transfers in kind,_Z,Not applicable,,,,,,,,,,,V,Current prices,N,Non transformed data,,,,,,,F,Free (free for publication),2,Two,A,Normal value,0,Units,_Z,Not applicable
DATAFLOW,OECD.SDD.NAD:DSD_NAAG_VI@DF_NAAG_EXP(1.0),NAAG Chapter 6: Government,I,A,Annual,LTU,Lithuania,D62S13,Social benefits other than social transfers in kind,_T,Total,PT_B1GQ,Percentage of GDP,NAAG_VI,Part VI: General Government,2000,,11.4703299434721,,N,Neither seasonally adjusted nor calendar adjusted,_Z,Not applicable,S13,General government,_Z,Not applicable,N,Non-consolidated,D,Expenditure,D62,Social benefits other than social transfers in kind,_Z,Not applicable,,,,,,,,,,,V,Current prices,N,Non transformed data,,,,,,,F,Free (free for publication),2,Two,A,Normal value,0,Units,_Z,Not applicable
DATAFLOW,OECD.SDD.NAD:DSD_NAAG_VI@DF_NAAG_EXP(1.0),NAAG Chapter 6: Government,I,A,Annual,LTU,Lithuania,D62S13,Social benefits other than social transfers in kind,_T,Total,PT_B1GQ,Percentage of GDP,NAAG_VI,Part VI: General Government,2019,,11.9650522906201,,N,Neither seasonally adjusted nor calendar adjusted,_Z,Not applicable,S13,General government,_Z,Not applicable,N,Non-consolidated,D,Expenditure,D62,Social benefits other than social transfers in kind,_Z,Not applicable,,,,,,,,,,,V,Current prices,N,Non transformed data,,,,,,,F,Free (free for publication),2,Two,A,Normal value,0,Units,_Z,Not applicable
DATAFLOW,OECD.SDD.NAD:DSD_NAAG_VI@DF_NAAG_EXP(1.0),NAAG Chapter 6: Government,I,A,Annual,LTU,Lithuania,D62S13,Social benefits other than social transfers in kind,_T,Total,PT_B1GQ,Percentage of GDP,NAAG_VI,Part VI: General Government,2018,,11.6600709592517,,N,Neither seasonally adjusted nor calendar adjusted,_Z,Not applicable,S13,General government,_Z,Not applicable,N,Non-consolidated,D,Expenditure,D62,Social benefits other than social transfers in kind,_Z,Not applicable,,,,,,,,,,,V,Current prices,N,Non transformed data,,,,,,,F,Free (free for publication),2,Two,A,Normal value,0,Units,_Z,Not applicable
DATAFLOW,OECD.SDD.NAD:DSD_NAAG_VI@DF_NAAG_EXP(1.0),NAAG Chapter 6: Government,I,A,Annual,LTU,Lithuania,D62S13,Social benefits other than social transfers in kind,_T,Total,PT_B1GQ,Percentage of GDP,NAAG_VI,Part VI: General Government,2017,,10.9467749478482,,N,Neither seasonally adjusted nor calendar adjusted,_Z,Not applicable,S13,General government,_Z,Not applicable,N,Non-consolidated,D,Expenditure,D62,Social benefits other than social transfers in kind,_Z,Not applicable,,,,,,,,,,,V,Current prices,N,Non transformed data,,,,,,,F,Free (free for publication),2,Two,A,Normal value,0,Units,_Z,Not applicable
DATAFLOW,OECD.SDD.NAD:DSD_NAAG_VI@DF_NAAG_EXP(1.0),NAAG Chapter 6: Government,I,A,Annual,LTU,Lithuania,D62S13,Social benefits other than social transfers in kind,_T,Total,PT_B1GQ,Percentage of GDP,NAAG_VI,Part VI: General Government,2016,,10.9740433742591,,N,Neither seasonally adjusted nor calendar adjusted,_Z,Not applicable,S13,General government,_Z,Not applicable,N,Non-consolidated,D,Expenditure,D62,Social benefits other than social transfers in kind,_Z,Not applicable,,,,,,,,,,,V,Current prices,N,Non transformed data,,,,,,,F,Free (free for publication),2,Two,A,Normal value,0,Units,_Z,Not applicable
DATAFLOW,OECD.SDD.NAD:DSD_NAAG_VI@DF_NAAG_EXP(1.0),NAAG Chapter 6: Government,I,A,Annual,LTU,Lithuania,D62S13,Social benefits other than social transfers in kind,_T,Total,PT_B1GQ,Percentage of GDP,NAAG_VI,Part VI: General Government,2015,,10.8277851018406,,N,Neither seasonally adjusted nor calendar adjusted,_Z,Not applicable,S13,General government,_Z,Not applicable,N,Non-consolidated,D,Expenditure,D62,Social benefits other than social transfers in kind,_Z,Not applicable,,,,,,,,,,,V,Current prices,N,Non transformed data,,,,,,,F,Free (free for publication),2,Two,A,Normal value,0,Units,_Z,Not applicable
DATAFLOW,OECD.SDD.NAD:DSD_NAAG_VI@DF_NAAG_EXP(1.0),NAAG Chapter 6: Government,I,A,Annual,LTU,Lithuania,D62S13,Social benefits other than social transfers in kind,_T,Total,PT_B1GQ,Percentage of GDP,NAAG_VI,Part VI: General Government,2014,,10.8972423625156,,N,Neither seasonally adjusted nor calendar adjusted,_Z,Not applicable,S13,General government,_Z,Not applicable,N,Non-consolidated,D,Expenditure,D62,Social benefits other than social transfers in kind,_Z,Not applicable,,,,,,,,,,,V,Current prices,N,Non transformed data,,,,,,,F,Free (free for publication),2,Two,A,Normal value,0,Units,_Z,Not applicable
DATAFLOW,OECD.SDD.NAD:DSD_NAAG_VI@DF_NAAG_EXP(1.0),NAAG Chapter 6: Government,I,A,Annual,LTU,Lithuania,D62S13,Social benefits other than social transfers in kind,_T,Total,PT_B1GQ,Percentage of GDP,NAAG_VI,Part VI: General Government,2013,,11.3388109597376,,N,Neither seasonally adjusted nor calendar adjusted,_Z,Not applicable,S13,General government,_Z,Not applicable,N,Non-consolidated,D,Expenditure,D62,Social benefits other than social transfers in kind,_Z,Not applicable,,,,,,,,,,,V,Current prices,N,Non transformed data,,,,,,,F,Free (free for publication),2,Two,A,Normal value,0,Units,_Z,Not applicable
DATAFLOW,OECD.SDD.NAD:DSD_NAAG_VI@DF_NAAG_EXP(1.0),NAAG Chapter 6: Government,I,A,Annual,LTU,Lithuania,D62S13,Social benefits other than social transfers in kind,_T,Total,PT_B1GQ,Percentage of GDP,NAAG_VI,Part VI: General Government,2012,,11.9986410005392,,N,Neither seasonally adjusted nor calendar adjusted,_Z,Not applicable,S13,General government,_Z,Not applicable,N,Non-consolidated,D,Expenditure,D62,Social benefits other than social transfers in kind,_Z,Not applicable,,,,,,,,,,,V,Current prices,N,Non transformed data,,,,,,,F,Free (free for publication),2,Two,A,Normal value,0,Units,_Z,Not applicable
DATAFLOW,OECD.SDD.NAD:DSD_NAAG_VI@DF_NAAG_EXP(1.0),NAAG Chapter 6: Government,I,A,Annual,LTU,Lithuania,D62S13,Social benefits other than social transfers in kind,_T,Total,PT_B1GQ,Percentage of GDP,NAAG_VI,Part VI: General Government,2011,,12.5640413376267,,N,Neither seasonally adjusted nor calendar adjusted,_Z,Not applicable,S13,General government,_Z,Not applicable,N,Non-consolidated,D,Expenditure,D62,Social benefits other than social transfers in kind,_Z,Not applicable,,,,,,,,,,,V,Current prices,N,Non transformed data,,,,,,,F,Free (free for publication),2,Two,A,Normal value,0,Units,_Z,Not applicable
DATAFLOW,OECD.SDD.NAD:DSD_NAAG_VI@DF_NAAG_EXP(1.0),NAAG Chapter 6: Government,I,A,Annual,LTU,Lithuania,D62S13,Social benefits other than social transfers in kind,_T,Total,PT_B1GQ,Percentage of GDP,NAAG_VI,Part VI: General Government,2010,,14.4920549805186,,N,Neither seasonally adjusted nor calendar adjusted,_Z,Not applicable,S13,General government,_Z,Not applicable,N,Non-consolidated,D,Expenditure,D62,Social benefits other than social transfers in kind,_Z,Not applicable,,,,,,,,,,,V,Current prices,N,Non transformed data,,,,,,,F,Free (free for publication),2,Two,A,Normal value,0,Units,_Z,Not applicable
DATAFLOW,OECD.SDD.NAD:DSD_NAAG_VI@DF_NAAG_EXP(1.0),NAAG Chapter 6: Government,I,A,Annual,LTU,Lithuania,D62S13,Social benefits other than social transfers in kind,_T,Total,PT_B1GQ,Percentage of GDP,NAAG_VI,Part VI: General Government,2009,,16.1447603788679,,N,Neither seasonally adjusted nor calendar adjusted,_Z,Not applicable,S13,General government,_Z,Not applicable,N,Non-consolidated,D,Expenditure,D62,Social benefits other than social transfers in kind,_Z,Not applicable,,,,,,,,,,,V,Current prices,N,Non transformed data,,,,,,,F,Free (free for publication),2,Two,A,Normal value,0,Units,_Z,Not applicable
DATAFLOW,OECD.SDD.NAD:DSD_NAAG_VI@DF_NAAG_EXP(1.0),NAAG Chapter 6: Government,I,A,Annual,LTU,Lithuania,D62S13,Social benefits other than social transfers in kind,_T,Total,PT_B1GQ,Percentage of GDP,NAAG_VI,Part VI: General Government,2008,,11.4934031700202,,N,Neither seasonally adjusted nor calendar adjusted,_Z,Not applicable,S13,General government,_Z,Not applicable,N,Non-consolidated,D,Expenditure,D62,Social benefits other than social transfers in kind,_Z,Not applicable,,,,,,,,,,,V,Current prices,N,Non transformed data,,,,,,,F,Free (free for publication),2,Two,A,Normal value,0,Units,_Z,Not applicable
DATAFLOW,OECD.SDD.NAD:DSD_NAAG_VI@DF_NAAG_EXP(1.0),NAAG Chapter 6: Government,I,A,Annual,LTU,Lithuania,D62S13,Social benefits other than social transfers in kind,_T,Total,PT_B1GQ,Percentage of GDP,NAAG_VI,Part VI: General Government,2007,,9.66141018769301,,N,Neither seasonally adjusted nor calendar adjusted,_Z,Not applicable,S13,General government,_Z,Not applicable,N,Non-consolidated,D,Expenditure,D62,Social benefits other than social transfers in kind,_Z,Not applicable,,,,,,,,,,,V,Current prices,N,Non transformed data,,,,,,,F,Free (free for publication),2,Two,A,Normal value,0,Units,_Z,Not applicable
DATAFLOW,OECD.SDD.NAD:DSD_NAAG_VI@DF_NAAG_EXP(1.0),NAAG Chapter 6: Government,I,A,Annual,LTU,Lithuania,D62S13,Social benefits other than social transfers in kind,_T,Total,PT_B1GQ,Percentage of GDP,NAAG_VI,Part VI: General Government,2006,,9.20223896581642,,N,Neither seasonally adjusted nor calendar adjusted,_Z,Not applicable,S13,General government,_Z,Not applicable,N,Non-consolidated,D,Expenditure,D62,Social benefits other than social transfers in kind,_Z,Not applicable,,,,,,,,,,,V,Current prices,N,Non transformed data,,,,,,,F,Free (free for publication),2,Two,A,Normal value,0,Units,_Z,Not applicable
DATAFLOW,OECD.SDD.NAD:DSD_NAAG_VI@DF_NAAG_EXP(1.0),NAAG Chapter 6: Government,I,A,Annual,LTU,Lithuania,D62S13,Social benefits other than social transfers in kind,_T,Total,PT_B1GQ,Percentage of GDP,NAAG_VI,Part VI: General Government,2024,,13.0254158265877,,N,Neither seasonally adjusted nor calendar adjusted,_Z,Not applicable,S13,General government,_Z,Not applicable,N,Non-consolidated,D,Expenditure,D62,Social benefits other than social transfers in kind,_Z,Not applicable,,,,,,,,,,,V,Current prices,N,Non transformed data,,,,,,,F,Free (free for publication),2,Two,A,Normal value,0,Units,_Z,Not applicable
DATAFLOW,OECD.SDD.NAD:DSD_NAAG_VI@DF_NAAG_EXP(1.0),NAAG Chapter 6: Government,I,A,Annual,LTU,Lithuania,D62S13,Social benefits other than social transfers in kind,_T,Total,PT_B1GQ,Percentage of GDP,NAAG_VI,Part VI: General Government,2023,,12.3839936729107,,N,Neither seasonally adjusted nor calendar adjusted,_Z,Not applicable,S13,General government,_Z,Not applicable,N,Non-consolidated,D,Expenditure,D62,Social benefits other than social transfers in kind,_Z,Not applicable,,,,,,,,,,,V,Current prices,N,Non transformed data,,,,,,,F,Free (free for publication),2,Two,A,Normal value,0,Units,_Z,Not applicable
DATAFLOW,OECD.SDD.NAD:DSD_NAAG_VI@DF_NAAG_EXP(1.0),NAAG Chapter 6: Government,I,A,Annual,NOR,Norway,D62S13,Social benefits other than social transfers in kind,_T,Total,PT_B1GQ,Percentage of GDP,NAAG_VI,Part VI: General Government,2004,,14.3414630872708,,N,Neither seasonally adjusted nor calendar adjusted,_Z,Not applicable,S13,General government,_Z,Not applicable,N,Non-consolidated,D,Expenditure,D62,Social benefits other than social transfers in kind,_Z,Not applicable,,,,,,,,,,,V,Current prices,N,Non transformed data,,,,,,,F,Free (free for publication),2,Two,A,Normal value,0,Units,_Z,Not applicable
DATAFLOW,OECD.SDD.NAD:DSD_NAAG_VI@DF_NAAG_EXP(1.0),NAAG Chapter 6: Government,I,A,Annual,NOR,Norway,D62S13,Social benefits other than social transfers in kind,_T,Total,PT_B1GQ,Percentage of GDP,NAAG_VI,Part VI: General Government,2003,,15.3169611383571,,N,Neither seasonally adjusted nor calendar adjusted,_Z,Not applicable,S13,General government,_Z,Not applicable,N,Non-consolidated,D,Expenditure,D62,Social benefits other than social transfers in kind,_Z,Not applicable,,,,,,,,,,,V,Current prices,N,Non transformed data,,,,,,,F,Free (free for publication),2,Two,A,Normal value,0,Units,_Z,Not applicable
DATAFLOW,OECD.SDD.NAD:DSD_NAAG_VI@DF_NAAG_EXP(1.0),NAAG Chapter 6: Government,I,A,Annual,NOR,Norway,D62S13,Social benefits other than social transfers in kind,_T,Total,PT_B1GQ,Percentage of GDP,NAAG_VI,Part VI: General Government,2002,,14.5350335167136,,N,Neither seasonally adjusted nor calendar adjusted,_Z,Not applicable,S13,General government,_Z,Not applicable,N,Non-consolidated,D,Expenditure,D62,Social benefits other than social transfers in kind,_Z,Not applicable,,,,,,,,,,,V,Current prices,N,Non transformed data,,,,,,,F,Free (free for publication),2,Two,A,Normal value,0,Units,_Z,Not applicable
DATAFLOW,OECD.SDD.NAD:DSD_NAAG_VI@DF_NAAG_EXP(1.0),NAAG Chapter 6: Government,I,A,Annual,NOR,Norway,D62S13,Social benefits other than social transfers in kind,_T,Total,PT_B1GQ,Percentage of GDP,NAAG_VI,Part VI: General Government,2001,,13.4958141529883,,N,Neither seasonally adjusted nor calendar adjusted,_Z,Not applicable,S13,General government,_Z,Not applicable,N,Non-consolidated,D,Expenditure,D62,Social benefits other than social transfers in kind,_Z,Not applicable,,,,,,,,,,,V,Current prices,N,Non transformed data,,,,,,,F,Free (free for publication),2,Two,A,Normal value,0,Units,_Z,Not applicable
DATAFLOW,OECD.SDD.NAD:DSD_NAAG_VI@DF_NAAG_EXP(1.0),NAAG Chapter 6: Government,I,A,Annual,NOR,Norway,D62S13,Social benefits other than social transfers in kind,_T,Total,PT_B1GQ,Percentage of GDP,NAAG_VI,Part VI: General Government,2000,,13.065192441748,,N,Neither seasonally adjusted nor calendar adjusted,_Z,Not applicable,S13,General government,_Z,Not applicable,N,Non-consolidated,D,Expenditure,D62,Social benefits other than social transfers in kind,_Z,Not applicable,,,,,,,,,,,V,Current prices,N,Non transformed data,,,,,,,F,Free (free for publication),2,Two,A,Normal value,0,Units,_Z,Not applicable
DATAFLOW,OECD.SDD.NAD:DSD_NAAG_VI@DF_NAAG_EXP(1.0),NAAG Chapter 6: Government,I,A,Annual,NOR,Norway,D62S13,Social benefits other than social transfers in kind,_T,Total,PT_B1GQ,Percentage of GDP,NAAG_VI,Part VI: General Government,2019,,14.5747340028474,,N,Neither seasonally adjusted nor calendar adjusted,_Z,Not applicable,S13,General government,_Z,Not applicable,N,Non-consolidated,D,Expenditure,D62,Social benefits other than social transfers in kind,_Z,Not applicable,,,,,,,,,,,V,Current prices,N,Non transformed data,,,,,,,F,Free (free for publication),2,Two,A,Normal value,0,Units,_Z,Not applicable
DATAFLOW,OECD.SDD.NAD:DSD_NAAG_VI@DF_NAAG_EXP(1.0),NAAG Chapter 6: Government,I,A,Annual,NOR,Norway,D62S13,Social benefits other than social transfers in kind,_T,Total,PT_B1GQ,Percentage of GDP,NAAG_VI,Part VI: General Government,2018,,14.1268714451036,,N,Neither seasonally adjusted nor calendar adjusted,_Z,Not applicable,S13,General government,_Z,Not applicable,N,Non-consolidated,D,Expenditure,D62,Social benefits other than social transfers in kind,_Z,Not applicable,,,,,,,,,,,V,Current prices,N,Non transformed data,,,,,,,F,Free (free for publication),2,Two,A,Normal value,0,Units,_Z,Not applicable
DATAFLOW,OECD.SDD.NAD:DSD_NAAG_VI@DF_NAAG_EXP(1.0),NAAG Chapter 6: Government,I,A,Annual,NOR,Norway,D62S13,Social benefits other than social transfers in kind,_T,Total,PT_B1GQ,Percentage of GDP,NAAG_VI,Part VI: General Government,2017,,14.8467862717466,,N,Neither seasonally adjusted nor calendar adjusted,_Z,Not applicable,S13,General government,_Z,Not applicable,N,Non-consolidated,D,Expenditure,D62,Social benefits other than social transfers in kind,_Z,Not applicable,,,,,,,,,,,V,Current prices,N,Non transformed data,,,,,,,F,Free (free for publication),2,Two,A,Normal value,0,Units,_Z,Not applicable
DATAFLOW,OECD.SDD.NAD:DSD_NAAG_VI@DF_NAAG_EXP(1.0),NAAG Chapter 6: Government,I,A,Annual,NOR,Norway,D62S13,Social benefits other than social transfers in kind,_T,Total,PT_B1GQ,Percentage of GDP,NAAG_VI,Part VI: General Government,2016,,15.3550265000233,,N,Neither seasonally adjusted nor calendar adjusted,_Z,Not applicable,S13,General government,_Z,Not applicable,N,Non-consolidated,D,Expenditure,D62,Social benefits other than social transfers in kind,_Z,Not applicable,,,,,,,,,,,V,Current prices,N,Non transformed data,,,,,,,F,Free (free for publication),2,Two,A,Normal value,0,Units,_Z,Not applicable
DATAFLOW,OECD.SDD.NAD:DSD_NAAG_VI@DF_NAAG_EXP(1.0),NAAG Chapter 6: Government,I,A,Annual,NOR,Norway,D62S13,Social benefits other than social transfers in kind,_T,Total,PT_B1GQ,Percentage of GDP,NAAG_VI,Part VI: General Government,2015,,14.7158488816788,,N,Neither seasonally adjusted nor calendar adjusted,_Z,Not applicable,S13,General government,_Z,Not applicable,N,Non-consolidated,D,Expenditure,D62,Social benefits other than social transfers in kind,_Z,Not applicable,,,,,,,,,,,V,Current prices,N,Non transformed data,,,,,,,F,Free (free for publication),2,Two,A,Normal value,0,Units,_Z,Not applicable
DATAFLOW,OECD.SDD.NAD:DSD_NAAG_VI@DF_NAAG_EXP(1.0),NAAG Chapter 6: Government,I,A,Annual,NOR,Norway,D62S13,Social benefits other than social transfers in kind,_T,Total,PT_B1GQ,Percentage of GDP,NAAG_VI,Part VI: General Government,2014,,13.6614674790371,,N,Neither seasonally adjusted nor calendar adjusted,_Z,Not applicable,S13,General government,_Z,Not applicable,N,Non-consolidated,D,Expenditure,D62,Social benefits other than social transfers in kind,_Z,Not applicable,,,,,,,,,,,V,Current prices,N,Non transformed data,,,,,,,F,Free (free for publication),2,Two,A,Normal value,0,Units,_Z,Not applicable
DATAFLOW,OECD.SDD.NAD:DSD_NAAG_VI@DF_NAAG_EXP(1.0),NAAG Chapter 6: Government,I,A,Annual,NOR,Norway,D62S13,Social benefits other than social transfers in kind,_T,Total,PT_B1GQ,Percentage of GDP,NAAG_VI,Part VI: General Government,2013,,13.1870493004804,,N,Neither seasonally adjusted nor calendar adjusted,_Z,Not applicable,S13,General government,_Z,Not applicable,N,Non-consolidated,D,Expenditure,D62,Social benefits other than social transfers in kind,_Z,Not applicable,,,,,,,,,,,V,Current prices,N,Non transformed data,,,,,,,F,Free (free for publication),2,Two,A,Normal value,0,Units,_Z,Not applicable
DATAFLOW,OECD.SDD.NAD:DSD_NAAG_VI@DF_NAAG_EXP(1.0),NAAG Chapter 6: Government,I,A,Annual,NOR,Norway,D62S13,Social benefits other than social transfers in kind,_T,Total,PT_B1GQ,Percentage of GDP,NAAG_VI,Part VI: General Government,2012,,13.0689669274931,,N,Neither seasonally adjusted nor calendar adjusted,_Z,Not applicable,S13,General government,_Z,Not applicable,N,Non-consolidated,D,Expenditure,D62,Social benefits other than social transfers in kind,_Z,Not applicable,,,,,,,,,,,V,Current prices,N,Non transformed data,,,,,,,F,Free (free for publication),2,Two,A,Normal value,0,Units,_Z,Not applicable
DATAFLOW,OECD.SDD.NAD:DSD_NAAG_VI@DF_NAAG_EXP(1.0),NAAG Chapter 6: Government,I,A,Annual,NOR,Norway,D62S13,Social benefits other than social transfers in kind,_T,Total,PT_B1GQ,Percentage of GDP,NAAG_VI,Part VI: General Government,2011,,13.1680195478249,,N,Neither seasonally adjusted nor calendar adjusted,_Z,Not applicable,S13,General government,_Z,Not applicable,N,Non-consolidated,D,Expenditure,D62,Social benefits other than social transfers in kind,_Z,Not applicable,,,,,,,,,,,V,Current prices,N,Non transformed data,,,,,,,F,Free (free for publication),2,Two,A,Normal value,0,Units,_Z,Not applicable
DATAFLOW,OECD.SDD.NAD:DSD_NAAG_VI@DF_NAAG_EXP(1.0),NAAG Chapter 6: Government,I,A,Annual,NOR,Norway,D62S13,Social benefits other than social transfers in kind,_T,Total,PT_B1GQ,Percentage of GDP,NAAG_VI,Part VI: General Government,2010,,13.3670664720416,,N,Neither seasonally adjusted nor calendar adjusted,_Z,Not applicable,S13,General government,_Z,Not applicable,N,Non-consolidated,D,Expenditure,D62,Social benefits other than social transfers in kind,_Z,Not applicable,,,,,,,,,,,V,Current prices,N,Non transformed data,,,,,,,F,Free (free for publication),2,Two,A,Normal value,0,Units,_Z,Not applicable
DATAFLOW,OECD.SDD.NAD:DSD_NAAG_VI@DF_NAAG_EXP(1.0),NAAG Chapter 6: Government,I,A,Annual,NOR,Norway,D62S13,Social benefits other than social transfers in kind,_T,Total,PT_B1GQ,Percentage of GDP,NAAG_VI,Part VI: General Government,2009,,13.4985194973833,,N,Neither seasonally adjusted nor calendar adjusted,_Z,Not applicable,S13,General government,_Z,Not applicable,N,Non-consolidated,D,Expenditure,D62,Social benefits other than social transfers in kind,_Z,Not applicable,,,,,,,,,,,V,Current prices,N,Non transformed data,,,,,,,F,Free (free for publication),2,Two,A,Normal value,0,Units,_Z,Not applicable
DATAFLOW,OECD.SDD.NAD:DSD_NAAG_VI@DF_NAAG_EXP(1.0),NAAG Chapter 6: Government,I,A,Annual,NOR,Norway,D62S13,Social benefits other than social transfers in kind,_T,Total,PT_B1GQ,Percentage of GDP,NAAG_VI,Part VI: General Government,2008,,11.478051282638,,N,Neither seasonally adjusted nor calendar adjusted,_Z,Not applicable,S13,General government,_Z,Not applicable,N,Non-consolidated,D,Expenditure,D62,Social benefits other than social transfers in kind,_Z,Not applicable,,,,,,,,,,,V,Current prices,N,Non transformed data,,,,,,,F,Free (free for publication),2,Two,A,Normal value,0,Units,_Z,Not applicable
DATAFLOW,OECD.SDD.NAD:DSD_NAAG_VI@DF_NAAG_EXP(1.0),NAAG Chapter 6: Government,I,A,Annual,NOR,Norway,D62S13,Social benefits other than social transfers in kind,_T,Total,PT_B1GQ,Percentage of GDP,NAAG_VI,Part VI: General Government,2007,,11.8917079842418,,N,Neither seasonally adjusted nor calendar adjusted,_Z,Not applicable,S13,General government,_Z,Not applicable,N,Non-consolidated,D,Expenditure,D62,Social benefits other than social transfers in kind,_Z,Not applicable,,,,,,,,,,,V,Current prices,N,Non transformed data,,,,,,,F,Free (free for publication),2,Two,A,Normal value,0,Units,_Z,Not applicable
DATAFLOW,OECD.SDD.NAD:DSD_NAAG_VI@DF_NAAG_EXP(1.0),NAAG Chapter 6: Government,I,A,Annual,NOR,Norway,D62S13,Social benefits other than social transfers in kind,_T,Total,PT_B1GQ,Percentage of GDP,NAAG_VI,Part VI: General Government,2006,,12.0911279800042,,N,Neither seasonally adjusted nor calendar adjusted,_Z,Not applicable,S13,General government,_Z,Not applicable,N,Non-consolidated,D,Expenditure,D62,Social benefits other than social transfers in kind,_Z,Not applicable,,,,,,,,,,,V,Current prices,N,Non transformed data,,,,,,,F,Free (free for publication),2,Two,A,Normal value,0,Units,_Z,Not applicable
DATAFLOW,OECD.SDD.NAD:DSD_NAAG_VI@DF_NAAG_EXP(1.0),NAAG Chapter 6: Government,I,A,Annual,NOR,Norway,D62S13,Social benefits other than social transfers in kind,_T,Total,PT_B1GQ,Percentage of GDP,NAAG_VI,Part VI: General Government,2024,,14.0566642824411,,N,Neither seasonally adjusted nor calendar adjusted,_Z,Not applicable,S13,General government,_Z,Not applicable,N,Non-consolidated,D,Expenditure,D62,Social benefits other than social transfers in kind,_Z,Not applicable,,,,,,,,,,,V,Current prices,N,Non transformed data,,,,,,,F,Free (free for publication),2,Two,A,Normal value,0,Units,_Z,Not applicable
DATAFLOW,OECD.SDD.NAD:DSD_NAAG_VI@DF_NAAG_EXP(1.0),NAAG Chapter 6: Government,I,A,Annual,NOR,Norway,D62S13,Social benefits other than social transfers in kind,_T,Total,PT_B1GQ,Percentage of GDP,NAAG_VI,Part VI: General Government,2023,,13.1995925167189,,N,Neither seasonally adjusted nor calendar adjusted,_Z,Not applicable,S13,General government,_Z,Not applicable,N,Non-consolidated,D,Expenditure,D62,Social benefits other than social transfers in kind,_Z,Not applicable,,,,,,,,,,,V,Current prices,N,Non transformed data,,,,,,,F,Free (free for publication),2,Two,A,Normal value,0,Units,_Z,Not applicable
DATAFLOW,OECD.SDD.NAD:DSD_NAAG_VI@DF_NAAG_EXP(1.0),NAAG Chapter 6: Government,I,A,Annual,NOR,Norway,D62S13,Social benefits other than social transfers in kind,_T,Total,PT_B1GQ,Percentage of GDP,NAAG_VI,Part VI: General Government,2022,,10.7338775018948,,N,Neither seasonally adjusted nor calendar adjusted,_Z,Not applicable,S13,General government,_Z,Not applicable,N,Non-consolidated,D,Expenditure,D62,Social benefits other than social transfers in kind,_Z,Not applicable,,,,,,,,,,,V,Current prices,N,Non transformed data,,,,,,,F,Free (free for publication),2,Two,A,Normal value,0,Units,_Z,Not applicable
DATAFLOW,OECD.SDD.NAD:DSD_NAAG_VI@DF_NAAG_EXP(1.0),NAAG Chapter 6: Government,I,A,Annual,NOR,Norway,D62S13,Social benefits other than social transfers in kind,_T,Total,PT_B1GQ,Percentage of GDP,NAAG_VI,Part VI: General Government,2021,,13.7501269099808,,N,Neither seasonally adjusted nor calendar adjusted,_Z,Not applicable,S13,General government,_Z,Not applicable,N,Non-consolidated,D,Expenditure,D62,Social benefits other than social transfers in kind,_Z,Not applicable,,,,,,,,,,,V,Current prices,N,Non transformed data,,,,,,,F,Free (free for publication),2,Two,A,Normal value,0,Units,_Z,Not applicable
DATAFLOW,OECD.SDD.NAD:DSD_NAAG_VI@DF_NAAG_EXP(1.0),NAAG Chapter 6: Government,I,A,Annual,NOR,Norway,D62S13,Social benefits other than social transfers in kind,_T,Total,PT_B1GQ,Percentage of GDP,NAAG_VI,Part VI: General Government,2020,,16.7359944533919,,N,Neither seasonally adjusted nor calendar adjusted,_Z,Not applicable,S13,General government,_Z,Not applicable,N,Non-consolidated,D,Expenditure,D62,Social benefits other than social transfers in kind,_Z,Not applicable,,,,,,,,,,,V,Current prices,N,Non transformed data,,,,,,,F,Free (free for publication),2,Two,A,Normal value,0,Units,_Z,Not applicable
DATAFLOW,OECD.SDD.NAD:DSD_NAAG_VI@DF_NAAG_EXP(1.0),NAAG Chapter 6: Government,I,A,Annual,POL,Poland,D62S13,Social benefits other than social transfers in kind,_T,Total,PT_B1GQ,Percentage of GDP,NAAG_VI,Part VI: General Government,2021,,15.8219106539952,,N,Neither seasonally adjusted nor calendar adjusted,_Z,Not applicable,S13,General government,_Z,Not applicable,N,Non-consolidated,D,Expenditure,D62,Social benefits other than social transfers in kind,_Z,Not applicable,,,,,,,,,,,V,Current prices,N,Non transformed data,,,,,,,F,Free (free for publication),2,Two,A,Normal value,0,Units,_Z,Not applicable
DATAFLOW,OECD.SDD.NAD:DSD_NAAG_VI@DF_NAAG_EXP(1.0),NAAG Chapter 6: Government,I,A,Annual,POL,Poland,D62S13,Social benefits other than social transfers in kind,_T,Total,PT_B1GQ,Percentage of GDP,NAAG_VI,Part VI: General Government,2020,,16.5424059919362,,N,Neither seasonally adjusted nor calendar adjusted,_Z,Not applicable,S13,General government,_Z,Not applicable,N,Non-consolidated,D,Expenditure,D62,Social benefits other than social transfers in kind,_Z,Not applicable,,,,,,,,,,,V,Current prices,N,Non transformed data,,,,,,,F,Free (free for publication),2,Two,A,Normal value,0,Units,_Z,Not applicable
DATAFLOW,OECD.SDD.NAD:DSD_NAAG_VI@DF_NAAG_EXP(1.0),NAAG Chapter 6: Government,I,A,Annual,POL,Poland,D62S13,Social benefits other than social transfers in kind,_T,Total,PT_B1GQ,Percentage of GDP,NAAG_VI,Part VI: General Government,2005,,15.6536892940955,,N,Neither seasonally adjusted nor calendar adjusted,_Z,Not applicable,S13,General government,_Z,Not applicable,N,Non-consolidated,D,Expenditure,D62,Social benefits other than social transfers in kind,_Z,Not applicable,,,,,,,,,,,V,Current prices,N,Non transformed data,,,,,,,F,Free (free for publication),2,Two,A,Normal value,0,Units,_Z,Not applicable
DATAFLOW,OECD.SDD.NAD:DSD_NAAG_VI@DF_NAAG_EXP(1.0),NAAG Chapter 6: Government,I,A,Annual,POL,Poland,D62S13,Social benefits other than social transfers in kind,_T,Total,PT_B1GQ,Percentage of GDP,NAAG_VI,Part VI: General Government,2004,,15.9544199057118,,N,Neither seasonally adjusted nor calendar adjusted,_Z,Not applicable,S13,General government,_Z,Not applicable,N,Non-consolidated,D,Expenditure,D62,Social benefits other than social transfers in kind,_Z,Not applicable,,,,,,,,,,,V,Current prices,N,Non transformed data,,,,,,,F,Free (free for publication),2,Two,A,Normal value,0,Units,_Z,Not applicable
DATAFLOW,OECD.SDD.NAD:DSD_NAAG_VI@DF_NAAG_EXP(1.0),NAAG Chapter 6: Government,I,A,Annual,POL,Poland,D62S13,Social benefits other than social transfers in kind,_T,Total,PT_B1GQ,Percentage of GDP,NAAG_VI,Part VI: General Government,2003,,16.9418624213383,,N,Neither seasonally adjusted nor calendar adjusted,_Z,Not applicable,S13,General government,_Z,Not applicable,N,Non-consolidated,D,Expenditure,D62,Social benefits other than social transfers in kind,_Z,Not applicable,,,,,,,,,,,V,Current prices,N,Non transformed data,,,,,,,F,Free (free for publication),2,Two,A,Normal value,0,Units,_Z,Not applicable
DATAFLOW,OECD.SDD.NAD:DSD_NAAG_VI@DF_NAAG_EXP(1.0),NAAG Chapter 6: Government,I,A,Annual,POL,Poland,D62S13,Social benefits other than social transfers in kind,_T,Total,PT_B1GQ,Percentage of GDP,NAAG_VI,Part VI: General Government,2002,,17.042810152683,,N,Neither seasonally adjusted nor calendar adjusted,_Z,Not applicable,S13,General government,_Z,Not applicable,N,Non-consolidated,D,Expenditure,D62,Social benefits other than social transfers in kind,_Z,Not applicable,,,,,,,,,,,V,Current prices,N,Non transformed data,,,,,,,F,Free (free for publication),2,Two,A,Normal value,0,Units,_Z,Not applicable
DATAFLOW,OECD.SDD.NAD:DSD_NAAG_VI@DF_NAAG_EXP(1.0),NAAG Chapter 6: Government,I,A,Annual,POL,Poland,D62S13,Social benefits other than social transfers in kind,_T,Total,PT_B1GQ,Percentage of GDP,NAAG_VI,Part VI: General Government,2001,,16.9830830059658,,N,Neither seasonally adjusted nor calendar adjusted,_Z,Not applicable,S13,General government,_Z,Not applicable,N,Non-consolidated,D,Expenditure,D62,Social benefits other than social transfers in kind,_Z,Not applicable,,,,,,,,,,,V,Current prices,N,Non transformed data,,,,,,,F,Free (free for publication),2,Two,A,Normal value,0,Units,_Z,Not applicable
DATAFLOW,OECD.SDD.NAD:DSD_NAAG_VI@DF_NAAG_EXP(1.0),NAAG Chapter 6: Government,I,A,Annual,POL,Poland,D62S13,Social benefits other than social transfers in kind,_T,Total,PT_B1GQ,Percentage of GDP,NAAG_VI,Part VI: General Government,2000,,15.9869570249671,,N,Neither seasonally adjusted nor calendar adjusted,_Z,Not applicable,S13,General government,_Z,Not applicable,N,Non-consolidated,D,Expenditure,D62,Social benefits other than social transfers in kind,_Z,Not applicable,,,,,,,,,,,V,Current prices,N,Non transformed data,,,,,,,F,Free (free for publication),2,Two,A,Normal value,0,Units,_Z,Not applicable
DATAFLOW,OECD.SDD.NAD:DSD_NAAG_VI@DF_NAAG_EXP(1.0),NAAG Chapter 6: Government,I,A,Annual,POL,Poland,D62S13,Social benefits other than social transfers in kind,_T,Total,PT_B1GQ,Percentage of GDP,NAAG_VI,Part VI: General Government,2019,,15.2747124047453,,N,Neither seasonally adjusted nor calendar adjusted,_Z,Not applicable,S13,General government,_Z,Not applicable,N,Non-consolidated,D,Expenditure,D62,Social benefits other than social transfers in kind,_Z,Not applicable,,,,,,,,,,,V,Current prices,N,Non transformed data,,,,,,,F,Free (free for publication),2,Two,A,Normal value,0,Units,_Z,Not applicable
DATAFLOW,OECD.SDD.NAD:DSD_NAAG_VI@DF_NAAG_EXP(1.0),NAAG Chapter 6: Government,I,A,Annual,POL,Poland,D62S13,Social benefits other than social transfers in kind,_T,Total,PT_B1GQ,Percentage of GDP,NAAG_VI,Part VI: General Government,2018,,14.7227562841459,,N,Neither seasonally adjusted nor calendar adjusted,_Z,Not applicable,S13,General government,_Z,Not applicable,N,Non-consolidated,D,Expenditure,D62,Social benefits other than social transfers in kind,_Z,Not applicable,,,,,,,,,,,V,Current prices,N,Non transformed data,,,,,,,F,Free (free for publication),2,Two,A,Normal value,0,Units,_Z,Not applicable
DATAFLOW,OECD.SDD.NAD:DSD_NAAG_VI@DF_NAAG_EXP(1.0),NAAG Chapter 6: Government,I,A,Annual,POL,Poland,D62S13,Social benefits other than social transfers in kind,_T,Total,PT_B1GQ,Percentage of GDP,NAAG_VI,Part VI: General Government,2017,,15.0752490439876,,N,Neither seasonally adjusted nor calendar adjusted,_Z,Not applicable,S13,General government,_Z,Not applicable,N,Non-consolidated,D,Expenditure,D62,Social benefits other than social transfers in kind,_Z,Not applicable,,,,,,,,,,,V,Current prices,N,Non transformed data,,,,,,,F,Free (free for publication),2,Two,A,Normal value,0,Units,_Z,Not applicable
DATAFLOW,OECD.SDD.NAD:DSD_NAAG_VI@DF_NAAG_EXP(1.0),NAAG Chapter 6: Government,I,A,Annual,POL,Poland,D62S13,Social benefits other than social transfers in kind,_T,Total,PT_B1GQ,Percentage of GDP,NAAG_VI,Part VI: General Government,2016,,15.2959334605243,,N,Neither seasonally adjusted nor calendar adjusted,_Z,Not applicable,S13,General government,_Z,Not applicable,N,Non-consolidated,D,Expenditure,D62,Social benefits other than social transfers in kind,_Z,Not applicable,,,,,,,,,,,V,Current prices,N,Non transformed data,,,,,,,F,Free (free for publication),2,Two,A,Normal value,0,Units,_Z,Not applicable
DATAFLOW,OECD.SDD.NAD:DSD_NAAG_VI@DF_NAAG_EXP(1.0),NAAG Chapter 6: Government,I,A,Annual,POL,Poland,D62S13,Social benefits other than social transfers in kind,_T,Total,PT_B1GQ,Percentage of GDP,NAAG_VI,Part VI: General Government,2015,,14.2907683839864,,N,Neither seasonally adjusted nor calendar adjusted,_Z,Not applicable,S13,General government,_Z,Not applicable,N,Non-consolidated,D,Expenditure,D62,Social benefits other than social transfers in kind,_Z,Not applicable,,,,,,,,,,,V,Current prices,N,Non transformed data,,,,,,,F,Free (free for publication),2,Two,A,Normal value,0,Units,_Z,Not applicable
DATAFLOW,OECD.SDD.NAD:DSD_NAAG_VI@DF_NAAG_EXP(1.0),NAAG Chapter 6: Government,I,A,Annual,POL,Poland,D62S13,Social benefits other than social transfers in kind,_T,Total,PT_B1GQ,Percentage of GDP,NAAG_VI,Part VI: General Government,2014,,14.5595301093157,,N,Neither seasonally adjusted nor calendar adjusted,_Z,Not applicable,S13,General government,_Z,Not applicable,N,Non-consolidated,D,Expenditure,D62,Social benefits other than social transfers in kind,_Z,Not applicable,,,,,,,,,,,V,Current prices,N,Non transformed data,,,,,,,F,Free (free for publication),2,Two,A,Normal value,0,Units,_Z,Not applicable
DATAFLOW,OECD.SDD.NAD:DSD_NAAG_VI@DF_NAAG_EXP(1.0),NAAG Chapter 6: Government,I,A,Annual,POL,Poland,D62S13,Social benefits other than social transfers in kind,_T,Total,PT_B1GQ,Percentage of GDP,NAAG_VI,Part VI: General Government,2013,,14.7409156852497,,N,Neither seasonally adjusted nor calendar adjusted,_Z,Not applicable,S13,General government,_Z,Not applicable,N,Non-consolidated,D,Expenditure,D62,Social benefits other than social transfers in kind,_Z,Not applicable,,,,,,,,,,,V,Current prices,N,Non transformed data,,,,,,,F,Free (free for publication),2,Two,A,Normal value,0,Units,_Z,Not applicable
DATAFLOW,OECD.SDD.NAD:DSD_NAAG_VI@DF_NAAG_EXP(1.0),NAAG Chapter 6: Government,I,A,Annual,POL,Poland,D62S13,Social benefits other than social transfers in kind,_T,Total,PT_B1GQ,Percentage of GDP,NAAG_VI,Part VI: General Government,2012,,14.1308140215825,,N,Neither seasonally adjusted nor calendar adjusted,_Z,Not applicable,S13,General government,_Z,Not applicable,N,Non-consolidated,D,Expenditure,D62,Social benefits other than social transfers in kind,_Z,Not applicable,,,,,,,,,,,V,Current prices,N,Non transformed data,,,,,,,F,Free (free for publication),2,Two,A,Normal value,0,Units,_Z,Not applicable
DATAFLOW,OECD.SDD.NAD:DSD_NAAG_VI@DF_NAAG_EXP(1.0),NAAG Chapter 6: Government,I,A,Annual,POL,Poland,D62S13,Social benefits other than social transfers in kind,_T,Total,PT_B1GQ,Percentage of GDP,NAAG_VI,Part VI: General Government,2011,,13.956718150051,,N,Neither seasonally adjusted nor calendar adjusted,_Z,Not applicable,S13,General government,_Z,Not applicable,N,Non-consolidated,D,Expenditure,D62,Social benefits other than social transfers in kind,_Z,Not applicable,,,,,,,,,,,V,Current prices,N,Non transformed data,,,,,,,F,Free (free for publication),2,Two,A,Normal value,0,Units,_Z,Not applicable
DATAFLOW,OECD.SDD.NAD:DSD_NAAG_VI@DF_NAAG_EXP(1.0),NAAG Chapter 6: Government,I,A,Annual,POL,Poland,D62S13,Social benefits other than social transfers in kind,_T,Total,PT_B1GQ,Percentage of GDP,NAAG_VI,Part VI: General Government,2010,,14.7626677765061,,N,Neither seasonally adjusted nor calendar adjusted,_Z,Not applicable,S13,General government,_Z,Not applicable,N,Non-consolidated,D,Expenditure,D62,Social benefits other than social transfers in kind,_Z,Not applicable,,,,,,,,,,,V,Current prices,N,Non transformed data,,,,,,,F,Free (free for publication),2,Two,A,Normal value,0,Units,_Z,Not applicable
DATAFLOW,OECD.SDD.NAD:DSD_NAAG_VI@DF_NAAG_EXP(1.0),NAAG Chapter 6: Government,I,A,Annual,POL,Poland,D62S13,Social benefits other than social transfers in kind,_T,Total,PT_B1GQ,Percentage of GDP,NAAG_VI,Part VI: General Government,2009,,14.4844887194652,,N,Neither seasonally adjusted nor calendar adjusted,_Z,Not applicable,S13,General government,_Z,Not applicable,N,Non-consolidated,D,Expenditure,D62,Social benefits other than social transfers in kind,_Z,Not applicable,,,,,,,,,,,V,Current prices,N,Non transformed data,,,,,,,F,Free (free for publication),2,Two,A,Normal value,0,Units,_Z,Not applicable
DATAFLOW,OECD.SDD.NAD:DSD_NAAG_VI@DF_NAAG_EXP(1.0),NAAG Chapter 6: Government,I,A,Annual,POL,Poland,D62S13,Social benefits other than social transfers in kind,_T,Total,PT_B1GQ,Percentage of GDP,NAAG_VI,Part VI: General Government,2008,,13.9952217070579,,N,Neither seasonally adjusted nor calendar adjusted,_Z,Not applicable,S13,General government,_Z,Not applicable,N,Non-consolidated,D,Expenditure,D62,Social benefits other than social transfers in kind,_Z,Not applicable,,,,,,,,,,,V,Current prices,N,Non transformed data,,,,,,,F,Free (free for publication),2,Two,A,Normal value,0,Units,_Z,Not applicable
DATAFLOW,OECD.SDD.NAD:DSD_NAAG_VI@DF_NAAG_EXP(1.0),NAAG Chapter 6: Government,I,A,Annual,POL,Poland,D62S13,Social benefits other than social transfers in kind,_T,Total,PT_B1GQ,Percentage of GDP,NAAG_VI,Part VI: General Government,2007,,14.1508117333513,,N,Neither seasonally adjusted nor calendar adjusted,_Z,Not applicable,S13,General government,_Z,Not applicable,N,Non-consolidated,D,Expenditure,D62,Social benefits other than social transfers in kind,_Z,Not applicable,,,,,,,,,,,V,Current prices,N,Non transformed data,,,,,,,F,Free (free for publication),2,Two,A,Normal value,0,Units,_Z,Not applicable
DATAFLOW,OECD.SDD.NAD:DSD_NAAG_VI@DF_NAAG_EXP(1.0),NAAG Chapter 6: Government,I,A,Annual,POL,Poland,D62S13,Social benefits other than social transfers in kind,_T,Total,PT_B1GQ,Percentage of GDP,NAAG_VI,Part VI: General Government,2006,,15.1375800628858,,N,Neither seasonally adjusted nor calendar adjusted,_Z,Not applicable,S13,General government,_Z,Not applicable,N,Non-consolidated,D,Expenditure,D62,Social benefits other than social transfers in kind,_Z,Not applicable,,,,,,,,,,,V,Current prices,N,Non transformed data,,,,,,,F,Free (free for publication),2,Two,A,Normal value,0,Units,_Z,Not applicable
DATAFLOW,OECD.SDD.NAD:DSD_NAAG_VI@DF_NAAG_EXP(1.0),NAAG Chapter 6: Government,I,A,Annual,POL,Poland,D62S13,Social benefits other than social transfers in kind,_T,Total,PT_B1GQ,Percentage of GDP,NAAG_VI,Part VI: General Government,2024,,17.0737019143098,,N,Neither seasonally adjusted nor calendar adjusted,_Z,Not applicable,S13,General government,_Z,Not applicable,N,Non-consolidated,D,Expenditure,D62,Social benefits other than social transfers in kind,_Z,Not applicable,,,,,,,,,,,V,Current prices,N,Non transformed data,,,,,,,F,Free (free for publication),2,Two,A,Normal value,0,Units,_Z,Not applicable
DATAFLOW,OECD.SDD.NAD:DSD_NAAG_VI@DF_NAAG_EXP(1.0),NAAG Chapter 6: Government,I,A,Annual,POL,Poland,D62S13,Social benefits other than social transfers in kind,_T,Total,PT_B1GQ,Percentage of GDP,NAAG_VI,Part VI: General Government,2023,,15.5991876493658,,N,Neither seasonally adjusted nor calendar adjusted,_Z,Not applicable,S13,General government,_Z,Not applicable,N,Non-consolidated,D,Expenditure,D62,Social benefits other than social transfers in kind,_Z,Not applicable,,,,,,,,,,,V,Current prices,N,Non transformed data,,,,,,,F,Free (free for publication),2,Two,A,Normal value,0,Units,_Z,Not applicable
DATAFLOW,OECD.SDD.NAD:DSD_NAAG_VI@DF_NAAG_EXP(1.0),NAAG Chapter 6: Government,I,A,Annual,TUR,Türkiye,D62S13,Social benefits other than social transfers in kind,_T,Total,PT_B1GQ,Percentage of GDP,NAAG_VI,Part VI: General Government,2016,,9.09928908107709,,N,Neither seasonally adjusted nor calendar adjusted,_Z,Not applicable,S13,General government,_Z,Not applicable,N,Non-consolidated,D,Expenditure,D62,Social benefits other than social transfers in kind,_Z,Not applicable,,,,,,,,,,,V,Current prices,N,Non transformed data,,,,,,,F,Free (free for publication),2,Two,A,Normal value,0,Units,_Z,Not applicable
DATAFLOW,OECD.SDD.NAD:DSD_NAAG_VI@DF_NAAG_EXP(1.0),NAAG Chapter 6: Government,I,A,Annual,TUR,Türkiye,D62S13,Social benefits other than social transfers in kind,_T,Total,PT_B1GQ,Percentage of GDP,NAAG_VI,Part VI: General Government,2015,,8.28962509763477,,N,Neither seasonally adjusted nor calendar adjusted,_Z,Not applicable,S13,General government,_Z,Not applicable,N,Non-consolidated,D,Expenditure,D62,Social benefits other than social transfers in kind,_Z,Not applicable,,,,,,,,,,,V,Current prices,N,Non transformed data,,,,,,,F,Free (free for publication),2,Two,A,Normal value,0,Units,_Z,Not applicable
DATAFLOW,OECD.SDD.NAD:DSD_NAAG_VI@DF_NAAG_EXP(1.0),NAAG Chapter 6: Government,I,A,Annual,TUR,Türkiye,D62S13,Social benefits other than social transfers in kind,_T,Total,PT_B1GQ,Percentage of GDP,NAAG_VI,Part VI: General Government,2014,,8.2737344544996,,N,Neither seasonally adjusted nor calendar adjusted,_Z,Not applicable,S13,General government,_Z,Not applicable,N,Non-consolidated,D,Expenditure,D62,Social benefits other than social transfers in kind,_Z,Not applicable,,,,,,,,,,,V,Current prices,N,Non transformed data,,,,,,,F,Free (free for publication),2,Two,A,Normal value,0,Units,_Z,Not applicable
DATAFLOW,OECD.SDD.NAD:DSD_NAAG_VI@DF_NAAG_EXP(1.0),NAAG Chapter 6: Government,I,A,Annual,TUR,Türkiye,D62S13,Social benefits other than social transfers in kind,_T,Total,PT_B1GQ,Percentage of GDP,NAAG_VI,Part VI: General Government,2013,,8.72005028618319,,N,Neither seasonally adjusted nor calendar adjusted,_Z,Not applicable,S13,General government,_Z,Not applicable,N,Non-consolidated,D,Expenditure,D62,Social benefits other than social transfers in kind,_Z,Not applicable,,,,,,,,,,,V,Current prices,N,Non transformed data,,,,,,,F,Free (free for publication),2,Two,A,Normal value,0,Units,_Z,Not applicable
DATAFLOW,OECD.SDD.NAD:DSD_NAAG_VI@DF_NAAG_EXP(1.0),NAAG Chapter 6: Government,I,A,Annual,TUR,Türkiye,D62S13,Social benefits other than social transfers in kind,_T,Total,PT_B1GQ,Percentage of GDP,NAAG_VI,Part VI: General Government,2012,,8.48821981794056,,N,Neither seasonally adjusted nor calendar adjusted,_Z,Not applicable,S13,General government,_Z,Not applicable,N,Non-consolidated,D,Expenditure,D62,Social benefits other than social transfers in kind,_Z,Not applicable,,,,,,,,,,,V,Current prices,N,Non transformed data,,,,,,,F,Free (free for publication),2,Two,A,Normal value,0,Units,_Z,Not applicable
DATAFLOW,OECD.SDD.NAD:DSD_NAAG_VI@DF_NAAG_EXP(1.0),NAAG Chapter 6: Government,I,A,Annual,TUR,Türkiye,D62S13,Social benefits other than social transfers in kind,_T,Total,PT_B1GQ,Percentage of GDP,NAAG_VI,Part VI: General Government,2011,,8.8267754420928,,N,Neither seasonally adjusted nor calendar adjusted,_Z,Not applicable,S13,General government,_Z,Not applicable,N,Non-consolidated,D,Expenditure,D62,Social benefits other than social transfers in kind,_Z,Not applicable,,,,,,,,,,,V,Current prices,N,Non transformed data,,,,,,,F,Free (free for publication),2,Two,A,Normal value,0,Units,_Z,Not applicable
DATAFLOW,OECD.SDD.NAD:DSD_NAAG_VI@DF_NAAG_EXP(1.0),NAAG Chapter 6: Government,I,A,Annual,TUR,Türkiye,D62S13,Social benefits other than social transfers in kind,_T,Total,PT_B1GQ,Percentage of GDP,NAAG_VI,Part VI: General Government,2010,,8.56656489076945,,N,Neither seasonally adjusted nor calendar adjusted,_Z,Not applicable,S13,General government,_Z,Not applicable,N,Non-consolidated,D,Expenditure,D62,Social benefits other than social transfers in kind,_Z,Not applicable,,,,,,,,,,,V,Current prices,N,Non transformed data,,,,,,,F,Free (free for publication),2,Two,A,Normal value,0,Units,_Z,Not applicable
DATAFLOW,OECD.SDD.NAD:DSD_NAAG_VI@DF_NAAG_EXP(1.0),NAAG Chapter 6: Government,I,A,Annual,TUR,Türkiye,D62S13,Social benefits other than social transfers in kind,_T,Total,PT_B1GQ,Percentage of GDP,NAAG_VI,Part VI: General Government,2009,,9.20844609877911,,N,Neither seasonally adjusted nor calendar adjusted,_Z,Not applicable,S13,General government,_Z,Not applicable,N,Non-consolidated,D,Expenditure,D62,Social benefits other than social transfers in kind,_Z,Not applicable,,,,,,,,,,,V,Current prices,N,Non transformed data,,,,,,,F,Free (free for publication),2,Two,A,Normal value,0,Units,_Z,Not applicable
DATAFLOW,OECD.SDD.NAD:DSD_NAAG_VI@DF_NAAG_EXP(1.0),NAAG Chapter 6: Government,I,A,Annual,TUR,Türkiye,D62S13,Social benefits other than social transfers in kind,_T,Total,PT_B1GQ,Percentage of GDP,NAAG_VI,Part VI: General Government,2020,,9.88402717832492,,N,Neither seasonally adjusted nor calendar adjusted,_Z,Not applicable,S13,General government,_Z,Not applicable,N,Non-consolidated,D,Expenditure,D62,Social benefits other than social transfers in kind,_Z,Not applicable,,,,,,,,,,,V,Current prices,N,Non transformed data,,,,,,,F,Free (free for publication),2,Two,A,Normal value,0,Units,_Z,Not applicable
DATAFLOW,OECD.SDD.NAD:DSD_NAAG_VI@DF_NAAG_EXP(1.0),NAAG Chapter 6: Government,I,A,Annual,TUR,Türkiye,D62S13,Social benefits other than social transfers in kind,_T,Total,PT_B1GQ,Percentage of GDP,NAAG_VI,Part VI: General Government,2019,,9.69599005201578,,N,Neither seasonally adjusted nor calendar adjusted,_Z,Not applicable,S13,General government,_Z,Not applicable,N,Non-consolidated,D,Expenditure,D62,Social benefits other than social transfers in kind,_Z,Not applicable,,,,,,,,,,,V,Current prices,N,Non transformed data,,,,,,,F,Free (free for publication),2,Two,A,Normal value,0,Units,_Z,Not applicable
DATAFLOW,OECD.SDD.NAD:DSD_NAAG_VI@DF_NAAG_EXP(1.0),NAAG Chapter 6: Government,I,A,Annual,TUR,Türkiye,D62S13,Social benefits other than social transfers in kind,_T,Total,PT_B1GQ,Percentage of GDP,NAAG_VI,Part VI: General Government,2018,,8.83970292084646,,N,Neither seasonally adjusted nor calendar adjusted,_Z,Not applicable,S13,General government,_Z,Not applicable,N,Non-consolidated,D,Expenditure,D62,Social benefits other than social transfers in kind,_Z,Not applicable,,,,,,,,,,,V,Current prices,N,Non transformed data,,,,,,,F,Free (free for publication),2,Two,A,Normal value,0,Units,_Z,Not applicable
DATAFLOW,OECD.SDD.NAD:DSD_NAAG_VI@DF_NAAG_EXP(1.0),NAAG Chapter 6: Government,I,A,Annual,AUS,Australia,D62S13,Social benefits other than social transfers in kind,_T,Total,PT_B1GQ,Percentage of GDP,NAAG_VI,Part VI: General Government,2021,,6.71162741398318,,N,Neither seasonally adjusted nor calendar adjusted,_Z,Not applicable,S13,General government,_Z,Not applicable,N,Non-consolidated,D,Expenditure,D62,Social benefits other than social transfers in kind,_Z,Not applicable,,,,,,,,,,,V,Current prices,N,Non transformed data,,,,,,,F,Free (free for publication),2,Two,A,Normal value,0,Units,_Z,Not applicable
DATAFLOW,OECD.SDD.NAD:DSD_NAAG_VI@DF_NAAG_EXP(1.0),NAAG Chapter 6: Government,I,A,Annual,AUS,Australia,D62S13,Social benefits other than social transfers in kind,_T,Total,PT_B1GQ,Percentage of GDP,NAAG_VI,Part VI: General Government,2020,,7.78398156697935,,N,Neither seasonally adjusted nor calendar adjusted,_Z,Not applicable,S13,General government,_Z,Not applicable,N,Non-consolidated,D,Expenditure,D62,Social benefits other than social transfers in kind,_Z,Not applicable,,,,,,,,,,,V,Current prices,N,Non transformed data,,,,,,,F,Free (free for publication),2,Two,A,Normal value,0,Units,_Z,Not applicable
DATAFLOW,OECD.SDD.NAD:DSD_NAAG_VI@DF_NAAG_EXP(1.0),NAAG Chapter 6: Government,I,A,Annual,AUS,Australia,D62S13,Social benefits other than social transfers in kind,_T,Total,PT_B1GQ,Percentage of GDP,NAAG_VI,Part VI: General Government,2005,,7.6128593366247,,N,Neither seasonally adjusted nor calendar adjusted,_Z,Not applicable,S13,General government,_Z,Not applicable,N,Non-consolidated,D,Expenditure,D62,Social benefits other than social transfers in kind,_Z,Not applicable,,,,,,,,,,,V,Current prices,N,Non transformed data,,,,,,,F,Free (free for publication),2,Two,A,Normal value,0,Units,_Z,Not applicable
DATAFLOW,OECD.SDD.NAD:DSD_NAAG_VI@DF_NAAG_EXP(1.0),NAAG Chapter 6: Government,I,A,Annual,AUS,Australia,D62S13,Social benefits other than social transfers in kind,_T,Total,PT_B1GQ,Percentage of GDP,NAAG_VI,Part VI: General Government,2004,,7.88715014014925,,N,Neither seasonally adjusted nor calendar adjusted,_Z,Not applicable,S13,General government,_Z,Not applicable,N,Non-consolidated,D,Expenditure,D62,Social benefits other than social transfers in kind,_Z,Not applicable,,,,,,,,,,,V,Current prices,N,Non transformed data,,,,,,,F,Free (free for publication),2,Two,A,Normal value,0,Units,_Z,Not applicable
DATAFLOW,OECD.SDD.NAD:DSD_NAAG_VI@DF_NAAG_EXP(1.0),NAAG Chapter 6: Government,I,A,Annual,AUS,Australia,D62S13,Social benefits other than social transfers in kind,_T,Total,PT_B1GQ,Percentage of GDP,NAAG_VI,Part VI: General Government,2003,,8.20494185205459,,N,Neither seasonally adjusted nor calendar adjusted,_Z,Not applicable,S13,General government,_Z,Not applicable,N,Non-consolidated,D,Expenditure,D62,Social benefits other than social transfers in kind,_Z,Not applicable,,,,,,,,,,,V,Current prices,N,Non transformed data,,,,,,,F,Free (free for publication),2,Two,A,Normal value,0,Units,_Z,Not applicable
DATAFLOW,OECD.SDD.NAD:DSD_NAAG_VI@DF_NAAG_EXP(1.0),NAAG Chapter 6: Government,I,A,Annual,AUS,Australia,D62S13,Social benefits other than social transfers in kind,_T,Total,PT_B1GQ,Percentage of GDP,NAAG_VI,Part VI: General Government,2002,,7.79783042878417,,N,Neither seasonally adjusted nor calendar adjusted,_Z,Not applicable,S13,General government,_Z,Not applicable,N,Non-consolidated,D,Expenditure,D62,Social benefits other than social transfers in kind,_Z,Not applicable,,,,,,,,,,,V,Current prices,N,Non transformed data,,,,,,,F,Free (free for publication),2,Two,A,Normal value,0,Units,_Z,Not applicable
DATAFLOW,OECD.SDD.NAD:DSD_NAAG_VI@DF_NAAG_EXP(1.0),NAAG Chapter 6: Government,I,A,Annual,AUS,Australia,D62S13,Social benefits other than social transfers in kind,_T,Total,PT_B1GQ,Percentage of GDP,NAAG_VI,Part VI: General Government,2001,,8.04247758597441,,N,Neither seasonally adjusted nor calendar adjusted,_Z,Not applicable,S13,General government,_Z,Not applicable,N,Non-consolidated,D,Expenditure,D62,Social benefits other than social transfers in kind,_Z,Not applicable,,,,,,,,,,,V,Current prices,N,Non transformed data,,,,,,,F,Free (free for publication),2,Two,A,Normal value,0,Units,_Z,Not applicable
DATAFLOW,OECD.SDD.NAD:DSD_NAAG_VI@DF_NAAG_EXP(1.0),NAAG Chapter 6: Government,I,A,Annual,AUS,Australia,D62S13,Social benefits other than social transfers in kind,_T,Total,PT_B1GQ,Percentage of GDP,NAAG_VI,Part VI: General Government,2000,,8.24114152914467,,N,Neither seasonally adjusted nor calendar adjusted,_Z,Not applicable,S13,General government,_Z,Not applicable,N,Non-consolidated,D,Expenditure,D62,Social benefits other than social transfers in kind,_Z,Not applicable,,,,,,,,,,,V,Current prices,N,Non transformed data,,,,,,,F,Free (free for publication),2,Two,A,Normal value,0,Units,_Z,Not applicable
DATAFLOW,OECD.SDD.NAD:DSD_NAAG_VI@DF_NAAG_EXP(1.0),NAAG Chapter 6: Government,I,A,Annual,AUS,Australia,D62S13,Social benefits other than social transfers in kind,_T,Total,PT_B1GQ,Percentage of GDP,NAAG_VI,Part VI: General Government,2019,,7.36638873511793,,N,Neither seasonally adjusted nor calendar adjusted,_Z,Not applicable,S13,General government,_Z,Not applicable,N,Non-consolidated,D,Expenditure,D62,Social benefits other than social transfers in kind,_Z,Not applicable,,,,,,,,,,,V,Current prices,N,Non transformed data,,,,,,,F,Free (free for publication),2,Two,A,Normal value,0,Units,_Z,Not applicable
DATAFLOW,OECD.SDD.NAD:DSD_NAAG_VI@DF_NAAG_EXP(1.0),NAAG Chapter 6: Government,I,A,Annual,AUS,Australia,D62S13,Social benefits other than social transfers in kind,_T,Total,PT_B1GQ,Percentage of GDP,NAAG_VI,Part VI: General Government,2018,,6.50330017834777,,N,Neither seasonally adjusted nor calendar adjusted,_Z,Not applicable,S13,General government,_Z,Not applicable,N,Non-consolidated,D,Expenditure,D62,Social benefits other than social transfers in kind,_Z,Not applicable,,,,,,,,,,,V,Current prices,N,Non transformed data,,,,,,,F,Free (free for publication),2,Two,A,Normal value,0,Units,_Z,Not applicable
DATAFLOW,OECD.SDD.NAD:DSD_NAAG_VI@DF_NAAG_EXP(1.0),NAAG Chapter 6: Government,I,A,Annual,AUS,Australia,D62S13,Social benefits other than social transfers in kind,_T,Total,PT_B1GQ,Percentage of GDP,NAAG_VI,Part VI: General Government,2017,,6.79234220662362,,N,Neither seasonally adjusted nor calendar adjusted,_Z,Not applicable,S13,General government,_Z,Not applicable,N,Non-consolidated,D,Expenditure,D62,Social benefits other than social transfers in kind,_Z,Not applicable,,,,,,,,,,,V,Current prices,N,Non transformed data,,,,,,,F,Free (free for publication),2,Two,A,Normal value,0,Units,_Z,Not applicable
DATAFLOW,OECD.SDD.NAD:DSD_NAAG_VI@DF_NAAG_EXP(1.0),NAAG Chapter 6: Government,I,A,Annual,AUS,Australia,D62S13,Social benefits other than social transfers in kind,_T,Total,PT_B1GQ,Percentage of GDP,NAAG_VI,Part VI: General Government,2016,,7.13382319055787,,N,Neither seasonally adjusted nor calendar adjusted,_Z,Not applicable,S13,General government,_Z,Not applicable,N,Non-consolidated,D,Expenditure,D62,Social benefits other than social transfers in kind,_Z,Not applicable,,,,,,,,,,,V,Current prices,N,Non transformed data,,,,,,,F,Free (free for publication),2,Two,A,Normal value,0,Units,_Z,Not applicable
DATAFLOW,OECD.SDD.NAD:DSD_NAAG_VI@DF_NAAG_EXP(1.0),NAAG Chapter 6: Government,I,A,Annual,AUS,Australia,D62S13,Social benefits other than social transfers in kind,_T,Total,PT_B1GQ,Percentage of GDP,NAAG_VI,Part VI: General Government,2015,,7.68658687965721,,N,Neither seasonally adjusted nor calendar adjusted,_Z,Not applicable,S13,General government,_Z,Not applicable,N,Non-consolidated,D,Expenditure,D62,Social benefits other than social transfers in kind,_Z,Not applicable,,,,,,,,,,,V,Current prices,N,Non transformed data,,,,,,,F,Free (free for publication),2,Two,A,Normal value,0,Units,_Z,Not applicable
DATAFLOW,OECD.SDD.NAD:DSD_NAAG_VI@DF_NAAG_EXP(1.0),NAAG Chapter 6: Government,I,A,Annual,AUS,Australia,D62S13,Social benefits other than social transfers in kind,_T,Total,PT_B1GQ,Percentage of GDP,NAAG_VI,Part VI: General Government,2014,,7.744902765421,,N,Neither seasonally adjusted nor calendar adjusted,_Z,Not applicable,S13,General government,_Z,Not applicable,N,Non-consolidated,D,Expenditure,D62,Social benefits other than social transfers in kind,_Z,Not applicable,,,,,,,,,,,V,Current prices,N,Non transformed data,,,,,,,F,Free (free for publication),2,Two,A,Normal value,0,Units,_Z,Not applicable
DATAFLOW,OECD.SDD.NAD:DSD_NAAG_VI@DF_NAAG_EXP(1.0),NAAG Chapter 6: Government,I,A,Annual,AUS,Australia,D62S13,Social benefits other than social transfers in kind,_T,Total,PT_B1GQ,Percentage of GDP,NAAG_VI,Part VI: General Government,2013,,7.64825086457917,,N,Neither seasonally adjusted nor calendar adjusted,_Z,Not applicable,S13,General government,_Z,Not applicable,N,Non-consolidated,D,Expenditure,D62,Social benefits other than social transfers in kind,_Z,Not applicable,,,,,,,,,,,V,Current prices,N,Non transformed data,,,,,,,F,Free (free for publication),2,Two,A,Normal value,0,Units,_Z,Not applicable
DATAFLOW,OECD.SDD.NAD:DSD_NAAG_VI@DF_NAAG_EXP(1.0),NAAG Chapter 6: Government,I,A,Annual,AUS,Australia,D62S13,Social benefits other than social transfers in kind,_T,Total,PT_B1GQ,Percentage of GDP,NAAG_VI,Part VI: General Government,2012,,7.50986651019892,,N,Neither seasonally adjusted nor calendar adjusted,_Z,Not applicable,S13,General government,_Z,Not applicable,N,Non-consolidated,D,Expenditure,D62,Social benefits other than social transfers in kind,_Z,Not applicable,,,,,,,,,,,V,Current prices,N,Non transformed data,,,,,,,F,Free (free for publication),2,Two,A,Normal value,0,Units,_Z,Not applicable
DATAFLOW,OECD.SDD.NAD:DSD_NAAG_VI@DF_NAAG_EXP(1.0),NAAG Chapter 6: Government,I,A,Annual,AUS,Australia,D62S13,Social benefits other than social transfers in kind,_T,Total,PT_B1GQ,Percentage of GDP,NAAG_VI,Part VI: General Government,2011,,7.43094397556402,,N,Neither seasonally adjusted nor calendar adjusted,_Z,Not applicable,S13,General government,_Z,Not applicable,N,Non-consolidated,D,Expenditure,D62,Social benefits other than social transfers in kind,_Z,Not applicable,,,,,,,,,,,V,Current prices,N,Non transformed data,,,,,,,F,Free (free for publication),2,Two,A,Normal value,0,Units,_Z,Not applicable
DATAFLOW,OECD.SDD.NAD:DSD_NAAG_VI@DF_NAAG_EXP(1.0),NAAG Chapter 6: Government,I,A,Annual,AUS,Australia,D62S13,Social benefits other than social transfers in kind,_T,Total,PT_B1GQ,Percentage of GDP,NAAG_VI,Part VI: General Government,2010,,7.36747643206945,,N,Neither seasonally adjusted nor calendar adjusted,_Z,Not applicable,S13,General government,_Z,Not applicable,N,Non-consolidated,D,Expenditure,D62,Social benefits other than social transfers in kind,_Z,Not applicable,,,,,,,,,,,V,Current prices,N,Non transformed data,,,,,,,F,Free (free for publication),2,Two,A,Normal value,0,Units,_Z,Not applicable
DATAFLOW,OECD.SDD.NAD:DSD_NAAG_VI@DF_NAAG_EXP(1.0),NAAG Chapter 6: Government,I,A,Annual,AUS,Australia,D62S13,Social benefits other than social transfers in kind,_T,Total,PT_B1GQ,Percentage of GDP,NAAG_VI,Part VI: General Government,2009,,7.52390897339767,,N,Neither seasonally adjusted nor calendar adjusted,_Z,Not applicable,S13,General government,_Z,Not applicable,N,Non-consolidated,D,Expenditure,D62,Social benefits other than social transfers in kind,_Z,Not applicable,,,,,,,,,,,V,Current prices,N,Non transformed data,,,,,,,F,Free (free for publication),2,Two,A,Normal value,0,Units,_Z,Not applicable
DATAFLOW,OECD.SDD.NAD:DSD_NAAG_VI@DF_NAAG_EXP(1.0),NAAG Chapter 6: Government,I,A,Annual,AUS,Australia,D62S13,Social benefits other than social transfers in kind,_T,Total,PT_B1GQ,Percentage of GDP,NAAG_VI,Part VI: General Government,2008,,8.75522517501809,,N,Neither seasonally adjusted nor calendar adjusted,_Z,Not applicable,S13,General government,_Z,Not applicable,N,Non-consolidated,D,Expenditure,D62,Social benefits other than social transfers in kind,_Z,Not applicable,,,,,,,,,,,V,Current prices,N,Non transformed data,,,,,,,F,Free (free for publication),2,Two,A,Normal value,0,Units,_Z,Not applicable
DATAFLOW,OECD.SDD.NAD:DSD_NAAG_VI@DF_NAAG_EXP(1.0),NAAG Chapter 6: Government,I,A,Annual,AUS,Australia,D62S13,Social benefits other than social transfers in kind,_T,Total,PT_B1GQ,Percentage of GDP,NAAG_VI,Part VI: General Government,2007,,7.20268830284776,,N,Neither seasonally adjusted nor calendar adjusted,_Z,Not applicable,S13,General government,_Z,Not applicable,N,Non-consolidated,D,Expenditure,D62,Social benefits other than social transfers in kind,_Z,Not applicable,,,,,,,,,,,V,Current prices,N,Non transformed data,,,,,,,F,Free (free for publication),2,Two,A,Normal value,0,Units,_Z,Not applicable
DATAFLOW,OECD.SDD.NAD:DSD_NAAG_VI@DF_NAAG_EXP(1.0),NAAG Chapter 6: Government,I,A,Annual,AUS,Australia,D62S13,Social benefits other than social transfers in kind,_T,Total,PT_B1GQ,Percentage of GDP,NAAG_VI,Part VI: General Government,2006,,7.37642822970681,,N,Neither seasonally adjusted nor calendar adjusted,_Z,Not applicable,S13,General government,_Z,Not applicable,N,Non-consolidated,D,Expenditure,D62,Social benefits other than social transfers in kind,_Z,Not applicable,,,,,,,,,,,V,Current prices,N,Non transformed data,,,,,,,F,Free (free for publication),2,Two,A,Normal value,0,Units,_Z,Not applicable
DATAFLOW,OECD.SDD.NAD:DSD_NAAG_VI@DF_NAAG_EXP(1.0),NAAG Chapter 6: Government,I,A,Annual,AUS,Australia,D62S13,Social benefits other than social transfers in kind,_T,Total,PT_B1GQ,Percentage of GDP,NAAG_VI,Part VI: General Government,2023,,5.82842779419297,,N,Neither seasonally adjusted nor calendar adjusted,_Z,Not applicable,S13,General government,_Z,Not applicable,N,Non-consolidated,D,Expenditure,D62,Social benefits other than social transfers in kind,_Z,Not applicable,,,,,,,,,,,V,Current prices,N,Non transformed data,,,,,,,F,Free (free for publication),2,Two,A,Normal value,0,Units,_Z,Not applicable
DATAFLOW,OECD.SDD.NAD:DSD_NAAG_VI@DF_NAAG_EXP(1.0),NAAG Chapter 6: Government,I,A,Annual,CZE,Czechia,D62S13,Social benefits other than social transfers in kind,_T,Total,PT_B1GQ,Percentage of GDP,NAAG_VI,Part VI: General Government,2021,,13.6172378286728,,N,Neither seasonally adjusted nor calendar adjusted,_Z,Not applicable,S13,General government,_Z,Not applicable,N,Non-consolidated,D,Expenditure,D62,Social benefits other than social transfers in kind,_Z,Not applicable,,,,,,,,,,,V,Current prices,N,Non transformed data,,,,,,,F,Free (free for publication),2,Two,A,Normal value,0,Units,_Z,Not applicable
DATAFLOW,OECD.SDD.NAD:DSD_NAAG_VI@DF_NAAG_EXP(1.0),NAAG Chapter 6: Government,I,A,Annual,CZE,Czechia,D62S13,Social benefits other than social transfers in kind,_T,Total,PT_B1GQ,Percentage of GDP,NAAG_VI,Part VI: General Government,2020,,14.0806318392373,,N,Neither seasonally adjusted nor calendar adjusted,_Z,Not applicable,S13,General government,_Z,Not applicable,N,Non-consolidated,D,Expenditure,D62,Social benefits other than social transfers in kind,_Z,Not applicable,,,,,,,,,,,V,Current prices,N,Non transformed data,,,,,,,F,Free (free for publication),2,Two,A,Normal value,0,Units,_Z,Not applicable
DATAFLOW,OECD.SDD.NAD:DSD_NAAG_VI@DF_NAAG_EXP(1.0),NAAG Chapter 6: Government,I,A,Annual,CZE,Czechia,D62S13,Social benefits other than social transfers in kind,_T,Total,PT_B1GQ,Percentage of GDP,NAAG_VI,Part VI: General Government,2005,,11.6925290703067,,N,Neither seasonally adjusted nor calendar adjusted,_Z,Not applicable,S13,General government,_Z,Not applicable,N,Non-consolidated,D,Expenditure,D62,Social benefits other than social transfers in kind,_Z,Not applicable,,,,,,,,,,,V,Current prices,N,Non transformed data,,,,,,,F,Free (free for publication),2,Two,A,Normal value,0,Units,_Z,Not applicable
DATAFLOW,OECD.SDD.NAD:DSD_NAAG_VI@DF_NAAG_EXP(1.0),NAAG Chapter 6: Government,I,A,Annual,CZE,Czechia,D62S13,Social benefits other than social transfers in kind,_T,Total,PT_B1GQ,Percentage of GDP,NAAG_VI,Part VI: General Government,2004,,11.6374012760637,,N,Neither seasonally adjusted nor calendar adjusted,_Z,Not applicable,S13,General government,_Z,Not applicable,N,Non-consolidated,D,Expenditure,D62,Social benefits other than social transfers in kind,_Z,Not applicable,,,,,,,,,,,V,Current prices,N,Non transformed data,,,,,,,F,Free (free for publication),2,Two,A,Normal value,0,Units,_Z,Not applicable
DATAFLOW,OECD.SDD.NAD:DSD_NAAG_VI@DF_NAAG_EXP(1.0),NAAG Chapter 6: Government,I,A,Annual,CZE,Czechia,D62S13,Social benefits other than social transfers in kind,_T,Total,PT_B1GQ,Percentage of GDP,NAAG_VI,Part VI: General Government,2003,,12.1890923927987,,N,Neither seasonally adjusted nor calendar adjusted,_Z,Not applicable,S13,General government,_Z,Not applicable,N,Non-consolidated,D,Expenditure,D62,Social benefits other than social transfers in kind,_Z,Not applicable,,,,,,,,,,,V,Current prices,N,Non transformed data,,,,,,,F,Free (free for publication),2,Two,A,Normal value,0,Units,_Z,Not applicable
DATAFLOW,OECD.SDD.NAD:DSD_NAAG_VI@DF_NAAG_EXP(1.0),NAAG Chapter 6: Government,I,A,Annual,CZE,Czechia,D62S13,Social benefits other than social transfers in kind,_T,Total,PT_B1GQ,Percentage of GDP,NAAG_VI,Part VI: General Government,2002,,12.2990268688902,,N,Neither seasonally adjusted nor calendar adjusted,_Z,Not applicable,S13,General government,_Z,Not applicable,N,Non-consolidated,D,Expenditure,D62,Social benefits other than social transfers in kind,_Z,Not applicable,,,,,,,,,,,V,Current prices,N,Non transformed data,,,,,,,F,Free (free for publication),2,Two,A,Normal value,0,Units,_Z,Not applicable
DATAFLOW,OECD.SDD.NAD:DSD_NAAG_VI@DF_NAAG_EXP(1.0),NAAG Chapter 6: Government,I,A,Annual,CZE,Czechia,D62S13,Social benefits other than social transfers in kind,_T,Total,PT_B1GQ,Percentage of GDP,NAAG_VI,Part VI: General Government,2001,,12.0139343889081,,N,Neither seasonally adjusted nor calendar adjusted,_Z,Not applicable,S13,General government,_Z,Not applicable,N,Non-consolidated,D,Expenditure,D62,Social benefits other than social transfers in kind,_Z,Not applicable,,,,,,,,,,,V,Current prices,N,Non transformed data,,,,,,,F,Free (free for publication),2,Two,A,Normal value,0,Units,_Z,Not applicable
DATAFLOW,OECD.SDD.NAD:DSD_NAAG_VI@DF_NAAG_EXP(1.0),NAAG Chapter 6: Government,I,A,Annual,CZE,Czechia,D62S13,Social benefits other than social transfers in kind,_T,Total,PT_B1GQ,Percentage of GDP,NAAG_VI,Part VI: General Government,2000,,12.2112347376755,,N,Neither seasonally adjusted nor calendar adjusted,_Z,Not applicable,S13,General government,_Z,Not applicable,N,Non-consolidated,D,Expenditure,D62,Social benefits other than social transfers in kind,_Z,Not applicable,,,,,,,,,,,V,Current prices,N,Non transformed data,,,,,,,F,Free (free for publication),2,Two,A,Normal value,0,Units,_Z,Not applicable
DATAFLOW,OECD.SDD.NAD:DSD_NAAG_VI@DF_NAAG_EXP(1.0),NAAG Chapter 6: Government,I,A,Annual,CZE,Czechia,D62S13,Social benefits other than social transfers in kind,_T,Total,PT_B1GQ,Percentage of GDP,NAAG_VI,Part VI: General Government,2019,,12.0332104517862,,N,Neither seasonally adjusted nor calendar adjusted,_Z,Not applicable,S13,General government,_Z,Not applicable,N,Non-consolidated,D,Expenditure,D62,Social benefits other than social transfers in kind,_Z,Not applicable,,,,,,,,,,,V,Current prices,N,Non transformed data,,,,,,,F,Free (free for publication),2,Two,A,Normal value,0,Units,_Z,Not applicable
DATAFLOW,OECD.SDD.NAD:DSD_NAAG_VI@DF_NAAG_EXP(1.0),NAAG Chapter 6: Government,I,A,Annual,CZE,Czechia,D62S13,Social benefits other than social transfers in kind,_T,Total,PT_B1GQ,Percentage of GDP,NAAG_VI,Part VI: General Government,2018,,12.018485791869,,N,Neither seasonally adjusted nor calendar adjusted,_Z,Not applicable,S13,General government,_Z,Not applicable,N,Non-consolidated,D,Expenditure,D62,Social benefits other than social transfers in kind,_Z,Not applicable,,,,,,,,,,,V,Current prices,N,Non transformed data,,,,,,,F,Free (free for publication),2,Two,A,Normal value,0,Units,_Z,Not applicable
DATAFLOW,OECD.SDD.NAD:DSD_NAAG_VI@DF_NAAG_EXP(1.0),NAAG Chapter 6: Government,I,A,Annual,CZE,Czechia,D62S13,Social benefits other than social transfers in kind,_T,Total,PT_B1GQ,Percentage of GDP,NAAG_VI,Part VI: General Government,2017,,12.04778056835,,N,Neither seasonally adjusted nor calendar adjusted,_Z,Not applicable,S13,General government,_Z,Not applicable,N,Non-consolidated,D,Expenditure,D62,Social benefits other than social transfers in kind,_Z,Not applicable,,,,,,,,,,,V,Current prices,N,Non transformed data,,,,,,,F,Free (free for publication),2,Two,A,Normal value,0,Units,_Z,Not applicable
DATAFLOW,OECD.SDD.NAD:DSD_NAAG_VI@DF_NAAG_EXP(1.0),NAAG Chapter 6: Government,I,A,Annual,CZE,Czechia,D62S13,Social benefits other than social transfers in kind,_T,Total,PT_B1GQ,Percentage of GDP,NAAG_VI,Part VI: General Government,2016,,12.5016570205016,,N,Neither seasonally adjusted nor calendar adjusted,_Z,Not applicable,S13,General government,_Z,Not applicable,N,Non-consolidated,D,Expenditure,D62,Social benefits other than social transfers in kind,_Z,Not applicable,,,,,,,,,,,V,Current prices,N,Non transformed data,,,,,,,F,Free (free for publication),2,Two,A,Normal value,0,Units,_Z,Not applicable
DATAFLOW,OECD.SDD.NAD:DSD_NAAG_VI@DF_NAAG_EXP(1.0),NAAG Chapter 6: Government,I,A,Annual,CZE,Czechia,D62S13,Social benefits other than social transfers in kind,_T,Total,PT_B1GQ,Percentage of GDP,NAAG_VI,Part VI: General Government,2015,,12.6945128705733,,N,Neither seasonally adjusted nor calendar adjusted,_Z,Not applicable,S13,General government,_Z,Not applicable,N,Non-consolidated,D,Expenditure,D62,Social benefits other than social transfers in kind,_Z,Not applicable,,,,,,,,,,,V,Current prices,N,Non transformed data,,,,,,,F,Free (free for publication),2,Two,A,Normal value,0,Units,_Z,Not applicable
DATAFLOW,OECD.SDD.NAD:DSD_NAAG_VI@DF_NAAG_EXP(1.0),NAAG Chapter 6: Government,I,A,Annual,CZE,Czechia,D62S13,Social benefits other than social transfers in kind,_T,Total,PT_B1GQ,Percentage of GDP,NAAG_VI,Part VI: General Government,2014,,13.1506437541786,,N,Neither seasonally adjusted nor calendar adjusted,_Z,Not applicable,S13,General government,_Z,Not applicable,N,Non-consolidated,D,Expenditure,D62,Social benefits other than social transfers in kind,_Z,Not applicable,,,,,,,,,,,V,Current prices,N,Non transformed data,,,,,,,F,Free (free for publication),2,Two,A,Normal value,0,Units,_Z,Not applicable
DATAFLOW,OECD.SDD.NAD:DSD_NAAG_VI@DF_NAAG_EXP(1.0),NAAG Chapter 6: Government,I,A,Annual,CZE,Czechia,D62S13,Social benefits other than social transfers in kind,_T,Total,PT_B1GQ,Percentage of GDP,NAAG_VI,Part VI: General Government,2013,,13.5372633941239,,N,Neither seasonally adjusted nor calendar adjusted,_Z,Not applicable,S13,General government,_Z,Not applicable,N,Non-consolidated,D,Expenditure,D62,Social benefits other than social transfers in kind,_Z,Not applicable,,,,,,,,,,,V,Current prices,N,Non transformed data,,,,,,,F,Free (free for publication),2,Two,A,Normal value,0,Units,_Z,Not applicable
DATAFLOW,OECD.SDD.NAD:DSD_NAAG_VI@DF_NAAG_EXP(1.0),NAAG Chapter 6: Government,I,A,Annual,CZE,Czechia,D62S13,Social benefits other than social transfers in kind,_T,Total,PT_B1GQ,Percentage of GDP,NAAG_VI,Part VI: General Government,2012,,13.4616085039139,,N,Neither seasonally adjusted nor calendar adjusted,_Z,Not applicable,S13,General government,_Z,Not applicable,N,Non-consolidated,D,Expenditure,D62,Social benefits other than social transfers in kind,_Z,Not applicable,,,,,,,,,,,V,Current prices,N,Non transformed data,,,,,,,F,Free (free for publication),2,Two,A,Normal value,0,Units,_Z,Not applicable
DATAFLOW,OECD.SDD.NAD:DSD_NAAG_VI@DF_NAAG_EXP(1.0),NAAG Chapter 6: Government,I,A,Annual,CZE,Czechia,D62S13,Social benefits other than social transfers in kind,_T,Total,PT_B1GQ,Percentage of GDP,NAAG_VI,Part VI: General Government,2011,,13.3220685386249,,N,Neither seasonally adjusted nor calendar adjusted,_Z,Not applicable,S13,General government,_Z,Not applicable,N,Non-consolidated,D,Expenditure,D62,Social benefits other than social transfers in kind,_Z,Not applicable,,,,,,,,,,,V,Current prices,N,Non transformed data,,,,,,,F,Free (free for publication),2,Two,A,Normal value,0,Units,_Z,Not applicable
DATAFLOW,OECD.SDD.NAD:DSD_NAAG_VI@DF_NAAG_EXP(1.0),NAAG Chapter 6: Government,I,A,Annual,CZE,Czechia,D62S13,Social benefits other than social transfers in kind,_T,Total,PT_B1GQ,Percentage of GDP,NAAG_VI,Part VI: General Government,2010,,13.2771230602298,,N,Neither seasonally adjusted nor calendar adjusted,_Z,Not applicable,S13,General government,_Z,Not applicable,N,Non-consolidated,D,Expenditure,D62,Social benefits other than social transfers in kind,_Z,Not applicable,,,,,,,,,,,V,Current prices,N,Non transformed data,,,,,,,F,Free (free for publication),2,Two,A,Normal value,0,Units,_Z,Not applicable
DATAFLOW,OECD.SDD.NAD:DSD_NAAG_VI@DF_NAAG_EXP(1.0),NAAG Chapter 6: Government,I,A,Annual,CZE,Czechia,D62S13,Social benefits other than social transfers in kind,_T,Total,PT_B1GQ,Percentage of GDP,NAAG_VI,Part VI: General Government,2009,,13.3317281311264,,N,Neither seasonally adjusted nor calendar adjusted,_Z,Not applicable,S13,General government,_Z,Not applicable,N,Non-consolidated,D,Expenditure,D62,Social benefits other than social transfers in kind,_Z,Not applicable,,,,,,,,,,,V,Current prices,N,Non transformed data,,,,,,,F,Free (free for publication),2,Two,A,Normal value,0,Units,_Z,Not applicable
DATAFLOW,OECD.SDD.NAD:DSD_NAAG_VI@DF_NAAG_EXP(1.0),NAAG Chapter 6: Government,I,A,Annual,CZE,Czechia,D62S13,Social benefits other than social transfers in kind,_T,Total,PT_B1GQ,Percentage of GDP,NAAG_VI,Part VI: General Government,2008,,12.204239982326,,N,Neither seasonally adjusted nor calendar adjusted,_Z,Not applicable,S13,General government,_Z,Not applicable,N,Non-consolidated,D,Expenditure,D62,Social benefits other than social transfers in kind,_Z,Not applicable,,,,,,,,,,,V,Current prices,N,Non transformed data,,,,,,,F,Free (free for publication),2,Two,A,Normal value,0,Units,_Z,Not applicable
DATAFLOW,OECD.SDD.NAD:DSD_NAAG_VI@DF_NAAG_EXP(1.0),NAAG Chapter 6: Government,I,A,Annual,CZE,Czechia,D62S13,Social benefits other than social transfers in kind,_T,Total,PT_B1GQ,Percentage of GDP,NAAG_VI,Part VI: General Government,2007,,12.1048718971931,,N,Neither seasonally adjusted nor calendar adjusted,_Z,Not applicable,S13,General government,_Z,Not applicable,N,Non-consolidated,D,Expenditure,D62,Social benefits other than social transfers in kind,_Z,Not applicable,,,,,,,,,,,V,Current prices,N,Non transformed data,,,,,,,F,Free (free for publication),2,Two,A,Normal value,0,Units,_Z,Not applicable
DATAFLOW,OECD.SDD.NAD:DSD_NAAG_VI@DF_NAAG_EXP(1.0),NAAG Chapter 6: Government,I,A,Annual,CZE,Czechia,D62S13,Social benefits other than social transfers in kind,_T,Total,PT_B1GQ,Percentage of GDP,NAAG_VI,Part VI: General Government,2006,,11.8483326402761,,N,Neither seasonally adjusted nor calendar adjusted,_Z,Not applicable,S13,General government,_Z,Not applicable,N,Non-consolidated,D,Expenditure,D62,Social benefits other than social transfers in kind,_Z,Not applicable,,,,,,,,,,,V,Current prices,N,Non transformed data,,,,,,,F,Free (free for publication),2,Two,A,Normal value,0,Units,_Z,Not applicable
DATAFLOW,OECD.SDD.NAD:DSD_NAAG_VI@DF_NAAG_EXP(1.0),NAAG Chapter 6: Government,I,A,Annual,CZE,Czechia,D62S13,Social benefits other than social transfers in kind,_T,Total,PT_B1GQ,Percentage of GDP,NAAG_VI,Part VI: General Government,2024,,13.5202234922245,,N,Neither seasonally adjusted nor calendar adjusted,_Z,Not applicable,S13,General government,_Z,Not applicable,N,Non-consolidated,D,Expenditure,D62,Social benefits other than social transfers in kind,_Z,Not applicable,,,,,,,,,,,V,Current prices,N,Non transformed data,,,,,,,F,Free (free for publication),2,Two,A,Normal value,0,Units,_Z,Not applicable
DATAFLOW,OECD.SDD.NAD:DSD_NAAG_VI@DF_NAAG_EXP(1.0),NAAG Chapter 6: Government,I,A,Annual,CZE,Czechia,D62S13,Social benefits other than social transfers in kind,_T,Total,PT_B1GQ,Percentage of GDP,NAAG_VI,Part VI: General Government,2023,,13.6114220489837,,N,Neither seasonally adjusted nor calendar adjusted,_Z,Not applicable,S13,General government,_Z,Not applicable,N,Non-consolidated,D,Expenditure,D62,Social benefits other than social transfers in kind,_Z,Not applicable,,,,,,,,,,,V,Current prices,N,Non transformed data,,,,,,,F,Free (free for publication),2,Two,A,Normal value,0,Units,_Z,Not applicable
DATAFLOW,OECD.SDD.NAD:DSD_NAAG_VI@DF_NAAG_EXP(1.0),NAAG Chapter 6: Government,I,A,Annual,HUN,Hungary,D62S13,Social benefits other than social transfers in kind,_T,Total,PT_B1GQ,Percentage of GDP,NAAG_VI,Part VI: General Government,2021,,10.7136628407688,,N,Neither seasonally adjusted nor calendar adjusted,_Z,Not applicable,S13,General government,_Z,Not applicable,N,Non-consolidated,D,Expenditure,D62,Social benefits other than social transfers in kind,_Z,Not applicable,,,,,,,,,,,V,Current prices,N,Non transformed data,,,,,,,F,Free (free for publication),2,Two,A,Normal value,0,Units,_Z,Not applicable
DATAFLOW,OECD.SDD.NAD:DSD_NAAG_VI@DF_NAAG_EXP(1.0),NAAG Chapter 6: Government,I,A,Annual,HUN,Hungary,D62S13,Social benefits other than social transfers in kind,_T,Total,PT_B1GQ,Percentage of GDP,NAAG_VI,Part VI: General Government,2020,,11.0177413160029,,N,Neither seasonally adjusted nor calendar adjusted,_Z,Not applicable,S13,General government,_Z,Not applicable,N,Non-consolidated,D,Expenditure,D62,Social benefits other than social transfers in kind,_Z,Not applicable,,,,,,,,,,,V,Current prices,N,Non transformed data,,,,,,,F,Free (free for publication),2,Two,A,Normal value,0,Units,_Z,Not applicable
DATAFLOW,OECD.SDD.NAD:DSD_NAAG_VI@DF_NAAG_EXP(1.0),NAAG Chapter 6: Government,I,A,Annual,HUN,Hungary,D62S13,Social benefits other than social transfers in kind,_T,Total,PT_B1GQ,Percentage of GDP,NAAG_VI,Part VI: General Government,2005,,14.1921057764763,,N,Neither seasonally adjusted nor calendar adjusted,_Z,Not applicable,S13,General government,_Z,Not applicable,N,Non-consolidated,D,Expenditure,D62,Social benefits other than social transfers in kind,_Z,Not applicable,,,,,,,,,,,V,Current prices,N,Non transformed data,,,,,,,F,Free (free for publication),2,Two,A,Normal value,0,Units,_Z,Not applicable
DATAFLOW,OECD.SDD.NAD:DSD_NAAG_VI@DF_NAAG_EXP(1.0),NAAG Chapter 6: Government,I,A,Annual,HUN,Hungary,D62S13,Social benefits other than social transfers in kind,_T,Total,PT_B1GQ,Percentage of GDP,NAAG_VI,Part VI: General Government,2004,,13.6770403531222,,N,Neither seasonally adjusted nor calendar adjusted,_Z,Not applicable,S13,General government,_Z,Not applicable,N,Non-consolidated,D,Expenditure,D62,Social benefits other than social transfers in kind,_Z,Not applicable,,,,,,,,,,,V,Current prices,N,Non transformed data,,,,,,,F,Free (free for publication),2,Two,A,Normal value,0,Units,_Z,Not applicable
DATAFLOW,OECD.SDD.NAD:DSD_NAAG_VI@DF_NAAG_EXP(1.0),NAAG Chapter 6: Government,I,A,Annual,HUN,Hungary,D62S13,Social benefits other than social transfers in kind,_T,Total,PT_B1GQ,Percentage of GDP,NAAG_VI,Part VI: General Government,2003,,13.6693667674353,,N,Neither seasonally adjusted nor calendar adjusted,_Z,Not applicable,S13,General government,_Z,Not applicable,N,Non-consolidated,D,Expenditure,D62,Social benefits other than social transfers in kind,_Z,Not applicable,,,,,,,,,,,V,Current prices,N,Non transformed data,,,,,,,F,Free (free for publication),2,Two,A,Normal value,0,Units,_Z,Not applicable
DATAFLOW,OECD.SDD.NAD:DSD_NAAG_VI@DF_NAAG_EXP(1.0),NAAG Chapter 6: Government,I,A,Annual,HUN,Hungary,D62S13,Social benefits other than social transfers in kind,_T,Total,PT_B1GQ,Percentage of GDP,NAAG_VI,Part VI: General Government,2002,,13.0807341314812,,N,Neither seasonally adjusted nor calendar adjusted,_Z,Not applicable,S13,General government,_Z,Not applicable,N,Non-consolidated,D,Expenditure,D62,Social benefits other than social transfers in kind,_Z,Not applicable,,,,,,,,,,,V,Current prices,N,Non transformed data,,,,,,,F,Free (free for publication),2,Two,A,Normal value,0,Units,_Z,Not applicable
DATAFLOW,OECD.SDD.NAD:DSD_NAAG_VI@DF_NAAG_EXP(1.0),NAAG Chapter 6: Government,I,A,Annual,HUN,Hungary,D62S13,Social benefits other than social transfers in kind,_T,Total,PT_B1GQ,Percentage of GDP,NAAG_VI,Part VI: General Government,2001,,12.4071119746796,,N,Neither seasonally adjusted nor calendar adjusted,_Z,Not applicable,S13,General government,_Z,Not applicable,N,Non-consolidated,D,Expenditure,D62,Social benefits other than social transfers in kind,_Z,Not applicable,,,,,,,,,,,V,Current prices,N,Non transformed data,,,,,,,F,Free (free for publication),2,Two,A,Normal value,0,Units,_Z,Not applicable
DATAFLOW,OECD.SDD.NAD:DSD_NAAG_VI@DF_NAAG_EXP(1.0),NAAG Chapter 6: Government,I,A,Annual,HUN,Hungary,D62S13,Social benefits other than social transfers in kind,_T,Total,PT_B1GQ,Percentage of GDP,NAAG_VI,Part VI: General Government,2000,,12.5709251769695,,N,Neither seasonally adjusted nor calendar adjusted,_Z,Not applicable,S13,General government,_Z,Not applicable,N,Non-consolidated,D,Expenditure,D62,Social benefits other than social transfers in kind,_Z,Not applicable,,,,,,,,,,,V,Current prices,N,Non transformed data,,,,,,,F,Free (free for publication),2,Two,A,Normal value,0,Units,_Z,Not applicable
DATAFLOW,OECD.SDD.NAD:DSD_NAAG_VI@DF_NAAG_EXP(1.0),NAAG Chapter 6: Government,I,A,Annual,HUN,Hungary,D62S13,Social benefits other than social transfers in kind,_T,Total,PT_B1GQ,Percentage of GDP,NAAG_VI,Part VI: General Government,2019,,10.6510287252764,,N,Neither seasonally adjusted nor calendar adjusted,_Z,Not applicable,S13,General government,_Z,Not applicable,N,Non-consolidated,D,Expenditure,D62,Social benefits other than social transfers in kind,_Z,Not applicable,,,,,,,,,,,V,Current prices,N,Non transformed data,,,,,,,F,Free (free for publication),2,Two,A,Normal value,0,Units,_Z,Not applicable
DATAFLOW,OECD.SDD.NAD:DSD_NAAG_VI@DF_NAAG_EXP(1.0),NAAG Chapter 6: Government,I,A,Annual,HUN,Hungary,D62S13,Social benefits other than social transfers in kind,_T,Total,PT_B1GQ,Percentage of GDP,NAAG_VI,Part VI: General Government,2018,,11.2609296545639,,N,Neither seasonally adjusted nor calendar adjusted,_Z,Not applicable,S13,General government,_Z,Not applicable,N,Non-consolidated,D,Expenditure,D62,Social benefits other than social transfers in kind,_Z,Not applicable,,,,,,,,,,,V,Current prices,N,Non transformed data,,,,,,,F,Free (free for publication),2,Two,A,Normal value,0,Units,_Z,Not applicable
DATAFLOW,OECD.SDD.NAD:DSD_NAAG_VI@DF_NAAG_EXP(1.0),NAAG Chapter 6: Government,I,A,Annual,HUN,Hungary,D62S13,Social benefits other than social transfers in kind,_T,Total,PT_B1GQ,Percentage of GDP,NAAG_VI,Part VI: General Government,2017,,11.8810342575105,,N,Neither seasonally adjusted nor calendar adjusted,_Z,Not applicable,S13,General government,_Z,Not applicable,N,Non-consolidated,D,Expenditure,D62,Social benefits other than social transfers in kind,_Z,Not applicable,,,,,,,,,,,V,Current prices,N,Non transformed data,,,,,,,F,Free (free for publication),2,Two,A,Normal value,0,Units,_Z,Not applicable
DATAFLOW,OECD.SDD.NAD:DSD_NAAG_VI@DF_NAAG_EXP(1.0),NAAG Chapter 6: Government,I,A,Annual,HUN,Hungary,D62S13,Social benefits other than social transfers in kind,_T,Total,PT_B1GQ,Percentage of GDP,NAAG_VI,Part VI: General Government,2016,,12.4805180849618,,N,Neither seasonally adjusted nor calendar adjusted,_Z,Not applicable,S13,General government,_Z,Not applicable,N,Non-consolidated,D,Expenditure,D62,Social benefits other than social transfers in kind,_Z,Not applicable,,,,,,,,,,,V,Current prices,N,Non transformed data,,,,,,,F,Free (free for publication),2,Two,A,Normal value,0,Units,_Z,Not applicable
DATAFLOW,OECD.SDD.NAD:DSD_NAAG_VI@DF_NAAG_EXP(1.0),NAAG Chapter 6: Government,I,A,Annual,HUN,Hungary,D62S13,Social benefits other than social transfers in kind,_T,Total,PT_B1GQ,Percentage of GDP,NAAG_VI,Part VI: General Government,2015,,12.7946321190473,,N,Neither seasonally adjusted nor calendar adjusted,_Z,Not applicable,S13,General government,_Z,Not applicable,N,Non-consolidated,D,Expenditure,D62,Social benefits other than social transfers in kind,_Z,Not applicable,,,,,,,,,,,V,Current prices,N,Non transformed data,,,,,,,F,Free (free for publication),2,Two,A,Normal value,0,Units,_Z,Not applicable
DATAFLOW,OECD.SDD.NAD:DSD_NAAG_VI@DF_NAAG_EXP(1.0),NAAG Chapter 6: Government,I,A,Annual,HUN,Hungary,D62S13,Social benefits other than social transfers in kind,_T,Total,PT_B1GQ,Percentage of GDP,NAAG_VI,Part VI: General Government,2014,,13.683072687322,,N,Neither seasonally adjusted nor calendar adjusted,_Z,Not applicable,S13,General government,_Z,Not applicable,N,Non-consolidated,D,Expenditure,D62,Social benefits other than social transfers in kind,_Z,Not applicable,,,,,,,,,,,V,Current prices,N,Non transformed data,,,,,,,F,Free (free for publication),2,Two,A,Normal value,0,Units,_Z,Not applicable
DATAFLOW,OECD.SDD.NAD:DSD_NAAG_VI@DF_NAAG_EXP(1.0),NAAG Chapter 6: Government,I,A,Annual,HUN,Hungary,D62S13,Social benefits other than social transfers in kind,_T,Total,PT_B1GQ,Percentage of GDP,NAAG_VI,Part VI: General Government,2013,,14.6761115057062,,N,Neither seasonally adjusted nor calendar adjusted,_Z,Not applicable,S13,General government,_Z,Not applicable,N,Non-consolidated,D,Expenditure,D62,Social benefits other than social transfers in kind,_Z,Not applicable,,,,,,,,,,,V,Current prices,N,Non transformed data,,,,,,,F,Free (free for publication),2,Two,A,Normal value,0,Units,_Z,Not applicable
DATAFLOW,OECD.SDD.NAD:DSD_NAAG_VI@DF_NAAG_EXP(1.0),NAAG Chapter 6: Government,I,A,Annual,HUN,Hungary,D62S13,Social benefits other than social transfers in kind,_T,Total,PT_B1GQ,Percentage of GDP,NAAG_VI,Part VI: General Government,2012,,15.0310280096682,,N,Neither seasonally adjusted nor calendar adjusted,_Z,Not applicable,S13,General government,_Z,Not applicable,N,Non-consolidated,D,Expenditure,D62,Social benefits other than social transfers in kind,_Z,Not applicable,,,,,,,,,,,V,Current prices,N,Non transformed data,,,,,,,F,Free (free for publication),2,Two,A,Normal value,0,Units,_Z,Not applicable
DATAFLOW,OECD.SDD.NAD:DSD_NAAG_VI@DF_NAAG_EXP(1.0),NAAG Chapter 6: Government,I,A,Annual,HUN,Hungary,D62S13,Social benefits other than social transfers in kind,_T,Total,PT_B1GQ,Percentage of GDP,NAAG_VI,Part VI: General Government,2011,,15.1912613012155,,N,Neither seasonally adjusted nor calendar adjusted,_Z,Not applicable,S13,General government,_Z,Not applicable,N,Non-consolidated,D,Expenditure,D62,Social benefits other than social transfers in kind,_Z,Not applicable,,,,,,,,,,,V,Current prices,N,Non transformed data,,,,,,,F,Free (free for publication),2,Two,A,Normal value,0,Units,_Z,Not applicable
DATAFLOW,OECD.SDD.NAD:DSD_NAAG_VI@DF_NAAG_EXP(1.0),NAAG Chapter 6: Government,I,A,Annual,HUN,Hungary,D62S13,Social benefits other than social transfers in kind,_T,Total,PT_B1GQ,Percentage of GDP,NAAG_VI,Part VI: General Government,2010,,15.4523515441924,,N,Neither seasonally adjusted nor calendar adjusted,_Z,Not applicable,S13,General government,_Z,Not applicable,N,Non-consolidated,D,Expenditure,D62,Social benefits other than social transfers in kind,_Z,Not applicable,,,,,,,,,,,V,Current prices,N,Non transformed data,,,,,,,F,Free (free for publication),2,Two,A,Normal value,0,Units,_Z,Not applicable
DATAFLOW,OECD.SDD.NAD:DSD_NAAG_VI@DF_NAAG_EXP(1.0),NAAG Chapter 6: Government,I,A,Annual,HUN,Hungary,D62S13,Social benefits other than social transfers in kind,_T,Total,PT_B1GQ,Percentage of GDP,NAAG_VI,Part VI: General Government,2009,,15.9970643574456,,N,Neither seasonally adjusted nor calendar adjusted,_Z,Not applicable,S13,General government,_Z,Not applicable,N,Non-consolidated,D,Expenditure,D62,Social benefits other than social transfers in kind,_Z,Not applicable,,,,,,,,,,,V,Current prices,N,Non transformed data,,,,,,,F,Free (free for publication),2,Two,A,Normal value,0,Units,_Z,Not applicable
DATAFLOW,OECD.SDD.NAD:DSD_NAAG_VI@DF_NAAG_EXP(1.0),NAAG Chapter 6: Government,I,A,Annual,HUN,Hungary,D62S13,Social benefits other than social transfers in kind,_T,Total,PT_B1GQ,Percentage of GDP,NAAG_VI,Part VI: General Government,2008,,15.4784039430711,,N,Neither seasonally adjusted nor calendar adjusted,_Z,Not applicable,S13,General government,_Z,Not applicable,N,Non-consolidated,D,Expenditure,D62,Social benefits other than social transfers in kind,_Z,Not applicable,,,,,,,,,,,V,Current prices,N,Non transformed data,,,,,,,F,Free (free for publication),2,Two,A,Normal value,0,Units,_Z,Not applicable
DATAFLOW,OECD.SDD.NAD:DSD_NAAG_VI@DF_NAAG_EXP(1.0),NAAG Chapter 6: Government,I,A,Annual,HUN,Hungary,D62S13,Social benefits other than social transfers in kind,_T,Total,PT_B1GQ,Percentage of GDP,NAAG_VI,Part VI: General Government,2007,,15.0422665796822,,N,Neither seasonally adjusted nor calendar adjusted,_Z,Not applicable,S13,General government,_Z,Not applicable,N,Non-consolidated,D,Expenditure,D62,Social benefits other than social transfers in kind,_Z,Not applicable,,,,,,,,,,,V,Current prices,N,Non transformed data,,,,,,,F,Free (free for publication),2,Two,A,Normal value,0,Units,_Z,Not applicable
DATAFLOW,OECD.SDD.NAD:DSD_NAAG_VI@DF_NAAG_EXP(1.0),NAAG Chapter 6: Government,I,A,Annual,HUN,Hungary,D62S13,Social benefits other than social transfers in kind,_T,Total,PT_B1GQ,Percentage of GDP,NAAG_VI,Part VI: General Government,2006,,14.6141331025733,,N,Neither seasonally adjusted nor calendar adjusted,_Z,Not applicable,S13,General government,_Z,Not applicable,N,Non-consolidated,D,Expenditure,D62,Social benefits other than social transfers in kind,_Z,Not applicable,,,,,,,,,,,V,Current prices,N,Non transformed data,,,,,,,F,Free (free for publication),2,Two,A,Normal value,0,Units,_Z,Not applicable
DATAFLOW,OECD.SDD.NAD:DSD_NAAG_VI@DF_NAAG_EXP(1.0),NAAG Chapter 6: Government,I,A,Annual,HUN,Hungary,D62S13,Social benefits other than social transfers in kind,_T,Total,PT_B1GQ,Percentage of GDP,NAAG_VI,Part VI: General Government,2024,,10.818328935859,,N,Neither seasonally adjusted nor calendar adjusted,_Z,Not applicable,S13,General government,_Z,Not applicable,N,Non-consolidated,D,Expenditure,D62,Social benefits other than social transfers in kind,_Z,Not applicable,,,,,,,,,,,V,Current prices,N,Non transformed data,,,,,,,F,Free (free for publication),2,Two,A,Normal value,0,Units,_Z,Not applicable
DATAFLOW,OECD.SDD.NAD:DSD_NAAG_VI@DF_NAAG_EXP(1.0),NAAG Chapter 6: Government,I,A,Annual,HUN,Hungary,D62S13,Social benefits other than social transfers in kind,_T,Total,PT_B1GQ,Percentage of GDP,NAAG_VI,Part VI: General Government,2023,,10.7263820118106,,N,Neither seasonally adjusted nor calendar adjusted,_Z,Not applicable,S13,General government,_Z,Not applicable,N,Non-consolidated,D,Expenditure,D62,Social benefits other than social transfers in kind,_Z,Not applicable,,,,,,,,,,,V,Current prices,N,Non transformed data,,,,,,,F,Free (free for publication),2,Two,A,Normal value,0,Units,_Z,Not applicable
DATAFLOW,OECD.SDD.NAD:DSD_NAAG_VI@DF_NAAG_EXP(1.0),NAAG Chapter 6: Government,I,A,Annual,LVA,Latvia,D62S13,Social benefits other than social transfers in kind,_T,Total,PT_B1GQ,Percentage of GDP,NAAG_VI,Part VI: General Government,2021,,12.5577306175959,,N,Neither seasonally adjusted nor calendar adjusted,_Z,Not applicable,S13,General government,_Z,Not applicable,N,Non-consolidated,D,Expenditure,D62,Social benefits other than social transfers in kind,_Z,Not applicable,,,,,,,,,,,V,Current prices,N,Non transformed data,,,,,,,F,Free (free for publication),2,Two,A,Normal value,0,Units,_Z,Not applicable
DATAFLOW,OECD.SDD.NAD:DSD_NAAG_VI@DF_NAAG_EXP(1.0),NAAG Chapter 6: Government,I,A,Annual,LVA,Latvia,D62S13,Social benefits other than social transfers in kind,_T,Total,PT_B1GQ,Percentage of GDP,NAAG_VI,Part VI: General Government,2020,,12.3026217187454,,N,Neither seasonally adjusted nor calendar adjusted,_Z,Not applicable,S13,General government,_Z,Not applicable,N,Non-consolidated,D,Expenditure,D62,Social benefits other than social transfers in kind,_Z,Not applicable,,,,,,,,,,,V,Current prices,N,Non transformed data,,,,,,,F,Free (free for publication),2,Two,A,Normal value,0,Units,_Z,Not applicable
DATAFLOW,OECD.SDD.NAD:DSD_NAAG_VI@DF_NAAG_EXP(1.0),NAAG Chapter 6: Government,I,A,Annual,LVA,Latvia,D62S13,Social benefits other than social transfers in kind,_T,Total,PT_B1GQ,Percentage of GDP,NAAG_VI,Part VI: General Government,2005,,8.75870426860332,,N,Neither seasonally adjusted nor calendar adjusted,_Z,Not applicable,S13,General government,_Z,Not applicable,N,Non-consolidated,D,Expenditure,D62,Social benefits other than social transfers in kind,_Z,Not applicable,,,,,,,,,,,V,Current prices,N,Non transformed data,,,,,,,F,Free (free for publication),2,Two,A,Normal value,0,Units,_Z,Not applicable
DATAFLOW,OECD.SDD.NAD:DSD_NAAG_VI@DF_NAAG_EXP(1.0),NAAG Chapter 6: Government,I,A,Annual,LVA,Latvia,D62S13,Social benefits other than social transfers in kind,_T,Total,PT_B1GQ,Percentage of GDP,NAAG_VI,Part VI: General Government,2004,,9.4284725872527,,N,Neither seasonally adjusted nor calendar adjusted,_Z,Not applicable,S13,General government,_Z,Not applicable,N,Non-consolidated,D,Expenditure,D62,Social benefits other than social transfers in kind,_Z,Not applicable,,,,,,,,,,,V,Current prices,N,Non transformed data,,,,,,,F,Free (free for publication),2,Two,A,Normal value,0,Units,_Z,Not applicable
DATAFLOW,OECD.SDD.NAD:DSD_NAAG_VI@DF_NAAG_EXP(1.0),NAAG Chapter 6: Government,I,A,Annual,LVA,Latvia,D62S13,Social benefits other than social transfers in kind,_T,Total,PT_B1GQ,Percentage of GDP,NAAG_VI,Part VI: General Government,2003,,9.39791667099613,,N,Neither seasonally adjusted nor calendar adjusted,_Z,Not applicable,S13,General government,_Z,Not applicable,N,Non-consolidated,D,Expenditure,D62,Social benefits other than social transfers in kind,_Z,Not applicable,,,,,,,,,,,V,Current prices,N,Non transformed data,,,,,,,F,Free (free for publication),2,Two,A,Normal value,0,Units,_Z,Not applicable
DATAFLOW,OECD.SDD.NAD:DSD_NAAG_VI@DF_NAAG_EXP(1.0),NAAG Chapter 6: Government,I,A,Annual,LVA,Latvia,D62S13,Social benefits other than social transfers in kind,_T,Total,PT_B1GQ,Percentage of GDP,NAAG_VI,Part VI: General Government,2002,,10.2136981532791,,N,Neither seasonally adjusted nor calendar adjusted,_Z,Not applicable,S13,General government,_Z,Not applicable,N,Non-consolidated,D,Expenditure,D62,Social benefits other than social transfers in kind,_Z,Not applicable,,,,,,,,,,,V,Current prices,N,Non transformed data,,,,,,,F,Free (free for publication),2,Two,A,Normal value,0,Units,_Z,Not applicable
DATAFLOW,OECD.SDD.NAD:DSD_NAAG_VI@DF_NAAG_EXP(1.0),NAAG Chapter 6: Government,I,A,Annual,LVA,Latvia,D62S13,Social benefits other than social transfers in kind,_T,Total,PT_B1GQ,Percentage of GDP,NAAG_VI,Part VI: General Government,2001,,11.3448961018019,,N,Neither seasonally adjusted nor calendar adjusted,_Z,Not applicable,S13,General government,_Z,Not applicable,N,Non-consolidated,D,Expenditure,D62,Social benefits other than social transfers in kind,_Z,Not applicable,,,,,,,,,,,V,Current prices,N,Non transformed data,,,,,,,F,Free (free for publication),2,Two,A,Normal value,0,Units,_Z,Not applicable
DATAFLOW,OECD.SDD.NAD:DSD_NAAG_VI@DF_NAAG_EXP(1.0),NAAG Chapter 6: Government,I,A,Annual,LVA,Latvia,D62S13,Social benefits other than social transfers in kind,_T,Total,PT_B1GQ,Percentage of GDP,NAAG_VI,Part VI: General Government,2000,,12.5000727833441,,N,Neither seasonally adjusted nor calendar adjusted,_Z,Not applicable,S13,General government,_Z,Not applicable,N,Non-consolidated,D,Expenditure,D62,Social benefits other than social transfers in kind,_Z,Not applicable,,,,,,,,,,,V,Current prices,N,Non transformed data,,,,,,,F,Free (free for publication),2,Two,A,Normal value,0,Units,_Z,Not applicable
DATAFLOW,OECD.SDD.NAD:DSD_NAAG_VI@DF_NAAG_EXP(1.0),NAAG Chapter 6: Government,I,A,Annual,LVA,Latvia,D62S13,Social benefits other than social transfers in kind,_T,Total,PT_B1GQ,Percentage of GDP,NAAG_VI,Part VI: General Government,2019,,11.0849930298984,,N,Neither seasonally adjusted nor calendar adjusted,_Z,Not applicable,S13,General government,_Z,Not applicable,N,Non-consolidated,D,Expenditure,D62,Social benefits other than social transfers in kind,_Z,Not applicable,,,,,,,,,,,V,Current prices,N,Non transformed data,,,,,,,F,Free (free for publication),2,Two,A,Normal value,0,Units,_Z,Not applicable
DATAFLOW,OECD.SDD.NAD:DSD_NAAG_VI@DF_NAAG_EXP(1.0),NAAG Chapter 6: Government,I,A,Annual,LVA,Latvia,D62S13,Social benefits other than social transfers in kind,_T,Total,PT_B1GQ,Percentage of GDP,NAAG_VI,Part VI: General Government,2018,,10.6201930612892,,N,Neither seasonally adjusted nor calendar adjusted,_Z,Not applicable,S13,General government,_Z,Not applicable,N,Non-consolidated,D,Expenditure,D62,Social benefits other than social transfers in kind,_Z,Not applicable,,,,,,,,,,,V,Current prices,N,Non transformed data,,,,,,,F,Free (free for publication),2,Two,A,Normal value,0,Units,_Z,Not applicable
DATAFLOW,OECD.SDD.NAD:DSD_NAAG_VI@DF_NAAG_EXP(1.0),NAAG Chapter 6: Government,I,A,Annual,LVA,Latvia,D62S13,Social benefits other than social transfers in kind,_T,Total,PT_B1GQ,Percentage of GDP,NAAG_VI,Part VI: General Government,2017,,10.7380414932809,,N,Neither seasonally adjusted nor calendar adjusted,_Z,Not applicable,S13,General government,_Z,Not applicable,N,Non-consolidated,D,Expenditure,D62,Social benefits other than social transfers in kind,_Z,Not applicable,,,,,,,,,,,V,Current prices,N,Non transformed data,,,,,,,F,Free (free for publication),2,Two,A,Normal value,0,Units,_Z,Not applicable
DATAFLOW,OECD.SDD.NAD:DSD_NAAG_VI@DF_NAAG_EXP(1.0),NAAG Chapter 6: Government,I,A,Annual,LVA,Latvia,D62S13,Social benefits other than social transfers in kind,_T,Total,PT_B1GQ,Percentage of GDP,NAAG_VI,Part VI: General Government,2016,,10.9006491667501,,N,Neither seasonally adjusted nor calendar adjusted,_Z,Not applicable,S13,General government,_Z,Not applicable,N,Non-consolidated,D,Expenditure,D62,Social benefits other than social transfers in kind,_Z,Not applicable,,,,,,,,,,,V,Current prices,N,Non transformed data,,,,,,,F,Free (free for publication),2,Two,A,Normal value,0,Units,_Z,Not applicable
DATAFLOW,OECD.SDD.NAD:DSD_NAAG_VI@DF_NAAG_EXP(1.0),NAAG Chapter 6: Government,I,A,Annual,LVA,Latvia,D62S13,Social benefits other than social transfers in kind,_T,Total,PT_B1GQ,Percentage of GDP,NAAG_VI,Part VI: General Government,2015,,10.7773823091498,,N,Neither seasonally adjusted nor calendar adjusted,_Z,Not applicable,S13,General government,_Z,Not applicable,N,Non-consolidated,D,Expenditure,D62,Social benefits other than social transfers in kind,_Z,Not applicable,,,,,,,,,,,V,Current prices,N,Non transformed data,,,,,,,F,Free (free for publication),2,Two,A,Normal value,0,Units,_Z,Not applicable
DATAFLOW,OECD.SDD.NAD:DSD_NAAG_VI@DF_NAAG_EXP(1.0),NAAG Chapter 6: Government,I,A,Annual,LVA,Latvia,D62S13,Social benefits other than social transfers in kind,_T,Total,PT_B1GQ,Percentage of GDP,NAAG_VI,Part VI: General Government,2014,,10.6005988020011,,N,Neither seasonally adjusted nor calendar adjusted,_Z,Not applicable,S13,General government,_Z,Not applicable,N,Non-consolidated,D,Expenditure,D62,Social benefits other than social transfers in kind,_Z,Not applicable,,,,,,,,,,,V,Current prices,N,Non transformed data,,,,,,,F,Free (free for publication),2,Two,A,Normal value,0,Units,_Z,Not applicable
DATAFLOW,OECD.SDD.NAD:DSD_NAAG_VI@DF_NAAG_EXP(1.0),NAAG Chapter 6: Government,I,A,Annual,LVA,Latvia,D62S13,Social benefits other than social transfers in kind,_T,Total,PT_B1GQ,Percentage of GDP,NAAG_VI,Part VI: General Government,2013,,10.755325388149,,N,Neither seasonally adjusted nor calendar adjusted,_Z,Not applicable,S13,General government,_Z,Not applicable,N,Non-consolidated,D,Expenditure,D62,Social benefits other than social transfers in kind,_Z,Not applicable,,,,,,,,,,,V,Current prices,N,Non transformed data,,,,,,,F,Free (free for publication),2,Two,A,Normal value,0,Units,_Z,Not applicable
DATAFLOW,OECD.SDD.NAD:DSD_NAAG_VI@DF_NAAG_EXP(1.0),NAAG Chapter 6: Government,I,A,Annual,LVA,Latvia,D62S13,Social benefits other than social transfers in kind,_T,Total,PT_B1GQ,Percentage of GDP,NAAG_VI,Part VI: General Government,2012,,10.6569146060386,,N,Neither seasonally adjusted nor calendar adjusted,_Z,Not applicable,S13,General government,_Z,Not applicable,N,Non-consolidated,D,Expenditure,D62,Social benefits other than social transfers in kind,_Z,Not applicable,,,,,,,,,,,V,Current prices,N,Non transformed data,,,,,,,F,Free (free for publication),2,Two,A,Normal value,0,Units,_Z,Not applicable
DATAFLOW,OECD.SDD.NAD:DSD_NAAG_VI@DF_NAAG_EXP(1.0),NAAG Chapter 6: Government,I,A,Annual,LVA,Latvia,D62S13,Social benefits other than social transfers in kind,_T,Total,PT_B1GQ,Percentage of GDP,NAAG_VI,Part VI: General Government,2011,,11.8754465859647,,N,Neither seasonally adjusted nor calendar adjusted,_Z,Not applicable,S13,General government,_Z,Not applicable,N,Non-consolidated,D,Expenditure,D62,Social benefits other than social transfers in kind,_Z,Not applicable,,,,,,,,,,,V,Current prices,N,Non transformed data,,,,,,,F,Free (free for publication),2,Two,A,Normal value,0,Units,_Z,Not applicable
DATAFLOW,OECD.SDD.NAD:DSD_NAAG_VI@DF_NAAG_EXP(1.0),NAAG Chapter 6: Government,I,A,Annual,LVA,Latvia,D62S13,Social benefits other than social transfers in kind,_T,Total,PT_B1GQ,Percentage of GDP,NAAG_VI,Part VI: General Government,2010,,13.3930486172405,,N,Neither seasonally adjusted nor calendar adjusted,_Z,Not applicable,S13,General government,_Z,Not applicable,N,Non-consolidated,D,Expenditure,D62,Social benefits other than social transfers in kind,_Z,Not applicable,,,,,,,,,,,V,Current prices,N,Non transformed data,,,,,,,F,Free (free for publication),2,Two,A,Normal value,0,Units,_Z,Not applicable
DATAFLOW,OECD.SDD.NAD:DSD_NAAG_VI@DF_NAAG_EXP(1.0),NAAG Chapter 6: Government,I,A,Annual,LVA,Latvia,D62S13,Social benefits other than social transfers in kind,_T,Total,PT_B1GQ,Percentage of GDP,NAAG_VI,Part VI: General Government,2009,,13.1956808626458,,N,Neither seasonally adjusted nor calendar adjusted,_Z,Not applicable,S13,General government,_Z,Not applicable,N,Non-consolidated,D,Expenditure,D62,Social benefits other than social transfers in kind,_Z,Not applicable,,,,,,,,,,,V,Current prices,N,Non transformed data,,,,,,,F,Free (free for publication),2,Two,A,Normal value,0,Units,_Z,Not applicable
DATAFLOW,OECD.SDD.NAD:DSD_NAAG_VI@DF_NAAG_EXP(1.0),NAAG Chapter 6: Government,I,A,Annual,LVA,Latvia,D62S13,Social benefits other than social transfers in kind,_T,Total,PT_B1GQ,Percentage of GDP,NAAG_VI,Part VI: General Government,2008,,8.43537681809152,,N,Neither seasonally adjusted nor calendar adjusted,_Z,Not applicable,S13,General government,_Z,Not applicable,N,Non-consolidated,D,Expenditure,D62,Social benefits other than social transfers in kind,_Z,Not applicable,,,,,,,,,,,V,Current prices,N,Non transformed data,,,,,,,F,Free (free for publication),2,Two,A,Normal value,0,Units,_Z,Not applicable
DATAFLOW,OECD.SDD.NAD:DSD_NAAG_VI@DF_NAAG_EXP(1.0),NAAG Chapter 6: Government,I,A,Annual,LVA,Latvia,D62S13,Social benefits other than social transfers in kind,_T,Total,PT_B1GQ,Percentage of GDP,NAAG_VI,Part VI: General Government,2007,,7.38251829078613,,N,Neither seasonally adjusted nor calendar adjusted,_Z,Not applicable,S13,General government,_Z,Not applicable,N,Non-consolidated,D,Expenditure,D62,Social benefits other than social transfers in kind,_Z,Not applicable,,,,,,,,,,,V,Current prices,N,Non transformed data,,,,,,,F,Free (free for publication),2,Two,A,Normal value,0,Units,_Z,Not applicable
DATAFLOW,OECD.SDD.NAD:DSD_NAAG_VI@DF_NAAG_EXP(1.0),NAAG Chapter 6: Government,I,A,Annual,LVA,Latvia,D62S13,Social benefits other than social transfers in kind,_T,Total,PT_B1GQ,Percentage of GDP,NAAG_VI,Part VI: General Government,2006,,8.40022223030932,,N,Neither seasonally adjusted nor calendar adjusted,_Z,Not applicable,S13,General government,_Z,Not applicable,N,Non-consolidated,D,Expenditure,D62,Social benefits other than social transfers in kind,_Z,Not applicable,,,,,,,,,,,V,Current prices,N,Non transformed data,,,,,,,F,Free (free for publication),2,Two,A,Normal value,0,Units,_Z,Not applicable
DATAFLOW,OECD.SDD.NAD:DSD_NAAG_VI@DF_NAAG_EXP(1.0),NAAG Chapter 6: Government,I,A,Annual,LVA,Latvia,D62S13,Social benefits other than social transfers in kind,_T,Total,PT_B1GQ,Percentage of GDP,NAAG_VI,Part VI: General Government,2024,,13.3418430005202,,N,Neither seasonally adjusted nor calendar adjusted,_Z,Not applicable,S13,General government,_Z,Not applicable,N,Non-consolidated,D,Expenditure,D62,Social benefits other than social transfers in kind,_Z,Not applicable,,,,,,,,,,,V,Current prices,N,Non transformed data,,,,,,,F,Free (free for publication),2,Two,A,Normal value,0,Units,_Z,Not applicable
DATAFLOW,OECD.SDD.NAD:DSD_NAAG_VI@DF_NAAG_EXP(1.0),NAAG Chapter 6: Government,I,A,Annual,LVA,Latvia,D62S13,Social benefits other than social transfers in kind,_T,Total,PT_B1GQ,Percentage of GDP,NAAG_VI,Part VI: General Government,2023,,11.9762544380697,,N,Neither seasonally adjusted nor calendar adjusted,_Z,Not applicable,S13,General government,_Z,Not applicable,N,Non-consolidated,D,Expenditure,D62,Social benefits other than social transfers in kind,_Z,Not applicable,,,,,,,,,,,V,Current prices,N,Non transformed data,,,,,,,F,Free (free for publication),2,Two,A,Normal value,0,Units,_Z,Not applicable
DATAFLOW,OECD.SDD.NAD:DSD_NAAG_VI@DF_NAAG_EXP(1.0),NAAG Chapter 6: Government,I,A,Annual,ESP,Spain,D62S13,Social benefits other than social transfers in kind,_T,Total,PT_B1GQ,Percentage of GDP,NAAG_VI,Part VI: General Government,2021,,18.4130139525397,,N,Neither seasonally adjusted nor calendar adjusted,_Z,Not applicable,S13,General government,_Z,Not applicable,N,Non-consolidated,D,Expenditure,D62,Social benefits other than social transfers in kind,_Z,Not applicable,,,,,,,,,,,V,Current prices,N,Non transformed data,,,,,,,F,Free (free for publication),2,Two,A,Normal value,0,Units,_Z,Not applicable
DATAFLOW,OECD.SDD.NAD:DSD_NAAG_VI@DF_NAAG_EXP(1.0),NAAG Chapter 6: Government,I,A,Annual,ESP,Spain,D62S13,Social benefits other than social transfers in kind,_T,Total,PT_B1GQ,Percentage of GDP,NAAG_VI,Part VI: General Government,2020,,20.1928952350927,,N,Neither seasonally adjusted nor calendar adjusted,_Z,Not applicable,S13,General government,_Z,Not applicable,N,Non-consolidated,D,Expenditure,D62,Social benefits other than social transfers in kind,_Z,Not applicable,,,,,,,,,,,V,Current prices,N,Non transformed data,,,,,,,F,Free (free for publication),2,Two,A,Normal value,0,Units,_Z,Not applicable
DATAFLOW,OECD.SDD.NAD:DSD_NAAG_VI@DF_NAAG_EXP(1.0),NAAG Chapter 6: Government,I,A,Annual,ESP,Spain,D62S13,Social benefits other than social transfers in kind,_T,Total,PT_B1GQ,Percentage of GDP,NAAG_VI,Part VI: General Government,2005,,11.4047506685543,,N,Neither seasonally adjusted nor calendar adjusted,_Z,Not applicable,S13,General government,_Z,Not applicable,N,Non-consolidated,D,Expenditure,D62,Social benefits other than social transfers in kind,_Z,Not applicable,,,,,,,,,,,V,Current prices,N,Non transformed data,,,,,,,F,Free (free for publication),2,Two,A,Normal value,0,Units,_Z,Not applicable
DATAFLOW,OECD.SDD.NAD:DSD_NAAG_VI@DF_NAAG_EXP(1.0),NAAG Chapter 6: Government,I,A,Annual,ESP,Spain,D62S13,Social benefits other than social transfers in kind,_T,Total,PT_B1GQ,Percentage of GDP,NAAG_VI,Part VI: General Government,2004,,11.5086290591692,,N,Neither seasonally adjusted nor calendar adjusted,_Z,Not applicable,S13,General government,_Z,Not applicable,N,Non-consolidated,D,Expenditure,D62,Social benefits other than social transfers in kind,_Z,Not applicable,,,,,,,,,,,V,Current prices,N,Non transformed data,,,,,,,F,Free (free for publication),2,Two,A,Normal value,0,Units,_Z,Not applicable
DATAFLOW,OECD.SDD.NAD:DSD_NAAG_VI@DF_NAAG_EXP(1.0),NAAG Chapter 6: Government,I,A,Annual,ESP,Spain,D62S13,Social benefits other than social transfers in kind,_T,Total,PT_B1GQ,Percentage of GDP,NAAG_VI,Part VI: General Government,2003,,11.4613116261339,,N,Neither seasonally adjusted nor calendar adjusted,_Z,Not applicable,S13,General government,_Z,Not applicable,N,Non-consolidated,D,Expenditure,D62,Social benefits other than social transfers in kind,_Z,Not applicable,,,,,,,,,,,V,Current prices,N,Non transformed data,,,,,,,F,Free (free for publication),2,Two,A,Normal value,0,Units,_Z,Not applicable
DATAFLOW,OECD.SDD.NAD:DSD_NAAG_VI@DF_NAAG_EXP(1.0),NAAG Chapter 6: Government,I,A,Annual,ESP,Spain,D62S13,Social benefits other than social transfers in kind,_T,Total,PT_B1GQ,Percentage of GDP,NAAG_VI,Part VI: General Government,2002,,11.4925894705393,,N,Neither seasonally adjusted nor calendar adjusted,_Z,Not applicable,S13,General government,_Z,Not applicable,N,Non-consolidated,D,Expenditure,D62,Social benefits other than social transfers in kind,_Z,Not applicable,,,,,,,,,,,V,Current prices,N,Non transformed data,,,,,,,F,Free (free for publication),2,Two,A,Normal value,0,Units,_Z,Not applicable
DATAFLOW,OECD.SDD.NAD:DSD_NAAG_VI@DF_NAAG_EXP(1.0),NAAG Chapter 6: Government,I,A,Annual,ESP,Spain,D62S13,Social benefits other than social transfers in kind,_T,Total,PT_B1GQ,Percentage of GDP,NAAG_VI,Part VI: General Government,2001,,11.4013963746758,,N,Neither seasonally adjusted nor calendar adjusted,_Z,Not applicable,S13,General government,_Z,Not applicable,N,Non-consolidated,D,Expenditure,D62,Social benefits other than social transfers in kind,_Z,Not applicable,,,,,,,,,,,V,Current prices,N,Non transformed data,,,,,,,F,Free (free for publication),2,Two,A,Normal value,0,Units,_Z,Not applicable
DATAFLOW,OECD.SDD.NAD:DSD_NAAG_VI@DF_NAAG_EXP(1.0),NAAG Chapter 6: Government,I,A,Annual,ESP,Spain,D62S13,Social benefits other than social transfers in kind,_T,Total,PT_B1GQ,Percentage of GDP,NAAG_VI,Part VI: General Government,2000,,11.6293398850161,,N,Neither seasonally adjusted nor calendar adjusted,_Z,Not applicable,S13,General government,_Z,Not applicable,N,Non-consolidated,D,Expenditure,D62,Social benefits other than social transfers in kind,_Z,Not applicable,,,,,,,,,,,V,Current prices,N,Non transformed data,,,,,,,F,Free (free for publication),2,Two,A,Normal value,0,Units,_Z,Not applicable
DATAFLOW,OECD.SDD.NAD:DSD_NAAG_VI@DF_NAAG_EXP(1.0),NAAG Chapter 6: Government,I,A,Annual,ESP,Spain,D62S13,Social benefits other than social transfers in kind,_T,Total,PT_B1GQ,Percentage of GDP,NAAG_VI,Part VI: General Government,2019,,15.7043494907116,,N,Neither seasonally adjusted nor calendar adjusted,_Z,Not applicable,S13,General government,_Z,Not applicable,N,Non-consolidated,D,Expenditure,D62,Social benefits other than social transfers in kind,_Z,Not applicable,,,,,,,,,,,V,Current prices,N,Non transformed data,,,,,,,F,Free (free for publication),2,Two,A,Normal value,0,Units,_Z,Not applicable
DATAFLOW,OECD.SDD.NAD:DSD_NAAG_VI@DF_NAAG_EXP(1.0),NAAG Chapter 6: Government,I,A,Annual,ESP,Spain,D62S13,Social benefits other than social transfers in kind,_T,Total,PT_B1GQ,Percentage of GDP,NAAG_VI,Part VI: General Government,2018,,15.2835657886488,,N,Neither seasonally adjusted nor calendar adjusted,_Z,Not applicable,S13,General government,_Z,Not applicable,N,Non-consolidated,D,Expenditure,D62,Social benefits other than social transfers in kind,_Z,Not applicable,,,,,,,,,,,V,Current prices,N,Non transformed data,,,,,,,F,Free (free for publication),2,Two,A,Normal value,0,Units,_Z,Not applicable
DATAFLOW,OECD.SDD.NAD:DSD_NAAG_VI@DF_NAAG_EXP(1.0),NAAG Chapter 6: Government,I,A,Annual,ESP,Spain,D62S13,Social benefits other than social transfers in kind,_T,Total,PT_B1GQ,Percentage of GDP,NAAG_VI,Part VI: General Government,2017,,15.1574668553807,,N,Neither seasonally adjusted nor calendar adjusted,_Z,Not applicable,S13,General government,_Z,Not applicable,N,Non-consolidated,D,Expenditure,D62,Social benefits other than social transfers in kind,_Z,Not applicable,,,,,,,,,,,V,Current prices,N,Non transformed data,,,,,,,F,Free (free for publication),2,Two,A,Normal value,0,Units,_Z,Not applicable
DATAFLOW,OECD.SDD.NAD:DSD_NAAG_VI@DF_NAAG_EXP(1.0),NAAG Chapter 6: Government,I,A,Annual,ESP,Spain,D62S13,Social benefits other than social transfers in kind,_T,Total,PT_B1GQ,Percentage of GDP,NAAG_VI,Part VI: General Government,2016,,15.4687537567889,,N,Neither seasonally adjusted nor calendar adjusted,_Z,Not applicable,S13,General government,_Z,Not applicable,N,Non-consolidated,D,Expenditure,D62,Social benefits other than social transfers in kind,_Z,Not applicable,,,,,,,,,,,V,Current prices,N,Non transformed data,,,,,,,F,Free (free for publication),2,Two,A,Normal value,0,Units,_Z,Not applicable
DATAFLOW,OECD.SDD.NAD:DSD_NAAG_VI@DF_NAAG_EXP(1.0),NAAG Chapter 6: Government,I,A,Annual,ESP,Spain,D62S13,Social benefits other than social transfers in kind,_T,Total,PT_B1GQ,Percentage of GDP,NAAG_VI,Part VI: General Government,2015,,15.6606678980639,,N,Neither seasonally adjusted nor calendar adjusted,_Z,Not applicable,S13,General government,_Z,Not applicable,N,Non-consolidated,D,Expenditure,D62,Social benefits other than social transfers in kind,_Z,Not applicable,,,,,,,,,,,V,Current prices,N,Non transformed data,,,,,,,F,Free (free for publication),2,Two,A,Normal value,0,Units,_Z,Not applicable
DATAFLOW,OECD.SDD.NAD:DSD_NAAG_VI@DF_NAAG_EXP(1.0),NAAG Chapter 6: Government,I,A,Annual,ESP,Spain,D62S13,Social benefits other than social transfers in kind,_T,Total,PT_B1GQ,Percentage of GDP,NAAG_VI,Part VI: General Government,2014,,16.4309316434204,,N,Neither seasonally adjusted nor calendar adjusted,_Z,Not applicable,S13,General government,_Z,Not applicable,N,Non-consolidated,D,Expenditure,D62,Social benefits other than social transfers in kind,_Z,Not applicable,,,,,,,,,,,V,Current prices,N,Non transformed data,,,,,,,F,Free (free for publication),2,Two,A,Normal value,0,Units,_Z,Not applicable
DATAFLOW,OECD.SDD.NAD:DSD_NAAG_VI@DF_NAAG_EXP(1.0),NAAG Chapter 6: Government,I,A,Annual,ESP,Spain,D62S13,Social benefits other than social transfers in kind,_T,Total,PT_B1GQ,Percentage of GDP,NAAG_VI,Part VI: General Government,2013,,16.6145047247994,,N,Neither seasonally adjusted nor calendar adjusted,_Z,Not applicable,S13,General government,_Z,Not applicable,N,Non-consolidated,D,Expenditure,D62,Social benefits other than social transfers in kind,_Z,Not applicable,,,,,,,,,,,V,Current prices,N,Non transformed data,,,,,,,F,Free (free for publication),2,Two,A,Normal value,0,Units,_Z,Not applicable
DATAFLOW,OECD.SDD.NAD:DSD_NAAG_VI@DF_NAAG_EXP(1.0),NAAG Chapter 6: Government,I,A,Annual,ESP,Spain,D62S13,Social benefits other than social transfers in kind,_T,Total,PT_B1GQ,Percentage of GDP,NAAG_VI,Part VI: General Government,2012,,16.206258132522,,N,Neither seasonally adjusted nor calendar adjusted,_Z,Not applicable,S13,General government,_Z,Not applicable,N,Non-consolidated,D,Expenditure,D62,Social benefits other than social transfers in kind,_Z,Not applicable,,,,,,,,,,,V,Current prices,N,Non transformed data,,,,,,,F,Free (free for publication),2,Two,A,Normal value,0,Units,_Z,Not applicable
DATAFLOW,OECD.SDD.NAD:DSD_NAAG_VI@DF_NAAG_EXP(1.0),NAAG Chapter 6: Government,I,A,Annual,ESP,Spain,D62S13,Social benefits other than social transfers in kind,_T,Total,PT_B1GQ,Percentage of GDP,NAAG_VI,Part VI: General Government,2011,,15.2324808878159,,N,Neither seasonally adjusted nor calendar adjusted,_Z,Not applicable,S13,General government,_Z,Not applicable,N,Non-consolidated,D,Expenditure,D62,Social benefits other than social transfers in kind,_Z,Not applicable,,,,,,,,,,,V,Current prices,N,Non transformed data,,,,,,,F,Free (free for publication),2,Two,A,Normal value,0,Units,_Z,Not applicable
DATAFLOW,OECD.SDD.NAD:DSD_NAAG_VI@DF_NAAG_EXP(1.0),NAAG Chapter 6: Government,I,A,Annual,ESP,Spain,D62S13,Social benefits other than social transfers in kind,_T,Total,PT_B1GQ,Percentage of GDP,NAAG_VI,Part VI: General Government,2010,,15.0275960989468,,N,Neither seasonally adjusted nor calendar adjusted,_Z,Not applicable,S13,General government,_Z,Not applicable,N,Non-consolidated,D,Expenditure,D62,Social benefits other than social transfers in kind,_Z,Not applicable,,,,,,,,,,,V,Current prices,N,Non transformed data,,,,,,,F,Free (free for publication),2,Two,A,Normal value,0,Units,_Z,Not applicable
DATAFLOW,OECD.SDD.NAD:DSD_NAAG_VI@DF_NAAG_EXP(1.0),NAAG Chapter 6: Government,I,A,Annual,ESP,Spain,D62S13,Social benefits other than social transfers in kind,_T,Total,PT_B1GQ,Percentage of GDP,NAAG_VI,Part VI: General Government,2009,,14.3872729475578,,N,Neither seasonally adjusted nor calendar adjusted,_Z,Not applicable,S13,General government,_Z,Not applicable,N,Non-consolidated,D,Expenditure,D62,Social benefits other than social transfers in kind,_Z,Not applicable,,,,,,,,,,,V,Current prices,N,Non transformed data,,,,,,,F,Free (free for publication),2,Two,A,Normal value,0,Units,_Z,Not applicable
DATAFLOW,OECD.SDD.NAD:DSD_NAAG_VI@DF_NAAG_EXP(1.0),NAAG Chapter 6: Government,I,A,Annual,ESP,Spain,D62S13,Social benefits other than social transfers in kind,_T,Total,PT_B1GQ,Percentage of GDP,NAAG_VI,Part VI: General Government,2008,,12.2508162296662,,N,Neither seasonally adjusted nor calendar adjusted,_Z,Not applicable,S13,General government,_Z,Not applicable,N,Non-consolidated,D,Expenditure,D62,Social benefits other than social transfers in kind,_Z,Not applicable,,,,,,,,,,,V,Current prices,N,Non transformed data,,,,,,,F,Free (free for publication),2,Two,A,Normal value,0,Units,_Z,Not applicable
DATAFLOW,OECD.SDD.NAD:DSD_NAAG_VI@DF_NAAG_EXP(1.0),NAAG Chapter 6: Government,I,A,Annual,ESP,Spain,D62S13,Social benefits other than social transfers in kind,_T,Total,PT_B1GQ,Percentage of GDP,NAAG_VI,Part VI: General Government,2007,,11.4223959923567,,N,Neither seasonally adjusted nor calendar adjusted,_Z,Not applicable,S13,General government,_Z,Not applicable,N,Non-consolidated,D,Expenditure,D62,Social benefits other than social transfers in kind,_Z,Not applicable,,,,,,,,,,,V,Current prices,N,Non transformed data,,,,,,,F,Free (free for publication),2,Two,A,Normal value,0,Units,_Z,Not applicable
DATAFLOW,OECD.SDD.NAD:DSD_NAAG_VI@DF_NAAG_EXP(1.0),NAAG Chapter 6: Government,I,A,Annual,ESP,Spain,D62S13,Social benefits other than social transfers in kind,_T,Total,PT_B1GQ,Percentage of GDP,NAAG_VI,Part VI: General Government,2006,,11.2664382034994,,N,Neither seasonally adjusted nor calendar adjusted,_Z,Not applicable,S13,General government,_Z,Not applicable,N,Non-consolidated,D,Expenditure,D62,Social benefits other than social transfers in kind,_Z,Not applicable,,,,,,,,,,,V,Current prices,N,Non transformed data,,,,,,,F,Free (free for publication),2,Two,A,Normal value,0,Units,_Z,Not applicable
DATAFLOW,OECD.SDD.NAD:DSD_NAAG_VI@DF_NAAG_EXP(1.0),NAAG Chapter 6: Government,I,A,Annual,ESP,Spain,D62S13,Social benefits other than social transfers in kind,_T,Total,PT_B1GQ,Percentage of GDP,NAAG_VI,Part VI: General Government,2024,,16.8984944336833,,N,Neither seasonally adjusted nor calendar adjusted,_Z,Not applicable,S13,General government,_Z,Not applicable,N,Non-consolidated,D,Expenditure,D62,Social benefits other than social transfers in kind,_Z,Not applicable,,,,,,,,,,,V,Current prices,N,Non transformed data,,,,,,,F,Free (free for publication),2,Two,A,Normal value,0,Units,_Z,Not applicable
DATAFLOW,OECD.SDD.NAD:DSD_NAAG_VI@DF_NAAG_EXP(1.0),NAAG Chapter 6: Government,I,A,Annual,ESP,Spain,D62S13,Social benefits other than social transfers in kind,_T,Total,PT_B1GQ,Percentage of GDP,NAAG_VI,Part VI: General Government,2023,,16.8145207578601,,N,Neither seasonally adjusted nor calendar adjusted,_Z,Not applicable,S13,General government,_Z,Not applicable,N,Non-consolidated,D,Expenditure,D62,Social benefits other than social transfers in kind,_Z,Not applicable,,,,,,,,,,,V,Current prices,N,Non transformed data,,,,,,,F,Free (free for publication),2,Two,A,Normal value,0,Units,_Z,Not applicable
DATAFLOW,OECD.SDD.NAD:DSD_NAAG_VI@DF_NAAG_EXP(1.0),NAAG Chapter 6: Government,I,A,Annual,ISR,Israel,D62S13,Social benefits other than social transfers in kind,_T,Total,PT_B1GQ,Percentage of GDP,NAAG_VI,Part VI: General Government,2021,,5.69281991981876,,N,Neither seasonally adjusted nor calendar adjusted,_Z,Not applicable,S13,General government,_Z,Not applicable,N,Non-consolidated,D,Expenditure,D62,Social benefits other than social transfers in kind,_Z,Not applicable,,,,,,,,,,,V,Current prices,N,Non transformed data,,,,,,,F,Free (free for publication),2,Two,A,Normal value,0,Units,_Z,Not applicable
DATAFLOW,OECD.SDD.NAD:DSD_NAAG_VI@DF_NAAG_EXP(1.0),NAAG Chapter 6: Government,I,A,Annual,ISR,Israel,D62S13,Social benefits other than social transfers in kind,_T,Total,PT_B1GQ,Percentage of GDP,NAAG_VI,Part VI: General Government,2020,,6.93417805054403,,N,Neither seasonally adjusted nor calendar adjusted,_Z,Not applicable,S13,General government,_Z,Not applicable,N,Non-consolidated,D,Expenditure,D62,Social benefits other than social transfers in kind,_Z,Not applicable,,,,,,,,,,,V,Current prices,N,Non transformed data,,,,,,,F,Free (free for publication),2,Two,A,Normal value,0,Units,_Z,Not applicable
DATAFLOW,OECD.SDD.NAD:DSD_NAAG_VI@DF_NAAG_EXP(1.0),NAAG Chapter 6: Government,I,A,Annual,ISR,Israel,D62S13,Social benefits other than social transfers in kind,_T,Total,PT_B1GQ,Percentage of GDP,NAAG_VI,Part VI: General Government,2005,,5.62442595835347,,N,Neither seasonally adjusted nor calendar adjusted,_Z,Not applicable,S13,General government,_Z,Not applicable,N,Non-consolidated,D,Expenditure,D62,Social benefits other than social transfers in kind,_Z,Not applicable,,,,,,,,,,,V,Current prices,N,Non transformed data,,,,,,,F,Free (free for publication),2,Two,A,Normal value,0,Units,_Z,Not applicable
DATAFLOW,OECD.SDD.NAD:DSD_NAAG_VI@DF_NAAG_EXP(1.0),NAAG Chapter 6: Government,I,A,Annual,ISR,Israel,D62S13,Social benefits other than social transfers in kind,_T,Total,PT_B1GQ,Percentage of GDP,NAAG_VI,Part VI: General Government,2004,,5.88131583691707,,N,Neither seasonally adjusted nor calendar adjusted,_Z,Not applicable,S13,General government,_Z,Not applicable,N,Non-consolidated,D,Expenditure,D62,Social benefits other than social transfers in kind,_Z,Not applicable,,,,,,,,,,,V,Current prices,N,Non transformed data,,,,,,,F,Free (free for publication),2,Two,A,Normal value,0,Units,_Z,Not applicable
DATAFLOW,OECD.SDD.NAD:DSD_NAAG_VI@DF_NAAG_EXP(1.0),NAAG Chapter 6: Government,I,A,Annual,ISR,Israel,D62S13,Social benefits other than social transfers in kind,_T,Total,PT_B1GQ,Percentage of GDP,NAAG_VI,Part VI: General Government,2003,,6.45418915808652,,N,Neither seasonally adjusted nor calendar adjusted,_Z,Not applicable,S13,General government,_Z,Not applicable,N,Non-consolidated,D,Expenditure,D62,Social benefits other than social transfers in kind,_Z,Not applicable,,,,,,,,,,,V,Current prices,N,Non transformed data,,,,,,,F,Free (free for publication),2,Two,A,Normal value,0,Units,_Z,Not applicable
DATAFLOW,OECD.SDD.NAD:DSD_NAAG_VI@DF_NAAG_EXP(1.0),NAAG Chapter 6: Government,I,A,Annual,ISR,Israel,D62S13,Social benefits other than social transfers in kind,_T,Total,PT_B1GQ,Percentage of GDP,NAAG_VI,Part VI: General Government,2002,,6.81408852105145,,N,Neither seasonally adjusted nor calendar adjusted,_Z,Not applicable,S13,General government,_Z,Not applicable,N,Non-consolidated,D,Expenditure,D62,Social benefits other than social transfers in kind,_Z,Not applicable,,,,,,,,,,,V,Current prices,N,Non transformed data,,,,,,,F,Free (free for publication),2,Two,A,Normal value,0,Units,_Z,Not applicable
DATAFLOW,OECD.SDD.NAD:DSD_NAAG_VI@DF_NAAG_EXP(1.0),NAAG Chapter 6: Government,I,A,Annual,ISR,Israel,D62S13,Social benefits other than social transfers in kind,_T,Total,PT_B1GQ,Percentage of GDP,NAAG_VI,Part VI: General Government,2001,,6.97972912130544,,N,Neither seasonally adjusted nor calendar adjusted,_Z,Not applicable,S13,General government,_Z,Not applicable,N,Non-consolidated,D,Expenditure,D62,Social benefits other than social transfers in kind,_Z,Not applicable,,,,,,,,,,,V,Current prices,N,Non transformed data,,,,,,,F,Free (free for publication),2,Two,A,Normal value,0,Units,_Z,Not applicable
DATAFLOW,OECD.SDD.NAD:DSD_NAAG_VI@DF_NAAG_EXP(1.0),NAAG Chapter 6: Government,I,A,Annual,ISR,Israel,D62S13,Social benefits other than social transfers in kind,_T,Total,PT_B1GQ,Percentage of GDP,NAAG_VI,Part VI: General Government,2000,,6.23669197956657,,N,Neither seasonally adjusted nor calendar adjusted,_Z,Not applicable,S13,General government,_Z,Not applicable,N,Non-consolidated,D,Expenditure,D62,Social benefits other than social transfers in kind,_Z,Not applicable,,,,,,,,,,,V,Current prices,N,Non transformed data,,,,,,,F,Free (free for publication),2,Two,A,Normal value,0,Units,_Z,Not applicable
DATAFLOW,OECD.SDD.NAD:DSD_NAAG_VI@DF_NAAG_EXP(1.0),NAAG Chapter 6: Government,I,A,Annual,ISR,Israel,D62S13,Social benefits other than social transfers in kind,_T,Total,PT_B1GQ,Percentage of GDP,NAAG_VI,Part VI: General Government,2019,,5.59730091290827,,N,Neither seasonally adjusted nor calendar adjusted,_Z,Not applicable,S13,General government,_Z,Not applicable,N,Non-consolidated,D,Expenditure,D62,Social benefits other than social transfers in kind,_Z,Not applicable,,,,,,,,,,,V,Current prices,N,Non transformed data,,,,,,,F,Free (free for publication),2,Two,A,Normal value,0,Units,_Z,Not applicable
DATAFLOW,OECD.SDD.NAD:DSD_NAAG_VI@DF_NAAG_EXP(1.0),NAAG Chapter 6: Government,I,A,Annual,ISR,Israel,D62S13,Social benefits other than social transfers in kind,_T,Total,PT_B1GQ,Percentage of GDP,NAAG_VI,Part VI: General Government,2018,,5.54564435954517,,N,Neither seasonally adjusted nor calendar adjusted,_Z,Not applicable,S13,General government,_Z,Not applicable,N,Non-consolidated,D,Expenditure,D62,Social benefits other than social transfers in kind,_Z,Not applicable,,,,,,,,,,,V,Current prices,N,Non transformed data,,,,,,,F,Free (free for publication),2,Two,A,Normal value,0,Units,_Z,Not applicable
DATAFLOW,OECD.SDD.NAD:DSD_NAAG_VI@DF_NAAG_EXP(1.0),NAAG Chapter 6: Government,I,A,Annual,ISR,Israel,D62S13,Social benefits other than social transfers in kind,_T,Total,PT_B1GQ,Percentage of GDP,NAAG_VI,Part VI: General Government,2017,,5.5272505882195,,N,Neither seasonally adjusted nor calendar adjusted,_Z,Not applicable,S13,General government,_Z,Not applicable,N,Non-consolidated,D,Expenditure,D62,Social benefits other than social transfers in kind,_Z,Not applicable,,,,,,,,,,,V,Current prices,N,Non transformed data,,,,,,,F,Free (free for publication),2,Two,A,Normal value,0,Units,_Z,Not applicable
DATAFLOW,OECD.SDD.NAD:DSD_NAAG_VI@DF_NAAG_EXP(1.0),NAAG Chapter 6: Government,I,A,Annual,ISR,Israel,D62S13,Social benefits other than social transfers in kind,_T,Total,PT_B1GQ,Percentage of GDP,NAAG_VI,Part VI: General Government,2016,,5.21171583887651,,N,Neither seasonally adjusted nor calendar adjusted,_Z,Not applicable,S13,General government,_Z,Not applicable,N,Non-consolidated,D,Expenditure,D62,Social benefits other than social transfers in kind,_Z,Not applicable,,,,,,,,,,,V,Current prices,N,Non transformed data,,,,,,,F,Free (free for publication),2,Two,A,Normal value,0,Units,_Z,Not applicable
DATAFLOW,OECD.SDD.NAD:DSD_NAAG_VI@DF_NAAG_EXP(1.0),NAAG Chapter 6: Government,I,A,Annual,ISR,Israel,D62S13,Social benefits other than social transfers in kind,_T,Total,PT_B1GQ,Percentage of GDP,NAAG_VI,Part VI: General Government,2015,,5.24866020234106,,N,Neither seasonally adjusted nor calendar adjusted,_Z,Not applicable,S13,General government,_Z,Not applicable,N,Non-consolidated,D,Expenditure,D62,Social benefits other than social transfers in kind,_Z,Not applicable,,,,,,,,,,,V,Current prices,N,Non transformed data,,,,,,,F,Free (free for publication),2,Two,A,Normal value,0,Units,_Z,Not applicable
DATAFLOW,OECD.SDD.NAD:DSD_NAAG_VI@DF_NAAG_EXP(1.0),NAAG Chapter 6: Government,I,A,Annual,ISR,Israel,D62S13,Social benefits other than social transfers in kind,_T,Total,PT_B1GQ,Percentage of GDP,NAAG_VI,Part VI: General Government,2014,,5.28283659230511,,N,Neither seasonally adjusted nor calendar adjusted,_Z,Not applicable,S13,General government,_Z,Not applicable,N,Non-consolidated,D,Expenditure,D62,Social benefits other than social transfers in kind,_Z,Not applicable,,,,,,,,,,,V,Current prices,N,Non transformed data,,,,,,,F,Free (free for publication),2,Two,A,Normal value,0,Units,_Z,Not applicable
DATAFLOW,OECD.SDD.NAD:DSD_NAAG_VI@DF_NAAG_EXP(1.0),NAAG Chapter 6: Government,I,A,Annual,ISR,Israel,D62S13,Social benefits other than social transfers in kind,_T,Total,PT_B1GQ,Percentage of GDP,NAAG_VI,Part VI: General Government,2013,,5.39767702130518,,N,Neither seasonally adjusted nor calendar adjusted,_Z,Not applicable,S13,General government,_Z,Not applicable,N,Non-consolidated,D,Expenditure,D62,Social benefits other than social transfers in kind,_Z,Not applicable,,,,,,,,,,,V,Current prices,N,Non transformed data,,,,,,,F,Free (free for publication),2,Two,A,Normal value,0,Units,_Z,Not applicable
DATAFLOW,OECD.SDD.NAD:DSD_NAAG_VI@DF_NAAG_EXP(1.0),NAAG Chapter 6: Government,I,A,Annual,ISR,Israel,D62S13,Social benefits other than social transfers in kind,_T,Total,PT_B1GQ,Percentage of GDP,NAAG_VI,Part VI: General Government,2012,,5.54290772510415,,N,Neither seasonally adjusted nor calendar adjusted,_Z,Not applicable,S13,General government,_Z,Not applicable,N,Non-consolidated,D,Expenditure,D62,Social benefits other than social transfers in kind,_Z,Not applicable,,,,,,,,,,,V,Current prices,N,Non transformed data,,,,,,,F,Free (free for publication),2,Two,A,Normal value,0,Units,_Z,Not applicable
DATAFLOW,OECD.SDD.NAD:DSD_NAAG_VI@DF_NAAG_EXP(1.0),NAAG Chapter 6: Government,I,A,Annual,ISR,Israel,D62S13,Social benefits other than social transfers in kind,_T,Total,PT_B1GQ,Percentage of GDP,NAAG_VI,Part VI: General Government,2011,,5.52881977669459,,N,Neither seasonally adjusted nor calendar adjusted,_Z,Not applicable,S13,General government,_Z,Not applicable,N,Non-consolidated,D,Expenditure,D62,Social benefits other than social transfers in kind,_Z,Not applicable,,,,,,,,,,,V,Current prices,N,Non transformed data,,,,,,,F,Free (free for publication),2,Two,A,Normal value,0,Units,_Z,Not applicable
DATAFLOW,OECD.SDD.NAD:DSD_NAAG_VI@DF_NAAG_EXP(1.0),NAAG Chapter 6: Government,I,A,Annual,ISR,Israel,D62S13,Social benefits other than social transfers in kind,_T,Total,PT_B1GQ,Percentage of GDP,NAAG_VI,Part VI: General Government,2010,,5.58193945633032,,N,Neither seasonally adjusted nor calendar adjusted,_Z,Not applicable,S13,General government,_Z,Not applicable,N,Non-consolidated,D,Expenditure,D62,Social benefits other than social transfers in kind,_Z,Not applicable,,,,,,,,,,,V,Current prices,N,Non transformed data,,,,,,,F,Free (free for publication),2,Two,A,Normal value,0,Units,_Z,Not applicable
DATAFLOW,OECD.SDD.NAD:DSD_NAAG_VI@DF_NAAG_EXP(1.0),NAAG Chapter 6: Government,I,A,Annual,ISR,Israel,D62S13,Social benefits other than social transfers in kind,_T,Total,PT_B1GQ,Percentage of GDP,NAAG_VI,Part VI: General Government,2009,,5.58253125162085,,N,Neither seasonally adjusted nor calendar adjusted,_Z,Not applicable,S13,General government,_Z,Not applicable,N,Non-consolidated,D,Expenditure,D62,Social benefits other than social transfers in kind,_Z,Not applicable,,,,,,,,,,,V,Current prices,N,Non transformed data,,,,,,,F,Free (free for publication),2,Two,A,Normal value,0,Units,_Z,Not applicable
DATAFLOW,OECD.SDD.NAD:DSD_NAAG_VI@DF_NAAG_EXP(1.0),NAAG Chapter 6: Government,I,A,Annual,ISR,Israel,D62S13,Social benefits other than social transfers in kind,_T,Total,PT_B1GQ,Percentage of GDP,NAAG_VI,Part VI: General Government,2008,,5.34411555148737,,N,Neither seasonally adjusted nor calendar adjusted,_Z,Not applicable,S13,General government,_Z,Not applicable,N,Non-consolidated,D,Expenditure,D62,Social benefits other than social transfers in kind,_Z,Not applicable,,,,,,,,,,,V,Current prices,N,Non transformed data,,,,,,,F,Free (free for publication),2,Two,A,Normal value,0,Units,_Z,Not applicable
DATAFLOW,OECD.SDD.NAD:DSD_NAAG_VI@DF_NAAG_EXP(1.0),NAAG Chapter 6: Government,I,A,Annual,ISR,Israel,D62S13,Social benefits other than social transfers in kind,_T,Total,PT_B1GQ,Percentage of GDP,NAAG_VI,Part VI: General Government,2007,,5.27274659457151,,N,Neither seasonally adjusted nor calendar adjusted,_Z,Not applicable,S13,General government,_Z,Not applicable,N,Non-consolidated,D,Expenditure,D62,Social benefits other than social transfers in kind,_Z,Not applicable,,,,,,,,,,,V,Current prices,N,Non transformed data,,,,,,,F,Free (free for publication),2,Two,A,Normal value,0,Units,_Z,Not applicable
DATAFLOW,OECD.SDD.NAD:DSD_NAAG_VI@DF_NAAG_EXP(1.0),NAAG Chapter 6: Government,I,A,Annual,ISR,Israel,D62S13,Social benefits other than social transfers in kind,_T,Total,PT_B1GQ,Percentage of GDP,NAAG_VI,Part VI: General Government,2006,,5.52958016413919,,N,Neither seasonally adjusted nor calendar adjusted,_Z,Not applicable,S13,General government,_Z,Not applicable,N,Non-consolidated,D,Expenditure,D62,Social benefits other than social transfers in kind,_Z,Not applicable,,,,,,,,,,,V,Current prices,N,Non transformed data,,,,,,,F,Free (free for publication),2,Two,A,Normal value,0,Units,_Z,Not applicable
DATAFLOW,OECD.SDD.NAD:DSD_NAAG_VI@DF_NAAG_EXP(1.0),NAAG Chapter 6: Government,I,A,Annual,ISR,Israel,D62S13,Social benefits other than social transfers in kind,_T,Total,PT_B1GQ,Percentage of GDP,NAAG_VI,Part VI: General Government,2023,,5.73641722995892,,N,Neither seasonally adjusted nor calendar adjusted,_Z,Not applicable,S13,General government,_Z,Not applicable,N,Non-consolidated,D,Expenditure,D62,Social benefits other than social transfers in kind,_Z,Not applicable,,,,,,,,,,,V,Current prices,N,Non transformed data,,,,,,,F,Free (free for publication),2,Two,A,Normal value,0,Units,_Z,Not applicable
DATAFLOW,OECD.SDD.NAD:DSD_NAAG_VI@DF_NAAG_EXP(1.0),NAAG Chapter 6: Government,I,A,Annual,ITA,Italy,D62S13,Social benefits other than social transfers in kind,_T,Total,PT_B1GQ,Percentage of GDP,NAAG_VI,Part VI: General Government,2021,,21.5942687665732,,N,Neither seasonally adjusted nor calendar adjusted,_Z,Not applicable,S13,General government,_Z,Not applicable,N,Non-consolidated,D,Expenditure,D62,Social benefits other than social transfers in kind,_Z,Not applicable,,,,,,,,,,,V,Current prices,N,Non transformed data,,,,,,,F,Free (free for publication),2,Two,A,Normal value,0,Units,_Z,Not applicable
DATAFLOW,OECD.SDD.NAD:DSD_NAAG_VI@DF_NAAG_EXP(1.0),NAAG Chapter 6: Government,I,A,Annual,ITA,Italy,D62S13,Social benefits other than social transfers in kind,_T,Total,PT_B1GQ,Percentage of GDP,NAAG_VI,Part VI: General Government,2020,,23.9025242874018,,N,Neither seasonally adjusted nor calendar adjusted,_Z,Not applicable,S13,General government,_Z,Not applicable,N,Non-consolidated,D,Expenditure,D62,Social benefits other than social transfers in kind,_Z,Not applicable,,,,,,,,,,,V,Current prices,N,Non transformed data,,,,,,,F,Free (free for publication),2,Two,A,Normal value,0,Units,_Z,Not applicable
DATAFLOW,OECD.SDD.NAD:DSD_NAAG_VI@DF_NAAG_EXP(1.0),NAAG Chapter 6: Government,I,A,Annual,ITA,Italy,D62S13,Social benefits other than social transfers in kind,_T,Total,PT_B1GQ,Percentage of GDP,NAAG_VI,Part VI: General Government,2005,,16.1596522544498,,N,Neither seasonally adjusted nor calendar adjusted,_Z,Not applicable,S13,General government,_Z,Not applicable,N,Non-consolidated,D,Expenditure,D62,Social benefits other than social transfers in kind,_Z,Not applicable,,,,,,,,,,,V,Current prices,N,Non transformed data,,,,,,,F,Free (free for publication),2,Two,A,Normal value,0,Units,_Z,Not applicable
DATAFLOW,OECD.SDD.NAD:DSD_NAAG_VI@DF_NAAG_EXP(1.0),NAAG Chapter 6: Government,I,A,Annual,ITA,Italy,D62S13,Social benefits other than social transfers in kind,_T,Total,PT_B1GQ,Percentage of GDP,NAAG_VI,Part VI: General Government,2004,,16.0973000286409,,N,Neither seasonally adjusted nor calendar adjusted,_Z,Not applicable,S13,General government,_Z,Not applicable,N,Non-consolidated,D,Expenditure,D62,Social benefits other than social transfers in kind,_Z,Not applicable,,,,,,,,,,,V,Current prices,N,Non transformed data,,,,,,,F,Free (free for publication),2,Two,A,Normal value,0,Units,_Z,Not applicable
DATAFLOW,OECD.SDD.NAD:DSD_NAAG_VI@DF_NAAG_EXP(1.0),NAAG Chapter 6: Government,I,A,Annual,ITA,Italy,D62S13,Social benefits other than social transfers in kind,_T,Total,PT_B1GQ,Percentage of GDP,NAAG_VI,Part VI: General Government,2003,,16.0331030894978,,N,Neither seasonally adjusted nor calendar adjusted,_Z,Not applicable,S13,General government,_Z,Not applicable,N,Non-consolidated,D,Expenditure,D62,Social benefits other than social transfers in kind,_Z,Not applicable,,,,,,,,,,,V,Current prices,N,Non transformed data,,,,,,,F,Free (free for publication),2,Two,A,Normal value,0,Units,_Z,Not applicable
DATAFLOW,OECD.SDD.NAD:DSD_NAAG_VI@DF_NAAG_EXP(1.0),NAAG Chapter 6: Government,I,A,Annual,ITA,Italy,D62S13,Social benefits other than social transfers in kind,_T,Total,PT_B1GQ,Percentage of GDP,NAAG_VI,Part VI: General Government,2002,,15.8077812515515,,N,Neither seasonally adjusted nor calendar adjusted,_Z,Not applicable,S13,General government,_Z,Not applicable,N,Non-consolidated,D,Expenditure,D62,Social benefits other than social transfers in kind,_Z,Not applicable,,,,,,,,,,,V,Current prices,N,Non transformed data,,,,,,,F,Free (free for publication),2,Two,A,Normal value,0,Units,_Z,Not applicable
DATAFLOW,OECD.SDD.NAD:DSD_NAAG_VI@DF_NAAG_EXP(1.0),NAAG Chapter 6: Government,I,A,Annual,ITA,Italy,D62S13,Social benefits other than social transfers in kind,_T,Total,PT_B1GQ,Percentage of GDP,NAAG_VI,Part VI: General Government,2001,,15.5207408458555,,N,Neither seasonally adjusted nor calendar adjusted,_Z,Not applicable,S13,General government,_Z,Not applicable,N,Non-consolidated,D,Expenditure,D62,Social benefits other than social transfers in kind,_Z,Not applicable,,,,,,,,,,,V,Current prices,N,Non transformed data,,,,,,,F,Free (free for publication),2,Two,A,Normal value,0,Units,_Z,Not applicable
DATAFLOW,OECD.SDD.NAD:DSD_NAAG_VI@DF_NAAG_EXP(1.0),NAAG Chapter 6: Government,I,A,Annual,ITA,Italy,D62S13,Social benefits other than social transfers in kind,_T,Total,PT_B1GQ,Percentage of GDP,NAAG_VI,Part VI: General Government,2000,,15.7239535641138,,N,Neither seasonally adjusted nor calendar adjusted,_Z,Not applicable,S13,General government,_Z,Not applicable,N,Non-consolidated,D,Expenditure,D62,Social benefits other than social transfers in kind,_Z,Not applicable,,,,,,,,,,,V,Current prices,N,Non transformed data,,,,,,,F,Free (free for publication),2,Two,A,Normal value,0,Units,_Z,Not applicable
DATAFLOW,OECD.SDD.NAD:DSD_NAAG_VI@DF_NAAG_EXP(1.0),NAAG Chapter 6: Government,I,A,Annual,ITA,Italy,D62S13,Social benefits other than social transfers in kind,_T,Total,PT_B1GQ,Percentage of GDP,NAAG_VI,Part VI: General Government,2019,,20.0215978698793,,N,Neither seasonally adjusted nor calendar adjusted,_Z,Not applicable,S13,General government,_Z,Not applicable,N,Non-consolidated,D,Expenditure,D62,Social benefits other than social transfers in kind,_Z,Not applicable,,,,,,,,,,,V,Current prices,N,Non transformed data,,,,,,,F,Free (free for publication),2,Two,A,Normal value,0,Units,_Z,Not applicable
DATAFLOW,OECD.SDD.NAD:DSD_NAAG_VI@DF_NAAG_EXP(1.0),NAAG Chapter 6: Government,I,A,Annual,ITA,Italy,D62S13,Social benefits other than social transfers in kind,_T,Total,PT_B1GQ,Percentage of GDP,NAAG_VI,Part VI: General Government,2018,,19.6020305281232,,N,Neither seasonally adjusted nor calendar adjusted,_Z,Not applicable,S13,General government,_Z,Not applicable,N,Non-consolidated,D,Expenditure,D62,Social benefits other than social transfers in kind,_Z,Not applicable,,,,,,,,,,,V,Current prices,N,Non transformed data,,,,,,,F,Free (free for publication),2,Two,A,Normal value,0,Units,_Z,Not applicable
DATAFLOW,OECD.SDD.NAD:DSD_NAAG_VI@DF_NAAG_EXP(1.0),NAAG Chapter 6: Government,I,A,Annual,ITA,Italy,D62S13,Social benefits other than social transfers in kind,_T,Total,PT_B1GQ,Percentage of GDP,NAAG_VI,Part VI: General Government,2017,,19.5703852064755,,N,Neither seasonally adjusted nor calendar adjusted,_Z,Not applicable,S13,General government,_Z,Not applicable,N,Non-consolidated,D,Expenditure,D62,Social benefits other than social transfers in kind,_Z,Not applicable,,,,,,,,,,,V,Current prices,N,Non transformed data,,,,,,,F,Free (free for publication),2,Two,A,Normal value,0,Units,_Z,Not applicable
DATAFLOW,OECD.SDD.NAD:DSD_NAAG_VI@DF_NAAG_EXP(1.0),NAAG Chapter 6: Government,I,A,Annual,ITA,Italy,D62S13,Social benefits other than social transfers in kind,_T,Total,PT_B1GQ,Percentage of GDP,NAAG_VI,Part VI: General Government,2016,,19.7301040022895,,N,Neither seasonally adjusted nor calendar adjusted,_Z,Not applicable,S13,General government,_Z,Not applicable,N,Non-consolidated,D,Expenditure,D62,Social benefits other than social transfers in kind,_Z,Not applicable,,,,,,,,,,,V,Current prices,N,Non transformed data,,,,,,,F,Free (free for publication),2,Two,A,Normal value,0,Units,_Z,Not applicable
DATAFLOW,OECD.SDD.NAD:DSD_NAAG_VI@DF_NAAG_EXP(1.0),NAAG Chapter 6: Government,I,A,Annual,ITA,Italy,D62S13,Social benefits other than social transfers in kind,_T,Total,PT_B1GQ,Percentage of GDP,NAAG_VI,Part VI: General Government,2015,,20.0161404196064,,N,Neither seasonally adjusted nor calendar adjusted,_Z,Not applicable,S13,General government,_Z,Not applicable,N,Non-consolidated,D,Expenditure,D62,Social benefits other than social transfers in kind,_Z,Not applicable,,,,,,,,,,,V,Current prices,N,Non transformed data,,,,,,,F,Free (free for publication),2,Two,A,Normal value,0,Units,_Z,Not applicable
DATAFLOW,OECD.SDD.NAD:DSD_NAAG_VI@DF_NAAG_EXP(1.0),NAAG Chapter 6: Government,I,A,Annual,ITA,Italy,D62S13,Social benefits other than social transfers in kind,_T,Total,PT_B1GQ,Percentage of GDP,NAAG_VI,Part VI: General Government,2014,,19.9899661996514,,N,Neither seasonally adjusted nor calendar adjusted,_Z,Not applicable,S13,General government,_Z,Not applicable,N,Non-consolidated,D,Expenditure,D62,Social benefits other than social transfers in kind,_Z,Not applicable,,,,,,,,,,,V,Current prices,N,Non transformed data,,,,,,,F,Free (free for publication),2,Two,A,Normal value,0,Units,_Z,Not applicable
DATAFLOW,OECD.SDD.NAD:DSD_NAAG_VI@DF_NAAG_EXP(1.0),NAAG Chapter 6: Government,I,A,Annual,ITA,Italy,D62S13,Social benefits other than social transfers in kind,_T,Total,PT_B1GQ,Percentage of GDP,NAAG_VI,Part VI: General Government,2013,,19.7363693575006,,N,Neither seasonally adjusted nor calendar adjusted,_Z,Not applicable,S13,General government,_Z,Not applicable,N,Non-consolidated,D,Expenditure,D62,Social benefits other than social transfers in kind,_Z,Not applicable,,,,,,,,,,,V,Current prices,N,Non transformed data,,,,,,,F,Free (free for publication),2,Two,A,Normal value,0,Units,_Z,Not applicable
DATAFLOW,OECD.SDD.NAD:DSD_NAAG_VI@DF_NAAG_EXP(1.0),NAAG Chapter 6: Government,I,A,Annual,ITA,Italy,D62S13,Social benefits other than social transfers in kind,_T,Total,PT_B1GQ,Percentage of GDP,NAAG_VI,Part VI: General Government,2012,,19.0916949216378,,N,Neither seasonally adjusted nor calendar adjusted,_Z,Not applicable,S13,General government,_Z,Not applicable,N,Non-consolidated,D,Expenditure,D62,Social benefits other than social transfers in kind,_Z,Not applicable,,,,,,,,,,,V,Current prices,N,Non transformed data,,,,,,,F,Free (free for publication),2,Two,A,Normal value,0,Units,_Z,Not applicable
DATAFLOW,OECD.SDD.NAD:DSD_NAAG_VI@DF_NAAG_EXP(1.0),NAAG Chapter 6: Government,I,A,Annual,ITA,Italy,D62S13,Social benefits other than social transfers in kind,_T,Total,PT_B1GQ,Percentage of GDP,NAAG_VI,Part VI: General Government,2011,,18.3712407583569,,N,Neither seasonally adjusted nor calendar adjusted,_Z,Not applicable,S13,General government,_Z,Not applicable,N,Non-consolidated,D,Expenditure,D62,Social benefits other than social transfers in kind,_Z,Not applicable,,,,,,,,,,,V,Current prices,N,Non transformed data,,,,,,,F,Free (free for publication),2,Two,A,Normal value,0,Units,_Z,Not applicable
DATAFLOW,OECD.SDD.NAD:DSD_NAAG_VI@DF_NAAG_EXP(1.0),NAAG Chapter 6: Government,I,A,Annual,ITA,Italy,D62S13,Social benefits other than social transfers in kind,_T,Total,PT_B1GQ,Percentage of GDP,NAAG_VI,Part VI: General Government,2010,,18.4613849904759,,N,Neither seasonally adjusted nor calendar adjusted,_Z,Not applicable,S13,General government,_Z,Not applicable,N,Non-consolidated,D,Expenditure,D62,Social benefits other than social transfers in kind,_Z,Not applicable,,,,,,,,,,,V,Current prices,N,Non transformed data,,,,,,,F,Free (free for publication),2,Two,A,Normal value,0,Units,_Z,Not applicable
DATAFLOW,OECD.SDD.NAD:DSD_NAAG_VI@DF_NAAG_EXP(1.0),NAAG Chapter 6: Government,I,A,Annual,ITA,Italy,D62S13,Social benefits other than social transfers in kind,_T,Total,PT_B1GQ,Percentage of GDP,NAAG_VI,Part VI: General Government,2009,,18.4095542042999,,N,Neither seasonally adjusted nor calendar adjusted,_Z,Not applicable,S13,General government,_Z,Not applicable,N,Non-consolidated,D,Expenditure,D62,Social benefits other than social transfers in kind,_Z,Not applicable,,,,,,,,,,,V,Current prices,N,Non transformed data,,,,,,,F,Free (free for publication),2,Two,A,Normal value,0,Units,_Z,Not applicable
DATAFLOW,OECD.SDD.NAD:DSD_NAAG_VI@DF_NAAG_EXP(1.0),NAAG Chapter 6: Government,I,A,Annual,ITA,Italy,D62S13,Social benefits other than social transfers in kind,_T,Total,PT_B1GQ,Percentage of GDP,NAAG_VI,Part VI: General Government,2008,,16.8684570621204,,N,Neither seasonally adjusted nor calendar adjusted,_Z,Not applicable,S13,General government,_Z,Not applicable,N,Non-consolidated,D,Expenditure,D62,Social benefits other than social transfers in kind,_Z,Not applicable,,,,,,,,,,,V,Current prices,N,Non transformed data,,,,,,,F,Free (free for publication),2,Two,A,Normal value,0,Units,_Z,Not applicable
DATAFLOW,OECD.SDD.NAD:DSD_NAAG_VI@DF_NAAG_EXP(1.0),NAAG Chapter 6: Government,I,A,Annual,ITA,Italy,D62S13,Social benefits other than social transfers in kind,_T,Total,PT_B1GQ,Percentage of GDP,NAAG_VI,Part VI: General Government,2007,,16.3041645123109,,N,Neither seasonally adjusted nor calendar adjusted,_Z,Not applicable,S13,General government,_Z,Not applicable,N,Non-consolidated,D,Expenditure,D62,Social benefits other than social transfers in kind,_Z,Not applicable,,,,,,,,,,,V,Current prices,N,Non transformed data,,,,,,,F,Free (free for publication),2,Two,A,Normal value,0,Units,_Z,Not applicable
DATAFLOW,OECD.SDD.NAD:DSD_NAAG_VI@DF_NAAG_EXP(1.0),NAAG Chapter 6: Government,I,A,Annual,ITA,Italy,D62S13,Social benefits other than social transfers in kind,_T,Total,PT_B1GQ,Percentage of GDP,NAAG_VI,Part VI: General Government,2006,,16.1619197363463,,N,Neither seasonally adjusted nor calendar adjusted,_Z,Not applicable,S13,General government,_Z,Not applicable,N,Non-consolidated,D,Expenditure,D62,Social benefits other than social transfers in kind,_Z,Not applicable,,,,,,,,,,,V,Current prices,N,Non transformed data,,,,,,,F,Free (free for publication),2,Two,A,Normal value,0,Units,_Z,Not applicable
DATAFLOW,OECD.SDD.NAD:DSD_NAAG_VI@DF_NAAG_EXP(1.0),NAAG Chapter 6: Government,I,A,Annual,ITA,Italy,D62S13,Social benefits other than social transfers in kind,_T,Total,PT_B1GQ,Percentage of GDP,NAAG_VI,Part VI: General Government,2024,,20.3453491261855,,N,Neither seasonally adjusted nor calendar adjusted,_Z,Not applicable,S13,General government,_Z,Not applicable,N,Non-consolidated,D,Expenditure,D62,Social benefits other than social transfers in kind,_Z,Not applicable,,,,,,,,,,,V,Current prices,N,Non transformed data,,,,,,,F,Free (free for publication),2,Two,A,Normal value,0,Units,_Z,Not applicable
DATAFLOW,OECD.SDD.NAD:DSD_NAAG_VI@DF_NAAG_EXP(1.0),NAAG Chapter 6: Government,I,A,Annual,ITA,Italy,D62S13,Social benefits other than social transfers in kind,_T,Total,PT_B1GQ,Percentage of GDP,NAAG_VI,Part VI: General Government,2023,,19.9158295760044,,N,Neither seasonally adjusted nor calendar adjusted,_Z,Not applicable,S13,General government,_Z,Not applicable,N,Non-consolidated,D,Expenditure,D62,Social benefits other than social transfers in kind,_Z,Not applicable,,,,,,,,,,,V,Current prices,N,Non transformed data,,,,,,,F,Free (free for publication),2,Two,A,Normal value,0,Units,_Z,Not applicable
DATAFLOW,OECD.SDD.NAD:DSD_NAAG_VI@DF_NAAG_EXP(1.0),NAAG Chapter 6: Government,I,A,Annual,SVN,Slovenia,D62S13,Social benefits other than social transfers in kind,_T,Total,PT_B1GQ,Percentage of GDP,NAAG_VI,Part VI: General Government,2021,,16.2041930113081,,N,Neither seasonally adjusted nor calendar adjusted,_Z,Not applicable,S13,General government,_Z,Not applicable,N,Non-consolidated,D,Expenditure,D62,Social benefits other than social transfers in kind,_Z,Not applicable,,,,,,,,,,,V,Current prices,N,Non transformed data,,,,,,,F,Free (free for publication),2,Two,A,Normal value,0,Units,_Z,Not applicable
DATAFLOW,OECD.SDD.NAD:DSD_NAAG_VI@DF_NAAG_EXP(1.0),NAAG Chapter 6: Government,I,A,Annual,SVN,Slovenia,D62S13,Social benefits other than social transfers in kind,_T,Total,PT_B1GQ,Percentage of GDP,NAAG_VI,Part VI: General Government,2020,,17.4107327034207,,N,Neither seasonally adjusted nor calendar adjusted,_Z,Not applicable,S13,General government,_Z,Not applicable,N,Non-consolidated,D,Expenditure,D62,Social benefits other than social transfers in kind,_Z,Not applicable,,,,,,,,,,,V,Current prices,N,Non transformed data,,,,,,,F,Free (free for publication),2,Two,A,Normal value,0,Units,_Z,Not applicable
DATAFLOW,OECD.SDD.NAD:DSD_NAAG_VI@DF_NAAG_EXP(1.0),NAAG Chapter 6: Government,I,A,Annual,SVN,Slovenia,D62S13,Social benefits other than social transfers in kind,_T,Total,PT_B1GQ,Percentage of GDP,NAAG_VI,Part VI: General Government,2005,,16.6348645419221,,N,Neither seasonally adjusted nor calendar adjusted,_Z,Not applicable,S13,General government,_Z,Not applicable,N,Non-consolidated,D,Expenditure,D62,Social benefits other than social transfers in kind,_Z,Not applicable,,,,,,,,,,,V,Current prices,N,Non transformed data,,,,,,,F,Free (free for publication),2,Two,A,Normal value,0,Units,_Z,Not applicable
DATAFLOW,OECD.SDD.NAD:DSD_NAAG_VI@DF_NAAG_EXP(1.0),NAAG Chapter 6: Government,I,A,Annual,SVN,Slovenia,D62S13,Social benefits other than social transfers in kind,_T,Total,PT_B1GQ,Percentage of GDP,NAAG_VI,Part VI: General Government,2004,,16.666532154214,,N,Neither seasonally adjusted nor calendar adjusted,_Z,Not applicable,S13,General government,_Z,Not applicable,N,Non-consolidated,D,Expenditure,D62,Social benefits other than social transfers in kind,_Z,Not applicable,,,,,,,,,,,V,Current prices,N,Non transformed data,,,,,,,F,Free (free for publication),2,Two,A,Normal value,0,Units,_Z,Not applicable
DATAFLOW,OECD.SDD.NAD:DSD_NAAG_VI@DF_NAAG_EXP(1.0),NAAG Chapter 6: Government,I,A,Annual,SVN,Slovenia,D62S13,Social benefits other than social transfers in kind,_T,Total,PT_B1GQ,Percentage of GDP,NAAG_VI,Part VI: General Government,2003,,16.9857797266553,,N,Neither seasonally adjusted nor calendar adjusted,_Z,Not applicable,S13,General government,_Z,Not applicable,N,Non-consolidated,D,Expenditure,D62,Social benefits other than social transfers in kind,_Z,Not applicable,,,,,,,,,,,V,Current prices,N,Non transformed data,,,,,,,F,Free (free for publication),2,Two,A,Normal value,0,Units,_Z,Not applicable
DATAFLOW,OECD.SDD.NAD:DSD_NAAG_VI@DF_NAAG_EXP(1.0),NAAG Chapter 6: Government,I,A,Annual,SVN,Slovenia,D62S13,Social benefits other than social transfers in kind,_T,Total,PT_B1GQ,Percentage of GDP,NAAG_VI,Part VI: General Government,2002,,17.0942859656619,,N,Neither seasonally adjusted nor calendar adjusted,_Z,Not applicable,S13,General government,_Z,Not applicable,N,Non-consolidated,D,Expenditure,D62,Social benefits other than social transfers in kind,_Z,Not applicable,,,,,,,,,,,V,Current prices,N,Non transformed data,,,,,,,F,Free (free for publication),2,Two,A,Normal value,0,Units,_Z,Not applicable
DATAFLOW,OECD.SDD.NAD:DSD_NAAG_VI@DF_NAAG_EXP(1.0),NAAG Chapter 6: Government,I,A,Annual,SVN,Slovenia,D62S13,Social benefits other than social transfers in kind,_T,Total,PT_B1GQ,Percentage of GDP,NAAG_VI,Part VI: General Government,2001,,16.9712195102575,,N,Neither seasonally adjusted nor calendar adjusted,_Z,Not applicable,S13,General government,_Z,Not applicable,N,Non-consolidated,D,Expenditure,D62,Social benefits other than social transfers in kind,_Z,Not applicable,,,,,,,,,,,V,Current prices,N,Non transformed data,,,,,,,F,Free (free for publication),2,Two,A,Normal value,0,Units,_Z,Not applicable
DATAFLOW,OECD.SDD.NAD:DSD_NAAG_VI@DF_NAAG_EXP(1.0),NAAG Chapter 6: Government,I,A,Annual,SVN,Slovenia,D62S13,Social benefits other than social transfers in kind,_T,Total,PT_B1GQ,Percentage of GDP,NAAG_VI,Part VI: General Government,2000,,17.0331711985992,,N,Neither seasonally adjusted nor calendar adjusted,_Z,Not applicable,S13,General government,_Z,Not applicable,N,Non-consolidated,D,Expenditure,D62,Social benefits other than social transfers in kind,_Z,Not applicable,,,,,,,,,,,V,Current prices,N,Non transformed data,,,,,,,F,Free (free for publication),2,Two,A,Normal value,0,Units,_Z,Not applicable
DATAFLOW,OECD.SDD.NAD:DSD_NAAG_VI@DF_NAAG_EXP(1.0),NAAG Chapter 6: Government,I,A,Annual,SVN,Slovenia,D62S13,Social benefits other than social transfers in kind,_T,Total,PT_B1GQ,Percentage of GDP,NAAG_VI,Part VI: General Government,2019,,15.3781256769546,,N,Neither seasonally adjusted nor calendar adjusted,_Z,Not applicable,S13,General government,_Z,Not applicable,N,Non-consolidated,D,Expenditure,D62,Social benefits other than social transfers in kind,_Z,Not applicable,,,,,,,,,,,V,Current prices,N,Non transformed data,,,,,,,F,Free (free for publication),2,Two,A,Normal value,0,Units,_Z,Not applicable
DATAFLOW,OECD.SDD.NAD:DSD_NAAG_VI@DF_NAAG_EXP(1.0),NAAG Chapter 6: Government,I,A,Annual,SVN,Slovenia,D62S13,Social benefits other than social transfers in kind,_T,Total,PT_B1GQ,Percentage of GDP,NAAG_VI,Part VI: General Government,2018,,15.4879515967774,,N,Neither seasonally adjusted nor calendar adjusted,_Z,Not applicable,S13,General government,_Z,Not applicable,N,Non-consolidated,D,Expenditure,D62,Social benefits other than social transfers in kind,_Z,Not applicable,,,,,,,,,,,V,Current prices,N,Non transformed data,,,,,,,F,Free (free for publication),2,Two,A,Normal value,0,Units,_Z,Not applicable
DATAFLOW,OECD.SDD.NAD:DSD_NAAG_VI@DF_NAAG_EXP(1.0),NAAG Chapter 6: Government,I,A,Annual,SVN,Slovenia,D62S13,Social benefits other than social transfers in kind,_T,Total,PT_B1GQ,Percentage of GDP,NAAG_VI,Part VI: General Government,2017,,15.9728414442956,,N,Neither seasonally adjusted nor calendar adjusted,_Z,Not applicable,S13,General government,_Z,Not applicable,N,Non-consolidated,D,Expenditure,D62,Social benefits other than social transfers in kind,_Z,Not applicable,,,,,,,,,,,V,Current prices,N,Non transformed data,,,,,,,F,Free (free for publication),2,Two,A,Normal value,0,Units,_Z,Not applicable
DATAFLOW,OECD.SDD.NAD:DSD_NAAG_VI@DF_NAAG_EXP(1.0),NAAG Chapter 6: Government,I,A,Annual,SVN,Slovenia,D62S13,Social benefits other than social transfers in kind,_T,Total,PT_B1GQ,Percentage of GDP,NAAG_VI,Part VI: General Government,2016,,16.4865028587641,,N,Neither seasonally adjusted nor calendar adjusted,_Z,Not applicable,S13,General government,_Z,Not applicable,N,Non-consolidated,D,Expenditure,D62,Social benefits other than social transfers in kind,_Z,Not applicable,,,,,,,,,,,V,Current prices,N,Non transformed data,,,,,,,F,Free (free for publication),2,Two,A,Normal value,0,Units,_Z,Not applicable
DATAFLOW,OECD.SDD.NAD:DSD_NAAG_VI@DF_NAAG_EXP(1.0),NAAG Chapter 6: Government,I,A,Annual,SVN,Slovenia,D62S13,Social benefits other than social transfers in kind,_T,Total,PT_B1GQ,Percentage of GDP,NAAG_VI,Part VI: General Government,2015,,17.0972845335939,,N,Neither seasonally adjusted nor calendar adjusted,_Z,Not applicable,S13,General government,_Z,Not applicable,N,Non-consolidated,D,Expenditure,D62,Social benefits other than social transfers in kind,_Z,Not applicable,,,,,,,,,,,V,Current prices,N,Non transformed data,,,,,,,F,Free (free for publication),2,Two,A,Normal value,0,Units,_Z,Not applicable
DATAFLOW,OECD.SDD.NAD:DSD_NAAG_VI@DF_NAAG_EXP(1.0),NAAG Chapter 6: Government,I,A,Annual,SVN,Slovenia,D62S13,Social benefits other than social transfers in kind,_T,Total,PT_B1GQ,Percentage of GDP,NAAG_VI,Part VI: General Government,2014,,17.5111249946754,,N,Neither seasonally adjusted nor calendar adjusted,_Z,Not applicable,S13,General government,_Z,Not applicable,N,Non-consolidated,D,Expenditure,D62,Social benefits other than social transfers in kind,_Z,Not applicable,,,,,,,,,,,V,Current prices,N,Non transformed data,,,,,,,F,Free (free for publication),2,Two,A,Normal value,0,Units,_Z,Not applicable
DATAFLOW,OECD.SDD.NAD:DSD_NAAG_VI@DF_NAAG_EXP(1.0),NAAG Chapter 6: Government,I,A,Annual,SVN,Slovenia,D62S13,Social benefits other than social transfers in kind,_T,Total,PT_B1GQ,Percentage of GDP,NAAG_VI,Part VI: General Government,2013,,18.0935649046184,,N,Neither seasonally adjusted nor calendar adjusted,_Z,Not applicable,S13,General government,_Z,Not applicable,N,Non-consolidated,D,Expenditure,D62,Social benefits other than social transfers in kind,_Z,Not applicable,,,,,,,,,,,V,Current prices,N,Non transformed data,,,,,,,F,Free (free for publication),2,Two,A,Normal value,0,Units,_Z,Not applicable
DATAFLOW,OECD.SDD.NAD:DSD_NAAG_VI@DF_NAAG_EXP(1.0),NAAG Chapter 6: Government,I,A,Annual,SVN,Slovenia,D62S13,Social benefits other than social transfers in kind,_T,Total,PT_B1GQ,Percentage of GDP,NAAG_VI,Part VI: General Government,2012,,18.1278912689389,,N,Neither seasonally adjusted nor calendar adjusted,_Z,Not applicable,S13,General government,_Z,Not applicable,N,Non-consolidated,D,Expenditure,D62,Social benefits other than social transfers in kind,_Z,Not applicable,,,,,,,,,,,V,Current prices,N,Non transformed data,,,,,,,F,Free (free for publication),2,Two,A,Normal value,0,Units,_Z,Not applicable
DATAFLOW,OECD.SDD.NAD:DSD_NAAG_VI@DF_NAAG_EXP(1.0),NAAG Chapter 6: Government,I,A,Annual,SVN,Slovenia,D62S13,Social benefits other than social transfers in kind,_T,Total,PT_B1GQ,Percentage of GDP,NAAG_VI,Part VI: General Government,2011,,18.1856376133642,,N,Neither seasonally adjusted nor calendar adjusted,_Z,Not applicable,S13,General government,_Z,Not applicable,N,Non-consolidated,D,Expenditure,D62,Social benefits other than social transfers in kind,_Z,Not applicable,,,,,,,,,,,V,Current prices,N,Non transformed data,,,,,,,F,Free (free for publication),2,Two,A,Normal value,0,Units,_Z,Not applicable
DATAFLOW,OECD.SDD.NAD:DSD_NAAG_VI@DF_NAAG_EXP(1.0),NAAG Chapter 6: Government,I,A,Annual,SVN,Slovenia,D62S13,Social benefits other than social transfers in kind,_T,Total,PT_B1GQ,Percentage of GDP,NAAG_VI,Part VI: General Government,2010,,17.8441916324645,,N,Neither seasonally adjusted nor calendar adjusted,_Z,Not applicable,S13,General government,_Z,Not applicable,N,Non-consolidated,D,Expenditure,D62,Social benefits other than social transfers in kind,_Z,Not applicable,,,,,,,,,,,V,Current prices,N,Non transformed data,,,,,,,F,Free (free for publication),2,Two,A,Normal value,0,Units,_Z,Not applicable
DATAFLOW,OECD.SDD.NAD:DSD_NAAG_VI@DF_NAAG_EXP(1.0),NAAG Chapter 6: Government,I,A,Annual,SVN,Slovenia,D62S13,Social benefits other than social transfers in kind,_T,Total,PT_B1GQ,Percentage of GDP,NAAG_VI,Part VI: General Government,2009,,17.2273509417668,,N,Neither seasonally adjusted nor calendar adjusted,_Z,Not applicable,S13,General government,_Z,Not applicable,N,Non-consolidated,D,Expenditure,D62,Social benefits other than social transfers in kind,_Z,Not applicable,,,,,,,,,,,V,Current prices,N,Non transformed data,,,,,,,F,Free (free for publication),2,Two,A,Normal value,0,Units,_Z,Not applicable
DATAFLOW,OECD.SDD.NAD:DSD_NAAG_VI@DF_NAAG_EXP(1.0),NAAG Chapter 6: Government,I,A,Annual,SVN,Slovenia,D62S13,Social benefits other than social transfers in kind,_T,Total,PT_B1GQ,Percentage of GDP,NAAG_VI,Part VI: General Government,2008,,15.3697519130907,,N,Neither seasonally adjusted nor calendar adjusted,_Z,Not applicable,S13,General government,_Z,Not applicable,N,Non-consolidated,D,Expenditure,D62,Social benefits other than social transfers in kind,_Z,Not applicable,,,,,,,,,,,V,Current prices,N,Non transformed data,,,,,,,F,Free (free for publication),2,Two,A,Normal value,0,Units,_Z,Not applicable
DATAFLOW,OECD.SDD.NAD:DSD_NAAG_VI@DF_NAAG_EXP(1.0),NAAG Chapter 6: Government,I,A,Annual,SVN,Slovenia,D62S13,Social benefits other than social transfers in kind,_T,Total,PT_B1GQ,Percentage of GDP,NAAG_VI,Part VI: General Government,2007,,15.0949814942822,,N,Neither seasonally adjusted nor calendar adjusted,_Z,Not applicable,S13,General government,_Z,Not applicable,N,Non-consolidated,D,Expenditure,D62,Social benefits other than social transfers in kind,_Z,Not applicable,,,,,,,,,,,V,Current prices,N,Non transformed data,,,,,,,F,Free (free for publication),2,Two,A,Normal value,0,Units,_Z,Not applicable
DATAFLOW,OECD.SDD.NAD:DSD_NAAG_VI@DF_NAAG_EXP(1.0),NAAG Chapter 6: Government,I,A,Annual,SVN,Slovenia,D62S13,Social benefits other than social transfers in kind,_T,Total,PT_B1GQ,Percentage of GDP,NAAG_VI,Part VI: General Government,2006,,16.0739094029978,,N,Neither seasonally adjusted nor calendar adjusted,_Z,Not applicable,S13,General government,_Z,Not applicable,N,Non-consolidated,D,Expenditure,D62,Social benefits other than social transfers in kind,_Z,Not applicable,,,,,,,,,,,V,Current prices,N,Non transformed data,,,,,,,F,Free (free for publication),2,Two,A,Normal value,0,Units,_Z,Not applicable
DATAFLOW,OECD.SDD.NAD:DSD_NAAG_VI@DF_NAAG_EXP(1.0),NAAG Chapter 6: Government,I,A,Annual,SVN,Slovenia,D62S13,Social benefits other than social transfers in kind,_T,Total,PT_B1GQ,Percentage of GDP,NAAG_VI,Part VI: General Government,2024,,15.5933399730102,,N,Neither seasonally adjusted nor calendar adjusted,_Z,Not applicable,S13,General government,_Z,Not applicable,N,Non-consolidated,D,Expenditure,D62,Social benefits other than social transfers in kind,_Z,Not applicable,,,,,,,,,,,V,Current prices,N,Non transformed data,,,,,,,F,Free (free for publication),2,Two,A,Normal value,0,Units,_Z,Not applicable
DATAFLOW,OECD.SDD.NAD:DSD_NAAG_VI@DF_NAAG_EXP(1.0),NAAG Chapter 6: Government,I,A,Annual,SVN,Slovenia,D62S13,Social benefits other than social transfers in kind,_T,Total,PT_B1GQ,Percentage of GDP,NAAG_VI,Part VI: General Government,2023,,15.1953583922205,,N,Neither seasonally adjusted nor calendar adjusted,_Z,Not applicable,S13,General government,_Z,Not applicable,N,Non-consolidated,D,Expenditure,D62,Social benefits other than social transfers in kind,_Z,Not applicable,,,,,,,,,,,V,Current prices,N,Non transformed data,,,,,,,F,Free (free for publication),2,Two,A,Normal value,0,Units,_Z,Not applicable
DATAFLOW,OECD.SDD.NAD:DSD_NAAG_VI@DF_NAAG_EXP(1.0),NAAG Chapter 6: Government,I,A,Annual,AUT,Austria,D62S13,Social benefits other than social transfers in kind,_T,Total,PT_B1GQ,Percentage of GDP,NAAG_VI,Part VI: General Government,2021,,19.4350217370597,,N,Neither seasonally adjusted nor calendar adjusted,_Z,Not applicable,S13,General government,_Z,Not applicable,N,Non-consolidated,D,Expenditure,D62,Social benefits other than social transfers in kind,_Z,Not applicable,,,,,,,,,,,V,Current prices,N,Non transformed data,,,,,,,F,Free (free for publication),2,Two,A,Normal value,0,Units,_Z,Not applicable
DATAFLOW,OECD.SDD.NAD:DSD_NAAG_VI@DF_NAAG_EXP(1.0),NAAG Chapter 6: Government,I,A,Annual,AUT,Austria,D62S13,Social benefits other than social transfers in kind,_T,Total,PT_B1GQ,Percentage of GDP,NAAG_VI,Part VI: General Government,2020,,20.32294412024,,N,Neither seasonally adjusted nor calendar adjusted,_Z,Not applicable,S13,General government,_Z,Not applicable,N,Non-consolidated,D,Expenditure,D62,Social benefits other than social transfers in kind,_Z,Not applicable,,,,,,,,,,,V,Current prices,N,Non transformed data,,,,,,,F,Free (free for publication),2,Two,A,Normal value,0,Units,_Z,Not applicable
DATAFLOW,OECD.SDD.NAD:DSD_NAAG_VI@DF_NAAG_EXP(1.0),NAAG Chapter 6: Government,I,A,Annual,AUT,Austria,D62S13,Social benefits other than social transfers in kind,_T,Total,PT_B1GQ,Percentage of GDP,NAAG_VI,Part VI: General Government,2005,,18.4203373920163,,N,Neither seasonally adjusted nor calendar adjusted,_Z,Not applicable,S13,General government,_Z,Not applicable,N,Non-consolidated,D,Expenditure,D62,Social benefits other than social transfers in kind,_Z,Not applicable,,,,,,,,,,,V,Current prices,N,Non transformed data,,,,,,,F,Free (free for publication),2,Two,A,Normal value,0,Units,_Z,Not applicable
DATAFLOW,OECD.SDD.NAD:DSD_NAAG_VI@DF_NAAG_EXP(1.0),NAAG Chapter 6: Government,I,A,Annual,AUT,Austria,D62S13,Social benefits other than social transfers in kind,_T,Total,PT_B1GQ,Percentage of GDP,NAAG_VI,Part VI: General Government,2004,,18.8531198236372,,N,Neither seasonally adjusted nor calendar adjusted,_Z,Not applicable,S13,General government,_Z,Not applicable,N,Non-consolidated,D,Expenditure,D62,Social benefits other than social transfers in kind,_Z,Not applicable,,,,,,,,,,,V,Current prices,N,Non transformed data,,,,,,,F,Free (free for publication),2,Two,A,Normal value,0,Units,_Z,Not applicable
DATAFLOW,OECD.SDD.NAD:DSD_NAAG_VI@DF_NAAG_EXP(1.0),NAAG Chapter 6: Government,I,A,Annual,AUT,Austria,D62S13,Social benefits other than social transfers in kind,_T,Total,PT_B1GQ,Percentage of GDP,NAAG_VI,Part VI: General Government,2003,,19.1429736973158,,N,Neither seasonally adjusted nor calendar adjusted,_Z,Not applicable,S13,General government,_Z,Not applicable,N,Non-consolidated,D,Expenditure,D62,Social benefits other than social transfers in kind,_Z,Not applicable,,,,,,,,,,,V,Current prices,N,Non transformed data,,,,,,,F,Free (free for publication),2,Two,A,Normal value,0,Units,_Z,Not applicable
DATAFLOW,OECD.SDD.NAD:DSD_NAAG_VI@DF_NAAG_EXP(1.0),NAAG Chapter 6: Government,I,A,Annual,AUT,Austria,D62S13,Social benefits other than social transfers in kind,_T,Total,PT_B1GQ,Percentage of GDP,NAAG_VI,Part VI: General Government,2002,,18.8878060767981,,N,Neither seasonally adjusted nor calendar adjusted,_Z,Not applicable,S13,General government,_Z,Not applicable,N,Non-consolidated,D,Expenditure,D62,Social benefits other than social transfers in kind,_Z,Not applicable,,,,,,,,,,,V,Current prices,N,Non transformed data,,,,,,,F,Free (free for publication),2,Two,A,Normal value,0,Units,_Z,Not applicable
DATAFLOW,OECD.SDD.NAD:DSD_NAAG_VI@DF_NAAG_EXP(1.0),NAAG Chapter 6: Government,I,A,Annual,AUT,Austria,D62S13,Social benefits other than social transfers in kind,_T,Total,PT_B1GQ,Percentage of GDP,NAAG_VI,Part VI: General Government,2001,,18.6099902143,,N,Neither seasonally adjusted nor calendar adjusted,_Z,Not applicable,S13,General government,_Z,Not applicable,N,Non-consolidated,D,Expenditure,D62,Social benefits other than social transfers in kind,_Z,Not applicable,,,,,,,,,,,V,Current prices,N,Non transformed data,,,,,,,F,Free (free for publication),2,Two,A,Normal value,0,Units,_Z,Not applicable
DATAFLOW,OECD.SDD.NAD:DSD_NAAG_VI@DF_NAAG_EXP(1.0),NAAG Chapter 6: Government,I,A,Annual,AUT,Austria,D62S13,Social benefits other than social transfers in kind,_T,Total,PT_B1GQ,Percentage of GDP,NAAG_VI,Part VI: General Government,2000,,18.7738232657774,,N,Neither seasonally adjusted nor calendar adjusted,_Z,Not applicable,S13,General government,_Z,Not applicable,N,Non-consolidated,D,Expenditure,D62,Social benefits other than social transfers in kind,_Z,Not applicable,,,,,,,,,,,V,Current prices,N,Non transformed data,,,,,,,F,Free (free for publication),2,Two,A,Normal value,0,Units,_Z,Not applicable
DATAFLOW,OECD.SDD.NAD:DSD_NAAG_VI@DF_NAAG_EXP(1.0),NAAG Chapter 6: Government,I,A,Annual,AUT,Austria,D62S13,Social benefits other than social transfers in kind,_T,Total,PT_B1GQ,Percentage of GDP,NAAG_VI,Part VI: General Government,2019,,17.9421570155642,,N,Neither seasonally adjusted nor calendar adjusted,_Z,Not applicable,S13,General government,_Z,Not applicable,N,Non-consolidated,D,Expenditure,D62,Social benefits other than social transfers in kind,_Z,Not applicable,,,,,,,,,,,V,Current prices,N,Non transformed data,,,,,,,F,Free (free for publication),2,Two,A,Normal value,0,Units,_Z,Not applicable
DATAFLOW,OECD.SDD.NAD:DSD_NAAG_VI@DF_NAAG_EXP(1.0),NAAG Chapter 6: Government,I,A,Annual,AUT,Austria,D62S13,Social benefits other than social transfers in kind,_T,Total,PT_B1GQ,Percentage of GDP,NAAG_VI,Part VI: General Government,2018,,17.9923370645155,,N,Neither seasonally adjusted nor calendar adjusted,_Z,Not applicable,S13,General government,_Z,Not applicable,N,Non-consolidated,D,Expenditure,D62,Social benefits other than social transfers in kind,_Z,Not applicable,,,,,,,,,,,V,Current prices,N,Non transformed data,,,,,,,F,Free (free for publication),2,Two,A,Normal value,0,Units,_Z,Not applicable
DATAFLOW,OECD.SDD.NAD:DSD_NAAG_VI@DF_NAAG_EXP(1.0),NAAG Chapter 6: Government,I,A,Annual,AUT,Austria,D62S13,Social benefits other than social transfers in kind,_T,Total,PT_B1GQ,Percentage of GDP,NAAG_VI,Part VI: General Government,2017,,18.3485121751326,,N,Neither seasonally adjusted nor calendar adjusted,_Z,Not applicable,S13,General government,_Z,Not applicable,N,Non-consolidated,D,Expenditure,D62,Social benefits other than social transfers in kind,_Z,Not applicable,,,,,,,,,,,V,Current prices,N,Non transformed data,,,,,,,F,Free (free for publication),2,Two,A,Normal value,0,Units,_Z,Not applicable
DATAFLOW,OECD.SDD.NAD:DSD_NAAG_VI@DF_NAAG_EXP(1.0),NAAG Chapter 6: Government,I,A,Annual,AUT,Austria,D62S13,Social benefits other than social transfers in kind,_T,Total,PT_B1GQ,Percentage of GDP,NAAG_VI,Part VI: General Government,2016,,18.7778969699739,,N,Neither seasonally adjusted nor calendar adjusted,_Z,Not applicable,S13,General government,_Z,Not applicable,N,Non-consolidated,D,Expenditure,D62,Social benefits other than social transfers in kind,_Z,Not applicable,,,,,,,,,,,V,Current prices,N,Non transformed data,,,,,,,F,Free (free for publication),2,Two,A,Normal value,0,Units,_Z,Not applicable
DATAFLOW,OECD.SDD.NAD:DSD_NAAG_VI@DF_NAAG_EXP(1.0),NAAG Chapter 6: Government,I,A,Annual,AUT,Austria,D62S13,Social benefits other than social transfers in kind,_T,Total,PT_B1GQ,Percentage of GDP,NAAG_VI,Part VI: General Government,2015,,19.0188074999961,,N,Neither seasonally adjusted nor calendar adjusted,_Z,Not applicable,S13,General government,_Z,Not applicable,N,Non-consolidated,D,Expenditure,D62,Social benefits other than social transfers in kind,_Z,Not applicable,,,,,,,,,,,V,Current prices,N,Non transformed data,,,,,,,F,Free (free for publication),2,Two,A,Normal value,0,Units,_Z,Not applicable
DATAFLOW,OECD.SDD.NAD:DSD_NAAG_VI@DF_NAAG_EXP(1.0),NAAG Chapter 6: Government,I,A,Annual,AUT,Austria,D62S13,Social benefits other than social transfers in kind,_T,Total,PT_B1GQ,Percentage of GDP,NAAG_VI,Part VI: General Government,2014,,19.2199450340263,,N,Neither seasonally adjusted nor calendar adjusted,_Z,Not applicable,S13,General government,_Z,Not applicable,N,Non-consolidated,D,Expenditure,D62,Social benefits other than social transfers in kind,_Z,Not applicable,,,,,,,,,,,V,Current prices,N,Non transformed data,,,,,,,F,Free (free for publication),2,Two,A,Normal value,0,Units,_Z,Not applicable
DATAFLOW,OECD.SDD.NAD:DSD_NAAG_VI@DF_NAAG_EXP(1.0),NAAG Chapter 6: Government,I,A,Annual,AUT,Austria,D62S13,Social benefits other than social transfers in kind,_T,Total,PT_B1GQ,Percentage of GDP,NAAG_VI,Part VI: General Government,2013,,19.1415121550169,,N,Neither seasonally adjusted nor calendar adjusted,_Z,Not applicable,S13,General government,_Z,Not applicable,N,Non-consolidated,D,Expenditure,D62,Social benefits other than social transfers in kind,_Z,Not applicable,,,,,,,,,,,V,Current prices,N,Non transformed data,,,,,,,F,Free (free for publication),2,Two,A,Normal value,0,Units,_Z,Not applicable
DATAFLOW,OECD.SDD.NAD:DSD_NAAG_VI@DF_NAAG_EXP(1.0),NAAG Chapter 6: Government,I,A,Annual,AUT,Austria,D62S13,Social benefits other than social transfers in kind,_T,Total,PT_B1GQ,Percentage of GDP,NAAG_VI,Part VI: General Government,2012,,18.7201112972589,,N,Neither seasonally adjusted nor calendar adjusted,_Z,Not applicable,S13,General government,_Z,Not applicable,N,Non-consolidated,D,Expenditure,D62,Social benefits other than social transfers in kind,_Z,Not applicable,,,,,,,,,,,V,Current prices,N,Non transformed data,,,,,,,F,Free (free for publication),2,Two,A,Normal value,0,Units,_Z,Not applicable
DATAFLOW,OECD.SDD.NAD:DSD_NAAG_VI@DF_NAAG_EXP(1.0),NAAG Chapter 6: Government,I,A,Annual,AUT,Austria,D62S13,Social benefits other than social transfers in kind,_T,Total,PT_B1GQ,Percentage of GDP,NAAG_VI,Part VI: General Government,2011,,18.5621956942377,,N,Neither seasonally adjusted nor calendar adjusted,_Z,Not applicable,S13,General government,_Z,Not applicable,N,Non-consolidated,D,Expenditure,D62,Social benefits other than social transfers in kind,_Z,Not applicable,,,,,,,,,,,V,Current prices,N,Non transformed data,,,,,,,F,Free (free for publication),2,Two,A,Normal value,0,Units,_Z,Not applicable
DATAFLOW,OECD.SDD.NAD:DSD_NAAG_VI@DF_NAAG_EXP(1.0),NAAG Chapter 6: Government,I,A,Annual,AUT,Austria,D62S13,Social benefits other than social transfers in kind,_T,Total,PT_B1GQ,Percentage of GDP,NAAG_VI,Part VI: General Government,2010,,19.2407357322792,,N,Neither seasonally adjusted nor calendar adjusted,_Z,Not applicable,S13,General government,_Z,Not applicable,N,Non-consolidated,D,Expenditure,D62,Social benefits other than social transfers in kind,_Z,Not applicable,,,,,,,,,,,V,Current prices,N,Non transformed data,,,,,,,F,Free (free for publication),2,Two,A,Normal value,0,Units,_Z,Not applicable
DATAFLOW,OECD.SDD.NAD:DSD_NAAG_VI@DF_NAAG_EXP(1.0),NAAG Chapter 6: Government,I,A,Annual,AUT,Austria,D62S13,Social benefits other than social transfers in kind,_T,Total,PT_B1GQ,Percentage of GDP,NAAG_VI,Part VI: General Government,2009,,19.1019009824568,,N,Neither seasonally adjusted nor calendar adjusted,_Z,Not applicable,S13,General government,_Z,Not applicable,N,Non-consolidated,D,Expenditure,D62,Social benefits other than social transfers in kind,_Z,Not applicable,,,,,,,,,,,V,Current prices,N,Non transformed data,,,,,,,F,Free (free for publication),2,Two,A,Normal value,0,Units,_Z,Not applicable
DATAFLOW,OECD.SDD.NAD:DSD_NAAG_VI@DF_NAAG_EXP(1.0),NAAG Chapter 6: Government,I,A,Annual,AUT,Austria,D62S13,Social benefits other than social transfers in kind,_T,Total,PT_B1GQ,Percentage of GDP,NAAG_VI,Part VI: General Government,2008,,17.649854454942,,N,Neither seasonally adjusted nor calendar adjusted,_Z,Not applicable,S13,General government,_Z,Not applicable,N,Non-consolidated,D,Expenditure,D62,Social benefits other than social transfers in kind,_Z,Not applicable,,,,,,,,,,,V,Current prices,N,Non transformed data,,,,,,,F,Free (free for publication),2,Two,A,Normal value,0,Units,_Z,Not applicable
DATAFLOW,OECD.SDD.NAD:DSD_NAAG_VI@DF_NAAG_EXP(1.0),NAAG Chapter 6: Government,I,A,Annual,AUT,Austria,D62S13,Social benefits other than social transfers in kind,_T,Total,PT_B1GQ,Percentage of GDP,NAAG_VI,Part VI: General Government,2007,,17.4493778919433,,N,Neither seasonally adjusted nor calendar adjusted,_Z,Not applicable,S13,General government,_Z,Not applicable,N,Non-consolidated,D,Expenditure,D62,Social benefits other than social transfers in kind,_Z,Not applicable,,,,,,,,,,,V,Current prices,N,Non transformed data,,,,,,,F,Free (free for publication),2,Two,A,Normal value,0,Units,_Z,Not applicable
DATAFLOW,OECD.SDD.NAD:DSD_NAAG_VI@DF_NAAG_EXP(1.0),NAAG Chapter 6: Government,I,A,Annual,AUT,Austria,D62S13,Social benefits other than social transfers in kind,_T,Total,PT_B1GQ,Percentage of GDP,NAAG_VI,Part VI: General Government,2006,,18.056120332666,,N,Neither seasonally adjusted nor calendar adjusted,_Z,Not applicable,S13,General government,_Z,Not applicable,N,Non-consolidated,D,Expenditure,D62,Social benefits other than social transfers in kind,_Z,Not applicable,,,,,,,,,,,V,Current prices,N,Non transformed data,,,,,,,F,Free (free for publication),2,Two,A,Normal value,0,Units,_Z,Not applicable
DATAFLOW,OECD.SDD.NAD:DSD_NAAG_VI@DF_NAAG_EXP(1.0),NAAG Chapter 6: Government,I,A,Annual,AUT,Austria,D62S13,Social benefits other than social transfers in kind,_T,Total,PT_B1GQ,Percentage of GDP,NAAG_VI,Part VI: General Government,2024,,20.1578714349693,,N,Neither seasonally adjusted nor calendar adjusted,_Z,Not applicable,S13,General government,_Z,Not applicable,N,Non-consolidated,D,Expenditure,D62,Social benefits other than social transfers in kind,_Z,Not applicable,,,,,,,,,,,V,Current prices,N,Non transformed data,,,,,,,F,Free (free for publication),2,Two,A,Normal value,0,Units,_Z,Not applicable
DATAFLOW,OECD.SDD.NAD:DSD_NAAG_VI@DF_NAAG_EXP(1.0),NAAG Chapter 6: Government,I,A,Annual,AUT,Austria,D62S13,Social benefits other than social transfers in kind,_T,Total,PT_B1GQ,Percentage of GDP,NAAG_VI,Part VI: General Government,2023,,18.5199433452822,,N,Neither seasonally adjusted nor calendar adjusted,_Z,Not applicable,S13,General government,_Z,Not applicable,N,Non-consolidated,D,Expenditure,D62,Social benefits other than social transfers in kind,_Z,Not applicable,,,,,,,,,,,V,Current prices,N,Non transformed data,,,,,,,F,Free (free for publication),2,Two,A,Normal value,0,Units,_Z,Not applicable
DATAFLOW,OECD.SDD.NAD:DSD_NAAG_VI@DF_NAAG_EXP(1.0),NAAG Chapter 6: Government,I,A,Annual,CAN,Canada,D62S13,Social benefits other than social transfers in kind,_T,Total,PT_B1GQ,Percentage of GDP,NAAG_VI,Part VI: General Government,2021,,12.3450105646383,,N,Neither seasonally adjusted nor calendar adjusted,_Z,Not applicable,S13,General government,_Z,Not applicable,N,Non-consolidated,D,Expenditure,D62,Social benefits other than social transfers in kind,_Z,Not applicable,,,,,,,,,,,V,Current prices,N,Non transformed data,,,,,,,F,Free (free for publication),2,Two,A,Normal value,0,Units,_Z,Not applicable
DATAFLOW,OECD.SDD.NAD:DSD_NAAG_VI@DF_NAAG_EXP(1.0),NAAG Chapter 6: Government,I,A,Annual,CAN,Canada,D62S13,Social benefits other than social transfers in kind,_T,Total,PT_B1GQ,Percentage of GDP,NAAG_VI,Part VI: General Government,2020,,15.6128702780916,,N,Neither seasonally adjusted nor calendar adjusted,_Z,Not applicable,S13,General government,_Z,Not applicable,N,Non-consolidated,D,Expenditure,D62,Social benefits other than social transfers in kind,_Z,Not applicable,,,,,,,,,,,V,Current prices,N,Non transformed data,,,,,,,F,Free (free for publication),2,Two,A,Normal value,0,Units,_Z,Not applicable
DATAFLOW,OECD.SDD.NAD:DSD_NAAG_VI@DF_NAAG_EXP(1.0),NAAG Chapter 6: Government,I,A,Annual,CAN,Canada,D62S13,Social benefits other than social transfers in kind,_T,Total,PT_B1GQ,Percentage of GDP,NAAG_VI,Part VI: General Government,2005,,8.22726665212896,,N,Neither seasonally adjusted nor calendar adjusted,_Z,Not applicable,S13,General government,_Z,Not applicable,N,Non-consolidated,D,Expenditure,D62,Social benefits other than social transfers in kind,_Z,Not applicable,,,,,,,,,,,V,Current prices,N,Non transformed data,,,,,,,F,Free (free for publication),2,Two,A,Normal value,0,Units,_Z,Not applicable
DATAFLOW,OECD.SDD.NAD:DSD_NAAG_VI@DF_NAAG_EXP(1.0),NAAG Chapter 6: Government,I,A,Annual,CAN,Canada,D62S13,Social benefits other than social transfers in kind,_T,Total,PT_B1GQ,Percentage of GDP,NAAG_VI,Part VI: General Government,2004,,8.41673959801786,,N,Neither seasonally adjusted nor calendar adjusted,_Z,Not applicable,S13,General government,_Z,Not applicable,N,Non-consolidated,D,Expenditure,D62,Social benefits other than social transfers in kind,_Z,Not applicable,,,,,,,,,,,V,Current prices,N,Non transformed data,,,,,,,F,Free (free for publication),2,Two,A,Normal value,0,Units,_Z,Not applicable
DATAFLOW,OECD.SDD.NAD:DSD_NAAG_VI@DF_NAAG_EXP(1.0),NAAG Chapter 6: Government,I,A,Annual,CAN,Canada,D62S13,Social benefits other than social transfers in kind,_T,Total,PT_B1GQ,Percentage of GDP,NAAG_VI,Part VI: General Government,2003,,8.64070605468672,,N,Neither seasonally adjusted nor calendar adjusted,_Z,Not applicable,S13,General government,_Z,Not applicable,N,Non-consolidated,D,Expenditure,D62,Social benefits other than social transfers in kind,_Z,Not applicable,,,,,,,,,,,V,Current prices,N,Non transformed data,,,,,,,F,Free (free for publication),2,Two,A,Normal value,0,Units,_Z,Not applicable
DATAFLOW,OECD.SDD.NAD:DSD_NAAG_VI@DF_NAAG_EXP(1.0),NAAG Chapter 6: Government,I,A,Annual,CAN,Canada,D62S13,Social benefits other than social transfers in kind,_T,Total,PT_B1GQ,Percentage of GDP,NAAG_VI,Part VI: General Government,2002,,8.80083170393753,,N,Neither seasonally adjusted nor calendar adjusted,_Z,Not applicable,S13,General government,_Z,Not applicable,N,Non-consolidated,D,Expenditure,D62,Social benefits other than social transfers in kind,_Z,Not applicable,,,,,,,,,,,V,Current prices,N,Non transformed data,,,,,,,F,Free (free for publication),2,Two,A,Normal value,0,Units,_Z,Not applicable
DATAFLOW,OECD.SDD.NAD:DSD_NAAG_VI@DF_NAAG_EXP(1.0),NAAG Chapter 6: Government,I,A,Annual,CAN,Canada,D62S13,Social benefits other than social transfers in kind,_T,Total,PT_B1GQ,Percentage of GDP,NAAG_VI,Part VI: General Government,2001,,8.95685002660451,,N,Neither seasonally adjusted nor calendar adjusted,_Z,Not applicable,S13,General government,_Z,Not applicable,N,Non-consolidated,D,Expenditure,D62,Social benefits other than social transfers in kind,_Z,Not applicable,,,,,,,,,,,V,Current prices,N,Non transformed data,,,,,,,F,Free (free for publication),2,Two,A,Normal value,0,Units,_Z,Not applicable
DATAFLOW,OECD.SDD.NAD:DSD_NAAG_VI@DF_NAAG_EXP(1.0),NAAG Chapter 6: Government,I,A,Annual,CAN,Canada,D62S13,Social benefits other than social transfers in kind,_T,Total,PT_B1GQ,Percentage of GDP,NAAG_VI,Part VI: General Government,2000,,8.66825004904748,,N,Neither seasonally adjusted nor calendar adjusted,_Z,Not applicable,S13,General government,_Z,Not applicable,N,Non-consolidated,D,Expenditure,D62,Social benefits other than social transfers in kind,_Z,Not applicable,,,,,,,,,,,V,Current prices,N,Non transformed data,,,,,,,F,Free (free for publication),2,Two,A,Normal value,0,Units,_Z,Not applicable
DATAFLOW,OECD.SDD.NAD:DSD_NAAG_VI@DF_NAAG_EXP(1.0),NAAG Chapter 6: Government,I,A,Annual,CAN,Canada,D62S13,Social benefits other than social transfers in kind,_T,Total,PT_B1GQ,Percentage of GDP,NAAG_VI,Part VI: General Government,2019,,10.0174492762894,,N,Neither seasonally adjusted nor calendar adjusted,_Z,Not applicable,S13,General government,_Z,Not applicable,N,Non-consolidated,D,Expenditure,D62,Social benefits other than social transfers in kind,_Z,Not applicable,,,,,,,,,,,V,Current prices,N,Non transformed data,,,,,,,F,Free (free for publication),2,Two,A,Normal value,0,Units,_Z,Not applicable
DATAFLOW,OECD.SDD.NAD:DSD_NAAG_VI@DF_NAAG_EXP(1.0),NAAG Chapter 6: Government,I,A,Annual,CAN,Canada,D62S13,Social benefits other than social transfers in kind,_T,Total,PT_B1GQ,Percentage of GDP,NAAG_VI,Part VI: General Government,2018,,9.91297930155322,,N,Neither seasonally adjusted nor calendar adjusted,_Z,Not applicable,S13,General government,_Z,Not applicable,N,Non-consolidated,D,Expenditure,D62,Social benefits other than social transfers in kind,_Z,Not applicable,,,,,,,,,,,V,Current prices,N,Non transformed data,,,,,,,F,Free (free for publication),2,Two,A,Normal value,0,Units,_Z,Not applicable
DATAFLOW,OECD.SDD.NAD:DSD_NAAG_VI@DF_NAAG_EXP(1.0),NAAG Chapter 6: Government,I,A,Annual,CAN,Canada,D62S13,Social benefits other than social transfers in kind,_T,Total,PT_B1GQ,Percentage of GDP,NAAG_VI,Part VI: General Government,2017,,9.98598083471259,,N,Neither seasonally adjusted nor calendar adjusted,_Z,Not applicable,S13,General government,_Z,Not applicable,N,Non-consolidated,D,Expenditure,D62,Social benefits other than social transfers in kind,_Z,Not applicable,,,,,,,,,,,V,Current prices,N,Non transformed data,,,,,,,F,Free (free for publication),2,Two,A,Normal value,0,Units,_Z,Not applicable
DATAFLOW,OECD.SDD.NAD:DSD_NAAG_VI@DF_NAAG_EXP(1.0),NAAG Chapter 6: Government,I,A,Annual,CAN,Canada,D62S13,Social benefits other than social transfers in kind,_T,Total,PT_B1GQ,Percentage of GDP,NAAG_VI,Part VI: General Government,2016,,9.97770959277426,,N,Neither seasonally adjusted nor calendar adjusted,_Z,Not applicable,S13,General government,_Z,Not applicable,N,Non-consolidated,D,Expenditure,D62,Social benefits other than social transfers in kind,_Z,Not applicable,,,,,,,,,,,V,Current prices,N,Non transformed data,,,,,,,F,Free (free for publication),2,Two,A,Normal value,0,Units,_Z,Not applicable
DATAFLOW,OECD.SDD.NAD:DSD_NAAG_VI@DF_NAAG_EXP(1.0),NAAG Chapter 6: Government,I,A,Annual,CAN,Canada,D62S13,Social benefits other than social transfers in kind,_T,Total,PT_B1GQ,Percentage of GDP,NAAG_VI,Part VI: General Government,2015,,9.6284190287479,,N,Neither seasonally adjusted nor calendar adjusted,_Z,Not applicable,S13,General government,_Z,Not applicable,N,Non-consolidated,D,Expenditure,D62,Social benefits other than social transfers in kind,_Z,Not applicable,,,,,,,,,,,V,Current prices,N,Non transformed data,,,,,,,F,Free (free for publication),2,Two,A,Normal value,0,Units,_Z,Not applicable
DATAFLOW,OECD.SDD.NAD:DSD_NAAG_VI@DF_NAAG_EXP(1.0),NAAG Chapter 6: Government,I,A,Annual,CAN,Canada,D62S13,Social benefits other than social transfers in kind,_T,Total,PT_B1GQ,Percentage of GDP,NAAG_VI,Part VI: General Government,2014,,8.96256349948719,,N,Neither seasonally adjusted nor calendar adjusted,_Z,Not applicable,S13,General government,_Z,Not applicable,N,Non-consolidated,D,Expenditure,D62,Social benefits other than social transfers in kind,_Z,Not applicable,,,,,,,,,,,V,Current prices,N,Non transformed data,,,,,,,F,Free (free for publication),2,Two,A,Normal value,0,Units,_Z,Not applicable
DATAFLOW,OECD.SDD.NAD:DSD_NAAG_VI@DF_NAAG_EXP(1.0),NAAG Chapter 6: Government,I,A,Annual,CAN,Canada,D62S13,Social benefits other than social transfers in kind,_T,Total,PT_B1GQ,Percentage of GDP,NAAG_VI,Part VI: General Government,2013,,9.21441852714185,,N,Neither seasonally adjusted nor calendar adjusted,_Z,Not applicable,S13,General government,_Z,Not applicable,N,Non-consolidated,D,Expenditure,D62,Social benefits other than social transfers in kind,_Z,Not applicable,,,,,,,,,,,V,Current prices,N,Non transformed data,,,,,,,F,Free (free for publication),2,Two,A,Normal value,0,Units,_Z,Not applicable
DATAFLOW,OECD.SDD.NAD:DSD_NAAG_VI@DF_NAAG_EXP(1.0),NAAG Chapter 6: Government,I,A,Annual,CAN,Canada,D62S13,Social benefits other than social transfers in kind,_T,Total,PT_B1GQ,Percentage of GDP,NAAG_VI,Part VI: General Government,2012,,9.17293718643981,,N,Neither seasonally adjusted nor calendar adjusted,_Z,Not applicable,S13,General government,_Z,Not applicable,N,Non-consolidated,D,Expenditure,D62,Social benefits other than social transfers in kind,_Z,Not applicable,,,,,,,,,,,V,Current prices,N,Non transformed data,,,,,,,F,Free (free for publication),2,Two,A,Normal value,0,Units,_Z,Not applicable
DATAFLOW,OECD.SDD.NAD:DSD_NAAG_VI@DF_NAAG_EXP(1.0),NAAG Chapter 6: Government,I,A,Annual,CAN,Canada,D62S13,Social benefits other than social transfers in kind,_T,Total,PT_B1GQ,Percentage of GDP,NAAG_VI,Part VI: General Government,2011,,9.26038139570015,,N,Neither seasonally adjusted nor calendar adjusted,_Z,Not applicable,S13,General government,_Z,Not applicable,N,Non-consolidated,D,Expenditure,D62,Social benefits other than social transfers in kind,_Z,Not applicable,,,,,,,,,,,V,Current prices,N,Non transformed data,,,,,,,F,Free (free for publication),2,Two,A,Normal value,0,Units,_Z,Not applicable
DATAFLOW,OECD.SDD.NAD:DSD_NAAG_VI@DF_NAAG_EXP(1.0),NAAG Chapter 6: Government,I,A,Annual,CAN,Canada,D62S13,Social benefits other than social transfers in kind,_T,Total,PT_B1GQ,Percentage of GDP,NAAG_VI,Part VI: General Government,2010,,9.70062087046712,,N,Neither seasonally adjusted nor calendar adjusted,_Z,Not applicable,S13,General government,_Z,Not applicable,N,Non-consolidated,D,Expenditure,D62,Social benefits other than social transfers in kind,_Z,Not applicable,,,,,,,,,,,V,Current prices,N,Non transformed data,,,,,,,F,Free (free for publication),2,Two,A,Normal value,0,Units,_Z,Not applicable
DATAFLOW,OECD.SDD.NAD:DSD_NAAG_VI@DF_NAAG_EXP(1.0),NAAG Chapter 6: Government,I,A,Annual,CAN,Canada,D62S13,Social benefits other than social transfers in kind,_T,Total,PT_B1GQ,Percentage of GDP,NAAG_VI,Part VI: General Government,2009,,9.78487068949059,,N,Neither seasonally adjusted nor calendar adjusted,_Z,Not applicable,S13,General government,_Z,Not applicable,N,Non-consolidated,D,Expenditure,D62,Social benefits other than social transfers in kind,_Z,Not applicable,,,,,,,,,,,V,Current prices,N,Non transformed data,,,,,,,F,Free (free for publication),2,Two,A,Normal value,0,Units,_Z,Not applicable
DATAFLOW,OECD.SDD.NAD:DSD_NAAG_VI@DF_NAAG_EXP(1.0),NAAG Chapter 6: Government,I,A,Annual,CAN,Canada,D62S13,Social benefits other than social transfers in kind,_T,Total,PT_B1GQ,Percentage of GDP,NAAG_VI,Part VI: General Government,2008,,8.61577957334791,,N,Neither seasonally adjusted nor calendar adjusted,_Z,Not applicable,S13,General government,_Z,Not applicable,N,Non-consolidated,D,Expenditure,D62,Social benefits other than social transfers in kind,_Z,Not applicable,,,,,,,,,,,V,Current prices,N,Non transformed data,,,,,,,F,Free (free for publication),2,Two,A,Normal value,0,Units,_Z,Not applicable
DATAFLOW,OECD.SDD.NAD:DSD_NAAG_VI@DF_NAAG_EXP(1.0),NAAG Chapter 6: Government,I,A,Annual,CAN,Canada,D62S13,Social benefits other than social transfers in kind,_T,Total,PT_B1GQ,Percentage of GDP,NAAG_VI,Part VI: General Government,2007,,8.51044679433668,,N,Neither seasonally adjusted nor calendar adjusted,_Z,Not applicable,S13,General government,_Z,Not applicable,N,Non-consolidated,D,Expenditure,D62,Social benefits other than social transfers in kind,_Z,Not applicable,,,,,,,,,,,V,Current prices,N,Non transformed data,,,,,,,F,Free (free for publication),2,Two,A,Normal value,0,Units,_Z,Not applicable
DATAFLOW,OECD.SDD.NAD:DSD_NAAG_VI@DF_NAAG_EXP(1.0),NAAG Chapter 6: Government,I,A,Annual,CAN,Canada,D62S13,Social benefits other than social transfers in kind,_T,Total,PT_B1GQ,Percentage of GDP,NAAG_VI,Part VI: General Government,2006,,8.44091022073975,,N,Neither seasonally adjusted nor calendar adjusted,_Z,Not applicable,S13,General government,_Z,Not applicable,N,Non-consolidated,D,Expenditure,D62,Social benefits other than social transfers in kind,_Z,Not applicable,,,,,,,,,,,V,Current prices,N,Non transformed data,,,,,,,F,Free (free for publication),2,Two,A,Normal value,0,Units,_Z,Not applicable
DATAFLOW,OECD.SDD.NAD:DSD_NAAG_VI@DF_NAAG_EXP(1.0),NAAG Chapter 6: Government,I,A,Annual,CAN,Canada,D62S13,Social benefits other than social transfers in kind,_T,Total,PT_B1GQ,Percentage of GDP,NAAG_VI,Part VI: General Government,2024,,10.6122938390046,,N,Neither seasonally adjusted nor calendar adjusted,_Z,Not applicable,S13,General government,_Z,Not applicable,N,Non-consolidated,D,Expenditure,D62,Social benefits other than social transfers in kind,_Z,Not applicable,,,,,,,,,,,V,Current prices,N,Non transformed data,,,,,,,F,Free (free for publication),2,Two,A,Normal value,0,Units,_Z,Not applicable
DATAFLOW,OECD.SDD.NAD:DSD_NAAG_VI@DF_NAAG_EXP(1.0),NAAG Chapter 6: Government,I,A,Annual,CAN,Canada,D62S13,Social benefits other than social transfers in kind,_T,Total,PT_B1GQ,Percentage of GDP,NAAG_VI,Part VI: General Government,2023,,10.2261905167683,,N,Neither seasonally adjusted nor calendar adjusted,_Z,Not applicable,S13,General government,_Z,Not applicable,N,Non-consolidated,D,Expenditure,D62,Social benefits other than social transfers in kind,_Z,Not applicable,,,,,,,,,,,V,Current prices,N,Non transformed data,,,,,,,F,Free (free for publication),2,Two,A,Normal value,0,Units,_Z,Not applicable
DATAFLOW,OECD.SDD.NAD:DSD_NAAG_VI@DF_NAAG_EXP(1.0),NAAG Chapter 6: Government,I,A,Annual,CHE,Switzerland,D62S13,Social benefits other than social transfers in kind,_T,Total,PT_B1GQ,Percentage of GDP,NAAG_VI,Part VI: General Government,2021,,11.0924918364262,,N,Neither seasonally adjusted nor calendar adjusted,_Z,Not applicable,S13,General government,_Z,Not applicable,N,Non-consolidated,D,Expenditure,D62,Social benefits other than social transfers in kind,_Z,Not applicable,,,,,,,,,,,V,Current prices,N,Non transformed data,,,,,,,F,Free (free for publication),2,Two,A,Normal value,0,Units,_Z,Not applicable
DATAFLOW,OECD.SDD.NAD:DSD_NAAG_VI@DF_NAAG_EXP(1.0),NAAG Chapter 6: Government,I,A,Annual,CHE,Switzerland,D62S13,Social benefits other than social transfers in kind,_T,Total,PT_B1GQ,Percentage of GDP,NAAG_VI,Part VI: General Government,2020,,12.585312680907,,N,Neither seasonally adjusted nor calendar adjusted,_Z,Not applicable,S13,General government,_Z,Not applicable,N,Non-consolidated,D,Expenditure,D62,Social benefits other than social transfers in kind,_Z,Not applicable,,,,,,,,,,,V,Current prices,N,Non transformed data,,,,,,,F,Free (free for publication),2,Two,A,Normal value,0,Units,_Z,Not applicable
DATAFLOW,OECD.SDD.NAD:DSD_NAAG_VI@DF_NAAG_EXP(1.0),NAAG Chapter 6: Government,I,A,Annual,CHE,Switzerland,D62S13,Social benefits other than social transfers in kind,_T,Total,PT_B1GQ,Percentage of GDP,NAAG_VI,Part VI: General Government,2005,,10.1940235650792,,N,Neither seasonally adjusted nor calendar adjusted,_Z,Not applicable,S13,General government,_Z,Not applicable,N,Non-consolidated,D,Expenditure,D62,Social benefits other than social transfers in kind,_Z,Not applicable,,,,,,,,,,,V,Current prices,N,Non transformed data,,,,,,,F,Free (free for publication),2,Two,A,Normal value,0,Units,_Z,Not applicable
DATAFLOW,OECD.SDD.NAD:DSD_NAAG_VI@DF_NAAG_EXP(1.0),NAAG Chapter 6: Government,I,A,Annual,CHE,Switzerland,D62S13,Social benefits other than social transfers in kind,_T,Total,PT_B1GQ,Percentage of GDP,NAAG_VI,Part VI: General Government,2004,,10.3146207401629,,N,Neither seasonally adjusted nor calendar adjusted,_Z,Not applicable,S13,General government,_Z,Not applicable,N,Non-consolidated,D,Expenditure,D62,Social benefits other than social transfers in kind,_Z,Not applicable,,,,,,,,,,,V,Current prices,N,Non transformed data,,,,,,,F,Free (free for publication),2,Two,A,Normal value,0,Units,_Z,Not applicable
DATAFLOW,OECD.SDD.NAD:DSD_NAAG_VI@DF_NAAG_EXP(1.0),NAAG Chapter 6: Government,I,A,Annual,CHE,Switzerland,D62S13,Social benefits other than social transfers in kind,_T,Total,PT_B1GQ,Percentage of GDP,NAAG_VI,Part VI: General Government,2003,,10.3986509684869,,N,Neither seasonally adjusted nor calendar adjusted,_Z,Not applicable,S13,General government,_Z,Not applicable,N,Non-consolidated,D,Expenditure,D62,Social benefits other than social transfers in kind,_Z,Not applicable,,,,,,,,,,,V,Current prices,N,Non transformed data,,,,,,,F,Free (free for publication),2,Two,A,Normal value,0,Units,_Z,Not applicable
DATAFLOW,OECD.SDD.NAD:DSD_NAAG_VI@DF_NAAG_EXP(1.0),NAAG Chapter 6: Government,I,A,Annual,CHE,Switzerland,D62S13,Social benefits other than social transfers in kind,_T,Total,PT_B1GQ,Percentage of GDP,NAAG_VI,Part VI: General Government,2002,,9.91366119314704,,N,Neither seasonally adjusted nor calendar adjusted,_Z,Not applicable,S13,General government,_Z,Not applicable,N,Non-consolidated,D,Expenditure,D62,Social benefits other than social transfers in kind,_Z,Not applicable,,,,,,,,,,,V,Current prices,N,Non transformed data,,,,,,,F,Free (free for publication),2,Two,A,Normal value,0,Units,_Z,Not applicable
DATAFLOW,OECD.SDD.NAD:DSD_NAAG_VI@DF_NAAG_EXP(1.0),NAAG Chapter 6: Government,I,A,Annual,CHE,Switzerland,D62S13,Social benefits other than social transfers in kind,_T,Total,PT_B1GQ,Percentage of GDP,NAAG_VI,Part VI: General Government,2001,,9.39657381184595,,N,Neither seasonally adjusted nor calendar adjusted,_Z,Not applicable,S13,General government,_Z,Not applicable,N,Non-consolidated,D,Expenditure,D62,Social benefits other than social transfers in kind,_Z,Not applicable,,,,,,,,,,,V,Current prices,N,Non transformed data,,,,,,,F,Free (free for publication),2,Two,A,Normal value,0,Units,_Z,Not applicable
DATAFLOW,OECD.SDD.NAD:DSD_NAAG_VI@DF_NAAG_EXP(1.0),NAAG Chapter 6: Government,I,A,Annual,CHE,Switzerland,D62S13,Social benefits other than social transfers in kind,_T,Total,PT_B1GQ,Percentage of GDP,NAAG_VI,Part VI: General Government,2000,,9.19938848806765,,N,Neither seasonally adjusted nor calendar adjusted,_Z,Not applicable,S13,General government,_Z,Not applicable,N,Non-consolidated,D,Expenditure,D62,Social benefits other than social transfers in kind,_Z,Not applicable,,,,,,,,,,,V,Current prices,N,Non transformed data,,,,,,,F,Free (free for publication),2,Two,A,Normal value,0,Units,_Z,Not applicable
DATAFLOW,OECD.SDD.NAD:DSD_NAAG_VI@DF_NAAG_EXP(1.0),NAAG Chapter 6: Government,I,A,Annual,CHE,Switzerland,D62S13,Social benefits other than social transfers in kind,_T,Total,PT_B1GQ,Percentage of GDP,NAAG_VI,Part VI: General Government,2019,,9.97203724830784,,N,Neither seasonally adjusted nor calendar adjusted,_Z,Not applicable,S13,General government,_Z,Not applicable,N,Non-consolidated,D,Expenditure,D62,Social benefits other than social transfers in kind,_Z,Not applicable,,,,,,,,,,,V,Current prices,N,Non transformed data,,,,,,,F,Free (free for publication),2,Two,A,Normal value,0,Units,_Z,Not applicable
DATAFLOW,OECD.SDD.NAD:DSD_NAAG_VI@DF_NAAG_EXP(1.0),NAAG Chapter 6: Government,I,A,Annual,CHE,Switzerland,D62S13,Social benefits other than social transfers in kind,_T,Total,PT_B1GQ,Percentage of GDP,NAAG_VI,Part VI: General Government,2018,,9.88821260711055,,N,Neither seasonally adjusted nor calendar adjusted,_Z,Not applicable,S13,General government,_Z,Not applicable,N,Non-consolidated,D,Expenditure,D62,Social benefits other than social transfers in kind,_Z,Not applicable,,,,,,,,,,,V,Current prices,N,Non transformed data,,,,,,,F,Free (free for publication),2,Two,A,Normal value,0,Units,_Z,Not applicable
DATAFLOW,OECD.SDD.NAD:DSD_NAAG_VI@DF_NAAG_EXP(1.0),NAAG Chapter 6: Government,I,A,Annual,CHE,Switzerland,D62S13,Social benefits other than social transfers in kind,_T,Total,PT_B1GQ,Percentage of GDP,NAAG_VI,Part VI: General Government,2017,,10.157496152803,,N,Neither seasonally adjusted nor calendar adjusted,_Z,Not applicable,S13,General government,_Z,Not applicable,N,Non-consolidated,D,Expenditure,D62,Social benefits other than social transfers in kind,_Z,Not applicable,,,,,,,,,,,V,Current prices,N,Non transformed data,,,,,,,F,Free (free for publication),2,Two,A,Normal value,0,Units,_Z,Not applicable
DATAFLOW,OECD.SDD.NAD:DSD_NAAG_VI@DF_NAAG_EXP(1.0),NAAG Chapter 6: Government,I,A,Annual,CHE,Switzerland,D62S13,Social benefits other than social transfers in kind,_T,Total,PT_B1GQ,Percentage of GDP,NAAG_VI,Part VI: General Government,2016,,10.1474469870148,,N,Neither seasonally adjusted nor calendar adjusted,_Z,Not applicable,S13,General government,_Z,Not applicable,N,Non-consolidated,D,Expenditure,D62,Social benefits other than social transfers in kind,_Z,Not applicable,,,,,,,,,,,V,Current prices,N,Non transformed data,,,,,,,F,Free (free for publication),2,Two,A,Normal value,0,Units,_Z,Not applicable
DATAFLOW,OECD.SDD.NAD:DSD_NAAG_VI@DF_NAAG_EXP(1.0),NAAG Chapter 6: Government,I,A,Annual,CHE,Switzerland,D62S13,Social benefits other than social transfers in kind,_T,Total,PT_B1GQ,Percentage of GDP,NAAG_VI,Part VI: General Government,2015,,10.0338412680167,,N,Neither seasonally adjusted nor calendar adjusted,_Z,Not applicable,S13,General government,_Z,Not applicable,N,Non-consolidated,D,Expenditure,D62,Social benefits other than social transfers in kind,_Z,Not applicable,,,,,,,,,,,V,Current prices,N,Non transformed data,,,,,,,F,Free (free for publication),2,Two,A,Normal value,0,Units,_Z,Not applicable
DATAFLOW,OECD.SDD.NAD:DSD_NAAG_VI@DF_NAAG_EXP(1.0),NAAG Chapter 6: Government,I,A,Annual,CHE,Switzerland,D62S13,Social benefits other than social transfers in kind,_T,Total,PT_B1GQ,Percentage of GDP,NAAG_VI,Part VI: General Government,2014,,9.9217663649398,,N,Neither seasonally adjusted nor calendar adjusted,_Z,Not applicable,S13,General government,_Z,Not applicable,N,Non-consolidated,D,Expenditure,D62,Social benefits other than social transfers in kind,_Z,Not applicable,,,,,,,,,,,V,Current prices,N,Non transformed data,,,,,,,F,Free (free for publication),2,Two,A,Normal value,0,Units,_Z,Not applicable
DATAFLOW,OECD.SDD.NAD:DSD_NAAG_VI@DF_NAAG_EXP(1.0),NAAG Chapter 6: Government,I,A,Annual,CHE,Switzerland,D62S13,Social benefits other than social transfers in kind,_T,Total,PT_B1GQ,Percentage of GDP,NAAG_VI,Part VI: General Government,2013,,9.91280832178383,,N,Neither seasonally adjusted nor calendar adjusted,_Z,Not applicable,S13,General government,_Z,Not applicable,N,Non-consolidated,D,Expenditure,D62,Social benefits other than social transfers in kind,_Z,Not applicable,,,,,,,,,,,V,Current prices,N,Non transformed data,,,,,,,F,Free (free for publication),2,Two,A,Normal value,0,Units,_Z,Not applicable
DATAFLOW,OECD.SDD.NAD:DSD_NAAG_VI@DF_NAAG_EXP(1.0),NAAG Chapter 6: Government,I,A,Annual,CHE,Switzerland,D62S13,Social benefits other than social transfers in kind,_T,Total,PT_B1GQ,Percentage of GDP,NAAG_VI,Part VI: General Government,2012,,9.77402798455688,,N,Neither seasonally adjusted nor calendar adjusted,_Z,Not applicable,S13,General government,_Z,Not applicable,N,Non-consolidated,D,Expenditure,D62,Social benefits other than social transfers in kind,_Z,Not applicable,,,,,,,,,,,V,Current prices,N,Non transformed data,,,,,,,F,Free (free for publication),2,Two,A,Normal value,0,Units,_Z,Not applicable
DATAFLOW,OECD.SDD.NAD:DSD_NAAG_VI@DF_NAAG_EXP(1.0),NAAG Chapter 6: Government,I,A,Annual,CHE,Switzerland,D62S13,Social benefits other than social transfers in kind,_T,Total,PT_B1GQ,Percentage of GDP,NAAG_VI,Part VI: General Government,2011,,9.7016581988586,,N,Neither seasonally adjusted nor calendar adjusted,_Z,Not applicable,S13,General government,_Z,Not applicable,N,Non-consolidated,D,Expenditure,D62,Social benefits other than social transfers in kind,_Z,Not applicable,,,,,,,,,,,V,Current prices,N,Non transformed data,,,,,,,F,Free (free for publication),2,Two,A,Normal value,0,Units,_Z,Not applicable
DATAFLOW,OECD.SDD.NAD:DSD_NAAG_VI@DF_NAAG_EXP(1.0),NAAG Chapter 6: Government,I,A,Annual,CHE,Switzerland,D62S13,Social benefits other than social transfers in kind,_T,Total,PT_B1GQ,Percentage of GDP,NAAG_VI,Part VI: General Government,2010,,9.85009700303982,,N,Neither seasonally adjusted nor calendar adjusted,_Z,Not applicable,S13,General government,_Z,Not applicable,N,Non-consolidated,D,Expenditure,D62,Social benefits other than social transfers in kind,_Z,Not applicable,,,,,,,,,,,V,Current prices,N,Non transformed data,,,,,,,F,Free (free for publication),2,Two,A,Normal value,0,Units,_Z,Not applicable
DATAFLOW,OECD.SDD.NAD:DSD_NAAG_VI@DF_NAAG_EXP(1.0),NAAG Chapter 6: Government,I,A,Annual,CHE,Switzerland,D62S13,Social benefits other than social transfers in kind,_T,Total,PT_B1GQ,Percentage of GDP,NAAG_VI,Part VI: General Government,2009,,9.92076676604924,,N,Neither seasonally adjusted nor calendar adjusted,_Z,Not applicable,S13,General government,_Z,Not applicable,N,Non-consolidated,D,Expenditure,D62,Social benefits other than social transfers in kind,_Z,Not applicable,,,,,,,,,,,V,Current prices,N,Non transformed data,,,,,,,F,Free (free for publication),2,Two,A,Normal value,0,Units,_Z,Not applicable
DATAFLOW,OECD.SDD.NAD:DSD_NAAG_VI@DF_NAAG_EXP(1.0),NAAG Chapter 6: Government,I,A,Annual,CHE,Switzerland,D62S13,Social benefits other than social transfers in kind,_T,Total,PT_B1GQ,Percentage of GDP,NAAG_VI,Part VI: General Government,2008,,8.91793808554775,,N,Neither seasonally adjusted nor calendar adjusted,_Z,Not applicable,S13,General government,_Z,Not applicable,N,Non-consolidated,D,Expenditure,D62,Social benefits other than social transfers in kind,_Z,Not applicable,,,,,,,,,,,V,Current prices,N,Non transformed data,,,,,,,F,Free (free for publication),2,Two,A,Normal value,0,Units,_Z,Not applicable
DATAFLOW,OECD.SDD.NAD:DSD_NAAG_VI@DF_NAAG_EXP(1.0),NAAG Chapter 6: Government,I,A,Annual,CHE,Switzerland,D62S13,Social benefits other than social transfers in kind,_T,Total,PT_B1GQ,Percentage of GDP,NAAG_VI,Part VI: General Government,2007,,9.20725968101691,,N,Neither seasonally adjusted nor calendar adjusted,_Z,Not applicable,S13,General government,_Z,Not applicable,N,Non-consolidated,D,Expenditure,D62,Social benefits other than social transfers in kind,_Z,Not applicable,,,,,,,,,,,V,Current prices,N,Non transformed data,,,,,,,F,Free (free for publication),2,Two,A,Normal value,0,Units,_Z,Not applicable
DATAFLOW,OECD.SDD.NAD:DSD_NAAG_VI@DF_NAAG_EXP(1.0),NAAG Chapter 6: Government,I,A,Annual,CHE,Switzerland,D62S13,Social benefits other than social transfers in kind,_T,Total,PT_B1GQ,Percentage of GDP,NAAG_VI,Part VI: General Government,2006,,9.58469105033838,,N,Neither seasonally adjusted nor calendar adjusted,_Z,Not applicable,S13,General government,_Z,Not applicable,N,Non-consolidated,D,Expenditure,D62,Social benefits other than social transfers in kind,_Z,Not applicable,,,,,,,,,,,V,Current prices,N,Non transformed data,,,,,,,F,Free (free for publication),2,Two,A,Normal value,0,Units,_Z,Not applicable
DATAFLOW,OECD.SDD.NAD:DSD_NAAG_VI@DF_NAAG_EXP(1.0),NAAG Chapter 6: Government,I,A,Annual,CHE,Switzerland,D62S13,Social benefits other than social transfers in kind,_T,Total,PT_B1GQ,Percentage of GDP,NAAG_VI,Part VI: General Government,2023,,9.72034756368107,,N,Neither seasonally adjusted nor calendar adjusted,_Z,Not applicable,S13,General government,_Z,Not applicable,N,Non-consolidated,D,Expenditure,D62,Social benefits other than social transfers in kind,_Z,Not applicable,,,,,,,,,,,V,Current prices,N,Non transformed data,,,,,,,F,Free (free for publication),2,Two,A,Normal value,0,Units,_Z,Not applicable
DATAFLOW,OECD.SDD.NAD:DSD_NAAG_VI@DF_NAAG_EXP(1.0),NAAG Chapter 6: Government,I,A,Annual,ISL,Iceland,D62S13,Social benefits other than social transfers in kind,_T,Total,PT_B1GQ,Percentage of GDP,NAAG_VI,Part VI: General Government,2021,,9.36130457464602,,N,Neither seasonally adjusted nor calendar adjusted,_Z,Not applicable,S13,General government,_Z,Not applicable,N,Non-consolidated,D,Expenditure,D62,Social benefits other than social transfers in kind,_Z,Not applicable,,,,,,,,,,,V,Current prices,N,Non transformed data,,,,,,,F,Free (free for publication),2,Two,A,Normal value,0,Units,_Z,Not applicable
DATAFLOW,OECD.SDD.NAD:DSD_NAAG_VI@DF_NAAG_EXP(1.0),NAAG Chapter 6: Government,I,A,Annual,ISL,Iceland,D62S13,Social benefits other than social transfers in kind,_T,Total,PT_B1GQ,Percentage of GDP,NAAG_VI,Part VI: General Government,2020,,10.0568582328281,,N,Neither seasonally adjusted nor calendar adjusted,_Z,Not applicable,S13,General government,_Z,Not applicable,N,Non-consolidated,D,Expenditure,D62,Social benefits other than social transfers in kind,_Z,Not applicable,,,,,,,,,,,V,Current prices,N,Non transformed data,,,,,,,F,Free (free for publication),2,Two,A,Normal value,0,Units,_Z,Not applicable
DATAFLOW,OECD.SDD.NAD:DSD_NAAG_VI@DF_NAAG_EXP(1.0),NAAG Chapter 6: Government,I,A,Annual,ISL,Iceland,D62S13,Social benefits other than social transfers in kind,_T,Total,PT_B1GQ,Percentage of GDP,NAAG_VI,Part VI: General Government,2005,,5.99620361951562,,N,Neither seasonally adjusted nor calendar adjusted,_Z,Not applicable,S13,General government,_Z,Not applicable,N,Non-consolidated,D,Expenditure,D62,Social benefits other than social transfers in kind,_Z,Not applicable,,,,,,,,,,,V,Current prices,N,Non transformed data,,,,,,,F,Free (free for publication),2,Two,A,Normal value,0,Units,_Z,Not applicable
DATAFLOW,OECD.SDD.NAD:DSD_NAAG_VI@DF_NAAG_EXP(1.0),NAAG Chapter 6: Government,I,A,Annual,ISL,Iceland,D62S13,Social benefits other than social transfers in kind,_T,Total,PT_B1GQ,Percentage of GDP,NAAG_VI,Part VI: General Government,2004,,6.54229123668532,,N,Neither seasonally adjusted nor calendar adjusted,_Z,Not applicable,S13,General government,_Z,Not applicable,N,Non-consolidated,D,Expenditure,D62,Social benefits other than social transfers in kind,_Z,Not applicable,,,,,,,,,,,V,Current prices,N,Non transformed data,,,,,,,F,Free (free for publication),2,Two,A,Normal value,0,Units,_Z,Not applicable
DATAFLOW,OECD.SDD.NAD:DSD_NAAG_VI@DF_NAAG_EXP(1.0),NAAG Chapter 6: Government,I,A,Annual,ISL,Iceland,D62S13,Social benefits other than social transfers in kind,_T,Total,PT_B1GQ,Percentage of GDP,NAAG_VI,Part VI: General Government,2003,,6.85135839705867,,N,Neither seasonally adjusted nor calendar adjusted,_Z,Not applicable,S13,General government,_Z,Not applicable,N,Non-consolidated,D,Expenditure,D62,Social benefits other than social transfers in kind,_Z,Not applicable,,,,,,,,,,,V,Current prices,N,Non transformed data,,,,,,,F,Free (free for publication),2,Two,A,Normal value,0,Units,_Z,Not applicable
DATAFLOW,OECD.SDD.NAD:DSD_NAAG_VI@DF_NAAG_EXP(1.0),NAAG Chapter 6: Government,I,A,Annual,ISL,Iceland,D62S13,Social benefits other than social transfers in kind,_T,Total,PT_B1GQ,Percentage of GDP,NAAG_VI,Part VI: General Government,2002,,5.99143045680689,,N,Neither seasonally adjusted nor calendar adjusted,_Z,Not applicable,S13,General government,_Z,Not applicable,N,Non-consolidated,D,Expenditure,D62,Social benefits other than social transfers in kind,_Z,Not applicable,,,,,,,,,,,V,Current prices,N,Non transformed data,,,,,,,F,Free (free for publication),2,Two,A,Normal value,0,Units,_Z,Not applicable
DATAFLOW,OECD.SDD.NAD:DSD_NAAG_VI@DF_NAAG_EXP(1.0),NAAG Chapter 6: Government,I,A,Annual,ISL,Iceland,D62S13,Social benefits other than social transfers in kind,_T,Total,PT_B1GQ,Percentage of GDP,NAAG_VI,Part VI: General Government,2001,,5.34354323689055,,N,Neither seasonally adjusted nor calendar adjusted,_Z,Not applicable,S13,General government,_Z,Not applicable,N,Non-consolidated,D,Expenditure,D62,Social benefits other than social transfers in kind,_Z,Not applicable,,,,,,,,,,,V,Current prices,N,Non transformed data,,,,,,,F,Free (free for publication),2,Two,A,Normal value,0,Units,_Z,Not applicable
DATAFLOW,OECD.SDD.NAD:DSD_NAAG_VI@DF_NAAG_EXP(1.0),NAAG Chapter 6: Government,I,A,Annual,ISL,Iceland,D62S13,Social benefits other than social transfers in kind,_T,Total,PT_B1GQ,Percentage of GDP,NAAG_VI,Part VI: General Government,2000,,5.39520675234454,,N,Neither seasonally adjusted nor calendar adjusted,_Z,Not applicable,S13,General government,_Z,Not applicable,N,Non-consolidated,D,Expenditure,D62,Social benefits other than social transfers in kind,_Z,Not applicable,,,,,,,,,,,V,Current prices,N,Non transformed data,,,,,,,F,Free (free for publication),2,Two,A,Normal value,0,Units,_Z,Not applicable
DATAFLOW,OECD.SDD.NAD:DSD_NAAG_VI@DF_NAAG_EXP(1.0),NAAG Chapter 6: Government,I,A,Annual,ISL,Iceland,D62S13,Social benefits other than social transfers in kind,_T,Total,PT_B1GQ,Percentage of GDP,NAAG_VI,Part VI: General Government,2019,,7.34823721527983,,N,Neither seasonally adjusted nor calendar adjusted,_Z,Not applicable,S13,General government,_Z,Not applicable,N,Non-consolidated,D,Expenditure,D62,Social benefits other than social transfers in kind,_Z,Not applicable,,,,,,,,,,,V,Current prices,N,Non transformed data,,,,,,,F,Free (free for publication),2,Two,A,Normal value,0,Units,_Z,Not applicable
DATAFLOW,OECD.SDD.NAD:DSD_NAAG_VI@DF_NAAG_EXP(1.0),NAAG Chapter 6: Government,I,A,Annual,ISL,Iceland,D62S13,Social benefits other than social transfers in kind,_T,Total,PT_B1GQ,Percentage of GDP,NAAG_VI,Part VI: General Government,2018,,6.62750251739352,,N,Neither seasonally adjusted nor calendar adjusted,_Z,Not applicable,S13,General government,_Z,Not applicable,N,Non-consolidated,D,Expenditure,D62,Social benefits other than social transfers in kind,_Z,Not applicable,,,,,,,,,,,V,Current prices,N,Non transformed data,,,,,,,F,Free (free for publication),2,Two,A,Normal value,0,Units,_Z,Not applicable
DATAFLOW,OECD.SDD.NAD:DSD_NAAG_VI@DF_NAAG_EXP(1.0),NAAG Chapter 6: Government,I,A,Annual,ISL,Iceland,D62S13,Social benefits other than social transfers in kind,_T,Total,PT_B1GQ,Percentage of GDP,NAAG_VI,Part VI: General Government,2017,,6.48622381092229,,N,Neither seasonally adjusted nor calendar adjusted,_Z,Not applicable,S13,General government,_Z,Not applicable,N,Non-consolidated,D,Expenditure,D62,Social benefits other than social transfers in kind,_Z,Not applicable,,,,,,,,,,,V,Current prices,N,Non transformed data,,,,,,,F,Free (free for publication),2,Two,A,Normal value,0,Units,_Z,Not applicable
DATAFLOW,OECD.SDD.NAD:DSD_NAAG_VI@DF_NAAG_EXP(1.0),NAAG Chapter 6: Government,I,A,Annual,ISL,Iceland,D62S13,Social benefits other than social transfers in kind,_T,Total,PT_B1GQ,Percentage of GDP,NAAG_VI,Part VI: General Government,2016,,5.88108184866674,,N,Neither seasonally adjusted nor calendar adjusted,_Z,Not applicable,S13,General government,_Z,Not applicable,N,Non-consolidated,D,Expenditure,D62,Social benefits other than social transfers in kind,_Z,Not applicable,,,,,,,,,,,V,Current prices,N,Non transformed data,,,,,,,F,Free (free for publication),2,Two,A,Normal value,0,Units,_Z,Not applicable
DATAFLOW,OECD.SDD.NAD:DSD_NAAG_VI@DF_NAAG_EXP(1.0),NAAG Chapter 6: Government,I,A,Annual,ISL,Iceland,D62S13,Social benefits other than social transfers in kind,_T,Total,PT_B1GQ,Percentage of GDP,NAAG_VI,Part VI: General Government,2015,,6.1303475205712,,N,Neither seasonally adjusted nor calendar adjusted,_Z,Not applicable,S13,General government,_Z,Not applicable,N,Non-consolidated,D,Expenditure,D62,Social benefits other than social transfers in kind,_Z,Not applicable,,,,,,,,,,,V,Current prices,N,Non transformed data,,,,,,,F,Free (free for publication),2,Two,A,Normal value,0,Units,_Z,Not applicable
DATAFLOW,OECD.SDD.NAD:DSD_NAAG_VI@DF_NAAG_EXP(1.0),NAAG Chapter 6: Government,I,A,Annual,ISL,Iceland,D62S13,Social benefits other than social transfers in kind,_T,Total,PT_B1GQ,Percentage of GDP,NAAG_VI,Part VI: General Government,2014,,6.68008523007414,,N,Neither seasonally adjusted nor calendar adjusted,_Z,Not applicable,S13,General government,_Z,Not applicable,N,Non-consolidated,D,Expenditure,D62,Social benefits other than social transfers in kind,_Z,Not applicable,,,,,,,,,,,V,Current prices,N,Non transformed data,,,,,,,F,Free (free for publication),2,Two,A,Normal value,0,Units,_Z,Not applicable
DATAFLOW,OECD.SDD.NAD:DSD_NAAG_VI@DF_NAAG_EXP(1.0),NAAG Chapter 6: Government,I,A,Annual,ISL,Iceland,D62S13,Social benefits other than social transfers in kind,_T,Total,PT_B1GQ,Percentage of GDP,NAAG_VI,Part VI: General Government,2013,,6.77800115630627,,N,Neither seasonally adjusted nor calendar adjusted,_Z,Not applicable,S13,General government,_Z,Not applicable,N,Non-consolidated,D,Expenditure,D62,Social benefits other than social transfers in kind,_Z,Not applicable,,,,,,,,,,,V,Current prices,N,Non transformed data,,,,,,,F,Free (free for publication),2,Two,A,Normal value,0,Units,_Z,Not applicable
DATAFLOW,OECD.SDD.NAD:DSD_NAAG_VI@DF_NAAG_EXP(1.0),NAAG Chapter 6: Government,I,A,Annual,ISL,Iceland,D62S13,Social benefits other than social transfers in kind,_T,Total,PT_B1GQ,Percentage of GDP,NAAG_VI,Part VI: General Government,2012,,7.30768162406847,,N,Neither seasonally adjusted nor calendar adjusted,_Z,Not applicable,S13,General government,_Z,Not applicable,N,Non-consolidated,D,Expenditure,D62,Social benefits other than social transfers in kind,_Z,Not applicable,,,,,,,,,,,V,Current prices,N,Non transformed data,,,,,,,F,Free (free for publication),2,Two,A,Normal value,0,Units,_Z,Not applicable
DATAFLOW,OECD.SDD.NAD:DSD_NAAG_VI@DF_NAAG_EXP(1.0),NAAG Chapter 6: Government,I,A,Annual,ISL,Iceland,D62S13,Social benefits other than social transfers in kind,_T,Total,PT_B1GQ,Percentage of GDP,NAAG_VI,Part VI: General Government,2011,,7.83269806924378,,N,Neither seasonally adjusted nor calendar adjusted,_Z,Not applicable,S13,General government,_Z,Not applicable,N,Non-consolidated,D,Expenditure,D62,Social benefits other than social transfers in kind,_Z,Not applicable,,,,,,,,,,,V,Current prices,N,Non transformed data,,,,,,,F,Free (free for publication),2,Two,A,Normal value,0,Units,_Z,Not applicable
DATAFLOW,OECD.SDD.NAD:DSD_NAAG_VI@DF_NAAG_EXP(1.0),NAAG Chapter 6: Government,I,A,Annual,ISL,Iceland,D62S13,Social benefits other than social transfers in kind,_T,Total,PT_B1GQ,Percentage of GDP,NAAG_VI,Part VI: General Government,2010,,7.19561445370039,,N,Neither seasonally adjusted nor calendar adjusted,_Z,Not applicable,S13,General government,_Z,Not applicable,N,Non-consolidated,D,Expenditure,D62,Social benefits other than social transfers in kind,_Z,Not applicable,,,,,,,,,,,V,Current prices,N,Non transformed data,,,,,,,F,Free (free for publication),2,Two,A,Normal value,0,Units,_Z,Not applicable
DATAFLOW,OECD.SDD.NAD:DSD_NAAG_VI@DF_NAAG_EXP(1.0),NAAG Chapter 6: Government,I,A,Annual,ISL,Iceland,D62S13,Social benefits other than social transfers in kind,_T,Total,PT_B1GQ,Percentage of GDP,NAAG_VI,Part VI: General Government,2009,,7.52360413461964,,N,Neither seasonally adjusted nor calendar adjusted,_Z,Not applicable,S13,General government,_Z,Not applicable,N,Non-consolidated,D,Expenditure,D62,Social benefits other than social transfers in kind,_Z,Not applicable,,,,,,,,,,,V,Current prices,N,Non transformed data,,,,,,,F,Free (free for publication),2,Two,A,Normal value,0,Units,_Z,Not applicable
DATAFLOW,OECD.SDD.NAD:DSD_NAAG_VI@DF_NAAG_EXP(1.0),NAAG Chapter 6: Government,I,A,Annual,ISL,Iceland,D62S13,Social benefits other than social transfers in kind,_T,Total,PT_B1GQ,Percentage of GDP,NAAG_VI,Part VI: General Government,2008,,5.64774033916538,,N,Neither seasonally adjusted nor calendar adjusted,_Z,Not applicable,S13,General government,_Z,Not applicable,N,Non-consolidated,D,Expenditure,D62,Social benefits other than social transfers in kind,_Z,Not applicable,,,,,,,,,,,V,Current prices,N,Non transformed data,,,,,,,F,Free (free for publication),2,Two,A,Normal value,0,Units,_Z,Not applicable
DATAFLOW,OECD.SDD.NAD:DSD_NAAG_VI@DF_NAAG_EXP(1.0),NAAG Chapter 6: Government,I,A,Annual,ISL,Iceland,D62S13,Social benefits other than social transfers in kind,_T,Total,PT_B1GQ,Percentage of GDP,NAAG_VI,Part VI: General Government,2007,,5.43476926179535,,N,Neither seasonally adjusted nor calendar adjusted,_Z,Not applicable,S13,General government,_Z,Not applicable,N,Non-consolidated,D,Expenditure,D62,Social benefits other than social transfers in kind,_Z,Not applicable,,,,,,,,,,,V,Current prices,N,Non transformed data,,,,,,,F,Free (free for publication),2,Two,A,Normal value,0,Units,_Z,Not applicable
DATAFLOW,OECD.SDD.NAD:DSD_NAAG_VI@DF_NAAG_EXP(1.0),NAAG Chapter 6: Government,I,A,Annual,ISL,Iceland,D62S13,Social benefits other than social transfers in kind,_T,Total,PT_B1GQ,Percentage of GDP,NAAG_VI,Part VI: General Government,2006,,5.43767046735183,,N,Neither seasonally adjusted nor calendar adjusted,_Z,Not applicable,S13,General government,_Z,Not applicable,N,Non-consolidated,D,Expenditure,D62,Social benefits other than social transfers in kind,_Z,Not applicable,,,,,,,,,,,V,Current prices,N,Non transformed data,,,,,,,F,Free (free for publication),2,Two,A,Normal value,0,Units,_Z,Not applicable
DATAFLOW,OECD.SDD.NAD:DSD_NAAG_VI@DF_NAAG_EXP(1.0),NAAG Chapter 6: Government,I,A,Annual,ISL,Iceland,D62S13,Social benefits other than social transfers in kind,_T,Total,PT_B1GQ,Percentage of GDP,NAAG_VI,Part VI: General Government,2024,,7.02592232839465,,N,Neither seasonally adjusted nor calendar adjusted,_Z,Not applicable,S13,General government,_Z,Not applicable,N,Non-consolidated,D,Expenditure,D62,Social benefits other than social transfers in kind,_Z,Not applicable,,,,,,,,,,,V,Current prices,N,Non transformed data,,,,,,,F,Free (free for publication),2,Two,A,Normal value,0,Units,_Z,Not applicable
DATAFLOW,OECD.SDD.NAD:DSD_NAAG_VI@DF_NAAG_EXP(1.0),NAAG Chapter 6: Government,I,A,Annual,ISL,Iceland,D62S13,Social benefits other than social transfers in kind,_T,Total,PT_B1GQ,Percentage of GDP,NAAG_VI,Part VI: General Government,2023,,6.76904867277193,,N,Neither seasonally adjusted nor calendar adjusted,_Z,Not applicable,S13,General government,_Z,Not applicable,N,Non-consolidated,D,Expenditure,D62,Social benefits other than social transfers in kind,_Z,Not applicable,,,,,,,,,,,V,Current prices,N,Non transformed data,,,,,,,F,Free (free for publication),2,Two,A,Normal value,0,Units,_Z,Not applicable
DATAFLOW,OECD.SDD.NAD:DSD_NAAG_VI@DF_NAAG_EXP(1.0),NAAG Chapter 6: Government,I,A,Annual,KOR,Korea,D62S13,Social benefits other than social transfers in kind,_T,Total,PT_B1GQ,Percentage of GDP,NAAG_VI,Part VI: General Government,2021,,6.11884471258977,,N,Neither seasonally adjusted nor calendar adjusted,_Z,Not applicable,S13,General government,_Z,Not applicable,N,Non-consolidated,D,Expenditure,D62,Social benefits other than social transfers in kind,_Z,Not applicable,,,,,,,,,,,V,Current prices,N,Non transformed data,,,,,,,F,Free (free for publication),2,Two,A,Normal value,0,Units,_Z,Not applicable
DATAFLOW,OECD.SDD.NAD:DSD_NAAG_VI@DF_NAAG_EXP(1.0),NAAG Chapter 6: Government,I,A,Annual,KOR,Korea,D62S13,Social benefits other than social transfers in kind,_T,Total,PT_B1GQ,Percentage of GDP,NAAG_VI,Part VI: General Government,2020,,6.087750274294,,N,Neither seasonally adjusted nor calendar adjusted,_Z,Not applicable,S13,General government,_Z,Not applicable,N,Non-consolidated,D,Expenditure,D62,Social benefits other than social transfers in kind,_Z,Not applicable,,,,,,,,,,,V,Current prices,N,Non transformed data,,,,,,,F,Free (free for publication),2,Two,A,Normal value,0,Units,_Z,Not applicable
DATAFLOW,OECD.SDD.NAD:DSD_NAAG_VI@DF_NAAG_EXP(1.0),NAAG Chapter 6: Government,I,A,Annual,KOR,Korea,D62S13,Social benefits other than social transfers in kind,_T,Total,PT_B1GQ,Percentage of GDP,NAAG_VI,Part VI: General Government,2005,,2.3184553880195,,N,Neither seasonally adjusted nor calendar adjusted,_Z,Not applicable,S13,General government,_Z,Not applicable,N,Non-consolidated,D,Expenditure,D62,Social benefits other than social transfers in kind,_Z,Not applicable,,,,,,,,,,,V,Current prices,N,Non transformed data,,,,,,,F,Free (free for publication),2,Two,A,Normal value,0,Units,_Z,Not applicable
DATAFLOW,OECD.SDD.NAD:DSD_NAAG_VI@DF_NAAG_EXP(1.0),NAAG Chapter 6: Government,I,A,Annual,KOR,Korea,D62S13,Social benefits other than social transfers in kind,_T,Total,PT_B1GQ,Percentage of GDP,NAAG_VI,Part VI: General Government,2004,,2.05003726328112,,N,Neither seasonally adjusted nor calendar adjusted,_Z,Not applicable,S13,General government,_Z,Not applicable,N,Non-consolidated,D,Expenditure,D62,Social benefits other than social transfers in kind,_Z,Not applicable,,,,,,,,,,,V,Current prices,N,Non transformed data,,,,,,,F,Free (free for publication),2,Two,A,Normal value,0,Units,_Z,Not applicable
DATAFLOW,OECD.SDD.NAD:DSD_NAAG_VI@DF_NAAG_EXP(1.0),NAAG Chapter 6: Government,I,A,Annual,KOR,Korea,D62S13,Social benefits other than social transfers in kind,_T,Total,PT_B1GQ,Percentage of GDP,NAAG_VI,Part VI: General Government,2003,,1.92046958071932,,N,Neither seasonally adjusted nor calendar adjusted,_Z,Not applicable,S13,General government,_Z,Not applicable,N,Non-consolidated,D,Expenditure,D62,Social benefits other than social transfers in kind,_Z,Not applicable,,,,,,,,,,,V,Current prices,N,Non transformed data,,,,,,,F,Free (free for publication),2,Two,A,Normal value,0,Units,_Z,Not applicable
DATAFLOW,OECD.SDD.NAD:DSD_NAAG_VI@DF_NAAG_EXP(1.0),NAAG Chapter 6: Government,I,A,Annual,KOR,Korea,D62S13,Social benefits other than social transfers in kind,_T,Total,PT_B1GQ,Percentage of GDP,NAAG_VI,Part VI: General Government,2002,,1.65216187295675,,N,Neither seasonally adjusted nor calendar adjusted,_Z,Not applicable,S13,General government,_Z,Not applicable,N,Non-consolidated,D,Expenditure,D62,Social benefits other than social transfers in kind,_Z,Not applicable,,,,,,,,,,,V,Current prices,N,Non transformed data,,,,,,,F,Free (free for publication),2,Two,A,Normal value,0,Units,_Z,Not applicable
DATAFLOW,OECD.SDD.NAD:DSD_NAAG_VI@DF_NAAG_EXP(1.0),NAAG Chapter 6: Government,I,A,Annual,KOR,Korea,D62S13,Social benefits other than social transfers in kind,_T,Total,PT_B1GQ,Percentage of GDP,NAAG_VI,Part VI: General Government,2001,,1.67147726064594,,N,Neither seasonally adjusted nor calendar adjusted,_Z,Not applicable,S13,General government,_Z,Not applicable,N,Non-consolidated,D,Expenditure,D62,Social benefits other than social transfers in kind,_Z,Not applicable,,,,,,,,,,,V,Current prices,N,Non transformed data,,,,,,,F,Free (free for publication),2,Two,A,Normal value,0,Units,_Z,Not applicable
DATAFLOW,OECD.SDD.NAD:DSD_NAAG_VI@DF_NAAG_EXP(1.0),NAAG Chapter 6: Government,I,A,Annual,KOR,Korea,D62S13,Social benefits other than social transfers in kind,_T,Total,PT_B1GQ,Percentage of GDP,NAAG_VI,Part VI: General Government,2000,,1.7894356436259,,N,Neither seasonally adjusted nor calendar adjusted,_Z,Not applicable,S13,General government,_Z,Not applicable,N,Non-consolidated,D,Expenditure,D62,Social benefits other than social transfers in kind,_Z,Not applicable,,,,,,,,,,,V,Current prices,N,Non transformed data,,,,,,,F,Free (free for publication),2,Two,A,Normal value,0,Units,_Z,Not applicable
DATAFLOW,OECD.SDD.NAD:DSD_NAAG_VI@DF_NAAG_EXP(1.0),NAAG Chapter 6: Government,I,A,Annual,KOR,Korea,D62S13,Social benefits other than social transfers in kind,_T,Total,PT_B1GQ,Percentage of GDP,NAAG_VI,Part VI: General Government,2019,,5.41079135622402,,N,Neither seasonally adjusted nor calendar adjusted,_Z,Not applicable,S13,General government,_Z,Not applicable,N,Non-consolidated,D,Expenditure,D62,Social benefits other than social transfers in kind,_Z,Not applicable,,,,,,,,,,,V,Current prices,N,Non transformed data,,,,,,,F,Free (free for publication),2,Two,A,Normal value,0,Units,_Z,Not applicable
DATAFLOW,OECD.SDD.NAD:DSD_NAAG_VI@DF_NAAG_EXP(1.0),NAAG Chapter 6: Government,I,A,Annual,KOR,Korea,D62S13,Social benefits other than social transfers in kind,_T,Total,PT_B1GQ,Percentage of GDP,NAAG_VI,Part VI: General Government,2018,,4.85855699711182,,N,Neither seasonally adjusted nor calendar adjusted,_Z,Not applicable,S13,General government,_Z,Not applicable,N,Non-consolidated,D,Expenditure,D62,Social benefits other than social transfers in kind,_Z,Not applicable,,,,,,,,,,,V,Current prices,N,Non transformed data,,,,,,,F,Free (free for publication),2,Two,A,Normal value,0,Units,_Z,Not applicable
DATAFLOW,OECD.SDD.NAD:DSD_NAAG_VI@DF_NAAG_EXP(1.0),NAAG Chapter 6: Government,I,A,Annual,KOR,Korea,D62S13,Social benefits other than social transfers in kind,_T,Total,PT_B1GQ,Percentage of GDP,NAAG_VI,Part VI: General Government,2017,,4.61971533018835,,N,Neither seasonally adjusted nor calendar adjusted,_Z,Not applicable,S13,General government,_Z,Not applicable,N,Non-consolidated,D,Expenditure,D62,Social benefits other than social transfers in kind,_Z,Not applicable,,,,,,,,,,,V,Current prices,N,Non transformed data,,,,,,,F,Free (free for publication),2,Two,A,Normal value,0,Units,_Z,Not applicable
DATAFLOW,OECD.SDD.NAD:DSD_NAAG_VI@DF_NAAG_EXP(1.0),NAAG Chapter 6: Government,I,A,Annual,KOR,Korea,D62S13,Social benefits other than social transfers in kind,_T,Total,PT_B1GQ,Percentage of GDP,NAAG_VI,Part VI: General Government,2016,,4.53329482507237,,N,Neither seasonally adjusted nor calendar adjusted,_Z,Not applicable,S13,General government,_Z,Not applicable,N,Non-consolidated,D,Expenditure,D62,Social benefits other than social transfers in kind,_Z,Not applicable,,,,,,,,,,,V,Current prices,N,Non transformed data,,,,,,,F,Free (free for publication),2,Two,A,Normal value,0,Units,_Z,Not applicable
DATAFLOW,OECD.SDD.NAD:DSD_NAAG_VI@DF_NAAG_EXP(1.0),NAAG Chapter 6: Government,I,A,Annual,KOR,Korea,D62S13,Social benefits other than social transfers in kind,_T,Total,PT_B1GQ,Percentage of GDP,NAAG_VI,Part VI: General Government,2015,,4.33365349706108,,N,Neither seasonally adjusted nor calendar adjusted,_Z,Not applicable,S13,General government,_Z,Not applicable,N,Non-consolidated,D,Expenditure,D62,Social benefits other than social transfers in kind,_Z,Not applicable,,,,,,,,,,,V,Current prices,N,Non transformed data,,,,,,,F,Free (free for publication),2,Two,A,Normal value,0,Units,_Z,Not applicable
DATAFLOW,OECD.SDD.NAD:DSD_NAAG_VI@DF_NAAG_EXP(1.0),NAAG Chapter 6: Government,I,A,Annual,KOR,Korea,D62S13,Social benefits other than social transfers in kind,_T,Total,PT_B1GQ,Percentage of GDP,NAAG_VI,Part VI: General Government,2014,,4.06943048846105,,N,Neither seasonally adjusted nor calendar adjusted,_Z,Not applicable,S13,General government,_Z,Not applicable,N,Non-consolidated,D,Expenditure,D62,Social benefits other than social transfers in kind,_Z,Not applicable,,,,,,,,,,,V,Current prices,N,Non transformed data,,,,,,,F,Free (free for publication),2,Two,A,Normal value,0,Units,_Z,Not applicable
DATAFLOW,OECD.SDD.NAD:DSD_NAAG_VI@DF_NAAG_EXP(1.0),NAAG Chapter 6: Government,I,A,Annual,KOR,Korea,D62S13,Social benefits other than social transfers in kind,_T,Total,PT_B1GQ,Percentage of GDP,NAAG_VI,Part VI: General Government,2013,,3.8182469558637,,N,Neither seasonally adjusted nor calendar adjusted,_Z,Not applicable,S13,General government,_Z,Not applicable,N,Non-consolidated,D,Expenditure,D62,Social benefits other than social transfers in kind,_Z,Not applicable,,,,,,,,,,,V,Current prices,N,Non transformed data,,,,,,,F,Free (free for publication),2,Two,A,Normal value,0,Units,_Z,Not applicable
DATAFLOW,OECD.SDD.NAD:DSD_NAAG_VI@DF_NAAG_EXP(1.0),NAAG Chapter 6: Government,I,A,Annual,KOR,Korea,D62S13,Social benefits other than social transfers in kind,_T,Total,PT_B1GQ,Percentage of GDP,NAAG_VI,Part VI: General Government,2012,,3.68372792487091,,N,Neither seasonally adjusted nor calendar adjusted,_Z,Not applicable,S13,General government,_Z,Not applicable,N,Non-consolidated,D,Expenditure,D62,Social benefits other than social transfers in kind,_Z,Not applicable,,,,,,,,,,,V,Current prices,N,Non transformed data,,,,,,,F,Free (free for publication),2,Two,A,Normal value,0,Units,_Z,Not applicable
DATAFLOW,OECD.SDD.NAD:DSD_NAAG_VI@DF_NAAG_EXP(1.0),NAAG Chapter 6: Government,I,A,Annual,KOR,Korea,D62S13,Social benefits other than social transfers in kind,_T,Total,PT_B1GQ,Percentage of GDP,NAAG_VI,Part VI: General Government,2011,,3.41082646980938,,N,Neither seasonally adjusted nor calendar adjusted,_Z,Not applicable,S13,General government,_Z,Not applicable,N,Non-consolidated,D,Expenditure,D62,Social benefits other than social transfers in kind,_Z,Not applicable,,,,,,,,,,,V,Current prices,N,Non transformed data,,,,,,,F,Free (free for publication),2,Two,A,Normal value,0,Units,_Z,Not applicable
DATAFLOW,OECD.SDD.NAD:DSD_NAAG_VI@DF_NAAG_EXP(1.0),NAAG Chapter 6: Government,I,A,Annual,KOR,Korea,D62S13,Social benefits other than social transfers in kind,_T,Total,PT_B1GQ,Percentage of GDP,NAAG_VI,Part VI: General Government,2010,,3.21562013895,,N,Neither seasonally adjusted nor calendar adjusted,_Z,Not applicable,S13,General government,_Z,Not applicable,N,Non-consolidated,D,Expenditure,D62,Social benefits other than social transfers in kind,_Z,Not applicable,,,,,,,,,,,V,Current prices,N,Non transformed data,,,,,,,F,Free (free for publication),2,Two,A,Normal value,0,Units,_Z,Not applicable
DATAFLOW,OECD.SDD.NAD:DSD_NAAG_VI@DF_NAAG_EXP(1.0),NAAG Chapter 6: Government,I,A,Annual,KOR,Korea,D62S13,Social benefits other than social transfers in kind,_T,Total,PT_B1GQ,Percentage of GDP,NAAG_VI,Part VI: General Government,2009,,3.24203948759884,,N,Neither seasonally adjusted nor calendar adjusted,_Z,Not applicable,S13,General government,_Z,Not applicable,N,Non-consolidated,D,Expenditure,D62,Social benefits other than social transfers in kind,_Z,Not applicable,,,,,,,,,,,V,Current prices,N,Non transformed data,,,,,,,F,Free (free for publication),2,Two,A,Normal value,0,Units,_Z,Not applicable
DATAFLOW,OECD.SDD.NAD:DSD_NAAG_VI@DF_NAAG_EXP(1.0),NAAG Chapter 6: Government,I,A,Annual,KOR,Korea,D62S13,Social benefits other than social transfers in kind,_T,Total,PT_B1GQ,Percentage of GDP,NAAG_VI,Part VI: General Government,2008,,2.97906129057438,,N,Neither seasonally adjusted nor calendar adjusted,_Z,Not applicable,S13,General government,_Z,Not applicable,N,Non-consolidated,D,Expenditure,D62,Social benefits other than social transfers in kind,_Z,Not applicable,,,,,,,,,,,V,Current prices,N,Non transformed data,,,,,,,F,Free (free for publication),2,Two,A,Normal value,0,Units,_Z,Not applicable
DATAFLOW,OECD.SDD.NAD:DSD_NAAG_VI@DF_NAAG_EXP(1.0),NAAG Chapter 6: Government,I,A,Annual,KOR,Korea,D62S13,Social benefits other than social transfers in kind,_T,Total,PT_B1GQ,Percentage of GDP,NAAG_VI,Part VI: General Government,2007,,2.6864689720859,,N,Neither seasonally adjusted nor calendar adjusted,_Z,Not applicable,S13,General government,_Z,Not applicable,N,Non-consolidated,D,Expenditure,D62,Social benefits other than social transfers in kind,_Z,Not applicable,,,,,,,,,,,V,Current prices,N,Non transformed data,,,,,,,F,Free (free for publication),2,Two,A,Normal value,0,Units,_Z,Not applicable
DATAFLOW,OECD.SDD.NAD:DSD_NAAG_VI@DF_NAAG_EXP(1.0),NAAG Chapter 6: Government,I,A,Annual,KOR,Korea,D62S13,Social benefits other than social transfers in kind,_T,Total,PT_B1GQ,Percentage of GDP,NAAG_VI,Part VI: General Government,2006,,2.51055980548995,,N,Neither seasonally adjusted nor calendar adjusted,_Z,Not applicable,S13,General government,_Z,Not applicable,N,Non-consolidated,D,Expenditure,D62,Social benefits other than social transfers in kind,_Z,Not applicable,,,,,,,,,,,V,Current prices,N,Non transformed data,,,,,,,F,Free (free for publication),2,Two,A,Normal value,0,Units,_Z,Not applicable
DATAFLOW,OECD.SDD.NAD:DSD_NAAG_VI@DF_NAAG_EXP(1.0),NAAG Chapter 6: Government,I,A,Annual,KOR,Korea,D62S13,Social benefits other than social transfers in kind,_T,Total,PT_B1GQ,Percentage of GDP,NAAG_VI,Part VI: General Government,2023,,6.67816541252431,,N,Neither seasonally adjusted nor calendar adjusted,_Z,Not applicable,S13,General government,_Z,Not applicable,N,Non-consolidated,D,Expenditure,D62,Social benefits other than social transfers in kind,_Z,Not applicable,,,,,,,,,,,V,Current prices,N,Non transformed data,,,,,,,F,Free (free for publication),2,Two,A,Normal value,0,Units,_Z,Not applicable
DATAFLOW,OECD.SDD.NAD:DSD_NAAG_VI@DF_NAAG_EXP(1.0),NAAG Chapter 6: Government,I,A,Annual,PRT,Portugal,D62S13,Social benefits other than social transfers in kind,_T,Total,PT_B1GQ,Percentage of GDP,NAAG_VI,Part VI: General Government,2021,,17.3554205919437,,N,Neither seasonally adjusted nor calendar adjusted,_Z,Not applicable,S13,General government,_Z,Not applicable,N,Non-consolidated,D,Expenditure,D62,Social benefits other than social transfers in kind,_Z,Not applicable,,,,,,,,,,,V,Current prices,N,Non transformed data,,,,,,,F,Free (free for publication),2,Two,A,Normal value,0,Units,_Z,Not applicable
DATAFLOW,OECD.SDD.NAD:DSD_NAAG_VI@DF_NAAG_EXP(1.0),NAAG Chapter 6: Government,I,A,Annual,PRT,Portugal,D62S13,Social benefits other than social transfers in kind,_T,Total,PT_B1GQ,Percentage of GDP,NAAG_VI,Part VI: General Government,2020,,18.0621854538544,,N,Neither seasonally adjusted nor calendar adjusted,_Z,Not applicable,S13,General government,_Z,Not applicable,N,Non-consolidated,D,Expenditure,D62,Social benefits other than social transfers in kind,_Z,Not applicable,,,,,,,,,,,V,Current prices,N,Non transformed data,,,,,,,F,Free (free for publication),2,Two,A,Normal value,0,Units,_Z,Not applicable
DATAFLOW,OECD.SDD.NAD:DSD_NAAG_VI@DF_NAAG_EXP(1.0),NAAG Chapter 6: Government,I,A,Annual,PRT,Portugal,D62S13,Social benefits other than social transfers in kind,_T,Total,PT_B1GQ,Percentage of GDP,NAAG_VI,Part VI: General Government,2005,,14.1694839843286,,N,Neither seasonally adjusted nor calendar adjusted,_Z,Not applicable,S13,General government,_Z,Not applicable,N,Non-consolidated,D,Expenditure,D62,Social benefits other than social transfers in kind,_Z,Not applicable,,,,,,,,,,,V,Current prices,N,Non transformed data,,,,,,,F,Free (free for publication),2,Two,A,Normal value,0,Units,_Z,Not applicable
DATAFLOW,OECD.SDD.NAD:DSD_NAAG_VI@DF_NAAG_EXP(1.0),NAAG Chapter 6: Government,I,A,Annual,PRT,Portugal,D62S13,Social benefits other than social transfers in kind,_T,Total,PT_B1GQ,Percentage of GDP,NAAG_VI,Part VI: General Government,2004,,13.6755470934773,,N,Neither seasonally adjusted nor calendar adjusted,_Z,Not applicable,S13,General government,_Z,Not applicable,N,Non-consolidated,D,Expenditure,D62,Social benefits other than social transfers in kind,_Z,Not applicable,,,,,,,,,,,V,Current prices,N,Non transformed data,,,,,,,F,Free (free for publication),2,Two,A,Normal value,0,Units,_Z,Not applicable
DATAFLOW,OECD.SDD.NAD:DSD_NAAG_VI@DF_NAAG_EXP(1.0),NAAG Chapter 6: Government,I,A,Annual,PRT,Portugal,D62S13,Social benefits other than social transfers in kind,_T,Total,PT_B1GQ,Percentage of GDP,NAAG_VI,Part VI: General Government,2003,,13.2409691391518,,N,Neither seasonally adjusted nor calendar adjusted,_Z,Not applicable,S13,General government,_Z,Not applicable,N,Non-consolidated,D,Expenditure,D62,Social benefits other than social transfers in kind,_Z,Not applicable,,,,,,,,,,,V,Current prices,N,Non transformed data,,,,,,,F,Free (free for publication),2,Two,A,Normal value,0,Units,_Z,Not applicable
DATAFLOW,OECD.SDD.NAD:DSD_NAAG_VI@DF_NAAG_EXP(1.0),NAAG Chapter 6: Government,I,A,Annual,PRT,Portugal,D62S13,Social benefits other than social transfers in kind,_T,Total,PT_B1GQ,Percentage of GDP,NAAG_VI,Part VI: General Government,2002,,12.0539362614501,,N,Neither seasonally adjusted nor calendar adjusted,_Z,Not applicable,S13,General government,_Z,Not applicable,N,Non-consolidated,D,Expenditure,D62,Social benefits other than social transfers in kind,_Z,Not applicable,,,,,,,,,,,V,Current prices,N,Non transformed data,,,,,,,F,Free (free for publication),2,Two,A,Normal value,0,Units,_Z,Not applicable
DATAFLOW,OECD.SDD.NAD:DSD_NAAG_VI@DF_NAAG_EXP(1.0),NAAG Chapter 6: Government,I,A,Annual,PRT,Portugal,D62S13,Social benefits other than social transfers in kind,_T,Total,PT_B1GQ,Percentage of GDP,NAAG_VI,Part VI: General Government,2001,,11.5664879094208,,N,Neither seasonally adjusted nor calendar adjusted,_Z,Not applicable,S13,General government,_Z,Not applicable,N,Non-consolidated,D,Expenditure,D62,Social benefits other than social transfers in kind,_Z,Not applicable,,,,,,,,,,,V,Current prices,N,Non transformed data,,,,,,,F,Free (free for publication),2,Two,A,Normal value,0,Units,_Z,Not applicable
DATAFLOW,OECD.SDD.NAD:DSD_NAAG_VI@DF_NAAG_EXP(1.0),NAAG Chapter 6: Government,I,A,Annual,PRT,Portugal,D62S13,Social benefits other than social transfers in kind,_T,Total,PT_B1GQ,Percentage of GDP,NAAG_VI,Part VI: General Government,2000,,11.268514223614,,N,Neither seasonally adjusted nor calendar adjusted,_Z,Not applicable,S13,General government,_Z,Not applicable,N,Non-consolidated,D,Expenditure,D62,Social benefits other than social transfers in kind,_Z,Not applicable,,,,,,,,,,,V,Current prices,N,Non transformed data,,,,,,,F,Free (free for publication),2,Two,A,Normal value,0,Units,_Z,Not applicable
DATAFLOW,OECD.SDD.NAD:DSD_NAAG_VI@DF_NAAG_EXP(1.0),NAAG Chapter 6: Government,I,A,Annual,PRT,Portugal,D62S13,Social benefits other than social transfers in kind,_T,Total,PT_B1GQ,Percentage of GDP,NAAG_VI,Part VI: General Government,2019,,16.2241675767523,,N,Neither seasonally adjusted nor calendar adjusted,_Z,Not applicable,S13,General government,_Z,Not applicable,N,Non-consolidated,D,Expenditure,D62,Social benefits other than social transfers in kind,_Z,Not applicable,,,,,,,,,,,V,Current prices,N,Non transformed data,,,,,,,F,Free (free for publication),2,Two,A,Normal value,0,Units,_Z,Not applicable
DATAFLOW,OECD.SDD.NAD:DSD_NAAG_VI@DF_NAAG_EXP(1.0),NAAG Chapter 6: Government,I,A,Annual,PRT,Portugal,D62S13,Social benefits other than social transfers in kind,_T,Total,PT_B1GQ,Percentage of GDP,NAAG_VI,Part VI: General Government,2018,,16.37950515783,,N,Neither seasonally adjusted nor calendar adjusted,_Z,Not applicable,S13,General government,_Z,Not applicable,N,Non-consolidated,D,Expenditure,D62,Social benefits other than social transfers in kind,_Z,Not applicable,,,,,,,,,,,V,Current prices,N,Non transformed data,,,,,,,F,Free (free for publication),2,Two,A,Normal value,0,Units,_Z,Not applicable
DATAFLOW,OECD.SDD.NAD:DSD_NAAG_VI@DF_NAAG_EXP(1.0),NAAG Chapter 6: Government,I,A,Annual,PRT,Portugal,D62S13,Social benefits other than social transfers in kind,_T,Total,PT_B1GQ,Percentage of GDP,NAAG_VI,Part VI: General Government,2017,,16.6632110736759,,N,Neither seasonally adjusted nor calendar adjusted,_Z,Not applicable,S13,General government,_Z,Not applicable,N,Non-consolidated,D,Expenditure,D62,Social benefits other than social transfers in kind,_Z,Not applicable,,,,,,,,,,,V,Current prices,N,Non transformed data,,,,,,,F,Free (free for publication),2,Two,A,Normal value,0,Units,_Z,Not applicable
DATAFLOW,OECD.SDD.NAD:DSD_NAAG_VI@DF_NAAG_EXP(1.0),NAAG Chapter 6: Government,I,A,Annual,PRT,Portugal,D62S13,Social benefits other than social transfers in kind,_T,Total,PT_B1GQ,Percentage of GDP,NAAG_VI,Part VI: General Government,2016,,17.2519963421759,,N,Neither seasonally adjusted nor calendar adjusted,_Z,Not applicable,S13,General government,_Z,Not applicable,N,Non-consolidated,D,Expenditure,D62,Social benefits other than social transfers in kind,_Z,Not applicable,,,,,,,,,,,V,Current prices,N,Non transformed data,,,,,,,F,Free (free for publication),2,Two,A,Normal value,0,Units,_Z,Not applicable
DATAFLOW,OECD.SDD.NAD:DSD_NAAG_VI@DF_NAAG_EXP(1.0),NAAG Chapter 6: Government,I,A,Annual,PRT,Portugal,D62S13,Social benefits other than social transfers in kind,_T,Total,PT_B1GQ,Percentage of GDP,NAAG_VI,Part VI: General Government,2015,,17.6822124917017,,N,Neither seasonally adjusted nor calendar adjusted,_Z,Not applicable,S13,General government,_Z,Not applicable,N,Non-consolidated,D,Expenditure,D62,Social benefits other than social transfers in kind,_Z,Not applicable,,,,,,,,,,,V,Current prices,N,Non transformed data,,,,,,,F,Free (free for publication),2,Two,A,Normal value,0,Units,_Z,Not applicable
DATAFLOW,OECD.SDD.NAD:DSD_NAAG_VI@DF_NAAG_EXP(1.0),NAAG Chapter 6: Government,I,A,Annual,PRT,Portugal,D62S13,Social benefits other than social transfers in kind,_T,Total,PT_B1GQ,Percentage of GDP,NAAG_VI,Part VI: General Government,2014,,18.001905943542,,N,Neither seasonally adjusted nor calendar adjusted,_Z,Not applicable,S13,General government,_Z,Not applicable,N,Non-consolidated,D,Expenditure,D62,Social benefits other than social transfers in kind,_Z,Not applicable,,,,,,,,,,,V,Current prices,N,Non transformed data,,,,,,,F,Free (free for publication),2,Two,A,Normal value,0,Units,_Z,Not applicable
DATAFLOW,OECD.SDD.NAD:DSD_NAAG_VI@DF_NAAG_EXP(1.0),NAAG Chapter 6: Government,I,A,Annual,PRT,Portugal,D62S13,Social benefits other than social transfers in kind,_T,Total,PT_B1GQ,Percentage of GDP,NAAG_VI,Part VI: General Government,2013,,18.6626505811617,,N,Neither seasonally adjusted nor calendar adjusted,_Z,Not applicable,S13,General government,_Z,Not applicable,N,Non-consolidated,D,Expenditure,D62,Social benefits other than social transfers in kind,_Z,Not applicable,,,,,,,,,,,V,Current prices,N,Non transformed data,,,,,,,F,Free (free for publication),2,Two,A,Normal value,0,Units,_Z,Not applicable
DATAFLOW,OECD.SDD.NAD:DSD_NAAG_VI@DF_NAAG_EXP(1.0),NAAG Chapter 6: Government,I,A,Annual,PRT,Portugal,D62S13,Social benefits other than social transfers in kind,_T,Total,PT_B1GQ,Percentage of GDP,NAAG_VI,Part VI: General Government,2012,,17.7888467785598,,N,Neither seasonally adjusted nor calendar adjusted,_Z,Not applicable,S13,General government,_Z,Not applicable,N,Non-consolidated,D,Expenditure,D62,Social benefits other than social transfers in kind,_Z,Not applicable,,,,,,,,,,,V,Current prices,N,Non transformed data,,,,,,,F,Free (free for publication),2,Two,A,Normal value,0,Units,_Z,Not applicable
DATAFLOW,OECD.SDD.NAD:DSD_NAAG_VI@DF_NAAG_EXP(1.0),NAAG Chapter 6: Government,I,A,Annual,PRT,Portugal,D62S13,Social benefits other than social transfers in kind,_T,Total,PT_B1GQ,Percentage of GDP,NAAG_VI,Part VI: General Government,2011,,17.1538355859649,,N,Neither seasonally adjusted nor calendar adjusted,_Z,Not applicable,S13,General government,_Z,Not applicable,N,Non-consolidated,D,Expenditure,D62,Social benefits other than social transfers in kind,_Z,Not applicable,,,,,,,,,,,V,Current prices,N,Non transformed data,,,,,,,F,Free (free for publication),2,Two,A,Normal value,0,Units,_Z,Not applicable
DATAFLOW,OECD.SDD.NAD:DSD_NAAG_VI@DF_NAAG_EXP(1.0),NAAG Chapter 6: Government,I,A,Annual,PRT,Portugal,D62S13,Social benefits other than social transfers in kind,_T,Total,PT_B1GQ,Percentage of GDP,NAAG_VI,Part VI: General Government,2010,,16.6118879641239,,N,Neither seasonally adjusted nor calendar adjusted,_Z,Not applicable,S13,General government,_Z,Not applicable,N,Non-consolidated,D,Expenditure,D62,Social benefits other than social transfers in kind,_Z,Not applicable,,,,,,,,,,,V,Current prices,N,Non transformed data,,,,,,,F,Free (free for publication),2,Two,A,Normal value,0,Units,_Z,Not applicable
DATAFLOW,OECD.SDD.NAD:DSD_NAAG_VI@DF_NAAG_EXP(1.0),NAAG Chapter 6: Government,I,A,Annual,PRT,Portugal,D62S13,Social benefits other than social transfers in kind,_T,Total,PT_B1GQ,Percentage of GDP,NAAG_VI,Part VI: General Government,2009,,16.5481071765242,,N,Neither seasonally adjusted nor calendar adjusted,_Z,Not applicable,S13,General government,_Z,Not applicable,N,Non-consolidated,D,Expenditure,D62,Social benefits other than social transfers in kind,_Z,Not applicable,,,,,,,,,,,V,Current prices,N,Non transformed data,,,,,,,F,Free (free for publication),2,Two,A,Normal value,0,Units,_Z,Not applicable
DATAFLOW,OECD.SDD.NAD:DSD_NAAG_VI@DF_NAAG_EXP(1.0),NAAG Chapter 6: Government,I,A,Annual,PRT,Portugal,D62S13,Social benefits other than social transfers in kind,_T,Total,PT_B1GQ,Percentage of GDP,NAAG_VI,Part VI: General Government,2008,,14.7231661355387,,N,Neither seasonally adjusted nor calendar adjusted,_Z,Not applicable,S13,General government,_Z,Not applicable,N,Non-consolidated,D,Expenditure,D62,Social benefits other than social transfers in kind,_Z,Not applicable,,,,,,,,,,,V,Current prices,N,Non transformed data,,,,,,,F,Free (free for publication),2,Two,A,Normal value,0,Units,_Z,Not applicable
DATAFLOW,OECD.SDD.NAD:DSD_NAAG_VI@DF_NAAG_EXP(1.0),NAAG Chapter 6: Government,I,A,Annual,PRT,Portugal,D62S13,Social benefits other than social transfers in kind,_T,Total,PT_B1GQ,Percentage of GDP,NAAG_VI,Part VI: General Government,2007,,14.2390105603207,,N,Neither seasonally adjusted nor calendar adjusted,_Z,Not applicable,S13,General government,_Z,Not applicable,N,Non-consolidated,D,Expenditure,D62,Social benefits other than social transfers in kind,_Z,Not applicable,,,,,,,,,,,V,Current prices,N,Non transformed data,,,,,,,F,Free (free for publication),2,Two,A,Normal value,0,Units,_Z,Not applicable
DATAFLOW,OECD.SDD.NAD:DSD_NAAG_VI@DF_NAAG_EXP(1.0),NAAG Chapter 6: Government,I,A,Annual,PRT,Portugal,D62S13,Social benefits other than social transfers in kind,_T,Total,PT_B1GQ,Percentage of GDP,NAAG_VI,Part VI: General Government,2006,,14.2576886391437,,N,Neither seasonally adjusted nor calendar adjusted,_Z,Not applicable,S13,General government,_Z,Not applicable,N,Non-consolidated,D,Expenditure,D62,Social benefits other than social transfers in kind,_Z,Not applicable,,,,,,,,,,,V,Current prices,N,Non transformed data,,,,,,,F,Free (free for publication),2,Two,A,Normal value,0,Units,_Z,Not applicable
DATAFLOW,OECD.SDD.NAD:DSD_NAAG_VI@DF_NAAG_EXP(1.0),NAAG Chapter 6: Government,I,A,Annual,PRT,Portugal,D62S13,Social benefits other than social transfers in kind,_T,Total,PT_B1GQ,Percentage of GDP,NAAG_VI,Part VI: General Government,2024,,16.3257182624214,,N,Neither seasonally adjusted nor calendar adjusted,_Z,Not applicable,S13,General government,_Z,Not applicable,N,Non-consolidated,D,Expenditure,D62,Social benefits other than social transfers in kind,_Z,Not applicable,,,,,,,,,,,V,Current prices,N,Non transformed data,,,,,,,F,Free (free for publication),2,Two,A,Normal value,0,Units,_Z,Not applicable
DATAFLOW,OECD.SDD.NAD:DSD_NAAG_VI@DF_NAAG_EXP(1.0),NAAG Chapter 6: Government,I,A,Annual,PRT,Portugal,D62S13,Social benefits other than social transfers in kind,_T,Total,PT_B1GQ,Percentage of GDP,NAAG_VI,Part VI: General Government,2023,,15.7576119823377,,N,Neither seasonally adjusted nor calendar adjusted,_Z,Not applicable,S13,General government,_Z,Not applicable,N,Non-consolidated,D,Expenditure,D62,Social benefits other than social transfers in kind,_Z,Not applicable,,,,,,,,,,,V,Current prices,N,Non transformed data,,,,,,,F,Free (free for publication),2,Two,A,Normal value,0,Units,_Z,Not applicable
DATAFLOW,OECD.SDD.NAD:DSD_NAAG_VI@DF_NAAG_EXP(1.0),NAAG Chapter 6: Government,I,A,Annual,CRI,Costa Rica,D62S13,Social benefits other than social transfers in kind,_T,Total,PT_B1GQ,Percentage of GDP,NAAG_VI,Part VI: General Government,2021,,4.59065934533542,,N,Neither seasonally adjusted nor calendar adjusted,_Z,Not applicable,S13,General government,_Z,Not applicable,N,Non-consolidated,D,Expenditure,D62,Social benefits other than social transfers in kind,_Z,Not applicable,,,,,,,,,,,V,Current prices,N,Non transformed data,,,,,,,F,Free (free for publication),2,Two,A,Normal value,0,Units,_Z,Not applicable
DATAFLOW,OECD.SDD.NAD:DSD_NAAG_VI@DF_NAAG_EXP(1.0),NAAG Chapter 6: Government,I,A,Annual,CRI,Costa Rica,D62S13,Social benefits other than social transfers in kind,_T,Total,PT_B1GQ,Percentage of GDP,NAAG_VI,Part VI: General Government,2020,,4.69008444474229,,N,Neither seasonally adjusted nor calendar adjusted,_Z,Not applicable,S13,General government,_Z,Not applicable,N,Non-consolidated,D,Expenditure,D62,Social benefits other than social transfers in kind,_Z,Not applicable,,,,,,,,,,,V,Current prices,N,Non transformed data,,,,,,,F,Free (free for publication),2,Two,A,Normal value,0,Units,_Z,Not applicable
DATAFLOW,OECD.SDD.NAD:DSD_NAAG_VI@DF_NAAG_EXP(1.0),NAAG Chapter 6: Government,I,A,Annual,CRI,Costa Rica,D62S13,Social benefits other than social transfers in kind,_T,Total,PT_B1GQ,Percentage of GDP,NAAG_VI,Part VI: General Government,2005,,2.24265002572119,,N,Neither seasonally adjusted nor calendar adjusted,_Z,Not applicable,S13,General government,_Z,Not applicable,N,Non-consolidated,D,Expenditure,D62,Social benefits other than social transfers in kind,_Z,Not applicable,,,,,,,,,,,V,Current prices,N,Non transformed data,,,,,,,F,Free (free for publication),2,Two,A,Normal value,0,Units,_Z,Not applicable
DATAFLOW,OECD.SDD.NAD:DSD_NAAG_VI@DF_NAAG_EXP(1.0),NAAG Chapter 6: Government,I,A,Annual,CRI,Costa Rica,D62S13,Social benefits other than social transfers in kind,_T,Total,PT_B1GQ,Percentage of GDP,NAAG_VI,Part VI: General Government,2004,,2.32582518817925,,N,Neither seasonally adjusted nor calendar adjusted,_Z,Not applicable,S13,General government,_Z,Not applicable,N,Non-consolidated,D,Expenditure,D62,Social benefits other than social transfers in kind,_Z,Not applicable,,,,,,,,,,,V,Current prices,N,Non transformed data,,,,,,,F,Free (free for publication),2,Two,A,Normal value,0,Units,_Z,Not applicable
DATAFLOW,OECD.SDD.NAD:DSD_NAAG_VI@DF_NAAG_EXP(1.0),NAAG Chapter 6: Government,I,A,Annual,CRI,Costa Rica,D62S13,Social benefits other than social transfers in kind,_T,Total,PT_B1GQ,Percentage of GDP,NAAG_VI,Part VI: General Government,2003,,2.44670404751226,,N,Neither seasonally adjusted nor calendar adjusted,_Z,Not applicable,S13,General government,_Z,Not applicable,N,Non-consolidated,D,Expenditure,D62,Social benefits other than social transfers in kind,_Z,Not applicable,,,,,,,,,,,V,Current prices,N,Non transformed data,,,,,,,F,Free (free for publication),2,Two,A,Normal value,0,Units,_Z,Not applicable
DATAFLOW,OECD.SDD.NAD:DSD_NAAG_VI@DF_NAAG_EXP(1.0),NAAG Chapter 6: Government,I,A,Annual,CRI,Costa Rica,D62S13,Social benefits other than social transfers in kind,_T,Total,PT_B1GQ,Percentage of GDP,NAAG_VI,Part VI: General Government,2002,,2.54830184481909,,N,Neither seasonally adjusted nor calendar adjusted,_Z,Not applicable,S13,General government,_Z,Not applicable,N,Non-consolidated,D,Expenditure,D62,Social benefits other than social transfers in kind,_Z,Not applicable,,,,,,,,,,,V,Current prices,N,Non transformed data,,,,,,,F,Free (free for publication),2,Two,A,Normal value,0,Units,_Z,Not applicable
DATAFLOW,OECD.SDD.NAD:DSD_NAAG_VI@DF_NAAG_EXP(1.0),NAAG Chapter 6: Government,I,A,Annual,CRI,Costa Rica,D62S13,Social benefits other than social transfers in kind,_T,Total,PT_B1GQ,Percentage of GDP,NAAG_VI,Part VI: General Government,2001,,2.5021310951004,,N,Neither seasonally adjusted nor calendar adjusted,_Z,Not applicable,S13,General government,_Z,Not applicable,N,Non-consolidated,D,Expenditure,D62,Social benefits other than social transfers in kind,_Z,Not applicable,,,,,,,,,,,V,Current prices,N,Non transformed data,,,,,,,F,Free (free for publication),2,Two,A,Normal value,0,Units,_Z,Not applicable
DATAFLOW,OECD.SDD.NAD:DSD_NAAG_VI@DF_NAAG_EXP(1.0),NAAG Chapter 6: Government,I,A,Annual,CRI,Costa Rica,D62S13,Social benefits other than social transfers in kind,_T,Total,PT_B1GQ,Percentage of GDP,NAAG_VI,Part VI: General Government,2000,,2.77707521764822,,N,Neither seasonally adjusted nor calendar adjusted,_Z,Not applicable,S13,General government,_Z,Not applicable,N,Non-consolidated,D,Expenditure,D62,Social benefits other than social transfers in kind,_Z,Not applicable,,,,,,,,,,,V,Current prices,N,Non transformed data,,,,,,,F,Free (free for publication),2,Two,A,Normal value,0,Units,_Z,Not applicable
DATAFLOW,OECD.SDD.NAD:DSD_NAAG_VI@DF_NAAG_EXP(1.0),NAAG Chapter 6: Government,I,A,Annual,CRI,Costa Rica,D62S13,Social benefits other than social transfers in kind,_T,Total,PT_B1GQ,Percentage of GDP,NAAG_VI,Part VI: General Government,2019,,4.29988523847566,,N,Neither seasonally adjusted nor calendar adjusted,_Z,Not applicable,S13,General government,_Z,Not applicable,N,Non-consolidated,D,Expenditure,D62,Social benefits other than social transfers in kind,_Z,Not applicable,,,,,,,,,,,V,Current prices,N,Non transformed data,,,,,,,F,Free (free for publication),2,Two,A,Normal value,0,Units,_Z,Not applicable
DATAFLOW,OECD.SDD.NAD:DSD_NAAG_VI@DF_NAAG_EXP(1.0),NAAG Chapter 6: Government,I,A,Annual,CRI,Costa Rica,D62S13,Social benefits other than social transfers in kind,_T,Total,PT_B1GQ,Percentage of GDP,NAAG_VI,Part VI: General Government,2018,,4.18204084838033,,N,Neither seasonally adjusted nor calendar adjusted,_Z,Not applicable,S13,General government,_Z,Not applicable,N,Non-consolidated,D,Expenditure,D62,Social benefits other than social transfers in kind,_Z,Not applicable,,,,,,,,,,,V,Current prices,N,Non transformed data,,,,,,,F,Free (free for publication),2,Two,A,Normal value,0,Units,_Z,Not applicable
DATAFLOW,OECD.SDD.NAD:DSD_NAAG_VI@DF_NAAG_EXP(1.0),NAAG Chapter 6: Government,I,A,Annual,CRI,Costa Rica,D62S13,Social benefits other than social transfers in kind,_T,Total,PT_B1GQ,Percentage of GDP,NAAG_VI,Part VI: General Government,2017,,3.96287857418147,,N,Neither seasonally adjusted nor calendar adjusted,_Z,Not applicable,S13,General government,_Z,Not applicable,N,Non-consolidated,D,Expenditure,D62,Social benefits other than social transfers in kind,_Z,Not applicable,,,,,,,,,,,V,Current prices,N,Non transformed data,,,,,,,F,Free (free for publication),2,Two,A,Normal value,0,Units,_Z,Not applicable
DATAFLOW,OECD.SDD.NAD:DSD_NAAG_VI@DF_NAAG_EXP(1.0),NAAG Chapter 6: Government,I,A,Annual,CRI,Costa Rica,D62S13,Social benefits other than social transfers in kind,_T,Total,PT_B1GQ,Percentage of GDP,NAAG_VI,Part VI: General Government,2016,,4.14740671913887,,N,Neither seasonally adjusted nor calendar adjusted,_Z,Not applicable,S13,General government,_Z,Not applicable,N,Non-consolidated,D,Expenditure,D62,Social benefits other than social transfers in kind,_Z,Not applicable,,,,,,,,,,,V,Current prices,N,Non transformed data,,,,,,,F,Free (free for publication),2,Two,A,Normal value,0,Units,_Z,Not applicable
DATAFLOW,OECD.SDD.NAD:DSD_NAAG_VI@DF_NAAG_EXP(1.0),NAAG Chapter 6: Government,I,A,Annual,CRI,Costa Rica,D62S13,Social benefits other than social transfers in kind,_T,Total,PT_B1GQ,Percentage of GDP,NAAG_VI,Part VI: General Government,2015,,3.9065469747447,,N,Neither seasonally adjusted nor calendar adjusted,_Z,Not applicable,S13,General government,_Z,Not applicable,N,Non-consolidated,D,Expenditure,D62,Social benefits other than social transfers in kind,_Z,Not applicable,,,,,,,,,,,V,Current prices,N,Non transformed data,,,,,,,F,Free (free for publication),2,Two,A,Normal value,0,Units,_Z,Not applicable
DATAFLOW,OECD.SDD.NAD:DSD_NAAG_VI@DF_NAAG_EXP(1.0),NAAG Chapter 6: Government,I,A,Annual,CRI,Costa Rica,D62S13,Social benefits other than social transfers in kind,_T,Total,PT_B1GQ,Percentage of GDP,NAAG_VI,Part VI: General Government,2014,,3.75478594892536,,N,Neither seasonally adjusted nor calendar adjusted,_Z,Not applicable,S13,General government,_Z,Not applicable,N,Non-consolidated,D,Expenditure,D62,Social benefits other than social transfers in kind,_Z,Not applicable,,,,,,,,,,,V,Current prices,N,Non transformed data,,,,,,,F,Free (free for publication),2,Two,A,Normal value,0,Units,_Z,Not applicable
DATAFLOW,OECD.SDD.NAD:DSD_NAAG_VI@DF_NAAG_EXP(1.0),NAAG Chapter 6: Government,I,A,Annual,CRI,Costa Rica,D62S13,Social benefits other than social transfers in kind,_T,Total,PT_B1GQ,Percentage of GDP,NAAG_VI,Part VI: General Government,2013,,3.7116001812271,,N,Neither seasonally adjusted nor calendar adjusted,_Z,Not applicable,S13,General government,_Z,Not applicable,N,Non-consolidated,D,Expenditure,D62,Social benefits other than social transfers in kind,_Z,Not applicable,,,,,,,,,,,V,Current prices,N,Non transformed data,,,,,,,F,Free (free for publication),2,Two,A,Normal value,0,Units,_Z,Not applicable
DATAFLOW,OECD.SDD.NAD:DSD_NAAG_VI@DF_NAAG_EXP(1.0),NAAG Chapter 6: Government,I,A,Annual,CRI,Costa Rica,D62S13,Social benefits other than social transfers in kind,_T,Total,PT_B1GQ,Percentage of GDP,NAAG_VI,Part VI: General Government,2012,,3.59234183583271,,N,Neither seasonally adjusted nor calendar adjusted,_Z,Not applicable,S13,General government,_Z,Not applicable,N,Non-consolidated,D,Expenditure,D62,Social benefits other than social transfers in kind,_Z,Not applicable,,,,,,,,,,,V,Current prices,N,Non transformed data,,,,,,,F,Free (free for publication),2,Two,A,Normal value,0,Units,_Z,Not applicable
DATAFLOW,OECD.SDD.NAD:DSD_NAAG_VI@DF_NAAG_EXP(1.0),NAAG Chapter 6: Government,I,A,Annual,CRI,Costa Rica,D62S13,Social benefits other than social transfers in kind,_T,Total,PT_B1GQ,Percentage of GDP,NAAG_VI,Part VI: General Government,2011,,2.85984129169939,,N,Neither seasonally adjusted nor calendar adjusted,_Z,Not applicable,S13,General government,_Z,Not applicable,N,Non-consolidated,D,Expenditure,D62,Social benefits other than social transfers in kind,_Z,Not applicable,,,,,,,,,,,V,Current prices,N,Non transformed data,,,,,,,F,Free (free for publication),2,Two,A,Normal value,0,Units,_Z,Not applicable
DATAFLOW,OECD.SDD.NAD:DSD_NAAG_VI@DF_NAAG_EXP(1.0),NAAG Chapter 6: Government,I,A,Annual,CRI,Costa Rica,D62S13,Social benefits other than social transfers in kind,_T,Total,PT_B1GQ,Percentage of GDP,NAAG_VI,Part VI: General Government,2010,,2.68204792226793,,N,Neither seasonally adjusted nor calendar adjusted,_Z,Not applicable,S13,General government,_Z,Not applicable,N,Non-consolidated,D,Expenditure,D62,Social benefits other than social transfers in kind,_Z,Not applicable,,,,,,,,,,,V,Current prices,N,Non transformed data,,,,,,,F,Free (free for publication),2,Two,A,Normal value,0,Units,_Z,Not applicable
DATAFLOW,OECD.SDD.NAD:DSD_NAAG_VI@DF_NAAG_EXP(1.0),NAAG Chapter 6: Government,I,A,Annual,CRI,Costa Rica,D62S13,Social benefits other than social transfers in kind,_T,Total,PT_B1GQ,Percentage of GDP,NAAG_VI,Part VI: General Government,2009,,2.59333239479941,,N,Neither seasonally adjusted nor calendar adjusted,_Z,Not applicable,S13,General government,_Z,Not applicable,N,Non-consolidated,D,Expenditure,D62,Social benefits other than social transfers in kind,_Z,Not applicable,,,,,,,,,,,V,Current prices,N,Non transformed data,,,,,,,F,Free (free for publication),2,Two,A,Normal value,0,Units,_Z,Not applicable
DATAFLOW,OECD.SDD.NAD:DSD_NAAG_VI@DF_NAAG_EXP(1.0),NAAG Chapter 6: Government,I,A,Annual,CRI,Costa Rica,D62S13,Social benefits other than social transfers in kind,_T,Total,PT_B1GQ,Percentage of GDP,NAAG_VI,Part VI: General Government,2008,,2.28665462193007,,N,Neither seasonally adjusted nor calendar adjusted,_Z,Not applicable,S13,General government,_Z,Not applicable,N,Non-consolidated,D,Expenditure,D62,Social benefits other than social transfers in kind,_Z,Not applicable,,,,,,,,,,,V,Current prices,N,Non transformed data,,,,,,,F,Free (free for publication),2,Two,A,Normal value,0,Units,_Z,Not applicable
DATAFLOW,OECD.SDD.NAD:DSD_NAAG_VI@DF_NAAG_EXP(1.0),NAAG Chapter 6: Government,I,A,Annual,CRI,Costa Rica,D62S13,Social benefits other than social transfers in kind,_T,Total,PT_B1GQ,Percentage of GDP,NAAG_VI,Part VI: General Government,2007,,2.20327560606125,,N,Neither seasonally adjusted nor calendar adjusted,_Z,Not applicable,S13,General government,_Z,Not applicable,N,Non-consolidated,D,Expenditure,D62,Social benefits other than social transfers in kind,_Z,Not applicable,,,,,,,,,,,V,Current prices,N,Non transformed data,,,,,,,F,Free (free for publication),2,Two,A,Normal value,0,Units,_Z,Not applicable
DATAFLOW,OECD.SDD.NAD:DSD_NAAG_VI@DF_NAAG_EXP(1.0),NAAG Chapter 6: Government,I,A,Annual,CRI,Costa Rica,D62S13,Social benefits other than social transfers in kind,_T,Total,PT_B1GQ,Percentage of GDP,NAAG_VI,Part VI: General Government,2006,,2.18901659885595,,N,Neither seasonally adjusted nor calendar adjusted,_Z,Not applicable,S13,General government,_Z,Not applicable,N,Non-consolidated,D,Expenditure,D62,Social benefits other than social transfers in kind,_Z,Not applicable,,,,,,,,,,,V,Current prices,N,Non transformed data,,,,,,,F,Free (free for publication),2,Two,A,Normal value,0,Units,_Z,Not applicable
DATAFLOW,OECD.SDD.NAD:DSD_NAAG_VI@DF_NAAG_EXP(1.0),NAAG Chapter 6: Government,I,A,Annual,CRI,Costa Rica,D62S13,Social benefits other than social transfers in kind,_T,Total,PT_B1GQ,Percentage of GDP,NAAG_VI,Part VI: General Government,2023,,4.53193664943557,,N,Neither seasonally adjusted nor calendar adjusted,_Z,Not applicable,S13,General government,_Z,Not applicable,N,Non-consolidated,D,Expenditure,D62,Social benefits other than social transfers in kind,_Z,Not applicable,,,,,,,,,,,V,Current prices,N,Non transformed data,,,,,,,F,Free (free for publication),2,Two,A,Normal value,0,Units,_Z,Not applicable
DATAFLOW,OECD.SDD.NAD:DSD_NAAG_VI@DF_NAAG_EXP(1.0),NAAG Chapter 6: Government,I,A,Annual,GBR,United Kingdom,D62S13,Social benefits other than social transfers in kind,_T,Total,PT_B1GQ,Percentage of GDP,NAAG_VI,Part VI: General Government,2021,,13.4737026341122,,N,Neither seasonally adjusted nor calendar adjusted,_Z,Not applicable,S13,General government,_Z,Not applicable,N,Non-consolidated,D,Expenditure,D62,Social benefits other than social transfers in kind,_Z,Not applicable,,,,,,,,,,,V,Current prices,N,Non transformed data,,,,,,,F,Free (free for publication),2,Two,A,Normal value,0,Units,_Z,Not applicable
DATAFLOW,OECD.SDD.NAD:DSD_NAAG_VI@DF_NAAG_EXP(1.0),NAAG Chapter 6: Government,I,A,Annual,GBR,United Kingdom,D62S13,Social benefits other than social transfers in kind,_T,Total,PT_B1GQ,Percentage of GDP,NAAG_VI,Part VI: General Government,2020,,14.2331349008265,,N,Neither seasonally adjusted nor calendar adjusted,_Z,Not applicable,S13,General government,_Z,Not applicable,N,Non-consolidated,D,Expenditure,D62,Social benefits other than social transfers in kind,_Z,Not applicable,,,,,,,,,,,V,Current prices,N,Non transformed data,,,,,,,F,Free (free for publication),2,Two,A,Normal value,0,Units,_Z,Not applicable
DATAFLOW,OECD.SDD.NAD:DSD_NAAG_VI@DF_NAAG_EXP(1.0),NAAG Chapter 6: Government,I,A,Annual,GBR,United Kingdom,D62S13,Social benefits other than social transfers in kind,_T,Total,PT_B1GQ,Percentage of GDP,NAAG_VI,Part VI: General Government,2005,,11.9285876165059,,N,Neither seasonally adjusted nor calendar adjusted,_Z,Not applicable,S13,General government,_Z,Not applicable,N,Non-consolidated,D,Expenditure,D62,Social benefits other than social transfers in kind,_Z,Not applicable,,,,,,,,,,,V,Current prices,N,Non transformed data,,,,,,,F,Free (free for publication),2,Two,A,Normal value,0,Units,_Z,Not applicable
DATAFLOW,OECD.SDD.NAD:DSD_NAAG_VI@DF_NAAG_EXP(1.0),NAAG Chapter 6: Government,I,A,Annual,GBR,United Kingdom,D62S13,Social benefits other than social transfers in kind,_T,Total,PT_B1GQ,Percentage of GDP,NAAG_VI,Part VI: General Government,2004,,12.0670297292454,,N,Neither seasonally adjusted nor calendar adjusted,_Z,Not applicable,S13,General government,_Z,Not applicable,N,Non-consolidated,D,Expenditure,D62,Social benefits other than social transfers in kind,_Z,Not applicable,,,,,,,,,,,V,Current prices,N,Non transformed data,,,,,,,F,Free (free for publication),2,Two,A,Normal value,0,Units,_Z,Not applicable
DATAFLOW,OECD.SDD.NAD:DSD_NAAG_VI@DF_NAAG_EXP(1.0),NAAG Chapter 6: Government,I,A,Annual,GBR,United Kingdom,D62S13,Social benefits other than social transfers in kind,_T,Total,PT_B1GQ,Percentage of GDP,NAAG_VI,Part VI: General Government,2003,,11.8234904246408,,N,Neither seasonally adjusted nor calendar adjusted,_Z,Not applicable,S13,General government,_Z,Not applicable,N,Non-consolidated,D,Expenditure,D62,Social benefits other than social transfers in kind,_Z,Not applicable,,,,,,,,,,,V,Current prices,N,Non transformed data,,,,,,,F,Free (free for publication),2,Two,A,Normal value,0,Units,_Z,Not applicable
DATAFLOW,OECD.SDD.NAD:DSD_NAAG_VI@DF_NAAG_EXP(1.0),NAAG Chapter 6: Government,I,A,Annual,GBR,United Kingdom,D62S13,Social benefits other than social transfers in kind,_T,Total,PT_B1GQ,Percentage of GDP,NAAG_VI,Part VI: General Government,2002,,11.5656781421458,,N,Neither seasonally adjusted nor calendar adjusted,_Z,Not applicable,S13,General government,_Z,Not applicable,N,Non-consolidated,D,Expenditure,D62,Social benefits other than social transfers in kind,_Z,Not applicable,,,,,,,,,,,V,Current prices,N,Non transformed data,,,,,,,F,Free (free for publication),2,Two,A,Normal value,0,Units,_Z,Not applicable
DATAFLOW,OECD.SDD.NAD:DSD_NAAG_VI@DF_NAAG_EXP(1.0),NAAG Chapter 6: Government,I,A,Annual,GBR,United Kingdom,D62S13,Social benefits other than social transfers in kind,_T,Total,PT_B1GQ,Percentage of GDP,NAAG_VI,Part VI: General Government,2001,,11.456329315482,,N,Neither seasonally adjusted nor calendar adjusted,_Z,Not applicable,S13,General government,_Z,Not applicable,N,Non-consolidated,D,Expenditure,D62,Social benefits other than social transfers in kind,_Z,Not applicable,,,,,,,,,,,V,Current prices,N,Non transformed data,,,,,,,F,Free (free for publication),2,Two,A,Normal value,0,Units,_Z,Not applicable
DATAFLOW,OECD.SDD.NAD:DSD_NAAG_VI@DF_NAAG_EXP(1.0),NAAG Chapter 6: Government,I,A,Annual,GBR,United Kingdom,D62S13,Social benefits other than social transfers in kind,_T,Total,PT_B1GQ,Percentage of GDP,NAAG_VI,Part VI: General Government,2000,,11.1411108042502,,N,Neither seasonally adjusted nor calendar adjusted,_Z,Not applicable,S13,General government,_Z,Not applicable,N,Non-consolidated,D,Expenditure,D62,Social benefits other than social transfers in kind,_Z,Not applicable,,,,,,,,,,,V,Current prices,N,Non transformed data,,,,,,,F,Free (free for publication),2,Two,A,Normal value,0,Units,_Z,Not applicable
DATAFLOW,OECD.SDD.NAD:DSD_NAAG_VI@DF_NAAG_EXP(1.0),NAAG Chapter 6: Government,I,A,Annual,GBR,United Kingdom,D62S13,Social benefits other than social transfers in kind,_T,Total,PT_B1GQ,Percentage of GDP,NAAG_VI,Part VI: General Government,2019,,12.4551405354084,,N,Neither seasonally adjusted nor calendar adjusted,_Z,Not applicable,S13,General government,_Z,Not applicable,N,Non-consolidated,D,Expenditure,D62,Social benefits other than social transfers in kind,_Z,Not applicable,,,,,,,,,,,V,Current prices,N,Non transformed data,,,,,,,F,Free (free for publication),2,Two,A,Normal value,0,Units,_Z,Not applicable
DATAFLOW,OECD.SDD.NAD:DSD_NAAG_VI@DF_NAAG_EXP(1.0),NAAG Chapter 6: Government,I,A,Annual,GBR,United Kingdom,D62S13,Social benefits other than social transfers in kind,_T,Total,PT_B1GQ,Percentage of GDP,NAAG_VI,Part VI: General Government,2018,,12.6712583352538,,N,Neither seasonally adjusted nor calendar adjusted,_Z,Not applicable,S13,General government,_Z,Not applicable,N,Non-consolidated,D,Expenditure,D62,Social benefits other than social transfers in kind,_Z,Not applicable,,,,,,,,,,,V,Current prices,N,Non transformed data,,,,,,,F,Free (free for publication),2,Two,A,Normal value,0,Units,_Z,Not applicable
DATAFLOW,OECD.SDD.NAD:DSD_NAAG_VI@DF_NAAG_EXP(1.0),NAAG Chapter 6: Government,I,A,Annual,GBR,United Kingdom,D62S13,Social benefits other than social transfers in kind,_T,Total,PT_B1GQ,Percentage of GDP,NAAG_VI,Part VI: General Government,2017,,12.7784537873557,,N,Neither seasonally adjusted nor calendar adjusted,_Z,Not applicable,S13,General government,_Z,Not applicable,N,Non-consolidated,D,Expenditure,D62,Social benefits other than social transfers in kind,_Z,Not applicable,,,,,,,,,,,V,Current prices,N,Non transformed data,,,,,,,F,Free (free for publication),2,Two,A,Normal value,0,Units,_Z,Not applicable
DATAFLOW,OECD.SDD.NAD:DSD_NAAG_VI@DF_NAAG_EXP(1.0),NAAG Chapter 6: Government,I,A,Annual,GBR,United Kingdom,D62S13,Social benefits other than social transfers in kind,_T,Total,PT_B1GQ,Percentage of GDP,NAAG_VI,Part VI: General Government,2016,,13.2724456416681,,N,Neither seasonally adjusted nor calendar adjusted,_Z,Not applicable,S13,General government,_Z,Not applicable,N,Non-consolidated,D,Expenditure,D62,Social benefits other than social transfers in kind,_Z,Not applicable,,,,,,,,,,,V,Current prices,N,Non transformed data,,,,,,,F,Free (free for publication),2,Two,A,Normal value,0,Units,_Z,Not applicable
DATAFLOW,OECD.SDD.NAD:DSD_NAAG_VI@DF_NAAG_EXP(1.0),NAAG Chapter 6: Government,I,A,Annual,GBR,United Kingdom,D62S13,Social benefits other than social transfers in kind,_T,Total,PT_B1GQ,Percentage of GDP,NAAG_VI,Part VI: General Government,2015,,13.6317077765098,,N,Neither seasonally adjusted nor calendar adjusted,_Z,Not applicable,S13,General government,_Z,Not applicable,N,Non-consolidated,D,Expenditure,D62,Social benefits other than social transfers in kind,_Z,Not applicable,,,,,,,,,,,V,Current prices,N,Non transformed data,,,,,,,F,Free (free for publication),2,Two,A,Normal value,0,Units,_Z,Not applicable
DATAFLOW,OECD.SDD.NAD:DSD_NAAG_VI@DF_NAAG_EXP(1.0),NAAG Chapter 6: Government,I,A,Annual,GBR,United Kingdom,D62S13,Social benefits other than social transfers in kind,_T,Total,PT_B1GQ,Percentage of GDP,NAAG_VI,Part VI: General Government,2014,,13.746420161137,,N,Neither seasonally adjusted nor calendar adjusted,_Z,Not applicable,S13,General government,_Z,Not applicable,N,Non-consolidated,D,Expenditure,D62,Social benefits other than social transfers in kind,_Z,Not applicable,,,,,,,,,,,V,Current prices,N,Non transformed data,,,,,,,F,Free (free for publication),2,Two,A,Normal value,0,Units,_Z,Not applicable
DATAFLOW,OECD.SDD.NAD:DSD_NAAG_VI@DF_NAAG_EXP(1.0),NAAG Chapter 6: Government,I,A,Annual,GBR,United Kingdom,D62S13,Social benefits other than social transfers in kind,_T,Total,PT_B1GQ,Percentage of GDP,NAAG_VI,Part VI: General Government,2013,,14.0778315007458,,N,Neither seasonally adjusted nor calendar adjusted,_Z,Not applicable,S13,General government,_Z,Not applicable,N,Non-consolidated,D,Expenditure,D62,Social benefits other than social transfers in kind,_Z,Not applicable,,,,,,,,,,,V,Current prices,N,Non transformed data,,,,,,,F,Free (free for publication),2,Two,A,Normal value,0,Units,_Z,Not applicable
DATAFLOW,OECD.SDD.NAD:DSD_NAAG_VI@DF_NAAG_EXP(1.0),NAAG Chapter 6: Government,I,A,Annual,GBR,United Kingdom,D62S13,Social benefits other than social transfers in kind,_T,Total,PT_B1GQ,Percentage of GDP,NAAG_VI,Part VI: General Government,2012,,14.395509171595,,N,Neither seasonally adjusted nor calendar adjusted,_Z,Not applicable,S13,General government,_Z,Not applicable,N,Non-consolidated,D,Expenditure,D62,Social benefits other than social transfers in kind,_Z,Not applicable,,,,,,,,,,,V,Current prices,N,Non transformed data,,,,,,,F,Free (free for publication),2,Two,A,Normal value,0,Units,_Z,Not applicable
DATAFLOW,OECD.SDD.NAD:DSD_NAAG_VI@DF_NAAG_EXP(1.0),NAAG Chapter 6: Government,I,A,Annual,GBR,United Kingdom,D62S13,Social benefits other than social transfers in kind,_T,Total,PT_B1GQ,Percentage of GDP,NAAG_VI,Part VI: General Government,2011,,14.1933369020624,,N,Neither seasonally adjusted nor calendar adjusted,_Z,Not applicable,S13,General government,_Z,Not applicable,N,Non-consolidated,D,Expenditure,D62,Social benefits other than social transfers in kind,_Z,Not applicable,,,,,,,,,,,V,Current prices,N,Non transformed data,,,,,,,F,Free (free for publication),2,Two,A,Normal value,0,Units,_Z,Not applicable
DATAFLOW,OECD.SDD.NAD:DSD_NAAG_VI@DF_NAAG_EXP(1.0),NAAG Chapter 6: Government,I,A,Annual,GBR,United Kingdom,D62S13,Social benefits other than social transfers in kind,_T,Total,PT_B1GQ,Percentage of GDP,NAAG_VI,Part VI: General Government,2010,,14.1935640292859,,N,Neither seasonally adjusted nor calendar adjusted,_Z,Not applicable,S13,General government,_Z,Not applicable,N,Non-consolidated,D,Expenditure,D62,Social benefits other than social transfers in kind,_Z,Not applicable,,,,,,,,,,,V,Current prices,N,Non transformed data,,,,,,,F,Free (free for publication),2,Two,A,Normal value,0,Units,_Z,Not applicable
DATAFLOW,OECD.SDD.NAD:DSD_NAAG_VI@DF_NAAG_EXP(1.0),NAAG Chapter 6: Government,I,A,Annual,GBR,United Kingdom,D62S13,Social benefits other than social transfers in kind,_T,Total,PT_B1GQ,Percentage of GDP,NAAG_VI,Part VI: General Government,2009,,14.1062576107211,,N,Neither seasonally adjusted nor calendar adjusted,_Z,Not applicable,S13,General government,_Z,Not applicable,N,Non-consolidated,D,Expenditure,D62,Social benefits other than social transfers in kind,_Z,Not applicable,,,,,,,,,,,V,Current prices,N,Non transformed data,,,,,,,F,Free (free for publication),2,Two,A,Normal value,0,Units,_Z,Not applicable
DATAFLOW,OECD.SDD.NAD:DSD_NAAG_VI@DF_NAAG_EXP(1.0),NAAG Chapter 6: Government,I,A,Annual,GBR,United Kingdom,D62S13,Social benefits other than social transfers in kind,_T,Total,PT_B1GQ,Percentage of GDP,NAAG_VI,Part VI: General Government,2008,,12.3569277108434,,N,Neither seasonally adjusted nor calendar adjusted,_Z,Not applicable,S13,General government,_Z,Not applicable,N,Non-consolidated,D,Expenditure,D62,Social benefits other than social transfers in kind,_Z,Not applicable,,,,,,,,,,,V,Current prices,N,Non transformed data,,,,,,,F,Free (free for publication),2,Two,A,Normal value,0,Units,_Z,Not applicable
DATAFLOW,OECD.SDD.NAD:DSD_NAAG_VI@DF_NAAG_EXP(1.0),NAAG Chapter 6: Government,I,A,Annual,GBR,United Kingdom,D62S13,Social benefits other than social transfers in kind,_T,Total,PT_B1GQ,Percentage of GDP,NAAG_VI,Part VI: General Government,2007,,11.9106948752361,,N,Neither seasonally adjusted nor calendar adjusted,_Z,Not applicable,S13,General government,_Z,Not applicable,N,Non-consolidated,D,Expenditure,D62,Social benefits other than social transfers in kind,_Z,Not applicable,,,,,,,,,,,V,Current prices,N,Non transformed data,,,,,,,F,Free (free for publication),2,Two,A,Normal value,0,Units,_Z,Not applicable
DATAFLOW,OECD.SDD.NAD:DSD_NAAG_VI@DF_NAAG_EXP(1.0),NAAG Chapter 6: Government,I,A,Annual,GBR,United Kingdom,D62S13,Social benefits other than social transfers in kind,_T,Total,PT_B1GQ,Percentage of GDP,NAAG_VI,Part VI: General Government,2006,,11.7286374400661,,N,Neither seasonally adjusted nor calendar adjusted,_Z,Not applicable,S13,General government,_Z,Not applicable,N,Non-consolidated,D,Expenditure,D62,Social benefits other than social transfers in kind,_Z,Not applicable,,,,,,,,,,,V,Current prices,N,Non transformed data,,,,,,,F,Free (free for publication),2,Two,A,Normal value,0,Units,_Z,Not applicable
DATAFLOW,OECD.SDD.NAD:DSD_NAAG_VI@DF_NAAG_EXP(1.0),NAAG Chapter 6: Government,I,A,Annual,GBR,United Kingdom,D62S13,Social benefits other than social transfers in kind,_T,Total,PT_B1GQ,Percentage of GDP,NAAG_VI,Part VI: General Government,2024,,13.6188178909143,,N,Neither seasonally adjusted nor calendar adjusted,_Z,Not applicable,S13,General government,_Z,Not applicable,N,Non-consolidated,D,Expenditure,D62,Social benefits other than social transfers in kind,_Z,Not applicable,,,,,,,,,,,V,Current prices,N,Non transformed data,,,,,,,F,Free (free for publication),2,Two,A,Normal value,0,Units,_Z,Not applicable
DATAFLOW,OECD.SDD.NAD:DSD_NAAG_VI@DF_NAAG_EXP(1.0),NAAG Chapter 6: Government,I,A,Annual,GBR,United Kingdom,D62S13,Social benefits other than social transfers in kind,_T,Total,PT_B1GQ,Percentage of GDP,NAAG_VI,Part VI: General Government,2023,,13.136912457099,,N,Neither seasonally adjusted nor calendar adjusted,_Z,Not applicable,S13,General government,_Z,Not applicable,N,Non-consolidated,D,Expenditure,D62,Social benefits other than social transfers in kind,_Z,Not applicable,,,,,,,,,,,V,Current prices,N,Non transformed data,,,,,,,F,Free (free for publication),2,Two,A,Normal value,0,Units,_Z,Not applicable
DATAFLOW,OECD.SDD.NAD:DSD_NAAG_VI@DF_NAAG_EXP(1.0),NAAG Chapter 6: Government,I,A,Annual,GRC,Greece,D62S13,Social benefits other than social transfers in kind,_T,Total,PT_B1GQ,Percentage of GDP,NAAG_VI,Part VI: General Government,2021,,19.2702587190754,,N,Neither seasonally adjusted nor calendar adjusted,_Z,Not applicable,S13,General government,_Z,Not applicable,N,Non-consolidated,D,Expenditure,D62,Social benefits other than social transfers in kind,_Z,Not applicable,,,,,,,,,,,V,Current prices,N,Non transformed data,,,,,,,F,Free (free for publication),2,Two,A,Normal value,0,Units,_Z,Not applicable
DATAFLOW,OECD.SDD.NAD:DSD_NAAG_VI@DF_NAAG_EXP(1.0),NAAG Chapter 6: Government,I,A,Annual,GRC,Greece,D62S13,Social benefits other than social transfers in kind,_T,Total,PT_B1GQ,Percentage of GDP,NAAG_VI,Part VI: General Government,2020,,20.4298068853611,,N,Neither seasonally adjusted nor calendar adjusted,_Z,Not applicable,S13,General government,_Z,Not applicable,N,Non-consolidated,D,Expenditure,D62,Social benefits other than social transfers in kind,_Z,Not applicable,,,,,,,,,,,V,Current prices,N,Non transformed data,,,,,,,F,Free (free for publication),2,Two,A,Normal value,0,Units,_Z,Not applicable
DATAFLOW,OECD.SDD.NAD:DSD_NAAG_VI@DF_NAAG_EXP(1.0),NAAG Chapter 6: Government,I,A,Annual,GRC,Greece,D62S13,Social benefits other than social transfers in kind,_T,Total,PT_B1GQ,Percentage of GDP,NAAG_VI,Part VI: General Government,2005,,13.9084714025196,,N,Neither seasonally adjusted nor calendar adjusted,_Z,Not applicable,S13,General government,_Z,Not applicable,N,Non-consolidated,D,Expenditure,D62,Social benefits other than social transfers in kind,_Z,Not applicable,,,,,,,,,,,V,Current prices,N,Non transformed data,,,,,,,F,Free (free for publication),2,Two,A,Normal value,0,Units,_Z,Not applicable
DATAFLOW,OECD.SDD.NAD:DSD_NAAG_VI@DF_NAAG_EXP(1.0),NAAG Chapter 6: Government,I,A,Annual,GRC,Greece,D62S13,Social benefits other than social transfers in kind,_T,Total,PT_B1GQ,Percentage of GDP,NAAG_VI,Part VI: General Government,2004,,13.1473352699969,,N,Neither seasonally adjusted nor calendar adjusted,_Z,Not applicable,S13,General government,_Z,Not applicable,N,Non-consolidated,D,Expenditure,D62,Social benefits other than social transfers in kind,_Z,Not applicable,,,,,,,,,,,V,Current prices,N,Non transformed data,,,,,,,F,Free (free for publication),2,Two,A,Normal value,0,Units,_Z,Not applicable
DATAFLOW,OECD.SDD.NAD:DSD_NAAG_VI@DF_NAAG_EXP(1.0),NAAG Chapter 6: Government,I,A,Annual,GRC,Greece,D62S13,Social benefits other than social transfers in kind,_T,Total,PT_B1GQ,Percentage of GDP,NAAG_VI,Part VI: General Government,2003,,13.4730257114851,,N,Neither seasonally adjusted nor calendar adjusted,_Z,Not applicable,S13,General government,_Z,Not applicable,N,Non-consolidated,D,Expenditure,D62,Social benefits other than social transfers in kind,_Z,Not applicable,,,,,,,,,,,V,Current prices,N,Non transformed data,,,,,,,F,Free (free for publication),2,Two,A,Normal value,0,Units,_Z,Not applicable
DATAFLOW,OECD.SDD.NAD:DSD_NAAG_VI@DF_NAAG_EXP(1.0),NAAG Chapter 6: Government,I,A,Annual,GRC,Greece,D62S13,Social benefits other than social transfers in kind,_T,Total,PT_B1GQ,Percentage of GDP,NAAG_VI,Part VI: General Government,2002,,12.9595389508623,,N,Neither seasonally adjusted nor calendar adjusted,_Z,Not applicable,S13,General government,_Z,Not applicable,N,Non-consolidated,D,Expenditure,D62,Social benefits other than social transfers in kind,_Z,Not applicable,,,,,,,,,,,V,Current prices,N,Non transformed data,,,,,,,F,Free (free for publication),2,Two,A,Normal value,0,Units,_Z,Not applicable
DATAFLOW,OECD.SDD.NAD:DSD_NAAG_VI@DF_NAAG_EXP(1.0),NAAG Chapter 6: Government,I,A,Annual,GRC,Greece,D62S13,Social benefits other than social transfers in kind,_T,Total,PT_B1GQ,Percentage of GDP,NAAG_VI,Part VI: General Government,2001,,13.0189678258195,,N,Neither seasonally adjusted nor calendar adjusted,_Z,Not applicable,S13,General government,_Z,Not applicable,N,Non-consolidated,D,Expenditure,D62,Social benefits other than social transfers in kind,_Z,Not applicable,,,,,,,,,,,V,Current prices,N,Non transformed data,,,,,,,F,Free (free for publication),2,Two,A,Normal value,0,Units,_Z,Not applicable
DATAFLOW,OECD.SDD.NAD:DSD_NAAG_VI@DF_NAAG_EXP(1.0),NAAG Chapter 6: Government,I,A,Annual,GRC,Greece,D62S13,Social benefits other than social transfers in kind,_T,Total,PT_B1GQ,Percentage of GDP,NAAG_VI,Part VI: General Government,2000,,12.760612969606,,N,Neither seasonally adjusted nor calendar adjusted,_Z,Not applicable,S13,General government,_Z,Not applicable,N,Non-consolidated,D,Expenditure,D62,Social benefits other than social transfers in kind,_Z,Not applicable,,,,,,,,,,,V,Current prices,N,Non transformed data,,,,,,,F,Free (free for publication),2,Two,A,Normal value,0,Units,_Z,Not applicable
DATAFLOW,OECD.SDD.NAD:DSD_NAAG_VI@DF_NAAG_EXP(1.0),NAAG Chapter 6: Government,I,A,Annual,GRC,Greece,D62S13,Social benefits other than social transfers in kind,_T,Total,PT_B1GQ,Percentage of GDP,NAAG_VI,Part VI: General Government,2019,,18.6476798241609,,N,Neither seasonally adjusted nor calendar adjusted,_Z,Not applicable,S13,General government,_Z,Not applicable,N,Non-consolidated,D,Expenditure,D62,Social benefits other than social transfers in kind,_Z,Not applicable,,,,,,,,,,,V,Current prices,N,Non transformed data,,,,,,,F,Free (free for publication),2,Two,A,Normal value,0,Units,_Z,Not applicable
DATAFLOW,OECD.SDD.NAD:DSD_NAAG_VI@DF_NAAG_EXP(1.0),NAAG Chapter 6: Government,I,A,Annual,GRC,Greece,D62S13,Social benefits other than social transfers in kind,_T,Total,PT_B1GQ,Percentage of GDP,NAAG_VI,Part VI: General Government,2018,,19.0315727316765,,N,Neither seasonally adjusted nor calendar adjusted,_Z,Not applicable,S13,General government,_Z,Not applicable,N,Non-consolidated,D,Expenditure,D62,Social benefits other than social transfers in kind,_Z,Not applicable,,,,,,,,,,,V,Current prices,N,Non transformed data,,,,,,,F,Free (free for publication),2,Two,A,Normal value,0,Units,_Z,Not applicable
DATAFLOW,OECD.SDD.NAD:DSD_NAAG_VI@DF_NAAG_EXP(1.0),NAAG Chapter 6: Government,I,A,Annual,GRC,Greece,D62S13,Social benefits other than social transfers in kind,_T,Total,PT_B1GQ,Percentage of GDP,NAAG_VI,Part VI: General Government,2017,,19.353534039802,,N,Neither seasonally adjusted nor calendar adjusted,_Z,Not applicable,S13,General government,_Z,Not applicable,N,Non-consolidated,D,Expenditure,D62,Social benefits other than social transfers in kind,_Z,Not applicable,,,,,,,,,,,V,Current prices,N,Non transformed data,,,,,,,F,Free (free for publication),2,Two,A,Normal value,0,Units,_Z,Not applicable
DATAFLOW,OECD.SDD.NAD:DSD_NAAG_VI@DF_NAAG_EXP(1.0),NAAG Chapter 6: Government,I,A,Annual,GRC,Greece,D62S13,Social benefits other than social transfers in kind,_T,Total,PT_B1GQ,Percentage of GDP,NAAG_VI,Part VI: General Government,2016,,20.1446636018596,,N,Neither seasonally adjusted nor calendar adjusted,_Z,Not applicable,S13,General government,_Z,Not applicable,N,Non-consolidated,D,Expenditure,D62,Social benefits other than social transfers in kind,_Z,Not applicable,,,,,,,,,,,V,Current prices,N,Non transformed data,,,,,,,F,Free (free for publication),2,Two,A,Normal value,0,Units,_Z,Not applicable
DATAFLOW,OECD.SDD.NAD:DSD_NAAG_VI@DF_NAAG_EXP(1.0),NAAG Chapter 6: Government,I,A,Annual,GRC,Greece,D62S13,Social benefits other than social transfers in kind,_T,Total,PT_B1GQ,Percentage of GDP,NAAG_VI,Part VI: General Government,2015,,20.001952697418,,N,Neither seasonally adjusted nor calendar adjusted,_Z,Not applicable,S13,General government,_Z,Not applicable,N,Non-consolidated,D,Expenditure,D62,Social benefits other than social transfers in kind,_Z,Not applicable,,,,,,,,,,,V,Current prices,N,Non transformed data,,,,,,,F,Free (free for publication),2,Two,A,Normal value,0,Units,_Z,Not applicable
DATAFLOW,OECD.SDD.NAD:DSD_NAAG_VI@DF_NAAG_EXP(1.0),NAAG Chapter 6: Government,I,A,Annual,GRC,Greece,D62S13,Social benefits other than social transfers in kind,_T,Total,PT_B1GQ,Percentage of GDP,NAAG_VI,Part VI: General Government,2014,,19.9691213049523,,N,Neither seasonally adjusted nor calendar adjusted,_Z,Not applicable,S13,General government,_Z,Not applicable,N,Non-consolidated,D,Expenditure,D62,Social benefits other than social transfers in kind,_Z,Not applicable,,,,,,,,,,,V,Current prices,N,Non transformed data,,,,,,,F,Free (free for publication),2,Two,A,Normal value,0,Units,_Z,Not applicable
DATAFLOW,OECD.SDD.NAD:DSD_NAAG_VI@DF_NAAG_EXP(1.0),NAAG Chapter 6: Government,I,A,Annual,GRC,Greece,D62S13,Social benefits other than social transfers in kind,_T,Total,PT_B1GQ,Percentage of GDP,NAAG_VI,Part VI: General Government,2013,,19.2607093619858,,N,Neither seasonally adjusted nor calendar adjusted,_Z,Not applicable,S13,General government,_Z,Not applicable,N,Non-consolidated,D,Expenditure,D62,Social benefits other than social transfers in kind,_Z,Not applicable,,,,,,,,,,,V,Current prices,N,Non transformed data,,,,,,,F,Free (free for publication),2,Two,A,Normal value,0,Units,_Z,Not applicable
DATAFLOW,OECD.SDD.NAD:DSD_NAAG_VI@DF_NAAG_EXP(1.0),NAAG Chapter 6: Government,I,A,Annual,GRC,Greece,D62S13,Social benefits other than social transfers in kind,_T,Total,PT_B1GQ,Percentage of GDP,NAAG_VI,Part VI: General Government,2012,,20.8919712991827,,N,Neither seasonally adjusted nor calendar adjusted,_Z,Not applicable,S13,General government,_Z,Not applicable,N,Non-consolidated,D,Expenditure,D62,Social benefits other than social transfers in kind,_Z,Not applicable,,,,,,,,,,,V,Current prices,N,Non transformed data,,,,,,,F,Free (free for publication),2,Two,A,Normal value,0,Units,_Z,Not applicable
DATAFLOW,OECD.SDD.NAD:DSD_NAAG_VI@DF_NAAG_EXP(1.0),NAAG Chapter 6: Government,I,A,Annual,GRC,Greece,D62S13,Social benefits other than social transfers in kind,_T,Total,PT_B1GQ,Percentage of GDP,NAAG_VI,Part VI: General Government,2011,,19.8510884545278,,N,Neither seasonally adjusted nor calendar adjusted,_Z,Not applicable,S13,General government,_Z,Not applicable,N,Non-consolidated,D,Expenditure,D62,Social benefits other than social transfers in kind,_Z,Not applicable,,,,,,,,,,,V,Current prices,N,Non transformed data,,,,,,,F,Free (free for publication),2,Two,A,Normal value,0,Units,_Z,Not applicable
DATAFLOW,OECD.SDD.NAD:DSD_NAAG_VI@DF_NAAG_EXP(1.0),NAAG Chapter 6: Government,I,A,Annual,GRC,Greece,D62S13,Social benefits other than social transfers in kind,_T,Total,PT_B1GQ,Percentage of GDP,NAAG_VI,Part VI: General Government,2010,,17.9408342439212,,N,Neither seasonally adjusted nor calendar adjusted,_Z,Not applicable,S13,General government,_Z,Not applicable,N,Non-consolidated,D,Expenditure,D62,Social benefits other than social transfers in kind,_Z,Not applicable,,,,,,,,,,,V,Current prices,N,Non transformed data,,,,,,,F,Free (free for publication),2,Two,A,Normal value,0,Units,_Z,Not applicable
DATAFLOW,OECD.SDD.NAD:DSD_NAAG_VI@DF_NAAG_EXP(1.0),NAAG Chapter 6: Government,I,A,Annual,GRC,Greece,D62S13,Social benefits other than social transfers in kind,_T,Total,PT_B1GQ,Percentage of GDP,NAAG_VI,Part VI: General Government,2009,,17.7464737134384,,N,Neither seasonally adjusted nor calendar adjusted,_Z,Not applicable,S13,General government,_Z,Not applicable,N,Non-consolidated,D,Expenditure,D62,Social benefits other than social transfers in kind,_Z,Not applicable,,,,,,,,,,,V,Current prices,N,Non transformed data,,,,,,,F,Free (free for publication),2,Two,A,Normal value,0,Units,_Z,Not applicable
DATAFLOW,OECD.SDD.NAD:DSD_NAAG_VI@DF_NAAG_EXP(1.0),NAAG Chapter 6: Government,I,A,Annual,GRC,Greece,D62S13,Social benefits other than social transfers in kind,_T,Total,PT_B1GQ,Percentage of GDP,NAAG_VI,Part VI: General Government,2008,,16.2409929300234,,N,Neither seasonally adjusted nor calendar adjusted,_Z,Not applicable,S13,General government,_Z,Not applicable,N,Non-consolidated,D,Expenditure,D62,Social benefits other than social transfers in kind,_Z,Not applicable,,,,,,,,,,,V,Current prices,N,Non transformed data,,,,,,,F,Free (free for publication),2,Two,A,Normal value,0,Units,_Z,Not applicable
DATAFLOW,OECD.SDD.NAD:DSD_NAAG_VI@DF_NAAG_EXP(1.0),NAAG Chapter 6: Government,I,A,Annual,GRC,Greece,D62S13,Social benefits other than social transfers in kind,_T,Total,PT_B1GQ,Percentage of GDP,NAAG_VI,Part VI: General Government,2007,,14.7760777766381,,N,Neither seasonally adjusted nor calendar adjusted,_Z,Not applicable,S13,General government,_Z,Not applicable,N,Non-consolidated,D,Expenditure,D62,Social benefits other than social transfers in kind,_Z,Not applicable,,,,,,,,,,,V,Current prices,N,Non transformed data,,,,,,,F,Free (free for publication),2,Two,A,Normal value,0,Units,_Z,Not applicable
DATAFLOW,OECD.SDD.NAD:DSD_NAAG_VI@DF_NAAG_EXP(1.0),NAAG Chapter 6: Government,I,A,Annual,GRC,Greece,D62S13,Social benefits other than social transfers in kind,_T,Total,PT_B1GQ,Percentage of GDP,NAAG_VI,Part VI: General Government,2006,,14.2030610561734,,N,Neither seasonally adjusted nor calendar adjusted,_Z,Not applicable,S13,General government,_Z,Not applicable,N,Non-consolidated,D,Expenditure,D62,Social benefits other than social transfers in kind,_Z,Not applicable,,,,,,,,,,,V,Current prices,N,Non transformed data,,,,,,,F,Free (free for publication),2,Two,A,Normal value,0,Units,_Z,Not applicable
DATAFLOW,OECD.SDD.NAD:DSD_NAAG_VI@DF_NAAG_EXP(1.0),NAAG Chapter 6: Government,I,A,Annual,GRC,Greece,D62S13,Social benefits other than social transfers in kind,_T,Total,PT_B1GQ,Percentage of GDP,NAAG_VI,Part VI: General Government,2024,,16.6841066493136,,N,Neither seasonally adjusted nor calendar adjusted,_Z,Not applicable,S13,General government,_Z,Not applicable,N,Non-consolidated,D,Expenditure,D62,Social benefits other than social transfers in kind,_Z,Not applicable,,,,,,,,,,,V,Current prices,N,Non transformed data,,,,,,,F,Free (free for publication),2,Two,A,Normal value,0,Units,_Z,Not applicable
DATAFLOW,OECD.SDD.NAD:DSD_NAAG_VI@DF_NAAG_EXP(1.0),NAAG Chapter 6: Government,I,A,Annual,GRC,Greece,D62S13,Social benefits other than social transfers in kind,_T,Total,PT_B1GQ,Percentage of GDP,NAAG_VI,Part VI: General Government,2023,,17.2249269728189,,N,Neither seasonally adjusted nor calendar adjusted,_Z,Not applicable,S13,General government,_Z,Not applicable,N,Non-consolidated,D,Expenditure,D62,Social benefits other than social transfers in kind,_Z,Not applicable,,,,,,,,,,,V,Current prices,N,Non transformed data,,,,,,,F,Free (free for publication),2,Two,A,Normal value,0,Units,_Z,Not applicable
DATAFLOW,OECD.SDD.NAD:DSD_NAAG_VI@DF_NAAG_EXP(1.0),NAAG Chapter 6: Government,I,A,Annual,COL,Colombia,D62S13,Social benefits other than social transfers in kind,_T,Total,PT_B1GQ,Percentage of GDP,NAAG_VI,Part VI: General Government,2012,,9.0116082801831,,N,Neither seasonally adjusted nor calendar adjusted,_Z,Not applicable,S13,General government,_Z,Not applicable,N,Non-consolidated,D,Expenditure,D62,Social benefits other than social transfers in kind,_Z,Not applicable,,,,,,,,,,,V,Current prices,N,Non transformed data,,,,,,,F,Free (free for publication),2,Two,A,Normal value,0,Units,_Z,Not applicable
DATAFLOW,OECD.SDD.NAD:DSD_NAAG_VI@DF_NAAG_EXP(1.0),NAAG Chapter 6: Government,I,A,Annual,COL,Colombia,D62S13,Social benefits other than social transfers in kind,_T,Total,PT_B1GQ,Percentage of GDP,NAAG_VI,Part VI: General Government,2011,,8.75250192642277,,N,Neither seasonally adjusted nor calendar adjusted,_Z,Not applicable,S13,General government,_Z,Not applicable,N,Non-consolidated,D,Expenditure,D62,Social benefits other than social transfers in kind,_Z,Not applicable,,,,,,,,,,,V,Current prices,N,Non transformed data,,,,,,,F,Free (free for publication),2,Two,A,Normal value,0,Units,_Z,Not applicable
DATAFLOW,OECD.SDD.NAD:DSD_NAAG_VI@DF_NAAG_EXP(1.0),NAAG Chapter 6: Government,I,A,Annual,COL,Colombia,D62S13,Social benefits other than social transfers in kind,_T,Total,PT_B1GQ,Percentage of GDP,NAAG_VI,Part VI: General Government,2010,,8.97805389111495,,N,Neither seasonally adjusted nor calendar adjusted,_Z,Not applicable,S13,General government,_Z,Not applicable,N,Non-consolidated,D,Expenditure,D62,Social benefits other than social transfers in kind,_Z,Not applicable,,,,,,,,,,,V,Current prices,N,Non transformed data,,,,,,,F,Free (free for publication),2,Two,A,Normal value,0,Units,_Z,Not applicable
DATAFLOW,OECD.SDD.NAD:DSD_NAAG_VI@DF_NAAG_EXP(1.0),NAAG Chapter 6: Government,I,A,Annual,COL,Colombia,D62S13,Social benefits other than social transfers in kind,_T,Total,PT_B1GQ,Percentage of GDP,NAAG_VI,Part VI: General Government,2009,,9.08021548166372,,N,Neither seasonally adjusted nor calendar adjusted,_Z,Not applicable,S13,General government,_Z,Not applicable,N,Non-consolidated,D,Expenditure,D62,Social benefits other than social transfers in kind,_Z,Not applicable,,,,,,,,,,,V,Current prices,N,Non transformed data,,,,,,,F,Free (free for publication),2,Two,A,Normal value,0,Units,_Z,Not applicable
DATAFLOW,OECD.SDD.NAD:DSD_NAAG_VI@DF_NAAG_EXP(1.0),NAAG Chapter 6: Government,I,A,Annual,COL,Colombia,D62S13,Social benefits other than social transfers in kind,_T,Total,PT_B1GQ,Percentage of GDP,NAAG_VI,Part VI: General Government,2008,,8.41772390956744,,N,Neither seasonally adjusted nor calendar adjusted,_Z,Not applicable,S13,General government,_Z,Not applicable,N,Non-consolidated,D,Expenditure,D62,Social benefits other than social transfers in kind,_Z,Not applicable,,,,,,,,,,,V,Current prices,N,Non transformed data,,,,,,,F,Free (free for publication),2,Two,A,Normal value,0,Units,_Z,Not applicable
DATAFLOW,OECD.SDD.NAD:DSD_NAAG_VI@DF_NAAG_EXP(1.0),NAAG Chapter 6: Government,I,A,Annual,COL,Colombia,D62S13,Social benefits other than social transfers in kind,_T,Total,PT_B1GQ,Percentage of GDP,NAAG_VI,Part VI: General Government,2007,,8.33290549023818,,N,Neither seasonally adjusted nor calendar adjusted,_Z,Not applicable,S13,General government,_Z,Not applicable,N,Non-consolidated,D,Expenditure,D62,Social benefits other than social transfers in kind,_Z,Not applicable,,,,,,,,,,,V,Current prices,N,Non transformed data,,,,,,,F,Free (free for publication),2,Two,A,Normal value,0,Units,_Z,Not applicable
DATAFLOW,OECD.SDD.NAD:DSD_NAAG_VI@DF_NAAG_EXP(1.0),NAAG Chapter 6: Government,I,A,Annual,COL,Colombia,D62S13,Social benefits other than social transfers in kind,_T,Total,PT_B1GQ,Percentage of GDP,NAAG_VI,Part VI: General Government,2006,,8.30363413381411,,N,Neither seasonally adjusted nor calendar adjusted,_Z,Not applicable,S13,General government,_Z,Not applicable,N,Non-consolidated,D,Expenditure,D62,Social benefits other than social transfers in kind,_Z,Not applicable,,,,,,,,,,,V,Current prices,N,Non transformed data,,,,,,,F,Free (free for publication),2,Two,A,Normal value,0,Units,_Z,Not applicable
DATAFLOW,OECD.SDD.NAD:DSD_NAAG_VI@DF_NAAG_EXP(1.0),NAAG Chapter 6: Government,I,A,Annual,COL,Colombia,D62S13,Social benefits other than social transfers in kind,_T,Total,PT_B1GQ,Percentage of GDP,NAAG_VI,Part VI: General Government,2005,,8.21788506264092,,N,Neither seasonally adjusted nor calendar adjusted,_Z,Not applicable,S13,General government,_Z,Not applicable,N,Non-consolidated,D,Expenditure,D62,Social benefits other than social transfers in kind,_Z,Not applicable,,,,,,,,,,,V,Current prices,N,Non transformed data,,,,,,,F,Free (free for publication),2,Two,A,Normal value,0,Units,_Z,Not applicable
DATAFLOW,OECD.SDD.NAD:DSD_NAAG_VI@DF_NAAG_EXP(1.0),NAAG Chapter 6: Government,I,A,Annual,COL,Colombia,D62S13,Social benefits other than social transfers in kind,_T,Total,PT_B1GQ,Percentage of GDP,NAAG_VI,Part VI: General Government,2024,,11.2304863877939,,N,Neither seasonally adjusted nor calendar adjusted,_Z,Not applicable,S13,General government,_Z,Not applicable,N,Non-consolidated,D,Expenditure,D62,Social benefits other than social transfers in kind,_Z,Not applicable,,,,,,,,,,,V,Current prices,N,Non transformed data,,,,,,,F,Free (free for publication),2,Two,A,Normal value,0,Units,_Z,Not applicable
DATAFLOW,OECD.SDD.NAD:DSD_NAAG_VI@DF_NAAG_EXP(1.0),NAAG Chapter 6: Government,I,A,Annual,COL,Colombia,D62S13,Social benefits other than social transfers in kind,_T,Total,PT_B1GQ,Percentage of GDP,NAAG_VI,Part VI: General Government,2023,,10.7745231805382,,N,Neither seasonally adjusted nor calendar adjusted,_Z,Not applicable,S13,General government,_Z,Not applicable,N,Non-consolidated,D,Expenditure,D62,Social benefits other than social transfers in kind,_Z,Not applicable,,,,,,,,,,,V,Current prices,N,Non transformed data,,,,,,,F,Free (free for publication),2,Two,A,Normal value,0,Units,_Z,Not applicable
DATAFLOW,OECD.SDD.NAD:DSD_NAAG_VI@DF_NAAG_EXP(1.0),NAAG Chapter 6: Government,I,A,Annual,COL,Colombia,D62S13,Social benefits other than social transfers in kind,_T,Total,PT_B1GQ,Percentage of GDP,NAAG_VI,Part VI: General Government,2022,,9.78642207522506,,N,Neither seasonally adjusted nor calendar adjusted,_Z,Not applicable,S13,General government,_Z,Not applicable,N,Non-consolidated,D,Expenditure,D62,Social benefits other than social transfers in kind,_Z,Not applicable,,,,,,,,,,,V,Current prices,N,Non transformed data,,,,,,,F,Free (free for publication),2,Two,A,Normal value,0,Units,_Z,Not applicable
DATAFLOW,OECD.SDD.NAD:DSD_NAAG_VI@DF_NAAG_EXP(1.0),NAAG Chapter 6: Government,I,A,Annual,COL,Colombia,D62S13,Social benefits other than social transfers in kind,_T,Total,PT_B1GQ,Percentage of GDP,NAAG_VI,Part VI: General Government,2021,,10.51579948249,,N,Neither seasonally adjusted nor calendar adjusted,_Z,Not applicable,S13,General government,_Z,Not applicable,N,Non-consolidated,D,Expenditure,D62,Social benefits other than social transfers in kind,_Z,Not applicable,,,,,,,,,,,V,Current prices,N,Non transformed data,,,,,,,F,Free (free for publication),2,Two,A,Normal value,0,Units,_Z,Not applicable
DATAFLOW,OECD.SDD.NAD:DSD_NAAG_VI@DF_NAAG_EXP(1.0),NAAG Chapter 6: Government,I,A,Annual,COL,Colombia,D62S13,Social benefits other than social transfers in kind,_T,Total,PT_B1GQ,Percentage of GDP,NAAG_VI,Part VI: General Government,2020,,11.5453528444992,,N,Neither seasonally adjusted nor calendar adjusted,_Z,Not applicable,S13,General government,_Z,Not applicable,N,Non-consolidated,D,Expenditure,D62,Social benefits other than social transfers in kind,_Z,Not applicable,,,,,,,,,,,V,Current prices,N,Non transformed data,,,,,,,F,Free (free for publication),2,Two,A,Normal value,0,Units,_Z,Not applicable
DATAFLOW,OECD.SDD.NAD:DSD_NAAG_VI@DF_NAAG_EXP(1.0),NAAG Chapter 6: Government,I,A,Annual,COL,Colombia,D62S13,Social benefits other than social transfers in kind,_T,Total,PT_B1GQ,Percentage of GDP,NAAG_VI,Part VI: General Government,2019,,10.1742529724508,,N,Neither seasonally adjusted nor calendar adjusted,_Z,Not applicable,S13,General government,_Z,Not applicable,N,Non-consolidated,D,Expenditure,D62,Social benefits other than social transfers in kind,_Z,Not applicable,,,,,,,,,,,V,Current prices,N,Non transformed data,,,,,,,F,Free (free for publication),2,Two,A,Normal value,0,Units,_Z,Not applicable
DATAFLOW,OECD.SDD.NAD:DSD_NAAG_VI@DF_NAAG_EXP(1.0),NAAG Chapter 6: Government,I,A,Annual,COL,Colombia,D62S13,Social benefits other than social transfers in kind,_T,Total,PT_B1GQ,Percentage of GDP,NAAG_VI,Part VI: General Government,2018,,10.0896849637221,,N,Neither seasonally adjusted nor calendar adjusted,_Z,Not applicable,S13,General government,_Z,Not applicable,N,Non-consolidated,D,Expenditure,D62,Social benefits other than social transfers in kind,_Z,Not applicable,,,,,,,,,,,V,Current prices,N,Non transformed data,,,,,,,F,Free (free for publication),2,Two,A,Normal value,0,Units,_Z,Not applicable
DATAFLOW,OECD.SDD.NAD:DSD_NAAG_VI@DF_NAAG_EXP(1.0),NAAG Chapter 6: Government,I,A,Annual,COL,Colombia,D62S13,Social benefits other than social transfers in kind,_T,Total,PT_B1GQ,Percentage of GDP,NAAG_VI,Part VI: General Government,2017,,10.1436112598876,,N,Neither seasonally adjusted nor calendar adjusted,_Z,Not applicable,S13,General government,_Z,Not applicable,N,Non-consolidated,D,Expenditure,D62,Social benefits other than social transfers in kind,_Z,Not applicable,,,,,,,,,,,V,Current prices,N,Non transformed data,,,,,,,F,Free (free for publication),2,Two,A,Normal value,0,Units,_Z,Not applicable
DATAFLOW,OECD.SDD.NAD:DSD_NAAG_VI@DF_NAAG_EXP(1.0),NAAG Chapter 6: Government,I,A,Annual,COL,Colombia,D62S13,Social benefits other than social transfers in kind,_T,Total,PT_B1GQ,Percentage of GDP,NAAG_VI,Part VI: General Government,2016,,10.1380903978087,,N,Neither seasonally adjusted nor calendar adjusted,_Z,Not applicable,S13,General government,_Z,Not applicable,N,Non-consolidated,D,Expenditure,D62,Social benefits other than social transfers in kind,_Z,Not applicable,,,,,,,,,,,V,Current prices,N,Non transformed data,,,,,,,F,Free (free for publication),2,Two,A,Normal value,0,Units,_Z,Not applicable
DATAFLOW,OECD.SDD.NAD:DSD_NAAG_VI@DF_NAAG_EXP(1.0),NAAG Chapter 6: Government,I,A,Annual,COL,Colombia,D62S13,Social benefits other than social transfers in kind,_T,Total,PT_B1GQ,Percentage of GDP,NAAG_VI,Part VI: General Government,2015,,9.94889970324049,,N,Neither seasonally adjusted nor calendar adjusted,_Z,Not applicable,S13,General government,_Z,Not applicable,N,Non-consolidated,D,Expenditure,D62,Social benefits other than social transfers in kind,_Z,Not applicable,,,,,,,,,,,V,Current prices,N,Non transformed data,,,,,,,F,Free (free for publication),2,Two,A,Normal value,0,Units,_Z,Not applicable
DATAFLOW,OECD.SDD.NAD:DSD_NAAG_VI@DF_NAAG_EXP(1.0),NAAG Chapter 6: Government,I,A,Annual,COL,Colombia,D62S13,Social benefits other than social transfers in kind,_T,Total,PT_B1GQ,Percentage of GDP,NAAG_VI,Part VI: General Government,2014,,9.76768999466511,,N,Neither seasonally adjusted nor calendar adjusted,_Z,Not applicable,S13,General government,_Z,Not applicable,N,Non-consolidated,D,Expenditure,D62,Social benefits other than social transfers in kind,_Z,Not applicable,,,,,,,,,,,V,Current prices,N,Non transformed data,,,,,,,F,Free (free for publication),2,Two,A,Normal value,0,Units,_Z,Not applicable
DATAFLOW,OECD.SDD.NAD:DSD_NAAG_VI@DF_NAAG_EXP(1.0),NAAG Chapter 6: Government,I,A,Annual,DEU,Germany,D62S13,Social benefits other than social transfers in kind,_T,Total,PT_B1GQ,Percentage of GDP,NAAG_VI,Part VI: General Government,2021,,16.4877898848349,,N,Neither seasonally adjusted nor calendar adjusted,_Z,Not applicable,S13,General government,_Z,Not applicable,N,Non-consolidated,D,Expenditure,D62,Social benefits other than social transfers in kind,_Z,Not applicable,,,,,,,,,,,V,Current prices,N,Non transformed data,,,,,,,F,Free (free for publication),2,Two,A,Normal value,0,Units,_Z,Not applicable
DATAFLOW,OECD.SDD.NAD:DSD_NAAG_VI@DF_NAAG_EXP(1.0),NAAG Chapter 6: Government,I,A,Annual,DEU,Germany,D62S13,Social benefits other than social transfers in kind,_T,Total,PT_B1GQ,Percentage of GDP,NAAG_VI,Part VI: General Government,2020,,17.2607127741606,,N,Neither seasonally adjusted nor calendar adjusted,_Z,Not applicable,S13,General government,_Z,Not applicable,N,Non-consolidated,D,Expenditure,D62,Social benefits other than social transfers in kind,_Z,Not applicable,,,,,,,,,,,V,Current prices,N,Non transformed data,,,,,,,F,Free (free for publication),2,Two,A,Normal value,0,Units,_Z,Not applicable
DATAFLOW,OECD.SDD.NAD:DSD_NAAG_VI@DF_NAAG_EXP(1.0),NAAG Chapter 6: Government,I,A,Annual,DEU,Germany,D62S13,Social benefits other than social transfers in kind,_T,Total,PT_B1GQ,Percentage of GDP,NAAG_VI,Part VI: General Government,2005,,17.7414638970465,,N,Neither seasonally adjusted nor calendar adjusted,_Z,Not applicable,S13,General government,_Z,Not applicable,N,Non-consolidated,D,Expenditure,D62,Social benefits other than social transfers in kind,_Z,Not applicable,,,,,,,,,,,V,Current prices,N,Non transformed data,,,,,,,F,Free (free for publication),2,Two,A,Normal value,0,Units,_Z,Not applicable
DATAFLOW,OECD.SDD.NAD:DSD_NAAG_VI@DF_NAAG_EXP(1.0),NAAG Chapter 6: Government,I,A,Annual,DEU,Germany,D62S13,Social benefits other than social transfers in kind,_T,Total,PT_B1GQ,Percentage of GDP,NAAG_VI,Part VI: General Government,2004,,17.9289502145623,,N,Neither seasonally adjusted nor calendar adjusted,_Z,Not applicable,S13,General government,_Z,Not applicable,N,Non-consolidated,D,Expenditure,D62,Social benefits other than social transfers in kind,_Z,Not applicable,,,,,,,,,,,V,Current prices,N,Non transformed data,,,,,,,F,Free (free for publication),2,Two,A,Normal value,0,Units,_Z,Not applicable
DATAFLOW,OECD.SDD.NAD:DSD_NAAG_VI@DF_NAAG_EXP(1.0),NAAG Chapter 6: Government,I,A,Annual,DEU,Germany,D62S13,Social benefits other than social transfers in kind,_T,Total,PT_B1GQ,Percentage of GDP,NAAG_VI,Part VI: General Government,2003,,18.2517928784681,,N,Neither seasonally adjusted nor calendar adjusted,_Z,Not applicable,S13,General government,_Z,Not applicable,N,Non-consolidated,D,Expenditure,D62,Social benefits other than social transfers in kind,_Z,Not applicable,,,,,,,,,,,V,Current prices,N,Non transformed data,,,,,,,F,Free (free for publication),2,Two,A,Normal value,0,Units,_Z,Not applicable
DATAFLOW,OECD.SDD.NAD:DSD_NAAG_VI@DF_NAAG_EXP(1.0),NAAG Chapter 6: Government,I,A,Annual,DEU,Germany,D62S13,Social benefits other than social transfers in kind,_T,Total,PT_B1GQ,Percentage of GDP,NAAG_VI,Part VI: General Government,2002,,17.9004749568221,,N,Neither seasonally adjusted nor calendar adjusted,_Z,Not applicable,S13,General government,_Z,Not applicable,N,Non-consolidated,D,Expenditure,D62,Social benefits other than social transfers in kind,_Z,Not applicable,,,,,,,,,,,V,Current prices,N,Non transformed data,,,,,,,F,Free (free for publication),2,Two,A,Normal value,0,Units,_Z,Not applicable
DATAFLOW,OECD.SDD.NAD:DSD_NAAG_VI@DF_NAAG_EXP(1.0),NAAG Chapter 6: Government,I,A,Annual,DEU,Germany,D62S13,Social benefits other than social transfers in kind,_T,Total,PT_B1GQ,Percentage of GDP,NAAG_VI,Part VI: General Government,2001,,17.4417111130342,,N,Neither seasonally adjusted nor calendar adjusted,_Z,Not applicable,S13,General government,_Z,Not applicable,N,Non-consolidated,D,Expenditure,D62,Social benefits other than social transfers in kind,_Z,Not applicable,,,,,,,,,,,V,Current prices,N,Non transformed data,,,,,,,F,Free (free for publication),2,Two,A,Normal value,0,Units,_Z,Not applicable
DATAFLOW,OECD.SDD.NAD:DSD_NAAG_VI@DF_NAAG_EXP(1.0),NAAG Chapter 6: Government,I,A,Annual,DEU,Germany,D62S13,Social benefits other than social transfers in kind,_T,Total,PT_B1GQ,Percentage of GDP,NAAG_VI,Part VI: General Government,2000,,17.3329545561263,,N,Neither seasonally adjusted nor calendar adjusted,_Z,Not applicable,S13,General government,_Z,Not applicable,N,Non-consolidated,D,Expenditure,D62,Social benefits other than social transfers in kind,_Z,Not applicable,,,,,,,,,,,V,Current prices,N,Non transformed data,,,,,,,F,Free (free for publication),2,Two,A,Normal value,0,Units,_Z,Not applicable
DATAFLOW,OECD.SDD.NAD:DSD_NAAG_VI@DF_NAAG_EXP(1.0),NAAG Chapter 6: Government,I,A,Annual,DEU,Germany,D62S13,Social benefits other than social transfers in kind,_T,Total,PT_B1GQ,Percentage of GDP,NAAG_VI,Part VI: General Government,2019,,15.5582933508351,,N,Neither seasonally adjusted nor calendar adjusted,_Z,Not applicable,S13,General government,_Z,Not applicable,N,Non-consolidated,D,Expenditure,D62,Social benefits other than social transfers in kind,_Z,Not applicable,,,,,,,,,,,V,Current prices,N,Non transformed data,,,,,,,F,Free (free for publication),2,Two,A,Normal value,0,Units,_Z,Not applicable
DATAFLOW,OECD.SDD.NAD:DSD_NAAG_VI@DF_NAAG_EXP(1.0),NAAG Chapter 6: Government,I,A,Annual,DEU,Germany,D62S13,Social benefits other than social transfers in kind,_T,Total,PT_B1GQ,Percentage of GDP,NAAG_VI,Part VI: General Government,2018,,15.2500196728192,,N,Neither seasonally adjusted nor calendar adjusted,_Z,Not applicable,S13,General government,_Z,Not applicable,N,Non-consolidated,D,Expenditure,D62,Social benefits other than social transfers in kind,_Z,Not applicable,,,,,,,,,,,V,Current prices,N,Non transformed data,,,,,,,F,Free (free for publication),2,Two,A,Normal value,0,Units,_Z,Not applicable
DATAFLOW,OECD.SDD.NAD:DSD_NAAG_VI@DF_NAAG_EXP(1.0),NAAG Chapter 6: Government,I,A,Annual,DEU,Germany,D62S13,Social benefits other than social transfers in kind,_T,Total,PT_B1GQ,Percentage of GDP,NAAG_VI,Part VI: General Government,2017,,15.297393361372,,N,Neither seasonally adjusted nor calendar adjusted,_Z,Not applicable,S13,General government,_Z,Not applicable,N,Non-consolidated,D,Expenditure,D62,Social benefits other than social transfers in kind,_Z,Not applicable,,,,,,,,,,,V,Current prices,N,Non transformed data,,,,,,,F,Free (free for publication),2,Two,A,Normal value,0,Units,_Z,Not applicable
DATAFLOW,OECD.SDD.NAD:DSD_NAAG_VI@DF_NAAG_EXP(1.0),NAAG Chapter 6: Government,I,A,Annual,DEU,Germany,D62S13,Social benefits other than social transfers in kind,_T,Total,PT_B1GQ,Percentage of GDP,NAAG_VI,Part VI: General Government,2016,,15.3114254515646,,N,Neither seasonally adjusted nor calendar adjusted,_Z,Not applicable,S13,General government,_Z,Not applicable,N,Non-consolidated,D,Expenditure,D62,Social benefits other than social transfers in kind,_Z,Not applicable,,,,,,,,,,,V,Current prices,N,Non transformed data,,,,,,,F,Free (free for publication),2,Two,A,Normal value,0,Units,_Z,Not applicable
DATAFLOW,OECD.SDD.NAD:DSD_NAAG_VI@DF_NAAG_EXP(1.0),NAAG Chapter 6: Government,I,A,Annual,DEU,Germany,D62S13,Social benefits other than social transfers in kind,_T,Total,PT_B1GQ,Percentage of GDP,NAAG_VI,Part VI: General Government,2015,,15.2827443164325,,N,Neither seasonally adjusted nor calendar adjusted,_Z,Not applicable,S13,General government,_Z,Not applicable,N,Non-consolidated,D,Expenditure,D62,Social benefits other than social transfers in kind,_Z,Not applicable,,,,,,,,,,,V,Current prices,N,Non transformed data,,,,,,,F,Free (free for publication),2,Two,A,Normal value,0,Units,_Z,Not applicable
DATAFLOW,OECD.SDD.NAD:DSD_NAAG_VI@DF_NAAG_EXP(1.0),NAAG Chapter 6: Government,I,A,Annual,DEU,Germany,D62S13,Social benefits other than social transfers in kind,_T,Total,PT_B1GQ,Percentage of GDP,NAAG_VI,Part VI: General Government,2014,,15.1670759119246,,N,Neither seasonally adjusted nor calendar adjusted,_Z,Not applicable,S13,General government,_Z,Not applicable,N,Non-consolidated,D,Expenditure,D62,Social benefits other than social transfers in kind,_Z,Not applicable,,,,,,,,,,,V,Current prices,N,Non transformed data,,,,,,,F,Free (free for publication),2,Two,A,Normal value,0,Units,_Z,Not applicable
DATAFLOW,OECD.SDD.NAD:DSD_NAAG_VI@DF_NAAG_EXP(1.0),NAAG Chapter 6: Government,I,A,Annual,DEU,Germany,D62S13,Social benefits other than social transfers in kind,_T,Total,PT_B1GQ,Percentage of GDP,NAAG_VI,Part VI: General Government,2013,,15.3494949917692,,N,Neither seasonally adjusted nor calendar adjusted,_Z,Not applicable,S13,General government,_Z,Not applicable,N,Non-consolidated,D,Expenditure,D62,Social benefits other than social transfers in kind,_Z,Not applicable,,,,,,,,,,,V,Current prices,N,Non transformed data,,,,,,,F,Free (free for publication),2,Two,A,Normal value,0,Units,_Z,Not applicable
DATAFLOW,OECD.SDD.NAD:DSD_NAAG_VI@DF_NAAG_EXP(1.0),NAAG Chapter 6: Government,I,A,Annual,DEU,Germany,D62S13,Social benefits other than social transfers in kind,_T,Total,PT_B1GQ,Percentage of GDP,NAAG_VI,Part VI: General Government,2012,,15.4145865918197,,N,Neither seasonally adjusted nor calendar adjusted,_Z,Not applicable,S13,General government,_Z,Not applicable,N,Non-consolidated,D,Expenditure,D62,Social benefits other than social transfers in kind,_Z,Not applicable,,,,,,,,,,,V,Current prices,N,Non transformed data,,,,,,,F,Free (free for publication),2,Two,A,Normal value,0,Units,_Z,Not applicable
DATAFLOW,OECD.SDD.NAD:DSD_NAAG_VI@DF_NAAG_EXP(1.0),NAAG Chapter 6: Government,I,A,Annual,DEU,Germany,D62S13,Social benefits other than social transfers in kind,_T,Total,PT_B1GQ,Percentage of GDP,NAAG_VI,Part VI: General Government,2011,,15.4767251010805,,N,Neither seasonally adjusted nor calendar adjusted,_Z,Not applicable,S13,General government,_Z,Not applicable,N,Non-consolidated,D,Expenditure,D62,Social benefits other than social transfers in kind,_Z,Not applicable,,,,,,,,,,,V,Current prices,N,Non transformed data,,,,,,,F,Free (free for publication),2,Two,A,Normal value,0,Units,_Z,Not applicable
DATAFLOW,OECD.SDD.NAD:DSD_NAAG_VI@DF_NAAG_EXP(1.0),NAAG Chapter 6: Government,I,A,Annual,DEU,Germany,D62S13,Social benefits other than social transfers in kind,_T,Total,PT_B1GQ,Percentage of GDP,NAAG_VI,Part VI: General Government,2010,,16.4833375381299,,N,Neither seasonally adjusted nor calendar adjusted,_Z,Not applicable,S13,General government,_Z,Not applicable,N,Non-consolidated,D,Expenditure,D62,Social benefits other than social transfers in kind,_Z,Not applicable,,,,,,,,,,,V,Current prices,N,Non transformed data,,,,,,,F,Free (free for publication),2,Two,A,Normal value,0,Units,_Z,Not applicable
DATAFLOW,OECD.SDD.NAD:DSD_NAAG_VI@DF_NAAG_EXP(1.0),NAAG Chapter 6: Government,I,A,Annual,DEU,Germany,D62S13,Social benefits other than social transfers in kind,_T,Total,PT_B1GQ,Percentage of GDP,NAAG_VI,Part VI: General Government,2009,,17.1232970054552,,N,Neither seasonally adjusted nor calendar adjusted,_Z,Not applicable,S13,General government,_Z,Not applicable,N,Non-consolidated,D,Expenditure,D62,Social benefits other than social transfers in kind,_Z,Not applicable,,,,,,,,,,,V,Current prices,N,Non transformed data,,,,,,,F,Free (free for publication),2,Two,A,Normal value,0,Units,_Z,Not applicable
DATAFLOW,OECD.SDD.NAD:DSD_NAAG_VI@DF_NAAG_EXP(1.0),NAAG Chapter 6: Government,I,A,Annual,DEU,Germany,D62S13,Social benefits other than social transfers in kind,_T,Total,PT_B1GQ,Percentage of GDP,NAAG_VI,Part VI: General Government,2008,,15.6454079268481,,N,Neither seasonally adjusted nor calendar adjusted,_Z,Not applicable,S13,General government,_Z,Not applicable,N,Non-consolidated,D,Expenditure,D62,Social benefits other than social transfers in kind,_Z,Not applicable,,,,,,,,,,,V,Current prices,N,Non transformed data,,,,,,,F,Free (free for publication),2,Two,A,Normal value,0,Units,_Z,Not applicable
DATAFLOW,OECD.SDD.NAD:DSD_NAAG_VI@DF_NAAG_EXP(1.0),NAAG Chapter 6: Government,I,A,Annual,DEU,Germany,D62S13,Social benefits other than social transfers in kind,_T,Total,PT_B1GQ,Percentage of GDP,NAAG_VI,Part VI: General Government,2007,,15.8063818237603,,N,Neither seasonally adjusted nor calendar adjusted,_Z,Not applicable,S13,General government,_Z,Not applicable,N,Non-consolidated,D,Expenditure,D62,Social benefits other than social transfers in kind,_Z,Not applicable,,,,,,,,,,,V,Current prices,N,Non transformed data,,,,,,,F,Free (free for publication),2,Two,A,Normal value,0,Units,_Z,Not applicable
DATAFLOW,OECD.SDD.NAD:DSD_NAAG_VI@DF_NAAG_EXP(1.0),NAAG Chapter 6: Government,I,A,Annual,DEU,Germany,D62S13,Social benefits other than social transfers in kind,_T,Total,PT_B1GQ,Percentage of GDP,NAAG_VI,Part VI: General Government,2006,,16.868492857084,,N,Neither seasonally adjusted nor calendar adjusted,_Z,Not applicable,S13,General government,_Z,Not applicable,N,Non-consolidated,D,Expenditure,D62,Social benefits other than social transfers in kind,_Z,Not applicable,,,,,,,,,,,V,Current prices,N,Non transformed data,,,,,,,F,Free (free for publication),2,Two,A,Normal value,0,Units,_Z,Not applicable
DATAFLOW,OECD.SDD.NAD:DSD_NAAG_VI@DF_NAAG_EXP(1.0),NAAG Chapter 6: Government,I,A,Annual,DEU,Germany,D62S13,Social benefits other than social transfers in kind,_T,Total,PT_B1GQ,Percentage of GDP,NAAG_VI,Part VI: General Government,2024,,16.3341122255102,,N,Neither seasonally adjusted nor calendar adjusted,_Z,Not applicable,S13,General government,_Z,Not applicable,N,Non-consolidated,D,Expenditure,D62,Social benefits other than social transfers in kind,_Z,Not applicable,,,,,,,,,,,V,Current prices,N,Non transformed data,,,,,,,F,Free (free for publication),2,Two,A,Normal value,0,Units,_Z,Not applicable
DATAFLOW,OECD.SDD.NAD:DSD_NAAG_VI@DF_NAAG_EXP(1.0),NAAG Chapter 6: Government,I,A,Annual,DEU,Germany,D62S13,Social benefits other than social transfers in kind,_T,Total,PT_B1GQ,Percentage of GDP,NAAG_VI,Part VI: General Government,2023,,15.6967662553308,,N,Neither seasonally adjusted nor calendar adjusted,_Z,Not applicable,S13,General government,_Z,Not applicable,N,Non-consolidated,D,Expenditure,D62,Social benefits other than social transfers in kind,_Z,Not applicable,,,,,,,,,,,V,Current prices,N,Non transformed data,,,,,,,F,Free (free for publication),2,Two,A,Normal value,0,Units,_Z,Not applicable
DATAFLOW,OECD.SDD.NAD:DSD_NAAG_VI@DF_NAAG_EXP(1.0),NAAG Chapter 6: Government,I,A,Annual,USA,United States,D62S13,Social benefits other than social transfers in kind,_T,Total,PT_B1GQ,Percentage of GDP,NAAG_VI,Part VI: General Government,2021,,19.3977452846399,,N,Neither seasonally adjusted nor calendar adjusted,_Z,Not applicable,S13,General government,_Z,Not applicable,N,Non-consolidated,D,Expenditure,D62,Social benefits other than social transfers in kind,_Z,Not applicable,,,,,,,,,,,V,Current prices,N,Non transformed data,,,,,,,F,Free (free for publication),2,Two,A,Normal value,0,Units,_Z,Not applicable
DATAFLOW,OECD.SDD.NAD:DSD_NAAG_VI@DF_NAAG_EXP(1.0),NAAG Chapter 6: Government,I,A,Annual,USA,United States,D62S13,Social benefits other than social transfers in kind,_T,Total,PT_B1GQ,Percentage of GDP,NAAG_VI,Part VI: General Government,2020,,19.7392330982731,,N,Neither seasonally adjusted nor calendar adjusted,_Z,Not applicable,S13,General government,_Z,Not applicable,N,Non-consolidated,D,Expenditure,D62,Social benefits other than social transfers in kind,_Z,Not applicable,,,,,,,,,,,V,Current prices,N,Non transformed data,,,,,,,F,Free (free for publication),2,Two,A,Normal value,0,Units,_Z,Not applicable
DATAFLOW,OECD.SDD.NAD:DSD_NAAG_VI@DF_NAAG_EXP(1.0),NAAG Chapter 6: Government,I,A,Annual,USA,United States,D62S13,Social benefits other than social transfers in kind,_T,Total,PT_B1GQ,Percentage of GDP,NAAG_VI,Part VI: General Government,2005,,11.5229371026452,,N,Neither seasonally adjusted nor calendar adjusted,_Z,Not applicable,S13,General government,_Z,Not applicable,N,Non-consolidated,D,Expenditure,D62,Social benefits other than social transfers in kind,_Z,Not applicable,,,,,,,,,,,V,Current prices,N,Non transformed data,,,,,,,F,Free (free for publication),2,Two,A,Normal value,0,Units,_Z,Not applicable
DATAFLOW,OECD.SDD.NAD:DSD_NAAG_VI@DF_NAAG_EXP(1.0),NAAG Chapter 6: Government,I,A,Annual,USA,United States,D62S13,Social benefits other than social transfers in kind,_T,Total,PT_B1GQ,Percentage of GDP,NAAG_VI,Part VI: General Government,2004,,11.5861352310301,,N,Neither seasonally adjusted nor calendar adjusted,_Z,Not applicable,S13,General government,_Z,Not applicable,N,Non-consolidated,D,Expenditure,D62,Social benefits other than social transfers in kind,_Z,Not applicable,,,,,,,,,,,V,Current prices,N,Non transformed data,,,,,,,F,Free (free for publication),2,Two,A,Normal value,0,Units,_Z,Not applicable
DATAFLOW,OECD.SDD.NAD:DSD_NAAG_VI@DF_NAAG_EXP(1.0),NAAG Chapter 6: Government,I,A,Annual,USA,United States,D62S13,Social benefits other than social transfers in kind,_T,Total,PT_B1GQ,Percentage of GDP,NAAG_VI,Part VI: General Government,2003,,11.6209941910452,,N,Neither seasonally adjusted nor calendar adjusted,_Z,Not applicable,S13,General government,_Z,Not applicable,N,Non-consolidated,D,Expenditure,D62,Social benefits other than social transfers in kind,_Z,Not applicable,,,,,,,,,,,V,Current prices,N,Non transformed data,,,,,,,F,Free (free for publication),2,Two,A,Normal value,0,Units,_Z,Not applicable
DATAFLOW,OECD.SDD.NAD:DSD_NAAG_VI@DF_NAAG_EXP(1.0),NAAG Chapter 6: Government,I,A,Annual,USA,United States,D62S13,Social benefits other than social transfers in kind,_T,Total,PT_B1GQ,Percentage of GDP,NAAG_VI,Part VI: General Government,2002,,11.537368328687,,N,Neither seasonally adjusted nor calendar adjusted,_Z,Not applicable,S13,General government,_Z,Not applicable,N,Non-consolidated,D,Expenditure,D62,Social benefits other than social transfers in kind,_Z,Not applicable,,,,,,,,,,,V,Current prices,N,Non transformed data,,,,,,,F,Free (free for publication),2,Two,A,Normal value,0,Units,_Z,Not applicable
DATAFLOW,OECD.SDD.NAD:DSD_NAAG_VI@DF_NAAG_EXP(1.0),NAAG Chapter 6: Government,I,A,Annual,USA,United States,D62S13,Social benefits other than social transfers in kind,_T,Total,PT_B1GQ,Percentage of GDP,NAAG_VI,Part VI: General Government,2001,,10.920768793667,,N,Neither seasonally adjusted nor calendar adjusted,_Z,Not applicable,S13,General government,_Z,Not applicable,N,Non-consolidated,D,Expenditure,D62,Social benefits other than social transfers in kind,_Z,Not applicable,,,,,,,,,,,V,Current prices,N,Non transformed data,,,,,,,F,Free (free for publication),2,Two,A,Normal value,0,Units,_Z,Not applicable
DATAFLOW,OECD.SDD.NAD:DSD_NAAG_VI@DF_NAAG_EXP(1.0),NAAG Chapter 6: Government,I,A,Annual,USA,United States,D62S13,Social benefits other than social transfers in kind,_T,Total,PT_B1GQ,Percentage of GDP,NAAG_VI,Part VI: General Government,2000,,10.2797463103915,,N,Neither seasonally adjusted nor calendar adjusted,_Z,Not applicable,S13,General government,_Z,Not applicable,N,Non-consolidated,D,Expenditure,D62,Social benefits other than social transfers in kind,_Z,Not applicable,,,,,,,,,,,V,Current prices,N,Non transformed data,,,,,,,F,Free (free for publication),2,Two,A,Normal value,0,Units,_Z,Not applicable
DATAFLOW,OECD.SDD.NAD:DSD_NAAG_VI@DF_NAAG_EXP(1.0),NAAG Chapter 6: Government,I,A,Annual,USA,United States,D62S13,Social benefits other than social transfers in kind,_T,Total,PT_B1GQ,Percentage of GDP,NAAG_VI,Part VI: General Government,2019,,14.4603026269938,,N,Neither seasonally adjusted nor calendar adjusted,_Z,Not applicable,S13,General government,_Z,Not applicable,N,Non-consolidated,D,Expenditure,D62,Social benefits other than social transfers in kind,_Z,Not applicable,,,,,,,,,,,V,Current prices,N,Non transformed data,,,,,,,F,Free (free for publication),2,Two,A,Normal value,0,Units,_Z,Not applicable
DATAFLOW,OECD.SDD.NAD:DSD_NAAG_VI@DF_NAAG_EXP(1.0),NAAG Chapter 6: Government,I,A,Annual,USA,United States,D62S13,Social benefits other than social transfers in kind,_T,Total,PT_B1GQ,Percentage of GDP,NAAG_VI,Part VI: General Government,2018,,14.2751328684857,,N,Neither seasonally adjusted nor calendar adjusted,_Z,Not applicable,S13,General government,_Z,Not applicable,N,Non-consolidated,D,Expenditure,D62,Social benefits other than social transfers in kind,_Z,Not applicable,,,,,,,,,,,V,Current prices,N,Non transformed data,,,,,,,F,Free (free for publication),2,Two,A,Normal value,0,Units,_Z,Not applicable
DATAFLOW,OECD.SDD.NAD:DSD_NAAG_VI@DF_NAAG_EXP(1.0),NAAG Chapter 6: Government,I,A,Annual,USA,United States,D62S13,Social benefits other than social transfers in kind,_T,Total,PT_B1GQ,Percentage of GDP,NAAG_VI,Part VI: General Government,2017,,14.4259574521895,,N,Neither seasonally adjusted nor calendar adjusted,_Z,Not applicable,S13,General government,_Z,Not applicable,N,Non-consolidated,D,Expenditure,D62,Social benefits other than social transfers in kind,_Z,Not applicable,,,,,,,,,,,V,Current prices,N,Non transformed data,,,,,,,F,Free (free for publication),2,Two,A,Normal value,0,Units,_Z,Not applicable
DATAFLOW,OECD.SDD.NAD:DSD_NAAG_VI@DF_NAAG_EXP(1.0),NAAG Chapter 6: Government,I,A,Annual,USA,United States,D62S13,Social benefits other than social transfers in kind,_T,Total,PT_B1GQ,Percentage of GDP,NAAG_VI,Part VI: General Government,2016,,14.5611681266486,,N,Neither seasonally adjusted nor calendar adjusted,_Z,Not applicable,S13,General government,_Z,Not applicable,N,Non-consolidated,D,Expenditure,D62,Social benefits other than social transfers in kind,_Z,Not applicable,,,,,,,,,,,V,Current prices,N,Non transformed data,,,,,,,F,Free (free for publication),2,Two,A,Normal value,0,Units,_Z,Not applicable
DATAFLOW,OECD.SDD.NAD:DSD_NAAG_VI@DF_NAAG_EXP(1.0),NAAG Chapter 6: Government,I,A,Annual,USA,United States,D62S13,Social benefits other than social transfers in kind,_T,Total,PT_B1GQ,Percentage of GDP,NAAG_VI,Part VI: General Government,2015,,14.5151415967373,,N,Neither seasonally adjusted nor calendar adjusted,_Z,Not applicable,S13,General government,_Z,Not applicable,N,Non-consolidated,D,Expenditure,D62,Social benefits other than social transfers in kind,_Z,Not applicable,,,,,,,,,,,V,Current prices,N,Non transformed data,,,,,,,F,Free (free for publication),2,Two,A,Normal value,0,Units,_Z,Not applicable
DATAFLOW,OECD.SDD.NAD:DSD_NAAG_VI@DF_NAAG_EXP(1.0),NAAG Chapter 6: Government,I,A,Annual,USA,United States,D62S13,Social benefits other than social transfers in kind,_T,Total,PT_B1GQ,Percentage of GDP,NAAG_VI,Part VI: General Government,2014,,14.3009799162183,,N,Neither seasonally adjusted nor calendar adjusted,_Z,Not applicable,S13,General government,_Z,Not applicable,N,Non-consolidated,D,Expenditure,D62,Social benefits other than social transfers in kind,_Z,Not applicable,,,,,,,,,,,V,Current prices,N,Non transformed data,,,,,,,F,Free (free for publication),2,Two,A,Normal value,0,Units,_Z,Not applicable
DATAFLOW,OECD.SDD.NAD:DSD_NAAG_VI@DF_NAAG_EXP(1.0),NAAG Chapter 6: Government,I,A,Annual,USA,United States,D62S13,Social benefits other than social transfers in kind,_T,Total,PT_B1GQ,Percentage of GDP,NAAG_VI,Part VI: General Government,2013,,14.2457077714213,,N,Neither seasonally adjusted nor calendar adjusted,_Z,Not applicable,S13,General government,_Z,Not applicable,N,Non-consolidated,D,Expenditure,D62,Social benefits other than social transfers in kind,_Z,Not applicable,,,,,,,,,,,V,Current prices,N,Non transformed data,,,,,,,F,Free (free for publication),2,Two,A,Normal value,0,Units,_Z,Not applicable
DATAFLOW,OECD.SDD.NAD:DSD_NAAG_VI@DF_NAAG_EXP(1.0),NAAG Chapter 6: Government,I,A,Annual,USA,United States,D62S13,Social benefits other than social transfers in kind,_T,Total,PT_B1GQ,Percentage of GDP,NAAG_VI,Part VI: General Government,2012,,14.3997865506089,,N,Neither seasonally adjusted nor calendar adjusted,_Z,Not applicable,S13,General government,_Z,Not applicable,N,Non-consolidated,D,Expenditure,D62,Social benefits other than social transfers in kind,_Z,Not applicable,,,,,,,,,,,V,Current prices,N,Non transformed data,,,,,,,F,Free (free for publication),2,Two,A,Normal value,0,Units,_Z,Not applicable
DATAFLOW,OECD.SDD.NAD:DSD_NAAG_VI@DF_NAAG_EXP(1.0),NAAG Chapter 6: Government,I,A,Annual,USA,United States,D62S13,Social benefits other than social transfers in kind,_T,Total,PT_B1GQ,Percentage of GDP,NAAG_VI,Part VI: General Government,2011,,14.9181227215955,,N,Neither seasonally adjusted nor calendar adjusted,_Z,Not applicable,S13,General government,_Z,Not applicable,N,Non-consolidated,D,Expenditure,D62,Social benefits other than social transfers in kind,_Z,Not applicable,,,,,,,,,,,V,Current prices,N,Non transformed data,,,,,,,F,Free (free for publication),2,Two,A,Normal value,0,Units,_Z,Not applicable
DATAFLOW,OECD.SDD.NAD:DSD_NAAG_VI@DF_NAAG_EXP(1.0),NAAG Chapter 6: Government,I,A,Annual,USA,United States,D62S13,Social benefits other than social transfers in kind,_T,Total,PT_B1GQ,Percentage of GDP,NAAG_VI,Part VI: General Government,2010,,15.2694822190833,,N,Neither seasonally adjusted nor calendar adjusted,_Z,Not applicable,S13,General government,_Z,Not applicable,N,Non-consolidated,D,Expenditure,D62,Social benefits other than social transfers in kind,_Z,Not applicable,,,,,,,,,,,V,Current prices,N,Non transformed data,,,,,,,F,Free (free for publication),2,Two,A,Normal value,0,Units,_Z,Not applicable
DATAFLOW,OECD.SDD.NAD:DSD_NAAG_VI@DF_NAAG_EXP(1.0),NAAG Chapter 6: Government,I,A,Annual,USA,United States,D62S13,Social benefits other than social transfers in kind,_T,Total,PT_B1GQ,Percentage of GDP,NAAG_VI,Part VI: General Government,2009,,14.6685523074316,,N,Neither seasonally adjusted nor calendar adjusted,_Z,Not applicable,S13,General government,_Z,Not applicable,N,Non-consolidated,D,Expenditure,D62,Social benefits other than social transfers in kind,_Z,Not applicable,,,,,,,,,,,V,Current prices,N,Non transformed data,,,,,,,F,Free (free for publication),2,Two,A,Normal value,0,Units,_Z,Not applicable
DATAFLOW,OECD.SDD.NAD:DSD_NAAG_VI@DF_NAAG_EXP(1.0),NAAG Chapter 6: Government,I,A,Annual,USA,United States,D62S13,Social benefits other than social transfers in kind,_T,Total,PT_B1GQ,Percentage of GDP,NAAG_VI,Part VI: General Government,2008,,13.099623077047,,N,Neither seasonally adjusted nor calendar adjusted,_Z,Not applicable,S13,General government,_Z,Not applicable,N,Non-consolidated,D,Expenditure,D62,Social benefits other than social transfers in kind,_Z,Not applicable,,,,,,,,,,,V,Current prices,N,Non transformed data,,,,,,,F,Free (free for publication),2,Two,A,Normal value,0,Units,_Z,Not applicable
DATAFLOW,OECD.SDD.NAD:DSD_NAAG_VI@DF_NAAG_EXP(1.0),NAAG Chapter 6: Government,I,A,Annual,USA,United States,D62S13,Social benefits other than social transfers in kind,_T,Total,PT_B1GQ,Percentage of GDP,NAAG_VI,Part VI: General Government,2007,,11.8184169200596,,N,Neither seasonally adjusted nor calendar adjusted,_Z,Not applicable,S13,General government,_Z,Not applicable,N,Non-consolidated,D,Expenditure,D62,Social benefits other than social transfers in kind,_Z,Not applicable,,,,,,,,,,,V,Current prices,N,Non transformed data,,,,,,,F,Free (free for publication),2,Two,A,Normal value,0,Units,_Z,Not applicable
DATAFLOW,OECD.SDD.NAD:DSD_NAAG_VI@DF_NAAG_EXP(1.0),NAAG Chapter 6: Government,I,A,Annual,USA,United States,D62S13,Social benefits other than social transfers in kind,_T,Total,PT_B1GQ,Percentage of GDP,NAAG_VI,Part VI: General Government,2006,,11.6204565887665,,N,Neither seasonally adjusted nor calendar adjusted,_Z,Not applicable,S13,General government,_Z,Not applicable,N,Non-consolidated,D,Expenditure,D62,Social benefits other than social transfers in kind,_Z,Not applicable,,,,,,,,,,,V,Current prices,N,Non transformed data,,,,,,,F,Free (free for publication),2,Two,A,Normal value,0,Units,_Z,Not applicable
DATAFLOW,OECD.SDD.NAD:DSD_NAAG_VI@DF_NAAG_EXP(1.0),NAAG Chapter 6: Government,I,A,Annual,USA,United States,D62S13,Social benefits other than social transfers in kind,_T,Total,PT_B1GQ,Percentage of GDP,NAAG_VI,Part VI: General Government,2023,,15.0733567745327,,N,Neither seasonally adjusted nor calendar adjusted,_Z,Not applicable,S13,General government,_Z,Not applicable,N,Non-consolidated,D,Expenditure,D62,Social benefits other than social transfers in kind,_Z,Not applicable,,,,,,,,,,,V,Current prices,N,Non transformed data,,,,,,,F,Free (free for publication),2,Two,A,Normal value,0,Units,_Z,Not applicable
DATAFLOW,OECD.SDD.NAD:DSD_NAAG_VI@DF_NAAG_EXP(1.0),NAAG Chapter 6: Government,I,A,Annual,IRL,Ireland,D62S13,Social benefits other than social transfers in kind,_T,Total,PT_B1GQ,Percentage of GDP,NAAG_VI,Part VI: General Government,2021,,6.52611758828939,,N,Neither seasonally adjusted nor calendar adjusted,_Z,Not applicable,S13,General government,_Z,Not applicable,N,Non-consolidated,D,Expenditure,D62,Social benefits other than social transfers in kind,_Z,Not applicable,,,,,,,,,,,V,Current prices,N,Non transformed data,,,,,,,F,Free (free for publication),2,Two,A,Normal value,0,Units,_Z,Not applicable
DATAFLOW,OECD.SDD.NAD:DSD_NAAG_VI@DF_NAAG_EXP(1.0),NAAG Chapter 6: Government,I,A,Annual,IRL,Ireland,D62S13,Social benefits other than social transfers in kind,_T,Total,PT_B1GQ,Percentage of GDP,NAAG_VI,Part VI: General Government,2020,,7.83933530769412,,N,Neither seasonally adjusted nor calendar adjusted,_Z,Not applicable,S13,General government,_Z,Not applicable,N,Non-consolidated,D,Expenditure,D62,Social benefits other than social transfers in kind,_Z,Not applicable,,,,,,,,,,,V,Current prices,N,Non transformed data,,,,,,,F,Free (free for publication),2,Two,A,Normal value,0,Units,_Z,Not applicable
DATAFLOW,OECD.SDD.NAD:DSD_NAAG_VI@DF_NAAG_EXP(1.0),NAAG Chapter 6: Government,I,A,Annual,IRL,Ireland,D62S13,Social benefits other than social transfers in kind,_T,Total,PT_B1GQ,Percentage of GDP,NAAG_VI,Part VI: General Government,2005,,8.87081612756844,,N,Neither seasonally adjusted nor calendar adjusted,_Z,Not applicable,S13,General government,_Z,Not applicable,N,Non-consolidated,D,Expenditure,D62,Social benefits other than social transfers in kind,_Z,Not applicable,,,,,,,,,,,V,Current prices,N,Non transformed data,,,,,,,F,Free (free for publication),2,Two,A,Normal value,0,Units,_Z,Not applicable
DATAFLOW,OECD.SDD.NAD:DSD_NAAG_VI@DF_NAAG_EXP(1.0),NAAG Chapter 6: Government,I,A,Annual,IRL,Ireland,D62S13,Social benefits other than social transfers in kind,_T,Total,PT_B1GQ,Percentage of GDP,NAAG_VI,Part VI: General Government,2004,,8.52956879229613,,N,Neither seasonally adjusted nor calendar adjusted,_Z,Not applicable,S13,General government,_Z,Not applicable,N,Non-consolidated,D,Expenditure,D62,Social benefits other than social transfers in kind,_Z,Not applicable,,,,,,,,,,,V,Current prices,N,Non transformed data,,,,,,,F,Free (free for publication),2,Two,A,Normal value,0,Units,_Z,Not applicable
DATAFLOW,OECD.SDD.NAD:DSD_NAAG_VI@DF_NAAG_EXP(1.0),NAAG Chapter 6: Government,I,A,Annual,IRL,Ireland,D62S13,Social benefits other than social transfers in kind,_T,Total,PT_B1GQ,Percentage of GDP,NAAG_VI,Part VI: General Government,2003,,8.30255609952469,,N,Neither seasonally adjusted nor calendar adjusted,_Z,Not applicable,S13,General government,_Z,Not applicable,N,Non-consolidated,D,Expenditure,D62,Social benefits other than social transfers in kind,_Z,Not applicable,,,,,,,,,,,V,Current prices,N,Non transformed data,,,,,,,F,Free (free for publication),2,Two,A,Normal value,0,Units,_Z,Not applicable
DATAFLOW,OECD.SDD.NAD:DSD_NAAG_VI@DF_NAAG_EXP(1.0),NAAG Chapter 6: Government,I,A,Annual,IRL,Ireland,D62S13,Social benefits other than social transfers in kind,_T,Total,PT_B1GQ,Percentage of GDP,NAAG_VI,Part VI: General Government,2002,,8.28365770795892,,N,Neither seasonally adjusted nor calendar adjusted,_Z,Not applicable,S13,General government,_Z,Not applicable,N,Non-consolidated,D,Expenditure,D62,Social benefits other than social transfers in kind,_Z,Not applicable,,,,,,,,,,,V,Current prices,N,Non transformed data,,,,,,,F,Free (free for publication),2,Two,A,Normal value,0,Units,_Z,Not applicable
DATAFLOW,OECD.SDD.NAD:DSD_NAAG_VI@DF_NAAG_EXP(1.0),NAAG Chapter 6: Government,I,A,Annual,IRL,Ireland,D62S13,Social benefits other than social transfers in kind,_T,Total,PT_B1GQ,Percentage of GDP,NAAG_VI,Part VI: General Government,2001,,7.87989606176598,,N,Neither seasonally adjusted nor calendar adjusted,_Z,Not applicable,S13,General government,_Z,Not applicable,N,Non-consolidated,D,Expenditure,D62,Social benefits other than social transfers in kind,_Z,Not applicable,,,,,,,,,,,V,Current prices,N,Non transformed data,,,,,,,F,Free (free for publication),2,Two,A,Normal value,0,Units,_Z,Not applicable
DATAFLOW,OECD.SDD.NAD:DSD_NAAG_VI@DF_NAAG_EXP(1.0),NAAG Chapter 6: Government,I,A,Annual,IRL,Ireland,D62S13,Social benefits other than social transfers in kind,_T,Total,PT_B1GQ,Percentage of GDP,NAAG_VI,Part VI: General Government,2000,,7.34511156602714,,N,Neither seasonally adjusted nor calendar adjusted,_Z,Not applicable,S13,General government,_Z,Not applicable,N,Non-consolidated,D,Expenditure,D62,Social benefits other than social transfers in kind,_Z,Not applicable,,,,,,,,,,,V,Current prices,N,Non transformed data,,,,,,,F,Free (free for publication),2,Two,A,Normal value,0,Units,_Z,Not applicable
DATAFLOW,OECD.SDD.NAD:DSD_NAAG_VI@DF_NAAG_EXP(1.0),NAAG Chapter 6: Government,I,A,Annual,IRL,Ireland,D62S13,Social benefits other than social transfers in kind,_T,Total,PT_B1GQ,Percentage of GDP,NAAG_VI,Part VI: General Government,2019,,6.61596316736188,,N,Neither seasonally adjusted nor calendar adjusted,_Z,Not applicable,S13,General government,_Z,Not applicable,N,Non-consolidated,D,Expenditure,D62,Social benefits other than social transfers in kind,_Z,Not applicable,,,,,,,,,,,V,Current prices,N,Non transformed data,,,,,,,F,Free (free for publication),2,Two,A,Normal value,0,Units,_Z,Not applicable
DATAFLOW,OECD.SDD.NAD:DSD_NAAG_VI@DF_NAAG_EXP(1.0),NAAG Chapter 6: Government,I,A,Annual,IRL,Ireland,D62S13,Social benefits other than social transfers in kind,_T,Total,PT_B1GQ,Percentage of GDP,NAAG_VI,Part VI: General Government,2018,,6.95075566576945,,N,Neither seasonally adjusted nor calendar adjusted,_Z,Not applicable,S13,General government,_Z,Not applicable,N,Non-consolidated,D,Expenditure,D62,Social benefits other than social transfers in kind,_Z,Not applicable,,,,,,,,,,,V,Current prices,N,Non transformed data,,,,,,,F,Free (free for publication),2,Two,A,Normal value,0,Units,_Z,Not applicable
DATAFLOW,OECD.SDD.NAD:DSD_NAAG_VI@DF_NAAG_EXP(1.0),NAAG Chapter 6: Government,I,A,Annual,IRL,Ireland,D62S13,Social benefits other than social transfers in kind,_T,Total,PT_B1GQ,Percentage of GDP,NAAG_VI,Part VI: General Government,2017,,7.44483078095175,,N,Neither seasonally adjusted nor calendar adjusted,_Z,Not applicable,S13,General government,_Z,Not applicable,N,Non-consolidated,D,Expenditure,D62,Social benefits other than social transfers in kind,_Z,Not applicable,,,,,,,,,,,V,Current prices,N,Non transformed data,,,,,,,F,Free (free for publication),2,Two,A,Normal value,0,Units,_Z,Not applicable
DATAFLOW,OECD.SDD.NAD:DSD_NAAG_VI@DF_NAAG_EXP(1.0),NAAG Chapter 6: Government,I,A,Annual,IRL,Ireland,D62S13,Social benefits other than social transfers in kind,_T,Total,PT_B1GQ,Percentage of GDP,NAAG_VI,Part VI: General Government,2016,,8.22929652665533,,N,Neither seasonally adjusted nor calendar adjusted,_Z,Not applicable,S13,General government,_Z,Not applicable,N,Non-consolidated,D,Expenditure,D62,Social benefits other than social transfers in kind,_Z,Not applicable,,,,,,,,,,,V,Current prices,N,Non transformed data,,,,,,,F,Free (free for publication),2,Two,A,Normal value,0,Units,_Z,Not applicable
DATAFLOW,OECD.SDD.NAD:DSD_NAAG_VI@DF_NAAG_EXP(1.0),NAAG Chapter 6: Government,I,A,Annual,IRL,Ireland,D62S13,Social benefits other than social transfers in kind,_T,Total,PT_B1GQ,Percentage of GDP,NAAG_VI,Part VI: General Government,2015,,8.43749029795731,,N,Neither seasonally adjusted nor calendar adjusted,_Z,Not applicable,S13,General government,_Z,Not applicable,N,Non-consolidated,D,Expenditure,D62,Social benefits other than social transfers in kind,_Z,Not applicable,,,,,,,,,,,V,Current prices,N,Non transformed data,,,,,,,F,Free (free for publication),2,Two,A,Normal value,0,Units,_Z,Not applicable
DATAFLOW,OECD.SDD.NAD:DSD_NAAG_VI@DF_NAAG_EXP(1.0),NAAG Chapter 6: Government,I,A,Annual,IRL,Ireland,D62S13,Social benefits other than social transfers in kind,_T,Total,PT_B1GQ,Percentage of GDP,NAAG_VI,Part VI: General Government,2014,,11.4416876445037,,N,Neither seasonally adjusted nor calendar adjusted,_Z,Not applicable,S13,General government,_Z,Not applicable,N,Non-consolidated,D,Expenditure,D62,Social benefits other than social transfers in kind,_Z,Not applicable,,,,,,,,,,,V,Current prices,N,Non transformed data,,,,,,,F,Free (free for publication),2,Two,A,Normal value,0,Units,_Z,Not applicable
DATAFLOW,OECD.SDD.NAD:DSD_NAAG_VI@DF_NAAG_EXP(1.0),NAAG Chapter 6: Government,I,A,Annual,IRL,Ireland,D62S13,Social benefits other than social transfers in kind,_T,Total,PT_B1GQ,Percentage of GDP,NAAG_VI,Part VI: General Government,2013,,12.8635570477407,,N,Neither seasonally adjusted nor calendar adjusted,_Z,Not applicable,S13,General government,_Z,Not applicable,N,Non-consolidated,D,Expenditure,D62,Social benefits other than social transfers in kind,_Z,Not applicable,,,,,,,,,,,V,Current prices,N,Non transformed data,,,,,,,F,Free (free for publication),2,Two,A,Normal value,0,Units,_Z,Not applicable
DATAFLOW,OECD.SDD.NAD:DSD_NAAG_VI@DF_NAAG_EXP(1.0),NAAG Chapter 6: Government,I,A,Annual,IRL,Ireland,D62S13,Social benefits other than social transfers in kind,_T,Total,PT_B1GQ,Percentage of GDP,NAAG_VI,Part VI: General Government,2012,,13.7266677842546,,N,Neither seasonally adjusted nor calendar adjusted,_Z,Not applicable,S13,General government,_Z,Not applicable,N,Non-consolidated,D,Expenditure,D62,Social benefits other than social transfers in kind,_Z,Not applicable,,,,,,,,,,,V,Current prices,N,Non transformed data,,,,,,,F,Free (free for publication),2,Two,A,Normal value,0,Units,_Z,Not applicable
DATAFLOW,OECD.SDD.NAD:DSD_NAAG_VI@DF_NAAG_EXP(1.0),NAAG Chapter 6: Government,I,A,Annual,IRL,Ireland,D62S13,Social benefits other than social transfers in kind,_T,Total,PT_B1GQ,Percentage of GDP,NAAG_VI,Part VI: General Government,2011,,13.8123103998304,,N,Neither seasonally adjusted nor calendar adjusted,_Z,Not applicable,S13,General government,_Z,Not applicable,N,Non-consolidated,D,Expenditure,D62,Social benefits other than social transfers in kind,_Z,Not applicable,,,,,,,,,,,V,Current prices,N,Non transformed data,,,,,,,F,Free (free for publication),2,Two,A,Normal value,0,Units,_Z,Not applicable
DATAFLOW,OECD.SDD.NAD:DSD_NAAG_VI@DF_NAAG_EXP(1.0),NAAG Chapter 6: Government,I,A,Annual,IRL,Ireland,D62S13,Social benefits other than social transfers in kind,_T,Total,PT_B1GQ,Percentage of GDP,NAAG_VI,Part VI: General Government,2010,,14.2710699064987,,N,Neither seasonally adjusted nor calendar adjusted,_Z,Not applicable,S13,General government,_Z,Not applicable,N,Non-consolidated,D,Expenditure,D62,Social benefits other than social transfers in kind,_Z,Not applicable,,,,,,,,,,,V,Current prices,N,Non transformed data,,,,,,,F,Free (free for publication),2,Two,A,Normal value,0,Units,_Z,Not applicable
DATAFLOW,OECD.SDD.NAD:DSD_NAAG_VI@DF_NAAG_EXP(1.0),NAAG Chapter 6: Government,I,A,Annual,IRL,Ireland,D62S13,Social benefits other than social transfers in kind,_T,Total,PT_B1GQ,Percentage of GDP,NAAG_VI,Part VI: General Government,2009,,14.3389222985973,,N,Neither seasonally adjusted nor calendar adjusted,_Z,Not applicable,S13,General government,_Z,Not applicable,N,Non-consolidated,D,Expenditure,D62,Social benefits other than social transfers in kind,_Z,Not applicable,,,,,,,,,,,V,Current prices,N,Non transformed data,,,,,,,F,Free (free for publication),2,Two,A,Normal value,0,Units,_Z,Not applicable
DATAFLOW,OECD.SDD.NAD:DSD_NAAG_VI@DF_NAAG_EXP(1.0),NAAG Chapter 6: Government,I,A,Annual,IRL,Ireland,D62S13,Social benefits other than social transfers in kind,_T,Total,PT_B1GQ,Percentage of GDP,NAAG_VI,Part VI: General Government,2008,,11.6477213518652,,N,Neither seasonally adjusted nor calendar adjusted,_Z,Not applicable,S13,General government,_Z,Not applicable,N,Non-consolidated,D,Expenditure,D62,Social benefits other than social transfers in kind,_Z,Not applicable,,,,,,,,,,,V,Current prices,N,Non transformed data,,,,,,,F,Free (free for publication),2,Two,A,Normal value,0,Units,_Z,Not applicable
DATAFLOW,OECD.SDD.NAD:DSD_NAAG_VI@DF_NAAG_EXP(1.0),NAAG Chapter 6: Government,I,A,Annual,IRL,Ireland,D62S13,Social benefits other than social transfers in kind,_T,Total,PT_B1GQ,Percentage of GDP,NAAG_VI,Part VI: General Government,2007,,9.71941884020907,,N,Neither seasonally adjusted nor calendar adjusted,_Z,Not applicable,S13,General government,_Z,Not applicable,N,Non-consolidated,D,Expenditure,D62,Social benefits other than social transfers in kind,_Z,Not applicable,,,,,,,,,,,V,Current prices,N,Non transformed data,,,,,,,F,Free (free for publication),2,Two,A,Normal value,0,Units,_Z,Not applicable
DATAFLOW,OECD.SDD.NAD:DSD_NAAG_VI@DF_NAAG_EXP(1.0),NAAG Chapter 6: Government,I,A,Annual,IRL,Ireland,D62S13,Social benefits other than social transfers in kind,_T,Total,PT_B1GQ,Percentage of GDP,NAAG_VI,Part VI: General Government,2006,,9.11926380620745,,N,Neither seasonally adjusted nor calendar adjusted,_Z,Not applicable,S13,General government,_Z,Not applicable,N,Non-consolidated,D,Expenditure,D62,Social benefits other than social transfers in kind,_Z,Not applicable,,,,,,,,,,,V,Current prices,N,Non transformed data,,,,,,,F,Free (free for publication),2,Two,A,Normal value,0,Units,_Z,Not applicable
DATAFLOW,OECD.SDD.NAD:DSD_NAAG_VI@DF_NAAG_EXP(1.0),NAAG Chapter 6: Government,I,A,Annual,IRL,Ireland,D62S13,Social benefits other than social transfers in kind,_T,Total,PT_B1GQ,Percentage of GDP,NAAG_VI,Part VI: General Government,2024,,5.98945606484353,,N,Neither seasonally adjusted nor calendar adjusted,_Z,Not applicable,S13,General government,_Z,Not applicable,N,Non-consolidated,D,Expenditure,D62,Social benefits other than social transfers in kind,_Z,Not applicable,,,,,,,,,,,V,Current prices,N,Non transformed data,,,,,,,F,Free (free for publication),2,Two,A,Normal value,0,Units,_Z,Not applicable
DATAFLOW,OECD.SDD.NAD:DSD_NAAG_VI@DF_NAAG_EXP(1.0),NAAG Chapter 6: Government,I,A,Annual,IRL,Ireland,D62S13,Social benefits other than social transfers in kind,_T,Total,PT_B1GQ,Percentage of GDP,NAAG_VI,Part VI: General Government,2023,,5.77374168239355,,N,Neither seasonally adjusted nor calendar adjusted,_Z,Not applicable,S13,General government,_Z,Not applicable,N,Non-consolidated,D,Expenditure,D62,Social benefits other than social transfers in kind,_Z,Not applicable,,,,,,,,,,,V,Current prices,N,Non transformed data,,,,,,,F,Free (free for publication),2,Two,A,Normal value,0,Units,_Z,Not applicable
DATAFLOW,OECD.SDD.NAD:DSD_NAAG_VI@DF_NAAG_EXP(1.0),NAAG Chapter 6: Government,I,A,Annual,JPN,Japan,D62S13,Social benefits other than social transfers in kind,_T,Total,PT_B1GQ,Percentage of GDP,NAAG_VI,Part VI: General Government,2012,,13.0038141788186,,N,Neither seasonally adjusted nor calendar adjusted,_Z,Not applicable,S13,General government,_Z,Not applicable,N,Non-consolidated,D,Expenditure,D62,Social benefits other than social transfers in kind,_Z,Not applicable,,,,,,,,,,,V,Current prices,N,Non transformed data,,,,,,,F,Free (free for publication),2,Two,A,Normal value,0,Units,_Z,Not applicable
DATAFLOW,OECD.SDD.NAD:DSD_NAAG_VI@DF_NAAG_EXP(1.0),NAAG Chapter 6: Government,I,A,Annual,JPN,Japan,D62S13,Social benefits other than social transfers in kind,_T,Total,PT_B1GQ,Percentage of GDP,NAAG_VI,Part VI: General Government,2011,,12.957411303955,,N,Neither seasonally adjusted nor calendar adjusted,_Z,Not applicable,S13,General government,_Z,Not applicable,N,Non-consolidated,D,Expenditure,D62,Social benefits other than social transfers in kind,_Z,Not applicable,,,,,,,,,,,V,Current prices,N,Non transformed data,,,,,,,F,Free (free for publication),2,Two,A,Normal value,0,Units,_Z,Not applicable
DATAFLOW,OECD.SDD.NAD:DSD_NAAG_VI@DF_NAAG_EXP(1.0),NAAG Chapter 6: Government,I,A,Annual,JPN,Japan,D62S13,Social benefits other than social transfers in kind,_T,Total,PT_B1GQ,Percentage of GDP,NAAG_VI,Part VI: General Government,2010,,12.5961514495858,,N,Neither seasonally adjusted nor calendar adjusted,_Z,Not applicable,S13,General government,_Z,Not applicable,N,Non-consolidated,D,Expenditure,D62,Social benefits other than social transfers in kind,_Z,Not applicable,,,,,,,,,,,V,Current prices,N,Non transformed data,,,,,,,F,Free (free for publication),2,Two,A,Normal value,0,Units,_Z,Not applicable
DATAFLOW,OECD.SDD.NAD:DSD_NAAG_VI@DF_NAAG_EXP(1.0),NAAG Chapter 6: Government,I,A,Annual,JPN,Japan,D62S13,Social benefits other than social transfers in kind,_T,Total,PT_B1GQ,Percentage of GDP,NAAG_VI,Part VI: General Government,2009,,12.4184140895109,,N,Neither seasonally adjusted nor calendar adjusted,_Z,Not applicable,S13,General government,_Z,Not applicable,N,Non-consolidated,D,Expenditure,D62,Social benefits other than social transfers in kind,_Z,Not applicable,,,,,,,,,,,V,Current prices,N,Non transformed data,,,,,,,F,Free (free for publication),2,Two,A,Normal value,0,Units,_Z,Not applicable
DATAFLOW,OECD.SDD.NAD:DSD_NAAG_VI@DF_NAAG_EXP(1.0),NAAG Chapter 6: Government,I,A,Annual,JPN,Japan,D62S13,Social benefits other than social transfers in kind,_T,Total,PT_B1GQ,Percentage of GDP,NAAG_VI,Part VI: General Government,2008,,11.0899319053063,,N,Neither seasonally adjusted nor calendar adjusted,_Z,Not applicable,S13,General government,_Z,Not applicable,N,Non-consolidated,D,Expenditure,D62,Social benefits other than social transfers in kind,_Z,Not applicable,,,,,,,,,,,V,Current prices,N,Non transformed data,,,,,,,F,Free (free for publication),2,Two,A,Normal value,0,Units,_Z,Not applicable
DATAFLOW,OECD.SDD.NAD:DSD_NAAG_VI@DF_NAAG_EXP(1.0),NAAG Chapter 6: Government,I,A,Annual,JPN,Japan,D62S13,Social benefits other than social transfers in kind,_T,Total,PT_B1GQ,Percentage of GDP,NAAG_VI,Part VI: General Government,2007,,10.6282301068254,,N,Neither seasonally adjusted nor calendar adjusted,_Z,Not applicable,S13,General government,_Z,Not applicable,N,Non-consolidated,D,Expenditure,D62,Social benefits other than social transfers in kind,_Z,Not applicable,,,,,,,,,,,V,Current prices,N,Non transformed data,,,,,,,F,Free (free for publication),2,Two,A,Normal value,0,Units,_Z,Not applicable
DATAFLOW,OECD.SDD.NAD:DSD_NAAG_VI@DF_NAAG_EXP(1.0),NAAG Chapter 6: Government,I,A,Annual,JPN,Japan,D62S13,Social benefits other than social transfers in kind,_T,Total,PT_B1GQ,Percentage of GDP,NAAG_VI,Part VI: General Government,2006,,10.4166113883023,,N,Neither seasonally adjusted nor calendar adjusted,_Z,Not applicable,S13,General government,_Z,Not applicable,N,Non-consolidated,D,Expenditure,D62,Social benefits other than social transfers in kind,_Z,Not applicable,,,,,,,,,,,V,Current prices,N,Non transformed data,,,,,,,F,Free (free for publication),2,Two,A,Normal value,0,Units,_Z,Not applicable
DATAFLOW,OECD.SDD.NAD:DSD_NAAG_VI@DF_NAAG_EXP(1.0),NAAG Chapter 6: Government,I,A,Annual,JPN,Japan,D62S13,Social benefits other than social transfers in kind,_T,Total,PT_B1GQ,Percentage of GDP,NAAG_VI,Part VI: General Government,2005,,10.2221794065751,,N,Neither seasonally adjusted nor calendar adjusted,_Z,Not applicable,S13,General government,_Z,Not applicable,N,Non-consolidated,D,Expenditure,D62,Social benefits other than social transfers in kind,_Z,Not applicable,,,,,,,,,,,V,Current prices,N,Non transformed data,,,,,,,F,Free (free for publication),2,Two,A,Normal value,0,Units,_Z,Not applicable
DATAFLOW,OECD.SDD.NAD:DSD_NAAG_VI@DF_NAAG_EXP(1.0),NAAG Chapter 6: Government,I,A,Annual,JPN,Japan,D62S13,Social benefits other than social transfers in kind,_T,Total,PT_B1GQ,Percentage of GDP,NAAG_VI,Part VI: General Government,2023,,11.8401790805229,,N,Neither seasonally adjusted nor calendar adjusted,_Z,Not applicable,S13,General government,_Z,Not applicable,N,Non-consolidated,D,Expenditure,D62,Social benefits other than social transfers in kind,_Z,Not applicable,,,,,,,,,,,V,Current prices,N,Non transformed data,,,,,,,F,Free (free for publication),2,Two,A,Normal value,0,Units,_Z,Not applicable
DATAFLOW,OECD.SDD.NAD:DSD_NAAG_VI@DF_NAAG_EXP(1.0),NAAG Chapter 6: Government,I,A,Annual,JPN,Japan,D62S13,Social benefits other than social transfers in kind,_T,Total,PT_B1GQ,Percentage of GDP,NAAG_VI,Part VI: General Government,2022,,12.9416634255476,,N,Neither seasonally adjusted nor calendar adjusted,_Z,Not applicable,S13,General government,_Z,Not applicable,N,Non-consolidated,D,Expenditure,D62,Social benefits other than social transfers in kind,_Z,Not applicable,,,,,,,,,,,V,Current prices,N,Non transformed data,,,,,,,F,Free (free for publication),2,Two,A,Normal value,0,Units,_Z,Not applicable
DATAFLOW,OECD.SDD.NAD:DSD_NAAG_VI@DF_NAAG_EXP(1.0),NAAG Chapter 6: Government,I,A,Annual,JPN,Japan,D62S13,Social benefits other than social transfers in kind,_T,Total,PT_B1GQ,Percentage of GDP,NAAG_VI,Part VI: General Government,2021,,12.7907710494346,,N,Neither seasonally adjusted nor calendar adjusted,_Z,Not applicable,S13,General government,_Z,Not applicable,N,Non-consolidated,D,Expenditure,D62,Social benefits other than social transfers in kind,_Z,Not applicable,,,,,,,,,,,V,Current prices,N,Non transformed data,,,,,,,F,Free (free for publication),2,Two,A,Normal value,0,Units,_Z,Not applicable
DATAFLOW,OECD.SDD.NAD:DSD_NAAG_VI@DF_NAAG_EXP(1.0),NAAG Chapter 6: Government,I,A,Annual,JPN,Japan,D62S13,Social benefits other than social transfers in kind,_T,Total,PT_B1GQ,Percentage of GDP,NAAG_VI,Part VI: General Government,2020,,12.8506650656171,,N,Neither seasonally adjusted nor calendar adjusted,_Z,Not applicable,S13,General government,_Z,Not applicable,N,Non-consolidated,D,Expenditure,D62,Social benefits other than social transfers in kind,_Z,Not applicable,,,,,,,,,,,V,Current prices,N,Non transformed data,,,,,,,F,Free (free for publication),2,Two,A,Normal value,0,Units,_Z,Not applicable
DATAFLOW,OECD.SDD.NAD:DSD_NAAG_VI@DF_NAAG_EXP(1.0),NAAG Chapter 6: Government,I,A,Annual,JPN,Japan,D62S13,Social benefits other than social transfers in kind,_T,Total,PT_B1GQ,Percentage of GDP,NAAG_VI,Part VI: General Government,2019,,12.319657550992,,N,Neither seasonally adjusted nor calendar adjusted,_Z,Not applicable,S13,General government,_Z,Not applicable,N,Non-consolidated,D,Expenditure,D62,Social benefits other than social transfers in kind,_Z,Not applicable,,,,,,,,,,,V,Current prices,N,Non transformed data,,,,,,,F,Free (free for publication),2,Two,A,Normal value,0,Units,_Z,Not applicable
DATAFLOW,OECD.SDD.NAD:DSD_NAAG_VI@DF_NAAG_EXP(1.0),NAAG Chapter 6: Government,I,A,Annual,JPN,Japan,D62S13,Social benefits other than social transfers in kind,_T,Total,PT_B1GQ,Percentage of GDP,NAAG_VI,Part VI: General Government,2018,,12.2739320061923,,N,Neither seasonally adjusted nor calendar adjusted,_Z,Not applicable,S13,General government,_Z,Not applicable,N,Non-consolidated,D,Expenditure,D62,Social benefits other than social transfers in kind,_Z,Not applicable,,,,,,,,,,,V,Current prices,N,Non transformed data,,,,,,,F,Free (free for publication),2,Two,A,Normal value,0,Units,_Z,Not applicable
DATAFLOW,OECD.SDD.NAD:DSD_NAAG_VI@DF_NAAG_EXP(1.0),NAAG Chapter 6: Government,I,A,Annual,JPN,Japan,D62S13,Social benefits other than social transfers in kind,_T,Total,PT_B1GQ,Percentage of GDP,NAAG_VI,Part VI: General Government,2017,,12.2740397741347,,N,Neither seasonally adjusted nor calendar adjusted,_Z,Not applicable,S13,General government,_Z,Not applicable,N,Non-consolidated,D,Expenditure,D62,Social benefits other than social transfers in kind,_Z,Not applicable,,,,,,,,,,,V,Current prices,N,Non transformed data,,,,,,,F,Free (free for publication),2,Two,A,Normal value,0,Units,_Z,Not applicable
DATAFLOW,OECD.SDD.NAD:DSD_NAAG_VI@DF_NAAG_EXP(1.0),NAAG Chapter 6: Government,I,A,Annual,JPN,Japan,D62S13,Social benefits other than social transfers in kind,_T,Total,PT_B1GQ,Percentage of GDP,NAAG_VI,Part VI: General Government,2016,,12.389857826905,,N,Neither seasonally adjusted nor calendar adjusted,_Z,Not applicable,S13,General government,_Z,Not applicable,N,Non-consolidated,D,Expenditure,D62,Social benefits other than social transfers in kind,_Z,Not applicable,,,,,,,,,,,V,Current prices,N,Non transformed data,,,,,,,F,Free (free for publication),2,Two,A,Normal value,0,Units,_Z,Not applicable
DATAFLOW,OECD.SDD.NAD:DSD_NAAG_VI@DF_NAAG_EXP(1.0),NAAG Chapter 6: Government,I,A,Annual,JPN,Japan,D62S13,Social benefits other than social transfers in kind,_T,Total,PT_B1GQ,Percentage of GDP,NAAG_VI,Part VI: General Government,2015,,12.3548716313128,,N,Neither seasonally adjusted nor calendar adjusted,_Z,Not applicable,S13,General government,_Z,Not applicable,N,Non-consolidated,D,Expenditure,D62,Social benefits other than social transfers in kind,_Z,Not applicable,,,,,,,,,,,V,Current prices,N,Non transformed data,,,,,,,F,Free (free for publication),2,Two,A,Normal value,0,Units,_Z,Not applicable
DATAFLOW,OECD.SDD.NAD:DSD_NAAG_VI@DF_NAAG_EXP(1.0),NAAG Chapter 6: Government,I,A,Annual,JPN,Japan,D62S13,Social benefits other than social transfers in kind,_T,Total,PT_B1GQ,Percentage of GDP,NAAG_VI,Part VI: General Government,2014,,12.6435252914838,,N,Neither seasonally adjusted nor calendar adjusted,_Z,Not applicable,S13,General government,_Z,Not applicable,N,Non-consolidated,D,Expenditure,D62,Social benefits other than social transfers in kind,_Z,Not applicable,,,,,,,,,,,V,Current prices,N,Non transformed data,,,,,,,F,Free (free for publication),2,Two,A,Normal value,0,Units,_Z,Not applicable
DATAFLOW,OECD.SDD.NAD:DSD_NAAG_VI@DF_NAAG_EXP(1.0),NAAG Chapter 6: Government,I,A,Annual,LUX,Luxembourg,D62S13,Social benefits other than social transfers in kind,_T,Total,PT_B1GQ,Percentage of GDP,NAAG_VI,Part VI: General Government,2021,,14.9472547723801,,N,Neither seasonally adjusted nor calendar adjusted,_Z,Not applicable,S13,General government,_Z,Not applicable,N,Non-consolidated,D,Expenditure,D62,Social benefits other than social transfers in kind,_Z,Not applicable,,,,,,,,,,,V,Current prices,N,Non transformed data,,,,,,,F,Free (free for publication),2,Two,A,Normal value,0,Units,_Z,Not applicable
DATAFLOW,OECD.SDD.NAD:DSD_NAAG_VI@DF_NAAG_EXP(1.0),NAAG Chapter 6: Government,I,A,Annual,LUX,Luxembourg,D62S13,Social benefits other than social transfers in kind,_T,Total,PT_B1GQ,Percentage of GDP,NAAG_VI,Part VI: General Government,2020,,17.256683687177,,N,Neither seasonally adjusted nor calendar adjusted,_Z,Not applicable,S13,General government,_Z,Not applicable,N,Non-consolidated,D,Expenditure,D62,Social benefits other than social transfers in kind,_Z,Not applicable,,,,,,,,,,,V,Current prices,N,Non transformed data,,,,,,,F,Free (free for publication),2,Two,A,Normal value,0,Units,_Z,Not applicable
DATAFLOW,OECD.SDD.NAD:DSD_NAAG_VI@DF_NAAG_EXP(1.0),NAAG Chapter 6: Government,I,A,Annual,LUX,Luxembourg,D62S13,Social benefits other than social transfers in kind,_T,Total,PT_B1GQ,Percentage of GDP,NAAG_VI,Part VI: General Government,2005,,15.2051851944319,,N,Neither seasonally adjusted nor calendar adjusted,_Z,Not applicable,S13,General government,_Z,Not applicable,N,Non-consolidated,D,Expenditure,D62,Social benefits other than social transfers in kind,_Z,Not applicable,,,,,,,,,,,V,Current prices,N,Non transformed data,,,,,,,F,Free (free for publication),2,Two,A,Normal value,0,Units,_Z,Not applicable
DATAFLOW,OECD.SDD.NAD:DSD_NAAG_VI@DF_NAAG_EXP(1.0),NAAG Chapter 6: Government,I,A,Annual,LUX,Luxembourg,D62S13,Social benefits other than social transfers in kind,_T,Total,PT_B1GQ,Percentage of GDP,NAAG_VI,Part VI: General Government,2004,,15.2483627969633,,N,Neither seasonally adjusted nor calendar adjusted,_Z,Not applicable,S13,General government,_Z,Not applicable,N,Non-consolidated,D,Expenditure,D62,Social benefits other than social transfers in kind,_Z,Not applicable,,,,,,,,,,,V,Current prices,N,Non transformed data,,,,,,,F,Free (free for publication),2,Two,A,Normal value,0,Units,_Z,Not applicable
DATAFLOW,OECD.SDD.NAD:DSD_NAAG_VI@DF_NAAG_EXP(1.0),NAAG Chapter 6: Government,I,A,Annual,LUX,Luxembourg,D62S13,Social benefits other than social transfers in kind,_T,Total,PT_B1GQ,Percentage of GDP,NAAG_VI,Part VI: General Government,2003,,15.6483207737041,,N,Neither seasonally adjusted nor calendar adjusted,_Z,Not applicable,S13,General government,_Z,Not applicable,N,Non-consolidated,D,Expenditure,D62,Social benefits other than social transfers in kind,_Z,Not applicable,,,,,,,,,,,V,Current prices,N,Non transformed data,,,,,,,F,Free (free for publication),2,Two,A,Normal value,0,Units,_Z,Not applicable
DATAFLOW,OECD.SDD.NAD:DSD_NAAG_VI@DF_NAAG_EXP(1.0),NAAG Chapter 6: Government,I,A,Annual,LUX,Luxembourg,D62S13,Social benefits other than social transfers in kind,_T,Total,PT_B1GQ,Percentage of GDP,NAAG_VI,Part VI: General Government,2002,,14.7386195901707,,N,Neither seasonally adjusted nor calendar adjusted,_Z,Not applicable,S13,General government,_Z,Not applicable,N,Non-consolidated,D,Expenditure,D62,Social benefits other than social transfers in kind,_Z,Not applicable,,,,,,,,,,,V,Current prices,N,Non transformed data,,,,,,,F,Free (free for publication),2,Two,A,Normal value,0,Units,_Z,Not applicable
DATAFLOW,OECD.SDD.NAD:DSD_NAAG_VI@DF_NAAG_EXP(1.0),NAAG Chapter 6: Government,I,A,Annual,LUX,Luxembourg,D62S13,Social benefits other than social transfers in kind,_T,Total,PT_B1GQ,Percentage of GDP,NAAG_VI,Part VI: General Government,2001,,13.9460447240772,,N,Neither seasonally adjusted nor calendar adjusted,_Z,Not applicable,S13,General government,_Z,Not applicable,N,Non-consolidated,D,Expenditure,D62,Social benefits other than social transfers in kind,_Z,Not applicable,,,,,,,,,,,V,Current prices,N,Non transformed data,,,,,,,F,Free (free for publication),2,Two,A,Normal value,0,Units,_Z,Not applicable
DATAFLOW,OECD.SDD.NAD:DSD_NAAG_VI@DF_NAAG_EXP(1.0),NAAG Chapter 6: Government,I,A,Annual,LUX,Luxembourg,D62S13,Social benefits other than social transfers in kind,_T,Total,PT_B1GQ,Percentage of GDP,NAAG_VI,Part VI: General Government,2000,,13.3175254688424,,N,Neither seasonally adjusted nor calendar adjusted,_Z,Not applicable,S13,General government,_Z,Not applicable,N,Non-consolidated,D,Expenditure,D62,Social benefits other than social transfers in kind,_Z,Not applicable,,,,,,,,,,,V,Current prices,N,Non transformed data,,,,,,,F,Free (free for publication),2,Two,A,Normal value,0,Units,_Z,Not applicable
DATAFLOW,OECD.SDD.NAD:DSD_NAAG_VI@DF_NAAG_EXP(1.0),NAAG Chapter 6: Government,I,A,Annual,LUX,Luxembourg,D62S13,Social benefits other than social transfers in kind,_T,Total,PT_B1GQ,Percentage of GDP,NAAG_VI,Part VI: General Government,2019,,15.2775861839688,,N,Neither seasonally adjusted nor calendar adjusted,_Z,Not applicable,S13,General government,_Z,Not applicable,N,Non-consolidated,D,Expenditure,D62,Social benefits other than social transfers in kind,_Z,Not applicable,,,,,,,,,,,V,Current prices,N,Non transformed data,,,,,,,F,Free (free for publication),2,Two,A,Normal value,0,Units,_Z,Not applicable
DATAFLOW,OECD.SDD.NAD:DSD_NAAG_VI@DF_NAAG_EXP(1.0),NAAG Chapter 6: Government,I,A,Annual,LUX,Luxembourg,D62S13,Social benefits other than social transfers in kind,_T,Total,PT_B1GQ,Percentage of GDP,NAAG_VI,Part VI: General Government,2018,,14.9775648853512,,N,Neither seasonally adjusted nor calendar adjusted,_Z,Not applicable,S13,General government,_Z,Not applicable,N,Non-consolidated,D,Expenditure,D62,Social benefits other than social transfers in kind,_Z,Not applicable,,,,,,,,,,,V,Current prices,N,Non transformed data,,,,,,,F,Free (free for publication),2,Two,A,Normal value,0,Units,_Z,Not applicable
DATAFLOW,OECD.SDD.NAD:DSD_NAAG_VI@DF_NAAG_EXP(1.0),NAAG Chapter 6: Government,I,A,Annual,LUX,Luxembourg,D62S13,Social benefits other than social transfers in kind,_T,Total,PT_B1GQ,Percentage of GDP,NAAG_VI,Part VI: General Government,2017,,14.8090769784701,,N,Neither seasonally adjusted nor calendar adjusted,_Z,Not applicable,S13,General government,_Z,Not applicable,N,Non-consolidated,D,Expenditure,D62,Social benefits other than social transfers in kind,_Z,Not applicable,,,,,,,,,,,V,Current prices,N,Non transformed data,,,,,,,F,Free (free for publication),2,Two,A,Normal value,0,Units,_Z,Not applicable
DATAFLOW,OECD.SDD.NAD:DSD_NAAG_VI@DF_NAAG_EXP(1.0),NAAG Chapter 6: Government,I,A,Annual,LUX,Luxembourg,D62S13,Social benefits other than social transfers in kind,_T,Total,PT_B1GQ,Percentage of GDP,NAAG_VI,Part VI: General Government,2016,,14.4855183423134,,N,Neither seasonally adjusted nor calendar adjusted,_Z,Not applicable,S13,General government,_Z,Not applicable,N,Non-consolidated,D,Expenditure,D62,Social benefits other than social transfers in kind,_Z,Not applicable,,,,,,,,,,,V,Current prices,N,Non transformed data,,,,,,,F,Free (free for publication),2,Two,A,Normal value,0,Units,_Z,Not applicable
DATAFLOW,OECD.SDD.NAD:DSD_NAAG_VI@DF_NAAG_EXP(1.0),NAAG Chapter 6: Government,I,A,Annual,LUX,Luxembourg,D62S13,Social benefits other than social transfers in kind,_T,Total,PT_B1GQ,Percentage of GDP,NAAG_VI,Part VI: General Government,2015,,14.660199905789,,N,Neither seasonally adjusted nor calendar adjusted,_Z,Not applicable,S13,General government,_Z,Not applicable,N,Non-consolidated,D,Expenditure,D62,Social benefits other than social transfers in kind,_Z,Not applicable,,,,,,,,,,,V,Current prices,N,Non transformed data,,,,,,,F,Free (free for publication),2,Two,A,Normal value,0,Units,_Z,Not applicable
DATAFLOW,OECD.SDD.NAD:DSD_NAAG_VI@DF_NAAG_EXP(1.0),NAAG Chapter 6: Government,I,A,Annual,LUX,Luxembourg,D62S13,Social benefits other than social transfers in kind,_T,Total,PT_B1GQ,Percentage of GDP,NAAG_VI,Part VI: General Government,2014,,14.9377341632639,,N,Neither seasonally adjusted nor calendar adjusted,_Z,Not applicable,S13,General government,_Z,Not applicable,N,Non-consolidated,D,Expenditure,D62,Social benefits other than social transfers in kind,_Z,Not applicable,,,,,,,,,,,V,Current prices,N,Non transformed data,,,,,,,F,Free (free for publication),2,Two,A,Normal value,0,Units,_Z,Not applicable
DATAFLOW,OECD.SDD.NAD:DSD_NAAG_VI@DF_NAAG_EXP(1.0),NAAG Chapter 6: Government,I,A,Annual,LUX,Luxembourg,D62S13,Social benefits other than social transfers in kind,_T,Total,PT_B1GQ,Percentage of GDP,NAAG_VI,Part VI: General Government,2013,,15.1268913299006,,N,Neither seasonally adjusted nor calendar adjusted,_Z,Not applicable,S13,General government,_Z,Not applicable,N,Non-consolidated,D,Expenditure,D62,Social benefits other than social transfers in kind,_Z,Not applicable,,,,,,,,,,,V,Current prices,N,Non transformed data,,,,,,,F,Free (free for publication),2,Two,A,Normal value,0,Units,_Z,Not applicable
DATAFLOW,OECD.SDD.NAD:DSD_NAAG_VI@DF_NAAG_EXP(1.0),NAAG Chapter 6: Government,I,A,Annual,LUX,Luxembourg,D62S13,Social benefits other than social transfers in kind,_T,Total,PT_B1GQ,Percentage of GDP,NAAG_VI,Part VI: General Government,2012,,15.1025320379438,,N,Neither seasonally adjusted nor calendar adjusted,_Z,Not applicable,S13,General government,_Z,Not applicable,N,Non-consolidated,D,Expenditure,D62,Social benefits other than social transfers in kind,_Z,Not applicable,,,,,,,,,,,V,Current prices,N,Non transformed data,,,,,,,F,Free (free for publication),2,Two,A,Normal value,0,Units,_Z,Not applicable
DATAFLOW,OECD.SDD.NAD:DSD_NAAG_VI@DF_NAAG_EXP(1.0),NAAG Chapter 6: Government,I,A,Annual,LUX,Luxembourg,D62S13,Social benefits other than social transfers in kind,_T,Total,PT_B1GQ,Percentage of GDP,NAAG_VI,Part VI: General Government,2011,,14.9013391687374,,N,Neither seasonally adjusted nor calendar adjusted,_Z,Not applicable,S13,General government,_Z,Not applicable,N,Non-consolidated,D,Expenditure,D62,Social benefits other than social transfers in kind,_Z,Not applicable,,,,,,,,,,,V,Current prices,N,Non transformed data,,,,,,,F,Free (free for publication),2,Two,A,Normal value,0,Units,_Z,Not applicable
DATAFLOW,OECD.SDD.NAD:DSD_NAAG_VI@DF_NAAG_EXP(1.0),NAAG Chapter 6: Government,I,A,Annual,LUX,Luxembourg,D62S13,Social benefits other than social transfers in kind,_T,Total,PT_B1GQ,Percentage of GDP,NAAG_VI,Part VI: General Government,2010,,15.1260361512229,,N,Neither seasonally adjusted nor calendar adjusted,_Z,Not applicable,S13,General government,_Z,Not applicable,N,Non-consolidated,D,Expenditure,D62,Social benefits other than social transfers in kind,_Z,Not applicable,,,,,,,,,,,V,Current prices,N,Non transformed data,,,,,,,F,Free (free for publication),2,Two,A,Normal value,0,Units,_Z,Not applicable
DATAFLOW,OECD.SDD.NAD:DSD_NAAG_VI@DF_NAAG_EXP(1.0),NAAG Chapter 6: Government,I,A,Annual,LUX,Luxembourg,D62S13,Social benefits other than social transfers in kind,_T,Total,PT_B1GQ,Percentage of GDP,NAAG_VI,Part VI: General Government,2009,,15.801824820593,,N,Neither seasonally adjusted nor calendar adjusted,_Z,Not applicable,S13,General government,_Z,Not applicable,N,Non-consolidated,D,Expenditure,D62,Social benefits other than social transfers in kind,_Z,Not applicable,,,,,,,,,,,V,Current prices,N,Non transformed data,,,,,,,F,Free (free for publication),2,Two,A,Normal value,0,Units,_Z,Not applicable
DATAFLOW,OECD.SDD.NAD:DSD_NAAG_VI@DF_NAAG_EXP(1.0),NAAG Chapter 6: Government,I,A,Annual,LUX,Luxembourg,D62S13,Social benefits other than social transfers in kind,_T,Total,PT_B1GQ,Percentage of GDP,NAAG_VI,Part VI: General Government,2008,,13.8926550027707,,N,Neither seasonally adjusted nor calendar adjusted,_Z,Not applicable,S13,General government,_Z,Not applicable,N,Non-consolidated,D,Expenditure,D62,Social benefits other than social transfers in kind,_Z,Not applicable,,,,,,,,,,,V,Current prices,N,Non transformed data,,,,,,,F,Free (free for publication),2,Two,A,Normal value,0,Units,_Z,Not applicable
DATAFLOW,OECD.SDD.NAD:DSD_NAAG_VI@DF_NAAG_EXP(1.0),NAAG Chapter 6: Government,I,A,Annual,LUX,Luxembourg,D62S13,Social benefits other than social transfers in kind,_T,Total,PT_B1GQ,Percentage of GDP,NAAG_VI,Part VI: General Government,2007,,13.3714015468347,,N,Neither seasonally adjusted nor calendar adjusted,_Z,Not applicable,S13,General government,_Z,Not applicable,N,Non-consolidated,D,Expenditure,D62,Social benefits other than social transfers in kind,_Z,Not applicable,,,,,,,,,,,V,Current prices,N,Non transformed data,,,,,,,F,Free (free for publication),2,Two,A,Normal value,0,Units,_Z,Not applicable
DATAFLOW,OECD.SDD.NAD:DSD_NAAG_VI@DF_NAAG_EXP(1.0),NAAG Chapter 6: Government,I,A,Annual,LUX,Luxembourg,D62S13,Social benefits other than social transfers in kind,_T,Total,PT_B1GQ,Percentage of GDP,NAAG_VI,Part VI: General Government,2006,,14.1522564198526,,N,Neither seasonally adjusted nor calendar adjusted,_Z,Not applicable,S13,General government,_Z,Not applicable,N,Non-consolidated,D,Expenditure,D62,Social benefits other than social transfers in kind,_Z,Not applicable,,,,,,,,,,,V,Current prices,N,Non transformed data,,,,,,,F,Free (free for publication),2,Two,A,Normal value,0,Units,_Z,Not applicable
DATAFLOW,OECD.SDD.NAD:DSD_NAAG_VI@DF_NAAG_EXP(1.0),NAAG Chapter 6: Government,I,A,Annual,LUX,Luxembourg,D62S13,Social benefits other than social transfers in kind,_T,Total,PT_B1GQ,Percentage of GDP,NAAG_VI,Part VI: General Government,2024,,16.1746188953415,,N,Neither seasonally adjusted nor calendar adjusted,_Z,Not applicable,S13,General government,_Z,Not applicable,N,Non-consolidated,D,Expenditure,D62,Social benefits other than social transfers in kind,_Z,Not applicable,,,,,,,,,,,V,Current prices,N,Non transformed data,,,,,,,F,Free (free for publication),2,Two,A,Normal value,0,Units,_Z,Not applicable
DATAFLOW,OECD.SDD.NAD:DSD_NAAG_VI@DF_NAAG_EXP(1.0),NAAG Chapter 6: Government,I,A,Annual,LUX,Luxembourg,D62S13,Social benefits other than social transfers in kind,_T,Total,PT_B1GQ,Percentage of GDP,NAAG_VI,Part VI: General Government,2023,,16.2253224300069,,N,Neither seasonally adjusted nor calendar adjusted,_Z,Not applicable,S13,General government,_Z,Not applicable,N,Non-consolidated,D,Expenditure,D62,Social benefits other than social transfers in kind,_Z,Not applicable,,,,,,,,,,,V,Current prices,N,Non transformed data,,,,,,,F,Free (free for publication),2,Two,A,Normal value,0,Units,_Z,Not applicable
DATAFLOW,OECD.SDD.NAD:DSD_NAAG_VI@DF_NAAG_EXP(1.0),NAAG Chapter 6: Government,I,A,Annual,NZL,New Zealand,D62S13,Social benefits other than social transfers in kind,_T,Total,PT_B1GQ,Percentage of GDP,NAAG_VI,Part VI: General Government,2021,,10.2029392351973,,N,Neither seasonally adjusted nor calendar adjusted,_Z,Not applicable,S13,General government,_Z,Not applicable,N,Non-consolidated,D,Expenditure,D62,Social benefits other than social transfers in kind,_Z,Not applicable,,,,,,,,,,,V,Current prices,N,Non transformed data,,,,,,,F,Free (free for publication),2,Two,A,Normal value,0,Units,_Z,Not applicable
DATAFLOW,OECD.SDD.NAD:DSD_NAAG_VI@DF_NAAG_EXP(1.0),NAAG Chapter 6: Government,I,A,Annual,NZL,New Zealand,D62S13,Social benefits other than social transfers in kind,_T,Total,PT_B1GQ,Percentage of GDP,NAAG_VI,Part VI: General Government,2020,,10.7204500415521,,N,Neither seasonally adjusted nor calendar adjusted,_Z,Not applicable,S13,General government,_Z,Not applicable,N,Non-consolidated,D,Expenditure,D62,Social benefits other than social transfers in kind,_Z,Not applicable,,,,,,,,,,,V,Current prices,N,Non transformed data,,,,,,,F,Free (free for publication),2,Two,A,Normal value,0,Units,_Z,Not applicable
DATAFLOW,OECD.SDD.NAD:DSD_NAAG_VI@DF_NAAG_EXP(1.0),NAAG Chapter 6: Government,I,A,Annual,NZL,New Zealand,D62S13,Social benefits other than social transfers in kind,_T,Total,PT_B1GQ,Percentage of GDP,NAAG_VI,Part VI: General Government,2005,,9.06615359122125,,N,Neither seasonally adjusted nor calendar adjusted,_Z,Not applicable,S13,General government,_Z,Not applicable,N,Non-consolidated,D,Expenditure,D62,Social benefits other than social transfers in kind,_Z,Not applicable,,,,,,,,,,,V,Current prices,N,Non transformed data,,,,,,,F,Free (free for publication),2,Two,A,Normal value,0,Units,_Z,Not applicable
DATAFLOW,OECD.SDD.NAD:DSD_NAAG_VI@DF_NAAG_EXP(1.0),NAAG Chapter 6: Government,I,A,Annual,NZL,New Zealand,D62S13,Social benefits other than social transfers in kind,_T,Total,PT_B1GQ,Percentage of GDP,NAAG_VI,Part VI: General Government,2004,,9.0809922488645,,N,Neither seasonally adjusted nor calendar adjusted,_Z,Not applicable,S13,General government,_Z,Not applicable,N,Non-consolidated,D,Expenditure,D62,Social benefits other than social transfers in kind,_Z,Not applicable,,,,,,,,,,,V,Current prices,N,Non transformed data,,,,,,,F,Free (free for publication),2,Two,A,Normal value,0,Units,_Z,Not applicable
DATAFLOW,OECD.SDD.NAD:DSD_NAAG_VI@DF_NAAG_EXP(1.0),NAAG Chapter 6: Government,I,A,Annual,NZL,New Zealand,D62S13,Social benefits other than social transfers in kind,_T,Total,PT_B1GQ,Percentage of GDP,NAAG_VI,Part VI: General Government,2003,,9.74214532871972,,N,Neither seasonally adjusted nor calendar adjusted,_Z,Not applicable,S13,General government,_Z,Not applicable,N,Non-consolidated,D,Expenditure,D62,Social benefits other than social transfers in kind,_Z,Not applicable,,,,,,,,,,,V,Current prices,N,Non transformed data,,,,,,,F,Free (free for publication),2,Two,A,Normal value,0,Units,_Z,Not applicable
DATAFLOW,OECD.SDD.NAD:DSD_NAAG_VI@DF_NAAG_EXP(1.0),NAAG Chapter 6: Government,I,A,Annual,NZL,New Zealand,D62S13,Social benefits other than social transfers in kind,_T,Total,PT_B1GQ,Percentage of GDP,NAAG_VI,Part VI: General Government,2002,,10.0200468993882,,N,Neither seasonally adjusted nor calendar adjusted,_Z,Not applicable,S13,General government,_Z,Not applicable,N,Non-consolidated,D,Expenditure,D62,Social benefits other than social transfers in kind,_Z,Not applicable,,,,,,,,,,,V,Current prices,N,Non transformed data,,,,,,,F,Free (free for publication),2,Two,A,Normal value,0,Units,_Z,Not applicable
DATAFLOW,OECD.SDD.NAD:DSD_NAAG_VI@DF_NAAG_EXP(1.0),NAAG Chapter 6: Government,I,A,Annual,NZL,New Zealand,D62S13,Social benefits other than social transfers in kind,_T,Total,PT_B1GQ,Percentage of GDP,NAAG_VI,Part VI: General Government,2001,,10.4520945987942,,N,Neither seasonally adjusted nor calendar adjusted,_Z,Not applicable,S13,General government,_Z,Not applicable,N,Non-consolidated,D,Expenditure,D62,Social benefits other than social transfers in kind,_Z,Not applicable,,,,,,,,,,,V,Current prices,N,Non transformed data,,,,,,,F,Free (free for publication),2,Two,A,Normal value,0,Units,_Z,Not applicable
DATAFLOW,OECD.SDD.NAD:DSD_NAAG_VI@DF_NAAG_EXP(1.0),NAAG Chapter 6: Government,I,A,Annual,NZL,New Zealand,D62S13,Social benefits other than social transfers in kind,_T,Total,PT_B1GQ,Percentage of GDP,NAAG_VI,Part VI: General Government,2000,,11.0556575433912,,N,Neither seasonally adjusted nor calendar adjusted,_Z,Not applicable,S13,General government,_Z,Not applicable,N,Non-consolidated,D,Expenditure,D62,Social benefits other than social transfers in kind,_Z,Not applicable,,,,,,,,,,,V,Current prices,N,Non transformed data,,,,,,,F,Free (free for publication),2,Two,A,Normal value,0,Units,_Z,Not applicable
DATAFLOW,OECD.SDD.NAD:DSD_NAAG_VI@DF_NAAG_EXP(1.0),NAAG Chapter 6: Government,I,A,Annual,NZL,New Zealand,D62S13,Social benefits other than social transfers in kind,_T,Total,PT_B1GQ,Percentage of GDP,NAAG_VI,Part VI: General Government,2019,,9.59770132718045,,N,Neither seasonally adjusted nor calendar adjusted,_Z,Not applicable,S13,General government,_Z,Not applicable,N,Non-consolidated,D,Expenditure,D62,Social benefits other than social transfers in kind,_Z,Not applicable,,,,,,,,,,,V,Current prices,N,Non transformed data,,,,,,,F,Free (free for publication),2,Two,A,Normal value,0,Units,_Z,Not applicable
DATAFLOW,OECD.SDD.NAD:DSD_NAAG_VI@DF_NAAG_EXP(1.0),NAAG Chapter 6: Government,I,A,Annual,NZL,New Zealand,D62S13,Social benefits other than social transfers in kind,_T,Total,PT_B1GQ,Percentage of GDP,NAAG_VI,Part VI: General Government,2018,,9.37905958077383,,N,Neither seasonally adjusted nor calendar adjusted,_Z,Not applicable,S13,General government,_Z,Not applicable,N,Non-consolidated,D,Expenditure,D62,Social benefits other than social transfers in kind,_Z,Not applicable,,,,,,,,,,,V,Current prices,N,Non transformed data,,,,,,,F,Free (free for publication),2,Two,A,Normal value,0,Units,_Z,Not applicable
DATAFLOW,OECD.SDD.NAD:DSD_NAAG_VI@DF_NAAG_EXP(1.0),NAAG Chapter 6: Government,I,A,Annual,NZL,New Zealand,D62S13,Social benefits other than social transfers in kind,_T,Total,PT_B1GQ,Percentage of GDP,NAAG_VI,Part VI: General Government,2017,,9.07772462333663,,N,Neither seasonally adjusted nor calendar adjusted,_Z,Not applicable,S13,General government,_Z,Not applicable,N,Non-consolidated,D,Expenditure,D62,Social benefits other than social transfers in kind,_Z,Not applicable,,,,,,,,,,,V,Current prices,N,Non transformed data,,,,,,,F,Free (free for publication),2,Two,A,Normal value,0,Units,_Z,Not applicable
DATAFLOW,OECD.SDD.NAD:DSD_NAAG_VI@DF_NAAG_EXP(1.0),NAAG Chapter 6: Government,I,A,Annual,NZL,New Zealand,D62S13,Social benefits other than social transfers in kind,_T,Total,PT_B1GQ,Percentage of GDP,NAAG_VI,Part VI: General Government,2016,,9.51311633523041,,N,Neither seasonally adjusted nor calendar adjusted,_Z,Not applicable,S13,General government,_Z,Not applicable,N,Non-consolidated,D,Expenditure,D62,Social benefits other than social transfers in kind,_Z,Not applicable,,,,,,,,,,,V,Current prices,N,Non transformed data,,,,,,,F,Free (free for publication),2,Two,A,Normal value,0,Units,_Z,Not applicable
DATAFLOW,OECD.SDD.NAD:DSD_NAAG_VI@DF_NAAG_EXP(1.0),NAAG Chapter 6: Government,I,A,Annual,NZL,New Zealand,D62S13,Social benefits other than social transfers in kind,_T,Total,PT_B1GQ,Percentage of GDP,NAAG_VI,Part VI: General Government,2015,,9.63223239125246,,N,Neither seasonally adjusted nor calendar adjusted,_Z,Not applicable,S13,General government,_Z,Not applicable,N,Non-consolidated,D,Expenditure,D62,Social benefits other than social transfers in kind,_Z,Not applicable,,,,,,,,,,,V,Current prices,N,Non transformed data,,,,,,,F,Free (free for publication),2,Two,A,Normal value,0,Units,_Z,Not applicable
DATAFLOW,OECD.SDD.NAD:DSD_NAAG_VI@DF_NAAG_EXP(1.0),NAAG Chapter 6: Government,I,A,Annual,NZL,New Zealand,D62S13,Social benefits other than social transfers in kind,_T,Total,PT_B1GQ,Percentage of GDP,NAAG_VI,Part VI: General Government,2014,,9.93466904333579,,N,Neither seasonally adjusted nor calendar adjusted,_Z,Not applicable,S13,General government,_Z,Not applicable,N,Non-consolidated,D,Expenditure,D62,Social benefits other than social transfers in kind,_Z,Not applicable,,,,,,,,,,,V,Current prices,N,Non transformed data,,,,,,,F,Free (free for publication),2,Two,A,Normal value,0,Units,_Z,Not applicable
DATAFLOW,OECD.SDD.NAD:DSD_NAAG_VI@DF_NAAG_EXP(1.0),NAAG Chapter 6: Government,I,A,Annual,NZL,New Zealand,D62S13,Social benefits other than social transfers in kind,_T,Total,PT_B1GQ,Percentage of GDP,NAAG_VI,Part VI: General Government,2013,,10.1162620963241,,N,Neither seasonally adjusted nor calendar adjusted,_Z,Not applicable,S13,General government,_Z,Not applicable,N,Non-consolidated,D,Expenditure,D62,Social benefits other than social transfers in kind,_Z,Not applicable,,,,,,,,,,,V,Current prices,N,Non transformed data,,,,,,,F,Free (free for publication),2,Two,A,Normal value,0,Units,_Z,Not applicable
DATAFLOW,OECD.SDD.NAD:DSD_NAAG_VI@DF_NAAG_EXP(1.0),NAAG Chapter 6: Government,I,A,Annual,NZL,New Zealand,D62S13,Social benefits other than social transfers in kind,_T,Total,PT_B1GQ,Percentage of GDP,NAAG_VI,Part VI: General Government,2012,,10.6342949703341,,N,Neither seasonally adjusted nor calendar adjusted,_Z,Not applicable,S13,General government,_Z,Not applicable,N,Non-consolidated,D,Expenditure,D62,Social benefits other than social transfers in kind,_Z,Not applicable,,,,,,,,,,,V,Current prices,N,Non transformed data,,,,,,,F,Free (free for publication),2,Two,A,Normal value,0,Units,_Z,Not applicable
DATAFLOW,OECD.SDD.NAD:DSD_NAAG_VI@DF_NAAG_EXP(1.0),NAAG Chapter 6: Government,I,A,Annual,NZL,New Zealand,D62S13,Social benefits other than social transfers in kind,_T,Total,PT_B1GQ,Percentage of GDP,NAAG_VI,Part VI: General Government,2011,,10.6052862320709,,N,Neither seasonally adjusted nor calendar adjusted,_Z,Not applicable,S13,General government,_Z,Not applicable,N,Non-consolidated,D,Expenditure,D62,Social benefits other than social transfers in kind,_Z,Not applicable,,,,,,,,,,,V,Current prices,N,Non transformed data,,,,,,,F,Free (free for publication),2,Two,A,Normal value,0,Units,_Z,Not applicable
DATAFLOW,OECD.SDD.NAD:DSD_NAAG_VI@DF_NAAG_EXP(1.0),NAAG Chapter 6: Government,I,A,Annual,NZL,New Zealand,D62S13,Social benefits other than social transfers in kind,_T,Total,PT_B1GQ,Percentage of GDP,NAAG_VI,Part VI: General Government,2010,,10.9352235657698,,N,Neither seasonally adjusted nor calendar adjusted,_Z,Not applicable,S13,General government,_Z,Not applicable,N,Non-consolidated,D,Expenditure,D62,Social benefits other than social transfers in kind,_Z,Not applicable,,,,,,,,,,,V,Current prices,N,Non transformed data,,,,,,,F,Free (free for publication),2,Two,A,Normal value,0,Units,_Z,Not applicable
DATAFLOW,OECD.SDD.NAD:DSD_NAAG_VI@DF_NAAG_EXP(1.0),NAAG Chapter 6: Government,I,A,Annual,NZL,New Zealand,D62S13,Social benefits other than social transfers in kind,_T,Total,PT_B1GQ,Percentage of GDP,NAAG_VI,Part VI: General Government,2009,,10.9985572800879,,N,Neither seasonally adjusted nor calendar adjusted,_Z,Not applicable,S13,General government,_Z,Not applicable,N,Non-consolidated,D,Expenditure,D62,Social benefits other than social transfers in kind,_Z,Not applicable,,,,,,,,,,,V,Current prices,N,Non transformed data,,,,,,,F,Free (free for publication),2,Two,A,Normal value,0,Units,_Z,Not applicable
DATAFLOW,OECD.SDD.NAD:DSD_NAAG_VI@DF_NAAG_EXP(1.0),NAAG Chapter 6: Government,I,A,Annual,NZL,New Zealand,D62S13,Social benefits other than social transfers in kind,_T,Total,PT_B1GQ,Percentage of GDP,NAAG_VI,Part VI: General Government,2008,,10.4203539823009,,N,Neither seasonally adjusted nor calendar adjusted,_Z,Not applicable,S13,General government,_Z,Not applicable,N,Non-consolidated,D,Expenditure,D62,Social benefits other than social transfers in kind,_Z,Not applicable,,,,,,,,,,,V,Current prices,N,Non transformed data,,,,,,,F,Free (free for publication),2,Two,A,Normal value,0,Units,_Z,Not applicable
DATAFLOW,OECD.SDD.NAD:DSD_NAAG_VI@DF_NAAG_EXP(1.0),NAAG Chapter 6: Government,I,A,Annual,NZL,New Zealand,D62S13,Social benefits other than social transfers in kind,_T,Total,PT_B1GQ,Percentage of GDP,NAAG_VI,Part VI: General Government,2007,,9.76906264396756,,N,Neither seasonally adjusted nor calendar adjusted,_Z,Not applicable,S13,General government,_Z,Not applicable,N,Non-consolidated,D,Expenditure,D62,Social benefits other than social transfers in kind,_Z,Not applicable,,,,,,,,,,,V,Current prices,N,Non transformed data,,,,,,,F,Free (free for publication),2,Two,A,Normal value,0,Units,_Z,Not applicable
DATAFLOW,OECD.SDD.NAD:DSD_NAAG_VI@DF_NAAG_EXP(1.0),NAAG Chapter 6: Government,I,A,Annual,NZL,New Zealand,D62S13,Social benefits other than social transfers in kind,_T,Total,PT_B1GQ,Percentage of GDP,NAAG_VI,Part VI: General Government,2006,,9.64099463381453,,N,Neither seasonally adjusted nor calendar adjusted,_Z,Not applicable,S13,General government,_Z,Not applicable,N,Non-consolidated,D,Expenditure,D62,Social benefits other than social transfers in kind,_Z,Not applicable,,,,,,,,,,,V,Current prices,N,Non transformed data,,,,,,,F,Free (free for publication),2,Two,A,Normal value,0,Units,_Z,Not applicable
DATAFLOW,OECD.SDD.NAD:DSD_NAAG_VI@DF_NAAG_EXP(1.0),NAAG Chapter 6: Government,I,A,Annual,NZL,New Zealand,D62S13,Social benefits other than social transfers in kind,_T,Total,PT_B1GQ,Percentage of GDP,NAAG_VI,Part VI: General Government,2023,,10.4796326954915,,N,Neither seasonally adjusted nor calendar adjusted,_Z,Not applicable,S13,General government,_Z,Not applicable,N,Non-consolidated,D,Expenditure,D62,Social benefits other than social transfers in kind,_Z,Not applicable,,,,,,,,,,,V,Current prices,N,Non transformed data,,,,,,,F,Free (free for publication),2,Two,A,Normal value,0,Units,_Z,Not applicable
DATAFLOW,OECD.SDD.NAD:DSD_NAAG_VI@DF_NAAG_EXP(1.0),NAAG Chapter 6: Government,I,A,Annual,SVK,Slovak Republic,D62S13,Social benefits other than social transfers in kind,_T,Total,PT_B1GQ,Percentage of GDP,NAAG_VI,Part VI: General Government,2021,,14.6877556353014,,N,Neither seasonally adjusted nor calendar adjusted,_Z,Not applicable,S13,General government,_Z,Not applicable,N,Non-consolidated,D,Expenditure,D62,Social benefits other than social transfers in kind,_Z,Not applicable,,,,,,,,,,,V,Current prices,N,Non transformed data,,,,,,,F,Free (free for publication),2,Two,A,Normal value,0,Units,_Z,Not applicable
DATAFLOW,OECD.SDD.NAD:DSD_NAAG_VI@DF_NAAG_EXP(1.0),NAAG Chapter 6: Government,I,A,Annual,SVK,Slovak Republic,D62S13,Social benefits other than social transfers in kind,_T,Total,PT_B1GQ,Percentage of GDP,NAAG_VI,Part VI: General Government,2020,,14.5189306134802,,N,Neither seasonally adjusted nor calendar adjusted,_Z,Not applicable,S13,General government,_Z,Not applicable,N,Non-consolidated,D,Expenditure,D62,Social benefits other than social transfers in kind,_Z,Not applicable,,,,,,,,,,,V,Current prices,N,Non transformed data,,,,,,,F,Free (free for publication),2,Two,A,Normal value,0,Units,_Z,Not applicable
DATAFLOW,OECD.SDD.NAD:DSD_NAAG_VI@DF_NAAG_EXP(1.0),NAAG Chapter 6: Government,I,A,Annual,SVK,Slovak Republic,D62S13,Social benefits other than social transfers in kind,_T,Total,PT_B1GQ,Percentage of GDP,NAAG_VI,Part VI: General Government,2005,,12.7721841098565,,N,Neither seasonally adjusted nor calendar adjusted,_Z,Not applicable,S13,General government,_Z,Not applicable,N,Non-consolidated,D,Expenditure,D62,Social benefits other than social transfers in kind,_Z,Not applicable,,,,,,,,,,,V,Current prices,N,Non transformed data,,,,,,,F,Free (free for publication),2,Two,A,Normal value,0,Units,_Z,Not applicable
DATAFLOW,OECD.SDD.NAD:DSD_NAAG_VI@DF_NAAG_EXP(1.0),NAAG Chapter 6: Government,I,A,Annual,SVK,Slovak Republic,D62S13,Social benefits other than social transfers in kind,_T,Total,PT_B1GQ,Percentage of GDP,NAAG_VI,Part VI: General Government,2004,,12.6434777719882,,N,Neither seasonally adjusted nor calendar adjusted,_Z,Not applicable,S13,General government,_Z,Not applicable,N,Non-consolidated,D,Expenditure,D62,Social benefits other than social transfers in kind,_Z,Not applicable,,,,,,,,,,,V,Current prices,N,Non transformed data,,,,,,,F,Free (free for publication),2,Two,A,Normal value,0,Units,_Z,Not applicable
DATAFLOW,OECD.SDD.NAD:DSD_NAAG_VI@DF_NAAG_EXP(1.0),NAAG Chapter 6: Government,I,A,Annual,SVK,Slovak Republic,D62S13,Social benefits other than social transfers in kind,_T,Total,PT_B1GQ,Percentage of GDP,NAAG_VI,Part VI: General Government,2003,,11.934024266875,,N,Neither seasonally adjusted nor calendar adjusted,_Z,Not applicable,S13,General government,_Z,Not applicable,N,Non-consolidated,D,Expenditure,D62,Social benefits other than social transfers in kind,_Z,Not applicable,,,,,,,,,,,V,Current prices,N,Non transformed data,,,,,,,F,Free (free for publication),2,Two,A,Normal value,0,Units,_Z,Not applicable
DATAFLOW,OECD.SDD.NAD:DSD_NAAG_VI@DF_NAAG_EXP(1.0),NAAG Chapter 6: Government,I,A,Annual,SVK,Slovak Republic,D62S13,Social benefits other than social transfers in kind,_T,Total,PT_B1GQ,Percentage of GDP,NAAG_VI,Part VI: General Government,2002,,13.5629061064414,,N,Neither seasonally adjusted nor calendar adjusted,_Z,Not applicable,S13,General government,_Z,Not applicable,N,Non-consolidated,D,Expenditure,D62,Social benefits other than social transfers in kind,_Z,Not applicable,,,,,,,,,,,V,Current prices,N,Non transformed data,,,,,,,F,Free (free for publication),2,Two,A,Normal value,0,Units,_Z,Not applicable
DATAFLOW,OECD.SDD.NAD:DSD_NAAG_VI@DF_NAAG_EXP(1.0),NAAG Chapter 6: Government,I,A,Annual,SVK,Slovak Republic,D62S13,Social benefits other than social transfers in kind,_T,Total,PT_B1GQ,Percentage of GDP,NAAG_VI,Part VI: General Government,2001,,13.4202216599064,,N,Neither seasonally adjusted nor calendar adjusted,_Z,Not applicable,S13,General government,_Z,Not applicable,N,Non-consolidated,D,Expenditure,D62,Social benefits other than social transfers in kind,_Z,Not applicable,,,,,,,,,,,V,Current prices,N,Non transformed data,,,,,,,F,Free (free for publication),2,Two,A,Normal value,0,Units,_Z,Not applicable
DATAFLOW,OECD.SDD.NAD:DSD_NAAG_VI@DF_NAAG_EXP(1.0),NAAG Chapter 6: Government,I,A,Annual,SVK,Slovak Republic,D62S13,Social benefits other than social transfers in kind,_T,Total,PT_B1GQ,Percentage of GDP,NAAG_VI,Part VI: General Government,2000,,13.3593449547871,,N,Neither seasonally adjusted nor calendar adjusted,_Z,Not applicable,S13,General government,_Z,Not applicable,N,Non-consolidated,D,Expenditure,D62,Social benefits other than social transfers in kind,_Z,Not applicable,,,,,,,,,,,V,Current prices,N,Non transformed data,,,,,,,F,Free (free for publication),2,Two,A,Normal value,0,Units,_Z,Not applicable
DATAFLOW,OECD.SDD.NAD:DSD_NAAG_VI@DF_NAAG_EXP(1.0),NAAG Chapter 6: Government,I,A,Annual,SVK,Slovak Republic,D62S13,Social benefits other than social transfers in kind,_T,Total,PT_B1GQ,Percentage of GDP,NAAG_VI,Part VI: General Government,2019,,13.3315551791944,,N,Neither seasonally adjusted nor calendar adjusted,_Z,Not applicable,S13,General government,_Z,Not applicable,N,Non-consolidated,D,Expenditure,D62,Social benefits other than social transfers in kind,_Z,Not applicable,,,,,,,,,,,V,Current prices,N,Non transformed data,,,,,,,F,Free (free for publication),2,Two,A,Normal value,0,Units,_Z,Not applicable
DATAFLOW,OECD.SDD.NAD:DSD_NAAG_VI@DF_NAAG_EXP(1.0),NAAG Chapter 6: Government,I,A,Annual,SVK,Slovak Republic,D62S13,Social benefits other than social transfers in kind,_T,Total,PT_B1GQ,Percentage of GDP,NAAG_VI,Part VI: General Government,2018,,13.138973345153,,N,Neither seasonally adjusted nor calendar adjusted,_Z,Not applicable,S13,General government,_Z,Not applicable,N,Non-consolidated,D,Expenditure,D62,Social benefits other than social transfers in kind,_Z,Not applicable,,,,,,,,,,,V,Current prices,N,Non transformed data,,,,,,,F,Free (free for publication),2,Two,A,Normal value,0,Units,_Z,Not applicable
DATAFLOW,OECD.SDD.NAD:DSD_NAAG_VI@DF_NAAG_EXP(1.0),NAAG Chapter 6: Government,I,A,Annual,SVK,Slovak Republic,D62S13,Social benefits other than social transfers in kind,_T,Total,PT_B1GQ,Percentage of GDP,NAAG_VI,Part VI: General Government,2017,,13.5035664275003,,N,Neither seasonally adjusted nor calendar adjusted,_Z,Not applicable,S13,General government,_Z,Not applicable,N,Non-consolidated,D,Expenditure,D62,Social benefits other than social transfers in kind,_Z,Not applicable,,,,,,,,,,,V,Current prices,N,Non transformed data,,,,,,,F,Free (free for publication),2,Two,A,Normal value,0,Units,_Z,Not applicable
DATAFLOW,OECD.SDD.NAD:DSD_NAAG_VI@DF_NAAG_EXP(1.0),NAAG Chapter 6: Government,I,A,Annual,SVK,Slovak Republic,D62S13,Social benefits other than social transfers in kind,_T,Total,PT_B1GQ,Percentage of GDP,NAAG_VI,Part VI: General Government,2016,,13.8249847255455,,N,Neither seasonally adjusted nor calendar adjusted,_Z,Not applicable,S13,General government,_Z,Not applicable,N,Non-consolidated,D,Expenditure,D62,Social benefits other than social transfers in kind,_Z,Not applicable,,,,,,,,,,,V,Current prices,N,Non transformed data,,,,,,,F,Free (free for publication),2,Two,A,Normal value,0,Units,_Z,Not applicable
DATAFLOW,OECD.SDD.NAD:DSD_NAAG_VI@DF_NAAG_EXP(1.0),NAAG Chapter 6: Government,I,A,Annual,SVK,Slovak Republic,D62S13,Social benefits other than social transfers in kind,_T,Total,PT_B1GQ,Percentage of GDP,NAAG_VI,Part VI: General Government,2015,,13.6479522504063,,N,Neither seasonally adjusted nor calendar adjusted,_Z,Not applicable,S13,General government,_Z,Not applicable,N,Non-consolidated,D,Expenditure,D62,Social benefits other than social transfers in kind,_Z,Not applicable,,,,,,,,,,,V,Current prices,N,Non transformed data,,,,,,,F,Free (free for publication),2,Two,A,Normal value,0,Units,_Z,Not applicable
DATAFLOW,OECD.SDD.NAD:DSD_NAAG_VI@DF_NAAG_EXP(1.0),NAAG Chapter 6: Government,I,A,Annual,SVK,Slovak Republic,D62S13,Social benefits other than social transfers in kind,_T,Total,PT_B1GQ,Percentage of GDP,NAAG_VI,Part VI: General Government,2014,,13.9404641710084,,N,Neither seasonally adjusted nor calendar adjusted,_Z,Not applicable,S13,General government,_Z,Not applicable,N,Non-consolidated,D,Expenditure,D62,Social benefits other than social transfers in kind,_Z,Not applicable,,,,,,,,,,,V,Current prices,N,Non transformed data,,,,,,,F,Free (free for publication),2,Two,A,Normal value,0,Units,_Z,Not applicable
DATAFLOW,OECD.SDD.NAD:DSD_NAAG_VI@DF_NAAG_EXP(1.0),NAAG Chapter 6: Government,I,A,Annual,SVK,Slovak Republic,D62S13,Social benefits other than social transfers in kind,_T,Total,PT_B1GQ,Percentage of GDP,NAAG_VI,Part VI: General Government,2013,,13.9870664596126,,N,Neither seasonally adjusted nor calendar adjusted,_Z,Not applicable,S13,General government,_Z,Not applicable,N,Non-consolidated,D,Expenditure,D62,Social benefits other than social transfers in kind,_Z,Not applicable,,,,,,,,,,,V,Current prices,N,Non transformed data,,,,,,,F,Free (free for publication),2,Two,A,Normal value,0,Units,_Z,Not applicable
DATAFLOW,OECD.SDD.NAD:DSD_NAAG_VI@DF_NAAG_EXP(1.0),NAAG Chapter 6: Government,I,A,Annual,SVK,Slovak Republic,D62S13,Social benefits other than social transfers in kind,_T,Total,PT_B1GQ,Percentage of GDP,NAAG_VI,Part VI: General Government,2012,,13.897521453531,,N,Neither seasonally adjusted nor calendar adjusted,_Z,Not applicable,S13,General government,_Z,Not applicable,N,Non-consolidated,D,Expenditure,D62,Social benefits other than social transfers in kind,_Z,Not applicable,,,,,,,,,,,V,Current prices,N,Non transformed data,,,,,,,F,Free (free for publication),2,Two,A,Normal value,0,Units,_Z,Not applicable
DATAFLOW,OECD.SDD.NAD:DSD_NAAG_VI@DF_NAAG_EXP(1.0),NAAG Chapter 6: Government,I,A,Annual,SVK,Slovak Republic,D62S13,Social benefits other than social transfers in kind,_T,Total,PT_B1GQ,Percentage of GDP,NAAG_VI,Part VI: General Government,2011,,13.7184616295069,,N,Neither seasonally adjusted nor calendar adjusted,_Z,Not applicable,S13,General government,_Z,Not applicable,N,Non-consolidated,D,Expenditure,D62,Social benefits other than social transfers in kind,_Z,Not applicable,,,,,,,,,,,V,Current prices,N,Non transformed data,,,,,,,F,Free (free for publication),2,Two,A,Normal value,0,Units,_Z,Not applicable
DATAFLOW,OECD.SDD.NAD:DSD_NAAG_VI@DF_NAAG_EXP(1.0),NAAG Chapter 6: Government,I,A,Annual,SVK,Slovak Republic,D62S13,Social benefits other than social transfers in kind,_T,Total,PT_B1GQ,Percentage of GDP,NAAG_VI,Part VI: General Government,2010,,14.1962976205965,,N,Neither seasonally adjusted nor calendar adjusted,_Z,Not applicable,S13,General government,_Z,Not applicable,N,Non-consolidated,D,Expenditure,D62,Social benefits other than social transfers in kind,_Z,Not applicable,,,,,,,,,,,V,Current prices,N,Non transformed data,,,,,,,F,Free (free for publication),2,Two,A,Normal value,0,Units,_Z,Not applicable
DATAFLOW,OECD.SDD.NAD:DSD_NAAG_VI@DF_NAAG_EXP(1.0),NAAG Chapter 6: Government,I,A,Annual,SVK,Slovak Republic,D62S13,Social benefits other than social transfers in kind,_T,Total,PT_B1GQ,Percentage of GDP,NAAG_VI,Part VI: General Government,2009,,14.127234533759,,N,Neither seasonally adjusted nor calendar adjusted,_Z,Not applicable,S13,General government,_Z,Not applicable,N,Non-consolidated,D,Expenditure,D62,Social benefits other than social transfers in kind,_Z,Not applicable,,,,,,,,,,,V,Current prices,N,Non transformed data,,,,,,,F,Free (free for publication),2,Two,A,Normal value,0,Units,_Z,Not applicable
DATAFLOW,OECD.SDD.NAD:DSD_NAAG_VI@DF_NAAG_EXP(1.0),NAAG Chapter 6: Government,I,A,Annual,SVK,Slovak Republic,D62S13,Social benefits other than social transfers in kind,_T,Total,PT_B1GQ,Percentage of GDP,NAAG_VI,Part VI: General Government,2008,,11.6513723797307,,N,Neither seasonally adjusted nor calendar adjusted,_Z,Not applicable,S13,General government,_Z,Not applicable,N,Non-consolidated,D,Expenditure,D62,Social benefits other than social transfers in kind,_Z,Not applicable,,,,,,,,,,,V,Current prices,N,Non transformed data,,,,,,,F,Free (free for publication),2,Two,A,Normal value,0,Units,_Z,Not applicable
DATAFLOW,OECD.SDD.NAD:DSD_NAAG_VI@DF_NAAG_EXP(1.0),NAAG Chapter 6: Government,I,A,Annual,SVK,Slovak Republic,D62S13,Social benefits other than social transfers in kind,_T,Total,PT_B1GQ,Percentage of GDP,NAAG_VI,Part VI: General Government,2007,,11.8726463438015,,N,Neither seasonally adjusted nor calendar adjusted,_Z,Not applicable,S13,General government,_Z,Not applicable,N,Non-consolidated,D,Expenditure,D62,Social benefits other than social transfers in kind,_Z,Not applicable,,,,,,,,,,,V,Current prices,N,Non transformed data,,,,,,,F,Free (free for publication),2,Two,A,Normal value,0,Units,_Z,Not applicable
DATAFLOW,OECD.SDD.NAD:DSD_NAAG_VI@DF_NAAG_EXP(1.0),NAAG Chapter 6: Government,I,A,Annual,SVK,Slovak Republic,D62S13,Social benefits other than social transfers in kind,_T,Total,PT_B1GQ,Percentage of GDP,NAAG_VI,Part VI: General Government,2006,,12.2369743168741,,N,Neither seasonally adjusted nor calendar adjusted,_Z,Not applicable,S13,General government,_Z,Not applicable,N,Non-consolidated,D,Expenditure,D62,Social benefits other than social transfers in kind,_Z,Not applicable,,,,,,,,,,,V,Current prices,N,Non transformed data,,,,,,,F,Free (free for publication),2,Two,A,Normal value,0,Units,_Z,Not applicable
DATAFLOW,OECD.SDD.NAD:DSD_NAAG_VI@DF_NAAG_EXP(1.0),NAAG Chapter 6: Government,I,A,Annual,SVK,Slovak Republic,D62S13,Social benefits other than social transfers in kind,_T,Total,PT_B1GQ,Percentage of GDP,NAAG_VI,Part VI: General Government,2024,,17.0802304426675,,N,Neither seasonally adjusted nor calendar adjusted,_Z,Not applicable,S13,General government,_Z,Not applicable,N,Non-consolidated,D,Expenditure,D62,Social benefits other than social transfers in kind,_Z,Not applicable,,,,,,,,,,,V,Current prices,N,Non transformed data,,,,,,,F,Free (free for publication),2,Two,A,Normal value,0,Units,_Z,Not applicable
DATAFLOW,OECD.SDD.NAD:DSD_NAAG_VI@DF_NAAG_EXP(1.0),NAAG Chapter 6: Government,I,A,Annual,SVK,Slovak Republic,D62S13,Social benefits other than social transfers in kind,_T,Total,PT_B1GQ,Percentage of GDP,NAAG_VI,Part VI: General Government,2023,,16.2759206884287,,N,Neither seasonally adjusted nor calendar adjusted,_Z,Not applicable,S13,General government,_Z,Not applicable,N,Non-consolidated,D,Expenditure,D62,Social benefits other than social transfers in kind,_Z,Not applicable,,,,,,,,,,,V,Current prices,N,Non transformed data,,,,,,,F,Free (free for publication),2,Two,A,Normal value,0,Units,_Z,Not applicable
DATAFLOW,OECD.SDD.NAD:DSD_NAAG_VI@DF_NAAG_EXP(1.0),NAAG Chapter 6: Government,I,A,Annual,BEL,Belgium,D62S13,Social benefits other than social transfers in kind,_T,Total,PT_B1GQ,Percentage of GDP,NAAG_VI,Part VI: General Government,2021,,17.8973028602866,,N,Neither seasonally adjusted nor calendar adjusted,_Z,Not applicable,S13,General government,_Z,Not applicable,N,Non-consolidated,D,Expenditure,D62,Social benefits other than social transfers in kind,_Z,Not applicable,,,,,,,,,,,V,Current prices,N,Non transformed data,,,,,,,F,Free (free for publication),2,Two,A,Normal value,0,Units,_Z,Not applicable
DATAFLOW,OECD.SDD.NAD:DSD_NAAG_VI@DF_NAAG_EXP(1.0),NAAG Chapter 6: Government,I,A,Annual,BEL,Belgium,D62S13,Social benefits other than social transfers in kind,_T,Total,PT_B1GQ,Percentage of GDP,NAAG_VI,Part VI: General Government,2020,,19.7399293456897,,N,Neither seasonally adjusted nor calendar adjusted,_Z,Not applicable,S13,General government,_Z,Not applicable,N,Non-consolidated,D,Expenditure,D62,Social benefits other than social transfers in kind,_Z,Not applicable,,,,,,,,,,,V,Current prices,N,Non transformed data,,,,,,,F,Free (free for publication),2,Two,A,Normal value,0,Units,_Z,Not applicable
DATAFLOW,OECD.SDD.NAD:DSD_NAAG_VI@DF_NAAG_EXP(1.0),NAAG Chapter 6: Government,I,A,Annual,BEL,Belgium,D62S13,Social benefits other than social transfers in kind,_T,Total,PT_B1GQ,Percentage of GDP,NAAG_VI,Part VI: General Government,2005,,15.0554642404663,,N,Neither seasonally adjusted nor calendar adjusted,_Z,Not applicable,S13,General government,_Z,Not applicable,N,Non-consolidated,D,Expenditure,D62,Social benefits other than social transfers in kind,_Z,Not applicable,,,,,,,,,,,V,Current prices,N,Non transformed data,,,,,,,F,Free (free for publication),2,Two,A,Normal value,0,Units,_Z,Not applicable
DATAFLOW,OECD.SDD.NAD:DSD_NAAG_VI@DF_NAAG_EXP(1.0),NAAG Chapter 6: Government,I,A,Annual,BEL,Belgium,D62S13,Social benefits other than social transfers in kind,_T,Total,PT_B1GQ,Percentage of GDP,NAAG_VI,Part VI: General Government,2004,,15.1689729488979,,N,Neither seasonally adjusted nor calendar adjusted,_Z,Not applicable,S13,General government,_Z,Not applicable,N,Non-consolidated,D,Expenditure,D62,Social benefits other than social transfers in kind,_Z,Not applicable,,,,,,,,,,,V,Current prices,N,Non transformed data,,,,,,,F,Free (free for publication),2,Two,A,Normal value,0,Units,_Z,Not applicable
DATAFLOW,OECD.SDD.NAD:DSD_NAAG_VI@DF_NAAG_EXP(1.0),NAAG Chapter 6: Government,I,A,Annual,BEL,Belgium,D62S13,Social benefits other than social transfers in kind,_T,Total,PT_B1GQ,Percentage of GDP,NAAG_VI,Part VI: General Government,2003,,15.4170942979415,,N,Neither seasonally adjusted nor calendar adjusted,_Z,Not applicable,S13,General government,_Z,Not applicable,N,Non-consolidated,D,Expenditure,D62,Social benefits other than social transfers in kind,_Z,Not applicable,,,,,,,,,,,V,Current prices,N,Non transformed data,,,,,,,F,Free (free for publication),2,Two,A,Normal value,0,Units,_Z,Not applicable
DATAFLOW,OECD.SDD.NAD:DSD_NAAG_VI@DF_NAAG_EXP(1.0),NAAG Chapter 6: Government,I,A,Annual,BEL,Belgium,D62S13,Social benefits other than social transfers in kind,_T,Total,PT_B1GQ,Percentage of GDP,NAAG_VI,Part VI: General Government,2002,,15.1747501151851,,N,Neither seasonally adjusted nor calendar adjusted,_Z,Not applicable,S13,General government,_Z,Not applicable,N,Non-consolidated,D,Expenditure,D62,Social benefits other than social transfers in kind,_Z,Not applicable,,,,,,,,,,,V,Current prices,N,Non transformed data,,,,,,,F,Free (free for publication),2,Two,A,Normal value,0,Units,_Z,Not applicable
DATAFLOW,OECD.SDD.NAD:DSD_NAAG_VI@DF_NAAG_EXP(1.0),NAAG Chapter 6: Government,I,A,Annual,BEL,Belgium,D62S13,Social benefits other than social transfers in kind,_T,Total,PT_B1GQ,Percentage of GDP,NAAG_VI,Part VI: General Government,2001,,14.6745284107396,,N,Neither seasonally adjusted nor calendar adjusted,_Z,Not applicable,S13,General government,_Z,Not applicable,N,Non-consolidated,D,Expenditure,D62,Social benefits other than social transfers in kind,_Z,Not applicable,,,,,,,,,,,V,Current prices,N,Non transformed data,,,,,,,F,Free (free for publication),2,Two,A,Normal value,0,Units,_Z,Not applicable
DATAFLOW,OECD.SDD.NAD:DSD_NAAG_VI@DF_NAAG_EXP(1.0),NAAG Chapter 6: Government,I,A,Annual,BEL,Belgium,D62S13,Social benefits other than social transfers in kind,_T,Total,PT_B1GQ,Percentage of GDP,NAAG_VI,Part VI: General Government,2000,,14.5222415167699,,N,Neither seasonally adjusted nor calendar adjusted,_Z,Not applicable,S13,General government,_Z,Not applicable,N,Non-consolidated,D,Expenditure,D62,Social benefits other than social transfers in kind,_Z,Not applicable,,,,,,,,,,,V,Current prices,N,Non transformed data,,,,,,,F,Free (free for publication),2,Two,A,Normal value,0,Units,_Z,Not applicable
DATAFLOW,OECD.SDD.NAD:DSD_NAAG_VI@DF_NAAG_EXP(1.0),NAAG Chapter 6: Government,I,A,Annual,BEL,Belgium,D62S13,Social benefits other than social transfers in kind,_T,Total,PT_B1GQ,Percentage of GDP,NAAG_VI,Part VI: General Government,2019,,16.6983317582479,,N,Neither seasonally adjusted nor calendar adjusted,_Z,Not applicable,S13,General government,_Z,Not applicable,N,Non-consolidated,D,Expenditure,D62,Social benefits other than social transfers in kind,_Z,Not applicable,,,,,,,,,,,V,Current prices,N,Non transformed data,,,,,,,F,Free (free for publication),2,Two,A,Normal value,0,Units,_Z,Not applicable
DATAFLOW,OECD.SDD.NAD:DSD_NAAG_VI@DF_NAAG_EXP(1.0),NAAG Chapter 6: Government,I,A,Annual,BEL,Belgium,D62S13,Social benefits other than social transfers in kind,_T,Total,PT_B1GQ,Percentage of GDP,NAAG_VI,Part VI: General Government,2018,,16.84970221449,,N,Neither seasonally adjusted nor calendar adjusted,_Z,Not applicable,S13,General government,_Z,Not applicable,N,Non-consolidated,D,Expenditure,D62,Social benefits other than social transfers in kind,_Z,Not applicable,,,,,,,,,,,V,Current prices,N,Non transformed data,,,,,,,F,Free (free for publication),2,Two,A,Normal value,0,Units,_Z,Not applicable
DATAFLOW,OECD.SDD.NAD:DSD_NAAG_VI@DF_NAAG_EXP(1.0),NAAG Chapter 6: Government,I,A,Annual,BEL,Belgium,D62S13,Social benefits other than social transfers in kind,_T,Total,PT_B1GQ,Percentage of GDP,NAAG_VI,Part VI: General Government,2017,,16.9495443465961,,N,Neither seasonally adjusted nor calendar adjusted,_Z,Not applicable,S13,General government,_Z,Not applicable,N,Non-consolidated,D,Expenditure,D62,Social benefits other than social transfers in kind,_Z,Not applicable,,,,,,,,,,,V,Current prices,N,Non transformed data,,,,,,,F,Free (free for publication),2,Two,A,Normal value,0,Units,_Z,Not applicable
DATAFLOW,OECD.SDD.NAD:DSD_NAAG_VI@DF_NAAG_EXP(1.0),NAAG Chapter 6: Government,I,A,Annual,BEL,Belgium,D62S13,Social benefits other than social transfers in kind,_T,Total,PT_B1GQ,Percentage of GDP,NAAG_VI,Part VI: General Government,2016,,17.0039659987896,,N,Neither seasonally adjusted nor calendar adjusted,_Z,Not applicable,S13,General government,_Z,Not applicable,N,Non-consolidated,D,Expenditure,D62,Social benefits other than social transfers in kind,_Z,Not applicable,,,,,,,,,,,V,Current prices,N,Non transformed data,,,,,,,F,Free (free for publication),2,Two,A,Normal value,0,Units,_Z,Not applicable
DATAFLOW,OECD.SDD.NAD:DSD_NAAG_VI@DF_NAAG_EXP(1.0),NAAG Chapter 6: Government,I,A,Annual,BEL,Belgium,D62S13,Social benefits other than social transfers in kind,_T,Total,PT_B1GQ,Percentage of GDP,NAAG_VI,Part VI: General Government,2015,,17.0198152756186,,N,Neither seasonally adjusted nor calendar adjusted,_Z,Not applicable,S13,General government,_Z,Not applicable,N,Non-consolidated,D,Expenditure,D62,Social benefits other than social transfers in kind,_Z,Not applicable,,,,,,,,,,,V,Current prices,N,Non transformed data,,,,,,,F,Free (free for publication),2,Two,A,Normal value,0,Units,_Z,Not applicable
DATAFLOW,OECD.SDD.NAD:DSD_NAAG_VI@DF_NAAG_EXP(1.0),NAAG Chapter 6: Government,I,A,Annual,BEL,Belgium,D62S13,Social benefits other than social transfers in kind,_T,Total,PT_B1GQ,Percentage of GDP,NAAG_VI,Part VI: General Government,2014,,17.0969949251565,,N,Neither seasonally adjusted nor calendar adjusted,_Z,Not applicable,S13,General government,_Z,Not applicable,N,Non-consolidated,D,Expenditure,D62,Social benefits other than social transfers in kind,_Z,Not applicable,,,,,,,,,,,V,Current prices,N,Non transformed data,,,,,,,F,Free (free for publication),2,Two,A,Normal value,0,Units,_Z,Not applicable
DATAFLOW,OECD.SDD.NAD:DSD_NAAG_VI@DF_NAAG_EXP(1.0),NAAG Chapter 6: Government,I,A,Annual,BEL,Belgium,D62S13,Social benefits other than social transfers in kind,_T,Total,PT_B1GQ,Percentage of GDP,NAAG_VI,Part VI: General Government,2013,,17.2914043337794,,N,Neither seasonally adjusted nor calendar adjusted,_Z,Not applicable,S13,General government,_Z,Not applicable,N,Non-consolidated,D,Expenditure,D62,Social benefits other than social transfers in kind,_Z,Not applicable,,,,,,,,,,,V,Current prices,N,Non transformed data,,,,,,,F,Free (free for publication),2,Two,A,Normal value,0,Units,_Z,Not applicable
DATAFLOW,OECD.SDD.NAD:DSD_NAAG_VI@DF_NAAG_EXP(1.0),NAAG Chapter 6: Government,I,A,Annual,BEL,Belgium,D62S13,Social benefits other than social transfers in kind,_T,Total,PT_B1GQ,Percentage of GDP,NAAG_VI,Part VI: General Government,2012,,16.8651492814903,,N,Neither seasonally adjusted nor calendar adjusted,_Z,Not applicable,S13,General government,_Z,Not applicable,N,Non-consolidated,D,Expenditure,D62,Social benefits other than social transfers in kind,_Z,Not applicable,,,,,,,,,,,V,Current prices,N,Non transformed data,,,,,,,F,Free (free for publication),2,Two,A,Normal value,0,Units,_Z,Not applicable
DATAFLOW,OECD.SDD.NAD:DSD_NAAG_VI@DF_NAAG_EXP(1.0),NAAG Chapter 6: Government,I,A,Annual,BEL,Belgium,D62S13,Social benefits other than social transfers in kind,_T,Total,PT_B1GQ,Percentage of GDP,NAAG_VI,Part VI: General Government,2011,,16.4163313930677,,N,Neither seasonally adjusted nor calendar adjusted,_Z,Not applicable,S13,General government,_Z,Not applicable,N,Non-consolidated,D,Expenditure,D62,Social benefits other than social transfers in kind,_Z,Not applicable,,,,,,,,,,,V,Current prices,N,Non transformed data,,,,,,,F,Free (free for publication),2,Two,A,Normal value,0,Units,_Z,Not applicable
DATAFLOW,OECD.SDD.NAD:DSD_NAAG_VI@DF_NAAG_EXP(1.0),NAAG Chapter 6: Government,I,A,Annual,BEL,Belgium,D62S13,Social benefits other than social transfers in kind,_T,Total,PT_B1GQ,Percentage of GDP,NAAG_VI,Part VI: General Government,2010,,16.4349481227962,,N,Neither seasonally adjusted nor calendar adjusted,_Z,Not applicable,S13,General government,_Z,Not applicable,N,Non-consolidated,D,Expenditure,D62,Social benefits other than social transfers in kind,_Z,Not applicable,,,,,,,,,,,V,Current prices,N,Non transformed data,,,,,,,F,Free (free for publication),2,Two,A,Normal value,0,Units,_Z,Not applicable
DATAFLOW,OECD.SDD.NAD:DSD_NAAG_VI@DF_NAAG_EXP(1.0),NAAG Chapter 6: Government,I,A,Annual,BEL,Belgium,D62S13,Social benefits other than social transfers in kind,_T,Total,PT_B1GQ,Percentage of GDP,NAAG_VI,Part VI: General Government,2009,,16.7360250581693,,N,Neither seasonally adjusted nor calendar adjusted,_Z,Not applicable,S13,General government,_Z,Not applicable,N,Non-consolidated,D,Expenditure,D62,Social benefits other than social transfers in kind,_Z,Not applicable,,,,,,,,,,,V,Current prices,N,Non transformed data,,,,,,,F,Free (free for publication),2,Two,A,Normal value,0,Units,_Z,Not applicable
DATAFLOW,OECD.SDD.NAD:DSD_NAAG_VI@DF_NAAG_EXP(1.0),NAAG Chapter 6: Government,I,A,Annual,BEL,Belgium,D62S13,Social benefits other than social transfers in kind,_T,Total,PT_B1GQ,Percentage of GDP,NAAG_VI,Part VI: General Government,2008,,15.3711046499562,,N,Neither seasonally adjusted nor calendar adjusted,_Z,Not applicable,S13,General government,_Z,Not applicable,N,Non-consolidated,D,Expenditure,D62,Social benefits other than social transfers in kind,_Z,Not applicable,,,,,,,,,,,V,Current prices,N,Non transformed data,,,,,,,F,Free (free for publication),2,Two,A,Normal value,0,Units,_Z,Not applicable
DATAFLOW,OECD.SDD.NAD:DSD_NAAG_VI@DF_NAAG_EXP(1.0),NAAG Chapter 6: Government,I,A,Annual,BEL,Belgium,D62S13,Social benefits other than social transfers in kind,_T,Total,PT_B1GQ,Percentage of GDP,NAAG_VI,Part VI: General Government,2007,,14.7847222606207,,N,Neither seasonally adjusted nor calendar adjusted,_Z,Not applicable,S13,General government,_Z,Not applicable,N,Non-consolidated,D,Expenditure,D62,Social benefits other than social transfers in kind,_Z,Not applicable,,,,,,,,,,,V,Current prices,N,Non transformed data,,,,,,,F,Free (free for publication),2,Two,A,Normal value,0,Units,_Z,Not applicable
DATAFLOW,OECD.SDD.NAD:DSD_NAAG_VI@DF_NAAG_EXP(1.0),NAAG Chapter 6: Government,I,A,Annual,BEL,Belgium,D62S13,Social benefits other than social transfers in kind,_T,Total,PT_B1GQ,Percentage of GDP,NAAG_VI,Part VI: General Government,2006,,14.8478786042814,,N,Neither seasonally adjusted nor calendar adjusted,_Z,Not applicable,S13,General government,_Z,Not applicable,N,Non-consolidated,D,Expenditure,D62,Social benefits other than social transfers in kind,_Z,Not applicable,,,,,,,,,,,V,Current prices,N,Non transformed data,,,,,,,F,Free (free for publication),2,Two,A,Normal value,0,Units,_Z,Not applicable
DATAFLOW,OECD.SDD.NAD:DSD_NAAG_VI@DF_NAAG_EXP(1.0),NAAG Chapter 6: Government,I,A,Annual,BEL,Belgium,D62S13,Social benefits other than social transfers in kind,_T,Total,PT_B1GQ,Percentage of GDP,NAAG_VI,Part VI: General Government,2024,,17.7984308709072,,N,Neither seasonally adjusted nor calendar adjusted,_Z,Not applicable,S13,General government,_Z,Not applicable,N,Non-consolidated,D,Expenditure,D62,Social benefits other than social transfers in kind,_Z,Not applicable,,,,,,,,,,,V,Current prices,N,Non transformed data,,,,,,,F,Free (free for publication),2,Two,A,Normal value,0,Units,_Z,Not applicable
DATAFLOW,OECD.SDD.NAD:DSD_NAAG_VI@DF_NAAG_EXP(1.0),NAAG Chapter 6: Government,I,A,Annual,BEL,Belgium,D62S13,Social benefits other than social transfers in kind,_T,Total,PT_B1GQ,Percentage of GDP,NAAG_VI,Part VI: General Government,2023,,17.2374932216845,,N,Neither seasonally adjusted nor calendar adjusted,_Z,Not applicable,S13,General government,_Z,Not applicable,N,Non-consolidated,D,Expenditure,D62,Social benefits other than social transfers in kind,_Z,Not applicable,,,,,,,,,,,V,Current prices,N,Non transformed data,,,,,,,F,Free (free for publication),2,Two,A,Normal value,0,Units,_Z,Not applicable
DATAFLOW,OECD.SDD.NAD:DSD_NAAG_VI@DF_NAAG_EXP(1.0),NAAG Chapter 6: Government,I,A,Annual,EST,Estonia,D62S13,Social benefits other than social transfers in kind,_T,Total,PT_B1GQ,Percentage of GDP,NAAG_VI,Part VI: General Government,2021,,12.4436359694338,,N,Neither seasonally adjusted nor calendar adjusted,_Z,Not applicable,S13,General government,_Z,Not applicable,N,Non-consolidated,D,Expenditure,D62,Social benefits other than social transfers in kind,_Z,Not applicable,,,,,,,,,,,V,Current prices,N,Non transformed data,,,,,,,F,Free (free for publication),2,Two,A,Normal value,0,Units,_Z,Not applicable
DATAFLOW,OECD.SDD.NAD:DSD_NAAG_VI@DF_NAAG_EXP(1.0),NAAG Chapter 6: Government,I,A,Annual,EST,Estonia,D62S13,Social benefits other than social transfers in kind,_T,Total,PT_B1GQ,Percentage of GDP,NAAG_VI,Part VI: General Government,2020,,13.6234634935676,,N,Neither seasonally adjusted nor calendar adjusted,_Z,Not applicable,S13,General government,_Z,Not applicable,N,Non-consolidated,D,Expenditure,D62,Social benefits other than social transfers in kind,_Z,Not applicable,,,,,,,,,,,V,Current prices,N,Non transformed data,,,,,,,F,Free (free for publication),2,Two,A,Normal value,0,Units,_Z,Not applicable
DATAFLOW,OECD.SDD.NAD:DSD_NAAG_VI@DF_NAAG_EXP(1.0),NAAG Chapter 6: Government,I,A,Annual,EST,Estonia,D62S13,Social benefits other than social transfers in kind,_T,Total,PT_B1GQ,Percentage of GDP,NAAG_VI,Part VI: General Government,2005,,8.93134032066788,,N,Neither seasonally adjusted nor calendar adjusted,_Z,Not applicable,S13,General government,_Z,Not applicable,N,Non-consolidated,D,Expenditure,D62,Social benefits other than social transfers in kind,_Z,Not applicable,,,,,,,,,,,V,Current prices,N,Non transformed data,,,,,,,F,Free (free for publication),2,Two,A,Normal value,0,Units,_Z,Not applicable
DATAFLOW,OECD.SDD.NAD:DSD_NAAG_VI@DF_NAAG_EXP(1.0),NAAG Chapter 6: Government,I,A,Annual,EST,Estonia,D62S13,Social benefits other than social transfers in kind,_T,Total,PT_B1GQ,Percentage of GDP,NAAG_VI,Part VI: General Government,2004,,9.2702993512089,,N,Neither seasonally adjusted nor calendar adjusted,_Z,Not applicable,S13,General government,_Z,Not applicable,N,Non-consolidated,D,Expenditure,D62,Social benefits other than social transfers in kind,_Z,Not applicable,,,,,,,,,,,V,Current prices,N,Non transformed data,,,,,,,F,Free (free for publication),2,Two,A,Normal value,0,Units,_Z,Not applicable
DATAFLOW,OECD.SDD.NAD:DSD_NAAG_VI@DF_NAAG_EXP(1.0),NAAG Chapter 6: Government,I,A,Annual,EST,Estonia,D62S13,Social benefits other than social transfers in kind,_T,Total,PT_B1GQ,Percentage of GDP,NAAG_VI,Part VI: General Government,2003,,8.97137054801609,,N,Neither seasonally adjusted nor calendar adjusted,_Z,Not applicable,S13,General government,_Z,Not applicable,N,Non-consolidated,D,Expenditure,D62,Social benefits other than social transfers in kind,_Z,Not applicable,,,,,,,,,,,V,Current prices,N,Non transformed data,,,,,,,F,Free (free for publication),2,Two,A,Normal value,0,Units,_Z,Not applicable
DATAFLOW,OECD.SDD.NAD:DSD_NAAG_VI@DF_NAAG_EXP(1.0),NAAG Chapter 6: Government,I,A,Annual,EST,Estonia,D62S13,Social benefits other than social transfers in kind,_T,Total,PT_B1GQ,Percentage of GDP,NAAG_VI,Part VI: General Government,2002,,8.98546904451549,,N,Neither seasonally adjusted nor calendar adjusted,_Z,Not applicable,S13,General government,_Z,Not applicable,N,Non-consolidated,D,Expenditure,D62,Social benefits other than social transfers in kind,_Z,Not applicable,,,,,,,,,,,V,Current prices,N,Non transformed data,,,,,,,F,Free (free for publication),2,Two,A,Normal value,0,Units,_Z,Not applicable
DATAFLOW,OECD.SDD.NAD:DSD_NAAG_VI@DF_NAAG_EXP(1.0),NAAG Chapter 6: Government,I,A,Annual,EST,Estonia,D62S13,Social benefits other than social transfers in kind,_T,Total,PT_B1GQ,Percentage of GDP,NAAG_VI,Part VI: General Government,2001,,9.26939227426165,,N,Neither seasonally adjusted nor calendar adjusted,_Z,Not applicable,S13,General government,_Z,Not applicable,N,Non-consolidated,D,Expenditure,D62,Social benefits other than social transfers in kind,_Z,Not applicable,,,,,,,,,,,V,Current prices,N,Non transformed data,,,,,,,F,Free (free for publication),2,Two,A,Normal value,0,Units,_Z,Not applicable
DATAFLOW,OECD.SDD.NAD:DSD_NAAG_VI@DF_NAAG_EXP(1.0),NAAG Chapter 6: Government,I,A,Annual,EST,Estonia,D62S13,Social benefits other than social transfers in kind,_T,Total,PT_B1GQ,Percentage of GDP,NAAG_VI,Part VI: General Government,2000,,9.72350177755302,,N,Neither seasonally adjusted nor calendar adjusted,_Z,Not applicable,S13,General government,_Z,Not applicable,N,Non-consolidated,D,Expenditure,D62,Social benefits other than social transfers in kind,_Z,Not applicable,,,,,,,,,,,V,Current prices,N,Non transformed data,,,,,,,F,Free (free for publication),2,Two,A,Normal value,0,Units,_Z,Not applicable
DATAFLOW,OECD.SDD.NAD:DSD_NAAG_VI@DF_NAAG_EXP(1.0),NAAG Chapter 6: Government,I,A,Annual,EST,Estonia,D62S13,Social benefits other than social transfers in kind,_T,Total,PT_B1GQ,Percentage of GDP,NAAG_VI,Part VI: General Government,2019,,11.9991304356192,,N,Neither seasonally adjusted nor calendar adjusted,_Z,Not applicable,S13,General government,_Z,Not applicable,N,Non-consolidated,D,Expenditure,D62,Social benefits other than social transfers in kind,_Z,Not applicable,,,,,,,,,,,V,Current prices,N,Non transformed data,,,,,,,F,Free (free for publication),2,Two,A,Normal value,0,Units,_Z,Not applicable
DATAFLOW,OECD.SDD.NAD:DSD_NAAG_VI@DF_NAAG_EXP(1.0),NAAG Chapter 6: Government,I,A,Annual,EST,Estonia,D62S13,Social benefits other than social transfers in kind,_T,Total,PT_B1GQ,Percentage of GDP,NAAG_VI,Part VI: General Government,2018,,11.8978130944217,,N,Neither seasonally adjusted nor calendar adjusted,_Z,Not applicable,S13,General government,_Z,Not applicable,N,Non-consolidated,D,Expenditure,D62,Social benefits other than social transfers in kind,_Z,Not applicable,,,,,,,,,,,V,Current prices,N,Non transformed data,,,,,,,F,Free (free for publication),2,Two,A,Normal value,0,Units,_Z,Not applicable
DATAFLOW,OECD.SDD.NAD:DSD_NAAG_VI@DF_NAAG_EXP(1.0),NAAG Chapter 6: Government,I,A,Annual,EST,Estonia,D62S13,Social benefits other than social transfers in kind,_T,Total,PT_B1GQ,Percentage of GDP,NAAG_VI,Part VI: General Government,2017,,11.6766165404265,,N,Neither seasonally adjusted nor calendar adjusted,_Z,Not applicable,S13,General government,_Z,Not applicable,N,Non-consolidated,D,Expenditure,D62,Social benefits other than social transfers in kind,_Z,Not applicable,,,,,,,,,,,V,Current prices,N,Non transformed data,,,,,,,F,Free (free for publication),2,Two,A,Normal value,0,Units,_Z,Not applicable
DATAFLOW,OECD.SDD.NAD:DSD_NAAG_VI@DF_NAAG_EXP(1.0),NAAG Chapter 6: Government,I,A,Annual,EST,Estonia,D62S13,Social benefits other than social transfers in kind,_T,Total,PT_B1GQ,Percentage of GDP,NAAG_VI,Part VI: General Government,2016,,11.9207934540153,,N,Neither seasonally adjusted nor calendar adjusted,_Z,Not applicable,S13,General government,_Z,Not applicable,N,Non-consolidated,D,Expenditure,D62,Social benefits other than social transfers in kind,_Z,Not applicable,,,,,,,,,,,V,Current prices,N,Non transformed data,,,,,,,F,Free (free for publication),2,Two,A,Normal value,0,Units,_Z,Not applicable
DATAFLOW,OECD.SDD.NAD:DSD_NAAG_VI@DF_NAAG_EXP(1.0),NAAG Chapter 6: Government,I,A,Annual,EST,Estonia,D62S13,Social benefits other than social transfers in kind,_T,Total,PT_B1GQ,Percentage of GDP,NAAG_VI,Part VI: General Government,2015,,11.6848958434818,,N,Neither seasonally adjusted nor calendar adjusted,_Z,Not applicable,S13,General government,_Z,Not applicable,N,Non-consolidated,D,Expenditure,D62,Social benefits other than social transfers in kind,_Z,Not applicable,,,,,,,,,,,V,Current prices,N,Non transformed data,,,,,,,F,Free (free for publication),2,Two,A,Normal value,0,Units,_Z,Not applicable
DATAFLOW,OECD.SDD.NAD:DSD_NAAG_VI@DF_NAAG_EXP(1.0),NAAG Chapter 6: Government,I,A,Annual,EST,Estonia,D62S13,Social benefits other than social transfers in kind,_T,Total,PT_B1GQ,Percentage of GDP,NAAG_VI,Part VI: General Government,2014,,10.8585169834645,,N,Neither seasonally adjusted nor calendar adjusted,_Z,Not applicable,S13,General government,_Z,Not applicable,N,Non-consolidated,D,Expenditure,D62,Social benefits other than social transfers in kind,_Z,Not applicable,,,,,,,,,,,V,Current prices,N,Non transformed data,,,,,,,F,Free (free for publication),2,Two,A,Normal value,0,Units,_Z,Not applicable
DATAFLOW,OECD.SDD.NAD:DSD_NAAG_VI@DF_NAAG_EXP(1.0),NAAG Chapter 6: Government,I,A,Annual,EST,Estonia,D62S13,Social benefits other than social transfers in kind,_T,Total,PT_B1GQ,Percentage of GDP,NAAG_VI,Part VI: General Government,2013,,10.9459619384176,,N,Neither seasonally adjusted nor calendar adjusted,_Z,Not applicable,S13,General government,_Z,Not applicable,N,Non-consolidated,D,Expenditure,D62,Social benefits other than social transfers in kind,_Z,Not applicable,,,,,,,,,,,V,Current prices,N,Non transformed data,,,,,,,F,Free (free for publication),2,Two,A,Normal value,0,Units,_Z,Not applicable
DATAFLOW,OECD.SDD.NAD:DSD_NAAG_VI@DF_NAAG_EXP(1.0),NAAG Chapter 6: Government,I,A,Annual,EST,Estonia,D62S13,Social benefits other than social transfers in kind,_T,Total,PT_B1GQ,Percentage of GDP,NAAG_VI,Part VI: General Government,2012,,11.0794981221536,,N,Neither seasonally adjusted nor calendar adjusted,_Z,Not applicable,S13,General government,_Z,Not applicable,N,Non-consolidated,D,Expenditure,D62,Social benefits other than social transfers in kind,_Z,Not applicable,,,,,,,,,,,V,Current prices,N,Non transformed data,,,,,,,F,Free (free for publication),2,Two,A,Normal value,0,Units,_Z,Not applicable
DATAFLOW,OECD.SDD.NAD:DSD_NAAG_VI@DF_NAAG_EXP(1.0),NAAG Chapter 6: Government,I,A,Annual,EST,Estonia,D62S13,Social benefits other than social transfers in kind,_T,Total,PT_B1GQ,Percentage of GDP,NAAG_VI,Part VI: General Government,2011,,11.6743324074376,,N,Neither seasonally adjusted nor calendar adjusted,_Z,Not applicable,S13,General government,_Z,Not applicable,N,Non-consolidated,D,Expenditure,D62,Social benefits other than social transfers in kind,_Z,Not applicable,,,,,,,,,,,V,Current prices,N,Non transformed data,,,,,,,F,Free (free for publication),2,Two,A,Normal value,0,Units,_Z,Not applicable
DATAFLOW,OECD.SDD.NAD:DSD_NAAG_VI@DF_NAAG_EXP(1.0),NAAG Chapter 6: Government,I,A,Annual,EST,Estonia,D62S13,Social benefits other than social transfers in kind,_T,Total,PT_B1GQ,Percentage of GDP,NAAG_VI,Part VI: General Government,2010,,13.3579657958027,,N,Neither seasonally adjusted nor calendar adjusted,_Z,Not applicable,S13,General government,_Z,Not applicable,N,Non-consolidated,D,Expenditure,D62,Social benefits other than social transfers in kind,_Z,Not applicable,,,,,,,,,,,V,Current prices,N,Non transformed data,,,,,,,F,Free (free for publication),2,Two,A,Normal value,0,Units,_Z,Not applicable
DATAFLOW,OECD.SDD.NAD:DSD_NAAG_VI@DF_NAAG_EXP(1.0),NAAG Chapter 6: Government,I,A,Annual,EST,Estonia,D62S13,Social benefits other than social transfers in kind,_T,Total,PT_B1GQ,Percentage of GDP,NAAG_VI,Part VI: General Government,2009,,14.4460915509394,,N,Neither seasonally adjusted nor calendar adjusted,_Z,Not applicable,S13,General government,_Z,Not applicable,N,Non-consolidated,D,Expenditure,D62,Social benefits other than social transfers in kind,_Z,Not applicable,,,,,,,,,,,V,Current prices,N,Non transformed data,,,,,,,F,Free (free for publication),2,Two,A,Normal value,0,Units,_Z,Not applicable
DATAFLOW,OECD.SDD.NAD:DSD_NAAG_VI@DF_NAAG_EXP(1.0),NAAG Chapter 6: Government,I,A,Annual,EST,Estonia,D62S13,Social benefits other than social transfers in kind,_T,Total,PT_B1GQ,Percentage of GDP,NAAG_VI,Part VI: General Government,2008,,10.5825156326339,,N,Neither seasonally adjusted nor calendar adjusted,_Z,Not applicable,S13,General government,_Z,Not applicable,N,Non-consolidated,D,Expenditure,D62,Social benefits other than social transfers in kind,_Z,Not applicable,,,,,,,,,,,V,Current prices,N,Non transformed data,,,,,,,F,Free (free for publication),2,Two,A,Normal value,0,Units,_Z,Not applicable
DATAFLOW,OECD.SDD.NAD:DSD_NAAG_VI@DF_NAAG_EXP(1.0),NAAG Chapter 6: Government,I,A,Annual,EST,Estonia,D62S13,Social benefits other than social transfers in kind,_T,Total,PT_B1GQ,Percentage of GDP,NAAG_VI,Part VI: General Government,2007,,8.47571122017085,,N,Neither seasonally adjusted nor calendar adjusted,_Z,Not applicable,S13,General government,_Z,Not applicable,N,Non-consolidated,D,Expenditure,D62,Social benefits other than social transfers in kind,_Z,Not applicable,,,,,,,,,,,V,Current prices,N,Non transformed data,,,,,,,F,Free (free for publication),2,Two,A,Normal value,0,Units,_Z,Not applicable
DATAFLOW,OECD.SDD.NAD:DSD_NAAG_VI@DF_NAAG_EXP(1.0),NAAG Chapter 6: Government,I,A,Annual,EST,Estonia,D62S13,Social benefits other than social transfers in kind,_T,Total,PT_B1GQ,Percentage of GDP,NAAG_VI,Part VI: General Government,2006,,8.7206972481567,,N,Neither seasonally adjusted nor calendar adjusted,_Z,Not applicable,S13,General government,_Z,Not applicable,N,Non-consolidated,D,Expenditure,D62,Social benefits other than social transfers in kind,_Z,Not applicable,,,,,,,,,,,V,Current prices,N,Non transformed data,,,,,,,F,Free (free for publication),2,Two,A,Normal value,0,Units,_Z,Not applicable
DATAFLOW,OECD.SDD.NAD:DSD_NAAG_VI@DF_NAAG_EXP(1.0),NAAG Chapter 6: Government,I,A,Annual,EST,Estonia,D62S13,Social benefits other than social transfers in kind,_T,Total,PT_B1GQ,Percentage of GDP,NAAG_VI,Part VI: General Government,2024,,12.7473828606031,,N,Neither seasonally adjusted nor calendar adjusted,_Z,Not applicable,S13,General government,_Z,Not applicable,N,Non-consolidated,D,Expenditure,D62,Social benefits other than social transfers in kind,_Z,Not applicable,,,,,,,,,,,V,Current prices,N,Non transformed data,,,,,,,F,Free (free for publication),2,Two,A,Normal value,0,Units,_Z,Not applicable
DATAFLOW,OECD.SDD.NAD:DSD_NAAG_VI@DF_NAAG_EXP(1.0),NAAG Chapter 6: Government,I,A,Annual,EST,Estonia,D62S13,Social benefits other than social transfers in kind,_T,Total,PT_B1GQ,Percentage of GDP,NAAG_VI,Part VI: General Government,2023,,12.4759816178886,,N,Neither seasonally adjusted nor calendar adjusted,_Z,Not applicable,S13,General government,_Z,Not applicable,N,Non-consolidated,D,Expenditure,D62,Social benefits other than social transfers in kind,_Z,Not applicable,,,,,,,,,,,V,Current prices,N,Non transformed data,,,,,,,F,Free (free for publication),2,Two,A,Normal value,0,Units,_Z,Not applicable
DATAFLOW,OECD.SDD.NAD:DSD_NAAG_VI@DF_NAAG_EXP(1.0),NAAG Chapter 6: Government,I,A,Annual,SWE,Sweden,D62S13,Social benefits other than social transfers in kind,_T,Total,PT_B1GQ,Percentage of GDP,NAAG_VI,Part VI: General Government,2021,,11.9775636263293,,N,Neither seasonally adjusted nor calendar adjusted,_Z,Not applicable,S13,General government,_Z,Not applicable,N,Non-consolidated,D,Expenditure,D62,Social benefits other than social transfers in kind,_Z,Not applicable,,,,,,,,,,,V,Current prices,N,Non transformed data,,,,,,,F,Free (free for publication),2,Two,A,Normal value,0,Units,_Z,Not applicable
DATAFLOW,OECD.SDD.NAD:DSD_NAAG_VI@DF_NAAG_EXP(1.0),NAAG Chapter 6: Government,I,A,Annual,SWE,Sweden,D62S13,Social benefits other than social transfers in kind,_T,Total,PT_B1GQ,Percentage of GDP,NAAG_VI,Part VI: General Government,2020,,12.8008328257961,,N,Neither seasonally adjusted nor calendar adjusted,_Z,Not applicable,S13,General government,_Z,Not applicable,N,Non-consolidated,D,Expenditure,D62,Social benefits other than social transfers in kind,_Z,Not applicable,,,,,,,,,,,V,Current prices,N,Non transformed data,,,,,,,F,Free (free for publication),2,Two,A,Normal value,0,Units,_Z,Not applicable
DATAFLOW,OECD.SDD.NAD:DSD_NAAG_VI@DF_NAAG_EXP(1.0),NAAG Chapter 6: Government,I,A,Annual,SWE,Sweden,D62S13,Social benefits other than social transfers in kind,_T,Total,PT_B1GQ,Percentage of GDP,NAAG_VI,Part VI: General Government,2005,,14.8656316863451,,N,Neither seasonally adjusted nor calendar adjusted,_Z,Not applicable,S13,General government,_Z,Not applicable,N,Non-consolidated,D,Expenditure,D62,Social benefits other than social transfers in kind,_Z,Not applicable,,,,,,,,,,,V,Current prices,N,Non transformed data,,,,,,,F,Free (free for publication),2,Two,A,Normal value,0,Units,_Z,Not applicable
DATAFLOW,OECD.SDD.NAD:DSD_NAAG_VI@DF_NAAG_EXP(1.0),NAAG Chapter 6: Government,I,A,Annual,SWE,Sweden,D62S13,Social benefits other than social transfers in kind,_T,Total,PT_B1GQ,Percentage of GDP,NAAG_VI,Part VI: General Government,2004,,15.0851433422305,,N,Neither seasonally adjusted nor calendar adjusted,_Z,Not applicable,S13,General government,_Z,Not applicable,N,Non-consolidated,D,Expenditure,D62,Social benefits other than social transfers in kind,_Z,Not applicable,,,,,,,,,,,V,Current prices,N,Non transformed data,,,,,,,F,Free (free for publication),2,Two,A,Normal value,0,Units,_Z,Not applicable
DATAFLOW,OECD.SDD.NAD:DSD_NAAG_VI@DF_NAAG_EXP(1.0),NAAG Chapter 6: Government,I,A,Annual,SWE,Sweden,D62S13,Social benefits other than social transfers in kind,_T,Total,PT_B1GQ,Percentage of GDP,NAAG_VI,Part VI: General Government,2003,,15.4128768430564,,N,Neither seasonally adjusted nor calendar adjusted,_Z,Not applicable,S13,General government,_Z,Not applicable,N,Non-consolidated,D,Expenditure,D62,Social benefits other than social transfers in kind,_Z,Not applicable,,,,,,,,,,,V,Current prices,N,Non transformed data,,,,,,,F,Free (free for publication),2,Two,A,Normal value,0,Units,_Z,Not applicable
DATAFLOW,OECD.SDD.NAD:DSD_NAAG_VI@DF_NAAG_EXP(1.0),NAAG Chapter 6: Government,I,A,Annual,SWE,Sweden,D62S13,Social benefits other than social transfers in kind,_T,Total,PT_B1GQ,Percentage of GDP,NAAG_VI,Part VI: General Government,2002,,14.9005873380653,,N,Neither seasonally adjusted nor calendar adjusted,_Z,Not applicable,S13,General government,_Z,Not applicable,N,Non-consolidated,D,Expenditure,D62,Social benefits other than social transfers in kind,_Z,Not applicable,,,,,,,,,,,V,Current prices,N,Non transformed data,,,,,,,F,Free (free for publication),2,Two,A,Normal value,0,Units,_Z,Not applicable
DATAFLOW,OECD.SDD.NAD:DSD_NAAG_VI@DF_NAAG_EXP(1.0),NAAG Chapter 6: Government,I,A,Annual,SWE,Sweden,D62S13,Social benefits other than social transfers in kind,_T,Total,PT_B1GQ,Percentage of GDP,NAAG_VI,Part VI: General Government,2001,,14.7491275747076,,N,Neither seasonally adjusted nor calendar adjusted,_Z,Not applicable,S13,General government,_Z,Not applicable,N,Non-consolidated,D,Expenditure,D62,Social benefits other than social transfers in kind,_Z,Not applicable,,,,,,,,,,,V,Current prices,N,Non transformed data,,,,,,,F,Free (free for publication),2,Two,A,Normal value,0,Units,_Z,Not applicable
DATAFLOW,OECD.SDD.NAD:DSD_NAAG_VI@DF_NAAG_EXP(1.0),NAAG Chapter 6: Government,I,A,Annual,SWE,Sweden,D62S13,Social benefits other than social transfers in kind,_T,Total,PT_B1GQ,Percentage of GDP,NAAG_VI,Part VI: General Government,2000,,14.6428704868419,,N,Neither seasonally adjusted nor calendar adjusted,_Z,Not applicable,S13,General government,_Z,Not applicable,N,Non-consolidated,D,Expenditure,D62,Social benefits other than social transfers in kind,_Z,Not applicable,,,,,,,,,,,V,Current prices,N,Non transformed data,,,,,,,F,Free (free for publication),2,Two,A,Normal value,0,Units,_Z,Not applicable
DATAFLOW,OECD.SDD.NAD:DSD_NAAG_VI@DF_NAAG_EXP(1.0),NAAG Chapter 6: Government,I,A,Annual,SWE,Sweden,D62S13,Social benefits other than social transfers in kind,_T,Total,PT_B1GQ,Percentage of GDP,NAAG_VI,Part VI: General Government,2019,,12.3117714852438,,N,Neither seasonally adjusted nor calendar adjusted,_Z,Not applicable,S13,General government,_Z,Not applicable,N,Non-consolidated,D,Expenditure,D62,Social benefits other than social transfers in kind,_Z,Not applicable,,,,,,,,,,,V,Current prices,N,Non transformed data,,,,,,,F,Free (free for publication),2,Two,A,Normal value,0,Units,_Z,Not applicable
DATAFLOW,OECD.SDD.NAD:DSD_NAAG_VI@DF_NAAG_EXP(1.0),NAAG Chapter 6: Government,I,A,Annual,SWE,Sweden,D62S13,Social benefits other than social transfers in kind,_T,Total,PT_B1GQ,Percentage of GDP,NAAG_VI,Part VI: General Government,2018,,12.6673154860699,,N,Neither seasonally adjusted nor calendar adjusted,_Z,Not applicable,S13,General government,_Z,Not applicable,N,Non-consolidated,D,Expenditure,D62,Social benefits other than social transfers in kind,_Z,Not applicable,,,,,,,,,,,V,Current prices,N,Non transformed data,,,,,,,F,Free (free for publication),2,Two,A,Normal value,0,Units,_Z,Not applicable
DATAFLOW,OECD.SDD.NAD:DSD_NAAG_VI@DF_NAAG_EXP(1.0),NAAG Chapter 6: Government,I,A,Annual,SWE,Sweden,D62S13,Social benefits other than social transfers in kind,_T,Total,PT_B1GQ,Percentage of GDP,NAAG_VI,Part VI: General Government,2017,,12.9063496160843,,N,Neither seasonally adjusted nor calendar adjusted,_Z,Not applicable,S13,General government,_Z,Not applicable,N,Non-consolidated,D,Expenditure,D62,Social benefits other than social transfers in kind,_Z,Not applicable,,,,,,,,,,,V,Current prices,N,Non transformed data,,,,,,,F,Free (free for publication),2,Two,A,Normal value,0,Units,_Z,Not applicable
DATAFLOW,OECD.SDD.NAD:DSD_NAAG_VI@DF_NAAG_EXP(1.0),NAAG Chapter 6: Government,I,A,Annual,SWE,Sweden,D62S13,Social benefits other than social transfers in kind,_T,Total,PT_B1GQ,Percentage of GDP,NAAG_VI,Part VI: General Government,2016,,13.1279169388462,,N,Neither seasonally adjusted nor calendar adjusted,_Z,Not applicable,S13,General government,_Z,Not applicable,N,Non-consolidated,D,Expenditure,D62,Social benefits other than social transfers in kind,_Z,Not applicable,,,,,,,,,,,V,Current prices,N,Non transformed data,,,,,,,F,Free (free for publication),2,Two,A,Normal value,0,Units,_Z,Not applicable
DATAFLOW,OECD.SDD.NAD:DSD_NAAG_VI@DF_NAAG_EXP(1.0),NAAG Chapter 6: Government,I,A,Annual,SWE,Sweden,D62S13,Social benefits other than social transfers in kind,_T,Total,PT_B1GQ,Percentage of GDP,NAAG_VI,Part VI: General Government,2015,,13.2586202618542,,N,Neither seasonally adjusted nor calendar adjusted,_Z,Not applicable,S13,General government,_Z,Not applicable,N,Non-consolidated,D,Expenditure,D62,Social benefits other than social transfers in kind,_Z,Not applicable,,,,,,,,,,,V,Current prices,N,Non transformed data,,,,,,,F,Free (free for publication),2,Two,A,Normal value,0,Units,_Z,Not applicable
DATAFLOW,OECD.SDD.NAD:DSD_NAAG_VI@DF_NAAG_EXP(1.0),NAAG Chapter 6: Government,I,A,Annual,SWE,Sweden,D62S13,Social benefits other than social transfers in kind,_T,Total,PT_B1GQ,Percentage of GDP,NAAG_VI,Part VI: General Government,2014,,13.7502671126828,,N,Neither seasonally adjusted nor calendar adjusted,_Z,Not applicable,S13,General government,_Z,Not applicable,N,Non-consolidated,D,Expenditure,D62,Social benefits other than social transfers in kind,_Z,Not applicable,,,,,,,,,,,V,Current prices,N,Non transformed data,,,,,,,F,Free (free for publication),2,Two,A,Normal value,0,Units,_Z,Not applicable
DATAFLOW,OECD.SDD.NAD:DSD_NAAG_VI@DF_NAAG_EXP(1.0),NAAG Chapter 6: Government,I,A,Annual,SWE,Sweden,D62S13,Social benefits other than social transfers in kind,_T,Total,PT_B1GQ,Percentage of GDP,NAAG_VI,Part VI: General Government,2013,,14.1767109225402,,N,Neither seasonally adjusted nor calendar adjusted,_Z,Not applicable,S13,General government,_Z,Not applicable,N,Non-consolidated,D,Expenditure,D62,Social benefits other than social transfers in kind,_Z,Not applicable,,,,,,,,,,,V,Current prices,N,Non transformed data,,,,,,,F,Free (free for publication),2,Two,A,Normal value,0,Units,_Z,Not applicable
DATAFLOW,OECD.SDD.NAD:DSD_NAAG_VI@DF_NAAG_EXP(1.0),NAAG Chapter 6: Government,I,A,Annual,SWE,Sweden,D62S13,Social benefits other than social transfers in kind,_T,Total,PT_B1GQ,Percentage of GDP,NAAG_VI,Part VI: General Government,2012,,13.8519086527309,,N,Neither seasonally adjusted nor calendar adjusted,_Z,Not applicable,S13,General government,_Z,Not applicable,N,Non-consolidated,D,Expenditure,D62,Social benefits other than social transfers in kind,_Z,Not applicable,,,,,,,,,,,V,Current prices,N,Non transformed data,,,,,,,F,Free (free for publication),2,Two,A,Normal value,0,Units,_Z,Not applicable
DATAFLOW,OECD.SDD.NAD:DSD_NAAG_VI@DF_NAAG_EXP(1.0),NAAG Chapter 6: Government,I,A,Annual,SWE,Sweden,D62S13,Social benefits other than social transfers in kind,_T,Total,PT_B1GQ,Percentage of GDP,NAAG_VI,Part VI: General Government,2011,,13.2760298366864,,N,Neither seasonally adjusted nor calendar adjusted,_Z,Not applicable,S13,General government,_Z,Not applicable,N,Non-consolidated,D,Expenditure,D62,Social benefits other than social transfers in kind,_Z,Not applicable,,,,,,,,,,,V,Current prices,N,Non transformed data,,,,,,,F,Free (free for publication),2,Two,A,Normal value,0,Units,_Z,Not applicable
DATAFLOW,OECD.SDD.NAD:DSD_NAAG_VI@DF_NAAG_EXP(1.0),NAAG Chapter 6: Government,I,A,Annual,SWE,Sweden,D62S13,Social benefits other than social transfers in kind,_T,Total,PT_B1GQ,Percentage of GDP,NAAG_VI,Part VI: General Government,2010,,13.847323872437,,N,Neither seasonally adjusted nor calendar adjusted,_Z,Not applicable,S13,General government,_Z,Not applicable,N,Non-consolidated,D,Expenditure,D62,Social benefits other than social transfers in kind,_Z,Not applicable,,,,,,,,,,,V,Current prices,N,Non transformed data,,,,,,,F,Free (free for publication),2,Two,A,Normal value,0,Units,_Z,Not applicable
DATAFLOW,OECD.SDD.NAD:DSD_NAAG_VI@DF_NAAG_EXP(1.0),NAAG Chapter 6: Government,I,A,Annual,SWE,Sweden,D62S13,Social benefits other than social transfers in kind,_T,Total,PT_B1GQ,Percentage of GDP,NAAG_VI,Part VI: General Government,2009,,14.6891642407339,,N,Neither seasonally adjusted nor calendar adjusted,_Z,Not applicable,S13,General government,_Z,Not applicable,N,Non-consolidated,D,Expenditure,D62,Social benefits other than social transfers in kind,_Z,Not applicable,,,,,,,,,,,V,Current prices,N,Non transformed data,,,,,,,F,Free (free for publication),2,Two,A,Normal value,0,Units,_Z,Not applicable
DATAFLOW,OECD.SDD.NAD:DSD_NAAG_VI@DF_NAAG_EXP(1.0),NAAG Chapter 6: Government,I,A,Annual,SWE,Sweden,D62S13,Social benefits other than social transfers in kind,_T,Total,PT_B1GQ,Percentage of GDP,NAAG_VI,Part VI: General Government,2008,,13.6237654003418,,N,Neither seasonally adjusted nor calendar adjusted,_Z,Not applicable,S13,General government,_Z,Not applicable,N,Non-consolidated,D,Expenditure,D62,Social benefits other than social transfers in kind,_Z,Not applicable,,,,,,,,,,,V,Current prices,N,Non transformed data,,,,,,,F,Free (free for publication),2,Two,A,Normal value,0,Units,_Z,Not applicable
DATAFLOW,OECD.SDD.NAD:DSD_NAAG_VI@DF_NAAG_EXP(1.0),NAAG Chapter 6: Government,I,A,Annual,SWE,Sweden,D62S13,Social benefits other than social transfers in kind,_T,Total,PT_B1GQ,Percentage of GDP,NAAG_VI,Part VI: General Government,2007,,13.5520089512827,,N,Neither seasonally adjusted nor calendar adjusted,_Z,Not applicable,S13,General government,_Z,Not applicable,N,Non-consolidated,D,Expenditure,D62,Social benefits other than social transfers in kind,_Z,Not applicable,,,,,,,,,,,V,Current prices,N,Non transformed data,,,,,,,F,Free (free for publication),2,Two,A,Normal value,0,Units,_Z,Not applicable
DATAFLOW,OECD.SDD.NAD:DSD_NAAG_VI@DF_NAAG_EXP(1.0),NAAG Chapter 6: Government,I,A,Annual,SWE,Sweden,D62S13,Social benefits other than social transfers in kind,_T,Total,PT_B1GQ,Percentage of GDP,NAAG_VI,Part VI: General Government,2006,,14.3286926698645,,N,Neither seasonally adjusted nor calendar adjusted,_Z,Not applicable,S13,General government,_Z,Not applicable,N,Non-consolidated,D,Expenditure,D62,Social benefits other than social transfers in kind,_Z,Not applicable,,,,,,,,,,,V,Current prices,N,Non transformed data,,,,,,,F,Free (free for publication),2,Two,A,Normal value,0,Units,_Z,Not applicable
DATAFLOW,OECD.SDD.NAD:DSD_NAAG_VI@DF_NAAG_EXP(1.0),NAAG Chapter 6: Government,I,A,Annual,SWE,Sweden,D62S13,Social benefits other than social transfers in kind,_T,Total,PT_B1GQ,Percentage of GDP,NAAG_VI,Part VI: General Government,2024,,11.5051361744229,,N,Neither seasonally adjusted nor calendar adjusted,_Z,Not applicable,S13,General government,_Z,Not applicable,N,Non-consolidated,D,Expenditure,D62,Social benefits other than social transfers in kind,_Z,Not applicable,,,,,,,,,,,V,Current prices,N,Non transformed data,,,,,,,F,Free (free for publication),2,Two,A,Normal value,0,Units,_Z,Not applicable
DATAFLOW,OECD.SDD.NAD:DSD_NAAG_VI@DF_NAAG_EXP(1.0),NAAG Chapter 6: Government,I,A,Annual,SWE,Sweden,D62S13,Social benefits other than social transfers in kind,_T,Total,PT_B1GQ,Percentage of GDP,NAAG_VI,Part VI: General Government,2023,,11.4491086248337,,N,Neither seasonally adjusted nor calendar adjusted,_Z,Not applicable,S13,General government,_Z,Not applicable,N,Non-consolidated,D,Expenditure,D62,Social benefits other than social transfers in kind,_Z,Not applicable,,,,,,,,,,,V,Current prices,N,Non transformed data,,,,,,,F,Free (free for publication),2,Two,A,Normal value,0,Units,_Z,Not applicable
DATAFLOW,OECD.SDD.NAD:DSD_NAAG_VI@DF_NAAG_EXP(1.0),NAAG Chapter 6: Government,I,A,Annual,FIN,Finland,D62S13,Social benefits other than social transfers in kind,_T,Total,PT_B1GQ,Percentage of GDP,NAAG_VI,Part VI: General Government,2023,,18.2556033755893,,N,Neither seasonally adjusted nor calendar adjusted,_Z,Not applicable,S13,General government,_Z,Not applicable,N,Non-consolidated,D,Expenditure,D62,Social benefits other than social transfers in kind,_Z,Not applicable,,,,,,,,,,,V,Current prices,N,Non transformed data,,,,,,,F,Free (free for publication),2,Two,A,Normal value,0,Units,_Z,Not applicable
DATAFLOW,OECD.SDD.NAD:DSD_NAAG_VI@DF_NAAG_EXP(1.0),NAAG Chapter 6: Government,I,A,Annual,FRA,France,D62S13,Social benefits other than social transfers in kind,_T,Total,PT_B1GQ,Percentage of GDP,NAAG_VI,Part VI: General Government,2023,,18.7658926382731,,N,Neither seasonally adjusted nor calendar adjusted,_Z,Not applicable,S13,General government,_Z,Not applicable,N,Non-consolidated,D,Expenditure,D62,Social benefits other than social transfers in kind,_Z,Not applicable,,,,,,,,,,,V,Current prices,N,Non transformed data,,,,,,,F,Free (free for publication),2,Two,A,Normal value,0,Units,_Z,Not applicable
DATAFLOW,OECD.SDD.NAD:DSD_NAAG_VI@DF_NAAG_EXP(1.0),NAAG Chapter 6: Government,I,A,Annual,MEX,Mexico,D62S13,Social benefits other than social transfers in kind,_T,Total,PT_B1GQ,Percentage of GDP,NAAG_VI,Part VI: General Government,2010,,1.96251908335457,,N,Neither seasonally adjusted nor calendar adjusted,_Z,Not applicable,S13,General government,_Z,Not applicable,N,Non-consolidated,D,Expenditure,D62,Social benefits other than social transfers in kind,_Z,Not applicable,,,,,,,,,,,V,Current prices,N,Non transformed data,,,,,,,F,Free (free for publication),2,Two,A,Normal value,0,Units,_Z,Not applicable
DATAFLOW,OECD.SDD.NAD:DSD_NAAG_VI@DF_NAAG_EXP(1.0),NAAG Chapter 6: Government,I,A,Annual,NLD,Netherlands,D62S13,Social benefits other than social transfers in kind,_T,Total,PT_B1GQ,Percentage of GDP,NAAG_VI,Part VI: General Government,2022,,9.73043408263066,,N,Neither seasonally adjusted nor calendar adjusted,_Z,Not applicable,S13,General government,_Z,Not applicable,N,Non-consolidated,D,Expenditure,D62,Social benefits other than social transfers in kind,_Z,Not applicable,,,,,,,,,,,V,Current prices,N,Non transformed data,,,,,,,F,Free (free for publication),2,Two,A,Normal value,0,Units,_Z,Not applicable
DATAFLOW,OECD.SDD.NAD:DSD_NAAG_VI@DF_NAAG_EXP(1.0),NAAG Chapter 6: Government,I,A,Annual,DNK,Denmark,D62S13,Social benefits other than social transfers in kind,_T,Total,PT_B1GQ,Percentage of GDP,NAAG_VI,Part VI: General Government,2022,,13.6373739584712,,N,Neither seasonally adjusted nor calendar adjusted,_Z,Not applicable,S13,General government,_Z,Not applicable,N,Non-consolidated,D,Expenditure,D62,Social benefits other than social transfers in kind,_Z,Not applicable,,,,,,,,,,,V,Current prices,N,Non transformed data,,,,,,,F,Free (free for publication),2,Two,A,Normal value,0,Units,_Z,Not applicable
DATAFLOW,OECD.SDD.NAD:DSD_NAAG_VI@DF_NAAG_EXP(1.0),NAAG Chapter 6: Government,I,A,Annual,LTU,Lithuania,D62S13,Social benefits other than social transfers in kind,_T,Total,PT_B1GQ,Percentage of GDP,NAAG_VI,Part VI: General Government,2022,,12.0515070642152,,N,Neither seasonally adjusted nor calendar adjusted,_Z,Not applicable,S13,General government,_Z,Not applicable,N,Non-consolidated,D,Expenditure,D62,Social benefits other than social transfers in kind,_Z,Not applicable,,,,,,,,,,,V,Current prices,N,Non transformed data,,,,,,,F,Free (free for publication),2,Two,A,Normal value,0,Units,_Z,Not applicable
DATAFLOW,OECD.SDD.NAD:DSD_NAAG_VI@DF_NAAG_EXP(1.0),NAAG Chapter 6: Government,I,A,Annual,NOR,Norway,D62S13,Social benefits other than social transfers in kind,_T,Total,PT_B1GQ,Percentage of GDP,NAAG_VI,Part VI: General Government,2005,,13.0573444558113,,N,Neither seasonally adjusted nor calendar adjusted,_Z,Not applicable,S13,General government,_Z,Not applicable,N,Non-consolidated,D,Expenditure,D62,Social benefits other than social transfers in kind,_Z,Not applicable,,,,,,,,,,,V,Current prices,N,Non transformed data,,,,,,,F,Free (free for publication),2,Two,A,Normal value,0,Units,_Z,Not applicable
DATAFLOW,OECD.SDD.NAD:DSD_NAAG_VI@DF_NAAG_EXP(1.0),NAAG Chapter 6: Government,I,A,Annual,POL,Poland,D62S13,Social benefits other than social transfers in kind,_T,Total,PT_B1GQ,Percentage of GDP,NAAG_VI,Part VI: General Government,2022,,14.8246448554429,,N,Neither seasonally adjusted nor calendar adjusted,_Z,Not applicable,S13,General government,_Z,Not applicable,N,Non-consolidated,D,Expenditure,D62,Social benefits other than social transfers in kind,_Z,Not applicable,,,,,,,,,,,V,Current prices,N,Non transformed data,,,,,,,F,Free (free for publication),2,Two,A,Normal value,0,Units,_Z,Not applicable
DATAFLOW,OECD.SDD.NAD:DSD_NAAG_VI@DF_NAAG_EXP(1.0),NAAG Chapter 6: Government,I,A,Annual,TUR,Türkiye,D62S13,Social benefits other than social transfers in kind,_T,Total,PT_B1GQ,Percentage of GDP,NAAG_VI,Part VI: General Government,2017,,8.58364488419034,,N,Neither seasonally adjusted nor calendar adjusted,_Z,Not applicable,S13,General government,_Z,Not applicable,N,Non-consolidated,D,Expenditure,D62,Social benefits other than social transfers in kind,_Z,Not applicable,,,,,,,,,,,V,Current prices,N,Non transformed data,,,,,,,F,Free (free for publication),2,Two,A,Normal value,0,Units,_Z,Not applicable
DATAFLOW,OECD.SDD.NAD:DSD_NAAG_VI@DF_NAAG_EXP(1.0),NAAG Chapter 6: Government,I,A,Annual,AUS,Australia,D62S13,Social benefits other than social transfers in kind,_T,Total,PT_B1GQ,Percentage of GDP,NAAG_VI,Part VI: General Government,2022,,5.66287298253212,,N,Neither seasonally adjusted nor calendar adjusted,_Z,Not applicable,S13,General government,_Z,Not applicable,N,Non-consolidated,D,Expenditure,D62,Social benefits other than social transfers in kind,_Z,Not applicable,,,,,,,,,,,V,Current prices,N,Non transformed data,,,,,,,F,Free (free for publication),2,Two,A,Normal value,0,Units,_Z,Not applicable
DATAFLOW,OECD.SDD.NAD:DSD_NAAG_VI@DF_NAAG_EXP(1.0),NAAG Chapter 6: Government,I,A,Annual,CZE,Czechia,D62S13,Social benefits other than social transfers in kind,_T,Total,PT_B1GQ,Percentage of GDP,NAAG_VI,Part VI: General Government,2022,,13.2937590923637,,N,Neither seasonally adjusted nor calendar adjusted,_Z,Not applicable,S13,General government,_Z,Not applicable,N,Non-consolidated,D,Expenditure,D62,Social benefits other than social transfers in kind,_Z,Not applicable,,,,,,,,,,,V,Current prices,N,Non transformed data,,,,,,,F,Free (free for publication),2,Two,A,Normal value,0,Units,_Z,Not applicable
DATAFLOW,OECD.SDD.NAD:DSD_NAAG_VI@DF_NAAG_EXP(1.0),NAAG Chapter 6: Government,I,A,Annual,HUN,Hungary,D62S13,Social benefits other than social transfers in kind,_T,Total,PT_B1GQ,Percentage of GDP,NAAG_VI,Part VI: General Government,2022,,10.3833919425524,,N,Neither seasonally adjusted nor calendar adjusted,_Z,Not applicable,S13,General government,_Z,Not applicable,N,Non-consolidated,D,Expenditure,D62,Social benefits other than social transfers in kind,_Z,Not applicable,,,,,,,,,,,V,Current prices,N,Non transformed data,,,,,,,F,Free (free for publication),2,Two,A,Normal value,0,Units,_Z,Not applicable
DATAFLOW,OECD.SDD.NAD:DSD_NAAG_VI@DF_NAAG_EXP(1.0),NAAG Chapter 6: Government,I,A,Annual,LVA,Latvia,D62S13,Social benefits other than social transfers in kind,_T,Total,PT_B1GQ,Percentage of GDP,NAAG_VI,Part VI: General Government,2022,,12.681637715575,,N,Neither seasonally adjusted nor calendar adjusted,_Z,Not applicable,S13,General government,_Z,Not applicable,N,Non-consolidated,D,Expenditure,D62,Social benefits other than social transfers in kind,_Z,Not applicable,,,,,,,,,,,V,Current prices,N,Non transformed data,,,,,,,F,Free (free for publication),2,Two,A,Normal value,0,Units,_Z,Not applicable
DATAFLOW,OECD.SDD.NAD:DSD_NAAG_VI@DF_NAAG_EXP(1.0),NAAG Chapter 6: Government,I,A,Annual,ESP,Spain,D62S13,Social benefits other than social transfers in kind,_T,Total,PT_B1GQ,Percentage of GDP,NAAG_VI,Part VI: General Government,2022,,16.6336761964111,,N,Neither seasonally adjusted nor calendar adjusted,_Z,Not applicable,S13,General government,_Z,Not applicable,N,Non-consolidated,D,Expenditure,D62,Social benefits other than social transfers in kind,_Z,Not applicable,,,,,,,,,,,V,Current prices,N,Non transformed data,,,,,,,F,Free (free for publication),2,Two,A,Normal value,0,Units,_Z,Not applicable
DATAFLOW,OECD.SDD.NAD:DSD_NAAG_VI@DF_NAAG_EXP(1.0),NAAG Chapter 6: Government,I,A,Annual,ISR,Israel,D62S13,Social benefits other than social transfers in kind,_T,Total,PT_B1GQ,Percentage of GDP,NAAG_VI,Part VI: General Government,2022,,5.31758553786458,,N,Neither seasonally adjusted nor calendar adjusted,_Z,Not applicable,S13,General government,_Z,Not applicable,N,Non-consolidated,D,Expenditure,D62,Social benefits other than social transfers in kind,_Z,Not applicable,,,,,,,,,,,V,Current prices,N,Non transformed data,,,,,,,F,Free (free for publication),2,Two,A,Normal value,0,Units,_Z,Not applicable
DATAFLOW,OECD.SDD.NAD:DSD_NAAG_VI@DF_NAAG_EXP(1.0),NAAG Chapter 6: Government,I,A,Annual,ITA,Italy,D62S13,Social benefits other than social transfers in kind,_T,Total,PT_B1GQ,Percentage of GDP,NAAG_VI,Part VI: General Government,2022,,20.3642750518675,,N,Neither seasonally adjusted nor calendar adjusted,_Z,Not applicable,S13,General government,_Z,Not applicable,N,Non-consolidated,D,Expenditure,D62,Social benefits other than social transfers in kind,_Z,Not applicable,,,,,,,,,,,V,Current prices,N,Non transformed data,,,,,,,F,Free (free for publication),2,Two,A,Normal value,0,Units,_Z,Not applicable
DATAFLOW,OECD.SDD.NAD:DSD_NAAG_VI@DF_NAAG_EXP(1.0),NAAG Chapter 6: Government,I,A,Annual,SVN,Slovenia,D62S13,Social benefits other than social transfers in kind,_T,Total,PT_B1GQ,Percentage of GDP,NAAG_VI,Part VI: General Government,2022,,16.2671588419483,,N,Neither seasonally adjusted nor calendar adjusted,_Z,Not applicable,S13,General government,_Z,Not applicable,N,Non-consolidated,D,Expenditure,D62,Social benefits other than social transfers in kind,_Z,Not applicable,,,,,,,,,,,V,Current prices,N,Non transformed data,,,,,,,F,Free (free for publication),2,Two,A,Normal value,0,Units,_Z,Not applicable
DATAFLOW,OECD.SDD.NAD:DSD_NAAG_VI@DF_NAAG_EXP(1.0),NAAG Chapter 6: Government,I,A,Annual,AUT,Austria,D62S13,Social benefits other than social transfers in kind,_T,Total,PT_B1GQ,Percentage of GDP,NAAG_VI,Part VI: General Government,2022,,18.2175722472499,,N,Neither seasonally adjusted nor calendar adjusted,_Z,Not applicable,S13,General government,_Z,Not applicable,N,Non-consolidated,D,Expenditure,D62,Social benefits other than social transfers in kind,_Z,Not applicable,,,,,,,,,,,V,Current prices,N,Non transformed data,,,,,,,F,Free (free for publication),2,Two,A,Normal value,0,Units,_Z,Not applicable
DATAFLOW,OECD.SDD.NAD:DSD_NAAG_VI@DF_NAAG_EXP(1.0),NAAG Chapter 6: Government,I,A,Annual,CAN,Canada,D62S13,Social benefits other than social transfers in kind,_T,Total,PT_B1GQ,Percentage of GDP,NAAG_VI,Part VI: General Government,2022,,10.0533508246403,,N,Neither seasonally adjusted nor calendar adjusted,_Z,Not applicable,S13,General government,_Z,Not applicable,N,Non-consolidated,D,Expenditure,D62,Social benefits other than social transfers in kind,_Z,Not applicable,,,,,,,,,,,V,Current prices,N,Non transformed data,,,,,,,F,Free (free for publication),2,Two,A,Normal value,0,Units,_Z,Not applicable
DATAFLOW,OECD.SDD.NAD:DSD_NAAG_VI@DF_NAAG_EXP(1.0),NAAG Chapter 6: Government,I,A,Annual,CHE,Switzerland,D62S13,Social benefits other than social transfers in kind,_T,Total,PT_B1GQ,Percentage of GDP,NAAG_VI,Part VI: General Government,2022,,9.655483644645,,N,Neither seasonally adjusted nor calendar adjusted,_Z,Not applicable,S13,General government,_Z,Not applicable,N,Non-consolidated,D,Expenditure,D62,Social benefits other than social transfers in kind,_Z,Not applicable,,,,,,,,,,,V,Current prices,N,Non transformed data,,,,,,,F,Free (free for publication),2,Two,A,Normal value,0,Units,_Z,Not applicable
DATAFLOW,OECD.SDD.NAD:DSD_NAAG_VI@DF_NAAG_EXP(1.0),NAAG Chapter 6: Government,I,A,Annual,ISL,Iceland,D62S13,Social benefits other than social transfers in kind,_T,Total,PT_B1GQ,Percentage of GDP,NAAG_VI,Part VI: General Government,2022,,7.306671822096,,N,Neither seasonally adjusted nor calendar adjusted,_Z,Not applicable,S13,General government,_Z,Not applicable,N,Non-consolidated,D,Expenditure,D62,Social benefits other than social transfers in kind,_Z,Not applicable,,,,,,,,,,,V,Current prices,N,Non transformed data,,,,,,,F,Free (free for publication),2,Two,A,Normal value,0,Units,_Z,Not applicable
DATAFLOW,OECD.SDD.NAD:DSD_NAAG_VI@DF_NAAG_EXP(1.0),NAAG Chapter 6: Government,I,A,Annual,KOR,Korea,D62S13,Social benefits other than social transfers in kind,_T,Total,PT_B1GQ,Percentage of GDP,NAAG_VI,Part VI: General Government,2022,,6.64965703531076,,N,Neither seasonally adjusted nor calendar adjusted,_Z,Not applicable,S13,General government,_Z,Not applicable,N,Non-consolidated,D,Expenditure,D62,Social benefits other than social transfers in kind,_Z,Not applicable,,,,,,,,,,,V,Current prices,N,Non transformed data,,,,,,,F,Free (free for publication),2,Two,A,Normal value,0,Units,_Z,Not applicable
DATAFLOW,OECD.SDD.NAD:DSD_NAAG_VI@DF_NAAG_EXP(1.0),NAAG Chapter 6: Government,I,A,Annual,PRT,Portugal,D62S13,Social benefits other than social transfers in kind,_T,Total,PT_B1GQ,Percentage of GDP,NAAG_VI,Part VI: General Government,2022,,16.5178232741952,,N,Neither seasonally adjusted nor calendar adjusted,_Z,Not applicable,S13,General government,_Z,Not applicable,N,Non-consolidated,D,Expenditure,D62,Social benefits other than social transfers in kind,_Z,Not applicable,,,,,,,,,,,V,Current prices,N,Non transformed data,,,,,,,F,Free (free for publication),2,Two,A,Normal value,0,Units,_Z,Not applicable
DATAFLOW,OECD.SDD.NAD:DSD_NAAG_VI@DF_NAAG_EXP(1.0),NAAG Chapter 6: Government,I,A,Annual,CRI,Costa Rica,D62S13,Social benefits other than social transfers in kind,_T,Total,PT_B1GQ,Percentage of GDP,NAAG_VI,Part VI: General Government,2022,,4.40886212557771,,N,Neither seasonally adjusted nor calendar adjusted,_Z,Not applicable,S13,General government,_Z,Not applicable,N,Non-consolidated,D,Expenditure,D62,Social benefits other than social transfers in kind,_Z,Not applicable,,,,,,,,,,,V,Current prices,N,Non transformed data,,,,,,,F,Free (free for publication),2,Two,A,Normal value,0,Units,_Z,Not applicable
DATAFLOW,OECD.SDD.NAD:DSD_NAAG_VI@DF_NAAG_EXP(1.0),NAAG Chapter 6: Government,I,A,Annual,GBR,United Kingdom,D62S13,Social benefits other than social transfers in kind,_T,Total,PT_B1GQ,Percentage of GDP,NAAG_VI,Part VI: General Government,2022,,12.8417275299355,,N,Neither seasonally adjusted nor calendar adjusted,_Z,Not applicable,S13,General government,_Z,Not applicable,N,Non-consolidated,D,Expenditure,D62,Social benefits other than social transfers in kind,_Z,Not applicable,,,,,,,,,,,V,Current prices,N,Non transformed data,,,,,,,F,Free (free for publication),2,Two,A,Normal value,0,Units,_Z,Not applicable
DATAFLOW,OECD.SDD.NAD:DSD_NAAG_VI@DF_NAAG_EXP(1.0),NAAG Chapter 6: Government,I,A,Annual,GRC,Greece,D62S13,Social benefits other than social transfers in kind,_T,Total,PT_B1GQ,Percentage of GDP,NAAG_VI,Part VI: General Government,2022,,17.8798420758786,,N,Neither seasonally adjusted nor calendar adjusted,_Z,Not applicable,S13,General government,_Z,Not applicable,N,Non-consolidated,D,Expenditure,D62,Social benefits other than social transfers in kind,_Z,Not applicable,,,,,,,,,,,V,Current prices,N,Non transformed data,,,,,,,F,Free (free for publication),2,Two,A,Normal value,0,Units,_Z,Not applicable
DATAFLOW,OECD.SDD.NAD:DSD_NAAG_VI@DF_NAAG_EXP(1.0),NAAG Chapter 6: Government,I,A,Annual,COL,Colombia,D62S13,Social benefits other than social transfers in kind,_T,Total,PT_B1GQ,Percentage of GDP,NAAG_VI,Part VI: General Government,2013,,9.26489966993095,,N,Neither seasonally adjusted nor calendar adjusted,_Z,Not applicable,S13,General government,_Z,Not applicable,N,Non-consolidated,D,Expenditure,D62,Social benefits other than social transfers in kind,_Z,Not applicable,,,,,,,,,,,V,Current prices,N,Non transformed data,,,,,,,F,Free (free for publication),2,Two,A,Normal value,0,Units,_Z,Not applicable
DATAFLOW,OECD.SDD.NAD:DSD_NAAG_VI@DF_NAAG_EXP(1.0),NAAG Chapter 6: Government,I,A,Annual,DEU,Germany,D62S13,Social benefits other than social transfers in kind,_T,Total,PT_B1GQ,Percentage of GDP,NAAG_VI,Part VI: General Government,2022,,15.5273467632814,,N,Neither seasonally adjusted nor calendar adjusted,_Z,Not applicable,S13,General government,_Z,Not applicable,N,Non-consolidated,D,Expenditure,D62,Social benefits other than social transfers in kind,_Z,Not applicable,,,,,,,,,,,V,Current prices,N,Non transformed data,,,,,,,F,Free (free for publication),2,Two,A,Normal value,0,Units,_Z,Not applicable
DATAFLOW,OECD.SDD.NAD:DSD_NAAG_VI@DF_NAAG_EXP(1.0),NAAG Chapter 6: Government,I,A,Annual,USA,United States,D62S13,Social benefits other than social transfers in kind,_T,Total,PT_B1GQ,Percentage of GDP,NAAG_VI,Part VI: General Government,2022,,15.5441974787223,,N,Neither seasonally adjusted nor calendar adjusted,_Z,Not applicable,S13,General government,_Z,Not applicable,N,Non-consolidated,D,Expenditure,D62,Social benefits other than social transfers in kind,_Z,Not applicable,,,,,,,,,,,V,Current prices,N,Non transformed data,,,,,,,F,Free (free for publication),2,Two,A,Normal value,0,Units,_Z,Not applicable
DATAFLOW,OECD.SDD.NAD:DSD_NAAG_VI@DF_NAAG_EXP(1.0),NAAG Chapter 6: Government,I,A,Annual,IRL,Ireland,D62S13,Social benefits other than social transfers in kind,_T,Total,PT_B1GQ,Percentage of GDP,NAAG_VI,Part VI: General Government,2022,,5.42293790499885,,N,Neither seasonally adjusted nor calendar adjusted,_Z,Not applicable,S13,General government,_Z,Not applicable,N,Non-consolidated,D,Expenditure,D62,Social benefits other than social transfers in kind,_Z,Not applicable,,,,,,,,,,,V,Current prices,N,Non transformed data,,,,,,,F,Free (free for publication),2,Two,A,Normal value,0,Units,_Z,Not applicable
DATAFLOW,OECD.SDD.NAD:DSD_NAAG_VI@DF_NAAG_EXP(1.0),NAAG Chapter 6: Government,I,A,Annual,JPN,Japan,D62S13,Social benefits other than social transfers in kind,_T,Total,PT_B1GQ,Percentage of GDP,NAAG_VI,Part VI: General Government,2013,,12.918443579583,,N,Neither seasonally adjusted nor calendar adjusted,_Z,Not applicable,S13,General government,_Z,Not applicable,N,Non-consolidated,D,Expenditure,D62,Social benefits other than social transfers in kind,_Z,Not applicable,,,,,,,,,,,V,Current prices,N,Non transformed data,,,,,,,F,Free (free for publication),2,Two,A,Normal value,0,Units,_Z,Not applicable
DATAFLOW,OECD.SDD.NAD:DSD_NAAG_VI@DF_NAAG_EXP(1.0),NAAG Chapter 6: Government,I,A,Annual,LUX,Luxembourg,D62S13,Social benefits other than social transfers in kind,_T,Total,PT_B1GQ,Percentage of GDP,NAAG_VI,Part VI: General Government,2022,,15.7157724443103,,N,Neither seasonally adjusted nor calendar adjusted,_Z,Not applicable,S13,General government,_Z,Not applicable,N,Non-consolidated,D,Expenditure,D62,Social benefits other than social transfers in kind,_Z,Not applicable,,,,,,,,,,,V,Current prices,N,Non transformed data,,,,,,,F,Free (free for publication),2,Two,A,Normal value,0,Units,_Z,Not applicable
DATAFLOW,OECD.SDD.NAD:DSD_NAAG_VI@DF_NAAG_EXP(1.0),NAAG Chapter 6: Government,I,A,Annual,NZL,New Zealand,D62S13,Social benefits other than social transfers in kind,_T,Total,PT_B1GQ,Percentage of GDP,NAAG_VI,Part VI: General Government,2022,,10.2296435024128,,N,Neither seasonally adjusted nor calendar adjusted,_Z,Not applicable,S13,General government,_Z,Not applicable,N,Non-consolidated,D,Expenditure,D62,Social benefits other than social transfers in kind,_Z,Not applicable,,,,,,,,,,,V,Current prices,N,Non transformed data,,,,,,,F,Free (free for publication),2,Two,A,Normal value,0,Units,_Z,Not applicable
DATAFLOW,OECD.SDD.NAD:DSD_NAAG_VI@DF_NAAG_EXP(1.0),NAAG Chapter 6: Government,I,A,Annual,SVK,Slovak Republic,D62S13,Social benefits other than social transfers in kind,_T,Total,PT_B1GQ,Percentage of GDP,NAAG_VI,Part VI: General Government,2022,,14.4683724821359,,N,Neither seasonally adjusted nor calendar adjusted,_Z,Not applicable,S13,General government,_Z,Not applicable,N,Non-consolidated,D,Expenditure,D62,Social benefits other than social transfers in kind,_Z,Not applicable,,,,,,,,,,,V,Current prices,N,Non transformed data,,,,,,,F,Free (free for publication),2,Two,A,Normal value,0,Units,_Z,Not applicable
DATAFLOW,OECD.SDD.NAD:DSD_NAAG_VI@DF_NAAG_EXP(1.0),NAAG Chapter 6: Government,I,A,Annual,BEL,Belgium,D62S13,Social benefits other than social transfers in kind,_T,Total,PT_B1GQ,Percentage of GDP,NAAG_VI,Part VI: General Government,2022,,16.8473711240078,,N,Neither seasonally adjusted nor calendar adjusted,_Z,Not applicable,S13,General government,_Z,Not applicable,N,Non-consolidated,D,Expenditure,D62,Social benefits other than social transfers in kind,_Z,Not applicable,,,,,,,,,,,V,Current prices,N,Non transformed data,,,,,,,F,Free (free for publication),2,Two,A,Normal value,0,Units,_Z,Not applicable
DATAFLOW,OECD.SDD.NAD:DSD_NAAG_VI@DF_NAAG_EXP(1.0),NAAG Chapter 6: Government,I,A,Annual,EST,Estonia,D62S13,Social benefits other than social transfers in kind,_T,Total,PT_B1GQ,Percentage of GDP,NAAG_VI,Part VI: General Government,2022,,11.413226709021,,N,Neither seasonally adjusted nor calendar adjusted,_Z,Not applicable,S13,General government,_Z,Not applicable,N,Non-consolidated,D,Expenditure,D62,Social benefits other than social transfers in kind,_Z,Not applicable,,,,,,,,,,,V,Current prices,N,Non transformed data,,,,,,,F,Free (free for publication),2,Two,A,Normal value,0,Units,_Z,Not applicable
DATAFLOW,OECD.SDD.NAD:DSD_NAAG_VI@DF_NAAG_EXP(1.0),NAAG Chapter 6: Government,I,A,Annual,SWE,Sweden,D62S13,Social benefits other than social transfers in kind,_T,Total,PT_B1GQ,Percentage of GDP,NAAG_VI,Part VI: General Government,2022,,11.5517242261191,,N,Neither seasonally adjusted nor calendar adjusted,_Z,Not applicable,S13,General government,_Z,Not applicable,N,Non-consolidated,D,Expenditure,D62,Social benefits other than social transfers in kind,_Z,Not applicable,,,,,,,,,,,V,Current prices,N,Non transformed data,,,,,,,F,Free (free for publication),2,Two,A,Normal value,0,Units,_Z,Not applicable
