STRUCTURE,STRUCTURE_ID,STRUCTURE_NAME,freq,Time frequency,unit,Unit of measure,sector,Sector,cofog99,Classification of the functions of government (COFOG 1999),na_item,National accounts indicator (ESA 2010),geo,Geopolitical entity (reporting),TIME_PERIOD,Time,OBS_VALUE,Observation value,OBS_FLAG,Observation status (Flag) V2 structure,CONF_STATUS,Confidentiality status (flag)
dataflow,ESTAT:GOV_10A_EXP(1.0),General government expenditure by function (COFOG),A,Annual,PC_GDP,Percentage of gross domestic product (GDP),S13,General government,TOTAL,Total,D62_D632,Social benefits other than social transfers in kind and social transfers in kind - purchased market production,AT,Austria,1995,,22.7,,,,,
dataflow,ESTAT:GOV_10A_EXP(1.0),General government expenditure by function (COFOG),A,Annual,PC_GDP,Percentage of gross domestic product (GDP),S13,General government,TOTAL,Total,D62_D632,Social benefits other than social transfers in kind and social transfers in kind - purchased market production,AT,Austria,1996,,22.6,,,,,
dataflow,ESTAT:GOV_10A_EXP(1.0),General government expenditure by function (COFOG),A,Annual,PC_GDP,Percentage of gross domestic product (GDP),S13,General government,TOTAL,Total,D62_D632,Social benefits other than social transfers in kind and social transfers in kind - purchased market production,AT,Austria,1997,,22.1,,,,,
dataflow,ESTAT:GOV_10A_EXP(1.0),General government expenditure by function (COFOG),A,Annual,PC_GDP,Percentage of gross domestic product (GDP),S13,General government,TOTAL,Total,D62_D632,Social benefits other than social transfers in kind and social transfers in kind - purchased market production,AT,Austria,1998,,21.8,,,,,
dataflow,ESTAT:GOV_10A_EXP(1.0),General government expenditure by function (COFOG),A,Annual,PC_GDP,Percentage of gross domestic product (GDP),S13,General government,TOTAL,Total,D62_D632,Social benefits other than social transfers in kind and social transfers in kind - purchased market production,AT,Austria,1999,,22.0,,,,,
dataflow,ESTAT:GOV_10A_EXP(1.0),General government expenditure by function (COFOG),A,Annual,PC_GDP,Percentage of gross domestic product (GDP),S13,General government,TOTAL,Total,D62_D632,Social benefits other than social transfers in kind and social transfers in kind - purchased market production,AT,Austria,2000,,21.8,,,,,
dataflow,ESTAT:GOV_10A_EXP(1.0),General government expenditure by function (COFOG),A,Annual,PC_GDP,Percentage of gross domestic product (GDP),S13,General government,TOTAL,Total,D62_D632,Social benefits other than social transfers in kind and social transfers in kind - purchased market production,AT,Austria,2001,,21.6,,,,,
dataflow,ESTAT:GOV_10A_EXP(1.0),General government expenditure by function (COFOG),A,Annual,PC_GDP,Percentage of gross domestic product (GDP),S13,General government,TOTAL,Total,D62_D632,Social benefits other than social transfers in kind and social transfers in kind - purchased market production,AT,Austria,2002,,22.0,,,,,
dataflow,ESTAT:GOV_10A_EXP(1.0),General government expenditure by function (COFOG),A,Annual,PC_GDP,Percentage of gross domestic product (GDP),S13,General government,TOTAL,Total,D62_D632,Social benefits other than social transfers in kind and social transfers in kind - purchased market production,AT,Austria,2003,,22.4,,,,,
dataflow,ESTAT:GOV_10A_EXP(1.0),General government expenditure by function (COFOG),A,Annual,PC_GDP,Percentage of gross domestic product (GDP),S13,General government,TOTAL,Total,D62_D632,Social benefits other than social transfers in kind and social transfers in kind - purchased market production,AT,Austria,2004,,22.1,,,,,
dataflow,ESTAT:GOV_10A_EXP(1.0),General government expenditure by function (COFOG),A,Annual,PC_GDP,Percentage of gross domestic product (GDP),S13,General government,TOTAL,Total,D62_D632,Social benefits other than social transfers in kind and social transfers in kind - purchased market production,AT,Austria,2005,,21.7,,,,,
dataflow,ESTAT:GOV_10A_EXP(1.0),General government expenditure by function (COFOG),A,Annual,PC_GDP,Percentage of gross domestic product (GDP),S13,General government,TOTAL,Total,D62_D632,Social benefits other than social transfers in kind and social transfers in kind - purchased market production,AT,Austria,2006,,21.4,,,,,
dataflow,ESTAT:GOV_10A_EXP(1.0),General government expenditure by function (COFOG),A,Annual,PC_GDP,Percentage of gross domestic product (GDP),S13,General government,TOTAL,Total,D62_D632,Social benefits other than social transfers in kind and social transfers in kind - purchased market production,AT,Austria,2007,,20.8,,,,,
dataflow,ESTAT:GOV_10A_EXP(1.0),General government expenditure by function (COFOG),A,Annual,PC_GDP,Percentage of gross domestic product (GDP),S13,General government,TOTAL,Total,D62_D632,Social benefits other than social transfers in kind and social transfers in kind - purchased market production,AT,Austria,2008,,21.1,,,,,
dataflow,ESTAT:GOV_10A_EXP(1.0),General government expenditure by function (COFOG),A,Annual,PC_GDP,Percentage of gross domestic product (GDP),S13,General government,TOTAL,Total,D62_D632,Social benefits other than social transfers in kind and social transfers in kind - purchased market production,AT,Austria,2009,,22.8,,,,,
dataflow,ESTAT:GOV_10A_EXP(1.0),General government expenditure by function (COFOG),A,Annual,PC_GDP,Percentage of gross domestic product (GDP),S13,General government,TOTAL,Total,D62_D632,Social benefits other than social transfers in kind and social transfers in kind - purchased market production,AT,Austria,2010,,22.9,,,,,
dataflow,ESTAT:GOV_10A_EXP(1.0),General government expenditure by function (COFOG),A,Annual,PC_GDP,Percentage of gross domestic product (GDP),S13,General government,TOTAL,Total,D62_D632,Social benefits other than social transfers in kind and social transfers in kind - purchased market production,AT,Austria,2011,,22.2,,,,,
dataflow,ESTAT:GOV_10A_EXP(1.0),General government expenditure by function (COFOG),A,Annual,PC_GDP,Percentage of gross domestic product (GDP),S13,General government,TOTAL,Total,D62_D632,Social benefits other than social transfers in kind and social transfers in kind - purchased market production,AT,Austria,2012,,22.4,,,,,
dataflow,ESTAT:GOV_10A_EXP(1.0),General government expenditure by function (COFOG),A,Annual,PC_GDP,Percentage of gross domestic product (GDP),S13,General government,TOTAL,Total,D62_D632,Social benefits other than social transfers in kind and social transfers in kind - purchased market production,AT,Austria,2013,,22.9,,,,,
dataflow,ESTAT:GOV_10A_EXP(1.0),General government expenditure by function (COFOG),A,Annual,PC_GDP,Percentage of gross domestic product (GDP),S13,General government,TOTAL,Total,D62_D632,Social benefits other than social transfers in kind and social transfers in kind - purchased market production,AT,Austria,2014,,23.1,,,,,
dataflow,ESTAT:GOV_10A_EXP(1.0),General government expenditure by function (COFOG),A,Annual,PC_GDP,Percentage of gross domestic product (GDP),S13,General government,TOTAL,Total,D62_D632,Social benefits other than social transfers in kind and social transfers in kind - purchased market production,AT,Austria,2015,,22.9,,,,,
dataflow,ESTAT:GOV_10A_EXP(1.0),General government expenditure by function (COFOG),A,Annual,PC_GDP,Percentage of gross domestic product (GDP),S13,General government,TOTAL,Total,D62_D632,Social benefits other than social transfers in kind and social transfers in kind - purchased market production,AT,Austria,2016,,22.7,,,,,
dataflow,ESTAT:GOV_10A_EXP(1.0),General government expenditure by function (COFOG),A,Annual,PC_GDP,Percentage of gross domestic product (GDP),S13,General government,TOTAL,Total,D62_D632,Social benefits other than social transfers in kind and social transfers in kind - purchased market production,AT,Austria,2017,,22.3,,,,,
dataflow,ESTAT:GOV_10A_EXP(1.0),General government expenditure by function (COFOG),A,Annual,PC_GDP,Percentage of gross domestic product (GDP),S13,General government,TOTAL,Total,D62_D632,Social benefits other than social transfers in kind and social transfers in kind - purchased market production,AT,Austria,2018,,22.0,,,,,
dataflow,ESTAT:GOV_10A_EXP(1.0),General government expenditure by function (COFOG),A,Annual,PC_GDP,Percentage of gross domestic product (GDP),S13,General government,TOTAL,Total,D62_D632,Social benefits other than social transfers in kind and social transfers in kind - purchased market production,AT,Austria,2019,,22.0,,,,,
dataflow,ESTAT:GOV_10A_EXP(1.0),General government expenditure by function (COFOG),A,Annual,PC_GDP,Percentage of gross domestic product (GDP),S13,General government,TOTAL,Total,D62_D632,Social benefits other than social transfers in kind and social transfers in kind - purchased market production,AT,Austria,2020,,24.5,,,,,
dataflow,ESTAT:GOV_10A_EXP(1.0),General government expenditure by function (COFOG),A,Annual,PC_GDP,Percentage of gross domestic product (GDP),S13,General government,TOTAL,Total,D62_D632,Social benefits other than social transfers in kind and social transfers in kind - purchased market production,BE,Belgium,1995,,21.4,,,,,
dataflow,ESTAT:GOV_10A_EXP(1.0),General government expenditure by function (COFOG),A,Annual,PC_GDP,Percentage of gross domestic product (GDP),S13,General government,TOTAL,Total,D62_D632,Social benefits other than social transfers in kind and social transfers in kind - purchased market production,BE,Belgium,1996,,21.9,,,,,
dataflow,ESTAT:GOV_10A_EXP(1.0),General government expenditure by function (COFOG),A,Annual,PC_GDP,Percentage of gross domestic product (GDP),S13,General government,TOTAL,Total,D62_D632,Social benefits other than social transfers in kind and social transfers in kind - purchased market production,BE,Belgium,1997,,21.4,,,,,
dataflow,ESTAT:GOV_10A_EXP(1.0),General government expenditure by function (COFOG),A,Annual,PC_GDP,Percentage of gross domestic product (GDP),S13,General government,TOTAL,Total,D62_D632,Social benefits other than social transfers in kind and social transfers in kind - purchased market production,BE,Belgium,1998,,21.2,,,,,
dataflow,ESTAT:GOV_10A_EXP(1.0),General government expenditure by function (COFOG),A,Annual,PC_GDP,Percentage of gross domestic product (GDP),S13,General government,TOTAL,Total,D62_D632,Social benefits other than social transfers in kind and social transfers in kind - purchased market production,BE,Belgium,1999,,21.0,,,,,
dataflow,ESTAT:GOV_10A_EXP(1.0),General government expenditure by function (COFOG),A,Annual,PC_GDP,Percentage of gross domestic product (GDP),S13,General government,TOTAL,Total,D62_D632,Social benefits other than social transfers in kind and social transfers in kind - purchased market production,BE,Belgium,2000,,20.6,,,,,
dataflow,ESTAT:GOV_10A_EXP(1.0),General government expenditure by function (COFOG),A,Annual,PC_GDP,Percentage of gross domestic product (GDP),S13,General government,TOTAL,Total,D62_D632,Social benefits other than social transfers in kind and social transfers in kind - purchased market production,BE,Belgium,2001,,20.9,,,,,
dataflow,ESTAT:GOV_10A_EXP(1.0),General government expenditure by function (COFOG),A,Annual,PC_GDP,Percentage of gross domestic product (GDP),S13,General government,TOTAL,Total,D62_D632,Social benefits other than social transfers in kind and social transfers in kind - purchased market production,BE,Belgium,2002,,21.5,,,,,
dataflow,ESTAT:GOV_10A_EXP(1.0),General government expenditure by function (COFOG),A,Annual,PC_GDP,Percentage of gross domestic product (GDP),S13,General government,TOTAL,Total,D62_D632,Social benefits other than social transfers in kind and social transfers in kind - purchased market production,BE,Belgium,2003,,22.0,,,,,
dataflow,ESTAT:GOV_10A_EXP(1.0),General government expenditure by function (COFOG),A,Annual,PC_GDP,Percentage of gross domestic product (GDP),S13,General government,TOTAL,Total,D62_D632,Social benefits other than social transfers in kind and social transfers in kind - purchased market production,BE,Belgium,2004,,21.9,,,,,
dataflow,ESTAT:GOV_10A_EXP(1.0),General government expenditure by function (COFOG),A,Annual,PC_GDP,Percentage of gross domestic product (GDP),S13,General government,TOTAL,Total,D62_D632,Social benefits other than social transfers in kind and social transfers in kind - purchased market production,BE,Belgium,2005,,21.7,,,,,
dataflow,ESTAT:GOV_10A_EXP(1.0),General government expenditure by function (COFOG),A,Annual,PC_GDP,Percentage of gross domestic product (GDP),S13,General government,TOTAL,Total,D62_D632,Social benefits other than social transfers in kind and social transfers in kind - purchased market production,BE,Belgium,2006,,21.4,,,,,
dataflow,ESTAT:GOV_10A_EXP(1.0),General government expenditure by function (COFOG),A,Annual,PC_GDP,Percentage of gross domestic product (GDP),S13,General government,TOTAL,Total,D62_D632,Social benefits other than social transfers in kind and social transfers in kind - purchased market production,BE,Belgium,2007,,21.4,,,,,
dataflow,ESTAT:GOV_10A_EXP(1.0),General government expenditure by function (COFOG),A,Annual,PC_GDP,Percentage of gross domestic product (GDP),S13,General government,TOTAL,Total,D62_D632,Social benefits other than social transfers in kind and social transfers in kind - purchased market production,BE,Belgium,2008,,22.5,,,,,
dataflow,ESTAT:GOV_10A_EXP(1.0),General government expenditure by function (COFOG),A,Annual,PC_GDP,Percentage of gross domestic product (GDP),S13,General government,TOTAL,Total,D62_D632,Social benefits other than social transfers in kind and social transfers in kind - purchased market production,BE,Belgium,2009,,24.4,,,,,
dataflow,ESTAT:GOV_10A_EXP(1.0),General government expenditure by function (COFOG),A,Annual,PC_GDP,Percentage of gross domestic product (GDP),S13,General government,TOTAL,Total,D62_D632,Social benefits other than social transfers in kind and social transfers in kind - purchased market production,BE,Belgium,2010,,24.0,,,,,
dataflow,ESTAT:GOV_10A_EXP(1.0),General government expenditure by function (COFOG),A,Annual,PC_GDP,Percentage of gross domestic product (GDP),S13,General government,TOTAL,Total,D62_D632,Social benefits other than social transfers in kind and social transfers in kind - purchased market production,BE,Belgium,2011,,24.1,,,,,
dataflow,ESTAT:GOV_10A_EXP(1.0),General government expenditure by function (COFOG),A,Annual,PC_GDP,Percentage of gross domestic product (GDP),S13,General government,TOTAL,Total,D62_D632,Social benefits other than social transfers in kind and social transfers in kind - purchased market production,BE,Belgium,2012,,24.7,,,,,
dataflow,ESTAT:GOV_10A_EXP(1.0),General government expenditure by function (COFOG),A,Annual,PC_GDP,Percentage of gross domestic product (GDP),S13,General government,TOTAL,Total,D62_D632,Social benefits other than social transfers in kind and social transfers in kind - purchased market production,BE,Belgium,2013,,25.1,,,,,
dataflow,ESTAT:GOV_10A_EXP(1.0),General government expenditure by function (COFOG),A,Annual,PC_GDP,Percentage of gross domestic product (GDP),S13,General government,TOTAL,Total,D62_D632,Social benefits other than social transfers in kind and social transfers in kind - purchased market production,BE,Belgium,2014,,24.9,,,,,
dataflow,ESTAT:GOV_10A_EXP(1.0),General government expenditure by function (COFOG),A,Annual,PC_GDP,Percentage of gross domestic product (GDP),S13,General government,TOTAL,Total,D62_D632,Social benefits other than social transfers in kind and social transfers in kind - purchased market production,BE,Belgium,2015,,24.8,,,,,
dataflow,ESTAT:GOV_10A_EXP(1.0),General government expenditure by function (COFOG),A,Annual,PC_GDP,Percentage of gross domestic product (GDP),S13,General government,TOTAL,Total,D62_D632,Social benefits other than social transfers in kind and social transfers in kind - purchased market production,BE,Belgium,2016,,24.7,,,,,
dataflow,ESTAT:GOV_10A_EXP(1.0),General government expenditure by function (COFOG),A,Annual,PC_GDP,Percentage of gross domestic product (GDP),S13,General government,TOTAL,Total,D62_D632,Social benefits other than social transfers in kind and social transfers in kind - purchased market production,BE,Belgium,2017,,24.6,,,,,
dataflow,ESTAT:GOV_10A_EXP(1.0),General government expenditure by function (COFOG),A,Annual,PC_GDP,Percentage of gross domestic product (GDP),S13,General government,TOTAL,Total,D62_D632,Social benefits other than social transfers in kind and social transfers in kind - purchased market production,BE,Belgium,2018,,24.5,,,,,
dataflow,ESTAT:GOV_10A_EXP(1.0),General government expenditure by function (COFOG),A,Annual,PC_GDP,Percentage of gross domestic product (GDP),S13,General government,TOTAL,Total,D62_D632,Social benefits other than social transfers in kind and social transfers in kind - purchased market production,BE,Belgium,2019,,24.3,,,,,
dataflow,ESTAT:GOV_10A_EXP(1.0),General government expenditure by function (COFOG),A,Annual,PC_GDP,Percentage of gross domestic product (GDP),S13,General government,TOTAL,Total,D62_D632,Social benefits other than social transfers in kind and social transfers in kind - purchased market production,BE,Belgium,2020,,27.5,,,,,
dataflow,ESTAT:GOV_10A_EXP(1.0),General government expenditure by function (COFOG),A,Annual,PC_GDP,Percentage of gross domestic product (GDP),S13,General government,TOTAL,Total,D62_D632,Social benefits other than social transfers in kind and social transfers in kind - purchased market production,BG,Bulgaria,1995,,8.0,,,,,
dataflow,ESTAT:GOV_10A_EXP(1.0),General government expenditure by function (COFOG),A,Annual,PC_GDP,Percentage of gross domestic product (GDP),S13,General government,TOTAL,Total,D62_D632,Social benefits other than social transfers in kind and social transfers in kind - purchased market production,BG,Bulgaria,1996,,8.5,,,,,
dataflow,ESTAT:GOV_10A_EXP(1.0),General government expenditure by function (COFOG),A,Annual,PC_GDP,Percentage of gross domestic product (GDP),S13,General government,TOTAL,Total,D62_D632,Social benefits other than social transfers in kind and social transfers in kind - purchased market production,BG,Bulgaria,1997,,8.1,,,,,
dataflow,ESTAT:GOV_10A_EXP(1.0),General government expenditure by function (COFOG),A,Annual,PC_GDP,Percentage of gross domestic product (GDP),S13,General government,TOTAL,Total,D62_D632,Social benefits other than social transfers in kind and social transfers in kind - purchased market production,BG,Bulgaria,1998,,9.0,,,,,
dataflow,ESTAT:GOV_10A_EXP(1.0),General government expenditure by function (COFOG),A,Annual,PC_GDP,Percentage of gross domestic product (GDP),S13,General government,TOTAL,Total,D62_D632,Social benefits other than social transfers in kind and social transfers in kind - purchased market production,BG,Bulgaria,1999,,12.9,,,,,
dataflow,ESTAT:GOV_10A_EXP(1.0),General government expenditure by function (COFOG),A,Annual,PC_GDP,Percentage of gross domestic product (GDP),S13,General government,TOTAL,Total,D62_D632,Social benefits other than social transfers in kind and social transfers in kind - purchased market production,BG,Bulgaria,2000,,12.5,,,,,
dataflow,ESTAT:GOV_10A_EXP(1.0),General government expenditure by function (COFOG),A,Annual,PC_GDP,Percentage of gross domestic product (GDP),S13,General government,TOTAL,Total,D62_D632,Social benefits other than social transfers in kind and social transfers in kind - purchased market production,BG,Bulgaria,2001,,14.5,,,,,
dataflow,ESTAT:GOV_10A_EXP(1.0),General government expenditure by function (COFOG),A,Annual,PC_GDP,Percentage of gross domestic product (GDP),S13,General government,TOTAL,Total,D62_D632,Social benefits other than social transfers in kind and social transfers in kind - purchased market production,BG,Bulgaria,2002,,13.1,,,,,
dataflow,ESTAT:GOV_10A_EXP(1.0),General government expenditure by function (COFOG),A,Annual,PC_GDP,Percentage of gross domestic product (GDP),S13,General government,TOTAL,Total,D62_D632,Social benefits other than social transfers in kind and social transfers in kind - purchased market production,BG,Bulgaria,2003,,12.6,,,,,
dataflow,ESTAT:GOV_10A_EXP(1.0),General government expenditure by function (COFOG),A,Annual,PC_GDP,Percentage of gross domestic product (GDP),S13,General government,TOTAL,Total,D62_D632,Social benefits other than social transfers in kind and social transfers in kind - purchased market production,BG,Bulgaria,2004,,12.2,,,,,
dataflow,ESTAT:GOV_10A_EXP(1.0),General government expenditure by function (COFOG),A,Annual,PC_GDP,Percentage of gross domestic product (GDP),S13,General government,TOTAL,Total,D62_D632,Social benefits other than social transfers in kind and social transfers in kind - purchased market production,BG,Bulgaria,2005,,11.4,,,,,
dataflow,ESTAT:GOV_10A_EXP(1.0),General government expenditure by function (COFOG),A,Annual,PC_GDP,Percentage of gross domestic product (GDP),S13,General government,TOTAL,Total,D62_D632,Social benefits other than social transfers in kind and social transfers in kind - purchased market production,BG,Bulgaria,2006,,11.0,,,,,
dataflow,ESTAT:GOV_10A_EXP(1.0),General government expenditure by function (COFOG),A,Annual,PC_GDP,Percentage of gross domestic product (GDP),S13,General government,TOTAL,Total,D62_D632,Social benefits other than social transfers in kind and social transfers in kind - purchased market production,BG,Bulgaria,2007,,10.3,,,,,
dataflow,ESTAT:GOV_10A_EXP(1.0),General government expenditure by function (COFOG),A,Annual,PC_GDP,Percentage of gross domestic product (GDP),S13,General government,TOTAL,Total,D62_D632,Social benefits other than social transfers in kind and social transfers in kind - purchased market production,BG,Bulgaria,2008,,11.1,,,,,
dataflow,ESTAT:GOV_10A_EXP(1.0),General government expenditure by function (COFOG),A,Annual,PC_GDP,Percentage of gross domestic product (GDP),S13,General government,TOTAL,Total,D62_D632,Social benefits other than social transfers in kind and social transfers in kind - purchased market production,BG,Bulgaria,2009,,12.9,,,,,
dataflow,ESTAT:GOV_10A_EXP(1.0),General government expenditure by function (COFOG),A,Annual,PC_GDP,Percentage of gross domestic product (GDP),S13,General government,TOTAL,Total,D62_D632,Social benefits other than social transfers in kind and social transfers in kind - purchased market production,BG,Bulgaria,2010,,13.5,,,,,
dataflow,ESTAT:GOV_10A_EXP(1.0),General government expenditure by function (COFOG),A,Annual,PC_GDP,Percentage of gross domestic product (GDP),S13,General government,TOTAL,Total,D62_D632,Social benefits other than social transfers in kind and social transfers in kind - purchased market production,BG,Bulgaria,2011,,12.8,,,,,
dataflow,ESTAT:GOV_10A_EXP(1.0),General government expenditure by function (COFOG),A,Annual,PC_GDP,Percentage of gross domestic product (GDP),S13,General government,TOTAL,Total,D62_D632,Social benefits other than social transfers in kind and social transfers in kind - purchased market production,BG,Bulgaria,2012,,12.8,,,,,
dataflow,ESTAT:GOV_10A_EXP(1.0),General government expenditure by function (COFOG),A,Annual,PC_GDP,Percentage of gross domestic product (GDP),S13,General government,TOTAL,Total,D62_D632,Social benefits other than social transfers in kind and social transfers in kind - purchased market production,BG,Bulgaria,2013,,13.8,,,,,
dataflow,ESTAT:GOV_10A_EXP(1.0),General government expenditure by function (COFOG),A,Annual,PC_GDP,Percentage of gross domestic product (GDP),S13,General government,TOTAL,Total,D62_D632,Social benefits other than social transfers in kind and social transfers in kind - purchased market production,BG,Bulgaria,2014,,14.4,,,,,
dataflow,ESTAT:GOV_10A_EXP(1.0),General government expenditure by function (COFOG),A,Annual,PC_GDP,Percentage of gross domestic product (GDP),S13,General government,TOTAL,Total,D62_D632,Social benefits other than social transfers in kind and social transfers in kind - purchased market production,BG,Bulgaria,2015,,13.8,,,,,
dataflow,ESTAT:GOV_10A_EXP(1.0),General government expenditure by function (COFOG),A,Annual,PC_GDP,Percentage of gross domestic product (GDP),S13,General government,TOTAL,Total,D62_D632,Social benefits other than social transfers in kind and social transfers in kind - purchased market production,BG,Bulgaria,2016,,13.7,,,,,
dataflow,ESTAT:GOV_10A_EXP(1.0),General government expenditure by function (COFOG),A,Annual,PC_GDP,Percentage of gross domestic product (GDP),S13,General government,TOTAL,Total,D62_D632,Social benefits other than social transfers in kind and social transfers in kind - purchased market production,BG,Bulgaria,2017,,13.3,,,,,
dataflow,ESTAT:GOV_10A_EXP(1.0),General government expenditure by function (COFOG),A,Annual,PC_GDP,Percentage of gross domestic product (GDP),S13,General government,TOTAL,Total,D62_D632,Social benefits other than social transfers in kind and social transfers in kind - purchased market production,BG,Bulgaria,2018,,13.0,,,,,
dataflow,ESTAT:GOV_10A_EXP(1.0),General government expenditure by function (COFOG),A,Annual,PC_GDP,Percentage of gross domestic product (GDP),S13,General government,TOTAL,Total,D62_D632,Social benefits other than social transfers in kind and social transfers in kind - purchased market production,BG,Bulgaria,2019,,12.8,,,,,
dataflow,ESTAT:GOV_10A_EXP(1.0),General government expenditure by function (COFOG),A,Annual,PC_GDP,Percentage of gross domestic product (GDP),S13,General government,TOTAL,Total,D62_D632,Social benefits other than social transfers in kind and social transfers in kind - purchased market production,BG,Bulgaria,2020,,14.1,,,,,
dataflow,ESTAT:GOV_10A_EXP(1.0),General government expenditure by function (COFOG),A,Annual,PC_GDP,Percentage of gross domestic product (GDP),S13,General government,TOTAL,Total,D62_D632,Social benefits other than social transfers in kind and social transfers in kind - purchased market production,CH,Switzerland,1995,,10.5,,,,,
dataflow,ESTAT:GOV_10A_EXP(1.0),General government expenditure by function (COFOG),A,Annual,PC_GDP,Percentage of gross domestic product (GDP),S13,General government,TOTAL,Total,D62_D632,Social benefits other than social transfers in kind and social transfers in kind - purchased market production,CH,Switzerland,1996,,11.0,,,,,
dataflow,ESTAT:GOV_10A_EXP(1.0),General government expenditure by function (COFOG),A,Annual,PC_GDP,Percentage of gross domestic product (GDP),S13,General government,TOTAL,Total,D62_D632,Social benefits other than social transfers in kind and social transfers in kind - purchased market production,CH,Switzerland,1997,,11.3,,,,,
dataflow,ESTAT:GOV_10A_EXP(1.0),General government expenditure by function (COFOG),A,Annual,PC_GDP,Percentage of gross domestic product (GDP),S13,General government,TOTAL,Total,D62_D632,Social benefits other than social transfers in kind and social transfers in kind - purchased market production,CH,Switzerland,1998,,11.0,,,,,
dataflow,ESTAT:GOV_10A_EXP(1.0),General government expenditure by function (COFOG),A,Annual,PC_GDP,Percentage of gross domestic product (GDP),S13,General government,TOTAL,Total,D62_D632,Social benefits other than social transfers in kind and social transfers in kind - purchased market production,CH,Switzerland,1999,,10.8,,,,,
dataflow,ESTAT:GOV_10A_EXP(1.0),General government expenditure by function (COFOG),A,Annual,PC_GDP,Percentage of gross domestic product (GDP),S13,General government,TOTAL,Total,D62_D632,Social benefits other than social transfers in kind and social transfers in kind - purchased market production,CH,Switzerland,2000,,10.2,,,,,
dataflow,ESTAT:GOV_10A_EXP(1.0),General government expenditure by function (COFOG),A,Annual,PC_GDP,Percentage of gross domestic product (GDP),S13,General government,TOTAL,Total,D62_D632,Social benefits other than social transfers in kind and social transfers in kind - purchased market production,CH,Switzerland,2001,,10.3,,,,,
dataflow,ESTAT:GOV_10A_EXP(1.0),General government expenditure by function (COFOG),A,Annual,PC_GDP,Percentage of gross domestic product (GDP),S13,General government,TOTAL,Total,D62_D632,Social benefits other than social transfers in kind and social transfers in kind - purchased market production,CH,Switzerland,2002,,10.9,,,,,
dataflow,ESTAT:GOV_10A_EXP(1.0),General government expenditure by function (COFOG),A,Annual,PC_GDP,Percentage of gross domestic product (GDP),S13,General government,TOTAL,Total,D62_D632,Social benefits other than social transfers in kind and social transfers in kind - purchased market production,CH,Switzerland,2003,,11.4,,,,,
dataflow,ESTAT:GOV_10A_EXP(1.0),General government expenditure by function (COFOG),A,Annual,PC_GDP,Percentage of gross domestic product (GDP),S13,General government,TOTAL,Total,D62_D632,Social benefits other than social transfers in kind and social transfers in kind - purchased market production,CH,Switzerland,2004,,11.3,,,,,
dataflow,ESTAT:GOV_10A_EXP(1.0),General government expenditure by function (COFOG),A,Annual,PC_GDP,Percentage of gross domestic product (GDP),S13,General government,TOTAL,Total,D62_D632,Social benefits other than social transfers in kind and social transfers in kind - purchased market production,CH,Switzerland,2005,,11.3,,,,,
dataflow,ESTAT:GOV_10A_EXP(1.0),General government expenditure by function (COFOG),A,Annual,PC_GDP,Percentage of gross domestic product (GDP),S13,General government,TOTAL,Total,D62_D632,Social benefits other than social transfers in kind and social transfers in kind - purchased market production,CH,Switzerland,2006,,10.6,,,,,
dataflow,ESTAT:GOV_10A_EXP(1.0),General government expenditure by function (COFOG),A,Annual,PC_GDP,Percentage of gross domestic product (GDP),S13,General government,TOTAL,Total,D62_D632,Social benefits other than social transfers in kind and social transfers in kind - purchased market production,CH,Switzerland,2007,,10.2,,,,,
dataflow,ESTAT:GOV_10A_EXP(1.0),General government expenditure by function (COFOG),A,Annual,PC_GDP,Percentage of gross domestic product (GDP),S13,General government,TOTAL,Total,D62_D632,Social benefits other than social transfers in kind and social transfers in kind - purchased market production,CH,Switzerland,2008,,9.8,,,,,
dataflow,ESTAT:GOV_10A_EXP(1.0),General government expenditure by function (COFOG),A,Annual,PC_GDP,Percentage of gross domestic product (GDP),S13,General government,TOTAL,Total,D62_D632,Social benefits other than social transfers in kind and social transfers in kind - purchased market production,CH,Switzerland,2009,,10.8,,,,,
dataflow,ESTAT:GOV_10A_EXP(1.0),General government expenditure by function (COFOG),A,Annual,PC_GDP,Percentage of gross domestic product (GDP),S13,General government,TOTAL,Total,D62_D632,Social benefits other than social transfers in kind and social transfers in kind - purchased market production,CH,Switzerland,2010,,10.8,,,,,
dataflow,ESTAT:GOV_10A_EXP(1.0),General government expenditure by function (COFOG),A,Annual,PC_GDP,Percentage of gross domestic product (GDP),S13,General government,TOTAL,Total,D62_D632,Social benefits other than social transfers in kind and social transfers in kind - purchased market production,CH,Switzerland,2011,,10.6,,,,,
dataflow,ESTAT:GOV_10A_EXP(1.0),General government expenditure by function (COFOG),A,Annual,PC_GDP,Percentage of gross domestic product (GDP),S13,General government,TOTAL,Total,D62_D632,Social benefits other than social transfers in kind and social transfers in kind - purchased market production,CH,Switzerland,2012,,10.8,,,,,
dataflow,ESTAT:GOV_10A_EXP(1.0),General government expenditure by function (COFOG),A,Annual,PC_GDP,Percentage of gross domestic product (GDP),S13,General government,TOTAL,Total,D62_D632,Social benefits other than social transfers in kind and social transfers in kind - purchased market production,CH,Switzerland,2013,,10.9,,,,,
dataflow,ESTAT:GOV_10A_EXP(1.0),General government expenditure by function (COFOG),A,Annual,PC_GDP,Percentage of gross domestic product (GDP),S13,General government,TOTAL,Total,D62_D632,Social benefits other than social transfers in kind and social transfers in kind - purchased market production,CH,Switzerland,2014,,11.0,,,,,
dataflow,ESTAT:GOV_10A_EXP(1.0),General government expenditure by function (COFOG),A,Annual,PC_GDP,Percentage of gross domestic product (GDP),S13,General government,TOTAL,Total,D62_D632,Social benefits other than social transfers in kind and social transfers in kind - purchased market production,CH,Switzerland,2015,,11.1,,,,,
dataflow,ESTAT:GOV_10A_EXP(1.0),General government expenditure by function (COFOG),A,Annual,PC_GDP,Percentage of gross domestic product (GDP),S13,General government,TOTAL,Total,D62_D632,Social benefits other than social transfers in kind and social transfers in kind - purchased market production,CH,Switzerland,2016,,11.3,,,,,
dataflow,ESTAT:GOV_10A_EXP(1.0),General government expenditure by function (COFOG),A,Annual,PC_GDP,Percentage of gross domestic product (GDP),S13,General government,TOTAL,Total,D62_D632,Social benefits other than social transfers in kind and social transfers in kind - purchased market production,CH,Switzerland,2017,,11.3,,,,,
dataflow,ESTAT:GOV_10A_EXP(1.0),General government expenditure by function (COFOG),A,Annual,PC_GDP,Percentage of gross domestic product (GDP),S13,General government,TOTAL,Total,D62_D632,Social benefits other than social transfers in kind and social transfers in kind - purchased market production,CH,Switzerland,2018,,11.0,,,,,
dataflow,ESTAT:GOV_10A_EXP(1.0),General government expenditure by function (COFOG),A,Annual,PC_GDP,Percentage of gross domestic product (GDP),S13,General government,TOTAL,Total,D62_D632,Social benefits other than social transfers in kind and social transfers in kind - purchased market production,CH,Switzerland,2019,,11.1,,,,,
dataflow,ESTAT:GOV_10A_EXP(1.0),General government expenditure by function (COFOG),A,Annual,PC_GDP,Percentage of gross domestic product (GDP),S13,General government,TOTAL,Total,D62_D632,Social benefits other than social transfers in kind and social transfers in kind - purchased market production,CH,Switzerland,2020,,13.8,,,,,
dataflow,ESTAT:GOV_10A_EXP(1.0),General government expenditure by function (COFOG),A,Annual,PC_GDP,Percentage of gross domestic product (GDP),S13,General government,TOTAL,Total,D62_D632,Social benefits other than social transfers in kind and social transfers in kind - purchased market production,CY,Cyprus,1995,,8.6,,,,,
dataflow,ESTAT:GOV_10A_EXP(1.0),General government expenditure by function (COFOG),A,Annual,PC_GDP,Percentage of gross domestic product (GDP),S13,General government,TOTAL,Total,D62_D632,Social benefits other than social transfers in kind and social transfers in kind - purchased market production,CY,Cyprus,1996,,9.0,,,,,
dataflow,ESTAT:GOV_10A_EXP(1.0),General government expenditure by function (COFOG),A,Annual,PC_GDP,Percentage of gross domestic product (GDP),S13,General government,TOTAL,Total,D62_D632,Social benefits other than social transfers in kind and social transfers in kind - purchased market production,CY,Cyprus,1997,,9.6,,,,,
dataflow,ESTAT:GOV_10A_EXP(1.0),General government expenditure by function (COFOG),A,Annual,PC_GDP,Percentage of gross domestic product (GDP),S13,General government,TOTAL,Total,D62_D632,Social benefits other than social transfers in kind and social transfers in kind - purchased market production,CY,Cyprus,1998,,9.7,,,,,
dataflow,ESTAT:GOV_10A_EXP(1.0),General government expenditure by function (COFOG),A,Annual,PC_GDP,Percentage of gross domestic product (GDP),S13,General government,TOTAL,Total,D62_D632,Social benefits other than social transfers in kind and social transfers in kind - purchased market production,CY,Cyprus,1999,,9.9,,,,,
dataflow,ESTAT:GOV_10A_EXP(1.0),General government expenditure by function (COFOG),A,Annual,PC_GDP,Percentage of gross domestic product (GDP),S13,General government,TOTAL,Total,D62_D632,Social benefits other than social transfers in kind and social transfers in kind - purchased market production,CY,Cyprus,2000,,10.1,,,,,
dataflow,ESTAT:GOV_10A_EXP(1.0),General government expenditure by function (COFOG),A,Annual,PC_GDP,Percentage of gross domestic product (GDP),S13,General government,TOTAL,Total,D62_D632,Social benefits other than social transfers in kind and social transfers in kind - purchased market production,CY,Cyprus,2001,,10.1,,,,,
dataflow,ESTAT:GOV_10A_EXP(1.0),General government expenditure by function (COFOG),A,Annual,PC_GDP,Percentage of gross domestic product (GDP),S13,General government,TOTAL,Total,D62_D632,Social benefits other than social transfers in kind and social transfers in kind - purchased market production,CY,Cyprus,2002,,11.1,,,,,
dataflow,ESTAT:GOV_10A_EXP(1.0),General government expenditure by function (COFOG),A,Annual,PC_GDP,Percentage of gross domestic product (GDP),S13,General government,TOTAL,Total,D62_D632,Social benefits other than social transfers in kind and social transfers in kind - purchased market production,CY,Cyprus,2003,,12.4,,,,,
dataflow,ESTAT:GOV_10A_EXP(1.0),General government expenditure by function (COFOG),A,Annual,PC_GDP,Percentage of gross domestic product (GDP),S13,General government,TOTAL,Total,D62_D632,Social benefits other than social transfers in kind and social transfers in kind - purchased market production,CY,Cyprus,2004,,12.9,,,,,
dataflow,ESTAT:GOV_10A_EXP(1.0),General government expenditure by function (COFOG),A,Annual,PC_GDP,Percentage of gross domestic product (GDP),S13,General government,TOTAL,Total,D62_D632,Social benefits other than social transfers in kind and social transfers in kind - purchased market production,CY,Cyprus,2005,,13.4,,,,,
dataflow,ESTAT:GOV_10A_EXP(1.0),General government expenditure by function (COFOG),A,Annual,PC_GDP,Percentage of gross domestic product (GDP),S13,General government,TOTAL,Total,D62_D632,Social benefits other than social transfers in kind and social transfers in kind - purchased market production,CY,Cyprus,2006,,13.0,,,,,
dataflow,ESTAT:GOV_10A_EXP(1.0),General government expenditure by function (COFOG),A,Annual,PC_GDP,Percentage of gross domestic product (GDP),S13,General government,TOTAL,Total,D62_D632,Social benefits other than social transfers in kind and social transfers in kind - purchased market production,CY,Cyprus,2007,,12.4,,,,,
dataflow,ESTAT:GOV_10A_EXP(1.0),General government expenditure by function (COFOG),A,Annual,PC_GDP,Percentage of gross domestic product (GDP),S13,General government,TOTAL,Total,D62_D632,Social benefits other than social transfers in kind and social transfers in kind - purchased market production,CY,Cyprus,2008,,12.7,,,,,
dataflow,ESTAT:GOV_10A_EXP(1.0),General government expenditure by function (COFOG),A,Annual,PC_GDP,Percentage of gross domestic product (GDP),S13,General government,TOTAL,Total,D62_D632,Social benefits other than social transfers in kind and social transfers in kind - purchased market production,CY,Cyprus,2009,,14.2,,,,,
dataflow,ESTAT:GOV_10A_EXP(1.0),General government expenditure by function (COFOG),A,Annual,PC_GDP,Percentage of gross domestic product (GDP),S13,General government,TOTAL,Total,D62_D632,Social benefits other than social transfers in kind and social transfers in kind - purchased market production,CY,Cyprus,2010,,14.7,,,,,
dataflow,ESTAT:GOV_10A_EXP(1.0),General government expenditure by function (COFOG),A,Annual,PC_GDP,Percentage of gross domestic product (GDP),S13,General government,TOTAL,Total,D62_D632,Social benefits other than social transfers in kind and social transfers in kind - purchased market production,CY,Cyprus,2011,,15.2,,,,,
dataflow,ESTAT:GOV_10A_EXP(1.0),General government expenditure by function (COFOG),A,Annual,PC_GDP,Percentage of gross domestic product (GDP),S13,General government,TOTAL,Total,D62_D632,Social benefits other than social transfers in kind and social transfers in kind - purchased market production,CY,Cyprus,2012,,15.7,,,,,
dataflow,ESTAT:GOV_10A_EXP(1.0),General government expenditure by function (COFOG),A,Annual,PC_GDP,Percentage of gross domestic product (GDP),S13,General government,TOTAL,Total,D62_D632,Social benefits other than social transfers in kind and social transfers in kind - purchased market production,CY,Cyprus,2013,,16.7,,,,,
dataflow,ESTAT:GOV_10A_EXP(1.0),General government expenditure by function (COFOG),A,Annual,PC_GDP,Percentage of gross domestic product (GDP),S13,General government,TOTAL,Total,D62_D632,Social benefits other than social transfers in kind and social transfers in kind - purchased market production,CY,Cyprus,2014,,16.5,,,,,
dataflow,ESTAT:GOV_10A_EXP(1.0),General government expenditure by function (COFOG),A,Annual,PC_GDP,Percentage of gross domestic product (GDP),S13,General government,TOTAL,Total,D62_D632,Social benefits other than social transfers in kind and social transfers in kind - purchased market production,CY,Cyprus,2015,,16.0,,,,,
dataflow,ESTAT:GOV_10A_EXP(1.0),General government expenditure by function (COFOG),A,Annual,PC_GDP,Percentage of gross domestic product (GDP),S13,General government,TOTAL,Total,D62_D632,Social benefits other than social transfers in kind and social transfers in kind - purchased market production,CY,Cyprus,2016,,15.4,,,,,
dataflow,ESTAT:GOV_10A_EXP(1.0),General government expenditure by function (COFOG),A,Annual,PC_GDP,Percentage of gross domestic product (GDP),S13,General government,TOTAL,Total,D62_D632,Social benefits other than social transfers in kind and social transfers in kind - purchased market production,CY,Cyprus,2017,,14.7,,,,,
dataflow,ESTAT:GOV_10A_EXP(1.0),General government expenditure by function (COFOG),A,Annual,PC_GDP,Percentage of gross domestic product (GDP),S13,General government,TOTAL,Total,D62_D632,Social benefits other than social transfers in kind and social transfers in kind - purchased market production,CY,Cyprus,2018,,14.2,,,,,
dataflow,ESTAT:GOV_10A_EXP(1.0),General government expenditure by function (COFOG),A,Annual,PC_GDP,Percentage of gross domestic product (GDP),S13,General government,TOTAL,Total,D62_D632,Social benefits other than social transfers in kind and social transfers in kind - purchased market production,CY,Cyprus,2019,,14.6,,,,,
dataflow,ESTAT:GOV_10A_EXP(1.0),General government expenditure by function (COFOG),A,Annual,PC_GDP,Percentage of gross domestic product (GDP),S13,General government,TOTAL,Total,D62_D632,Social benefits other than social transfers in kind and social transfers in kind - purchased market production,CY,Cyprus,2020,,18.0,,,,,
dataflow,ESTAT:GOV_10A_EXP(1.0),General government expenditure by function (COFOG),A,Annual,PC_GDP,Percentage of gross domestic product (GDP),S13,General government,TOTAL,Total,D62_D632,Social benefits other than social transfers in kind and social transfers in kind - purchased market production,CZ,Czechia,1995,,13.4,,,,,
dataflow,ESTAT:GOV_10A_EXP(1.0),General government expenditure by function (COFOG),A,Annual,PC_GDP,Percentage of gross domestic product (GDP),S13,General government,TOTAL,Total,D62_D632,Social benefits other than social transfers in kind and social transfers in kind - purchased market production,CZ,Czechia,1996,,13.8,,,,,
dataflow,ESTAT:GOV_10A_EXP(1.0),General government expenditure by function (COFOG),A,Annual,PC_GDP,Percentage of gross domestic product (GDP),S13,General government,TOTAL,Total,D62_D632,Social benefits other than social transfers in kind and social transfers in kind - purchased market production,CZ,Czechia,1997,,14.0,,,,,
dataflow,ESTAT:GOV_10A_EXP(1.0),General government expenditure by function (COFOG),A,Annual,PC_GDP,Percentage of gross domestic product (GDP),S13,General government,TOTAL,Total,D62_D632,Social benefits other than social transfers in kind and social transfers in kind - purchased market production,CZ,Czechia,1998,,14.2,,,,,
dataflow,ESTAT:GOV_10A_EXP(1.0),General government expenditure by function (COFOG),A,Annual,PC_GDP,Percentage of gross domestic product (GDP),S13,General government,TOTAL,Total,D62_D632,Social benefits other than social transfers in kind and social transfers in kind - purchased market production,CZ,Czechia,1999,,14.7,,,,,
dataflow,ESTAT:GOV_10A_EXP(1.0),General government expenditure by function (COFOG),A,Annual,PC_GDP,Percentage of gross domestic product (GDP),S13,General government,TOTAL,Total,D62_D632,Social benefits other than social transfers in kind and social transfers in kind - purchased market production,CZ,Czechia,2000,,14.8,,,,,
dataflow,ESTAT:GOV_10A_EXP(1.0),General government expenditure by function (COFOG),A,Annual,PC_GDP,Percentage of gross domestic product (GDP),S13,General government,TOTAL,Total,D62_D632,Social benefits other than social transfers in kind and social transfers in kind - purchased market production,CZ,Czechia,2001,,14.8,,,,,
dataflow,ESTAT:GOV_10A_EXP(1.0),General government expenditure by function (COFOG),A,Annual,PC_GDP,Percentage of gross domestic product (GDP),S13,General government,TOTAL,Total,D62_D632,Social benefits other than social transfers in kind and social transfers in kind - purchased market production,CZ,Czechia,2002,,15.3,,,,,
dataflow,ESTAT:GOV_10A_EXP(1.0),General government expenditure by function (COFOG),A,Annual,PC_GDP,Percentage of gross domestic product (GDP),S13,General government,TOTAL,Total,D62_D632,Social benefits other than social transfers in kind and social transfers in kind - purchased market production,CZ,Czechia,2003,,15.3,,,,,
dataflow,ESTAT:GOV_10A_EXP(1.0),General government expenditure by function (COFOG),A,Annual,PC_GDP,Percentage of gross domestic product (GDP),S13,General government,TOTAL,Total,D62_D632,Social benefits other than social transfers in kind and social transfers in kind - purchased market production,CZ,Czechia,2004,,14.7,,,,,
dataflow,ESTAT:GOV_10A_EXP(1.0),General government expenditure by function (COFOG),A,Annual,PC_GDP,Percentage of gross domestic product (GDP),S13,General government,TOTAL,Total,D62_D632,Social benefits other than social transfers in kind and social transfers in kind - purchased market production,CZ,Czechia,2005,,14.6,,,,,
dataflow,ESTAT:GOV_10A_EXP(1.0),General government expenditure by function (COFOG),A,Annual,PC_GDP,Percentage of gross domestic product (GDP),S13,General government,TOTAL,Total,D62_D632,Social benefits other than social transfers in kind and social transfers in kind - purchased market production,CZ,Czechia,2006,,14.5,,,,,
dataflow,ESTAT:GOV_10A_EXP(1.0),General government expenditure by function (COFOG),A,Annual,PC_GDP,Percentage of gross domestic product (GDP),S13,General government,TOTAL,Total,D62_D632,Social benefits other than social transfers in kind and social transfers in kind - purchased market production,CZ,Czechia,2007,,14.8,,,,,
dataflow,ESTAT:GOV_10A_EXP(1.0),General government expenditure by function (COFOG),A,Annual,PC_GDP,Percentage of gross domestic product (GDP),S13,General government,TOTAL,Total,D62_D632,Social benefits other than social transfers in kind and social transfers in kind - purchased market production,CZ,Czechia,2008,,14.9,,,,,
dataflow,ESTAT:GOV_10A_EXP(1.0),General government expenditure by function (COFOG),A,Annual,PC_GDP,Percentage of gross domestic product (GDP),S13,General government,TOTAL,Total,D62_D632,Social benefits other than social transfers in kind and social transfers in kind - purchased market production,CZ,Czechia,2009,,16.4,,,,,
dataflow,ESTAT:GOV_10A_EXP(1.0),General government expenditure by function (COFOG),A,Annual,PC_GDP,Percentage of gross domestic product (GDP),S13,General government,TOTAL,Total,D62_D632,Social benefits other than social transfers in kind and social transfers in kind - purchased market production,CZ,Czechia,2010,,16.3,,,,,
dataflow,ESTAT:GOV_10A_EXP(1.0),General government expenditure by function (COFOG),A,Annual,PC_GDP,Percentage of gross domestic product (GDP),S13,General government,TOTAL,Total,D62_D632,Social benefits other than social transfers in kind and social transfers in kind - purchased market production,CZ,Czechia,2011,,16.4,,,,,
dataflow,ESTAT:GOV_10A_EXP(1.0),General government expenditure by function (COFOG),A,Annual,PC_GDP,Percentage of gross domestic product (GDP),S13,General government,TOTAL,Total,D62_D632,Social benefits other than social transfers in kind and social transfers in kind - purchased market production,CZ,Czechia,2012,,16.6,,,,,
dataflow,ESTAT:GOV_10A_EXP(1.0),General government expenditure by function (COFOG),A,Annual,PC_GDP,Percentage of gross domestic product (GDP),S13,General government,TOTAL,Total,D62_D632,Social benefits other than social transfers in kind and social transfers in kind - purchased market production,CZ,Czechia,2013,,16.7,,,,,
dataflow,ESTAT:GOV_10A_EXP(1.0),General government expenditure by function (COFOG),A,Annual,PC_GDP,Percentage of gross domestic product (GDP),S13,General government,TOTAL,Total,D62_D632,Social benefits other than social transfers in kind and social transfers in kind - purchased market production,CZ,Czechia,2014,,16.3,,,,,
dataflow,ESTAT:GOV_10A_EXP(1.0),General government expenditure by function (COFOG),A,Annual,PC_GDP,Percentage of gross domestic product (GDP),S13,General government,TOTAL,Total,D62_D632,Social benefits other than social transfers in kind and social transfers in kind - purchased market production,CZ,Czechia,2015,,15.7,,,,,
dataflow,ESTAT:GOV_10A_EXP(1.0),General government expenditure by function (COFOG),A,Annual,PC_GDP,Percentage of gross domestic product (GDP),S13,General government,TOTAL,Total,D62_D632,Social benefits other than social transfers in kind and social transfers in kind - purchased market production,CZ,Czechia,2016,,15.6,,,,,
dataflow,ESTAT:GOV_10A_EXP(1.0),General government expenditure by function (COFOG),A,Annual,PC_GDP,Percentage of gross domestic product (GDP),S13,General government,TOTAL,Total,D62_D632,Social benefits other than social transfers in kind and social transfers in kind - purchased market production,CZ,Czechia,2017,,15.0,,,,,
dataflow,ESTAT:GOV_10A_EXP(1.0),General government expenditure by function (COFOG),A,Annual,PC_GDP,Percentage of gross domestic product (GDP),S13,General government,TOTAL,Total,D62_D632,Social benefits other than social transfers in kind and social transfers in kind - purchased market production,CZ,Czechia,2018,,14.9,,,,,
dataflow,ESTAT:GOV_10A_EXP(1.0),General government expenditure by function (COFOG),A,Annual,PC_GDP,Percentage of gross domestic product (GDP),S13,General government,TOTAL,Total,D62_D632,Social benefits other than social transfers in kind and social transfers in kind - purchased market production,CZ,Czechia,2019,,15.0,,,,,
dataflow,ESTAT:GOV_10A_EXP(1.0),General government expenditure by function (COFOG),A,Annual,PC_GDP,Percentage of gross domestic product (GDP),S13,General government,TOTAL,Total,D62_D632,Social benefits other than social transfers in kind and social transfers in kind - purchased market production,CZ,Czechia,2020,,17.6,,,,,
dataflow,ESTAT:GOV_10A_EXP(1.0),General government expenditure by function (COFOG),A,Annual,PC_GDP,Percentage of gross domestic product (GDP),S13,General government,TOTAL,Total,D62_D632,Social benefits other than social transfers in kind and social transfers in kind - purchased market production,DE,Germany,1995,,24.4,,,,,
dataflow,ESTAT:GOV_10A_EXP(1.0),General government expenditure by function (COFOG),A,Annual,PC_GDP,Percentage of gross domestic product (GDP),S13,General government,TOTAL,Total,D62_D632,Social benefits other than social transfers in kind and social transfers in kind - purchased market production,DE,Germany,1996,,25.4,,,,,
dataflow,ESTAT:GOV_10A_EXP(1.0),General government expenditure by function (COFOG),A,Annual,PC_GDP,Percentage of gross domestic product (GDP),S13,General government,TOTAL,Total,D62_D632,Social benefits other than social transfers in kind and social transfers in kind - purchased market production,DE,Germany,1997,,25.2,,,,,
dataflow,ESTAT:GOV_10A_EXP(1.0),General government expenditure by function (COFOG),A,Annual,PC_GDP,Percentage of gross domestic product (GDP),S13,General government,TOTAL,Total,D62_D632,Social benefits other than social transfers in kind and social transfers in kind - purchased market production,DE,Germany,1998,,24.9,,,,,
dataflow,ESTAT:GOV_10A_EXP(1.0),General government expenditure by function (COFOG),A,Annual,PC_GDP,Percentage of gross domestic product (GDP),S13,General government,TOTAL,Total,D62_D632,Social benefits other than social transfers in kind and social transfers in kind - purchased market production,DE,Germany,1999,,25.0,,,,,
dataflow,ESTAT:GOV_10A_EXP(1.0),General government expenditure by function (COFOG),A,Annual,PC_GDP,Percentage of gross domestic product (GDP),S13,General government,TOTAL,Total,D62_D632,Social benefits other than social transfers in kind and social transfers in kind - purchased market production,DE,Germany,2000,,24.5,,,,,
dataflow,ESTAT:GOV_10A_EXP(1.0),General government expenditure by function (COFOG),A,Annual,PC_GDP,Percentage of gross domestic product (GDP),S13,General government,TOTAL,Total,D62_D632,Social benefits other than social transfers in kind and social transfers in kind - purchased market production,DE,Germany,2001,,24.7,,,,,
dataflow,ESTAT:GOV_10A_EXP(1.0),General government expenditure by function (COFOG),A,Annual,PC_GDP,Percentage of gross domestic product (GDP),S13,General government,TOTAL,Total,D62_D632,Social benefits other than social transfers in kind and social transfers in kind - purchased market production,DE,Germany,2002,,25.2,,,,,
dataflow,ESTAT:GOV_10A_EXP(1.0),General government expenditure by function (COFOG),A,Annual,PC_GDP,Percentage of gross domestic product (GDP),S13,General government,TOTAL,Total,D62_D632,Social benefits other than social transfers in kind and social transfers in kind - purchased market production,DE,Germany,2003,,25.7,,,,,
dataflow,ESTAT:GOV_10A_EXP(1.0),General government expenditure by function (COFOG),A,Annual,PC_GDP,Percentage of gross domestic product (GDP),S13,General government,TOTAL,Total,D62_D632,Social benefits other than social transfers in kind and social transfers in kind - purchased market production,DE,Germany,2004,,25.1,,,,,
dataflow,ESTAT:GOV_10A_EXP(1.0),General government expenditure by function (COFOG),A,Annual,PC_GDP,Percentage of gross domestic product (GDP),S13,General government,TOTAL,Total,D62_D632,Social benefits other than social transfers in kind and social transfers in kind - purchased market production,DE,Germany,2005,,25.0,,,,,
dataflow,ESTAT:GOV_10A_EXP(1.0),General government expenditure by function (COFOG),A,Annual,PC_GDP,Percentage of gross domestic product (GDP),S13,General government,TOTAL,Total,D62_D632,Social benefits other than social transfers in kind and social transfers in kind - purchased market production,DE,Germany,2006,,24.0,,,,,
dataflow,ESTAT:GOV_10A_EXP(1.0),General government expenditure by function (COFOG),A,Annual,PC_GDP,Percentage of gross domestic product (GDP),S13,General government,TOTAL,Total,D62_D632,Social benefits other than social transfers in kind and social transfers in kind - purchased market production,DE,Germany,2007,,22.8,,,,,
dataflow,ESTAT:GOV_10A_EXP(1.0),General government expenditure by function (COFOG),A,Annual,PC_GDP,Percentage of gross domestic product (GDP),S13,General government,TOTAL,Total,D62_D632,Social benefits other than social transfers in kind and social transfers in kind - purchased market production,DE,Germany,2008,,22.8,,,,,
dataflow,ESTAT:GOV_10A_EXP(1.0),General government expenditure by function (COFOG),A,Annual,PC_GDP,Percentage of gross domestic product (GDP),S13,General government,TOTAL,Total,D62_D632,Social benefits other than social transfers in kind and social transfers in kind - purchased market production,DE,Germany,2009,,25.0,,,,,
dataflow,ESTAT:GOV_10A_EXP(1.0),General government expenditure by function (COFOG),A,Annual,PC_GDP,Percentage of gross domestic product (GDP),S13,General government,TOTAL,Total,D62_D632,Social benefits other than social transfers in kind and social transfers in kind - purchased market production,DE,Germany,2010,,24.2,,,,,
dataflow,ESTAT:GOV_10A_EXP(1.0),General government expenditure by function (COFOG),A,Annual,PC_GDP,Percentage of gross domestic product (GDP),S13,General government,TOTAL,Total,D62_D632,Social benefits other than social transfers in kind and social transfers in kind - purchased market production,DE,Germany,2011,,23.0,,,,,
dataflow,ESTAT:GOV_10A_EXP(1.0),General government expenditure by function (COFOG),A,Annual,PC_GDP,Percentage of gross domestic product (GDP),S13,General government,TOTAL,Total,D62_D632,Social benefits other than social transfers in kind and social transfers in kind - purchased market production,DE,Germany,2012,,23.0,,,,,
dataflow,ESTAT:GOV_10A_EXP(1.0),General government expenditure by function (COFOG),A,Annual,PC_GDP,Percentage of gross domestic product (GDP),S13,General government,TOTAL,Total,D62_D632,Social benefits other than social transfers in kind and social transfers in kind - purchased market production,DE,Germany,2013,,23.2,,,,,
dataflow,ESTAT:GOV_10A_EXP(1.0),General government expenditure by function (COFOG),A,Annual,PC_GDP,Percentage of gross domestic product (GDP),S13,General government,TOTAL,Total,D62_D632,Social benefits other than social transfers in kind and social transfers in kind - purchased market production,DE,Germany,2014,,23.1,,,,,
dataflow,ESTAT:GOV_10A_EXP(1.0),General government expenditure by function (COFOG),A,Annual,PC_GDP,Percentage of gross domestic product (GDP),S13,General government,TOTAL,Total,D62_D632,Social benefits other than social transfers in kind and social transfers in kind - purchased market production,DE,Germany,2015,,23.4,,,,,
dataflow,ESTAT:GOV_10A_EXP(1.0),General government expenditure by function (COFOG),A,Annual,PC_GDP,Percentage of gross domestic product (GDP),S13,General government,TOTAL,Total,D62_D632,Social benefits other than social transfers in kind and social transfers in kind - purchased market production,DE,Germany,2016,,23.6,,,,,
dataflow,ESTAT:GOV_10A_EXP(1.0),General government expenditure by function (COFOG),A,Annual,PC_GDP,Percentage of gross domestic product (GDP),S13,General government,TOTAL,Total,D62_D632,Social benefits other than social transfers in kind and social transfers in kind - purchased market production,DE,Germany,2017,,23.5,,,,,
dataflow,ESTAT:GOV_10A_EXP(1.0),General government expenditure by function (COFOG),A,Annual,PC_GDP,Percentage of gross domestic product (GDP),S13,General government,TOTAL,Total,D62_D632,Social benefits other than social transfers in kind and social transfers in kind - purchased market production,DE,Germany,2018,,23.4,,,,,
dataflow,ESTAT:GOV_10A_EXP(1.0),General government expenditure by function (COFOG),A,Annual,PC_GDP,Percentage of gross domestic product (GDP),S13,General government,TOTAL,Total,D62_D632,Social benefits other than social transfers in kind and social transfers in kind - purchased market production,DE,Germany,2019,,23.9,,,,,
dataflow,ESTAT:GOV_10A_EXP(1.0),General government expenditure by function (COFOG),A,Annual,PC_GDP,Percentage of gross domestic product (GDP),S13,General government,TOTAL,Total,D62_D632,Social benefits other than social transfers in kind and social transfers in kind - purchased market production,DE,Germany,2020,,26.1,,,,,
dataflow,ESTAT:GOV_10A_EXP(1.0),General government expenditure by function (COFOG),A,Annual,PC_GDP,Percentage of gross domestic product (GDP),S13,General government,TOTAL,Total,D62_D632,Social benefits other than social transfers in kind and social transfers in kind - purchased market production,DK,Denmark,1995,,20.8,,,,,
dataflow,ESTAT:GOV_10A_EXP(1.0),General government expenditure by function (COFOG),A,Annual,PC_GDP,Percentage of gross domestic product (GDP),S13,General government,TOTAL,Total,D62_D632,Social benefits other than social transfers in kind and social transfers in kind - purchased market production,DK,Denmark,1996,,20.2,,,,,
dataflow,ESTAT:GOV_10A_EXP(1.0),General government expenditure by function (COFOG),A,Annual,PC_GDP,Percentage of gross domestic product (GDP),S13,General government,TOTAL,Total,D62_D632,Social benefits other than social transfers in kind and social transfers in kind - purchased market production,DK,Denmark,1997,,19.3,,,,,
dataflow,ESTAT:GOV_10A_EXP(1.0),General government expenditure by function (COFOG),A,Annual,PC_GDP,Percentage of gross domestic product (GDP),S13,General government,TOTAL,Total,D62_D632,Social benefits other than social transfers in kind and social transfers in kind - purchased market production,DK,Denmark,1998,,18.7,,,,,
dataflow,ESTAT:GOV_10A_EXP(1.0),General government expenditure by function (COFOG),A,Annual,PC_GDP,Percentage of gross domestic product (GDP),S13,General government,TOTAL,Total,D62_D632,Social benefits other than social transfers in kind and social transfers in kind - purchased market production,DK,Denmark,1999,,18.1,,,,,
dataflow,ESTAT:GOV_10A_EXP(1.0),General government expenditure by function (COFOG),A,Annual,PC_GDP,Percentage of gross domestic product (GDP),S13,General government,TOTAL,Total,D62_D632,Social benefits other than social transfers in kind and social transfers in kind - purchased market production,DK,Denmark,2000,,17.5,,,,,
dataflow,ESTAT:GOV_10A_EXP(1.0),General government expenditure by function (COFOG),A,Annual,PC_GDP,Percentage of gross domestic product (GDP),S13,General government,TOTAL,Total,D62_D632,Social benefits other than social transfers in kind and social transfers in kind - purchased market production,DK,Denmark,2001,,17.6,,,,,
dataflow,ESTAT:GOV_10A_EXP(1.0),General government expenditure by function (COFOG),A,Annual,PC_GDP,Percentage of gross domestic product (GDP),S13,General government,TOTAL,Total,D62_D632,Social benefits other than social transfers in kind and social transfers in kind - purchased market production,DK,Denmark,2002,,17.8,,,,,
dataflow,ESTAT:GOV_10A_EXP(1.0),General government expenditure by function (COFOG),A,Annual,PC_GDP,Percentage of gross domestic product (GDP),S13,General government,TOTAL,Total,D62_D632,Social benefits other than social transfers in kind and social transfers in kind - purchased market production,DK,Denmark,2003,,18.6,,,,,
dataflow,ESTAT:GOV_10A_EXP(1.0),General government expenditure by function (COFOG),A,Annual,PC_GDP,Percentage of gross domestic product (GDP),S13,General government,TOTAL,Total,D62_D632,Social benefits other than social transfers in kind and social transfers in kind - purchased market production,DK,Denmark,2004,,18.2,,,,,
dataflow,ESTAT:GOV_10A_EXP(1.0),General government expenditure by function (COFOG),A,Annual,PC_GDP,Percentage of gross domestic product (GDP),S13,General government,TOTAL,Total,D62_D632,Social benefits other than social transfers in kind and social transfers in kind - purchased market production,DK,Denmark,2005,,17.6,,,,,
dataflow,ESTAT:GOV_10A_EXP(1.0),General government expenditure by function (COFOG),A,Annual,PC_GDP,Percentage of gross domestic product (GDP),S13,General government,TOTAL,Total,D62_D632,Social benefits other than social transfers in kind and social transfers in kind - purchased market production,DK,Denmark,2006,,16.7,,,,,
dataflow,ESTAT:GOV_10A_EXP(1.0),General government expenditure by function (COFOG),A,Annual,PC_GDP,Percentage of gross domestic product (GDP),S13,General government,TOTAL,Total,D62_D632,Social benefits other than social transfers in kind and social transfers in kind - purchased market production,DK,Denmark,2007,,16.4,,,,,
dataflow,ESTAT:GOV_10A_EXP(1.0),General government expenditure by function (COFOG),A,Annual,PC_GDP,Percentage of gross domestic product (GDP),S13,General government,TOTAL,Total,D62_D632,Social benefits other than social transfers in kind and social transfers in kind - purchased market production,DK,Denmark,2008,,16.2,,,,,
dataflow,ESTAT:GOV_10A_EXP(1.0),General government expenditure by function (COFOG),A,Annual,PC_GDP,Percentage of gross domestic product (GDP),S13,General government,TOTAL,Total,D62_D632,Social benefits other than social transfers in kind and social transfers in kind - purchased market production,DK,Denmark,2009,,18.2,,,,,
dataflow,ESTAT:GOV_10A_EXP(1.0),General government expenditure by function (COFOG),A,Annual,PC_GDP,Percentage of gross domestic product (GDP),S13,General government,TOTAL,Total,D62_D632,Social benefits other than social transfers in kind and social transfers in kind - purchased market production,DK,Denmark,2010,,18.8,,,,,
dataflow,ESTAT:GOV_10A_EXP(1.0),General government expenditure by function (COFOG),A,Annual,PC_GDP,Percentage of gross domestic product (GDP),S13,General government,TOTAL,Total,D62_D632,Social benefits other than social transfers in kind and social transfers in kind - purchased market production,DK,Denmark,2011,,18.9,,,,,
dataflow,ESTAT:GOV_10A_EXP(1.0),General government expenditure by function (COFOG),A,Annual,PC_GDP,Percentage of gross domestic product (GDP),S13,General government,TOTAL,Total,D62_D632,Social benefits other than social transfers in kind and social transfers in kind - purchased market production,DK,Denmark,2012,,18.9,,,,,
dataflow,ESTAT:GOV_10A_EXP(1.0),General government expenditure by function (COFOG),A,Annual,PC_GDP,Percentage of gross domestic product (GDP),S13,General government,TOTAL,Total,D62_D632,Social benefits other than social transfers in kind and social transfers in kind - purchased market production,DK,Denmark,2013,,18.9,,,,,
dataflow,ESTAT:GOV_10A_EXP(1.0),General government expenditure by function (COFOG),A,Annual,PC_GDP,Percentage of gross domestic product (GDP),S13,General government,TOTAL,Total,D62_D632,Social benefits other than social transfers in kind and social transfers in kind - purchased market production,DK,Denmark,2014,,18.8,,,,,
dataflow,ESTAT:GOV_10A_EXP(1.0),General government expenditure by function (COFOG),A,Annual,PC_GDP,Percentage of gross domestic product (GDP),S13,General government,TOTAL,Total,D62_D632,Social benefits other than social transfers in kind and social transfers in kind - purchased market production,DK,Denmark,2015,,18.6,,,,,
dataflow,ESTAT:GOV_10A_EXP(1.0),General government expenditure by function (COFOG),A,Annual,PC_GDP,Percentage of gross domestic product (GDP),S13,General government,TOTAL,Total,D62_D632,Social benefits other than social transfers in kind and social transfers in kind - purchased market production,DK,Denmark,2016,,18.1,,,,,
dataflow,ESTAT:GOV_10A_EXP(1.0),General government expenditure by function (COFOG),A,Annual,PC_GDP,Percentage of gross domestic product (GDP),S13,General government,TOTAL,Total,D62_D632,Social benefits other than social transfers in kind and social transfers in kind - purchased market production,DK,Denmark,2017,,17.6,,,,,
dataflow,ESTAT:GOV_10A_EXP(1.0),General government expenditure by function (COFOG),A,Annual,PC_GDP,Percentage of gross domestic product (GDP),S13,General government,TOTAL,Total,D62_D632,Social benefits other than social transfers in kind and social transfers in kind - purchased market production,DK,Denmark,2018,,17.3,,,,,
dataflow,ESTAT:GOV_10A_EXP(1.0),General government expenditure by function (COFOG),A,Annual,PC_GDP,Percentage of gross domestic product (GDP),S13,General government,TOTAL,Total,D62_D632,Social benefits other than social transfers in kind and social transfers in kind - purchased market production,DK,Denmark,2019,,17.3,,,,,
dataflow,ESTAT:GOV_10A_EXP(1.0),General government expenditure by function (COFOG),A,Annual,PC_GDP,Percentage of gross domestic product (GDP),S13,General government,TOTAL,Total,D62_D632,Social benefits other than social transfers in kind and social transfers in kind - purchased market production,DK,Denmark,2020,,18.0,,,,,
dataflow,ESTAT:GOV_10A_EXP(1.0),General government expenditure by function (COFOG),A,Annual,PC_GDP,Percentage of gross domestic product (GDP),S13,General government,TOTAL,Total,D62_D632,Social benefits other than social transfers in kind and social transfers in kind - purchased market production,EA19,Euro area - 19 countries  (2015-2022),1995,,21.1,,,,,
dataflow,ESTAT:GOV_10A_EXP(1.0),General government expenditure by function (COFOG),A,Annual,PC_GDP,Percentage of gross domestic product (GDP),S13,General government,TOTAL,Total,D62_D632,Social benefits other than social transfers in kind and social transfers in kind - purchased market production,EA19,Euro area - 19 countries  (2015-2022),1996,,21.3,,,,,
dataflow,ESTAT:GOV_10A_EXP(1.0),General government expenditure by function (COFOG),A,Annual,PC_GDP,Percentage of gross domestic product (GDP),S13,General government,TOTAL,Total,D62_D632,Social benefits other than social transfers in kind and social transfers in kind - purchased market production,EA19,Euro area - 19 countries  (2015-2022),1997,,21.1,,,,,
dataflow,ESTAT:GOV_10A_EXP(1.0),General government expenditure by function (COFOG),A,Annual,PC_GDP,Percentage of gross domestic product (GDP),S13,General government,TOTAL,Total,D62_D632,Social benefits other than social transfers in kind and social transfers in kind - purchased market production,EA19,Euro area - 19 countries  (2015-2022),1998,,20.7,,,,,
dataflow,ESTAT:GOV_10A_EXP(1.0),General government expenditure by function (COFOG),A,Annual,PC_GDP,Percentage of gross domestic product (GDP),S13,General government,TOTAL,Total,D62_D632,Social benefits other than social transfers in kind and social transfers in kind - purchased market production,EA19,Euro area - 19 countries  (2015-2022),1999,,20.7,,,,,
dataflow,ESTAT:GOV_10A_EXP(1.0),General government expenditure by function (COFOG),A,Annual,PC_GDP,Percentage of gross domestic product (GDP),S13,General government,TOTAL,Total,D62_D632,Social benefits other than social transfers in kind and social transfers in kind - purchased market production,EA19,Euro area - 19 countries  (2015-2022),2000,,20.2,,,,,
dataflow,ESTAT:GOV_10A_EXP(1.0),General government expenditure by function (COFOG),A,Annual,PC_GDP,Percentage of gross domestic product (GDP),S13,General government,TOTAL,Total,D62_D632,Social benefits other than social transfers in kind and social transfers in kind - purchased market production,EA19,Euro area - 19 countries  (2015-2022),2001,,20.2,,,,,
dataflow,ESTAT:GOV_10A_EXP(1.0),General government expenditure by function (COFOG),A,Annual,PC_GDP,Percentage of gross domestic product (GDP),S13,General government,TOTAL,Total,D62_D632,Social benefits other than social transfers in kind and social transfers in kind - purchased market production,EA19,Euro area - 19 countries  (2015-2022),2002,,20.6,,,,,
dataflow,ESTAT:GOV_10A_EXP(1.0),General government expenditure by function (COFOG),A,Annual,PC_GDP,Percentage of gross domestic product (GDP),S13,General government,TOTAL,Total,D62_D632,Social benefits other than social transfers in kind and social transfers in kind - purchased market production,EA19,Euro area - 19 countries  (2015-2022),2003,,20.9,,,,,
dataflow,ESTAT:GOV_10A_EXP(1.0),General government expenditure by function (COFOG),A,Annual,PC_GDP,Percentage of gross domestic product (GDP),S13,General government,TOTAL,Total,D62_D632,Social benefits other than social transfers in kind and social transfers in kind - purchased market production,EA19,Euro area - 19 countries  (2015-2022),2004,,20.7,,,,,
dataflow,ESTAT:GOV_10A_EXP(1.0),General government expenditure by function (COFOG),A,Annual,PC_GDP,Percentage of gross domestic product (GDP),S13,General government,TOTAL,Total,D62_D632,Social benefits other than social transfers in kind and social transfers in kind - purchased market production,EA19,Euro area - 19 countries  (2015-2022),2005,,20.7,,,,,
dataflow,ESTAT:GOV_10A_EXP(1.0),General government expenditure by function (COFOG),A,Annual,PC_GDP,Percentage of gross domestic product (GDP),S13,General government,TOTAL,Total,D62_D632,Social benefits other than social transfers in kind and social transfers in kind - purchased market production,EA19,Euro area - 19 countries  (2015-2022),2006,,20.4,,,,,
dataflow,ESTAT:GOV_10A_EXP(1.0),General government expenditure by function (COFOG),A,Annual,PC_GDP,Percentage of gross domestic product (GDP),S13,General government,TOTAL,Total,D62_D632,Social benefits other than social transfers in kind and social transfers in kind - purchased market production,EA19,Euro area - 19 countries  (2015-2022),2007,,20.0,,,,,
dataflow,ESTAT:GOV_10A_EXP(1.0),General government expenditure by function (COFOG),A,Annual,PC_GDP,Percentage of gross domestic product (GDP),S13,General government,TOTAL,Total,D62_D632,Social benefits other than social transfers in kind and social transfers in kind - purchased market production,EA19,Euro area - 19 countries  (2015-2022),2008,,20.4,,,,,
dataflow,ESTAT:GOV_10A_EXP(1.0),General government expenditure by function (COFOG),A,Annual,PC_GDP,Percentage of gross domestic product (GDP),S13,General government,TOTAL,Total,D62_D632,Social benefits other than social transfers in kind and social transfers in kind - purchased market production,EA19,Euro area - 19 countries  (2015-2022),2009,,22.5,,,,,
dataflow,ESTAT:GOV_10A_EXP(1.0),General government expenditure by function (COFOG),A,Annual,PC_GDP,Percentage of gross domestic product (GDP),S13,General government,TOTAL,Total,D62_D632,Social benefits other than social transfers in kind and social transfers in kind - purchased market production,EA19,Euro area - 19 countries  (2015-2022),2010,,22.5,,,,,
dataflow,ESTAT:GOV_10A_EXP(1.0),General government expenditure by function (COFOG),A,Annual,PC_GDP,Percentage of gross domestic product (GDP),S13,General government,TOTAL,Total,D62_D632,Social benefits other than social transfers in kind and social transfers in kind - purchased market production,EA19,Euro area - 19 countries  (2015-2022),2011,,22.1,,,,,
dataflow,ESTAT:GOV_10A_EXP(1.0),General government expenditure by function (COFOG),A,Annual,PC_GDP,Percentage of gross domestic product (GDP),S13,General government,TOTAL,Total,D62_D632,Social benefits other than social transfers in kind and social transfers in kind - purchased market production,EA19,Euro area - 19 countries  (2015-2022),2012,,22.6,,,,,
dataflow,ESTAT:GOV_10A_EXP(1.0),General government expenditure by function (COFOG),A,Annual,PC_GDP,Percentage of gross domestic product (GDP),S13,General government,TOTAL,Total,D62_D632,Social benefits other than social transfers in kind and social transfers in kind - purchased market production,EA19,Euro area - 19 countries  (2015-2022),2013,,22.9,,,,,
dataflow,ESTAT:GOV_10A_EXP(1.0),General government expenditure by function (COFOG),A,Annual,PC_GDP,Percentage of gross domestic product (GDP),S13,General government,TOTAL,Total,D62_D632,Social benefits other than social transfers in kind and social transfers in kind - purchased market production,EA19,Euro area - 19 countries  (2015-2022),2014,,22.8,,,,,
dataflow,ESTAT:GOV_10A_EXP(1.0),General government expenditure by function (COFOG),A,Annual,PC_GDP,Percentage of gross domestic product (GDP),S13,General government,TOTAL,Total,D62_D632,Social benefits other than social transfers in kind and social transfers in kind - purchased market production,EA19,Euro area - 19 countries  (2015-2022),2015,,22.6,,,,,
dataflow,ESTAT:GOV_10A_EXP(1.0),General government expenditure by function (COFOG),A,Annual,PC_GDP,Percentage of gross domestic product (GDP),S13,General government,TOTAL,Total,D62_D632,Social benefits other than social transfers in kind and social transfers in kind - purchased market production,EA19,Euro area - 19 countries  (2015-2022),2016,,22.5,,,,,
dataflow,ESTAT:GOV_10A_EXP(1.0),General government expenditure by function (COFOG),A,Annual,PC_GDP,Percentage of gross domestic product (GDP),S13,General government,TOTAL,Total,D62_D632,Social benefits other than social transfers in kind and social transfers in kind - purchased market production,EA19,Euro area - 19 countries  (2015-2022),2017,,22.3,,,,,
dataflow,ESTAT:GOV_10A_EXP(1.0),General government expenditure by function (COFOG),A,Annual,PC_GDP,Percentage of gross domestic product (GDP),S13,General government,TOTAL,Total,D62_D632,Social benefits other than social transfers in kind and social transfers in kind - purchased market production,EA19,Euro area - 19 countries  (2015-2022),2018,,22.1,,,,,
dataflow,ESTAT:GOV_10A_EXP(1.0),General government expenditure by function (COFOG),A,Annual,PC_GDP,Percentage of gross domestic product (GDP),S13,General government,TOTAL,Total,D62_D632,Social benefits other than social transfers in kind and social transfers in kind - purchased market production,EA19,Euro area - 19 countries  (2015-2022),2019,,22.3,,,,,
dataflow,ESTAT:GOV_10A_EXP(1.0),General government expenditure by function (COFOG),A,Annual,PC_GDP,Percentage of gross domestic product (GDP),S13,General government,TOTAL,Total,D62_D632,Social benefits other than social transfers in kind and social transfers in kind - purchased market production,EA19,Euro area - 19 countries  (2015-2022),2020,,25.1,,,,,
dataflow,ESTAT:GOV_10A_EXP(1.0),General government expenditure by function (COFOG),A,Annual,PC_GDP,Percentage of gross domestic product (GDP),S13,General government,TOTAL,Total,D62_D632,Social benefits other than social transfers in kind and social transfers in kind - purchased market production,EA20,Euro area – 20 countries (from 2023),1995,,21.1,,,,,
dataflow,ESTAT:GOV_10A_EXP(1.0),General government expenditure by function (COFOG),A,Annual,PC_GDP,Percentage of gross domestic product (GDP),S13,General government,TOTAL,Total,D62_D632,Social benefits other than social transfers in kind and social transfers in kind - purchased market production,EA20,Euro area – 20 countries (from 2023),1996,,21.3,,,,,
dataflow,ESTAT:GOV_10A_EXP(1.0),General government expenditure by function (COFOG),A,Annual,PC_GDP,Percentage of gross domestic product (GDP),S13,General government,TOTAL,Total,D62_D632,Social benefits other than social transfers in kind and social transfers in kind - purchased market production,EA20,Euro area – 20 countries (from 2023),1997,,21.1,,,,,
dataflow,ESTAT:GOV_10A_EXP(1.0),General government expenditure by function (COFOG),A,Annual,PC_GDP,Percentage of gross domestic product (GDP),S13,General government,TOTAL,Total,D62_D632,Social benefits other than social transfers in kind and social transfers in kind - purchased market production,EA20,Euro area – 20 countries (from 2023),1998,,20.7,,,,,
dataflow,ESTAT:GOV_10A_EXP(1.0),General government expenditure by function (COFOG),A,Annual,PC_GDP,Percentage of gross domestic product (GDP),S13,General government,TOTAL,Total,D62_D632,Social benefits other than social transfers in kind and social transfers in kind - purchased market production,EA20,Euro area – 20 countries (from 2023),1999,,20.7,,,,,
dataflow,ESTAT:GOV_10A_EXP(1.0),General government expenditure by function (COFOG),A,Annual,PC_GDP,Percentage of gross domestic product (GDP),S13,General government,TOTAL,Total,D62_D632,Social benefits other than social transfers in kind and social transfers in kind - purchased market production,EA20,Euro area – 20 countries (from 2023),2000,,20.2,,,,,
dataflow,ESTAT:GOV_10A_EXP(1.0),General government expenditure by function (COFOG),A,Annual,PC_GDP,Percentage of gross domestic product (GDP),S13,General government,TOTAL,Total,D62_D632,Social benefits other than social transfers in kind and social transfers in kind - purchased market production,EA20,Euro area – 20 countries (from 2023),2001,,20.2,,,,,
dataflow,ESTAT:GOV_10A_EXP(1.0),General government expenditure by function (COFOG),A,Annual,PC_GDP,Percentage of gross domestic product (GDP),S13,General government,TOTAL,Total,D62_D632,Social benefits other than social transfers in kind and social transfers in kind - purchased market production,EA20,Euro area – 20 countries (from 2023),2002,,20.6,,,,,
dataflow,ESTAT:GOV_10A_EXP(1.0),General government expenditure by function (COFOG),A,Annual,PC_GDP,Percentage of gross domestic product (GDP),S13,General government,TOTAL,Total,D62_D632,Social benefits other than social transfers in kind and social transfers in kind - purchased market production,EA20,Euro area – 20 countries (from 2023),2003,,20.9,,,,,
dataflow,ESTAT:GOV_10A_EXP(1.0),General government expenditure by function (COFOG),A,Annual,PC_GDP,Percentage of gross domestic product (GDP),S13,General government,TOTAL,Total,D62_D632,Social benefits other than social transfers in kind and social transfers in kind - purchased market production,EA20,Euro area – 20 countries (from 2023),2004,,20.7,,,,,
dataflow,ESTAT:GOV_10A_EXP(1.0),General government expenditure by function (COFOG),A,Annual,PC_GDP,Percentage of gross domestic product (GDP),S13,General government,TOTAL,Total,D62_D632,Social benefits other than social transfers in kind and social transfers in kind - purchased market production,EA20,Euro area – 20 countries (from 2023),2005,,20.6,,,,,
dataflow,ESTAT:GOV_10A_EXP(1.0),General government expenditure by function (COFOG),A,Annual,PC_GDP,Percentage of gross domestic product (GDP),S13,General government,TOTAL,Total,D62_D632,Social benefits other than social transfers in kind and social transfers in kind - purchased market production,EA20,Euro area – 20 countries (from 2023),2006,,20.4,,,,,
dataflow,ESTAT:GOV_10A_EXP(1.0),General government expenditure by function (COFOG),A,Annual,PC_GDP,Percentage of gross domestic product (GDP),S13,General government,TOTAL,Total,D62_D632,Social benefits other than social transfers in kind and social transfers in kind - purchased market production,EA20,Euro area – 20 countries (from 2023),2007,,20.0,,,,,
dataflow,ESTAT:GOV_10A_EXP(1.0),General government expenditure by function (COFOG),A,Annual,PC_GDP,Percentage of gross domestic product (GDP),S13,General government,TOTAL,Total,D62_D632,Social benefits other than social transfers in kind and social transfers in kind - purchased market production,EA20,Euro area – 20 countries (from 2023),2008,,20.4,,,,,
dataflow,ESTAT:GOV_10A_EXP(1.0),General government expenditure by function (COFOG),A,Annual,PC_GDP,Percentage of gross domestic product (GDP),S13,General government,TOTAL,Total,D62_D632,Social benefits other than social transfers in kind and social transfers in kind - purchased market production,EA20,Euro area – 20 countries (from 2023),2009,,22.5,,,,,
dataflow,ESTAT:GOV_10A_EXP(1.0),General government expenditure by function (COFOG),A,Annual,PC_GDP,Percentage of gross domestic product (GDP),S13,General government,TOTAL,Total,D62_D632,Social benefits other than social transfers in kind and social transfers in kind - purchased market production,EA20,Euro area – 20 countries (from 2023),2010,,22.4,,,,,
dataflow,ESTAT:GOV_10A_EXP(1.0),General government expenditure by function (COFOG),A,Annual,PC_GDP,Percentage of gross domestic product (GDP),S13,General government,TOTAL,Total,D62_D632,Social benefits other than social transfers in kind and social transfers in kind - purchased market production,EA20,Euro area – 20 countries (from 2023),2011,,22.1,,,,,
dataflow,ESTAT:GOV_10A_EXP(1.0),General government expenditure by function (COFOG),A,Annual,PC_GDP,Percentage of gross domestic product (GDP),S13,General government,TOTAL,Total,D62_D632,Social benefits other than social transfers in kind and social transfers in kind - purchased market production,EA20,Euro area – 20 countries (from 2023),2012,,22.5,,,,,
dataflow,ESTAT:GOV_10A_EXP(1.0),General government expenditure by function (COFOG),A,Annual,PC_GDP,Percentage of gross domestic product (GDP),S13,General government,TOTAL,Total,D62_D632,Social benefits other than social transfers in kind and social transfers in kind - purchased market production,EA20,Euro area – 20 countries (from 2023),2013,,22.8,,,,,
dataflow,ESTAT:GOV_10A_EXP(1.0),General government expenditure by function (COFOG),A,Annual,PC_GDP,Percentage of gross domestic product (GDP),S13,General government,TOTAL,Total,D62_D632,Social benefits other than social transfers in kind and social transfers in kind - purchased market production,EA20,Euro area – 20 countries (from 2023),2014,,22.8,,,,,
dataflow,ESTAT:GOV_10A_EXP(1.0),General government expenditure by function (COFOG),A,Annual,PC_GDP,Percentage of gross domestic product (GDP),S13,General government,TOTAL,Total,D62_D632,Social benefits other than social transfers in kind and social transfers in kind - purchased market production,EA20,Euro area – 20 countries (from 2023),2015,,22.6,,,,,
dataflow,ESTAT:GOV_10A_EXP(1.0),General government expenditure by function (COFOG),A,Annual,PC_GDP,Percentage of gross domestic product (GDP),S13,General government,TOTAL,Total,D62_D632,Social benefits other than social transfers in kind and social transfers in kind - purchased market production,EA20,Euro area – 20 countries (from 2023),2016,,22.5,,,,,
dataflow,ESTAT:GOV_10A_EXP(1.0),General government expenditure by function (COFOG),A,Annual,PC_GDP,Percentage of gross domestic product (GDP),S13,General government,TOTAL,Total,D62_D632,Social benefits other than social transfers in kind and social transfers in kind - purchased market production,EA20,Euro area – 20 countries (from 2023),2017,,22.2,,,,,
dataflow,ESTAT:GOV_10A_EXP(1.0),General government expenditure by function (COFOG),A,Annual,PC_GDP,Percentage of gross domestic product (GDP),S13,General government,TOTAL,Total,D62_D632,Social benefits other than social transfers in kind and social transfers in kind - purchased market production,EA20,Euro area – 20 countries (from 2023),2018,,22.1,,,,,
dataflow,ESTAT:GOV_10A_EXP(1.0),General government expenditure by function (COFOG),A,Annual,PC_GDP,Percentage of gross domestic product (GDP),S13,General government,TOTAL,Total,D62_D632,Social benefits other than social transfers in kind and social transfers in kind - purchased market production,EA20,Euro area – 20 countries (from 2023),2019,,22.3,,,,,
dataflow,ESTAT:GOV_10A_EXP(1.0),General government expenditure by function (COFOG),A,Annual,PC_GDP,Percentage of gross domestic product (GDP),S13,General government,TOTAL,Total,D62_D632,Social benefits other than social transfers in kind and social transfers in kind - purchased market production,EA20,Euro area – 20 countries (from 2023),2020,,25.1,,,,,
dataflow,ESTAT:GOV_10A_EXP(1.0),General government expenditure by function (COFOG),A,Annual,PC_GDP,Percentage of gross domestic product (GDP),S13,General government,TOTAL,Total,D62_D632,Social benefits other than social transfers in kind and social transfers in kind - purchased market production,EE,Estonia,1995,,10.5,,,,,
dataflow,ESTAT:GOV_10A_EXP(1.0),General government expenditure by function (COFOG),A,Annual,PC_GDP,Percentage of gross domestic product (GDP),S13,General government,TOTAL,Total,D62_D632,Social benefits other than social transfers in kind and social transfers in kind - purchased market production,EE,Estonia,1996,,10.9,,,,,
dataflow,ESTAT:GOV_10A_EXP(1.0),General government expenditure by function (COFOG),A,Annual,PC_GDP,Percentage of gross domestic product (GDP),S13,General government,TOTAL,Total,D62_D632,Social benefits other than social transfers in kind and social transfers in kind - purchased market production,EE,Estonia,1997,,10.4,,,,,
dataflow,ESTAT:GOV_10A_EXP(1.0),General government expenditure by function (COFOG),A,Annual,PC_GDP,Percentage of gross domestic product (GDP),S13,General government,TOTAL,Total,D62_D632,Social benefits other than social transfers in kind and social transfers in kind - purchased market production,EE,Estonia,1998,,11.2,,,,,
dataflow,ESTAT:GOV_10A_EXP(1.0),General government expenditure by function (COFOG),A,Annual,PC_GDP,Percentage of gross domestic product (GDP),S13,General government,TOTAL,Total,D62_D632,Social benefits other than social transfers in kind and social transfers in kind - purchased market production,EE,Estonia,1999,,12.4,,,,,
dataflow,ESTAT:GOV_10A_EXP(1.0),General government expenditure by function (COFOG),A,Annual,PC_GDP,Percentage of gross domestic product (GDP),S13,General government,TOTAL,Total,D62_D632,Social benefits other than social transfers in kind and social transfers in kind - purchased market production,EE,Estonia,2000,,11.3,,,,,
dataflow,ESTAT:GOV_10A_EXP(1.0),General government expenditure by function (COFOG),A,Annual,PC_GDP,Percentage of gross domestic product (GDP),S13,General government,TOTAL,Total,D62_D632,Social benefits other than social transfers in kind and social transfers in kind - purchased market production,EE,Estonia,2001,,10.8,,,,,
dataflow,ESTAT:GOV_10A_EXP(1.0),General government expenditure by function (COFOG),A,Annual,PC_GDP,Percentage of gross domestic product (GDP),S13,General government,TOTAL,Total,D62_D632,Social benefits other than social transfers in kind and social transfers in kind - purchased market production,EE,Estonia,2002,,10.4,,,,,
dataflow,ESTAT:GOV_10A_EXP(1.0),General government expenditure by function (COFOG),A,Annual,PC_GDP,Percentage of gross domestic product (GDP),S13,General government,TOTAL,Total,D62_D632,Social benefits other than social transfers in kind and social transfers in kind - purchased market production,EE,Estonia,2003,,10.3,,,,,
dataflow,ESTAT:GOV_10A_EXP(1.0),General government expenditure by function (COFOG),A,Annual,PC_GDP,Percentage of gross domestic product (GDP),S13,General government,TOTAL,Total,D62_D632,Social benefits other than social transfers in kind and social transfers in kind - purchased market production,EE,Estonia,2004,,10.7,,,,,
dataflow,ESTAT:GOV_10A_EXP(1.0),General government expenditure by function (COFOG),A,Annual,PC_GDP,Percentage of gross domestic product (GDP),S13,General government,TOTAL,Total,D62_D632,Social benefits other than social transfers in kind and social transfers in kind - purchased market production,EE,Estonia,2005,,10.3,,,,,
dataflow,ESTAT:GOV_10A_EXP(1.0),General government expenditure by function (COFOG),A,Annual,PC_GDP,Percentage of gross domestic product (GDP),S13,General government,TOTAL,Total,D62_D632,Social benefits other than social transfers in kind and social transfers in kind - purchased market production,EE,Estonia,2006,,10.0,,,,,
dataflow,ESTAT:GOV_10A_EXP(1.0),General government expenditure by function (COFOG),A,Annual,PC_GDP,Percentage of gross domestic product (GDP),S13,General government,TOTAL,Total,D62_D632,Social benefits other than social transfers in kind and social transfers in kind - purchased market production,EE,Estonia,2007,,9.8,,,,,
dataflow,ESTAT:GOV_10A_EXP(1.0),General government expenditure by function (COFOG),A,Annual,PC_GDP,Percentage of gross domestic product (GDP),S13,General government,TOTAL,Total,D62_D632,Social benefits other than social transfers in kind and social transfers in kind - purchased market production,EE,Estonia,2008,,12.1,,,,,
dataflow,ESTAT:GOV_10A_EXP(1.0),General government expenditure by function (COFOG),A,Annual,PC_GDP,Percentage of gross domestic product (GDP),S13,General government,TOTAL,Total,D62_D632,Social benefits other than social transfers in kind and social transfers in kind - purchased market production,EE,Estonia,2009,,16.4,,,,,
dataflow,ESTAT:GOV_10A_EXP(1.0),General government expenditure by function (COFOG),A,Annual,PC_GDP,Percentage of gross domestic product (GDP),S13,General government,TOTAL,Total,D62_D632,Social benefits other than social transfers in kind and social transfers in kind - purchased market production,EE,Estonia,2010,,15.1,,,,,
dataflow,ESTAT:GOV_10A_EXP(1.0),General government expenditure by function (COFOG),A,Annual,PC_GDP,Percentage of gross domestic product (GDP),S13,General government,TOTAL,Total,D62_D632,Social benefits other than social transfers in kind and social transfers in kind - purchased market production,EE,Estonia,2011,,13.4,,,,,
dataflow,ESTAT:GOV_10A_EXP(1.0),General government expenditure by function (COFOG),A,Annual,PC_GDP,Percentage of gross domestic product (GDP),S13,General government,TOTAL,Total,D62_D632,Social benefits other than social transfers in kind and social transfers in kind - purchased market production,EE,Estonia,2012,,12.8,,,,,
dataflow,ESTAT:GOV_10A_EXP(1.0),General government expenditure by function (COFOG),A,Annual,PC_GDP,Percentage of gross domestic product (GDP),S13,General government,TOTAL,Total,D62_D632,Social benefits other than social transfers in kind and social transfers in kind - purchased market production,EE,Estonia,2013,,12.7,,,,,
dataflow,ESTAT:GOV_10A_EXP(1.0),General government expenditure by function (COFOG),A,Annual,PC_GDP,Percentage of gross domestic product (GDP),S13,General government,TOTAL,Total,D62_D632,Social benefits other than social transfers in kind and social transfers in kind - purchased market production,EE,Estonia,2014,,12.6,,,,,
dataflow,ESTAT:GOV_10A_EXP(1.0),General government expenditure by function (COFOG),A,Annual,PC_GDP,Percentage of gross domestic product (GDP),S13,General government,TOTAL,Total,D62_D632,Social benefits other than social transfers in kind and social transfers in kind - purchased market production,EE,Estonia,2015,,13.5,,,,,
dataflow,ESTAT:GOV_10A_EXP(1.0),General government expenditure by function (COFOG),A,Annual,PC_GDP,Percentage of gross domestic product (GDP),S13,General government,TOTAL,Total,D62_D632,Social benefits other than social transfers in kind and social transfers in kind - purchased market production,EE,Estonia,2016,,13.8,,,,,
dataflow,ESTAT:GOV_10A_EXP(1.0),General government expenditure by function (COFOG),A,Annual,PC_GDP,Percentage of gross domestic product (GDP),S13,General government,TOTAL,Total,D62_D632,Social benefits other than social transfers in kind and social transfers in kind - purchased market production,EE,Estonia,2017,,13.5,,,,,
dataflow,ESTAT:GOV_10A_EXP(1.0),General government expenditure by function (COFOG),A,Annual,PC_GDP,Percentage of gross domestic product (GDP),S13,General government,TOTAL,Total,D62_D632,Social benefits other than social transfers in kind and social transfers in kind - purchased market production,EE,Estonia,2018,,13.8,,,,,
dataflow,ESTAT:GOV_10A_EXP(1.0),General government expenditure by function (COFOG),A,Annual,PC_GDP,Percentage of gross domestic product (GDP),S13,General government,TOTAL,Total,D62_D632,Social benefits other than social transfers in kind and social transfers in kind - purchased market production,EE,Estonia,2019,,13.9,,,,,
dataflow,ESTAT:GOV_10A_EXP(1.0),General government expenditure by function (COFOG),A,Annual,PC_GDP,Percentage of gross domestic product (GDP),S13,General government,TOTAL,Total,D62_D632,Social benefits other than social transfers in kind and social transfers in kind - purchased market production,EE,Estonia,2020,,15.9,,,,,
dataflow,ESTAT:GOV_10A_EXP(1.0),General government expenditure by function (COFOG),A,Annual,PC_GDP,Percentage of gross domestic product (GDP),S13,General government,TOTAL,Total,D62_D632,Social benefits other than social transfers in kind and social transfers in kind - purchased market production,EL,Greece,1995,,13.2,,,,,
dataflow,ESTAT:GOV_10A_EXP(1.0),General government expenditure by function (COFOG),A,Annual,PC_GDP,Percentage of gross domestic product (GDP),S13,General government,TOTAL,Total,D62_D632,Social benefits other than social transfers in kind and social transfers in kind - purchased market production,EL,Greece,1996,,13.3,,,,,
dataflow,ESTAT:GOV_10A_EXP(1.0),General government expenditure by function (COFOG),A,Annual,PC_GDP,Percentage of gross domestic product (GDP),S13,General government,TOTAL,Total,D62_D632,Social benefits other than social transfers in kind and social transfers in kind - purchased market production,EL,Greece,1997,,13.4,,,,,
dataflow,ESTAT:GOV_10A_EXP(1.0),General government expenditure by function (COFOG),A,Annual,PC_GDP,Percentage of gross domestic product (GDP),S13,General government,TOTAL,Total,D62_D632,Social benefits other than social transfers in kind and social transfers in kind - purchased market production,EL,Greece,1998,,13.8,,,,,
dataflow,ESTAT:GOV_10A_EXP(1.0),General government expenditure by function (COFOG),A,Annual,PC_GDP,Percentage of gross domestic product (GDP),S13,General government,TOTAL,Total,D62_D632,Social benefits other than social transfers in kind and social transfers in kind - purchased market production,EL,Greece,1999,,14.4,,,,,
dataflow,ESTAT:GOV_10A_EXP(1.0),General government expenditure by function (COFOG),A,Annual,PC_GDP,Percentage of gross domestic product (GDP),S13,General government,TOTAL,Total,D62_D632,Social benefits other than social transfers in kind and social transfers in kind - purchased market production,EL,Greece,2000,,15.1,,,,,
dataflow,ESTAT:GOV_10A_EXP(1.0),General government expenditure by function (COFOG),A,Annual,PC_GDP,Percentage of gross domestic product (GDP),S13,General government,TOTAL,Total,D62_D632,Social benefits other than social transfers in kind and social transfers in kind - purchased market production,EL,Greece,2001,,15.3,,,,,
dataflow,ESTAT:GOV_10A_EXP(1.0),General government expenditure by function (COFOG),A,Annual,PC_GDP,Percentage of gross domestic product (GDP),S13,General government,TOTAL,Total,D62_D632,Social benefits other than social transfers in kind and social transfers in kind - purchased market production,EL,Greece,2002,,15.4,,,,,
dataflow,ESTAT:GOV_10A_EXP(1.0),General government expenditure by function (COFOG),A,Annual,PC_GDP,Percentage of gross domestic product (GDP),S13,General government,TOTAL,Total,D62_D632,Social benefits other than social transfers in kind and social transfers in kind - purchased market production,EL,Greece,2003,,15.9,,,,,
dataflow,ESTAT:GOV_10A_EXP(1.0),General government expenditure by function (COFOG),A,Annual,PC_GDP,Percentage of gross domestic product (GDP),S13,General government,TOTAL,Total,D62_D632,Social benefits other than social transfers in kind and social transfers in kind - purchased market production,EL,Greece,2004,,15.5,,,,,
dataflow,ESTAT:GOV_10A_EXP(1.0),General government expenditure by function (COFOG),A,Annual,PC_GDP,Percentage of gross domestic product (GDP),S13,General government,TOTAL,Total,D62_D632,Social benefits other than social transfers in kind and social transfers in kind - purchased market production,EL,Greece,2005,,16.4,,,,,
dataflow,ESTAT:GOV_10A_EXP(1.0),General government expenditure by function (COFOG),A,Annual,PC_GDP,Percentage of gross domestic product (GDP),S13,General government,TOTAL,Total,D62_D632,Social benefits other than social transfers in kind and social transfers in kind - purchased market production,EL,Greece,2006,,16.8,,,,,
dataflow,ESTAT:GOV_10A_EXP(1.0),General government expenditure by function (COFOG),A,Annual,PC_GDP,Percentage of gross domestic product (GDP),S13,General government,TOTAL,Total,D62_D632,Social benefits other than social transfers in kind and social transfers in kind - purchased market production,EL,Greece,2007,,17.4,,,,,
dataflow,ESTAT:GOV_10A_EXP(1.0),General government expenditure by function (COFOG),A,Annual,PC_GDP,Percentage of gross domestic product (GDP),S13,General government,TOTAL,Total,D62_D632,Social benefits other than social transfers in kind and social transfers in kind - purchased market production,EL,Greece,2008,,19.2,,,,,
dataflow,ESTAT:GOV_10A_EXP(1.0),General government expenditure by function (COFOG),A,Annual,PC_GDP,Percentage of gross domestic product (GDP),S13,General government,TOTAL,Total,D62_D632,Social benefits other than social transfers in kind and social transfers in kind - purchased market production,EL,Greece,2009,,20.9,,,,,
dataflow,ESTAT:GOV_10A_EXP(1.0),General government expenditure by function (COFOG),A,Annual,PC_GDP,Percentage of gross domestic product (GDP),S13,General government,TOTAL,Total,D62_D632,Social benefits other than social transfers in kind and social transfers in kind - purchased market production,EL,Greece,2010,,21.2,,,,,
dataflow,ESTAT:GOV_10A_EXP(1.0),General government expenditure by function (COFOG),A,Annual,PC_GDP,Percentage of gross domestic product (GDP),S13,General government,TOTAL,Total,D62_D632,Social benefits other than social transfers in kind and social transfers in kind - purchased market production,EL,Greece,2011,,23.3,,,,,
dataflow,ESTAT:GOV_10A_EXP(1.0),General government expenditure by function (COFOG),A,Annual,PC_GDP,Percentage of gross domestic product (GDP),S13,General government,TOTAL,Total,D62_D632,Social benefits other than social transfers in kind and social transfers in kind - purchased market production,EL,Greece,2012,,24.0,,,,,
dataflow,ESTAT:GOV_10A_EXP(1.0),General government expenditure by function (COFOG),A,Annual,PC_GDP,Percentage of gross domestic product (GDP),S13,General government,TOTAL,Total,D62_D632,Social benefits other than social transfers in kind and social transfers in kind - purchased market production,EL,Greece,2013,,21.9,,,,,
dataflow,ESTAT:GOV_10A_EXP(1.0),General government expenditure by function (COFOG),A,Annual,PC_GDP,Percentage of gross domestic product (GDP),S13,General government,TOTAL,Total,D62_D632,Social benefits other than social transfers in kind and social transfers in kind - purchased market production,EL,Greece,2014,,22.2,,,,,
dataflow,ESTAT:GOV_10A_EXP(1.0),General government expenditure by function (COFOG),A,Annual,PC_GDP,Percentage of gross domestic product (GDP),S13,General government,TOTAL,Total,D62_D632,Social benefits other than social transfers in kind and social transfers in kind - purchased market production,EL,Greece,2015,,22.6,,,,,
dataflow,ESTAT:GOV_10A_EXP(1.0),General government expenditure by function (COFOG),A,Annual,PC_GDP,Percentage of gross domestic product (GDP),S13,General government,TOTAL,Total,D62_D632,Social benefits other than social transfers in kind and social transfers in kind - purchased market production,EL,Greece,2016,,22.6,,,,,
dataflow,ESTAT:GOV_10A_EXP(1.0),General government expenditure by function (COFOG),A,Annual,PC_GDP,Percentage of gross domestic product (GDP),S13,General government,TOTAL,Total,D62_D632,Social benefits other than social transfers in kind and social transfers in kind - purchased market production,EL,Greece,2017,,21.8,,,,,
dataflow,ESTAT:GOV_10A_EXP(1.0),General government expenditure by function (COFOG),A,Annual,PC_GDP,Percentage of gross domestic product (GDP),S13,General government,TOTAL,Total,D62_D632,Social benefits other than social transfers in kind and social transfers in kind - purchased market production,EL,Greece,2018,,21.4,,,,,
dataflow,ESTAT:GOV_10A_EXP(1.0),General government expenditure by function (COFOG),A,Annual,PC_GDP,Percentage of gross domestic product (GDP),S13,General government,TOTAL,Total,D62_D632,Social benefits other than social transfers in kind and social transfers in kind - purchased market production,EL,Greece,2019,,21.4,,,,,
dataflow,ESTAT:GOV_10A_EXP(1.0),General government expenditure by function (COFOG),A,Annual,PC_GDP,Percentage of gross domestic product (GDP),S13,General government,TOTAL,Total,D62_D632,Social benefits other than social transfers in kind and social transfers in kind - purchased market production,EL,Greece,2020,,23.6,,,,,
dataflow,ESTAT:GOV_10A_EXP(1.0),General government expenditure by function (COFOG),A,Annual,PC_GDP,Percentage of gross domestic product (GDP),S13,General government,TOTAL,Total,D62_D632,Social benefits other than social transfers in kind and social transfers in kind - purchased market production,ES,Spain,1995,,15.2,,,,,
dataflow,ESTAT:GOV_10A_EXP(1.0),General government expenditure by function (COFOG),A,Annual,PC_GDP,Percentage of gross domestic product (GDP),S13,General government,TOTAL,Total,D62_D632,Social benefits other than social transfers in kind and social transfers in kind - purchased market production,ES,Spain,1996,,15.1,,,,,
dataflow,ESTAT:GOV_10A_EXP(1.0),General government expenditure by function (COFOG),A,Annual,PC_GDP,Percentage of gross domestic product (GDP),S13,General government,TOTAL,Total,D62_D632,Social benefits other than social transfers in kind and social transfers in kind - purchased market production,ES,Spain,1997,,14.6,,,,,
dataflow,ESTAT:GOV_10A_EXP(1.0),General government expenditure by function (COFOG),A,Annual,PC_GDP,Percentage of gross domestic product (GDP),S13,General government,TOTAL,Total,D62_D632,Social benefits other than social transfers in kind and social transfers in kind - purchased market production,ES,Spain,1998,,14.3,,,,,
dataflow,ESTAT:GOV_10A_EXP(1.0),General government expenditure by function (COFOG),A,Annual,PC_GDP,Percentage of gross domestic product (GDP),S13,General government,TOTAL,Total,D62_D632,Social benefits other than social transfers in kind and social transfers in kind - purchased market production,ES,Spain,1999,,14.1,,,,,
dataflow,ESTAT:GOV_10A_EXP(1.0),General government expenditure by function (COFOG),A,Annual,PC_GDP,Percentage of gross domestic product (GDP),S13,General government,TOTAL,Total,D62_D632,Social benefits other than social transfers in kind and social transfers in kind - purchased market production,ES,Spain,2000,,13.9,,,,,
dataflow,ESTAT:GOV_10A_EXP(1.0),General government expenditure by function (COFOG),A,Annual,PC_GDP,Percentage of gross domestic product (GDP),S13,General government,TOTAL,Total,D62_D632,Social benefits other than social transfers in kind and social transfers in kind - purchased market production,ES,Spain,2001,,13.7,,,,,
dataflow,ESTAT:GOV_10A_EXP(1.0),General government expenditure by function (COFOG),A,Annual,PC_GDP,Percentage of gross domestic product (GDP),S13,General government,TOTAL,Total,D62_D632,Social benefits other than social transfers in kind and social transfers in kind - purchased market production,ES,Spain,2002,,13.9,,,,,
dataflow,ESTAT:GOV_10A_EXP(1.0),General government expenditure by function (COFOG),A,Annual,PC_GDP,Percentage of gross domestic product (GDP),S13,General government,TOTAL,Total,D62_D632,Social benefits other than social transfers in kind and social transfers in kind - purchased market production,ES,Spain,2003,,13.8,,,,,
dataflow,ESTAT:GOV_10A_EXP(1.0),General government expenditure by function (COFOG),A,Annual,PC_GDP,Percentage of gross domestic product (GDP),S13,General government,TOTAL,Total,D62_D632,Social benefits other than social transfers in kind and social transfers in kind - purchased market production,ES,Spain,2004,,14.0,,,,,
dataflow,ESTAT:GOV_10A_EXP(1.0),General government expenditure by function (COFOG),A,Annual,PC_GDP,Percentage of gross domestic product (GDP),S13,General government,TOTAL,Total,D62_D632,Social benefits other than social transfers in kind and social transfers in kind - purchased market production,ES,Spain,2005,,13.9,,,,,
dataflow,ESTAT:GOV_10A_EXP(1.0),General government expenditure by function (COFOG),A,Annual,PC_GDP,Percentage of gross domestic product (GDP),S13,General government,TOTAL,Total,D62_D632,Social benefits other than social transfers in kind and social transfers in kind - purchased market production,ES,Spain,2006,,13.9,,,,,
dataflow,ESTAT:GOV_10A_EXP(1.0),General government expenditure by function (COFOG),A,Annual,PC_GDP,Percentage of gross domestic product (GDP),S13,General government,TOTAL,Total,D62_D632,Social benefits other than social transfers in kind and social transfers in kind - purchased market production,ES,Spain,2007,,13.8,,,,,
dataflow,ESTAT:GOV_10A_EXP(1.0),General government expenditure by function (COFOG),A,Annual,PC_GDP,Percentage of gross domestic product (GDP),S13,General government,TOTAL,Total,D62_D632,Social benefits other than social transfers in kind and social transfers in kind - purchased market production,ES,Spain,2008,,14.8,,,,,
dataflow,ESTAT:GOV_10A_EXP(1.0),General government expenditure by function (COFOG),A,Annual,PC_GDP,Percentage of gross domestic product (GDP),S13,General government,TOTAL,Total,D62_D632,Social benefits other than social transfers in kind and social transfers in kind - purchased market production,ES,Spain,2009,,17.3,,,,,
dataflow,ESTAT:GOV_10A_EXP(1.0),General government expenditure by function (COFOG),A,Annual,PC_GDP,Percentage of gross domestic product (GDP),S13,General government,TOTAL,Total,D62_D632,Social benefits other than social transfers in kind and social transfers in kind - purchased market production,ES,Spain,2010,,18.0,,,,,
dataflow,ESTAT:GOV_10A_EXP(1.0),General government expenditure by function (COFOG),A,Annual,PC_GDP,Percentage of gross domestic product (GDP),S13,General government,TOTAL,Total,D62_D632,Social benefits other than social transfers in kind and social transfers in kind - purchased market production,ES,Spain,2011,,18.1,,,,,
dataflow,ESTAT:GOV_10A_EXP(1.0),General government expenditure by function (COFOG),A,Annual,PC_GDP,Percentage of gross domestic product (GDP),S13,General government,TOTAL,Total,D62_D632,Social benefits other than social transfers in kind and social transfers in kind - purchased market production,ES,Spain,2012,,19.0,,,,,
dataflow,ESTAT:GOV_10A_EXP(1.0),General government expenditure by function (COFOG),A,Annual,PC_GDP,Percentage of gross domestic product (GDP),S13,General government,TOTAL,Total,D62_D632,Social benefits other than social transfers in kind and social transfers in kind - purchased market production,ES,Spain,2013,,19.4,,,,,
dataflow,ESTAT:GOV_10A_EXP(1.0),General government expenditure by function (COFOG),A,Annual,PC_GDP,Percentage of gross domestic product (GDP),S13,General government,TOTAL,Total,D62_D632,Social benefits other than social transfers in kind and social transfers in kind - purchased market production,ES,Spain,2014,,19.1,,,,,
dataflow,ESTAT:GOV_10A_EXP(1.0),General government expenditure by function (COFOG),A,Annual,PC_GDP,Percentage of gross domestic product (GDP),S13,General government,TOTAL,Total,D62_D632,Social benefits other than social transfers in kind and social transfers in kind - purchased market production,ES,Spain,2015,,18.3,,,,,
dataflow,ESTAT:GOV_10A_EXP(1.0),General government expenditure by function (COFOG),A,Annual,PC_GDP,Percentage of gross domestic product (GDP),S13,General government,TOTAL,Total,D62_D632,Social benefits other than social transfers in kind and social transfers in kind - purchased market production,ES,Spain,2016,,18.1,,,,,
dataflow,ESTAT:GOV_10A_EXP(1.0),General government expenditure by function (COFOG),A,Annual,PC_GDP,Percentage of gross domestic product (GDP),S13,General government,TOTAL,Total,D62_D632,Social benefits other than social transfers in kind and social transfers in kind - purchased market production,ES,Spain,2017,,17.7,,,,,
dataflow,ESTAT:GOV_10A_EXP(1.0),General government expenditure by function (COFOG),A,Annual,PC_GDP,Percentage of gross domestic product (GDP),S13,General government,TOTAL,Total,D62_D632,Social benefits other than social transfers in kind and social transfers in kind - purchased market production,ES,Spain,2018,,17.9,,,,,
dataflow,ESTAT:GOV_10A_EXP(1.0),General government expenditure by function (COFOG),A,Annual,PC_GDP,Percentage of gross domestic product (GDP),S13,General government,TOTAL,Total,D62_D632,Social benefits other than social transfers in kind and social transfers in kind - purchased market production,ES,Spain,2019,,18.3,,,,,
dataflow,ESTAT:GOV_10A_EXP(1.0),General government expenditure by function (COFOG),A,Annual,PC_GDP,Percentage of gross domestic product (GDP),S13,General government,TOTAL,Total,D62_D632,Social benefits other than social transfers in kind and social transfers in kind - purchased market production,ES,Spain,2020,,23.2,,,,,
dataflow,ESTAT:GOV_10A_EXP(1.0),General government expenditure by function (COFOG),A,Annual,PC_GDP,Percentage of gross domestic product (GDP),S13,General government,TOTAL,Total,D62_D632,Social benefits other than social transfers in kind and social transfers in kind - purchased market production,EU27_2020,European Union - 27 countries (from 2020),1995,,20.8,,,,,
dataflow,ESTAT:GOV_10A_EXP(1.0),General government expenditure by function (COFOG),A,Annual,PC_GDP,Percentage of gross domestic product (GDP),S13,General government,TOTAL,Total,D62_D632,Social benefits other than social transfers in kind and social transfers in kind - purchased market production,EU27_2020,European Union - 27 countries (from 2020),1996,,21.0,,,,,
dataflow,ESTAT:GOV_10A_EXP(1.0),General government expenditure by function (COFOG),A,Annual,PC_GDP,Percentage of gross domestic product (GDP),S13,General government,TOTAL,Total,D62_D632,Social benefits other than social transfers in kind and social transfers in kind - purchased market production,EU27_2020,European Union - 27 countries (from 2020),1997,,20.7,,,,,
dataflow,ESTAT:GOV_10A_EXP(1.0),General government expenditure by function (COFOG),A,Annual,PC_GDP,Percentage of gross domestic product (GDP),S13,General government,TOTAL,Total,D62_D632,Social benefits other than social transfers in kind and social transfers in kind - purchased market production,EU27_2020,European Union - 27 countries (from 2020),1998,,20.3,,,,,
dataflow,ESTAT:GOV_10A_EXP(1.0),General government expenditure by function (COFOG),A,Annual,PC_GDP,Percentage of gross domestic product (GDP),S13,General government,TOTAL,Total,D62_D632,Social benefits other than social transfers in kind and social transfers in kind - purchased market production,EU27_2020,European Union - 27 countries (from 2020),1999,,20.3,,,,,
dataflow,ESTAT:GOV_10A_EXP(1.0),General government expenditure by function (COFOG),A,Annual,PC_GDP,Percentage of gross domestic product (GDP),S13,General government,TOTAL,Total,D62_D632,Social benefits other than social transfers in kind and social transfers in kind - purchased market production,EU27_2020,European Union - 27 countries (from 2020),2000,,19.8,,,,,
dataflow,ESTAT:GOV_10A_EXP(1.0),General government expenditure by function (COFOG),A,Annual,PC_GDP,Percentage of gross domestic product (GDP),S13,General government,TOTAL,Total,D62_D632,Social benefits other than social transfers in kind and social transfers in kind - purchased market production,EU27_2020,European Union - 27 countries (from 2020),2001,,19.9,,,,,
dataflow,ESTAT:GOV_10A_EXP(1.0),General government expenditure by function (COFOG),A,Annual,PC_GDP,Percentage of gross domestic product (GDP),S13,General government,TOTAL,Total,D62_D632,Social benefits other than social transfers in kind and social transfers in kind - purchased market production,EU27_2020,European Union - 27 countries (from 2020),2002,,20.2,,,,,
dataflow,ESTAT:GOV_10A_EXP(1.0),General government expenditure by function (COFOG),A,Annual,PC_GDP,Percentage of gross domestic product (GDP),S13,General government,TOTAL,Total,D62_D632,Social benefits other than social transfers in kind and social transfers in kind - purchased market production,EU27_2020,European Union - 27 countries (from 2020),2003,,20.5,,,,,
dataflow,ESTAT:GOV_10A_EXP(1.0),General government expenditure by function (COFOG),A,Annual,PC_GDP,Percentage of gross domestic product (GDP),S13,General government,TOTAL,Total,D62_D632,Social benefits other than social transfers in kind and social transfers in kind - purchased market production,EU27_2020,European Union - 27 countries (from 2020),2004,,20.3,,,,,
dataflow,ESTAT:GOV_10A_EXP(1.0),General government expenditure by function (COFOG),A,Annual,PC_GDP,Percentage of gross domestic product (GDP),S13,General government,TOTAL,Total,D62_D632,Social benefits other than social transfers in kind and social transfers in kind - purchased market production,EU27_2020,European Union - 27 countries (from 2020),2005,,20.2,,,,,
dataflow,ESTAT:GOV_10A_EXP(1.0),General government expenditure by function (COFOG),A,Annual,PC_GDP,Percentage of gross domestic product (GDP),S13,General government,TOTAL,Total,D62_D632,Social benefits other than social transfers in kind and social transfers in kind - purchased market production,EU27_2020,European Union - 27 countries (from 2020),2006,,19.9,,,,,
dataflow,ESTAT:GOV_10A_EXP(1.0),General government expenditure by function (COFOG),A,Annual,PC_GDP,Percentage of gross domestic product (GDP),S13,General government,TOTAL,Total,D62_D632,Social benefits other than social transfers in kind and social transfers in kind - purchased market production,EU27_2020,European Union - 27 countries (from 2020),2007,,19.4,,,,,
dataflow,ESTAT:GOV_10A_EXP(1.0),General government expenditure by function (COFOG),A,Annual,PC_GDP,Percentage of gross domestic product (GDP),S13,General government,TOTAL,Total,D62_D632,Social benefits other than social transfers in kind and social transfers in kind - purchased market production,EU27_2020,European Union - 27 countries (from 2020),2008,,19.8,,,,,
dataflow,ESTAT:GOV_10A_EXP(1.0),General government expenditure by function (COFOG),A,Annual,PC_GDP,Percentage of gross domestic product (GDP),S13,General government,TOTAL,Total,D62_D632,Social benefits other than social transfers in kind and social transfers in kind - purchased market production,EU27_2020,European Union - 27 countries (from 2020),2009,,21.8,,,,,
dataflow,ESTAT:GOV_10A_EXP(1.0),General government expenditure by function (COFOG),A,Annual,PC_GDP,Percentage of gross domestic product (GDP),S13,General government,TOTAL,Total,D62_D632,Social benefits other than social transfers in kind and social transfers in kind - purchased market production,EU27_2020,European Union - 27 countries (from 2020),2010,,21.7,,,,,
dataflow,ESTAT:GOV_10A_EXP(1.0),General government expenditure by function (COFOG),A,Annual,PC_GDP,Percentage of gross domestic product (GDP),S13,General government,TOTAL,Total,D62_D632,Social benefits other than social transfers in kind and social transfers in kind - purchased market production,EU27_2020,European Union - 27 countries (from 2020),2011,,21.3,,,,,
dataflow,ESTAT:GOV_10A_EXP(1.0),General government expenditure by function (COFOG),A,Annual,PC_GDP,Percentage of gross domestic product (GDP),S13,General government,TOTAL,Total,D62_D632,Social benefits other than social transfers in kind and social transfers in kind - purchased market production,EU27_2020,European Union - 27 countries (from 2020),2012,,21.7,,,,,
dataflow,ESTAT:GOV_10A_EXP(1.0),General government expenditure by function (COFOG),A,Annual,PC_GDP,Percentage of gross domestic product (GDP),S13,General government,TOTAL,Total,D62_D632,Social benefits other than social transfers in kind and social transfers in kind - purchased market production,EU27_2020,European Union - 27 countries (from 2020),2013,,22.0,,,,,
dataflow,ESTAT:GOV_10A_EXP(1.0),General government expenditure by function (COFOG),A,Annual,PC_GDP,Percentage of gross domestic product (GDP),S13,General government,TOTAL,Total,D62_D632,Social benefits other than social transfers in kind and social transfers in kind - purchased market production,EU27_2020,European Union - 27 countries (from 2020),2014,,22.0,,,,,
dataflow,ESTAT:GOV_10A_EXP(1.0),General government expenditure by function (COFOG),A,Annual,PC_GDP,Percentage of gross domestic product (GDP),S13,General government,TOTAL,Total,D62_D632,Social benefits other than social transfers in kind and social transfers in kind - purchased market production,EU27_2020,European Union - 27 countries (from 2020),2015,,21.7,,,,,
dataflow,ESTAT:GOV_10A_EXP(1.0),General government expenditure by function (COFOG),A,Annual,PC_GDP,Percentage of gross domestic product (GDP),S13,General government,TOTAL,Total,D62_D632,Social benefits other than social transfers in kind and social transfers in kind - purchased market production,EU27_2020,European Union - 27 countries (from 2020),2016,,21.7,,,,,
dataflow,ESTAT:GOV_10A_EXP(1.0),General government expenditure by function (COFOG),A,Annual,PC_GDP,Percentage of gross domestic product (GDP),S13,General government,TOTAL,Total,D62_D632,Social benefits other than social transfers in kind and social transfers in kind - purchased market production,EU27_2020,European Union - 27 countries (from 2020),2017,,21.4,,,,,
dataflow,ESTAT:GOV_10A_EXP(1.0),General government expenditure by function (COFOG),A,Annual,PC_GDP,Percentage of gross domestic product (GDP),S13,General government,TOTAL,Total,D62_D632,Social benefits other than social transfers in kind and social transfers in kind - purchased market production,EU27_2020,European Union - 27 countries (from 2020),2018,,21.2,,,,,
dataflow,ESTAT:GOV_10A_EXP(1.0),General government expenditure by function (COFOG),A,Annual,PC_GDP,Percentage of gross domestic product (GDP),S13,General government,TOTAL,Total,D62_D632,Social benefits other than social transfers in kind and social transfers in kind - purchased market production,EU27_2020,European Union - 27 countries (from 2020),2019,,21.3,,,,,
dataflow,ESTAT:GOV_10A_EXP(1.0),General government expenditure by function (COFOG),A,Annual,PC_GDP,Percentage of gross domestic product (GDP),S13,General government,TOTAL,Total,D62_D632,Social benefits other than social transfers in kind and social transfers in kind - purchased market production,EU27_2020,European Union - 27 countries (from 2020),2020,,23.9,,,,,
dataflow,ESTAT:GOV_10A_EXP(1.0),General government expenditure by function (COFOG),A,Annual,PC_GDP,Percentage of gross domestic product (GDP),S13,General government,TOTAL,Total,D62_D632,Social benefits other than social transfers in kind and social transfers in kind - purchased market production,FI,Finland,1990,,15.4,,,,,
dataflow,ESTAT:GOV_10A_EXP(1.0),General government expenditure by function (COFOG),A,Annual,PC_GDP,Percentage of gross domestic product (GDP),S13,General government,TOTAL,Total,D62_D632,Social benefits other than social transfers in kind and social transfers in kind - purchased market production,FI,Finland,1991,,19.2,,,,,
dataflow,ESTAT:GOV_10A_EXP(1.0),General government expenditure by function (COFOG),A,Annual,PC_GDP,Percentage of gross domestic product (GDP),S13,General government,TOTAL,Total,D62_D632,Social benefits other than social transfers in kind and social transfers in kind - purchased market production,FI,Finland,1992,,22.9,,,,,
dataflow,ESTAT:GOV_10A_EXP(1.0),General government expenditure by function (COFOG),A,Annual,PC_GDP,Percentage of gross domestic product (GDP),S13,General government,TOTAL,Total,D62_D632,Social benefits other than social transfers in kind and social transfers in kind - purchased market production,FI,Finland,1993,,24.4,,,,,
dataflow,ESTAT:GOV_10A_EXP(1.0),General government expenditure by function (COFOG),A,Annual,PC_GDP,Percentage of gross domestic product (GDP),S13,General government,TOTAL,Total,D62_D632,Social benefits other than social transfers in kind and social transfers in kind - purchased market production,FI,Finland,1994,,24.3,,,,,
dataflow,ESTAT:GOV_10A_EXP(1.0),General government expenditure by function (COFOG),A,Annual,PC_GDP,Percentage of gross domestic product (GDP),S13,General government,TOTAL,Total,D62_D632,Social benefits other than social transfers in kind and social transfers in kind - purchased market production,FI,Finland,1995,,22.7,,,,,
dataflow,ESTAT:GOV_10A_EXP(1.0),General government expenditure by function (COFOG),A,Annual,PC_GDP,Percentage of gross domestic product (GDP),S13,General government,TOTAL,Total,D62_D632,Social benefits other than social transfers in kind and social transfers in kind - purchased market production,FI,Finland,1996,,22.3,,,,,
dataflow,ESTAT:GOV_10A_EXP(1.0),General government expenditure by function (COFOG),A,Annual,PC_GDP,Percentage of gross domestic product (GDP),S13,General government,TOTAL,Total,D62_D632,Social benefits other than social transfers in kind and social transfers in kind - purchased market production,FI,Finland,1997,,20.5,,,,,
dataflow,ESTAT:GOV_10A_EXP(1.0),General government expenditure by function (COFOG),A,Annual,PC_GDP,Percentage of gross domestic product (GDP),S13,General government,TOTAL,Total,D62_D632,Social benefits other than social transfers in kind and social transfers in kind - purchased market production,FI,Finland,1998,,19.2,,,,,
dataflow,ESTAT:GOV_10A_EXP(1.0),General government expenditure by function (COFOG),A,Annual,PC_GDP,Percentage of gross domestic product (GDP),S13,General government,TOTAL,Total,D62_D632,Social benefits other than social transfers in kind and social transfers in kind - purchased market production,FI,Finland,1999,,18.6,,,,,
dataflow,ESTAT:GOV_10A_EXP(1.0),General government expenditure by function (COFOG),A,Annual,PC_GDP,Percentage of gross domestic product (GDP),S13,General government,TOTAL,Total,D62_D632,Social benefits other than social transfers in kind and social transfers in kind - purchased market production,FI,Finland,2000,,17.2,,,,,
dataflow,ESTAT:GOV_10A_EXP(1.0),General government expenditure by function (COFOG),A,Annual,PC_GDP,Percentage of gross domestic product (GDP),S13,General government,TOTAL,Total,D62_D632,Social benefits other than social transfers in kind and social transfers in kind - purchased market production,FI,Finland,2001,,16.9,,,,,
dataflow,ESTAT:GOV_10A_EXP(1.0),General government expenditure by function (COFOG),A,Annual,PC_GDP,Percentage of gross domestic product (GDP),S13,General government,TOTAL,Total,D62_D632,Social benefits other than social transfers in kind and social transfers in kind - purchased market production,FI,Finland,2002,,17.6,,,,,
dataflow,ESTAT:GOV_10A_EXP(1.0),General government expenditure by function (COFOG),A,Annual,PC_GDP,Percentage of gross domestic product (GDP),S13,General government,TOTAL,Total,D62_D632,Social benefits other than social transfers in kind and social transfers in kind - purchased market production,FI,Finland,2003,,18.0,,,,,
dataflow,ESTAT:GOV_10A_EXP(1.0),General government expenditure by function (COFOG),A,Annual,PC_GDP,Percentage of gross domestic product (GDP),S13,General government,TOTAL,Total,D62_D632,Social benefits other than social transfers in kind and social transfers in kind - purchased market production,FI,Finland,2004,,17.9,,,,,
dataflow,ESTAT:GOV_10A_EXP(1.0),General government expenditure by function (COFOG),A,Annual,PC_GDP,Percentage of gross domestic product (GDP),S13,General government,TOTAL,Total,D62_D632,Social benefits other than social transfers in kind and social transfers in kind - purchased market production,FI,Finland,2005,,17.8,,,,,
dataflow,ESTAT:GOV_10A_EXP(1.0),General government expenditure by function (COFOG),A,Annual,PC_GDP,Percentage of gross domestic product (GDP),S13,General government,TOTAL,Total,D62_D632,Social benefits other than social transfers in kind and social transfers in kind - purchased market production,FI,Finland,2006,,17.4,,,,,
dataflow,ESTAT:GOV_10A_EXP(1.0),General government expenditure by function (COFOG),A,Annual,PC_GDP,Percentage of gross domestic product (GDP),S13,General government,TOTAL,Total,D62_D632,Social benefits other than social transfers in kind and social transfers in kind - purchased market production,FI,Finland,2007,,16.5,,,,,
dataflow,ESTAT:GOV_10A_EXP(1.0),General government expenditure by function (COFOG),A,Annual,PC_GDP,Percentage of gross domestic product (GDP),S13,General government,TOTAL,Total,D62_D632,Social benefits other than social transfers in kind and social transfers in kind - purchased market production,FI,Finland,2008,,16.9,,,,,
dataflow,ESTAT:GOV_10A_EXP(1.0),General government expenditure by function (COFOG),A,Annual,PC_GDP,Percentage of gross domestic product (GDP),S13,General government,TOTAL,Total,D62_D632,Social benefits other than social transfers in kind and social transfers in kind - purchased market production,FI,Finland,2009,,19.7,,,,,
dataflow,ESTAT:GOV_10A_EXP(1.0),General government expenditure by function (COFOG),A,Annual,PC_GDP,Percentage of gross domestic product (GDP),S13,General government,TOTAL,Total,D62_D632,Social benefits other than social transfers in kind and social transfers in kind - purchased market production,FI,Finland,2010,,19.9,,,,,
dataflow,ESTAT:GOV_10A_EXP(1.0),General government expenditure by function (COFOG),A,Annual,PC_GDP,Percentage of gross domestic product (GDP),S13,General government,TOTAL,Total,D62_D632,Social benefits other than social transfers in kind and social transfers in kind - purchased market production,FI,Finland,2011,,19.7,,,,,
dataflow,ESTAT:GOV_10A_EXP(1.0),General government expenditure by function (COFOG),A,Annual,PC_GDP,Percentage of gross domestic product (GDP),S13,General government,TOTAL,Total,D62_D632,Social benefits other than social transfers in kind and social transfers in kind - purchased market production,FI,Finland,2012,,20.6,,,,,
dataflow,ESTAT:GOV_10A_EXP(1.0),General government expenditure by function (COFOG),A,Annual,PC_GDP,Percentage of gross domestic product (GDP),S13,General government,TOTAL,Total,D62_D632,Social benefits other than social transfers in kind and social transfers in kind - purchased market production,FI,Finland,2013,,21.5,,,,,
dataflow,ESTAT:GOV_10A_EXP(1.0),General government expenditure by function (COFOG),A,Annual,PC_GDP,Percentage of gross domestic product (GDP),S13,General government,TOTAL,Total,D62_D632,Social benefits other than social transfers in kind and social transfers in kind - purchased market production,FI,Finland,2014,,22.2,,,,,
dataflow,ESTAT:GOV_10A_EXP(1.0),General government expenditure by function (COFOG),A,Annual,PC_GDP,Percentage of gross domestic product (GDP),S13,General government,TOTAL,Total,D62_D632,Social benefits other than social transfers in kind and social transfers in kind - purchased market production,FI,Finland,2015,,22.5,,,,,
dataflow,ESTAT:GOV_10A_EXP(1.0),General government expenditure by function (COFOG),A,Annual,PC_GDP,Percentage of gross domestic product (GDP),S13,General government,TOTAL,Total,D62_D632,Social benefits other than social transfers in kind and social transfers in kind - purchased market production,FI,Finland,2016,,22.4,,,,,
dataflow,ESTAT:GOV_10A_EXP(1.0),General government expenditure by function (COFOG),A,Annual,PC_GDP,Percentage of gross domestic product (GDP),S13,General government,TOTAL,Total,D62_D632,Social benefits other than social transfers in kind and social transfers in kind - purchased market production,FI,Finland,2017,,21.8,,,,,
dataflow,ESTAT:GOV_10A_EXP(1.0),General government expenditure by function (COFOG),A,Annual,PC_GDP,Percentage of gross domestic product (GDP),S13,General government,TOTAL,Total,D62_D632,Social benefits other than social transfers in kind and social transfers in kind - purchased market production,FI,Finland,2018,,21.4,,,,,
dataflow,ESTAT:GOV_10A_EXP(1.0),General government expenditure by function (COFOG),A,Annual,PC_GDP,Percentage of gross domestic product (GDP),S13,General government,TOTAL,Total,D62_D632,Social benefits other than social transfers in kind and social transfers in kind - purchased market production,FI,Finland,2019,,21.2,,,,,
dataflow,ESTAT:GOV_10A_EXP(1.0),General government expenditure by function (COFOG),A,Annual,PC_GDP,Percentage of gross domestic product (GDP),S13,General government,TOTAL,Total,D62_D632,Social benefits other than social transfers in kind and social transfers in kind - purchased market production,FI,Finland,2020,,22.7,,,,,
dataflow,ESTAT:GOV_10A_EXP(1.0),General government expenditure by function (COFOG),A,Annual,PC_GDP,Percentage of gross domestic product (GDP),S13,General government,TOTAL,Total,D62_D632,Social benefits other than social transfers in kind and social transfers in kind - purchased market production,FR,France,1995,,22.4,,p,provisional,,
dataflow,ESTAT:GOV_10A_EXP(1.0),General government expenditure by function (COFOG),A,Annual,PC_GDP,Percentage of gross domestic product (GDP),S13,General government,TOTAL,Total,D62_D632,Social benefits other than social transfers in kind and social transfers in kind - purchased market production,FR,France,1996,,22.6,,p,provisional,,
dataflow,ESTAT:GOV_10A_EXP(1.0),General government expenditure by function (COFOG),A,Annual,PC_GDP,Percentage of gross domestic product (GDP),S13,General government,TOTAL,Total,D62_D632,Social benefits other than social transfers in kind and social transfers in kind - purchased market production,FR,France,1997,,22.6,,p,provisional,,
dataflow,ESTAT:GOV_10A_EXP(1.0),General government expenditure by function (COFOG),A,Annual,PC_GDP,Percentage of gross domestic product (GDP),S13,General government,TOTAL,Total,D62_D632,Social benefits other than social transfers in kind and social transfers in kind - purchased market production,FR,France,1998,,22.3,,p,provisional,,
dataflow,ESTAT:GOV_10A_EXP(1.0),General government expenditure by function (COFOG),A,Annual,PC_GDP,Percentage of gross domestic product (GDP),S13,General government,TOTAL,Total,D62_D632,Social benefits other than social transfers in kind and social transfers in kind - purchased market production,FR,France,1999,,22.2,,p,provisional,,
dataflow,ESTAT:GOV_10A_EXP(1.0),General government expenditure by function (COFOG),A,Annual,PC_GDP,Percentage of gross domestic product (GDP),S13,General government,TOTAL,Total,D62_D632,Social benefits other than social transfers in kind and social transfers in kind - purchased market production,FR,France,2000,,21.7,,p,provisional,,
dataflow,ESTAT:GOV_10A_EXP(1.0),General government expenditure by function (COFOG),A,Annual,PC_GDP,Percentage of gross domestic product (GDP),S13,General government,TOTAL,Total,D62_D632,Social benefits other than social transfers in kind and social transfers in kind - purchased market production,FR,France,2001,,21.9,,p,provisional,,
dataflow,ESTAT:GOV_10A_EXP(1.0),General government expenditure by function (COFOG),A,Annual,PC_GDP,Percentage of gross domestic product (GDP),S13,General government,TOTAL,Total,D62_D632,Social benefits other than social transfers in kind and social transfers in kind - purchased market production,FR,France,2002,,22.4,,p,provisional,,
dataflow,ESTAT:GOV_10A_EXP(1.0),General government expenditure by function (COFOG),A,Annual,PC_GDP,Percentage of gross domestic product (GDP),S13,General government,TOTAL,Total,D62_D632,Social benefits other than social transfers in kind and social transfers in kind - purchased market production,FR,France,2003,,22.9,,p,provisional,,
dataflow,ESTAT:GOV_10A_EXP(1.0),General government expenditure by function (COFOG),A,Annual,PC_GDP,Percentage of gross domestic product (GDP),S13,General government,TOTAL,Total,D62_D632,Social benefits other than social transfers in kind and social transfers in kind - purchased market production,FR,France,2004,,22.9,,p,provisional,,
dataflow,ESTAT:GOV_10A_EXP(1.0),General government expenditure by function (COFOG),A,Annual,PC_GDP,Percentage of gross domestic product (GDP),S13,General government,TOTAL,Total,D62_D632,Social benefits other than social transfers in kind and social transfers in kind - purchased market production,FR,France,2005,,23.0,,p,provisional,,
dataflow,ESTAT:GOV_10A_EXP(1.0),General government expenditure by function (COFOG),A,Annual,PC_GDP,Percentage of gross domestic product (GDP),S13,General government,TOTAL,Total,D62_D632,Social benefits other than social transfers in kind and social transfers in kind - purchased market production,FR,France,2006,,23.1,,p,provisional,,
dataflow,ESTAT:GOV_10A_EXP(1.0),General government expenditure by function (COFOG),A,Annual,PC_GDP,Percentage of gross domestic product (GDP),S13,General government,TOTAL,Total,D62_D632,Social benefits other than social transfers in kind and social transfers in kind - purchased market production,FR,France,2007,,23.0,,p,provisional,,
dataflow,ESTAT:GOV_10A_EXP(1.0),General government expenditure by function (COFOG),A,Annual,PC_GDP,Percentage of gross domestic product (GDP),S13,General government,TOTAL,Total,D62_D632,Social benefits other than social transfers in kind and social transfers in kind - purchased market production,FR,France,2008,,23.2,,p,provisional,,
dataflow,ESTAT:GOV_10A_EXP(1.0),General government expenditure by function (COFOG),A,Annual,PC_GDP,Percentage of gross domestic product (GDP),S13,General government,TOTAL,Total,D62_D632,Social benefits other than social transfers in kind and social transfers in kind - purchased market production,FR,France,2009,,25.1,,p,provisional,,
dataflow,ESTAT:GOV_10A_EXP(1.0),General government expenditure by function (COFOG),A,Annual,PC_GDP,Percentage of gross domestic product (GDP),S13,General government,TOTAL,Total,D62_D632,Social benefits other than social transfers in kind and social transfers in kind - purchased market production,FR,France,2010,,25.1,,p,provisional,,
dataflow,ESTAT:GOV_10A_EXP(1.0),General government expenditure by function (COFOG),A,Annual,PC_GDP,Percentage of gross domestic product (GDP),S13,General government,TOTAL,Total,D62_D632,Social benefits other than social transfers in kind and social transfers in kind - purchased market production,FR,France,2011,,25.0,,p,provisional,,
dataflow,ESTAT:GOV_10A_EXP(1.0),General government expenditure by function (COFOG),A,Annual,PC_GDP,Percentage of gross domestic product (GDP),S13,General government,TOTAL,Total,D62_D632,Social benefits other than social transfers in kind and social transfers in kind - purchased market production,FR,France,2012,,25.5,,p,provisional,,
dataflow,ESTAT:GOV_10A_EXP(1.0),General government expenditure by function (COFOG),A,Annual,PC_GDP,Percentage of gross domestic product (GDP),S13,General government,TOTAL,Total,D62_D632,Social benefits other than social transfers in kind and social transfers in kind - purchased market production,FR,France,2013,,25.8,,p,provisional,,
dataflow,ESTAT:GOV_10A_EXP(1.0),General government expenditure by function (COFOG),A,Annual,PC_GDP,Percentage of gross domestic product (GDP),S13,General government,TOTAL,Total,D62_D632,Social benefits other than social transfers in kind and social transfers in kind - purchased market production,FR,France,2014,,26.0,,p,provisional,,
dataflow,ESTAT:GOV_10A_EXP(1.0),General government expenditure by function (COFOG),A,Annual,PC_GDP,Percentage of gross domestic product (GDP),S13,General government,TOTAL,Total,D62_D632,Social benefits other than social transfers in kind and social transfers in kind - purchased market production,FR,France,2015,,25.9,,p,provisional,,
dataflow,ESTAT:GOV_10A_EXP(1.0),General government expenditure by function (COFOG),A,Annual,PC_GDP,Percentage of gross domestic product (GDP),S13,General government,TOTAL,Total,D62_D632,Social benefits other than social transfers in kind and social transfers in kind - purchased market production,FR,France,2016,,26.0,,p,provisional,,
dataflow,ESTAT:GOV_10A_EXP(1.0),General government expenditure by function (COFOG),A,Annual,PC_GDP,Percentage of gross domestic product (GDP),S13,General government,TOTAL,Total,D62_D632,Social benefits other than social transfers in kind and social transfers in kind - purchased market production,FR,France,2017,,25.7,,p,provisional,,
dataflow,ESTAT:GOV_10A_EXP(1.0),General government expenditure by function (COFOG),A,Annual,PC_GDP,Percentage of gross domestic product (GDP),S13,General government,TOTAL,Total,D62_D632,Social benefits other than social transfers in kind and social transfers in kind - purchased market production,FR,France,2018,,25.5,,p,provisional,,
dataflow,ESTAT:GOV_10A_EXP(1.0),General government expenditure by function (COFOG),A,Annual,PC_GDP,Percentage of gross domestic product (GDP),S13,General government,TOTAL,Total,D62_D632,Social benefits other than social transfers in kind and social transfers in kind - purchased market production,FR,France,2019,,25.5,,p,provisional,,
dataflow,ESTAT:GOV_10A_EXP(1.0),General government expenditure by function (COFOG),A,Annual,PC_GDP,Percentage of gross domestic product (GDP),S13,General government,TOTAL,Total,D62_D632,Social benefits other than social transfers in kind and social transfers in kind - purchased market production,FR,France,2020,,28.8,,p,provisional,,
dataflow,ESTAT:GOV_10A_EXP(1.0),General government expenditure by function (COFOG),A,Annual,PC_GDP,Percentage of gross domestic product (GDP),S13,General government,TOTAL,Total,D62_D632,Social benefits other than social transfers in kind and social transfers in kind - purchased market production,HR,Croatia,1995,,18.6,,,,,
dataflow,ESTAT:GOV_10A_EXP(1.0),General government expenditure by function (COFOG),A,Annual,PC_GDP,Percentage of gross domestic product (GDP),S13,General government,TOTAL,Total,D62_D632,Social benefits other than social transfers in kind and social transfers in kind - purchased market production,HR,Croatia,1996,,20.2,,,,,
dataflow,ESTAT:GOV_10A_EXP(1.0),General government expenditure by function (COFOG),A,Annual,PC_GDP,Percentage of gross domestic product (GDP),S13,General government,TOTAL,Total,D62_D632,Social benefits other than social transfers in kind and social transfers in kind - purchased market production,HR,Croatia,1997,,19.6,,,,,
dataflow,ESTAT:GOV_10A_EXP(1.0),General government expenditure by function (COFOG),A,Annual,PC_GDP,Percentage of gross domestic product (GDP),S13,General government,TOTAL,Total,D62_D632,Social benefits other than social transfers in kind and social transfers in kind - purchased market production,HR,Croatia,1998,,18.5,,,,,
dataflow,ESTAT:GOV_10A_EXP(1.0),General government expenditure by function (COFOG),A,Annual,PC_GDP,Percentage of gross domestic product (GDP),S13,General government,TOTAL,Total,D62_D632,Social benefits other than social transfers in kind and social transfers in kind - purchased market production,HR,Croatia,1999,,19.0,,,,,
dataflow,ESTAT:GOV_10A_EXP(1.0),General government expenditure by function (COFOG),A,Annual,PC_GDP,Percentage of gross domestic product (GDP),S13,General government,TOTAL,Total,D62_D632,Social benefits other than social transfers in kind and social transfers in kind - purchased market production,HR,Croatia,2000,,18.0,,,,,
dataflow,ESTAT:GOV_10A_EXP(1.0),General government expenditure by function (COFOG),A,Annual,PC_GDP,Percentage of gross domestic product (GDP),S13,General government,TOTAL,Total,D62_D632,Social benefits other than social transfers in kind and social transfers in kind - purchased market production,HR,Croatia,2001,,17.6,,,,,
dataflow,ESTAT:GOV_10A_EXP(1.0),General government expenditure by function (COFOG),A,Annual,PC_GDP,Percentage of gross domestic product (GDP),S13,General government,TOTAL,Total,D62_D632,Social benefits other than social transfers in kind and social transfers in kind - purchased market production,HR,Croatia,2002,,17.9,,,,,
dataflow,ESTAT:GOV_10A_EXP(1.0),General government expenditure by function (COFOG),A,Annual,PC_GDP,Percentage of gross domestic product (GDP),S13,General government,TOTAL,Total,D62_D632,Social benefits other than social transfers in kind and social transfers in kind - purchased market production,HR,Croatia,2003,,16.5,,,,,
dataflow,ESTAT:GOV_10A_EXP(1.0),General government expenditure by function (COFOG),A,Annual,PC_GDP,Percentage of gross domestic product (GDP),S13,General government,TOTAL,Total,D62_D632,Social benefits other than social transfers in kind and social transfers in kind - purchased market production,HR,Croatia,2004,,15.8,,,,,
dataflow,ESTAT:GOV_10A_EXP(1.0),General government expenditure by function (COFOG),A,Annual,PC_GDP,Percentage of gross domestic product (GDP),S13,General government,TOTAL,Total,D62_D632,Social benefits other than social transfers in kind and social transfers in kind - purchased market production,HR,Croatia,2005,,15.1,,,,,
dataflow,ESTAT:GOV_10A_EXP(1.0),General government expenditure by function (COFOG),A,Annual,PC_GDP,Percentage of gross domestic product (GDP),S13,General government,TOTAL,Total,D62_D632,Social benefits other than social transfers in kind and social transfers in kind - purchased market production,HR,Croatia,2006,,14.7,,,,,
dataflow,ESTAT:GOV_10A_EXP(1.0),General government expenditure by function (COFOG),A,Annual,PC_GDP,Percentage of gross domestic product (GDP),S13,General government,TOTAL,Total,D62_D632,Social benefits other than social transfers in kind and social transfers in kind - purchased market production,HR,Croatia,2007,,14.2,,,,,
dataflow,ESTAT:GOV_10A_EXP(1.0),General government expenditure by function (COFOG),A,Annual,PC_GDP,Percentage of gross domestic product (GDP),S13,General government,TOTAL,Total,D62_D632,Social benefits other than social transfers in kind and social transfers in kind - purchased market production,HR,Croatia,2008,,14.1,,,,,
dataflow,ESTAT:GOV_10A_EXP(1.0),General government expenditure by function (COFOG),A,Annual,PC_GDP,Percentage of gross domestic product (GDP),S13,General government,TOTAL,Total,D62_D632,Social benefits other than social transfers in kind and social transfers in kind - purchased market production,HR,Croatia,2009,,15.4,,,,,
dataflow,ESTAT:GOV_10A_EXP(1.0),General government expenditure by function (COFOG),A,Annual,PC_GDP,Percentage of gross domestic product (GDP),S13,General government,TOTAL,Total,D62_D632,Social benefits other than social transfers in kind and social transfers in kind - purchased market production,HR,Croatia,2010,,15.7,,,,,
dataflow,ESTAT:GOV_10A_EXP(1.0),General government expenditure by function (COFOG),A,Annual,PC_GDP,Percentage of gross domestic product (GDP),S13,General government,TOTAL,Total,D62_D632,Social benefits other than social transfers in kind and social transfers in kind - purchased market production,HR,Croatia,2011,,15.6,,,,,
dataflow,ESTAT:GOV_10A_EXP(1.0),General government expenditure by function (COFOG),A,Annual,PC_GDP,Percentage of gross domestic product (GDP),S13,General government,TOTAL,Total,D62_D632,Social benefits other than social transfers in kind and social transfers in kind - purchased market production,HR,Croatia,2012,,15.9,,,,,
dataflow,ESTAT:GOV_10A_EXP(1.0),General government expenditure by function (COFOG),A,Annual,PC_GDP,Percentage of gross domestic product (GDP),S13,General government,TOTAL,Total,D62_D632,Social benefits other than social transfers in kind and social transfers in kind - purchased market production,HR,Croatia,2013,,16.2,,,,,
dataflow,ESTAT:GOV_10A_EXP(1.0),General government expenditure by function (COFOG),A,Annual,PC_GDP,Percentage of gross domestic product (GDP),S13,General government,TOTAL,Total,D62_D632,Social benefits other than social transfers in kind and social transfers in kind - purchased market production,HR,Croatia,2014,,16.6,,,,,
dataflow,ESTAT:GOV_10A_EXP(1.0),General government expenditure by function (COFOG),A,Annual,PC_GDP,Percentage of gross domestic product (GDP),S13,General government,TOTAL,Total,D62_D632,Social benefits other than social transfers in kind and social transfers in kind - purchased market production,HR,Croatia,2015,,16.7,,,,,
dataflow,ESTAT:GOV_10A_EXP(1.0),General government expenditure by function (COFOG),A,Annual,PC_GDP,Percentage of gross domestic product (GDP),S13,General government,TOTAL,Total,D62_D632,Social benefits other than social transfers in kind and social transfers in kind - purchased market production,HR,Croatia,2016,,15.6,,,,,
dataflow,ESTAT:GOV_10A_EXP(1.0),General government expenditure by function (COFOG),A,Annual,PC_GDP,Percentage of gross domestic product (GDP),S13,General government,TOTAL,Total,D62_D632,Social benefits other than social transfers in kind and social transfers in kind - purchased market production,HR,Croatia,2017,,15.3,,,,,
dataflow,ESTAT:GOV_10A_EXP(1.0),General government expenditure by function (COFOG),A,Annual,PC_GDP,Percentage of gross domestic product (GDP),S13,General government,TOTAL,Total,D62_D632,Social benefits other than social transfers in kind and social transfers in kind - purchased market production,HR,Croatia,2018,,15.1,,,,,
dataflow,ESTAT:GOV_10A_EXP(1.0),General government expenditure by function (COFOG),A,Annual,PC_GDP,Percentage of gross domestic product (GDP),S13,General government,TOTAL,Total,D62_D632,Social benefits other than social transfers in kind and social transfers in kind - purchased market production,HR,Croatia,2019,,15.0,,,,,
dataflow,ESTAT:GOV_10A_EXP(1.0),General government expenditure by function (COFOG),A,Annual,PC_GDP,Percentage of gross domestic product (GDP),S13,General government,TOTAL,Total,D62_D632,Social benefits other than social transfers in kind and social transfers in kind - purchased market production,HR,Croatia,2020,,16.9,,,,,
dataflow,ESTAT:GOV_10A_EXP(1.0),General government expenditure by function (COFOG),A,Annual,PC_GDP,Percentage of gross domestic product (GDP),S13,General government,TOTAL,Total,D62_D632,Social benefits other than social transfers in kind and social transfers in kind - purchased market production,HU,Hungary,1995,,17.2,,,,,
dataflow,ESTAT:GOV_10A_EXP(1.0),General government expenditure by function (COFOG),A,Annual,PC_GDP,Percentage of gross domestic product (GDP),S13,General government,TOTAL,Total,D62_D632,Social benefits other than social transfers in kind and social transfers in kind - purchased market production,HU,Hungary,1996,,15.7,,,,,
dataflow,ESTAT:GOV_10A_EXP(1.0),General government expenditure by function (COFOG),A,Annual,PC_GDP,Percentage of gross domestic product (GDP),S13,General government,TOTAL,Total,D62_D632,Social benefits other than social transfers in kind and social transfers in kind - purchased market production,HU,Hungary,1997,,15.0,,,,,
dataflow,ESTAT:GOV_10A_EXP(1.0),General government expenditure by function (COFOG),A,Annual,PC_GDP,Percentage of gross domestic product (GDP),S13,General government,TOTAL,Total,D62_D632,Social benefits other than social transfers in kind and social transfers in kind - purchased market production,HU,Hungary,1998,,15.6,,,,,
dataflow,ESTAT:GOV_10A_EXP(1.0),General government expenditure by function (COFOG),A,Annual,PC_GDP,Percentage of gross domestic product (GDP),S13,General government,TOTAL,Total,D62_D632,Social benefits other than social transfers in kind and social transfers in kind - purchased market production,HU,Hungary,1999,,15.7,,,,,
dataflow,ESTAT:GOV_10A_EXP(1.0),General government expenditure by function (COFOG),A,Annual,PC_GDP,Percentage of gross domestic product (GDP),S13,General government,TOTAL,Total,D62_D632,Social benefits other than social transfers in kind and social transfers in kind - purchased market production,HU,Hungary,2000,,15.1,,,,,
dataflow,ESTAT:GOV_10A_EXP(1.0),General government expenditure by function (COFOG),A,Annual,PC_GDP,Percentage of gross domestic product (GDP),S13,General government,TOTAL,Total,D62_D632,Social benefits other than social transfers in kind and social transfers in kind - purchased market production,HU,Hungary,2001,,14.9,,,,,
dataflow,ESTAT:GOV_10A_EXP(1.0),General government expenditure by function (COFOG),A,Annual,PC_GDP,Percentage of gross domestic product (GDP),S13,General government,TOTAL,Total,D62_D632,Social benefits other than social transfers in kind and social transfers in kind - purchased market production,HU,Hungary,2002,,15.7,,,,,
dataflow,ESTAT:GOV_10A_EXP(1.0),General government expenditure by function (COFOG),A,Annual,PC_GDP,Percentage of gross domestic product (GDP),S13,General government,TOTAL,Total,D62_D632,Social benefits other than social transfers in kind and social transfers in kind - purchased market production,HU,Hungary,2003,,16.4,,,,,
dataflow,ESTAT:GOV_10A_EXP(1.0),General government expenditure by function (COFOG),A,Annual,PC_GDP,Percentage of gross domestic product (GDP),S13,General government,TOTAL,Total,D62_D632,Social benefits other than social transfers in kind and social transfers in kind - purchased market production,HU,Hungary,2004,,16.6,,,,,
dataflow,ESTAT:GOV_10A_EXP(1.0),General government expenditure by function (COFOG),A,Annual,PC_GDP,Percentage of gross domestic product (GDP),S13,General government,TOTAL,Total,D62_D632,Social benefits other than social transfers in kind and social transfers in kind - purchased market production,HU,Hungary,2005,,17.3,,,,,
dataflow,ESTAT:GOV_10A_EXP(1.0),General government expenditure by function (COFOG),A,Annual,PC_GDP,Percentage of gross domestic product (GDP),S13,General government,TOTAL,Total,D62_D632,Social benefits other than social transfers in kind and social transfers in kind - purchased market production,HU,Hungary,2006,,18.1,,,,,
dataflow,ESTAT:GOV_10A_EXP(1.0),General government expenditure by function (COFOG),A,Annual,PC_GDP,Percentage of gross domestic product (GDP),S13,General government,TOTAL,Total,D62_D632,Social benefits other than social transfers in kind and social transfers in kind - purchased market production,HU,Hungary,2007,,17.9,,,,,
dataflow,ESTAT:GOV_10A_EXP(1.0),General government expenditure by function (COFOG),A,Annual,PC_GDP,Percentage of gross domestic product (GDP),S13,General government,TOTAL,Total,D62_D632,Social benefits other than social transfers in kind and social transfers in kind - purchased market production,HU,Hungary,2008,,18.1,,,,,
dataflow,ESTAT:GOV_10A_EXP(1.0),General government expenditure by function (COFOG),A,Annual,PC_GDP,Percentage of gross domestic product (GDP),S13,General government,TOTAL,Total,D62_D632,Social benefits other than social transfers in kind and social transfers in kind - purchased market production,HU,Hungary,2009,,18.8,,,,,
dataflow,ESTAT:GOV_10A_EXP(1.0),General government expenditure by function (COFOG),A,Annual,PC_GDP,Percentage of gross domestic product (GDP),S13,General government,TOTAL,Total,D62_D632,Social benefits other than social transfers in kind and social transfers in kind - purchased market production,HU,Hungary,2010,,17.9,,,,,
dataflow,ESTAT:GOV_10A_EXP(1.0),General government expenditure by function (COFOG),A,Annual,PC_GDP,Percentage of gross domestic product (GDP),S13,General government,TOTAL,Total,D62_D632,Social benefits other than social transfers in kind and social transfers in kind - purchased market production,HU,Hungary,2011,,17.7,,,,,
dataflow,ESTAT:GOV_10A_EXP(1.0),General government expenditure by function (COFOG),A,Annual,PC_GDP,Percentage of gross domestic product (GDP),S13,General government,TOTAL,Total,D62_D632,Social benefits other than social transfers in kind and social transfers in kind - purchased market production,HU,Hungary,2012,,17.3,,,,,
dataflow,ESTAT:GOV_10A_EXP(1.0),General government expenditure by function (COFOG),A,Annual,PC_GDP,Percentage of gross domestic product (GDP),S13,General government,TOTAL,Total,D62_D632,Social benefits other than social transfers in kind and social transfers in kind - purchased market production,HU,Hungary,2013,,16.9,,,,,
dataflow,ESTAT:GOV_10A_EXP(1.0),General government expenditure by function (COFOG),A,Annual,PC_GDP,Percentage of gross domestic product (GDP),S13,General government,TOTAL,Total,D62_D632,Social benefits other than social transfers in kind and social transfers in kind - purchased market production,HU,Hungary,2014,,15.7,,,,,
dataflow,ESTAT:GOV_10A_EXP(1.0),General government expenditure by function (COFOG),A,Annual,PC_GDP,Percentage of gross domestic product (GDP),S13,General government,TOTAL,Total,D62_D632,Social benefits other than social transfers in kind and social transfers in kind - purchased market production,HU,Hungary,2015,,14.6,,,,,
dataflow,ESTAT:GOV_10A_EXP(1.0),General government expenditure by function (COFOG),A,Annual,PC_GDP,Percentage of gross domestic product (GDP),S13,General government,TOTAL,Total,D62_D632,Social benefits other than social transfers in kind and social transfers in kind - purchased market production,HU,Hungary,2016,,14.3,,,,,
dataflow,ESTAT:GOV_10A_EXP(1.0),General government expenditure by function (COFOG),A,Annual,PC_GDP,Percentage of gross domestic product (GDP),S13,General government,TOTAL,Total,D62_D632,Social benefits other than social transfers in kind and social transfers in kind - purchased market production,HU,Hungary,2017,,13.6,,,,,
dataflow,ESTAT:GOV_10A_EXP(1.0),General government expenditure by function (COFOG),A,Annual,PC_GDP,Percentage of gross domestic product (GDP),S13,General government,TOTAL,Total,D62_D632,Social benefits other than social transfers in kind and social transfers in kind - purchased market production,HU,Hungary,2018,,12.7,,,,,
dataflow,ESTAT:GOV_10A_EXP(1.0),General government expenditure by function (COFOG),A,Annual,PC_GDP,Percentage of gross domestic product (GDP),S13,General government,TOTAL,Total,D62_D632,Social benefits other than social transfers in kind and social transfers in kind - purchased market production,HU,Hungary,2019,,12.0,,,,,
dataflow,ESTAT:GOV_10A_EXP(1.0),General government expenditure by function (COFOG),A,Annual,PC_GDP,Percentage of gross domestic product (GDP),S13,General government,TOTAL,Total,D62_D632,Social benefits other than social transfers in kind and social transfers in kind - purchased market production,HU,Hungary,2020,,12.4,,,,,
dataflow,ESTAT:GOV_10A_EXP(1.0),General government expenditure by function (COFOG),A,Annual,PC_GDP,Percentage of gross domestic product (GDP),S13,General government,TOTAL,Total,D62_D632,Social benefits other than social transfers in kind and social transfers in kind - purchased market production,IE,Ireland,1995,,11.5,,,,,
dataflow,ESTAT:GOV_10A_EXP(1.0),General government expenditure by function (COFOG),A,Annual,PC_GDP,Percentage of gross domestic product (GDP),S13,General government,TOTAL,Total,D62_D632,Social benefits other than social transfers in kind and social transfers in kind - purchased market production,IE,Ireland,1996,,11.2,,,,,
dataflow,ESTAT:GOV_10A_EXP(1.0),General government expenditure by function (COFOG),A,Annual,PC_GDP,Percentage of gross domestic product (GDP),S13,General government,TOTAL,Total,D62_D632,Social benefits other than social transfers in kind and social transfers in kind - purchased market production,IE,Ireland,1997,,11.3,,,,,
dataflow,ESTAT:GOV_10A_EXP(1.0),General government expenditure by function (COFOG),A,Annual,PC_GDP,Percentage of gross domestic product (GDP),S13,General government,TOTAL,Total,D62_D632,Social benefits other than social transfers in kind and social transfers in kind - purchased market production,IE,Ireland,1998,,10.4,,,,,
dataflow,ESTAT:GOV_10A_EXP(1.0),General government expenditure by function (COFOG),A,Annual,PC_GDP,Percentage of gross domestic product (GDP),S13,General government,TOTAL,Total,D62_D632,Social benefits other than social transfers in kind and social transfers in kind - purchased market production,IE,Ireland,1999,,9.2,,,,,
dataflow,ESTAT:GOV_10A_EXP(1.0),General government expenditure by function (COFOG),A,Annual,PC_GDP,Percentage of gross domestic product (GDP),S13,General government,TOTAL,Total,D62_D632,Social benefits other than social transfers in kind and social transfers in kind - purchased market production,IE,Ireland,2000,,8.5,,,,,
dataflow,ESTAT:GOV_10A_EXP(1.0),General government expenditure by function (COFOG),A,Annual,PC_GDP,Percentage of gross domestic product (GDP),S13,General government,TOTAL,Total,D62_D632,Social benefits other than social transfers in kind and social transfers in kind - purchased market production,IE,Ireland,2001,,9.1,,,,,
dataflow,ESTAT:GOV_10A_EXP(1.0),General government expenditure by function (COFOG),A,Annual,PC_GDP,Percentage of gross domestic product (GDP),S13,General government,TOTAL,Total,D62_D632,Social benefits other than social transfers in kind and social transfers in kind - purchased market production,IE,Ireland,2002,,9.7,,,,,
dataflow,ESTAT:GOV_10A_EXP(1.0),General government expenditure by function (COFOG),A,Annual,PC_GDP,Percentage of gross domestic product (GDP),S13,General government,TOTAL,Total,D62_D632,Social benefits other than social transfers in kind and social transfers in kind - purchased market production,IE,Ireland,2003,,9.7,,,,,
dataflow,ESTAT:GOV_10A_EXP(1.0),General government expenditure by function (COFOG),A,Annual,PC_GDP,Percentage of gross domestic product (GDP),S13,General government,TOTAL,Total,D62_D632,Social benefits other than social transfers in kind and social transfers in kind - purchased market production,IE,Ireland,2004,,10.0,,,,,
dataflow,ESTAT:GOV_10A_EXP(1.0),General government expenditure by function (COFOG),A,Annual,PC_GDP,Percentage of gross domestic product (GDP),S13,General government,TOTAL,Total,D62_D632,Social benefits other than social transfers in kind and social transfers in kind - purchased market production,IE,Ireland,2005,,10.5,,,,,
dataflow,ESTAT:GOV_10A_EXP(1.0),General government expenditure by function (COFOG),A,Annual,PC_GDP,Percentage of gross domestic product (GDP),S13,General government,TOTAL,Total,D62_D632,Social benefits other than social transfers in kind and social transfers in kind - purchased market production,IE,Ireland,2006,,10.8,,,,,
dataflow,ESTAT:GOV_10A_EXP(1.0),General government expenditure by function (COFOG),A,Annual,PC_GDP,Percentage of gross domestic product (GDP),S13,General government,TOTAL,Total,D62_D632,Social benefits other than social transfers in kind and social transfers in kind - purchased market production,IE,Ireland,2007,,11.5,,,,,
dataflow,ESTAT:GOV_10A_EXP(1.0),General government expenditure by function (COFOG),A,Annual,PC_GDP,Percentage of gross domestic product (GDP),S13,General government,TOTAL,Total,D62_D632,Social benefits other than social transfers in kind and social transfers in kind - purchased market production,IE,Ireland,2008,,13.7,,,,,
dataflow,ESTAT:GOV_10A_EXP(1.0),General government expenditure by function (COFOG),A,Annual,PC_GDP,Percentage of gross domestic product (GDP),S13,General government,TOTAL,Total,D62_D632,Social benefits other than social transfers in kind and social transfers in kind - purchased market production,IE,Ireland,2009,,16.7,,,,,
dataflow,ESTAT:GOV_10A_EXP(1.0),General government expenditure by function (COFOG),A,Annual,PC_GDP,Percentage of gross domestic product (GDP),S13,General government,TOTAL,Total,D62_D632,Social benefits other than social transfers in kind and social transfers in kind - purchased market production,IE,Ireland,2010,,16.9,,,,,
dataflow,ESTAT:GOV_10A_EXP(1.0),General government expenditure by function (COFOG),A,Annual,PC_GDP,Percentage of gross domestic product (GDP),S13,General government,TOTAL,Total,D62_D632,Social benefits other than social transfers in kind and social transfers in kind - purchased market production,IE,Ireland,2011,,16.4,,,,,
dataflow,ESTAT:GOV_10A_EXP(1.0),General government expenditure by function (COFOG),A,Annual,PC_GDP,Percentage of gross domestic product (GDP),S13,General government,TOTAL,Total,D62_D632,Social benefits other than social transfers in kind and social transfers in kind - purchased market production,IE,Ireland,2012,,16.4,,,,,
dataflow,ESTAT:GOV_10A_EXP(1.0),General government expenditure by function (COFOG),A,Annual,PC_GDP,Percentage of gross domestic product (GDP),S13,General government,TOTAL,Total,D62_D632,Social benefits other than social transfers in kind and social transfers in kind - purchased market production,IE,Ireland,2013,,15.4,,,,,
dataflow,ESTAT:GOV_10A_EXP(1.0),General government expenditure by function (COFOG),A,Annual,PC_GDP,Percentage of gross domestic product (GDP),S13,General government,TOTAL,Total,D62_D632,Social benefits other than social transfers in kind and social transfers in kind - purchased market production,IE,Ireland,2014,,13.8,,,,,
dataflow,ESTAT:GOV_10A_EXP(1.0),General government expenditure by function (COFOG),A,Annual,PC_GDP,Percentage of gross domestic product (GDP),S13,General government,TOTAL,Total,D62_D632,Social benefits other than social transfers in kind and social transfers in kind - purchased market production,IE,Ireland,2015,,10.2,,,,,
dataflow,ESTAT:GOV_10A_EXP(1.0),General government expenditure by function (COFOG),A,Annual,PC_GDP,Percentage of gross domestic product (GDP),S13,General government,TOTAL,Total,D62_D632,Social benefits other than social transfers in kind and social transfers in kind - purchased market production,IE,Ireland,2016,,10.1,,,,,
dataflow,ESTAT:GOV_10A_EXP(1.0),General government expenditure by function (COFOG),A,Annual,PC_GDP,Percentage of gross domestic product (GDP),S13,General government,TOTAL,Total,D62_D632,Social benefits other than social transfers in kind and social transfers in kind - purchased market production,IE,Ireland,2017,,9.3,,,,,
dataflow,ESTAT:GOV_10A_EXP(1.0),General government expenditure by function (COFOG),A,Annual,PC_GDP,Percentage of gross domestic product (GDP),S13,General government,TOTAL,Total,D62_D632,Social benefits other than social transfers in kind and social transfers in kind - purchased market production,IE,Ireland,2018,,8.8,,,,,
dataflow,ESTAT:GOV_10A_EXP(1.0),General government expenditure by function (COFOG),A,Annual,PC_GDP,Percentage of gross domestic product (GDP),S13,General government,TOTAL,Total,D62_D632,Social benefits other than social transfers in kind and social transfers in kind - purchased market production,IE,Ireland,2019,,8.5,,,,,
dataflow,ESTAT:GOV_10A_EXP(1.0),General government expenditure by function (COFOG),A,Annual,PC_GDP,Percentage of gross domestic product (GDP),S13,General government,TOTAL,Total,D62_D632,Social benefits other than social transfers in kind and social transfers in kind - purchased market production,IE,Ireland,2020,,9.7,,,,,
dataflow,ESTAT:GOV_10A_EXP(1.0),General government expenditure by function (COFOG),A,Annual,PC_GDP,Percentage of gross domestic product (GDP),S13,General government,TOTAL,Total,D62_D632,Social benefits other than social transfers in kind and social transfers in kind - purchased market production,IS,Iceland,1998,,7.1,,,,,
dataflow,ESTAT:GOV_10A_EXP(1.0),General government expenditure by function (COFOG),A,Annual,PC_GDP,Percentage of gross domestic product (GDP),S13,General government,TOTAL,Total,D62_D632,Social benefits other than social transfers in kind and social transfers in kind - purchased market production,IS,Iceland,1999,,7.0,,,,,
dataflow,ESTAT:GOV_10A_EXP(1.0),General government expenditure by function (COFOG),A,Annual,PC_GDP,Percentage of gross domestic product (GDP),S13,General government,TOTAL,Total,D62_D632,Social benefits other than social transfers in kind and social transfers in kind - purchased market production,IS,Iceland,2000,,7.1,,,,,
dataflow,ESTAT:GOV_10A_EXP(1.0),General government expenditure by function (COFOG),A,Annual,PC_GDP,Percentage of gross domestic product (GDP),S13,General government,TOTAL,Total,D62_D632,Social benefits other than social transfers in kind and social transfers in kind - purchased market production,IS,Iceland,2001,,7.0,,,,,
dataflow,ESTAT:GOV_10A_EXP(1.0),General government expenditure by function (COFOG),A,Annual,PC_GDP,Percentage of gross domestic product (GDP),S13,General government,TOTAL,Total,D62_D632,Social benefits other than social transfers in kind and social transfers in kind - purchased market production,IS,Iceland,2002,,7.7,,,,,
dataflow,ESTAT:GOV_10A_EXP(1.0),General government expenditure by function (COFOG),A,Annual,PC_GDP,Percentage of gross domestic product (GDP),S13,General government,TOTAL,Total,D62_D632,Social benefits other than social transfers in kind and social transfers in kind - purchased market production,IS,Iceland,2003,,8.7,,,,,
dataflow,ESTAT:GOV_10A_EXP(1.0),General government expenditure by function (COFOG),A,Annual,PC_GDP,Percentage of gross domestic product (GDP),S13,General government,TOTAL,Total,D62_D632,Social benefits other than social transfers in kind and social transfers in kind - purchased market production,IS,Iceland,2004,,8.3,,,,,
dataflow,ESTAT:GOV_10A_EXP(1.0),General government expenditure by function (COFOG),A,Annual,PC_GDP,Percentage of gross domestic product (GDP),S13,General government,TOTAL,Total,D62_D632,Social benefits other than social transfers in kind and social transfers in kind - purchased market production,IS,Iceland,2005,,7.7,,,,,
dataflow,ESTAT:GOV_10A_EXP(1.0),General government expenditure by function (COFOG),A,Annual,PC_GDP,Percentage of gross domestic product (GDP),S13,General government,TOTAL,Total,D62_D632,Social benefits other than social transfers in kind and social transfers in kind - purchased market production,IS,Iceland,2006,,7.1,,,,,
dataflow,ESTAT:GOV_10A_EXP(1.0),General government expenditure by function (COFOG),A,Annual,PC_GDP,Percentage of gross domestic product (GDP),S13,General government,TOTAL,Total,D62_D632,Social benefits other than social transfers in kind and social transfers in kind - purchased market production,IS,Iceland,2007,,7.1,,,,,
dataflow,ESTAT:GOV_10A_EXP(1.0),General government expenditure by function (COFOG),A,Annual,PC_GDP,Percentage of gross domestic product (GDP),S13,General government,TOTAL,Total,D62_D632,Social benefits other than social transfers in kind and social transfers in kind - purchased market production,IS,Iceland,2008,,7.5,,,,,
dataflow,ESTAT:GOV_10A_EXP(1.0),General government expenditure by function (COFOG),A,Annual,PC_GDP,Percentage of gross domestic product (GDP),S13,General government,TOTAL,Total,D62_D632,Social benefits other than social transfers in kind and social transfers in kind - purchased market production,IS,Iceland,2009,,9.6,,,,,
dataflow,ESTAT:GOV_10A_EXP(1.0),General government expenditure by function (COFOG),A,Annual,PC_GDP,Percentage of gross domestic product (GDP),S13,General government,TOTAL,Total,D62_D632,Social benefits other than social transfers in kind and social transfers in kind - purchased market production,IS,Iceland,2010,,9.2,,,,,
dataflow,ESTAT:GOV_10A_EXP(1.0),General government expenditure by function (COFOG),A,Annual,PC_GDP,Percentage of gross domestic product (GDP),S13,General government,TOTAL,Total,D62_D632,Social benefits other than social transfers in kind and social transfers in kind - purchased market production,IS,Iceland,2011,,9.8,,,,,
dataflow,ESTAT:GOV_10A_EXP(1.0),General government expenditure by function (COFOG),A,Annual,PC_GDP,Percentage of gross domestic product (GDP),S13,General government,TOTAL,Total,D62_D632,Social benefits other than social transfers in kind and social transfers in kind - purchased market production,IS,Iceland,2012,,9.2,,,,,
dataflow,ESTAT:GOV_10A_EXP(1.0),General government expenditure by function (COFOG),A,Annual,PC_GDP,Percentage of gross domestic product (GDP),S13,General government,TOTAL,Total,D62_D632,Social benefits other than social transfers in kind and social transfers in kind - purchased market production,IS,Iceland,2013,,8.6,,,,,
dataflow,ESTAT:GOV_10A_EXP(1.0),General government expenditure by function (COFOG),A,Annual,PC_GDP,Percentage of gross domestic product (GDP),S13,General government,TOTAL,Total,D62_D632,Social benefits other than social transfers in kind and social transfers in kind - purchased market production,IS,Iceland,2014,,8.5,,,,,
dataflow,ESTAT:GOV_10A_EXP(1.0),General government expenditure by function (COFOG),A,Annual,PC_GDP,Percentage of gross domestic product (GDP),S13,General government,TOTAL,Total,D62_D632,Social benefits other than social transfers in kind and social transfers in kind - purchased market production,IS,Iceland,2015,,7.9,,,,,
dataflow,ESTAT:GOV_10A_EXP(1.0),General government expenditure by function (COFOG),A,Annual,PC_GDP,Percentage of gross domestic product (GDP),S13,General government,TOTAL,Total,D62_D632,Social benefits other than social transfers in kind and social transfers in kind - purchased market production,IS,Iceland,2016,,7.7,,,,,
dataflow,ESTAT:GOV_10A_EXP(1.0),General government expenditure by function (COFOG),A,Annual,PC_GDP,Percentage of gross domestic product (GDP),S13,General government,TOTAL,Total,D62_D632,Social benefits other than social transfers in kind and social transfers in kind - purchased market production,IS,Iceland,2017,,8.3,,,,,
dataflow,ESTAT:GOV_10A_EXP(1.0),General government expenditure by function (COFOG),A,Annual,PC_GDP,Percentage of gross domestic product (GDP),S13,General government,TOTAL,Total,D62_D632,Social benefits other than social transfers in kind and social transfers in kind - purchased market production,IS,Iceland,2018,,8.5,,,,,
dataflow,ESTAT:GOV_10A_EXP(1.0),General government expenditure by function (COFOG),A,Annual,PC_GDP,Percentage of gross domestic product (GDP),S13,General government,TOTAL,Total,D62_D632,Social benefits other than social transfers in kind and social transfers in kind - purchased market production,IS,Iceland,2019,,9.3,,,,,
dataflow,ESTAT:GOV_10A_EXP(1.0),General government expenditure by function (COFOG),A,Annual,PC_GDP,Percentage of gross domestic product (GDP),S13,General government,TOTAL,Total,D62_D632,Social benefits other than social transfers in kind and social transfers in kind - purchased market production,IS,Iceland,2020,,12.2,,,,,
dataflow,ESTAT:GOV_10A_EXP(1.0),General government expenditure by function (COFOG),A,Annual,PC_GDP,Percentage of gross domestic product (GDP),S13,General government,TOTAL,Total,D62_D632,Social benefits other than social transfers in kind and social transfers in kind - purchased market production,IT,Italy,1995,,17.4,,,,,
dataflow,ESTAT:GOV_10A_EXP(1.0),General government expenditure by function (COFOG),A,Annual,PC_GDP,Percentage of gross domestic product (GDP),S13,General government,TOTAL,Total,D62_D632,Social benefits other than social transfers in kind and social transfers in kind - purchased market production,IT,Italy,1996,,17.7,,,,,
dataflow,ESTAT:GOV_10A_EXP(1.0),General government expenditure by function (COFOG),A,Annual,PC_GDP,Percentage of gross domestic product (GDP),S13,General government,TOTAL,Total,D62_D632,Social benefits other than social transfers in kind and social transfers in kind - purchased market production,IT,Italy,1997,,18.1,,,,,
dataflow,ESTAT:GOV_10A_EXP(1.0),General government expenditure by function (COFOG),A,Annual,PC_GDP,Percentage of gross domestic product (GDP),S13,General government,TOTAL,Total,D62_D632,Social benefits other than social transfers in kind and social transfers in kind - purchased market production,IT,Italy,1998,,17.9,,,,,
dataflow,ESTAT:GOV_10A_EXP(1.0),General government expenditure by function (COFOG),A,Annual,PC_GDP,Percentage of gross domestic product (GDP),S13,General government,TOTAL,Total,D62_D632,Social benefits other than social transfers in kind and social transfers in kind - purchased market production,IT,Italy,1999,,18.2,,,,,
dataflow,ESTAT:GOV_10A_EXP(1.0),General government expenditure by function (COFOG),A,Annual,PC_GDP,Percentage of gross domestic product (GDP),S13,General government,TOTAL,Total,D62_D632,Social benefits other than social transfers in kind and social transfers in kind - purchased market production,IT,Italy,2000,,18.0,,,,,
dataflow,ESTAT:GOV_10A_EXP(1.0),General government expenditure by function (COFOG),A,Annual,PC_GDP,Percentage of gross domestic product (GDP),S13,General government,TOTAL,Total,D62_D632,Social benefits other than social transfers in kind and social transfers in kind - purchased market production,IT,Italy,2001,,18.0,,,,,
dataflow,ESTAT:GOV_10A_EXP(1.0),General government expenditure by function (COFOG),A,Annual,PC_GDP,Percentage of gross domestic product (GDP),S13,General government,TOTAL,Total,D62_D632,Social benefits other than social transfers in kind and social transfers in kind - purchased market production,IT,Italy,2002,,18.3,,,,,
dataflow,ESTAT:GOV_10A_EXP(1.0),General government expenditure by function (COFOG),A,Annual,PC_GDP,Percentage of gross domestic product (GDP),S13,General government,TOTAL,Total,D62_D632,Social benefits other than social transfers in kind and social transfers in kind - purchased market production,IT,Italy,2003,,18.6,,,,,
dataflow,ESTAT:GOV_10A_EXP(1.0),General government expenditure by function (COFOG),A,Annual,PC_GDP,Percentage of gross domestic product (GDP),S13,General government,TOTAL,Total,D62_D632,Social benefits other than social transfers in kind and social transfers in kind - purchased market production,IT,Italy,2004,,18.7,,,,,
dataflow,ESTAT:GOV_10A_EXP(1.0),General government expenditure by function (COFOG),A,Annual,PC_GDP,Percentage of gross domestic product (GDP),S13,General government,TOTAL,Total,D62_D632,Social benefits other than social transfers in kind and social transfers in kind - purchased market production,IT,Italy,2005,,18.9,,,,,
dataflow,ESTAT:GOV_10A_EXP(1.0),General government expenditure by function (COFOG),A,Annual,PC_GDP,Percentage of gross domestic product (GDP),S13,General government,TOTAL,Total,D62_D632,Social benefits other than social transfers in kind and social transfers in kind - purchased market production,IT,Italy,2006,,18.8,,,,,
dataflow,ESTAT:GOV_10A_EXP(1.0),General government expenditure by function (COFOG),A,Annual,PC_GDP,Percentage of gross domestic product (GDP),S13,General government,TOTAL,Total,D62_D632,Social benefits other than social transfers in kind and social transfers in kind - purchased market production,IT,Italy,2007,,18.9,,,,,
dataflow,ESTAT:GOV_10A_EXP(1.0),General government expenditure by function (COFOG),A,Annual,PC_GDP,Percentage of gross domestic product (GDP),S13,General government,TOTAL,Total,D62_D632,Social benefits other than social transfers in kind and social transfers in kind - purchased market production,IT,Italy,2008,,19.5,,,,,
dataflow,ESTAT:GOV_10A_EXP(1.0),General government expenditure by function (COFOG),A,Annual,PC_GDP,Percentage of gross domestic product (GDP),S13,General government,TOTAL,Total,D62_D632,Social benefits other than social transfers in kind and social transfers in kind - purchased market production,IT,Italy,2009,,21.3,,,,,
dataflow,ESTAT:GOV_10A_EXP(1.0),General government expenditure by function (COFOG),A,Annual,PC_GDP,Percentage of gross domestic product (GDP),S13,General government,TOTAL,Total,D62_D632,Social benefits other than social transfers in kind and social transfers in kind - purchased market production,IT,Italy,2010,,21.3,,,,,
dataflow,ESTAT:GOV_10A_EXP(1.0),General government expenditure by function (COFOG),A,Annual,PC_GDP,Percentage of gross domestic product (GDP),S13,General government,TOTAL,Total,D62_D632,Social benefits other than social transfers in kind and social transfers in kind - purchased market production,IT,Italy,2011,,21.1,,,,,
dataflow,ESTAT:GOV_10A_EXP(1.0),General government expenditure by function (COFOG),A,Annual,PC_GDP,Percentage of gross domestic product (GDP),S13,General government,TOTAL,Total,D62_D632,Social benefits other than social transfers in kind and social transfers in kind - purchased market production,IT,Italy,2012,,21.7,,,,,
dataflow,ESTAT:GOV_10A_EXP(1.0),General government expenditure by function (COFOG),A,Annual,PC_GDP,Percentage of gross domestic product (GDP),S13,General government,TOTAL,Total,D62_D632,Social benefits other than social transfers in kind and social transfers in kind - purchased market production,IT,Italy,2013,,22.4,,,,,
dataflow,ESTAT:GOV_10A_EXP(1.0),General government expenditure by function (COFOG),A,Annual,PC_GDP,Percentage of gross domestic product (GDP),S13,General government,TOTAL,Total,D62_D632,Social benefits other than social transfers in kind and social transfers in kind - purchased market production,IT,Italy,2014,,22.7,,,,,
dataflow,ESTAT:GOV_10A_EXP(1.0),General government expenditure by function (COFOG),A,Annual,PC_GDP,Percentage of gross domestic product (GDP),S13,General government,TOTAL,Total,D62_D632,Social benefits other than social transfers in kind and social transfers in kind - purchased market production,IT,Italy,2015,,22.7,,,,,
dataflow,ESTAT:GOV_10A_EXP(1.0),General government expenditure by function (COFOG),A,Annual,PC_GDP,Percentage of gross domestic product (GDP),S13,General government,TOTAL,Total,D62_D632,Social benefits other than social transfers in kind and social transfers in kind - purchased market production,IT,Italy,2016,,22.3,,,,,
dataflow,ESTAT:GOV_10A_EXP(1.0),General government expenditure by function (COFOG),A,Annual,PC_GDP,Percentage of gross domestic product (GDP),S13,General government,TOTAL,Total,D62_D632,Social benefits other than social transfers in kind and social transfers in kind - purchased market production,IT,Italy,2017,,22.2,,,,,
dataflow,ESTAT:GOV_10A_EXP(1.0),General government expenditure by function (COFOG),A,Annual,PC_GDP,Percentage of gross domestic product (GDP),S13,General government,TOTAL,Total,D62_D632,Social benefits other than social transfers in kind and social transfers in kind - purchased market production,IT,Italy,2018,,22.2,,,,,
dataflow,ESTAT:GOV_10A_EXP(1.0),General government expenditure by function (COFOG),A,Annual,PC_GDP,Percentage of gross domestic product (GDP),S13,General government,TOTAL,Total,D62_D632,Social benefits other than social transfers in kind and social transfers in kind - purchased market production,IT,Italy,2019,,22.6,,,,,
dataflow,ESTAT:GOV_10A_EXP(1.0),General government expenditure by function (COFOG),A,Annual,PC_GDP,Percentage of gross domestic product (GDP),S13,General government,TOTAL,Total,D62_D632,Social benefits other than social transfers in kind and social transfers in kind - purchased market production,IT,Italy,2020,,26.7,,,,,
dataflow,ESTAT:GOV_10A_EXP(1.0),General government expenditure by function (COFOG),A,Annual,PC_GDP,Percentage of gross domestic product (GDP),S13,General government,TOTAL,Total,D62_D632,Social benefits other than social transfers in kind and social transfers in kind - purchased market production,LT,Lithuania,1995,,9.7,,,,,
dataflow,ESTAT:GOV_10A_EXP(1.0),General government expenditure by function (COFOG),A,Annual,PC_GDP,Percentage of gross domestic product (GDP),S13,General government,TOTAL,Total,D62_D632,Social benefits other than social transfers in kind and social transfers in kind - purchased market production,LT,Lithuania,1996,,10.4,,,,,
dataflow,ESTAT:GOV_10A_EXP(1.0),General government expenditure by function (COFOG),A,Annual,PC_GDP,Percentage of gross domestic product (GDP),S13,General government,TOTAL,Total,D62_D632,Social benefits other than social transfers in kind and social transfers in kind - purchased market production,LT,Lithuania,1997,,10.8,,,,,
dataflow,ESTAT:GOV_10A_EXP(1.0),General government expenditure by function (COFOG),A,Annual,PC_GDP,Percentage of gross domestic product (GDP),S13,General government,TOTAL,Total,D62_D632,Social benefits other than social transfers in kind and social transfers in kind - purchased market production,LT,Lithuania,1998,,12.6,,,,,
dataflow,ESTAT:GOV_10A_EXP(1.0),General government expenditure by function (COFOG),A,Annual,PC_GDP,Percentage of gross domestic product (GDP),S13,General government,TOTAL,Total,D62_D632,Social benefits other than social transfers in kind and social transfers in kind - purchased market production,LT,Lithuania,1999,,13.9,,,,,
dataflow,ESTAT:GOV_10A_EXP(1.0),General government expenditure by function (COFOG),A,Annual,PC_GDP,Percentage of gross domestic product (GDP),S13,General government,TOTAL,Total,D62_D632,Social benefits other than social transfers in kind and social transfers in kind - purchased market production,LT,Lithuania,2000,,12.9,,,,,
dataflow,ESTAT:GOV_10A_EXP(1.0),General government expenditure by function (COFOG),A,Annual,PC_GDP,Percentage of gross domestic product (GDP),S13,General government,TOTAL,Total,D62_D632,Social benefits other than social transfers in kind and social transfers in kind - purchased market production,LT,Lithuania,2001,,12.6,,,,,
dataflow,ESTAT:GOV_10A_EXP(1.0),General government expenditure by function (COFOG),A,Annual,PC_GDP,Percentage of gross domestic product (GDP),S13,General government,TOTAL,Total,D62_D632,Social benefits other than social transfers in kind and social transfers in kind - purchased market production,LT,Lithuania,2002,,11.4,,,,,
dataflow,ESTAT:GOV_10A_EXP(1.0),General government expenditure by function (COFOG),A,Annual,PC_GDP,Percentage of gross domestic product (GDP),S13,General government,TOTAL,Total,D62_D632,Social benefits other than social transfers in kind and social transfers in kind - purchased market production,LT,Lithuania,2003,,11.2,,,,,
dataflow,ESTAT:GOV_10A_EXP(1.0),General government expenditure by function (COFOG),A,Annual,PC_GDP,Percentage of gross domestic product (GDP),S13,General government,TOTAL,Total,D62_D632,Social benefits other than social transfers in kind and social transfers in kind - purchased market production,LT,Lithuania,2004,,11.2,,,,,
dataflow,ESTAT:GOV_10A_EXP(1.0),General government expenditure by function (COFOG),A,Annual,PC_GDP,Percentage of gross domestic product (GDP),S13,General government,TOTAL,Total,D62_D632,Social benefits other than social transfers in kind and social transfers in kind - purchased market production,LT,Lithuania,2005,,11.1,,,,,
dataflow,ESTAT:GOV_10A_EXP(1.0),General government expenditure by function (COFOG),A,Annual,PC_GDP,Percentage of gross domestic product (GDP),S13,General government,TOTAL,Total,D62_D632,Social benefits other than social transfers in kind and social transfers in kind - purchased market production,LT,Lithuania,2006,,10.9,,,,,
dataflow,ESTAT:GOV_10A_EXP(1.0),General government expenditure by function (COFOG),A,Annual,PC_GDP,Percentage of gross domestic product (GDP),S13,General government,TOTAL,Total,D62_D632,Social benefits other than social transfers in kind and social transfers in kind - purchased market production,LT,Lithuania,2007,,11.2,,,,,
dataflow,ESTAT:GOV_10A_EXP(1.0),General government expenditure by function (COFOG),A,Annual,PC_GDP,Percentage of gross domestic product (GDP),S13,General government,TOTAL,Total,D62_D632,Social benefits other than social transfers in kind and social transfers in kind - purchased market production,LT,Lithuania,2008,,13.2,,,,,
dataflow,ESTAT:GOV_10A_EXP(1.0),General government expenditure by function (COFOG),A,Annual,PC_GDP,Percentage of gross domestic product (GDP),S13,General government,TOTAL,Total,D62_D632,Social benefits other than social transfers in kind and social transfers in kind - purchased market production,LT,Lithuania,2009,,18.1,,,,,
dataflow,ESTAT:GOV_10A_EXP(1.0),General government expenditure by function (COFOG),A,Annual,PC_GDP,Percentage of gross domestic product (GDP),S13,General government,TOTAL,Total,D62_D632,Social benefits other than social transfers in kind and social transfers in kind - purchased market production,LT,Lithuania,2010,,16.4,,,,,
dataflow,ESTAT:GOV_10A_EXP(1.0),General government expenditure by function (COFOG),A,Annual,PC_GDP,Percentage of gross domestic product (GDP),S13,General government,TOTAL,Total,D62_D632,Social benefits other than social transfers in kind and social transfers in kind - purchased market production,LT,Lithuania,2011,,14.6,,,,,
dataflow,ESTAT:GOV_10A_EXP(1.0),General government expenditure by function (COFOG),A,Annual,PC_GDP,Percentage of gross domestic product (GDP),S13,General government,TOTAL,Total,D62_D632,Social benefits other than social transfers in kind and social transfers in kind - purchased market production,LT,Lithuania,2012,,13.8,,,,,
dataflow,ESTAT:GOV_10A_EXP(1.0),General government expenditure by function (COFOG),A,Annual,PC_GDP,Percentage of gross domestic product (GDP),S13,General government,TOTAL,Total,D62_D632,Social benefits other than social transfers in kind and social transfers in kind - purchased market production,LT,Lithuania,2013,,12.9,,,,,
dataflow,ESTAT:GOV_10A_EXP(1.0),General government expenditure by function (COFOG),A,Annual,PC_GDP,Percentage of gross domestic product (GDP),S13,General government,TOTAL,Total,D62_D632,Social benefits other than social transfers in kind and social transfers in kind - purchased market production,LT,Lithuania,2014,,12.5,,,,,
dataflow,ESTAT:GOV_10A_EXP(1.0),General government expenditure by function (COFOG),A,Annual,PC_GDP,Percentage of gross domestic product (GDP),S13,General government,TOTAL,Total,D62_D632,Social benefits other than social transfers in kind and social transfers in kind - purchased market production,LT,Lithuania,2015,,12.5,,,,,
dataflow,ESTAT:GOV_10A_EXP(1.0),General government expenditure by function (COFOG),A,Annual,PC_GDP,Percentage of gross domestic product (GDP),S13,General government,TOTAL,Total,D62_D632,Social benefits other than social transfers in kind and social transfers in kind - purchased market production,LT,Lithuania,2016,,12.6,,,,,
dataflow,ESTAT:GOV_10A_EXP(1.0),General government expenditure by function (COFOG),A,Annual,PC_GDP,Percentage of gross domestic product (GDP),S13,General government,TOTAL,Total,D62_D632,Social benefits other than social transfers in kind and social transfers in kind - purchased market production,LT,Lithuania,2017,,12.5,,,,,
dataflow,ESTAT:GOV_10A_EXP(1.0),General government expenditure by function (COFOG),A,Annual,PC_GDP,Percentage of gross domestic product (GDP),S13,General government,TOTAL,Total,D62_D632,Social benefits other than social transfers in kind and social transfers in kind - purchased market production,LT,Lithuania,2018,,13.3,,,,,
dataflow,ESTAT:GOV_10A_EXP(1.0),General government expenditure by function (COFOG),A,Annual,PC_GDP,Percentage of gross domestic product (GDP),S13,General government,TOTAL,Total,D62_D632,Social benefits other than social transfers in kind and social transfers in kind - purchased market production,LT,Lithuania,2019,,13.8,,,,,
dataflow,ESTAT:GOV_10A_EXP(1.0),General government expenditure by function (COFOG),A,Annual,PC_GDP,Percentage of gross domestic product (GDP),S13,General government,TOTAL,Total,D62_D632,Social benefits other than social transfers in kind and social transfers in kind - purchased market production,LT,Lithuania,2020,,16.3,,,,,
dataflow,ESTAT:GOV_10A_EXP(1.0),General government expenditure by function (COFOG),A,Annual,PC_GDP,Percentage of gross domestic product (GDP),S13,General government,TOTAL,Total,D62_D632,Social benefits other than social transfers in kind and social transfers in kind - purchased market production,LU,Luxembourg,1995,,17.2,,,,,
dataflow,ESTAT:GOV_10A_EXP(1.0),General government expenditure by function (COFOG),A,Annual,PC_GDP,Percentage of gross domestic product (GDP),S13,General government,TOTAL,Total,D62_D632,Social benefits other than social transfers in kind and social transfers in kind - purchased market production,LU,Luxembourg,1996,,17.1,,,,,
dataflow,ESTAT:GOV_10A_EXP(1.0),General government expenditure by function (COFOG),A,Annual,PC_GDP,Percentage of gross domestic product (GDP),S13,General government,TOTAL,Total,D62_D632,Social benefits other than social transfers in kind and social transfers in kind - purchased market production,LU,Luxembourg,1997,,16.9,,,,,
dataflow,ESTAT:GOV_10A_EXP(1.0),General government expenditure by function (COFOG),A,Annual,PC_GDP,Percentage of gross domestic product (GDP),S13,General government,TOTAL,Total,D62_D632,Social benefits other than social transfers in kind and social transfers in kind - purchased market production,LU,Luxembourg,1998,,16.7,,,,,
dataflow,ESTAT:GOV_10A_EXP(1.0),General government expenditure by function (COFOG),A,Annual,PC_GDP,Percentage of gross domestic product (GDP),S13,General government,TOTAL,Total,D62_D632,Social benefits other than social transfers in kind and social transfers in kind - purchased market production,LU,Luxembourg,1999,,16.3,,,,,
dataflow,ESTAT:GOV_10A_EXP(1.0),General government expenditure by function (COFOG),A,Annual,PC_GDP,Percentage of gross domestic product (GDP),S13,General government,TOTAL,Total,D62_D632,Social benefits other than social transfers in kind and social transfers in kind - purchased market production,LU,Luxembourg,2000,,15.4,,,,,
dataflow,ESTAT:GOV_10A_EXP(1.0),General government expenditure by function (COFOG),A,Annual,PC_GDP,Percentage of gross domestic product (GDP),S13,General government,TOTAL,Total,D62_D632,Social benefits other than social transfers in kind and social transfers in kind - purchased market production,LU,Luxembourg,2001,,16.4,,,,,
dataflow,ESTAT:GOV_10A_EXP(1.0),General government expenditure by function (COFOG),A,Annual,PC_GDP,Percentage of gross domestic product (GDP),S13,General government,TOTAL,Total,D62_D632,Social benefits other than social transfers in kind and social transfers in kind - purchased market production,LU,Luxembourg,2002,,17.3,,,,,
dataflow,ESTAT:GOV_10A_EXP(1.0),General government expenditure by function (COFOG),A,Annual,PC_GDP,Percentage of gross domestic product (GDP),S13,General government,TOTAL,Total,D62_D632,Social benefits other than social transfers in kind and social transfers in kind - purchased market production,LU,Luxembourg,2003,,18.2,,,,,
dataflow,ESTAT:GOV_10A_EXP(1.0),General government expenditure by function (COFOG),A,Annual,PC_GDP,Percentage of gross domestic product (GDP),S13,General government,TOTAL,Total,D62_D632,Social benefits other than social transfers in kind and social transfers in kind - purchased market production,LU,Luxembourg,2004,,18.0,,,,,
dataflow,ESTAT:GOV_10A_EXP(1.0),General government expenditure by function (COFOG),A,Annual,PC_GDP,Percentage of gross domestic product (GDP),S13,General government,TOTAL,Total,D62_D632,Social benefits other than social transfers in kind and social transfers in kind - purchased market production,LU,Luxembourg,2005,,18.1,,,,,
dataflow,ESTAT:GOV_10A_EXP(1.0),General government expenditure by function (COFOG),A,Annual,PC_GDP,Percentage of gross domestic product (GDP),S13,General government,TOTAL,Total,D62_D632,Social benefits other than social transfers in kind and social transfers in kind - purchased market production,LU,Luxembourg,2006,,16.8,,,,,
dataflow,ESTAT:GOV_10A_EXP(1.0),General government expenditure by function (COFOG),A,Annual,PC_GDP,Percentage of gross domestic product (GDP),S13,General government,TOTAL,Total,D62_D632,Social benefits other than social transfers in kind and social transfers in kind - purchased market production,LU,Luxembourg,2007,,15.9,,,,,
dataflow,ESTAT:GOV_10A_EXP(1.0),General government expenditure by function (COFOG),A,Annual,PC_GDP,Percentage of gross domestic product (GDP),S13,General government,TOTAL,Total,D62_D632,Social benefits other than social transfers in kind and social transfers in kind - purchased market production,LU,Luxembourg,2008,,16.4,,,,,
dataflow,ESTAT:GOV_10A_EXP(1.0),General government expenditure by function (COFOG),A,Annual,PC_GDP,Percentage of gross domestic product (GDP),S13,General government,TOTAL,Total,D62_D632,Social benefits other than social transfers in kind and social transfers in kind - purchased market production,LU,Luxembourg,2009,,18.7,,,,,
dataflow,ESTAT:GOV_10A_EXP(1.0),General government expenditure by function (COFOG),A,Annual,PC_GDP,Percentage of gross domestic product (GDP),S13,General government,TOTAL,Total,D62_D632,Social benefits other than social transfers in kind and social transfers in kind - purchased market production,LU,Luxembourg,2010,,18.0,,,,,
dataflow,ESTAT:GOV_10A_EXP(1.0),General government expenditure by function (COFOG),A,Annual,PC_GDP,Percentage of gross domestic product (GDP),S13,General government,TOTAL,Total,D62_D632,Social benefits other than social transfers in kind and social transfers in kind - purchased market production,LU,Luxembourg,2011,,17.8,,,,,
dataflow,ESTAT:GOV_10A_EXP(1.0),General government expenditure by function (COFOG),A,Annual,PC_GDP,Percentage of gross domestic product (GDP),S13,General government,TOTAL,Total,D62_D632,Social benefits other than social transfers in kind and social transfers in kind - purchased market production,LU,Luxembourg,2012,,18.2,,,,,
dataflow,ESTAT:GOV_10A_EXP(1.0),General government expenditure by function (COFOG),A,Annual,PC_GDP,Percentage of gross domestic product (GDP),S13,General government,TOTAL,Total,D62_D632,Social benefits other than social transfers in kind and social transfers in kind - purchased market production,LU,Luxembourg,2013,,18.4,,,,,
dataflow,ESTAT:GOV_10A_EXP(1.0),General government expenditure by function (COFOG),A,Annual,PC_GDP,Percentage of gross domestic product (GDP),S13,General government,TOTAL,Total,D62_D632,Social benefits other than social transfers in kind and social transfers in kind - purchased market production,LU,Luxembourg,2014,,18.2,,,,,
dataflow,ESTAT:GOV_10A_EXP(1.0),General government expenditure by function (COFOG),A,Annual,PC_GDP,Percentage of gross domestic product (GDP),S13,General government,TOTAL,Total,D62_D632,Social benefits other than social transfers in kind and social transfers in kind - purchased market production,LU,Luxembourg,2015,,17.8,,,,,
dataflow,ESTAT:GOV_10A_EXP(1.0),General government expenditure by function (COFOG),A,Annual,PC_GDP,Percentage of gross domestic product (GDP),S13,General government,TOTAL,Total,D62_D632,Social benefits other than social transfers in kind and social transfers in kind - purchased market production,LU,Luxembourg,2016,,17.4,,,,,
dataflow,ESTAT:GOV_10A_EXP(1.0),General government expenditure by function (COFOG),A,Annual,PC_GDP,Percentage of gross domestic product (GDP),S13,General government,TOTAL,Total,D62_D632,Social benefits other than social transfers in kind and social transfers in kind - purchased market production,LU,Luxembourg,2017,,17.9,,,,,
dataflow,ESTAT:GOV_10A_EXP(1.0),General government expenditure by function (COFOG),A,Annual,PC_GDP,Percentage of gross domestic product (GDP),S13,General government,TOTAL,Total,D62_D632,Social benefits other than social transfers in kind and social transfers in kind - purchased market production,LU,Luxembourg,2018,,18.1,,,,,
dataflow,ESTAT:GOV_10A_EXP(1.0),General government expenditure by function (COFOG),A,Annual,PC_GDP,Percentage of gross domestic product (GDP),S13,General government,TOTAL,Total,D62_D632,Social benefits other than social transfers in kind and social transfers in kind - purchased market production,LU,Luxembourg,2019,,18.4,,,,,
dataflow,ESTAT:GOV_10A_EXP(1.0),General government expenditure by function (COFOG),A,Annual,PC_GDP,Percentage of gross domestic product (GDP),S13,General government,TOTAL,Total,D62_D632,Social benefits other than social transfers in kind and social transfers in kind - purchased market production,LU,Luxembourg,2020,,20.7,,,,,
dataflow,ESTAT:GOV_10A_EXP(1.0),General government expenditure by function (COFOG),A,Annual,PC_GDP,Percentage of gross domestic product (GDP),S13,General government,TOTAL,Total,D62_D632,Social benefits other than social transfers in kind and social transfers in kind - purchased market production,LV,Latvia,1995,,12.0,,,,,
dataflow,ESTAT:GOV_10A_EXP(1.0),General government expenditure by function (COFOG),A,Annual,PC_GDP,Percentage of gross domestic product (GDP),S13,General government,TOTAL,Total,D62_D632,Social benefits other than social transfers in kind and social transfers in kind - purchased market production,LV,Latvia,1996,,12.6,,,,,
dataflow,ESTAT:GOV_10A_EXP(1.0),General government expenditure by function (COFOG),A,Annual,PC_GDP,Percentage of gross domestic product (GDP),S13,General government,TOTAL,Total,D62_D632,Social benefits other than social transfers in kind and social transfers in kind - purchased market production,LV,Latvia,1997,,12.3,,,,,
dataflow,ESTAT:GOV_10A_EXP(1.0),General government expenditure by function (COFOG),A,Annual,PC_GDP,Percentage of gross domestic product (GDP),S13,General government,TOTAL,Total,D62_D632,Social benefits other than social transfers in kind and social transfers in kind - purchased market production,LV,Latvia,1998,,13.0,,,,,
dataflow,ESTAT:GOV_10A_EXP(1.0),General government expenditure by function (COFOG),A,Annual,PC_GDP,Percentage of gross domestic product (GDP),S13,General government,TOTAL,Total,D62_D632,Social benefits other than social transfers in kind and social transfers in kind - purchased market production,LV,Latvia,1999,,14.9,,,,,
dataflow,ESTAT:GOV_10A_EXP(1.0),General government expenditure by function (COFOG),A,Annual,PC_GDP,Percentage of gross domestic product (GDP),S13,General government,TOTAL,Total,D62_D632,Social benefits other than social transfers in kind and social transfers in kind - purchased market production,LV,Latvia,2000,,12.5,,,,,
dataflow,ESTAT:GOV_10A_EXP(1.0),General government expenditure by function (COFOG),A,Annual,PC_GDP,Percentage of gross domestic product (GDP),S13,General government,TOTAL,Total,D62_D632,Social benefits other than social transfers in kind and social transfers in kind - purchased market production,LV,Latvia,2001,,11.3,,,,,
dataflow,ESTAT:GOV_10A_EXP(1.0),General government expenditure by function (COFOG),A,Annual,PC_GDP,Percentage of gross domestic product (GDP),S13,General government,TOTAL,Total,D62_D632,Social benefits other than social transfers in kind and social transfers in kind - purchased market production,LV,Latvia,2002,,11.1,,,,,
dataflow,ESTAT:GOV_10A_EXP(1.0),General government expenditure by function (COFOG),A,Annual,PC_GDP,Percentage of gross domestic product (GDP),S13,General government,TOTAL,Total,D62_D632,Social benefits other than social transfers in kind and social transfers in kind - purchased market production,LV,Latvia,2003,,10.3,,,,,
dataflow,ESTAT:GOV_10A_EXP(1.0),General government expenditure by function (COFOG),A,Annual,PC_GDP,Percentage of gross domestic product (GDP),S13,General government,TOTAL,Total,D62_D632,Social benefits other than social transfers in kind and social transfers in kind - purchased market production,LV,Latvia,2004,,10.1,,,,,
dataflow,ESTAT:GOV_10A_EXP(1.0),General government expenditure by function (COFOG),A,Annual,PC_GDP,Percentage of gross domestic product (GDP),S13,General government,TOTAL,Total,D62_D632,Social benefits other than social transfers in kind and social transfers in kind - purchased market production,LV,Latvia,2005,,9.6,,,,,
dataflow,ESTAT:GOV_10A_EXP(1.0),General government expenditure by function (COFOG),A,Annual,PC_GDP,Percentage of gross domestic product (GDP),S13,General government,TOTAL,Total,D62_D632,Social benefits other than social transfers in kind and social transfers in kind - purchased market production,LV,Latvia,2006,,9.2,,,,,
dataflow,ESTAT:GOV_10A_EXP(1.0),General government expenditure by function (COFOG),A,Annual,PC_GDP,Percentage of gross domestic product (GDP),S13,General government,TOTAL,Total,D62_D632,Social benefits other than social transfers in kind and social transfers in kind - purchased market production,LV,Latvia,2007,,8.3,,,,,
dataflow,ESTAT:GOV_10A_EXP(1.0),General government expenditure by function (COFOG),A,Annual,PC_GDP,Percentage of gross domestic product (GDP),S13,General government,TOTAL,Total,D62_D632,Social benefits other than social transfers in kind and social transfers in kind - purchased market production,LV,Latvia,2008,,9.5,,,,,
dataflow,ESTAT:GOV_10A_EXP(1.0),General government expenditure by function (COFOG),A,Annual,PC_GDP,Percentage of gross domestic product (GDP),S13,General government,TOTAL,Total,D62_D632,Social benefits other than social transfers in kind and social transfers in kind - purchased market production,LV,Latvia,2009,,14.4,,,,,
dataflow,ESTAT:GOV_10A_EXP(1.0),General government expenditure by function (COFOG),A,Annual,PC_GDP,Percentage of gross domestic product (GDP),S13,General government,TOTAL,Total,D62_D632,Social benefits other than social transfers in kind and social transfers in kind - purchased market production,LV,Latvia,2010,,14.7,,,,,
dataflow,ESTAT:GOV_10A_EXP(1.0),General government expenditure by function (COFOG),A,Annual,PC_GDP,Percentage of gross domestic product (GDP),S13,General government,TOTAL,Total,D62_D632,Social benefits other than social transfers in kind and social transfers in kind - purchased market production,LV,Latvia,2011,,13.0,,,,,
dataflow,ESTAT:GOV_10A_EXP(1.0),General government expenditure by function (COFOG),A,Annual,PC_GDP,Percentage of gross domestic product (GDP),S13,General government,TOTAL,Total,D62_D632,Social benefits other than social transfers in kind and social transfers in kind - purchased market production,LV,Latvia,2012,,11.8,,,,,
dataflow,ESTAT:GOV_10A_EXP(1.0),General government expenditure by function (COFOG),A,Annual,PC_GDP,Percentage of gross domestic product (GDP),S13,General government,TOTAL,Total,D62_D632,Social benefits other than social transfers in kind and social transfers in kind - purchased market production,LV,Latvia,2013,,11.9,,,,,
dataflow,ESTAT:GOV_10A_EXP(1.0),General government expenditure by function (COFOG),A,Annual,PC_GDP,Percentage of gross domestic product (GDP),S13,General government,TOTAL,Total,D62_D632,Social benefits other than social transfers in kind and social transfers in kind - purchased market production,LV,Latvia,2014,,11.7,,,,,
dataflow,ESTAT:GOV_10A_EXP(1.0),General government expenditure by function (COFOG),A,Annual,PC_GDP,Percentage of gross domestic product (GDP),S13,General government,TOTAL,Total,D62_D632,Social benefits other than social transfers in kind and social transfers in kind - purchased market production,LV,Latvia,2015,,11.9,,,,,
dataflow,ESTAT:GOV_10A_EXP(1.0),General government expenditure by function (COFOG),A,Annual,PC_GDP,Percentage of gross domestic product (GDP),S13,General government,TOTAL,Total,D62_D632,Social benefits other than social transfers in kind and social transfers in kind - purchased market production,LV,Latvia,2016,,12.2,,,,,
dataflow,ESTAT:GOV_10A_EXP(1.0),General government expenditure by function (COFOG),A,Annual,PC_GDP,Percentage of gross domestic product (GDP),S13,General government,TOTAL,Total,D62_D632,Social benefits other than social transfers in kind and social transfers in kind - purchased market production,LV,Latvia,2017,,12.0,,,,,
dataflow,ESTAT:GOV_10A_EXP(1.0),General government expenditure by function (COFOG),A,Annual,PC_GDP,Percentage of gross domestic product (GDP),S13,General government,TOTAL,Total,D62_D632,Social benefits other than social transfers in kind and social transfers in kind - purchased market production,LV,Latvia,2018,,11.9,,,,,
dataflow,ESTAT:GOV_10A_EXP(1.0),General government expenditure by function (COFOG),A,Annual,PC_GDP,Percentage of gross domestic product (GDP),S13,General government,TOTAL,Total,D62_D632,Social benefits other than social transfers in kind and social transfers in kind - purchased market production,LV,Latvia,2019,,12.4,,,,,
dataflow,ESTAT:GOV_10A_EXP(1.0),General government expenditure by function (COFOG),A,Annual,PC_GDP,Percentage of gross domestic product (GDP),S13,General government,TOTAL,Total,D62_D632,Social benefits other than social transfers in kind and social transfers in kind - purchased market production,LV,Latvia,2020,,13.8,,,,,
dataflow,ESTAT:GOV_10A_EXP(1.0),General government expenditure by function (COFOG),A,Annual,PC_GDP,Percentage of gross domestic product (GDP),S13,General government,TOTAL,Total,D62_D632,Social benefits other than social transfers in kind and social transfers in kind - purchased market production,MT,Malta,1995,,11.3,,,,,
dataflow,ESTAT:GOV_10A_EXP(1.0),General government expenditure by function (COFOG),A,Annual,PC_GDP,Percentage of gross domestic product (GDP),S13,General government,TOTAL,Total,D62_D632,Social benefits other than social transfers in kind and social transfers in kind - purchased market production,MT,Malta,1996,,12.2,,,,,
dataflow,ESTAT:GOV_10A_EXP(1.0),General government expenditure by function (COFOG),A,Annual,PC_GDP,Percentage of gross domestic product (GDP),S13,General government,TOTAL,Total,D62_D632,Social benefits other than social transfers in kind and social transfers in kind - purchased market production,MT,Malta,1997,,12.3,,,,,
dataflow,ESTAT:GOV_10A_EXP(1.0),General government expenditure by function (COFOG),A,Annual,PC_GDP,Percentage of gross domestic product (GDP),S13,General government,TOTAL,Total,D62_D632,Social benefits other than social transfers in kind and social transfers in kind - purchased market production,MT,Malta,1998,,12.3,,,,,
dataflow,ESTAT:GOV_10A_EXP(1.0),General government expenditure by function (COFOG),A,Annual,PC_GDP,Percentage of gross domestic product (GDP),S13,General government,TOTAL,Total,D62_D632,Social benefits other than social transfers in kind and social transfers in kind - purchased market production,MT,Malta,1999,,12.4,,,,,
dataflow,ESTAT:GOV_10A_EXP(1.0),General government expenditure by function (COFOG),A,Annual,PC_GDP,Percentage of gross domestic product (GDP),S13,General government,TOTAL,Total,D62_D632,Social benefits other than social transfers in kind and social transfers in kind - purchased market production,MT,Malta,2000,,11.8,,,,,
dataflow,ESTAT:GOV_10A_EXP(1.0),General government expenditure by function (COFOG),A,Annual,PC_GDP,Percentage of gross domestic product (GDP),S13,General government,TOTAL,Total,D62_D632,Social benefits other than social transfers in kind and social transfers in kind - purchased market production,MT,Malta,2001,,12.2,,,,,
dataflow,ESTAT:GOV_10A_EXP(1.0),General government expenditure by function (COFOG),A,Annual,PC_GDP,Percentage of gross domestic product (GDP),S13,General government,TOTAL,Total,D62_D632,Social benefits other than social transfers in kind and social transfers in kind - purchased market production,MT,Malta,2002,,12.4,,,,,
dataflow,ESTAT:GOV_10A_EXP(1.0),General government expenditure by function (COFOG),A,Annual,PC_GDP,Percentage of gross domestic product (GDP),S13,General government,TOTAL,Total,D62_D632,Social benefits other than social transfers in kind and social transfers in kind - purchased market production,MT,Malta,2003,,12.2,,,,,
dataflow,ESTAT:GOV_10A_EXP(1.0),General government expenditure by function (COFOG),A,Annual,PC_GDP,Percentage of gross domestic product (GDP),S13,General government,TOTAL,Total,D62_D632,Social benefits other than social transfers in kind and social transfers in kind - purchased market production,MT,Malta,2004,,12.3,,,,,
dataflow,ESTAT:GOV_10A_EXP(1.0),General government expenditure by function (COFOG),A,Annual,PC_GDP,Percentage of gross domestic product (GDP),S13,General government,TOTAL,Total,D62_D632,Social benefits other than social transfers in kind and social transfers in kind - purchased market production,MT,Malta,2005,,12.5,,,,,
dataflow,ESTAT:GOV_10A_EXP(1.0),General government expenditure by function (COFOG),A,Annual,PC_GDP,Percentage of gross domestic product (GDP),S13,General government,TOTAL,Total,D62_D632,Social benefits other than social transfers in kind and social transfers in kind - purchased market production,MT,Malta,2006,,12.5,,,,,
dataflow,ESTAT:GOV_10A_EXP(1.0),General government expenditure by function (COFOG),A,Annual,PC_GDP,Percentage of gross domestic product (GDP),S13,General government,TOTAL,Total,D62_D632,Social benefits other than social transfers in kind and social transfers in kind - purchased market production,MT,Malta,2007,,12.6,,,,,
dataflow,ESTAT:GOV_10A_EXP(1.0),General government expenditure by function (COFOG),A,Annual,PC_GDP,Percentage of gross domestic product (GDP),S13,General government,TOTAL,Total,D62_D632,Social benefits other than social transfers in kind and social transfers in kind - purchased market production,MT,Malta,2008,,12.3,,,,,
dataflow,ESTAT:GOV_10A_EXP(1.0),General government expenditure by function (COFOG),A,Annual,PC_GDP,Percentage of gross domestic product (GDP),S13,General government,TOTAL,Total,D62_D632,Social benefits other than social transfers in kind and social transfers in kind - purchased market production,MT,Malta,2009,,13.0,,,,,
dataflow,ESTAT:GOV_10A_EXP(1.0),General government expenditure by function (COFOG),A,Annual,PC_GDP,Percentage of gross domestic product (GDP),S13,General government,TOTAL,Total,D62_D632,Social benefits other than social transfers in kind and social transfers in kind - purchased market production,MT,Malta,2010,,12.5,,,,,
dataflow,ESTAT:GOV_10A_EXP(1.0),General government expenditure by function (COFOG),A,Annual,PC_GDP,Percentage of gross domestic product (GDP),S13,General government,TOTAL,Total,D62_D632,Social benefits other than social transfers in kind and social transfers in kind - purchased market production,MT,Malta,2011,,12.7,,,,,
dataflow,ESTAT:GOV_10A_EXP(1.0),General government expenditure by function (COFOG),A,Annual,PC_GDP,Percentage of gross domestic product (GDP),S13,General government,TOTAL,Total,D62_D632,Social benefits other than social transfers in kind and social transfers in kind - purchased market production,MT,Malta,2012,,12.6,,,,,
dataflow,ESTAT:GOV_10A_EXP(1.0),General government expenditure by function (COFOG),A,Annual,PC_GDP,Percentage of gross domestic product (GDP),S13,General government,TOTAL,Total,D62_D632,Social benefits other than social transfers in kind and social transfers in kind - purchased market production,MT,Malta,2013,,12.1,,,,,
dataflow,ESTAT:GOV_10A_EXP(1.0),General government expenditure by function (COFOG),A,Annual,PC_GDP,Percentage of gross domestic product (GDP),S13,General government,TOTAL,Total,D62_D632,Social benefits other than social transfers in kind and social transfers in kind - purchased market production,MT,Malta,2014,,11.5,,,,,
dataflow,ESTAT:GOV_10A_EXP(1.0),General government expenditure by function (COFOG),A,Annual,PC_GDP,Percentage of gross domestic product (GDP),S13,General government,TOTAL,Total,D62_D632,Social benefits other than social transfers in kind and social transfers in kind - purchased market production,MT,Malta,2015,,10.4,,,,,
dataflow,ESTAT:GOV_10A_EXP(1.0),General government expenditure by function (COFOG),A,Annual,PC_GDP,Percentage of gross domestic product (GDP),S13,General government,TOTAL,Total,D62_D632,Social benefits other than social transfers in kind and social transfers in kind - purchased market production,MT,Malta,2016,,10.2,,,,,
dataflow,ESTAT:GOV_10A_EXP(1.0),General government expenditure by function (COFOG),A,Annual,PC_GDP,Percentage of gross domestic product (GDP),S13,General government,TOTAL,Total,D62_D632,Social benefits other than social transfers in kind and social transfers in kind - purchased market production,MT,Malta,2017,,9.2,,,,,
dataflow,ESTAT:GOV_10A_EXP(1.0),General government expenditure by function (COFOG),A,Annual,PC_GDP,Percentage of gross domestic product (GDP),S13,General government,TOTAL,Total,D62_D632,Social benefits other than social transfers in kind and social transfers in kind - purchased market production,MT,Malta,2018,,8.8,,,,,
dataflow,ESTAT:GOV_10A_EXP(1.0),General government expenditure by function (COFOG),A,Annual,PC_GDP,Percentage of gross domestic product (GDP),S13,General government,TOTAL,Total,D62_D632,Social benefits other than social transfers in kind and social transfers in kind - purchased market production,MT,Malta,2019,,8.7,,,,,
dataflow,ESTAT:GOV_10A_EXP(1.0),General government expenditure by function (COFOG),A,Annual,PC_GDP,Percentage of gross domestic product (GDP),S13,General government,TOTAL,Total,D62_D632,Social benefits other than social transfers in kind and social transfers in kind - purchased market production,MT,Malta,2020,,9.5,,,,,
dataflow,ESTAT:GOV_10A_EXP(1.0),General government expenditure by function (COFOG),A,Annual,PC_GDP,Percentage of gross domestic product (GDP),S13,General government,TOTAL,Total,D62_D632,Social benefits other than social transfers in kind and social transfers in kind - purchased market production,NL,Netherlands,1995,,21.7,,,,,
dataflow,ESTAT:GOV_10A_EXP(1.0),General government expenditure by function (COFOG),A,Annual,PC_GDP,Percentage of gross domestic product (GDP),S13,General government,TOTAL,Total,D62_D632,Social benefits other than social transfers in kind and social transfers in kind - purchased market production,NL,Netherlands,1996,,20.6,,,,,
dataflow,ESTAT:GOV_10A_EXP(1.0),General government expenditure by function (COFOG),A,Annual,PC_GDP,Percentage of gross domestic product (GDP),S13,General government,TOTAL,Total,D62_D632,Social benefits other than social transfers in kind and social transfers in kind - purchased market production,NL,Netherlands,1997,,19.7,,,,,
dataflow,ESTAT:GOV_10A_EXP(1.0),General government expenditure by function (COFOG),A,Annual,PC_GDP,Percentage of gross domestic product (GDP),S13,General government,TOTAL,Total,D62_D632,Social benefits other than social transfers in kind and social transfers in kind - purchased market production,NL,Netherlands,1998,,19.0,,,,,
dataflow,ESTAT:GOV_10A_EXP(1.0),General government expenditure by function (COFOG),A,Annual,PC_GDP,Percentage of gross domestic product (GDP),S13,General government,TOTAL,Total,D62_D632,Social benefits other than social transfers in kind and social transfers in kind - purchased market production,NL,Netherlands,1999,,18.4,,,,,
dataflow,ESTAT:GOV_10A_EXP(1.0),General government expenditure by function (COFOG),A,Annual,PC_GDP,Percentage of gross domestic product (GDP),S13,General government,TOTAL,Total,D62_D632,Social benefits other than social transfers in kind and social transfers in kind - purchased market production,NL,Netherlands,2000,,17.9,,,,,
dataflow,ESTAT:GOV_10A_EXP(1.0),General government expenditure by function (COFOG),A,Annual,PC_GDP,Percentage of gross domestic product (GDP),S13,General government,TOTAL,Total,D62_D632,Social benefits other than social transfers in kind and social transfers in kind - purchased market production,NL,Netherlands,2001,,17.9,,,,,
dataflow,ESTAT:GOV_10A_EXP(1.0),General government expenditure by function (COFOG),A,Annual,PC_GDP,Percentage of gross domestic product (GDP),S13,General government,TOTAL,Total,D62_D632,Social benefits other than social transfers in kind and social transfers in kind - purchased market production,NL,Netherlands,2002,,18.4,,,,,
dataflow,ESTAT:GOV_10A_EXP(1.0),General government expenditure by function (COFOG),A,Annual,PC_GDP,Percentage of gross domestic product (GDP),S13,General government,TOTAL,Total,D62_D632,Social benefits other than social transfers in kind and social transfers in kind - purchased market production,NL,Netherlands,2003,,19.2,,,,,
dataflow,ESTAT:GOV_10A_EXP(1.0),General government expenditure by function (COFOG),A,Annual,PC_GDP,Percentage of gross domestic product (GDP),S13,General government,TOTAL,Total,D62_D632,Social benefits other than social transfers in kind and social transfers in kind - purchased market production,NL,Netherlands,2004,,19.1,,,,,
dataflow,ESTAT:GOV_10A_EXP(1.0),General government expenditure by function (COFOG),A,Annual,PC_GDP,Percentage of gross domestic product (GDP),S13,General government,TOTAL,Total,D62_D632,Social benefits other than social transfers in kind and social transfers in kind - purchased market production,NL,Netherlands,2005,,18.6,,,,,
dataflow,ESTAT:GOV_10A_EXP(1.0),General government expenditure by function (COFOG),A,Annual,PC_GDP,Percentage of gross domestic product (GDP),S13,General government,TOTAL,Total,D62_D632,Social benefits other than social transfers in kind and social transfers in kind - purchased market production,NL,Netherlands,2006,,19.5,,,,,
dataflow,ESTAT:GOV_10A_EXP(1.0),General government expenditure by function (COFOG),A,Annual,PC_GDP,Percentage of gross domestic product (GDP),S13,General government,TOTAL,Total,D62_D632,Social benefits other than social transfers in kind and social transfers in kind - purchased market production,NL,Netherlands,2007,,19.1,,,,,
dataflow,ESTAT:GOV_10A_EXP(1.0),General government expenditure by function (COFOG),A,Annual,PC_GDP,Percentage of gross domestic product (GDP),S13,General government,TOTAL,Total,D62_D632,Social benefits other than social transfers in kind and social transfers in kind - purchased market production,NL,Netherlands,2008,,19.4,,,,,
dataflow,ESTAT:GOV_10A_EXP(1.0),General government expenditure by function (COFOG),A,Annual,PC_GDP,Percentage of gross domestic product (GDP),S13,General government,TOTAL,Total,D62_D632,Social benefits other than social transfers in kind and social transfers in kind - purchased market production,NL,Netherlands,2009,,21.4,,,,,
dataflow,ESTAT:GOV_10A_EXP(1.0),General government expenditure by function (COFOG),A,Annual,PC_GDP,Percentage of gross domestic product (GDP),S13,General government,TOTAL,Total,D62_D632,Social benefits other than social transfers in kind and social transfers in kind - purchased market production,NL,Netherlands,2010,,21.9,,,,,
dataflow,ESTAT:GOV_10A_EXP(1.0),General government expenditure by function (COFOG),A,Annual,PC_GDP,Percentage of gross domestic product (GDP),S13,General government,TOTAL,Total,D62_D632,Social benefits other than social transfers in kind and social transfers in kind - purchased market production,NL,Netherlands,2011,,22.0,,,,,
dataflow,ESTAT:GOV_10A_EXP(1.0),General government expenditure by function (COFOG),A,Annual,PC_GDP,Percentage of gross domestic product (GDP),S13,General government,TOTAL,Total,D62_D632,Social benefits other than social transfers in kind and social transfers in kind - purchased market production,NL,Netherlands,2012,,22.6,,,,,
dataflow,ESTAT:GOV_10A_EXP(1.0),General government expenditure by function (COFOG),A,Annual,PC_GDP,Percentage of gross domestic product (GDP),S13,General government,TOTAL,Total,D62_D632,Social benefits other than social transfers in kind and social transfers in kind - purchased market production,NL,Netherlands,2013,,22.9,,,,,
dataflow,ESTAT:GOV_10A_EXP(1.0),General government expenditure by function (COFOG),A,Annual,PC_GDP,Percentage of gross domestic product (GDP),S13,General government,TOTAL,Total,D62_D632,Social benefits other than social transfers in kind and social transfers in kind - purchased market production,NL,Netherlands,2014,,22.7,,,,,
dataflow,ESTAT:GOV_10A_EXP(1.0),General government expenditure by function (COFOG),A,Annual,PC_GDP,Percentage of gross domestic product (GDP),S13,General government,TOTAL,Total,D62_D632,Social benefits other than social transfers in kind and social transfers in kind - purchased market production,NL,Netherlands,2015,,22.2,,,,,
dataflow,ESTAT:GOV_10A_EXP(1.0),General government expenditure by function (COFOG),A,Annual,PC_GDP,Percentage of gross domestic product (GDP),S13,General government,TOTAL,Total,D62_D632,Social benefits other than social transfers in kind and social transfers in kind - purchased market production,NL,Netherlands,2016,,21.9,,,,,
dataflow,ESTAT:GOV_10A_EXP(1.0),General government expenditure by function (COFOG),A,Annual,PC_GDP,Percentage of gross domestic product (GDP),S13,General government,TOTAL,Total,D62_D632,Social benefits other than social transfers in kind and social transfers in kind - purchased market production,NL,Netherlands,2017,,21.4,,,,,
dataflow,ESTAT:GOV_10A_EXP(1.0),General government expenditure by function (COFOG),A,Annual,PC_GDP,Percentage of gross domestic product (GDP),S13,General government,TOTAL,Total,D62_D632,Social benefits other than social transfers in kind and social transfers in kind - purchased market production,NL,Netherlands,2018,,21.0,,,,,
dataflow,ESTAT:GOV_10A_EXP(1.0),General government expenditure by function (COFOG),A,Annual,PC_GDP,Percentage of gross domestic product (GDP),S13,General government,TOTAL,Total,D62_D632,Social benefits other than social transfers in kind and social transfers in kind - purchased market production,NL,Netherlands,2019,,20.8,,,,,
dataflow,ESTAT:GOV_10A_EXP(1.0),General government expenditure by function (COFOG),A,Annual,PC_GDP,Percentage of gross domestic product (GDP),S13,General government,TOTAL,Total,D62_D632,Social benefits other than social transfers in kind and social transfers in kind - purchased market production,NL,Netherlands,2020,,21.7,,,,,
dataflow,ESTAT:GOV_10A_EXP(1.0),General government expenditure by function (COFOG),A,Annual,PC_GDP,Percentage of gross domestic product (GDP),S13,General government,TOTAL,Total,D62_D632,Social benefits other than social transfers in kind and social transfers in kind - purchased market production,NO,Norway,1995,,16.6,,,,,
dataflow,ESTAT:GOV_10A_EXP(1.0),General government expenditure by function (COFOG),A,Annual,PC_GDP,Percentage of gross domestic product (GDP),S13,General government,TOTAL,Total,D62_D632,Social benefits other than social transfers in kind and social transfers in kind - purchased market production,NO,Norway,1996,,15.9,,,,,
dataflow,ESTAT:GOV_10A_EXP(1.0),General government expenditure by function (COFOG),A,Annual,PC_GDP,Percentage of gross domestic product (GDP),S13,General government,TOTAL,Total,D62_D632,Social benefits other than social transfers in kind and social transfers in kind - purchased market production,NO,Norway,1997,,15.6,,,,,
dataflow,ESTAT:GOV_10A_EXP(1.0),General government expenditure by function (COFOG),A,Annual,PC_GDP,Percentage of gross domestic product (GDP),S13,General government,TOTAL,Total,D62_D632,Social benefits other than social transfers in kind and social transfers in kind - purchased market production,NO,Norway,1998,,16.4,,,,,
dataflow,ESTAT:GOV_10A_EXP(1.0),General government expenditure by function (COFOG),A,Annual,PC_GDP,Percentage of gross domestic product (GDP),S13,General government,TOTAL,Total,D62_D632,Social benefits other than social transfers in kind and social transfers in kind - purchased market production,NO,Norway,1999,,16.2,,,,,
dataflow,ESTAT:GOV_10A_EXP(1.0),General government expenditure by function (COFOG),A,Annual,PC_GDP,Percentage of gross domestic product (GDP),S13,General government,TOTAL,Total,D62_D632,Social benefits other than social transfers in kind and social transfers in kind - purchased market production,NO,Norway,2000,,14.6,,,,,
dataflow,ESTAT:GOV_10A_EXP(1.0),General government expenditure by function (COFOG),A,Annual,PC_GDP,Percentage of gross domestic product (GDP),S13,General government,TOTAL,Total,D62_D632,Social benefits other than social transfers in kind and social transfers in kind - purchased market production,NO,Norway,2001,,15.2,,,,,
dataflow,ESTAT:GOV_10A_EXP(1.0),General government expenditure by function (COFOG),A,Annual,PC_GDP,Percentage of gross domestic product (GDP),S13,General government,TOTAL,Total,D62_D632,Social benefits other than social transfers in kind and social transfers in kind - purchased market production,NO,Norway,2002,,16.5,,,,,
dataflow,ESTAT:GOV_10A_EXP(1.0),General government expenditure by function (COFOG),A,Annual,PC_GDP,Percentage of gross domestic product (GDP),S13,General government,TOTAL,Total,D62_D632,Social benefits other than social transfers in kind and social transfers in kind - purchased market production,NO,Norway,2003,,17.4,,,,,
dataflow,ESTAT:GOV_10A_EXP(1.0),General government expenditure by function (COFOG),A,Annual,PC_GDP,Percentage of gross domestic product (GDP),S13,General government,TOTAL,Total,D62_D632,Social benefits other than social transfers in kind and social transfers in kind - purchased market production,NO,Norway,2004,,16.4,,,,,
dataflow,ESTAT:GOV_10A_EXP(1.0),General government expenditure by function (COFOG),A,Annual,PC_GDP,Percentage of gross domestic product (GDP),S13,General government,TOTAL,Total,D62_D632,Social benefits other than social transfers in kind and social transfers in kind - purchased market production,NO,Norway,2005,,15.0,,,,,
dataflow,ESTAT:GOV_10A_EXP(1.0),General government expenditure by function (COFOG),A,Annual,PC_GDP,Percentage of gross domestic product (GDP),S13,General government,TOTAL,Total,D62_D632,Social benefits other than social transfers in kind and social transfers in kind - purchased market production,NO,Norway,2006,,14.0,,,,,
dataflow,ESTAT:GOV_10A_EXP(1.0),General government expenditure by function (COFOG),A,Annual,PC_GDP,Percentage of gross domestic product (GDP),S13,General government,TOTAL,Total,D62_D632,Social benefits other than social transfers in kind and social transfers in kind - purchased market production,NO,Norway,2007,,13.7,,,,,
dataflow,ESTAT:GOV_10A_EXP(1.0),General government expenditure by function (COFOG),A,Annual,PC_GDP,Percentage of gross domestic product (GDP),S13,General government,TOTAL,Total,D62_D632,Social benefits other than social transfers in kind and social transfers in kind - purchased market production,NO,Norway,2008,,13.3,,,,,
dataflow,ESTAT:GOV_10A_EXP(1.0),General government expenditure by function (COFOG),A,Annual,PC_GDP,Percentage of gross domestic product (GDP),S13,General government,TOTAL,Total,D62_D632,Social benefits other than social transfers in kind and social transfers in kind - purchased market production,NO,Norway,2009,,15.6,,,,,
dataflow,ESTAT:GOV_10A_EXP(1.0),General government expenditure by function (COFOG),A,Annual,PC_GDP,Percentage of gross domestic product (GDP),S13,General government,TOTAL,Total,D62_D632,Social benefits other than social transfers in kind and social transfers in kind - purchased market production,NO,Norway,2010,,15.5,,,,,
dataflow,ESTAT:GOV_10A_EXP(1.0),General government expenditure by function (COFOG),A,Annual,PC_GDP,Percentage of gross domestic product (GDP),S13,General government,TOTAL,Total,D62_D632,Social benefits other than social transfers in kind and social transfers in kind - purchased market production,NO,Norway,2011,,15.2,,,,,
dataflow,ESTAT:GOV_10A_EXP(1.0),General government expenditure by function (COFOG),A,Annual,PC_GDP,Percentage of gross domestic product (GDP),S13,General government,TOTAL,Total,D62_D632,Social benefits other than social transfers in kind and social transfers in kind - purchased market production,NO,Norway,2012,,15.0,,,,,
dataflow,ESTAT:GOV_10A_EXP(1.0),General government expenditure by function (COFOG),A,Annual,PC_GDP,Percentage of gross domestic product (GDP),S13,General government,TOTAL,Total,D62_D632,Social benefits other than social transfers in kind and social transfers in kind - purchased market production,NO,Norway,2013,,15.2,,,,,
dataflow,ESTAT:GOV_10A_EXP(1.0),General government expenditure by function (COFOG),A,Annual,PC_GDP,Percentage of gross domestic product (GDP),S13,General government,TOTAL,Total,D62_D632,Social benefits other than social transfers in kind and social transfers in kind - purchased market production,NO,Norway,2014,,15.7,,,,,
dataflow,ESTAT:GOV_10A_EXP(1.0),General government expenditure by function (COFOG),A,Annual,PC_GDP,Percentage of gross domestic product (GDP),S13,General government,TOTAL,Total,D62_D632,Social benefits other than social transfers in kind and social transfers in kind - purchased market production,NO,Norway,2015,,16.9,,,,,
dataflow,ESTAT:GOV_10A_EXP(1.0),General government expenditure by function (COFOG),A,Annual,PC_GDP,Percentage of gross domestic product (GDP),S13,General government,TOTAL,Total,D62_D632,Social benefits other than social transfers in kind and social transfers in kind - purchased market production,NO,Norway,2016,,17.7,,,,,
dataflow,ESTAT:GOV_10A_EXP(1.0),General government expenditure by function (COFOG),A,Annual,PC_GDP,Percentage of gross domestic product (GDP),S13,General government,TOTAL,Total,D62_D632,Social benefits other than social transfers in kind and social transfers in kind - purchased market production,NO,Norway,2017,,17.1,,,,,
dataflow,ESTAT:GOV_10A_EXP(1.0),General government expenditure by function (COFOG),A,Annual,PC_GDP,Percentage of gross domestic product (GDP),S13,General government,TOTAL,Total,D62_D632,Social benefits other than social transfers in kind and social transfers in kind - purchased market production,NO,Norway,2018,,16.3,,,,,
dataflow,ESTAT:GOV_10A_EXP(1.0),General government expenditure by function (COFOG),A,Annual,PC_GDP,Percentage of gross domestic product (GDP),S13,General government,TOTAL,Total,D62_D632,Social benefits other than social transfers in kind and social transfers in kind - purchased market production,NO,Norway,2019,,16.7,,,,,
dataflow,ESTAT:GOV_10A_EXP(1.0),General government expenditure by function (COFOG),A,Annual,PC_GDP,Percentage of gross domestic product (GDP),S13,General government,TOTAL,Total,D62_D632,Social benefits other than social transfers in kind and social transfers in kind - purchased market production,NO,Norway,2020,,19.0,,,,,
dataflow,ESTAT:GOV_10A_EXP(1.0),General government expenditure by function (COFOG),A,Annual,PC_GDP,Percentage of gross domestic product (GDP),S13,General government,TOTAL,Total,D62_D632,Social benefits other than social transfers in kind and social transfers in kind - purchased market production,PL,Poland,1995,,18.4,,,,,
dataflow,ESTAT:GOV_10A_EXP(1.0),General government expenditure by function (COFOG),A,Annual,PC_GDP,Percentage of gross domestic product (GDP),S13,General government,TOTAL,Total,D62_D632,Social benefits other than social transfers in kind and social transfers in kind - purchased market production,PL,Poland,1996,,18.1,,,,,
dataflow,ESTAT:GOV_10A_EXP(1.0),General government expenditure by function (COFOG),A,Annual,PC_GDP,Percentage of gross domestic product (GDP),S13,General government,TOTAL,Total,D62_D632,Social benefits other than social transfers in kind and social transfers in kind - purchased market production,PL,Poland,1997,,18.2,,,,,
dataflow,ESTAT:GOV_10A_EXP(1.0),General government expenditure by function (COFOG),A,Annual,PC_GDP,Percentage of gross domestic product (GDP),S13,General government,TOTAL,Total,D62_D632,Social benefits other than social transfers in kind and social transfers in kind - purchased market production,PL,Poland,1998,,17.3,,,,,
dataflow,ESTAT:GOV_10A_EXP(1.0),General government expenditure by function (COFOG),A,Annual,PC_GDP,Percentage of gross domestic product (GDP),S13,General government,TOTAL,Total,D62_D632,Social benefits other than social transfers in kind and social transfers in kind - purchased market production,PL,Poland,1999,,18.2,,,,,
dataflow,ESTAT:GOV_10A_EXP(1.0),General government expenditure by function (COFOG),A,Annual,PC_GDP,Percentage of gross domestic product (GDP),S13,General government,TOTAL,Total,D62_D632,Social benefits other than social transfers in kind and social transfers in kind - purchased market production,PL,Poland,2000,,17.8,,,,,
dataflow,ESTAT:GOV_10A_EXP(1.0),General government expenditure by function (COFOG),A,Annual,PC_GDP,Percentage of gross domestic product (GDP),S13,General government,TOTAL,Total,D62_D632,Social benefits other than social transfers in kind and social transfers in kind - purchased market production,PL,Poland,2001,,18.8,,,,,
dataflow,ESTAT:GOV_10A_EXP(1.0),General government expenditure by function (COFOG),A,Annual,PC_GDP,Percentage of gross domestic product (GDP),S13,General government,TOTAL,Total,D62_D632,Social benefits other than social transfers in kind and social transfers in kind - purchased market production,PL,Poland,2002,,18.8,,,,,
dataflow,ESTAT:GOV_10A_EXP(1.0),General government expenditure by function (COFOG),A,Annual,PC_GDP,Percentage of gross domestic product (GDP),S13,General government,TOTAL,Total,D62_D632,Social benefits other than social transfers in kind and social transfers in kind - purchased market production,PL,Poland,2003,,18.8,,,,,
dataflow,ESTAT:GOV_10A_EXP(1.0),General government expenditure by function (COFOG),A,Annual,PC_GDP,Percentage of gross domestic product (GDP),S13,General government,TOTAL,Total,D62_D632,Social benefits other than social transfers in kind and social transfers in kind - purchased market production,PL,Poland,2004,,17.9,,,,,
dataflow,ESTAT:GOV_10A_EXP(1.0),General government expenditure by function (COFOG),A,Annual,PC_GDP,Percentage of gross domestic product (GDP),S13,General government,TOTAL,Total,D62_D632,Social benefits other than social transfers in kind and social transfers in kind - purchased market production,PL,Poland,2005,,17.4,,,,,
dataflow,ESTAT:GOV_10A_EXP(1.0),General government expenditure by function (COFOG),A,Annual,PC_GDP,Percentage of gross domestic product (GDP),S13,General government,TOTAL,Total,D62_D632,Social benefits other than social transfers in kind and social transfers in kind - purchased market production,PL,Poland,2006,,17.1,,,,,
dataflow,ESTAT:GOV_10A_EXP(1.0),General government expenditure by function (COFOG),A,Annual,PC_GDP,Percentage of gross domestic product (GDP),S13,General government,TOTAL,Total,D62_D632,Social benefits other than social transfers in kind and social transfers in kind - purchased market production,PL,Poland,2007,,16.0,,,,,
dataflow,ESTAT:GOV_10A_EXP(1.0),General government expenditure by function (COFOG),A,Annual,PC_GDP,Percentage of gross domestic product (GDP),S13,General government,TOTAL,Total,D62_D632,Social benefits other than social transfers in kind and social transfers in kind - purchased market production,PL,Poland,2008,,15.9,,,,,
dataflow,ESTAT:GOV_10A_EXP(1.0),General government expenditure by function (COFOG),A,Annual,PC_GDP,Percentage of gross domestic product (GDP),S13,General government,TOTAL,Total,D62_D632,Social benefits other than social transfers in kind and social transfers in kind - purchased market production,PL,Poland,2009,,16.5,,,,,
dataflow,ESTAT:GOV_10A_EXP(1.0),General government expenditure by function (COFOG),A,Annual,PC_GDP,Percentage of gross domestic product (GDP),S13,General government,TOTAL,Total,D62_D632,Social benefits other than social transfers in kind and social transfers in kind - purchased market production,PL,Poland,2010,,16.6,,,,,
dataflow,ESTAT:GOV_10A_EXP(1.0),General government expenditure by function (COFOG),A,Annual,PC_GDP,Percentage of gross domestic product (GDP),S13,General government,TOTAL,Total,D62_D632,Social benefits other than social transfers in kind and social transfers in kind - purchased market production,PL,Poland,2011,,15.7,,,,,
dataflow,ESTAT:GOV_10A_EXP(1.0),General government expenditure by function (COFOG),A,Annual,PC_GDP,Percentage of gross domestic product (GDP),S13,General government,TOTAL,Total,D62_D632,Social benefits other than social transfers in kind and social transfers in kind - purchased market production,PL,Poland,2012,,15.9,,,,,
dataflow,ESTAT:GOV_10A_EXP(1.0),General government expenditure by function (COFOG),A,Annual,PC_GDP,Percentage of gross domestic product (GDP),S13,General government,TOTAL,Total,D62_D632,Social benefits other than social transfers in kind and social transfers in kind - purchased market production,PL,Poland,2013,,16.6,,,,,
dataflow,ESTAT:GOV_10A_EXP(1.0),General government expenditure by function (COFOG),A,Annual,PC_GDP,Percentage of gross domestic product (GDP),S13,General government,TOTAL,Total,D62_D632,Social benefits other than social transfers in kind and social transfers in kind - purchased market production,PL,Poland,2014,,16.4,,,,,
dataflow,ESTAT:GOV_10A_EXP(1.0),General government expenditure by function (COFOG),A,Annual,PC_GDP,Percentage of gross domestic product (GDP),S13,General government,TOTAL,Total,D62_D632,Social benefits other than social transfers in kind and social transfers in kind - purchased market production,PL,Poland,2015,,16.1,,,,,
dataflow,ESTAT:GOV_10A_EXP(1.0),General government expenditure by function (COFOG),A,Annual,PC_GDP,Percentage of gross domestic product (GDP),S13,General government,TOTAL,Total,D62_D632,Social benefits other than social transfers in kind and social transfers in kind - purchased market production,PL,Poland,2016,,17.1,,,,,
dataflow,ESTAT:GOV_10A_EXP(1.0),General government expenditure by function (COFOG),A,Annual,PC_GDP,Percentage of gross domestic product (GDP),S13,General government,TOTAL,Total,D62_D632,Social benefits other than social transfers in kind and social transfers in kind - purchased market production,PL,Poland,2017,,16.9,,,,,
dataflow,ESTAT:GOV_10A_EXP(1.0),General government expenditure by function (COFOG),A,Annual,PC_GDP,Percentage of gross domestic product (GDP),S13,General government,TOTAL,Total,D62_D632,Social benefits other than social transfers in kind and social transfers in kind - purchased market production,PL,Poland,2018,,16.5,,,,,
dataflow,ESTAT:GOV_10A_EXP(1.0),General government expenditure by function (COFOG),A,Annual,PC_GDP,Percentage of gross domestic product (GDP),S13,General government,TOTAL,Total,D62_D632,Social benefits other than social transfers in kind and social transfers in kind - purchased market production,PL,Poland,2019,,17.1,,,,,
dataflow,ESTAT:GOV_10A_EXP(1.0),General government expenditure by function (COFOG),A,Annual,PC_GDP,Percentage of gross domestic product (GDP),S13,General government,TOTAL,Total,D62_D632,Social benefits other than social transfers in kind and social transfers in kind - purchased market production,PL,Poland,2020,,18.4,,,,,
dataflow,ESTAT:GOV_10A_EXP(1.0),General government expenditure by function (COFOG),A,Annual,PC_GDP,Percentage of gross domestic product (GDP),S13,General government,TOTAL,Total,D62_D632,Social benefits other than social transfers in kind and social transfers in kind - purchased market production,PT,Portugal,1995,,12.3,,,,,
dataflow,ESTAT:GOV_10A_EXP(1.0),General government expenditure by function (COFOG),A,Annual,PC_GDP,Percentage of gross domestic product (GDP),S13,General government,TOTAL,Total,D62_D632,Social benefits other than social transfers in kind and social transfers in kind - purchased market production,PT,Portugal,1996,,12.6,,,,,
dataflow,ESTAT:GOV_10A_EXP(1.0),General government expenditure by function (COFOG),A,Annual,PC_GDP,Percentage of gross domestic product (GDP),S13,General government,TOTAL,Total,D62_D632,Social benefits other than social transfers in kind and social transfers in kind - purchased market production,PT,Portugal,1997,,12.4,,,,,
dataflow,ESTAT:GOV_10A_EXP(1.0),General government expenditure by function (COFOG),A,Annual,PC_GDP,Percentage of gross domestic product (GDP),S13,General government,TOTAL,Total,D62_D632,Social benefits other than social transfers in kind and social transfers in kind - purchased market production,PT,Portugal,1998,,12.6,,,,,
dataflow,ESTAT:GOV_10A_EXP(1.0),General government expenditure by function (COFOG),A,Annual,PC_GDP,Percentage of gross domestic product (GDP),S13,General government,TOTAL,Total,D62_D632,Social benefits other than social transfers in kind and social transfers in kind - purchased market production,PT,Portugal,1999,,12.7,,,,,
dataflow,ESTAT:GOV_10A_EXP(1.0),General government expenditure by function (COFOG),A,Annual,PC_GDP,Percentage of gross domestic product (GDP),S13,General government,TOTAL,Total,D62_D632,Social benefits other than social transfers in kind and social transfers in kind - purchased market production,PT,Portugal,2000,,13.0,,,,,
dataflow,ESTAT:GOV_10A_EXP(1.0),General government expenditure by function (COFOG),A,Annual,PC_GDP,Percentage of gross domestic product (GDP),S13,General government,TOTAL,Total,D62_D632,Social benefits other than social transfers in kind and social transfers in kind - purchased market production,PT,Portugal,2001,,13.4,,,,,
dataflow,ESTAT:GOV_10A_EXP(1.0),General government expenditure by function (COFOG),A,Annual,PC_GDP,Percentage of gross domestic product (GDP),S13,General government,TOTAL,Total,D62_D632,Social benefits other than social transfers in kind and social transfers in kind - purchased market production,PT,Portugal,2002,,14.0,,,,,
dataflow,ESTAT:GOV_10A_EXP(1.0),General government expenditure by function (COFOG),A,Annual,PC_GDP,Percentage of gross domestic product (GDP),S13,General government,TOTAL,Total,D62_D632,Social benefits other than social transfers in kind and social transfers in kind - purchased market production,PT,Portugal,2003,,15.3,,,,,
dataflow,ESTAT:GOV_10A_EXP(1.0),General government expenditure by function (COFOG),A,Annual,PC_GDP,Percentage of gross domestic product (GDP),S13,General government,TOTAL,Total,D62_D632,Social benefits other than social transfers in kind and social transfers in kind - purchased market production,PT,Portugal,2004,,15.8,,,,,
dataflow,ESTAT:GOV_10A_EXP(1.0),General government expenditure by function (COFOG),A,Annual,PC_GDP,Percentage of gross domestic product (GDP),S13,General government,TOTAL,Total,D62_D632,Social benefits other than social transfers in kind and social transfers in kind - purchased market production,PT,Portugal,2005,,16.4,,,,,
dataflow,ESTAT:GOV_10A_EXP(1.0),General government expenditure by function (COFOG),A,Annual,PC_GDP,Percentage of gross domestic product (GDP),S13,General government,TOTAL,Total,D62_D632,Social benefits other than social transfers in kind and social transfers in kind - purchased market production,PT,Portugal,2006,,16.4,,,,,
dataflow,ESTAT:GOV_10A_EXP(1.0),General government expenditure by function (COFOG),A,Annual,PC_GDP,Percentage of gross domestic product (GDP),S13,General government,TOTAL,Total,D62_D632,Social benefits other than social transfers in kind and social transfers in kind - purchased market production,PT,Portugal,2007,,16.3,,,,,
dataflow,ESTAT:GOV_10A_EXP(1.0),General government expenditure by function (COFOG),A,Annual,PC_GDP,Percentage of gross domestic product (GDP),S13,General government,TOTAL,Total,D62_D632,Social benefits other than social transfers in kind and social transfers in kind - purchased market production,PT,Portugal,2008,,16.9,,,,,
dataflow,ESTAT:GOV_10A_EXP(1.0),General government expenditure by function (COFOG),A,Annual,PC_GDP,Percentage of gross domestic product (GDP),S13,General government,TOTAL,Total,D62_D632,Social benefits other than social transfers in kind and social transfers in kind - purchased market production,PT,Portugal,2009,,18.9,,,,,
dataflow,ESTAT:GOV_10A_EXP(1.0),General government expenditure by function (COFOG),A,Annual,PC_GDP,Percentage of gross domestic product (GDP),S13,General government,TOTAL,Total,D62_D632,Social benefits other than social transfers in kind and social transfers in kind - purchased market production,PT,Portugal,2010,,18.8,,,,,
dataflow,ESTAT:GOV_10A_EXP(1.0),General government expenditure by function (COFOG),A,Annual,PC_GDP,Percentage of gross domestic product (GDP),S13,General government,TOTAL,Total,D62_D632,Social benefits other than social transfers in kind and social transfers in kind - purchased market production,PT,Portugal,2011,,19.1,,,,,
dataflow,ESTAT:GOV_10A_EXP(1.0),General government expenditure by function (COFOG),A,Annual,PC_GDP,Percentage of gross domestic product (GDP),S13,General government,TOTAL,Total,D62_D632,Social benefits other than social transfers in kind and social transfers in kind - purchased market production,PT,Portugal,2012,,19.8,,,,,
dataflow,ESTAT:GOV_10A_EXP(1.0),General government expenditure by function (COFOG),A,Annual,PC_GDP,Percentage of gross domestic product (GDP),S13,General government,TOTAL,Total,D62_D632,Social benefits other than social transfers in kind and social transfers in kind - purchased market production,PT,Portugal,2013,,20.6,,,,,
dataflow,ESTAT:GOV_10A_EXP(1.0),General government expenditure by function (COFOG),A,Annual,PC_GDP,Percentage of gross domestic product (GDP),S13,General government,TOTAL,Total,D62_D632,Social benefits other than social transfers in kind and social transfers in kind - purchased market production,PT,Portugal,2014,,19.9,,,,,
dataflow,ESTAT:GOV_10A_EXP(1.0),General government expenditure by function (COFOG),A,Annual,PC_GDP,Percentage of gross domestic product (GDP),S13,General government,TOTAL,Total,D62_D632,Social benefits other than social transfers in kind and social transfers in kind - purchased market production,PT,Portugal,2015,,19.6,,,,,
dataflow,ESTAT:GOV_10A_EXP(1.0),General government expenditure by function (COFOG),A,Annual,PC_GDP,Percentage of gross domestic product (GDP),S13,General government,TOTAL,Total,D62_D632,Social benefits other than social transfers in kind and social transfers in kind - purchased market production,PT,Portugal,2016,,19.1,,,,,
dataflow,ESTAT:GOV_10A_EXP(1.0),General government expenditure by function (COFOG),A,Annual,PC_GDP,Percentage of gross domestic product (GDP),S13,General government,TOTAL,Total,D62_D632,Social benefits other than social transfers in kind and social transfers in kind - purchased market production,PT,Portugal,2017,,18.5,,,,,
dataflow,ESTAT:GOV_10A_EXP(1.0),General government expenditure by function (COFOG),A,Annual,PC_GDP,Percentage of gross domestic product (GDP),S13,General government,TOTAL,Total,D62_D632,Social benefits other than social transfers in kind and social transfers in kind - purchased market production,PT,Portugal,2018,,18.2,,,,,
dataflow,ESTAT:GOV_10A_EXP(1.0),General government expenditure by function (COFOG),A,Annual,PC_GDP,Percentage of gross domestic product (GDP),S13,General government,TOTAL,Total,D62_D632,Social benefits other than social transfers in kind and social transfers in kind - purchased market production,PT,Portugal,2019,,18.2,,,,,
dataflow,ESTAT:GOV_10A_EXP(1.0),General government expenditure by function (COFOG),A,Annual,PC_GDP,Percentage of gross domestic product (GDP),S13,General government,TOTAL,Total,D62_D632,Social benefits other than social transfers in kind and social transfers in kind - purchased market production,PT,Portugal,2020,,20.1,,,,,
dataflow,ESTAT:GOV_10A_EXP(1.0),General government expenditure by function (COFOG),A,Annual,PC_GDP,Percentage of gross domestic product (GDP),S13,General government,TOTAL,Total,D62_D632,Social benefits other than social transfers in kind and social transfers in kind - purchased market production,RO,Romania,1995,,9.6,,,,,
dataflow,ESTAT:GOV_10A_EXP(1.0),General government expenditure by function (COFOG),A,Annual,PC_GDP,Percentage of gross domestic product (GDP),S13,General government,TOTAL,Total,D62_D632,Social benefits other than social transfers in kind and social transfers in kind - purchased market production,RO,Romania,1996,,9.5,,,,,
dataflow,ESTAT:GOV_10A_EXP(1.0),General government expenditure by function (COFOG),A,Annual,PC_GDP,Percentage of gross domestic product (GDP),S13,General government,TOTAL,Total,D62_D632,Social benefits other than social transfers in kind and social transfers in kind - purchased market production,RO,Romania,1997,,10.0,,,,,
dataflow,ESTAT:GOV_10A_EXP(1.0),General government expenditure by function (COFOG),A,Annual,PC_GDP,Percentage of gross domestic product (GDP),S13,General government,TOTAL,Total,D62_D632,Social benefits other than social transfers in kind and social transfers in kind - purchased market production,RO,Romania,1998,,11.1,,,,,
dataflow,ESTAT:GOV_10A_EXP(1.0),General government expenditure by function (COFOG),A,Annual,PC_GDP,Percentage of gross domestic product (GDP),S13,General government,TOTAL,Total,D62_D632,Social benefits other than social transfers in kind and social transfers in kind - purchased market production,RO,Romania,1999,,10.7,,,,,
dataflow,ESTAT:GOV_10A_EXP(1.0),General government expenditure by function (COFOG),A,Annual,PC_GDP,Percentage of gross domestic product (GDP),S13,General government,TOTAL,Total,D62_D632,Social benefits other than social transfers in kind and social transfers in kind - purchased market production,RO,Romania,2000,,10.0,,,,,
dataflow,ESTAT:GOV_10A_EXP(1.0),General government expenditure by function (COFOG),A,Annual,PC_GDP,Percentage of gross domestic product (GDP),S13,General government,TOTAL,Total,D62_D632,Social benefits other than social transfers in kind and social transfers in kind - purchased market production,RO,Romania,2001,,9.9,,,,,
dataflow,ESTAT:GOV_10A_EXP(1.0),General government expenditure by function (COFOG),A,Annual,PC_GDP,Percentage of gross domestic product (GDP),S13,General government,TOTAL,Total,D62_D632,Social benefits other than social transfers in kind and social transfers in kind - purchased market production,RO,Romania,2002,,9.6,,,,,
dataflow,ESTAT:GOV_10A_EXP(1.0),General government expenditure by function (COFOG),A,Annual,PC_GDP,Percentage of gross domestic product (GDP),S13,General government,TOTAL,Total,D62_D632,Social benefits other than social transfers in kind and social transfers in kind - purchased market production,RO,Romania,2003,,9.1,,,,,
dataflow,ESTAT:GOV_10A_EXP(1.0),General government expenditure by function (COFOG),A,Annual,PC_GDP,Percentage of gross domestic product (GDP),S13,General government,TOTAL,Total,D62_D632,Social benefits other than social transfers in kind and social transfers in kind - purchased market production,RO,Romania,2004,,9.8,,,,,
dataflow,ESTAT:GOV_10A_EXP(1.0),General government expenditure by function (COFOG),A,Annual,PC_GDP,Percentage of gross domestic product (GDP),S13,General government,TOTAL,Total,D62_D632,Social benefits other than social transfers in kind and social transfers in kind - purchased market production,RO,Romania,2005,,10.0,,,,,
dataflow,ESTAT:GOV_10A_EXP(1.0),General government expenditure by function (COFOG),A,Annual,PC_GDP,Percentage of gross domestic product (GDP),S13,General government,TOTAL,Total,D62_D632,Social benefits other than social transfers in kind and social transfers in kind - purchased market production,RO,Romania,2006,,9.7,,,,,
dataflow,ESTAT:GOV_10A_EXP(1.0),General government expenditure by function (COFOG),A,Annual,PC_GDP,Percentage of gross domestic product (GDP),S13,General government,TOTAL,Total,D62_D632,Social benefits other than social transfers in kind and social transfers in kind - purchased market production,RO,Romania,2007,,9.8,,,,,
dataflow,ESTAT:GOV_10A_EXP(1.0),General government expenditure by function (COFOG),A,Annual,PC_GDP,Percentage of gross domestic product (GDP),S13,General government,TOTAL,Total,D62_D632,Social benefits other than social transfers in kind and social transfers in kind - purchased market production,RO,Romania,2008,,10.7,,,,,
dataflow,ESTAT:GOV_10A_EXP(1.0),General government expenditure by function (COFOG),A,Annual,PC_GDP,Percentage of gross domestic product (GDP),S13,General government,TOTAL,Total,D62_D632,Social benefits other than social transfers in kind and social transfers in kind - purchased market production,RO,Romania,2009,,12.7,,,,,
dataflow,ESTAT:GOV_10A_EXP(1.0),General government expenditure by function (COFOG),A,Annual,PC_GDP,Percentage of gross domestic product (GDP),S13,General government,TOTAL,Total,D62_D632,Social benefits other than social transfers in kind and social transfers in kind - purchased market production,RO,Romania,2010,,13.6,,,,,
dataflow,ESTAT:GOV_10A_EXP(1.0),General government expenditure by function (COFOG),A,Annual,PC_GDP,Percentage of gross domestic product (GDP),S13,General government,TOTAL,Total,D62_D632,Social benefits other than social transfers in kind and social transfers in kind - purchased market production,RO,Romania,2011,,12.6,,,,,
dataflow,ESTAT:GOV_10A_EXP(1.0),General government expenditure by function (COFOG),A,Annual,PC_GDP,Percentage of gross domestic product (GDP),S13,General government,TOTAL,Total,D62_D632,Social benefits other than social transfers in kind and social transfers in kind - purchased market production,RO,Romania,2012,,11.6,,,,,
dataflow,ESTAT:GOV_10A_EXP(1.0),General government expenditure by function (COFOG),A,Annual,PC_GDP,Percentage of gross domestic product (GDP),S13,General government,TOTAL,Total,D62_D632,Social benefits other than social transfers in kind and social transfers in kind - purchased market production,RO,Romania,2013,,11.8,,,,,
dataflow,ESTAT:GOV_10A_EXP(1.0),General government expenditure by function (COFOG),A,Annual,PC_GDP,Percentage of gross domestic product (GDP),S13,General government,TOTAL,Total,D62_D632,Social benefits other than social transfers in kind and social transfers in kind - purchased market production,RO,Romania,2014,,11.5,,,,,
dataflow,ESTAT:GOV_10A_EXP(1.0),General government expenditure by function (COFOG),A,Annual,PC_GDP,Percentage of gross domestic product (GDP),S13,General government,TOTAL,Total,D62_D632,Social benefits other than social transfers in kind and social transfers in kind - purchased market production,RO,Romania,2015,,11.5,,,,,
dataflow,ESTAT:GOV_10A_EXP(1.0),General government expenditure by function (COFOG),A,Annual,PC_GDP,Percentage of gross domestic product (GDP),S13,General government,TOTAL,Total,D62_D632,Social benefits other than social transfers in kind and social transfers in kind - purchased market production,RO,Romania,2016,,11.7,,,,,
dataflow,ESTAT:GOV_10A_EXP(1.0),General government expenditure by function (COFOG),A,Annual,PC_GDP,Percentage of gross domestic product (GDP),S13,General government,TOTAL,Total,D62_D632,Social benefits other than social transfers in kind and social transfers in kind - purchased market production,RO,Romania,2017,,11.7,,,,,
dataflow,ESTAT:GOV_10A_EXP(1.0),General government expenditure by function (COFOG),A,Annual,PC_GDP,Percentage of gross domestic product (GDP),S13,General government,TOTAL,Total,D62_D632,Social benefits other than social transfers in kind and social transfers in kind - purchased market production,RO,Romania,2018,,11.5,,,,,
dataflow,ESTAT:GOV_10A_EXP(1.0),General government expenditure by function (COFOG),A,Annual,PC_GDP,Percentage of gross domestic product (GDP),S13,General government,TOTAL,Total,D62_D632,Social benefits other than social transfers in kind and social transfers in kind - purchased market production,RO,Romania,2019,,11.8,,,,,
dataflow,ESTAT:GOV_10A_EXP(1.0),General government expenditure by function (COFOG),A,Annual,PC_GDP,Percentage of gross domestic product (GDP),S13,General government,TOTAL,Total,D62_D632,Social benefits other than social transfers in kind and social transfers in kind - purchased market production,RO,Romania,2020,,13.3,,,,,
dataflow,ESTAT:GOV_10A_EXP(1.0),General government expenditure by function (COFOG),A,Annual,PC_GDP,Percentage of gross domestic product (GDP),S13,General government,TOTAL,Total,D62_D632,Social benefits other than social transfers in kind and social transfers in kind - purchased market production,SE,Sweden,1995,,19.0,,,,,
dataflow,ESTAT:GOV_10A_EXP(1.0),General government expenditure by function (COFOG),A,Annual,PC_GDP,Percentage of gross domestic product (GDP),S13,General government,TOTAL,Total,D62_D632,Social benefits other than social transfers in kind and social transfers in kind - purchased market production,SE,Sweden,1996,,18.3,,,,,
dataflow,ESTAT:GOV_10A_EXP(1.0),General government expenditure by function (COFOG),A,Annual,PC_GDP,Percentage of gross domestic product (GDP),S13,General government,TOTAL,Total,D62_D632,Social benefits other than social transfers in kind and social transfers in kind - purchased market production,SE,Sweden,1997,,17.5,,,,,
dataflow,ESTAT:GOV_10A_EXP(1.0),General government expenditure by function (COFOG),A,Annual,PC_GDP,Percentage of gross domestic product (GDP),S13,General government,TOTAL,Total,D62_D632,Social benefits other than social transfers in kind and social transfers in kind - purchased market production,SE,Sweden,1998,,17.5,,,,,
dataflow,ESTAT:GOV_10A_EXP(1.0),General government expenditure by function (COFOG),A,Annual,PC_GDP,Percentage of gross domestic product (GDP),S13,General government,TOTAL,Total,D62_D632,Social benefits other than social transfers in kind and social transfers in kind - purchased market production,SE,Sweden,1999,,17.4,,,,,
dataflow,ESTAT:GOV_10A_EXP(1.0),General government expenditure by function (COFOG),A,Annual,PC_GDP,Percentage of gross domestic product (GDP),S13,General government,TOTAL,Total,D62_D632,Social benefits other than social transfers in kind and social transfers in kind - purchased market production,SE,Sweden,2000,,17.0,,,,,
dataflow,ESTAT:GOV_10A_EXP(1.0),General government expenditure by function (COFOG),A,Annual,PC_GDP,Percentage of gross domestic product (GDP),S13,General government,TOTAL,Total,D62_D632,Social benefits other than social transfers in kind and social transfers in kind - purchased market production,SE,Sweden,2001,,17.2,,,,,
dataflow,ESTAT:GOV_10A_EXP(1.0),General government expenditure by function (COFOG),A,Annual,PC_GDP,Percentage of gross domestic product (GDP),S13,General government,TOTAL,Total,D62_D632,Social benefits other than social transfers in kind and social transfers in kind - purchased market production,SE,Sweden,2002,,17.6,,,,,
dataflow,ESTAT:GOV_10A_EXP(1.0),General government expenditure by function (COFOG),A,Annual,PC_GDP,Percentage of gross domestic product (GDP),S13,General government,TOTAL,Total,D62_D632,Social benefits other than social transfers in kind and social transfers in kind - purchased market production,SE,Sweden,2003,,18.2,,,,,
dataflow,ESTAT:GOV_10A_EXP(1.0),General government expenditure by function (COFOG),A,Annual,PC_GDP,Percentage of gross domestic product (GDP),S13,General government,TOTAL,Total,D62_D632,Social benefits other than social transfers in kind and social transfers in kind - purchased market production,SE,Sweden,2004,,17.7,,,,,
dataflow,ESTAT:GOV_10A_EXP(1.0),General government expenditure by function (COFOG),A,Annual,PC_GDP,Percentage of gross domestic product (GDP),S13,General government,TOTAL,Total,D62_D632,Social benefits other than social transfers in kind and social transfers in kind - purchased market production,SE,Sweden,2005,,17.5,,,,,
dataflow,ESTAT:GOV_10A_EXP(1.0),General government expenditure by function (COFOG),A,Annual,PC_GDP,Percentage of gross domestic product (GDP),S13,General government,TOTAL,Total,D62_D632,Social benefits other than social transfers in kind and social transfers in kind - purchased market production,SE,Sweden,2006,,16.9,,,,,
dataflow,ESTAT:GOV_10A_EXP(1.0),General government expenditure by function (COFOG),A,Annual,PC_GDP,Percentage of gross domestic product (GDP),S13,General government,TOTAL,Total,D62_D632,Social benefits other than social transfers in kind and social transfers in kind - purchased market production,SE,Sweden,2007,,16.1,,,,,
dataflow,ESTAT:GOV_10A_EXP(1.0),General government expenditure by function (COFOG),A,Annual,PC_GDP,Percentage of gross domestic product (GDP),S13,General government,TOTAL,Total,D62_D632,Social benefits other than social transfers in kind and social transfers in kind - purchased market production,SE,Sweden,2008,,16.3,,,,,
dataflow,ESTAT:GOV_10A_EXP(1.0),General government expenditure by function (COFOG),A,Annual,PC_GDP,Percentage of gross domestic product (GDP),S13,General government,TOTAL,Total,D62_D632,Social benefits other than social transfers in kind and social transfers in kind - purchased market production,SE,Sweden,2009,,17.8,,,,,
dataflow,ESTAT:GOV_10A_EXP(1.0),General government expenditure by function (COFOG),A,Annual,PC_GDP,Percentage of gross domestic product (GDP),S13,General government,TOTAL,Total,D62_D632,Social benefits other than social transfers in kind and social transfers in kind - purchased market production,SE,Sweden,2010,,17.0,,,,,
dataflow,ESTAT:GOV_10A_EXP(1.0),General government expenditure by function (COFOG),A,Annual,PC_GDP,Percentage of gross domestic product (GDP),S13,General government,TOTAL,Total,D62_D632,Social benefits other than social transfers in kind and social transfers in kind - purchased market production,SE,Sweden,2011,,16.5,,,,,
dataflow,ESTAT:GOV_10A_EXP(1.0),General government expenditure by function (COFOG),A,Annual,PC_GDP,Percentage of gross domestic product (GDP),S13,General government,TOTAL,Total,D62_D632,Social benefits other than social transfers in kind and social transfers in kind - purchased market production,SE,Sweden,2012,,17.2,,,,,
dataflow,ESTAT:GOV_10A_EXP(1.0),General government expenditure by function (COFOG),A,Annual,PC_GDP,Percentage of gross domestic product (GDP),S13,General government,TOTAL,Total,D62_D632,Social benefits other than social transfers in kind and social transfers in kind - purchased market production,SE,Sweden,2013,,17.6,,,,,
dataflow,ESTAT:GOV_10A_EXP(1.0),General government expenditure by function (COFOG),A,Annual,PC_GDP,Percentage of gross domestic product (GDP),S13,General government,TOTAL,Total,D62_D632,Social benefits other than social transfers in kind and social transfers in kind - purchased market production,SE,Sweden,2014,,17.3,,,,,
dataflow,ESTAT:GOV_10A_EXP(1.0),General government expenditure by function (COFOG),A,Annual,PC_GDP,Percentage of gross domestic product (GDP),S13,General government,TOTAL,Total,D62_D632,Social benefits other than social transfers in kind and social transfers in kind - purchased market production,SE,Sweden,2015,,16.9,,,,,
dataflow,ESTAT:GOV_10A_EXP(1.0),General government expenditure by function (COFOG),A,Annual,PC_GDP,Percentage of gross domestic product (GDP),S13,General government,TOTAL,Total,D62_D632,Social benefits other than social transfers in kind and social transfers in kind - purchased market production,SE,Sweden,2016,,17.0,,,,,
dataflow,ESTAT:GOV_10A_EXP(1.0),General government expenditure by function (COFOG),A,Annual,PC_GDP,Percentage of gross domestic product (GDP),S13,General government,TOTAL,Total,D62_D632,Social benefits other than social transfers in kind and social transfers in kind - purchased market production,SE,Sweden,2017,,16.6,,,,,
dataflow,ESTAT:GOV_10A_EXP(1.0),General government expenditure by function (COFOG),A,Annual,PC_GDP,Percentage of gross domestic product (GDP),S13,General government,TOTAL,Total,D62_D632,Social benefits other than social transfers in kind and social transfers in kind - purchased market production,SE,Sweden,2018,,16.3,,,,,
dataflow,ESTAT:GOV_10A_EXP(1.0),General government expenditure by function (COFOG),A,Annual,PC_GDP,Percentage of gross domestic product (GDP),S13,General government,TOTAL,Total,D62_D632,Social benefits other than social transfers in kind and social transfers in kind - purchased market production,SE,Sweden,2019,,15.8,,,,,
dataflow,ESTAT:GOV_10A_EXP(1.0),General government expenditure by function (COFOG),A,Annual,PC_GDP,Percentage of gross domestic product (GDP),S13,General government,TOTAL,Total,D62_D632,Social benefits other than social transfers in kind and social transfers in kind - purchased market production,SE,Sweden,2020,,16.4,,,,,
dataflow,ESTAT:GOV_10A_EXP(1.0),General government expenditure by function (COFOG),A,Annual,PC_GDP,Percentage of gross domestic product (GDP),S13,General government,TOTAL,Total,D62_D632,Social benefits other than social transfers in kind and social transfers in kind - purchased market production,SI,Slovenia,1995,,18.1,,,,,
dataflow,ESTAT:GOV_10A_EXP(1.0),General government expenditure by function (COFOG),A,Annual,PC_GDP,Percentage of gross domestic product (GDP),S13,General government,TOTAL,Total,D62_D632,Social benefits other than social transfers in kind and social transfers in kind - purchased market production,SI,Slovenia,1996,,18.0,,,,,
dataflow,ESTAT:GOV_10A_EXP(1.0),General government expenditure by function (COFOG),A,Annual,PC_GDP,Percentage of gross domestic product (GDP),S13,General government,TOTAL,Total,D62_D632,Social benefits other than social transfers in kind and social transfers in kind - purchased market production,SI,Slovenia,1997,,18.4,,,,,
dataflow,ESTAT:GOV_10A_EXP(1.0),General government expenditure by function (COFOG),A,Annual,PC_GDP,Percentage of gross domestic product (GDP),S13,General government,TOTAL,Total,D62_D632,Social benefits other than social transfers in kind and social transfers in kind - purchased market production,SI,Slovenia,1998,,18.6,,,,,
dataflow,ESTAT:GOV_10A_EXP(1.0),General government expenditure by function (COFOG),A,Annual,PC_GDP,Percentage of gross domestic product (GDP),S13,General government,TOTAL,Total,D62_D632,Social benefits other than social transfers in kind and social transfers in kind - purchased market production,SI,Slovenia,1999,,18.5,,,,,
dataflow,ESTAT:GOV_10A_EXP(1.0),General government expenditure by function (COFOG),A,Annual,PC_GDP,Percentage of gross domestic product (GDP),S13,General government,TOTAL,Total,D62_D632,Social benefits other than social transfers in kind and social transfers in kind - purchased market production,SI,Slovenia,2000,,19.0,,,,,
dataflow,ESTAT:GOV_10A_EXP(1.0),General government expenditure by function (COFOG),A,Annual,PC_GDP,Percentage of gross domestic product (GDP),S13,General government,TOTAL,Total,D62_D632,Social benefits other than social transfers in kind and social transfers in kind - purchased market production,SI,Slovenia,2001,,19.0,,,,,
dataflow,ESTAT:GOV_10A_EXP(1.0),General government expenditure by function (COFOG),A,Annual,PC_GDP,Percentage of gross domestic product (GDP),S13,General government,TOTAL,Total,D62_D632,Social benefits other than social transfers in kind and social transfers in kind - purchased market production,SI,Slovenia,2002,,19.1,,,,,
dataflow,ESTAT:GOV_10A_EXP(1.0),General government expenditure by function (COFOG),A,Annual,PC_GDP,Percentage of gross domestic product (GDP),S13,General government,TOTAL,Total,D62_D632,Social benefits other than social transfers in kind and social transfers in kind - purchased market production,SI,Slovenia,2003,,19.0,,,,,
dataflow,ESTAT:GOV_10A_EXP(1.0),General government expenditure by function (COFOG),A,Annual,PC_GDP,Percentage of gross domestic product (GDP),S13,General government,TOTAL,Total,D62_D632,Social benefits other than social transfers in kind and social transfers in kind - purchased market production,SI,Slovenia,2004,,18.8,,,,,
dataflow,ESTAT:GOV_10A_EXP(1.0),General government expenditure by function (COFOG),A,Annual,PC_GDP,Percentage of gross domestic product (GDP),S13,General government,TOTAL,Total,D62_D632,Social benefits other than social transfers in kind and social transfers in kind - purchased market production,SI,Slovenia,2005,,18.9,,,,,
dataflow,ESTAT:GOV_10A_EXP(1.0),General government expenditure by function (COFOG),A,Annual,PC_GDP,Percentage of gross domestic product (GDP),S13,General government,TOTAL,Total,D62_D632,Social benefits other than social transfers in kind and social transfers in kind - purchased market production,SI,Slovenia,2006,,18.3,,,,,
dataflow,ESTAT:GOV_10A_EXP(1.0),General government expenditure by function (COFOG),A,Annual,PC_GDP,Percentage of gross domestic product (GDP),S13,General government,TOTAL,Total,D62_D632,Social benefits other than social transfers in kind and social transfers in kind - purchased market production,SI,Slovenia,2007,,17.1,,,,,
dataflow,ESTAT:GOV_10A_EXP(1.0),General government expenditure by function (COFOG),A,Annual,PC_GDP,Percentage of gross domestic product (GDP),S13,General government,TOTAL,Total,D62_D632,Social benefits other than social transfers in kind and social transfers in kind - purchased market production,SI,Slovenia,2008,,17.5,,,,,
dataflow,ESTAT:GOV_10A_EXP(1.0),General government expenditure by function (COFOG),A,Annual,PC_GDP,Percentage of gross domestic product (GDP),S13,General government,TOTAL,Total,D62_D632,Social benefits other than social transfers in kind and social transfers in kind - purchased market production,SI,Slovenia,2009,,19.6,,,,,
dataflow,ESTAT:GOV_10A_EXP(1.0),General government expenditure by function (COFOG),A,Annual,PC_GDP,Percentage of gross domestic product (GDP),S13,General government,TOTAL,Total,D62_D632,Social benefits other than social transfers in kind and social transfers in kind - purchased market production,SI,Slovenia,2010,,20.3,,,,,
dataflow,ESTAT:GOV_10A_EXP(1.0),General government expenditure by function (COFOG),A,Annual,PC_GDP,Percentage of gross domestic product (GDP),S13,General government,TOTAL,Total,D62_D632,Social benefits other than social transfers in kind and social transfers in kind - purchased market production,SI,Slovenia,2011,,20.6,,,,,
dataflow,ESTAT:GOV_10A_EXP(1.0),General government expenditure by function (COFOG),A,Annual,PC_GDP,Percentage of gross domestic product (GDP),S13,General government,TOTAL,Total,D62_D632,Social benefits other than social transfers in kind and social transfers in kind - purchased market production,SI,Slovenia,2012,,20.5,,,,,
dataflow,ESTAT:GOV_10A_EXP(1.0),General government expenditure by function (COFOG),A,Annual,PC_GDP,Percentage of gross domestic product (GDP),S13,General government,TOTAL,Total,D62_D632,Social benefits other than social transfers in kind and social transfers in kind - purchased market production,SI,Slovenia,2013,,20.5,,,,,
dataflow,ESTAT:GOV_10A_EXP(1.0),General government expenditure by function (COFOG),A,Annual,PC_GDP,Percentage of gross domestic product (GDP),S13,General government,TOTAL,Total,D62_D632,Social benefits other than social transfers in kind and social transfers in kind - purchased market production,SI,Slovenia,2014,,19.8,,,,,
dataflow,ESTAT:GOV_10A_EXP(1.0),General government expenditure by function (COFOG),A,Annual,PC_GDP,Percentage of gross domestic product (GDP),S13,General government,TOTAL,Total,D62_D632,Social benefits other than social transfers in kind and social transfers in kind - purchased market production,SI,Slovenia,2015,,19.4,,,,,
dataflow,ESTAT:GOV_10A_EXP(1.0),General government expenditure by function (COFOG),A,Annual,PC_GDP,Percentage of gross domestic product (GDP),S13,General government,TOTAL,Total,D62_D632,Social benefits other than social transfers in kind and social transfers in kind - purchased market production,SI,Slovenia,2016,,18.8,,,,,
dataflow,ESTAT:GOV_10A_EXP(1.0),General government expenditure by function (COFOG),A,Annual,PC_GDP,Percentage of gross domestic product (GDP),S13,General government,TOTAL,Total,D62_D632,Social benefits other than social transfers in kind and social transfers in kind - purchased market production,SI,Slovenia,2017,,18.2,,,,,
dataflow,ESTAT:GOV_10A_EXP(1.0),General government expenditure by function (COFOG),A,Annual,PC_GDP,Percentage of gross domestic product (GDP),S13,General government,TOTAL,Total,D62_D632,Social benefits other than social transfers in kind and social transfers in kind - purchased market production,SI,Slovenia,2018,,17.7,,,,,
dataflow,ESTAT:GOV_10A_EXP(1.0),General government expenditure by function (COFOG),A,Annual,PC_GDP,Percentage of gross domestic product (GDP),S13,General government,TOTAL,Total,D62_D632,Social benefits other than social transfers in kind and social transfers in kind - purchased market production,SI,Slovenia,2019,,17.6,,,,,
dataflow,ESTAT:GOV_10A_EXP(1.0),General government expenditure by function (COFOG),A,Annual,PC_GDP,Percentage of gross domestic product (GDP),S13,General government,TOTAL,Total,D62_D632,Social benefits other than social transfers in kind and social transfers in kind - purchased market production,SI,Slovenia,2020,,19.8,,,,,
dataflow,ESTAT:GOV_10A_EXP(1.0),General government expenditure by function (COFOG),A,Annual,PC_GDP,Percentage of gross domestic product (GDP),S13,General government,TOTAL,Total,D62_D632,Social benefits other than social transfers in kind and social transfers in kind - purchased market production,SK,Slovakia,1995,,13.9,,p,provisional,,
dataflow,ESTAT:GOV_10A_EXP(1.0),General government expenditure by function (COFOG),A,Annual,PC_GDP,Percentage of gross domestic product (GDP),S13,General government,TOTAL,Total,D62_D632,Social benefits other than social transfers in kind and social transfers in kind - purchased market production,SK,Slovakia,1996,,16.2,,p,provisional,,
dataflow,ESTAT:GOV_10A_EXP(1.0),General government expenditure by function (COFOG),A,Annual,PC_GDP,Percentage of gross domestic product (GDP),S13,General government,TOTAL,Total,D62_D632,Social benefits other than social transfers in kind and social transfers in kind - purchased market production,SK,Slovakia,1997,,15.7,,p,provisional,,
dataflow,ESTAT:GOV_10A_EXP(1.0),General government expenditure by function (COFOG),A,Annual,PC_GDP,Percentage of gross domestic product (GDP),S13,General government,TOTAL,Total,D62_D632,Social benefits other than social transfers in kind and social transfers in kind - purchased market production,SK,Slovakia,1998,,15.7,,p,provisional,,
dataflow,ESTAT:GOV_10A_EXP(1.0),General government expenditure by function (COFOG),A,Annual,PC_GDP,Percentage of gross domestic product (GDP),S13,General government,TOTAL,Total,D62_D632,Social benefits other than social transfers in kind and social transfers in kind - purchased market production,SK,Slovakia,1999,,16.5,,p,provisional,,
dataflow,ESTAT:GOV_10A_EXP(1.0),General government expenditure by function (COFOG),A,Annual,PC_GDP,Percentage of gross domestic product (GDP),S13,General government,TOTAL,Total,D62_D632,Social benefits other than social transfers in kind and social transfers in kind - purchased market production,SK,Slovakia,2000,,15.8,,p,provisional,,
dataflow,ESTAT:GOV_10A_EXP(1.0),General government expenditure by function (COFOG),A,Annual,PC_GDP,Percentage of gross domestic product (GDP),S13,General government,TOTAL,Total,D62_D632,Social benefits other than social transfers in kind and social transfers in kind - purchased market production,SK,Slovakia,2001,,15.9,,p,provisional,,
dataflow,ESTAT:GOV_10A_EXP(1.0),General government expenditure by function (COFOG),A,Annual,PC_GDP,Percentage of gross domestic product (GDP),S13,General government,TOTAL,Total,D62_D632,Social benefits other than social transfers in kind and social transfers in kind - purchased market production,SK,Slovakia,2002,,16.4,,p,provisional,,
dataflow,ESTAT:GOV_10A_EXP(1.0),General government expenditure by function (COFOG),A,Annual,PC_GDP,Percentage of gross domestic product (GDP),S13,General government,TOTAL,Total,D62_D632,Social benefits other than social transfers in kind and social transfers in kind - purchased market production,SK,Slovakia,2003,,15.2,,p,provisional,,
dataflow,ESTAT:GOV_10A_EXP(1.0),General government expenditure by function (COFOG),A,Annual,PC_GDP,Percentage of gross domestic product (GDP),S13,General government,TOTAL,Total,D62_D632,Social benefits other than social transfers in kind and social transfers in kind - purchased market production,SK,Slovakia,2004,,15.7,,p,provisional,,
dataflow,ESTAT:GOV_10A_EXP(1.0),General government expenditure by function (COFOG),A,Annual,PC_GDP,Percentage of gross domestic product (GDP),S13,General government,TOTAL,Total,D62_D632,Social benefits other than social transfers in kind and social transfers in kind - purchased market production,SK,Slovakia,2005,,17.1,,p,provisional,,
dataflow,ESTAT:GOV_10A_EXP(1.0),General government expenditure by function (COFOG),A,Annual,PC_GDP,Percentage of gross domestic product (GDP),S13,General government,TOTAL,Total,D62_D632,Social benefits other than social transfers in kind and social transfers in kind - purchased market production,SK,Slovakia,2006,,16.5,,p,provisional,,
dataflow,ESTAT:GOV_10A_EXP(1.0),General government expenditure by function (COFOG),A,Annual,PC_GDP,Percentage of gross domestic product (GDP),S13,General government,TOTAL,Total,D62_D632,Social benefits other than social transfers in kind and social transfers in kind - purchased market production,SK,Slovakia,2007,,16.2,,p,provisional,,
dataflow,ESTAT:GOV_10A_EXP(1.0),General government expenditure by function (COFOG),A,Annual,PC_GDP,Percentage of gross domestic product (GDP),S13,General government,TOTAL,Total,D62_D632,Social benefits other than social transfers in kind and social transfers in kind - purchased market production,SK,Slovakia,2008,,16.3,,p,provisional,,
dataflow,ESTAT:GOV_10A_EXP(1.0),General government expenditure by function (COFOG),A,Annual,PC_GDP,Percentage of gross domestic product (GDP),S13,General government,TOTAL,Total,D62_D632,Social benefits other than social transfers in kind and social transfers in kind - purchased market production,SK,Slovakia,2009,,19.3,,p,provisional,,
dataflow,ESTAT:GOV_10A_EXP(1.0),General government expenditure by function (COFOG),A,Annual,PC_GDP,Percentage of gross domestic product (GDP),S13,General government,TOTAL,Total,D62_D632,Social benefits other than social transfers in kind and social transfers in kind - purchased market production,SK,Slovakia,2010,,17.8,,p,provisional,,
dataflow,ESTAT:GOV_10A_EXP(1.0),General government expenditure by function (COFOG),A,Annual,PC_GDP,Percentage of gross domestic product (GDP),S13,General government,TOTAL,Total,D62_D632,Social benefits other than social transfers in kind and social transfers in kind - purchased market production,SK,Slovakia,2011,,17.1,,p,provisional,,
dataflow,ESTAT:GOV_10A_EXP(1.0),General government expenditure by function (COFOG),A,Annual,PC_GDP,Percentage of gross domestic product (GDP),S13,General government,TOTAL,Total,D62_D632,Social benefits other than social transfers in kind and social transfers in kind - purchased market production,SK,Slovakia,2012,,17.2,,p,provisional,,
dataflow,ESTAT:GOV_10A_EXP(1.0),General government expenditure by function (COFOG),A,Annual,PC_GDP,Percentage of gross domestic product (GDP),S13,General government,TOTAL,Total,D62_D632,Social benefits other than social transfers in kind and social transfers in kind - purchased market production,SK,Slovakia,2013,,17.2,,p,provisional,,
dataflow,ESTAT:GOV_10A_EXP(1.0),General government expenditure by function (COFOG),A,Annual,PC_GDP,Percentage of gross domestic product (GDP),S13,General government,TOTAL,Total,D62_D632,Social benefits other than social transfers in kind and social transfers in kind - purchased market production,SK,Slovakia,2014,,17.4,,p,provisional,,
dataflow,ESTAT:GOV_10A_EXP(1.0),General government expenditure by function (COFOG),A,Annual,PC_GDP,Percentage of gross domestic product (GDP),S13,General government,TOTAL,Total,D62_D632,Social benefits other than social transfers in kind and social transfers in kind - purchased market production,SK,Slovakia,2015,,17.0,,p,provisional,,
dataflow,ESTAT:GOV_10A_EXP(1.0),General government expenditure by function (COFOG),A,Annual,PC_GDP,Percentage of gross domestic product (GDP),S13,General government,TOTAL,Total,D62_D632,Social benefits other than social transfers in kind and social transfers in kind - purchased market production,SK,Slovakia,2016,,17.3,,p,provisional,,
dataflow,ESTAT:GOV_10A_EXP(1.0),General government expenditure by function (COFOG),A,Annual,PC_GDP,Percentage of gross domestic product (GDP),S13,General government,TOTAL,Total,D62_D632,Social benefits other than social transfers in kind and social transfers in kind - purchased market production,SK,Slovakia,2017,,16.8,,p,provisional,,
dataflow,ESTAT:GOV_10A_EXP(1.0),General government expenditure by function (COFOG),A,Annual,PC_GDP,Percentage of gross domestic product (GDP),S13,General government,TOTAL,Total,D62_D632,Social benefits other than social transfers in kind and social transfers in kind - purchased market production,SK,Slovakia,2018,,16.4,,p,provisional,,
dataflow,ESTAT:GOV_10A_EXP(1.0),General government expenditure by function (COFOG),A,Annual,PC_GDP,Percentage of gross domestic product (GDP),S13,General government,TOTAL,Total,D62_D632,Social benefits other than social transfers in kind and social transfers in kind - purchased market production,SK,Slovakia,2019,,16.7,,p,provisional,,
dataflow,ESTAT:GOV_10A_EXP(1.0),General government expenditure by function (COFOG),A,Annual,PC_GDP,Percentage of gross domestic product (GDP),S13,General government,TOTAL,Total,D62_D632,Social benefits other than social transfers in kind and social transfers in kind - purchased market production,SK,Slovakia,2020,,17.8,,p,provisional,,
